neighbors	src	gold	pred	neighbor_src	neighbor_out	neighbor_gold	analogy	matches_pred	matches_gold	class_gold	class_pred	class_neighbor
model_sep	s iː	s ɔ	s iː d	s ɔ	s ɔ d	s ɔ d	s iː d	1	0	vowel_change	reg_d	reg_d
model_sep	ɡ ɛ t	ɡ ɑː t	ɡ ɛ t	ɡ l uː	ɡ l uː d	ɡ l uː d	ɡ ɛ t d	0	0	vowel_change	no_change	reg_d
model_sep	n ɑː k	n ɑː k t	n ɑː k t	n o ʊ	n uː	n uː	NA	0	0	reg_t	reg_t	vowel_change
model_sep	θ ɪ ŋ k	θ ɔ t	θ ɪ ŋ k t	θ æ ŋ k	θ æ ŋ k t	θ æ ŋ k t	θ ɪ ŋ k t	1	0	rhyme_replaced	reg_t	reg_t
model_sep	k l iː n	k l iː n d	k l iː n d	k r iː m	k r iː m d	k r iː m d	k l iː n d	1	1	reg_d	reg_d	reg_d
model_sep	b ɪ l iː v	b ɪ l iː v d	b ɪ l iː v d	b ɪ l ɔ ŋ	b ɪ l ɔ ŋ d	b ɪ l ɔ ŋ d	b ɪ l iː v d	1	1	reg_d	reg_d	reg_d
model_sep	ɡ ɪ v	ɡ e ɪ v	ɡ ɪ v d	ɡ l uː	ɡ l uː d	ɡ l uː d	ɡ ɪ v d	1	0	vowel_change	reg_d	reg_d
model_sep	t e ɪ k	t ʊ k	t e ɪ k t	t ɛ s t	t ɛ s t ə d	t ɛ s t ə d	t e ɪ k ə d	0	0	vowel_change	reg_t	reg_əd
model_sep	s t æ n d	s t ʊ d	s t æ n t ə d	s n ɔ r t	s n ɔ r t ə d	s n ɔ r t ə d	s t æ n d ə d	0	0	rhyme_replaced	other	reg_əd
model_sep	j ɛ l	j ɛ l d	j ɛ l d	j ɔ n	j ɔ n d	j ɔ n d	j ɛ l d	1	1	reg_d	reg_d	reg_d
model_sep	f ɪ k s	f ɪ k s t	f ɪ k s t	f e ɪ l	f e ɪ l d	f e ɪ l d	f ɪ k s d	0	0	reg_t	reg_t	reg_d
model_sep	k l æ p	k l æ p t	k l æ p t	k æ m p	k æ m p t	k æ m p t	k l æ p t	1	1	reg_t	reg_t	reg_t
model_sep	r a ɪ m	r a ɪ m d	r o ʊ m	r a ɪ d	r o ʊ d	r o ʊ d	NA	0	0	reg_d	vowel_change	vowel_change
model_sep	t ɛ l	t o ʊ l d	t ɛ l d	t iː m	t ɔ m d	t iː m d	NA	0	0	vowel_change_suffix	reg_d	vowel_change_suffix
model_sep	f ɔ l	f ɛ l	f ɔ l d	f uː l	f uː l d	f uː l d	f ɔ l d	1	0	vowel_change	reg_d	reg_d
model_sep	r o ʊ l	r o ʊ l d	r o ʊ l d	r ɛ n t	r ɛ n t ə d	r ɛ n t ə d	r o ʊ l ə d	0	0	reg_d	reg_d	reg_əd
model_sep	k uː l	k uː l d	k uː l d	k ɹ̩ l	k ɹ̩ l d	k ɹ̩ l d	k uː l d	1	1	reg_d	reg_d	reg_d
model_sep	s ɪ ŋ	s æ ŋ	s æ ŋ	s iː t	s iː t ə d	s iː t ə d	s ɪ ŋ ə d	0	0	vowel_change	vowel_change	reg_əd
model_sep	h o ʊ l d	h ɛ l d	h o ʊ l d	h æ p ə n	h æ p ə n d	h æ p ə n d	h o ʊ l d d	0	0	vowel_change	no_change	reg_d
model_sep	d r ɛ s	d r ɛ s t	d r ɛ s t	d r ɪ l	d r ɪ l d	d r ɪ l d	d r ɛ s d	0	0	reg_t	reg_t	reg_d
model_sep	w e ɪ k	w o ʊ k	w e ɪ k t	w e ɪ v	w e ɪ v d	w e ɪ v d	w e ɪ k d	0	0	vowel_change	reg_t	reg_d
model_sep	m uː v	m uː v d	m uː v d	m iː t	m ɛ t	m ɛ t	NA	0	0	reg_d	reg_d	vowel_change
model_sep	b ɪ l d	b ɪ l t	b ɪ l d ə d	b l ɑː k	b l ɑː k t	b l ɑː k t	b ɪ l d t	0	0	coda_change	reg_əd	reg_t
model_sep	p uː p	p uː p t	p uː p t	p ɑː p	p ɑː p t	p ɑː p t	p uː p t	1	1	reg_t	reg_t	reg_t
model_sep	k ɛ r	k ɛ r d	k ɛ r d	k ɹ̩ l	k ɹ̩ l d	k ɹ̩ l d	k ɛ r d	1	1	reg_d	reg_d	reg_d
model_sep	b ɛ r iː	b ɛ r iː d	b ɛ r iː d	b ɪ z iː	b ɪ z iː d	b ɪ z iː d	b ɛ r iː d	1	1	reg_d	reg_d	reg_d
model_sep	p æ n t	p æ n t ə d	p æ n t ə d	p ʌ n t͡ʃ	p ʌ n t͡ʃ t	p ʌ n t͡ʃ t	p æ n t t	0	0	reg_əd	reg_əd	reg_t
model_sep	t ʌ k	t ʌ k t	t ʌ k t	t ɔ k	t ɔ k t	t ɔ k t	t ʌ k t	1	1	reg_t	reg_t	reg_t
model_sep	b ɑː ð ɹ̩	b ɑː ð ɹ̩ d	b ɑː r ɹ̩ d	b ʊ t͡ʃ ɹ̩	b ʊ t͡ʃ ɹ̩ d	b ʊ t͡ʃ ɹ̩ d	b ɑː ð ɹ̩ d	0	1	reg_d	other	reg_d
model_sep	ɛ ɡ z ɪ t	ɛ ɡ z ɪ t ə d	ɛ z ɪ z t ə d	ɛ m p t iː	ɛ m p t iː d	ɛ m p t iː d	ɛ ɡ z ɪ t d	0	0	reg_əd	other	reg_d
model_sep	s t e ɪ	s t e ɪ d	s t e ɪ d	s t ɪ l	s t ɪ l d	s t ɪ l d	s t e ɪ d	1	1	reg_d	reg_d	reg_d
model_sep	w ʌ n d ɹ̩	w ʌ n d ɹ̩ d	w ʌ n d ɹ̩ d	w ɪ n t ɹ̩	w ɪ n t ɹ̩ d	w ɪ n t ɹ̩ d	w ʌ n d ɹ̩ d	1	1	reg_d	reg_d	reg_d
model_sep	d ɪ p	d ɪ p t	d ɪ p t	d ɑː t	d ɑː t ə d	d ɑː t ə d	d ɪ p ə d	0	0	reg_t	reg_t	reg_əd
model_sep	h ʌ ɡ	h ʌ ɡ d	h ʌ ɡ d	h æ ŋ	h æ ŋ	h ʌ ŋ	h ʌ ɡ	0	0	reg_d	reg_d	no_change
model_sep	v ɔ ɪ s	v ɔ ɪ s t	v ɔ ɪ s t	v ɪ z ɪ t	v ɪ z ɪ t ə d	v ɪ z ɪ t ə d	v ɔ ɪ s ə d	0	0	reg_t	reg_t	reg_əd
model_sep	ə t æ t͡ʃ	ə t æ t͡ʃ t	ə t æ t͡ʃ t	ə t æ k	ə t æ k t	ə t æ k t	ə t æ t͡ʃ t	1	1	reg_t	reg_t	reg_t
model_sep	s m ɛ l	s m ɛ l d	s m ɛ l d	s k ɛ r	s k ɛ r d	s k ɛ r d	s m ɛ l d	1	1	reg_d	reg_d	reg_d
model_sep	f ɪ n ɪ ʃ	f ɪ n ɪ ʃ t	f ɪ n	f ɑː l o ʊ	f ɑː l o ʊ d	f ɑː l o ʊ d	f ɪ n ɪ ʃ d	0	0	reg_t	other	reg_d
model_sep	t r ɑː t	t r ɑː t ə d	t r ɑː t ə d	t r æ k	t r æ k t	t r æ k t	t r ɑː t t	0	0	reg_əd	reg_əd	reg_t
model_sep	b l ɛ s	b l ɛ s t	b l ɛ s t	b l ɑː k	b l ɑː k t	b l ɑː k t	b l ɛ s t	1	1	reg_t	reg_t	reg_t
model_sep	l ɛ d	l ɛ d ə d	l ɛ d ə d	l ɛ t	l ɛ t	l ɛ t	l ɛ d	0	0	reg_əd	reg_əd	no_change
model_sep	p r ɛ s	p r ɛ s t	p r ɛ s t	p r uː v	p r uː v d	p r uː v d	p r ɛ s d	0	0	reg_t	reg_t	reg_d
model_sep	ə n z ɪ p	ə n z ɪ p t	ə n z ɪ p t	ə d ɑː p t	ə d ɑː p t ə d	ə d ɑː p t ə d	ə n z ɪ p ə d	0	0	reg_t	reg_t	reg_əd
model_sep	f ɪ l t ɹ̩	f ɪ l t ɹ̩ d	f ɪ l t ɹ̩ d	f ɑː l o ʊ	f ɑː l o ʊ d	f ɑː l o ʊ d	f ɪ l t ɹ̩ d	1	1	reg_d	reg_d	reg_d
model_sep	ʃ e ɪ v	ʃ e ɪ v d	ʃ e ɪ v d	ʃ e ɪ k	ʃ e ɪ k t	ʃ ʊ k	ʃ e ɪ v t	0	0	reg_d	reg_d	reg_t
model_sep	k ɑː s t	k ɑː s t	k ɑː s t ə d	k e ɪ k	k e ɪ k t	k e ɪ k t	k ɑː s t t	0	0	no_change	reg_əd	reg_t
model_sep	b r ʌ ʃ	b r ʌ ʃ t	b r ʌ ʃ t	b r ɪ d͡ʒ	b r ɪ d͡ʒ d	b r ɪ d͡ʒ d	b r ʌ ʃ d	0	0	reg_t	reg_t	reg_d
model_sep	l æ n d	l æ n d ə d	l æ n d ə d	l ʌ n t͡ʃ	l ʌ n t͡ʃ t	l ʌ n t͡ʃ t	l æ n d t	0	0	reg_əd	reg_əd	reg_t
model_sep	s t ɛ p	s t ɛ p t	s t ɛ p t	s t ɑː p	s t ɑː p t	s t ɑː p t	s t ɛ p t	1	1	reg_t	reg_t	reg_t
model_sep	m ɪ l k	m ɪ l k t	m ɪ l k t	m ɪ k s	m ɪ k s t	m ɪ k s t	m ɪ l k t	1	1	reg_t	reg_t	reg_t
model_sep	b ɛ s t	b ɛ s t ə d	b ɛ s t ə d	b e ɪ ð	b e ɪ ð d	b e ɪ ð d	b ɛ s t d	0	0	reg_əd	reg_əd	reg_d
model_sep	m a ɪ n d	m a ɪ n d ə d	m a ʊ n d	m ɛ n ʃ ə n	m ɛ n ʃ ə n d	m ɛ n ʃ ə n d	m a ɪ n d d	0	0	reg_əd	vowel_change	reg_d
model_sep	w a ɪ t	w a ɪ t ə d	w a ɪ t	w a ɪ p	w a ɪ p t	w a ɪ p t	w a ɪ t t	0	0	reg_əd	no_change	reg_t
model_sep	m æ k s	m æ k s t	m æ k s t	m æ s k	m æ s k t	m æ s k t	m æ k s t	1	1	reg_t	reg_t	reg_t
model_sep	r iː t͡ʃ	r iː t͡ʃ t	r iː t͡ʃ t	r ʌ ʃ	r ʌ ʃ t	r ʌ ʃ t	r iː t͡ʃ t	1	1	reg_t	reg_t	reg_t
model_sep	h o ʊ p	h o ʊ p t	h o ʊ p t	h o ʊ l	h o ʊ l d	h o ʊ l d	h o ʊ p d	0	0	reg_t	reg_t	reg_d
model_sep	f o ʊ l d	f o ʊ l d ə d	f o ʊ l d	f æ s ə n	f æ s ə n d	f æ s ə n d	f o ʊ l d d	0	0	reg_əd	no_change	reg_d
model_sep	k l ɪ n t͡ʃ	k l ɪ n t͡ʃ t	k l ɪ n t͡ʃ t	k a ʊ n t	k a ʊ n t ə d	k a ʊ n t ə d	k l ɪ n t͡ʃ ə d	0	0	reg_t	reg_t	reg_əd
model_sep	t r ɪ k	t r ɪ k t	t r ɪ k t	t r æ k	t r æ k t	t r æ k t	t r ɪ k t	1	1	reg_t	reg_t	reg_t
model_sep	b ɛ n d	b ɛ n d ə d	b ɛ n d ə d	b æ n d	b æ n d ə d	b æ n d ə d	b ɛ n d ə d	1	1	reg_əd	reg_əd	reg_əd
model_sep	a ɪ d ɛ n t ə f a ɪ	a ɪ d ɛ n t ə f a ɪ d	a ʊ d	a ʊ t ɡ r o ʊ	a ʊ t ɡ r uː	a ʊ t ɡ r uː	NA	0	0	reg_d	other	vowel_change
model_sep	d͡ʒ ɔ ɪ n	d͡ʒ ɔ ɪ n d	d͡ʒ ɔ ɪ n d	d͡ʒ ʌ m p	d͡ʒ ʌ m p t	d͡ʒ ʌ m p t	d͡ʒ ɔ ɪ n t	0	0	reg_d	reg_d	reg_t
model_sep	k ə n f j uː z	k ə n f j uː z d	k ə f f j uː z d	k æ t ə l ɔ ɡ	k æ t ə l ɔ ɡ d	k æ t ə l ɔ ɡ d	k ə n f j uː z d	0	1	reg_d	other	reg_d
model_sep	b ɛ r	b o ʊ r	b ɛ r d	b ɑː r	b ɑː r d	b ɑː r d	b ɛ r d	1	0	vowel_change	reg_d	reg_d
model_sep	r ɛ s t	r ɛ s t ə d	r ɛ s t ə d	r ɛ n t	r ɛ n t ə d	r ɛ n t ə d	r ɛ s t ə d	1	1	reg_əd	reg_əd	reg_əd
model_sep	p iː	p iː d	p iː d	p æ d	p æ d ə d	p æ d ə d	p iː ə d	0	0	reg_d	reg_d	reg_əd
model_sep	ɡ r æ b	ɡ r æ b d	ɡ r æ b d	ɡ r ɪ l	ɡ r ɪ l d	ɡ r ɪ l d	ɡ r æ b d	1	1	reg_d	reg_d	reg_d
model_sep	ə p r o ʊ t͡ʃ	ə p r o ʊ t͡ʃ t	ə p r o ʊ t͡ʃ t	ə n a ʊ n s	ə n a ʊ n s t	ə n a ʊ n s t	ə p r o ʊ t͡ʃ t	1	1	reg_t	reg_t	reg_t
model_sep	p iː l	p iː l d	p iː l d	p iː k	p iː k t	p iː k t	p iː l t	0	0	reg_d	reg_d	reg_t
model_sep	m ɑː r t͡ʃ	m ɑː r t͡ʃ t	m ɑː r t͡ʃ t	m ɑː r k	m ɑː r k t	m ɑː r k t	m ɑː r t͡ʃ t	1	1	reg_t	reg_t	reg_t
model_sep	t æ k ə l	t æ k ə l d	t æ k ə l d	t ɪ k ə l	t ɪ k ə l d	t ɪ k ə l d	t æ k ə l d	1	1	reg_d	reg_d	reg_d
model_sep	d ɪ ɡ	d ʌ ɡ	d ɪ ɡ d	d ɔ ɡ	d ɔ ɡ d	d ɔ ɡ d	d ɪ ɡ d	1	0	vowel_change	reg_d	reg_d
model_sep	s ɛ t ə l	s ɛ t ə l d	s ɛ t ə l d	s t ɑː r t	s t ɑː r t ə d	s t ɑː r t ə d	s ɛ t ə l ə d	0	0	reg_d	reg_d	reg_əd
model_sep	ɪ ɡ n ɔ r	ɪ ɡ n ɔ r d	ɪ n ɔ n r d	ɪ r e ɪ s	ɪ r e ɪ s t	ɪ r e ɪ s t	ɪ ɡ n ɔ r t	0	0	reg_d	other	reg_t
model_sep	k ʌ v ɹ̩	k ʌ v ɹ̩ d	k ʌ v ɹ̩ d	k ʌ l ɹ̩	k ʌ l ɹ̩ d	k ʌ l ɹ̩ d	k ʌ v ɹ̩ d	1	1	reg_d	reg_d	reg_d
model_sep	r ɑː t	r ɑː t ə d	r ɑː t	r ɔ r	r ɔ r d	r ɔ r d	r ɑː t d	0	0	reg_əd	no_change	reg_d
model_sep	f l æ t ɹ̩	f l æ t ɹ̩ d	f l æ t ɹ̩ d	f ɑː l o ʊ	f ɑː l o ʊ d	f ɑː l o ʊ d	f l æ t ɹ̩ d	1	1	reg_d	reg_d	reg_d
model_sep	b ʌ b ə l	b ʌ b ə l d	b ʌ b ə l d	b æ b ə l	b æ b ə l d	b æ b ə l d	b ʌ b ə l d	1	1	reg_d	reg_d	reg_d
model_sep	k o ʊ ɑː p ɹ̩ e ɪ t	k o ʊ ɑː p ɹ̩ e ɪ t ə d	k ɑː p ɹ̩ e ɪ p j ə d	k ɹ̩ ɛ k t	k ɹ̩ ɛ k t ə d	k ɹ̩ ɛ k t ə d	k o ʊ ɑː p ɹ̩ e ɪ t ə d	0	1	reg_əd	other	reg_əd
model_sep	ɡ r iː n	ɡ r iː n d	ɡ r iː n d	ɡ r ɪ l	ɡ r ɪ l d	ɡ r ɪ l d	ɡ r iː n d	1	1	reg_d	reg_d	reg_d
model_sep	r e ɪ s	r e ɪ s t	r e ɪ s t	r e ɪ n	r e ɪ n d	r e ɪ n d	r e ɪ s d	0	0	reg_t	reg_t	reg_d
model_sep	d æ n s	d æ n s t	d æ n s t	d ʌ s t	d ʌ s t ə d	d ʌ s t ə d	d æ n s ə d	0	0	reg_t	reg_t	reg_əd
model_sep	p r ɑː d͡ʒ ɛ k t	p r ɑː d͡ʒ ɛ k t ə d	p r ɑː d͡ʒ ɛ k t ə d	p r iː t ɛ n d	p r iː t ɛ n d ə d	p r iː t ɛ n d ə d	p r ɑː d͡ʒ ɛ k t ə d	1	1	reg_əd	reg_əd	reg_əd
model_sep	b ɛ ɡ	b ɛ ɡ d	b ɛ ɡ d	b ʌ ɡ	b ʌ ɡ d	b ʌ ɡ d	b ɛ ɡ d	1	1	reg_d	reg_d	reg_d
model_sep	s ɹ̩ v ɪ s	s ɹ̩ v ɪ s t	s ɹ̩ v ɪ s t	s ɹ̩ k ə l	s ɹ̩ k ə l d	s ɹ̩ k ə l d	s ɹ̩ v ɪ s d	0	0	reg_t	reg_t	reg_d
model_sep	r ɛ p r ə z ɛ n t	r ɛ p r ə z ɛ n t ə d	r ɛ p r ɛ p ɛ r ə n d	r ɛ k ə ɡ n a ɪ z	r ɛ k ə ɡ n a ɪ z d	r ɛ k ə ɡ n a ɪ z d	r ɛ p r ə z ɛ n t d	0	0	reg_əd	other	reg_d
model_sep	ɪ m ɹ̩ d͡ʒ	ɪ m ɹ̩ d͡ʒ d	ɪ m ɹ̩ d͡ʒ d	ɪ r e ɪ s	ɪ r e ɪ s t	ɪ r e ɪ s t	ɪ m ɹ̩ d͡ʒ t	0	0	reg_d	reg_d	reg_t
model_sep	b ɔ ɪ l	b ɔ ɪ l d	b ɔ ɪ l d	b e ɪ k	b e ɪ k t	b e ɪ k t	b ɔ ɪ l t	0	0	reg_d	reg_d	reg_t
model_sep	p ɹ̩ f ɛ k t	p ɹ̩ f ɛ k t ə d	p ɹ̩ d	p r ɑː m ə s	p r ɑː m ə s t	p r ɑː m ə s t	p ɹ̩ f ɛ k t t	0	0	reg_əd	other	reg_t
model_sep	r a ɪ z	r o ʊ z	r o ʊ z d	r a ɪ t	r o ʊ t	r o ʊ t	NA	0	0	vowel_change	vowel_change_suffix	vowel_change
model_sep	s k r iː n	s k r iː n d	s k r iː n d	s k r iː m	s k r iː m d	s k r iː m d	s k r iː n d	1	1	reg_d	reg_d	reg_d
model_sep	t r e ɪ n	t r e ɪ n d	t r e ɪ n d	t r e ɪ s	t r e ɪ s t	t r e ɪ s t	t r e ɪ n t	0	0	reg_d	reg_d	reg_t
model_sep	s o ʊ	s o ʊ d	s o ʊ d	s ɹ̩ t͡ʃ	s ɹ̩ t͡ʃ t	s ɹ̩ t͡ʃ t	s o ʊ t	0	0	reg_d	reg_d	reg_t
model_sep	f e ɪ s	f e ɪ s t	f e ɪ s t	f e ɪ l	f e ɪ l d	f e ɪ l d	f e ɪ s d	0	0	reg_t	reg_t	reg_d
model_sep	s t ʌ d iː	s t ʌ d iː d	s t ʌ d	s k e ɪ t	s k e ɪ t ə d	s k e ɪ t ə d	s t ʌ d iː ə d	0	0	reg_d	other	reg_əd
model_sep	b l ɑː t	b l ɑː t ə d	b l ɑː t ə d	b l ɑː k	b l ɑː k t	b l ɑː k t	b l ɑː t t	0	0	reg_əd	reg_əd	reg_t
model_sep	m e ɪ l	m e ɪ l d	m e ɪ l d	m e ɪ k	m e ɪ d	m e ɪ d	NA	0	0	reg_d	reg_d	coda_change
model_sep	k l ɪ ŋ	k l ʌ ŋ	k l ɪ ŋ d	k w ɪ t	k w ɪ t	k w ɪ t	k l ɪ ŋ	0	0	vowel_change	reg_d	no_change
model_sep	p l ʌ ɡ	p l ʌ ɡ d	p l ʌ ɡ d	p l æ n	p l æ n d	p l æ n d	p l ʌ ɡ d	1	1	reg_d	reg_d	reg_d
model_sep	p r e ɪ	p r e ɪ d	p r e ɪ d	p l e ɪ	p l e ɪ d	p l e ɪ d	p r e ɪ d	1	1	reg_d	reg_d	reg_d
model_sep	f l o ʊ	f l o ʊ d	f l uː	f ɔ r s	f ɔ r s t	f ɔ r s t	f l o ʊ t	0	0	reg_d	vowel_change	reg_t
model_sep	r iː m a ɪ n d	r iː m a ɪ n d ə d	r iː a ɪ n d	r ɪ m ɛ m b ɹ̩	r ɪ m ɛ m b ɹ̩ d	r ɪ m ɛ m b ɹ̩ d	r iː m a ɪ n d d	0	0	reg_əd	other	reg_d
model_sep	ɛ l b o ʊ	ɛ l b o ʊ d	ɛ l o ʊ o ʊ d	ɛ n d͡ʒ ɔ ɪ	ɛ n d͡ʒ ɔ ɪ d	ɛ n d͡ʒ ɔ ɪ d	ɛ l b o ʊ d	0	1	reg_d	other	reg_d
model_sep	f r iː z	f r o ʊ z	f r iː z d	f r iː k	f r iː k t	f r iː k t	f r iː z t	0	0	vowel_change	reg_d	reg_t
model_sep	m ɪ m ɪ k	m ɪ m ɪ k t	m ɪ m ɪ k	m ɛ n ʃ ə n	m ɛ n ʃ ə n d	m ɛ n ʃ ə n d	m ɪ m ɪ k d	0	0	reg_t	no_change	reg_d
model_sep	w iː l	w iː l d	w iː l d	w ɑː ʃ	w ɑː ʃ t	w ɑː ʃ t	w iː l t	0	0	reg_d	reg_d	reg_t
model_sep	p ʌ m p	p ʌ m p t	p ʌ m p t	p ʌ n t͡ʃ	p ʌ n t͡ʃ t	p ʌ n t͡ʃ t	p ʌ m p t	1	1	reg_t	reg_t	reg_t
model_sep	ɪ k s p ɛ k t	ɪ k s p ɛ k t ə d	ɪ k s p ɛ k t ə d	ɪ k s k j uː z	ɪ k s k j uː z d	ɪ k s k j uː z d	ɪ k s p ɛ k t d	0	0	reg_əd	reg_əd	reg_d
model_sep	w a ɪ n d	w a ɪ n d ə d	w a ʊ n d	w e ɪ s t	w e ɪ s t ə d	w e ɪ s t ə d	w a ɪ n d ə d	0	1	reg_əd	vowel_change	reg_əd
model_sep	s k r ɪ b ə l	s k r ɪ b ə l d	s k r ɪ b ə b d	s t e ɪ ʃ ə n	s t e ɪ ʃ ə n d	s t e ɪ ʃ ə n d	s k r ɪ b ə l d	0	1	reg_d	coda_change	reg_d
model_sep	r ɪ s p ɑː n d	r ɪ s p ɑː n d ə d	r ɪ s p ɑː n d ə d	r ɪ m ɛ m b ɹ̩	r ɪ m ɛ m b ɹ̩ d	r ɪ m ɛ m b ɹ̩ d	r ɪ s p ɑː n d d	0	0	reg_əd	reg_əd	reg_d
model_sep	r e ɪ z	r e ɪ z d	r e ɪ z d	r e ɪ n	r e ɪ n d	r e ɪ n d	r e ɪ z d	1	1	reg_d	reg_d	reg_d
model_sep	ɡ ɪ ɡ ə l	ɡ ɪ ɡ ə l d	ɡ ɪ ɡ ə l d	ɡ r e ɪ z	ɡ r e ɪ z d	ɡ r e ɪ z d	ɡ ɪ ɡ ə l d	1	1	reg_d	reg_d	reg_d
model_sep	b ɑː r o ʊ	b ɑː r o ʊ d	b ɑː r o ʊ d	b r e ɪ k	b r o ʊ k	b r o ʊ k	NA	0	0	reg_d	reg_d	vowel_change
model_sep	s w ɑː l o ʊ	s w ɑː l o ʊ d	s w ɑː l o ʊ d	s n ɑː r ə l	s n ɑː r ə l d	s n ɑː r ə l d	s w ɑː l o ʊ d	1	1	reg_d	reg_d	reg_d
model_sep	d ɑː r n	d ɑː r n d	d ɑː r n d	d r æ ɡ	d r æ ɡ d	d r æ ɡ d	d ɑː r n d	1	1	reg_d	reg_d	reg_d
model_sep	k ɑː p iː	k ɑː p iː d	k ɑː p ɑː p	k ʌ l ɹ̩	k ʌ l ɹ̩ d	k ʌ l ɹ̩ d	k ɑː p iː d	0	1	reg_d	other	reg_d
model_sep	s k r e ɪ p	s k r e ɪ p t	s k r e ɪ p t	s t r a ɪ p	s t r a ɪ p t	s t r a ɪ p t	s k r e ɪ p t	1	1	reg_t	reg_t	reg_t
model_sep	h o ʊ m	h o ʊ m d	h o ʊ m d	h o ʊ l	h o ʊ l d	h o ʊ l d	h o ʊ m d	1	1	reg_d	reg_d	reg_d
model_sep	f r iː	f r iː d	f r iː d	f iː r	f ɛ r d	f iː r d	NA	0	0	reg_d	reg_d	vowel_change_suffix
model_sep	b r a ɪ t ə n	b r a ɪ t ə n d	b r a ɪ t ə n d	b l æ ŋ k ə t	b l æ ŋ k ə t ə d	b l æ ŋ k ə t ə d	b r a ɪ t ə n ə d	0	0	reg_d	reg_d	reg_əd
model_sep	ə r a ɪ v	ə r a ɪ v d	ə r a ɪ v d	ə d m ɪ t	ə d m ɪ t ə d	ə d m ɪ t ə d	ə r a ɪ v ə d	0	0	reg_d	reg_d	reg_əd
model_sep	ɪ k s p l ɔ r	ɪ k s p l ɔ r d	ɪ k s p l ɔ r d	ɪ k s k j uː z	ɪ k s k j uː z d	ɪ k s k j uː z d	ɪ k s p l ɔ r d	1	1	reg_d	reg_d	reg_d
model_sep	p ɹ̩ s	p ɹ̩ s t	p ɹ̩ s t	p ɪ n	p ɪ n d	p ɪ n d	p ɹ̩ s d	0	0	reg_t	reg_t	reg_d
model_sep	t͡ʃ ɪ p	t͡ʃ ɪ p t	t͡ʃ ɪ p t	t͡ʃ ɑː p	t͡ʃ ɑː p t	t͡ʃ ɑː p t	t͡ʃ ɪ p t	1	1	reg_t	reg_t	reg_t
model_sep	b ɑː t ə l	b ɑː t ə l d	b ɑː t ə l d	b æ t ə l	b æ t ə l d	b æ t ə l d	b ɑː t ə l d	1	1	reg_d	reg_d	reg_d
model_sep	ə s o ʊ s iː e ɪ t	ə s o ʊ s iː e ɪ t ə d	ə s a ɪ s t ʊ d	ə n d ɹ̩ s t æ n d	ə n d ɹ̩ s t ʊ d	ə n d ɹ̩ s t ʊ d	NA	0	0	reg_əd	other	rhyme_replaced
model_sep	ɪ n s ɪ s t	ɪ n s ɪ s t ə d	ɪ n s ɪ s t ə d	ɪ n v e ɪ d	ɪ n v e ɪ d ə d	ɪ n v e ɪ d ə d	ɪ n s ɪ s t ə d	1	1	reg_əd	reg_əd	reg_əd
model_sep	w iː	w iː d	w iː d	w uː	w uː d	w uː d	w iː d	1	1	reg_d	reg_d	reg_d
model_sep	ʃ ɔ r t ə n	ʃ ɔ r t ə n d	ʃ ɔ r t ə n d	ʃ ɑː r p ə n	ʃ ɑː r p ə n d	ʃ ɑː r p ə n d	ʃ ɔ r t ə n d	1	1	reg_d	reg_d	reg_d
model_sep	ə n l ɑː k	ə n l ɑː k t	ə n l ɑː k t	ə d m ɪ t	ə d m ɪ t ə d	ə d m ɪ t ə d	ə n l ɑː k ə d	0	0	reg_t	reg_t	reg_əd
model_sep	d ʌ b ə l	d ʌ b ə l d	d ʌ b ə l d	d ɑː k t ɹ̩	d ɑː k t ɹ̩ d	d ɑː k t ɹ̩ d	d ʌ b ə l d	1	1	reg_d	reg_d	reg_d
model_sep	m ɑː p	m ɑː p t	m ɑː p t	m o ʊ	m o ʊ d	m o ʊ d	m ɑː p d	0	0	reg_t	reg_t	reg_d
model_sep	f ɛ t͡ʃ	f ɛ t͡ʃ t	f ɛ t͡ʃ t	f ʌ s	f ʌ s t	f ʌ s t	f ɛ t͡ʃ t	1	1	reg_t	reg_t	reg_t
model_sep	ʃ ɛ d	ʃ ɛ d ə d	ʃ ɛ d ə d	ʃ ʌ v	ʃ ʌ v d	ʃ ʌ v d	ʃ ɛ d d	0	0	reg_əd	reg_əd	reg_d
model_sep	t r æ p	t r æ p t	t r æ p t	t e ɪ p	t e ɪ p t	t e ɪ p t	t r æ p t	1	1	reg_t	reg_t	reg_t
model_sep	b ɪ h e ɪ v	b ɪ h e ɪ v d	b ɪ h e ɪ v d	b æ l ə n s	b æ l ə n s t	b æ l ə n s t	b ɪ h e ɪ v t	0	0	reg_d	reg_d	reg_t
model_sep	d ɪ l iː t	d ɪ l iː t ə d	d ɪ l iː t ə d	d ɑː k t ɹ̩	d ɑː k t ɹ̩ d	d ɑː k t ɹ̩ d	d ɪ l iː t d	0	0	reg_əd	reg_əd	reg_d
model_sep	p æ n	p æ n d	p æ n d	p æ k	p æ k t	p æ k t	p æ n t	0	0	reg_d	reg_d	reg_t
model_sep	s k æ l ə p	s k æ l ə p t	s k æ l ə p t	s t r a ɪ p	s t r a ɪ p t	s t r a ɪ p t	s k æ l ə p t	1	1	reg_t	reg_t	reg_t
model_sep	n o ʊ t	n o ʊ t ə d	n o ʊ t ə d	n e ɪ m	n e ɪ m d	n e ɪ m d	n o ʊ t d	0	0	reg_əd	reg_əd	reg_d
model_sep	p ɑː k ə t	p ɑː k ə t ə d	p ɑː k ə t ə d	p æ d ə l	p æ d ə l d	p æ d ə l d	p ɑː k ə t d	0	0	reg_əd	reg_əd	reg_d
model_sep	r ə f l ɛ k t	r ə f l ɛ k t ə d	r ə l ɛ k ɛ t ə d	r iː f j uː ə l	r iː f j uː ə l d	r iː f j uː ə l d	r ə f l ɛ k t d	0	0	reg_əd	other	reg_d
model_sep	s t e ɪ t	s t e ɪ t ə d	s t e ɪ t ə d	s k e ɪ t	s k e ɪ t ə d	s k e ɪ t ə d	s t e ɪ t ə d	1	1	reg_əd	reg_əd	reg_əd
model_sep	p r a ɪ	p r a ɪ d	p r a ɪ d	p a ɪ l	p a ɪ l d	p a ɪ l d	p r a ɪ d	1	1	reg_d	reg_d	reg_d
model_sep	ʃ uː	ʃ uː d	ʃ uː d	ʃ a ɪ n	ʃ a ɪ n d	ʃ a ɪ n d	ʃ uː d	1	1	reg_d	reg_d	reg_d
model_sep	k ɑː n s ə n t r e ɪ t	k ɑː n s ə n t r e ɪ t ə d	k ə d	k ʌ d ə l	k ʌ d ə l d	k ʌ d ə l d	k ɑː n s ə n t r e ɪ t d	0	0	reg_əd	other	reg_d
model_sep	s ʌ f ɹ̩	s ʌ f ɹ̩ d	s ʌ f ɹ̩ d	s t ʌ f	s t ʌ f t	s t ʌ f t	s ʌ f ɹ̩ t	0	0	reg_d	reg_d	reg_t
model_sep	s ɪ z ə l	s ɪ z ə l d	s ɪ z ə l d	s ɹ̩ k ə l	s ɹ̩ k ə l d	s ɹ̩ k ə l d	s ɪ z ə l d	1	1	reg_d	reg_d	reg_d
model_sep	p r ə p o ʊ z	p r ə p o ʊ z d	p r ə p r ʊ z d	p r ə v a ɪ d	p r ə v a ɪ d ə d	p r ə v a ɪ d ə d	p r ə p o ʊ z ə d	0	0	reg_d	other	reg_əd
model_sep	θ ɔ	θ ɔ d	θ ɔ d	θ ɪ n	θ ɪ n d	θ ɪ n d	θ ɔ d	1	1	reg_d	reg_d	reg_d
model_sep	r ɪ l e ɪ t	r ɪ l e ɪ t ə d	r ɪ l e ɪ t ə d	r ɪ d͡ʒ ɛ k t	r ɪ d͡ʒ ɛ k t ə d	r ɪ d͡ʒ ɛ k t ə d	r ɪ l e ɪ t ə d	1	1	reg_əd	reg_əd	reg_əd
model_sep	t ɪ k	t ɪ k t	t ɪ k t	t ɔ k	t ɔ k t	t ɔ k t	t ɪ k t	1	1	reg_t	reg_t	reg_t
model_sep	ɛ d͡ʒ	ɛ d͡ʒ d	ɛ d͡ʒ uː d͡ʒ uː d͡ʒ d	ɛ n d	ɛ n d ə d	ɛ n d ə d	ɛ d͡ʒ ə d	0	0	reg_d	other	reg_əd
model_sep	ɪ ɡ z ɪ s t	ɪ ɡ z ɪ s t ə d	ɪ ɡ æ s t	ɪ k s a ɪ t	ɪ k s a ɪ t ə d	ɪ k s a ɪ t ə d	ɪ ɡ z ɪ s t ə d	0	1	reg_əd	other	reg_əd
model_sep	θ ɪ k ə n	θ ɪ k ə n d	θ ɪ k ə n d	θ æ ŋ k	θ æ ŋ k t	θ æ ŋ k t	θ ɪ k ə n t	0	0	reg_d	reg_d	reg_t
model_sep	r ɪ t ɹ̩ n	r ɪ t ɹ̩ n d	r ɪ t ɹ̩ n d	r ɪ k ɔ l	r ɪ k ɔ l d	r ɪ k ɔ l d	r ɪ t ɹ̩ n d	1	1	reg_d	reg_d	reg_d
model_sep	t͡ʃ ɑː r d͡ʒ	t͡ʃ ɑː r d͡ʒ d	t͡ʃ ɑː r d͡ʒ d	t͡ʃ e ɪ s	t͡ʃ e ɪ s t	t͡ʃ e ɪ s t	t͡ʃ ɑː r d͡ʒ t	0	0	reg_d	reg_d	reg_t
model_sep	s t o ʊ n	s t o ʊ n d	s t o ʊ n d	s m ɑː r t	s m ɑː r t ə d	s m ɑː r t ə d	s t o ʊ n ə d	0	0	reg_d	reg_d	reg_əd
model_sep	w ɛ l k ə m	w ɛ l k ə m d	w ɛ l k ə m d	w e ɪ s t	w e ɪ s t ə d	w e ɪ s t ə d	w ɛ l k ə m ə d	0	0	reg_d	reg_d	reg_əd
model_mean	s iː	s ɔ	s iː d	s iː m	s iː m d	s iː m d	s iː d	1	0	vowel_change	reg_d	reg_d
model_mean	ɡ ɛ t	ɡ ɑː t	ɡ ɛ t	ɡ ɛ s	ɡ ɛ s t	ɡ ɛ s t	ɡ ɛ t t	0	0	vowel_change	no_change	reg_t
model_mean	n ɑː k	n ɑː k t	n ɑː k t	n o ʊ	n uː	n uː	NA	0	0	reg_t	reg_t	vowel_change
model_mean	θ ɪ ŋ k	θ ɔ t	θ ɪ ŋ k t	θ ɪ n	θ ɪ n d	θ ɪ n d	θ ɪ ŋ k d	0	0	rhyme_replaced	reg_t	reg_d
model_mean	k l iː n	k l iː n d	k l iː n d	k j uː b	k j uː b d	k j uː b d	k l iː n d	1	1	reg_d	reg_d	reg_d
model_mean	b ɪ l iː v	b ɪ l iː v d	b ɪ l iː v d	b ɪ l ɔ ŋ	b ɪ l ɔ ŋ d	b ɪ l ɔ ŋ d	b ɪ l iː v d	1	1	reg_d	reg_d	reg_d
model_mean	ɡ ɪ v	ɡ e ɪ v	ɡ ɪ v d	ɡ r ɪ l	ɡ r ɪ l d	ɡ r ɪ l d	ɡ ɪ v d	1	0	vowel_change	reg_d	reg_d
model_mean	t e ɪ k	t ʊ k	t e ɪ k t	t e ɪ p	t e ɪ p t	t e ɪ p t	t e ɪ k t	1	0	vowel_change	reg_t	reg_t
model_mean	s t æ n d	s t ʊ d	s t æ n t ə d	s t æ m p	s t æ m p t	s t æ m p t	s t æ n d t	0	0	rhyme_replaced	other	reg_t
model_mean	j ɛ l	j ɛ l d	j ɛ l d	j ɔ n	j ɔ n d	j ɔ n d	j ɛ l d	1	1	reg_d	reg_d	reg_d
model_mean	f ɪ k s	f ɪ k s t	f ɪ k s t	f ɪ ʃ	f ɪ ʃ t	f ɪ ʃ t	f ɪ k s t	1	1	reg_t	reg_t	reg_t
model_mean	k l æ p	k l æ p t	k l æ p t	k l ɪ p	k l ɪ p t	k l ɪ p t	k l æ p t	1	1	reg_t	reg_t	reg_t
model_mean	r a ɪ m	r a ɪ m d	r o ʊ m	r a ɪ t	r o ʊ t	r o ʊ t	NA	0	0	reg_d	vowel_change	vowel_change
model_mean	t ɛ l	t o ʊ l d	t ɛ l d	t ʌ ɡ	t ʌ ɡ d	t ʌ ɡ d	t ɛ l d	1	0	vowel_change_suffix	reg_d	reg_d
model_mean	f ɔ l	f ɛ l	f ɔ l d	f ɔ r m	f ɔ r m d	f ɔ r m d	f ɔ l d	1	0	vowel_change	reg_d	reg_d
model_mean	r o ʊ l	r o ʊ l d	r o ʊ l d	r o ʊ s t	r o ʊ s t ə d	r o ʊ s t ə d	r o ʊ l ə d	0	0	reg_d	reg_d	reg_əd
model_mean	k uː l	k uː l d	k uː l d	k ɹ̩ l	k ɹ̩ l d	k ɹ̩ l d	k uː l d	1	1	reg_d	reg_d	reg_d
model_mean	s ɪ ŋ	s æ ŋ	s æ ŋ	s ɪ ŋ k	s æ ŋ k	s æ ŋ k	NA	0	0	vowel_change	vowel_change	vowel_change
model_mean	h o ʊ l d	h ɛ l d	h o ʊ l d	h o ʊ l	h o ʊ l d	h o ʊ l d	h o ʊ l d d	0	0	vowel_change	no_change	reg_d
model_mean	d r ɛ s	d r ɛ s t	d r ɛ s t	d r iː m	d r iː m d	d r iː m d	d r ɛ s d	0	0	reg_t	reg_t	reg_d
model_mean	w e ɪ k	w o ʊ k	w e ɪ k t	w e ɪ v	w e ɪ v d	w e ɪ v d	w e ɪ k d	0	0	vowel_change	reg_t	reg_d
model_mean	m uː v	m uː v d	m uː v d	m o ʊ	m o ʊ d	m o ʊ d	m uː v d	1	1	reg_d	reg_d	reg_d
model_mean	b ɪ l d	b ɪ l t	b ɪ l d ə d	b ɪ l ɔ ŋ	b ɪ l ɔ ŋ d	b ɪ l ɔ ŋ d	b ɪ l d d	0	0	coda_change	reg_əd	reg_d
model_mean	p uː p	p uː p t	p uː p t	p ɑː p	p ɑː p t	p ɑː p t	p uː p t	1	1	reg_t	reg_t	reg_t
model_mean	k ɛ r	k ɛ r d	k ɛ r d	k ʌ m	k ʌ m d	k e ɪ m	k ɛ r d	1	1	reg_d	reg_d	reg_d
model_mean	b ɛ r iː	b ɛ r iː d	b ɛ r iː d	b r iː ð	b r iː ð d	b r iː ð d	b ɛ r iː d	1	1	reg_d	reg_d	reg_d
model_mean	p æ n t	p æ n t ə d	p æ n t ə d	p l æ n	p l æ n d	p l æ n d	p æ n t d	0	0	reg_əd	reg_əd	reg_d
model_mean	t ʌ k	t ʌ k t	t ʌ k t	t ʌ t͡ʃ	t ʌ t͡ʃ t	t ʌ t͡ʃ t	t ʌ k t	1	1	reg_t	reg_t	reg_t
model_mean	b ɑː ð ɹ̩	b ɑː ð ɹ̩ d	b ɑː r ɹ̩ d	b ɹ̩ n	b ɹ̩ n d	b ɹ̩ n d	b ɑː ð ɹ̩ d	0	1	reg_d	other	reg_d
model_mean	ɛ ɡ z ɪ t	ɛ ɡ z ɪ t ə d	ɛ z ɪ z t ə d	ɛ n d	ɛ n d ə d	ɛ n d ə d	ɛ ɡ z ɪ t ə d	0	1	reg_əd	other	reg_əd
model_mean	s t e ɪ	s t e ɪ d	s t e ɪ d	s t ɪ l	s t ɪ l d	s t ɪ l d	s t e ɪ d	1	1	reg_d	reg_d	reg_d
model_mean	w ʌ n d ɹ̩	w ʌ n d ɹ̩ d	w ʌ n d ɹ̩ d	w ɪ n t ɹ̩	w ɪ n t ɹ̩ d	w ɪ n t ɹ̩ d	w ʌ n d ɹ̩ d	1	1	reg_d	reg_d	reg_d
model_mean	d ɪ p	d ɪ p t	d ɪ p t	d ʌ b	d ʌ b d	d ʌ b d	d ɪ p d	0	0	reg_t	reg_t	reg_d
model_mean	h ʌ ɡ	h ʌ ɡ d	h ʌ ɡ d	h iː r	h iː r d	h ɹ̩ d	h ʌ ɡ d	1	1	reg_d	reg_d	reg_d
model_mean	v ɔ ɪ s	v ɔ ɪ s t	v ɔ ɪ s t	v ɪ z ɪ t	v ɪ z ɪ t ə d	v ɪ z ɪ t ə d	v ɔ ɪ s ə d	0	0	reg_t	reg_t	reg_əd
model_mean	ə t æ t͡ʃ	ə t æ t͡ʃ t	ə t æ t͡ʃ t	ə t æ k	ə t æ k t	ə t æ k t	ə t æ t͡ʃ t	1	1	reg_t	reg_t	reg_t
model_mean	s m ɛ l	s m ɛ l d	s m ɛ l d	s ɛ n d	s ɛ n t	s ɛ n t	NA	0	0	reg_d	reg_d	coda_change
model_mean	f ɪ n ɪ ʃ	f ɪ n ɪ ʃ t	f ɪ n	f ɪ ɡ j ɹ̩	f ɪ ɡ j ɹ̩ d	f ɪ ɡ j ɹ̩ d	f ɪ n ɪ ʃ d	0	0	reg_t	other	reg_d
model_mean	t r ɑː t	t r ɑː t ə d	t r ɑː t ə d	t ɑː p	t ɑː p t	t ɑː p t	t r ɑː t t	0	0	reg_əd	reg_əd	reg_t
model_mean	b l ɛ s	b l ɛ s t	b l ɛ s t	b l ɑː k	b l ɑː k t	b l ɑː k t	b l ɛ s t	1	1	reg_t	reg_t	reg_t
model_mean	l ɛ d	l ɛ d ə d	l ɛ d ə d	l ɛ t	l ɛ t	l ɛ t	l ɛ d	0	0	reg_əd	reg_əd	no_change
model_mean	p r ɛ s	p r ɛ s t	p r ɛ s t	p ɛ r	p ɛ r d	p ɛ r d	p r ɛ s d	0	0	reg_t	reg_t	reg_d
model_mean	ə n z ɪ p	ə n z ɪ p t	ə n z ɪ p t	ə n r æ p	ə n r æ p t	ə n r æ p t	ə n z ɪ p t	1	1	reg_t	reg_t	reg_t
model_mean	f ɪ l t ɹ̩	f ɪ l t ɹ̩ d	f ɪ l t ɹ̩ d	f ɪ ɡ j ɹ̩	f ɪ ɡ j ɹ̩ d	f ɪ ɡ j ɹ̩ d	f ɪ l t ɹ̩ d	1	1	reg_d	reg_d	reg_d
model_mean	ʃ e ɪ v	ʃ e ɪ v d	ʃ e ɪ v d	ʃ e ɪ k	ʃ e ɪ k t	ʃ ʊ k	ʃ e ɪ v t	0	0	reg_d	reg_d	reg_t
model_mean	k ɑː s t	k ɑː s t	k ɑː s t ə d	k ɑː k	k ɑː k t	k ɑː k t	k ɑː s t t	0	0	no_change	reg_əd	reg_t
model_mean	b r ʌ ʃ	b r ʌ ʃ t	b r ʌ ʃ t	b r iː ð	b r iː ð d	b r iː ð d	b r ʌ ʃ d	0	0	reg_t	reg_t	reg_d
model_mean	l æ n d	l æ n d ə d	l æ n d ə d	l iː n	l iː n d	l iː n d	l æ n d d	0	0	reg_əd	reg_əd	reg_d
model_mean	s t ɛ p	s t ɛ p t	s t ɛ p t	s t ɛ r	s t ɛ r d	s t ɛ r d	s t ɛ p d	0	0	reg_t	reg_t	reg_d
model_mean	m ɪ l k	m ɪ l k t	m ɪ l k t	m ɪ r ɹ̩	m ɪ r ɹ̩ d	m ɪ r ɹ̩ d	m ɪ l k d	0	0	reg_t	reg_t	reg_d
model_mean	b ɛ s t	b ɛ s t ə d	b ɛ s t ə d	b ɛ t ɹ̩	b ɛ t ɹ̩ d	b ɛ t ɹ̩ d	b ɛ s t d	0	0	reg_əd	reg_əd	reg_d
model_mean	m a ɪ n d	m a ɪ n d ə d	m a ʊ n d	m a ɪ n	m a ɪ n d	m a ɪ n d	m a ɪ n d d	0	0	reg_əd	vowel_change	reg_d
model_mean	w a ɪ t	w a ɪ t ə d	w a ɪ t	w a ɪ p	w a ɪ p t	w a ɪ p t	w a ɪ t t	0	0	reg_əd	no_change	reg_t
model_mean	m æ k s	m æ k s t	m æ k s t	m æ s k	m æ s k t	m æ s k t	m æ k s t	1	1	reg_t	reg_t	reg_t
model_mean	r iː t͡ʃ	r iː t͡ʃ t	r iː t͡ʃ t	r ɪ ŋ	r æ ŋ	r æ ŋ	NA	0	0	reg_t	reg_t	vowel_change
model_mean	h o ʊ p	h o ʊ p t	h o ʊ p t	h o ʊ l	h o ʊ l d	h o ʊ l d	h o ʊ p d	0	0	reg_t	reg_t	reg_d
model_mean	f o ʊ l d	f o ʊ l d ə d	f o ʊ l d	f o ʊ n	f o ʊ n d	f o ʊ n d	f o ʊ l d d	0	0	reg_əd	no_change	reg_d
model_mean	k l ɪ n t͡ʃ	k l ɪ n t͡ʃ t	k l ɪ n t͡ʃ t	k l ɪ p	k l ɪ p t	k l ɪ p t	k l ɪ n t͡ʃ t	1	1	reg_t	reg_t	reg_t
model_mean	t r ɪ k	t r ɪ k t	t r ɪ k t	t r æ k	t r æ k t	t r æ k t	t r ɪ k t	1	1	reg_t	reg_t	reg_t
model_mean	b ɛ n d	b ɛ n d ə d	b ɛ n d ə d	b ɛ t ɹ̩	b ɛ t ɹ̩ d	b ɛ t ɹ̩ d	b ɛ n d d	0	0	reg_əd	reg_əd	reg_d
model_mean	a ɪ d ɛ n t ə f a ɪ	a ɪ d ɛ n t ə f a ɪ d	a ʊ d	ɪ n v e ɪ d	ɪ n v e ɪ d ə d	ɪ n v e ɪ d ə d	a ɪ d ɛ n t ə f a ɪ ə d	0	0	reg_d	other	reg_əd
model_mean	d͡ʒ ɔ ɪ n	d͡ʒ ɔ ɪ n d	d͡ʒ ɔ ɪ n d	ɪ d͡ʒ ɛ k t	ɪ d͡ʒ ɛ k t ə d	ɪ d͡ʒ ɛ k t ə d	d͡ʒ ɔ ɪ n ə d	0	0	reg_d	reg_d	reg_əd
model_mean	k ə n f j uː z	k ə n f j uː z d	k ə f f j uː z d	k ə n ɛ k t	k ə n ɛ k t ə d	k ə n ɛ k t ə d	k ə n f j uː z ə d	0	0	reg_d	other	reg_əd
model_mean	b ɛ r	b o ʊ r	b ɛ r d	b ɛ t	b ɛ t	b ɛ t	b ɛ r	0	0	vowel_change	reg_d	no_change
model_mean	r ɛ s t	r ɛ s t ə d	r ɛ s t ə d	r ɛ n t	r ɛ n t ə d	r ɛ n t ə d	r ɛ s t ə d	1	1	reg_əd	reg_əd	reg_əd
model_mean	p iː	p iː d	p iː d	p iː s	p iː s t	p iː s t	p iː t	0	0	reg_d	reg_d	reg_t
model_mean	ɡ r æ b	ɡ r æ b d	ɡ r æ b d	ɡ r uː p	ɡ r uː p t	ɡ r uː p t	ɡ r æ b t	0	0	reg_d	reg_d	reg_t
model_mean	ə p r o ʊ t͡ʃ	ə p r o ʊ t͡ʃ t	ə p r o ʊ t͡ʃ t	ə p o ʊ z	ə p o ʊ z d	ə p o ʊ z d	ə p r o ʊ t͡ʃ d	0	0	reg_t	reg_t	reg_d
model_mean	p iː l	p iː l d	p iː l d	p uː l	p uː l d	p uː l d	p iː l d	1	1	reg_d	reg_d	reg_d
model_mean	m ɑː r t͡ʃ	m ɑː r t͡ʃ t	m ɑː r t͡ʃ t	m ɑː r k	m ɑː r k t	m ɑː r k t	m ɑː r t͡ʃ t	1	1	reg_t	reg_t	reg_t
model_mean	t æ k ə l	t æ k ə l d	t æ k ə l d	t r æ v ə l	t r æ v ə l d	t r æ v ə l d	t æ k ə l d	1	1	reg_d	reg_d	reg_d
model_mean	d ɪ ɡ	d ʌ ɡ	d ɪ ɡ d	d ɪ ŋ	d ɪ ŋ d	d ɪ ŋ d	d ɪ ɡ d	1	0	vowel_change	reg_d	reg_d
model_mean	s ɛ t ə l	s ɛ t ə l d	s ɛ t ə l d	s t ɛ r	s t ɛ r d	s t ɛ r d	s ɛ t ə l d	1	1	reg_d	reg_d	reg_d
model_mean	ɪ ɡ n ɔ r	ɪ ɡ n ɔ r d	ɪ n ɔ n r d	ɪ n s ɹ̩ t	ɪ n s ɹ̩ t ə d	ɪ n s ɹ̩ t ə d	ɪ ɡ n ɔ r ə d	0	0	reg_d	other	reg_əd
model_mean	k ʌ v ɹ̩	k ʌ v ɹ̩ d	k ʌ v ɹ̩ d	k ʌ l ɹ̩	k ʌ l ɹ̩ d	k ʌ l ɹ̩ d	k ʌ v ɹ̩ d	1	1	reg_d	reg_d	reg_d
model_mean	r ɑː t	r ɑː t ə d	r ɑː t	r ɑː b	r ɑː b d	r ɑː b d	r ɑː t d	0	0	reg_əd	no_change	reg_d
model_mean	f l æ t ɹ̩	f l æ t ɹ̩ d	f l æ t ɹ̩ d	f l æ p	f l æ p t	f l æ p t	f l æ t ɹ̩ t	0	0	reg_d	reg_d	reg_t
model_mean	b ʌ b ə l	b ʌ b ə l d	b ʌ b ə l d	b ʌ t ə n	b ʌ t ə n d	b ʌ t ə n d	b ʌ b ə l d	1	1	reg_d	reg_d	reg_d
model_mean	k o ʊ ɑː p ɹ̩ e ɪ t	k o ʊ ɑː p ɹ̩ e ɪ t ə d	k ɑː p ɹ̩ e ɪ p j ə d	k o ʊ t	k o ʊ t ə d	k o ʊ t ə d	k o ʊ ɑː p ɹ̩ e ɪ t ə d	0	1	reg_əd	other	reg_əd
model_mean	ɡ r iː n	ɡ r iː n d	ɡ r iː n d	ɡ r uː p	ɡ r uː p t	ɡ r uː p t	ɡ r iː n t	0	0	reg_d	reg_d	reg_t
model_mean	r e ɪ s	r e ɪ s t	r e ɪ s t	r e ɪ n	r e ɪ n d	r e ɪ n d	r e ɪ s d	0	0	reg_t	reg_t	reg_d
model_mean	d æ n s	d æ n s t	d æ n s t	d r æ ɡ	d r æ ɡ d	d r æ ɡ d	d æ n s d	0	0	reg_t	reg_t	reg_d
model_mean	p r ɑː d͡ʒ ɛ k t	p r ɑː d͡ʒ ɛ k t ə d	p r ɑː d͡ʒ ɛ k t ə d	p r ɑː m ə s	p r ɑː m ə s t	p r ɑː m ə s t	p r ɑː d͡ʒ ɛ k t t	0	0	reg_əd	reg_əd	reg_t
model_mean	b ɛ ɡ	b ɛ ɡ d	b ɛ ɡ d	b ʌ ɡ	b ʌ ɡ d	b ʌ ɡ d	b ɛ ɡ d	1	1	reg_d	reg_d	reg_d
model_mean	s ɹ̩ v ɪ s	s ɹ̩ v ɪ s t	s ɹ̩ v ɪ s t	s ɹ̩ k ə l	s ɹ̩ k ə l d	s ɹ̩ k ə l d	s ɹ̩ v ɪ s d	0	0	reg_t	reg_t	reg_d
model_mean	r ɛ p r ə z ɛ n t	r ɛ p r ə z ɛ n t ə d	r ɛ p r ɛ p ɛ r ə n d	r ɛ k ə ɡ n a ɪ z	r ɛ k ə ɡ n a ɪ z d	r ɛ k ə ɡ n a ɪ z d	r ɛ p r ə z ɛ n t d	0	0	reg_əd	other	reg_d
model_mean	ɪ m ɹ̩ d͡ʒ	ɪ m ɹ̩ d͡ʒ d	ɪ m ɹ̩ d͡ʒ d	ɔ r d ɹ̩	ɔ r d ɹ̩ d	ɔ r d ɹ̩ d	ɪ m ɹ̩ d͡ʒ d	1	1	reg_d	reg_d	reg_d
model_mean	b ɔ ɪ l	b ɔ ɪ l d	b ɔ ɪ l d	b ɔ l	b ɔ l d	b ɔ l d	b ɔ ɪ l d	1	1	reg_d	reg_d	reg_d
model_mean	p ɹ̩ f ɛ k t	p ɹ̩ f ɛ k t ə d	p ɹ̩ d	ɑː p ɹ̩ e ɪ t	ɑː p ɹ̩ e ɪ t ə d	ɑː p ɹ̩ e ɪ t ə d	p ɹ̩ f ɛ k t ə d	0	1	reg_əd	other	reg_əd
model_mean	r a ɪ z	r o ʊ z	r o ʊ z d	r a ɪ d	r o ʊ d	r o ʊ d	NA	0	0	vowel_change	vowel_change_suffix	vowel_change
model_mean	s k r iː n	s k r iː n d	s k r iː n d	s k r iː m	s k r iː m d	s k r iː m d	s k r iː n d	1	1	reg_d	reg_d	reg_d
model_mean	t r e ɪ n	t r e ɪ n d	t r e ɪ n d	t r e ɪ d	t r e ɪ d ə d	t r e ɪ d ə d	t r e ɪ n ə d	0	0	reg_d	reg_d	reg_əd
model_mean	s o ʊ	s o ʊ d	s o ʊ d	s o ʊ k	s o ʊ k t	s o ʊ k t	s o ʊ t	0	0	reg_d	reg_d	reg_t
model_mean	f e ɪ s	f e ɪ s t	f e ɪ s t	f e ɪ l	f e ɪ l d	f e ɪ l d	f e ɪ s d	0	0	reg_t	reg_t	reg_d
model_mean	s t ʌ d iː	s t ʌ d iː d	s t ʌ d	s t ʌ f	s t ʌ f t	s t ʌ f t	s t ʌ d iː t	0	0	reg_d	other	reg_t
model_mean	b l ɑː t	b l ɑː t ə d	b l ɑː t ə d	b l ɑː k	b l ɑː k t	b l ɑː k t	b l ɑː t t	0	0	reg_əd	reg_əd	reg_t
model_mean	m e ɪ l	m e ɪ l d	m e ɪ l d	m e ɪ k	m e ɪ d	m e ɪ d	NA	0	0	reg_d	reg_d	coda_change
model_mean	k l ɪ ŋ	k l ʌ ŋ	k l ɪ ŋ d	k l ɪ p	k l ɪ p t	k l ɪ p t	k l ɪ ŋ t	0	0	vowel_change	reg_d	reg_t
model_mean	p l ʌ ɡ	p l ʌ ɡ d	p l ʌ ɡ d	p l æ n	p l æ n d	p l æ n d	p l ʌ ɡ d	1	1	reg_d	reg_d	reg_d
model_mean	p r e ɪ	p r e ɪ d	p r e ɪ d	p e ɪ	p e ɪ d	p e ɪ d	p r e ɪ d	1	1	reg_d	reg_d	reg_d
model_mean	f l o ʊ	f l o ʊ d	f l uː	f l a ɪ	f l uː	f l uː	NA	0	0	reg_d	vowel_change	vowel_change
model_mean	r iː m a ɪ n d	r iː m a ɪ n d ə d	r iː a ɪ n d	r iː ə l a ɪ z	r iː ə l a ɪ z d	r iː ə l a ɪ z d	r iː m a ɪ n d d	0	0	reg_əd	other	reg_d
model_mean	ɛ l b o ʊ	ɛ l b o ʊ d	ɛ l o ʊ o ʊ d	l ɛ v ə l	l ɛ v ə l d	l ɛ v ə l d	ɛ l b o ʊ d	0	1	reg_d	other	reg_d
model_mean	f r iː z	f r o ʊ z	f r iː z d	f r iː k	f r iː k t	f r iː k t	f r iː z t	0	0	vowel_change	reg_d	reg_t
model_mean	m ɪ m ɪ k	m ɪ m ɪ k t	m ɪ m ɪ k	m ɪ k s	m ɪ k s t	m ɪ k s t	m ɪ m ɪ k t	0	1	reg_t	no_change	reg_t
model_mean	w iː l	w iː l d	w iː l d	w ɹ̩ iː	w ɹ̩ iː d	w ɹ̩ iː d	w iː l d	1	1	reg_d	reg_d	reg_d
model_mean	p ʌ m p	p ʌ m p t	p ʌ m p t	p ʌ n t͡ʃ	p ʌ n t͡ʃ t	p ʌ n t͡ʃ t	p ʌ m p t	1	1	reg_t	reg_t	reg_t
model_mean	ɪ k s p ɛ k t	ɪ k s p ɛ k t ə d	ɪ k s p ɛ k t ə d	ɪ k s p l e ɪ n	ɪ k s p l e ɪ n d	ɪ k s p l e ɪ n d	ɪ k s p ɛ k t d	0	0	reg_əd	reg_əd	reg_d
model_mean	w a ɪ n d	w a ɪ n d ə d	w a ʊ n d	w a ɪ p	w a ɪ p t	w a ɪ p t	w a ɪ n d t	0	0	reg_əd	vowel_change	reg_t
model_mean	s k r ɪ b ə l	s k r ɪ b ə l d	s k r ɪ b ə b d	s k r ʌ b	s k r ʌ b d	s k r ʌ b d	s k r ɪ b ə l d	0	1	reg_d	coda_change	reg_d
model_mean	r ɪ s p ɑː n d	r ɪ s p ɑː n d ə d	r ɪ s p ɑː n d ə d	ɪ r e ɪ s	ɪ r e ɪ s t	ɪ r e ɪ s t	r ɪ s p ɑː n d t	0	0	reg_əd	reg_əd	reg_t
model_mean	r e ɪ z	r e ɪ z d	r e ɪ z d	r e ɪ n	r e ɪ n d	r e ɪ n d	r e ɪ z d	1	1	reg_d	reg_d	reg_d
model_mean	ɡ ɪ ɡ ə l	ɡ ɪ ɡ ə l d	ɡ ɪ ɡ ə l d	ɡ r ɪ l	ɡ r ɪ l d	ɡ r ɪ l d	ɡ ɪ ɡ ə l d	1	1	reg_d	reg_d	reg_d
model_mean	b ɑː r o ʊ	b ɑː r o ʊ d	b ɑː r o ʊ d	b ɑː r k	b ɑː r k t	b ɑː r k t	b ɑː r o ʊ t	0	0	reg_d	reg_d	reg_t
model_mean	s w ɑː l o ʊ	s w ɑː l o ʊ d	s w ɑː l o ʊ d	s w ɑː t	s w ɑː t ə d	s w ɑː t ə d	s w ɑː l o ʊ ə d	0	0	reg_d	reg_d	reg_əd
model_mean	d ɑː r n	d ɑː r n d	d ɑː r n d	d r æ ɡ	d r æ ɡ d	d r æ ɡ d	d ɑː r n d	1	1	reg_d	reg_d	reg_d
model_mean	k ɑː p iː	k ɑː p iː d	k ɑː p ɑː p	k ɑː k	k ɑː k t	k ɑː k t	k ɑː p iː t	0	0	reg_d	other	reg_t
model_mean	s k r e ɪ p	s k r e ɪ p t	s k r e ɪ p t	s k r ʌ b	s k r ʌ b d	s k r ʌ b d	s k r e ɪ p d	0	0	reg_t	reg_t	reg_d
model_mean	h o ʊ m	h o ʊ m d	h o ʊ m d	h o ʊ l	h o ʊ l d	h o ʊ l d	h o ʊ m d	1	1	reg_d	reg_d	reg_d
model_mean	f r iː	f r iː d	f r iː d	f iː r	f ɛ r d	f iː r d	NA	0	0	reg_d	reg_d	vowel_change_suffix
model_mean	b r a ɪ t ə n	b r a ɪ t ə n d	b r a ɪ t ə n d	b r a ʊ n	b r a ʊ n d	b r a ʊ n d	b r a ɪ t ə n d	1	1	reg_d	reg_d	reg_d
model_mean	ə r a ɪ v	ə r a ɪ v d	ə r a ɪ v d	ə n t a ɪ	ə n t a ɪ d	ə n t a ɪ d	ə r a ɪ v d	1	1	reg_d	reg_d	reg_d
model_mean	ɪ k s p l ɔ r	ɪ k s p l ɔ r d	ɪ k s p l ɔ r d	ɪ k s p l e ɪ n	ɪ k s p l e ɪ n d	ɪ k s p l e ɪ n d	ɪ k s p l ɔ r d	1	1	reg_d	reg_d	reg_d
model_mean	p ɹ̩ s	p ɹ̩ s t	p ɹ̩ s t	p ʊ ʃ	p ʊ ʃ t	p ʊ ʃ t	p ɹ̩ s t	1	1	reg_t	reg_t	reg_t
model_mean	t͡ʃ ɪ p	t͡ʃ ɪ p t	t͡ʃ ɪ p t	t͡ʃ ɑː p	t͡ʃ ɑː p t	t͡ʃ ɑː p t	t͡ʃ ɪ p t	1	1	reg_t	reg_t	reg_t
model_mean	b ɑː t ə l	b ɑː t ə l d	b ɑː t ə l d	b ɑː r k	b ɑː r k t	b ɑː r k t	b ɑː t ə l t	0	0	reg_d	reg_d	reg_t
model_mean	ə s o ʊ s iː e ɪ t	ə s o ʊ s iː e ɪ t ə d	ə s a ɪ s t ʊ d	s ə p o ʊ z	s ə p o ʊ z d	s ə p o ʊ z d	ə s o ʊ s iː e ɪ t d	0	0	reg_əd	other	reg_d
model_mean	ɪ n s ɪ s t	ɪ n s ɪ s t ə d	ɪ n s ɪ s t ə d	ɪ n ɪ ʃ ə l	ɪ n ɪ ʃ ə l d	ɪ n ɪ ʃ ə l d	ɪ n s ɪ s t d	0	0	reg_əd	reg_əd	reg_d
model_mean	w iː	w iː d	w iː d	w uː	w uː d	w uː d	w iː d	1	1	reg_d	reg_d	reg_d
model_mean	ʃ ɔ r t ə n	ʃ ɔ r t ə n d	ʃ ɔ r t ə n d	ʃ a ɪ n	ʃ a ɪ n d	ʃ a ɪ n d	ʃ ɔ r t ə n d	1	1	reg_d	reg_d	reg_d
model_mean	ə n l ɑː k	ə n l ɑː k t	ə n l ɑː k t	ə l a ʊ	ə l a ʊ d	ə l a ʊ d	ə n l ɑː k d	0	0	reg_t	reg_t	reg_d
model_mean	d ʌ b ə l	d ʌ b ə l d	d ʌ b ə l d	d ʌ m p	d ʌ m p t	d ʌ m p t	d ʌ b ə l t	0	0	reg_d	reg_d	reg_t
model_mean	m ɑː p	m ɑː p t	m ɑː p t	m æ ʃ	m æ ʃ t	m æ ʃ t	m ɑː p t	1	1	reg_t	reg_t	reg_t
model_mean	f ɛ t͡ʃ	f ɛ t͡ʃ t	f ɛ t͡ʃ t	f ʌ s	f ʌ s t	f ʌ s t	f ɛ t͡ʃ t	1	1	reg_t	reg_t	reg_t
model_mean	ʃ ɛ d	ʃ ɛ d ə d	ʃ ɛ d ə d	ʃ ɛ r	ʃ ɛ r d	ʃ ɛ r d	ʃ ɛ d d	0	0	reg_əd	reg_əd	reg_d
model_mean	t r æ p	t r æ p t	t r æ p t	t r æ k	t r æ k t	t r æ k t	t r æ p t	1	1	reg_t	reg_t	reg_t
model_mean	b ɪ h e ɪ v	b ɪ h e ɪ v d	b ɪ h e ɪ v d	b ɪ l ɔ ŋ	b ɪ l ɔ ŋ d	b ɪ l ɔ ŋ d	b ɪ h e ɪ v d	1	1	reg_d	reg_d	reg_d
model_mean	d ɪ l iː t	d ɪ l iː t ə d	d ɪ l iː t ə d	d ɪ l ɪ v ɹ̩	d ɪ l ɪ v ɹ̩ d	d ɪ l ɪ v ɹ̩ d	d ɪ l iː t d	0	0	reg_əd	reg_əd	reg_d
model_mean	p æ n	p æ n d	p æ n d	p ɪ n	p ɪ n d	p ɪ n d	p æ n d	1	1	reg_d	reg_d	reg_d
model_mean	s k æ l ə p	s k æ l ə p t	s k æ l ə p t	s k æ n	s k æ n d	s k æ n d	s k æ l ə p d	0	0	reg_t	reg_t	reg_d
model_mean	n o ʊ t	n o ʊ t ə d	n o ʊ t ə d	n o ʊ	n uː	n uː	NA	0	0	reg_əd	reg_əd	vowel_change
model_mean	p ɑː k ə t	p ɑː k ə t ə d	p ɑː k ə t ə d	p ɑː r k	p ɑː r k t	p ɑː r k t	p ɑː k ə t t	0	0	reg_əd	reg_əd	reg_t
model_mean	r ə f l ɛ k t	r ə f l ɛ k t ə d	r ə l ɛ k ɛ t ə d	r ə k ɔ r d	r ə k ɔ r d ə d	r ə k ɔ r d ə d	r ə f l ɛ k t ə d	0	1	reg_əd	other	reg_əd
model_mean	s t e ɪ t	s t e ɪ t ə d	s t e ɪ t ə d	s t r a ɪ k	s t r ʌ k	s t r ʌ k	NA	0	0	reg_əd	reg_əd	vowel_change
model_mean	p r a ɪ	p r a ɪ d	p r a ɪ d	p e ɪ	p e ɪ d	p e ɪ d	p r a ɪ d	1	1	reg_d	reg_d	reg_d
model_mean	ʃ uː	ʃ uː d	ʃ uː d	ʃ uː t	ʃ ɑː t	ʃ ɑː t	NA	0	0	reg_d	reg_d	vowel_change
model_mean	k ɑː n s ə n t r e ɪ t	k ɑː n s ə n t r e ɪ t ə d	k ə d	ʃ ɑː r p ə n	ʃ ɑː r p ə n d	ʃ ɑː r p ə n d	k ɑː n s ə n t r e ɪ t d	0	0	reg_əd	other	reg_d
model_mean	s ʌ f ɹ̩	s ʌ f ɹ̩ d	s ʌ f ɹ̩ d	s n ʌ f	s n ʌ f t	s n ʌ f t	s ʌ f ɹ̩ t	0	0	reg_d	reg_d	reg_t
model_mean	s ɪ z ə l	s ɪ z ə l d	s ɪ z ə l d	s ɪ ŋ k	s æ ŋ k	s æ ŋ k	NA	0	0	reg_d	reg_d	vowel_change
model_mean	p r ə p o ʊ z	p r ə p o ʊ z d	p r ə p r ʊ z d	p r ə v a ɪ d	p r ə v a ɪ d ə d	p r ə v a ɪ d ə d	p r ə p o ʊ z ə d	0	0	reg_d	other	reg_əd
model_mean	θ ɔ	θ ɔ d	θ ɔ d	w ɔ n t	w ɔ n t ə d	w ɔ n t ə d	θ ɔ ə d	0	0	reg_d	reg_d	reg_əd
model_mean	r ɪ l e ɪ t	r ɪ l e ɪ t ə d	r ɪ l e ɪ t ə d	r ɪ l æ k s	r ɪ l æ k s t	r ɪ l æ k s t	r ɪ l e ɪ t t	0	0	reg_əd	reg_əd	reg_t
model_mean	t ɪ k	t ɪ k t	t ɪ k t	t ɪ p	t ɪ p t	t ɪ p t	t ɪ k t	1	1	reg_t	reg_t	reg_t
model_mean	ɛ d͡ʒ	ɛ d͡ʒ d	ɛ d͡ʒ uː d͡ʒ uː d͡ʒ d	ɛ n d	ɛ n d ə d	ɛ n d ə d	ɛ d͡ʒ ə d	0	0	reg_d	other	reg_əd
model_mean	ɪ ɡ z ɪ s t	ɪ ɡ z ɪ s t ə d	ɪ ɡ æ s t	ɡ l uː	ɡ l uː d	ɡ l uː d	ɪ ɡ z ɪ s t d	0	0	reg_əd	other	reg_d
model_mean	θ ɪ k ə n	θ ɪ k ə n d	θ ɪ k ə n d	θ ɪ n	θ ɪ n d	θ ɪ n d	θ ɪ k ə n d	1	1	reg_d	reg_d	reg_d
model_mean	r ɪ t ɹ̩ n	r ɪ t ɹ̩ n d	r ɪ t ɹ̩ n d	r ɪ l iː v	r ɪ l iː v d	r ɪ l iː v d	r ɪ t ɹ̩ n d	1	1	reg_d	reg_d	reg_d
model_mean	t͡ʃ ɑː r d͡ʒ	t͡ʃ ɑː r d͡ʒ d	t͡ʃ ɑː r d͡ʒ d	t͡ʃ ɑː p	t͡ʃ ɑː p t	t͡ʃ ɑː p t	t͡ʃ ɑː r d͡ʒ t	0	0	reg_d	reg_d	reg_t
model_mean	s t o ʊ n	s t o ʊ n d	s t o ʊ n d	s t r a ɪ k	s t r ʌ k	s t r ʌ k	NA	0	0	reg_d	reg_d	vowel_change
model_mean	w ɛ l k ə m	w ɛ l k ə m d	w ɛ l k ə m d	ɛ n d	ɛ n d ə d	ɛ n d ə d	w ɛ l k ə m ə d	0	0	reg_d	reg_d	reg_əd
model_stem	s iː	s ɔ	s iː d	k iː	k iː d	k iː d	s iː d	1	0	vowel_change	reg_d	reg_d
model_stem	ɡ ɛ t	ɡ ɑː t	ɡ ɛ t	b ɛ t	b ɛ t	b ɛ t	ɡ ɛ t	1	0	vowel_change	no_change	no_change
model_stem	n ɑː k	n ɑː k t	n ɑː k t	k ɑː k	k ɑː k t	k ɑː k t	n ɑː k t	1	1	reg_t	reg_t	reg_t
model_stem	θ ɪ ŋ k	θ ɔ t	θ ɪ ŋ k t	w ɪ ŋ k	w ɪ ŋ k t	w ɪ ŋ k t	θ ɪ ŋ k t	1	0	rhyme_replaced	reg_t	reg_t
model_stem	k l iː n	k l iː n d	k l iː n d	p l æ n	p l æ n d	p l æ n d	k l iː n d	1	1	reg_d	reg_d	reg_d
model_stem	b ɪ l iː v	b ɪ l iː v d	b ɪ l iː v d	r ɪ l iː v	r ɪ l iː v d	r ɪ l iː v d	b ɪ l iː v d	1	1	reg_d	reg_d	reg_d
model_stem	ɡ ɪ v	ɡ e ɪ v	ɡ ɪ v d	h æ v	h æ d	h æ d	ɡ ɪ d	0	0	vowel_change	reg_d	coda_change
model_stem	t e ɪ k	t ʊ k	t e ɪ k t	m e ɪ k	m e ɪ d	m e ɪ d	t e ɪ d	0	0	vowel_change	reg_t	coda_change
model_stem	s t æ n d	s t ʊ d	s t æ n t ə d	s a ʊ n d	s a ʊ n d ə d	s a ʊ n d ə d	s t æ n d ə d	0	0	rhyme_replaced	other	reg_əd
model_stem	j ɛ l	j ɛ l d	j ɛ l d	j uː z	j uː z d	j uː z d	j ɛ l d	1	1	reg_d	reg_d	reg_d
model_stem	f ɪ k s	f ɪ k s t	f ɪ k s t	m ɪ k s	m ɪ k s t	m ɪ k s t	f ɪ k s t	1	1	reg_t	reg_t	reg_t
model_stem	k l æ p	k l æ p t	k l æ p t	f l æ p	f l æ p t	f l æ p t	k l æ p t	1	1	reg_t	reg_t	reg_t
model_stem	r a ɪ m	r a ɪ m d	r o ʊ m	t a ɪ m	t a ɪ m d	t a ɪ m d	r a ɪ m d	0	1	reg_d	vowel_change	reg_d
model_stem	t ɛ l	t o ʊ l d	t ɛ l d	ʃ ɛ l	ʃ ɛ l d	ʃ ɛ l d	t ɛ l d	1	0	vowel_change_suffix	reg_d	reg_d
model_stem	f ɔ l	f ɛ l	f ɔ l d	f ɪ l	f ɪ l d	f ɪ l d	f ɔ l d	1	0	vowel_change	reg_d	reg_d
model_stem	r o ʊ l	r o ʊ l d	r o ʊ l d	b o ʊ l	b o ʊ l d	b o ʊ l d	r o ʊ l d	1	1	reg_d	reg_d	reg_d
model_stem	k uː l	k uː l d	k uː l d	k ɹ̩ l	k ɹ̩ l d	k ɹ̩ l d	k uː l d	1	1	reg_d	reg_d	reg_d
model_stem	s ɪ ŋ	s æ ŋ	s æ ŋ	w ɪ ŋ	w ɪ ŋ d	w ɪ ŋ d	s ɪ ŋ d	0	0	vowel_change	vowel_change	reg_d
model_stem	h o ʊ l d	h ɛ l d	h o ʊ l d	s p ɛ n d	s p ɛ n t	s p ɛ n t	h o ʊ l t	0	0	vowel_change	no_change	coda_change
model_stem	d r ɛ s	d r ɛ s t	d r ɛ s t	f ɔ r s	f ɔ r s t	f ɔ r s t	d r ɛ s t	1	1	reg_t	reg_t	reg_t
model_stem	w e ɪ k	w o ʊ k	w e ɪ k t	m e ɪ k	m e ɪ d	m e ɪ d	w e ɪ d	0	0	vowel_change	reg_t	coda_change
model_stem	m uː v	m uː v d	m uː v d	ʃ ʌ v	ʃ ʌ v d	ʃ ʌ v d	m uː v d	1	1	reg_d	reg_d	reg_d
model_stem	b ɪ l d	b ɪ l t	b ɪ l d ə d	b æ n d	b æ n d ə d	b æ n d ə d	b ɪ l d ə d	1	0	coda_change	reg_əd	reg_əd
model_stem	p uː p	p uː p t	p uː p t	w uː p	w uː p t	w uː p t	p uː p t	1	1	reg_t	reg_t	reg_t
model_stem	k ɛ r	k ɛ r d	k ɛ r d	ʃ ɛ r	ʃ ɛ r d	ʃ ɛ r d	k ɛ r d	1	1	reg_d	reg_d	reg_d
model_stem	b ɛ r iː	b ɛ r iː d	b ɛ r iː d	h ɛ r iː	h ɛ r iː d	h ɛ r iː d	b ɛ r iː d	1	1	reg_d	reg_d	reg_d
model_stem	p æ n t	p æ n t ə d	p æ n t ə d	w ɔ n t	w ɔ n t ə d	w ɔ n t ə d	p æ n t ə d	1	1	reg_əd	reg_əd	reg_əd
model_stem	t ʌ k	t ʌ k t	t ʌ k t	s ʌ k	s ʌ k t	s ʌ k t	t ʌ k t	1	1	reg_t	reg_t	reg_t
model_stem	b ɑː ð ɹ̩	b ɑː ð ɹ̩ d	b ɑː r ɹ̩ d	k ʌ l ɹ̩	k ʌ l ɹ̩ d	k ʌ l ɹ̩ d	b ɑː ð ɹ̩ d	0	1	reg_d	other	reg_d
model_stem	ɛ ɡ z ɪ t	ɛ ɡ z ɪ t ə d	ɛ z ɪ z t ə d	v ɪ z ɪ t	v ɪ z ɪ t ə d	v ɪ z ɪ t ə d	ɛ ɡ z ɪ t ə d	0	1	reg_əd	other	reg_əd
model_stem	s t e ɪ	s t e ɪ d	s t e ɪ d	s w e ɪ	s w e ɪ d	s w e ɪ d	s t e ɪ d	1	1	reg_d	reg_d	reg_d
model_stem	w ʌ n d ɹ̩	w ʌ n d ɹ̩ d	w ʌ n d ɹ̩ d	w ɑː n d ɹ̩	w ɑː n d ɹ̩ d	w ɑː n d ɹ̩ d	w ʌ n d ɹ̩ d	1	1	reg_d	reg_d	reg_d
model_stem	d ɪ p	d ɪ p t	d ɪ p t	t ɪ p	t ɪ p t	t ɪ p t	d ɪ p t	1	1	reg_t	reg_t	reg_t
model_stem	h ʌ ɡ	h ʌ ɡ d	h ʌ ɡ d	t͡ʃ ʌ ɡ	t͡ʃ ʌ ɡ d	t͡ʃ ʌ ɡ d	h ʌ ɡ d	1	1	reg_d	reg_d	reg_d
model_stem	v ɔ ɪ s	v ɔ ɪ s t	v ɔ ɪ s t	k r ɔ s	k r ɔ s t	k r ɔ s t	v ɔ ɪ s t	1	1	reg_t	reg_t	reg_t
model_stem	ə t æ t͡ʃ	ə t æ t͡ʃ t	ə t æ t͡ʃ t	p ɪ n t͡ʃ	p ɪ n t͡ʃ t	p ɪ n t͡ʃ t	ə t æ t͡ʃ t	1	1	reg_t	reg_t	reg_t
model_stem	s m ɛ l	s m ɛ l d	s m ɛ l d	s p ɛ l	s p ɛ l d	s p ɛ l d	s m ɛ l d	1	1	reg_d	reg_d	reg_d
model_stem	f ɪ n ɪ ʃ	f ɪ n ɪ ʃ t	f ɪ n	s k w ɑː ʃ	s k w ɑː ʃ t	s k w ɑː ʃ t	f ɪ n ɪ ʃ t	0	1	reg_t	other	reg_t
model_stem	t r ɑː t	t r ɑː t ə d	t r ɑː t ə d	s w ɑː t	s w ɑː t ə d	s w ɑː t ə d	t r ɑː t ə d	1	1	reg_əd	reg_əd	reg_əd
model_stem	b l ɛ s	b l ɛ s t	b l ɛ s t	f ɔ r s	f ɔ r s t	f ɔ r s t	b l ɛ s t	1	1	reg_t	reg_t	reg_t
model_stem	l ɛ d	l ɛ d ə d	l ɛ d ə d	h ɛ d	h ɛ d ə d	h ɛ d ə d	l ɛ d ə d	1	1	reg_əd	reg_əd	reg_əd
model_stem	p r ɛ s	p r ɛ s t	p r ɛ s t	f ɔ r s	f ɔ r s t	f ɔ r s t	p r ɛ s t	1	1	reg_t	reg_t	reg_t
model_stem	ə n z ɪ p	ə n z ɪ p t	ə n z ɪ p t	s t r ɪ p	s t r ɪ p t	s t r ɪ p t	ə n z ɪ p t	1	1	reg_t	reg_t	reg_t
model_stem	f ɪ l t ɹ̩	f ɪ l t ɹ̩ d	f ɪ l t ɹ̩ d	d ɑː k t ɹ̩	d ɑː k t ɹ̩ d	d ɑː k t ɹ̩ d	f ɪ l t ɹ̩ d	1	1	reg_d	reg_d	reg_d
model_stem	ʃ e ɪ v	ʃ e ɪ v d	ʃ e ɪ v d	w e ɪ v	w e ɪ v d	w e ɪ v d	ʃ e ɪ v d	1	1	reg_d	reg_d	reg_d
model_stem	k ɑː s t	k ɑː s t	k ɑː s t ə d	s ɔ r t	s ɔ r t ə d	s ɔ r t ə d	k ɑː s t ə d	1	0	no_change	reg_əd	reg_əd
model_stem	b r ʌ ʃ	b r ʌ ʃ t	b r ʌ ʃ t	k r ʌ ʃ	k r ʌ ʃ t	k r ʌ ʃ t	b r ʌ ʃ t	1	1	reg_t	reg_t	reg_t
model_stem	l æ n d	l æ n d ə d	l æ n d ə d	b æ n d	b æ n d ə d	b æ n d ə d	l æ n d ə d	1	1	reg_əd	reg_əd	reg_əd
model_stem	s t ɛ p	s t ɛ p t	s t ɛ p t	s k uː p	s k uː p t	s k uː p t	s t ɛ p t	1	1	reg_t	reg_t	reg_t
model_stem	m ɪ l k	m ɪ l k t	m ɪ l k t	m e ɪ k	m e ɪ d	m e ɪ d	m ɪ l d	0	0	reg_t	reg_t	coda_change
model_stem	b ɛ s t	b ɛ s t ə d	b ɛ s t ə d	t ɛ s t	t ɛ s t ə d	t ɛ s t ə d	b ɛ s t ə d	1	1	reg_əd	reg_əd	reg_əd
model_stem	m a ɪ n d	m a ɪ n d ə d	m a ʊ n d	s a ʊ n d	s a ʊ n d ə d	s a ʊ n d ə d	m a ɪ n d ə d	0	1	reg_əd	vowel_change	reg_əd
model_stem	w a ɪ t	w a ɪ t ə d	w a ɪ t	f a ɪ t	f ɔ t	f ɔ t	w ɔ t	0	0	reg_əd	no_change	vowel_change
model_stem	m æ k s	m æ k s t	m æ k s t	w æ k s	w æ k s t	w æ k s t	m æ k s t	1	1	reg_t	reg_t	reg_t
model_stem	r iː t͡ʃ	r iː t͡ʃ t	r iː t͡ʃ t	h æ t͡ʃ	h æ t͡ʃ t	h æ t͡ʃ t	r iː t͡ʃ t	1	1	reg_t	reg_t	reg_t
model_stem	h o ʊ p	h o ʊ p t	h o ʊ p t	s l æ p	s l æ p t	s l æ p t	h o ʊ p t	1	1	reg_t	reg_t	reg_t
model_stem	f o ʊ l d	f o ʊ l d ə d	f o ʊ l d	f a ɪ n d	f a ʊ n d	f a ʊ n d	NA	0	0	reg_əd	no_change	vowel_change
model_stem	k l ɪ n t͡ʃ	k l ɪ n t͡ʃ t	k l ɪ n t͡ʃ t	k r ʌ n t͡ʃ	k r ʌ n t͡ʃ t	k r ʌ n t͡ʃ t	k l ɪ n t͡ʃ t	1	1	reg_t	reg_t	reg_t
model_stem	t r ɪ k	t r ɪ k t	t r ɪ k t	t r ʌ k	t r ʌ k t	t r ʌ k t	t r ɪ k t	1	1	reg_t	reg_t	reg_t
model_stem	b ɛ n d	b ɛ n d ə d	b ɛ n d ə d	s ɛ n d	s ɛ n t	s ɛ n t	b ɛ n t	0	0	reg_əd	reg_əd	coda_change
model_stem	a ɪ d ɛ n t ə f a ɪ	a ɪ d ɛ n t ə f a ɪ d	a ʊ d	d r a ɪ	d r a ɪ d	d r a ɪ d	a ɪ d ɛ n t ə f a ɪ d	0	1	reg_d	other	reg_d
model_stem	d͡ʒ ɔ ɪ n	d͡ʒ ɔ ɪ n d	d͡ʒ ɔ ɪ n d	s a ɪ n	s a ɪ n d	s a ɪ n d	d͡ʒ ɔ ɪ n d	1	1	reg_d	reg_d	reg_d
model_stem	k ə n f j uː z	k ə n f j uː z d	k ə f f j uː z d	ɪ k s k j uː z	ɪ k s k j uː z d	ɪ k s k j uː z d	k ə n f j uː z d	0	1	reg_d	other	reg_d
model_stem	b ɛ r	b o ʊ r	b ɛ r d	ʃ ɛ r	ʃ ɛ r d	ʃ ɛ r d	b ɛ r d	1	0	vowel_change	reg_d	reg_d
model_stem	r ɛ s t	r ɛ s t ə d	r ɛ s t ə d	t ɛ s t	t ɛ s t ə d	t ɛ s t ə d	r ɛ s t ə d	1	1	reg_əd	reg_əd	reg_əd
model_stem	p iː	p iː d	p iː d	k iː	k iː d	k iː d	p iː d	1	1	reg_d	reg_d	reg_d
model_stem	ɡ r æ b	ɡ r æ b d	ɡ r æ b d	k j uː b	k j uː b d	k j uː b d	ɡ r æ b d	1	1	reg_d	reg_d	reg_d
model_stem	ə p r o ʊ t͡ʃ	ə p r o ʊ t͡ʃ t	ə p r o ʊ t͡ʃ t	s ə p r ɛ s	s ə p r ɛ s t	s ə p r ɛ s t	ə p r o ʊ t͡ʃ t	1	1	reg_t	reg_t	reg_t
model_stem	p iː l	p iː l d	p iː l d	h iː l	h iː l d	h iː l d	p iː l d	1	1	reg_d	reg_d	reg_d
model_stem	m ɑː r t͡ʃ	m ɑː r t͡ʃ t	m ɑː r t͡ʃ t	m ʌ n t͡ʃ	m ʌ n t͡ʃ t	m ʌ n t͡ʃ t	m ɑː r t͡ʃ t	1	1	reg_t	reg_t	reg_t
model_stem	t æ k ə l	t æ k ə l d	t æ k ə l d	t ɪ k ə l	t ɪ k ə l d	t ɪ k ə l d	t æ k ə l d	1	1	reg_d	reg_d	reg_d
model_stem	d ɪ ɡ	d ʌ ɡ	d ɪ ɡ d	d ɔ ɡ	d ɔ ɡ d	d ɔ ɡ d	d ɪ ɡ d	1	0	vowel_change	reg_d	reg_d
model_stem	s ɛ t ə l	s ɛ t ə l d	s ɛ t ə l d	ʃ ʌ t ə l	ʃ ʌ t ə l d	ʃ ʌ t ə l d	s ɛ t ə l d	1	1	reg_d	reg_d	reg_d
model_stem	ɪ ɡ n ɔ r	ɪ ɡ n ɔ r d	ɪ n ɔ n r d	s k w ɛ r	s k w ɛ r d	s k w ɛ r d	ɪ ɡ n ɔ r d	0	1	reg_d	other	reg_d
model_stem	k ʌ v ɹ̩	k ʌ v ɹ̩ d	k ʌ v ɹ̩ d	k ʌ l ɹ̩	k ʌ l ɹ̩ d	k ʌ l ɹ̩ d	k ʌ v ɹ̩ d	1	1	reg_d	reg_d	reg_d
model_stem	r ɑː t	r ɑː t ə d	r ɑː t	b ɛ t	b ɛ t	b ɛ t	r ɑː t	1	0	reg_əd	no_change	no_change
model_stem	f l æ t ɹ̩	f l æ t ɹ̩ d	f l æ t ɹ̩ d	w ɪ n t ɹ̩	w ɪ n t ɹ̩ d	w ɪ n t ɹ̩ d	f l æ t ɹ̩ d	1	1	reg_d	reg_d	reg_d
model_stem	b ʌ b ə l	b ʌ b ə l d	b ʌ b ə l d	b æ b ə l	b æ b ə l d	b æ b ə l d	b ʌ b ə l d	1	1	reg_d	reg_d	reg_d
model_stem	k o ʊ ɑː p ɹ̩ e ɪ t	k o ʊ ɑː p ɹ̩ e ɪ t ə d	k ɑː p ɹ̩ e ɪ p j ə d	h ɹ̩ t	h ɹ̩ t	h ɹ̩ t	k o ʊ ɑː p ɹ̩ e ɪ t	0	0	reg_əd	other	no_change
model_stem	ɡ r iː n	ɡ r iː n d	ɡ r iː n d	r uː ə n	r uː ə n d	r uː ə n d	ɡ r iː n d	1	1	reg_d	reg_d	reg_d
model_stem	r e ɪ s	r e ɪ s t	r e ɪ s t	t͡ʃ e ɪ s	t͡ʃ e ɪ s t	t͡ʃ e ɪ s t	r e ɪ s t	1	1	reg_t	reg_t	reg_t
model_stem	d æ n s	d æ n s t	d æ n s t	w æ k s	w æ k s t	w æ k s t	d æ n s t	1	1	reg_t	reg_t	reg_t
model_stem	p r ɑː d͡ʒ ɛ k t	p r ɑː d͡ʒ ɛ k t ə d	p r ɑː d͡ʒ ɛ k t ə d	p r ə t ɛ k t	p r ə t ɛ k t ə d	p r ə t ɛ k t ə d	p r ɑː d͡ʒ ɛ k t ə d	1	1	reg_əd	reg_əd	reg_əd
model_stem	b ɛ ɡ	b ɛ ɡ d	b ɛ ɡ d	t æ ɡ	t æ ɡ d	t æ ɡ d	b ɛ ɡ d	1	1	reg_d	reg_d	reg_d
model_stem	s ɹ̩ v ɪ s	s ɹ̩ v ɪ s t	s ɹ̩ v ɪ s t	p l e ɪ s	p l e ɪ s t	p l e ɪ s t	s ɹ̩ v ɪ s t	1	1	reg_t	reg_t	reg_t
model_stem	r ɛ p r ə z ɛ n t	r ɛ p r ə z ɛ n t ə d	r ɛ p r ɛ p ɛ r ə n d	s ɛ l ə b r e ɪ t	s ɛ l ə b r e ɪ t ə d	s ɛ l ə b r e ɪ t ə d	r ɛ p r ə z ɛ n t ə d	0	1	reg_əd	other	reg_əd
model_stem	ɪ m ɹ̩ d͡ʒ	ɪ m ɹ̩ d͡ʒ d	ɪ m ɹ̩ d͡ʒ d	b r ɪ d͡ʒ	b r ɪ d͡ʒ d	b r ɪ d͡ʒ d	ɪ m ɹ̩ d͡ʒ d	1	1	reg_d	reg_d	reg_d
model_stem	b ɔ ɪ l	b ɔ ɪ l d	b ɔ ɪ l d	ɡ r ɪ l	ɡ r ɪ l d	ɡ r ɪ l d	b ɔ ɪ l d	1	1	reg_d	reg_d	reg_d
model_stem	p ɹ̩ f ɛ k t	p ɹ̩ f ɛ k t ə d	p ɹ̩ d	k ə l ɛ k t	k ə l ɛ k t ə d	k ə l ɛ k t ə d	p ɹ̩ f ɛ k t ə d	0	1	reg_əd	other	reg_əd
model_stem	r a ɪ z	r o ʊ z	r o ʊ z d	s a ɪ z	s a ɪ z d	s a ɪ z d	r a ɪ z d	0	0	vowel_change	vowel_change_suffix	reg_d
model_stem	s k r iː n	s k r iː n d	s k r iː n d	t͡ʃ ɪ k ə n	t͡ʃ ɪ k ə n d	t͡ʃ ɪ k ə n d	s k r iː n d	1	1	reg_d	reg_d	reg_d
model_stem	t r e ɪ n	t r e ɪ n d	t r e ɪ n d	t͡ʃ ɪ k ə n	t͡ʃ ɪ k ə n d	t͡ʃ ɪ k ə n d	t r e ɪ n d	1	1	reg_d	reg_d	reg_d
model_stem	s o ʊ	s o ʊ d	s o ʊ d	ʃ o ʊ	ʃ o ʊ d	ʃ o ʊ d	s o ʊ d	1	1	reg_d	reg_d	reg_d
model_stem	f e ɪ s	f e ɪ s t	f e ɪ s t	t͡ʃ e ɪ s	t͡ʃ e ɪ s t	t͡ʃ e ɪ s t	f e ɪ s t	1	1	reg_t	reg_t	reg_t
model_stem	s t ʌ d iː	s t ʌ d iː d	s t ʌ d	p ɑː r t iː	p ɑː r t iː d	p ɑː r t iː d	s t ʌ d iː d	0	1	reg_d	other	reg_d
model_stem	b l ɑː t	b l ɑː t ə d	b l ɑː t ə d	s w ɑː t	s w ɑː t ə d	s w ɑː t ə d	b l ɑː t ə d	1	1	reg_əd	reg_əd	reg_əd
model_stem	m e ɪ l	m e ɪ l d	m e ɪ l d	f e ɪ l	f e ɪ l d	f e ɪ l d	m e ɪ l d	1	1	reg_d	reg_d	reg_d
model_stem	k l ɪ ŋ	k l ʌ ŋ	k l ɪ ŋ d	b r ɪ ŋ	b r ɔ t	b r ɔ t	k l ɔ t	0	0	vowel_change	reg_d	rhyme_replaced
model_stem	p l ʌ ɡ	p l ʌ ɡ d	p l ʌ ɡ d	d r æ ɡ	d r æ ɡ d	d r æ ɡ d	p l ʌ ɡ d	1	1	reg_d	reg_d	reg_d
model_stem	p r e ɪ	p r e ɪ d	p r e ɪ d	p l e ɪ	p l e ɪ d	p l e ɪ d	p r e ɪ d	1	1	reg_d	reg_d	reg_d
model_stem	f l o ʊ	f l o ʊ d	f l uː	b l o ʊ	b l uː	b l uː	f l uː	1	0	reg_d	vowel_change	vowel_change
model_stem	r iː m a ɪ n d	r iː m a ɪ n d ə d	r iː a ɪ n d	p r iː t ɛ n d	p r iː t ɛ n d ə d	p r iː t ɛ n d ə d	r iː m a ɪ n d ə d	0	1	reg_əd	other	reg_əd
model_stem	ɛ l b o ʊ	ɛ l b o ʊ d	ɛ l o ʊ o ʊ d	f ɑː l o ʊ	f ɑː l o ʊ d	f ɑː l o ʊ d	ɛ l b o ʊ d	0	1	reg_d	other	reg_d
model_stem	f r iː z	f r o ʊ z	f r iː z d	p l iː z	p l iː z d	p l iː z d	f r iː z d	1	0	vowel_change	reg_d	reg_d
model_stem	m ɪ m ɪ k	m ɪ m ɪ k t	m ɪ m ɪ k	s t ɪ ŋ k	s t ʌ ŋ k	s t ʌ ŋ k	NA	0	0	reg_t	no_change	vowel_change
model_stem	w iː l	w iː l d	w iː l d	f iː l	f ɛ l t	f ɛ l t	w ɛ l t	0	0	reg_d	reg_d	vowel_change_suffix
model_stem	p ʌ m p	p ʌ m p t	p ʌ m p t	b ʌ m p	b ʌ m p t	b ʌ m p t	p ʌ m p t	1	1	reg_t	reg_t	reg_t
model_stem	ɪ k s p ɛ k t	ɪ k s p ɛ k t ə d	ɪ k s p ɛ k t ə d	p r ə t ɛ k t	p r ə t ɛ k t ə d	p r ə t ɛ k t ə d	ɪ k s p ɛ k t ə d	1	1	reg_əd	reg_əd	reg_əd
model_stem	w a ɪ n d	w a ɪ n d ə d	w a ʊ n d	f a ɪ n d	f a ʊ n d	f a ʊ n d	w a ʊ n d	1	0	reg_əd	vowel_change	vowel_change
model_stem	s k r ɪ b ə l	s k r ɪ b ə l d	s k r ɪ b ə b d	r iː f j uː ə l	r iː f j uː ə l d	r iː f j uː ə l d	s k r ɪ b ə l d	0	1	reg_d	coda_change	reg_d
model_stem	r ɪ s p ɑː n d	r ɪ s p ɑː n d ə d	r ɪ s p ɑː n d ə d	p r iː t ɛ n d	p r iː t ɛ n d ə d	p r iː t ɛ n d ə d	r ɪ s p ɑː n d ə d	1	1	reg_əd	reg_əd	reg_əd
model_stem	r e ɪ z	r e ɪ z d	r e ɪ z d	s a ɪ z	s a ɪ z d	s a ɪ z d	r e ɪ z d	1	1	reg_d	reg_d	reg_d
model_stem	ɡ ɪ ɡ ə l	ɡ ɪ ɡ ə l d	ɡ ɪ ɡ ə l d	n ɪ b ə l	n ɪ b ə l d	n ɪ b ə l d	ɡ ɪ ɡ ə l d	1	1	reg_d	reg_d	reg_d
model_stem	b ɑː r o ʊ	b ɑː r o ʊ d	b ɑː r o ʊ d	f ɑː l o ʊ	f ɑː l o ʊ d	f ɑː l o ʊ d	b ɑː r o ʊ d	1	1	reg_d	reg_d	reg_d
model_stem	s w ɑː l o ʊ	s w ɑː l o ʊ d	s w ɑː l o ʊ d	f ɑː l o ʊ	f ɑː l o ʊ d	f ɑː l o ʊ d	s w ɑː l o ʊ d	1	1	reg_d	reg_d	reg_d
model_stem	d ɑː r n	d ɑː r n d	d ɑː r n d	d a ʊ n	d a ʊ n d	d a ʊ n d	d ɑː r n d	1	1	reg_d	reg_d	reg_d
model_stem	k ɑː p iː	k ɑː p iː d	k ɑː p ɑː p	k æ r iː	k æ r iː d	k æ r iː d	k ɑː p iː d	0	1	reg_d	other	reg_d
model_stem	s k r e ɪ p	s k r e ɪ p t	s k r e ɪ p t	s t r a ɪ p	s t r a ɪ p t	s t r a ɪ p t	s k r e ɪ p t	1	1	reg_t	reg_t	reg_t
model_stem	h o ʊ m	h o ʊ m d	h o ʊ m d	k o ʊ m	k o ʊ m d	k o ʊ m d	h o ʊ m d	1	1	reg_d	reg_d	reg_d
model_stem	f r iː	f r iː d	f r iː d	r ɪ ŋ	r æ ŋ	r æ ŋ	NA	0	0	reg_d	reg_d	vowel_change
model_stem	b r a ɪ t ə n	b r a ɪ t ə n d	b r a ɪ t ə n d	ə b æ n d ə n	ə b æ n d ə n d	ə b æ n d ə n d	b r a ɪ t ə n d	1	1	reg_d	reg_d	reg_d
model_stem	ə r a ɪ v	ə r a ɪ v d	ə r a ɪ v d	d ɪ z ɹ̩ v	d ɪ z ɹ̩ v d	d ɪ z ɹ̩ v d	ə r a ɪ v d	1	1	reg_d	reg_d	reg_d
model_stem	ɪ k s p l ɔ r	ɪ k s p l ɔ r d	ɪ k s p l ɔ r d	d ɪ s ə p iː r	d ɪ s ə p iː r d	d ɪ s ə p iː r d	ɪ k s p l ɔ r d	1	1	reg_d	reg_d	reg_d
model_stem	p ɹ̩ s	p ɹ̩ s t	p ɹ̩ s t	p iː s	p iː s t	p iː s t	p ɹ̩ s t	1	1	reg_t	reg_t	reg_t
model_stem	t͡ʃ ɪ p	t͡ʃ ɪ p t	t͡ʃ ɪ p t	w ɪ p	w ɪ p t	w ɪ p t	t͡ʃ ɪ p t	1	1	reg_t	reg_t	reg_t
model_stem	b ɑː t ə l	b ɑː t ə l d	b ɑː t ə l d	b æ t ə l	b æ t ə l d	b æ t ə l d	b ɑː t ə l d	1	1	reg_d	reg_d	reg_d
model_stem	ə s o ʊ s iː e ɪ t	ə s o ʊ s iː e ɪ t ə d	ə s a ɪ s t ʊ d	s ɛ l ə b r e ɪ t	s ɛ l ə b r e ɪ t ə d	s ɛ l ə b r e ɪ t ə d	ə s o ʊ s iː e ɪ t ə d	0	1	reg_əd	other	reg_əd
model_stem	ɪ n s ɪ s t	ɪ n s ɪ s t ə d	ɪ n s ɪ s t ə d	ɪ k s ɛ p t	ɪ k s ɛ p t ə d	ɪ k s ɛ p t ə d	ɪ n s ɪ s t ə d	1	1	reg_əd	reg_əd	reg_əd
model_stem	w iː	w iː d	w iː d	k iː	k iː d	k iː d	w iː d	1	1	reg_d	reg_d	reg_d
model_stem	ʃ ɔ r t ə n	ʃ ɔ r t ə n d	ʃ ɔ r t ə n d	ʃ ɑː r p ə n	ʃ ɑː r p ə n d	ʃ ɑː r p ə n d	ʃ ɔ r t ə n d	1	1	reg_d	reg_d	reg_d
model_stem	ə n l ɑː k	ə n l ɑː k t	ə n l ɑː k t	s ɑː k	s ɑː k t	s ɑː k t	ə n l ɑː k t	1	1	reg_t	reg_t	reg_t
model_stem	d ʌ b ə l	d ʌ b ə l d	d ʌ b ə l d	ɡ ɑː b ə l	ɡ ɑː b ə l d	ɡ ɑː b ə l d	d ʌ b ə l d	1	1	reg_d	reg_d	reg_d
model_stem	m ɑː p	m ɑː p t	m ɑː p t	t ɑː p	t ɑː p t	t ɑː p t	m ɑː p t	1	1	reg_t	reg_t	reg_t
model_stem	f ɛ t͡ʃ	f ɛ t͡ʃ t	f ɛ t͡ʃ t	h æ t͡ʃ	h æ t͡ʃ t	h æ t͡ʃ t	f ɛ t͡ʃ t	1	1	reg_t	reg_t	reg_t
model_stem	ʃ ɛ d	ʃ ɛ d ə d	ʃ ɛ d ə d	h ɛ d	h ɛ d ə d	h ɛ d ə d	ʃ ɛ d ə d	1	1	reg_əd	reg_əd	reg_əd
model_stem	t r æ p	t r æ p t	t r æ p t	d ʌ m p	d ʌ m p t	d ʌ m p t	t r æ p t	1	1	reg_t	reg_t	reg_t
model_stem	b ɪ h e ɪ v	b ɪ h e ɪ v d	b ɪ h e ɪ v d	ɪ n v ɑː l v	ɪ n v ɑː l v d	ɪ n v ɑː l v d	b ɪ h e ɪ v d	1	1	reg_d	reg_d	reg_d
model_stem	d ɪ l iː t	d ɪ l iː t ə d	d ɪ l iː t ə d	r ɪ p iː t	r ɪ p iː t ə d	r ɪ p iː t ə d	d ɪ l iː t ə d	1	1	reg_əd	reg_əd	reg_əd
model_stem	p æ n	p æ n d	p æ n d	p ɪ n	p ɪ n d	p ɪ n d	p æ n d	1	1	reg_d	reg_d	reg_d
model_stem	s k æ l ə p	s k æ l ə p t	s k æ l ə p t	s t r a ɪ p	s t r a ɪ p t	s t r a ɪ p t	s k æ l ə p t	1	1	reg_t	reg_t	reg_t
model_stem	n o ʊ t	n o ʊ t ə d	n o ʊ t ə d	k o ʊ t	k o ʊ t ə d	k o ʊ t ə d	n o ʊ t ə d	1	1	reg_əd	reg_əd	reg_əd
model_stem	p ɑː k ə t	p ɑː k ə t ə d	p ɑː k ə t ə d	f ɛ r ə t	f ɛ r ə t ə d	f ɛ r ə t ə d	p ɑː k ə t ə d	1	1	reg_əd	reg_əd	reg_əd
model_stem	r ə f l ɛ k t	r ə f l ɛ k t ə d	r ə l ɛ k ɛ t ə d	p r ə t ɛ k t	p r ə t ɛ k t ə d	p r ə t ɛ k t ə d	r ə f l ɛ k t ə d	0	1	reg_əd	other	reg_əd
model_stem	s t e ɪ t	s t e ɪ t ə d	s t e ɪ t ə d	s k e ɪ t	s k e ɪ t ə d	s k e ɪ t ə d	s t e ɪ t ə d	1	1	reg_əd	reg_əd	reg_əd
model_stem	p r a ɪ	p r a ɪ d	p r a ɪ d	k r a ɪ	k r a ɪ d	k r a ɪ d	p r a ɪ d	1	1	reg_d	reg_d	reg_d
model_stem	ʃ uː	ʃ uː d	ʃ uː d	w uː	w uː d	w uː d	ʃ uː d	1	1	reg_d	reg_d	reg_d
model_stem	k ɑː n s ə n t r e ɪ t	k ɑː n s ə n t r e ɪ t ə d	k ə d	ɪ k s p ɛ r ə m ə n t	ɪ k s p ɛ r ə m ə n t ə d	ɪ k s p ɛ r ə m ə n t ə d	k ɑː n s ə n t r e ɪ t ə d	0	1	reg_əd	other	reg_əd
model_stem	s ʌ f ɹ̩	s ʌ f ɹ̩ d	s ʌ f ɹ̩ d	m æ t ɹ̩	m æ t ɹ̩ d	m æ t ɹ̩ d	s ʌ f ɹ̩ d	1	1	reg_d	reg_d	reg_d
model_stem	s ɪ z ə l	s ɪ z ə l d	s ɪ z ə l d	s ɹ̩ k ə l	s ɹ̩ k ə l d	s ɹ̩ k ə l d	s ɪ z ə l d	1	1	reg_d	reg_d	reg_d
model_stem	p r ə p o ʊ z	p r ə p o ʊ z d	p r ə p r ʊ z d	s ɹ̩ p r a ɪ z	s ɹ̩ p r a ɪ z d	s ɹ̩ p r a ɪ z d	p r ə p o ʊ z d	0	1	reg_d	other	reg_d
model_stem	θ ɔ	θ ɔ d	θ ɔ d	s ɔ	s ɔ d	s ɔ d	θ ɔ d	1	1	reg_d	reg_d	reg_d
model_stem	r ɪ l e ɪ t	r ɪ l e ɪ t ə d	r ɪ l e ɪ t ə d	k r iː e ɪ t	k r iː e ɪ t ə d	k r iː e ɪ t ə d	r ɪ l e ɪ t ə d	1	1	reg_əd	reg_əd	reg_əd
model_stem	t ɪ k	t ɪ k t	t ɪ k t	k ɪ k	k ɪ k t	k ɪ k t	t ɪ k t	1	1	reg_t	reg_t	reg_t
model_stem	ɛ d͡ʒ	ɛ d͡ʒ d	ɛ d͡ʒ uː d͡ʒ uː d͡ʒ d	r iː t͡ʃ ɑː r d͡ʒ	r iː t͡ʃ ɑː r d͡ʒ d	r iː t͡ʃ ɑː r d͡ʒ d	ɛ d͡ʒ d	0	1	reg_d	other	reg_d
model_stem	ɪ ɡ z ɪ s t	ɪ ɡ z ɪ s t ə d	ɪ ɡ æ s t	ɪ k s ɛ p t	ɪ k s ɛ p t ə d	ɪ k s ɛ p t ə d	ɪ ɡ z ɪ s t ə d	0	1	reg_əd	other	reg_əd
model_stem	θ ɪ k ə n	θ ɪ k ə n d	θ ɪ k ə n d	t͡ʃ ɪ k ə n	t͡ʃ ɪ k ə n d	t͡ʃ ɪ k ə n d	θ ɪ k ə n d	1	1	reg_d	reg_d	reg_d
model_stem	r ɪ t ɹ̩ n	r ɪ t ɹ̩ n d	r ɪ t ɹ̩ n d	b ʌ t ə n	b ʌ t ə n d	b ʌ t ə n d	r ɪ t ɹ̩ n d	1	1	reg_d	reg_d	reg_d
model_stem	t͡ʃ ɑː r d͡ʒ	t͡ʃ ɑː r d͡ʒ d	t͡ʃ ɑː r d͡ʒ d	p e ɪ d͡ʒ	p e ɪ d͡ʒ d	p e ɪ d͡ʒ d	t͡ʃ ɑː r d͡ʒ d	1	1	reg_d	reg_d	reg_d
model_stem	s t o ʊ n	s t o ʊ n d	s t o ʊ n d	ɡ r o ʊ n	ɡ r o ʊ n d	ɡ r o ʊ n d	s t o ʊ n d	1	1	reg_d	reg_d	reg_d
model_stem	w ɛ l k ə m	w ɛ l k ə m d	w ɛ l k ə m d	b l e ɪ m	b l e ɪ m d	b l e ɪ m d	w ɛ l k ə m d	1	1	reg_d	reg_d	reg_d
model_decision	s iː	s ɔ	s iː d	k iː	k iː d	k iː d	s iː d	1	0	vowel_change	reg_d	reg_d
model_decision	ɡ ɛ t	ɡ ɑː t	ɡ ɛ t	b ɛ t	b ɛ t	b ɛ t	ɡ ɛ t	1	0	vowel_change	no_change	no_change
model_decision	n ɑː k	n ɑː k t	n ɑː k t	k ɑː k	k ɑː k t	k ɑː k t	n ɑː k t	1	1	reg_t	reg_t	reg_t
model_decision	θ ɪ ŋ k	θ ɔ t	θ ɪ ŋ k t	w ɪ ŋ k	w ɪ ŋ k t	w ɪ ŋ k t	θ ɪ ŋ k t	1	0	rhyme_replaced	reg_t	reg_t
model_decision	k l iː n	k l iː n d	k l iː n d	p l æ n	p l æ n d	p l æ n d	k l iː n d	1	1	reg_d	reg_d	reg_d
model_decision	b ɪ l iː v	b ɪ l iː v d	b ɪ l iː v d	r ɪ l iː v	r ɪ l iː v d	r ɪ l iː v d	b ɪ l iː v d	1	1	reg_d	reg_d	reg_d
model_decision	ɡ ɪ v	ɡ e ɪ v	ɡ ɪ v d	l ʌ v	l ʌ v d	l ʌ v d	ɡ ɪ v d	1	0	vowel_change	reg_d	reg_d
model_decision	t e ɪ k	t ʊ k	t e ɪ k t	b e ɪ k	b e ɪ k t	b e ɪ k t	t e ɪ k t	1	0	vowel_change	reg_t	reg_t
model_decision	s t æ n d	s t ʊ d	s t æ n t ə d	s p ɛ n d	s p ɛ n t	s p ɛ n t	s t æ n t	0	0	rhyme_replaced	other	coda_change
model_decision	j ɛ l	j ɛ l d	j ɛ l d	j uː z	j uː z d	j uː z d	j ɛ l d	1	1	reg_d	reg_d	reg_d
model_decision	f ɪ k s	f ɪ k s t	f ɪ k s t	m ɪ k s	m ɪ k s t	m ɪ k s t	f ɪ k s t	1	1	reg_t	reg_t	reg_t
model_decision	k l æ p	k l æ p t	k l æ p t	f l æ p	f l æ p t	f l æ p t	k l æ p t	1	1	reg_t	reg_t	reg_t
model_decision	r a ɪ m	r a ɪ m d	r o ʊ m	r a ɪ d	r o ʊ d	r o ʊ d	NA	0	0	reg_d	vowel_change	vowel_change
model_decision	t ɛ l	t o ʊ l d	t ɛ l d	ʃ ɛ l	ʃ ɛ l d	ʃ ɛ l d	t ɛ l d	1	0	vowel_change_suffix	reg_d	reg_d
model_decision	f ɔ l	f ɛ l	f ɔ l d	f ɪ l	f ɪ l d	f ɪ l d	f ɔ l d	1	0	vowel_change	reg_d	reg_d
model_decision	r o ʊ l	r o ʊ l d	r o ʊ l d	b o ʊ l	b o ʊ l d	b o ʊ l d	r o ʊ l d	1	1	reg_d	reg_d	reg_d
model_decision	k uː l	k uː l d	k uː l d	k ɹ̩ l	k ɹ̩ l d	k ɹ̩ l d	k uː l d	1	1	reg_d	reg_d	reg_d
model_decision	s ɪ ŋ	s æ ŋ	s æ ŋ	s ɪ t	s æ t	s æ t	NA	0	0	vowel_change	vowel_change	vowel_change
model_decision	h o ʊ l d	h ɛ l d	h o ʊ l d	s a ʊ n d	s a ʊ n d ə d	s a ʊ n d ə d	h o ʊ l d ə d	0	0	vowel_change	no_change	reg_əd
model_decision	d r ɛ s	d r ɛ s t	d r ɛ s t	f ɔ r s	f ɔ r s t	f ɔ r s t	d r ɛ s t	1	1	reg_t	reg_t	reg_t
model_decision	w e ɪ k	w o ʊ k	w e ɪ k t	b e ɪ k	b e ɪ k t	b e ɪ k t	w e ɪ k t	1	0	vowel_change	reg_t	reg_t
model_decision	m uː v	m uː v d	m uː v d	ʃ ʌ v	ʃ ʌ v d	ʃ ʌ v d	m uː v d	1	1	reg_d	reg_d	reg_d
model_decision	b ɪ l d	b ɪ l t	b ɪ l d ə d	b æ n d	b æ n d ə d	b æ n d ə d	b ɪ l d ə d	1	0	coda_change	reg_əd	reg_əd
model_decision	p uː p	p uː p t	p uː p t	w uː p	w uː p t	w uː p t	p uː p t	1	1	reg_t	reg_t	reg_t
model_decision	k ɛ r	k ɛ r d	k ɛ r d	ʃ ɛ r	ʃ ɛ r d	ʃ ɛ r d	k ɛ r d	1	1	reg_d	reg_d	reg_d
model_decision	b ɛ r iː	b ɛ r iː d	b ɛ r iː d	h ɛ r iː	h ɛ r iː d	h ɛ r iː d	b ɛ r iː d	1	1	reg_d	reg_d	reg_d
model_decision	p æ n t	p æ n t ə d	p æ n t ə d	w ɔ n t	w ɔ n t ə d	w ɔ n t ə d	p æ n t ə d	1	1	reg_əd	reg_əd	reg_əd
model_decision	t ʌ k	t ʌ k t	t ʌ k t	s ʌ k	s ʌ k t	s ʌ k t	t ʌ k t	1	1	reg_t	reg_t	reg_t
model_decision	b ɑː ð ɹ̩	b ɑː ð ɹ̩ d	b ɑː r ɹ̩ d	æ d	æ d ə d	æ d ə d	b ɑː ð ɹ̩ ə d	0	0	reg_d	other	reg_əd
model_decision	ɛ ɡ z ɪ t	ɛ ɡ z ɪ t ə d	ɛ z ɪ z t ə d	m o ʊ	m o ʊ d	m o ʊ d	ɛ ɡ z ɪ t d	0	0	reg_əd	other	reg_d
model_decision	s t e ɪ	s t e ɪ d	s t e ɪ d	s w e ɪ	s w e ɪ d	s w e ɪ d	s t e ɪ d	1	1	reg_d	reg_d	reg_d
model_decision	w ʌ n d ɹ̩	w ʌ n d ɹ̩ d	w ʌ n d ɹ̩ d	w ɑː n d ɹ̩	w ɑː n d ɹ̩ d	w ɑː n d ɹ̩ d	w ʌ n d ɹ̩ d	1	1	reg_d	reg_d	reg_d
model_decision	d ɪ p	d ɪ p t	d ɪ p t	t ɪ p	t ɪ p t	t ɪ p t	d ɪ p t	1	1	reg_t	reg_t	reg_t
model_decision	h ʌ ɡ	h ʌ ɡ d	h ʌ ɡ d	t͡ʃ ʌ ɡ	t͡ʃ ʌ ɡ d	t͡ʃ ʌ ɡ d	h ʌ ɡ d	1	1	reg_d	reg_d	reg_d
model_decision	v ɔ ɪ s	v ɔ ɪ s t	v ɔ ɪ s t	k r ɔ s	k r ɔ s t	k r ɔ s t	v ɔ ɪ s t	1	1	reg_t	reg_t	reg_t
model_decision	ə t æ t͡ʃ	ə t æ t͡ʃ t	ə t æ t͡ʃ t	p ɪ n t͡ʃ	p ɪ n t͡ʃ t	p ɪ n t͡ʃ t	ə t æ t͡ʃ t	1	1	reg_t	reg_t	reg_t
model_decision	s m ɛ l	s m ɛ l d	s m ɛ l d	s p ɛ l	s p ɛ l d	s p ɛ l d	s m ɛ l d	1	1	reg_d	reg_d	reg_d
model_decision	f ɪ n ɪ ʃ	f ɪ n ɪ ʃ t	f ɪ n	r ʌ n	r ʌ n	r æ n	f ɪ n ɪ ʃ	0	0	reg_t	other	no_change
model_decision	t r ɑː t	t r ɑː t ə d	t r ɑː t ə d	s w ɑː t	s w ɑː t ə d	s w ɑː t ə d	t r ɑː t ə d	1	1	reg_əd	reg_əd	reg_əd
model_decision	b l ɛ s	b l ɛ s t	b l ɛ s t	f ɔ r s	f ɔ r s t	f ɔ r s t	b l ɛ s t	1	1	reg_t	reg_t	reg_t
model_decision	l ɛ d	l ɛ d ə d	l ɛ d ə d	h ɛ d	h ɛ d ə d	h ɛ d ə d	l ɛ d ə d	1	1	reg_əd	reg_əd	reg_əd
model_decision	p r ɛ s	p r ɛ s t	p r ɛ s t	f ɔ r s	f ɔ r s t	f ɔ r s t	p r ɛ s t	1	1	reg_t	reg_t	reg_t
model_decision	ə n z ɪ p	ə n z ɪ p t	ə n z ɪ p t	s t r ɪ p	s t r ɪ p t	s t r ɪ p t	ə n z ɪ p t	1	1	reg_t	reg_t	reg_t
model_decision	f ɪ l t ɹ̩	f ɪ l t ɹ̩ d	f ɪ l t ɹ̩ d	d ɑː k t ɹ̩	d ɑː k t ɹ̩ d	d ɑː k t ɹ̩ d	f ɪ l t ɹ̩ d	1	1	reg_d	reg_d	reg_d
model_decision	ʃ e ɪ v	ʃ e ɪ v d	ʃ e ɪ v d	w e ɪ v	w e ɪ v d	w e ɪ v d	ʃ e ɪ v d	1	1	reg_d	reg_d	reg_d
model_decision	k ɑː s t	k ɑː s t	k ɑː s t ə d	s ɔ r t	s ɔ r t ə d	s ɔ r t ə d	k ɑː s t ə d	1	0	no_change	reg_əd	reg_əd
model_decision	b r ʌ ʃ	b r ʌ ʃ t	b r ʌ ʃ t	k r ʌ ʃ	k r ʌ ʃ t	k r ʌ ʃ t	b r ʌ ʃ t	1	1	reg_t	reg_t	reg_t
model_decision	l æ n d	l æ n d ə d	l æ n d ə d	b æ n d	b æ n d ə d	b æ n d ə d	l æ n d ə d	1	1	reg_əd	reg_əd	reg_əd
model_decision	s t ɛ p	s t ɛ p t	s t ɛ p t	s k uː p	s k uː p t	s k uː p t	s t ɛ p t	1	1	reg_t	reg_t	reg_t
model_decision	m ɪ l k	m ɪ l k t	m ɪ l k t	l a ɪ k	l a ɪ k t	l a ɪ k t	m ɪ l k t	1	1	reg_t	reg_t	reg_t
model_decision	b ɛ s t	b ɛ s t ə d	b ɛ s t ə d	t ɛ s t	t ɛ s t ə d	t ɛ s t ə d	b ɛ s t ə d	1	1	reg_əd	reg_əd	reg_əd
model_decision	m a ɪ n d	m a ɪ n d ə d	m a ʊ n d	f a ɪ n d	f a ʊ n d	f a ʊ n d	m a ʊ n d	1	0	reg_əd	vowel_change	vowel_change
model_decision	w a ɪ t	w a ɪ t ə d	w a ɪ t	k w ɪ t	k w ɪ t	k w ɪ t	w a ɪ t	1	0	reg_əd	no_change	no_change
model_decision	m æ k s	m æ k s t	m æ k s t	w æ k s	w æ k s t	w æ k s t	m æ k s t	1	1	reg_t	reg_t	reg_t
model_decision	r iː t͡ʃ	r iː t͡ʃ t	r iː t͡ʃ t	h æ t͡ʃ	h æ t͡ʃ t	h æ t͡ʃ t	r iː t͡ʃ t	1	1	reg_t	reg_t	reg_t
model_decision	h o ʊ p	h o ʊ p t	h o ʊ p t	s l æ p	s l æ p t	s l æ p t	h o ʊ p t	1	1	reg_t	reg_t	reg_t
model_decision	f o ʊ l d	f o ʊ l d ə d	f o ʊ l d	s a ʊ n d	s a ʊ n d ə d	s a ʊ n d ə d	f o ʊ l d ə d	0	1	reg_əd	no_change	reg_əd
model_decision	k l ɪ n t͡ʃ	k l ɪ n t͡ʃ t	k l ɪ n t͡ʃ t	k r ʌ n t͡ʃ	k r ʌ n t͡ʃ t	k r ʌ n t͡ʃ t	k l ɪ n t͡ʃ t	1	1	reg_t	reg_t	reg_t
model_decision	t r ɪ k	t r ɪ k t	t r ɪ k t	t r ʌ k	t r ʌ k t	t r ʌ k t	t r ɪ k t	1	1	reg_t	reg_t	reg_t
model_decision	b ɛ n d	b ɛ n d ə d	b ɛ n d ə d	b æ n d	b æ n d ə d	b æ n d ə d	b ɛ n d ə d	1	1	reg_əd	reg_əd	reg_əd
model_decision	a ɪ d ɛ n t ə f a ɪ	a ɪ d ɛ n t ə f a ɪ d	a ʊ d	f a ɪ n d	f a ʊ n d	f a ʊ n d	NA	0	0	reg_d	other	vowel_change
model_decision	d͡ʒ ɔ ɪ n	d͡ʒ ɔ ɪ n d	d͡ʒ ɔ ɪ n d	s a ɪ n	s a ɪ n d	s a ɪ n d	d͡ʒ ɔ ɪ n d	1	1	reg_d	reg_d	reg_d
model_decision	k ə n f j uː z	k ə n f j uː z d	k ə f f j uː z d	f ɑː l o ʊ	f ɑː l o ʊ d	f ɑː l o ʊ d	k ə n f j uː z d	0	1	reg_d	other	reg_d
model_decision	b ɛ r	b o ʊ r	b ɛ r d	ʃ ɛ r	ʃ ɛ r d	ʃ ɛ r d	b ɛ r d	1	0	vowel_change	reg_d	reg_d
model_decision	r ɛ s t	r ɛ s t ə d	r ɛ s t ə d	t ɛ s t	t ɛ s t ə d	t ɛ s t ə d	r ɛ s t ə d	1	1	reg_əd	reg_əd	reg_əd
model_decision	p iː	p iː d	p iː d	k iː	k iː d	k iː d	p iː d	1	1	reg_d	reg_d	reg_d
model_decision	ɡ r æ b	ɡ r æ b d	ɡ r æ b d	k j uː b	k j uː b d	k j uː b d	ɡ r æ b d	1	1	reg_d	reg_d	reg_d
model_decision	ə p r o ʊ t͡ʃ	ə p r o ʊ t͡ʃ t	ə p r o ʊ t͡ʃ t	s ə p r ɛ s	s ə p r ɛ s t	s ə p r ɛ s t	ə p r o ʊ t͡ʃ t	1	1	reg_t	reg_t	reg_t
model_decision	p iː l	p iː l d	p iː l d	h iː l	h iː l d	h iː l d	p iː l d	1	1	reg_d	reg_d	reg_d
model_decision	m ɑː r t͡ʃ	m ɑː r t͡ʃ t	m ɑː r t͡ʃ t	m ʌ n t͡ʃ	m ʌ n t͡ʃ t	m ʌ n t͡ʃ t	m ɑː r t͡ʃ t	1	1	reg_t	reg_t	reg_t
model_decision	t æ k ə l	t æ k ə l d	t æ k ə l d	t ɪ k ə l	t ɪ k ə l d	t ɪ k ə l d	t æ k ə l d	1	1	reg_d	reg_d	reg_d
model_decision	d ɪ ɡ	d ʌ ɡ	d ɪ ɡ d	d ɔ ɡ	d ɔ ɡ d	d ɔ ɡ d	d ɪ ɡ d	1	0	vowel_change	reg_d	reg_d
model_decision	s ɛ t ə l	s ɛ t ə l d	s ɛ t ə l d	ʃ ʌ t ə l	ʃ ʌ t ə l d	ʃ ʌ t ə l d	s ɛ t ə l d	1	1	reg_d	reg_d	reg_d
model_decision	ɪ ɡ n ɔ r	ɪ ɡ n ɔ r d	ɪ n ɔ n r d	t a ɪ	t a ɪ d	t a ɪ d	ɪ ɡ n ɔ r d	0	1	reg_d	other	reg_d
model_decision	k ʌ v ɹ̩	k ʌ v ɹ̩ d	k ʌ v ɹ̩ d	k ʌ l ɹ̩	k ʌ l ɹ̩ d	k ʌ l ɹ̩ d	k ʌ v ɹ̩ d	1	1	reg_d	reg_d	reg_d
model_decision	r ɑː t	r ɑː t ə d	r ɑː t	b ɛ t	b ɛ t	b ɛ t	r ɑː t	1	0	reg_əd	no_change	no_change
model_decision	f l æ t ɹ̩	f l æ t ɹ̩ d	f l æ t ɹ̩ d	w ɪ n t ɹ̩	w ɪ n t ɹ̩ d	w ɪ n t ɹ̩ d	f l æ t ɹ̩ d	1	1	reg_d	reg_d	reg_d
model_decision	b ʌ b ə l	b ʌ b ə l d	b ʌ b ə l d	b æ b ə l	b æ b ə l d	b æ b ə l d	b ʌ b ə l d	1	1	reg_d	reg_d	reg_d
model_decision	k o ʊ ɑː p ɹ̩ e ɪ t	k o ʊ ɑː p ɹ̩ e ɪ t ə d	k ɑː p ɹ̩ e ɪ p j ə d	s p l æ ʃ	s p l æ ʃ t	s p l æ ʃ t	k o ʊ ɑː p ɹ̩ e ɪ t t	0	0	reg_əd	other	reg_t
model_decision	ɡ r iː n	ɡ r iː n d	ɡ r iː n d	r uː ə n	r uː ə n d	r uː ə n d	ɡ r iː n d	1	1	reg_d	reg_d	reg_d
model_decision	r e ɪ s	r e ɪ s t	r e ɪ s t	t͡ʃ e ɪ s	t͡ʃ e ɪ s t	t͡ʃ e ɪ s t	r e ɪ s t	1	1	reg_t	reg_t	reg_t
model_decision	d æ n s	d æ n s t	d æ n s t	w æ k s	w æ k s t	w æ k s t	d æ n s t	1	1	reg_t	reg_t	reg_t
model_decision	p r ɑː d͡ʒ ɛ k t	p r ɑː d͡ʒ ɛ k t ə d	p r ɑː d͡ʒ ɛ k t ə d	p r ə t ɛ k t	p r ə t ɛ k t ə d	p r ə t ɛ k t ə d	p r ɑː d͡ʒ ɛ k t ə d	1	1	reg_əd	reg_əd	reg_əd
model_decision	b ɛ ɡ	b ɛ ɡ d	b ɛ ɡ d	t æ ɡ	t æ ɡ d	t æ ɡ d	b ɛ ɡ d	1	1	reg_d	reg_d	reg_d
model_decision	s ɹ̩ v ɪ s	s ɹ̩ v ɪ s t	s ɹ̩ v ɪ s t	p l e ɪ s	p l e ɪ s t	p l e ɪ s t	s ɹ̩ v ɪ s t	1	1	reg_t	reg_t	reg_t
model_decision	r ɛ p r ə z ɛ n t	r ɛ p r ə z ɛ n t ə d	r ɛ p r ɛ p ɛ r ə n d	f iː d	f ɛ d	f ɛ d	NA	0	0	reg_əd	other	vowel_change
model_decision	ɪ m ɹ̩ d͡ʒ	ɪ m ɹ̩ d͡ʒ d	ɪ m ɹ̩ d͡ʒ d	b r ɪ d͡ʒ	b r ɪ d͡ʒ d	b r ɪ d͡ʒ d	ɪ m ɹ̩ d͡ʒ d	1	1	reg_d	reg_d	reg_d
model_decision	b ɔ ɪ l	b ɔ ɪ l d	b ɔ ɪ l d	ɡ r ɪ l	ɡ r ɪ l d	ɡ r ɪ l d	b ɔ ɪ l d	1	1	reg_d	reg_d	reg_d
model_decision	p ɹ̩ f ɛ k t	p ɹ̩ f ɛ k t ə d	p ɹ̩ d	p ɛ p ɹ̩	p ɛ p ɹ̩ d	p ɛ p ɹ̩ d	p ɹ̩ f ɛ k t d	0	0	reg_əd	other	reg_d
model_decision	r a ɪ z	r o ʊ z	r o ʊ z d	r a ɪ d	r o ʊ d	r o ʊ d	NA	0	0	vowel_change	vowel_change_suffix	vowel_change
model_decision	s k r iː n	s k r iː n d	s k r iː n d	t͡ʃ ɪ k ə n	t͡ʃ ɪ k ə n d	t͡ʃ ɪ k ə n d	s k r iː n d	1	1	reg_d	reg_d	reg_d
model_decision	t r e ɪ n	t r e ɪ n d	t r e ɪ n d	t͡ʃ ɪ k ə n	t͡ʃ ɪ k ə n d	t͡ʃ ɪ k ə n d	t r e ɪ n d	1	1	reg_d	reg_d	reg_d
model_decision	s o ʊ	s o ʊ d	s o ʊ d	ʃ o ʊ	ʃ o ʊ d	ʃ o ʊ d	s o ʊ d	1	1	reg_d	reg_d	reg_d
model_decision	f e ɪ s	f e ɪ s t	f e ɪ s t	t͡ʃ e ɪ s	t͡ʃ e ɪ s t	t͡ʃ e ɪ s t	f e ɪ s t	1	1	reg_t	reg_t	reg_t
model_decision	s t ʌ d iː	s t ʌ d iː d	s t ʌ d	s p r ɛ d	s p r ɛ d	s p r ɛ d	s t ʌ d iː	0	0	reg_d	other	no_change
model_decision	b l ɑː t	b l ɑː t ə d	b l ɑː t ə d	s w ɑː t	s w ɑː t ə d	s w ɑː t ə d	b l ɑː t ə d	1	1	reg_əd	reg_əd	reg_əd
model_decision	m e ɪ l	m e ɪ l d	m e ɪ l d	f e ɪ l	f e ɪ l d	f e ɪ l d	m e ɪ l d	1	1	reg_d	reg_d	reg_d
model_decision	k l ɪ ŋ	k l ʌ ŋ	k l ɪ ŋ d	l ɔ ŋ	l ɔ ŋ d	l ɔ ŋ d	k l ɪ ŋ d	1	0	vowel_change	reg_d	reg_d
model_decision	p l ʌ ɡ	p l ʌ ɡ d	p l ʌ ɡ d	d r æ ɡ	d r æ ɡ d	d r æ ɡ d	p l ʌ ɡ d	1	1	reg_d	reg_d	reg_d
model_decision	p r e ɪ	p r e ɪ d	p r e ɪ d	p l e ɪ	p l e ɪ d	p l e ɪ d	p r e ɪ d	1	1	reg_d	reg_d	reg_d
model_decision	f l o ʊ	f l o ʊ d	f l uː	b l o ʊ	b l uː	b l uː	f l uː	1	0	reg_d	vowel_change	vowel_change
model_decision	r iː m a ɪ n d	r iː m a ɪ n d ə d	r iː a ɪ n d	s l a ɪ d	s l ɪ d	s l ɪ d	NA	0	0	reg_əd	other	vowel_change
model_decision	ɛ l b o ʊ	ɛ l b o ʊ d	ɛ l o ʊ o ʊ d	b l o ʊ	b l uː	b l uː	ɛ l b uː	0	0	reg_d	other	vowel_change
model_decision	f r iː z	f r o ʊ z	f r iː z d	p l iː z	p l iː z d	p l iː z d	f r iː z d	1	0	vowel_change	reg_d	reg_d
model_decision	m ɪ m ɪ k	m ɪ m ɪ k t	m ɪ m ɪ k	b l ɪ ŋ k	b l ɪ ŋ k t	b l ɪ ŋ k t	m ɪ m ɪ k t	0	1	reg_t	no_change	reg_t
model_decision	w iː l	w iː l d	w iː l d	h iː l	h iː l d	h iː l d	w iː l d	1	1	reg_d	reg_d	reg_d
model_decision	p ʌ m p	p ʌ m p t	p ʌ m p t	b ʌ m p	b ʌ m p t	b ʌ m p t	p ʌ m p t	1	1	reg_t	reg_t	reg_t
model_decision	ɪ k s p ɛ k t	ɪ k s p ɛ k t ə d	ɪ k s p ɛ k t ə d	p r ə t ɛ k t	p r ə t ɛ k t ə d	p r ə t ɛ k t ə d	ɪ k s p ɛ k t ə d	1	1	reg_əd	reg_əd	reg_əd
model_decision	w a ɪ n d	w a ɪ n d ə d	w a ʊ n d	f a ɪ n d	f a ʊ n d	f a ʊ n d	w a ʊ n d	1	0	reg_əd	vowel_change	vowel_change
model_decision	s k r ɪ b ə l	s k r ɪ b ə l d	s k r ɪ b ə b d	k j uː b	k j uː b d	k j uː b d	s k r ɪ b ə l d	0	1	reg_d	coda_change	reg_d
model_decision	r ɪ s p ɑː n d	r ɪ s p ɑː n d ə d	r ɪ s p ɑː n d ə d	p r iː t ɛ n d	p r iː t ɛ n d ə d	p r iː t ɛ n d ə d	r ɪ s p ɑː n d ə d	1	1	reg_əd	reg_əd	reg_əd
model_decision	r e ɪ z	r e ɪ z d	r e ɪ z d	s a ɪ z	s a ɪ z d	s a ɪ z d	r e ɪ z d	1	1	reg_d	reg_d	reg_d
model_decision	ɡ ɪ ɡ ə l	ɡ ɪ ɡ ə l d	ɡ ɪ ɡ ə l d	n ɪ b ə l	n ɪ b ə l d	n ɪ b ə l d	ɡ ɪ ɡ ə l d	1	1	reg_d	reg_d	reg_d
model_decision	b ɑː r o ʊ	b ɑː r o ʊ d	b ɑː r o ʊ d	f ɑː l o ʊ	f ɑː l o ʊ d	f ɑː l o ʊ d	b ɑː r o ʊ d	1	1	reg_d	reg_d	reg_d
model_decision	s w ɑː l o ʊ	s w ɑː l o ʊ d	s w ɑː l o ʊ d	f ɑː l o ʊ	f ɑː l o ʊ d	f ɑː l o ʊ d	s w ɑː l o ʊ d	1	1	reg_d	reg_d	reg_d
model_decision	d ɑː r n	d ɑː r n d	d ɑː r n d	d a ʊ n	d a ʊ n d	d a ʊ n d	d ɑː r n d	1	1	reg_d	reg_d	reg_d
model_decision	k ɑː p iː	k ɑː p iː d	k ɑː p ɑː p	t iː t͡ʃ	t ɔ t	t ɔ t	NA	0	0	reg_d	other	rhyme_replaced
model_decision	s k r e ɪ p	s k r e ɪ p t	s k r e ɪ p t	s t r a ɪ p	s t r a ɪ p t	s t r a ɪ p t	s k r e ɪ p t	1	1	reg_t	reg_t	reg_t
model_decision	h o ʊ m	h o ʊ m d	h o ʊ m d	k o ʊ m	k o ʊ m d	k o ʊ m d	h o ʊ m d	1	1	reg_d	reg_d	reg_d
model_decision	f r iː	f r iː d	f r iː d	s k iː	s k iː d	s k iː d	f r iː d	1	1	reg_d	reg_d	reg_d
model_decision	b r a ɪ t ə n	b r a ɪ t ə n d	b r a ɪ t ə n d	ə b æ n d ə n	ə b æ n d ə n d	ə b æ n d ə n d	b r a ɪ t ə n d	1	1	reg_d	reg_d	reg_d
model_decision	ə r a ɪ v	ə r a ɪ v d	ə r a ɪ v d	d ɪ z ɹ̩ v	d ɪ z ɹ̩ v d	d ɪ z ɹ̩ v d	ə r a ɪ v d	1	1	reg_d	reg_d	reg_d
model_decision	ɪ k s p l ɔ r	ɪ k s p l ɔ r d	ɪ k s p l ɔ r d	d ɪ s ə p iː r	d ɪ s ə p iː r d	d ɪ s ə p iː r d	ɪ k s p l ɔ r d	1	1	reg_d	reg_d	reg_d
model_decision	p ɹ̩ s	p ɹ̩ s t	p ɹ̩ s t	p iː s	p iː s t	p iː s t	p ɹ̩ s t	1	1	reg_t	reg_t	reg_t
model_decision	t͡ʃ ɪ p	t͡ʃ ɪ p t	t͡ʃ ɪ p t	w ɪ p	w ɪ p t	w ɪ p t	t͡ʃ ɪ p t	1	1	reg_t	reg_t	reg_t
model_decision	b ɑː t ə l	b ɑː t ə l d	b ɑː t ə l d	b æ t ə l	b æ t ə l d	b æ t ə l d	b ɑː t ə l d	1	1	reg_d	reg_d	reg_d
model_decision	ə s o ʊ s iː e ɪ t	ə s o ʊ s iː e ɪ t ə d	ə s a ɪ s t ʊ d	m ɪ k s	m ɪ k s t	m ɪ k s t	ə s o ʊ s iː e ɪ t t	0	0	reg_əd	other	reg_t
model_decision	ɪ n s ɪ s t	ɪ n s ɪ s t ə d	ɪ n s ɪ s t ə d	ɪ k s ɛ p t	ɪ k s ɛ p t ə d	ɪ k s ɛ p t ə d	ɪ n s ɪ s t ə d	1	1	reg_əd	reg_əd	reg_əd
model_decision	w iː	w iː d	w iː d	k iː	k iː d	k iː d	w iː d	1	1	reg_d	reg_d	reg_d
model_decision	ʃ ɔ r t ə n	ʃ ɔ r t ə n d	ʃ ɔ r t ə n d	ʃ ɑː r p ə n	ʃ ɑː r p ə n d	ʃ ɑː r p ə n d	ʃ ɔ r t ə n d	1	1	reg_d	reg_d	reg_d
model_decision	ə n l ɑː k	ə n l ɑː k t	ə n l ɑː k t	s ɑː k	s ɑː k t	s ɑː k t	ə n l ɑː k t	1	1	reg_t	reg_t	reg_t
model_decision	d ʌ b ə l	d ʌ b ə l d	d ʌ b ə l d	ɡ ɑː b ə l	ɡ ɑː b ə l d	ɡ ɑː b ə l d	d ʌ b ə l d	1	1	reg_d	reg_d	reg_d
model_decision	m ɑː p	m ɑː p t	m ɑː p t	t ɑː p	t ɑː p t	t ɑː p t	m ɑː p t	1	1	reg_t	reg_t	reg_t
model_decision	f ɛ t͡ʃ	f ɛ t͡ʃ t	f ɛ t͡ʃ t	h æ t͡ʃ	h æ t͡ʃ t	h æ t͡ʃ t	f ɛ t͡ʃ t	1	1	reg_t	reg_t	reg_t
model_decision	ʃ ɛ d	ʃ ɛ d ə d	ʃ ɛ d ə d	h ɛ d	h ɛ d ə d	h ɛ d ə d	ʃ ɛ d ə d	1	1	reg_əd	reg_əd	reg_əd
model_decision	t r æ p	t r æ p t	t r æ p t	d ʌ m p	d ʌ m p t	d ʌ m p t	t r æ p t	1	1	reg_t	reg_t	reg_t
model_decision	b ɪ h e ɪ v	b ɪ h e ɪ v d	b ɪ h e ɪ v d	ɪ n v ɑː l v	ɪ n v ɑː l v d	ɪ n v ɑː l v d	b ɪ h e ɪ v d	1	1	reg_d	reg_d	reg_d
model_decision	d ɪ l iː t	d ɪ l iː t ə d	d ɪ l iː t ə d	r ɪ p iː t	r ɪ p iː t ə d	r ɪ p iː t ə d	d ɪ l iː t ə d	1	1	reg_əd	reg_əd	reg_əd
model_decision	p æ n	p æ n d	p æ n d	p ɪ n	p ɪ n d	p ɪ n d	p æ n d	1	1	reg_d	reg_d	reg_d
model_decision	s k æ l ə p	s k æ l ə p t	s k æ l ə p t	s t r a ɪ p	s t r a ɪ p t	s t r a ɪ p t	s k æ l ə p t	1	1	reg_t	reg_t	reg_t
model_decision	n o ʊ t	n o ʊ t ə d	n o ʊ t ə d	k o ʊ t	k o ʊ t ə d	k o ʊ t ə d	n o ʊ t ə d	1	1	reg_əd	reg_əd	reg_əd
model_decision	p ɑː k ə t	p ɑː k ə t ə d	p ɑː k ə t ə d	f ɛ r ə t	f ɛ r ə t ə d	f ɛ r ə t ə d	p ɑː k ə t ə d	1	1	reg_əd	reg_əd	reg_əd
model_decision	r ə f l ɛ k t	r ə f l ɛ k t ə d	r ə l ɛ k ɛ t ə d	f ɑː l o ʊ	f ɑː l o ʊ d	f ɑː l o ʊ d	r ə f l ɛ k t d	0	0	reg_əd	other	reg_d
model_decision	s t e ɪ t	s t e ɪ t ə d	s t e ɪ t ə d	s k e ɪ t	s k e ɪ t ə d	s k e ɪ t ə d	s t e ɪ t ə d	1	1	reg_əd	reg_əd	reg_əd
model_decision	p r a ɪ	p r a ɪ d	p r a ɪ d	k r a ɪ	k r a ɪ d	k r a ɪ d	p r a ɪ d	1	1	reg_d	reg_d	reg_d
model_decision	ʃ uː	ʃ uː d	ʃ uː d	w uː	w uː d	w uː d	ʃ uː d	1	1	reg_d	reg_d	reg_d
model_decision	k ɑː n s ə n t r e ɪ t	k ɑː n s ə n t r e ɪ t ə d	k ə d	r ɪ d͡ʒ ɛ k t	r ɪ d͡ʒ ɛ k t ə d	r ɪ d͡ʒ ɛ k t ə d	k ɑː n s ə n t r e ɪ t ə d	0	1	reg_əd	other	reg_əd
model_decision	s ʌ f ɹ̩	s ʌ f ɹ̩ d	s ʌ f ɹ̩ d	m æ t ɹ̩	m æ t ɹ̩ d	m æ t ɹ̩ d	s ʌ f ɹ̩ d	1	1	reg_d	reg_d	reg_d
model_decision	s ɪ z ə l	s ɪ z ə l d	s ɪ z ə l d	s ɹ̩ k ə l	s ɹ̩ k ə l d	s ɹ̩ k ə l d	s ɪ z ə l d	1	1	reg_d	reg_d	reg_d
model_decision	p r ə p o ʊ z	p r ə p o ʊ z d	p r ə p r ʊ z d	k r ʌ ʃ	k r ʌ ʃ t	k r ʌ ʃ t	p r ə p o ʊ z t	0	0	reg_d	other	reg_t
model_decision	θ ɔ	θ ɔ d	θ ɔ d	s ɔ	s ɔ d	s ɔ d	θ ɔ d	1	1	reg_d	reg_d	reg_d
model_decision	r ɪ l e ɪ t	r ɪ l e ɪ t ə d	r ɪ l e ɪ t ə d	k r iː e ɪ t	k r iː e ɪ t ə d	k r iː e ɪ t ə d	r ɪ l e ɪ t ə d	1	1	reg_əd	reg_əd	reg_əd
model_decision	t ɪ k	t ɪ k t	t ɪ k t	k ɪ k	k ɪ k t	k ɪ k t	t ɪ k t	1	1	reg_t	reg_t	reg_t
model_decision	ɛ d͡ʒ	ɛ d͡ʒ d	ɛ d͡ʒ uː d͡ʒ uː d͡ʒ d	r iː t͡ʃ ɑː r d͡ʒ	r iː t͡ʃ ɑː r d͡ʒ d	r iː t͡ʃ ɑː r d͡ʒ d	ɛ d͡ʒ d	0	1	reg_d	other	reg_d
model_decision	ɪ ɡ z ɪ s t	ɪ ɡ z ɪ s t ə d	ɪ ɡ æ s t	b ɪ ɡ ɪ n	b ɪ ɡ æ n	b ɪ ɡ æ n	NA	0	0	reg_əd	other	vowel_change
model_decision	θ ɪ k ə n	θ ɪ k ə n d	θ ɪ k ə n d	t͡ʃ ɪ k ə n	t͡ʃ ɪ k ə n d	t͡ʃ ɪ k ə n d	θ ɪ k ə n d	1	1	reg_d	reg_d	reg_d
model_decision	r ɪ t ɹ̩ n	r ɪ t ɹ̩ n d	r ɪ t ɹ̩ n d	b ʌ t ə n	b ʌ t ə n d	b ʌ t ə n d	r ɪ t ɹ̩ n d	1	1	reg_d	reg_d	reg_d
model_decision	t͡ʃ ɑː r d͡ʒ	t͡ʃ ɑː r d͡ʒ d	t͡ʃ ɑː r d͡ʒ d	p e ɪ d͡ʒ	p e ɪ d͡ʒ d	p e ɪ d͡ʒ d	t͡ʃ ɑː r d͡ʒ d	1	1	reg_d	reg_d	reg_d
model_decision	s t o ʊ n	s t o ʊ n d	s t o ʊ n d	ɡ r o ʊ n	ɡ r o ʊ n d	ɡ r o ʊ n d	s t o ʊ n d	1	1	reg_d	reg_d	reg_d
model_decision	w ɛ l k ə m	w ɛ l k ə m d	w ɛ l k ə m d	b l e ɪ m	b l e ɪ m d	b l e ɪ m d	w ɛ l k ə m d	1	1	reg_d	reg_d	reg_d
model_region	s iː	s ɔ	s iː d	k iː	k iː d	k iː d	s iː d	1	0	vowel_change	reg_d	reg_d
model_region	ɡ ɛ t	ɡ ɑː t	ɡ ɛ t	l ɛ t	l ɛ t	l ɛ t	ɡ ɛ t	1	0	vowel_change	no_change	no_change
model_region	n ɑː k	n ɑː k t	n ɑː k t	k ɑː k	k ɑː k t	k ɑː k t	n ɑː k t	1	1	reg_t	reg_t	reg_t
model_region	θ ɪ ŋ k	θ ɔ t	θ ɪ ŋ k t	w ɪ ŋ k	w ɪ ŋ k t	w ɪ ŋ k t	θ ɪ ŋ k t	1	0	rhyme_replaced	reg_t	reg_t
model_region	k l iː n	k l iː n d	k l iː n d	z o ʊ n	z o ʊ n d	z o ʊ n d	k l iː n d	1	1	reg_d	reg_d	reg_d
model_region	b ɪ l iː v	b ɪ l iː v d	b ɪ l iː v d	r ɪ l iː v	r ɪ l iː v d	r ɪ l iː v d	b ɪ l iː v d	1	1	reg_d	reg_d	reg_d
model_region	ɡ ɪ v	ɡ e ɪ v	ɡ ɪ v d	ʃ ʌ v	ʃ ʌ v d	ʃ ʌ v d	ɡ ɪ v d	1	0	vowel_change	reg_d	reg_d
model_region	t e ɪ k	t ʊ k	t e ɪ k t	b e ɪ k	b e ɪ k t	b e ɪ k t	t e ɪ k t	1	0	vowel_change	reg_t	reg_t
model_region	s t æ n d	s t ʊ d	s t æ n t ə d	s p ɛ n d	s p ɛ n t	s p ɛ n t	s t æ n t	0	0	rhyme_replaced	other	coda_change
model_region	j ɛ l	j ɛ l d	j ɛ l d	s ɛ l	s ɛ l d	s o ʊ l d	j ɛ l d	1	1	reg_d	reg_d	reg_d
model_region	f ɪ k s	f ɪ k s t	f ɪ k s t	m ɪ k s	m ɪ k s t	m ɪ k s t	f ɪ k s t	1	1	reg_t	reg_t	reg_t
model_region	k l æ p	k l æ p t	k l æ p t	f l æ p	f l æ p t	f l æ p t	k l æ p t	1	1	reg_t	reg_t	reg_t
model_region	r a ɪ m	r a ɪ m d	r o ʊ m	r a ɪ d	r o ʊ d	r o ʊ d	NA	0	0	reg_d	vowel_change	vowel_change
model_region	t ɛ l	t o ʊ l d	t ɛ l d	ʃ ɛ l	ʃ ɛ l d	ʃ ɛ l d	t ɛ l d	1	0	vowel_change_suffix	reg_d	reg_d
model_region	f ɔ l	f ɛ l	f ɔ l d	b ɔ l	b ɔ l d	b ɔ l d	f ɔ l d	1	0	vowel_change	reg_d	reg_d
model_region	r o ʊ l	r o ʊ l d	r o ʊ l d	b o ʊ l	b o ʊ l d	b o ʊ l d	r o ʊ l d	1	1	reg_d	reg_d	reg_d
model_region	k uː l	k uː l d	k uː l d	p uː l	p uː l d	p uː l d	k uː l d	1	1	reg_d	reg_d	reg_d
model_region	s ɪ ŋ	s æ ŋ	s æ ŋ	s ɪ t	s æ t	s æ t	NA	0	0	vowel_change	vowel_change	vowel_change
model_region	h o ʊ l d	h ɛ l d	h o ʊ l d	s a ʊ n d	s a ʊ n d ə d	s a ʊ n d ə d	h o ʊ l d ə d	0	0	vowel_change	no_change	reg_əd
model_region	d r ɛ s	d r ɛ s t	d r ɛ s t	k r ɔ s	k r ɔ s t	k r ɔ s t	d r ɛ s t	1	1	reg_t	reg_t	reg_t
model_region	w e ɪ k	w o ʊ k	w e ɪ k t	k e ɪ k	k e ɪ k t	k e ɪ k t	w e ɪ k t	1	0	vowel_change	reg_t	reg_t
model_region	m uː v	m uː v d	m uː v d	ʃ ʌ v	ʃ ʌ v d	ʃ ʌ v d	m uː v d	1	1	reg_d	reg_d	reg_d
model_region	b ɪ l d	b ɪ l t	b ɪ l d ə d	h æ n d	h æ n d ə d	h æ n d ə d	b ɪ l d ə d	1	0	coda_change	reg_əd	reg_əd
model_region	p uː p	p uː p t	p uː p t	w uː p	w uː p t	w uː p t	p uː p t	1	1	reg_t	reg_t	reg_t
model_region	k ɛ r	k ɛ r d	k ɛ r d	ʃ ɛ r	ʃ ɛ r d	ʃ ɛ r d	k ɛ r d	1	1	reg_d	reg_d	reg_d
model_region	b ɛ r iː	b ɛ r iː d	b ɛ r iː d	m ɛ r iː	m ɛ r iː d	m ɛ r iː d	b ɛ r iː d	1	1	reg_d	reg_d	reg_d
model_region	p æ n t	p æ n t ə d	p æ n t ə d	h ʌ n t	h ʌ n t ə d	h ʌ n t ə d	p æ n t ə d	1	1	reg_əd	reg_əd	reg_əd
model_region	t ʌ k	t ʌ k t	t ʌ k t	s ʌ k	s ʌ k t	s ʌ k t	t ʌ k t	1	1	reg_t	reg_t	reg_t
model_region	b ɑː ð ɹ̩	b ɑː ð ɹ̩ d	b ɑː r ɹ̩ d	s w ɪ m	s w æ m	s w æ m	NA	0	0	reg_d	other	vowel_change
model_region	ɛ ɡ z ɪ t	ɛ ɡ z ɪ t ə d	ɛ z ɪ z t ə d	ʃ o ʊ	ʃ o ʊ d	ʃ o ʊ d	ɛ ɡ z ɪ t d	0	0	reg_əd	other	reg_d
model_region	s t e ɪ	s t e ɪ d	s t e ɪ d	s w e ɪ	s w e ɪ d	s w e ɪ d	s t e ɪ d	1	1	reg_d	reg_d	reg_d
model_region	w ʌ n d ɹ̩	w ʌ n d ɹ̩ d	w ʌ n d ɹ̩ d	w ɑː n d ɹ̩	w ɑː n d ɹ̩ d	w ɑː n d ɹ̩ d	w ʌ n d ɹ̩ d	1	1	reg_d	reg_d	reg_d
model_region	d ɪ p	d ɪ p t	d ɪ p t	t ɪ p	t ɪ p t	t ɪ p t	d ɪ p t	1	1	reg_t	reg_t	reg_t
model_region	h ʌ ɡ	h ʌ ɡ d	h ʌ ɡ d	t ʌ ɡ	t ʌ ɡ d	t ʌ ɡ d	h ʌ ɡ d	1	1	reg_d	reg_d	reg_d
model_region	v ɔ ɪ s	v ɔ ɪ s t	v ɔ ɪ s t	f ɔ r s	f ɔ r s t	f ɔ r s t	v ɔ ɪ s t	1	1	reg_t	reg_t	reg_t
model_region	ə t æ t͡ʃ	ə t æ t͡ʃ t	ə t æ t͡ʃ t	p ɪ n t͡ʃ	p ɪ n t͡ʃ t	p ɪ n t͡ʃ t	ə t æ t͡ʃ t	1	1	reg_t	reg_t	reg_t
model_region	s m ɛ l	s m ɛ l d	s m ɛ l d	s p ɛ l	s p ɛ l d	s p ɛ l d	s m ɛ l d	1	1	reg_d	reg_d	reg_d
model_region	f ɪ n ɪ ʃ	f ɪ n ɪ ʃ t	f ɪ n	s a ɪ n	s a ɪ n d	s a ɪ n d	f ɪ n ɪ ʃ d	0	0	reg_t	other	reg_d
model_region	t r ɑː t	t r ɑː t ə d	t r ɑː t ə d	s w ɑː t	s w ɑː t ə d	s w ɑː t ə d	t r ɑː t ə d	1	1	reg_əd	reg_əd	reg_əd
model_region	b l ɛ s	b l ɛ s t	b l ɛ s t	k r ɔ s	k r ɔ s t	k r ɔ s t	b l ɛ s t	1	1	reg_t	reg_t	reg_t
model_region	l ɛ d	l ɛ d ə d	l ɛ d ə d	h ɛ d	h ɛ d ə d	h ɛ d ə d	l ɛ d ə d	1	1	reg_əd	reg_əd	reg_əd
model_region	p r ɛ s	p r ɛ s t	p r ɛ s t	k r ɔ s	k r ɔ s t	k r ɔ s t	p r ɛ s t	1	1	reg_t	reg_t	reg_t
model_region	ə n z ɪ p	ə n z ɪ p t	ə n z ɪ p t	ə n r æ p	ə n r æ p t	ə n r æ p t	ə n z ɪ p t	1	1	reg_t	reg_t	reg_t
model_region	f ɪ l t ɹ̩	f ɪ l t ɹ̩ d	f ɪ l t ɹ̩ d	w ɪ n t ɹ̩	w ɪ n t ɹ̩ d	w ɪ n t ɹ̩ d	f ɪ l t ɹ̩ d	1	1	reg_d	reg_d	reg_d
model_region	ʃ e ɪ v	ʃ e ɪ v d	ʃ e ɪ v d	w e ɪ v	w e ɪ v d	w e ɪ v d	ʃ e ɪ v d	1	1	reg_d	reg_d	reg_d
model_region	k ɑː s t	k ɑː s t	k ɑː s t ə d	d ʌ s t	d ʌ s t ə d	d ʌ s t ə d	k ɑː s t ə d	1	0	no_change	reg_əd	reg_əd
model_region	b r ʌ ʃ	b r ʌ ʃ t	b r ʌ ʃ t	k r ʌ ʃ	k r ʌ ʃ t	k r ʌ ʃ t	b r ʌ ʃ t	1	1	reg_t	reg_t	reg_t
model_region	l æ n d	l æ n d ə d	l æ n d ə d	b æ n d	b æ n d ə d	b æ n d ə d	l æ n d ə d	1	1	reg_əd	reg_əd	reg_əd
model_region	s t ɛ p	s t ɛ p t	s t ɛ p t	s k uː p	s k uː p t	s k uː p t	s t ɛ p t	1	1	reg_t	reg_t	reg_t
model_region	m ɪ l k	m ɪ l k t	m ɪ l k t	l a ɪ k	l a ɪ k t	l a ɪ k t	m ɪ l k t	1	1	reg_t	reg_t	reg_t
model_region	b ɛ s t	b ɛ s t ə d	b ɛ s t ə d	t ɛ s t	t ɛ s t ə d	t ɛ s t ə d	b ɛ s t ə d	1	1	reg_əd	reg_əd	reg_əd
model_region	m a ɪ n d	m a ɪ n d ə d	m a ʊ n d	f a ɪ n d	f a ʊ n d	f a ʊ n d	m a ʊ n d	1	0	reg_əd	vowel_change	vowel_change
model_region	w a ɪ t	w a ɪ t ə d	w a ɪ t	h e ɪ t	h e ɪ t ə d	h e ɪ t ə d	w a ɪ t ə d	0	1	reg_əd	no_change	reg_əd
model_region	m æ k s	m æ k s t	m æ k s t	w æ k s	w æ k s t	w æ k s t	m æ k s t	1	1	reg_t	reg_t	reg_t
model_region	r iː t͡ʃ	r iː t͡ʃ t	r iː t͡ʃ t	t ʌ t͡ʃ	t ʌ t͡ʃ t	t ʌ t͡ʃ t	r iː t͡ʃ t	1	1	reg_t	reg_t	reg_t
model_region	h o ʊ p	h o ʊ p t	h o ʊ p t	ʃ e ɪ p	ʃ e ɪ p t	ʃ e ɪ p t	h o ʊ p t	1	1	reg_t	reg_t	reg_t
model_region	f o ʊ l d	f o ʊ l d ə d	f o ʊ l d	s a ʊ n d	s a ʊ n d ə d	s a ʊ n d ə d	f o ʊ l d ə d	0	1	reg_əd	no_change	reg_əd
model_region	k l ɪ n t͡ʃ	k l ɪ n t͡ʃ t	k l ɪ n t͡ʃ t	k r ʌ n t͡ʃ	k r ʌ n t͡ʃ t	k r ʌ n t͡ʃ t	k l ɪ n t͡ʃ t	1	1	reg_t	reg_t	reg_t
model_region	t r ɪ k	t r ɪ k t	t r ɪ k t	l a ɪ k	l a ɪ k t	l a ɪ k t	t r ɪ k t	1	1	reg_t	reg_t	reg_t
model_region	b ɛ n d	b ɛ n d ə d	b ɛ n d ə d	h æ n d	h æ n d ə d	h æ n d ə d	b ɛ n d ə d	1	1	reg_əd	reg_əd	reg_əd
model_region	a ɪ d ɛ n t ə f a ɪ	a ɪ d ɛ n t ə f a ɪ d	a ʊ d	f a ɪ n d	f a ʊ n d	f a ʊ n d	NA	0	0	reg_d	other	vowel_change
model_region	d͡ʒ ɔ ɪ n	d͡ʒ ɔ ɪ n d	d͡ʒ ɔ ɪ n d	s a ɪ n	s a ɪ n d	s a ɪ n d	d͡ʒ ɔ ɪ n d	1	1	reg_d	reg_d	reg_d
model_region	k ə n f j uː z	k ə n f j uː z d	k ə f f j uː z d	h ɹ̩ iː	h ɹ̩ iː d	h ɹ̩ iː d	k ə n f j uː z d	0	1	reg_d	other	reg_d
model_region	b ɛ r	b o ʊ r	b ɛ r d	ʃ ɛ r	ʃ ɛ r d	ʃ ɛ r d	b ɛ r d	1	0	vowel_change	reg_d	reg_d
model_region	r ɛ s t	r ɛ s t ə d	r ɛ s t ə d	t ɛ s t	t ɛ s t ə d	t ɛ s t ə d	r ɛ s t ə d	1	1	reg_əd	reg_əd	reg_əd
model_region	p iː	p iː d	p iː d	k iː	k iː d	k iː d	p iː d	1	1	reg_d	reg_d	reg_d
model_region	ɡ r æ b	ɡ r æ b d	ɡ r æ b d	k j uː b	k j uː b d	k j uː b d	ɡ r æ b d	1	1	reg_d	reg_d	reg_d
model_region	ə p r o ʊ t͡ʃ	ə p r o ʊ t͡ʃ t	ə p r o ʊ t͡ʃ t	s t r a ɪ p	s t r a ɪ p t	s t r a ɪ p t	ə p r o ʊ t͡ʃ t	1	1	reg_t	reg_t	reg_t
model_region	p iː l	p iː l d	p iː l d	h iː l	h iː l d	h iː l d	p iː l d	1	1	reg_d	reg_d	reg_d
model_region	m ɑː r t͡ʃ	m ɑː r t͡ʃ t	m ɑː r t͡ʃ t	m ʌ n t͡ʃ	m ʌ n t͡ʃ t	m ʌ n t͡ʃ t	m ɑː r t͡ʃ t	1	1	reg_t	reg_t	reg_t
model_region	t æ k ə l	t æ k ə l d	t æ k ə l d	t ɪ k ə l	t ɪ k ə l d	t ɪ k ə l d	t æ k ə l d	1	1	reg_d	reg_d	reg_d
model_region	d ɪ ɡ	d ʌ ɡ	d ɪ ɡ d	d ɔ ɡ	d ɔ ɡ d	d ɔ ɡ d	d ɪ ɡ d	1	0	vowel_change	reg_d	reg_d
model_region	s ɛ t ə l	s ɛ t ə l d	s ɛ t ə l d	b æ t ə l	b æ t ə l d	b æ t ə l d	s ɛ t ə l d	1	1	reg_d	reg_d	reg_d
model_region	ɪ ɡ n ɔ r	ɪ ɡ n ɔ r d	ɪ n ɔ n r d	d a ɪ	d a ɪ d	d a ɪ d	ɪ ɡ n ɔ r d	0	1	reg_d	other	reg_d
model_region	k ʌ v ɹ̩	k ʌ v ɹ̩ d	k ʌ v ɹ̩ d	m ɛ ʒ ɹ̩	m ɛ ʒ ɹ̩ d	m ɛ ʒ ɹ̩ d	k ʌ v ɹ̩ d	1	1	reg_d	reg_d	reg_d
model_region	r ɑː t	r ɑː t ə d	r ɑː t	d ɑː t	d ɑː t ə d	d ɑː t ə d	r ɑː t ə d	0	1	reg_əd	no_change	reg_əd
model_region	f l æ t ɹ̩	f l æ t ɹ̩ d	f l æ t ɹ̩ d	w ɪ n t ɹ̩	w ɪ n t ɹ̩ d	w ɪ n t ɹ̩ d	f l æ t ɹ̩ d	1	1	reg_d	reg_d	reg_d
model_region	b ʌ b ə l	b ʌ b ə l d	b ʌ b ə l d	b æ b ə l	b æ b ə l d	b æ b ə l d	b ʌ b ə l d	1	1	reg_d	reg_d	reg_d
model_region	k o ʊ ɑː p ɹ̩ e ɪ t	k o ʊ ɑː p ɹ̩ e ɪ t ə d	k ɑː p ɹ̩ e ɪ p j ə d	s p æ ŋ k	s p æ ŋ k t	s p æ ŋ k t	k o ʊ ɑː p ɹ̩ e ɪ t t	0	0	reg_əd	other	reg_t
model_region	ɡ r iː n	ɡ r iː n d	ɡ r iː n d	s k æ n	s k æ n d	s k æ n d	ɡ r iː n d	1	1	reg_d	reg_d	reg_d
model_region	r e ɪ s	r e ɪ s t	r e ɪ s t	t͡ʃ e ɪ s	t͡ʃ e ɪ s t	t͡ʃ e ɪ s t	r e ɪ s t	1	1	reg_t	reg_t	reg_t
model_region	d æ n s	d æ n s t	d æ n s t	w æ k s	w æ k s t	w æ k s t	d æ n s t	1	1	reg_t	reg_t	reg_t
model_region	p r ɑː d͡ʒ ɛ k t	p r ɑː d͡ʒ ɛ k t ə d	p r ɑː d͡ʒ ɛ k t ə d	p r iː z ɛ n t	p r iː z ɛ n t ə d	p r iː z ɛ n t ə d	p r ɑː d͡ʒ ɛ k t ə d	1	1	reg_əd	reg_əd	reg_əd
model_region	b ɛ ɡ	b ɛ ɡ d	b ɛ ɡ d	t ʌ ɡ	t ʌ ɡ d	t ʌ ɡ d	b ɛ ɡ d	1	1	reg_d	reg_d	reg_d
model_region	s ɹ̩ v ɪ s	s ɹ̩ v ɪ s t	s ɹ̩ v ɪ s t	ɪ r e ɪ s	ɪ r e ɪ s t	ɪ r e ɪ s t	s ɹ̩ v ɪ s t	1	1	reg_t	reg_t	reg_t
model_region	r ɛ p r ə z ɛ n t	r ɛ p r ə z ɛ n t ə d	r ɛ p r ɛ p ɛ r ə n d	ə ʃ ʊ r	ə ʃ ʊ r d	ə ʃ ʊ r d	r ɛ p r ə z ɛ n t d	0	0	reg_əd	other	reg_d
model_region	ɪ m ɹ̩ d͡ʒ	ɪ m ɹ̩ d͡ʒ d	ɪ m ɹ̩ d͡ʒ d	b r ɪ d͡ʒ	b r ɪ d͡ʒ d	b r ɪ d͡ʒ d	ɪ m ɹ̩ d͡ʒ d	1	1	reg_d	reg_d	reg_d
model_region	b ɔ ɪ l	b ɔ ɪ l d	b ɔ ɪ l d	ɡ r ɪ l	ɡ r ɪ l d	ɡ r ɪ l d	b ɔ ɪ l d	1	1	reg_d	reg_d	reg_d
model_region	p ɹ̩ f ɛ k t	p ɹ̩ f ɛ k t ə d	p ɹ̩ d	r ə f ɹ̩	r ə f ɹ̩ d	r ə f ɹ̩ d	p ɹ̩ f ɛ k t d	0	0	reg_əd	other	reg_d
model_region	r a ɪ z	r o ʊ z	r o ʊ z d	r a ɪ d	r o ʊ d	r o ʊ d	NA	0	0	vowel_change	vowel_change_suffix	vowel_change
model_region	s k r iː n	s k r iː n d	s k r iː n d	ɡ r o ʊ n	ɡ r o ʊ n d	ɡ r o ʊ n d	s k r iː n d	1	1	reg_d	reg_d	reg_d
model_region	t r e ɪ n	t r e ɪ n d	t r e ɪ n d	b ʌ t ə n	b ʌ t ə n d	b ʌ t ə n d	t r e ɪ n d	1	1	reg_d	reg_d	reg_d
model_region	s o ʊ	s o ʊ d	s o ʊ d	ʃ o ʊ	ʃ o ʊ d	ʃ o ʊ d	s o ʊ d	1	1	reg_d	reg_d	reg_d
model_region	f e ɪ s	f e ɪ s t	f e ɪ s t	t͡ʃ e ɪ s	t͡ʃ e ɪ s t	t͡ʃ e ɪ s t	f e ɪ s t	1	1	reg_t	reg_t	reg_t
model_region	s t ʌ d iː	s t ʌ d iː d	s t ʌ d	ə n d uː	ə n d ɪ d	ə n d ɪ d	NA	0	0	reg_d	other	vowel_change_suffix
model_region	b l ɑː t	b l ɑː t ə d	b l ɑː t ə d	s w ɑː t	s w ɑː t ə d	s w ɑː t ə d	b l ɑː t ə d	1	1	reg_əd	reg_əd	reg_əd
model_region	m e ɪ l	m e ɪ l d	m e ɪ l d	n e ɪ l	n e ɪ l d	n e ɪ l d	m e ɪ l d	1	1	reg_d	reg_d	reg_d
model_region	k l ɪ ŋ	k l ʌ ŋ	k l ɪ ŋ d	h ɛ r iː	h ɛ r iː d	h ɛ r iː d	k l ɪ ŋ d	1	0	vowel_change	reg_d	reg_d
model_region	p l ʌ ɡ	p l ʌ ɡ d	p l ʌ ɡ d	d r æ ɡ	d r æ ɡ d	d r æ ɡ d	p l ʌ ɡ d	1	1	reg_d	reg_d	reg_d
model_region	p r e ɪ	p r e ɪ d	p r e ɪ d	s w e ɪ	s w e ɪ d	s w e ɪ d	p r e ɪ d	1	1	reg_d	reg_d	reg_d
model_region	f l o ʊ	f l o ʊ d	f l uː	b l o ʊ	b l uː	b l uː	f l uː	1	0	reg_d	vowel_change	vowel_change
model_region	r iː m a ɪ n d	r iː m a ɪ n d ə d	r iː a ɪ n d	s t r a ɪ k	s t r ʌ k	s t r ʌ k	NA	0	0	reg_əd	other	vowel_change
model_region	ɛ l b o ʊ	ɛ l b o ʊ d	ɛ l o ʊ o ʊ d	s l a ɪ d	s l ɪ d	s l ɪ d	NA	0	0	reg_d	other	vowel_change
model_region	f r iː z	f r o ʊ z	f r iː z d	p l iː z	p l iː z d	p l iː z d	f r iː z d	1	0	vowel_change	reg_d	reg_d
model_region	m ɪ m ɪ k	m ɪ m ɪ k t	m ɪ m ɪ k	b l ɪ ŋ k	b l ɪ ŋ k t	b l ɪ ŋ k t	m ɪ m ɪ k t	0	1	reg_t	no_change	reg_t
model_region	w iː l	w iː l d	w iː l d	h iː l	h iː l d	h iː l d	w iː l d	1	1	reg_d	reg_d	reg_d
model_region	p ʌ m p	p ʌ m p t	p ʌ m p t	b ʌ m p	b ʌ m p t	b ʌ m p t	p ʌ m p t	1	1	reg_t	reg_t	reg_t
model_region	ɪ k s p ɛ k t	ɪ k s p ɛ k t ə d	ɪ k s p ɛ k t ə d	p r ə t ɛ k t	p r ə t ɛ k t ə d	p r ə t ɛ k t ə d	ɪ k s p ɛ k t ə d	1	1	reg_əd	reg_əd	reg_əd
model_region	w a ɪ n d	w a ɪ n d ə d	w a ʊ n d	f a ɪ n d	f a ʊ n d	f a ʊ n d	w a ʊ n d	1	0	reg_əd	vowel_change	vowel_change
model_region	s k r ɪ b ə l	s k r ɪ b ə l d	s k r ɪ b ə b d	k æ t ə l ɔ ɡ	k æ t ə l ɔ ɡ d	k æ t ə l ɔ ɡ d	s k r ɪ b ə l d	0	1	reg_d	coda_change	reg_d
model_region	r ɪ s p ɑː n d	r ɪ s p ɑː n d ə d	r ɪ s p ɑː n d ə d	p r iː t ɛ n d	p r iː t ɛ n d ə d	p r iː t ɛ n d ə d	r ɪ s p ɑː n d ə d	1	1	reg_əd	reg_əd	reg_əd
model_region	r e ɪ z	r e ɪ z d	r e ɪ z d	s a ɪ z	s a ɪ z d	s a ɪ z d	r e ɪ z d	1	1	reg_d	reg_d	reg_d
model_region	ɡ ɪ ɡ ə l	ɡ ɪ ɡ ə l d	ɡ ɪ ɡ ə l d	n ɪ b ə l	n ɪ b ə l d	n ɪ b ə l d	ɡ ɪ ɡ ə l d	1	1	reg_d	reg_d	reg_d
model_region	b ɑː r o ʊ	b ɑː r o ʊ d	b ɑː r o ʊ d	f ɑː l o ʊ	f ɑː l o ʊ d	f ɑː l o ʊ d	b ɑː r o ʊ d	1	1	reg_d	reg_d	reg_d
model_region	s w ɑː l o ʊ	s w ɑː l o ʊ d	s w ɑː l o ʊ d	r ɛ s k j uː	r ɛ s k j uː d	r ɛ s k j uː d	s w ɑː l o ʊ d	1	1	reg_d	reg_d	reg_d
model_region	d ɑː r n	d ɑː r n d	d ɑː r n d	w ɔ r n	w ɔ r n d	w ɔ r n d	d ɑː r n d	1	1	reg_d	reg_d	reg_d
model_region	k ɑː p iː	k ɑː p iː d	k ɑː p ɑː p	s p iː k	s p o ʊ k	s p o ʊ k	NA	0	0	reg_d	other	vowel_change
model_region	s k r e ɪ p	s k r e ɪ p t	s k r e ɪ p t	s t r a ɪ p	s t r a ɪ p t	s t r a ɪ p t	s k r e ɪ p t	1	1	reg_t	reg_t	reg_t
model_region	h o ʊ m	h o ʊ m d	h o ʊ m d	k o ʊ m	k o ʊ m d	k o ʊ m d	h o ʊ m d	1	1	reg_d	reg_d	reg_d
model_region	f r iː	f r iː d	f r iː d	s k iː	s k iː d	s k iː d	f r iː d	1	1	reg_d	reg_d	reg_d
model_region	b r a ɪ t ə n	b r a ɪ t ə n d	b r a ɪ t ə n d	ə b æ n d ə n	ə b æ n d ə n d	ə b æ n d ə n d	b r a ɪ t ə n d	1	1	reg_d	reg_d	reg_d
model_region	ə r a ɪ v	ə r a ɪ v d	ə r a ɪ v d	d ɪ z ɹ̩ v	d ɪ z ɹ̩ v d	d ɪ z ɹ̩ v d	ə r a ɪ v d	1	1	reg_d	reg_d	reg_d
model_region	ɪ k s p l ɔ r	ɪ k s p l ɔ r d	ɪ k s p l ɔ r d	d ɪ s ə p iː r	d ɪ s ə p iː r d	d ɪ s ə p iː r d	ɪ k s p l ɔ r d	1	1	reg_d	reg_d	reg_d
model_region	p ɹ̩ s	p ɹ̩ s t	p ɹ̩ s t	n ɹ̩ s	n ɹ̩ s t	n ɹ̩ s t	p ɹ̩ s t	1	1	reg_t	reg_t	reg_t
model_region	t͡ʃ ɪ p	t͡ʃ ɪ p t	t͡ʃ ɪ p t	t ɪ p	t ɪ p t	t ɪ p t	t͡ʃ ɪ p t	1	1	reg_t	reg_t	reg_t
model_region	b ɑː t ə l	b ɑː t ə l d	b ɑː t ə l d	b æ t ə l	b æ t ə l d	b æ t ə l d	b ɑː t ə l d	1	1	reg_d	reg_d	reg_d
model_region	ə s o ʊ s iː e ɪ t	ə s o ʊ s iː e ɪ t ə d	ə s a ɪ s t ʊ d	b ɑː k s	b ɑː k s t	b ɑː k s t	ə s o ʊ s iː e ɪ t t	0	0	reg_əd	other	reg_t
model_region	ɪ n s ɪ s t	ɪ n s ɪ s t ə d	ɪ n s ɪ s t ə d	ɪ k s a ɪ t	ɪ k s a ɪ t ə d	ɪ k s a ɪ t ə d	ɪ n s ɪ s t ə d	1	1	reg_əd	reg_əd	reg_əd
model_region	w iː	w iː d	w iː d	k iː	k iː d	k iː d	w iː d	1	1	reg_d	reg_d	reg_d
model_region	ʃ ɔ r t ə n	ʃ ɔ r t ə n d	ʃ ɔ r t ə n d	ʃ ɑː r p ə n	ʃ ɑː r p ə n d	ʃ ɑː r p ə n d	ʃ ɔ r t ə n d	1	1	reg_d	reg_d	reg_d
model_region	ə n l ɑː k	ə n l ɑː k t	ə n l ɑː k t	s p æ ŋ k	s p æ ŋ k t	s p æ ŋ k t	ə n l ɑː k t	1	1	reg_t	reg_t	reg_t
model_region	d ʌ b ə l	d ʌ b ə l d	d ʌ b ə l d	ɡ ɑː b ə l	ɡ ɑː b ə l d	ɡ ɑː b ə l d	d ʌ b ə l d	1	1	reg_d	reg_d	reg_d
model_region	m ɑː p	m ɑː p t	m ɑː p t	h ɑː p	h ɑː p t	h ɑː p t	m ɑː p t	1	1	reg_t	reg_t	reg_t
model_region	f ɛ t͡ʃ	f ɛ t͡ʃ t	f ɛ t͡ʃ t	t ʌ t͡ʃ	t ʌ t͡ʃ t	t ʌ t͡ʃ t	f ɛ t͡ʃ t	1	1	reg_t	reg_t	reg_t
model_region	ʃ ɛ d	ʃ ɛ d ə d	ʃ ɛ d ə d	h ɛ d	h ɛ d ə d	h ɛ d ə d	ʃ ɛ d ə d	1	1	reg_əd	reg_əd	reg_əd
model_region	t r æ p	t r æ p t	t r æ p t	d ʌ m p	d ʌ m p t	d ʌ m p t	t r æ p t	1	1	reg_t	reg_t	reg_t
model_region	b ɪ h e ɪ v	b ɪ h e ɪ v d	b ɪ h e ɪ v d	ɪ n v ɑː l v	ɪ n v ɑː l v d	ɪ n v ɑː l v d	b ɪ h e ɪ v d	1	1	reg_d	reg_d	reg_d
model_region	d ɪ l iː t	d ɪ l iː t ə d	d ɪ l iː t ə d	r ɪ p iː t	r ɪ p iː t ə d	r ɪ p iː t ə d	d ɪ l iː t ə d	1	1	reg_əd	reg_əd	reg_əd
model_region	p æ n	p æ n d	p æ n d	p ɪ n	p ɪ n d	p ɪ n d	p æ n d	1	1	reg_d	reg_d	reg_d
model_region	s k æ l ə p	s k æ l ə p t	s k æ l ə p t	s t r a ɪ p	s t r a ɪ p t	s t r a ɪ p t	s k æ l ə p t	1	1	reg_t	reg_t	reg_t
model_region	n o ʊ t	n o ʊ t ə d	n o ʊ t ə d	k o ʊ t	k o ʊ t ə d	k o ʊ t ə d	n o ʊ t ə d	1	1	reg_əd	reg_əd	reg_əd
model_region	p ɑː k ə t	p ɑː k ə t ə d	p ɑː k ə t ə d	f ɛ r ə t	f ɛ r ə t ə d	f ɛ r ə t ə d	p ɑː k ə t ə d	1	1	reg_əd	reg_əd	reg_əd
model_region	r ə f l ɛ k t	r ə f l ɛ k t ə d	r ə l ɛ k ɛ t ə d	ə l a ʊ	ə l a ʊ d	ə l a ʊ d	r ə f l ɛ k t d	0	0	reg_əd	other	reg_d
model_region	s t e ɪ t	s t e ɪ t ə d	s t e ɪ t ə d	s k e ɪ t	s k e ɪ t ə d	s k e ɪ t ə d	s t e ɪ t ə d	1	1	reg_əd	reg_əd	reg_əd
model_region	p r a ɪ	p r a ɪ d	p r a ɪ d	k r a ɪ	k r a ɪ d	k r a ɪ d	p r a ɪ d	1	1	reg_d	reg_d	reg_d
model_region	ʃ uː	ʃ uː d	ʃ uː d	w uː	w uː d	w uː d	ʃ uː d	1	1	reg_d	reg_d	reg_d
model_region	k ɑː n s ə n t r e ɪ t	k ɑː n s ə n t r e ɪ t ə d	k ə d	s t r a ɪ p	s t r a ɪ p t	s t r a ɪ p t	k ɑː n s ə n t r e ɪ t t	0	0	reg_əd	other	reg_t
model_region	s ʌ f ɹ̩	s ʌ f ɹ̩ d	s ʌ f ɹ̩ d	b ʌ t ɹ̩	b ʌ t ɹ̩ d	b ʌ t ɹ̩ d	s ʌ f ɹ̩ d	1	1	reg_d	reg_d	reg_d
model_region	s ɪ z ə l	s ɪ z ə l d	s ɪ z ə l d	t ɪ k ə l	t ɪ k ə l d	t ɪ k ə l d	s ɪ z ə l d	1	1	reg_d	reg_d	reg_d
model_region	p r ə p o ʊ z	p r ə p o ʊ z d	p r ə p r ʊ z d	p l ɑː p	p l ɑː p t	p l ɑː p t	p r ə p o ʊ z t	0	0	reg_d	other	reg_t
model_region	θ ɔ	θ ɔ d	θ ɔ d	s ɔ	s ɔ d	s ɔ d	θ ɔ d	1	1	reg_d	reg_d	reg_d
model_region	r ɪ l e ɪ t	r ɪ l e ɪ t ə d	r ɪ l e ɪ t ə d	k r iː e ɪ t	k r iː e ɪ t ə d	k r iː e ɪ t ə d	r ɪ l e ɪ t ə d	1	1	reg_əd	reg_əd	reg_əd
model_region	t ɪ k	t ɪ k t	t ɪ k t	k ɪ k	k ɪ k t	k ɪ k t	t ɪ k t	1	1	reg_t	reg_t	reg_t
model_region	ɛ d͡ʒ	ɛ d͡ʒ d	ɛ d͡ʒ uː d͡ʒ uː d͡ʒ d	m iː t	m ɛ t	m ɛ t	NA	0	0	reg_d	other	vowel_change
model_region	ɪ ɡ z ɪ s t	ɪ ɡ z ɪ s t ə d	ɪ ɡ æ s t	b ɪ ɡ ɪ n	b ɪ ɡ æ n	b ɪ ɡ æ n	NA	0	0	reg_əd	other	vowel_change
model_region	θ ɪ k ə n	θ ɪ k ə n d	θ ɪ k ə n d	t͡ʃ ɪ k ə n	t͡ʃ ɪ k ə n d	t͡ʃ ɪ k ə n d	θ ɪ k ə n d	1	1	reg_d	reg_d	reg_d
model_region	r ɪ t ɹ̩ n	r ɪ t ɹ̩ n d	r ɪ t ɹ̩ n d	b ʌ t ə n	b ʌ t ə n d	b ʌ t ə n d	r ɪ t ɹ̩ n d	1	1	reg_d	reg_d	reg_d
model_region	t͡ʃ ɑː r d͡ʒ	t͡ʃ ɑː r d͡ʒ d	t͡ʃ ɑː r d͡ʒ d	b r ɪ d͡ʒ	b r ɪ d͡ʒ d	b r ɪ d͡ʒ d	t͡ʃ ɑː r d͡ʒ d	1	1	reg_d	reg_d	reg_d
model_region	s t o ʊ n	s t o ʊ n d	s t o ʊ n d	ɡ r o ʊ n	ɡ r o ʊ n d	ɡ r o ʊ n d	s t o ʊ n d	1	1	reg_d	reg_d	reg_d
model_region	w ɛ l k ə m	w ɛ l k ə m d	w ɛ l k ə m d	ɛ n k ɹ̩ ɪ d͡ʒ	ɛ n k ɹ̩ ɪ d͡ʒ d	ɛ n k ɹ̩ ɪ d͡ʒ d	w ɛ l k ə m d	1	1	reg_d	reg_d	reg_d
model_template	s iː	s ɔ	s iː d	k iː	k iː d	k iː d	s iː d	1	0	vowel_change	reg_d	reg_d
model_template	ɡ ɛ t	ɡ ɑː t	ɡ ɛ t	b ɛ t	b ɛ t	b ɛ t	ɡ ɛ t	1	0	vowel_change	no_change	no_change
model_template	n ɑː k	n ɑː k t	n ɑː k t	k ɑː k	k ɑː k t	k ɑː k t	n ɑː k t	1	1	reg_t	reg_t	reg_t
model_template	θ ɪ ŋ k	θ ɔ t	θ ɪ ŋ k t	w ɪ ŋ k	w ɪ ŋ k t	w ɪ ŋ k t	θ ɪ ŋ k t	1	0	rhyme_replaced	reg_t	reg_t
model_template	k l iː n	k l iː n d	k l iː n d	s k æ n	s k æ n d	s k æ n d	k l iː n d	1	1	reg_d	reg_d	reg_d
model_template	b ɪ l iː v	b ɪ l iː v d	b ɪ l iː v d	r ɪ l iː v	r ɪ l iː v d	r ɪ l iː v d	b ɪ l iː v d	1	1	reg_d	reg_d	reg_d
model_template	ɡ ɪ v	ɡ e ɪ v	ɡ ɪ v d	t æ ɡ	t æ ɡ d	t æ ɡ d	ɡ ɪ v d	1	0	vowel_change	reg_d	reg_d
model_template	t e ɪ k	t ʊ k	t e ɪ k t	ʃ e ɪ k	ʃ e ɪ k t	ʃ ʊ k	t e ɪ k t	1	0	vowel_change	reg_t	reg_t
model_template	s t æ n d	s t ʊ d	s t æ n t ə d	s p ɛ n d	s p ɛ n t	s p ɛ n t	s t æ n t	0	0	rhyme_replaced	other	coda_change
model_template	j ɛ l	j ɛ l d	j ɛ l d	s ɛ l	s ɛ l d	s o ʊ l d	j ɛ l d	1	1	reg_d	reg_d	reg_d
model_template	f ɪ k s	f ɪ k s t	f ɪ k s t	m ɪ k s	m ɪ k s t	m ɪ k s t	f ɪ k s t	1	1	reg_t	reg_t	reg_t
model_template	k l æ p	k l æ p t	k l æ p t	t a ɪ p	t a ɪ p t	t a ɪ p t	k l æ p t	1	1	reg_t	reg_t	reg_t
model_template	r a ɪ m	r a ɪ m d	r o ʊ m	r a ɪ d	r o ʊ d	r o ʊ d	NA	0	0	reg_d	vowel_change	vowel_change
model_template	t ɛ l	t o ʊ l d	t ɛ l d	ʃ ɛ l	ʃ ɛ l d	ʃ ɛ l d	t ɛ l d	1	0	vowel_change_suffix	reg_d	reg_d
model_template	f ɔ l	f ɛ l	f ɔ l d	f ɪ l	f ɪ l d	f ɪ l d	f ɔ l d	1	0	vowel_change	reg_d	reg_d
model_template	r o ʊ l	r o ʊ l d	r o ʊ l d	b o ʊ l	b o ʊ l d	b o ʊ l d	r o ʊ l d	1	1	reg_d	reg_d	reg_d
model_template	k uː l	k uː l d	k uː l d	n iː r	n iː r d	n iː r d	k uː l d	1	1	reg_d	reg_d	reg_d
model_template	s ɪ ŋ	s æ ŋ	s æ ŋ	s ɪ ŋ k	s æ ŋ k	s æ ŋ k	NA	0	0	vowel_change	vowel_change	vowel_change
model_template	h o ʊ l d	h ɛ l d	h o ʊ l d	s p r ɛ d	s p r ɛ d	s p r ɛ d	h o ʊ l d	1	0	vowel_change	no_change	no_change
model_template	d r ɛ s	d r ɛ s t	d r ɛ s t	k r ɔ s	k r ɔ s t	k r ɔ s t	d r ɛ s t	1	1	reg_t	reg_t	reg_t
model_template	w e ɪ k	w o ʊ k	w e ɪ k t	ʃ e ɪ k	ʃ e ɪ k t	ʃ ʊ k	w e ɪ k t	1	0	vowel_change	reg_t	reg_t
model_template	m uː v	m uː v d	m uː v d	l ʌ v	l ʌ v d	l ʌ v d	m uː v d	1	1	reg_d	reg_d	reg_d
model_template	b ɪ l d	b ɪ l t	b ɪ l d ə d	h æ n d	h æ n d ə d	h æ n d ə d	b ɪ l d ə d	1	0	coda_change	reg_əd	reg_əd
model_template	p uː p	p uː p t	p uː p t	w uː p	w uː p t	w uː p t	p uː p t	1	1	reg_t	reg_t	reg_t
model_template	k ɛ r	k ɛ r d	k ɛ r d	ʃ ɛ r	ʃ ɛ r d	ʃ ɛ r d	k ɛ r d	1	1	reg_d	reg_d	reg_d
model_template	b ɛ r iː	b ɛ r iː d	b ɛ r iː d	m ɛ r iː	m ɛ r iː d	m ɛ r iː d	b ɛ r iː d	1	1	reg_d	reg_d	reg_d
model_template	p æ n t	p æ n t ə d	p æ n t ə d	w ɔ n t	w ɔ n t ə d	w ɔ n t ə d	p æ n t ə d	1	1	reg_əd	reg_əd	reg_əd
model_template	t ʌ k	t ʌ k t	t ʌ k t	s ʌ k	s ʌ k t	s ʌ k t	t ʌ k t	1	1	reg_t	reg_t	reg_t
model_template	b ɑː ð ɹ̩	b ɑː ð ɹ̩ d	b ɑː r ɹ̩ d	s l iː p	s l ɛ p t	s l ɛ p t	NA	0	0	reg_d	other	vowel_change_suffix
model_template	ɛ ɡ z ɪ t	ɛ ɡ z ɪ t ə d	ɛ z ɪ z t ə d	b a ɪ t	b ɪ t	b ɪ t	NA	0	0	reg_əd	other	vowel_change
model_template	s t e ɪ	s t e ɪ d	s t e ɪ d	s w e ɪ	s w e ɪ d	s w e ɪ d	s t e ɪ d	1	1	reg_d	reg_d	reg_d
model_template	w ʌ n d ɹ̩	w ʌ n d ɹ̩ d	w ʌ n d ɹ̩ d	w ɑː n d ɹ̩	w ɑː n d ɹ̩ d	w ɑː n d ɹ̩ d	w ʌ n d ɹ̩ d	1	1	reg_d	reg_d	reg_d
model_template	d ɪ p	d ɪ p t	d ɪ p t	t ɪ p	t ɪ p t	t ɪ p t	d ɪ p t	1	1	reg_t	reg_t	reg_t
model_template	h ʌ ɡ	h ʌ ɡ d	h ʌ ɡ d	t͡ʃ ʌ ɡ	t͡ʃ ʌ ɡ d	t͡ʃ ʌ ɡ d	h ʌ ɡ d	1	1	reg_d	reg_d	reg_d
model_template	v ɔ ɪ s	v ɔ ɪ s t	v ɔ ɪ s t	f ɔ r s	f ɔ r s t	f ɔ r s t	v ɔ ɪ s t	1	1	reg_t	reg_t	reg_t
model_template	ə t æ t͡ʃ	ə t æ t͡ʃ t	ə t æ t͡ʃ t	p ɪ n t͡ʃ	p ɪ n t͡ʃ t	p ɪ n t͡ʃ t	ə t æ t͡ʃ t	1	1	reg_t	reg_t	reg_t
model_template	s m ɛ l	s m ɛ l d	s m ɛ l d	s p ɛ l	s p ɛ l d	s p ɛ l d	s m ɛ l d	1	1	reg_d	reg_d	reg_d
model_template	f ɪ n ɪ ʃ	f ɪ n ɪ ʃ t	f ɪ n	p ə t ɪ ʃ ə n	p ə t ɪ ʃ ə n d	p ə t ɪ ʃ ə n d	f ɪ n ɪ ʃ d	0	0	reg_t	other	reg_d
model_template	t r ɑː t	t r ɑː t ə d	t r ɑː t ə d	k o ʊ t	k o ʊ t ə d	k o ʊ t ə d	t r ɑː t ə d	1	1	reg_əd	reg_əd	reg_əd
model_template	b l ɛ s	b l ɛ s t	b l ɛ s t	m ɪ k s	m ɪ k s t	m ɪ k s t	b l ɛ s t	1	1	reg_t	reg_t	reg_t
model_template	l ɛ d	l ɛ d ə d	l ɛ d ə d	h ɛ d	h ɛ d ə d	h ɛ d ə d	l ɛ d ə d	1	1	reg_əd	reg_əd	reg_əd
model_template	p r ɛ s	p r ɛ s t	p r ɛ s t	k r ɔ s	k r ɔ s t	k r ɔ s t	p r ɛ s t	1	1	reg_t	reg_t	reg_t
model_template	ə n z ɪ p	ə n z ɪ p t	ə n z ɪ p t	s t r ɪ p	s t r ɪ p t	s t r ɪ p t	ə n z ɪ p t	1	1	reg_t	reg_t	reg_t
model_template	f ɪ l t ɹ̩	f ɪ l t ɹ̩ d	f ɪ l t ɹ̩ d	d ɑː k t ɹ̩	d ɑː k t ɹ̩ d	d ɑː k t ɹ̩ d	f ɪ l t ɹ̩ d	1	1	reg_d	reg_d	reg_d
model_template	ʃ e ɪ v	ʃ e ɪ v d	ʃ e ɪ v d	s e ɪ v	s e ɪ v d	s e ɪ v d	ʃ e ɪ v d	1	1	reg_d	reg_d	reg_d
model_template	k ɑː s t	k ɑː s t	k ɑː s t ə d	d ʌ s t	d ʌ s t ə d	d ʌ s t ə d	k ɑː s t ə d	1	0	no_change	reg_əd	reg_əd
model_template	b r ʌ ʃ	b r ʌ ʃ t	b r ʌ ʃ t	k r æ ʃ	k r æ ʃ t	k r æ ʃ t	b r ʌ ʃ t	1	1	reg_t	reg_t	reg_t
model_template	l æ n d	l æ n d ə d	l æ n d ə d	b æ n d	b æ n d ə d	b æ n d ə d	l æ n d ə d	1	1	reg_əd	reg_əd	reg_əd
model_template	s t ɛ p	s t ɛ p t	s t ɛ p t	s l æ p	s l æ p t	s l æ p t	s t ɛ p t	1	1	reg_t	reg_t	reg_t
model_template	m ɪ l k	m ɪ l k t	m ɪ l k t	k l ɑː k	k l ɑː k t	k l ɑː k t	m ɪ l k t	1	1	reg_t	reg_t	reg_t
model_template	b ɛ s t	b ɛ s t ə d	b ɛ s t ə d	r ɛ n t	r ɛ n t ə d	r ɛ n t ə d	b ɛ s t ə d	1	1	reg_əd	reg_əd	reg_əd
model_template	m a ɪ n d	m a ɪ n d ə d	m a ʊ n d	f a ɪ n d	f a ʊ n d	f a ʊ n d	m a ʊ n d	1	0	reg_əd	vowel_change	vowel_change
model_template	w a ɪ t	w a ɪ t ə d	w a ɪ t	k w ɪ t	k w ɪ t	k w ɪ t	w a ɪ t	1	0	reg_əd	no_change	no_change
model_template	m æ k s	m æ k s t	m æ k s t	w æ k s	w æ k s t	w æ k s t	m æ k s t	1	1	reg_t	reg_t	reg_t
model_template	r iː t͡ʃ	r iː t͡ʃ t	r iː t͡ʃ t	h æ t͡ʃ	h æ t͡ʃ t	h æ t͡ʃ t	r iː t͡ʃ t	1	1	reg_t	reg_t	reg_t
model_template	h o ʊ p	h o ʊ p t	h o ʊ p t	t e ɪ p	t e ɪ p t	t e ɪ p t	h o ʊ p t	1	1	reg_t	reg_t	reg_t
model_template	f o ʊ l d	f o ʊ l d ə d	f o ʊ l d	s p r ɛ d	s p r ɛ d	s p r ɛ d	f o ʊ l d	1	0	reg_əd	no_change	no_change
model_template	k l ɪ n t͡ʃ	k l ɪ n t͡ʃ t	k l ɪ n t͡ʃ t	k r ʌ n t͡ʃ	k r ʌ n t͡ʃ t	k r ʌ n t͡ʃ t	k l ɪ n t͡ʃ t	1	1	reg_t	reg_t	reg_t
model_template	t r ɪ k	t r ɪ k t	t r ɪ k t	t r ʌ k	t r ʌ k t	t r ʌ k t	t r ɪ k t	1	1	reg_t	reg_t	reg_t
model_template	b ɛ n d	b ɛ n d ə d	b ɛ n d ə d	ɡ a ɪ d	ɡ a ɪ d ə d	ɡ a ɪ d ə d	b ɛ n d ə d	1	1	reg_əd	reg_əd	reg_əd
model_template	a ɪ d ɛ n t ə f a ɪ	a ɪ d ɛ n t ə f a ɪ d	a ʊ d	ə n d ɹ̩ s t æ n d	ə n d ɹ̩ s t ʊ d	ə n d ɹ̩ s t ʊ d	NA	0	0	reg_d	other	rhyme_replaced
model_template	d͡ʒ ɔ ɪ n	d͡ʒ ɔ ɪ n d	d͡ʒ ɔ ɪ n d	r e ɪ n	r e ɪ n d	r e ɪ n d	d͡ʒ ɔ ɪ n d	1	1	reg_d	reg_d	reg_d
model_template	k ə n f j uː z	k ə n f j uː z d	k ə f f j uː z d	r a ɪ d	r o ʊ d	r o ʊ d	NA	0	0	reg_d	other	vowel_change
model_template	b ɛ r	b o ʊ r	b ɛ r d	ʃ ɛ r	ʃ ɛ r d	ʃ ɛ r d	b ɛ r d	1	0	vowel_change	reg_d	reg_d
model_template	r ɛ s t	r ɛ s t ə d	r ɛ s t ə d	t ɛ s t	t ɛ s t ə d	t ɛ s t ə d	r ɛ s t ə d	1	1	reg_əd	reg_əd	reg_əd
model_template	p iː	p iː d	p iː d	k iː	k iː d	k iː d	p iː d	1	1	reg_d	reg_d	reg_d
model_template	ɡ r æ b	ɡ r æ b d	ɡ r æ b d	k j uː b	k j uː b d	k j uː b d	ɡ r æ b d	1	1	reg_d	reg_d	reg_d
model_template	ə p r o ʊ t͡ʃ	ə p r o ʊ t͡ʃ t	ə p r o ʊ t͡ʃ t	d ɪ s k ʌ s	d ɪ s k ʌ s t	d ɪ s k ʌ s t	ə p r o ʊ t͡ʃ t	1	1	reg_t	reg_t	reg_t
model_template	p iː l	p iː l d	p iː l d	h iː l	h iː l d	h iː l d	p iː l d	1	1	reg_d	reg_d	reg_d
model_template	m ɑː r t͡ʃ	m ɑː r t͡ʃ t	m ɑː r t͡ʃ t	p ʌ n t͡ʃ	p ʌ n t͡ʃ t	p ʌ n t͡ʃ t	m ɑː r t͡ʃ t	1	1	reg_t	reg_t	reg_t
model_template	t æ k ə l	t æ k ə l d	t æ k ə l d	b ʌ k ə l	b ʌ k ə l d	b ʌ k ə l d	t æ k ə l d	1	1	reg_d	reg_d	reg_d
model_template	d ɪ ɡ	d ʌ ɡ	d ɪ ɡ d	d ɔ ɡ	d ɔ ɡ d	d ɔ ɡ d	d ɪ ɡ d	1	0	vowel_change	reg_d	reg_d
model_template	s ɛ t ə l	s ɛ t ə l d	s ɛ t ə l d	s ɹ̩ k ə l	s ɹ̩ k ə l d	s ɹ̩ k ə l d	s ɛ t ə l d	1	1	reg_d	reg_d	reg_d
model_template	ɪ ɡ n ɔ r	ɪ ɡ n ɔ r d	ɪ n ɔ n r d	d ɪ s ə p iː r	d ɪ s ə p iː r d	d ɪ s ə p iː r d	ɪ ɡ n ɔ r d	0	1	reg_d	other	reg_d
model_template	k ʌ v ɹ̩	k ʌ v ɹ̩ d	k ʌ v ɹ̩ d	k ʌ l ɹ̩	k ʌ l ɹ̩ d	k ʌ l ɹ̩ d	k ʌ v ɹ̩ d	1	1	reg_d	reg_d	reg_d
model_template	r ɑː t	r ɑː t ə d	r ɑː t	f ɪ t	f ɪ t	f ɪ t	r ɑː t	1	0	reg_əd	no_change	no_change
model_template	f l æ t ɹ̩	f l æ t ɹ̩ d	f l æ t ɹ̩ d	w ɪ n t ɹ̩	w ɪ n t ɹ̩ d	w ɪ n t ɹ̩ d	f l æ t ɹ̩ d	1	1	reg_d	reg_d	reg_d
model_template	b ʌ b ə l	b ʌ b ə l d	b ʌ b ə l d	b æ b ə l	b æ b ə l d	b æ b ə l d	b ʌ b ə l d	1	1	reg_d	reg_d	reg_d
model_template	k o ʊ ɑː p ɹ̩ e ɪ t	k o ʊ ɑː p ɹ̩ e ɪ t ə d	k ɑː p ɹ̩ e ɪ p j ə d	k ə l ɛ k t	k ə l ɛ k t ə d	k ə l ɛ k t ə d	k o ʊ ɑː p ɹ̩ e ɪ t ə d	0	1	reg_əd	other	reg_əd
model_template	ɡ r iː n	ɡ r iː n d	ɡ r iː n d	s k æ n	s k æ n d	s k æ n d	ɡ r iː n d	1	1	reg_d	reg_d	reg_d
model_template	r e ɪ s	r e ɪ s t	r e ɪ s t	t͡ʃ e ɪ s	t͡ʃ e ɪ s t	t͡ʃ e ɪ s t	r e ɪ s t	1	1	reg_t	reg_t	reg_t
model_template	d æ n s	d æ n s t	d æ n s t	d r ɪ p	d r ɪ p t	d r ɪ p t	d æ n s t	1	1	reg_t	reg_t	reg_t
model_template	p r ɑː d͡ʒ ɛ k t	p r ɑː d͡ʒ ɛ k t ə d	p r ɑː d͡ʒ ɛ k t ə d	p r iː z ɛ n t	p r iː z ɛ n t ə d	p r iː z ɛ n t ə d	p r ɑː d͡ʒ ɛ k t ə d	1	1	reg_əd	reg_əd	reg_əd
model_template	b ɛ ɡ	b ɛ ɡ d	b ɛ ɡ d	b æ ɡ	b æ ɡ d	b æ ɡ d	b ɛ ɡ d	1	1	reg_d	reg_d	reg_d
model_template	s ɹ̩ v ɪ s	s ɹ̩ v ɪ s t	s ɹ̩ v ɪ s t	b a ʊ n s	b a ʊ n s t	b a ʊ n s t	s ɹ̩ v ɪ s t	1	1	reg_t	reg_t	reg_t
model_template	r ɛ p r ə z ɛ n t	r ɛ p r ə z ɛ n t ə d	r ɛ p r ɛ p ɛ r ə n d	p r ɑː m ə s	p r ɑː m ə s t	p r ɑː m ə s t	r ɛ p r ə z ɛ n t t	0	0	reg_əd	other	reg_t
model_template	ɪ m ɹ̩ d͡ʒ	ɪ m ɹ̩ d͡ʒ d	ɪ m ɹ̩ d͡ʒ d	ə s uː m	ə s uː m d	ə s uː m d	ɪ m ɹ̩ d͡ʒ d	1	1	reg_d	reg_d	reg_d
model_template	b ɔ ɪ l	b ɔ ɪ l d	b ɔ ɪ l d	f e ɪ l	f e ɪ l d	f e ɪ l d	b ɔ ɪ l d	1	1	reg_d	reg_d	reg_d
model_template	p ɹ̩ f ɛ k t	p ɹ̩ f ɛ k t ə d	p ɹ̩ d	d ɪ s t r ɔ ɪ	d ɪ s t r ɔ ɪ d	d ɪ s t r ɔ ɪ d	p ɹ̩ f ɛ k t d	0	0	reg_əd	other	reg_d
model_template	r a ɪ z	r o ʊ z	r o ʊ z d	r a ɪ d	r o ʊ d	r o ʊ d	NA	0	0	vowel_change	vowel_change_suffix	vowel_change
model_template	s k r iː n	s k r iː n d	s k r iː n d	t͡ʃ ɪ k ə n	t͡ʃ ɪ k ə n d	t͡ʃ ɪ k ə n d	s k r iː n d	1	1	reg_d	reg_d	reg_d
model_template	t r e ɪ n	t r e ɪ n d	t r e ɪ n d	o ʊ p ə n	o ʊ p ə n d	o ʊ p ə n d	t r e ɪ n d	1	1	reg_d	reg_d	reg_d
model_template	s o ʊ	s o ʊ d	s o ʊ d	ʃ o ʊ	ʃ o ʊ d	ʃ o ʊ d	s o ʊ d	1	1	reg_d	reg_d	reg_d
model_template	f e ɪ s	f e ɪ s t	f e ɪ s t	t͡ʃ e ɪ s	t͡ʃ e ɪ s t	t͡ʃ e ɪ s t	f e ɪ s t	1	1	reg_t	reg_t	reg_t
model_template	s t ʌ d iː	s t ʌ d iː d	s t ʌ d	k w ɪ t	k w ɪ t	k w ɪ t	s t ʌ d iː	0	0	reg_d	other	no_change
model_template	b l ɑː t	b l ɑː t ə d	b l ɑː t ə d	s w ɑː t	s w ɑː t ə d	s w ɑː t ə d	b l ɑː t ə d	1	1	reg_əd	reg_əd	reg_əd
model_template	m e ɪ l	m e ɪ l d	m e ɪ l d	n e ɪ l	n e ɪ l d	n e ɪ l d	m e ɪ l d	1	1	reg_d	reg_d	reg_d
model_template	k l ɪ ŋ	k l ʌ ŋ	k l ɪ ŋ d	f r a ɪ	f r a ɪ d	f r a ɪ d	k l ɪ ŋ d	1	0	vowel_change	reg_d	reg_d
model_template	p l ʌ ɡ	p l ʌ ɡ d	p l ʌ ɡ d	d r æ ɡ	d r æ ɡ d	d r æ ɡ d	p l ʌ ɡ d	1	1	reg_d	reg_d	reg_d
model_template	p r e ɪ	p r e ɪ d	p r e ɪ d	z ɪ p ɹ̩	z ɪ p ɹ̩ d	z ɪ p ɹ̩ d	p r e ɪ d	1	1	reg_d	reg_d	reg_d
model_template	f l o ʊ	f l o ʊ d	f l uː	b l o ʊ	b l uː	b l uː	f l uː	1	0	reg_d	vowel_change	vowel_change
model_template	r iː m a ɪ n d	r iː m a ɪ n d ə d	r iː a ɪ n d	s t ɪ ŋ k	s t ʌ ŋ k	s t ʌ ŋ k	NA	0	0	reg_əd	other	vowel_change
model_template	ɛ l b o ʊ	ɛ l b o ʊ d	ɛ l o ʊ o ʊ d	r a ɪ t	r o ʊ t	r o ʊ t	NA	0	0	reg_d	other	vowel_change
model_template	f r iː z	f r o ʊ z	f r iː z d	p l iː z	p l iː z d	p l iː z d	f r iː z d	1	0	vowel_change	reg_d	reg_d
model_template	m ɪ m ɪ k	m ɪ m ɪ k t	m ɪ m ɪ k	s p r ɛ d	s p r ɛ d	s p r ɛ d	m ɪ m ɪ k	1	0	reg_t	no_change	no_change
model_template	w iː l	w iː l d	w iː l d	h iː l	h iː l d	h iː l d	w iː l d	1	1	reg_d	reg_d	reg_d
model_template	p ʌ m p	p ʌ m p t	p ʌ m p t	k æ m p	k æ m p t	k æ m p t	p ʌ m p t	1	1	reg_t	reg_t	reg_t
model_template	ɪ k s p ɛ k t	ɪ k s p ɛ k t ə d	ɪ k s p ɛ k t ə d	p r iː z ɛ n t	p r iː z ɛ n t ə d	p r iː z ɛ n t ə d	ɪ k s p ɛ k t ə d	1	1	reg_əd	reg_əd	reg_əd
model_template	w a ɪ n d	w a ɪ n d ə d	w a ʊ n d	f a ɪ n d	f a ʊ n d	f a ʊ n d	w a ʊ n d	1	0	reg_əd	vowel_change	vowel_change
model_template	s k r ɪ b ə l	s k r ɪ b ə l d	s k r ɪ b ə b d	s t ɹ̩	s t ɹ̩ d	s t ɹ̩ d	s k r ɪ b ə l d	0	1	reg_d	coda_change	reg_d
model_template	r ɪ s p ɑː n d	r ɪ s p ɑː n d ə d	r ɪ s p ɑː n d ə d	p ə t ɪ ʃ ə n	p ə t ɪ ʃ ə n d	p ə t ɪ ʃ ə n d	r ɪ s p ɑː n d d	0	0	reg_əd	reg_əd	reg_d
model_template	r e ɪ z	r e ɪ z d	r e ɪ z d	s a ɪ z	s a ɪ z d	s a ɪ z d	r e ɪ z d	1	1	reg_d	reg_d	reg_d
model_template	ɡ ɪ ɡ ə l	ɡ ɪ ɡ ə l d	ɡ ɪ ɡ ə l d	n ɪ b ə l	n ɪ b ə l d	n ɪ b ə l d	ɡ ɪ ɡ ə l d	1	1	reg_d	reg_d	reg_d
model_template	b ɑː r o ʊ	b ɑː r o ʊ d	b ɑː r o ʊ d	f ɑː l o ʊ	f ɑː l o ʊ d	f ɑː l o ʊ d	b ɑː r o ʊ d	1	1	reg_d	reg_d	reg_d
model_template	s w ɑː l o ʊ	s w ɑː l o ʊ d	s w ɑː l o ʊ d	t a ɪ t ə n	t a ɪ t ə n d	t a ɪ t ə n d	s w ɑː l o ʊ d	1	1	reg_d	reg_d	reg_d
model_template	d ɑː r n	d ɑː r n d	d ɑː r n d	a ɪ ɹ̩ n	a ɪ ɹ̩ n d	a ɪ ɹ̩ n d	d ɑː r n d	1	1	reg_d	reg_d	reg_d
model_template	k ɑː p iː	k ɑː p iː d	k ɑː p ɑː p	s t r a ɪ k	s t r ʌ k	s t r ʌ k	NA	0	0	reg_d	other	vowel_change
model_template	s k r e ɪ p	s k r e ɪ p t	s k r e ɪ p t	s t r a ɪ p	s t r a ɪ p t	s t r a ɪ p t	s k r e ɪ p t	1	1	reg_t	reg_t	reg_t
model_template	h o ʊ m	h o ʊ m d	h o ʊ m d	k o ʊ m	k o ʊ m d	k o ʊ m d	h o ʊ m d	1	1	reg_d	reg_d	reg_d
model_template	f r iː	f r iː d	f r iː d	h ɹ̩ iː	h ɹ̩ iː d	h ɹ̩ iː d	f r iː d	1	1	reg_d	reg_d	reg_d
model_template	b r a ɪ t ə n	b r a ɪ t ə n d	b r a ɪ t ə n d	s t r e ɪ t ə n	s t r e ɪ t ə n d	s t r e ɪ t ə n d	b r a ɪ t ə n d	1	1	reg_d	reg_d	reg_d
model_template	ə r a ɪ v	ə r a ɪ v d	ə r a ɪ v d	r ə s iː v	r ə s iː v d	r ə s iː v d	ə r a ɪ v d	1	1	reg_d	reg_d	reg_d
model_template	ɪ k s p l ɔ r	ɪ k s p l ɔ r d	ɪ k s p l ɔ r d	d ɪ s ə p iː r	d ɪ s ə p iː r d	d ɪ s ə p iː r d	ɪ k s p l ɔ r d	1	1	reg_d	reg_d	reg_d
model_template	p ɹ̩ s	p ɹ̩ s t	p ɹ̩ s t	p æ s	p æ s t	p æ s t	p ɹ̩ s t	1	1	reg_t	reg_t	reg_t
model_template	t͡ʃ ɪ p	t͡ʃ ɪ p t	t͡ʃ ɪ p t	ʃ ɪ p	ʃ ɪ p t	ʃ ɪ p t	t͡ʃ ɪ p t	1	1	reg_t	reg_t	reg_t
model_template	b ɑː t ə l	b ɑː t ə l d	b ɑː t ə l d	ɡ ɑː b ə l	ɡ ɑː b ə l d	ɡ ɑː b ə l d	b ɑː t ə l d	1	1	reg_d	reg_d	reg_d
model_template	ə s o ʊ s iː e ɪ t	ə s o ʊ s iː e ɪ t ə d	ə s a ɪ s t ʊ d	n o ʊ	n uː	n uː	NA	0	0	reg_əd	other	vowel_change
model_template	ɪ n s ɪ s t	ɪ n s ɪ s t ə d	ɪ n s ɪ s t ə d	ɪ k s ɛ p t	ɪ k s ɛ p t ə d	ɪ k s ɛ p t ə d	ɪ n s ɪ s t ə d	1	1	reg_əd	reg_əd	reg_əd
model_template	w iː	w iː d	w iː d	k iː	k iː d	k iː d	w iː d	1	1	reg_d	reg_d	reg_d
model_template	ʃ ɔ r t ə n	ʃ ɔ r t ə n d	ʃ ɔ r t ə n d	ʃ ɑː r p ə n	ʃ ɑː r p ə n d	ʃ ɑː r p ə n d	ʃ ɔ r t ə n d	1	1	reg_d	reg_d	reg_d
model_template	ə n l ɑː k	ə n l ɑː k t	ə n l ɑː k t	s p æ ŋ k	s p æ ŋ k t	s p æ ŋ k t	ə n l ɑː k t	1	1	reg_t	reg_t	reg_t
model_template	d ʌ b ə l	d ʌ b ə l d	d ʌ b ə l d	b æ b ə l	b æ b ə l d	b æ b ə l d	d ʌ b ə l d	1	1	reg_d	reg_d	reg_d
model_template	m ɑː p	m ɑː p t	m ɑː p t	h ɑː p	h ɑː p t	h ɑː p t	m ɑː p t	1	1	reg_t	reg_t	reg_t
model_template	f ɛ t͡ʃ	f ɛ t͡ʃ t	f ɛ t͡ʃ t	k æ t͡ʃ	k æ t͡ʃ t	k ɔ t	f ɛ t͡ʃ t	1	1	reg_t	reg_t	reg_t
model_template	ʃ ɛ d	ʃ ɛ d ə d	ʃ ɛ d ə d	h ɛ d	h ɛ d ə d	h ɛ d ə d	ʃ ɛ d ə d	1	1	reg_əd	reg_əd	reg_əd
model_template	t r æ p	t r æ p t	t r æ p t	t a ɪ p	t a ɪ p t	t a ɪ p t	t r æ p t	1	1	reg_t	reg_t	reg_t
model_template	b ɪ h e ɪ v	b ɪ h e ɪ v d	b ɪ h e ɪ v d	p ə t ɪ ʃ ə n	p ə t ɪ ʃ ə n d	p ə t ɪ ʃ ə n d	b ɪ h e ɪ v d	1	1	reg_d	reg_d	reg_d
model_template	d ɪ l iː t	d ɪ l iː t ə d	d ɪ l iː t ə d	r ɪ p iː t	r ɪ p iː t ə d	r ɪ p iː t ə d	d ɪ l iː t ə d	1	1	reg_əd	reg_əd	reg_əd
model_template	p æ n	p æ n d	p æ n d	p ɪ n	p ɪ n d	p ɪ n d	p æ n d	1	1	reg_d	reg_d	reg_d
model_template	s k æ l ə p	s k æ l ə p t	s k æ l ə p t	s t r a ɪ p	s t r a ɪ p t	s t r a ɪ p t	s k æ l ə p t	1	1	reg_t	reg_t	reg_t
model_template	n o ʊ t	n o ʊ t ə d	n o ʊ t ə d	k o ʊ t	k o ʊ t ə d	k o ʊ t ə d	n o ʊ t ə d	1	1	reg_əd	reg_əd	reg_əd
model_template	p ɑː k ə t	p ɑː k ə t ə d	p ɑː k ə t ə d	p r ə t ɛ k t	p r ə t ɛ k t ə d	p r ə t ɛ k t ə d	p ɑː k ə t ə d	1	1	reg_əd	reg_əd	reg_əd
model_template	r ə f l ɛ k t	r ə f l ɛ k t ə d	r ə l ɛ k ɛ t ə d	b l o ʊ	b l uː	b l uː	NA	0	0	reg_əd	other	vowel_change
model_template	s t e ɪ t	s t e ɪ t ə d	s t e ɪ t ə d	s k e ɪ t	s k e ɪ t ə d	s k e ɪ t ə d	s t e ɪ t ə d	1	1	reg_əd	reg_əd	reg_əd
model_template	p r a ɪ	p r a ɪ d	p r a ɪ d	t r a ɪ	t r a ɪ d	t r a ɪ d	p r a ɪ d	1	1	reg_d	reg_d	reg_d
model_template	ʃ uː	ʃ uː d	ʃ uː d	w uː	w uː d	w uː d	ʃ uː d	1	1	reg_d	reg_d	reg_d
model_template	k ɑː n s ə n t r e ɪ t	k ɑː n s ə n t r e ɪ t ə d	k ə d	ɪ n t ə r ɛ s t	ɪ n t ə r ɛ s t ə d	ɪ n t ə r ɛ s t ə d	k ɑː n s ə n t r e ɪ t ə d	0	1	reg_əd	other	reg_əd
model_template	s ʌ f ɹ̩	s ʌ f ɹ̩ d	s ʌ f ɹ̩ d	m æ t ɹ̩	m æ t ɹ̩ d	m æ t ɹ̩ d	s ʌ f ɹ̩ d	1	1	reg_d	reg_d	reg_d
model_template	s ɪ z ə l	s ɪ z ə l d	s ɪ z ə l d	t ɪ k ə l	t ɪ k ə l d	t ɪ k ə l d	s ɪ z ə l d	1	1	reg_d	reg_d	reg_d
model_template	p r ə p o ʊ z	p r ə p o ʊ z d	p r ə p r ʊ z d	iː t	e ɪ t	e ɪ t	NA	0	0	reg_d	other	vowel_change
model_template	θ ɔ	θ ɔ d	θ ɔ d	b uː	b uː d	b uː d	θ ɔ d	1	1	reg_d	reg_d	reg_d
model_template	r ɪ l e ɪ t	r ɪ l e ɪ t ə d	r ɪ l e ɪ t ə d	ɑː p ɹ̩ e ɪ t	ɑː p ɹ̩ e ɪ t ə d	ɑː p ɹ̩ e ɪ t ə d	r ɪ l e ɪ t ə d	1	1	reg_əd	reg_əd	reg_əd
model_template	t ɪ k	t ɪ k t	t ɪ k t	k ɪ k	k ɪ k t	k ɪ k t	t ɪ k t	1	1	reg_t	reg_t	reg_t
model_template	ɛ d͡ʒ	ɛ d͡ʒ d	ɛ d͡ʒ uː d͡ʒ uː d͡ʒ d	f l a ɪ	f l uː	f l uː	NA	0	0	reg_d	other	vowel_change
model_template	ɪ ɡ z ɪ s t	ɪ ɡ z ɪ s t ə d	ɪ ɡ æ s t	ʃ r ɪ ŋ k	ʃ r æ ŋ k	ʃ r æ ŋ k	NA	0	0	reg_əd	other	vowel_change
model_template	θ ɪ k ə n	θ ɪ k ə n d	θ ɪ k ə n d	t͡ʃ ɪ k ə n	t͡ʃ ɪ k ə n d	t͡ʃ ɪ k ə n d	θ ɪ k ə n d	1	1	reg_d	reg_d	reg_d
model_template	r ɪ t ɹ̩ n	r ɪ t ɹ̩ n d	r ɪ t ɹ̩ n d	t͡ʃ ɪ k ə n	t͡ʃ ɪ k ə n d	t͡ʃ ɪ k ə n d	r ɪ t ɹ̩ n d	1	1	reg_d	reg_d	reg_d
model_template	t͡ʃ ɑː r d͡ʒ	t͡ʃ ɑː r d͡ʒ d	t͡ʃ ɑː r d͡ʒ d	b r ɪ d͡ʒ	b r ɪ d͡ʒ d	b r ɪ d͡ʒ d	t͡ʃ ɑː r d͡ʒ d	1	1	reg_d	reg_d	reg_d
model_template	s t o ʊ n	s t o ʊ n d	s t o ʊ n d	h æ p ə n	h æ p ə n d	h æ p ə n d	s t o ʊ n d	1	1	reg_d	reg_d	reg_d
model_template	w ɛ l k ə m	w ɛ l k ə m d	w ɛ l k ə m d	ɪ n v ɑː l v	ɪ n v ɑː l v d	ɪ n v ɑː l v d	w ɛ l k ə m d	1	1	reg_d	reg_d	reg_d
model_template_chosen	s iː	s ɔ	s iː d	k iː	k iː d	k iː d	s iː d	1	0	vowel_change	reg_d	reg_d
model_template_chosen	ɡ ɛ t	ɡ ɑː t	ɡ ɛ t	l ɛ t	l ɛ t	l ɛ t	ɡ ɛ t	1	0	vowel_change	no_change	no_change
model_template_chosen	n ɑː k	n ɑː k t	n ɑː k t	k ɑː k	k ɑː k t	k ɑː k t	n ɑː k t	1	1	reg_t	reg_t	reg_t
model_template_chosen	θ ɪ ŋ k	θ ɔ t	θ ɪ ŋ k t	w ɪ ŋ k	w ɪ ŋ k t	w ɪ ŋ k t	θ ɪ ŋ k t	1	0	rhyme_replaced	reg_t	reg_t
model_template_chosen	k l iː n	k l iː n d	k l iː n d	p l æ n	p l æ n d	p l æ n d	k l iː n d	1	1	reg_d	reg_d	reg_d
model_template_chosen	b ɪ l iː v	b ɪ l iː v d	b ɪ l iː v d	r ɪ l iː v	r ɪ l iː v d	r ɪ l iː v d	b ɪ l iː v d	1	1	reg_d	reg_d	reg_d
model_template_chosen	ɡ ɪ v	ɡ e ɪ v	ɡ ɪ v d	l ʌ v	l ʌ v d	l ʌ v d	ɡ ɪ v d	1	0	vowel_change	reg_d	reg_d
model_template_chosen	t e ɪ k	t ʊ k	t e ɪ k t	b e ɪ k	b e ɪ k t	b e ɪ k t	t e ɪ k t	1	0	vowel_change	reg_t	reg_t
model_template_chosen	s t æ n d	s t ʊ d	s t æ n t ə d	s p ɛ n d	s p ɛ n t	s p ɛ n t	s t æ n t	0	0	rhyme_replaced	other	coda_change
model_template_chosen	j ɛ l	j ɛ l d	j ɛ l d	s ɛ l	s ɛ l d	s o ʊ l d	j ɛ l d	1	1	reg_d	reg_d	reg_d
model_template_chosen	f ɪ k s	f ɪ k s t	f ɪ k s t	m ɪ k s	m ɪ k s t	m ɪ k s t	f ɪ k s t	1	1	reg_t	reg_t	reg_t
model_template_chosen	k l æ p	k l æ p t	k l æ p t	k l ɪ p	k l ɪ p t	k l ɪ p t	k l æ p t	1	1	reg_t	reg_t	reg_t
model_template_chosen	r a ɪ m	r a ɪ m d	r o ʊ m	r a ɪ d	r o ʊ d	r o ʊ d	NA	0	0	reg_d	vowel_change	vowel_change
model_template_chosen	t ɛ l	t o ʊ l d	t ɛ l d	ʃ ɛ l	ʃ ɛ l d	ʃ ɛ l d	t ɛ l d	1	0	vowel_change_suffix	reg_d	reg_d
model_template_chosen	f ɔ l	f ɛ l	f ɔ l d	f ɪ l	f ɪ l d	f ɪ l d	f ɔ l d	1	0	vowel_change	reg_d	reg_d
model_template_chosen	r o ʊ l	r o ʊ l d	r o ʊ l d	b o ʊ l	b o ʊ l d	b o ʊ l d	r o ʊ l d	1	1	reg_d	reg_d	reg_d
model_template_chosen	k uː l	k uː l d	k uː l d	k ɹ̩ l	k ɹ̩ l d	k ɹ̩ l d	k uː l d	1	1	reg_d	reg_d	reg_d
model_template_chosen	s ɪ ŋ	s æ ŋ	s æ ŋ	s ɪ t	s æ t	s æ t	NA	0	0	vowel_change	vowel_change	vowel_change
model_template_chosen	h o ʊ l d	h ɛ l d	h o ʊ l d	s p r ɛ d	s p r ɛ d	s p r ɛ d	h o ʊ l d	1	0	vowel_change	no_change	no_change
model_template_chosen	d r ɛ s	d r ɛ s t	d r ɛ s t	k r ɔ s	k r ɔ s t	k r ɔ s t	d r ɛ s t	1	1	reg_t	reg_t	reg_t
model_template_chosen	w e ɪ k	w o ʊ k	w e ɪ k t	b e ɪ k	b e ɪ k t	b e ɪ k t	w e ɪ k t	1	0	vowel_change	reg_t	reg_t
model_template_chosen	m uː v	m uː v d	m uː v d	l ʌ v	l ʌ v d	l ʌ v d	m uː v d	1	1	reg_d	reg_d	reg_d
model_template_chosen	b ɪ l d	b ɪ l t	b ɪ l d ə d	b æ n d	b æ n d ə d	b æ n d ə d	b ɪ l d ə d	1	0	coda_change	reg_əd	reg_əd
model_template_chosen	p uː p	p uː p t	p uː p t	w uː p	w uː p t	w uː p t	p uː p t	1	1	reg_t	reg_t	reg_t
model_template_chosen	k ɛ r	k ɛ r d	k ɛ r d	ʃ ɛ r	ʃ ɛ r d	ʃ ɛ r d	k ɛ r d	1	1	reg_d	reg_d	reg_d
model_template_chosen	b ɛ r iː	b ɛ r iː d	b ɛ r iː d	m ɛ r iː	m ɛ r iː d	m ɛ r iː d	b ɛ r iː d	1	1	reg_d	reg_d	reg_d
model_template_chosen	p æ n t	p æ n t ə d	p æ n t ə d	w ɔ n t	w ɔ n t ə d	w ɔ n t ə d	p æ n t ə d	1	1	reg_əd	reg_əd	reg_əd
model_template_chosen	t ʌ k	t ʌ k t	t ʌ k t	t ɔ k	t ɔ k t	t ɔ k t	t ʌ k t	1	1	reg_t	reg_t	reg_t
model_template_chosen	b ɑː ð ɹ̩	b ɑː ð ɹ̩ d	b ɑː r ɹ̩ d	ə n d uː	ə n d ɪ d	ə n d ɪ d	NA	0	0	reg_d	other	vowel_change_suffix
model_template_chosen	ɛ ɡ z ɪ t	ɛ ɡ z ɪ t ə d	ɛ z ɪ z t ə d	w uː	w uː d	w uː d	ɛ ɡ z ɪ t d	0	0	reg_əd	other	reg_d
model_template_chosen	s t e ɪ	s t e ɪ d	s t e ɪ d	s w e ɪ	s w e ɪ d	s w e ɪ d	s t e ɪ d	1	1	reg_d	reg_d	reg_d
model_template_chosen	w ʌ n d ɹ̩	w ʌ n d ɹ̩ d	w ʌ n d ɹ̩ d	w ɑː n d ɹ̩	w ɑː n d ɹ̩ d	w ɑː n d ɹ̩ d	w ʌ n d ɹ̩ d	1	1	reg_d	reg_d	reg_d
model_template_chosen	d ɪ p	d ɪ p t	d ɪ p t	t ɪ p	t ɪ p t	t ɪ p t	d ɪ p t	1	1	reg_t	reg_t	reg_t
model_template_chosen	h ʌ ɡ	h ʌ ɡ d	h ʌ ɡ d	t ʌ ɡ	t ʌ ɡ d	t ʌ ɡ d	h ʌ ɡ d	1	1	reg_d	reg_d	reg_d
model_template_chosen	v ɔ ɪ s	v ɔ ɪ s t	v ɔ ɪ s t	t͡ʃ e ɪ s	t͡ʃ e ɪ s t	t͡ʃ e ɪ s t	v ɔ ɪ s t	1	1	reg_t	reg_t	reg_t
model_template_chosen	ə t æ t͡ʃ	ə t æ t͡ʃ t	ə t æ t͡ʃ t	p ɪ n t͡ʃ	p ɪ n t͡ʃ t	p ɪ n t͡ʃ t	ə t æ t͡ʃ t	1	1	reg_t	reg_t	reg_t
model_template_chosen	s m ɛ l	s m ɛ l d	s m ɛ l d	s p ɛ l	s p ɛ l d	s p ɛ l d	s m ɛ l d	1	1	reg_d	reg_d	reg_d
model_template_chosen	f ɪ n ɪ ʃ	f ɪ n ɪ ʃ t	f ɪ n	r ʌ n	r ʌ n	r æ n	f ɪ n ɪ ʃ	0	0	reg_t	other	no_change
model_template_chosen	t r ɑː t	t r ɑː t ə d	t r ɑː t ə d	k o ʊ t	k o ʊ t ə d	k o ʊ t ə d	t r ɑː t ə d	1	1	reg_əd	reg_əd	reg_əd
model_template_chosen	b l ɛ s	b l ɛ s t	b l ɛ s t	b ɑː k s	b ɑː k s t	b ɑː k s t	b l ɛ s t	1	1	reg_t	reg_t	reg_t
model_template_chosen	l ɛ d	l ɛ d ə d	l ɛ d ə d	h ɛ d	h ɛ d ə d	h ɛ d ə d	l ɛ d ə d	1	1	reg_əd	reg_əd	reg_əd
model_template_chosen	p r ɛ s	p r ɛ s t	p r ɛ s t	k r ɔ s	k r ɔ s t	k r ɔ s t	p r ɛ s t	1	1	reg_t	reg_t	reg_t
model_template_chosen	ə n z ɪ p	ə n z ɪ p t	ə n z ɪ p t	s t r ɪ p	s t r ɪ p t	s t r ɪ p t	ə n z ɪ p t	1	1	reg_t	reg_t	reg_t
model_template_chosen	f ɪ l t ɹ̩	f ɪ l t ɹ̩ d	f ɪ l t ɹ̩ d	f ɪ ŋ ɡ ɹ̩	f ɪ ŋ ɡ ɹ̩ d	f ɪ ŋ ɡ ɹ̩ d	f ɪ l t ɹ̩ d	1	1	reg_d	reg_d	reg_d
model_template_chosen	ʃ e ɪ v	ʃ e ɪ v d	ʃ e ɪ v d	s e ɪ v	s e ɪ v d	s e ɪ v d	ʃ e ɪ v d	1	1	reg_d	reg_d	reg_d
model_template_chosen	k ɑː s t	k ɑː s t	k ɑː s t ə d	d ʌ s t	d ʌ s t ə d	d ʌ s t ə d	k ɑː s t ə d	1	0	no_change	reg_əd	reg_əd
model_template_chosen	b r ʌ ʃ	b r ʌ ʃ t	b r ʌ ʃ t	k r æ ʃ	k r æ ʃ t	k r æ ʃ t	b r ʌ ʃ t	1	1	reg_t	reg_t	reg_t
model_template_chosen	l æ n d	l æ n d ə d	l æ n d ə d	b æ n d	b æ n d ə d	b æ n d ə d	l æ n d ə d	1	1	reg_əd	reg_əd	reg_əd
model_template_chosen	s t ɛ p	s t ɛ p t	s t ɛ p t	s k ɪ p	s k ɪ p t	s k ɪ p t	s t ɛ p t	1	1	reg_t	reg_t	reg_t
model_template_chosen	m ɪ l k	m ɪ l k t	m ɪ l k t	p o ʊ k	p o ʊ k t	p o ʊ k t	m ɪ l k t	1	1	reg_t	reg_t	reg_t
model_template_chosen	b ɛ s t	b ɛ s t ə d	b ɛ s t ə d	m ɛ l t	m ɛ l t ə d	m ɛ l t ə d	b ɛ s t ə d	1	1	reg_əd	reg_əd	reg_əd
model_template_chosen	m a ɪ n d	m a ɪ n d ə d	m a ʊ n d	f a ɪ n d	f a ʊ n d	f a ʊ n d	m a ʊ n d	1	0	reg_əd	vowel_change	vowel_change
model_template_chosen	w a ɪ t	w a ɪ t ə d	w a ɪ t	k w ɪ t	k w ɪ t	k w ɪ t	w a ɪ t	1	0	reg_əd	no_change	no_change
model_template_chosen	m æ k s	m æ k s t	m æ k s t	w æ k s	w æ k s t	w æ k s t	m æ k s t	1	1	reg_t	reg_t	reg_t
model_template_chosen	r iː t͡ʃ	r iː t͡ʃ t	r iː t͡ʃ t	s ɹ̩ t͡ʃ	s ɹ̩ t͡ʃ t	s ɹ̩ t͡ʃ t	r iː t͡ʃ t	1	1	reg_t	reg_t	reg_t
model_template_chosen	h o ʊ p	h o ʊ p t	h o ʊ p t	ʃ e ɪ p	ʃ e ɪ p t	ʃ e ɪ p t	h o ʊ p t	1	1	reg_t	reg_t	reg_t
model_template_chosen	f o ʊ l d	f o ʊ l d ə d	f o ʊ l d	s p r ɛ d	s p r ɛ d	s p r ɛ d	f o ʊ l d	1	0	reg_əd	no_change	no_change
model_template_chosen	k l ɪ n t͡ʃ	k l ɪ n t͡ʃ t	k l ɪ n t͡ʃ t	k r ʌ n t͡ʃ	k r ʌ n t͡ʃ t	k r ʌ n t͡ʃ t	k l ɪ n t͡ʃ t	1	1	reg_t	reg_t	reg_t
model_template_chosen	t r ɪ k	t r ɪ k t	t r ɪ k t	t r ʌ k	t r ʌ k t	t r ʌ k t	t r ɪ k t	1	1	reg_t	reg_t	reg_t
model_template_chosen	b ɛ n d	b ɛ n d ə d	b ɛ n d ə d	b l ʌ d	b l ʌ d ə d	b l ʌ d ə d	b ɛ n d ə d	1	1	reg_əd	reg_əd	reg_əd
model_template_chosen	a ɪ d ɛ n t ə f a ɪ	a ɪ d ɛ n t ə f a ɪ d	a ʊ d	ə n d ɹ̩ s t æ n d	ə n d ɹ̩ s t ʊ d	ə n d ɹ̩ s t ʊ d	NA	0	0	reg_d	other	rhyme_replaced
model_template_chosen	d͡ʒ ɔ ɪ n	d͡ʒ ɔ ɪ n d	d͡ʒ ɔ ɪ n d	r e ɪ n	r e ɪ n d	r e ɪ n d	d͡ʒ ɔ ɪ n d	1	1	reg_d	reg_d	reg_d
model_template_chosen	k ə n f j uː z	k ə n f j uː z d	k ə f f j uː z d	b r e ɪ k	b r o ʊ k	b r o ʊ k	NA	0	0	reg_d	other	vowel_change
model_template_chosen	b ɛ r	b o ʊ r	b ɛ r d	ʃ ɛ r	ʃ ɛ r d	ʃ ɛ r d	b ɛ r d	1	0	vowel_change	reg_d	reg_d
model_template_chosen	r ɛ s t	r ɛ s t ə d	r ɛ s t ə d	r ɛ n t	r ɛ n t ə d	r ɛ n t ə d	r ɛ s t ə d	1	1	reg_əd	reg_əd	reg_əd
model_template_chosen	p iː	p iː d	p iː d	k iː	k iː d	k iː d	p iː d	1	1	reg_d	reg_d	reg_d
model_template_chosen	ɡ r æ b	ɡ r æ b d	ɡ r æ b d	k j uː b	k j uː b d	k j uː b d	ɡ r æ b d	1	1	reg_d	reg_d	reg_d
model_template_chosen	ə p r o ʊ t͡ʃ	ə p r o ʊ t͡ʃ t	ə p r o ʊ t͡ʃ t	ə n a ʊ n s	ə n a ʊ n s t	ə n a ʊ n s t	ə p r o ʊ t͡ʃ t	1	1	reg_t	reg_t	reg_t
model_template_chosen	p iː l	p iː l d	p iː l d	h iː l	h iː l d	h iː l d	p iː l d	1	1	reg_d	reg_d	reg_d
model_template_chosen	m ɑː r t͡ʃ	m ɑː r t͡ʃ t	m ɑː r t͡ʃ t	p ʌ n t͡ʃ	p ʌ n t͡ʃ t	p ʌ n t͡ʃ t	m ɑː r t͡ʃ t	1	1	reg_t	reg_t	reg_t
model_template_chosen	t æ k ə l	t æ k ə l d	t æ k ə l d	b ʌ k ə l	b ʌ k ə l d	b ʌ k ə l d	t æ k ə l d	1	1	reg_d	reg_d	reg_d
model_template_chosen	d ɪ ɡ	d ʌ ɡ	d ɪ ɡ d	d ɔ ɡ	d ɔ ɡ d	d ɔ ɡ d	d ɪ ɡ d	1	0	vowel_change	reg_d	reg_d
model_template_chosen	s ɛ t ə l	s ɛ t ə l d	s ɛ t ə l d	ʃ ʌ t ə l	ʃ ʌ t ə l d	ʃ ʌ t ə l d	s ɛ t ə l d	1	1	reg_d	reg_d	reg_d
model_template_chosen	ɪ ɡ n ɔ r	ɪ ɡ n ɔ r d	ɪ n ɔ n r d	s t ɪ ŋ k	s t ʌ ŋ k	s t ʌ ŋ k	NA	0	0	reg_d	other	vowel_change
model_template_chosen	k ʌ v ɹ̩	k ʌ v ɹ̩ d	k ʌ v ɹ̩ d	k ʌ l ɹ̩	k ʌ l ɹ̩ d	k ʌ l ɹ̩ d	k ʌ v ɹ̩ d	1	1	reg_d	reg_d	reg_d
model_template_chosen	r ɑː t	r ɑː t ə d	r ɑː t	f ɪ t	f ɪ t	f ɪ t	r ɑː t	1	0	reg_əd	no_change	no_change
model_template_chosen	f l æ t ɹ̩	f l æ t ɹ̩ d	f l æ t ɹ̩ d	w ɪ n t ɹ̩	w ɪ n t ɹ̩ d	w ɪ n t ɹ̩ d	f l æ t ɹ̩ d	1	1	reg_d	reg_d	reg_d
model_template_chosen	b ʌ b ə l	b ʌ b ə l d	b ʌ b ə l d	b æ b ə l	b æ b ə l d	b æ b ə l d	b ʌ b ə l d	1	1	reg_d	reg_d	reg_d
model_template_chosen	k o ʊ ɑː p ɹ̩ e ɪ t	k o ʊ ɑː p ɹ̩ e ɪ t ə d	k ɑː p ɹ̩ e ɪ p j ə d	ʃ uː t	ʃ ɑː t	ʃ ɑː t	NA	0	0	reg_əd	other	vowel_change
model_template_chosen	ɡ r iː n	ɡ r iː n d	ɡ r iː n d	s k æ n	s k æ n d	s k æ n d	ɡ r iː n d	1	1	reg_d	reg_d	reg_d
model_template_chosen	r e ɪ s	r e ɪ s t	r e ɪ s t	t͡ʃ e ɪ s	t͡ʃ e ɪ s t	t͡ʃ e ɪ s t	r e ɪ s t	1	1	reg_t	reg_t	reg_t
model_template_chosen	d æ n s	d æ n s t	d æ n s t	w æ k s	w æ k s t	w æ k s t	d æ n s t	1	1	reg_t	reg_t	reg_t
model_template_chosen	p r ɑː d͡ʒ ɛ k t	p r ɑː d͡ʒ ɛ k t ə d	p r ɑː d͡ʒ ɛ k t ə d	p r iː z ɛ n t	p r iː z ɛ n t ə d	p r iː z ɛ n t ə d	p r ɑː d͡ʒ ɛ k t ə d	1	1	reg_əd	reg_əd	reg_əd
model_template_chosen	b ɛ ɡ	b ɛ ɡ d	b ɛ ɡ d	b æ ɡ	b æ ɡ d	b æ ɡ d	b ɛ ɡ d	1	1	reg_d	reg_d	reg_d
model_template_chosen	s ɹ̩ v ɪ s	s ɹ̩ v ɪ s t	s ɹ̩ v ɪ s t	b a ʊ n s	b a ʊ n s t	b a ʊ n s t	s ɹ̩ v ɪ s t	1	1	reg_t	reg_t	reg_t
model_template_chosen	r ɛ p r ə z ɛ n t	r ɛ p r ə z ɛ n t ə d	r ɛ p r ɛ p ɛ r ə n d	s e ɪ	s ɛ d	s ɛ d	NA	0	0	reg_əd	other	vowel_change_suffix
model_template_chosen	ɪ m ɹ̩ d͡ʒ	ɪ m ɹ̩ d͡ʒ d	ɪ m ɹ̩ d͡ʒ d	b r ɪ d͡ʒ	b r ɪ d͡ʒ d	b r ɪ d͡ʒ d	ɪ m ɹ̩ d͡ʒ d	1	1	reg_d	reg_d	reg_d
model_template_chosen	b ɔ ɪ l	b ɔ ɪ l d	b ɔ ɪ l d	f e ɪ l	f e ɪ l d	f e ɪ l d	b ɔ ɪ l d	1	1	reg_d	reg_d	reg_d
model_template_chosen	p ɹ̩ f ɛ k t	p ɹ̩ f ɛ k t ə d	p ɹ̩ d	r ɪ m ɛ m b ɹ̩	r ɪ m ɛ m b ɹ̩ d	r ɪ m ɛ m b ɹ̩ d	p ɹ̩ f ɛ k t d	0	0	reg_əd	other	reg_d
model_template_chosen	r a ɪ z	r o ʊ z	r o ʊ z d	r a ɪ d	r o ʊ d	r o ʊ d	NA	0	0	vowel_change	vowel_change_suffix	vowel_change
model_template_chosen	s k r iː n	s k r iː n d	s k r iː n d	d r a ʊ n	d r a ʊ n d	d r a ʊ n d	s k r iː n d	1	1	reg_d	reg_d	reg_d
model_template_chosen	t r e ɪ n	t r e ɪ n d	t r e ɪ n d	l ɪ s ə n	l ɪ s ə n d	l ɪ s ə n d	t r e ɪ n d	1	1	reg_d	reg_d	reg_d
model_template_chosen	s o ʊ	s o ʊ d	s o ʊ d	ʃ o ʊ	ʃ o ʊ d	ʃ o ʊ d	s o ʊ d	1	1	reg_d	reg_d	reg_d
model_template_chosen	f e ɪ s	f e ɪ s t	f e ɪ s t	w æ k s	w æ k s t	w æ k s t	f e ɪ s t	1	1	reg_t	reg_t	reg_t
model_template_chosen	s t ʌ d iː	s t ʌ d iː d	s t ʌ d	p ʊ t	p ʊ t	p ʊ t	s t ʌ d iː	0	0	reg_d	other	no_change
model_template_chosen	b l ɑː t	b l ɑː t ə d	b l ɑː t ə d	s w ɑː t	s w ɑː t ə d	s w ɑː t ə d	b l ɑː t ə d	1	1	reg_əd	reg_əd	reg_əd
model_template_chosen	m e ɪ l	m e ɪ l d	m e ɪ l d	n e ɪ l	n e ɪ l d	n e ɪ l d	m e ɪ l d	1	1	reg_d	reg_d	reg_d
model_template_chosen	k l ɪ ŋ	k l ʌ ŋ	k l ɪ ŋ d	p l e ɪ	p l e ɪ d	p l e ɪ d	k l ɪ ŋ d	1	0	vowel_change	reg_d	reg_d
model_template_chosen	p l ʌ ɡ	p l ʌ ɡ d	p l ʌ ɡ d	d r æ ɡ	d r æ ɡ d	d r æ ɡ d	p l ʌ ɡ d	1	1	reg_d	reg_d	reg_d
model_template_chosen	p r e ɪ	p r e ɪ d	p r e ɪ d	p l e ɪ	p l e ɪ d	p l e ɪ d	p r e ɪ d	1	1	reg_d	reg_d	reg_d
model_template_chosen	f l o ʊ	f l o ʊ d	f l uː	b l o ʊ	b l uː	b l uː	f l uː	1	0	reg_d	vowel_change	vowel_change
model_template_chosen	r iː m a ɪ n d	r iː m a ɪ n d ə d	r iː a ɪ n d	s l a ɪ d	s l ɪ d	s l ɪ d	NA	0	0	reg_əd	other	vowel_change
model_template_chosen	ɛ l b o ʊ	ɛ l b o ʊ d	ɛ l o ʊ o ʊ d	b r e ɪ d	b r o ʊ d ə d	b r e ɪ d ə d	NA	0	0	reg_d	other	other
model_template_chosen	f r iː z	f r o ʊ z	f r iː z d	p l iː z	p l iː z d	p l iː z d	f r iː z d	1	0	vowel_change	reg_d	reg_d
model_template_chosen	m ɪ m ɪ k	m ɪ m ɪ k t	m ɪ m ɪ k	s p r ɛ d	s p r ɛ d	s p r ɛ d	m ɪ m ɪ k	1	0	reg_t	no_change	no_change
model_template_chosen	w iː l	w iː l d	w iː l d	h iː l	h iː l d	h iː l d	w iː l d	1	1	reg_d	reg_d	reg_d
model_template_chosen	p ʌ m p	p ʌ m p t	p ʌ m p t	k æ m p	k æ m p t	k æ m p t	p ʌ m p t	1	1	reg_t	reg_t	reg_t
model_template_chosen	ɪ k s p ɛ k t	ɪ k s p ɛ k t ə d	ɪ k s p ɛ k t ə d	p r ə t ɛ k t	p r ə t ɛ k t ə d	p r ə t ɛ k t ə d	ɪ k s p ɛ k t ə d	1	1	reg_əd	reg_əd	reg_əd
model_template_chosen	w a ɪ n d	w a ɪ n d ə d	w a ʊ n d	f a ɪ n d	f a ʊ n d	f a ʊ n d	w a ʊ n d	1	0	reg_əd	vowel_change	vowel_change
model_template_chosen	s k r ɪ b ə l	s k r ɪ b ə l d	s k r ɪ b ə b d	h æ v	h æ d	h æ d	NA	0	0	reg_d	coda_change	coda_change
model_template_chosen	r ɪ s p ɑː n d	r ɪ s p ɑː n d ə d	r ɪ s p ɑː n d ə d	p r iː t ɛ n d	p r iː t ɛ n d ə d	p r iː t ɛ n d ə d	r ɪ s p ɑː n d ə d	1	1	reg_əd	reg_əd	reg_əd
model_template_chosen	r e ɪ z	r e ɪ z d	r e ɪ z d	s a ɪ z	s a ɪ z d	s a ɪ z d	r e ɪ z d	1	1	reg_d	reg_d	reg_d
model_template_chosen	ɡ ɪ ɡ ə l	ɡ ɪ ɡ ə l d	ɡ ɪ ɡ ə l d	n ɪ b ə l	n ɪ b ə l d	n ɪ b ə l d	ɡ ɪ ɡ ə l d	1	1	reg_d	reg_d	reg_d
model_template_chosen	b ɑː r o ʊ	b ɑː r o ʊ d	b ɑː r o ʊ d	p ɑː r t iː	p ɑː r t iː d	p ɑː r t iː d	b ɑː r o ʊ d	1	1	reg_d	reg_d	reg_d
model_template_chosen	s w ɑː l o ʊ	s w ɑː l o ʊ d	s w ɑː l o ʊ d	s ə p o ʊ z	s ə p o ʊ z d	s ə p o ʊ z d	s w ɑː l o ʊ d	1	1	reg_d	reg_d	reg_d
model_template_chosen	d ɑː r n	d ɑː r n d	d ɑː r n d	d a ʊ n	d a ʊ n d	d a ʊ n d	d ɑː r n d	1	1	reg_d	reg_d	reg_d
model_template_chosen	k ɑː p iː	k ɑː p iː d	k ɑː p ɑː p	ʃ uː t	ʃ ɑː t	ʃ ɑː t	NA	0	0	reg_d	other	vowel_change
model_template_chosen	s k r e ɪ p	s k r e ɪ p t	s k r e ɪ p t	s t r a ɪ p	s t r a ɪ p t	s t r a ɪ p t	s k r e ɪ p t	1	1	reg_t	reg_t	reg_t
model_template_chosen	h o ʊ m	h o ʊ m d	h o ʊ m d	k o ʊ m	k o ʊ m d	k o ʊ m d	h o ʊ m d	1	1	reg_d	reg_d	reg_d
model_template_chosen	f r iː	f r iː d	f r iː d	s k iː	s k iː d	s k iː d	f r iː d	1	1	reg_d	reg_d	reg_d
model_template_chosen	b r a ɪ t ə n	b r a ɪ t ə n d	b r a ɪ t ə n d	ə b æ n d ə n	ə b æ n d ə n d	ə b æ n d ə n d	b r a ɪ t ə n d	1	1	reg_d	reg_d	reg_d
model_template_chosen	ə r a ɪ v	ə r a ɪ v d	ə r a ɪ v d	r ə s iː v	r ə s iː v d	r ə s iː v d	ə r a ɪ v d	1	1	reg_d	reg_d	reg_d
model_template_chosen	ɪ k s p l ɔ r	ɪ k s p l ɔ r d	ɪ k s p l ɔ r d	d ɪ s t r ɔ ɪ	d ɪ s t r ɔ ɪ d	d ɪ s t r ɔ ɪ d	ɪ k s p l ɔ r d	1	1	reg_d	reg_d	reg_d
model_template_chosen	p ɹ̩ s	p ɹ̩ s t	p ɹ̩ s t	n ɹ̩ s	n ɹ̩ s t	n ɹ̩ s t	p ɹ̩ s t	1	1	reg_t	reg_t	reg_t
model_template_chosen	t͡ʃ ɪ p	t͡ʃ ɪ p t	t͡ʃ ɪ p t	z ɪ p	z ɪ p t	z ɪ p t	t͡ʃ ɪ p t	1	1	reg_t	reg_t	reg_t
model_template_chosen	b ɑː t ə l	b ɑː t ə l d	b ɑː t ə l d	b æ t ə l	b æ t ə l d	b æ t ə l d	b ɑː t ə l d	1	1	reg_d	reg_d	reg_d
model_template_chosen	ə s o ʊ s iː e ɪ t	ə s o ʊ s iː e ɪ t ə d	ə s a ɪ s t ʊ d	s l a ɪ d	s l ɪ d	s l ɪ d	NA	0	0	reg_əd	other	vowel_change
model_template_chosen	ɪ n s ɪ s t	ɪ n s ɪ s t ə d	ɪ n s ɪ s t ə d	ɪ k s ɛ p t	ɪ k s ɛ p t ə d	ɪ k s ɛ p t ə d	ɪ n s ɪ s t ə d	1	1	reg_əd	reg_əd	reg_əd
model_template_chosen	w iː	w iː d	w iː d	k iː	k iː d	k iː d	w iː d	1	1	reg_d	reg_d	reg_d
model_template_chosen	ʃ ɔ r t ə n	ʃ ɔ r t ə n d	ʃ ɔ r t ə n d	ʃ ɑː r p ə n	ʃ ɑː r p ə n d	ʃ ɑː r p ə n d	ʃ ɔ r t ə n d	1	1	reg_d	reg_d	reg_d
model_template_chosen	ə n l ɑː k	ə n l ɑː k t	ə n l ɑː k t	s p æ ŋ k	s p æ ŋ k t	s p æ ŋ k t	ə n l ɑː k t	1	1	reg_t	reg_t	reg_t
model_template_chosen	d ʌ b ə l	d ʌ b ə l d	d ʌ b ə l d	b æ b ə l	b æ b ə l d	b æ b ə l d	d ʌ b ə l d	1	1	reg_d	reg_d	reg_d
model_template_chosen	m ɑː p	m ɑː p t	m ɑː p t	t ɑː p	t ɑː p t	t ɑː p t	m ɑː p t	1	1	reg_t	reg_t	reg_t
model_template_chosen	f ɛ t͡ʃ	f ɛ t͡ʃ t	f ɛ t͡ʃ t	h æ t͡ʃ	h æ t͡ʃ t	h æ t͡ʃ t	f ɛ t͡ʃ t	1	1	reg_t	reg_t	reg_t
model_template_chosen	ʃ ɛ d	ʃ ɛ d ə d	ʃ ɛ d ə d	h ɛ d	h ɛ d ə d	h ɛ d ə d	ʃ ɛ d ə d	1	1	reg_əd	reg_əd	reg_əd
model_template_chosen	t r æ p	t r æ p t	t r æ p t	d r ɪ p	d r ɪ p t	d r ɪ p t	t r æ p t	1	1	reg_t	reg_t	reg_t
model_template_chosen	b ɪ h e ɪ v	b ɪ h e ɪ v d	b ɪ h e ɪ v d	ɪ n v ɑː l v	ɪ n v ɑː l v d	ɪ n v ɑː l v d	b ɪ h e ɪ v d	1	1	reg_d	reg_d	reg_d
model_template_chosen	d ɪ l iː t	d ɪ l iː t ə d	d ɪ l iː t ə d	r ɪ p iː t	r ɪ p iː t ə d	r ɪ p iː t ə d	d ɪ l iː t ə d	1	1	reg_əd	reg_əd	reg_əd
model_template_chosen	p æ n	p æ n d	p æ n d	p ɪ n	p ɪ n d	p ɪ n d	p æ n d	1	1	reg_d	reg_d	reg_d
model_template_chosen	s k æ l ə p	s k æ l ə p t	s k æ l ə p t	s t r a ɪ p	s t r a ɪ p t	s t r a ɪ p t	s k æ l ə p t	1	1	reg_t	reg_t	reg_t
model_template_chosen	n o ʊ t	n o ʊ t ə d	n o ʊ t ə d	k o ʊ t	k o ʊ t ə d	k o ʊ t ə d	n o ʊ t ə d	1	1	reg_əd	reg_əd	reg_əd
model_template_chosen	p ɑː k ə t	p ɑː k ə t ə d	p ɑː k ə t ə d	f ɛ r ə t	f ɛ r ə t ə d	f ɛ r ə t ə d	p ɑː k ə t ə d	1	1	reg_əd	reg_əd	reg_əd
model_template_chosen	r ə f l ɛ k t	r ə f l ɛ k t ə d	r ə l ɛ k ɛ t ə d	f l a ɪ	f l uː	f l uː	NA	0	0	reg_əd	other	vowel_change
model_template_chosen	s t e ɪ t	s t e ɪ t ə d	s t e ɪ t ə d	s k e ɪ t	s k e ɪ t ə d	s k e ɪ t ə d	s t e ɪ t ə d	1	1	reg_əd	reg_əd	reg_əd
model_template_chosen	p r a ɪ	p r a ɪ d	p r a ɪ d	t r a ɪ	t r a ɪ d	t r a ɪ d	p r a ɪ d	1	1	reg_d	reg_d	reg_d
model_template_chosen	ʃ uː	ʃ uː d	ʃ uː d	w uː	w uː d	w uː d	ʃ uː d	1	1	reg_d	reg_d	reg_d
model_template_chosen	k ɑː n s ə n t r e ɪ t	k ɑː n s ə n t r e ɪ t ə d	k ə d	ɪ n t ə r ɛ s t	ɪ n t ə r ɛ s t ə d	ɪ n t ə r ɛ s t ə d	k ɑː n s ə n t r e ɪ t ə d	0	1	reg_əd	other	reg_əd
model_template_chosen	s ʌ f ɹ̩	s ʌ f ɹ̩ d	s ʌ f ɹ̩ d	m æ t ɹ̩	m æ t ɹ̩ d	m æ t ɹ̩ d	s ʌ f ɹ̩ d	1	1	reg_d	reg_d	reg_d
model_template_chosen	s ɪ z ə l	s ɪ z ə l d	s ɪ z ə l d	s ɹ̩ k ə l	s ɹ̩ k ə l d	s ɹ̩ k ə l d	s ɪ z ə l d	1	1	reg_d	reg_d	reg_d
model_template_chosen	p r ə p o ʊ z	p r ə p o ʊ z d	p r ə p r ʊ z d	b ɪ ɡ ɪ n	b ɪ ɡ æ n	b ɪ ɡ æ n	NA	0	0	reg_d	other	vowel_change
model_template_chosen	θ ɔ	θ ɔ d	θ ɔ d	s ɔ	s ɔ d	s ɔ d	θ ɔ d	1	1	reg_d	reg_d	reg_d
model_template_chosen	r ɪ l e ɪ t	r ɪ l e ɪ t ə d	r ɪ l e ɪ t ə d	ɑː p ɹ̩ e ɪ t	ɑː p ɹ̩ e ɪ t ə d	ɑː p ɹ̩ e ɪ t ə d	r ɪ l e ɪ t ə d	1	1	reg_əd	reg_əd	reg_əd
model_template_chosen	t ɪ k	t ɪ k t	t ɪ k t	t ɔ k	t ɔ k t	t ɔ k t	t ɪ k t	1	1	reg_t	reg_t	reg_t
model_template_chosen	ɛ d͡ʒ	ɛ d͡ʒ d	ɛ d͡ʒ uː d͡ʒ uː d͡ʒ d	a ʊ t ɡ r o ʊ	a ʊ t ɡ r uː	a ʊ t ɡ r uː	NA	0	0	reg_d	other	vowel_change
model_template_chosen	ɪ ɡ z ɪ s t	ɪ ɡ z ɪ s t ə d	ɪ ɡ æ s t	ʃ r ɪ ŋ k	ʃ r æ ŋ k	ʃ r æ ŋ k	NA	0	0	reg_əd	other	vowel_change
model_template_chosen	θ ɪ k ə n	θ ɪ k ə n d	θ ɪ k ə n d	t͡ʃ ɪ k ə n	t͡ʃ ɪ k ə n d	t͡ʃ ɪ k ə n d	θ ɪ k ə n d	1	1	reg_d	reg_d	reg_d
model_template_chosen	r ɪ t ɹ̩ n	r ɪ t ɹ̩ n d	r ɪ t ɹ̩ n d	t͡ʃ ɪ k ə n	t͡ʃ ɪ k ə n d	t͡ʃ ɪ k ə n d	r ɪ t ɹ̩ n d	1	1	reg_d	reg_d	reg_d
model_template_chosen	t͡ʃ ɑː r d͡ʒ	t͡ʃ ɑː r d͡ʒ d	t͡ʃ ɑː r d͡ʒ d	b r ɪ d͡ʒ	b r ɪ d͡ʒ d	b r ɪ d͡ʒ d	t͡ʃ ɑː r d͡ʒ d	1	1	reg_d	reg_d	reg_d
model_template_chosen	s t o ʊ n	s t o ʊ n d	s t o ʊ n d	o ʊ p ə n	o ʊ p ə n d	o ʊ p ə n d	s t o ʊ n d	1	1	reg_d	reg_d	reg_d
model_template_chosen	w ɛ l k ə m	w ɛ l k ə m d	w ɛ l k ə m d	ʃ ɑː r p ə n	ʃ ɑː r p ə n d	ʃ ɑː r p ə n d	w ɛ l k ə m d	1	1	reg_d	reg_d	reg_d
model_jacobian	s iː	s ɔ	s iː d	k iː	k iː d	k iː d	s iː d	1	0	vowel_change	reg_d	reg_d
model_jacobian	ɡ ɛ t	ɡ ɑː t	ɡ ɛ t	l ɛ t	l ɛ t	l ɛ t	ɡ ɛ t	1	0	vowel_change	no_change	no_change
model_jacobian	n ɑː k	n ɑː k t	n ɑː k t	k ɑː k	k ɑː k t	k ɑː k t	n ɑː k t	1	1	reg_t	reg_t	reg_t
model_jacobian	θ ɪ ŋ k	θ ɔ t	θ ɪ ŋ k t	w ɪ ŋ k	w ɪ ŋ k t	w ɪ ŋ k t	θ ɪ ŋ k t	1	0	rhyme_replaced	reg_t	reg_t
model_jacobian	k l iː n	k l iː n d	k l iː n d	p l æ n	p l æ n d	p l æ n d	k l iː n d	1	1	reg_d	reg_d	reg_d
model_jacobian	b ɪ l iː v	b ɪ l iː v d	b ɪ l iː v d	r ɪ l iː v	r ɪ l iː v d	r ɪ l iː v d	b ɪ l iː v d	1	1	reg_d	reg_d	reg_d
model_jacobian	ɡ ɪ v	ɡ e ɪ v	ɡ ɪ v d	l ʌ v	l ʌ v d	l ʌ v d	ɡ ɪ v d	1	0	vowel_change	reg_d	reg_d
model_jacobian	t e ɪ k	t ʊ k	t e ɪ k t	b e ɪ k	b e ɪ k t	b e ɪ k t	t e ɪ k t	1	0	vowel_change	reg_t	reg_t
model_jacobian	s t æ n d	s t ʊ d	s t æ n t ə d	s p ɛ n d	s p ɛ n t	s p ɛ n t	s t æ n t	0	0	rhyme_replaced	other	coda_change
model_jacobian	j ɛ l	j ɛ l d	j ɛ l d	s ɛ l	s ɛ l d	s o ʊ l d	j ɛ l d	1	1	reg_d	reg_d	reg_d
model_jacobian	f ɪ k s	f ɪ k s t	f ɪ k s t	m ɪ k s	m ɪ k s t	m ɪ k s t	f ɪ k s t	1	1	reg_t	reg_t	reg_t
model_jacobian	k l æ p	k l æ p t	k l æ p t	k l ɪ p	k l ɪ p t	k l ɪ p t	k l æ p t	1	1	reg_t	reg_t	reg_t
model_jacobian	r a ɪ m	r a ɪ m d	r o ʊ m	r a ɪ d	r o ʊ d	r o ʊ d	NA	0	0	reg_d	vowel_change	vowel_change
model_jacobian	t ɛ l	t o ʊ l d	t ɛ l d	ʃ ɛ l	ʃ ɛ l d	ʃ ɛ l d	t ɛ l d	1	0	vowel_change_suffix	reg_d	reg_d
model_jacobian	f ɔ l	f ɛ l	f ɔ l d	f ɪ l	f ɪ l d	f ɪ l d	f ɔ l d	1	0	vowel_change	reg_d	reg_d
model_jacobian	r o ʊ l	r o ʊ l d	r o ʊ l d	b o ʊ l	b o ʊ l d	b o ʊ l d	r o ʊ l d	1	1	reg_d	reg_d	reg_d
model_jacobian	k uː l	k uː l d	k uː l d	k ɔ l	k ɔ l d	k ɔ l d	k uː l d	1	1	reg_d	reg_d	reg_d
model_jacobian	s ɪ ŋ	s æ ŋ	s æ ŋ	s ɪ t	s æ t	s æ t	NA	0	0	vowel_change	vowel_change	vowel_change
model_jacobian	h o ʊ l d	h ɛ l d	h o ʊ l d	s a ʊ n d	s a ʊ n d ə d	s a ʊ n d ə d	h o ʊ l d ə d	0	0	vowel_change	no_change	reg_əd
model_jacobian	d r ɛ s	d r ɛ s t	d r ɛ s t	k r ɔ s	k r ɔ s t	k r ɔ s t	d r ɛ s t	1	1	reg_t	reg_t	reg_t
model_jacobian	w e ɪ k	w o ʊ k	w e ɪ k t	b e ɪ k	b e ɪ k t	b e ɪ k t	w e ɪ k t	1	0	vowel_change	reg_t	reg_t
model_jacobian	m uː v	m uː v d	m uː v d	l ʌ v	l ʌ v d	l ʌ v d	m uː v d	1	1	reg_d	reg_d	reg_d
model_jacobian	b ɪ l d	b ɪ l t	b ɪ l d ə d	b æ n d	b æ n d ə d	b æ n d ə d	b ɪ l d ə d	1	0	coda_change	reg_əd	reg_əd
model_jacobian	p uː p	p uː p t	p uː p t	w uː p	w uː p t	w uː p t	p uː p t	1	1	reg_t	reg_t	reg_t
model_jacobian	k ɛ r	k ɛ r d	k ɛ r d	ʃ ɛ r	ʃ ɛ r d	ʃ ɛ r d	k ɛ r d	1	1	reg_d	reg_d	reg_d
model_jacobian	b ɛ r iː	b ɛ r iː d	b ɛ r iː d	m ɛ r iː	m ɛ r iː d	m ɛ r iː d	b ɛ r iː d	1	1	reg_d	reg_d	reg_d
model_jacobian	p æ n t	p æ n t ə d	p æ n t ə d	w ɔ n t	w ɔ n t ə d	w ɔ n t ə d	p æ n t ə d	1	1	reg_əd	reg_əd	reg_əd
model_jacobian	t ʌ k	t ʌ k t	t ʌ k t	t ɔ k	t ɔ k t	t ɔ k t	t ʌ k t	1	1	reg_t	reg_t	reg_t
model_jacobian	b ɑː ð ɹ̩	b ɑː ð ɹ̩ d	b ɑː r ɹ̩ d	s p iː k	s p o ʊ k	s p o ʊ k	NA	0	0	reg_d	other	vowel_change
model_jacobian	ɛ ɡ z ɪ t	ɛ ɡ z ɪ t ə d	ɛ z ɪ z t ə d	b r e ɪ d	b r o ʊ d ə d	b r e ɪ d ə d	NA	0	0	reg_əd	other	other
model_jacobian	s t e ɪ	s t e ɪ d	s t e ɪ d	s w e ɪ	s w e ɪ d	s w e ɪ d	s t e ɪ d	1	1	reg_d	reg_d	reg_d
model_jacobian	w ʌ n d ɹ̩	w ʌ n d ɹ̩ d	w ʌ n d ɹ̩ d	w ɑː n d ɹ̩	w ɑː n d ɹ̩ d	w ɑː n d ɹ̩ d	w ʌ n d ɹ̩ d	1	1	reg_d	reg_d	reg_d
model_jacobian	d ɪ p	d ɪ p t	d ɪ p t	t ɪ p	t ɪ p t	t ɪ p t	d ɪ p t	1	1	reg_t	reg_t	reg_t
model_jacobian	h ʌ ɡ	h ʌ ɡ d	h ʌ ɡ d	t ʌ ɡ	t ʌ ɡ d	t ʌ ɡ d	h ʌ ɡ d	1	1	reg_d	reg_d	reg_d
model_jacobian	v ɔ ɪ s	v ɔ ɪ s t	v ɔ ɪ s t	t͡ʃ e ɪ s	t͡ʃ e ɪ s t	t͡ʃ e ɪ s t	v ɔ ɪ s t	1	1	reg_t	reg_t	reg_t
model_jacobian	ə t æ t͡ʃ	ə t æ t͡ʃ t	ə t æ t͡ʃ t	p ɪ n t͡ʃ	p ɪ n t͡ʃ t	p ɪ n t͡ʃ t	ə t æ t͡ʃ t	1	1	reg_t	reg_t	reg_t
model_jacobian	s m ɛ l	s m ɛ l d	s m ɛ l d	s p ɛ l	s p ɛ l d	s p ɛ l d	s m ɛ l d	1	1	reg_d	reg_d	reg_d
model_jacobian	f ɪ n ɪ ʃ	f ɪ n ɪ ʃ t	f ɪ n	b ɪ ɡ ɪ n	b ɪ ɡ æ n	b ɪ ɡ æ n	NA	0	0	reg_t	other	vowel_change
model_jacobian	t r ɑː t	t r ɑː t ə d	t r ɑː t ə d	k o ʊ t	k o ʊ t ə d	k o ʊ t ə d	t r ɑː t ə d	1	1	reg_əd	reg_əd	reg_əd
model_jacobian	b l ɛ s	b l ɛ s t	b l ɛ s t	k r ɔ s	k r ɔ s t	k r ɔ s t	b l ɛ s t	1	1	reg_t	reg_t	reg_t
model_jacobian	l ɛ d	l ɛ d ə d	l ɛ d ə d	h ɛ d	h ɛ d ə d	h ɛ d ə d	l ɛ d ə d	1	1	reg_əd	reg_əd	reg_əd
model_jacobian	p r ɛ s	p r ɛ s t	p r ɛ s t	k r ɔ s	k r ɔ s t	k r ɔ s t	p r ɛ s t	1	1	reg_t	reg_t	reg_t
model_jacobian	ə n z ɪ p	ə n z ɪ p t	ə n z ɪ p t	ə n r æ p	ə n r æ p t	ə n r æ p t	ə n z ɪ p t	1	1	reg_t	reg_t	reg_t
model_jacobian	f ɪ l t ɹ̩	f ɪ l t ɹ̩ d	f ɪ l t ɹ̩ d	w ɪ s p ɹ̩	w ɪ s p ɹ̩ d	w ɪ s p ɹ̩ d	f ɪ l t ɹ̩ d	1	1	reg_d	reg_d	reg_d
model_jacobian	ʃ e ɪ v	ʃ e ɪ v d	ʃ e ɪ v d	s e ɪ v	s e ɪ v d	s e ɪ v d	ʃ e ɪ v d	1	1	reg_d	reg_d	reg_d
model_jacobian	k ɑː s t	k ɑː s t	k ɑː s t ə d	d ʌ s t	d ʌ s t ə d	d ʌ s t ə d	k ɑː s t ə d	1	0	no_change	reg_əd	reg_əd
model_jacobian	b r ʌ ʃ	b r ʌ ʃ t	b r ʌ ʃ t	k r ʌ ʃ	k r ʌ ʃ t	k r ʌ ʃ t	b r ʌ ʃ t	1	1	reg_t	reg_t	reg_t
model_jacobian	l æ n d	l æ n d ə d	l æ n d ə d	b æ n d	b æ n d ə d	b æ n d ə d	l æ n d ə d	1	1	reg_əd	reg_əd	reg_əd
model_jacobian	s t ɛ p	s t ɛ p t	s t ɛ p t	s k ɪ p	s k ɪ p t	s k ɪ p t	s t ɛ p t	1	1	reg_t	reg_t	reg_t
model_jacobian	m ɪ l k	m ɪ l k t	m ɪ l k t	p o ʊ k	p o ʊ k t	p o ʊ k t	m ɪ l k t	1	1	reg_t	reg_t	reg_t
model_jacobian	b ɛ s t	b ɛ s t ə d	b ɛ s t ə d	r ɛ n t	r ɛ n t ə d	r ɛ n t ə d	b ɛ s t ə d	1	1	reg_əd	reg_əd	reg_əd
model_jacobian	m a ɪ n d	m a ɪ n d ə d	m a ʊ n d	f a ɪ n d	f a ʊ n d	f a ʊ n d	m a ʊ n d	1	0	reg_əd	vowel_change	vowel_change
model_jacobian	w a ɪ t	w a ɪ t ə d	w a ɪ t	k w ɪ t	k w ɪ t	k w ɪ t	w a ɪ t	1	0	reg_əd	no_change	no_change
model_jacobian	m æ k s	m æ k s t	m æ k s t	w æ k s	w æ k s t	w æ k s t	m æ k s t	1	1	reg_t	reg_t	reg_t
model_jacobian	r iː t͡ʃ	r iː t͡ʃ t	r iː t͡ʃ t	s ɹ̩ t͡ʃ	s ɹ̩ t͡ʃ t	s ɹ̩ t͡ʃ t	r iː t͡ʃ t	1	1	reg_t	reg_t	reg_t
model_jacobian	h o ʊ p	h o ʊ p t	h o ʊ p t	ʃ e ɪ p	ʃ e ɪ p t	ʃ e ɪ p t	h o ʊ p t	1	1	reg_t	reg_t	reg_t
model_jacobian	f o ʊ l d	f o ʊ l d ə d	f o ʊ l d	s a ʊ n d	s a ʊ n d ə d	s a ʊ n d ə d	f o ʊ l d ə d	0	1	reg_əd	no_change	reg_əd
model_jacobian	k l ɪ n t͡ʃ	k l ɪ n t͡ʃ t	k l ɪ n t͡ʃ t	k r ʌ n t͡ʃ	k r ʌ n t͡ʃ t	k r ʌ n t͡ʃ t	k l ɪ n t͡ʃ t	1	1	reg_t	reg_t	reg_t
model_jacobian	t r ɪ k	t r ɪ k t	t r ɪ k t	t r ʌ k	t r ʌ k t	t r ʌ k t	t r ɪ k t	1	1	reg_t	reg_t	reg_t
model_jacobian	b ɛ n d	b ɛ n d ə d	b ɛ n d ə d	h æ n d	h æ n d ə d	h æ n d ə d	b ɛ n d ə d	1	1	reg_əd	reg_əd	reg_əd
model_jacobian	a ɪ d ɛ n t ə f a ɪ	a ɪ d ɛ n t ə f a ɪ d	a ʊ d	ə n d ɹ̩ s t æ n d	ə n d ɹ̩ s t ʊ d	ə n d ɹ̩ s t ʊ d	NA	0	0	reg_d	other	rhyme_replaced
model_jacobian	d͡ʒ ɔ ɪ n	d͡ʒ ɔ ɪ n d	d͡ʒ ɔ ɪ n d	r e ɪ n	r e ɪ n d	r e ɪ n d	d͡ʒ ɔ ɪ n d	1	1	reg_d	reg_d	reg_d
model_jacobian	k ə n f j uː z	k ə n f j uː z d	k ə f f j uː z d	ɪ n t r ə d uː s	ɪ n t r ə d uː s t	ɪ n t r ə d uː s t	k ə n f j uː z t	0	0	reg_d	other	reg_t
model_jacobian	b ɛ r	b o ʊ r	b ɛ r d	ʃ ɛ r	ʃ ɛ r d	ʃ ɛ r d	b ɛ r d	1	0	vowel_change	reg_d	reg_d
model_jacobian	r ɛ s t	r ɛ s t ə d	r ɛ s t ə d	t ɛ s t	t ɛ s t ə d	t ɛ s t ə d	r ɛ s t ə d	1	1	reg_əd	reg_əd	reg_əd
model_jacobian	p iː	p iː d	p iː d	k iː	k iː d	k iː d	p iː d	1	1	reg_d	reg_d	reg_d
model_jacobian	ɡ r æ b	ɡ r æ b d	ɡ r æ b d	k j uː b	k j uː b d	k j uː b d	ɡ r æ b d	1	1	reg_d	reg_d	reg_d
model_jacobian	ə p r o ʊ t͡ʃ	ə p r o ʊ t͡ʃ t	ə p r o ʊ t͡ʃ t	d ɪ l ɪ v ɹ̩	d ɪ l ɪ v ɹ̩ d	d ɪ l ɪ v ɹ̩ d	ə p r o ʊ t͡ʃ d	0	0	reg_t	reg_t	reg_d
model_jacobian	p iː l	p iː l d	p iː l d	h iː l	h iː l d	h iː l d	p iː l d	1	1	reg_d	reg_d	reg_d
model_jacobian	m ɑː r t͡ʃ	m ɑː r t͡ʃ t	m ɑː r t͡ʃ t	m ʌ n t͡ʃ	m ʌ n t͡ʃ t	m ʌ n t͡ʃ t	m ɑː r t͡ʃ t	1	1	reg_t	reg_t	reg_t
model_jacobian	t æ k ə l	t æ k ə l d	t æ k ə l d	t ɪ k ə l	t ɪ k ə l d	t ɪ k ə l d	t æ k ə l d	1	1	reg_d	reg_d	reg_d
model_jacobian	d ɪ ɡ	d ʌ ɡ	d ɪ ɡ d	d ɔ ɡ	d ɔ ɡ d	d ɔ ɡ d	d ɪ ɡ d	1	0	vowel_change	reg_d	reg_d
model_jacobian	s ɛ t ə l	s ɛ t ə l d	s ɛ t ə l d	b æ t ə l	b æ t ə l d	b æ t ə l d	s ɛ t ə l d	1	1	reg_d	reg_d	reg_d
model_jacobian	ɪ ɡ n ɔ r	ɪ ɡ n ɔ r d	ɪ n ɔ n r d	b r e ɪ k	b r o ʊ k	b r o ʊ k	NA	0	0	reg_d	other	vowel_change
model_jacobian	k ʌ v ɹ̩	k ʌ v ɹ̩ d	k ʌ v ɹ̩ d	m ɛ ʒ ɹ̩	m ɛ ʒ ɹ̩ d	m ɛ ʒ ɹ̩ d	k ʌ v ɹ̩ d	1	1	reg_d	reg_d	reg_d
model_jacobian	r ɑː t	r ɑː t ə d	r ɑː t	f ɪ t	f ɪ t	f ɪ t	r ɑː t	1	0	reg_əd	no_change	no_change
model_jacobian	f l æ t ɹ̩	f l æ t ɹ̩ d	f l æ t ɹ̩ d	w ɪ n t ɹ̩	w ɪ n t ɹ̩ d	w ɪ n t ɹ̩ d	f l æ t ɹ̩ d	1	1	reg_d	reg_d	reg_d
model_jacobian	b ʌ b ə l	b ʌ b ə l d	b ʌ b ə l d	b æ b ə l	b æ b ə l d	b æ b ə l d	b ʌ b ə l d	1	1	reg_d	reg_d	reg_d
model_jacobian	k o ʊ ɑː p ɹ̩ e ɪ t	k o ʊ ɑː p ɹ̩ e ɪ t ə d	k ɑː p ɹ̩ e ɪ p j ə d	ə p ɑː l ə d͡ʒ a ɪ z	ə p ɑː l ə d͡ʒ a ɪ z d	ə p ɑː l ə d͡ʒ a ɪ z d	k o ʊ ɑː p ɹ̩ e ɪ t d	0	0	reg_əd	other	reg_d
model_jacobian	ɡ r iː n	ɡ r iː n d	ɡ r iː n d	s k æ n	s k æ n d	s k æ n d	ɡ r iː n d	1	1	reg_d	reg_d	reg_d
model_jacobian	r e ɪ s	r e ɪ s t	r e ɪ s t	t͡ʃ e ɪ s	t͡ʃ e ɪ s t	t͡ʃ e ɪ s t	r e ɪ s t	1	1	reg_t	reg_t	reg_t
model_jacobian	d æ n s	d æ n s t	d æ n s t	w æ k s	w æ k s t	w æ k s t	d æ n s t	1	1	reg_t	reg_t	reg_t
model_jacobian	p r ɑː d͡ʒ ɛ k t	p r ɑː d͡ʒ ɛ k t ə d	p r ɑː d͡ʒ ɛ k t ə d	p r iː z ɛ n t	p r iː z ɛ n t ə d	p r iː z ɛ n t ə d	p r ɑː d͡ʒ ɛ k t ə d	1	1	reg_əd	reg_əd	reg_əd
model_jacobian	b ɛ ɡ	b ɛ ɡ d	b ɛ ɡ d	b æ ɡ	b æ ɡ d	b æ ɡ d	b ɛ ɡ d	1	1	reg_d	reg_d	reg_d
model_jacobian	s ɹ̩ v ɪ s	s ɹ̩ v ɪ s t	s ɹ̩ v ɪ s t	b a ʊ n s	b a ʊ n s t	b a ʊ n s t	s ɹ̩ v ɪ s t	1	1	reg_t	reg_t	reg_t
model_jacobian	r ɛ p r ə z ɛ n t	r ɛ p r ə z ɛ n t ə d	r ɛ p r ɛ p ɛ r ə n d	s t r a ɪ k	s t r ʌ k	s t r ʌ k	NA	0	0	reg_əd	other	vowel_change
model_jacobian	ɪ m ɹ̩ d͡ʒ	ɪ m ɹ̩ d͡ʒ d	ɪ m ɹ̩ d͡ʒ d	b r ɪ d͡ʒ	b r ɪ d͡ʒ d	b r ɪ d͡ʒ d	ɪ m ɹ̩ d͡ʒ d	1	1	reg_d	reg_d	reg_d
model_jacobian	b ɔ ɪ l	b ɔ ɪ l d	b ɔ ɪ l d	f e ɪ l	f e ɪ l d	f e ɪ l d	b ɔ ɪ l d	1	1	reg_d	reg_d	reg_d
model_jacobian	p ɹ̩ f ɛ k t	p ɹ̩ f ɛ k t ə d	p ɹ̩ d	b r e ɪ k	b r o ʊ k	b r o ʊ k	NA	0	0	reg_əd	other	vowel_change
model_jacobian	r a ɪ z	r o ʊ z	r o ʊ z d	r a ɪ d	r o ʊ d	r o ʊ d	NA	0	0	vowel_change	vowel_change_suffix	vowel_change
model_jacobian	s k r iː n	s k r iː n d	s k r iː n d	d r a ʊ n	d r a ʊ n d	d r a ʊ n d	s k r iː n d	1	1	reg_d	reg_d	reg_d
model_jacobian	t r e ɪ n	t r e ɪ n d	t r e ɪ n d	l ɪ s ə n	l ɪ s ə n d	l ɪ s ə n d	t r e ɪ n d	1	1	reg_d	reg_d	reg_d
model_jacobian	s o ʊ	s o ʊ d	s o ʊ d	ʃ o ʊ	ʃ o ʊ d	ʃ o ʊ d	s o ʊ d	1	1	reg_d	reg_d	reg_d
model_jacobian	f e ɪ s	f e ɪ s t	f e ɪ s t	t͡ʃ e ɪ s	t͡ʃ e ɪ s t	t͡ʃ e ɪ s t	f e ɪ s t	1	1	reg_t	reg_t	reg_t
model_jacobian	s t ʌ d iː	s t ʌ d iː d	s t ʌ d	s p ɛ n d	s p ɛ n t	s p ɛ n t	NA	0	0	reg_d	other	coda_change
model_jacobian	b l ɑː t	b l ɑː t ə d	b l ɑː t ə d	s w ɑː t	s w ɑː t ə d	s w ɑː t ə d	b l ɑː t ə d	1	1	reg_əd	reg_əd	reg_əd
model_jacobian	m e ɪ l	m e ɪ l d	m e ɪ l d	n e ɪ l	n e ɪ l d	n e ɪ l d	m e ɪ l d	1	1	reg_d	reg_d	reg_d
model_jacobian	k l ɪ ŋ	k l ʌ ŋ	k l ɪ ŋ d	d r æ ɡ	d r æ ɡ d	d r æ ɡ d	k l ɪ ŋ d	1	0	vowel_change	reg_d	reg_d
model_jacobian	p l ʌ ɡ	p l ʌ ɡ d	p l ʌ ɡ d	d r æ ɡ	d r æ ɡ d	d r æ ɡ d	p l ʌ ɡ d	1	1	reg_d	reg_d	reg_d
model_jacobian	p r e ɪ	p r e ɪ d	p r e ɪ d	p l e ɪ	p l e ɪ d	p l e ɪ d	p r e ɪ d	1	1	reg_d	reg_d	reg_d
model_jacobian	f l o ʊ	f l o ʊ d	f l uː	b l o ʊ	b l uː	b l uː	f l uː	1	0	reg_d	vowel_change	vowel_change
model_jacobian	r iː m a ɪ n d	r iː m a ɪ n d ə d	r iː a ɪ n d	s t r a ɪ k	s t r ʌ k	s t r ʌ k	NA	0	0	reg_əd	other	vowel_change
model_jacobian	ɛ l b o ʊ	ɛ l b o ʊ d	ɛ l o ʊ o ʊ d	s t ɪ ŋ k	s t ʌ ŋ k	s t ʌ ŋ k	NA	0	0	reg_d	other	vowel_change
model_jacobian	f r iː z	f r o ʊ z	f r iː z d	p l iː z	p l iː z d	p l iː z d	f r iː z d	1	0	vowel_change	reg_d	reg_d
model_jacobian	m ɪ m ɪ k	m ɪ m ɪ k t	m ɪ m ɪ k	s p æ ŋ k	s p æ ŋ k t	s p æ ŋ k t	m ɪ m ɪ k t	0	1	reg_t	no_change	reg_t
model_jacobian	w iː l	w iː l d	w iː l d	h iː l	h iː l d	h iː l d	w iː l d	1	1	reg_d	reg_d	reg_d
model_jacobian	p ʌ m p	p ʌ m p t	p ʌ m p t	k æ m p	k æ m p t	k æ m p t	p ʌ m p t	1	1	reg_t	reg_t	reg_t
model_jacobian	ɪ k s p ɛ k t	ɪ k s p ɛ k t ə d	ɪ k s p ɛ k t ə d	p r ə t ɛ k t	p r ə t ɛ k t ə d	p r ə t ɛ k t ə d	ɪ k s p ɛ k t ə d	1	1	reg_əd	reg_əd	reg_əd
model_jacobian	w a ɪ n d	w a ɪ n d ə d	w a ʊ n d	f a ɪ n d	f a ʊ n d	f a ʊ n d	w a ʊ n d	1	0	reg_əd	vowel_change	vowel_change
model_jacobian	s k r ɪ b ə l	s k r ɪ b ə l d	s k r ɪ b ə b d	k æ t ə l ɔ ɡ	k æ t ə l ɔ ɡ d	k æ t ə l ɔ ɡ d	s k r ɪ b ə l d	0	1	reg_d	coda_change	reg_d
model_jacobian	r ɪ s p ɑː n d	r ɪ s p ɑː n d ə d	r ɪ s p ɑː n d ə d	p r iː t ɛ n d	p r iː t ɛ n d ə d	p r iː t ɛ n d ə d	r ɪ s p ɑː n d ə d	1	1	reg_əd	reg_əd	reg_əd
model_jacobian	r e ɪ z	r e ɪ z d	r e ɪ z d	s a ɪ z	s a ɪ z d	s a ɪ z d	r e ɪ z d	1	1	reg_d	reg_d	reg_d
model_jacobian	ɡ ɪ ɡ ə l	ɡ ɪ ɡ ə l d	ɡ ɪ ɡ ə l d	n ɪ b ə l	n ɪ b ə l d	n ɪ b ə l d	ɡ ɪ ɡ ə l d	1	1	reg_d	reg_d	reg_d
model_jacobian	b ɑː r o ʊ	b ɑː r o ʊ d	b ɑː r o ʊ d	f ɑː l o ʊ	f ɑː l o ʊ d	f ɑː l o ʊ d	b ɑː r o ʊ d	1	1	reg_d	reg_d	reg_d
model_jacobian	s w ɑː l o ʊ	s w ɑː l o ʊ d	s w ɑː l o ʊ d	s ə p o ʊ z	s ə p o ʊ z d	s ə p o ʊ z d	s w ɑː l o ʊ d	1	1	reg_d	reg_d	reg_d
model_jacobian	d ɑː r n	d ɑː r n d	d ɑː r n d	d a ʊ n	d a ʊ n d	d a ʊ n d	d ɑː r n d	1	1	reg_d	reg_d	reg_d
model_jacobian	k ɑː p iː	k ɑː p iː d	k ɑː p ɑː p	s ɛ n d	s ɛ n t	s ɛ n t	NA	0	0	reg_d	other	coda_change
model_jacobian	s k r e ɪ p	s k r e ɪ p t	s k r e ɪ p t	s t r a ɪ p	s t r a ɪ p t	s t r a ɪ p t	s k r e ɪ p t	1	1	reg_t	reg_t	reg_t
model_jacobian	h o ʊ m	h o ʊ m d	h o ʊ m d	k o ʊ m	k o ʊ m d	k o ʊ m d	h o ʊ m d	1	1	reg_d	reg_d	reg_d
model_jacobian	f r iː	f r iː d	f r iː d	s k iː	s k iː d	s k iː d	f r iː d	1	1	reg_d	reg_d	reg_d
model_jacobian	b r a ɪ t ə n	b r a ɪ t ə n d	b r a ɪ t ə n d	ə b æ n d ə n	ə b æ n d ə n d	ə b æ n d ə n d	b r a ɪ t ə n d	1	1	reg_d	reg_d	reg_d
model_jacobian	ə r a ɪ v	ə r a ɪ v d	ə r a ɪ v d	r ə s iː v	r ə s iː v d	r ə s iː v d	ə r a ɪ v d	1	1	reg_d	reg_d	reg_d
model_jacobian	ɪ k s p l ɔ r	ɪ k s p l ɔ r d	ɪ k s p l ɔ r d	d ɪ s ə p iː r	d ɪ s ə p iː r d	d ɪ s ə p iː r d	ɪ k s p l ɔ r d	1	1	reg_d	reg_d	reg_d
model_jacobian	p ɹ̩ s	p ɹ̩ s t	p ɹ̩ s t	p iː s	p iː s t	p iː s t	p ɹ̩ s t	1	1	reg_t	reg_t	reg_t
model_jacobian	t͡ʃ ɪ p	t͡ʃ ɪ p t	t͡ʃ ɪ p t	w ɪ p	w ɪ p t	w ɪ p t	t͡ʃ ɪ p t	1	1	reg_t	reg_t	reg_t
model_jacobian	b ɑː t ə l	b ɑː t ə l d	b ɑː t ə l d	b æ t ə l	b æ t ə l d	b æ t ə l d	b ɑː t ə l d	1	1	reg_d	reg_d	reg_d
model_jacobian	ə s o ʊ s iː e ɪ t	ə s o ʊ s iː e ɪ t ə d	ə s a ɪ s t ʊ d	ə n d ɹ̩ s t æ n d	ə n d ɹ̩ s t ʊ d	ə n d ɹ̩ s t ʊ d	NA	0	0	reg_əd	other	rhyme_replaced
model_jacobian	ɪ n s ɪ s t	ɪ n s ɪ s t ə d	ɪ n s ɪ s t ə d	ɪ k s ɛ p t	ɪ k s ɛ p t ə d	ɪ k s ɛ p t ə d	ɪ n s ɪ s t ə d	1	1	reg_əd	reg_əd	reg_əd
model_jacobian	w iː	w iː d	w iː d	k iː	k iː d	k iː d	w iː d	1	1	reg_d	reg_d	reg_d
model_jacobian	ʃ ɔ r t ə n	ʃ ɔ r t ə n d	ʃ ɔ r t ə n d	ʃ ɑː r p ə n	ʃ ɑː r p ə n d	ʃ ɑː r p ə n d	ʃ ɔ r t ə n d	1	1	reg_d	reg_d	reg_d
model_jacobian	ə n l ɑː k	ə n l ɑː k t	ə n l ɑː k t	s p æ ŋ k	s p æ ŋ k t	s p æ ŋ k t	ə n l ɑː k t	1	1	reg_t	reg_t	reg_t
model_jacobian	d ʌ b ə l	d ʌ b ə l d	d ʌ b ə l d	b æ b ə l	b æ b ə l d	b æ b ə l d	d ʌ b ə l d	1	1	reg_d	reg_d	reg_d
model_jacobian	m ɑː p	m ɑː p t	m ɑː p t	t ɑː p	t ɑː p t	t ɑː p t	m ɑː p t	1	1	reg_t	reg_t	reg_t
model_jacobian	f ɛ t͡ʃ	f ɛ t͡ʃ t	f ɛ t͡ʃ t	h æ t͡ʃ	h æ t͡ʃ t	h æ t͡ʃ t	f ɛ t͡ʃ t	1	1	reg_t	reg_t	reg_t
model_jacobian	ʃ ɛ d	ʃ ɛ d ə d	ʃ ɛ d ə d	h ɛ d	h ɛ d ə d	h ɛ d ə d	ʃ ɛ d ə d	1	1	reg_əd	reg_əd	reg_əd
model_jacobian	t r æ p	t r æ p t	t r æ p t	d r ɪ p	d r ɪ p t	d r ɪ p t	t r æ p t	1	1	reg_t	reg_t	reg_t
model_jacobian	b ɪ h e ɪ v	b ɪ h e ɪ v d	b ɪ h e ɪ v d	ɛ n k ɹ̩ ɪ d͡ʒ	ɛ n k ɹ̩ ɪ d͡ʒ d	ɛ n k ɹ̩ ɪ d͡ʒ d	b ɪ h e ɪ v d	1	1	reg_d	reg_d	reg_d
model_jacobian	d ɪ l iː t	d ɪ l iː t ə d	d ɪ l iː t ə d	r ɪ p iː t	r ɪ p iː t ə d	r ɪ p iː t ə d	d ɪ l iː t ə d	1	1	reg_əd	reg_əd	reg_əd
model_jacobian	p æ n	p æ n d	p æ n d	p ɪ n	p ɪ n d	p ɪ n d	p æ n d	1	1	reg_d	reg_d	reg_d
model_jacobian	s k æ l ə p	s k æ l ə p t	s k æ l ə p t	s t r a ɪ p	s t r a ɪ p t	s t r a ɪ p t	s k æ l ə p t	1	1	reg_t	reg_t	reg_t
model_jacobian	n o ʊ t	n o ʊ t ə d	n o ʊ t ə d	k o ʊ t	k o ʊ t ə d	k o ʊ t ə d	n o ʊ t ə d	1	1	reg_əd	reg_əd	reg_əd
model_jacobian	p ɑː k ə t	p ɑː k ə t ə d	p ɑː k ə t ə d	f ɛ r ə t	f ɛ r ə t ə d	f ɛ r ə t ə d	p ɑː k ə t ə d	1	1	reg_əd	reg_əd	reg_əd
model_jacobian	r ə f l ɛ k t	r ə f l ɛ k t ə d	r ə l ɛ k ɛ t ə d	d ɪ s t r ɔ ɪ	d ɪ s t r ɔ ɪ d	d ɪ s t r ɔ ɪ d	r ə f l ɛ k t d	0	0	reg_əd	other	reg_d
model_jacobian	s t e ɪ t	s t e ɪ t ə d	s t e ɪ t ə d	s k e ɪ t	s k e ɪ t ə d	s k e ɪ t ə d	s t e ɪ t ə d	1	1	reg_əd	reg_əd	reg_əd
model_jacobian	p r a ɪ	p r a ɪ d	p r a ɪ d	t r a ɪ	t r a ɪ d	t r a ɪ d	p r a ɪ d	1	1	reg_d	reg_d	reg_d
model_jacobian	ʃ uː	ʃ uː d	ʃ uː d	w uː	w uː d	w uː d	ʃ uː d	1	1	reg_d	reg_d	reg_d
model_jacobian	k ɑː n s ə n t r e ɪ t	k ɑː n s ə n t r e ɪ t ə d	k ə d	ɛ n t ɹ̩ t e ɪ n	ɛ n t ɹ̩ t e ɪ n d	ɛ n t ɹ̩ t e ɪ n d	k ɑː n s ə n t r e ɪ t d	0	0	reg_əd	other	reg_d
model_jacobian	s ʌ f ɹ̩	s ʌ f ɹ̩ d	s ʌ f ɹ̩ d	m æ t ɹ̩	m æ t ɹ̩ d	m æ t ɹ̩ d	s ʌ f ɹ̩ d	1	1	reg_d	reg_d	reg_d
model_jacobian	s ɪ z ə l	s ɪ z ə l d	s ɪ z ə l d	s ɹ̩ k ə l	s ɹ̩ k ə l d	s ɹ̩ k ə l d	s ɪ z ə l d	1	1	reg_d	reg_d	reg_d
model_jacobian	p r ə p o ʊ z	p r ə p o ʊ z d	p r ə p r ʊ z d	ə n d ɹ̩ s t æ n d	ə n d ɹ̩ s t ʊ d	ə n d ɹ̩ s t ʊ d	NA	0	0	reg_d	other	rhyme_replaced
model_jacobian	θ ɔ	θ ɔ d	θ ɔ d	s ɔ	s ɔ d	s ɔ d	θ ɔ d	1	1	reg_d	reg_d	reg_d
model_jacobian	r ɪ l e ɪ t	r ɪ l e ɪ t ə d	r ɪ l e ɪ t ə d	ɑː p ɹ̩ e ɪ t	ɑː p ɹ̩ e ɪ t ə d	ɑː p ɹ̩ e ɪ t ə d	r ɪ l e ɪ t ə d	1	1	reg_əd	reg_əd	reg_əd
model_jacobian	t ɪ k	t ɪ k t	t ɪ k t	l ɪ k	l ɪ k t	l ɪ k t	t ɪ k t	1	1	reg_t	reg_t	reg_t
model_jacobian	ɛ d͡ʒ	ɛ d͡ʒ d	ɛ d͡ʒ uː d͡ʒ uː d͡ʒ d	a ɪ	a ɪ d	a ɪ d	ɛ d͡ʒ d	0	1	reg_d	other	reg_d
model_jacobian	ɪ ɡ z ɪ s t	ɪ ɡ z ɪ s t ə d	ɪ ɡ æ s t	s t r a ɪ k	s t r ʌ k	s t r ʌ k	NA	0	0	reg_əd	other	vowel_change
model_jacobian	θ ɪ k ə n	θ ɪ k ə n d	θ ɪ k ə n d	t͡ʃ ɪ k ə n	t͡ʃ ɪ k ə n d	t͡ʃ ɪ k ə n d	θ ɪ k ə n d	1	1	reg_d	reg_d	reg_d
model_jacobian	r ɪ t ɹ̩ n	r ɪ t ɹ̩ n d	r ɪ t ɹ̩ n d	t͡ʃ ɪ k ə n	t͡ʃ ɪ k ə n d	t͡ʃ ɪ k ə n d	r ɪ t ɹ̩ n d	1	1	reg_d	reg_d	reg_d
model_jacobian	t͡ʃ ɑː r d͡ʒ	t͡ʃ ɑː r d͡ʒ d	t͡ʃ ɑː r d͡ʒ d	b r ɪ d͡ʒ	b r ɪ d͡ʒ d	b r ɪ d͡ʒ d	t͡ʃ ɑː r d͡ʒ d	1	1	reg_d	reg_d	reg_d
model_jacobian	s t o ʊ n	s t o ʊ n d	s t o ʊ n d	o ʊ p ə n	o ʊ p ə n d	o ʊ p ə n d	s t o ʊ n d	1	1	reg_d	reg_d	reg_d
model_jacobian	w ɛ l k ə m	w ɛ l k ə m d	w ɛ l k ə m d	p r ɑː m ə s	p r ɑː m ə s t	p r ɑː m ə s t	w ɛ l k ə m t	0	0	reg_d	reg_d	reg_t
string	s iː	s ɔ	s iː d	s iː m	s iː m d	s iː m d	s iː d	1	0	vowel_change	reg_d	reg_d
string	ɡ ɛ t	ɡ ɑː t	ɡ ɛ t	l ɛ t	l ɛ t	l ɛ t	ɡ ɛ t	1	0	vowel_change	no_change	no_change
string	n ɑː k	n ɑː k t	n ɑː k t	r ɑː k	r ɑː k t	r ɑː k t	n ɑː k t	1	1	reg_t	reg_t	reg_t
string	θ ɪ ŋ k	θ ɔ t	θ ɪ ŋ k t	s ɪ ŋ k	s æ ŋ k	s æ ŋ k	θ æ ŋ k	0	0	rhyme_replaced	reg_t	vowel_change
string	k l iː n	k l iː n d	k l iː n d	l iː n	l iː n d	l iː n d	k l iː n d	1	1	reg_d	reg_d	reg_d
string	b ɪ l iː v	b ɪ l iː v d	b ɪ l iː v d	r ɪ l iː v	r ɪ l iː v d	r ɪ l iː v d	b ɪ l iː v d	1	1	reg_d	reg_d	reg_d
string	ɡ ɪ v	ɡ e ɪ v	ɡ ɪ v d	ɡ ɛ s	ɡ ɛ s t	ɡ ɛ s t	ɡ ɪ v t	0	0	vowel_change	reg_d	reg_t
string	t e ɪ k	t ʊ k	t e ɪ k t	k e ɪ k	k e ɪ k t	k e ɪ k t	t e ɪ k t	1	0	vowel_change	reg_t	reg_t
string	s t æ n d	s t ʊ d	s t æ n t ə d	s k æ n	s k æ n d	s k æ n d	s t æ n d d	0	0	rhyme_replaced	other	reg_d
string	j ɛ l	j ɛ l d	j ɛ l d	ʃ ɛ l	ʃ ɛ l d	ʃ ɛ l d	j ɛ l d	1	1	reg_d	reg_d	reg_d
string	f ɪ k s	f ɪ k s t	f ɪ k s t	m ɪ k s	m ɪ k s t	m ɪ k s t	f ɪ k s t	1	1	reg_t	reg_t	reg_t
string	k l æ p	k l æ p t	k l æ p t	s l æ p	s l æ p t	s l æ p t	k l æ p t	1	1	reg_t	reg_t	reg_t
string	r a ɪ m	r a ɪ m d	r o ʊ m	r a ɪ d	r o ʊ d	r o ʊ d	NA	0	0	reg_d	vowel_change	vowel_change
string	t ɛ l	t o ʊ l d	t ɛ l d	s ɛ l	s ɛ l d	s o ʊ l d	t ɛ l d	1	0	vowel_change_suffix	reg_d	reg_d
string	f ɔ l	f ɛ l	f ɔ l d	f uː l	f uː l d	f uː l d	f ɔ l d	1	0	vowel_change	reg_d	reg_d
string	r o ʊ l	r o ʊ l d	r o ʊ l d	h o ʊ l	h o ʊ l d	h o ʊ l d	r o ʊ l d	1	1	reg_d	reg_d	reg_d
string	k uː l	k uː l d	k uː l d	f uː l	f uː l d	f uː l d	k uː l d	1	1	reg_d	reg_d	reg_d
string	s ɪ ŋ	s æ ŋ	s æ ŋ	r ɪ ŋ	r æ ŋ	r æ ŋ	s æ ŋ	1	1	vowel_change	vowel_change	vowel_change
string	h o ʊ l d	h ɛ l d	h o ʊ l d	h o ʊ l	h o ʊ l d	h o ʊ l d	h o ʊ l d d	0	0	vowel_change	no_change	reg_d
string	d r ɛ s	d r ɛ s t	d r ɛ s t	d r ɑː p	d r ɑː p t	d r ɑː p t	d r ɛ s t	1	1	reg_t	reg_t	reg_t
string	w e ɪ k	w o ʊ k	w e ɪ k t	w e ɪ	w e ɪ d	w e ɪ d	w e ɪ k d	0	0	vowel_change	reg_t	reg_d
string	m uː v	m uː v d	m uː v d	h æ v	h æ d	h æ d	m uː d	0	0	reg_d	reg_d	coda_change
string	b ɪ l d	b ɪ l t	b ɪ l d ə d	b ɔ l	b ɔ l d	b ɔ l d	b ɪ l d d	0	0	coda_change	reg_əd	reg_d
string	p uː p	p uː p t	p uː p t	w uː p	w uː p t	w uː p t	p uː p t	1	1	reg_t	reg_t	reg_t
string	k ɛ r	k ɛ r d	k ɛ r d	ʃ ɛ r	ʃ ɛ r d	ʃ ɛ r d	k ɛ r d	1	1	reg_d	reg_d	reg_d
string	b ɛ r iː	b ɛ r iː d	b ɛ r iː d	h ɛ r iː	h ɛ r iː d	h ɛ r iː d	b ɛ r iː d	1	1	reg_d	reg_d	reg_d
string	p æ n t	p æ n t ə d	p æ n t ə d	p l æ n t	p l æ n t ə d	p l æ n t ə d	p æ n t ə d	1	1	reg_əd	reg_əd	reg_əd
string	t ʌ k	t ʌ k t	t ʌ k t	s ʌ k	s ʌ k t	s ʌ k t	t ʌ k t	1	1	reg_t	reg_t	reg_t
string	b ɑː ð ɹ̩	b ɑː ð ɹ̩ d	b ɑː r ɹ̩ d	b ɛ t ɹ̩	b ɛ t ɹ̩ d	b ɛ t ɹ̩ d	b ɑː ð ɹ̩ d	0	1	reg_d	other	reg_d
string	ɛ ɡ z ɪ t	ɛ ɡ z ɪ t ə d	ɛ z ɪ z t ə d	v ɪ z ɪ t	v ɪ z ɪ t ə d	v ɪ z ɪ t ə d	ɛ ɡ z ɪ t ə d	0	1	reg_əd	other	reg_əd
string	s t e ɪ	s t e ɪ d	s t e ɪ d	s e ɪ	s ɛ d	s ɛ d	s t ɛ d	0	0	reg_d	reg_d	vowel_change_suffix
string	w ʌ n d ɹ̩	w ʌ n d ɹ̩ d	w ʌ n d ɹ̩ d	w ɑː n d ɹ̩	w ɑː n d ɹ̩ d	w ɑː n d ɹ̩ d	w ʌ n d ɹ̩ d	1	1	reg_d	reg_d	reg_d
string	d ɪ p	d ɪ p t	d ɪ p t	z ɪ p	z ɪ p t	z ɪ p t	d ɪ p t	1	1	reg_t	reg_t	reg_t
string	h ʌ ɡ	h ʌ ɡ d	h ʌ ɡ d	t ʌ ɡ	t ʌ ɡ d	t ʌ ɡ d	h ʌ ɡ d	1	1	reg_d	reg_d	reg_d
string	v ɔ ɪ s	v ɔ ɪ s t	v ɔ ɪ s t	m ɪ s	m ɪ s t	m ɪ s t	v ɔ ɪ s t	1	1	reg_t	reg_t	reg_t
string	ə t æ t͡ʃ	ə t æ t͡ʃ t	ə t æ t͡ʃ t	ə t æ k	ə t æ k t	ə t æ k t	ə t æ t͡ʃ t	1	1	reg_t	reg_t	reg_t
string	s m ɛ l	s m ɛ l d	s m ɛ l d	s p ɛ l	s p ɛ l d	s p ɛ l d	s m ɛ l d	1	1	reg_d	reg_d	reg_d
string	f ɪ n ɪ ʃ	f ɪ n ɪ ʃ t	f ɪ n	f ɪ ʃ	f ɪ ʃ t	f ɪ ʃ t	f ɪ n ɪ ʃ t	0	1	reg_t	other	reg_t
string	t r ɑː t	t r ɑː t ə d	t r ɑː t ə d	t r æ k	t r æ k t	t r æ k t	t r ɑː t t	0	0	reg_əd	reg_əd	reg_t
string	b l ɛ s	b l ɛ s t	b l ɛ s t	b ɑː k s	b ɑː k s t	b ɑː k s t	b l ɛ s t	1	1	reg_t	reg_t	reg_t
string	l ɛ d	l ɛ d ə d	l ɛ d ə d	l ɛ t	l ɛ t	l ɛ t	l ɛ d	0	0	reg_əd	reg_əd	no_change
string	p r ɛ s	p r ɛ s t	p r ɛ s t	r ɛ k	r ɛ k t	r ɛ k t	p r ɛ s t	1	1	reg_t	reg_t	reg_t
string	ə n z ɪ p	ə n z ɪ p t	ə n z ɪ p t	ə n r æ p	ə n r æ p t	ə n r æ p t	ə n z ɪ p t	1	1	reg_t	reg_t	reg_t
string	f ɪ l t ɹ̩	f ɪ l t ɹ̩ d	f ɪ l t ɹ̩ d	w ɪ l t	w ɪ l t ə d	w ɪ l t ə d	f ɪ l t ɹ̩ ə d	0	0	reg_d	reg_d	reg_əd
string	ʃ e ɪ v	ʃ e ɪ v d	ʃ e ɪ v d	ʃ e ɪ p	ʃ e ɪ p t	ʃ e ɪ p t	ʃ e ɪ v t	0	0	reg_d	reg_d	reg_t
string	k ɑː s t	k ɑː s t	k ɑː s t ə d	t ɛ s t	t ɛ s t ə d	t ɛ s t ə d	k ɑː s t ə d	1	0	no_change	reg_əd	reg_əd
string	b r ʌ ʃ	b r ʌ ʃ t	b r ʌ ʃ t	k r ʌ ʃ	k r ʌ ʃ t	k r ʌ ʃ t	b r ʌ ʃ t	1	1	reg_t	reg_t	reg_t
string	l æ n d	l æ n d ə d	l æ n d ə d	b æ n d	b æ n d ə d	b æ n d ə d	l æ n d ə d	1	1	reg_əd	reg_əd	reg_əd
string	s t ɛ p	s t ɛ p t	s t ɛ p t	s t ɛ r	s t ɛ r d	s t ɛ r d	s t ɛ p d	0	0	reg_t	reg_t	reg_d
string	m ɪ l k	m ɪ l k t	m ɪ l k t	l ɪ k	l ɪ k t	l ɪ k t	m ɪ l k t	1	1	reg_t	reg_t	reg_t
string	b ɛ s t	b ɛ s t ə d	b ɛ s t ə d	t ɛ s t	t ɛ s t ə d	t ɛ s t ə d	b ɛ s t ə d	1	1	reg_əd	reg_əd	reg_əd
string	m a ɪ n d	m a ɪ n d ə d	m a ʊ n d	m a ɪ n	m a ɪ n d	m a ɪ n d	m a ɪ n d d	0	0	reg_əd	vowel_change	reg_d
string	w a ɪ t	w a ɪ t ə d	w a ɪ t	l a ɪ t	l ɪ t	l ɪ t	w ɪ t	0	0	reg_əd	no_change	vowel_change
string	m æ k s	m æ k s t	m æ k s t	m ɪ k s	m ɪ k s t	m ɪ k s t	m æ k s t	1	1	reg_t	reg_t	reg_t
string	r iː t͡ʃ	r iː t͡ʃ t	r iː t͡ʃ t	t iː t͡ʃ	t ɔ t	t ɔ t	r ɔ t	0	0	reg_t	reg_t	rhyme_replaced
string	h o ʊ p	h o ʊ p t	h o ʊ p t	h o ʊ l	h o ʊ l d	h o ʊ l d	h o ʊ p d	0	0	reg_t	reg_t	reg_d
string	f o ʊ l d	f o ʊ l d ə d	f o ʊ l d	h o ʊ l	h o ʊ l d	h o ʊ l d	f o ʊ l d d	0	0	reg_əd	no_change	reg_d
string	k l ɪ n t͡ʃ	k l ɪ n t͡ʃ t	k l ɪ n t͡ʃ t	l ʌ n t͡ʃ	l ʌ n t͡ʃ t	l ʌ n t͡ʃ t	k l ɪ n t͡ʃ t	1	1	reg_t	reg_t	reg_t
string	t r ɪ k	t r ɪ k t	t r ɪ k t	t r æ k	t r æ k t	t r æ k t	t r ɪ k t	1	1	reg_t	reg_t	reg_t
string	b ɛ n d	b ɛ n d ə d	b ɛ n d ə d	b æ n d	b æ n d ə d	b æ n d ə d	b ɛ n d ə d	1	1	reg_əd	reg_əd	reg_əd
string	a ɪ d ɛ n t ə f a ɪ	a ɪ d ɛ n t ə f a ɪ d	a ʊ d	ə n t a ɪ	ə n t a ɪ d	ə n t a ɪ d	a ɪ d ɛ n t ə f a ɪ d	0	1	reg_d	other	reg_d
string	d͡ʒ ɔ ɪ n	d͡ʒ ɔ ɪ n d	d͡ʒ ɔ ɪ n d	j ɔ n	j ɔ n d	j ɔ n d	d͡ʒ ɔ ɪ n d	1	1	reg_d	reg_d	reg_d
string	k ə n f j uː z	k ə n f j uː z d	k ə f f j uː z d	k ə n uː	k ə n uː d	k ə n uː d	k ə n f j uː z d	0	1	reg_d	other	reg_d
string	b ɛ r	b o ʊ r	b ɛ r d	b ɑː r	b ɑː r d	b ɑː r d	b ɛ r d	1	0	vowel_change	reg_d	reg_d
string	r ɛ s t	r ɛ s t ə d	r ɛ s t ə d	r ɛ n t	r ɛ n t ə d	r ɛ n t ə d	r ɛ s t ə d	1	1	reg_əd	reg_əd	reg_əd
string	p iː	p iː d	p iː d	p iː s	p iː s t	p iː s t	p iː t	0	0	reg_d	reg_d	reg_t
string	ɡ r æ b	ɡ r æ b d	ɡ r æ b d	d r æ ɡ	d r æ ɡ d	d r æ ɡ d	ɡ r æ b d	1	1	reg_d	reg_d	reg_d
string	ə p r o ʊ t͡ʃ	ə p r o ʊ t͡ʃ t	ə p r o ʊ t͡ʃ t	ə p o ʊ z	ə p o ʊ z d	ə p o ʊ z d	ə p r o ʊ t͡ʃ d	0	0	reg_t	reg_t	reg_d
string	p iː l	p iː l d	p iː l d	p iː k	p iː k t	p iː k t	p iː l t	0	0	reg_d	reg_d	reg_t
string	m ɑː r t͡ʃ	m ɑː r t͡ʃ t	m ɑː r t͡ʃ t	m ɑː r k	m ɑː r k t	m ɑː r k t	m ɑː r t͡ʃ t	1	1	reg_t	reg_t	reg_t
string	t æ k ə l	t æ k ə l d	t æ k ə l d	t ɪ k ə l	t ɪ k ə l d	t ɪ k ə l d	t æ k ə l d	1	1	reg_d	reg_d	reg_d
string	d ɪ ɡ	d ʌ ɡ	d ɪ ɡ d	d ɪ ŋ	d ɪ ŋ d	d ɪ ŋ d	d ɪ ɡ d	1	0	vowel_change	reg_d	reg_d
string	s ɛ t ə l	s ɛ t ə l d	s ɛ t ə l d	l ɛ v ə l	l ɛ v ə l d	l ɛ v ə l d	s ɛ t ə l d	1	1	reg_d	reg_d	reg_d
string	ɪ ɡ n ɔ r	ɪ ɡ n ɔ r d	ɪ n ɔ n r d	n iː r	n iː r d	n iː r d	ɪ ɡ n ɔ r d	0	1	reg_d	other	reg_d
string	k ʌ v ɹ̩	k ʌ v ɹ̩ d	k ʌ v ɹ̩ d	k ʌ l ɹ̩	k ʌ l ɹ̩ d	k ʌ l ɹ̩ d	k ʌ v ɹ̩ d	1	1	reg_d	reg_d	reg_d
string	r ɑː t	r ɑː t ə d	r ɑː t	r ɑː b	r ɑː b d	r ɑː b d	r ɑː t d	0	0	reg_əd	no_change	reg_d
string	f l æ t ɹ̩	f l æ t ɹ̩ d	f l æ t ɹ̩ d	f l a ʊ ɹ̩	f l a ʊ ɹ̩ d	f l a ʊ ɹ̩ d	f l æ t ɹ̩ d	1	1	reg_d	reg_d	reg_d
string	b ʌ b ə l	b ʌ b ə l d	b ʌ b ə l d	b ʌ k ə l	b ʌ k ə l d	b ʌ k ə l d	b ʌ b ə l d	1	1	reg_d	reg_d	reg_d
string	k o ʊ ɑː p ɹ̩ e ɪ t	k o ʊ ɑː p ɹ̩ e ɪ t ə d	k ɑː p ɹ̩ e ɪ p j ə d	ɑː p ɹ̩ e ɪ t	ɑː p ɹ̩ e ɪ t ə d	ɑː p ɹ̩ e ɪ t ə d	k o ʊ ɑː p ɹ̩ e ɪ t ə d	0	1	reg_əd	other	reg_əd
string	ɡ r iː n	ɡ r iː n d	ɡ r iː n d	ɡ r uː p	ɡ r uː p t	ɡ r uː p t	ɡ r iː n t	0	0	reg_d	reg_d	reg_t
string	r e ɪ s	r e ɪ s t	r e ɪ s t	r e ɪ n	r e ɪ n d	r e ɪ n d	r e ɪ s d	0	0	reg_t	reg_t	reg_d
string	d æ n s	d æ n s t	d æ n s t	b æ n d	b æ n d ə d	b æ n d ə d	d æ n s ə d	0	0	reg_t	reg_t	reg_əd
string	p r ɑː d͡ʒ ɛ k t	p r ɑː d͡ʒ ɛ k t ə d	p r ɑː d͡ʒ ɛ k t ə d	p r ə t ɛ k t	p r ə t ɛ k t ə d	p r ə t ɛ k t ə d	p r ɑː d͡ʒ ɛ k t ə d	1	1	reg_əd	reg_əd	reg_əd
string	b ɛ ɡ	b ɛ ɡ d	b ɛ ɡ d	b ɛ t	b ɛ t	b ɛ t	b ɛ ɡ	0	0	reg_d	reg_d	no_change
string	s ɹ̩ v ɪ s	s ɹ̩ v ɪ s t	s ɹ̩ v ɪ s t	s l a ɪ s	s l a ɪ s t	s l a ɪ s t	s ɹ̩ v ɪ s t	1	1	reg_t	reg_t	reg_t
string	r ɛ p r ə z ɛ n t	r ɛ p r ə z ɛ n t ə d	r ɛ p r ɛ p ɛ r ə n d	p r iː z ɛ n t	p r iː z ɛ n t ə d	p r iː z ɛ n t ə d	r ɛ p r ə z ɛ n t ə d	0	1	reg_əd	other	reg_əd
string	ɪ m ɹ̩ d͡ʒ	ɪ m ɹ̩ d͡ʒ d	ɪ m ɹ̩ d͡ʒ d	s m ʌ d͡ʒ	s m ʌ d͡ʒ d	s m ʌ d͡ʒ d	ɪ m ɹ̩ d͡ʒ d	1	1	reg_d	reg_d	reg_d
string	b ɔ ɪ l	b ɔ ɪ l d	b ɔ ɪ l d	b ɔ l	b ɔ l d	b ɔ l d	b ɔ ɪ l d	1	1	reg_d	reg_d	reg_d
string	p ɹ̩ f ɛ k t	p ɹ̩ f ɛ k t ə d	p ɹ̩ d	k ɹ̩ ɛ k t	k ɹ̩ ɛ k t ə d	k ɹ̩ ɛ k t ə d	p ɹ̩ f ɛ k t ə d	0	1	reg_əd	other	reg_əd
string	r a ɪ z	r o ʊ z	r o ʊ z d	r a ɪ d	r o ʊ d	r o ʊ d	NA	0	0	vowel_change	vowel_change_suffix	vowel_change
string	s k r iː n	s k r iː n d	s k r iː n d	s k r iː m	s k r iː m d	s k r iː m d	s k r iː n d	1	1	reg_d	reg_d	reg_d
string	t r e ɪ n	t r e ɪ n d	t r e ɪ n d	r e ɪ n	r e ɪ n d	r e ɪ n d	t r e ɪ n d	1	1	reg_d	reg_d	reg_d
string	s o ʊ	s o ʊ d	s o ʊ d	s o ʊ k	s o ʊ k t	s o ʊ k t	s o ʊ t	0	0	reg_d	reg_d	reg_t
string	f e ɪ s	f e ɪ s t	f e ɪ s t	t͡ʃ e ɪ s	t͡ʃ e ɪ s t	t͡ʃ e ɪ s t	f e ɪ s t	1	1	reg_t	reg_t	reg_t
string	s t ʌ d iː	s t ʌ d iː d	s t ʌ d	s t ʌ f	s t ʌ f t	s t ʌ f t	s t ʌ d iː t	0	0	reg_d	other	reg_t
string	b l ɑː t	b l ɑː t ə d	b l ɑː t ə d	b l ɑː k	b l ɑː k t	b l ɑː k t	b l ɑː t t	0	0	reg_əd	reg_əd	reg_t
string	m e ɪ l	m e ɪ l d	m e ɪ l d	s e ɪ l	s e ɪ l d	s e ɪ l d	m e ɪ l d	1	1	reg_d	reg_d	reg_d
string	k l ɪ ŋ	k l ʌ ŋ	k l ɪ ŋ d	k l ɪ p	k l ɪ p t	k l ɪ p t	k l ɪ ŋ t	0	0	vowel_change	reg_d	reg_t
string	p l ʌ ɡ	p l ʌ ɡ d	p l ʌ ɡ d	p l æ n	p l æ n d	p l æ n d	p l ʌ ɡ d	1	1	reg_d	reg_d	reg_d
string	p r e ɪ	p r e ɪ d	p r e ɪ d	p e ɪ	p e ɪ d	p e ɪ d	p r e ɪ d	1	1	reg_d	reg_d	reg_d
string	f l o ʊ	f l o ʊ d	f l uː	b l o ʊ	b l uː	b l uː	f l uː	1	0	reg_d	vowel_change	vowel_change
string	r iː m a ɪ n d	r iː m a ɪ n d ə d	r iː a ɪ n d	f a ɪ n d	f a ʊ n d	f a ʊ n d	r iː m a ʊ n d	0	0	reg_əd	other	vowel_change
string	ɛ l b o ʊ	ɛ l b o ʊ d	ɛ l o ʊ o ʊ d	b l o ʊ	b l uː	b l uː	ɛ l b uː	0	0	reg_d	other	vowel_change
string	f r iː z	f r o ʊ z	f r iː z d	f r iː k	f r iː k t	f r iː k t	f r iː z t	0	0	vowel_change	reg_d	reg_t
string	m ɪ m ɪ k	m ɪ m ɪ k t	m ɪ m ɪ k	m e ɪ k	m e ɪ d	m e ɪ d	m ɪ m ɪ d	0	0	reg_t	no_change	coda_change
string	w iː l	w iː l d	w iː l d	w ɪ l	w ɪ l d	w ɪ l d	w iː l d	1	1	reg_d	reg_d	reg_d
string	p ʌ m p	p ʌ m p t	p ʌ m p t	d ʌ m p	d ʌ m p t	d ʌ m p t	p ʌ m p t	1	1	reg_t	reg_t	reg_t
string	ɪ k s p ɛ k t	ɪ k s p ɛ k t ə d	ɪ k s p ɛ k t ə d	ɪ k s ɛ p t	ɪ k s ɛ p t ə d	ɪ k s ɛ p t ə d	ɪ k s p ɛ k t ə d	1	1	reg_əd	reg_əd	reg_əd
string	w a ɪ n d	w a ɪ n d ə d	w a ʊ n d	f a ɪ n d	f a ʊ n d	f a ʊ n d	w a ʊ n d	1	0	reg_əd	vowel_change	vowel_change
string	s k r ɪ b ə l	s k r ɪ b ə l d	s k r ɪ b ə b d	d r ɪ b ə l	d r ɪ b ə l d	d r ɪ b ə l d	s k r ɪ b ə l d	0	1	reg_d	coda_change	reg_d
string	r ɪ s p ɑː n d	r ɪ s p ɑː n d ə d	r ɪ s p ɑː n d ə d	s p ɛ n d	s p ɛ n t	s p ɛ n t	r ɪ s p ɑː n t	0	0	reg_əd	reg_əd	coda_change
string	r e ɪ z	r e ɪ z d	r e ɪ z d	r e ɪ n	r e ɪ n d	r e ɪ n d	r e ɪ z d	1	1	reg_d	reg_d	reg_d
string	ɡ ɪ ɡ ə l	ɡ ɪ ɡ ə l d	ɡ ɪ ɡ ə l d	t ɪ k ə l	t ɪ k ə l d	t ɪ k ə l d	ɡ ɪ ɡ ə l d	1	1	reg_d	reg_d	reg_d
string	b ɑː r o ʊ	b ɑː r o ʊ d	b ɑː r o ʊ d	b ɑː r k	b ɑː r k t	b ɑː r k t	b ɑː r o ʊ t	0	0	reg_d	reg_d	reg_t
string	s w ɑː l o ʊ	s w ɑː l o ʊ d	s w ɑː l o ʊ d	f ɑː l o ʊ	f ɑː l o ʊ d	f ɑː l o ʊ d	s w ɑː l o ʊ d	1	1	reg_d	reg_d	reg_d
string	d ɑː r n	d ɑː r n d	d ɑː r n d	k ɑː r v	k ɑː r v d	k ɑː r v d	d ɑː r n d	1	1	reg_d	reg_d	reg_d
string	k ɑː p iː	k ɑː p iː d	k ɑː p ɑː p	k æ p	k æ p t	k æ p t	k ɑː p iː t	0	0	reg_d	other	reg_t
string	s k r e ɪ p	s k r e ɪ p t	s k r e ɪ p t	s k ɪ p	s k ɪ p t	s k ɪ p t	s k r e ɪ p t	1	1	reg_t	reg_t	reg_t
string	h o ʊ m	h o ʊ m d	h o ʊ m d	k o ʊ m	k o ʊ m d	k o ʊ m d	h o ʊ m d	1	1	reg_d	reg_d	reg_d
string	f r iː	f r iː d	f r iː d	f r iː k	f r iː k t	f r iː k t	f r iː t	0	0	reg_d	reg_d	reg_t
string	b r a ɪ t ə n	b r a ɪ t ə n d	b r a ɪ t ə n d	t a ɪ t ə n	t a ɪ t ə n d	t a ɪ t ə n d	b r a ɪ t ə n d	1	1	reg_d	reg_d	reg_d
string	ə r a ɪ v	ə r a ɪ v d	ə r a ɪ v d	f r a ɪ	f r a ɪ d	f r a ɪ d	ə r a ɪ v d	1	1	reg_d	reg_d	reg_d
string	ɪ k s p l ɔ r	ɪ k s p l ɔ r d	ɪ k s p l ɔ r d	ɪ k s p l e ɪ n	ɪ k s p l e ɪ n d	ɪ k s p l e ɪ n d	ɪ k s p l ɔ r d	1	1	reg_d	reg_d	reg_d
string	p ɹ̩ s	p ɹ̩ s t	p ɹ̩ s t	p æ s	p æ s t	p æ s t	p ɹ̩ s t	1	1	reg_t	reg_t	reg_t
string	t͡ʃ ɪ p	t͡ʃ ɪ p t	t͡ʃ ɪ p t	w ɪ p	w ɪ p t	w ɪ p t	t͡ʃ ɪ p t	1	1	reg_t	reg_t	reg_t
string	b ɑː t ə l	b ɑː t ə l d	b ɑː t ə l d	b æ t ə l	b æ t ə l d	b æ t ə l d	b ɑː t ə l d	1	1	reg_d	reg_d	reg_d
string	ə s o ʊ s iː e ɪ t	ə s o ʊ s iː e ɪ t ə d	ə s a ɪ s t ʊ d	o ʊ b e ɪ	o ʊ b e ɪ d	o ʊ b e ɪ d	ə s o ʊ s iː e ɪ t d	0	0	reg_əd	other	reg_d
string	ɪ n s ɪ s t	ɪ n s ɪ s t ə d	ɪ n s ɪ s t ə d	ɪ n s ɹ̩ t	ɪ n s ɹ̩ t ə d	ɪ n s ɹ̩ t ə d	ɪ n s ɪ s t ə d	1	1	reg_əd	reg_əd	reg_əd
string	w iː	w iː d	w iː d	w uː	w uː d	w uː d	w iː d	1	1	reg_d	reg_d	reg_d
string	ʃ ɔ r t ə n	ʃ ɔ r t ə n d	ʃ ɔ r t ə n d	ʃ ɑː r p ə n	ʃ ɑː r p ə n d	ʃ ɑː r p ə n d	ʃ ɔ r t ə n d	1	1	reg_d	reg_d	reg_d
string	ə n l ɑː k	ə n l ɑː k t	ə n l ɑː k t	l ɑː k	l ɑː k t	l ɑː k t	ə n l ɑː k t	1	1	reg_t	reg_t	reg_t
string	d ʌ b ə l	d ʌ b ə l d	d ʌ b ə l d	k ʌ d ə l	k ʌ d ə l d	k ʌ d ə l d	d ʌ b ə l d	1	1	reg_d	reg_d	reg_d
string	m ɑː p	m ɑː p t	m ɑː p t	t͡ʃ ɑː p	t͡ʃ ɑː p t	t͡ʃ ɑː p t	m ɑː p t	1	1	reg_t	reg_t	reg_t
string	f ɛ t͡ʃ	f ɛ t͡ʃ t	f ɛ t͡ʃ t	l ɛ t	l ɛ t	l ɛ t	f ɛ t͡ʃ	0	0	reg_t	reg_t	no_change
string	ʃ ɛ d	ʃ ɛ d ə d	ʃ ɛ d ə d	h ɛ d	h ɛ d ə d	h ɛ d ə d	ʃ ɛ d ə d	1	1	reg_əd	reg_əd	reg_əd
string	t r æ p	t r æ p t	t r æ p t	t r æ k	t r æ k t	t r æ k t	t r æ p t	1	1	reg_t	reg_t	reg_t
string	b ɪ h e ɪ v	b ɪ h e ɪ v d	b ɪ h e ɪ v d	b ɪ ɡ ɪ n	b ɪ ɡ æ n	b ɪ ɡ æ n	NA	0	0	reg_d	reg_d	vowel_change
string	d ɪ l iː t	d ɪ l iː t ə d	d ɪ l iː t ə d	w ɪ l t	w ɪ l t ə d	w ɪ l t ə d	d ɪ l iː t ə d	1	1	reg_əd	reg_əd	reg_əd
string	p æ n	p æ n d	p æ n d	p l æ n	p l æ n d	p l æ n d	p æ n d	1	1	reg_d	reg_d	reg_d
string	s k æ l ə p	s k æ l ə p t	s k æ l ə p t	k l ɪ p	k l ɪ p t	k l ɪ p t	s k æ l ə p t	1	1	reg_t	reg_t	reg_t
string	n o ʊ t	n o ʊ t ə d	n o ʊ t ə d	k o ʊ t	k o ʊ t ə d	k o ʊ t ə d	n o ʊ t ə d	1	1	reg_əd	reg_əd	reg_əd
string	p ɑː k ə t	p ɑː k ə t ə d	p ɑː k ə t ə d	ɡ ɑː b ə l	ɡ ɑː b ə l d	ɡ ɑː b ə l d	p ɑː k ə t d	0	0	reg_əd	reg_əd	reg_d
string	r ə f l ɛ k t	r ə f l ɛ k t ə d	r ə l ɛ k ɛ t ə d	k ə l ɛ k t	k ə l ɛ k t ə d	k ə l ɛ k t ə d	r ə f l ɛ k t ə d	0	1	reg_əd	other	reg_əd
string	s t e ɪ t	s t e ɪ t ə d	s t e ɪ t ə d	s k e ɪ t	s k e ɪ t ə d	s k e ɪ t ə d	s t e ɪ t ə d	1	1	reg_əd	reg_əd	reg_əd
string	p r a ɪ	p r a ɪ d	p r a ɪ d	t r a ɪ	t r a ɪ d	t r a ɪ d	p r a ɪ d	1	1	reg_d	reg_d	reg_d
string	ʃ uː	ʃ uː d	ʃ uː d	d uː	d ɪ d	d ɪ d	ʃ ɪ d	0	0	reg_d	reg_d	vowel_change_suffix
string	k ɑː n s ə n t r e ɪ t	k ɑː n s ə n t r e ɪ t ə d	k ə d	s t r e ɪ n	s t r e ɪ n d	s t r e ɪ n d	k ɑː n s ə n t r e ɪ t d	0	0	reg_əd	other	reg_d
string	s ʌ f ɹ̩	s ʌ f ɹ̩ d	s ʌ f ɹ̩ d	s t ʌ f	s t ʌ f t	s t ʌ f t	s ʌ f ɹ̩ t	0	0	reg_d	reg_d	reg_t
string	s ɪ z ə l	s ɪ z ə l d	s ɪ z ə l d	t ɪ k ə l	t ɪ k ə l d	t ɪ k ə l d	s ɪ z ə l d	1	1	reg_d	reg_d	reg_d
string	p r ə p o ʊ z	p r ə p o ʊ z d	p r ə p r ʊ z d	s ə p o ʊ z	s ə p o ʊ z d	s ə p o ʊ z d	p r ə p o ʊ z d	0	1	reg_d	other	reg_d
string	θ ɔ	θ ɔ d	θ ɔ d	s ɔ	s ɔ d	s ɔ d	θ ɔ d	1	1	reg_d	reg_d	reg_d
string	r ɪ l e ɪ t	r ɪ l e ɪ t ə d	r ɪ l e ɪ t ə d	r a ɪ t	r o ʊ t	r o ʊ t	NA	0	0	reg_əd	reg_əd	vowel_change
string	t ɪ k	t ɪ k t	t ɪ k t	t ɪ p	t ɪ p t	t ɪ p t	t ɪ k t	1	1	reg_t	reg_t	reg_t
string	ɛ d͡ʒ	ɛ d͡ʒ d	ɛ d͡ʒ uː d͡ʒ uː d͡ʒ d	h ɛ d͡ʒ	h ɛ d͡ʒ d	h ɛ d͡ʒ d	ɛ d͡ʒ d	0	1	reg_d	other	reg_d
string	ɪ ɡ z ɪ s t	ɪ ɡ z ɪ s t ə d	ɪ ɡ æ s t	v ɪ z ɪ t	v ɪ z ɪ t ə d	v ɪ z ɪ t ə d	ɪ ɡ z ɪ s t ə d	0	1	reg_əd	other	reg_əd
string	θ ɪ k ə n	θ ɪ k ə n d	θ ɪ k ə n d	t͡ʃ ɪ k ə n	t͡ʃ ɪ k ə n d	t͡ʃ ɪ k ə n d	θ ɪ k ə n d	1	1	reg_d	reg_d	reg_d
string	r ɪ t ɹ̩ n	r ɪ t ɹ̩ n d	r ɪ t ɹ̩ n d	t ɹ̩ n	t ɹ̩ n d	t ɹ̩ n d	r ɪ t ɹ̩ n d	1	1	reg_d	reg_d	reg_d
string	t͡ʃ ɑː r d͡ʒ	t͡ʃ ɑː r d͡ʒ d	t͡ʃ ɑː r d͡ʒ d	k ɑː r v	k ɑː r v d	k ɑː r v d	t͡ʃ ɑː r d͡ʒ d	1	1	reg_d	reg_d	reg_d
string	s t o ʊ n	s t o ʊ n d	s t o ʊ n d	t o ʊ	t o ʊ d	t o ʊ d	s t o ʊ n d	1	1	reg_d	reg_d	reg_d
string	w ɛ l k ə m	w ɛ l k ə m d	w ɛ l k ə m d	k l a ɪ m	k l a ɪ m d	k l a ɪ m d	w ɛ l k ə m d	1	1	reg_d	reg_d	reg_d
final	s iː	s ɔ	s iː d	h ɹ̩ iː	h ɹ̩ iː d	h ɹ̩ iː d	s iː d	1	0	vowel_change	reg_d	reg_d
final	ɡ ɛ t	ɡ ɑː t	ɡ ɛ t	h ɹ̩ t	h ɹ̩ t	h ɹ̩ t	ɡ ɛ t	1	0	vowel_change	no_change	no_change
final	n ɑː k	n ɑː k t	n ɑː k t	m e ɪ k	m e ɪ d	m e ɪ d	n ɑː d	0	0	reg_t	reg_t	coda_change
final	θ ɪ ŋ k	θ ɔ t	θ ɪ ŋ k t	t͡ʃ ɛ k	t͡ʃ ɛ k t	t͡ʃ ɛ k t	θ ɪ ŋ k t	1	0	rhyme_replaced	reg_t	reg_t
final	k l iː n	k l iː n d	k l iː n d	z o ʊ n	z o ʊ n d	z o ʊ n d	k l iː n d	1	1	reg_d	reg_d	reg_d
final	b ɪ l iː v	b ɪ l iː v d	b ɪ l iː v d	l a ɪ v	l a ɪ v d	l a ɪ v d	b ɪ l iː v d	1	1	reg_d	reg_d	reg_d
final	ɡ ɪ v	ɡ e ɪ v	ɡ ɪ v d	ɪ n v ɑː l v	ɪ n v ɑː l v d	ɪ n v ɑː l v d	ɡ ɪ v d	1	0	vowel_change	reg_d	reg_d
final	t e ɪ k	t ʊ k	t e ɪ k t	t r æ k	t r æ k t	t r æ k t	t e ɪ k t	1	0	vowel_change	reg_t	reg_t
final	s t æ n d	s t ʊ d	s t æ n t ə d	æ d	æ d ə d	æ d ə d	s t æ n d ə d	0	0	rhyme_replaced	other	reg_əd
final	j ɛ l	j ɛ l d	j ɛ l d	ɪ n h e ɪ l	ɪ n h e ɪ l d	ɪ n h e ɪ l d	j ɛ l d	1	1	reg_d	reg_d	reg_d
final	f ɪ k s	f ɪ k s t	f ɪ k s t	p r æ k t ɪ s	p r æ k t ɪ s t	p r æ k t ɪ s t	f ɪ k s t	1	1	reg_t	reg_t	reg_t
final	k l æ p	k l æ p t	k l æ p t	k æ m p	k æ m p t	k æ m p t	k l æ p t	1	1	reg_t	reg_t	reg_t
final	r a ɪ m	r a ɪ m d	r o ʊ m	n e ɪ m	n e ɪ m d	n e ɪ m d	r a ɪ m d	0	1	reg_d	vowel_change	reg_d
final	t ɛ l	t o ʊ l d	t ɛ l d	r iː s k ɛ d͡ʒ uː l	r iː s k ɛ d͡ʒ uː l d	r iː s k ɛ d͡ʒ uː l d	t ɛ l d	1	0	vowel_change_suffix	reg_d	reg_d
final	f ɔ l	f ɛ l	f ɔ l d	f e ɪ l	f e ɪ l d	f e ɪ l d	f ɔ l d	1	0	vowel_change	reg_d	reg_d
final	r o ʊ l	r o ʊ l d	r o ʊ l d	n ʌ k ə l	n ʌ k ə l d	n ʌ k ə l d	r o ʊ l d	1	1	reg_d	reg_d	reg_d
final	k uː l	k uː l d	k uː l d	b æ t ə l	b æ t ə l d	b æ t ə l d	k uː l d	1	1	reg_d	reg_d	reg_d
final	s ɪ ŋ	s æ ŋ	s æ ŋ	w ɪ ŋ	w ɪ ŋ d	w ɪ ŋ d	s ɪ ŋ d	0	0	vowel_change	vowel_change	reg_d
final	h o ʊ l d	h ɛ l d	h o ʊ l d	p æ d	p æ d ə d	p æ d ə d	h o ʊ l d ə d	0	0	vowel_change	no_change	reg_əd
final	d r ɛ s	d r ɛ s t	d r ɛ s t	r iː p l e ɪ s	r iː p l e ɪ s t	r iː p l e ɪ s t	d r ɛ s t	1	1	reg_t	reg_t	reg_t
final	w e ɪ k	w o ʊ k	w e ɪ k t	k e ɪ k	k e ɪ k t	k e ɪ k t	w e ɪ k t	1	0	vowel_change	reg_t	reg_t
final	m uː v	m uː v d	m uː v d	h æ v	h æ d	h æ d	m uː d	0	0	reg_d	reg_d	coda_change
final	b ɪ l d	b ɪ l t	b ɪ l d ə d	n iː d	n iː d ə d	n iː d ə d	b ɪ l d ə d	1	0	coda_change	reg_əd	reg_əd
final	p uː p	p uː p t	p uː p t	s t æ m p	s t æ m p t	s t æ m p t	p uː p t	1	1	reg_t	reg_t	reg_t
final	k ɛ r	k ɛ r d	k ɛ r d	p ɛ r	p ɛ r d	p ɛ r d	k ɛ r d	1	1	reg_d	reg_d	reg_d
final	b ɛ r iː	b ɛ r iː d	b ɛ r iː d	k iː	k iː d	k iː d	b ɛ r iː d	1	1	reg_d	reg_d	reg_d
final	p æ n t	p æ n t ə d	p æ n t ə d	s ɔ r t	s ɔ r t ə d	s ɔ r t ə d	p æ n t ə d	1	1	reg_əd	reg_əd	reg_əd
final	t ʌ k	t ʌ k t	t ʌ k t	b l ɑː k	b l ɑː k t	b l ɑː k t	t ʌ k t	1	1	reg_t	reg_t	reg_t
final	b ɑː ð ɹ̩	b ɑː ð ɹ̩ d	b ɑː r ɹ̩ d	p æ m p ɹ̩	p æ m p ɹ̩ d	p æ m p ɹ̩ d	b ɑː ð ɹ̩ d	0	1	reg_d	other	reg_d
final	ɛ ɡ z ɪ t	ɛ ɡ z ɪ t ə d	ɛ z ɪ z t ə d	p æ t	p æ t ə d	p æ t ə d	ɛ ɡ z ɪ t ə d	0	1	reg_əd	other	reg_əd
final	s t e ɪ	s t e ɪ d	s t e ɪ d	a ɪ	a ɪ d	a ɪ d	s t e ɪ d	1	1	reg_d	reg_d	reg_d
final	w ʌ n d ɹ̩	w ʌ n d ɹ̩ d	w ʌ n d ɹ̩ d	w ɑː n d ɹ̩	w ɑː n d ɹ̩ d	w ɑː n d ɹ̩ d	w ʌ n d ɹ̩ d	1	1	reg_d	reg_d	reg_d
final	d ɪ p	d ɪ p t	d ɪ p t	k l ɪ p	k l ɪ p t	k l ɪ p t	d ɪ p t	1	1	reg_t	reg_t	reg_t
final	h ʌ ɡ	h ʌ ɡ d	h ʌ ɡ d	t æ ɡ	t æ ɡ d	t æ ɡ d	h ʌ ɡ d	1	1	reg_d	reg_d	reg_d
final	v ɔ ɪ s	v ɔ ɪ s t	v ɔ ɪ s t	m ɪ k s	m ɪ k s t	m ɪ k s t	v ɔ ɪ s t	1	1	reg_t	reg_t	reg_t
final	ə t æ t͡ʃ	ə t æ t͡ʃ t	ə t æ t͡ʃ t	t iː t͡ʃ	t ɔ t	t ɔ t	NA	0	0	reg_t	reg_t	rhyme_replaced
final	s m ɛ l	s m ɛ l d	s m ɛ l d	ɡ ɑː b ə l	ɡ ɑː b ə l d	ɡ ɑː b ə l d	s m ɛ l d	1	1	reg_d	reg_d	reg_d
final	f ɪ n ɪ ʃ	f ɪ n ɪ ʃ t	f ɪ n	w ɪ ʃ	w ɪ ʃ t	w ɪ ʃ t	f ɪ n ɪ ʃ t	0	1	reg_t	other	reg_t
final	t r ɑː t	t r ɑː t ə d	t r ɑː t ə d	h e ɪ t	h e ɪ t ə d	h e ɪ t ə d	t r ɑː t ə d	1	1	reg_əd	reg_əd	reg_əd
final	b l ɛ s	b l ɛ s t	b l ɛ s t	r iː p l e ɪ s	r iː p l e ɪ s t	r iː p l e ɪ s t	b l ɛ s t	1	1	reg_t	reg_t	reg_t
final	l ɛ d	l ɛ d ə d	l ɛ d ə d	r ɪ d	r ɪ d	r ɪ d	l ɛ d	0	0	reg_əd	reg_əd	no_change
final	p r ɛ s	p r ɛ s t	p r ɛ s t	d ɪ s k ʌ s	d ɪ s k ʌ s t	d ɪ s k ʌ s t	p r ɛ s t	1	1	reg_t	reg_t	reg_t
final	ə n z ɪ p	ə n z ɪ p t	ə n z ɪ p t	f l æ p	f l æ p t	f l æ p t	ə n z ɪ p t	1	1	reg_t	reg_t	reg_t
final	f ɪ l t ɹ̩	f ɪ l t ɹ̩ d	f ɪ l t ɹ̩ d	k ɑː ŋ k ɹ̩	k ɑː ŋ k ɹ̩ d	k ɑː ŋ k ɹ̩ d	f ɪ l t ɹ̩ d	1	1	reg_d	reg_d	reg_d
final	ʃ e ɪ v	ʃ e ɪ v d	ʃ e ɪ v d	l a ɪ v	l a ɪ v d	l a ɪ v d	ʃ e ɪ v d	1	1	reg_d	reg_d	reg_d
final	k ɑː s t	k ɑː s t	k ɑː s t ə d	r ɪ d͡ʒ ɛ k t	r ɪ d͡ʒ ɛ k t ə d	r ɪ d͡ʒ ɛ k t ə d	k ɑː s t ə d	1	0	no_change	reg_əd	reg_əd
final	b r ʌ ʃ	b r ʌ ʃ t	b r ʌ ʃ t	f ɪ ʃ	f ɪ ʃ t	f ɪ ʃ t	b r ʌ ʃ t	1	1	reg_t	reg_t	reg_t
final	l æ n d	l æ n d ə d	l æ n d ə d	d ɪ p ɛ n d	d ɪ p ɛ n d ə d	d ɪ p ɛ n d ə d	l æ n d ə d	1	1	reg_əd	reg_əd	reg_əd
final	s t ɛ p	s t ɛ p t	s t ɛ p t	t æ p	t æ p t	t æ p t	s t ɛ p t	1	1	reg_t	reg_t	reg_t
final	m ɪ l k	m ɪ l k t	m ɪ l k t	t͡ʃ ɛ k	t͡ʃ ɛ k t	t͡ʃ ɛ k t	m ɪ l k t	1	1	reg_t	reg_t	reg_t
final	b ɛ s t	b ɛ s t ə d	b ɛ s t ə d	t͡ʃ iː t	t͡ʃ iː t ə d	t͡ʃ iː t ə d	b ɛ s t ə d	1	1	reg_əd	reg_əd	reg_əd
final	m a ɪ n d	m a ɪ n d ə d	m a ʊ n d	h a ɪ d	h ɪ d	h ɪ d	NA	0	0	reg_əd	vowel_change	vowel_change
final	w a ɪ t	w a ɪ t ə d	w a ɪ t	ɪ n t ə r ɛ s t	ɪ n t ə r ɛ s t ə d	ɪ n t ə r ɛ s t ə d	w a ɪ t ə d	0	1	reg_əd	no_change	reg_əd
final	m æ k s	m æ k s t	m æ k s t	f ɔ r s	f ɔ r s t	f ɔ r s t	m æ k s t	1	1	reg_t	reg_t	reg_t
final	r iː t͡ʃ	r iː t͡ʃ t	r iː t͡ʃ t	t iː t͡ʃ	t ɔ t	t ɔ t	r ɔ t	0	0	reg_t	reg_t	rhyme_replaced
final	h o ʊ p	h o ʊ p t	h o ʊ p t	t æ p	t æ p t	t æ p t	h o ʊ p t	1	1	reg_t	reg_t	reg_t
final	f o ʊ l d	f o ʊ l d ə d	f o ʊ l d	l o ʊ d	l o ʊ d ə d	l o ʊ d ə d	f o ʊ l d ə d	0	1	reg_əd	no_change	reg_əd
final	k l ɪ n t͡ʃ	k l ɪ n t͡ʃ t	k l ɪ n t͡ʃ t	s k r æ t͡ʃ	s k r æ t͡ʃ t	s k r æ t͡ʃ t	k l ɪ n t͡ʃ t	1	1	reg_t	reg_t	reg_t
final	t r ɪ k	t r ɪ k t	t r ɪ k t	ə t æ k	ə t æ k t	ə t æ k t	t r ɪ k t	1	1	reg_t	reg_t	reg_t
final	b ɛ n d	b ɛ n d ə d	b ɛ n d ə d	d ɪ p ɛ n d	d ɪ p ɛ n d ə d	d ɪ p ɛ n d ə d	b ɛ n d ə d	1	1	reg_əd	reg_əd	reg_əd
final	a ɪ d ɛ n t ə f a ɪ	a ɪ d ɛ n t ə f a ɪ d	a ʊ d	b a ɪ	b ɔ t	b ɔ t	a ɪ d ɛ n t ə f ɔ t	0	0	reg_d	other	vowel_change_suffix
final	d͡ʒ ɔ ɪ n	d͡ʒ ɔ ɪ n d	d͡ʒ ɔ ɪ n d	ɛ n t ɹ̩ t e ɪ n	ɛ n t ɹ̩ t e ɪ n d	ɛ n t ɹ̩ t e ɪ n d	d͡ʒ ɔ ɪ n d	1	1	reg_d	reg_d	reg_d
final	k ə n f j uː z	k ə n f j uː z d	k ə f f j uː z d	t͡ʃ uː z	t͡ʃ o ʊ z	t͡ʃ o ʊ z	k ə n f j o ʊ z	0	0	reg_d	other	vowel_change
final	b ɛ r	b o ʊ r	b ɛ r d	s t iː r	s t iː r d	s t iː r d	b ɛ r d	1	0	vowel_change	reg_d	reg_d
final	r ɛ s t	r ɛ s t ə d	r ɛ s t ə d	t w ɪ s t	t w ɪ s t ə d	t w ɪ s t ə d	r ɛ s t ə d	1	1	reg_əd	reg_əd	reg_əd
final	p iː	p iː d	p iː d	ə ɡ r iː	ə ɡ r iː d	ə ɡ r iː d	p iː d	1	1	reg_d	reg_d	reg_d
final	ɡ r æ b	ɡ r æ b d	ɡ r æ b d	r ɑː b	r ɑː b d	r ɑː b d	ɡ r æ b d	1	1	reg_d	reg_d	reg_d
final	ə p r o ʊ t͡ʃ	ə p r o ʊ t͡ʃ t	ə p r o ʊ t͡ʃ t	s k r æ t͡ʃ	s k r æ t͡ʃ t	s k r æ t͡ʃ t	ə p r o ʊ t͡ʃ t	1	1	reg_t	reg_t	reg_t
final	p iː l	p iː l d	p iː l d	s n ɑː r ə l	s n ɑː r ə l d	s n ɑː r ə l d	p iː l d	1	1	reg_d	reg_d	reg_d
final	m ɑː r t͡ʃ	m ɑː r t͡ʃ t	m ɑː r t͡ʃ t	k r ʌ n t͡ʃ	k r ʌ n t͡ʃ t	k r ʌ n t͡ʃ t	m ɑː r t͡ʃ t	1	1	reg_t	reg_t	reg_t
final	t æ k ə l	t æ k ə l d	t æ k ə l d	d r ɪ l	d r ɪ l d	d r ɪ l d	t æ k ə l d	1	1	reg_d	reg_d	reg_d
final	d ɪ ɡ	d ʌ ɡ	d ɪ ɡ d	k æ t ə l ɔ ɡ	k æ t ə l ɔ ɡ d	k æ t ə l ɔ ɡ d	d ɪ ɡ d	1	0	vowel_change	reg_d	reg_d
final	s ɛ t ə l	s ɛ t ə l d	s ɛ t ə l d	k ʌ d ə l	k ʌ d ə l d	k ʌ d ə l d	s ɛ t ə l d	1	1	reg_d	reg_d	reg_d
final	ɪ ɡ n ɔ r	ɪ ɡ n ɔ r d	ɪ n ɔ n r d	f iː r	f ɛ r d	f iː r d	NA	0	0	reg_d	other	vowel_change_suffix
final	k ʌ v ɹ̩	k ʌ v ɹ̩ d	k ʌ v ɹ̩ d	b ʌ t ɹ̩	b ʌ t ɹ̩ d	b ʌ t ɹ̩ d	k ʌ v ɹ̩ d	1	1	reg_d	reg_d	reg_d
final	r ɑː t	r ɑː t ə d	r ɑː t	s ʌ f ə k e ɪ t	s ʌ f ə k e ɪ t ə d	s ʌ f ə k e ɪ t ə d	r ɑː t ə d	0	1	reg_əd	no_change	reg_əd
final	f l æ t ɹ̩	f l æ t ɹ̩ d	f l æ t ɹ̩ d	p ɪ k t͡ʃ ɹ̩	p ɪ k t͡ʃ ɹ̩ d	p ɪ k t͡ʃ ɹ̩ d	f l æ t ɹ̩ d	1	1	reg_d	reg_d	reg_d
final	b ʌ b ə l	b ʌ b ə l d	b ʌ b ə l d	h iː l	h iː l d	h iː l d	b ʌ b ə l d	1	1	reg_d	reg_d	reg_d
final	k o ʊ ɑː p ɹ̩ e ɪ t	k o ʊ ɑː p ɹ̩ e ɪ t ə d	k ɑː p ɹ̩ e ɪ p j ə d	h iː t	h iː t ə d	h iː t ə d	k o ʊ ɑː p ɹ̩ e ɪ t ə d	0	1	reg_əd	other	reg_əd
final	ɡ r iː n	ɡ r iː n d	ɡ r iː n d	m ɛ n ʃ ə n	m ɛ n ʃ ə n d	m ɛ n ʃ ə n d	ɡ r iː n d	1	1	reg_d	reg_d	reg_d
final	r e ɪ s	r e ɪ s t	r e ɪ s t	r iː p l e ɪ s	r iː p l e ɪ s t	r iː p l e ɪ s t	r e ɪ s t	1	1	reg_t	reg_t	reg_t
final	d æ n s	d æ n s t	d æ n s t	k r ɔ s	k r ɔ s t	k r ɔ s t	d æ n s t	1	1	reg_t	reg_t	reg_t
final	p r ɑː d͡ʒ ɛ k t	p r ɑː d͡ʒ ɛ k t ə d	p r ɑː d͡ʒ ɛ k t ə d	t w ɪ s t	t w ɪ s t ə d	t w ɪ s t ə d	p r ɑː d͡ʒ ɛ k t ə d	1	1	reg_əd	reg_əd	reg_əd
final	b ɛ ɡ	b ɛ ɡ d	b ɛ ɡ d	w æ ɡ	w æ ɡ d	w æ ɡ d	b ɛ ɡ d	1	1	reg_d	reg_d	reg_d
final	s ɹ̩ v ɪ s	s ɹ̩ v ɪ s t	s ɹ̩ v ɪ s t	w æ k s	w æ k s t	w æ k s t	s ɹ̩ v ɪ s t	1	1	reg_t	reg_t	reg_t
final	r ɛ p r ə z ɛ n t	r ɛ p r ə z ɛ n t ə d	r ɛ p r ɛ p ɛ r ə n d	ə f ɛ k t	ə f ɛ k t ə d	ə f ɛ k t ə d	r ɛ p r ə z ɛ n t ə d	0	1	reg_əd	other	reg_əd
final	ɪ m ɹ̩ d͡ʒ	ɪ m ɹ̩ d͡ʒ d	ɪ m ɹ̩ d͡ʒ d	p e ɪ d͡ʒ	p e ɪ d͡ʒ d	p e ɪ d͡ʒ d	ɪ m ɹ̩ d͡ʒ d	1	1	reg_d	reg_d	reg_d
final	b ɔ ɪ l	b ɔ ɪ l d	b ɔ ɪ l d	m ʌ m b ə l	m ʌ m b ə l d	m ʌ m b ə l d	b ɔ ɪ l d	1	1	reg_d	reg_d	reg_d
final	p ɹ̩ f ɛ k t	p ɹ̩ f ɛ k t ə d	p ɹ̩ d	ɑː p ɹ̩ e ɪ t	ɑː p ɹ̩ e ɪ t ə d	ɑː p ɹ̩ e ɪ t ə d	p ɹ̩ f ɛ k t ə d	0	1	reg_əd	other	reg_əd
final	r a ɪ z	r o ʊ z	r o ʊ z d	ə p ɑː l ə d͡ʒ a ɪ z	ə p ɑː l ə d͡ʒ a ɪ z d	ə p ɑː l ə d͡ʒ a ɪ z d	r a ɪ z d	0	0	vowel_change	vowel_change_suffix	reg_d
final	s k r iː n	s k r iː n d	s k r iː n d	ə b æ n d ə n	ə b æ n d ə n d	ə b æ n d ə n d	s k r iː n d	1	1	reg_d	reg_d	reg_d
final	t r e ɪ n	t r e ɪ n d	t r e ɪ n d	b r a ʊ n	b r a ʊ n d	b r a ʊ n d	t r e ɪ n d	1	1	reg_d	reg_d	reg_d
final	s o ʊ	s o ʊ d	s o ʊ d	n o ʊ	n uː	n uː	s uː	0	0	reg_d	reg_d	vowel_change
final	f e ɪ s	f e ɪ s t	f e ɪ s t	f o ʊ k ə s	f o ʊ k ə s t	f o ʊ k ə s t	f e ɪ s t	1	1	reg_t	reg_t	reg_t
final	s t ʌ d iː	s t ʌ d iː d	s t ʌ d	b ɪ z iː	b ɪ z iː d	b ɪ z iː d	s t ʌ d iː d	0	1	reg_d	other	reg_d
final	b l ɑː t	b l ɑː t ə d	b l ɑː t ə d	iː t	e ɪ t	e ɪ t	NA	0	0	reg_əd	reg_əd	vowel_change
final	m e ɪ l	m e ɪ l d	m e ɪ l d	r iː s a ɪ k ə l	r iː s a ɪ k ə l d	r iː s a ɪ k ə l d	m e ɪ l d	1	1	reg_d	reg_d	reg_d
final	k l ɪ ŋ	k l ʌ ŋ	k l ɪ ŋ d	b r ɪ ŋ	b r ɔ t	b r ɔ t	k l ɔ t	0	0	vowel_change	reg_d	rhyme_replaced
final	p l ʌ ɡ	p l ʌ ɡ d	p l ʌ ɡ d	b ʌ ɡ	b ʌ ɡ d	b ʌ ɡ d	p l ʌ ɡ d	1	1	reg_d	reg_d	reg_d
final	p r e ɪ	p r e ɪ d	p r e ɪ d	d ɪ s t r ɔ ɪ	d ɪ s t r ɔ ɪ d	d ɪ s t r ɔ ɪ d	p r e ɪ d	1	1	reg_d	reg_d	reg_d
final	f l o ʊ	f l o ʊ d	f l uː	p l a ʊ	p l a ʊ d	p l a ʊ d	f l o ʊ d	0	1	reg_d	vowel_change	reg_d
final	r iː m a ɪ n d	r iː m a ɪ n d ə d	r iː a ɪ n d	s a ʊ n d	s a ʊ n d ə d	s a ʊ n d ə d	r iː m a ɪ n d ə d	0	1	reg_əd	other	reg_əd
final	ɛ l b o ʊ	ɛ l b o ʊ d	ɛ l o ʊ o ʊ d	ɡ r o ʊ	ɡ r uː	ɡ r uː	ɛ l b uː	0	0	reg_d	other	vowel_change
final	f r iː z	f r o ʊ z	f r iː z d	s k w iː z	s k w iː z d	s k w iː z d	f r iː z d	1	0	vowel_change	reg_d	reg_d
final	m ɪ m ɪ k	m ɪ m ɪ k t	m ɪ m ɪ k	t͡ʃ o ʊ k	t͡ʃ o ʊ k t	t͡ʃ o ʊ k t	m ɪ m ɪ k t	0	1	reg_t	no_change	reg_t
final	w iː l	w iː l d	w iː l d	k ɹ̩ l	k ɹ̩ l d	k ɹ̩ l d	w iː l d	1	1	reg_d	reg_d	reg_d
final	p ʌ m p	p ʌ m p t	p ʌ m p t	t æ p	t æ p t	t æ p t	p ʌ m p t	1	1	reg_t	reg_t	reg_t
final	ɪ k s p ɛ k t	ɪ k s p ɛ k t ə d	ɪ k s p ɛ k t ə d	ɪ n s ɹ̩ t	ɪ n s ɹ̩ t ə d	ɪ n s ɹ̩ t ə d	ɪ k s p ɛ k t ə d	1	1	reg_əd	reg_əd	reg_əd
final	w a ɪ n d	w a ɪ n d ə d	w a ʊ n d	s p r ɛ d	s p r ɛ d	s p r ɛ d	w a ɪ n d	0	0	reg_əd	vowel_change	no_change
final	s k r ɪ b ə l	s k r ɪ b ə l d	s k r ɪ b ə b d	s m a ɪ l	s m a ɪ l d	s m a ɪ l d	s k r ɪ b ə l d	0	1	reg_d	coda_change	reg_d
final	r ɪ s p ɑː n d	r ɪ s p ɑː n d ə d	r ɪ s p ɑː n d ə d	k ɪ d	k ɪ d ə d	k ɪ d ə d	r ɪ s p ɑː n d ə d	1	1	reg_əd	reg_əd	reg_əd
final	r e ɪ z	r e ɪ z d	r e ɪ z d	s n iː z	s n iː z d	s n iː z d	r e ɪ z d	1	1	reg_d	reg_d	reg_d
final	ɡ ɪ ɡ ə l	ɡ ɪ ɡ ə l d	ɡ ɪ ɡ ə l d	b a ɪ s ɪ k ə l	b a ɪ s ɪ k ə l d	b a ɪ s ɪ k ə l d	ɡ ɪ ɡ ə l d	1	1	reg_d	reg_d	reg_d
final	b ɑː r o ʊ	b ɑː r o ʊ d	b ɑː r o ʊ d	o ʊ	o ʊ d	o ʊ d	b ɑː r o ʊ d	1	1	reg_d	reg_d	reg_d
final	s w ɑː l o ʊ	s w ɑː l o ʊ d	s w ɑː l o ʊ d	ə l a ʊ	ə l a ʊ d	ə l a ʊ d	s w ɑː l o ʊ d	1	1	reg_d	reg_d	reg_d
final	d ɑː r n	d ɑː r n d	d ɑː r n d	ɡ r o ʊ n	ɡ r o ʊ n d	ɡ r o ʊ n d	d ɑː r n d	1	1	reg_d	reg_d	reg_d
final	k ɑː p iː	k ɑː p iː d	k ɑː p ɑː p	h ɹ̩ iː	h ɹ̩ iː d	h ɹ̩ iː d	k ɑː p iː d	0	1	reg_d	other	reg_d
final	s k r e ɪ p	s k r e ɪ p t	s k r e ɪ p t	d͡ʒ ʌ m p	d͡ʒ ʌ m p t	d͡ʒ ʌ m p t	s k r e ɪ p t	1	1	reg_t	reg_t	reg_t
final	h o ʊ m	h o ʊ m d	h o ʊ m d	z uː m	z uː m d	z uː m d	h o ʊ m d	1	1	reg_d	reg_d	reg_d
final	f r iː	f r iː d	f r iː d	k iː	k iː d	k iː d	f r iː d	1	1	reg_d	reg_d	reg_d
final	b r a ɪ t ə n	b r a ɪ t ə n d	b r a ɪ t ə n d	f o ʊ n	f o ʊ n d	f o ʊ n d	b r a ɪ t ə n d	1	1	reg_d	reg_d	reg_d
final	ə r a ɪ v	ə r a ɪ v d	ə r a ɪ v d	d ɪ z ɹ̩ v	d ɪ z ɹ̩ v d	d ɪ z ɹ̩ v d	ə r a ɪ v d	1	1	reg_d	reg_d	reg_d
final	ɪ k s p l ɔ r	ɪ k s p l ɔ r d	ɪ k s p l ɔ r d	h iː r	h iː r d	h ɹ̩ d	ɪ k s p l ɔ r d	1	1	reg_d	reg_d	reg_d
final	p ɹ̩ s	p ɹ̩ s t	p ɹ̩ s t	ɡ ɛ s	ɡ ɛ s t	ɡ ɛ s t	p ɹ̩ s t	1	1	reg_t	reg_t	reg_t
final	t͡ʃ ɪ p	t͡ʃ ɪ p t	t͡ʃ ɪ p t	b ʌ m p	b ʌ m p t	b ʌ m p t	t͡ʃ ɪ p t	1	1	reg_t	reg_t	reg_t
final	b ɑː t ə l	b ɑː t ə l d	b ɑː t ə l d	t w ɹ̩ l	t w ɹ̩ l d	t w ɹ̩ l d	b ɑː t ə l d	1	1	reg_d	reg_d	reg_d
final	ə s o ʊ s iː e ɪ t	ə s o ʊ s iː e ɪ t ə d	ə s a ɪ s t ʊ d	p ʊ t	p ʊ t	p ʊ t	ə s o ʊ s iː e ɪ t	0	0	reg_əd	other	no_change
final	ɪ n s ɪ s t	ɪ n s ɪ s t ə d	ɪ n s ɪ s t ə d	t e ɪ s t	t e ɪ s t ə d	t e ɪ s t ə d	ɪ n s ɪ s t ə d	1	1	reg_əd	reg_əd	reg_əd
final	w iː	w iː d	w iː d	b ɪ z iː	b ɪ z iː d	b ɪ z iː d	w iː d	1	1	reg_d	reg_d	reg_d
final	ʃ ɔ r t ə n	ʃ ɔ r t ə n d	ʃ ɔ r t ə n d	o ʊ p ə n	o ʊ p ə n d	o ʊ p ə n d	ʃ ɔ r t ə n d	1	1	reg_d	reg_d	reg_d
final	ə n l ɑː k	ə n l ɑː k t	ə n l ɑː k t	t͡ʃ ɛ k	t͡ʃ ɛ k t	t͡ʃ ɛ k t	ə n l ɑː k t	1	1	reg_t	reg_t	reg_t
final	d ʌ b ə l	d ʌ b ə l d	d ʌ b ə l d	ɪ n h e ɪ l	ɪ n h e ɪ l d	ɪ n h e ɪ l d	d ʌ b ə l d	1	1	reg_d	reg_d	reg_d
final	m ɑː p	m ɑː p t	m ɑː p t	k iː p	k ɛ p t	k ɛ p t	NA	0	0	reg_t	reg_t	vowel_change_suffix
final	f ɛ t͡ʃ	f ɛ t͡ʃ t	f ɛ t͡ʃ t	t iː t͡ʃ	t ɔ t	t ɔ t	NA	0	0	reg_t	reg_t	rhyme_replaced
final	ʃ ɛ d	ʃ ɛ d ə d	ʃ ɛ d ə d	p r ə v a ɪ d	p r ə v a ɪ d ə d	p r ə v a ɪ d ə d	ʃ ɛ d ə d	1	1	reg_əd	reg_əd	reg_əd
final	t r æ p	t r æ p t	t r æ p t	s w uː p	s w uː p t	s w uː p t	t r æ p t	1	1	reg_t	reg_t	reg_t
final	b ɪ h e ɪ v	b ɪ h e ɪ v d	b ɪ h e ɪ v d	ɪ n v ɑː l v	ɪ n v ɑː l v d	ɪ n v ɑː l v d	b ɪ h e ɪ v d	1	1	reg_d	reg_d	reg_d
final	d ɪ l iː t	d ɪ l iː t ə d	d ɪ l iː t ə d	w ɔ n t	w ɔ n t ə d	w ɔ n t ə d	d ɪ l iː t ə d	1	1	reg_əd	reg_əd	reg_əd
final	p æ n	p æ n d	p æ n d	l iː n	l iː n d	l iː n d	p æ n d	1	1	reg_d	reg_d	reg_d
final	s k æ l ə p	s k æ l ə p t	s k æ l ə p t	ɪ s k e ɪ p	ɪ s k e ɪ p t	ɪ s k e ɪ p t	s k æ l ə p t	1	1	reg_t	reg_t	reg_t
final	n o ʊ t	n o ʊ t ə d	n o ʊ t ə d	t e ɪ s t	t e ɪ s t ə d	t e ɪ s t ə d	n o ʊ t ə d	1	1	reg_əd	reg_əd	reg_əd
final	p ɑː k ə t	p ɑː k ə t ə d	p ɑː k ə t ə d	p r ə t ɛ k t	p r ə t ɛ k t ə d	p r ə t ɛ k t ə d	p ɑː k ə t ə d	1	1	reg_əd	reg_əd	reg_əd
final	r ə f l ɛ k t	r ə f l ɛ k t ə d	r ə l ɛ k ɛ t ə d	s p ɪ t	s p æ t	s p æ t	NA	0	0	reg_əd	other	vowel_change
final	s t e ɪ t	s t e ɪ t ə d	s t e ɪ t ə d	m iː t	m ɛ t	m ɛ t	NA	0	0	reg_əd	reg_əd	vowel_change
final	p r a ɪ	p r a ɪ d	p r a ɪ d	o ʊ b e ɪ	o ʊ b e ɪ d	o ʊ b e ɪ d	p r a ɪ d	1	1	reg_d	reg_d	reg_d
final	ʃ uː	ʃ uː d	ʃ uː d	r ɛ s k j uː	r ɛ s k j uː d	r ɛ s k j uː d	ʃ uː d	1	1	reg_d	reg_d	reg_d
final	k ɑː n s ə n t r e ɪ t	k ɑː n s ə n t r e ɪ t ə d	k ə d	s ʌ f ə k e ɪ t	s ʌ f ə k e ɪ t ə d	s ʌ f ə k e ɪ t ə d	k ɑː n s ə n t r e ɪ t ə d	0	1	reg_əd	other	reg_əd
final	s ʌ f ɹ̩	s ʌ f ɹ̩ d	s ʌ f ɹ̩ d	ɔ r d ɹ̩	ɔ r d ɹ̩ d	ɔ r d ɹ̩ d	s ʌ f ɹ̩ d	1	1	reg_d	reg_d	reg_d
final	s ɪ z ə l	s ɪ z ə l d	s ɪ z ə l d	b æ b ə l	b æ b ə l d	b æ b ə l d	s ɪ z ə l d	1	1	reg_d	reg_d	reg_d
final	p r ə p o ʊ z	p r ə p o ʊ z d	p r ə p r ʊ z d	k ɑː z	k ɑː z d	k ɑː z d	p r ə p o ʊ z d	0	1	reg_d	other	reg_d
final	θ ɔ	θ ɔ d	θ ɔ d	s ɔ	s ɔ d	s ɔ d	θ ɔ d	1	1	reg_d	reg_d	reg_d
final	r ɪ l e ɪ t	r ɪ l e ɪ t ə d	r ɪ l e ɪ t ə d	p ʊ t	p ʊ t	p ʊ t	r ɪ l e ɪ t	0	0	reg_əd	reg_əd	no_change
final	t ɪ k	t ɪ k t	t ɪ k t	p æ k	p æ k t	p æ k t	t ɪ k t	1	1	reg_t	reg_t	reg_t
final	ɛ d͡ʒ	ɛ d͡ʒ d	ɛ d͡ʒ uː d͡ʒ uː d͡ʒ d	ɛ n k ɹ̩ ɪ d͡ʒ	ɛ n k ɹ̩ ɪ d͡ʒ d	ɛ n k ɹ̩ ɪ d͡ʒ d	ɛ d͡ʒ d	0	1	reg_d	other	reg_d
final	ɪ ɡ z ɪ s t	ɪ ɡ z ɪ s t ə d	ɪ ɡ æ s t	k r iː e ɪ t	k r iː e ɪ t ə d	k r iː e ɪ t ə d	ɪ ɡ z ɪ s t ə d	0	1	reg_əd	other	reg_əd
final	θ ɪ k ə n	θ ɪ k ə n d	θ ɪ k ə n d	ɡ e ɪ n	ɡ e ɪ n d	ɡ e ɪ n d	θ ɪ k ə n d	1	1	reg_d	reg_d	reg_d
final	r ɪ t ɹ̩ n	r ɪ t ɹ̩ n d	r ɪ t ɹ̩ n d	d ɪ s ə p l ə n	d ɪ s ə p l ə n d	d ɪ s ə p l ə n d	r ɪ t ɹ̩ n d	1	1	reg_d	reg_d	reg_d
final	t͡ʃ ɑː r d͡ʒ	t͡ʃ ɑː r d͡ʒ d	t͡ʃ ɑː r d͡ʒ d	s m ʌ d͡ʒ	s m ʌ d͡ʒ d	s m ʌ d͡ʒ d	t͡ʃ ɑː r d͡ʒ d	1	1	reg_d	reg_d	reg_d
final	s t o ʊ n	s t o ʊ n d	s t o ʊ n d	t͡ʃ ɪ k ə n	t͡ʃ ɪ k ə n d	t͡ʃ ɪ k ə n d	s t o ʊ n d	1	1	reg_d	reg_d	reg_d
final	w ɛ l k ə m	w ɛ l k ə m d	w ɛ l k ə m d	d r iː m	d r iː m d	d r iː m d	w ɛ l k ə m d	1	1	reg_d	reg_d	reg_d
majority	s iː	s ɔ	s iː d	t ɔ ɪ	t ɔ ɪ d	t ɔ ɪ d	s iː d	1	0	vowel_change	reg_d	reg_d
majority	ɡ ɛ t	ɡ ɑː t	ɡ ɛ t	t a ɪ m	t a ɪ m d	t a ɪ m d	ɡ ɛ t d	0	0	vowel_change	no_change	reg_d
majority	n ɑː k	n ɑː k t	n ɑː k t	s k ɛ r	s k ɛ r d	s k ɛ r d	n ɑː k d	0	0	reg_t	reg_t	reg_d
majority	θ ɪ ŋ k	θ ɔ t	θ ɪ ŋ k t	ɪ n h e ɪ l	ɪ n h e ɪ l d	ɪ n h e ɪ l d	θ ɪ ŋ k d	0	0	rhyme_replaced	reg_t	reg_d
majority	k l iː n	k l iː n d	k l iː n d	ɪ m p r ɪ z ə n	ɪ m p r ɪ z ə n d	ɪ m p r ɪ z ə n d	k l iː n d	1	1	reg_d	reg_d	reg_d
majority	b ɪ l iː v	b ɪ l iː v d	b ɪ l iː v d	ɛ n t ɹ̩ t e ɪ n	ɛ n t ɹ̩ t e ɪ n d	ɛ n t ɹ̩ t e ɪ n d	b ɪ l iː v d	1	1	reg_d	reg_d	reg_d
majority	ɡ ɪ v	ɡ e ɪ v	ɡ ɪ v d	p e ɪ	p e ɪ d	p e ɪ d	ɡ ɪ v d	1	0	vowel_change	reg_d	reg_d
majority	t e ɪ k	t ʊ k	t e ɪ k t	k r ɔ l	k r ɔ l d	k r ɔ l d	t e ɪ k d	0	0	vowel_change	reg_t	reg_d
majority	s t æ n d	s t ʊ d	s t æ n t ə d	r ɪ m ɛ m b ɹ̩	r ɪ m ɛ m b ɹ̩ d	r ɪ m ɛ m b ɹ̩ d	s t æ n d d	0	0	rhyme_replaced	other	reg_d
majority	j ɛ l	j ɛ l d	j ɛ l d	l e ɪ	l e ɪ d	l e ɪ d	j ɛ l d	1	1	reg_d	reg_d	reg_d
majority	f ɪ k s	f ɪ k s t	f ɪ k s t	f r a ɪ	f r a ɪ d	f r a ɪ d	f ɪ k s d	0	0	reg_t	reg_t	reg_d
majority	k l æ p	k l æ p t	k l æ p t	ə n t a ɪ	ə n t a ɪ d	ə n t a ɪ d	k l æ p d	0	0	reg_t	reg_t	reg_d
majority	r a ɪ m	r a ɪ m d	r o ʊ m	ʃ a ʊ ɹ̩	ʃ a ʊ ɹ̩ d	ʃ a ʊ ɹ̩ d	r a ɪ m d	0	1	reg_d	vowel_change	reg_d
majority	t ɛ l	t o ʊ l d	t ɛ l d	b ɑː r	b ɑː r d	b ɑː r d	t ɛ l d	1	0	vowel_change_suffix	reg_d	reg_d
majority	f ɔ l	f ɛ l	f ɔ l d	ʃ ɑː r p ə n	ʃ ɑː r p ə n d	ʃ ɑː r p ə n d	f ɔ l d	1	0	vowel_change	reg_d	reg_d
majority	r o ʊ l	r o ʊ l d	r o ʊ l d	p ɛ p ɹ̩	p ɛ p ɹ̩ d	p ɛ p ɹ̩ d	r o ʊ l d	1	1	reg_d	reg_d	reg_d
majority	k uː l	k uː l d	k uː l d	w ɔ r n	w ɔ r n d	w ɔ r n d	k uː l d	1	1	reg_d	reg_d	reg_d
majority	s ɪ ŋ	s æ ŋ	s æ ŋ	r ʌ b	r ʌ b d	r ʌ b d	s ɪ ŋ d	0	0	vowel_change	vowel_change	reg_d
majority	h o ʊ l d	h ɛ l d	h o ʊ l d	r ɪ m ɛ m b ɹ̩	r ɪ m ɛ m b ɹ̩ d	r ɪ m ɛ m b ɹ̩ d	h o ʊ l d d	0	0	vowel_change	no_change	reg_d
majority	d r ɛ s	d r ɛ s t	d r ɛ s t	t͡ʃ ɪ k ə n	t͡ʃ ɪ k ə n d	t͡ʃ ɪ k ə n d	d r ɛ s d	0	0	reg_t	reg_t	reg_d
majority	w e ɪ k	w o ʊ k	w e ɪ k t	t æ ŋ ɡ ə l	t æ ŋ ɡ ə l d	t æ ŋ ɡ ə l d	w e ɪ k d	0	0	vowel_change	reg_t	reg_d
majority	m uː v	m uː v d	m uː v d	s p ɔ ɪ l	s p ɔ ɪ l d	s p ɔ ɪ l d	m uː v d	1	1	reg_d	reg_d	reg_d
majority	b ɪ l d	b ɪ l t	b ɪ l d ə d	p l iː z	p l iː z d	p l iː z d	b ɪ l d d	0	0	coda_change	reg_əd	reg_d
majority	p uː p	p uː p t	p uː p t	b ʌ t ə n	b ʌ t ə n d	b ʌ t ə n d	p uː p d	0	0	reg_t	reg_t	reg_d
majority	k ɛ r	k ɛ r d	k ɛ r d	t ʌ ɡ	t ʌ ɡ d	t ʌ ɡ d	k ɛ r d	1	1	reg_d	reg_d	reg_d
majority	b ɛ r iː	b ɛ r iː d	b ɛ r iː d	k ɑː ŋ k ɹ̩	k ɑː ŋ k ɹ̩ d	k ɑː ŋ k ɹ̩ d	b ɛ r iː d	1	1	reg_d	reg_d	reg_d
majority	p æ n t	p æ n t ə d	p æ n t ə d	b ɪ l ɔ ŋ	b ɪ l ɔ ŋ d	b ɪ l ɔ ŋ d	p æ n t d	0	0	reg_əd	reg_əd	reg_d
majority	t ʌ k	t ʌ k t	t ʌ k t	h ɛ d͡ʒ	h ɛ d͡ʒ d	h ɛ d͡ʒ d	t ʌ k d	0	0	reg_t	reg_t	reg_d
majority	b ɑː ð ɹ̩	b ɑː ð ɹ̩ d	b ɑː r ɹ̩ d	w ɑː n d ɹ̩	w ɑː n d ɹ̩ d	w ɑː n d ɹ̩ d	b ɑː ð ɹ̩ d	0	1	reg_d	other	reg_d
majority	ɛ ɡ z ɪ t	ɛ ɡ z ɪ t ə d	ɛ z ɪ z t ə d	l ɔ ŋ	l ɔ ŋ d	l ɔ ŋ d	ɛ ɡ z ɪ t d	0	0	reg_əd	other	reg_d
majority	s t e ɪ	s t e ɪ d	s t e ɪ d	s t ɪ l	s t ɪ l d	s t ɪ l d	s t e ɪ d	1	1	reg_d	reg_d	reg_d
majority	w ʌ n d ɹ̩	w ʌ n d ɹ̩ d	w ʌ n d ɹ̩ d	k o ʊ m	k o ʊ m d	k o ʊ m d	w ʌ n d ɹ̩ d	1	1	reg_d	reg_d	reg_d
majority	d ɪ p	d ɪ p t	d ɪ p t	w ɑː n d ɹ̩	w ɑː n d ɹ̩ d	w ɑː n d ɹ̩ d	d ɪ p d	0	0	reg_t	reg_t	reg_d
majority	h ʌ ɡ	h ʌ ɡ d	h ʌ ɡ d	d ɪ l ɪ v ɹ̩	d ɪ l ɪ v ɹ̩ d	d ɪ l ɪ v ɹ̩ d	h ʌ ɡ d	1	1	reg_d	reg_d	reg_d
majority	v ɔ ɪ s	v ɔ ɪ s t	v ɔ ɪ s t	p ɑː r t iː	p ɑː r t iː d	p ɑː r t iː d	v ɔ ɪ s d	0	0	reg_t	reg_t	reg_d
majority	ə t æ t͡ʃ	ə t æ t͡ʃ t	ə t æ t͡ʃ t	b a ɪ s ɪ k ə l	b a ɪ s ɪ k ə l d	b a ɪ s ɪ k ə l d	ə t æ t͡ʃ d	0	0	reg_t	reg_t	reg_d
majority	s m ɛ l	s m ɛ l d	s m ɛ l d	p æ d ə l	p æ d ə l d	p æ d ə l d	s m ɛ l d	1	1	reg_d	reg_d	reg_d
majority	f ɪ n ɪ ʃ	f ɪ n ɪ ʃ t	f ɪ n	p æ d ə l	p æ d ə l d	p æ d ə l d	f ɪ n ɪ ʃ d	0	0	reg_t	other	reg_d
majority	t r ɑː t	t r ɑː t ə d	t r ɑː t ə d	ɪ n h e ɪ l	ɪ n h e ɪ l d	ɪ n h e ɪ l d	t r ɑː t d	0	0	reg_əd	reg_əd	reg_d
majority	b l ɛ s	b l ɛ s t	b l ɛ s t	h o ʊ l	h o ʊ l d	h o ʊ l d	b l ɛ s d	0	0	reg_t	reg_t	reg_d
majority	l ɛ d	l ɛ d ə d	l ɛ d ə d	h ɛ d͡ʒ	h ɛ d͡ʒ d	h ɛ d͡ʒ d	l ɛ d d	0	0	reg_əd	reg_əd	reg_d
majority	p r ɛ s	p r ɛ s t	p r ɛ s t	m ɛ n ʃ ə n	m ɛ n ʃ ə n d	m ɛ n ʃ ə n d	p r ɛ s d	0	0	reg_t	reg_t	reg_d
majority	ə n z ɪ p	ə n z ɪ p t	ə n z ɪ p t	t a ɪ t ə n	t a ɪ t ə n d	t a ɪ t ə n d	ə n z ɪ p d	0	0	reg_t	reg_t	reg_d
majority	f ɪ l t ɹ̩	f ɪ l t ɹ̩ d	f ɪ l t ɹ̩ d	b r a ʊ n	b r a ʊ n d	b r a ʊ n d	f ɪ l t ɹ̩ d	1	1	reg_d	reg_d	reg_d
majority	ʃ e ɪ v	ʃ e ɪ v d	ʃ e ɪ v d	ɡ ɑː r b ə l	ɡ ɑː r b ə l d	ɡ ɑː r b ə l d	ʃ e ɪ v d	1	1	reg_d	reg_d	reg_d
majority	k ɑː s t	k ɑː s t	k ɑː s t ə d	t æ ŋ ɡ ə l	t æ ŋ ɡ ə l d	t æ ŋ ɡ ə l d	k ɑː s t d	0	0	no_change	reg_əd	reg_d
majority	b r ʌ ʃ	b r ʌ ʃ t	b r ʌ ʃ t	p r uː v	p r uː v d	p r uː v d	b r ʌ ʃ d	0	0	reg_t	reg_t	reg_d
majority	l æ n d	l æ n d ə d	l æ n d ə d	t o ʊ	t o ʊ d	t o ʊ d	l æ n d d	0	0	reg_əd	reg_əd	reg_d
majority	s t ɛ p	s t ɛ p t	s t ɛ p t	t a ɪ t ə n	t a ɪ t ə n d	t a ɪ t ə n d	s t ɛ p d	0	0	reg_t	reg_t	reg_d
majority	m ɪ l k	m ɪ l k t	m ɪ l k t	s k æ n	s k æ n d	s k æ n d	m ɪ l k d	0	0	reg_t	reg_t	reg_d
majority	b ɛ s t	b ɛ s t ə d	b ɛ s t ə d	d ɪ s ə p l ə n	d ɪ s ə p l ə n d	d ɪ s ə p l ə n d	b ɛ s t d	0	0	reg_əd	reg_əd	reg_d
majority	m a ɪ n d	m a ɪ n d ə d	m a ʊ n d	r ə s iː v	r ə s iː v d	r ə s iː v d	m a ɪ n d d	0	0	reg_əd	vowel_change	reg_d
majority	w a ɪ t	w a ɪ t ə d	w a ɪ t	d ɑː k t ɹ̩	d ɑː k t ɹ̩ d	d ɑː k t ɹ̩ d	w a ɪ t d	0	0	reg_əd	no_change	reg_d
majority	m æ k s	m æ k s t	m æ k s t	r ɛ s k j uː	r ɛ s k j uː d	r ɛ s k j uː d	m æ k s d	0	0	reg_t	reg_t	reg_d
majority	r iː t͡ʃ	r iː t͡ʃ t	r iː t͡ʃ t	p ɛ r	p ɛ r d	p ɛ r d	r iː t͡ʃ d	0	0	reg_t	reg_t	reg_d
majority	h o ʊ p	h o ʊ p t	h o ʊ p t	s p ɛ l	s p ɛ l d	s p ɛ l d	h o ʊ p d	0	0	reg_t	reg_t	reg_d
majority	f o ʊ l d	f o ʊ l d ə d	f o ʊ l d	a ɪ ɹ̩ n	a ɪ ɹ̩ n d	a ɪ ɹ̩ n d	f o ʊ l d d	0	0	reg_əd	no_change	reg_d
majority	k l ɪ n t͡ʃ	k l ɪ n t͡ʃ t	k l ɪ n t͡ʃ t	h æ n d ə l	h æ n d ə l d	h æ n d ə l d	k l ɪ n t͡ʃ d	0	0	reg_t	reg_t	reg_d
majority	t r ɪ k	t r ɪ k t	t r ɪ k t	h o ʊ l	h o ʊ l d	h o ʊ l d	t r ɪ k d	0	0	reg_t	reg_t	reg_d
majority	b ɛ n d	b ɛ n d ə d	b ɛ n d ə d	p r uː v	p r uː v d	p r uː v d	b ɛ n d d	0	0	reg_əd	reg_əd	reg_d
majority	a ɪ d ɛ n t ə f a ɪ	a ɪ d ɛ n t ə f a ɪ d	a ʊ d	ɪ n ɪ ʃ ə l	ɪ n ɪ ʃ ə l d	ɪ n ɪ ʃ ə l d	a ɪ d ɛ n t ə f a ɪ d	0	1	reg_d	other	reg_d
majority	d͡ʒ ɔ ɪ n	d͡ʒ ɔ ɪ n d	d͡ʒ ɔ ɪ n d	r ə s iː v	r ə s iː v d	r ə s iː v d	d͡ʒ ɔ ɪ n d	1	1	reg_d	reg_d	reg_d
majority	k ə n f j uː z	k ə n f j uː z d	k ə f f j uː z d	l ɛ v ə l	l ɛ v ə l d	l ɛ v ə l d	k ə n f j uː z d	0	1	reg_d	other	reg_d
majority	b ɛ r	b o ʊ r	b ɛ r d	t͡ʃ ɪ l	t͡ʃ ɪ l d	t͡ʃ ɪ l d	b ɛ r d	1	0	vowel_change	reg_d	reg_d
majority	r ɛ s t	r ɛ s t ə d	r ɛ s t ə d	d r æ ɡ	d r æ ɡ d	d r æ ɡ d	r ɛ s t d	0	0	reg_əd	reg_əd	reg_d
majority	p iː	p iː d	p iː d	b æ t ə l	b æ t ə l d	b æ t ə l d	p iː d	1	1	reg_d	reg_d	reg_d
majority	ɡ r æ b	ɡ r æ b d	ɡ r æ b d	p æ m p ɹ̩	p æ m p ɹ̩ d	p æ m p ɹ̩ d	ɡ r æ b d	1	1	reg_d	reg_d	reg_d
majority	ə p r o ʊ t͡ʃ	ə p r o ʊ t͡ʃ t	ə p r o ʊ t͡ʃ t	p uː l	p uː l d	p uː l d	ə p r o ʊ t͡ʃ d	0	0	reg_t	reg_t	reg_d
majority	p iː l	p iː l d	p iː l d	d ɪ l ɪ v ɹ̩	d ɪ l ɪ v ɹ̩ d	d ɪ l ɪ v ɹ̩ d	p iː l d	1	1	reg_d	reg_d	reg_d
majority	m ɑː r t͡ʃ	m ɑː r t͡ʃ t	m ɑː r t͡ʃ t	w ɪ n	w ɪ n d	w ʌ n	m ɑː r t͡ʃ d	0	0	reg_t	reg_t	reg_d
majority	t æ k ə l	t æ k ə l d	t æ k ə l d	r ʌ b	r ʌ b d	r ʌ b d	t æ k ə l d	1	1	reg_d	reg_d	reg_d
majority	d ɪ ɡ	d ʌ ɡ	d ɪ ɡ d	k ɑː r v	k ɑː r v d	k ɑː r v d	d ɪ ɡ d	1	0	vowel_change	reg_d	reg_d
majority	s ɛ t ə l	s ɛ t ə l d	s ɛ t ə l d	w ɔ t ɹ̩	w ɔ t ɹ̩ d	w ɔ t ɹ̩ d	s ɛ t ə l d	1	1	reg_d	reg_d	reg_d
majority	ɪ ɡ n ɔ r	ɪ ɡ n ɔ r d	ɪ n ɔ n r d	b ʌ k ə l	b ʌ k ə l d	b ʌ k ə l d	ɪ ɡ n ɔ r d	0	1	reg_d	other	reg_d
majority	k ʌ v ɹ̩	k ʌ v ɹ̩ d	k ʌ v ɹ̩ d	s t iː r	s t iː r d	s t iː r d	k ʌ v ɹ̩ d	1	1	reg_d	reg_d	reg_d
majority	r ɑː t	r ɑː t ə d	r ɑː t	m ʌ m b ə l	m ʌ m b ə l d	m ʌ m b ə l d	r ɑː t d	0	0	reg_əd	no_change	reg_d
majority	f l æ t ɹ̩	f l æ t ɹ̩ d	f l æ t ɹ̩ d	h ɛ r iː	h ɛ r iː d	h ɛ r iː d	f l æ t ɹ̩ d	1	1	reg_d	reg_d	reg_d
majority	b ʌ b ə l	b ʌ b ə l d	b ʌ b ə l d	w æ ɡ	w æ ɡ d	w æ ɡ d	b ʌ b ə l d	1	1	reg_d	reg_d	reg_d
majority	k o ʊ ɑː p ɹ̩ e ɪ t	k o ʊ ɑː p ɹ̩ e ɪ t ə d	k ɑː p ɹ̩ e ɪ p j ə d	r ə f ɹ̩	r ə f ɹ̩ d	r ə f ɹ̩ d	k o ʊ ɑː p ɹ̩ e ɪ t d	0	0	reg_əd	other	reg_d
majority	ɡ r iː n	ɡ r iː n d	ɡ r iː n d	r ɪ l iː v	r ɪ l iː v d	r ɪ l iː v d	ɡ r iː n d	1	1	reg_d	reg_d	reg_d
majority	r e ɪ s	r e ɪ s t	r e ɪ s t	o ʊ	o ʊ d	o ʊ d	r e ɪ s d	0	0	reg_t	reg_t	reg_d
majority	d æ n s	d æ n s t	d æ n s t	p ɛ r	p ɛ r d	p ɛ r d	d æ n s d	0	0	reg_t	reg_t	reg_d
majority	p r ɑː d͡ʒ ɛ k t	p r ɑː d͡ʒ ɛ k t ə d	p r ɑː d͡ʒ ɛ k t ə d	ə p o ʊ z	ə p o ʊ z d	ə p o ʊ z d	p r ɑː d͡ʒ ɛ k t d	0	0	reg_əd	reg_əd	reg_d
majority	b ɛ ɡ	b ɛ ɡ d	b ɛ ɡ d	b ɛ t ɹ̩	b ɛ t ɹ̩ d	b ɛ t ɹ̩ d	b ɛ ɡ d	1	1	reg_d	reg_d	reg_d
majority	s ɹ̩ v ɪ s	s ɹ̩ v ɪ s t	s ɹ̩ v ɪ s t	ʃ o ʊ	ʃ o ʊ d	ʃ o ʊ d	s ɹ̩ v ɪ s d	0	0	reg_t	reg_t	reg_d
majority	r ɛ p r ə z ɛ n t	r ɛ p r ə z ɛ n t ə d	r ɛ p r ɛ p ɛ r ə n d	w ɪ s p ɹ̩	w ɪ s p ɹ̩ d	w ɪ s p ɹ̩ d	r ɛ p r ə z ɛ n t d	0	0	reg_əd	other	reg_d
majority	ɪ m ɹ̩ d͡ʒ	ɪ m ɹ̩ d͡ʒ d	ɪ m ɹ̩ d͡ʒ d	ɡ o ʊ	ɡ o ʊ d	w ɛ n t	ɪ m ɹ̩ d͡ʒ d	1	1	reg_d	reg_d	reg_d
majority	b ɔ ɪ l	b ɔ ɪ l d	b ɔ ɪ l d	k ɪ l	k ɪ l d	k ɪ l d	b ɔ ɪ l d	1	1	reg_d	reg_d	reg_d
majority	p ɹ̩ f ɛ k t	p ɹ̩ f ɛ k t ə d	p ɹ̩ d	s k w iː z	s k w iː z d	s k w iː z d	p ɹ̩ f ɛ k t d	0	0	reg_əd	other	reg_d
majority	r a ɪ z	r o ʊ z	r o ʊ z d	s k w ɛ r	s k w ɛ r d	s k w ɛ r d	r a ɪ z d	0	0	vowel_change	vowel_change_suffix	reg_d
majority	s k r iː n	s k r iː n d	s k r iː n d	d r ɪ b ə l	d r ɪ b ə l d	d r ɪ b ə l d	s k r iː n d	1	1	reg_d	reg_d	reg_d
majority	t r e ɪ n	t r e ɪ n d	t r e ɪ n d	p ɔ r	p ɔ r d	p ɔ r d	t r e ɪ n d	1	1	reg_d	reg_d	reg_d
majority	s o ʊ	s o ʊ d	s o ʊ d	k iː	k iː d	k iː d	s o ʊ d	1	1	reg_d	reg_d	reg_d
majority	f e ɪ s	f e ɪ s t	f e ɪ s t	f a ɪ ɹ̩	f a ɪ ɹ̩ d	f a ɪ ɹ̩ d	f e ɪ s d	0	0	reg_t	reg_t	reg_d
majority	s t ʌ d iː	s t ʌ d iː d	s t ʌ d	s k w iː z	s k w iː z d	s k w iː z d	s t ʌ d iː d	0	1	reg_d	other	reg_d
majority	b l ɑː t	b l ɑː t ə d	b l ɑː t ə d	ɡ r o ʊ n	ɡ r o ʊ n d	ɡ r o ʊ n d	b l ɑː t d	0	0	reg_əd	reg_əd	reg_d
majority	m e ɪ l	m e ɪ l d	m e ɪ l d	b a ɪ s ɪ k ə l	b a ɪ s ɪ k ə l d	b a ɪ s ɪ k ə l d	m e ɪ l d	1	1	reg_d	reg_d	reg_d
majority	k l ɪ ŋ	k l ʌ ŋ	k l ɪ ŋ d	p ɑː r d ə n	p ɑː r d ə n d	p ɑː r d ə n d	k l ɪ ŋ d	1	0	vowel_change	reg_d	reg_d
majority	p l ʌ ɡ	p l ʌ ɡ d	p l ʌ ɡ d	r iː s k ɛ d͡ʒ uː l	r iː s k ɛ d͡ʒ uː l d	r iː s k ɛ d͡ʒ uː l d	p l ʌ ɡ d	1	1	reg_d	reg_d	reg_d
majority	p r e ɪ	p r e ɪ d	p r e ɪ d	f ɑː l o ʊ	f ɑː l o ʊ d	f ɑː l o ʊ d	p r e ɪ d	1	1	reg_d	reg_d	reg_d
majority	f l o ʊ	f l o ʊ d	f l uː	s k w ɛ r	s k w ɛ r d	s k w ɛ r d	f l o ʊ d	0	1	reg_d	vowel_change	reg_d
majority	r iː m a ɪ n d	r iː m a ɪ n d ə d	r iː a ɪ n d	t ʌ ɡ	t ʌ ɡ d	t ʌ ɡ d	r iː m a ɪ n d d	0	0	reg_əd	other	reg_d
majority	ɛ l b o ʊ	ɛ l b o ʊ d	ɛ l o ʊ o ʊ d	k r a ɪ	k r a ɪ d	k r a ɪ d	ɛ l b o ʊ d	0	1	reg_d	other	reg_d
majority	f r iː z	f r o ʊ z	f r iː z d	b ʌ ɡ	b ʌ ɡ d	b ʌ ɡ d	f r iː z d	1	0	vowel_change	reg_d	reg_d
majority	m ɪ m ɪ k	m ɪ m ɪ k t	m ɪ m ɪ k	t o ʊ	t o ʊ d	t o ʊ d	m ɪ m ɪ k d	0	0	reg_t	no_change	reg_d
majority	w iː l	w iː l d	w iː l d	ɪ n h e ɪ l	ɪ n h e ɪ l d	ɪ n h e ɪ l d	w iː l d	1	1	reg_d	reg_d	reg_d
majority	p ʌ m p	p ʌ m p t	p ʌ m p t	p ɑː r t iː	p ɑː r t iː d	p ɑː r t iː d	p ʌ m p d	0	0	reg_t	reg_t	reg_d
majority	ɪ k s p ɛ k t	ɪ k s p ɛ k t ə d	ɪ k s p ɛ k t ə d	r ɛ s k j uː	r ɛ s k j uː d	r ɛ s k j uː d	ɪ k s p ɛ k t d	0	0	reg_əd	reg_əd	reg_d
majority	w a ɪ n d	w a ɪ n d ə d	w a ʊ n d	k o ʊ m	k o ʊ m d	k o ʊ m d	w a ɪ n d d	0	0	reg_əd	vowel_change	reg_d
majority	s k r ɪ b ə l	s k r ɪ b ə l d	s k r ɪ b ə b d	m æ t ɹ̩	m æ t ɹ̩ d	m æ t ɹ̩ d	s k r ɪ b ə l d	0	1	reg_d	coda_change	reg_d
majority	r ɪ s p ɑː n d	r ɪ s p ɑː n d ə d	r ɪ s p ɑː n d ə d	ɔ r d ɹ̩	ɔ r d ɹ̩ d	ɔ r d ɹ̩ d	r ɪ s p ɑː n d d	0	0	reg_əd	reg_əd	reg_d
majority	r e ɪ z	r e ɪ z d	r e ɪ z d	n ʌ m b ɹ̩	n ʌ m b ɹ̩ d	n ʌ m b ɹ̩ d	r e ɪ z d	1	1	reg_d	reg_d	reg_d
majority	ɡ ɪ ɡ ə l	ɡ ɪ ɡ ə l d	ɡ ɪ ɡ ə l d	k o ʊ m	k o ʊ m d	k o ʊ m d	ɡ ɪ ɡ ə l d	1	1	reg_d	reg_d	reg_d
majority	b ɑː r o ʊ	b ɑː r o ʊ d	b ɑː r o ʊ d	h æ p ə n	h æ p ə n d	h æ p ə n d	b ɑː r o ʊ d	1	1	reg_d	reg_d	reg_d
majority	s w ɑː l o ʊ	s w ɑː l o ʊ d	s w ɑː l o ʊ d	t͡ʃ uː	t͡ʃ uː d	t͡ʃ uː d	s w ɑː l o ʊ d	1	1	reg_d	reg_d	reg_d
majority	d ɑː r n	d ɑː r n d	d ɑː r n d	s m a ɪ l	s m a ɪ l d	s m a ɪ l d	d ɑː r n d	1	1	reg_d	reg_d	reg_d
majority	k ɑː p iː	k ɑː p iː d	k ɑː p ɑː p	l iː n	l iː n d	l iː n d	k ɑː p iː d	0	1	reg_d	other	reg_d
majority	s k r e ɪ p	s k r e ɪ p t	s k r e ɪ p t	w e ɪ v	w e ɪ v d	w e ɪ v d	s k r e ɪ p d	0	0	reg_t	reg_t	reg_d
majority	h o ʊ m	h o ʊ m d	h o ʊ m d	ɪ k s p l e ɪ n	ɪ k s p l e ɪ n d	ɪ k s p l e ɪ n d	h o ʊ m d	1	1	reg_d	reg_d	reg_d
majority	f r iː	f r iː d	f r iː d	n ɪ b ə l	n ɪ b ə l d	n ɪ b ə l d	f r iː d	1	1	reg_d	reg_d	reg_d
majority	b r a ɪ t ə n	b r a ɪ t ə n d	b r a ɪ t ə n d	ɡ r o ʊ n	ɡ r o ʊ n d	ɡ r o ʊ n d	b r a ɪ t ə n d	1	1	reg_d	reg_d	reg_d
majority	ə r a ɪ v	ə r a ɪ v d	ə r a ɪ v d	o ʊ b e ɪ	o ʊ b e ɪ d	o ʊ b e ɪ d	ə r a ɪ v d	1	1	reg_d	reg_d	reg_d
majority	ɪ k s p l ɔ r	ɪ k s p l ɔ r d	ɪ k s p l ɔ r d	f l a ʊ ɹ̩	f l a ʊ ɹ̩ d	f l a ʊ ɹ̩ d	ɪ k s p l ɔ r d	1	1	reg_d	reg_d	reg_d
majority	p ɹ̩ s	p ɹ̩ s t	p ɹ̩ s t	j uː z	j uː z d	j uː z d	p ɹ̩ s d	0	0	reg_t	reg_t	reg_d
majority	t͡ʃ ɪ p	t͡ʃ ɪ p t	t͡ʃ ɪ p t	ə p ɑː l ə d͡ʒ a ɪ z	ə p ɑː l ə d͡ʒ a ɪ z d	ə p ɑː l ə d͡ʒ a ɪ z d	t͡ʃ ɪ p d	0	0	reg_t	reg_t	reg_d
majority	b ɑː t ə l	b ɑː t ə l d	b ɑː t ə l d	iː v ɪ n	iː v ɪ n d	iː v ɪ n d	b ɑː t ə l d	1	1	reg_d	reg_d	reg_d
majority	ə s o ʊ s iː e ɪ t	ə s o ʊ s iː e ɪ t ə d	ə s a ɪ s t ʊ d	r ɪ m ɛ m b ɹ̩	r ɪ m ɛ m b ɹ̩ d	r ɪ m ɛ m b ɹ̩ d	ə s o ʊ s iː e ɪ t d	0	0	reg_əd	other	reg_d
majority	ɪ n s ɪ s t	ɪ n s ɪ s t ə d	ɪ n s ɪ s t ə d	t ɹ̩ n	t ɹ̩ n d	t ɹ̩ n d	ɪ n s ɪ s t d	0	0	reg_əd	reg_əd	reg_d
majority	w iː	w iː d	w iː d	w uː	w uː d	w uː d	w iː d	1	1	reg_d	reg_d	reg_d
majority	ʃ ɔ r t ə n	ʃ ɔ r t ə n d	ʃ ɔ r t ə n d	l ɹ̩ n	l ɹ̩ n d	l ɹ̩ n d	ʃ ɔ r t ə n d	1	1	reg_d	reg_d	reg_d
majority	ə n l ɑː k	ə n l ɑː k t	ə n l ɑː k t	m ɛ r iː	m ɛ r iː d	m ɛ r iː d	ə n l ɑː k d	0	0	reg_t	reg_t	reg_d
majority	d ʌ b ə l	d ʌ b ə l d	d ʌ b ə l d	r iː f j uː ə l	r iː f j uː ə l d	r iː f j uː ə l d	d ʌ b ə l d	1	1	reg_d	reg_d	reg_d
majority	m ɑː p	m ɑː p t	m ɑː p t	p ɛ r	p ɛ r d	p ɛ r d	m ɑː p d	0	0	reg_t	reg_t	reg_d
majority	f ɛ t͡ʃ	f ɛ t͡ʃ t	f ɛ t͡ʃ t	l ʌ v	l ʌ v d	l ʌ v d	f ɛ t͡ʃ d	0	0	reg_t	reg_t	reg_d
majority	ʃ ɛ d	ʃ ɛ d ə d	ʃ ɛ d ə d	ɛ n t ɹ̩ t e ɪ n	ɛ n t ɹ̩ t e ɪ n d	ɛ n t ɹ̩ t e ɪ n d	ʃ ɛ d d	0	0	reg_əd	reg_əd	reg_d
majority	t r æ p	t r æ p t	t r æ p t	ə b æ n d ə n	ə b æ n d ə n d	ə b æ n d ə n d	t r æ p d	0	0	reg_t	reg_t	reg_d
majority	b ɪ h e ɪ v	b ɪ h e ɪ v d	b ɪ h e ɪ v d	r ɪ k ɔ l	r ɪ k ɔ l d	r ɪ k ɔ l d	b ɪ h e ɪ v d	1	1	reg_d	reg_d	reg_d
majority	d ɪ l iː t	d ɪ l iː t ə d	d ɪ l iː t ə d	s iː m	s iː m d	s iː m d	d ɪ l iː t d	0	0	reg_əd	reg_əd	reg_d
majority	p æ n	p æ n d	p æ n d	m æ n	m æ n d	m æ n d	p æ n d	1	1	reg_d	reg_d	reg_d
majority	s k æ l ə p	s k æ l ə p t	s k æ l ə p t	t e ɪ b ə l	t e ɪ b ə l d	t e ɪ b ə l d	s k æ l ə p d	0	0	reg_t	reg_t	reg_d
majority	n o ʊ t	n o ʊ t ə d	n o ʊ t ə d	b ʌ t ɹ̩	b ʌ t ɹ̩ d	b ʌ t ɹ̩ d	n o ʊ t d	0	0	reg_əd	reg_əd	reg_d
majority	p ɑː k ə t	p ɑː k ə t ə d	p ɑː k ə t ə d	r ɪ p l a ɪ	r ɪ p l a ɪ d	r ɪ p l a ɪ d	p ɑː k ə t d	0	0	reg_əd	reg_əd	reg_d
majority	r ə f l ɛ k t	r ə f l ɛ k t ə d	r ə l ɛ k ɛ t ə d	ʃ ʌ t ə l	ʃ ʌ t ə l d	ʃ ʌ t ə l d	r ə f l ɛ k t d	0	0	reg_əd	other	reg_d
majority	s t e ɪ t	s t e ɪ t ə d	s t e ɪ t ə d	d ɔ ɡ	d ɔ ɡ d	d ɔ ɡ d	s t e ɪ t d	0	0	reg_əd	reg_əd	reg_d
majority	p r a ɪ	p r a ɪ d	p r a ɪ d	a ɪ	a ɪ d	a ɪ d	p r a ɪ d	1	1	reg_d	reg_d	reg_d
majority	ʃ uː	ʃ uː d	ʃ uː d	w ɹ̩ iː	w ɹ̩ iː d	w ɹ̩ iː d	ʃ uː d	1	1	reg_d	reg_d	reg_d
majority	k ɑː n s ə n t r e ɪ t	k ɑː n s ə n t r e ɪ t ə d	k ə d	k o ʊ m	k o ʊ m d	k o ʊ m d	k ɑː n s ə n t r e ɪ t d	0	0	reg_əd	other	reg_d
majority	s ʌ f ɹ̩	s ʌ f ɹ̩ d	s ʌ f ɹ̩ d	ə b æ n d ə n	ə b æ n d ə n d	ə b æ n d ə n d	s ʌ f ɹ̩ d	1	1	reg_d	reg_d	reg_d
majority	s ɪ z ə l	s ɪ z ə l d	s ɪ z ə l d	w e ɪ v	w e ɪ v d	w e ɪ v d	s ɪ z ə l d	1	1	reg_d	reg_d	reg_d
majority	p r ə p o ʊ z	p r ə p o ʊ z d	p r ə p r ʊ z d	h ɛ r iː	h ɛ r iː d	h ɛ r iː d	p r ə p o ʊ z d	0	1	reg_d	other	reg_d
majority	θ ɔ	θ ɔ d	θ ɔ d	ə n t a ɪ	ə n t a ɪ d	ə n t a ɪ d	θ ɔ d	1	1	reg_d	reg_d	reg_d
majority	r ɪ l e ɪ t	r ɪ l e ɪ t ə d	r ɪ l e ɪ t ə d	p æ m p ɹ̩	p æ m p ɹ̩ d	p æ m p ɹ̩ d	r ɪ l e ɪ t d	0	0	reg_əd	reg_əd	reg_d
majority	t ɪ k	t ɪ k t	t ɪ k t	h o ʊ l	h o ʊ l d	h o ʊ l d	t ɪ k d	0	0	reg_t	reg_t	reg_d
majority	ɛ d͡ʒ	ɛ d͡ʒ d	ɛ d͡ʒ uː d͡ʒ uː d͡ʒ d	ʃ ʌ v	ʃ ʌ v d	ʃ ʌ v d	ɛ d͡ʒ d	0	1	reg_d	other	reg_d
majority	ɪ ɡ z ɪ s t	ɪ ɡ z ɪ s t ə d	ɪ ɡ æ s t	k l a ɪ m	k l a ɪ m d	k l a ɪ m d	ɪ ɡ z ɪ s t d	0	0	reg_əd	other	reg_d
majority	θ ɪ k ə n	θ ɪ k ə n d	θ ɪ k ə n d	w ɪ s p ɹ̩	w ɪ s p ɹ̩ d	w ɪ s p ɹ̩ d	θ ɪ k ə n d	1	1	reg_d	reg_d	reg_d
majority	r ɪ t ɹ̩ n	r ɪ t ɹ̩ n d	r ɪ t ɹ̩ n d	p e ɪ d͡ʒ	p e ɪ d͡ʒ d	p e ɪ d͡ʒ d	r ɪ t ɹ̩ n d	1	1	reg_d	reg_d	reg_d
majority	t͡ʃ ɑː r d͡ʒ	t͡ʃ ɑː r d͡ʒ d	t͡ʃ ɑː r d͡ʒ d	ʃ ɛ l	ʃ ɛ l d	ʃ ɛ l d	t͡ʃ ɑː r d͡ʒ d	1	1	reg_d	reg_d	reg_d
majority	s t o ʊ n	s t o ʊ n d	s t o ʊ n d	s t r e ɪ n	s t r e ɪ n d	s t r e ɪ n d	s t o ʊ n d	1	1	reg_d	reg_d	reg_d
majority	w ɛ l k ə m	w ɛ l k ə m d	w ɛ l k ə m d	w ɪ l	w ɪ l d	w ɪ l d	w ɛ l k ə m d	1	1	reg_d	reg_d	reg_d
random	s iː	s ɔ	s iː d	t r ʌ k	t r ʌ k t	t r ʌ k t	s iː t	0	0	vowel_change	reg_d	reg_t
random	ɡ ɛ t	ɡ ɑː t	ɡ ɛ t	m æ t͡ʃ	m æ t͡ʃ t	m æ t͡ʃ t	ɡ ɛ t t	0	0	vowel_change	no_change	reg_t
random	n ɑː k	n ɑː k t	n ɑː k t	t ɔ ɪ	t ɔ ɪ d	t ɔ ɪ d	n ɑː k d	0	0	reg_t	reg_t	reg_d
random	θ ɪ ŋ k	θ ɔ t	θ ɪ ŋ k t	k ʌ d ə l	k ʌ d ə l d	k ʌ d ə l d	θ ɪ ŋ k d	0	0	rhyme_replaced	reg_t	reg_d
random	k l iː n	k l iː n d	k l iː n d	s k r ʌ b	s k r ʌ b d	s k r ʌ b d	k l iː n d	1	1	reg_d	reg_d	reg_d
random	b ɪ l iː v	b ɪ l iː v d	b ɪ l iː v d	t o ʊ s t	t o ʊ s t ə d	t o ʊ s t ə d	b ɪ l iː v ə d	0	0	reg_d	reg_d	reg_əd
random	ɡ ɪ v	ɡ e ɪ v	ɡ ɪ v d	p uː l	p uː l d	p uː l d	ɡ ɪ v d	1	0	vowel_change	reg_d	reg_d
random	t e ɪ k	t ʊ k	t e ɪ k t	b l ʌ d	b l ʌ d ə d	b l ʌ d ə d	t e ɪ k ə d	0	0	vowel_change	reg_t	reg_əd
random	s t æ n d	s t ʊ d	s t æ n t ə d	f ɪ l	f ɪ l d	f ɪ l d	s t æ n d d	0	0	rhyme_replaced	other	reg_d
random	j ɛ l	j ɛ l d	j ɛ l d	m ʌ m b ə l	m ʌ m b ə l d	m ʌ m b ə l d	j ɛ l d	1	1	reg_d	reg_d	reg_d
random	f ɪ k s	f ɪ k s t	f ɪ k s t	r iː d	r iː d	r ɛ d	f ɪ k s	0	0	reg_t	reg_t	no_change
random	k l æ p	k l æ p t	k l æ p t	d r ɪ l	d r ɪ l d	d r ɪ l d	k l æ p d	0	0	reg_t	reg_t	reg_d
random	r a ɪ m	r a ɪ m d	r o ʊ m	s k w ɑː ʃ	s k w ɑː ʃ t	s k w ɑː ʃ t	r a ɪ m t	0	0	reg_d	vowel_change	reg_t
random	t ɛ l	t o ʊ l d	t ɛ l d	k r a ʊ d	k r a ʊ d ə d	k r a ʊ d ə d	t ɛ l ə d	0	0	vowel_change_suffix	reg_d	reg_əd
random	f ɔ l	f ɛ l	f ɔ l d	o ʊ n	o ʊ n d	o ʊ n d	f ɔ l d	1	0	vowel_change	reg_d	reg_d
random	r o ʊ l	r o ʊ l d	r o ʊ l d	s t r a ɪ p	s t r a ɪ p t	s t r a ɪ p t	r o ʊ l t	0	0	reg_d	reg_d	reg_t
random	k uː l	k uː l d	k uː l d	p r ɑː m ə s	p r ɑː m ə s t	p r ɑː m ə s t	k uː l t	0	0	reg_d	reg_d	reg_t
random	s ɪ ŋ	s æ ŋ	s æ ŋ	s l a ɪ s	s l a ɪ s t	s l a ɪ s t	s ɪ ŋ t	0	0	vowel_change	vowel_change	reg_t
random	h o ʊ l d	h ɛ l d	h o ʊ l d	d ɪ s ə p l ə n	d ɪ s ə p l ə n d	d ɪ s ə p l ə n d	h o ʊ l d d	0	0	vowel_change	no_change	reg_d
random	d r ɛ s	d r ɛ s t	d r ɛ s t	s t ɪ ŋ k	s t ʌ ŋ k	s t ʌ ŋ k	NA	0	0	reg_t	reg_t	vowel_change
random	w e ɪ k	w o ʊ k	w e ɪ k t	s t ɪ l	s t ɪ l d	s t ɪ l d	w e ɪ k d	0	0	vowel_change	reg_t	reg_d
random	m uː v	m uː v d	m uː v d	r iː d	r iː d	r ɛ d	m uː v	0	0	reg_d	reg_d	no_change
random	b ɪ l d	b ɪ l t	b ɪ l d ə d	k o ʊ m	k o ʊ m d	k o ʊ m d	b ɪ l d d	0	0	coda_change	reg_əd	reg_d
random	p uː p	p uː p t	p uː p t	m ɛ l t	m ɛ l t ə d	m ɛ l t ə d	p uː p ə d	0	0	reg_t	reg_t	reg_əd
random	k ɛ r	k ɛ r d	k ɛ r d	ɪ n s ɹ̩ t	ɪ n s ɹ̩ t ə d	ɪ n s ɹ̩ t ə d	k ɛ r ə d	0	0	reg_d	reg_d	reg_əd
random	b ɛ r iː	b ɛ r iː d	b ɛ r iː d	s t ɛ r	s t ɛ r d	s t ɛ r d	b ɛ r iː d	1	1	reg_d	reg_d	reg_d
random	p æ n t	p æ n t ə d	p æ n t ə d	t a ɪ p	t a ɪ p t	t a ɪ p t	p æ n t t	0	0	reg_əd	reg_əd	reg_t
random	t ʌ k	t ʌ k t	t ʌ k t	b æ b ə l	b æ b ə l d	b æ b ə l d	t ʌ k d	0	0	reg_t	reg_t	reg_d
random	b ɑː ð ɹ̩	b ɑː ð ɹ̩ d	b ɑː r ɹ̩ d	b a ɪ k	b a ɪ k t	b a ɪ k t	b ɑː ð ɹ̩ t	0	0	reg_d	other	reg_t
random	ɛ ɡ z ɪ t	ɛ ɡ z ɪ t ə d	ɛ z ɪ z t ə d	p æ k	p æ k t	p æ k t	ɛ ɡ z ɪ t t	0	0	reg_əd	other	reg_t
random	s t e ɪ	s t e ɪ d	s t e ɪ d	ə p o ʊ z	ə p o ʊ z d	ə p o ʊ z d	s t e ɪ d	1	1	reg_d	reg_d	reg_d
random	w ʌ n d ɹ̩	w ʌ n d ɹ̩ d	w ʌ n d ɹ̩ d	iː v ɪ n	iː v ɪ n d	iː v ɪ n d	w ʌ n d ɹ̩ d	1	1	reg_d	reg_d	reg_d
random	d ɪ p	d ɪ p t	d ɪ p t	ɪ n v e ɪ d	ɪ n v e ɪ d ə d	ɪ n v e ɪ d ə d	d ɪ p ə d	0	0	reg_t	reg_t	reg_əd
random	h ʌ ɡ	h ʌ ɡ d	h ʌ ɡ d	f ʌ s	f ʌ s t	f ʌ s t	h ʌ ɡ t	0	0	reg_d	reg_d	reg_t
random	v ɔ ɪ s	v ɔ ɪ s t	v ɔ ɪ s t	w ɪ l	w ɪ l d	w ɪ l d	v ɔ ɪ s d	0	0	reg_t	reg_t	reg_d
random	ə t æ t͡ʃ	ə t æ t͡ʃ t	ə t æ t͡ʃ t	k æ r iː	k æ r iː d	k æ r iː d	ə t æ t͡ʃ d	0	0	reg_t	reg_t	reg_d
random	s m ɛ l	s m ɛ l d	s m ɛ l d	w e ɪ	w e ɪ d	w e ɪ d	s m ɛ l d	1	1	reg_d	reg_d	reg_d
random	f ɪ n ɪ ʃ	f ɪ n ɪ ʃ t	f ɪ n	t w ɹ̩ l	t w ɹ̩ l d	t w ɹ̩ l d	f ɪ n ɪ ʃ d	0	0	reg_t	other	reg_d
random	t r ɑː t	t r ɑː t ə d	t r ɑː t ə d	s k w iː z	s k w iː z d	s k w iː z d	t r ɑː t d	0	0	reg_əd	reg_əd	reg_d
random	b l ɛ s	b l ɛ s t	b l ɛ s t	t ɪ p	t ɪ p t	t ɪ p t	b l ɛ s t	1	1	reg_t	reg_t	reg_t
random	l ɛ d	l ɛ d ə d	l ɛ d ə d	t ɪ p	t ɪ p t	t ɪ p t	l ɛ d t	0	0	reg_əd	reg_əd	reg_t
random	p r ɛ s	p r ɛ s t	p r ɛ s t	b uː m	b uː m d	b uː m d	p r ɛ s d	0	0	reg_t	reg_t	reg_d
random	ə n z ɪ p	ə n z ɪ p t	ə n z ɪ p t	t r æ k	t r æ k t	t r æ k t	ə n z ɪ p t	1	1	reg_t	reg_t	reg_t
random	f ɪ l t ɹ̩	f ɪ l t ɹ̩ d	f ɪ l t ɹ̩ d	ə p o ʊ z	ə p o ʊ z d	ə p o ʊ z d	f ɪ l t ɹ̩ d	1	1	reg_d	reg_d	reg_d
random	ʃ e ɪ v	ʃ e ɪ v d	ʃ e ɪ v d	ɪ k s p l e ɪ n	ɪ k s p l e ɪ n d	ɪ k s p l e ɪ n d	ʃ e ɪ v d	1	1	reg_d	reg_d	reg_d
random	k ɑː s t	k ɑː s t	k ɑː s t ə d	t w ɪ s t	t w ɪ s t ə d	t w ɪ s t ə d	k ɑː s t ə d	1	0	no_change	reg_əd	reg_əd
random	b r ʌ ʃ	b r ʌ ʃ t	b r ʌ ʃ t	f o ʊ k ə s	f o ʊ k ə s t	f o ʊ k ə s t	b r ʌ ʃ t	1	1	reg_t	reg_t	reg_t
random	l æ n d	l æ n d ə d	l æ n d ə d	d ɪ s t r æ k t	d ɪ s t r æ k t ə d	d ɪ s t r æ k t ə d	l æ n d ə d	1	1	reg_əd	reg_əd	reg_əd
random	s t ɛ p	s t ɛ p t	s t ɛ p t	m ɛ l t	m ɛ l t ə d	m ɛ l t ə d	s t ɛ p ə d	0	0	reg_t	reg_t	reg_əd
random	m ɪ l k	m ɪ l k t	m ɪ l k t	s n ɑː r ə l	s n ɑː r ə l d	s n ɑː r ə l d	m ɪ l k d	0	0	reg_t	reg_t	reg_d
random	b ɛ s t	b ɛ s t ə d	b ɛ s t ə d	t æ ɡ	t æ ɡ d	t æ ɡ d	b ɛ s t d	0	0	reg_əd	reg_əd	reg_d
random	m a ɪ n d	m a ɪ n d ə d	m a ʊ n d	s ɪ p	s ɪ p t	s ɪ p t	m a ɪ n d t	0	0	reg_əd	vowel_change	reg_t
random	w a ɪ t	w a ɪ t ə d	w a ɪ t	t w ɪ s t	t w ɪ s t ə d	t w ɪ s t ə d	w a ɪ t ə d	0	1	reg_əd	no_change	reg_əd
random	m æ k s	m æ k s t	m æ k s t	w ɪ ʃ	w ɪ ʃ t	w ɪ ʃ t	m æ k s t	1	1	reg_t	reg_t	reg_t
random	r iː t͡ʃ	r iː t͡ʃ t	r iː t͡ʃ t	r ɪ d͡ʒ ɛ k t	r ɪ d͡ʒ ɛ k t ə d	r ɪ d͡ʒ ɛ k t ə d	r iː t͡ʃ ə d	0	0	reg_t	reg_t	reg_əd
random	h o ʊ p	h o ʊ p t	h o ʊ p t	b r a ʊ n	b r a ʊ n d	b r a ʊ n d	h o ʊ p d	0	0	reg_t	reg_t	reg_d
random	f o ʊ l d	f o ʊ l d ə d	f o ʊ l d	d ɪ s k r a ɪ b	d ɪ s k r a ɪ b d	d ɪ s k r a ɪ b d	f o ʊ l d d	0	0	reg_əd	no_change	reg_d
random	k l ɪ n t͡ʃ	k l ɪ n t͡ʃ t	k l ɪ n t͡ʃ t	k ɑː z	k ɑː z d	k ɑː z d	k l ɪ n t͡ʃ d	0	0	reg_t	reg_t	reg_d
random	t r ɪ k	t r ɪ k t	t r ɪ k t	t͡ʃ ʌ ɡ	t͡ʃ ʌ ɡ d	t͡ʃ ʌ ɡ d	t r ɪ k d	0	0	reg_t	reg_t	reg_d
random	b ɛ n d	b ɛ n d ə d	b ɛ n d ə d	t͡ʃ e ɪ s	t͡ʃ e ɪ s t	t͡ʃ e ɪ s t	b ɛ n d t	0	0	reg_əd	reg_əd	reg_t
random	a ɪ d ɛ n t ə f a ɪ	a ɪ d ɛ n t ə f a ɪ d	a ʊ d	n e ɪ l	n e ɪ l d	n e ɪ l d	a ɪ d ɛ n t ə f a ɪ d	0	1	reg_d	other	reg_d
random	d͡ʒ ɔ ɪ n	d͡ʒ ɔ ɪ n d	d͡ʒ ɔ ɪ n d	t͡ʃ ɑː p	t͡ʃ ɑː p t	t͡ʃ ɑː p t	d͡ʒ ɔ ɪ n t	0	0	reg_d	reg_d	reg_t
random	k ə n f j uː z	k ə n f j uː z d	k ə f f j uː z d	t r æ v ə l	t r æ v ə l d	t r æ v ə l d	k ə n f j uː z d	0	1	reg_d	other	reg_d
random	b ɛ r	b o ʊ r	b ɛ r d	t æ ɡ	t æ ɡ d	t æ ɡ d	b ɛ r d	1	0	vowel_change	reg_d	reg_d
random	r ɛ s t	r ɛ s t ə d	r ɛ s t ə d	b l ɪ ŋ k	b l ɪ ŋ k t	b l ɪ ŋ k t	r ɛ s t t	0	0	reg_əd	reg_əd	reg_t
random	p iː	p iː d	p iː d	b r a ʊ n	b r a ʊ n d	b r a ʊ n d	p iː d	1	1	reg_d	reg_d	reg_d
random	ɡ r æ b	ɡ r æ b d	ɡ r æ b d	p l iː z	p l iː z d	p l iː z d	ɡ r æ b d	1	1	reg_d	reg_d	reg_d
random	ə p r o ʊ t͡ʃ	ə p r o ʊ t͡ʃ t	ə p r o ʊ t͡ʃ t	h ɔ ɪ s t	h ɔ ɪ s t ə d	h ɔ ɪ s t ə d	ə p r o ʊ t͡ʃ ə d	0	0	reg_t	reg_t	reg_əd
random	p iː l	p iː l d	p iː l d	s t r a ɪ k	s t r ʌ k	s t r ʌ k	NA	0	0	reg_d	reg_d	vowel_change
random	m ɑː r t͡ʃ	m ɑː r t͡ʃ t	m ɑː r t͡ʃ t	s k r æ t͡ʃ	s k r æ t͡ʃ t	s k r æ t͡ʃ t	m ɑː r t͡ʃ t	1	1	reg_t	reg_t	reg_t
random	t æ k ə l	t æ k ə l d	t æ k ə l d	l o ʊ ɹ̩	l o ʊ ɹ̩ d	l o ʊ ɹ̩ d	t æ k ə l d	1	1	reg_d	reg_d	reg_d
random	d ɪ ɡ	d ʌ ɡ	d ɪ ɡ d	d a ɪ ə l	d a ɪ ə l d	d a ɪ ə l d	d ɪ ɡ d	1	0	vowel_change	reg_d	reg_d
random	s ɛ t ə l	s ɛ t ə l d	s ɛ t ə l d	w e ɪ	w e ɪ d	w e ɪ d	s ɛ t ə l d	1	1	reg_d	reg_d	reg_d
random	ɪ ɡ n ɔ r	ɪ ɡ n ɔ r d	ɪ n ɔ n r d	d ʌ s t	d ʌ s t ə d	d ʌ s t ə d	ɪ ɡ n ɔ r ə d	0	0	reg_d	other	reg_əd
random	k ʌ v ɹ̩	k ʌ v ɹ̩ d	k ʌ v ɹ̩ d	s k iː	s k iː d	s k iː d	k ʌ v ɹ̩ d	1	1	reg_d	reg_d	reg_d
random	r ɑː t	r ɑː t ə d	r ɑː t	s t ɪ l	s t ɪ l d	s t ɪ l d	r ɑː t d	0	0	reg_əd	no_change	reg_d
random	f l æ t ɹ̩	f l æ t ɹ̩ d	f l æ t ɹ̩ d	r iː p ɔ r t	r iː p ɔ r t ə d	r iː p ɔ r t ə d	f l æ t ɹ̩ ə d	0	0	reg_d	reg_d	reg_əd
random	b ʌ b ə l	b ʌ b ə l d	b ʌ b ə l d	s iː k	s iː k t	s ɔ t	b ʌ b ə l t	0	0	reg_d	reg_d	reg_t
random	k o ʊ ɑː p ɹ̩ e ɪ t	k o ʊ ɑː p ɹ̩ e ɪ t ə d	k ɑː p ɹ̩ e ɪ p j ə d	b ɔ l	b ɔ l d	b ɔ l d	k o ʊ ɑː p ɹ̩ e ɪ t d	0	0	reg_əd	other	reg_d
random	ɡ r iː n	ɡ r iː n d	ɡ r iː n d	t a ɪ t ə n	t a ɪ t ə n d	t a ɪ t ə n d	ɡ r iː n d	1	1	reg_d	reg_d	reg_d
random	r e ɪ s	r e ɪ s t	r e ɪ s t	ɛ m p t iː	ɛ m p t iː d	ɛ m p t iː d	r e ɪ s d	0	0	reg_t	reg_t	reg_d
random	d æ n s	d æ n s t	d æ n s t	r ə s iː v	r ə s iː v d	r ə s iː v d	d æ n s d	0	0	reg_t	reg_t	reg_d
random	p r ɑː d͡ʒ ɛ k t	p r ɑː d͡ʒ ɛ k t ə d	p r ɑː d͡ʒ ɛ k t ə d	f uː l	f uː l d	f uː l d	p r ɑː d͡ʒ ɛ k t d	0	0	reg_əd	reg_əd	reg_d
random	b ɛ ɡ	b ɛ ɡ d	b ɛ ɡ d	æ ɡ r ə v e ɪ t	æ ɡ r ə v e ɪ t ə d	æ ɡ r ə v e ɪ t ə d	b ɛ ɡ ə d	0	0	reg_d	reg_d	reg_əd
random	s ɹ̩ v ɪ s	s ɹ̩ v ɪ s t	s ɹ̩ v ɪ s t	k æ t ə l ɔ ɡ	k æ t ə l ɔ ɡ d	k æ t ə l ɔ ɡ d	s ɹ̩ v ɪ s d	0	0	reg_t	reg_t	reg_d
random	r ɛ p r ə z ɛ n t	r ɛ p r ə z ɛ n t ə d	r ɛ p r ɛ p ɛ r ə n d	f ɛ r ə t	f ɛ r ə t ə d	f ɛ r ə t ə d	r ɛ p r ə z ɛ n t ə d	0	1	reg_əd	other	reg_əd
random	ɪ m ɹ̩ d͡ʒ	ɪ m ɹ̩ d͡ʒ d	ɪ m ɹ̩ d͡ʒ d	s w ɪ ʃ	s w ɪ ʃ t	s w ɪ ʃ t	ɪ m ɹ̩ d͡ʒ t	0	0	reg_d	reg_d	reg_t
random	b ɔ ɪ l	b ɔ ɪ l d	b ɔ ɪ l d	l a ɪ t	l ɪ t	l ɪ t	NA	0	0	reg_d	reg_d	vowel_change
random	p ɹ̩ f ɛ k t	p ɹ̩ f ɛ k t ə d	p ɹ̩ d	w ɪ ŋ	w ɪ ŋ d	w ɪ ŋ d	p ɹ̩ f ɛ k t d	0	0	reg_əd	other	reg_d
random	r a ɪ z	r o ʊ z	r o ʊ z d	f l ɑː p	f l ɑː p t	f l ɑː p t	r a ɪ z t	0	0	vowel_change	vowel_change_suffix	reg_t
random	s k r iː n	s k r iː n d	s k r iː n d	ɪ k s p ɛ r ə m ə n t	ɪ k s p ɛ r ə m ə n t ə d	ɪ k s p ɛ r ə m ə n t ə d	s k r iː n ə d	0	0	reg_d	reg_d	reg_əd
random	t r e ɪ n	t r e ɪ n d	t r e ɪ n d	r iː p l e ɪ s	r iː p l e ɪ s t	r iː p l e ɪ s t	t r e ɪ n t	0	0	reg_d	reg_d	reg_t
random	s o ʊ	s o ʊ d	s o ʊ d	b ʌ m p	b ʌ m p t	b ʌ m p t	s o ʊ t	0	0	reg_d	reg_d	reg_t
random	f e ɪ s	f e ɪ s t	f e ɪ s t	h ɑː p	h ɑː p t	h ɑː p t	f e ɪ s t	1	1	reg_t	reg_t	reg_t
random	s t ʌ d iː	s t ʌ d iː d	s t ʌ d	iː t	e ɪ t	e ɪ t	NA	0	0	reg_d	other	vowel_change
random	b l ɑː t	b l ɑː t ə d	b l ɑː t ə d	ʃ uː t	ʃ ɑː t	ʃ ɑː t	NA	0	0	reg_əd	reg_əd	vowel_change
random	m e ɪ l	m e ɪ l d	m e ɪ l d	ʃ o ʊ	ʃ o ʊ d	ʃ o ʊ d	m e ɪ l d	1	1	reg_d	reg_d	reg_d
random	k l ɪ ŋ	k l ʌ ŋ	k l ɪ ŋ d	j uː z	j uː z d	j uː z d	k l ɪ ŋ d	1	0	vowel_change	reg_d	reg_d
random	p l ʌ ɡ	p l ʌ ɡ d	p l ʌ ɡ d	d ɑː k t ɹ̩	d ɑː k t ɹ̩ d	d ɑː k t ɹ̩ d	p l ʌ ɡ d	1	1	reg_d	reg_d	reg_d
random	p r e ɪ	p r e ɪ d	p r e ɪ d	s p ɪ l	s p ɪ l d	s p ɪ l d	p r e ɪ d	1	1	reg_d	reg_d	reg_d
random	f l o ʊ	f l o ʊ d	f l uː	w ɔ r m	w ɔ r m d	w ɔ r m d	f l o ʊ d	0	1	reg_d	vowel_change	reg_d
random	r iː m a ɪ n d	r iː m a ɪ n d ə d	r iː a ɪ n d	ə d m ɪ t	ə d m ɪ t ə d	ə d m ɪ t ə d	r iː m a ɪ n d ə d	0	1	reg_əd	other	reg_əd
random	ɛ l b o ʊ	ɛ l b o ʊ d	ɛ l o ʊ o ʊ d	b æ ŋ	b æ ŋ d	b æ ŋ d	ɛ l b o ʊ d	0	1	reg_d	other	reg_d
random	f r iː z	f r o ʊ z	f r iː z d	ʃ o ʊ	ʃ o ʊ d	ʃ o ʊ d	f r iː z d	1	0	vowel_change	reg_d	reg_d
random	m ɪ m ɪ k	m ɪ m ɪ k t	m ɪ m ɪ k	t͡ʃ ɔ k	t͡ʃ ɔ k t	t͡ʃ ɔ k t	m ɪ m ɪ k t	0	1	reg_t	no_change	reg_t
random	w iː l	w iː l d	w iː l d	s k w iː z	s k w iː z d	s k w iː z d	w iː l d	1	1	reg_d	reg_d	reg_d
random	p ʌ m p	p ʌ m p t	p ʌ m p t	f a ɪ ɹ̩	f a ɪ ɹ̩ d	f a ɪ ɹ̩ d	p ʌ m p d	0	0	reg_t	reg_t	reg_d
random	ɪ k s p ɛ k t	ɪ k s p ɛ k t ə d	ɪ k s p ɛ k t ə d	k r ɔ l	k r ɔ l d	k r ɔ l d	ɪ k s p ɛ k t d	0	0	reg_əd	reg_əd	reg_d
random	w a ɪ n d	w a ɪ n d ə d	w a ʊ n d	k ʊ k	k ʊ k t	k ʊ k t	w a ɪ n d t	0	0	reg_əd	vowel_change	reg_t
random	s k r ɪ b ə l	s k r ɪ b ə l d	s k r ɪ b ə b d	r æ p	r æ p t	r æ p t	s k r ɪ b ə l t	0	0	reg_d	coda_change	reg_t
random	r ɪ s p ɑː n d	r ɪ s p ɑː n d ə d	r ɪ s p ɑː n d ə d	b æ b ə l	b æ b ə l d	b æ b ə l d	r ɪ s p ɑː n d d	0	0	reg_əd	reg_əd	reg_d
random	r e ɪ z	r e ɪ z d	r e ɪ z d	b r e ɪ k	b r o ʊ k	b r o ʊ k	NA	0	0	reg_d	reg_d	vowel_change
random	ɡ ɪ ɡ ə l	ɡ ɪ ɡ ə l d	ɡ ɪ ɡ ə l d	h æ p ə n	h æ p ə n d	h æ p ə n d	ɡ ɪ ɡ ə l d	1	1	reg_d	reg_d	reg_d
random	b ɑː r o ʊ	b ɑː r o ʊ d	b ɑː r o ʊ d	f l æ p	f l æ p t	f l æ p t	b ɑː r o ʊ t	0	0	reg_d	reg_d	reg_t
random	s w ɑː l o ʊ	s w ɑː l o ʊ d	s w ɑː l o ʊ d	b uː m	b uː m d	b uː m d	s w ɑː l o ʊ d	1	1	reg_d	reg_d	reg_d
random	d ɑː r n	d ɑː r n d	d ɑː r n d	k l a ɪ m	k l a ɪ m d	k l a ɪ m d	d ɑː r n d	1	1	reg_d	reg_d	reg_d
random	k ɑː p iː	k ɑː p iː d	k ɑː p ɑː p	k ɑː z	k ɑː z d	k ɑː z d	k ɑː p iː d	0	1	reg_d	other	reg_d
random	s k r e ɪ p	s k r e ɪ p t	s k r e ɪ p t	w ɪ l	w ɪ l d	w ɪ l d	s k r e ɪ p d	0	0	reg_t	reg_t	reg_d
random	h o ʊ m	h o ʊ m d	h o ʊ m d	r ʌ n	r ʌ n	r æ n	h o ʊ m	0	0	reg_d	reg_d	no_change
random	f r iː	f r iː d	f r iː d	s k ɛ r	s k ɛ r d	s k ɛ r d	f r iː d	1	1	reg_d	reg_d	reg_d
random	b r a ɪ t ə n	b r a ɪ t ə n d	b r a ɪ t ə n d	s ɛ n d	s ɛ n t	s ɛ n t	NA	0	0	reg_d	reg_d	coda_change
random	ə r a ɪ v	ə r a ɪ v d	ə r a ɪ v d	t ɔ k	t ɔ k t	t ɔ k t	ə r a ɪ v t	0	0	reg_d	reg_d	reg_t
random	ɪ k s p l ɔ r	ɪ k s p l ɔ r d	ɪ k s p l ɔ r d	l ʌ v	l ʌ v d	l ʌ v d	ɪ k s p l ɔ r d	1	1	reg_d	reg_d	reg_d
random	p ɹ̩ s	p ɹ̩ s t	p ɹ̩ s t	h æ ŋ	h æ ŋ	h ʌ ŋ	p ɹ̩ s	0	0	reg_t	reg_t	no_change
random	t͡ʃ ɪ p	t͡ʃ ɪ p t	t͡ʃ ɪ p t	w ɪ s p ɹ̩	w ɪ s p ɹ̩ d	w ɪ s p ɹ̩ d	t͡ʃ ɪ p d	0	0	reg_t	reg_t	reg_d
random	b ɑː t ə l	b ɑː t ə l d	b ɑː t ə l d	t a ɪ	t a ɪ d	t a ɪ d	b ɑː t ə l d	1	1	reg_d	reg_d	reg_d
random	ə s o ʊ s iː e ɪ t	ə s o ʊ s iː e ɪ t ə d	ə s a ɪ s t ʊ d	p æ t	p æ t ə d	p æ t ə d	ə s o ʊ s iː e ɪ t ə d	0	1	reg_əd	other	reg_əd
random	ɪ n s ɪ s t	ɪ n s ɪ s t ə d	ɪ n s ɪ s t ə d	b æ ɡ	b æ ɡ d	b æ ɡ d	ɪ n s ɪ s t d	0	0	reg_əd	reg_əd	reg_d
random	w iː	w iː d	w iː d	l e ɪ	l e ɪ d	l e ɪ d	w iː d	1	1	reg_d	reg_d	reg_d
random	ʃ ɔ r t ə n	ʃ ɔ r t ə n d	ʃ ɔ r t ə n d	s w e ɪ	s w e ɪ d	s w e ɪ d	ʃ ɔ r t ə n d	1	1	reg_d	reg_d	reg_d
random	ə n l ɑː k	ə n l ɑː k t	ə n l ɑː k t	w ɔ n t	w ɔ n t ə d	w ɔ n t ə d	ə n l ɑː k ə d	0	0	reg_t	reg_t	reg_əd
random	d ʌ b ə l	d ʌ b ə l d	d ʌ b ə l d	k r iː m	k r iː m d	k r iː m d	d ʌ b ə l d	1	1	reg_d	reg_d	reg_d
random	m ɑː p	m ɑː p t	m ɑː p t	s a ɪ d	s a ɪ d ə d	s a ɪ d ə d	m ɑː p ə d	0	0	reg_t	reg_t	reg_əd
random	f ɛ t͡ʃ	f ɛ t͡ʃ t	f ɛ t͡ʃ t	s a ʊ n d	s a ʊ n d ə d	s a ʊ n d ə d	f ɛ t͡ʃ ə d	0	0	reg_t	reg_t	reg_əd
random	ʃ ɛ d	ʃ ɛ d ə d	ʃ ɛ d ə d	s k r iː m	s k r iː m d	s k r iː m d	ʃ ɛ d d	0	0	reg_əd	reg_əd	reg_d
random	t r æ p	t r æ p t	t r æ p t	w ɪ p	w ɪ p t	w ɪ p t	t r æ p t	1	1	reg_t	reg_t	reg_t
random	b ɪ h e ɪ v	b ɪ h e ɪ v d	b ɪ h e ɪ v d	k ʌ l ɹ̩	k ʌ l ɹ̩ d	k ʌ l ɹ̩ d	b ɪ h e ɪ v d	1	1	reg_d	reg_d	reg_d
random	d ɪ l iː t	d ɪ l iː t ə d	d ɪ l iː t ə d	t ɹ̩ n	t ɹ̩ n d	t ɹ̩ n d	d ɪ l iː t d	0	0	reg_əd	reg_əd	reg_d
random	p æ n	p æ n d	p æ n d	r ɪ l iː v	r ɪ l iː v d	r ɪ l iː v d	p æ n d	1	1	reg_d	reg_d	reg_d
random	s k æ l ə p	s k æ l ə p t	s k æ l ə p t	æ ɡ r ə v e ɪ t	æ ɡ r ə v e ɪ t ə d	æ ɡ r ə v e ɪ t ə d	s k æ l ə p ə d	0	0	reg_t	reg_t	reg_əd
random	n o ʊ t	n o ʊ t ə d	n o ʊ t ə d	m æ t ɹ̩	m æ t ɹ̩ d	m æ t ɹ̩ d	n o ʊ t d	0	0	reg_əd	reg_əd	reg_d
random	p ɑː k ə t	p ɑː k ə t ə d	p ɑː k ə t ə d	p r æ k t ɪ s	p r æ k t ɪ s t	p r æ k t ɪ s t	p ɑː k ə t t	0	0	reg_əd	reg_əd	reg_t
random	r ə f l ɛ k t	r ə f l ɛ k t ə d	r ə l ɛ k ɛ t ə d	ʃ a ɪ n	ʃ a ɪ n d	ʃ a ɪ n d	r ə f l ɛ k t d	0	0	reg_əd	other	reg_d
random	s t e ɪ t	s t e ɪ t ə d	s t e ɪ t ə d	w ɪ ŋ	w ɪ ŋ d	w ɪ ŋ d	s t e ɪ t d	0	0	reg_əd	reg_əd	reg_d
random	p r a ɪ	p r a ɪ d	p r a ɪ d	k æ t͡ʃ	k æ t͡ʃ t	k ɔ t	p r a ɪ t	0	0	reg_d	reg_d	reg_t
random	ʃ uː	ʃ uː d	ʃ uː d	t o ʊ s t	t o ʊ s t ə d	t o ʊ s t ə d	ʃ uː ə d	0	0	reg_d	reg_d	reg_əd
random	k ɑː n s ə n t r e ɪ t	k ɑː n s ə n t r e ɪ t ə d	k ə d	k l a ʊ d	k l a ʊ d ə d	k l a ʊ d ə d	k ɑː n s ə n t r e ɪ t ə d	0	1	reg_əd	other	reg_əd
random	s ʌ f ɹ̩	s ʌ f ɹ̩ d	s ʌ f ɹ̩ d	w ɔ r n	w ɔ r n d	w ɔ r n d	s ʌ f ɹ̩ d	1	1	reg_d	reg_d	reg_d
random	s ɪ z ə l	s ɪ z ə l d	s ɪ z ə l d	h ɛ d͡ʒ	h ɛ d͡ʒ d	h ɛ d͡ʒ d	s ɪ z ə l d	1	1	reg_d	reg_d	reg_d
random	p r ə p o ʊ z	p r ə p o ʊ z d	p r ə p r ʊ z d	b r ɪ ŋ	b r ɔ t	b r ɔ t	NA	0	0	reg_d	other	rhyme_replaced
random	θ ɔ	θ ɔ d	θ ɔ d	h ʌ n t	h ʌ n t ə d	h ʌ n t ə d	θ ɔ ə d	0	0	reg_d	reg_d	reg_əd
random	r ɪ l e ɪ t	r ɪ l e ɪ t ə d	r ɪ l e ɪ t ə d	h ɑː l ɹ̩	h ɑː l ɹ̩ d	h ɑː l ɹ̩ d	r ɪ l e ɪ t d	0	0	reg_əd	reg_əd	reg_d
random	t ɪ k	t ɪ k t	t ɪ k t	e ɪ m	e ɪ m d	e ɪ m d	t ɪ k d	0	0	reg_t	reg_t	reg_d
random	ɛ d͡ʒ	ɛ d͡ʒ d	ɛ d͡ʒ uː d͡ʒ uː d͡ʒ d	f ɪ ŋ ɡ ɹ̩	f ɪ ŋ ɡ ɹ̩ d	f ɪ ŋ ɡ ɹ̩ d	ɛ d͡ʒ d	0	1	reg_d	other	reg_d
random	ɪ ɡ z ɪ s t	ɪ ɡ z ɪ s t ə d	ɪ ɡ æ s t	k r iː e ɪ t	k r iː e ɪ t ə d	k r iː e ɪ t ə d	ɪ ɡ z ɪ s t ə d	0	1	reg_əd	other	reg_əd
random	θ ɪ k ə n	θ ɪ k ə n d	θ ɪ k ə n d	m ɑː r b ə l	m ɑː r b ə l d	m ɑː r b ə l d	θ ɪ k ə n d	1	1	reg_d	reg_d	reg_d
random	r ɪ t ɹ̩ n	r ɪ t ɹ̩ n d	r ɪ t ɹ̩ n d	b ɛ t	b ɛ t	b ɛ t	r ɪ t ɹ̩ n	0	0	reg_d	reg_d	no_change
random	t͡ʃ ɑː r d͡ʒ	t͡ʃ ɑː r d͡ʒ d	t͡ʃ ɑː r d͡ʒ d	r iː s a ɪ k ə l	r iː s a ɪ k ə l d	r iː s a ɪ k ə l d	t͡ʃ ɑː r d͡ʒ d	1	1	reg_d	reg_d	reg_d
random	s t o ʊ n	s t o ʊ n d	s t o ʊ n d	p ʊ l	p ʊ l d	p ʊ l d	s t o ʊ n d	1	1	reg_d	reg_d	reg_d
random	w ɛ l k ə m	w ɛ l k ə m d	w ɛ l k ə m d	w ɪ l	w ɪ l d	w ɪ l d	w ɛ l k ə m d	1	1	reg_d	reg_d	reg_d
