neighbors	src	gold	pred	neighbor_src	neighbor_out	neighbor_gold	analogy	matches_pred	matches_gold	class_gold	class_pred	class_neighbor
model_sep	s m a ɪ l	s m a ɪ l d	s m a ɪ l d	s m o ʊ k	s m o ʊ k t	s m o ʊ k t	s m a ɪ l t	0	0	reg_d	reg_d	reg_t
model_sep	r iː d	r ɛ d	r iː d	r æ p	r æ p t	r æ p t	r iː d t	0	0	vowel_change	no_change	reg_t
model_sep	l a ɪ k	l a ɪ k t	l a ɪ k t	l a ɪ v	l a ɪ v d	l a ɪ v d	l a ɪ k d	0	0	reg_t	reg_t	reg_d
model_sep	ʃ o ʊ	ʃ o ʊ d	ʃ o ʊ d	ʃ ʌ t	ʃ ʌ t	ʃ ʌ t	ʃ o ʊ	0	0	reg_d	reg_d	no_change
model_sep	b a ɪ t	b ɪ t	b a ɪ t ə d	b o ʊ t	b o ʊ t ə d	b o ʊ t ə d	b a ɪ t ə d	1	0	vowel_change	reg_əd	reg_əd
model_sep	f l a ɪ	f l uː	f l a ɪ d	f l æ ʃ	f l æ ʃ t	f l æ ʃ t	f l a ɪ t	0	0	vowel_change	reg_d	reg_t
model_sep	h o ʊ p	h o ʊ p t	h o ʊ p t	h e ɪ t	h e ɪ t ə d	h e ɪ t ə d	h o ʊ p ə d	0	0	reg_t	reg_t	reg_əd
model_sep	o ʊ p ə n	o ʊ p ə n d	o ʊ p ə n d	o ʊ v ɹ̩ l æ p	o ʊ v ɹ̩ l æ p t	o ʊ v ɹ̩ l æ p t	o ʊ p ə n t	0	0	reg_d	reg_d	reg_t
model_sep	r ʌ n	r æ n	r ʌ n d	r ʌ ʃ	r ʌ ʃ t	r ʌ ʃ t	r ʌ n t	0	0	vowel_change	reg_d	reg_t
model_sep	t ɔ ɪ	t ɔ ɪ d	t ɔ ɪ d	t ɔ k	t ɔ k t	t ɔ k t	t ɔ ɪ t	0	0	reg_d	reg_d	reg_t
model_sep	p l e ɪ	p l e ɪ d	p l e ɪ d	p l ɑː p	p l ɑː p t	p l ɑː p t	p l e ɪ t	0	0	reg_d	reg_d	reg_t
model_sep	w ɑː t͡ʃ	w ɑː t͡ʃ t	w ɑː t͡ʃ t	w ɑː ʃ	w ɑː ʃ t	w ɑː ʃ t	w ɑː t͡ʃ t	1	1	reg_t	reg_t	reg_t
model_sep	r iː t͡ʃ	r iː t͡ʃ t	r iː t͡ʃ t	r æ p	r æ p t	r æ p t	r iː t͡ʃ t	1	1	reg_t	reg_t	reg_t
model_sep	æ s k	æ s k t	æ k s t	æ d	æ d ə d	æ d ə d	æ s k ə d	0	0	reg_t	coda_change	reg_əd
model_sep	s m ɛ l	s m ɛ l d	s m ɛ l d	s m æ k	s m æ k t	s m æ k t	s m ɛ l t	0	0	reg_d	reg_d	reg_t
model_sep	h æ ŋ	h ʌ ŋ	h æ ŋ d	h æ v	h æ d	h æ d	NA	0	0	vowel_change	reg_d	coda_change
model_sep	r a ɪ d	r o ʊ d	r o ʊ d	r a ɪ t	r o ʊ t	r o ʊ t	NA	0	0	vowel_change	vowel_change	vowel_change
model_sep	s p ɪ l	s p ɪ l d	s p ʌ l d	s p ɪ t	s p æ t	s p æ t	NA	0	0	reg_d	vowel_change_suffix	vowel_change
model_sep	p ɔ r	p ɔ r d	p ɔ r d	p ɛ t	p ɛ t ə d	p ɛ t ə d	p ɔ r ə d	0	0	reg_d	reg_d	reg_əd
model_sep	b a ʊ	b a ʊ d	b ɔ t	b a ɪ	b ɔ t	b ɔ t	NA	0	0	reg_d	vowel_change_suffix	vowel_change_suffix
model_sep	t ʌ t͡ʃ	t ʌ t͡ʃ t	t ʌ t͡ʃ t	t ʌ k	t ʌ k t	t ʌ k t	t ʌ t͡ʃ t	1	1	reg_t	reg_t	reg_t
model_sep	k ɑː z	k ɑː z d	k ɑː z d	k æ t͡ʃ	k ɔ t	k ɔ t	NA	0	0	reg_d	reg_d	rhyme_replaced
model_sep	s t r a ɪ k	s t r ʌ k	s t r a ɪ k ə d	s ə p o ʊ z	s ə p o ʊ z d	s ə p o ʊ z d	s t r a ɪ k d	0	0	vowel_change	reg_əd	reg_d
model_sep	h ɹ̩ t	h ɹ̩ t	h ɹ̩ t	h ɹ̩ iː	h ɹ̩ iː d	h ɹ̩ iː d	h ɹ̩ t d	0	0	no_change	no_change	reg_d
model_sep	h iː t	h iː t ə d	h ɹ̩ t	h iː r	h ɹ̩ d	h ɹ̩ d	NA	0	0	reg_əd	vowel_change	rhyme_replaced
model_sep	f l a ʊ ɹ̩	f l a ʊ ɹ̩ d	f l a ʊ ɹ̩ d	f l o ʊ t	f l o ʊ t ə d	f l o ʊ t ə d	f l a ʊ ɹ̩ ə d	0	0	reg_d	reg_d	reg_əd
model_sep	k l o ʊ z	k l o ʊ z d	k l o ʊ z d	k æ p t͡ʃ ɹ̩	k æ p t͡ʃ ɹ̩ d	k æ p t͡ʃ ɹ̩ d	k l o ʊ z d	1	1	reg_d	reg_d	reg_d
model_sep	m a ɪ n	m a ɪ n d	m a ɪ n d	m ɑː r t͡ʃ	m ɑː r t͡ʃ t	m ɑː r t͡ʃ t	m a ɪ n t	0	0	reg_d	reg_d	reg_t
model_sep	v ɪ z ɪ t	v ɪ z ɪ t ə d	v ɪ z ɪ t ə d	v æ k j uː m	v æ k j uː m d	v æ k j uː m d	v ɪ z ɪ t d	0	0	reg_əd	reg_əd	reg_d
model_sep	t e ɪ s t	t e ɪ s t ə d	t e ɪ s t ə d	t r æ m p	t r æ m p t	t r æ m p t	t e ɪ s t t	0	0	reg_əd	reg_əd	reg_t
model_sep	b ʌ t ɹ̩	b ʌ t ɹ̩ d	b ʌ t ɹ̩ d	b ʌ m p	b ʌ m p t	b ʌ m p t	b ʌ t ɹ̩ t	0	0	reg_d	reg_d	reg_t
model_sep	m e ɪ l	m e ɪ l d	m e ɪ l d	m e ɪ k	m e ɪ d	m e ɪ d	NA	0	0	reg_d	reg_d	coda_change
model_sep	d ɪ ŋ	d ɪ ŋ d	d ʌ ŋ	d ɪ ɡ	d ʌ ɡ	d ʌ ɡ	NA	0	0	reg_d	vowel_change	vowel_change
model_sep	s t ɑː p	s t ɑː p t	s t ɑː p t	s t æ k	s t æ k t	s t æ k t	s t ɑː p t	1	1	reg_t	reg_t	reg_t
model_sep	ɪ k s a ɪ t	ɪ k s a ɪ t ə d	ɪ k s a ɪ t ə d	ɪ k s ɛ p t	ɪ k s ɛ p t ə d	ɪ k s ɛ p t ə d	ɪ k s a ɪ t ə d	1	1	reg_əd	reg_əd	reg_əd
model_sep	f r a ɪ	f r a ɪ d	f r a ɪ d	f e ɪ s	f e ɪ s t	f e ɪ s t	f r a ɪ t	0	0	reg_d	reg_d	reg_t
model_sep	s p iː k	s p o ʊ k	s p iː k t	s p ɛ l	s p ɛ l d	s p ɛ l d	s p iː k d	0	0	vowel_change	reg_t	reg_d
model_sep	s k r æ m b ə l	s k r æ m b ə l d	s k r æ b ə l æ d	s t r æ ŋ ɡ ə l	s t r æ ŋ ɡ ə l d	s t r æ ŋ ɡ ə l d	s k r æ m b ə l d	0	1	reg_d	other	reg_d
model_sep	t͡ʃ ɛ k	t͡ʃ ɛ k t	t͡ʃ ɛ k t	t͡ʃ ɑː p	t͡ʃ ɑː p t	t͡ʃ ɑː p t	t͡ʃ ɛ k t	1	1	reg_t	reg_t	reg_t
model_sep	n ʌ m b ɹ̩	n ʌ m b ɹ̩ d	n m ʌ m b ɹ̩ b ə n d	n e ɪ m	n e ɪ m d	n e ɪ m d	n ʌ m b ɹ̩ d	0	1	reg_d	other	reg_d
model_sep	b ɛ n d	b ɛ n d ə d	b ɛ n d ə d	b ɛ s t	b ɛ s t ə d	b ɛ s t ə d	b ɛ n d ə d	1	1	reg_əd	reg_əd	reg_əd
model_sep	t ɔ s	t ɔ s t	t ɔ s t	t ɔ k	t ɔ k t	t ɔ k t	t ɔ s t	1	1	reg_t	reg_t	reg_t
model_sep	w ɪ s p ɹ̩	w ɪ s p ɹ̩ d	w ɪ s p ɹ̩ d	w a ɪ n d	w a ɪ n d ə d	w a ɪ n d ə d	w ɪ s p ɹ̩ ə d	0	0	reg_d	reg_d	reg_əd
model_sep	a ɪ	a ɪ d	a ɪ d ɪ d	a ɪ s	a ɪ s t	a ɪ s t	a ɪ t	0	0	reg_d	other	reg_t
model_sep	p ɑː p	p ɑː p t	p ɑː p t	p æ k	p æ k t	p æ k t	p ɑː p t	1	1	reg_t	reg_t	reg_t
model_sep	ɪ ɡ z ɔ s t	ɪ ɡ z ɔ s t ə d	ɪ z ɔ s t ə d	ɪ k s ɛ p t	ɪ k s ɛ p t ə d	ɪ k s ɛ p t ə d	ɪ ɡ z ɔ s t ə d	0	1	reg_əd	other	reg_əd
model_sep	b ɪ l d	b ɪ l t	b ɪ l d ə d	b ʌ m p	b ʌ m p t	b ʌ m p t	b ɪ l d t	0	0	coda_change	reg_əd	reg_t
model_sep	w ʌ n d ɹ̩	w ʌ n d ɹ̩ d	w ʌ n d ɹ̩ d	w a ɪ n d	w a ɪ n d ə d	w a ɪ n d ə d	w ʌ n d ɹ̩ ə d	0	0	reg_d	reg_d	reg_əd
model_sep	k r æ k	k r æ k t	k r æ k t	k r a ɪ	k r a ɪ d	k r a ɪ d	k r æ k d	0	0	reg_t	reg_t	reg_d
model_sep	n ɪ b ə l	n ɪ b ə l d	n ɪ b ə l d	n e ɪ m	n e ɪ m d	n e ɪ m d	n ɪ b ə l d	1	1	reg_d	reg_d	reg_d
model_sep	d ɪ l ɪ v ɹ̩	d ɪ l ɪ v ɹ̩ d	d ɪ l v ɪ v d	d ɪ s a ɪ d	d ɪ s a ɪ d ə d	d ɪ s a ɪ d ə d	d ɪ l ɪ v ɹ̩ ə d	0	0	reg_d	other	reg_əd
model_sep	s k ɛ r	s k ɛ r d	s k ɛ r d	s k ɪ p	s k ɪ p t	s k ɪ p t	s k ɛ r t	0	0	reg_d	reg_d	reg_t
model_sep	ɔ f ɹ̩	ɔ f ɹ̩ d	ɔ f f t	ɔ r d ɹ̩	ɔ r d ɹ̩ d	ɔ r d ɹ̩ d	ɔ f ɹ̩ d	0	1	reg_d	other	reg_d
model_sep	f l ɑː p	f l ɑː p t	f l ɑː p t	f l æ ʃ	f l æ ʃ t	f l æ ʃ t	f l ɑː p t	1	1	reg_t	reg_t	reg_t
model_sep	ə p o ʊ z	ə p o ʊ z d	ə p o ʊ z d	ə p s ɛ t	ə p s ɛ t	ə p s ɛ t	ə p o ʊ z	0	0	reg_d	reg_d	no_change
model_sep	k ʌ l ɹ̩	k ʌ l ɹ̩ d	k ʌ l ɹ̩ d	k ʌ v ɹ̩	k ʌ v ɹ̩ d	k ʌ v ɹ̩ d	k ʌ l ɹ̩ d	1	1	reg_d	reg_d	reg_d
model_sep	k æ m p	k æ m p t	k æ m p t	k ɑː p iː	k ɑː p iː d	k ɑː p iː d	k æ m p d	0	0	reg_t	reg_t	reg_d
model_sep	s ɛ l	s o ʊ l d	s ɛ l d	s ɛ t	s ɛ t	s ɛ t	s ɛ l	0	0	vowel_change_suffix	reg_d	no_change
model_sep	f l æ p	f l æ p t	f l æ p t	f l æ ʃ	f l æ ʃ t	f l æ ʃ t	f l æ p t	1	1	reg_t	reg_t	reg_t
model_sep	p r ɛ s	p r ɛ s t	p r ɛ s t	p a ɪ l	p a ɪ l d	p a ɪ l d	p r ɛ s d	0	0	reg_t	reg_t	reg_d
model_sep	f ɪ l	f ɪ l d	f ɪ l	f ɪ t	f ɪ t	f ɪ t	f ɪ l	1	0	reg_d	no_change	no_change
model_sep	b r æ n t͡ʃ	b r æ n t͡ʃ t	b r æ n t͡ʃ t	b r e ɪ k	b r o ʊ k	b r o ʊ k	NA	0	0	reg_t	reg_t	vowel_change
model_sep	t a ɪ t ə n	t a ɪ t ə n d	t	t ɛ n d	t ɛ n d ə d	t ɛ n d ə d	t a ɪ t ə n ə d	0	0	reg_d	other	reg_əd
model_sep	k æ p t ɪ v e ɪ t	k æ p t ɪ v e ɪ t ə d	k ə d	k o ʊ ɑː p ɹ̩ e ɪ t	k o ʊ ɑː p ɹ̩ e ɪ t ə d	k o ʊ ɑː p ɹ̩ e ɪ t ə d	k æ p t ɪ v e ɪ t ə d	0	1	reg_əd	other	reg_əd
model_sep	t o ʊ s t	t o ʊ s t ə d	t o ʊ s t ə d	t r æ m p	t r æ m p t	t r æ m p t	t o ʊ s t t	0	0	reg_əd	reg_əd	reg_t
model_sep	d ɪ s ə p iː r	d ɪ s ə p iː r d	d ɪ p ə p ə d	d ɪ s t r ɔ ɪ	d ɪ s t r ɔ ɪ d	d ɪ s t r ɔ ɪ d	d ɪ s ə p iː r d	0	1	reg_d	other	reg_d
model_sep	b ɛ r	b o ʊ r	b ɛ r d	b ɛ ɡ	b ɛ ɡ d	b ɛ ɡ d	b ɛ r d	1	0	vowel_change	reg_d	reg_d
model_sep	b ɛ r iː	b ɛ r iː d	b ɛ r iː d	b ɛ s t	b ɛ s t ə d	b ɛ s t ə d	b ɛ r iː ə d	0	0	reg_d	reg_d	reg_əd
model_sep	s n iː k	s n iː k t	s n iː k t	s n æ p	s n æ p t	s n æ p t	s n iː k t	1	1	reg_t	reg_t	reg_t
model_sep	l ʌ n t͡ʃ	l ʌ n t͡ʃ t	l ʌ n t͡ʃ t	l æ n d	l æ n d ə d	l æ n d ə d	l ʌ n t͡ʃ ə d	0	0	reg_t	reg_t	reg_əd
model_sep	m ɛ m ɹ̩ a ɪ z	m ɛ m ɹ̩ a ɪ z d	m ɛ m ɹ̩ a ɪ z d	m ɪ k s	m ɪ k s t	m ɪ k s t	m ɛ m ɹ̩ a ɪ z t	0	0	reg_d	reg_d	reg_t
model_sep	h a ɪ d	h ɪ d	h a ɪ d ə d	h a ɪ k	h a ɪ k t	h a ɪ k t	h a ɪ d t	0	0	vowel_change	reg_əd	reg_t
model_sep	w iː l	w iː l d	w iː l d	w ɹ̩ k	w ɹ̩ k t	w ɹ̩ k t	w iː l t	0	0	reg_d	reg_d	reg_t
model_sep	p æ t	p æ t ə d	p æ t	p ɑː t	p ɑː t ə d	p ɑː t ə d	p æ t ə d	0	1	reg_əd	no_change	reg_əd
model_sep	s k æ m p ɹ̩	s k æ m p ɹ̩ d	s k æ p r æ p ɹ̩ d	s n ɑː r ə l	s n ɑː r ə l d	s n ɑː r ə l d	s k æ m p ɹ̩ d	0	1	reg_d	other	reg_d
model_sep	p iː r	p iː r d	p iː r d	p iː l	p iː l d	p iː l d	p iː r d	1	1	reg_d	reg_d	reg_d
model_sep	ʃ æ m p uː	ʃ æ m p uː d	ʃ æ p t uː d	ʃ e ɪ k	ʃ e ɪ d	ʃ ʊ k	NA	0	0	reg_d	other	coda_change
model_sep	r e ɪ s	r e ɪ s t	r e ɪ s t	r e ɪ z	r e ɪ z d	r e ɪ z d	r e ɪ s d	0	0	reg_t	reg_t	reg_d
model_sep	s t r ɛ t͡ʃ	s t r ɛ t͡ʃ t	s t r ɛ t͡ʃ t	s p r ɛ d	s p r ɛ d	s p r ɛ d	s t r ɛ t͡ʃ	0	0	reg_t	reg_t	no_change
model_sep	k ə l æ p s	k ə l æ p s t	k ə l æ p s t	k ə n ɛ k t	k ə n ɛ k t ə d	k ə n ɛ k t ə d	k ə l æ p s ə d	0	0	reg_t	reg_t	reg_əd
model_sep	d r ɪ f t	d r ɪ f t ə d	d r ɪ f t ə d	d r ɪ ŋ k	d r æ ŋ k	d r æ ŋ k	NA	0	0	reg_əd	reg_əd	vowel_change
model_sep	s t æ b	s t æ b d	s t æ b d	s t æ k	s t æ k t	s t æ k t	s t æ b t	0	0	reg_d	reg_d	reg_t
model_sep	t͡ʃ uː	t͡ʃ uː d	t͡ʃ o ʊ	t͡ʃ ɑː p	t͡ʃ ɑː p t	t͡ʃ ɑː p t	t͡ʃ uː t	0	0	reg_d	vowel_change	reg_t
model_sep	b ʌ b ə l	b ʌ b ə l d	b ʌ b ə l d	b a ʊ n s	b a ʊ n s t	b a ʊ n s t	b ʌ b ə l t	0	0	reg_d	reg_d	reg_t
model_sep	s a ʊ ɹ̩	s a ʊ ɹ̩ d	s a ʊ ɹ̩ d	s t ɪ l	s t ɪ l d	s t ɪ l d	s a ʊ ɹ̩ d	1	1	reg_d	reg_d	reg_d
model_sep	s t æ m p	s t æ m p t	s t æ m p t	s t æ n d	s t ʊ d	s t ʊ d	NA	0	0	reg_t	reg_t	rhyme_replaced
model_sep	d͡ʒ ɹ̩ k	d͡ʒ ɹ̩ k t	d͡ʒ ɹ̩ k t	d͡ʒ e ɪ l	d͡ʒ e ɪ l d	d͡ʒ e ɪ l d	d͡ʒ ɹ̩ k d	0	0	reg_t	reg_t	reg_d
model_sep	s ɔ	s ɔ d	s ɔ	s iː	s ɔ	s ɔ	NA	0	0	reg_d	no_change	vowel_change
model_sep	f l ɪ p	f l ɪ p t	f l ɪ p t	f l æ ʃ	f l æ ʃ t	f l æ ʃ t	f l ɪ p t	1	1	reg_t	reg_t	reg_t
model_sep	h iː l	h iː l d	h ɹ̩ l d	h ɑː p	h ɑː p t	h ɑː p t	h iː l t	0	0	reg_d	vowel_change_suffix	reg_t
model_sep	s k r iː m	s k r iː m d	s k r iː m d	s k e ɪ t	s k e ɪ t ə d	s k e ɪ t ə d	s k r iː m ə d	0	0	reg_d	reg_d	reg_əd
model_sep	h ʊ k	h ʊ k t	h ʊ k t	h æ v	h æ d	h æ d	NA	0	0	reg_t	reg_t	coda_change
model_sep	p ɪ t	p ɪ t ə d	p ɪ t ə d	p e ɪ	p e ɪ d	p e ɪ d	p ɪ t d	0	0	reg_əd	reg_əd	reg_d
model_sep	t r ʌ b ə l	t r ʌ b ə l d	t	t ɛ n d	t ɛ n d ə d	t ɛ n d ə d	t r ʌ b ə l ə d	0	0	reg_d	other	reg_əd
model_sep	ɪ m p r ə v a ɪ z	ɪ m p r ə v a ɪ z d	ɪ p v d	ɪ k s k j uː z	ɪ k s k j uː z d	ɪ k s k j uː z d	ɪ m p r ə v a ɪ z d	0	1	reg_d	other	reg_d
model_sep	n e ɪ l	n e ɪ l d	n e ɪ l d	n e ɪ m	n e ɪ m d	n e ɪ m d	n e ɪ l d	1	1	reg_d	reg_d	reg_d
model_sep	b a ɪ k	b a ɪ k t	b a ɪ k t	b o ʊ t	b o ʊ t ə d	b o ʊ t ə d	b a ɪ k ə d	0	0	reg_t	reg_t	reg_əd
model_sep	l ɑː k	l ɑː k t	l ɑː k t	l æ f	l æ f t	l æ f t	l ɑː k t	1	1	reg_t	reg_t	reg_t
model_sep	r ɛ s t	r ɛ s t ə d	r ɛ s t ə d	r ɛ d iː	r ɛ d iː d	r ɛ d iː d	r ɛ s t d	0	0	reg_əd	reg_əd	reg_d
model_sep	b iː p	b iː p t	b iː p t	b iː f	b iː f t	b iː f t	b iː p t	1	1	reg_t	reg_t	reg_t
model_mean	s m a ɪ l	s m a ɪ l d	s m a ɪ l d	s e ɪ l	s e ɪ l d	s e ɪ l d	s m a ɪ l d	1	1	reg_d	reg_d	reg_d
model_mean	r iː d	r ɛ d	r iː d	r ɛ d iː	r ɛ d iː d	r ɛ d iː d	r iː d d	0	0	vowel_change	no_change	reg_d
model_mean	l a ɪ k	l a ɪ k t	l a ɪ k t	l a ɪ t	l ɪ t	l ɪ t	NA	0	0	reg_t	reg_t	vowel_change
model_mean	ʃ o ʊ	ʃ o ʊ d	ʃ o ʊ d	ʃ a ɪ	ʃ a ɪ d	ʃ a ɪ d	ʃ o ʊ d	1	1	reg_d	reg_d	reg_d
model_mean	b a ɪ t	b ɪ t	b a ɪ t ə d	b a ɪ	b ɔ t	b ɔ t	NA	0	0	vowel_change	reg_əd	vowel_change_suffix
model_mean	f l a ɪ	f l uː	f l a ɪ d	f a ɪ ɹ̩	f a ɪ ɹ̩ d	f a ɪ ɹ̩ d	f l a ɪ d	1	0	vowel_change	reg_d	reg_d
model_mean	h o ʊ p	h o ʊ p t	h o ʊ p t	h o ʊ l d	h ɛ l d	h ɛ l d	NA	0	0	reg_t	reg_t	vowel_change
model_mean	o ʊ p ə n	o ʊ p ə n d	o ʊ p ə n d	o ʊ v ɹ̩ k ə m	o ʊ v ɹ̩ k e ɪ m	o ʊ v ɹ̩ k e ɪ m	NA	0	0	reg_d	reg_d	vowel_change
model_mean	r ʌ n	r æ n	r ʌ n d	r ʌ b	r ʌ b d	r ʌ b d	r ʌ n d	1	0	vowel_change	reg_d	reg_d
model_mean	t ɔ ɪ	t ɔ ɪ d	t ɔ ɪ d	t a ɪ	t a ɪ d	t a ɪ d	t ɔ ɪ d	1	1	reg_d	reg_d	reg_d
model_mean	p l e ɪ	p l e ɪ d	p l e ɪ d	p e ɪ	p e ɪ d	p e ɪ d	p l e ɪ d	1	1	reg_d	reg_d	reg_d
model_mean	w ɑː t͡ʃ	w ɑː t͡ʃ t	w ɑː t͡ʃ t	w ɑː ʃ	w ɑː ʃ t	w ɑː ʃ t	w ɑː t͡ʃ t	1	1	reg_t	reg_t	reg_t
model_mean	r iː t͡ʃ	r iː t͡ʃ t	r iː t͡ʃ t	r ʌ b	r ʌ b d	r ʌ b d	r iː t͡ʃ d	0	0	reg_t	reg_t	reg_d
model_mean	æ s k	æ s k t	æ k s t	s t æ k	s t æ k t	s t æ k t	æ s k t	0	1	reg_t	coda_change	reg_t
model_mean	s m ɛ l	s m ɛ l d	s m ɛ l d	s m æ k	s m æ k t	s m æ k t	s m ɛ l t	0	0	reg_d	reg_d	reg_t
model_mean	h æ ŋ	h ʌ ŋ	h æ ŋ d	h æ v	h æ d	h æ d	NA	0	0	vowel_change	reg_d	coda_change
model_mean	r a ɪ d	r o ʊ d	r o ʊ d	r a ɪ t	r o ʊ t	r o ʊ t	NA	0	0	vowel_change	vowel_change	vowel_change
model_mean	s p ɪ l	s p ɪ l d	s p ʌ l d	s p ɪ n	s p ʌ n	s p ʌ n	NA	0	0	reg_d	vowel_change_suffix	vowel_change
model_mean	p ɔ r	p ɔ r d	p ɔ r d	p a ɪ l	p a ɪ l d	p a ɪ l d	p ɔ r d	1	1	reg_d	reg_d	reg_d
model_mean	b a ʊ	b a ʊ d	b ɔ t	b a ɪ	b ɔ t	b ɔ t	NA	0	0	reg_d	vowel_change_suffix	vowel_change_suffix
model_mean	t ʌ t͡ʃ	t ʌ t͡ʃ t	t ʌ t͡ʃ t	t ʌ k	t ʌ k t	t ʌ k t	t ʌ t͡ʃ t	1	1	reg_t	reg_t	reg_t
model_mean	k ɑː z	k ɑː z d	k ɑː z d	k ɔ l	k ɔ l d	k ɔ l d	k ɑː z d	1	1	reg_d	reg_d	reg_d
model_mean	s t r a ɪ k	s t r ʌ k	s t r a ɪ k ə d	s t æ ɡ ɹ̩	s t æ ɡ ɹ̩ d	s t æ ɡ ɹ̩ d	s t r a ɪ k d	0	0	vowel_change	reg_əd	reg_d
model_mean	h ɹ̩ t	h ɹ̩ t	h ɹ̩ t	h ɹ̩ iː	h ɹ̩ iː d	h ɹ̩ iː d	h ɹ̩ t d	0	0	no_change	no_change	reg_d
model_mean	h iː t	h iː t ə d	h ɹ̩ t	h iː r	h ɹ̩ d	h ɹ̩ d	NA	0	0	reg_əd	vowel_change	rhyme_replaced
model_mean	f l a ʊ ɹ̩	f l a ʊ ɹ̩ d	f l a ʊ ɹ̩ d	f l o ʊ t	f l o ʊ t ə d	f l o ʊ t ə d	f l a ʊ ɹ̩ ə d	0	0	reg_d	reg_d	reg_əd
model_mean	k l o ʊ z	k l o ʊ z d	k l o ʊ z d	k l a ɪ m	k l a ɪ m d	k l a ɪ m d	k l o ʊ z d	1	1	reg_d	reg_d	reg_d
model_mean	m a ɪ n	m a ɪ n d	m a ɪ n d	m a ɪ n d	m a ɪ n d ə d	m a ɪ n d ə d	m a ɪ n ə d	0	0	reg_d	reg_d	reg_əd
model_mean	v ɪ z ɪ t	v ɪ z ɪ t ə d	v ɪ z ɪ t ə d	v æ k j uː m	v æ k j uː m d	v æ k j uː m d	v ɪ z ɪ t d	0	0	reg_əd	reg_əd	reg_d
model_mean	t e ɪ s t	t e ɪ s t ə d	t e ɪ s t ə d	t e ɪ k	t ʊ k	t ʊ k	NA	0	0	reg_əd	reg_əd	vowel_change
model_mean	b ʌ t ɹ̩	b ʌ t ɹ̩ d	b ʌ t ɹ̩ d	b iː t	b iː t	b iː t	b ʌ t ɹ̩	0	0	reg_d	reg_d	no_change
model_mean	m e ɪ l	m e ɪ l d	m e ɪ l d	m e ɪ k	m e ɪ d	m e ɪ d	NA	0	0	reg_d	reg_d	coda_change
model_mean	d ɪ ŋ	d ɪ ŋ d	d ʌ ŋ	d a ɪ	d a ɪ d	d a ɪ d	d ɪ ŋ d	0	1	reg_d	vowel_change	reg_d
model_mean	s t ɑː p	s t ɑː p t	s t ɑː p t	s t æ n d	s t ʊ d	s t ʊ d	NA	0	0	reg_t	reg_t	rhyme_replaced
model_mean	ɪ k s a ɪ t	ɪ k s a ɪ t ə d	ɪ k s a ɪ t ə d	ɪ k s p l o ʊ d	ɪ k s p l o ʊ d ə d	ɪ k s p l o ʊ d ə d	ɪ k s a ɪ t ə d	1	1	reg_əd	reg_əd	reg_əd
model_mean	f r a ɪ	f r a ɪ d	f r a ɪ d	f a ɪ ɹ̩	f a ɪ ɹ̩ d	f a ɪ ɹ̩ d	f r a ɪ d	1	1	reg_d	reg_d	reg_d
model_mean	s p iː k	s p o ʊ k	s p iː k t	s w iː p	s w ɛ p t	s w ɛ p t	NA	0	0	vowel_change	reg_t	vowel_change_suffix
model_mean	s k r æ m b ə l	s k r æ m b ə l d	s k r æ b ə l æ d	s k r ɪ b ə l	s k r ɪ b ə l d	s k r ɪ b ə l d	s k r æ m b ə l d	0	1	reg_d	other	reg_d
model_mean	t͡ʃ ɛ k	t͡ʃ ɛ k t	t͡ʃ ɛ k t	t͡ʃ ɑː p	t͡ʃ ɑː p t	t͡ʃ ɑː p t	t͡ʃ ɛ k t	1	1	reg_t	reg_t	reg_t
model_mean	n ʌ m b ɹ̩	n ʌ m b ɹ̩ d	n m ʌ m b ɹ̩ b ə n d	p ʌ b l ɪ ʃ	p ʌ b l ɪ ʃ t	p ʌ b l ɪ ʃ t	n ʌ m b ɹ̩ t	0	0	reg_d	other	reg_t
model_mean	b ɛ n d	b ɛ n d ə d	b ɛ n d ə d	b ɛ t	b ɛ t	b ɛ t	b ɛ n d	0	0	reg_əd	reg_əd	no_change
model_mean	t ɔ s	t ɔ s t	t ɔ s t	t ɔ k	t ɔ k t	t ɔ k t	t ɔ s t	1	1	reg_t	reg_t	reg_t
model_mean	w ɪ s p ɹ̩	w ɪ s p ɹ̩ d	w ɪ s p ɹ̩ d	w ɪ p	w ɪ p t	w ɪ p t	w ɪ s p ɹ̩ t	0	0	reg_d	reg_d	reg_t
model_mean	a ɪ	a ɪ d	a ɪ d ɪ d	a ɪ s	a ɪ s t	a ɪ s t	a ɪ t	0	0	reg_d	other	reg_t
model_mean	p ɑː p	p ɑː p t	p ɑː p t	p ɑː r k	p ɑː r k t	p ɑː r k t	p ɑː p t	1	1	reg_t	reg_t	reg_t
model_mean	ɪ ɡ z ɔ s t	ɪ ɡ z ɔ s t ə d	ɪ z ɔ s t ə d	ɡ ɪ v	ɡ e ɪ v	ɡ e ɪ v	NA	0	0	reg_əd	other	vowel_change
model_mean	b ɪ l d	b ɪ l t	b ɪ l d ə d	b ɪ l iː v	b ɪ l iː v d	b ɪ l iː v d	b ɪ l d d	0	0	coda_change	reg_əd	reg_d
model_mean	w ʌ n d ɹ̩	w ʌ n d ɹ̩ d	w ʌ n d ɹ̩ d	w a ɪ n d	w a ɪ n d ə d	w a ɪ n d ə d	w ʌ n d ɹ̩ ə d	0	0	reg_d	reg_d	reg_əd
model_mean	k r æ k	k r æ k t	k r æ k t	k r ɔ l	k r ɔ l d	k r ɔ l d	k r æ k d	0	0	reg_t	reg_t	reg_d
model_mean	n ɪ b ə l	n ɪ b ə l d	n ɪ b ə l d	ɪ n v a ɪ t	ɪ n v a ɪ t ə d	ɪ n v a ɪ t ə d	n ɪ b ə l ə d	0	0	reg_d	reg_d	reg_əd
model_mean	d ɪ l ɪ v ɹ̩	d ɪ l ɪ v ɹ̩ d	d ɪ l v ɪ v d	d r a ɪ	d r a ɪ d	d r a ɪ d	d ɪ l ɪ v ɹ̩ d	0	1	reg_d	other	reg_d
model_mean	s k ɛ r	s k ɛ r d	s k ɛ r d	s k ɪ p	s k ɪ p t	s k ɪ p t	s k ɛ r t	0	0	reg_d	reg_d	reg_t
model_mean	ɔ f ɹ̩	ɔ f ɹ̩ d	ɔ f f t	w ɹ̩ iː	w ɹ̩ iː d	w ɹ̩ iː d	ɔ f ɹ̩ d	0	1	reg_d	other	reg_d
model_mean	f l ɑː p	f l ɑː p t	f l ɑː p t	f ɪ t	f ɪ t	f ɪ t	f l ɑː p	0	0	reg_t	reg_t	no_change
model_mean	ə p o ʊ z	ə p o ʊ z d	ə p o ʊ z d	ə p s ɛ t	ə p s ɛ t	ə p s ɛ t	ə p o ʊ z	0	0	reg_d	reg_d	no_change
model_mean	k ʌ l ɹ̩	k ʌ l ɹ̩ d	k ʌ l ɹ̩ d	k ʌ v ɹ̩	k ʌ v ɹ̩ d	k ʌ v ɹ̩ d	k ʌ l ɹ̩ d	1	1	reg_d	reg_d	reg_d
model_mean	k æ m p	k æ m p t	k æ m p t	k æ t͡ʃ	k ɔ t	k ɔ t	NA	0	0	reg_t	reg_t	rhyme_replaced
model_mean	s ɛ l	s o ʊ l d	s ɛ l d	s ɛ t	s ɛ t	s ɛ t	s ɛ l	0	0	vowel_change_suffix	reg_d	no_change
model_mean	f l æ p	f l æ p t	f l æ p t	f l æ ʃ	f l æ ʃ t	f l æ ʃ t	f l æ p t	1	1	reg_t	reg_t	reg_t
model_mean	p r ɛ s	p r ɛ s t	p r ɛ s t	p r ɪ k	p r ɪ k t	p r ɪ k t	p r ɛ s t	1	1	reg_t	reg_t	reg_t
model_mean	f ɪ l	f ɪ l d	f ɪ l	f ɔ l	f ɛ l	f ɛ l	NA	0	0	reg_d	no_change	vowel_change
model_mean	b r æ n t͡ʃ	b r æ n t͡ʃ t	b r æ n t͡ʃ t	b r ɪ ŋ	b r ɔ t	b r ɔ t	NA	0	0	reg_t	reg_t	rhyme_replaced
model_mean	t a ɪ t ə n	t a ɪ t ə n d	t	t a ɪ m	t a ɪ m d	t a ɪ m d	t a ɪ t ə n d	0	1	reg_d	other	reg_d
model_mean	k æ p t ɪ v e ɪ t	k æ p t ɪ v e ɪ t ə d	k ə d	k æ p t͡ʃ ɹ̩	k æ p t͡ʃ ɹ̩ d	k æ p t͡ʃ ɹ̩ d	k æ p t ɪ v e ɪ t d	0	0	reg_əd	other	reg_d
model_mean	t o ʊ s t	t o ʊ s t ə d	t o ʊ s t ə d	t ɛ n d	t ɛ n d ə d	t ɛ n d ə d	t o ʊ s t ə d	1	1	reg_əd	reg_əd	reg_əd
model_mean	d ɪ s ə p iː r	d ɪ s ə p iː r d	d ɪ p ə p ə d	d ɪ s t r ɔ ɪ	d ɪ s t r ɔ ɪ d	d ɪ s t r ɔ ɪ d	d ɪ s ə p iː r d	0	1	reg_d	other	reg_d
model_mean	b ɛ r	b o ʊ r	b ɛ r d	b ɛ t	b ɛ t	b ɛ t	b ɛ r	0	0	vowel_change	reg_d	no_change
model_mean	b ɛ r iː	b ɛ r iː d	b ɛ r iː d	b iː f	b iː f t	b iː f t	b ɛ r iː t	0	0	reg_d	reg_d	reg_t
model_mean	s n iː k	s n iː k t	s n iː k t	s iː k	s ɔ t	s ɔ t	s n ɔ t	0	0	reg_t	reg_t	rhyme_replaced
model_mean	l ʌ n t͡ʃ	l ʌ n t͡ʃ t	l ʌ n t͡ʃ t	l iː n	l iː n d	l iː n d	l ʌ n t͡ʃ d	0	0	reg_t	reg_t	reg_d
model_mean	m ɛ m ɹ̩ a ɪ z	m ɛ m ɹ̩ a ɪ z d	m ɛ m ɹ̩ a ɪ z d	m ɛ ʒ ɹ̩	m ɛ ʒ ɹ̩ d	m ɛ ʒ ɹ̩ d	m ɛ m ɹ̩ a ɪ z d	1	1	reg_d	reg_d	reg_d
model_mean	h a ɪ d	h ɪ d	h a ɪ d ə d	h a ɪ k	h a ɪ k t	h a ɪ k t	h a ɪ d t	0	0	vowel_change	reg_əd	reg_t
model_mean	w iː l	w iː l d	w iː l d	w ɹ̩ iː	w ɹ̩ iː d	w ɹ̩ iː d	w iː l d	1	1	reg_d	reg_d	reg_d
model_mean	p æ t	p æ t ə d	p æ t	p ʊ t	p ʊ t	p ʊ t	p æ t	1	0	reg_əd	no_change	no_change
model_mean	s k æ m p ɹ̩	s k æ m p ɹ̩ d	s k æ p r æ p ɹ̩ d	s k r æ t͡ʃ	s k r æ t͡ʃ t	s k r æ t͡ʃ t	s k æ m p ɹ̩ t	0	0	reg_d	other	reg_t
model_mean	p iː r	p iː r d	p iː r d	p iː l	p iː l d	p iː l d	p iː r d	1	1	reg_d	reg_d	reg_d
model_mean	ʃ æ m p uː	ʃ æ m p uː d	ʃ æ p t uː d	ʃ ʌ v	ʃ ʌ v d	ʃ ʌ v d	ʃ æ m p uː d	0	1	reg_d	other	reg_d
model_mean	r e ɪ s	r e ɪ s t	r e ɪ s t	r e ɪ z	r e ɪ z d	r e ɪ z d	r e ɪ s d	0	0	reg_t	reg_t	reg_d
model_mean	s t r ɛ t͡ʃ	s t r ɛ t͡ʃ t	s t r ɛ t͡ʃ t	s t ɛ p	s t ɛ p t	s t ɛ p t	s t r ɛ t͡ʃ t	1	1	reg_t	reg_t	reg_t
model_mean	k ə l æ p s	k ə l æ p s t	k ə l æ p s t	k ə n ɛ k t	k ə n ɛ k t ə d	k ə n ɛ k t ə d	k ə l æ p s ə d	0	0	reg_t	reg_t	reg_əd
model_mean	d r ɪ f t	d r ɪ f t ə d	d r ɪ f t ə d	d r ɪ ŋ k	d r æ ŋ k	d r æ ŋ k	NA	0	0	reg_əd	reg_əd	vowel_change
model_mean	s t æ b	s t æ b d	s t æ b d	s t æ k	s t æ k t	s t æ k t	s t æ b t	0	0	reg_d	reg_d	reg_t
model_mean	t͡ʃ uː	t͡ʃ uː d	t͡ʃ o ʊ	t͡ʃ uː z	t͡ʃ o ʊ z	t͡ʃ o ʊ z	NA	0	0	reg_d	vowel_change	vowel_change
model_mean	b ʌ b ə l	b ʌ b ə l d	b ʌ b ə l d	b o ʊ l	b o ʊ l d	b o ʊ l d	b ʌ b ə l d	1	1	reg_d	reg_d	reg_d
model_mean	s a ʊ ɹ̩	s a ʊ ɹ̩ d	s a ʊ ɹ̩ d	s e ɪ l	s e ɪ l d	s e ɪ l d	s a ʊ ɹ̩ d	1	1	reg_d	reg_d	reg_d
model_mean	s t æ m p	s t æ m p t	s t æ m p t	s t æ k	s t æ k t	s t æ k t	s t æ m p t	1	1	reg_t	reg_t	reg_t
model_mean	d͡ʒ ɹ̩ k	d͡ʒ ɹ̩ k t	d͡ʒ ɹ̩ k t	d͡ʒ e ɪ l	d͡ʒ e ɪ l d	d͡ʒ e ɪ l d	d͡ʒ ɹ̩ k d	0	0	reg_t	reg_t	reg_d
model_mean	s ɔ	s ɔ d	s ɔ	s ɑː k	s ɑː k t	s ɑː k t	s ɔ t	0	0	reg_d	no_change	reg_t
model_mean	f l ɪ p	f l ɪ p t	f l ɪ p t	f l æ ʃ	f l æ ʃ t	f l æ ʃ t	f l ɪ p t	1	1	reg_t	reg_t	reg_t
model_mean	h iː l	h iː l d	h ɹ̩ l d	h iː r	h ɹ̩ d	h ɹ̩ d	NA	0	0	reg_d	vowel_change_suffix	rhyme_replaced
model_mean	s k r iː m	s k r iː m d	s k r iː m d	s k w iː z	s k w iː z d	s k w iː z d	s k r iː m d	1	1	reg_d	reg_d	reg_d
model_mean	h ʊ k	h ʊ k t	h ʊ k t	h a ɪ k	h a ɪ k t	h a ɪ k t	h ʊ k t	1	1	reg_t	reg_t	reg_t
model_mean	p ɪ t	p ɪ t ə d	p ɪ t ə d	p ʊ t	p ʊ t	p ʊ t	p ɪ t	0	0	reg_əd	reg_əd	no_change
model_mean	t r ʌ b ə l	t r ʌ b ə l d	t	t r æ m p	t r æ m p t	t r æ m p t	t r ʌ b ə l t	0	0	reg_d	other	reg_t
model_mean	ɪ m p r ə v a ɪ z	ɪ m p r ə v a ɪ z d	ɪ p v d	m a ɪ n d	m a ɪ n d ə d	m a ɪ n d ə d	ɪ m p r ə v a ɪ z ə d	0	0	reg_d	other	reg_əd
model_mean	n e ɪ l	n e ɪ l d	n e ɪ l d	n e ɪ m	n e ɪ m d	n e ɪ m d	n e ɪ l d	1	1	reg_d	reg_d	reg_d
model_mean	b a ɪ k	b a ɪ k t	b a ɪ k t	b a ɪ	b ɔ t	b ɔ t	NA	0	0	reg_t	reg_t	vowel_change_suffix
model_mean	l ɑː k	l ɑː k t	l ɑː k t	l ʊ k	l ʊ k t	l ʊ k t	l ɑː k t	1	1	reg_t	reg_t	reg_t
model_mean	r ɛ s t	r ɛ s t ə d	r ɛ s t ə d	r ɛ n t	r ɛ n t ə d	r ɛ n t ə d	r ɛ s t ə d	1	1	reg_əd	reg_əd	reg_əd
model_mean	b iː p	b iː p t	b iː p t	b iː f	b iː f t	b iː f t	b iː p t	1	1	reg_t	reg_t	reg_t
model_stem	s m a ɪ l	s m a ɪ l d	s m a ɪ l d	d a ɪ ə l	d a ɪ ə l d	d a ɪ ə l d	s m a ɪ l d	1	1	reg_d	reg_d	reg_d
model_stem	r iː d	r ɛ d	r iː d	r ɪ d	r ɪ d	r ɪ d	r iː d	1	0	vowel_change	no_change	no_change
model_stem	l a ɪ k	l a ɪ k t	l a ɪ k t	h a ɪ k	h a ɪ k t	h a ɪ k t	l a ɪ k t	1	1	reg_t	reg_t	reg_t
model_stem	ʃ o ʊ	ʃ o ʊ d	ʃ o ʊ d	ɡ o ʊ	ɡ uː	w ɛ n t	ʃ uː	0	0	reg_d	reg_d	vowel_change
model_stem	b a ɪ t	b ɪ t	b a ɪ t ə d	l a ɪ t	l ɪ t	l ɪ t	b ɪ t	0	1	vowel_change	reg_əd	vowel_change
model_stem	f l a ɪ	f l uː	f l a ɪ d	d r a ɪ	d r a ɪ d	d r a ɪ d	f l a ɪ d	1	0	vowel_change	reg_d	reg_d
model_stem	h o ʊ p	h o ʊ p t	h o ʊ p t	s n æ p	s n æ p t	s n æ p t	h o ʊ p t	1	1	reg_t	reg_t	reg_t
model_stem	o ʊ p ə n	o ʊ p ə n d	o ʊ p ə n d	h æ p ə n	h æ p ə n d	h æ p ə n d	o ʊ p ə n d	1	1	reg_d	reg_d	reg_d
model_stem	r ʌ n	r æ n	r ʌ n d	m æ n	m æ n d	m æ n d	r ʌ n d	1	0	vowel_change	reg_d	reg_d
model_stem	t ɔ ɪ	t ɔ ɪ d	t ɔ ɪ d	t a ɪ	t a ɪ d	t a ɪ d	t ɔ ɪ d	1	1	reg_d	reg_d	reg_d
model_stem	p l e ɪ	p l e ɪ d	p l e ɪ d	d r a ɪ	d r a ɪ d	d r a ɪ d	p l e ɪ d	1	1	reg_d	reg_d	reg_d
model_stem	w ɑː t͡ʃ	w ɑː t͡ʃ t	w ɑː t͡ʃ t	b iː t͡ʃ	b iː t͡ʃ t	b iː t͡ʃ t	w ɑː t͡ʃ t	1	1	reg_t	reg_t	reg_t
model_stem	r iː t͡ʃ	r iː t͡ʃ t	r iː t͡ʃ t	b iː t͡ʃ	b iː t͡ʃ t	b iː t͡ʃ t	r iː t͡ʃ t	1	1	reg_t	reg_t	reg_t
model_stem	æ s k	æ s k t	æ k s t	l ɪ k	l ɪ k t	l ɪ k t	æ s k t	0	1	reg_t	coda_change	reg_t
model_stem	s m ɛ l	s m ɛ l d	s m ɛ l d	s p ɛ l	s p ɛ l d	s p ɛ l d	s m ɛ l d	1	1	reg_d	reg_d	reg_d
model_stem	h æ ŋ	h ʌ ŋ	h æ ŋ d	b æ ŋ	b æ ŋ d	b æ ŋ d	h æ ŋ d	1	0	vowel_change	reg_d	reg_d
model_stem	r a ɪ d	r o ʊ d	r o ʊ d	s a ɪ d	s a ɪ d ə d	s a ɪ d ə d	r a ɪ d ə d	0	0	vowel_change	vowel_change	reg_əd
model_stem	s p ɪ l	s p ɪ l d	s p ʌ l d	s p ɛ l	s p ɛ l d	s p ɛ l d	s p ɪ l d	0	1	reg_d	vowel_change_suffix	reg_d
model_stem	p ɔ r	p ɔ r d	p ɔ r d	ʃ ɔ r	ʃ ɔ r d	ʃ ɔ r d	p ɔ r d	1	1	reg_d	reg_d	reg_d
model_stem	b a ʊ	b a ʊ d	b ɔ t	t o ʊ	t o ʊ d	t o ʊ d	b a ʊ d	0	1	reg_d	vowel_change_suffix	reg_d
model_stem	t ʌ t͡ʃ	t ʌ t͡ʃ t	t ʌ t͡ʃ t	t iː t͡ʃ	t ɔ t	t ɔ t	NA	0	0	reg_t	reg_t	rhyme_replaced
model_stem	k ɑː z	k ɑː z d	k ɑː z d	j uː z	j uː z d	j uː z d	k ɑː z d	1	1	reg_d	reg_d	reg_d
model_stem	s t r a ɪ k	s t r ʌ k	s t r a ɪ k ə d	ɪ n v a ɪ t	ɪ n v a ɪ t ə d	ɪ n v a ɪ t ə d	s t r a ɪ k ə d	1	0	vowel_change	reg_əd	reg_əd
model_stem	h ɹ̩ t	h ɹ̩ t	h ɹ̩ t	h ɪ t	h ɪ t	h ɪ t	h ɹ̩ t	1	1	no_change	no_change	no_change
model_stem	h iː t	h iː t ə d	h ɹ̩ t	m iː t	m ɛ t	m ɛ t	h ɛ t	0	0	reg_əd	vowel_change	vowel_change
model_stem	f l a ʊ ɹ̩	f l a ʊ ɹ̩ d	f l a ʊ ɹ̩ d	k æ p t͡ʃ ɹ̩	k æ p t͡ʃ ɹ̩ d	k æ p t͡ʃ ɹ̩ d	f l a ʊ ɹ̩ d	1	1	reg_d	reg_d	reg_d
model_stem	k l o ʊ z	k l o ʊ z d	k l o ʊ z d	s k w iː z	s k w iː z d	s k w iː z d	k l o ʊ z d	1	1	reg_d	reg_d	reg_d
model_stem	m a ɪ n	m a ɪ n d	m a ɪ n d	iː v ɪ n	iː v ɪ n d	iː v ɪ n d	m a ɪ n d	1	1	reg_d	reg_d	reg_d
model_stem	v ɪ z ɪ t	v ɪ z ɪ t ə d	v ɪ z ɪ t ə d	ə d m ɪ t	ə d m ɪ t ə d	ə d m ɪ t ə d	v ɪ z ɪ t ə d	1	1	reg_əd	reg_əd	reg_əd
model_stem	t e ɪ s t	t e ɪ s t ə d	t e ɪ s t ə d	w e ɪ s t	w e ɪ s t ə d	w e ɪ s t ə d	t e ɪ s t ə d	1	1	reg_əd	reg_əd	reg_əd
model_stem	b ʌ t ɹ̩	b ʌ t ɹ̩ d	b ʌ t ɹ̩ d	b ɑː ð ɹ̩	b ɑː ð ɹ̩ d	b ɑː ð ɹ̩ d	b ʌ t ɹ̩ d	1	1	reg_d	reg_d	reg_d
model_stem	m e ɪ l	m e ɪ l d	m e ɪ l d	d͡ʒ e ɪ l	d͡ʒ e ɪ l d	d͡ʒ e ɪ l d	m e ɪ l d	1	1	reg_d	reg_d	reg_d
model_stem	d ɪ ŋ	d ɪ ŋ d	d ʌ ŋ	r ɪ ŋ	r æ ŋ	r æ ŋ	d æ ŋ	0	0	reg_d	vowel_change	vowel_change
model_stem	s t ɑː p	s t ɑː p t	s t ɑː p t	d r ɑː p	d r ɑː p t	d r ɑː p t	s t ɑː p t	1	1	reg_t	reg_t	reg_t
model_stem	ɪ k s a ɪ t	ɪ k s a ɪ t ə d	ɪ k s a ɪ t ə d	ɪ n v a ɪ t	ɪ n v a ɪ t ə d	ɪ n v a ɪ t ə d	ɪ k s a ɪ t ə d	1	1	reg_əd	reg_əd	reg_əd
model_stem	f r a ɪ	f r a ɪ d	f r a ɪ d	d r a ɪ	d r a ɪ d	d r a ɪ d	f r a ɪ d	1	1	reg_d	reg_d	reg_d
model_stem	s p iː k	s p o ʊ k	s p iː k t	θ æ ŋ k	θ æ ŋ k t	θ æ ŋ k t	s p iː k t	1	0	vowel_change	reg_t	reg_t
model_stem	s k r æ m b ə l	s k r æ m b ə l d	s k r æ b ə l æ d	s t r æ ŋ ɡ ə l	s t r æ ŋ ɡ ə l d	s t r æ ŋ ɡ ə l d	s k r æ m b ə l d	0	1	reg_d	other	reg_d
model_stem	t͡ʃ ɛ k	t͡ʃ ɛ k t	t͡ʃ ɛ k t	r ɛ k	r ɛ k t	r ɛ k t	t͡ʃ ɛ k t	1	1	reg_t	reg_t	reg_t
model_stem	n ʌ m b ɹ̩	n ʌ m b ɹ̩ d	n m ʌ m b ɹ̩ b ə n d	k æ p t͡ʃ ɹ̩	k æ p t͡ʃ ɹ̩ d	k æ p t͡ʃ ɹ̩ d	n ʌ m b ɹ̩ d	0	1	reg_d	other	reg_d
model_stem	b ɛ n d	b ɛ n d ə d	b ɛ n d ə d	s ɛ n d	s ɛ n t	s ɛ n t	b ɛ n t	0	0	reg_əd	reg_əd	coda_change
model_stem	t ɔ s	t ɔ s t	t ɔ s t	ɡ ɛ s	ɡ ɛ s t	ɡ ɛ s t	t ɔ s t	1	1	reg_t	reg_t	reg_t
model_stem	w ɪ s p ɹ̩	w ɪ s p ɹ̩ d	w ɪ s p ɹ̩ d	k æ p t͡ʃ ɹ̩	k æ p t͡ʃ ɹ̩ d	k æ p t͡ʃ ɹ̩ d	w ɪ s p ɹ̩ d	1	1	reg_d	reg_d	reg_d
model_stem	a ɪ	a ɪ d	a ɪ d ɪ d	d r a ɪ	d r a ɪ d	d r a ɪ d	a ɪ d	0	1	reg_d	other	reg_d
model_stem	p ɑː p	p ɑː p t	p ɑː p t	h ɑː p	h ɑː p t	h ɑː p t	p ɑː p t	1	1	reg_t	reg_t	reg_t
model_stem	ɪ ɡ z ɔ s t	ɪ ɡ z ɔ s t ə d	ɪ z ɔ s t ə d	ɪ n v a ɪ t	ɪ n v a ɪ t ə d	ɪ n v a ɪ t ə d	ɪ ɡ z ɔ s t ə d	0	1	reg_əd	other	reg_əd
model_stem	b ɪ l d	b ɪ l t	b ɪ l d ə d	l o ʊ d	l o ʊ d ə d	l o ʊ d ə d	b ɪ l d ə d	1	0	coda_change	reg_əd	reg_əd
model_stem	w ʌ n d ɹ̩	w ʌ n d ɹ̩ d	w ʌ n d ɹ̩ d	k æ p t͡ʃ ɹ̩	k æ p t͡ʃ ɹ̩ d	k æ p t͡ʃ ɹ̩ d	w ʌ n d ɹ̩ d	1	1	reg_d	reg_d	reg_d
model_stem	k r æ k	k r æ k t	k r æ k t	t r æ k	t r æ k t	t r æ k t	k r æ k t	1	1	reg_t	reg_t	reg_t
model_stem	n ɪ b ə l	n ɪ b ə l d	n ɪ b ə l d	ɡ ɑː b ə l	ɡ ɑː b ə l d	ɡ ɑː b ə l d	n ɪ b ə l d	1	1	reg_d	reg_d	reg_d
model_stem	d ɪ l ɪ v ɹ̩	d ɪ l ɪ v ɹ̩ d	d ɪ l v ɪ v d	d r ɪ b ə l	d r ɪ b ə l d	d r ɪ b ə l d	d ɪ l ɪ v ɹ̩ d	0	1	reg_d	other	reg_d
model_stem	s k ɛ r	s k ɛ r d	s k ɛ r d	ɡ l ɛ r	ɡ l ɛ r d	ɡ l ɛ r d	s k ɛ r d	1	1	reg_d	reg_d	reg_d
model_stem	ɔ f ɹ̩	ɔ f ɹ̩ d	ɔ f f t	s t ɹ̩	s t ɹ̩ d	s t ɹ̩ d	ɔ f ɹ̩ d	0	1	reg_d	other	reg_d
model_stem	f l ɑː p	f l ɑː p t	f l ɑː p t	p l ɑː p	p l ɑː p t	p l ɑː p t	f l ɑː p t	1	1	reg_t	reg_t	reg_t
model_stem	ə p o ʊ z	ə p o ʊ z d	ə p o ʊ z d	s k w iː z	s k w iː z d	s k w iː z d	ə p o ʊ z d	1	1	reg_d	reg_d	reg_d
model_stem	k ʌ l ɹ̩	k ʌ l ɹ̩ d	k ʌ l ɹ̩ d	b ɑː ð ɹ̩	b ɑː ð ɹ̩ d	b ɑː ð ɹ̩ d	k ʌ l ɹ̩ d	1	1	reg_d	reg_d	reg_d
model_stem	k æ m p	k æ m p t	k æ m p t	d͡ʒ ʌ m p	d͡ʒ ʌ m p t	d͡ʒ ʌ m p t	k æ m p t	1	1	reg_t	reg_t	reg_t
model_stem	s ɛ l	s o ʊ l d	s ɛ l d	j ɛ l	j ɛ l d	j ɛ l d	s ɛ l d	1	0	vowel_change_suffix	reg_d	reg_d
model_stem	f l æ p	f l æ p t	f l æ p t	s l æ p	s l æ p t	s l æ p t	f l æ p t	1	1	reg_t	reg_t	reg_t
model_stem	p r ɛ s	p r ɛ s t	p r ɛ s t	d r ɛ s	d r ɛ s t	d r ɛ s t	p r ɛ s t	1	1	reg_t	reg_t	reg_t
model_stem	f ɪ l	f ɪ l d	f ɪ l	f iː l	f ɛ l t	f ɛ l t	NA	0	0	reg_d	no_change	vowel_change_suffix
model_stem	b r æ n t͡ʃ	b r æ n t͡ʃ t	b r æ n t͡ʃ t	s k r æ t͡ʃ	s k r æ t͡ʃ t	s k r æ t͡ʃ t	b r æ n t͡ʃ t	1	1	reg_t	reg_t	reg_t
model_stem	t a ɪ t ə n	t a ɪ t ə n d	t	ʃ ɑː r p ə n	ʃ ɑː r p ə n d	ʃ ɑː r p ə n d	t a ɪ t ə n d	0	1	reg_d	other	reg_d
model_stem	k æ p t ɪ v e ɪ t	k æ p t ɪ v e ɪ t ə d	k ə d	ɡ r æ v ə t e ɪ t	ɡ r æ v ə t e ɪ t ə d	ɡ r æ v ə t e ɪ t ə d	k æ p t ɪ v e ɪ t ə d	0	1	reg_əd	other	reg_əd
model_stem	t o ʊ s t	t o ʊ s t ə d	t o ʊ s t ə d	w e ɪ s t	w e ɪ s t ə d	w e ɪ s t ə d	t o ʊ s t ə d	1	1	reg_əd	reg_əd	reg_əd
model_stem	d ɪ s ə p iː r	d ɪ s ə p iː r d	d ɪ p ə p ə d	ə s ɛ m b ə l	ə s ɛ m b ə l d	ə s ɛ m b ə l d	d ɪ s ə p iː r d	0	1	reg_d	other	reg_d
model_stem	b ɛ r	b o ʊ r	b ɛ r d	ʃ ɛ r	ʃ ɛ r d	ʃ ɛ r d	b ɛ r d	1	0	vowel_change	reg_d	reg_d
model_stem	b ɛ r iː	b ɛ r iː d	b ɛ r iː d	r ɛ d iː	r ɛ d iː d	r ɛ d iː d	b ɛ r iː d	1	1	reg_d	reg_d	reg_d
model_stem	s n iː k	s n iː k t	s n iː k t	t͡ʃ o ʊ k	t͡ʃ o ʊ k t	t͡ʃ o ʊ k t	s n iː k t	1	1	reg_t	reg_t	reg_t
model_stem	l ʌ n t͡ʃ	l ʌ n t͡ʃ t	l ʌ n t͡ʃ t	p ʌ n t͡ʃ	p ʌ n t͡ʃ t	p ʌ n t͡ʃ t	l ʌ n t͡ʃ t	1	1	reg_t	reg_t	reg_t
model_stem	m ɛ m ɹ̩ a ɪ z	m ɛ m ɹ̩ a ɪ z d	m ɛ m ɹ̩ a ɪ z d	s ɹ̩ p r a ɪ z	s ɹ̩ p r a ɪ z d	s ɹ̩ p r a ɪ z d	m ɛ m ɹ̩ a ɪ z d	1	1	reg_d	reg_d	reg_d
model_stem	h a ɪ d	h ɪ d	h a ɪ d ə d	s a ɪ d	s a ɪ d ə d	s a ɪ d ə d	h a ɪ d ə d	1	0	vowel_change	reg_əd	reg_əd
model_stem	w iː l	w iː l d	w iː l d	j ɛ l	j ɛ l d	j ɛ l d	w iː l d	1	1	reg_d	reg_d	reg_d
model_stem	p æ t	p æ t ə d	p æ t	p ʊ t	p ʊ t	p ʊ t	p æ t	1	0	reg_əd	no_change	no_change
model_stem	s k æ m p ɹ̩	s k æ m p ɹ̩ d	s k æ p r æ p ɹ̩ d	m ɑː r b ə l	m ɑː r b ə l d	m ɑː r b ə l d	s k æ m p ɹ̩ d	0	1	reg_d	other	reg_d
model_stem	p iː r	p iː r d	p iː r d	k ɛ r	k ɛ r d	k ɛ r d	p iː r d	1	1	reg_d	reg_d	reg_d
model_stem	ʃ æ m p uː	ʃ æ m p uː d	ʃ æ p t uː d	ɑː r ɡ j uː	ɑː r ɡ j uː d	ɑː r ɡ j uː d	ʃ æ m p uː d	0	1	reg_d	other	reg_d
model_stem	r e ɪ s	r e ɪ s t	r e ɪ s t	f e ɪ s	f e ɪ s t	f e ɪ s t	r e ɪ s t	1	1	reg_t	reg_t	reg_t
model_stem	s t r ɛ t͡ʃ	s t r ɛ t͡ʃ t	s t r ɛ t͡ʃ t	b iː t͡ʃ	b iː t͡ʃ t	b iː t͡ʃ t	s t r ɛ t͡ʃ t	1	1	reg_t	reg_t	reg_t
model_stem	k ə l æ p s	k ə l æ p s t	k ə l æ p s t	ə n a ʊ n s	ə n a ʊ n s t	ə n a ʊ n s t	k ə l æ p s t	1	1	reg_t	reg_t	reg_t
model_stem	d r ɪ f t	d r ɪ f t ə d	d r ɪ f t ə d	w e ɪ s t	w e ɪ s t ə d	w e ɪ s t ə d	d r ɪ f t ə d	1	1	reg_əd	reg_əd	reg_əd
model_stem	s t æ b	s t æ b d	s t æ b d	ɡ r æ b	ɡ r æ b d	ɡ r æ b d	s t æ b d	1	1	reg_d	reg_d	reg_d
model_stem	t͡ʃ uː	t͡ʃ uː d	t͡ʃ o ʊ	w uː	w uː d	w uː d	t͡ʃ uː d	0	1	reg_d	vowel_change	reg_d
model_stem	b ʌ b ə l	b ʌ b ə l d	b ʌ b ə l d	b æ b ə l	b æ b ə l d	b æ b ə l d	b ʌ b ə l d	1	1	reg_d	reg_d	reg_d
model_stem	s a ʊ ɹ̩	s a ʊ ɹ̩ d	s a ʊ ɹ̩ d	f a ɪ ɹ̩	f a ɪ ɹ̩ d	f a ɪ ɹ̩ d	s a ʊ ɹ̩ d	1	1	reg_d	reg_d	reg_d
model_stem	s t æ m p	s t æ m p t	s t æ m p t	ə n z ɪ p	ə n z ɪ p t	ə n z ɪ p t	s t æ m p t	1	1	reg_t	reg_t	reg_t
model_stem	d͡ʒ ɹ̩ k	d͡ʒ ɹ̩ k t	d͡ʒ ɹ̩ k t	w ɹ̩ k	w ɹ̩ k t	w ɹ̩ k t	d͡ʒ ɹ̩ k t	1	1	reg_t	reg_t	reg_t
model_stem	s ɔ	s ɔ d	s ɔ	ʃ ʌ t	ʃ ʌ t	ʃ ʌ t	s ɔ	1	0	reg_d	no_change	no_change
model_stem	f l ɪ p	f l ɪ p t	f l ɪ p t	s l ɪ p	s l ɪ p t	s l ɪ p t	f l ɪ p t	1	1	reg_t	reg_t	reg_t
model_stem	h iː l	h iː l d	h ɹ̩ l d	j ɛ l	j ɛ l d	j ɛ l d	h iː l d	0	1	reg_d	vowel_change_suffix	reg_d
model_stem	s k r iː m	s k r iː m d	s k r iː m d	b ɪ l iː v	b ɪ l iː v d	b ɪ l iː v d	s k r iː m d	1	1	reg_d	reg_d	reg_d
model_stem	h ʊ k	h ʊ k t	h ʊ k t	k ʊ k	k ʊ k t	k ʊ k t	h ʊ k t	1	1	reg_t	reg_t	reg_t
model_stem	p ɪ t	p ɪ t ə d	p ɪ t ə d	p ɛ t	p ɛ t ə d	p ɛ t ə d	p ɪ t ə d	1	1	reg_əd	reg_əd	reg_əd
model_stem	t r ʌ b ə l	t r ʌ b ə l d	t	d r ɪ b ə l	d r ɪ b ə l d	d r ɪ b ə l d	t r ʌ b ə l d	0	1	reg_d	other	reg_d
model_stem	ɪ m p r ə v a ɪ z	ɪ m p r ə v a ɪ z d	ɪ p v d	r ɛ k ə ɡ n a ɪ z	r ɛ k ə ɡ n a ɪ z d	r ɛ k ə ɡ n a ɪ z d	ɪ m p r ə v a ɪ z d	0	1	reg_d	other	reg_d
model_stem	n e ɪ l	n e ɪ l d	n e ɪ l d	d͡ʒ e ɪ l	d͡ʒ e ɪ l d	d͡ʒ e ɪ l d	n e ɪ l d	1	1	reg_d	reg_d	reg_d
model_stem	b a ɪ k	b a ɪ k t	b a ɪ k t	b e ɪ k	b e ɪ k t	b e ɪ k t	b a ɪ k t	1	1	reg_t	reg_t	reg_t
model_stem	l ɑː k	l ɑː k t	l ɑː k t	l ʊ k	l ʊ k t	l ʊ k t	l ɑː k t	1	1	reg_t	reg_t	reg_t
model_stem	r ɛ s t	r ɛ s t ə d	r ɛ s t ə d	r ɛ n t	r ɛ n t ə d	r ɛ n t ə d	r ɛ s t ə d	1	1	reg_əd	reg_əd	reg_əd
model_stem	b iː p	b iː p t	b iː p t	l iː p	l ɛ p t	l ɛ p t	b ɛ p t	0	0	reg_t	reg_t	vowel_change_suffix
model_decision	s m a ɪ l	s m a ɪ l d	s m a ɪ l d	d a ɪ ə l	d a ɪ ə l d	d a ɪ ə l d	s m a ɪ l d	1	1	reg_d	reg_d	reg_d
model_decision	r iː d	r ɛ d	r iː d	r ɪ d	r ɪ d	r ɪ d	r iː d	1	0	vowel_change	no_change	no_change
model_decision	l a ɪ k	l a ɪ k t	l a ɪ k t	h a ɪ k	h a ɪ k t	h a ɪ k t	l a ɪ k t	1	1	reg_t	reg_t	reg_t
model_decision	ʃ o ʊ	ʃ o ʊ d	ʃ o ʊ d	t o ʊ	t o ʊ d	t o ʊ d	ʃ o ʊ d	1	1	reg_d	reg_d	reg_d
model_decision	b a ɪ t	b ɪ t	b a ɪ t ə d	b o ʊ t	b o ʊ t ə d	b o ʊ t ə d	b a ɪ t ə d	1	0	vowel_change	reg_əd	reg_əd
model_decision	f l a ɪ	f l uː	f l a ɪ d	d r a ɪ	d r a ɪ d	d r a ɪ d	f l a ɪ d	1	0	vowel_change	reg_d	reg_d
model_decision	h o ʊ p	h o ʊ p t	h o ʊ p t	s n æ p	s n æ p t	s n æ p t	h o ʊ p t	1	1	reg_t	reg_t	reg_t
model_decision	o ʊ p ə n	o ʊ p ə n d	o ʊ p ə n d	h æ p ə n	h æ p ə n d	h æ p ə n d	o ʊ p ə n d	1	1	reg_d	reg_d	reg_d
model_decision	r ʌ n	r æ n	r ʌ n d	m æ n	m æ n d	m æ n d	r ʌ n d	1	0	vowel_change	reg_d	reg_d
model_decision	t ɔ ɪ	t ɔ ɪ d	t ɔ ɪ d	t a ɪ	t a ɪ d	t a ɪ d	t ɔ ɪ d	1	1	reg_d	reg_d	reg_d
model_decision	p l e ɪ	p l e ɪ d	p l e ɪ d	d r a ɪ	d r a ɪ d	d r a ɪ d	p l e ɪ d	1	1	reg_d	reg_d	reg_d
model_decision	w ɑː t͡ʃ	w ɑː t͡ʃ t	w ɑː t͡ʃ t	b iː t͡ʃ	b iː t͡ʃ t	b iː t͡ʃ t	w ɑː t͡ʃ t	1	1	reg_t	reg_t	reg_t
model_decision	r iː t͡ʃ	r iː t͡ʃ t	r iː t͡ʃ t	b iː t͡ʃ	b iː t͡ʃ t	b iː t͡ʃ t	r iː t͡ʃ t	1	1	reg_t	reg_t	reg_t
model_decision	æ s k	æ s k t	æ k s t	ʃ e ɪ k	ʃ e ɪ d	ʃ ʊ k	æ s d	0	0	reg_t	coda_change	coda_change
model_decision	s m ɛ l	s m ɛ l d	s m ɛ l d	s p ɛ l	s p ɛ l d	s p ɛ l d	s m ɛ l d	1	1	reg_d	reg_d	reg_d
model_decision	h æ ŋ	h ʌ ŋ	h æ ŋ d	b æ ŋ	b æ ŋ d	b æ ŋ d	h æ ŋ d	1	0	vowel_change	reg_d	reg_d
model_decision	r a ɪ d	r o ʊ d	r o ʊ d	r a ɪ z	r o ʊ z	r o ʊ z	NA	0	0	vowel_change	vowel_change	vowel_change
model_decision	s p ɪ l	s p ɪ l d	s p ʌ l d	s p ɪ n	s p ʌ n	s p ʌ n	NA	0	0	reg_d	vowel_change_suffix	vowel_change
model_decision	p ɔ r	p ɔ r d	p ɔ r d	ʃ ɔ r	ʃ ɔ r d	ʃ ɔ r d	p ɔ r d	1	1	reg_d	reg_d	reg_d
model_decision	b a ʊ	b a ʊ d	b ɔ t	b a ɪ	b ɔ t	b ɔ t	NA	0	0	reg_d	vowel_change_suffix	vowel_change_suffix
model_decision	t ʌ t͡ʃ	t ʌ t͡ʃ t	t ʌ t͡ʃ t	m æ t͡ʃ	m æ t͡ʃ t	m æ t͡ʃ t	t ʌ t͡ʃ t	1	1	reg_t	reg_t	reg_t
model_decision	k ɑː z	k ɑː z d	k ɑː z d	j uː z	j uː z d	j uː z d	k ɑː z d	1	1	reg_d	reg_d	reg_d
model_decision	s t r a ɪ k	s t r ʌ k	s t r a ɪ k ə d	ɪ n v a ɪ t	ɪ n v a ɪ t ə d	ɪ n v a ɪ t ə d	s t r a ɪ k ə d	1	0	vowel_change	reg_əd	reg_əd
model_decision	h ɹ̩ t	h ɹ̩ t	h ɹ̩ t	h ɪ t	h ɪ t	h ɪ t	h ɹ̩ t	1	1	no_change	no_change	no_change
model_decision	h iː t	h iː t ə d	h ɹ̩ t	h iː r	h ɹ̩ d	h ɹ̩ d	NA	0	0	reg_əd	vowel_change	rhyme_replaced
model_decision	f l a ʊ ɹ̩	f l a ʊ ɹ̩ d	f l a ʊ ɹ̩ d	k æ p t͡ʃ ɹ̩	k æ p t͡ʃ ɹ̩ d	k æ p t͡ʃ ɹ̩ d	f l a ʊ ɹ̩ d	1	1	reg_d	reg_d	reg_d
model_decision	k l o ʊ z	k l o ʊ z d	k l o ʊ z d	s k w iː z	s k w iː z d	s k w iː z d	k l o ʊ z d	1	1	reg_d	reg_d	reg_d
model_decision	m a ɪ n	m a ɪ n d	m a ɪ n d	iː v ɪ n	iː v ɪ n d	iː v ɪ n d	m a ɪ n d	1	1	reg_d	reg_d	reg_d
model_decision	v ɪ z ɪ t	v ɪ z ɪ t ə d	v ɪ z ɪ t ə d	ə d m ɪ t	ə d m ɪ t ə d	ə d m ɪ t ə d	v ɪ z ɪ t ə d	1	1	reg_əd	reg_əd	reg_əd
model_decision	t e ɪ s t	t e ɪ s t ə d	t e ɪ s t ə d	w e ɪ s t	w e ɪ s t ə d	w e ɪ s t ə d	t e ɪ s t ə d	1	1	reg_əd	reg_əd	reg_əd
model_decision	b ʌ t ɹ̩	b ʌ t ɹ̩ d	b ʌ t ɹ̩ d	b ɑː ð ɹ̩	b ɑː ð ɹ̩ d	b ɑː ð ɹ̩ d	b ʌ t ɹ̩ d	1	1	reg_d	reg_d	reg_d
model_decision	m e ɪ l	m e ɪ l d	m e ɪ l d	d͡ʒ e ɪ l	d͡ʒ e ɪ l d	d͡ʒ e ɪ l d	m e ɪ l d	1	1	reg_d	reg_d	reg_d
model_decision	d ɪ ŋ	d ɪ ŋ d	d ʌ ŋ	d ɪ ɡ	d ʌ ɡ	d ʌ ɡ	NA	0	0	reg_d	vowel_change	vowel_change
model_decision	s t ɑː p	s t ɑː p t	s t ɑː p t	d r ɑː p	d r ɑː p t	d r ɑː p t	s t ɑː p t	1	1	reg_t	reg_t	reg_t
model_decision	ɪ k s a ɪ t	ɪ k s a ɪ t ə d	ɪ k s a ɪ t ə d	ɪ n v a ɪ t	ɪ n v a ɪ t ə d	ɪ n v a ɪ t ə d	ɪ k s a ɪ t ə d	1	1	reg_əd	reg_əd	reg_əd
model_decision	f r a ɪ	f r a ɪ d	f r a ɪ d	d r a ɪ	d r a ɪ d	d r a ɪ d	f r a ɪ d	1	1	reg_d	reg_d	reg_d
model_decision	s p iː k	s p o ʊ k	s p iː k t	θ æ ŋ k	θ æ ŋ k t	θ æ ŋ k t	s p iː k t	1	0	vowel_change	reg_t	reg_t
model_decision	s k r æ m b ə l	s k r æ m b ə l d	s k r æ b ə l æ d	r ɪ p l a ɪ	r ɪ p l a ɪ d	r ɪ p l a ɪ d	s k r æ m b ə l d	0	1	reg_d	other	reg_d
model_decision	t͡ʃ ɛ k	t͡ʃ ɛ k t	t͡ʃ ɛ k t	r ɛ k	r ɛ k t	r ɛ k t	t͡ʃ ɛ k t	1	1	reg_t	reg_t	reg_t
model_decision	n ʌ m b ɹ̩	n ʌ m b ɹ̩ d	n m ʌ m b ɹ̩ b ə n d	r ʌ b	r ʌ b d	r ʌ b d	n ʌ m b ɹ̩ d	0	1	reg_d	other	reg_d
model_decision	b ɛ n d	b ɛ n d ə d	b ɛ n d ə d	t ɛ n d	t ɛ n d ə d	t ɛ n d ə d	b ɛ n d ə d	1	1	reg_əd	reg_əd	reg_əd
model_decision	t ɔ s	t ɔ s t	t ɔ s t	ɡ ɛ s	ɡ ɛ s t	ɡ ɛ s t	t ɔ s t	1	1	reg_t	reg_t	reg_t
model_decision	w ɪ s p ɹ̩	w ɪ s p ɹ̩ d	w ɪ s p ɹ̩ d	k æ p t͡ʃ ɹ̩	k æ p t͡ʃ ɹ̩ d	k æ p t͡ʃ ɹ̩ d	w ɪ s p ɹ̩ d	1	1	reg_d	reg_d	reg_d
model_decision	a ɪ	a ɪ d	a ɪ d ɪ d	d r a ɪ	d r a ɪ d	d r a ɪ d	a ɪ d	0	1	reg_d	other	reg_d
model_decision	p ɑː p	p ɑː p t	p ɑː p t	h ɑː p	h ɑː p t	h ɑː p t	p ɑː p t	1	1	reg_t	reg_t	reg_t
model_decision	ɪ ɡ z ɔ s t	ɪ ɡ z ɔ s t ə d	ɪ z ɔ s t ə d	t͡ʃ uː z	t͡ʃ o ʊ z	t͡ʃ o ʊ z	NA	0	0	reg_əd	other	vowel_change
model_decision	b ɪ l d	b ɪ l t	b ɪ l d ə d	l o ʊ d	l o ʊ d ə d	l o ʊ d ə d	b ɪ l d ə d	1	0	coda_change	reg_əd	reg_əd
model_decision	w ʌ n d ɹ̩	w ʌ n d ɹ̩ d	w ʌ n d ɹ̩ d	k æ p t͡ʃ ɹ̩	k æ p t͡ʃ ɹ̩ d	k æ p t͡ʃ ɹ̩ d	w ʌ n d ɹ̩ d	1	1	reg_d	reg_d	reg_d
model_decision	k r æ k	k r æ k t	k r æ k t	t r æ k	t r æ k t	t r æ k t	k r æ k t	1	1	reg_t	reg_t	reg_t
model_decision	n ɪ b ə l	n ɪ b ə l d	n ɪ b ə l d	ɡ ɑː b ə l	ɡ ɑː b ə l d	ɡ ɑː b ə l d	n ɪ b ə l d	1	1	reg_d	reg_d	reg_d
model_decision	d ɪ l ɪ v ɹ̩	d ɪ l ɪ v ɹ̩ d	d ɪ l v ɪ v d	o ʊ v ɹ̩ k ə m	o ʊ v ɹ̩ k e ɪ m	o ʊ v ɹ̩ k e ɪ m	NA	0	0	reg_d	other	vowel_change
model_decision	s k ɛ r	s k ɛ r d	s k ɛ r d	ɡ l ɛ r	ɡ l ɛ r d	ɡ l ɛ r d	s k ɛ r d	1	1	reg_d	reg_d	reg_d
model_decision	ɔ f ɹ̩	ɔ f ɹ̩ d	ɔ f f t	s n ɪ f	s n ɪ f t	s n ɪ f t	ɔ f ɹ̩ t	0	0	reg_d	other	reg_t
model_decision	f l ɑː p	f l ɑː p t	f l ɑː p t	p l ɑː p	p l ɑː p t	p l ɑː p t	f l ɑː p t	1	1	reg_t	reg_t	reg_t
model_decision	ə p o ʊ z	ə p o ʊ z d	ə p o ʊ z d	s k w iː z	s k w iː z d	s k w iː z d	ə p o ʊ z d	1	1	reg_d	reg_d	reg_d
model_decision	k ʌ l ɹ̩	k ʌ l ɹ̩ d	k ʌ l ɹ̩ d	b ɑː ð ɹ̩	b ɑː ð ɹ̩ d	b ɑː ð ɹ̩ d	k ʌ l ɹ̩ d	1	1	reg_d	reg_d	reg_d
model_decision	k æ m p	k æ m p t	k æ m p t	d͡ʒ ʌ m p	d͡ʒ ʌ m p t	d͡ʒ ʌ m p t	k æ m p t	1	1	reg_t	reg_t	reg_t
model_decision	s ɛ l	s o ʊ l d	s ɛ l d	j ɛ l	j ɛ l d	j ɛ l d	s ɛ l d	1	0	vowel_change_suffix	reg_d	reg_d
model_decision	f l æ p	f l æ p t	f l æ p t	s l æ p	s l æ p t	s l æ p t	f l æ p t	1	1	reg_t	reg_t	reg_t
model_decision	p r ɛ s	p r ɛ s t	p r ɛ s t	d r ɛ s	d r ɛ s t	d r ɛ s t	p r ɛ s t	1	1	reg_t	reg_t	reg_t
model_decision	f ɪ l	f ɪ l d	f ɪ l	w ɪ l	w ɪ l d	w ɪ l d	f ɪ l d	0	1	reg_d	no_change	reg_d
model_decision	b r æ n t͡ʃ	b r æ n t͡ʃ t	b r æ n t͡ʃ t	s k r æ t͡ʃ	s k r æ t͡ʃ t	s k r æ t͡ʃ t	b r æ n t͡ʃ t	1	1	reg_t	reg_t	reg_t
model_decision	t a ɪ t ə n	t a ɪ t ə n d	t	p ʊ t	p ʊ t	p ʊ t	t a ɪ t ə n	0	0	reg_d	other	no_change
model_decision	k æ p t ɪ v e ɪ t	k æ p t ɪ v e ɪ t ə d	k ə d	s k e ɪ t	s k e ɪ t ə d	s k e ɪ t ə d	k æ p t ɪ v e ɪ t ə d	0	1	reg_əd	other	reg_əd
model_decision	t o ʊ s t	t o ʊ s t ə d	t o ʊ s t ə d	w e ɪ s t	w e ɪ s t ə d	w e ɪ s t ə d	t o ʊ s t ə d	1	1	reg_əd	reg_əd	reg_əd
model_decision	d ɪ s ə p iː r	d ɪ s ə p iː r d	d ɪ p ə p ə d	d ɪ s t r ɔ ɪ	d ɪ s t r ɔ ɪ d	d ɪ s t r ɔ ɪ d	d ɪ s ə p iː r d	0	1	reg_d	other	reg_d
model_decision	b ɛ r	b o ʊ r	b ɛ r d	ʃ ɛ r	ʃ ɛ r d	ʃ ɛ r d	b ɛ r d	1	0	vowel_change	reg_d	reg_d
model_decision	b ɛ r iː	b ɛ r iː d	b ɛ r iː d	r ɛ d iː	r ɛ d iː d	r ɛ d iː d	b ɛ r iː d	1	1	reg_d	reg_d	reg_d
model_decision	s n iː k	s n iː k t	s n iː k t	t͡ʃ o ʊ k	t͡ʃ o ʊ k t	t͡ʃ o ʊ k t	s n iː k t	1	1	reg_t	reg_t	reg_t
model_decision	l ʌ n t͡ʃ	l ʌ n t͡ʃ t	l ʌ n t͡ʃ t	p ʌ n t͡ʃ	p ʌ n t͡ʃ t	p ʌ n t͡ʃ t	l ʌ n t͡ʃ t	1	1	reg_t	reg_t	reg_t
model_decision	m ɛ m ɹ̩ a ɪ z	m ɛ m ɹ̩ a ɪ z d	m ɛ m ɹ̩ a ɪ z d	s ɹ̩ p r a ɪ z	s ɹ̩ p r a ɪ z d	s ɹ̩ p r a ɪ z d	m ɛ m ɹ̩ a ɪ z d	1	1	reg_d	reg_d	reg_d
model_decision	h a ɪ d	h ɪ d	h a ɪ d ə d	s a ɪ d	s a ɪ d ə d	s a ɪ d ə d	h a ɪ d ə d	1	0	vowel_change	reg_əd	reg_əd
model_decision	w iː l	w iː l d	w iː l d	j ɛ l	j ɛ l d	j ɛ l d	w iː l d	1	1	reg_d	reg_d	reg_d
model_decision	p æ t	p æ t ə d	p æ t	p ʊ t	p ʊ t	p ʊ t	p æ t	1	0	reg_əd	no_change	no_change
model_decision	s k æ m p ɹ̩	s k æ m p ɹ̩ d	s k æ p r æ p ɹ̩ d	d ɪ s t r ɔ ɪ	d ɪ s t r ɔ ɪ d	d ɪ s t r ɔ ɪ d	s k æ m p ɹ̩ d	0	1	reg_d	other	reg_d
model_decision	p iː r	p iː r d	p iː r d	k ɛ r	k ɛ r d	k ɛ r d	p iː r d	1	1	reg_d	reg_d	reg_d
model_decision	ʃ æ m p uː	ʃ æ m p uː d	ʃ æ p t uː d	p e ɪ	p e ɪ d	p e ɪ d	ʃ æ m p uː d	0	1	reg_d	other	reg_d
model_decision	r e ɪ s	r e ɪ s t	r e ɪ s t	f e ɪ s	f e ɪ s t	f e ɪ s t	r e ɪ s t	1	1	reg_t	reg_t	reg_t
model_decision	s t r ɛ t͡ʃ	s t r ɛ t͡ʃ t	s t r ɛ t͡ʃ t	b iː t͡ʃ	b iː t͡ʃ t	b iː t͡ʃ t	s t r ɛ t͡ʃ t	1	1	reg_t	reg_t	reg_t
model_decision	k ə l æ p s	k ə l æ p s t	k ə l æ p s t	ə n a ʊ n s	ə n a ʊ n s t	ə n a ʊ n s t	k ə l æ p s t	1	1	reg_t	reg_t	reg_t
model_decision	d r ɪ f t	d r ɪ f t ə d	d r ɪ f t ə d	w e ɪ s t	w e ɪ s t ə d	w e ɪ s t ə d	d r ɪ f t ə d	1	1	reg_əd	reg_əd	reg_əd
model_decision	s t æ b	s t æ b d	s t æ b d	ɡ r æ b	ɡ r æ b d	ɡ r æ b d	s t æ b d	1	1	reg_d	reg_d	reg_d
model_decision	t͡ʃ uː	t͡ʃ uː d	t͡ʃ o ʊ	t͡ʃ uː z	t͡ʃ o ʊ z	t͡ʃ o ʊ z	NA	0	0	reg_d	vowel_change	vowel_change
model_decision	b ʌ b ə l	b ʌ b ə l d	b ʌ b ə l d	b æ b ə l	b æ b ə l d	b æ b ə l d	b ʌ b ə l d	1	1	reg_d	reg_d	reg_d
model_decision	s a ʊ ɹ̩	s a ʊ ɹ̩ d	s a ʊ ɹ̩ d	f a ɪ ɹ̩	f a ɪ ɹ̩ d	f a ɪ ɹ̩ d	s a ʊ ɹ̩ d	1	1	reg_d	reg_d	reg_d
model_decision	s t æ m p	s t æ m p t	s t æ m p t	ə n z ɪ p	ə n z ɪ p t	ə n z ɪ p t	s t æ m p t	1	1	reg_t	reg_t	reg_t
model_decision	d͡ʒ ɹ̩ k	d͡ʒ ɹ̩ k t	d͡ʒ ɹ̩ k t	w ɹ̩ k	w ɹ̩ k t	w ɹ̩ k t	d͡ʒ ɹ̩ k t	1	1	reg_t	reg_t	reg_t
model_decision	s ɔ	s ɔ d	s ɔ	ʃ ʌ t	ʃ ʌ t	ʃ ʌ t	s ɔ	1	0	reg_d	no_change	no_change
model_decision	f l ɪ p	f l ɪ p t	f l ɪ p t	s l ɪ p	s l ɪ p t	s l ɪ p t	f l ɪ p t	1	1	reg_t	reg_t	reg_t
model_decision	h iː l	h iː l d	h ɹ̩ l d	h iː r	h ɹ̩ d	h ɹ̩ d	NA	0	0	reg_d	vowel_change_suffix	rhyme_replaced
model_decision	s k r iː m	s k r iː m d	s k r iː m d	b ɪ l iː v	b ɪ l iː v d	b ɪ l iː v d	s k r iː m d	1	1	reg_d	reg_d	reg_d
model_decision	h ʊ k	h ʊ k t	h ʊ k t	k ʊ k	k ʊ k t	k ʊ k t	h ʊ k t	1	1	reg_t	reg_t	reg_t
model_decision	p ɪ t	p ɪ t ə d	p ɪ t ə d	p ɛ t	p ɛ t ə d	p ɛ t ə d	p ɪ t ə d	1	1	reg_əd	reg_əd	reg_əd
model_decision	t r ʌ b ə l	t r ʌ b ə l d	t	ʃ ʌ t	ʃ ʌ t	ʃ ʌ t	t r ʌ b ə l	0	0	reg_d	other	no_change
model_decision	ɪ m p r ə v a ɪ z	ɪ m p r ə v a ɪ z d	ɪ p v d	ɛ n d͡ʒ ɔ ɪ	ɛ n d͡ʒ ɔ ɪ d	ɛ n d͡ʒ ɔ ɪ d	ɪ m p r ə v a ɪ z d	0	1	reg_d	other	reg_d
model_decision	n e ɪ l	n e ɪ l d	n e ɪ l d	d͡ʒ e ɪ l	d͡ʒ e ɪ l d	d͡ʒ e ɪ l d	n e ɪ l d	1	1	reg_d	reg_d	reg_d
model_decision	b a ɪ k	b a ɪ k t	b a ɪ k t	b e ɪ k	b e ɪ k t	b e ɪ k t	b a ɪ k t	1	1	reg_t	reg_t	reg_t
model_decision	l ɑː k	l ɑː k t	l ɑː k t	l ʊ k	l ʊ k t	l ʊ k t	l ɑː k t	1	1	reg_t	reg_t	reg_t
model_decision	r ɛ s t	r ɛ s t ə d	r ɛ s t ə d	r ɛ n t	r ɛ n t ə d	r ɛ n t ə d	r ɛ s t ə d	1	1	reg_əd	reg_əd	reg_əd
model_decision	b iː p	b iː p t	b iː p t	h ɑː p	h ɑː p t	h ɑː p t	b iː p t	1	1	reg_t	reg_t	reg_t
model_region	s m a ɪ l	s m a ɪ l d	s m a ɪ l d	d a ɪ ə l	d a ɪ ə l d	d a ɪ ə l d	s m a ɪ l d	1	1	reg_d	reg_d	reg_d
model_region	r iː d	r ɛ d	r iː d	r ɪ d	r ɪ d	r ɪ d	r iː d	1	0	vowel_change	no_change	no_change
model_region	l a ɪ k	l a ɪ k t	l a ɪ k t	m ɪ l k	m ɪ l k t	m ɪ l k t	l a ɪ k t	1	1	reg_t	reg_t	reg_t
model_region	ʃ o ʊ	ʃ o ʊ d	ʃ o ʊ d	t o ʊ	t o ʊ d	t o ʊ d	ʃ o ʊ d	1	1	reg_d	reg_d	reg_d
model_region	b a ɪ t	b ɪ t	b a ɪ t ə d	b o ʊ t	b o ʊ t ə d	b o ʊ t ə d	b a ɪ t ə d	1	0	vowel_change	reg_əd	reg_əd
model_region	f l a ɪ	f l uː	f l a ɪ d	d r a ɪ	d r a ɪ d	d r a ɪ d	f l a ɪ d	1	0	vowel_change	reg_d	reg_d
model_region	h o ʊ p	h o ʊ p t	h o ʊ p t	s n æ p	s n æ p t	s n æ p t	h o ʊ p t	1	1	reg_t	reg_t	reg_t
model_region	o ʊ p ə n	o ʊ p ə n d	o ʊ p ə n d	h æ p ə n	h æ p ə n d	h æ p ə n d	o ʊ p ə n d	1	1	reg_d	reg_d	reg_d
model_region	r ʌ n	r æ n	r ʌ n d	m æ n	m æ n d	m æ n d	r ʌ n d	1	0	vowel_change	reg_d	reg_d
model_region	t ɔ ɪ	t ɔ ɪ d	t ɔ ɪ d	t r a ɪ	t r a ɪ d	t r a ɪ d	t ɔ ɪ d	1	1	reg_d	reg_d	reg_d
model_region	p l e ɪ	p l e ɪ d	p l e ɪ d	d r a ɪ	d r a ɪ d	d r a ɪ d	p l e ɪ d	1	1	reg_d	reg_d	reg_d
model_region	w ɑː t͡ʃ	w ɑː t͡ʃ t	w ɑː t͡ʃ t	b iː t͡ʃ	b iː t͡ʃ t	b iː t͡ʃ t	w ɑː t͡ʃ t	1	1	reg_t	reg_t	reg_t
model_region	r iː t͡ʃ	r iː t͡ʃ t	r iː t͡ʃ t	b iː t͡ʃ	b iː t͡ʃ t	b iː t͡ʃ t	r iː t͡ʃ t	1	1	reg_t	reg_t	reg_t
model_region	æ s k	æ s k t	æ k s t	s ɪ ŋ	s æ ŋ	s æ ŋ	NA	0	0	reg_t	coda_change	vowel_change
model_region	s m ɛ l	s m ɛ l d	s m ɛ l d	s p ɛ l	s p ɛ l d	s p ɛ l d	s m ɛ l d	1	1	reg_d	reg_d	reg_d
model_region	h æ ŋ	h ʌ ŋ	h æ ŋ d	b æ ŋ	b æ ŋ d	b æ ŋ d	h æ ŋ d	1	0	vowel_change	reg_d	reg_d
model_region	r a ɪ d	r o ʊ d	r o ʊ d	r a ɪ z	r o ʊ z	r o ʊ z	NA	0	0	vowel_change	vowel_change	vowel_change
model_region	s p ɪ l	s p ɪ l d	s p ʌ l d	s p ɪ n	s p ʌ n	s p ʌ n	NA	0	0	reg_d	vowel_change_suffix	vowel_change
model_region	p ɔ r	p ɔ r d	p ɔ r d	ʃ ɔ r	ʃ ɔ r d	ʃ ɔ r d	p ɔ r d	1	1	reg_d	reg_d	reg_d
model_region	b a ʊ	b a ʊ d	b ɔ t	b a ɪ	b ɔ t	b ɔ t	NA	0	0	reg_d	vowel_change_suffix	vowel_change_suffix
model_region	t ʌ t͡ʃ	t ʌ t͡ʃ t	t ʌ t͡ʃ t	b iː t͡ʃ	b iː t͡ʃ t	b iː t͡ʃ t	t ʌ t͡ʃ t	1	1	reg_t	reg_t	reg_t
model_region	k ɑː z	k ɑː z d	k ɑː z d	j uː z	j uː z d	j uː z d	k ɑː z d	1	1	reg_d	reg_d	reg_d
model_region	s t r a ɪ k	s t r ʌ k	s t r a ɪ k ə d	o ʊ v ɹ̩ k ə m	o ʊ v ɹ̩ k e ɪ m	o ʊ v ɹ̩ k e ɪ m	NA	0	0	vowel_change	reg_əd	vowel_change
model_region	h ɹ̩ t	h ɹ̩ t	h ɹ̩ t	h ɪ t	h ɪ t	h ɪ t	h ɹ̩ t	1	1	no_change	no_change	no_change
model_region	h iː t	h iː t ə d	h ɹ̩ t	h iː r	h ɹ̩ d	h ɹ̩ d	NA	0	0	reg_əd	vowel_change	rhyme_replaced
model_region	f l a ʊ ɹ̩	f l a ʊ ɹ̩ d	f l a ʊ ɹ̩ d	k æ p t͡ʃ ɹ̩	k æ p t͡ʃ ɹ̩ d	k æ p t͡ʃ ɹ̩ d	f l a ʊ ɹ̩ d	1	1	reg_d	reg_d	reg_d
model_region	k l o ʊ z	k l o ʊ z d	k l o ʊ z d	s k w iː z	s k w iː z d	s k w iː z d	k l o ʊ z d	1	1	reg_d	reg_d	reg_d
model_region	m a ɪ n	m a ɪ n d	m a ɪ n d	iː v ɪ n	iː v ɪ n d	iː v ɪ n d	m a ɪ n d	1	1	reg_d	reg_d	reg_d
model_region	v ɪ z ɪ t	v ɪ z ɪ t ə d	v ɪ z ɪ t ə d	ə d m ɪ t	ə d m ɪ t ə d	ə d m ɪ t ə d	v ɪ z ɪ t ə d	1	1	reg_əd	reg_əd	reg_əd
model_region	t e ɪ s t	t e ɪ s t ə d	t e ɪ s t ə d	w e ɪ s t	w e ɪ s t ə d	w e ɪ s t ə d	t e ɪ s t ə d	1	1	reg_əd	reg_əd	reg_əd
model_region	b ʌ t ɹ̩	b ʌ t ɹ̩ d	b ʌ t ɹ̩ d	b ɑː ð ɹ̩	b ɑː ð ɹ̩ d	b ɑː ð ɹ̩ d	b ʌ t ɹ̩ d	1	1	reg_d	reg_d	reg_d
model_region	m e ɪ l	m e ɪ l d	m e ɪ l d	d͡ʒ e ɪ l	d͡ʒ e ɪ l d	d͡ʒ e ɪ l d	m e ɪ l d	1	1	reg_d	reg_d	reg_d
model_region	d ɪ ŋ	d ɪ ŋ d	d ʌ ŋ	d ɪ ɡ	d ʌ ɡ	d ʌ ɡ	NA	0	0	reg_d	vowel_change	vowel_change
model_region	s t ɑː p	s t ɑː p t	s t ɑː p t	d r ɑː p	d r ɑː p t	d r ɑː p t	s t ɑː p t	1	1	reg_t	reg_t	reg_t
model_region	ɪ k s a ɪ t	ɪ k s a ɪ t ə d	ɪ k s a ɪ t ə d	ɪ n v a ɪ t	ɪ n v a ɪ t ə d	ɪ n v a ɪ t ə d	ɪ k s a ɪ t ə d	1	1	reg_əd	reg_əd	reg_əd
model_region	f r a ɪ	f r a ɪ d	f r a ɪ d	d r a ɪ	d r a ɪ d	d r a ɪ d	f r a ɪ d	1	1	reg_d	reg_d	reg_d
model_region	s p iː k	s p o ʊ k	s p iː k t	θ æ ŋ k	θ æ ŋ k t	θ æ ŋ k t	s p iː k t	1	0	vowel_change	reg_t	reg_t
model_region	s k r æ m b ə l	s k r æ m b ə l d	s k r æ b ə l æ d	h æ v	h æ d	h æ d	NA	0	0	reg_d	other	coda_change
model_region	t͡ʃ ɛ k	t͡ʃ ɛ k t	t͡ʃ ɛ k t	r ɛ k	r ɛ k t	r ɛ k t	t͡ʃ ɛ k t	1	1	reg_t	reg_t	reg_t
model_region	n ʌ m b ɹ̩	n ʌ m b ɹ̩ d	n m ʌ m b ɹ̩ b ə n d	r ʌ b	r ʌ b d	r ʌ b d	n ʌ m b ɹ̩ d	0	1	reg_d	other	reg_d
model_region	b ɛ n d	b ɛ n d ə d	b ɛ n d ə d	l æ n d	l æ n d ə d	l æ n d ə d	b ɛ n d ə d	1	1	reg_əd	reg_əd	reg_əd
model_region	t ɔ s	t ɔ s t	t ɔ s t	b ɑː s	b ɑː s t	b ɑː s t	t ɔ s t	1	1	reg_t	reg_t	reg_t
model_region	w ɪ s p ɹ̩	w ɪ s p ɹ̩ d	w ɪ s p ɹ̩ d	k æ p t͡ʃ ɹ̩	k æ p t͡ʃ ɹ̩ d	k æ p t͡ʃ ɹ̩ d	w ɪ s p ɹ̩ d	1	1	reg_d	reg_d	reg_d
model_region	a ɪ	a ɪ d	a ɪ d ɪ d	t a ɪ	t a ɪ d	t a ɪ d	a ɪ d	0	1	reg_d	other	reg_d
model_region	p ɑː p	p ɑː p t	p ɑː p t	h ɑː p	h ɑː p t	h ɑː p t	p ɑː p t	1	1	reg_t	reg_t	reg_t
model_region	ɪ ɡ z ɔ s t	ɪ ɡ z ɔ s t ə d	ɪ z ɔ s t ə d	ʃ e ɪ k	ʃ e ɪ d	ʃ ʊ k	NA	0	0	reg_əd	other	coda_change
model_region	b ɪ l d	b ɪ l t	b ɪ l d ə d	l o ʊ d	l o ʊ d ə d	l o ʊ d ə d	b ɪ l d ə d	1	0	coda_change	reg_əd	reg_əd
model_region	w ʌ n d ɹ̩	w ʌ n d ɹ̩ d	w ʌ n d ɹ̩ d	k æ p t͡ʃ ɹ̩	k æ p t͡ʃ ɹ̩ d	k æ p t͡ʃ ɹ̩ d	w ʌ n d ɹ̩ d	1	1	reg_d	reg_d	reg_d
model_region	k r æ k	k r æ k t	k r æ k t	t r æ k	t r æ k t	t r æ k t	k r æ k t	1	1	reg_t	reg_t	reg_t
model_region	n ɪ b ə l	n ɪ b ə l d	n ɪ b ə l d	ɡ ɑː b ə l	ɡ ɑː b ə l d	ɡ ɑː b ə l d	n ɪ b ə l d	1	1	reg_d	reg_d	reg_d
model_region	d ɪ l ɪ v ɹ̩	d ɪ l ɪ v ɹ̩ d	d ɪ l v ɪ v d	r a ɪ z	r o ʊ z	r o ʊ z	NA	0	0	reg_d	other	vowel_change
model_region	s k ɛ r	s k ɛ r d	s k ɛ r d	ɡ l ɛ r	ɡ l ɛ r d	ɡ l ɛ r d	s k ɛ r d	1	1	reg_d	reg_d	reg_d
model_region	ɔ f ɹ̩	ɔ f ɹ̩ d	ɔ f f t	f a ɪ t	f ɔ t	f ɔ t	NA	0	0	reg_d	other	vowel_change
model_region	f l ɑː p	f l ɑː p t	f l ɑː p t	p l ɑː p	p l ɑː p t	p l ɑː p t	f l ɑː p t	1	1	reg_t	reg_t	reg_t
model_region	ə p o ʊ z	ə p o ʊ z d	ə p o ʊ z d	s k w iː z	s k w iː z d	s k w iː z d	ə p o ʊ z d	1	1	reg_d	reg_d	reg_d
model_region	k ʌ l ɹ̩	k ʌ l ɹ̩ d	k ʌ l ɹ̩ d	k ʌ v ɹ̩	k ʌ v ɹ̩ d	k ʌ v ɹ̩ d	k ʌ l ɹ̩ d	1	1	reg_d	reg_d	reg_d
model_region	k æ m p	k æ m p t	k æ m p t	d͡ʒ ʌ m p	d͡ʒ ʌ m p t	d͡ʒ ʌ m p t	k æ m p t	1	1	reg_t	reg_t	reg_t
model_region	s ɛ l	s o ʊ l d	s ɛ l d	j ɛ l	j ɛ l d	j ɛ l d	s ɛ l d	1	0	vowel_change_suffix	reg_d	reg_d
model_region	f l æ p	f l æ p t	f l æ p t	s l æ p	s l æ p t	s l æ p t	f l æ p t	1	1	reg_t	reg_t	reg_t
model_region	p r ɛ s	p r ɛ s t	p r ɛ s t	d r ɛ s	d r ɛ s t	d r ɛ s t	p r ɛ s t	1	1	reg_t	reg_t	reg_t
model_region	f ɪ l	f ɪ l d	f ɪ l	w ɪ l	w ɪ l d	w ɪ l d	f ɪ l d	0	1	reg_d	no_change	reg_d
model_region	b r æ n t͡ʃ	b r æ n t͡ʃ t	b r æ n t͡ʃ t	s k r æ t͡ʃ	s k r æ t͡ʃ t	s k r æ t͡ʃ t	b r æ n t͡ʃ t	1	1	reg_t	reg_t	reg_t
model_region	t a ɪ t ə n	t a ɪ t ə n d	t	s t æ n d	s t ʊ d	s t ʊ d	NA	0	0	reg_d	other	rhyme_replaced
model_region	k æ p t ɪ v e ɪ t	k æ p t ɪ v e ɪ t ə d	k ə d	s m o ʊ k	s m o ʊ k t	s m o ʊ k t	k æ p t ɪ v e ɪ t t	0	0	reg_əd	other	reg_t
model_region	t o ʊ s t	t o ʊ s t ə d	t o ʊ s t ə d	w e ɪ s t	w e ɪ s t ə d	w e ɪ s t ə d	t o ʊ s t ə d	1	1	reg_əd	reg_əd	reg_əd
model_region	d ɪ s ə p iː r	d ɪ s ə p iː r d	d ɪ p ə p ə d	d ɪ s t r ɔ ɪ	d ɪ s t r ɔ ɪ d	d ɪ s t r ɔ ɪ d	d ɪ s ə p iː r d	0	1	reg_d	other	reg_d
model_region	b ɛ r	b o ʊ r	b ɛ r d	ʃ ɛ r	ʃ ɛ r d	ʃ ɛ r d	b ɛ r d	1	0	vowel_change	reg_d	reg_d
model_region	b ɛ r iː	b ɛ r iː d	b ɛ r iː d	m ɛ r iː	m ɛ r iː d	m ɛ r iː d	b ɛ r iː d	1	1	reg_d	reg_d	reg_d
model_region	s n iː k	s n iː k t	s n iː k t	p r ɪ k	p r ɪ k t	p r ɪ k t	s n iː k t	1	1	reg_t	reg_t	reg_t
model_region	l ʌ n t͡ʃ	l ʌ n t͡ʃ t	l ʌ n t͡ʃ t	m ʌ n t͡ʃ	m ʌ n t͡ʃ t	m ʌ n t͡ʃ t	l ʌ n t͡ʃ t	1	1	reg_t	reg_t	reg_t
model_region	m ɛ m ɹ̩ a ɪ z	m ɛ m ɹ̩ a ɪ z d	m ɛ m ɹ̩ a ɪ z d	s ɹ̩ p r a ɪ z	s ɹ̩ p r a ɪ z d	s ɹ̩ p r a ɪ z d	m ɛ m ɹ̩ a ɪ z d	1	1	reg_d	reg_d	reg_d
model_region	h a ɪ d	h ɪ d	h a ɪ d ə d	s a ɪ d	s a ɪ d ə d	s a ɪ d ə d	h a ɪ d ə d	1	0	vowel_change	reg_əd	reg_əd
model_region	w iː l	w iː l d	w iː l d	p iː l	p iː l d	p iː l d	w iː l d	1	1	reg_d	reg_d	reg_d
model_region	p æ t	p æ t ə d	p æ t	p ʊ t	p ʊ t	p ʊ t	p æ t	1	0	reg_əd	no_change	no_change
model_region	s k æ m p ɹ̩	s k æ m p ɹ̩ d	s k æ p r æ p ɹ̩ d	h æ v	h æ d	h æ d	NA	0	0	reg_d	other	coda_change
model_region	p iː r	p iː r d	p iː r d	k ɛ r	k ɛ r d	k ɛ r d	p iː r d	1	1	reg_d	reg_d	reg_d
model_region	ʃ æ m p uː	ʃ æ m p uː d	ʃ æ p t uː d	ʃ e ɪ k	ʃ e ɪ d	ʃ ʊ k	NA	0	0	reg_d	other	coda_change
model_region	r e ɪ s	r e ɪ s t	r e ɪ s t	f e ɪ s	f e ɪ s t	f e ɪ s t	r e ɪ s t	1	1	reg_t	reg_t	reg_t
model_region	s t r ɛ t͡ʃ	s t r ɛ t͡ʃ t	s t r ɛ t͡ʃ t	s k r æ t͡ʃ	s k r æ t͡ʃ t	s k r æ t͡ʃ t	s t r ɛ t͡ʃ t	1	1	reg_t	reg_t	reg_t
model_region	k ə l æ p s	k ə l æ p s t	k ə l æ p s t	ə n a ʊ n s	ə n a ʊ n s t	ə n a ʊ n s t	k ə l æ p s t	1	1	reg_t	reg_t	reg_t
model_region	d r ɪ f t	d r ɪ f t ə d	d r ɪ f t ə d	p e ɪ n t	p e ɪ n t ə d	p e ɪ n t ə d	d r ɪ f t ə d	1	1	reg_əd	reg_əd	reg_əd
model_region	s t æ b	s t æ b d	s t æ b d	ɡ r æ b	ɡ r æ b d	ɡ r æ b d	s t æ b d	1	1	reg_d	reg_d	reg_d
model_region	t͡ʃ uː	t͡ʃ uː d	t͡ʃ o ʊ	t͡ʃ uː z	t͡ʃ o ʊ z	t͡ʃ o ʊ z	NA	0	0	reg_d	vowel_change	vowel_change
model_region	b ʌ b ə l	b ʌ b ə l d	b ʌ b ə l d	b æ b ə l	b æ b ə l d	b æ b ə l d	b ʌ b ə l d	1	1	reg_d	reg_d	reg_d
model_region	s a ʊ ɹ̩	s a ʊ ɹ̩ d	s a ʊ ɹ̩ d	f a ɪ ɹ̩	f a ɪ ɹ̩ d	f a ɪ ɹ̩ d	s a ʊ ɹ̩ d	1	1	reg_d	reg_d	reg_d
model_region	s t æ m p	s t æ m p t	s t æ m p t	ə n z ɪ p	ə n z ɪ p t	ə n z ɪ p t	s t æ m p t	1	1	reg_t	reg_t	reg_t
model_region	d͡ʒ ɹ̩ k	d͡ʒ ɹ̩ k t	d͡ʒ ɹ̩ k t	w ɹ̩ k	w ɹ̩ k t	w ɹ̩ k t	d͡ʒ ɹ̩ k t	1	1	reg_t	reg_t	reg_t
model_region	s ɔ	s ɔ d	s ɔ	ɡ o ʊ	ɡ uː	w ɛ n t	NA	0	0	reg_d	no_change	vowel_change
model_region	f l ɪ p	f l ɪ p t	f l ɪ p t	s l ɪ p	s l ɪ p t	s l ɪ p t	f l ɪ p t	1	1	reg_t	reg_t	reg_t
model_region	h iː l	h iː l d	h ɹ̩ l d	h iː r	h ɹ̩ d	h ɹ̩ d	NA	0	0	reg_d	vowel_change_suffix	rhyme_replaced
model_region	s k r iː m	s k r iː m d	s k r iː m d	k l a ɪ m	k l a ɪ m d	k l a ɪ m d	s k r iː m d	1	1	reg_d	reg_d	reg_d
model_region	h ʊ k	h ʊ k t	h ʊ k t	k ʊ k	k ʊ k t	k ʊ k t	h ʊ k t	1	1	reg_t	reg_t	reg_t
model_region	p ɪ t	p ɪ t ə d	p ɪ t ə d	h ɪ t	h ɪ t	h ɪ t	p ɪ t	0	0	reg_əd	reg_əd	no_change
model_region	t r ʌ b ə l	t r ʌ b ə l d	t	s t æ n d	s t ʊ d	s t ʊ d	NA	0	0	reg_d	other	rhyme_replaced
model_region	ɪ m p r ə v a ɪ z	ɪ m p r ə v a ɪ z d	ɪ p v d	ɛ n d͡ʒ ɔ ɪ	ɛ n d͡ʒ ɔ ɪ d	ɛ n d͡ʒ ɔ ɪ d	ɪ m p r ə v a ɪ z d	0	1	reg_d	other	reg_d
model_region	n e ɪ l	n e ɪ l d	n e ɪ l d	d͡ʒ e ɪ l	d͡ʒ e ɪ l d	d͡ʒ e ɪ l d	n e ɪ l d	1	1	reg_d	reg_d	reg_d
model_region	b a ɪ k	b a ɪ k t	b a ɪ k t	b e ɪ k	b e ɪ k t	b e ɪ k t	b a ɪ k t	1	1	reg_t	reg_t	reg_t
model_region	l ɑː k	l ɑː k t	l ɑː k t	s ɑː k	s ɑː k t	s ɑː k t	l ɑː k t	1	1	reg_t	reg_t	reg_t
model_region	r ɛ s t	r ɛ s t ə d	r ɛ s t ə d	b ɛ s t	b ɛ s t ə d	b ɛ s t ə d	r ɛ s t ə d	1	1	reg_əd	reg_əd	reg_əd
model_region	b iː p	b iː p t	b iː p t	h ɑː p	h ɑː p t	h ɑː p t	b iː p t	1	1	reg_t	reg_t	reg_t
model_template	s m a ɪ l	s m a ɪ l d	s m a ɪ l d	d a ɪ ə l	d a ɪ ə l d	d a ɪ ə l d	s m a ɪ l d	1	1	reg_d	reg_d	reg_d
model_template	r iː d	r ɛ d	r iː d	r ɪ d	r ɪ d	r ɪ d	r iː d	1	0	vowel_change	no_change	no_change
model_template	l a ɪ k	l a ɪ k t	l a ɪ k t	p o ʊ k	p o ʊ k t	p o ʊ k t	l a ɪ k t	1	1	reg_t	reg_t	reg_t
model_template	ʃ o ʊ	ʃ o ʊ d	ʃ o ʊ d	t iː z	t iː z d	t iː z d	ʃ o ʊ d	1	1	reg_d	reg_d	reg_d
model_template	b a ɪ t	b ɪ t	b a ɪ t ə d	r ɛ n t	r ɛ n t ə d	r ɛ n t ə d	b a ɪ t ə d	1	0	vowel_change	reg_əd	reg_əd
model_template	f l a ɪ	f l uː	f l a ɪ d	d r a ɪ	d r a ɪ d	d r a ɪ d	f l a ɪ d	1	0	vowel_change	reg_d	reg_d
model_template	h o ʊ p	h o ʊ p t	h o ʊ p t	s n æ p	s n æ p t	s n æ p t	h o ʊ p t	1	1	reg_t	reg_t	reg_t
model_template	o ʊ p ə n	o ʊ p ə n d	o ʊ p ə n d	ɛ m p t iː	ɛ m p t iː d	ɛ m p t iː d	o ʊ p ə n d	1	1	reg_d	reg_d	reg_d
model_template	r ʌ n	r æ n	r ʌ n d	l ɹ̩ n	l ɹ̩ n d	l ɹ̩ n d	r ʌ n d	1	0	vowel_change	reg_d	reg_d
model_template	t ɔ ɪ	t ɔ ɪ d	t ɔ ɪ d	t a ɪ	t a ɪ d	t a ɪ d	t ɔ ɪ d	1	1	reg_d	reg_d	reg_d
model_template	p l e ɪ	p l e ɪ d	p l e ɪ d	k r a ɪ	k r a ɪ d	k r a ɪ d	p l e ɪ d	1	1	reg_d	reg_d	reg_d
model_template	w ɑː t͡ʃ	w ɑː t͡ʃ t	w ɑː t͡ʃ t	m æ t͡ʃ	m æ t͡ʃ t	m æ t͡ʃ t	w ɑː t͡ʃ t	1	1	reg_t	reg_t	reg_t
model_template	r iː t͡ʃ	r iː t͡ʃ t	r iː t͡ʃ t	b iː t͡ʃ	b iː t͡ʃ t	b iː t͡ʃ t	r iː t͡ʃ t	1	1	reg_t	reg_t	reg_t
model_template	æ s k	æ s k t	æ k s t	b a ɪ	b ɔ t	b ɔ t	NA	0	0	reg_t	coda_change	vowel_change_suffix
model_template	s m ɛ l	s m ɛ l d	s m ɛ l d	s p ɛ l	s p ɛ l d	s p ɛ l d	s m ɛ l d	1	1	reg_d	reg_d	reg_d
model_template	h æ ŋ	h ʌ ŋ	h æ ŋ d	b æ ŋ	b æ ŋ d	b æ ŋ d	h æ ŋ d	1	0	vowel_change	reg_d	reg_d
model_template	r a ɪ d	r o ʊ d	r o ʊ d	r a ɪ t	r o ʊ t	r o ʊ t	NA	0	0	vowel_change	vowel_change	vowel_change
model_template	s p ɪ l	s p ɪ l d	s p ʌ l d	s p ɪ n	s p ʌ n	s p ʌ n	NA	0	0	reg_d	vowel_change_suffix	vowel_change
model_template	p ɔ r	p ɔ r d	p ɔ r d	z uː m	z uː m d	z uː m d	p ɔ r d	1	1	reg_d	reg_d	reg_d
model_template	b a ʊ	b a ʊ d	b ɔ t	b a ɪ	b ɔ t	b ɔ t	NA	0	0	reg_d	vowel_change_suffix	vowel_change_suffix
model_template	t ʌ t͡ʃ	t ʌ t͡ʃ t	t ʌ t͡ʃ t	m æ t͡ʃ	m æ t͡ʃ t	m æ t͡ʃ t	t ʌ t͡ʃ t	1	1	reg_t	reg_t	reg_t
model_template	k ɑː z	k ɑː z d	k ɑː z d	b ʌ z	b ʌ z d	b ʌ z d	k ɑː z d	1	1	reg_d	reg_d	reg_d
model_template	s t r a ɪ k	s t r ʌ k	s t r a ɪ k ə d	r ɪ l e ɪ t	r ɪ l e ɪ t ə d	r ɪ l e ɪ t ə d	s t r a ɪ k ə d	1	0	vowel_change	reg_əd	reg_əd
model_template	h ɹ̩ t	h ɹ̩ t	h ɹ̩ t	b iː t	b iː t	b iː t	h ɹ̩ t	1	1	no_change	no_change	no_change
model_template	h iː t	h iː t ə d	h ɹ̩ t	h iː r	h ɹ̩ d	h ɹ̩ d	NA	0	0	reg_əd	vowel_change	rhyme_replaced
model_template	f l a ʊ ɹ̩	f l a ʊ ɹ̩ d	f l a ʊ ɹ̩ d	p ɪ k t͡ʃ ɹ̩	p ɪ k t͡ʃ ɹ̩ d	p ɪ k t͡ʃ ɹ̩ d	f l a ʊ ɹ̩ d	1	1	reg_d	reg_d	reg_d
model_template	k l o ʊ z	k l o ʊ z d	k l o ʊ z d	h æ p ə n	h æ p ə n d	h æ p ə n d	k l o ʊ z d	1	1	reg_d	reg_d	reg_d
model_template	m a ɪ n	m a ɪ n d	m a ɪ n d	iː v ɪ n	iː v ɪ n d	iː v ɪ n d	m a ɪ n d	1	1	reg_d	reg_d	reg_d
model_template	v ɪ z ɪ t	v ɪ z ɪ t ə d	v ɪ z ɪ t ə d	ə d m ɪ t	ə d m ɪ t ə d	ə d m ɪ t ə d	v ɪ z ɪ t ə d	1	1	reg_əd	reg_əd	reg_əd
model_template	t e ɪ s t	t e ɪ s t ə d	t e ɪ s t ə d	w e ɪ s t	w e ɪ s t ə d	w e ɪ s t ə d	t e ɪ s t ə d	1	1	reg_əd	reg_əd	reg_əd
model_template	b ʌ t ɹ̩	b ʌ t ɹ̩ d	b ʌ t ɹ̩ d	m æ t ɹ̩	m æ t ɹ̩ d	m æ t ɹ̩ d	b ʌ t ɹ̩ d	1	1	reg_d	reg_d	reg_d
model_template	m e ɪ l	m e ɪ l d	m e ɪ l d	d͡ʒ e ɪ l	d͡ʒ e ɪ l d	d͡ʒ e ɪ l d	m e ɪ l d	1	1	reg_d	reg_d	reg_d
model_template	d ɪ ŋ	d ɪ ŋ d	d ʌ ŋ	d ɪ ɡ	d ʌ ɡ	d ʌ ɡ	NA	0	0	reg_d	vowel_change	vowel_change
model_template	s t ɑː p	s t ɑː p t	s t ɑː p t	d r ɑː p	d r ɑː p t	d r ɑː p t	s t ɑː p t	1	1	reg_t	reg_t	reg_t
model_template	ɪ k s a ɪ t	ɪ k s a ɪ t ə d	ɪ k s a ɪ t ə d	r ɪ l e ɪ t	r ɪ l e ɪ t ə d	r ɪ l e ɪ t ə d	ɪ k s a ɪ t ə d	1	1	reg_əd	reg_əd	reg_əd
model_template	f r a ɪ	f r a ɪ d	f r a ɪ d	d r a ɪ	d r a ɪ d	d r a ɪ d	f r a ɪ d	1	1	reg_d	reg_d	reg_d
model_template	s p iː k	s p o ʊ k	s p iː k t	θ æ ŋ k	θ æ ŋ k t	θ æ ŋ k t	s p iː k t	1	0	vowel_change	reg_t	reg_t
model_template	s k r æ m b ə l	s k r æ m b ə l d	s k r æ b ə l æ d	m ɛ r iː	m ɛ r iː d	m ɛ r iː d	s k r æ m b ə l d	0	1	reg_d	other	reg_d
model_template	t͡ʃ ɛ k	t͡ʃ ɛ k t	t͡ʃ ɛ k t	k ʊ k	k ʊ k t	k ʊ k t	t͡ʃ ɛ k t	1	1	reg_t	reg_t	reg_t
model_template	n ʌ m b ɹ̩	n ʌ m b ɹ̩ d	n m ʌ m b ɹ̩ b ə n d	b ɪ ɡ ɪ n	b ɪ ɡ æ n	b ɪ ɡ æ n	NA	0	0	reg_d	other	vowel_change
model_template	b ɛ n d	b ɛ n d ə d	b ɛ n d ə d	l æ n d	l æ n d ə d	l æ n d ə d	b ɛ n d ə d	1	1	reg_əd	reg_əd	reg_əd
model_template	t ɔ s	t ɔ s t	t ɔ s t	b iː f	b iː f t	b iː f t	t ɔ s t	1	1	reg_t	reg_t	reg_t
model_template	w ɪ s p ɹ̩	w ɪ s p ɹ̩ d	w ɪ s p ɹ̩ d	f ɪ ɡ j ɹ̩	f ɪ ɡ j ɹ̩ d	f ɪ ɡ j ɹ̩ d	w ɪ s p ɹ̩ d	1	1	reg_d	reg_d	reg_d
model_template	a ɪ	a ɪ d	a ɪ d ɪ d	ʃ uː	ʃ uː d	ʃ uː d	a ɪ d	0	1	reg_d	other	reg_d
model_template	p ɑː p	p ɑː p t	p ɑː p t	h ɑː p	h ɑː p t	h ɑː p t	p ɑː p t	1	1	reg_t	reg_t	reg_t
model_template	ɪ ɡ z ɔ s t	ɪ ɡ z ɔ s t ə d	ɪ z ɔ s t ə d	m ɑː r t͡ʃ	m ɑː r t͡ʃ t	m ɑː r t͡ʃ t	ɪ ɡ z ɔ s t t	0	0	reg_əd	other	reg_t
model_template	b ɪ l d	b ɪ l t	b ɪ l d ə d	l æ n d	l æ n d ə d	l æ n d ə d	b ɪ l d ə d	1	0	coda_change	reg_əd	reg_əd
model_template	w ʌ n d ɹ̩	w ʌ n d ɹ̩ d	w ʌ n d ɹ̩ d	s t æ ɡ ɹ̩	s t æ ɡ ɹ̩ d	s t æ ɡ ɹ̩ d	w ʌ n d ɹ̩ d	1	1	reg_d	reg_d	reg_d
model_template	k r æ k	k r æ k t	k r æ k t	t r æ k	t r æ k t	t r æ k t	k r æ k t	1	1	reg_t	reg_t	reg_t
model_template	n ɪ b ə l	n ɪ b ə l d	n ɪ b ə l d	ɡ ɑː b ə l	ɡ ɑː b ə l d	ɡ ɑː b ə l d	n ɪ b ə l d	1	1	reg_d	reg_d	reg_d
model_template	d ɪ l ɪ v ɹ̩	d ɪ l ɪ v ɹ̩ d	d ɪ l v ɪ v d	n o ʊ	n uː	n uː	NA	0	0	reg_d	other	vowel_change
model_template	s k ɛ r	s k ɛ r d	s k ɛ r d	ɡ l ɛ r	ɡ l ɛ r d	ɡ l ɛ r d	s k ɛ r d	1	1	reg_d	reg_d	reg_d
model_template	ɔ f ɹ̩	ɔ f ɹ̩ d	ɔ f f t	d r ɪ ŋ k	d r æ ŋ k	d r æ ŋ k	NA	0	0	reg_d	other	vowel_change
model_template	f l ɑː p	f l ɑː p t	f l ɑː p t	d r ɑː p	d r ɑː p t	d r ɑː p t	f l ɑː p t	1	1	reg_t	reg_t	reg_t
model_template	ə p o ʊ z	ə p o ʊ z d	ə p o ʊ z d	r iː ə l a ɪ z	r iː ə l a ɪ z d	r iː ə l a ɪ z d	ə p o ʊ z d	1	1	reg_d	reg_d	reg_d
model_template	k ʌ l ɹ̩	k ʌ l ɹ̩ d	k ʌ l ɹ̩ d	k ʌ v ɹ̩	k ʌ v ɹ̩ d	k ʌ v ɹ̩ d	k ʌ l ɹ̩ d	1	1	reg_d	reg_d	reg_d
model_template	k æ m p	k æ m p t	k æ m p t	ʃ e ɪ p	ʃ e ɪ p t	ʃ e ɪ p t	k æ m p t	1	1	reg_t	reg_t	reg_t
model_template	s ɛ l	s o ʊ l d	s ɛ l d	j ɛ l	j ɛ l d	j ɛ l d	s ɛ l d	1	0	vowel_change_suffix	reg_d	reg_d
model_template	f l æ p	f l æ p t	f l æ p t	w a ɪ p	w a ɪ p t	w a ɪ p t	f l æ p t	1	1	reg_t	reg_t	reg_t
model_template	p r ɛ s	p r ɛ s t	p r ɛ s t	d r ɛ s	d r ɛ s t	d r ɛ s t	p r ɛ s t	1	1	reg_t	reg_t	reg_t
model_template	f ɪ l	f ɪ l d	f ɪ l	w ɪ n	w ɪ n	w ʌ n	f ɪ l	1	0	reg_d	no_change	no_change
model_template	b r æ n t͡ʃ	b r æ n t͡ʃ t	b r æ n t͡ʃ t	s k r æ t͡ʃ	s k r æ t͡ʃ t	s k r æ t͡ʃ t	b r æ n t͡ʃ t	1	1	reg_t	reg_t	reg_t
model_template	t a ɪ t ə n	t a ɪ t ə n d	t	w ɔ n t	w ɔ n t ə d	w ɔ n t ə d	t a ɪ t ə n ə d	0	0	reg_d	other	reg_əd
model_template	k æ p t ɪ v e ɪ t	k æ p t ɪ v e ɪ t ə d	k ə d	r ɪ l e ɪ t	r ɪ l e ɪ t ə d	r ɪ l e ɪ t ə d	k æ p t ɪ v e ɪ t ə d	0	1	reg_əd	other	reg_əd
model_template	t o ʊ s t	t o ʊ s t ə d	t o ʊ s t ə d	w e ɪ s t	w e ɪ s t ə d	w e ɪ s t ə d	t o ʊ s t ə d	1	1	reg_əd	reg_əd	reg_əd
model_template	d ɪ s ə p iː r	d ɪ s ə p iː r d	d ɪ p ə p ə d	ə ɡ r iː	ə ɡ r iː d	ə ɡ r iː d	d ɪ s ə p iː r d	0	1	reg_d	other	reg_d
model_template	b ɛ r	b o ʊ r	b ɛ r d	ʃ ɛ r	ʃ ɛ r d	ʃ ɛ r d	b ɛ r d	1	0	vowel_change	reg_d	reg_d
model_template	b ɛ r iː	b ɛ r iː d	b ɛ r iː d	m ɛ r iː	m ɛ r iː d	m ɛ r iː d	b ɛ r iː d	1	1	reg_d	reg_d	reg_d
model_template	s n iː k	s n iː k t	s n iː k t	s n ɪ f	s n ɪ f t	s n ɪ f t	s n iː k t	1	1	reg_t	reg_t	reg_t
model_template	l ʌ n t͡ʃ	l ʌ n t͡ʃ t	l ʌ n t͡ʃ t	m ʌ n t͡ʃ	m ʌ n t͡ʃ t	m ʌ n t͡ʃ t	l ʌ n t͡ʃ t	1	1	reg_t	reg_t	reg_t
model_template	m ɛ m ɹ̩ a ɪ z	m ɛ m ɹ̩ a ɪ z d	m ɛ m ɹ̩ a ɪ z d	s k w iː z	s k w iː z d	s k w iː z d	m ɛ m ɹ̩ a ɪ z d	1	1	reg_d	reg_d	reg_d
model_template	h a ɪ d	h ɪ d	h a ɪ d ə d	s a ɪ d	s a ɪ d ə d	s a ɪ d ə d	h a ɪ d ə d	1	0	vowel_change	reg_əd	reg_əd
model_template	w iː l	w iː l d	w iː l d	p iː l	p iː l d	p iː l d	w iː l d	1	1	reg_d	reg_d	reg_d
model_template	p æ t	p æ t ə d	p æ t	p ʊ t	p ʊ t	p ʊ t	p æ t	1	0	reg_əd	no_change	no_change
model_template	s k æ m p ɹ̩	s k æ m p ɹ̩ d	s k æ p r æ p ɹ̩ d	ɛ n d	ɛ n d ə d	ɛ n d ə d	s k æ m p ɹ̩ ə d	0	0	reg_d	other	reg_əd
model_template	p iː r	p iː r d	p iː r d	ʃ ɛ r	ʃ ɛ r d	ʃ ɛ r d	p iː r d	1	1	reg_d	reg_d	reg_d
model_template	ʃ æ m p uː	ʃ æ m p uː d	ʃ æ p t uː d	s w iː p	s w ɛ p t	s w ɛ p t	NA	0	0	reg_d	other	vowel_change_suffix
model_template	r e ɪ s	r e ɪ s t	r e ɪ s t	b l ɛ s	b l ɛ s t	b l ɛ s t	r e ɪ s t	1	1	reg_t	reg_t	reg_t
model_template	s t r ɛ t͡ʃ	s t r ɛ t͡ʃ t	s t r ɛ t͡ʃ t	t r æ m p	t r æ m p t	t r æ m p t	s t r ɛ t͡ʃ t	1	1	reg_t	reg_t	reg_t
model_template	k ə l æ p s	k ə l æ p s t	k ə l æ p s t	b æ l ə n s	b æ l ə n s t	b æ l ə n s t	k ə l æ p s t	1	1	reg_t	reg_t	reg_t
model_template	d r ɪ f t	d r ɪ f t ə d	d r ɪ f t ə d	p e ɪ n t	p e ɪ n t ə d	p e ɪ n t ə d	d r ɪ f t ə d	1	1	reg_əd	reg_əd	reg_əd
model_template	s t æ b	s t æ b d	s t æ b d	ɡ r æ b	ɡ r æ b d	ɡ r æ b d	s t æ b d	1	1	reg_d	reg_d	reg_d
model_template	t͡ʃ uː	t͡ʃ uː d	t͡ʃ o ʊ	f ɔ l	f ɛ l	f ɛ l	NA	0	0	reg_d	vowel_change	vowel_change
model_template	b ʌ b ə l	b ʌ b ə l d	b ʌ b ə l d	b æ b ə l	b æ b ə l d	b æ b ə l d	b ʌ b ə l d	1	1	reg_d	reg_d	reg_d
model_template	s a ʊ ɹ̩	s a ʊ ɹ̩ d	s a ʊ ɹ̩ d	f a ɪ ɹ̩	f a ɪ ɹ̩ d	f a ɪ ɹ̩ d	s a ʊ ɹ̩ d	1	1	reg_d	reg_d	reg_d
model_template	s t æ m p	s t æ m p t	s t æ m p t	ə n z ɪ p	ə n z ɪ p t	ə n z ɪ p t	s t æ m p t	1	1	reg_t	reg_t	reg_t
model_template	d͡ʒ ɹ̩ k	d͡ʒ ɹ̩ k t	d͡ʒ ɹ̩ k t	n ɹ̩ s	n ɹ̩ s t	n ɹ̩ s t	d͡ʒ ɹ̩ k t	1	1	reg_t	reg_t	reg_t
model_template	s ɔ	s ɔ d	s ɔ	s p r ɛ d	s p r ɛ d	s p r ɛ d	s ɔ	1	0	reg_d	no_change	no_change
model_template	f l ɪ p	f l ɪ p t	f l ɪ p t	w a ɪ p	w a ɪ p t	w a ɪ p t	f l ɪ p t	1	1	reg_t	reg_t	reg_t
model_template	h iː l	h iː l d	h ɹ̩ l d	h iː r	h ɹ̩ d	h ɹ̩ d	NA	0	0	reg_d	vowel_change_suffix	rhyme_replaced
model_template	s k r iː m	s k r iː m d	s k r iː m d	b ɪ l iː v	b ɪ l iː v d	b ɪ l iː v d	s k r iː m d	1	1	reg_d	reg_d	reg_d
model_template	h ʊ k	h ʊ k t	h ʊ k t	k ʊ k	k ʊ k t	k ʊ k t	h ʊ k t	1	1	reg_t	reg_t	reg_t
model_template	p ɪ t	p ɪ t ə d	p ɪ t ə d	n ɪ t	n ɪ t ə d	n ɪ t ə d	p ɪ t ə d	1	1	reg_əd	reg_əd	reg_əd
model_template	t r ʌ b ə l	t r ʌ b ə l d	t	w uː	w uː d	w uː d	t r ʌ b ə l d	0	1	reg_d	other	reg_d
model_template	ɪ m p r ə v a ɪ z	ɪ m p r ə v a ɪ z d	ɪ p v d	o ʊ v ɹ̩ l æ p	o ʊ v ɹ̩ l æ p t	o ʊ v ɹ̩ l æ p t	ɪ m p r ə v a ɪ z t	0	0	reg_d	other	reg_t
model_template	n e ɪ l	n e ɪ l d	n e ɪ l d	d͡ʒ e ɪ l	d͡ʒ e ɪ l d	d͡ʒ e ɪ l d	n e ɪ l d	1	1	reg_d	reg_d	reg_d
model_template	b a ɪ k	b a ɪ k t	b a ɪ k t	h a ɪ k	h a ɪ k t	h a ɪ k t	b a ɪ k t	1	1	reg_t	reg_t	reg_t
model_template	l ɑː k	l ɑː k t	l ɑː k t	n ɑː k	n ɑː k t	n ɑː k t	l ɑː k t	1	1	reg_t	reg_t	reg_t
model_template	r ɛ s t	r ɛ s t ə d	r ɛ s t ə d	b ɛ s t	b ɛ s t ə d	b ɛ s t ə d	r ɛ s t ə d	1	1	reg_əd	reg_əd	reg_əd
model_template	b iː p	b iː p t	b iː p t	b iː f	b iː f t	b iː f t	b iː p t	1	1	reg_t	reg_t	reg_t
model_template_chosen	s m a ɪ l	s m a ɪ l d	s m a ɪ l d	d a ɪ ə l	d a ɪ ə l d	d a ɪ ə l d	s m a ɪ l d	1	1	reg_d	reg_d	reg_d
model_template_chosen	r iː d	r ɛ d	r iː d	r ɪ d	r ɪ d	r ɪ d	r iː d	1	0	vowel_change	no_change	no_change
model_template_chosen	l a ɪ k	l a ɪ k t	l a ɪ k t	h a ɪ k	h a ɪ k t	h a ɪ k t	l a ɪ k t	1	1	reg_t	reg_t	reg_t
model_template_chosen	ʃ o ʊ	ʃ o ʊ d	ʃ o ʊ d	t o ʊ	t o ʊ d	t o ʊ d	ʃ o ʊ d	1	1	reg_d	reg_d	reg_d
model_template_chosen	b a ɪ t	b ɪ t	b a ɪ t ə d	r ɛ n t	r ɛ n t ə d	r ɛ n t ə d	b a ɪ t ə d	1	0	vowel_change	reg_əd	reg_əd
model_template_chosen	f l a ɪ	f l uː	f l a ɪ d	d r a ɪ	d r a ɪ d	d r a ɪ d	f l a ɪ d	1	0	vowel_change	reg_d	reg_d
model_template_chosen	h o ʊ p	h o ʊ p t	h o ʊ p t	w a ɪ p	w a ɪ p t	w a ɪ p t	h o ʊ p t	1	1	reg_t	reg_t	reg_t
model_template_chosen	o ʊ p ə n	o ʊ p ə n d	o ʊ p ə n d	h æ p ə n	h æ p ə n d	h æ p ə n d	o ʊ p ə n d	1	1	reg_d	reg_d	reg_d
model_template_chosen	r ʌ n	r æ n	r ʌ n d	m æ n	m æ n d	m æ n d	r ʌ n d	1	0	vowel_change	reg_d	reg_d
model_template_chosen	t ɔ ɪ	t ɔ ɪ d	t ɔ ɪ d	t a ɪ	t a ɪ d	t a ɪ d	t ɔ ɪ d	1	1	reg_d	reg_d	reg_d
model_template_chosen	p l e ɪ	p l e ɪ d	p l e ɪ d	s t e ɪ	s t e ɪ d	s t e ɪ d	p l e ɪ d	1	1	reg_d	reg_d	reg_d
model_template_chosen	w ɑː t͡ʃ	w ɑː t͡ʃ t	w ɑː t͡ʃ t	m æ t͡ʃ	m æ t͡ʃ t	m æ t͡ʃ t	w ɑː t͡ʃ t	1	1	reg_t	reg_t	reg_t
model_template_chosen	r iː t͡ʃ	r iː t͡ʃ t	r iː t͡ʃ t	b iː t͡ʃ	b iː t͡ʃ t	b iː t͡ʃ t	r iː t͡ʃ t	1	1	reg_t	reg_t	reg_t
model_template_chosen	æ s k	æ s k t	æ k s t	s e ɪ	s ɛ d	s ɛ d	NA	0	0	reg_t	coda_change	vowel_change_suffix
model_template_chosen	s m ɛ l	s m ɛ l d	s m ɛ l d	s p ɛ l	s p ɛ l d	s p ɛ l d	s m ɛ l d	1	1	reg_d	reg_d	reg_d
model_template_chosen	h æ ŋ	h ʌ ŋ	h æ ŋ d	b æ ŋ	b æ ŋ d	b æ ŋ d	h æ ŋ d	1	0	vowel_change	reg_d	reg_d
model_template_chosen	r a ɪ d	r o ʊ d	r o ʊ d	r a ɪ t	r o ʊ t	r o ʊ t	NA	0	0	vowel_change	vowel_change	vowel_change
model_template_chosen	s p ɪ l	s p ɪ l d	s p ʌ l d	s p ɪ n	s p ʌ n	s p ʌ n	NA	0	0	reg_d	vowel_change_suffix	vowel_change
model_template_chosen	p ɔ r	p ɔ r d	p ɔ r d	ʃ ɔ r	ʃ ɔ r d	ʃ ɔ r d	p ɔ r d	1	1	reg_d	reg_d	reg_d
model_template_chosen	b a ʊ	b a ʊ d	b ɔ t	b a ɪ	b ɔ t	b ɔ t	NA	0	0	reg_d	vowel_change_suffix	vowel_change_suffix
model_template_chosen	t ʌ t͡ʃ	t ʌ t͡ʃ t	t ʌ t͡ʃ t	m æ t͡ʃ	m æ t͡ʃ t	m æ t͡ʃ t	t ʌ t͡ʃ t	1	1	reg_t	reg_t	reg_t
model_template_chosen	k ɑː z	k ɑː z d	k ɑː z d	j uː z	j uː z d	j uː z d	k ɑː z d	1	1	reg_d	reg_d	reg_d
model_template_chosen	s t r a ɪ k	s t r ʌ k	s t r a ɪ k ə d	r ɪ l e ɪ t	r ɪ l e ɪ t ə d	r ɪ l e ɪ t ə d	s t r a ɪ k ə d	1	0	vowel_change	reg_əd	reg_əd
model_template_chosen	h ɹ̩ t	h ɹ̩ t	h ɹ̩ t	b iː t	b iː t	b iː t	h ɹ̩ t	1	1	no_change	no_change	no_change
model_template_chosen	h iː t	h iː t ə d	h ɹ̩ t	h iː r	h ɹ̩ d	h ɹ̩ d	NA	0	0	reg_əd	vowel_change	rhyme_replaced
model_template_chosen	f l a ʊ ɹ̩	f l a ʊ ɹ̩ d	f l a ʊ ɹ̩ d	k æ p t͡ʃ ɹ̩	k æ p t͡ʃ ɹ̩ d	k æ p t͡ʃ ɹ̩ d	f l a ʊ ɹ̩ d	1	1	reg_d	reg_d	reg_d
model_template_chosen	k l o ʊ z	k l o ʊ z d	k l o ʊ z d	s k w iː z	s k w iː z d	s k w iː z d	k l o ʊ z d	1	1	reg_d	reg_d	reg_d
model_template_chosen	m a ɪ n	m a ɪ n d	m a ɪ n d	iː v ɪ n	iː v ɪ n d	iː v ɪ n d	m a ɪ n d	1	1	reg_d	reg_d	reg_d
model_template_chosen	v ɪ z ɪ t	v ɪ z ɪ t ə d	v ɪ z ɪ t ə d	ə d m ɪ t	ə d m ɪ t ə d	ə d m ɪ t ə d	v ɪ z ɪ t ə d	1	1	reg_əd	reg_əd	reg_əd
model_template_chosen	t e ɪ s t	t e ɪ s t ə d	t e ɪ s t ə d	w e ɪ s t	w e ɪ s t ə d	w e ɪ s t ə d	t e ɪ s t ə d	1	1	reg_əd	reg_əd	reg_əd
model_template_chosen	b ʌ t ɹ̩	b ʌ t ɹ̩ d	b ʌ t ɹ̩ d	b ɑː ð ɹ̩	b ɑː ð ɹ̩ d	b ɑː ð ɹ̩ d	b ʌ t ɹ̩ d	1	1	reg_d	reg_d	reg_d
model_template_chosen	m e ɪ l	m e ɪ l d	m e ɪ l d	s e ɪ l	s e ɪ l d	s e ɪ l d	m e ɪ l d	1	1	reg_d	reg_d	reg_d
model_template_chosen	d ɪ ŋ	d ɪ ŋ d	d ʌ ŋ	d ɪ ɡ	d ʌ ɡ	d ʌ ɡ	NA	0	0	reg_d	vowel_change	vowel_change
model_template_chosen	s t ɑː p	s t ɑː p t	s t ɑː p t	s t ɛ p	s t ɛ p t	s t ɛ p t	s t ɑː p t	1	1	reg_t	reg_t	reg_t
model_template_chosen	ɪ k s a ɪ t	ɪ k s a ɪ t ə d	ɪ k s a ɪ t ə d	ɪ n v a ɪ t	ɪ n v a ɪ t ə d	ɪ n v a ɪ t ə d	ɪ k s a ɪ t ə d	1	1	reg_əd	reg_əd	reg_əd
model_template_chosen	f r a ɪ	f r a ɪ d	f r a ɪ d	k r a ɪ	k r a ɪ d	k r a ɪ d	f r a ɪ d	1	1	reg_d	reg_d	reg_d
model_template_chosen	s p iː k	s p o ʊ k	s p iː k t	θ æ ŋ k	θ æ ŋ k t	θ æ ŋ k t	s p iː k t	1	0	vowel_change	reg_t	reg_t
model_template_chosen	s k r æ m b ə l	s k r æ m b ə l d	s k r æ b ə l æ d	ɪ k s k l e ɪ m	ɪ k s k l e ɪ m d	ɪ k s k l e ɪ m d	s k r æ m b ə l d	0	1	reg_d	other	reg_d
model_template_chosen	t͡ʃ ɛ k	t͡ʃ ɛ k t	t͡ʃ ɛ k t	r ɛ k	r ɛ k t	r ɛ k t	t͡ʃ ɛ k t	1	1	reg_t	reg_t	reg_t
model_template_chosen	n ʌ m b ɹ̩	n ʌ m b ɹ̩ d	n m ʌ m b ɹ̩ b ə n d	k l a ɪ m	k l a ɪ m d	k l a ɪ m d	n ʌ m b ɹ̩ d	0	1	reg_d	other	reg_d
model_template_chosen	b ɛ n d	b ɛ n d ə d	b ɛ n d ə d	t ɛ n d	t ɛ n d ə d	t ɛ n d ə d	b ɛ n d ə d	1	1	reg_əd	reg_əd	reg_əd
model_template_chosen	t ɔ s	t ɔ s t	t ɔ s t	m ɛ s	m ɛ s t	m ɛ s t	t ɔ s t	1	1	reg_t	reg_t	reg_t
model_template_chosen	w ɪ s p ɹ̩	w ɪ s p ɹ̩ d	w ɪ s p ɹ̩ d	p ɪ k t͡ʃ ɹ̩	p ɪ k t͡ʃ ɹ̩ d	p ɪ k t͡ʃ ɹ̩ d	w ɪ s p ɹ̩ d	1	1	reg_d	reg_d	reg_d
model_template_chosen	a ɪ	a ɪ d	a ɪ d ɪ d	ʃ uː	ʃ uː d	ʃ uː d	a ɪ d	0	1	reg_d	other	reg_d
model_template_chosen	p ɑː p	p ɑː p t	p ɑː p t	h ɑː p	h ɑː p t	h ɑː p t	p ɑː p t	1	1	reg_t	reg_t	reg_t
model_template_chosen	ɪ ɡ z ɔ s t	ɪ ɡ z ɔ s t ə d	ɪ z ɔ s t ə d	b r e ɪ k	b r o ʊ k	b r o ʊ k	NA	0	0	reg_əd	other	vowel_change
model_template_chosen	b ɪ l d	b ɪ l t	b ɪ l d ə d	h æ n d	h æ n d ə d	h æ n d ə d	b ɪ l d ə d	1	0	coda_change	reg_əd	reg_əd
model_template_chosen	w ʌ n d ɹ̩	w ʌ n d ɹ̩ d	w ʌ n d ɹ̩ d	p ɪ k t͡ʃ ɹ̩	p ɪ k t͡ʃ ɹ̩ d	p ɪ k t͡ʃ ɹ̩ d	w ʌ n d ɹ̩ d	1	1	reg_d	reg_d	reg_d
model_template_chosen	k r æ k	k r æ k t	k r æ k t	t r æ k	t r æ k t	t r æ k t	k r æ k t	1	1	reg_t	reg_t	reg_t
model_template_chosen	n ɪ b ə l	n ɪ b ə l d	n ɪ b ə l d	ɡ ɑː b ə l	ɡ ɑː b ə l d	ɡ ɑː b ə l d	n ɪ b ə l d	1	1	reg_d	reg_d	reg_d
model_template_chosen	d ɪ l ɪ v ɹ̩	d ɪ l ɪ v ɹ̩ d	d ɪ l v ɪ v d	d r ɪ ŋ k	d r æ ŋ k	d r æ ŋ k	NA	0	0	reg_d	other	vowel_change
model_template_chosen	s k ɛ r	s k ɛ r d	s k ɛ r d	ɡ l ɛ r	ɡ l ɛ r d	ɡ l ɛ r d	s k ɛ r d	1	1	reg_d	reg_d	reg_d
model_template_chosen	ɔ f ɹ̩	ɔ f ɹ̩ d	ɔ f f t	h iː r	h ɹ̩ d	h ɹ̩ d	NA	0	0	reg_d	other	rhyme_replaced
model_template_chosen	f l ɑː p	f l ɑː p t	f l ɑː p t	p l ɑː p	p l ɑː p t	p l ɑː p t	f l ɑː p t	1	1	reg_t	reg_t	reg_t
model_template_chosen	ə p o ʊ z	ə p o ʊ z d	ə p o ʊ z d	s k w iː z	s k w iː z d	s k w iː z d	ə p o ʊ z d	1	1	reg_d	reg_d	reg_d
model_template_chosen	k ʌ l ɹ̩	k ʌ l ɹ̩ d	k ʌ l ɹ̩ d	k ʌ v ɹ̩	k ʌ v ɹ̩ d	k ʌ v ɹ̩ d	k ʌ l ɹ̩ d	1	1	reg_d	reg_d	reg_d
model_template_chosen	k æ m p	k æ m p t	k æ m p t	d͡ʒ ʌ m p	d͡ʒ ʌ m p t	d͡ʒ ʌ m p t	k æ m p t	1	1	reg_t	reg_t	reg_t
model_template_chosen	s ɛ l	s o ʊ l d	s ɛ l d	j ɛ l	j ɛ l d	j ɛ l d	s ɛ l d	1	0	vowel_change_suffix	reg_d	reg_d
model_template_chosen	f l æ p	f l æ p t	f l æ p t	s l æ p	s l æ p t	s l æ p t	f l æ p t	1	1	reg_t	reg_t	reg_t
model_template_chosen	p r ɛ s	p r ɛ s t	p r ɛ s t	d r ɛ s	d r ɛ s t	d r ɛ s t	p r ɛ s t	1	1	reg_t	reg_t	reg_t
model_template_chosen	f ɪ l	f ɪ l d	f ɪ l	k ʌ t	k ʌ t	k ʌ t	f ɪ l	1	0	reg_d	no_change	no_change
model_template_chosen	b r æ n t͡ʃ	b r æ n t͡ʃ t	b r æ n t͡ʃ t	s k r æ t͡ʃ	s k r æ t͡ʃ t	s k r æ t͡ʃ t	b r æ n t͡ʃ t	1	1	reg_t	reg_t	reg_t
model_template_chosen	t a ɪ t ə n	t a ɪ t ə n d	t	d a ɪ v	d a ɪ v	d o ʊ v	t a ɪ t ə n	0	0	reg_d	other	no_change
model_template_chosen	k æ p t ɪ v e ɪ t	k æ p t ɪ v e ɪ t ə d	k ə d	ɡ r æ v ə t e ɪ t	ɡ r æ v ə t e ɪ t ə d	ɡ r æ v ə t e ɪ t ə d	k æ p t ɪ v e ɪ t ə d	0	1	reg_əd	other	reg_əd
model_template_chosen	t o ʊ s t	t o ʊ s t ə d	t o ʊ s t ə d	w e ɪ s t	w e ɪ s t ə d	w e ɪ s t ə d	t o ʊ s t ə d	1	1	reg_əd	reg_əd	reg_əd
model_template_chosen	d ɪ s ə p iː r	d ɪ s ə p iː r d	d ɪ p ə p ə d	s w iː p	s w ɛ p t	s w ɛ p t	NA	0	0	reg_d	other	vowel_change_suffix
model_template_chosen	b ɛ r	b o ʊ r	b ɛ r d	ʃ ɛ r	ʃ ɛ r d	ʃ ɛ r d	b ɛ r d	1	0	vowel_change	reg_d	reg_d
model_template_chosen	b ɛ r iː	b ɛ r iː d	b ɛ r iː d	m ɛ r iː	m ɛ r iː d	m ɛ r iː d	b ɛ r iː d	1	1	reg_d	reg_d	reg_d
model_template_chosen	s n iː k	s n iː k t	s n iː k t	m ɑː r k	m ɑː r k t	m ɑː r k t	s n iː k t	1	1	reg_t	reg_t	reg_t
model_template_chosen	l ʌ n t͡ʃ	l ʌ n t͡ʃ t	l ʌ n t͡ʃ t	m ʌ n t͡ʃ	m ʌ n t͡ʃ t	m ʌ n t͡ʃ t	l ʌ n t͡ʃ t	1	1	reg_t	reg_t	reg_t
model_template_chosen	m ɛ m ɹ̩ a ɪ z	m ɛ m ɹ̩ a ɪ z d	m ɛ m ɹ̩ a ɪ z d	ɪ k s k j uː z	ɪ k s k j uː z d	ɪ k s k j uː z d	m ɛ m ɹ̩ a ɪ z d	1	1	reg_d	reg_d	reg_d
model_template_chosen	h a ɪ d	h ɪ d	h a ɪ d ə d	s a ɪ d	s a ɪ d ə d	s a ɪ d ə d	h a ɪ d ə d	1	0	vowel_change	reg_əd	reg_əd
model_template_chosen	w iː l	w iː l d	w iː l d	p iː l	p iː l d	p iː l d	w iː l d	1	1	reg_d	reg_d	reg_d
model_template_chosen	p æ t	p æ t ə d	p æ t	p ʊ t	p ʊ t	p ʊ t	p æ t	1	0	reg_əd	no_change	no_change
model_template_chosen	s k æ m p ɹ̩	s k æ m p ɹ̩ d	s k æ p r æ p ɹ̩ d	ɛ n d	ɛ n d ə d	ɛ n d ə d	s k æ m p ɹ̩ ə d	0	0	reg_d	other	reg_əd
model_template_chosen	p iː r	p iː r d	p iː r d	ʃ ɛ r	ʃ ɛ r d	ʃ ɛ r d	p iː r d	1	1	reg_d	reg_d	reg_d
model_template_chosen	ʃ æ m p uː	ʃ æ m p uː d	ʃ æ p t uː d	l a ɪ t	l ɪ t	l ɪ t	NA	0	0	reg_d	other	vowel_change
model_template_chosen	r e ɪ s	r e ɪ s t	r e ɪ s t	f e ɪ s	f e ɪ s t	f e ɪ s t	r e ɪ s t	1	1	reg_t	reg_t	reg_t
model_template_chosen	s t r ɛ t͡ʃ	s t r ɛ t͡ʃ t	s t r ɛ t͡ʃ t	s k r æ t͡ʃ	s k r æ t͡ʃ t	s k r æ t͡ʃ t	s t r ɛ t͡ʃ t	1	1	reg_t	reg_t	reg_t
model_template_chosen	k ə l æ p s	k ə l æ p s t	k ə l æ p s t	r ɪ l æ k s	r ɪ l æ k s t	r ɪ l æ k s t	k ə l æ p s t	1	1	reg_t	reg_t	reg_t
model_template_chosen	d r ɪ f t	d r ɪ f t ə d	d r ɪ f t ə d	p e ɪ n t	p e ɪ n t ə d	p e ɪ n t ə d	d r ɪ f t ə d	1	1	reg_əd	reg_əd	reg_əd
model_template_chosen	s t æ b	s t æ b d	s t æ b d	ɡ r æ b	ɡ r æ b d	ɡ r æ b d	s t æ b d	1	1	reg_d	reg_d	reg_d
model_template_chosen	t͡ʃ uː	t͡ʃ uː d	t͡ʃ o ʊ	r a ɪ t	r o ʊ t	r o ʊ t	NA	0	0	reg_d	vowel_change	vowel_change
model_template_chosen	b ʌ b ə l	b ʌ b ə l d	b ʌ b ə l d	b æ b ə l	b æ b ə l d	b æ b ə l d	b ʌ b ə l d	1	1	reg_d	reg_d	reg_d
model_template_chosen	s a ʊ ɹ̩	s a ʊ ɹ̩ d	s a ʊ ɹ̩ d	f a ɪ ɹ̩	f a ɪ ɹ̩ d	f a ɪ ɹ̩ d	s a ʊ ɹ̩ d	1	1	reg_d	reg_d	reg_d
model_template_chosen	s t æ m p	s t æ m p t	s t æ m p t	s p æ ŋ k	s p æ ŋ k t	s p æ ŋ k t	s t æ m p t	1	1	reg_t	reg_t	reg_t
model_template_chosen	d͡ʒ ɹ̩ k	d͡ʒ ɹ̩ k t	d͡ʒ ɹ̩ k t	w ɹ̩ k	w ɹ̩ k t	w ɹ̩ k t	d͡ʒ ɹ̩ k t	1	1	reg_t	reg_t	reg_t
model_template_chosen	s ɔ	s ɔ d	s ɔ	r ɪ d	r ɪ d	r ɪ d	s ɔ	1	0	reg_d	no_change	no_change
model_template_chosen	f l ɪ p	f l ɪ p t	f l ɪ p t	s l ɪ p	s l ɪ p t	s l ɪ p t	f l ɪ p t	1	1	reg_t	reg_t	reg_t
model_template_chosen	h iː l	h iː l d	h ɹ̩ l d	h iː r	h ɹ̩ d	h ɹ̩ d	NA	0	0	reg_d	vowel_change_suffix	rhyme_replaced
model_template_chosen	s k r iː m	s k r iː m d	s k r iː m d	b ɪ l iː v	b ɪ l iː v d	b ɪ l iː v d	s k r iː m d	1	1	reg_d	reg_d	reg_d
model_template_chosen	h ʊ k	h ʊ k t	h ʊ k t	k ʊ k	k ʊ k t	k ʊ k t	h ʊ k t	1	1	reg_t	reg_t	reg_t
model_template_chosen	p ɪ t	p ɪ t ə d	p ɪ t ə d	p ɛ t	p ɛ t ə d	p ɛ t ə d	p ɪ t ə d	1	1	reg_əd	reg_əd	reg_əd
model_template_chosen	t r ʌ b ə l	t r ʌ b ə l d	t	d a ɪ v	d a ɪ v	d o ʊ v	t r ʌ b ə l	0	0	reg_d	other	no_change
model_template_chosen	ɪ m p r ə v a ɪ z	ɪ m p r ə v a ɪ z d	ɪ p v d	o ʊ v ɹ̩ l æ p	o ʊ v ɹ̩ l æ p t	o ʊ v ɹ̩ l æ p t	ɪ m p r ə v a ɪ z t	0	0	reg_d	other	reg_t
model_template_chosen	n e ɪ l	n e ɪ l d	n e ɪ l d	d͡ʒ e ɪ l	d͡ʒ e ɪ l d	d͡ʒ e ɪ l d	n e ɪ l d	1	1	reg_d	reg_d	reg_d
model_template_chosen	b a ɪ k	b a ɪ k t	b a ɪ k t	h a ɪ k	h a ɪ k t	h a ɪ k t	b a ɪ k t	1	1	reg_t	reg_t	reg_t
model_template_chosen	l ɑː k	l ɑː k t	l ɑː k t	s ɑː k	s ɑː k t	s ɑː k t	l ɑː k t	1	1	reg_t	reg_t	reg_t
model_template_chosen	r ɛ s t	r ɛ s t ə d	r ɛ s t ə d	b ɛ s t	b ɛ s t ə d	b ɛ s t ə d	r ɛ s t ə d	1	1	reg_əd	reg_əd	reg_əd
model_template_chosen	b iː p	b iː p t	b iː p t	b iː f	b iː f t	b iː f t	b iː p t	1	1	reg_t	reg_t	reg_t
model_jacobian	s m a ɪ l	s m a ɪ l d	s m a ɪ l d	d a ɪ ə l	d a ɪ ə l d	d a ɪ ə l d	s m a ɪ l d	1	1	reg_d	reg_d	reg_d
model_jacobian	r iː d	r ɛ d	r iː d	r ɪ d	r ɪ d	r ɪ d	r iː d	1	0	vowel_change	no_change	no_change
model_jacobian	l a ɪ k	l a ɪ k t	l a ɪ k t	h a ɪ k	h a ɪ k t	h a ɪ k t	l a ɪ k t	1	1	reg_t	reg_t	reg_t
model_jacobian	ʃ o ʊ	ʃ o ʊ d	ʃ o ʊ d	t o ʊ	t o ʊ d	t o ʊ d	ʃ o ʊ d	1	1	reg_d	reg_d	reg_d
model_jacobian	b a ɪ t	b ɪ t	b a ɪ t ə d	b o ʊ t	b o ʊ t ə d	b o ʊ t ə d	b a ɪ t ə d	1	0	vowel_change	reg_əd	reg_əd
model_jacobian	f l a ɪ	f l uː	f l a ɪ d	k r a ɪ	k r a ɪ d	k r a ɪ d	f l a ɪ d	1	0	vowel_change	reg_d	reg_d
model_jacobian	h o ʊ p	h o ʊ p t	h o ʊ p t	w a ɪ p	w a ɪ p t	w a ɪ p t	h o ʊ p t	1	1	reg_t	reg_t	reg_t
model_jacobian	o ʊ p ə n	o ʊ p ə n d	o ʊ p ə n d	h æ p ə n	h æ p ə n d	h æ p ə n d	o ʊ p ə n d	1	1	reg_d	reg_d	reg_d
model_jacobian	r ʌ n	r æ n	r ʌ n d	m æ n	m æ n d	m æ n d	r ʌ n d	1	0	vowel_change	reg_d	reg_d
model_jacobian	t ɔ ɪ	t ɔ ɪ d	t ɔ ɪ d	t a ɪ	t a ɪ d	t a ɪ d	t ɔ ɪ d	1	1	reg_d	reg_d	reg_d
model_jacobian	p l e ɪ	p l e ɪ d	p l e ɪ d	s t e ɪ	s t e ɪ d	s t e ɪ d	p l e ɪ d	1	1	reg_d	reg_d	reg_d
model_jacobian	w ɑː t͡ʃ	w ɑː t͡ʃ t	w ɑː t͡ʃ t	m æ t͡ʃ	m æ t͡ʃ t	m æ t͡ʃ t	w ɑː t͡ʃ t	1	1	reg_t	reg_t	reg_t
model_jacobian	r iː t͡ʃ	r iː t͡ʃ t	r iː t͡ʃ t	b iː t͡ʃ	b iː t͡ʃ t	b iː t͡ʃ t	r iː t͡ʃ t	1	1	reg_t	reg_t	reg_t
model_jacobian	æ s k	æ s k t	æ k s t	f ɔ l	f ɛ l	f ɛ l	NA	0	0	reg_t	coda_change	vowel_change
model_jacobian	s m ɛ l	s m ɛ l d	s m ɛ l d	s p ɛ l	s p ɛ l d	s p ɛ l d	s m ɛ l d	1	1	reg_d	reg_d	reg_d
model_jacobian	h æ ŋ	h ʌ ŋ	h æ ŋ d	b æ ŋ	b æ ŋ d	b æ ŋ d	h æ ŋ d	1	0	vowel_change	reg_d	reg_d
model_jacobian	r a ɪ d	r o ʊ d	r o ʊ d	r a ɪ t	r o ʊ t	r o ʊ t	NA	0	0	vowel_change	vowel_change	vowel_change
model_jacobian	s p ɪ l	s p ɪ l d	s p ʌ l d	s p ɪ n	s p ʌ n	s p ʌ n	NA	0	0	reg_d	vowel_change_suffix	vowel_change
model_jacobian	p ɔ r	p ɔ r d	p ɔ r d	ʃ ɔ r	ʃ ɔ r d	ʃ ɔ r d	p ɔ r d	1	1	reg_d	reg_d	reg_d
model_jacobian	b a ʊ	b a ʊ d	b ɔ t	b a ɪ	b ɔ t	b ɔ t	NA	0	0	reg_d	vowel_change_suffix	vowel_change_suffix
model_jacobian	t ʌ t͡ʃ	t ʌ t͡ʃ t	t ʌ t͡ʃ t	m æ t͡ʃ	m æ t͡ʃ t	m æ t͡ʃ t	t ʌ t͡ʃ t	1	1	reg_t	reg_t	reg_t
model_jacobian	k ɑː z	k ɑː z d	k ɑː z d	j uː z	j uː z d	j uː z d	k ɑː z d	1	1	reg_d	reg_d	reg_d
model_jacobian	s t r a ɪ k	s t r ʌ k	s t r a ɪ k ə d	r ɪ l e ɪ t	r ɪ l e ɪ t ə d	r ɪ l e ɪ t ə d	s t r a ɪ k ə d	1	0	vowel_change	reg_əd	reg_əd
model_jacobian	h ɹ̩ t	h ɹ̩ t	h ɹ̩ t	b iː t	b iː t	b iː t	h ɹ̩ t	1	1	no_change	no_change	no_change
model_jacobian	h iː t	h iː t ə d	h ɹ̩ t	h iː r	h ɹ̩ d	h ɹ̩ d	NA	0	0	reg_əd	vowel_change	rhyme_replaced
model_jacobian	f l a ʊ ɹ̩	f l a ʊ ɹ̩ d	f l a ʊ ɹ̩ d	p ɪ k t͡ʃ ɹ̩	p ɪ k t͡ʃ ɹ̩ d	p ɪ k t͡ʃ ɹ̩ d	f l a ʊ ɹ̩ d	1	1	reg_d	reg_d	reg_d
model_jacobian	k l o ʊ z	k l o ʊ z d	k l o ʊ z d	f l o ʊ t	f l o ʊ t ə d	f l o ʊ t ə d	k l o ʊ z ə d	0	0	reg_d	reg_d	reg_əd
model_jacobian	m a ɪ n	m a ɪ n d	m a ɪ n d	iː v ɪ n	iː v ɪ n d	iː v ɪ n d	m a ɪ n d	1	1	reg_d	reg_d	reg_d
model_jacobian	v ɪ z ɪ t	v ɪ z ɪ t ə d	v ɪ z ɪ t ə d	ə d m ɪ t	ə d m ɪ t ə d	ə d m ɪ t ə d	v ɪ z ɪ t ə d	1	1	reg_əd	reg_əd	reg_əd
model_jacobian	t e ɪ s t	t e ɪ s t ə d	t e ɪ s t ə d	w e ɪ s t	w e ɪ s t ə d	w e ɪ s t ə d	t e ɪ s t ə d	1	1	reg_əd	reg_əd	reg_əd
model_jacobian	b ʌ t ɹ̩	b ʌ t ɹ̩ d	b ʌ t ɹ̩ d	b ɑː ð ɹ̩	b ɑː ð ɹ̩ d	b ɑː ð ɹ̩ d	b ʌ t ɹ̩ d	1	1	reg_d	reg_d	reg_d
model_jacobian	m e ɪ l	m e ɪ l d	m e ɪ l d	d͡ʒ e ɪ l	d͡ʒ e ɪ l d	d͡ʒ e ɪ l d	m e ɪ l d	1	1	reg_d	reg_d	reg_d
model_jacobian	d ɪ ŋ	d ɪ ŋ d	d ʌ ŋ	d ɪ ɡ	d ʌ ɡ	d ʌ ɡ	NA	0	0	reg_d	vowel_change	vowel_change
model_jacobian	s t ɑː p	s t ɑː p t	s t ɑː p t	s t ɛ p	s t ɛ p t	s t ɛ p t	s t ɑː p t	1	1	reg_t	reg_t	reg_t
model_jacobian	ɪ k s a ɪ t	ɪ k s a ɪ t ə d	ɪ k s a ɪ t ə d	ɪ n v a ɪ t	ɪ n v a ɪ t ə d	ɪ n v a ɪ t ə d	ɪ k s a ɪ t ə d	1	1	reg_əd	reg_əd	reg_əd
model_jacobian	f r a ɪ	f r a ɪ d	f r a ɪ d	k r a ɪ	k r a ɪ d	k r a ɪ d	f r a ɪ d	1	1	reg_d	reg_d	reg_d
model_jacobian	s p iː k	s p o ʊ k	s p iː k t	θ æ ŋ k	θ æ ŋ k t	θ æ ŋ k t	s p iː k t	1	0	vowel_change	reg_t	reg_t
model_jacobian	s k r æ m b ə l	s k r æ m b ə l d	s k r æ b ə l æ d	r ɪ p l a ɪ	r ɪ p l a ɪ d	r ɪ p l a ɪ d	s k r æ m b ə l d	0	1	reg_d	other	reg_d
model_jacobian	t͡ʃ ɛ k	t͡ʃ ɛ k t	t͡ʃ ɛ k t	r ɛ k	r ɛ k t	r ɛ k t	t͡ʃ ɛ k t	1	1	reg_t	reg_t	reg_t
model_jacobian	n ʌ m b ɹ̩	n ʌ m b ɹ̩ d	n m ʌ m b ɹ̩ b ə n d	h o ʊ l d	h ɛ l d	h ɛ l d	NA	0	0	reg_d	other	vowel_change
model_jacobian	b ɛ n d	b ɛ n d ə d	b ɛ n d ə d	t ɛ n d	t ɛ n d ə d	t ɛ n d ə d	b ɛ n d ə d	1	1	reg_əd	reg_əd	reg_əd
model_jacobian	t ɔ s	t ɔ s t	t ɔ s t	b ɑː s	b ɑː s t	b ɑː s t	t ɔ s t	1	1	reg_t	reg_t	reg_t
model_jacobian	w ɪ s p ɹ̩	w ɪ s p ɹ̩ d	w ɪ s p ɹ̩ d	f ɪ ɡ j ɹ̩	f ɪ ɡ j ɹ̩ d	f ɪ ɡ j ɹ̩ d	w ɪ s p ɹ̩ d	1	1	reg_d	reg_d	reg_d
model_jacobian	a ɪ	a ɪ d	a ɪ d ɪ d	ʃ uː	ʃ uː d	ʃ uː d	a ɪ d	0	1	reg_d	other	reg_d
model_jacobian	p ɑː p	p ɑː p t	p ɑː p t	h ɑː p	h ɑː p t	h ɑː p t	p ɑː p t	1	1	reg_t	reg_t	reg_t
model_jacobian	ɪ ɡ z ɔ s t	ɪ ɡ z ɔ s t ə d	ɪ z ɔ s t ə d	h o ʊ l d	h ɛ l d	h ɛ l d	NA	0	0	reg_əd	other	vowel_change
model_jacobian	b ɪ l d	b ɪ l t	b ɪ l d ə d	h æ n d	h æ n d ə d	h æ n d ə d	b ɪ l d ə d	1	0	coda_change	reg_əd	reg_əd
model_jacobian	w ʌ n d ɹ̩	w ʌ n d ɹ̩ d	w ʌ n d ɹ̩ d	s t æ ɡ ɹ̩	s t æ ɡ ɹ̩ d	s t æ ɡ ɹ̩ d	w ʌ n d ɹ̩ d	1	1	reg_d	reg_d	reg_d
model_jacobian	k r æ k	k r æ k t	k r æ k t	t r æ k	t r æ k t	t r æ k t	k r æ k t	1	1	reg_t	reg_t	reg_t
model_jacobian	n ɪ b ə l	n ɪ b ə l d	n ɪ b ə l d	ɡ ɑː b ə l	ɡ ɑː b ə l d	ɡ ɑː b ə l d	n ɪ b ə l d	1	1	reg_d	reg_d	reg_d
model_jacobian	d ɪ l ɪ v ɹ̩	d ɪ l ɪ v ɹ̩ d	d ɪ l v ɪ v d	b r e ɪ k	b r o ʊ k	b r o ʊ k	NA	0	0	reg_d	other	vowel_change
model_jacobian	s k ɛ r	s k ɛ r d	s k ɛ r d	ɡ l ɛ r	ɡ l ɛ r d	ɡ l ɛ r d	s k ɛ r d	1	1	reg_d	reg_d	reg_d
model_jacobian	ɔ f ɹ̩	ɔ f ɹ̩ d	ɔ f f t	b l iː d	b l ɛ d	b l ɛ d	NA	0	0	reg_d	other	vowel_change
model_jacobian	f l ɑː p	f l ɑː p t	f l ɑː p t	s l æ p	s l æ p t	s l æ p t	f l ɑː p t	1	1	reg_t	reg_t	reg_t
model_jacobian	ə p o ʊ z	ə p o ʊ z d	ə p o ʊ z d	s k w iː z	s k w iː z d	s k w iː z d	ə p o ʊ z d	1	1	reg_d	reg_d	reg_d
model_jacobian	k ʌ l ɹ̩	k ʌ l ɹ̩ d	k ʌ l ɹ̩ d	k ʌ v ɹ̩	k ʌ v ɹ̩ d	k ʌ v ɹ̩ d	k ʌ l ɹ̩ d	1	1	reg_d	reg_d	reg_d
model_jacobian	k æ m p	k æ m p t	k æ m p t	d͡ʒ ʌ m p	d͡ʒ ʌ m p t	d͡ʒ ʌ m p t	k æ m p t	1	1	reg_t	reg_t	reg_t
model_jacobian	s ɛ l	s o ʊ l d	s ɛ l d	j ɛ l	j ɛ l d	j ɛ l d	s ɛ l d	1	0	vowel_change_suffix	reg_d	reg_d
model_jacobian	f l æ p	f l æ p t	f l æ p t	s l æ p	s l æ p t	s l æ p t	f l æ p t	1	1	reg_t	reg_t	reg_t
model_jacobian	p r ɛ s	p r ɛ s t	p r ɛ s t	d r ɛ s	d r ɛ s t	d r ɛ s t	p r ɛ s t	1	1	reg_t	reg_t	reg_t
model_jacobian	f ɪ l	f ɪ l d	f ɪ l	k ɪ l	k ɪ l d	k ɪ l d	f ɪ l d	0	1	reg_d	no_change	reg_d
model_jacobian	b r æ n t͡ʃ	b r æ n t͡ʃ t	b r æ n t͡ʃ t	s k r æ t͡ʃ	s k r æ t͡ʃ t	s k r æ t͡ʃ t	b r æ n t͡ʃ t	1	1	reg_t	reg_t	reg_t
model_jacobian	t a ɪ t ə n	t a ɪ t ə n d	t	t e ɪ k	t ʊ k	t ʊ k	NA	0	0	reg_d	other	vowel_change
model_jacobian	k æ p t ɪ v e ɪ t	k æ p t ɪ v e ɪ t ə d	k ə d	ɡ r æ v ə t e ɪ t	ɡ r æ v ə t e ɪ t ə d	ɡ r æ v ə t e ɪ t ə d	k æ p t ɪ v e ɪ t ə d	0	1	reg_əd	other	reg_əd
model_jacobian	t o ʊ s t	t o ʊ s t ə d	t o ʊ s t ə d	w e ɪ s t	w e ɪ s t ə d	w e ɪ s t ə d	t o ʊ s t ə d	1	1	reg_əd	reg_əd	reg_əd
model_jacobian	d ɪ s ə p iː r	d ɪ s ə p iː r d	d ɪ p ə p ə d	b ɪ ɡ ɪ n	b ɪ ɡ æ n	b ɪ ɡ æ n	NA	0	0	reg_d	other	vowel_change
model_jacobian	b ɛ r	b o ʊ r	b ɛ r d	ʃ ɛ r	ʃ ɛ r d	ʃ ɛ r d	b ɛ r d	1	0	vowel_change	reg_d	reg_d
model_jacobian	b ɛ r iː	b ɛ r iː d	b ɛ r iː d	m ɛ r iː	m ɛ r iː d	m ɛ r iː d	b ɛ r iː d	1	1	reg_d	reg_d	reg_d
model_jacobian	s n iː k	s n iː k t	s n iː k t	m ɑː r k	m ɑː r k t	m ɑː r k t	s n iː k t	1	1	reg_t	reg_t	reg_t
model_jacobian	l ʌ n t͡ʃ	l ʌ n t͡ʃ t	l ʌ n t͡ʃ t	m ʌ n t͡ʃ	m ʌ n t͡ʃ t	m ʌ n t͡ʃ t	l ʌ n t͡ʃ t	1	1	reg_t	reg_t	reg_t
model_jacobian	m ɛ m ɹ̩ a ɪ z	m ɛ m ɹ̩ a ɪ z d	m ɛ m ɹ̩ a ɪ z d	s ɹ̩ p r a ɪ z	s ɹ̩ p r a ɪ z d	s ɹ̩ p r a ɪ z d	m ɛ m ɹ̩ a ɪ z d	1	1	reg_d	reg_d	reg_d
model_jacobian	h a ɪ d	h ɪ d	h a ɪ d ə d	s a ɪ d	s a ɪ d ə d	s a ɪ d ə d	h a ɪ d ə d	1	0	vowel_change	reg_əd	reg_əd
model_jacobian	w iː l	w iː l d	w iː l d	p iː l	p iː l d	p iː l d	w iː l d	1	1	reg_d	reg_d	reg_d
model_jacobian	p æ t	p æ t ə d	p æ t	p ʊ t	p ʊ t	p ʊ t	p æ t	1	0	reg_əd	no_change	no_change
model_jacobian	s k æ m p ɹ̩	s k æ m p ɹ̩ d	s k æ p r æ p ɹ̩ d	b r e ɪ k	b r o ʊ k	b r o ʊ k	NA	0	0	reg_d	other	vowel_change
model_jacobian	p iː r	p iː r d	p iː r d	ʃ ɛ r	ʃ ɛ r d	ʃ ɛ r d	p iː r d	1	1	reg_d	reg_d	reg_d
model_jacobian	ʃ æ m p uː	ʃ æ m p uː d	ʃ æ p t uː d	b r e ɪ k	b r o ʊ k	b r o ʊ k	NA	0	0	reg_d	other	vowel_change
model_jacobian	r e ɪ s	r e ɪ s t	r e ɪ s t	f e ɪ s	f e ɪ s t	f e ɪ s t	r e ɪ s t	1	1	reg_t	reg_t	reg_t
model_jacobian	s t r ɛ t͡ʃ	s t r ɛ t͡ʃ t	s t r ɛ t͡ʃ t	s k r æ t͡ʃ	s k r æ t͡ʃ t	s k r æ t͡ʃ t	s t r ɛ t͡ʃ t	1	1	reg_t	reg_t	reg_t
model_jacobian	k ə l æ p s	k ə l æ p s t	k ə l æ p s t	r ɪ l æ k s	r ɪ l æ k s t	r ɪ l æ k s t	k ə l æ p s t	1	1	reg_t	reg_t	reg_t
model_jacobian	d r ɪ f t	d r ɪ f t ə d	d r ɪ f t ə d	p e ɪ n t	p e ɪ n t ə d	p e ɪ n t ə d	d r ɪ f t ə d	1	1	reg_əd	reg_əd	reg_əd
model_jacobian	s t æ b	s t æ b d	s t æ b d	ɡ r æ b	ɡ r æ b d	ɡ r æ b d	s t æ b d	1	1	reg_d	reg_d	reg_d
model_jacobian	t͡ʃ uː	t͡ʃ uː d	t͡ʃ o ʊ	s iː	s ɔ	s ɔ	NA	0	0	reg_d	vowel_change	vowel_change
model_jacobian	b ʌ b ə l	b ʌ b ə l d	b ʌ b ə l d	b æ b ə l	b æ b ə l d	b æ b ə l d	b ʌ b ə l d	1	1	reg_d	reg_d	reg_d
model_jacobian	s a ʊ ɹ̩	s a ʊ ɹ̩ d	s a ʊ ɹ̩ d	f a ɪ ɹ̩	f a ɪ ɹ̩ d	f a ɪ ɹ̩ d	s a ʊ ɹ̩ d	1	1	reg_d	reg_d	reg_d
model_jacobian	s t æ m p	s t æ m p t	s t æ m p t	ə n z ɪ p	ə n z ɪ p t	ə n z ɪ p t	s t æ m p t	1	1	reg_t	reg_t	reg_t
model_jacobian	d͡ʒ ɹ̩ k	d͡ʒ ɹ̩ k t	d͡ʒ ɹ̩ k t	w ɹ̩ k	w ɹ̩ k t	w ɹ̩ k t	d͡ʒ ɹ̩ k t	1	1	reg_t	reg_t	reg_t
model_jacobian	s ɔ	s ɔ d	s ɔ	d r ɔ	d r uː	d r uː	s uː	0	0	reg_d	no_change	vowel_change
model_jacobian	f l ɪ p	f l ɪ p t	f l ɪ p t	s l ɪ p	s l ɪ p t	s l ɪ p t	f l ɪ p t	1	1	reg_t	reg_t	reg_t
model_jacobian	h iː l	h iː l d	h ɹ̩ l d	h iː r	h ɹ̩ d	h ɹ̩ d	NA	0	0	reg_d	vowel_change_suffix	rhyme_replaced
model_jacobian	s k r iː m	s k r iː m d	s k r iː m d	b ɪ l iː v	b ɪ l iː v d	b ɪ l iː v d	s k r iː m d	1	1	reg_d	reg_d	reg_d
model_jacobian	h ʊ k	h ʊ k t	h ʊ k t	k ʊ k	k ʊ k t	k ʊ k t	h ʊ k t	1	1	reg_t	reg_t	reg_t
model_jacobian	p ɪ t	p ɪ t ə d	p ɪ t ə d	p ʊ t	p ʊ t	p ʊ t	p ɪ t	0	0	reg_əd	reg_əd	no_change
model_jacobian	t r ʌ b ə l	t r ʌ b ə l d	t	h o ʊ l d	h ɛ l d	h ɛ l d	NA	0	0	reg_d	other	vowel_change
model_jacobian	ɪ m p r ə v a ɪ z	ɪ m p r ə v a ɪ z d	ɪ p v d	ɛ n d͡ʒ ɔ ɪ	ɛ n d͡ʒ ɔ ɪ d	ɛ n d͡ʒ ɔ ɪ d	ɪ m p r ə v a ɪ z d	0	1	reg_d	other	reg_d
model_jacobian	n e ɪ l	n e ɪ l d	n e ɪ l d	d͡ʒ e ɪ l	d͡ʒ e ɪ l d	d͡ʒ e ɪ l d	n e ɪ l d	1	1	reg_d	reg_d	reg_d
model_jacobian	b a ɪ k	b a ɪ k t	b a ɪ k t	h a ɪ k	h a ɪ k t	h a ɪ k t	b a ɪ k t	1	1	reg_t	reg_t	reg_t
model_jacobian	l ɑː k	l ɑː k t	l ɑː k t	s ɑː k	s ɑː k t	s ɑː k t	l ɑː k t	1	1	reg_t	reg_t	reg_t
model_jacobian	r ɛ s t	r ɛ s t ə d	r ɛ s t ə d	b ɛ s t	b ɛ s t ə d	b ɛ s t ə d	r ɛ s t ə d	1	1	reg_əd	reg_əd	reg_əd
model_jacobian	b iː p	b iː p t	b iː p t	b iː f	b iː f t	b iː f t	b iː p t	1	1	reg_t	reg_t	reg_t
string	s m a ɪ l	s m a ɪ l d	s m a ɪ l d	s a ɪ d	s a ɪ d ə d	s a ɪ d ə d	s m a ɪ l ə d	0	0	reg_d	reg_d	reg_əd
string	r iː d	r ɛ d	r iː d	f iː d	f ɛ d	f ɛ d	r ɛ d	0	1	vowel_change	no_change	vowel_change
string	l a ɪ k	l a ɪ k t	l a ɪ k t	l a ɪ v	l a ɪ v d	l a ɪ v d	l a ɪ k d	0	0	reg_t	reg_t	reg_d
string	ʃ o ʊ	ʃ o ʊ d	ʃ o ʊ d	t o ʊ	t o ʊ d	t o ʊ d	ʃ o ʊ d	1	1	reg_d	reg_d	reg_d
string	b a ɪ t	b ɪ t	b a ɪ t ə d	l a ɪ t	l ɪ t	l ɪ t	b ɪ t	0	1	vowel_change	reg_əd	vowel_change
string	f l a ɪ	f l uː	f l a ɪ d	l a ɪ	l e ɪ	l e ɪ	f l e ɪ	0	0	vowel_change	reg_d	vowel_change
string	h o ʊ p	h o ʊ p t	h o ʊ p t	h o ʊ l d	h ɛ l d	h ɛ l d	NA	0	0	reg_t	reg_t	vowel_change
string	o ʊ p ə n	o ʊ p ə n d	o ʊ p ə n d	h æ p ə n	h æ p ə n d	h æ p ə n d	o ʊ p ə n d	1	1	reg_d	reg_d	reg_d
string	r ʌ n	r æ n	r ʌ n d	r ʌ ʃ	r ʌ ʃ t	r ʌ ʃ t	r ʌ n t	0	0	vowel_change	reg_d	reg_t
string	t ɔ ɪ	t ɔ ɪ d	t ɔ ɪ d	t ɔ k	t ɔ k t	t ɔ k t	t ɔ ɪ t	0	0	reg_d	reg_d	reg_t
string	p l e ɪ	p l e ɪ d	p l e ɪ d	l e ɪ	l e ɪ d	l e ɪ d	p l e ɪ d	1	1	reg_d	reg_d	reg_d
string	w ɑː t͡ʃ	w ɑː t͡ʃ t	w ɑː t͡ʃ t	w ɑː ʃ	w ɑː ʃ t	w ɑː ʃ t	w ɑː t͡ʃ t	1	1	reg_t	reg_t	reg_t
string	r iː t͡ʃ	r iː t͡ʃ t	r iː t͡ʃ t	t iː t͡ʃ	t ɔ t	t ɔ t	r ɔ t	0	0	reg_t	reg_t	rhyme_replaced
string	æ s k	æ s k t	æ k s t	k ɪ k	k ɪ k t	k ɪ k t	æ s k t	0	1	reg_t	coda_change	reg_t
string	s m ɛ l	s m ɛ l d	s m ɛ l d	s p ɛ l	s p ɛ l d	s p ɛ l d	s m ɛ l d	1	1	reg_d	reg_d	reg_d
string	h æ ŋ	h ʌ ŋ	h æ ŋ d	b æ ŋ	b æ ŋ d	b æ ŋ d	h æ ŋ d	1	0	vowel_change	reg_d	reg_d
string	r a ɪ d	r o ʊ d	r o ʊ d	s a ɪ d	s a ɪ d ə d	s a ɪ d ə d	r a ɪ d ə d	0	0	vowel_change	vowel_change	reg_əd
string	s p ɪ l	s p ɪ l d	s p ʌ l d	s p ɛ l	s p ɛ l d	s p ɛ l d	s p ɪ l d	0	1	reg_d	vowel_change_suffix	reg_d
string	p ɔ r	p ɔ r d	p ɔ r d	ʃ ɔ r	ʃ ɔ r d	ʃ ɔ r d	p ɔ r d	1	1	reg_d	reg_d	reg_d
string	b a ʊ	b a ʊ d	b ɔ t	b a ɪ	b ɔ t	b ɔ t	NA	0	0	reg_d	vowel_change_suffix	vowel_change_suffix
string	t ʌ t͡ʃ	t ʌ t͡ʃ t	t ʌ t͡ʃ t	t iː t͡ʃ	t ɔ t	t ɔ t	NA	0	0	reg_t	reg_t	rhyme_replaced
string	k ɑː z	k ɑː z d	k ɑː z d	d ɑː t	d ɑː t ə d	d ɑː t ə d	k ɑː z ə d	0	0	reg_d	reg_d	reg_əd
string	s t r a ɪ k	s t r ʌ k	s t r a ɪ k ə d	t r ɪ k	t r ɪ k t	t r ɪ k t	s t r a ɪ k t	0	0	vowel_change	reg_əd	reg_t
string	h ɹ̩ t	h ɹ̩ t	h ɹ̩ t	h ɪ t	h ɪ t	h ɪ t	h ɹ̩ t	1	1	no_change	no_change	no_change
string	h iː t	h iː t ə d	h ɹ̩ t	m iː t	m ɛ t	m ɛ t	h ɛ t	0	0	reg_əd	vowel_change	vowel_change
string	f l a ʊ ɹ̩	f l a ʊ ɹ̩ d	f l a ʊ ɹ̩ d	f a ɪ ɹ̩	f a ɪ ɹ̩ d	f a ɪ ɹ̩ d	f l a ʊ ɹ̩ d	1	1	reg_d	reg_d	reg_d
string	k l o ʊ z	k l o ʊ z d	k l o ʊ z d	f l o ʊ t	f l o ʊ t ə d	f l o ʊ t ə d	k l o ʊ z ə d	0	0	reg_d	reg_d	reg_əd
string	m a ɪ n	m a ɪ n d	m a ɪ n d	m a ɪ n d	m a ɪ n d ə d	m a ɪ n d ə d	m a ɪ n ə d	0	0	reg_d	reg_d	reg_əd
string	v ɪ z ɪ t	v ɪ z ɪ t ə d	v ɪ z ɪ t ə d	ə d m ɪ t	ə d m ɪ t ə d	ə d m ɪ t ə d	v ɪ z ɪ t ə d	1	1	reg_əd	reg_əd	reg_əd
string	t e ɪ s t	t e ɪ s t ə d	t e ɪ s t ə d	w e ɪ s t	w e ɪ s t ə d	w e ɪ s t ə d	t e ɪ s t ə d	1	1	reg_əd	reg_əd	reg_əd
string	b ʌ t ɹ̩	b ʌ t ɹ̩ d	b ʌ t ɹ̩ d	b iː t	b iː t	b iː t	b ʌ t ɹ̩	0	0	reg_d	reg_d	no_change
string	m e ɪ l	m e ɪ l d	m e ɪ l d	s e ɪ l	s e ɪ l d	s e ɪ l d	m e ɪ l d	1	1	reg_d	reg_d	reg_d
string	d ɪ ŋ	d ɪ ŋ d	d ʌ ŋ	d ɪ ɡ	d ʌ ɡ	d ʌ ɡ	NA	0	0	reg_d	vowel_change	vowel_change
string	s t ɑː p	s t ɑː p t	s t ɑː p t	s t ɛ p	s t ɛ p t	s t ɛ p t	s t ɑː p t	1	1	reg_t	reg_t	reg_t
string	ɪ k s a ɪ t	ɪ k s a ɪ t ə d	ɪ k s a ɪ t ə d	ɪ n v a ɪ t	ɪ n v a ɪ t ə d	ɪ n v a ɪ t ə d	ɪ k s a ɪ t ə d	1	1	reg_əd	reg_əd	reg_əd
string	f r a ɪ	f r a ɪ d	f r a ɪ d	t r a ɪ	t r a ɪ d	t r a ɪ d	f r a ɪ d	1	1	reg_d	reg_d	reg_d
string	s p iː k	s p o ʊ k	s p iː k t	s iː k	s ɔ t	s ɔ t	s p ɔ t	0	0	vowel_change	reg_t	rhyme_replaced
string	s k r æ m b ə l	s k r æ m b ə l d	s k r æ b ə l æ d	s k r ɪ b ə l	s k r ɪ b ə l d	s k r ɪ b ə l d	s k r æ m b ə l d	0	1	reg_d	other	reg_d
string	t͡ʃ ɛ k	t͡ʃ ɛ k t	t͡ʃ ɛ k t	r ɛ k	r ɛ k t	r ɛ k t	t͡ʃ ɛ k t	1	1	reg_t	reg_t	reg_t
string	n ʌ m b ɹ̩	n ʌ m b ɹ̩ d	n m ʌ m b ɹ̩ b ə n d	r ʌ b	r ʌ b d	r ʌ b d	n ʌ m b ɹ̩ d	0	1	reg_d	other	reg_d
string	b ɛ n d	b ɛ n d ə d	b ɛ n d ə d	t ɛ n d	t ɛ n d ə d	t ɛ n d ə d	b ɛ n d ə d	1	1	reg_əd	reg_əd	reg_əd
string	t ɔ s	t ɔ s t	t ɔ s t	t ɔ k	t ɔ k t	t ɔ k t	t ɔ s t	1	1	reg_t	reg_t	reg_t
string	w ɪ s p ɹ̩	w ɪ s p ɹ̩ d	w ɪ s p ɹ̩ d	w ɪ p	w ɪ p t	w ɪ p t	w ɪ s p ɹ̩ t	0	0	reg_d	reg_d	reg_t
string	a ɪ	a ɪ d	a ɪ d ɪ d	l a ɪ	l e ɪ	l e ɪ	e ɪ	0	0	reg_d	other	vowel_change
string	p ɑː p	p ɑː p t	p ɑː p t	p ɑː t	p ɑː t ə d	p ɑː t ə d	p ɑː p ə d	0	0	reg_t	reg_t	reg_əd
string	ɪ ɡ z ɔ s t	ɪ ɡ z ɔ s t ə d	ɪ z ɔ s t ə d	ɪ n v a ɪ t	ɪ n v a ɪ t ə d	ɪ n v a ɪ t ə d	ɪ ɡ z ɔ s t ə d	0	1	reg_əd	other	reg_əd
string	b ɪ l d	b ɪ l t	b ɪ l d ə d	b l iː d	b l ɛ d	b l ɛ d	NA	0	0	coda_change	reg_əd	vowel_change
string	w ʌ n d ɹ̩	w ʌ n d ɹ̩ d	w ʌ n d ɹ̩ d	w uː n d	w uː n d ə d	w uː n d ə d	w ʌ n d ɹ̩ ə d	0	0	reg_d	reg_d	reg_əd
string	k r æ k	k r æ k t	k r æ k t	t r æ k	t r æ k t	t r æ k t	k r æ k t	1	1	reg_t	reg_t	reg_t
string	n ɪ b ə l	n ɪ b ə l d	n ɪ b ə l d	b æ b ə l	b æ b ə l d	b æ b ə l d	n ɪ b ə l d	1	1	reg_d	reg_d	reg_d
string	d ɪ l ɪ v ɹ̩	d ɪ l ɪ v ɹ̩ d	d ɪ l v ɪ v d	d a ɪ v	d a ɪ v	d o ʊ v	d ɪ l ɪ v ɹ̩	0	0	reg_d	other	no_change
string	s k ɛ r	s k ɛ r d	s k ɛ r d	k ɛ r	k ɛ r d	k ɛ r d	s k ɛ r d	1	1	reg_d	reg_d	reg_d
string	ɔ f ɹ̩	ɔ f ɹ̩ d	ɔ f f t	ɔ r d ɹ̩	ɔ r d ɹ̩ d	ɔ r d ɹ̩ d	ɔ f ɹ̩ d	0	1	reg_d	other	reg_d
string	f l ɑː p	f l ɑː p t	f l ɑː p t	p l ɑː p	p l ɑː p t	p l ɑː p t	f l ɑː p t	1	1	reg_t	reg_t	reg_t
string	ə p o ʊ z	ə p o ʊ z d	ə p o ʊ z d	s ə p o ʊ z	s ə p o ʊ z d	s ə p o ʊ z d	ə p o ʊ z d	1	1	reg_d	reg_d	reg_d
string	k ʌ l ɹ̩	k ʌ l ɹ̩ d	k ʌ l ɹ̩ d	k ʌ v ɹ̩	k ʌ v ɹ̩ d	k ʌ v ɹ̩ d	k ʌ l ɹ̩ d	1	1	reg_d	reg_d	reg_d
string	k æ m p	k æ m p t	k æ m p t	k æ r iː	k æ r iː d	k æ r iː d	k æ m p d	0	0	reg_t	reg_t	reg_d
string	s ɛ l	s o ʊ l d	s ɛ l d	s p ɛ l	s p ɛ l d	s p ɛ l d	s ɛ l d	1	0	vowel_change_suffix	reg_d	reg_d
string	f l æ p	f l æ p t	f l æ p t	f l æ ʃ	f l æ ʃ t	f l æ ʃ t	f l æ p t	1	1	reg_t	reg_t	reg_t
string	p r ɛ s	p r ɛ s t	p r ɛ s t	d r ɛ s	d r ɛ s t	d r ɛ s t	p r ɛ s t	1	1	reg_t	reg_t	reg_t
string	f ɪ l	f ɪ l d	f ɪ l	f ɪ t	f ɪ t	f ɪ t	f ɪ l	1	0	reg_d	no_change	no_change
string	b r æ n t͡ʃ	b r æ n t͡ʃ t	b r æ n t͡ʃ t	r ɛ n t͡ʃ	r ɛ n t͡ʃ t	r ɛ n t͡ʃ t	b r æ n t͡ʃ t	1	1	reg_t	reg_t	reg_t
string	t a ɪ t ə n	t a ɪ t ə n d	t	f r a ɪ t ə n	f r a ɪ t ə n d	f r a ɪ t ə n d	t a ɪ t ə n d	0	1	reg_d	other	reg_d
string	k æ p t ɪ v e ɪ t	k æ p t ɪ v e ɪ t ə d	k ə d	r ɪ l e ɪ t	r ɪ l e ɪ t ə d	r ɪ l e ɪ t ə d	k æ p t ɪ v e ɪ t ə d	0	1	reg_əd	other	reg_əd
string	t o ʊ s t	t o ʊ s t ə d	t o ʊ s t ə d	b o ʊ t	b o ʊ t ə d	b o ʊ t ə d	t o ʊ s t ə d	1	1	reg_əd	reg_əd	reg_əd
string	d ɪ s ə p iː r	d ɪ s ə p iː r d	d ɪ p ə p ə d	d ɪ p	d ɪ p t	d ɪ p t	d ɪ s ə p iː r t	0	0	reg_d	other	reg_t
string	b ɛ r	b o ʊ r	b ɛ r d	k ɛ r	k ɛ r d	k ɛ r d	b ɛ r d	1	0	vowel_change	reg_d	reg_d
string	b ɛ r iː	b ɛ r iː d	b ɛ r iː d	m ɛ r iː	m ɛ r iː d	m ɛ r iː d	b ɛ r iː d	1	1	reg_d	reg_d	reg_d
string	s n iː k	s n iː k t	s n iː k t	s iː k	s ɔ t	s ɔ t	s n ɔ t	0	0	reg_t	reg_t	rhyme_replaced
string	l ʌ n t͡ʃ	l ʌ n t͡ʃ t	l ʌ n t͡ʃ t	m ʌ n t͡ʃ	m ʌ n t͡ʃ t	m ʌ n t͡ʃ t	l ʌ n t͡ʃ t	1	1	reg_t	reg_t	reg_t
string	m ɛ m ɹ̩ a ɪ z	m ɛ m ɹ̩ a ɪ z d	m ɛ m ɹ̩ a ɪ z d	s ɹ̩ p r a ɪ z	s ɹ̩ p r a ɪ z d	s ɹ̩ p r a ɪ z d	m ɛ m ɹ̩ a ɪ z d	1	1	reg_d	reg_d	reg_d
string	h a ɪ d	h ɪ d	h a ɪ d ə d	s a ɪ d	s a ɪ d ə d	s a ɪ d ə d	h a ɪ d ə d	1	0	vowel_change	reg_əd	reg_əd
string	w iː l	w iː l d	w iː l d	f iː l	f ɛ l t	f ɛ l t	w ɛ l t	0	0	reg_d	reg_d	vowel_change_suffix
string	p æ t	p æ t ə d	p æ t	p æ k	p æ k t	p æ k t	p æ t t	0	0	reg_əd	no_change	reg_t
string	s k æ m p ɹ̩	s k æ m p ɹ̩ d	s k æ p r æ p ɹ̩ d	s l æ p	s l æ p t	s l æ p t	s k æ m p ɹ̩ t	0	0	reg_d	other	reg_t
string	p iː r	p iː r d	p iː r d	p iː l	p iː l d	p iː l d	p iː r d	1	1	reg_d	reg_d	reg_d
string	ʃ æ m p uː	ʃ æ m p uː d	ʃ æ p t uː d	ɡ æ s p	ɡ æ s p t	ɡ æ s p t	ʃ æ m p uː t	0	0	reg_d	other	reg_t
string	r e ɪ s	r e ɪ s t	r e ɪ s t	r e ɪ z	r e ɪ z d	r e ɪ z d	r e ɪ s d	0	0	reg_t	reg_t	reg_d
string	s t r ɛ t͡ʃ	s t r ɛ t͡ʃ t	s t r ɛ t͡ʃ t	s k r æ t͡ʃ	s k r æ t͡ʃ t	s k r æ t͡ʃ t	s t r ɛ t͡ʃ t	1	1	reg_t	reg_t	reg_t
string	k ə l æ p s	k ə l æ p s t	k ə l æ p s t	k l æ p	k l æ p t	k l æ p t	k ə l æ p s t	1	1	reg_t	reg_t	reg_t
string	d r ɪ f t	d r ɪ f t ə d	d r ɪ f t ə d	l ɪ f t	l ɪ f t ə d	l ɪ f t ə d	d r ɪ f t ə d	1	1	reg_əd	reg_əd	reg_əd
string	s t æ b	s t æ b d	s t æ b d	s t æ k	s t æ k t	s t æ k t	s t æ b t	0	0	reg_d	reg_d	reg_t
string	t͡ʃ uː	t͡ʃ uː d	t͡ʃ o ʊ	w uː	w uː d	w uː d	t͡ʃ uː d	0	1	reg_d	vowel_change	reg_d
string	b ʌ b ə l	b ʌ b ə l d	b ʌ b ə l d	b æ b ə l	b æ b ə l d	b æ b ə l d	b ʌ b ə l d	1	1	reg_d	reg_d	reg_d
string	s a ʊ ɹ̩	s a ʊ ɹ̩ d	s a ʊ ɹ̩ d	s t ɹ̩	s t ɹ̩ d	s t ɹ̩ d	s a ʊ ɹ̩ d	1	1	reg_d	reg_d	reg_d
string	s t æ m p	s t æ m p t	s t æ m p t	s n æ p	s n æ p t	s n æ p t	s t æ m p t	1	1	reg_t	reg_t	reg_t
string	d͡ʒ ɹ̩ k	d͡ʒ ɹ̩ k t	d͡ʒ ɹ̩ k t	w ɹ̩ k	w ɹ̩ k t	w ɹ̩ k t	d͡ʒ ɹ̩ k t	1	1	reg_t	reg_t	reg_t
string	s ɔ	s ɔ d	s ɔ	s iː	s ɔ	s ɔ	NA	0	0	reg_d	no_change	vowel_change
string	f l ɪ p	f l ɪ p t	f l ɪ p t	s l ɪ p	s l ɪ p t	s l ɪ p t	f l ɪ p t	1	1	reg_t	reg_t	reg_t
string	h iː l	h iː l d	h ɹ̩ l d	h iː r	h ɹ̩ d	h ɹ̩ d	NA	0	0	reg_d	vowel_change_suffix	rhyme_replaced
string	s k r iː m	s k r iː m d	s k r iː m d	d r iː m	d r iː m d	d r iː m d	s k r iː m d	1	1	reg_d	reg_d	reg_d
string	h ʊ k	h ʊ k t	h ʊ k t	l ʊ k	l ʊ k t	l ʊ k t	h ʊ k t	1	1	reg_t	reg_t	reg_t
string	p ɪ t	p ɪ t ə d	p ɪ t ə d	f ɪ t	f ɪ t	f ɪ t	p ɪ t	0	0	reg_əd	reg_əd	no_change
string	t r ʌ b ə l	t r ʌ b ə l d	t	d r ɪ b ə l	d r ɪ b ə l d	d r ɪ b ə l d	t r ʌ b ə l d	0	1	reg_d	other	reg_d
string	ɪ m p r ə v a ɪ z	ɪ m p r ə v a ɪ z d	ɪ p v d	s ɹ̩ p r a ɪ z	s ɹ̩ p r a ɪ z d	s ɹ̩ p r a ɪ z d	ɪ m p r ə v a ɪ z d	0	1	reg_d	other	reg_d
string	n e ɪ l	n e ɪ l d	n e ɪ l d	s e ɪ l	s e ɪ l d	s e ɪ l d	n e ɪ l d	1	1	reg_d	reg_d	reg_d
string	b a ɪ k	b a ɪ k t	b a ɪ k t	b e ɪ k	b e ɪ k t	b e ɪ k t	b a ɪ k t	1	1	reg_t	reg_t	reg_t
string	l ɑː k	l ɑː k t	l ɑː k t	l ɪ k	l ɪ k t	l ɪ k t	l ɑː k t	1	1	reg_t	reg_t	reg_t
string	r ɛ s t	r ɛ s t ə d	r ɛ s t ə d	b ɛ s t	b ɛ s t ə d	b ɛ s t ə d	r ɛ s t ə d	1	1	reg_əd	reg_əd	reg_əd
string	b iː p	b iː p t	b iː p t	l iː p	l ɛ p t	l ɛ p t	b ɛ p t	0	0	reg_t	reg_t	vowel_change_suffix
final	s m a ɪ l	s m a ɪ l d	s m a ɪ l d	r ɪ d ə l	r ɪ d ə l d	r ɪ d ə l d	s m a ɪ l d	1	1	reg_d	reg_d	reg_d
final	r iː d	r ɛ d	r iː d	ə n d ɹ̩ s t æ n d	ə n d ɹ̩ s t ʊ d	ə n d ɹ̩ s t ʊ d	NA	0	0	vowel_change	no_change	rhyme_replaced
final	l a ɪ k	l a ɪ k t	l a ɪ k t	p ɪ k	p ɪ k t	p ɪ k t	l a ɪ k t	1	1	reg_t	reg_t	reg_t
final	ʃ o ʊ	ʃ o ʊ d	ʃ o ʊ d	t o ʊ	t o ʊ d	t o ʊ d	ʃ o ʊ d	1	1	reg_d	reg_d	reg_d
final	b a ɪ t	b ɪ t	b a ɪ t ə d	f a ɪ t	f ɔ t	f ɔ t	b ɔ t	0	0	vowel_change	reg_əd	vowel_change
final	f l a ɪ	f l uː	f l a ɪ d	ʃ a ɪ	ʃ a ɪ d	ʃ a ɪ d	f l a ɪ d	1	0	vowel_change	reg_d	reg_d
final	h o ʊ p	h o ʊ p t	h o ʊ p t	w a ɪ p	w a ɪ p t	w a ɪ p t	h o ʊ p t	1	1	reg_t	reg_t	reg_t
final	o ʊ p ə n	o ʊ p ə n d	o ʊ p ə n d	r e ɪ n	r e ɪ n d	r e ɪ n d	o ʊ p ə n d	1	1	reg_d	reg_d	reg_d
final	r ʌ n	r æ n	r ʌ n d	r e ɪ n	r e ɪ n d	r e ɪ n d	r ʌ n d	1	0	vowel_change	reg_d	reg_d
final	t ɔ ɪ	t ɔ ɪ d	t ɔ ɪ d	s t e ɪ	s t e ɪ d	s t e ɪ d	t ɔ ɪ d	1	1	reg_d	reg_d	reg_d
final	p l e ɪ	p l e ɪ d	p l e ɪ d	l a ɪ	l e ɪ	l e ɪ	NA	0	0	reg_d	reg_d	vowel_change
final	w ɑː t͡ʃ	w ɑː t͡ʃ t	w ɑː t͡ʃ t	b iː t͡ʃ	b iː t͡ʃ t	b iː t͡ʃ t	w ɑː t͡ʃ t	1	1	reg_t	reg_t	reg_t
final	r iː t͡ʃ	r iː t͡ʃ t	r iː t͡ʃ t	m æ t͡ʃ	m æ t͡ʃ t	m æ t͡ʃ t	r iː t͡ʃ t	1	1	reg_t	reg_t	reg_t
final	æ s k	æ s k t	æ k s t	d r ɪ ŋ k	d r æ ŋ k	d r æ ŋ k	NA	0	0	reg_t	coda_change	vowel_change
final	s m ɛ l	s m ɛ l d	s m ɛ l d	ɡ ɑː b ə l	ɡ ɑː b ə l d	ɡ ɑː b ə l d	s m ɛ l d	1	1	reg_d	reg_d	reg_d
final	h æ ŋ	h ʌ ŋ	h æ ŋ d	b æ ŋ	b æ ŋ d	b æ ŋ d	h æ ŋ d	1	0	vowel_change	reg_d	reg_d
final	r a ɪ d	r o ʊ d	r o ʊ d	b l iː d	b l ɛ d	b l ɛ d	NA	0	0	vowel_change	vowel_change	vowel_change
final	s p ɪ l	s p ɪ l d	s p ʌ l d	p æ d ə l	p æ d ə l d	p æ d ə l d	s p ɪ l d	0	1	reg_d	vowel_change_suffix	reg_d
final	p ɔ r	p ɔ r d	p ɔ r d	k ɛ r	k ɛ r d	k ɛ r d	p ɔ r d	1	1	reg_d	reg_d	reg_d
final	b a ʊ	b a ʊ d	b ɔ t	n o ʊ	n uː	n uː	NA	0	0	reg_d	vowel_change_suffix	vowel_change
final	t ʌ t͡ʃ	t ʌ t͡ʃ t	t ʌ t͡ʃ t	s k r æ t͡ʃ	s k r æ t͡ʃ t	s k r æ t͡ʃ t	t ʌ t͡ʃ t	1	1	reg_t	reg_t	reg_t
final	k ɑː z	k ɑː z d	k ɑː z d	r ɛ k ə ɡ n a ɪ z	r ɛ k ə ɡ n a ɪ z d	r ɛ k ə ɡ n a ɪ z d	k ɑː z d	1	1	reg_d	reg_d	reg_d
final	s t r a ɪ k	s t r ʌ k	s t r a ɪ k ə d	t ɔ k	t ɔ k t	t ɔ k t	s t r a ɪ k t	0	0	vowel_change	reg_əd	reg_t
final	h ɹ̩ t	h ɹ̩ t	h ɹ̩ t	k o ʊ t	k o ʊ t ə d	k o ʊ t ə d	h ɹ̩ t ə d	0	0	no_change	no_change	reg_əd
final	h iː t	h iː t ə d	h ɹ̩ t	ɡ ɛ t	ɡ ɑː t	ɡ ɑː t	NA	0	0	reg_əd	vowel_change	vowel_change
final	f l a ʊ ɹ̩	f l a ʊ ɹ̩ d	f l a ʊ ɹ̩ d	s t æ ɡ ɹ̩	s t æ ɡ ɹ̩ d	s t æ ɡ ɹ̩ d	f l a ʊ ɹ̩ d	1	1	reg_d	reg_d	reg_d
final	k l o ʊ z	k l o ʊ z d	k l o ʊ z d	r iː ə l a ɪ z	r iː ə l a ɪ z d	r iː ə l a ɪ z d	k l o ʊ z d	1	1	reg_d	reg_d	reg_d
final	m a ɪ n	m a ɪ n d	m a ɪ n d	l ɹ̩ n	l ɹ̩ n d	l ɹ̩ n d	m a ɪ n d	1	1	reg_d	reg_d	reg_d
final	v ɪ z ɪ t	v ɪ z ɪ t ə d	v ɪ z ɪ t ə d	f ɛ r ə t	f ɛ r ə t ə d	f ɛ r ə t ə d	v ɪ z ɪ t ə d	1	1	reg_əd	reg_əd	reg_əd
final	t e ɪ s t	t e ɪ s t ə d	t e ɪ s t ə d	l ɪ f t	l ɪ f t ə d	l ɪ f t ə d	t e ɪ s t ə d	1	1	reg_əd	reg_əd	reg_əd
final	b ʌ t ɹ̩	b ʌ t ɹ̩ d	b ʌ t ɹ̩ d	w ɔ t ɹ̩	w ɔ t ɹ̩ d	w ɔ t ɹ̩ d	b ʌ t ɹ̩ d	1	1	reg_d	reg_d	reg_d
final	m e ɪ l	m e ɪ l d	m e ɪ l d	s t iː l	s t o ʊ l	s t o ʊ l	NA	0	0	reg_d	reg_d	vowel_change
final	d ɪ ŋ	d ɪ ŋ d	d ʌ ŋ	r ɪ ŋ	r æ ŋ	r æ ŋ	d æ ŋ	0	0	reg_d	vowel_change	vowel_change
final	s t ɑː p	s t ɑː p t	s t ɑː p t	ə n z ɪ p	ə n z ɪ p t	ə n z ɪ p t	s t ɑː p t	1	1	reg_t	reg_t	reg_t
final	ɪ k s a ɪ t	ɪ k s a ɪ t ə d	ɪ k s a ɪ t ə d	w e ɪ s t	w e ɪ s t ə d	w e ɪ s t ə d	ɪ k s a ɪ t ə d	1	1	reg_əd	reg_əd	reg_əd
final	f r a ɪ	f r a ɪ d	f r a ɪ d	d ɪ s t r ɔ ɪ	d ɪ s t r ɔ ɪ d	d ɪ s t r ɔ ɪ d	f r a ɪ d	1	1	reg_d	reg_d	reg_d
final	s p iː k	s p o ʊ k	s p iː k t	k ʊ k	k ʊ k t	k ʊ k t	s p iː k t	1	0	vowel_change	reg_t	reg_t
final	s k r æ m b ə l	s k r æ m b ə l d	s k r æ b ə l æ d	d͡ʒ e ɪ l	d͡ʒ e ɪ l d	d͡ʒ e ɪ l d	s k r æ m b ə l d	0	1	reg_d	other	reg_d
final	t͡ʃ ɛ k	t͡ʃ ɛ k t	t͡ʃ ɛ k t	ʃ e ɪ k	ʃ e ɪ d	ʃ ʊ k	t͡ʃ ɛ d	0	0	reg_t	reg_t	coda_change
final	n ʌ m b ɹ̩	n ʌ m b ɹ̩ d	n m ʌ m b ɹ̩ b ə n d	k æ p t͡ʃ ɹ̩	k æ p t͡ʃ ɹ̩ d	k æ p t͡ʃ ɹ̩ d	n ʌ m b ɹ̩ d	0	1	reg_d	other	reg_d
final	b ɛ n d	b ɛ n d ə d	b ɛ n d ə d	ɛ n d	ɛ n d ə d	ɛ n d ə d	b ɛ n d ə d	1	1	reg_əd	reg_əd	reg_əd
final	t ɔ s	t ɔ s t	t ɔ s t	ə n a ʊ n s	ə n a ʊ n s t	ə n a ʊ n s t	t ɔ s t	1	1	reg_t	reg_t	reg_t
final	w ɪ s p ɹ̩	w ɪ s p ɹ̩ d	w ɪ s p ɹ̩ d	w ɔ t ɹ̩	w ɔ t ɹ̩ d	w ɔ t ɹ̩ d	w ɪ s p ɹ̩ d	1	1	reg_d	reg_d	reg_d
final	a ɪ	a ɪ d	a ɪ d ɪ d	d r a ɪ	d r a ɪ d	d r a ɪ d	a ɪ d	0	1	reg_d	other	reg_d
final	p ɑː p	p ɑː p t	p ɑː p t	r ɪ p	r ɪ p t	r ɪ p t	p ɑː p t	1	1	reg_t	reg_t	reg_t
final	ɪ ɡ z ɔ s t	ɪ ɡ z ɔ s t ə d	ɪ z ɔ s t ə d	k ə n ɛ k t	k ə n ɛ k t ə d	k ə n ɛ k t ə d	ɪ ɡ z ɔ s t ə d	0	1	reg_əd	other	reg_əd
final	b ɪ l d	b ɪ l t	b ɪ l d ə d	s p r ɛ d	s p r ɛ d	s p r ɛ d	b ɪ l d	0	0	coda_change	reg_əd	no_change
final	w ʌ n d ɹ̩	w ʌ n d ɹ̩ d	w ʌ n d ɹ̩ d	k ʌ v ɹ̩	k ʌ v ɹ̩ d	k ʌ v ɹ̩ d	w ʌ n d ɹ̩ d	1	1	reg_d	reg_d	reg_d
final	k r æ k	k r æ k t	k r æ k t	b æ k	b æ k t	b æ k t	k r æ k t	1	1	reg_t	reg_t	reg_t
final	n ɪ b ə l	n ɪ b ə l d	n ɪ b ə l d	s k r ɪ b ə l	s k r ɪ b ə l d	s k r ɪ b ə l d	n ɪ b ə l d	1	1	reg_d	reg_d	reg_d
final	d ɪ l ɪ v ɹ̩	d ɪ l ɪ v ɹ̩ d	d ɪ l v ɪ v d	r ɪ m ɛ m b ɹ̩	r ɪ m ɛ m b ɹ̩ d	r ɪ m ɛ m b ɹ̩ d	d ɪ l ɪ v ɹ̩ d	0	1	reg_d	other	reg_d
final	s k ɛ r	s k ɛ r d	s k ɛ r d	k ɛ r	k ɛ r d	k ɛ r d	s k ɛ r d	1	1	reg_d	reg_d	reg_d
final	ɔ f ɹ̩	ɔ f ɹ̩ d	ɔ f f t	b ɑː ð ɹ̩	b ɑː ð ɹ̩ d	b ɑː ð ɹ̩ d	ɔ f ɹ̩ d	0	1	reg_d	other	reg_d
final	f l ɑː p	f l ɑː p t	f l ɑː p t	w ɪ p	w ɪ p t	w ɪ p t	f l ɑː p t	1	1	reg_t	reg_t	reg_t
final	ə p o ʊ z	ə p o ʊ z d	ə p o ʊ z d	s k w iː z	s k w iː z d	s k w iː z d	ə p o ʊ z d	1	1	reg_d	reg_d	reg_d
final	k ʌ l ɹ̩	k ʌ l ɹ̩ d	k ʌ l ɹ̩ d	p ɪ k t͡ʃ ɹ̩	p ɪ k t͡ʃ ɹ̩ d	p ɪ k t͡ʃ ɹ̩ d	k ʌ l ɹ̩ d	1	1	reg_d	reg_d	reg_d
final	k æ m p	k æ m p t	k æ m p t	k l æ p	k l æ p t	k l æ p t	k æ m p t	1	1	reg_t	reg_t	reg_t
final	s ɛ l	s o ʊ l d	s ɛ l d	d a ɪ ə l	d a ɪ ə l d	d a ɪ ə l d	s ɛ l d	1	0	vowel_change_suffix	reg_d	reg_d
final	f l æ p	f l æ p t	f l æ p t	s l æ p	s l æ p t	s l æ p t	f l æ p t	1	1	reg_t	reg_t	reg_t
final	p r ɛ s	p r ɛ s t	p r ɛ s t	p a ʊ n s	p a ʊ n s t	p a ʊ n s t	p r ɛ s t	1	1	reg_t	reg_t	reg_t
final	f ɪ l	f ɪ l d	f ɪ l	d͡ʒ e ɪ l	d͡ʒ e ɪ l d	d͡ʒ e ɪ l d	f ɪ l d	0	1	reg_d	no_change	reg_d
final	b r æ n t͡ʃ	b r æ n t͡ʃ t	b r æ n t͡ʃ t	m æ t͡ʃ	m æ t͡ʃ t	m æ t͡ʃ t	b r æ n t͡ʃ t	1	1	reg_t	reg_t	reg_t
final	t a ɪ t ə n	t a ɪ t ə n d	t	ʃ ɑː r p ə n	ʃ ɑː r p ə n d	ʃ ɑː r p ə n d	t a ɪ t ə n d	0	1	reg_d	other	reg_d
final	k æ p t ɪ v e ɪ t	k æ p t ɪ v e ɪ t ə d	k ə d	p ɑː t	p ɑː t ə d	p ɑː t ə d	k æ p t ɪ v e ɪ t ə d	0	1	reg_əd	other	reg_əd
final	t o ʊ s t	t o ʊ s t ə d	t o ʊ s t ə d	m iː t	m ɛ t	m ɛ t	NA	0	0	reg_əd	reg_əd	vowel_change
final	d ɪ s ə p iː r	d ɪ s ə p iː r d	d ɪ p ə p ə d	h iː r	h ɹ̩ d	h ɹ̩ d	d ɪ s ə p ɹ̩ d	0	0	reg_d	other	rhyme_replaced
final	b ɛ r	b o ʊ r	b ɛ r d	k ɛ r	k ɛ r d	k ɛ r d	b ɛ r d	1	0	vowel_change	reg_d	reg_d
final	b ɛ r iː	b ɛ r iː d	b ɛ r iː d	p iː	p iː d	p iː d	b ɛ r iː d	1	1	reg_d	reg_d	reg_d
final	s n iː k	s n iː k t	s n iː k t	l ʊ k	l ʊ k t	l ʊ k t	s n iː k t	1	1	reg_t	reg_t	reg_t
final	l ʌ n t͡ʃ	l ʌ n t͡ʃ t	l ʌ n t͡ʃ t	s k r æ t͡ʃ	s k r æ t͡ʃ t	s k r æ t͡ʃ t	l ʌ n t͡ʃ t	1	1	reg_t	reg_t	reg_t
final	m ɛ m ɹ̩ a ɪ z	m ɛ m ɹ̩ a ɪ z d	m ɛ m ɹ̩ a ɪ z d	p l iː z	p l iː z d	p l iː z d	m ɛ m ɹ̩ a ɪ z d	1	1	reg_d	reg_d	reg_d
final	h a ɪ d	h ɪ d	h a ɪ d ə d	f iː d	f ɛ d	f ɛ d	NA	0	0	vowel_change	reg_əd	vowel_change
final	w iː l	w iː l d	w iː l d	t ɪ k ə l	t ɪ k ə l d	t ɪ k ə l d	w iː l d	1	1	reg_d	reg_d	reg_d
final	p æ t	p æ t ə d	p æ t	s ɛ t	s ɛ t	s ɛ t	p æ t	1	0	reg_əd	no_change	no_change
final	s k æ m p ɹ̩	s k æ m p ɹ̩ d	s k æ p r æ p ɹ̩ d	s t ɹ̩	s t ɹ̩ d	s t ɹ̩ d	s k æ m p ɹ̩ d	0	1	reg_d	other	reg_d
final	p iː r	p iː r d	p iː r d	m ɑː r	m ɑː r d	m ɑː r d	p iː r d	1	1	reg_d	reg_d	reg_d
final	ʃ æ m p uː	ʃ æ m p uː d	ʃ æ p t uː d	s k r uː	s k r uː d	s k r uː d	ʃ æ m p uː d	0	1	reg_d	other	reg_d
final	r e ɪ s	r e ɪ s t	r e ɪ s t	n o ʊ t ɪ s	n o ʊ t ɪ s t	n o ʊ t ɪ s t	r e ɪ s t	1	1	reg_t	reg_t	reg_t
final	s t r ɛ t͡ʃ	s t r ɛ t͡ʃ t	s t r ɛ t͡ʃ t	p ʌ n t͡ʃ	p ʌ n t͡ʃ t	p ʌ n t͡ʃ t	s t r ɛ t͡ʃ t	1	1	reg_t	reg_t	reg_t
final	k ə l æ p s	k ə l æ p s t	k ə l æ p s t	p r æ k t ɪ s	p r æ k t ɪ s t	p r æ k t ɪ s t	k ə l æ p s t	1	1	reg_t	reg_t	reg_t
final	d r ɪ f t	d r ɪ f t ə d	d r ɪ f t ə d	k ʌ t	k ʌ t	k ʌ t	d r ɪ f t	0	0	reg_əd	reg_əd	no_change
final	s t æ b	s t æ b d	s t æ b d	ɡ r æ b	ɡ r æ b d	ɡ r æ b d	s t æ b d	1	1	reg_d	reg_d	reg_d
final	t͡ʃ uː	t͡ʃ uː d	t͡ʃ o ʊ	ɡ l uː	ɡ l uː d	ɡ l uː d	t͡ʃ uː d	0	1	reg_d	vowel_change	reg_d
final	b ʌ b ə l	b ʌ b ə l d	b ʌ b ə l d	d a ɪ ə l	d a ɪ ə l d	d a ɪ ə l d	b ʌ b ə l d	1	1	reg_d	reg_d	reg_d
final	s a ʊ ɹ̩	s a ʊ ɹ̩ d	s a ʊ ɹ̩ d	k æ p t͡ʃ ɹ̩	k æ p t͡ʃ ɹ̩ d	k æ p t͡ʃ ɹ̩ d	s a ʊ ɹ̩ d	1	1	reg_d	reg_d	reg_d
final	s t æ m p	s t æ m p t	s t æ m p t	s w iː p	s w ɛ p t	s w ɛ p t	NA	0	0	reg_t	reg_t	vowel_change_suffix
final	d͡ʒ ɹ̩ k	d͡ʒ ɹ̩ k t	d͡ʒ ɹ̩ k t	w ɔ k	w ɔ k t	w ɔ k t	d͡ʒ ɹ̩ k t	1	1	reg_t	reg_t	reg_t
final	s ɔ	s ɔ d	s ɔ	d r ɔ	d r uː	d r uː	s uː	0	0	reg_d	no_change	vowel_change
final	f l ɪ p	f l ɪ p t	f l ɪ p t	r æ p	r æ p t	r æ p t	f l ɪ p t	1	1	reg_t	reg_t	reg_t
final	h iː l	h iː l d	h ɹ̩ l d	s k uː l	s k uː l d	s k uː l d	h iː l d	0	1	reg_d	vowel_change_suffix	reg_d
final	s k r iː m	s k r iː m d	s k r iː m d	n e ɪ m	n e ɪ m d	n e ɪ m d	s k r iː m d	1	1	reg_d	reg_d	reg_d
final	h ʊ k	h ʊ k t	h ʊ k t	b æ k	b æ k t	b æ k t	h ʊ k t	1	1	reg_t	reg_t	reg_t
final	p ɪ t	p ɪ t ə d	p ɪ t ə d	k ʌ t	k ʌ t	k ʌ t	p ɪ t	0	0	reg_əd	reg_əd	no_change
final	t r ʌ b ə l	t r ʌ b ə l d	t	p iː l	p iː l d	p iː l d	t r ʌ b ə l d	0	1	reg_d	other	reg_d
final	ɪ m p r ə v a ɪ z	ɪ m p r ə v a ɪ z d	ɪ p v d	j uː z	j uː z d	j uː z d	ɪ m p r ə v a ɪ z d	0	1	reg_d	other	reg_d
final	n e ɪ l	n e ɪ l d	n e ɪ l d	t ɛ l	t o ʊ l d	t o ʊ l d	NA	0	0	reg_d	reg_d	vowel_change_suffix
final	b a ɪ k	b a ɪ k t	b a ɪ k t	k ɪ k	k ɪ k t	k ɪ k t	b a ɪ k t	1	1	reg_t	reg_t	reg_t
final	l ɑː k	l ɑː k t	l ɑː k t	w ɔ k	w ɔ k t	w ɔ k t	l ɑː k t	1	1	reg_t	reg_t	reg_t
final	r ɛ s t	r ɛ s t ə d	r ɛ s t ə d	p l æ n t	p l æ n t ə d	p l æ n t ə d	r ɛ s t ə d	1	1	reg_əd	reg_əd	reg_əd
final	b iː p	b iː p t	b iː p t	r ɪ p	r ɪ p t	r ɪ p t	b iː p t	1	1	reg_t	reg_t	reg_t
majority	s m a ɪ l	s m a ɪ l d	s m a ɪ l d	t a ɪ	t a ɪ d	t a ɪ d	s m a ɪ l d	1	1	reg_d	reg_d	reg_d
majority	r iː d	r ɛ d	r iː d	p iː l	p iː l d	p iː l d	r iː d d	0	0	vowel_change	no_change	reg_d
majority	l a ɪ k	l a ɪ k t	l a ɪ k t	k o ʊ m	k o ʊ m d	k o ʊ m d	l a ɪ k d	0	0	reg_t	reg_t	reg_d
majority	ʃ o ʊ	ʃ o ʊ d	ʃ o ʊ d	m ɑː r	m ɑː r d	m ɑː r d	ʃ o ʊ d	1	1	reg_d	reg_d	reg_d
majority	b a ɪ t	b ɪ t	b a ɪ t ə d	s k w iː z	s k w iː z d	s k w iː z d	b a ɪ t d	0	0	vowel_change	reg_əd	reg_d
majority	f l a ɪ	f l uː	f l a ɪ d	r ɛ d iː	r ɛ d iː d	r ɛ d iː d	f l a ɪ d	1	0	vowel_change	reg_d	reg_d
majority	h o ʊ p	h o ʊ p t	h o ʊ p t	k l a ɪ m	k l a ɪ m d	k l a ɪ m d	h o ʊ p d	0	0	reg_t	reg_t	reg_d
majority	o ʊ p ə n	o ʊ p ə n d	o ʊ p ə n d	k æ r iː	k æ r iː d	k æ r iː d	o ʊ p ə n d	1	1	reg_d	reg_d	reg_d
majority	r ʌ n	r æ n	r ʌ n d	j uː z	j uː z d	j uː z d	r ʌ n d	1	0	vowel_change	reg_d	reg_d
majority	t ɔ ɪ	t ɔ ɪ d	t ɔ ɪ d	s ɹ̩ p r a ɪ z	s ɹ̩ p r a ɪ z d	s ɹ̩ p r a ɪ z d	t ɔ ɪ d	1	1	reg_d	reg_d	reg_d
majority	p l e ɪ	p l e ɪ d	p l e ɪ d	d͡ʒ ʌ ɡ ə l	d͡ʒ ʌ ɡ ə l d	d͡ʒ ʌ ɡ ə l d	p l e ɪ d	1	1	reg_d	reg_d	reg_d
majority	w ɑː t͡ʃ	w ɑː t͡ʃ t	w ɑː t͡ʃ t	k l iː n	k l iː n d	k l iː n d	w ɑː t͡ʃ d	0	0	reg_t	reg_t	reg_d
majority	r iː t͡ʃ	r iː t͡ʃ t	r iː t͡ʃ t	l ʌ v	l ʌ v d	l ʌ v d	r iː t͡ʃ d	0	0	reg_t	reg_t	reg_d
majority	æ s k	æ s k t	æ k s t	l ɪ s ə n	l ɪ s ə n d	l ɪ s ə n d	æ s k d	0	0	reg_t	coda_change	reg_d
majority	s m ɛ l	s m ɛ l d	s m ɛ l d	b o ʊ l	b o ʊ l d	b o ʊ l d	s m ɛ l d	1	1	reg_d	reg_d	reg_d
majority	h æ ŋ	h ʌ ŋ	h æ ŋ d	ɡ l uː	ɡ l uː d	ɡ l uː d	h æ ŋ d	1	0	vowel_change	reg_d	reg_d
majority	r a ɪ d	r o ʊ d	r o ʊ d	s t ɔ r	s t ɔ r d	s t ɔ r d	r a ɪ d d	0	0	vowel_change	vowel_change	reg_d
majority	s p ɪ l	s p ɪ l d	s p ʌ l d	r ʌ b	r ʌ b d	r ʌ b d	s p ɪ l d	0	1	reg_d	vowel_change_suffix	reg_d
majority	p ɔ r	p ɔ r d	p ɔ r d	ɡ r a ʊ l	ɡ r a ʊ l d	ɡ r a ʊ l d	p ɔ r d	1	1	reg_d	reg_d	reg_d
majority	b a ʊ	b a ʊ d	b ɔ t	w uː	w uː d	w uː d	b a ʊ d	0	1	reg_d	vowel_change_suffix	reg_d
majority	t ʌ t͡ʃ	t ʌ t͡ʃ t	t ʌ t͡ʃ t	z ɪ p ɹ̩	z ɪ p ɹ̩ d	z ɪ p ɹ̩ d	t ʌ t͡ʃ d	0	0	reg_t	reg_t	reg_d
majority	k ɑː z	k ɑː z d	k ɑː z d	l ɹ̩ n	l ɹ̩ n d	l ɹ̩ n d	k ɑː z d	1	1	reg_d	reg_d	reg_d
majority	s t r a ɪ k	s t r ʌ k	s t r a ɪ k ə d	k ɔ l	k ɔ l d	k ɔ l d	s t r a ɪ k d	0	0	vowel_change	reg_əd	reg_d
majority	h ɹ̩ t	h ɹ̩ t	h ɹ̩ t	r æ ʃ ə n	r æ ʃ ə n d	r æ ʃ ə n d	h ɹ̩ t d	0	0	no_change	no_change	reg_d
majority	h iː t	h iː t ə d	h ɹ̩ t	w e ɪ v	w e ɪ v d	w e ɪ v d	h iː t d	0	0	reg_əd	vowel_change	reg_d
majority	f l a ʊ ɹ̩	f l a ʊ ɹ̩ d	f l a ʊ ɹ̩ d	ɡ ɑː b ə l	ɡ ɑː b ə l d	ɡ ɑː b ə l d	f l a ʊ ɹ̩ d	1	1	reg_d	reg_d	reg_d
majority	k l o ʊ z	k l o ʊ z d	k l o ʊ z d	t a ɪ m	t a ɪ m d	t a ɪ m d	k l o ʊ z d	1	1	reg_d	reg_d	reg_d
majority	m a ɪ n	m a ɪ n d	m a ɪ n d	ɑː r ɡ j uː	ɑː r ɡ j uː d	ɑː r ɡ j uː d	m a ɪ n d	1	1	reg_d	reg_d	reg_d
majority	v ɪ z ɪ t	v ɪ z ɪ t ə d	v ɪ z ɪ t ə d	k l iː n	k l iː n d	k l iː n d	v ɪ z ɪ t d	0	0	reg_əd	reg_əd	reg_d
majority	t e ɪ s t	t e ɪ s t ə d	t e ɪ s t ə d	p æ d ə l	p æ d ə l d	p æ d ə l d	t e ɪ s t d	0	0	reg_əd	reg_əd	reg_d
majority	b ʌ t ɹ̩	b ʌ t ɹ̩ d	b ʌ t ɹ̩ d	k uː l	k uː l d	k uː l d	b ʌ t ɹ̩ d	1	1	reg_d	reg_d	reg_d
majority	m e ɪ l	m e ɪ l d	m e ɪ l d	k ɪ l	k ɪ l d	k ɪ l d	m e ɪ l d	1	1	reg_d	reg_d	reg_d
majority	d ɪ ŋ	d ɪ ŋ d	d ʌ ŋ	ɡ æ ɡ	ɡ æ ɡ d	ɡ æ ɡ d	d ɪ ŋ d	0	1	reg_d	vowel_change	reg_d
majority	s t ɑː p	s t ɑː p t	s t ɑː p t	t o ʊ	t o ʊ d	t o ʊ d	s t ɑː p d	0	0	reg_t	reg_t	reg_d
majority	ɪ k s a ɪ t	ɪ k s a ɪ t ə d	ɪ k s a ɪ t ə d	h ɹ̩ iː	h ɹ̩ iː d	h ɹ̩ iː d	ɪ k s a ɪ t d	0	0	reg_əd	reg_əd	reg_d
majority	f r a ɪ	f r a ɪ d	f r a ɪ d	m uː v	m uː v d	m uː v d	f r a ɪ d	1	1	reg_d	reg_d	reg_d
majority	s p iː k	s p o ʊ k	s p iː k t	h ɹ̩ iː	h ɹ̩ iː d	h ɹ̩ iː d	s p iː k d	0	0	vowel_change	reg_t	reg_d
majority	s k r æ m b ə l	s k r æ m b ə l d	s k r æ b ə l æ d	k j uː b	k j uː b d	k j uː b d	s k r æ m b ə l d	0	1	reg_d	other	reg_d
majority	t͡ʃ ɛ k	t͡ʃ ɛ k t	t͡ʃ ɛ k t	t ɪ k ə l	t ɪ k ə l d	t ɪ k ə l d	t͡ʃ ɛ k d	0	0	reg_t	reg_t	reg_d
majority	n ʌ m b ɹ̩	n ʌ m b ɹ̩ d	n m ʌ m b ɹ̩ b ə n d	k uː l	k uː l d	k uː l d	n ʌ m b ɹ̩ d	0	1	reg_d	other	reg_d
majority	b ɛ n d	b ɛ n d ə d	b ɛ n d ə d	d͡ʒ ʌ ɡ ə l	d͡ʒ ʌ ɡ ə l d	d͡ʒ ʌ ɡ ə l d	b ɛ n d d	0	0	reg_əd	reg_əd	reg_d
majority	t ɔ s	t ɔ s t	t ɔ s t	s k r ɪ b ə l	s k r ɪ b ə l d	s k r ɪ b ə l d	t ɔ s d	0	0	reg_t	reg_t	reg_d
majority	w ɪ s p ɹ̩	w ɪ s p ɹ̩ d	w ɪ s p ɹ̩ d	w ɪ l	w ɪ l d	w ɪ l d	w ɪ s p ɹ̩ d	1	1	reg_d	reg_d	reg_d
majority	a ɪ	a ɪ d	a ɪ d ɪ d	k l iː n	k l iː n d	k l iː n d	a ɪ d	0	1	reg_d	other	reg_d
majority	p ɑː p	p ɑː p t	p ɑː p t	r iː m uː v	r iː m uː v d	r iː m uː v d	p ɑː p d	0	0	reg_t	reg_t	reg_d
majority	ɪ ɡ z ɔ s t	ɪ ɡ z ɔ s t ə d	ɪ z ɔ s t ə d	ɑː r ɡ j uː	ɑː r ɡ j uː d	ɑː r ɡ j uː d	ɪ ɡ z ɔ s t d	0	0	reg_əd	other	reg_d
majority	b ɪ l d	b ɪ l t	b ɪ l d ə d	ɡ r iː n	ɡ r iː n d	ɡ r iː n d	b ɪ l d d	0	0	coda_change	reg_əd	reg_d
majority	w ʌ n d ɹ̩	w ʌ n d ɹ̩ d	w ʌ n d ɹ̩ d	ɡ ɑː b ə l	ɡ ɑː b ə l d	ɡ ɑː b ə l d	w ʌ n d ɹ̩ d	1	1	reg_d	reg_d	reg_d
majority	k r æ k	k r æ k t	k r æ k t	k r ɔ l	k r ɔ l d	k r ɔ l d	k r æ k d	0	0	reg_t	reg_t	reg_d
majority	n ɪ b ə l	n ɪ b ə l d	n ɪ b ə l d	p ɪ k t͡ʃ ɹ̩	p ɪ k t͡ʃ ɹ̩ d	p ɪ k t͡ʃ ɹ̩ d	n ɪ b ə l d	1	1	reg_d	reg_d	reg_d
majority	d ɪ l ɪ v ɹ̩	d ɪ l ɪ v ɹ̩ d	d ɪ l v ɪ v d	ʃ a ɪ	ʃ a ɪ d	ʃ a ɪ d	d ɪ l ɪ v ɹ̩ d	0	1	reg_d	other	reg_d
majority	s k ɛ r	s k ɛ r d	s k ɛ r d	b a ɪ s ɪ k ə l	b a ɪ s ɪ k ə l d	b a ɪ s ɪ k ə l d	s k ɛ r d	1	1	reg_d	reg_d	reg_d
majority	ɔ f ɹ̩	ɔ f ɹ̩ d	ɔ f f t	b r iː ð	b r iː ð d	b r iː ð d	ɔ f ɹ̩ d	0	1	reg_d	other	reg_d
majority	f l ɑː p	f l ɑː p t	f l ɑː p t	d ɪ s t r ɔ ɪ	d ɪ s t r ɔ ɪ d	d ɪ s t r ɔ ɪ d	f l ɑː p d	0	0	reg_t	reg_t	reg_d
majority	ə p o ʊ z	ə p o ʊ z d	ə p o ʊ z d	k ɹ̩ l	k ɹ̩ l d	k ɹ̩ l d	ə p o ʊ z d	1	1	reg_d	reg_d	reg_d
majority	k ʌ l ɹ̩	k ʌ l ɹ̩ d	k ʌ l ɹ̩ d	d r ɪ l	d r ɪ l d	d r ɪ l d	k ʌ l ɹ̩ d	1	1	reg_d	reg_d	reg_d
majority	k æ m p	k æ m p t	k æ m p t	r iː ə l a ɪ z	r iː ə l a ɪ z d	r iː ə l a ɪ z d	k æ m p d	0	0	reg_t	reg_t	reg_d
majority	s ɛ l	s o ʊ l d	s ɛ l d	r æ ʃ ə n	r æ ʃ ə n d	r æ ʃ ə n d	s ɛ l d	1	0	vowel_change_suffix	reg_d	reg_d
majority	f l æ p	f l æ p t	f l æ p t	r o ʊ l	r o ʊ l d	r o ʊ l d	f l æ p d	0	0	reg_t	reg_t	reg_d
majority	p r ɛ s	p r ɛ s t	p r ɛ s t	t iː z	t iː z d	t iː z d	p r ɛ s d	0	0	reg_t	reg_t	reg_d
majority	f ɪ l	f ɪ l d	f ɪ l	r o ʊ l	r o ʊ l d	r o ʊ l d	f ɪ l d	0	1	reg_d	no_change	reg_d
majority	b r æ n t͡ʃ	b r æ n t͡ʃ t	b r æ n t͡ʃ t	b ɔ l	b ɔ l d	b ɔ l d	b r æ n t͡ʃ d	0	0	reg_t	reg_t	reg_d
majority	t a ɪ t ə n	t a ɪ t ə n d	t	t ɪ k ə l	t ɪ k ə l d	t ɪ k ə l d	t a ɪ t ə n d	0	1	reg_d	other	reg_d
majority	k æ p t ɪ v e ɪ t	k æ p t ɪ v e ɪ t ə d	k ə d	s t r æ ŋ ɡ ə l	s t r æ ŋ ɡ ə l d	s t r æ ŋ ɡ ə l d	k æ p t ɪ v e ɪ t d	0	0	reg_əd	other	reg_d
majority	t o ʊ s t	t o ʊ s t ə d	t o ʊ s t ə d	b ɛ ɡ	b ɛ ɡ d	b ɛ ɡ d	t o ʊ s t d	0	0	reg_əd	reg_əd	reg_d
majority	d ɪ s ə p iː r	d ɪ s ə p iː r d	d ɪ p ə p ə d	h ɛ d͡ʒ	h ɛ d͡ʒ d	h ɛ d͡ʒ d	d ɪ s ə p iː r d	0	1	reg_d	other	reg_d
majority	b ɛ r	b o ʊ r	b ɛ r d	f ɔ r m	f ɔ r m d	f ɔ r m d	b ɛ r d	1	0	vowel_change	reg_d	reg_d
majority	b ɛ r iː	b ɛ r iː d	b ɛ r iː d	ɪ k s k j uː z	ɪ k s k j uː z d	ɪ k s k j uː z d	b ɛ r iː d	1	1	reg_d	reg_d	reg_d
majority	s n iː k	s n iː k t	s n iː k t	m æ t ɹ̩	m æ t ɹ̩ d	m æ t ɹ̩ d	s n iː k d	0	0	reg_t	reg_t	reg_d
majority	l ʌ n t͡ʃ	l ʌ n t͡ʃ t	l ʌ n t͡ʃ t	k æ r iː	k æ r iː d	k æ r iː d	l ʌ n t͡ʃ d	0	0	reg_t	reg_t	reg_d
majority	m ɛ m ɹ̩ a ɪ z	m ɛ m ɹ̩ a ɪ z d	m ɛ m ɹ̩ a ɪ z d	k r ɔ l	k r ɔ l d	k r ɔ l d	m ɛ m ɹ̩ a ɪ z d	1	1	reg_d	reg_d	reg_d
majority	h a ɪ d	h ɪ d	h a ɪ d ə d	z uː m	z uː m d	z uː m d	h a ɪ d d	0	0	vowel_change	reg_əd	reg_d
majority	w iː l	w iː l d	w iː l d	p a ɪ l	p a ɪ l d	p a ɪ l d	w iː l d	1	1	reg_d	reg_d	reg_d
majority	p æ t	p æ t ə d	p æ t	r ʌ b	r ʌ b d	r ʌ b d	p æ t d	0	0	reg_əd	no_change	reg_d
majority	s k æ m p ɹ̩	s k æ m p ɹ̩ d	s k æ p r æ p ɹ̩ d	s ɹ̩ v	s ɹ̩ v d	s ɹ̩ v d	s k æ m p ɹ̩ d	0	1	reg_d	other	reg_d
majority	p iː r	p iː r d	p iː r d	ʃ ɑː r p ə n	ʃ ɑː r p ə n d	ʃ ɑː r p ə n d	p iː r d	1	1	reg_d	reg_d	reg_d
majority	ʃ æ m p uː	ʃ æ m p uː d	ʃ æ p t uː d	ə n t a ɪ	ə n t a ɪ d	ə n t a ɪ d	ʃ æ m p uː d	0	1	reg_d	other	reg_d
majority	r e ɪ s	r e ɪ s t	r e ɪ s t	s k r uː	s k r uː d	s k r uː d	r e ɪ s d	0	0	reg_t	reg_t	reg_d
majority	s t r ɛ t͡ʃ	s t r ɛ t͡ʃ t	s t r ɛ t͡ʃ t	b e ɪ ð	b e ɪ ð d	b e ɪ ð d	s t r ɛ t͡ʃ d	0	0	reg_t	reg_t	reg_d
majority	k ə l æ p s	k ə l æ p s t	k ə l æ p s t	b æ ŋ	b æ ŋ d	b æ ŋ d	k ə l æ p s d	0	0	reg_t	reg_t	reg_d
majority	d r ɪ f t	d r ɪ f t ə d	d r ɪ f t ə d	m æ t ɹ̩	m æ t ɹ̩ d	m æ t ɹ̩ d	d r ɪ f t d	0	0	reg_əd	reg_əd	reg_d
majority	s t æ b	s t æ b d	s t æ b d	b e ɪ ð	b e ɪ ð d	b e ɪ ð d	s t æ b d	1	1	reg_d	reg_d	reg_d
majority	t͡ʃ uː	t͡ʃ uː d	t͡ʃ o ʊ	p ɛ ɡ	p ɛ ɡ d	p ɛ ɡ d	t͡ʃ uː d	0	1	reg_d	vowel_change	reg_d
majority	b ʌ b ə l	b ʌ b ə l d	b ʌ b ə l d	l ʌ v	l ʌ v d	l ʌ v d	b ʌ b ə l d	1	1	reg_d	reg_d	reg_d
majority	s a ʊ ɹ̩	s a ʊ ɹ̩ d	s a ʊ ɹ̩ d	ɡ r æ b	ɡ r æ b d	ɡ r æ b d	s a ʊ ɹ̩ d	1	1	reg_d	reg_d	reg_d
majority	s t æ m p	s t æ m p t	s t æ m p t	t ɪ k ə l	t ɪ k ə l d	t ɪ k ə l d	s t æ m p d	0	0	reg_t	reg_t	reg_d
majority	d͡ʒ ɹ̩ k	d͡ʒ ɹ̩ k t	d͡ʒ ɹ̩ k t	r ə s iː v	r ə s iː v d	r ə s iː v d	d͡ʒ ɹ̩ k d	0	0	reg_t	reg_t	reg_d
majority	s ɔ	s ɔ d	s ɔ	t a ɪ	t a ɪ d	t a ɪ d	s ɔ d	0	1	reg_d	no_change	reg_d
majority	f l ɪ p	f l ɪ p t	f l ɪ p t	iː v ɪ n	iː v ɪ n d	iː v ɪ n d	f l ɪ p d	0	0	reg_t	reg_t	reg_d
majority	h iː l	h iː l d	h ɹ̩ l d	w ɔ r m	w ɔ r m d	w ɔ r m d	h iː l d	0	1	reg_d	vowel_change_suffix	reg_d
majority	s k r iː m	s k r iː m d	s k r iː m d	m uː v	m uː v d	m uː v d	s k r iː m d	1	1	reg_d	reg_d	reg_d
majority	h ʊ k	h ʊ k t	h ʊ k t	k l iː n	k l iː n d	k l iː n d	h ʊ k d	0	0	reg_t	reg_t	reg_d
majority	p ɪ t	p ɪ t ə d	p ɪ t ə d	t͡ʃ ɑː r d͡ʒ	t͡ʃ ɑː r d͡ʒ d	t͡ʃ ɑː r d͡ʒ d	p ɪ t d	0	0	reg_əd	reg_əd	reg_d
majority	t r ʌ b ə l	t r ʌ b ə l d	t	k ɔ l	k ɔ l d	k ɔ l d	t r ʌ b ə l d	0	1	reg_d	other	reg_d
majority	ɪ m p r ə v a ɪ z	ɪ m p r ə v a ɪ z d	ɪ p v d	r e ɪ n	r e ɪ n d	r e ɪ n d	ɪ m p r ə v a ɪ z d	0	1	reg_d	other	reg_d
majority	n e ɪ l	n e ɪ l d	n e ɪ l d	ʃ ɑː r p ə n	ʃ ɑː r p ə n d	ʃ ɑː r p ə n d	n e ɪ l d	1	1	reg_d	reg_d	reg_d
majority	b a ɪ k	b a ɪ k t	b a ɪ k t	j ɛ l	j ɛ l d	j ɛ l d	b a ɪ k d	0	0	reg_t	reg_t	reg_d
majority	l ɑː k	l ɑː k t	l ɑː k t	b a ɪ s ɪ k ə l	b a ɪ s ɪ k ə l d	b a ɪ s ɪ k ə l d	l ɑː k d	0	0	reg_t	reg_t	reg_d
majority	r ɛ s t	r ɛ s t ə d	r ɛ s t ə d	b ɑː ð ɹ̩	b ɑː ð ɹ̩ d	b ɑː ð ɹ̩ d	r ɛ s t d	0	0	reg_əd	reg_əd	reg_d
majority	b iː p	b iː p t	b iː p t	s p ɛ l	s p ɛ l d	s p ɛ l d	b iː p d	0	0	reg_t	reg_t	reg_d
random	s m a ɪ l	s m a ɪ l d	s m a ɪ l d	w ɔ t ɹ̩	w ɔ t ɹ̩ d	w ɔ t ɹ̩ d	s m a ɪ l d	1	1	reg_d	reg_d	reg_d
random	r iː d	r ɛ d	r iː d	n ɹ̩ s	n ɹ̩ s t	n ɹ̩ s t	r iː d t	0	0	vowel_change	no_change	reg_t
random	l a ɪ k	l a ɪ k t	l a ɪ k t	s ɪ ŋ	s æ ŋ	s æ ŋ	NA	0	0	reg_t	reg_t	vowel_change
random	ʃ o ʊ	ʃ o ʊ d	ʃ o ʊ d	m ɑː r b ə l	m ɑː r b ə l d	m ɑː r b ə l d	ʃ o ʊ d	1	1	reg_d	reg_d	reg_d
random	b a ɪ t	b ɪ t	b a ɪ t ə d	w e ɪ v	w e ɪ v d	w e ɪ v d	b a ɪ t d	0	0	vowel_change	reg_əd	reg_d
random	f l a ɪ	f l uː	f l a ɪ d	ə n a ʊ n s	ə n a ʊ n s t	ə n a ʊ n s t	f l a ɪ t	0	0	vowel_change	reg_d	reg_t
random	h o ʊ p	h o ʊ p t	h o ʊ p t	b r ɪ ŋ	b r ɔ t	b r ɔ t	NA	0	0	reg_t	reg_t	rhyme_replaced
random	o ʊ p ə n	o ʊ p ə n d	o ʊ p ə n d	s l iː p	s l ɛ p t	s l ɛ p t	NA	0	0	reg_d	reg_d	vowel_change_suffix
random	r ʌ n	r æ n	r ʌ n d	s p ɪ n	s p ʌ n	s p ʌ n	NA	0	0	vowel_change	reg_d	vowel_change
random	t ɔ ɪ	t ɔ ɪ d	t ɔ ɪ d	s p ɛ l	s p ɛ l d	s p ɛ l d	t ɔ ɪ d	1	1	reg_d	reg_d	reg_d
random	p l e ɪ	p l e ɪ d	p l e ɪ d	s t æ n d	s t ʊ d	s t ʊ d	NA	0	0	reg_d	reg_d	rhyme_replaced
random	w ɑː t͡ʃ	w ɑː t͡ʃ t	w ɑː t͡ʃ t	b ɛ s t	b ɛ s t ə d	b ɛ s t ə d	w ɑː t͡ʃ ə d	0	0	reg_t	reg_t	reg_əd
random	r iː t͡ʃ	r iː t͡ʃ t	r iː t͡ʃ t	w ɔ k	w ɔ k t	w ɔ k t	r iː t͡ʃ t	1	1	reg_t	reg_t	reg_t
random	æ s k	æ s k t	æ k s t	b ʌ m p	b ʌ m p t	b ʌ m p t	æ s k t	0	1	reg_t	coda_change	reg_t
random	s m ɛ l	s m ɛ l d	s m ɛ l d	k æ t͡ʃ	k ɔ t	k ɔ t	NA	0	0	reg_d	reg_d	rhyme_replaced
random	h æ ŋ	h ʌ ŋ	h æ ŋ d	w ɹ̩ iː	w ɹ̩ iː d	w ɹ̩ iː d	h æ ŋ d	1	0	vowel_change	reg_d	reg_d
random	r a ɪ d	r o ʊ d	r o ʊ d	w a ɪ n d	w a ɪ n d ə d	w a ɪ n d ə d	r a ɪ d ə d	0	0	vowel_change	vowel_change	reg_əd
random	s p ɪ l	s p ɪ l d	s p ʌ l d	m æ n	m æ n d	m æ n d	s p ɪ l d	0	1	reg_d	vowel_change_suffix	reg_d
random	p ɔ r	p ɔ r d	p ɔ r d	m ɪ k s	m ɪ k s t	m ɪ k s t	p ɔ r t	0	0	reg_d	reg_d	reg_t
random	b a ʊ	b a ʊ d	b ɔ t	k ɹ̩ l	k ɹ̩ l d	k ɹ̩ l d	b a ʊ d	0	1	reg_d	vowel_change_suffix	reg_d
random	t ʌ t͡ʃ	t ʌ t͡ʃ t	t ʌ t͡ʃ t	s m o ʊ k	s m o ʊ k t	s m o ʊ k t	t ʌ t͡ʃ t	1	1	reg_t	reg_t	reg_t
random	k ɑː z	k ɑː z d	k ɑː z d	p ʊ ʃ	p ʊ ʃ t	p ʊ ʃ t	k ɑː z t	0	0	reg_d	reg_d	reg_t
random	s t r a ɪ k	s t r ʌ k	s t r a ɪ k ə d	w e ɪ t	w e ɪ t ə d	w e ɪ t ə d	s t r a ɪ k ə d	1	0	vowel_change	reg_əd	reg_əd
random	h ɹ̩ t	h ɹ̩ t	h ɹ̩ t	r ɛ d iː	r ɛ d iː d	r ɛ d iː d	h ɹ̩ t d	0	0	no_change	no_change	reg_d
random	h iː t	h iː t ə d	h ɹ̩ t	ʃ uː	ʃ uː d	ʃ uː d	h iː t d	0	0	reg_əd	vowel_change	reg_d
random	f l a ʊ ɹ̩	f l a ʊ ɹ̩ d	f l a ʊ ɹ̩ d	b a ɪ	b ɔ t	b ɔ t	NA	0	0	reg_d	reg_d	vowel_change_suffix
random	k l o ʊ z	k l o ʊ z d	k l o ʊ z d	r a ɪ z	r o ʊ z	r o ʊ z	NA	0	0	reg_d	reg_d	vowel_change
random	m a ɪ n	m a ɪ n d	m a ɪ n d	z ɪ p	z ɪ p t	z ɪ p t	m a ɪ n t	0	0	reg_d	reg_d	reg_t
random	v ɪ z ɪ t	v ɪ z ɪ t ə d	v ɪ z ɪ t ə d	b a ʊ n s	b a ʊ n s t	b a ʊ n s t	v ɪ z ɪ t t	0	0	reg_əd	reg_əd	reg_t
random	t e ɪ s t	t e ɪ s t ə d	t e ɪ s t ə d	w e ɪ k	w e ɪ d	w o ʊ k	NA	0	0	reg_əd	reg_əd	coda_change
random	b ʌ t ɹ̩	b ʌ t ɹ̩ d	b ʌ t ɹ̩ d	s t ɑː r t	s t ɑː r t ə d	s t ɑː r t ə d	b ʌ t ɹ̩ ə d	0	0	reg_d	reg_d	reg_əd
random	m e ɪ l	m e ɪ l d	m e ɪ l d	s e ɪ v	s e ɪ v d	s e ɪ v d	m e ɪ l d	1	1	reg_d	reg_d	reg_d
random	d ɪ ŋ	d ɪ ŋ d	d ʌ ŋ	w ɔ k	w ɔ k t	w ɔ k t	d ɪ ŋ t	0	0	reg_d	vowel_change	reg_t
random	s t ɑː p	s t ɑː p t	s t ɑː p t	k j uː b	k j uː b d	k j uː b d	s t ɑː p d	0	0	reg_t	reg_t	reg_d
random	ɪ k s a ɪ t	ɪ k s a ɪ t ə d	ɪ k s a ɪ t ə d	b æ ŋ	b æ ŋ d	b æ ŋ d	ɪ k s a ɪ t d	0	0	reg_əd	reg_əd	reg_d
random	f r a ɪ	f r a ɪ d	f r a ɪ d	l ɛ d	l ɛ d ə d	l ɛ d ə d	f r a ɪ ə d	0	0	reg_d	reg_d	reg_əd
random	s p iː k	s p o ʊ k	s p iː k t	ɡ ɛ s	ɡ ɛ s t	ɡ ɛ s t	s p iː k t	1	0	vowel_change	reg_t	reg_t
random	s k r æ m b ə l	s k r æ m b ə l d	s k r æ b ə l æ d	l æ s t	l æ s t ə d	l æ s t ə d	s k r æ m b ə l ə d	0	0	reg_d	other	reg_əd
random	t͡ʃ ɛ k	t͡ʃ ɛ k t	t͡ʃ ɛ k t	ɪ k s p l e ɪ n	ɪ k s p l e ɪ n d	ɪ k s p l e ɪ n d	t͡ʃ ɛ k d	0	0	reg_t	reg_t	reg_d
random	n ʌ m b ɹ̩	n ʌ m b ɹ̩ d	n m ʌ m b ɹ̩ b ə n d	s p ɑː r k	s p ɑː r k t	s p ɑː r k t	n ʌ m b ɹ̩ t	0	0	reg_d	other	reg_t
random	b ɛ n d	b ɛ n d ə d	b ɛ n d ə d	s l ɪ p	s l ɪ p t	s l ɪ p t	b ɛ n d t	0	0	reg_əd	reg_əd	reg_t
random	t ɔ s	t ɔ s t	t ɔ s t	t a ɪ ɹ̩	t a ɪ ɹ̩ d	t a ɪ ɹ̩ d	t ɔ s d	0	0	reg_t	reg_t	reg_d
random	w ɪ s p ɹ̩	w ɪ s p ɹ̩ d	w ɪ s p ɹ̩ d	r ɛ k ə ɡ n a ɪ z	r ɛ k ə ɡ n a ɪ z d	r ɛ k ə ɡ n a ɪ z d	w ɪ s p ɹ̩ d	1	1	reg_d	reg_d	reg_d
random	a ɪ	a ɪ d	a ɪ d ɪ d	k l a ɪ m	k l a ɪ m d	k l a ɪ m d	a ɪ d	0	1	reg_d	other	reg_d
random	p ɑː p	p ɑː p t	p ɑː p t	k ɪ k	k ɪ k t	k ɪ k t	p ɑː p t	1	1	reg_t	reg_t	reg_t
random	ɪ ɡ z ɔ s t	ɪ ɡ z ɔ s t ə d	ɪ z ɔ s t ə d	f ɔ r m	f ɔ r m d	f ɔ r m d	ɪ ɡ z ɔ s t d	0	0	reg_əd	other	reg_d
random	b ɪ l d	b ɪ l t	b ɪ l d ə d	ə n d ɹ̩ s t æ n d	ə n d ɹ̩ s t ʊ d	ə n d ɹ̩ s t ʊ d	NA	0	0	coda_change	reg_əd	rhyme_replaced
random	w ʌ n d ɹ̩	w ʌ n d ɹ̩ d	w ʌ n d ɹ̩ d	f l ʌ ʃ	f l ʌ ʃ t	f l ʌ ʃ t	w ʌ n d ɹ̩ t	0	0	reg_d	reg_d	reg_t
random	k r æ k	k r æ k t	k r æ k t	s p æ ŋ k	s p æ ŋ k t	s p æ ŋ k t	k r æ k t	1	1	reg_t	reg_t	reg_t
random	n ɪ b ə l	n ɪ b ə l d	n ɪ b ə l d	ɡ ɑː b ə l	ɡ ɑː b ə l d	ɡ ɑː b ə l d	n ɪ b ə l d	1	1	reg_d	reg_d	reg_d
random	d ɪ l ɪ v ɹ̩	d ɪ l ɪ v ɹ̩ d	d ɪ l v ɪ v d	w ɪ l	w ɪ l d	w ɪ l d	d ɪ l ɪ v ɹ̩ d	0	1	reg_d	other	reg_d
random	s k ɛ r	s k ɛ r d	s k ɛ r d	m uː v	m uː v d	m uː v d	s k ɛ r d	1	1	reg_d	reg_d	reg_d
random	ɔ f ɹ̩	ɔ f ɹ̩ d	ɔ f f t	ə t æ t͡ʃ	ə t æ t͡ʃ t	ə t æ t͡ʃ t	ɔ f ɹ̩ t	0	0	reg_d	other	reg_t
random	f l ɑː p	f l ɑː p t	f l ɑː p t	s w iː p	s w ɛ p t	s w ɛ p t	NA	0	0	reg_t	reg_t	vowel_change_suffix
random	ə p o ʊ z	ə p o ʊ z d	ə p o ʊ z d	t r ɪ p	t r ɪ p t	t r ɪ p t	ə p o ʊ z t	0	0	reg_d	reg_d	reg_t
random	k ʌ l ɹ̩	k ʌ l ɹ̩ d	k ʌ l ɹ̩ d	b ʌ m p	b ʌ m p t	b ʌ m p t	k ʌ l ɹ̩ t	0	0	reg_d	reg_d	reg_t
random	k æ m p	k æ m p t	k æ m p t	s m æ k	s m æ k t	s m æ k t	k æ m p t	1	1	reg_t	reg_t	reg_t
random	s ɛ l	s o ʊ l d	s ɛ l d	w e ɪ k	w e ɪ d	w o ʊ k	NA	0	0	vowel_change_suffix	reg_d	coda_change
random	f l æ p	f l æ p t	f l æ p t	d ɪ p	d ɪ p t	d ɪ p t	f l æ p t	1	1	reg_t	reg_t	reg_t
random	p r ɛ s	p r ɛ s t	p r ɛ s t	p a ʊ n s	p a ʊ n s t	p a ʊ n s t	p r ɛ s t	1	1	reg_t	reg_t	reg_t
random	f ɪ l	f ɪ l d	f ɪ l	k o ʊ ɑː p ɹ̩ e ɪ t	k o ʊ ɑː p ɹ̩ e ɪ t ə d	k o ʊ ɑː p ɹ̩ e ɪ t ə d	f ɪ l ə d	0	0	reg_d	no_change	reg_əd
random	b r æ n t͡ʃ	b r æ n t͡ʃ t	b r æ n t͡ʃ t	ɡ r a ʊ l	ɡ r a ʊ l d	ɡ r a ʊ l d	b r æ n t͡ʃ d	0	0	reg_t	reg_t	reg_d
random	t a ɪ t ə n	t a ɪ t ə n d	t	r ɪ p	r ɪ p t	r ɪ p t	t a ɪ t ə n t	0	0	reg_d	other	reg_t
random	k æ p t ɪ v e ɪ t	k æ p t ɪ v e ɪ t ə d	k ə d	h ɪ t	h ɪ t	h ɪ t	k æ p t ɪ v e ɪ t	0	0	reg_əd	other	no_change
random	t o ʊ s t	t o ʊ s t ə d	t o ʊ s t ə d	f iː l	f ɛ l t	f ɛ l t	NA	0	0	reg_əd	reg_əd	vowel_change_suffix
random	d ɪ s ə p iː r	d ɪ s ə p iː r d	d ɪ p ə p ə d	t ɔ k	t ɔ k t	t ɔ k t	d ɪ s ə p iː r t	0	0	reg_d	other	reg_t
random	b ɛ r	b o ʊ r	b ɛ r d	æ d	æ d ə d	æ d ə d	b ɛ r ə d	0	0	vowel_change	reg_d	reg_əd
random	b ɛ r iː	b ɛ r iː d	b ɛ r iː d	d ɔ ɡ	d ɔ ɡ d	d ɔ ɡ d	b ɛ r iː d	1	1	reg_d	reg_d	reg_d
random	s n iː k	s n iː k t	s n iː k t	θ ɪ ŋ k	θ ɔ t	θ ɔ t	NA	0	0	reg_t	reg_t	rhyme_replaced
random	l ʌ n t͡ʃ	l ʌ n t͡ʃ t	l ʌ n t͡ʃ t	k ʌ m	k ʌ m d	k e ɪ m	l ʌ n t͡ʃ d	0	0	reg_t	reg_t	reg_d
random	m ɛ m ɹ̩ a ɪ z	m ɛ m ɹ̩ a ɪ z d	m ɛ m ɹ̩ a ɪ z d	p ʊ t	p ʊ t	p ʊ t	m ɛ m ɹ̩ a ɪ z	0	0	reg_d	reg_d	no_change
random	h a ɪ d	h ɪ d	h a ɪ d ə d	b ɑː s	b ɑː s t	b ɑː s t	h a ɪ d t	0	0	vowel_change	reg_əd	reg_t
random	w iː l	w iː l d	w iː l d	s n ɪ f	s n ɪ f t	s n ɪ f t	w iː l t	0	0	reg_d	reg_d	reg_t
random	p æ t	p æ t ə d	p æ t	ə n d ɹ̩ s t æ n d	ə n d ɹ̩ s t ʊ d	ə n d ɹ̩ s t ʊ d	NA	0	0	reg_əd	no_change	rhyme_replaced
random	s k æ m p ɹ̩	s k æ m p ɹ̩ d	s k æ p r æ p ɹ̩ d	ɪ k s k l e ɪ m	ɪ k s k l e ɪ m d	ɪ k s k l e ɪ m d	s k æ m p ɹ̩ d	0	1	reg_d	other	reg_d
random	p iː r	p iː r d	p iː r d	l a ɪ t	l ɪ t	l ɪ t	NA	0	0	reg_d	reg_d	vowel_change
random	ʃ æ m p uː	ʃ æ m p uː d	ʃ æ p t uː d	s ɛ n d	s ɛ n t	s ɛ n t	NA	0	0	reg_d	other	coda_change
random	r e ɪ s	r e ɪ s t	r e ɪ s t	k ɪ l	k ɪ l d	k ɪ l d	r e ɪ s d	0	0	reg_t	reg_t	reg_d
random	s t r ɛ t͡ʃ	s t r ɛ t͡ʃ t	s t r ɛ t͡ʃ t	b o ʊ l	b o ʊ l d	b o ʊ l d	s t r ɛ t͡ʃ d	0	0	reg_t	reg_t	reg_d
random	k ə l æ p s	k ə l æ p s t	k ə l æ p s t	p o ʊ k	p o ʊ k t	p o ʊ k t	k ə l æ p s t	1	1	reg_t	reg_t	reg_t
random	d r ɪ f t	d r ɪ f t ə d	d r ɪ f t ə d	m iː t	m ɛ t	m ɛ t	NA	0	0	reg_əd	reg_əd	vowel_change
random	s t æ b	s t æ b d	s t æ b d	ə ɡ r iː	ə ɡ r iː d	ə ɡ r iː d	s t æ b d	1	1	reg_d	reg_d	reg_d
random	t͡ʃ uː	t͡ʃ uː d	t͡ʃ o ʊ	p ɛ ɡ	p ɛ ɡ d	p ɛ ɡ d	t͡ʃ uː d	0	1	reg_d	vowel_change	reg_d
random	b ʌ b ə l	b ʌ b ə l d	b ʌ b ə l d	s p ɪ n	s p ʌ n	s p ʌ n	NA	0	0	reg_d	reg_d	vowel_change
random	s a ʊ ɹ̩	s a ʊ ɹ̩ d	s a ʊ ɹ̩ d	d ɪ p	d ɪ p t	d ɪ p t	s a ʊ ɹ̩ t	0	0	reg_d	reg_d	reg_t
random	s t æ m p	s t æ m p t	s t æ m p t	w uː	w uː d	w uː d	s t æ m p d	0	0	reg_t	reg_t	reg_d
random	d͡ʒ ɹ̩ k	d͡ʒ ɹ̩ k t	d͡ʒ ɹ̩ k t	t r æ m p	t r æ m p t	t r æ m p t	d͡ʒ ɹ̩ k t	1	1	reg_t	reg_t	reg_t
random	s ɔ	s ɔ d	s ɔ	p æ s	p æ s t	p æ s t	s ɔ t	0	0	reg_d	no_change	reg_t
random	f l ɪ p	f l ɪ p t	f l ɪ p t	s t ʌ f	s t ʌ f t	s t ʌ f t	f l ɪ p t	1	1	reg_t	reg_t	reg_t
random	h iː l	h iː l d	h ɹ̩ l d	k ɹ̩ l	k ɹ̩ l d	k ɹ̩ l d	h iː l d	0	1	reg_d	vowel_change_suffix	reg_d
random	s k r iː m	s k r iː m d	s k r iː m d	ɪ n t ə r ɛ s t	ɪ n t ə r ɛ s t ə d	ɪ n t ə r ɛ s t ə d	s k r iː m ə d	0	0	reg_d	reg_d	reg_əd
random	h ʊ k	h ʊ k t	h ʊ k t	æ k s ɛ p t	æ k s ɛ p t ə d	æ k s ɛ p t ə d	h ʊ k ə d	0	0	reg_t	reg_t	reg_əd
random	p ɪ t	p ɪ t ə d	p ɪ t ə d	ɑː r ɡ j uː	ɑː r ɡ j uː d	ɑː r ɡ j uː d	p ɪ t d	0	0	reg_əd	reg_əd	reg_d
random	t r ʌ b ə l	t r ʌ b ə l d	t	r iː m uː v	r iː m uː v d	r iː m uː v d	t r ʌ b ə l d	0	1	reg_d	other	reg_d
random	ɪ m p r ə v a ɪ z	ɪ m p r ə v a ɪ z d	ɪ p v d	s ɑː k	s ɑː k t	s ɑː k t	ɪ m p r ə v a ɪ z t	0	0	reg_d	other	reg_t
random	n e ɪ l	n e ɪ l d	n e ɪ l d	l ɹ̩ n	l ɹ̩ n d	l ɹ̩ n d	n e ɪ l d	1	1	reg_d	reg_d	reg_d
random	b a ɪ k	b a ɪ k t	b a ɪ k t	h a ɪ k	h a ɪ k t	h a ɪ k t	b a ɪ k t	1	1	reg_t	reg_t	reg_t
random	l ɑː k	l ɑː k t	l ɑː k t	s iː k	s ɔ t	s ɔ t	NA	0	0	reg_t	reg_t	rhyme_replaced
random	r ɛ s t	r ɛ s t ə d	r ɛ s t ə d	l æ n d	l æ n d ə d	l æ n d ə d	r ɛ s t ə d	1	1	reg_əd	reg_əd	reg_əd
random	b iː p	b iː p t	b iː p t	b ɛ t	b ɛ t	b ɛ t	b iː p	0	0	reg_t	reg_t	no_change
