neighbors	src	gold	pred	neighbor_src	neighbor_out	neighbor_gold	analogy	matches_pred	matches_gold	class_gold	class_pred	class_neighbor
model_sep	ɡ ɛ t	ɡ ɑː t	ɡ ɛ t	ɡ ɪ v	ɡ ɪ v d	ɡ e ɪ v	ɡ ɛ t d	0	0	vowel_change	no_change	reg_d
model_sep	p ʊ t	p ʊ t	p ʊ t	p ɛ t	p ɛ t ə d	p ɛ t ə d	p ʊ t ə d	0	0	no_change	no_change	reg_əd
model_sep	ɡ o ʊ	w ɛ n t	ɡ o ʊ d	ɡ ɛ s	ɡ ɛ s t	ɡ ɛ s t	ɡ o ʊ t	0	0	other	reg_d	reg_t
model_sep	iː t	e ɪ t	iː d t	iː z	iː z d	iː z d	iː t d	0	0	vowel_change	coda_change	reg_d
model_sep	w ɔ n t	w ɔ n t ə d	w ɔ n t ə d	w uː n d	w uː n d ə d	w uː n d ə d	w ɔ n t ə d	1	1	reg_əd	reg_əd	reg_əd
model_sep	n ɑː k	n ɑː k t	n ɑː k t	n æ p	n æ p t	n æ p t	n ɑː k t	1	1	reg_t	reg_t	reg_t
model_sep	l ɪ s ə n	l ɪ s ə n d	l ɪ s ə n d	l uː s ə n	l uː s ə n d	l uː s ə n d	l ɪ s ə n d	1	1	reg_d	reg_d	reg_d
model_sep	p ʌ f	p ʌ f t	p ʌ f t	p ʊ l	p ʊ l d	p ʊ l d	p ʌ f d	0	0	reg_t	reg_t	reg_d
model_sep	h o ʊ p	h o ʊ p t	h o ʊ p t	h o ʊ l	h o ʊ l d	h o ʊ l d	h o ʊ p d	0	0	reg_t	reg_t	reg_d
model_sep	n iː d	n iː d ə d	n iː d ə d	n ɪ p	n ɪ p t	n ɪ p t	n iː d t	0	0	reg_əd	reg_əd	reg_t
model_sep	k æ t͡ʃ	k ɔ t	k æ t͡ʃ t	k l ɔ	k l ɔ d	k l ɔ d	k æ t͡ʃ d	0	0	rhyme_replaced	reg_t	reg_d
model_sep	z ɪ p ɹ̩	z ɪ p ɹ̩ d	z ɪ p ɹ̩ d	z ɪ p	z ɪ p t	z ɪ p t	z ɪ p ɹ̩ t	0	0	reg_d	reg_d	reg_t
model_sep	h ɑː p	h ɑː p t	h ɑː p t	h ɪ s	h ɪ s t	h ɪ s t	h ɑː p t	1	1	reg_t	reg_t	reg_t
model_sep	k æ r iː	k æ r iː d	k æ r iː d	k ɑː p iː	k ɑː p iː d	k ɑː p iː d	k æ r iː d	1	1	reg_d	reg_d	reg_d
model_sep	r ɪ t ɹ̩ n	r ɪ t ɹ̩ n d	r ɪ t ɹ̩ n d	r æ t ə l	r æ t ə l d	r æ t ə l d	r ɪ t ɹ̩ n d	1	1	reg_d	reg_d	reg_d
model_sep	f iː d	f ɛ d	f iː d ə d	f ʌ s	f ʌ s t	f ʌ s t	f iː d t	0	0	vowel_change	reg_əd	reg_t
model_sep	ɡ ɑː b ə l	ɡ ɑː b ə l d	ɡ ɑː b ə l d	ɡ l a ʊ ɹ̩	ɡ l a ʊ ɹ̩ d	ɡ l a ʊ ɹ̩ d	ɡ ɑː b ə l d	1	1	reg_d	reg_d	reg_d
model_sep	o ʊ p ə n	o ʊ p ə n d	o ʊ p ə n d	o ʊ b e ɪ	o ʊ b e ɪ d	o ʊ b e ɪ d	o ʊ p ə n d	1	1	reg_d	reg_d	reg_d
model_sep	h o ʊ l d	h ɛ l d	h o ʊ l d ə d	h æ l o ʊ	h æ l o ʊ d	h æ l o ʊ d	h o ʊ l d d	0	0	vowel_change	reg_əd	reg_d
model_sep	d ɪ l ɪ v ɹ̩	d ɪ l ɪ v ɹ̩ d	d ɪ l ɪ v ɹ̩ d	d ɪ p ɛ n d	d ɪ p ɛ n d ə d	d ɪ p ɛ n d ə d	d ɪ l ɪ v ɹ̩ ə d	0	0	reg_d	reg_d	reg_əd
model_sep	r ʌ b	r ʌ b d	r ʌ b d	r ɑː b	r ɑː b d	r ɑː b d	r ʌ b d	1	1	reg_d	reg_d	reg_d
model_sep	w ɑː t͡ʃ	w ɑː t͡ʃ t	w ɑː t͡ʃ t	w ɪ p	w ɪ p t	w ɪ p t	w ɑː t͡ʃ t	1	1	reg_t	reg_t	reg_t
model_sep	p l iː z	p l iː z d	p l iː z d	p l ɑː p	p l ɑː p t	p l ɑː p t	p l iː z t	0	0	reg_d	reg_d	reg_t
model_sep	w ɔ k	w ɔ k t	w ɔ k t	w ɹ̩ k	w ɹ̩ k t	w ɹ̩ k t	w ɔ k t	1	1	reg_t	reg_t	reg_t
model_sep	p æ k	p æ k t	p æ k t	p ɪ k	p ɪ k t	p ɪ k t	p æ k t	1	1	reg_t	reg_t	reg_t
model_sep	s a ʊ n d	s a ʊ n d ə d	s a ʊ n d	s p ɛ n d	s p ɛ n d	s p ɛ n t	s a ʊ n d	1	0	reg_əd	no_change	no_change
model_sep	ɡ r æ b	ɡ r æ b d	ɡ r æ b d	ɡ æ ð ɹ̩	ɡ æ ð ɹ̩ d	ɡ æ ð ɹ̩ d	ɡ r æ b d	1	1	reg_d	reg_d	reg_d
model_sep	m æ n	m æ n d	m æ n d	m iː t	m iː t ə d	m ɛ t	m æ n ə d	0	0	reg_d	reg_d	reg_əd
model_sep	f iː l	f ɛ l t	f iː l d	f ɔ l	f ɔ l d	f ɛ l	f iː l d	1	0	vowel_change_suffix	reg_d	reg_d
model_sep	n e ɪ m	n e ɪ m d	n e ɪ m d	n a ɪ f	n a ɪ f t	n a ɪ f t	n e ɪ m t	0	0	reg_d	reg_d	reg_t
model_sep	f l o ʊ	f l o ʊ d	f l o ʊ d	f r a ɪ	f r a ɪ d	f r a ɪ d	f l o ʊ d	1	1	reg_d	reg_d	reg_d
model_sep	w ɛ ð ɹ̩	w ɛ ð ɹ̩ d	w ɛ ð ɹ̩ d	w ɔ t ɹ̩	w ɔ t ɹ̩ d	w ɔ t ɹ̩ d	w ɛ ð ɹ̩ d	1	1	reg_d	reg_d	reg_d
model_sep	l a ɪ	l e ɪ	l a ɪ d	l e ɪ	l e ɪ d	l e ɪ d	l a ɪ d	1	0	vowel_change	reg_d	reg_d
model_sep	k r æ ʃ	k r æ ʃ t	k r æ ʃ t	k r æ k	k r æ k t	k r æ k t	k r æ ʃ t	1	1	reg_t	reg_t	reg_t
model_sep	p e ɪ d͡ʒ	p e ɪ d͡ʒ d	p e ɪ d͡ʒ d	p a ɪ l	p a ɪ l d	p a ɪ l d	p e ɪ d͡ʒ d	1	1	reg_d	reg_d	reg_d
model_sep	t͡ʃ o ʊ k	t͡ʃ o ʊ k t	t͡ʃ o ʊ k t	t͡ʃ ɑː r d͡ʒ	t͡ʃ ɑː r d͡ʒ d	t͡ʃ ɑː r d͡ʒ d	t͡ʃ o ʊ k d	0	0	reg_t	reg_t	reg_d
model_sep	b l ɛ s	b l ɛ s t	b l ɛ s t	b l ʌ ʃ	b l ʌ ʃ t	b l ʌ ʃ t	b l ɛ s t	1	1	reg_t	reg_t	reg_t
model_sep	d ɪ ŋ	d ɪ ŋ d	d ɪ ŋ d	d ɑː k	d ɑː k t	d ɑː k t	d ɪ ŋ t	0	0	reg_d	reg_d	reg_t
model_sep	s ɛ l	s o ʊ l d	s ɛ l d	s iː l	s iː l d	s iː l d	s ɛ l d	1	0	vowel_change_suffix	reg_d	reg_d
model_sep	b ɪ ɡ ɪ n	b ɪ ɡ æ n	b ɪ ɡ ɪ n d	b ə l uː n	b ə l uː n d	b ə l uː n d	b ɪ ɡ ɪ n d	1	0	vowel_change	reg_d	reg_d
model_sep	d͡ʒ ɔ ɪ n	d͡ʒ ɔ ɪ n d	d͡ʒ ɔ ɪ n d	d͡ʒ ɛ l iː	d͡ʒ ɛ l iː d	d͡ʒ ɛ l iː d	d͡ʒ ɔ ɪ n d	1	1	reg_d	reg_d	reg_d
model_sep	l ɑː k	l ɑː k t	l ɑː k t	l ɪ k	l ɪ k t	l ɪ k t	l ɑː k t	1	1	reg_t	reg_t	reg_t
model_sep	b ɪ l iː v	b ɪ l iː v d	b ɪ l iː v d	b ə l uː n	b ə l uː n d	b ə l uː n d	b ɪ l iː v d	1	1	reg_d	reg_d	reg_d
model_sep	ə n d ɹ̩ s t æ n d	ə n d ɹ̩ s t ʊ d	ə n t ə æ n t ə d	ə s o ʊ s iː e ɪ t	ə s o ʊ s iː e ɪ t ə d	ə s o ʊ s iː e ɪ t ə d	ə n d ɹ̩ s t æ n d ə d	0	0	rhyme_replaced	other	reg_əd
model_sep	t r e ɪ n	t r e ɪ n d	t r e ɪ n d	t r e ɪ l	t r e ɪ l d	t r e ɪ l d	t r e ɪ n d	1	1	reg_d	reg_d	reg_d
model_sep	k r ɔ l	k r ɔ l d	k r ɔ l d	k r ʌ ʃ	k r ʌ ʃ t	k r ʌ ʃ t	k r ɔ l t	0	0	reg_d	reg_d	reg_t
model_sep	p æ t	p æ t ə d	p æ t ə d	p ɪ t	p ɪ t	p ɪ t ə d	p æ t	0	0	reg_əd	reg_əd	no_change
model_sep	ɔ r d ɹ̩	ɔ r d ɹ̩ d	ɔ r d ɹ̩ d	ɔ f ɹ̩	ɔ f ɹ̩ d	ɔ f ɹ̩ d	ɔ r d ɹ̩ d	1	1	reg_d	reg_d	reg_d
model_sep	f l a ɪ	f l uː	f l a ɪ d	f r a ɪ	f r a ɪ d	f r a ɪ d	f l a ɪ d	1	0	vowel_change	reg_d	reg_d
model_sep	l o ʊ d	l o ʊ d ə d	l o ʊ d ə d	l ɛ n d	l ɛ n d ə d	l ɛ n t	l o ʊ d ə d	1	1	reg_əd	reg_əd	reg_əd
model_sep	k ə m p l e ɪ n	k ə m p l e ɪ n d	k ə m p l e ɪ n d	k ə n t r o ʊ l	k ə n t r o ʊ l d	k ə n t r o ʊ l d	k ə m p l e ɪ n d	1	1	reg_d	reg_d	reg_d
model_sep	b l ɛ n d	b l ɛ n d ə d	b l ɛ n d ə d	b l ɪ ŋ k	b l ɪ ŋ k t	b l ɪ ŋ k t	b l ɛ n d t	0	0	reg_əd	reg_əd	reg_t
model_sep	b l ɑː k	b l ɑː k t	b l ɑː k t	b l æ k	b l æ k t	b l æ k t	b l ɑː k t	1	1	reg_t	reg_t	reg_t
model_sep	t ɪ p	t ɪ p t	t ɪ p t	t æ p	t æ p t	t æ p t	t ɪ p t	1	1	reg_t	reg_t	reg_t
model_sep	d͡ʒ ɛ t	d͡ʒ ɛ t ə d	d͡ʒ ɛ t	d͡ʒ ʌ d͡ʒ	d͡ʒ ʌ d͡ʒ d	d͡ʒ ʌ d͡ʒ d	d͡ʒ ɛ t d	0	0	reg_əd	no_change	reg_d
model_sep	b r iː ð	b r iː ð d	b r iː ð d	b r ʌ ʃ	b r ʌ ʃ t	b r ʌ ʃ t	b r iː ð t	0	0	reg_d	reg_d	reg_t
model_sep	d a ɪ ə l	d a ɪ ə l d	d a ɪ ə l d	d r a ʊ n	d r a ʊ n d	d r a ʊ n d	d a ɪ ə l d	1	1	reg_d	reg_d	reg_d
model_sep	m ɛ n ʃ ə n	m ɛ n ʃ ə n d	m ɛ n ʃ ə n d	m ʌ ʃ r uː m	m ʌ ʃ r uː m d	m ʌ ʃ r uː m d	m ɛ n ʃ ə n d	1	1	reg_d	reg_d	reg_d
model_sep	h ʌ ɡ	h ʌ ɡ d	h ʌ ɡ d	h æ t͡ʃ	h æ t͡ʃ t	h æ t͡ʃ t	h ʌ ɡ t	0	0	reg_d	reg_d	reg_t
model_sep	p a ʊ ɹ̩	p a ʊ ɹ̩ d	p a ʊ ɹ̩ d	p a ʊ t	p a ʊ t ə d	p a ʊ t ə d	p a ʊ ɹ̩ ə d	0	0	reg_d	reg_d	reg_əd
model_sep	s ɑː k	s ɑː k t	s ɑː k t	s ʌ k	s ʌ k t	s ʌ k t	s ɑː k t	1	1	reg_t	reg_t	reg_t
model_sep	w uː p	w uː p t	w uː p t	w ɪ p	w ɪ p t	w ɪ p t	w uː p t	1	1	reg_t	reg_t	reg_t
model_sep	r iː m a ɪ n d	r iː m a ɪ n d ə d	r iː m a ɪ n d ə d	r ɪ m ɛ m b ɹ̩	r ɪ m ɛ m b ɹ̩ d	r ɪ m ɛ m b ɹ̩ d	r iː m a ɪ n d d	0	0	reg_əd	reg_əd	reg_d
model_sep	h æ n d ə l	h æ n d ə l d	h æ n d ə l d	h ɑː r d ə n	h ɑː r d ə n d	h ɑː r d ə n d	h æ n d ə l d	1	1	reg_d	reg_d	reg_d
model_sep	s n iː z	s n iː z d	s n iː z d	s n iː k	s n iː k t	s n iː k t	s n iː z t	0	0	reg_d	reg_d	reg_t
model_sep	v ɪ z ɪ t	v ɪ z ɪ t ə d	v ɪ z ɪ t ə d	v æ n ɪ ʃ	v æ n ɪ ʃ t	v æ n ɪ ʃ t	v ɪ z ɪ t t	0	0	reg_əd	reg_əd	reg_t
model_sep	s l a ɪ d	s l ɪ d	s l a ɪ d	s l a ɪ s	s l a ɪ s t	s l a ɪ s t	s l a ɪ d t	0	0	vowel_change	no_change	reg_t
model_sep	p l æ n	p l æ n d	p l æ n d	p ɪ n t͡ʃ	p ɪ n t͡ʃ t	p ɪ n t͡ʃ t	p l æ n t	0	0	reg_d	reg_d	reg_t
model_sep	ɛ l b o ʊ	ɛ l b o ʊ d	ɛ l b o ʊ d	ɛ n d͡ʒ ɔ ɪ	ɛ n d͡ʒ ɔ ɪ d	ɛ n d͡ʒ ɔ ɪ d	ɛ l b o ʊ d	1	1	reg_d	reg_d	reg_d
model_sep	b ɑː k s	b ɑː k s t	b ɑː k s t	b ɑː r k	b ɑː r k t	b ɑː r k t	b ɑː k s t	1	1	reg_t	reg_t	reg_t
model_sep	ɪ n k l uː d	ɪ n k l uː d ə d	ɪ n k l uː d ə d	ɪ m p l a ɪ	ɪ m p l a ɪ d	ɪ m p l a ɪ d	ɪ n k l uː d d	0	0	reg_əd	reg_əd	reg_d
model_sep	b ɹ̩ n	b ɹ̩ n d	b ɹ̩ n d	b ɪ l	b ɪ l d	b ɪ l d	b ɹ̩ n d	1	1	reg_d	reg_d	reg_d
model_sep	ʃ e ɪ p	ʃ e ɪ p t	ʃ e ɪ p t	ʃ e ɪ k	ʃ e ɪ k t	ʃ ʊ k	ʃ e ɪ p t	1	1	reg_t	reg_t	reg_t
model_sep	b o ʊ n	b o ʊ n d	b o ʊ n d	b o ʊ t	b o ʊ t ə d	b o ʊ t ə d	b o ʊ n ə d	0	0	reg_d	reg_d	reg_əd
model_sep	f ɪ l	f ɪ l d	f ɪ l d	f ɔ l	f ɔ l d	f ɛ l	f ɪ l d	1	1	reg_d	reg_d	reg_d
model_sep	m æ s k	m æ s k t	m æ s k t	m ɑː r k	m ɑː r k t	m ɑː r k t	m æ s k t	1	1	reg_t	reg_t	reg_t
model_sep	s ɛ l ə b r e ɪ t	s ɛ l ə b r e ɪ t ə d	s ɛ l ə b r e ɪ t ə d	s m ɑː r t ə n	s m ɑː r t ə n d	s m ɑː r t ə n d	s ɛ l ə b r e ɪ t d	0	0	reg_əd	reg_əd	reg_d
model_sep	k r ʌ m b ə l	k r ʌ m b ə l d	k r ʌ m b ə l d	k r ʌ m p ə l	k r ʌ m p ə l d	k r ʌ m p ə l d	k r ʌ m b ə l d	1	1	reg_d	reg_d	reg_d
model_sep	r ɑː k	r ɑː k t	r ɑː k t	r ʌ ʃ	r ʌ ʃ t	r ʌ ʃ t	r ɑː k t	1	1	reg_t	reg_t	reg_t
model_sep	ɡ ɛ r ə n t iː	ɡ ɛ r ə n t iː d	ɡ ə r ə n t ə d	ɡ r æ d͡ʒ ə w e ɪ t	ɡ r æ d͡ʒ ə w e ɪ t ə d	ɡ r æ d͡ʒ ə w e ɪ t ə d	ɡ ɛ r ə n t iː ə d	0	0	reg_d	other	reg_əd
model_sep	k ə n ɛ k t	k ə n ɛ k t ə d	k ə n ɛ k t ə d	k ə l ɛ k t	k ə l ɛ k t ə d	k ə l ɛ k t ə d	k ə n ɛ k t ə d	1	1	reg_əd	reg_əd	reg_əd
model_sep	t ɔ s	t ɔ s t	t ɔ s t	t æ p	t æ p t	t æ p t	t ɔ s t	1	1	reg_t	reg_t	reg_t
model_sep	iː v ɪ n	iː v ɪ n d	iː v æ n d	iː z	iː z d	iː z d	iː v ɪ n d	0	1	reg_d	vowel_change_suffix	reg_d
model_sep	b a ʊ n s	b a ʊ n s t	b a ʊ n s t	b ʌ b ə l	b ʌ b ə l d	b ʌ b ə l d	b a ʊ n s d	0	0	reg_t	reg_t	reg_d
model_sep	ɹ̩ n	ɹ̩ n d	ɹ̩ n d	z uː m	z uː m d	z uː m d	ɹ̩ n d	1	1	reg_d	reg_d	reg_d
model_sep	k l a ʊ d	k l a ʊ d ə d	k l a ʊ d ə d	k a ʊ n t	k a ʊ n t ə d	k a ʊ n t ə d	k l a ʊ d ə d	1	1	reg_əd	reg_əd	reg_əd
model_sep	k ʌ p ə l	k ʌ p ə l d	k ʌ p ə l d	k ʌ d ə l	k ʌ d ə l d	k ʌ d ə l d	k ʌ p ə l d	1	1	reg_d	reg_d	reg_d
model_sep	f l ʌ ʃ	f l ʌ ʃ t	f l ʌ ʃ t	f o ʊ n	f o ʊ n d	f o ʊ n d	f l ʌ ʃ d	0	0	reg_t	reg_t	reg_d
model_sep	h ɑː r n ə s	h ɑː r n ə s t	h ɑː r n ə s t	h ɑː r d ə n	h ɑː r d ə n d	h ɑː r d ə n d	h ɑː r n ə s d	0	0	reg_t	reg_t	reg_d
model_sep	b r a ʊ n	b r a ʊ n d	b r a ʊ n d	b r e ɪ k	b r e ɪ k t	b r o ʊ k	b r a ʊ n t	0	0	reg_d	reg_d	reg_t
model_sep	s t ɪ ŋ k	s t ʌ ŋ k	s t ɪ ŋ k t	s t ɑː r t	s t ɑː r t ə d	s t ɑː r t ə d	s t ɪ ŋ k ə d	0	0	vowel_change	reg_t	reg_əd
model_sep	r iː f r ɛ ʃ	r iː f r ɛ ʃ t	r iː f r ɛ r d	r ɪ ɡ r ɛ t	r ɪ ɡ r ɛ t ə d	r ɪ ɡ r ɛ t ə d	r iː f r ɛ ʃ ə d	0	0	reg_t	coda_change	reg_əd
model_sep	p r ə f ɹ̩	p r ə f ɹ̩ d	p r ə f ɹ̩ d	p r ɪ n t	p r ɪ n t ə d	p r ɪ n t ə d	p r ə f ɹ̩ ə d	0	0	reg_d	reg_d	reg_əd
model_sep	s t iː l	s t o ʊ l	s t iː l d	s p iː d	s p ɛ d ə d	s p ɛ d	NA	0	0	vowel_change	reg_d	other
model_sep	b æ n d	b æ n d ə d	b æ n d ə d	b ɛ n d	b ɛ n d ə d	b ɛ n d ə d	b æ n d ə d	1	1	reg_əd	reg_əd	reg_əd
model_sep	r ɪ d	r ɪ d	r ɪ d ə d	r iː d	r iː d ə d	r ɛ d	r ɪ d ə d	1	0	no_change	reg_əd	reg_əd
model_sep	k o ʊ ɑː p ɹ̩ e ɪ t	k o ʊ ɑː p ɹ̩ e ɪ t ə d	k o ʊ ɑː p ɹ̩ e ɪ t ə d	k o ʊ ɪ n s a ɪ d	k o ʊ ɪ n s a ɪ d ə d	k o ʊ ɪ n s a ɪ d ə d	k o ʊ ɑː p ɹ̩ e ɪ t ə d	1	1	reg_əd	reg_əd	reg_əd
model_sep	b ɑː ð ɹ̩	b ɑː ð ɹ̩ d	b ɑː ð ɹ̩ d	b ɛ t ɹ̩	b ɛ t ɹ̩ d	b ɛ t ɹ̩ d	b ɑː ð ɹ̩ d	1	1	reg_d	reg_d	reg_d
model_sep	r ɛ s t	r ɛ s t ə d	r ɛ s t ə d	r o ʊ l	r o ʊ l d	r o ʊ l d	r ɛ s t d	0	0	reg_əd	reg_əd	reg_d
model_sep	ɑː k j ə p a ɪ	ɑː k j ə p a ɪ d	ɑː k j ə p ə d	ɑː p ɹ̩ e ɪ t	ɑː p ɹ̩ e ɪ t ə d	ɑː p ɹ̩ e ɪ t ə d	ɑː k j ə p a ɪ ə d	0	0	reg_d	vowel_change_suffix	reg_əd
model_sep	s k r ɪ b ə l	s k r ɪ b ə l d	s k r ɪ b ə l d	s t e ɪ ʃ ə n	s t e ɪ ʃ ə n d	s t e ɪ ʃ ə n d	s k r ɪ b ə l d	1	1	reg_d	reg_d	reg_d
model_sep	b l æ s t	b l æ s t ə d	b l æ s t ə d	b l ɪ ŋ k	b l ɪ ŋ k t	b l ɪ ŋ k t	b l æ s t t	0	0	reg_əd	reg_əd	reg_t
model_sep	h æ m ɹ̩	h æ m ɹ̩ d	h æ m ɹ̩ d	h ʌ v ɹ̩	h ʌ v ɹ̩ d	h ʌ v ɹ̩ d	h æ m ɹ̩ d	1	1	reg_d	reg_d	reg_d
model_sep	d r ɪ l	d r ɪ l d	d r ɪ l d	d a ɪ n	d a ɪ n d	d a ɪ n d	d r ɪ l d	1	1	reg_d	reg_d	reg_d
model_sep	p r æ k t ɪ s	p r æ k t ɪ s t	p r æ k t ə s t	p ɛ r ə ʃ uː t	p ɛ r ə ʃ uː t ə d	p ɛ r ə ʃ uː t ə d	p r æ k t ɪ s ə d	0	0	reg_t	vowel_change_suffix	reg_əd
model_sep	t a ɪ p	t a ɪ p t	t a ɪ p t	t e ɪ p	t e ɪ p t	t e ɪ p t	t a ɪ p t	1	1	reg_t	reg_t	reg_t
model_sep	æ d	æ d ə d	æ d ʌ d	æ k t	æ k t ə d	æ k t ə d	æ d ə d	0	1	reg_əd	other	reg_əd
model_sep	b o ʊ l	b o ʊ l d	b o ʊ l d	b ɛ n d	b ɛ n d ə d	b ɛ n d ə d	b o ʊ l ə d	0	0	reg_d	reg_d	reg_əd
model_sep	t o ʊ t	t o ʊ t ə d	t o ʊ t ə d	t ɛ s t	t ɛ s t ə d	t ɛ s t ə d	t o ʊ t ə d	1	1	reg_əd	reg_əd	reg_əd
model_sep	s w ɪ ʃ	s w ɪ ʃ t	s w ɪ ʃ t	s e ɪ v	s e ɪ v d	s e ɪ v d	s w ɪ ʃ d	0	0	reg_t	reg_t	reg_d
model_sep	b l e ɪ m	b l e ɪ m d	b l e ɪ m d	b l ɪ ŋ k	b l ɪ ŋ k t	b l ɪ ŋ k t	b l e ɪ m t	0	0	reg_d	reg_d	reg_t
model_sep	ɪ k s a ɪ t	ɪ k s a ɪ t ə d	ɪ k s a ɪ t ə d	ɪ k s ɛ p t	ɪ k s ɛ p t ə d	ɪ k s ɛ p t ə d	ɪ k s a ɪ t ə d	1	1	reg_əd	reg_əd	reg_əd
model_sep	t͡ʃ a ɪ m	t͡ʃ a ɪ m d	t͡ʃ a ɪ m d	t͡ʃ e ɪ n	t͡ʃ e ɪ n d	t͡ʃ e ɪ n d	t͡ʃ a ɪ m d	1	1	reg_d	reg_d	reg_d
model_sep	t͡ʃ iː r	t͡ʃ iː r d	t͡ʃ iː r d	t͡ʃ uː z	t͡ʃ uː z d	t͡ʃ o ʊ z	t͡ʃ iː r d	1	1	reg_d	reg_d	reg_d
model_sep	f r e ɪ m	f r e ɪ m d	f r e ɪ m d	f r e ɪ z	f r e ɪ z d	f r e ɪ z d	f r e ɪ m d	1	1	reg_d	reg_d	reg_d
model_sep	d æ m	d æ m d	d æ m d	d ɛ r	d ɛ r d	d ɛ r d	d æ m d	1	1	reg_d	reg_d	reg_d
model_sep	t͡ʃ iː t	t͡ʃ iː t ə d	t͡ʃ iː t	t͡ʃ uː z	t͡ʃ uː z d	t͡ʃ o ʊ z	t͡ʃ iː t d	0	0	reg_əd	no_change	reg_d
model_sep	l iː n	l iː n d	l iː n d	l ɹ̩ n	l ɹ̩ n d	l ɹ̩ n d	l iː n d	1	1	reg_d	reg_d	reg_d
model_sep	s k r iː m	s k r iː m d	s k r iː m d	s k r iː n	s k r iː n d	s k r iː n d	s k r iː m d	1	1	reg_d	reg_d	reg_d
model_sep	ɪ ɡ n ɔ r	ɪ ɡ n ɔ r d	ɪ ɡ n ɔ r d	ɪ d͡ʒ ɛ k t	ɪ d͡ʒ ɛ k t ə d	ɪ d͡ʒ ɛ k t ə d	ɪ ɡ n ɔ r ə d	0	0	reg_d	reg_d	reg_əd
model_sep	s k uː p	s k uː p t	s k uː p t	s w uː p	s w uː p t	s w uː p t	s k uː p t	1	1	reg_t	reg_t	reg_t
model_sep	θ ʌ m p	θ ʌ m p t	θ ʌ m p t	θ æ ŋ k	θ æ ŋ k t	θ æ ŋ k t	θ ʌ m p t	1	1	reg_t	reg_t	reg_t
model_sep	s t iː r	s t iː r d	s t iː r d	s m iː r	s m iː r d	s m iː r d	s t iː r d	1	1	reg_d	reg_d	reg_d
model_sep	s p ɪ n	s p ʌ n	s p ɪ n d	s a ɪ n	s a ɪ n d	s a ɪ n d	s p ɪ n d	1	0	vowel_change	reg_d	reg_d
model_sep	h ʌ f	h ʌ f t	h ʌ f t	h ɔ l	h ɔ l d	h ɔ l d	h ʌ f d	0	0	reg_t	reg_t	reg_d
model_sep	t ɛ n d	t ɛ n d ə d	t ɛ n d ə d	t r ʌ k	t r ʌ k t	t r ʌ k t	t ɛ n d t	0	0	reg_əd	reg_əd	reg_t
model_sep	s p e ɪ s	s p e ɪ s t	s p e ɪ s t	s p a ɪ s	s p a ɪ s t	s p a ɪ s t	s p e ɪ s t	1	1	reg_t	reg_t	reg_t
model_sep	s t r e ɪ t ə n	s t r e ɪ t ə n d	s t r t ə t ə n d	s e ɪ f ɡ ɑː r d	s e ɪ f ɡ ɑː r d ə d	s e ɪ f ɡ ɑː r d ə d	s t r e ɪ t ə n ə d	0	0	reg_d	other	reg_əd
model_sep	p iː t ɹ̩	p iː t ɹ̩ d	p iː t ɹ̩ d	p ɛ p ɹ̩	p ɛ p ɹ̩ d	p ɛ p ɹ̩ d	p iː t ɹ̩ d	1	1	reg_d	reg_d	reg_d
model_sep	m a ɪ n	m a ɪ n d	m a ɪ n d	m e ɪ l	m e ɪ l d	m e ɪ l d	m a ɪ n d	1	1	reg_d	reg_d	reg_d
model_sep	h iː l	h iː l d	h iː l d	h ɔ l	h ɔ l d	h ɔ l d	h iː l d	1	1	reg_d	reg_d	reg_d
model_sep	ə t r æ k t	ə t r æ k t ə d	ə t r æ k t ə d	ə n d r ɛ s	ə n d r ɛ s t	ə n d r ɛ s t	ə t r æ k t t	0	0	reg_əd	reg_əd	reg_t
model_sep	s k w ɛ r	s k w ɛ r d	s k w ɛ r d	s k w iː z	s k w iː z d	s k w iː z d	s k w ɛ r d	1	1	reg_d	reg_d	reg_d
model_sep	f l ʌ f	f l ʌ f t	f l ʌ f t	f o ʊ n	f o ʊ n d	f o ʊ n d	f l ʌ f d	0	0	reg_t	reg_t	reg_d
model_sep	t o ʊ n	t o ʊ n d	t o ʊ n d	t ɛ s t	t ɛ s t ə d	t ɛ s t ə d	t o ʊ n ə d	0	0	reg_d	reg_d	reg_əd
model_sep	d͡ʒ ɪ m iː	d͡ʒ ɪ m iː d	d͡ʒ ɪ m iː d	d͡ʒ ʌ m p	d͡ʒ ʌ m p t	d͡ʒ ʌ m p t	d͡ʒ ɪ m iː t	0	0	reg_d	reg_d	reg_t
model_sep	s m a ɪ l	s m a ɪ l d	s m a ɪ l d	s m ɑː r t	s m ɑː r t ə d	s m ɑː r t ə d	s m a ɪ l ə d	0	0	reg_d	reg_d	reg_əd
model_sep	ə n w a ɪ n d	ə n w a ʊ n d	ə n w a ɪ n d ə d	ə w e ɪ k ə n	ə w o ʊ k ə n d	ə w o ʊ k	NA	0	0	vowel_change	reg_əd	other
model_sep	d ɪ k l ɛ r	d ɪ k l ɛ r d	d ɪ k l ɛ r d	d ɪ f a ɪ n	d ɪ f a ɪ n d	d ɪ f a ɪ n d	d ɪ k l ɛ r d	1	1	reg_d	reg_d	reg_d
model_sep	k ə n d ʌ k t	k ə n d ʌ k t ə d	k ə n d ʌ k ə d	k ə n s ʌ l t	k ə n s ʌ l t ə d	k ə n s ʌ l t ə d	k ə n d ʌ k t ə d	0	1	reg_əd	other	reg_əd
model_sep	s t r e ɪ n	s t r e ɪ n d	s t r e ɪ n d	s k r e ɪ p	s k r e ɪ p t	s k r e ɪ p t	s t r e ɪ n t	0	0	reg_d	reg_d	reg_t
model_sep	k ə l æ p s	k ə l æ p s t	k ə l æ p s t	k ə l ɛ k t	k ə l ɛ k t ə d	k ə l ɛ k t ə d	k ə l æ p s ə d	0	0	reg_t	reg_t	reg_əd
model_sep	p ɑː r t ɪ s ə p e ɪ t	p ɑː r t ɪ s ə p e ɪ t ə d	p ɑː r t	p r iː z ɛ n t	p r iː z ɛ n t ə d	p r iː z ɛ n t ə d	p ɑː r t ɪ s ə p e ɪ t ə d	0	1	reg_əd	other	reg_əd
model_sep	t r æ n z l e ɪ t	t r æ n z l e ɪ t ə d	t r æ n z d	t ɛ l ə f o ʊ n	t ɛ l ə f o ʊ n d	t ɛ l ə f o ʊ n d	t r æ n z l e ɪ t d	0	0	reg_əd	other	reg_d
model_sep	d ɪ s k ʌ s	d ɪ s k ʌ s t	d ɪ s k ʌ s t	d ɪ s m ɪ s	d ɪ s m ɪ s t	d ɪ s m ɪ s t	d ɪ s k ʌ s t	1	1	reg_t	reg_t	reg_t
model_sep	f ɹ̩ ɡ ɪ v	f ɹ̩ ɡ e ɪ v	f ɹ̩ ɡ ɪ v d	f ɪ ɡ j ɹ̩	f ɪ ɡ j ɹ̩ d	f ɪ ɡ j ɹ̩ d	f ɹ̩ ɡ ɪ v d	1	0	vowel_change	reg_d	reg_d
model_sep	ə r a ɪ z	ə r o ʊ z	ə r a ɪ z d	ə r a ɪ v	ə r a ɪ v d	ə r a ɪ v d	ə r a ɪ z d	1	0	vowel_change	reg_d	reg_d
model_sep	f r a ɪ t ə n	f r a ɪ t ə n d	f r a ɪ t ə n d	f l a ʊ n d ɹ̩	f l a ʊ n d ɹ̩ d	f l a ʊ n d ɹ̩ d	f r a ɪ t ə n d	1	1	reg_d	reg_d	reg_d
model_sep	ɔ ɪ l	ɔ ɪ l d	ɔ ɪ l d	ɔ f ɹ̩	ɔ f ɹ̩ d	ɔ f ɹ̩ d	ɔ ɪ l d	1	1	reg_d	reg_d	reg_d
model_sep	ə n l o ʊ d	ə n l o ʊ d ə d	ə n l o ʊ d ə d	ə n r o ʊ l	ə n r o ʊ l d	ə n r o ʊ l d	ə n l o ʊ d d	0	0	reg_əd	reg_əd	reg_d
model_sep	ɡ r ʌ m b ə l	ɡ r ʌ m b ə l d	ɡ r ʌ m b ə l d	ɡ r æ d͡ʒ ə w e ɪ t	ɡ r æ d͡ʒ ə w e ɪ t ə d	ɡ r æ d͡ʒ ə w e ɪ t ə d	ɡ r ʌ m b ə l ə d	0	0	reg_d	reg_d	reg_əd
model_sep	r ɛ k	r ɛ k t	r ɛ k t	r ʌ ʃ	r ʌ ʃ t	r ʌ ʃ t	r ɛ k t	1	1	reg_t	reg_t	reg_t
model_sep	s p ɑː t	s p ɑː t ə d	s p ɑː t ə d	s t ɑː r	s t ɑː r d	s t ɑː r d	s p ɑː t d	0	0	reg_əd	reg_əd	reg_d
model_sep	b ʌ t ɹ̩	b ʌ t ɹ̩ d	b ʌ t ɹ̩ d	b æ t ɹ̩	b æ t ɹ̩ d	b æ t ɹ̩ d	b ʌ t ɹ̩ d	1	1	reg_d	reg_d	reg_d
model_sep	s t iː p	s t iː p t	s t iː p t	s l iː p	s l ɛ p t	s l ɛ p t	s t ɛ p t	0	0	reg_t	reg_t	vowel_change_suffix
model_sep	h ʌ s ə l	h ʌ s ə l d	h ʌ s ə l d	h æ p ə n	h æ p ə n d	h æ p ə n d	h ʌ s ə l d	1	1	reg_d	reg_d	reg_d
model_sep	k ə n t ɪ n j uː	k ə n t ɪ n j uː d	k ə n t ɪ n d	k ɑː n t r æ k t	k ɑː n t r æ k t ə d	k ɑː n t r æ k t ə d	k ə n t ɪ n j uː ə d	0	0	reg_d	other	reg_əd
model_sep	r ɛ n t	r ɛ n t ə d	r ɛ n t ə d	r ɛ n t͡ʃ	r ɛ n t͡ʃ t	r ɛ n t͡ʃ t	r ɛ n t t	0	0	reg_əd	reg_əd	reg_t
model_sep	k r ʌ n t͡ʃ	k r ʌ n t͡ʃ t	k r ʌ n t͡ʃ t	k ʌ d ə l	k ʌ d ə l d	k ʌ d ə l d	k r ʌ n t͡ʃ d	0	0	reg_t	reg_t	reg_d
model_sep	r ɛ s k j uː	r ɛ s k j uː d	r ɛ s k j uː d	r ɪ ŋ k ə l	r ɪ ŋ k ə l d	r ɪ ŋ k ə l d	r ɛ s k j uː d	1	1	reg_d	reg_d	reg_d
model_sep	t ɑː p	t ɑː p t	t ɑː p t	t æ p	t æ p t	t æ p t	t ɑː p t	1	1	reg_t	reg_t	reg_t
model_sep	b l iː d	b l ɛ d	b l iː d ə d	b l ʌ d	b l ʌ d ə d	b l ʌ d ə d	b l iː d ə d	1	0	vowel_change	reg_əd	reg_əd
model_sep	p r ɪ k	p r ɪ k t	p r ɪ k t	p a ɪ l	p a ɪ l d	p a ɪ l d	p r ɪ k d	0	0	reg_t	reg_t	reg_d
model_sep	o ʊ ɡ ə l	o ʊ ɡ ə l d	o ʊ ɡ ə l d	o ʊ b e ɪ	o ʊ b e ɪ d	o ʊ b e ɪ d	o ʊ ɡ ə l d	1	1	reg_d	reg_d	reg_d
model_sep	s ɔ ɪ l	s ɔ ɪ l d	s ɔ ɪ l d	s t ɪ l	s t ɪ l d	s t ɪ l d	s ɔ ɪ l d	1	1	reg_d	reg_d	reg_d
model_sep	ɡ ɑː l f	ɡ ɑː l f t	ɡ ɑː l f t	ɡ r iː n	ɡ r iː n d	ɡ r iː n d	ɡ ɑː l f d	0	0	reg_t	reg_t	reg_d
model_sep	b ʌ s t	b ʌ s t ə d	b ʌ s t ə d	b ɛ s t	b ɛ s t ə d	b ɛ s t ə d	b ʌ s t ə d	1	1	reg_əd	reg_əd	reg_əd
model_sep	r iː s a ɪ k ə l	r iː s a ɪ k ə l d	r iː s a ɪ k ə l d	r iː s t r e ɪ n	r iː s t r e ɪ n d	r iː s t r e ɪ n d	r iː s a ɪ k ə l d	1	1	reg_d	reg_d	reg_d
model_sep	s t uː	s t uː d	s t uː d	s ɪ ŋ	s æ ŋ	s æ ŋ	NA	0	0	reg_d	reg_d	vowel_change
model_sep	b æ t	b æ t ə d	b æ t	b uː t	b uː t ə d	b uː t ə d	b æ t ə d	0	1	reg_əd	no_change	reg_əd
model_sep	s ʌ f ɹ̩	s ʌ f ɹ̩ d	s ʌ f ɹ̩ d	s ɪ f t	s ɪ f t ə d	s ɪ f t ə d	s ʌ f ɹ̩ ə d	0	0	reg_d	reg_d	reg_əd
model_sep	v ɪ ʒ w ə l a ɪ z	v ɪ ʒ w ə l a ɪ z d	v ɪ l ə l ə d	v æ k j uː m	v æ k j uː m d	v æ k j uː m d	v ɪ ʒ w ə l a ɪ z d	0	1	reg_d	other	reg_d
model_sep	k æ p	k æ p t	k æ p t	k iː p	k iː p t	k ɛ p t	k æ p t	1	1	reg_t	reg_t	reg_t
model_sep	t ʌ m b ə l	t ʌ m b ə l d	t ʌ m b ə l d	t e ɪ b ə l	t e ɪ b ə l d	t e ɪ b ə l d	t ʌ m b ə l d	1	1	reg_d	reg_d	reg_d
model_sep	d ɪ s k r a ɪ b	d ɪ s k r a ɪ b d	d ɪ s k r a ɪ b d	d ɪ s t r ʌ k t	d ɪ s t r ʌ k t ə d	d ɪ s t r ʌ k t ə d	d ɪ s k r a ɪ b ə d	0	0	reg_d	reg_d	reg_əd
model_sep	h ɛ z ə t e ɪ t	h ɛ z ə t e ɪ t ə d	h ɛ z ə t e ɪ t ə d	h ɑː r d ə n	h ɑː r d ə n d	h ɑː r d ə n d	h ɛ z ə t e ɪ t d	0	0	reg_əd	reg_əd	reg_d
model_sep	m ɑː r	m ɑː r d	m ɑː r d	m uː v	m uː v d	m uː v d	m ɑː r d	1	1	reg_d	reg_d	reg_d
model_sep	p r ə n a ʊ n s	p r ə n a ʊ n s t	p r ə n a ʊ n a ɪ s t ə d	p r o ʊ ɡ r æ m	p r o ʊ ɡ r æ m d	p r o ʊ ɡ r æ m d	p r ə n a ʊ n s d	0	0	reg_t	other	reg_d
model_sep	f ɪ k s e ɪ t	f ɪ k s e ɪ t ə d	f ɪ k s e ɪ t ə d	f l a ʊ n d ɹ̩	f l a ʊ n d ɹ̩ d	f l a ʊ n d ɹ̩ d	f ɪ k s e ɪ t d	0	0	reg_əd	reg_əd	reg_d
model_sep	b ɑː s	b ɑː s t	b ɑː s t	b ʌ s	b ʌ s t	b ʌ s t	b ɑː s t	1	1	reg_t	reg_t	reg_t
model_sep	d ɪ s t ɹ̩ b	d ɪ s t ɹ̩ b d	d ɪ s t ɹ̩ d ə d	d ɪ s a ɪ d	d ɪ s a ɪ d ə d	d ɪ s a ɪ d ə d	d ɪ s t ɹ̩ b ə d	0	0	reg_d	other	reg_əd
model_sep	s n æ k	s n æ k t	s n æ k t	s t æ k	s t æ k t	s t æ k t	s n æ k t	1	1	reg_t	reg_t	reg_t
model_sep	d ʌ s t	d ʌ s t ə d	d ʌ s t ə d	d ɑː r t	d ɑː r t ə d	d ɑː r t ə d	d ʌ s t ə d	1	1	reg_əd	reg_əd	reg_əd
model_sep	m o ʊ n	m o ʊ n d	m o ʊ n d	m a ʊ ð	m a ʊ ð d	m a ʊ ð d	m o ʊ n d	1	1	reg_d	reg_d	reg_d
model_sep	p iː l	p iː l d	p iː l d	p uː l	p uː l d	p uː l d	p iː l d	1	1	reg_d	reg_d	reg_d
model_sep	f l ɑː p	f l ɑː p t	f l ɑː p t	f ɛ ð ɹ̩	f ɛ ð ɹ̩ d	f ɛ ð ɹ̩ d	f l ɑː p d	0	0	reg_t	reg_t	reg_d
model_sep	f l æ ʃ	f l æ ʃ t	f l æ ʃ t	f l æ p	f l æ p t	f l æ p t	f l æ ʃ t	1	1	reg_t	reg_t	reg_t
model_sep	p e ɪ s t	p e ɪ s t ə d	p e ɪ s t ə d	p e ɪ n t	p e ɪ n t ə d	p e ɪ n t ə d	p e ɪ s t ə d	1	1	reg_əd	reg_əd	reg_əd
model_sep	ɡ ɑː r b ə l	ɡ ɑː r b ə l d	ɡ ɑː r b ə l d	ɡ r æ p ə l	ɡ r æ p ə l d	ɡ r æ p ə l d	ɡ ɑː r b ə l d	1	1	reg_d	reg_d	reg_d
model_sep	ɪ n t ɛ n d	ɪ n t ɛ n d ə d	ɪ n t ɛ n t ə d	ɪ n v a ɪ t	ɪ n v a ɪ t ə d	ɪ n v a ɪ t ə d	ɪ n t ɛ n d ə d	0	1	reg_əd	other	reg_əd
model_sep	r o ʊ t e ɪ t	r o ʊ t e ɪ t ə d	r o ʊ t e ɪ t ə d	r iː b a ʊ n d	r iː b a ʊ n d ə d	r iː b a ʊ n d ə d	r o ʊ t e ɪ t ə d	1	1	reg_əd	reg_əd	reg_əd
model_sep	s ɑː l v	s ɑː l v d	s ɑː l v d	s ɔ l t	s ɔ l t ə d	s ɔ l t ə d	s ɑː l v ə d	0	0	reg_d	reg_d	reg_əd
model_sep	r ɪ s p ɑː n d	r ɪ s p ɑː n d ə d	r ɪ s p ɑː n d ə d	r ɪ m ɛ m b ɹ̩	r ɪ m ɛ m b ɹ̩ d	r ɪ m ɛ m b ɹ̩ d	r ɪ s p ɑː n d d	0	0	reg_əd	reg_əd	reg_d
model_sep	p r a ɪ s	p r a ɪ s t	p r a ɪ s t	p r e ɪ z	p r e ɪ z d	p r e ɪ z d	p r a ɪ s d	0	0	reg_t	reg_t	reg_d
model_sep	h ɑː r p	h ɑː r p t	h ɑː r p t	h ʌ v ɹ̩	h ʌ v ɹ̩ d	h ʌ v ɹ̩ d	h ɑː r p d	0	0	reg_t	reg_t	reg_d
model_sep	ɪ ɡ z ɔ s t	ɪ ɡ z ɔ s t ə d	ɪ ɡ z ɔ s t ə d	ɪ ɡ z ɪ s t	ɪ ɡ z ɪ s t ə d	ɪ ɡ z ɪ s t ə d	ɪ ɡ z ɔ s t ə d	1	1	reg_əd	reg_əd	reg_əd
model_sep	t ɛ r ə f a ɪ	t ɛ r ə f a ɪ d	t ɛ r ə f a ɪ d	t r æ m p ə l	t r æ m p ə l d	t r æ m p ə l d	t ɛ r ə f a ɪ d	1	1	reg_d	reg_d	reg_d
model_sep	s a ʊ	s a ʊ d	s a ʊ d	s o ʊ	s o ʊ d	s o ʊ d	s a ʊ d	1	1	reg_d	reg_d	reg_d
model_sep	e ɪ d	e ɪ d ə d	e ɪ d ə d	e ɪ d͡ʒ	e ɪ d͡ʒ d	e ɪ d͡ʒ d	e ɪ d d	0	0	reg_əd	reg_əd	reg_d
model_sep	ə n p æ k	ə n p æ k t	ə n p æ k t	ə n l ɑː k	ə n l ɑː k t	ə n l ɑː k t	ə n p æ k t	1	1	reg_t	reg_t	reg_t
model_sep	p r ɪ v ɛ n t	p r ɪ v ɛ n t ə d	p r ɪ v ɛ n t ə d	p ɛ r ə ʃ uː t	p ɛ r ə ʃ uː t ə d	p ɛ r ə ʃ uː t ə d	p r ɪ v ɛ n t ə d	1	1	reg_əd	reg_əd	reg_əd
model_sep	k ə n s ɪ d ɹ̩	k ə n s ɪ d ɹ̩ d	k ə n s t ə d ɹ̩ d	k ə n s ɪ s t	k ə n s ɪ s t ə d	k ə n s ɪ s t ə d	k ə n s ɪ d ɹ̩ ə d	0	0	reg_d	other	reg_əd
model_sep	w ɑː d	w ɑː d ə d	w ɑː d ə d	w ɛ d	w ɛ d ə d	w ɛ d	w ɑː d ə d	1	1	reg_əd	reg_əd	reg_əd
model_sep	t r ʌ s t	t r ʌ s t ə d	t r ʌ s t ə d	t r ʌ m p	t r ʌ m p t	t r ʌ m p t	t r ʌ s t t	0	0	reg_əd	reg_əd	reg_t
model_sep	m ɑː d ə l	m ɑː d ə l d	m ɑː d ə l d	m ʌ s ə l	m ʌ s ə l d	m ʌ s ə l d	m ɑː d ə l d	1	1	reg_d	reg_d	reg_d
model_sep	s t e ɪ p ə l	s t e ɪ p ə l d	s t e ɪ p ə l d	s t e ɪ ʃ ə n	s t e ɪ ʃ ə n d	s t e ɪ ʃ ə n d	s t e ɪ p ə l d	1	1	reg_d	reg_d	reg_d
model_sep	p r ə v a ɪ d	p r ə v a ɪ d ə d	p r ə v a ɪ d ə d	p ɛ r ə ʃ uː t	p ɛ r ə ʃ uː t ə d	p ɛ r ə ʃ uː t ə d	p r ə v a ɪ d ə d	1	1	reg_əd	reg_əd	reg_əd
model_sep	t r ɛ m b ə l	t r ɛ m b ə l d	t r ɛ m b ə l d	t r æ m p ə l	t r æ m p ə l d	t r æ m p ə l d	t r ɛ m b ə l d	1	1	reg_d	reg_d	reg_d
model_sep	p l a ʊ	p l a ʊ d	p l a ʊ d	p l e ɪ	p l e ɪ d	p l e ɪ d	p l a ʊ d	1	1	reg_d	reg_d	reg_d
model_sep	w æ ɡ	w æ ɡ d	w æ ɡ d	w ɪ ŋ	w ɪ ŋ d	w ɪ ŋ d	w æ ɡ d	1	1	reg_d	reg_d	reg_d
model_sep	b l iː t͡ʃ	b l iː t͡ʃ t	b l iː t͡ʃ t	b l ʌ ʃ	b l ʌ ʃ t	b l ʌ ʃ t	b l iː t͡ʃ t	1	1	reg_t	reg_t	reg_t
model_sep	t æ t ə l	t æ t ə l d	t æ t ə l d	t ɑː p ə l	t ɑː p ə l d	t ɑː p ə l d	t æ t ə l d	1	1	reg_d	reg_d	reg_d
model_sep	s k ɹ̩ t	s k ɹ̩ t ə d	s k ɹ̩ t ə d	s ɔ r t	s ɔ r t ə d	s ɔ r t ə d	s k ɹ̩ t ə d	1	1	reg_əd	reg_əd	reg_əd
model_sep	ɛ r	ɛ r d	ɛ r ɛ r d	ɛ ɡ	ɛ ɡ d	ɛ ɡ d	ɛ r d	0	1	reg_d	other	reg_d
model_sep	ɛ k s ɹ̩ s a ɪ z	ɛ k s ɹ̩ s a ɪ z d	ɛ s ɹ̩ s ɹ̩ a ɪ z d	ɛ n t ɹ̩ t e ɪ n	ɛ n t ɹ̩ t e ɪ n d	ɛ n t ɹ̩ t e ɪ n d	ɛ k s ɹ̩ s a ɪ z d	0	1	reg_d	other	reg_d
model_sep	f ʌ d͡ʒ	f ʌ d͡ʒ d	f ʌ d͡ʒ d	f ɪ t	f ɪ t	f ɪ t	f ʌ d͡ʒ	0	0	reg_d	reg_d	no_change
model_sep	ɡ ʌ n	ɡ ʌ n d	ɡ ʌ n d	ɡ iː r	ɡ iː r d	ɡ iː r d	ɡ ʌ n d	1	1	reg_d	reg_d	reg_d
model_sep	s p ɔ r t	s p ɔ r t ə d	s p ɔ r t ə d	s p a ɪ s	s p a ɪ s t	s p a ɪ s t	s p ɔ r t t	0	0	reg_əd	reg_əd	reg_t
model_sep	r ɪ l iː v	r ɪ l iː v d	r ɪ l iː v d	r iː l iː s	r iː l iː s t	r iː l iː s t	r ɪ l iː v t	0	0	reg_d	reg_d	reg_t
model_sep	ʃ o ʊ l d ɹ̩	ʃ o ʊ l d ɹ̩ d	ʃ o ʊ l o ʊ d	ʃ ɑː r p ə n	ʃ ɑː r p ə n d	ʃ ɑː r p ə n d	ʃ o ʊ l d ɹ̩ d	0	1	reg_d	other	reg_d
model_sep	f ɔ r k	f ɔ r k t	f ɔ r k t	f ɔ r s	f ɔ r s t	f ɔ r s t	f ɔ r k t	1	1	reg_t	reg_t	reg_t
model_sep	t w iː k	t w iː k t	t w ɛ k t	t r iː t	t r iː t ə d	t r iː t ə d	t w iː k ə d	0	0	reg_t	vowel_change_suffix	reg_əd
model_sep	d æ ʃ	d æ ʃ t	d æ ʃ t	d ɪ p	d ɪ p t	d ɪ p t	d æ ʃ t	1	1	reg_t	reg_t	reg_t
model_sep	ɪ k s k l e ɪ m	ɪ k s k l e ɪ m d	ɪ k s k l e ɪ z d	ɪ k s p l e ɪ n	ɪ k s p l e ɪ n d	ɪ k s p l e ɪ n d	ɪ k s k l e ɪ m d	0	1	reg_d	coda_change	reg_d
model_sep	s ə s p ɛ k t	s ə s p ɛ k t ə d	s p ɛ s p ɛ k t	s ɹ̩ p r a ɪ z	s ɹ̩ p r a ɪ z d	s ɹ̩ p r a ɪ z d	s ə s p ɛ k t d	0	0	reg_əd	other	reg_d
model_sep	t r æ n s f ɔ r m	t r æ n s f ɔ r m d	t r æ n f r s t ɔ r æ n d	t ɛ l ə f o ʊ n	t ɛ l ə f o ʊ n d	t ɛ l ə f o ʊ n d	t r æ n s f ɔ r m d	0	1	reg_d	other	reg_d
model_sep	θ r ɛ t ə n	θ r ɛ t ə n d	θ ɛ t r ə n d	θ r ʌ s t	θ r ʌ s t ə d	θ r ʌ s t	θ r ɛ t ə n ə d	0	0	reg_d	other	reg_əd
model_sep	m e ɪ t	m e ɪ t ə d	m e ɪ t ə d	m e ɪ l	m e ɪ l d	m e ɪ l d	m e ɪ t d	0	0	reg_əd	reg_əd	reg_d
model_sep	ɪ m p r uː v	ɪ m p r uː v d	ɪ m p r uː v d	ɪ n ɪ ʃ ə l	ɪ n ɪ ʃ ə l d	ɪ n ɪ ʃ ə l d	ɪ m p r uː v d	1	1	reg_d	reg_d	reg_d
model_sep	t ɑː l ɹ̩ e ɪ t	t ɑː l ɹ̩ e ɪ t ə d	t ɑː l ɹ̩ e ɪ t ə d	t r æ m p ə l	t r æ m p ə l d	t r æ m p ə l d	t ɑː l ɹ̩ e ɪ t d	0	0	reg_əd	reg_əd	reg_d
model_sep	h ɔ n t	h ɔ n t ə d	h ɔ n t ə d	h ʌ n t	h ʌ n t ə d	h ʌ n t ə d	h ɔ n t ə d	1	1	reg_əd	reg_əd	reg_əd
model_sep	t æ k	t æ k t	t æ k t	t ɔ k	t ɔ k t	t ɔ k t	t æ k t	1	1	reg_t	reg_t	reg_t
model_sep	ɪ n d͡ʒ ɹ̩	ɪ n d͡ʒ ɹ̩ d	ɪ n d͡ʒ ɹ̩ d	ɪ r ʌ p t	ɪ r ʌ p t ə d	ɪ r ʌ p t ə d	ɪ n d͡ʒ ɹ̩ ə d	0	0	reg_d	reg_d	reg_əd
model_sep	p r ɪ d ɪ k t	p r ɪ d ɪ k t ə d	p r ɪ d ɪ k t ə d	p r ə t ɛ k t	p r ə t ɛ k t ə d	p r ə t ɛ k t ə d	p r ɪ d ɪ k t ə d	1	1	reg_əd	reg_əd	reg_əd
model_sep	d ɪ z a ɪ n	d ɪ z a ɪ n d	d ɪ z a ɪ n d	d a ɪ v ɹ̩ t	d a ɪ v ɹ̩ t ə d	d a ɪ v ɹ̩ t ə d	d ɪ z a ɪ n ə d	0	0	reg_d	reg_d	reg_əd
model_sep	b ʌ n d ə l	b ʌ n d ə l d	b ʌ n d ə l d	b l ɑː s ə m	b l ɑː s ə m d	b l ɑː s ə m d	b ʌ n d ə l d	1	1	reg_d	reg_d	reg_d
model_sep	r ɪ s ɛ s	r ɪ s ɛ s t	r ɪ s ɛ s t	r ɪ p iː t	r ɪ p iː t ə d	r ɪ p iː t ə d	r ɪ s ɛ s ə d	0	0	reg_t	reg_t	reg_əd
model_sep	b l a ɪ n d	b l a ɪ n d ə d	b l a ɪ n d ə d	b l ɑː s ə m	b l ɑː s ə m d	b l ɑː s ə m d	b l a ɪ n d d	0	0	reg_əd	reg_əd	reg_d
model_sep	d r ʌ ɡ	d r ʌ ɡ d	d r ʌ ɡ d	d r æ ɡ	d r æ ɡ d	d r æ ɡ d	d r ʌ ɡ d	1	1	reg_d	reg_d	reg_d
model_sep	f l e ɪ v ɹ̩	f l e ɪ v ɹ̩ d	f l e ɪ v ɹ̩ d	f ʊ l f ɪ l	f ʊ l f ɪ l d	f ʊ l f ɪ l d	f l e ɪ v ɹ̩ d	1	1	reg_d	reg_d	reg_d
model_sep	r ɪ p ɛ r	r ɪ p ɛ r d	r ɪ p ɛ r d	r ɪ p iː t	r ɪ p iː t ə d	r ɪ p iː t ə d	r ɪ p ɛ r ə d	0	0	reg_d	reg_d	reg_əd
model_sep	k ɹ̩ s	k ɹ̩ s t	k ɹ̩ s t	k ɪ s	k ɪ s t	k ɪ s t	k ɹ̩ s t	1	1	reg_t	reg_t	reg_t
model_sep	ɪ n t͡ʃ	ɪ n t͡ʃ t	ɪ n t͡ʃ t	ɪ f ɛ k t	ɪ f ɛ k t ə d	ɪ f ɛ k t ə d	ɪ n t͡ʃ ə d	0	0	reg_t	reg_t	reg_əd
model_sep	t r æ n z m ɪ t	t r æ n z m ɪ t ə d	t r æ m ɪ m d	t ɛ l ə f o ʊ n	t ɛ l ə f o ʊ n d	t ɛ l ə f o ʊ n d	t r æ n z m ɪ t d	0	0	reg_əd	other	reg_d
model_sep	ʃ æ m p uː	ʃ æ m p uː d	ʃ æ m p uː d	ʃ ʌ f ə l	ʃ ʌ f ə l d	ʃ ʌ f ə l d	ʃ æ m p uː d	1	1	reg_d	reg_d	reg_d
model_sep	ɪ n k r iː s	ɪ n k r iː s t	ɪ n k r iː s t	ɪ s k e ɪ p	ɪ s k e ɪ p t	ɪ s k e ɪ p t	ɪ n k r iː s t	1	1	reg_t	reg_t	reg_t
model_sep	b ʊ t͡ʃ ɹ̩	b ʊ t͡ʃ ɹ̩ d	b ʊ t͡ʃ ɹ̩ d	b ɛ t ɹ̩	b ɛ t ɹ̩ d	b ɛ t ɹ̩ d	b ʊ t͡ʃ ɹ̩ d	1	1	reg_d	reg_d	reg_d
model_sep	d o ʊ n e ɪ t	d o ʊ n e ɪ t ə d	d o ʊ n e ɪ t ə d	d ɪ s ɡ a ɪ z	d ɪ s ɡ a ɪ z d	d ɪ s ɡ a ɪ z d	d o ʊ n e ɪ t d	0	0	reg_əd	reg_əd	reg_d
model_sep	t͡ʃ æ l ə n d͡ʒ	t͡ʃ æ l ə n d͡ʒ d	t͡ʃ æ l ə n d͡ʒ d	t͡ʃ æ n ə l	t͡ʃ æ n ə l d	t͡ʃ æ n ə l d	t͡ʃ æ l ə n d͡ʒ d	1	1	reg_d	reg_d	reg_d
model_sep	ɛ ɡ z ɪ t	ɛ ɡ z ɪ t ə d	ɛ ɡ z ɪ t ə d	ɛ n d͡ʒ ɔ ɪ	ɛ n d͡ʒ ɔ ɪ d	ɛ n d͡ʒ ɔ ɪ d	ɛ ɡ z ɪ t d	0	0	reg_əd	reg_əd	reg_d
model_sep	b ʊ k	b ʊ k t	b ʊ k t	b ʌ k	b ʌ k t	b ʌ k t	b ʊ k t	1	1	reg_t	reg_t	reg_t
model_sep	m j uː z	m j uː z d	m j uː z d	m j uː t	m j uː t ə d	m j uː t ə d	m j uː z ə d	0	0	reg_d	reg_d	reg_əd
model_sep	p ɔ ɪ z ə n	p ɔ ɪ z ə n d	p ɔ ɪ z ə n d	p r ɪ z uː m	p r ɪ z uː m d	p r ɪ z uː m d	p ɔ ɪ z ə n d	1	1	reg_d	reg_d	reg_d
model_sep	ɪ n f l uː ə n s	ɪ n f l uː ə n s t	ɪ n f l ə n s t ə d	ɪ n d ə k e ɪ t	ɪ n d ə k e ɪ t ə d	ɪ n d ə k e ɪ t ə d	ɪ n f l uː ə n s ə d	0	0	reg_t	other	reg_əd
model_sep	s t r æ ŋ ɡ ə l	s t r æ ŋ ɡ ə l d	s t r æ ŋ ɡ ɡ l d	s p r ɪ ŋ k ə l	s p r ɪ ŋ k ə l d	s p r ɪ ŋ k ə l d	s t r æ ŋ ɡ ə l d	0	1	reg_d	other	reg_d
model_sep	ɪ ʃ uː	ɪ ʃ uː d	ɪ ʃ uː d	ɪ r ʌ p t	ɪ r ʌ p t ə d	ɪ r ʌ p t ə d	ɪ ʃ uː ə d	0	0	reg_d	reg_d	reg_əd
model_sep	ɪ m p r ɛ s	ɪ m p r ɛ s t	ɪ m p r ɛ s t	ɪ n ɪ ʃ ə l	ɪ n ɪ ʃ ə l d	ɪ n ɪ ʃ ə l d	ɪ m p r ɛ s d	0	0	reg_t	reg_t	reg_d
model_sep	p r ə d uː s	p r ə d uː s t	p r ə d uː s t	p ɑː r d ə n	p ɑː r d ə n d	p ɑː r d ə n d	p r ə d uː s d	0	0	reg_t	reg_t	reg_d
model_sep	n æ ɡ	n æ ɡ d	n æ ɡ d	n æ b	n æ b d	n æ b d	n æ ɡ d	1	1	reg_d	reg_d	reg_d
model_sep	o ʊ v ɹ̩ k ʊ k	o ʊ v ɹ̩ k ʊ k t	o ʊ v ɹ̩ k ʊ k t	o ʊ v ɹ̩ l æ p	o ʊ v ɹ̩ l æ p t	o ʊ v ɹ̩ l æ p t	o ʊ v ɹ̩ k ʊ k t	1	1	reg_t	reg_t	reg_t
model_mean	ɡ ɛ t	ɡ ɑː t	ɡ ɛ t	ɡ ɛ s	ɡ ɛ s t	ɡ ɛ s t	ɡ ɛ t t	0	0	vowel_change	no_change	reg_t
model_mean	p ʊ t	p ʊ t	p ʊ t	p ʊ ʃ	p ʊ ʃ t	p ʊ ʃ t	p ʊ t t	0	0	no_change	no_change	reg_t
model_mean	ɡ o ʊ	w ɛ n t	ɡ o ʊ d	ɡ l uː	ɡ l uː d	ɡ l uː d	ɡ o ʊ d	1	0	other	reg_d	reg_d
model_mean	iː t	e ɪ t	iː d t	iː z	iː z d	iː z d	iː t d	0	0	vowel_change	coda_change	reg_d
model_mean	w ɔ n t	w ɔ n t ə d	w ɔ n t ə d	w ɔ r n	w ɔ r n d	w ɔ r n d	w ɔ n t d	0	0	reg_əd	reg_əd	reg_d
model_mean	n ɑː k	n ɑː k t	n ɑː k t	n ɑː t	n ɑː t ə d	n ɑː t ə d	n ɑː k ə d	0	0	reg_t	reg_t	reg_əd
model_mean	l ɪ s ə n	l ɪ s ə n d	l ɪ s ə n d	l ɪ f t	l ɪ f t ə d	l ɪ f t ə d	l ɪ s ə n ə d	0	0	reg_d	reg_d	reg_əd
model_mean	p ʌ f	p ʌ f t	p ʌ f t	p ʌ n t͡ʃ	p ʌ n t͡ʃ t	p ʌ n t͡ʃ t	p ʌ f t	1	1	reg_t	reg_t	reg_t
model_mean	h o ʊ p	h o ʊ p t	h o ʊ p t	h o ʊ l	h o ʊ l d	h o ʊ l d	h o ʊ p d	0	0	reg_t	reg_t	reg_d
model_mean	n iː d	n iː d ə d	n iː d ə d	n iː r	n iː r d	n iː r d	n iː d d	0	0	reg_əd	reg_əd	reg_d
model_mean	k æ t͡ʃ	k ɔ t	k æ t͡ʃ t	k æ ʃ	k æ ʃ t	k æ ʃ t	k æ t͡ʃ t	1	0	rhyme_replaced	reg_t	reg_t
model_mean	z ɪ p ɹ̩	z ɪ p ɹ̩ d	z ɪ p ɹ̩ d	z ɪ p	z ɪ p t	z ɪ p t	z ɪ p ɹ̩ t	0	0	reg_d	reg_d	reg_t
model_mean	h ɑː p	h ɑː p t	h ɑː p t	h ɑː l ɹ̩	h ɑː l ɹ̩ d	h ɑː l ɹ̩ d	h ɑː p d	0	0	reg_t	reg_t	reg_d
model_mean	k æ r iː	k æ r iː d	k æ r iː d	k æ m p	k æ m p t	k æ m p t	k æ r iː t	0	0	reg_d	reg_d	reg_t
model_mean	r ɪ t ɹ̩ n	r ɪ t ɹ̩ n d	r ɪ t ɹ̩ n d	r ɪ k ɔ l	r ɪ k ɔ l d	r ɪ k ɔ l d	r ɪ t ɹ̩ n d	1	1	reg_d	reg_d	reg_d
model_mean	f iː d	f ɛ d	f iː d ə d	f iː r	f iː r d	f iː r d	f iː d d	0	0	vowel_change	reg_əd	reg_d
model_mean	ɡ ɑː b ə l	ɡ ɑː b ə l d	ɡ ɑː b ə l d	ɡ ɑː r d	ɡ ɑː r d ə d	ɡ ɑː r d ə d	ɡ ɑː b ə l ə d	0	0	reg_d	reg_d	reg_əd
model_mean	o ʊ p ə n	o ʊ p ə n d	o ʊ p ə n d	o ʊ v ɹ̩ l æ p	o ʊ v ɹ̩ l æ p t	o ʊ v ɹ̩ l æ p t	o ʊ p ə n t	0	0	reg_d	reg_d	reg_t
model_mean	h o ʊ l d	h ɛ l d	h o ʊ l d ə d	h o ʊ l	h o ʊ l d	h o ʊ l d	h o ʊ l d d	0	0	vowel_change	reg_əd	reg_d
model_mean	d ɪ l ɪ v ɹ̩	d ɪ l ɪ v ɹ̩ d	d ɪ l ɪ v ɹ̩ d	d ɪ l e ɪ	d ɪ l e ɪ d	d ɪ l e ɪ d	d ɪ l ɪ v ɹ̩ d	1	1	reg_d	reg_d	reg_d
model_mean	r ʌ b	r ʌ b d	r ʌ b d	r ʌ n	r ʌ n d	r æ n	r ʌ b d	1	1	reg_d	reg_d	reg_d
model_mean	w ɑː t͡ʃ	w ɑː t͡ʃ t	w ɑː t͡ʃ t	w ɑː ʃ	w ɑː ʃ t	w ɑː ʃ t	w ɑː t͡ʃ t	1	1	reg_t	reg_t	reg_t
model_mean	p l iː z	p l iː z d	p l iː z d	p iː r	p iː r d	p iː r d	p l iː z d	1	1	reg_d	reg_d	reg_d
model_mean	w ɔ k	w ɔ k t	w ɔ k t	w ɔ t ɹ̩	w ɔ t ɹ̩ d	w ɔ t ɹ̩ d	w ɔ k d	0	0	reg_t	reg_t	reg_d
model_mean	p æ k	p æ k t	p æ k t	p æ s	p æ s t	p æ s t	p æ k t	1	1	reg_t	reg_t	reg_t
model_mean	s a ʊ n d	s a ʊ n d ə d	s a ʊ n d	s a ʊ ɹ̩	s a ʊ ɹ̩ d	s a ʊ ɹ̩ d	s a ʊ n d d	0	0	reg_əd	no_change	reg_d
model_mean	ɡ r æ b	ɡ r æ b d	ɡ r æ b d	ɡ r æ n t	ɡ r æ n t ə d	ɡ r æ n t ə d	ɡ r æ b ə d	0	0	reg_d	reg_d	reg_əd
model_mean	m æ n	m æ n d	m æ n d	m æ t͡ʃ	m æ t͡ʃ t	m æ t͡ʃ t	m æ n t	0	0	reg_d	reg_d	reg_t
model_mean	f iː l	f ɛ l t	f iː l d	f iː r	f iː r d	f iː r d	f iː l d	1	0	vowel_change_suffix	reg_d	reg_d
model_mean	n e ɪ m	n e ɪ m d	n e ɪ m d	n ɪ t	n ɪ t ə d	n ɪ t ə d	n e ɪ m ə d	0	0	reg_d	reg_d	reg_əd
model_mean	f l o ʊ	f l o ʊ d	f l o ʊ d	f l o ʊ t	f l o ʊ t ə d	f l o ʊ t ə d	f l o ʊ ə d	0	0	reg_d	reg_d	reg_əd
model_mean	w ɛ ð ɹ̩	w ɛ ð ɹ̩ d	w ɛ ð ɹ̩ d	w ɛ t	w ɛ t	w ɛ t	w ɛ ð ɹ̩	0	0	reg_d	reg_d	no_change
model_mean	l a ɪ	l e ɪ	l a ɪ d	l e ɪ	l e ɪ d	l e ɪ d	l a ɪ d	1	0	vowel_change	reg_d	reg_d
model_mean	k r æ ʃ	k r æ ʃ t	k r æ ʃ t	k r æ k	k r æ k t	k r æ k t	k r æ ʃ t	1	1	reg_t	reg_t	reg_t
model_mean	p e ɪ d͡ʒ	p e ɪ d͡ʒ d	p e ɪ d͡ʒ d	p e ɪ n t	p e ɪ n t ə d	p e ɪ n t ə d	p e ɪ d͡ʒ ə d	0	0	reg_d	reg_d	reg_əd
model_mean	t͡ʃ o ʊ k	t͡ʃ o ʊ k t	t͡ʃ o ʊ k t	t͡ʃ uː z	t͡ʃ uː z d	t͡ʃ o ʊ z	t͡ʃ o ʊ k d	0	0	reg_t	reg_t	reg_d
model_mean	b l ɛ s	b l ɛ s t	b l ɛ s t	b l æ k	b l æ k t	b l æ k t	b l ɛ s t	1	1	reg_t	reg_t	reg_t
model_mean	d ɪ ŋ	d ɪ ŋ d	d ɪ ŋ d	d ɪ ɡ	d ɪ ɡ d	d ʌ ɡ	d ɪ ŋ d	1	1	reg_d	reg_d	reg_d
model_mean	s ɛ l	s o ʊ l d	s ɛ l d	s iː l	s iː l d	s iː l d	s ɛ l d	1	0	vowel_change_suffix	reg_d	reg_d
model_mean	b ɪ ɡ ɪ n	b ɪ ɡ æ n	b ɪ ɡ ɪ n d	b ɪ l d	b ɪ l d ə d	b ɪ l t	b ɪ ɡ ɪ n ə d	0	0	vowel_change	reg_d	reg_əd
model_mean	d͡ʒ ɔ ɪ n	d͡ʒ ɔ ɪ n d	d͡ʒ ɔ ɪ n d	d͡ʒ ɪ p	d͡ʒ ɪ p t	d͡ʒ ɪ p t	d͡ʒ ɔ ɪ n t	0	0	reg_d	reg_d	reg_t
model_mean	l ɑː k	l ɑː k t	l ɑː k t	l uː p	l uː p t	l uː p t	l ɑː k t	1	1	reg_t	reg_t	reg_t
model_mean	b ɪ l iː v	b ɪ l iː v d	b ɪ l iː v d	b ɪ l d	b ɪ l d ə d	b ɪ l t	b ɪ l iː v ə d	0	0	reg_d	reg_d	reg_əd
model_mean	ə n d ɹ̩ s t æ n d	ə n d ɹ̩ s t ʊ d	ə n t ə æ n t ə d	ə n d r ɛ s	ə n d r ɛ s t	ə n d r ɛ s t	ə n d ɹ̩ s t æ n d t	0	0	rhyme_replaced	other	reg_t
model_mean	t r e ɪ n	t r e ɪ n d	t r e ɪ n d	t r e ɪ s	t r e ɪ s t	t r e ɪ s t	t r e ɪ n t	0	0	reg_d	reg_d	reg_t
model_mean	k r ɔ l	k r ɔ l d	k r ɔ l d	k r ɔ s	k r ɔ s t	k r ɔ s t	k r ɔ l t	0	0	reg_d	reg_d	reg_t
model_mean	p æ t	p æ t ə d	p æ t ə d	p æ d	p æ d ə d	p æ d ə d	p æ t ə d	1	1	reg_əd	reg_əd	reg_əd
model_mean	ɔ r d ɹ̩	ɔ r d ɹ̩ d	ɔ r d ɹ̩ d	ɔ f ɹ̩	ɔ f ɹ̩ d	ɔ f ɹ̩ d	ɔ r d ɹ̩ d	1	1	reg_d	reg_d	reg_d
model_mean	f l a ɪ	f l uː	f l a ɪ d	f l ɪ p	f l ɪ p t	f l ɪ p t	f l a ɪ t	0	0	vowel_change	reg_d	reg_t
model_mean	l o ʊ d	l o ʊ d ə d	l o ʊ d ə d	l o ʊ n	l o ʊ n d	l o ʊ n d	l o ʊ d d	0	0	reg_əd	reg_əd	reg_d
model_mean	k ə m p l e ɪ n	k ə m p l e ɪ n d	k ə m p l e ɪ n d	k ə m p l iː t	k ə m p l iː t ə d	k ə m p l iː t ə d	k ə m p l e ɪ n ə d	0	0	reg_d	reg_d	reg_əd
model_mean	b l ɛ n d	b l ɛ n d ə d	b l ɛ n d ə d	b l ʌ d	b l ʌ d ə d	b l ʌ d ə d	b l ɛ n d ə d	1	1	reg_əd	reg_əd	reg_əd
model_mean	b l ɑː k	b l ɑː k t	b l ɑː k t	b l æ k	b l æ k t	b l æ k t	b l ɑː k t	1	1	reg_t	reg_t	reg_t
model_mean	t ɪ p	t ɪ p t	t ɪ p t	t ɪ k	t ɪ k t	t ɪ k t	t ɪ p t	1	1	reg_t	reg_t	reg_t
model_mean	d͡ʒ ɛ t	d͡ʒ ɛ t ə d	d͡ʒ ɛ t	d͡ʒ ɛ l iː	d͡ʒ ɛ l iː d	d͡ʒ ɛ l iː d	d͡ʒ ɛ t d	0	0	reg_əd	no_change	reg_d
model_mean	b r iː ð	b r iː ð d	b r iː ð d	b r ɪ ŋ	b r ɪ ŋ	b r ɔ t	b r iː ð	0	0	reg_d	reg_d	no_change
model_mean	d a ɪ ə l	d a ɪ ə l d	d a ɪ ə l d	d a ɪ n	d a ɪ n d	d a ɪ n d	d a ɪ ə l d	1	1	reg_d	reg_d	reg_d
model_mean	m ɛ n ʃ ə n	m ɛ n ʃ ə n d	m ɛ n ʃ ə n d	m ɛ n d	m ɛ n d ə d	m ɛ n d ə d	m ɛ n ʃ ə n ə d	0	0	reg_d	reg_d	reg_əd
model_mean	h ʌ ɡ	h ʌ ɡ d	h ʌ ɡ d	h ʌ v ɹ̩	h ʌ v ɹ̩ d	h ʌ v ɹ̩ d	h ʌ ɡ d	1	1	reg_d	reg_d	reg_d
model_mean	p a ʊ ɹ̩	p a ʊ ɹ̩ d	p a ʊ ɹ̩ d	p a ʊ t	p a ʊ t ə d	p a ʊ t ə d	p a ʊ ɹ̩ ə d	0	0	reg_d	reg_d	reg_əd
model_mean	s ɑː k	s ɑː k t	s ɑː k t	s æ k	s æ k t	s æ k t	s ɑː k t	1	1	reg_t	reg_t	reg_t
model_mean	w uː p	w uː p t	w uː p t	w uː	w uː d	w uː d	w uː p d	0	0	reg_t	reg_t	reg_d
model_mean	r iː m a ɪ n d	r iː m a ɪ n d ə d	r iː m a ɪ n d ə d	r iː m uː v	r iː m uː v d	r iː m uː v d	r iː m a ɪ n d d	0	0	reg_əd	reg_əd	reg_d
model_mean	h æ n d ə l	h æ n d ə l d	h æ n d ə l d	h æ n d	h æ n d ə d	h æ n d ə d	h æ n d ə l ə d	0	0	reg_d	reg_d	reg_əd
model_mean	s n iː z	s n iː z d	s n iː z d	s n iː k	s n iː k t	s n iː k t	s n iː z t	0	0	reg_d	reg_d	reg_t
model_mean	v ɪ z ɪ t	v ɪ z ɪ t ə d	v ɪ z ɪ t ə d	ɡ ɪ v	ɡ ɪ v d	ɡ e ɪ v	v ɪ z ɪ t d	0	0	reg_əd	reg_əd	reg_d
model_mean	s l a ɪ d	s l ɪ d	s l a ɪ d	s l a ɪ s	s l a ɪ s t	s l a ɪ s t	s l a ɪ d t	0	0	vowel_change	no_change	reg_t
model_mean	p l æ n	p l æ n d	p l æ n d	p l æ n t	p l æ n t ə d	p l æ n t ə d	p l æ n ə d	0	0	reg_d	reg_d	reg_əd
model_mean	ɛ l b o ʊ	ɛ l b o ʊ d	ɛ l b o ʊ d	l ɛ n d	l ɛ n d ə d	l ɛ n t	ɛ l b o ʊ ə d	0	0	reg_d	reg_d	reg_əd
model_mean	b ɑː k s	b ɑː k s t	b ɑː k s t	b ɑː r k	b ɑː r k t	b ɑː r k t	b ɑː k s t	1	1	reg_t	reg_t	reg_t
model_mean	ɪ n k l uː d	ɪ n k l uː d ə d	ɪ n k l uː d ə d	ɪ n ɪ ʃ ə l	ɪ n ɪ ʃ ə l d	ɪ n ɪ ʃ ə l d	ɪ n k l uː d d	0	0	reg_əd	reg_əd	reg_d
model_mean	b ɹ̩ n	b ɹ̩ n d	b ɹ̩ n d	b ɪ l	b ɪ l d	b ɪ l d	b ɹ̩ n d	1	1	reg_d	reg_d	reg_d
model_mean	ʃ e ɪ p	ʃ e ɪ p t	ʃ e ɪ p t	ʃ e ɪ v	ʃ e ɪ v d	ʃ e ɪ v d	ʃ e ɪ p d	0	0	reg_t	reg_t	reg_d
model_mean	b o ʊ n	b o ʊ n d	b o ʊ n d	b o ʊ t	b o ʊ t ə d	b o ʊ t ə d	b o ʊ n ə d	0	0	reg_d	reg_d	reg_əd
model_mean	f ɪ l	f ɪ l d	f ɪ l d	f ɪ ʃ	f ɪ ʃ t	f ɪ ʃ t	f ɪ l t	0	0	reg_d	reg_d	reg_t
model_mean	m æ s k	m æ s k t	m æ s k t	m æ k s	m æ k s t	m æ k s t	m æ s k t	1	1	reg_t	reg_t	reg_t
model_mean	s ɛ l ə b r e ɪ t	s ɛ l ə b r e ɪ t ə d	s ɛ l ə b r e ɪ t ə d	s ə l ɛ k t	s ə l ɛ k t ə d	s ə l ɛ k t ə d	s ɛ l ə b r e ɪ t ə d	1	1	reg_əd	reg_əd	reg_əd
model_mean	k r ʌ m b ə l	k r ʌ m b ə l d	k r ʌ m b ə l d	k r ʌ m p ə l	k r ʌ m p ə l d	k r ʌ m p ə l d	k r ʌ m b ə l d	1	1	reg_d	reg_d	reg_d
model_mean	r ɑː k	r ɑː k t	r ɑː k t	r ɑː b	r ɑː b d	r ɑː b d	r ɑː k d	0	0	reg_t	reg_t	reg_d
model_mean	ɡ ɛ r ə n t iː	ɡ ɛ r ə n t iː d	ɡ ə r ə n t ə d	r ɛ s ə l	r ɛ s ə l d	r ɛ s ə l d	ɡ ɛ r ə n t iː d	0	1	reg_d	other	reg_d
model_mean	k ə n ɛ k t	k ə n ɛ k t ə d	k ə n ɛ k t ə d	k ə n s ɪ s t	k ə n s ɪ s t ə d	k ə n s ɪ s t ə d	k ə n ɛ k t ə d	1	1	reg_əd	reg_əd	reg_əd
model_mean	t ɔ s	t ɔ s t	t ɔ s t	t ɔ k	t ɔ k t	t ɔ k t	t ɔ s t	1	1	reg_t	reg_t	reg_t
model_mean	iː v ɪ n	iː v ɪ n d	iː v æ n d	r iː ɪ v æ l j uː e ɪ t	r iː ɪ v æ l j uː e ɪ t ə d	r iː ɪ v æ l j uː e ɪ t ə d	iː v ɪ n ə d	0	0	reg_d	vowel_change_suffix	reg_əd
model_mean	b a ʊ n s	b a ʊ n s t	b a ʊ n s t	b a ɪ t	b a ɪ t ə d	b ɪ t	b a ʊ n s ə d	0	0	reg_t	reg_t	reg_əd
model_mean	ɹ̩ n	ɹ̩ n d	ɹ̩ n d	h ɹ̩ t	h ɹ̩ t	h ɹ̩ t	ɹ̩ n	0	0	reg_d	reg_d	no_change
model_mean	k l a ʊ d	k l a ʊ d ə d	k l a ʊ d ə d	k l a ɪ m	k l a ɪ m d	k l a ɪ m d	k l a ʊ d d	0	0	reg_əd	reg_əd	reg_d
model_mean	k ʌ p ə l	k ʌ p ə l d	k ʌ p ə l d	k ʌ d ə l	k ʌ d ə l d	k ʌ d ə l d	k ʌ p ə l d	1	1	reg_d	reg_d	reg_d
model_mean	f l ʌ ʃ	f l ʌ ʃ t	f l ʌ ʃ t	f l æ ɡ	f l æ ɡ d	f l æ ɡ d	f l ʌ ʃ d	0	0	reg_t	reg_t	reg_d
model_mean	h ɑː r n ə s	h ɑː r n ə s t	h ɑː r n ə s t	h ɑː r d ə n	h ɑː r d ə n d	h ɑː r d ə n d	h ɑː r n ə s d	0	0	reg_t	reg_t	reg_d
model_mean	b r a ʊ n	b r a ʊ n d	b r a ʊ n d	b r e ɪ v	b r e ɪ v d	b r e ɪ v d	b r a ʊ n d	1	1	reg_d	reg_d	reg_d
model_mean	s t ɪ ŋ k	s t ʌ ŋ k	s t ɪ ŋ k t	s t ɪ ŋ	s t ɪ ŋ	s t ʌ ŋ	s t ɪ ŋ k	0	0	vowel_change	reg_t	no_change
model_mean	r iː f r ɛ ʃ	r iː f r ɛ ʃ t	r iː f r ɛ r d	r iː t r iː v	r iː t r iː v d	r iː t r iː v d	r iː f r ɛ ʃ d	0	0	reg_t	coda_change	reg_d
model_mean	p r ə f ɹ̩	p r ə f ɹ̩ d	p r ə f ɹ̩ d	p r a ɪ	p r a ɪ d	p r a ɪ d	p r ə f ɹ̩ d	1	1	reg_d	reg_d	reg_d
model_mean	s t iː l	s t o ʊ l	s t iː l d	s t iː m	s t iː m d	s t iː m d	s t iː l d	1	0	vowel_change	reg_d	reg_d
model_mean	b æ n d	b æ n d ə d	b æ n d ə d	b æ ŋ k	b æ ŋ k t	b æ ŋ k t	b æ n d t	0	0	reg_əd	reg_əd	reg_t
model_mean	r ɪ d	r ɪ d	r ɪ d ə d	r ɪ n uː	r ɪ n uː d	r ɪ n uː d	r ɪ d d	0	0	no_change	reg_əd	reg_d
model_mean	k o ʊ ɑː p ɹ̩ e ɪ t	k o ʊ ɑː p ɹ̩ e ɪ t ə d	k o ʊ ɑː p ɹ̩ e ɪ t ə d	k o ʊ ɪ n s a ɪ d	k o ʊ ɪ n s a ɪ d ə d	k o ʊ ɪ n s a ɪ d ə d	k o ʊ ɑː p ɹ̩ e ɪ t ə d	1	1	reg_əd	reg_əd	reg_əd
model_mean	b ɑː ð ɹ̩	b ɑː ð ɹ̩ d	b ɑː ð ɹ̩ d	b e ɪ ð	b e ɪ ð d	b e ɪ ð d	b ɑː ð ɹ̩ d	1	1	reg_d	reg_d	reg_d
model_mean	r ɛ s t	r ɛ s t ə d	r ɛ s t ə d	r ɛ s ə l	r ɛ s ə l d	r ɛ s ə l d	r ɛ s t d	0	0	reg_əd	reg_əd	reg_d
model_mean	ɑː k j ə p a ɪ	ɑː k j ə p a ɪ d	ɑː k j ə p ə d	k ɑː s t uː m	k ɑː s t uː m d	k ɑː s t uː m d	ɑː k j ə p a ɪ d	0	1	reg_d	vowel_change_suffix	reg_d
model_mean	s k r ɪ b ə l	s k r ɪ b ə l d	s k r ɪ b ə l d	s k r æ m b ə l	s k r æ m b ə l d	s k r æ m b ə l d	s k r ɪ b ə l d	1	1	reg_d	reg_d	reg_d
model_mean	b l æ s t	b l æ s t ə d	b l æ s t ə d	b l æ ŋ k	b l æ ŋ k t	b l æ ŋ k t	b l æ s t t	0	0	reg_əd	reg_əd	reg_t
model_mean	h æ m ɹ̩	h æ m ɹ̩ d	h æ m ɹ̩ d	h æ n d	h æ n d ə d	h æ n d ə d	h æ m ɹ̩ ə d	0	0	reg_d	reg_d	reg_əd
model_mean	d r ɪ l	d r ɪ l d	d r ɪ l d	d r ɪ p	d r ɪ p t	d r ɪ p t	d r ɪ l t	0	0	reg_d	reg_d	reg_t
model_mean	p r æ k t ɪ s	p r æ k t ɪ s t	p r æ k t ə s t	p r ə t ɛ k t	p r ə t ɛ k t ə d	p r ə t ɛ k t ə d	p r æ k t ɪ s ə d	0	0	reg_t	vowel_change_suffix	reg_əd
model_mean	t a ɪ p	t a ɪ p t	t a ɪ p t	t a ɪ m	t a ɪ m d	t a ɪ m d	t a ɪ p d	0	0	reg_t	reg_t	reg_d
model_mean	æ d	æ d ə d	æ d ʌ d	æ k t	æ k t ə d	æ k t ə d	æ d ə d	0	1	reg_əd	other	reg_əd
model_mean	b o ʊ l	b o ʊ l d	b o ʊ l d	b o ʊ t	b o ʊ t ə d	b o ʊ t ə d	b o ʊ l ə d	0	0	reg_d	reg_d	reg_əd
model_mean	t o ʊ t	t o ʊ t ə d	t o ʊ t ə d	t o ʊ s t	t o ʊ s t ə d	t o ʊ s t ə d	t o ʊ t ə d	1	1	reg_əd	reg_əd	reg_əd
model_mean	s w ɪ ʃ	s w ɪ ʃ t	s w ɪ ʃ t	s w ɪ t͡ʃ	s w ɪ t͡ʃ t	s w ɪ t͡ʃ t	s w ɪ ʃ t	1	1	reg_t	reg_t	reg_t
model_mean	b l e ɪ m	b l e ɪ m d	b l e ɪ m d	b l ɪ ŋ k	b l ɪ ŋ k t	b l ɪ ŋ k t	b l e ɪ m t	0	0	reg_d	reg_d	reg_t
model_mean	ɪ k s a ɪ t	ɪ k s a ɪ t ə d	ɪ k s a ɪ t ə d	ɪ k s ɛ p t	ɪ k s ɛ p t ə d	ɪ k s ɛ p t ə d	ɪ k s a ɪ t ə d	1	1	reg_əd	reg_əd	reg_əd
model_mean	t͡ʃ a ɪ m	t͡ʃ a ɪ m d	t͡ʃ a ɪ m d	t͡ʃ ɪ l	t͡ʃ ɪ l d	t͡ʃ ɪ l d	t͡ʃ a ɪ m d	1	1	reg_d	reg_d	reg_d
model_mean	t͡ʃ iː r	t͡ʃ iː r d	t͡ʃ iː r d	t͡ʃ uː	t͡ʃ uː d	t͡ʃ uː d	t͡ʃ iː r d	1	1	reg_d	reg_d	reg_d
model_mean	f r e ɪ m	f r e ɪ m d	f r e ɪ m d	f r e ɪ z	f r e ɪ z d	f r e ɪ z d	f r e ɪ m d	1	1	reg_d	reg_d	reg_d
model_mean	d æ m	d æ m d	d æ m d	d æ n s	d æ n s t	d æ n s t	d æ m t	0	0	reg_d	reg_d	reg_t
model_mean	t͡ʃ iː t	t͡ʃ iː t ə d	t͡ʃ iː t	t͡ʃ uː	t͡ʃ uː d	t͡ʃ uː d	t͡ʃ iː t d	0	0	reg_əd	no_change	reg_d
model_mean	l iː n	l iː n d	l iː n d	l iː f	l iː f t	l iː f t	l iː n t	0	0	reg_d	reg_d	reg_t
model_mean	s k r iː m	s k r iː m d	s k r iː m d	s k r iː n	s k r iː n d	s k r iː n d	s k r iː m d	1	1	reg_d	reg_d	reg_d
model_mean	ɪ ɡ n ɔ r	ɪ ɡ n ɔ r d	ɪ ɡ n ɔ r d	ɡ ɪ ɡ ə l	ɡ ɪ ɡ ə l d	ɡ ɪ ɡ ə l d	ɪ ɡ n ɔ r d	1	1	reg_d	reg_d	reg_d
model_mean	s k uː p	s k uː p t	s k uː p t	s k uː l	s k uː l d	s k uː l d	s k uː p d	0	0	reg_t	reg_t	reg_d
model_mean	θ ʌ m p	θ ʌ m p t	θ ʌ m p t	θ ʌ m	θ ʌ m d	θ ʌ m d	θ ʌ m p d	0	0	reg_t	reg_t	reg_d
model_mean	s t iː r	s t iː r d	s t iː r d	s t iː m	s t iː m d	s t iː m d	s t iː r d	1	1	reg_d	reg_d	reg_d
model_mean	s p ɪ n	s p ʌ n	s p ɪ n d	s p ɪ l	s p ɪ l d	s p ɪ l d	s p ɪ n d	1	0	vowel_change	reg_d	reg_d
model_mean	h ʌ f	h ʌ f t	h ʌ f t	h ʌ v ɹ̩	h ʌ v ɹ̩ d	h ʌ v ɹ̩ d	h ʌ f d	0	0	reg_t	reg_t	reg_d
model_mean	t ɛ n d	t ɛ n d ə d	t ɛ n d ə d	t ɛ s t	t ɛ s t ə d	t ɛ s t ə d	t ɛ n d ə d	1	1	reg_əd	reg_əd	reg_əd
model_mean	s p e ɪ s	s p e ɪ s t	s p e ɪ s t	s p a ɪ s	s p a ɪ s t	s p a ɪ s t	s p e ɪ s t	1	1	reg_t	reg_t	reg_t
model_mean	s t r e ɪ t ə n	s t r e ɪ t ə n d	s t r t ə t ə n d	s t r o ʊ k	s t r o ʊ k t	s t r o ʊ k t	s t r e ɪ t ə n t	0	0	reg_d	other	reg_t
model_mean	p iː t ɹ̩	p iː t ɹ̩ d	p iː t ɹ̩ d	p iː s	p iː s t	p iː s t	p iː t ɹ̩ t	0	0	reg_d	reg_d	reg_t
model_mean	m a ɪ n	m a ɪ n d	m a ɪ n d	m a ɪ n d	m a ɪ n d ə d	m a ɪ n d ə d	m a ɪ n ə d	0	0	reg_d	reg_d	reg_əd
model_mean	h iː l	h iː l d	h iː l d	h iː r	h iː r d	h ɹ̩ d	h iː l d	1	1	reg_d	reg_d	reg_d
model_mean	ə t r æ k t	ə t r æ k t ə d	ə t r æ k t ə d	ə r ɛ s t	ə r ɛ s t ə d	ə r ɛ s t ə d	ə t r æ k t ə d	1	1	reg_əd	reg_əd	reg_əd
model_mean	s k w ɛ r	s k w ɛ r d	s k w ɛ r d	s k w iː z	s k w iː z d	s k w iː z d	s k w ɛ r d	1	1	reg_d	reg_d	reg_d
model_mean	f l ʌ f	f l ʌ f t	f l ʌ f t	f l æ ɡ	f l æ ɡ d	f l æ ɡ d	f l ʌ f d	0	0	reg_t	reg_t	reg_d
model_mean	t o ʊ n	t o ʊ n d	t o ʊ n d	t o ʊ	t o ʊ d	t o ʊ d	t o ʊ n d	1	1	reg_d	reg_d	reg_d
model_mean	d͡ʒ ɪ m iː	d͡ʒ ɪ m iː d	d͡ʒ ɪ m iː d	d͡ʒ ɪ p	d͡ʒ ɪ p t	d͡ʒ ɪ p t	d͡ʒ ɪ m iː t	0	0	reg_d	reg_d	reg_t
model_mean	s m a ɪ l	s m a ɪ l d	s m a ɪ l d	s m uː ð	s m uː ð d	s m uː ð d	s m a ɪ l d	1	1	reg_d	reg_d	reg_d
model_mean	ə n w a ɪ n d	ə n w a ʊ n d	ə n w a ɪ n d ə d	ə n p l ʌ ɡ	ə n p l ʌ ɡ d	ə n p l ʌ ɡ d	ə n w a ɪ n d d	0	0	vowel_change	reg_əd	reg_d
model_mean	d ɪ k l ɛ r	d ɪ k l ɛ r d	d ɪ k l ɛ r d	d ɪ s a ɪ d	d ɪ s a ɪ d ə d	d ɪ s a ɪ d ə d	d ɪ k l ɛ r ə d	0	0	reg_d	reg_d	reg_əd
model_mean	k ə n d ʌ k t	k ə n d ʌ k t ə d	k ə n d ʌ k ə d	k ə n s ʌ l t	k ə n s ʌ l t ə d	k ə n s ʌ l t ə d	k ə n d ʌ k t ə d	0	1	reg_əd	other	reg_əd
model_mean	s t r e ɪ n	s t r e ɪ n d	s t r e ɪ n d	s t r a ɪ p	s t r a ɪ p t	s t r a ɪ p t	s t r e ɪ n t	0	0	reg_d	reg_d	reg_t
model_mean	k ə l æ p s	k ə l æ p s t	k ə l æ p s t	k ə l ɛ k t	k ə l ɛ k t ə d	k ə l ɛ k t ə d	k ə l æ p s ə d	0	0	reg_t	reg_t	reg_əd
model_mean	p ɑː r t ɪ s ə p e ɪ t	p ɑː r t ɪ s ə p e ɪ t ə d	p ɑː r t	p ɑː r t iː	p ɑː r t iː d	p ɑː r t iː d	p ɑː r t ɪ s ə p e ɪ t d	0	0	reg_əd	other	reg_d
model_mean	t r æ n z l e ɪ t	t r æ n z l e ɪ t ə d	t r æ n z d	t r æ m p ə l	t r æ m p ə l d	t r æ m p ə l d	t r æ n z l e ɪ t d	0	0	reg_əd	other	reg_d
model_mean	d ɪ s k ʌ s	d ɪ s k ʌ s t	d ɪ s k ʌ s t	d ɪ s m ɪ s	d ɪ s m ɪ s t	d ɪ s m ɪ s t	d ɪ s k ʌ s t	1	1	reg_t	reg_t	reg_t
model_mean	f ɹ̩ ɡ ɪ v	f ɹ̩ ɡ e ɪ v	f ɹ̩ ɡ ɪ v d	f l ɪ p	f l ɪ p t	f l ɪ p t	f ɹ̩ ɡ ɪ v t	0	0	vowel_change	reg_d	reg_t
model_mean	ə r a ɪ z	ə r o ʊ z	ə r a ɪ z d	ə r a ɪ v	ə r a ɪ v d	ə r a ɪ v d	ə r a ɪ z d	1	0	vowel_change	reg_d	reg_d
model_mean	f r a ɪ t ə n	f r a ɪ t ə n d	f r a ɪ t ə n d	f r ɛ k ə l	f r ɛ k ə l d	f r ɛ k ə l d	f r a ɪ t ə n d	1	1	reg_d	reg_d	reg_d
model_mean	ɔ ɪ l	ɔ ɪ l d	ɔ ɪ l d	ɔ f ɹ̩	ɔ f ɹ̩ d	ɔ f ɹ̩ d	ɔ ɪ l d	1	1	reg_d	reg_d	reg_d
model_mean	ə n l o ʊ d	ə n l o ʊ d ə d	ə n l o ʊ d ə d	ə n p l ʌ ɡ	ə n p l ʌ ɡ d	ə n p l ʌ ɡ d	ə n l o ʊ d d	0	0	reg_əd	reg_əd	reg_d
model_mean	ɡ r ʌ m b ə l	ɡ r ʌ m b ə l d	ɡ r ʌ m b ə l d	ɡ r æ p ə l	ɡ r æ p ə l d	ɡ r æ p ə l d	ɡ r ʌ m b ə l d	1	1	reg_d	reg_d	reg_d
model_mean	r ɛ k	r ɛ k t	r ɛ k t	r ɛ n t͡ʃ	r ɛ n t͡ʃ t	r ɛ n t͡ʃ t	r ɛ k t	1	1	reg_t	reg_t	reg_t
model_mean	s p ɑː t	s p ɑː t ə d	s p ɑː t ə d	s t ɑː p	s t ɑː p t	s t ɑː p t	s p ɑː t t	0	0	reg_əd	reg_əd	reg_t
model_mean	b ʌ t ɹ̩	b ʌ t ɹ̩ d	b ʌ t ɹ̩ d	b ʌ m p	b ʌ m p t	b ʌ m p t	b ʌ t ɹ̩ t	0	0	reg_d	reg_d	reg_t
model_mean	s t iː p	s t iː p t	s t iː p t	s t iː m	s t iː m d	s t iː m d	s t iː p d	0	0	reg_t	reg_t	reg_d
model_mean	h ʌ s ə l	h ʌ s ə l d	h ʌ s ə l d	h ʌ n t	h ʌ n t ə d	h ʌ n t ə d	h ʌ s ə l ə d	0	0	reg_d	reg_d	reg_əd
model_mean	k ə n t ɪ n j uː	k ə n t ɪ n j uː d	k ə n t ɪ n d	k ə n t e ɪ n	k ə n t e ɪ n d	k ə n t e ɪ n d	k ə n t ɪ n j uː d	0	1	reg_d	other	reg_d
model_mean	r ɛ n t	r ɛ n t ə d	r ɛ n t ə d	r ɛ n t͡ʃ	r ɛ n t͡ʃ t	r ɛ n t͡ʃ t	r ɛ n t t	0	0	reg_əd	reg_əd	reg_t
model_mean	k r ʌ n t͡ʃ	k r ʌ n t͡ʃ t	k r ʌ n t͡ʃ t	k r ʌ ʃ	k r ʌ ʃ t	k r ʌ ʃ t	k r ʌ n t͡ʃ t	1	1	reg_t	reg_t	reg_t
model_mean	r ɛ s k j uː	r ɛ s k j uː d	r ɛ s k j uː d	r ɛ s ə l	r ɛ s ə l d	r ɛ s ə l d	r ɛ s k j uː d	1	1	reg_d	reg_d	reg_d
model_mean	t ɑː p	t ɑː p t	t ɑː p t	t æ p	t æ p t	t æ p t	t ɑː p t	1	1	reg_t	reg_t	reg_t
model_mean	b l iː d	b l ɛ d	b l iː d ə d	b iː d	b iː d ə d	b iː d ə d	b l iː d ə d	1	0	vowel_change	reg_əd	reg_əd
model_mean	p r ɪ k	p r ɪ k t	p r ɪ k t	p r ɪ n t	p r ɪ n t ə d	p r ɪ n t ə d	p r ɪ k ə d	0	0	reg_t	reg_t	reg_əd
model_mean	o ʊ ɡ ə l	o ʊ ɡ ə l d	o ʊ ɡ ə l d	o ʊ n	o ʊ n d	o ʊ n d	o ʊ ɡ ə l d	1	1	reg_d	reg_d	reg_d
model_mean	s ɔ ɪ l	s ɔ ɪ l d	s ɔ ɪ l d	s ɪ p	s æ p t	s ɪ p t	NA	0	0	reg_d	reg_d	vowel_change_suffix
model_mean	ɡ ɑː l f	ɡ ɑː l f t	ɡ ɑː l f t	ɡ ɑː r d	ɡ ɑː r d ə d	ɡ ɑː r d ə d	ɡ ɑː l f ə d	0	0	reg_t	reg_t	reg_əd
model_mean	b ʌ s t	b ʌ s t ə d	b ʌ s t ə d	b ʌ m p	b ʌ m p t	b ʌ m p t	b ʌ s t t	0	0	reg_əd	reg_əd	reg_t
model_mean	r iː s a ɪ k ə l	r iː s a ɪ k ə l d	r iː s a ɪ k ə l d	r iː s t r e ɪ n	r iː s t r e ɪ n d	r iː s t r e ɪ n d	r iː s a ɪ k ə l d	1	1	reg_d	reg_d	reg_d
model_mean	s t uː	s t uː d	s t uː d	s t ɹ̩	s t ɹ̩ d	s t ɹ̩ d	s t uː d	1	1	reg_d	reg_d	reg_d
model_mean	b æ t	b æ t ə d	b æ t	b æ k	b æ k t	b æ k t	b æ t t	0	0	reg_əd	no_change	reg_t
model_mean	s ʌ f ɹ̩	s ʌ f ɹ̩ d	s ʌ f ɹ̩ d	s ʌ k	s ʌ k t	s ʌ k t	s ʌ f ɹ̩ t	0	0	reg_d	reg_d	reg_t
model_mean	v ɪ ʒ w ə l a ɪ z	v ɪ ʒ w ə l a ɪ z d	v ɪ l ə l ə d	w ɪ s p ɹ̩	w ɪ s p ɹ̩ d	w ɪ s p ɹ̩ d	v ɪ ʒ w ə l a ɪ z d	0	1	reg_d	other	reg_d
model_mean	k æ p	k æ p t	k æ p t	k æ ʃ	k æ ʃ t	k æ ʃ t	k æ p t	1	1	reg_t	reg_t	reg_t
model_mean	t ʌ m b ə l	t ʌ m b ə l d	t ʌ m b ə l d	p ʌ n ɪ ʃ	p ʌ n ɪ ʃ t	p ʌ n ɪ ʃ t	t ʌ m b ə l t	0	0	reg_d	reg_d	reg_t
model_mean	d ɪ s k r a ɪ b	d ɪ s k r a ɪ b d	d ɪ s k r a ɪ b d	d ɪ s ɡ a ɪ z	d ɪ s ɡ a ɪ z d	d ɪ s ɡ a ɪ z d	d ɪ s k r a ɪ b d	1	1	reg_d	reg_d	reg_d
model_mean	h ɛ z ə t e ɪ t	h ɛ z ə t e ɪ t ə d	h ɛ z ə t e ɪ t ə d	h ɛ d k w ɔ r t ɹ̩	h ɛ d k w ɔ r t ɹ̩ d	h ɛ d k w ɔ r t ɹ̩ d	h ɛ z ə t e ɪ t d	0	0	reg_əd	reg_əd	reg_d
model_mean	m ɑː r	m ɑː r d	m ɑː r d	m ɑː p	m ɑː p t	m ɑː p t	m ɑː r t	0	0	reg_d	reg_d	reg_t
model_mean	p r ə n a ʊ n s	p r ə n a ʊ n s t	p r ə n a ʊ n a ɪ s t ə d	p r ə s iː d	p r ə s iː d ə d	p r ə s iː d ə d	p r ə n a ʊ n s ə d	0	0	reg_t	other	reg_əd
model_mean	f ɪ k s e ɪ t	f ɪ k s e ɪ t ə d	f ɪ k s e ɪ t ə d	f ɪ k s	f ɪ k s t	f ɪ k s t	f ɪ k s e ɪ t t	0	0	reg_əd	reg_əd	reg_t
model_mean	b ɑː s	b ɑː s t	b ɑː s t	b æ k	b æ k t	b æ k t	b ɑː s t	1	1	reg_t	reg_t	reg_t
model_mean	d ɪ s t ɹ̩ b	d ɪ s t ɹ̩ b d	d ɪ s t ɹ̩ d ə d	d ɪ s ɡ a ɪ z	d ɪ s ɡ a ɪ z d	d ɪ s ɡ a ɪ z d	d ɪ s t ɹ̩ b d	0	1	reg_d	other	reg_d
model_mean	s n æ k	s n æ k t	s n æ k t	s n æ t͡ʃ	s n æ t͡ʃ t	s n æ t͡ʃ t	s n æ k t	1	1	reg_t	reg_t	reg_t
model_mean	d ʌ s t	d ʌ s t ə d	d ʌ s t ə d	d ʌ m p	d ʌ m p t	d ʌ m p t	d ʌ s t t	0	0	reg_əd	reg_əd	reg_t
model_mean	m o ʊ n	m o ʊ n d	m o ʊ n d	m o ʊ	m o ʊ d	m o ʊ d	m o ʊ n d	1	1	reg_d	reg_d	reg_d
model_mean	p iː l	p iː l d	p iː l d	p iː r	p iː r d	p iː r d	p iː l d	1	1	reg_d	reg_d	reg_d
model_mean	f l ɑː p	f l ɑː p t	f l ɑː p t	f l æ p	f l æ p t	f l æ p t	f l ɑː p t	1	1	reg_t	reg_t	reg_t
model_mean	f l æ ʃ	f l æ ʃ t	f l æ ʃ t	f l æ p	f l æ p t	f l æ p t	f l æ ʃ t	1	1	reg_t	reg_t	reg_t
model_mean	p e ɪ s t	p e ɪ s t ə d	p e ɪ s t ə d	p e ɪ n t	p e ɪ n t ə d	p e ɪ n t ə d	p e ɪ s t ə d	1	1	reg_əd	reg_əd	reg_əd
model_mean	ɡ ɑː r b ə l	ɡ ɑː r b ə l d	ɡ ɑː r b ə l d	ɡ ɑː r d	ɡ ɑː r d ə d	ɡ ɑː r d ə d	ɡ ɑː r b ə l ə d	0	0	reg_d	reg_d	reg_əd
model_mean	ɪ n t ɛ n d	ɪ n t ɛ n d ə d	ɪ n t ɛ n t ə d	ɪ n t ɹ̩ v j uː	ɪ n t ɹ̩ v j uː d	ɪ n t ɹ̩ v j uː d	ɪ n t ɛ n d d	0	0	reg_əd	other	reg_d
model_mean	r o ʊ t e ɪ t	r o ʊ t e ɪ t ə d	r o ʊ t e ɪ t ə d	r o ʊ p	r o ʊ p t	r o ʊ p t	r o ʊ t e ɪ t t	0	0	reg_əd	reg_əd	reg_t
model_mean	s ɑː l v	s ɑː l v d	s ɑː l v d	s t ɑː r	s t ɑː r d	s t ɑː r d	s ɑː l v d	1	1	reg_d	reg_d	reg_d
model_mean	r ɪ s p ɑː n d	r ɪ s p ɑː n d ə d	r ɪ s p ɑː n d ə d	r ɪ d͡ʒ ɛ k t	r ɪ d͡ʒ ɛ k t ə d	r ɪ d͡ʒ ɛ k t ə d	r ɪ s p ɑː n d ə d	1	1	reg_əd	reg_əd	reg_əd
model_mean	p r a ɪ s	p r a ɪ s t	p r a ɪ s t	p r e ɪ z	p r e ɪ z d	p r e ɪ z d	p r a ɪ s d	0	0	reg_t	reg_t	reg_d
model_mean	h ɑː r p	h ɑː r p t	h ɑː r p t	h ɑː l ɹ̩	h ɑː l ɹ̩ d	h ɑː l ɹ̩ d	h ɑː r p d	0	0	reg_t	reg_t	reg_d
model_mean	ɪ ɡ z ɔ s t	ɪ ɡ z ɔ s t ə d	ɪ ɡ z ɔ s t ə d	ɪ ɡ z ɪ s t	ɪ ɡ z ɪ s t ə d	ɪ ɡ z ɪ s t ə d	ɪ ɡ z ɔ s t ə d	1	1	reg_əd	reg_əd	reg_əd
model_mean	t ɛ r ə f a ɪ	t ɛ r ə f a ɪ d	t ɛ r ə f a ɪ d	t ɛ r ə r a ɪ z	t ɛ r ə r a ɪ z d	t ɛ r ə r a ɪ z d	t ɛ r ə f a ɪ d	1	1	reg_d	reg_d	reg_d
model_mean	s a ʊ	s a ʊ d	s a ʊ d	s a ɪ	s a ɪ d	s a ɪ d	s a ʊ d	1	1	reg_d	reg_d	reg_d
model_mean	e ɪ d	e ɪ d ə d	e ɪ d ə d	e ɪ d͡ʒ	e ɪ d͡ʒ d	e ɪ d͡ʒ d	e ɪ d d	0	0	reg_əd	reg_əd	reg_d
model_mean	ə n p æ k	ə n p æ k t	ə n p æ k t	ə n p l ʌ ɡ	ə n p l ʌ ɡ d	ə n p l ʌ ɡ d	ə n p æ k d	0	0	reg_t	reg_t	reg_d
model_mean	p r ɪ v ɛ n t	p r ɪ v ɛ n t ə d	p r ɪ v ɛ n t ə d	p r ə s iː d	p r ə s iː d ə d	p r ə s iː d ə d	p r ɪ v ɛ n t ə d	1	1	reg_əd	reg_əd	reg_əd
model_mean	k ə n s ɪ d ɹ̩	k ə n s ɪ d ɹ̩ d	k ə n s t ə d ɹ̩ d	k ə n s ɪ s t	k ə n s ɪ s t ə d	k ə n s ɪ s t ə d	k ə n s ɪ d ɹ̩ ə d	0	0	reg_d	other	reg_əd
model_mean	w ɑː d	w ɑː d ə d	w ɑː d ə d	w ɑː ʃ	w ɑː ʃ t	w ɑː ʃ t	w ɑː d t	0	0	reg_əd	reg_əd	reg_t
model_mean	t r ʌ s t	t r ʌ s t ə d	t r ʌ s t ə d	t r ʌ m p	t r ʌ m p t	t r ʌ m p t	t r ʌ s t t	0	0	reg_əd	reg_əd	reg_t
model_mean	m ɑː d ə l	m ɑː d ə l d	m ɑː d ə l d	m ɑː r t͡ʃ	m ɑː r t͡ʃ t	m ɑː r t͡ʃ t	m ɑː d ə l t	0	0	reg_d	reg_d	reg_t
model_mean	s t e ɪ p ə l	s t e ɪ p ə l d	s t e ɪ p ə l d	s t e ɪ ʃ ə n	s t e ɪ ʃ ə n d	s t e ɪ ʃ ə n d	s t e ɪ p ə l d	1	1	reg_d	reg_d	reg_d
model_mean	p r ə v a ɪ d	p r ə v a ɪ d ə d	p r ə v a ɪ d ə d	p r ə s iː d	p r ə s iː d ə d	p r ə s iː d ə d	p r ə v a ɪ d ə d	1	1	reg_əd	reg_əd	reg_əd
model_mean	t r ɛ m b ə l	t r ɛ m b ə l d	t r ɛ m b ə l d	t r æ m p ə l	t r æ m p ə l d	t r æ m p ə l d	t r ɛ m b ə l d	1	1	reg_d	reg_d	reg_d
model_mean	p l a ʊ	p l a ʊ d	p l a ʊ d	p l e ɪ	p l e ɪ d	p l e ɪ d	p l a ʊ d	1	1	reg_d	reg_d	reg_d
model_mean	w æ ɡ	w æ ɡ d	w æ ɡ d	w æ k	w æ k t	w æ k t	w æ ɡ t	0	0	reg_d	reg_d	reg_t
model_mean	b l iː t͡ʃ	b l iː t͡ʃ t	b l iː t͡ʃ t	b iː t͡ʃ	b iː t͡ʃ t	b iː t͡ʃ t	b l iː t͡ʃ t	1	1	reg_t	reg_t	reg_t
model_mean	t æ t ə l	t æ t ə l d	t æ t ə l d	t æ k ə l	t æ k ə l d	t æ k ə l d	t æ t ə l d	1	1	reg_d	reg_d	reg_d
model_mean	s k ɹ̩ t	s k ɹ̩ t ə d	s k ɹ̩ t ə d	s k ɹ̩ iː	s k ɹ̩ iː d	s k ɹ̩ iː d	s k ɹ̩ t d	0	0	reg_əd	reg_əd	reg_d
model_mean	ɛ r	ɛ r d	ɛ r ɛ r d	ɛ ɡ	ɛ ɡ d	ɛ ɡ d	ɛ r d	0	1	reg_d	other	reg_d
model_mean	ɛ k s ɹ̩ s a ɪ z	ɛ k s ɹ̩ s a ɪ z d	ɛ s ɹ̩ s ɹ̩ a ɪ z d	s k ɛ d͡ʒ ʊ l	s k ɛ d͡ʒ ʊ l d	s k ɛ d͡ʒ ʊ l d	ɛ k s ɹ̩ s a ɪ z d	0	1	reg_d	other	reg_d
model_mean	f ʌ d͡ʒ	f ʌ d͡ʒ d	f ʌ d͡ʒ d	f ʌ s	f ʌ s t	f ʌ s t	f ʌ d͡ʒ t	0	0	reg_d	reg_d	reg_t
model_mean	ɡ ʌ n	ɡ ʌ n d	ɡ ʌ n d	ɡ ʌ m	ɡ ʌ m d	ɡ ʌ m d	ɡ ʌ n d	1	1	reg_d	reg_d	reg_d
model_mean	s p ɔ r t	s p ɔ r t ə d	s p ɔ r t ə d	s p ɔ ɪ l	s p ɔ ɪ l d	s p ɔ ɪ l d	s p ɔ r t d	0	0	reg_əd	reg_əd	reg_d
model_mean	r ɪ l iː v	r ɪ l iː v d	r ɪ l iː v d	r ɪ l a ɪ	r ɪ l a ɪ d	r ɪ l a ɪ d	r ɪ l iː v d	1	1	reg_d	reg_d	reg_d
model_mean	ʃ o ʊ l d ɹ̩	ʃ o ʊ l d ɹ̩ d	ʃ o ʊ l o ʊ d	o ʊ v ɹ̩ h æ ŋ	o ʊ v ɹ̩ h æ ŋ	o ʊ v ɹ̩ h ʌ ŋ	ʃ o ʊ l d ɹ̩	0	0	reg_d	other	no_change
model_mean	f ɔ r k	f ɔ r k t	f ɔ r k t	f ɔ r s	f ɔ r s t	f ɔ r s t	f ɔ r k t	1	1	reg_t	reg_t	reg_t
model_mean	t w iː k	t w iː k t	t w ɛ k t	t w ɪ t͡ʃ	t w ɪ t͡ʃ t	t w ɪ t͡ʃ t	t w iː k t	0	1	reg_t	vowel_change_suffix	reg_t
model_mean	d æ ʃ	d æ ʃ t	d æ ʃ t	d æ n s	d æ n s t	d æ n s t	d æ ʃ t	1	1	reg_t	reg_t	reg_t
model_mean	ɪ k s k l e ɪ m	ɪ k s k l e ɪ m d	ɪ k s k l e ɪ z d	ɪ k s p l e ɪ n	ɪ k s p l e ɪ n d	ɪ k s p l e ɪ n d	ɪ k s k l e ɪ m d	0	1	reg_d	coda_change	reg_d
model_mean	s ə s p ɛ k t	s ə s p ɛ k t ə d	s p ɛ s p ɛ k t	s ə d͡ʒ ɛ s t	s ə d͡ʒ ɛ s t ə d	s ə d͡ʒ ɛ s t ə d	s ə s p ɛ k t ə d	0	1	reg_əd	other	reg_əd
model_mean	t r æ n s f ɔ r m	t r æ n s f ɔ r m d	t r æ n f r s t ɔ r æ n d	t r æ n s k r a ɪ b	t r æ n s k r a ɪ b d	t r æ n s k r a ɪ b d	t r æ n s f ɔ r m d	0	1	reg_d	other	reg_d
model_mean	θ r ɛ t ə n	θ r ɛ t ə n d	θ ɛ t r ə n d	θ r ʌ s t	θ r ʌ s t ə d	θ r ʌ s t	θ r ɛ t ə n ə d	0	0	reg_d	other	reg_əd
model_mean	m e ɪ t	m e ɪ t ə d	m e ɪ t ə d	m e ɪ k	m e ɪ k t	m e ɪ d	m e ɪ t t	0	0	reg_əd	reg_əd	reg_t
model_mean	ɪ m p r uː v	ɪ m p r uː v d	ɪ m p r uː v d	ɪ m p l a ɪ	ɪ m p l a ɪ d	ɪ m p l a ɪ d	ɪ m p r uː v d	1	1	reg_d	reg_d	reg_d
model_mean	t ɑː l ɹ̩ e ɪ t	t ɑː l ɹ̩ e ɪ t ə d	t ɑː l ɹ̩ e ɪ t ə d	t ɑː p ə l	t ɑː p ə l d	t ɑː p ə l d	t ɑː l ɹ̩ e ɪ t d	0	0	reg_əd	reg_əd	reg_d
model_mean	h ɔ n t	h ɔ n t ə d	h ɔ n t ə d	h ɔ k	h ɔ k t	h ɔ k t	h ɔ n t t	0	0	reg_əd	reg_əd	reg_t
model_mean	t æ k	t æ k t	t æ k t	t æ p	t æ p t	t æ p t	t æ k t	1	1	reg_t	reg_t	reg_t
model_mean	ɪ n d͡ʒ ɹ̩	ɪ n d͡ʒ ɹ̩ d	ɪ n d͡ʒ ɹ̩ d	ɪ n v a ɪ t	ɪ n v a ɪ t ə d	ɪ n v a ɪ t ə d	ɪ n d͡ʒ ɹ̩ ə d	0	0	reg_d	reg_d	reg_əd
model_mean	p r ɪ d ɪ k t	p r ɪ d ɪ k t ə d	p r ɪ d ɪ k t ə d	p r ə s iː d	p r ə s iː d ə d	p r ə s iː d ə d	p r ɪ d ɪ k t ə d	1	1	reg_əd	reg_əd	reg_əd
model_mean	d ɪ z a ɪ n	d ɪ z a ɪ n d	d ɪ z a ɪ n d	d ɪ z ɹ̩ v	d ɪ z ɹ̩ v d	d ɪ z ɹ̩ v d	d ɪ z a ɪ n d	1	1	reg_d	reg_d	reg_d
model_mean	b ʌ n d ə l	b ʌ n d ə l d	b ʌ n d ə l d	b ʌ t ə n	b ʌ t ə n d	b ʌ t ə n d	b ʌ n d ə l d	1	1	reg_d	reg_d	reg_d
model_mean	r ɪ s ɛ s	r ɪ s ɛ s t	r ɪ s ɛ s t	r ɪ k ɔ l	r ɪ k ɔ l d	r ɪ k ɔ l d	r ɪ s ɛ s d	0	0	reg_t	reg_t	reg_d
model_mean	b l a ɪ n d	b l a ɪ n d ə d	b l a ɪ n d ə d	b l ɪ ŋ k	b l ɪ ŋ k t	b l ɪ ŋ k t	b l a ɪ n d t	0	0	reg_əd	reg_əd	reg_t
model_mean	d r ʌ ɡ	d r ʌ ɡ d	d r ʌ ɡ d	d r ʌ m	d r ʌ m d	d r ʌ m d	d r ʌ ɡ d	1	1	reg_d	reg_d	reg_d
model_mean	f l e ɪ v ɹ̩	f l e ɪ v ɹ̩ d	f l e ɪ v ɹ̩ d	f l a ʊ ɹ̩	f l a ʊ ɹ̩ d	f l a ʊ ɹ̩ d	f l e ɪ v ɹ̩ d	1	1	reg_d	reg_d	reg_d
model_mean	r ɪ p ɛ r	r ɪ p ɛ r d	r ɪ p ɛ r d	r ɪ p iː t	r ɪ p iː t ə d	r ɪ p iː t ə d	r ɪ p ɛ r ə d	0	0	reg_d	reg_d	reg_əd
model_mean	k ɹ̩ s	k ɹ̩ s t	k ɹ̩ s t	k ɹ̩ v	k ɹ̩ v d	k ɹ̩ v d	k ɹ̩ s d	0	0	reg_t	reg_t	reg_d
model_mean	ɪ n t͡ʃ	ɪ n t͡ʃ t	ɪ n t͡ʃ t	θ ɪ n	θ ɪ n d	θ ɪ n d	ɪ n t͡ʃ d	0	0	reg_t	reg_t	reg_d
model_mean	t r æ n z m ɪ t	t r æ n z m ɪ t ə d	t r æ m ɪ m d	t r æ m p ə l	t r æ m p ə l d	t r æ m p ə l d	t r æ n z m ɪ t d	0	0	reg_əd	other	reg_d
model_mean	ʃ æ m p uː	ʃ æ m p uː d	ʃ æ m p uː d	ʃ ɪ p	ʃ ɪ p t	ʃ ɪ p t	ʃ æ m p uː t	0	0	reg_d	reg_d	reg_t
model_mean	ɪ n k r iː s	ɪ n k r iː s t	ɪ n k r iː s t	ɪ n s ɪ s t	ɪ n s ɪ s t ə d	ɪ n s ɪ s t ə d	ɪ n k r iː s ə d	0	0	reg_t	reg_t	reg_əd
model_mean	b ʊ t͡ʃ ɹ̩	b ʊ t͡ʃ ɹ̩ d	b ʊ t͡ʃ ɹ̩ d	b e ɪ ð	b e ɪ ð d	b e ɪ ð d	b ʊ t͡ʃ ɹ̩ d	1	1	reg_d	reg_d	reg_d
model_mean	d o ʊ n e ɪ t	d o ʊ n e ɪ t ə d	d o ʊ n e ɪ t ə d	d o ʊ l	d o ʊ l d	d o ʊ l d	d o ʊ n e ɪ t d	0	0	reg_əd	reg_əd	reg_d
model_mean	t͡ʃ æ l ə n d͡ʒ	t͡ʃ æ l ə n d͡ʒ d	t͡ʃ æ l ə n d͡ʒ d	t͡ʃ æ n ə l	t͡ʃ æ n ə l d	t͡ʃ æ n ə l d	t͡ʃ æ l ə n d͡ʒ d	1	1	reg_d	reg_d	reg_d
model_mean	ɛ ɡ z ɪ t	ɛ ɡ z ɪ t ə d	ɛ ɡ z ɪ t ə d	ɡ ɛ s	ɡ ɛ s t	ɡ ɛ s t	ɛ ɡ z ɪ t t	0	0	reg_əd	reg_əd	reg_t
model_mean	b ʊ k	b ʊ k t	b ʊ k t	b uː t	b uː t ə d	b uː t ə d	b ʊ k ə d	0	0	reg_t	reg_t	reg_əd
model_mean	m j uː z	m j uː z d	m j uː z d	m j uː t	m j uː t ə d	m j uː t ə d	m j uː z ə d	0	0	reg_d	reg_d	reg_əd
model_mean	p ɔ ɪ z ə n	p ɔ ɪ z ə n d	p ɔ ɪ z ə n d	p ɔ ɪ n t	p ɔ ɪ n t ə d	p ɔ ɪ n t ə d	p ɔ ɪ z ə n ə d	0	0	reg_d	reg_d	reg_əd
model_mean	ɪ n f l uː ə n s	ɪ n f l uː ə n s t	ɪ n f l ə n s t ə d	ɪ n f ɔ r m	ɪ n f ɔ r m d	ɪ n f ɔ r m d	ɪ n f l uː ə n s d	0	0	reg_t	other	reg_d
model_mean	s t r æ ŋ ɡ ə l	s t r æ ŋ ɡ ə l d	s t r æ ŋ ɡ ɡ l d	t r æ m p ə l	t r æ m p ə l d	t r æ m p ə l d	s t r æ ŋ ɡ ə l d	0	1	reg_d	other	reg_d
model_mean	ɪ ʃ uː	ɪ ʃ uː d	ɪ ʃ uː d	e ɪ d͡ʒ	e ɪ d͡ʒ d	e ɪ d͡ʒ d	ɪ ʃ uː d	1	1	reg_d	reg_d	reg_d
model_mean	ɪ m p r ɛ s	ɪ m p r ɛ s t	ɪ m p r ɛ s t	ɪ m b ɛ r ə s	ɪ m b ɛ r ə s t	ɪ m b ɛ r ə s t	ɪ m p r ɛ s t	1	1	reg_t	reg_t	reg_t
model_mean	p r ə d uː s	p r ə d uː s t	p r ə d uː s t	p r ə s iː d	p r ə s iː d ə d	p r ə s iː d ə d	p r ə d uː s ə d	0	0	reg_t	reg_t	reg_əd
model_mean	n æ ɡ	n æ ɡ d	n æ ɡ d	n æ b	n æ b d	n æ b d	n æ ɡ d	1	1	reg_d	reg_d	reg_d
model_mean	o ʊ v ɹ̩ k ʊ k	o ʊ v ɹ̩ k ʊ k t	o ʊ v ɹ̩ k ʊ k t	o ʊ v ɹ̩ l æ p	o ʊ v ɹ̩ l æ p t	o ʊ v ɹ̩ l æ p t	o ʊ v ɹ̩ k ʊ k t	1	1	reg_t	reg_t	reg_t
model_stem	ɡ ɛ t	ɡ ɑː t	ɡ ɛ t	w ɛ t	w ɛ t	w ɛ t	ɡ ɛ t	1	0	vowel_change	no_change	no_change
model_stem	p ʊ t	p ʊ t	p ʊ t	p ɪ t	p ɪ t	p ɪ t ə d	p ʊ t	1	1	no_change	no_change	no_change
model_stem	ɡ o ʊ	w ɛ n t	ɡ o ʊ d	ʃ o ʊ	ʃ o ʊ d	ʃ o ʊ d	ɡ o ʊ d	1	0	other	reg_d	reg_d
model_stem	iː t	e ɪ t	iː d t	o ʊ v ɹ̩ l æ p	o ʊ v ɹ̩ l æ p t	o ʊ v ɹ̩ l æ p t	iː t t	0	0	vowel_change	coda_change	reg_t
model_stem	w ɔ n t	w ɔ n t ə d	w ɔ n t ə d	w e ɪ t	w e ɪ t ə d	w e ɪ t ə d	w ɔ n t ə d	1	1	reg_əd	reg_əd	reg_əd
model_stem	n ɑː k	n ɑː k t	n ɑː k t	d ɑː k	d ɑː k t	d ɑː k t	n ɑː k t	1	1	reg_t	reg_t	reg_t
model_stem	l ɪ s ə n	l ɪ s ə n d	l ɪ s ə n d	l uː s ə n	l uː s ə n d	l uː s ə n d	l ɪ s ə n d	1	1	reg_d	reg_d	reg_d
model_stem	p ʌ f	p ʌ f t	p ʌ f t	l æ f	l æ f t	l æ f t	p ʌ f t	1	1	reg_t	reg_t	reg_t
model_stem	h o ʊ p	h o ʊ p t	h o ʊ p t	r o ʊ p	r o ʊ p t	r o ʊ p t	h o ʊ p t	1	1	reg_t	reg_t	reg_t
model_stem	n iː d	n iː d ə d	n iː d ə d	r iː d	r iː d ə d	r ɛ d	n iː d ə d	1	1	reg_əd	reg_əd	reg_əd
model_stem	k æ t͡ʃ	k ɔ t	k æ t͡ʃ t	h æ t͡ʃ	h æ t͡ʃ t	h æ t͡ʃ t	k æ t͡ʃ t	1	0	rhyme_replaced	reg_t	reg_t
model_stem	z ɪ p ɹ̩	z ɪ p ɹ̩ d	z ɪ p ɹ̩ d	ʃ a ʊ ɹ̩	ʃ a ʊ ɹ̩ d	ʃ a ʊ ɹ̩ d	z ɪ p ɹ̩ d	1	1	reg_d	reg_d	reg_d
model_stem	h ɑː p	h ɑː p t	h ɑː p t	p ɑː p	p ɑː p t	p ɑː p t	h ɑː p t	1	1	reg_t	reg_t	reg_t
model_stem	k æ r iː	k æ r iː d	k æ r iː d	k ɑː p iː	k ɑː p iː d	k ɑː p iː d	k æ r iː d	1	1	reg_d	reg_d	reg_d
model_stem	r ɪ t ɹ̩ n	r ɪ t ɹ̩ n d	r ɪ t ɹ̩ n d	f æ s ə n	f æ s ə n d	f æ s ə n d	r ɪ t ɹ̩ n d	1	1	reg_d	reg_d	reg_d
model_stem	f iː d	f ɛ d	f iː d ə d	r iː d	r iː d ə d	r ɛ d	f iː d ə d	1	0	vowel_change	reg_əd	reg_əd
model_stem	ɡ ɑː b ə l	ɡ ɑː b ə l d	ɡ ɑː b ə l d	w ɑː b ə l	w ɑː b ə l d	w ɑː b ə l d	ɡ ɑː b ə l d	1	1	reg_d	reg_d	reg_d
model_stem	o ʊ p ə n	o ʊ p ə n d	o ʊ p ə n d	s t o ʊ n	s t o ʊ n d	s t o ʊ n d	o ʊ p ə n d	1	1	reg_d	reg_d	reg_d
model_stem	h o ʊ l d	h ɛ l d	h o ʊ l d ə d	f o ʊ l d	f o ʊ l d ə d	f o ʊ l d ə d	h o ʊ l d ə d	1	0	vowel_change	reg_əd	reg_əd
model_stem	d ɪ l ɪ v ɹ̩	d ɪ l ɪ v ɹ̩ d	d ɪ l ɪ v ɹ̩ d	r ɪ t a ɪ ɹ̩	r ɪ t a ɪ ɹ̩ d	r ɪ t a ɪ ɹ̩ d	d ɪ l ɪ v ɹ̩ d	1	1	reg_d	reg_d	reg_d
model_stem	r ʌ b	r ʌ b d	r ʌ b d	d ʌ b	d ʌ b d	d ʌ b d	r ʌ b d	1	1	reg_d	reg_d	reg_d
model_stem	w ɑː t͡ʃ	w ɑː t͡ʃ t	w ɑː t͡ʃ t	b iː t͡ʃ	b iː t͡ʃ t	b iː t͡ʃ t	w ɑː t͡ʃ t	1	1	reg_t	reg_t	reg_t
model_stem	p l iː z	p l iː z d	p l iː z d	f r iː z	f r iː z d	f r o ʊ z	p l iː z d	1	1	reg_d	reg_d	reg_d
model_stem	w ɔ k	w ɔ k t	w ɔ k t	t ɔ k	t ɔ k t	t ɔ k t	w ɔ k t	1	1	reg_t	reg_t	reg_t
model_stem	p æ k	p æ k t	p æ k t	b æ k	b æ k t	b æ k t	p æ k t	1	1	reg_t	reg_t	reg_t
model_stem	s a ʊ n d	s a ʊ n d ə d	s a ʊ n d	s p r ɛ d	s p r ɛ d	s p r ɛ d	s a ʊ n d	1	0	reg_əd	no_change	no_change
model_stem	ɡ r æ b	ɡ r æ b d	ɡ r æ b d	s t æ b	s t æ b d	s t æ b d	ɡ r æ b d	1	1	reg_d	reg_d	reg_d
model_stem	m æ n	m æ n d	m æ n d	f æ n	f æ n d	f æ n d	m æ n d	1	1	reg_d	reg_d	reg_d
model_stem	f iː l	f ɛ l t	f iː l d	f ɔ l	f ɔ l d	f ɛ l	f iː l d	1	0	vowel_change_suffix	reg_d	reg_d
model_stem	n e ɪ m	n e ɪ m d	n e ɪ m d	d r iː m	d r iː m d	d r iː m d	n e ɪ m d	1	1	reg_d	reg_d	reg_d
model_stem	f l o ʊ	f l o ʊ d	f l o ʊ d	ɡ l o ʊ	ɡ l o ʊ d	ɡ l o ʊ d	f l o ʊ d	1	1	reg_d	reg_d	reg_d
model_stem	w ɛ ð ɹ̩	w ɛ ð ɹ̩ d	w ɛ ð ɹ̩ d	ɡ æ ð ɹ̩	ɡ æ ð ɹ̩ d	ɡ æ ð ɹ̩ d	w ɛ ð ɹ̩ d	1	1	reg_d	reg_d	reg_d
model_stem	l a ɪ	l e ɪ	l a ɪ d	l e ɪ	l e ɪ d	l e ɪ d	l a ɪ d	1	0	vowel_change	reg_d	reg_d
model_stem	k r æ ʃ	k r æ ʃ t	k r æ ʃ t	k r ʌ ʃ	k r ʌ ʃ t	k r ʌ ʃ t	k r æ ʃ t	1	1	reg_t	reg_t	reg_t
model_stem	p e ɪ d͡ʒ	p e ɪ d͡ʒ d	p e ɪ d͡ʒ d	t͡ʃ ɑː r d͡ʒ	t͡ʃ ɑː r d͡ʒ d	t͡ʃ ɑː r d͡ʒ d	p e ɪ d͡ʒ d	1	1	reg_d	reg_d	reg_d
model_stem	t͡ʃ o ʊ k	t͡ʃ o ʊ k t	t͡ʃ o ʊ k t	p o ʊ k	p o ʊ k t	p o ʊ k t	t͡ʃ o ʊ k t	1	1	reg_t	reg_t	reg_t
model_stem	b l ɛ s	b l ɛ s t	b l ɛ s t	k l æ s	k l æ s t	k l æ s t	b l ɛ s t	1	1	reg_t	reg_t	reg_t
model_stem	d ɪ ŋ	d ɪ ŋ d	d ɪ ŋ d	w ɪ ŋ	w ɪ ŋ d	w ɪ ŋ d	d ɪ ŋ d	1	1	reg_d	reg_d	reg_d
model_stem	s ɛ l	s o ʊ l d	s ɛ l d	s iː l	s iː l d	s iː l d	s ɛ l d	1	0	vowel_change_suffix	reg_d	reg_d
model_stem	b ɪ ɡ ɪ n	b ɪ ɡ æ n	b ɪ ɡ ɪ n d	p l e ɪ n	p l e ɪ n d	p l e ɪ n d	b ɪ ɡ ɪ n d	1	0	vowel_change	reg_d	reg_d
model_stem	d͡ʒ ɔ ɪ n	d͡ʒ ɔ ɪ n d	d͡ʒ ɔ ɪ n d	s a ɪ n	s a ɪ n d	s a ɪ n d	d͡ʒ ɔ ɪ n d	1	1	reg_d	reg_d	reg_d
model_stem	l ɑː k	l ɑː k t	l ɑː k t	k ɑː k	k ɑː k t	k ɑː k t	l ɑː k t	1	1	reg_t	reg_t	reg_t
model_stem	b ɪ l iː v	b ɪ l iː v d	b ɪ l iː v d	r ə s iː v	r ə s iː v d	r ə s iː v d	b ɪ l iː v d	1	1	reg_d	reg_d	reg_d
model_stem	ə n d ɹ̩ s t æ n d	ə n d ɹ̩ s t ʊ d	ə n t ə æ n t ə d	k o ʊ ɪ n s a ɪ d	k o ʊ ɪ n s a ɪ d ə d	k o ʊ ɪ n s a ɪ d ə d	ə n d ɹ̩ s t æ n d ə d	0	0	rhyme_replaced	other	reg_əd
model_stem	t r e ɪ n	t r e ɪ n d	t r e ɪ n d	t w a ɪ n	t w a ɪ n d	t w a ɪ n d	t r e ɪ n d	1	1	reg_d	reg_d	reg_d
model_stem	k r ɔ l	k r ɔ l d	k r ɔ l d	r o ʊ l	r o ʊ l d	r o ʊ l d	k r ɔ l d	1	1	reg_d	reg_d	reg_d
model_stem	p æ t	p æ t ə d	p æ t ə d	p ɪ t	p ɪ t	p ɪ t ə d	p æ t	0	0	reg_əd	reg_əd	no_change
model_stem	ɔ r d ɹ̩	ɔ r d ɹ̩ d	ɔ r d ɹ̩ d	ʃ a ʊ ɹ̩	ʃ a ʊ ɹ̩ d	ʃ a ʊ ɹ̩ d	ɔ r d ɹ̩ d	1	1	reg_d	reg_d	reg_d
model_stem	f l a ɪ	f l uː	f l a ɪ d	t r a ɪ	t r a ɪ d	t r a ɪ d	f l a ɪ d	1	0	vowel_change	reg_d	reg_d
model_stem	l o ʊ d	l o ʊ d ə d	l o ʊ d ə d	r e ɪ d	r e ɪ d ə d	r e ɪ d ə d	l o ʊ d ə d	1	1	reg_əd	reg_əd	reg_əd
model_stem	k ə m p l e ɪ n	k ə m p l e ɪ n d	k ə m p l e ɪ n d	ɪ k s p l e ɪ n	ɪ k s p l e ɪ n d	ɪ k s p l e ɪ n d	k ə m p l e ɪ n d	1	1	reg_d	reg_d	reg_d
model_stem	b l ɛ n d	b l ɛ n d ə d	b l ɛ n d ə d	ə t ɛ n d	ə t ɛ n d ə d	ə t ɛ n d ə d	b l ɛ n d ə d	1	1	reg_əd	reg_əd	reg_əd
model_stem	b l ɑː k	b l ɑː k t	b l ɑː k t	k l ɑː k	k l ɑː k t	k l ɑː k t	b l ɑː k t	1	1	reg_t	reg_t	reg_t
model_stem	t ɪ p	t ɪ p t	t ɪ p t	w ɪ p	w ɪ p t	w ɪ p t	t ɪ p t	1	1	reg_t	reg_t	reg_t
model_stem	d͡ʒ ɛ t	d͡ʒ ɛ t ə d	d͡ʒ ɛ t	l ɛ t	l ɛ t ə d	l ɛ t	d͡ʒ ɛ t ə d	0	1	reg_əd	no_change	reg_əd
model_stem	b r iː ð	b r iː ð d	b r iː ð d	b e ɪ ð	b e ɪ ð d	b e ɪ ð d	b r iː ð d	1	1	reg_d	reg_d	reg_d
model_stem	d a ɪ ə l	d a ɪ ə l d	d a ɪ ə l d	ɡ r a ʊ l	ɡ r a ʊ l d	ɡ r a ʊ l d	d a ɪ ə l d	1	1	reg_d	reg_d	reg_d
model_stem	m ɛ n ʃ ə n	m ɛ n ʃ ə n d	m ɛ n ʃ ə n d	ʃ ɑː r p ə n	ʃ ɑː r p ə n d	ʃ ɑː r p ə n d	m ɛ n ʃ ə n d	1	1	reg_d	reg_d	reg_d
model_stem	h ʌ ɡ	h ʌ ɡ d	h ʌ ɡ d	b ʌ ɡ	b ʌ ɡ d	b ʌ ɡ d	h ʌ ɡ d	1	1	reg_d	reg_d	reg_d
model_stem	p a ʊ ɹ̩	p a ʊ ɹ̩ d	p a ʊ ɹ̩ d	t a ʊ ɹ̩	t a ʊ ɹ̩ d	t a ʊ ɹ̩ d	p a ʊ ɹ̩ d	1	1	reg_d	reg_d	reg_d
model_stem	s ɑː k	s ɑː k t	s ɑː k t	d ɑː k	d ɑː k t	d ɑː k t	s ɑː k t	1	1	reg_t	reg_t	reg_t
model_stem	w uː p	w uː p t	w uː p t	l uː p	l uː p t	l uː p t	w uː p t	1	1	reg_t	reg_t	reg_t
model_stem	r iː m a ɪ n d	r iː m a ɪ n d ə d	r iː m a ɪ n d ə d	r iː b a ʊ n d	r iː b a ʊ n d ə d	r iː b a ʊ n d ə d	r iː m a ɪ n d ə d	1	1	reg_əd	reg_əd	reg_əd
model_stem	h æ n d ə l	h æ n d ə l d	h æ n d ə l d	ɪ n ɪ ʃ ə l	ɪ n ɪ ʃ ə l d	ɪ n ɪ ʃ ə l d	h æ n d ə l d	1	1	reg_d	reg_d	reg_d
model_stem	s n iː z	s n iː z d	s n iː z d	f r iː z	f r iː z d	f r o ʊ z	s n iː z d	1	1	reg_d	reg_d	reg_d
model_stem	v ɪ z ɪ t	v ɪ z ɪ t ə d	v ɪ z ɪ t ə d	ɡ r e ɪ t	ɡ r e ɪ t ə d	ɡ r e ɪ t ə d	v ɪ z ɪ t ə d	1	1	reg_əd	reg_əd	reg_əd
model_stem	s l a ɪ d	s l ɪ d	s l a ɪ d	s t æ n d	s t æ n d ə d	s t ʊ d	s l a ɪ d ə d	0	0	vowel_change	no_change	reg_əd
model_stem	p l æ n	p l æ n d	p l æ n d	s k æ n	s k æ n d	s k æ n d	p l æ n d	1	1	reg_d	reg_d	reg_d
model_stem	ɛ l b o ʊ	ɛ l b o ʊ d	ɛ l b o ʊ d	n ɛ r o ʊ	n ɛ r o ʊ d	n ɛ r o ʊ d	ɛ l b o ʊ d	1	1	reg_d	reg_d	reg_d
model_stem	b ɑː k s	b ɑː k s t	b ɑː k s t	m ɪ k s	m ɪ k s t	m ɪ k s t	b ɑː k s t	1	1	reg_t	reg_t	reg_t
model_stem	ɪ n k l uː d	ɪ n k l uː d ə d	ɪ n k l uː d ə d	k ə m æ n d	k ə m æ n d ə d	k ə m æ n d ə d	ɪ n k l uː d ə d	1	1	reg_əd	reg_əd	reg_əd
model_stem	b ɹ̩ n	b ɹ̩ n d	b ɹ̩ n d	j ɔ n	j ɔ n d	j ɔ n d	b ɹ̩ n d	1	1	reg_d	reg_d	reg_d
model_stem	ʃ e ɪ p	ʃ e ɪ p t	ʃ e ɪ p t	t e ɪ p	t e ɪ p t	t e ɪ p t	ʃ e ɪ p t	1	1	reg_t	reg_t	reg_t
model_stem	b o ʊ n	b o ʊ n d	b o ʊ n d	t͡ʃ e ɪ n	t͡ʃ e ɪ n d	t͡ʃ e ɪ n d	b o ʊ n d	1	1	reg_d	reg_d	reg_d
model_stem	f ɪ l	f ɪ l d	f ɪ l d	f ɔ l	f ɔ l d	f ɛ l	f ɪ l d	1	1	reg_d	reg_d	reg_d
model_stem	m æ s k	m æ s k t	m æ s k t	b æ s k	b æ s k t	b æ s k t	m æ s k t	1	1	reg_t	reg_t	reg_t
model_stem	s ɛ l ə b r e ɪ t	s ɛ l ə b r e ɪ t ə d	s ɛ l ə b r e ɪ t ə d	f æ b r ə k e ɪ t	f æ b r ə k e ɪ t ə d	f æ b r ə k e ɪ t ə d	s ɛ l ə b r e ɪ t ə d	1	1	reg_əd	reg_əd	reg_əd
model_stem	k r ʌ m b ə l	k r ʌ m b ə l d	k r ʌ m b ə l d	k r ʌ m p ə l	k r ʌ m p ə l d	k r ʌ m p ə l d	k r ʌ m b ə l d	1	1	reg_d	reg_d	reg_d
model_stem	r ɑː k	r ɑː k t	r ɑː k t	d ɑː k	d ɑː k t	d ɑː k t	r ɑː k t	1	1	reg_t	reg_t	reg_t
model_stem	ɡ ɛ r ə n t iː	ɡ ɛ r ə n t iː d	ɡ ə r ə n t ə d	s p l ɪ n t ɹ̩	s p l ɪ n t ɹ̩ d	s p l ɪ n t ɹ̩ d	ɡ ɛ r ə n t iː d	0	1	reg_d	other	reg_d
model_stem	k ə n ɛ k t	k ə n ɛ k t ə d	k ə n ɛ k t ə d	k ə l ɛ k t	k ə l ɛ k t ə d	k ə l ɛ k t ə d	k ə n ɛ k t ə d	1	1	reg_əd	reg_əd	reg_əd
model_stem	t ɔ s	t ɔ s t	t ɔ s t	b ʌ s	b ʌ s t	b ʌ s t	t ɔ s t	1	1	reg_t	reg_t	reg_t
model_stem	iː v ɪ n	iː v ɪ n d	iː v æ n d	t͡ʃ e ɪ n	t͡ʃ e ɪ n d	t͡ʃ e ɪ n d	iː v ɪ n d	0	1	reg_d	vowel_change_suffix	reg_d
model_stem	b a ʊ n s	b a ʊ n s t	b a ʊ n s t	p a ʊ n s	p a ʊ n s t	p a ʊ n s t	b a ʊ n s t	1	1	reg_t	reg_t	reg_t
model_stem	ɹ̩ n	ɹ̩ n d	ɹ̩ n d	ʃ uː	ʃ uː d	ʃ uː d	ɹ̩ n d	1	1	reg_d	reg_d	reg_d
model_stem	k l a ʊ d	k l a ʊ d ə d	k l a ʊ d ə d	k r a ʊ d	k r a ʊ d ə d	k r a ʊ d ə d	k l a ʊ d ə d	1	1	reg_əd	reg_əd	reg_əd
model_stem	k ʌ p ə l	k ʌ p ə l d	k ʌ p ə l d	w ɑː f ə l	w ɑː f ə l d	w ɑː f ə l d	k ʌ p ə l d	1	1	reg_d	reg_d	reg_d
model_stem	f l ʌ ʃ	f l ʌ ʃ t	f l ʌ ʃ t	k r ʌ ʃ	k r ʌ ʃ t	k r ʌ ʃ t	f l ʌ ʃ t	1	1	reg_t	reg_t	reg_t
model_stem	h ɑː r n ə s	h ɑː r n ə s t	h ɑː r n ə s t	p r ɑː m ə s	p r ɑː m ə s t	p r ɑː m ə s t	h ɑː r n ə s t	1	1	reg_t	reg_t	reg_t
model_stem	b r a ʊ n	b r a ʊ n d	b r a ʊ n d	w iː k ə n	w iː k ə n d	w iː k ə n d	b r a ʊ n d	1	1	reg_d	reg_d	reg_d
model_stem	s t ɪ ŋ k	s t ʌ ŋ k	s t ɪ ŋ k t	b l ɪ ŋ k	b l ɪ ŋ k t	b l ɪ ŋ k t	s t ɪ ŋ k t	1	0	vowel_change	reg_t	reg_t
model_stem	r iː f r ɛ ʃ	r iː f r ɛ ʃ t	r iː f r ɛ r d	k r ʌ ʃ	k r ʌ ʃ t	k r ʌ ʃ t	r iː f r ɛ ʃ t	0	1	reg_t	coda_change	reg_t
model_stem	p r ə f ɹ̩	p r ə f ɹ̩ d	p r ə f ɹ̩ d	f e ɪ v ɹ̩	f e ɪ v ɹ̩ d	f e ɪ v ɹ̩ d	p r ə f ɹ̩ d	1	1	reg_d	reg_d	reg_d
model_stem	s t iː l	s t o ʊ l	s t iː l d	h o ʊ l	h o ʊ l d	h o ʊ l d	s t iː l d	1	0	vowel_change	reg_d	reg_d
model_stem	b æ n d	b æ n d ə d	b æ n d ə d	h æ n d	h æ n d ə d	h æ n d ə d	b æ n d ə d	1	1	reg_əd	reg_əd	reg_əd
model_stem	r ɪ d	r ɪ d	r ɪ d ə d	k ɪ d	k ɪ d ə d	k ɪ d ə d	r ɪ d ə d	1	0	no_change	reg_əd	reg_əd
model_stem	k o ʊ ɑː p ɹ̩ e ɪ t	k o ʊ ɑː p ɹ̩ e ɪ t ə d	k o ʊ ɑː p ɹ̩ e ɪ t ə d	d ɪ s ə p ɔ ɪ n t	d ɪ s ə p ɔ ɪ n t ə d	d ɪ s ə p ɔ ɪ n t ə d	k o ʊ ɑː p ɹ̩ e ɪ t ə d	1	1	reg_əd	reg_əd	reg_əd
model_stem	b ɑː ð ɹ̩	b ɑː ð ɹ̩ d	b ɑː ð ɹ̩ d	ɡ æ ð ɹ̩	ɡ æ ð ɹ̩ d	ɡ æ ð ɹ̩ d	b ɑː ð ɹ̩ d	1	1	reg_d	reg_d	reg_d
model_stem	r ɛ s t	r ɛ s t ə d	r ɛ s t ə d	r a ɪ t	r a ɪ t ə d	r o ʊ t	r ɛ s t ə d	1	1	reg_əd	reg_əd	reg_əd
model_stem	ɑː k j ə p a ɪ	ɑː k j ə p a ɪ d	ɑː k j ə p ə d	d ɪ s t r ɔ ɪ	d ɪ s t r ɔ ɪ d	d ɪ s t r ɔ ɪ d	ɑː k j ə p a ɪ d	0	1	reg_d	vowel_change_suffix	reg_d
model_stem	s k r ɪ b ə l	s k r ɪ b ə l d	s k r ɪ b ə l d	k r ʌ m p ə l	k r ʌ m p ə l d	k r ʌ m p ə l d	s k r ɪ b ə l d	1	1	reg_d	reg_d	reg_d
model_stem	b l æ s t	b l æ s t ə d	b l æ s t ə d	b o ʊ l t	b o ʊ l t ə d	b o ʊ l t ə d	b l æ s t ə d	1	1	reg_əd	reg_əd	reg_əd
model_stem	h æ m ɹ̩	h æ m ɹ̩ d	h æ m ɹ̩ d	h ɑː l ɹ̩	h ɑː l ɹ̩ d	h ɑː l ɹ̩ d	h æ m ɹ̩ d	1	1	reg_d	reg_d	reg_d
model_stem	d r ɪ l	d r ɪ l d	d r ɪ l d	t ɔ ɪ l	t ɔ ɪ l d	t ɔ ɪ l d	d r ɪ l d	1	1	reg_d	reg_d	reg_d
model_stem	p r æ k t ɪ s	p r æ k t ɪ s t	p r æ k t ə s t	r iː p l e ɪ s	r iː p l e ɪ s t	r iː p l e ɪ s t	p r æ k t ɪ s t	0	1	reg_t	vowel_change_suffix	reg_t
model_stem	t a ɪ p	t a ɪ p t	t a ɪ p t	w a ɪ p	w a ɪ p t	w a ɪ p t	t a ɪ p t	1	1	reg_t	reg_t	reg_t
model_stem	æ d	æ d ə d	æ d ʌ d	s p ɛ n d	s p ɛ n d	s p ɛ n t	æ d	0	0	reg_əd	other	no_change
model_stem	b o ʊ l	b o ʊ l d	b o ʊ l d	d o ʊ l	d o ʊ l d	d o ʊ l d	b o ʊ l d	1	1	reg_d	reg_d	reg_d
model_stem	t o ʊ t	t o ʊ t ə d	t o ʊ t ə d	t r iː t	t r iː t ə d	t r iː t ə d	t o ʊ t ə d	1	1	reg_əd	reg_əd	reg_əd
model_stem	s w ɪ ʃ	s w ɪ ʃ t	s w ɪ ʃ t	s m æ ʃ	s m æ ʃ t	s m æ ʃ t	s w ɪ ʃ t	1	1	reg_t	reg_t	reg_t
model_stem	b l e ɪ m	b l e ɪ m d	b l e ɪ m d	b ɪ k ʌ m	b ɪ k ʌ m d	b ɪ k e ɪ m	b l e ɪ m d	1	1	reg_d	reg_d	reg_d
model_stem	ɪ k s a ɪ t	ɪ k s a ɪ t ə d	ɪ k s a ɪ t ə d	ɪ n v a ɪ t	ɪ n v a ɪ t ə d	ɪ n v a ɪ t ə d	ɪ k s a ɪ t ə d	1	1	reg_əd	reg_əd	reg_əd
model_stem	t͡ʃ a ɪ m	t͡ʃ a ɪ m d	t͡ʃ a ɪ m d	t a ɪ m	t a ɪ m d	t a ɪ m d	t͡ʃ a ɪ m d	1	1	reg_d	reg_d	reg_d
model_stem	t͡ʃ iː r	t͡ʃ iː r d	t͡ʃ iː r d	p iː r	p iː r d	p iː r d	t͡ʃ iː r d	1	1	reg_d	reg_d	reg_d
model_stem	f r e ɪ m	f r e ɪ m d	f r e ɪ m d	k l a ɪ m	k l a ɪ m d	k l a ɪ m d	f r e ɪ m d	1	1	reg_d	reg_d	reg_d
model_stem	d æ m	d æ m d	d æ m d	d͡ʒ æ m	d͡ʒ æ m d	d͡ʒ æ m d	d æ m d	1	1	reg_d	reg_d	reg_d
model_stem	t͡ʃ iː t	t͡ʃ iː t ə d	t͡ʃ iː t	b iː t	b iː t	b iː t	t͡ʃ iː t	1	0	reg_əd	no_change	no_change
model_stem	l iː n	l iː n d	l iː n d	l ɹ̩ n	l ɹ̩ n d	l ɹ̩ n d	l iː n d	1	1	reg_d	reg_d	reg_d
model_stem	s k r iː m	s k r iː m d	s k r iː m d	s t ɔ r m	s t ɔ r m d	s t ɔ r m d	s k r iː m d	1	1	reg_d	reg_d	reg_d
model_stem	ɪ ɡ n ɔ r	ɪ ɡ n ɔ r d	ɪ ɡ n ɔ r d	ɡ uː ɡ ə l	ɡ uː ɡ ə l d	ɡ uː ɡ ə l d	ɪ ɡ n ɔ r d	1	1	reg_d	reg_d	reg_d
model_stem	s k uː p	s k uː p t	s k uː p t	s w uː p	s w uː p t	s w uː p t	s k uː p t	1	1	reg_t	reg_t	reg_t
model_stem	θ ʌ m p	θ ʌ m p t	θ ʌ m p t	d͡ʒ ʌ m p	d͡ʒ ʌ m p t	d͡ʒ ʌ m p t	θ ʌ m p t	1	1	reg_t	reg_t	reg_t
model_stem	s t iː r	s t iː r d	s t iː r d	s m iː r	s m iː r d	s m iː r d	s t iː r d	1	1	reg_d	reg_d	reg_d
model_stem	s p ɪ n	s p ʌ n	s p ɪ n d	s a ɪ n	s a ɪ n d	s a ɪ n d	s p ɪ n d	1	0	vowel_change	reg_d	reg_d
model_stem	h ʌ f	h ʌ f t	h ʌ f t	ɡ uː f	ɡ uː f t	ɡ uː f t	h ʌ f t	1	1	reg_t	reg_t	reg_t
model_stem	t ɛ n d	t ɛ n d ə d	t ɛ n d ə d	m ɛ n d	m ɛ n d ə d	m ɛ n d ə d	t ɛ n d ə d	1	1	reg_əd	reg_əd	reg_əd
model_stem	s p e ɪ s	s p e ɪ s t	s p e ɪ s t	s p a ɪ s	s p a ɪ s t	s p a ɪ s t	s p e ɪ s t	1	1	reg_t	reg_t	reg_t
model_stem	s t r e ɪ t ə n	s t r e ɪ t ə n d	s t r t ə t ə n d	ɛ n t ɹ̩ t e ɪ n	ɛ n t ɹ̩ t e ɪ n d	ɛ n t ɹ̩ t e ɪ n d	s t r e ɪ t ə n d	0	1	reg_d	other	reg_d
model_stem	p iː t ɹ̩	p iː t ɹ̩ d	p iː t ɹ̩ d	l ɪ t ɹ̩	l ɪ t ɹ̩ d	l ɪ t ɹ̩ d	p iː t ɹ̩ d	1	1	reg_d	reg_d	reg_d
model_stem	m a ɪ n	m a ɪ n d	m a ɪ n d	r e ɪ n	r e ɪ n d	r e ɪ n d	m a ɪ n d	1	1	reg_d	reg_d	reg_d
model_stem	h iː l	h iː l d	h iː l d	h ɔ l	h ɔ l d	h ɔ l d	h iː l d	1	1	reg_d	reg_d	reg_d
model_stem	ə t r æ k t	ə t r æ k t ə d	ə t r æ k t ə d	s p r a ʊ t	s p r a ʊ t ə d	s p r a ʊ t ə d	ə t r æ k t ə d	1	1	reg_əd	reg_əd	reg_əd
model_stem	s k w ɛ r	s k w ɛ r d	s k w ɛ r d	p r iː p ɛ r	p r iː p ɛ r d	p r iː p ɛ r d	s k w ɛ r d	1	1	reg_d	reg_d	reg_d
model_stem	f l ʌ f	f l ʌ f t	f l ʌ f t	l æ f	l æ f t	l æ f t	f l ʌ f t	1	1	reg_t	reg_t	reg_t
model_stem	t o ʊ n	t o ʊ n d	t o ʊ n d	f o ʊ n	f o ʊ n d	f o ʊ n d	t o ʊ n d	1	1	reg_d	reg_d	reg_d
model_stem	d͡ʒ ɪ m iː	d͡ʒ ɪ m iː d	d͡ʒ ɪ m iː d	d͡ʒ ɛ l iː	d͡ʒ ɛ l iː d	d͡ʒ ɛ l iː d	d͡ʒ ɪ m iː d	1	1	reg_d	reg_d	reg_d
model_stem	s m a ɪ l	s m a ɪ l d	s m a ɪ l d	s ɪ z ə l	s ɪ z ə l d	s ɪ z ə l d	s m a ɪ l d	1	1	reg_d	reg_d	reg_d
model_stem	ə n w a ɪ n d	ə n w a ʊ n d	ə n w a ɪ n d ə d	r iː b a ʊ n d	r iː b a ʊ n d ə d	r iː b a ʊ n d ə d	ə n w a ɪ n d ə d	1	0	vowel_change	reg_əd	reg_əd
model_stem	d ɪ k l ɛ r	d ɪ k l ɛ r d	d ɪ k l ɛ r d	p r iː p ɛ r	p r iː p ɛ r d	p r iː p ɛ r d	d ɪ k l ɛ r d	1	1	reg_d	reg_d	reg_d
model_stem	k ə n d ʌ k t	k ə n d ʌ k t ə d	k ə n d ʌ k ə d	k ə n s ʌ l t	k ə n s ʌ l t ə d	k ə n s ʌ l t ə d	k ə n d ʌ k t ə d	0	1	reg_əd	other	reg_əd
model_stem	s t r e ɪ n	s t r e ɪ n d	s t r e ɪ n d	d ɪ f a ɪ n	d ɪ f a ɪ n d	d ɪ f a ɪ n d	s t r e ɪ n d	1	1	reg_d	reg_d	reg_d
model_stem	k ə l æ p s	k ə l æ p s t	k ə l æ p s t	p r ɑː m ə s	p r ɑː m ə s t	p r ɑː m ə s t	k ə l æ p s t	1	1	reg_t	reg_t	reg_t
model_stem	p ɑː r t ɪ s ə p e ɪ t	p ɑː r t ɪ s ə p e ɪ t ə d	p ɑː r t	ɑː r t ɪ k j ə l e ɪ t	ɑː r t ɪ k j ə l e ɪ t ə d	ɑː r t ɪ k j ə l e ɪ t ə d	p ɑː r t ɪ s ə p e ɪ t ə d	0	1	reg_əd	other	reg_əd
model_stem	t r æ n z l e ɪ t	t r æ n z l e ɪ t ə d	t r æ n z d	ɡ r æ d͡ʒ ə w e ɪ t	ɡ r æ d͡ʒ ə w e ɪ t ə d	ɡ r æ d͡ʒ ə w e ɪ t ə d	t r æ n z l e ɪ t ə d	0	1	reg_əd	other	reg_əd
model_stem	d ɪ s k ʌ s	d ɪ s k ʌ s t	d ɪ s k ʌ s t	r ɪ d͡ʒ ɔ ɪ s	r ɪ d͡ʒ ɔ ɪ s t	r ɪ d͡ʒ ɔ ɪ s t	d ɪ s k ʌ s t	1	1	reg_t	reg_t	reg_t
model_stem	f ɹ̩ ɡ ɪ v	f ɹ̩ ɡ e ɪ v	f ɹ̩ ɡ ɪ v d	b r e ɪ v	b r e ɪ v d	b r e ɪ v d	f ɹ̩ ɡ ɪ v d	1	0	vowel_change	reg_d	reg_d
model_stem	ə r a ɪ z	ə r o ʊ z	ə r a ɪ z d	f r e ɪ z	f r e ɪ z d	f r e ɪ z d	ə r a ɪ z d	1	0	vowel_change	reg_d	reg_d
model_stem	f r a ɪ t ə n	f r a ɪ t ə n d	f r a ɪ t ə n d	b r a ɪ t ə n	b r a ɪ t ə n d	b r a ɪ t ə n d	f r a ɪ t ə n d	1	1	reg_d	reg_d	reg_d
model_stem	ɔ ɪ l	ɔ ɪ l d	ɔ ɪ l d	j ɛ l	j ɛ l d	j ɛ l d	ɔ ɪ l d	1	1	reg_d	reg_d	reg_d
model_stem	ə n l o ʊ d	ə n l o ʊ d ə d	ə n l o ʊ d ə d	r iː l o ʊ d	r iː l o ʊ d ə d	r iː l o ʊ d ə d	ə n l o ʊ d ə d	1	1	reg_əd	reg_əd	reg_əd
model_stem	ɡ r ʌ m b ə l	ɡ r ʌ m b ə l d	ɡ r ʌ m b ə l d	k r ʌ m p ə l	k r ʌ m p ə l d	k r ʌ m p ə l d	ɡ r ʌ m b ə l d	1	1	reg_d	reg_d	reg_d
model_stem	r ɛ k	r ɛ k t	r ɛ k t	t͡ʃ ɛ k	t͡ʃ ɛ k t	t͡ʃ ɛ k t	r ɛ k t	1	1	reg_t	reg_t	reg_t
model_stem	s p ɑː t	s p ɑː t ə d	s p ɑː t ə d	s ɔ l t	s ɔ l t ə d	s ɔ l t ə d	s p ɑː t ə d	1	1	reg_əd	reg_əd	reg_əd
model_stem	b ʌ t ɹ̩	b ʌ t ɹ̩ d	b ʌ t ɹ̩ d	b æ t ɹ̩	b æ t ɹ̩ d	b æ t ɹ̩ d	b ʌ t ɹ̩ d	1	1	reg_d	reg_d	reg_d
model_stem	s t iː p	s t iː p t	s t iː p t	s w iː p	s w ɛ p t	s w ɛ p t	s t ɛ p t	0	0	reg_t	reg_t	vowel_change_suffix
model_stem	h ʌ s ə l	h ʌ s ə l d	h ʌ s ə l d	t͡ʃ ʌ k ə l	t͡ʃ ʌ k ə l d	t͡ʃ ʌ k ə l d	h ʌ s ə l d	1	1	reg_d	reg_d	reg_d
model_stem	k ə n t ɪ n j uː	k ə n t ɪ n j uː d	k ə n t ɪ n d	b ɑː r b ɪ k j uː	b ɑː r b ɪ k j uː d	b ɑː r b ɪ k j uː d	k ə n t ɪ n j uː d	0	1	reg_d	other	reg_d
model_stem	r ɛ n t	r ɛ n t ə d	r ɛ n t ə d	m ɛ l t	m ɛ l t ə d	m ɛ l t ə d	r ɛ n t ə d	1	1	reg_əd	reg_əd	reg_əd
model_stem	k r ʌ n t͡ʃ	k r ʌ n t͡ʃ t	k r ʌ n t͡ʃ t	b r æ n t͡ʃ	b r æ n t͡ʃ t	b r æ n t͡ʃ t	k r ʌ n t͡ʃ t	1	1	reg_t	reg_t	reg_t
model_stem	r ɛ s k j uː	r ɛ s k j uː d	r ɛ s k j uː d	r iː v j uː	r iː v j uː d	r iː v j uː d	r ɛ s k j uː d	1	1	reg_d	reg_d	reg_d
model_stem	t ɑː p	t ɑː p t	t ɑː p t	t͡ʃ ɑː p	t͡ʃ ɑː p t	t͡ʃ ɑː p t	t ɑː p t	1	1	reg_t	reg_t	reg_t
model_stem	b l iː d	b l ɛ d	b l iː d ə d	b r ɛ d	b r ɛ d ə d	b r ɛ d ə d	b l iː d ə d	1	0	vowel_change	reg_əd	reg_əd
model_stem	p r ɪ k	p r ɪ k t	p r ɪ k t	t r ɪ k	t r ɪ k t	t r ɪ k t	p r ɪ k t	1	1	reg_t	reg_t	reg_t
model_stem	o ʊ ɡ ə l	o ʊ ɡ ə l d	o ʊ ɡ ə l d	d͡ʒ ʌ ɡ ə l	d͡ʒ ʌ ɡ ə l d	d͡ʒ ʌ ɡ ə l d	o ʊ ɡ ə l d	1	1	reg_d	reg_d	reg_d
model_stem	s ɔ ɪ l	s ɔ ɪ l d	s ɔ ɪ l d	s p ɪ l	s p ɪ l d	s p ɪ l d	s ɔ ɪ l d	1	1	reg_d	reg_d	reg_d
model_stem	ɡ ɑː l f	ɡ ɑː l f t	ɡ ɑː l f t	s t ʌ f	s t ʌ f t	s t ʌ f t	ɡ ɑː l f t	1	1	reg_t	reg_t	reg_t
model_stem	b ʌ s t	b ʌ s t ə d	b ʌ s t ə d	b ɛ s t	b ɛ s t ə d	b ɛ s t ə d	b ʌ s t ə d	1	1	reg_əd	reg_əd	reg_əd
model_stem	r iː s a ɪ k ə l	r iː s a ɪ k ə l d	r iː s a ɪ k ə l d	s p r ɪ ŋ k ə l	s p r ɪ ŋ k ə l d	s p r ɪ ŋ k ə l d	r iː s a ɪ k ə l d	1	1	reg_d	reg_d	reg_d
model_stem	s t uː	s t uː d	s t uː d	ɡ l uː	ɡ l uː d	ɡ l uː d	s t uː d	1	1	reg_d	reg_d	reg_d
model_stem	b æ t	b æ t ə d	b æ t	b iː t	b iː t	b iː t	b æ t	1	0	reg_əd	no_change	no_change
model_stem	s ʌ f ɹ̩	s ʌ f ɹ̩ d	s ʌ f ɹ̩ d	f ɹ̩ ð ɹ̩	f ɹ̩ ð ɹ̩ d	f ɹ̩ ð ɹ̩ d	s ʌ f ɹ̩ d	1	1	reg_d	reg_d	reg_d
model_stem	v ɪ ʒ w ə l a ɪ z	v ɪ ʒ w ə l a ɪ z d	v ɪ l ə l ə d	r ɛ k ə ɡ n a ɪ z	r ɛ k ə ɡ n a ɪ z d	r ɛ k ə ɡ n a ɪ z d	v ɪ ʒ w ə l a ɪ z d	0	1	reg_d	other	reg_d
model_stem	k æ p	k æ p t	k æ p t	t æ p	t æ p t	t æ p t	k æ p t	1	1	reg_t	reg_t	reg_t
model_stem	t ʌ m b ə l	t ʌ m b ə l d	t ʌ m b ə l d	t r ʌ b ə l	t r ʌ b ə l d	t r ʌ b ə l d	t ʌ m b ə l d	1	1	reg_d	reg_d	reg_d
model_stem	d ɪ s k r a ɪ b	d ɪ s k r a ɪ b d	d ɪ s k r a ɪ b d	ɔ r ɡ ə n a ɪ z	ɔ r ɡ ə n a ɪ z d	ɔ r ɡ ə n a ɪ z d	d ɪ s k r a ɪ b d	1	1	reg_d	reg_d	reg_d
model_stem	h ɛ z ə t e ɪ t	h ɛ z ə t e ɪ t ə d	h ɛ z ə t e ɪ t ə d	ɪ n d ə k e ɪ t	ɪ n d ə k e ɪ t ə d	ɪ n d ə k e ɪ t ə d	h ɛ z ə t e ɪ t ə d	1	1	reg_əd	reg_əd	reg_əd
model_stem	m ɑː r	m ɑː r d	m ɑː r d	p ɔ r	p ɔ r d	p ɔ r d	m ɑː r d	1	1	reg_d	reg_d	reg_d
model_stem	p r ə n a ʊ n s	p r ə n a ʊ n s t	p r ə n a ʊ n a ɪ s t ə d	ɪ n t r ə d uː s	ɪ n t r ə d uː s t	ɪ n t r ə d uː s t	p r ə n a ʊ n s t	0	1	reg_t	other	reg_t
model_stem	f ɪ k s e ɪ t	f ɪ k s e ɪ t ə d	f ɪ k s e ɪ t ə d	d ɛ k ɹ̩ e ɪ t	d ɛ k ɹ̩ e ɪ t ə d	d ɛ k ɹ̩ e ɪ t ə d	f ɪ k s e ɪ t ə d	1	1	reg_əd	reg_əd	reg_əd
model_stem	b ɑː s	b ɑː s t	b ɑː s t	b ʌ s	b ʌ s t	b ʌ s t	b ɑː s t	1	1	reg_t	reg_t	reg_t
model_stem	d ɪ s t ɹ̩ b	d ɪ s t ɹ̩ b d	d ɪ s t ɹ̩ d ə d	s t ʌ b	s t ʌ b d	s t ʌ b d	d ɪ s t ɹ̩ b d	0	1	reg_d	other	reg_d
model_stem	s n æ k	s n æ k t	s n æ k t	s t æ k	s t æ k t	s t æ k t	s n æ k t	1	1	reg_t	reg_t	reg_t
model_stem	d ʌ s t	d ʌ s t ə d	d ʌ s t ə d	d ɑː r t	d ɑː r t ə d	d ɑː r t ə d	d ʌ s t ə d	1	1	reg_əd	reg_əd	reg_əd
model_stem	m o ʊ n	m o ʊ n d	m o ʊ n d	r e ɪ n	r e ɪ n d	r e ɪ n d	m o ʊ n d	1	1	reg_d	reg_d	reg_d
model_stem	p iː l	p iː l d	p iː l d	p ʊ l	p ʊ l d	p ʊ l d	p iː l d	1	1	reg_d	reg_d	reg_d
model_stem	f l ɑː p	f l ɑː p t	f l ɑː p t	p l ɑː p	p l ɑː p t	p l ɑː p t	f l ɑː p t	1	1	reg_t	reg_t	reg_t
model_stem	f l æ ʃ	f l æ ʃ t	f l æ ʃ t	k r ʌ ʃ	k r ʌ ʃ t	k r ʌ ʃ t	f l æ ʃ t	1	1	reg_t	reg_t	reg_t
model_stem	p e ɪ s t	p e ɪ s t ə d	p e ɪ s t ə d	p r ɪ n t	p r ɪ n t ə d	p r ɪ n t ə d	p e ɪ s t ə d	1	1	reg_əd	reg_əd	reg_əd
model_stem	ɡ ɑː r b ə l	ɡ ɑː r b ə l d	ɡ ɑː r b ə l d	k r æ k ə l	k r æ k ə l d	k r æ k ə l d	ɡ ɑː r b ə l d	1	1	reg_d	reg_d	reg_d
model_stem	ɪ n t ɛ n d	ɪ n t ɛ n d ə d	ɪ n t ɛ n t ə d	r iː l o ʊ d	r iː l o ʊ d ə d	r iː l o ʊ d ə d	ɪ n t ɛ n d ə d	0	1	reg_əd	other	reg_əd
model_stem	r o ʊ t e ɪ t	r o ʊ t e ɪ t ə d	r o ʊ t e ɪ t ə d	æ s p ɹ̩ e ɪ t	æ s p ɹ̩ e ɪ t ə d	æ s p ɹ̩ e ɪ t ə d	r o ʊ t e ɪ t ə d	1	1	reg_əd	reg_əd	reg_əd
model_stem	s ɑː l v	s ɑː l v d	s ɑː l v d	s w ɹ̩ v	s w ɹ̩ v d	s w ɹ̩ v d	s ɑː l v d	1	1	reg_d	reg_d	reg_d
model_stem	r ɪ s p ɑː n d	r ɪ s p ɑː n d ə d	r ɪ s p ɑː n d ə d	p ɹ̩ s w e ɪ d	p ɹ̩ s w e ɪ d ə d	p ɹ̩ s w e ɪ d ə d	r ɪ s p ɑː n d ə d	1	1	reg_əd	reg_əd	reg_əd
model_stem	p r a ɪ s	p r a ɪ s t	p r a ɪ s t	p l e ɪ s	p l e ɪ s t	p l e ɪ s t	p r a ɪ s t	1	1	reg_t	reg_t	reg_t
model_stem	h ɑː r p	h ɑː r p t	h ɑː r p t	b ʌ m p	b ʌ m p t	b ʌ m p t	h ɑː r p t	1	1	reg_t	reg_t	reg_t
model_stem	ɪ ɡ z ɔ s t	ɪ ɡ z ɔ s t ə d	ɪ ɡ z ɔ s t ə d	ɪ n s ɪ s t	ɪ n s ɪ s t ə d	ɪ n s ɪ s t ə d	ɪ ɡ z ɔ s t ə d	1	1	reg_əd	reg_əd	reg_əd
model_stem	t ɛ r ə f a ɪ	t ɛ r ə f a ɪ d	t ɛ r ə f a ɪ d	s æ t ə s f a ɪ	s æ t ə s f a ɪ d	s æ t ə s f a ɪ d	t ɛ r ə f a ɪ d	1	1	reg_d	reg_d	reg_d
model_stem	s a ʊ	s a ʊ d	s a ʊ d	s o ʊ	s o ʊ d	s o ʊ d	s a ʊ d	1	1	reg_d	reg_d	reg_d
model_stem	e ɪ d	e ɪ d ə d	e ɪ d ə d	b ɪ d	b ɪ d ə d	b e ɪ d	e ɪ d ə d	1	1	reg_əd	reg_əd	reg_əd
model_stem	ə n p æ k	ə n p æ k t	ə n p æ k t	b l æ ŋ k	b l æ ŋ k t	b l æ ŋ k t	ə n p æ k t	1	1	reg_t	reg_t	reg_t
model_stem	p r ɪ v ɛ n t	p r ɪ v ɛ n t ə d	p r ɪ v ɛ n t ə d	p r iː z ɛ n t	p r iː z ɛ n t ə d	p r iː z ɛ n t ə d	p r ɪ v ɛ n t ə d	1	1	reg_əd	reg_əd	reg_əd
model_stem	k ə n s ɪ d ɹ̩	k ə n s ɪ d ɹ̩ d	k ə n s t ə d ɹ̩ d	f l a ʊ n d ɹ̩	f l a ʊ n d ɹ̩ d	f l a ʊ n d ɹ̩ d	k ə n s ɪ d ɹ̩ d	0	1	reg_d	other	reg_d
model_stem	w ɑː d	w ɑː d ə d	w ɑː d ə d	ɡ ɑː r d	ɡ ɑː r d ə d	ɡ ɑː r d ə d	w ɑː d ə d	1	1	reg_əd	reg_əd	reg_əd
model_stem	t r ʌ s t	t r ʌ s t ə d	t r ʌ s t ə d	t o ʊ s t	t o ʊ s t ə d	t o ʊ s t ə d	t r ʌ s t ə d	1	1	reg_əd	reg_əd	reg_əd
model_stem	m ɑː d ə l	m ɑː d ə l d	m ɑː d ə l d	m ʌ f ə l	m ʌ f ə l d	m ʌ f ə l d	m ɑː d ə l d	1	1	reg_d	reg_d	reg_d
model_stem	s t e ɪ p ə l	s t e ɪ p ə l d	s t e ɪ p ə l d	t r æ m p ə l	t r æ m p ə l d	t r æ m p ə l d	s t e ɪ p ə l d	1	1	reg_d	reg_d	reg_d
model_stem	p r ə v a ɪ d	p r ə v a ɪ d ə d	p r ə v a ɪ d ə d	p ɹ̩ s w e ɪ d	p ɹ̩ s w e ɪ d ə d	p ɹ̩ s w e ɪ d ə d	p r ə v a ɪ d ə d	1	1	reg_əd	reg_əd	reg_əd
model_stem	t r ɛ m b ə l	t r ɛ m b ə l d	t r ɛ m b ə l d	t r æ m p ə l	t r æ m p ə l d	t r æ m p ə l d	t r ɛ m b ə l d	1	1	reg_d	reg_d	reg_d
model_stem	p l a ʊ	p l a ʊ d	p l a ʊ d	ə l a ʊ	ə l a ʊ d	ə l a ʊ d	p l a ʊ d	1	1	reg_d	reg_d	reg_d
model_stem	w æ ɡ	w æ ɡ d	w æ ɡ d	b æ ɡ	b æ ɡ d	b æ ɡ d	w æ ɡ d	1	1	reg_d	reg_d	reg_d
model_stem	b l iː t͡ʃ	b l iː t͡ʃ t	b l iː t͡ʃ t	k l ʌ t͡ʃ	k l ʌ t͡ʃ t	k l ʌ t͡ʃ t	b l iː t͡ʃ t	1	1	reg_t	reg_t	reg_t
model_stem	t æ t ə l	t æ t ə l d	t æ t ə l d	t ɑː p ə l	t ɑː p ə l d	t ɑː p ə l d	t æ t ə l d	1	1	reg_d	reg_d	reg_d
model_stem	s k ɹ̩ t	s k ɹ̩ t ə d	s k ɹ̩ t ə d	s ɔ r t	s ɔ r t ə d	s ɔ r t ə d	s k ɹ̩ t ə d	1	1	reg_əd	reg_əd	reg_əd
model_stem	ɛ r	ɛ r d	ɛ r ɛ r d	ɛ ɡ	ɛ ɡ d	ɛ ɡ d	ɛ r d	0	1	reg_d	other	reg_d
model_stem	ɛ k s ɹ̩ s a ɪ z	ɛ k s ɹ̩ s a ɪ z d	ɛ s ɹ̩ s ɹ̩ a ɪ z d	s uː p ɹ̩ v a ɪ z	s uː p ɹ̩ v a ɪ z d	s uː p ɹ̩ v a ɪ z d	ɛ k s ɹ̩ s a ɪ z d	0	1	reg_d	other	reg_d
model_stem	f ʌ d͡ʒ	f ʌ d͡ʒ d	f ʌ d͡ʒ d	d͡ʒ ʌ d͡ʒ	d͡ʒ ʌ d͡ʒ d	d͡ʒ ʌ d͡ʒ d	f ʌ d͡ʒ d	1	1	reg_d	reg_d	reg_d
model_stem	ɡ ʌ n	ɡ ʌ n d	ɡ ʌ n d	f æ n	f æ n d	f æ n d	ɡ ʌ n d	1	1	reg_d	reg_d	reg_d
model_stem	s p ɔ r t	s p ɔ r t ə d	s p ɔ r t ə d	s m ɑː r t	s m ɑː r t ə d	s m ɑː r t ə d	s p ɔ r t ə d	1	1	reg_əd	reg_əd	reg_əd
model_stem	r ɪ l iː v	r ɪ l iː v d	r ɪ l iː v d	r ə s iː v	r ə s iː v d	r ə s iː v d	r ɪ l iː v d	1	1	reg_d	reg_d	reg_d
model_stem	ʃ o ʊ l d ɹ̩	ʃ o ʊ l d ɹ̩ d	ʃ o ʊ l o ʊ d	p l æ s t ɹ̩	p l æ s t ɹ̩ d	p l æ s t ɹ̩ d	ʃ o ʊ l d ɹ̩ d	0	1	reg_d	other	reg_d
model_stem	f ɔ r k	f ɔ r k t	f ɔ r k t	t r æ k	t r æ k t	t r æ k t	f ɔ r k t	1	1	reg_t	reg_t	reg_t
model_stem	t w iː k	t w iː k t	t w ɛ k t	p ɑː r k	p ɑː r k t	p ɑː r k t	t w iː k t	0	1	reg_t	vowel_change_suffix	reg_t
model_stem	d æ ʃ	d æ ʃ t	d æ ʃ t	m æ ʃ	m æ ʃ t	m æ ʃ t	d æ ʃ t	1	1	reg_t	reg_t	reg_t
model_stem	ɪ k s k l e ɪ m	ɪ k s k l e ɪ m d	ɪ k s k l e ɪ z d	p r o ʊ ɡ r æ m	p r o ʊ ɡ r æ m d	p r o ʊ ɡ r æ m d	ɪ k s k l e ɪ m d	0	1	reg_d	coda_change	reg_d
model_stem	s ə s p ɛ k t	s ə s p ɛ k t ə d	s p ɛ s p ɛ k t	ɪ k s p ɛ k t	ɪ k s p ɛ k t ə d	ɪ k s p ɛ k t ə d	s ə s p ɛ k t ə d	0	1	reg_əd	other	reg_əd
model_stem	t r æ n s f ɔ r m	t r æ n s f ɔ r m d	t r æ n f r s t ɔ r æ n d	h ɛ d k w ɔ r t ɹ̩	h ɛ d k w ɔ r t ɹ̩ d	h ɛ d k w ɔ r t ɹ̩ d	t r æ n s f ɔ r m d	0	1	reg_d	other	reg_d
model_stem	θ r ɛ t ə n	θ r ɛ t ə n d	θ ɛ t r ə n d	ʃ ɑː r p ə n	ʃ ɑː r p ə n d	ʃ ɑː r p ə n d	θ r ɛ t ə n d	0	1	reg_d	other	reg_d
model_stem	m e ɪ t	m e ɪ t ə d	m e ɪ t ə d	w e ɪ t	w e ɪ t ə d	w e ɪ t ə d	m e ɪ t ə d	1	1	reg_əd	reg_əd	reg_əd
model_stem	ɪ m p r uː v	ɪ m p r uː v d	ɪ m p r uː v d	p r uː v	p r uː v d	p r uː v d	ɪ m p r uː v d	1	1	reg_d	reg_d	reg_d
model_stem	t ɑː l ɹ̩ e ɪ t	t ɑː l ɹ̩ e ɪ t ə d	t ɑː l ɹ̩ e ɪ t ə d	æ s p ɹ̩ e ɪ t	æ s p ɹ̩ e ɪ t ə d	æ s p ɹ̩ e ɪ t ə d	t ɑː l ɹ̩ e ɪ t ə d	1	1	reg_əd	reg_əd	reg_əd
model_stem	h ɔ n t	h ɔ n t ə d	h ɔ n t ə d	h ʌ n t	h ʌ n t ə d	h ʌ n t ə d	h ɔ n t ə d	1	1	reg_əd	reg_əd	reg_əd
model_stem	t æ k	t æ k t	t æ k t	s æ k	s æ k t	s æ k t	t æ k t	1	1	reg_t	reg_t	reg_t
model_stem	ɪ n d͡ʒ ɹ̩	ɪ n d͡ʒ ɹ̩ d	ɪ n d͡ʒ ɹ̩ d	h ɑː l ɹ̩	h ɑː l ɹ̩ d	h ɑː l ɹ̩ d	ɪ n d͡ʒ ɹ̩ d	1	1	reg_d	reg_d	reg_d
model_stem	p r ɪ d ɪ k t	p r ɪ d ɪ k t ə d	p r ɪ d ɪ k t ə d	r iː p e ɪ n t	r iː p e ɪ n t ə d	r iː p e ɪ n t ə d	p r ɪ d ɪ k t ə d	1	1	reg_əd	reg_əd	reg_əd
model_stem	d ɪ z a ɪ n	d ɪ z a ɪ n d	d ɪ z a ɪ n d	d ɪ f a ɪ n	d ɪ f a ɪ n d	d ɪ f a ɪ n d	d ɪ z a ɪ n d	1	1	reg_d	reg_d	reg_d
model_stem	b ʌ n d ə l	b ʌ n d ə l d	b ʌ n d ə l d	k r æ k ə l	k r æ k ə l d	k r æ k ə l d	b ʌ n d ə l d	1	1	reg_d	reg_d	reg_d
model_stem	r ɪ s ɛ s	r ɪ s ɛ s t	r ɪ s ɛ s t	ə d r ɛ s	ə d r ɛ s t	ə d r ɛ s t	r ɪ s ɛ s t	1	1	reg_t	reg_t	reg_t
model_stem	b l a ɪ n d	b l a ɪ n d ə d	b l a ɪ n d ə d	r iː b ɪ l d	r iː b ɪ l t ə d	r iː b ɪ l t	b l a ɪ n t ə d	0	0	reg_əd	reg_əd	other
model_stem	d r ʌ ɡ	d r ʌ ɡ d	d r ʌ ɡ d	d r æ ɡ	d r æ ɡ d	d r æ ɡ d	d r ʌ ɡ d	1	1	reg_d	reg_d	reg_d
model_stem	f l e ɪ v ɹ̩	f l e ɪ v ɹ̩ d	f l e ɪ v ɹ̩ d	r ɪ t a ɪ ɹ̩	r ɪ t a ɪ ɹ̩ d	r ɪ t a ɪ ɹ̩ d	f l e ɪ v ɹ̩ d	1	1	reg_d	reg_d	reg_d
model_stem	r ɪ p ɛ r	r ɪ p ɛ r d	r ɪ p ɛ r d	d͡ʒ ɑː r	d͡ʒ ɑː r d	d͡ʒ ɑː r d	r ɪ p ɛ r d	1	1	reg_d	reg_d	reg_d
model_stem	k ɹ̩ s	k ɹ̩ s t	k ɹ̩ s t	p ɹ̩ s	p ɹ̩ s t	p ɹ̩ s t	k ɹ̩ s t	1	1	reg_t	reg_t	reg_t
model_stem	ɪ n t͡ʃ	ɪ n t͡ʃ t	ɪ n t͡ʃ t	b iː t͡ʃ	b iː t͡ʃ t	b iː t͡ʃ t	ɪ n t͡ʃ t	1	1	reg_t	reg_t	reg_t
model_stem	t r æ n z m ɪ t	t r æ n z m ɪ t ə d	t r æ m ɪ m d	ɛ m j ə l e ɪ t	ɛ m j ə l e ɪ t ə d	ɛ m j ə l e ɪ t ə d	t r æ n z m ɪ t ə d	0	1	reg_əd	other	reg_əd
model_stem	ʃ æ m p uː	ʃ æ m p uː d	ʃ æ m p uː d	ɑː r ɡ j uː	ɑː r ɡ j uː d	ɑː r ɡ j uː d	ʃ æ m p uː d	1	1	reg_d	reg_d	reg_d
model_stem	ɪ n k r iː s	ɪ n k r iː s t	ɪ n k r iː s t	r ɪ d͡ʒ ɔ ɪ s	r ɪ d͡ʒ ɔ ɪ s t	r ɪ d͡ʒ ɔ ɪ s t	ɪ n k r iː s t	1	1	reg_t	reg_t	reg_t
model_stem	b ʊ t͡ʃ ɹ̩	b ʊ t͡ʃ ɹ̩ d	b ʊ t͡ʃ ɹ̩ d	b ɛ t ɹ̩	b ɛ t ɹ̩ d	b ɛ t ɹ̩ d	b ʊ t͡ʃ ɹ̩ d	1	1	reg_d	reg_d	reg_d
model_stem	d o ʊ n e ɪ t	d o ʊ n e ɪ t ə d	d o ʊ n e ɪ t ə d	r iː p e ɪ n t	r iː p e ɪ n t ə d	r iː p e ɪ n t ə d	d o ʊ n e ɪ t ə d	1	1	reg_əd	reg_əd	reg_əd
model_stem	t͡ʃ æ l ə n d͡ʒ	t͡ʃ æ l ə n d͡ʒ d	t͡ʃ æ l ə n d͡ʒ d	ə r e ɪ n d͡ʒ	ə r e ɪ n d͡ʒ d	ə r e ɪ n d͡ʒ d	t͡ʃ æ l ə n d͡ʒ d	1	1	reg_d	reg_d	reg_d
model_stem	ɛ ɡ z ɪ t	ɛ ɡ z ɪ t ə d	ɛ ɡ z ɪ t ə d	w e ɪ s t	w e ɪ s t ə d	w e ɪ s t ə d	ɛ ɡ z ɪ t ə d	1	1	reg_əd	reg_əd	reg_əd
model_stem	b ʊ k	b ʊ k t	b ʊ k t	h ʊ k	h ʊ k t	h ʊ k t	b ʊ k t	1	1	reg_t	reg_t	reg_t
model_stem	m j uː z	m j uː z d	m j uː z d	d o ʊ z	d o ʊ z d	d o ʊ z d	m j uː z d	1	1	reg_d	reg_d	reg_d
model_stem	p ɔ ɪ z ə n	p ɔ ɪ z ə n d	p ɔ ɪ z ə n d	h ɑː r d ə n	h ɑː r d ə n d	h ɑː r d ə n d	p ɔ ɪ z ə n d	1	1	reg_d	reg_d	reg_d
model_stem	ɪ n f l uː ə n s	ɪ n f l uː ə n s t	ɪ n f l ə n s t ə d	ɪ n t r ə d uː s	ɪ n t r ə d uː s t	ɪ n t r ə d uː s t	ɪ n f l uː ə n s t	0	1	reg_t	other	reg_t
model_stem	s t r æ ŋ ɡ ə l	s t r æ ŋ ɡ ə l d	s t r æ ŋ ɡ ɡ l d	s p r ɪ ŋ k ə l	s p r ɪ ŋ k ə l d	s p r ɪ ŋ k ə l d	s t r æ ŋ ɡ ə l d	0	1	reg_d	other	reg_d
model_stem	ɪ ʃ uː	ɪ ʃ uː d	ɪ ʃ uː d	ɡ l uː	ɡ l uː d	ɡ l uː d	ɪ ʃ uː d	1	1	reg_d	reg_d	reg_d
model_stem	ɪ m p r ɛ s	ɪ m p r ɛ s t	ɪ m p r ɛ s t	ə n d r ɛ s	ə n d r ɛ s t	ə n d r ɛ s t	ɪ m p r ɛ s t	1	1	reg_t	reg_t	reg_t
model_stem	p r ə d uː s	p r ə d uː s t	p r ə d uː s t	b æ l ə n s	b æ l ə n s t	b æ l ə n s t	p r ə d uː s t	1	1	reg_t	reg_t	reg_t
model_stem	n æ ɡ	n æ ɡ d	n æ ɡ d	b æ ɡ	b æ ɡ d	b æ ɡ d	n æ ɡ d	1	1	reg_d	reg_d	reg_d
model_stem	o ʊ v ɹ̩ k ʊ k	o ʊ v ɹ̩ k ʊ k t	o ʊ v ɹ̩ k ʊ k t	ə t æ k	ə t æ k t	ə t æ k t	o ʊ v ɹ̩ k ʊ k t	1	1	reg_t	reg_t	reg_t
model_decision	ɡ ɛ t	ɡ ɑː t	ɡ ɛ t	w ɛ t	w ɛ t	w ɛ t	ɡ ɛ t	1	0	vowel_change	no_change	no_change
model_decision	p ʊ t	p ʊ t	p ʊ t	p ɪ t	p ɪ t	p ɪ t ə d	p ʊ t	1	1	no_change	no_change	no_change
model_decision	ɡ o ʊ	w ɛ n t	ɡ o ʊ d	ʃ o ʊ	ʃ o ʊ d	ʃ o ʊ d	ɡ o ʊ d	1	0	other	reg_d	reg_d
model_decision	iː t	e ɪ t	iː d t	t iː	t iː d	t iː d	iː t d	0	0	vowel_change	coda_change	reg_d
model_decision	w ɔ n t	w ɔ n t ə d	w ɔ n t ə d	w e ɪ t	w e ɪ t ə d	w e ɪ t ə d	w ɔ n t ə d	1	1	reg_əd	reg_əd	reg_əd
model_decision	n ɑː k	n ɑː k t	n ɑː k t	d ɑː k	d ɑː k t	d ɑː k t	n ɑː k t	1	1	reg_t	reg_t	reg_t
model_decision	l ɪ s ə n	l ɪ s ə n d	l ɪ s ə n d	l uː s ə n	l uː s ə n d	l uː s ə n d	l ɪ s ə n d	1	1	reg_d	reg_d	reg_d
model_decision	p ʌ f	p ʌ f t	p ʌ f t	l æ f	l æ f t	l æ f t	p ʌ f t	1	1	reg_t	reg_t	reg_t
model_decision	h o ʊ p	h o ʊ p t	h o ʊ p t	r o ʊ p	r o ʊ p t	r o ʊ p t	h o ʊ p t	1	1	reg_t	reg_t	reg_t
model_decision	n iː d	n iː d ə d	n iː d ə d	r iː d	r iː d ə d	r ɛ d	n iː d ə d	1	1	reg_əd	reg_əd	reg_əd
model_decision	k æ t͡ʃ	k ɔ t	k æ t͡ʃ t	h æ t͡ʃ	h æ t͡ʃ t	h æ t͡ʃ t	k æ t͡ʃ t	1	0	rhyme_replaced	reg_t	reg_t
model_decision	z ɪ p ɹ̩	z ɪ p ɹ̩ d	z ɪ p ɹ̩ d	ʃ a ʊ ɹ̩	ʃ a ʊ ɹ̩ d	ʃ a ʊ ɹ̩ d	z ɪ p ɹ̩ d	1	1	reg_d	reg_d	reg_d
model_decision	h ɑː p	h ɑː p t	h ɑː p t	p ɑː p	p ɑː p t	p ɑː p t	h ɑː p t	1	1	reg_t	reg_t	reg_t
model_decision	k æ r iː	k æ r iː d	k æ r iː d	k ɑː p iː	k ɑː p iː d	k ɑː p iː d	k æ r iː d	1	1	reg_d	reg_d	reg_d
model_decision	r ɪ t ɹ̩ n	r ɪ t ɹ̩ n d	r ɪ t ɹ̩ n d	f æ s ə n	f æ s ə n d	f æ s ə n d	r ɪ t ɹ̩ n d	1	1	reg_d	reg_d	reg_d
model_decision	f iː d	f ɛ d	f iː d ə d	r iː d	r iː d ə d	r ɛ d	f iː d ə d	1	0	vowel_change	reg_əd	reg_əd
model_decision	ɡ ɑː b ə l	ɡ ɑː b ə l d	ɡ ɑː b ə l d	w ɑː b ə l	w ɑː b ə l d	w ɑː b ə l d	ɡ ɑː b ə l d	1	1	reg_d	reg_d	reg_d
model_decision	o ʊ p ə n	o ʊ p ə n d	o ʊ p ə n d	s t o ʊ n	s t o ʊ n d	s t o ʊ n d	o ʊ p ə n d	1	1	reg_d	reg_d	reg_d
model_decision	h o ʊ l d	h ɛ l d	h o ʊ l d ə d	f o ʊ l d	f o ʊ l d ə d	f o ʊ l d ə d	h o ʊ l d ə d	1	0	vowel_change	reg_əd	reg_əd
model_decision	d ɪ l ɪ v ɹ̩	d ɪ l ɪ v ɹ̩ d	d ɪ l ɪ v ɹ̩ d	r ɪ t a ɪ ɹ̩	r ɪ t a ɪ ɹ̩ d	r ɪ t a ɪ ɹ̩ d	d ɪ l ɪ v ɹ̩ d	1	1	reg_d	reg_d	reg_d
model_decision	r ʌ b	r ʌ b d	r ʌ b d	d ʌ b	d ʌ b d	d ʌ b d	r ʌ b d	1	1	reg_d	reg_d	reg_d
model_decision	w ɑː t͡ʃ	w ɑː t͡ʃ t	w ɑː t͡ʃ t	b iː t͡ʃ	b iː t͡ʃ t	b iː t͡ʃ t	w ɑː t͡ʃ t	1	1	reg_t	reg_t	reg_t
model_decision	p l iː z	p l iː z d	p l iː z d	f r iː z	f r iː z d	f r o ʊ z	p l iː z d	1	1	reg_d	reg_d	reg_d
model_decision	w ɔ k	w ɔ k t	w ɔ k t	t ɔ k	t ɔ k t	t ɔ k t	w ɔ k t	1	1	reg_t	reg_t	reg_t
model_decision	p æ k	p æ k t	p æ k t	b æ k	b æ k t	b æ k t	p æ k t	1	1	reg_t	reg_t	reg_t
model_decision	s a ʊ n d	s a ʊ n d ə d	s a ʊ n d	s p r ɛ d	s p r ɛ d	s p r ɛ d	s a ʊ n d	1	0	reg_əd	no_change	no_change
model_decision	ɡ r æ b	ɡ r æ b d	ɡ r æ b d	s t æ b	s t æ b d	s t æ b d	ɡ r æ b d	1	1	reg_d	reg_d	reg_d
model_decision	m æ n	m æ n d	m æ n d	f æ n	f æ n d	f æ n d	m æ n d	1	1	reg_d	reg_d	reg_d
model_decision	f iː l	f ɛ l t	f iː l d	f ɔ l	f ɔ l d	f ɛ l	f iː l d	1	0	vowel_change_suffix	reg_d	reg_d
model_decision	n e ɪ m	n e ɪ m d	n e ɪ m d	d r iː m	d r iː m d	d r iː m d	n e ɪ m d	1	1	reg_d	reg_d	reg_d
model_decision	f l o ʊ	f l o ʊ d	f l o ʊ d	ɡ l o ʊ	ɡ l o ʊ d	ɡ l o ʊ d	f l o ʊ d	1	1	reg_d	reg_d	reg_d
model_decision	w ɛ ð ɹ̩	w ɛ ð ɹ̩ d	w ɛ ð ɹ̩ d	ɡ æ ð ɹ̩	ɡ æ ð ɹ̩ d	ɡ æ ð ɹ̩ d	w ɛ ð ɹ̩ d	1	1	reg_d	reg_d	reg_d
model_decision	l a ɪ	l e ɪ	l a ɪ d	l e ɪ	l e ɪ d	l e ɪ d	l a ɪ d	1	0	vowel_change	reg_d	reg_d
model_decision	k r æ ʃ	k r æ ʃ t	k r æ ʃ t	k r ʌ ʃ	k r ʌ ʃ t	k r ʌ ʃ t	k r æ ʃ t	1	1	reg_t	reg_t	reg_t
model_decision	p e ɪ d͡ʒ	p e ɪ d͡ʒ d	p e ɪ d͡ʒ d	t͡ʃ ɑː r d͡ʒ	t͡ʃ ɑː r d͡ʒ d	t͡ʃ ɑː r d͡ʒ d	p e ɪ d͡ʒ d	1	1	reg_d	reg_d	reg_d
model_decision	t͡ʃ o ʊ k	t͡ʃ o ʊ k t	t͡ʃ o ʊ k t	p o ʊ k	p o ʊ k t	p o ʊ k t	t͡ʃ o ʊ k t	1	1	reg_t	reg_t	reg_t
model_decision	b l ɛ s	b l ɛ s t	b l ɛ s t	k l æ s	k l æ s t	k l æ s t	b l ɛ s t	1	1	reg_t	reg_t	reg_t
model_decision	d ɪ ŋ	d ɪ ŋ d	d ɪ ŋ d	w ɪ ŋ	w ɪ ŋ d	w ɪ ŋ d	d ɪ ŋ d	1	1	reg_d	reg_d	reg_d
model_decision	s ɛ l	s o ʊ l d	s ɛ l d	s iː l	s iː l d	s iː l d	s ɛ l d	1	0	vowel_change_suffix	reg_d	reg_d
model_decision	b ɪ ɡ ɪ n	b ɪ ɡ æ n	b ɪ ɡ ɪ n d	p l e ɪ n	p l e ɪ n d	p l e ɪ n d	b ɪ ɡ ɪ n d	1	0	vowel_change	reg_d	reg_d
model_decision	d͡ʒ ɔ ɪ n	d͡ʒ ɔ ɪ n d	d͡ʒ ɔ ɪ n d	s a ɪ n	s a ɪ n d	s a ɪ n d	d͡ʒ ɔ ɪ n d	1	1	reg_d	reg_d	reg_d
model_decision	l ɑː k	l ɑː k t	l ɑː k t	k ɑː k	k ɑː k t	k ɑː k t	l ɑː k t	1	1	reg_t	reg_t	reg_t
model_decision	b ɪ l iː v	b ɪ l iː v d	b ɪ l iː v d	r ə s iː v	r ə s iː v d	r ə s iː v d	b ɪ l iː v d	1	1	reg_d	reg_d	reg_d
model_decision	ə n d ɹ̩ s t æ n d	ə n d ɹ̩ s t ʊ d	ə n t ə æ n t ə d	n o ʊ t ɪ s	n o ʊ t ɪ s t	n o ʊ t ɪ s t	ə n d ɹ̩ s t æ n d t	0	0	rhyme_replaced	other	reg_t
model_decision	t r e ɪ n	t r e ɪ n d	t r e ɪ n d	t w a ɪ n	t w a ɪ n d	t w a ɪ n d	t r e ɪ n d	1	1	reg_d	reg_d	reg_d
model_decision	k r ɔ l	k r ɔ l d	k r ɔ l d	r o ʊ l	r o ʊ l d	r o ʊ l d	k r ɔ l d	1	1	reg_d	reg_d	reg_d
model_decision	p æ t	p æ t ə d	p æ t ə d	p ɪ t	p ɪ t	p ɪ t ə d	p æ t	0	0	reg_əd	reg_əd	no_change
model_decision	ɔ r d ɹ̩	ɔ r d ɹ̩ d	ɔ r d ɹ̩ d	ʃ a ʊ ɹ̩	ʃ a ʊ ɹ̩ d	ʃ a ʊ ɹ̩ d	ɔ r d ɹ̩ d	1	1	reg_d	reg_d	reg_d
model_decision	f l a ɪ	f l uː	f l a ɪ d	t r a ɪ	t r a ɪ d	t r a ɪ d	f l a ɪ d	1	0	vowel_change	reg_d	reg_d
model_decision	l o ʊ d	l o ʊ d ə d	l o ʊ d ə d	r e ɪ d	r e ɪ d ə d	r e ɪ d ə d	l o ʊ d ə d	1	1	reg_əd	reg_əd	reg_əd
model_decision	k ə m p l e ɪ n	k ə m p l e ɪ n d	k ə m p l e ɪ n d	ɪ k s p l e ɪ n	ɪ k s p l e ɪ n d	ɪ k s p l e ɪ n d	k ə m p l e ɪ n d	1	1	reg_d	reg_d	reg_d
model_decision	b l ɛ n d	b l ɛ n d ə d	b l ɛ n d ə d	ə t ɛ n d	ə t ɛ n d ə d	ə t ɛ n d ə d	b l ɛ n d ə d	1	1	reg_əd	reg_əd	reg_əd
model_decision	b l ɑː k	b l ɑː k t	b l ɑː k t	k l ɑː k	k l ɑː k t	k l ɑː k t	b l ɑː k t	1	1	reg_t	reg_t	reg_t
model_decision	t ɪ p	t ɪ p t	t ɪ p t	w ɪ p	w ɪ p t	w ɪ p t	t ɪ p t	1	1	reg_t	reg_t	reg_t
model_decision	d͡ʒ ɛ t	d͡ʒ ɛ t ə d	d͡ʒ ɛ t	l ɛ t	l ɛ t ə d	l ɛ t	d͡ʒ ɛ t ə d	0	1	reg_əd	no_change	reg_əd
model_decision	b r iː ð	b r iː ð d	b r iː ð d	b e ɪ ð	b e ɪ ð d	b e ɪ ð d	b r iː ð d	1	1	reg_d	reg_d	reg_d
model_decision	d a ɪ ə l	d a ɪ ə l d	d a ɪ ə l d	ɡ r a ʊ l	ɡ r a ʊ l d	ɡ r a ʊ l d	d a ɪ ə l d	1	1	reg_d	reg_d	reg_d
model_decision	m ɛ n ʃ ə n	m ɛ n ʃ ə n d	m ɛ n ʃ ə n d	ʃ ɑː r p ə n	ʃ ɑː r p ə n d	ʃ ɑː r p ə n d	m ɛ n ʃ ə n d	1	1	reg_d	reg_d	reg_d
model_decision	h ʌ ɡ	h ʌ ɡ d	h ʌ ɡ d	b ʌ ɡ	b ʌ ɡ d	b ʌ ɡ d	h ʌ ɡ d	1	1	reg_d	reg_d	reg_d
model_decision	p a ʊ ɹ̩	p a ʊ ɹ̩ d	p a ʊ ɹ̩ d	t a ʊ ɹ̩	t a ʊ ɹ̩ d	t a ʊ ɹ̩ d	p a ʊ ɹ̩ d	1	1	reg_d	reg_d	reg_d
model_decision	s ɑː k	s ɑː k t	s ɑː k t	d ɑː k	d ɑː k t	d ɑː k t	s ɑː k t	1	1	reg_t	reg_t	reg_t
model_decision	w uː p	w uː p t	w uː p t	l uː p	l uː p t	l uː p t	w uː p t	1	1	reg_t	reg_t	reg_t
model_decision	r iː m a ɪ n d	r iː m a ɪ n d ə d	r iː m a ɪ n d ə d	r iː b a ʊ n d	r iː b a ʊ n d ə d	r iː b a ʊ n d ə d	r iː m a ɪ n d ə d	1	1	reg_əd	reg_əd	reg_əd
model_decision	h æ n d ə l	h æ n d ə l d	h æ n d ə l d	ɪ n ɪ ʃ ə l	ɪ n ɪ ʃ ə l d	ɪ n ɪ ʃ ə l d	h æ n d ə l d	1	1	reg_d	reg_d	reg_d
model_decision	s n iː z	s n iː z d	s n iː z d	f r iː z	f r iː z d	f r o ʊ z	s n iː z d	1	1	reg_d	reg_d	reg_d
model_decision	v ɪ z ɪ t	v ɪ z ɪ t ə d	v ɪ z ɪ t ə d	ɡ r e ɪ t	ɡ r e ɪ t ə d	ɡ r e ɪ t ə d	v ɪ z ɪ t ə d	1	1	reg_əd	reg_əd	reg_əd
model_decision	s l a ɪ d	s l ɪ d	s l a ɪ d	s t æ n d	s t æ n d ə d	s t ʊ d	s l a ɪ d ə d	0	0	vowel_change	no_change	reg_əd
model_decision	p l æ n	p l æ n d	p l æ n d	s k æ n	s k æ n d	s k æ n d	p l æ n d	1	1	reg_d	reg_d	reg_d
model_decision	ɛ l b o ʊ	ɛ l b o ʊ d	ɛ l b o ʊ d	n ɛ r o ʊ	n ɛ r o ʊ d	n ɛ r o ʊ d	ɛ l b o ʊ d	1	1	reg_d	reg_d	reg_d
model_decision	b ɑː k s	b ɑː k s t	b ɑː k s t	m ɪ k s	m ɪ k s t	m ɪ k s t	b ɑː k s t	1	1	reg_t	reg_t	reg_t
model_decision	ɪ n k l uː d	ɪ n k l uː d ə d	ɪ n k l uː d ə d	k ə m æ n d	k ə m æ n d ə d	k ə m æ n d ə d	ɪ n k l uː d ə d	1	1	reg_əd	reg_əd	reg_əd
model_decision	b ɹ̩ n	b ɹ̩ n d	b ɹ̩ n d	j ɔ n	j ɔ n d	j ɔ n d	b ɹ̩ n d	1	1	reg_d	reg_d	reg_d
model_decision	ʃ e ɪ p	ʃ e ɪ p t	ʃ e ɪ p t	t e ɪ p	t e ɪ p t	t e ɪ p t	ʃ e ɪ p t	1	1	reg_t	reg_t	reg_t
model_decision	b o ʊ n	b o ʊ n d	b o ʊ n d	t͡ʃ e ɪ n	t͡ʃ e ɪ n d	t͡ʃ e ɪ n d	b o ʊ n d	1	1	reg_d	reg_d	reg_d
model_decision	f ɪ l	f ɪ l d	f ɪ l d	f ɔ l	f ɔ l d	f ɛ l	f ɪ l d	1	1	reg_d	reg_d	reg_d
model_decision	m æ s k	m æ s k t	m æ s k t	b æ s k	b æ s k t	b æ s k t	m æ s k t	1	1	reg_t	reg_t	reg_t
model_decision	s ɛ l ə b r e ɪ t	s ɛ l ə b r e ɪ t ə d	s ɛ l ə b r e ɪ t ə d	f æ b r ə k e ɪ t	f æ b r ə k e ɪ t ə d	f æ b r ə k e ɪ t ə d	s ɛ l ə b r e ɪ t ə d	1	1	reg_əd	reg_əd	reg_əd
model_decision	k r ʌ m b ə l	k r ʌ m b ə l d	k r ʌ m b ə l d	k r ʌ m p ə l	k r ʌ m p ə l d	k r ʌ m p ə l d	k r ʌ m b ə l d	1	1	reg_d	reg_d	reg_d
model_decision	r ɑː k	r ɑː k t	r ɑː k t	d ɑː k	d ɑː k t	d ɑː k t	r ɑː k t	1	1	reg_t	reg_t	reg_t
model_decision	ɡ ɛ r ə n t iː	ɡ ɛ r ə n t iː d	ɡ ə r ə n t ə d	ɪ n t ə r ɛ s t	ɪ n t ə r ɛ s t ə d	ɪ n t ə r ɛ s t ə d	ɡ ɛ r ə n t iː ə d	0	0	reg_d	other	reg_əd
model_decision	k ə n ɛ k t	k ə n ɛ k t ə d	k ə n ɛ k t ə d	k ə l ɛ k t	k ə l ɛ k t ə d	k ə l ɛ k t ə d	k ə n ɛ k t ə d	1	1	reg_əd	reg_əd	reg_əd
model_decision	t ɔ s	t ɔ s t	t ɔ s t	b ʌ s	b ʌ s t	b ʌ s t	t ɔ s t	1	1	reg_t	reg_t	reg_t
model_decision	iː v ɪ n	iː v ɪ n d	iː v æ n d	d r ɪ ŋ k	d r æ ŋ k t	d r æ ŋ k	NA	0	0	reg_d	vowel_change_suffix	vowel_change_suffix
model_decision	b a ʊ n s	b a ʊ n s t	b a ʊ n s t	p a ʊ n s	p a ʊ n s t	p a ʊ n s t	b a ʊ n s t	1	1	reg_t	reg_t	reg_t
model_decision	ɹ̩ n	ɹ̩ n d	ɹ̩ n d	ʃ uː	ʃ uː d	ʃ uː d	ɹ̩ n d	1	1	reg_d	reg_d	reg_d
model_decision	k l a ʊ d	k l a ʊ d ə d	k l a ʊ d ə d	k r a ʊ d	k r a ʊ d ə d	k r a ʊ d ə d	k l a ʊ d ə d	1	1	reg_əd	reg_əd	reg_əd
model_decision	k ʌ p ə l	k ʌ p ə l d	k ʌ p ə l d	w ɑː f ə l	w ɑː f ə l d	w ɑː f ə l d	k ʌ p ə l d	1	1	reg_d	reg_d	reg_d
model_decision	f l ʌ ʃ	f l ʌ ʃ t	f l ʌ ʃ t	k r ʌ ʃ	k r ʌ ʃ t	k r ʌ ʃ t	f l ʌ ʃ t	1	1	reg_t	reg_t	reg_t
model_decision	h ɑː r n ə s	h ɑː r n ə s t	h ɑː r n ə s t	p r ɑː m ə s	p r ɑː m ə s t	p r ɑː m ə s t	h ɑː r n ə s t	1	1	reg_t	reg_t	reg_t
model_decision	b r a ʊ n	b r a ʊ n d	b r a ʊ n d	w iː k ə n	w iː k ə n d	w iː k ə n d	b r a ʊ n d	1	1	reg_d	reg_d	reg_d
model_decision	s t ɪ ŋ k	s t ʌ ŋ k	s t ɪ ŋ k t	b l ɪ ŋ k	b l ɪ ŋ k t	b l ɪ ŋ k t	s t ɪ ŋ k t	1	0	vowel_change	reg_t	reg_t
model_decision	r iː f r ɛ ʃ	r iː f r ɛ ʃ t	r iː f r ɛ r d	d r ɔ	d r ɔ r	d r uː	r iː f r ɛ ʃ r	0	0	reg_t	coda_change	other
model_decision	p r ə f ɹ̩	p r ə f ɹ̩ d	p r ə f ɹ̩ d	f e ɪ v ɹ̩	f e ɪ v ɹ̩ d	f e ɪ v ɹ̩ d	p r ə f ɹ̩ d	1	1	reg_d	reg_d	reg_d
model_decision	s t iː l	s t o ʊ l	s t iː l d	h o ʊ l	h o ʊ l d	h o ʊ l d	s t iː l d	1	0	vowel_change	reg_d	reg_d
model_decision	b æ n d	b æ n d ə d	b æ n d ə d	h æ n d	h æ n d ə d	h æ n d ə d	b æ n d ə d	1	1	reg_əd	reg_əd	reg_əd
model_decision	r ɪ d	r ɪ d	r ɪ d ə d	k ɪ d	k ɪ d ə d	k ɪ d ə d	r ɪ d ə d	1	0	no_change	reg_əd	reg_əd
model_decision	k o ʊ ɑː p ɹ̩ e ɪ t	k o ʊ ɑː p ɹ̩ e ɪ t ə d	k o ʊ ɑː p ɹ̩ e ɪ t ə d	d ɪ s ə p ɔ ɪ n t	d ɪ s ə p ɔ ɪ n t ə d	d ɪ s ə p ɔ ɪ n t ə d	k o ʊ ɑː p ɹ̩ e ɪ t ə d	1	1	reg_əd	reg_əd	reg_əd
model_decision	b ɑː ð ɹ̩	b ɑː ð ɹ̩ d	b ɑː ð ɹ̩ d	ɡ æ ð ɹ̩	ɡ æ ð ɹ̩ d	ɡ æ ð ɹ̩ d	b ɑː ð ɹ̩ d	1	1	reg_d	reg_d	reg_d
model_decision	r ɛ s t	r ɛ s t ə d	r ɛ s t ə d	r a ɪ t	r a ɪ t ə d	r o ʊ t	r ɛ s t ə d	1	1	reg_əd	reg_əd	reg_əd
model_decision	ɑː k j ə p a ɪ	ɑː k j ə p a ɪ d	ɑː k j ə p ə d	s k æ l ə p	s k æ l ə p t	s k æ l ə p t	ɑː k j ə p a ɪ t	0	0	reg_d	vowel_change_suffix	reg_t
model_decision	s k r ɪ b ə l	s k r ɪ b ə l d	s k r ɪ b ə l d	k r ʌ m p ə l	k r ʌ m p ə l d	k r ʌ m p ə l d	s k r ɪ b ə l d	1	1	reg_d	reg_d	reg_d
model_decision	b l æ s t	b l æ s t ə d	b l æ s t ə d	b o ʊ l t	b o ʊ l t ə d	b o ʊ l t ə d	b l æ s t ə d	1	1	reg_əd	reg_əd	reg_əd
model_decision	h æ m ɹ̩	h æ m ɹ̩ d	h æ m ɹ̩ d	h ɑː l ɹ̩	h ɑː l ɹ̩ d	h ɑː l ɹ̩ d	h æ m ɹ̩ d	1	1	reg_d	reg_d	reg_d
model_decision	d r ɪ l	d r ɪ l d	d r ɪ l d	t ɔ ɪ l	t ɔ ɪ l d	t ɔ ɪ l d	d r ɪ l d	1	1	reg_d	reg_d	reg_d
model_decision	p r æ k t ɪ s	p r æ k t ɪ s t	p r æ k t ə s t	ɪ n s ɪ s t	ɪ n s ɪ s t ə d	ɪ n s ɪ s t ə d	p r æ k t ɪ s ə d	0	0	reg_t	vowel_change_suffix	reg_əd
model_decision	t a ɪ p	t a ɪ p t	t a ɪ p t	w a ɪ p	w a ɪ p t	w a ɪ p t	t a ɪ p t	1	1	reg_t	reg_t	reg_t
model_decision	æ d	æ d ə d	æ d ʌ d	s ɪ ŋ	s æ ŋ	s æ ŋ	NA	0	0	reg_əd	other	vowel_change
model_decision	b o ʊ l	b o ʊ l d	b o ʊ l d	d o ʊ l	d o ʊ l d	d o ʊ l d	b o ʊ l d	1	1	reg_d	reg_d	reg_d
model_decision	t o ʊ t	t o ʊ t ə d	t o ʊ t ə d	t r iː t	t r iː t ə d	t r iː t ə d	t o ʊ t ə d	1	1	reg_əd	reg_əd	reg_əd
model_decision	s w ɪ ʃ	s w ɪ ʃ t	s w ɪ ʃ t	s m æ ʃ	s m æ ʃ t	s m æ ʃ t	s w ɪ ʃ t	1	1	reg_t	reg_t	reg_t
model_decision	b l e ɪ m	b l e ɪ m d	b l e ɪ m d	b ɪ k ʌ m	b ɪ k ʌ m d	b ɪ k e ɪ m	b l e ɪ m d	1	1	reg_d	reg_d	reg_d
model_decision	ɪ k s a ɪ t	ɪ k s a ɪ t ə d	ɪ k s a ɪ t ə d	ɪ n v a ɪ t	ɪ n v a ɪ t ə d	ɪ n v a ɪ t ə d	ɪ k s a ɪ t ə d	1	1	reg_əd	reg_əd	reg_əd
model_decision	t͡ʃ a ɪ m	t͡ʃ a ɪ m d	t͡ʃ a ɪ m d	t a ɪ m	t a ɪ m d	t a ɪ m d	t͡ʃ a ɪ m d	1	1	reg_d	reg_d	reg_d
model_decision	t͡ʃ iː r	t͡ʃ iː r d	t͡ʃ iː r d	p iː r	p iː r d	p iː r d	t͡ʃ iː r d	1	1	reg_d	reg_d	reg_d
model_decision	f r e ɪ m	f r e ɪ m d	f r e ɪ m d	k l a ɪ m	k l a ɪ m d	k l a ɪ m d	f r e ɪ m d	1	1	reg_d	reg_d	reg_d
model_decision	d æ m	d æ m d	d æ m d	d͡ʒ æ m	d͡ʒ æ m d	d͡ʒ æ m d	d æ m d	1	1	reg_d	reg_d	reg_d
model_decision	t͡ʃ iː t	t͡ʃ iː t ə d	t͡ʃ iː t	b iː t	b iː t	b iː t	t͡ʃ iː t	1	0	reg_əd	no_change	no_change
model_decision	l iː n	l iː n d	l iː n d	l ɹ̩ n	l ɹ̩ n d	l ɹ̩ n d	l iː n d	1	1	reg_d	reg_d	reg_d
model_decision	s k r iː m	s k r iː m d	s k r iː m d	s t ɔ r m	s t ɔ r m d	s t ɔ r m d	s k r iː m d	1	1	reg_d	reg_d	reg_d
model_decision	ɪ ɡ n ɔ r	ɪ ɡ n ɔ r d	ɪ ɡ n ɔ r d	ɡ uː ɡ ə l	ɡ uː ɡ ə l d	ɡ uː ɡ ə l d	ɪ ɡ n ɔ r d	1	1	reg_d	reg_d	reg_d
model_decision	s k uː p	s k uː p t	s k uː p t	s w uː p	s w uː p t	s w uː p t	s k uː p t	1	1	reg_t	reg_t	reg_t
model_decision	θ ʌ m p	θ ʌ m p t	θ ʌ m p t	d͡ʒ ʌ m p	d͡ʒ ʌ m p t	d͡ʒ ʌ m p t	θ ʌ m p t	1	1	reg_t	reg_t	reg_t
model_decision	s t iː r	s t iː r d	s t iː r d	s m iː r	s m iː r d	s m iː r d	s t iː r d	1	1	reg_d	reg_d	reg_d
model_decision	s p ɪ n	s p ʌ n	s p ɪ n d	s a ɪ n	s a ɪ n d	s a ɪ n d	s p ɪ n d	1	0	vowel_change	reg_d	reg_d
model_decision	h ʌ f	h ʌ f t	h ʌ f t	ɡ uː f	ɡ uː f t	ɡ uː f t	h ʌ f t	1	1	reg_t	reg_t	reg_t
model_decision	t ɛ n d	t ɛ n d ə d	t ɛ n d ə d	m ɛ n d	m ɛ n d ə d	m ɛ n d ə d	t ɛ n d ə d	1	1	reg_əd	reg_əd	reg_əd
model_decision	s p e ɪ s	s p e ɪ s t	s p e ɪ s t	s p a ɪ s	s p a ɪ s t	s p a ɪ s t	s p e ɪ s t	1	1	reg_t	reg_t	reg_t
model_decision	s t r e ɪ t ə n	s t r e ɪ t ə n d	s t r t ə t ə n d	d ɪ v ɛ l ə p	d ɪ v ɛ l ə p t	d ɪ v ɛ l ə p t	s t r e ɪ t ə n t	0	0	reg_d	other	reg_t
model_decision	p iː t ɹ̩	p iː t ɹ̩ d	p iː t ɹ̩ d	l ɪ t ɹ̩	l ɪ t ɹ̩ d	l ɪ t ɹ̩ d	p iː t ɹ̩ d	1	1	reg_d	reg_d	reg_d
model_decision	m a ɪ n	m a ɪ n d	m a ɪ n d	r e ɪ n	r e ɪ n d	r e ɪ n d	m a ɪ n d	1	1	reg_d	reg_d	reg_d
model_decision	h iː l	h iː l d	h iː l d	h ɔ l	h ɔ l d	h ɔ l d	h iː l d	1	1	reg_d	reg_d	reg_d
model_decision	ə t r æ k t	ə t r æ k t ə d	ə t r æ k t ə d	s p r a ʊ t	s p r a ʊ t ə d	s p r a ʊ t ə d	ə t r æ k t ə d	1	1	reg_əd	reg_əd	reg_əd
model_decision	s k w ɛ r	s k w ɛ r d	s k w ɛ r d	p r iː p ɛ r	p r iː p ɛ r d	p r iː p ɛ r d	s k w ɛ r d	1	1	reg_d	reg_d	reg_d
model_decision	f l ʌ f	f l ʌ f t	f l ʌ f t	l æ f	l æ f t	l æ f t	f l ʌ f t	1	1	reg_t	reg_t	reg_t
model_decision	t o ʊ n	t o ʊ n d	t o ʊ n d	f o ʊ n	f o ʊ n d	f o ʊ n d	t o ʊ n d	1	1	reg_d	reg_d	reg_d
model_decision	d͡ʒ ɪ m iː	d͡ʒ ɪ m iː d	d͡ʒ ɪ m iː d	d͡ʒ ɛ l iː	d͡ʒ ɛ l iː d	d͡ʒ ɛ l iː d	d͡ʒ ɪ m iː d	1	1	reg_d	reg_d	reg_d
model_decision	s m a ɪ l	s m a ɪ l d	s m a ɪ l d	s ɪ z ə l	s ɪ z ə l d	s ɪ z ə l d	s m a ɪ l d	1	1	reg_d	reg_d	reg_d
model_decision	ə n w a ɪ n d	ə n w a ʊ n d	ə n w a ɪ n d ə d	r iː b a ʊ n d	r iː b a ʊ n d ə d	r iː b a ʊ n d ə d	ə n w a ɪ n d ə d	1	0	vowel_change	reg_əd	reg_əd
model_decision	d ɪ k l ɛ r	d ɪ k l ɛ r d	d ɪ k l ɛ r d	p r iː p ɛ r	p r iː p ɛ r d	p r iː p ɛ r d	d ɪ k l ɛ r d	1	1	reg_d	reg_d	reg_d
model_decision	k ə n d ʌ k t	k ə n d ʌ k t ə d	k ə n d ʌ k ə d	ɪ n t ɹ̩ ʌ p t	ɪ n t ɹ̩ ʌ p t ə d	ɪ n t ɹ̩ ʌ p t ə d	k ə n d ʌ k t ə d	0	1	reg_əd	other	reg_əd
model_decision	s t r e ɪ n	s t r e ɪ n d	s t r e ɪ n d	d ɪ f a ɪ n	d ɪ f a ɪ n d	d ɪ f a ɪ n d	s t r e ɪ n d	1	1	reg_d	reg_d	reg_d
model_decision	k ə l æ p s	k ə l æ p s t	k ə l æ p s t	p r ɑː m ə s	p r ɑː m ə s t	p r ɑː m ə s t	k ə l æ p s t	1	1	reg_t	reg_t	reg_t
model_decision	p ɑː r t ɪ s ə p e ɪ t	p ɑː r t ɪ s ə p e ɪ t ə d	p ɑː r t	f ɪ t	f ɪ t	f ɪ t	p ɑː r t ɪ s ə p e ɪ t	0	0	reg_əd	other	no_change
model_decision	t r æ n z l e ɪ t	t r æ n z l e ɪ t ə d	t r æ n z d	d ɪ s ɡ a ɪ z	d ɪ s ɡ a ɪ z d	d ɪ s ɡ a ɪ z d	t r æ n z l e ɪ t d	0	0	reg_əd	other	reg_d
model_decision	d ɪ s k ʌ s	d ɪ s k ʌ s t	d ɪ s k ʌ s t	r ɪ d͡ʒ ɔ ɪ s	r ɪ d͡ʒ ɔ ɪ s t	r ɪ d͡ʒ ɔ ɪ s t	d ɪ s k ʌ s t	1	1	reg_t	reg_t	reg_t
model_decision	f ɹ̩ ɡ ɪ v	f ɹ̩ ɡ e ɪ v	f ɹ̩ ɡ ɪ v d	b r e ɪ v	b r e ɪ v d	b r e ɪ v d	f ɹ̩ ɡ ɪ v d	1	0	vowel_change	reg_d	reg_d
model_decision	ə r a ɪ z	ə r o ʊ z	ə r a ɪ z d	f r e ɪ z	f r e ɪ z d	f r e ɪ z d	ə r a ɪ z d	1	0	vowel_change	reg_d	reg_d
model_decision	f r a ɪ t ə n	f r a ɪ t ə n d	f r a ɪ t ə n d	b r a ɪ t ə n	b r a ɪ t ə n d	b r a ɪ t ə n d	f r a ɪ t ə n d	1	1	reg_d	reg_d	reg_d
model_decision	ɔ ɪ l	ɔ ɪ l d	ɔ ɪ l d	j ɛ l	j ɛ l d	j ɛ l d	ɔ ɪ l d	1	1	reg_d	reg_d	reg_d
model_decision	ə n l o ʊ d	ə n l o ʊ d ə d	ə n l o ʊ d ə d	r iː l o ʊ d	r iː l o ʊ d ə d	r iː l o ʊ d ə d	ə n l o ʊ d ə d	1	1	reg_əd	reg_əd	reg_əd
model_decision	ɡ r ʌ m b ə l	ɡ r ʌ m b ə l d	ɡ r ʌ m b ə l d	k r ʌ m p ə l	k r ʌ m p ə l d	k r ʌ m p ə l d	ɡ r ʌ m b ə l d	1	1	reg_d	reg_d	reg_d
model_decision	r ɛ k	r ɛ k t	r ɛ k t	t͡ʃ ɛ k	t͡ʃ ɛ k t	t͡ʃ ɛ k t	r ɛ k t	1	1	reg_t	reg_t	reg_t
model_decision	s p ɑː t	s p ɑː t ə d	s p ɑː t ə d	s ɔ l t	s ɔ l t ə d	s ɔ l t ə d	s p ɑː t ə d	1	1	reg_əd	reg_əd	reg_əd
model_decision	b ʌ t ɹ̩	b ʌ t ɹ̩ d	b ʌ t ɹ̩ d	b æ t ɹ̩	b æ t ɹ̩ d	b æ t ɹ̩ d	b ʌ t ɹ̩ d	1	1	reg_d	reg_d	reg_d
model_decision	s t iː p	s t iː p t	s t iː p t	s t ɛ p	s t ɛ p t	s t ɛ p t	s t iː p t	1	1	reg_t	reg_t	reg_t
model_decision	h ʌ s ə l	h ʌ s ə l d	h ʌ s ə l d	t͡ʃ ʌ k ə l	t͡ʃ ʌ k ə l d	t͡ʃ ʌ k ə l d	h ʌ s ə l d	1	1	reg_d	reg_d	reg_d
model_decision	k ə n t ɪ n j uː	k ə n t ɪ n j uː d	k ə n t ɪ n d	ɪ n t ɹ̩ v j uː	ɪ n t ɹ̩ v j uː d	ɪ n t ɹ̩ v j uː d	k ə n t ɪ n j uː d	0	1	reg_d	other	reg_d
model_decision	r ɛ n t	r ɛ n t ə d	r ɛ n t ə d	m ɛ l t	m ɛ l t ə d	m ɛ l t ə d	r ɛ n t ə d	1	1	reg_əd	reg_əd	reg_əd
model_decision	k r ʌ n t͡ʃ	k r ʌ n t͡ʃ t	k r ʌ n t͡ʃ t	b r æ n t͡ʃ	b r æ n t͡ʃ t	b r æ n t͡ʃ t	k r ʌ n t͡ʃ t	1	1	reg_t	reg_t	reg_t
model_decision	r ɛ s k j uː	r ɛ s k j uː d	r ɛ s k j uː d	r iː v j uː	r iː v j uː d	r iː v j uː d	r ɛ s k j uː d	1	1	reg_d	reg_d	reg_d
model_decision	t ɑː p	t ɑː p t	t ɑː p t	t͡ʃ ɑː p	t͡ʃ ɑː p t	t͡ʃ ɑː p t	t ɑː p t	1	1	reg_t	reg_t	reg_t
model_decision	b l iː d	b l ɛ d	b l iː d ə d	b r ɛ d	b r ɛ d ə d	b r ɛ d ə d	b l iː d ə d	1	0	vowel_change	reg_əd	reg_əd
model_decision	p r ɪ k	p r ɪ k t	p r ɪ k t	t r ɪ k	t r ɪ k t	t r ɪ k t	p r ɪ k t	1	1	reg_t	reg_t	reg_t
model_decision	o ʊ ɡ ə l	o ʊ ɡ ə l d	o ʊ ɡ ə l d	d͡ʒ ʌ ɡ ə l	d͡ʒ ʌ ɡ ə l d	d͡ʒ ʌ ɡ ə l d	o ʊ ɡ ə l d	1	1	reg_d	reg_d	reg_d
model_decision	s ɔ ɪ l	s ɔ ɪ l d	s ɔ ɪ l d	s p ɪ l	s p ɪ l d	s p ɪ l d	s ɔ ɪ l d	1	1	reg_d	reg_d	reg_d
model_decision	ɡ ɑː l f	ɡ ɑː l f t	ɡ ɑː l f t	s t ʌ f	s t ʌ f t	s t ʌ f t	ɡ ɑː l f t	1	1	reg_t	reg_t	reg_t
model_decision	b ʌ s t	b ʌ s t ə d	b ʌ s t ə d	b ɛ s t	b ɛ s t ə d	b ɛ s t ə d	b ʌ s t ə d	1	1	reg_əd	reg_əd	reg_əd
model_decision	r iː s a ɪ k ə l	r iː s a ɪ k ə l d	r iː s a ɪ k ə l d	s p r ɪ ŋ k ə l	s p r ɪ ŋ k ə l d	s p r ɪ ŋ k ə l d	r iː s a ɪ k ə l d	1	1	reg_d	reg_d	reg_d
model_decision	s t uː	s t uː d	s t uː d	ɡ l uː	ɡ l uː d	ɡ l uː d	s t uː d	1	1	reg_d	reg_d	reg_d
model_decision	b æ t	b æ t ə d	b æ t	b iː t	b iː t	b iː t	b æ t	1	0	reg_əd	no_change	no_change
model_decision	s ʌ f ɹ̩	s ʌ f ɹ̩ d	s ʌ f ɹ̩ d	f ɹ̩ ð ɹ̩	f ɹ̩ ð ɹ̩ d	f ɹ̩ ð ɹ̩ d	s ʌ f ɹ̩ d	1	1	reg_d	reg_d	reg_d
model_decision	v ɪ ʒ w ə l a ɪ z	v ɪ ʒ w ə l a ɪ z d	v ɪ l ə l ə d	m ʌ l t ə p l a ɪ	m ʌ l t ə l a ɪ t ə d	m ʌ l t ə p l a ɪ d	NA	0	0	reg_d	other	other
model_decision	k æ p	k æ p t	k æ p t	t æ p	t æ p t	t æ p t	k æ p t	1	1	reg_t	reg_t	reg_t
model_decision	t ʌ m b ə l	t ʌ m b ə l d	t ʌ m b ə l d	t r ʌ b ə l	t r ʌ b ə l d	t r ʌ b ə l d	t ʌ m b ə l d	1	1	reg_d	reg_d	reg_d
model_decision	d ɪ s k r a ɪ b	d ɪ s k r a ɪ b d	d ɪ s k r a ɪ b d	ɔ r ɡ ə n a ɪ z	ɔ r ɡ ə n a ɪ z d	ɔ r ɡ ə n a ɪ z d	d ɪ s k r a ɪ b d	1	1	reg_d	reg_d	reg_d
model_decision	h ɛ z ə t e ɪ t	h ɛ z ə t e ɪ t ə d	h ɛ z ə t e ɪ t ə d	ɪ n d ə k e ɪ t	ɪ n d ə k e ɪ t ə d	ɪ n d ə k e ɪ t ə d	h ɛ z ə t e ɪ t ə d	1	1	reg_əd	reg_əd	reg_əd
model_decision	m ɑː r	m ɑː r d	m ɑː r d	p ɔ r	p ɔ r d	p ɔ r d	m ɑː r d	1	1	reg_d	reg_d	reg_d
model_decision	p r ə n a ʊ n s	p r ə n a ʊ n s t	p r ə n a ʊ n a ɪ s t ə d	m ɪ s ə n d ɹ̩ s t æ n d	m ɪ s ə n t ə d	m ɪ s ə n d ɹ̩ s t ʊ d	NA	0	0	reg_t	other	other
model_decision	f ɪ k s e ɪ t	f ɪ k s e ɪ t ə d	f ɪ k s e ɪ t ə d	d ɛ k ɹ̩ e ɪ t	d ɛ k ɹ̩ e ɪ t ə d	d ɛ k ɹ̩ e ɪ t ə d	f ɪ k s e ɪ t ə d	1	1	reg_əd	reg_əd	reg_əd
model_decision	b ɑː s	b ɑː s t	b ɑː s t	b ʌ s	b ʌ s t	b ʌ s t	b ɑː s t	1	1	reg_t	reg_t	reg_t
model_decision	d ɪ s t ɹ̩ b	d ɪ s t ɹ̩ b d	d ɪ s t ɹ̩ d ə d	s p l ɪ n t ɹ̩	s p l ɪ n t ɹ̩ d	s p l ɪ n t ɹ̩ d	d ɪ s t ɹ̩ b d	0	1	reg_d	other	reg_d
model_decision	s n æ k	s n æ k t	s n æ k t	s t æ k	s t æ k t	s t æ k t	s n æ k t	1	1	reg_t	reg_t	reg_t
model_decision	d ʌ s t	d ʌ s t ə d	d ʌ s t ə d	d ɑː r t	d ɑː r t ə d	d ɑː r t ə d	d ʌ s t ə d	1	1	reg_əd	reg_əd	reg_əd
model_decision	m o ʊ n	m o ʊ n d	m o ʊ n d	r e ɪ n	r e ɪ n d	r e ɪ n d	m o ʊ n d	1	1	reg_d	reg_d	reg_d
model_decision	p iː l	p iː l d	p iː l d	p ʊ l	p ʊ l d	p ʊ l d	p iː l d	1	1	reg_d	reg_d	reg_d
model_decision	f l ɑː p	f l ɑː p t	f l ɑː p t	p l ɑː p	p l ɑː p t	p l ɑː p t	f l ɑː p t	1	1	reg_t	reg_t	reg_t
model_decision	f l æ ʃ	f l æ ʃ t	f l æ ʃ t	k r ʌ ʃ	k r ʌ ʃ t	k r ʌ ʃ t	f l æ ʃ t	1	1	reg_t	reg_t	reg_t
model_decision	p e ɪ s t	p e ɪ s t ə d	p e ɪ s t ə d	p r ɪ n t	p r ɪ n t ə d	p r ɪ n t ə d	p e ɪ s t ə d	1	1	reg_əd	reg_əd	reg_əd
model_decision	ɡ ɑː r b ə l	ɡ ɑː r b ə l d	ɡ ɑː r b ə l d	k r æ k ə l	k r æ k ə l d	k r æ k ə l d	ɡ ɑː r b ə l d	1	1	reg_d	reg_d	reg_d
model_decision	ɪ n t ɛ n d	ɪ n t ɛ n d ə d	ɪ n t ɛ n t ə d	t r e ɪ s	t r e ɪ s t	t r e ɪ s t	ɪ n t ɛ n d t	0	0	reg_əd	other	reg_t
model_decision	r o ʊ t e ɪ t	r o ʊ t e ɪ t ə d	r o ʊ t e ɪ t ə d	æ s p ɹ̩ e ɪ t	æ s p ɹ̩ e ɪ t ə d	æ s p ɹ̩ e ɪ t ə d	r o ʊ t e ɪ t ə d	1	1	reg_əd	reg_əd	reg_əd
model_decision	s ɑː l v	s ɑː l v d	s ɑː l v d	s w ɹ̩ v	s w ɹ̩ v d	s w ɹ̩ v d	s ɑː l v d	1	1	reg_d	reg_d	reg_d
model_decision	r ɪ s p ɑː n d	r ɪ s p ɑː n d ə d	r ɪ s p ɑː n d ə d	p ɹ̩ s w e ɪ d	p ɹ̩ s w e ɪ d ə d	p ɹ̩ s w e ɪ d ə d	r ɪ s p ɑː n d ə d	1	1	reg_əd	reg_əd	reg_əd
model_decision	p r a ɪ s	p r a ɪ s t	p r a ɪ s t	p l e ɪ s	p l e ɪ s t	p l e ɪ s t	p r a ɪ s t	1	1	reg_t	reg_t	reg_t
model_decision	h ɑː r p	h ɑː r p t	h ɑː r p t	b ʌ m p	b ʌ m p t	b ʌ m p t	h ɑː r p t	1	1	reg_t	reg_t	reg_t
model_decision	ɪ ɡ z ɔ s t	ɪ ɡ z ɔ s t ə d	ɪ ɡ z ɔ s t ə d	ɪ n s ɪ s t	ɪ n s ɪ s t ə d	ɪ n s ɪ s t ə d	ɪ ɡ z ɔ s t ə d	1	1	reg_əd	reg_əd	reg_əd
model_decision	t ɛ r ə f a ɪ	t ɛ r ə f a ɪ d	t ɛ r ə f a ɪ d	s æ t ə s f a ɪ	s æ t ə s f a ɪ d	s æ t ə s f a ɪ d	t ɛ r ə f a ɪ d	1	1	reg_d	reg_d	reg_d
model_decision	s a ʊ	s a ʊ d	s a ʊ d	s o ʊ	s o ʊ d	s o ʊ d	s a ʊ d	1	1	reg_d	reg_d	reg_d
model_decision	e ɪ d	e ɪ d ə d	e ɪ d ə d	b ɪ d	b ɪ d ə d	b e ɪ d	e ɪ d ə d	1	1	reg_əd	reg_əd	reg_əd
model_decision	ə n p æ k	ə n p æ k t	ə n p æ k t	b l æ ŋ k	b l æ ŋ k t	b l æ ŋ k t	ə n p æ k t	1	1	reg_t	reg_t	reg_t
model_decision	p r ɪ v ɛ n t	p r ɪ v ɛ n t ə d	p r ɪ v ɛ n t ə d	p r iː z ɛ n t	p r iː z ɛ n t ə d	p r iː z ɛ n t ə d	p r ɪ v ɛ n t ə d	1	1	reg_əd	reg_əd	reg_əd
model_decision	k ə n s ɪ d ɹ̩	k ə n s ɪ d ɹ̩ d	k ə n s t ə d ɹ̩ d	r iː b ɪ l d	r iː b ɪ l t ə d	r iː b ɪ l t	NA	0	0	reg_d	other	other
model_decision	w ɑː d	w ɑː d ə d	w ɑː d ə d	ɡ ɑː r d	ɡ ɑː r d ə d	ɡ ɑː r d ə d	w ɑː d ə d	1	1	reg_əd	reg_əd	reg_əd
model_decision	t r ʌ s t	t r ʌ s t ə d	t r ʌ s t ə d	t o ʊ s t	t o ʊ s t ə d	t o ʊ s t ə d	t r ʌ s t ə d	1	1	reg_əd	reg_əd	reg_əd
model_decision	m ɑː d ə l	m ɑː d ə l d	m ɑː d ə l d	m ʌ f ə l	m ʌ f ə l d	m ʌ f ə l d	m ɑː d ə l d	1	1	reg_d	reg_d	reg_d
model_decision	s t e ɪ p ə l	s t e ɪ p ə l d	s t e ɪ p ə l d	t r æ m p ə l	t r æ m p ə l d	t r æ m p ə l d	s t e ɪ p ə l d	1	1	reg_d	reg_d	reg_d
model_decision	p r ə v a ɪ d	p r ə v a ɪ d ə d	p r ə v a ɪ d ə d	p ɹ̩ s w e ɪ d	p ɹ̩ s w e ɪ d ə d	p ɹ̩ s w e ɪ d ə d	p r ə v a ɪ d ə d	1	1	reg_əd	reg_əd	reg_əd
model_decision	t r ɛ m b ə l	t r ɛ m b ə l d	t r ɛ m b ə l d	t r æ m p ə l	t r æ m p ə l d	t r æ m p ə l d	t r ɛ m b ə l d	1	1	reg_d	reg_d	reg_d
model_decision	p l a ʊ	p l a ʊ d	p l a ʊ d	ə l a ʊ	ə l a ʊ d	ə l a ʊ d	p l a ʊ d	1	1	reg_d	reg_d	reg_d
model_decision	w æ ɡ	w æ ɡ d	w æ ɡ d	b æ ɡ	b æ ɡ d	b æ ɡ d	w æ ɡ d	1	1	reg_d	reg_d	reg_d
model_decision	b l iː t͡ʃ	b l iː t͡ʃ t	b l iː t͡ʃ t	k l ʌ t͡ʃ	k l ʌ t͡ʃ t	k l ʌ t͡ʃ t	b l iː t͡ʃ t	1	1	reg_t	reg_t	reg_t
model_decision	t æ t ə l	t æ t ə l d	t æ t ə l d	t ɑː p ə l	t ɑː p ə l d	t ɑː p ə l d	t æ t ə l d	1	1	reg_d	reg_d	reg_d
model_decision	s k ɹ̩ t	s k ɹ̩ t ə d	s k ɹ̩ t ə d	s ɔ r t	s ɔ r t ə d	s ɔ r t ə d	s k ɹ̩ t ə d	1	1	reg_əd	reg_əd	reg_əd
model_decision	ɛ r	ɛ r d	ɛ r ɛ r d	ɛ ɡ	ɛ ɡ d	ɛ ɡ d	ɛ r d	0	1	reg_d	other	reg_d
model_decision	ɛ k s ɹ̩ s a ɪ z	ɛ k s ɹ̩ s a ɪ z d	ɛ s ɹ̩ s ɹ̩ a ɪ z d	s e ɪ	s e ɪ d	s ɛ d	ɛ k s ɹ̩ s a ɪ z d	0	1	reg_d	other	reg_d
model_decision	f ʌ d͡ʒ	f ʌ d͡ʒ d	f ʌ d͡ʒ d	d͡ʒ ʌ d͡ʒ	d͡ʒ ʌ d͡ʒ d	d͡ʒ ʌ d͡ʒ d	f ʌ d͡ʒ d	1	1	reg_d	reg_d	reg_d
model_decision	ɡ ʌ n	ɡ ʌ n d	ɡ ʌ n d	f æ n	f æ n d	f æ n d	ɡ ʌ n d	1	1	reg_d	reg_d	reg_d
model_decision	s p ɔ r t	s p ɔ r t ə d	s p ɔ r t ə d	s m ɑː r t	s m ɑː r t ə d	s m ɑː r t ə d	s p ɔ r t ə d	1	1	reg_əd	reg_əd	reg_əd
model_decision	r ɪ l iː v	r ɪ l iː v d	r ɪ l iː v d	r ə s iː v	r ə s iː v d	r ə s iː v d	r ɪ l iː v d	1	1	reg_d	reg_d	reg_d
model_decision	ʃ o ʊ l d ɹ̩	ʃ o ʊ l d ɹ̩ d	ʃ o ʊ l o ʊ d	r iː b ɪ l d	r iː b ɪ l t ə d	r iː b ɪ l t	NA	0	0	reg_d	other	other
model_decision	f ɔ r k	f ɔ r k t	f ɔ r k t	t r æ k	t r æ k t	t r æ k t	f ɔ r k t	1	1	reg_t	reg_t	reg_t
model_decision	t w iː k	t w iː k t	t w ɛ k t	s w iː p	s w ɛ p t	s w ɛ p t	NA	0	0	reg_t	vowel_change_suffix	vowel_change_suffix
model_decision	d æ ʃ	d æ ʃ t	d æ ʃ t	m æ ʃ	m æ ʃ t	m æ ʃ t	d æ ʃ t	1	1	reg_t	reg_t	reg_t
model_decision	ɪ k s k l e ɪ m	ɪ k s k l e ɪ m d	ɪ k s k l e ɪ z d	s a ɪ	s a ɪ d	s a ɪ d	ɪ k s k l e ɪ m d	0	1	reg_d	coda_change	reg_d
model_decision	s ə s p ɛ k t	s ə s p ɛ k t ə d	s p ɛ s p ɛ k t	ɪ n v ɛ s t ə ɡ e ɪ t	ɪ n v ɛ s t ə ɡ e ɪ t ə d	ɪ n v ɛ s t ə ɡ e ɪ t ə d	s ə s p ɛ k t ə d	0	1	reg_əd	other	reg_əd
model_decision	t r æ n s f ɔ r m	t r æ n s f ɔ r m d	t r æ n f r s t ɔ r æ n d	a ʊ t ɡ r o ʊ	a ʊ t ɡ r uː	a ʊ t ɡ r uː	NA	0	0	reg_d	other	vowel_change
model_decision	θ r ɛ t ə n	θ r ɛ t ə n d	θ ɛ t r ə n d	ɪ k s p r ɛ s	ɪ k s p r ɛ s t	ɪ k s p r ɛ s t	θ r ɛ t ə n t	0	0	reg_d	other	reg_t
model_decision	m e ɪ t	m e ɪ t ə d	m e ɪ t ə d	w e ɪ t	w e ɪ t ə d	w e ɪ t ə d	m e ɪ t ə d	1	1	reg_əd	reg_əd	reg_əd
model_decision	ɪ m p r uː v	ɪ m p r uː v d	ɪ m p r uː v d	p r uː v	p r uː v d	p r uː v d	ɪ m p r uː v d	1	1	reg_d	reg_d	reg_d
model_decision	t ɑː l ɹ̩ e ɪ t	t ɑː l ɹ̩ e ɪ t ə d	t ɑː l ɹ̩ e ɪ t ə d	æ s p ɹ̩ e ɪ t	æ s p ɹ̩ e ɪ t ə d	æ s p ɹ̩ e ɪ t ə d	t ɑː l ɹ̩ e ɪ t ə d	1	1	reg_əd	reg_əd	reg_əd
model_decision	h ɔ n t	h ɔ n t ə d	h ɔ n t ə d	h ʌ n t	h ʌ n t ə d	h ʌ n t ə d	h ɔ n t ə d	1	1	reg_əd	reg_əd	reg_əd
model_decision	t æ k	t æ k t	t æ k t	s æ k	s æ k t	s æ k t	t æ k t	1	1	reg_t	reg_t	reg_t
model_decision	ɪ n d͡ʒ ɹ̩	ɪ n d͡ʒ ɹ̩ d	ɪ n d͡ʒ ɹ̩ d	h ɑː l ɹ̩	h ɑː l ɹ̩ d	h ɑː l ɹ̩ d	ɪ n d͡ʒ ɹ̩ d	1	1	reg_d	reg_d	reg_d
model_decision	p r ɪ d ɪ k t	p r ɪ d ɪ k t ə d	p r ɪ d ɪ k t ə d	r iː p e ɪ n t	r iː p e ɪ n t ə d	r iː p e ɪ n t ə d	p r ɪ d ɪ k t ə d	1	1	reg_əd	reg_əd	reg_əd
model_decision	d ɪ z a ɪ n	d ɪ z a ɪ n d	d ɪ z a ɪ n d	d ɪ f a ɪ n	d ɪ f a ɪ n d	d ɪ f a ɪ n d	d ɪ z a ɪ n d	1	1	reg_d	reg_d	reg_d
model_decision	b ʌ n d ə l	b ʌ n d ə l d	b ʌ n d ə l d	k r æ k ə l	k r æ k ə l d	k r æ k ə l d	b ʌ n d ə l d	1	1	reg_d	reg_d	reg_d
model_decision	r ɪ s ɛ s	r ɪ s ɛ s t	r ɪ s ɛ s t	ə d r ɛ s	ə d r ɛ s t	ə d r ɛ s t	r ɪ s ɛ s t	1	1	reg_t	reg_t	reg_t
model_decision	b l a ɪ n d	b l a ɪ n d ə d	b l a ɪ n d ə d	d ɪ s a ɪ d	d ɪ s a ɪ d ə d	d ɪ s a ɪ d ə d	b l a ɪ n d ə d	1	1	reg_əd	reg_əd	reg_əd
model_decision	d r ʌ ɡ	d r ʌ ɡ d	d r ʌ ɡ d	d r æ ɡ	d r æ ɡ d	d r æ ɡ d	d r ʌ ɡ d	1	1	reg_d	reg_d	reg_d
model_decision	f l e ɪ v ɹ̩	f l e ɪ v ɹ̩ d	f l e ɪ v ɹ̩ d	r ɪ t a ɪ ɹ̩	r ɪ t a ɪ ɹ̩ d	r ɪ t a ɪ ɹ̩ d	f l e ɪ v ɹ̩ d	1	1	reg_d	reg_d	reg_d
model_decision	r ɪ p ɛ r	r ɪ p ɛ r d	r ɪ p ɛ r d	d͡ʒ ɑː r	d͡ʒ ɑː r d	d͡ʒ ɑː r d	r ɪ p ɛ r d	1	1	reg_d	reg_d	reg_d
model_decision	k ɹ̩ s	k ɹ̩ s t	k ɹ̩ s t	p ɹ̩ s	p ɹ̩ s t	p ɹ̩ s t	k ɹ̩ s t	1	1	reg_t	reg_t	reg_t
model_decision	ɪ n t͡ʃ	ɪ n t͡ʃ t	ɪ n t͡ʃ t	b iː t͡ʃ	b iː t͡ʃ t	b iː t͡ʃ t	ɪ n t͡ʃ t	1	1	reg_t	reg_t	reg_t
model_decision	t r æ n z m ɪ t	t r æ n z m ɪ t ə d	t r æ m ɪ m d	m ʌ l t ə p l a ɪ	m ʌ l t ə l a ɪ t ə d	m ʌ l t ə p l a ɪ d	NA	0	0	reg_əd	other	other
model_decision	ʃ æ m p uː	ʃ æ m p uː d	ʃ æ m p uː d	ɑː r ɡ j uː	ɑː r ɡ j uː d	ɑː r ɡ j uː d	ʃ æ m p uː d	1	1	reg_d	reg_d	reg_d
model_decision	ɪ n k r iː s	ɪ n k r iː s t	ɪ n k r iː s t	r ɪ d͡ʒ ɔ ɪ s	r ɪ d͡ʒ ɔ ɪ s t	r ɪ d͡ʒ ɔ ɪ s t	ɪ n k r iː s t	1	1	reg_t	reg_t	reg_t
model_decision	b ʊ t͡ʃ ɹ̩	b ʊ t͡ʃ ɹ̩ d	b ʊ t͡ʃ ɹ̩ d	b ɛ t ɹ̩	b ɛ t ɹ̩ d	b ɛ t ɹ̩ d	b ʊ t͡ʃ ɹ̩ d	1	1	reg_d	reg_d	reg_d
model_decision	d o ʊ n e ɪ t	d o ʊ n e ɪ t ə d	d o ʊ n e ɪ t ə d	r iː p e ɪ n t	r iː p e ɪ n t ə d	r iː p e ɪ n t ə d	d o ʊ n e ɪ t ə d	1	1	reg_əd	reg_əd	reg_əd
model_decision	t͡ʃ æ l ə n d͡ʒ	t͡ʃ æ l ə n d͡ʒ d	t͡ʃ æ l ə n d͡ʒ d	ə r e ɪ n d͡ʒ	ə r e ɪ n d͡ʒ d	ə r e ɪ n d͡ʒ d	t͡ʃ æ l ə n d͡ʒ d	1	1	reg_d	reg_d	reg_d
model_decision	ɛ ɡ z ɪ t	ɛ ɡ z ɪ t ə d	ɛ ɡ z ɪ t ə d	w e ɪ s t	w e ɪ s t ə d	w e ɪ s t ə d	ɛ ɡ z ɪ t ə d	1	1	reg_əd	reg_əd	reg_əd
model_decision	b ʊ k	b ʊ k t	b ʊ k t	h ʊ k	h ʊ k t	h ʊ k t	b ʊ k t	1	1	reg_t	reg_t	reg_t
model_decision	m j uː z	m j uː z d	m j uː z d	d o ʊ z	d o ʊ z d	d o ʊ z d	m j uː z d	1	1	reg_d	reg_d	reg_d
model_decision	p ɔ ɪ z ə n	p ɔ ɪ z ə n d	p ɔ ɪ z ə n d	h ɑː r d ə n	h ɑː r d ə n d	h ɑː r d ə n d	p ɔ ɪ z ə n d	1	1	reg_d	reg_d	reg_d
model_decision	ɪ n f l uː ə n s	ɪ n f l uː ə n s t	ɪ n f l ə n s t ə d	k ə m j uː n ə k e ɪ t	k ə m j uː n ə k e ɪ t ə d	k ə m j uː n ə k e ɪ t ə d	ɪ n f l uː ə n s ə d	0	0	reg_t	other	reg_əd
model_decision	s t r æ ŋ ɡ ə l	s t r æ ŋ ɡ ə l d	s t r æ ŋ ɡ ɡ l d	k æ t ə l ɔ ɡ	k æ t ə l ɔ ɡ d	k æ t ə l ɔ ɡ d	s t r æ ŋ ɡ ə l d	0	1	reg_d	other	reg_d
model_decision	ɪ ʃ uː	ɪ ʃ uː d	ɪ ʃ uː d	ɡ l uː	ɡ l uː d	ɡ l uː d	ɪ ʃ uː d	1	1	reg_d	reg_d	reg_d
model_decision	ɪ m p r ɛ s	ɪ m p r ɛ s t	ɪ m p r ɛ s t	ə n d r ɛ s	ə n d r ɛ s t	ə n d r ɛ s t	ɪ m p r ɛ s t	1	1	reg_t	reg_t	reg_t
model_decision	p r ə d uː s	p r ə d uː s t	p r ə d uː s t	b æ l ə n s	b æ l ə n s t	b æ l ə n s t	p r ə d uː s t	1	1	reg_t	reg_t	reg_t
model_decision	n æ ɡ	n æ ɡ d	n æ ɡ d	b æ ɡ	b æ ɡ d	b æ ɡ d	n æ ɡ d	1	1	reg_d	reg_d	reg_d
model_decision	o ʊ v ɹ̩ k ʊ k	o ʊ v ɹ̩ k ʊ k t	o ʊ v ɹ̩ k ʊ k t	ə t æ k	ə t æ k t	ə t æ k t	o ʊ v ɹ̩ k ʊ k t	1	1	reg_t	reg_t	reg_t
string	ɡ ɛ t	ɡ ɑː t	ɡ ɛ t	b ɛ t	b ɛ t	b ɛ t	ɡ ɛ t	1	0	vowel_change	no_change	no_change
string	p ʊ t	p ʊ t	p ʊ t	p ɪ t	p ɪ t	p ɪ t ə d	p ʊ t	1	1	no_change	no_change	no_change
string	ɡ o ʊ	w ɛ n t	ɡ o ʊ d	n o ʊ	n o ʊ d	n uː	ɡ o ʊ d	1	0	other	reg_d	reg_d
string	iː t	e ɪ t	iː d t	s iː t	s iː t	s iː t ə d	iː t	0	0	vowel_change	coda_change	no_change
string	w ɔ n t	w ɔ n t ə d	w ɔ n t ə d	s ɔ l t	s ɔ l t ə d	s ɔ l t ə d	w ɔ n t ə d	1	1	reg_əd	reg_əd	reg_əd
string	n ɑː k	n ɑː k t	n ɑː k t	n ɑː t	n ɑː t ə d	n ɑː t ə d	n ɑː k ə d	0	0	reg_t	reg_t	reg_əd
string	l ɪ s ə n	l ɪ s ə n d	l ɪ s ə n d	l uː s ə n	l uː s ə n d	l uː s ə n d	l ɪ s ə n d	1	1	reg_d	reg_d	reg_d
string	p ʌ f	p ʌ f t	p ʌ f t	p iː s	p iː s t	p iː s t	p ʌ f t	1	1	reg_t	reg_t	reg_t
string	h o ʊ p	h o ʊ p t	h o ʊ p t	r o ʊ p	r o ʊ p t	r o ʊ p t	h o ʊ p t	1	1	reg_t	reg_t	reg_t
string	n iː d	n iː d ə d	n iː d ə d	s iː d	s iː d ə d	s iː d ə d	n iː d ə d	1	1	reg_əd	reg_əd	reg_əd
string	k æ t͡ʃ	k ɔ t	k æ t͡ʃ t	h æ t͡ʃ	h æ t͡ʃ t	h æ t͡ʃ t	k æ t͡ʃ t	1	0	rhyme_replaced	reg_t	reg_t
string	z ɪ p ɹ̩	z ɪ p ɹ̩ d	z ɪ p ɹ̩ d	z ɪ p	z ɪ p t	z ɪ p t	z ɪ p ɹ̩ t	0	0	reg_d	reg_d	reg_t
string	h ɑː p	h ɑː p t	h ɑː p t	t͡ʃ ɑː p	t͡ʃ ɑː p t	t͡ʃ ɑː p t	h ɑː p t	1	1	reg_t	reg_t	reg_t
string	k æ r iː	k æ r iː d	k æ r iː d	k ɑː p iː	k ɑː p iː d	k ɑː p iː d	k æ r iː d	1	1	reg_d	reg_d	reg_d
string	r ɪ t ɹ̩ n	r ɪ t ɹ̩ n d	r ɪ t ɹ̩ n d	t ɹ̩ n	t ɹ̩ n d	t ɹ̩ n d	r ɪ t ɹ̩ n d	1	1	reg_d	reg_d	reg_d
string	f iː d	f ɛ d	f iː d ə d	f iː l d	f iː l d ə d	f iː l d ə d	f iː d ə d	1	0	vowel_change	reg_əd	reg_əd
string	ɡ ɑː b ə l	ɡ ɑː b ə l d	ɡ ɑː b ə l d	w ɑː b ə l	w ɑː b ə l d	w ɑː b ə l d	ɡ ɑː b ə l d	1	1	reg_d	reg_d	reg_d
string	o ʊ p ə n	o ʊ p ə n d	o ʊ p ə n d	h æ p ə n	h æ p ə n d	h æ p ə n d	o ʊ p ə n d	1	1	reg_d	reg_d	reg_d
string	h o ʊ l d	h ɛ l d	h o ʊ l d ə d	h o ʊ l	h o ʊ l d	h o ʊ l d	h o ʊ l d d	0	0	vowel_change	reg_əd	reg_d
string	d ɪ l ɪ v ɹ̩	d ɪ l ɪ v ɹ̩ d	d ɪ l ɪ v ɹ̩ d	d ɪ l iː t	d ɪ l iː t ə d	d ɪ l iː t ə d	d ɪ l ɪ v ɹ̩ ə d	0	0	reg_d	reg_d	reg_əd
string	r ʌ b	r ʌ b d	r ʌ b d	r ʌ n	r ʌ n d	r æ n	r ʌ b d	1	1	reg_d	reg_d	reg_d
string	w ɑː t͡ʃ	w ɑː t͡ʃ t	w ɑː t͡ʃ t	w ɑː ʃ	w ɑː ʃ t	w ɑː ʃ t	w ɑː t͡ʃ t	1	1	reg_t	reg_t	reg_t
string	p l iː z	p l iː z d	p l iː z d	f r iː z	f r iː z d	f r o ʊ z	p l iː z d	1	1	reg_d	reg_d	reg_d
string	w ɔ k	w ɔ k t	w ɔ k t	h ɔ k	h ɔ k t	h ɔ k t	w ɔ k t	1	1	reg_t	reg_t	reg_t
string	p æ k	p æ k t	p æ k t	p ɪ k	p ɪ k t	p ɪ k t	p æ k t	1	1	reg_t	reg_t	reg_t
string	s a ʊ n d	s a ʊ n d ə d	s a ʊ n d	r a ʊ n d	r a ʊ n d ə d	r a ʊ n d ə d	s a ʊ n d ə d	0	1	reg_əd	no_change	reg_əd
string	ɡ r æ b	ɡ r æ b d	ɡ r æ b d	d r æ ɡ	d r æ ɡ d	d r æ ɡ d	ɡ r æ b d	1	1	reg_d	reg_d	reg_d
string	m æ n	m æ n d	m æ n d	m æ p	m æ p t	m æ p t	m æ n t	0	0	reg_d	reg_d	reg_t
string	f iː l	f ɛ l t	f iː l d	f iː r	f iː r d	f iː r d	f iː l d	1	0	vowel_change_suffix	reg_d	reg_d
string	n e ɪ m	n e ɪ m d	n e ɪ m d	r e ɪ d	r e ɪ d ə d	r e ɪ d ə d	n e ɪ m ə d	0	0	reg_d	reg_d	reg_əd
string	f l o ʊ	f l o ʊ d	f l o ʊ d	f ɑː l o ʊ	f ɑː l o ʊ d	f ɑː l o ʊ d	f l o ʊ d	1	1	reg_d	reg_d	reg_d
string	w ɛ ð ɹ̩	w ɛ ð ɹ̩ d	w ɛ ð ɹ̩ d	f ɛ ð ɹ̩	f ɛ ð ɹ̩ d	f ɛ ð ɹ̩ d	w ɛ ð ɹ̩ d	1	1	reg_d	reg_d	reg_d
string	l a ɪ	l e ɪ	l a ɪ d	l a ɪ t	l a ɪ t ə d	l ɪ t	l a ɪ ə d	0	0	vowel_change	reg_d	reg_əd
string	k r æ ʃ	k r æ ʃ t	k r æ ʃ t	k r ʌ ʃ	k r ʌ ʃ t	k r ʌ ʃ t	k r æ ʃ t	1	1	reg_t	reg_t	reg_t
string	p e ɪ d͡ʒ	p e ɪ d͡ʒ d	p e ɪ d͡ʒ d	e ɪ d͡ʒ	e ɪ d͡ʒ d	e ɪ d͡ʒ d	p e ɪ d͡ʒ d	1	1	reg_d	reg_d	reg_d
string	t͡ʃ o ʊ k	t͡ʃ o ʊ k t	t͡ʃ o ʊ k t	p o ʊ k	p o ʊ k t	p o ʊ k t	t͡ʃ o ʊ k t	1	1	reg_t	reg_t	reg_t
string	b l ɛ s	b l ɛ s t	b l ɛ s t	b l ʌ ʃ	b l ʌ ʃ t	b l ʌ ʃ t	b l ɛ s t	1	1	reg_t	reg_t	reg_t
string	d ɪ ŋ	d ɪ ŋ d	d ɪ ŋ d	s ɪ ŋ	s æ ŋ	s æ ŋ	d æ ŋ	0	0	reg_d	reg_d	vowel_change
string	s ɛ l	s o ʊ l d	s ɛ l d	s p ɛ l	s p ɛ l d	s p ɛ l d	s ɛ l d	1	0	vowel_change_suffix	reg_d	reg_d
string	b ɪ ɡ ɪ n	b ɪ ɡ æ n	b ɪ ɡ ɪ n d	b r e ɪ v	b r e ɪ v d	b r e ɪ v d	b ɪ ɡ ɪ n d	1	0	vowel_change	reg_d	reg_d
string	d͡ʒ ɔ ɪ n	d͡ʒ ɔ ɪ n d	d͡ʒ ɔ ɪ n d	t͡ʃ e ɪ n	t͡ʃ e ɪ n d	t͡ʃ e ɪ n d	d͡ʒ ɔ ɪ n d	1	1	reg_d	reg_d	reg_d
string	l ɑː k	l ɑː k t	l ɑː k t	l ʊ k	l ʊ k t	l ʊ k t	l ɑː k t	1	1	reg_t	reg_t	reg_t
string	b ɪ l iː v	b ɪ l iː v d	b ɪ l iː v d	b ɪ l	b ɪ l d	b ɪ l d	b ɪ l iː v d	1	1	reg_d	reg_d	reg_d
string	ə n d ɹ̩ s t æ n d	ə n d ɹ̩ s t ʊ d	ə n t ə æ n t ə d	m ɪ s ə n d ɹ̩ s t æ n d	m ɪ s ə n t ə d	m ɪ s ə n d ɹ̩ s t ʊ d	ə n t ə d	0	0	rhyme_replaced	other	other
string	t r e ɪ n	t r e ɪ n d	t r e ɪ n d	t r e ɪ s	t r e ɪ s t	t r e ɪ s t	t r e ɪ n t	0	0	reg_d	reg_d	reg_t
string	k r ɔ l	k r ɔ l d	k r ɔ l d	k ɔ l	k ɔ l d	k ɔ l d	k r ɔ l d	1	1	reg_d	reg_d	reg_d
string	p æ t	p æ t ə d	p æ t ə d	p æ s	p æ s t	p æ s t	p æ t t	0	0	reg_əd	reg_əd	reg_t
string	ɔ r d ɹ̩	ɔ r d ɹ̩ d	ɔ r d ɹ̩ d	k ɔ r d	k ɔ r d ə d	k ɔ r d ə d	ɔ r d ɹ̩ ə d	0	0	reg_d	reg_d	reg_əd
string	f l a ɪ	f l uː	f l a ɪ d	f r a ɪ	f r a ɪ d	f r a ɪ d	f l a ɪ d	1	0	vowel_change	reg_d	reg_d
string	l o ʊ d	l o ʊ d ə d	l o ʊ d ə d	l o ʊ n	l o ʊ n d	l o ʊ n d	l o ʊ d d	0	0	reg_əd	reg_əd	reg_d
string	k ə m p l e ɪ n	k ə m p l e ɪ n d	k ə m p l e ɪ n d	k ə n t e ɪ n	k ə n t e ɪ n d	k ə n t e ɪ n d	k ə m p l e ɪ n d	1	1	reg_d	reg_d	reg_d
string	b l ɛ n d	b l ɛ n d ə d	b l ɛ n d ə d	l ɛ n d	l ɛ n d ə d	l ɛ n t	b l ɛ n d ə d	1	1	reg_əd	reg_əd	reg_əd
string	b l ɑː k	b l ɑː k t	b l ɑː k t	k l ɑː k	k l ɑː k t	k l ɑː k t	b l ɑː k t	1	1	reg_t	reg_t	reg_t
string	t ɪ p	t ɪ p t	t ɪ p t	s ɪ p	s æ p t	s ɪ p t	t æ p t	0	0	reg_t	reg_t	vowel_change_suffix
string	d͡ʒ ɛ t	d͡ʒ ɛ t ə d	d͡ʒ ɛ t	w ɛ t	w ɛ t	w ɛ t	d͡ʒ ɛ t	1	0	reg_əd	no_change	no_change
string	b r iː ð	b r iː ð d	b r iː ð d	b e ɪ ð	b e ɪ ð d	b e ɪ ð d	b r iː ð d	1	1	reg_d	reg_d	reg_d
string	d a ɪ ə l	d a ɪ ə l d	d a ɪ ə l d	d a ɪ n	d a ɪ n d	d a ɪ n d	d a ɪ ə l d	1	1	reg_d	reg_d	reg_d
string	m ɛ n ʃ ə n	m ɛ n ʃ ə n d	m ɛ n ʃ ə n d	s ɛ n t ə n s	s ɛ n t ə n s t	s ɛ n t ə n s t	m ɛ n ʃ ə n t	0	0	reg_d	reg_d	reg_t
string	h ʌ ɡ	h ʌ ɡ d	h ʌ ɡ d	b ʌ ɡ	b ʌ ɡ d	b ʌ ɡ d	h ʌ ɡ d	1	1	reg_d	reg_d	reg_d
string	p a ʊ ɹ̩	p a ʊ ɹ̩ d	p a ʊ ɹ̩ d	p a ʊ t	p a ʊ t ə d	p a ʊ t ə d	p a ʊ ɹ̩ ə d	0	0	reg_d	reg_d	reg_əd
string	s ɑː k	s ɑː k t	s ɑː k t	k ɑː k	k ɑː k t	k ɑː k t	s ɑː k t	1	1	reg_t	reg_t	reg_t
string	w uː p	w uː p t	w uː p t	p uː p	p uː p t	p uː p t	w uː p t	1	1	reg_t	reg_t	reg_t
string	r iː m a ɪ n d	r iː m a ɪ n d ə d	r iː m a ɪ n d ə d	r iː b a ʊ n d	r iː b a ʊ n d ə d	r iː b a ʊ n d ə d	r iː m a ɪ n d ə d	1	1	reg_əd	reg_əd	reg_əd
string	h æ n d ə l	h æ n d ə l d	h æ n d ə l d	p æ d ə l	p æ d ə l d	p æ d ə l d	h æ n d ə l d	1	1	reg_d	reg_d	reg_d
string	s n iː z	s n iː z d	s n iː z d	s n iː k	s n iː k t	s n iː k t	s n iː z t	0	0	reg_d	reg_d	reg_t
string	v ɪ z ɪ t	v ɪ z ɪ t ə d	v ɪ z ɪ t ə d	r ɪ z ɪ s t	r ɪ z ɪ s t ə d	r ɪ z ɪ s t ə d	v ɪ z ɪ t ə d	1	1	reg_əd	reg_əd	reg_əd
string	s l a ɪ d	s l ɪ d	s l a ɪ d	s a ɪ d	s a ɪ d ə d	s a ɪ d ə d	s l a ɪ d ə d	0	0	vowel_change	no_change	reg_əd
string	p l æ n	p l æ n d	p l æ n d	p l æ n t	p l æ n t ə d	p l æ n t ə d	p l æ n ə d	0	0	reg_d	reg_d	reg_əd
string	ɛ l b o ʊ	ɛ l b o ʊ d	ɛ l b o ʊ d	ɛ k o ʊ	ɛ k o ʊ d	ɛ k o ʊ d	ɛ l b o ʊ d	1	1	reg_d	reg_d	reg_d
string	b ɑː k s	b ɑː k s t	b ɑː k s t	b æ k	b æ k t	b æ k t	b ɑː k s t	1	1	reg_t	reg_t	reg_t
string	ɪ n k l uː d	ɪ n k l uː d ə d	ɪ n k l uː d ə d	ɪ n v e ɪ d	ɪ n v e ɪ d ə d	ɪ n v e ɪ d ə d	ɪ n k l uː d ə d	1	1	reg_əd	reg_əd	reg_əd
string	b ɹ̩ n	b ɹ̩ n d	b ɹ̩ n d	l ɹ̩ n	l ɹ̩ n d	l ɹ̩ n d	b ɹ̩ n d	1	1	reg_d	reg_d	reg_d
string	ʃ e ɪ p	ʃ e ɪ p t	ʃ e ɪ p t	ʃ e ɪ k	ʃ e ɪ k t	ʃ ʊ k	ʃ e ɪ p t	1	1	reg_t	reg_t	reg_t
string	b o ʊ n	b o ʊ n d	b o ʊ n d	o ʊ n	o ʊ n d	o ʊ n d	b o ʊ n d	1	1	reg_d	reg_d	reg_d
string	f ɪ l	f ɪ l d	f ɪ l d	f ɔ l	f ɔ l d	f ɛ l	f ɪ l d	1	1	reg_d	reg_d	reg_d
string	m æ s k	m æ s k t	m æ s k t	æ s k	æ s k t	æ s k t	m æ s k t	1	1	reg_t	reg_t	reg_t
string	s ɛ l ə b r e ɪ t	s ɛ l ə b r e ɪ t ə d	s ɛ l ə b r e ɪ t ə d	ɪ l ə s t r e ɪ t	ɪ l ə s t r e ɪ t ə d	ɪ l ə s t r e ɪ t ə d	s ɛ l ə b r e ɪ t ə d	1	1	reg_əd	reg_əd	reg_əd
string	k r ʌ m b ə l	k r ʌ m b ə l d	k r ʌ m b ə l d	k r ʌ m p ə l	k r ʌ m p ə l d	k r ʌ m p ə l d	k r ʌ m b ə l d	1	1	reg_d	reg_d	reg_d
string	r ɑː k	r ɑː k t	r ɑː k t	r ɑː b	r ɑː b d	r ɑː b d	r ɑː k d	0	0	reg_t	reg_t	reg_d
string	ɡ ɛ r ə n t iː	ɡ ɛ r ə n t iː d	ɡ ə r ə n t ə d	f ɛ r ə t	f ɛ r ə t ə d	f ɛ r ə t ə d	ɡ ɛ r ə n t iː ə d	0	0	reg_d	other	reg_əd
string	k ə n ɛ k t	k ə n ɛ k t ə d	k ə n ɛ k t ə d	k ə l ɛ k t	k ə l ɛ k t ə d	k ə l ɛ k t ə d	k ə n ɛ k t ə d	1	1	reg_əd	reg_əd	reg_əd
string	t ɔ s	t ɔ s t	t ɔ s t	t ɔ k	t ɔ k t	t ɔ k t	t ɔ s t	1	1	reg_t	reg_t	reg_t
string	iː v ɪ n	iː v ɪ n d	iː v æ n d	r e ɪ n	r e ɪ n d	r e ɪ n d	iː v ɪ n d	0	1	reg_d	vowel_change_suffix	reg_d
string	b a ʊ n s	b a ʊ n s t	b a ʊ n s t	p a ʊ n s	p a ʊ n s t	p a ʊ n s t	b a ʊ n s t	1	1	reg_t	reg_t	reg_t
string	ɹ̩ n	ɹ̩ n d	ɹ̩ n d	t ɹ̩ n	t ɹ̩ n d	t ɹ̩ n d	ɹ̩ n d	1	1	reg_d	reg_d	reg_d
string	k l a ʊ d	k l a ʊ d ə d	k l a ʊ d ə d	k r a ʊ d	k r a ʊ d ə d	k r a ʊ d ə d	k l a ʊ d ə d	1	1	reg_əd	reg_əd	reg_əd
string	k ʌ p ə l	k ʌ p ə l d	k ʌ p ə l d	k ʌ d ə l	k ʌ d ə l d	k ʌ d ə l d	k ʌ p ə l d	1	1	reg_d	reg_d	reg_d
string	f l ʌ ʃ	f l ʌ ʃ t	f l ʌ ʃ t	b l ʌ ʃ	b l ʌ ʃ t	b l ʌ ʃ t	f l ʌ ʃ t	1	1	reg_t	reg_t	reg_t
string	h ɑː r n ə s	h ɑː r n ə s t	h ɑː r n ə s t	h ɑː r d ə n	h ɑː r d ə n d	h ɑː r d ə n d	h ɑː r n ə s d	0	0	reg_t	reg_t	reg_d
string	b r a ʊ n	b r a ʊ n d	b r a ʊ n d	d r a ʊ n	d r a ʊ n d	d r a ʊ n d	b r a ʊ n d	1	1	reg_d	reg_d	reg_d
string	s t ɪ ŋ k	s t ʌ ŋ k	s t ɪ ŋ k t	s ɪ ŋ k	s ɪ ŋ k t	s æ ŋ k	s t ɪ ŋ k t	1	0	vowel_change	reg_t	reg_t
string	r iː f r ɛ ʃ	r iː f r ɛ ʃ t	r iː f r ɛ r d	r iː r	r iː r d	r iː r d	r iː f r ɛ ʃ d	0	0	reg_t	coda_change	reg_d
string	p r ə f ɹ̩	p r ə f ɹ̩ d	p r ə f ɹ̩ d	r ə f ɹ̩	r ə f ɹ̩ d	r ə f ɹ̩ d	p r ə f ɹ̩ d	1	1	reg_d	reg_d	reg_d
string	s t iː l	s t o ʊ l	s t iː l d	s iː l	s iː l d	s iː l d	s t iː l d	1	0	vowel_change	reg_d	reg_d
string	b æ n d	b æ n d ə d	b æ n d ə d	s æ n d	s æ n d ə d	s æ n d ə d	b æ n d ə d	1	1	reg_əd	reg_əd	reg_əd
string	r ɪ d	r ɪ d	r ɪ d ə d	r e ɪ d	r e ɪ d ə d	r e ɪ d ə d	r ɪ d ə d	1	0	no_change	reg_əd	reg_əd
string	k o ʊ ɑː p ɹ̩ e ɪ t	k o ʊ ɑː p ɹ̩ e ɪ t ə d	k o ʊ ɑː p ɹ̩ e ɪ t ə d	ɑː p ɹ̩ e ɪ t	ɑː p ɹ̩ e ɪ t ə d	ɑː p ɹ̩ e ɪ t ə d	k o ʊ ɑː p ɹ̩ e ɪ t ə d	1	1	reg_əd	reg_əd	reg_əd
string	b ɑː ð ɹ̩	b ɑː ð ɹ̩ d	b ɑː ð ɹ̩ d	f ɹ̩ ð ɹ̩	f ɹ̩ ð ɹ̩ d	f ɹ̩ ð ɹ̩ d	b ɑː ð ɹ̩ d	1	1	reg_d	reg_d	reg_d
string	r ɛ s t	r ɛ s t ə d	r ɛ s t ə d	b ɛ s t	b ɛ s t ə d	b ɛ s t ə d	r ɛ s t ə d	1	1	reg_əd	reg_əd	reg_əd
string	ɑː k j ə p a ɪ	ɑː k j ə p a ɪ d	ɑː k j ə p ə d	k r a ɪ	k r a ɪ d	k r a ɪ d	ɑː k j ə p a ɪ d	0	1	reg_d	vowel_change_suffix	reg_d
string	s k r ɪ b ə l	s k r ɪ b ə l d	s k r ɪ b ə l d	s k r æ m b ə l	s k r æ m b ə l d	s k r æ m b ə l d	s k r ɪ b ə l d	1	1	reg_d	reg_d	reg_d
string	b l æ s t	b l æ s t ə d	b l æ s t ə d	l æ s t	l æ s t ə d	l æ s t ə d	b l æ s t ə d	1	1	reg_əd	reg_əd	reg_əd
string	h æ m ɹ̩	h æ m ɹ̩ d	h æ m ɹ̩ d	b æ t ɹ̩	b æ t ɹ̩ d	b æ t ɹ̩ d	h æ m ɹ̩ d	1	1	reg_d	reg_d	reg_d
string	d r ɪ l	d r ɪ l d	d r ɪ l d	d r ɪ p	d r ɪ p t	d r ɪ p t	d r ɪ l t	0	0	reg_d	reg_d	reg_t
string	p r æ k t ɪ s	p r æ k t ɪ s t	p r æ k t ə s t	r æ t ə l	r æ t ə l d	r æ t ə l d	p r æ k t ɪ s d	0	0	reg_t	vowel_change_suffix	reg_d
string	t a ɪ p	t a ɪ p t	t a ɪ p t	t a ɪ	t a ɪ d	t a ɪ d	t a ɪ p d	0	0	reg_t	reg_t	reg_d
string	æ d	æ d ə d	æ d ʌ d	p æ d	p æ d ə d	p æ d ə d	æ d ə d	0	1	reg_əd	other	reg_əd
string	b o ʊ l	b o ʊ l d	b o ʊ l d	r o ʊ l	r o ʊ l d	r o ʊ l d	b o ʊ l d	1	1	reg_d	reg_d	reg_d
string	t o ʊ t	t o ʊ t ə d	t o ʊ t ə d	t o ʊ s t	t o ʊ s t ə d	t o ʊ s t ə d	t o ʊ t ə d	1	1	reg_əd	reg_əd	reg_əd
string	s w ɪ ʃ	s w ɪ ʃ t	s w ɪ ʃ t	s w ɪ m	s w ɪ m d	s w æ m	s w ɪ ʃ d	0	0	reg_t	reg_t	reg_d
string	b l e ɪ m	b l e ɪ m d	b l e ɪ m d	b r e ɪ v	b r e ɪ v d	b r e ɪ v d	b l e ɪ m d	1	1	reg_d	reg_d	reg_d
string	ɪ k s a ɪ t	ɪ k s a ɪ t ə d	ɪ k s a ɪ t ə d	ɪ k s ɛ p t	ɪ k s ɛ p t ə d	ɪ k s ɛ p t ə d	ɪ k s a ɪ t ə d	1	1	reg_əd	reg_əd	reg_əd
string	t͡ʃ a ɪ m	t͡ʃ a ɪ m d	t͡ʃ a ɪ m d	r a ɪ m	r a ɪ m d	r a ɪ m d	t͡ʃ a ɪ m d	1	1	reg_d	reg_d	reg_d
string	t͡ʃ iː r	t͡ʃ iː r d	t͡ʃ iː r d	s iː r	s iː r d	s iː r d	t͡ʃ iː r d	1	1	reg_d	reg_d	reg_d
string	f r e ɪ m	f r e ɪ m d	f r e ɪ m d	f r e ɪ z	f r e ɪ z d	f r e ɪ z d	f r e ɪ m d	1	1	reg_d	reg_d	reg_d
string	d æ m	d æ m d	d æ m d	d͡ʒ æ m	d͡ʒ æ m d	d͡ʒ æ m d	d æ m d	1	1	reg_d	reg_d	reg_d
string	t͡ʃ iː t	t͡ʃ iː t ə d	t͡ʃ iː t	b iː t	b iː t	b iː t	t͡ʃ iː t	1	0	reg_əd	no_change	no_change
string	l iː n	l iː n d	l iː n d	k l iː n	k l iː n d	k l iː n d	l iː n d	1	1	reg_d	reg_d	reg_d
string	s k r iː m	s k r iː m d	s k r iː m d	k r iː m	k r iː m d	k r iː m d	s k r iː m d	1	1	reg_d	reg_d	reg_d
string	ɪ ɡ n ɔ r	ɪ ɡ n ɔ r d	ɪ ɡ n ɔ r d	n iː r	n iː r d	n iː r d	ɪ ɡ n ɔ r d	1	1	reg_d	reg_d	reg_d
string	s k uː p	s k uː p t	s k uː p t	s k uː l	s k uː l d	s k uː l d	s k uː p d	0	0	reg_t	reg_t	reg_d
string	θ ʌ m p	θ ʌ m p t	θ ʌ m p t	p ʌ m p	p ʌ m p t	p ʌ m p t	θ ʌ m p t	1	1	reg_t	reg_t	reg_t
string	s t iː r	s t iː r d	s t iː r d	s m iː r	s m iː r d	s m iː r d	s t iː r d	1	1	reg_d	reg_d	reg_d
string	s p ɪ n	s p ʌ n	s p ɪ n d	s p ɪ l	s p ɪ l d	s p ɪ l d	s p ɪ n d	1	0	vowel_change	reg_d	reg_d
string	h ʌ f	h ʌ f t	h ʌ f t	k ʌ m	k ʌ m d	k e ɪ m	h ʌ f d	0	0	reg_t	reg_t	reg_d
string	t ɛ n d	t ɛ n d ə d	t ɛ n d ə d	s ɛ n d	s ɛ n d ə d	s ɛ n t	t ɛ n d ə d	1	1	reg_əd	reg_əd	reg_əd
string	s p e ɪ s	s p e ɪ s t	s p e ɪ s t	s p a ɪ s	s p a ɪ s t	s p a ɪ s t	s p e ɪ s t	1	1	reg_t	reg_t	reg_t
string	s t r e ɪ t ə n	s t r e ɪ t ə n d	s t r t ə t ə n d	s t e ɪ ʃ ə n	s t e ɪ ʃ ə n d	s t e ɪ ʃ ə n d	s t r e ɪ t ə n d	0	1	reg_d	other	reg_d
string	p iː t ɹ̩	p iː t ɹ̩ d	p iː t ɹ̩ d	t iː t ɹ̩	t iː t ɹ̩ d	t iː t ɹ̩ d	p iː t ɹ̩ d	1	1	reg_d	reg_d	reg_d
string	m a ɪ n	m a ɪ n d	m a ɪ n d	m a ɪ n d	m a ɪ n d ə d	m a ɪ n d ə d	m a ɪ n ə d	0	0	reg_d	reg_d	reg_əd
string	h iː l	h iː l d	h iː l d	h iː t	h iː t ə d	h iː t ə d	h iː l ə d	0	0	reg_d	reg_d	reg_əd
string	ə t r æ k t	ə t r æ k t ə d	ə t r æ k t ə d	t r æ k	t r æ k t	t r æ k t	ə t r æ k t t	0	0	reg_əd	reg_əd	reg_t
string	s k w ɛ r	s k w ɛ r d	s k w ɛ r d	s k ɛ r	s k ɛ r d	s k ɛ r d	s k w ɛ r d	1	1	reg_d	reg_d	reg_d
string	f l ʌ f	f l ʌ f t	f l ʌ f t	l ʌ v	l ʌ v d	l ʌ v d	f l ʌ f d	0	0	reg_t	reg_t	reg_d
string	t o ʊ n	t o ʊ n d	t o ʊ n d	t o ʊ	t o ʊ d	t o ʊ d	t o ʊ n d	1	1	reg_d	reg_d	reg_d
string	d͡ʒ ɪ m iː	d͡ʒ ɪ m iː d	d͡ʒ ɪ m iː d	b ɪ z iː	b ɪ z iː d	b ɪ z iː d	d͡ʒ ɪ m iː d	1	1	reg_d	reg_d	reg_d
string	s m a ɪ l	s m a ɪ l d	s m a ɪ l d	p a ɪ l	p a ɪ l d	p a ɪ l d	s m a ɪ l d	1	1	reg_d	reg_d	reg_d
string	ə n w a ɪ n d	ə n w a ʊ n d	ə n w a ɪ n d ə d	w a ɪ n d	w a ɪ n d ə d	w a ɪ n d ə d	ə n w a ɪ n d ə d	1	0	vowel_change	reg_əd	reg_əd
string	d ɪ k l ɛ r	d ɪ k l ɛ r d	d ɪ k l ɛ r d	k ɛ r	k ɛ r d	k ɛ r d	d ɪ k l ɛ r d	1	1	reg_d	reg_d	reg_d
string	k ə n d ʌ k t	k ə n d ʌ k t ə d	k ə n d ʌ k ə d	k ə n s ʌ l t	k ə n s ʌ l t ə d	k ə n s ʌ l t ə d	k ə n d ʌ k t ə d	0	1	reg_əd	other	reg_əd
string	s t r e ɪ n	s t r e ɪ n d	s t r e ɪ n d	s t e ɪ n	s t e ɪ n d	s t e ɪ n d	s t r e ɪ n d	1	1	reg_d	reg_d	reg_d
string	k ə l æ p s	k ə l æ p s t	k ə l æ p s t	k l æ s	k l æ s t	k l æ s t	k ə l æ p s t	1	1	reg_t	reg_t	reg_t
string	p ɑː r t ɪ s ə p e ɪ t	p ɑː r t ɪ s ə p e ɪ t ə d	p ɑː r t	ɑː r t ɪ k j ə l e ɪ t	ɑː r t ɪ k j ə l e ɪ t ə d	ɑː r t ɪ k j ə l e ɪ t ə d	p ɑː r t ɪ s ə p e ɪ t ə d	0	1	reg_əd	other	reg_əd
string	t r æ n z l e ɪ t	t r æ n z l e ɪ t ə d	t r æ n z d	r ɪ l e ɪ t	r ɪ l e ɪ t ə d	r ɪ l e ɪ t ə d	t r æ n z l e ɪ t ə d	0	1	reg_əd	other	reg_əd
string	d ɪ s k ʌ s	d ɪ s k ʌ s t	d ɪ s k ʌ s t	d ɪ s k ʌ v ɹ̩	d ɪ s k ʌ v ɹ̩ d	d ɪ s k ʌ v ɹ̩ d	d ɪ s k ʌ s d	0	0	reg_t	reg_t	reg_d
string	f ɹ̩ ɡ ɪ v	f ɹ̩ ɡ e ɪ v	f ɹ̩ ɡ ɪ v d	ɡ ɪ v	ɡ ɪ v d	ɡ e ɪ v	f ɹ̩ ɡ ɪ v d	1	0	vowel_change	reg_d	reg_d
string	ə r a ɪ z	ə r o ʊ z	ə r a ɪ z d	r a ɪ z	r a ɪ z d	r o ʊ z	ə r a ɪ z d	1	0	vowel_change	reg_d	reg_d
string	f r a ɪ t ə n	f r a ɪ t ə n d	f r a ɪ t ə n d	b r a ɪ t ə n	b r a ɪ t ə n d	b r a ɪ t ə n d	f r a ɪ t ə n d	1	1	reg_d	reg_d	reg_d
string	ɔ ɪ l	ɔ ɪ l d	ɔ ɪ l d	k ɪ l	k ɪ l d	k ɪ l d	ɔ ɪ l d	1	1	reg_d	reg_d	reg_d
string	ə n l o ʊ d	ə n l o ʊ d ə d	ə n l o ʊ d ə d	r iː l o ʊ d	r iː l o ʊ d ə d	r iː l o ʊ d ə d	ə n l o ʊ d ə d	1	1	reg_əd	reg_əd	reg_əd
string	ɡ r ʌ m b ə l	ɡ r ʌ m b ə l d	ɡ r ʌ m b ə l d	k r ʌ m p ə l	k r ʌ m p ə l d	k r ʌ m p ə l d	ɡ r ʌ m b ə l d	1	1	reg_d	reg_d	reg_d
string	r ɛ k	r ɛ k t	r ɛ k t	t͡ʃ ɛ k	t͡ʃ ɛ k t	t͡ʃ ɛ k t	r ɛ k t	1	1	reg_t	reg_t	reg_t
string	s p ɑː t	s p ɑː t ə d	s p ɑː t ə d	s p ɪ t	s p ɪ t	s p æ t	s p ɑː t	0	0	reg_əd	reg_əd	no_change
string	b ʌ t ɹ̩	b ʌ t ɹ̩ d	b ʌ t ɹ̩ d	b ɛ t ɹ̩	b ɛ t ɹ̩ d	b ɛ t ɹ̩ d	b ʌ t ɹ̩ d	1	1	reg_d	reg_d	reg_d
string	s t iː p	s t iː p t	s t iː p t	s t iː m	s t iː m d	s t iː m d	s t iː p d	0	0	reg_t	reg_t	reg_d
string	h ʌ s ə l	h ʌ s ə l d	h ʌ s ə l d	m ʌ s ə l	m ʌ s ə l d	m ʌ s ə l d	h ʌ s ə l d	1	1	reg_d	reg_d	reg_d
string	k ə n t ɪ n j uː	k ə n t ɪ n j uː d	k ə n t ɪ n d	k ə n v ɪ n s	k ə n v ɪ n s t	k ə n v ɪ n s t	k ə n t ɪ n j uː t	0	0	reg_d	other	reg_t
string	r ɛ n t	r ɛ n t ə d	r ɛ n t ə d	r ɛ n t͡ʃ	r ɛ n t͡ʃ t	r ɛ n t͡ʃ t	r ɛ n t t	0	0	reg_əd	reg_əd	reg_t
string	k r ʌ n t͡ʃ	k r ʌ n t͡ʃ t	k r ʌ n t͡ʃ t	l ʌ n t͡ʃ	l ʌ n t͡ʃ t	l ʌ n t͡ʃ t	k r ʌ n t͡ʃ t	1	1	reg_t	reg_t	reg_t
string	r ɛ s k j uː	r ɛ s k j uː d	r ɛ s k j uː d	r ɛ s ə l	r ɛ s ə l d	r ɛ s ə l d	r ɛ s k j uː d	1	1	reg_d	reg_d	reg_d
string	t ɑː p	t ɑː p t	t ɑː p t	t æ p	t æ p t	t æ p t	t ɑː p t	1	1	reg_t	reg_t	reg_t
string	b l iː d	b l ɛ d	b l iː d ə d	b iː d	b iː d ə d	b iː d ə d	b l iː d ə d	1	0	vowel_change	reg_əd	reg_əd
string	p r ɪ k	p r ɪ k t	p r ɪ k t	p ɪ k	p ɪ k t	p ɪ k t	p r ɪ k t	1	1	reg_t	reg_t	reg_t
string	o ʊ ɡ ə l	o ʊ ɡ ə l d	o ʊ ɡ ə l d	d͡ʒ ʌ ɡ ə l	d͡ʒ ʌ ɡ ə l d	d͡ʒ ʌ ɡ ə l d	o ʊ ɡ ə l d	1	1	reg_d	reg_d	reg_d
string	s ɔ ɪ l	s ɔ ɪ l d	s ɔ ɪ l d	t ɔ ɪ l	t ɔ ɪ l d	t ɔ ɪ l d	s ɔ ɪ l d	1	1	reg_d	reg_d	reg_d
string	ɡ ɑː l f	ɡ ɑː l f t	ɡ ɑː l f t	ɡ l uː	ɡ l uː d	ɡ l uː d	ɡ ɑː l f d	0	0	reg_t	reg_t	reg_d
string	b ʌ s t	b ʌ s t ə d	b ʌ s t ə d	b ʌ s	b ʌ s t	b ʌ s t	b ʌ s t t	0	0	reg_əd	reg_əd	reg_t
string	r iː s a ɪ k ə l	r iː s a ɪ k ə l d	r iː s a ɪ k ə l d	r iː f ɪ l	r iː f ɪ l d	r iː f ɪ l d	r iː s a ɪ k ə l d	1	1	reg_d	reg_d	reg_d
string	s t uː	s t uː d	s t uː d	s uː	s uː d	s uː d	s t uː d	1	1	reg_d	reg_d	reg_d
string	b æ t	b æ t ə d	b æ t	b iː t	b iː t	b iː t	b æ t	1	0	reg_əd	no_change	no_change
string	s ʌ f ɹ̩	s ʌ f ɹ̩ d	s ʌ f ɹ̩ d	s ɪ f t	s ɪ f t ə d	s ɪ f t ə d	s ʌ f ɹ̩ ə d	0	0	reg_d	reg_d	reg_əd
string	v ɪ ʒ w ə l a ɪ z	v ɪ ʒ w ə l a ɪ z d	v ɪ l ə l ə d	s ɪ v ə l a ɪ z	s ɪ v ə l a ɪ z d	s ɪ v ə l a ɪ z d	v ɪ ʒ w ə l a ɪ z d	0	1	reg_d	other	reg_d
string	k æ p	k æ p t	k æ p t	k æ ʃ	k æ ʃ t	k æ ʃ t	k æ p t	1	1	reg_t	reg_t	reg_t
string	t ʌ m b ə l	t ʌ m b ə l d	t ʌ m b ə l d	b ʌ b ə l	b ʌ b ə l d	b ʌ b ə l d	t ʌ m b ə l d	1	1	reg_d	reg_d	reg_d
string	d ɪ s k r a ɪ b	d ɪ s k r a ɪ b d	d ɪ s k r a ɪ b d	p r iː s k r a ɪ b	p r iː s k r a ɪ b d	p r iː s k r a ɪ b d	d ɪ s k r a ɪ b d	1	1	reg_d	reg_d	reg_d
string	h ɛ z ə t e ɪ t	h ɛ z ə t e ɪ t ə d	h ɛ z ə t e ɪ t ə d	d ɛ v ə s t e ɪ t	d ɛ v ə s t e ɪ t ə d	d ɛ v ə s t e ɪ t ə d	h ɛ z ə t e ɪ t ə d	1	1	reg_əd	reg_əd	reg_əd
string	m ɑː r	m ɑː r d	m ɑː r d	m ɑː r t͡ʃ	m ɑː r t͡ʃ t	m ɑː r t͡ʃ t	m ɑː r t	0	0	reg_d	reg_d	reg_t
string	p r ə n a ʊ n s	p r ə n a ʊ n s t	p r ə n a ʊ n a ɪ s t ə d	p a ʊ n s	p a ʊ n s t	p a ʊ n s t	p r ə n a ʊ n s t	0	1	reg_t	other	reg_t
string	f ɪ k s e ɪ t	f ɪ k s e ɪ t ə d	f ɪ k s e ɪ t ə d	d ɛ k ɹ̩ e ɪ t	d ɛ k ɹ̩ e ɪ t ə d	d ɛ k ɹ̩ e ɪ t ə d	f ɪ k s e ɪ t ə d	1	1	reg_əd	reg_əd	reg_əd
string	b ɑː s	b ɑː s t	b ɑː s t	b ʌ s	b ʌ s t	b ʌ s t	b ɑː s t	1	1	reg_t	reg_t	reg_t
string	d ɪ s t ɹ̩ b	d ɪ s t ɹ̩ b d	d ɪ s t ɹ̩ d ə d	s t ɹ̩	s t ɹ̩ d	s t ɹ̩ d	d ɪ s t ɹ̩ b d	0	1	reg_d	other	reg_d
string	s n æ k	s n æ k t	s n æ k t	s n æ t͡ʃ	s n æ t͡ʃ t	s n æ t͡ʃ t	s n æ k t	1	1	reg_t	reg_t	reg_t
string	d ʌ s t	d ʌ s t ə d	d ʌ s t ə d	k ɑː s t	k ɑː s t ə d	k ɑː s t	d ʌ s t ə d	1	1	reg_əd	reg_əd	reg_əd
string	m o ʊ n	m o ʊ n d	m o ʊ n d	o ʊ n	o ʊ n d	o ʊ n d	m o ʊ n d	1	1	reg_d	reg_d	reg_d
string	p iː l	p iː l d	p iː l d	w iː l	w iː l d	w iː l d	p iː l d	1	1	reg_d	reg_d	reg_d
string	f l ɑː p	f l ɑː p t	f l ɑː p t	p l ɑː p	p l ɑː p t	p l ɑː p t	f l ɑː p t	1	1	reg_t	reg_t	reg_t
string	f l æ ʃ	f l æ ʃ t	f l æ ʃ t	f l æ p	f l æ p t	f l æ p t	f l æ ʃ t	1	1	reg_t	reg_t	reg_t
string	p e ɪ s t	p e ɪ s t ə d	p e ɪ s t ə d	w e ɪ s t	w e ɪ s t ə d	w e ɪ s t ə d	p e ɪ s t ə d	1	1	reg_əd	reg_əd	reg_əd
string	ɡ ɑː r b ə l	ɡ ɑː r b ə l d	ɡ ɑː r b ə l d	w ɑː b ə l	w ɑː b ə l d	w ɑː b ə l d	ɡ ɑː r b ə l d	1	1	reg_d	reg_d	reg_d
string	ɪ n t ɛ n d	ɪ n t ɛ n d ə d	ɪ n t ɛ n t ə d	ə t ɛ n d	ə t ɛ n d ə d	ə t ɛ n d ə d	ɪ n t ɛ n d ə d	0	1	reg_əd	other	reg_əd
string	r o ʊ t e ɪ t	r o ʊ t e ɪ t ə d	r o ʊ t e ɪ t ə d	o ʊ b e ɪ	o ʊ b e ɪ d	o ʊ b e ɪ d	r o ʊ t e ɪ t d	0	0	reg_əd	reg_əd	reg_d
string	s ɑː l v	s ɑː l v d	s ɑː l v d	s ɔ l t	s ɔ l t ə d	s ɔ l t ə d	s ɑː l v ə d	0	0	reg_d	reg_d	reg_əd
string	r ɪ s p ɑː n d	r ɪ s p ɑː n d ə d	r ɪ s p ɑː n d ə d	d ɪ p ɛ n d	d ɪ p ɛ n d ə d	d ɪ p ɛ n d ə d	r ɪ s p ɑː n d ə d	1	1	reg_əd	reg_əd	reg_əd
string	p r a ɪ s	p r a ɪ s t	p r a ɪ s t	p r a ɪ	p r a ɪ d	p r a ɪ d	p r a ɪ s d	0	0	reg_t	reg_t	reg_d
string	h ɑː r p	h ɑː r p t	h ɑː r p t	t͡ʃ ɑː r t	t͡ʃ ɑː r t ə d	t͡ʃ ɑː r t ə d	h ɑː r p ə d	0	0	reg_t	reg_t	reg_əd
string	ɪ ɡ z ɔ s t	ɪ ɡ z ɔ s t ə d	ɪ ɡ z ɔ s t ə d	ɪ ɡ z ɪ s t	ɪ ɡ z ɪ s t ə d	ɪ ɡ z ɪ s t ə d	ɪ ɡ z ɔ s t ə d	1	1	reg_əd	reg_əd	reg_əd
string	t ɛ r ə f a ɪ	t ɛ r ə f a ɪ d	t ɛ r ə f a ɪ d	t ɛ r ə r a ɪ z	t ɛ r ə r a ɪ z d	t ɛ r ə r a ɪ z d	t ɛ r ə f a ɪ d	1	1	reg_d	reg_d	reg_d
string	s a ʊ	s a ʊ d	s a ʊ d	v a ʊ	v a ʊ d	v a ʊ d	s a ʊ d	1	1	reg_d	reg_d	reg_d
string	e ɪ d	e ɪ d ə d	e ɪ d ə d	b ɪ d	b ɪ d ə d	b e ɪ d	e ɪ d ə d	1	1	reg_əd	reg_əd	reg_əd
string	ə n p æ k	ə n p æ k t	ə n p æ k t	ə n l ɑː k	ə n l ɑː k t	ə n l ɑː k t	ə n p æ k t	1	1	reg_t	reg_t	reg_t
string	p r ɪ v ɛ n t	p r ɪ v ɛ n t ə d	p r ɪ v ɛ n t ə d	p r ɪ n t	p r ɪ n t ə d	p r ɪ n t ə d	p r ɪ v ɛ n t ə d	1	1	reg_əd	reg_əd	reg_əd
string	k ə n s ɪ d ɹ̩	k ə n s ɪ d ɹ̩ d	k ə n s t ə d ɹ̩ d	k ə n s ɪ s t	k ə n s ɪ s t ə d	k ə n s ɪ s t ə d	k ə n s ɪ d ɹ̩ ə d	0	0	reg_d	other	reg_əd
string	w ɑː d	w ɑː d ə d	w ɑː d ə d	w ɛ d	w ɛ d ə d	w ɛ d	w ɑː d ə d	1	1	reg_əd	reg_əd	reg_əd
string	t r ʌ s t	t r ʌ s t ə d	t r ʌ s t ə d	θ r ʌ s t	θ r ʌ s t ə d	θ r ʌ s t	t r ʌ s t ə d	1	1	reg_əd	reg_əd	reg_əd
string	m ɑː d ə l	m ɑː d ə l d	m ɑː d ə l d	w ɑː f ə l	w ɑː f ə l d	w ɑː f ə l d	m ɑː d ə l d	1	1	reg_d	reg_d	reg_d
string	s t e ɪ p ə l	s t e ɪ p ə l d	s t e ɪ p ə l d	t e ɪ b ə l	t e ɪ b ə l d	t e ɪ b ə l d	s t e ɪ p ə l d	1	1	reg_d	reg_d	reg_d
string	p r ə v a ɪ d	p r ə v a ɪ d ə d	p r ə v a ɪ d ə d	p r ə s iː d	p r ə s iː d ə d	p r ə s iː d ə d	p r ə v a ɪ d ə d	1	1	reg_əd	reg_əd	reg_əd
string	t r ɛ m b ə l	t r ɛ m b ə l d	t r ɛ m b ə l d	t r æ m p ə l	t r æ m p ə l d	t r æ m p ə l d	t r ɛ m b ə l d	1	1	reg_d	reg_d	reg_d
string	p l a ʊ	p l a ʊ d	p l a ʊ d	ə l a ʊ	ə l a ʊ d	ə l a ʊ d	p l a ʊ d	1	1	reg_d	reg_d	reg_d
string	w æ ɡ	w æ ɡ d	w æ ɡ d	w æ k	w æ k t	w æ k t	w æ ɡ t	0	0	reg_d	reg_d	reg_t
string	b l iː t͡ʃ	b l iː t͡ʃ t	b l iː t͡ʃ t	b iː t͡ʃ	b iː t͡ʃ t	b iː t͡ʃ t	b l iː t͡ʃ t	1	1	reg_t	reg_t	reg_t
string	t æ t ə l	t æ t ə l d	t æ t ə l d	t æ k ə l	t æ k ə l d	t æ k ə l d	t æ t ə l d	1	1	reg_d	reg_d	reg_d
string	s k ɹ̩ t	s k ɹ̩ t ə d	s k ɹ̩ t ə d	s k ɹ̩ iː	s k ɹ̩ iː d	s k ɹ̩ iː d	s k ɹ̩ t d	0	0	reg_əd	reg_əd	reg_d
string	ɛ r	ɛ r d	ɛ r ɛ r d	ʃ ɛ r	ʃ ɛ r d	ʃ ɛ r d	ɛ r d	0	1	reg_d	other	reg_d
string	ɛ k s ɹ̩ s a ɪ z	ɛ k s ɹ̩ s a ɪ z d	ɛ s ɹ̩ s ɹ̩ a ɪ z d	æ k s ɛ s ɹ̩ a ɪ z	æ k s ɛ s ɹ̩ a ɪ z d	æ k s ɛ s ɹ̩ a ɪ z d	ɛ k s ɹ̩ s a ɪ z d	0	1	reg_d	other	reg_d
string	f ʌ d͡ʒ	f ʌ d͡ʒ d	f ʌ d͡ʒ d	b ʌ d͡ʒ	b ʌ d͡ʒ d	b ʌ d͡ʒ d	f ʌ d͡ʒ d	1	1	reg_d	reg_d	reg_d
string	ɡ ʌ n	ɡ ʌ n d	ɡ ʌ n d	r ʌ n	r ʌ n d	r æ n	ɡ ʌ n d	1	1	reg_d	reg_d	reg_d
string	s p ɔ r t	s p ɔ r t ə d	s p ɔ r t ə d	s ɔ r t	s ɔ r t ə d	s ɔ r t ə d	s p ɔ r t ə d	1	1	reg_əd	reg_əd	reg_əd
string	r ɪ l iː v	r ɪ l iː v d	r ɪ l iː v d	r ə s iː v	r ə s iː v d	r ə s iː v d	r ɪ l iː v d	1	1	reg_d	reg_d	reg_d
string	ʃ o ʊ l d ɹ̩	ʃ o ʊ l d ɹ̩ d	ʃ o ʊ l o ʊ d	f o ʊ l d	f o ʊ l d ə d	f o ʊ l d ə d	ʃ o ʊ l d ɹ̩ ə d	0	0	reg_d	other	reg_əd
string	f ɔ r k	f ɔ r k t	f ɔ r k t	f ɔ r m	f ɔ r m d	f ɔ r m d	f ɔ r k d	0	0	reg_t	reg_t	reg_d
string	t w iː k	t w iː k t	t w ɛ k t	w iː n	w iː n d	w iː n d	t w iː k d	0	0	reg_t	vowel_change_suffix	reg_d
string	d æ ʃ	d æ ʃ t	d æ ʃ t	k æ ʃ	k æ ʃ t	k æ ʃ t	d æ ʃ t	1	1	reg_t	reg_t	reg_t
string	ɪ k s k l e ɪ m	ɪ k s k l e ɪ m d	ɪ k s k l e ɪ z d	ɪ k s p l e ɪ n	ɪ k s p l e ɪ n d	ɪ k s p l e ɪ n d	ɪ k s k l e ɪ m d	0	1	reg_d	coda_change	reg_d
string	s ə s p ɛ k t	s ə s p ɛ k t ə d	s p ɛ s p ɛ k t	s ə l ɛ k t	s ə l ɛ k t ə d	s ə l ɛ k t ə d	s ə s p ɛ k t ə d	0	1	reg_əd	other	reg_əd
string	t r æ n s f ɔ r m	t r æ n s f ɔ r m d	t r æ n f r s t ɔ r æ n d	ɪ n f ɔ r m	ɪ n f ɔ r m d	ɪ n f ɔ r m d	t r æ n s f ɔ r m d	0	1	reg_d	other	reg_d
string	θ r ɛ t ə n	θ r ɛ t ə n d	θ ɛ t r ə n d	f r ɛ k ə l	f r ɛ k ə l d	f r ɛ k ə l d	θ r ɛ t ə n d	0	1	reg_d	other	reg_d
string	m e ɪ t	m e ɪ t ə d	m e ɪ t ə d	w e ɪ t	w e ɪ t ə d	w e ɪ t ə d	m e ɪ t ə d	1	1	reg_əd	reg_əd	reg_əd
string	ɪ m p r uː v	ɪ m p r uː v d	ɪ m p r uː v d	p r uː v	p r uː v d	p r uː v d	ɪ m p r uː v d	1	1	reg_d	reg_d	reg_d
string	t ɑː l ɹ̩ e ɪ t	t ɑː l ɹ̩ e ɪ t ə d	t ɑː l ɹ̩ e ɪ t ə d	ɑː p ɹ̩ e ɪ t	ɑː p ɹ̩ e ɪ t ə d	ɑː p ɹ̩ e ɪ t ə d	t ɑː l ɹ̩ e ɪ t ə d	1	1	reg_əd	reg_əd	reg_əd
string	h ɔ n t	h ɔ n t ə d	h ɔ n t ə d	h ʌ n t	h ʌ n t ə d	h ʌ n t ə d	h ɔ n t ə d	1	1	reg_əd	reg_əd	reg_əd
string	t æ k	t æ k t	t æ k t	t ʌ k	t ʌ k t	t ʌ k t	t æ k t	1	1	reg_t	reg_t	reg_t
string	ɪ n d͡ʒ ɹ̩	ɪ n d͡ʒ ɹ̩ d	ɪ n d͡ʒ ɹ̩ d	w ɪ n t ɹ̩	w ɪ n t ɹ̩ d	w ɪ n t ɹ̩ d	ɪ n d͡ʒ ɹ̩ d	1	1	reg_d	reg_d	reg_d
string	p r ɪ d ɪ k t	p r ɪ d ɪ k t ə d	p r ɪ d ɪ k t ə d	r ɪ z ɪ s t	r ɪ z ɪ s t ə d	r ɪ z ɪ s t ə d	p r ɪ d ɪ k t ə d	1	1	reg_əd	reg_əd	reg_əd
string	d ɪ z a ɪ n	d ɪ z a ɪ n d	d ɪ z a ɪ n d	d ɪ f a ɪ n	d ɪ f a ɪ n d	d ɪ f a ɪ n d	d ɪ z a ɪ n d	1	1	reg_d	reg_d	reg_d
string	b ʌ n d ə l	b ʌ n d ə l d	b ʌ n d ə l d	b ʌ k ə l	b ʌ k ə l d	b ʌ k ə l d	b ʌ n d ə l d	1	1	reg_d	reg_d	reg_d
string	r ɪ s ɛ s	r ɪ s ɛ s t	r ɪ s ɛ s t	m ɪ s	m ɪ s t	m ɪ s t	r ɪ s ɛ s t	1	1	reg_t	reg_t	reg_t
string	b l a ɪ n d	b l a ɪ n d ə d	b l a ɪ n d ə d	f a ɪ n d	f a ɪ n d ə d	f a ʊ n d	b l a ɪ n d ə d	1	1	reg_əd	reg_əd	reg_əd
string	d r ʌ ɡ	d r ʌ ɡ d	d r ʌ ɡ d	d r æ ɡ	d r æ ɡ d	d r æ ɡ d	d r ʌ ɡ d	1	1	reg_d	reg_d	reg_d
string	f l e ɪ v ɹ̩	f l e ɪ v ɹ̩ d	f l e ɪ v ɹ̩ d	f e ɪ v ɹ̩	f e ɪ v ɹ̩ d	f e ɪ v ɹ̩ d	f l e ɪ v ɹ̩ d	1	1	reg_d	reg_d	reg_d
string	r ɪ p ɛ r	r ɪ p ɛ r d	r ɪ p ɛ r d	p r iː p ɛ r	p r iː p ɛ r d	p r iː p ɛ r d	r ɪ p ɛ r d	1	1	reg_d	reg_d	reg_d
string	k ɹ̩ s	k ɹ̩ s t	k ɹ̩ s t	p ɹ̩ s	p ɹ̩ s t	p ɹ̩ s t	k ɹ̩ s t	1	1	reg_t	reg_t	reg_t
string	ɪ n t͡ʃ	ɪ n t͡ʃ t	ɪ n t͡ʃ t	p ɪ n t͡ʃ	p ɪ n t͡ʃ t	p ɪ n t͡ʃ t	ɪ n t͡ʃ t	1	1	reg_t	reg_t	reg_t
string	t r æ n z m ɪ t	t r æ n z m ɪ t ə d	t r æ m ɪ m d	ɡ r æ n t	ɡ r æ n t ə d	ɡ r æ n t ə d	t r æ n z m ɪ t ə d	0	1	reg_əd	other	reg_əd
string	ʃ æ m p uː	ʃ æ m p uː d	ʃ æ m p uː d	k æ m p	k æ m p t	k æ m p t	ʃ æ m p uː t	0	0	reg_d	reg_d	reg_t
string	ɪ n k r iː s	ɪ n k r iː s t	ɪ n k r iː s t	k r iː m	k r iː m d	k r iː m d	ɪ n k r iː s d	0	0	reg_t	reg_t	reg_d
string	b ʊ t͡ʃ ɹ̩	b ʊ t͡ʃ ɹ̩ d	b ʊ t͡ʃ ɹ̩ d	b ɛ t ɹ̩	b ɛ t ɹ̩ d	b ɛ t ɹ̩ d	b ʊ t͡ʃ ɹ̩ d	1	1	reg_d	reg_d	reg_d
string	d o ʊ n e ɪ t	d o ʊ n e ɪ t ə d	d o ʊ n e ɪ t ə d	o ʊ b e ɪ	o ʊ b e ɪ d	o ʊ b e ɪ d	d o ʊ n e ɪ t d	0	0	reg_əd	reg_əd	reg_d
string	t͡ʃ æ l ə n d͡ʒ	t͡ʃ æ l ə n d͡ʒ d	t͡ʃ æ l ə n d͡ʒ d	b æ l ə n s	b æ l ə n s t	b æ l ə n s t	t͡ʃ æ l ə n d͡ʒ t	0	0	reg_d	reg_d	reg_t
string	ɛ ɡ z ɪ t	ɛ ɡ z ɪ t ə d	ɛ ɡ z ɪ t ə d	ɪ ɡ z ɪ s t	ɪ ɡ z ɪ s t ə d	ɪ ɡ z ɪ s t ə d	ɛ ɡ z ɪ t ə d	1	1	reg_əd	reg_əd	reg_əd
string	b ʊ k	b ʊ k t	b ʊ k t	l ʊ k	l ʊ k t	l ʊ k t	b ʊ k t	1	1	reg_t	reg_t	reg_t
string	m j uː z	m j uː z d	m j uː z d	m j uː t	m j uː t ə d	m j uː t ə d	m j uː z ə d	0	0	reg_d	reg_d	reg_əd
string	p ɔ ɪ z ə n	p ɔ ɪ z ə n d	p ɔ ɪ z ə n d	s ɔ f ə n	s ɔ f ə n d	s ɔ f ə n d	p ɔ ɪ z ə n d	1	1	reg_d	reg_d	reg_d
string	ɪ n f l uː ə n s	ɪ n f l uː ə n s t	ɪ n f l ə n s t ə d	b æ l ə n s	b æ l ə n s t	b æ l ə n s t	ɪ n f l uː ə n s t	0	1	reg_t	other	reg_t
string	s t r æ ŋ ɡ ə l	s t r æ ŋ ɡ ə l d	s t r æ ŋ ɡ ɡ l d	t æ ŋ ɡ ə l	t æ ŋ ɡ ə l d	t æ ŋ ɡ ə l d	s t r æ ŋ ɡ ə l d	0	1	reg_d	other	reg_d
string	ɪ ʃ uː	ɪ ʃ uː d	ɪ ʃ uː d	ʃ uː	ʃ uː d	ʃ uː d	ɪ ʃ uː d	1	1	reg_d	reg_d	reg_d
string	ɪ m p r ɛ s	ɪ m p r ɛ s t	ɪ m p r ɛ s t	ɪ k s p r ɛ s	ɪ k s p r ɛ s t	ɪ k s p r ɛ s t	ɪ m p r ɛ s t	1	1	reg_t	reg_t	reg_t
string	p r ə d uː s	p r ə d uː s t	p r ə d uː s t	ɪ n t r ə d uː s	ɪ n t r ə d uː s t	ɪ n t r ə d uː s t	p r ə d uː s t	1	1	reg_t	reg_t	reg_t
string	n æ ɡ	n æ ɡ d	n æ ɡ d	n æ p	n æ p t	n æ p t	n æ ɡ t	0	0	reg_d	reg_d	reg_t
string	o ʊ v ɹ̩ k ʊ k	o ʊ v ɹ̩ k ʊ k t	o ʊ v ɹ̩ k ʊ k t	o ʊ v ɹ̩ l æ p	o ʊ v ɹ̩ l æ p t	o ʊ v ɹ̩ l æ p t	o ʊ v ɹ̩ k ʊ k t	1	1	reg_t	reg_t	reg_t
final	ɡ ɛ t	ɡ ɑː t	ɡ ɛ t	k ə n ɡ r æ t͡ʃ ə l e ɪ t	k ə n ɡ r æ t͡ʃ ə l e ɪ t ə d	k ə n ɡ r æ t͡ʃ ə l e ɪ t ə d	ɡ ɛ t ə d	0	0	vowel_change	no_change	reg_əd
final	p ʊ t	p ʊ t	p ʊ t	d ɪ s k ə n ɛ k t	d ɪ s k ə n ɛ k t ə d	d ɪ s k ə n ɛ k t ə d	p ʊ t ə d	0	0	no_change	no_change	reg_əd
final	ɡ o ʊ	w ɛ n t	ɡ o ʊ d	ʃ o ʊ	ʃ o ʊ d	ʃ o ʊ d	ɡ o ʊ d	1	0	other	reg_d	reg_d
final	iː t	e ɪ t	iː d t	f r ɔ s t	f r ɔ s t ə d	f r ɔ s t ə d	iː t ə d	0	0	vowel_change	coda_change	reg_əd
final	w ɔ n t	w ɔ n t ə d	w ɔ n t ə d	d a ɪ v ɹ̩ t	d a ɪ v ɹ̩ t ə d	d a ɪ v ɹ̩ t ə d	w ɔ n t ə d	1	1	reg_əd	reg_əd	reg_əd
final	n ɑː k	n ɑː k t	n ɑː k t	f ʌ k	f ʌ k t	f ʌ k t	n ɑː k t	1	1	reg_t	reg_t	reg_t
final	l ɪ s ə n	l ɪ s ə n d	l ɪ s ə n d	ʃ a ɪ n	ʃ a ɪ n d	ʃ a ɪ n d	l ɪ s ə n d	1	1	reg_d	reg_d	reg_d
final	p ʌ f	p ʌ f t	p ʌ f t	ɡ uː f	ɡ uː f t	ɡ uː f t	p ʌ f t	1	1	reg_t	reg_t	reg_t
final	h o ʊ p	h o ʊ p t	h o ʊ p t	s t ɑː m p	s t ɑː m p t	s t ɑː m p t	h o ʊ p t	1	1	reg_t	reg_t	reg_t
final	n iː d	n iː d ə d	n iː d ə d	r e ɪ d	r e ɪ d ə d	r e ɪ d ə d	n iː d ə d	1	1	reg_əd	reg_əd	reg_əd
final	k æ t͡ʃ	k ɔ t	k æ t͡ʃ t	p ʌ n t͡ʃ	p ʌ n t͡ʃ t	p ʌ n t͡ʃ t	k æ t͡ʃ t	1	0	rhyme_replaced	reg_t	reg_t
final	z ɪ p ɹ̩	z ɪ p ɹ̩ d	z ɪ p ɹ̩ d	w a ɪ ɹ̩	w a ɪ ɹ̩ d	w a ɪ ɹ̩ d	z ɪ p ɹ̩ d	1	1	reg_d	reg_d	reg_d
final	h ɑː p	h ɑː p t	h ɑː p t	ə n r æ p	ə n r æ p t	ə n r æ p t	h ɑː p t	1	1	reg_t	reg_t	reg_t
final	k æ r iː	k æ r iː d	k æ r iː d	ɛ m p t iː	ɛ m p t iː d	ɛ m p t iː d	k æ r iː d	1	1	reg_d	reg_d	reg_d
final	r ɪ t ɹ̩ n	r ɪ t ɹ̩ n d	r ɪ t ɹ̩ n d	ɡ e ɪ n	ɡ e ɪ n d	ɡ e ɪ n d	r ɪ t ɹ̩ n d	1	1	reg_d	reg_d	reg_d
final	f iː d	f ɛ d	f iː d ə d	f o ʊ l d	f o ʊ l d ə d	f o ʊ l d ə d	f iː d ə d	1	0	vowel_change	reg_əd	reg_əd
final	ɡ ɑː b ə l	ɡ ɑː b ə l d	ɡ ɑː b ə l d	d o ʊ l	d o ʊ l d	d o ʊ l d	ɡ ɑː b ə l d	1	1	reg_d	reg_d	reg_d
final	o ʊ p ə n	o ʊ p ə n d	o ʊ p ə n d	f o ʊ n	f o ʊ n d	f o ʊ n d	o ʊ p ə n d	1	1	reg_d	reg_d	reg_d
final	h o ʊ l d	h ɛ l d	h o ʊ l d ə d	b ɛ n d	b ɛ n d ə d	b ɛ n d ə d	h o ʊ l d ə d	1	0	vowel_change	reg_əd	reg_əd
final	d ɪ l ɪ v ɹ̩	d ɪ l ɪ v ɹ̩ d	d ɪ l ɪ v ɹ̩ d	h ɑː l ɹ̩	h ɑː l ɹ̩ d	h ɑː l ɹ̩ d	d ɪ l ɪ v ɹ̩ d	1	1	reg_d	reg_d	reg_d
final	r ʌ b	r ʌ b d	r ʌ b d	s t ʌ b	s t ʌ b d	s t ʌ b d	r ʌ b d	1	1	reg_d	reg_d	reg_d
final	w ɑː t͡ʃ	w ɑː t͡ʃ t	w ɑː t͡ʃ t	r iː t͡ʃ	r iː t͡ʃ t	r iː t͡ʃ t	w ɑː t͡ʃ t	1	1	reg_t	reg_t	reg_t
final	p l iː z	p l iː z d	p l iː z d	r ɛ k ə ɡ n a ɪ z	r ɛ k ə ɡ n a ɪ z d	r ɛ k ə ɡ n a ɪ z d	p l iː z d	1	1	reg_d	reg_d	reg_d
final	w ɔ k	w ɔ k t	w ɔ k t	s n iː k	s n iː k t	s n iː k t	w ɔ k t	1	1	reg_t	reg_t	reg_t
final	p æ k	p æ k t	p æ k t	w ɪ ŋ k	w ɪ ŋ k t	w ɪ ŋ k t	p æ k t	1	1	reg_t	reg_t	reg_t
final	s a ʊ n d	s a ʊ n d ə d	s a ʊ n d	f a ɪ n d	f a ɪ n d ə d	f a ʊ n d	s a ʊ n d ə d	0	1	reg_əd	no_change	reg_əd
final	ɡ r æ b	ɡ r æ b d	ɡ r æ b d	t r æ n s k r a ɪ b	t r æ n s k r a ɪ b d	t r æ n s k r a ɪ b d	ɡ r æ b d	1	1	reg_d	reg_d	reg_d
final	m æ n	m æ n d	m æ n d	t w a ɪ n	t w a ɪ n d	t w a ɪ n d	m æ n d	1	1	reg_d	reg_d	reg_d
final	f iː l	f ɛ l t	f iː l d	s m ɛ l	s m ɛ l d	s m ɛ l d	f iː l d	1	0	vowel_change_suffix	reg_d	reg_d
final	n e ɪ m	n e ɪ m d	n e ɪ m d	b ɑː t ə m	b ɑː t ə m d	b ɑː t ə m d	n e ɪ m d	1	1	reg_d	reg_d	reg_d
final	f l o ʊ	f l o ʊ d	f l o ʊ d	ɛ k o ʊ	ɛ k o ʊ d	ɛ k o ʊ d	f l o ʊ d	1	1	reg_d	reg_d	reg_d
final	w ɛ ð ɹ̩	w ɛ ð ɹ̩ d	w ɛ ð ɹ̩ d	m ɛ ʒ ɹ̩	m ɛ ʒ ɹ̩ d	m ɛ ʒ ɹ̩ d	w ɛ ð ɹ̩ d	1	1	reg_d	reg_d	reg_d
final	l a ɪ	l e ɪ	l a ɪ d	p r a ɪ	p r a ɪ d	p r a ɪ d	l a ɪ d	1	0	vowel_change	reg_d	reg_d
final	k r æ ʃ	k r æ ʃ t	k r æ ʃ t	b æ ʃ	b æ ʃ t	b æ ʃ t	k r æ ʃ t	1	1	reg_t	reg_t	reg_t
final	p e ɪ d͡ʒ	p e ɪ d͡ʒ d	p e ɪ d͡ʒ d	r iː ɹ̩ e ɪ n d͡ʒ	r iː ɹ̩ e ɪ n d͡ʒ d	r iː ɹ̩ e ɪ n d͡ʒ d	p e ɪ d͡ʒ d	1	1	reg_d	reg_d	reg_d
final	t͡ʃ o ʊ k	t͡ʃ o ʊ k t	t͡ʃ o ʊ k t	h a ɪ k	h a ɪ k t	h a ɪ k t	t͡ʃ o ʊ k t	1	1	reg_t	reg_t	reg_t
final	b l ɛ s	b l ɛ s t	b l ɛ s t	n o ʊ t ɪ s	n o ʊ t ɪ s t	n o ʊ t ɪ s t	b l ɛ s t	1	1	reg_t	reg_t	reg_t
final	d ɪ ŋ	d ɪ ŋ d	d ɪ ŋ d	b r ɪ ŋ	b r ɪ ŋ	b r ɔ t	d ɪ ŋ	0	0	reg_d	reg_d	no_change
final	s ɛ l	s o ʊ l d	s ɛ l d	l e ɪ b ə l	l e ɪ b ə l d	l e ɪ b ə l d	s ɛ l d	1	0	vowel_change_suffix	reg_d	reg_d
final	b ɪ ɡ ɪ n	b ɪ ɡ æ n	b ɪ ɡ ɪ n d	r uː ə n	r uː ə n d	r uː ə n d	b ɪ ɡ ɪ n d	1	0	vowel_change	reg_d	reg_d
final	d͡ʒ ɔ ɪ n	d͡ʒ ɔ ɪ n d	d͡ʒ ɔ ɪ n d	b ʌ t ə n	b ʌ t ə n d	b ʌ t ə n d	d͡ʒ ɔ ɪ n d	1	1	reg_d	reg_d	reg_d
final	l ɑː k	l ɑː k t	l ɑː k t	b l ɪ ŋ k	b l ɪ ŋ k t	b l ɪ ŋ k t	l ɑː k t	1	1	reg_t	reg_t	reg_t
final	b ɪ l iː v	b ɪ l iː v d	b ɪ l iː v d	k ɹ̩ v	k ɹ̩ v d	k ɹ̩ v d	b ɪ l iː v d	1	1	reg_d	reg_d	reg_d
final	ə n d ɹ̩ s t æ n d	ə n d ɹ̩ s t ʊ d	ə n t ə æ n t ə d	r iː d	r iː d ə d	r ɛ d	ə n d ɹ̩ s t æ n d ə d	0	0	rhyme_replaced	other	reg_əd
final	t r e ɪ n	t r e ɪ n d	t r e ɪ n d	ə n b ʌ t ə n	ə n b ʌ t ə n d	ə n b ʌ t ə n d	t r e ɪ n d	1	1	reg_d	reg_d	reg_d
final	k r ɔ l	k r ɔ l d	k r ɔ l d	t͡ʃ ɪ l	t͡ʃ ɪ l d	t͡ʃ ɪ l d	k r ɔ l d	1	1	reg_d	reg_d	reg_d
final	p æ t	p æ t ə d	p æ t ə d	ɪ n t ɪ m e ɪ t	ɪ n t ɪ m e ɪ t ə d	ɪ n t ɪ m e ɪ t ə d	p æ t ə d	1	1	reg_əd	reg_əd	reg_əd
final	ɔ r d ɹ̩	ɔ r d ɹ̩ d	ɔ r d ɹ̩ d	t iː t ɹ̩	t iː t ɹ̩ d	t iː t ɹ̩ d	ɔ r d ɹ̩ d	1	1	reg_d	reg_d	reg_d
final	f l a ɪ	f l uː	f l a ɪ d	w e ɪ	w e ɪ d	w e ɪ d	f l a ɪ d	1	0	vowel_change	reg_d	reg_d
final	l o ʊ d	l o ʊ d ə d	l o ʊ d ə d	b ɪ l d	b ɪ l d ə d	b ɪ l t	l o ʊ d ə d	1	1	reg_əd	reg_əd	reg_əd
final	k ə m p l e ɪ n	k ə m p l e ɪ n d	k ə m p l e ɪ n d	f æ s ə n	f æ s ə n d	f æ s ə n d	k ə m p l e ɪ n d	1	1	reg_d	reg_d	reg_d
final	b l ɛ n d	b l ɛ n d ə d	b l ɛ n d ə d	s p iː d	s p ɛ d ə d	s p ɛ d	NA	0	0	reg_əd	reg_əd	other
final	b l ɑː k	b l ɑː k t	b l ɑː k t	d ɑː k	d ɑː k t	d ɑː k t	b l ɑː k t	1	1	reg_t	reg_t	reg_t
final	t ɪ p	t ɪ p t	t ɪ p t	f l ɪ p	f l ɪ p t	f l ɪ p t	t ɪ p t	1	1	reg_t	reg_t	reg_t
final	d͡ʒ ɛ t	d͡ʒ ɛ t ə d	d͡ʒ ɛ t	k r ɛ s t	k r ɛ s t ə d	k r ɛ s t ə d	d͡ʒ ɛ t ə d	0	1	reg_əd	no_change	reg_əd
final	b r iː ð	b r iː ð d	b r iː ð d	s m uː ð	s m uː ð d	s m uː ð d	b r iː ð d	1	1	reg_d	reg_d	reg_d
final	d a ɪ ə l	d a ɪ ə l d	d a ɪ ə l d	t ɪ k ə l	t ɪ k ə l d	t ɪ k ə l d	d a ɪ ə l d	1	1	reg_d	reg_d	reg_d
final	m ɛ n ʃ ə n	m ɛ n ʃ ə n d	m ɛ n ʃ ə n d	b ə l uː n	b ə l uː n d	b ə l uː n d	m ɛ n ʃ ə n d	1	1	reg_d	reg_d	reg_d
final	h ʌ ɡ	h ʌ ɡ d	h ʌ ɡ d	p l ʌ ɡ	p l ʌ ɡ d	p l ʌ ɡ d	h ʌ ɡ d	1	1	reg_d	reg_d	reg_d
final	p a ʊ ɹ̩	p a ʊ ɹ̩ d	p a ʊ ɹ̩ d	t r ɪ ɡ ɹ̩	t r ɪ ɡ ɹ̩ d	t r ɪ ɡ ɹ̩ d	p a ʊ ɹ̩ d	1	1	reg_d	reg_d	reg_d
final	s ɑː k	s ɑː k t	s ɑː k t	s t æ k	s t æ k t	s t æ k t	s ɑː k t	1	1	reg_t	reg_t	reg_t
final	w uː p	w uː p t	w uː p t	s t ɑː m p	s t ɑː m p t	s t ɑː m p t	w uː p t	1	1	reg_t	reg_t	reg_t
final	r iː m a ɪ n d	r iː m a ɪ n d ə d	r iː m a ɪ n d ə d	ʃ r ɛ d	ʃ r ɛ d ə d	ʃ r ɛ d ə d	r iː m a ɪ n d ə d	1	1	reg_əd	reg_əd	reg_əd
final	h æ n d ə l	h æ n d ə l d	h æ n d ə l d	f ɪ d ə l	f ɪ d ə l d	f ɪ d ə l d	h æ n d ə l d	1	1	reg_d	reg_d	reg_d
final	s n iː z	s n iː z d	s n iː z d	s k w iː z	s k w iː z d	s k w iː z d	s n iː z d	1	1	reg_d	reg_d	reg_d
final	v ɪ z ɪ t	v ɪ z ɪ t ə d	v ɪ z ɪ t ə d	ɪ n h ɛ r ə t	ɪ n h ɛ r ə t ə d	ɪ n h ɛ r ə t ə d	v ɪ z ɪ t ə d	1	1	reg_əd	reg_əd	reg_əd
final	s l a ɪ d	s l ɪ d	s l a ɪ d	s æ n d	s æ n d ə d	s æ n d ə d	s l a ɪ d ə d	0	0	vowel_change	no_change	reg_əd
final	p l æ n	p l æ n d	p l æ n d	k ə n t e ɪ n	k ə n t e ɪ n d	k ə n t e ɪ n d	p l æ n d	1	1	reg_d	reg_d	reg_d
final	ɛ l b o ʊ	ɛ l b o ʊ d	ɛ l b o ʊ d	k r o ʊ	k r o ʊ d	k r o ʊ d	ɛ l b o ʊ d	1	1	reg_d	reg_d	reg_d
final	b ɑː k s	b ɑː k s t	b ɑː k s t	f ɔ r s	f ɔ r s t	f ɔ r s t	b ɑː k s t	1	1	reg_t	reg_t	reg_t
final	ɪ n k l uː d	ɪ n k l uː d ə d	ɪ n k l uː d ə d	ə n f o ʊ l d	ə n f o ʊ l d ə d	ə n f o ʊ l d ə d	ɪ n k l uː d ə d	1	1	reg_əd	reg_əd	reg_əd
final	b ɹ̩ n	b ɹ̩ n d	b ɹ̩ n d	p ɪ n	p ɪ n d	p ɪ n d	b ɹ̩ n d	1	1	reg_d	reg_d	reg_d
final	ʃ e ɪ p	ʃ e ɪ p t	ʃ e ɪ p t	d r ɑː p	d r ɑː p t	d r ɑː p t	ʃ e ɪ p t	1	1	reg_t	reg_t	reg_t
final	b o ʊ n	b o ʊ n d	b o ʊ n d	o ʊ n	o ʊ n d	o ʊ n d	b o ʊ n d	1	1	reg_d	reg_d	reg_d
final	f ɪ l	f ɪ l d	f ɪ l d	s m ɛ l	s m ɛ l d	s m ɛ l d	f ɪ l d	1	1	reg_d	reg_d	reg_d
final	m æ s k	m æ s k t	m æ s k t	b a ɪ k	b a ɪ k t	b a ɪ k t	m æ s k t	1	1	reg_t	reg_t	reg_t
final	s ɛ l ə b r e ɪ t	s ɛ l ə b r e ɪ t ə d	s ɛ l ə b r e ɪ t ə d	p ɑː r t	p ɑː r t ə d	p ɑː r t ə d	s ɛ l ə b r e ɪ t ə d	1	1	reg_əd	reg_əd	reg_əd
final	k r ʌ m b ə l	k r ʌ m b ə l d	k r ʌ m b ə l d	b æ b ə l	b æ b ə l d	b æ b ə l d	k r ʌ m b ə l d	1	1	reg_d	reg_d	reg_d
final	r ɑː k	r ɑː k t	r ɑː k t	p o ʊ k	p o ʊ k t	p o ʊ k t	r ɑː k t	1	1	reg_t	reg_t	reg_t
final	ɡ ɛ r ə n t iː	ɡ ɛ r ə n t iː d	ɡ ə r ə n t ə d	m ʌ d iː	m ʌ d iː d	m ʌ d iː d	ɡ ɛ r ə n t iː d	0	1	reg_d	other	reg_d
final	k ə n ɛ k t	k ə n ɛ k t ə d	k ə n ɛ k t ə d	s ɛ t	s ɛ t	s ɛ t	k ə n ɛ k t	0	0	reg_əd	reg_əd	no_change
final	t ɔ s	t ɔ s t	t ɔ s t	k ɪ s	k ɪ s t	k ɪ s t	t ɔ s t	1	1	reg_t	reg_t	reg_t
final	iː v ɪ n	iː v ɪ n d	iː v æ n d	t ɛ l ə f o ʊ n	t ɛ l ə f o ʊ n d	t ɛ l ə f o ʊ n d	iː v ɪ n d	0	1	reg_d	vowel_change_suffix	reg_d
final	b a ʊ n s	b a ʊ n s t	b a ʊ n s t	p ɹ̩ s	p ɹ̩ s t	p ɹ̩ s t	b a ʊ n s t	1	1	reg_t	reg_t	reg_t
final	ɹ̩ n	ɹ̩ n d	ɹ̩ n d	k l iː n	k l iː n d	k l iː n d	ɹ̩ n d	1	1	reg_d	reg_d	reg_d
final	k l a ʊ d	k l a ʊ d ə d	k l a ʊ d ə d	d ɪ s a ɪ d	d ɪ s a ɪ d ə d	d ɪ s a ɪ d ə d	k l a ʊ d ə d	1	1	reg_əd	reg_əd	reg_əd
final	k ʌ p ə l	k ʌ p ə l d	k ʌ p ə l d	m æ ŋ ɡ ə l	m æ ŋ ɡ ə l d	m æ ŋ ɡ ə l d	k ʌ p ə l d	1	1	reg_d	reg_d	reg_d
final	f l ʌ ʃ	f l ʌ ʃ t	f l ʌ ʃ t	k æ ʃ	k æ ʃ t	k æ ʃ t	f l ʌ ʃ t	1	1	reg_t	reg_t	reg_t
final	h ɑː r n ə s	h ɑː r n ə s t	h ɑː r n ə s t	ə n d r ɛ s	ə n d r ɛ s t	ə n d r ɛ s t	h ɑː r n ə s t	1	1	reg_t	reg_t	reg_t
final	b r a ʊ n	b r a ʊ n d	b r a ʊ n d	w iː k ə n	w iː k ə n d	w iː k ə n d	b r a ʊ n d	1	1	reg_d	reg_d	reg_d
final	s t ɪ ŋ k	s t ʌ ŋ k	s t ɪ ŋ k t	b æ k	b æ k t	b æ k t	s t ɪ ŋ k t	1	0	vowel_change	reg_t	reg_t
final	r iː f r ɛ ʃ	r iː f r ɛ ʃ t	r iː f r ɛ r d	f ɪ n ɪ ʃ	f ɪ n ɪ ʃ t	f ɪ n ɪ ʃ t	r iː f r ɛ ʃ t	0	1	reg_t	coda_change	reg_t
final	p r ə f ɹ̩	p r ə f ɹ̩ d	p r ə f ɹ̩ d	k l ɑː b ɹ̩	k l ɑː b ɹ̩ d	k l ɑː b ɹ̩ d	p r ə f ɹ̩ d	1	1	reg_d	reg_d	reg_d
final	s t iː l	s t o ʊ l	s t iː l d	f ʊ l f ɪ l	f ʊ l f ɪ l d	f ʊ l f ɪ l d	s t iː l d	1	0	vowel_change	reg_d	reg_d
final	b æ n d	b æ n d ə d	b æ n d ə d	b iː d	b iː d ə d	b iː d ə d	b æ n d ə d	1	1	reg_əd	reg_əd	reg_əd
final	r ɪ d	r ɪ d	r ɪ d ə d	b ɪ d	b ɪ d ə d	b e ɪ d	r ɪ d ə d	1	0	no_change	reg_əd	reg_əd
final	k o ʊ ɑː p ɹ̩ e ɪ t	k o ʊ ɑː p ɹ̩ e ɪ t ə d	k o ʊ ɑː p ɹ̩ e ɪ t ə d	l a ɪ t	l a ɪ t ə d	l ɪ t	k o ʊ ɑː p ɹ̩ e ɪ t ə d	1	1	reg_əd	reg_əd	reg_əd
final	b ɑː ð ɹ̩	b ɑː ð ɹ̩ d	b ɑː ð ɹ̩ d	w a ɪ ɹ̩	w a ɪ ɹ̩ d	w a ɪ ɹ̩ d	b ɑː ð ɹ̩ d	1	1	reg_d	reg_d	reg_d
final	r ɛ s t	r ɛ s t ə d	r ɛ s t ə d	d ɛ v ə s t e ɪ t	d ɛ v ə s t e ɪ t ə d	d ɛ v ə s t e ɪ t ə d	r ɛ s t ə d	1	1	reg_əd	reg_əd	reg_əd
final	ɑː k j ə p a ɪ	ɑː k j ə p a ɪ d	ɑː k j ə p ə d	d ɪ s t r ɔ ɪ	d ɪ s t r ɔ ɪ d	d ɪ s t r ɔ ɪ d	ɑː k j ə p a ɪ d	0	1	reg_d	vowel_change_suffix	reg_d
final	s k r ɪ b ə l	s k r ɪ b ə l d	s k r ɪ b ə l d	h a ʊ l	h a ʊ l d	h a ʊ l d	s k r ɪ b ə l d	1	1	reg_d	reg_d	reg_d
final	b l æ s t	b l æ s t ə d	b l æ s t ə d	p r iː z ɛ n t	p r iː z ɛ n t ə d	p r iː z ɛ n t ə d	b l æ s t ə d	1	1	reg_əd	reg_əd	reg_əd
final	h æ m ɹ̩	h æ m ɹ̩ d	h æ m ɹ̩ d	l ɪ ŋ ɡ ɹ̩	l ɪ ŋ ɡ ɹ̩ d	l ɪ ŋ ɡ ɹ̩ d	h æ m ɹ̩ d	1	1	reg_d	reg_d	reg_d
final	d r ɪ l	d r ɪ l d	d r ɪ l d	r iː f ɪ l	r iː f ɪ l d	r iː f ɪ l d	d r ɪ l d	1	1	reg_d	reg_d	reg_d
final	p r æ k t ɪ s	p r æ k t ɪ s t	p r æ k t ə s t	s ɛ n s	s ɛ n s t	s ɛ n s t	p r æ k t ɪ s t	0	1	reg_t	vowel_change_suffix	reg_t
final	t a ɪ p	t a ɪ p t	t a ɪ p t	d r ɪ p	d r ɪ p t	d r ɪ p t	t a ɪ p t	1	1	reg_t	reg_t	reg_t
final	æ d	æ d ə d	æ d ʌ d	ɛ n d	ɛ n d ə d	ɛ n d ə d	æ d ə d	0	1	reg_əd	other	reg_əd
final	b o ʊ l	b o ʊ l d	b o ʊ l d	t͡ʃ æ n ə l	t͡ʃ æ n ə l d	t͡ʃ æ n ə l d	b o ʊ l d	1	1	reg_d	reg_d	reg_d
final	t o ʊ t	t o ʊ t ə d	t o ʊ t ə d	ɪ n s t ə ɡ e ɪ t	ɪ n s t ə ɡ e ɪ t ə d	ɪ n s t ə ɡ e ɪ t ə d	t o ʊ t ə d	1	1	reg_əd	reg_əd	reg_əd
final	s w ɪ ʃ	s w ɪ ʃ t	s w ɪ ʃ t	b r ʌ ʃ	b r ʌ ʃ t	b r ʌ ʃ t	s w ɪ ʃ t	1	1	reg_t	reg_t	reg_t
final	b l e ɪ m	b l e ɪ m d	b l e ɪ m d	b uː m	b uː m d	b uː m d	b l e ɪ m d	1	1	reg_d	reg_d	reg_d
final	ɪ k s a ɪ t	ɪ k s a ɪ t ə d	ɪ k s a ɪ t ə d	d ɛ v ə s t e ɪ t	d ɛ v ə s t e ɪ t ə d	d ɛ v ə s t e ɪ t ə d	ɪ k s a ɪ t ə d	1	1	reg_əd	reg_əd	reg_əd
final	t͡ʃ a ɪ m	t͡ʃ a ɪ m d	t͡ʃ a ɪ m d	r iː n e ɪ m	r iː n e ɪ m d	r iː n e ɪ m d	t͡ʃ a ɪ m d	1	1	reg_d	reg_d	reg_d
final	t͡ʃ iː r	t͡ʃ iː r d	t͡ʃ iː r d	k ə m p ɛ r	k ə m p ɛ r d	k ə m p ɛ r d	t͡ʃ iː r d	1	1	reg_d	reg_d	reg_d
final	f r e ɪ m	f r e ɪ m d	f r e ɪ m d	t r ɪ m	t r ɪ m d	t r ɪ m d	f r e ɪ m d	1	1	reg_d	reg_d	reg_d
final	d æ m	d æ m d	d æ m d	w ɔ r m	w ɔ r m d	w ɔ r m d	d æ m d	1	1	reg_d	reg_d	reg_d
final	t͡ʃ iː t	t͡ʃ iː t ə d	t͡ʃ iː t	ɡ r e ɪ t	ɡ r e ɪ t ə d	ɡ r e ɪ t ə d	t͡ʃ iː t ə d	0	1	reg_əd	no_change	reg_əd
final	l iː n	l iː n d	l iː n d	ʃ ɔ r t ə n	ʃ ɔ r t ə n d	ʃ ɔ r t ə n d	l iː n d	1	1	reg_d	reg_d	reg_d
final	s k r iː m	s k r iː m d	s k r iː m d	s iː m	s iː m d	s iː m d	s k r iː m d	1	1	reg_d	reg_d	reg_d
final	ɪ ɡ n ɔ r	ɪ ɡ n ɔ r d	ɪ ɡ n ɔ r d	p iː r	p iː r d	p iː r d	ɪ ɡ n ɔ r d	1	1	reg_d	reg_d	reg_d
final	s k uː p	s k uː p t	s k uː p t	n æ p	n æ p t	n æ p t	s k uː p t	1	1	reg_t	reg_t	reg_t
final	θ ʌ m p	θ ʌ m p t	θ ʌ m p t	k l ɪ p	k l ɪ p t	k l ɪ p t	θ ʌ m p t	1	1	reg_t	reg_t	reg_t
final	s t iː r	s t iː r d	s t iː r d	k ə m p ɛ r	k ə m p ɛ r d	k ə m p ɛ r d	s t iː r d	1	1	reg_d	reg_d	reg_d
final	s p ɪ n	s p ʌ n	s p ɪ n d	r iː s t r e ɪ n	r iː s t r e ɪ n d	r iː s t r e ɪ n d	s p ɪ n d	1	0	vowel_change	reg_d	reg_d
final	h ʌ f	h ʌ f t	h ʌ f t	ɡ uː f	ɡ uː f t	ɡ uː f t	h ʌ f t	1	1	reg_t	reg_t	reg_t
final	t ɛ n d	t ɛ n d ə d	t ɛ n d ə d	ʃ iː l d	ʃ iː l d ə d	ʃ iː l d ə d	t ɛ n d ə d	1	1	reg_əd	reg_əd	reg_əd
final	s p e ɪ s	s p e ɪ s t	s p e ɪ s t	m ɪ s	m ɪ s t	m ɪ s t	s p e ɪ s t	1	1	reg_t	reg_t	reg_t
final	s t r e ɪ t ə n	s t r e ɪ t ə n d	s t r t ə t ə n d	w ɪ n	w ɪ n d	w ʌ n	s t r e ɪ t ə n d	0	1	reg_d	other	reg_d
final	p iː t ɹ̩	p iː t ɹ̩ d	p iː t ɹ̩ d	k æ p t͡ʃ ɹ̩	k æ p t͡ʃ ɹ̩ d	k æ p t͡ʃ ɹ̩ d	p iː t ɹ̩ d	1	1	reg_d	reg_d	reg_d
final	m a ɪ n	m a ɪ n d	m a ɪ n d	h æ p ə n	h æ p ə n d	h æ p ə n d	m a ɪ n d	1	1	reg_d	reg_d	reg_d
final	h iː l	h iː l d	h iː l d	t o ʊ t ə l	t o ʊ t ə l d	t o ʊ t ə l d	h iː l d	1	1	reg_d	reg_d	reg_d
final	ə t r æ k t	ə t r æ k t ə d	ə t r æ k t ə d	d a ɪ d͡ʒ ɛ s t	d a ɪ d͡ʒ ɛ s t ə d	d a ɪ d͡ʒ ɛ s t ə d	ə t r æ k t ə d	1	1	reg_əd	reg_əd	reg_əd
final	s k w ɛ r	s k w ɛ r d	s k w ɛ r d	d ɪ s ə p iː r	d ɪ s ə p iː r d	d ɪ s ə p iː r d	s k w ɛ r d	1	1	reg_d	reg_d	reg_d
final	f l ʌ f	f l ʌ f t	f l ʌ f t	s t ʌ f	s t ʌ f t	s t ʌ f t	f l ʌ f t	1	1	reg_t	reg_t	reg_t
final	t o ʊ n	t o ʊ n d	t o ʊ n d	ɪ k s p l e ɪ n	ɪ k s p l e ɪ n d	ɪ k s p l e ɪ n d	t o ʊ n d	1	1	reg_d	reg_d	reg_d
final	d͡ʒ ɪ m iː	d͡ʒ ɪ m iː d	d͡ʒ ɪ m iː d	v ɛ r iː	v ɛ r iː d	v ɛ r iː d	d͡ʒ ɪ m iː d	1	1	reg_d	reg_d	reg_d
final	s m a ɪ l	s m a ɪ l d	s m a ɪ l d	p a ɪ l	p a ɪ l d	p a ɪ l d	s m a ɪ l d	1	1	reg_d	reg_d	reg_d
final	ə n w a ɪ n d	ə n w a ʊ n d	ə n w a ɪ n d ə d	r ə k ɔ r d	r ə k ɔ r d ə d	r ə k ɔ r d ə d	ə n w a ɪ n d ə d	1	0	vowel_change	reg_əd	reg_əd
final	d ɪ k l ɛ r	d ɪ k l ɛ r d	d ɪ k l ɛ r d	f ɛ r	f ɛ r d	f ɛ r d	d ɪ k l ɛ r d	1	1	reg_d	reg_d	reg_d
final	k ə n d ʌ k t	k ə n d ʌ k t ə d	k ə n d ʌ k ə d	p æ n t	p æ n t ə d	p æ n t ə d	k ə n d ʌ k t ə d	0	1	reg_əd	other	reg_əd
final	s t r e ɪ n	s t r e ɪ n d	s t r e ɪ n d	ə w e ɪ k ə n	ə w o ʊ k ə n d	ə w o ʊ k	NA	0	0	reg_d	reg_d	other
final	k ə l æ p s	k ə l æ p s t	k ə l æ p s t	ə d r ɛ s	ə d r ɛ s t	ə d r ɛ s t	k ə l æ p s t	1	1	reg_t	reg_t	reg_t
final	p ɑː r t ɪ s ə p e ɪ t	p ɑː r t ɪ s ə p e ɪ t ə d	p ɑː r t	ɡ r æ n t	ɡ r æ n t ə d	ɡ r æ n t ə d	p ɑː r t ɪ s ə p e ɪ t ə d	0	1	reg_əd	other	reg_əd
final	t r æ n z l e ɪ t	t r æ n z l e ɪ t ə d	t r æ n z d	b a ɪ t	b a ɪ t ə d	b ɪ t	t r æ n z l e ɪ t ə d	0	1	reg_əd	other	reg_əd
final	d ɪ s k ʌ s	d ɪ s k ʌ s t	d ɪ s k ʌ s t	l uː s	l uː s t	l uː s t	d ɪ s k ʌ s t	1	1	reg_t	reg_t	reg_t
final	f ɹ̩ ɡ ɪ v	f ɹ̩ ɡ e ɪ v	f ɹ̩ ɡ ɪ v d	l a ɪ v	l a ɪ v d	l a ɪ v d	f ɹ̩ ɡ ɪ v d	1	0	vowel_change	reg_d	reg_d
final	ə r a ɪ z	ə r o ʊ z	ə r a ɪ z d	s a ɪ z	s a ɪ z d	s a ɪ z d	ə r a ɪ z d	1	0	vowel_change	reg_d	reg_d
final	f r a ɪ t ə n	f r a ɪ t ə n d	f r a ɪ t ə n d	f l æ t ə n	f l æ t ə n d	f l æ t ə n d	f r a ɪ t ə n d	1	1	reg_d	reg_d	reg_d
final	ɔ ɪ l	ɔ ɪ l d	ɔ ɪ l d	s ɹ̩ k ə l	s ɹ̩ k ə l d	s ɹ̩ k ə l d	ɔ ɪ l d	1	1	reg_d	reg_d	reg_d
final	ə n l o ʊ d	ə n l o ʊ d ə d	ə n l o ʊ d ə d	r ə k ɔ r d	r ə k ɔ r d ə d	r ə k ɔ r d ə d	ə n l o ʊ d ə d	1	1	reg_əd	reg_əd	reg_əd
final	ɡ r ʌ m b ə l	ɡ r ʌ m b ə l d	ɡ r ʌ m b ə l d	t w ɹ̩ l	t w ɹ̩ l d	t w ɹ̩ l d	ɡ r ʌ m b ə l d	1	1	reg_d	reg_d	reg_d
final	r ɛ k	r ɛ k t	r ɛ k t	b ɑː r k	b ɑː r k t	b ɑː r k t	r ɛ k t	1	1	reg_t	reg_t	reg_t
final	s p ɑː t	s p ɑː t ə d	s p ɑː t ə d	b ɛ t	b ɛ t	b ɛ t	s p ɑː t	0	0	reg_əd	reg_əd	no_change
final	b ʌ t ɹ̩	b ʌ t ɹ̩ d	b ʌ t ɹ̩ d	f ɪ ɡ j ɹ̩	f ɪ ɡ j ɹ̩ d	f ɪ ɡ j ɹ̩ d	b ʌ t ɹ̩ d	1	1	reg_d	reg_d	reg_d
final	s t iː p	s t iː p t	s t iː p t	m æ p	m æ p t	m æ p t	s t iː p t	1	1	reg_t	reg_t	reg_t
final	h ʌ s ə l	h ʌ s ə l d	h ʌ s ə l d	d ʌ l	d ʌ l d	d ʌ l d	h ʌ s ə l d	1	1	reg_d	reg_d	reg_d
final	k ə n t ɪ n j uː	k ə n t ɪ n j uː d	k ə n t ɪ n d	t͡ʃ uː	t͡ʃ uː d	t͡ʃ uː d	k ə n t ɪ n j uː d	0	1	reg_d	other	reg_d
final	r ɛ n t	r ɛ n t ə d	r ɛ n t ə d	f r ɔ s t	f r ɔ s t ə d	f r ɔ s t ə d	r ɛ n t ə d	1	1	reg_əd	reg_əd	reg_əd
final	k r ʌ n t͡ʃ	k r ʌ n t͡ʃ t	k r ʌ n t͡ʃ t	r ɛ n t͡ʃ	r ɛ n t͡ʃ t	r ɛ n t͡ʃ t	k r ʌ n t͡ʃ t	1	1	reg_t	reg_t	reg_t
final	r ɛ s k j uː	r ɛ s k j uː d	r ɛ s k j uː d	ɑː r ɡ j uː	ɑː r ɡ j uː d	ɑː r ɡ j uː d	r ɛ s k j uː d	1	1	reg_d	reg_d	reg_d
final	t ɑː p	t ɑː p t	t ɑː p t	k iː p	k iː p t	k ɛ p t	t ɑː p t	1	1	reg_t	reg_t	reg_t
final	b l iː d	b l ɛ d	b l iː d ə d	p ɹ̩ s w e ɪ d	p ɹ̩ s w e ɪ d ə d	p ɹ̩ s w e ɪ d ə d	b l iː d ə d	1	0	vowel_change	reg_əd	reg_əd
final	p r ɪ k	p r ɪ k t	p r ɪ k t	w æ k	w æ k t	w æ k t	p r ɪ k t	1	1	reg_t	reg_t	reg_t
final	o ʊ ɡ ə l	o ʊ ɡ ə l d	o ʊ ɡ ə l d	m ʌ f ə l	m ʌ f ə l d	m ʌ f ə l d	o ʊ ɡ ə l d	1	1	reg_d	reg_d	reg_d
final	s ɔ ɪ l	s ɔ ɪ l d	s ɔ ɪ l d	f e ɪ l	f e ɪ l d	f e ɪ l d	s ɔ ɪ l d	1	1	reg_d	reg_d	reg_d
final	ɡ ɑː l f	ɡ ɑː l f t	ɡ ɑː l f t	s t ʌ f	s t ʌ f t	s t ʌ f t	ɡ ɑː l f t	1	1	reg_t	reg_t	reg_t
final	b ʌ s t	b ʌ s t ə d	b ʌ s t ə d	d ɪ s t r ʌ k t	d ɪ s t r ʌ k t ə d	d ɪ s t r ʌ k t ə d	b ʌ s t ə d	1	1	reg_əd	reg_əd	reg_əd
final	r iː s a ɪ k ə l	r iː s a ɪ k ə l d	r iː s a ɪ k ə l d	b ɪ l	b ɪ l d	b ɪ l d	r iː s a ɪ k ə l d	1	1	reg_d	reg_d	reg_d
final	s t uː	s t uː d	s t uː d	d uː	d ɪ d	d ɪ d	s t ɪ d	0	0	reg_d	reg_d	vowel_change_suffix
final	b æ t	b æ t ə d	b æ t	ɪ n d ə k e ɪ t	ɪ n d ə k e ɪ t ə d	ɪ n d ə k e ɪ t ə d	b æ t ə d	0	1	reg_əd	no_change	reg_əd
final	s ʌ f ɹ̩	s ʌ f ɹ̩ d	s ʌ f ɹ̩ d	æ n s ɹ̩	æ n s ɹ̩ d	æ n s ɹ̩ d	s ʌ f ɹ̩ d	1	1	reg_d	reg_d	reg_d
final	v ɪ ʒ w ə l a ɪ z	v ɪ ʒ w ə l a ɪ z d	v ɪ l ə l ə d	f r iː z	f r iː z d	f r o ʊ z	v ɪ ʒ w ə l a ɪ z d	0	1	reg_d	other	reg_d
final	k æ p	k æ p t	k æ p t	p l ɑː p	p l ɑː p t	p l ɑː p t	k æ p t	1	1	reg_t	reg_t	reg_t
final	t ʌ m b ə l	t ʌ m b ə l d	t ʌ m b ə l d	ɡ r a ʊ l	ɡ r a ʊ l d	ɡ r a ʊ l d	t ʌ m b ə l d	1	1	reg_d	reg_d	reg_d
final	d ɪ s k r a ɪ b	d ɪ s k r a ɪ b d	d ɪ s k r a ɪ b d	t r æ n s k r a ɪ b	t r æ n s k r a ɪ b d	t r æ n s k r a ɪ b d	d ɪ s k r a ɪ b d	1	1	reg_d	reg_d	reg_d
final	h ɛ z ə t e ɪ t	h ɛ z ə t e ɪ t ə d	h ɛ z ə t e ɪ t ə d	b o ʊ t	b o ʊ t ə d	b o ʊ t ə d	h ɛ z ə t e ɪ t ə d	1	1	reg_əd	reg_əd	reg_əd
final	m ɑː r	m ɑː r d	m ɑː r d	s t ɔ r	s t ɔ r d	s t ɔ r d	m ɑː r d	1	1	reg_d	reg_d	reg_d
final	p r ə n a ʊ n s	p r ə n a ʊ n s t	p r ə n a ʊ n a ɪ s t ə d	m ɪ n s	m ɪ n s t	m ɪ n s t	p r ə n a ʊ n s t	0	1	reg_t	other	reg_t
final	f ɪ k s e ɪ t	f ɪ k s e ɪ t ə d	f ɪ k s e ɪ t ə d	p r ə t ɛ k t	p r ə t ɛ k t ə d	p r ə t ɛ k t ə d	f ɪ k s e ɪ t ə d	1	1	reg_əd	reg_əd	reg_əd
final	b ɑː s	b ɑː s t	b ɑː s t	b æ l ə n s	b æ l ə n s t	b æ l ə n s t	b ɑː s t	1	1	reg_t	reg_t	reg_t
final	d ɪ s t ɹ̩ b	d ɪ s t ɹ̩ b d	d ɪ s t ɹ̩ d ə d	d ʌ b	d ʌ b d	d ʌ b d	d ɪ s t ɹ̩ b d	0	1	reg_d	other	reg_d
final	s n æ k	s n æ k t	s n æ k t	ʃ e ɪ k	ʃ e ɪ k t	ʃ ʊ k	s n æ k t	1	1	reg_t	reg_t	reg_t
final	d ʌ s t	d ʌ s t ə d	d ʌ s t ə d	ɪ n t ɹ̩ æ k t	ɪ n t ɹ̩ æ k t ə d	ɪ n t ɹ̩ æ k t ə d	d ʌ s t ə d	1	1	reg_əd	reg_əd	reg_əd
final	m o ʊ n	m o ʊ n d	m o ʊ n d	d r e ɪ n	d r e ɪ n d	d r e ɪ n d	m o ʊ n d	1	1	reg_d	reg_d	reg_d
final	p iː l	p iː l d	p iː l d	b æ r ə l	b æ r ə l d	b æ r ə l d	p iː l d	1	1	reg_d	reg_d	reg_d
final	f l ɑː p	f l ɑː p t	f l ɑː p t	d ʌ m p	d ʌ m p t	d ʌ m p t	f l ɑː p t	1	1	reg_t	reg_t	reg_t
final	f l æ ʃ	f l æ ʃ t	f l æ ʃ t	b r ʌ ʃ	b r ʌ ʃ t	b r ʌ ʃ t	f l æ ʃ t	1	1	reg_t	reg_t	reg_t
final	p e ɪ s t	p e ɪ s t ə d	p e ɪ s t ə d	ɪ n d ə k e ɪ t	ɪ n d ə k e ɪ t ə d	ɪ n d ə k e ɪ t ə d	p e ɪ s t ə d	1	1	reg_əd	reg_əd	reg_əd
final	ɡ ɑː r b ə l	ɡ ɑː r b ə l d	ɡ ɑː r b ə l d	w ɑː b ə l	w ɑː b ə l d	w ɑː b ə l d	ɡ ɑː r b ə l d	1	1	reg_d	reg_d	reg_d
final	ɪ n t ɛ n d	ɪ n t ɛ n d ə d	ɪ n t ɛ n t ə d	w a ɪ n d	w a ɪ n d ə d	w a ɪ n d ə d	ɪ n t ɛ n d ə d	0	1	reg_əd	other	reg_əd
final	r o ʊ t e ɪ t	r o ʊ t e ɪ t ə d	r o ʊ t e ɪ t ə d	f l o ʊ t	f l o ʊ t ə d	f l o ʊ t ə d	r o ʊ t e ɪ t ə d	1	1	reg_əd	reg_əd	reg_əd
final	s ɑː l v	s ɑː l v d	s ɑː l v d	s w ɹ̩ v	s w ɹ̩ v d	s w ɹ̩ v d	s ɑː l v d	1	1	reg_d	reg_d	reg_d
final	r ɪ s p ɑː n d	r ɪ s p ɑː n d ə d	r ɪ s p ɑː n d ə d	ɪ k s p l o ʊ d	ɪ k s p l o ʊ d ə d	ɪ k s p l o ʊ d ə d	r ɪ s p ɑː n d ə d	1	1	reg_əd	reg_əd	reg_əd
final	p r a ɪ s	p r a ɪ s t	p r a ɪ s t	d ɪ s m ɪ s	d ɪ s m ɪ s t	d ɪ s m ɪ s t	p r a ɪ s t	1	1	reg_t	reg_t	reg_t
final	h ɑː r p	h ɑː r p t	h ɑː r p t	l uː p	l uː p t	l uː p t	h ɑː r p t	1	1	reg_t	reg_t	reg_t
final	ɪ ɡ z ɔ s t	ɪ ɡ z ɔ s t ə d	ɪ ɡ z ɔ s t ə d	r ɪ p iː t	r ɪ p iː t ə d	r ɪ p iː t ə d	ɪ ɡ z ɔ s t ə d	1	1	reg_əd	reg_əd	reg_əd
final	t ɛ r ə f a ɪ	t ɛ r ə f a ɪ d	t ɛ r ə f a ɪ d	s p a ɪ	s p a ɪ d	s p a ɪ d	t ɛ r ə f a ɪ d	1	1	reg_d	reg_d	reg_d
final	s a ʊ	s a ʊ d	s a ʊ d	m o ʊ	m o ʊ d	m o ʊ d	s a ʊ d	1	1	reg_d	reg_d	reg_d
final	e ɪ d	e ɪ d ə d	e ɪ d ə d	b ɛ n d	b ɛ n d ə d	b ɛ n d ə d	e ɪ d ə d	1	1	reg_əd	reg_əd	reg_əd
final	ə n p æ k	ə n p æ k t	ə n p æ k t	p ɑː r k	p ɑː r k t	p ɑː r k t	ə n p æ k t	1	1	reg_t	reg_t	reg_t
final	p r ɪ v ɛ n t	p r ɪ v ɛ n t ə d	p r ɪ v ɛ n t ə d	r ɪ l e ɪ t	r ɪ l e ɪ t ə d	r ɪ l e ɪ t ə d	p r ɪ v ɛ n t ə d	1	1	reg_əd	reg_əd	reg_əd
final	k ə n s ɪ d ɹ̩	k ə n s ɪ d ɹ̩ d	k ə n s t ə d ɹ̩ d	r ɪ m ɛ m b ɹ̩	r ɪ m ɛ m b ɹ̩ d	r ɪ m ɛ m b ɹ̩ d	k ə n s ɪ d ɹ̩ d	0	1	reg_d	other	reg_d
final	w ɑː d	w ɑː d ə d	w ɑː d ə d	k ɔ r d	k ɔ r d ə d	k ɔ r d ə d	w ɑː d ə d	1	1	reg_əd	reg_əd	reg_əd
final	t r ʌ s t	t r ʌ s t ə d	t r ʌ s t ə d	r a ɪ t	r a ɪ t ə d	r o ʊ t	t r ʌ s t ə d	1	1	reg_əd	reg_əd	reg_əd
final	m ɑː d ə l	m ɑː d ə l d	m ɑː d ə l d	p ɛ d ə l	p ɛ d ə l d	p ɛ d ə l d	m ɑː d ə l d	1	1	reg_d	reg_d	reg_d
final	s t e ɪ p ə l	s t e ɪ p ə l d	s t e ɪ p ə l d	ə n r o ʊ l	ə n r o ʊ l d	ə n r o ʊ l d	s t e ɪ p ə l d	1	1	reg_d	reg_d	reg_d
final	p r ə v a ɪ d	p r ə v a ɪ d ə d	p r ə v a ɪ d ə d	s t æ n d	s t æ n d ə d	s t ʊ d	p r ə v a ɪ d ə d	1	1	reg_əd	reg_əd	reg_əd
final	t r ɛ m b ə l	t r ɛ m b ə l d	t r ɛ m b ə l d	ʃ ɛ l	ʃ ɛ l d	ʃ ɛ l d	t r ɛ m b ə l d	1	1	reg_d	reg_d	reg_d
final	p l a ʊ	p l a ʊ d	p l a ʊ d	s w ɑː l o ʊ	s w ɑː l o ʊ d	s w ɑː l o ʊ d	p l a ʊ d	1	1	reg_d	reg_d	reg_d
final	w æ ɡ	w æ ɡ d	w æ ɡ d	b ʌ ɡ	b ʌ ɡ d	b ʌ ɡ d	w æ ɡ d	1	1	reg_d	reg_d	reg_d
final	b l iː t͡ʃ	b l iː t͡ʃ t	b l iː t͡ʃ t	s t r ɛ t͡ʃ	s t r ɛ t͡ʃ t	s t r ɛ t͡ʃ t	b l iː t͡ʃ t	1	1	reg_t	reg_t	reg_t
final	t æ t ə l	t æ t ə l d	t æ t ə l d	t r ʌ b ə l	t r ʌ b ə l d	t r ʌ b ə l d	t æ t ə l d	1	1	reg_d	reg_d	reg_d
final	s k ɹ̩ t	s k ɹ̩ t ə d	s k ɹ̩ t ə d	b ɛ l t	b ɛ l t ə d	b ɛ l t ə d	s k ɹ̩ t ə d	1	1	reg_əd	reg_əd	reg_əd
final	ɛ r	ɛ r d	ɛ r ɛ r d	ə d ɔ r	ə d ɔ r d	ə d ɔ r d	ɛ r d	0	1	reg_d	other	reg_d
final	ɛ k s ɹ̩ s a ɪ z	ɛ k s ɹ̩ s a ɪ z d	ɛ s ɹ̩ s ɹ̩ a ɪ z d	p r e ɪ z	p r e ɪ z d	p r e ɪ z d	ɛ k s ɹ̩ s a ɪ z d	0	1	reg_d	other	reg_d
final	f ʌ d͡ʒ	f ʌ d͡ʒ d	f ʌ d͡ʒ d	e ɪ d͡ʒ	e ɪ d͡ʒ d	e ɪ d͡ʒ d	f ʌ d͡ʒ d	1	1	reg_d	reg_d	reg_d
final	ɡ ʌ n	ɡ ʌ n d	ɡ ʌ n d	ɡ r ɪ n	ɡ r ɪ n d	ɡ r ɪ n d	ɡ ʌ n d	1	1	reg_d	reg_d	reg_d
final	s p ɔ r t	s p ɔ r t ə d	s p ɔ r t ə d	f r ʌ s t r e ɪ t	f r ʌ s t r e ɪ t ə d	f r ʌ s t r e ɪ t ə d	s p ɔ r t ə d	1	1	reg_əd	reg_əd	reg_əd
final	r ɪ l iː v	r ɪ l iː v d	r ɪ l iː v d	ɪ n v ɑː l v	ɪ n v ɑː l v d	ɪ n v ɑː l v d	r ɪ l iː v d	1	1	reg_d	reg_d	reg_d
final	ʃ o ʊ l d ɹ̩	ʃ o ʊ l d ɹ̩ d	ʃ o ʊ l o ʊ d	ʃ a ʊ ɹ̩	ʃ a ʊ ɹ̩ d	ʃ a ʊ ɹ̩ d	ʃ o ʊ l d ɹ̩ d	0	1	reg_d	other	reg_d
final	f ɔ r k	f ɔ r k t	f ɔ r k t	m ɪ l k	m ɪ l k t	m ɪ l k t	f ɔ r k t	1	1	reg_t	reg_t	reg_t
final	t w iː k	t w iː k t	t w ɛ k t	b l æ ŋ k	b l æ ŋ k t	b l æ ŋ k t	t w iː k t	0	1	reg_t	vowel_change_suffix	reg_t
final	d æ ʃ	d æ ʃ t	d æ ʃ t	k r ʌ ʃ	k r ʌ ʃ t	k r ʌ ʃ t	d æ ʃ t	1	1	reg_t	reg_t	reg_t
final	ɪ k s k l e ɪ m	ɪ k s k l e ɪ m d	ɪ k s k l e ɪ z d	θ ʌ m	θ ʌ m d	θ ʌ m d	ɪ k s k l e ɪ m d	0	1	reg_d	coda_change	reg_d
final	s ə s p ɛ k t	s ə s p ɛ k t ə d	s p ɛ s p ɛ k t	w e ɪ t	w e ɪ t ə d	w e ɪ t ə d	s ə s p ɛ k t ə d	0	1	reg_əd	other	reg_əd
final	t r æ n s f ɔ r m	t r æ n s f ɔ r m d	t r æ n f r s t ɔ r æ n d	s t ɔ r m	s t ɔ r m d	s t ɔ r m d	t r æ n s f ɔ r m d	0	1	reg_d	other	reg_d
final	θ r ɛ t ə n	θ r ɛ t ə n d	θ ɛ t r ə n d	f æ s ə n	f æ s ə n d	f æ s ə n d	θ r ɛ t ə n d	0	1	reg_d	other	reg_d
final	m e ɪ t	m e ɪ t ə d	m e ɪ t ə d	ɪ n t ɪ m e ɪ t	ɪ n t ɪ m e ɪ t ə d	ɪ n t ɪ m e ɪ t ə d	m e ɪ t ə d	1	1	reg_əd	reg_əd	reg_əd
final	ɪ m p r uː v	ɪ m p r uː v d	ɪ m p r uː v d	m uː v	m uː v d	m uː v d	ɪ m p r uː v d	1	1	reg_d	reg_d	reg_d
final	t ɑː l ɹ̩ e ɪ t	t ɑː l ɹ̩ e ɪ t ə d	t ɑː l ɹ̩ e ɪ t ə d	p ɑː r t	p ɑː r t ə d	p ɑː r t ə d	t ɑː l ɹ̩ e ɪ t ə d	1	1	reg_əd	reg_əd	reg_əd
final	h ɔ n t	h ɔ n t ə d	h ɔ n t ə d	h ʌ n t	h ʌ n t ə d	h ʌ n t ə d	h ɔ n t ə d	1	1	reg_əd	reg_əd	reg_əd
final	t æ k	t æ k t	t æ k t	b æ ŋ k	b æ ŋ k t	b æ ŋ k t	t æ k t	1	1	reg_t	reg_t	reg_t
final	ɪ n d͡ʒ ɹ̩	ɪ n d͡ʒ ɹ̩ d	ɪ n d͡ʒ ɹ̩ d	l ɪ ŋ ɡ ɹ̩	l ɪ ŋ ɡ ɹ̩ d	l ɪ ŋ ɡ ɹ̩ d	ɪ n d͡ʒ ɹ̩ d	1	1	reg_d	reg_d	reg_d
final	p r ɪ d ɪ k t	p r ɪ d ɪ k t ə d	p r ɪ d ɪ k t ə d	w ɛ t	w ɛ t	w ɛ t	p r ɪ d ɪ k t	0	0	reg_əd	reg_əd	no_change
final	d ɪ z a ɪ n	d ɪ z a ɪ n d	d ɪ z a ɪ n d	f æ n	f æ n d	f æ n d	d ɪ z a ɪ n d	1	1	reg_d	reg_d	reg_d
final	b ʌ n d ə l	b ʌ n d ə l d	b ʌ n d ə l d	t ɛ l	t ɛ l d	t o ʊ l d	b ʌ n d ə l d	1	1	reg_d	reg_d	reg_d
final	r ɪ s ɛ s	r ɪ s ɛ s t	r ɪ s ɛ s t	s ɛ n t ə n s	s ɛ n t ə n s t	s ɛ n t ə n s t	r ɪ s ɛ s t	1	1	reg_t	reg_t	reg_t
final	b l a ɪ n d	b l a ɪ n d ə d	b l a ɪ n d ə d	w ɛ d	w ɛ d ə d	w ɛ d	b l a ɪ n d ə d	1	1	reg_əd	reg_əd	reg_əd
final	d r ʌ ɡ	d r ʌ ɡ d	d r ʌ ɡ d	ɛ ɡ	ɛ ɡ d	ɛ ɡ d	d r ʌ ɡ d	1	1	reg_d	reg_d	reg_d
final	f l e ɪ v ɹ̩	f l e ɪ v ɹ̩ d	f l e ɪ v ɹ̩ d	k ʌ v ɹ̩	k ʌ v ɹ̩ d	k ʌ v ɹ̩ d	f l e ɪ v ɹ̩ d	1	1	reg_d	reg_d	reg_d
final	r ɪ p ɛ r	r ɪ p ɛ r d	r ɪ p ɛ r d	s t ɔ r	s t ɔ r d	s t ɔ r d	r ɪ p ɛ r d	1	1	reg_d	reg_d	reg_d
final	k ɹ̩ s	k ɹ̩ s t	k ɹ̩ s t	d a ɪ s	d a ɪ s t	d a ɪ s t	k ɹ̩ s t	1	1	reg_t	reg_t	reg_t
final	ɪ n t͡ʃ	ɪ n t͡ʃ t	ɪ n t͡ʃ t	r ɛ n t͡ʃ	r ɛ n t͡ʃ t	r ɛ n t͡ʃ t	ɪ n t͡ʃ t	1	1	reg_t	reg_t	reg_t
final	t r æ n z m ɪ t	t r æ n z m ɪ t ə d	t r æ m ɪ m d	f r ɔ s t	f r ɔ s t ə d	f r ɔ s t ə d	t r æ n z m ɪ t ə d	0	1	reg_əd	other	reg_əd
final	ʃ æ m p uː	ʃ æ m p uː d	ʃ æ m p uː d	b ɑː r b ɪ k j uː	b ɑː r b ɪ k j uː d	b ɑː r b ɪ k j uː d	ʃ æ m p uː d	1	1	reg_d	reg_d	reg_d
final	ɪ n k r iː s	ɪ n k r iː s t	ɪ n k r iː s t	ɪ m b ɛ r ə s	ɪ m b ɛ r ə s t	ɪ m b ɛ r ə s t	ɪ n k r iː s t	1	1	reg_t	reg_t	reg_t
final	b ʊ t͡ʃ ɹ̩	b ʊ t͡ʃ ɹ̩ d	b ʊ t͡ʃ ɹ̩ d	l ɪ ŋ ɡ ɹ̩	l ɪ ŋ ɡ ɹ̩ d	l ɪ ŋ ɡ ɹ̩ d	b ʊ t͡ʃ ɹ̩ d	1	1	reg_d	reg_d	reg_d
final	d o ʊ n e ɪ t	d o ʊ n e ɪ t ə d	d o ʊ n e ɪ t ə d	t͡ʃ ɑː r t	t͡ʃ ɑː r t ə d	t͡ʃ ɑː r t ə d	d o ʊ n e ɪ t ə d	1	1	reg_əd	reg_əd	reg_əd
final	t͡ʃ æ l ə n d͡ʒ	t͡ʃ æ l ə n d͡ʒ d	t͡ʃ æ l ə n d͡ʒ d	r ʌ m ɪ d͡ʒ	r ʌ m ɪ d͡ʒ d	r ʌ m ɪ d͡ʒ d	t͡ʃ æ l ə n d͡ʒ d	1	1	reg_d	reg_d	reg_d
final	ɛ ɡ z ɪ t	ɛ ɡ z ɪ t ə d	ɛ ɡ z ɪ t ə d	r ɪ l e ɪ t	r ɪ l e ɪ t ə d	r ɪ l e ɪ t ə d	ɛ ɡ z ɪ t ə d	1	1	reg_əd	reg_əd	reg_əd
final	b ʊ k	b ʊ k t	b ʊ k t	b ʌ k	b ʌ k t	b ʌ k t	b ʊ k t	1	1	reg_t	reg_t	reg_t
final	m j uː z	m j uː z d	m j uː z d	j uː z	j uː z d	j uː z d	m j uː z d	1	1	reg_d	reg_d	reg_d
final	p ɔ ɪ z ə n	p ɔ ɪ z ə n d	p ɔ ɪ z ə n d	r ʌ n	r ʌ n d	r æ n	p ɔ ɪ z ə n d	1	1	reg_d	reg_d	reg_d
final	ɪ n f l uː ə n s	ɪ n f l uː ə n s t	ɪ n f l ə n s t ə d	s l a ɪ s	s l a ɪ s t	s l a ɪ s t	ɪ n f l uː ə n s t	0	1	reg_t	other	reg_t
final	s t r æ ŋ ɡ ə l	s t r æ ŋ ɡ ə l d	s t r æ ŋ ɡ ɡ l d	t͡ʃ æ n ə l	t͡ʃ æ n ə l d	t͡ʃ æ n ə l d	s t r æ ŋ ɡ ə l d	0	1	reg_d	other	reg_d
final	ɪ ʃ uː	ɪ ʃ uː d	ɪ ʃ uː d	ɡ l uː	ɡ l uː d	ɡ l uː d	ɪ ʃ uː d	1	1	reg_d	reg_d	reg_d
final	ɪ m p r ɛ s	ɪ m p r ɛ s t	ɪ m p r ɛ s t	ə d r ɛ s	ə d r ɛ s t	ə d r ɛ s t	ɪ m p r ɛ s t	1	1	reg_t	reg_t	reg_t
final	p r ə d uː s	p r ə d uː s t	p r ə d uː s t	v ɔ ɪ s	v ɔ ɪ s t	v ɔ ɪ s t	p r ə d uː s t	1	1	reg_t	reg_t	reg_t
final	n æ ɡ	n æ ɡ d	n æ ɡ d	d ɔ ɡ	d ɔ ɡ d	d ɔ ɡ d	n æ ɡ d	1	1	reg_d	reg_d	reg_d
final	o ʊ v ɹ̩ k ʊ k	o ʊ v ɹ̩ k ʊ k t	o ʊ v ɹ̩ k ʊ k t	l ɪ ŋ k	l ɪ ŋ k t	l ɪ ŋ k t	o ʊ v ɹ̩ k ʊ k t	1	1	reg_t	reg_t	reg_t
majority	ɡ ɛ t	ɡ ɑː t	ɡ ɛ t	r ɪ k ɔ l	r ɪ k ɔ l d	r ɪ k ɔ l d	ɡ ɛ t d	0	0	vowel_change	no_change	reg_d
majority	p ʊ t	p ʊ t	p ʊ t	k r o ʊ	k r o ʊ d	k r o ʊ d	p ʊ t d	0	0	no_change	no_change	reg_d
majority	ɡ o ʊ	w ɛ n t	ɡ o ʊ d	l ʌ v	l ʌ v d	l ʌ v d	ɡ o ʊ d	1	0	other	reg_d	reg_d
majority	iː t	e ɪ t	iː d t	p r uː v	p r uː v d	p r uː v d	iː t d	0	0	vowel_change	coda_change	reg_d
majority	w ɔ n t	w ɔ n t ə d	w ɔ n t ə d	ɡ l a ʊ ɹ̩	ɡ l a ʊ ɹ̩ d	ɡ l a ʊ ɹ̩ d	w ɔ n t d	0	0	reg_əd	reg_əd	reg_d
majority	n ɑː k	n ɑː k t	n ɑː k t	d r ʌ m	d r ʌ m d	d r ʌ m d	n ɑː k d	0	0	reg_t	reg_t	reg_d
majority	l ɪ s ə n	l ɪ s ə n d	l ɪ s ə n d	k r æ k ə l	k r æ k ə l d	k r æ k ə l d	l ɪ s ə n d	1	1	reg_d	reg_d	reg_d
majority	p ʌ f	p ʌ f t	p ʌ f t	k ɑː s t uː m	k ɑː s t uː m d	k ɑː s t uː m d	p ʌ f d	0	0	reg_t	reg_t	reg_d
majority	h o ʊ p	h o ʊ p t	h o ʊ p t	r iː t r iː v	r iː t r iː v d	r iː t r iː v d	h o ʊ p d	0	0	reg_t	reg_t	reg_d
majority	n iː d	n iː d ə d	n iː d ə d	s m ɛ l	s m ɛ l d	s m ɛ l d	n iː d d	0	0	reg_əd	reg_əd	reg_d
majority	k æ t͡ʃ	k ɔ t	k æ t͡ʃ t	r iː n e ɪ m	r iː n e ɪ m d	r iː n e ɪ m d	k æ t͡ʃ d	0	0	rhyme_replaced	reg_t	reg_d
majority	z ɪ p ɹ̩	z ɪ p ɹ̩ d	z ɪ p ɹ̩ d	ə p iː r	ə p iː r d	ə p iː r d	z ɪ p ɹ̩ d	1	1	reg_d	reg_d	reg_d
majority	h ɑː p	h ɑː p t	h ɑː p t	s w ɹ̩ v	s w ɹ̩ v d	s w ɹ̩ v d	h ɑː p d	0	0	reg_t	reg_t	reg_d
majority	k æ r iː	k æ r iː d	k æ r iː d	w ɪ n	w ɪ n d	w ʌ n	k æ r iː d	1	1	reg_d	reg_d	reg_d
majority	r ɪ t ɹ̩ n	r ɪ t ɹ̩ n d	r ɪ t ɹ̩ n d	b ʌ ɡ	b ʌ ɡ d	b ʌ ɡ d	r ɪ t ɹ̩ n d	1	1	reg_d	reg_d	reg_d
majority	f iː d	f ɛ d	f iː d ə d	w ɪ s ə l	w ɪ s ə l d	w ɪ s ə l d	f iː d d	0	0	vowel_change	reg_əd	reg_d
majority	ɡ ɑː b ə l	ɡ ɑː b ə l d	ɡ ɑː b ə l d	t r ɪ m	t r ɪ m d	t r ɪ m d	ɡ ɑː b ə l d	1	1	reg_d	reg_d	reg_d
majority	o ʊ p ə n	o ʊ p ə n d	o ʊ p ə n d	r iː f ɪ l	r iː f ɪ l d	r iː f ɪ l d	o ʊ p ə n d	1	1	reg_d	reg_d	reg_d
majority	h o ʊ l d	h ɛ l d	h o ʊ l d ə d	b ə l uː n	b ə l uː n d	b ə l uː n d	h o ʊ l d d	0	0	vowel_change	reg_əd	reg_d
majority	d ɪ l ɪ v ɹ̩	d ɪ l ɪ v ɹ̩ d	d ɪ l ɪ v ɹ̩ d	ɪ m æ d͡ʒ ə n	ɪ m æ d͡ʒ ə n d	ɪ m æ d͡ʒ ə n d	d ɪ l ɪ v ɹ̩ d	1	1	reg_d	reg_d	reg_d
majority	r ʌ b	r ʌ b d	r ʌ b d	ɡ r ɪ n	ɡ r ɪ n d	ɡ r ɪ n d	r ʌ b d	1	1	reg_d	reg_d	reg_d
majority	w ɑː t͡ʃ	w ɑː t͡ʃ t	w ɑː t͡ʃ t	æ n ə l a ɪ z	æ n ə l a ɪ z d	æ n ə l a ɪ z d	w ɑː t͡ʃ d	0	0	reg_t	reg_t	reg_d
majority	p l iː z	p l iː z d	p l iː z d	k ɑː p iː	k ɑː p iː d	k ɑː p iː d	p l iː z d	1	1	reg_d	reg_d	reg_d
majority	w ɔ k	w ɔ k t	w ɔ k t	r ʌ m ɪ d͡ʒ	r ʌ m ɪ d͡ʒ d	r ʌ m ɪ d͡ʒ d	w ɔ k d	0	0	reg_t	reg_t	reg_d
majority	p æ k	p æ k t	p æ k t	f ɪ d ə l	f ɪ d ə l d	f ɪ d ə l d	p æ k d	0	0	reg_t	reg_t	reg_d
majority	s a ʊ n d	s a ʊ n d ə d	s a ʊ n d	s æ t ə s f a ɪ	s æ t ə s f a ɪ d	s æ t ə s f a ɪ d	s a ʊ n d d	0	0	reg_əd	no_change	reg_d
majority	ɡ r æ b	ɡ r æ b d	ɡ r æ b d	ʃ uː	ʃ uː d	ʃ uː d	ɡ r æ b d	1	1	reg_d	reg_d	reg_d
majority	m æ n	m æ n d	m æ n d	k ɑː s t uː m	k ɑː s t uː m d	k ɑː s t uː m d	m æ n d	1	1	reg_d	reg_d	reg_d
majority	f iː l	f ɛ l t	f iː l d	t ɛ r ə r a ɪ z	t ɛ r ə r a ɪ z d	t ɛ r ə r a ɪ z d	f iː l d	1	0	vowel_change_suffix	reg_d	reg_d
majority	n e ɪ m	n e ɪ m d	n e ɪ m d	ɡ e ɪ n	ɡ e ɪ n d	ɡ e ɪ n d	n e ɪ m d	1	1	reg_d	reg_d	reg_d
majority	f l o ʊ	f l o ʊ d	f l o ʊ d	f ɔ l	f ɔ l d	f ɛ l	f l o ʊ d	1	1	reg_d	reg_d	reg_d
majority	w ɛ ð ɹ̩	w ɛ ð ɹ̩ d	w ɛ ð ɹ̩ d	s p ɛ l	s p ɛ l d	s p ɛ l d	w ɛ ð ɹ̩ d	1	1	reg_d	reg_d	reg_d
majority	l a ɪ	l e ɪ	l a ɪ d	b a ɪ s ɪ k ə l	b a ɪ s ɪ k ə l d	b a ɪ s ɪ k ə l d	l a ɪ d	1	0	vowel_change	reg_d	reg_d
majority	k r æ ʃ	k r æ ʃ t	k r æ ʃ t	s t ɔ r iː	s t ɔ r iː d	s t ɔ r iː d	k r æ ʃ d	0	0	reg_t	reg_t	reg_d
majority	p e ɪ d͡ʒ	p e ɪ d͡ʒ d	p e ɪ d͡ʒ d	h æ v	h æ v d	h æ d	p e ɪ d͡ʒ d	1	1	reg_d	reg_d	reg_d
majority	t͡ʃ o ʊ k	t͡ʃ o ʊ k t	t͡ʃ o ʊ k t	f e ɪ v ɹ̩	f e ɪ v ɹ̩ d	f e ɪ v ɹ̩ d	t͡ʃ o ʊ k d	0	0	reg_t	reg_t	reg_d
majority	b l ɛ s	b l ɛ s t	b l ɛ s t	h ʌ v ɹ̩	h ʌ v ɹ̩ d	h ʌ v ɹ̩ d	b l ɛ s d	0	0	reg_t	reg_t	reg_d
majority	d ɪ ŋ	d ɪ ŋ d	d ɪ ŋ d	b ɪ z iː	b ɪ z iː d	b ɪ z iː d	d ɪ ŋ d	1	1	reg_d	reg_d	reg_d
majority	s ɛ l	s o ʊ l d	s ɛ l d	ə s uː m	ə s uː m d	ə s uː m d	s ɛ l d	1	0	vowel_change_suffix	reg_d	reg_d
majority	b ɪ ɡ ɪ n	b ɪ ɡ æ n	b ɪ ɡ ɪ n d	l e ɪ	l e ɪ d	l e ɪ d	b ɪ ɡ ɪ n d	1	0	vowel_change	reg_d	reg_d
majority	d͡ʒ ɔ ɪ n	d͡ʒ ɔ ɪ n d	d͡ʒ ɔ ɪ n d	m ɛ ʒ ɹ̩	m ɛ ʒ ɹ̩ d	m ɛ ʒ ɹ̩ d	d͡ʒ ɔ ɪ n d	1	1	reg_d	reg_d	reg_d
majority	l ɑː k	l ɑː k t	l ɑː k t	t͡ʃ æ n ə l	t͡ʃ æ n ə l d	t͡ʃ æ n ə l d	l ɑː k d	0	0	reg_t	reg_t	reg_d
majority	b ɪ l iː v	b ɪ l iː v d	b ɪ l iː v d	b ɑː t ə l	b ɑː t ə l d	b ɑː t ə l d	b ɪ l iː v d	1	1	reg_d	reg_d	reg_d
majority	ə n d ɹ̩ s t æ n d	ə n d ɹ̩ s t ʊ d	ə n t ə æ n t ə d	k ɪ l	k ɪ l d	k ɪ l d	ə n d ɹ̩ s t æ n d d	0	0	rhyme_replaced	other	reg_d
majority	t r e ɪ n	t r e ɪ n d	t r e ɪ n d	s k æ n	s k æ n d	s k æ n d	t r e ɪ n d	1	1	reg_d	reg_d	reg_d
majority	k r ɔ l	k r ɔ l d	k r ɔ l d	s iː m	s iː m d	s iː m d	k r ɔ l d	1	1	reg_d	reg_d	reg_d
majority	p æ t	p æ t ə d	p æ t ə d	k r a ɪ	k r a ɪ d	k r a ɪ d	p æ t d	0	0	reg_əd	reg_əd	reg_d
majority	ɔ r d ɹ̩	ɔ r d ɹ̩ d	ɔ r d ɹ̩ d	d r e ɪ n	d r e ɪ n d	d r e ɪ n d	ɔ r d ɹ̩ d	1	1	reg_d	reg_d	reg_d
majority	f l a ɪ	f l uː	f l a ɪ d	r iː ɹ̩ e ɪ n d͡ʒ	r iː ɹ̩ e ɪ n d͡ʒ d	r iː ɹ̩ e ɪ n d͡ʒ d	f l a ɪ d	1	0	vowel_change	reg_d	reg_d
majority	l o ʊ d	l o ʊ d ə d	l o ʊ d ə d	ɪ n ɡ e ɪ d͡ʒ	ɪ n ɡ e ɪ d͡ʒ d	ɪ n ɡ e ɪ d͡ʒ d	l o ʊ d d	0	0	reg_əd	reg_əd	reg_d
majority	k ə m p l e ɪ n	k ə m p l e ɪ n d	k ə m p l e ɪ n d	s a ʊ ɹ̩	s a ʊ ɹ̩ d	s a ʊ ɹ̩ d	k ə m p l e ɪ n d	1	1	reg_d	reg_d	reg_d
majority	b l ɛ n d	b l ɛ n d ə d	b l ɛ n d ə d	r ɪ m e ɪ n	r ɪ m e ɪ n d	r ɪ m e ɪ n d	b l ɛ n d d	0	0	reg_əd	reg_əd	reg_d
majority	b l ɑː k	b l ɑː k t	b l ɑː k t	b ɛ t ɹ̩	b ɛ t ɹ̩ d	b ɛ t ɹ̩ d	b l ɑː k d	0	0	reg_t	reg_t	reg_d
majority	t ɪ p	t ɪ p t	t ɪ p t	j ɔ n	j ɔ n d	j ɔ n d	t ɪ p d	0	0	reg_t	reg_t	reg_d
majority	d͡ʒ ɛ t	d͡ʒ ɛ t ə d	d͡ʒ ɛ t	t͡ʃ ɪ k ə n	t͡ʃ ɪ k ə n d	t͡ʃ ɪ k ə n d	d͡ʒ ɛ t d	0	0	reg_əd	no_change	reg_d
majority	b r iː ð	b r iː ð d	b r iː ð d	p ɪ k ə l	p ɪ k ə l d	p ɪ k ə l d	b r iː ð d	1	1	reg_d	reg_d	reg_d
majority	d a ɪ ə l	d a ɪ ə l d	d a ɪ ə l d	ə p ɑː l ə d͡ʒ a ɪ z	ə p ɑː l ə d͡ʒ a ɪ z d	ə p ɑː l ə d͡ʒ a ɪ z d	d a ɪ ə l d	1	1	reg_d	reg_d	reg_d
majority	m ɛ n ʃ ə n	m ɛ n ʃ ə n d	m ɛ n ʃ ə n d	ə n r o ʊ l	ə n r o ʊ l d	ə n r o ʊ l d	m ɛ n ʃ ə n d	1	1	reg_d	reg_d	reg_d
majority	h ʌ ɡ	h ʌ ɡ d	h ʌ ɡ d	s iː m	s iː m d	s iː m d	h ʌ ɡ d	1	1	reg_d	reg_d	reg_d
majority	p a ʊ ɹ̩	p a ʊ ɹ̩ d	p a ʊ ɹ̩ d	r ɪ k ɔ l	r ɪ k ɔ l d	r ɪ k ɔ l d	p a ʊ ɹ̩ d	1	1	reg_d	reg_d	reg_d
majority	s ɑː k	s ɑː k t	s ɑː k t	k l ɑː ɡ	k l ɑː ɡ d	k l ɑː ɡ d	s ɑː k d	0	0	reg_t	reg_t	reg_d
majority	w uː p	w uː p t	w uː p t	p a ʊ d ɹ̩	p a ʊ d ɹ̩ d	p a ʊ d ɹ̩ d	w uː p d	0	0	reg_t	reg_t	reg_d
majority	r iː m a ɪ n d	r iː m a ɪ n d ə d	r iː m a ɪ n d ə d	d ɑː r n	d ɑː r n d	d ɑː r n d	r iː m a ɪ n d d	0	0	reg_əd	reg_əd	reg_d
majority	h æ n d ə l	h æ n d ə l d	h æ n d ə l d	m e ɪ l	m e ɪ l d	m e ɪ l d	h æ n d ə l d	1	1	reg_d	reg_d	reg_d
majority	s n iː z	s n iː z d	s n iː z d	k w ɛ s t͡ʃ ə n	k w ɛ s t͡ʃ ə n d	k w ɛ s t͡ʃ ə n d	s n iː z d	1	1	reg_d	reg_d	reg_d
majority	v ɪ z ɪ t	v ɪ z ɪ t ə d	v ɪ z ɪ t ə d	ə n t a ɪ	ə n t a ɪ d	ə n t a ɪ d	v ɪ z ɪ t d	0	0	reg_əd	reg_əd	reg_d
majority	s l a ɪ d	s l ɪ d	s l a ɪ d	ʃ ɛ r	ʃ ɛ r d	ʃ ɛ r d	s l a ɪ d d	0	0	vowel_change	no_change	reg_d
majority	p l æ n	p l æ n d	p l æ n d	ɡ e ɪ n	ɡ e ɪ n d	ɡ e ɪ n d	p l æ n d	1	1	reg_d	reg_d	reg_d
majority	ɛ l b o ʊ	ɛ l b o ʊ d	ɛ l b o ʊ d	f r e ɪ z	f r e ɪ z d	f r e ɪ z d	ɛ l b o ʊ d	1	1	reg_d	reg_d	reg_d
majority	b ɑː k s	b ɑː k s t	b ɑː k s t	n ʌ m b ɹ̩	n ʌ m b ɹ̩ d	n ʌ m b ɹ̩ d	b ɑː k s d	0	0	reg_t	reg_t	reg_d
majority	ɪ n k l uː d	ɪ n k l uː d ə d	ɪ n k l uː d ə d	s k ɛ r	s k ɛ r d	s k ɛ r d	ɪ n k l uː d d	0	0	reg_əd	reg_əd	reg_d
majority	b ɹ̩ n	b ɹ̩ n d	b ɹ̩ n d	a ɪ ɹ̩ n	a ɪ ɹ̩ n d	a ɪ ɹ̩ n d	b ɹ̩ n d	1	1	reg_d	reg_d	reg_d
majority	ʃ e ɪ p	ʃ e ɪ p t	ʃ e ɪ p t	k iː	k iː d	k iː d	ʃ e ɪ p d	0	0	reg_t	reg_t	reg_d
majority	b o ʊ n	b o ʊ n d	b o ʊ n d	p ʊ l	p ʊ l d	p ʊ l d	b o ʊ n d	1	1	reg_d	reg_d	reg_d
majority	f ɪ l	f ɪ l d	f ɪ l d	k r a ɪ	k r a ɪ d	k r a ɪ d	f ɪ l d	1	1	reg_d	reg_d	reg_d
majority	m æ s k	m æ s k t	m æ s k t	r ɑː b	r ɑː b d	r ɑː b d	m æ s k d	0	0	reg_t	reg_t	reg_d
majority	s ɛ l ə b r e ɪ t	s ɛ l ə b r e ɪ t ə d	s ɛ l ə b r e ɪ t ə d	s l o ʊ	s l o ʊ d	s l o ʊ d	s ɛ l ə b r e ɪ t d	0	0	reg_əd	reg_əd	reg_d
majority	k r ʌ m b ə l	k r ʌ m b ə l d	k r ʌ m b ə l d	l a ɪ n	l a ɪ n d	l a ɪ n d	k r ʌ m b ə l d	1	1	reg_d	reg_d	reg_d
majority	r ɑː k	r ɑː k t	r ɑː k t	p iː r	p iː r d	p iː r d	r ɑː k d	0	0	reg_t	reg_t	reg_d
majority	ɡ ɛ r ə n t iː	ɡ ɛ r ə n t iː d	ɡ ə r ə n t ə d	p r a ɪ	p r a ɪ d	p r a ɪ d	ɡ ɛ r ə n t iː d	0	1	reg_d	other	reg_d
majority	k ə n ɛ k t	k ə n ɛ k t ə d	k ə n ɛ k t ə d	t ʌ ɡ	t ʌ ɡ d	t ʌ ɡ d	k ə n ɛ k t d	0	0	reg_əd	reg_əd	reg_d
majority	t ɔ s	t ɔ s t	t ɔ s t	ʃ ɑː r p ə n	ʃ ɑː r p ə n d	ʃ ɑː r p ə n d	t ɔ s d	0	0	reg_t	reg_t	reg_d
majority	iː v ɪ n	iː v ɪ n d	iː v æ n d	p r iː s k r a ɪ b	p r iː s k r a ɪ b d	p r iː s k r a ɪ b d	iː v ɪ n d	0	1	reg_d	vowel_change_suffix	reg_d
majority	b a ʊ n s	b a ʊ n s t	b a ʊ n s t	k ə m p ɛ r	k ə m p ɛ r d	k ə m p ɛ r d	b a ʊ n s d	0	0	reg_t	reg_t	reg_d
majority	ɹ̩ n	ɹ̩ n d	ɹ̩ n d	t o ʊ	t o ʊ d	t o ʊ d	ɹ̩ n d	1	1	reg_d	reg_d	reg_d
majority	k l a ʊ d	k l a ʊ d ə d	k l a ʊ d ə d	o ʊ b e ɪ	o ʊ b e ɪ d	o ʊ b e ɪ d	k l a ʊ d d	0	0	reg_əd	reg_əd	reg_d
majority	k ʌ p ə l	k ʌ p ə l d	k ʌ p ə l d	d ʌ b	d ʌ b d	d ʌ b d	k ʌ p ə l d	1	1	reg_d	reg_d	reg_d
majority	f l ʌ ʃ	f l ʌ ʃ t	f l ʌ ʃ t	b r a ɪ t ə n	b r a ɪ t ə n d	b r a ɪ t ə n d	f l ʌ ʃ d	0	0	reg_t	reg_t	reg_d
majority	h ɑː r n ə s	h ɑː r n ə s t	h ɑː r n ə s t	p uː l	p uː l d	p uː l d	h ɑː r n ə s d	0	0	reg_t	reg_t	reg_d
majority	b r a ʊ n	b r a ʊ n d	b r a ʊ n d	k ə n f j uː z	k ə n f j uː z d	k ə n f j uː z d	b r a ʊ n d	1	1	reg_d	reg_d	reg_d
majority	s t ɪ ŋ k	s t ʌ ŋ k	s t ɪ ŋ k t	s ɪ z ə l	s ɪ z ə l d	s ɪ z ə l d	s t ɪ ŋ k d	0	0	vowel_change	reg_t	reg_d
majority	r iː f r ɛ ʃ	r iː f r ɛ ʃ t	r iː f r ɛ r d	j uː z	j uː z d	j uː z d	r iː f r ɛ ʃ d	0	0	reg_t	coda_change	reg_d
majority	p r ə f ɹ̩	p r ə f ɹ̩ d	p r ə f ɹ̩ d	ɡ ʌ m	ɡ ʌ m d	ɡ ʌ m d	p r ə f ɹ̩ d	1	1	reg_d	reg_d	reg_d
majority	s t iː l	s t o ʊ l	s t iː l d	æ n s ɹ̩	æ n s ɹ̩ d	æ n s ɹ̩ d	s t iː l d	1	0	vowel_change	reg_d	reg_d
majority	b æ n d	b æ n d ə d	b æ n d ə d	d ɑː k t ɹ̩	d ɑː k t ɹ̩ d	d ɑː k t ɹ̩ d	b æ n d d	0	0	reg_əd	reg_əd	reg_d
majority	r ɪ d	r ɪ d	r ɪ d ə d	s iː r	s iː r d	s iː r d	r ɪ d d	0	0	no_change	reg_əd	reg_d
majority	k o ʊ ɑː p ɹ̩ e ɪ t	k o ʊ ɑː p ɹ̩ e ɪ t ə d	k o ʊ ɑː p ɹ̩ e ɪ t ə d	s m uː ð	s m uː ð d	s m uː ð d	k o ʊ ɑː p ɹ̩ e ɪ t d	0	0	reg_əd	reg_əd	reg_d
majority	b ɑː ð ɹ̩	b ɑː ð ɹ̩ d	b ɑː ð ɹ̩ d	t͡ʃ ɪ k ə n	t͡ʃ ɪ k ə n d	t͡ʃ ɪ k ə n d	b ɑː ð ɹ̩ d	1	1	reg_d	reg_d	reg_d
majority	r ɛ s t	r ɛ s t ə d	r ɛ s t ə d	n iː r	n iː r d	n iː r d	r ɛ s t d	0	0	reg_əd	reg_əd	reg_d
majority	ɑː k j ə p a ɪ	ɑː k j ə p a ɪ d	ɑː k j ə p ə d	f ɔ l	f ɔ l d	f ɛ l	ɑː k j ə p a ɪ d	0	1	reg_d	vowel_change_suffix	reg_d
majority	s k r ɪ b ə l	s k r ɪ b ə l d	s k r ɪ b ə l d	k ɑː p iː	k ɑː p iː d	k ɑː p iː d	s k r ɪ b ə l d	1	1	reg_d	reg_d	reg_d
majority	b l æ s t	b l æ s t ə d	b l æ s t ə d	d ɪ z ɹ̩ v	d ɪ z ɹ̩ v d	d ɪ z ɹ̩ v d	b l æ s t d	0	0	reg_əd	reg_əd	reg_d
majority	h æ m ɹ̩	h æ m ɹ̩ d	h æ m ɹ̩ d	r a ɪ m	r a ɪ m d	r a ɪ m d	h æ m ɹ̩ d	1	1	reg_d	reg_d	reg_d
majority	d r ɪ l	d r ɪ l d	d r ɪ l d	l ɹ̩ n	l ɹ̩ n d	l ɹ̩ n d	d r ɪ l d	1	1	reg_d	reg_d	reg_d
majority	p r æ k t ɪ s	p r æ k t ɪ s t	p r æ k t ə s t	ɪ m æ d͡ʒ ə n	ɪ m æ d͡ʒ ə n d	ɪ m æ d͡ʒ ə n d	p r æ k t ɪ s d	0	0	reg_t	vowel_change_suffix	reg_d
majority	t a ɪ p	t a ɪ p t	t a ɪ p t	r ɪ m ɛ m b ɹ̩	r ɪ m ɛ m b ɹ̩ d	r ɪ m ɛ m b ɹ̩ d	t a ɪ p d	0	0	reg_t	reg_t	reg_d
majority	æ d	æ d ə d	æ d ʌ d	j ɔ n	j ɔ n d	j ɔ n d	æ d d	0	0	reg_əd	other	reg_d
majority	b o ʊ l	b o ʊ l d	b o ʊ l d	k w ɛ s t͡ʃ ə n	k w ɛ s t͡ʃ ə n d	k w ɛ s t͡ʃ ə n d	b o ʊ l d	1	1	reg_d	reg_d	reg_d
majority	t o ʊ t	t o ʊ t ə d	t o ʊ t ə d	ə l a ʊ	ə l a ʊ d	ə l a ʊ d	t o ʊ t d	0	0	reg_əd	reg_əd	reg_d
majority	s w ɪ ʃ	s w ɪ ʃ t	s w ɪ ʃ t	r ɑː b	r ɑː b d	r ɑː b d	s w ɪ ʃ d	0	0	reg_t	reg_t	reg_d
majority	b l e ɪ m	b l e ɪ m d	b l e ɪ m d	s iː m	s iː m d	s iː m d	b l e ɪ m d	1	1	reg_d	reg_d	reg_d
majority	ɪ k s a ɪ t	ɪ k s a ɪ t ə d	ɪ k s a ɪ t ə d	ʃ a ɪ n	ʃ a ɪ n d	ʃ a ɪ n d	ɪ k s a ɪ t d	0	0	reg_əd	reg_əd	reg_d
majority	t͡ʃ a ɪ m	t͡ʃ a ɪ m d	t͡ʃ a ɪ m d	d ʌ b	d ʌ b d	d ʌ b d	t͡ʃ a ɪ m d	1	1	reg_d	reg_d	reg_d
majority	t͡ʃ iː r	t͡ʃ iː r d	t͡ʃ iː r d	k o ʊ m	k o ʊ m d	k o ʊ m d	t͡ʃ iː r d	1	1	reg_d	reg_d	reg_d
majority	f r e ɪ m	f r e ɪ m d	f r e ɪ m d	s o ʊ	s o ʊ d	s o ʊ d	f r e ɪ m d	1	1	reg_d	reg_d	reg_d
majority	d æ m	d æ m d	d æ m d	s t æ b	s t æ b d	s t æ b d	d æ m d	1	1	reg_d	reg_d	reg_d
majority	t͡ʃ iː t	t͡ʃ iː t ə d	t͡ʃ iː t	ɪ n t ɹ̩ f ɪ r	ɪ n t ɹ̩ f ɪ r d	ɪ n t ɹ̩ f ɪ r d	t͡ʃ iː t d	0	0	reg_əd	no_change	reg_d
majority	l iː n	l iː n d	l iː n d	ɑː r ɡ j uː	ɑː r ɡ j uː d	ɑː r ɡ j uː d	l iː n d	1	1	reg_d	reg_d	reg_d
majority	s k r iː m	s k r iː m d	s k r iː m d	s w ɹ̩ l	s w ɹ̩ l d	s w ɹ̩ l d	s k r iː m d	1	1	reg_d	reg_d	reg_d
majority	ɪ ɡ n ɔ r	ɪ ɡ n ɔ r d	ɪ ɡ n ɔ r d	ɪ ɡ z æ m ɪ n	ɪ ɡ z æ m ɪ n d	ɪ ɡ z æ m ɪ n d	ɪ ɡ n ɔ r d	1	1	reg_d	reg_d	reg_d
majority	s k uː p	s k uː p t	s k uː p t	k uː l	k uː l d	k uː l d	s k uː p d	0	0	reg_t	reg_t	reg_d
majority	θ ʌ m p	θ ʌ m p t	θ ʌ m p t	b ɑː r o ʊ	b ɑː r o ʊ d	b ɑː r o ʊ d	θ ʌ m p d	0	0	reg_t	reg_t	reg_d
majority	s t iː r	s t iː r d	s t iː r d	s t o ʊ n	s t o ʊ n d	s t o ʊ n d	s t iː r d	1	1	reg_d	reg_d	reg_d
majority	s p ɪ n	s p ʌ n	s p ɪ n d	k ɑː p iː	k ɑː p iː d	k ɑː p iː d	s p ɪ n d	1	0	vowel_change	reg_d	reg_d
majority	h ʌ f	h ʌ f t	h ʌ f t	ɡ e ɪ n	ɡ e ɪ n d	ɡ e ɪ n d	h ʌ f d	0	0	reg_t	reg_t	reg_d
majority	t ɛ n d	t ɛ n d ə d	t ɛ n d ə d	k l a ɪ m	k l a ɪ m d	k l a ɪ m d	t ɛ n d d	0	0	reg_əd	reg_əd	reg_d
majority	s p e ɪ s	s p e ɪ s t	s p e ɪ s t	ɪ k s p l ɔ r	ɪ k s p l ɔ r d	ɪ k s p l ɔ r d	s p e ɪ s d	0	0	reg_t	reg_t	reg_d
majority	s t r e ɪ t ə n	s t r e ɪ t ə n d	s t r t ə t ə n d	f ɹ̩ ð ɹ̩	f ɹ̩ ð ɹ̩ d	f ɹ̩ ð ɹ̩ d	s t r e ɪ t ə n d	0	1	reg_d	other	reg_d
majority	p iː t ɹ̩	p iː t ɹ̩ d	p iː t ɹ̩ d	r ɪ m e ɪ n	r ɪ m e ɪ n d	r ɪ m e ɪ n d	p iː t ɹ̩ d	1	1	reg_d	reg_d	reg_d
majority	m a ɪ n	m a ɪ n d	m a ɪ n d	b e ɪ ð	b e ɪ ð d	b e ɪ ð d	m a ɪ n d	1	1	reg_d	reg_d	reg_d
majority	h iː l	h iː l d	h iː l d	ɛ k o ʊ	ɛ k o ʊ d	ɛ k o ʊ d	h iː l d	1	1	reg_d	reg_d	reg_d
majority	ə t r æ k t	ə t r æ k t ə d	ə t r æ k t ə d	s t ɔ r	s t ɔ r d	s t ɔ r d	ə t r æ k t d	0	0	reg_əd	reg_əd	reg_d
majority	s k w ɛ r	s k w ɛ r d	s k w ɛ r d	k uː l	k uː l d	k uː l d	s k w ɛ r d	1	1	reg_d	reg_d	reg_d
majority	f l ʌ f	f l ʌ f t	f l ʌ f t	d͡ʒ ɛ l iː	d͡ʒ ɛ l iː d	d͡ʒ ɛ l iː d	f l ʌ f d	0	0	reg_t	reg_t	reg_d
majority	t o ʊ n	t o ʊ n d	t o ʊ n d	s ɪ m ɹ̩	s ɪ m ɹ̩ d	s ɪ m ɹ̩ d	t o ʊ n d	1	1	reg_d	reg_d	reg_d
majority	d͡ʒ ɪ m iː	d͡ʒ ɪ m iː d	d͡ʒ ɪ m iː d	r uː ə n	r uː ə n d	r uː ə n d	d͡ʒ ɪ m iː d	1	1	reg_d	reg_d	reg_d
majority	s m a ɪ l	s m a ɪ l d	s m a ɪ l d	k ɑː p iː	k ɑː p iː d	k ɑː p iː d	s m a ɪ l d	1	1	reg_d	reg_d	reg_d
majority	ə n w a ɪ n d	ə n w a ʊ n d	ə n w a ɪ n d ə d	r ɑː b	r ɑː b d	r ɑː b d	ə n w a ɪ n d d	0	0	vowel_change	reg_əd	reg_d
majority	d ɪ k l ɛ r	d ɪ k l ɛ r d	d ɪ k l ɛ r d	ʃ ʌ v ə l	ʃ ʌ v ə l d	ʃ ʌ v ə l d	d ɪ k l ɛ r d	1	1	reg_d	reg_d	reg_d
majority	k ə n d ʌ k t	k ə n d ʌ k t ə d	k ə n d ʌ k ə d	ɡ e ɪ n	ɡ e ɪ n d	ɡ e ɪ n d	k ə n d ʌ k t d	0	0	reg_əd	other	reg_d
majority	s t r e ɪ n	s t r e ɪ n d	s t r e ɪ n d	r ə s iː v	r ə s iː v d	r ə s iː v d	s t r e ɪ n d	1	1	reg_d	reg_d	reg_d
majority	k ə l æ p s	k ə l æ p s t	k ə l æ p s t	l ɪ ŋ ɡ ɹ̩	l ɪ ŋ ɡ ɹ̩ d	l ɪ ŋ ɡ ɹ̩ d	k ə l æ p s d	0	0	reg_t	reg_t	reg_d
majority	p ɑː r t ɪ s ə p e ɪ t	p ɑː r t ɪ s ə p e ɪ t ə d	p ɑː r t	w iː k ə n	w iː k ə n d	w iː k ə n d	p ɑː r t ɪ s ə p e ɪ t d	0	0	reg_əd	other	reg_d
majority	t r æ n z l e ɪ t	t r æ n z l e ɪ t ə d	t r æ n z d	p ɪ k ə l	p ɪ k ə l d	p ɪ k ə l d	t r æ n z l e ɪ t d	0	0	reg_əd	other	reg_d
majority	d ɪ s k ʌ s	d ɪ s k ʌ s t	d ɪ s k ʌ s t	k l o ʊ z	k l o ʊ z d	k l o ʊ z d	d ɪ s k ʌ s d	0	0	reg_t	reg_t	reg_d
majority	f ɹ̩ ɡ ɪ v	f ɹ̩ ɡ e ɪ v	f ɹ̩ ɡ ɪ v d	s k ɔ r	s k ɔ r d	s k ɔ r d	f ɹ̩ ɡ ɪ v d	1	0	vowel_change	reg_d	reg_d
majority	ə r a ɪ z	ə r o ʊ z	ə r a ɪ z d	k ə n t r o ʊ l	k ə n t r o ʊ l d	k ə n t r o ʊ l d	ə r a ɪ z d	1	0	vowel_change	reg_d	reg_d
majority	f r a ɪ t ə n	f r a ɪ t ə n d	f r a ɪ t ə n d	f r iː z	f r iː z d	f r o ʊ z	f r a ɪ t ə n d	1	1	reg_d	reg_d	reg_d
majority	ɔ ɪ l	ɔ ɪ l d	ɔ ɪ l d	w ɪ s ə l	w ɪ s ə l d	w ɪ s ə l d	ɔ ɪ l d	1	1	reg_d	reg_d	reg_d
majority	ə n l o ʊ d	ə n l o ʊ d ə d	ə n l o ʊ d ə d	d ɪ s ə p iː r	d ɪ s ə p iː r d	d ɪ s ə p iː r d	ə n l o ʊ d d	0	0	reg_əd	reg_əd	reg_d
majority	ɡ r ʌ m b ə l	ɡ r ʌ m b ə l d	ɡ r ʌ m b ə l d	h ɔ l	h ɔ l d	h ɔ l d	ɡ r ʌ m b ə l d	1	1	reg_d	reg_d	reg_d
majority	r ɛ k	r ɛ k t	r ɛ k t	h ɹ̩ iː	h ɹ̩ iː d	h ɹ̩ iː d	r ɛ k d	0	0	reg_t	reg_t	reg_d
majority	s p ɑː t	s p ɑː t ə d	s p ɑː t ə d	p l e ɪ	p l e ɪ d	p l e ɪ d	s p ɑː t d	0	0	reg_əd	reg_əd	reg_d
majority	b ʌ t ɹ̩	b ʌ t ɹ̩ d	b ʌ t ɹ̩ d	t ɔ ɪ l	t ɔ ɪ l d	t ɔ ɪ l d	b ʌ t ɹ̩ d	1	1	reg_d	reg_d	reg_d
majority	s t iː p	s t iː p t	s t iː p t	r ɪ p l a ɪ	r ɪ p l a ɪ d	r ɪ p l a ɪ d	s t iː p d	0	0	reg_t	reg_t	reg_d
majority	h ʌ s ə l	h ʌ s ə l d	h ʌ s ə l d	r iː ɹ̩ e ɪ n d͡ʒ	r iː ɹ̩ e ɪ n d͡ʒ d	r iː ɹ̩ e ɪ n d͡ʒ d	h ʌ s ə l d	1	1	reg_d	reg_d	reg_d
majority	k ə n t ɪ n j uː	k ə n t ɪ n j uː d	k ə n t ɪ n d	s t ɑː r	s t ɑː r d	s t ɑː r d	k ə n t ɪ n j uː d	0	1	reg_d	other	reg_d
majority	r ɛ n t	r ɛ n t ə d	r ɛ n t ə d	k ə m p ɛ r	k ə m p ɛ r d	k ə m p ɛ r d	r ɛ n t d	0	0	reg_əd	reg_əd	reg_d
majority	k r ʌ n t͡ʃ	k r ʌ n t͡ʃ t	k r ʌ n t͡ʃ t	s ɪ ɡ n ə l	s ɪ ɡ n ə l d	s ɪ ɡ n ə l d	k r ʌ n t͡ʃ d	0	0	reg_t	reg_t	reg_d
majority	r ɛ s k j uː	r ɛ s k j uː d	r ɛ s k j uː d	w ɪ s ə l	w ɪ s ə l d	w ɪ s ə l d	r ɛ s k j uː d	1	1	reg_d	reg_d	reg_d
majority	t ɑː p	t ɑː p t	t ɑː p t	b ɔ r	b ɔ r d	b ɔ r d	t ɑː p d	0	0	reg_t	reg_t	reg_d
majority	b l iː d	b l ɛ d	b l iː d ə d	p ɔ r	p ɔ r d	p ɔ r d	b l iː d d	0	0	vowel_change	reg_əd	reg_d
majority	p r ɪ k	p r ɪ k t	p r ɪ k t	t r ʌ b ə l	t r ʌ b ə l d	t r ʌ b ə l d	p r ɪ k d	0	0	reg_t	reg_t	reg_d
majority	o ʊ ɡ ə l	o ʊ ɡ ə l d	o ʊ ɡ ə l d	k ɑː z	k ɑː z d	k ɑː z d	o ʊ ɡ ə l d	1	1	reg_d	reg_d	reg_d
majority	s ɔ ɪ l	s ɔ ɪ l d	s ɔ ɪ l d	p uː l	p uː l d	p uː l d	s ɔ ɪ l d	1	1	reg_d	reg_d	reg_d
majority	ɡ ɑː l f	ɡ ɑː l f t	ɡ ɑː l f t	l ɹ̩ n	l ɹ̩ n d	l ɹ̩ n d	ɡ ɑː l f d	0	0	reg_t	reg_t	reg_d
majority	b ʌ s t	b ʌ s t ə d	b ʌ s t ə d	d ɪ l e ɪ	d ɪ l e ɪ d	d ɪ l e ɪ d	b ʌ s t d	0	0	reg_əd	reg_əd	reg_d
majority	r iː s a ɪ k ə l	r iː s a ɪ k ə l d	r iː s a ɪ k ə l d	r a ɪ z	r a ɪ z d	r o ʊ z	r iː s a ɪ k ə l d	1	1	reg_d	reg_d	reg_d
majority	s t uː	s t uː d	s t uː d	b ʌ z	b ʌ z d	b ʌ z d	s t uː d	1	1	reg_d	reg_d	reg_d
majority	b æ t	b æ t ə d	b æ t	s t ɔ r m	s t ɔ r m d	s t ɔ r m d	b æ t d	0	0	reg_əd	no_change	reg_d
majority	s ʌ f ɹ̩	s ʌ f ɹ̩ d	s ʌ f ɹ̩ d	o ʊ n	o ʊ n d	o ʊ n d	s ʌ f ɹ̩ d	1	1	reg_d	reg_d	reg_d
majority	v ɪ ʒ w ə l a ɪ z	v ɪ ʒ w ə l a ɪ z d	v ɪ l ə l ə d	ə p ɑː l ə d͡ʒ a ɪ z	ə p ɑː l ə d͡ʒ a ɪ z d	ə p ɑː l ə d͡ʒ a ɪ z d	v ɪ ʒ w ə l a ɪ z d	0	1	reg_d	other	reg_d
majority	k æ p	k æ p t	k æ p t	r ə s iː v	r ə s iː v d	r ə s iː v d	k æ p d	0	0	reg_t	reg_t	reg_d
majority	t ʌ m b ə l	t ʌ m b ə l d	t ʌ m b ə l d	t͡ʃ uː z	t͡ʃ uː z d	t͡ʃ o ʊ z	t ʌ m b ə l d	1	1	reg_d	reg_d	reg_d
majority	d ɪ s k r a ɪ b	d ɪ s k r a ɪ b d	d ɪ s k r a ɪ b d	r iː f ɪ l	r iː f ɪ l d	r iː f ɪ l d	d ɪ s k r a ɪ b d	1	1	reg_d	reg_d	reg_d
majority	h ɛ z ə t e ɪ t	h ɛ z ə t e ɪ t ə d	h ɛ z ə t e ɪ t ə d	s ɪ ɡ n ə l	s ɪ ɡ n ə l d	s ɪ ɡ n ə l d	h ɛ z ə t e ɪ t d	0	0	reg_əd	reg_əd	reg_d
majority	m ɑː r	m ɑː r d	m ɑː r d	b uː m	b uː m d	b uː m d	m ɑː r d	1	1	reg_d	reg_d	reg_d
majority	p r ə n a ʊ n s	p r ə n a ʊ n s t	p r ə n a ʊ n a ɪ s t ə d	k r a ɪ	k r a ɪ d	k r a ɪ d	p r ə n a ʊ n s d	0	0	reg_t	other	reg_d
majority	f ɪ k s e ɪ t	f ɪ k s e ɪ t ə d	f ɪ k s e ɪ t ə d	h æ v	h æ v d	h æ d	f ɪ k s e ɪ t d	0	0	reg_əd	reg_əd	reg_d
majority	b ɑː s	b ɑː s t	b ɑː s t	b ɛ r	b ɛ r d	b o ʊ r	b ɑː s d	0	0	reg_t	reg_t	reg_d
majority	d ɪ s t ɹ̩ b	d ɪ s t ɹ̩ b d	d ɪ s t ɹ̩ d ə d	p r o ʊ ɡ r æ m	p r o ʊ ɡ r æ m d	p r o ʊ ɡ r æ m d	d ɪ s t ɹ̩ b d	0	1	reg_d	other	reg_d
majority	s n æ k	s n æ k t	s n æ k t	d r iː m	d r iː m d	d r iː m d	s n æ k d	0	0	reg_t	reg_t	reg_d
majority	d ʌ s t	d ʌ s t ə d	d ʌ s t ə d	b ʌ z	b ʌ z d	b ʌ z d	d ʌ s t d	0	0	reg_əd	reg_əd	reg_d
majority	m o ʊ n	m o ʊ n d	m o ʊ n d	d ɛ r	d ɛ r d	d ɛ r d	m o ʊ n d	1	1	reg_d	reg_d	reg_d
majority	p iː l	p iː l d	p iː l d	s k æ n	s k æ n d	s k æ n d	p iː l d	1	1	reg_d	reg_d	reg_d
majority	f l ɑː p	f l ɑː p t	f l ɑː p t	d æ z ə l	d æ z ə l d	d æ z ə l d	f l ɑː p d	0	0	reg_t	reg_t	reg_d
majority	f l æ ʃ	f l æ ʃ t	f l æ ʃ t	b uː m	b uː m d	b uː m d	f l æ ʃ d	0	0	reg_t	reg_t	reg_d
majority	p e ɪ s t	p e ɪ s t ə d	p e ɪ s t ə d	t ɹ̩ n	t ɹ̩ n d	t ɹ̩ n d	p e ɪ s t d	0	0	reg_əd	reg_əd	reg_d
majority	ɡ ɑː r b ə l	ɡ ɑː r b ə l d	ɡ ɑː r b ə l d	h æ l o ʊ	h æ l o ʊ d	h æ l o ʊ d	ɡ ɑː r b ə l d	1	1	reg_d	reg_d	reg_d
majority	ɪ n t ɛ n d	ɪ n t ɛ n d ə d	ɪ n t ɛ n t ə d	t ɑː p ə l	t ɑː p ə l d	t ɑː p ə l d	ɪ n t ɛ n d d	0	0	reg_əd	other	reg_d
majority	r o ʊ t e ɪ t	r o ʊ t e ɪ t ə d	r o ʊ t e ɪ t ə d	w ʌ n d ɹ̩	w ʌ n d ɹ̩ d	w ʌ n d ɹ̩ d	r o ʊ t e ɪ t d	0	0	reg_əd	reg_əd	reg_d
majority	s ɑː l v	s ɑː l v d	s ɑː l v d	o ʊ	o ʊ d	o ʊ d	s ɑː l v d	1	1	reg_d	reg_d	reg_d
majority	r ɪ s p ɑː n d	r ɪ s p ɑː n d ə d	r ɪ s p ɑː n d ə d	n ɛ r o ʊ	n ɛ r o ʊ d	n ɛ r o ʊ d	r ɪ s p ɑː n d d	0	0	reg_əd	reg_əd	reg_d
majority	p r a ɪ s	p r a ɪ s t	p r a ɪ s t	n ɪ b ə l	n ɪ b ə l d	n ɪ b ə l d	p r a ɪ s d	0	0	reg_t	reg_t	reg_d
majority	h ɑː r p	h ɑː r p t	h ɑː r p t	p r uː v	p r uː v d	p r uː v d	h ɑː r p d	0	0	reg_t	reg_t	reg_d
majority	ɪ ɡ z ɔ s t	ɪ ɡ z ɔ s t ə d	ɪ ɡ z ɔ s t ə d	b ɔ l	b ɔ l d	b ɔ l d	ɪ ɡ z ɔ s t d	0	0	reg_əd	reg_əd	reg_d
majority	t ɛ r ə f a ɪ	t ɛ r ə f a ɪ d	t ɛ r ə f a ɪ d	æ k s ɛ s ɹ̩ a ɪ z	æ k s ɛ s ɹ̩ a ɪ z d	æ k s ɛ s ɹ̩ a ɪ z d	t ɛ r ə f a ɪ d	1	1	reg_d	reg_d	reg_d
majority	s a ʊ	s a ʊ d	s a ʊ d	b r a ɪ t ə n	b r a ɪ t ə n d	b r a ɪ t ə n d	s a ʊ d	1	1	reg_d	reg_d	reg_d
majority	e ɪ d	e ɪ d ə d	e ɪ d ə d	l a ɪ v	l a ɪ v d	l a ɪ v d	e ɪ d d	0	0	reg_əd	reg_əd	reg_d
majority	ə n p æ k	ə n p æ k t	ə n p æ k t	p ʊ l	p ʊ l d	p ʊ l d	ə n p æ k d	0	0	reg_t	reg_t	reg_d
majority	p r ɪ v ɛ n t	p r ɪ v ɛ n t ə d	p r ɪ v ɛ n t ə d	ɛ n t ɹ̩	ɛ n t ɹ̩ d	ɛ n t ɹ̩ d	p r ɪ v ɛ n t d	0	0	reg_əd	reg_əd	reg_d
majority	k ə n s ɪ d ɹ̩	k ə n s ɪ d ɹ̩ d	k ə n s t ə d ɹ̩ d	ə s uː m	ə s uː m d	ə s uː m d	k ə n s ɪ d ɹ̩ d	0	1	reg_d	other	reg_d
majority	w ɑː d	w ɑː d ə d	w ɑː d ə d	p r e ɪ	p r e ɪ d	p r e ɪ d	w ɑː d d	0	0	reg_əd	reg_əd	reg_d
majority	t r ʌ s t	t r ʌ s t ə d	t r ʌ s t ə d	s ɪ m ɹ̩	s ɪ m ɹ̩ d	s ɪ m ɹ̩ d	t r ʌ s t d	0	0	reg_əd	reg_əd	reg_d
majority	m ɑː d ə l	m ɑː d ə l d	m ɑː d ə l d	l o ʊ n	l o ʊ n d	l o ʊ n d	m ɑː d ə l d	1	1	reg_d	reg_d	reg_d
majority	s t e ɪ p ə l	s t e ɪ p ə l d	s t e ɪ p ə l d	s uː p ɹ̩ v a ɪ z	s uː p ɹ̩ v a ɪ z d	s uː p ɹ̩ v a ɪ z d	s t e ɪ p ə l d	1	1	reg_d	reg_d	reg_d
majority	p r ə v a ɪ d	p r ə v a ɪ d ə d	p r ə v a ɪ d ə d	r iː ə l a ɪ z	r iː ə l a ɪ z d	r iː ə l a ɪ z d	p r ə v a ɪ d d	0	0	reg_əd	reg_əd	reg_d
majority	t r ɛ m b ə l	t r ɛ m b ə l d	t r ɛ m b ə l d	m a ʊ ð	m a ʊ ð d	m a ʊ ð d	t r ɛ m b ə l d	1	1	reg_d	reg_d	reg_d
majority	p l a ʊ	p l a ʊ d	p l a ʊ d	a ɪ ɹ̩ n	a ɪ ɹ̩ n d	a ɪ ɹ̩ n d	p l a ʊ d	1	1	reg_d	reg_d	reg_d
majority	w æ ɡ	w æ ɡ d	w æ ɡ d	k ɔ l	k ɔ l d	k ɔ l d	w æ ɡ d	1	1	reg_d	reg_d	reg_d
majority	b l iː t͡ʃ	b l iː t͡ʃ t	b l iː t͡ʃ t	h æ l o ʊ	h æ l o ʊ d	h æ l o ʊ d	b l iː t͡ʃ d	0	0	reg_t	reg_t	reg_d
majority	t æ t ə l	t æ t ə l d	t æ t ə l d	p ɪ n	p ɪ n d	p ɪ n d	t æ t ə l d	1	1	reg_d	reg_d	reg_d
majority	s k ɹ̩ t	s k ɹ̩ t ə d	s k ɹ̩ t ə d	s æ t ə s f a ɪ	s æ t ə s f a ɪ d	s æ t ə s f a ɪ d	s k ɹ̩ t d	0	0	reg_əd	reg_əd	reg_d
majority	ɛ r	ɛ r d	ɛ r ɛ r d	ɡ ɪ v	ɡ ɪ v d	ɡ e ɪ v	ɛ r d	0	1	reg_d	other	reg_d
majority	ɛ k s ɹ̩ s a ɪ z	ɛ k s ɹ̩ s a ɪ z d	ɛ s ɹ̩ s ɹ̩ a ɪ z d	b ɛ r iː	b ɛ r iː d	b ɛ r iː d	ɛ k s ɹ̩ s a ɪ z d	0	1	reg_d	other	reg_d
majority	f ʌ d͡ʒ	f ʌ d͡ʒ d	f ʌ d͡ʒ d	s p ɛ l	s p ɛ l d	s p ɛ l d	f ʌ d͡ʒ d	1	1	reg_d	reg_d	reg_d
majority	ɡ ʌ n	ɡ ʌ n d	ɡ ʌ n d	n o ʊ	n o ʊ d	n uː	ɡ ʌ n d	1	1	reg_d	reg_d	reg_d
majority	s p ɔ r t	s p ɔ r t ə d	s p ɔ r t ə d	l ɔ ŋ	l ɔ ŋ d	l ɔ ŋ d	s p ɔ r t d	0	0	reg_əd	reg_əd	reg_d
majority	r ɪ l iː v	r ɪ l iː v d	r ɪ l iː v d	m ɛ ʒ ɹ̩	m ɛ ʒ ɹ̩ d	m ɛ ʒ ɹ̩ d	r ɪ l iː v d	1	1	reg_d	reg_d	reg_d
majority	ʃ o ʊ l d ɹ̩	ʃ o ʊ l d ɹ̩ d	ʃ o ʊ l o ʊ d	f uː l	f uː l d	f uː l d	ʃ o ʊ l d ɹ̩ d	0	1	reg_d	other	reg_d
majority	f ɔ r k	f ɔ r k t	f ɔ r k t	w ɛ l k ə m	w ɛ l k ə m d	w ɛ l k ə m d	f ɔ r k d	0	0	reg_t	reg_t	reg_d
majority	t w iː k	t w iː k t	t w ɛ k t	r iː t͡ʃ ɑː r d͡ʒ	r iː t͡ʃ ɑː r d͡ʒ d	r iː t͡ʃ ɑː r d͡ʒ d	t w iː k d	0	0	reg_t	vowel_change_suffix	reg_d
majority	d æ ʃ	d æ ʃ t	d æ ʃ t	f a ɪ l	f a ɪ l d	f a ɪ l d	d æ ʃ d	0	0	reg_t	reg_t	reg_d
majority	ɪ k s k l e ɪ m	ɪ k s k l e ɪ m d	ɪ k s k l e ɪ z d	ɡ r a ʊ l	ɡ r a ʊ l d	ɡ r a ʊ l d	ɪ k s k l e ɪ m d	0	1	reg_d	coda_change	reg_d
majority	s ə s p ɛ k t	s ə s p ɛ k t ə d	s p ɛ s p ɛ k t	ɛ m p t iː	ɛ m p t iː d	ɛ m p t iː d	s ə s p ɛ k t d	0	0	reg_əd	other	reg_d
majority	t r æ n s f ɔ r m	t r æ n s f ɔ r m d	t r æ n f r s t ɔ r æ n d	f r e ɪ z	f r e ɪ z d	f r e ɪ z d	t r æ n s f ɔ r m d	0	1	reg_d	other	reg_d
majority	θ r ɛ t ə n	θ r ɛ t ə n d	θ ɛ t r ə n d	ɪ n v ɑː l v	ɪ n v ɑː l v d	ɪ n v ɑː l v d	θ r ɛ t ə n d	0	1	reg_d	other	reg_d
majority	m e ɪ t	m e ɪ t ə d	m e ɪ t ə d	r ɪ t a ɪ ɹ̩	r ɪ t a ɪ ɹ̩ d	r ɪ t a ɪ ɹ̩ d	m e ɪ t d	0	0	reg_əd	reg_əd	reg_d
majority	ɪ m p r uː v	ɪ m p r uː v d	ɪ m p r uː v d	s o ʊ	s o ʊ d	s o ʊ d	ɪ m p r uː v d	1	1	reg_d	reg_d	reg_d
majority	t ɑː l ɹ̩ e ɪ t	t ɑː l ɹ̩ e ɪ t ə d	t ɑː l ɹ̩ e ɪ t ə d	t ʌ ɡ	t ʌ ɡ d	t ʌ ɡ d	t ɑː l ɹ̩ e ɪ t d	0	0	reg_əd	reg_əd	reg_d
majority	h ɔ n t	h ɔ n t ə d	h ɔ n t ə d	s ɔ f ə n	s ɔ f ə n d	s ɔ f ə n d	h ɔ n t d	0	0	reg_əd	reg_əd	reg_d
majority	t æ k	t æ k t	t æ k t	d ʌ b	d ʌ b d	d ʌ b d	t æ k d	0	0	reg_t	reg_t	reg_d
majority	ɪ n d͡ʒ ɹ̩	ɪ n d͡ʒ ɹ̩ d	ɪ n d͡ʒ ɹ̩ d	p l e ɪ n	p l e ɪ n d	p l e ɪ n d	ɪ n d͡ʒ ɹ̩ d	1	1	reg_d	reg_d	reg_d
majority	p r ɪ d ɪ k t	p r ɪ d ɪ k t ə d	p r ɪ d ɪ k t ə d	f ɑː r m	f ɑː r m d	f ɑː r m d	p r ɪ d ɪ k t d	0	0	reg_əd	reg_əd	reg_d
majority	d ɪ z a ɪ n	d ɪ z a ɪ n d	d ɪ z a ɪ n d	r ɪ z a ɪ n	r ɪ z a ɪ n d	r ɪ z a ɪ n d	d ɪ z a ɪ n d	1	1	reg_d	reg_d	reg_d
majority	b ʌ n d ə l	b ʌ n d ə l d	b ʌ n d ə l d	s e ɪ l	s e ɪ l d	s e ɪ l d	b ʌ n d ə l d	1	1	reg_d	reg_d	reg_d
majority	r ɪ s ɛ s	r ɪ s ɛ s t	r ɪ s ɛ s t	s a ɪ z	s a ɪ z d	s a ɪ z d	r ɪ s ɛ s d	0	0	reg_t	reg_t	reg_d
majority	b l a ɪ n d	b l a ɪ n d ə d	b l a ɪ n d ə d	b æ ɡ	b æ ɡ d	b æ ɡ d	b l a ɪ n d d	0	0	reg_əd	reg_əd	reg_d
majority	d r ʌ ɡ	d r ʌ ɡ d	d r ʌ ɡ d	k ʌ l ɹ̩	k ʌ l ɹ̩ d	k ʌ l ɹ̩ d	d r ʌ ɡ d	1	1	reg_d	reg_d	reg_d
majority	f l e ɪ v ɹ̩	f l e ɪ v ɹ̩ d	f l e ɪ v ɹ̩ d	b l o ʊ	b l o ʊ d	b l uː	f l e ɪ v ɹ̩ d	1	1	reg_d	reg_d	reg_d
majority	r ɪ p ɛ r	r ɪ p ɛ r d	r ɪ p ɛ r d	l ʌ v	l ʌ v d	l ʌ v d	r ɪ p ɛ r d	1	1	reg_d	reg_d	reg_d
majority	k ɹ̩ s	k ɹ̩ s t	k ɹ̩ s t	t a ɪ t ə n	t a ɪ t ə n d	t a ɪ t ə n d	k ɹ̩ s d	0	0	reg_t	reg_t	reg_d
majority	ɪ n t͡ʃ	ɪ n t͡ʃ t	ɪ n t͡ʃ t	p r uː v	p r uː v d	p r uː v d	ɪ n t͡ʃ d	0	0	reg_t	reg_t	reg_d
majority	t r æ n z m ɪ t	t r æ n z m ɪ t ə d	t r æ m ɪ m d	ɪ n ɪ ʃ ə l	ɪ n ɪ ʃ ə l d	ɪ n ɪ ʃ ə l d	t r æ n z m ɪ t d	0	0	reg_əd	other	reg_d
majority	ʃ æ m p uː	ʃ æ m p uː d	ʃ æ m p uː d	p ɛ n	p ɛ n d	p ɛ n d	ʃ æ m p uː d	1	1	reg_d	reg_d	reg_d
majority	ɪ n k r iː s	ɪ n k r iː s t	ɪ n k r iː s t	b l o ʊ	b l o ʊ d	b l uː	ɪ n k r iː s d	0	0	reg_t	reg_t	reg_d
majority	b ʊ t͡ʃ ɹ̩	b ʊ t͡ʃ ɹ̩ d	b ʊ t͡ʃ ɹ̩ d	ɛ n t ɹ̩	ɛ n t ɹ̩ d	ɛ n t ɹ̩ d	b ʊ t͡ʃ ɹ̩ d	1	1	reg_d	reg_d	reg_d
majority	d o ʊ n e ɪ t	d o ʊ n e ɪ t ə d	d o ʊ n e ɪ t ə d	r ɪ ŋ k ə l	r ɪ ŋ k ə l d	r ɪ ŋ k ə l d	d o ʊ n e ɪ t d	0	0	reg_əd	reg_əd	reg_d
majority	t͡ʃ æ l ə n d͡ʒ	t͡ʃ æ l ə n d͡ʒ d	t͡ʃ æ l ə n d͡ʒ d	k ɹ̩ v	k ɹ̩ v d	k ɹ̩ v d	t͡ʃ æ l ə n d͡ʒ d	1	1	reg_d	reg_d	reg_d
majority	ɛ ɡ z ɪ t	ɛ ɡ z ɪ t ə d	ɛ ɡ z ɪ t ə d	ɡ ɪ ɡ ə l	ɡ ɪ ɡ ə l d	ɡ ɪ ɡ ə l d	ɛ ɡ z ɪ t d	0	0	reg_əd	reg_əd	reg_d
majority	b ʊ k	b ʊ k t	b ʊ k t	d r a ʊ n	d r a ʊ n d	d r a ʊ n d	b ʊ k d	0	0	reg_t	reg_t	reg_d
majority	m j uː z	m j uː z d	m j uː z d	k ə n t e ɪ n	k ə n t e ɪ n d	k ə n t e ɪ n d	m j uː z d	1	1	reg_d	reg_d	reg_d
majority	p ɔ ɪ z ə n	p ɔ ɪ z ə n d	p ɔ ɪ z ə n d	v a ʊ	v a ʊ d	v a ʊ d	p ɔ ɪ z ə n d	1	1	reg_d	reg_d	reg_d
majority	ɪ n f l uː ə n s	ɪ n f l uː ə n s t	ɪ n f l ə n s t ə d	b ɛ t ɹ̩	b ɛ t ɹ̩ d	b ɛ t ɹ̩ d	ɪ n f l uː ə n s d	0	0	reg_t	other	reg_d
majority	s t r æ ŋ ɡ ə l	s t r æ ŋ ɡ ə l d	s t r æ ŋ ɡ ɡ l d	h iː r	h iː r d	h ɹ̩ d	s t r æ ŋ ɡ ə l d	0	1	reg_d	other	reg_d
majority	ɪ ʃ uː	ɪ ʃ uː d	ɪ ʃ uː d	h ɑː l ɹ̩	h ɑː l ɹ̩ d	h ɑː l ɹ̩ d	ɪ ʃ uː d	1	1	reg_d	reg_d	reg_d
majority	ɪ m p r ɛ s	ɪ m p r ɛ s t	ɪ m p r ɛ s t	k ɛ r	k ɛ r d	k ɛ r d	ɪ m p r ɛ s d	0	0	reg_t	reg_t	reg_d
majority	p r ə d uː s	p r ə d uː s t	p r ə d uː s t	ɡ ʌ m	ɡ ʌ m d	ɡ ʌ m d	p r ə d uː s d	0	0	reg_t	reg_t	reg_d
majority	n æ ɡ	n æ ɡ d	n æ ɡ d	h ʌ v ɹ̩	h ʌ v ɹ̩ d	h ʌ v ɹ̩ d	n æ ɡ d	1	1	reg_d	reg_d	reg_d
majority	o ʊ v ɹ̩ k ʊ k	o ʊ v ɹ̩ k ʊ k t	o ʊ v ɹ̩ k ʊ k t	ʃ ɛ l	ʃ ɛ l d	ʃ ɛ l d	o ʊ v ɹ̩ k ʊ k d	0	0	reg_t	reg_t	reg_d
random	ɡ ɛ t	ɡ ɑː t	ɡ ɛ t	k l æ m p	k l æ m p t	k l æ m p t	ɡ ɛ t t	0	0	vowel_change	no_change	reg_t
random	p ʊ t	p ʊ t	p ʊ t	p ɪ ŋ	p ɪ ŋ d	p ɪ ŋ d	p ʊ t d	0	0	no_change	no_change	reg_d
random	ɡ o ʊ	w ɛ n t	ɡ o ʊ d	r ɑː k ə t	r ɑː k ə t ə d	r ɑː k ə t ə d	ɡ o ʊ ə d	0	0	other	reg_d	reg_əd
random	iː t	e ɪ t	iː d t	l o ʊ ɹ̩	l o ʊ ɹ̩ d	l o ʊ ɹ̩ d	iː t d	0	0	vowel_change	coda_change	reg_d
random	w ɔ n t	w ɔ n t ə d	w ɔ n t ə d	k æ n s ə l	k æ n s ə l d	k æ n s ə l d	w ɔ n t d	0	0	reg_əd	reg_əd	reg_d
random	n ɑː k	n ɑː k t	n ɑː k t	s t ɔ r iː	s t ɔ r iː d	s t ɔ r iː d	n ɑː k d	0	0	reg_t	reg_t	reg_d
random	l ɪ s ə n	l ɪ s ə n d	l ɪ s ə n d	æ k s ɛ p t	æ k s ɛ p t ə d	æ k s ɛ p t ə d	l ɪ s ə n ə d	0	0	reg_d	reg_d	reg_əd
random	p ʌ f	p ʌ f t	p ʌ f t	p ɛ r ə ʃ uː t	p ɛ r ə ʃ uː t ə d	p ɛ r ə ʃ uː t ə d	p ʌ f ə d	0	0	reg_t	reg_t	reg_əd
random	h o ʊ p	h o ʊ p t	h o ʊ p t	r ɪ z a ɪ n	r ɪ z a ɪ n d	r ɪ z a ɪ n d	h o ʊ p d	0	0	reg_t	reg_t	reg_d
random	n iː d	n iː d ə d	n iː d ə d	s t ɑː m p	s t ɑː m p t	s t ɑː m p t	n iː d t	0	0	reg_əd	reg_əd	reg_t
random	k æ t͡ʃ	k ɔ t	k æ t͡ʃ t	b ɪ d	b ɪ d ə d	b e ɪ d	k æ t͡ʃ ə d	0	0	rhyme_replaced	reg_t	reg_əd
random	z ɪ p ɹ̩	z ɪ p ɹ̩ d	z ɪ p ɹ̩ d	b ɪ k ʌ m	b ɪ k ʌ m d	b ɪ k e ɪ m	z ɪ p ɹ̩ d	1	1	reg_d	reg_d	reg_d
random	h ɑː p	h ɑː p t	h ɑː p t	l iː p	l iː p t	l ɛ p t	h ɑː p t	1	1	reg_t	reg_t	reg_t
random	k æ r iː	k æ r iː d	k æ r iː d	s ɛ p ɹ̩ e ɪ t	s ɛ p ɹ̩ e ɪ t ə d	s ɛ p ɹ̩ e ɪ t ə d	k æ r iː ə d	0	0	reg_d	reg_d	reg_əd
random	r ɪ t ɹ̩ n	r ɪ t ɹ̩ n d	r ɪ t ɹ̩ n d	m ɛ r iː	m ɛ r iː d	m ɛ r iː d	r ɪ t ɹ̩ n d	1	1	reg_d	reg_d	reg_d
random	f iː d	f ɛ d	f iː d ə d	t͡ʃ ʌ k ə l	t͡ʃ ʌ k ə l d	t͡ʃ ʌ k ə l d	f iː d d	0	0	vowel_change	reg_əd	reg_d
random	ɡ ɑː b ə l	ɡ ɑː b ə l d	ɡ ɑː b ə l d	h ɑː l ɹ̩	h ɑː l ɹ̩ d	h ɑː l ɹ̩ d	ɡ ɑː b ə l d	1	1	reg_d	reg_d	reg_d
random	o ʊ p ə n	o ʊ p ə n d	o ʊ p ə n d	ɑː r t ɪ k j ə l e ɪ t	ɑː r t ɪ k j ə l e ɪ t ə d	ɑː r t ɪ k j ə l e ɪ t ə d	o ʊ p ə n ə d	0	0	reg_d	reg_d	reg_əd
random	h o ʊ l d	h ɛ l d	h o ʊ l d ə d	k æ ʃ	k æ ʃ t	k æ ʃ t	h o ʊ l d t	0	0	vowel_change	reg_əd	reg_t
random	d ɪ l ɪ v ɹ̩	d ɪ l ɪ v ɹ̩ d	d ɪ l ɪ v ɹ̩ d	p o ʊ k	p o ʊ k t	p o ʊ k t	d ɪ l ɪ v ɹ̩ t	0	0	reg_d	reg_d	reg_t
random	r ʌ b	r ʌ b d	r ʌ b d	k r a ʊ d	k r a ʊ d ə d	k r a ʊ d ə d	r ʌ b ə d	0	0	reg_d	reg_d	reg_əd
random	w ɑː t͡ʃ	w ɑː t͡ʃ t	w ɑː t͡ʃ t	b ʌ k	b ʌ k t	b ʌ k t	w ɑː t͡ʃ t	1	1	reg_t	reg_t	reg_t
random	p l iː z	p l iː z d	p l iː z d	b a ɪ s ɪ k ə l	b a ɪ s ɪ k ə l d	b a ɪ s ɪ k ə l d	p l iː z d	1	1	reg_d	reg_d	reg_d
random	w ɔ k	w ɔ k t	w ɔ k t	f r iː z	f r iː z d	f r o ʊ z	w ɔ k d	0	0	reg_t	reg_t	reg_d
random	p æ k	p æ k t	p æ k t	s p r ɪ ŋ k ə l	s p r ɪ ŋ k ə l d	s p r ɪ ŋ k ə l d	p æ k d	0	0	reg_t	reg_t	reg_d
random	s a ʊ n d	s a ʊ n d ə d	s a ʊ n d	k r ʌ m p ə l	k r ʌ m p ə l d	k r ʌ m p ə l d	s a ʊ n d d	0	0	reg_əd	no_change	reg_d
random	ɡ r æ b	ɡ r æ b d	ɡ r æ b d	ə n t a ɪ	ə n t a ɪ d	ə n t a ɪ d	ɡ r æ b d	1	1	reg_d	reg_d	reg_d
random	m æ n	m æ n d	m æ n d	p ɛ r ə ʃ uː t	p ɛ r ə ʃ uː t ə d	p ɛ r ə ʃ uː t ə d	m æ n ə d	0	0	reg_d	reg_d	reg_əd
random	f iː l	f ɛ l t	f iː l d	s p ɛ r	s p ɛ r d	s p ɛ r d	f iː l d	1	0	vowel_change_suffix	reg_d	reg_d
random	n e ɪ m	n e ɪ m d	n e ɪ m d	l æ s t	l æ s t ə d	l æ s t ə d	n e ɪ m ə d	0	0	reg_d	reg_d	reg_əd
random	f l o ʊ	f l o ʊ d	f l o ʊ d	w e ɪ v	w e ɪ v d	w e ɪ v d	f l o ʊ d	1	1	reg_d	reg_d	reg_d
random	w ɛ ð ɹ̩	w ɛ ð ɹ̩ d	w ɛ ð ɹ̩ d	j uː z	j uː z d	j uː z d	w ɛ ð ɹ̩ d	1	1	reg_d	reg_d	reg_d
random	l a ɪ	l e ɪ	l a ɪ d	b ʌ b ə l	b ʌ b ə l d	b ʌ b ə l d	l a ɪ d	1	0	vowel_change	reg_d	reg_d
random	k r æ ʃ	k r æ ʃ t	k r æ ʃ t	r ɑː b	r ɑː b d	r ɑː b d	k r æ ʃ d	0	0	reg_t	reg_t	reg_d
random	p e ɪ d͡ʒ	p e ɪ d͡ʒ d	p e ɪ d͡ʒ d	h æ v	h æ v d	h æ d	p e ɪ d͡ʒ d	1	1	reg_d	reg_d	reg_d
random	t͡ʃ o ʊ k	t͡ʃ o ʊ k t	t͡ʃ o ʊ k t	p r e ɪ z	p r e ɪ z d	p r e ɪ z d	t͡ʃ o ʊ k d	0	0	reg_t	reg_t	reg_d
random	b l ɛ s	b l ɛ s t	b l ɛ s t	s æ t ə s f a ɪ	s æ t ə s f a ɪ d	s æ t ə s f a ɪ d	b l ɛ s d	0	0	reg_t	reg_t	reg_d
random	d ɪ ŋ	d ɪ ŋ d	d ɪ ŋ d	k ʌ d ə l	k ʌ d ə l d	k ʌ d ə l d	d ɪ ŋ d	1	1	reg_d	reg_d	reg_d
random	s ɛ l	s o ʊ l d	s ɛ l d	f ʌ k	f ʌ k t	f ʌ k t	s ɛ l t	0	0	vowel_change_suffix	reg_d	reg_t
random	b ɪ ɡ ɪ n	b ɪ ɡ æ n	b ɪ ɡ ɪ n d	r ʌ n	r ʌ n d	r æ n	b ɪ ɡ ɪ n d	1	0	vowel_change	reg_d	reg_d
random	d͡ʒ ɔ ɪ n	d͡ʒ ɔ ɪ n d	d͡ʒ ɔ ɪ n d	f l a ʊ ɹ̩	f l a ʊ ɹ̩ d	f l a ʊ ɹ̩ d	d͡ʒ ɔ ɪ n d	1	1	reg_d	reg_d	reg_d
random	l ɑː k	l ɑː k t	l ɑː k t	ɪ n t r ə d uː s	ɪ n t r ə d uː s t	ɪ n t r ə d uː s t	l ɑː k t	1	1	reg_t	reg_t	reg_t
random	b ɪ l iː v	b ɪ l iː v d	b ɪ l iː v d	r e ɪ z	r e ɪ z d	r e ɪ z d	b ɪ l iː v d	1	1	reg_d	reg_d	reg_d
random	ə n d ɹ̩ s t æ n d	ə n d ɹ̩ s t ʊ d	ə n t ə æ n t ə d	t͡ʃ uː z	t͡ʃ uː z d	t͡ʃ o ʊ z	ə n d ɹ̩ s t æ n d d	0	0	rhyme_replaced	other	reg_d
random	t r e ɪ n	t r e ɪ n d	t r e ɪ n d	ə n r o ʊ l	ə n r o ʊ l d	ə n r o ʊ l d	t r e ɪ n d	1	1	reg_d	reg_d	reg_d
random	k r ɔ l	k r ɔ l d	k r ɔ l d	m a ʊ ð	m a ʊ ð d	m a ʊ ð d	k r ɔ l d	1	1	reg_d	reg_d	reg_d
random	p æ t	p æ t ə d	p æ t ə d	d r ɑː p	d r ɑː p t	d r ɑː p t	p æ t t	0	0	reg_əd	reg_əd	reg_t
random	ɔ r d ɹ̩	ɔ r d ɹ̩ d	ɔ r d ɹ̩ d	r iː t͡ʃ ɑː r d͡ʒ	r iː t͡ʃ ɑː r d͡ʒ d	r iː t͡ʃ ɑː r d͡ʒ d	ɔ r d ɹ̩ d	1	1	reg_d	reg_d	reg_d
random	f l a ɪ	f l uː	f l a ɪ d	θ r ʌ s t	θ r ʌ s t ə d	θ r ʌ s t	f l a ɪ ə d	0	0	vowel_change	reg_d	reg_əd
random	l o ʊ d	l o ʊ d ə d	l o ʊ d ə d	s n æ p	s n æ p t	s n æ p t	l o ʊ d t	0	0	reg_əd	reg_əd	reg_t
random	k ə m p l e ɪ n	k ə m p l e ɪ n d	k ə m p l e ɪ n d	ʃ r ɪ ŋ k	ʃ r æ ŋ k t	ʃ r æ ŋ k	NA	0	0	reg_d	reg_d	vowel_change_suffix
random	b l ɛ n d	b l ɛ n d ə d	b l ɛ n d ə d	m ɑː r t͡ʃ	m ɑː r t͡ʃ t	m ɑː r t͡ʃ t	b l ɛ n d t	0	0	reg_əd	reg_əd	reg_t
random	b l ɑː k	b l ɑː k t	b l ɑː k t	ə s o ʊ s iː e ɪ t	ə s o ʊ s iː e ɪ t ə d	ə s o ʊ s iː e ɪ t ə d	b l ɑː k ə d	0	0	reg_t	reg_t	reg_əd
random	t ɪ p	t ɪ p t	t ɪ p t	ɪ n ɪ ʃ ə l	ɪ n ɪ ʃ ə l d	ɪ n ɪ ʃ ə l d	t ɪ p d	0	0	reg_t	reg_t	reg_d
random	d͡ʒ ɛ t	d͡ʒ ɛ t ə d	d͡ʒ ɛ t	s m ɑː r t	s m ɑː r t ə d	s m ɑː r t ə d	d͡ʒ ɛ t ə d	0	1	reg_əd	no_change	reg_əd
random	b r iː ð	b r iː ð d	b r iː ð d	s ɹ̩ t͡ʃ	s ɹ̩ t͡ʃ t	s ɹ̩ t͡ʃ t	b r iː ð t	0	0	reg_d	reg_d	reg_t
random	d a ɪ ə l	d a ɪ ə l d	d a ɪ ə l d	ə n d r ɛ s	ə n d r ɛ s t	ə n d r ɛ s t	d a ɪ ə l t	0	0	reg_d	reg_d	reg_t
random	m ɛ n ʃ ə n	m ɛ n ʃ ə n d	m ɛ n ʃ ə n d	r o ʊ l	r o ʊ l d	r o ʊ l d	m ɛ n ʃ ə n d	1	1	reg_d	reg_d	reg_d
random	h ʌ ɡ	h ʌ ɡ d	h ʌ ɡ d	k l æ m p	k l æ m p t	k l æ m p t	h ʌ ɡ t	0	0	reg_d	reg_d	reg_t
random	p a ʊ ɹ̩	p a ʊ ɹ̩ d	p a ʊ ɹ̩ d	h æ t͡ʃ	h æ t͡ʃ t	h æ t͡ʃ t	p a ʊ ɹ̩ t	0	0	reg_d	reg_d	reg_t
random	s ɑː k	s ɑː k t	s ɑː k t	v ɔ ɪ s	v ɔ ɪ s t	v ɔ ɪ s t	s ɑː k t	1	1	reg_t	reg_t	reg_t
random	w uː p	w uː p t	w uː p t	ɡ ʌ m	ɡ ʌ m d	ɡ ʌ m d	w uː p d	0	0	reg_t	reg_t	reg_d
random	r iː m a ɪ n d	r iː m a ɪ n d ə d	r iː m a ɪ n d ə d	s k w ɹ̩ t	s k w ɹ̩ t ə d	s k w ɹ̩ t ə d	r iː m a ɪ n d ə d	1	1	reg_əd	reg_əd	reg_əd
random	h æ n d ə l	h æ n d ə l d	h æ n d ə l d	b æ s k	b æ s k t	b æ s k t	h æ n d ə l t	0	0	reg_d	reg_d	reg_t
random	s n iː z	s n iː z d	s n iː z d	w iː k ə n	w iː k ə n d	w iː k ə n d	s n iː z d	1	1	reg_d	reg_d	reg_d
random	v ɪ z ɪ t	v ɪ z ɪ t ə d	v ɪ z ɪ t ə d	t a ɪ	t a ɪ d	t a ɪ d	v ɪ z ɪ t d	0	0	reg_əd	reg_əd	reg_d
random	s l a ɪ d	s l ɪ d	s l a ɪ d	k ɔ f	k ɔ f t	k ɔ f t	s l a ɪ d t	0	0	vowel_change	no_change	reg_t
random	p l æ n	p l æ n d	p l æ n d	k ɑː s t uː m	k ɑː s t uː m d	k ɑː s t uː m d	p l æ n d	1	1	reg_d	reg_d	reg_d
random	ɛ l b o ʊ	ɛ l b o ʊ d	ɛ l b o ʊ d	k ʌ v ɹ̩	k ʌ v ɹ̩ d	k ʌ v ɹ̩ d	ɛ l b o ʊ d	1	1	reg_d	reg_d	reg_d
random	b ɑː k s	b ɑː k s t	b ɑː k s t	r ɪ t a ɪ ɹ̩	r ɪ t a ɪ ɹ̩ d	r ɪ t a ɪ ɹ̩ d	b ɑː k s d	0	0	reg_t	reg_t	reg_d
random	ɪ n k l uː d	ɪ n k l uː d ə d	ɪ n k l uː d ə d	ɛ n d͡ʒ ɔ ɪ	ɛ n d͡ʒ ɔ ɪ d	ɛ n d͡ʒ ɔ ɪ d	ɪ n k l uː d d	0	0	reg_əd	reg_əd	reg_d
random	b ɹ̩ n	b ɹ̩ n d	b ɹ̩ n d	s a ɪ d	s a ɪ d ə d	s a ɪ d ə d	b ɹ̩ n ə d	0	0	reg_d	reg_d	reg_əd
random	ʃ e ɪ p	ʃ e ɪ p t	ʃ e ɪ p t	ʃ ɛ r	ʃ ɛ r d	ʃ ɛ r d	ʃ e ɪ p d	0	0	reg_t	reg_t	reg_d
random	b o ʊ n	b o ʊ n d	b o ʊ n d	d r ɑː p	d r ɑː p t	d r ɑː p t	b o ʊ n t	0	0	reg_d	reg_d	reg_t
random	f ɪ l	f ɪ l d	f ɪ l d	p r iː p ɛ r	p r iː p ɛ r d	p r iː p ɛ r d	f ɪ l d	1	1	reg_d	reg_d	reg_d
random	m æ s k	m æ s k t	m æ s k t	p r uː v	p r uː v d	p r uː v d	m æ s k d	0	0	reg_t	reg_t	reg_d
random	s ɛ l ə b r e ɪ t	s ɛ l ə b r e ɪ t ə d	s ɛ l ə b r e ɪ t ə d	k l ɪ k	k l ɪ k t	k l ɪ k t	s ɛ l ə b r e ɪ t t	0	0	reg_əd	reg_əd	reg_t
random	k r ʌ m b ə l	k r ʌ m b ə l d	k r ʌ m b ə l d	f l æ t ə n	f l æ t ə n d	f l æ t ə n d	k r ʌ m b ə l d	1	1	reg_d	reg_d	reg_d
random	r ɑː k	r ɑː k t	r ɑː k t	t w a ɪ n	t w a ɪ n d	t w a ɪ n d	r ɑː k d	0	0	reg_t	reg_t	reg_d
random	ɡ ɛ r ə n t iː	ɡ ɛ r ə n t iː d	ɡ ə r ə n t ə d	p ɛ p ɹ̩	p ɛ p ɹ̩ d	p ɛ p ɹ̩ d	ɡ ɛ r ə n t iː d	0	1	reg_d	other	reg_d
random	k ə n ɛ k t	k ə n ɛ k t ə d	k ə n ɛ k t ə d	s k æ n	s k æ n d	s k æ n d	k ə n ɛ k t d	0	0	reg_əd	reg_əd	reg_d
random	t ɔ s	t ɔ s t	t ɔ s t	f e ɪ v ɹ̩	f e ɪ v ɹ̩ d	f e ɪ v ɹ̩ d	t ɔ s d	0	0	reg_t	reg_t	reg_d
random	iː v ɪ n	iː v ɪ n d	iː v æ n d	t r æ n s k r a ɪ b	t r æ n s k r a ɪ b d	t r æ n s k r a ɪ b d	iː v ɪ n d	0	1	reg_d	vowel_change_suffix	reg_d
random	b a ʊ n s	b a ʊ n s t	b a ʊ n s t	t͡ʃ ʌ ɡ	t͡ʃ ʌ ɡ d	t͡ʃ ʌ ɡ d	b a ʊ n s d	0	0	reg_t	reg_t	reg_d
random	ɹ̩ n	ɹ̩ n d	ɹ̩ n d	t w ɹ̩ l	t w ɹ̩ l d	t w ɹ̩ l d	ɹ̩ n d	1	1	reg_d	reg_d	reg_d
random	k l a ʊ d	k l a ʊ d ə d	k l a ʊ d ə d	z uː m	z uː m d	z uː m d	k l a ʊ d d	0	0	reg_əd	reg_əd	reg_d
random	k ʌ p ə l	k ʌ p ə l d	k ʌ p ə l d	b l æ k	b l æ k t	b l æ k t	k ʌ p ə l t	0	0	reg_d	reg_d	reg_t
random	f l ʌ ʃ	f l ʌ ʃ t	f l ʌ ʃ t	d r e ɪ n	d r e ɪ n d	d r e ɪ n d	f l ʌ ʃ d	0	0	reg_t	reg_t	reg_d
random	h ɑː r n ə s	h ɑː r n ə s t	h ɑː r n ə s t	ɡ æ ð ɹ̩	ɡ æ ð ɹ̩ d	ɡ æ ð ɹ̩ d	h ɑː r n ə s d	0	0	reg_t	reg_t	reg_d
random	b r a ʊ n	b r a ʊ n d	b r a ʊ n d	d ɑː r t	d ɑː r t ə d	d ɑː r t ə d	b r a ʊ n ə d	0	0	reg_d	reg_d	reg_əd
random	s t ɪ ŋ k	s t ʌ ŋ k	s t ɪ ŋ k t	ɡ r e ɪ t	ɡ r e ɪ t ə d	ɡ r e ɪ t ə d	s t ɪ ŋ k ə d	0	0	vowel_change	reg_t	reg_əd
random	r iː f r ɛ ʃ	r iː f r ɛ ʃ t	r iː f r ɛ r d	f æ s ə n e ɪ t	f æ s ə n e ɪ t ə d	f æ s ə n e ɪ t ə d	r iː f r ɛ ʃ ə d	0	0	reg_t	coda_change	reg_əd
random	p r ə f ɹ̩	p r ə f ɹ̩ d	p r ə f ɹ̩ d	b r ɛ d	b r ɛ d ə d	b r ɛ d ə d	p r ə f ɹ̩ ə d	0	0	reg_d	reg_d	reg_əd
random	s t iː l	s t o ʊ l	s t iː l d	l æ n d	l æ n d ə d	l æ n d ə d	s t iː l ə d	0	0	vowel_change	reg_d	reg_əd
random	b æ n d	b æ n d ə d	b æ n d ə d	v ɛ r iː	v ɛ r iː d	v ɛ r iː d	b æ n d d	0	0	reg_əd	reg_əd	reg_d
random	r ɪ d	r ɪ d	r ɪ d ə d	s ɪ ŋ k	s ɪ ŋ k t	s æ ŋ k	r ɪ d t	0	0	no_change	reg_əd	reg_t
random	k o ʊ ɑː p ɹ̩ e ɪ t	k o ʊ ɑː p ɹ̩ e ɪ t ə d	k o ʊ ɑː p ɹ̩ e ɪ t ə d	ɪ n ɪ ʃ ə l	ɪ n ɪ ʃ ə l d	ɪ n ɪ ʃ ə l d	k o ʊ ɑː p ɹ̩ e ɪ t d	0	0	reg_əd	reg_əd	reg_d
random	b ɑː ð ɹ̩	b ɑː ð ɹ̩ d	b ɑː ð ɹ̩ d	ɡ uː ɡ ə l	ɡ uː ɡ ə l d	ɡ uː ɡ ə l d	b ɑː ð ɹ̩ d	1	1	reg_d	reg_d	reg_d
random	r ɛ s t	r ɛ s t ə d	r ɛ s t ə d	w e ɪ v	w e ɪ v d	w e ɪ v d	r ɛ s t d	0	0	reg_əd	reg_əd	reg_d
random	ɑː k j ə p a ɪ	ɑː k j ə p a ɪ d	ɑː k j ə p ə d	b a ɪ s ɪ k ə l	b a ɪ s ɪ k ə l d	b a ɪ s ɪ k ə l d	ɑː k j ə p a ɪ d	0	1	reg_d	vowel_change_suffix	reg_d
random	s k r ɪ b ə l	s k r ɪ b ə l d	s k r ɪ b ə l d	f e ɪ l	f e ɪ l d	f e ɪ l d	s k r ɪ b ə l d	1	1	reg_d	reg_d	reg_d
random	b l æ s t	b l æ s t ə d	b l æ s t ə d	t r ɪ k	t r ɪ k t	t r ɪ k t	b l æ s t t	0	0	reg_əd	reg_əd	reg_t
random	h æ m ɹ̩	h æ m ɹ̩ d	h æ m ɹ̩ d	f ɪ n ɪ ʃ	f ɪ n ɪ ʃ t	f ɪ n ɪ ʃ t	h æ m ɹ̩ t	0	0	reg_d	reg_d	reg_t
random	d r ɪ l	d r ɪ l d	d r ɪ l d	p o ʊ k	p o ʊ k t	p o ʊ k t	d r ɪ l t	0	0	reg_d	reg_d	reg_t
random	p r æ k t ɪ s	p r æ k t ɪ s t	p r æ k t ə s t	h ɪ t	h ɪ t	h ɪ t	p r æ k t ɪ s	0	0	reg_t	vowel_change_suffix	no_change
random	t a ɪ p	t a ɪ p t	t a ɪ p t	ə n d uː	ə n d uː d	ə n d ɪ d	t a ɪ p d	0	0	reg_t	reg_t	reg_d
random	æ d	æ d ə d	æ d ʌ d	d r æ ɡ	d r æ ɡ d	d r æ ɡ d	æ d d	0	0	reg_əd	other	reg_d
random	b o ʊ l	b o ʊ l d	b o ʊ l d	t r e ɪ l	t r e ɪ l d	t r e ɪ l d	b o ʊ l d	1	1	reg_d	reg_d	reg_d
random	t o ʊ t	t o ʊ t ə d	t o ʊ t ə d	p r iː p ɛ r	p r iː p ɛ r d	p r iː p ɛ r d	t o ʊ t d	0	0	reg_əd	reg_əd	reg_d
random	s w ɪ ʃ	s w ɪ ʃ t	s w ɪ ʃ t	r o ʊ l	r o ʊ l d	r o ʊ l d	s w ɪ ʃ d	0	0	reg_t	reg_t	reg_d
random	b l e ɪ m	b l e ɪ m d	b l e ɪ m d	s a ɪ	s a ɪ d	s a ɪ d	b l e ɪ m d	1	1	reg_d	reg_d	reg_d
random	ɪ k s a ɪ t	ɪ k s a ɪ t ə d	ɪ k s a ɪ t ə d	m ɛ l t	m ɛ l t ə d	m ɛ l t ə d	ɪ k s a ɪ t ə d	1	1	reg_əd	reg_əd	reg_əd
random	t͡ʃ a ɪ m	t͡ʃ a ɪ m d	t͡ʃ a ɪ m d	ɪ k s k j uː z	ɪ k s k j uː z d	ɪ k s k j uː z d	t͡ʃ a ɪ m d	1	1	reg_d	reg_d	reg_d
random	t͡ʃ iː r	t͡ʃ iː r d	t͡ʃ iː r d	p ɛ t	p ɛ t ə d	p ɛ t ə d	t͡ʃ iː r ə d	0	0	reg_d	reg_d	reg_əd
random	f r e ɪ m	f r e ɪ m d	f r e ɪ m d	w ɔ r m	w ɔ r m d	w ɔ r m d	f r e ɪ m d	1	1	reg_d	reg_d	reg_d
random	d æ m	d æ m d	d æ m d	n ɪ t	n ɪ t ə d	n ɪ t ə d	d æ m ə d	0	0	reg_d	reg_d	reg_əd
random	t͡ʃ iː t	t͡ʃ iː t ə d	t͡ʃ iː t	ə n z ɪ p	ə n z ɪ p t	ə n z ɪ p t	t͡ʃ iː t t	0	0	reg_əd	no_change	reg_t
random	l iː n	l iː n d	l iː n d	o ʊ v ɹ̩ s t e ɪ	o ʊ v ɹ̩ s t e ɪ d	o ʊ v ɹ̩ s t e ɪ d	l iː n d	1	1	reg_d	reg_d	reg_d
random	s k r iː m	s k r iː m d	s k r iː m d	s t æ b	s t æ b d	s t æ b d	s k r iː m d	1	1	reg_d	reg_d	reg_d
random	ɪ ɡ n ɔ r	ɪ ɡ n ɔ r d	ɪ ɡ n ɔ r d	t a ɪ m	t a ɪ m d	t a ɪ m d	ɪ ɡ n ɔ r d	1	1	reg_d	reg_d	reg_d
random	s k uː p	s k uː p t	s k uː p t	r a ɪ d	r a ɪ d ə d	r o ʊ d	s k uː p ə d	0	0	reg_t	reg_t	reg_əd
random	θ ʌ m p	θ ʌ m p t	θ ʌ m p t	ə k ʌ s t ə m	ə k ʌ s t ə m d	ə k ʌ s t ə m d	θ ʌ m p d	0	0	reg_t	reg_t	reg_d
random	s t iː r	s t iː r d	s t iː r d	s t ɪ l	s t ɪ l d	s t ɪ l d	s t iː r d	1	1	reg_d	reg_d	reg_d
random	s p ɪ n	s p ʌ n	s p ɪ n d	k ɔ f	k ɔ f t	k ɔ f t	s p ɪ n t	0	0	vowel_change	reg_d	reg_t
random	h ʌ f	h ʌ f t	h ʌ f t	n ɹ̩ s	n ɹ̩ s t	n ɹ̩ s t	h ʌ f t	1	1	reg_t	reg_t	reg_t
random	t ɛ n d	t ɛ n d ə d	t ɛ n d ə d	p ʌ n t͡ʃ	p ʌ n t͡ʃ t	p ʌ n t͡ʃ t	t ɛ n d t	0	0	reg_əd	reg_əd	reg_t
random	s p e ɪ s	s p e ɪ s t	s p e ɪ s t	p ɪ k	p ɪ k t	p ɪ k t	s p e ɪ s t	1	1	reg_t	reg_t	reg_t
random	s t r e ɪ t ə n	s t r e ɪ t ə n d	s t r t ə t ə n d	k l ʌ b	k l ʌ b d	k l ʌ b d	s t r e ɪ t ə n d	0	1	reg_d	other	reg_d
random	p iː t ɹ̩	p iː t ɹ̩ d	p iː t ɹ̩ d	o ʊ v ɹ̩ h æ ŋ	o ʊ v ɹ̩ h æ ŋ	o ʊ v ɹ̩ h ʌ ŋ	p iː t ɹ̩	0	0	reg_d	reg_d	no_change
random	m a ɪ n	m a ɪ n d	m a ɪ n d	k e ɪ v	k e ɪ v d	k e ɪ v d	m a ɪ n d	1	1	reg_d	reg_d	reg_d
random	h iː l	h iː l d	h iː l d	s iː d	s iː d ə d	s iː d ə d	h iː l ə d	0	0	reg_d	reg_d	reg_əd
random	ə t r æ k t	ə t r æ k t ə d	ə t r æ k t ə d	t a ɪ m	t a ɪ m d	t a ɪ m d	ə t r æ k t d	0	0	reg_əd	reg_əd	reg_d
random	s k w ɛ r	s k w ɛ r d	s k w ɛ r d	s t e ɪ ʃ ə n	s t e ɪ ʃ ə n d	s t e ɪ ʃ ə n d	s k w ɛ r d	1	1	reg_d	reg_d	reg_d
random	f l ʌ f	f l ʌ f t	f l ʌ f t	s ɪ m ɹ̩	s ɪ m ɹ̩ d	s ɪ m ɹ̩ d	f l ʌ f d	0	0	reg_t	reg_t	reg_d
random	t o ʊ n	t o ʊ n d	t o ʊ n d	l uː z	l uː z d	l ɔ s t	t o ʊ n d	1	1	reg_d	reg_d	reg_d
random	d͡ʒ ɪ m iː	d͡ʒ ɪ m iː d	d͡ʒ ɪ m iː d	b a ɪ s ɪ k ə l	b a ɪ s ɪ k ə l d	b a ɪ s ɪ k ə l d	d͡ʒ ɪ m iː d	1	1	reg_d	reg_d	reg_d
random	s m a ɪ l	s m a ɪ l d	s m a ɪ l d	p r iː p ɛ r	p r iː p ɛ r d	p r iː p ɛ r d	s m a ɪ l d	1	1	reg_d	reg_d	reg_d
random	ə n w a ɪ n d	ə n w a ʊ n d	ə n w a ɪ n d ə d	ɡ r a ʊ l	ɡ r a ʊ l d	ɡ r a ʊ l d	ə n w a ɪ n d d	0	0	vowel_change	reg_əd	reg_d
random	d ɪ k l ɛ r	d ɪ k l ɛ r d	d ɪ k l ɛ r d	k ɔ f	k ɔ f t	k ɔ f t	d ɪ k l ɛ r t	0	0	reg_d	reg_d	reg_t
random	k ə n d ʌ k t	k ə n d ʌ k t ə d	k ə n d ʌ k ə d	æ d v a ɪ z	æ d v a ɪ z d	æ d v a ɪ z d	k ə n d ʌ k t d	0	0	reg_əd	other	reg_d
random	s t r e ɪ n	s t r e ɪ n d	s t r e ɪ n d	ɑː p ɹ̩ e ɪ t	ɑː p ɹ̩ e ɪ t ə d	ɑː p ɹ̩ e ɪ t ə d	s t r e ɪ n ə d	0	0	reg_d	reg_d	reg_əd
random	k ə l æ p s	k ə l æ p s t	k ə l æ p s t	k ə n t r o ʊ l	k ə n t r o ʊ l d	k ə n t r o ʊ l d	k ə l æ p s d	0	0	reg_t	reg_t	reg_d
random	p ɑː r t ɪ s ə p e ɪ t	p ɑː r t ɪ s ə p e ɪ t ə d	p ɑː r t	s m ɑː r t	s m ɑː r t ə d	s m ɑː r t ə d	p ɑː r t ɪ s ə p e ɪ t ə d	0	1	reg_əd	other	reg_əd
random	t r æ n z l e ɪ t	t r æ n z l e ɪ t ə d	t r æ n z d	d r a ɪ	d r a ɪ d	d r a ɪ d	t r æ n z l e ɪ t d	0	0	reg_əd	other	reg_d
random	d ɪ s k ʌ s	d ɪ s k ʌ s t	d ɪ s k ʌ s t	p e ɪ	p e ɪ d	p e ɪ d	d ɪ s k ʌ s d	0	0	reg_t	reg_t	reg_d
random	f ɹ̩ ɡ ɪ v	f ɹ̩ ɡ e ɪ v	f ɹ̩ ɡ ɪ v d	l æ f	l æ f t	l æ f t	f ɹ̩ ɡ ɪ v t	0	0	vowel_change	reg_d	reg_t
random	ə r a ɪ z	ə r o ʊ z	ə r a ɪ z d	s uː	s uː d	s uː d	ə r a ɪ z d	1	0	vowel_change	reg_d	reg_d
random	f r a ɪ t ə n	f r a ɪ t ə n d	f r a ɪ t ə n d	t͡ʃ ʌ k ə l	t͡ʃ ʌ k ə l d	t͡ʃ ʌ k ə l d	f r a ɪ t ə n d	1	1	reg_d	reg_d	reg_d
random	ɔ ɪ l	ɔ ɪ l d	ɔ ɪ l d	n o ʊ t ɪ s	n o ʊ t ɪ s t	n o ʊ t ɪ s t	ɔ ɪ l t	0	0	reg_d	reg_d	reg_t
random	ə n l o ʊ d	ə n l o ʊ d ə d	ə n l o ʊ d ə d	w iː n	w iː n d	w iː n d	ə n l o ʊ d d	0	0	reg_əd	reg_əd	reg_d
random	ɡ r ʌ m b ə l	ɡ r ʌ m b ə l d	ɡ r ʌ m b ə l d	s p a ɪ s	s p a ɪ s t	s p a ɪ s t	ɡ r ʌ m b ə l t	0	0	reg_d	reg_d	reg_t
random	r ɛ k	r ɛ k t	r ɛ k t	k ɔ l	k ɔ l d	k ɔ l d	r ɛ k d	0	0	reg_t	reg_t	reg_d
random	s p ɑː t	s p ɑː t ə d	s p ɑː t ə d	æ n ə l a ɪ z	æ n ə l a ɪ z d	æ n ə l a ɪ z d	s p ɑː t d	0	0	reg_əd	reg_əd	reg_d
random	b ʌ t ɹ̩	b ʌ t ɹ̩ d	b ʌ t ɹ̩ d	ə d r ɛ s	ə d r ɛ s t	ə d r ɛ s t	b ʌ t ɹ̩ t	0	0	reg_d	reg_d	reg_t
random	s t iː p	s t iː p t	s t iː p t	k ə n ɡ r æ t͡ʃ ə l e ɪ t	k ə n ɡ r æ t͡ʃ ə l e ɪ t ə d	k ə n ɡ r æ t͡ʃ ə l e ɪ t ə d	s t iː p ə d	0	0	reg_t	reg_t	reg_əd
random	h ʌ s ə l	h ʌ s ə l d	h ʌ s ə l d	t r æ n s k r a ɪ b	t r æ n s k r a ɪ b d	t r æ n s k r a ɪ b d	h ʌ s ə l d	1	1	reg_d	reg_d	reg_d
random	k ə n t ɪ n j uː	k ə n t ɪ n j uː d	k ə n t ɪ n d	b ɑː r b ɪ k j uː	b ɑː r b ɪ k j uː d	b ɑː r b ɪ k j uː d	k ə n t ɪ n j uː d	0	1	reg_d	other	reg_d
random	r ɛ n t	r ɛ n t ə d	r ɛ n t ə d	t͡ʃ ʌ k ə l	t͡ʃ ʌ k ə l d	t͡ʃ ʌ k ə l d	r ɛ n t d	0	0	reg_əd	reg_əd	reg_d
random	k r ʌ n t͡ʃ	k r ʌ n t͡ʃ t	k r ʌ n t͡ʃ t	s k r æ t͡ʃ	s k r æ t͡ʃ t	s k r æ t͡ʃ t	k r ʌ n t͡ʃ t	1	1	reg_t	reg_t	reg_t
random	r ɛ s k j uː	r ɛ s k j uː d	r ɛ s k j uː d	r iː d	r iː d ə d	r ɛ d	r ɛ s k j uː ə d	0	0	reg_d	reg_d	reg_əd
random	t ɑː p	t ɑː p t	t ɑː p t	d o ʊ l	d o ʊ l d	d o ʊ l d	t ɑː p d	0	0	reg_t	reg_t	reg_d
random	b l iː d	b l ɛ d	b l iː d ə d	d a ɪ n	d a ɪ n d	d a ɪ n d	b l iː d d	0	0	vowel_change	reg_əd	reg_d
random	p r ɪ k	p r ɪ k t	p r ɪ k t	d ɪ s k ə n ɛ k t	d ɪ s k ə n ɛ k t ə d	d ɪ s k ə n ɛ k t ə d	p r ɪ k ə d	0	0	reg_t	reg_t	reg_əd
random	o ʊ ɡ ə l	o ʊ ɡ ə l d	o ʊ ɡ ə l d	t͡ʃ e ɪ n d͡ʒ	t͡ʃ e ɪ n d͡ʒ d	t͡ʃ e ɪ n d͡ʒ d	o ʊ ɡ ə l d	1	1	reg_d	reg_d	reg_d
random	s ɔ ɪ l	s ɔ ɪ l d	s ɔ ɪ l d	k ɑː n t r æ k t	k ɑː n t r æ k t ə d	k ɑː n t r æ k t ə d	s ɔ ɪ l ə d	0	0	reg_d	reg_d	reg_əd
random	ɡ ɑː l f	ɡ ɑː l f t	ɡ ɑː l f t	t ʌ k	t ʌ k t	t ʌ k t	ɡ ɑː l f t	1	1	reg_t	reg_t	reg_t
random	b ʌ s t	b ʌ s t ə d	b ʌ s t ə d	s k r e ɪ p	s k r e ɪ p t	s k r e ɪ p t	b ʌ s t t	0	0	reg_əd	reg_əd	reg_t
random	r iː s a ɪ k ə l	r iː s a ɪ k ə l d	r iː s a ɪ k ə l d	s k r iː t͡ʃ	s k r iː t͡ʃ t	s k r iː t͡ʃ t	r iː s a ɪ k ə l t	0	0	reg_d	reg_d	reg_t
random	s t uː	s t uː d	s t uː d	b uː	b uː d	b uː d	s t uː d	1	1	reg_d	reg_d	reg_d
random	b æ t	b æ t ə d	b æ t	s ɹ̩ t͡ʃ	s ɹ̩ t͡ʃ t	s ɹ̩ t͡ʃ t	b æ t t	0	0	reg_əd	no_change	reg_t
random	s ʌ f ɹ̩	s ʌ f ɹ̩ d	s ʌ f ɹ̩ d	t r ʌ m p	t r ʌ m p t	t r ʌ m p t	s ʌ f ɹ̩ t	0	0	reg_d	reg_d	reg_t
random	v ɪ ʒ w ə l a ɪ z	v ɪ ʒ w ə l a ɪ z d	v ɪ l ə l ə d	t a ɪ ɹ̩	t a ɪ ɹ̩ d	t a ɪ ɹ̩ d	v ɪ ʒ w ə l a ɪ z d	0	1	reg_d	other	reg_d
random	k æ p	k æ p t	k æ p t	ɑː r t ɪ k j ə l e ɪ t	ɑː r t ɪ k j ə l e ɪ t ə d	ɑː r t ɪ k j ə l e ɪ t ə d	k æ p ə d	0	0	reg_t	reg_t	reg_əd
random	t ʌ m b ə l	t ʌ m b ə l d	t ʌ m b ə l d	m æ p	m æ p t	m æ p t	t ʌ m b ə l t	0	0	reg_d	reg_d	reg_t
random	d ɪ s k r a ɪ b	d ɪ s k r a ɪ b d	d ɪ s k r a ɪ b d	t͡ʃ ʌ k	t͡ʃ ʌ k t	t͡ʃ ʌ k t	d ɪ s k r a ɪ b t	0	0	reg_d	reg_d	reg_t
random	h ɛ z ə t e ɪ t	h ɛ z ə t e ɪ t ə d	h ɛ z ə t e ɪ t ə d	f ɹ̩ ð ɹ̩	f ɹ̩ ð ɹ̩ d	f ɹ̩ ð ɹ̩ d	h ɛ z ə t e ɪ t d	0	0	reg_əd	reg_əd	reg_d
random	m ɑː r	m ɑː r d	m ɑː r d	w e ɪ t	w e ɪ t ə d	w e ɪ t ə d	m ɑː r ə d	0	0	reg_d	reg_d	reg_əd
random	p r ə n a ʊ n s	p r ə n a ʊ n s t	p r ə n a ʊ n a ɪ s t ə d	p ɔ ɪ n t	p ɔ ɪ n t ə d	p ɔ ɪ n t ə d	p r ə n a ʊ n s ə d	0	0	reg_t	other	reg_əd
random	f ɪ k s e ɪ t	f ɪ k s e ɪ t ə d	f ɪ k s e ɪ t ə d	b ɪ h e ɪ v	b ɪ h e ɪ v d	b ɪ h e ɪ v d	f ɪ k s e ɪ t d	0	0	reg_əd	reg_əd	reg_d
random	b ɑː s	b ɑː s t	b ɑː s t	s ɛ n t ɹ̩	s ɛ n t ɹ̩ d	s ɛ n t ɹ̩ d	b ɑː s d	0	0	reg_t	reg_t	reg_d
random	d ɪ s t ɹ̩ b	d ɪ s t ɹ̩ b d	d ɪ s t ɹ̩ d ə d	p l ʌ ɡ	p l ʌ ɡ d	p l ʌ ɡ d	d ɪ s t ɹ̩ b d	0	1	reg_d	other	reg_d
random	s n æ k	s n æ k t	s n æ k t	p iː s	p iː s t	p iː s t	s n æ k t	1	1	reg_t	reg_t	reg_t
random	d ʌ s t	d ʌ s t ə d	d ʌ s t ə d	ə n r o ʊ l	ə n r o ʊ l d	ə n r o ʊ l d	d ʌ s t d	0	0	reg_əd	reg_əd	reg_d
random	m o ʊ n	m o ʊ n d	m o ʊ n d	m ɛ n d	m ɛ n d ə d	m ɛ n d ə d	m o ʊ n ə d	0	0	reg_d	reg_d	reg_əd
random	p iː l	p iː l d	p iː l d	t͡ʃ ʌ k	t͡ʃ ʌ k t	t͡ʃ ʌ k t	p iː l t	0	0	reg_d	reg_d	reg_t
random	f l ɑː p	f l ɑː p t	f l ɑː p t	j ɛ l	j ɛ l d	j ɛ l d	f l ɑː p d	0	0	reg_t	reg_t	reg_d
random	f l æ ʃ	f l æ ʃ t	f l æ ʃ t	d ɪ s t r ʌ k t	d ɪ s t r ʌ k t ə d	d ɪ s t r ʌ k t ə d	f l æ ʃ ə d	0	0	reg_t	reg_t	reg_əd
random	p e ɪ s t	p e ɪ s t ə d	p e ɪ s t ə d	s m o ʊ k	s m o ʊ k t	s m o ʊ k t	p e ɪ s t t	0	0	reg_əd	reg_əd	reg_t
random	ɡ ɑː r b ə l	ɡ ɑː r b ə l d	ɡ ɑː r b ə l d	s t ɑː r t	s t ɑː r t ə d	s t ɑː r t ə d	ɡ ɑː r b ə l ə d	0	0	reg_d	reg_d	reg_əd
random	ɪ n t ɛ n d	ɪ n t ɛ n d ə d	ɪ n t ɛ n t ə d	d ɪ v ɛ l ə p	d ɪ v ɛ l ə p t	d ɪ v ɛ l ə p t	ɪ n t ɛ n d t	0	0	reg_əd	other	reg_t
random	r o ʊ t e ɪ t	r o ʊ t e ɪ t ə d	r o ʊ t e ɪ t ə d	ə p r o ʊ t͡ʃ	ə p r o ʊ t͡ʃ t	ə p r o ʊ t͡ʃ t	r o ʊ t e ɪ t t	0	0	reg_əd	reg_əd	reg_t
random	s ɑː l v	s ɑː l v d	s ɑː l v d	d r ɔ	d r ɔ r	d r uː	s ɑː l v r	0	0	reg_d	reg_d	other
random	r ɪ s p ɑː n d	r ɪ s p ɑː n d ə d	r ɪ s p ɑː n d ə d	l o ʊ ɹ̩	l o ʊ ɹ̩ d	l o ʊ ɹ̩ d	r ɪ s p ɑː n d d	0	0	reg_əd	reg_əd	reg_d
random	p r a ɪ s	p r a ɪ s t	p r a ɪ s t	ʃ a ʊ t	ʃ a ʊ t ə d	ʃ a ʊ t ə d	p r a ɪ s ə d	0	0	reg_t	reg_t	reg_əd
random	h ɑː r p	h ɑː r p t	h ɑː r p t	r iː l o ʊ d	r iː l o ʊ d ə d	r iː l o ʊ d ə d	h ɑː r p ə d	0	0	reg_t	reg_t	reg_əd
random	ɪ ɡ z ɔ s t	ɪ ɡ z ɔ s t ə d	ɪ ɡ z ɔ s t ə d	ɪ n ɡ e ɪ d͡ʒ	ɪ n ɡ e ɪ d͡ʒ d	ɪ n ɡ e ɪ d͡ʒ d	ɪ ɡ z ɔ s t d	0	0	reg_əd	reg_əd	reg_d
random	t ɛ r ə f a ɪ	t ɛ r ə f a ɪ d	t ɛ r ə f a ɪ d	d uː	d ɪ d	d ɪ d	NA	0	0	reg_d	reg_d	vowel_change_suffix
random	s a ʊ	s a ʊ d	s a ʊ d	ʃ ɛ r	ʃ ɛ r d	ʃ ɛ r d	s a ʊ d	1	1	reg_d	reg_d	reg_d
random	e ɪ d	e ɪ d ə d	e ɪ d ə d	b ɑː t ə m	b ɑː t ə m d	b ɑː t ə m d	e ɪ d d	0	0	reg_əd	reg_əd	reg_d
random	ə n p æ k	ə n p æ k t	ə n p æ k t	ɪ f ɛ k t	ɪ f ɛ k t ə d	ɪ f ɛ k t ə d	ə n p æ k ə d	0	0	reg_t	reg_t	reg_əd
random	p r ɪ v ɛ n t	p r ɪ v ɛ n t ə d	p r ɪ v ɛ n t ə d	w ɔ r n	w ɔ r n d	w ɔ r n d	p r ɪ v ɛ n t d	0	0	reg_əd	reg_əd	reg_d
random	k ə n s ɪ d ɹ̩	k ə n s ɪ d ɹ̩ d	k ə n s t ə d ɹ̩ d	s ɪ m ɹ̩	s ɪ m ɹ̩ d	s ɪ m ɹ̩ d	k ə n s ɪ d ɹ̩ d	0	1	reg_d	other	reg_d
random	w ɑː d	w ɑː d ə d	w ɑː d ə d	ʃ iː l d	ʃ iː l d ə d	ʃ iː l d ə d	w ɑː d ə d	1	1	reg_əd	reg_əd	reg_əd
random	t r ʌ s t	t r ʌ s t ə d	t r ʌ s t ə d	r ɪ p l a ɪ	r ɪ p l a ɪ d	r ɪ p l a ɪ d	t r ʌ s t d	0	0	reg_əd	reg_əd	reg_d
random	m ɑː d ə l	m ɑː d ə l d	m ɑː d ə l d	s m uː ð	s m uː ð d	s m uː ð d	m ɑː d ə l d	1	1	reg_d	reg_d	reg_d
random	s t e ɪ p ə l	s t e ɪ p ə l d	s t e ɪ p ə l d	r ɪ p	r ɪ p t	r ɪ p t	s t e ɪ p ə l t	0	0	reg_d	reg_d	reg_t
random	p r ə v a ɪ d	p r ə v a ɪ d ə d	p r ə v a ɪ d ə d	m æ t ɹ̩	m æ t ɹ̩ d	m æ t ɹ̩ d	p r ə v a ɪ d d	0	0	reg_əd	reg_əd	reg_d
random	t r ɛ m b ə l	t r ɛ m b ə l d	t r ɛ m b ə l d	s t e ɪ	s t e ɪ d	s t e ɪ d	t r ɛ m b ə l d	1	1	reg_d	reg_d	reg_d
random	p l a ʊ	p l a ʊ d	p l a ʊ d	r uː l	r uː l d	r uː l d	p l a ʊ d	1	1	reg_d	reg_d	reg_d
random	w æ ɡ	w æ ɡ d	w æ ɡ d	k l ɔ	k l ɔ d	k l ɔ d	w æ ɡ d	1	1	reg_d	reg_d	reg_d
random	b l iː t͡ʃ	b l iː t͡ʃ t	b l iː t͡ʃ t	k r ʌ m p ə l	k r ʌ m p ə l d	k r ʌ m p ə l d	b l iː t͡ʃ d	0	0	reg_t	reg_t	reg_d
random	t æ t ə l	t æ t ə l d	t æ t ə l d	θ ɪ ŋ k	θ ɔ t	θ ɔ t	NA	0	0	reg_d	reg_d	rhyme_replaced
random	s k ɹ̩ t	s k ɹ̩ t ə d	s k ɹ̩ t ə d	w ɛ l k ə m	w ɛ l k ə m d	w ɛ l k ə m d	s k ɹ̩ t d	0	0	reg_əd	reg_əd	reg_d
random	ɛ r	ɛ r d	ɛ r ɛ r d	t r a ɪ	t r a ɪ d	t r a ɪ d	ɛ r d	0	1	reg_d	other	reg_d
random	ɛ k s ɹ̩ s a ɪ z	ɛ k s ɹ̩ s a ɪ z d	ɛ s ɹ̩ s ɹ̩ a ɪ z d	b r e ɪ k	b r e ɪ k t	b r o ʊ k	ɛ k s ɹ̩ s a ɪ z t	0	0	reg_d	other	reg_t
random	f ʌ d͡ʒ	f ʌ d͡ʒ d	f ʌ d͡ʒ d	p æ s	p æ s t	p æ s t	f ʌ d͡ʒ t	0	0	reg_d	reg_d	reg_t
random	ɡ ʌ n	ɡ ʌ n d	ɡ ʌ n d	s l æ p	s l æ p t	s l æ p t	ɡ ʌ n t	0	0	reg_d	reg_d	reg_t
random	s p ɔ r t	s p ɔ r t ə d	s p ɔ r t ə d	s a ʊ ɹ̩	s a ʊ ɹ̩ d	s a ʊ ɹ̩ d	s p ɔ r t d	0	0	reg_əd	reg_əd	reg_d
random	r ɪ l iː v	r ɪ l iː v d	r ɪ l iː v d	k l ʌ t͡ʃ	k l ʌ t͡ʃ t	k l ʌ t͡ʃ t	r ɪ l iː v t	0	0	reg_d	reg_d	reg_t
random	ʃ o ʊ l d ɹ̩	ʃ o ʊ l d ɹ̩ d	ʃ o ʊ l o ʊ d	r ɪ d͡ʒ ɔ ɪ s	r ɪ d͡ʒ ɔ ɪ s t	r ɪ d͡ʒ ɔ ɪ s t	ʃ o ʊ l d ɹ̩ t	0	0	reg_d	other	reg_t
random	f ɔ r k	f ɔ r k t	f ɔ r k t	ʃ a ɪ	ʃ a ɪ d	ʃ a ɪ d	f ɔ r k d	0	0	reg_t	reg_t	reg_d
random	t w iː k	t w iː k t	t w ɛ k t	m æ ʃ	m æ ʃ t	m æ ʃ t	t w iː k t	0	1	reg_t	vowel_change_suffix	reg_t
random	d æ ʃ	d æ ʃ t	d æ ʃ t	d r ɛ s	d r ɛ s t	d r ɛ s t	d æ ʃ t	1	1	reg_t	reg_t	reg_t
random	ɪ k s k l e ɪ m	ɪ k s k l e ɪ m d	ɪ k s k l e ɪ z d	f r e ɪ z	f r e ɪ z d	f r e ɪ z d	ɪ k s k l e ɪ m d	0	1	reg_d	coda_change	reg_d
random	s ə s p ɛ k t	s ə s p ɛ k t ə d	s p ɛ s p ɛ k t	ɛ m j ə l e ɪ t	ɛ m j ə l e ɪ t ə d	ɛ m j ə l e ɪ t ə d	s ə s p ɛ k t ə d	0	1	reg_əd	other	reg_əd
random	t r æ n s f ɔ r m	t r æ n s f ɔ r m d	t r æ n f r s t ɔ r æ n d	s ʌ k	s ʌ k t	s ʌ k t	t r æ n s f ɔ r m t	0	0	reg_d	other	reg_t
random	θ r ɛ t ə n	θ r ɛ t ə n d	θ ɛ t r ə n d	p ɛ t	p ɛ t ə d	p ɛ t ə d	θ r ɛ t ə n ə d	0	0	reg_d	other	reg_əd
random	m e ɪ t	m e ɪ t ə d	m e ɪ t ə d	p ɔ z	p ɔ z d	p ɔ z d	m e ɪ t d	0	0	reg_əd	reg_əd	reg_d
random	ɪ m p r uː v	ɪ m p r uː v d	ɪ m p r uː v d	d ɪ s m ɪ s	d ɪ s m ɪ s t	d ɪ s m ɪ s t	ɪ m p r uː v t	0	0	reg_d	reg_d	reg_t
random	t ɑː l ɹ̩ e ɪ t	t ɑː l ɹ̩ e ɪ t ə d	t ɑː l ɹ̩ e ɪ t ə d	m ɛ l t	m ɛ l t ə d	m ɛ l t ə d	t ɑː l ɹ̩ e ɪ t ə d	1	1	reg_əd	reg_əd	reg_əd
random	h ɔ n t	h ɔ n t ə d	h ɔ n t ə d	d ɪ s o ʊ b e ɪ	d ɪ s o ʊ b e ɪ d	d ɪ s o ʊ b e ɪ d	h ɔ n t d	0	0	reg_əd	reg_əd	reg_d
random	t æ k	t æ k t	t æ k t	j ɔ n	j ɔ n d	j ɔ n d	t æ k d	0	0	reg_t	reg_t	reg_d
random	ɪ n d͡ʒ ɹ̩	ɪ n d͡ʒ ɹ̩ d	ɪ n d͡ʒ ɹ̩ d	t͡ʃ ɪ k ə n	t͡ʃ ɪ k ə n d	t͡ʃ ɪ k ə n d	ɪ n d͡ʒ ɹ̩ d	1	1	reg_d	reg_d	reg_d
random	p r ɪ d ɪ k t	p r ɪ d ɪ k t ə d	p r ɪ d ɪ k t ə d	b ʌ s	b ʌ s t	b ʌ s t	p r ɪ d ɪ k t t	0	0	reg_əd	reg_əd	reg_t
random	d ɪ z a ɪ n	d ɪ z a ɪ n d	d ɪ z a ɪ n d	d ɪ z ɹ̩ v	d ɪ z ɹ̩ v d	d ɪ z ɹ̩ v d	d ɪ z a ɪ n d	1	1	reg_d	reg_d	reg_d
random	b ʌ n d ə l	b ʌ n d ə l d	b ʌ n d ə l d	d ɪ f iː t	d ɪ f iː t ə d	d ɪ f iː t ə d	b ʌ n d ə l ə d	0	0	reg_d	reg_d	reg_əd
random	r ɪ s ɛ s	r ɪ s ɛ s t	r ɪ s ɛ s t	s p ɪ l	s p ɪ l d	s p ɪ l d	r ɪ s ɛ s d	0	0	reg_t	reg_t	reg_d
random	b l a ɪ n d	b l a ɪ n d ə d	b l a ɪ n d ə d	k a ʊ n t	k a ʊ n t ə d	k a ʊ n t ə d	b l a ɪ n d ə d	1	1	reg_əd	reg_əd	reg_əd
random	d r ʌ ɡ	d r ʌ ɡ d	d r ʌ ɡ d	m a ɪ n d	m a ɪ n d ə d	m a ɪ n d ə d	d r ʌ ɡ ə d	0	0	reg_d	reg_d	reg_əd
random	f l e ɪ v ɹ̩	f l e ɪ v ɹ̩ d	f l e ɪ v ɹ̩ d	k w ɛ s t͡ʃ ə n	k w ɛ s t͡ʃ ə n d	k w ɛ s t͡ʃ ə n d	f l e ɪ v ɹ̩ d	1	1	reg_d	reg_d	reg_d
random	r ɪ p ɛ r	r ɪ p ɛ r d	r ɪ p ɛ r d	s t e ɪ n	s t e ɪ n d	s t e ɪ n d	r ɪ p ɛ r d	1	1	reg_d	reg_d	reg_d
random	k ɹ̩ s	k ɹ̩ s t	k ɹ̩ s t	n æ v ə ɡ e ɪ t	n æ v ə ɡ e ɪ t ə d	n æ v ə ɡ e ɪ t ə d	k ɹ̩ s ə d	0	0	reg_t	reg_t	reg_əd
random	ɪ n t͡ʃ	ɪ n t͡ʃ t	ɪ n t͡ʃ t	n a ɪ f	n a ɪ f t	n a ɪ f t	ɪ n t͡ʃ t	1	1	reg_t	reg_t	reg_t
random	t r æ n z m ɪ t	t r æ n z m ɪ t ə d	t r æ m ɪ m d	k a ʊ n t	k a ʊ n t ə d	k a ʊ n t ə d	t r æ n z m ɪ t ə d	0	1	reg_əd	other	reg_əd
random	ʃ æ m p uː	ʃ æ m p uː d	ʃ æ m p uː d	b ɑː t ə m	b ɑː t ə m d	b ɑː t ə m d	ʃ æ m p uː d	1	1	reg_d	reg_d	reg_d
random	ɪ n k r iː s	ɪ n k r iː s t	ɪ n k r iː s t	r iː r	r iː r d	r iː r d	ɪ n k r iː s d	0	0	reg_t	reg_t	reg_d
random	b ʊ t͡ʃ ɹ̩	b ʊ t͡ʃ ɹ̩ d	b ʊ t͡ʃ ɹ̩ d	s ɪ f t	s ɪ f t ə d	s ɪ f t ə d	b ʊ t͡ʃ ɹ̩ ə d	0	0	reg_d	reg_d	reg_əd
random	d o ʊ n e ɪ t	d o ʊ n e ɪ t ə d	d o ʊ n e ɪ t ə d	f l ɹ̩ t	f l ɹ̩ t ə d	f l ɹ̩ t ə d	d o ʊ n e ɪ t ə d	1	1	reg_əd	reg_əd	reg_əd
random	t͡ʃ æ l ə n d͡ʒ	t͡ʃ æ l ə n d͡ʒ d	t͡ʃ æ l ə n d͡ʒ d	t w ɪ s t	t w ɪ s t ə d	t w ɪ s t ə d	t͡ʃ æ l ə n d͡ʒ ə d	0	0	reg_d	reg_d	reg_əd
random	ɛ ɡ z ɪ t	ɛ ɡ z ɪ t ə d	ɛ ɡ z ɪ t ə d	p ɑː r d ə n	p ɑː r d ə n d	p ɑː r d ə n d	ɛ ɡ z ɪ t d	0	0	reg_əd	reg_əd	reg_d
random	b ʊ k	b ʊ k t	b ʊ k t	h a ʊ l	h a ʊ l d	h a ʊ l d	b ʊ k d	0	0	reg_t	reg_t	reg_d
random	m j uː z	m j uː z d	m j uː z d	m ɑː r t͡ʃ	m ɑː r t͡ʃ t	m ɑː r t͡ʃ t	m j uː z t	0	0	reg_d	reg_d	reg_t
random	p ɔ ɪ z ə n	p ɔ ɪ z ə n d	p ɔ ɪ z ə n d	f a ɪ t	f a ɪ t ə d	f ɔ t	p ɔ ɪ z ə n ə d	0	0	reg_d	reg_d	reg_əd
random	ɪ n f l uː ə n s	ɪ n f l uː ə n s t	ɪ n f l ə n s t ə d	t r e ɪ s	t r e ɪ s t	t r e ɪ s t	ɪ n f l uː ə n s t	0	1	reg_t	other	reg_t
random	s t r æ ŋ ɡ ə l	s t r æ ŋ ɡ ə l d	s t r æ ŋ ɡ ɡ l d	s t ɛ p	s t ɛ p t	s t ɛ p t	s t r æ ŋ ɡ ə l t	0	0	reg_d	other	reg_t
random	ɪ ʃ uː	ɪ ʃ uː d	ɪ ʃ uː d	f æ s ə n e ɪ t	f æ s ə n e ɪ t ə d	f æ s ə n e ɪ t ə d	ɪ ʃ uː ə d	0	0	reg_d	reg_d	reg_əd
random	ɪ m p r ɛ s	ɪ m p r ɛ s t	ɪ m p r ɛ s t	s æ t ə s f a ɪ	s æ t ə s f a ɪ d	s æ t ə s f a ɪ d	ɪ m p r ɛ s d	0	0	reg_t	reg_t	reg_d
random	p r ə d uː s	p r ə d uː s t	p r ə d uː s t	w ɪ n t ɹ̩	w ɪ n t ɹ̩ d	w ɪ n t ɹ̩ d	p r ə d uː s d	0	0	reg_t	reg_t	reg_d
random	n æ ɡ	n æ ɡ d	n æ ɡ d	r ə s iː v	r ə s iː v d	r ə s iː v d	n æ ɡ d	1	1	reg_d	reg_d	reg_d
random	o ʊ v ɹ̩ k ʊ k	o ʊ v ɹ̩ k ʊ k t	o ʊ v ɹ̩ k ʊ k t	b ʌ b ə l	b ʌ b ə l d	b ʌ b ə l d	o ʊ v ɹ̩ k ʊ k d	0	0	reg_t	reg_t	reg_d
