neighbors	src	gold	pred	neighbor_src	neighbor_out	neighbor_gold	analogy	matches_pred	matches_gold	class_gold	class_pred	class_neighbor
model_sep	iː t	e ɪ t	iː ɪ t	iː k w ə l	iː k w ə l d	iː k w ə l d	iː t d	0	0	vowel_change	vowel_change	reg_d
model_sep	m e ɪ k	m e ɪ d	m e ɪ k t	m æ s k	m æ s k t	m æ s k t	m e ɪ k t	1	0	coda_change	reg_t	reg_t
model_sep	n o ʊ	n uː	n o ʊ d	n ɪ t	n ɪ t ə d	n ɪ t ə d	n o ʊ ə d	0	0	vowel_change	reg_d	reg_əd
model_sep	f ɔ l	f ɛ l	f ɔ l d	f iː l	f iː l d	f ɛ l t	f ɔ l d	1	0	vowel_change	reg_d	reg_d
model_sep	b r ɪ ŋ	b r ɔ t	b r ɪ ŋ	b r iː ð	b r iː ð d	b r iː ð d	b r ɪ ŋ d	0	0	rhyme_replaced	no_change	reg_d
model_sep	s t ɑː r t	s t ɑː r t ə d	s t ɑː r t ə d	s t ʌ n t	s t ʌ n t ə d	s t ʌ n t ə d	s t ɑː r t ə d	1	1	reg_əd	reg_əd	reg_əd
model_sep	t e ɪ k	t ʊ k	t e ɪ k t	t r ɪ k	t r ɪ k t	t r ɪ k t	t e ɪ k t	1	0	vowel_change	reg_t	reg_t
model_sep	h e ɪ t	h e ɪ t ə d	h e ɪ t ə d	h ʌ n t	h ʌ n t ə d	h ʌ n t ə d	h e ɪ t ə d	1	1	reg_əd	reg_əd	reg_əd
model_sep	r a ɪ t	r o ʊ t	r o ʊ t ə d	r e ɪ t	r e ɪ t ə d	r e ɪ t ə d	r a ɪ t ə d	0	0	vowel_change	other	reg_əd
model_sep	f ɪ t	f ɪ t	f ɪ t ə d	f l iː	f l iː d	f l ɛ d	f ɪ t d	0	0	no_change	reg_əd	reg_d
model_sep	d a ɪ n	d a ɪ n d	d a ɪ n d	d a ʊ n	d a ʊ n d	d a ʊ n d	d a ɪ n d	1	1	reg_d	reg_d	reg_d
model_sep	m ɪ s	m ɪ s t	m ɪ s t	m ɛ s	m ɛ s t	m ɛ s t	m ɪ s t	1	1	reg_t	reg_t	reg_t
model_sep	n ɑː k	n ɑː k t	n ɑː k t	n ɛ k	n ɛ k t	n ɛ k t	n ɑː k t	1	1	reg_t	reg_t	reg_t
model_sep	n iː d	n iː d ə d	n iː d ə d	n ɑː d	n ɑː d ə d	n ɑː d ə d	n iː d ə d	1	1	reg_əd	reg_əd	reg_əd
model_sep	m uː v	m uː v d	m uː v d	m æ ʃ	m æ ʃ t	m æ ʃ t	m uː v t	0	0	reg_d	reg_d	reg_t
model_sep	f l ɪ p	f l ɪ p t	f l ʌ p t	f l æ p	f l æ p t	f l æ p t	f l ɪ p t	0	1	reg_t	vowel_change_suffix	reg_t
model_sep	r ɛ d iː	r ɛ d iː d	r ɛ d iː d	r a ɪ m	r o ʊ m d	r a ɪ m d	NA	0	0	reg_d	reg_d	vowel_change_suffix
model_sep	z ɪ p	z ɪ p t	z ɪ p t	z uː m	z uː m d	z uː m d	z ɪ p d	0	0	reg_t	reg_t	reg_d
model_sep	f a ɪ t	f ɔ t	f a ɪ t ə d	f r ɛ t	f r ɛ t ə d	f r ɛ t ə d	f a ɪ t ə d	1	0	vowel_change	reg_əd	reg_əd
model_sep	k æ t͡ʃ	k ɔ t	k æ t͡ʃ t	k ɑː z	k ɑː z d	k ɑː z d	k æ t͡ʃ d	0	0	rhyme_replaced	reg_t	reg_d
model_sep	f l o ʊ t	f l o ʊ t ə d	f l o ʊ t ə d	f r ɔ s t	f r ɔ s t ə d	f r ɔ s t ə d	f l o ʊ t ə d	1	1	reg_əd	reg_əd	reg_əd
model_sep	w ɪ ʃ	w ɪ ʃ t	w ɪ ʃ t	w ɑː ʃ	w ɑː ʃ t	w ɑː ʃ t	w ɪ ʃ t	1	1	reg_t	reg_t	reg_t
model_sep	ʃ e ɪ k	ʃ ʊ k	ʃ e ɪ k t	ʃ e ɪ v	ʃ e ɪ v d	ʃ e ɪ v d	ʃ e ɪ k d	0	0	vowel_change	reg_t	reg_d
model_sep	k ɪ k	k ɪ k t	k ɪ k t	k ʊ k	k ʊ k t	k ʊ k t	k ɪ k t	1	1	reg_t	reg_t	reg_t
model_sep	t͡ʃ e ɪ n d͡ʒ	t͡ʃ e ɪ n d͡ʒ d	t͡ʃ e ɪ n d͡ʒ d	t͡ʃ ɪ k ə n	t͡ʃ ɪ k ə n d	t͡ʃ ɪ k ə n d	t͡ʃ e ɪ n d͡ʒ d	1	1	reg_d	reg_d	reg_d
model_sep	θ r o ʊ	θ r uː	θ r o ʊ d	θ ʌ m p	θ ʌ m p t	θ ʌ m p t	θ r o ʊ t	0	0	vowel_change	reg_d	reg_t
model_sep	b æ k	b æ k t	b æ k t	b iː f	b iː f t	b iː f t	b æ k t	1	1	reg_t	reg_t	reg_t
model_sep	f l æ ʃ	f l æ ʃ t	f l æ ʃ t	f l ʌ ʃ	f l ʌ ʃ t	f l ʌ ʃ t	f l æ ʃ t	1	1	reg_t	reg_t	reg_t
model_sep	ɡ r o ʊ	ɡ r uː	ɡ r o ʊ d	ɡ æ ð ɹ̩	ɡ æ ð ɹ̩ d	ɡ æ ð ɹ̩ d	ɡ r o ʊ d	1	0	vowel_change	reg_d	reg_d
model_sep	s m a ɪ l	s m a ɪ l d	s m a ɪ l d	s ɛ t ə l	s ɛ t ə l d	s ɛ t ə l d	s m a ɪ l d	1	1	reg_d	reg_d	reg_d
model_sep	s t ɑː p	s t ɑː p t	s t ɑː p t	s t ɛ p	s t ɛ p t	s t ɛ p t	s t ɑː p t	1	1	reg_t	reg_t	reg_t
model_sep	s t ɹ̩	s t ɹ̩ d	s t ɹ̩ d	s t uː	s t uː d	s t uː d	s t ɹ̩ d	1	1	reg_d	reg_d	reg_d
model_sep	t͡ʃ uː	t͡ʃ uː d	t͡ʃ uː d	t͡ʃ iː t	t͡ʃ iː t ə d	t͡ʃ iː t ə d	t͡ʃ uː ə d	0	0	reg_d	reg_d	reg_əd
model_sep	d r ɛ s	d r ɛ s t	d r ɛ s t	d æ n s	d æ n s t	d æ n s t	d r ɛ s t	1	1	reg_t	reg_t	reg_t
model_sep	ə n d ɹ̩ s t æ n d	ə n d ɹ̩ s t ʊ d	ə n t ə t æ n d	ə s o ʊ s iː e ɪ t	ə s o ʊ s iː e ɪ t ə d	ə s o ʊ s iː e ɪ t ə d	ə n d ɹ̩ s t æ n d ə d	0	0	rhyme_replaced	other	reg_əd
model_sep	t͡ʃ e ɪ s	t͡ʃ e ɪ s t	t͡ʃ e ɪ s t	t͡ʃ o ʊ k	t͡ʃ o ʊ k t	t͡ʃ o ʊ k t	t͡ʃ e ɪ s t	1	1	reg_t	reg_t	reg_t
model_sep	h ʌ ɡ	h ʌ ɡ d	h ʌ ɡ d	h æ ŋ	h æ ŋ d	h ʌ ŋ	h ʌ ɡ d	1	1	reg_d	reg_d	reg_d
model_sep	h ɪ t	h ɪ t	h ɪ t	h iː t	h iː t	h iː t ə d	h ɪ t	1	1	no_change	no_change	no_change
model_sep	h æ m ɹ̩	h æ m ɹ̩ d	h æ m ɹ̩ d	h ɑː l ɹ̩	h ɑː l ɹ̩ d	h ɑː l ɹ̩ d	h æ m ɹ̩ d	1	1	reg_d	reg_d	reg_d
model_sep	w a ɪ n d	w a ɪ n d ə d	w a ɪ n d ə d	w ɹ̩ ʃ ɪ p	w ɹ̩ ʃ ɪ p t	w ɹ̩ ʃ ɪ p t	w a ɪ n d t	0	0	reg_əd	reg_əd	reg_t
model_sep	k ə n s t r ʌ k t	k ə n s t r ʌ k t ə d	k ə t r t r ʌ k t ə d	k o ʊ ɑː p ɹ̩ e ɪ t	k o ʊ ɑː p ɹ̩ e ɪ t ə d	k o ʊ ɑː p ɹ̩ e ɪ t ə d	k ə n s t r ʌ k t ə d	0	1	reg_əd	other	reg_əd
model_sep	m iː t	m ɛ t	m iː t ə d	m ɑː p	m ɑː p t	m ɑː p t	m iː t t	0	0	vowel_change	reg_əd	reg_t
model_sep	s w ɪ ʃ	s w ɪ ʃ t	s w ɪ ʃ t	s m æ ʃ	s m æ ʃ t	s m æ ʃ t	s w ɪ ʃ t	1	1	reg_t	reg_t	reg_t
model_sep	s k w iː z	s k w iː z d	s k w iː z d	s t r ɛ t͡ʃ	s t r ɛ t͡ʃ t	s t r ɛ t͡ʃ t	s k w iː z t	0	0	reg_d	reg_d	reg_t
model_sep	t͡ʃ ʌ ɡ	t͡ʃ ʌ ɡ d	t͡ʃ ʌ ɡ d	t͡ʃ ɑː p	t͡ʃ ɑː p t	t͡ʃ ɑː p t	t͡ʃ ʌ ɡ t	0	0	reg_d	reg_d	reg_t
model_sep	b r æ n t͡ʃ	b r æ n t͡ʃ t	b r æ n t͡ʃ t	b ɪ l iː v	b ɪ l iː v d	b ɪ l iː v d	b r æ n t͡ʃ d	0	0	reg_t	reg_t	reg_d
model_sep	n o ʊ t ɪ s	n o ʊ t ɪ s t	n o ʊ t ɪ s t	n ʌ m b ɹ̩	n ʌ m b ɹ̩ d	n ʌ m b ɹ̩ d	n o ʊ t ɪ s d	0	0	reg_t	reg_t	reg_d
model_sep	b e ɪ k	b e ɪ k t	b e ɪ k t	b a ɪ k	b a ɪ k t	b a ɪ k t	b e ɪ k t	1	1	reg_t	reg_t	reg_t
model_sep	s n æ p	s n æ p t	s n æ p t	s l iː p	s l ɛ p t	s l ɛ p t	NA	0	0	reg_t	reg_t	vowel_change_suffix
model_sep	s w ɪ m	s w æ m	s w ɪ m d	s k ɪ m	s k ɪ m d	s k ɪ m d	s w ɪ m d	1	0	vowel_change	reg_d	reg_d
model_sep	ʃ ʌ t ə l	ʃ ʌ t ə l d	ʃ ʌ t ə l d	ʃ ʌ v ə l	ʃ ʌ v ə l d	ʃ ʌ v ə l d	ʃ ʌ t ə l d	1	1	reg_d	reg_d	reg_d
model_sep	ə p r iː ʃ iː e ɪ t	ə p r iː ʃ iː e ɪ t ə d	ə p iː ʃ iː ʃ e ɪ t ə d	ə s o ʊ s iː e ɪ t	ə s o ʊ s iː e ɪ t ə d	ə s o ʊ s iː e ɪ t ə d	ə p r iː ʃ iː e ɪ t ə d	0	1	reg_əd	other	reg_əd
model_sep	s m uː ð	s m uː ð d	s m uː ð d	s iː s ɔ	s iː s ɔ d	s iː s ɔ d	s m uː ð d	1	1	reg_d	reg_d	reg_d
model_sep	s t ɛ r	s t ɛ r d	s t ɛ r d	s t ɔ r	s t ɔ r d	s t ɔ r d	s t ɛ r d	1	1	reg_d	reg_d	reg_d
model_sep	k ɑː s t uː m	k ɑː s t uː m d	k ɑː s t uː m d	k ə n f ɹ̩ m	k ə n f ɹ̩ m d	k ə n f ɹ̩ m d	k ɑː s t uː m d	1	1	reg_d	reg_d	reg_d
model_sep	ɡ uː f	ɡ uː f t	ɡ uː f t	ɡ ɪ v	ɡ e ɪ v	ɡ e ɪ v	NA	0	0	reg_t	reg_t	vowel_change
model_sep	d r a ʊ n	d r a ʊ n d	d r a ʊ n d	d æ z ə l	d æ z ə l d	d æ z ə l d	d r a ʊ n d	1	1	reg_d	reg_d	reg_d
model_sep	n ɹ̩ s	n ɹ̩ s t	n ɹ̩ s t	n ɛ k	n ɛ k t	n ɛ k t	n ɹ̩ s t	1	1	reg_t	reg_t	reg_t
model_sep	k r a ɪ	k r a ɪ d	k r a ɪ d	k r o ʊ	k r o ʊ d	k r o ʊ d	k r a ɪ d	1	1	reg_d	reg_d	reg_d
model_sep	iː v ɪ n	iː v ɪ n d	iː v ɪ n d	iː k w ə l	iː k w ə l d	iː k w ə l d	iː v ɪ n d	1	1	reg_d	reg_d	reg_d
model_sep	m a ɪ n	m a ɪ n d	m a ɪ n d	m o ʊ n	m o ʊ n d	m o ʊ n d	m a ɪ n d	1	1	reg_d	reg_d	reg_d
model_sep	b ɪ ɡ ɪ n	b ɪ ɡ æ n	b ɪ ɡ e ɪ n	b ʌ t ə n	b ʌ t ə n d	b ʌ t ə n d	b ɪ ɡ ɪ n d	0	0	vowel_change	vowel_change	reg_d
model_sep	s p æ ŋ k	s p æ ŋ k t	s p æ ŋ k t	s p a ɪ k	s p a ɪ k t	s p a ɪ k t	s p æ ŋ k t	1	1	reg_t	reg_t	reg_t
model_sep	t͡ʃ ɪ p	t͡ʃ ɪ p t	t͡ʃ ɪ p t	t͡ʃ ɑː p	t͡ʃ ɑː p t	t͡ʃ ɑː p t	t͡ʃ ɪ p t	1	1	reg_t	reg_t	reg_t
model_sep	s p iː k	s p o ʊ k	s p iː k t	s p uː k	s p uː k t	s p uː k t	s p iː k t	1	0	vowel_change	reg_t	reg_t
model_sep	s w ɪ t͡ʃ	s w ɪ t͡ʃ t	s w ɪ t͡ʃ t	s n æ t͡ʃ	s n æ t͡ʃ t	s n æ t͡ʃ t	s w ɪ t͡ʃ t	1	1	reg_t	reg_t	reg_t
model_sep	f a ɪ ɹ̩	f a ɪ ɹ̩ d	f a ɪ ɹ̩ d	f ɛ ð ɹ̩	f ɛ ð ɹ̩ d	f ɛ ð ɹ̩ d	f a ɪ ɹ̩ d	1	1	reg_d	reg_d	reg_d
model_sep	b ɪ l	b ɪ l d	b ɪ l d	b ɔ l	b ɔ l d	b ɔ l d	b ɪ l d	1	1	reg_d	reg_d	reg_d
model_sep	r iː m a ɪ n d	r iː m a ɪ n d ə d	r iː m a ɪ n d ə d	r ɪ m ɛ m b ɹ̩	r ɪ m ɛ m b ɹ̩ d	r ɪ m ɛ m b ɹ̩ d	r iː m a ɪ n d d	0	0	reg_əd	reg_əd	reg_d
model_sep	s iː d	s iː d ə d	s iː d ə d	s ɪ p	s ɪ p t	s ɪ p t	s iː d t	0	0	reg_əd	reg_əd	reg_t
model_sep	w e ɪ v	w e ɪ v d	w e ɪ v d	w e ɪ k	w e ɪ k t	w o ʊ k	w e ɪ v t	0	0	reg_d	reg_d	reg_t
model_sep	b l uː m	b l uː m d	b l uː m d	b r ʌ ʃ	b r ʌ ʃ t	b r ʌ ʃ t	b l uː m t	0	0	reg_d	reg_d	reg_t
model_sep	s t ɪ ŋ	s t ʌ ŋ	s t ɪ ŋ	s iː s ɔ	s iː s ɔ d	s iː s ɔ d	s t ɪ ŋ d	0	0	vowel_change	no_change	reg_d
model_sep	ə r a ɪ v	ə r a ɪ v d	ə r a ɪ v d	ə d͡ʒ ʌ s t	ə d͡ʒ ʌ s t ə d	ə d͡ʒ ʌ s t ə d	ə r a ɪ v ə d	0	0	reg_d	reg_d	reg_əd
model_sep	b l ɛ s	b l ɛ s t	b l ɛ s t	b e ɪ s	b e ɪ s t	b e ɪ s t	b l ɛ s t	1	1	reg_t	reg_t	reg_t
model_sep	ə r ɛ s t	ə r ɛ s t ə d	ə r ɛ s t ə d	ə d͡ʒ ʌ s t	ə d͡ʒ ʌ s t ə d	ə d͡ʒ ʌ s t ə d	ə r ɛ s t ə d	1	1	reg_əd	reg_əd	reg_əd
model_sep	s p ɪ n	s p ʌ n	s p ɪ n d	s a ɪ n	s a ɪ n d	s a ɪ n d	s p ɪ n d	1	0	vowel_change	reg_d	reg_d
model_sep	k ə m p iː t	k ə m p iː t ə d	k ə m p iː t ə d	k ə n ɛ k t	k ə n ɛ k t ə d	k ə n ɛ k t ə d	k ə m p iː t ə d	1	1	reg_əd	reg_əd	reg_əd
model_sep	t r e ɪ n	t r e ɪ n d	t r e ɪ n d	t w a ɪ n	t w a ɪ n d	t w a ɪ n d	t r e ɪ n d	1	1	reg_d	reg_d	reg_d
model_sep	p æ s	p æ s t	p æ s t	p iː s	p iː s t	p iː s t	p æ s t	1	1	reg_t	reg_t	reg_t
model_sep	s ɪ ŋ k	s æ ŋ k	s ɪ ŋ k t	s n æ k	s n æ k t	s n æ k t	s ɪ ŋ k t	1	0	vowel_change	reg_t	reg_t
model_sep	l uː p	l uː p t	l uː p t	l iː p	l iː p t	l ɛ p t	l uː p t	1	1	reg_t	reg_t	reg_t
model_sep	s ə l ɛ k t	s ə l ɛ k t ə d	s ə l ɛ k t ə d	s p r a ʊ t	s p r a ʊ t ə d	s p r a ʊ t ə d	s ə l ɛ k t ə d	1	1	reg_əd	reg_əd	reg_əd
model_sep	r ɪ ŋ	r æ ŋ	r ɪ ŋ	r ɔ ŋ	r ɔ ŋ d	r ɔ ŋ d	r ɪ ŋ d	0	0	vowel_change	no_change	reg_d
model_sep	m e ɪ l	m e ɪ l d	m e ɪ l d	m a ʊ ð	m a ʊ ð d	m a ʊ ð d	m e ɪ l d	1	1	reg_d	reg_d	reg_d
model_sep	p æ t	p æ t ə d	p æ t ə d	p ɪ t	p ɪ t ə d	p ɪ t ə d	p æ t ə d	1	1	reg_əd	reg_əd	reg_əd
model_sep	k ɪ d	k ɪ d ə d	k ɪ d	k æ p	k æ p t	k æ p t	k ɪ d t	0	0	reg_əd	no_change	reg_t
model_sep	p ɑː r d ə n	p ɑː r d ə n d	p ɑː r d ə n d	p ɔ ɪ z ə n	p ɔ ɪ z ə n d	p ɔ ɪ z ə n d	p ɑː r d ə n d	1	1	reg_d	reg_d	reg_d
model_sep	s t iː r	s t iː r d	s t iː r d	s t ɔ r	s t ɔ r d	s t ɔ r d	s t iː r d	1	1	reg_d	reg_d	reg_d
model_sep	f o ʊ l d	f o ʊ l d ə d	f o ʊ l d ə d	f ɹ̩ b ɪ d	f ɹ̩ b e ɪ d	f ɹ̩ b e ɪ d	NA	0	0	reg_əd	reg_əd	vowel_change
model_sep	s n iː k	s n iː k t	s n iː k t	s n æ k	s n æ k t	s n æ k t	s n iː k t	1	1	reg_t	reg_t	reg_t
model_sep	b e ɪ l	b e ɪ l d	b e ɪ l d	b o ʊ l	b o ʊ l d	b o ʊ l d	b e ɪ l d	1	1	reg_d	reg_d	reg_d
model_sep	b ɛ t ɹ̩	b ɛ t ɹ̩ d	b ɛ t ɹ̩ d	b æ t ɹ̩	b æ t ɹ̩ d	b æ t ɹ̩ d	b ɛ t ɹ̩ d	1	1	reg_d	reg_d	reg_d
model_sep	ɡ ɑː r b ə l	ɡ ɑː r b ə l d	ɡ ɑː r b ə l d	ɡ r æ p ə l	ɡ r æ p ə l d	ɡ r æ p ə l d	ɡ ɑː r b ə l d	1	1	reg_d	reg_d	reg_d
model_sep	s k w ɹ̩ t	s k w ɹ̩ t ə d	s k w ɹ̩ t ə d	s k e ɪ t	s k e ɪ t ə d	s k e ɪ t ə d	s k w ɹ̩ t ə d	1	1	reg_əd	reg_əd	reg_əd
model_sep	b ɑː k s	b ɑː k s t	b ɑː k s t	b e ɪ s	b e ɪ s t	b e ɪ s t	b ɑː k s t	1	1	reg_t	reg_t	reg_t
model_sep	s iː l	s iː l d	s iː l d	s ɛ l	s ɛ l d	s o ʊ l d	s iː l d	1	1	reg_d	reg_d	reg_d
model_sep	s p r ɛ d	s p r ɛ d	s p r ɛ d ə d	s p ɛ n d	s p ɛ n d ə d	s p ɛ n t	s p r ɛ d ə d	1	0	no_change	reg_əd	reg_əd
model_sep	p r ɑː m ə s	p r ɑː m ə s t	p r ɑː m ə s t	p r ə s iː d	p r ə s iː d ə d	p r ə s iː d ə d	p r ɑː m ə s ə d	0	0	reg_t	reg_t	reg_əd
model_sep	b iː t	b iː t	b iː t ə d	b uː t	b uː t	b uː t ə d	b iː t	0	1	no_change	reg_əd	no_change
model_sep	h ɪ p n ə t a ɪ z	h ɪ p n ə t a ɪ z d	h ɪ t ə t a ɪ d	h ɛ d k w ɔ r t ɹ̩	h ɛ d k w ɔ r t ɹ̩ d	h ɛ d k w ɔ r t ɹ̩ d	h ɪ p n ə t a ɪ z d	0	1	reg_d	other	reg_d
model_sep	s l æ p	s l æ p t	s l æ p t	s l iː p	s l ɛ p t	s l ɛ p t	NA	0	0	reg_t	reg_t	vowel_change_suffix
model_sep	b ɛ s t	b ɛ s t ə d	b ɛ s t ə d	b ɛ l t	b ɛ l t ə d	b ɛ l t ə d	b ɛ s t ə d	1	1	reg_əd	reg_əd	reg_əd
model_sep	s t æ ɡ ɹ̩	s t æ ɡ ɹ̩ d	s t æ ɡ ɹ̩ d	s p ʌ t ɹ̩	s p ʌ t ɹ̩ d	s p ʌ t ɹ̩ d	s t æ ɡ ɹ̩ d	1	1	reg_d	reg_d	reg_d
model_sep	z æ p	z æ p t	z æ p t	z uː m	z uː m d	z uː m d	z æ p d	0	0	reg_t	reg_t	reg_d
model_sep	ə p s ɛ t	ə p s ɛ t	ə p s ɛ t ə d	ə p l ɔ d	ə p l ɔ d ə d	ə p l ɔ d ə d	ə p s ɛ t ə d	1	0	no_change	reg_əd	reg_əd
model_sep	r ɛ s t	r ɛ s t ə d	r ɛ s t ə d	r ɛ n t	r ɛ n t ə d	r ɛ n t ə d	r ɛ s t ə d	1	1	reg_əd	reg_əd	reg_əd
model_sep	s p l æ ʃ	s p l æ ʃ t	s p l æ ʃ t	s p a ɪ k	s p a ɪ k t	s p a ɪ k t	s p l æ ʃ t	1	1	reg_t	reg_t	reg_t
model_sep	l a ɪ n	l a ɪ n d	l a ɪ n d	l a ɪ v	l a ɪ v d	l a ɪ v d	l a ɪ n d	1	1	reg_d	reg_d	reg_d
model_sep	ə n d uː	ə n d ɪ d	ə n d uː d	ə l a ʊ	ə l a ʊ d	ə l a ʊ d	ə n d uː d	1	0	vowel_change_suffix	reg_d	reg_d
model_sep	p ɛ n	p ɛ n d	p ɛ n d	p ɪ n	p ɪ n d	p ɪ n d	p ɛ n d	1	1	reg_d	reg_d	reg_d
model_sep	ɛ d ə t	ɛ d ə t ə d	ɛ d ə t ə d	ɛ n d͡ʒ ɔ ɪ	ɛ n d͡ʒ ɔ ɪ d	ɛ n d͡ʒ ɔ ɪ d	ɛ d ə t d	0	0	reg_əd	reg_əd	reg_d
model_sep	ɪ k s p l ɔ r	ɪ k s p l ɔ r d	ɪ k s p l ɔ r d	ɪ k s p r ɛ s	ɪ k s p r ɛ s t	ɪ k s p r ɛ s t	ɪ k s p l ɔ r t	0	0	reg_d	reg_d	reg_t
model_sep	ə s uː m	ə s uː m d	ə s uː m d	ə ɡ r iː	ə ɡ r iː d	ə ɡ r iː d	ə s uː m d	1	1	reg_d	reg_d	reg_d
model_sep	s p r e ɪ	s p r e ɪ d	s p r e ɪ d	s t ʌ d iː	s t ʌ d iː d	s t ʌ d iː d	s p r e ɪ d	1	1	reg_d	reg_d	reg_d
model_sep	l o ʊ ɹ̩	l o ʊ ɹ̩ d	l o ʊ ɹ̩ d	l ɪ t ɹ̩	l ɪ t ɹ̩ d	l ɪ t ɹ̩ d	l o ʊ ɹ̩ d	1	1	reg_d	reg_d	reg_d
model_sep	d æ m	d æ m d	d æ m d	d ɪ ŋ	d ɪ ŋ d	d ɪ ŋ d	d æ m d	1	1	reg_d	reg_d	reg_d
model_sep	r ʌ ʃ	r ʌ ʃ t	r ʌ ʃ t	r ʌ f	r ʌ f t	r ʌ f t	r ʌ ʃ t	1	1	reg_t	reg_t	reg_t
model_sep	p l ʌ ɡ	p l ʌ ɡ d	p l ʌ ɡ d	p l ɑː p	p l ɑː p t	p l ɑː p t	p l ʌ ɡ t	0	0	reg_d	reg_d	reg_t
model_sep	ə d m ɪ t	ə d m ɪ t ə d	ə d m ɪ t ə d	ə d r ɛ s	ə d r ɛ s t	ə d r ɛ s t	ə d m ɪ t t	0	0	reg_əd	reg_əd	reg_t
model_sep	ə n t a ɪ	ə n t a ɪ d	ə n t a ɪ d	ə p l a ɪ	ə p l a ɪ d	ə p l a ɪ d	ə n t a ɪ d	1	1	reg_d	reg_d	reg_d
model_sep	b ʌ k ə l	b ʌ k ə l d	b ʌ k ə l d	b ʌ b ə l	b ʌ b ə l d	b ʌ b ə l d	b ʌ k ə l d	1	1	reg_d	reg_d	reg_d
model_sep	s w uː ʃ	s w uː ʃ t	s w uː ʃ t	s m æ ʃ	s m æ ʃ t	s m æ ʃ t	s w uː ʃ t	1	1	reg_t	reg_t	reg_t
model_sep	ə r a ɪ z	ə r o ʊ z	ə r a ɪ z d	ə n l ɑː k	ə n l ɑː k t	ə n l ɑː k t	ə r a ɪ z t	0	0	vowel_change	reg_d	reg_t
model_sep	s o ʊ k	s o ʊ k t	s o ʊ k t	s n æ k	s n æ k t	s n æ k t	s o ʊ k t	1	1	reg_t	reg_t	reg_t
model_sep	t r æ p	t r æ p t	t r æ p t	t r ɪ p	t r ɪ p t	t r ɪ p t	t r æ p t	1	1	reg_t	reg_t	reg_t
model_sep	p a ɪ l	p a ɪ l d	p a ɪ l d	p a ʊ ɹ̩	p a ʊ ɹ̩ d	p a ʊ ɹ̩ d	p a ɪ l d	1	1	reg_d	reg_d	reg_d
model_sep	ɪ k s p l o ʊ d	ɪ k s p l o ʊ d ə d	ɪ k s p l o ʊ d ə d	ɪ n ɪ ʃ iː e ɪ t	ɪ n ɪ ʃ iː e ɪ t ə d	ɪ n ɪ ʃ iː e ɪ t ə d	ɪ k s p l o ʊ d ə d	1	1	reg_əd	reg_əd	reg_əd
model_sep	b ɔ ɪ l	b ɔ ɪ l d	b ɔ ɪ l d	b o ʊ l	b o ʊ l d	b o ʊ l d	b ɔ ɪ l d	1	1	reg_d	reg_d	reg_d
model_sep	k ə n s ɪ d ɹ̩	k ə n s ɪ d ɹ̩ d	k ə n s ɪ n d	k ə m b a ɪ n	k ə m b a ɪ n d	k ə m b a ɪ n d	k ə n s ɪ d ɹ̩ d	0	1	reg_d	other	reg_d
model_sep	s k a ʊ l	s k a ʊ l d	s k a ʊ l d	s ɹ̩ k ə l	s ɹ̩ k ə l d	s ɹ̩ k ə l d	s k a ʊ l d	1	1	reg_d	reg_d	reg_d
model_sep	ɪ ɡ z ɔ s t	ɪ ɡ z ɔ s t ə d	ɪ ɡ z ɔ s t ə d	ɪ ɡ z ɪ s t	ɪ ɡ z ɪ s t ə d	ɪ ɡ z ɪ s t ə d	ɪ ɡ z ɔ s t ə d	1	1	reg_əd	reg_əd	reg_əd
model_sep	s uː p ɹ̩ v a ɪ z	s uː p ɹ̩ v a ɪ z d	s uː v ɹ̩ v a ɪ z d	s ə b t r æ k t	s ə b t r æ k t ə d	s ə b t r æ k t ə d	s uː p ɹ̩ v a ɪ z ə d	0	0	reg_d	other	reg_əd
model_sep	d æ ŋ ɡ ə l	d æ ŋ ɡ ə l d	d æ ŋ ɡ ə l d	d ɪ l ɪ v ɹ̩	d ɪ l ɪ v ɹ̩ d	d ɪ l ɪ v ɹ̩ d	d æ ŋ ɡ ə l d	1	1	reg_d	reg_d	reg_d
model_sep	d͡ʒ ɪ m iː	d͡ʒ ɪ m iː d	d͡ʒ ɪ m iː d	d͡ʒ ɔ ɪ n	d͡ʒ ɔ ɪ n d	d͡ʒ ɔ ɪ n d	d͡ʒ ɪ m iː d	1	1	reg_d	reg_d	reg_d
model_sep	t r ʌ b ə l	t r ʌ b ə l d	t r ʌ b ə l d	t r æ v ə l	t r æ v ə l d	t r æ v ə l d	t r ʌ b ə l d	1	1	reg_d	reg_d	reg_d
model_sep	p e ɪ d͡ʒ	p e ɪ d͡ʒ d	p e ɪ d͡ʒ d	p l ɛ d͡ʒ	p l ɛ d͡ʒ d	p l ɛ d͡ʒ d	p e ɪ d͡ʒ d	1	1	reg_d	reg_d	reg_d
model_sep	t a ʊ ɹ̩	t a ʊ ɹ̩ d	t a ʊ ɹ̩ d	t a ɪ ɹ̩	t a ɪ ɹ̩ d	t a ɪ ɹ̩ d	t a ʊ ɹ̩ d	1	1	reg_d	reg_d	reg_d
model_sep	f ɛ n s	f ɛ n s t	f ɛ n s t	f e ɪ s	f e ɪ s t	f e ɪ s t	f ɛ n s t	1	1	reg_t	reg_t	reg_t
model_sep	d ɛ r	d ɛ r d	d ɛ r d	d iː l	d iː l d	d ɛ l t	d ɛ r d	1	1	reg_d	reg_d	reg_d
model_sep	b l iː d	b l ɛ d	b l iː d ə d	b æ n d	b æ n d ə d	b æ n d ə d	b l iː d ə d	1	0	vowel_change	reg_əd	reg_əd
model_sep	ɛ n t ɹ̩	ɛ n t ɹ̩ d	ɛ n t ɹ̩ d	ɛ m p t iː	ɛ m p t iː d	ɛ m p t iː d	ɛ n t ɹ̩ d	1	1	reg_d	reg_d	reg_d
model_sep	m e ɪ n t e ɪ n	m e ɪ n t e ɪ n d	m e ɪ n t e ɪ n d	m ɛ m ɹ̩ a ɪ z	m ɛ m ɹ̩ a ɪ z d	m ɛ m ɹ̩ a ɪ z d	m e ɪ n t e ɪ n d	1	1	reg_d	reg_d	reg_d
model_sep	f ɛ r	f ɛ r d	f ɛ r d	f iː r	f iː r d	f iː r d	f ɛ r d	1	1	reg_d	reg_d	reg_d
model_sep	d ɪ p	d ɪ p t	d ɪ p t	d ɪ ɡ	d ɪ ɡ d	d ʌ ɡ	d ɪ p d	0	0	reg_t	reg_t	reg_d
model_sep	j ɔ n	j ɔ n d	j ɔ n d	j ɛ l	j ɛ l d	j ɛ l d	j ɔ n d	1	1	reg_d	reg_d	reg_d
model_sep	ʃ ʊ ɡ ɹ̩	ʃ ʊ ɡ ɹ̩ d	ʃ ʊ ɡ ɹ̩ d	ʃ a ʊ ɹ̩	ʃ a ʊ ɹ̩ d	ʃ a ʊ ɹ̩ d	ʃ ʊ ɡ ɹ̩ d	1	1	reg_d	reg_d	reg_d
model_sep	d r ɪ f t	d r ɪ f t ə d	d r æ f t ə d	d ɪ f iː t	d ɪ f iː t ə d	d ɪ f iː t ə d	d r ɪ f t ə d	0	1	reg_əd	other	reg_əd
model_sep	ɪ n s p a ɪ ɹ̩	ɪ n s p a ɪ ɹ̩ d	ɪ n s p a ɪ n d	ɪ k s p æ n d	ɪ k s p æ n d ə d	ɪ k s p æ n d ə d	ɪ n s p a ɪ ɹ̩ ə d	0	0	reg_d	rhyme_replaced	reg_əd
model_sep	m ɛ n ʃ ə n	m ɛ n ʃ ə n d	m ɛ n ʃ ə n d	m ʌ ʃ r uː m	m ʌ ʃ r uː m d	m ʌ ʃ r uː m d	m ɛ n ʃ ə n d	1	1	reg_d	reg_d	reg_d
model_sep	s l ɪ p	s l ɪ p t	s l ɪ p t	s l iː p	s l ɛ p t	s l ɛ p t	NA	0	0	reg_t	reg_t	vowel_change_suffix
model_sep	s k ɪ p	s k ɪ p t	s k ɪ p t	s w iː p	s w ɛ p t	s w ɛ p t	NA	0	0	reg_t	reg_t	vowel_change_suffix
model_sep	m ə n ɪ p j ə l e ɪ t	m ə n ɪ p j ə l e ɪ t ə d	m ɪ p ə l d	m ɛ m ɹ̩ a ɪ z	m ɛ m ɹ̩ a ɪ z d	m ɛ m ɹ̩ a ɪ z d	m ə n ɪ p j ə l e ɪ t d	0	0	reg_əd	other	reg_d
model_sep	s æ k	s æ k t	s æ k t	s ʌ k	s ʌ k t	s ʌ k t	s æ k t	1	1	reg_t	reg_t	reg_t
model_sep	ɪ n s p ɛ k t	ɪ n s p ɛ k t ə d	ɪ n s p ɛ k t ə d	ɪ k s p æ n d	ɪ k s p æ n d ə d	ɪ k s p æ n d ə d	ɪ n s p ɛ k t ə d	1	1	reg_əd	reg_əd	reg_əd
model_sep	s æ k r ə f a ɪ s	s æ k r ə f a ɪ s t	s æ k r ə f a ɪ s t	s ɛ l ə b r e ɪ t	s ɛ l ə b r e ɪ t ə d	s ɛ l ə b r e ɪ t ə d	s æ k r ə f a ɪ s ə d	0	0	reg_t	reg_t	reg_əd
model_sep	t æ p	t æ p t	t æ p t	t ɪ p	t ɪ p t	t ɪ p t	t æ p t	1	1	reg_t	reg_t	reg_t
model_sep	h ɔ l	h ɔ l d	h ɔ l d	h ɹ̩ l	h ɹ̩ l d	h ɹ̩ l d	h ɔ l d	1	1	reg_d	reg_d	reg_d
model_sep	s k a ʊ t	s k a ʊ t ə d	s k a ʊ t ə d	s k e ɪ t	s k e ɪ t ə d	s k e ɪ t ə d	s k a ʊ t ə d	1	1	reg_əd	reg_əd	reg_əd
model_sep	p ɑː k ə t	p ɑː k ə t ə d	p ɑː k ə t ə d	p ɹ̩ v ɹ̩ t	p ɹ̩ v ɹ̩ t ə d	p ɹ̩ v ɹ̩ t ə d	p ɑː k ə t ə d	1	1	reg_əd	reg_əd	reg_əd
model_sep	h a ʊ l	h a ʊ l d	h a ʊ l d	h o ʊ l	h o ʊ l d	h o ʊ l d	h a ʊ l d	1	1	reg_d	reg_d	reg_d
model_sep	d ɔ n	d ɔ n d	d ɔ n d	d ɑː n	d ɑː n d	d ɑː n d	d ɔ n d	1	1	reg_d	reg_d	reg_d
model_sep	t æ ŋ ɡ ə l	t æ ŋ ɡ ə l d	t æ ŋ ɡ ə l d	t e ɪ b ə l	t e ɪ b ə l d	t e ɪ b ə l d	t æ ŋ ɡ ə l d	1	1	reg_d	reg_d	reg_d
model_sep	ɡ a ɪ d	ɡ a ɪ d ə d	ɡ a ɪ d ə d	ɡ ɑː r d	ɡ ɑː r d ə d	ɡ ɑː r d ə d	ɡ a ɪ d ə d	1	1	reg_əd	reg_əd	reg_əd
model_sep	θ ʌ n d ɹ̩	θ ʌ n d ɹ̩ d	θ ʌ n d ɹ̩ d	θ ʌ m	θ ʌ m d	θ ʌ m d	θ ʌ n d ɹ̩ d	1	1	reg_d	reg_d	reg_d
model_sep	r a ʊ n d	r a ʊ n d ə d	r a ʊ n d ə d	r ɑː k ə t	r ɑː k ə t ə d	r ɑː k ə t ə d	r a ʊ n d ə d	1	1	reg_əd	reg_əd	reg_əd
model_sep	æ b d ʌ k t	æ b d ʌ k t ə d	æ b ʌ k ʌ t ə d	æ k s ɛ p t	æ k s ɛ p t ə d	æ k s ɛ p t ə d	æ b d ʌ k t ə d	0	1	reg_əd	other	reg_əd
model_sep	ɡ ʌ m	ɡ ʌ m d	ɡ ʌ m d	ɡ æ ɡ	ɡ æ ɡ d	ɡ æ ɡ d	ɡ ʌ m d	1	1	reg_d	reg_d	reg_d
model_sep	l ɛ k t͡ʃ ɹ̩	l ɛ k t͡ʃ ɹ̩ d	l ɛ k t͡ʃ ɹ̩ d	l e ɪ b ɹ̩	l e ɪ b ɹ̩ d	l e ɪ b ɹ̩ d	l ɛ k t͡ʃ ɹ̩ d	1	1	reg_d	reg_d	reg_d
model_sep	d r ɪ b ə l	d r ɪ b ə l d	d r ɪ b ə l d	d ɪ l ɪ v ɹ̩	d ɪ l ɪ v ɹ̩ d	d ɪ l ɪ v ɹ̩ d	d r ɪ b ə l d	1	1	reg_d	reg_d	reg_d
model_sep	d ʌ s t	d ʌ s t ə d	d ʌ s t ə d	d a ʊ t	d a ʊ t ə d	d a ʊ t ə d	d ʌ s t ə d	1	1	reg_əd	reg_əd	reg_əd
model_sep	d͡ʒ æ m	d͡ʒ æ m d	d͡ʒ æ m d	d͡ʒ ɑː ɡ	d͡ʒ ɑː ɡ d	d͡ʒ ɑː ɡ d	d͡ʒ æ m d	1	1	reg_d	reg_d	reg_d
model_sep	t͡ʃ æ n ə l	t͡ʃ æ n ə l d	t͡ʃ æ n ə l d	t͡ʃ ɪ k ə n	t͡ʃ ɪ k ə n d	t͡ʃ ɪ k ə n d	t͡ʃ æ n ə l d	1	1	reg_d	reg_d	reg_d
model_sep	d r e ɪ n	d r e ɪ n d	d r e ɪ n d	d æ z ə l	d æ z ə l d	d æ z ə l d	d r e ɪ n d	1	1	reg_d	reg_d	reg_d
model_sep	w uː n d	w uː n d ə d	w uː n d ə d	w ɔ n t	w ɔ n t ə d	w ɔ n t ə d	w uː n d ə d	1	1	reg_əd	reg_əd	reg_əd
model_sep	t e ɪ l	t e ɪ l d	t e ɪ l d	t a ɪ l	t a ɪ l d	t a ɪ l d	t e ɪ l d	1	1	reg_d	reg_d	reg_d
model_sep	s l o ʊ	s l o ʊ d	s l o ʊ d	s ɔ r t	s ɔ r t ə d	s ɔ r t ə d	s l o ʊ ə d	0	0	reg_d	reg_d	reg_əd
model_sep	s t ɪ ŋ k	s t ʌ ŋ k	s t ɪ ŋ k t	s p a ɪ k	s p a ɪ k t	s p a ɪ k t	s t ɪ ŋ k t	1	0	vowel_change	reg_t	reg_t
model_sep	f iː l d	f iː l d ə d	f iː l d ə d	f l ʌ ʃ	f l ʌ ʃ t	f l ʌ ʃ t	f iː l d t	0	0	reg_əd	reg_əd	reg_t
model_sep	s p a ɪ	s p a ɪ d	s p a ɪ d	s w e ɪ	s w e ɪ d	s w e ɪ d	s p a ɪ d	1	1	reg_d	reg_d	reg_d
model_sep	s ɪ ɡ n ə l	s ɪ ɡ n ə l d	s ɪ ɡ n ə l d	s n ɑː r ə l	s n ɑː r ə l d	s n ɑː r ə l d	s ɪ ɡ n ə l d	1	1	reg_d	reg_d	reg_d
model_sep	ɛ n k ɹ̩ ɪ d͡ʒ	ɛ n k ɹ̩ ɪ d͡ʒ d	ɛ n k ɹ̩ ɪ d͡ʒ d	ɛ s k ɔ r t	ɛ s k ɔ r t ə d	ɛ s k ɔ r t ə d	ɛ n k ɹ̩ ɪ d͡ʒ ə d	0	0	reg_d	reg_d	reg_əd
model_sep	s æ n ɪ t a ɪ z	s æ n ɪ t a ɪ z d	s æ n t a ɪ z ɪ d	s ə b t r æ k t	s ə b t r æ k t ə d	s ə b t r æ k t ə d	s æ n ɪ t a ɪ z ə d	0	0	reg_d	other	reg_əd
model_sep	f r a ɪ t ə n	f r a ɪ t ə n d	f r a ɪ t ə n d	f l a ʊ n d ɹ̩	f l a ʊ n d ɹ̩ d	f l a ʊ n d ɹ̩ d	f r a ɪ t ə n d	1	1	reg_d	reg_d	reg_d
model_sep	o ʊ v ɹ̩ k ə m	o ʊ v ɹ̩ k e ɪ m	o ʊ v ɹ̩ k ə m d	o ʊ v ɹ̩ s t e ɪ	o ʊ v ɹ̩ s t e ɪ d	o ʊ v ɹ̩ s t e ɪ d	o ʊ v ɹ̩ k ə m d	1	0	vowel_change	reg_d	reg_d
model_sep	p ɛ p ɹ̩	p ɛ p ɹ̩ d	p ɛ p ɹ̩ d	p a ʊ ɹ̩	p a ʊ ɹ̩ d	p a ʊ ɹ̩ d	p ɛ p ɹ̩ d	1	1	reg_d	reg_d	reg_d
model_sep	b ʌ d͡ʒ	b ʌ d͡ʒ d	b ʌ d͡ʒ d	b iː f	b iː f t	b iː f t	b ʌ d͡ʒ t	0	0	reg_d	reg_d	reg_t
model_sep	ɡ l ɛ r	ɡ l ɛ r d	ɡ l ɛ r d	ɡ æ ð ɹ̩	ɡ æ ð ɹ̩ d	ɡ æ ð ɹ̩ d	ɡ l ɛ r d	1	1	reg_d	reg_d	reg_d
model_sep	ə f ɔ r d	ə f ɔ r d ə d	ə f ɔ r d ə d	ə f ɛ k t	ə f ɛ k t ə d	ə f ɛ k t ə d	ə f ɔ r d ə d	1	1	reg_əd	reg_əd	reg_əd
model_sep	s k o ʊ l d	s k o ʊ l d ə d	s k o ʊ l d ə d	s k æ l ə p	s k æ l ə p t	s k æ l ə p t	s k o ʊ l d t	0	0	reg_əd	reg_əd	reg_t
model_sep	s ɛ n s	s ɛ n s t	s ɛ n s t	s iː s ɔ	s iː s ɔ d	s iː s ɔ d	s ɛ n s d	0	0	reg_t	reg_t	reg_d
model_sep	ɛ m f ə s a ɪ z	ɛ m f ə s a ɪ z d	ɛ m ɛ s a ɪ d	ɛ k s ɹ̩ s a ɪ z	ɛ k s ɹ̩ s a ɪ z d	ɛ k s ɹ̩ s a ɪ z d	ɛ m f ə s a ɪ z d	0	1	reg_d	other	reg_d
model_sep	l e ɪ b ə l	l e ɪ b ə l d	l e ɪ b ə l d	l e ɪ b ɹ̩	l e ɪ b ɹ̩ d	l e ɪ b ɹ̩ d	l e ɪ b ə l d	1	1	reg_d	reg_d	reg_d
model_sep	b a ʊ	b a ʊ d	b ɔ t	b æ ŋ	b æ ŋ d	b æ ŋ d	b a ʊ d	0	1	reg_d	vowel_change_suffix	reg_d
model_sep	b ʌ n t͡ʃ	b ʌ n t͡ʃ t	b ʌ n t͡ʃ t	b l iː t͡ʃ	b l iː t͡ʃ t	b l iː t͡ʃ t	b ʌ n t͡ʃ t	1	1	reg_t	reg_t	reg_t
model_sep	t ɛ r ə r a ɪ z	t ɛ r ə r a ɪ z d	t ɛ r ə r a ɪ z d	t r æ n z m ɪ t	t r æ n z m ɪ t ə d	t r æ n z m ɪ t ə d	t ɛ r ə r a ɪ z ə d	0	0	reg_d	reg_d	reg_əd
model_sep	ɡ r æ v ə t e ɪ t	ɡ r æ v ə t e ɪ t ə d	ɡ r æ v ə t e ɪ t ə d	ɡ r ʌ m b ə l	ɡ r ʌ m b ə l d	ɡ r ʌ m b ə l d	ɡ r æ v ə t e ɪ t d	0	0	reg_əd	reg_əd	reg_d
model_sep	b l æ s t	b l æ s t ə d	b l æ s t ə d	b l o ʊ t	b l o ʊ t ə d	b l o ʊ t ə d	b l æ s t ə d	1	1	reg_əd	reg_əd	reg_əd
model_sep	ɪ n ɪ ʃ ə l	ɪ n ɪ ʃ ə l d	ɪ n ɪ ʃ ə l d	ɪ n k l uː d	ɪ n k l uː d ə d	ɪ n k l uː d ə d	ɪ n ɪ ʃ ə l ə d	0	0	reg_d	reg_d	reg_əd
model_sep	s w ɑː p	s w ɑː p t	s w ɑː p t	s w iː p	s w ɛ p t	s w ɛ p t	NA	0	0	reg_t	reg_t	vowel_change_suffix
model_sep	æ d m a ɪ ɹ̩	æ d m a ɪ ɹ̩ d	æ m a ɪ v ɹ̩ d	æ k s ɛ p t	æ k s ɛ p t ə d	æ k s ɛ p t ə d	æ d m a ɪ ɹ̩ ə d	0	0	reg_d	other	reg_əd
model_sep	s ə p ɔ r t	s ə p ɔ r t ə d	s ə p ɔ r t ə d	s p r a ʊ t	s p r a ʊ t ə d	s p r a ʊ t ə d	s ə p ɔ r t ə d	1	1	reg_əd	reg_əd	reg_əd
model_sep	p æ m p ɹ̩	p æ m p ɹ̩ d	p æ m p ɹ̩ d	p ɪ k t͡ʃ ɹ̩	p ɪ k t͡ʃ ɹ̩ d	p ɪ k t͡ʃ ɹ̩ d	p æ m p ɹ̩ d	1	1	reg_d	reg_d	reg_d
model_sep	v ɔ ɪ s	v ɔ ɪ s t	v ɔ ɪ s t	v ɪ z ɪ t	v ɪ z ɪ t ə d	v ɪ z ɪ t ə d	v ɔ ɪ s ə d	0	0	reg_t	reg_t	reg_əd
model_sep	s k ɔ r	s k ɔ r d	s k ɔ r d	s k ɛ r	s k ɛ r d	s k ɛ r d	s k ɔ r d	1	1	reg_d	reg_d	reg_d
model_sep	d ɑː k t ɹ̩	d ɑː k t ɹ̩ d	d ɑː k t ɹ̩ d	d æ z ə l	d æ z ə l d	d æ z ə l d	d ɑː k t ɹ̩ d	1	1	reg_d	reg_d	reg_d
model_sep	r iː v æ m p	r iː v æ m p t	r iː v æ m p t	r ə k ɔ r d	r ə k ɔ r d ə d	r ə k ɔ r d ə d	r iː v æ m p ə d	0	0	reg_t	reg_t	reg_əd
model_sep	l iː s	l iː s t	l iː s t	l uː s	l uː s t	l uː s t	l iː s t	1	1	reg_t	reg_t	reg_t
model_sep	s ə p r ɛ s	s ə p r ɛ s t	s ə p r ɛ s t	s p l a ɪ s	s p l a ɪ s t	s p l a ɪ s t	s ə p r ɛ s t	1	1	reg_t	reg_t	reg_t
model_sep	ə p o ʊ z	ə p o ʊ z d	ə p o ʊ z d	ə n z ɪ p	ə n z ɪ p t	ə n z ɪ p t	ə p o ʊ z t	0	0	reg_d	reg_d	reg_t
model_sep	f l ɑː p	f l ɑː p t	f l ɑː p t	f l æ p	f l æ p t	f l æ p t	f l ɑː p t	1	1	reg_t	reg_t	reg_t
model_sep	b ʌ m	b ʌ m d	b ʌ m d	b uː m	b uː m d	b uː m d	b ʌ m d	1	1	reg_d	reg_d	reg_d
model_sep	s p ɹ̩ t	s p ɹ̩ t ə d	s p ɹ̩ t ə d	s p ɑː t	s p ɑː t ə d	s p ɑː t ə d	s p ɹ̩ t ə d	1	1	reg_əd	reg_əd	reg_əd
model_sep	h uː t	h uː t ə d	h uː t	h ɹ̩ t	h ɹ̩ t	h ɹ̩ t	h uː t	1	0	reg_əd	no_change	no_change
model_sep	p ɹ̩ s	p ɹ̩ s t	p ɹ̩ s t	p iː s	p iː s t	p iː s t	p ɹ̩ s t	1	1	reg_t	reg_t	reg_t
model_sep	k l ʌ b	k l ʌ b d	k l ʌ b d	k j uː b	k j uː b d	k j uː b d	k l ʌ b d	1	1	reg_d	reg_d	reg_d
model_sep	p ɪ t iː	p ɪ t iː d	p ɪ t iː d	p ɑː r t	p ɑː r t ə d	p ɑː r t ə d	p ɪ t iː ə d	0	0	reg_d	reg_d	reg_əd
model_sep	t r æ m p	t r æ m p t	t r æ m p t	t r ʌ m p	t r ʌ m p t	t r ʌ m p t	t r æ m p t	1	1	reg_t	reg_t	reg_t
model_sep	d͡ʒ ɛ n ɹ̩ e ɪ t	d͡ʒ ɛ n ɹ̩ e ɪ t ə d	d͡ʒ ɛ n ɹ̩ e ɪ t ə d	d͡ʒ ɔ ɪ n	d͡ʒ ɔ ɪ n d	d͡ʒ ɔ ɪ n d	d͡ʒ ɛ n ɹ̩ e ɪ t d	0	0	reg_əd	reg_əd	reg_d
model_sep	t æ t ə l	t æ t ə l d	t æ t ə l d	t æ k ə l	t æ k ə l d	t æ k ə l d	t æ t ə l d	1	1	reg_d	reg_d	reg_d
model_sep	f ʌ m b ə l	f ʌ m b ə l d	f ʌ m b ə l d	f r ɛ ʃ ə n	f r ɛ ʃ ə n d	f r ɛ ʃ ə n d	f ʌ m b ə l d	1	1	reg_d	reg_d	reg_d
model_sep	s t æ ʃ	s t æ ʃ t	s t æ ʃ t	s m æ ʃ	s m æ ʃ t	s m æ ʃ t	s t æ ʃ t	1	1	reg_t	reg_t	reg_t
model_sep	ɪ n s ɪ s t	ɪ n s ɪ s t ə d	ɪ n s ɪ s t ə d	ɪ k s a ɪ t	ɪ k s a ɪ t ə d	ɪ k s a ɪ t ə d	ɪ n s ɪ s t ə d	1	1	reg_əd	reg_əd	reg_əd
model_sep	ɪ ɡ z æ m ɪ n	ɪ ɡ z æ m ɪ n d	ɪ ɡ z æ m æ n d	ɪ k s p æ n d	ɪ k s p æ n d ə d	ɪ k s p æ n d ə d	ɪ ɡ z æ m ɪ n ə d	0	0	reg_d	vowel_change_suffix	reg_əd
model_sep	b l ɑː s ə m	b l ɑː s ə m d	b l ɑː s ə m d	b ɪ h e ɪ v	b ɪ h e ɪ v d	b ɪ h e ɪ v d	b l ɑː s ə m d	1	1	reg_d	reg_d	reg_d
model_sep	r o ʊ p	r o ʊ p t	r o ʊ p t	r o ʊ m	r o ʊ m d	r o ʊ m d	r o ʊ p d	0	0	reg_t	reg_t	reg_d
model_sep	p ɪ ŋ	p ɪ ŋ d	p ɪ ŋ d	p ʊ ʃ	p ʊ ʃ t	p ʊ ʃ t	p ɪ ŋ t	0	0	reg_d	reg_d	reg_t
model_sep	v o ʊ t	v o ʊ t ə d	v o ʊ t ə d	v ɪ z ɪ t	v ɪ z ɪ t ə d	v ɪ z ɪ t ə d	v o ʊ t ə d	1	1	reg_əd	reg_əd	reg_əd
model_sep	n iː r	n iː r d	n iː r d	n ɑː d	n ɑː d ə d	n ɑː d ə d	n iː r ə d	0	0	reg_d	reg_d	reg_əd
model_sep	t r ʌ s t	t r ʌ s t ə d	t r ʌ s t ə d	t o ʊ s t	t o ʊ s t ə d	t o ʊ s t ə d	t r ʌ s t ə d	1	1	reg_əd	reg_əd	reg_əd
model_sep	ɪ n t ɹ̩ s p ɹ̩ s	ɪ n t ɹ̩ s p ɹ̩ s t	ɪ n t ɹ̩ s p ɹ̩ s t ɹ̩ s ɹ̩ n t ɹ̩ s	ɪ n t ə r ɛ s t	ɪ n t ə r ɛ s t ə d	ɪ n t ə r ɛ s t ə d	ɪ n t ɹ̩ s p ɹ̩ s ə d	0	0	reg_t	other	reg_əd
model_sep	s w uː p	s w uː p t	s w uː p t	s k uː p	s k uː p t	s k uː p t	s w uː p t	1	1	reg_t	reg_t	reg_t
model_sep	d͡ʒ e ɪ l	d͡ʒ e ɪ l d	d͡ʒ e ɪ l d	d͡ʒ ɔ ɪ n	d͡ʒ ɔ ɪ n d	d͡ʒ ɔ ɪ n d	d͡ʒ e ɪ l d	1	1	reg_d	reg_d	reg_d
model_sep	f e ɪ l	f e ɪ l d	f e ɪ l d	f a ɪ l	f a ɪ l d	f a ɪ l d	f e ɪ l d	1	1	reg_d	reg_d	reg_d
model_sep	b ʊ k	b ʊ k t	b ʊ k t	b iː f	b iː f t	b iː f t	b ʊ k t	1	1	reg_t	reg_t	reg_t
model_sep	s ɪ f t	s ɪ f t ə d	s ɪ f t ə d	s p ɑː t	s p ɑː t ə d	s p ɑː t ə d	s ɪ f t ə d	1	1	reg_əd	reg_əd	reg_əd
model_sep	k a ʊ t͡ʃ	k a ʊ t͡ʃ t	k a ʊ t͡ʃ t	k ʌ v ɹ̩	k ʌ v ɹ̩ d	k ʌ v ɹ̩ d	k a ʊ t͡ʃ d	0	0	reg_t	reg_t	reg_d
model_sep	f r ʌ n t	f r ʌ n t ə d	f r ʌ n t ə d	f r ɔ s t	f r ɔ s t ə d	f r ɔ s t ə d	f r ʌ n t ə d	1	1	reg_əd	reg_əd	reg_əd
model_sep	p r ə d uː s	p r ə d uː s t	p r ə d uː s t	p r ə s iː d	p r ə s iː d ə d	p r ə s iː d ə d	p r ə d uː s ə d	0	0	reg_t	reg_t	reg_əd
model_sep	ʃ e ɪ d	ʃ e ɪ d ə d	ʃ e ɪ d ə d	ʃ a ʊ t	ʃ a ʊ t ə d	ʃ a ʊ t ə d	ʃ e ɪ d ə d	1	1	reg_əd	reg_əd	reg_əd
model_sep	d r ɛ n t͡ʃ	d r ɛ n t͡ʃ t	d r ɛ n t͡ʃ t	d ɪ z ɹ̩ v	d ɪ z ɹ̩ v d	d ɪ z ɹ̩ v d	d r ɛ n t͡ʃ d	0	0	reg_t	reg_t	reg_d
model_sep	s p l æ t ɹ̩	s p l æ t ɹ̩ d	s p l æ t ɹ̩ d	s p ɛ k ə l	s p ɛ k ə l d	s p ɛ k ə l d	s p l æ t ɹ̩ d	1	1	reg_d	reg_d	reg_d
model_sep	r iː v j uː	r iː v j uː d	r iː v j uː d	r iː æ k t	r iː æ k t ə d	r iː æ k t ə d	r iː v j uː ə d	0	0	reg_d	reg_d	reg_əd
model_sep	b ɔ r	b ɔ r d	b ɔ r d	b ɛ r	b ɛ r d	b o ʊ r	b ɔ r d	1	1	reg_d	reg_d	reg_d
model_sep	s iː t	s iː t ə d	s iː t	s uː t	s uː t	s uː t ə d	s iː t	1	0	reg_əd	no_change	no_change
model_sep	b ɛ d	b ɛ d ə d	b ɛ d ə d	b iː d	b iː d ə d	b iː d ə d	b ɛ d ə d	1	1	reg_əd	reg_əd	reg_əd
model_sep	ə n s iː t	ə n s iː t ə d	ə n s iː t ə d	ə p l ɔ d	ə p l ɔ d ə d	ə p l ɔ d ə d	ə n s iː t ə d	1	1	reg_əd	reg_əd	reg_əd
model_sep	m ʌ f ə l	m ʌ f ə l d	m ʌ f ə l d	m o ʊ l d	m o ʊ l d ə d	m o ʊ l d ə d	m ʌ f ə l ə d	0	0	reg_d	reg_d	reg_əd
model_sep	s t ʌ m p	s t ʌ m p t	s t ʌ m p t	s t æ m p	s t æ m p t	s t æ m p t	s t ʌ m p t	1	1	reg_t	reg_t	reg_t
model_sep	t r æ n s p l æ n t	t r æ n s p l æ n t ə d	t s p l æ l æ n d	t o ʊ s t	t o ʊ s t ə d	t o ʊ s t ə d	t r æ n s p l æ n t ə d	0	1	reg_əd	other	reg_əd
model_sep	v ɪ ʒ w ə l a ɪ z	v ɪ ʒ w ə l a ɪ z d	v ə l ə l a ɪ d	v e ɪ k e ɪ ʃ ə n	v e ɪ k e ɪ ʃ ə n d	v e ɪ k e ɪ ʃ ə n d	v ɪ ʒ w ə l a ɪ z d	0	1	reg_d	other	reg_d
model_sep	ɡ æ l ə p	ɡ æ l ə p t	ɡ æ l ə p t	ɡ r æ s p	ɡ r æ s p t	ɡ r æ s p t	ɡ æ l ə p t	1	1	reg_t	reg_t	reg_t
model_sep	s ʌ l iː	s ʌ l iː d	s ʌ l iː d	s k ɹ̩ iː	s k ɹ̩ iː d	s k ɹ̩ iː d	s ʌ l iː d	1	1	reg_d	reg_d	reg_d
model_sep	ə n f o ʊ l d	ə n f o ʊ l d ə d	ə n f o ʊ n d ə d	ə s ɛ m b ə l	ə s ɛ m b ə l d	ə s ɛ m b ə l d	ə n f o ʊ l d d	0	0	reg_əd	other	reg_d
model_sep	w iː	w iː d	w iː d	w uː	w uː d	w uː d	w iː d	1	1	reg_d	reg_d	reg_d
model_sep	ɪ m ə t e ɪ t	ɪ m ə t e ɪ t ə d	ɪ m ə t e ɪ t ə d	ɪ n t ɹ̩ ʌ p t	ɪ n t ɹ̩ ʌ p t ə d	ɪ n t ɹ̩ ʌ p t ə d	ɪ m ə t e ɪ t ə d	1	1	reg_əd	reg_əd	reg_əd
model_sep	s w ɹ̩ v	s w ɹ̩ v d	s w ɹ̩ v d	s e ɪ v	s e ɪ v d	s e ɪ v d	s w ɹ̩ v d	1	1	reg_d	reg_d	reg_d
model_sep	h iː p	h iː p t	h iː p t	h ɑː p	h ɑː p t	h ɑː p t	h iː p t	1	1	reg_t	reg_t	reg_t
model_sep	r iː f j uː ə l	r iː f j uː ə l d	r iː f j uː ə l d	r ə f l ɛ k t	r ə f l ɛ k t ə d	r ə f l ɛ k t ə d	r iː f j uː ə l ə d	0	0	reg_d	reg_d	reg_əd
model_sep	t͡ʃ æ n t	t͡ʃ æ n t ə d	t͡ʃ æ n t ə d	t͡ʃ a ɪ m	t͡ʃ a ɪ m d	t͡ʃ a ɪ m d	t͡ʃ æ n t d	0	0	reg_əd	reg_əd	reg_d
model_mean	iː t	e ɪ t	iː ɪ t	r iː m uː v	r iː m uː v d	r iː m uː v d	iː t d	0	0	vowel_change	vowel_change	reg_d
model_mean	m e ɪ k	m e ɪ d	m e ɪ k t	m e ɪ t	m e ɪ t ə d	m e ɪ t ə d	m e ɪ k ə d	0	0	coda_change	reg_t	reg_əd
model_mean	n o ʊ	n uː	n o ʊ d	n o ʊ t	n o ʊ t ə d	n o ʊ t ə d	n o ʊ ə d	0	0	vowel_change	reg_d	reg_əd
model_mean	f ɔ l	f ɛ l	f ɔ l d	f ɔ r m	f ɔ r m d	f ɔ r m d	f ɔ l d	1	0	vowel_change	reg_d	reg_d
model_mean	b r ɪ ŋ	b r ɔ t	b r ɪ ŋ	b r ɪ d͡ʒ	b r ɪ d͡ʒ d	b r ɪ d͡ʒ d	b r ɪ ŋ d	0	0	rhyme_replaced	no_change	reg_d
model_mean	s t ɑː r t	s t ɑː r t ə d	s t ɑː r t ə d	s t ɑː m p	s t ɑː m p t	s t ɑː m p t	s t ɑː r t t	0	0	reg_əd	reg_əd	reg_t
model_mean	t e ɪ k	t ʊ k	t e ɪ k t	t e ɪ p	t e ɪ p t	t e ɪ p t	t e ɪ k t	1	0	vowel_change	reg_t	reg_t
model_mean	h e ɪ t	h e ɪ t ə d	h e ɪ t ə d	e ɪ d	e ɪ d ə d	e ɪ d ə d	h e ɪ t ə d	1	1	reg_əd	reg_əd	reg_əd
model_mean	r a ɪ t	r o ʊ t	r o ʊ t ə d	r a ɪ d	r o ʊ d	r o ʊ d	NA	0	0	vowel_change	other	vowel_change
model_mean	f ɪ t	f ɪ t	f ɪ t ə d	f ɪ ʃ	f ɪ ʃ t	f ɪ ʃ t	f ɪ t t	0	0	no_change	reg_əd	reg_t
model_mean	d a ɪ n	d a ɪ n d	d a ɪ n d	d a ɪ v	d a ɪ v d	d o ʊ v	d a ɪ n d	1	1	reg_d	reg_d	reg_d
model_mean	m ɪ s	m ɪ s t	m ɪ s t	m ɪ k s	m ɪ k s t	m ɪ k s t	m ɪ s t	1	1	reg_t	reg_t	reg_t
model_mean	n ɑː k	n ɑː k t	n ɑː k t	n ɑː d	n ɑː d ə d	n ɑː d ə d	n ɑː k ə d	0	0	reg_t	reg_t	reg_əd
model_mean	n iː d	n iː d ə d	n iː d ə d	n iː d ə l	n iː d ə l d	n iː d ə l d	n iː d d	0	0	reg_əd	reg_əd	reg_d
model_mean	m uː v	m uː v d	m uː v d	m a ʊ ð	m a ʊ ð d	m a ʊ ð d	m uː v d	1	1	reg_d	reg_d	reg_d
model_mean	f l ɪ p	f l ɪ p t	f l ʌ p t	f l æ p	f l æ p t	f l æ p t	f l ɪ p t	0	1	reg_t	vowel_change_suffix	reg_t
model_mean	r ɛ d iː	r ɛ d iː d	r ɛ d iː d	r ɛ n t	r ɛ n t ə d	r ɛ n t ə d	r ɛ d iː ə d	0	0	reg_d	reg_d	reg_əd
model_mean	z ɪ p	z ɪ p t	z ɪ p t	z ɪ p ɹ̩	z ɪ p ɹ̩ d	z ɪ p ɹ̩ d	z ɪ p d	0	0	reg_t	reg_t	reg_d
model_mean	f a ɪ t	f ɔ t	f a ɪ t ə d	f a ɪ l	f a ɪ l d	f a ɪ l d	f a ɪ t d	0	0	vowel_change	reg_əd	reg_d
model_mean	k æ t͡ʃ	k ɔ t	k æ t͡ʃ t	k æ p	k æ p t	k æ p t	k æ t͡ʃ t	1	0	rhyme_replaced	reg_t	reg_t
model_mean	f l o ʊ t	f l o ʊ t ə d	f l o ʊ t ə d	f l o ʊ	f l o ʊ d	f l o ʊ d	f l o ʊ t d	0	0	reg_əd	reg_əd	reg_d
model_mean	w ɪ ʃ	w ɪ ʃ t	w ɪ ʃ t	w ɪ p	w ɪ p t	w ɪ p t	w ɪ ʃ t	1	1	reg_t	reg_t	reg_t
model_mean	ʃ e ɪ k	ʃ ʊ k	ʃ e ɪ k t	ʃ e ɪ p	ʃ e ɪ p t	ʃ e ɪ p t	ʃ e ɪ k t	1	0	vowel_change	reg_t	reg_t
model_mean	k ɪ k	k ɪ k t	k ɪ k t	k ɪ s	k ɪ s t	k ɪ s t	k ɪ k t	1	1	reg_t	reg_t	reg_t
model_mean	t͡ʃ e ɪ n d͡ʒ	t͡ʃ e ɪ n d͡ʒ d	t͡ʃ e ɪ n d͡ʒ d	t͡ʃ e ɪ n	t͡ʃ e ɪ n d	t͡ʃ e ɪ n d	t͡ʃ e ɪ n d͡ʒ d	1	1	reg_d	reg_d	reg_d
model_mean	θ r o ʊ	θ r uː	θ r o ʊ d	o ʊ	o ʊ d	o ʊ d	θ r o ʊ d	1	0	vowel_change	reg_d	reg_d
model_mean	b æ k	b æ k t	b æ k t	b æ ɡ	b æ ɡ d	b æ ɡ d	b æ k d	0	0	reg_t	reg_t	reg_d
model_mean	f l æ ʃ	f l æ ʃ t	f l æ ʃ t	f l ʌ ʃ	f l ʌ ʃ t	f l ʌ ʃ t	f l æ ʃ t	1	1	reg_t	reg_t	reg_t
model_mean	ɡ r o ʊ	ɡ r uː	ɡ r o ʊ d	ɡ o ʊ	ɡ o ʊ d	w ɛ n t	ɡ r o ʊ d	1	0	vowel_change	reg_d	reg_d
model_mean	s m a ɪ l	s m a ɪ l d	s m a ɪ l d	s m æ ʃ	s m æ ʃ t	s m æ ʃ t	s m a ɪ l t	0	0	reg_d	reg_d	reg_t
model_mean	s t ɑː p	s t ɑː p t	s t ɑː p t	s t ɑː k	s t ɑː k t	s t ɑː k t	s t ɑː p t	1	1	reg_t	reg_t	reg_t
model_mean	s t ɹ̩	s t ɹ̩ d	s t ɹ̩ d	s t uː	s t uː d	s t uː d	s t ɹ̩ d	1	1	reg_d	reg_d	reg_d
model_mean	t͡ʃ uː	t͡ʃ uː d	t͡ʃ uː d	t͡ʃ uː z	t͡ʃ uː z d	t͡ʃ o ʊ z	t͡ʃ uː d	1	1	reg_d	reg_d	reg_d
model_mean	d r ɛ s	d r ɛ s t	d r ɛ s t	d r ɑː p	d r ɑː p t	d r ɑː p t	d r ɛ s t	1	1	reg_t	reg_t	reg_t
model_mean	ə n d ɹ̩ s t æ n d	ə n d ɹ̩ s t ʊ d	ə n t ə t æ n d	ə n d r ɛ s	ə n d r ɛ s t	ə n d r ɛ s t	ə n d ɹ̩ s t æ n d t	0	0	rhyme_replaced	other	reg_t
model_mean	t͡ʃ e ɪ s	t͡ʃ e ɪ s t	t͡ʃ e ɪ s t	t͡ʃ e ɪ n	t͡ʃ e ɪ n d	t͡ʃ e ɪ n d	t͡ʃ e ɪ s d	0	0	reg_t	reg_t	reg_d
model_mean	h ʌ ɡ	h ʌ ɡ d	h ʌ ɡ d	h ʌ f	h ʌ f t	h ʌ f t	h ʌ ɡ t	0	0	reg_d	reg_d	reg_t
model_mean	h ɪ t	h ɪ t	h ɪ t	h iː t	h iː t	h iː t ə d	h ɪ t	1	1	no_change	no_change	no_change
model_mean	h æ m ɹ̩	h æ m ɹ̩ d	h æ m ɹ̩ d	h æ n d	h æ n d ə d	h æ n d ə d	h æ m ɹ̩ ə d	0	0	reg_d	reg_d	reg_əd
model_mean	w a ɪ n d	w a ɪ n d ə d	w a ɪ n d ə d	w a ɪ t	w a ɪ t ə d	w a ɪ t ə d	w a ɪ n d ə d	1	1	reg_əd	reg_əd	reg_əd
model_mean	k ə n s t r ʌ k t	k ə n s t r ʌ k t ə d	k ə t r t r ʌ k t ə d	k ə n k l uː d	k ə n k l uː d ə d	k ə n k l uː d ə d	k ə n s t r ʌ k t ə d	0	1	reg_əd	other	reg_əd
model_mean	m iː t	m ɛ t	m iː t ə d	m ʊ r	m ʊ r d	m ʊ r d	m iː t d	0	0	vowel_change	reg_əd	reg_d
model_mean	s w ɪ ʃ	s w ɪ ʃ t	s w ɪ ʃ t	s w ɛ t	s w ɛ t ə d	s w ɛ t ə d	s w ɪ ʃ ə d	0	0	reg_t	reg_t	reg_əd
model_mean	s k w iː z	s k w iː z d	s k w iː z d	s k w ɛ r	s k w ɛ r d	s k w ɛ r d	s k w iː z d	1	1	reg_d	reg_d	reg_d
model_mean	t͡ʃ ʌ ɡ	t͡ʃ ʌ ɡ d	t͡ʃ ʌ ɡ d	t͡ʃ uː z	t͡ʃ uː z d	t͡ʃ o ʊ z	t͡ʃ ʌ ɡ d	1	1	reg_d	reg_d	reg_d
model_mean	b r æ n t͡ʃ	b r æ n t͡ʃ t	b r æ n t͡ʃ t	b r æ ɡ	b r æ ɡ d	b r æ ɡ d	b r æ n t͡ʃ d	0	0	reg_t	reg_t	reg_d
model_mean	n o ʊ t ɪ s	n o ʊ t ɪ s t	n o ʊ t ɪ s t	n o ʊ t	n o ʊ t ə d	n o ʊ t ə d	n o ʊ t ɪ s ə d	0	0	reg_t	reg_t	reg_əd
model_mean	b e ɪ k	b e ɪ k t	b e ɪ k t	b e ɪ s	b e ɪ s t	b e ɪ s t	b e ɪ k t	1	1	reg_t	reg_t	reg_t
model_mean	s n æ p	s n æ p t	s n æ p t	s n æ k	s n æ k t	s n æ k t	s n æ p t	1	1	reg_t	reg_t	reg_t
model_mean	s w ɪ m	s w æ m	s w ɪ m d	s w ɛ t	s w ɛ t ə d	s w ɛ t ə d	s w ɪ m ə d	0	0	vowel_change	reg_d	reg_əd
model_mean	ʃ ʌ t ə l	ʃ ʌ t ə l d	ʃ ʌ t ə l d	ʃ ʌ t	ʃ ʌ t	ʃ ʌ t	ʃ ʌ t ə l	0	0	reg_d	reg_d	no_change
model_mean	ə p r iː ʃ iː e ɪ t	ə p r iː ʃ iː e ɪ t ə d	ə p iː ʃ iː ʃ e ɪ t ə d	p r ə n a ʊ n s	p r ə n a ʊ n s t	p r ə n a ʊ n s t	ə p r iː ʃ iː e ɪ t t	0	0	reg_əd	other	reg_t
model_mean	s m uː ð	s m uː ð d	s m uː ð d	s m ɛ l	s m ɛ l d	s m ɛ l d	s m uː ð d	1	1	reg_d	reg_d	reg_d
model_mean	s t ɛ r	s t ɛ r d	s t ɛ r d	s t ɛ m	s t ɛ m d	s t ɛ m d	s t ɛ r d	1	1	reg_d	reg_d	reg_d
model_mean	k ɑː s t uː m	k ɑː s t uː m d	k ɑː s t uː m d	k ɑː s t	k ɑː s t	k ɑː s t	k ɑː s t uː m	0	0	reg_d	reg_d	no_change
model_mean	ɡ uː f	ɡ uː f t	ɡ uː f t	ɡ ɪ v	ɡ e ɪ v	ɡ e ɪ v	NA	0	0	reg_t	reg_t	vowel_change
model_mean	d r a ʊ n	d r a ʊ n d	d r a ʊ n d	d r a ɪ	d r a ɪ d	d r a ɪ d	d r a ʊ n d	1	1	reg_d	reg_d	reg_d
model_mean	n ɹ̩ s	n ɹ̩ s t	n ɹ̩ s t	n ɔ	n ɔ d	n ɔ d	n ɹ̩ s d	0	0	reg_t	reg_t	reg_d
model_mean	k r a ɪ	k r a ɪ d	k r a ɪ d	k r a ʊ d	k r a ʊ d ə d	k r a ʊ d ə d	k r a ɪ ə d	0	0	reg_d	reg_d	reg_əd
model_mean	iː v ɪ n	iː v ɪ n d	iː v ɪ n d	r iː m uː v	r iː m uː v d	r iː m uː v d	iː v ɪ n d	1	1	reg_d	reg_d	reg_d
model_mean	m a ɪ n	m a ɪ n d	m a ɪ n d	m a ʊ ð	m a ʊ ð d	m a ʊ ð d	m a ɪ n d	1	1	reg_d	reg_d	reg_d
model_mean	b ɪ ɡ ɪ n	b ɪ ɡ æ n	b ɪ ɡ e ɪ n	b l e ɪ m	b l e ɪ m d	b l e ɪ m d	b ɪ ɡ ɪ n d	0	0	vowel_change	vowel_change	reg_d
model_mean	s p æ ŋ k	s p æ ŋ k t	s p æ ŋ k t	s p a ɪ s	s p a ɪ s t	s p a ɪ s t	s p æ ŋ k t	1	1	reg_t	reg_t	reg_t
model_mean	t͡ʃ ɪ p	t͡ʃ ɪ p t	t͡ʃ ɪ p t	t͡ʃ a ɪ m	t͡ʃ a ɪ m d	t͡ʃ a ɪ m d	t͡ʃ ɪ p d	0	0	reg_t	reg_t	reg_d
model_mean	s p iː k	s p o ʊ k	s p iː k t	s p iː d	s p iː d ə d	s p ɛ d	s p iː k ə d	0	0	vowel_change	reg_t	reg_əd
model_mean	s w ɪ t͡ʃ	s w ɪ t͡ʃ t	s w ɪ t͡ʃ t	s w ɛ t	s w ɛ t ə d	s w ɛ t ə d	s w ɪ t͡ʃ ə d	0	0	reg_t	reg_t	reg_əd
model_mean	f a ɪ ɹ̩	f a ɪ ɹ̩ d	f a ɪ ɹ̩ d	f a ɪ l	f a ɪ l d	f a ɪ l d	f a ɪ ɹ̩ d	1	1	reg_d	reg_d	reg_d
model_mean	b ɪ l	b ɪ l d	b ɪ l d	b ɔ l	b ɔ l d	b ɔ l d	b ɪ l d	1	1	reg_d	reg_d	reg_d
model_mean	r iː m a ɪ n d	r iː m a ɪ n d ə d	r iː m a ɪ n d ə d	r iː m uː v	r iː m uː v d	r iː m uː v d	r iː m a ɪ n d d	0	0	reg_əd	reg_əd	reg_d
model_mean	s iː d	s iː d ə d	s iː d ə d	s iː r	s iː r d	s iː r d	s iː d d	0	0	reg_əd	reg_əd	reg_d
model_mean	w e ɪ v	w e ɪ v d	w e ɪ v d	w e ɪ t	w e ɪ t ə d	w e ɪ t ə d	w e ɪ v ə d	0	0	reg_d	reg_d	reg_əd
model_mean	b l uː m	b l uː m d	b l uː m d	b uː m	b uː m d	b uː m d	b l uː m d	1	1	reg_d	reg_d	reg_d
model_mean	s t ɪ ŋ	s t ʌ ŋ	s t ɪ ŋ	s t ɪ l	s t ɪ l d	s t ɪ l d	s t ɪ ŋ d	0	0	vowel_change	no_change	reg_d
model_mean	ə r a ɪ v	ə r a ɪ v d	ə r a ɪ v d	ə r e ɪ n d͡ʒ	ə r e ɪ n d͡ʒ d	ə r e ɪ n d͡ʒ d	ə r a ɪ v d	1	1	reg_d	reg_d	reg_d
model_mean	b l ɛ s	b l ɛ s t	b l ɛ s t	b l iː t͡ʃ	b l iː t͡ʃ t	b l iː t͡ʃ t	b l ɛ s t	1	1	reg_t	reg_t	reg_t
model_mean	ə r ɛ s t	ə r ɛ s t ə d	ə r ɛ s t ə d	r ə s iː v	r ə s iː v d	r ə s iː v d	ə r ɛ s t d	0	0	reg_əd	reg_əd	reg_d
model_mean	s p ɪ n	s p ʌ n	s p ɪ n d	s p ɪ t	s p ɪ t ə d	s p æ t	s p ɪ n ə d	0	0	vowel_change	reg_d	reg_əd
model_mean	k ə m p iː t	k ə m p iː t ə d	k ə m p iː t ə d	k ə m p l iː t	k ə m p l iː t ə d	k ə m p l iː t ə d	k ə m p iː t ə d	1	1	reg_əd	reg_əd	reg_əd
model_mean	t r e ɪ n	t r e ɪ n d	t r e ɪ n d	t r e ɪ d	t r e ɪ d ə d	t r e ɪ d ə d	t r e ɪ n ə d	0	0	reg_d	reg_d	reg_əd
model_mean	p æ s	p æ s t	p æ s t	p æ k	p æ k t	p æ k t	p æ s t	1	1	reg_t	reg_t	reg_t
model_mean	s ɪ ŋ k	s æ ŋ k	s ɪ ŋ k t	s ɪ ŋ	s ɪ ŋ d	s æ ŋ	s ɪ ŋ k d	0	0	vowel_change	reg_t	reg_d
model_mean	l uː p	l uː p t	l uː p t	l uː s	l uː s t	l uː s t	l uː p t	1	1	reg_t	reg_t	reg_t
model_mean	s ə l ɛ k t	s ə l ɛ k t ə d	s ə l ɛ k t ə d	s ə d͡ʒ ɛ s t	s ə d͡ʒ ɛ s t ə d	s ə d͡ʒ ɛ s t ə d	s ə l ɛ k t ə d	1	1	reg_əd	reg_əd	reg_əd
model_mean	r ɪ ŋ	r æ ŋ	r ɪ ŋ	r ɔ ŋ	r ɔ ŋ d	r ɔ ŋ d	r ɪ ŋ d	0	0	vowel_change	no_change	reg_d
model_mean	m e ɪ l	m e ɪ l d	m e ɪ l d	m e ɪ t	m e ɪ t ə d	m e ɪ t ə d	m e ɪ l ə d	0	0	reg_d	reg_d	reg_əd
model_mean	p æ t	p æ t ə d	p æ t ə d	p æ d	p æ d ə d	p æ d ə d	p æ t ə d	1	1	reg_əd	reg_əd	reg_əd
model_mean	k ɪ d	k ɪ d ə d	k ɪ d	k ɪ s	k ɪ s t	k ɪ s t	k ɪ d t	0	0	reg_əd	no_change	reg_t
model_mean	p ɑː r d ə n	p ɑː r d ə n d	p ɑː r d ə n d	p ɑː r t iː	p ɑː r t iː d	p ɑː r t iː d	p ɑː r d ə n d	1	1	reg_d	reg_d	reg_d
model_mean	s t iː r	s t iː r d	s t iː r d	s t iː l	s t iː l d	s t o ʊ l	s t iː r d	1	1	reg_d	reg_d	reg_d
model_mean	f o ʊ l d	f o ʊ l d ə d	f o ʊ l d ə d	f o ʊ n	f o ʊ n d	f o ʊ n d	f o ʊ l d d	0	0	reg_əd	reg_əd	reg_d
model_mean	s n iː k	s n iː k t	s n iː k t	s n iː z	s n iː z d	s n iː z d	s n iː k d	0	0	reg_t	reg_t	reg_d
model_mean	b e ɪ l	b e ɪ l d	b e ɪ l d	b e ɪ ð	b e ɪ ð d	b e ɪ ð d	b e ɪ l d	1	1	reg_d	reg_d	reg_d
model_mean	b ɛ t ɹ̩	b ɛ t ɹ̩ d	b ɛ t ɹ̩ d	b ɛ l t	b ɛ l t ə d	b ɛ l t ə d	b ɛ t ɹ̩ ə d	0	0	reg_d	reg_d	reg_əd
model_mean	ɡ ɑː r b ə l	ɡ ɑː r b ə l d	ɡ ɑː r b ə l d	ɡ ɑː r d	ɡ ɑː r d ə d	ɡ ɑː r d ə d	ɡ ɑː r b ə l ə d	0	0	reg_d	reg_d	reg_əd
model_mean	s k w ɹ̩ t	s k w ɹ̩ t ə d	s k w ɹ̩ t ə d	s k w ɛ r	s k w ɛ r d	s k w ɛ r d	s k w ɹ̩ t d	0	0	reg_əd	reg_əd	reg_d
model_mean	b ɑː k s	b ɑː k s t	b ɑː k s t	b ɑː r k	b ɑː r k t	b ɑː r k t	b ɑː k s t	1	1	reg_t	reg_t	reg_t
model_mean	s iː l	s iː l d	s iː l d	s iː r	s iː r d	s iː r d	s iː l d	1	1	reg_d	reg_d	reg_d
model_mean	s p r ɛ d	s p r ɛ d	s p r ɛ d ə d	s p r a ʊ t	s p r a ʊ t ə d	s p r a ʊ t ə d	s p r ɛ d ə d	1	0	no_change	reg_əd	reg_əd
model_mean	p r ɑː m ə s	p r ɑː m ə s t	p r ɑː m ə s t	p r ɑː d͡ʒ ɛ k t	p r ɑː d͡ʒ ɛ k t ə d	p r ɑː d͡ʒ ɛ k t ə d	p r ɑː m ə s ə d	0	0	reg_t	reg_t	reg_əd
model_mean	b iː t	b iː t	b iː t ə d	b iː d	b iː d ə d	b iː d ə d	b iː t ə d	1	0	no_change	reg_əd	reg_əd
model_mean	h ɪ p n ə t a ɪ z	h ɪ p n ə t a ɪ z d	h ɪ t ə t a ɪ d	p ɪ n t͡ʃ	p ɪ n t͡ʃ t	p ɪ n t͡ʃ t	h ɪ p n ə t a ɪ z t	0	0	reg_d	other	reg_t
model_mean	s l æ p	s l æ p t	s l æ p t	s l iː p	s l ɛ p t	s l ɛ p t	NA	0	0	reg_t	reg_t	vowel_change_suffix
model_mean	b ɛ s t	b ɛ s t ə d	b ɛ s t ə d	b ɛ l t	b ɛ l t ə d	b ɛ l t ə d	b ɛ s t ə d	1	1	reg_əd	reg_əd	reg_əd
model_mean	s t æ ɡ ɹ̩	s t æ ɡ ɹ̩ d	s t æ ɡ ɹ̩ d	s t æ n d	s t æ n d ə d	s t ʊ d	s t æ ɡ ɹ̩ ə d	0	0	reg_d	reg_d	reg_əd
model_mean	z æ p	z æ p t	z æ p t	z ɪ p ɹ̩	z ɪ p ɹ̩ d	z ɪ p ɹ̩ d	z æ p d	0	0	reg_t	reg_t	reg_d
model_mean	ə p s ɛ t	ə p s ɛ t	ə p s ɛ t ə d	ə p r o ʊ t͡ʃ	ə p r o ʊ t͡ʃ t	ə p r o ʊ t͡ʃ t	ə p s ɛ t t	0	0	no_change	reg_əd	reg_t
model_mean	r ɛ s t	r ɛ s t ə d	r ɛ s t ə d	r ɛ n t	r ɛ n t ə d	r ɛ n t ə d	r ɛ s t ə d	1	1	reg_əd	reg_əd	reg_əd
model_mean	s p l æ ʃ	s p l æ ʃ t	s p l æ ʃ t	s p l a ɪ s	s p l a ɪ s t	s p l a ɪ s t	s p l æ ʃ t	1	1	reg_t	reg_t	reg_t
model_mean	l a ɪ n	l a ɪ n d	l a ɪ n d	l a ɪ v	l a ɪ v d	l a ɪ v d	l a ɪ n d	1	1	reg_d	reg_d	reg_d
model_mean	ə n d uː	ə n d ɪ d	ə n d uː d	ə n ɔ ɪ	ə n ɔ ɪ d	ə n ɔ ɪ d	ə n d uː d	1	0	vowel_change_suffix	reg_d	reg_d
model_mean	p ɛ n	p ɛ n d	p ɛ n d	p ɛ t	p ɛ t	p ɛ t ə d	p ɛ n	0	0	reg_d	reg_d	no_change
model_mean	ɛ d ə t	ɛ d ə t ə d	ɛ d ə t ə d	ɛ n d	ɛ n d ə d	ɛ n d ə d	ɛ d ə t ə d	1	1	reg_əd	reg_əd	reg_əd
model_mean	ɪ k s p l ɔ r	ɪ k s p l ɔ r d	ɪ k s p l ɔ r d	ɪ k s p l e ɪ n	ɪ k s p l e ɪ n d	ɪ k s p l e ɪ n d	ɪ k s p l ɔ r d	1	1	reg_d	reg_d	reg_d
model_mean	ə s uː m	ə s uː m d	ə s uː m d	ə t æ t͡ʃ	ə t æ t͡ʃ t	ə t æ t͡ʃ t	ə s uː m t	0	0	reg_d	reg_d	reg_t
model_mean	s p r e ɪ	s p r e ɪ d	s p r e ɪ d	s p r a ʊ t	s p r a ʊ t ə d	s p r a ʊ t ə d	s p r e ɪ ə d	0	0	reg_d	reg_d	reg_əd
model_mean	l o ʊ ɹ̩	l o ʊ ɹ̩ d	l o ʊ ɹ̩ d	l o ʊ d	l o ʊ d ə d	l o ʊ d ə d	l o ʊ ɹ̩ ə d	0	0	reg_d	reg_d	reg_əd
model_mean	d æ m	d æ m d	d æ m d	d æ ʃ	d æ ʃ t	d æ ʃ t	d æ m t	0	0	reg_d	reg_d	reg_t
model_mean	r ʌ ʃ	r ʌ ʃ t	r ʌ ʃ t	r ʌ f	r ʌ f t	r ʌ f t	r ʌ ʃ t	1	1	reg_t	reg_t	reg_t
model_mean	p l ʌ ɡ	p l ʌ ɡ d	p l ʌ ɡ d	p l ʌ n d͡ʒ	p l ʌ n d͡ʒ d	p l ʌ n d͡ʒ d	p l ʌ ɡ d	1	1	reg_d	reg_d	reg_d
model_mean	ə d m ɪ t	ə d m ɪ t ə d	ə d m ɪ t ə d	ə d r ɛ s	ə d r ɛ s t	ə d r ɛ s t	ə d m ɪ t t	0	0	reg_əd	reg_əd	reg_t
model_mean	ə n t a ɪ	ə n t a ɪ d	ə n t a ɪ d	ə n ɔ ɪ	ə n ɔ ɪ d	ə n ɔ ɪ d	ə n t a ɪ d	1	1	reg_d	reg_d	reg_d
model_mean	b ʌ k ə l	b ʌ k ə l d	b ʌ k ə l d	b ʌ s t	b ʌ s t ə d	b ʌ s t ə d	b ʌ k ə l ə d	0	0	reg_d	reg_d	reg_əd
model_mean	s w uː ʃ	s w uː ʃ t	s w uː ʃ t	s w ɛ t	s w ɛ t ə d	s w ɛ t ə d	s w uː ʃ ə d	0	0	reg_t	reg_t	reg_əd
model_mean	ə r a ɪ z	ə r o ʊ z	ə r a ɪ z d	ə r e ɪ n d͡ʒ	ə r e ɪ n d͡ʒ d	ə r e ɪ n d͡ʒ d	ə r a ɪ z d	1	0	vowel_change	reg_d	reg_d
model_mean	s o ʊ k	s o ʊ k t	s o ʊ k t	s o ʊ	s o ʊ d	s o ʊ d	s o ʊ k d	0	0	reg_t	reg_t	reg_d
model_mean	t r æ p	t r æ p t	t r æ p t	t r æ k	t r æ k t	t r æ k t	t r æ p t	1	1	reg_t	reg_t	reg_t
model_mean	p a ɪ l	p a ɪ l d	p a ɪ l d	p r a ɪ	p r a ɪ d	p r a ɪ d	p a ɪ l d	1	1	reg_d	reg_d	reg_d
model_mean	ɪ k s p l o ʊ d	ɪ k s p l o ʊ d ə d	ɪ k s p l o ʊ d ə d	ɪ k s p l e ɪ n	ɪ k s p l e ɪ n d	ɪ k s p l e ɪ n d	ɪ k s p l o ʊ d d	0	0	reg_əd	reg_əd	reg_d
model_mean	b ɔ ɪ l	b ɔ ɪ l d	b ɔ ɪ l d	b ɔ l	b ɔ l d	b ɔ l d	b ɔ ɪ l d	1	1	reg_d	reg_d	reg_d
model_mean	k ə n s ɪ d ɹ̩	k ə n s ɪ d ɹ̩ d	k ə n s ɪ n d	k ə n k l uː d	k ə n k l uː d ə d	k ə n k l uː d ə d	k ə n s ɪ d ɹ̩ ə d	0	0	reg_d	other	reg_əd
model_mean	s k a ʊ l	s k a ʊ l d	s k a ʊ l d	s k uː l	s k uː l d	s k uː l d	s k a ʊ l d	1	1	reg_d	reg_d	reg_d
model_mean	ɪ ɡ z ɔ s t	ɪ ɡ z ɔ s t ə d	ɪ ɡ z ɔ s t ə d	ɪ ɡ z ɪ s t	ɪ ɡ z ɪ s t ə d	ɪ ɡ z ɪ s t ə d	ɪ ɡ z ɔ s t ə d	1	1	reg_əd	reg_əd	reg_əd
model_mean	s uː p ɹ̩ v a ɪ z	s uː p ɹ̩ v a ɪ z d	s uː v ɹ̩ v a ɪ z d	s ɹ̩ p r a ɪ z	s ɹ̩ p r a ɪ z d	s ɹ̩ p r a ɪ z d	s uː p ɹ̩ v a ɪ z d	0	1	reg_d	other	reg_d
model_mean	d æ ŋ ɡ ə l	d æ ŋ ɡ ə l d	d æ ŋ ɡ ə l d	d r æ ɡ	d r æ ɡ d	d r æ ɡ d	d æ ŋ ɡ ə l d	1	1	reg_d	reg_d	reg_d
model_mean	d͡ʒ ɪ m iː	d͡ʒ ɪ m iː d	d͡ʒ ɪ m iː d	d͡ʒ ʌ m p	d͡ʒ ʌ m p t	d͡ʒ ʌ m p t	d͡ʒ ɪ m iː t	0	0	reg_d	reg_d	reg_t
model_mean	t r ʌ b ə l	t r ʌ b ə l d	t r ʌ b ə l d	t r ʌ m p	t r ʌ m p t	t r ʌ m p t	t r ʌ b ə l t	0	0	reg_d	reg_d	reg_t
model_mean	p e ɪ d͡ʒ	p e ɪ d͡ʒ d	p e ɪ d͡ʒ d	p e ɪ n t	p e ɪ n t ə d	p e ɪ n t ə d	p e ɪ d͡ʒ ə d	0	0	reg_d	reg_d	reg_əd
model_mean	t a ʊ ɹ̩	t a ʊ ɹ̩ d	t a ʊ ɹ̩ d	t a ɪ ɹ̩	t a ɪ ɹ̩ d	t a ɪ ɹ̩ d	t a ʊ ɹ̩ d	1	1	reg_d	reg_d	reg_d
model_mean	f ɛ n s	f ɛ n s t	f ɛ n s t	f ɛ t͡ʃ	f ɛ t͡ʃ t	f ɛ t͡ʃ t	f ɛ n s t	1	1	reg_t	reg_t	reg_t
model_mean	d ɛ r	d ɛ r d	d ɛ r d	d w ɛ l	d w ɛ l d	d w ɛ l d	d ɛ r d	1	1	reg_d	reg_d	reg_d
model_mean	b l iː d	b l ɛ d	b l iː d ə d	b l iː t͡ʃ	b l iː t͡ʃ t	b l iː t͡ʃ t	b l iː d t	0	0	vowel_change	reg_əd	reg_t
model_mean	ɛ n t ɹ̩	ɛ n t ɹ̩ d	ɛ n t ɹ̩ d	ɛ n d	ɛ n d ə d	ɛ n d ə d	ɛ n t ɹ̩ ə d	0	0	reg_d	reg_d	reg_əd
model_mean	m e ɪ n t e ɪ n	m e ɪ n t e ɪ n d	m e ɪ n t e ɪ n d	m e ɪ t	m e ɪ t ə d	m e ɪ t ə d	m e ɪ n t e ɪ n ə d	0	0	reg_d	reg_d	reg_əd
model_mean	f ɛ r	f ɛ r d	f ɛ r d	f ɛ t͡ʃ	f ɛ t͡ʃ t	f ɛ t͡ʃ t	f ɛ r t	0	0	reg_d	reg_d	reg_t
model_mean	d ɪ p	d ɪ p t	d ɪ p t	d ɪ ʃ	d ɪ ʃ t	d ɪ ʃ t	d ɪ p t	1	1	reg_t	reg_t	reg_t
model_mean	j ɔ n	j ɔ n d	j ɔ n d	j ɛ l	j ɛ l d	j ɛ l d	j ɔ n d	1	1	reg_d	reg_d	reg_d
model_mean	ʃ ʊ ɡ ɹ̩	ʃ ʊ ɡ ɹ̩ d	ʃ ʊ ɡ ɹ̩ d	ʃ a ɪ n	ʃ a ɪ n d	ʃ a ɪ n d	ʃ ʊ ɡ ɹ̩ d	1	1	reg_d	reg_d	reg_d
model_mean	d r ɪ f t	d r ɪ f t ə d	d r æ f t ə d	d r ɪ ŋ k	d r æ ŋ k	d r æ ŋ k	NA	0	0	reg_əd	other	vowel_change
model_mean	ɪ n s p a ɪ ɹ̩	ɪ n s p a ɪ ɹ̩ d	ɪ n s p a ɪ n d	ɪ n s t r ʌ k t	ɪ n s t r ʌ k t ə d	ɪ n s t r ʌ k t ə d	ɪ n s p a ɪ ɹ̩ ə d	0	0	reg_d	rhyme_replaced	reg_əd
model_mean	m ɛ n ʃ ə n	m ɛ n ʃ ə n d	m ɛ n ʃ ə n d	m ɛ n d	m ɛ n d ə d	m ɛ n d ə d	m ɛ n ʃ ə n ə d	0	0	reg_d	reg_d	reg_əd
model_mean	s l ɪ p	s l ɪ p t	s l ɪ p t	s l iː p	s l ɛ p t	s l ɛ p t	NA	0	0	reg_t	reg_t	vowel_change_suffix
model_mean	s k ɪ p	s k ɪ p t	s k ɪ p t	s k ɪ m	s k ɪ m d	s k ɪ m d	s k ɪ p d	0	0	reg_t	reg_t	reg_d
model_mean	m ə n ɪ p j ə l e ɪ t	m ə n ɪ p j ə l e ɪ t ə d	m ɪ p ə l d	ə n p l ʌ ɡ	ə n p l ʌ ɡ d	ə n p l ʌ ɡ d	m ə n ɪ p j ə l e ɪ t d	0	0	reg_əd	other	reg_d
model_mean	s æ k	s æ k t	s æ k t	s ɪ p	s ɪ p t	s ɪ p t	s æ k t	1	1	reg_t	reg_t	reg_t
model_mean	ɪ n s p ɛ k t	ɪ n s p ɛ k t ə d	ɪ n s p ɛ k t ə d	ɪ n s t r ʌ k t	ɪ n s t r ʌ k t ə d	ɪ n s t r ʌ k t ə d	ɪ n s p ɛ k t ə d	1	1	reg_əd	reg_əd	reg_əd
model_mean	s æ k r ə f a ɪ s	s æ k r ə f a ɪ s t	s æ k r ə f a ɪ s t	s k æ l ə p	s k æ l ə p t	s k æ l ə p t	s æ k r ə f a ɪ s t	1	1	reg_t	reg_t	reg_t
model_mean	t æ p	t æ p t	t æ p t	t æ ɡ	t æ ɡ d	t æ ɡ d	t æ p d	0	0	reg_t	reg_t	reg_d
model_mean	h ɔ l	h ɔ l d	h ɔ l d	h ɔ k	h ɔ k t	h ɔ k t	h ɔ l t	0	0	reg_d	reg_d	reg_t
model_mean	s k a ʊ t	s k a ʊ t ə d	s k a ʊ t ə d	s k e ɪ t	s k e ɪ t ə d	s k e ɪ t ə d	s k a ʊ t ə d	1	1	reg_əd	reg_əd	reg_əd
model_mean	p ɑː k ə t	p ɑː k ə t ə d	p ɑː k ə t ə d	p ɑː r k	p ɑː r k t	p ɑː r k t	p ɑː k ə t t	0	0	reg_əd	reg_əd	reg_t
model_mean	h a ʊ l	h a ʊ l d	h a ʊ l d	h a ʊ z	h a ʊ z d	h a ʊ z d	h a ʊ l d	1	1	reg_d	reg_d	reg_d
model_mean	d ɔ n	d ɔ n d	d ɔ n d	d ɔ ɡ	d ɔ ɡ d	d ɔ ɡ d	d ɔ n d	1	1	reg_d	reg_d	reg_d
model_mean	t æ ŋ ɡ ə l	t æ ŋ ɡ ə l d	t æ ŋ ɡ ə l d	t r æ v ə l	t r æ v ə l d	t r æ v ə l d	t æ ŋ ɡ ə l d	1	1	reg_d	reg_d	reg_d
model_mean	ɡ a ɪ d	ɡ a ɪ d ə d	ɡ a ɪ d ə d	ɡ ɪ v	ɡ e ɪ v	ɡ e ɪ v	NA	0	0	reg_əd	reg_əd	vowel_change
model_mean	θ ʌ n d ɹ̩	θ ʌ n d ɹ̩ d	θ ʌ n d ɹ̩ d	θ ʌ m p	θ ʌ m p t	θ ʌ m p t	θ ʌ n d ɹ̩ t	0	0	reg_d	reg_d	reg_t
model_mean	r a ʊ n d	r a ʊ n d ə d	r a ʊ n d ə d	r a ɪ d	r o ʊ d	r o ʊ d	NA	0	0	reg_əd	reg_əd	vowel_change
model_mean	æ b d ʌ k t	æ b d ʌ k t ə d	æ b ʌ k ʌ t ə d	b æ t ɹ̩	b æ t ɹ̩ d	b æ t ɹ̩ d	æ b d ʌ k t d	0	0	reg_əd	other	reg_d
model_mean	ɡ ʌ m	ɡ ʌ m d	ɡ ʌ m d	ɡ ʌ n	ɡ ʌ n d	ɡ ʌ n d	ɡ ʌ m d	1	1	reg_d	reg_d	reg_d
model_mean	l ɛ k t͡ʃ ɹ̩	l ɛ k t͡ʃ ɹ̩ d	l ɛ k t͡ʃ ɹ̩ d	l ɛ n d	l ɛ n d ə d	l ɛ n t	l ɛ k t͡ʃ ɹ̩ ə d	0	0	reg_d	reg_d	reg_əd
model_mean	d r ɪ b ə l	d r ɪ b ə l d	d r ɪ b ə l d	d r ɪ ŋ k	d r æ ŋ k	d r æ ŋ k	NA	0	0	reg_d	reg_d	vowel_change
model_mean	d ʌ s t	d ʌ s t ə d	d ʌ s t ə d	d ʌ m p	d ʌ m p t	d ʌ m p t	d ʌ s t t	0	0	reg_əd	reg_əd	reg_t
model_mean	d͡ʒ æ m	d͡ʒ æ m d	d͡ʒ æ m d	d͡ʒ æ k	d͡ʒ æ k t	d͡ʒ æ k t	d͡ʒ æ m t	0	0	reg_d	reg_d	reg_t
model_mean	t͡ʃ æ n ə l	t͡ʃ æ n ə l d	t͡ʃ æ n ə l d	t͡ʃ a ɪ m	t͡ʃ a ɪ m d	t͡ʃ a ɪ m d	t͡ʃ æ n ə l d	1	1	reg_d	reg_d	reg_d
model_mean	d r e ɪ n	d r e ɪ n d	d r e ɪ n d	d r e ɪ p	d r e ɪ p t	d r e ɪ p t	d r e ɪ n t	0	0	reg_d	reg_d	reg_t
model_mean	w uː n d	w uː n d ə d	w uː n d ə d	w a ɪ t	w a ɪ t ə d	w a ɪ t ə d	w uː n d ə d	1	1	reg_əd	reg_əd	reg_əd
model_mean	t e ɪ l	t e ɪ l d	t e ɪ l d	t e ɪ m	t e ɪ m d	t e ɪ m d	t e ɪ l d	1	1	reg_d	reg_d	reg_d
model_mean	s l o ʊ	s l o ʊ d	s l o ʊ d	s o ʊ	s o ʊ d	s o ʊ d	s l o ʊ d	1	1	reg_d	reg_d	reg_d
model_mean	s t ɪ ŋ k	s t ʌ ŋ k	s t ɪ ŋ k t	s t ɪ l	s t ɪ l d	s t ɪ l d	s t ɪ ŋ k d	0	0	vowel_change	reg_t	reg_d
model_mean	f iː l d	f iː l d ə d	f iː l d ə d	f iː l	f iː l d	f ɛ l t	f iː l d d	0	0	reg_əd	reg_əd	reg_d
model_mean	s p a ɪ	s p a ɪ d	s p a ɪ d	s p a ɪ s	s p a ɪ s t	s p a ɪ s t	s p a ɪ t	0	0	reg_d	reg_d	reg_t
model_mean	s ɪ ɡ n ə l	s ɪ ɡ n ə l d	s ɪ ɡ n ə l d	s a ɪ n	s a ɪ n d	s a ɪ n d	s ɪ ɡ n ə l d	1	1	reg_d	reg_d	reg_d
model_mean	ɛ n k ɹ̩ ɪ d͡ʒ	ɛ n k ɹ̩ ɪ d͡ʒ d	ɛ n k ɹ̩ ɪ d͡ʒ d	ɛ n d͡ʒ ɔ ɪ	ɛ n d͡ʒ ɔ ɪ d	ɛ n d͡ʒ ɔ ɪ d	ɛ n k ɹ̩ ɪ d͡ʒ d	1	1	reg_d	reg_d	reg_d
model_mean	s æ n ɪ t a ɪ z	s æ n ɪ t a ɪ z d	s æ n t a ɪ z ɪ d	æ n s ɹ̩	æ n s ɹ̩ d	æ n s ɹ̩ d	s æ n ɪ t a ɪ z d	0	1	reg_d	other	reg_d
model_mean	f r a ɪ t ə n	f r a ɪ t ə n d	f r a ɪ t ə n d	f r ɔ s t	f r ɔ s t ə d	f r ɔ s t ə d	f r a ɪ t ə n ə d	0	0	reg_d	reg_d	reg_əd
model_mean	o ʊ v ɹ̩ k ə m	o ʊ v ɹ̩ k e ɪ m	o ʊ v ɹ̩ k ə m d	o ʊ v ɹ̩ s t e ɪ	o ʊ v ɹ̩ s t e ɪ d	o ʊ v ɹ̩ s t e ɪ d	o ʊ v ɹ̩ k ə m d	1	0	vowel_change	reg_d	reg_d
model_mean	p ɛ p ɹ̩	p ɛ p ɹ̩ d	p ɛ p ɹ̩ d	p ɛ t	p ɛ t	p ɛ t ə d	p ɛ p ɹ̩	0	0	reg_d	reg_d	no_change
model_mean	b ʌ d͡ʒ	b ʌ d͡ʒ d	b ʌ d͡ʒ d	b ʌ ɡ	b ʌ ɡ d	b ʌ ɡ d	b ʌ d͡ʒ d	1	1	reg_d	reg_d	reg_d
model_mean	ɡ l ɛ r	ɡ l ɛ r d	ɡ l ɛ r d	ɡ l uː	ɡ l uː d	ɡ l uː d	ɡ l ɛ r d	1	1	reg_d	reg_d	reg_d
model_mean	ə f ɔ r d	ə f ɔ r d ə d	ə f ɔ r d ə d	ə f ɛ k t	ə f ɛ k t ə d	ə f ɛ k t ə d	ə f ɔ r d ə d	1	1	reg_əd	reg_əd	reg_əd
model_mean	s k o ʊ l d	s k o ʊ l d ə d	s k o ʊ l d ə d	s k ɛ d͡ʒ ʊ l	s k ɛ d͡ʒ ʊ l d	s k ɛ d͡ʒ ʊ l d	s k o ʊ l d d	0	0	reg_əd	reg_əd	reg_d
model_mean	s ɛ n s	s ɛ n s t	s ɛ n s t	s ɛ n d	s ɛ n d ə d	s ɛ n t	s ɛ n s ə d	0	0	reg_t	reg_t	reg_əd
model_mean	ɛ m f ə s a ɪ z	ɛ m f ə s a ɪ z d	ɛ m ɛ s a ɪ d	m ɛ m ɹ̩ a ɪ z	m ɛ m ɹ̩ a ɪ z d	m ɛ m ɹ̩ a ɪ z d	ɛ m f ə s a ɪ z d	0	1	reg_d	other	reg_d
model_mean	l e ɪ b ə l	l e ɪ b ə l d	l e ɪ b ə l d	l e ɪ b ɹ̩	l e ɪ b ɹ̩ d	l e ɪ b ɹ̩ d	l e ɪ b ə l d	1	1	reg_d	reg_d	reg_d
model_mean	b a ʊ	b a ʊ d	b ɔ t	b a ɪ	b ɔ t	b ɔ t	NA	0	0	reg_d	vowel_change_suffix	vowel_change_suffix
model_mean	b ʌ n t͡ʃ	b ʌ n t͡ʃ t	b ʌ n t͡ʃ t	b ʌ ɡ	b ʌ ɡ d	b ʌ ɡ d	b ʌ n t͡ʃ d	0	0	reg_t	reg_t	reg_d
model_mean	t ɛ r ə r a ɪ z	t ɛ r ə r a ɪ z d	t ɛ r ə r a ɪ z d	r ɛ n t͡ʃ	r ɛ n t͡ʃ t	r ɛ n t͡ʃ t	t ɛ r ə r a ɪ z t	0	0	reg_d	reg_d	reg_t
model_mean	ɡ r æ v ə t e ɪ t	ɡ r æ v ə t e ɪ t ə d	ɡ r æ v ə t e ɪ t ə d	æ ɡ r ə v e ɪ t	æ ɡ r ə v e ɪ t ə d	æ ɡ r ə v e ɪ t ə d	ɡ r æ v ə t e ɪ t ə d	1	1	reg_əd	reg_əd	reg_əd
model_mean	b l æ s t	b l æ s t ə d	b l æ s t ə d	b l ɪ s t ɹ̩	b l ɪ s t ɹ̩ d	b l ɪ s t ɹ̩ d	b l æ s t d	0	0	reg_əd	reg_əd	reg_d
model_mean	ɪ n ɪ ʃ ə l	ɪ n ɪ ʃ ə l d	ɪ n ɪ ʃ ə l d	ɪ n ɡ e ɪ d͡ʒ	ɪ n ɡ e ɪ d͡ʒ d	ɪ n ɡ e ɪ d͡ʒ d	ɪ n ɪ ʃ ə l d	1	1	reg_d	reg_d	reg_d
model_mean	s w ɑː p	s w ɑː p t	s w ɑː p t	s w ɑː t	s w ɑː t ə d	s w ɑː t ə d	s w ɑː p ə d	0	0	reg_t	reg_t	reg_əd
model_mean	æ d m a ɪ ɹ̩	æ d m a ɪ ɹ̩ d	æ m a ɪ v ɹ̩ d	æ n s ɹ̩	æ n s ɹ̩ d	æ n s ɹ̩ d	æ d m a ɪ ɹ̩ d	0	1	reg_d	other	reg_d
model_mean	s ə p ɔ r t	s ə p ɔ r t ə d	s ə p ɔ r t ə d	s ə p l a ɪ	s ə p l a ɪ d	s ə p l a ɪ d	s ə p ɔ r t d	0	0	reg_əd	reg_əd	reg_d
model_mean	p æ m p ɹ̩	p æ m p ɹ̩ d	p æ m p ɹ̩ d	p æ d ə l	p æ d ə l d	p æ d ə l d	p æ m p ɹ̩ d	1	1	reg_d	reg_d	reg_d
model_mean	v ɔ ɪ s	v ɔ ɪ s t	v ɔ ɪ s t	v ɪ z ɪ t	v ɪ z ɪ t ə d	v ɪ z ɪ t ə d	v ɔ ɪ s ə d	0	0	reg_t	reg_t	reg_əd
model_mean	s k ɔ r	s k ɔ r d	s k ɔ r d	s k ɛ r	s k ɛ r d	s k ɛ r d	s k ɔ r d	1	1	reg_d	reg_d	reg_d
model_mean	d ɑː k t ɹ̩	d ɑː k t ɹ̩ d	d ɑː k t ɹ̩ d	d ɑː r t	d ɑː r t ə d	d ɑː r t ə d	d ɑː k t ɹ̩ ə d	0	0	reg_d	reg_d	reg_əd
model_mean	r iː v æ m p	r iː v æ m p t	r iː v æ m p t	r iː m uː v	r iː m uː v d	r iː m uː v d	r iː v æ m p d	0	0	reg_t	reg_t	reg_d
model_mean	l iː s	l iː s t	l iː s t	l iː p	l iː p t	l ɛ p t	l iː s t	1	1	reg_t	reg_t	reg_t
model_mean	s ə p r ɛ s	s ə p r ɛ s t	s ə p r ɛ s t	s ə p l a ɪ	s ə p l a ɪ d	s ə p l a ɪ d	s ə p r ɛ s d	0	0	reg_t	reg_t	reg_d
model_mean	ə p o ʊ z	ə p o ʊ z d	ə p o ʊ z d	ə p r o ʊ t͡ʃ	ə p r o ʊ t͡ʃ t	ə p r o ʊ t͡ʃ t	ə p o ʊ z t	0	0	reg_d	reg_d	reg_t
model_mean	f l ɑː p	f l ɑː p t	f l ɑː p t	f l æ p	f l æ p t	f l æ p t	f l ɑː p t	1	1	reg_t	reg_t	reg_t
model_mean	b ʌ m	b ʌ m d	b ʌ m d	b ʌ ɡ	b ʌ ɡ d	b ʌ ɡ d	b ʌ m d	1	1	reg_d	reg_d	reg_d
model_mean	s p ɹ̩ t	s p ɹ̩ t ə d	s p ɹ̩ t ə d	s p uː k	s p uː k t	s p uː k t	s p ɹ̩ t t	0	0	reg_əd	reg_əd	reg_t
model_mean	h uː t	h uː t ə d	h uː t	h ɹ̩ t	h ɹ̩ t	h ɹ̩ t	h uː t	1	0	reg_əd	no_change	no_change
model_mean	p ɹ̩ s	p ɹ̩ s t	p ɹ̩ s t	p ɹ̩ s uː	p ɹ̩ s uː d	p ɹ̩ s uː d	p ɹ̩ s d	0	0	reg_t	reg_t	reg_d
model_mean	k l ʌ b	k l ʌ b d	k l ʌ b d	k l ɪ p	k l ɪ p t	k l ɪ p t	k l ʌ b t	0	0	reg_d	reg_d	reg_t
model_mean	p ɪ t iː	p ɪ t iː d	p ɪ t iː d	p ɪ t	p ɪ t ə d	p ɪ t ə d	p ɪ t iː ə d	0	0	reg_d	reg_d	reg_əd
model_mean	t r æ m p	t r æ m p t	t r æ m p t	t r æ ʃ	t r æ ʃ t	t r æ ʃ t	t r æ m p t	1	1	reg_t	reg_t	reg_t
model_mean	d͡ʒ ɛ n ɹ̩ e ɪ t	d͡ʒ ɛ n ɹ̩ e ɪ t ə d	d͡ʒ ɛ n ɹ̩ e ɪ t ə d	ɛ n d͡ʒ ɔ ɪ	ɛ n d͡ʒ ɔ ɪ d	ɛ n d͡ʒ ɔ ɪ d	d͡ʒ ɛ n ɹ̩ e ɪ t d	0	0	reg_əd	reg_əd	reg_d
model_mean	t æ t ə l	t æ t ə l d	t æ t ə l d	t æ t uː	t æ t uː d	t æ t uː d	t æ t ə l d	1	1	reg_d	reg_d	reg_d
model_mean	f ʌ m b ə l	f ʌ m b ə l d	f ʌ m b ə l d	d͡ʒ ʌ m p	d͡ʒ ʌ m p t	d͡ʒ ʌ m p t	f ʌ m b ə l t	0	0	reg_d	reg_d	reg_t
model_mean	s t æ ʃ	s t æ ʃ t	s t æ ʃ t	s t æ k	s t æ k t	s t æ k t	s t æ ʃ t	1	1	reg_t	reg_t	reg_t
model_mean	ɪ n s ɪ s t	ɪ n s ɪ s t ə d	ɪ n s ɪ s t ə d	ɪ n s t r ʌ k t	ɪ n s t r ʌ k t ə d	ɪ n s t r ʌ k t ə d	ɪ n s ɪ s t ə d	1	1	reg_əd	reg_əd	reg_əd
model_mean	ɪ ɡ z æ m ɪ n	ɪ ɡ z æ m ɪ n d	ɪ ɡ z æ m æ n d	ɪ ɡ z ɪ s t	ɪ ɡ z ɪ s t ə d	ɪ ɡ z ɪ s t ə d	ɪ ɡ z æ m ɪ n ə d	0	0	reg_d	vowel_change_suffix	reg_əd
model_mean	b l ɑː s ə m	b l ɑː s ə m d	b l ɑː s ə m d	b l æ ŋ k ə t	b l æ ŋ k ə t ə d	b l æ ŋ k ə t ə d	b l ɑː s ə m ə d	0	0	reg_d	reg_d	reg_əd
model_mean	r o ʊ p	r o ʊ p t	r o ʊ p t	r o ʊ l	r o ʊ l d	r o ʊ l d	r o ʊ p d	0	0	reg_t	reg_t	reg_d
model_mean	p ɪ ŋ	p ɪ ŋ d	p ɪ ŋ d	p ɪ n	p ɪ n d	p ɪ n d	p ɪ ŋ d	1	1	reg_d	reg_d	reg_d
model_mean	v o ʊ t	v o ʊ t ə d	v o ʊ t ə d	o ʊ	o ʊ d	o ʊ d	v o ʊ t d	0	0	reg_əd	reg_əd	reg_d
model_mean	n iː r	n iː r d	n iː r d	n iː d ə l	n iː d ə l d	n iː d ə l d	n iː r d	1	1	reg_d	reg_d	reg_d
model_mean	t r ʌ s t	t r ʌ s t ə d	t r ʌ s t ə d	t r ʌ m p	t r ʌ m p t	t r ʌ m p t	t r ʌ s t t	0	0	reg_əd	reg_əd	reg_t
model_mean	ɪ n t ɹ̩ s p ɹ̩ s	ɪ n t ɹ̩ s p ɹ̩ s t	ɪ n t ɹ̩ s p ɹ̩ s t ɹ̩ s ɹ̩ n t ɹ̩ s	ɪ n t r ə d uː s	ɪ n t r ə d uː s t	ɪ n t r ə d uː s t	ɪ n t ɹ̩ s p ɹ̩ s t	0	1	reg_t	other	reg_t
model_mean	s w uː p	s w uː p t	s w uː p t	s uː t	s uː t	s uː t ə d	s w uː p	0	0	reg_t	reg_t	no_change
model_mean	d͡ʒ e ɪ l	d͡ʒ e ɪ l d	d͡ʒ e ɪ l d	d͡ʒ ɔ ɪ n	d͡ʒ ɔ ɪ n d	d͡ʒ ɔ ɪ n d	d͡ʒ e ɪ l d	1	1	reg_d	reg_d	reg_d
model_mean	f e ɪ l	f e ɪ l d	f e ɪ l d	f e ɪ k	f e ɪ k t	f e ɪ k t	f e ɪ l t	0	0	reg_d	reg_d	reg_t
model_mean	b ʊ k	b ʊ k t	b ʊ k t	b iː f	b iː f t	b iː f t	b ʊ k t	1	1	reg_t	reg_t	reg_t
model_mean	s ɪ f t	s ɪ f t ə d	s ɪ f t ə d	s ɪ t	s ɪ t	s æ t	s ɪ f t	0	0	reg_əd	reg_əd	no_change
model_mean	k a ʊ t͡ʃ	k a ʊ t͡ʃ t	k a ʊ t͡ʃ t	k uː l	k uː l d	k uː l d	k a ʊ t͡ʃ d	0	0	reg_t	reg_t	reg_d
model_mean	f r ʌ n t	f r ʌ n t ə d	f r ʌ n t ə d	f r ɛ t	f r ɛ t ə d	f r ɛ t ə d	f r ʌ n t ə d	1	1	reg_əd	reg_əd	reg_əd
model_mean	p r ə d uː s	p r ə d uː s t	p r ə d uː s t	p r ə s iː d	p r ə s iː d ə d	p r ə s iː d ə d	p r ə d uː s ə d	0	0	reg_t	reg_t	reg_əd
model_mean	ʃ e ɪ d	ʃ e ɪ d ə d	ʃ e ɪ d ə d	ʃ e ɪ v	ʃ e ɪ v d	ʃ e ɪ v d	ʃ e ɪ d d	0	0	reg_əd	reg_əd	reg_d
model_mean	d r ɛ n t͡ʃ	d r ɛ n t͡ʃ t	d r ɛ n t͡ʃ t	d r ɑː p	d r ɑː p t	d r ɑː p t	d r ɛ n t͡ʃ t	1	1	reg_t	reg_t	reg_t
model_mean	s p l æ t ɹ̩	s p l æ t ɹ̩ d	s p l æ t ɹ̩ d	s p l a ɪ s	s p l a ɪ s t	s p l a ɪ s t	s p l æ t ɹ̩ t	0	0	reg_d	reg_d	reg_t
model_mean	r iː v j uː	r iː v j uː d	r iː v j uː d	r iː m uː v	r iː m uː v d	r iː m uː v d	r iː v j uː d	1	1	reg_d	reg_d	reg_d
model_mean	b ɔ r	b ɔ r d	b ɔ r d	b ɔ l	b ɔ l d	b ɔ l d	b ɔ r d	1	1	reg_d	reg_d	reg_d
model_mean	s iː t	s iː t ə d	s iː t	s iː r	s iː r d	s iː r d	s iː t d	0	0	reg_əd	no_change	reg_d
model_mean	b ɛ d	b ɛ d ə d	b ɛ d ə d	b ɛ r	b ɛ r d	b o ʊ r	b ɛ d d	0	0	reg_əd	reg_əd	reg_d
model_mean	ə n s iː t	ə n s iː t ə d	ə n s iː t ə d	ə n r æ p	ə n r æ p t	ə n r æ p t	ə n s iː t t	0	0	reg_əd	reg_əd	reg_t
model_mean	m ʌ f ə l	m ʌ f ə l d	m ʌ f ə l d	m ʌ n t͡ʃ	m ʌ n t͡ʃ t	m ʌ n t͡ʃ t	m ʌ f ə l t	0	0	reg_d	reg_d	reg_t
model_mean	s t ʌ m p	s t ʌ m p t	s t ʌ m p t	s t ʌ n t	s t ʌ n t ə d	s t ʌ n t ə d	s t ʌ m p ə d	0	0	reg_t	reg_t	reg_əd
model_mean	t r æ n s p l æ n t	t r æ n s p l æ n t ə d	t s p l æ l æ n d	t r æ n s f ɔ r m	t r æ n s f ɔ r m d	t r æ n s f ɔ r m d	t r æ n s p l æ n t d	0	0	reg_əd	other	reg_d
model_mean	v ɪ ʒ w ə l a ɪ z	v ɪ ʒ w ə l a ɪ z d	v ə l ə l a ɪ d	v ɪ z ɪ t	v ɪ z ɪ t ə d	v ɪ z ɪ t ə d	v ɪ ʒ w ə l a ɪ z ə d	0	0	reg_d	other	reg_əd
model_mean	ɡ æ l ə p	ɡ æ l ə p t	ɡ æ l ə p t	ɡ æ s p	ɡ æ s p t	ɡ æ s p t	ɡ æ l ə p t	1	1	reg_t	reg_t	reg_t
model_mean	s ʌ l iː	s ʌ l iː d	s ʌ l iː d	s l iː p	s l ɛ p t	s l ɛ p t	NA	0	0	reg_d	reg_d	vowel_change_suffix
model_mean	ə n f o ʊ l d	ə n f o ʊ l d ə d	ə n f o ʊ n d ə d	ə n l o ʊ d	ə n l o ʊ d ə d	ə n l o ʊ d ə d	ə n f o ʊ l d ə d	0	1	reg_əd	other	reg_əd
model_mean	w iː	w iː d	w iː d	w iː v	w iː v d	w iː v d	w iː d	1	1	reg_d	reg_d	reg_d
model_mean	ɪ m ə t e ɪ t	ɪ m ə t e ɪ t ə d	ɪ m ə t e ɪ t ə d	r ɪ m e ɪ n	r ɪ m e ɪ n d	r ɪ m e ɪ n d	ɪ m ə t e ɪ t d	0	0	reg_əd	reg_əd	reg_d
model_mean	s w ɹ̩ v	s w ɹ̩ v d	s w ɹ̩ v d	s ɹ̩ v	s ɹ̩ v d	s ɹ̩ v d	s w ɹ̩ v d	1	1	reg_d	reg_d	reg_d
model_mean	h iː p	h iː p t	h iː p t	h iː r	h iː r d	h ɹ̩ d	h iː p d	0	0	reg_t	reg_t	reg_d
model_mean	r iː f j uː ə l	r iː f j uː ə l d	r iː f j uː ə l d	r iː f r ɛ ʃ	r iː f r ɛ ʃ t	r iː f r ɛ ʃ t	r iː f j uː ə l t	0	0	reg_d	reg_d	reg_t
model_mean	t͡ʃ æ n t	t͡ʃ æ n t ə d	t͡ʃ æ n t ə d	t͡ʃ ɛ k	t͡ʃ ɛ k t	t͡ʃ ɛ k t	t͡ʃ æ n t t	0	0	reg_əd	reg_əd	reg_t
model_stem	iː t	e ɪ t	iː ɪ t	d ɪ f iː t	d ɪ f iː t ə d	d ɪ f iː t ə d	iː t ə d	0	0	vowel_change	vowel_change	reg_əd
model_stem	m e ɪ k	m e ɪ d	m e ɪ k t	r e ɪ k	r e ɪ k t	r e ɪ k t	m e ɪ k t	1	0	coda_change	reg_t	reg_t
model_stem	n o ʊ	n uː	n o ʊ d	m o ʊ	m o ʊ d	m o ʊ d	n o ʊ d	1	0	vowel_change	reg_d	reg_d
model_stem	f ɔ l	f ɛ l	f ɔ l d	f uː l	f uː l d	f uː l d	f ɔ l d	1	0	vowel_change	reg_d	reg_d
model_stem	b r ɪ ŋ	b r ɔ t	b r ɪ ŋ	f l ɪ ŋ	f l ʌ ŋ	f l ʌ ŋ	b r ʌ ŋ	0	0	rhyme_replaced	no_change	vowel_change
model_stem	s t ɑː r t	s t ɑː r t ə d	s t ɑː r t ə d	s m ɑː r t	s m ɑː r t ə d	s m ɑː r t ə d	s t ɑː r t ə d	1	1	reg_əd	reg_əd	reg_əd
model_stem	t e ɪ k	t ʊ k	t e ɪ k t	t r ɪ k	t r ɪ k t	t r ɪ k t	t e ɪ k t	1	0	vowel_change	reg_t	reg_t
model_stem	h e ɪ t	h e ɪ t ə d	h e ɪ t ə d	m e ɪ t	m e ɪ t ə d	m e ɪ t ə d	h e ɪ t ə d	1	1	reg_əd	reg_əd	reg_əd
model_stem	r a ɪ t	r o ʊ t	r o ʊ t ə d	b a ɪ t	b a ɪ t ə d	b ɪ t	r a ɪ t ə d	0	0	vowel_change	other	reg_əd
model_stem	f ɪ t	f ɪ t	f ɪ t ə d	n ɪ t	n ɪ t ə d	n ɪ t ə d	f ɪ t ə d	1	0	no_change	reg_əd	reg_əd
model_stem	d a ɪ n	d a ɪ n d	d a ɪ n d	d a ʊ n	d a ʊ n d	d a ʊ n d	d a ɪ n d	1	1	reg_d	reg_d	reg_d
model_stem	m ɪ s	m ɪ s t	m ɪ s t	k ɪ s	k ɪ s t	k ɪ s t	m ɪ s t	1	1	reg_t	reg_t	reg_t
model_stem	n ɑː k	n ɑː k t	n ɑː k t	k ɑː k	k ɑː k t	k ɑː k t	n ɑː k t	1	1	reg_t	reg_t	reg_t
model_stem	n iː d	n iː d ə d	n iː d ə d	f iː d	f iː d ə d	f ɛ d	n iː d ə d	1	1	reg_əd	reg_əd	reg_əd
model_stem	m uː v	m uː v d	m uː v d	w iː v	w iː v d	w iː v d	m uː v d	1	1	reg_d	reg_d	reg_d
model_stem	f l ɪ p	f l ɪ p t	f l ʌ p t	f l æ p	f l æ p t	f l æ p t	f l ɪ p t	0	1	reg_t	vowel_change_suffix	reg_t
model_stem	r ɛ d iː	r ɛ d iː d	r ɛ d iː d	b ɑː d iː	b ɑː d iː d	b ɑː d iː d	r ɛ d iː d	1	1	reg_d	reg_d	reg_d
model_stem	z ɪ p	z ɪ p t	z ɪ p t	w ɪ p	w ɪ p t	w ɪ p t	z ɪ p t	1	1	reg_t	reg_t	reg_t
model_stem	f a ɪ t	f ɔ t	f a ɪ t ə d	b a ɪ t	b a ɪ t ə d	b ɪ t	f a ɪ t ə d	1	0	vowel_change	reg_əd	reg_əd
model_stem	k æ t͡ʃ	k ɔ t	k æ t͡ʃ t	h æ t͡ʃ	h æ t͡ʃ t	h æ t͡ʃ t	k æ t͡ʃ t	1	0	rhyme_replaced	reg_t	reg_t
model_stem	f l o ʊ t	f l o ʊ t ə d	f l o ʊ t ə d	b l o ʊ t	b l o ʊ t ə d	b l o ʊ t ə d	f l o ʊ t ə d	1	1	reg_əd	reg_əd	reg_əd
model_stem	w ɪ ʃ	w ɪ ʃ t	w ɪ ʃ t	h ʌ ʃ	h ʌ ʃ t	h ʌ ʃ t	w ɪ ʃ t	1	1	reg_t	reg_t	reg_t
model_stem	ʃ e ɪ k	ʃ ʊ k	ʃ e ɪ k t	k e ɪ k	k e ɪ k t	k e ɪ k t	ʃ e ɪ k t	1	0	vowel_change	reg_t	reg_t
model_stem	k ɪ k	k ɪ k t	k ɪ k t	t ɪ k	t ɪ k t	t ɪ k t	k ɪ k t	1	1	reg_t	reg_t	reg_t
model_stem	t͡ʃ e ɪ n d͡ʒ	t͡ʃ e ɪ n d͡ʒ d	t͡ʃ e ɪ n d͡ʒ d	p l ʌ n d͡ʒ	p l ʌ n d͡ʒ d	p l ʌ n d͡ʒ d	t͡ʃ e ɪ n d͡ʒ d	1	1	reg_d	reg_d	reg_d
model_stem	θ r o ʊ	θ r uː	θ r o ʊ d	b l o ʊ	b l o ʊ d	b l uː	θ r o ʊ d	1	0	vowel_change	reg_d	reg_d
model_stem	b æ k	b æ k t	b æ k t	w æ k	w æ k t	w æ k t	b æ k t	1	1	reg_t	reg_t	reg_t
model_stem	f l æ ʃ	f l æ ʃ t	f l æ ʃ t	f l ʌ ʃ	f l ʌ ʃ t	f l ʌ ʃ t	f l æ ʃ t	1	1	reg_t	reg_t	reg_t
model_stem	ɡ r o ʊ	ɡ r uː	ɡ r o ʊ d	k r o ʊ	k r o ʊ d	k r o ʊ d	ɡ r o ʊ d	1	0	vowel_change	reg_d	reg_d
model_stem	s m a ɪ l	s m a ɪ l d	s m a ɪ l d	s p ɔ ɪ l	s p ɔ ɪ l d	s p ɔ ɪ l d	s m a ɪ l d	1	1	reg_d	reg_d	reg_d
model_stem	s t ɑː p	s t ɑː p t	s t ɑː p t	k r ɑː p	k r ɑː p t	k r ɑː p t	s t ɑː p t	1	1	reg_t	reg_t	reg_t
model_stem	s t ɹ̩	s t ɹ̩ d	s t ɹ̩ d	ɔ f ɹ̩	ɔ f ɹ̩ d	ɔ f ɹ̩ d	s t ɹ̩ d	1	1	reg_d	reg_d	reg_d
model_stem	t͡ʃ uː	t͡ʃ uː d	t͡ʃ uː d	b uː	b uː d	b uː d	t͡ʃ uː d	1	1	reg_d	reg_d	reg_d
model_stem	d r ɛ s	d r ɛ s t	d r ɛ s t	ɡ r iː s	ɡ r iː s t	ɡ r iː s t	d r ɛ s t	1	1	reg_t	reg_t	reg_t
model_stem	ə n d ɹ̩ s t æ n d	ə n d ɹ̩ s t ʊ d	ə n t ə t æ n d	æ d	æ d ə d	æ d ə d	ə n d ɹ̩ s t æ n d ə d	0	0	rhyme_replaced	other	reg_əd
model_stem	t͡ʃ e ɪ s	t͡ʃ e ɪ s t	t͡ʃ e ɪ s t	f e ɪ s	f e ɪ s t	f e ɪ s t	t͡ʃ e ɪ s t	1	1	reg_t	reg_t	reg_t
model_stem	h ʌ ɡ	h ʌ ɡ d	h ʌ ɡ d	t ʌ ɡ	t ʌ ɡ d	t ʌ ɡ d	h ʌ ɡ d	1	1	reg_d	reg_d	reg_d
model_stem	h ɪ t	h ɪ t	h ɪ t	s ɪ t	s ɪ t	s æ t	h ɪ t	1	1	no_change	no_change	no_change
model_stem	h æ m ɹ̩	h æ m ɹ̩ d	h æ m ɹ̩ d	w a ɪ ɹ̩	w a ɪ ɹ̩ d	w a ɪ ɹ̩ d	h æ m ɹ̩ d	1	1	reg_d	reg_d	reg_d
model_stem	w a ɪ n d	w a ɪ n d ə d	w a ɪ n d ə d	m a ɪ n d	m a ɪ n d ə d	m a ɪ n d ə d	w a ɪ n d ə d	1	1	reg_əd	reg_əd	reg_əd
model_stem	k ə n s t r ʌ k t	k ə n s t r ʌ k t ə d	k ə t r t r ʌ k t ə d	ɪ l ə s t r e ɪ t	ɪ l ə s t r e ɪ t ə d	ɪ l ə s t r e ɪ t ə d	k ə n s t r ʌ k t ə d	0	1	reg_əd	other	reg_əd
model_stem	m iː t	m ɛ t	m iː t ə d	h iː t	h iː t	h iː t ə d	m iː t	0	0	vowel_change	reg_əd	no_change
model_stem	s w ɪ ʃ	s w ɪ ʃ t	s w ɪ ʃ t	k r æ ʃ	k r æ ʃ t	k r æ ʃ t	s w ɪ ʃ t	1	1	reg_t	reg_t	reg_t
model_stem	s k w iː z	s k w iː z d	s k w iː z d	r ɪ l iː v	r ɪ l iː v d	r ɪ l iː v d	s k w iː z d	1	1	reg_d	reg_d	reg_d
model_stem	t͡ʃ ʌ ɡ	t͡ʃ ʌ ɡ d	t͡ʃ ʌ ɡ d	t ʌ ɡ	t ʌ ɡ d	t ʌ ɡ d	t͡ʃ ʌ ɡ d	1	1	reg_d	reg_d	reg_d
model_stem	b r æ n t͡ʃ	b r æ n t͡ʃ t	b r æ n t͡ʃ t	k r ʌ n t͡ʃ	k r ʌ n t͡ʃ t	k r ʌ n t͡ʃ t	b r æ n t͡ʃ t	1	1	reg_t	reg_t	reg_t
model_stem	n o ʊ t ɪ s	n o ʊ t ɪ s t	n o ʊ t ɪ s t	b æ l ə n s	b æ l ə n s t	b æ l ə n s t	n o ʊ t ɪ s t	1	1	reg_t	reg_t	reg_t
model_stem	b e ɪ k	b e ɪ k t	b e ɪ k t	f e ɪ k	f e ɪ k t	f e ɪ k t	b e ɪ k t	1	1	reg_t	reg_t	reg_t
model_stem	s n æ p	s n æ p t	s n æ p t	k l æ p	k l æ p t	k l æ p t	s n æ p t	1	1	reg_t	reg_t	reg_t
model_stem	s w ɪ m	s w æ m	s w ɪ m d	s k ɪ m	s k ɪ m d	s k ɪ m d	s w ɪ m d	1	0	vowel_change	reg_d	reg_d
model_stem	ʃ ʌ t ə l	ʃ ʌ t ə l d	ʃ ʌ t ə l d	f j uː ə l	f j uː ə l d	f j uː ə l d	ʃ ʌ t ə l d	1	1	reg_d	reg_d	reg_d
model_stem	ə p r iː ʃ iː e ɪ t	ə p r iː ʃ iː e ɪ t ə d	ə p iː ʃ iː ʃ e ɪ t ə d	ə s o ʊ s iː e ɪ t	ə s o ʊ s iː e ɪ t ə d	ə s o ʊ s iː e ɪ t ə d	ə p r iː ʃ iː e ɪ t ə d	0	1	reg_əd	other	reg_əd
model_stem	s m uː ð	s m uː ð d	s m uː ð d	b e ɪ ð	b e ɪ ð d	b e ɪ ð d	s m uː ð d	1	1	reg_d	reg_d	reg_d
model_stem	s t ɛ r	s t ɛ r d	s t ɛ r d	s p ɛ r	s p ɛ r d	s p ɛ r d	s t ɛ r d	1	1	reg_d	reg_d	reg_d
model_stem	k ɑː s t uː m	k ɑː s t uː m d	k ɑː s t uː m d	v æ k j uː m	v æ k j uː m d	v æ k j uː m d	k ɑː s t uː m d	1	1	reg_d	reg_d	reg_d
model_stem	ɡ uː f	ɡ uː f t	ɡ uː f t	b iː f	b iː f t	b iː f t	ɡ uː f t	1	1	reg_t	reg_t	reg_t
model_stem	d r a ʊ n	d r a ʊ n d	d r a ʊ n d	b r a ʊ n	b r a ʊ n d	b r a ʊ n d	d r a ʊ n d	1	1	reg_d	reg_d	reg_d
model_stem	n ɹ̩ s	n ɹ̩ s t	n ɹ̩ s t	d͡ʒ ɹ̩ k	d͡ʒ ɹ̩ k t	d͡ʒ ɹ̩ k t	n ɹ̩ s t	1	1	reg_t	reg_t	reg_t
model_stem	k r a ɪ	k r a ɪ d	k r a ɪ d	f r a ɪ	f r a ɪ d	f r a ɪ d	k r a ɪ d	1	1	reg_d	reg_d	reg_d
model_stem	iː v ɪ n	iː v ɪ n d	iː v ɪ n d	t͡ʃ e ɪ n	t͡ʃ e ɪ n d	t͡ʃ e ɪ n d	iː v ɪ n d	1	1	reg_d	reg_d	reg_d
model_stem	m a ɪ n	m a ɪ n d	m a ɪ n d	ʃ a ɪ n	ʃ a ɪ n d	ʃ a ɪ n d	m a ɪ n d	1	1	reg_d	reg_d	reg_d
model_stem	b ɪ ɡ ɪ n	b ɪ ɡ æ n	b ɪ ɡ e ɪ n	t w a ɪ n	t w a ɪ n d	t w a ɪ n d	b ɪ ɡ ɪ n d	0	0	vowel_change	vowel_change	reg_d
model_stem	s p æ ŋ k	s p æ ŋ k t	s p æ ŋ k t	ə n p æ k	ə n p æ k t	ə n p æ k t	s p æ ŋ k t	1	1	reg_t	reg_t	reg_t
model_stem	t͡ʃ ɪ p	t͡ʃ ɪ p t	t͡ʃ ɪ p t	t ɪ p	t ɪ p t	t ɪ p t	t͡ʃ ɪ p t	1	1	reg_t	reg_t	reg_t
model_stem	s p iː k	s p o ʊ k	s p iː k t	f r iː k	f r iː k t	f r iː k t	s p iː k t	1	0	vowel_change	reg_t	reg_t
model_stem	s w ɪ t͡ʃ	s w ɪ t͡ʃ t	s w ɪ t͡ʃ t	t w ɪ t͡ʃ	t w ɪ t͡ʃ t	t w ɪ t͡ʃ t	s w ɪ t͡ʃ t	1	1	reg_t	reg_t	reg_t
model_stem	f a ɪ ɹ̩	f a ɪ ɹ̩ d	f a ɪ ɹ̩ d	t a ɪ ɹ̩	t a ɪ ɹ̩ d	t a ɪ ɹ̩ d	f a ɪ ɹ̩ d	1	1	reg_d	reg_d	reg_d
model_stem	b ɪ l	b ɪ l d	b ɪ l d	k ɪ l	k ɪ l d	k ɪ l d	b ɪ l d	1	1	reg_d	reg_d	reg_d
model_stem	r iː m a ɪ n d	r iː m a ɪ n d ə d	r iː m a ɪ n d ə d	ə n w a ɪ n d	ə n w a ʊ n d ə d	ə n w a ʊ n d	r iː m a ʊ n d ə d	0	0	reg_əd	reg_əd	other
model_stem	s iː d	s iː d ə d	s iː d ə d	w iː d	w iː d ə d	w iː d ə d	s iː d ə d	1	1	reg_əd	reg_əd	reg_əd
model_stem	w e ɪ v	w e ɪ v d	w e ɪ v d	ʃ e ɪ v	ʃ e ɪ v d	ʃ e ɪ v d	w e ɪ v d	1	1	reg_d	reg_d	reg_d
model_stem	b l uː m	b l uː m d	b l uː m d	s t ɛ m	s t ɛ m d	s t ɛ m d	b l uː m d	1	1	reg_d	reg_d	reg_d
model_stem	s t ɪ ŋ	s t ʌ ŋ	s t ɪ ŋ	f l ɪ ŋ	f l ʌ ŋ	f l ʌ ŋ	s t ʌ ŋ	0	1	vowel_change	no_change	vowel_change
model_stem	ə r a ɪ v	ə r a ɪ v d	ə r a ɪ v d	d ɹ̩ a ɪ v	d ɹ̩ a ɪ v d	d ɹ̩ a ɪ v d	ə r a ɪ v d	1	1	reg_d	reg_d	reg_d
model_stem	b l ɛ s	b l ɛ s t	b l ɛ s t	ɡ r iː s	ɡ r iː s t	ɡ r iː s t	b l ɛ s t	1	1	reg_t	reg_t	reg_t
model_stem	ə r ɛ s t	ə r ɛ s t ə d	ə r ɛ s t ə d	r o ʊ s t	r o ʊ s t ə d	r o ʊ s t ə d	ə r ɛ s t ə d	1	1	reg_əd	reg_əd	reg_əd
model_stem	s p ɪ n	s p ʌ n	s p ɪ n d	s a ɪ n	s a ɪ n d	s a ɪ n d	s p ɪ n d	1	0	vowel_change	reg_d	reg_d
model_stem	k ə m p iː t	k ə m p iː t ə d	k ə m p iː t ə d	r ɪ p iː t	r ɪ p iː t ə d	r ɪ p iː t ə d	k ə m p iː t ə d	1	1	reg_əd	reg_əd	reg_əd
model_stem	t r e ɪ n	t r e ɪ n d	t r e ɪ n d	p l e ɪ n	p l e ɪ n d	p l e ɪ n d	t r e ɪ n d	1	1	reg_d	reg_d	reg_d
model_stem	p æ s	p æ s t	p æ s t	ɡ æ s	ɡ æ s t	ɡ æ s t	p æ s t	1	1	reg_t	reg_t	reg_t
model_stem	s ɪ ŋ k	s æ ŋ k	s ɪ ŋ k t	θ ɪ ŋ k	θ ɔ t	θ ɔ t	s ɔ t	0	0	vowel_change	reg_t	rhyme_replaced
model_stem	l uː p	l uː p t	l uː p t	w uː p	w uː p t	w uː p t	l uː p t	1	1	reg_t	reg_t	reg_t
model_stem	s ə l ɛ k t	s ə l ɛ k t ə d	s ə l ɛ k t ə d	k ə l ɛ k t	k ə l ɛ k t ə d	k ə l ɛ k t ə d	s ə l ɛ k t ə d	1	1	reg_əd	reg_əd	reg_əd
model_stem	r ɪ ŋ	r æ ŋ	r ɪ ŋ	s ɪ ŋ	s ɪ ŋ d	s æ ŋ	r ɪ ŋ d	0	0	vowel_change	no_change	reg_d
model_stem	m e ɪ l	m e ɪ l d	m e ɪ l d	s e ɪ l	s e ɪ l d	s e ɪ l d	m e ɪ l d	1	1	reg_d	reg_d	reg_d
model_stem	p æ t	p æ t ə d	p æ t ə d	b æ t	b æ t	b æ t ə d	p æ t	0	0	reg_əd	reg_əd	no_change
model_stem	k ɪ d	k ɪ d ə d	k ɪ d	e ɪ d	e ɪ d ə d	e ɪ d ə d	k ɪ d ə d	0	1	reg_əd	no_change	reg_əd
model_stem	p ɑː r d ə n	p ɑː r d ə n d	p ɑː r d ə n d	f l æ t ə n	f l æ t ə n d	f l æ t ə n d	p ɑː r d ə n d	1	1	reg_d	reg_d	reg_d
model_stem	s t iː r	s t iː r d	s t iː r d	ə p iː r	ə p iː r d	ə p iː r d	s t iː r d	1	1	reg_d	reg_d	reg_d
model_stem	f o ʊ l d	f o ʊ l d ə d	f o ʊ l d ə d	m o ʊ l d	m o ʊ l d ə d	m o ʊ l d ə d	f o ʊ l d ə d	1	1	reg_əd	reg_əd	reg_əd
model_stem	s n iː k	s n iː k t	s n iː k t	f r iː k	f r iː k t	f r iː k t	s n iː k t	1	1	reg_t	reg_t	reg_t
model_stem	b e ɪ l	b e ɪ l d	b e ɪ l d	s e ɪ l	s e ɪ l d	s e ɪ l d	b e ɪ l d	1	1	reg_d	reg_d	reg_d
model_stem	b ɛ t ɹ̩	b ɛ t ɹ̩ d	b ɛ t ɹ̩ d	b ʌ t ɹ̩	b ʌ t ɹ̩ d	b ʌ t ɹ̩ d	b ɛ t ɹ̩ d	1	1	reg_d	reg_d	reg_d
model_stem	ɡ ɑː r b ə l	ɡ ɑː r b ə l d	ɡ ɑː r b ə l d	m ɑː r b ə l	m ɑː r b ə l d	m ɑː r b ə l d	ɡ ɑː r b ə l d	1	1	reg_d	reg_d	reg_d
model_stem	s k w ɹ̩ t	s k w ɹ̩ t ə d	s k w ɹ̩ t ə d	k ɹ̩ ɛ k t	k ɹ̩ ɛ k t ə d	k ɹ̩ ɛ k t ə d	s k w ɹ̩ t ə d	1	1	reg_əd	reg_əd	reg_əd
model_stem	b ɑː k s	b ɑː k s t	b ɑː k s t	m æ k s	m æ k s t	m æ k s t	b ɑː k s t	1	1	reg_t	reg_t	reg_t
model_stem	s iː l	s iː l d	s iː l d	h iː l	h iː l d	h iː l d	s iː l d	1	1	reg_d	reg_d	reg_d
model_stem	s p r ɛ d	s p r ɛ d	s p r ɛ d ə d	ə t ɛ n d	ə t ɛ n d ə d	ə t ɛ n d ə d	s p r ɛ d ə d	1	0	no_change	reg_əd	reg_əd
model_stem	p r ɑː m ə s	p r ɑː m ə s t	p r ɑː m ə s t	h ɑː r n ə s	h ɑː r n ə s t	h ɑː r n ə s t	p r ɑː m ə s t	1	1	reg_t	reg_t	reg_t
model_stem	b iː t	b iː t	b iː t ə d	t͡ʃ iː t	t͡ʃ iː t ə d	t͡ʃ iː t ə d	b iː t ə d	1	0	no_change	reg_əd	reg_əd
model_stem	h ɪ p n ə t a ɪ z	h ɪ p n ə t a ɪ z d	h ɪ t ə t a ɪ d	s ɪ m b ə l a ɪ z	s ɪ m b ə l a ɪ z d	s ɪ m b ə l a ɪ z d	h ɪ p n ə t a ɪ z d	0	1	reg_d	other	reg_d
model_stem	s l æ p	s l æ p t	s l æ p t	k l æ p	k l æ p t	k l æ p t	s l æ p t	1	1	reg_t	reg_t	reg_t
model_stem	b ɛ s t	b ɛ s t ə d	b ɛ s t ə d	b ʌ s t	b ʌ s t ə d	b ʌ s t ə d	b ɛ s t ə d	1	1	reg_əd	reg_əd	reg_əd
model_stem	s t æ ɡ ɹ̩	s t æ ɡ ɹ̩ d	s t æ ɡ ɹ̩ d	f ɪ ŋ ɡ ɹ̩	f ɪ ŋ ɡ ɹ̩ d	f ɪ ŋ ɡ ɹ̩ d	s t æ ɡ ɹ̩ d	1	1	reg_d	reg_d	reg_d
model_stem	z æ p	z æ p t	z æ p t	k æ p	k æ p t	k æ p t	z æ p t	1	1	reg_t	reg_t	reg_t
model_stem	ə p s ɛ t	ə p s ɛ t	ə p s ɛ t ə d	ə f ɛ k t	ə f ɛ k t ə d	ə f ɛ k t ə d	ə p s ɛ t ə d	1	0	no_change	reg_əd	reg_əd
model_stem	r ɛ s t	r ɛ s t ə d	r ɛ s t ə d	b ʌ s t	b ʌ s t ə d	b ʌ s t ə d	r ɛ s t ə d	1	1	reg_əd	reg_əd	reg_əd
model_stem	s p l æ ʃ	s p l æ ʃ t	s p l æ ʃ t	p ɑː l ɪ ʃ	p ɑː l ɪ ʃ t	p ɑː l ɪ ʃ t	s p l æ ʃ t	1	1	reg_t	reg_t	reg_t
model_stem	l a ɪ n	l a ɪ n d	l a ɪ n d	ʃ a ɪ n	ʃ a ɪ n d	ʃ a ɪ n d	l a ɪ n d	1	1	reg_d	reg_d	reg_d
model_stem	ə n d uː	ə n d ɪ d	ə n d uː d	t æ t uː	t æ t uː d	t æ t uː d	ə n d uː d	1	0	vowel_change_suffix	reg_d	reg_d
model_stem	p ɛ n	p ɛ n d	p ɛ n d	o ʊ n	o ʊ n d	o ʊ n d	p ɛ n d	1	1	reg_d	reg_d	reg_d
model_stem	ɛ d ə t	ɛ d ə t ə d	ɛ d ə t ə d	f r ɛ t	f r ɛ t ə d	f r ɛ t ə d	ɛ d ə t ə d	1	1	reg_əd	reg_əd	reg_əd
model_stem	ɪ k s p l ɔ r	ɪ k s p l ɔ r d	ɪ k s p l ɔ r d	ɪ m p l ɔ r	ɪ m p l ɔ r d	ɪ m p l ɔ r d	ɪ k s p l ɔ r d	1	1	reg_d	reg_d	reg_d
model_stem	ə s uː m	ə s uː m d	ə s uː m d	h ɑː r m	h ɑː r m d	h ɑː r m d	ə s uː m d	1	1	reg_d	reg_d	reg_d
model_stem	s p r e ɪ	s p r e ɪ d	s p r e ɪ d	ə p l a ɪ	ə p l a ɪ d	ə p l a ɪ d	s p r e ɪ d	1	1	reg_d	reg_d	reg_d
model_stem	l o ʊ ɹ̩	l o ʊ ɹ̩ d	l o ʊ ɹ̩ d	ʃ a ʊ ɹ̩	ʃ a ʊ ɹ̩ d	ʃ a ʊ ɹ̩ d	l o ʊ ɹ̩ d	1	1	reg_d	reg_d	reg_d
model_stem	d æ m	d æ m d	d æ m d	θ ʌ m	θ ʌ m d	θ ʌ m d	d æ m d	1	1	reg_d	reg_d	reg_d
model_stem	r ʌ ʃ	r ʌ ʃ t	r ʌ ʃ t	h ʌ ʃ	h ʌ ʃ t	h ʌ ʃ t	r ʌ ʃ t	1	1	reg_t	reg_t	reg_t
model_stem	p l ʌ ɡ	p l ʌ ɡ d	p l ʌ ɡ d	b r æ ɡ	b r æ ɡ d	b r æ ɡ d	p l ʌ ɡ d	1	1	reg_d	reg_d	reg_d
model_stem	ə d m ɪ t	ə d m ɪ t ə d	ə d m ɪ t ə d	k ə m ɪ t	k ə m ɪ t ə d	k ə m ɪ t ə d	ə d m ɪ t ə d	1	1	reg_əd	reg_əd	reg_əd
model_stem	ə n t a ɪ	ə n t a ɪ d	ə n t a ɪ d	ə p l a ɪ	ə p l a ɪ d	ə p l a ɪ d	ə n t a ɪ d	1	1	reg_d	reg_d	reg_d
model_stem	b ʌ k ə l	b ʌ k ə l d	b ʌ k ə l d	n ʌ k ə l	n ʌ k ə l d	n ʌ k ə l d	b ʌ k ə l d	1	1	reg_d	reg_d	reg_d
model_stem	s w uː ʃ	s w uː ʃ t	s w uː ʃ t	s m æ ʃ	s m æ ʃ t	s m æ ʃ t	s w uː ʃ t	1	1	reg_t	reg_t	reg_t
model_stem	ə r a ɪ z	ə r o ʊ z	ə r a ɪ z d	ɡ l e ɪ z	ɡ l e ɪ z d	ɡ l e ɪ z d	ə r a ɪ z d	1	0	vowel_change	reg_d	reg_d
model_stem	s o ʊ k	s o ʊ k t	s o ʊ k t	t͡ʃ o ʊ k	t͡ʃ o ʊ k t	t͡ʃ o ʊ k t	s o ʊ k t	1	1	reg_t	reg_t	reg_t
model_stem	t r æ p	t r æ p t	t r æ p t	t r ɪ p	t r ɪ p t	t r ɪ p t	t r æ p t	1	1	reg_t	reg_t	reg_t
model_stem	p a ɪ l	p a ɪ l d	p a ɪ l d	t a ɪ l	t a ɪ l d	t a ɪ l d	p a ɪ l d	1	1	reg_d	reg_d	reg_d
model_stem	ɪ k s p l o ʊ d	ɪ k s p l o ʊ d ə d	ɪ k s p l o ʊ d ə d	d a ʊ n l o ʊ d	d a ʊ n l o ʊ d ə d	d a ʊ n l o ʊ d ə d	ɪ k s p l o ʊ d ə d	1	1	reg_əd	reg_əd	reg_əd
model_stem	b ɔ ɪ l	b ɔ ɪ l d	b ɔ ɪ l d	s p ɪ l	s p ɪ l d	s p ɪ l d	b ɔ ɪ l d	1	1	reg_d	reg_d	reg_d
model_stem	k ə n s ɪ d ɹ̩	k ə n s ɪ d ɹ̩ d	k ə n s ɪ n d	r ɛ d͡ʒ ɪ s t ɹ̩	r ɛ d͡ʒ ɪ s t ɹ̩ d	r ɛ d͡ʒ ɪ s t ɹ̩ d	k ə n s ɪ d ɹ̩ d	0	1	reg_d	other	reg_d
model_stem	s k a ʊ l	s k a ʊ l d	s k a ʊ l d	ɡ r a ʊ l	ɡ r a ʊ l d	ɡ r a ʊ l d	s k a ʊ l d	1	1	reg_d	reg_d	reg_d
model_stem	ɪ ɡ z ɔ s t	ɪ ɡ z ɔ s t ə d	ɪ ɡ z ɔ s t ə d	ɪ k s ɛ p t	ɪ k s ɛ p t ə d	ɪ k s ɛ p t ə d	ɪ ɡ z ɔ s t ə d	1	1	reg_əd	reg_əd	reg_əd
model_stem	s uː p ɹ̩ v a ɪ z	s uː p ɹ̩ v a ɪ z d	s uː v ɹ̩ v a ɪ z d	ɛ k s ɹ̩ s a ɪ z	ɛ k s ɹ̩ s a ɪ z d	ɛ k s ɹ̩ s a ɪ z d	s uː p ɹ̩ v a ɪ z d	0	1	reg_d	other	reg_d
model_stem	d æ ŋ ɡ ə l	d æ ŋ ɡ ə l d	d æ ŋ ɡ ə l d	ɡ r æ p ə l	ɡ r æ p ə l d	ɡ r æ p ə l d	d æ ŋ ɡ ə l d	1	1	reg_d	reg_d	reg_d
model_stem	d͡ʒ ɪ m iː	d͡ʒ ɪ m iː d	d͡ʒ ɪ m iː d	m ɛ r iː	m ɛ r iː d	m ɛ r iː d	d͡ʒ ɪ m iː d	1	1	reg_d	reg_d	reg_d
model_stem	t r ʌ b ə l	t r ʌ b ə l d	t r ʌ b ə l d	m ɑː r b ə l	m ɑː r b ə l d	m ɑː r b ə l d	t r ʌ b ə l d	1	1	reg_d	reg_d	reg_d
model_stem	p e ɪ d͡ʒ	p e ɪ d͡ʒ d	p e ɪ d͡ʒ d	p l ɛ d͡ʒ	p l ɛ d͡ʒ d	p l ɛ d͡ʒ d	p e ɪ d͡ʒ d	1	1	reg_d	reg_d	reg_d
model_stem	t a ʊ ɹ̩	t a ʊ ɹ̩ d	t a ʊ ɹ̩ d	ʃ a ʊ ɹ̩	ʃ a ʊ ɹ̩ d	ʃ a ʊ ɹ̩ d	t a ʊ ɹ̩ d	1	1	reg_d	reg_d	reg_d
model_stem	f ɛ n s	f ɛ n s t	f ɛ n s t	d æ n s	d æ n s t	d æ n s t	f ɛ n s t	1	1	reg_t	reg_t	reg_t
model_stem	d ɛ r	d ɛ r d	d ɛ r d	b ɛ r	b ɛ r d	b o ʊ r	d ɛ r d	1	1	reg_d	reg_d	reg_d
model_stem	b l iː d	b l ɛ d	b l iː d ə d	s p iː d	s p iː d ə d	s p ɛ d	b l iː d ə d	1	0	vowel_change	reg_əd	reg_əd
model_stem	ɛ n t ɹ̩	ɛ n t ɹ̩ d	ɛ n t ɹ̩ d	b ʌ t ɹ̩	b ʌ t ɹ̩ d	b ʌ t ɹ̩ d	ɛ n t ɹ̩ d	1	1	reg_d	reg_d	reg_d
model_stem	m e ɪ n t e ɪ n	m e ɪ n t e ɪ n d	m e ɪ n t e ɪ n d	ɛ n t ɹ̩ t e ɪ n	ɛ n t ɹ̩ t e ɪ n d	ɛ n t ɹ̩ t e ɪ n d	m e ɪ n t e ɪ n d	1	1	reg_d	reg_d	reg_d
model_stem	f ɛ r	f ɛ r d	f ɛ r d	k ɛ r	k ɛ r d	k ɛ r d	f ɛ r d	1	1	reg_d	reg_d	reg_d
model_stem	d ɪ p	d ɪ p t	d ɪ p t	w ɪ p	w ɪ p t	w ɪ p t	d ɪ p t	1	1	reg_t	reg_t	reg_t
model_stem	j ɔ n	j ɔ n d	j ɔ n d	t æ n	t æ n d	t æ n d	j ɔ n d	1	1	reg_d	reg_d	reg_d
model_stem	ʃ ʊ ɡ ɹ̩	ʃ ʊ ɡ ɹ̩ d	ʃ ʊ ɡ ɹ̩ d	w a ɪ ɹ̩	w a ɪ ɹ̩ d	w a ɪ ɹ̩ d	ʃ ʊ ɡ ɹ̩ d	1	1	reg_d	reg_d	reg_d
model_stem	d r ɪ f t	d r ɪ f t ə d	d r æ f t ə d	ɡ r æ n t	ɡ r æ n t ə d	ɡ r æ n t ə d	d r ɪ f t ə d	0	1	reg_əd	other	reg_əd
model_stem	ɪ n s p a ɪ ɹ̩	ɪ n s p a ɪ ɹ̩ d	ɪ n s p a ɪ n d	s p l ɪ n t ɹ̩	s p l ɪ n t ɹ̩ d	s p l ɪ n t ɹ̩ d	ɪ n s p a ɪ ɹ̩ d	0	1	reg_d	rhyme_replaced	reg_d
model_stem	m ɛ n ʃ ə n	m ɛ n ʃ ə n d	m ɛ n ʃ ə n d	f r ɛ ʃ ə n	f r ɛ ʃ ə n d	f r ɛ ʃ ə n d	m ɛ n ʃ ə n d	1	1	reg_d	reg_d	reg_d
model_stem	s l ɪ p	s l ɪ p t	s l ɪ p t	ʃ e ɪ p	ʃ e ɪ p t	ʃ e ɪ p t	s l ɪ p t	1	1	reg_t	reg_t	reg_t
model_stem	s k ɪ p	s k ɪ p t	s k ɪ p t	ʃ e ɪ p	ʃ e ɪ p t	ʃ e ɪ p t	s k ɪ p t	1	1	reg_t	reg_t	reg_t
model_stem	m ə n ɪ p j ə l e ɪ t	m ə n ɪ p j ə l e ɪ t ə d	m ɪ p ə l d	p ɑː r t ɪ s ə p e ɪ t	p ɑː r t ɪ s ə p e ɪ t ə d	p ɑː r t ɪ s ə p e ɪ t ə d	m ə n ɪ p j ə l e ɪ t ə d	0	1	reg_əd	other	reg_əd
model_stem	s æ k	s æ k t	s æ k t	w æ k	w æ k t	w æ k t	s æ k t	1	1	reg_t	reg_t	reg_t
model_stem	ɪ n s p ɛ k t	ɪ n s p ɛ k t ə d	ɪ n s p ɛ k t ə d	ɪ k s p ɛ k t	ɪ k s p ɛ k t ə d	ɪ k s p ɛ k t ə d	ɪ n s p ɛ k t ə d	1	1	reg_əd	reg_əd	reg_əd
model_stem	s æ k r ə f a ɪ s	s æ k r ə f a ɪ s t	s æ k r ə f a ɪ s t	ɪ n t r ə d uː s	ɪ n t r ə d uː s t	ɪ n t r ə d uː s t	s æ k r ə f a ɪ s t	1	1	reg_t	reg_t	reg_t
model_stem	t æ p	t æ p t	t æ p t	k æ p	k æ p t	k æ p t	t æ p t	1	1	reg_t	reg_t	reg_t
model_stem	h ɔ l	h ɔ l d	h ɔ l d	k ɔ l	k ɔ l d	k ɔ l d	h ɔ l d	1	1	reg_d	reg_d	reg_d
model_stem	s k a ʊ t	s k a ʊ t ə d	s k a ʊ t ə d	k a ʊ n t	k a ʊ n t ə d	k a ʊ n t ə d	s k a ʊ t ə d	1	1	reg_əd	reg_əd	reg_əd
model_stem	p ɑː k ə t	p ɑː k ə t ə d	p ɑː k ə t ə d	r ɑː k ə t	r ɑː k ə t ə d	r ɑː k ə t ə d	p ɑː k ə t ə d	1	1	reg_əd	reg_əd	reg_əd
model_stem	h a ʊ l	h a ʊ l d	h a ʊ l d	h o ʊ l	h o ʊ l d	h o ʊ l d	h a ʊ l d	1	1	reg_d	reg_d	reg_d
model_stem	d ɔ n	d ɔ n d	d ɔ n d	f æ n	f æ n d	f æ n d	d ɔ n d	1	1	reg_d	reg_d	reg_d
model_stem	t æ ŋ ɡ ə l	t æ ŋ ɡ ə l d	t æ ŋ ɡ ə l d	ɡ r æ p ə l	ɡ r æ p ə l d	ɡ r æ p ə l d	t æ ŋ ɡ ə l d	1	1	reg_d	reg_d	reg_d
model_stem	ɡ a ɪ d	ɡ a ɪ d ə d	ɡ a ɪ d ə d	h a ɪ d	h a ɪ d ə d	h ɪ d	ɡ a ɪ d ə d	1	1	reg_əd	reg_əd	reg_əd
model_stem	θ ʌ n d ɹ̩	θ ʌ n d ɹ̩ d	θ ʌ n d ɹ̩ d	w ʌ n d ɹ̩	w ʌ n d ɹ̩ d	w ʌ n d ɹ̩ d	θ ʌ n d ɹ̩ d	1	1	reg_d	reg_d	reg_d
model_stem	r a ʊ n d	r a ʊ n d ə d	r a ʊ n d ə d	s a ʊ n d	s a ʊ n d ə d	s a ʊ n d ə d	r a ʊ n d ə d	1	1	reg_əd	reg_əd	reg_əd
model_stem	æ b d ʌ k t	æ b d ʌ k t ə d	æ b ʌ k ʌ t ə d	ɪ k s ɛ p t	ɪ k s ɛ p t ə d	ɪ k s ɛ p t ə d	æ b d ʌ k t ə d	0	1	reg_əd	other	reg_əd
model_stem	ɡ ʌ m	ɡ ʌ m d	ɡ ʌ m d	θ ʌ m	θ ʌ m d	θ ʌ m d	ɡ ʌ m d	1	1	reg_d	reg_d	reg_d
model_stem	l ɛ k t͡ʃ ɹ̩	l ɛ k t͡ʃ ɹ̩ d	l ɛ k t͡ʃ ɹ̩ d	k æ p t͡ʃ ɹ̩	k æ p t͡ʃ ɹ̩ d	k æ p t͡ʃ ɹ̩ d	l ɛ k t͡ʃ ɹ̩ d	1	1	reg_d	reg_d	reg_d
model_stem	d r ɪ b ə l	d r ɪ b ə l d	d r ɪ b ə l d	t e ɪ b ə l	t e ɪ b ə l d	t e ɪ b ə l d	d r ɪ b ə l d	1	1	reg_d	reg_d	reg_d
model_stem	d ʌ s t	d ʌ s t ə d	d ʌ s t ə d	b ʌ s t	b ʌ s t ə d	b ʌ s t ə d	d ʌ s t ə d	1	1	reg_əd	reg_əd	reg_əd
model_stem	d͡ʒ æ m	d͡ʒ æ m d	d͡ʒ æ m d	θ ʌ m	θ ʌ m d	θ ʌ m d	d͡ʒ æ m d	1	1	reg_d	reg_d	reg_d
model_stem	t͡ʃ æ n ə l	t͡ʃ æ n ə l d	t͡ʃ æ n ə l d	b æ r ə l	b æ r ə l d	b æ r ə l d	t͡ʃ æ n ə l d	1	1	reg_d	reg_d	reg_d
model_stem	d r e ɪ n	d r e ɪ n d	d r e ɪ n d	p l e ɪ n	p l e ɪ n d	p l e ɪ n d	d r e ɪ n d	1	1	reg_d	reg_d	reg_d
model_stem	w uː n d	w uː n d ə d	w uː n d ə d	h æ n d	h æ n d ə d	h æ n d ə d	w uː n d ə d	1	1	reg_əd	reg_əd	reg_əd
model_stem	t e ɪ l	t e ɪ l d	t e ɪ l d	t a ɪ l	t a ɪ l d	t a ɪ l d	t e ɪ l d	1	1	reg_d	reg_d	reg_d
model_stem	s l o ʊ	s l o ʊ d	s l o ʊ d	b l o ʊ	b l o ʊ d	b l uː	s l o ʊ d	1	1	reg_d	reg_d	reg_d
model_stem	s t ɪ ŋ k	s t ʌ ŋ k	s t ɪ ŋ k t	b l ɪ ŋ k	b l ɪ ŋ k t	b l ɪ ŋ k t	s t ɪ ŋ k t	1	0	vowel_change	reg_t	reg_t
model_stem	f iː l d	f iː l d ə d	f iː l d ə d	b ɪ l d	b ɪ l t	b ɪ l t	f iː l t	0	0	reg_əd	reg_əd	coda_change
model_stem	s p a ɪ	s p a ɪ d	s p a ɪ d	s t e ɪ	s t e ɪ d	s t e ɪ d	s p a ɪ d	1	1	reg_d	reg_d	reg_d
model_stem	s ɪ ɡ n ə l	s ɪ ɡ n ə l d	s ɪ ɡ n ə l d	t r æ v ə l	t r æ v ə l d	t r æ v ə l d	s ɪ ɡ n ə l d	1	1	reg_d	reg_d	reg_d
model_stem	ɛ n k ɹ̩ ɪ d͡ʒ	ɛ n k ɹ̩ ɪ d͡ʒ d	ɛ n k ɹ̩ ɪ d͡ʒ d	ɪ n ɡ e ɪ d͡ʒ	ɪ n ɡ e ɪ d͡ʒ d	ɪ n ɡ e ɪ d͡ʒ d	ɛ n k ɹ̩ ɪ d͡ʒ d	1	1	reg_d	reg_d	reg_d
model_stem	s æ n ɪ t a ɪ z	s æ n ɪ t a ɪ z d	s æ n t a ɪ z ɪ d	ɔ r ɡ ə n a ɪ z	ɔ r ɡ ə n a ɪ z d	ɔ r ɡ ə n a ɪ z d	s æ n ɪ t a ɪ z d	0	1	reg_d	other	reg_d
model_stem	f r a ɪ t ə n	f r a ɪ t ə n d	f r a ɪ t ə n d	d ɪ t ɹ̩ m ə n	d ɪ t ɹ̩ m ə n d	d ɪ t ɹ̩ m ə n d	f r a ɪ t ə n d	1	1	reg_d	reg_d	reg_d
model_stem	o ʊ v ɹ̩ k ə m	o ʊ v ɹ̩ k e ɪ m	o ʊ v ɹ̩ k ə m d	v æ k j uː m	v æ k j uː m d	v æ k j uː m d	o ʊ v ɹ̩ k ə m d	1	0	vowel_change	reg_d	reg_d
model_stem	p ɛ p ɹ̩	p ɛ p ɹ̩ d	p ɛ p ɹ̩ d	p iː t ɹ̩	p iː t ɹ̩ d	p iː t ɹ̩ d	p ɛ p ɹ̩ d	1	1	reg_d	reg_d	reg_d
model_stem	b ʌ d͡ʒ	b ʌ d͡ʒ d	b ʌ d͡ʒ d	h ɛ d͡ʒ	h ɛ d͡ʒ d	h ɛ d͡ʒ d	b ʌ d͡ʒ d	1	1	reg_d	reg_d	reg_d
model_stem	ɡ l ɛ r	ɡ l ɛ r d	ɡ l ɛ r d	s t ɑː r	s t ɑː r d	s t ɑː r d	ɡ l ɛ r d	1	1	reg_d	reg_d	reg_d
model_stem	ə f ɔ r d	ə f ɔ r d ə d	ə f ɔ r d ə d	k r a ʊ d	k r a ʊ d ə d	k r a ʊ d ə d	ə f ɔ r d ə d	1	1	reg_əd	reg_əd	reg_əd
model_stem	s k o ʊ l d	s k o ʊ l d ə d	s k o ʊ l d ə d	ɡ r a ʊ n d	ɡ r a ʊ n d ə d	ɡ r a ʊ n d ə d	s k o ʊ l d ə d	1	1	reg_əd	reg_əd	reg_əd
model_stem	s ɛ n s	s ɛ n s t	s ɛ n s t	d æ n s	d æ n s t	d æ n s t	s ɛ n s t	1	1	reg_t	reg_t	reg_t
model_stem	ɛ m f ə s a ɪ z	ɛ m f ə s a ɪ z d	ɛ m ɛ s a ɪ d	ɛ k s ɹ̩ s a ɪ z	ɛ k s ɹ̩ s a ɪ z d	ɛ k s ɹ̩ s a ɪ z d	ɛ m f ə s a ɪ z d	0	1	reg_d	other	reg_d
model_stem	l e ɪ b ə l	l e ɪ b ə l d	l e ɪ b ə l d	t e ɪ b ə l	t e ɪ b ə l d	t e ɪ b ə l d	l e ɪ b ə l d	1	1	reg_d	reg_d	reg_d
model_stem	b a ʊ	b a ʊ d	b ɔ t	ʃ o ʊ	ʃ o ʊ d	ʃ o ʊ d	b a ʊ d	0	1	reg_d	vowel_change_suffix	reg_d
model_stem	b ʌ n t͡ʃ	b ʌ n t͡ʃ t	b ʌ n t͡ʃ t	m ʌ n t͡ʃ	m ʌ n t͡ʃ t	m ʌ n t͡ʃ t	b ʌ n t͡ʃ t	1	1	reg_t	reg_t	reg_t
model_stem	t ɛ r ə r a ɪ z	t ɛ r ə r a ɪ z d	t ɛ r ə r a ɪ z d	ɛ k s ɹ̩ s a ɪ z	ɛ k s ɹ̩ s a ɪ z d	ɛ k s ɹ̩ s a ɪ z d	t ɛ r ə r a ɪ z d	1	1	reg_d	reg_d	reg_d
model_stem	ɡ r æ v ə t e ɪ t	ɡ r æ v ə t e ɪ t ə d	ɡ r æ v ə t e ɪ t ə d	ə s o ʊ s iː e ɪ t	ə s o ʊ s iː e ɪ t ə d	ə s o ʊ s iː e ɪ t ə d	ɡ r æ v ə t e ɪ t ə d	1	1	reg_əd	reg_əd	reg_əd
model_stem	b l æ s t	b l æ s t ə d	b l æ s t ə d	p l æ n t	p l æ n t ə d	p l æ n t ə d	b l æ s t ə d	1	1	reg_əd	reg_əd	reg_əd
model_stem	ɪ n ɪ ʃ ə l	ɪ n ɪ ʃ ə l d	ɪ n ɪ ʃ ə l d	t r æ v ə l	t r æ v ə l d	t r æ v ə l d	ɪ n ɪ ʃ ə l d	1	1	reg_d	reg_d	reg_d
model_stem	s w ɑː p	s w ɑː p t	s w ɑː p t	k r ɑː p	k r ɑː p t	k r ɑː p t	s w ɑː p t	1	1	reg_t	reg_t	reg_t
model_stem	æ d m a ɪ ɹ̩	æ d m a ɪ ɹ̩ d	æ m a ɪ v ɹ̩ d	r ɪ t a ɪ ɹ̩	r ɪ t a ɪ ɹ̩ d	r ɪ t a ɪ ɹ̩ d	æ d m a ɪ ɹ̩ d	0	1	reg_d	other	reg_d
model_stem	s ə p ɔ r t	s ə p ɔ r t ə d	s ə p ɔ r t ə d	r iː p ɔ r t	r iː p ɔ r t ə d	r iː p ɔ r t ə d	s ə p ɔ r t ə d	1	1	reg_əd	reg_əd	reg_əd
model_stem	p æ m p ɹ̩	p æ m p ɹ̩ d	p æ m p ɹ̩ d	w ɪ s p ɹ̩	w ɪ s p ɹ̩ d	w ɪ s p ɹ̩ d	p æ m p ɹ̩ d	1	1	reg_d	reg_d	reg_d
model_stem	v ɔ ɪ s	v ɔ ɪ s t	v ɔ ɪ s t	f e ɪ s	f e ɪ s t	f e ɪ s t	v ɔ ɪ s t	1	1	reg_t	reg_t	reg_t
model_stem	s k ɔ r	s k ɔ r d	s k ɔ r d	s t ɔ r	s t ɔ r d	s t ɔ r d	s k ɔ r d	1	1	reg_d	reg_d	reg_d
model_stem	d ɑː k t ɹ̩	d ɑː k t ɹ̩ d	d ɑː k t ɹ̩ d	s p ʌ t ɹ̩	s p ʌ t ɹ̩ d	s p ʌ t ɹ̩ d	d ɑː k t ɹ̩ d	1	1	reg_d	reg_d	reg_d
model_stem	r iː v æ m p	r iː v æ m p t	r iː v æ m p t	k ɪ d n æ p	k ɪ d n æ p t	k ɪ d n æ p t	r iː v æ m p t	1	1	reg_t	reg_t	reg_t
model_stem	l iː s	l iː s t	l iː s t	ɡ ɛ s	ɡ ɛ s t	ɡ ɛ s t	l iː s t	1	1	reg_t	reg_t	reg_t
model_stem	s ə p r ɛ s	s ə p r ɛ s t	s ə p r ɛ s t	ɪ m p r ɛ s	ɪ m p r ɛ s t	ɪ m p r ɛ s t	s ə p r ɛ s t	1	1	reg_t	reg_t	reg_t
model_stem	ə p o ʊ z	ə p o ʊ z d	ə p o ʊ z d	k l o ʊ z	k l o ʊ z d	k l o ʊ z d	ə p o ʊ z d	1	1	reg_d	reg_d	reg_d
model_stem	f l ɑː p	f l ɑː p t	f l ɑː p t	d r ɑː p	d r ɑː p t	d r ɑː p t	f l ɑː p t	1	1	reg_t	reg_t	reg_t
model_stem	b ʌ m	b ʌ m d	b ʌ m d	k ʌ m	k ʌ m d	k e ɪ m	b ʌ m d	1	1	reg_d	reg_d	reg_d
model_stem	s p ɹ̩ t	s p ɹ̩ t ə d	s p ɹ̩ t ə d	l ɪ f t	l ɪ f t ə d	l ɪ f t ə d	s p ɹ̩ t ə d	1	1	reg_əd	reg_əd	reg_əd
model_stem	h uː t	h uː t ə d	h uː t	ʃ uː t	ʃ ɑː t	ʃ ɑː t	h ɑː t	0	0	reg_əd	no_change	vowel_change
model_stem	p ɹ̩ s	p ɹ̩ s t	p ɹ̩ s t	d͡ʒ ɹ̩ k	d͡ʒ ɹ̩ k t	d͡ʒ ɹ̩ k t	p ɹ̩ s t	1	1	reg_t	reg_t	reg_t
model_stem	k l ʌ b	k l ʌ b d	k l ʌ b d	k j uː b	k j uː b d	k j uː b d	k l ʌ b d	1	1	reg_d	reg_d	reg_d
model_stem	p ɪ t iː	p ɪ t iː d	p ɪ t iː d	m ʌ d iː	m ʌ d iː d	m ʌ d iː d	p ɪ t iː d	1	1	reg_d	reg_d	reg_d
model_stem	t r æ m p	t r æ m p t	t r æ m p t	t r ʌ m p	t r ʌ m p t	t r ʌ m p t	t r æ m p t	1	1	reg_t	reg_t	reg_t
model_stem	d͡ʒ ɛ n ɹ̩ e ɪ t	d͡ʒ ɛ n ɹ̩ e ɪ t ə d	d͡ʒ ɛ n ɹ̩ e ɪ t ə d	d ɛ k ɹ̩ e ɪ t	d ɛ k ɹ̩ e ɪ t ə d	d ɛ k ɹ̩ e ɪ t ə d	d͡ʒ ɛ n ɹ̩ e ɪ t ə d	1	1	reg_əd	reg_əd	reg_əd
model_stem	t æ t ə l	t æ t ə l d	t æ t ə l d	b æ t ə l	b æ t ə l d	b æ t ə l d	t æ t ə l d	1	1	reg_d	reg_d	reg_d
model_stem	f ʌ m b ə l	f ʌ m b ə l d	f ʌ m b ə l d	t ʌ m b ə l	t ʌ m b ə l d	t ʌ m b ə l d	f ʌ m b ə l d	1	1	reg_d	reg_d	reg_d
model_stem	s t æ ʃ	s t æ ʃ t	s t æ ʃ t	s m æ ʃ	s m æ ʃ t	s m æ ʃ t	s t æ ʃ t	1	1	reg_t	reg_t	reg_t
model_stem	ɪ n s ɪ s t	ɪ n s ɪ s t ə d	ɪ n s ɪ s t ə d	ɪ ɡ z ɪ s t	ɪ ɡ z ɪ s t ə d	ɪ ɡ z ɪ s t ə d	ɪ n s ɪ s t ə d	1	1	reg_əd	reg_əd	reg_əd
model_stem	ɪ ɡ z æ m ɪ n	ɪ ɡ z æ m ɪ n d	ɪ ɡ z æ m æ n d	d ɪ t ɹ̩ m ə n	d ɪ t ɹ̩ m ə n d	d ɪ t ɹ̩ m ə n d	ɪ ɡ z æ m ɪ n d	0	1	reg_d	vowel_change_suffix	reg_d
model_stem	b l ɑː s ə m	b l ɑː s ə m d	b l ɑː s ə m d	k ə n f ɹ̩ m	k ə n f ɹ̩ m d	k ə n f ɹ̩ m d	b l ɑː s ə m d	1	1	reg_d	reg_d	reg_d
model_stem	r o ʊ p	r o ʊ p t	r o ʊ p t	h o ʊ p	h o ʊ p t	h o ʊ p t	r o ʊ p t	1	1	reg_t	reg_t	reg_t
model_stem	p ɪ ŋ	p ɪ ŋ d	p ɪ ŋ d	s ɪ ŋ	s ɪ ŋ d	s æ ŋ	p ɪ ŋ d	1	1	reg_d	reg_d	reg_d
model_stem	v o ʊ t	v o ʊ t ə d	v o ʊ t ə d	n o ʊ t	n o ʊ t ə d	n o ʊ t ə d	v o ʊ t ə d	1	1	reg_əd	reg_əd	reg_əd
model_stem	n iː r	n iː r d	n iː r d	f iː r	f iː r d	f iː r d	n iː r d	1	1	reg_d	reg_d	reg_d
model_stem	t r ʌ s t	t r ʌ s t ə d	t r ʌ s t ə d	t o ʊ s t	t o ʊ s t ə d	t o ʊ s t ə d	t r ʌ s t ə d	1	1	reg_əd	reg_əd	reg_əd
model_stem	ɪ n t ɹ̩ s p ɹ̩ s	ɪ n t ɹ̩ s p ɹ̩ s t	ɪ n t ɹ̩ s p ɹ̩ s t ɹ̩ s ɹ̩ n t ɹ̩ s	p r ə n a ʊ n s	p r ə n a ʊ n s t	p r ə n a ʊ n s t	ɪ n t ɹ̩ s p ɹ̩ s t	0	1	reg_t	other	reg_t
model_stem	s w uː p	s w uː p t	s w uː p t	s k uː p	s k uː p t	s k uː p t	s w uː p t	1	1	reg_t	reg_t	reg_t
model_stem	d͡ʒ e ɪ l	d͡ʒ e ɪ l d	d͡ʒ e ɪ l d	n e ɪ l	n e ɪ l d	n e ɪ l d	d͡ʒ e ɪ l d	1	1	reg_d	reg_d	reg_d
model_stem	f e ɪ l	f e ɪ l d	f e ɪ l d	f a ɪ l	f a ɪ l d	f a ɪ l d	f e ɪ l d	1	1	reg_d	reg_d	reg_d
model_stem	b ʊ k	b ʊ k t	b ʊ k t	h ʊ k	h ʊ k t	h ʊ k t	b ʊ k t	1	1	reg_t	reg_t	reg_t
model_stem	s ɪ f t	s ɪ f t ə d	s ɪ f t ə d	l ɪ f t	l ɪ f t ə d	l ɪ f t ə d	s ɪ f t ə d	1	1	reg_əd	reg_əd	reg_əd
model_stem	k a ʊ t͡ʃ	k a ʊ t͡ʃ t	k a ʊ t͡ʃ t	b l iː t͡ʃ	b l iː t͡ʃ t	b l iː t͡ʃ t	k a ʊ t͡ʃ t	1	1	reg_t	reg_t	reg_t
model_stem	f r ʌ n t	f r ʌ n t ə d	f r ʌ n t ə d	ɡ r æ n t	ɡ r æ n t ə d	ɡ r æ n t ə d	f r ʌ n t ə d	1	1	reg_əd	reg_əd	reg_əd
model_stem	p r ə d uː s	p r ə d uː s t	p r ə d uː s t	r ɪ d uː s	r ɪ d uː s t	r ɪ d uː s t	p r ə d uː s t	1	1	reg_t	reg_t	reg_t
model_stem	ʃ e ɪ d	ʃ e ɪ d ə d	ʃ e ɪ d ə d	r e ɪ d	r e ɪ d ə d	r e ɪ d ə d	ʃ e ɪ d ə d	1	1	reg_əd	reg_əd	reg_əd
model_stem	d r ɛ n t͡ʃ	d r ɛ n t͡ʃ t	d r ɛ n t͡ʃ t	k r ʌ n t͡ʃ	k r ʌ n t͡ʃ t	k r ʌ n t͡ʃ t	d r ɛ n t͡ʃ t	1	1	reg_t	reg_t	reg_t
model_stem	s p l æ t ɹ̩	s p l æ t ɹ̩ d	s p l æ t ɹ̩ d	p l æ s t ɹ̩	p l æ s t ɹ̩ d	p l æ s t ɹ̩ d	s p l æ t ɹ̩ d	1	1	reg_d	reg_d	reg_d
model_stem	r iː v j uː	r iː v j uː d	r iː v j uː d	ɑː r ɡ j uː	ɑː r ɡ j uː d	ɑː r ɡ j uː d	r iː v j uː d	1	1	reg_d	reg_d	reg_d
model_stem	b ɔ r	b ɔ r d	b ɔ r d	b ɛ r	b ɛ r d	b o ʊ r	b ɔ r d	1	1	reg_d	reg_d	reg_d
model_stem	s iː t	s iː t ə d	s iː t	h iː t	h iː t	h iː t ə d	s iː t	1	0	reg_əd	no_change	no_change
model_stem	b ɛ d	b ɛ d ə d	b ɛ d ə d	ʃ ɛ d	ʃ ɛ d ə d	ʃ ɛ d ə d	b ɛ d ə d	1	1	reg_əd	reg_əd	reg_əd
model_stem	ə n s iː t	ə n s iː t ə d	ə n s iː t ə d	d ɪ f iː t	d ɪ f iː t ə d	d ɪ f iː t ə d	ə n s iː t ə d	1	1	reg_əd	reg_əd	reg_əd
model_stem	m ʌ f ə l	m ʌ f ə l d	m ʌ f ə l d	f j uː ə l	f j uː ə l d	f j uː ə l d	m ʌ f ə l d	1	1	reg_d	reg_d	reg_d
model_stem	s t ʌ m p	s t ʌ m p t	s t ʌ m p t	s t ɑː m p	s t ɑː m p t	s t ɑː m p t	s t ʌ m p t	1	1	reg_t	reg_t	reg_t
model_stem	t r æ n s p l æ n t	t r æ n s p l æ n t ə d	t s p l æ l æ n d	ə p r o ʊ p r iː e ɪ t	ə p r o ʊ p r iː e ɪ t ə d	ə p r o ʊ p r iː e ɪ t ə d	t r æ n s p l æ n t ə d	0	1	reg_əd	other	reg_əd
model_stem	v ɪ ʒ w ə l a ɪ z	v ɪ ʒ w ə l a ɪ z d	v ə l ə l a ɪ d	s ɪ m b ə l a ɪ z	s ɪ m b ə l a ɪ z d	s ɪ m b ə l a ɪ z d	v ɪ ʒ w ə l a ɪ z d	0	1	reg_d	other	reg_d
model_stem	ɡ æ l ə p	ɡ æ l ə p t	ɡ æ l ə p t	ə n r æ p	ə n r æ p t	ə n r æ p t	ɡ æ l ə p t	1	1	reg_t	reg_t	reg_t
model_stem	s ʌ l iː	s ʌ l iː d	s ʌ l iː d	t w ɹ̩ l	t w ɹ̩ l d	t w ɹ̩ l d	s ʌ l iː d	1	1	reg_d	reg_d	reg_d
model_stem	ə n f o ʊ l d	ə n f o ʊ l d ə d	ə n f o ʊ n d ə d	r ɪ s p ɑː n d	r ɪ s p ɑː n d ə d	r ɪ s p ɑː n d ə d	ə n f o ʊ l d ə d	0	1	reg_əd	other	reg_əd
model_stem	w iː	w iː d	w iː d	s iː	s iː d	s ɔ	w iː d	1	1	reg_d	reg_d	reg_d
model_stem	ɪ m ə t e ɪ t	ɪ m ə t e ɪ t ə d	ɪ m ə t e ɪ t ə d	f ɪ k s e ɪ t	f ɪ k s e ɪ t ə d	f ɪ k s e ɪ t ə d	ɪ m ə t e ɪ t ə d	1	1	reg_əd	reg_əd	reg_əd
model_stem	s w ɹ̩ v	s w ɹ̩ v d	s w ɹ̩ v d	s ɑː l v	s ɑː l v d	s ɑː l v d	s w ɹ̩ v d	1	1	reg_d	reg_d	reg_d
model_stem	h iː p	h iː p t	h iː p t	b iː p	b iː p t	b iː p t	h iː p t	1	1	reg_t	reg_t	reg_t
model_stem	r iː f j uː ə l	r iː f j uː ə l d	r iː f j uː ə l d	s k r ɪ b ə l	s k r ɪ b ə l d	s k r ɪ b ə l d	r iː f j uː ə l d	1	1	reg_d	reg_d	reg_d
model_stem	t͡ʃ æ n t	t͡ʃ æ n t ə d	t͡ʃ æ n t ə d	w ɔ n t	w ɔ n t ə d	w ɔ n t ə d	t͡ʃ æ n t ə d	1	1	reg_əd	reg_əd	reg_əd
model_decision	iː t	e ɪ t	iː ɪ t	r iː b ɪ l d	r iː b ɪ l t	r iː b ɪ l t	NA	0	0	vowel_change	vowel_change	coda_change
model_decision	m e ɪ k	m e ɪ d	m e ɪ k t	r e ɪ k	r e ɪ k t	r e ɪ k t	m e ɪ k t	1	0	coda_change	reg_t	reg_t
model_decision	n o ʊ	n uː	n o ʊ d	m o ʊ	m o ʊ d	m o ʊ d	n o ʊ d	1	0	vowel_change	reg_d	reg_d
model_decision	f ɔ l	f ɛ l	f ɔ l d	f uː l	f uː l d	f uː l d	f ɔ l d	1	0	vowel_change	reg_d	reg_d
model_decision	b r ɪ ŋ	b r ɔ t	b r ɪ ŋ	b ɪ l ɔ ŋ	b ɪ l ɔ ŋ d	b ɪ l ɔ ŋ d	b r ɪ ŋ d	0	0	rhyme_replaced	no_change	reg_d
model_decision	s t ɑː r t	s t ɑː r t ə d	s t ɑː r t ə d	s m ɑː r t	s m ɑː r t ə d	s m ɑː r t ə d	s t ɑː r t ə d	1	1	reg_əd	reg_əd	reg_əd
model_decision	t e ɪ k	t ʊ k	t e ɪ k t	t r ɪ k	t r ɪ k t	t r ɪ k t	t e ɪ k t	1	0	vowel_change	reg_t	reg_t
model_decision	h e ɪ t	h e ɪ t ə d	h e ɪ t ə d	m e ɪ t	m e ɪ t ə d	m e ɪ t ə d	h e ɪ t ə d	1	1	reg_əd	reg_əd	reg_əd
model_decision	r a ɪ t	r o ʊ t	r o ʊ t ə d	r a ɪ m	r o ʊ m d	r a ɪ m d	NA	0	0	vowel_change	other	vowel_change_suffix
model_decision	f ɪ t	f ɪ t	f ɪ t ə d	n ɪ t	n ɪ t ə d	n ɪ t ə d	f ɪ t ə d	1	0	no_change	reg_əd	reg_əd
model_decision	d a ɪ n	d a ɪ n d	d a ɪ n d	d a ʊ n	d a ʊ n d	d a ʊ n d	d a ɪ n d	1	1	reg_d	reg_d	reg_d
model_decision	m ɪ s	m ɪ s t	m ɪ s t	k ɪ s	k ɪ s t	k ɪ s t	m ɪ s t	1	1	reg_t	reg_t	reg_t
model_decision	n ɑː k	n ɑː k t	n ɑː k t	k ɑː k	k ɑː k t	k ɑː k t	n ɑː k t	1	1	reg_t	reg_t	reg_t
model_decision	n iː d	n iː d ə d	n iː d ə d	f iː d	f iː d ə d	f ɛ d	n iː d ə d	1	1	reg_əd	reg_əd	reg_əd
model_decision	m uː v	m uː v d	m uː v d	w iː v	w iː v d	w iː v d	m uː v d	1	1	reg_d	reg_d	reg_d
model_decision	f l ɪ p	f l ɪ p t	f l ʌ p t	f l ɪ ŋ	f l ʌ ŋ	f l ʌ ŋ	NA	0	0	reg_t	vowel_change_suffix	vowel_change
model_decision	r ɛ d iː	r ɛ d iː d	r ɛ d iː d	b ɑː d iː	b ɑː d iː d	b ɑː d iː d	r ɛ d iː d	1	1	reg_d	reg_d	reg_d
model_decision	z ɪ p	z ɪ p t	z ɪ p t	w ɪ p	w ɪ p t	w ɪ p t	z ɪ p t	1	1	reg_t	reg_t	reg_t
model_decision	f a ɪ t	f ɔ t	f a ɪ t ə d	b a ɪ t	b a ɪ t ə d	b ɪ t	f a ɪ t ə d	1	0	vowel_change	reg_əd	reg_əd
model_decision	k æ t͡ʃ	k ɔ t	k æ t͡ʃ t	h æ t͡ʃ	h æ t͡ʃ t	h æ t͡ʃ t	k æ t͡ʃ t	1	0	rhyme_replaced	reg_t	reg_t
model_decision	f l o ʊ t	f l o ʊ t ə d	f l o ʊ t ə d	b l o ʊ t	b l o ʊ t ə d	b l o ʊ t ə d	f l o ʊ t ə d	1	1	reg_əd	reg_əd	reg_əd
model_decision	w ɪ ʃ	w ɪ ʃ t	w ɪ ʃ t	h ʌ ʃ	h ʌ ʃ t	h ʌ ʃ t	w ɪ ʃ t	1	1	reg_t	reg_t	reg_t
model_decision	ʃ e ɪ k	ʃ ʊ k	ʃ e ɪ k t	k e ɪ k	k e ɪ k t	k e ɪ k t	ʃ e ɪ k t	1	0	vowel_change	reg_t	reg_t
model_decision	k ɪ k	k ɪ k t	k ɪ k t	t ɪ k	t ɪ k t	t ɪ k t	k ɪ k t	1	1	reg_t	reg_t	reg_t
model_decision	t͡ʃ e ɪ n d͡ʒ	t͡ʃ e ɪ n d͡ʒ d	t͡ʃ e ɪ n d͡ʒ d	p l ʌ n d͡ʒ	p l ʌ n d͡ʒ d	p l ʌ n d͡ʒ d	t͡ʃ e ɪ n d͡ʒ d	1	1	reg_d	reg_d	reg_d
model_decision	θ r o ʊ	θ r uː	θ r o ʊ d	b l o ʊ	b l o ʊ d	b l uː	θ r o ʊ d	1	0	vowel_change	reg_d	reg_d
model_decision	b æ k	b æ k t	b æ k t	w æ k	w æ k t	w æ k t	b æ k t	1	1	reg_t	reg_t	reg_t
model_decision	f l æ ʃ	f l æ ʃ t	f l æ ʃ t	f l ʌ ʃ	f l ʌ ʃ t	f l ʌ ʃ t	f l æ ʃ t	1	1	reg_t	reg_t	reg_t
model_decision	ɡ r o ʊ	ɡ r uː	ɡ r o ʊ d	k r o ʊ	k r o ʊ d	k r o ʊ d	ɡ r o ʊ d	1	0	vowel_change	reg_d	reg_d
model_decision	s m a ɪ l	s m a ɪ l d	s m a ɪ l d	s p ɔ ɪ l	s p ɔ ɪ l d	s p ɔ ɪ l d	s m a ɪ l d	1	1	reg_d	reg_d	reg_d
model_decision	s t ɑː p	s t ɑː p t	s t ɑː p t	k r ɑː p	k r ɑː p t	k r ɑː p t	s t ɑː p t	1	1	reg_t	reg_t	reg_t
model_decision	s t ɹ̩	s t ɹ̩ d	s t ɹ̩ d	ɔ f ɹ̩	ɔ f ɹ̩ d	ɔ f ɹ̩ d	s t ɹ̩ d	1	1	reg_d	reg_d	reg_d
model_decision	t͡ʃ uː	t͡ʃ uː d	t͡ʃ uː d	b uː	b uː d	b uː d	t͡ʃ uː d	1	1	reg_d	reg_d	reg_d
model_decision	d r ɛ s	d r ɛ s t	d r ɛ s t	ɡ r iː s	ɡ r iː s t	ɡ r iː s t	d r ɛ s t	1	1	reg_t	reg_t	reg_t
model_decision	ə n d ɹ̩ s t æ n d	ə n d ɹ̩ s t ʊ d	ə n t ə t æ n d	b ɪ l d	b ɪ l t	b ɪ l t	ə n d ɹ̩ s t æ n t	0	0	rhyme_replaced	other	coda_change
model_decision	t͡ʃ e ɪ s	t͡ʃ e ɪ s t	t͡ʃ e ɪ s t	f e ɪ s	f e ɪ s t	f e ɪ s t	t͡ʃ e ɪ s t	1	1	reg_t	reg_t	reg_t
model_decision	h ʌ ɡ	h ʌ ɡ d	h ʌ ɡ d	t ʌ ɡ	t ʌ ɡ d	t ʌ ɡ d	h ʌ ɡ d	1	1	reg_d	reg_d	reg_d
model_decision	h ɪ t	h ɪ t	h ɪ t	s ɪ t	s ɪ t	s æ t	h ɪ t	1	1	no_change	no_change	no_change
model_decision	h æ m ɹ̩	h æ m ɹ̩ d	h æ m ɹ̩ d	w a ɪ ɹ̩	w a ɪ ɹ̩ d	w a ɪ ɹ̩ d	h æ m ɹ̩ d	1	1	reg_d	reg_d	reg_d
model_decision	w a ɪ n d	w a ɪ n d ə d	w a ɪ n d ə d	m a ɪ n d	m a ɪ n d ə d	m a ɪ n d ə d	w a ɪ n d ə d	1	1	reg_əd	reg_əd	reg_əd
model_decision	k ə n s t r ʌ k t	k ə n s t r ʌ k t ə d	k ə t r t r ʌ k t ə d	t ɑː p	t ɑː p t	t ɑː p t	k ə n s t r ʌ k t t	0	0	reg_əd	other	reg_t
model_decision	m iː t	m ɛ t	m iː t ə d	h iː t	h iː t	h iː t ə d	m iː t	0	0	vowel_change	reg_əd	no_change
model_decision	s w ɪ ʃ	s w ɪ ʃ t	s w ɪ ʃ t	k r æ ʃ	k r æ ʃ t	k r æ ʃ t	s w ɪ ʃ t	1	1	reg_t	reg_t	reg_t
model_decision	s k w iː z	s k w iː z d	s k w iː z d	r ɪ l iː v	r ɪ l iː v d	r ɪ l iː v d	s k w iː z d	1	1	reg_d	reg_d	reg_d
model_decision	t͡ʃ ʌ ɡ	t͡ʃ ʌ ɡ d	t͡ʃ ʌ ɡ d	t ʌ ɡ	t ʌ ɡ d	t ʌ ɡ d	t͡ʃ ʌ ɡ d	1	1	reg_d	reg_d	reg_d
model_decision	b r æ n t͡ʃ	b r æ n t͡ʃ t	b r æ n t͡ʃ t	k r ʌ n t͡ʃ	k r ʌ n t͡ʃ t	k r ʌ n t͡ʃ t	b r æ n t͡ʃ t	1	1	reg_t	reg_t	reg_t
model_decision	n o ʊ t ɪ s	n o ʊ t ɪ s t	n o ʊ t ɪ s t	b æ l ə n s	b æ l ə n s t	b æ l ə n s t	n o ʊ t ɪ s t	1	1	reg_t	reg_t	reg_t
model_decision	b e ɪ k	b e ɪ k t	b e ɪ k t	f e ɪ k	f e ɪ k t	f e ɪ k t	b e ɪ k t	1	1	reg_t	reg_t	reg_t
model_decision	s n æ p	s n æ p t	s n æ p t	k l æ p	k l æ p t	k l æ p t	s n æ p t	1	1	reg_t	reg_t	reg_t
model_decision	s w ɪ m	s w æ m	s w ɪ m d	s k ɪ m	s k ɪ m d	s k ɪ m d	s w ɪ m d	1	0	vowel_change	reg_d	reg_d
model_decision	ʃ ʌ t ə l	ʃ ʌ t ə l d	ʃ ʌ t ə l d	f j uː ə l	f j uː ə l d	f j uː ə l d	ʃ ʌ t ə l d	1	1	reg_d	reg_d	reg_d
model_decision	ə p r iː ʃ iː e ɪ t	ə p r iː ʃ iː e ɪ t ə d	ə p iː ʃ iː ʃ e ɪ t ə d	s w iː p	s w ɛ p t	s w ɛ p t	NA	0	0	reg_əd	other	vowel_change_suffix
model_decision	s m uː ð	s m uː ð d	s m uː ð d	b e ɪ ð	b e ɪ ð d	b e ɪ ð d	s m uː ð d	1	1	reg_d	reg_d	reg_d
model_decision	s t ɛ r	s t ɛ r d	s t ɛ r d	s p ɛ r	s p ɛ r d	s p ɛ r d	s t ɛ r d	1	1	reg_d	reg_d	reg_d
model_decision	k ɑː s t uː m	k ɑː s t uː m d	k ɑː s t uː m d	v æ k j uː m	v æ k j uː m d	v æ k j uː m d	k ɑː s t uː m d	1	1	reg_d	reg_d	reg_d
model_decision	ɡ uː f	ɡ uː f t	ɡ uː f t	b iː f	b iː f t	b iː f t	ɡ uː f t	1	1	reg_t	reg_t	reg_t
model_decision	d r a ʊ n	d r a ʊ n d	d r a ʊ n d	b r a ʊ n	b r a ʊ n d	b r a ʊ n d	d r a ʊ n d	1	1	reg_d	reg_d	reg_d
model_decision	n ɹ̩ s	n ɹ̩ s t	n ɹ̩ s t	d͡ʒ ɹ̩ k	d͡ʒ ɹ̩ k t	d͡ʒ ɹ̩ k t	n ɹ̩ s t	1	1	reg_t	reg_t	reg_t
model_decision	k r a ɪ	k r a ɪ d	k r a ɪ d	f r a ɪ	f r a ɪ d	f r a ɪ d	k r a ɪ d	1	1	reg_d	reg_d	reg_d
model_decision	iː v ɪ n	iː v ɪ n d	iː v ɪ n d	t͡ʃ e ɪ n	t͡ʃ e ɪ n d	t͡ʃ e ɪ n d	iː v ɪ n d	1	1	reg_d	reg_d	reg_d
model_decision	m a ɪ n	m a ɪ n d	m a ɪ n d	ʃ a ɪ n	ʃ a ɪ n d	ʃ a ɪ n d	m a ɪ n d	1	1	reg_d	reg_d	reg_d
model_decision	b ɪ ɡ ɪ n	b ɪ ɡ æ n	b ɪ ɡ e ɪ n	f ɹ̩ ɡ ɪ v	f ɹ̩ ɡ e ɪ v	f ɹ̩ ɡ e ɪ v	NA	0	0	vowel_change	vowel_change	vowel_change
model_decision	s p æ ŋ k	s p æ ŋ k t	s p æ ŋ k t	ə n p æ k	ə n p æ k t	ə n p æ k t	s p æ ŋ k t	1	1	reg_t	reg_t	reg_t
model_decision	t͡ʃ ɪ p	t͡ʃ ɪ p t	t͡ʃ ɪ p t	t ɪ p	t ɪ p t	t ɪ p t	t͡ʃ ɪ p t	1	1	reg_t	reg_t	reg_t
model_decision	s p iː k	s p o ʊ k	s p iː k t	f r iː k	f r iː k t	f r iː k t	s p iː k t	1	0	vowel_change	reg_t	reg_t
model_decision	s w ɪ t͡ʃ	s w ɪ t͡ʃ t	s w ɪ t͡ʃ t	t w ɪ t͡ʃ	t w ɪ t͡ʃ t	t w ɪ t͡ʃ t	s w ɪ t͡ʃ t	1	1	reg_t	reg_t	reg_t
model_decision	f a ɪ ɹ̩	f a ɪ ɹ̩ d	f a ɪ ɹ̩ d	t a ɪ ɹ̩	t a ɪ ɹ̩ d	t a ɪ ɹ̩ d	f a ɪ ɹ̩ d	1	1	reg_d	reg_d	reg_d
model_decision	b ɪ l	b ɪ l d	b ɪ l d	k ɪ l	k ɪ l d	k ɪ l d	b ɪ l d	1	1	reg_d	reg_d	reg_d
model_decision	r iː m a ɪ n d	r iː m a ɪ n d ə d	r iː m a ɪ n d ə d	ɪ k s p æ n d	ɪ k s p æ n d ə d	ɪ k s p æ n d ə d	r iː m a ɪ n d ə d	1	1	reg_əd	reg_əd	reg_əd
model_decision	s iː d	s iː d ə d	s iː d ə d	w iː d	w iː d ə d	w iː d ə d	s iː d ə d	1	1	reg_əd	reg_əd	reg_əd
model_decision	w e ɪ v	w e ɪ v d	w e ɪ v d	ʃ e ɪ v	ʃ e ɪ v d	ʃ e ɪ v d	w e ɪ v d	1	1	reg_d	reg_d	reg_d
model_decision	b l uː m	b l uː m d	b l uː m d	s t ɛ m	s t ɛ m d	s t ɛ m d	b l uː m d	1	1	reg_d	reg_d	reg_d
model_decision	s t ɪ ŋ	s t ʌ ŋ	s t ɪ ŋ	r ɔ ŋ	r ɔ ŋ d	r ɔ ŋ d	s t ɪ ŋ d	0	0	vowel_change	no_change	reg_d
model_decision	ə r a ɪ v	ə r a ɪ v d	ə r a ɪ v d	d ɹ̩ a ɪ v	d ɹ̩ a ɪ v d	d ɹ̩ a ɪ v d	ə r a ɪ v d	1	1	reg_d	reg_d	reg_d
model_decision	b l ɛ s	b l ɛ s t	b l ɛ s t	ɡ r iː s	ɡ r iː s t	ɡ r iː s t	b l ɛ s t	1	1	reg_t	reg_t	reg_t
model_decision	ə r ɛ s t	ə r ɛ s t ə d	ə r ɛ s t ə d	r o ʊ s t	r o ʊ s t ə d	r o ʊ s t ə d	ə r ɛ s t ə d	1	1	reg_əd	reg_əd	reg_əd
model_decision	s p ɪ n	s p ʌ n	s p ɪ n d	s a ɪ n	s a ɪ n d	s a ɪ n d	s p ɪ n d	1	0	vowel_change	reg_d	reg_d
model_decision	k ə m p iː t	k ə m p iː t ə d	k ə m p iː t ə d	r ɪ p iː t	r ɪ p iː t ə d	r ɪ p iː t ə d	k ə m p iː t ə d	1	1	reg_əd	reg_əd	reg_əd
model_decision	t r e ɪ n	t r e ɪ n d	t r e ɪ n d	p l e ɪ n	p l e ɪ n d	p l e ɪ n d	t r e ɪ n d	1	1	reg_d	reg_d	reg_d
model_decision	p æ s	p æ s t	p æ s t	ɡ æ s	ɡ æ s t	ɡ æ s t	p æ s t	1	1	reg_t	reg_t	reg_t
model_decision	s ɪ ŋ k	s æ ŋ k	s ɪ ŋ k t	d͡ʒ ʌ ŋ k	d͡ʒ ʌ ŋ k t	d͡ʒ ʌ ŋ k t	s ɪ ŋ k t	1	0	vowel_change	reg_t	reg_t
model_decision	l uː p	l uː p t	l uː p t	w uː p	w uː p t	w uː p t	l uː p t	1	1	reg_t	reg_t	reg_t
model_decision	s ə l ɛ k t	s ə l ɛ k t ə d	s ə l ɛ k t ə d	k ə l ɛ k t	k ə l ɛ k t ə d	k ə l ɛ k t ə d	s ə l ɛ k t ə d	1	1	reg_əd	reg_əd	reg_əd
model_decision	r ɪ ŋ	r æ ŋ	r ɪ ŋ	s ɪ ŋ	s ɪ ŋ d	s æ ŋ	r ɪ ŋ d	0	0	vowel_change	no_change	reg_d
model_decision	m e ɪ l	m e ɪ l d	m e ɪ l d	s e ɪ l	s e ɪ l d	s e ɪ l d	m e ɪ l d	1	1	reg_d	reg_d	reg_d
model_decision	p æ t	p æ t ə d	p æ t ə d	b æ t	b æ t	b æ t ə d	p æ t	0	0	reg_əd	reg_əd	no_change
model_decision	k ɪ d	k ɪ d ə d	k ɪ d	e ɪ d	e ɪ d ə d	e ɪ d ə d	k ɪ d ə d	0	1	reg_əd	no_change	reg_əd
model_decision	p ɑː r d ə n	p ɑː r d ə n d	p ɑː r d ə n d	f l æ t ə n	f l æ t ə n d	f l æ t ə n d	p ɑː r d ə n d	1	1	reg_d	reg_d	reg_d
model_decision	s t iː r	s t iː r d	s t iː r d	ə p iː r	ə p iː r d	ə p iː r d	s t iː r d	1	1	reg_d	reg_d	reg_d
model_decision	f o ʊ l d	f o ʊ l d ə d	f o ʊ l d ə d	m o ʊ l d	m o ʊ l d ə d	m o ʊ l d ə d	f o ʊ l d ə d	1	1	reg_əd	reg_əd	reg_əd
model_decision	s n iː k	s n iː k t	s n iː k t	f r iː k	f r iː k t	f r iː k t	s n iː k t	1	1	reg_t	reg_t	reg_t
model_decision	b e ɪ l	b e ɪ l d	b e ɪ l d	s e ɪ l	s e ɪ l d	s e ɪ l d	b e ɪ l d	1	1	reg_d	reg_d	reg_d
model_decision	b ɛ t ɹ̩	b ɛ t ɹ̩ d	b ɛ t ɹ̩ d	b ʌ t ɹ̩	b ʌ t ɹ̩ d	b ʌ t ɹ̩ d	b ɛ t ɹ̩ d	1	1	reg_d	reg_d	reg_d
model_decision	ɡ ɑː r b ə l	ɡ ɑː r b ə l d	ɡ ɑː r b ə l d	m ɑː r b ə l	m ɑː r b ə l d	m ɑː r b ə l d	ɡ ɑː r b ə l d	1	1	reg_d	reg_d	reg_d
model_decision	s k w ɹ̩ t	s k w ɹ̩ t ə d	s k w ɹ̩ t ə d	k ɹ̩ ɛ k t	k ɹ̩ ɛ k t ə d	k ɹ̩ ɛ k t ə d	s k w ɹ̩ t ə d	1	1	reg_əd	reg_əd	reg_əd
model_decision	b ɑː k s	b ɑː k s t	b ɑː k s t	m æ k s	m æ k s t	m æ k s t	b ɑː k s t	1	1	reg_t	reg_t	reg_t
model_decision	s iː l	s iː l d	s iː l d	h iː l	h iː l d	h iː l d	s iː l d	1	1	reg_d	reg_d	reg_d
model_decision	s p r ɛ d	s p r ɛ d	s p r ɛ d ə d	ə t ɛ n d	ə t ɛ n d ə d	ə t ɛ n d ə d	s p r ɛ d ə d	1	0	no_change	reg_əd	reg_əd
model_decision	p r ɑː m ə s	p r ɑː m ə s t	p r ɑː m ə s t	h ɑː r n ə s	h ɑː r n ə s t	h ɑː r n ə s t	p r ɑː m ə s t	1	1	reg_t	reg_t	reg_t
model_decision	b iː t	b iː t	b iː t ə d	t͡ʃ iː t	t͡ʃ iː t ə d	t͡ʃ iː t ə d	b iː t ə d	1	0	no_change	reg_əd	reg_əd
model_decision	h ɪ p n ə t a ɪ z	h ɪ p n ə t a ɪ z d	h ɪ t ə t a ɪ d	p r ə n a ʊ n s	p r ə n a ʊ n s t	p r ə n a ʊ n s t	h ɪ p n ə t a ɪ z t	0	0	reg_d	other	reg_t
model_decision	s l æ p	s l æ p t	s l æ p t	k l æ p	k l æ p t	k l æ p t	s l æ p t	1	1	reg_t	reg_t	reg_t
model_decision	b ɛ s t	b ɛ s t ə d	b ɛ s t ə d	b ʌ s t	b ʌ s t ə d	b ʌ s t ə d	b ɛ s t ə d	1	1	reg_əd	reg_əd	reg_əd
model_decision	s t æ ɡ ɹ̩	s t æ ɡ ɹ̩ d	s t æ ɡ ɹ̩ d	f ɪ ŋ ɡ ɹ̩	f ɪ ŋ ɡ ɹ̩ d	f ɪ ŋ ɡ ɹ̩ d	s t æ ɡ ɹ̩ d	1	1	reg_d	reg_d	reg_d
model_decision	z æ p	z æ p t	z æ p t	k æ p	k æ p t	k æ p t	z æ p t	1	1	reg_t	reg_t	reg_t
model_decision	ə p s ɛ t	ə p s ɛ t	ə p s ɛ t ə d	ə f ɛ k t	ə f ɛ k t ə d	ə f ɛ k t ə d	ə p s ɛ t ə d	1	0	no_change	reg_əd	reg_əd
model_decision	r ɛ s t	r ɛ s t ə d	r ɛ s t ə d	b ʌ s t	b ʌ s t ə d	b ʌ s t ə d	r ɛ s t ə d	1	1	reg_əd	reg_əd	reg_əd
model_decision	s p l æ ʃ	s p l æ ʃ t	s p l æ ʃ t	p ɑː l ɪ ʃ	p ɑː l ɪ ʃ t	p ɑː l ɪ ʃ t	s p l æ ʃ t	1	1	reg_t	reg_t	reg_t
model_decision	l a ɪ n	l a ɪ n d	l a ɪ n d	ʃ a ɪ n	ʃ a ɪ n d	ʃ a ɪ n d	l a ɪ n d	1	1	reg_d	reg_d	reg_d
model_decision	ə n d uː	ə n d ɪ d	ə n d uː d	t æ t uː	t æ t uː d	t æ t uː d	ə n d uː d	1	0	vowel_change_suffix	reg_d	reg_d
model_decision	p ɛ n	p ɛ n d	p ɛ n d	o ʊ n	o ʊ n d	o ʊ n d	p ɛ n d	1	1	reg_d	reg_d	reg_d
model_decision	ɛ d ə t	ɛ d ə t ə d	ɛ d ə t ə d	f r ɛ t	f r ɛ t ə d	f r ɛ t ə d	ɛ d ə t ə d	1	1	reg_əd	reg_əd	reg_əd
model_decision	ɪ k s p l ɔ r	ɪ k s p l ɔ r d	ɪ k s p l ɔ r d	ɪ m p l ɔ r	ɪ m p l ɔ r d	ɪ m p l ɔ r d	ɪ k s p l ɔ r d	1	1	reg_d	reg_d	reg_d
model_decision	ə s uː m	ə s uː m d	ə s uː m d	h ɑː r m	h ɑː r m d	h ɑː r m d	ə s uː m d	1	1	reg_d	reg_d	reg_d
model_decision	s p r e ɪ	s p r e ɪ d	s p r e ɪ d	ə p l a ɪ	ə p l a ɪ d	ə p l a ɪ d	s p r e ɪ d	1	1	reg_d	reg_d	reg_d
model_decision	l o ʊ ɹ̩	l o ʊ ɹ̩ d	l o ʊ ɹ̩ d	ʃ a ʊ ɹ̩	ʃ a ʊ ɹ̩ d	ʃ a ʊ ɹ̩ d	l o ʊ ɹ̩ d	1	1	reg_d	reg_d	reg_d
model_decision	d æ m	d æ m d	d æ m d	θ ʌ m	θ ʌ m d	θ ʌ m d	d æ m d	1	1	reg_d	reg_d	reg_d
model_decision	r ʌ ʃ	r ʌ ʃ t	r ʌ ʃ t	h ʌ ʃ	h ʌ ʃ t	h ʌ ʃ t	r ʌ ʃ t	1	1	reg_t	reg_t	reg_t
model_decision	p l ʌ ɡ	p l ʌ ɡ d	p l ʌ ɡ d	b r æ ɡ	b r æ ɡ d	b r æ ɡ d	p l ʌ ɡ d	1	1	reg_d	reg_d	reg_d
model_decision	ə d m ɪ t	ə d m ɪ t ə d	ə d m ɪ t ə d	k ə m ɪ t	k ə m ɪ t ə d	k ə m ɪ t ə d	ə d m ɪ t ə d	1	1	reg_əd	reg_əd	reg_əd
model_decision	ə n t a ɪ	ə n t a ɪ d	ə n t a ɪ d	ə p l a ɪ	ə p l a ɪ d	ə p l a ɪ d	ə n t a ɪ d	1	1	reg_d	reg_d	reg_d
model_decision	b ʌ k ə l	b ʌ k ə l d	b ʌ k ə l d	n ʌ k ə l	n ʌ k ə l d	n ʌ k ə l d	b ʌ k ə l d	1	1	reg_d	reg_d	reg_d
model_decision	s w uː ʃ	s w uː ʃ t	s w uː ʃ t	s m æ ʃ	s m æ ʃ t	s m æ ʃ t	s w uː ʃ t	1	1	reg_t	reg_t	reg_t
model_decision	ə r a ɪ z	ə r o ʊ z	ə r a ɪ z d	ɡ l e ɪ z	ɡ l e ɪ z d	ɡ l e ɪ z d	ə r a ɪ z d	1	0	vowel_change	reg_d	reg_d
model_decision	s o ʊ k	s o ʊ k t	s o ʊ k t	t͡ʃ o ʊ k	t͡ʃ o ʊ k t	t͡ʃ o ʊ k t	s o ʊ k t	1	1	reg_t	reg_t	reg_t
model_decision	t r æ p	t r æ p t	t r æ p t	t r ɪ p	t r ɪ p t	t r ɪ p t	t r æ p t	1	1	reg_t	reg_t	reg_t
model_decision	p a ɪ l	p a ɪ l d	p a ɪ l d	t a ɪ l	t a ɪ l d	t a ɪ l d	p a ɪ l d	1	1	reg_d	reg_d	reg_d
model_decision	ɪ k s p l o ʊ d	ɪ k s p l o ʊ d ə d	ɪ k s p l o ʊ d ə d	d a ʊ n l o ʊ d	d a ʊ n l o ʊ d ə d	d a ʊ n l o ʊ d ə d	ɪ k s p l o ʊ d ə d	1	1	reg_əd	reg_əd	reg_əd
model_decision	b ɔ ɪ l	b ɔ ɪ l d	b ɔ ɪ l d	s p ɪ l	s p ɪ l d	s p ɪ l d	b ɔ ɪ l d	1	1	reg_d	reg_d	reg_d
model_decision	k ə n s ɪ d ɹ̩	k ə n s ɪ d ɹ̩ d	k ə n s ɪ n d	d ɪ n a ɪ	d ɪ n a ɪ d	d ɪ n a ɪ d	k ə n s ɪ d ɹ̩ d	0	1	reg_d	other	reg_d
model_decision	s k a ʊ l	s k a ʊ l d	s k a ʊ l d	ɡ r a ʊ l	ɡ r a ʊ l d	ɡ r a ʊ l d	s k a ʊ l d	1	1	reg_d	reg_d	reg_d
model_decision	ɪ ɡ z ɔ s t	ɪ ɡ z ɔ s t ə d	ɪ ɡ z ɔ s t ə d	ɪ k s ɛ p t	ɪ k s ɛ p t ə d	ɪ k s ɛ p t ə d	ɪ ɡ z ɔ s t ə d	1	1	reg_əd	reg_əd	reg_əd
model_decision	s uː p ɹ̩ v a ɪ z	s uː p ɹ̩ v a ɪ z d	s uː v ɹ̩ v a ɪ z d	d ɪ z ɹ̩ v	d ɪ z ɹ̩ v d	d ɪ z ɹ̩ v d	s uː p ɹ̩ v a ɪ z d	0	1	reg_d	other	reg_d
model_decision	d æ ŋ ɡ ə l	d æ ŋ ɡ ə l d	d æ ŋ ɡ ə l d	ɡ r æ p ə l	ɡ r æ p ə l d	ɡ r æ p ə l d	d æ ŋ ɡ ə l d	1	1	reg_d	reg_d	reg_d
model_decision	d͡ʒ ɪ m iː	d͡ʒ ɪ m iː d	d͡ʒ ɪ m iː d	m ɛ r iː	m ɛ r iː d	m ɛ r iː d	d͡ʒ ɪ m iː d	1	1	reg_d	reg_d	reg_d
model_decision	t r ʌ b ə l	t r ʌ b ə l d	t r ʌ b ə l d	m ɑː r b ə l	m ɑː r b ə l d	m ɑː r b ə l d	t r ʌ b ə l d	1	1	reg_d	reg_d	reg_d
model_decision	p e ɪ d͡ʒ	p e ɪ d͡ʒ d	p e ɪ d͡ʒ d	p l ɛ d͡ʒ	p l ɛ d͡ʒ d	p l ɛ d͡ʒ d	p e ɪ d͡ʒ d	1	1	reg_d	reg_d	reg_d
model_decision	t a ʊ ɹ̩	t a ʊ ɹ̩ d	t a ʊ ɹ̩ d	ʃ a ʊ ɹ̩	ʃ a ʊ ɹ̩ d	ʃ a ʊ ɹ̩ d	t a ʊ ɹ̩ d	1	1	reg_d	reg_d	reg_d
model_decision	f ɛ n s	f ɛ n s t	f ɛ n s t	d æ n s	d æ n s t	d æ n s t	f ɛ n s t	1	1	reg_t	reg_t	reg_t
model_decision	d ɛ r	d ɛ r d	d ɛ r d	b ɛ r	b ɛ r d	b o ʊ r	d ɛ r d	1	1	reg_d	reg_d	reg_d
model_decision	b l iː d	b l ɛ d	b l iː d ə d	s p iː d	s p iː d ə d	s p ɛ d	b l iː d ə d	1	0	vowel_change	reg_əd	reg_əd
model_decision	ɛ n t ɹ̩	ɛ n t ɹ̩ d	ɛ n t ɹ̩ d	b ʌ t ɹ̩	b ʌ t ɹ̩ d	b ʌ t ɹ̩ d	ɛ n t ɹ̩ d	1	1	reg_d	reg_d	reg_d
model_decision	m e ɪ n t e ɪ n	m e ɪ n t e ɪ n d	m e ɪ n t e ɪ n d	ɛ n t ɹ̩ t e ɪ n	ɛ n t ɹ̩ t e ɪ n d	ɛ n t ɹ̩ t e ɪ n d	m e ɪ n t e ɪ n d	1	1	reg_d	reg_d	reg_d
model_decision	f ɛ r	f ɛ r d	f ɛ r d	k ɛ r	k ɛ r d	k ɛ r d	f ɛ r d	1	1	reg_d	reg_d	reg_d
model_decision	d ɪ p	d ɪ p t	d ɪ p t	w ɪ p	w ɪ p t	w ɪ p t	d ɪ p t	1	1	reg_t	reg_t	reg_t
model_decision	j ɔ n	j ɔ n d	j ɔ n d	t æ n	t æ n d	t æ n d	j ɔ n d	1	1	reg_d	reg_d	reg_d
model_decision	ʃ ʊ ɡ ɹ̩	ʃ ʊ ɡ ɹ̩ d	ʃ ʊ ɡ ɹ̩ d	w a ɪ ɹ̩	w a ɪ ɹ̩ d	w a ɪ ɹ̩ d	ʃ ʊ ɡ ɹ̩ d	1	1	reg_d	reg_d	reg_d
model_decision	d r ɪ f t	d r ɪ f t ə d	d r æ f t ə d	d r ɪ ŋ k	d r æ ŋ k	d r æ ŋ k	NA	0	0	reg_əd	other	vowel_change
model_decision	ɪ n s p a ɪ ɹ̩	ɪ n s p a ɪ ɹ̩ d	ɪ n s p a ɪ n d	ɛ n d͡ʒ ɔ ɪ	ɛ n d͡ʒ ɔ ɪ d	ɛ n d͡ʒ ɔ ɪ d	ɪ n s p a ɪ ɹ̩ d	0	1	reg_d	rhyme_replaced	reg_d
model_decision	m ɛ n ʃ ə n	m ɛ n ʃ ə n d	m ɛ n ʃ ə n d	f r ɛ ʃ ə n	f r ɛ ʃ ə n d	f r ɛ ʃ ə n d	m ɛ n ʃ ə n d	1	1	reg_d	reg_d	reg_d
model_decision	s l ɪ p	s l ɪ p t	s l ɪ p t	ʃ e ɪ p	ʃ e ɪ p t	ʃ e ɪ p t	s l ɪ p t	1	1	reg_t	reg_t	reg_t
model_decision	s k ɪ p	s k ɪ p t	s k ɪ p t	ʃ e ɪ p	ʃ e ɪ p t	ʃ e ɪ p t	s k ɪ p t	1	1	reg_t	reg_t	reg_t
model_decision	m ə n ɪ p j ə l e ɪ t	m ə n ɪ p j ə l e ɪ t ə d	m ɪ p ə l d	f l ɪ ŋ	f l ʌ ŋ	f l ʌ ŋ	NA	0	0	reg_əd	other	vowel_change
model_decision	s æ k	s æ k t	s æ k t	w æ k	w æ k t	w æ k t	s æ k t	1	1	reg_t	reg_t	reg_t
model_decision	ɪ n s p ɛ k t	ɪ n s p ɛ k t ə d	ɪ n s p ɛ k t ə d	ɪ k s p ɛ k t	ɪ k s p ɛ k t ə d	ɪ k s p ɛ k t ə d	ɪ n s p ɛ k t ə d	1	1	reg_əd	reg_əd	reg_əd
model_decision	s æ k r ə f a ɪ s	s æ k r ə f a ɪ s t	s æ k r ə f a ɪ s t	ɪ n t r ə d uː s	ɪ n t r ə d uː s t	ɪ n t r ə d uː s t	s æ k r ə f a ɪ s t	1	1	reg_t	reg_t	reg_t
model_decision	t æ p	t æ p t	t æ p t	k æ p	k æ p t	k æ p t	t æ p t	1	1	reg_t	reg_t	reg_t
model_decision	h ɔ l	h ɔ l d	h ɔ l d	k ɔ l	k ɔ l d	k ɔ l d	h ɔ l d	1	1	reg_d	reg_d	reg_d
model_decision	s k a ʊ t	s k a ʊ t ə d	s k a ʊ t ə d	k a ʊ n t	k a ʊ n t ə d	k a ʊ n t ə d	s k a ʊ t ə d	1	1	reg_əd	reg_əd	reg_əd
model_decision	p ɑː k ə t	p ɑː k ə t ə d	p ɑː k ə t ə d	r ɑː k ə t	r ɑː k ə t ə d	r ɑː k ə t ə d	p ɑː k ə t ə d	1	1	reg_əd	reg_əd	reg_əd
model_decision	h a ʊ l	h a ʊ l d	h a ʊ l d	h o ʊ l	h o ʊ l d	h o ʊ l d	h a ʊ l d	1	1	reg_d	reg_d	reg_d
model_decision	d ɔ n	d ɔ n d	d ɔ n d	f æ n	f æ n d	f æ n d	d ɔ n d	1	1	reg_d	reg_d	reg_d
model_decision	t æ ŋ ɡ ə l	t æ ŋ ɡ ə l d	t æ ŋ ɡ ə l d	ɡ r æ p ə l	ɡ r æ p ə l d	ɡ r æ p ə l d	t æ ŋ ɡ ə l d	1	1	reg_d	reg_d	reg_d
model_decision	ɡ a ɪ d	ɡ a ɪ d ə d	ɡ a ɪ d ə d	h a ɪ d	h a ɪ d ə d	h ɪ d	ɡ a ɪ d ə d	1	1	reg_əd	reg_əd	reg_əd
model_decision	θ ʌ n d ɹ̩	θ ʌ n d ɹ̩ d	θ ʌ n d ɹ̩ d	w ʌ n d ɹ̩	w ʌ n d ɹ̩ d	w ʌ n d ɹ̩ d	θ ʌ n d ɹ̩ d	1	1	reg_d	reg_d	reg_d
model_decision	r a ʊ n d	r a ʊ n d ə d	r a ʊ n d ə d	s a ʊ n d	s a ʊ n d ə d	s a ʊ n d ə d	r a ʊ n d ə d	1	1	reg_əd	reg_əd	reg_əd
model_decision	æ b d ʌ k t	æ b d ʌ k t ə d	æ b ʌ k ʌ t ə d	f ɹ̩ b ɪ d	f ɹ̩ b e ɪ d	f ɹ̩ b e ɪ d	NA	0	0	reg_əd	other	vowel_change
model_decision	ɡ ʌ m	ɡ ʌ m d	ɡ ʌ m d	θ ʌ m	θ ʌ m d	θ ʌ m d	ɡ ʌ m d	1	1	reg_d	reg_d	reg_d
model_decision	l ɛ k t͡ʃ ɹ̩	l ɛ k t͡ʃ ɹ̩ d	l ɛ k t͡ʃ ɹ̩ d	k æ p t͡ʃ ɹ̩	k æ p t͡ʃ ɹ̩ d	k æ p t͡ʃ ɹ̩ d	l ɛ k t͡ʃ ɹ̩ d	1	1	reg_d	reg_d	reg_d
model_decision	d r ɪ b ə l	d r ɪ b ə l d	d r ɪ b ə l d	t e ɪ b ə l	t e ɪ b ə l d	t e ɪ b ə l d	d r ɪ b ə l d	1	1	reg_d	reg_d	reg_d
model_decision	d ʌ s t	d ʌ s t ə d	d ʌ s t ə d	b ʌ s t	b ʌ s t ə d	b ʌ s t ə d	d ʌ s t ə d	1	1	reg_əd	reg_əd	reg_əd
model_decision	d͡ʒ æ m	d͡ʒ æ m d	d͡ʒ æ m d	θ ʌ m	θ ʌ m d	θ ʌ m d	d͡ʒ æ m d	1	1	reg_d	reg_d	reg_d
model_decision	t͡ʃ æ n ə l	t͡ʃ æ n ə l d	t͡ʃ æ n ə l d	b æ r ə l	b æ r ə l d	b æ r ə l d	t͡ʃ æ n ə l d	1	1	reg_d	reg_d	reg_d
model_decision	d r e ɪ n	d r e ɪ n d	d r e ɪ n d	p l e ɪ n	p l e ɪ n d	p l e ɪ n d	d r e ɪ n d	1	1	reg_d	reg_d	reg_d
model_decision	w uː n d	w uː n d ə d	w uː n d ə d	h æ n d	h æ n d ə d	h æ n d ə d	w uː n d ə d	1	1	reg_əd	reg_əd	reg_əd
model_decision	t e ɪ l	t e ɪ l d	t e ɪ l d	t a ɪ l	t a ɪ l d	t a ɪ l d	t e ɪ l d	1	1	reg_d	reg_d	reg_d
model_decision	s l o ʊ	s l o ʊ d	s l o ʊ d	b l o ʊ	b l o ʊ d	b l uː	s l o ʊ d	1	1	reg_d	reg_d	reg_d
model_decision	s t ɪ ŋ k	s t ʌ ŋ k	s t ɪ ŋ k t	b l ɪ ŋ k	b l ɪ ŋ k t	b l ɪ ŋ k t	s t ɪ ŋ k t	1	0	vowel_change	reg_t	reg_t
model_decision	f iː l d	f iː l d ə d	f iː l d ə d	l æ n d	l æ n d ə d	l æ n d ə d	f iː l d ə d	1	1	reg_əd	reg_əd	reg_əd
model_decision	s p a ɪ	s p a ɪ d	s p a ɪ d	s t e ɪ	s t e ɪ d	s t e ɪ d	s p a ɪ d	1	1	reg_d	reg_d	reg_d
model_decision	s ɪ ɡ n ə l	s ɪ ɡ n ə l d	s ɪ ɡ n ə l d	t r æ v ə l	t r æ v ə l d	t r æ v ə l d	s ɪ ɡ n ə l d	1	1	reg_d	reg_d	reg_d
model_decision	ɛ n k ɹ̩ ɪ d͡ʒ	ɛ n k ɹ̩ ɪ d͡ʒ d	ɛ n k ɹ̩ ɪ d͡ʒ d	ɪ n ɡ e ɪ d͡ʒ	ɪ n ɡ e ɪ d͡ʒ d	ɪ n ɡ e ɪ d͡ʒ d	ɛ n k ɹ̩ ɪ d͡ʒ d	1	1	reg_d	reg_d	reg_d
model_decision	s æ n ɪ t a ɪ z	s æ n ɪ t a ɪ z d	s æ n t a ɪ z ɪ d	r iː b ɪ l d	r iː b ɪ l t	r iː b ɪ l t	NA	0	0	reg_d	other	coda_change
model_decision	f r a ɪ t ə n	f r a ɪ t ə n d	f r a ɪ t ə n d	d ɪ t ɹ̩ m ə n	d ɪ t ɹ̩ m ə n d	d ɪ t ɹ̩ m ə n d	f r a ɪ t ə n d	1	1	reg_d	reg_d	reg_d
model_decision	o ʊ v ɹ̩ k ə m	o ʊ v ɹ̩ k e ɪ m	o ʊ v ɹ̩ k ə m d	v æ k j uː m	v æ k j uː m d	v æ k j uː m d	o ʊ v ɹ̩ k ə m d	1	0	vowel_change	reg_d	reg_d
model_decision	p ɛ p ɹ̩	p ɛ p ɹ̩ d	p ɛ p ɹ̩ d	p iː t ɹ̩	p iː t ɹ̩ d	p iː t ɹ̩ d	p ɛ p ɹ̩ d	1	1	reg_d	reg_d	reg_d
model_decision	b ʌ d͡ʒ	b ʌ d͡ʒ d	b ʌ d͡ʒ d	h ɛ d͡ʒ	h ɛ d͡ʒ d	h ɛ d͡ʒ d	b ʌ d͡ʒ d	1	1	reg_d	reg_d	reg_d
model_decision	ɡ l ɛ r	ɡ l ɛ r d	ɡ l ɛ r d	s t ɑː r	s t ɑː r d	s t ɑː r d	ɡ l ɛ r d	1	1	reg_d	reg_d	reg_d
model_decision	ə f ɔ r d	ə f ɔ r d ə d	ə f ɔ r d ə d	k r a ʊ d	k r a ʊ d ə d	k r a ʊ d ə d	ə f ɔ r d ə d	1	1	reg_əd	reg_əd	reg_əd
model_decision	s k o ʊ l d	s k o ʊ l d ə d	s k o ʊ l d ə d	ɡ r a ʊ n d	ɡ r a ʊ n d ə d	ɡ r a ʊ n d ə d	s k o ʊ l d ə d	1	1	reg_əd	reg_əd	reg_əd
model_decision	s ɛ n s	s ɛ n s t	s ɛ n s t	d æ n s	d æ n s t	d æ n s t	s ɛ n s t	1	1	reg_t	reg_t	reg_t
model_decision	ɛ m f ə s a ɪ z	ɛ m f ə s a ɪ z d	ɛ m ɛ s a ɪ d	s l iː p	s l ɛ p t	s l ɛ p t	NA	0	0	reg_d	other	vowel_change_suffix
model_decision	l e ɪ b ə l	l e ɪ b ə l d	l e ɪ b ə l d	t e ɪ b ə l	t e ɪ b ə l d	t e ɪ b ə l d	l e ɪ b ə l d	1	1	reg_d	reg_d	reg_d
model_decision	b a ʊ	b a ʊ d	b ɔ t	b a ɪ	b ɔ t	b ɔ t	NA	0	0	reg_d	vowel_change_suffix	vowel_change_suffix
model_decision	b ʌ n t͡ʃ	b ʌ n t͡ʃ t	b ʌ n t͡ʃ t	m ʌ n t͡ʃ	m ʌ n t͡ʃ t	m ʌ n t͡ʃ t	b ʌ n t͡ʃ t	1	1	reg_t	reg_t	reg_t
model_decision	t ɛ r ə r a ɪ z	t ɛ r ə r a ɪ z d	t ɛ r ə r a ɪ z d	ɛ k s ɹ̩ s a ɪ z	ɛ k s ɹ̩ s a ɪ z d	ɛ k s ɹ̩ s a ɪ z d	t ɛ r ə r a ɪ z d	1	1	reg_d	reg_d	reg_d
model_decision	ɡ r æ v ə t e ɪ t	ɡ r æ v ə t e ɪ t ə d	ɡ r æ v ə t e ɪ t ə d	ə s o ʊ s iː e ɪ t	ə s o ʊ s iː e ɪ t ə d	ə s o ʊ s iː e ɪ t ə d	ɡ r æ v ə t e ɪ t ə d	1	1	reg_əd	reg_əd	reg_əd
model_decision	b l æ s t	b l æ s t ə d	b l æ s t ə d	p l æ n t	p l æ n t ə d	p l æ n t ə d	b l æ s t ə d	1	1	reg_əd	reg_əd	reg_əd
model_decision	ɪ n ɪ ʃ ə l	ɪ n ɪ ʃ ə l d	ɪ n ɪ ʃ ə l d	t r æ v ə l	t r æ v ə l d	t r æ v ə l d	ɪ n ɪ ʃ ə l d	1	1	reg_d	reg_d	reg_d
model_decision	s w ɑː p	s w ɑː p t	s w ɑː p t	k r ɑː p	k r ɑː p t	k r ɑː p t	s w ɑː p t	1	1	reg_t	reg_t	reg_t
model_decision	æ d m a ɪ ɹ̩	æ d m a ɪ ɹ̩ d	æ m a ɪ v ɹ̩ d	f ɪ l m	f ɪ l m d	f ɪ l m d	æ d m a ɪ ɹ̩ d	0	1	reg_d	other	reg_d
model_decision	s ə p ɔ r t	s ə p ɔ r t ə d	s ə p ɔ r t ə d	r iː p ɔ r t	r iː p ɔ r t ə d	r iː p ɔ r t ə d	s ə p ɔ r t ə d	1	1	reg_əd	reg_əd	reg_əd
model_decision	p æ m p ɹ̩	p æ m p ɹ̩ d	p æ m p ɹ̩ d	w ɪ s p ɹ̩	w ɪ s p ɹ̩ d	w ɪ s p ɹ̩ d	p æ m p ɹ̩ d	1	1	reg_d	reg_d	reg_d
model_decision	v ɔ ɪ s	v ɔ ɪ s t	v ɔ ɪ s t	f e ɪ s	f e ɪ s t	f e ɪ s t	v ɔ ɪ s t	1	1	reg_t	reg_t	reg_t
model_decision	s k ɔ r	s k ɔ r d	s k ɔ r d	s t ɔ r	s t ɔ r d	s t ɔ r d	s k ɔ r d	1	1	reg_d	reg_d	reg_d
model_decision	d ɑː k t ɹ̩	d ɑː k t ɹ̩ d	d ɑː k t ɹ̩ d	s p ʌ t ɹ̩	s p ʌ t ɹ̩ d	s p ʌ t ɹ̩ d	d ɑː k t ɹ̩ d	1	1	reg_d	reg_d	reg_d
model_decision	r iː v æ m p	r iː v æ m p t	r iː v æ m p t	k ɪ d n æ p	k ɪ d n æ p t	k ɪ d n æ p t	r iː v æ m p t	1	1	reg_t	reg_t	reg_t
model_decision	l iː s	l iː s t	l iː s t	ɡ ɛ s	ɡ ɛ s t	ɡ ɛ s t	l iː s t	1	1	reg_t	reg_t	reg_t
model_decision	s ə p r ɛ s	s ə p r ɛ s t	s ə p r ɛ s t	ɪ m p r ɛ s	ɪ m p r ɛ s t	ɪ m p r ɛ s t	s ə p r ɛ s t	1	1	reg_t	reg_t	reg_t
model_decision	ə p o ʊ z	ə p o ʊ z d	ə p o ʊ z d	k l o ʊ z	k l o ʊ z d	k l o ʊ z d	ə p o ʊ z d	1	1	reg_d	reg_d	reg_d
model_decision	f l ɑː p	f l ɑː p t	f l ɑː p t	d r ɑː p	d r ɑː p t	d r ɑː p t	f l ɑː p t	1	1	reg_t	reg_t	reg_t
model_decision	b ʌ m	b ʌ m d	b ʌ m d	k ʌ m	k ʌ m d	k e ɪ m	b ʌ m d	1	1	reg_d	reg_d	reg_d
model_decision	s p ɹ̩ t	s p ɹ̩ t ə d	s p ɹ̩ t ə d	l ɪ f t	l ɪ f t ə d	l ɪ f t ə d	s p ɹ̩ t ə d	1	1	reg_əd	reg_əd	reg_əd
model_decision	h uː t	h uː t ə d	h uː t	s uː t	s uː t	s uː t ə d	h uː t	1	0	reg_əd	no_change	no_change
model_decision	p ɹ̩ s	p ɹ̩ s t	p ɹ̩ s t	d͡ʒ ɹ̩ k	d͡ʒ ɹ̩ k t	d͡ʒ ɹ̩ k t	p ɹ̩ s t	1	1	reg_t	reg_t	reg_t
model_decision	k l ʌ b	k l ʌ b d	k l ʌ b d	k j uː b	k j uː b d	k j uː b d	k l ʌ b d	1	1	reg_d	reg_d	reg_d
model_decision	p ɪ t iː	p ɪ t iː d	p ɪ t iː d	m ʌ d iː	m ʌ d iː d	m ʌ d iː d	p ɪ t iː d	1	1	reg_d	reg_d	reg_d
model_decision	t r æ m p	t r æ m p t	t r æ m p t	t r ʌ m p	t r ʌ m p t	t r ʌ m p t	t r æ m p t	1	1	reg_t	reg_t	reg_t
model_decision	d͡ʒ ɛ n ɹ̩ e ɪ t	d͡ʒ ɛ n ɹ̩ e ɪ t ə d	d͡ʒ ɛ n ɹ̩ e ɪ t ə d	d ɛ k ɹ̩ e ɪ t	d ɛ k ɹ̩ e ɪ t ə d	d ɛ k ɹ̩ e ɪ t ə d	d͡ʒ ɛ n ɹ̩ e ɪ t ə d	1	1	reg_əd	reg_əd	reg_əd
model_decision	t æ t ə l	t æ t ə l d	t æ t ə l d	b æ t ə l	b æ t ə l d	b æ t ə l d	t æ t ə l d	1	1	reg_d	reg_d	reg_d
model_decision	f ʌ m b ə l	f ʌ m b ə l d	f ʌ m b ə l d	t ʌ m b ə l	t ʌ m b ə l d	t ʌ m b ə l d	f ʌ m b ə l d	1	1	reg_d	reg_d	reg_d
model_decision	s t æ ʃ	s t æ ʃ t	s t æ ʃ t	s m æ ʃ	s m æ ʃ t	s m æ ʃ t	s t æ ʃ t	1	1	reg_t	reg_t	reg_t
model_decision	ɪ n s ɪ s t	ɪ n s ɪ s t ə d	ɪ n s ɪ s t ə d	ɪ ɡ z ɪ s t	ɪ ɡ z ɪ s t ə d	ɪ ɡ z ɪ s t ə d	ɪ n s ɪ s t ə d	1	1	reg_əd	reg_əd	reg_əd
model_decision	ɪ ɡ z æ m ɪ n	ɪ ɡ z æ m ɪ n d	ɪ ɡ z æ m æ n d	ʃ r ɪ ŋ k	ʃ r æ ŋ k	ʃ r æ ŋ k	NA	0	0	reg_d	vowel_change_suffix	vowel_change
model_decision	b l ɑː s ə m	b l ɑː s ə m d	b l ɑː s ə m d	k ə n f ɹ̩ m	k ə n f ɹ̩ m d	k ə n f ɹ̩ m d	b l ɑː s ə m d	1	1	reg_d	reg_d	reg_d
model_decision	r o ʊ p	r o ʊ p t	r o ʊ p t	h o ʊ p	h o ʊ p t	h o ʊ p t	r o ʊ p t	1	1	reg_t	reg_t	reg_t
model_decision	p ɪ ŋ	p ɪ ŋ d	p ɪ ŋ d	s ɪ ŋ	s ɪ ŋ d	s æ ŋ	p ɪ ŋ d	1	1	reg_d	reg_d	reg_d
model_decision	v o ʊ t	v o ʊ t ə d	v o ʊ t ə d	n o ʊ t	n o ʊ t ə d	n o ʊ t ə d	v o ʊ t ə d	1	1	reg_əd	reg_əd	reg_əd
model_decision	n iː r	n iː r d	n iː r d	f iː r	f iː r d	f iː r d	n iː r d	1	1	reg_d	reg_d	reg_d
model_decision	t r ʌ s t	t r ʌ s t ə d	t r ʌ s t ə d	t o ʊ s t	t o ʊ s t ə d	t o ʊ s t ə d	t r ʌ s t ə d	1	1	reg_əd	reg_əd	reg_əd
model_decision	ɪ n t ɹ̩ s p ɹ̩ s	ɪ n t ɹ̩ s p ɹ̩ s t	ɪ n t ɹ̩ s p ɹ̩ s t ɹ̩ s ɹ̩ n t ɹ̩ s	p r ə n a ʊ n s	p r ə n a ʊ n s t	p r ə n a ʊ n s t	ɪ n t ɹ̩ s p ɹ̩ s t	0	1	reg_t	other	reg_t
model_decision	s w uː p	s w uː p t	s w uː p t	s k uː p	s k uː p t	s k uː p t	s w uː p t	1	1	reg_t	reg_t	reg_t
model_decision	d͡ʒ e ɪ l	d͡ʒ e ɪ l d	d͡ʒ e ɪ l d	n e ɪ l	n e ɪ l d	n e ɪ l d	d͡ʒ e ɪ l d	1	1	reg_d	reg_d	reg_d
model_decision	f e ɪ l	f e ɪ l d	f e ɪ l d	f a ɪ l	f a ɪ l d	f a ɪ l d	f e ɪ l d	1	1	reg_d	reg_d	reg_d
model_decision	b ʊ k	b ʊ k t	b ʊ k t	h ʊ k	h ʊ k t	h ʊ k t	b ʊ k t	1	1	reg_t	reg_t	reg_t
model_decision	s ɪ f t	s ɪ f t ə d	s ɪ f t ə d	l ɪ f t	l ɪ f t ə d	l ɪ f t ə d	s ɪ f t ə d	1	1	reg_əd	reg_əd	reg_əd
model_decision	k a ʊ t͡ʃ	k a ʊ t͡ʃ t	k a ʊ t͡ʃ t	b l iː t͡ʃ	b l iː t͡ʃ t	b l iː t͡ʃ t	k a ʊ t͡ʃ t	1	1	reg_t	reg_t	reg_t
model_decision	f r ʌ n t	f r ʌ n t ə d	f r ʌ n t ə d	ɡ r æ n t	ɡ r æ n t ə d	ɡ r æ n t ə d	f r ʌ n t ə d	1	1	reg_əd	reg_əd	reg_əd
model_decision	p r ə d uː s	p r ə d uː s t	p r ə d uː s t	r ɪ d uː s	r ɪ d uː s t	r ɪ d uː s t	p r ə d uː s t	1	1	reg_t	reg_t	reg_t
model_decision	ʃ e ɪ d	ʃ e ɪ d ə d	ʃ e ɪ d ə d	r e ɪ d	r e ɪ d ə d	r e ɪ d ə d	ʃ e ɪ d ə d	1	1	reg_əd	reg_əd	reg_əd
model_decision	d r ɛ n t͡ʃ	d r ɛ n t͡ʃ t	d r ɛ n t͡ʃ t	k r ʌ n t͡ʃ	k r ʌ n t͡ʃ t	k r ʌ n t͡ʃ t	d r ɛ n t͡ʃ t	1	1	reg_t	reg_t	reg_t
model_decision	s p l æ t ɹ̩	s p l æ t ɹ̩ d	s p l æ t ɹ̩ d	p l æ s t ɹ̩	p l æ s t ɹ̩ d	p l æ s t ɹ̩ d	s p l æ t ɹ̩ d	1	1	reg_d	reg_d	reg_d
model_decision	r iː v j uː	r iː v j uː d	r iː v j uː d	ɑː r ɡ j uː	ɑː r ɡ j uː d	ɑː r ɡ j uː d	r iː v j uː d	1	1	reg_d	reg_d	reg_d
model_decision	b ɔ r	b ɔ r d	b ɔ r d	b ɛ r	b ɛ r d	b o ʊ r	b ɔ r d	1	1	reg_d	reg_d	reg_d
model_decision	s iː t	s iː t ə d	s iː t	h iː t	h iː t	h iː t ə d	s iː t	1	0	reg_əd	no_change	no_change
model_decision	b ɛ d	b ɛ d ə d	b ɛ d ə d	ʃ ɛ d	ʃ ɛ d ə d	ʃ ɛ d ə d	b ɛ d ə d	1	1	reg_əd	reg_əd	reg_əd
model_decision	ə n s iː t	ə n s iː t ə d	ə n s iː t ə d	d ɪ f iː t	d ɪ f iː t ə d	d ɪ f iː t ə d	ə n s iː t ə d	1	1	reg_əd	reg_əd	reg_əd
model_decision	m ʌ f ə l	m ʌ f ə l d	m ʌ f ə l d	f j uː ə l	f j uː ə l d	f j uː ə l d	m ʌ f ə l d	1	1	reg_d	reg_d	reg_d
model_decision	s t ʌ m p	s t ʌ m p t	s t ʌ m p t	s t ɑː m p	s t ɑː m p t	s t ɑː m p t	s t ʌ m p t	1	1	reg_t	reg_t	reg_t
model_decision	t r æ n s p l æ n t	t r æ n s p l æ n t ə d	t s p l æ l æ n d	ə n w a ɪ n d	ə n w a ʊ n d ə d	ə n w a ʊ n d	NA	0	0	reg_əd	other	other
model_decision	v ɪ ʒ w ə l a ɪ z	v ɪ ʒ w ə l a ɪ z d	v ə l ə l a ɪ d	ʌ n d ɹ̩ ɛ s t ə m e ɪ t	ʌ n d ɹ̩ ɛ s t ə m e ɪ t ə d	ʌ n d ɹ̩ ɛ s t ə m e ɪ t ə d	v ɪ ʒ w ə l a ɪ z ə d	0	0	reg_d	other	reg_əd
model_decision	ɡ æ l ə p	ɡ æ l ə p t	ɡ æ l ə p t	ə n r æ p	ə n r æ p t	ə n r æ p t	ɡ æ l ə p t	1	1	reg_t	reg_t	reg_t
model_decision	s ʌ l iː	s ʌ l iː d	s ʌ l iː d	t w ɹ̩ l	t w ɹ̩ l d	t w ɹ̩ l d	s ʌ l iː d	1	1	reg_d	reg_d	reg_d
model_decision	ə n f o ʊ l d	ə n f o ʊ l d ə d	ə n f o ʊ n d ə d	s w ɑː l o ʊ	s w ɑː l o ʊ d	s w ɑː l o ʊ d	ə n f o ʊ l d d	0	0	reg_əd	other	reg_d
model_decision	w iː	w iː d	w iː d	s iː	s iː d	s ɔ	w iː d	1	1	reg_d	reg_d	reg_d
model_decision	ɪ m ə t e ɪ t	ɪ m ə t e ɪ t ə d	ɪ m ə t e ɪ t ə d	f ɪ k s e ɪ t	f ɪ k s e ɪ t ə d	f ɪ k s e ɪ t ə d	ɪ m ə t e ɪ t ə d	1	1	reg_əd	reg_əd	reg_əd
model_decision	s w ɹ̩ v	s w ɹ̩ v d	s w ɹ̩ v d	s ɑː l v	s ɑː l v d	s ɑː l v d	s w ɹ̩ v d	1	1	reg_d	reg_d	reg_d
model_decision	h iː p	h iː p t	h iː p t	b iː p	b iː p t	b iː p t	h iː p t	1	1	reg_t	reg_t	reg_t
model_decision	r iː f j uː ə l	r iː f j uː ə l d	r iː f j uː ə l d	s k r ɪ b ə l	s k r ɪ b ə l d	s k r ɪ b ə l d	r iː f j uː ə l d	1	1	reg_d	reg_d	reg_d
model_decision	t͡ʃ æ n t	t͡ʃ æ n t ə d	t͡ʃ æ n t ə d	w ɔ n t	w ɔ n t ə d	w ɔ n t ə d	t͡ʃ æ n t ə d	1	1	reg_əd	reg_əd	reg_əd
string	iː t	e ɪ t	iː ɪ t	h iː t	h iː t	h iː t ə d	iː t	0	0	vowel_change	vowel_change	no_change
string	m e ɪ k	m e ɪ d	m e ɪ k t	e ɪ k	e ɪ k t	e ɪ k t	m e ɪ k t	1	0	coda_change	reg_t	reg_t
string	n o ʊ	n uː	n o ʊ d	n o ʊ t	n o ʊ t ə d	n o ʊ t ə d	n o ʊ ə d	0	0	vowel_change	reg_d	reg_əd
string	f ɔ l	f ɛ l	f ɔ l d	f iː l	f iː l d	f ɛ l t	f ɔ l d	1	0	vowel_change	reg_d	reg_d
string	b r ɪ ŋ	b r ɔ t	b r ɪ ŋ	b r ɪ d͡ʒ	b r ɪ d͡ʒ d	b r ɪ d͡ʒ d	b r ɪ ŋ d	0	0	rhyme_replaced	no_change	reg_d
string	s t ɑː r t	s t ɑː r t ə d	s t ɑː r t ə d	s t ɑː r	s t ɑː r d	s t ɑː r d	s t ɑː r t d	0	0	reg_əd	reg_əd	reg_d
string	t e ɪ k	t ʊ k	t e ɪ k t	t r ɪ k	t r ɪ k t	t r ɪ k t	t e ɪ k t	1	0	vowel_change	reg_t	reg_t
string	h e ɪ t	h e ɪ t ə d	h e ɪ t ə d	w e ɪ t	w e ɪ t ə d	w e ɪ t ə d	h e ɪ t ə d	1	1	reg_əd	reg_əd	reg_əd
string	r a ɪ t	r o ʊ t	r o ʊ t ə d	r e ɪ t	r e ɪ t ə d	r e ɪ t ə d	r a ɪ t ə d	0	0	vowel_change	other	reg_əd
string	f ɪ t	f ɪ t	f ɪ t ə d	n ɪ t	n ɪ t ə d	n ɪ t ə d	f ɪ t ə d	1	0	no_change	reg_əd	reg_əd
string	d a ɪ n	d a ɪ n d	d a ɪ n d	ʃ a ɪ n	ʃ a ɪ n d	ʃ a ɪ n d	d a ɪ n d	1	1	reg_d	reg_d	reg_d
string	m ɪ s	m ɪ s t	m ɪ s t	m ɛ s	m ɛ s t	m ɛ s t	m ɪ s t	1	1	reg_t	reg_t	reg_t
string	n ɑː k	n ɑː k t	n ɑː k t	s ɑː k	s ɑː k t	s ɑː k t	n ɑː k t	1	1	reg_t	reg_t	reg_t
string	n iː d	n iː d ə d	n iː d ə d	w iː d	w iː d ə d	w iː d ə d	n iː d ə d	1	1	reg_əd	reg_əd	reg_əd
string	m uː v	m uː v d	m uː v d	s uː t	s uː t	s uː t ə d	m uː v	0	0	reg_d	reg_d	no_change
string	f l ɪ p	f l ɪ p t	f l ʌ p t	f l ɪ ŋ	f l ʌ ŋ	f l ʌ ŋ	NA	0	0	reg_t	vowel_change_suffix	vowel_change
string	r ɛ d iː	r ɛ d iː d	r ɛ d iː d	l ɛ d	l ɛ d ə d	l ɛ d ə d	r ɛ d iː ə d	0	0	reg_d	reg_d	reg_əd
string	z ɪ p	z ɪ p t	z ɪ p t	w ɪ p	w ɪ p t	w ɪ p t	z ɪ p t	1	1	reg_t	reg_t	reg_t
string	f a ɪ t	f ɔ t	f a ɪ t ə d	l a ɪ t	l a ɪ t ə d	l ɪ t	f a ɪ t ə d	1	0	vowel_change	reg_əd	reg_əd
string	k æ t͡ʃ	k ɔ t	k æ t͡ʃ t	h æ t͡ʃ	h æ t͡ʃ t	h æ t͡ʃ t	k æ t͡ʃ t	1	0	rhyme_replaced	reg_t	reg_t
string	f l o ʊ t	f l o ʊ t ə d	f l o ʊ t ə d	b l o ʊ t	b l o ʊ t ə d	b l o ʊ t ə d	f l o ʊ t ə d	1	1	reg_əd	reg_əd	reg_əd
string	w ɪ ʃ	w ɪ ʃ t	w ɪ ʃ t	w ɪ ŋ	w ɪ ŋ d	w ɪ ŋ d	w ɪ ʃ d	0	0	reg_t	reg_t	reg_d
string	ʃ e ɪ k	ʃ ʊ k	ʃ e ɪ k t	f e ɪ k	f e ɪ k t	f e ɪ k t	ʃ e ɪ k t	1	0	vowel_change	reg_t	reg_t
string	k ɪ k	k ɪ k t	k ɪ k t	p ɪ k	p ɪ k t	p ɪ k t	k ɪ k t	1	1	reg_t	reg_t	reg_t
string	t͡ʃ e ɪ n d͡ʒ	t͡ʃ e ɪ n d͡ʒ d	t͡ʃ e ɪ n d͡ʒ d	t͡ʃ e ɪ n	t͡ʃ e ɪ n d	t͡ʃ e ɪ n d	t͡ʃ e ɪ n d͡ʒ d	1	1	reg_d	reg_d	reg_d
string	θ r o ʊ	θ r uː	θ r o ʊ d	r o ʊ	r o ʊ d	r o ʊ d	θ r o ʊ d	1	0	vowel_change	reg_d	reg_d
string	b æ k	b æ k t	b æ k t	b æ ŋ	b æ ŋ d	b æ ŋ d	b æ k d	0	0	reg_t	reg_t	reg_d
string	f l æ ʃ	f l æ ʃ t	f l æ ʃ t	f l æ ɡ	f l æ ɡ d	f l æ ɡ d	f l æ ʃ d	0	0	reg_t	reg_t	reg_d
string	ɡ r o ʊ	ɡ r uː	ɡ r o ʊ d	ɡ o ʊ	ɡ o ʊ d	w ɛ n t	ɡ r o ʊ d	1	0	vowel_change	reg_d	reg_d
string	s m a ɪ l	s m a ɪ l d	s m a ɪ l d	s p a ɪ k	s p a ɪ k t	s p a ɪ k t	s m a ɪ l t	0	0	reg_d	reg_d	reg_t
string	s t ɑː p	s t ɑː p t	s t ɑː p t	s t ɑː k	s t ɑː k t	s t ɑː k t	s t ɑː p t	1	1	reg_t	reg_t	reg_t
string	s t ɹ̩	s t ɹ̩ d	s t ɹ̩ d	s t uː	s t uː d	s t uː d	s t ɹ̩ d	1	1	reg_d	reg_d	reg_d
string	t͡ʃ uː	t͡ʃ uː d	t͡ʃ uː d	s uː	s uː d	s uː d	t͡ʃ uː d	1	1	reg_d	reg_d	reg_d
string	d r ɛ s	d r ɛ s t	d r ɛ s t	p r ɛ s	p r ɛ s t	p r ɛ s t	d r ɛ s t	1	1	reg_t	reg_t	reg_t
string	ə n d ɹ̩ s t æ n d	ə n d ɹ̩ s t ʊ d	ə n t ə t æ n d	s t æ n d	s t æ n d ə d	s t ʊ d	ə n d ɹ̩ s t æ n d ə d	0	0	rhyme_replaced	other	reg_əd
string	t͡ʃ e ɪ s	t͡ʃ e ɪ s t	t͡ʃ e ɪ s t	t͡ʃ e ɪ n	t͡ʃ e ɪ n d	t͡ʃ e ɪ n d	t͡ʃ e ɪ s d	0	0	reg_t	reg_t	reg_d
string	h ʌ ɡ	h ʌ ɡ d	h ʌ ɡ d	h ʌ ʃ	h ʌ ʃ t	h ʌ ʃ t	h ʌ ɡ t	0	0	reg_d	reg_d	reg_t
string	h ɪ t	h ɪ t	h ɪ t	h ɹ̩ t	h ɹ̩ t	h ɹ̩ t	h ɪ t	1	1	no_change	no_change	no_change
string	h æ m ɹ̩	h æ m ɹ̩ d	h æ m ɹ̩ d	h ɑː l ɹ̩	h ɑː l ɹ̩ d	h ɑː l ɹ̩ d	h æ m ɹ̩ d	1	1	reg_d	reg_d	reg_d
string	w a ɪ n d	w a ɪ n d ə d	w a ɪ n d ə d	f a ɪ n d	f a ɪ n d ə d	f a ʊ n d	w a ɪ n d ə d	1	1	reg_əd	reg_əd	reg_əd
string	k ə n s t r ʌ k t	k ə n s t r ʌ k t ə d	k ə t r t r ʌ k t ə d	ɪ n s t r ʌ k t	ɪ n s t r ʌ k t ə d	ɪ n s t r ʌ k t ə d	k ə n s t r ʌ k t ə d	0	1	reg_əd	other	reg_əd
string	m iː t	m ɛ t	m iː t ə d	h iː t	h iː t	h iː t ə d	m iː t	0	0	vowel_change	reg_əd	no_change
string	s w ɪ ʃ	s w ɪ ʃ t	s w ɪ ʃ t	s a ɪ n	s a ɪ n d	s a ɪ n d	s w ɪ ʃ d	0	0	reg_t	reg_t	reg_d
string	s k w iː z	s k w iː z d	s k w iː z d	s k w iː k	s k w iː k t	s k w iː k t	s k w iː z t	0	0	reg_d	reg_d	reg_t
string	t͡ʃ ʌ ɡ	t͡ʃ ʌ ɡ d	t͡ʃ ʌ ɡ d	t ʌ ɡ	t ʌ ɡ d	t ʌ ɡ d	t͡ʃ ʌ ɡ d	1	1	reg_d	reg_d	reg_d
string	b r æ n t͡ʃ	b r æ n t͡ʃ t	b r æ n t͡ʃ t	ɡ r æ n t	ɡ r æ n t ə d	ɡ r æ n t ə d	b r æ n t͡ʃ ə d	0	0	reg_t	reg_t	reg_əd
string	n o ʊ t ɪ s	n o ʊ t ɪ s t	n o ʊ t ɪ s t	n o ʊ t	n o ʊ t ə d	n o ʊ t ə d	n o ʊ t ɪ s ə d	0	0	reg_t	reg_t	reg_əd
string	b e ɪ k	b e ɪ k t	b e ɪ k t	b e ɪ s	b e ɪ s t	b e ɪ s t	b e ɪ k t	1	1	reg_t	reg_t	reg_t
string	s n æ p	s n æ p t	s n æ p t	s n æ t͡ʃ	s n æ t͡ʃ t	s n æ t͡ʃ t	s n æ p t	1	1	reg_t	reg_t	reg_t
string	s w ɪ m	s w æ m	s w ɪ m d	s k ɪ m	s k ɪ m d	s k ɪ m d	s w ɪ m d	1	0	vowel_change	reg_d	reg_d
string	ʃ ʌ t ə l	ʃ ʌ t ə l d	ʃ ʌ t ə l d	ʃ ʌ v ə l	ʃ ʌ v ə l d	ʃ ʌ v ə l d	ʃ ʌ t ə l d	1	1	reg_d	reg_d	reg_d
string	ə p r iː ʃ iː e ɪ t	ə p r iː ʃ iː e ɪ t ə d	ə p iː ʃ iː ʃ e ɪ t ə d	ə s o ʊ s iː e ɪ t	ə s o ʊ s iː e ɪ t ə d	ə s o ʊ s iː e ɪ t ə d	ə p r iː ʃ iː e ɪ t ə d	0	1	reg_əd	other	reg_əd
string	s m uː ð	s m uː ð d	s m uː ð d	s uː t	s uː t	s uː t ə d	s m uː ð	0	0	reg_d	reg_d	no_change
string	s t ɛ r	s t ɛ r d	s t ɛ r d	s t ɛ m	s t ɛ m d	s t ɛ m d	s t ɛ r d	1	1	reg_d	reg_d	reg_d
string	k ɑː s t uː m	k ɑː s t uː m d	k ɑː s t uː m d	k ɑː s t	k ɑː s t	k ɑː s t	k ɑː s t uː m	0	0	reg_d	reg_d	no_change
string	ɡ uː f	ɡ uː f t	ɡ uː f t	w uː	w uː d	w uː d	ɡ uː f d	0	0	reg_t	reg_t	reg_d
string	d r a ʊ n	d r a ʊ n d	d r a ʊ n d	b r a ʊ n	b r a ʊ n d	b r a ʊ n d	d r a ʊ n d	1	1	reg_d	reg_d	reg_d
string	n ɹ̩ s	n ɹ̩ s t	n ɹ̩ s t	l uː s	l uː s t	l uː s t	n ɹ̩ s t	1	1	reg_t	reg_t	reg_t
string	k r a ɪ	k r a ɪ d	k r a ɪ d	t r a ɪ	t r a ɪ d	t r a ɪ d	k r a ɪ d	1	1	reg_d	reg_d	reg_d
string	iː v ɪ n	iː v ɪ n d	iː v ɪ n d	d͡ʒ ɔ ɪ n	d͡ʒ ɔ ɪ n d	d͡ʒ ɔ ɪ n d	iː v ɪ n d	1	1	reg_d	reg_d	reg_d
string	m a ɪ n	m a ɪ n d	m a ɪ n d	s a ɪ n	s a ɪ n d	s a ɪ n d	m a ɪ n d	1	1	reg_d	reg_d	reg_d
string	b ɪ ɡ ɪ n	b ɪ ɡ æ n	b ɪ ɡ e ɪ n	b ɪ z iː	b ɪ z iː d	b ɪ z iː d	b ɪ ɡ ɪ n d	0	0	vowel_change	vowel_change	reg_d
string	s p æ ŋ k	s p æ ŋ k t	s p æ ŋ k t	s p uː k	s p uː k t	s p uː k t	s p æ ŋ k t	1	1	reg_t	reg_t	reg_t
string	t͡ʃ ɪ p	t͡ʃ ɪ p t	t͡ʃ ɪ p t	t ɪ p	t ɪ p t	t ɪ p t	t͡ʃ ɪ p t	1	1	reg_t	reg_t	reg_t
string	s p iː k	s p o ʊ k	s p iː k t	p iː k	p iː k t	p iː k t	s p iː k t	1	0	vowel_change	reg_t	reg_t
string	s w ɪ t͡ʃ	s w ɪ t͡ʃ t	s w ɪ t͡ʃ t	t w ɪ t͡ʃ	t w ɪ t͡ʃ t	t w ɪ t͡ʃ t	s w ɪ t͡ʃ t	1	1	reg_t	reg_t	reg_t
string	f a ɪ ɹ̩	f a ɪ ɹ̩ d	f a ɪ ɹ̩ d	f a ɪ l	f a ɪ l d	f a ɪ l d	f a ɪ ɹ̩ d	1	1	reg_d	reg_d	reg_d
string	b ɪ l	b ɪ l d	b ɪ l d	b ɔ l	b ɔ l d	b ɔ l d	b ɪ l d	1	1	reg_d	reg_d	reg_d
string	r iː m a ɪ n d	r iː m a ɪ n d ə d	r iː m a ɪ n d ə d	m a ɪ n d	m a ɪ n d ə d	m a ɪ n d ə d	r iː m a ɪ n d ə d	1	1	reg_əd	reg_əd	reg_əd
string	s iː d	s iː d ə d	s iː d ə d	r iː d	r iː d ə d	r ɛ d	s iː d ə d	1	1	reg_əd	reg_əd	reg_əd
string	w e ɪ v	w e ɪ v d	w e ɪ v d	w e ɪ k	w e ɪ k t	w o ʊ k	w e ɪ v t	0	0	reg_d	reg_d	reg_t
string	b l uː m	b l uː m d	b l uː m d	b uː m	b uː m d	b uː m d	b l uː m d	1	1	reg_d	reg_d	reg_d
string	s t ɪ ŋ	s t ʌ ŋ	s t ɪ ŋ	s t r ɪ ŋ	s t r ʌ ŋ	s t r ʌ ŋ	s t ʌ ŋ	0	1	vowel_change	no_change	vowel_change
string	ə r a ɪ v	ə r a ɪ v d	ə r a ɪ v d	r a ɪ d	r o ʊ d	r o ʊ d	NA	0	0	reg_d	reg_d	vowel_change
string	b l ɛ s	b l ɛ s t	b l ɛ s t	l ɛ t	l ɛ t	l ɛ t	b l ɛ s	0	0	reg_t	reg_t	no_change
string	ə r ɛ s t	ə r ɛ s t ə d	ə r ɛ s t ə d	s ə d͡ʒ ɛ s t	s ə d͡ʒ ɛ s t ə d	s ə d͡ʒ ɛ s t ə d	ə r ɛ s t ə d	1	1	reg_əd	reg_əd	reg_əd
string	s p ɪ n	s p ʌ n	s p ɪ n d	p ɪ n	p ɪ n d	p ɪ n d	s p ɪ n d	1	0	vowel_change	reg_d	reg_d
string	k ə m p iː t	k ə m p iː t ə d	k ə m p iː t ə d	k ə m p l iː t	k ə m p l iː t ə d	k ə m p l iː t ə d	k ə m p iː t ə d	1	1	reg_əd	reg_əd	reg_əd
string	t r e ɪ n	t r e ɪ n d	t r e ɪ n d	r e ɪ n	r e ɪ n d	r e ɪ n d	t r e ɪ n d	1	1	reg_d	reg_d	reg_d
string	p æ s	p æ s t	p æ s t	ɡ æ s	ɡ æ s t	ɡ æ s t	p æ s t	1	1	reg_t	reg_t	reg_t
string	s ɪ ŋ k	s æ ŋ k	s ɪ ŋ k t	l ɪ ŋ k	l ɪ ŋ k t	l ɪ ŋ k t	s ɪ ŋ k t	1	0	vowel_change	reg_t	reg_t
string	l uː p	l uː p t	l uː p t	l iː p	l iː p t	l ɛ p t	l uː p t	1	1	reg_t	reg_t	reg_t
string	s ə l ɛ k t	s ə l ɛ k t ə d	s ə l ɛ k t ə d	k ə l ɛ k t	k ə l ɛ k t ə d	k ə l ɛ k t ə d	s ə l ɛ k t ə d	1	1	reg_əd	reg_əd	reg_əd
string	r ɪ ŋ	r æ ŋ	r ɪ ŋ	r ɪ d	r ɪ d	r ɪ d	r ɪ ŋ	1	0	vowel_change	no_change	no_change
string	m e ɪ l	m e ɪ l d	m e ɪ l d	m e ɪ t	m e ɪ t ə d	m e ɪ t ə d	m e ɪ l ə d	0	0	reg_d	reg_d	reg_əd
string	p æ t	p æ t ə d	p æ t ə d	b æ t	b æ t	b æ t ə d	p æ t	0	0	reg_əd	reg_əd	no_change
string	k ɪ d	k ɪ d ə d	k ɪ d	r ɪ d	r ɪ d	r ɪ d	k ɪ d	1	0	reg_əd	no_change	no_change
string	p ɑː r d ə n	p ɑː r d ə n d	p ɑː r d ə n d	ʃ ɑː r p ə n	ʃ ɑː r p ə n d	ʃ ɑː r p ə n d	p ɑː r d ə n d	1	1	reg_d	reg_d	reg_d
string	s t iː r	s t iː r d	s t iː r d	s iː r	s iː r d	s iː r d	s t iː r d	1	1	reg_d	reg_d	reg_d
string	f o ʊ l d	f o ʊ l d ə d	f o ʊ l d ə d	h o ʊ l d	h o ʊ l d ə d	h ɛ l d	f o ʊ l d ə d	1	1	reg_əd	reg_əd	reg_əd
string	s n iː k	s n iː k t	s n iː k t	s n æ k	s n æ k t	s n æ k t	s n iː k t	1	1	reg_t	reg_t	reg_t
string	b e ɪ l	b e ɪ l d	b e ɪ l d	s e ɪ l	s e ɪ l d	s e ɪ l d	b e ɪ l d	1	1	reg_d	reg_d	reg_d
string	b ɛ t ɹ̩	b ɛ t ɹ̩ d	b ɛ t ɹ̩ d	b ɛ t	b ɛ t	b ɛ t	b ɛ t ɹ̩	0	0	reg_d	reg_d	no_change
string	ɡ ɑː r b ə l	ɡ ɑː r b ə l d	ɡ ɑː r b ə l d	ɡ ɑː b ə l	ɡ ɑː b ə l d	ɡ ɑː b ə l d	ɡ ɑː r b ə l d	1	1	reg_d	reg_d	reg_d
string	s k w ɹ̩ t	s k w ɹ̩ t ə d	s k w ɹ̩ t ə d	s k e ɪ t	s k e ɪ t ə d	s k e ɪ t ə d	s k w ɹ̩ t ə d	1	1	reg_əd	reg_əd	reg_əd
string	b ɑː k s	b ɑː k s t	b ɑː k s t	m ɪ k s	m ɪ k s t	m ɪ k s t	b ɑː k s t	1	1	reg_t	reg_t	reg_t
string	s iː l	s iː l d	s iː l d	s t iː l	s t iː l d	s t o ʊ l	s iː l d	1	1	reg_d	reg_d	reg_d
string	s p r ɛ d	s p r ɛ d	s p r ɛ d ə d	s p iː d	s p iː d ə d	s p ɛ d	s p r ɛ d ə d	1	0	no_change	reg_əd	reg_əd
string	p r ɑː m ə s	p r ɑː m ə s t	p r ɑː m ə s t	r ɑː k ə t	r ɑː k ə t ə d	r ɑː k ə t ə d	p r ɑː m ə s ə d	0	0	reg_t	reg_t	reg_əd
string	b iː t	b iː t	b iː t ə d	b æ t	b æ t	b æ t ə d	b iː t	0	1	no_change	reg_əd	no_change
string	h ɪ p n ə t a ɪ z	h ɪ p n ə t a ɪ z d	h ɪ t ə t a ɪ d	s ɪ m b ə l a ɪ z	s ɪ m b ə l a ɪ z d	s ɪ m b ə l a ɪ z d	h ɪ p n ə t a ɪ z d	0	1	reg_d	other	reg_d
string	s l æ p	s l æ p t	s l æ p t	f l æ p	f l æ p t	f l æ p t	s l æ p t	1	1	reg_t	reg_t	reg_t
string	b ɛ s t	b ɛ s t ə d	b ɛ s t ə d	b ɛ t	b ɛ t	b ɛ t	b ɛ s t	0	0	reg_əd	reg_əd	no_change
string	s t æ ɡ ɹ̩	s t æ ɡ ɹ̩ d	s t æ ɡ ɹ̩ d	s n æ ɡ	s n æ ɡ d	s n æ ɡ d	s t æ ɡ ɹ̩ d	1	1	reg_d	reg_d	reg_d
string	z æ p	z æ p t	z æ p t	k æ p	k æ p t	k æ p t	z æ p t	1	1	reg_t	reg_t	reg_t
string	ə p s ɛ t	ə p s ɛ t	ə p s ɛ t ə d	p ɛ t	p ɛ t	p ɛ t ə d	ə p s ɛ t	0	1	no_change	reg_əd	no_change
string	r ɛ s t	r ɛ s t ə d	r ɛ s t ə d	t ɛ s t	t ɛ s t ə d	t ɛ s t ə d	r ɛ s t ə d	1	1	reg_əd	reg_əd	reg_əd
string	s p l æ ʃ	s p l æ ʃ t	s p l æ ʃ t	s p l ɪ t	s p l ɪ t	s p l ɪ t	s p l æ ʃ	0	0	reg_t	reg_t	no_change
string	l a ɪ n	l a ɪ n d	l a ɪ n d	l a ɪ	l e ɪ d	l e ɪ	NA	0	0	reg_d	reg_d	vowel_change_suffix
string	ə n d uː	ə n d ɪ d	ə n d uː d	ɛ n d	ɛ n d ə d	ɛ n d ə d	ə n d uː ə d	0	0	vowel_change_suffix	reg_d	reg_əd
string	p ɛ n	p ɛ n d	p ɛ n d	p æ n	p æ n d	p æ n d	p ɛ n d	1	1	reg_d	reg_d	reg_d
string	ɛ d ə t	ɛ d ə t ə d	ɛ d ə t ə d	k r ɛ d ə t	k r ɛ d ə t ə d	k r ɛ d ə t ə d	ɛ d ə t ə d	1	1	reg_əd	reg_əd	reg_əd
string	ɪ k s p l ɔ r	ɪ k s p l ɔ r d	ɪ k s p l ɔ r d	ɪ m p l ɔ r	ɪ m p l ɔ r d	ɪ m p l ɔ r d	ɪ k s p l ɔ r d	1	1	reg_d	reg_d	reg_d
string	ə s uː m	ə s uː m d	ə s uː m d	s uː	s uː d	s uː d	ə s uː m d	1	1	reg_d	reg_d	reg_d
string	s p r e ɪ	s p r e ɪ d	s p r e ɪ d	p r e ɪ	p r e ɪ d	p r e ɪ d	s p r e ɪ d	1	1	reg_d	reg_d	reg_d
string	l o ʊ ɹ̩	l o ʊ ɹ̩ d	l o ʊ ɹ̩ d	l o ʊ d	l o ʊ d ə d	l o ʊ d ə d	l o ʊ ɹ̩ ə d	0	0	reg_d	reg_d	reg_əd
string	d æ m	d æ m d	d æ m d	d æ ʃ	d æ ʃ t	d æ ʃ t	d æ m t	0	0	reg_d	reg_d	reg_t
string	r ʌ ʃ	r ʌ ʃ t	r ʌ ʃ t	k r ʌ ʃ	k r ʌ ʃ t	k r ʌ ʃ t	r ʌ ʃ t	1	1	reg_t	reg_t	reg_t
string	p l ʌ ɡ	p l ʌ ɡ d	p l ʌ ɡ d	ə n p l ʌ ɡ	ə n p l ʌ ɡ d	ə n p l ʌ ɡ d	p l ʌ ɡ d	1	1	reg_d	reg_d	reg_d
string	ə d m ɪ t	ə d m ɪ t ə d	ə d m ɪ t ə d	d e ɪ t	d e ɪ t ə d	d e ɪ t ə d	ə d m ɪ t ə d	1	1	reg_əd	reg_əd	reg_əd
string	ə n t a ɪ	ə n t a ɪ d	ə n t a ɪ d	ə n ɔ ɪ	ə n ɔ ɪ d	ə n ɔ ɪ d	ə n t a ɪ d	1	1	reg_d	reg_d	reg_d
string	b ʌ k ə l	b ʌ k ə l d	b ʌ k ə l d	n ʌ k ə l	n ʌ k ə l d	n ʌ k ə l d	b ʌ k ə l d	1	1	reg_d	reg_d	reg_d
string	s w uː ʃ	s w uː ʃ t	s w uː ʃ t	s w iː p	s w ɛ p t	s w ɛ p t	NA	0	0	reg_t	reg_t	vowel_change_suffix
string	ə r a ɪ z	ə r o ʊ z	ə r a ɪ z d	r a ɪ z	r o ʊ z	r o ʊ z	ə r o ʊ z	0	1	vowel_change	reg_d	vowel_change
string	s o ʊ k	s o ʊ k t	s o ʊ k t	s o ʊ	s o ʊ d	s o ʊ d	s o ʊ k d	0	0	reg_t	reg_t	reg_d
string	t r æ p	t r æ p t	t r æ p t	t r æ k	t r æ k t	t r æ k t	t r æ p t	1	1	reg_t	reg_t	reg_t
string	p a ɪ l	p a ɪ l d	p a ɪ l d	f a ɪ l	f a ɪ l d	f a ɪ l d	p a ɪ l d	1	1	reg_d	reg_d	reg_d
string	ɪ k s p l o ʊ d	ɪ k s p l o ʊ d ə d	ɪ k s p l o ʊ d ə d	ɪ k s p l e ɪ n	ɪ k s p l e ɪ n d	ɪ k s p l e ɪ n d	ɪ k s p l o ʊ d d	0	0	reg_əd	reg_əd	reg_d
string	b ɔ ɪ l	b ɔ ɪ l d	b ɔ ɪ l d	b ɔ l	b ɔ l d	b ɔ l d	b ɔ ɪ l d	1	1	reg_d	reg_d	reg_d
string	k ə n s ɪ d ɹ̩	k ə n s ɪ d ɹ̩ d	k ə n s ɪ n d	k ə n ɛ k t	k ə n ɛ k t ə d	k ə n ɛ k t ə d	k ə n s ɪ d ɹ̩ ə d	0	0	reg_d	other	reg_əd
string	s k a ʊ l	s k a ʊ l d	s k a ʊ l d	ɡ r a ʊ l	ɡ r a ʊ l d	ɡ r a ʊ l d	s k a ʊ l d	1	1	reg_d	reg_d	reg_d
string	ɪ ɡ z ɔ s t	ɪ ɡ z ɔ s t ə d	ɪ ɡ z ɔ s t ə d	ɪ ɡ z ɪ s t	ɪ ɡ z ɪ s t ə d	ɪ ɡ z ɪ s t ə d	ɪ ɡ z ɔ s t ə d	1	1	reg_əd	reg_əd	reg_əd
string	s uː p ɹ̩ v a ɪ z	s uː p ɹ̩ v a ɪ z d	s uː v ɹ̩ v a ɪ z d	s ɹ̩ v a ɪ v	s ɹ̩ v a ɪ v d	s ɹ̩ v a ɪ v d	s uː p ɹ̩ v a ɪ z d	0	1	reg_d	other	reg_d
string	d æ ŋ ɡ ə l	d æ ŋ ɡ ə l d	d æ ŋ ɡ ə l d	d æ z ə l	d æ z ə l d	d æ z ə l d	d æ ŋ ɡ ə l d	1	1	reg_d	reg_d	reg_d
string	d͡ʒ ɪ m iː	d͡ʒ ɪ m iː d	d͡ʒ ɪ m iː d	b ɪ z iː	b ɪ z iː d	b ɪ z iː d	d͡ʒ ɪ m iː d	1	1	reg_d	reg_d	reg_d
string	t r ʌ b ə l	t r ʌ b ə l d	t r ʌ b ə l d	t e ɪ b ə l	t e ɪ b ə l d	t e ɪ b ə l d	t r ʌ b ə l d	1	1	reg_d	reg_d	reg_d
string	p e ɪ d͡ʒ	p e ɪ d͡ʒ d	p e ɪ d͡ʒ d	p e ɪ	p e ɪ d	p e ɪ d	p e ɪ d͡ʒ d	1	1	reg_d	reg_d	reg_d
string	t a ʊ ɹ̩	t a ʊ ɹ̩ d	t a ʊ ɹ̩ d	t a ɪ ɹ̩	t a ɪ ɹ̩ d	t a ɪ ɹ̩ d	t a ʊ ɹ̩ d	1	1	reg_d	reg_d	reg_d
string	f ɛ n s	f ɛ n s t	f ɛ n s t	ɡ ɛ s	ɡ ɛ s t	ɡ ɛ s t	f ɛ n s t	1	1	reg_t	reg_t	reg_t
string	d ɛ r	d ɛ r d	d ɛ r d	ʃ ɛ r	ʃ ɛ r d	ʃ ɛ r d	d ɛ r d	1	1	reg_d	reg_d	reg_d
string	b l iː d	b l ɛ d	b l iː d ə d	b l iː t͡ʃ	b l iː t͡ʃ t	b l iː t͡ʃ t	b l iː d t	0	0	vowel_change	reg_əd	reg_t
string	ɛ n t ɹ̩	ɛ n t ɹ̩ d	ɛ n t ɹ̩ d	s ɛ n t ɹ̩	s ɛ n t ɹ̩ d	s ɛ n t ɹ̩ d	ɛ n t ɹ̩ d	1	1	reg_d	reg_d	reg_d
string	m e ɪ n t e ɪ n	m e ɪ n t e ɪ n d	m e ɪ n t e ɪ n d	r ɪ t e ɪ n	r ɪ t e ɪ n d	r ɪ t e ɪ n d	m e ɪ n t e ɪ n d	1	1	reg_d	reg_d	reg_d
string	f ɛ r	f ɛ r d	f ɛ r d	k ɛ r	k ɛ r d	k ɛ r d	f ɛ r d	1	1	reg_d	reg_d	reg_d
string	d ɪ p	d ɪ p t	d ɪ p t	w ɪ p	w ɪ p t	w ɪ p t	d ɪ p t	1	1	reg_t	reg_t	reg_t
string	j ɔ n	j ɔ n d	j ɔ n d	l ɹ̩ n	l ɹ̩ n d	l ɹ̩ n d	j ɔ n d	1	1	reg_d	reg_d	reg_d
string	ʃ ʊ ɡ ɹ̩	ʃ ʊ ɡ ɹ̩ d	ʃ ʊ ɡ ɹ̩ d	ʃ a ʊ ɹ̩	ʃ a ʊ ɹ̩ d	ʃ a ʊ ɹ̩ d	ʃ ʊ ɡ ɹ̩ d	1	1	reg_d	reg_d	reg_d
string	d r ɪ f t	d r ɪ f t ə d	d r æ f t ə d	l ɪ f t	l ɪ f t ə d	l ɪ f t ə d	d r ɪ f t ə d	0	1	reg_əd	other	reg_əd
string	ɪ n s p a ɪ ɹ̩	ɪ n s p a ɪ ɹ̩ d	ɪ n s p a ɪ n d	s p a ɪ k	s p a ɪ k t	s p a ɪ k t	ɪ n s p a ɪ ɹ̩ t	0	0	reg_d	rhyme_replaced	reg_t
string	m ɛ n ʃ ə n	m ɛ n ʃ ə n d	m ɛ n ʃ ə n d	m ə ʃ iː n	m ə ʃ iː n d	m ə ʃ iː n d	m ɛ n ʃ ə n d	1	1	reg_d	reg_d	reg_d
string	s l ɪ p	s l ɪ p t	s l ɪ p t	s ɪ p	s ɪ p t	s ɪ p t	s l ɪ p t	1	1	reg_t	reg_t	reg_t
string	s k ɪ p	s k ɪ p t	s k ɪ p t	s ɪ p	s ɪ p t	s ɪ p t	s k ɪ p t	1	1	reg_t	reg_t	reg_t
string	m ə n ɪ p j ə l e ɪ t	m ə n ɪ p j ə l e ɪ t ə d	m ɪ p ə l d	f ɔ r m j ə l e ɪ t	f ɔ r m j ə l e ɪ t ə d	f ɔ r m j ə l e ɪ t ə d	m ə n ɪ p j ə l e ɪ t ə d	0	1	reg_əd	other	reg_əd
string	s æ k	s æ k t	s æ k t	s iː k	s iː k t	s ɔ t	s æ k t	1	1	reg_t	reg_t	reg_t
string	ɪ n s p ɛ k t	ɪ n s p ɛ k t ə d	ɪ n s p ɛ k t ə d	ɪ k s p ɛ k t	ɪ k s p ɛ k t ə d	ɪ k s p ɛ k t ə d	ɪ n s p ɛ k t ə d	1	1	reg_əd	reg_əd	reg_əd
string	s æ k r ə f a ɪ s	s æ k r ə f a ɪ s t	s æ k r ə f a ɪ s t	ɡ l ɔ r ə f a ɪ	ɡ l ɔ r ə f a ɪ d	ɡ l ɔ r ə f a ɪ d	s æ k r ə f a ɪ s d	0	0	reg_t	reg_t	reg_d
string	t æ p	t æ p t	t æ p t	n æ p	n æ p t	n æ p t	t æ p t	1	1	reg_t	reg_t	reg_t
string	h ɔ l	h ɔ l d	h ɔ l d	h iː l	h iː l d	h iː l d	h ɔ l d	1	1	reg_d	reg_d	reg_d
string	s k a ʊ t	s k a ʊ t ə d	s k a ʊ t ə d	s a ʊ ɹ̩	s a ʊ ɹ̩ d	s a ʊ ɹ̩ d	s k a ʊ t d	0	0	reg_əd	reg_əd	reg_d
string	p ɑː k ə t	p ɑː k ə t ə d	p ɑː k ə t ə d	r ɑː k ə t	r ɑː k ə t ə d	r ɑː k ə t ə d	p ɑː k ə t ə d	1	1	reg_əd	reg_əd	reg_əd
string	h a ʊ l	h a ʊ l d	h a ʊ l d	h o ʊ l	h o ʊ l d	h o ʊ l d	h a ʊ l d	1	1	reg_d	reg_d	reg_d
string	d ɔ n	d ɔ n d	d ɔ n d	d ɔ ɡ	d ɔ ɡ d	d ɔ ɡ d	d ɔ n d	1	1	reg_d	reg_d	reg_d
string	t æ ŋ ɡ ə l	t æ ŋ ɡ ə l d	t æ ŋ ɡ ə l d	t ɪ ŋ k ə l	t ɪ ŋ k ə l d	t ɪ ŋ k ə l d	t æ ŋ ɡ ə l d	1	1	reg_d	reg_d	reg_d
string	ɡ a ɪ d	ɡ a ɪ d ə d	ɡ a ɪ d ə d	r a ɪ d	r o ʊ d	r o ʊ d	ɡ o ʊ d	0	0	reg_əd	reg_əd	vowel_change
string	θ ʌ n d ɹ̩	θ ʌ n d ɹ̩ d	θ ʌ n d ɹ̩ d	w ʌ n d ɹ̩	w ʌ n d ɹ̩ d	w ʌ n d ɹ̩ d	θ ʌ n d ɹ̩ d	1	1	reg_d	reg_d	reg_d
string	r a ʊ n d	r a ʊ n d ə d	r a ʊ n d ə d	p a ʊ n d	p a ʊ n d ə d	p a ʊ n d ə d	r a ʊ n d ə d	1	1	reg_əd	reg_əd	reg_əd
string	æ b d ʌ k t	æ b d ʌ k t ə d	æ b ʌ k ʌ t ə d	æ k t	æ k t	æ k t ə d	æ b d ʌ k t	0	0	reg_əd	other	no_change
string	ɡ ʌ m	ɡ ʌ m d	ɡ ʌ m d	k ʌ m	k ʌ m d	k e ɪ m	ɡ ʌ m d	1	1	reg_d	reg_d	reg_d
string	l ɛ k t͡ʃ ɹ̩	l ɛ k t͡ʃ ɹ̩ d	l ɛ k t͡ʃ ɹ̩ d	p ɪ k t͡ʃ ɹ̩	p ɪ k t͡ʃ ɹ̩ d	p ɪ k t͡ʃ ɹ̩ d	l ɛ k t͡ʃ ɹ̩ d	1	1	reg_d	reg_d	reg_d
string	d r ɪ b ə l	d r ɪ b ə l d	d r ɪ b ə l d	d r ɪ l	d r ɪ l d	d r ɪ l d	d r ɪ b ə l d	1	1	reg_d	reg_d	reg_d
string	d ʌ s t	d ʌ s t ə d	d ʌ s t ə d	b ʌ s t	b ʌ s t ə d	b ʌ s t ə d	d ʌ s t ə d	1	1	reg_əd	reg_əd	reg_əd
string	d͡ʒ æ m	d͡ʒ æ m d	d͡ʒ æ m d	d͡ʒ æ k	d͡ʒ æ k t	d͡ʒ æ k t	d͡ʒ æ m t	0	0	reg_d	reg_d	reg_t
string	t͡ʃ æ n ə l	t͡ʃ æ n ə l d	t͡ʃ æ n ə l d	t æ k ə l	t æ k ə l d	t æ k ə l d	t͡ʃ æ n ə l d	1	1	reg_d	reg_d	reg_d
string	d r e ɪ n	d r e ɪ n d	d r e ɪ n d	r e ɪ n	r e ɪ n d	r e ɪ n d	d r e ɪ n d	1	1	reg_d	reg_d	reg_d
string	w uː n d	w uː n d ə d	w uː n d ə d	w uː	w uː d	w uː d	w uː n d d	0	0	reg_əd	reg_əd	reg_d
string	t e ɪ l	t e ɪ l d	t e ɪ l d	t a ɪ l	t a ɪ l d	t a ɪ l d	t e ɪ l d	1	1	reg_d	reg_d	reg_d
string	s l o ʊ	s l o ʊ d	s l o ʊ d	f l o ʊ	f l o ʊ d	f l o ʊ d	s l o ʊ d	1	1	reg_d	reg_d	reg_d
string	s t ɪ ŋ k	s t ʌ ŋ k	s t ɪ ŋ k t	ʃ r ɪ ŋ k	ʃ r æ ŋ k	ʃ r æ ŋ k	s t æ ŋ k	0	0	vowel_change	reg_t	vowel_change
string	f iː l d	f iː l d ə d	f iː l d ə d	f iː l	f iː l d	f ɛ l t	f iː l d d	0	0	reg_əd	reg_əd	reg_d
string	s p a ɪ	s p a ɪ d	s p a ɪ d	s p a ɪ k	s p a ɪ k t	s p a ɪ k t	s p a ɪ t	0	0	reg_d	reg_d	reg_t
string	s ɪ ɡ n ə l	s ɪ ɡ n ə l d	s ɪ ɡ n ə l d	s ɪ z ə l	s ɪ z ə l d	s ɪ z ə l d	s ɪ ɡ n ə l d	1	1	reg_d	reg_d	reg_d
string	ɛ n k ɹ̩ ɪ d͡ʒ	ɛ n k ɹ̩ ɪ d͡ʒ d	ɛ n k ɹ̩ ɪ d͡ʒ d	ɛ n d͡ʒ ɔ ɪ	ɛ n d͡ʒ ɔ ɪ d	ɛ n d͡ʒ ɔ ɪ d	ɛ n k ɹ̩ ɪ d͡ʒ d	1	1	reg_d	reg_d	reg_d
string	s æ n ɪ t a ɪ z	s æ n ɪ t a ɪ z d	s æ n t a ɪ z ɪ d	s a ɪ z	s a ɪ z d	s a ɪ z d	s æ n ɪ t a ɪ z d	0	1	reg_d	other	reg_d
string	f r a ɪ t ə n	f r a ɪ t ə n d	f r a ɪ t ə n d	t a ɪ t ə n	t a ɪ t ə n d	t a ɪ t ə n d	f r a ɪ t ə n d	1	1	reg_d	reg_d	reg_d
string	o ʊ v ɹ̩ k ə m	o ʊ v ɹ̩ k e ɪ m	o ʊ v ɹ̩ k ə m d	s ɹ̩ k ə l	s ɹ̩ k ə l d	s ɹ̩ k ə l d	o ʊ v ɹ̩ k ə m d	1	0	vowel_change	reg_d	reg_d
string	p ɛ p ɹ̩	p ɛ p ɹ̩ d	p ɛ p ɹ̩ d	p ɑː p	p ɑː p t	p ɑː p t	p ɛ p ɹ̩ t	0	0	reg_d	reg_d	reg_t
string	b ʌ d͡ʒ	b ʌ d͡ʒ d	b ʌ d͡ʒ d	b ʌ z	b ʌ z d	b ʌ z d	b ʌ d͡ʒ d	1	1	reg_d	reg_d	reg_d
string	ɡ l ɛ r	ɡ l ɛ r d	ɡ l ɛ r d	k ɛ r	k ɛ r d	k ɛ r d	ɡ l ɛ r d	1	1	reg_d	reg_d	reg_d
string	ə f ɔ r d	ə f ɔ r d ə d	ə f ɔ r d ə d	r ə k ɔ r d	r ə k ɔ r d ə d	r ə k ɔ r d ə d	ə f ɔ r d ə d	1	1	reg_əd	reg_əd	reg_əd
string	s k o ʊ l d	s k o ʊ l d ə d	s k o ʊ l d ə d	m o ʊ l d	m o ʊ l d ə d	m o ʊ l d ə d	s k o ʊ l d ə d	1	1	reg_əd	reg_əd	reg_əd
string	s ɛ n s	s ɛ n s t	s ɛ n s t	s ɛ n d	s ɛ n d ə d	s ɛ n t	s ɛ n s ə d	0	0	reg_t	reg_t	reg_əd
string	ɛ m f ə s a ɪ z	ɛ m f ə s a ɪ z d	ɛ m ɛ s a ɪ d	ɛ k s ɹ̩ s a ɪ z	ɛ k s ɹ̩ s a ɪ z d	ɛ k s ɹ̩ s a ɪ z d	ɛ m f ə s a ɪ z d	0	1	reg_d	other	reg_d
string	l e ɪ b ə l	l e ɪ b ə l d	l e ɪ b ə l d	t e ɪ b ə l	t e ɪ b ə l d	t e ɪ b ə l d	l e ɪ b ə l d	1	1	reg_d	reg_d	reg_d
string	b a ʊ	b a ʊ d	b ɔ t	b a ɪ	b ɔ t	b ɔ t	NA	0	0	reg_d	vowel_change_suffix	vowel_change_suffix
string	b ʌ n t͡ʃ	b ʌ n t͡ʃ t	b ʌ n t͡ʃ t	l ʌ n t͡ʃ	l ʌ n t͡ʃ t	l ʌ n t͡ʃ t	b ʌ n t͡ʃ t	1	1	reg_t	reg_t	reg_t
string	t ɛ r ə r a ɪ z	t ɛ r ə r a ɪ z d	t ɛ r ə r a ɪ z d	p r ə v a ɪ d	p r ə v a ɪ d ə d	p r ə v a ɪ d ə d	t ɛ r ə r a ɪ z ə d	0	0	reg_d	reg_d	reg_əd
string	ɡ r æ v ə t e ɪ t	ɡ r æ v ə t e ɪ t ə d	ɡ r æ v ə t e ɪ t ə d	ɡ r e ɪ t	ɡ r e ɪ t ə d	ɡ r e ɪ t ə d	ɡ r æ v ə t e ɪ t ə d	1	1	reg_əd	reg_əd	reg_əd
string	b l æ s t	b l æ s t ə d	b l æ s t ə d	l æ s t	l æ s t	l æ s t ə d	b l æ s t	0	0	reg_əd	reg_əd	no_change
string	ɪ n ɪ ʃ ə l	ɪ n ɪ ʃ ə l d	ɪ n ɪ ʃ ə l d	n ɪ b ə l	n ɪ b ə l d	n ɪ b ə l d	ɪ n ɪ ʃ ə l d	1	1	reg_d	reg_d	reg_d
string	s w ɑː p	s w ɑː p t	s w ɑː p t	s w ɑː t	s w ɑː t ə d	s w ɑː t ə d	s w ɑː p ə d	0	0	reg_t	reg_t	reg_əd
string	æ d m a ɪ ɹ̩	æ d m a ɪ ɹ̩ d	æ m a ɪ v ɹ̩ d	d a ɪ v	d a ɪ v d	d o ʊ v	æ d m a ɪ ɹ̩ d	0	1	reg_d	other	reg_d
string	s ə p ɔ r t	s ə p ɔ r t ə d	s ə p ɔ r t ə d	s p ɔ r t	s p ɔ r t ə d	s p ɔ r t ə d	s ə p ɔ r t ə d	1	1	reg_əd	reg_əd	reg_əd
string	p æ m p ɹ̩	p æ m p ɹ̩ d	p æ m p ɹ̩ d	k æ m p	k æ m p t	k æ m p t	p æ m p ɹ̩ t	0	0	reg_d	reg_d	reg_t
string	v ɔ ɪ s	v ɔ ɪ s t	v ɔ ɪ s t	a ɪ s	a ɪ s t	a ɪ s t	v ɔ ɪ s t	1	1	reg_t	reg_t	reg_t
string	s k ɔ r	s k ɔ r d	s k ɔ r d	s k ɛ r	s k ɛ r d	s k ɛ r d	s k ɔ r d	1	1	reg_d	reg_d	reg_d
string	d ɑː k t ɹ̩	d ɑː k t ɹ̩ d	d ɑː k t ɹ̩ d	d ɑː r t	d ɑː r t ə d	d ɑː r t ə d	d ɑː k t ɹ̩ ə d	0	0	reg_d	reg_d	reg_əd
string	r iː v æ m p	r iː v æ m p t	r iː v æ m p t	r iː æ k t	r iː æ k t ə d	r iː æ k t ə d	r iː v æ m p ə d	0	0	reg_t	reg_t	reg_əd
string	l iː s	l iː s t	l iː s t	l iː p	l iː p t	l ɛ p t	l iː s t	1	1	reg_t	reg_t	reg_t
string	s ə p r ɛ s	s ə p r ɛ s t	s ə p r ɛ s t	ɪ m p r ɛ s	ɪ m p r ɛ s t	ɪ m p r ɛ s t	s ə p r ɛ s t	1	1	reg_t	reg_t	reg_t
string	ə p o ʊ z	ə p o ʊ z d	ə p o ʊ z d	s ə p o ʊ z	s ə p o ʊ z d	s ə p o ʊ z d	ə p o ʊ z d	1	1	reg_d	reg_d	reg_d
string	f l ɑː p	f l ɑː p t	f l ɑː p t	f l æ p	f l æ p t	f l æ p t	f l ɑː p t	1	1	reg_t	reg_t	reg_t
string	b ʌ m	b ʌ m d	b ʌ m d	b iː m	b iː m d	b iː m d	b ʌ m d	1	1	reg_d	reg_d	reg_d
string	s p ɹ̩ t	s p ɹ̩ t ə d	s p ɹ̩ t ə d	s p ɪ t	s p ɪ t ə d	s p æ t	s p ɹ̩ t ə d	1	1	reg_əd	reg_əd	reg_əd
string	h uː t	h uː t ə d	h uː t	s uː t	s uː t	s uː t ə d	h uː t	1	0	reg_əd	no_change	no_change
string	p ɹ̩ s	p ɹ̩ s t	p ɹ̩ s t	p ɹ̩ s uː	p ɹ̩ s uː d	p ɹ̩ s uː d	p ɹ̩ s d	0	0	reg_t	reg_t	reg_d
string	k l ʌ b	k l ʌ b d	k l ʌ b d	d ʌ b	d ʌ b d	d ʌ b d	k l ʌ b d	1	1	reg_d	reg_d	reg_d
string	p ɪ t iː	p ɪ t iː d	p ɪ t iː d	p ɪ t	p ɪ t ə d	p ɪ t ə d	p ɪ t iː ə d	0	0	reg_d	reg_d	reg_əd
string	t r æ m p	t r æ m p t	t r æ m p t	t r ʌ m p	t r ʌ m p t	t r ʌ m p t	t r æ m p t	1	1	reg_t	reg_t	reg_t
string	d͡ʒ ɛ n ɹ̩ e ɪ t	d͡ʒ ɛ n ɹ̩ e ɪ t ə d	d͡ʒ ɛ n ɹ̩ e ɪ t ə d	d ɛ k ɹ̩ e ɪ t	d ɛ k ɹ̩ e ɪ t ə d	d ɛ k ɹ̩ e ɪ t ə d	d͡ʒ ɛ n ɹ̩ e ɪ t ə d	1	1	reg_əd	reg_əd	reg_əd
string	t æ t ə l	t æ t ə l d	t æ t ə l d	b æ t ə l	b æ t ə l d	b æ t ə l d	t æ t ə l d	1	1	reg_d	reg_d	reg_d
string	f ʌ m b ə l	f ʌ m b ə l d	f ʌ m b ə l d	t ʌ m b ə l	t ʌ m b ə l d	t ʌ m b ə l d	f ʌ m b ə l d	1	1	reg_d	reg_d	reg_d
string	s t æ ʃ	s t æ ʃ t	s t æ ʃ t	s t æ k	s t æ k t	s t æ k t	s t æ ʃ t	1	1	reg_t	reg_t	reg_t
string	ɪ n s ɪ s t	ɪ n s ɪ s t ə d	ɪ n s ɪ s t ə d	ɪ ɡ z ɪ s t	ɪ ɡ z ɪ s t ə d	ɪ ɡ z ɪ s t ə d	ɪ n s ɪ s t ə d	1	1	reg_əd	reg_əd	reg_əd
string	ɪ ɡ z æ m ɪ n	ɪ ɡ z æ m ɪ n d	ɪ ɡ z æ m æ n d	ɪ m æ d͡ʒ ə n	ɪ m æ d͡ʒ ə n d	ɪ m æ d͡ʒ ə n d	ɪ ɡ z æ m ɪ n d	0	1	reg_d	vowel_change_suffix	reg_d
string	b l ɑː s ə m	b l ɑː s ə m d	b l ɑː s ə m d	b ɑː t ə m	b ɑː t ə m d	b ɑː t ə m d	b l ɑː s ə m d	1	1	reg_d	reg_d	reg_d
string	r o ʊ p	r o ʊ p t	r o ʊ p t	d o ʊ p	d o ʊ p t	d o ʊ p t	r o ʊ p t	1	1	reg_t	reg_t	reg_t
string	p ɪ ŋ	p ɪ ŋ d	p ɪ ŋ d	p ɪ k	p ɪ k t	p ɪ k t	p ɪ ŋ t	0	0	reg_d	reg_d	reg_t
string	v o ʊ t	v o ʊ t ə d	v o ʊ t ə d	n o ʊ t	n o ʊ t ə d	n o ʊ t ə d	v o ʊ t ə d	1	1	reg_əd	reg_əd	reg_əd
string	n iː r	n iː r d	n iː r d	s iː r	s iː r d	s iː r d	n iː r d	1	1	reg_d	reg_d	reg_d
string	t r ʌ s t	t r ʌ s t ə d	t r ʌ s t ə d	t e ɪ s t	t e ɪ s t ə d	t e ɪ s t ə d	t r ʌ s t ə d	1	1	reg_əd	reg_əd	reg_əd
string	ɪ n t ɹ̩ s p ɹ̩ s	ɪ n t ɹ̩ s p ɹ̩ s t	ɪ n t ɹ̩ s p ɹ̩ s t ɹ̩ s ɹ̩ n t ɹ̩ s	ɪ n t ɹ̩ ʌ p t	ɪ n t ɹ̩ ʌ p t ə d	ɪ n t ɹ̩ ʌ p t ə d	ɪ n t ɹ̩ s p ɹ̩ s ə d	0	0	reg_t	other	reg_əd
string	s w uː p	s w uː p t	s w uː p t	s k uː p	s k uː p t	s k uː p t	s w uː p t	1	1	reg_t	reg_t	reg_t
string	d͡ʒ e ɪ l	d͡ʒ e ɪ l d	d͡ʒ e ɪ l d	n e ɪ l	n e ɪ l d	n e ɪ l d	d͡ʒ e ɪ l d	1	1	reg_d	reg_d	reg_d
string	f e ɪ l	f e ɪ l d	f e ɪ l d	n e ɪ l	n e ɪ l d	n e ɪ l d	f e ɪ l d	1	1	reg_d	reg_d	reg_d
string	b ʊ k	b ʊ k t	b ʊ k t	h ʊ k	h ʊ k t	h ʊ k t	b ʊ k t	1	1	reg_t	reg_t	reg_t
string	s ɪ f t	s ɪ f t ə d	s ɪ f t ə d	l ɪ f t	l ɪ f t ə d	l ɪ f t ə d	s ɪ f t ə d	1	1	reg_əd	reg_əd	reg_əd
string	k a ʊ t͡ʃ	k a ʊ t͡ʃ t	k a ʊ t͡ʃ t	k r a ʊ t͡ʃ	k r a ʊ t͡ʃ t	k r a ʊ t͡ʃ t	k a ʊ t͡ʃ t	1	1	reg_t	reg_t	reg_t
string	f r ʌ n t	f r ʌ n t ə d	f r ʌ n t ə d	r ʌ n	r ʌ n	r æ n	f r ʌ n t	0	0	reg_əd	reg_əd	no_change
string	p r ə d uː s	p r ə d uː s t	p r ə d uː s t	r ɪ d uː s	r ɪ d uː s t	r ɪ d uː s t	p r ə d uː s t	1	1	reg_t	reg_t	reg_t
string	ʃ e ɪ d	ʃ e ɪ d ə d	ʃ e ɪ d ə d	r e ɪ d	r e ɪ d ə d	r e ɪ d ə d	ʃ e ɪ d ə d	1	1	reg_əd	reg_əd	reg_əd
string	d r ɛ n t͡ʃ	d r ɛ n t͡ʃ t	d r ɛ n t͡ʃ t	r ɛ n t͡ʃ	r ɛ n t͡ʃ t	r ɛ n t͡ʃ t	d r ɛ n t͡ʃ t	1	1	reg_t	reg_t	reg_t
string	s p l æ t ɹ̩	s p l æ t ɹ̩ d	s p l æ t ɹ̩ d	p l æ s t ɹ̩	p l æ s t ɹ̩ d	p l æ s t ɹ̩ d	s p l æ t ɹ̩ d	1	1	reg_d	reg_d	reg_d
string	r iː v j uː	r iː v j uː d	r iː v j uː d	r iː t͡ʃ	r iː t͡ʃ t	r iː t͡ʃ t	r iː v j uː t	0	0	reg_d	reg_d	reg_t
string	b ɔ r	b ɔ r d	b ɔ r d	b ɛ r	b ɛ r d	b o ʊ r	b ɔ r d	1	1	reg_d	reg_d	reg_d
string	s iː t	s iː t ə d	s iː t	s uː t	s uː t	s uː t ə d	s iː t	1	0	reg_əd	no_change	no_change
string	b ɛ d	b ɛ d ə d	b ɛ d ə d	l ɛ d	l ɛ d ə d	l ɛ d ə d	b ɛ d ə d	1	1	reg_əd	reg_əd	reg_əd
string	ə n s iː t	ə n s iː t ə d	ə n s iː t ə d	s iː m	s iː m d	s iː m d	ə n s iː t d	0	0	reg_əd	reg_əd	reg_d
string	m ʌ f ə l	m ʌ f ə l d	m ʌ f ə l d	ʃ ʌ v ə l	ʃ ʌ v ə l d	ʃ ʌ v ə l d	m ʌ f ə l d	1	1	reg_d	reg_d	reg_d
string	s t ʌ m p	s t ʌ m p t	s t ʌ m p t	s t ɑː m p	s t ɑː m p t	s t ɑː m p t	s t ʌ m p t	1	1	reg_t	reg_t	reg_t
string	t r æ n s p l æ n t	t r æ n s p l æ n t ə d	t s p l æ l æ n d	p l æ n t	p l æ n t ə d	p l æ n t ə d	t r æ n s p l æ n t ə d	0	1	reg_əd	other	reg_əd
string	v ɪ ʒ w ə l a ɪ z	v ɪ ʒ w ə l a ɪ z d	v ə l ə l a ɪ d	s ɪ m b ə l a ɪ z	s ɪ m b ə l a ɪ z d	s ɪ m b ə l a ɪ z d	v ɪ ʒ w ə l a ɪ z d	0	1	reg_d	other	reg_d
string	ɡ æ l ə p	ɡ æ l ə p t	ɡ æ l ə p t	ɡ ʌ l p	ɡ ʌ l p t	ɡ ʌ l p t	ɡ æ l ə p t	1	1	reg_t	reg_t	reg_t
string	s ʌ l iː	s ʌ l iː d	s ʌ l iː d	s l iː p	s l ɛ p t	s l ɛ p t	NA	0	0	reg_d	reg_d	vowel_change_suffix
string	ə n f o ʊ l d	ə n f o ʊ l d ə d	ə n f o ʊ n d ə d	ə n l o ʊ d	ə n l o ʊ d ə d	ə n l o ʊ d ə d	ə n f o ʊ l d ə d	0	1	reg_əd	other	reg_əd
string	w iː	w iː d	w iː d	k iː	k iː d	k iː d	w iː d	1	1	reg_d	reg_d	reg_d
string	ɪ m ə t e ɪ t	ɪ m ə t e ɪ t ə d	ɪ m ə t e ɪ t ə d	m e ɪ t	m e ɪ t ə d	m e ɪ t ə d	ɪ m ə t e ɪ t ə d	1	1	reg_əd	reg_əd	reg_əd
string	s w ɹ̩ v	s w ɹ̩ v d	s w ɹ̩ v d	s ɹ̩ v	s ɹ̩ v d	s ɹ̩ v d	s w ɹ̩ v d	1	1	reg_d	reg_d	reg_d
string	h iː p	h iː p t	h iː p t	k iː p	k iː p t	k ɛ p t	h iː p t	1	1	reg_t	reg_t	reg_t
string	r iː f j uː ə l	r iː f j uː ə l d	r iː f j uː ə l d	f j uː ə l	f j uː ə l d	f j uː ə l d	r iː f j uː ə l d	1	1	reg_d	reg_d	reg_d
string	t͡ʃ æ n t	t͡ʃ æ n t ə d	t͡ʃ æ n t ə d	p æ n t	p æ n t ə d	p æ n t ə d	t͡ʃ æ n t ə d	1	1	reg_əd	reg_əd	reg_əd
final	iː t	e ɪ t	iː ɪ t	r o ʊ t e ɪ t	r o ʊ t e ɪ t ə d	r o ʊ t e ɪ t ə d	iː t ə d	0	0	vowel_change	vowel_change	reg_əd
final	m e ɪ k	m e ɪ d	m e ɪ k t	f ɔ r k	f ɔ r k t	f ɔ r k t	m e ɪ k t	1	0	coda_change	reg_t	reg_t
final	n o ʊ	n uː	n o ʊ d	ʃ o ʊ	ʃ o ʊ d	ʃ o ʊ d	n o ʊ d	1	0	vowel_change	reg_d	reg_d
final	f ɔ l	f ɛ l	f ɔ l d	t r ɛ m b ə l	t r ɛ m b ə l d	t r ɛ m b ə l d	f ɔ l d	1	0	vowel_change	reg_d	reg_d
final	b r ɪ ŋ	b r ɔ t	b r ɪ ŋ	f l ɪ ŋ	f l ʌ ŋ	f l ʌ ŋ	b r ʌ ŋ	0	0	rhyme_replaced	no_change	vowel_change
final	s t ɑː r t	s t ɑː r t ə d	s t ɑː r t ə d	d e ɪ t	d e ɪ t ə d	d e ɪ t ə d	s t ɑː r t ə d	1	1	reg_əd	reg_əd	reg_əd
final	t e ɪ k	t ʊ k	t e ɪ k t	f r iː k	f r iː k t	f r iː k t	t e ɪ k t	1	0	vowel_change	reg_t	reg_t
final	h e ɪ t	h e ɪ t ə d	h e ɪ t ə d	ɪ m p l ə m ɛ n t	ɪ m p l ə m ɛ n t ə d	ɪ m p l ə m ɛ n t ə d	h e ɪ t ə d	1	1	reg_əd	reg_əd	reg_əd
final	r a ɪ t	r o ʊ t	r o ʊ t ə d	k w ɪ t	k w ɪ t	k w ɪ t	r a ɪ t	0	0	vowel_change	other	no_change
final	f ɪ t	f ɪ t	f ɪ t ə d	b o ʊ s t	b o ʊ s t ə d	b o ʊ s t ə d	f ɪ t ə d	1	0	no_change	reg_əd	reg_əd
final	d a ɪ n	d a ɪ n d	d a ɪ n d	l ɪ s ə n	l ɪ s ə n d	l ɪ s ə n d	d a ɪ n d	1	1	reg_d	reg_d	reg_d
final	m ɪ s	m ɪ s t	m ɪ s t	s ɹ̩ v ɪ s	s ɹ̩ v ɪ s t	s ɹ̩ v ɪ s t	m ɪ s t	1	1	reg_t	reg_t	reg_t
final	n ɑː k	n ɑː k t	n ɑː k t	k r æ k	k r æ k t	k r æ k t	n ɑː k t	1	1	reg_t	reg_t	reg_t
final	n iː d	n iː d ə d	n iː d ə d	r ɛ k ə m ɛ n d	r ɛ k ə m ɛ n d ə d	r ɛ k ə m ɛ n d ə d	n iː d ə d	1	1	reg_əd	reg_əd	reg_əd
final	m uː v	m uː v d	m uː v d	k ɑː r v	k ɑː r v d	k ɑː r v d	m uː v d	1	1	reg_d	reg_d	reg_d
final	f l ɪ p	f l ɪ p t	f l ʌ p t	w ɪ p	w ɪ p t	w ɪ p t	f l ɪ p t	0	1	reg_t	vowel_change_suffix	reg_t
final	r ɛ d iː	r ɛ d iː d	r ɛ d iː d	k iː	k iː d	k iː d	r ɛ d iː d	1	1	reg_d	reg_d	reg_d
final	z ɪ p	z ɪ p t	z ɪ p t	ɡ ʌ l p	ɡ ʌ l p t	ɡ ʌ l p t	z ɪ p t	1	1	reg_t	reg_t	reg_t
final	f a ɪ t	f ɔ t	f a ɪ t ə d	b o ʊ l t	b o ʊ l t ə d	b o ʊ l t ə d	f a ɪ t ə d	1	0	vowel_change	reg_əd	reg_əd
final	k æ t͡ʃ	k ɔ t	k æ t͡ʃ t	t w ɪ t͡ʃ	t w ɪ t͡ʃ t	t w ɪ t͡ʃ t	k æ t͡ʃ t	1	0	rhyme_replaced	reg_t	reg_t
final	f l o ʊ t	f l o ʊ t ə d	f l o ʊ t ə d	d ɪ t ɛ k t	d ɪ t ɛ k t ə d	d ɪ t ɛ k t ə d	f l o ʊ t ə d	1	1	reg_əd	reg_əd	reg_əd
final	w ɪ ʃ	w ɪ ʃ t	w ɪ ʃ t	f l ʌ ʃ	f l ʌ ʃ t	f l ʌ ʃ t	w ɪ ʃ t	1	1	reg_t	reg_t	reg_t
final	ʃ e ɪ k	ʃ ʊ k	ʃ e ɪ k t	ʃ r ɪ ŋ k	ʃ r æ ŋ k	ʃ r æ ŋ k	NA	0	0	vowel_change	reg_t	vowel_change
final	k ɪ k	k ɪ k t	k ɪ k t	f e ɪ k	f e ɪ k t	f e ɪ k t	k ɪ k t	1	1	reg_t	reg_t	reg_t
final	t͡ʃ e ɪ n d͡ʒ	t͡ʃ e ɪ n d͡ʒ d	t͡ʃ e ɪ n d͡ʒ d	p l ʌ n d͡ʒ	p l ʌ n d͡ʒ d	p l ʌ n d͡ʒ d	t͡ʃ e ɪ n d͡ʒ d	1	1	reg_d	reg_d	reg_d
final	θ r o ʊ	θ r uː	θ r o ʊ d	b ɑː r o ʊ	b ɑː r o ʊ d	b ɑː r o ʊ d	θ r o ʊ d	1	0	vowel_change	reg_d	reg_d
final	b æ k	b æ k t	b æ k t	f e ɪ k	f e ɪ k t	f e ɪ k t	b æ k t	1	1	reg_t	reg_t	reg_t
final	f l æ ʃ	f l æ ʃ t	f l æ ʃ t	k r ʌ ʃ	k r ʌ ʃ t	k r ʌ ʃ t	f l æ ʃ t	1	1	reg_t	reg_t	reg_t
final	ɡ r o ʊ	ɡ r uː	ɡ r o ʊ d	ʃ æ d o ʊ	ʃ æ d o ʊ d	ʃ æ d o ʊ d	ɡ r o ʊ d	1	0	vowel_change	reg_d	reg_d
final	s m a ɪ l	s m a ɪ l d	s m a ɪ l d	r uː l	r uː l d	r uː l d	s m a ɪ l d	1	1	reg_d	reg_d	reg_d
final	s t ɑː p	s t ɑː p t	s t ɑː p t	k iː p	k iː p t	k ɛ p t	s t ɑː p t	1	1	reg_t	reg_t	reg_t
final	s t ɹ̩	s t ɹ̩ d	s t ɹ̩ d	m ɹ̩ d ɹ̩	m ɹ̩ d ɹ̩ d	m ɹ̩ d ɹ̩ d	s t ɹ̩ d	1	1	reg_d	reg_d	reg_d
final	t͡ʃ uː	t͡ʃ uː d	t͡ʃ uː d	s t uː	s t uː d	s t uː d	t͡ʃ uː d	1	1	reg_d	reg_d	reg_d
final	d r ɛ s	d r ɛ s t	d r ɛ s t	m ɛ s	m ɛ s t	m ɛ s t	d r ɛ s t	1	1	reg_t	reg_t	reg_t
final	ə n d ɹ̩ s t æ n d	ə n d ɹ̩ s t ʊ d	ə n t ə t æ n d	m a ɪ n d	m a ɪ n d ə d	m a ɪ n d ə d	ə n d ɹ̩ s t æ n d ə d	0	0	rhyme_replaced	other	reg_əd
final	t͡ʃ e ɪ s	t͡ʃ e ɪ s t	t͡ʃ e ɪ s t	ɪ m b ɛ r ə s	ɪ m b ɛ r ə s t	ɪ m b ɛ r ə s t	t͡ʃ e ɪ s t	1	1	reg_t	reg_t	reg_t
final	h ʌ ɡ	h ʌ ɡ d	h ʌ ɡ d	d ɪ ɡ	d ɪ ɡ d	d ʌ ɡ	h ʌ ɡ d	1	1	reg_d	reg_d	reg_d
final	h ɪ t	h ɪ t	h ɪ t	b l o ʊ t	b l o ʊ t ə d	b l o ʊ t ə d	h ɪ t ə d	0	0	no_change	no_change	reg_əd
final	h æ m ɹ̩	h æ m ɹ̩ d	h æ m ɹ̩ d	s p ʌ t ɹ̩	s p ʌ t ɹ̩ d	s p ʌ t ɹ̩ d	h æ m ɹ̩ d	1	1	reg_d	reg_d	reg_d
final	w a ɪ n d	w a ɪ n d ə d	w a ɪ n d ə d	f iː d	f iː d ə d	f ɛ d	w a ɪ n d ə d	1	1	reg_əd	reg_əd	reg_əd
final	k ə n s t r ʌ k t	k ə n s t r ʌ k t ə d	k ə t r t r ʌ k t ə d	n ɪ t	n ɪ t ə d	n ɪ t ə d	k ə n s t r ʌ k t ə d	0	1	reg_əd	other	reg_əd
final	m iː t	m ɛ t	m iː t ə d	d e ɪ t	d e ɪ t ə d	d e ɪ t ə d	m iː t ə d	1	0	vowel_change	reg_əd	reg_əd
final	s w ɪ ʃ	s w ɪ ʃ t	s w ɪ ʃ t	f l ɹ̩ ɪ ʃ	f l ɹ̩ ɪ ʃ t	f l ɹ̩ ɪ ʃ t	s w ɪ ʃ t	1	1	reg_t	reg_t	reg_t
final	s k w iː z	s k w iː z d	s k w iː z d	b ʌ z	b ʌ z d	b ʌ z d	s k w iː z d	1	1	reg_d	reg_d	reg_d
final	t͡ʃ ʌ ɡ	t͡ʃ ʌ ɡ d	t͡ʃ ʌ ɡ d	ɡ æ ɡ	ɡ æ ɡ d	ɡ æ ɡ d	t͡ʃ ʌ ɡ d	1	1	reg_d	reg_d	reg_d
final	b r æ n t͡ʃ	b r æ n t͡ʃ t	b r æ n t͡ʃ t	s t r ɛ t͡ʃ	s t r ɛ t͡ʃ t	s t r ɛ t͡ʃ t	b r æ n t͡ʃ t	1	1	reg_t	reg_t	reg_t
final	n o ʊ t ɪ s	n o ʊ t ɪ s t	n o ʊ t ɪ s t	b e ɪ s	b e ɪ s t	b e ɪ s t	n o ʊ t ɪ s t	1	1	reg_t	reg_t	reg_t
final	b e ɪ k	b e ɪ k t	b e ɪ k t	b æ s k	b æ s k t	b æ s k t	b e ɪ k t	1	1	reg_t	reg_t	reg_t
final	s n æ p	s n æ p t	s n æ p t	s w iː p	s w ɛ p t	s w ɛ p t	NA	0	0	reg_t	reg_t	vowel_change_suffix
final	s w ɪ m	s w æ m	s w ɪ m d	b ɪ k ʌ m	b ɪ k ʌ m d	b ɪ k e ɪ m	s w ɪ m d	1	0	vowel_change	reg_d	reg_d
final	ʃ ʌ t ə l	ʃ ʌ t ə l d	ʃ ʌ t ə l d	p ʌ z ə l	p ʌ z ə l d	p ʌ z ə l d	ʃ ʌ t ə l d	1	1	reg_d	reg_d	reg_d
final	ə p r iː ʃ iː e ɪ t	ə p r iː ʃ iː e ɪ t ə d	ə p iː ʃ iː ʃ e ɪ t ə d	k ə l ɛ k t	k ə l ɛ k t ə d	k ə l ɛ k t ə d	ə p r iː ʃ iː e ɪ t ə d	0	1	reg_əd	other	reg_əd
final	s m uː ð	s m uː ð d	s m uː ð d	b e ɪ ð	b e ɪ ð d	b e ɪ ð d	s m uː ð d	1	1	reg_d	reg_d	reg_d
final	s t ɛ r	s t ɛ r d	s t ɛ r d	b ɛ r	b ɛ r d	b o ʊ r	s t ɛ r d	1	1	reg_d	reg_d	reg_d
final	k ɑː s t uː m	k ɑː s t uː m d	k ɑː s t uː m d	s t iː m	s t iː m d	s t iː m d	k ɑː s t uː m d	1	1	reg_d	reg_d	reg_d
final	ɡ uː f	ɡ uː f t	ɡ uː f t	l æ f	l æ f t	l æ f t	ɡ uː f t	1	1	reg_t	reg_t	reg_t
final	d r a ʊ n	d r a ʊ n d	d r a ʊ n d	ɪ k s p l e ɪ n	ɪ k s p l e ɪ n d	ɪ k s p l e ɪ n d	d r a ʊ n d	1	1	reg_d	reg_d	reg_d
final	n ɹ̩ s	n ɹ̩ s t	n ɹ̩ s t	w æ k s	w æ k s t	w æ k s t	n ɹ̩ s t	1	1	reg_t	reg_t	reg_t
final	k r a ɪ	k r a ɪ d	k r a ɪ d	ə p l a ɪ	ə p l a ɪ d	ə p l a ɪ d	k r a ɪ d	1	1	reg_d	reg_d	reg_d
final	iː v ɪ n	iː v ɪ n d	iː v ɪ n d	t ɛ l ə f o ʊ n	t ɛ l ə f o ʊ n d	t ɛ l ə f o ʊ n d	iː v ɪ n d	1	1	reg_d	reg_d	reg_d
final	m a ɪ n	m a ɪ n d	m a ɪ n d	s t r e ɪ n	s t r e ɪ n d	s t r e ɪ n d	m a ɪ n d	1	1	reg_d	reg_d	reg_d
final	b ɪ ɡ ɪ n	b ɪ ɡ æ n	b ɪ ɡ e ɪ n	s t o ʊ n	s t o ʊ n d	s t o ʊ n d	b ɪ ɡ ɪ n d	0	0	vowel_change	vowel_change	reg_d
final	s p æ ŋ k	s p æ ŋ k t	s p æ ŋ k t	s m o ʊ k	s m o ʊ k t	s m o ʊ k t	s p æ ŋ k t	1	1	reg_t	reg_t	reg_t
final	t͡ʃ ɪ p	t͡ʃ ɪ p t	t͡ʃ ɪ p t	t a ɪ p	t a ɪ p t	t a ɪ p t	t͡ʃ ɪ p t	1	1	reg_t	reg_t	reg_t
final	s p iː k	s p o ʊ k	s p iː k t	s t ɑː k	s t ɑː k t	s t ɑː k t	s p iː k t	1	0	vowel_change	reg_t	reg_t
final	s w ɪ t͡ʃ	s w ɪ t͡ʃ t	s w ɪ t͡ʃ t	k r ʌ n t͡ʃ	k r ʌ n t͡ʃ t	k r ʌ n t͡ʃ t	s w ɪ t͡ʃ t	1	1	reg_t	reg_t	reg_t
final	f a ɪ ɹ̩	f a ɪ ɹ̩ d	f a ɪ ɹ̩ d	b ʌ t ɹ̩	b ʌ t ɹ̩ d	b ʌ t ɹ̩ d	f a ɪ ɹ̩ d	1	1	reg_d	reg_d	reg_d
final	b ɪ l	b ɪ l d	b ɪ l d	ɡ r ʌ m b ə l	ɡ r ʌ m b ə l d	ɡ r ʌ m b ə l d	b ɪ l d	1	1	reg_d	reg_d	reg_d
final	r iː m a ɪ n d	r iː m a ɪ n d ə d	r iː m a ɪ n d ə d	r ɪ d	r ɪ d	r ɪ d	r iː m a ɪ n d	0	0	reg_əd	reg_əd	no_change
final	s iː d	s iː d ə d	s iː d ə d	ɡ r a ʊ n d	ɡ r a ʊ n d ə d	ɡ r a ʊ n d ə d	s iː d ə d	1	1	reg_əd	reg_əd	reg_əd
final	w e ɪ v	w e ɪ v d	w e ɪ v d	f ɹ̩ ɡ ɪ v	f ɹ̩ ɡ e ɪ v	f ɹ̩ ɡ e ɪ v	w e e ɪ v	0	0	reg_d	reg_d	vowel_change
final	b l uː m	b l uː m d	b l uː m d	b l e ɪ m	b l e ɪ m d	b l e ɪ m d	b l uː m d	1	1	reg_d	reg_d	reg_d
final	s t ɪ ŋ	s t ʌ ŋ	s t ɪ ŋ	k l ɪ ŋ	k l ʌ ŋ	k l ʌ ŋ	s t ʌ ŋ	0	1	vowel_change	no_change	vowel_change
final	ə r a ɪ v	ə r a ɪ v d	ə r a ɪ v d	ɡ l ʌ v	ɡ l ʌ v d	ɡ l ʌ v d	ə r a ɪ v d	1	1	reg_d	reg_d	reg_d
final	b l ɛ s	b l ɛ s t	b l ɛ s t	m æ k s	m æ k s t	m æ k s t	b l ɛ s t	1	1	reg_t	reg_t	reg_t
final	ə r ɛ s t	ə r ɛ s t ə d	ə r ɛ s t ə d	k ɑː s t	k ɑː s t	k ɑː s t	ə r ɛ s t	0	0	reg_əd	reg_əd	no_change
final	s p ɪ n	s p ʌ n	s p ɪ n d	ɡ ʌ n	ɡ ʌ n d	ɡ ʌ n d	s p ɪ n d	1	0	vowel_change	reg_d	reg_d
final	k ə m p iː t	k ə m p iː t ə d	k ə m p iː t ə d	b o ʊ l t	b o ʊ l t ə d	b o ʊ l t ə d	k ə m p iː t ə d	1	1	reg_əd	reg_əd	reg_əd
final	t r e ɪ n	t r e ɪ n d	t r e ɪ n d	s t e ɪ n	s t e ɪ n d	s t e ɪ n d	t r e ɪ n d	1	1	reg_d	reg_d	reg_d
final	p æ s	p æ s t	p æ s t	s p a ɪ s	s p a ɪ s t	s p a ɪ s t	p æ s t	1	1	reg_t	reg_t	reg_t
final	s ɪ ŋ k	s æ ŋ k	s ɪ ŋ k t	w ɹ̩ k	w ɹ̩ k t	w ɹ̩ k t	s ɪ ŋ k t	1	0	vowel_change	reg_t	reg_t
final	l uː p	l uː p t	l uː p t	p ʌ m p	p ʌ m p t	p ʌ m p t	l uː p t	1	1	reg_t	reg_t	reg_t
final	s ə l ɛ k t	s ə l ɛ k t ə d	s ə l ɛ k t ə d	m a ʊ n t	m a ʊ n t ə d	m a ʊ n t ə d	s ə l ɛ k t ə d	1	1	reg_əd	reg_əd	reg_əd
final	r ɪ ŋ	r æ ŋ	r ɪ ŋ	f l ɪ ŋ	f l ʌ ŋ	f l ʌ ŋ	r ʌ ŋ	0	0	vowel_change	no_change	vowel_change
final	m e ɪ l	m e ɪ l d	m e ɪ l d	s k r æ m b ə l	s k r æ m b ə l d	s k r æ m b ə l d	m e ɪ l d	1	1	reg_d	reg_d	reg_d
final	p æ t	p æ t ə d	p æ t ə d	p ɹ̩ f ɛ k t	p ɹ̩ f ɛ k t ə d	p ɹ̩ f ɛ k t ə d	p æ t ə d	1	1	reg_əd	reg_əd	reg_əd
final	k ɪ d	k ɪ d ə d	k ɪ d	h a ɪ d	h a ɪ d ə d	h ɪ d	k ɪ d ə d	0	1	reg_əd	no_change	reg_əd
final	p ɑː r d ə n	p ɑː r d ə n d	p ɑː r d ə n d	k l iː n	k l iː n d	k l iː n d	p ɑː r d ə n d	1	1	reg_d	reg_d	reg_d
final	s t iː r	s t iː r d	s t iː r d	ʃ ɔ r	ʃ ɔ r d	ʃ ɔ r d	s t iː r d	1	1	reg_d	reg_d	reg_d
final	f o ʊ l d	f o ʊ l d ə d	f o ʊ l d ə d	m o ʊ l d	m o ʊ l d ə d	m o ʊ l d ə d	f o ʊ l d ə d	1	1	reg_əd	reg_əd	reg_əd
final	s n iː k	s n iː k t	s n iː k t	t͡ʃ ɛ k	t͡ʃ ɛ k t	t͡ʃ ɛ k t	s n iː k t	1	1	reg_t	reg_t	reg_t
final	b e ɪ l	b e ɪ l d	b e ɪ l d	k ə n t r o ʊ l	k ə n t r o ʊ l d	k ə n t r o ʊ l d	b e ɪ l d	1	1	reg_d	reg_d	reg_d
final	b ɛ t ɹ̩	b ɛ t ɹ̩ d	b ɛ t ɹ̩ d	l e ɪ b ɹ̩	l e ɪ b ɹ̩ d	l e ɪ b ɹ̩ d	b ɛ t ɹ̩ d	1	1	reg_d	reg_d	reg_d
final	ɡ ɑː r b ə l	ɡ ɑː r b ə l d	ɡ ɑː r b ə l d	b o ʊ l	b o ʊ l d	b o ʊ l d	ɡ ɑː r b ə l d	1	1	reg_d	reg_d	reg_d
final	s k w ɹ̩ t	s k w ɹ̩ t ə d	s k w ɹ̩ t ə d	ɪ k s p ɛ k t	ɪ k s p ɛ k t ə d	ɪ k s p ɛ k t ə d	s k w ɹ̩ t ə d	1	1	reg_əd	reg_əd	reg_əd
final	b ɑː k s	b ɑː k s t	b ɑː k s t	b æ l ə n s	b æ l ə n s t	b æ l ə n s t	b ɑː k s t	1	1	reg_t	reg_t	reg_t
final	s iː l	s iː l d	s iː l d	p ʊ l	p ʊ l d	p ʊ l d	s iː l d	1	1	reg_d	reg_d	reg_d
final	s p r ɛ d	s p r ɛ d	s p r ɛ d ə d	w iː d	w iː d ə d	w iː d ə d	s p r ɛ d ə d	1	0	no_change	reg_əd	reg_əd
final	p r ɑː m ə s	p r ɑː m ə s t	p r ɑː m ə s t	f ɔ r s	f ɔ r s t	f ɔ r s t	p r ɑː m ə s t	1	1	reg_t	reg_t	reg_t
final	b iː t	b iː t	b iː t ə d	k æ t ə p ə l t	k æ t ə p ə l t ə d	k æ t ə p ə l t ə d	b iː t ə d	1	0	no_change	reg_əd	reg_əd
final	h ɪ p n ə t a ɪ z	h ɪ p n ə t a ɪ z d	h ɪ t ə t a ɪ d	r iː ə l a ɪ z	r iː ə l a ɪ z d	r iː ə l a ɪ z d	h ɪ p n ə t a ɪ z d	0	1	reg_d	other	reg_d
final	s l æ p	s l æ p t	s l æ p t	s l iː p	s l ɛ p t	s l ɛ p t	NA	0	0	reg_t	reg_t	vowel_change_suffix
final	b ɛ s t	b ɛ s t ə d	b ɛ s t ə d	k ɑː n s ə n t r e ɪ t	k ɑː n s ə n t r e ɪ t ə d	k ɑː n s ə n t r e ɪ t ə d	b ɛ s t ə d	1	1	reg_əd	reg_əd	reg_əd
final	s t æ ɡ ɹ̩	s t æ ɡ ɹ̩ d	s t æ ɡ ɹ̩ d	ʃ ɛ l t ɹ̩	ʃ ɛ l t ɹ̩ d	ʃ ɛ l t ɹ̩ d	s t æ ɡ ɹ̩ d	1	1	reg_d	reg_d	reg_d
final	z æ p	z æ p t	z æ p t	s l iː p	s l ɛ p t	s l ɛ p t	NA	0	0	reg_t	reg_t	vowel_change_suffix
final	ə p s ɛ t	ə p s ɛ t	ə p s ɛ t ə d	d ɪ s t r æ k t	d ɪ s t r æ k t ə d	d ɪ s t r æ k t ə d	ə p s ɛ t ə d	1	0	no_change	reg_əd	reg_əd
final	r ɛ s t	r ɛ s t ə d	r ɛ s t ə d	k w a ɪ ə t	k w a ɪ ə t ə d	k w a ɪ ə t ə d	r ɛ s t ə d	1	1	reg_əd	reg_əd	reg_əd
final	s p l æ ʃ	s p l æ ʃ t	s p l æ ʃ t	f ɪ ʃ	f ɪ ʃ t	f ɪ ʃ t	s p l æ ʃ t	1	1	reg_t	reg_t	reg_t
final	l a ɪ n	l a ɪ n d	l a ɪ n d	s iː z ə n	s iː z ə n d	s iː z ə n d	l a ɪ n d	1	1	reg_d	reg_d	reg_d
final	ə n d uː	ə n d ɪ d	ə n d uː d	ʃ uː	ʃ uː d	ʃ uː d	ə n d uː d	1	0	vowel_change_suffix	reg_d	reg_d
final	p ɛ n	p ɛ n d	p ɛ n d	s t o ʊ n	s t o ʊ n d	s t o ʊ n d	p ɛ n d	1	1	reg_d	reg_d	reg_d
final	ɛ d ə t	ɛ d ə t ə d	ɛ d ə t ə d	r o ʊ t e ɪ t	r o ʊ t e ɪ t ə d	r o ʊ t e ɪ t ə d	ɛ d ə t ə d	1	1	reg_əd	reg_əd	reg_əd
final	ɪ k s p l ɔ r	ɪ k s p l ɔ r d	ɪ k s p l ɔ r d	h iː r	h iː r d	h ɹ̩ d	ɪ k s p l ɔ r d	1	1	reg_d	reg_d	reg_d
final	ə s uː m	ə s uː m d	ə s uː m d	ɑː r m	ɑː r m d	ɑː r m d	ə s uː m d	1	1	reg_d	reg_d	reg_d
final	s p r e ɪ	s p r e ɪ d	s p r e ɪ d	s e ɪ	s e ɪ d	s ɛ d	s p r e ɪ d	1	1	reg_d	reg_d	reg_d
final	l o ʊ ɹ̩	l o ʊ ɹ̩ d	l o ʊ ɹ̩ d	t a ɪ ɹ̩	t a ɪ ɹ̩ d	t a ɪ ɹ̩ d	l o ʊ ɹ̩ d	1	1	reg_d	reg_d	reg_d
final	d æ m	d æ m d	d æ m d	n e ɪ m	n e ɪ m d	n e ɪ m d	d æ m d	1	1	reg_d	reg_d	reg_d
final	r ʌ ʃ	r ʌ ʃ t	r ʌ ʃ t	f l ɹ̩ ɪ ʃ	f l ɹ̩ ɪ ʃ t	f l ɹ̩ ɪ ʃ t	r ʌ ʃ t	1	1	reg_t	reg_t	reg_t
final	p l ʌ ɡ	p l ʌ ɡ d	p l ʌ ɡ d	d ɪ ɡ	d ɪ ɡ d	d ʌ ɡ	p l ʌ ɡ d	1	1	reg_d	reg_d	reg_d
final	ə d m ɪ t	ə d m ɪ t ə d	ə d m ɪ t ə d	t r iː t	t r iː t ə d	t r iː t ə d	ə d m ɪ t ə d	1	1	reg_əd	reg_əd	reg_əd
final	ə n t a ɪ	ə n t a ɪ d	ə n t a ɪ d	s ə p l a ɪ	s ə p l a ɪ d	s ə p l a ɪ d	ə n t a ɪ d	1	1	reg_d	reg_d	reg_d
final	b ʌ k ə l	b ʌ k ə l d	b ʌ k ə l d	s p r ɪ ŋ k ə l	s p r ɪ ŋ k ə l d	s p r ɪ ŋ k ə l d	b ʌ k ə l d	1	1	reg_d	reg_d	reg_d
final	s w uː ʃ	s w uː ʃ t	s w uː ʃ t	f l ɹ̩ ɪ ʃ	f l ɹ̩ ɪ ʃ t	f l ɹ̩ ɪ ʃ t	s w uː ʃ t	1	1	reg_t	reg_t	reg_t
final	ə r a ɪ z	ə r o ʊ z	ə r a ɪ z d	s ɪ m b ə l a ɪ z	s ɪ m b ə l a ɪ z d	s ɪ m b ə l a ɪ z d	ə r a ɪ z d	1	0	vowel_change	reg_d	reg_d
final	s o ʊ k	s o ʊ k t	s o ʊ k t	w ɔ k	w ɔ k t	w ɔ k t	s o ʊ k t	1	1	reg_t	reg_t	reg_t
final	t r æ p	t r æ p t	t r æ p t	s l iː p	s l ɛ p t	s l ɛ p t	NA	0	0	reg_t	reg_t	vowel_change_suffix
final	p a ɪ l	p a ɪ l d	p a ɪ l d	d iː l	d iː l d	d ɛ l t	p a ɪ l d	1	1	reg_d	reg_d	reg_d
final	ɪ k s p l o ʊ d	ɪ k s p l o ʊ d ə d	ɪ k s p l o ʊ d ə d	ə n l o ʊ d	ə n l o ʊ d ə d	ə n l o ʊ d ə d	ɪ k s p l o ʊ d ə d	1	1	reg_əd	reg_əd	reg_əd
final	b ɔ ɪ l	b ɔ ɪ l d	b ɔ ɪ l d	p ʌ z ə l	p ʌ z ə l d	p ʌ z ə l d	b ɔ ɪ l d	1	1	reg_d	reg_d	reg_d
final	k ə n s ɪ d ɹ̩	k ə n s ɪ d ɹ̩ d	k ə n s ɪ n d	k ʌ v ɹ̩	k ʌ v ɹ̩ d	k ʌ v ɹ̩ d	k ə n s ɪ d ɹ̩ d	0	1	reg_d	other	reg_d
final	s k a ʊ l	s k a ʊ l d	s k a ʊ l d	s ɛ t ə l	s ɛ t ə l d	s ɛ t ə l d	s k a ʊ l d	1	1	reg_d	reg_d	reg_d
final	ɪ ɡ z ɔ s t	ɪ ɡ z ɔ s t ə d	ɪ ɡ z ɔ s t ə d	d ɪ s t r æ k t	d ɪ s t r æ k t ə d	d ɪ s t r æ k t ə d	ɪ ɡ z ɔ s t ə d	1	1	reg_əd	reg_əd	reg_əd
final	s uː p ɹ̩ v a ɪ z	s uː p ɹ̩ v a ɪ z d	s uː v ɹ̩ v a ɪ z d	k ə m p o ʊ z	k ə m p o ʊ z d	k ə m p o ʊ z d	s uː p ɹ̩ v a ɪ z d	0	1	reg_d	other	reg_d
final	d æ ŋ ɡ ə l	d æ ŋ ɡ ə l d	d æ ŋ ɡ ə l d	w ɑː b ə l	w ɑː b ə l d	w ɑː b ə l d	d æ ŋ ɡ ə l d	1	1	reg_d	reg_d	reg_d
final	d͡ʒ ɪ m iː	d͡ʒ ɪ m iː d	d͡ʒ ɪ m iː d	p iː	p iː d	p iː d	d͡ʒ ɪ m iː d	1	1	reg_d	reg_d	reg_d
final	t r ʌ b ə l	t r ʌ b ə l d	t r ʌ b ə l d	n iː d ə l	n iː d ə l d	n iː d ə l d	t r ʌ b ə l d	1	1	reg_d	reg_d	reg_d
final	p e ɪ d͡ʒ	p e ɪ d͡ʒ d	p e ɪ d͡ʒ d	h ɛ d͡ʒ	h ɛ d͡ʒ d	h ɛ d͡ʒ d	p e ɪ d͡ʒ d	1	1	reg_d	reg_d	reg_d
final	t a ʊ ɹ̩	t a ʊ ɹ̩ d	t a ʊ ɹ̩ d	k ʌ l ɹ̩	k ʌ l ɹ̩ d	k ʌ l ɹ̩ d	t a ʊ ɹ̩ d	1	1	reg_d	reg_d	reg_d
final	f ɛ n s	f ɛ n s t	f ɛ n s t	k o ʊ k s	k o ʊ k s t	k o ʊ k s t	f ɛ n s t	1	1	reg_t	reg_t	reg_t
final	d ɛ r	d ɛ r d	d ɛ r d	d͡ʒ ɑː r	d͡ʒ ɑː r d	d͡ʒ ɑː r d	d ɛ r d	1	1	reg_d	reg_d	reg_d
final	b l iː d	b l ɛ d	b l iː d ə d	p æ d	p æ d ə d	p æ d ə d	b l iː d ə d	1	0	vowel_change	reg_əd	reg_əd
final	ɛ n t ɹ̩	ɛ n t ɹ̩ d	ɛ n t ɹ̩ d	f ɪ ŋ ɡ ɹ̩	f ɪ ŋ ɡ ɹ̩ d	f ɪ ŋ ɡ ɹ̩ d	ɛ n t ɹ̩ d	1	1	reg_d	reg_d	reg_d
final	m e ɪ n t e ɪ n	m e ɪ n t e ɪ n d	m e ɪ n t e ɪ n d	ɛ n t ɹ̩ t e ɪ n	ɛ n t ɹ̩ t e ɪ n d	ɛ n t ɹ̩ t e ɪ n d	m e ɪ n t e ɪ n d	1	1	reg_d	reg_d	reg_d
final	f ɛ r	f ɛ r d	f ɛ r d	ə p iː r	ə p iː r d	ə p iː r d	f ɛ r d	1	1	reg_d	reg_d	reg_d
final	d ɪ p	d ɪ p t	d ɪ p t	ə n r æ p	ə n r æ p t	ə n r æ p t	d ɪ p t	1	1	reg_t	reg_t	reg_t
final	j ɔ n	j ɔ n d	j ɔ n d	ɪ k s p l e ɪ n	ɪ k s p l e ɪ n d	ɪ k s p l e ɪ n d	j ɔ n d	1	1	reg_d	reg_d	reg_d
final	ʃ ʊ ɡ ɹ̩	ʃ ʊ ɡ ɹ̩ d	ʃ ʊ ɡ ɹ̩ d	s p l ɪ n t ɹ̩	s p l ɪ n t ɹ̩ d	s p l ɪ n t ɹ̩ d	ʃ ʊ ɡ ɹ̩ d	1	1	reg_d	reg_d	reg_d
final	d r ɪ f t	d r ɪ f t ə d	d r æ f t ə d	b l o ʊ t	b l o ʊ t ə d	b l o ʊ t ə d	d r ɪ f t ə d	0	1	reg_əd	other	reg_əd
final	ɪ n s p a ɪ ɹ̩	ɪ n s p a ɪ ɹ̩ d	ɪ n s p a ɪ n d	p a ʊ d ɹ̩	p a ʊ d ɹ̩ d	p a ʊ d ɹ̩ d	ɪ n s p a ɪ ɹ̩ d	0	1	reg_d	rhyme_replaced	reg_d
final	m ɛ n ʃ ə n	m ɛ n ʃ ə n d	m ɛ n ʃ ə n d	d a ʊ n	d a ʊ n d	d a ʊ n d	m ɛ n ʃ ə n d	1	1	reg_d	reg_d	reg_d
final	s l ɪ p	s l ɪ p t	s l ɪ p t	k iː p	k iː p t	k ɛ p t	s l ɪ p t	1	1	reg_t	reg_t	reg_t
final	s k ɪ p	s k ɪ p t	s k ɪ p t	w ɹ̩ ʃ ɪ p	w ɹ̩ ʃ ɪ p t	w ɹ̩ ʃ ɪ p t	s k ɪ p t	1	1	reg_t	reg_t	reg_t
final	m ə n ɪ p j ə l e ɪ t	m ə n ɪ p j ə l e ɪ t ə d	m ɪ p ə l d	ɪ m p l ə m ɛ n t	ɪ m p l ə m ɛ n t ə d	ɪ m p l ə m ɛ n t ə d	m ə n ɪ p j ə l e ɪ t ə d	0	1	reg_əd	other	reg_əd
final	s æ k	s æ k t	s æ k t	f ʌ k	f ʌ k t	f ʌ k t	s æ k t	1	1	reg_t	reg_t	reg_t
final	ɪ n s p ɛ k t	ɪ n s p ɛ k t ə d	ɪ n s p ɛ k t ə d	s ɪ t	s ɪ t	s æ t	ɪ n s p ɛ k t	0	0	reg_əd	reg_əd	no_change
final	s æ k r ə f a ɪ s	s æ k r ə f a ɪ s t	s æ k r ə f a ɪ s t	p a ʊ n s	p a ʊ n s t	p a ʊ n s t	s æ k r ə f a ɪ s t	1	1	reg_t	reg_t	reg_t
final	t æ p	t æ p t	t æ p t	d r ɪ p	d r ɪ p t	d r ɪ p t	t æ p t	1	1	reg_t	reg_t	reg_t
final	h ɔ l	h ɔ l d	h ɔ l d	f iː l	f iː l d	f ɛ l t	h ɔ l d	1	1	reg_d	reg_d	reg_d
final	s k a ʊ t	s k a ʊ t ə d	s k a ʊ t ə d	m a ʊ n t	m a ʊ n t ə d	m a ʊ n t ə d	s k a ʊ t ə d	1	1	reg_əd	reg_əd	reg_əd
final	p ɑː k ə t	p ɑː k ə t ə d	p ɑː k ə t ə d	r e ɪ t	r e ɪ t ə d	r e ɪ t ə d	p ɑː k ə t ə d	1	1	reg_əd	reg_əd	reg_əd
final	h a ʊ l	h a ʊ l d	h a ʊ l d	k r ʌ m b ə l	k r ʌ m b ə l d	k r ʌ m b ə l d	h a ʊ l d	1	1	reg_d	reg_d	reg_d
final	d ɔ n	d ɔ n d	d ɔ n d	m ə ʃ iː n	m ə ʃ iː n d	m ə ʃ iː n d	d ɔ n d	1	1	reg_d	reg_d	reg_d
final	t æ ŋ ɡ ə l	t æ ŋ ɡ ə l d	t æ ŋ ɡ ə l d	p iː l	p iː l d	p iː l d	t æ ŋ ɡ ə l d	1	1	reg_d	reg_d	reg_d
final	ɡ a ɪ d	ɡ a ɪ d ə d	ɡ a ɪ d ə d	p a ʊ n d	p a ʊ n d ə d	p a ʊ n d ə d	ɡ a ɪ d ə d	1	1	reg_əd	reg_əd	reg_əd
final	θ ʌ n d ɹ̩	θ ʌ n d ɹ̩ d	θ ʌ n d ɹ̩ d	p l æ s t ɹ̩	p l æ s t ɹ̩ d	p l æ s t ɹ̩ d	θ ʌ n d ɹ̩ d	1	1	reg_d	reg_d	reg_d
final	r a ʊ n d	r a ʊ n d ə d	r a ʊ n d ə d	r ɪ s p ɑː n d	r ɪ s p ɑː n d ə d	r ɪ s p ɑː n d ə d	r a ʊ n d ə d	1	1	reg_əd	reg_əd	reg_əd
final	æ b d ʌ k t	æ b d ʌ k t ə d	æ b ʌ k ʌ t ə d	ə f ɛ k t	ə f ɛ k t ə d	ə f ɛ k t ə d	æ b d ʌ k t ə d	0	1	reg_əd	other	reg_əd
final	ɡ ʌ m	ɡ ʌ m d	ɡ ʌ m d	b l e ɪ m	b l e ɪ m d	b l e ɪ m d	ɡ ʌ m d	1	1	reg_d	reg_d	reg_d
final	l ɛ k t͡ʃ ɹ̩	l ɛ k t͡ʃ ɹ̩ d	l ɛ k t͡ʃ ɹ̩ d	ə n k ʌ v ɹ̩	ə n k ʌ v ɹ̩ d	ə n k ʌ v ɹ̩ d	l ɛ k t͡ʃ ɹ̩ d	1	1	reg_d	reg_d	reg_d
final	d r ɪ b ə l	d r ɪ b ə l d	d r ɪ b ə l d	f iː l	f iː l d	f ɛ l t	d r ɪ b ə l d	1	1	reg_d	reg_d	reg_d
final	d ʌ s t	d ʌ s t ə d	d ʌ s t ə d	s ɪ t	s ɪ t	s æ t	d ʌ s t	0	0	reg_əd	reg_əd	no_change
final	d͡ʒ æ m	d͡ʒ æ m d	d͡ʒ æ m d	h ɑː r m	h ɑː r m d	h ɑː r m d	d͡ʒ æ m d	1	1	reg_d	reg_d	reg_d
final	t͡ʃ æ n ə l	t͡ʃ æ n ə l d	t͡ʃ æ n ə l d	r ɛ s ə l	r ɛ s ə l d	r ɛ s ə l d	t͡ʃ æ n ə l d	1	1	reg_d	reg_d	reg_d
final	d r e ɪ n	d r e ɪ n d	d r e ɪ n d	p ə t ɪ ʃ ə n	p ə t ɪ ʃ ə n d	p ə t ɪ ʃ ə n d	d r e ɪ n d	1	1	reg_d	reg_d	reg_d
final	w uː n d	w uː n d ə d	w uː n d ə d	d ɪ f ɛ n d	d ɪ f ɛ n d ə d	d ɪ f ɛ n d ə d	w uː n d ə d	1	1	reg_əd	reg_əd	reg_əd
final	t e ɪ l	t e ɪ l d	t e ɪ l d	k ʌ d ə l	k ʌ d ə l d	k ʌ d ə l d	t e ɪ l d	1	1	reg_d	reg_d	reg_d
final	s l o ʊ	s l o ʊ d	s l o ʊ d	o ʊ	o ʊ d	o ʊ d	s l o ʊ d	1	1	reg_d	reg_d	reg_d
final	s t ɪ ŋ k	s t ʌ ŋ k	s t ɪ ŋ k t	l ɪ k	l ɪ k t	l ɪ k t	s t ɪ ŋ k t	1	0	vowel_change	reg_t	reg_t
final	f iː l d	f iː l d ə d	f iː l d ə d	n ɑː d	n ɑː d ə d	n ɑː d ə d	f iː l d ə d	1	1	reg_əd	reg_əd	reg_əd
final	s p a ɪ	s p a ɪ d	s p a ɪ d	p e ɪ	p e ɪ d	p e ɪ d	s p a ɪ d	1	1	reg_d	reg_d	reg_d
final	s ɪ ɡ n ə l	s ɪ ɡ n ə l d	s ɪ ɡ n ə l d	t ʌ m b ə l	t ʌ m b ə l d	t ʌ m b ə l d	s ɪ ɡ n ə l d	1	1	reg_d	reg_d	reg_d
final	ɛ n k ɹ̩ ɪ d͡ʒ	ɛ n k ɹ̩ ɪ d͡ʒ d	ɛ n k ɹ̩ ɪ d͡ʒ d	m æ n ə d͡ʒ	m æ n ə d͡ʒ d	m æ n ə d͡ʒ d	ɛ n k ɹ̩ ɪ d͡ʒ d	1	1	reg_d	reg_d	reg_d
final	s æ n ɪ t a ɪ z	s æ n ɪ t a ɪ z d	s æ n t a ɪ z ɪ d	s ɪ m b ə l a ɪ z	s ɪ m b ə l a ɪ z d	s ɪ m b ə l a ɪ z d	s æ n ɪ t a ɪ z d	0	1	reg_d	other	reg_d
final	f r a ɪ t ə n	f r a ɪ t ə n d	f r a ɪ t ə n d	t ɛ l ə f o ʊ n	t ɛ l ə f o ʊ n d	t ɛ l ə f o ʊ n d	f r a ɪ t ə n d	1	1	reg_d	reg_d	reg_d
final	o ʊ v ɹ̩ k ə m	o ʊ v ɹ̩ k e ɪ m	o ʊ v ɹ̩ k ə m d	r o ʊ m	r o ʊ m d	r o ʊ m d	o ʊ v ɹ̩ k ə m d	1	0	vowel_change	reg_d	reg_d
final	p ɛ p ɹ̩	p ɛ p ɹ̩ d	p ɛ p ɹ̩ d	k ʌ l ɹ̩	k ʌ l ɹ̩ d	k ʌ l ɹ̩ d	p ɛ p ɹ̩ d	1	1	reg_d	reg_d	reg_d
final	b ʌ d͡ʒ	b ʌ d͡ʒ d	b ʌ d͡ʒ d	t͡ʃ ɑː r d͡ʒ	t͡ʃ ɑː r d͡ʒ d	t͡ʃ ɑː r d͡ʒ d	b ʌ d͡ʒ d	1	1	reg_d	reg_d	reg_d
final	ɡ l ɛ r	ɡ l ɛ r d	ɡ l ɛ r d	b ɛ r	b ɛ r d	b o ʊ r	ɡ l ɛ r d	1	1	reg_d	reg_d	reg_d
final	ə f ɔ r d	ə f ɔ r d ə d	ə f ɔ r d ə d	d ɪ v a ɪ d	d ɪ v a ɪ d ə d	d ɪ v a ɪ d ə d	ə f ɔ r d ə d	1	1	reg_əd	reg_əd	reg_əd
final	s k o ʊ l d	s k o ʊ l d ə d	s k o ʊ l d ə d	p ɹ̩ s w e ɪ d	p ɹ̩ s w e ɪ d ə d	p ɹ̩ s w e ɪ d ə d	s k o ʊ l d ə d	1	1	reg_əd	reg_əd	reg_əd
final	s ɛ n s	s ɛ n s t	s ɛ n s t	ə n a ʊ n s	ə n a ʊ n s t	ə n a ʊ n s t	s ɛ n s t	1	1	reg_t	reg_t	reg_t
final	ɛ m f ə s a ɪ z	ɛ m f ə s a ɪ z d	ɛ m ɛ s a ɪ d	s n iː z	s n iː z d	s n iː z d	ɛ m f ə s a ɪ z d	0	1	reg_d	other	reg_d
final	l e ɪ b ə l	l e ɪ b ə l d	l e ɪ b ə l d	k uː l	k uː l d	k uː l d	l e ɪ b ə l d	1	1	reg_d	reg_d	reg_d
final	b a ʊ	b a ʊ d	b ɔ t	o ʊ	o ʊ d	o ʊ d	b a ʊ d	0	1	reg_d	vowel_change_suffix	reg_d
final	b ʌ n t͡ʃ	b ʌ n t͡ʃ t	b ʌ n t͡ʃ t	ə t æ t͡ʃ	ə t æ t͡ʃ t	ə t æ t͡ʃ t	b ʌ n t͡ʃ t	1	1	reg_t	reg_t	reg_t
final	t ɛ r ə r a ɪ z	t ɛ r ə r a ɪ z d	t ɛ r ə r a ɪ z d	k ə n f j uː z	k ə n f j uː z d	k ə n f j uː z d	t ɛ r ə r a ɪ z d	1	1	reg_d	reg_d	reg_d
final	ɡ r æ v ə t e ɪ t	ɡ r æ v ə t e ɪ t ə d	ɡ r æ v ə t e ɪ t ə d	p ɹ̩ v ɹ̩ t	p ɹ̩ v ɹ̩ t ə d	p ɹ̩ v ɹ̩ t ə d	ɡ r æ v ə t e ɪ t ə d	1	1	reg_əd	reg_əd	reg_əd
final	b l æ s t	b l æ s t ə d	b l æ s t ə d	k ə l ɛ k t	k ə l ɛ k t ə d	k ə l ɛ k t ə d	b l æ s t ə d	1	1	reg_əd	reg_əd	reg_əd
final	ɪ n ɪ ʃ ə l	ɪ n ɪ ʃ ə l d	ɪ n ɪ ʃ ə l d	s p ɔ ɪ l	s p ɔ ɪ l d	s p ɔ ɪ l d	ɪ n ɪ ʃ ə l d	1	1	reg_d	reg_d	reg_d
final	s w ɑː p	s w ɑː p t	s w ɑː p t	s iː p	s iː p t	s iː p t	s w ɑː p t	1	1	reg_t	reg_t	reg_t
final	æ d m a ɪ ɹ̩	æ d m a ɪ ɹ̩ d	æ m a ɪ v ɹ̩ d	w ɑː n d ɹ̩	w ɑː n d ɹ̩ d	w ɑː n d ɹ̩ d	æ d m a ɪ ɹ̩ d	0	1	reg_d	other	reg_d
final	s ə p ɔ r t	s ə p ɔ r t ə d	s ə p ɔ r t ə d	k ə m ɪ t	k ə m ɪ t ə d	k ə m ɪ t ə d	s ə p ɔ r t ə d	1	1	reg_əd	reg_əd	reg_əd
final	p æ m p ɹ̩	p æ m p ɹ̩ d	p æ m p ɹ̩ d	d ɪ s k ʌ v ɹ̩	d ɪ s k ʌ v ɹ̩ d	d ɪ s k ʌ v ɹ̩ d	p æ m p ɹ̩ d	1	1	reg_d	reg_d	reg_d
final	v ɔ ɪ s	v ɔ ɪ s t	v ɔ ɪ s t	p r ə n a ʊ n s	p r ə n a ʊ n s t	p r ə n a ʊ n s t	v ɔ ɪ s t	1	1	reg_t	reg_t	reg_t
final	s k ɔ r	s k ɔ r d	s k ɔ r d	k l iː r	k l iː r d	k l iː r d	s k ɔ r d	1	1	reg_d	reg_d	reg_d
final	d ɑː k t ɹ̩	d ɑː k t ɹ̩ d	d ɑː k t ɹ̩ d	z ɪ p ɹ̩	z ɪ p ɹ̩ d	z ɪ p ɹ̩ d	d ɑː k t ɹ̩ d	1	1	reg_d	reg_d	reg_d
final	r iː v æ m p	r iː v æ m p t	r iː v æ m p t	s t r ɪ p	s t r ɪ p t	s t r ɪ p t	r iː v æ m p t	1	1	reg_t	reg_t	reg_t
final	l iː s	l iː s t	l iː s t	t ɔ s	t ɔ s t	t ɔ s t	l iː s t	1	1	reg_t	reg_t	reg_t
final	s ə p r ɛ s	s ə p r ɛ s t	s ə p r ɛ s t	h ɑː r n ə s	h ɑː r n ə s t	h ɑː r n ə s t	s ə p r ɛ s t	1	1	reg_t	reg_t	reg_t
final	ə p o ʊ z	ə p o ʊ z d	ə p o ʊ z d	f r iː z	f r iː z d	f r o ʊ z	ə p o ʊ z d	1	1	reg_d	reg_d	reg_d
final	f l ɑː p	f l ɑː p t	f l ɑː p t	s ɪ p	s ɪ p t	s ɪ p t	f l ɑː p t	1	1	reg_t	reg_t	reg_t
final	b ʌ m	b ʌ m d	b ʌ m d	t r æ n s f ɔ r m	t r æ n s f ɔ r m d	t r æ n s f ɔ r m d	b ʌ m d	1	1	reg_d	reg_d	reg_d
final	s p ɹ̩ t	s p ɹ̩ t ə d	s p ɹ̩ t ə d	k ə m ɪ t	k ə m ɪ t ə d	k ə m ɪ t ə d	s p ɹ̩ t ə d	1	1	reg_əd	reg_əd	reg_əd
final	h uː t	h uː t ə d	h uː t	k ɹ̩ ɛ k t	k ɹ̩ ɛ k t ə d	k ɹ̩ ɛ k t ə d	h uː t ə d	0	1	reg_əd	no_change	reg_əd
final	p ɹ̩ s	p ɹ̩ s t	p ɹ̩ s t	b a ʊ n s	b a ʊ n s t	b a ʊ n s t	p ɹ̩ s t	1	1	reg_t	reg_t	reg_t
final	k l ʌ b	k l ʌ b d	k l ʌ b d	d ʌ b	d ʌ b d	d ʌ b d	k l ʌ b d	1	1	reg_d	reg_d	reg_d
final	p ɪ t iː	p ɪ t iː d	p ɪ t iː d	k iː	k iː d	k iː d	p ɪ t iː d	1	1	reg_d	reg_d	reg_d
final	t r æ m p	t r æ m p t	t r æ m p t	s k r æ p	s k r æ p t	s k r æ p t	t r æ m p t	1	1	reg_t	reg_t	reg_t
final	d͡ʒ ɛ n ɹ̩ e ɪ t	d͡ʒ ɛ n ɹ̩ e ɪ t ə d	d͡ʒ ɛ n ɹ̩ e ɪ t ə d	ɪ n ɪ ʃ iː e ɪ t	ɪ n ɪ ʃ iː e ɪ t ə d	ɪ n ɪ ʃ iː e ɪ t ə d	d͡ʒ ɛ n ɹ̩ e ɪ t ə d	1	1	reg_əd	reg_əd	reg_əd
final	t æ t ə l	t æ t ə l d	t æ t ə l d	s p ɛ l	s p ɛ l d	s p ɛ l d	t æ t ə l d	1	1	reg_d	reg_d	reg_d
final	f ʌ m b ə l	f ʌ m b ə l d	f ʌ m b ə l d	s t ɪ l	s t ɪ l d	s t ɪ l d	f ʌ m b ə l d	1	1	reg_d	reg_d	reg_d
final	s t æ ʃ	s t æ ʃ t	s t æ ʃ t	f ɪ ʃ	f ɪ ʃ t	f ɪ ʃ t	s t æ ʃ t	1	1	reg_t	reg_t	reg_t
final	ɪ n s ɪ s t	ɪ n s ɪ s t ə d	ɪ n s ɪ s t ə d	s w ɛ t	s w ɛ t ə d	s w ɛ t ə d	ɪ n s ɪ s t ə d	1	1	reg_əd	reg_əd	reg_əd
final	ɪ ɡ z æ m ɪ n	ɪ ɡ z æ m ɪ n d	ɪ ɡ z æ m æ n d	m æ n	m æ n d	m æ n d	ɪ ɡ z æ m ɪ n d	0	1	reg_d	vowel_change_suffix	reg_d
final	b l ɑː s ə m	b l ɑː s ə m d	b l ɑː s ə m d	ʃ e ɪ m	ʃ e ɪ m d	ʃ e ɪ m d	b l ɑː s ə m d	1	1	reg_d	reg_d	reg_d
final	r o ʊ p	r o ʊ p t	r o ʊ p t	t a ɪ p	t a ɪ p t	t a ɪ p t	r o ʊ p t	1	1	reg_t	reg_t	reg_t
final	p ɪ ŋ	p ɪ ŋ d	p ɪ ŋ d	f l ɪ ŋ	f l ʌ ŋ	f l ʌ ŋ	p ʌ ŋ	0	0	reg_d	reg_d	vowel_change
final	v o ʊ t	v o ʊ t ə d	v o ʊ t ə d	p æ n t	p æ n t ə d	p æ n t ə d	v o ʊ t ə d	1	1	reg_əd	reg_əd	reg_əd
final	n iː r	n iː r d	n iː r d	s k ɑː r	s k ɑː r d	s k ɑː r d	n iː r d	1	1	reg_d	reg_d	reg_d
final	t r ʌ s t	t r ʌ s t ə d	t r ʌ s t ə d	t͡ʃ iː t	t͡ʃ iː t ə d	t͡ʃ iː t ə d	t r ʌ s t ə d	1	1	reg_əd	reg_əd	reg_əd
final	ɪ n t ɹ̩ s p ɹ̩ s	ɪ n t ɹ̩ s p ɹ̩ s t	ɪ n t ɹ̩ s p ɹ̩ s t ɹ̩ s ɹ̩ n t ɹ̩ s	s p e ɪ s	s p e ɪ s t	s p e ɪ s t	ɪ n t ɹ̩ s p ɹ̩ s t	0	1	reg_t	other	reg_t
final	s w uː p	s w uː p t	s w uː p t	s k æ l ə p	s k æ l ə p t	s k æ l ə p t	s w uː p t	1	1	reg_t	reg_t	reg_t
final	d͡ʒ e ɪ l	d͡ʒ e ɪ l d	d͡ʒ e ɪ l d	s w ɛ l	s w ɛ l d	s w ɛ l d	d͡ʒ e ɪ l d	1	1	reg_d	reg_d	reg_d
final	f e ɪ l	f e ɪ l d	f e ɪ l d	k ə n t r o ʊ l	k ə n t r o ʊ l d	k ə n t r o ʊ l d	f e ɪ l d	1	1	reg_d	reg_d	reg_d
final	b ʊ k	b ʊ k t	b ʊ k t	f e ɪ k	f e ɪ k t	f e ɪ k t	b ʊ k t	1	1	reg_t	reg_t	reg_t
final	s ɪ f t	s ɪ f t ə d	s ɪ f t ə d	k æ t ə p ə l t	k æ t ə p ə l t ə d	k æ t ə p ə l t ə d	s ɪ f t ə d	1	1	reg_əd	reg_əd	reg_əd
final	k a ʊ t͡ʃ	k a ʊ t͡ʃ t	k a ʊ t͡ʃ t	m æ t͡ʃ	m æ t͡ʃ t	m æ t͡ʃ t	k a ʊ t͡ʃ t	1	1	reg_t	reg_t	reg_t
final	f r ʌ n t	f r ʌ n t ə d	f r ʌ n t ə d	m e ɪ t	m e ɪ t ə d	m e ɪ t ə d	f r ʌ n t ə d	1	1	reg_əd	reg_əd	reg_əd
final	p r ə d uː s	p r ə d uː s t	p r ə d uː s t	s p a ɪ s	s p a ɪ s t	s p a ɪ s t	p r ə d uː s t	1	1	reg_t	reg_t	reg_t
final	ʃ e ɪ d	ʃ e ɪ d ə d	ʃ e ɪ d ə d	m ɛ n d	m ɛ n d ə d	m ɛ n d ə d	ʃ e ɪ d ə d	1	1	reg_əd	reg_əd	reg_əd
final	d r ɛ n t͡ʃ	d r ɛ n t͡ʃ t	d r ɛ n t͡ʃ t	t ʌ t͡ʃ	t ʌ t͡ʃ t	t ʌ t͡ʃ t	d r ɛ n t͡ʃ t	1	1	reg_t	reg_t	reg_t
final	s p l æ t ɹ̩	s p l æ t ɹ̩ d	s p l æ t ɹ̩ d	b ʌ t ɹ̩	b ʌ t ɹ̩ d	b ʌ t ɹ̩ d	s p l æ t ɹ̩ d	1	1	reg_d	reg_d	reg_d
final	r iː v j uː	r iː v j uː d	r iː v j uː d	w uː	w uː d	w uː d	r iː v j uː d	1	1	reg_d	reg_d	reg_d
final	b ɔ r	b ɔ r d	b ɔ r d	r iː ə ʃ ʊ r	r iː ə ʃ ʊ r d	r iː ə ʃ ʊ r d	b ɔ r d	1	1	reg_d	reg_d	reg_d
final	s iː t	s iː t ə d	s iː t	w ɔ n t	w ɔ n t ə d	w ɔ n t ə d	s iː t ə d	0	1	reg_əd	no_change	reg_əd
final	b ɛ d	b ɛ d ə d	b ɛ d ə d	m o ʊ l d	m o ʊ l d ə d	m o ʊ l d ə d	b ɛ d ə d	1	1	reg_əd	reg_əd	reg_əd
final	ə n s iː t	ə n s iː t ə d	ə n s iː t ə d	r iː ɪ v æ l j uː e ɪ t	r iː ɪ v æ l j uː e ɪ t ə d	r iː ɪ v æ l j uː e ɪ t ə d	ə n s iː t ə d	1	1	reg_əd	reg_əd	reg_əd
final	m ʌ f ə l	m ʌ f ə l d	m ʌ f ə l d	b æ f ə l	b æ f ə l d	b æ f ə l d	m ʌ f ə l d	1	1	reg_d	reg_d	reg_d
final	s t ʌ m p	s t ʌ m p t	s t ʌ m p t	ə n r æ p	ə n r æ p t	ə n r æ p t	s t ʌ m p t	1	1	reg_t	reg_t	reg_t
final	t r æ n s p l æ n t	t r æ n s p l æ n t ə d	t s p l æ l æ n d	w a ɪ t	w a ɪ t ə d	w a ɪ t ə d	t r æ n s p l æ n t ə d	0	1	reg_əd	other	reg_əd
final	v ɪ ʒ w ə l a ɪ z	v ɪ ʒ w ə l a ɪ z d	v ə l ə l a ɪ d	t͡ʃ uː z	t͡ʃ uː z d	t͡ʃ o ʊ z	v ɪ ʒ w ə l a ɪ z d	0	1	reg_d	other	reg_d
final	ɡ æ l ə p	ɡ æ l ə p t	ɡ æ l ə p t	w uː p	w uː p t	w uː p t	ɡ æ l ə p t	1	1	reg_t	reg_t	reg_t
final	s ʌ l iː	s ʌ l iː d	s ʌ l iː d	b æ n d iː	b æ n d iː d	b æ n d iː d	s ʌ l iː d	1	1	reg_d	reg_d	reg_d
final	ə n f o ʊ l d	ə n f o ʊ l d ə d	ə n f o ʊ n d ə d	ə n w a ɪ n d	ə n w a ʊ n d ə d	ə n w a ʊ n d	NA	0	0	reg_əd	other	other
final	w iː	w iː d	w iː d	h ɛ r iː	h ɛ r iː d	h ɛ r iː d	w iː d	1	1	reg_d	reg_d	reg_d
final	ɪ m ə t e ɪ t	ɪ m ə t e ɪ t ə d	ɪ m ə t e ɪ t ə d	ɪ n v ɹ̩ t	ɪ n v ɹ̩ t ə d	ɪ n v ɹ̩ t ə d	ɪ m ə t e ɪ t ə d	1	1	reg_əd	reg_əd	reg_əd
final	s w ɹ̩ v	s w ɹ̩ v d	s w ɹ̩ v d	s ɹ̩ v	s ɹ̩ v d	s ɹ̩ v d	s w ɹ̩ v d	1	1	reg_d	reg_d	reg_d
final	h iː p	h iː p t	h iː p t	s t r ɪ p	s t r ɪ p t	s t r ɪ p t	h iː p t	1	1	reg_t	reg_t	reg_t
final	r iː f j uː ə l	r iː f j uː ə l d	r iː f j uː ə l d	ɡ r a ʊ l	ɡ r a ʊ l d	ɡ r a ʊ l d	r iː f j uː ə l d	1	1	reg_d	reg_d	reg_d
final	t͡ʃ æ n t	t͡ʃ æ n t ə d	t͡ʃ æ n t ə d	t e ɪ s t	t e ɪ s t ə d	t e ɪ s t ə d	t͡ʃ æ n t ə d	1	1	reg_əd	reg_əd	reg_əd
majority	iː t	e ɪ t	iː ɪ t	k ɛ r	k ɛ r d	k ɛ r d	iː t d	0	0	vowel_change	vowel_change	reg_d
majority	m e ɪ k	m e ɪ d	m e ɪ k t	h ɑː r m	h ɑː r m d	h ɑː r m d	m e ɪ k d	0	0	coda_change	reg_t	reg_d
majority	n o ʊ	n uː	n o ʊ d	p iː	p iː d	p iː d	n o ʊ d	1	0	vowel_change	reg_d	reg_d
majority	f ɔ l	f ɛ l	f ɔ l d	s m ɛ l	s m ɛ l d	s m ɛ l d	f ɔ l d	1	0	vowel_change	reg_d	reg_d
majority	b r ɪ ŋ	b r ɔ t	b r ɪ ŋ	ʃ ʌ v	ʃ ʌ v d	ʃ ʌ v d	b r ɪ ŋ d	0	0	rhyme_replaced	no_change	reg_d
majority	s t ɑː r t	s t ɑː r t ə d	s t ɑː r t ə d	s p ʌ t ɹ̩	s p ʌ t ɹ̩ d	s p ʌ t ɹ̩ d	s t ɑː r t d	0	0	reg_əd	reg_əd	reg_d
majority	t e ɪ k	t ʊ k	t e ɪ k t	d ɪ s t r ɔ ɪ	d ɪ s t r ɔ ɪ d	d ɪ s t r ɔ ɪ d	t e ɪ k d	0	0	vowel_change	reg_t	reg_d
majority	h e ɪ t	h e ɪ t ə d	h e ɪ t ə d	r uː l	r uː l d	r uː l d	h e ɪ t d	0	0	reg_əd	reg_əd	reg_d
majority	r a ɪ t	r o ʊ t	r o ʊ t ə d	p l ɛ d͡ʒ	p l ɛ d͡ʒ d	p l ɛ d͡ʒ d	r a ɪ t d	0	0	vowel_change	other	reg_d
majority	f ɪ t	f ɪ t	f ɪ t ə d	b ɛ r iː	b ɛ r iː d	b ɛ r iː d	f ɪ t d	0	0	no_change	reg_əd	reg_d
majority	d a ɪ n	d a ɪ n d	d a ɪ n d	ʃ ɛ r	ʃ ɛ r d	ʃ ɛ r d	d a ɪ n d	1	1	reg_d	reg_d	reg_d
majority	m ɪ s	m ɪ s t	m ɪ s t	ɡ l ʌ v	ɡ l ʌ v d	ɡ l ʌ v d	m ɪ s d	0	0	reg_t	reg_t	reg_d
majority	n ɑː k	n ɑː k t	n ɑː k t	t ɛ l	t ɛ l d	t o ʊ l d	n ɑː k d	0	0	reg_t	reg_t	reg_d
majority	n iː d	n iː d ə d	n iː d ə d	s iː z ə n	s iː z ə n d	s iː z ə n d	n iː d d	0	0	reg_əd	reg_əd	reg_d
majority	m uː v	m uː v d	m uː v d	f j uː ə l	f j uː ə l d	f j uː ə l d	m uː v d	1	1	reg_d	reg_d	reg_d
majority	f l ɪ p	f l ɪ p t	f l ʌ p t	d ɪ z ɑː l v	d ɪ z ɑː l v d	d ɪ z ɑː l v d	f l ɪ p d	0	0	reg_t	vowel_change_suffix	reg_d
majority	r ɛ d iː	r ɛ d iː d	r ɛ d iː d	b ɛ r	b ɛ r d	b o ʊ r	r ɛ d iː d	1	1	reg_d	reg_d	reg_d
majority	z ɪ p	z ɪ p t	z ɪ p t	d ɪ s k ʌ v ɹ̩	d ɪ s k ʌ v ɹ̩ d	d ɪ s k ʌ v ɹ̩ d	z ɪ p d	0	0	reg_t	reg_t	reg_d
majority	f a ɪ t	f ɔ t	f a ɪ t ə d	f o ʊ n	f o ʊ n d	f o ʊ n d	f a ɪ t d	0	0	vowel_change	reg_əd	reg_d
majority	k æ t͡ʃ	k ɔ t	k æ t͡ʃ t	k ə m p l e ɪ n	k ə m p l e ɪ n d	k ə m p l e ɪ n d	k æ t͡ʃ d	0	0	rhyme_replaced	reg_t	reg_d
majority	f l o ʊ t	f l o ʊ t ə d	f l o ʊ t ə d	m æ n ə d͡ʒ	m æ n ə d͡ʒ d	m æ n ə d͡ʒ d	f l o ʊ t d	0	0	reg_əd	reg_əd	reg_d
majority	w ɪ ʃ	w ɪ ʃ t	w ɪ ʃ t	d ɪ z ɑː l v	d ɪ z ɑː l v d	d ɪ z ɑː l v d	w ɪ ʃ d	0	0	reg_t	reg_t	reg_d
majority	ʃ e ɪ k	ʃ ʊ k	ʃ e ɪ k t	r ɪ s t ɔ r	r ɪ s t ɔ r d	r ɪ s t ɔ r d	ʃ e ɪ k d	0	0	vowel_change	reg_t	reg_d
majority	k ɪ k	k ɪ k t	k ɪ k t	f j uː ə l	f j uː ə l d	f j uː ə l d	k ɪ k d	0	0	reg_t	reg_t	reg_d
majority	t͡ʃ e ɪ n d͡ʒ	t͡ʃ e ɪ n d͡ʒ d	t͡ʃ e ɪ n d͡ʒ d	k r æ k ə l	k r æ k ə l d	k r æ k ə l d	t͡ʃ e ɪ n d͡ʒ d	1	1	reg_d	reg_d	reg_d
majority	θ r o ʊ	θ r uː	θ r o ʊ d	p l æ n	p l æ n d	p l æ n d	θ r o ʊ d	1	0	vowel_change	reg_d	reg_d
majority	b æ k	b æ k t	b æ k t	r uː ə n	r uː ə n d	r uː ə n d	b æ k d	0	0	reg_t	reg_t	reg_d
majority	f l æ ʃ	f l æ ʃ t	f l æ ʃ t	b ɛ ɡ	b ɛ ɡ d	b ɛ ɡ d	f l æ ʃ d	0	0	reg_t	reg_t	reg_d
majority	ɡ r o ʊ	ɡ r uː	ɡ r o ʊ d	m ɑː r b ə l	m ɑː r b ə l d	m ɑː r b ə l d	ɡ r o ʊ d	1	0	vowel_change	reg_d	reg_d
majority	s m a ɪ l	s m a ɪ l d	s m a ɪ l d	m æ n	m æ n d	m æ n d	s m a ɪ l d	1	1	reg_d	reg_d	reg_d
majority	s t ɑː p	s t ɑː p t	s t ɑː p t	b ɪ k ʌ m	b ɪ k ʌ m d	b ɪ k e ɪ m	s t ɑː p d	0	0	reg_t	reg_t	reg_d
majority	s t ɹ̩	s t ɹ̩ d	s t ɹ̩ d	r o ʊ m	r o ʊ m d	r o ʊ m d	s t ɹ̩ d	1	1	reg_d	reg_d	reg_d
majority	t͡ʃ uː	t͡ʃ uː d	t͡ʃ uː d	m æ n	m æ n d	m æ n d	t͡ʃ uː d	1	1	reg_d	reg_d	reg_d
majority	d r ɛ s	d r ɛ s t	d r ɛ s t	s t ɛ m	s t ɛ m d	s t ɛ m d	d r ɛ s d	0	0	reg_t	reg_t	reg_d
majority	ə n d ɹ̩ s t æ n d	ə n d ɹ̩ s t ʊ d	ə n t ə t æ n d	m ɛ m ɹ̩ a ɪ z	m ɛ m ɹ̩ a ɪ z d	m ɛ m ɹ̩ a ɪ z d	ə n d ɹ̩ s t æ n d d	0	0	rhyme_replaced	other	reg_d
majority	t͡ʃ e ɪ s	t͡ʃ e ɪ s t	t͡ʃ e ɪ s t	d ɪ s ə p iː r	d ɪ s ə p iː r d	d ɪ s ə p iː r d	t͡ʃ e ɪ s d	0	0	reg_t	reg_t	reg_d
majority	h ʌ ɡ	h ʌ ɡ d	h ʌ ɡ d	w ɪ s p ɹ̩	w ɪ s p ɹ̩ d	w ɪ s p ɹ̩ d	h ʌ ɡ d	1	1	reg_d	reg_d	reg_d
majority	h ɪ t	h ɪ t	h ɪ t	t e ɪ m	t e ɪ m d	t e ɪ m d	h ɪ t d	0	0	no_change	no_change	reg_d
majority	h æ m ɹ̩	h æ m ɹ̩ d	h æ m ɹ̩ d	l a ɪ v	l a ɪ v d	l a ɪ v d	h æ m ɹ̩ d	1	1	reg_d	reg_d	reg_d
majority	w a ɪ n d	w a ɪ n d ə d	w a ɪ n d ə d	p r a ɪ	p r a ɪ d	p r a ɪ d	w a ɪ n d d	0	0	reg_əd	reg_əd	reg_d
majority	k ə n s t r ʌ k t	k ə n s t r ʌ k t ə d	k ə t r t r ʌ k t ə d	t w a ɪ n	t w a ɪ n d	t w a ɪ n d	k ə n s t r ʌ k t d	0	0	reg_əd	other	reg_d
majority	m iː t	m ɛ t	m iː t ə d	s e ɪ v	s e ɪ v d	s e ɪ v d	m iː t d	0	0	vowel_change	reg_əd	reg_d
majority	s w ɪ ʃ	s w ɪ ʃ t	s w ɪ ʃ t	s p ɔ ɪ l	s p ɔ ɪ l d	s p ɔ ɪ l d	s w ɪ ʃ d	0	0	reg_t	reg_t	reg_d
majority	s k w iː z	s k w iː z d	s k w iː z d	v e ɪ k e ɪ ʃ ə n	v e ɪ k e ɪ ʃ ə n d	v e ɪ k e ɪ ʃ ə n d	s k w iː z d	1	1	reg_d	reg_d	reg_d
majority	t͡ʃ ʌ ɡ	t͡ʃ ʌ ɡ d	t͡ʃ ʌ ɡ d	r iː s a ɪ k ə l	r iː s a ɪ k ə l d	r iː s a ɪ k ə l d	t͡ʃ ʌ ɡ d	1	1	reg_d	reg_d	reg_d
majority	b r æ n t͡ʃ	b r æ n t͡ʃ t	b r æ n t͡ʃ t	l ʊ r	l ʊ r d	l ʊ r d	b r æ n t͡ʃ d	0	0	reg_t	reg_t	reg_d
majority	n o ʊ t ɪ s	n o ʊ t ɪ s t	n o ʊ t ɪ s t	p ɔ r	p ɔ r d	p ɔ r d	n o ʊ t ɪ s d	0	0	reg_t	reg_t	reg_d
majority	b e ɪ k	b e ɪ k t	b e ɪ k t	b æ ŋ	b æ ŋ d	b æ ŋ d	b e ɪ k d	0	0	reg_t	reg_t	reg_d
majority	s n æ p	s n æ p t	s n æ p t	b æ t ɹ̩	b æ t ɹ̩ d	b æ t ɹ̩ d	s n æ p d	0	0	reg_t	reg_t	reg_d
majority	s w ɪ m	s w æ m	s w ɪ m d	b l e ɪ m	b l e ɪ m d	b l e ɪ m d	s w ɪ m d	1	0	vowel_change	reg_d	reg_d
majority	ʃ ʌ t ə l	ʃ ʌ t ə l d	ʃ ʌ t ə l d	p r iː p ɛ r	p r iː p ɛ r d	p r iː p ɛ r d	ʃ ʌ t ə l d	1	1	reg_d	reg_d	reg_d
majority	ə p r iː ʃ iː e ɪ t	ə p r iː ʃ iː e ɪ t ə d	ə p iː ʃ iː ʃ e ɪ t ə d	ɛ k s ɹ̩ s a ɪ z	ɛ k s ɹ̩ s a ɪ z d	ɛ k s ɹ̩ s a ɪ z d	ə p r iː ʃ iː e ɪ t d	0	0	reg_əd	other	reg_d
majority	s m uː ð	s m uː ð d	s m uː ð d	n ʌ m b ɹ̩	n ʌ m b ɹ̩ d	n ʌ m b ɹ̩ d	s m uː ð d	1	1	reg_d	reg_d	reg_d
majority	s t ɛ r	s t ɛ r d	s t ɛ r d	r uː l	r uː l d	r uː l d	s t ɛ r d	1	1	reg_d	reg_d	reg_d
majority	k ɑː s t uː m	k ɑː s t uː m d	k ɑː s t uː m d	b r iː ð	b r iː ð d	b r iː ð d	k ɑː s t uː m d	1	1	reg_d	reg_d	reg_d
majority	ɡ uː f	ɡ uː f t	ɡ uː f t	s a ɪ z	s a ɪ z d	s a ɪ z d	ɡ uː f d	0	0	reg_t	reg_t	reg_d
majority	d r a ʊ n	d r a ʊ n d	d r a ʊ n d	æ l a ɪ	æ l a ɪ d	æ l a ɪ d	d r a ʊ n d	1	1	reg_d	reg_d	reg_d
majority	n ɹ̩ s	n ɹ̩ s t	n ɹ̩ s t	b l ɪ s t ɹ̩	b l ɪ s t ɹ̩ d	b l ɪ s t ɹ̩ d	n ɹ̩ s d	0	0	reg_t	reg_t	reg_d
majority	k r a ɪ	k r a ɪ d	k r a ɪ d	t æ t uː	t æ t uː d	t æ t uː d	k r a ɪ d	1	1	reg_d	reg_d	reg_d
majority	iː v ɪ n	iː v ɪ n d	iː v ɪ n d	k ə m b a ɪ n	k ə m b a ɪ n d	k ə m b a ɪ n d	iː v ɪ n d	1	1	reg_d	reg_d	reg_d
majority	m a ɪ n	m a ɪ n d	m a ɪ n d	d ɪ s p o ʊ z	d ɪ s p o ʊ z d	d ɪ s p o ʊ z d	m a ɪ n d	1	1	reg_d	reg_d	reg_d
majority	b ɪ ɡ ɪ n	b ɪ ɡ æ n	b ɪ ɡ e ɪ n	æ l a ɪ	æ l a ɪ d	æ l a ɪ d	b ɪ ɡ ɪ n d	0	0	vowel_change	vowel_change	reg_d
majority	s p æ ŋ k	s p æ ŋ k t	s p æ ŋ k t	p iː l	p iː l d	p iː l d	s p æ ŋ k d	0	0	reg_t	reg_t	reg_d
majority	t͡ʃ ɪ p	t͡ʃ ɪ p t	t͡ʃ ɪ p t	b ɪ h e ɪ v	b ɪ h e ɪ v d	b ɪ h e ɪ v d	t͡ʃ ɪ p d	0	0	reg_t	reg_t	reg_d
majority	s p iː k	s p o ʊ k	s p iː k t	b ɔ l	b ɔ l d	b ɔ l d	s p iː k d	0	0	vowel_change	reg_t	reg_d
majority	s w ɪ t͡ʃ	s w ɪ t͡ʃ t	s w ɪ t͡ʃ t	s k ɹ̩ iː	s k ɹ̩ iː d	s k ɹ̩ iː d	s w ɪ t͡ʃ d	0	0	reg_t	reg_t	reg_d
majority	f a ɪ ɹ̩	f a ɪ ɹ̩ d	f a ɪ ɹ̩ d	s t r e ɪ t ə n	s t r e ɪ t ə n d	s t r e ɪ t ə n d	f a ɪ ɹ̩ d	1	1	reg_d	reg_d	reg_d
majority	b ɪ l	b ɪ l d	b ɪ l d	ɡ l ɔ r ə f a ɪ	ɡ l ɔ r ə f a ɪ d	ɡ l ɔ r ə f a ɪ d	b ɪ l d	1	1	reg_d	reg_d	reg_d
majority	r iː m a ɪ n d	r iː m a ɪ n d ə d	r iː m a ɪ n d ə d	b r uː	b r uː d	b r uː d	r iː m a ɪ n d d	0	0	reg_əd	reg_əd	reg_d
majority	s iː d	s iː d ə d	s iː d ə d	ɡ e ɪ z	ɡ e ɪ z d	ɡ e ɪ z d	s iː d d	0	0	reg_əd	reg_əd	reg_d
majority	w e ɪ v	w e ɪ v d	w e ɪ v d	m ʊ r	m ʊ r d	m ʊ r d	w e ɪ v d	1	1	reg_d	reg_d	reg_d
majority	b l uː m	b l uː m d	b l uː m d	b l ɪ s t ɹ̩	b l ɪ s t ɹ̩ d	b l ɪ s t ɹ̩ d	b l uː m d	1	1	reg_d	reg_d	reg_d
majority	s t ɪ ŋ	s t ʌ ŋ	s t ɪ ŋ	s p r ɪ ŋ k ə l	s p r ɪ ŋ k ə l d	s p r ɪ ŋ k ə l d	s t ɪ ŋ d	0	0	vowel_change	no_change	reg_d
majority	ə r a ɪ v	ə r a ɪ v d	ə r a ɪ v d	t a ɪ m	t a ɪ m d	t a ɪ m d	ə r a ɪ v d	1	1	reg_d	reg_d	reg_d
majority	b l ɛ s	b l ɛ s t	b l ɛ s t	f ɪ ɡ j ɹ̩	f ɪ ɡ j ɹ̩ d	f ɪ ɡ j ɹ̩ d	b l ɛ s d	0	0	reg_t	reg_t	reg_d
majority	ə r ɛ s t	ə r ɛ s t ə d	ə r ɛ s t ə d	t a ɪ	t a ɪ d	t a ɪ d	ə r ɛ s t d	0	0	reg_əd	reg_əd	reg_d
majority	s p ɪ n	s p ʌ n	s p ɪ n d	t æ k ə l	t æ k ə l d	t æ k ə l d	s p ɪ n d	1	0	vowel_change	reg_d	reg_d
majority	k ə m p iː t	k ə m p iː t ə d	k ə m p iː t ə d	b ʌ b ə l	b ʌ b ə l d	b ʌ b ə l d	k ə m p iː t d	0	0	reg_əd	reg_əd	reg_d
majority	t r e ɪ n	t r e ɪ n d	t r e ɪ n d	b ɛ r	b ɛ r d	b o ʊ r	t r e ɪ n d	1	1	reg_d	reg_d	reg_d
majority	p æ s	p æ s t	p æ s t	r iː f ɪ l	r iː f ɪ l d	r iː f ɪ l d	p æ s d	0	0	reg_t	reg_t	reg_d
majority	s ɪ ŋ k	s æ ŋ k	s ɪ ŋ k t	f ɪ l m	f ɪ l m d	f ɪ l m d	s ɪ ŋ k d	0	0	vowel_change	reg_t	reg_d
majority	l uː p	l uː p t	l uː p t	s n iː z	s n iː z d	s n iː z d	l uː p d	0	0	reg_t	reg_t	reg_d
majority	s ə l ɛ k t	s ə l ɛ k t ə d	s ə l ɛ k t ə d	n iː d ə l	n iː d ə l d	n iː d ə l d	s ə l ɛ k t d	0	0	reg_əd	reg_əd	reg_d
majority	r ɪ ŋ	r æ ŋ	r ɪ ŋ	p l ɛ d͡ʒ	p l ɛ d͡ʒ d	p l ɛ d͡ʒ d	r ɪ ŋ d	0	0	vowel_change	no_change	reg_d
majority	m e ɪ l	m e ɪ l d	m e ɪ l d	ə n ɔ ɪ	ə n ɔ ɪ d	ə n ɔ ɪ d	m e ɪ l d	1	1	reg_d	reg_d	reg_d
majority	p æ t	p æ t ə d	p æ t ə d	b æ ŋ	b æ ŋ d	b æ ŋ d	p æ t d	0	0	reg_əd	reg_əd	reg_d
majority	k ɪ d	k ɪ d ə d	k ɪ d	s ɪ m b ə l a ɪ z	s ɪ m b ə l a ɪ z d	s ɪ m b ə l a ɪ z d	k ɪ d d	0	0	reg_əd	no_change	reg_d
majority	p ɑː r d ə n	p ɑː r d ə n d	p ɑː r d ə n d	d r ɪ l	d r ɪ l d	d r ɪ l d	p ɑː r d ə n d	1	1	reg_d	reg_d	reg_d
majority	s t iː r	s t iː r d	s t iː r d	s iː r	s iː r d	s iː r d	s t iː r d	1	1	reg_d	reg_d	reg_d
majority	f o ʊ l d	f o ʊ l d ə d	f o ʊ l d ə d	ɛ m p t iː	ɛ m p t iː d	ɛ m p t iː d	f o ʊ l d d	0	0	reg_əd	reg_əd	reg_d
majority	s n iː k	s n iː k t	s n iː k t	o ʊ b e ɪ	o ʊ b e ɪ d	o ʊ b e ɪ d	s n iː k d	0	0	reg_t	reg_t	reg_d
majority	b e ɪ l	b e ɪ l d	b e ɪ l d	s ɹ̩ v	s ɹ̩ v d	s ɹ̩ v d	b e ɪ l d	1	1	reg_d	reg_d	reg_d
majority	b ɛ t ɹ̩	b ɛ t ɹ̩ d	b ɛ t ɹ̩ d	p l ʌ n d͡ʒ	p l ʌ n d͡ʒ d	p l ʌ n d͡ʒ d	b ɛ t ɹ̩ d	1	1	reg_d	reg_d	reg_d
majority	ɡ ɑː r b ə l	ɡ ɑː r b ə l d	ɡ ɑː r b ə l d	s t e ɪ b ə l a ɪ z	s t e ɪ b ə l a ɪ z d	s t e ɪ b ə l a ɪ z d	ɡ ɑː r b ə l d	1	1	reg_d	reg_d	reg_d
majority	s k w ɹ̩ t	s k w ɹ̩ t ə d	s k w ɹ̩ t ə d	w iː l	w iː l d	w iː l d	s k w ɹ̩ t d	0	0	reg_əd	reg_əd	reg_d
majority	b ɑː k s	b ɑː k s t	b ɑː k s t	s t e ɪ b ə l a ɪ z	s t e ɪ b ə l a ɪ z d	s t e ɪ b ə l a ɪ z d	b ɑː k s d	0	0	reg_t	reg_t	reg_d
majority	s iː l	s iː l d	s iː l d	b ɪ k ʌ m	b ɪ k ʌ m d	b ɪ k e ɪ m	s iː l d	1	1	reg_d	reg_d	reg_d
majority	s p r ɛ d	s p r ɛ d	s p r ɛ d ə d	s ɹ̩ v a ɪ v	s ɹ̩ v a ɪ v d	s ɹ̩ v a ɪ v d	s p r ɛ d d	0	0	no_change	reg_əd	reg_d
majority	p r ɑː m ə s	p r ɑː m ə s t	p r ɑː m ə s t	w ɑː n d ɹ̩	w ɑː n d ɹ̩ d	w ɑː n d ɹ̩ d	p r ɑː m ə s d	0	0	reg_t	reg_t	reg_d
majority	b iː t	b iː t	b iː t ə d	s k r ɪ b ə l	s k r ɪ b ə l d	s k r ɪ b ə l d	b iː t d	0	0	no_change	reg_əd	reg_d
majority	h ɪ p n ə t a ɪ z	h ɪ p n ə t a ɪ z d	h ɪ t ə t a ɪ d	s p ʌ t ɹ̩	s p ʌ t ɹ̩ d	s p ʌ t ɹ̩ d	h ɪ p n ə t a ɪ z d	0	1	reg_d	other	reg_d
majority	s l æ p	s l æ p t	s l æ p t	d ɪ t ɹ̩ m ə n	d ɪ t ɹ̩ m ə n d	d ɪ t ɹ̩ m ə n d	s l æ p d	0	0	reg_t	reg_t	reg_d
majority	b ɛ s t	b ɛ s t ə d	b ɛ s t ə d	s o ʊ	s o ʊ d	s o ʊ d	b ɛ s t d	0	0	reg_əd	reg_əd	reg_d
majority	s t æ ɡ ɹ̩	s t æ ɡ ɹ̩ d	s t æ ɡ ɹ̩ d	ʃ a ʊ ɹ̩	ʃ a ʊ ɹ̩ d	ʃ a ʊ ɹ̩ d	s t æ ɡ ɹ̩ d	1	1	reg_d	reg_d	reg_d
majority	z æ p	z æ p t	z æ p t	ʃ ɛ l	ʃ ɛ l d	ʃ ɛ l d	z æ p d	0	0	reg_t	reg_t	reg_d
majority	ə p s ɛ t	ə p s ɛ t	ə p s ɛ t ə d	ɡ l ʌ v	ɡ l ʌ v d	ɡ l ʌ v d	ə p s ɛ t d	0	0	no_change	reg_əd	reg_d
majority	r ɛ s t	r ɛ s t ə d	r ɛ s t ə d	p r a ɪ	p r a ɪ d	p r a ɪ d	r ɛ s t d	0	0	reg_əd	reg_əd	reg_d
majority	s p l æ ʃ	s p l æ ʃ t	s p l æ ʃ t	s t r e ɪ n	s t r e ɪ n d	s t r e ɪ n d	s p l æ ʃ d	0	0	reg_t	reg_t	reg_d
majority	l a ɪ n	l a ɪ n d	l a ɪ n d	p uː l	p uː l d	p uː l d	l a ɪ n d	1	1	reg_d	reg_d	reg_d
majority	ə n d uː	ə n d ɪ d	ə n d uː d	t͡ʃ a ɪ m	t͡ʃ a ɪ m d	t͡ʃ a ɪ m d	ə n d uː d	1	0	vowel_change_suffix	reg_d	reg_d
majority	p ɛ n	p ɛ n d	p ɛ n d	m ɑː r b ə l	m ɑː r b ə l d	m ɑː r b ə l d	p ɛ n d	1	1	reg_d	reg_d	reg_d
majority	ɛ d ə t	ɛ d ə t ə d	ɛ d ə t ə d	r ɛ s ə l	r ɛ s ə l d	r ɛ s ə l d	ɛ d ə t d	0	0	reg_əd	reg_əd	reg_d
majority	ɪ k s p l ɔ r	ɪ k s p l ɔ r d	ɪ k s p l ɔ r d	b r uː	b r uː d	b r uː d	ɪ k s p l ɔ r d	1	1	reg_d	reg_d	reg_d
majority	ə s uː m	ə s uː m d	ə s uː m d	s ɪ z ə l	s ɪ z ə l d	s ɪ z ə l d	ə s uː m d	1	1	reg_d	reg_d	reg_d
majority	s p r e ɪ	s p r e ɪ d	s p r e ɪ d	s iː s ɔ	s iː s ɔ d	s iː s ɔ d	s p r e ɪ d	1	1	reg_d	reg_d	reg_d
majority	l o ʊ ɹ̩	l o ʊ ɹ̩ d	l o ʊ ɹ̩ d	l ɔ ŋ	l ɔ ŋ d	l ɔ ŋ d	l o ʊ ɹ̩ d	1	1	reg_d	reg_d	reg_d
majority	d æ m	d æ m d	d æ m d	s ɑː l v	s ɑː l v d	s ɑː l v d	d æ m d	1	1	reg_d	reg_d	reg_d
majority	r ʌ ʃ	r ʌ ʃ t	r ʌ ʃ t	d ɪ ɡ	d ɪ ɡ d	d ʌ ɡ	r ʌ ʃ d	0	0	reg_t	reg_t	reg_d
majority	p l ʌ ɡ	p l ʌ ɡ d	p l ʌ ɡ d	k ə m b a ɪ n	k ə m b a ɪ n d	k ə m b a ɪ n d	p l ʌ ɡ d	1	1	reg_d	reg_d	reg_d
majority	ə d m ɪ t	ə d m ɪ t ə d	ə d m ɪ t ə d	s l æ m	s l æ m d	s l æ m d	ə d m ɪ t d	0	0	reg_əd	reg_əd	reg_d
majority	ə n t a ɪ	ə n t a ɪ d	ə n t a ɪ d	s t ʌ d iː	s t ʌ d iː d	s t ʌ d iː d	ə n t a ɪ d	1	1	reg_d	reg_d	reg_d
majority	b ʌ k ə l	b ʌ k ə l d	b ʌ k ə l d	r ə s iː v	r ə s iː v d	r ə s iː v d	b ʌ k ə l d	1	1	reg_d	reg_d	reg_d
majority	s w uː ʃ	s w uː ʃ t	s w uː ʃ t	d w ɛ l	d w ɛ l d	d w ɛ l d	s w uː ʃ d	0	0	reg_t	reg_t	reg_d
majority	ə r a ɪ z	ə r o ʊ z	ə r a ɪ z d	o ʊ b e ɪ	o ʊ b e ɪ d	o ʊ b e ɪ d	ə r a ɪ z d	1	0	vowel_change	reg_d	reg_d
majority	s o ʊ k	s o ʊ k t	s o ʊ k t	t a ɪ l	t a ɪ l d	t a ɪ l d	s o ʊ k d	0	0	reg_t	reg_t	reg_d
majority	t r æ p	t r æ p t	t r æ p t	h o ʊ l	h o ʊ l d	h o ʊ l d	t r æ p d	0	0	reg_t	reg_t	reg_d
majority	p a ɪ l	p a ɪ l d	p a ɪ l d	r e ɪ z	r e ɪ z d	r e ɪ z d	p a ɪ l d	1	1	reg_d	reg_d	reg_d
majority	ɪ k s p l o ʊ d	ɪ k s p l o ʊ d ə d	ɪ k s p l o ʊ d ə d	s e ɪ v	s e ɪ v d	s e ɪ v d	ɪ k s p l o ʊ d d	0	0	reg_əd	reg_əd	reg_d
majority	b ɔ ɪ l	b ɔ ɪ l d	b ɔ ɪ l d	d ɪ s t ɹ̩ b	d ɪ s t ɹ̩ b d	d ɪ s t ɹ̩ b d	b ɔ ɪ l d	1	1	reg_d	reg_d	reg_d
majority	k ə n s ɪ d ɹ̩	k ə n s ɪ d ɹ̩ d	k ə n s ɪ n d	ə n ɔ ɪ	ə n ɔ ɪ d	ə n ɔ ɪ d	k ə n s ɪ d ɹ̩ d	0	1	reg_d	other	reg_d
majority	s k a ʊ l	s k a ʊ l d	s k a ʊ l d	b ɛ ɡ	b ɛ ɡ d	b ɛ ɡ d	s k a ʊ l d	1	1	reg_d	reg_d	reg_d
majority	ɪ ɡ z ɔ s t	ɪ ɡ z ɔ s t ə d	ɪ ɡ z ɔ s t ə d	s p ɛ k ə l	s p ɛ k ə l d	s p ɛ k ə l d	ɪ ɡ z ɔ s t d	0	0	reg_əd	reg_əd	reg_d
majority	s uː p ɹ̩ v a ɪ z	s uː p ɹ̩ v a ɪ z d	s uː v ɹ̩ v a ɪ z d	s ə p o ʊ z	s ə p o ʊ z d	s ə p o ʊ z d	s uː p ɹ̩ v a ɪ z d	0	1	reg_d	other	reg_d
majority	d æ ŋ ɡ ə l	d æ ŋ ɡ ə l d	d æ ŋ ɡ ə l d	w iː k ə n	w iː k ə n d	w iː k ə n d	d æ ŋ ɡ ə l d	1	1	reg_d	reg_d	reg_d
majority	d͡ʒ ɪ m iː	d͡ʒ ɪ m iː d	d͡ʒ ɪ m iː d	f æ s ə n	f æ s ə n d	f æ s ə n d	d͡ʒ ɪ m iː d	1	1	reg_d	reg_d	reg_d
majority	t r ʌ b ə l	t r ʌ b ə l d	t r ʌ b ə l d	b ɪ l iː v	b ɪ l iː v d	b ɪ l iː v d	t r ʌ b ə l d	1	1	reg_d	reg_d	reg_d
majority	p e ɪ d͡ʒ	p e ɪ d͡ʒ d	p e ɪ d͡ʒ d	k r ʌ m b ə l	k r ʌ m b ə l d	k r ʌ m b ə l d	p e ɪ d͡ʒ d	1	1	reg_d	reg_d	reg_d
majority	t a ʊ ɹ̩	t a ʊ ɹ̩ d	t a ʊ ɹ̩ d	h ɛ d͡ʒ	h ɛ d͡ʒ d	h ɛ d͡ʒ d	t a ʊ ɹ̩ d	1	1	reg_d	reg_d	reg_d
majority	f ɛ n s	f ɛ n s t	f ɛ n s t	m æ n	m æ n d	m æ n d	f ɛ n s d	0	0	reg_t	reg_t	reg_d
majority	d ɛ r	d ɛ r d	d ɛ r d	p ʊ l	p ʊ l d	p ʊ l d	d ɛ r d	1	1	reg_d	reg_d	reg_d
majority	b l iː d	b l ɛ d	b l iː d ə d	ɡ r a ʊ l	ɡ r a ʊ l d	ɡ r a ʊ l d	b l iː d d	0	0	vowel_change	reg_əd	reg_d
majority	ɛ n t ɹ̩	ɛ n t ɹ̩ d	ɛ n t ɹ̩ d	p iː l	p iː l d	p iː l d	ɛ n t ɹ̩ d	1	1	reg_d	reg_d	reg_d
majority	m e ɪ n t e ɪ n	m e ɪ n t e ɪ n d	m e ɪ n t e ɪ n d	ʃ ɛ l t ɹ̩	ʃ ɛ l t ɹ̩ d	ʃ ɛ l t ɹ̩ d	m e ɪ n t e ɪ n d	1	1	reg_d	reg_d	reg_d
majority	f ɛ r	f ɛ r d	f ɛ r d	d iː l	d iː l d	d ɛ l t	f ɛ r d	1	1	reg_d	reg_d	reg_d
majority	d ɪ p	d ɪ p t	d ɪ p t	s t uː	s t uː d	s t uː d	d ɪ p d	0	0	reg_t	reg_t	reg_d
majority	j ɔ n	j ɔ n d	j ɔ n d	ɔ r d ɹ̩	ɔ r d ɹ̩ d	ɔ r d ɹ̩ d	j ɔ n d	1	1	reg_d	reg_d	reg_d
majority	ʃ ʊ ɡ ɹ̩	ʃ ʊ ɡ ɹ̩ d	ʃ ʊ ɡ ɹ̩ d	k æ r iː	k æ r iː d	k æ r iː d	ʃ ʊ ɡ ɹ̩ d	1	1	reg_d	reg_d	reg_d
majority	d r ɪ f t	d r ɪ f t ə d	d r æ f t ə d	d ɪ s t r ɔ ɪ	d ɪ s t r ɔ ɪ d	d ɪ s t r ɔ ɪ d	d r ɪ f t d	0	0	reg_əd	other	reg_d
majority	ɪ n s p a ɪ ɹ̩	ɪ n s p a ɪ ɹ̩ d	ɪ n s p a ɪ n d	b æ f ə l	b æ f ə l d	b æ f ə l d	ɪ n s p a ɪ ɹ̩ d	0	1	reg_d	rhyme_replaced	reg_d
majority	m ɛ n ʃ ə n	m ɛ n ʃ ə n d	m ɛ n ʃ ə n d	k r o ʊ	k r o ʊ d	k r o ʊ d	m ɛ n ʃ ə n d	1	1	reg_d	reg_d	reg_d
majority	s l ɪ p	s l ɪ p t	s l ɪ p t	b ʌ t ə n	b ʌ t ə n d	b ʌ t ə n d	s l ɪ p d	0	0	reg_t	reg_t	reg_d
majority	s k ɪ p	s k ɪ p t	s k ɪ p t	ʃ a ɪ	ʃ a ɪ d	ʃ a ɪ d	s k ɪ p d	0	0	reg_t	reg_t	reg_d
majority	m ə n ɪ p j ə l e ɪ t	m ə n ɪ p j ə l e ɪ t ə d	m ɪ p ə l d	m æ n ə d͡ʒ	m æ n ə d͡ʒ d	m æ n ə d͡ʒ d	m ə n ɪ p j ə l e ɪ t d	0	0	reg_əd	other	reg_d
majority	s æ k	s æ k t	s æ k t	ɛ m b r ɔ ɪ d ɹ̩	ɛ m b r ɔ ɪ d ɹ̩ d	ɛ m b r ɔ ɪ d ɹ̩ d	s æ k d	0	0	reg_t	reg_t	reg_d
majority	ɪ n s p ɛ k t	ɪ n s p ɛ k t ə d	ɪ n s p ɛ k t ə d	t͡ʃ uː z	t͡ʃ uː z d	t͡ʃ o ʊ z	ɪ n s p ɛ k t d	0	0	reg_əd	reg_əd	reg_d
majority	s æ k r ə f a ɪ s	s æ k r ə f a ɪ s t	s æ k r ə f a ɪ s t	d ɪ s k ʌ v ɹ̩	d ɪ s k ʌ v ɹ̩ d	d ɪ s k ʌ v ɹ̩ d	s æ k r ə f a ɪ s d	0	0	reg_t	reg_t	reg_d
majority	t æ p	t æ p t	t æ p t	b r ɪ d͡ʒ	b r ɪ d͡ʒ d	b r ɪ d͡ʒ d	t æ p d	0	0	reg_t	reg_t	reg_d
majority	h ɔ l	h ɔ l d	h ɔ l d	p r ə l ɔ ŋ	p r ə l ɔ ŋ d	p r ə l ɔ ŋ d	h ɔ l d	1	1	reg_d	reg_d	reg_d
majority	s k a ʊ t	s k a ʊ t ə d	s k a ʊ t ə d	ɹ̩ n	ɹ̩ n d	ɹ̩ n d	s k a ʊ t d	0	0	reg_əd	reg_əd	reg_d
majority	p ɑː k ə t	p ɑː k ə t ə d	p ɑː k ə t ə d	ɔ ɪ l	ɔ ɪ l d	ɔ ɪ l d	p ɑː k ə t d	0	0	reg_əd	reg_əd	reg_d
majority	h a ʊ l	h a ʊ l d	h a ʊ l d	t ɛ l ə f o ʊ n	t ɛ l ə f o ʊ n d	t ɛ l ə f o ʊ n d	h a ʊ l d	1	1	reg_d	reg_d	reg_d
majority	d ɔ n	d ɔ n d	d ɔ n d	n ɪ b ə l	n ɪ b ə l d	n ɪ b ə l d	d ɔ n d	1	1	reg_d	reg_d	reg_d
majority	t æ ŋ ɡ ə l	t æ ŋ ɡ ə l d	t æ ŋ ɡ ə l d	f ɪ ɡ j ɹ̩	f ɪ ɡ j ɹ̩ d	f ɪ ɡ j ɹ̩ d	t æ ŋ ɡ ə l d	1	1	reg_d	reg_d	reg_d
majority	ɡ a ɪ d	ɡ a ɪ d ə d	ɡ a ɪ d ə d	z uː m	z uː m d	z uː m d	ɡ a ɪ d d	0	0	reg_əd	reg_əd	reg_d
majority	θ ʌ n d ɹ̩	θ ʌ n d ɹ̩ d	θ ʌ n d ɹ̩ d	k ʌ m	k ʌ m d	k e ɪ m	θ ʌ n d ɹ̩ d	1	1	reg_d	reg_d	reg_d
majority	r a ʊ n d	r a ʊ n d ə d	r a ʊ n d ə d	j uː z	j uː z d	j uː z d	r a ʊ n d d	0	0	reg_əd	reg_əd	reg_d
majority	æ b d ʌ k t	æ b d ʌ k t ə d	æ b ʌ k ʌ t ə d	f iː l	f iː l d	f ɛ l t	æ b d ʌ k t d	0	0	reg_əd	other	reg_d
majority	ɡ ʌ m	ɡ ʌ m d	ɡ ʌ m d	r o ʊ	r o ʊ d	r o ʊ d	ɡ ʌ m d	1	1	reg_d	reg_d	reg_d
majority	l ɛ k t͡ʃ ɹ̩	l ɛ k t͡ʃ ɹ̩ d	l ɛ k t͡ʃ ɹ̩ d	s a ɪ n	s a ɪ n d	s a ɪ n d	l ɛ k t͡ʃ ɹ̩ d	1	1	reg_d	reg_d	reg_d
majority	d r ɪ b ə l	d r ɪ b ə l d	d r ɪ b ə l d	d ɔ ɡ	d ɔ ɡ d	d ɔ ɡ d	d r ɪ b ə l d	1	1	reg_d	reg_d	reg_d
majority	d ʌ s t	d ʌ s t ə d	d ʌ s t ə d	d ʌ b ə l	d ʌ b ə l d	d ʌ b ə l d	d ʌ s t d	0	0	reg_əd	reg_əd	reg_d
majority	d͡ʒ æ m	d͡ʒ æ m d	d͡ʒ æ m d	f uː l	f uː l d	f uː l d	d͡ʒ æ m d	1	1	reg_d	reg_d	reg_d
majority	t͡ʃ æ n ə l	t͡ʃ æ n ə l d	t͡ʃ æ n ə l d	f r ɛ ʃ ə n	f r ɛ ʃ ə n d	f r ɛ ʃ ə n d	t͡ʃ æ n ə l d	1	1	reg_d	reg_d	reg_d
majority	d r e ɪ n	d r e ɪ n d	d r e ɪ n d	w iː l	w iː l d	w iː l d	d r e ɪ n d	1	1	reg_d	reg_d	reg_d
majority	w uː n d	w uː n d ə d	w uː n d ə d	d ɑː r n	d ɑː r n d	d ɑː r n d	w uː n d d	0	0	reg_əd	reg_əd	reg_d
majority	t e ɪ l	t e ɪ l d	t e ɪ l d	t e ɪ b ə l	t e ɪ b ə l d	t e ɪ b ə l d	t e ɪ l d	1	1	reg_d	reg_d	reg_d
majority	s l o ʊ	s l o ʊ d	s l o ʊ d	w ɔ r n	w ɔ r n d	w ɔ r n d	s l o ʊ d	1	1	reg_d	reg_d	reg_d
majority	s t ɪ ŋ k	s t ʌ ŋ k	s t ɪ ŋ k t	r o ʊ l	r o ʊ l d	r o ʊ l d	s t ɪ ŋ k d	0	0	vowel_change	reg_t	reg_d
majority	f iː l d	f iː l d ə d	f iː l d ə d	b æ ɡ	b æ ɡ d	b æ ɡ d	f iː l d d	0	0	reg_əd	reg_əd	reg_d
majority	s p a ɪ	s p a ɪ d	s p a ɪ d	p ɔ r	p ɔ r d	p ɔ r d	s p a ɪ d	1	1	reg_d	reg_d	reg_d
majority	s ɪ ɡ n ə l	s ɪ ɡ n ə l d	s ɪ ɡ n ə l d	d ɹ̩ a ɪ v	d ɹ̩ a ɪ v d	d ɹ̩ a ɪ v d	s ɪ ɡ n ə l d	1	1	reg_d	reg_d	reg_d
majority	ɛ n k ɹ̩ ɪ d͡ʒ	ɛ n k ɹ̩ ɪ d͡ʒ d	ɛ n k ɹ̩ ɪ d͡ʒ d	s t ɛ m	s t ɛ m d	s t ɛ m d	ɛ n k ɹ̩ ɪ d͡ʒ d	1	1	reg_d	reg_d	reg_d
majority	s æ n ɪ t a ɪ z	s æ n ɪ t a ɪ z d	s æ n t a ɪ z ɪ d	s k r æ m b ə l	s k r æ m b ə l d	s k r æ m b ə l d	s æ n ɪ t a ɪ z d	0	1	reg_d	other	reg_d
majority	f r a ɪ t ə n	f r a ɪ t ə n d	f r a ɪ t ə n d	w ɔ t ɹ̩	w ɔ t ɹ̩ d	w ɔ t ɹ̩ d	f r a ɪ t ə n d	1	1	reg_d	reg_d	reg_d
majority	o ʊ v ɹ̩ k ə m	o ʊ v ɹ̩ k e ɪ m	o ʊ v ɹ̩ k ə m d	t ʌ ɡ	t ʌ ɡ d	t ʌ ɡ d	o ʊ v ɹ̩ k ə m d	1	0	vowel_change	reg_d	reg_d
majority	p ɛ p ɹ̩	p ɛ p ɹ̩ d	p ɛ p ɹ̩ d	r iː s a ɪ k ə l	r iː s a ɪ k ə l d	r iː s a ɪ k ə l d	p ɛ p ɹ̩ d	1	1	reg_d	reg_d	reg_d
majority	b ʌ d͡ʒ	b ʌ d͡ʒ d	b ʌ d͡ʒ d	r ɪ t e ɪ n	r ɪ t e ɪ n d	r ɪ t e ɪ n d	b ʌ d͡ʒ d	1	1	reg_d	reg_d	reg_d
majority	ɡ l ɛ r	ɡ l ɛ r d	ɡ l ɛ r d	h ɛ d͡ʒ	h ɛ d͡ʒ d	h ɛ d͡ʒ d	ɡ l ɛ r d	1	1	reg_d	reg_d	reg_d
majority	ə f ɔ r d	ə f ɔ r d ə d	ə f ɔ r d ə d	s uː	s uː d	s uː d	ə f ɔ r d d	0	0	reg_əd	reg_əd	reg_d
majority	s k o ʊ l d	s k o ʊ l d ə d	s k o ʊ l d ə d	ʃ a ɪ	ʃ a ɪ d	ʃ a ɪ d	s k o ʊ l d d	0	0	reg_əd	reg_əd	reg_d
majority	s ɛ n s	s ɛ n s t	s ɛ n s t	ɡ r iː n	ɡ r iː n d	ɡ r iː n d	s ɛ n s d	0	0	reg_t	reg_t	reg_d
majority	ɛ m f ə s a ɪ z	ɛ m f ə s a ɪ z d	ɛ m ɛ s a ɪ d	k w ɛ s t͡ʃ ə n	k w ɛ s t͡ʃ ə n d	k w ɛ s t͡ʃ ə n d	ɛ m f ə s a ɪ z d	0	1	reg_d	other	reg_d
majority	l e ɪ b ə l	l e ɪ b ə l d	l e ɪ b ə l d	p ɪ k ə l	p ɪ k ə l d	p ɪ k ə l d	l e ɪ b ə l d	1	1	reg_d	reg_d	reg_d
majority	b a ʊ	b a ʊ d	b ɔ t	ɑː r m	ɑː r m d	ɑː r m d	b a ʊ d	0	1	reg_d	vowel_change_suffix	reg_d
majority	b ʌ n t͡ʃ	b ʌ n t͡ʃ t	b ʌ n t͡ʃ t	ɛ m p t iː	ɛ m p t iː d	ɛ m p t iː d	b ʌ n t͡ʃ d	0	0	reg_t	reg_t	reg_d
majority	t ɛ r ə r a ɪ z	t ɛ r ə r a ɪ z d	t ɛ r ə r a ɪ z d	p o ʊ z	p o ʊ z d	p o ʊ z d	t ɛ r ə r a ɪ z d	1	1	reg_d	reg_d	reg_d
majority	ɡ r æ v ə t e ɪ t	ɡ r æ v ə t e ɪ t ə d	ɡ r æ v ə t e ɪ t ə d	ɛ k s ɹ̩ s a ɪ z	ɛ k s ɹ̩ s a ɪ z d	ɛ k s ɹ̩ s a ɪ z d	ɡ r æ v ə t e ɪ t d	0	0	reg_əd	reg_əd	reg_d
majority	b l æ s t	b l æ s t ə d	b l æ s t ə d	b r iː ð	b r iː ð d	b r iː ð d	b l æ s t d	0	0	reg_əd	reg_əd	reg_d
majority	ɪ n ɪ ʃ ə l	ɪ n ɪ ʃ ə l d	ɪ n ɪ ʃ ə l d	t r æ v ə l	t r æ v ə l d	t r æ v ə l d	ɪ n ɪ ʃ ə l d	1	1	reg_d	reg_d	reg_d
majority	s w ɑː p	s w ɑː p t	s w ɑː p t	p iː t ɹ̩	p iː t ɹ̩ d	p iː t ɹ̩ d	s w ɑː p d	0	0	reg_t	reg_t	reg_d
majority	æ d m a ɪ ɹ̩	æ d m a ɪ ɹ̩ d	æ m a ɪ v ɹ̩ d	n e ɪ m	n e ɪ m d	n e ɪ m d	æ d m a ɪ ɹ̩ d	0	1	reg_d	other	reg_d
majority	s ə p ɔ r t	s ə p ɔ r t ə d	s ə p ɔ r t ə d	m ʌ d iː	m ʌ d iː d	m ʌ d iː d	s ə p ɔ r t d	0	0	reg_əd	reg_əd	reg_d
majority	p æ m p ɹ̩	p æ m p ɹ̩ d	p æ m p ɹ̩ d	ʃ æ d o ʊ	ʃ æ d o ʊ d	ʃ æ d o ʊ d	p æ m p ɹ̩ d	1	1	reg_d	reg_d	reg_d
majority	v ɔ ɪ s	v ɔ ɪ s t	v ɔ ɪ s t	t æ ɡ	t æ ɡ d	t æ ɡ d	v ɔ ɪ s d	0	0	reg_t	reg_t	reg_d
majority	s k ɔ r	s k ɔ r d	s k ɔ r d	s ɛ n t ɹ̩	s ɛ n t ɹ̩ d	s ɛ n t ɹ̩ d	s k ɔ r d	1	1	reg_d	reg_d	reg_d
majority	d ɑː k t ɹ̩	d ɑː k t ɹ̩ d	d ɑː k t ɹ̩ d	d r ɪ l	d r ɪ l d	d r ɪ l d	d ɑː k t ɹ̩ d	1	1	reg_d	reg_d	reg_d
majority	r iː v æ m p	r iː v æ m p t	r iː v æ m p t	d ɪ l ɪ v ɹ̩	d ɪ l ɪ v ɹ̩ d	d ɪ l ɪ v ɹ̩ d	r iː v æ m p d	0	0	reg_t	reg_t	reg_d
majority	l iː s	l iː s t	l iː s t	b ə l uː n	b ə l uː n d	b ə l uː n d	l iː s d	0	0	reg_t	reg_t	reg_d
majority	s ə p r ɛ s	s ə p r ɛ s t	s ə p r ɛ s t	r ə s iː v	r ə s iː v d	r ə s iː v d	s ə p r ɛ s d	0	0	reg_t	reg_t	reg_d
majority	ə p o ʊ z	ə p o ʊ z d	ə p o ʊ z d	s a ɪ z	s a ɪ z d	s a ɪ z d	ə p o ʊ z d	1	1	reg_d	reg_d	reg_d
majority	f l ɑː p	f l ɑː p t	f l ɑː p t	b ɑː d iː	b ɑː d iː d	b ɑː d iː d	f l ɑː p d	0	0	reg_t	reg_t	reg_d
majority	b ʌ m	b ʌ m d	b ʌ m d	k ɛ r	k ɛ r d	k ɛ r d	b ʌ m d	1	1	reg_d	reg_d	reg_d
majority	s p ɹ̩ t	s p ɹ̩ t ə d	s p ɹ̩ t ə d	ɡ e ɪ z	ɡ e ɪ z d	ɡ e ɪ z d	s p ɹ̩ t d	0	0	reg_əd	reg_əd	reg_d
majority	h uː t	h uː t ə d	h uː t	b æ ŋ	b æ ŋ d	b æ ŋ d	h uː t d	0	0	reg_əd	no_change	reg_d
majority	p ɹ̩ s	p ɹ̩ s t	p ɹ̩ s t	s n iː z	s n iː z d	s n iː z d	p ɹ̩ s d	0	0	reg_t	reg_t	reg_d
majority	k l ʌ b	k l ʌ b d	k l ʌ b d	t ʌ ŋ	t ʌ ŋ d	t ʌ ŋ d	k l ʌ b d	1	1	reg_d	reg_d	reg_d
majority	p ɪ t iː	p ɪ t iː d	p ɪ t iː d	b ɛ r	b ɛ r d	b o ʊ r	p ɪ t iː d	1	1	reg_d	reg_d	reg_d
majority	t r æ m p	t r æ m p t	t r æ m p t	ɑː r m	ɑː r m d	ɑː r m d	t r æ m p d	0	0	reg_t	reg_t	reg_d
majority	d͡ʒ ɛ n ɹ̩ e ɪ t	d͡ʒ ɛ n ɹ̩ e ɪ t ə d	d͡ʒ ɛ n ɹ̩ e ɪ t ə d	k uː l	k uː l d	k uː l d	d͡ʒ ɛ n ɹ̩ e ɪ t d	0	0	reg_əd	reg_əd	reg_d
majority	t æ t ə l	t æ t ə l d	t æ t ə l d	ɡ l e ɪ z	ɡ l e ɪ z d	ɡ l e ɪ z d	t æ t ə l d	1	1	reg_d	reg_d	reg_d
majority	f ʌ m b ə l	f ʌ m b ə l d	f ʌ m b ə l d	s k r æ m b ə l	s k r æ m b ə l d	s k r æ m b ə l d	f ʌ m b ə l d	1	1	reg_d	reg_d	reg_d
majority	s t æ ʃ	s t æ ʃ t	s t æ ʃ t	s ɪ ŋ	s ɪ ŋ d	s æ ŋ	s t æ ʃ d	0	0	reg_t	reg_t	reg_d
majority	ɪ n s ɪ s t	ɪ n s ɪ s t ə d	ɪ n s ɪ s t ə d	d ɪ s p o ʊ z	d ɪ s p o ʊ z d	d ɪ s p o ʊ z d	ɪ n s ɪ s t d	0	0	reg_əd	reg_əd	reg_d
majority	ɪ ɡ z æ m ɪ n	ɪ ɡ z æ m ɪ n d	ɪ ɡ z æ m æ n d	d iː l	d iː l d	d ɛ l t	ɪ ɡ z æ m ɪ n d	0	1	reg_d	vowel_change_suffix	reg_d
majority	b l ɑː s ə m	b l ɑː s ə m d	b l ɑː s ə m d	d ɑː n	d ɑː n d	d ɑː n d	b l ɑː s ə m d	1	1	reg_d	reg_d	reg_d
majority	r o ʊ p	r o ʊ p t	r o ʊ p t	m ɛ ʒ ɹ̩	m ɛ ʒ ɹ̩ d	m ɛ ʒ ɹ̩ d	r o ʊ p d	0	0	reg_t	reg_t	reg_d
majority	p ɪ ŋ	p ɪ ŋ d	p ɪ ŋ d	p ʊ l	p ʊ l d	p ʊ l d	p ɪ ŋ d	1	1	reg_d	reg_d	reg_d
majority	v o ʊ t	v o ʊ t ə d	v o ʊ t ə d	ɡ r iː n	ɡ r iː n d	ɡ r iː n d	v o ʊ t d	0	0	reg_əd	reg_əd	reg_d
majority	n iː r	n iː r d	n iː r d	ə p iː r	ə p iː r d	ə p iː r d	n iː r d	1	1	reg_d	reg_d	reg_d
majority	t r ʌ s t	t r ʌ s t ə d	t r ʌ s t ə d	s ɹ̩ k ə l	s ɹ̩ k ə l d	s ɹ̩ k ə l d	t r ʌ s t d	0	0	reg_əd	reg_əd	reg_d
majority	ɪ n t ɹ̩ s p ɹ̩ s	ɪ n t ɹ̩ s p ɹ̩ s t	ɪ n t ɹ̩ s p ɹ̩ s t ɹ̩ s ɹ̩ n t ɹ̩ s	s t ɑː r	s t ɑː r d	s t ɑː r d	ɪ n t ɹ̩ s p ɹ̩ s d	0	0	reg_t	other	reg_d
majority	s w uː p	s w uː p t	s w uː p t	m ʊ r	m ʊ r d	m ʊ r d	s w uː p d	0	0	reg_t	reg_t	reg_d
majority	d͡ʒ e ɪ l	d͡ʒ e ɪ l d	d͡ʒ e ɪ l d	t iː z	t iː z d	t iː z d	d͡ʒ e ɪ l d	1	1	reg_d	reg_d	reg_d
majority	f e ɪ l	f e ɪ l d	f e ɪ l d	r ə s iː v	r ə s iː v d	r ə s iː v d	f e ɪ l d	1	1	reg_d	reg_d	reg_d
majority	b ʊ k	b ʊ k t	b ʊ k t	p ɔ ɪ z ə n	p ɔ ɪ z ə n d	p ɔ ɪ z ə n d	b ʊ k d	0	0	reg_t	reg_t	reg_d
majority	s ɪ f t	s ɪ f t ə d	s ɪ f t ə d	b uː m	b uː m d	b uː m d	s ɪ f t d	0	0	reg_əd	reg_əd	reg_d
majority	k a ʊ t͡ʃ	k a ʊ t͡ʃ t	k a ʊ t͡ʃ t	r ɑː b	r ɑː b d	r ɑː b d	k a ʊ t͡ʃ d	0	0	reg_t	reg_t	reg_d
majority	f r ʌ n t	f r ʌ n t ə d	f r ʌ n t ə d	k l iː r	k l iː r d	k l iː r d	f r ʌ n t d	0	0	reg_əd	reg_əd	reg_d
majority	p r ə d uː s	p r ə d uː s t	p r ə d uː s t	s ə p l a ɪ	s ə p l a ɪ d	s ə p l a ɪ d	p r ə d uː s d	0	0	reg_t	reg_t	reg_d
majority	ʃ e ɪ d	ʃ e ɪ d ə d	ʃ e ɪ d ə d	b ɪ l e ɪ b ɹ̩	b ɪ l e ɪ b ɹ̩ d	b ɪ l e ɪ b ɹ̩ d	ʃ e ɪ d d	0	0	reg_əd	reg_əd	reg_d
majority	d r ɛ n t͡ʃ	d r ɛ n t͡ʃ t	d r ɛ n t͡ʃ t	k l iː r	k l iː r d	k l iː r d	d r ɛ n t͡ʃ d	0	0	reg_t	reg_t	reg_d
majority	s p l æ t ɹ̩	s p l æ t ɹ̩ d	s p l æ t ɹ̩ d	d r æ ɡ	d r æ ɡ d	d r æ ɡ d	s p l æ t ɹ̩ d	1	1	reg_d	reg_d	reg_d
majority	r iː v j uː	r iː v j uː d	r iː v j uː d	ə n p l ʌ ɡ	ə n p l ʌ ɡ d	ə n p l ʌ ɡ d	r iː v j uː d	1	1	reg_d	reg_d	reg_d
majority	b ɔ r	b ɔ r d	b ɔ r d	ɔ ɪ l	ɔ ɪ l d	ɔ ɪ l d	b ɔ r d	1	1	reg_d	reg_d	reg_d
majority	s iː t	s iː t ə d	s iː t	ɪ m p l ɔ r	ɪ m p l ɔ r d	ɪ m p l ɔ r d	s iː t d	0	0	reg_əd	no_change	reg_d
majority	b ɛ d	b ɛ d ə d	b ɛ d ə d	r ɛ s k j uː	r ɛ s k j uː d	r ɛ s k j uː d	b ɛ d d	0	0	reg_əd	reg_əd	reg_d
majority	ə n s iː t	ə n s iː t ə d	ə n s iː t ə d	w ɪ l	w ɪ l d	w ɪ l d	ə n s iː t d	0	0	reg_əd	reg_əd	reg_d
majority	m ʌ f ə l	m ʌ f ə l d	m ʌ f ə l d	s ɹ̩ k ə l	s ɹ̩ k ə l d	s ɹ̩ k ə l d	m ʌ f ə l d	1	1	reg_d	reg_d	reg_d
majority	s t ʌ m p	s t ʌ m p t	s t ʌ m p t	b ɪ l ɔ ŋ	b ɪ l ɔ ŋ d	b ɪ l ɔ ŋ d	s t ʌ m p d	0	0	reg_t	reg_t	reg_d
majority	t r æ n s p l æ n t	t r æ n s p l æ n t ə d	t s p l æ l æ n d	t r ɪ m	t r ɪ m d	t r ɪ m d	t r æ n s p l æ n t d	0	0	reg_əd	other	reg_d
majority	v ɪ ʒ w ə l a ɪ z	v ɪ ʒ w ə l a ɪ z d	v ə l ə l a ɪ d	z iː r o ʊ	z iː r o ʊ d	z iː r o ʊ d	v ɪ ʒ w ə l a ɪ z d	0	1	reg_d	other	reg_d
majority	ɡ æ l ə p	ɡ æ l ə p t	ɡ æ l ə p t	p ʊ l	p ʊ l d	p ʊ l d	ɡ æ l ə p d	0	0	reg_t	reg_t	reg_d
majority	s ʌ l iː	s ʌ l iː d	s ʌ l iː d	b r uː	b r uː d	b r uː d	s ʌ l iː d	1	1	reg_d	reg_d	reg_d
majority	ə n f o ʊ l d	ə n f o ʊ l d ə d	ə n f o ʊ n d ə d	ʃ ʌ v	ʃ ʌ v d	ʃ ʌ v d	ə n f o ʊ l d d	0	0	reg_əd	other	reg_d
majority	w iː	w iː d	w iː d	p l e ɪ n	p l e ɪ n d	p l e ɪ n d	w iː d	1	1	reg_d	reg_d	reg_d
majority	ɪ m ə t e ɪ t	ɪ m ə t e ɪ t ə d	ɪ m ə t e ɪ t ə d	p ɔ ɪ z ə n	p ɔ ɪ z ə n d	p ɔ ɪ z ə n d	ɪ m ə t e ɪ t d	0	0	reg_əd	reg_əd	reg_d
majority	s w ɹ̩ v	s w ɹ̩ v d	s w ɹ̩ v d	p r uː v	p r uː v d	p r uː v d	s w ɹ̩ v d	1	1	reg_d	reg_d	reg_d
majority	h iː p	h iː p t	h iː p t	f r iː z	f r iː z d	f r o ʊ z	h iː p d	0	0	reg_t	reg_t	reg_d
majority	r iː f j uː ə l	r iː f j uː ə l d	r iː f j uː ə l d	h ɑː r m	h ɑː r m d	h ɑː r m d	r iː f j uː ə l d	1	1	reg_d	reg_d	reg_d
majority	t͡ʃ æ n t	t͡ʃ æ n t ə d	t͡ʃ æ n t ə d	r o ʊ	r o ʊ d	r o ʊ d	t͡ʃ æ n t d	0	0	reg_əd	reg_əd	reg_d
random	iː t	e ɪ t	iː ɪ t	r uː l	r uː l d	r uː l d	iː t d	0	0	vowel_change	vowel_change	reg_d
random	m e ɪ k	m e ɪ d	m e ɪ k t	k ɹ̩ ɛ k t	k ɹ̩ ɛ k t ə d	k ɹ̩ ɛ k t ə d	m e ɪ k ə d	0	0	coda_change	reg_t	reg_əd
random	n o ʊ	n uː	n o ʊ d	d ɪ s ə p ɔ ɪ n t	d ɪ s ə p ɔ ɪ n t ə d	d ɪ s ə p ɔ ɪ n t ə d	n o ʊ ə d	0	0	vowel_change	reg_d	reg_əd
random	f ɔ l	f ɛ l	f ɔ l d	r ɪ v ɹ̩ s	r ɪ v ɹ̩ s t	r ɪ v ɹ̩ s t	f ɔ l t	0	0	vowel_change	reg_d	reg_t
random	b r ɪ ŋ	b r ɔ t	b r ɪ ŋ	b ɹ̩ n	b ɹ̩ n d	b ɹ̩ n d	b r ɪ ŋ d	0	0	rhyme_replaced	no_change	reg_d
random	s t ɑː r t	s t ɑː r t ə d	s t ɑː r t ə d	l a ɪ v	l a ɪ v d	l a ɪ v d	s t ɑː r t d	0	0	reg_əd	reg_əd	reg_d
random	t e ɪ k	t ʊ k	t e ɪ k t	b ɪ l e ɪ b ɹ̩	b ɪ l e ɪ b ɹ̩ d	b ɪ l e ɪ b ɹ̩ d	t e ɪ k d	0	0	vowel_change	reg_t	reg_d
random	h e ɪ t	h e ɪ t ə d	h e ɪ t ə d	b ɑː r	b ɑː r d	b ɑː r d	h e ɪ t d	0	0	reg_əd	reg_əd	reg_d
random	r a ɪ t	r o ʊ t	r o ʊ t ə d	r ɑː b	r ɑː b d	r ɑː b d	r a ɪ t d	0	0	vowel_change	other	reg_d
random	f ɪ t	f ɪ t	f ɪ t ə d	r ʌ f	r ʌ f t	r ʌ f t	f ɪ t t	0	0	no_change	reg_əd	reg_t
random	d a ɪ n	d a ɪ n d	d a ɪ n d	p ɛ n s ə l	p ɛ n s ə l d	p ɛ n s ə l d	d a ɪ n d	1	1	reg_d	reg_d	reg_d
random	m ɪ s	m ɪ s t	m ɪ s t	s t e ɪ n	s t e ɪ n d	s t e ɪ n d	m ɪ s d	0	0	reg_t	reg_t	reg_d
random	n ɑː k	n ɑː k t	n ɑː k t	w ɪ ŋ	w ɪ ŋ d	w ɪ ŋ d	n ɑː k d	0	0	reg_t	reg_t	reg_d
random	n iː d	n iː d ə d	n iː d ə d	p iː k	p iː k t	p iː k t	n iː d t	0	0	reg_əd	reg_əd	reg_t
random	m uː v	m uː v d	m uː v d	s t r ɛ t͡ʃ	s t r ɛ t͡ʃ t	s t r ɛ t͡ʃ t	m uː v t	0	0	reg_d	reg_d	reg_t
random	f l ɪ p	f l ɪ p t	f l ʌ p t	k o ʊ m	k o ʊ m d	k o ʊ m d	f l ɪ p d	0	0	reg_t	vowel_change_suffix	reg_d
random	r ɛ d iː	r ɛ d iː d	r ɛ d iː d	ɪ n d ə k e ɪ t	ɪ n d ə k e ɪ t ə d	ɪ n d ə k e ɪ t ə d	r ɛ d iː ə d	0	0	reg_d	reg_d	reg_əd
random	z ɪ p	z ɪ p t	z ɪ p t	f iː d	f iː d ə d	f ɛ d	z ɪ p ə d	0	0	reg_t	reg_t	reg_əd
random	f a ɪ t	f ɔ t	f a ɪ t ə d	k w ɪ t	k w ɪ t	k w ɪ t	f a ɪ t	0	0	vowel_change	reg_əd	no_change
random	k æ t͡ʃ	k ɔ t	k æ t͡ʃ t	s ɛ p ɹ̩ e ɪ t	s ɛ p ɹ̩ e ɪ t ə d	s ɛ p ɹ̩ e ɪ t ə d	k æ t͡ʃ ə d	0	0	rhyme_replaced	reg_t	reg_əd
random	f l o ʊ t	f l o ʊ t ə d	f l o ʊ t ə d	r æ t ə l	r æ t ə l d	r æ t ə l d	f l o ʊ t d	0	0	reg_əd	reg_əd	reg_d
random	w ɪ ʃ	w ɪ ʃ t	w ɪ ʃ t	s ɹ̩ k ə l	s ɹ̩ k ə l d	s ɹ̩ k ə l d	w ɪ ʃ d	0	0	reg_t	reg_t	reg_d
random	ʃ e ɪ k	ʃ ʊ k	ʃ e ɪ k t	æ s k	æ s k t	æ s k t	ʃ e ɪ k t	1	0	vowel_change	reg_t	reg_t
random	k ɪ k	k ɪ k t	k ɪ k t	k e ɪ k	k e ɪ k t	k e ɪ k t	k ɪ k t	1	1	reg_t	reg_t	reg_t
random	t͡ʃ e ɪ n d͡ʒ	t͡ʃ e ɪ n d͡ʒ d	t͡ʃ e ɪ n d͡ʒ d	ʃ ɑː p	ʃ ɑː p t	ʃ ɑː p t	t͡ʃ e ɪ n d͡ʒ t	0	0	reg_d	reg_d	reg_t
random	θ r o ʊ	θ r uː	θ r o ʊ d	p æ d ə l	p æ d ə l d	p æ d ə l d	θ r o ʊ d	1	0	vowel_change	reg_d	reg_d
random	b æ k	b æ k t	b æ k t	w a ɪ ɹ̩	w a ɪ ɹ̩ d	w a ɪ ɹ̩ d	b æ k d	0	0	reg_t	reg_t	reg_d
random	f l æ ʃ	f l æ ʃ t	f l æ ʃ t	b ɪ f ɔ l	b ɪ f ɛ l	b ɪ f ɛ l	NA	0	0	reg_t	reg_t	vowel_change
random	ɡ r o ʊ	ɡ r uː	ɡ r o ʊ d	t ɑː l ɹ̩ e ɪ t	t ɑː l ɹ̩ e ɪ t ə d	t ɑː l ɹ̩ e ɪ t ə d	ɡ r o ʊ ə d	0	0	vowel_change	reg_d	reg_əd
random	s m a ɪ l	s m a ɪ l d	s m a ɪ l d	d ɛ k ɹ̩ e ɪ t	d ɛ k ɹ̩ e ɪ t ə d	d ɛ k ɹ̩ e ɪ t ə d	s m a ɪ l ə d	0	0	reg_d	reg_d	reg_əd
random	s t ɑː p	s t ɑː p t	s t ɑː p t	d͡ʒ o ʊ k	d͡ʒ o ʊ k t	d͡ʒ o ʊ k t	s t ɑː p t	1	1	reg_t	reg_t	reg_t
random	s t ɹ̩	s t ɹ̩ d	s t ɹ̩ d	l ɪ k	l ɪ k t	l ɪ k t	s t ɹ̩ t	0	0	reg_d	reg_d	reg_t
random	t͡ʃ uː	t͡ʃ uː d	t͡ʃ uː d	t͡ʃ ɛ k	t͡ʃ ɛ k t	t͡ʃ ɛ k t	t͡ʃ uː t	0	0	reg_d	reg_d	reg_t
random	d r ɛ s	d r ɛ s t	d r ɛ s t	n ʌ m b ɹ̩	n ʌ m b ɹ̩ d	n ʌ m b ɹ̩ d	d r ɛ s d	0	0	reg_t	reg_t	reg_d
random	ə n d ɹ̩ s t æ n d	ə n d ɹ̩ s t ʊ d	ə n t ə t æ n d	d a ʊ n l o ʊ d	d a ʊ n l o ʊ d ə d	d a ʊ n l o ʊ d ə d	ə n d ɹ̩ s t æ n d ə d	0	0	rhyme_replaced	other	reg_əd
random	t͡ʃ e ɪ s	t͡ʃ e ɪ s t	t͡ʃ e ɪ s t	b ə l uː n	b ə l uː n d	b ə l uː n d	t͡ʃ e ɪ s d	0	0	reg_t	reg_t	reg_d
random	h ʌ ɡ	h ʌ ɡ d	h ʌ ɡ d	p ɹ̩ f ɛ k t	p ɹ̩ f ɛ k t ə d	p ɹ̩ f ɛ k t ə d	h ʌ ɡ ə d	0	0	reg_d	reg_d	reg_əd
random	h ɪ t	h ɪ t	h ɪ t	d ɪ t ɛ k t	d ɪ t ɛ k t ə d	d ɪ t ɛ k t ə d	h ɪ t ə d	0	0	no_change	no_change	reg_əd
random	h æ m ɹ̩	h æ m ɹ̩ d	h æ m ɹ̩ d	s ɹ̩ k ə l	s ɹ̩ k ə l d	s ɹ̩ k ə l d	h æ m ɹ̩ d	1	1	reg_d	reg_d	reg_d
random	w a ɪ n d	w a ɪ n d ə d	w a ɪ n d ə d	k ɑː m	k ɑː m d	k ɑː m d	w a ɪ n d d	0	0	reg_əd	reg_əd	reg_d
random	k ə n s t r ʌ k t	k ə n s t r ʌ k t ə d	k ə t r t r ʌ k t ə d	d r e ɪ p	d r e ɪ p t	d r e ɪ p t	k ə n s t r ʌ k t t	0	0	reg_əd	other	reg_t
random	m iː t	m ɛ t	m iː t ə d	t r ʌ m p	t r ʌ m p t	t r ʌ m p t	m iː t t	0	0	vowel_change	reg_əd	reg_t
random	s w ɪ ʃ	s w ɪ ʃ t	s w ɪ ʃ t	s p l ɪ t	s p l ɪ t	s p l ɪ t	s w ɪ ʃ	0	0	reg_t	reg_t	no_change
random	s k w iː z	s k w iː z d	s k w iː z d	s w iː p	s w ɛ p t	s w ɛ p t	NA	0	0	reg_d	reg_d	vowel_change_suffix
random	t͡ʃ ʌ ɡ	t͡ʃ ʌ ɡ d	t͡ʃ ʌ ɡ d	l ɔ n t͡ʃ	l ɔ n t͡ʃ t	l ɔ n t͡ʃ t	t͡ʃ ʌ ɡ t	0	0	reg_d	reg_d	reg_t
random	b r æ n t͡ʃ	b r æ n t͡ʃ t	b r æ n t͡ʃ t	k æ n s ə l	k æ n s ə l d	k æ n s ə l d	b r æ n t͡ʃ d	0	0	reg_t	reg_t	reg_d
random	n o ʊ t ɪ s	n o ʊ t ɪ s t	n o ʊ t ɪ s t	b ʌ t ə n	b ʌ t ə n d	b ʌ t ə n d	n o ʊ t ɪ s d	0	0	reg_t	reg_t	reg_d
random	b e ɪ k	b e ɪ k t	b e ɪ k t	ɛ s k ɔ r t	ɛ s k ɔ r t ə d	ɛ s k ɔ r t ə d	b e ɪ k ə d	0	0	reg_t	reg_t	reg_əd
random	s n æ p	s n æ p t	s n æ p t	m ɛ ʒ ɹ̩	m ɛ ʒ ɹ̩ d	m ɛ ʒ ɹ̩ d	s n æ p d	0	0	reg_t	reg_t	reg_d
random	s w ɪ m	s w æ m	s w ɪ m d	ə d͡ʒ ʌ s t	ə d͡ʒ ʌ s t ə d	ə d͡ʒ ʌ s t ə d	s w ɪ m ə d	0	0	vowel_change	reg_d	reg_əd
random	ʃ ʌ t ə l	ʃ ʌ t ə l d	ʃ ʌ t ə l d	k r æ ʃ	k r æ ʃ t	k r æ ʃ t	ʃ ʌ t ə l t	0	0	reg_d	reg_d	reg_t
random	ə p r iː ʃ iː e ɪ t	ə p r iː ʃ iː e ɪ t ə d	ə p iː ʃ iː ʃ e ɪ t ə d	d r iː m	d r iː m d	d r iː m d	ə p r iː ʃ iː e ɪ t d	0	0	reg_əd	other	reg_d
random	s m uː ð	s m uː ð d	s m uː ð d	s t æ b	s t æ b d	s t æ b d	s m uː ð d	1	1	reg_d	reg_d	reg_d
random	s t ɛ r	s t ɛ r d	s t ɛ r d	ɡ r a ʊ n d	ɡ r a ʊ n d ə d	ɡ r a ʊ n d ə d	s t ɛ r ə d	0	0	reg_d	reg_d	reg_əd
random	k ɑː s t uː m	k ɑː s t uː m d	k ɑː s t uː m d	ɡ r æ b	ɡ r æ b d	ɡ r æ b d	k ɑː s t uː m d	1	1	reg_d	reg_d	reg_d
random	ɡ uː f	ɡ uː f t	ɡ uː f t	h ɹ̩ t	h ɹ̩ t	h ɹ̩ t	ɡ uː f	0	0	reg_t	reg_t	no_change
random	d r a ʊ n	d r a ʊ n d	d r a ʊ n d	r ɪ ŋ k ə l	r ɪ ŋ k ə l d	r ɪ ŋ k ə l d	d r a ʊ n d	1	1	reg_d	reg_d	reg_d
random	n ɹ̩ s	n ɹ̩ s t	n ɹ̩ s t	k ə n k l uː d	k ə n k l uː d ə d	k ə n k l uː d ə d	n ɹ̩ s ə d	0	0	reg_t	reg_t	reg_əd
random	k r a ɪ	k r a ɪ d	k r a ɪ d	ə d r ɛ s	ə d r ɛ s t	ə d r ɛ s t	k r a ɪ t	0	0	reg_d	reg_d	reg_t
random	iː v ɪ n	iː v ɪ n d	iː v ɪ n d	k ɑː k	k ɑː k t	k ɑː k t	iː v ɪ n t	0	0	reg_d	reg_d	reg_t
random	m a ɪ n	m a ɪ n d	m a ɪ n d	w e ɪ	w e ɪ d	w e ɪ d	m a ɪ n d	1	1	reg_d	reg_d	reg_d
random	b ɪ ɡ ɪ n	b ɪ ɡ æ n	b ɪ ɡ e ɪ n	b æ t ɹ̩	b æ t ɹ̩ d	b æ t ɹ̩ d	b ɪ ɡ ɪ n d	0	0	vowel_change	vowel_change	reg_d
random	s p æ ŋ k	s p æ ŋ k t	s p æ ŋ k t	p iː k	p iː k t	p iː k t	s p æ ŋ k t	1	1	reg_t	reg_t	reg_t
random	t͡ʃ ɪ p	t͡ʃ ɪ p t	t͡ʃ ɪ p t	p ɑː r k	p ɑː r k t	p ɑː r k t	t͡ʃ ɪ p t	1	1	reg_t	reg_t	reg_t
random	s p iː k	s p o ʊ k	s p iː k t	ɪ k s a ɪ t	ɪ k s a ɪ t ə d	ɪ k s a ɪ t ə d	s p iː k ə d	0	0	vowel_change	reg_t	reg_əd
random	s w ɪ t͡ʃ	s w ɪ t͡ʃ t	s w ɪ t͡ʃ t	w a ɪ ɹ̩	w a ɪ ɹ̩ d	w a ɪ ɹ̩ d	s w ɪ t͡ʃ d	0	0	reg_t	reg_t	reg_d
random	f a ɪ ɹ̩	f a ɪ ɹ̩ d	f a ɪ ɹ̩ d	t ɪ ŋ k ə l	t ɪ ŋ k ə l d	t ɪ ŋ k ə l d	f a ɪ ɹ̩ d	1	1	reg_d	reg_d	reg_d
random	b ɪ l	b ɪ l d	b ɪ l d	f o ʊ n	f o ʊ n d	f o ʊ n d	b ɪ l d	1	1	reg_d	reg_d	reg_d
random	r iː m a ɪ n d	r iː m a ɪ n d ə d	r iː m a ɪ n d ə d	h iː r	h iː r d	h ɹ̩ d	r iː m a ɪ n d d	0	0	reg_əd	reg_əd	reg_d
random	s iː d	s iː d ə d	s iː d ə d	w ɹ̩ k	w ɹ̩ k t	w ɹ̩ k t	s iː d t	0	0	reg_əd	reg_əd	reg_t
random	w e ɪ v	w e ɪ v d	w e ɪ v d	ʃ ʌ v ə l	ʃ ʌ v ə l d	ʃ ʌ v ə l d	w e ɪ v d	1	1	reg_d	reg_d	reg_d
random	b l uː m	b l uː m d	b l uː m d	d ɪ s k r a ɪ b	d ɪ s k r a ɪ b d	d ɪ s k r a ɪ b d	b l uː m d	1	1	reg_d	reg_d	reg_d
random	s t ɪ ŋ	s t ʌ ŋ	s t ɪ ŋ	k r æ k ə l	k r æ k ə l d	k r æ k ə l d	s t ɪ ŋ d	0	0	vowel_change	no_change	reg_d
random	ə r a ɪ v	ə r a ɪ v d	ə r a ɪ v d	ɔ r ɡ ə n a ɪ z	ɔ r ɡ ə n a ɪ z d	ɔ r ɡ ə n a ɪ z d	ə r a ɪ v d	1	1	reg_d	reg_d	reg_d
random	b l ɛ s	b l ɛ s t	b l ɛ s t	b uː t	b uː t	b uː t ə d	b l ɛ s	0	0	reg_t	reg_t	no_change
random	ə r ɛ s t	ə r ɛ s t ə d	ə r ɛ s t ə d	t͡ʃ ɛ k	t͡ʃ ɛ k t	t͡ʃ ɛ k t	ə r ɛ s t t	0	0	reg_əd	reg_əd	reg_t
random	s p ɪ n	s p ʌ n	s p ɪ n d	d ɪ s t r ɔ ɪ	d ɪ s t r ɔ ɪ d	d ɪ s t r ɔ ɪ d	s p ɪ n d	1	0	vowel_change	reg_d	reg_d
random	k ə m p iː t	k ə m p iː t ə d	k ə m p iː t ə d	b ɪ l d	b ɪ l t	b ɪ l t	NA	0	0	reg_əd	reg_əd	coda_change
random	t r e ɪ n	t r e ɪ n d	t r e ɪ n d	r ɪ t e ɪ n	r ɪ t e ɪ n d	r ɪ t e ɪ n d	t r e ɪ n d	1	1	reg_d	reg_d	reg_d
random	p æ s	p æ s t	p æ s t	h ɹ̩ iː	h ɹ̩ iː d	h ɹ̩ iː d	p æ s d	0	0	reg_t	reg_t	reg_d
random	s ɪ ŋ k	s æ ŋ k	s ɪ ŋ k t	r ɪ m ɛ m b ɹ̩	r ɪ m ɛ m b ɹ̩ d	r ɪ m ɛ m b ɹ̩ d	s ɪ ŋ k d	0	0	vowel_change	reg_t	reg_d
random	l uː p	l uː p t	l uː p t	r ɛ k ə m ɛ n d	r ɛ k ə m ɛ n d ə d	r ɛ k ə m ɛ n d ə d	l uː p ə d	0	0	reg_t	reg_t	reg_əd
random	s ə l ɛ k t	s ə l ɛ k t ə d	s ə l ɛ k t ə d	t w a ɪ n	t w a ɪ n d	t w a ɪ n d	s ə l ɛ k t d	0	0	reg_əd	reg_əd	reg_d
random	r ɪ ŋ	r æ ŋ	r ɪ ŋ	ə n l ɑː k	ə n l ɑː k t	ə n l ɑː k t	r ɪ ŋ t	0	0	vowel_change	no_change	reg_t
random	m e ɪ l	m e ɪ l d	m e ɪ l d	r ɪ z ɛ m b ə l	r ɪ z ɛ m b ə l d	r ɪ z ɛ m b ə l d	m e ɪ l d	1	1	reg_d	reg_d	reg_d
random	p æ t	p æ t ə d	p æ t ə d	w æ ɡ	w æ ɡ d	w æ ɡ d	p æ t d	0	0	reg_əd	reg_əd	reg_d
random	k ɪ d	k ɪ d ə d	k ɪ d	ʃ ɑː r p ə n	ʃ ɑː r p ə n d	ʃ ɑː r p ə n d	k ɪ d d	0	0	reg_əd	no_change	reg_d
random	p ɑː r d ə n	p ɑː r d ə n d	p ɑː r d ə n d	s t r æ p	s t r æ p t	s t r æ p t	p ɑː r d ə n t	0	0	reg_d	reg_d	reg_t
random	s t iː r	s t iː r d	s t iː r d	ə n d r ɛ s	ə n d r ɛ s t	ə n d r ɛ s t	s t iː r t	0	0	reg_d	reg_d	reg_t
random	f o ʊ l d	f o ʊ l d ə d	f o ʊ l d ə d	b ʌ z	b ʌ z d	b ʌ z d	f o ʊ l d d	0	0	reg_əd	reg_əd	reg_d
random	s n iː k	s n iː k t	s n iː k t	d a ɪ	d a ɪ d	d a ɪ d	s n iː k d	0	0	reg_t	reg_t	reg_d
random	b e ɪ l	b e ɪ l d	b e ɪ l d	ʃ ʌ v ə l	ʃ ʌ v ə l d	ʃ ʌ v ə l d	b e ɪ l d	1	1	reg_d	reg_d	reg_d
random	b ɛ t ɹ̩	b ɛ t ɹ̩ d	b ɛ t ɹ̩ d	b ɔ l	b ɔ l d	b ɔ l d	b ɛ t ɹ̩ d	1	1	reg_d	reg_d	reg_d
random	ɡ ɑː r b ə l	ɡ ɑː r b ə l d	ɡ ɑː r b ə l d	ʃ ɔ r t ə n	ʃ ɔ r t ə n d	ʃ ɔ r t ə n d	ɡ ɑː r b ə l d	1	1	reg_d	reg_d	reg_d
random	s k w ɹ̩ t	s k w ɹ̩ t ə d	s k w ɹ̩ t ə d	t r ʌ m p	t r ʌ m p t	t r ʌ m p t	s k w ɹ̩ t t	0	0	reg_əd	reg_əd	reg_t
random	b ɑː k s	b ɑː k s t	b ɑː k s t	s k ɛ r	s k ɛ r d	s k ɛ r d	b ɑː k s d	0	0	reg_t	reg_t	reg_d
random	s iː l	s iː l d	s iː l d	d r e ɪ p	d r e ɪ p t	d r e ɪ p t	s iː l t	0	0	reg_d	reg_d	reg_t
random	s p r ɛ d	s p r ɛ d	s p r ɛ d ə d	b ɑː t ə l	b ɑː t ə l d	b ɑː t ə l d	s p r ɛ d d	0	0	no_change	reg_əd	reg_d
random	p r ɑː m ə s	p r ɑː m ə s t	p r ɑː m ə s t	f ɛ ð ɹ̩	f ɛ ð ɹ̩ d	f ɛ ð ɹ̩ d	p r ɑː m ə s d	0	0	reg_t	reg_t	reg_d
random	b iː t	b iː t	b iː t ə d	æ ɡ r ə v e ɪ t	æ ɡ r ə v e ɪ t ə d	æ ɡ r ə v e ɪ t ə d	b iː t ə d	1	0	no_change	reg_əd	reg_əd
random	h ɪ p n ə t a ɪ z	h ɪ p n ə t a ɪ z d	h ɪ t ə t a ɪ d	s ɹ̩ k ə l	s ɹ̩ k ə l d	s ɹ̩ k ə l d	h ɪ p n ə t a ɪ z d	0	1	reg_d	other	reg_d
random	s l æ p	s l æ p t	s l æ p t	b æ n d iː	b æ n d iː d	b æ n d iː d	s l æ p d	0	0	reg_t	reg_t	reg_d
random	b ɛ s t	b ɛ s t ə d	b ɛ s t ə d	p ɹ̩ f ɛ k t	p ɹ̩ f ɛ k t ə d	p ɹ̩ f ɛ k t ə d	b ɛ s t ə d	1	1	reg_əd	reg_əd	reg_əd
random	s t æ ɡ ɹ̩	s t æ ɡ ɹ̩ d	s t æ ɡ ɹ̩ d	h ɑː r m	h ɑː r m d	h ɑː r m d	s t æ ɡ ɹ̩ d	1	1	reg_d	reg_d	reg_d
random	z æ p	z æ p t	z æ p t	s p r a ʊ t	s p r a ʊ t ə d	s p r a ʊ t ə d	z æ p ə d	0	0	reg_t	reg_t	reg_əd
random	ə p s ɛ t	ə p s ɛ t	ə p s ɛ t ə d	d r ɑː p	d r ɑː p t	d r ɑː p t	ə p s ɛ t t	0	0	no_change	reg_əd	reg_t
random	r ɛ s t	r ɛ s t ə d	r ɛ s t ə d	t ɪ ŋ k ə l	t ɪ ŋ k ə l d	t ɪ ŋ k ə l d	r ɛ s t d	0	0	reg_əd	reg_əd	reg_d
random	s p l æ ʃ	s p l æ ʃ t	s p l æ ʃ t	p a ʊ n d	p a ʊ n d ə d	p a ʊ n d ə d	s p l æ ʃ ə d	0	0	reg_t	reg_t	reg_əd
random	l a ɪ n	l a ɪ n d	l a ɪ n d	p ɑː r k	p ɑː r k t	p ɑː r k t	l a ɪ n t	0	0	reg_d	reg_d	reg_t
random	ə n d uː	ə n d ɪ d	ə n d uː d	b ɔ l	b ɔ l d	b ɔ l d	ə n d uː d	1	0	vowel_change_suffix	reg_d	reg_d
random	p ɛ n	p ɛ n d	p ɛ n d	k l ɑː z ə t	k l ɑː z ə t ə d	k l ɑː z ə t ə d	p ɛ n ə d	0	0	reg_d	reg_d	reg_əd
random	ɛ d ə t	ɛ d ə t ə d	ɛ d ə t ə d	f iː l	f iː l d	f ɛ l t	ɛ d ə t d	0	0	reg_əd	reg_əd	reg_d
random	ɪ k s p l ɔ r	ɪ k s p l ɔ r d	ɪ k s p l ɔ r d	b ɑː t ə m	b ɑː t ə m d	b ɑː t ə m d	ɪ k s p l ɔ r d	1	1	reg_d	reg_d	reg_d
random	ə s uː m	ə s uː m d	ə s uː m d	s iː z ə n	s iː z ə n d	s iː z ə n d	ə s uː m d	1	1	reg_d	reg_d	reg_d
random	s p r e ɪ	s p r e ɪ d	s p r e ɪ d	d ɪ ʃ	d ɪ ʃ t	d ɪ ʃ t	s p r e ɪ t	0	0	reg_d	reg_d	reg_t
random	l o ʊ ɹ̩	l o ʊ ɹ̩ d	l o ʊ ɹ̩ d	d ɪ ʃ	d ɪ ʃ t	d ɪ ʃ t	l o ʊ ɹ̩ t	0	0	reg_d	reg_d	reg_t
random	d æ m	d æ m d	d æ m d	k r æ k ə l	k r æ k ə l d	k r æ k ə l d	d æ m d	1	1	reg_d	reg_d	reg_d
random	r ʌ ʃ	r ʌ ʃ t	r ʌ ʃ t	n ɛ r o ʊ	n ɛ r o ʊ d	n ɛ r o ʊ d	r ʌ ʃ d	0	0	reg_t	reg_t	reg_d
random	p l ʌ ɡ	p l ʌ ɡ d	p l ʌ ɡ d	b l e ɪ m	b l e ɪ m d	b l e ɪ m d	p l ʌ ɡ d	1	1	reg_d	reg_d	reg_d
random	ə d m ɪ t	ə d m ɪ t ə d	ə d m ɪ t ə d	h ɛ l p	h ɛ l p t	h ɛ l p t	ə d m ɪ t t	0	0	reg_əd	reg_əd	reg_t
random	ə n t a ɪ	ə n t a ɪ d	ə n t a ɪ d	w ɑː t͡ʃ	w ɑː t͡ʃ t	w ɑː t͡ʃ t	ə n t a ɪ t	0	0	reg_d	reg_d	reg_t
random	b ʌ k ə l	b ʌ k ə l d	b ʌ k ə l d	ə t ɛ n d	ə t ɛ n d ə d	ə t ɛ n d ə d	b ʌ k ə l ə d	0	0	reg_d	reg_d	reg_əd
random	s w uː ʃ	s w uː ʃ t	s w uː ʃ t	f ɔ r m	f ɔ r m d	f ɔ r m d	s w uː ʃ d	0	0	reg_t	reg_t	reg_d
random	ə r a ɪ z	ə r o ʊ z	ə r a ɪ z d	f r iː k	f r iː k t	f r iː k t	ə r a ɪ z t	0	0	vowel_change	reg_d	reg_t
random	s o ʊ k	s o ʊ k t	s o ʊ k t	ə k ɑː m p l ɪ ʃ	ə k ɑː m p l ɪ ʃ t	ə k ɑː m p l ɪ ʃ t	s o ʊ k t	1	1	reg_t	reg_t	reg_t
random	t r æ p	t r æ p t	t r æ p t	w ɛ t	w ɛ t	w ɛ t	t r æ p	0	0	reg_t	reg_t	no_change
random	p a ɪ l	p a ɪ l d	p a ɪ l d	m ɔ r n	m ɔ r n d	m ɔ r n d	p a ɪ l d	1	1	reg_d	reg_d	reg_d
random	ɪ k s p l o ʊ d	ɪ k s p l o ʊ d ə d	ɪ k s p l o ʊ d ə d	t ɛ n d	t ɛ n d ə d	t ɛ n d ə d	ɪ k s p l o ʊ d ə d	1	1	reg_əd	reg_əd	reg_əd
random	b ɔ ɪ l	b ɔ ɪ l d	b ɔ ɪ l d	l a ɪ	l e ɪ d	l e ɪ	NA	0	0	reg_d	reg_d	vowel_change_suffix
random	k ə n s ɪ d ɹ̩	k ə n s ɪ d ɹ̩ d	k ə n s ɪ n d	t e ɪ b ə l	t e ɪ b ə l d	t e ɪ b ə l d	k ə n s ɪ d ɹ̩ d	0	1	reg_d	other	reg_d
random	s k a ʊ l	s k a ʊ l d	s k a ʊ l d	ə t ɛ n d	ə t ɛ n d ə d	ə t ɛ n d ə d	s k a ʊ l ə d	0	0	reg_d	reg_d	reg_əd
random	ɪ ɡ z ɔ s t	ɪ ɡ z ɔ s t ə d	ɪ ɡ z ɔ s t ə d	ɑː r m	ɑː r m d	ɑː r m d	ɪ ɡ z ɔ s t d	0	0	reg_əd	reg_əd	reg_d
random	s uː p ɹ̩ v a ɪ z	s uː p ɹ̩ v a ɪ z d	s uː v ɹ̩ v a ɪ z d	ɛ m b r ɔ ɪ d ɹ̩	ɛ m b r ɔ ɪ d ɹ̩ d	ɛ m b r ɔ ɪ d ɹ̩ d	s uː p ɹ̩ v a ɪ z d	0	1	reg_d	other	reg_d
random	d æ ŋ ɡ ə l	d æ ŋ ɡ ə l d	d æ ŋ ɡ ə l d	r a ɪ z	r o ʊ z	r o ʊ z	NA	0	0	reg_d	reg_d	vowel_change
random	d͡ʒ ɪ m iː	d͡ʒ ɪ m iː d	d͡ʒ ɪ m iː d	k l ɪ ŋ	k l ʌ ŋ	k l ʌ ŋ	NA	0	0	reg_d	reg_d	vowel_change
random	t r ʌ b ə l	t r ʌ b ə l d	t r ʌ b ə l d	h o ʊ l d	h o ʊ l d ə d	h ɛ l d	t r ʌ b ə l ə d	0	0	reg_d	reg_d	reg_əd
random	p e ɪ d͡ʒ	p e ɪ d͡ʒ d	p e ɪ d͡ʒ d	b e ɪ ð	b e ɪ ð d	b e ɪ ð d	p e ɪ d͡ʒ d	1	1	reg_d	reg_d	reg_d
random	t a ʊ ɹ̩	t a ʊ ɹ̩ d	t a ʊ ɹ̩ d	d ɪ s t r ɔ ɪ	d ɪ s t r ɔ ɪ d	d ɪ s t r ɔ ɪ d	t a ʊ ɹ̩ d	1	1	reg_d	reg_d	reg_d
random	f ɛ n s	f ɛ n s t	f ɛ n s t	s ɛ n t ə n s	s ɛ n t ə n s t	s ɛ n t ə n s t	f ɛ n s t	1	1	reg_t	reg_t	reg_t
random	d ɛ r	d ɛ r d	d ɛ r d	p ʌ z ə l	p ʌ z ə l d	p ʌ z ə l d	d ɛ r d	1	1	reg_d	reg_d	reg_d
random	b l iː d	b l ɛ d	b l iː d ə d	k e ɪ k	k e ɪ k t	k e ɪ k t	b l iː d t	0	0	vowel_change	reg_əd	reg_t
random	ɛ n t ɹ̩	ɛ n t ɹ̩ d	ɛ n t ɹ̩ d	p l æ n	p l æ n d	p l æ n d	ɛ n t ɹ̩ d	1	1	reg_d	reg_d	reg_d
random	m e ɪ n t e ɪ n	m e ɪ n t e ɪ n d	m e ɪ n t e ɪ n d	n o ʊ t	n o ʊ t ə d	n o ʊ t ə d	m e ɪ n t e ɪ n ə d	0	0	reg_d	reg_d	reg_əd
random	f ɛ r	f ɛ r d	f ɛ r d	t ʌ ɡ	t ʌ ɡ d	t ʌ ɡ d	f ɛ r d	1	1	reg_d	reg_d	reg_d
random	d ɪ p	d ɪ p t	d ɪ p t	h ɹ̩ l	h ɹ̩ l d	h ɹ̩ l d	d ɪ p d	0	0	reg_t	reg_t	reg_d
random	j ɔ n	j ɔ n d	j ɔ n d	t r ʌ k	t r ʌ k t	t r ʌ k t	j ɔ n t	0	0	reg_d	reg_d	reg_t
random	ʃ ʊ ɡ ɹ̩	ʃ ʊ ɡ ɹ̩ d	ʃ ʊ ɡ ɹ̩ d	k ə m p l e ɪ n	k ə m p l e ɪ n d	k ə m p l e ɪ n d	ʃ ʊ ɡ ɹ̩ d	1	1	reg_d	reg_d	reg_d
random	d r ɪ f t	d r ɪ f t ə d	d r æ f t ə d	p ɔ ɪ z ə n	p ɔ ɪ z ə n d	p ɔ ɪ z ə n d	d r ɪ f t d	0	0	reg_əd	other	reg_d
random	ɪ n s p a ɪ ɹ̩	ɪ n s p a ɪ ɹ̩ d	ɪ n s p a ɪ n d	s e ɪ l	s e ɪ l d	s e ɪ l d	ɪ n s p a ɪ ɹ̩ d	0	1	reg_d	rhyme_replaced	reg_d
random	m ɛ n ʃ ə n	m ɛ n ʃ ə n d	m ɛ n ʃ ə n d	b r e ɪ d	b r e ɪ d ə d	b r e ɪ d ə d	m ɛ n ʃ ə n ə d	0	0	reg_d	reg_d	reg_əd
random	s l ɪ p	s l ɪ p t	s l ɪ p t	f r e ɪ m	f r e ɪ m d	f r e ɪ m d	s l ɪ p d	0	0	reg_t	reg_t	reg_d
random	s k ɪ p	s k ɪ p t	s k ɪ p t	k l æ p	k l æ p t	k l æ p t	s k ɪ p t	1	1	reg_t	reg_t	reg_t
random	m ə n ɪ p j ə l e ɪ t	m ə n ɪ p j ə l e ɪ t ə d	m ɪ p ə l d	t iː	t iː d	t iː d	m ə n ɪ p j ə l e ɪ t d	0	0	reg_əd	other	reg_d
random	s æ k	s æ k t	s æ k t	k æ n s ə l	k æ n s ə l d	k æ n s ə l d	s æ k d	0	0	reg_t	reg_t	reg_d
random	ɪ n s p ɛ k t	ɪ n s p ɛ k t ə d	ɪ n s p ɛ k t ə d	ɡ r e ɪ s	ɡ r e ɪ s t	ɡ r e ɪ s t	ɪ n s p ɛ k t t	0	0	reg_əd	reg_əd	reg_t
random	s æ k r ə f a ɪ s	s æ k r ə f a ɪ s t	s æ k r ə f a ɪ s t	s t uː	s t uː d	s t uː d	s æ k r ə f a ɪ s d	0	0	reg_t	reg_t	reg_d
random	t æ p	t æ p t	t æ p t	s m o ʊ k	s m o ʊ k t	s m o ʊ k t	t æ p t	1	1	reg_t	reg_t	reg_t
random	h ɔ l	h ɔ l d	h ɔ l d	r e ɪ s	r e ɪ s t	r e ɪ s t	h ɔ l t	0	0	reg_d	reg_d	reg_t
random	s k a ʊ t	s k a ʊ t ə d	s k a ʊ t ə d	f l a ʊ ɹ̩	f l a ʊ ɹ̩ d	f l a ʊ ɹ̩ d	s k a ʊ t d	0	0	reg_əd	reg_əd	reg_d
random	p ɑː k ə t	p ɑː k ə t ə d	p ɑː k ə t ə d	t iː z	t iː z d	t iː z d	p ɑː k ə t d	0	0	reg_əd	reg_əd	reg_d
random	h a ʊ l	h a ʊ l d	h a ʊ l d	t r e ɪ d	t r e ɪ d ə d	t r e ɪ d ə d	h a ʊ l ə d	0	0	reg_d	reg_d	reg_əd
random	d ɔ n	d ɔ n d	d ɔ n d	s t ʌ n t	s t ʌ n t ə d	s t ʌ n t ə d	d ɔ n ə d	0	0	reg_d	reg_d	reg_əd
random	t æ ŋ ɡ ə l	t æ ŋ ɡ ə l d	t æ ŋ ɡ ə l d	r ɪ v ə t	r ɪ v ə t ə d	r ɪ v ə t ə d	t æ ŋ ɡ ə l ə d	0	0	reg_d	reg_d	reg_əd
random	ɡ a ɪ d	ɡ a ɪ d ə d	ɡ a ɪ d ə d	ɡ l e ɪ z	ɡ l e ɪ z d	ɡ l e ɪ z d	ɡ a ɪ d d	0	0	reg_əd	reg_əd	reg_d
random	θ ʌ n d ɹ̩	θ ʌ n d ɹ̩ d	θ ʌ n d ɹ̩ d	ɛ r	ɛ r d	ɛ r d	θ ʌ n d ɹ̩ d	1	1	reg_d	reg_d	reg_d
random	r a ʊ n d	r a ʊ n d ə d	r a ʊ n d ə d	h a ɪ d	h a ɪ d ə d	h ɪ d	r a ʊ n d ə d	1	1	reg_əd	reg_əd	reg_əd
random	æ b d ʌ k t	æ b d ʌ k t ə d	æ b ʌ k ʌ t ə d	z iː r o ʊ	z iː r o ʊ d	z iː r o ʊ d	æ b d ʌ k t d	0	0	reg_əd	other	reg_d
random	ɡ ʌ m	ɡ ʌ m d	ɡ ʌ m d	r ɛ n t͡ʃ	r ɛ n t͡ʃ t	r ɛ n t͡ʃ t	ɡ ʌ m t	0	0	reg_d	reg_d	reg_t
random	l ɛ k t͡ʃ ɹ̩	l ɛ k t͡ʃ ɹ̩ d	l ɛ k t͡ʃ ɹ̩ d	k ɑː m	k ɑː m d	k ɑː m d	l ɛ k t͡ʃ ɹ̩ d	1	1	reg_d	reg_d	reg_d
random	d r ɪ b ə l	d r ɪ b ə l d	d r ɪ b ə l d	ə n l ɑː k	ə n l ɑː k t	ə n l ɑː k t	d r ɪ b ə l t	0	0	reg_d	reg_d	reg_t
random	d ʌ s t	d ʌ s t ə d	d ʌ s t ə d	b ɑː t ə l	b ɑː t ə l d	b ɑː t ə l d	d ʌ s t d	0	0	reg_əd	reg_əd	reg_d
random	d͡ʒ æ m	d͡ʒ æ m d	d͡ʒ æ m d	iː k w ə l	iː k w ə l d	iː k w ə l d	d͡ʒ æ m d	1	1	reg_d	reg_d	reg_d
random	t͡ʃ æ n ə l	t͡ʃ æ n ə l d	t͡ʃ æ n ə l d	t r æ v ə l	t r æ v ə l d	t r æ v ə l d	t͡ʃ æ n ə l d	1	1	reg_d	reg_d	reg_d
random	d r e ɪ n	d r e ɪ n d	d r e ɪ n d	p æ n k e ɪ k	p æ n k e ɪ k t	p æ n k e ɪ k t	d r e ɪ n t	0	0	reg_d	reg_d	reg_t
random	w uː n d	w uː n d ə d	w uː n d ə d	l ɔ ŋ	l ɔ ŋ d	l ɔ ŋ d	w uː n d d	0	0	reg_əd	reg_əd	reg_d
random	t e ɪ l	t e ɪ l d	t e ɪ l d	k ə m p o ʊ z	k ə m p o ʊ z d	k ə m p o ʊ z d	t e ɪ l d	1	1	reg_d	reg_d	reg_d
random	s l o ʊ	s l o ʊ d	s l o ʊ d	p r ə v a ɪ d	p r ə v a ɪ d ə d	p r ə v a ɪ d ə d	s l o ʊ ə d	0	0	reg_d	reg_d	reg_əd
random	s t ɪ ŋ k	s t ʌ ŋ k	s t ɪ ŋ k t	ʃ ɛ r	ʃ ɛ r d	ʃ ɛ r d	s t ɪ ŋ k d	0	0	vowel_change	reg_t	reg_d
random	f iː l d	f iː l d ə d	f iː l d ə d	f a ɪ l	f a ɪ l d	f a ɪ l d	f iː l d d	0	0	reg_əd	reg_əd	reg_d
random	s p a ɪ	s p a ɪ d	s p a ɪ d	w æ ɡ	w æ ɡ d	w æ ɡ d	s p a ɪ d	1	1	reg_d	reg_d	reg_d
random	s ɪ ɡ n ə l	s ɪ ɡ n ə l d	s ɪ ɡ n ə l d	m a ʊ ð	m a ʊ ð d	m a ʊ ð d	s ɪ ɡ n ə l d	1	1	reg_d	reg_d	reg_d
random	ɛ n k ɹ̩ ɪ d͡ʒ	ɛ n k ɹ̩ ɪ d͡ʒ d	ɛ n k ɹ̩ ɪ d͡ʒ d	ɡ ɪ v	ɡ e ɪ v	ɡ e ɪ v	NA	0	0	reg_d	reg_d	vowel_change
random	s æ n ɪ t a ɪ z	s æ n ɪ t a ɪ z d	s æ n t a ɪ z ɪ d	ɡ e ɪ z	ɡ e ɪ z d	ɡ e ɪ z d	s æ n ɪ t a ɪ z d	0	1	reg_d	other	reg_d
random	f r a ɪ t ə n	f r a ɪ t ə n d	f r a ɪ t ə n d	b o ʊ l t	b o ʊ l t ə d	b o ʊ l t ə d	f r a ɪ t ə n ə d	0	0	reg_d	reg_d	reg_əd
random	o ʊ v ɹ̩ k ə m	o ʊ v ɹ̩ k e ɪ m	o ʊ v ɹ̩ k ə m d	s n æ ɡ	s n æ ɡ d	s n æ ɡ d	o ʊ v ɹ̩ k ə m d	1	0	vowel_change	reg_d	reg_d
random	p ɛ p ɹ̩	p ɛ p ɹ̩ d	p ɛ p ɹ̩ d	l ʌ v	l ʌ v d	l ʌ v d	p ɛ p ɹ̩ d	1	1	reg_d	reg_d	reg_d
random	b ʌ d͡ʒ	b ʌ d͡ʒ d	b ʌ d͡ʒ d	s k w ɛ l t͡ʃ	s k w ɛ l t͡ʃ t	s k w ɛ l t͡ʃ t	b ʌ d͡ʒ t	0	0	reg_d	reg_d	reg_t
random	ɡ l ɛ r	ɡ l ɛ r d	ɡ l ɛ r d	k o ʊ ɑː p ɹ̩ e ɪ t	k o ʊ ɑː p ɹ̩ e ɪ t ə d	k o ʊ ɑː p ɹ̩ e ɪ t ə d	ɡ l ɛ r ə d	0	0	reg_d	reg_d	reg_əd
random	ə f ɔ r d	ə f ɔ r d ə d	ə f ɔ r d ə d	ɡ r ɪ n	ɡ r ɪ n d	ɡ r ɪ n d	ə f ɔ r d d	0	0	reg_əd	reg_əd	reg_d
random	s k o ʊ l d	s k o ʊ l d ə d	s k o ʊ l d ə d	f ʌ s	f ʌ s t	f ʌ s t	s k o ʊ l d t	0	0	reg_əd	reg_əd	reg_t
random	s ɛ n s	s ɛ n s t	s ɛ n s t	w a ɪ p	w a ɪ p t	w a ɪ p t	s ɛ n s t	1	1	reg_t	reg_t	reg_t
random	ɛ m f ə s a ɪ z	ɛ m f ə s a ɪ z d	ɛ m ɛ s a ɪ d	s k w iː k	s k w iː k t	s k w iː k t	ɛ m f ə s a ɪ z t	0	0	reg_d	other	reg_t
random	l e ɪ b ə l	l e ɪ b ə l d	l e ɪ b ə l d	n ɪ b ə l	n ɪ b ə l d	n ɪ b ə l d	l e ɪ b ə l d	1	1	reg_d	reg_d	reg_d
random	b a ʊ	b a ʊ d	b ɔ t	r ɛ s k j uː	r ɛ s k j uː d	r ɛ s k j uː d	b a ʊ d	0	1	reg_d	vowel_change_suffix	reg_d
random	b ʌ n t͡ʃ	b ʌ n t͡ʃ t	b ʌ n t͡ʃ t	w ɹ̩ k	w ɹ̩ k t	w ɹ̩ k t	b ʌ n t͡ʃ t	1	1	reg_t	reg_t	reg_t
random	t ɛ r ə r a ɪ z	t ɛ r ə r a ɪ z d	t ɛ r ə r a ɪ z d	s e ɪ v	s e ɪ v d	s e ɪ v d	t ɛ r ə r a ɪ z d	1	1	reg_d	reg_d	reg_d
random	ɡ r æ v ə t e ɪ t	ɡ r æ v ə t e ɪ t ə d	ɡ r æ v ə t e ɪ t ə d	k r a ʊ t͡ʃ	k r a ʊ t͡ʃ t	k r a ʊ t͡ʃ t	ɡ r æ v ə t e ɪ t t	0	0	reg_əd	reg_əd	reg_t
random	b l æ s t	b l æ s t ə d	b l æ s t ə d	d w ɛ l	d w ɛ l d	d w ɛ l d	b l æ s t d	0	0	reg_əd	reg_əd	reg_d
random	ɪ n ɪ ʃ ə l	ɪ n ɪ ʃ ə l d	ɪ n ɪ ʃ ə l d	s ə p o ʊ z	s ə p o ʊ z d	s ə p o ʊ z d	ɪ n ɪ ʃ ə l d	1	1	reg_d	reg_d	reg_d
random	s w ɑː p	s w ɑː p t	s w ɑː p t	l a ɪ v	l a ɪ v d	l a ɪ v d	s w ɑː p d	0	0	reg_t	reg_t	reg_d
random	æ d m a ɪ ɹ̩	æ d m a ɪ ɹ̩ d	æ m a ɪ v ɹ̩ d	r iː l o ʊ d	r iː l o ʊ d ə d	r iː l o ʊ d ə d	æ d m a ɪ ɹ̩ ə d	0	0	reg_d	other	reg_əd
random	s ə p ɔ r t	s ə p ɔ r t ə d	s ə p ɔ r t ə d	f l a ʊ ɹ̩	f l a ʊ ɹ̩ d	f l a ʊ ɹ̩ d	s ə p ɔ r t d	0	0	reg_əd	reg_əd	reg_d
random	p æ m p ɹ̩	p æ m p ɹ̩ d	p æ m p ɹ̩ d	s p iː d	s p iː d ə d	s p ɛ d	p æ m p ɹ̩ ə d	0	0	reg_d	reg_d	reg_əd
random	v ɔ ɪ s	v ɔ ɪ s t	v ɔ ɪ s t	ɹ̩ n	ɹ̩ n d	ɹ̩ n d	v ɔ ɪ s d	0	0	reg_t	reg_t	reg_d
random	s k ɔ r	s k ɔ r d	s k ɔ r d	b iː f	b iː f t	b iː f t	s k ɔ r t	0	0	reg_d	reg_d	reg_t
random	d ɑː k t ɹ̩	d ɑː k t ɹ̩ d	d ɑː k t ɹ̩ d	k ə n t ɪ n j uː	k ə n t ɪ n j uː d	k ə n t ɪ n j uː d	d ɑː k t ɹ̩ d	1	1	reg_d	reg_d	reg_d
random	r iː v æ m p	r iː v æ m p t	r iː v æ m p t	d ɪ ŋ	d ɪ ŋ d	d ɪ ŋ d	r iː v æ m p d	0	0	reg_t	reg_t	reg_d
random	l iː s	l iː s t	l iː s t	ɡ ɪ ɡ ə l	ɡ ɪ ɡ ə l d	ɡ ɪ ɡ ə l d	l iː s d	0	0	reg_t	reg_t	reg_d
random	s ə p r ɛ s	s ə p r ɛ s t	s ə p r ɛ s t	t ɪ k ə l	t ɪ k ə l d	t ɪ k ə l d	s ə p r ɛ s d	0	0	reg_t	reg_t	reg_d
random	ə p o ʊ z	ə p o ʊ z d	ə p o ʊ z d	æ d	æ d ə d	æ d ə d	ə p o ʊ z ə d	0	0	reg_d	reg_d	reg_əd
random	f l ɑː p	f l ɑː p t	f l ɑː p t	b l ɑː t	b l ɑː t ə d	b l ɑː t ə d	f l ɑː p ə d	0	0	reg_t	reg_t	reg_əd
random	b ʌ m	b ʌ m d	b ʌ m d	s p ɛ l	s p ɛ l d	s p ɛ l d	b ʌ m d	1	1	reg_d	reg_d	reg_d
random	s p ɹ̩ t	s p ɹ̩ t ə d	s p ɹ̩ t ə d	d ɑː t	d ɑː t ə d	d ɑː t ə d	s p ɹ̩ t ə d	1	1	reg_əd	reg_əd	reg_əd
random	h uː t	h uː t ə d	h uː t	ɡ e ɪ z	ɡ e ɪ z d	ɡ e ɪ z d	h uː t d	0	0	reg_əd	no_change	reg_d
random	p ɹ̩ s	p ɹ̩ s t	p ɹ̩ s t	k ɪ s	k ɪ s t	k ɪ s t	p ɹ̩ s t	1	1	reg_t	reg_t	reg_t
random	k l ʌ b	k l ʌ b d	k l ʌ b d	ɡ r e ɪ t	ɡ r e ɪ t ə d	ɡ r e ɪ t ə d	k l ʌ b ə d	0	0	reg_d	reg_d	reg_əd
random	p ɪ t iː	p ɪ t iː d	p ɪ t iː d	s n iː z	s n iː z d	s n iː z d	p ɪ t iː d	1	1	reg_d	reg_d	reg_d
random	t r æ m p	t r æ m p t	t r æ m p t	r ɛ k ə m ɛ n d	r ɛ k ə m ɛ n d ə d	r ɛ k ə m ɛ n d ə d	t r æ m p ə d	0	0	reg_t	reg_t	reg_əd
random	d͡ʒ ɛ n ɹ̩ e ɪ t	d͡ʒ ɛ n ɹ̩ e ɪ t ə d	d͡ʒ ɛ n ɹ̩ e ɪ t ə d	b ɛ n d	b ɛ n d ə d	b ɛ n d ə d	d͡ʒ ɛ n ɹ̩ e ɪ t ə d	1	1	reg_əd	reg_əd	reg_əd
random	t æ t ə l	t æ t ə l d	t æ t ə l d	ɪ n v a ɪ t	ɪ n v a ɪ t ə d	ɪ n v a ɪ t ə d	t æ t ə l ə d	0	0	reg_d	reg_d	reg_əd
random	f ʌ m b ə l	f ʌ m b ə l d	f ʌ m b ə l d	s t r a ɪ p	s t r a ɪ p t	s t r a ɪ p t	f ʌ m b ə l t	0	0	reg_d	reg_d	reg_t
random	s t æ ʃ	s t æ ʃ t	s t æ ʃ t	w ɑː f ə l	w ɑː f ə l d	w ɑː f ə l d	s t æ ʃ d	0	0	reg_t	reg_t	reg_d
random	ɪ n s ɪ s t	ɪ n s ɪ s t ə d	ɪ n s ɪ s t ə d	s m æ ʃ	s m æ ʃ t	s m æ ʃ t	ɪ n s ɪ s t t	0	0	reg_əd	reg_əd	reg_t
random	ɪ ɡ z æ m ɪ n	ɪ ɡ z æ m ɪ n d	ɪ ɡ z æ m æ n d	s k r iː m	s k r iː m d	s k r iː m d	ɪ ɡ z æ m ɪ n d	0	1	reg_d	vowel_change_suffix	reg_d
random	b l ɑː s ə m	b l ɑː s ə m d	b l ɑː s ə m d	p ʊ t	p ʊ t	p ʊ t	b l ɑː s ə m	0	0	reg_d	reg_d	no_change
random	r o ʊ p	r o ʊ p t	r o ʊ p t	b l iː t͡ʃ	b l iː t͡ʃ t	b l iː t͡ʃ t	r o ʊ p t	1	1	reg_t	reg_t	reg_t
random	p ɪ ŋ	p ɪ ŋ d	p ɪ ŋ d	l ɛ n d	l ɛ n d ə d	l ɛ n t	p ɪ ŋ ə d	0	0	reg_d	reg_d	reg_əd
random	v o ʊ t	v o ʊ t ə d	v o ʊ t ə d	d r a ɪ	d r a ɪ d	d r a ɪ d	v o ʊ t d	0	0	reg_əd	reg_əd	reg_d
random	n iː r	n iː r d	n iː r d	b ɑː t ə l	b ɑː t ə l d	b ɑː t ə l d	n iː r d	1	1	reg_d	reg_d	reg_d
random	t r ʌ s t	t r ʌ s t ə d	t r ʌ s t ə d	t æ k ə l	t æ k ə l d	t æ k ə l d	t r ʌ s t d	0	0	reg_əd	reg_əd	reg_d
random	ɪ n t ɹ̩ s p ɹ̩ s	ɪ n t ɹ̩ s p ɹ̩ s t	ɪ n t ɹ̩ s p ɹ̩ s t ɹ̩ s ɹ̩ n t ɹ̩ s	s k æ n	s k æ n d	s k æ n d	ɪ n t ɹ̩ s p ɹ̩ s d	0	0	reg_t	other	reg_d
random	s w uː p	s w uː p t	s w uː p t	p r ɪ v ɪ l ɪ d͡ʒ	p r ɪ v ɪ l ɪ d͡ʒ d	p r ɪ v ɪ l ɪ d͡ʒ d	s w uː p d	0	0	reg_t	reg_t	reg_d
random	d͡ʒ e ɪ l	d͡ʒ e ɪ l d	d͡ʒ e ɪ l d	w e ɪ k	w e ɪ k t	w o ʊ k	d͡ʒ e ɪ l t	0	0	reg_d	reg_d	reg_t
random	f e ɪ l	f e ɪ l d	f e ɪ l d	ʃ ɑː p	ʃ ɑː p t	ʃ ɑː p t	f e ɪ l t	0	0	reg_d	reg_d	reg_t
random	b ʊ k	b ʊ k t	b ʊ k t	b l æ ŋ k ə t	b l æ ŋ k ə t ə d	b l æ ŋ k ə t ə d	b ʊ k ə d	0	0	reg_t	reg_t	reg_əd
random	s ɪ f t	s ɪ f t ə d	s ɪ f t ə d	d æ n s	d æ n s t	d æ n s t	s ɪ f t t	0	0	reg_əd	reg_əd	reg_t
random	k a ʊ t͡ʃ	k a ʊ t͡ʃ t	k a ʊ t͡ʃ t	d ʌ m p	d ʌ m p t	d ʌ m p t	k a ʊ t͡ʃ t	1	1	reg_t	reg_t	reg_t
random	f r ʌ n t	f r ʌ n t ə d	f r ʌ n t ə d	p l e ɪ n	p l e ɪ n d	p l e ɪ n d	f r ʌ n t d	0	0	reg_əd	reg_əd	reg_d
random	p r ə d uː s	p r ə d uː s t	p r ə d uː s t	s iː m	s iː m d	s iː m d	p r ə d uː s d	0	0	reg_t	reg_t	reg_d
random	ʃ e ɪ d	ʃ e ɪ d ə d	ʃ e ɪ d ə d	s l a ɪ d	s l a ɪ d ə d	s l ɪ d	ʃ e ɪ d ə d	1	1	reg_əd	reg_əd	reg_əd
random	d r ɛ n t͡ʃ	d r ɛ n t͡ʃ t	d r ɛ n t͡ʃ t	d r a ɪ	d r a ɪ d	d r a ɪ d	d r ɛ n t͡ʃ d	0	0	reg_t	reg_t	reg_d
random	s p l æ t ɹ̩	s p l æ t ɹ̩ d	s p l æ t ɹ̩ d	b iː d	b iː d ə d	b iː d ə d	s p l æ t ɹ̩ ə d	0	0	reg_d	reg_d	reg_əd
random	r iː v j uː	r iː v j uː d	r iː v j uː d	e ɪ d	e ɪ d ə d	e ɪ d ə d	r iː v j uː ə d	0	0	reg_d	reg_d	reg_əd
random	b ɔ r	b ɔ r d	b ɔ r d	o ʊ p ə n	o ʊ p ə n d	o ʊ p ə n d	b ɔ r d	1	1	reg_d	reg_d	reg_d
random	s iː t	s iː t ə d	s iː t	s p ɔ ɪ l	s p ɔ ɪ l d	s p ɔ ɪ l d	s iː t d	0	0	reg_əd	no_change	reg_d
random	b ɛ d	b ɛ d ə d	b ɛ d ə d	p r ɪ k	p r ɪ k t	p r ɪ k t	b ɛ d t	0	0	reg_əd	reg_əd	reg_t
random	ə n s iː t	ə n s iː t ə d	ə n s iː t ə d	m a ʊ n t	m a ʊ n t ə d	m a ʊ n t ə d	ə n s iː t ə d	1	1	reg_əd	reg_əd	reg_əd
random	m ʌ f ə l	m ʌ f ə l d	m ʌ f ə l d	d ɪ s t r æ k t	d ɪ s t r æ k t ə d	d ɪ s t r æ k t ə d	m ʌ f ə l ə d	0	0	reg_d	reg_d	reg_əd
random	s t ʌ m p	s t ʌ m p t	s t ʌ m p t	p o ʊ k	p o ʊ k t	p o ʊ k t	s t ʌ m p t	1	1	reg_t	reg_t	reg_t
random	t r æ n s p l æ n t	t r æ n s p l æ n t ə d	t s p l æ l æ n d	p a ʊ n d	p a ʊ n d ə d	p a ʊ n d ə d	t r æ n s p l æ n t ə d	0	1	reg_əd	other	reg_əd
random	v ɪ ʒ w ə l a ɪ z	v ɪ ʒ w ə l a ɪ z d	v ə l ə l a ɪ d	k l iː n	k l iː n d	k l iː n d	v ɪ ʒ w ə l a ɪ z d	0	1	reg_d	other	reg_d
random	ɡ æ l ə p	ɡ æ l ə p t	ɡ æ l ə p t	m æ k s	m æ k s t	m æ k s t	ɡ æ l ə p t	1	1	reg_t	reg_t	reg_t
random	s ʌ l iː	s ʌ l iː d	s ʌ l iː d	t r ʌ m p	t r ʌ m p t	t r ʌ m p t	s ʌ l iː t	0	0	reg_d	reg_d	reg_t
random	ə n f o ʊ l d	ə n f o ʊ l d ə d	ə n f o ʊ n d ə d	ə f ɛ k t	ə f ɛ k t ə d	ə f ɛ k t ə d	ə n f o ʊ l d ə d	0	1	reg_əd	other	reg_əd
random	w iː	w iː d	w iː d	l æ k	l æ k t	l æ k t	w iː t	0	0	reg_d	reg_d	reg_t
random	ɪ m ə t e ɪ t	ɪ m ə t e ɪ t ə d	ɪ m ə t e ɪ t ə d	l uː s ə n	l uː s ə n d	l uː s ə n d	ɪ m ə t e ɪ t d	0	0	reg_əd	reg_əd	reg_d
random	s w ɹ̩ v	s w ɹ̩ v d	s w ɹ̩ v d	s t e ɪ t	s t e ɪ t ə d	s t e ɪ t ə d	s w ɹ̩ v ə d	0	0	reg_d	reg_d	reg_əd
random	h iː p	h iː p t	h iː p t	d ʌ ŋ k	d ʌ ŋ k t	d ʌ ŋ k t	h iː p t	1	1	reg_t	reg_t	reg_t
random	r iː f j uː ə l	r iː f j uː ə l d	r iː f j uː ə l d	w ɹ̩ l	w ɹ̩ l d	w ɹ̩ l d	r iː f j uː ə l d	1	1	reg_d	reg_d	reg_d
random	t͡ʃ æ n t	t͡ʃ æ n t ə d	t͡ʃ æ n t ə d	r ɪ t ɑː r d	r ɪ t ɑː r d ə d	r ɪ t ɑː r d ə d	t͡ʃ æ n t ə d	1	1	reg_əd	reg_əd	reg_əd
