neighbors	src	gold	pred	neighbor_src	neighbor_tgt	analogy	regular	matches_pred	matches_gold
model_sep	s iː	s ɔ	s iː d	s uː	s uː d	s iː d	0	1	0
model_sep	ɡ ɛ t	ɡ ɑː t	ɡ ɛ t	ɡ l uː	ɡ l uː d	ɡ ɛ t d	0	0	0
model_sep	n ɑː k	n ɑː k t	n ɑː k t	n ɛ k	n ɛ k t	n ɑː k t	1	1	1
model_sep	θ ɪ ŋ k	θ ɔ t	θ ɪ ŋ k t	θ æ ŋ k	θ æ ŋ k t	θ ɪ ŋ k t	0	1	0
model_sep	k l iː n	k l iː n d	k l iː n d	k r ɔ l	k r ɔ l d	k l iː n d	1	1	1
model_sep	b ɪ l iː v	b ɪ l iː v d	b ɪ l iː v d	b ʌ k ə l	b ʌ k ə l d	b ɪ l iː v d	1	1	1
model_sep	ɡ ɪ v	ɡ e ɪ v	ɡ ɪ v d	ɡ l uː	ɡ l uː d	ɡ ɪ v d	0	1	0
model_sep	t e ɪ k	t ʊ k	t e ɪ k t	t r æ k	t r æ k t	t e ɪ k t	0	1	0
model_sep	s t æ n d	s t ʊ d	s t æ n d ə d	s a ʊ n d	s a ʊ n d ə d	s t æ n d ə d	0	1	0
model_sep	j ɛ l	j ɛ l d	j ɛ l d	j ɔ n	j ɔ n d	j ɛ l d	1	1	1
model_sep	f ɪ k s	f ɪ k s t	f ɪ k s t	f ɔ r s	f ɔ r s t	f ɪ k s t	1	1	1
model_sep	k l æ p	k l æ p t	k l æ p t	k l ɪ p	k l ɪ p t	k l æ p t	1	1	1
model_sep	r a ɪ m	r a ɪ m d	r a ɪ m d	r o ʊ m	r o ʊ m d	r a ɪ m d	1	1	1
model_sep	t ɛ l	t o ʊ l d	t ɛ l d	t iː m	t iː m d	t ɛ l d	0	1	0
model_sep	f ɔ l	f ɛ l	f ɔ l d	f uː l	f uː l d	f ɔ l d	0	1	0
model_sep	r o ʊ l	r o ʊ l d	r o ʊ l d	r ɛ n t͡ʃ	r ɛ n t͡ʃ t	r o ʊ l t	1	0	0
model_sep	k uː l	k uː l d	k uː l d	k ɔ l	k ɔ l d	k uː l d	1	1	1
model_sep	s ɪ ŋ	s æ ŋ	s ɪ ŋ d	s a ʊ	s a ʊ d	s ɪ ŋ d	0	1	0
model_sep	h o ʊ l d	h ɛ l d	h o ʊ l d ə d	h ɔ ɪ s t	h ɔ ɪ s t ə d	h o ʊ l d ə d	0	1	0
model_sep	d r ɛ s	d r ɛ s t	d r ɛ s t	d a ɪ s	d a ɪ s t	d r ɛ s t	1	1	1
model_sep	w e ɪ k	w o ʊ k	w e ɪ k t	w ɪ ŋ k	w ɪ ŋ k t	w e ɪ k t	0	1	0
model_sep	m uː v	m uː v d	m uː v d	m iː t	m ɛ t	NA	1	0	0
model_sep	b ɪ l d	b ɪ l t	b ɪ l d ə d	b æ n d	b æ n d ə d	b ɪ l d ə d	0	1	0
model_sep	p uː p	p uː p t	p uː p t	p iː p	p iː p t	p uː p t	1	1	1
model_sep	k ɛ r	k ɛ r d	k ɛ r d	k ʌ m	k e ɪ m	NA	1	0	0
model_sep	b ɛ r iː	b ɛ r iː d	b ɛ r iː d	b ɪ z iː	b ɪ z iː d	b ɛ r iː d	1	1	1
model_sep	p æ n t	p æ n t ə d	p æ n t ə d	p ɑː r t	p ɑː r t ə d	p æ n t ə d	1	1	1
model_sep	t ʌ k	t ʌ k t	t ʌ k t	t ɔ k	t ɔ k t	t ʌ k t	1	1	1
model_sep	b ɑː ð ɹ̩	b ɑː ð ɹ̩ d	b ɑː ð ɹ̩ d	b ʌ t ɹ̩	b ʌ t ɹ̩ d	b ɑː ð ɹ̩ d	1	1	1
model_sep	ɛ ɡ z ɪ t	ɛ ɡ z ɪ t ə d	ɛ ɡ z ɪ t ə d	ɛ n æ k t	ɛ n æ k t ə d	ɛ ɡ z ɪ t ə d	1	1	1
model_sep	s t e ɪ	s t e ɪ d	s t e ɪ d	s p a ɪ	s p a ɪ d	s t e ɪ d	1	1	1
model_sep	w ʌ n d ɹ̩	w ʌ n d ɹ̩ d	w ʌ n d ɹ̩ d	w ɑː n d ɹ̩	w ɑː n d ɹ̩ d	w ʌ n d ɹ̩ d	1	1	1
model_sep	d ɪ p	d ɪ p t	d ɪ p t	d a ɪ	d a ɪ d	d ɪ p d	1	0	0
model_sep	h ʌ ɡ	h ʌ ɡ d	h ʌ ɡ d	h iː t	h iː t ə d	h ʌ ɡ ə d	1	0	0
model_sep	v ɔ ɪ s	v ɔ ɪ s t	v ɔ ɪ s t	v o ʊ t	v o ʊ t ə d	v ɔ ɪ s ə d	1	0	0
model_sep	ə t æ t͡ʃ	ə t æ t͡ʃ t	ə t æ t͡ʃ t	ə s uː m	ə s uː m d	ə t æ t͡ʃ d	1	0	0
model_sep	s m ɛ l	s m ɛ l d	s m ɛ l d	s t iː l	s t o ʊ l	NA	1	0	0
model_sep	f ɪ n ɪ ʃ	f ɪ n ɪ ʃ t	f ɪ n ɪ ʃ t	f r æ ŋ k	f r æ ŋ k t	f ɪ n ɪ ʃ t	1	1	1
model_sep	t r ɑː t	t r ɑː t ə d	t r ɑː t ə d	t r iː t	t r iː t ə d	t r ɑː t ə d	1	1	1
model_sep	b l ɛ s	b l ɛ s t	b l ɛ s t	b ɑː k s	b ɑː k s t	b l ɛ s t	1	1	1
model_sep	l ɛ d	l ɛ d ə d	l ɛ d	l ɛ t	l ɛ t	l ɛ d	1	1	0
model_sep	p r ɛ s	p r ɛ s t	p r ɛ s t	p r uː v	p r uː v d	p r ɛ s d	1	0	0
model_sep	ə n z ɪ p	ə n z ɪ p t	ə n z ɪ p t	ə n r æ p	ə n r æ p t	ə n z ɪ p t	1	1	1
model_sep	f ɪ l t ɹ̩	f ɪ l t ɹ̩ d	f ɪ l t ɹ̩ d	f ɪ ŋ ɡ ɹ̩	f ɪ ŋ ɡ ɹ̩ d	f ɪ l t ɹ̩ d	1	1	1
model_sep	ʃ e ɪ v	ʃ e ɪ v d	ʃ e ɪ v d	ʃ a ʊ t	ʃ a ʊ t ə d	ʃ e ɪ v ə d	1	0	0
model_sep	k ɑː s t	k ɑː s t	k ɑː s t	k æ s t	k æ s t	k ɑː s t	0	1	1
model_sep	b r ʌ ʃ	b r ʌ ʃ t	b r ʌ ʃ t	b l ʌ ʃ	b l ʌ ʃ t	b r ʌ ʃ t	1	1	1
model_sep	l æ n d	l æ n d ə d	l æ n d ə d	l ɛ n d	l ɛ n t	l æ n t	1	0	0
model_sep	s t ɛ p	s t ɛ p t	s t ɛ p t	s t ɑː p	s t ɑː p t	s t ɛ p t	1	1	1
model_sep	m ɪ l k	m ɪ l k t	m ɪ l k t	m æ s k	m æ s k t	m ɪ l k t	1	1	1
model_sep	b ɛ s t	b ɛ s t ə d	b ɛ s t ə d	b ʌ s t	b ʌ s t ə d	b ɛ s t ə d	1	1	1
model_sep	m a ɪ n d	m a ɪ n d ə d	m a ʊ n d ə d	m ʌ s ə l	m ʌ s ə l d	m a ɪ n d d	1	0	0
model_sep	w a ɪ t	w a ɪ t ə d	w a ɪ t ə d	w e ɪ t	w e ɪ t ə d	w a ɪ t ə d	1	1	1
model_sep	m æ k s	m æ k s t	m æ k s t	m ɪ k s	m ɪ k s t	m æ k s t	1	1	1
model_sep	r iː t͡ʃ	r iː t͡ʃ t	r iː t͡ʃ t	r ʌ n	r æ n	NA	1	0	0
model_sep	h o ʊ p	h o ʊ p t	h o ʊ p t	h ɛ l p	h ɛ l p t	h o ʊ p t	1	1	1
model_sep	f o ʊ l d	f o ʊ l d ə d	f o ʊ l d ə d	f ɹ̩ b ɪ d	f ɹ̩ b e ɪ d	NA	1	0	0
model_sep	k l ɪ n t͡ʃ	k l ɪ n t͡ʃ t	k l ɪ n t͡ʃ t	k l a ɪ m	k l a ɪ m d	k l ɪ n t͡ʃ d	1	0	0
model_sep	t r ɪ k	t r ɪ k t	t r ɪ k t	t r æ k	t r æ k t	t r ɪ k t	1	1	1
model_sep	b ɛ n d	b ɛ n d ə d	b ɛ n t ə d	b æ n d	b æ n d ə d	b ɛ n d ə d	1	0	1
model_sep	a ɪ d ɛ n t ə f a ɪ	a ɪ d ɛ n t ə f a ɪ d	a ɪ d	a ʊ t ɡ r o ʊ	a ʊ t ɡ r uː	NA	1	0	0
model_sep	d͡ʒ ɔ ɪ n	d͡ʒ ɔ ɪ n d	d͡ʒ ɔ ɪ n d	d͡ʒ ʌ m p	d͡ʒ ʌ m p t	d͡ʒ ɔ ɪ n t	1	0	0
model_sep	k ə n f j uː z	k ə n f j uː z d	k ə n f j uː z d	k r iː m e ɪ t	k r iː m e ɪ t ə d	k ə n f j uː z ə d	1	0	0
model_sep	b ɛ r	b o ʊ r	b ɛ r d	b ɑː r	b ɑː r d	b ɛ r d	0	1	0
model_sep	r ɛ s t	r ɛ s t ə d	r ɛ s t	r ɛ n t	r ɛ n t ə d	r ɛ s t ə d	1	0	1
model_sep	p iː	p iː d	p iː d	p ɪ n	p ɪ n d	p iː d	1	1	1
model_sep	ɡ r æ b	ɡ r æ b d	ɡ r æ b d	ɡ r ɪ n	ɡ r ɪ n d	ɡ r æ b d	1	1	1
model_sep	ə p r o ʊ t͡ʃ	ə p r o ʊ t͡ʃ t	ə p r o ʊ t͡ʃ t	ə n d r ɛ s	ə n d r ɛ s t	ə p r o ʊ t͡ʃ t	1	1	1
model_sep	p iː l	p iː l d	p iː l d	p uː l	p uː l d	p iː l d	1	1	1
model_sep	m ɑː r t͡ʃ	m ɑː r t͡ʃ t	m ɑː r t͡ʃ t	m ʌ n t͡ʃ	m ʌ n t͡ʃ t	m ɑː r t͡ʃ t	1	1	1
model_sep	t æ k ə l	t æ k ə l d	t æ k ə l d	t ɪ k ə l	t ɪ k ə l d	t æ k ə l d	1	1	1
model_sep	d ɪ ɡ	d ʌ ɡ	d ɪ ɡ d	d ɔ ɡ	d ɔ ɡ d	d ɪ ɡ d	0	1	0
model_sep	s ɛ t ə l	s ɛ t ə l d	s ɛ t ə l d	s ɹ̩ k ə l	s ɹ̩ k ə l d	s ɛ t ə l d	1	1	1
model_sep	ɪ ɡ n ɔ r	ɪ ɡ n ɔ r d	ɪ ɡ ɔ r ɔ r	ɪ f ɛ k t	ɪ f ɛ k t ə d	ɪ ɡ n ɔ r ə d	1	0	0
model_sep	k ʌ v ɹ̩	k ʌ v ɹ̩ d	k ʌ v ɹ̩ d	k ʌ l ɹ̩	k ʌ l ɹ̩ d	k ʌ v ɹ̩ d	1	1	1
model_sep	r ɑː t	r ɑː t ə d	r ɑː t	r uː t	r uː t ə d	r ɑː t ə d	1	0	1
model_sep	f l æ t ɹ̩	f l æ t ɹ̩ d	f l æ t ɹ̩ d	f l a ʊ ɹ̩	f l a ʊ ɹ̩ d	f l æ t ɹ̩ d	1	1	1
model_sep	b ʌ b ə l	b ʌ b ə l d	b ʌ b ə l d	b æ b ə l	b æ b ə l d	b ʌ b ə l d	1	1	1
model_sep	k o ʊ ɑː p ɹ̩ e ɪ t	k o ʊ ɑː p ɹ̩ e ɪ t ə d	k o ʊ p ɹ̩ p ɹ̩ d	k ə n s t r ʌ k t	k ə n s t r ʌ k t ə d	k o ʊ ɑː p ɹ̩ e ɪ t ə d	1	0	1
model_sep	ɡ r iː n	ɡ r iː n d	ɡ r iː n d	ɡ r ɪ n	ɡ r ɪ n d	ɡ r iː n d	1	1	1
model_sep	r e ɪ s	r e ɪ s t	r e ɪ s t	r e ɪ t	r e ɪ t ə d	r e ɪ s ə d	1	0	0
model_sep	d æ n s	d æ n s t	d æ n s t	d a ɪ s	d a ɪ s t	d æ n s t	1	1	1
model_sep	p r ɑː d͡ʒ ɛ k t	p r ɑː d͡ʒ ɛ k t ə d	p r ɑː d͡ʒ ɛ k t ə d	p r iː z ɛ n t	p r iː z ɛ n t ə d	p r ɑː d͡ʒ ɛ k t ə d	1	1	1
model_sep	b ɛ ɡ	b ɛ ɡ d	b ɛ ɡ d	b ʌ ɡ	b ʌ ɡ d	b ɛ ɡ d	1	1	1
model_sep	s ɹ̩ v ɪ s	s ɹ̩ v ɪ s t	s ɹ̩ v ɪ s t	s l a ɪ s	s l a ɪ s t	s ɹ̩ v ɪ s t	1	1	1
model_sep	r ɛ p r ə z ɛ n t	r ɛ p r ə z ɛ n t ə d	r ɛ p r ə z ɛ n t ə d	r ɛ k ə ɡ n a ɪ z	r ɛ k ə ɡ n a ɪ z d	r ɛ p r ə z ɛ n t d	1	0	0
model_sep	ɪ m ɹ̩ d͡ʒ	ɪ m ɹ̩ d͡ʒ d	ɪ m ɹ̩ d͡ʒ d	ɪ d͡ʒ ɛ k t	ɪ d͡ʒ ɛ k t ə d	ɪ m ɹ̩ d͡ʒ ə d	1	0	0
model_sep	b ɔ ɪ l	b ɔ ɪ l d	b ɔ ɪ l d	b o ʊ l	b o ʊ l d	b ɔ ɪ l d	1	1	1
model_sep	p ɹ̩ f ɛ k t	p ɹ̩ f ɛ k t ə d	p ɹ̩ f ɛ k t ə d	p r ɑː m ə s	p r ɑː m ə s t	p ɹ̩ f ɛ k t t	1	0	0
model_sep	r a ɪ z	r o ʊ z	r o ʊ z d	r a ɪ t	r o ʊ t	NA	0	0	0
model_sep	s k r iː n	s k r iː n d	s k r iː n d	s k r iː m	s k r iː m d	s k r iː n d	1	1	1
model_sep	t r e ɪ n	t r e ɪ n d	t r e ɪ n d	t w a ɪ n	t w a ɪ n d	t r e ɪ n d	1	1	1
model_sep	s o ʊ	s o ʊ d	s o ʊ d	s a ʊ	s a ʊ d	s o ʊ d	1	1	1
model_sep	f e ɪ s	f e ɪ s t	f e ɪ s t	f ɔ r s	f ɔ r s t	f e ɪ s t	1	1	1
model_sep	s t ʌ d iː	s t ʌ d iː d	s t ʌ d	s t ɔ r iː	s t ɔ r iː d	s t ʌ d iː d	1	0	1
model_sep	b l ɑː t	b l ɑː t ə d	b l ɑː t ə d	b o ʊ t	b o ʊ t ə d	b l ɑː t ə d	1	1	1
model_sep	m e ɪ l	m e ɪ l d	m e ɪ l d	m j uː z	m j uː z d	m e ɪ l d	1	1	1
model_sep	k l ɪ ŋ	k l ʌ ŋ	k l ʌ ŋ	k æ r iː	k æ r iː d	k l ɪ ŋ d	0	0	0
model_sep	p l ʌ ɡ	p l ʌ ɡ d	p l ʌ ɡ d	p e ɪ d͡ʒ	p e ɪ d͡ʒ d	p l ʌ ɡ d	1	1	1
model_sep	p r e ɪ	p r e ɪ d	p r e ɪ d	p l e ɪ	p l e ɪ d	p r e ɪ d	1	1	1
model_sep	f l o ʊ	f l o ʊ d	f l o ʊ d	f ɔ r m	f ɔ r m d	f l o ʊ d	1	1	1
model_sep	r iː m a ɪ n d	r iː m a ɪ n d ə d	r iː m a ɪ n d ə d	r iː p l e ɪ s	r iː p l e ɪ s t	r iː m a ɪ n d t	1	0	0
model_sep	ɛ l b o ʊ	ɛ l b o ʊ d	ɛ l o ʊ l d	ɛ m p t iː	ɛ m p t iː d	ɛ l b o ʊ d	1	0	1
model_sep	f r iː z	f r o ʊ z	f r iː z d	f l æ ʃ	f l æ ʃ t	f r iː z t	0	0	0
model_sep	m ɪ m ɪ k	m ɪ m ɪ k t	m ɪ m ɪ k t	m ʌ s ə l	m ʌ s ə l d	m ɪ m ɪ k d	1	0	0
model_sep	w iː l	w iː l d	w iː l d	w ɪ l	w ɪ l d	w iː l d	1	1	1
model_sep	p ʌ m p	p ʌ m p t	p ʌ m p t	p l ɑː p	p l ɑː p t	p ʌ m p t	1	1	1
model_sep	ɪ k s p ɛ k t	ɪ k s p ɛ k t ə d	ɪ k s p ɛ k t ə d	ɪ n s p ɛ k t	ɪ n s p ɛ k t ə d	ɪ k s p ɛ k t ə d	1	1	1
model_sep	w a ɪ n d	w a ɪ n d ə d	w a ʊ n d	w e ɪ s t	w e ɪ s t ə d	w a ɪ n d ə d	1	0	1
model_sep	s k r ɪ b ə l	s k r ɪ b ə l d	s k r ɪ b ə l d	s t e ɪ p ə l	s t e ɪ p ə l d	s k r ɪ b ə l d	1	1	1
model_sep	r ɪ s p ɑː n d	r ɪ s p ɑː n d ə d	r ɪ s p ɑː n d ə d	r ɪ s p ɛ k t	r ɪ s p ɛ k t ə d	r ɪ s p ɑː n d ə d	1	1	1
model_sep	r e ɪ z	r e ɪ z d	r e ɪ z d	r e ɪ t	r e ɪ t ə d	r e ɪ z ə d	1	0	0
model_sep	ɡ ɪ ɡ ə l	ɡ ɪ ɡ ə l d	ɡ ɪ ɡ ə l d	ɡ ɑː b ə l	ɡ ɑː b ə l d	ɡ ɪ ɡ ə l d	1	1	1
model_sep	b ɑː r o ʊ	b ɑː r o ʊ d	b ɑː r o ʊ d	b ɛ l o ʊ	b ɛ l o ʊ d	b ɑː r o ʊ d	1	1	1
model_sep	s w ɑː l o ʊ	s w ɑː l o ʊ d	s w ɑː l o ʊ d	s ə p o ʊ z	s ə p o ʊ z d	s w ɑː l o ʊ d	1	1	1
model_sep	d ɑː r n	d ɑː r n d	d ɑː r n d	d a ʊ n	d a ʊ n d	d ɑː r n d	1	1	1
model_sep	k ɑː p iː	k ɑː p iː d	k ɑː p iː d	k æ r iː	k æ r iː d	k ɑː p iː d	1	1	1
model_sep	s k r e ɪ p	s k r e ɪ p t	s k r e ɪ p t	s t r a ɪ p	s t r a ɪ p t	s k r e ɪ p t	1	1	1
model_sep	h o ʊ m	h o ʊ m d	h o ʊ m d	h o ʊ n	h o ʊ n d	h o ʊ m d	1	1	1
model_sep	f r iː	f r iː d	f r iː d	f l iː	f l ɛ d	f r ɛ d	1	0	0
model_sep	b r a ɪ t ə n	b r a ɪ t ə n d	b r a ɪ t ə n d	b l æ ŋ k ə t	b l æ ŋ k ə t ə d	b r a ɪ t ə n ə d	1	0	0
model_sep	ə r a ɪ v	ə r a ɪ v d	ə r a ɪ v d	ə b z ɹ̩ v	ə b z ɹ̩ v d	ə r a ɪ v d	1	1	1
model_sep	ɪ k s p l ɔ r	ɪ k s p l ɔ r d	ɪ k s p l ɔ r d	ɪ k s t ɛ n d	ɪ k s t ɛ n d ə d	ɪ k s p l ɔ r ə d	1	0	0
model_sep	p ɹ̩ s	p ɹ̩ s t	p ɹ̩ s t	p iː s	p iː s t	p ɹ̩ s t	1	1	1
model_sep	t͡ʃ ɪ p	t͡ʃ ɪ p t	t͡ʃ ɪ p t	t͡ʃ ɑː p	t͡ʃ ɑː p t	t͡ʃ ɪ p t	1	1	1
model_sep	b ɑː t ə l	b ɑː t ə l d	b ɑː t ə l d	b æ t ə l	b æ t ə l d	b ɑː t ə l d	1	1	1
model_sep	ə s o ʊ s iː e ɪ t	ə s o ʊ s iː e ɪ t ə d	ə s o ʊ s iː e ɪ t ə d	ə n d ɹ̩ s t æ n d	ə n d ɹ̩ s t ʊ d	NA	1	0	0
model_sep	ɪ n s ɪ s t	ɪ n s ɪ s t ə d	ɪ n s ɪ s t ə d	ɪ n v ɛ n t	ɪ n v ɛ n t ə d	ɪ n s ɪ s t ə d	1	1	1
model_sep	w iː	w iː d	w iː d	w uː	w uː d	w iː d	1	1	1
model_sep	ʃ ɔ r t ə n	ʃ ɔ r t ə n d	ʃ ɔ r t ə n d	ʃ ɑː r p ə n	ʃ ɑː r p ə n d	ʃ ɔ r t ə n d	1	1	1
model_sep	ə n l ɑː k	ə n l ɑː k t	ə n l ɑː k t	ə b z ɹ̩ v	ə b z ɹ̩ v d	ə n l ɑː k d	1	0	0
model_sep	d ʌ b ə l	d ʌ b ə l d	d ʌ b ə l d	d æ z ə l	d æ z ə l d	d ʌ b ə l d	1	1	1
model_sep	m ɑː p	m ɑː p t	m ɑː p t	m o ʊ	m o ʊ d	m ɑː p d	1	0	0
model_sep	f ɛ t͡ʃ	f ɛ t͡ʃ t	f ɛ t͡ʃ t	f ɪ ʃ	f ɪ ʃ t	f ɛ t͡ʃ t	1	1	1
model_sep	ʃ ɛ d	ʃ ɛ d ə d	ʃ ɛ d	ʃ ʌ t	ʃ ʌ t	ʃ ɛ d	1	1	0
model_sep	t r æ p	t r æ p t	t r æ p t	t r ɪ p	t r ɪ p t	t r æ p t	1	1	1
model_sep	b ɪ h e ɪ v	b ɪ h e ɪ v d	b ɪ h e ɪ v d	b æ n d ɪ d͡ʒ	b æ n d ɪ d͡ʒ d	b ɪ h e ɪ v d	1	1	1
model_sep	d ɪ l iː t	d ɪ l iː t ə d	d ɪ l iː t ə d	d ɪ f iː t	d ɪ f iː t ə d	d ɪ l iː t ə d	1	1	1
model_sep	p æ n	p æ n d	p æ n d	p ɛ n	p ɛ n d	p æ n d	1	1	1
model_sep	s k æ l ə p	s k æ l ə p t	s k æ l ə p t	s t r a ɪ p	s t r a ɪ p t	s k æ l ə p t	1	1	1
model_sep	n o ʊ t	n o ʊ t ə d	n o ʊ t ə d	n ɛ s t	n ɛ s t ə d	n o ʊ t ə d	1	1	1
model_sep	p ɑː k ə t	p ɑː k ə t ə d	p ɑː k ə t ə d	p l æ n t	p l æ n t ə d	p ɑː k ə t ə d	1	1	1
model_sep	r ə f l ɛ k t	r ə f l ɛ k t ə d	r ə f l ɛ k t ə d	r ɪ s p ɛ k t	r ɪ s p ɛ k t ə d	r ə f l ɛ k t ə d	1	1	1
model_sep	s t e ɪ t	s t e ɪ t ə d	s t e ɪ t ə d	s k e ɪ t	s k e ɪ t ə d	s t e ɪ t ə d	1	1	1
model_sep	p r a ɪ	p r a ɪ d	p r a ɪ d	p l e ɪ	p l e ɪ d	p r a ɪ d	1	1	1
model_sep	ʃ uː	ʃ uː d	ʃ uː d	ʃ ɑː k	ʃ ɑː k t	ʃ uː t	1	0	0
model_sep	k ɑː n s ə n t r e ɪ t	k ɑː n s ə n t r e ɪ t ə d	k ə n s ə n t ə d	k ə m j uː n ə k e ɪ t	k ə m j uː n ə k e ɪ t ə d	k ɑː n s ə n t r e ɪ t ə d	1	0	1
model_sep	s ʌ f ɹ̩	s ʌ f ɹ̩ d	s ʌ f ɹ̩ d	s a ʊ ɹ̩	s a ʊ ɹ̩ d	s ʌ f ɹ̩ d	1	1	1
model_sep	s ɪ z ə l	s ɪ z ə l d	s ɪ z ə l d	s m a ɪ l	s m a ɪ l d	s ɪ z ə l d	1	1	1
model_sep	p r ə p o ʊ z	p r ə p o ʊ z d	p r ə p o ʊ z d	p r iː t ɛ n d	p r iː t ɛ n d ə d	p r ə p o ʊ z ə d	1	0	0
model_sep	θ ɔ	θ ɔ d	θ ɔ d	θ ɪ n	θ ɪ n d	θ ɔ d	1	1	1
model_sep	r ɪ l e ɪ t	r ɪ l e ɪ t ə d	r ɪ l e ɪ t ə d	r ɪ d͡ʒ ɔ ɪ s	r ɪ d͡ʒ ɔ ɪ s t	r ɪ l e ɪ t t	1	0	0
model_sep	t ɪ k	t ɪ k t	t ɪ k t	t ɔ k	t ɔ k t	t ɪ k t	1	1	1
model_sep	ɛ d͡ʒ	ɛ d͡ʒ d	ɛ d͡ʒ d	ɛ r	ɛ r d	ɛ d͡ʒ d	1	1	1
model_sep	ɪ ɡ z ɪ s t	ɪ ɡ z ɪ s t ə d	ɪ ɡ z ɪ s t ə d	ɪ ɡ z ɔ s t	ɪ ɡ z ɔ s t ə d	ɪ ɡ z ɪ s t ə d	1	1	1
model_sep	θ ɪ k ə n	θ ɪ k ə n d	θ ɪ k ə n d	θ ʌ n d ɹ̩	θ ʌ n d ɹ̩ d	θ ɪ k ə n d	1	1	1
model_sep	r ɪ t ɹ̩ n	r ɪ t ɹ̩ n d	r ɪ t ɹ̩ n d	r æ t ə l	r æ t ə l d	r ɪ t ɹ̩ n d	1	1	1
model_sep	t͡ʃ ɑː r d͡ʒ	t͡ʃ ɑː r d͡ʒ d	t͡ʃ ɑː r d͡ʒ d	t͡ʃ ɑː r m	t͡ʃ ɑː r m d	t͡ʃ ɑː r d͡ʒ d	1	1	1
model_sep	s t o ʊ n	s t o ʊ n d	s t o ʊ n d	s t e ɪ n	s t e ɪ n d	s t o ʊ n d	1	1	1
model_sep	w ɛ l k ə m	w ɛ l k ə m d	w ɛ l k ə m d	w ɑː f ə l	w ɑː f ə l d	w ɛ l k ə m d	1	1	1
model_sep	d ɪ n a ɪ	d ɪ n a ɪ d	d ɪ n a ɪ d	d ɪ l e ɪ	d ɪ l e ɪ d	d ɪ n a ɪ d	1	1	1
model_sep	ɔ r ɡ ə n a ɪ z	ɔ r ɡ ə n a ɪ z d	ɔ r ɡ ə n a ɪ z d	ɔ r d ɹ̩	ɔ r d ɹ̩ d	ɔ r ɡ ə n a ɪ z d	1	1	1
model_sep	k ɑː r d	k ɑː r d ə d	k ɑː r d ə d	k ɔ ɪ l	k ɔ ɪ l d	k ɑː r d d	1	0	0
model_sep	b o ʊ l t	b o ʊ l t ə d	b o ʊ l t ə d	b l o ʊ t	b l o ʊ t ə d	b o ʊ l t ə d	1	1	1
model_sep	s ə p ɔ r t	s ə p ɔ r t ə d	s ə p ɔ r t ə d	s p r a ʊ t	s p r a ʊ t ə d	s ə p ɔ r t ə d	1	1	1
model_sep	ɡ r a ʊ l	ɡ r a ʊ l d	ɡ r a ʊ l d	ɡ ɑː b ə l	ɡ ɑː b ə l d	ɡ r a ʊ l d	1	1	1
model_sep	d͡ʒ ɹ̩ k	d͡ʒ ɹ̩ k t	d͡ʒ ɹ̩ k t	d͡ʒ æ k	d͡ʒ æ k t	d͡ʒ ɹ̩ k t	1	1	1
model_sep	d ɪ s k ʌ v ɹ̩	d ɪ s k ʌ v ɹ̩ d	d ɪ s k ʌ v ɹ̩ d	d ɪ s ə p iː r	d ɪ s ə p iː r d	d ɪ s k ʌ v ɹ̩ d	1	1	1
model_sep	l æ s t	l æ s t ə d	l æ s t	l a ɪ t	l ɪ t	NA	1	0	0
model_sep	s ɛ n t ə n s	s ɛ n t ə n s t	s ɛ n t ə n s t	s æ n d w ɪ t͡ʃ	s æ n d w ɪ t͡ʃ t	s ɛ n t ə n s t	1	1	1
model_sep	t æ t ə l	t æ t ə l d	t æ t ə l d	t ɪ k ə l	t ɪ k ə l d	t æ t ə l d	1	1	1
model_sep	ə r ɛ s t	ə r ɛ s t ə d	ə r ɛ s t ə d	ə d͡ʒ ʌ s t	ə d͡ʒ ʌ s t ə d	ə r ɛ s t ə d	1	1	1
model_sep	ə n l o ʊ d	ə n l o ʊ d ə d	ə n l o ʊ d	ə n a ʊ n s	ə n a ʊ n s t	ə n l o ʊ d t	1	0	0
model_sep	n a ɪ f	n a ɪ f t	n a ɪ f t	n ɛ s t	n ɛ s t ə d	n a ɪ f ə d	1	0	0
model_sep	ə p r iː ʃ iː e ɪ t	ə p r iː ʃ iː e ɪ t ə d	ə p r iː p r iː d	ə p ɑː l ə d͡ʒ a ɪ z	ə p ɑː l ə d͡ʒ a ɪ z d	ə p r iː ʃ iː e ɪ t d	1	0	0
model_sep	r ʌ f	r ʌ f t	r ʌ f t	r uː f	r uː f t	r ʌ f t	1	1	1
model_sep	l æ t͡ʃ	l æ t͡ʃ t	l æ t͡ʃ t	l ɑː d͡ʒ	l ɑː d͡ʒ d	l æ t͡ʃ d	1	0	0
model_sep	ɪ m p r uː v	ɪ m p r uː v d	ɪ m p r uː v d	ɪ n v ɑː l v	ɪ n v ɑː l v d	ɪ m p r uː v d	1	1	1
model_sep	r ɪ v ɹ̩ t	r ɪ v ɹ̩ t ə d	r ɪ v ɹ̩ t ə d	r ɪ v ə t	r ɪ v ə t ə d	r ɪ v ɹ̩ t ə d	1	1	1
model_sep	d ɔ n	d ɔ n d	d ɔ n d	d ɑː n	d ɑː n d	d ɔ n d	1	1	1
model_sep	d ʌ ŋ k	d ʌ ŋ k t	d ʌ ŋ k t	d a ɪ v	d o ʊ v	NA	1	0	0
model_sep	m ə n uː v ɹ̩	m ə n uː v ɹ̩ d	m ə n v uː ɹ̩ d	m ʌ ʃ r uː m	m ʌ ʃ r uː m d	m ə n uː v ɹ̩ d	1	0	1
model_sep	s w uː ʃ	s w uː ʃ t	s w uː ʃ t	s w ɪ ʃ	s w ɪ ʃ t	s w uː ʃ t	1	1	1
model_sep	l uː p	l uː p t	l uː p t	l æ p	l æ p t	l uː p t	1	1	1
model_sep	ə b a ɪ d	ə b a ɪ d ə d	ə b a ɪ d ə d	ə v ɔ ɪ d	ə v ɔ ɪ d ə d	ə b a ɪ d ə d	1	1	1
model_sep	k ə m p ɛ r	k ə m p ɛ r d	k ə m p ɛ r d	k ɑː n t ʊ r	k ɑː n t ʊ r d	k ə m p ɛ r d	1	1	1
model_sep	t͡ʃ æ n ə l	t͡ʃ æ n ə l d	t͡ʃ æ n ə l d	t͡ʃ ɪ k ə n	t͡ʃ ɪ k ə n d	t͡ʃ æ n ə l d	1	1	1
model_sep	s t ɔ r	s t ɔ r d	s t ɔ r d	s t ɑː r	s t ɑː r d	s t ɔ r d	1	1	1
model_sep	r ɪ p ɛ r	r ɪ p ɛ r d	r ɪ p ɛ p t	r ɪ p ɛ l	r ɪ p ɛ l d	r ɪ p ɛ r d	1	0	1
model_sep	d ɪ ʃ	d ɪ ʃ t	d ɪ ʃ t	d æ ʃ	d æ ʃ t	d ɪ ʃ t	1	1	1
model_sep	s p ɑː r k ə l	s p ɑː r k ə l d	s p ɑː r k ə l d	s t e ɪ p ə l	s t e ɪ p ə l d	s p ɑː r k ə l d	1	1	1
model_sep	k w a ɪ ə t	k w a ɪ ə t ə d	k w a ɪ ə t ə d	k ə l æ p s	k ə l æ p s t	k w a ɪ ə t t	1	0	0
model_sep	k ə n t ɪ n j uː	k ə n t ɪ n j uː d	k ə n t ɪ n t ɪ d	k ə n t r o ʊ l	k ə n t r o ʊ l d	k ə n t ɪ n j uː d	1	0	1
model_sep	p ɑː t	p ɑː t ə d	p ɑː t	p æ t	p æ t ə d	p ɑː t ə d	1	0	1
model_sep	p r ɪ n t	p r ɪ n t ə d	p r ɪ n t ə d	p e ɪ s t	p e ɪ s t ə d	p r ɪ n t ə d	1	1	1
model_sep	s p a ɪ s	s p a ɪ s t	s p a ɪ s t	s l a ɪ s	s l a ɪ s t	s p a ɪ s t	1	1	1
model_sep	b ɑː d iː	b ɑː d iː d	b ɑː d iː d	b ɪ z iː	b ɪ z iː d	b ɑː d iː d	1	1	1
model_sep	s t r o ʊ k	s t r o ʊ k t	s t r o ʊ k t	s t r a ɪ k	s t r ʌ k	NA	1	0	0
model_sep	ə n w a ɪ n d	ə n w a ʊ n d	ə n w a ɪ n d ə d	ə n f o ʊ l d	ə n f o ʊ l d ə d	ə n w a ɪ n d ə d	0	1	0
model_sep	s t r æ ŋ ɡ ə l	s t r æ ŋ ɡ ə l d	s t r æ ŋ ɡ r uː d	s k r æ m b ə l	s k r æ m b ə l d	s t r æ ŋ ɡ ə l d	1	0	1
model_sep	p ɑː l ɪ ʃ	p ɑː l ɪ ʃ t	p ɑː l ɪ ʃ t	p ʌ n ɪ ʃ	p ʌ n ɪ ʃ t	p ɑː l ɪ ʃ t	1	1	1
model_sep	p a ʊ n d	p a ʊ n d ə d	p a ʊ n d ə d	p r e ɪ z	p r e ɪ z d	p a ʊ n d d	1	0	0
model_sep	w ɪ s k	w ɪ s k t	w ɪ s k t	w ɪ ŋ k	w ɪ ŋ k t	w ɪ s k t	1	1	1
model_sep	ɡ l o ʊ	ɡ l o ʊ d	ɡ l uː	ɡ r o ʊ	ɡ r uː	ɡ l uː	1	1	0
model_sep	a ɪ s	a ɪ s t	a ɪ s t	a ɪ ɹ̩ n	a ɪ ɹ̩ n d	a ɪ s d	1	0	0
model_sep	t iː z	t iː z d	t iː z d	t ɹ̩ n	t ɹ̩ n d	t iː z d	1	1	1
model_sep	ɪ r ʌ p t	ɪ r ʌ p t ə d	ɪ r ʌ p t ə d	ɪ n s ɹ̩ t	ɪ n s ɹ̩ t ə d	ɪ r ʌ p t ə d	1	1	1
model_sep	k ɑː n	k ɑː n d	k ɑː n d	k ʌ m	k e ɪ m	NA	1	0	0
model_sep	d ɪ z ɑː l v	d ɪ z ɑː l v d	d ɪ z ɑː l v d	d ɪ s k ʌ s	d ɪ s k ʌ s t	d ɪ z ɑː l v t	1	0	0
model_sep	b l ɛ n d	b l ɛ n d ə d	b l ɛ n d ə d	b r e ɪ d	b r e ɪ d ə d	b l ɛ n d ə d	1	1	1
model_sep	ə r e ɪ n d͡ʒ	ə r e ɪ n d͡ʒ d	ə r e ɪ n d͡ʒ d	ə t r æ k t	ə t r æ k t ə d	ə r e ɪ n d͡ʒ ə d	1	0	0
model_sep	f r e ɪ m	f r e ɪ m d	f r e ɪ m d	f r æ ŋ k	f r æ ŋ k t	f r e ɪ m t	1	0	0
model_sep	k ə m p iː t	k ə m p iː t ə d	k ə m p iː t ə d	k r iː e ɪ t	k r iː e ɪ t ə d	k ə m p iː t ə d	1	1	1
model_sep	s p iː d	s p ɛ d	s p iː d	s a ɪ d	s a ɪ d ə d	s p iː d ə d	0	0	0
model_sep	h ɔ l	h ɔ l d	h ɔ l d	h iː l	h iː l d	h ɔ l d	1	1	1
model_sep	s n æ ɡ	s n æ ɡ d	s n æ ɡ d	s m ʌ d͡ʒ	s m ʌ d͡ʒ d	s n æ ɡ d	1	1	1
model_sep	ɪ n t r iː ɡ	ɪ n t r iː ɡ d	ɪ n t r iː ɡ d	ɪ m æ d͡ʒ ə n	ɪ m æ d͡ʒ ə n d	ɪ n t r iː ɡ d	1	1	1
model_sep	l ɔ n t͡ʃ	l ɔ n t͡ʃ t	l ɔ n t͡ʃ t	l ʌ n t͡ʃ	l ʌ n t͡ʃ t	l ɔ n t͡ʃ t	1	1	1
model_sep	s æ ɡ	s æ ɡ d	s æ ɡ d	s iː t	s iː t ə d	s æ ɡ ə d	1	0	0
model_sep	d ɪ v ɛ l ə p	d ɪ v ɛ l ə p t	d ɪ v ɛ l ə p t	d ɪ s ɡ a ɪ z	d ɪ s ɡ a ɪ z d	d ɪ v ɛ l ə p d	1	0	0
model_sep	s ɹ̩ v a ɪ v	s ɹ̩ v a ɪ v d	s ɹ̩ v a ɪ v d	s p l a ɪ s	s p l a ɪ s t	s ɹ̩ v a ɪ v t	1	0	0
model_sep	r iː b ɪ l d	r iː b ɪ l t	r iː b ɪ l d ə d	r ɪ z ɪ s t	r ɪ z ɪ s t ə d	r iː b ɪ l d ə d	0	1	0
model_sep	ɛ n t ɹ̩	ɛ n t ɹ̩ d	ɛ n t ɹ̩ d	ɛ d ə t	ɛ d ə t ə d	ɛ n t ɹ̩ ə d	1	0	0
model_sep	w ɹ̩ l	w ɹ̩ l d	w ɹ̩ l d	w ɪ l	w ɪ l d	w ɹ̩ l d	1	1	1
model_sep	s p l æ t ɹ̩	s p l æ t ɹ̩ d	s p l æ t ɹ̩ d	s k æ m p ɹ̩	s k æ m p ɹ̩ d	s p l æ t ɹ̩ d	1	1	1
model_sep	w ɹ̩ ʃ ɪ p	w ɹ̩ ʃ ɪ p t	w ɹ̩ ʃ ɪ p t	w ɪ s p ɹ̩	w ɪ s p ɹ̩ d	w ɹ̩ ʃ ɪ p d	1	0	0
model_sep	n iː d ə l	n iː d ə l d	n iː d ə l d	n ʌ k ə l	n ʌ k ə l d	n iː d ə l d	1	1	1
model_sep	s p e ɪ s	s p e ɪ s t	s p e ɪ s t	s l a ɪ s	s l a ɪ s t	s p e ɪ s t	1	1	1
model_sep	f l ɹ̩ t	f l ɹ̩ t ə d	f l ɹ̩ t ə d	f a ɪ t	f ɔ t	NA	1	0	0
model_sep	p ɛ ɡ	p ɛ ɡ d	p ɛ ɡ d	p ɛ t	p ɛ t ə d	p ɛ ɡ ə d	1	0	0
model_sep	p a ʊ ɹ̩	p a ʊ ɹ̩ d	p a ʊ ɹ̩ d	p iː t ɹ̩	p iː t ɹ̩ d	p a ʊ ɹ̩ d	1	1	1
model_sep	d ɪ s ɡ ʌ s t	d ɪ s ɡ ʌ s t ə d	d ɪ s ɡ s t	d o ʊ n e ɪ t	d o ʊ n e ɪ t ə d	d ɪ s ɡ ʌ s t ə d	1	0	1
model_sep	ɪ n k l uː d	ɪ n k l uː d ə d	ɪ n k l uː d ə d	ɪ n t ɛ n d	ɪ n t ɛ n d ə d	ɪ n k l uː d ə d	1	1	1
model_sep	h a ʊ l	h a ʊ l d	h a ʊ l d	h o ʊ l	h o ʊ l d	h a ʊ l d	1	1	1
model_sep	s ɪ m ɹ̩	s ɪ m ɹ̩ d	s ɪ m ɹ̩ d	s a ʊ ɹ̩	s a ʊ ɹ̩ d	s ɪ m ɹ̩ d	1	1	1
model_sep	k ə m p l iː t	k ə m p l iː t ə d	k ə m p l iː t ə d	k ə n d͡ʒ ɛ s t	k ə n d͡ʒ ɛ s t ə d	k ə m p l iː t ə d	1	1	1
model_sep	l e ɪ ɹ̩	l e ɪ ɹ̩ d	l e ɪ ɹ̩ d	l o ʊ ɹ̩	l o ʊ ɹ̩ d	l e ɪ ɹ̩ d	1	1	1
model_sep	d ɑː k	d ɑː k t	d ɑː k t	d ɑː t	d ɑː t ə d	d ɑː k ə d	1	0	0
model_sep	æ d m a ɪ ɹ̩	æ d m a ɪ ɹ̩ d	æ d a ɪ d ɹ̩ d	æ k s ɛ p t	æ k s ɛ p t ə d	æ d m a ɪ ɹ̩ ə d	1	0	0
model_sep	d ɪ f ɛ n d	d ɪ f ɛ n d ə d	d ɪ f ɛ n d ə d	d ɪ p ɛ n d	d ɪ p ɛ n d ə d	d ɪ f ɛ n d ə d	1	1	1
model_sep	p r ɪ v ɛ n t	p r ɪ v ɛ n t ə d	p r ɪ v ɛ n t ə d	p r iː z ɛ n t	p r iː z ɛ n t ə d	p r ɪ v ɛ n t ə d	1	1	1
model_sep	p ɔ z	p ɔ z d	p ɔ z d	p ʊ ʃ	p ʊ ʃ t	p ɔ z t	1	0	0
model_sep	ə n ɔ ɪ	ə n ɔ ɪ d	ə n ɔ ɪ d	ə n d uː	ə n d ɪ d	NA	1	0	0
model_sep	k ɹ̩ o ʊ d	k ɹ̩ o ʊ d ə d	k ɹ̩ o ʊ d ə d	k l a ʊ d	k l a ʊ d ə d	k ɹ̩ o ʊ d ə d	1	1	1
model_sep	ɡ r ʌ n t	ɡ r ʌ n t ə d	ɡ r ʌ n t ə d	ɡ r æ n t	ɡ r æ n t ə d	ɡ r ʌ n t ə d	1	1	1
model_sep	t r ʌ m p ə t	t r ʌ m p ə t ə d	t r ʌ m p ə t ə d	t ɑː l ɹ̩ e ɪ t	t ɑː l ɹ̩ e ɪ t ə d	t r ʌ m p ə t ə d	1	1	1
model_sep	r ɪ ɡ r ɛ t	r ɪ ɡ r ɛ t ə d	r ɪ ɡ r ɛ t ə d	r ɪ ŋ k ə l	r ɪ ŋ k ə l d	r ɪ ɡ r ɛ t d	1	0	0
model_sep	b ɔ r	b ɔ r d	b ɔ r d	b ɑː r	b ɑː r d	b ɔ r d	1	1	1
model_sep	k ə m p l e ɪ n	k ə m p l e ɪ n d	k ə m p l e ɪ n d	k ə n t r o ʊ l	k ə n t r o ʊ l d	k ə m p l e ɪ n d	1	1	1
model_sep	s p ɔ r t	s p ɔ r t ə d	s p ɔ r t ə d	s k a ʊ t	s k a ʊ t ə d	s p ɔ r t ə d	1	1	1
model_sep	ɡ r æ s	ɡ r æ s t	ɡ r æ s t	ɡ l ʌ v	ɡ l ʌ v d	ɡ r æ s d	1	0	0
model_sep	θ ʌ m	θ ʌ m d	θ ʌ m d	θ ɪ n	θ ɪ n d	θ ʌ m d	1	1	1
model_sep	ɪ k s p o ʊ z	ɪ k s p o ʊ z d	ɪ k s p o ʊ z d	ɪ k s k j uː z	ɪ k s k j uː z d	ɪ k s p o ʊ z d	1	1	1
model_sep	p l ʌ ŋ k	p l ʌ ŋ k t	p l ʌ ŋ k t	p ʌ n ɪ ʃ	p ʌ n ɪ ʃ t	p l ʌ ŋ k t	1	1	1
model_sep	s p l ɪ t	s p l ɪ t	s p l ɪ t ə d	s k e ɪ t	s k e ɪ t ə d	s p l ɪ t ə d	0	1	0
model_sep	b æ n ɪ ʃ	b æ n ɪ ʃ t	b æ n ɪ ʃ t	b ɹ̩ n ɪ ʃ	b ɹ̩ n ɪ ʃ t	b æ n ɪ ʃ t	1	1	1
model_sep	b ɛ l t͡ʃ	b ɛ l t͡ʃ t	b ɛ l t͡ʃ t	b ʌ n t͡ʃ	b ʌ n t͡ʃ t	b ɛ l t͡ʃ t	1	1	1
model_sep	s t ʌ b	s t ʌ b d	s t ʌ b d	s t æ b	s t æ b d	s t ʌ b d	1	1	1
model_sep	d ɪ p ɔ r t	d ɪ p ɔ r t ə d	d ɪ p ɔ r t ə d	d ɪ s k ʌ s	d ɪ s k ʌ s t	d ɪ p ɔ r t t	1	0	0
model_sep	m ɑː r k ə t	m ɑː r k ə t ə d	m ɑː r k ə t ə d	m ʌ ʃ r uː m	m ʌ ʃ r uː m d	m ɑː r k ə t d	1	0	0
model_sep	æ d v ɹ̩ t a ɪ z	æ d v ɹ̩ t a ɪ z d	æ d v ɹ̩ t a ɪ z d	æ ɡ r ə v e ɪ t	æ ɡ r ə v e ɪ t ə d	æ d v ɹ̩ t a ɪ z ə d	1	0	0
model_sep	ɡ ɑː l f	ɡ ɑː l f t	ɡ ɑː l f t	ɡ ɑː r d	ɡ ɑː r d ə d	ɡ ɑː l f ə d	1	0	0
model_sep	d ɪ t ɹ̩ m ə n	d ɪ t ɹ̩ m ə n d	d ɪ t ɹ̩ m ə n d	d ɪ s ə p iː r	d ɪ s ə p iː r d	d ɪ t ɹ̩ m ə n d	1	1	1
model_sep	o ʊ v ɹ̩ k ʊ k	o ʊ v ɹ̩ k ʊ k t	o ʊ v ɹ̩ k ʊ k ə d	o ʊ v ɹ̩ r ə n	o ʊ v ɹ̩ r æ n	NA	1	0	0
model_sep	d͡ʒ e ɪ l	d͡ʒ e ɪ l d	d͡ʒ e ɪ l d	d͡ʒ o ʊ k	d͡ʒ o ʊ k t	d͡ʒ e ɪ l t	1	0	0
model_sep	p iː r	p iː r d	p iː r d	p ɛ r	p ɛ r d	p iː r d	1	1	1
model_sep	f ʊ t	f ʊ t ə d	f ʊ t	f ɪ t	f ɪ t	f ʊ t	1	1	0
model_sep	ɛ k o ʊ	ɛ k o ʊ d	ɛ k o ʊ k	ɛ d ə t	ɛ d ə t ə d	ɛ k o ʊ ə d	1	0	0
model_sep	s p r e ɪ n	s p r e ɪ n d	s p r e ɪ n d	s t r e ɪ n	s t r e ɪ n d	s p r e ɪ n d	1	1	1
model_sep	k æ m ə f l ɑː ʒ	k æ m ə f l ɑː ʒ d	k æ m ə f l l l d	k ə n t r o ʊ l	k ə n t r o ʊ l d	k æ m ə f l ɑː ʒ d	1	0	1
model_sep	d ɪ m æ n d	d ɪ m æ n d ə d	d ɪ m æ n d ə d	d ɪ p ɛ n d	d ɪ p ɛ n d ə d	d ɪ m æ n d ə d	1	1	1
model_sep	ɔ l t ɹ̩	ɔ l t ɹ̩ d	ɔ l t ɹ̩ d	ɔ r d ɹ̩	ɔ r d ɹ̩ d	ɔ l t ɹ̩ d	1	1	1
model_sep	d͡ʒ ʌ d͡ʒ	d͡ʒ ʌ d͡ʒ d	d͡ʒ ʌ d͡ʒ d	d͡ʒ æ k	d͡ʒ æ k t	d͡ʒ ʌ d͡ʒ t	1	0	0
model_sep	b l iː t͡ʃ	b l iː t͡ʃ t	b l iː t͡ʃ t	b ʌ n t͡ʃ	b ʌ n t͡ʃ t	b l iː t͡ʃ t	1	1	1
model_sep	s iː r	s iː r d	s iː r d	s iː m	s iː m d	s iː r d	1	1	1
model_sep	s ə s p ɛ n d	s ə s p ɛ n d ə d	s ə s p ɛ n d	s t e ɪ p ə l	s t e ɪ p ə l d	s ə s p ɛ n d d	1	0	0
model_sep	s t r iː m l a ɪ n	s t r iː m l a ɪ n d	s t r iː m j a ɪ n d	s ɛ l ə b r e ɪ t	s ɛ l ə b r e ɪ t ə d	s t r iː m l a ɪ n ə d	1	0	0
model_sep	ʃ æ t ɹ̩	ʃ æ t ɹ̩ d	ʃ æ t ɹ̩ d	ʃ a ʊ ɹ̩	ʃ a ʊ ɹ̩ d	ʃ æ t ɹ̩ d	1	1	1
model_sep	t e ɪ l	t e ɪ l d	t e ɪ l d	t ɔ ɪ l	t ɔ ɪ l d	t e ɪ l d	1	1	1
model_sep	w iː k ə n	w iː k ə n d	w iː k ə n d	w ɑː b ə l	w ɑː b ə l d	w iː k ə n d	1	1	1
model_mean	s iː	s ɔ	s iː d	s ɔ	s ɔ d	s iː d	0	1	0
model_mean	ɡ ɛ t	ɡ ɑː t	ɡ ɛ t	ɡ ɛ s	ɡ ɛ s t	ɡ ɛ t t	0	0	0
model_mean	n ɑː k	n ɑː k t	n ɑː k t	n ɛ k	n ɛ k t	n ɑː k t	1	1	1
model_mean	θ ɪ ŋ k	θ ɔ t	θ ɪ ŋ k t	θ ɪ n	θ ɪ n d	θ ɪ ŋ k d	0	0	0
model_mean	k l iː n	k l iː n d	k l iː n d	k l iː r	k l iː r d	k l iː n d	1	1	1
model_mean	b ɪ l iː v	b ɪ l iː v d	b ɪ l iː v d	b ɪ l ɔ ŋ	b ɪ l ɔ ŋ d	b ɪ l iː v d	1	1	1
model_mean	ɡ ɪ v	ɡ e ɪ v	ɡ ɪ v d	ɡ l uː	ɡ l uː d	ɡ ɪ v d	0	1	0
model_mean	t e ɪ k	t ʊ k	t e ɪ k t	t e ɪ p	t e ɪ p t	t e ɪ k t	0	1	0
model_mean	s t æ n d	s t ʊ d	s t æ n d ə d	s t r æ d ə l	s t r æ d ə l d	s t æ n d d	0	0	0
model_mean	j ɛ l	j ɛ l d	j ɛ l d	j ɔ n	j ɔ n d	j ɛ l d	1	1	1
model_mean	f ɪ k s	f ɪ k s t	f ɪ k s t	f ɪ ʃ	f ɪ ʃ t	f ɪ k s t	1	1	1
model_mean	k l æ p	k l æ p t	k l æ p t	k l ɪ p	k l ɪ p t	k l æ p t	1	1	1
model_mean	r a ɪ m	r a ɪ m d	r a ɪ m d	r a ɪ t	r o ʊ t	NA	1	0	0
model_mean	t ɛ l	t o ʊ l d	t ɛ l d	t uː n	t uː n d	t ɛ l d	0	1	0
model_mean	f ɔ l	f ɛ l	f ɔ l d	f uː l	f uː l d	f ɔ l d	0	1	0
model_mean	r o ʊ l	r o ʊ l d	r o ʊ l d	r o ʊ m	r o ʊ m d	r o ʊ l d	1	1	1
model_mean	k uː l	k uː l d	k uː l d	k ɔ l	k ɔ l d	k uː l d	1	1	1
model_mean	s ɪ ŋ	s æ ŋ	s ɪ ŋ d	s ɪ ŋ k	s æ ŋ k	NA	0	0	0
model_mean	h o ʊ l d	h ɛ l d	h o ʊ l d ə d	h o ʊ l	h o ʊ l d	h o ʊ l d d	0	0	0
model_mean	d r ɛ s	d r ɛ s t	d r ɛ s t	d ɛ r	d ɛ r d	d r ɛ s d	1	0	0
model_mean	w e ɪ k	w o ʊ k	w e ɪ k t	w e ɪ v	w e ɪ v d	w e ɪ k d	0	0	0
model_mean	m uː v	m uː v d	m uː v d	m ɛ l t	m ɛ l t ə d	m uː v ə d	1	0	0
model_mean	b ɪ l d	b ɪ l t	b ɪ l d ə d	b ɔ r d	b ɔ r d ə d	b ɪ l d ə d	0	1	0
model_mean	p uː p	p uː p t	p uː p t	p ʊ ʃ	p ʊ ʃ t	p uː p t	1	1	1
model_mean	k ɛ r	k ɛ r d	k ɛ r d	k ʌ m	k e ɪ m	NA	1	0	0
model_mean	b ɛ r iː	b ɛ r iː d	b ɛ r iː d	b r iː ð	b r iː ð d	b ɛ r iː d	1	1	1
model_mean	p æ n t	p æ n t ə d	p æ n t ə d	p æ t ɹ̩ n	p æ t ɹ̩ n d	p æ n t d	1	0	0
model_mean	t ʌ k	t ʌ k t	t ʌ k t	t ʌ t͡ʃ	t ʌ t͡ʃ t	t ʌ k t	1	1	1
model_mean	b ɑː ð ɹ̩	b ɑː ð ɹ̩ d	b ɑː ð ɹ̩ d	b ɹ̩ n	b ɹ̩ n d	b ɑː ð ɹ̩ d	1	1	1
model_mean	ɛ ɡ z ɪ t	ɛ ɡ z ɪ t ə d	ɛ ɡ z ɪ t ə d	ɛ r	ɛ r d	ɛ ɡ z ɪ t d	1	0	0
model_mean	s t e ɪ	s t e ɪ d	s t e ɪ d	s t e ɪ n	s t e ɪ n d	s t e ɪ d	1	1	1
model_mean	w ʌ n d ɹ̩	w ʌ n d ɹ̩ d	w ʌ n d ɹ̩ d	w ɔ r n	w ɔ r n d	w ʌ n d ɹ̩ d	1	1	1
model_mean	d ɪ p	d ɪ p t	d ɪ p t	d ɪ f ɹ̩	d ɪ f ɹ̩ d	d ɪ p d	1	0	0
model_mean	h ʌ ɡ	h ʌ ɡ d	h ʌ ɡ d	h iː v	h iː v d	h ʌ ɡ d	1	1	1
model_mean	v ɔ ɪ s	v ɔ ɪ s t	v ɔ ɪ s t	v j uː	v j uː d	v ɔ ɪ s d	1	0	0
model_mean	ə t æ t͡ʃ	ə t æ t͡ʃ t	ə t æ t͡ʃ t	ə t æ k	ə t æ k t	ə t æ t͡ʃ t	1	1	1
model_mean	s m ɛ l	s m ɛ l d	s m ɛ l d	s m uː ð	s m uː ð d	s m ɛ l d	1	1	1
model_mean	f ɪ n ɪ ʃ	f ɪ n ɪ ʃ t	f ɪ n ɪ ʃ t	f ɪ l m	f ɪ l m d	f ɪ n ɪ ʃ d	1	0	0
model_mean	t r ɑː t	t r ɑː t ə d	t r ɑː t ə d	t r iː t	t r iː t ə d	t r ɑː t ə d	1	1	1
model_mean	b l ɛ s	b l ɛ s t	b l ɛ s t	b l ɑː k	b l ɑː k t	b l ɛ s t	1	1	1
model_mean	l ɛ d	l ɛ d ə d	l ɛ d	l ɛ t	l ɛ t	l ɛ d	1	1	0
model_mean	p r ɛ s	p r ɛ s t	p r ɛ s t	p ɛ r	p ɛ r d	p r ɛ s d	1	0	0
model_mean	ə n z ɪ p	ə n z ɪ p t	ə n z ɪ p t	ə n t a ɪ	ə n t a ɪ d	ə n z ɪ p d	1	0	0
model_mean	f ɪ l t ɹ̩	f ɪ l t ɹ̩ d	f ɪ l t ɹ̩ d	f ɪ ɡ j ɹ̩	f ɪ ɡ j ɹ̩ d	f ɪ l t ɹ̩ d	1	1	1
model_mean	ʃ e ɪ v	ʃ e ɪ v d	ʃ e ɪ v d	ʃ e ɪ m	ʃ e ɪ m d	ʃ e ɪ v d	1	1	1
model_mean	k ɑː s t	k ɑː s t	k ɑː s t	k ɑː k	k ɑː k t	k ɑː s t t	0	0	0
model_mean	b r ʌ ʃ	b r ʌ ʃ t	b r ʌ ʃ t	b r ɪ d͡ʒ	b r ɪ d͡ʒ d	b r ʌ ʃ d	1	0	0
model_mean	l æ n d	l æ n d ə d	l æ n d ə d	l æ f	l æ f t	l æ n d t	1	0	0
model_mean	s t ɛ p	s t ɛ p t	s t ɛ p t	s t ɛ r	s t ɛ r d	s t ɛ p d	1	0	0
model_mean	m ɪ l k	m ɪ l k t	m ɪ l k t	m ɪ r ɹ̩	m ɪ r ɹ̩ d	m ɪ l k d	1	0	0
model_mean	b ɛ s t	b ɛ s t ə d	b ɛ s t ə d	b ɛ t ɹ̩	b ɛ t ɹ̩ d	b ɛ s t d	1	0	0
model_mean	m a ɪ n d	m a ɪ n d ə d	m a ʊ n d ə d	m a ʊ n t	m a ʊ n t ə d	m a ɪ n d ə d	1	0	1
model_mean	w a ɪ t	w a ɪ t ə d	w a ɪ t ə d	w a ɪ p	w a ɪ p t	w a ɪ t t	1	0	0
model_mean	m æ k s	m æ k s t	m æ k s t	m æ s k	m æ s k t	m æ k s t	1	1	1
model_mean	r iː t͡ʃ	r iː t͡ʃ t	r iː t͡ʃ t	r ʌ n	r æ n	NA	1	0	0
model_mean	h o ʊ p	h o ʊ p t	h o ʊ p t	h o ʊ n	h o ʊ n d	h o ʊ p d	1	0	0
model_mean	f o ʊ l d	f o ʊ l d ə d	f o ʊ l d ə d	f o ʊ n	f o ʊ n d	f o ʊ l d d	1	0	0
model_mean	k l ɪ n t͡ʃ	k l ɪ n t͡ʃ t	k l ɪ n t͡ʃ t	k l ɪ k	k l ɪ k t	k l ɪ n t͡ʃ t	1	1	1
model_mean	t r ɪ k	t r ɪ k t	t r ɪ k t	t r ɪ p	t r ɪ p t	t r ɪ k t	1	1	1
model_mean	b ɛ n d	b ɛ n d ə d	b ɛ n t ə d	b ɛ t ɹ̩	b ɛ t ɹ̩ d	b ɛ n d d	1	0	0
model_mean	a ɪ d ɛ n t ə f a ɪ	a ɪ d ɛ n t ə f a ɪ d	a ɪ d	d a ɪ ə l	d a ɪ ə l d	a ɪ d ɛ n t ə f a ɪ d	1	0	1
model_mean	d͡ʒ ɔ ɪ n	d͡ʒ ɔ ɪ n d	d͡ʒ ɔ ɪ n d	l ʌ n t͡ʃ	l ʌ n t͡ʃ t	d͡ʒ ɔ ɪ n t	1	0	0
model_mean	k ə n f j uː z	k ə n f j uː z d	k ə n f j uː z d	k ə l ɛ k t	k ə l ɛ k t ə d	k ə n f j uː z ə d	1	0	0
model_mean	b ɛ r	b o ʊ r	b ɛ r d	b ɛ t	b ɛ t	b ɛ r	0	0	0
model_mean	r ɛ s t	r ɛ s t ə d	r ɛ s t	r ɛ s ə l	r ɛ s ə l d	r ɛ s t d	1	0	0
model_mean	p iː	p iː d	p iː d	p ɛ r	p ɛ r d	p iː d	1	1	1
model_mean	ɡ r æ b	ɡ r æ b d	ɡ r æ b d	ɡ r æ n t	ɡ r æ n t ə d	ɡ r æ b ə d	1	0	0
model_mean	ə p r o ʊ t͡ʃ	ə p r o ʊ t͡ʃ t	ə p r o ʊ t͡ʃ t	ə p o ʊ z	ə p o ʊ z d	ə p r o ʊ t͡ʃ d	1	0	0
model_mean	p iː l	p iː l d	p iː l d	p ʊ l	p ʊ l d	p iː l d	1	1	1
model_mean	m ɑː r t͡ʃ	m ɑː r t͡ʃ t	m ɑː r t͡ʃ t	m ɑː r k	m ɑː r k t	m ɑː r t͡ʃ t	1	1	1
model_mean	t æ k ə l	t æ k ə l d	t æ k ə l d	t ɪ k ə l	t ɪ k ə l d	t æ k ə l d	1	1	1
model_mean	d ɪ ɡ	d ʌ ɡ	d ɪ ɡ d	d ɪ ŋ	d ɪ ŋ d	d ɪ ɡ d	0	1	0
model_mean	s ɛ t ə l	s ɛ t ə l d	s ɛ t ə l d	s ɛ n t ɹ̩	s ɛ n t ɹ̩ d	s ɛ t ə l d	1	1	1
model_mean	ɪ ɡ n ɔ r	ɪ ɡ n ɔ r d	ɪ ɡ ɔ r ɔ r	ɪ n s ɹ̩ t	ɪ n s ɹ̩ t ə d	ɪ ɡ n ɔ r ə d	1	0	0
model_mean	k ʌ v ɹ̩	k ʌ v ɹ̩ d	k ʌ v ɹ̩ d	k ʌ l ɹ̩	k ʌ l ɹ̩ d	k ʌ v ɹ̩ d	1	1	1
model_mean	r ɑː t	r ɑː t ə d	r ɑː t	r iː d	r ɛ d	NA	1	0	0
model_mean	f l æ t ɹ̩	f l æ t ɹ̩ d	f l æ t ɹ̩ d	f l æ ʃ	f l æ ʃ t	f l æ t ɹ̩ t	1	0	0
model_mean	b ʌ b ə l	b ʌ b ə l d	b ʌ b ə l d	b ʌ t ə n	b ʌ t ə n d	b ʌ b ə l d	1	1	1
model_mean	k o ʊ ɑː p ɹ̩ e ɪ t	k o ʊ ɑː p ɹ̩ e ɪ t ə d	k o ʊ p ɹ̩ p ɹ̩ d	k o ʊ m	k o ʊ m d	k o ʊ ɑː p ɹ̩ e ɪ t d	1	0	0
model_mean	ɡ r iː n	ɡ r iː n d	ɡ r iː n d	ɡ r ɪ n	ɡ r ɪ n d	ɡ r iː n d	1	1	1
model_mean	r e ɪ s	r e ɪ s t	r e ɪ s t	r e ɪ k	r e ɪ k t	r e ɪ s t	1	1	1
model_mean	d æ n s	d æ n s t	d æ n s t	d æ m	d æ m d	d æ n s d	1	0	0
model_mean	p r ɑː d͡ʒ ɛ k t	p r ɑː d͡ʒ ɛ k t ə d	p r ɑː d͡ʒ ɛ k t ə d	p r ɑː m ə s	p r ɑː m ə s t	p r ɑː d͡ʒ ɛ k t t	1	0	0
model_mean	b ɛ ɡ	b ɛ ɡ d	b ɛ ɡ d	b ɛ t ɹ̩	b ɛ t ɹ̩ d	b ɛ ɡ d	1	1	1
model_mean	s ɹ̩ v ɪ s	s ɹ̩ v ɪ s t	s ɹ̩ v ɪ s t	s ɹ̩ v	s ɹ̩ v d	s ɹ̩ v ɪ s d	1	0	0
model_mean	r ɛ p r ə z ɛ n t	r ɛ p r ə z ɛ n t ə d	r ɛ p r ə z ɛ n t ə d	r ɛ s ə l	r ɛ s ə l d	r ɛ p r ə z ɛ n t d	1	0	0
model_mean	ɪ m ɹ̩ d͡ʒ	ɪ m ɹ̩ d͡ʒ d	ɪ m ɹ̩ d͡ʒ d	d r ɪ l	d r ɪ l d	ɪ m ɹ̩ d͡ʒ d	1	1	1
model_mean	b ɔ ɪ l	b ɔ ɪ l d	b ɔ ɪ l d	b ɪ l ɔ ŋ	b ɪ l ɔ ŋ d	b ɔ ɪ l d	1	1	1
model_mean	p ɹ̩ f ɛ k t	p ɹ̩ f ɛ k t ə d	p ɹ̩ f ɛ k t ə d	p ɹ̩ f ɔ r m	p ɹ̩ f ɔ r m d	p ɹ̩ f ɛ k t d	1	0	0
model_mean	r a ɪ z	r o ʊ z	r o ʊ z d	r a ɪ t	r o ʊ t	NA	0	0	0
model_mean	s k r iː n	s k r iː n d	s k r iː n d	s k r iː m	s k r iː m d	s k r iː n d	1	1	1
model_mean	t r e ɪ n	t r e ɪ n d	t r e ɪ n d	t r a ɪ	t r a ɪ d	t r e ɪ n d	1	1	1
model_mean	s o ʊ	s o ʊ d	s o ʊ d	s o ʊ k	s o ʊ k t	s o ʊ t	1	0	0
model_mean	f e ɪ s	f e ɪ s t	f e ɪ s t	f e ɪ k	f e ɪ k t	f e ɪ s t	1	1	1
model_mean	s t ʌ d iː	s t ʌ d iː d	s t ʌ d	s t ɔ r iː	s t ɔ r iː d	s t ʌ d iː d	1	0	1
model_mean	b l ɑː t	b l ɑː t ə d	b l ɑː t ə d	b l iː d	b l ɛ d	NA	1	0	0
model_mean	m e ɪ l	m e ɪ l d	m e ɪ l d	m e ɪ t	m e ɪ t ə d	m e ɪ l ə d	1	0	0
model_mean	k l ɪ ŋ	k l ʌ ŋ	k l ʌ ŋ	k ʌ l ɹ̩	k ʌ l ɹ̩ d	k l ɪ ŋ d	0	0	0
model_mean	p l ʌ ɡ	p l ʌ ɡ d	p l ʌ ɡ d	p l iː z	p l iː z d	p l ʌ ɡ d	1	1	1
model_mean	p r e ɪ	p r e ɪ d	p r e ɪ d	p r e ɪ z	p r e ɪ z d	p r e ɪ d	1	1	1
model_mean	f l o ʊ	f l o ʊ d	f l o ʊ d	f l o ʊ t	f l o ʊ t ə d	f l o ʊ ə d	1	0	0
model_mean	r iː m a ɪ n d	r iː m a ɪ n d ə d	r iː m a ɪ n d ə d	r iː m uː v	r iː m uː v d	r iː m a ɪ n d d	1	0	0
model_mean	ɛ l b o ʊ	ɛ l b o ʊ d	ɛ l o ʊ l d	l ɛ v ə l	l ɛ v ə l d	ɛ l b o ʊ d	1	0	1
model_mean	f r iː z	f r o ʊ z	f r iː z d	f r iː k	f r iː k t	f r iː z t	0	0	0
model_mean	m ɪ m ɪ k	m ɪ m ɪ k t	m ɪ m ɪ k t	m ɪ s	m ɪ s t	m ɪ m ɪ k t	1	1	1
model_mean	w iː l	w iː l d	w iː l d	w ɹ̩ iː	w ɹ̩ iː d	w iː l d	1	1	1
model_mean	p ʌ m p	p ʌ m p t	p ʌ m p t	p ʌ f	p ʌ f t	p ʌ m p t	1	1	1
model_mean	ɪ k s p ɛ k t	ɪ k s p ɛ k t ə d	ɪ k s p ɛ k t ə d	ɪ k s ɛ p t	ɪ k s ɛ p t ə d	ɪ k s p ɛ k t ə d	1	1	1
model_mean	w a ɪ n d	w a ɪ n d ə d	w a ʊ n d	w a ɪ p	w a ɪ p t	w a ɪ n d t	1	0	0
model_mean	s k r ɪ b ə l	s k r ɪ b ə l d	s k r ɪ b ə l d	s k r æ m b ə l	s k r æ m b ə l d	s k r ɪ b ə l d	1	1	1
model_mean	r ɪ s p ɑː n d	r ɪ s p ɑː n d ə d	r ɪ s p ɑː n d ə d	r ɪ s p ɛ k t	r ɪ s p ɛ k t ə d	r ɪ s p ɑː n d ə d	1	1	1
model_mean	r e ɪ z	r e ɪ z d	r e ɪ z d	r e ɪ n	r e ɪ n d	r e ɪ z d	1	1	1
model_mean	ɡ ɪ ɡ ə l	ɡ ɪ ɡ ə l d	ɡ ɪ ɡ ə l d	ɡ r ɪ n	ɡ r ɪ n d	ɡ ɪ ɡ ə l d	1	1	1
model_mean	b ɑː r o ʊ	b ɑː r o ʊ d	b ɑː r o ʊ d	b ɑː r b	b ɑː r b d	b ɑː r o ʊ d	1	1	1
model_mean	s w ɑː l o ʊ	s w ɑː l o ʊ d	s w ɑː l o ʊ d	s ɑː l v	s ɑː l v d	s w ɑː l o ʊ d	1	1	1
model_mean	d ɑː r n	d ɑː r n d	d ɑː r n d	d ɑː n	d ɑː n d	d ɑː r n d	1	1	1
model_mean	k ɑː p iː	k ɑː p iː d	k ɑː p iː d	k ɑː k	k ɑː k t	k ɑː p iː t	1	0	0
model_mean	s k r e ɪ p	s k r e ɪ p t	s k r e ɪ p t	s k e ɪ t	s k e ɪ t ə d	s k r e ɪ p ə d	1	0	0
model_mean	h o ʊ m	h o ʊ m d	h o ʊ m d	h o ʊ l	h o ʊ l d	h o ʊ m d	1	1	1
model_mean	f r iː	f r iː d	f r iː d	f l iː	f l ɛ d	f r ɛ d	1	0	0
model_mean	b r a ɪ t ə n	b r a ɪ t ə n d	b r a ɪ t ə n d	b r e ɪ d	b r e ɪ d ə d	b r a ɪ t ə n ə d	1	0	0
model_mean	ə r a ɪ v	ə r a ɪ v d	ə r a ɪ v d	ə r a ɪ z	ə r o ʊ z	NA	1	0	0
model_mean	ɪ k s p l ɔ r	ɪ k s p l ɔ r d	ɪ k s p l ɔ r d	ɪ k s p l e ɪ n	ɪ k s p l e ɪ n d	ɪ k s p l ɔ r d	1	1	1
model_mean	p ɹ̩ s	p ɹ̩ s t	p ɹ̩ s t	p ʊ ʃ	p ʊ ʃ t	p ɹ̩ s t	1	1	1
model_mean	t͡ʃ ɪ p	t͡ʃ ɪ p t	t͡ʃ ɪ p t	t͡ʃ ɪ l	t͡ʃ ɪ l d	t͡ʃ ɪ p d	1	0	0
model_mean	b ɑː t ə l	b ɑː t ə l d	b ɑː t ə l d	b ɑː r b	b ɑː r b d	b ɑː t ə l d	1	1	1
model_mean	ə s o ʊ s iː e ɪ t	ə s o ʊ s iː e ɪ t ə d	ə s o ʊ s iː e ɪ t ə d	ə s a ɪ n	ə s a ɪ n d	ə s o ʊ s iː e ɪ t d	1	0	0
model_mean	ɪ n s ɪ s t	ɪ n s ɪ s t ə d	ɪ n s ɪ s t ə d	ɪ n ɪ ʃ ə l	ɪ n ɪ ʃ ə l d	ɪ n s ɪ s t d	1	0	0
model_mean	w iː	w iː d	w iː d	w ɹ̩ iː	w ɹ̩ iː d	w iː d	1	1	1
model_mean	ʃ ɔ r t ə n	ʃ ɔ r t ə n d	ʃ ɔ r t ə n d	ɔ f ɹ̩	ɔ f ɹ̩ d	ʃ ɔ r t ə n d	1	1	1
model_mean	ə n l ɑː k	ə n l ɑː k t	ə n l ɑː k t	ə n d uː	ə n d ɪ d	NA	1	0	0
model_mean	d ʌ b ə l	d ʌ b ə l d	d ʌ b ə l d	d ʌ m p	d ʌ m p t	d ʌ b ə l t	1	0	0
model_mean	m ɑː p	m ɑː p t	m ɑː p t	m ɑː r k	m ɑː r k t	m ɑː p t	1	1	1
model_mean	f ɛ t͡ʃ	f ɛ t͡ʃ t	f ɛ t͡ʃ t	f ɛ r	f ɛ r d	f ɛ t͡ʃ d	1	0	0
model_mean	ʃ ɛ d	ʃ ɛ d ə d	ʃ ɛ d	ʃ ɛ r	ʃ ɛ r d	ʃ ɛ d d	1	0	0
model_mean	t r æ p	t r æ p t	t r æ p t	t r æ k	t r æ k t	t r æ p t	1	1	1
model_mean	b ɪ h e ɪ v	b ɪ h e ɪ v d	b ɪ h e ɪ v d	b e ɪ ð	b e ɪ ð d	b ɪ h e ɪ v d	1	1	1
model_mean	d ɪ l iː t	d ɪ l iː t ə d	d ɪ l iː t ə d	d ɪ z ɹ̩ v	d ɪ z ɹ̩ v d	d ɪ l iː t d	1	0	0
model_mean	p æ n	p æ n d	p æ n d	p ɪ n	p ɪ n d	p æ n d	1	1	1
model_mean	s k æ l ə p	s k æ l ə p t	s k æ l ə p t	s k æ m p ɹ̩	s k æ m p ɹ̩ d	s k æ l ə p d	1	0	0
model_mean	n o ʊ t	n o ʊ t ə d	n o ʊ t ə d	n o ʊ	n uː	NA	1	0	0
model_mean	p ɑː k ə t	p ɑː k ə t ə d	p ɑː k ə t ə d	p ɑː r k	p ɑː r k t	p ɑː k ə t t	1	0	0
model_mean	r ə f l ɛ k t	r ə f l ɛ k t ə d	r ə f l ɛ k t ə d	ə f ɔ r d	ə f ɔ r d ə d	r ə f l ɛ k t ə d	1	1	1
model_mean	s t e ɪ t	s t e ɪ t ə d	s t e ɪ t ə d	s t e ɪ n	s t e ɪ n d	s t e ɪ t d	1	0	0
model_mean	p r a ɪ	p r a ɪ d	p r a ɪ d	p r a ɪ z	p r a ɪ z d	p r a ɪ d	1	1	1
model_mean	ʃ uː	ʃ uː d	ʃ uː d	ʃ ɛ l	ʃ ɛ l d	ʃ uː d	1	1	1
model_mean	k ɑː n s ə n t r e ɪ t	k ɑː n s ə n t r e ɪ t ə d	k ə n s ə n t ə d	k ɑː n t ʊ r	k ɑː n t ʊ r d	k ɑː n s ə n t r e ɪ t d	1	0	0
model_mean	s ʌ f ɹ̩	s ʌ f ɹ̩ d	s ʌ f ɹ̩ d	s ɹ̩ t͡ʃ	s ɹ̩ t͡ʃ t	s ʌ f ɹ̩ t	1	0	0
model_mean	s ɪ z ə l	s ɪ z ə l d	s ɪ z ə l d	s ɪ ɡ n ə l	s ɪ ɡ n ə l d	s ɪ z ə l d	1	1	1
model_mean	p r ə p o ʊ z	p r ə p o ʊ z d	p r ə p o ʊ z d	p r ə d uː s	p r ə d uː s t	p r ə p o ʊ z t	1	0	0
model_mean	θ ɔ	θ ɔ d	θ ɔ d	θ r ɛ d	θ r ɛ d ə d	θ ɔ ə d	1	0	0
model_mean	r ɪ l e ɪ t	r ɪ l e ɪ t ə d	r ɪ l e ɪ t ə d	r ɪ l a ɪ	r ɪ l a ɪ d	r ɪ l e ɪ t d	1	0	0
model_mean	t ɪ k	t ɪ k t	t ɪ k t	t ɪ p	t ɪ p t	t ɪ k t	1	1	1
model_mean	ɛ d͡ʒ	ɛ d͡ʒ d	ɛ d͡ʒ d	ɛ r	ɛ r d	ɛ d͡ʒ d	1	1	1
model_mean	ɪ ɡ z ɪ s t	ɪ ɡ z ɪ s t ə d	ɪ ɡ z ɪ s t ə d	ɪ ɡ z ɔ s t	ɪ ɡ z ɔ s t ə d	ɪ ɡ z ɪ s t ə d	1	1	1
model_mean	θ ɪ k ə n	θ ɪ k ə n d	θ ɪ k ə n d	θ ɪ n	θ ɪ n d	θ ɪ k ə n d	1	1	1
model_mean	r ɪ t ɹ̩ n	r ɪ t ɹ̩ n d	r ɪ t ɹ̩ n d	r ɪ l iː v	r ɪ l iː v d	r ɪ t ɹ̩ n d	1	1	1
model_mean	t͡ʃ ɑː r d͡ʒ	t͡ʃ ɑː r d͡ʒ d	t͡ʃ ɑː r d͡ʒ d	t͡ʃ ɑː r m	t͡ʃ ɑː r m d	t͡ʃ ɑː r d͡ʒ d	1	1	1
model_mean	s t o ʊ n	s t o ʊ n d	s t o ʊ n d	s t r o ʊ l	s t r o ʊ l d	s t o ʊ n d	1	1	1
model_mean	w ɛ l k ə m	w ɛ l k ə m d	w ɛ l k ə m d	d w ɛ l	d w ɛ l d	w ɛ l k ə m d	1	1	1
model_mean	d ɪ n a ɪ	d ɪ n a ɪ d	d ɪ n a ɪ d	d r a ɪ	d r a ɪ d	d ɪ n a ɪ d	1	1	1
model_mean	ɔ r ɡ ə n a ɪ z	ɔ r ɡ ə n a ɪ z d	ɔ r ɡ ə n a ɪ z d	r iː d uː	r iː d ɪ d	NA	1	0	0
model_mean	k ɑː r d	k ɑː r d ə d	k ɑː r d ə d	k ɑː z	k ɑː z d	k ɑː r d d	1	0	0
model_mean	b o ʊ l t	b o ʊ l t ə d	b o ʊ l t ə d	b o ʊ l	b o ʊ l d	b o ʊ l t d	1	0	0
model_mean	s ə p ɔ r t	s ə p ɔ r t ə d	s ə p ɔ r t ə d	s ə p r ɛ s	s ə p r ɛ s t	s ə p ɔ r t t	1	0	0
model_mean	ɡ r a ʊ l	ɡ r a ʊ l d	ɡ r a ʊ l d	ɡ a ʊ d͡ʒ	ɡ a ʊ d͡ʒ d	ɡ r a ʊ l d	1	1	1
model_mean	d͡ʒ ɹ̩ k	d͡ʒ ɹ̩ k t	d͡ʒ ɹ̩ k t	d͡ʒ o ʊ k	d͡ʒ o ʊ k t	d͡ʒ ɹ̩ k t	1	1	1
model_mean	d ɪ s k ʌ v ɹ̩	d ɪ s k ʌ v ɹ̩ d	d ɪ s k ʌ v ɹ̩ d	d ɪ s k ʌ s	d ɪ s k ʌ s t	d ɪ s k ʌ v ɹ̩ t	1	0	0
model_mean	l æ s t	l æ s t ə d	l æ s t	l æ f	l æ f t	l æ s t t	1	0	0
model_mean	s ɛ n t ə n s	s ɛ n t ə n s t	s ɛ n t ə n s t	s ɛ n t ɹ̩	s ɛ n t ɹ̩ d	s ɛ n t ə n s d	1	0	0
model_mean	t æ t ə l	t æ t ə l d	t æ t ə l d	t æ ɡ	t æ ɡ d	t æ t ə l d	1	1	1
model_mean	ə r ɛ s t	ə r ɛ s t ə d	ə r ɛ s t ə d	r ə s iː v	r ə s iː v d	ə r ɛ s t d	1	0	0
model_mean	ə n l o ʊ d	ə n l o ʊ d ə d	ə n l o ʊ d	ə n t a ɪ	ə n t a ɪ d	ə n l o ʊ d d	1	0	0
model_mean	n a ɪ f	n a ɪ f t	n a ɪ f t	n e ɪ l	n e ɪ l d	n a ɪ f d	1	0	0
model_mean	ə p r iː ʃ iː e ɪ t	ə p r iː ʃ iː e ɪ t ə d	ə p r iː p r iː d	p r ə t ɛ k t	p r ə t ɛ k t ə d	ə p r iː ʃ iː e ɪ t ə d	1	0	1
model_mean	r ʌ f	r ʌ f t	r ʌ f t	r ʌ ʃ	r ʌ ʃ t	r ʌ f t	1	1	1
model_mean	l æ t͡ʃ	l æ t͡ʃ t	l æ t͡ʃ t	l æ p	l æ p t	l æ t͡ʃ t	1	1	1
model_mean	ɪ m p r uː v	ɪ m p r uː v d	ɪ m p r uː v d	ɪ m p r ɪ z ə n	ɪ m p r ɪ z ə n d	ɪ m p r uː v d	1	1	1
model_mean	r ɪ v ɹ̩ t	r ɪ v ɹ̩ t ə d	r ɪ v ɹ̩ t ə d	r ɪ l iː v	r ɪ l iː v d	r ɪ v ɹ̩ t d	1	0	0
model_mean	d ɔ n	d ɔ n d	d ɔ n d	d ɔ ɡ	d ɔ ɡ d	d ɔ n d	1	1	1
model_mean	d ʌ ŋ k	d ʌ ŋ k t	d ʌ ŋ k t	d ʌ b	d ʌ b d	d ʌ ŋ k d	1	0	0
model_mean	m ə n uː v ɹ̩	m ə n uː v ɹ̩ d	m ə n v uː ɹ̩ d	ə m e ɪ z	ə m e ɪ z d	m ə n uː v ɹ̩ d	1	0	1
model_mean	s w uː ʃ	s w uː ʃ t	s w uː ʃ t	s w uː p	s w uː p t	s w uː ʃ t	1	1	1
model_mean	l uː p	l uː p t	l uː p t	l uː s	l uː s t	l uː p t	1	1	1
model_mean	ə b a ɪ d	ə b a ɪ d ə d	ə b a ɪ d ə d	b iː d	b iː d ə d	ə b a ɪ d ə d	1	1	1
model_mean	k ə m p ɛ r	k ə m p ɛ r d	k ə m p ɛ r d	k ə n ɛ k t	k ə n ɛ k t ə d	k ə m p ɛ r ə d	1	0	0
model_mean	t͡ʃ æ n ə l	t͡ʃ æ n ə l d	t͡ʃ æ n ə l d	t͡ʃ ɪ l	t͡ʃ ɪ l d	t͡ʃ æ n ə l d	1	1	1
model_mean	s t ɔ r	s t ɔ r d	s t ɔ r d	s t ɔ r iː	s t ɔ r iː d	s t ɔ r d	1	1	1
model_mean	r ɪ p ɛ r	r ɪ p ɛ r d	r ɪ p ɛ p t	r ɪ p ɛ l	r ɪ p ɛ l d	r ɪ p ɛ r d	1	0	1
model_mean	d ɪ ʃ	d ɪ ʃ t	d ɪ ʃ t	d æ ʃ	d æ ʃ t	d ɪ ʃ t	1	1	1
model_mean	s p ɑː r k ə l	s p ɑː r k ə l d	s p ɑː r k ə l d	s p ɑː r k	s p ɑː r k t	s p ɑː r k ə l t	1	0	0
model_mean	k w a ɪ ə t	k w a ɪ ə t ə d	k w a ɪ ə t ə d	k w ɪ t	k w ɪ t	k w a ɪ ə t	1	0	0
model_mean	k ə n t ɪ n j uː	k ə n t ɪ n j uː d	k ə n t ɪ n t ɪ d	k ə n t e ɪ n	k ə n t e ɪ n d	k ə n t ɪ n j uː d	1	0	1
model_mean	p ɑː t	p ɑː t ə d	p ɑː t	p ɑː r t	p ɑː r t ə d	p ɑː t ə d	1	0	1
model_mean	p r ɪ n t	p r ɪ n t ə d	p r ɪ n t ə d	p r e ɪ z	p r e ɪ z d	p r ɪ n t d	1	0	0
model_mean	s p a ɪ s	s p a ɪ s t	s p a ɪ s t	s p a ɪ k	s p a ɪ k t	s p a ɪ s t	1	1	1
model_mean	b ɑː d iː	b ɑː d iː d	b ɑː d iː d	b iː d	b iː d ə d	b ɑː d iː ə d	1	0	0
model_mean	s t r o ʊ k	s t r o ʊ k t	s t r o ʊ k t	s t r o ʊ l	s t r o ʊ l d	s t r o ʊ k d	1	0	0
model_mean	ə n w a ɪ n d	ə n w a ʊ n d	ə n w a ɪ n d ə d	ə n t a ɪ	ə n t a ɪ d	ə n w a ɪ n d d	0	0	0
model_mean	s t r æ ŋ ɡ ə l	s t r æ ŋ ɡ ə l d	s t r æ ŋ ɡ r uː d	s t r æ d ə l	s t r æ d ə l d	s t r æ ŋ ɡ ə l d	1	0	1
model_mean	p ɑː l ɪ ʃ	p ɑː l ɪ ʃ t	p ɑː l ɪ ʃ t	p l ɑː p	p l ɑː p t	p ɑː l ɪ ʃ t	1	1	1
model_mean	p a ʊ n d	p a ʊ n d ə d	p a ʊ n d ə d	p a ʊ n s	p a ʊ n s t	p a ʊ n d t	1	0	0
model_mean	w ɪ s k	w ɪ s k t	w ɪ s k t	w ɪ s p ɹ̩	w ɪ s p ɹ̩ d	w ɪ s k d	1	0	0
model_mean	ɡ l o ʊ	ɡ l o ʊ d	ɡ l uː	ɡ r o ʊ	ɡ r uː	ɡ l uː	1	1	0
model_mean	a ɪ s	a ɪ s t	a ɪ s t	a ɪ	a ɪ d	a ɪ s d	1	0	0
model_mean	t iː z	t iː z d	t iː z d	t iː m	t iː m d	t iː z d	1	1	1
model_mean	ɪ r ʌ p t	ɪ r ʌ p t ə d	ɪ r ʌ p t ə d	r ɪ v ə t	r ɪ v ə t ə d	ɪ r ʌ p t ə d	1	1	1
model_mean	k ɑː n	k ɑː n d	k ɑː n d	k ɑː z	k ɑː z d	k ɑː n d	1	1	1
model_mean	d ɪ z ɑː l v	d ɪ z ɑː l v d	d ɪ z ɑː l v d	d ɪ z ɹ̩ v	d ɪ z ɹ̩ v d	d ɪ z ɑː l v d	1	1	1
model_mean	b l ɛ n d	b l ɛ n d ə d	b l ɛ n d ə d	b l ɪ ŋ k	b l ɪ ŋ k t	b l ɛ n d t	1	0	0
model_mean	ə r e ɪ n d͡ʒ	ə r e ɪ n d͡ʒ d	ə r e ɪ n d͡ʒ d	ə r a ɪ z	ə r o ʊ z	NA	1	0	0
model_mean	f r e ɪ m	f r e ɪ m d	f r e ɪ m d	f r a ɪ	f r a ɪ d	f r e ɪ m d	1	1	1
model_mean	k ə m p iː t	k ə m p iː t ə d	k ə m p iː t ə d	k ə n ɛ k t	k ə n ɛ k t ə d	k ə m p iː t ə d	1	1	1
model_mean	s p iː d	s p ɛ d	s p iː d	s p ɹ̩ t	s p ɹ̩ t ə d	s p iː d ə d	0	0	0
model_mean	h ɔ l	h ɔ l d	h ɔ l d	h iː l	h iː l d	h ɔ l d	1	1	1
model_mean	s n æ ɡ	s n æ ɡ d	s n æ ɡ d	s n iː k	s n iː k t	s n æ ɡ t	1	0	0
model_mean	ɪ n t r iː ɡ	ɪ n t r iː ɡ d	ɪ n t r iː ɡ d	r ɪ l iː v	r ɪ l iː v d	ɪ n t r iː ɡ d	1	1	1
model_mean	l ɔ n t͡ʃ	l ɔ n t͡ʃ t	l ɔ n t͡ʃ t	l ʌ n t͡ʃ	l ʌ n t͡ʃ t	l ɔ n t͡ʃ t	1	1	1
model_mean	s æ ɡ	s æ ɡ d	s æ ɡ d	s t ɹ̩	s t ɹ̩ d	s æ ɡ d	1	1	1
model_mean	d ɪ v ɛ l ə p	d ɪ v ɛ l ə p t	d ɪ v ɛ l ə p t	d ɪ v a ɪ d	d ɪ v a ɪ d ə d	d ɪ v ɛ l ə p ə d	1	0	0
model_mean	s ɹ̩ v a ɪ v	s ɹ̩ v a ɪ v d	s ɹ̩ v a ɪ v d	s ɹ̩ a ʊ n d	s ɹ̩ a ʊ n d ə d	s ɹ̩ v a ɪ v ə d	1	0	0
model_mean	r iː b ɪ l d	r iː b ɪ l t	r iː b ɪ l d ə d	r iː æ k t	r iː æ k t ə d	r iː b ɪ l d ə d	0	1	0
model_mean	ɛ n t ɹ̩	ɛ n t ɹ̩ d	ɛ n t ɹ̩ d	ɛ n d͡ʒ ɔ ɪ	ɛ n d͡ʒ ɔ ɪ d	ɛ n t ɹ̩ d	1	1	1
model_mean	w ɹ̩ l	w ɹ̩ l d	w ɹ̩ l d	w ɹ̩ iː	w ɹ̩ iː d	w ɹ̩ l d	1	1	1
model_mean	s p l æ t ɹ̩	s p l æ t ɹ̩ d	s p l æ t ɹ̩ d	s p l æ ʃ	s p l æ ʃ t	s p l æ t ɹ̩ t	1	0	0
model_mean	w ɹ̩ ʃ ɪ p	w ɹ̩ ʃ ɪ p t	w ɹ̩ ʃ ɪ p t	w ɹ̩ k	w ɹ̩ k t	w ɹ̩ ʃ ɪ p t	1	1	1
model_mean	n iː d ə l	n iː d ə l d	n iː d ə l d	n iː d	n iː d ə d	n iː d ə l ə d	1	0	0
model_mean	s p e ɪ s	s p e ɪ s t	s p e ɪ s t	s p a ɪ k	s p a ɪ k t	s p e ɪ s t	1	1	1
model_mean	f l ɹ̩ t	f l ɹ̩ t ə d	f l ɹ̩ t ə d	f l iː	f l ɛ d	NA	1	0	0
model_mean	p ɛ ɡ	p ɛ ɡ d	p ɛ ɡ d	p ɛ r	p ɛ r d	p ɛ ɡ d	1	1	1
model_mean	p a ʊ ɹ̩	p a ʊ ɹ̩ d	p a ʊ ɹ̩ d	p l a ʊ	p l a ʊ d	p a ʊ ɹ̩ d	1	1	1
model_mean	d ɪ s ɡ ʌ s t	d ɪ s ɡ ʌ s t ə d	d ɪ s ɡ s t	d ɪ s ɡ a ɪ z	d ɪ s ɡ a ɪ z d	d ɪ s ɡ ʌ s t d	1	0	0
model_mean	ɪ n k l uː d	ɪ n k l uː d ə d	ɪ n k l uː d ə d	k l a ʊ d	k l a ʊ d ə d	ɪ n k l uː d ə d	1	1	1
model_mean	h a ʊ l	h a ʊ l d	h a ʊ l d	h a ʊ z	h a ʊ z d	h a ʊ l d	1	1	1
model_mean	s ɪ m ɹ̩	s ɪ m ɹ̩ d	s ɪ m ɹ̩ d	s k ɹ̩ iː	s k ɹ̩ iː d	s ɪ m ɹ̩ d	1	1	1
model_mean	k ə m p l iː t	k ə m p l iː t ə d	k ə m p l iː t ə d	k ə n ɛ k t	k ə n ɛ k t ə d	k ə m p l iː t ə d	1	1	1
model_mean	l e ɪ ɹ̩	l e ɪ ɹ̩ d	l e ɪ ɹ̩ d	l e ɪ	l e ɪ d	l e ɪ ɹ̩ d	1	1	1
model_mean	d ɑː k	d ɑː k t	d ɑː k t	d ɑː k t ɹ̩	d ɑː k t ɹ̩ d	d ɑː k d	1	0	0
model_mean	æ d m a ɪ ɹ̩	æ d m a ɪ ɹ̩ d	æ d a ɪ d ɹ̩ d	d æ z ə l	d æ z ə l d	æ d m a ɪ ɹ̩ d	1	0	1
model_mean	d ɪ f ɛ n d	d ɪ f ɛ n d ə d	d ɪ f ɛ n d ə d	d ɪ f iː t	d ɪ f iː t ə d	d ɪ f ɛ n d ə d	1	1	1
model_mean	p r ɪ v ɛ n t	p r ɪ v ɛ n t ə d	p r ɪ v ɛ n t ə d	p r ɪ d ɪ k t	p r ɪ d ɪ k t ə d	p r ɪ v ɛ n t ə d	1	1	1
model_mean	p ɔ z	p ɔ z d	p ɔ z d	p ɔ r	p ɔ r d	p ɔ z d	1	1	1
model_mean	ə n ɔ ɪ	ə n ɔ ɪ d	ə n ɔ ɪ d	ə n t a ɪ	ə n t a ɪ d	ə n ɔ ɪ d	1	1	1
model_mean	k ɹ̩ o ʊ d	k ɹ̩ o ʊ d ə d	k ɹ̩ o ʊ d ə d	k r o ʊ	k r o ʊ d	k ɹ̩ o ʊ d d	1	0	0
model_mean	ɡ r ʌ n t	ɡ r ʌ n t ə d	ɡ r ʌ n t ə d	ɡ r æ n t	ɡ r æ n t ə d	ɡ r ʌ n t ə d	1	1	1
model_mean	t r ʌ m p ə t	t r ʌ m p ə t ə d	t r ʌ m p ə t ə d	t r iː t	t r iː t ə d	t r ʌ m p ə t ə d	1	1	1
model_mean	r ɪ ɡ r ɛ t	r ɪ ɡ r ɛ t ə d	r ɪ ɡ r ɛ t ə d	r ɛ d iː	r ɛ d iː d	r ɪ ɡ r ɛ t d	1	0	0
model_mean	b ɔ r	b ɔ r d	b ɔ r d	b ɔ l	b ɔ l d	b ɔ r d	1	1	1
model_mean	k ə m p l e ɪ n	k ə m p l e ɪ n d	k ə m p l e ɪ n d	k ə n t r o ʊ l	k ə n t r o ʊ l d	k ə m p l e ɪ n d	1	1	1
model_mean	s p ɔ r t	s p ɔ r t ə d	s p ɔ r t ə d	s p j uː	s p j uː d	s p ɔ r t d	1	0	0
model_mean	ɡ r æ s	ɡ r æ s t	ɡ r æ s t	ɡ r uː p	ɡ r uː p t	ɡ r æ s t	1	1	1
model_mean	θ ʌ m	θ ʌ m d	θ ʌ m d	θ r o ʊ	θ r uː	NA	1	0	0
model_mean	ɪ k s p o ʊ z	ɪ k s p o ʊ z d	ɪ k s p o ʊ z d	ɪ k s p l o ʊ d	ɪ k s p l o ʊ d ə d	ɪ k s p o ʊ z ə d	1	0	0
model_mean	p l ʌ ŋ k	p l ʌ ŋ k t	p l ʌ ŋ k t	p l ʌ m p	p l ʌ m p t	p l ʌ ŋ k t	1	1	1
model_mean	s p l ɪ t	s p l ɪ t	s p l ɪ t ə d	s p l æ ʃ	s p l æ ʃ t	s p l ɪ t t	0	0	0
model_mean	b æ n ɪ ʃ	b æ n ɪ ʃ t	b æ n ɪ ʃ t	b æ l ə n s	b æ l ə n s t	b æ n ɪ ʃ t	1	1	1
model_mean	b ɛ l t͡ʃ	b ɛ l t͡ʃ t	b ɛ l t͡ʃ t	b l ɑː k	b l ɑː k t	b ɛ l t͡ʃ t	1	1	1
model_mean	s t ʌ b	s t ʌ b d	s t ʌ b d	s t ʌ f	s t ʌ f t	s t ʌ b t	1	0	0
model_mean	d ɪ p ɔ r t	d ɪ p ɔ r t ə d	d ɪ p ɔ r t ə d	d ɪ p ɛ n d	d ɪ p ɛ n d ə d	d ɪ p ɔ r t ə d	1	1	1
model_mean	m ɑː r k ə t	m ɑː r k ə t ə d	m ɑː r k ə t ə d	m ɑː r b ə l	m ɑː r b ə l d	m ɑː r k ə t d	1	0	0
model_mean	æ d v ɹ̩ t a ɪ z	æ d v ɹ̩ t a ɪ z d	æ d v ɹ̩ t a ɪ z d	d æ z ə l	d æ z ə l d	æ d v ɹ̩ t a ɪ z d	1	1	1
model_mean	ɡ ɑː l f	ɡ ɑː l f t	ɡ ɑː l f t	ɡ ɑː b ə l	ɡ ɑː b ə l d	ɡ ɑː l f d	1	0	0
model_mean	d ɪ t ɹ̩ m ə n	d ɪ t ɹ̩ m ə n d	d ɪ t ɹ̩ m ə n d	d ɪ s t ɹ̩ b	d ɪ s t ɹ̩ b d	d ɪ t ɹ̩ m ə n d	1	1	1
model_mean	o ʊ v ɹ̩ k ʊ k	o ʊ v ɹ̩ k ʊ k t	o ʊ v ɹ̩ k ʊ k ə d	o ʊ v ɹ̩ l æ p	o ʊ v ɹ̩ l æ p t	o ʊ v ɹ̩ k ʊ k t	1	0	1
model_mean	d͡ʒ e ɪ l	d͡ʒ e ɪ l d	d͡ʒ e ɪ l d	d͡ʒ o ʊ k	d͡ʒ o ʊ k t	d͡ʒ e ɪ l t	1	0	0
model_mean	p iː r	p iː r d	p iː r d	p ɔ r	p ɔ r d	p iː r d	1	1	1
model_mean	f ʊ t	f ʊ t ə d	f ʊ t	f ɛ r	f ɛ r d	f ʊ t d	1	0	0
model_mean	ɛ k o ʊ	ɛ k o ʊ d	ɛ k o ʊ k	ɛ m p t iː	ɛ m p t iː d	ɛ k o ʊ d	1	0	1
model_mean	s p r e ɪ n	s p r e ɪ n d	s p r e ɪ n d	s p r e ɪ	s p r e ɪ d	s p r e ɪ n d	1	1	1
model_mean	k æ m ə f l ɑː ʒ	k æ m ə f l ɑː ʒ d	k æ m ə f l l l d	k æ m p	k æ m p t	k æ m ə f l ɑː ʒ t	1	0	0
model_mean	d ɪ m æ n d	d ɪ m æ n d ə d	d ɪ m æ n d ə d	d ɪ z ɹ̩ v	d ɪ z ɹ̩ v d	d ɪ m æ n d d	1	0	0
model_mean	ɔ l t ɹ̩	ɔ l t ɹ̩ d	ɔ l t ɹ̩ d	ɔ r d ɹ̩	ɔ r d ɹ̩ d	ɔ l t ɹ̩ d	1	1	1
model_mean	d͡ʒ ʌ d͡ʒ	d͡ʒ ʌ d͡ʒ d	d͡ʒ ʌ d͡ʒ d	d͡ʒ ʌ m p	d͡ʒ ʌ m p t	d͡ʒ ʌ d͡ʒ t	1	0	0
model_mean	b l iː t͡ʃ	b l iː t͡ʃ t	b l iː t͡ʃ t	b l uː m	b l uː m d	b l iː t͡ʃ d	1	0	0
model_mean	s iː r	s iː r d	s iː r d	s iː m	s iː m d	s iː r d	1	1	1
model_mean	s ə s p ɛ n d	s ə s p ɛ n d ə d	s ə s p ɛ n d	s ə k s iː d	s ə k s iː d ə d	s ə s p ɛ n d ə d	1	0	1
model_mean	s t r iː m l a ɪ n	s t r iː m l a ɪ n d	s t r iː m j a ɪ n d	r iː s a ɪ k ə l	r iː s a ɪ k ə l d	s t r iː m l a ɪ n d	1	0	1
model_mean	ʃ æ t ɹ̩	ʃ æ t ɹ̩ d	ʃ æ t ɹ̩ d	ʃ uː t	ʃ ɑː t	NA	1	0	0
model_mean	t e ɪ l	t e ɪ l d	t e ɪ l d	t e ɪ m	t e ɪ m d	t e ɪ l d	1	1	1
model_mean	w iː k ə n	w iː k ə n d	w iː k ə n d	iː k w ə l	iː k w ə l d	w iː k ə n d	1	1	1
model_stem	s iː	s ɔ	s iː d	k iː	k iː d	s iː d	0	1	0
model_stem	ɡ ɛ t	ɡ ɑː t	ɡ ɛ t	b ɛ t	b ɛ t	ɡ ɛ t	0	1	0
model_stem	n ɑː k	n ɑː k t	n ɑː k t	k ɑː k	k ɑː k t	n ɑː k t	1	1	1
model_stem	θ ɪ ŋ k	θ ɔ t	θ ɪ ŋ k t	θ æ ŋ k	θ æ ŋ k t	θ ɪ ŋ k t	0	1	0
model_stem	k l iː n	k l iː n d	k l iː n d	b o ʊ n	b o ʊ n d	k l iː n d	1	1	1
model_stem	b ɪ l iː v	b ɪ l iː v d	b ɪ l iː v d	r ɪ l iː v	r ɪ l iː v d	b ɪ l iː v d	1	1	1
model_stem	ɡ ɪ v	ɡ e ɪ v	ɡ ɪ v d	s ɹ̩ v	s ɹ̩ v d	ɡ ɪ v d	0	1	0
model_stem	t e ɪ k	t ʊ k	t e ɪ k t	f e ɪ k	f e ɪ k t	t e ɪ k t	0	1	0
model_stem	s t æ n d	s t ʊ d	s t æ n d ə d	f ɹ̩ b ɪ d	f ɹ̩ b e ɪ d	NA	0	0	0
model_stem	j ɛ l	j ɛ l d	j ɛ l d	s ɛ l	s o ʊ l d	j o ʊ l d	1	0	0
model_stem	f ɪ k s	f ɪ k s t	f ɪ k s t	f ɔ r s	f ɔ r s t	f ɪ k s t	1	1	1
model_stem	k l æ p	k l æ p t	k l æ p t	s l æ p	s l æ p t	k l æ p t	1	1	1
model_stem	r a ɪ m	r a ɪ m d	r a ɪ m d	s k ɪ m	s k ɪ m d	r a ɪ m d	1	1	1
model_stem	t ɛ l	t o ʊ l d	t ɛ l d	s ɛ l	s o ʊ l d	t o ʊ l d	0	0	1
model_stem	f ɔ l	f ɛ l	f ɔ l d	b ɔ l	b ɔ l d	f ɔ l d	0	1	0
model_stem	r o ʊ l	r o ʊ l d	r o ʊ l d	h o ʊ l	h o ʊ l d	r o ʊ l d	1	1	1
model_stem	k uː l	k uː l d	k uː l d	p uː l	p uː l d	k uː l d	1	1	1
model_stem	s ɪ ŋ	s æ ŋ	s ɪ ŋ d	r ɪ ŋ	r æ ŋ	s æ ŋ	0	0	1
model_stem	h o ʊ l d	h ɛ l d	h o ʊ l d ə d	s a ʊ n d	s a ʊ n d ə d	h o ʊ l d ə d	0	1	0
model_stem	d r ɛ s	d r ɛ s t	d r ɛ s t	d a ɪ s	d a ɪ s t	d r ɛ s t	1	1	1
model_stem	w e ɪ k	w o ʊ k	w e ɪ k t	f e ɪ k	f e ɪ k t	w e ɪ k t	0	1	0
model_stem	m uː v	m uː v d	m uː v d	k ɹ̩ v	k ɹ̩ v d	m uː v d	1	1	1
model_stem	b ɪ l d	b ɪ l t	b ɪ l d ə d	ɡ a ɪ d	ɡ a ɪ d ə d	b ɪ l d ə d	0	1	0
model_stem	p uː p	p uː p t	p uː p t	k uː p	k uː p t	p uː p t	1	1	1
model_stem	k ɛ r	k ɛ r d	k ɛ r d	ʃ ɛ r	ʃ ɛ r d	k ɛ r d	1	1	1
model_stem	b ɛ r iː	b ɛ r iː d	b ɛ r iː d	h ɛ r iː	h ɛ r iː d	b ɛ r iː d	1	1	1
model_stem	p æ n t	p æ n t ə d	p æ n t ə d	p ɑː r t	p ɑː r t ə d	p æ n t ə d	1	1	1
model_stem	t ʌ k	t ʌ k t	t ʌ k t	t͡ʃ ɛ k	t͡ʃ ɛ k t	t ʌ k t	1	1	1
model_stem	b ɑː ð ɹ̩	b ɑː ð ɹ̩ d	b ɑː ð ɹ̩ d	f ɹ̩ ð ɹ̩	f ɹ̩ ð ɹ̩ d	b ɑː ð ɹ̩ d	1	1	1
model_stem	ɛ ɡ z ɪ t	ɛ ɡ z ɪ t ə d	ɛ ɡ z ɪ t ə d	ɛ n æ k t	ɛ n æ k t ə d	ɛ ɡ z ɪ t ə d	1	1	1
model_stem	s t e ɪ	s t e ɪ d	s t e ɪ d	s w e ɪ	s w e ɪ d	s t e ɪ d	1	1	1
model_stem	w ʌ n d ɹ̩	w ʌ n d ɹ̩ d	w ʌ n d ɹ̩ d	θ ʌ n d ɹ̩	θ ʌ n d ɹ̩ d	w ʌ n d ɹ̩ d	1	1	1
model_stem	d ɪ p	d ɪ p t	d ɪ p t	t ɪ p	t ɪ p t	d ɪ p t	1	1	1
model_stem	h ʌ ɡ	h ʌ ɡ d	h ʌ ɡ d	b ʌ ɡ	b ʌ ɡ d	h ʌ ɡ d	1	1	1
model_stem	v ɔ ɪ s	v ɔ ɪ s t	v ɔ ɪ s t	b e ɪ s	b e ɪ s t	v ɔ ɪ s t	1	1	1
model_stem	ə t æ t͡ʃ	ə t æ t͡ʃ t	ə t æ t͡ʃ t	b ʌ n t͡ʃ	b ʌ n t͡ʃ t	ə t æ t͡ʃ t	1	1	1
model_stem	s m ɛ l	s m ɛ l d	s m ɛ l d	s p ɛ l	s p ɛ l d	s m ɛ l d	1	1	1
model_stem	f ɪ n ɪ ʃ	f ɪ n ɪ ʃ t	f ɪ n ɪ ʃ t	v æ n ɪ ʃ	v æ n ɪ ʃ t	f ɪ n ɪ ʃ t	1	1	1
model_stem	t r ɑː t	t r ɑː t ə d	t r ɑː t ə d	d ɑː r t	d ɑː r t ə d	t r ɑː t ə d	1	1	1
model_stem	b l ɛ s	b l ɛ s t	b l ɛ s t	b e ɪ s	b e ɪ s t	b l ɛ s t	1	1	1
model_stem	l ɛ d	l ɛ d ə d	l ɛ d	b ɛ d	b ɛ d ə d	l ɛ d ə d	1	0	1
model_stem	p r ɛ s	p r ɛ s t	p r ɛ s t	b e ɪ s	b e ɪ s t	p r ɛ s t	1	1	1
model_stem	ə n z ɪ p	ə n z ɪ p t	ə n z ɪ p t	s w a ɪ p	s w a ɪ p t	ə n z ɪ p t	1	1	1
model_stem	f ɪ l t ɹ̩	f ɪ l t ɹ̩ d	f ɪ l t ɹ̩ d	w ɪ n t ɹ̩	w ɪ n t ɹ̩ d	f ɪ l t ɹ̩ d	1	1	1
model_stem	ʃ e ɪ v	ʃ e ɪ v d	ʃ e ɪ v d	s e ɪ v	s e ɪ v d	ʃ e ɪ v d	1	1	1
model_stem	k ɑː s t	k ɑː s t	k ɑː s t	k æ s t	k æ s t	k ɑː s t	0	1	1
model_stem	b r ʌ ʃ	b r ʌ ʃ t	b r ʌ ʃ t	b l ʌ ʃ	b l ʌ ʃ t	b r ʌ ʃ t	1	1	1
model_stem	l æ n d	l æ n d ə d	l æ n d ə d	l ɛ n d	l ɛ n t	l æ n t	1	0	0
model_stem	s t ɛ p	s t ɛ p t	s t ɛ p t	s w iː p	s w ɛ p t	NA	1	0	0
model_stem	m ɪ l k	m ɪ l k t	m ɪ l k t	m e ɪ k	m e ɪ d	m ɪ l d	1	0	0
model_stem	b ɛ s t	b ɛ s t ə d	b ɛ s t ə d	b ʌ s t	b ʌ s t ə d	b ɛ s t ə d	1	1	1
model_stem	m a ɪ n d	m a ɪ n d ə d	m a ʊ n d ə d	f a ɪ n d	f a ʊ n d	m a ʊ n d	1	0	0
model_stem	w a ɪ t	w a ɪ t ə d	w a ɪ t ə d	w e ɪ t	w e ɪ t ə d	w a ɪ t ə d	1	1	1
model_stem	m æ k s	m æ k s t	m æ k s t	m ɪ k s	m ɪ k s t	m æ k s t	1	1	1
model_stem	r iː t͡ʃ	r iː t͡ʃ t	r iː t͡ʃ t	h ɪ t͡ʃ	h ɪ t͡ʃ t	r iː t͡ʃ t	1	1	1
model_stem	h o ʊ p	h o ʊ p t	h o ʊ p t	h ɛ l p	h ɛ l p t	h o ʊ p t	1	1	1
model_stem	f o ʊ l d	f o ʊ l d ə d	f o ʊ l d ə d	r a ʊ n d	r a ʊ n d ə d	f o ʊ l d ə d	1	1	1
model_stem	k l ɪ n t͡ʃ	k l ɪ n t͡ʃ t	k l ɪ n t͡ʃ t	k r ʌ n t͡ʃ	k r ʌ n t͡ʃ t	k l ɪ n t͡ʃ t	1	1	1
model_stem	t r ɪ k	t r ɪ k t	t r ɪ k t	b e ɪ k	b e ɪ k t	t r ɪ k t	1	1	1
model_stem	b ɛ n d	b ɛ n d ə d	b ɛ n t ə d	b æ n d	b æ n d ə d	b ɛ n d ə d	1	0	1
model_stem	a ɪ d ɛ n t ə f a ɪ	a ɪ d ɛ n t ə f a ɪ d	a ɪ d	m æ ɡ n ə f a ɪ	m æ ɡ n ə f a ɪ d	a ɪ d ɛ n t ə f a ɪ d	1	0	1
model_stem	d͡ʒ ɔ ɪ n	d͡ʒ ɔ ɪ n d	d͡ʒ ɔ ɪ n d	iː v ɪ n	iː v ɪ n d	d͡ʒ ɔ ɪ n d	1	1	1
model_stem	k ə n f j uː z	k ə n f j uː z d	k ə n f j uː z d	ɪ k s k j uː z	ɪ k s k j uː z d	k ə n f j uː z d	1	1	1
model_stem	b ɛ r	b o ʊ r	b ɛ r d	f ɛ r	f ɛ r d	b ɛ r d	0	1	0
model_stem	r ɛ s t	r ɛ s t ə d	r ɛ s t	l ɪ s t	l ɪ s t	r ɛ s t	1	1	0
model_stem	p iː	p iː d	p iː d	k iː	k iː d	p iː d	1	1	1
model_stem	ɡ r æ b	ɡ r æ b d	ɡ r æ b d	s t æ b	s t æ b d	ɡ r æ b d	1	1	1
model_stem	ə p r o ʊ t͡ʃ	ə p r o ʊ t͡ʃ t	ə p r o ʊ t͡ʃ t	t iː t͡ʃ	t ɔ t	NA	1	0	0
model_stem	p iː l	p iː l d	p iː l d	d iː l	d ɛ l t	p ɛ l t	1	0	0
model_stem	m ɑː r t͡ʃ	m ɑː r t͡ʃ t	m ɑː r t͡ʃ t	m ʌ n t͡ʃ	m ʌ n t͡ʃ t	m ɑː r t͡ʃ t	1	1	1
model_stem	t æ k ə l	t æ k ə l d	t æ k ə l d	t ɪ k ə l	t ɪ k ə l d	t æ k ə l d	1	1	1
model_stem	d ɪ ɡ	d ʌ ɡ	d ɪ ɡ d	b ʌ ɡ	b ʌ ɡ d	d ɪ ɡ d	0	1	0
model_stem	s ɛ t ə l	s ɛ t ə l d	s ɛ t ə l d	s æ d ə l	s æ d ə l d	s ɛ t ə l d	1	1	1
model_stem	ɪ ɡ n ɔ r	ɪ ɡ n ɔ r d	ɪ ɡ ɔ r ɔ r	s k w ɛ r	s k w ɛ r d	ɪ ɡ n ɔ r d	1	0	1
model_stem	k ʌ v ɹ̩	k ʌ v ɹ̩ d	k ʌ v ɹ̩ d	k ʌ l ɹ̩	k ʌ l ɹ̩ d	k ʌ v ɹ̩ d	1	1	1
model_stem	r ɑː t	r ɑː t ə d	r ɑː t	r uː t	r uː t ə d	r ɑː t ə d	1	0	1
model_stem	f l æ t ɹ̩	f l æ t ɹ̩ d	f l æ t ɹ̩ d	k l ʌ t ɹ̩	k l ʌ t ɹ̩ d	f l æ t ɹ̩ d	1	1	1
model_stem	b ʌ b ə l	b ʌ b ə l d	b ʌ b ə l d	b æ b ə l	b æ b ə l d	b ʌ b ə l d	1	1	1
model_stem	k o ʊ ɑː p ɹ̩ e ɪ t	k o ʊ ɑː p ɹ̩ e ɪ t ə d	k o ʊ p ɹ̩ p ɹ̩ d	d ɛ v ə s t e ɪ t	d ɛ v ə s t e ɪ t ə d	k o ʊ ɑː p ɹ̩ e ɪ t ə d	1	0	1
model_stem	ɡ r iː n	ɡ r iː n d	ɡ r iː n d	ɡ e ɪ n	ɡ e ɪ n d	ɡ r iː n d	1	1	1
model_stem	r e ɪ s	r e ɪ s t	r e ɪ s t	l e ɪ s	l e ɪ s t	r e ɪ s t	1	1	1
model_stem	d æ n s	d æ n s t	d æ n s t	d a ɪ s	d a ɪ s t	d æ n s t	1	1	1
model_stem	p r ɑː d͡ʒ ɛ k t	p r ɑː d͡ʒ ɛ k t ə d	p r ɑː d͡ʒ ɛ k t ə d	p r iː z ɛ n t	p r iː z ɛ n t ə d	p r ɑː d͡ʒ ɛ k t ə d	1	1	1
model_stem	b ɛ ɡ	b ɛ ɡ d	b ɛ ɡ d	b ʌ ɡ	b ʌ ɡ d	b ɛ ɡ d	1	1	1
model_stem	s ɹ̩ v ɪ s	s ɹ̩ v ɪ s t	s ɹ̩ v ɪ s t	r ɪ v ɹ̩ s	r ɪ v ɹ̩ s t	s ɹ̩ v ɪ s t	1	1	1
model_stem	r ɛ p r ə z ɛ n t	r ɛ p r ə z ɛ n t ə d	r ɛ p r ə z ɛ n t ə d	k ə n s t r ʌ k t	k ə n s t r ʌ k t ə d	r ɛ p r ə z ɛ n t ə d	1	1	1
model_stem	ɪ m ɹ̩ d͡ʒ	ɪ m ɹ̩ d͡ʒ d	ɪ m ɹ̩ d͡ʒ d	b r ɪ d͡ʒ	b r ɪ d͡ʒ d	ɪ m ɹ̩ d͡ʒ d	1	1	1
model_stem	b ɔ ɪ l	b ɔ ɪ l d	b ɔ ɪ l d	t ɔ ɪ l	t ɔ ɪ l d	b ɔ ɪ l d	1	1	1
model_stem	p ɹ̩ f ɛ k t	p ɹ̩ f ɛ k t ə d	p ɹ̩ f ɛ k t ə d	k ə l ɛ k t	k ə l ɛ k t ə d	p ɹ̩ f ɛ k t ə d	1	1	1
model_stem	r a ɪ z	r o ʊ z	r o ʊ z d	s a ɪ z	s a ɪ z d	r a ɪ z d	0	0	0
model_stem	s k r iː n	s k r iː n d	s k r iː n d	d r e ɪ n	d r e ɪ n d	s k r iː n d	1	1	1
model_stem	t r e ɪ n	t r e ɪ n d	t r e ɪ n d	d r e ɪ n	d r e ɪ n d	t r e ɪ n d	1	1	1
model_stem	s o ʊ	s o ʊ d	s o ʊ d	ɡ o ʊ	w ɛ n t	NA	1	0	0
model_stem	f e ɪ s	f e ɪ s t	f e ɪ s t	f ɔ r s	f ɔ r s t	f e ɪ s t	1	1	1
model_stem	s t ʌ d iː	s t ʌ d iː d	s t ʌ d	p ɑː r t iː	p ɑː r t iː d	s t ʌ d iː d	1	0	1
model_stem	b l ɑː t	b l ɑː t ə d	b l ɑː t ə d	b o ʊ t	b o ʊ t ə d	b l ɑː t ə d	1	1	1
model_stem	m e ɪ l	m e ɪ l d	m e ɪ l d	n e ɪ l	n e ɪ l d	m e ɪ l d	1	1	1
model_stem	k l ɪ ŋ	k l ʌ ŋ	k l ʌ ŋ	f l ɪ ŋ	f l ʌ ŋ	k l ʌ ŋ	0	1	1
model_stem	p l ʌ ɡ	p l ʌ ɡ d	p l ʌ ɡ d	d r ʌ ɡ	d r ʌ ɡ d	p l ʌ ɡ d	1	1	1
model_stem	p r e ɪ	p r e ɪ d	p r e ɪ d	p l e ɪ	p l e ɪ d	p r e ɪ d	1	1	1
model_stem	f l o ʊ	f l o ʊ d	f l o ʊ d	b l o ʊ	b l uː	f l uː	1	0	0
model_stem	r iː m a ɪ n d	r iː m a ɪ n d ə d	r iː m a ɪ n d ə d	p r ə v a ɪ d	p r ə v a ɪ d ə d	r iː m a ɪ n d ə d	1	1	1
model_stem	ɛ l b o ʊ	ɛ l b o ʊ d	ɛ l o ʊ l d	b ɛ l o ʊ	b ɛ l o ʊ d	ɛ l b o ʊ d	1	0	1
model_stem	f r iː z	f r o ʊ z	f r iː z d	p l iː z	p l iː z d	f r iː z d	0	1	0
model_stem	m ɪ m ɪ k	m ɪ m ɪ k t	m ɪ m ɪ k t	s p a ɪ k	s p a ɪ k t	m ɪ m ɪ k t	1	1	1
model_stem	w iː l	w iː l d	w iː l d	h iː l	h iː l d	w iː l d	1	1	1
model_stem	p ʌ m p	p ʌ m p t	p ʌ m p t	b ʌ m p	b ʌ m p t	p ʌ m p t	1	1	1
model_stem	ɪ k s p ɛ k t	ɪ k s p ɛ k t ə d	ɪ k s p ɛ k t ə d	ɪ n s p ɛ k t	ɪ n s p ɛ k t ə d	ɪ k s p ɛ k t ə d	1	1	1
model_stem	w a ɪ n d	w a ɪ n d ə d	w a ʊ n d	f a ɪ n d	f a ʊ n d	w a ʊ n d	1	1	0
model_stem	s k r ɪ b ə l	s k r ɪ b ə l d	s k r ɪ b ə l d	k r ʌ m p ə l	k r ʌ m p ə l d	s k r ɪ b ə l d	1	1	1
model_stem	r ɪ s p ɑː n d	r ɪ s p ɑː n d ə d	r ɪ s p ɑː n d ə d	p r iː t ɛ n d	p r iː t ɛ n d ə d	r ɪ s p ɑː n d ə d	1	1	1
model_stem	r e ɪ z	r e ɪ z d	r e ɪ z d	ɡ e ɪ z	ɡ e ɪ z d	r e ɪ z d	1	1	1
model_stem	ɡ ɪ ɡ ə l	ɡ ɪ ɡ ə l d	ɡ ɪ ɡ ə l d	d͡ʒ ʌ ɡ ə l	d͡ʒ ʌ ɡ ə l d	ɡ ɪ ɡ ə l d	1	1	1
model_stem	b ɑː r o ʊ	b ɑː r o ʊ d	b ɑː r o ʊ d	f ɑː l o ʊ	f ɑː l o ʊ d	b ɑː r o ʊ d	1	1	1
model_stem	s w ɑː l o ʊ	s w ɑː l o ʊ d	s w ɑː l o ʊ d	o ʊ v ɹ̩ f l o ʊ	o ʊ v ɹ̩ f l o ʊ d	s w ɑː l o ʊ d	1	1	1
model_stem	d ɑː r n	d ɑː r n d	d ɑː r n d	w ɔ r n	w ɔ r n d	d ɑː r n d	1	1	1
model_stem	k ɑː p iː	k ɑː p iː d	k ɑː p iː d	k æ r iː	k æ r iː d	k ɑː p iː d	1	1	1
model_stem	s k r e ɪ p	s k r e ɪ p t	s k r e ɪ p t	s t r a ɪ p	s t r a ɪ p t	s k r e ɪ p t	1	1	1
model_stem	h o ʊ m	h o ʊ m d	h o ʊ m d	r o ʊ m	r o ʊ m d	h o ʊ m d	1	1	1
model_stem	f r iː	f r iː d	f r iː d	f l iː	f l ɛ d	f r ɛ d	1	0	0
model_stem	b r a ɪ t ə n	b r a ɪ t ə n d	b r a ɪ t ə n d	f r a ɪ t ə n	f r a ɪ t ə n d	b r a ɪ t ə n d	1	1	1
model_stem	ə r a ɪ v	ə r a ɪ v d	ə r a ɪ v d	k r e ɪ v	k r e ɪ v d	ə r a ɪ v d	1	1	1
model_stem	ɪ k s p l ɔ r	ɪ k s p l ɔ r d	ɪ k s p l ɔ r d	d ɪ s ə p iː r	d ɪ s ə p iː r d	ɪ k s p l ɔ r d	1	1	1
model_stem	p ɹ̩ s	p ɹ̩ s t	p ɹ̩ s t	n ɹ̩ s	n ɹ̩ s t	p ɹ̩ s t	1	1	1
model_stem	t͡ʃ ɪ p	t͡ʃ ɪ p t	t͡ʃ ɪ p t	w ɪ p	w ɪ p t	t͡ʃ ɪ p t	1	1	1
model_stem	b ɑː t ə l	b ɑː t ə l d	b ɑː t ə l d	b æ t ə l	b æ t ə l d	b ɑː t ə l d	1	1	1
model_stem	ə s o ʊ s iː e ɪ t	ə s o ʊ s iː e ɪ t ə d	ə s o ʊ s iː e ɪ t ə d	ɪ n s t ə ɡ e ɪ t	ɪ n s t ə ɡ e ɪ t ə d	ə s o ʊ s iː e ɪ t ə d	1	1	1
model_stem	ɪ n s ɪ s t	ɪ n s ɪ s t ə d	ɪ n s ɪ s t ə d	ɪ k w e ɪ t	ɪ k w e ɪ t ə d	ɪ n s ɪ s t ə d	1	1	1
model_stem	w iː	w iː d	w iː d	n iː	n iː d	w iː d	1	1	1
model_stem	ʃ ɔ r t ə n	ʃ ɔ r t ə n d	ʃ ɔ r t ə n d	t a ɪ t ə n	t a ɪ t ə n d	ʃ ɔ r t ə n d	1	1	1
model_stem	ə n l ɑː k	ə n l ɑː k t	ə n l ɑː k t	s p ɑː r k	s p ɑː r k t	ə n l ɑː k t	1	1	1
model_stem	d ʌ b ə l	d ʌ b ə l d	d ʌ b ə l d	w ɑː b ə l	w ɑː b ə l d	d ʌ b ə l d	1	1	1
model_stem	m ɑː p	m ɑː p t	m ɑː p t	ʃ ɑː p	ʃ ɑː p t	m ɑː p t	1	1	1
model_stem	f ɛ t͡ʃ	f ɛ t͡ʃ t	f ɛ t͡ʃ t	h ɪ t͡ʃ	h ɪ t͡ʃ t	f ɛ t͡ʃ t	1	1	1
model_stem	ʃ ɛ d	ʃ ɛ d ə d	ʃ ɛ d	b ɛ d	b ɛ d ə d	ʃ ɛ d ə d	1	0	1
model_stem	t r æ p	t r æ p t	t r æ p t	f l ɑː p	f l ɑː p t	t r æ p t	1	1	1
model_stem	b ɪ h e ɪ v	b ɪ h e ɪ v d	b ɪ h e ɪ v d	ɪ n v ɑː l v	ɪ n v ɑː l v d	b ɪ h e ɪ v d	1	1	1
model_stem	d ɪ l iː t	d ɪ l iː t ə d	d ɪ l iː t ə d	d ɪ f iː t	d ɪ f iː t ə d	d ɪ l iː t ə d	1	1	1
model_stem	p æ n	p æ n d	p æ n d	t æ n	t æ n d	p æ n d	1	1	1
model_stem	s k æ l ə p	s k æ l ə p t	s k æ l ə p t	k ɪ d n æ p	k ɪ d n æ p t	s k æ l ə p t	1	1	1
model_stem	n o ʊ t	n o ʊ t ə d	n o ʊ t ə d	v o ʊ t	v o ʊ t ə d	n o ʊ t ə d	1	1	1
model_stem	p ɑː k ə t	p ɑː k ə t ə d	p ɑː k ə t ə d	ə d ɑː p t	ə d ɑː p t ə d	p ɑː k ə t ə d	1	1	1
model_stem	r ə f l ɛ k t	r ə f l ɛ k t ə d	r ə f l ɛ k t ə d	r ɪ s p ɛ k t	r ɪ s p ɛ k t ə d	r ə f l ɛ k t ə d	1	1	1
model_stem	s t e ɪ t	s t e ɪ t ə d	s t e ɪ t ə d	s k e ɪ t	s k e ɪ t ə d	s t e ɪ t ə d	1	1	1
model_stem	p r a ɪ	p r a ɪ d	p r a ɪ d	d r a ɪ	d r a ɪ d	p r a ɪ d	1	1	1
model_stem	ʃ uː	ʃ uː d	ʃ uː d	b uː	b uː d	ʃ uː d	1	1	1
model_stem	k ɑː n s ə n t r e ɪ t	k ɑː n s ə n t r e ɪ t ə d	k ə n s ə n t ə d	p ɑː r t ɪ s ə p e ɪ t	p ɑː r t ɪ s ə p e ɪ t ə d	k ɑː n s ə n t r e ɪ t ə d	1	0	1
model_stem	s ʌ f ɹ̩	s ʌ f ɹ̩ d	s ʌ f ɹ̩ d	s a ʊ ɹ̩	s a ʊ ɹ̩ d	s ʌ f ɹ̩ d	1	1	1
model_stem	s ɪ z ə l	s ɪ z ə l d	s ɪ z ə l d	s æ d ə l	s æ d ə l d	s ɪ z ə l d	1	1	1
model_stem	p r ə p o ʊ z	p r ə p o ʊ z d	p r ə p o ʊ z d	s ə p o ʊ z	s ə p o ʊ z d	p r ə p o ʊ z d	1	1	1
model_stem	θ ɔ	θ ɔ d	θ ɔ d	n iː	n iː d	θ ɔ d	1	1	1
model_stem	r ɪ l e ɪ t	r ɪ l e ɪ t ə d	r ɪ l e ɪ t ə d	k r iː e ɪ t	k r iː e ɪ t ə d	r ɪ l e ɪ t ə d	1	1	1
model_stem	t ɪ k	t ɪ k t	t ɪ k t	p ɪ k	p ɪ k t	t ɪ k t	1	1	1
model_stem	ɛ d͡ʒ	ɛ d͡ʒ d	ɛ d͡ʒ d	ɛ r	ɛ r d	ɛ d͡ʒ d	1	1	1
model_stem	ɪ ɡ z ɪ s t	ɪ ɡ z ɪ s t ə d	ɪ ɡ z ɪ s t ə d	ɪ k w e ɪ t	ɪ k w e ɪ t ə d	ɪ ɡ z ɪ s t ə d	1	1	1
model_stem	θ ɪ k ə n	θ ɪ k ə n d	θ ɪ k ə n d	t͡ʃ ɪ k ə n	t͡ʃ ɪ k ə n d	θ ɪ k ə n d	1	1	1
model_stem	r ɪ t ɹ̩ n	r ɪ t ɹ̩ n d	r ɪ t ɹ̩ n d	s t e ɪ n	s t e ɪ n d	r ɪ t ɹ̩ n d	1	1	1
model_stem	t͡ʃ ɑː r d͡ʒ	t͡ʃ ɑː r d͡ʒ d	t͡ʃ ɑː r d͡ʒ d	t r ʌ d͡ʒ	t r ʌ d͡ʒ d	t͡ʃ ɑː r d͡ʒ d	1	1	1
model_stem	s t o ʊ n	s t o ʊ n d	s t o ʊ n d	ɡ r o ʊ n	ɡ r o ʊ n d	s t o ʊ n d	1	1	1
model_stem	w ɛ l k ə m	w ɛ l k ə m d	w ɛ l k ə m d	r iː n e ɪ m	r iː n e ɪ m d	w ɛ l k ə m d	1	1	1
model_stem	d ɪ n a ɪ	d ɪ n a ɪ d	d ɪ n a ɪ d	ə n t a ɪ	ə n t a ɪ d	d ɪ n a ɪ d	1	1	1
model_stem	ɔ r ɡ ə n a ɪ z	ɔ r ɡ ə n a ɪ z d	ɔ r ɡ ə n a ɪ z d	s ɪ v ə l a ɪ z	s ɪ v ə l a ɪ z d	ɔ r ɡ ə n a ɪ z d	1	1	1
model_stem	k ɑː r d	k ɑː r d ə d	k ɑː r d ə d	b ɔ r d	b ɔ r d ə d	k ɑː r d ə d	1	1	1
model_stem	b o ʊ l t	b o ʊ l t ə d	b o ʊ l t ə d	r o ʊ s t	r o ʊ s t ə d	b o ʊ l t ə d	1	1	1
model_stem	s ə p ɔ r t	s ə p ɔ r t ə d	s ə p ɔ r t ə d	r iː p ɔ r t	r iː p ɔ r t ə d	s ə p ɔ r t ə d	1	1	1
model_stem	ɡ r a ʊ l	ɡ r a ʊ l d	ɡ r a ʊ l d	r ɪ k ɔ l	r ɪ k ɔ l d	ɡ r a ʊ l d	1	1	1
model_stem	d͡ʒ ɹ̩ k	d͡ʒ ɹ̩ k t	d͡ʒ ɹ̩ k t	w ɹ̩ k	w ɹ̩ k t	d͡ʒ ɹ̩ k t	1	1	1
model_stem	d ɪ s k ʌ v ɹ̩	d ɪ s k ʌ v ɹ̩ d	d ɪ s k ʌ v ɹ̩ d	s k ʌ l p t͡ʃ ɹ̩	s k ʌ l p t͡ʃ ɹ̩ d	d ɪ s k ʌ v ɹ̩ d	1	1	1
model_stem	l æ s t	l æ s t ə d	l æ s t	l ɪ s t	l ɪ s t	l æ s t	1	1	0
model_stem	s ɛ n t ə n s	s ɛ n t ə n s t	s ɛ n t ə n s t	k ə n v ɪ n s	k ə n v ɪ n s t	s ɛ n t ə n s t	1	1	1
model_stem	t æ t ə l	t æ t ə l d	t æ t ə l d	b æ t ə l	b æ t ə l d	t æ t ə l d	1	1	1
model_stem	ə r ɛ s t	ə r ɛ s t ə d	ə r ɛ s t ə d	f ɛ r ə t	f ɛ r ə t ə d	ə r ɛ s t ə d	1	1	1
model_stem	ə n l o ʊ d	ə n l o ʊ d ə d	ə n l o ʊ d	s ə k s iː d	s ə k s iː d ə d	ə n l o ʊ d ə d	1	0	1
model_stem	n a ɪ f	n a ɪ f t	n a ɪ f t	s t ʌ f	s t ʌ f t	n a ɪ f t	1	1	1
model_stem	ə p r iː ʃ iː e ɪ t	ə p r iː ʃ iː e ɪ t ə d	ə p r iː p r iː d	s ɛ l ə b r e ɪ t	s ɛ l ə b r e ɪ t ə d	ə p r iː ʃ iː e ɪ t ə d	1	0	1
model_stem	r ʌ f	r ʌ f t	r ʌ f t	h ʌ f	h ʌ f t	r ʌ f t	1	1	1
model_stem	l æ t͡ʃ	l æ t͡ʃ t	l æ t͡ʃ t	w ɑː t͡ʃ	w ɑː t͡ʃ t	l æ t͡ʃ t	1	1	1
model_stem	ɪ m p r uː v	ɪ m p r uː v d	ɪ m p r uː v d	ɪ n v ɑː l v	ɪ n v ɑː l v d	ɪ m p r uː v d	1	1	1
model_stem	r ɪ v ɹ̩ t	r ɪ v ɹ̩ t ə d	r ɪ v ɹ̩ t ə d	ɪ n s ɹ̩ t	ɪ n s ɹ̩ t ə d	r ɪ v ɹ̩ t ə d	1	1	1
model_stem	d ɔ n	d ɔ n d	d ɔ n d	d ɑː n	d ɑː n d	d ɔ n d	1	1	1
model_stem	d ʌ ŋ k	d ʌ ŋ k t	d ʌ ŋ k t	θ æ ŋ k	θ æ ŋ k t	d ʌ ŋ k t	1	1	1
model_stem	m ə n uː v ɹ̩	m ə n uː v ɹ̩ d	m ə n v uː ɹ̩ d	f l e ɪ v ɹ̩	f l e ɪ v ɹ̩ d	m ə n uː v ɹ̩ d	1	0	1
model_stem	s w uː ʃ	s w uː ʃ t	s w uː ʃ t	s w ɪ ʃ	s w ɪ ʃ t	s w uː ʃ t	1	1	1
model_stem	l uː p	l uː p t	l uː p t	w uː p	w uː p t	l uː p t	1	1	1
model_stem	ə b a ɪ d	ə b a ɪ d ə d	ə b a ɪ d ə d	s l a ɪ d	s l ɪ d	ə b ɪ d	1	0	0
model_stem	k ə m p ɛ r	k ə m p ɛ r d	k ə m p ɛ r d	m ə t j ʊ r	m ə t j ʊ r d	k ə m p ɛ r d	1	1	1
model_stem	t͡ʃ æ n ə l	t͡ʃ æ n ə l d	t͡ʃ æ n ə l d	d æ z ə l	d æ z ə l d	t͡ʃ æ n ə l d	1	1	1
model_stem	s t ɔ r	s t ɔ r d	s t ɔ r d	s k ɔ r	s k ɔ r d	s t ɔ r d	1	1	1
model_stem	r ɪ p ɛ r	r ɪ p ɛ r d	r ɪ p ɛ p t	s k w ɛ r	s k w ɛ r d	r ɪ p ɛ r d	1	0	1
model_stem	d ɪ ʃ	d ɪ ʃ t	d ɪ ʃ t	w ɪ ʃ	w ɪ ʃ t	d ɪ ʃ t	1	1	1
model_stem	s p ɑː r k ə l	s p ɑː r k ə l d	s p ɑː r k ə l d	k r ʌ m p ə l	k r ʌ m p ə l d	s p ɑː r k ə l d	1	1	1
model_stem	k w a ɪ ə t	k w a ɪ ə t ə d	k w a ɪ ə t ə d	k ə n ɛ k t	k ə n ɛ k t ə d	k w a ɪ ə t ə d	1	1	1
model_stem	k ə n t ɪ n j uː	k ə n t ɪ n j uː d	k ə n t ɪ n t ɪ d	ɪ m p r ɪ z ə n	ɪ m p r ɪ z ə n d	k ə n t ɪ n j uː d	1	0	1
model_stem	p ɑː t	p ɑː t ə d	p ɑː t	p æ t	p æ t ə d	p ɑː t ə d	1	0	1
model_stem	p r ɪ n t	p r ɪ n t ə d	p r ɪ n t ə d	f r ʌ n t	f r ʌ n t ə d	p r ɪ n t ə d	1	1	1
model_stem	s p a ɪ s	s p a ɪ s t	s p a ɪ s t	s l a ɪ s	s l a ɪ s t	s p a ɪ s t	1	1	1
model_stem	b ɑː d iː	b ɑː d iː d	b ɑː d iː d	m ʌ d iː	m ʌ d iː d	b ɑː d iː d	1	1	1
model_stem	s t r o ʊ k	s t r o ʊ k t	s t r o ʊ k t	s t r a ɪ k	s t r ʌ k	NA	1	0	0
model_stem	ə n w a ɪ n d	ə n w a ʊ n d	ə n w a ɪ n d ə d	p r ə v a ɪ d	p r ə v a ɪ d ə d	ə n w a ɪ n d ə d	0	1	0
model_stem	s t r æ ŋ ɡ ə l	s t r æ ŋ ɡ ə l d	s t r æ ŋ ɡ r uː d	r iː s a ɪ k ə l	r iː s a ɪ k ə l d	s t r æ ŋ ɡ ə l d	1	0	1
model_stem	p ɑː l ɪ ʃ	p ɑː l ɪ ʃ t	p ɑː l ɪ ʃ t	b ɹ̩ n ɪ ʃ	b ɹ̩ n ɪ ʃ t	p ɑː l ɪ ʃ t	1	1	1
model_stem	p a ʊ n d	p a ʊ n d ə d	p a ʊ n d ə d	s a ʊ n d	s a ʊ n d ə d	p a ʊ n d ə d	1	1	1
model_stem	w ɪ s k	w ɪ s k t	w ɪ s k t	m æ s k	m æ s k t	w ɪ s k t	1	1	1
model_stem	ɡ l o ʊ	ɡ l o ʊ d	ɡ l uː	b l o ʊ	b l uː	ɡ l uː	1	1	0
model_stem	a ɪ s	a ɪ s t	a ɪ s t	m ɪ s	m ɪ s t	a ɪ s t	1	1	1
model_stem	t iː z	t iː z d	t iː z d	t͡ʃ uː z	t͡ʃ o ʊ z	NA	1	0	0
model_stem	ɪ r ʌ p t	ɪ r ʌ p t ə d	ɪ r ʌ p t ə d	ə d m ɪ t	ə d m ɪ t ə d	ɪ r ʌ p t ə d	1	1	1
model_stem	k ɑː n	k ɑː n d	k ɑː n d	d ɑː n	d ɑː n d	k ɑː n d	1	1	1
model_stem	d ɪ z ɑː l v	d ɪ z ɑː l v d	d ɪ z ɑː l v d	ɪ n v ɑː l v	ɪ n v ɑː l v d	d ɪ z ɑː l v d	1	1	1
model_stem	b l ɛ n d	b l ɛ n d ə d	b l ɛ n d ə d	s p ɛ n d	s p ɛ n t	b l ɛ n t	1	0	0
model_stem	ə r e ɪ n d͡ʒ	ə r e ɪ n d͡ʒ d	ə r e ɪ n d͡ʒ d	b æ n d ɪ d͡ʒ	b æ n d ɪ d͡ʒ d	ə r e ɪ n d͡ʒ d	1	1	1
model_stem	f r e ɪ m	f r e ɪ m d	f r e ɪ m d	b l e ɪ m	b l e ɪ m d	f r e ɪ m d	1	1	1
model_stem	k ə m p iː t	k ə m p iː t ə d	k ə m p iː t ə d	ɪ k s ɛ p t	ɪ k s ɛ p t ə d	k ə m p iː t ə d	1	1	1
model_stem	s p iː d	s p ɛ d	s p iː d	b l iː d	b l ɛ d	s p ɛ d	0	0	1
model_stem	h ɔ l	h ɔ l d	h ɔ l d	b ɔ l	b ɔ l d	h ɔ l d	1	1	1
model_stem	s n æ ɡ	s n æ ɡ d	s n æ ɡ d	d r æ ɡ	d r æ ɡ d	s n æ ɡ d	1	1	1
model_stem	ɪ n t r iː ɡ	ɪ n t r iː ɡ d	ɪ n t r iː ɡ d	ə n p l ʌ ɡ	ə n p l ʌ ɡ d	ɪ n t r iː ɡ d	1	1	1
model_stem	l ɔ n t͡ʃ	l ɔ n t͡ʃ t	l ɔ n t͡ʃ t	l ʌ n t͡ʃ	l ʌ n t͡ʃ t	l ɔ n t͡ʃ t	1	1	1
model_stem	s æ ɡ	s æ ɡ d	s æ ɡ d	w æ ɡ	w æ ɡ d	s æ ɡ d	1	1	1
model_stem	d ɪ v ɛ l ə p	d ɪ v ɛ l ə p t	d ɪ v ɛ l ə p t	r o ʊ p	r o ʊ p t	d ɪ v ɛ l ə p t	1	1	1
model_stem	s ɹ̩ v a ɪ v	s ɹ̩ v a ɪ v d	s ɹ̩ v a ɪ v d	ɪ n v ɑː l v	ɪ n v ɑː l v d	s ɹ̩ v a ɪ v d	1	1	1
model_stem	r iː b ɪ l d	r iː b ɪ l t	r iː b ɪ l d ə d	ɡ r a ʊ n d	ɡ r a ʊ n d ə d	r iː b ɪ l d ə d	0	1	0
model_stem	ɛ n t ɹ̩	ɛ n t ɹ̩ d	ɛ n t ɹ̩ d	m ʌ t ɹ̩	m ʌ t ɹ̩ d	ɛ n t ɹ̩ d	1	1	1
model_stem	w ɹ̩ l	w ɹ̩ l d	w ɹ̩ l d	h ɹ̩ l	h ɹ̩ l d	w ɹ̩ l d	1	1	1
model_stem	s p l æ t ɹ̩	s p l æ t ɹ̩ d	s p l æ t ɹ̩ d	p l æ s t ɹ̩	p l æ s t ɹ̩ d	s p l æ t ɹ̩ d	1	1	1
model_stem	w ɹ̩ ʃ ɪ p	w ɹ̩ ʃ ɪ p t	w ɹ̩ ʃ ɪ p t	s t æ m p	s t æ m p t	w ɹ̩ ʃ ɪ p t	1	1	1
model_stem	n iː d ə l	n iː d ə l d	n iː d ə l d	s æ d ə l	s æ d ə l d	n iː d ə l d	1	1	1
model_stem	s p e ɪ s	s p e ɪ s t	s p e ɪ s t	s l a ɪ s	s l a ɪ s t	s p e ɪ s t	1	1	1
model_stem	f l ɹ̩ t	f l ɹ̩ t ə d	f l ɹ̩ t ə d	l ɪ f t	l ɪ f t ə d	f l ɹ̩ t ə d	1	1	1
model_stem	p ɛ ɡ	p ɛ ɡ d	p ɛ ɡ d	b ʌ ɡ	b ʌ ɡ d	p ɛ ɡ d	1	1	1
model_stem	p a ʊ ɹ̩	p a ʊ ɹ̩ d	p a ʊ ɹ̩ d	ʃ a ʊ ɹ̩	ʃ a ʊ ɹ̩ d	p a ʊ ɹ̩ d	1	1	1
model_stem	d ɪ s ɡ ʌ s t	d ɪ s ɡ ʌ s t ə d	d ɪ s ɡ s t	b l æ ŋ k ə t	b l æ ŋ k ə t ə d	d ɪ s ɡ ʌ s t ə d	1	0	1
model_stem	ɪ n k l uː d	ɪ n k l uː d ə d	ɪ n k l uː d ə d	d ɪ v a ɪ d	d ɪ v a ɪ d ə d	ɪ n k l uː d ə d	1	1	1
model_stem	h a ʊ l	h a ʊ l d	h a ʊ l d	p a ɪ l	p a ɪ l d	h a ʊ l d	1	1	1
model_stem	s ɪ m ɹ̩	s ɪ m ɹ̩ d	s ɪ m ɹ̩ d	m ɪ r ɹ̩	m ɪ r ɹ̩ d	s ɪ m ɹ̩ d	1	1	1
model_stem	k ə m p l iː t	k ə m p l iː t ə d	k ə m p l iː t ə d	ɪ n s p ɛ k t	ɪ n s p ɛ k t ə d	k ə m p l iː t ə d	1	1	1
model_stem	l e ɪ ɹ̩	l e ɪ ɹ̩ d	l e ɪ ɹ̩ d	w a ɪ ɹ̩	w a ɪ ɹ̩ d	l e ɪ ɹ̩ d	1	1	1
model_stem	d ɑː k	d ɑː k t	d ɑː k t	k ɑː k	k ɑː k t	d ɑː k t	1	1	1
model_stem	æ d m a ɪ ɹ̩	æ d m a ɪ ɹ̩ d	æ d a ɪ d ɹ̩ d	r ɪ t a ɪ ɹ̩	r ɪ t a ɪ ɹ̩ d	æ d m a ɪ ɹ̩ d	1	0	1
model_stem	d ɪ f ɛ n d	d ɪ f ɛ n d ə d	d ɪ f ɛ n d ə d	d ɪ p ɛ n d	d ɪ p ɛ n d ə d	d ɪ f ɛ n d ə d	1	1	1
model_stem	p r ɪ v ɛ n t	p r ɪ v ɛ n t ə d	p r ɪ v ɛ n t ə d	p r ə t ɛ k t	p r ə t ɛ k t ə d	p r ɪ v ɛ n t ə d	1	1	1
model_stem	p ɔ z	p ɔ z d	p ɔ z d	t͡ʃ uː z	t͡ʃ o ʊ z	NA	1	0	0
model_stem	ə n ɔ ɪ	ə n ɔ ɪ d	ə n ɔ ɪ d	t r a ɪ	t r a ɪ d	ə n ɔ ɪ d	1	1	1
model_stem	k ɹ̩ o ʊ d	k ɹ̩ o ʊ d ə d	k ɹ̩ o ʊ d ə d	k l a ʊ d	k l a ʊ d ə d	k ɹ̩ o ʊ d ə d	1	1	1
model_stem	ɡ r ʌ n t	ɡ r ʌ n t ə d	ɡ r ʌ n t ə d	ɡ r æ n t	ɡ r æ n t ə d	ɡ r ʌ n t ə d	1	1	1
model_stem	t r ʌ m p ə t	t r ʌ m p ə t ə d	t r ʌ m p ə t ə d	b l æ ŋ k ə t	b l æ ŋ k ə t ə d	t r ʌ m p ə t ə d	1	1	1
model_stem	r ɪ ɡ r ɛ t	r ɪ ɡ r ɛ t ə d	r ɪ ɡ r ɛ t ə d	r ɪ d͡ʒ ɛ k t	r ɪ d͡ʒ ɛ k t ə d	r ɪ ɡ r ɛ t ə d	1	1	1
model_stem	b ɔ r	b ɔ r d	b ɔ r d	r ɔ r	r ɔ r d	b ɔ r d	1	1	1
model_stem	k ə m p l e ɪ n	k ə m p l e ɪ n d	k ə m p l e ɪ n d	ɪ k s p l e ɪ n	ɪ k s p l e ɪ n d	k ə m p l e ɪ n d	1	1	1
model_stem	s p ɔ r t	s p ɔ r t ə d	s p ɔ r t ə d	s n ɔ r t	s n ɔ r t ə d	s p ɔ r t ə d	1	1	1
model_stem	ɡ r æ s	ɡ r æ s t	ɡ r æ s t	b e ɪ s	b e ɪ s t	ɡ r æ s t	1	1	1
model_stem	θ ʌ m	θ ʌ m d	θ ʌ m d	ɡ ʌ m	ɡ ʌ m d	θ ʌ m d	1	1	1
model_stem	ɪ k s p o ʊ z	ɪ k s p o ʊ z d	ɪ k s p o ʊ z d	d ɪ s ɡ a ɪ z	d ɪ s ɡ a ɪ z d	ɪ k s p o ʊ z d	1	1	1
model_stem	p l ʌ ŋ k	p l ʌ ŋ k t	p l ʌ ŋ k t	b l ɪ ŋ k	b l ɪ ŋ k t	p l ʌ ŋ k t	1	1	1
model_stem	s p l ɪ t	s p l ɪ t	s p l ɪ t ə d	p l æ n t	p l æ n t ə d	s p l ɪ t ə d	0	1	0
model_stem	b æ n ɪ ʃ	b æ n ɪ ʃ t	b æ n ɪ ʃ t	p ʌ n ɪ ʃ	p ʌ n ɪ ʃ t	b æ n ɪ ʃ t	1	1	1
model_stem	b ɛ l t͡ʃ	b ɛ l t͡ʃ t	b ɛ l t͡ʃ t	b ʌ n t͡ʃ	b ʌ n t͡ʃ t	b ɛ l t͡ʃ t	1	1	1
model_stem	s t ʌ b	s t ʌ b d	s t ʌ b d	s t æ b	s t æ b d	s t ʌ b d	1	1	1
model_stem	d ɪ p ɔ r t	d ɪ p ɔ r t ə d	d ɪ p ɔ r t ə d	r iː p ɔ r t	r iː p ɔ r t ə d	d ɪ p ɔ r t ə d	1	1	1
model_stem	m ɑː r k ə t	m ɑː r k ə t ə d	m ɑː r k ə t ə d	ə t ɛ m p t	ə t ɛ m p t ə d	m ɑː r k ə t ə d	1	1	1
model_stem	æ d v ɹ̩ t a ɪ z	æ d v ɹ̩ t a ɪ z d	æ d v ɹ̩ t a ɪ z d	s uː p ɹ̩ v a ɪ z	s uː p ɹ̩ v a ɪ z d	æ d v ɹ̩ t a ɪ z d	1	1	1
model_stem	ɡ ɑː l f	ɡ ɑː l f t	ɡ ɑː l f t	f l ʌ f	f l ʌ f t	ɡ ɑː l f t	1	1	1
model_stem	d ɪ t ɹ̩ m ə n	d ɪ t ɹ̩ m ə n d	d ɪ t ɹ̩ m ə n d	ə b æ n d ə n	ə b æ n d ə n d	d ɪ t ɹ̩ m ə n d	1	1	1
model_stem	o ʊ v ɹ̩ k ʊ k	o ʊ v ɹ̩ k ʊ k t	o ʊ v ɹ̩ k ʊ k ə d	j æ ŋ k	j æ ŋ k t	o ʊ v ɹ̩ k ʊ k t	1	0	1
model_stem	d͡ʒ e ɪ l	d͡ʒ e ɪ l d	d͡ʒ e ɪ l d	n e ɪ l	n e ɪ l d	d͡ʒ e ɪ l d	1	1	1
model_stem	p iː r	p iː r d	p iː r d	f iː r	f iː r d	p iː r d	1	1	1
model_stem	f ʊ t	f ʊ t ə d	f ʊ t	ʃ ʌ t	ʃ ʌ t	f ʊ t	1	1	0
model_stem	ɛ k o ʊ	ɛ k o ʊ d	ɛ k o ʊ k	r ɪ p l a ɪ	r ɪ p l a ɪ d	ɛ k o ʊ d	1	0	1
model_stem	s p r e ɪ n	s p r e ɪ n d	s p r e ɪ n d	s t r e ɪ n	s t r e ɪ n d	s p r e ɪ n d	1	1	1
model_stem	k æ m ə f l ɑː ʒ	k æ m ə f l ɑː ʒ d	k æ m ə f l l l d	ɛ k s ɹ̩ s a ɪ z	ɛ k s ɹ̩ s a ɪ z d	k æ m ə f l ɑː ʒ d	1	0	1
model_stem	d ɪ m æ n d	d ɪ m æ n d ə d	d ɪ m æ n d ə d	d ɪ p ɛ n d	d ɪ p ɛ n d ə d	d ɪ m æ n d ə d	1	1	1
model_stem	ɔ l t ɹ̩	ɔ l t ɹ̩ d	ɔ l t ɹ̩ d	b ʌ t ɹ̩	b ʌ t ɹ̩ d	ɔ l t ɹ̩ d	1	1	1
model_stem	d͡ʒ ʌ d͡ʒ	d͡ʒ ʌ d͡ʒ d	d͡ʒ ʌ d͡ʒ d	b ʌ d͡ʒ	b ʌ d͡ʒ d	d͡ʒ ʌ d͡ʒ d	1	1	1
model_stem	b l iː t͡ʃ	b l iː t͡ʃ t	b l iː t͡ʃ t	b ʌ n t͡ʃ	b ʌ n t͡ʃ t	b l iː t͡ʃ t	1	1	1
model_stem	s iː r	s iː r d	s iː r d	h iː r	h ɹ̩ d	s ɹ̩ d	1	0	0
model_stem	s ə s p ɛ n d	s ə s p ɛ n d ə d	s ə s p ɛ n d	p r iː t ɛ n d	p r iː t ɛ n d ə d	s ə s p ɛ n d ə d	1	0	1
model_stem	s t r iː m l a ɪ n	s t r iː m l a ɪ n d	s t r iː m j a ɪ n d	ɪ ɡ z æ m ɪ n	ɪ ɡ z æ m ɪ n d	s t r iː m l a ɪ n d	1	0	1
model_stem	ʃ æ t ɹ̩	ʃ æ t ɹ̩ d	ʃ æ t ɹ̩ d	m æ t ɹ̩	m æ t ɹ̩ d	ʃ æ t ɹ̩ d	1	1	1
model_stem	t e ɪ l	t e ɪ l d	t e ɪ l d	t ɔ ɪ l	t ɔ ɪ l d	t e ɪ l d	1	1	1
model_stem	w iː k ə n	w iː k ə n d	w iː k ə n d	r ɛ k ə n	r ɛ k ə n d	w iː k ə n d	1	1	1
string	s iː	s ɔ	s iː d	s iː m	s iː m d	s iː d	0	1	0
string	ɡ ɛ t	ɡ ɑː t	ɡ ɛ t	l ɛ t	l ɛ t	ɡ ɛ t	0	1	0
string	n ɑː k	n ɑː k t	n ɑː k t	l ɑː k	l ɑː k t	n ɑː k t	1	1	1
string	θ ɪ ŋ k	θ ɔ t	θ ɪ ŋ k t	w ɪ ŋ k	w ɪ ŋ k t	θ ɪ ŋ k t	0	1	0
string	k l iː n	k l iː n d	k l iː n d	l iː n	l iː n d	k l iː n d	1	1	1
string	b ɪ l iː v	b ɪ l iː v d	b ɪ l iː v d	r ɪ l iː v	r ɪ l iː v d	b ɪ l iː v d	1	1	1
string	ɡ ɪ v	ɡ e ɪ v	ɡ ɪ v d	ɡ ɛ s	ɡ ɛ s t	ɡ ɪ v t	0	0	0
string	t e ɪ k	t ʊ k	t e ɪ k t	ʃ e ɪ k	ʃ ʊ k	t ʊ k	0	0	1
string	s t æ n d	s t ʊ d	s t æ n d ə d	t æ n	t æ n d	s t æ n d d	0	0	0
string	j ɛ l	j ɛ l d	j ɛ l d	ʃ ɛ l	ʃ ɛ l d	j ɛ l d	1	1	1
string	f ɪ k s	f ɪ k s t	f ɪ k s t	m ɪ k s	m ɪ k s t	f ɪ k s t	1	1	1
string	k l æ p	k l æ p t	k l æ p t	s l æ p	s l æ p t	k l æ p t	1	1	1
string	r a ɪ m	r a ɪ m d	r a ɪ m d	t͡ʃ a ɪ m	t͡ʃ a ɪ m d	r a ɪ m d	1	1	1
string	t ɛ l	t o ʊ l d	t ɛ l d	s ɛ l	s o ʊ l d	t o ʊ l d	0	0	1
string	f ɔ l	f ɛ l	f ɔ l d	f uː l	f uː l d	f ɔ l d	0	1	0
string	r o ʊ l	r o ʊ l d	r o ʊ l d	r o ʊ	r o ʊ d	r o ʊ l d	1	1	1
string	k uː l	k uː l d	k uː l d	f uː l	f uː l d	k uː l d	1	1	1
string	s ɪ ŋ	s æ ŋ	s ɪ ŋ d	s ɪ p	s ɪ p t	s ɪ ŋ t	0	0	0
string	h o ʊ l d	h ɛ l d	h o ʊ l d ə d	h o ʊ l	h o ʊ l d	h o ʊ l d d	0	0	0
string	d r ɛ s	d r ɛ s t	d r ɛ s t	ə d r ɛ s	ə d r ɛ s t	d r ɛ s t	1	1	1
string	w e ɪ k	w o ʊ k	w e ɪ k t	w e ɪ v	w e ɪ v d	w e ɪ k d	0	0	0
string	m uː v	m uː v d	m uː v d	ɡ uː f	ɡ uː f t	m uː v t	1	0	0
string	b ɪ l d	b ɪ l t	b ɪ l d ə d	b l ʌ d	b l ʌ d ə d	b ɪ l d ə d	0	1	0
string	p uː p	p uː p t	p uː p t	k uː p	k uː p t	p uː p t	1	1	1
string	k ɛ r	k ɛ r d	k ɛ r d	d ɛ r	d ɛ r d	k ɛ r d	1	1	1
string	b ɛ r iː	b ɛ r iː d	b ɛ r iː d	m ɛ r iː	m ɛ r iː d	b ɛ r iː d	1	1	1
string	p æ n t	p æ n t ə d	p æ n t ə d	p æ t	p æ t ə d	p æ n t ə d	1	1	1
string	t ʌ k	t ʌ k t	t ʌ k t	t r ʌ k	t r ʌ k t	t ʌ k t	1	1	1
string	b ɑː ð ɹ̩	b ɑː ð ɹ̩ d	b ɑː ð ɹ̩ d	b ɑː r	b ɑː r d	b ɑː ð ɹ̩ d	1	1	1
string	ɛ ɡ z ɪ t	ɛ ɡ z ɪ t ə d	ɛ ɡ z ɪ t ə d	v ɪ z ɪ t	v ɪ z ɪ t ə d	ɛ ɡ z ɪ t ə d	1	1	1
string	s t e ɪ	s t e ɪ d	s t e ɪ d	s w e ɪ	s w e ɪ d	s t e ɪ d	1	1	1
string	w ʌ n d ɹ̩	w ʌ n d ɹ̩ d	w ʌ n d ɹ̩ d	θ ʌ n d ɹ̩	θ ʌ n d ɹ̩ d	w ʌ n d ɹ̩ d	1	1	1
string	d ɪ p	d ɪ p t	d ɪ p t	w ɪ p	w ɪ p t	d ɪ p t	1	1	1
string	h ʌ ɡ	h ʌ ɡ d	h ʌ ɡ d	t ʌ ɡ	t ʌ ɡ d	h ʌ ɡ d	1	1	1
string	v ɔ ɪ s	v ɔ ɪ s t	v ɔ ɪ s t	l e ɪ s	l e ɪ s t	v ɔ ɪ s t	1	1	1
string	ə t æ t͡ʃ	ə t æ t͡ʃ t	ə t æ t͡ʃ t	ə t æ k	ə t æ k t	ə t æ t͡ʃ t	1	1	1
string	s m ɛ l	s m ɛ l d	s m ɛ l d	s p ɛ l	s p ɛ l d	s m ɛ l d	1	1	1
string	f ɪ n ɪ ʃ	f ɪ n ɪ ʃ t	f ɪ n ɪ ʃ t	p ʌ n ɪ ʃ	p ʌ n ɪ ʃ t	f ɪ n ɪ ʃ t	1	1	1
string	t r ɑː t	t r ɑː t ə d	t r ɑː t ə d	t r iː t	t r iː t ə d	t r ɑː t ə d	1	1	1
string	b l ɛ s	b l ɛ s t	b l ɛ s t	ə b s ɛ s	ə b s ɛ s t	b l ɛ s t	1	1	1
string	l ɛ d	l ɛ d ə d	l ɛ d	w ɛ d	w ɛ d	l ɛ d	1	1	0
string	p r ɛ s	p r ɛ s t	p r ɛ s t	p r ɪ k	p r ɪ k t	p r ɛ s t	1	1	1
string	ə n z ɪ p	ə n z ɪ p t	ə n z ɪ p t	ə n r æ p	ə n r æ p t	ə n z ɪ p t	1	1	1
string	f ɪ l t ɹ̩	f ɪ l t ɹ̩ d	f ɪ l t ɹ̩ d	f ɪ l m	f ɪ l m d	f ɪ l t ɹ̩ d	1	1	1
string	ʃ e ɪ v	ʃ e ɪ v d	ʃ e ɪ v d	s e ɪ v	s e ɪ v d	ʃ e ɪ v d	1	1	1
string	k ɑː s t	k ɑː s t	k ɑː s t	k æ s t	k æ s t	k ɑː s t	0	1	1
string	b r ʌ ʃ	b r ʌ ʃ t	b r ʌ ʃ t	b l ʌ ʃ	b l ʌ ʃ t	b r ʌ ʃ t	1	1	1
string	l æ n d	l æ n d ə d	l æ n d ə d	l ɛ n d	l ɛ n t	l æ n t	1	0	0
string	s t ɛ p	s t ɛ p t	s t ɛ p t	s t ɛ r	s t ɛ r d	s t ɛ p d	1	0	0
string	m ɪ l k	m ɪ l k t	m ɪ l k t	l ɪ ŋ k	l ɪ ŋ k t	m ɪ l k t	1	1	1
string	b ɛ s t	b ɛ s t ə d	b ɛ s t ə d	t ɛ s t	t ɛ s t ə d	b ɛ s t ə d	1	1	1
string	m a ɪ n d	m a ɪ n d ə d	m a ʊ n d ə d	m a ɪ n	m a ɪ n d	m a ɪ n d d	1	0	0
string	w a ɪ t	w a ɪ t ə d	w a ɪ t ə d	r a ɪ t	r o ʊ t	w o ʊ t	1	0	0
string	m æ k s	m æ k s t	m æ k s t	w æ k s	w æ k s t	m æ k s t	1	1	1
string	r iː t͡ʃ	r iː t͡ʃ t	r iː t͡ʃ t	r iː l	r iː l d	r iː t͡ʃ d	1	0	0
string	h o ʊ p	h o ʊ p t	h o ʊ p t	r o ʊ p	r o ʊ p t	h o ʊ p t	1	1	1
string	f o ʊ l d	f o ʊ l d ə d	f o ʊ l d ə d	l o ʊ d	l o ʊ d ə d	f o ʊ l d ə d	1	1	1
string	k l ɪ n t͡ʃ	k l ɪ n t͡ʃ t	k l ɪ n t͡ʃ t	k l ɪ k	k l ɪ k t	k l ɪ n t͡ʃ t	1	1	1
string	t r ɪ k	t r ɪ k t	t r ɪ k t	t r ɪ p	t r ɪ p t	t r ɪ k t	1	1	1
string	b ɛ n d	b ɛ n d ə d	b ɛ n t ə d	t ɛ n d	t ɛ n d ə d	b ɛ n d ə d	1	0	1
string	a ɪ d ɛ n t ə f a ɪ	a ɪ d ɛ n t ə f a ɪ d	a ɪ d	m æ ɡ n ə f a ɪ	m æ ɡ n ə f a ɪ d	a ɪ d ɛ n t ə f a ɪ d	1	0	1
string	d͡ʒ ɔ ɪ n	d͡ʒ ɔ ɪ n d	d͡ʒ ɔ ɪ n d	ɡ r ɪ n	ɡ r ɪ n d	d͡ʒ ɔ ɪ n d	1	1	1
string	k ə n f j uː z	k ə n f j uː z d	k ə n f j uː z d	k ə n f ɛ s	k ə n f ɛ s t	k ə n f j uː z t	1	0	0
string	b ɛ r	b o ʊ r	b ɛ r d	f ɛ r	f ɛ r d	b ɛ r d	0	1	0
string	r ɛ s t	r ɛ s t ə d	r ɛ s t	r ɛ n t	r ɛ n t ə d	r ɛ s t ə d	1	0	1
string	p iː	p iː d	p iː d	p iː s	p iː s t	p iː t	1	0	0
string	ɡ r æ b	ɡ r æ b d	ɡ r æ b d	d r æ ɡ	d r æ ɡ d	ɡ r æ b d	1	1	1
string	ə p r o ʊ t͡ʃ	ə p r o ʊ t͡ʃ t	ə p r o ʊ t͡ʃ t	ə p o ʊ z	ə p o ʊ z d	ə p r o ʊ t͡ʃ d	1	0	0
string	p iː l	p iː l d	p iː l d	p iː p	p iː p t	p iː l t	1	0	0
string	m ɑː r t͡ʃ	m ɑː r t͡ʃ t	m ɑː r t͡ʃ t	m ɑː r	m ɑː r d	m ɑː r t͡ʃ d	1	0	0
string	t æ k ə l	t æ k ə l d	t æ k ə l d	t ɪ k ə l	t ɪ k ə l d	t æ k ə l d	1	1	1
string	d ɪ ɡ	d ʌ ɡ	d ɪ ɡ d	d ɪ ŋ	d ɪ ŋ d	d ɪ ɡ d	0	1	0
string	s ɛ t ə l	s ɛ t ə l d	s ɛ t ə l d	l ɛ v ə l	l ɛ v ə l d	s ɛ t ə l d	1	1	1
string	ɪ ɡ n ɔ r	ɪ ɡ n ɔ r d	ɪ ɡ ɔ r ɔ r	s ɪ ɡ n ə l	s ɪ ɡ n ə l d	ɪ ɡ n ɔ r d	1	0	1
string	k ʌ v ɹ̩	k ʌ v ɹ̩ d	k ʌ v ɹ̩ d	k ʌ l ɹ̩	k ʌ l ɹ̩ d	k ʌ v ɹ̩ d	1	1	1
string	r ɑː t	r ɑː t ə d	r ɑː t	r ɑː b	r ɑː b d	r ɑː t d	1	0	0
string	f l æ t ɹ̩	f l æ t ɹ̩ d	f l æ t ɹ̩ d	s k æ t ɹ̩	s k æ t ɹ̩ d	f l æ t ɹ̩ d	1	1	1
string	b ʌ b ə l	b ʌ b ə l d	b ʌ b ə l d	b æ b ə l	b æ b ə l d	b ʌ b ə l d	1	1	1
string	k o ʊ ɑː p ɹ̩ e ɪ t	k o ʊ ɑː p ɹ̩ e ɪ t ə d	k o ʊ p ɹ̩ p ɹ̩ d	ɑː p ɹ̩ e ɪ t	ɑː p ɹ̩ e ɪ t ə d	k o ʊ ɑː p ɹ̩ e ɪ t ə d	1	0	1
string	ɡ r iː n	ɡ r iː n d	ɡ r iː n d	ɡ r ɪ n	ɡ r ɪ n d	ɡ r iː n d	1	1	1
string	r e ɪ s	r e ɪ s t	r e ɪ s t	ɪ r e ɪ s	ɪ r e ɪ s t	r e ɪ s t	1	1	1
string	d æ n s	d æ n s t	d æ n s t	m æ n	m æ n d	d æ n s d	1	0	0
string	p r ɑː d͡ʒ ɛ k t	p r ɑː d͡ʒ ɛ k t ə d	p r ɑː d͡ʒ ɛ k t ə d	p r ə t ɛ k t	p r ə t ɛ k t ə d	p r ɑː d͡ʒ ɛ k t ə d	1	1	1
string	b ɛ ɡ	b ɛ ɡ d	b ɛ ɡ d	b ʌ ɡ	b ʌ ɡ d	b ɛ ɡ d	1	1	1
string	s ɹ̩ v ɪ s	s ɹ̩ v ɪ s t	s ɹ̩ v ɪ s t	s l a ɪ s	s l a ɪ s t	s ɹ̩ v ɪ s t	1	1	1
string	r ɛ p r ə z ɛ n t	r ɛ p r ə z ɛ n t ə d	r ɛ p r ə z ɛ n t ə d	p r iː z ɛ n t	p r iː z ɛ n t ə d	r ɛ p r ə z ɛ n t ə d	1	1	1
string	ɪ m ɹ̩ d͡ʒ	ɪ m ɹ̩ d͡ʒ d	ɪ m ɹ̩ d͡ʒ d	s m ʌ d͡ʒ	s m ʌ d͡ʒ d	ɪ m ɹ̩ d͡ʒ d	1	1	1
string	b ɔ ɪ l	b ɔ ɪ l d	b ɔ ɪ l d	b ɔ l	b ɔ l d	b ɔ ɪ l d	1	1	1
string	p ɹ̩ f ɛ k t	p ɹ̩ f ɛ k t ə d	p ɹ̩ f ɛ k t ə d	ɪ f ɛ k t	ɪ f ɛ k t ə d	p ɹ̩ f ɛ k t ə d	1	1	1
string	r a ɪ z	r o ʊ z	r o ʊ z d	r a ɪ d	r o ʊ d	NA	0	0	0
string	s k r iː n	s k r iː n d	s k r iː n d	s k r iː m	s k r iː m d	s k r iː n d	1	1	1
string	t r e ɪ n	t r e ɪ n d	t r e ɪ n d	t r e ɪ s	t r e ɪ s t	t r e ɪ n t	1	0	0
string	s o ʊ	s o ʊ d	s o ʊ d	o ʊ	o ʊ d	s o ʊ d	1	1	1
string	f e ɪ s	f e ɪ s t	f e ɪ s t	t͡ʃ e ɪ s	t͡ʃ e ɪ s t	f e ɪ s t	1	1	1
string	s t ʌ d iː	s t ʌ d iː d	s t ʌ d	s t ɔ r iː	s t ɔ r iː d	s t ʌ d iː d	1	0	1
string	b l ɑː t	b l ɑː t ə d	b l ɑː t ə d	b l ɑː k	b l ɑː k t	b l ɑː t t	1	0	0
string	m e ɪ l	m e ɪ l d	m e ɪ l d	m e ɪ k	m e ɪ d	NA	1	0	0
string	k l ɪ ŋ	k l ʌ ŋ	k l ʌ ŋ	k l ɪ k	k l ɪ k t	k l ɪ ŋ t	0	0	0
string	p l ʌ ɡ	p l ʌ ɡ d	p l ʌ ɡ d	t͡ʃ ʌ ɡ	t͡ʃ ʌ ɡ d	p l ʌ ɡ d	1	1	1
string	p r e ɪ	p r e ɪ d	p r e ɪ d	s p r e ɪ	s p r e ɪ d	p r e ɪ d	1	1	1
string	f l o ʊ	f l o ʊ d	f l o ʊ d	f ɑː l o ʊ	f ɑː l o ʊ d	f l o ʊ d	1	1	1
string	r iː m a ɪ n d	r iː m a ɪ n d ə d	r iː m a ɪ n d ə d	f a ɪ n d	f a ʊ n d	r iː m a ʊ n d	1	0	0
string	ɛ l b o ʊ	ɛ l b o ʊ d	ɛ l o ʊ l d	b l o ʊ	b l uː	ɛ l b uː	1	0	0
string	f r iː z	f r o ʊ z	f r iː z d	f r iː k	f r iː k t	f r iː z t	0	0	0
string	m ɪ m ɪ k	m ɪ m ɪ k t	m ɪ m ɪ k t	m e ɪ k	m e ɪ d	m ɪ m ɪ d	1	0	0
string	w iː l	w iː l d	w iː l d	w ɪ l	w ɪ l d	w iː l d	1	1	1
string	p ʌ m p	p ʌ m p t	p ʌ m p t	d͡ʒ ʌ m p	d͡ʒ ʌ m p t	p ʌ m p t	1	1	1
string	ɪ k s p ɛ k t	ɪ k s p ɛ k t ə d	ɪ k s p ɛ k t ə d	ɪ n s p ɛ k t	ɪ n s p ɛ k t ə d	ɪ k s p ɛ k t ə d	1	1	1
string	w a ɪ n d	w a ɪ n d ə d	w a ʊ n d	f a ɪ n d	f a ʊ n d	w a ʊ n d	1	1	0
string	s k r ɪ b ə l	s k r ɪ b ə l d	s k r ɪ b ə l d	s k r æ m b ə l	s k r æ m b ə l d	s k r ɪ b ə l d	1	1	1
string	r ɪ s p ɑː n d	r ɪ s p ɑː n d ə d	r ɪ s p ɑː n d ə d	d ɪ p ɛ n d	d ɪ p ɛ n d ə d	r ɪ s p ɑː n d ə d	1	1	1
string	r e ɪ z	r e ɪ z d	r e ɪ z d	ɡ e ɪ z	ɡ e ɪ z d	r e ɪ z d	1	1	1
string	ɡ ɪ ɡ ə l	ɡ ɪ ɡ ə l d	ɡ ɪ ɡ ə l d	w ɪ s ə l	w ɪ s ə l d	ɡ ɪ ɡ ə l d	1	1	1
string	b ɑː r o ʊ	b ɑː r o ʊ d	b ɑː r o ʊ d	ɡ r o ʊ	ɡ r uː	b ɑː r uː	1	0	0
string	s w ɑː l o ʊ	s w ɑː l o ʊ d	s w ɑː l o ʊ d	f ɑː l o ʊ	f ɑː l o ʊ d	s w ɑː l o ʊ d	1	1	1
string	d ɑː r n	d ɑː r n d	d ɑː r n d	d ɑː r t	d ɑː r t ə d	d ɑː r n ə d	1	0	0
string	k ɑː p iː	k ɑː p iː d	k ɑː p iː d	k ɑː r v	k ɑː r v d	k ɑː p iː d	1	1	1
string	s k r e ɪ p	s k r e ɪ p t	s k r e ɪ p t	s p r e ɪ	s p r e ɪ d	s k r e ɪ p d	1	0	0
string	h o ʊ m	h o ʊ m d	h o ʊ m d	h o ʊ l	h o ʊ l d	h o ʊ m d	1	1	1
string	f r iː	f r iː d	f r iː d	f r iː k	f r iː k t	f r iː t	1	0	0
string	b r a ɪ t ə n	b r a ɪ t ə n d	b r a ɪ t ə n d	f r a ɪ t ə n	f r a ɪ t ə n d	b r a ɪ t ə n d	1	1	1
string	ə r a ɪ v	ə r a ɪ v d	ə r a ɪ v d	ə r a ɪ z	ə r o ʊ z	NA	1	0	0
string	ɪ k s p l ɔ r	ɪ k s p l ɔ r d	ɪ k s p l ɔ r d	ɪ k s p r ɛ s	ɪ k s p r ɛ s t	ɪ k s p l ɔ r t	1	0	0
string	p ɹ̩ s	p ɹ̩ s t	p ɹ̩ s t	p ɹ̩ s uː	p ɹ̩ s uː d	p ɹ̩ s d	1	0	0
string	t͡ʃ ɪ p	t͡ʃ ɪ p t	t͡ʃ ɪ p t	r ɪ p	r ɪ p t	t͡ʃ ɪ p t	1	1	1
string	b ɑː t ə l	b ɑː t ə l d	b ɑː t ə l d	b æ t ə l	b æ t ə l d	b ɑː t ə l d	1	1	1
string	ə s o ʊ s iː e ɪ t	ə s o ʊ s iː e ɪ t ə d	ə s o ʊ s iː e ɪ t ə d	d o ʊ n e ɪ t	d o ʊ n e ɪ t ə d	ə s o ʊ s iː e ɪ t ə d	1	1	1
string	ɪ n s ɪ s t	ɪ n s ɪ s t ə d	ɪ n s ɪ s t ə d	ɪ n s ɹ̩ t	ɪ n s ɹ̩ t ə d	ɪ n s ɪ s t ə d	1	1	1
string	w iː	w iː d	w iː d	w ɹ̩ iː	w ɹ̩ iː d	w iː d	1	1	1
string	ʃ ɔ r t ə n	ʃ ɔ r t ə n d	ʃ ɔ r t ə n d	ʃ ɑː r p ə n	ʃ ɑː r p ə n d	ʃ ɔ r t ə n d	1	1	1
string	ə n l ɑː k	ə n l ɑː k t	ə n l ɑː k t	ə n p æ k	ə n p æ k t	ə n l ɑː k t	1	1	1
string	d ʌ b ə l	d ʌ b ə l d	d ʌ b ə l d	m ʌ s ə l	m ʌ s ə l d	d ʌ b ə l d	1	1	1
string	m ɑː p	m ɑː p t	m ɑː p t	m ɑː r	m ɑː r d	m ɑː p d	1	0	0
string	f ɛ t͡ʃ	f ɛ t͡ʃ t	f ɛ t͡ʃ t	f ɛ r	f ɛ r d	f ɛ t͡ʃ d	1	0	0
string	ʃ ɛ d	ʃ ɛ d ə d	ʃ ɛ d	ʃ ɛ l	ʃ ɛ l d	ʃ ɛ d d	1	0	0
string	t r æ p	t r æ p t	t r æ p t	s t r æ p	s t r æ p t	t r æ p t	1	1	1
string	b ɪ h e ɪ v	b ɪ h e ɪ v d	b ɪ h e ɪ v d	k r e ɪ v	k r e ɪ v d	b ɪ h e ɪ v d	1	1	1
string	d ɪ l iː t	d ɪ l iː t ə d	d ɪ l iː t ə d	d ɪ f iː t	d ɪ f iː t ə d	d ɪ l iː t ə d	1	1	1
string	p æ n	p æ n d	p æ n d	p ɛ n	p ɛ n d	p æ n d	1	1	1
string	s k æ l ə p	s k æ l ə p t	s k æ l ə p t	ɡ æ l ə p	ɡ æ l ə p t	s k æ l ə p t	1	1	1
string	n o ʊ t	n o ʊ t ə d	n o ʊ t ə d	n o ʊ	n uː	NA	1	0	0
string	p ɑː k ə t	p ɑː k ə t ə d	p ɑː k ə t ə d	p ɑː r t	p ɑː r t ə d	p ɑː k ə t ə d	1	1	1
string	r ə f l ɛ k t	r ə f l ɛ k t ə d	r ə f l ɛ k t ə d	ə f ɛ k t	ə f ɛ k t ə d	r ə f l ɛ k t ə d	1	1	1
string	s t e ɪ t	s t e ɪ t ə d	s t e ɪ t ə d	s k e ɪ t	s k e ɪ t ə d	s t e ɪ t ə d	1	1	1
string	p r a ɪ	p r a ɪ d	p r a ɪ d	k r a ɪ	k r a ɪ d	p r a ɪ d	1	1	1
string	ʃ uː	ʃ uː d	ʃ uː d	w uː	w uː d	ʃ uː d	1	1	1
string	k ɑː n s ə n t r e ɪ t	k ɑː n s ə n t r e ɪ t ə d	k ə n s ə n t ə d	æ n ə t e ɪ t	æ n ə t e ɪ t ə d	k ɑː n s ə n t r e ɪ t ə d	1	0	1
string	s ʌ f ɹ̩	s ʌ f ɹ̩ d	s ʌ f ɹ̩ d	h ʌ f	h ʌ f t	s ʌ f ɹ̩ t	1	0	0
string	s ɪ z ə l	s ɪ z ə l d	s ɪ z ə l d	s ɪ ɡ n ə l	s ɪ ɡ n ə l d	s ɪ z ə l d	1	1	1
string	p r ə p o ʊ z	p r ə p o ʊ z d	p r ə p o ʊ z d	ə p o ʊ z	ə p o ʊ z d	p r ə p o ʊ z d	1	1	1
string	θ ɔ	θ ɔ d	θ ɔ d	s ɔ	s ɔ d	θ ɔ d	1	1	1
string	r ɪ l e ɪ t	r ɪ l e ɪ t ə d	r ɪ l e ɪ t ə d	r ɪ m e ɪ n	r ɪ m e ɪ n d	r ɪ l e ɪ t d	1	0	0
string	t ɪ k	t ɪ k t	t ɪ k t	p ɪ k	p ɪ k t	t ɪ k t	1	1	1
string	ɛ d͡ʒ	ɛ d͡ʒ d	ɛ d͡ʒ d	ɛ r	ɛ r d	ɛ d͡ʒ d	1	1	1
string	ɪ ɡ z ɪ s t	ɪ ɡ z ɪ s t ə d	ɪ ɡ z ɪ s t ə d	ɪ ɡ z ɔ s t	ɪ ɡ z ɔ s t ə d	ɪ ɡ z ɪ s t ə d	1	1	1
string	θ ɪ k ə n	θ ɪ k ə n d	θ ɪ k ə n d	t͡ʃ ɪ k ə n	t͡ʃ ɪ k ə n d	θ ɪ k ə n d	1	1	1
string	r ɪ t ɹ̩ n	r ɪ t ɹ̩ n d	r ɪ t ɹ̩ n d	p æ t ɹ̩ n	p æ t ɹ̩ n d	r ɪ t ɹ̩ n d	1	1	1
string	t͡ʃ ɑː r d͡ʒ	t͡ʃ ɑː r d͡ʒ d	t͡ʃ ɑː r d͡ʒ d	t͡ʃ ɑː r m	t͡ʃ ɑː r m d	t͡ʃ ɑː r d͡ʒ d	1	1	1
string	s t o ʊ n	s t o ʊ n d	s t o ʊ n d	s t r o ʊ l	s t r o ʊ l d	s t o ʊ n d	1	1	1
string	w ɛ l k ə m	w ɛ l k ə m d	w ɛ l k ə m d	r ɛ k ə n	r ɛ k ə n d	w ɛ l k ə m d	1	1	1
string	d ɪ n a ɪ	d ɪ n a ɪ d	d ɪ n a ɪ d	r ɪ l a ɪ	r ɪ l a ɪ d	d ɪ n a ɪ d	1	1	1
string	ɔ r ɡ ə n a ɪ z	ɔ r ɡ ə n a ɪ z d	ɔ r ɡ ə n a ɪ z d	r iː ə l a ɪ z	r iː ə l a ɪ z d	ɔ r ɡ ə n a ɪ z d	1	1	1
string	k ɑː r d	k ɑː r d ə d	k ɑː r d ə d	ɡ ɑː r d	ɡ ɑː r d ə d	k ɑː r d ə d	1	1	1
string	b o ʊ l t	b o ʊ l t ə d	b o ʊ l t ə d	b o ʊ l	b o ʊ l d	b o ʊ l t d	1	0	0
string	s ə p ɔ r t	s ə p ɔ r t ə d	s ə p ɔ r t ə d	s ɔ r t	s ɔ r t ə d	s ə p ɔ r t ə d	1	1	1
string	ɡ r a ʊ l	ɡ r a ʊ l d	ɡ r a ʊ l d	ɡ r ɪ l	ɡ r ɪ l d	ɡ r a ʊ l d	1	1	1
string	d͡ʒ ɹ̩ k	d͡ʒ ɹ̩ k t	d͡ʒ ɹ̩ k t	w ɹ̩ k	w ɹ̩ k t	d͡ʒ ɹ̩ k t	1	1	1
string	d ɪ s k ʌ v ɹ̩	d ɪ s k ʌ v ɹ̩ d	d ɪ s k ʌ v ɹ̩ d	d ɪ s k ʌ s	d ɪ s k ʌ s t	d ɪ s k ʌ v ɹ̩ t	1	0	0
string	l æ s t	l æ s t ə d	l æ s t	k æ s t	k æ s t	l æ s t	1	1	0
string	s ɛ n t ə n s	s ɛ n t ə n s t	s ɛ n t ə n s t	s w iː t ə n	s w iː t ə n d	s ɛ n t ə n s d	1	0	0
string	t æ t ə l	t æ t ə l d	t æ t ə l d	b æ t ə l	b æ t ə l d	t æ t ə l d	1	1	1
string	ə r ɛ s t	ə r ɛ s t ə d	ə r ɛ s t ə d	ə d r ɛ s	ə d r ɛ s t	ə r ɛ s t t	1	0	0
string	ə n l o ʊ d	ə n l o ʊ d ə d	ə n l o ʊ d	l o ʊ d	l o ʊ d ə d	ə n l o ʊ d ə d	1	0	1
string	n a ɪ f	n a ɪ f t	n a ɪ f t	m a ɪ n	m a ɪ n d	n a ɪ f d	1	0	0
string	ə p r iː ʃ iː e ɪ t	ə p r iː ʃ iː e ɪ t ə d	ə p r iː p r iː d	k r iː e ɪ t	k r iː e ɪ t ə d	ə p r iː ʃ iː e ɪ t ə d	1	0	1
string	r ʌ f	r ʌ f t	r ʌ f t	r uː f	r uː f t	r ʌ f t	1	1	1
string	l æ t͡ʃ	l æ t͡ʃ t	l æ t͡ʃ t	h æ t͡ʃ	h æ t͡ʃ t	l æ t͡ʃ t	1	1	1
string	ɪ m p r uː v	ɪ m p r uː v d	ɪ m p r uː v d	p r uː v	p r uː v d	ɪ m p r uː v d	1	1	1
string	r ɪ v ɹ̩ t	r ɪ v ɹ̩ t ə d	r ɪ v ɹ̩ t ə d	r ɪ v ɹ̩ s	r ɪ v ɹ̩ s t	r ɪ v ɹ̩ t t	1	0	0
string	d ɔ n	d ɔ n d	d ɔ n d	d ɔ ɡ	d ɔ ɡ d	d ɔ n d	1	1	1
string	d ʌ ŋ k	d ʌ ŋ k t	d ʌ ŋ k t	f ʌ k	f ʌ k t	d ʌ ŋ k t	1	1	1
string	m ə n uː v ɹ̩	m ə n uː v ɹ̩ d	m ə n v uː ɹ̩ d	k ə n uː	k ə n uː d	m ə n uː v ɹ̩ d	1	0	1
string	s w uː ʃ	s w uː ʃ t	s w uː ʃ t	s w uː p	s w uː p t	s w uː ʃ t	1	1	1
string	l uː p	l uː p t	l uː p t	w uː p	w uː p t	l uː p t	1	1	1
string	ə b a ɪ d	ə b a ɪ d ə d	ə b a ɪ d ə d	ə s a ɪ n	ə s a ɪ n d	ə b a ɪ d d	1	0	0
string	k ə m p ɛ r	k ə m p ɛ r d	k ə m p ɛ r d	ə p iː r	ə p iː r d	k ə m p ɛ r d	1	1	1
string	t͡ʃ æ n ə l	t͡ʃ æ n ə l d	t͡ʃ æ n ə l d	p æ d ə l	p æ d ə l d	t͡ʃ æ n ə l d	1	1	1
string	s t ɔ r	s t ɔ r d	s t ɔ r d	s t ɔ r iː	s t ɔ r iː d	s t ɔ r d	1	1	1
string	r ɪ p ɛ r	r ɪ p ɛ r d	r ɪ p ɛ p t	r ɪ p ɛ l	r ɪ p ɛ l d	r ɪ p ɛ r d	1	0	1
string	d ɪ ʃ	d ɪ ʃ t	d ɪ ʃ t	d ɪ ŋ	d ɪ ŋ d	d ɪ ʃ d	1	0	0
string	s p ɑː r k ə l	s p ɑː r k ə l d	s p ɑː r k ə l d	s n ɑː r ə l	s n ɑː r ə l d	s p ɑː r k ə l d	1	1	1
string	k w a ɪ ə t	k w a ɪ ə t ə d	k w a ɪ ə t ə d	k w ɪ l t	k w ɪ l t ə d	k w a ɪ ə t ə d	1	1	1
string	k ə n t ɪ n j uː	k ə n t ɪ n j uː d	k ə n t ɪ n t ɪ d	k ə n v ɪ n s	k ə n v ɪ n s t	k ə n t ɪ n j uː t	1	0	0
string	p ɑː t	p ɑː t ə d	p ɑː t	p æ t	p æ t ə d	p ɑː t ə d	1	0	1
string	p r ɪ n t	p r ɪ n t ə d	p r ɪ n t ə d	p e ɪ n t	p e ɪ n t ə d	p r ɪ n t ə d	1	1	1
string	s p a ɪ s	s p a ɪ s t	s p a ɪ s t	s p a ɪ	s p a ɪ d	s p a ɪ s d	1	0	0
string	b ɑː d iː	b ɑː d iː d	b ɑː d iː d	b ɑː r k	b ɑː r k t	b ɑː d iː t	1	0	0
string	s t r o ʊ k	s t r o ʊ k t	s t r o ʊ k t	s t r o ʊ l	s t r o ʊ l d	s t r o ʊ k d	1	0	0
string	ə n w a ɪ n d	ə n w a ʊ n d	ə n w a ɪ n d ə d	f a ɪ n d	f a ʊ n d	ə n w a ʊ n d	0	0	1
string	s t r æ ŋ ɡ ə l	s t r æ ŋ ɡ ə l d	s t r æ ŋ ɡ r uː d	t æ ŋ ɡ ə l	t æ ŋ ɡ ə l d	s t r æ ŋ ɡ ə l d	1	0	1
string	p ɑː l ɪ ʃ	p ɑː l ɪ ʃ t	p ɑː l ɪ ʃ t	p ʌ n ɪ ʃ	p ʌ n ɪ ʃ t	p ɑː l ɪ ʃ t	1	1	1
string	p a ʊ n d	p a ʊ n d ə d	p a ʊ n d ə d	s a ʊ n d	s a ʊ n d ə d	p a ʊ n d ə d	1	1	1
string	w ɪ s k	w ɪ s k t	w ɪ s k t	w ɪ ŋ k	w ɪ ŋ k t	w ɪ s k t	1	1	1
string	ɡ l o ʊ	ɡ l o ʊ d	ɡ l uː	b l o ʊ	b l uː	ɡ l uː	1	1	0
string	a ɪ s	a ɪ s t	a ɪ s t	k ɪ s	k ɪ s t	a ɪ s t	1	1	1
string	t iː z	t iː z d	t iː z d	t iː m	t iː m d	t iː z d	1	1	1
string	ɪ r ʌ p t	ɪ r ʌ p t ə d	ɪ r ʌ p t ə d	f r ʌ n t	f r ʌ n t ə d	ɪ r ʌ p t ə d	1	1	1
string	k ɑː n	k ɑː n d	k ɑː n d	k ɑː k	k ɑː k t	k ɑː n t	1	0	0
string	d ɪ z ɑː l v	d ɪ z ɑː l v d	d ɪ z ɑː l v d	ɪ v ɑː l v	ɪ v ɑː l v d	d ɪ z ɑː l v d	1	1	1
string	b l ɛ n d	b l ɛ n d ə d	b l ɛ n d ə d	l ɛ n d	l ɛ n t	b l ɛ n t	1	0	0
string	ə r e ɪ n d͡ʒ	ə r e ɪ n d͡ʒ d	ə r e ɪ n d͡ʒ d	d r e ɪ n	d r e ɪ n d	ə r e ɪ n d͡ʒ d	1	1	1
string	f r e ɪ m	f r e ɪ m d	f r e ɪ m d	ʃ e ɪ m	ʃ e ɪ m d	f r e ɪ m d	1	1	1
string	k ə m p iː t	k ə m p iː t ə d	k ə m p iː t ə d	r ɪ p iː t	r ɪ p iː t ə d	k ə m p iː t ə d	1	1	1
string	s p iː d	s p ɛ d	s p iː d	s iː d	s iː d ə d	s p iː d ə d	0	0	0
string	h ɔ l	h ɔ l d	h ɔ l d	h ɹ̩ l	h ɹ̩ l d	h ɔ l d	1	1	1
string	s n æ ɡ	s n æ ɡ d	s n æ ɡ d	s n æ t͡ʃ	s n æ t͡ʃ t	s n æ ɡ t	1	0	0
string	ɪ n t r iː ɡ	ɪ n t r iː ɡ d	ɪ n t r iː ɡ d	t r iː t	t r iː t ə d	ɪ n t r iː ɡ ə d	1	0	0
string	l ɔ n t͡ʃ	l ɔ n t͡ʃ t	l ɔ n t͡ʃ t	l ʌ n t͡ʃ	l ʌ n t͡ʃ t	l ɔ n t͡ʃ t	1	1	1
string	s æ ɡ	s æ ɡ d	s æ ɡ d	ɡ æ ɡ	ɡ æ ɡ d	s æ ɡ d	1	1	1
string	d ɪ v ɛ l ə p	d ɪ v ɛ l ə p t	d ɪ v ɛ l ə p t	ɡ æ l ə p	ɡ æ l ə p t	d ɪ v ɛ l ə p t	1	1	1
string	s ɹ̩ v a ɪ v	s ɹ̩ v a ɪ v d	s ɹ̩ v a ɪ v d	s p l a ɪ s	s p l a ɪ s t	s ɹ̩ v a ɪ v t	1	0	0
string	r iː b ɪ l d	r iː b ɪ l t	r iː b ɪ l d ə d	r a ɪ d	r o ʊ d	NA	0	0	0
string	ɛ n t ɹ̩	ɛ n t ɹ̩ d	ɛ n t ɹ̩ d	s ɛ n t ɹ̩	s ɛ n t ɹ̩ d	ɛ n t ɹ̩ d	1	1	1
string	w ɹ̩ l	w ɹ̩ l d	w ɹ̩ l d	h ɹ̩ l	h ɹ̩ l d	w ɹ̩ l d	1	1	1
string	s p l æ t ɹ̩	s p l æ t ɹ̩ d	s p l æ t ɹ̩ d	s k æ t ɹ̩	s k æ t ɹ̩ d	s p l æ t ɹ̩ d	1	1	1
string	w ɹ̩ ʃ ɪ p	w ɹ̩ ʃ ɪ p t	w ɹ̩ ʃ ɪ p t	w a ɪ p	w a ɪ p t	w ɹ̩ ʃ ɪ p t	1	1	1
string	n iː d ə l	n iː d ə l d	n iː d ə l d	n iː d	n iː d ə d	n iː d ə l ə d	1	0	0
string	s p e ɪ s	s p e ɪ s t	s p e ɪ s t	s p ɔ ɪ l	s p ɔ ɪ l d	s p e ɪ s d	1	0	0
string	f l ɹ̩ t	f l ɹ̩ t ə d	f l ɹ̩ t ə d	f ɪ t	f ɪ t	f l ɹ̩ t	1	0	0
string	p ɛ ɡ	p ɛ ɡ d	p ɛ ɡ d	p ɛ n	p ɛ n d	p ɛ ɡ d	1	1	1
string	p a ʊ ɹ̩	p a ʊ ɹ̩ d	p a ʊ ɹ̩ d	p a ʊ d ɹ̩	p a ʊ d ɹ̩ d	p a ʊ ɹ̩ d	1	1	1
string	d ɪ s ɡ ʌ s t	d ɪ s ɡ ʌ s t ə d	d ɪ s ɡ s t	d ɪ s k ʌ s	d ɪ s k ʌ s t	d ɪ s ɡ ʌ s t t	1	0	0
string	ɪ n k l uː d	ɪ n k l uː d ə d	ɪ n k l uː d ə d	ɪ n t ɛ n d	ɪ n t ɛ n d ə d	ɪ n k l uː d ə d	1	1	1
string	h a ʊ l	h a ʊ l d	h a ʊ l d	h a ʊ z	h a ʊ z d	h a ʊ l d	1	1	1
string	s ɪ m ɹ̩	s ɪ m ɹ̩ d	s ɪ m ɹ̩ d	s ɪ t	s æ t	NA	1	0	0
string	k ə m p l iː t	k ə m p l iː t ə d	k ə m p l iː t ə d	k w ɪ l t	k w ɪ l t ə d	k ə m p l iː t ə d	1	1	1
string	l e ɪ ɹ̩	l e ɪ ɹ̩ d	l e ɪ ɹ̩ d	l e ɪ	l e ɪ d	l e ɪ ɹ̩ d	1	1	1
string	d ɑː k	d ɑː k t	d ɑː k t	r ɑː k	r ɑː k t	d ɑː k t	1	1	1
string	æ d m a ɪ ɹ̩	æ d m a ɪ ɹ̩ d	æ d a ɪ d ɹ̩ d	f a ɪ ɹ̩	f a ɪ ɹ̩ d	æ d m a ɪ ɹ̩ d	1	0	1
string	d ɪ f ɛ n d	d ɪ f ɛ n d ə d	d ɪ f ɛ n d ə d	d ɪ p ɛ n d	d ɪ p ɛ n d ə d	d ɪ f ɛ n d ə d	1	1	1
string	p r ɪ v ɛ n t	p r ɪ v ɛ n t ə d	p r ɪ v ɛ n t ə d	p r iː z ɛ n t	p r iː z ɛ n t ə d	p r ɪ v ɛ n t ə d	1	1	1
string	p ɔ z	p ɔ z d	p ɔ z d	p ɔ r	p ɔ r d	p ɔ z d	1	1	1
string	ə n ɔ ɪ	ə n ɔ ɪ d	ə n ɔ ɪ d	t ɔ ɪ	t ɔ ɪ d	ə n ɔ ɪ d	1	1	1
string	k ɹ̩ o ʊ d	k ɹ̩ o ʊ d ə d	k ɹ̩ o ʊ d ə d	k r a ʊ d	k r a ʊ d ə d	k ɹ̩ o ʊ d ə d	1	1	1
string	ɡ r ʌ n t	ɡ r ʌ n t ə d	ɡ r ʌ n t ə d	ɡ r æ n t	ɡ r æ n t ə d	ɡ r ʌ n t ə d	1	1	1
string	t r ʌ m p ə t	t r ʌ m p ə t ə d	t r ʌ m p ə t ə d	k r ʌ m p ə l	k r ʌ m p ə l d	t r ʌ m p ə t d	1	0	0
string	r ɪ ɡ r ɛ t	r ɪ ɡ r ɛ t ə d	r ɪ ɡ r ɛ t ə d	r ɪ v ə t	r ɪ v ə t ə d	r ɪ ɡ r ɛ t ə d	1	1	1
string	b ɔ r	b ɔ r d	b ɔ r d	b ɔ r d	b ɔ r d ə d	b ɔ r ə d	1	0	0
string	k ə m p l e ɪ n	k ə m p l e ɪ n d	k ə m p l e ɪ n d	k ə n t e ɪ n	k ə n t e ɪ n d	k ə m p l e ɪ n d	1	1	1
string	s p ɔ r t	s p ɔ r t ə d	s p ɔ r t ə d	s ɔ r t	s ɔ r t ə d	s p ɔ r t ə d	1	1	1
string	ɡ r æ s	ɡ r æ s t	ɡ r æ s t	ɡ æ s	ɡ æ s t	ɡ r æ s t	1	1	1
string	θ ʌ m	θ ʌ m d	θ ʌ m d	ɡ ʌ m	ɡ ʌ m d	θ ʌ m d	1	1	1
string	ɪ k s p o ʊ z	ɪ k s p o ʊ z d	ɪ k s p o ʊ z d	ɪ k s p l o ʊ d	ɪ k s p l o ʊ d ə d	ɪ k s p o ʊ z ə d	1	0	0
string	p l ʌ ŋ k	p l ʌ ŋ k t	p l ʌ ŋ k t	p l ʌ m p	p l ʌ m p t	p l ʌ ŋ k t	1	1	1
string	s p l ɪ t	s p l ɪ t	s p l ɪ t ə d	s p ɪ t	s p æ t	s p l æ t	0	0	0
string	b æ n ɪ ʃ	b æ n ɪ ʃ t	b æ n ɪ ʃ t	v æ n ɪ ʃ	v æ n ɪ ʃ t	b æ n ɪ ʃ t	1	1	1
string	b ɛ l t͡ʃ	b ɛ l t͡ʃ t	b ɛ l t͡ʃ t	b ɔ l	b ɔ l d	b ɛ l t͡ʃ d	1	0	0
string	s t ʌ b	s t ʌ b d	s t ʌ b d	s t æ b	s t æ b d	s t ʌ b d	1	1	1
string	d ɪ p ɔ r t	d ɪ p ɔ r t ə d	d ɪ p ɔ r t ə d	r iː p ɔ r t	r iː p ɔ r t ə d	d ɪ p ɔ r t ə d	1	1	1
string	m ɑː r k ə t	m ɑː r k ə t ə d	m ɑː r k ə t ə d	m ɑː r b ə l	m ɑː r b ə l d	m ɑː r k ə t d	1	0	0
string	æ d v ɹ̩ t a ɪ z	æ d v ɹ̩ t a ɪ z d	æ d v ɹ̩ t a ɪ z d	d ɪ s ɡ a ɪ z	d ɪ s ɡ a ɪ z d	æ d v ɹ̩ t a ɪ z d	1	1	1
string	ɡ ɑː l f	ɡ ɑː l f t	ɡ ɑː l f t	ɡ ʌ l p	ɡ ʌ l p t	ɡ ɑː l f t	1	1	1
string	d ɪ t ɹ̩ m ə n	d ɪ t ɹ̩ m ə n d	d ɪ t ɹ̩ m ə n d	d ɪ s t ɹ̩ b	d ɪ s t ɹ̩ b d	d ɪ t ɹ̩ m ə n d	1	1	1
string	o ʊ v ɹ̩ k ʊ k	o ʊ v ɹ̩ k ʊ k t	o ʊ v ɹ̩ k ʊ k ə d	o ʊ v ɹ̩ l æ p	o ʊ v ɹ̩ l æ p t	o ʊ v ɹ̩ k ʊ k t	1	0	1
string	d͡ʒ e ɪ l	d͡ʒ e ɪ l d	d͡ʒ e ɪ l d	f e ɪ l	f e ɪ l d	d͡ʒ e ɪ l d	1	1	1
string	p iː r	p iː r d	p iː r d	p ɛ r	p ɛ r d	p iː r d	1	1	1
string	f ʊ t	f ʊ t ə d	f ʊ t	p ʊ t	p ʊ t	f ʊ t	1	1	0
string	ɛ k o ʊ	ɛ k o ʊ d	ɛ k o ʊ k	θ r o ʊ	θ r uː	ɛ k uː	1	0	0
string	s p r e ɪ n	s p r e ɪ n d	s p r e ɪ n d	s p r e ɪ	s p r e ɪ d	s p r e ɪ n d	1	1	1
string	k æ m ə f l ɑː ʒ	k æ m ə f l ɑː ʒ d	k æ m ə f l l l d	k æ t ə l ɔ ɡ	k æ t ə l ɔ ɡ d	k æ m ə f l ɑː ʒ d	1	0	1
string	d ɪ m æ n d	d ɪ m æ n d ə d	d ɪ m æ n d ə d	d ɪ p ɛ n d	d ɪ p ɛ n d ə d	d ɪ m æ n d ə d	1	1	1
string	ɔ l t ɹ̩	ɔ l t ɹ̩ d	ɔ l t ɹ̩ d	s ɔ l t	s ɔ l t ə d	ɔ l t ɹ̩ ə d	1	0	0
string	d͡ʒ ʌ d͡ʒ	d͡ʒ ʌ d͡ʒ d	d͡ʒ ʌ d͡ʒ d	b ʌ d͡ʒ	b ʌ d͡ʒ d	d͡ʒ ʌ d͡ʒ d	1	1	1
string	b l iː t͡ʃ	b l iː t͡ʃ t	b l iː t͡ʃ t	b l iː d	b l ɛ d	NA	1	0	0
string	s iː r	s iː r d	s iː r d	s iː k	s ɔ t	NA	1	0	0
string	s ə s p ɛ n d	s ə s p ɛ n d ə d	s ə s p ɛ n d	s p ɛ n d	s p ɛ n t	s ə s p ɛ n t	1	0	0
string	s t r iː m l a ɪ n	s t r iː m l a ɪ n d	s t r iː m j a ɪ n d	s t r e ɪ n	s t r e ɪ n d	s t r iː m l a ɪ n d	1	0	1
string	ʃ æ t ɹ̩	ʃ æ t ɹ̩ d	ʃ æ t ɹ̩ d	m æ t ɹ̩	m æ t ɹ̩ d	ʃ æ t ɹ̩ d	1	1	1
string	t e ɪ l	t e ɪ l d	t e ɪ l d	t ɔ ɪ l	t ɔ ɪ l d	t e ɪ l d	1	1	1
string	w iː k ə n	w iː k ə n d	w iː k ə n d	t͡ʃ ɪ k ə n	t͡ʃ ɪ k ə n d	w iː k ə n d	1	1	1
random	s iː	s ɔ	s iː d	m æ t ɹ̩	m æ t ɹ̩ d	s iː d	0	1	0
random	ɡ ɛ t	ɡ ɑː t	ɡ ɛ t	f a ɪ t	f ɔ t	NA	0	0	0
random	n ɑː k	n ɑː k t	n ɑː k t	s k r ʌ b	s k r ʌ b d	n ɑː k d	1	0	0
random	θ ɪ ŋ k	θ ɔ t	θ ɪ ŋ k t	p r ə d uː s	p r ə d uː s t	θ ɪ ŋ k t	0	1	0
random	k l iː n	k l iː n d	k l iː n d	ɛ n t ɹ̩ t e ɪ n	ɛ n t ɹ̩ t e ɪ n d	k l iː n d	1	1	1
random	b ɪ l iː v	b ɪ l iː v d	b ɪ l iː v d	s k iː	s k iː d	b ɪ l iː v d	1	1	1
random	ɡ ɪ v	ɡ e ɪ v	ɡ ɪ v d	ɡ ʌ l p	ɡ ʌ l p t	ɡ ɪ v t	0	0	0
random	t e ɪ k	t ʊ k	t e ɪ k t	r iː s ɹ̩ t͡ʃ	r iː s ɹ̩ t͡ʃ t	t e ɪ k t	0	1	0
random	s t æ n d	s t ʊ d	s t æ n d ə d	s p r e ɪ	s p r e ɪ d	s t æ n d d	0	0	0
random	j ɛ l	j ɛ l d	j ɛ l d	b o ʊ l	b o ʊ l d	j ɛ l d	1	1	1
random	f ɪ k s	f ɪ k s t	f ɪ k s t	p ɛ r ə ʃ uː t	p ɛ r ə ʃ uː t ə d	f ɪ k s ə d	1	0	0
random	k l æ p	k l æ p t	k l æ p t	æ n ə t e ɪ t	æ n ə t e ɪ t ə d	k l æ p ə d	1	0	0
random	r a ɪ m	r a ɪ m d	r a ɪ m d	ɪ ɡ z ɔ s t	ɪ ɡ z ɔ s t ə d	r a ɪ m ə d	1	0	0
random	t ɛ l	t o ʊ l d	t ɛ l d	h o ʊ n	h o ʊ n d	t ɛ l d	0	1	0
random	f ɔ l	f ɛ l	f ɔ l d	s t e ɪ k	s t e ɪ k t	f ɔ l t	0	0	0
random	r o ʊ l	r o ʊ l d	r o ʊ l d	ə d r ɛ s	ə d r ɛ s t	r o ʊ l t	1	0	0
random	k uː l	k uː l d	k uː l d	b ɹ̩ n ɪ ʃ	b ɹ̩ n ɪ ʃ t	k uː l t	1	0	0
random	s ɪ ŋ	s æ ŋ	s ɪ ŋ d	n ʌ k ə l	n ʌ k ə l d	s ɪ ŋ d	0	1	0
random	h o ʊ l d	h ɛ l d	h o ʊ l d ə d	s p r e ɪ	s p r e ɪ d	h o ʊ l d d	0	0	0
random	d r ɛ s	d r ɛ s t	d r ɛ s t	t r a ɪ	t r a ɪ d	d r ɛ s d	1	0	0
random	w e ɪ k	w o ʊ k	w e ɪ k t	f l ɪ ŋ	f l ʌ ŋ	NA	0	0	0
random	m uː v	m uː v d	m uː v d	r ɪ z ɛ m b ə l	r ɪ z ɛ m b ə l d	m uː v d	1	1	1
random	b ɪ l d	b ɪ l t	b ɪ l d ə d	l e ɪ b ə l	l e ɪ b ə l d	b ɪ l d d	0	0	0
random	p uː p	p uː p t	p uː p t	v æ n ɪ ʃ	v æ n ɪ ʃ t	p uː p t	1	1	1
random	k ɛ r	k ɛ r d	k ɛ r d	t r æ m p ə l	t r æ m p ə l d	k ɛ r d	1	1	1
random	b ɛ r iː	b ɛ r iː d	b ɛ r iː d	s p ɛ k ə l	s p ɛ k ə l d	b ɛ r iː d	1	1	1
random	p æ n t	p æ n t ə d	p æ n t ə d	r iː v j uː	r iː v j uː d	p æ n t d	1	0	0
random	t ʌ k	t ʌ k t	t ʌ k t	s p iː k	s p o ʊ k	NA	1	0	0
random	b ɑː ð ɹ̩	b ɑː ð ɹ̩ d	b ɑː ð ɹ̩ d	ɛ d ə t	ɛ d ə t ə d	b ɑː ð ɹ̩ ə d	1	0	0
random	ɛ ɡ z ɪ t	ɛ ɡ z ɪ t ə d	ɛ ɡ z ɪ t ə d	b r a ʊ n	b r a ʊ n d	ɛ ɡ z ɪ t d	1	0	0
random	s t e ɪ	s t e ɪ d	s t e ɪ d	d͡ʒ ʌ m p	d͡ʒ ʌ m p t	s t e ɪ t	1	0	0
random	w ʌ n d ɹ̩	w ʌ n d ɹ̩ d	w ʌ n d ɹ̩ d	d ɪ s t r ɔ ɪ	d ɪ s t r ɔ ɪ d	w ʌ n d ɹ̩ d	1	1	1
random	d ɪ p	d ɪ p t	d ɪ p t	s ɹ̩ v	s ɹ̩ v d	d ɪ p d	1	0	0
random	h ʌ ɡ	h ʌ ɡ d	h ʌ ɡ d	t ɑː p	t ɑː p t	h ʌ ɡ t	1	0	0
random	v ɔ ɪ s	v ɔ ɪ s t	v ɔ ɪ s t	w ɔ r m	w ɔ r m d	v ɔ ɪ s d	1	0	0
random	ə t æ t͡ʃ	ə t æ t͡ʃ t	ə t æ t͡ʃ t	l ɑː d͡ʒ	l ɑː d͡ʒ d	ə t æ t͡ʃ d	1	0	0
random	s m ɛ l	s m ɛ l d	s m ɛ l d	l ɑː d͡ʒ	l ɑː d͡ʒ d	s m ɛ l d	1	1	1
random	f ɪ n ɪ ʃ	f ɪ n ɪ ʃ t	f ɪ n ɪ ʃ t	d r ʌ ɡ	d r ʌ ɡ d	f ɪ n ɪ ʃ d	1	0	0
random	t r ɑː t	t r ɑː t ə d	t r ɑː t ə d	d ɪ l e ɪ	d ɪ l e ɪ d	t r ɑː t d	1	0	0
random	b l ɛ s	b l ɛ s t	b l ɛ s t	m ɛ l t	m ɛ l t ə d	b l ɛ s ə d	1	0	0
random	l ɛ d	l ɛ d ə d	l ɛ d	b l æ k	b l æ k t	l ɛ d t	1	0	0
random	p r ɛ s	p r ɛ s t	p r ɛ s t	k ʌ p ə l	k ʌ p ə l d	p r ɛ s d	1	0	0
random	ə n z ɪ p	ə n z ɪ p t	ə n z ɪ p t	s a ɪ	s a ɪ d	ə n z ɪ p d	1	0	0
random	f ɪ l t ɹ̩	f ɪ l t ɹ̩ d	f ɪ l t ɹ̩ d	f l ɪ ŋ	f l ʌ ŋ	NA	1	0	0
random	ʃ e ɪ v	ʃ e ɪ v d	ʃ e ɪ v d	æ k t	æ k t ə d	ʃ e ɪ v ə d	1	0	0
random	k ɑː s t	k ɑː s t	k ɑː s t	p ɪ t	p ɪ t ə d	k ɑː s t ə d	0	0	0
random	b r ʌ ʃ	b r ʌ ʃ t	b r ʌ ʃ t	b l æ k	b l æ k t	b r ʌ ʃ t	1	1	1
random	l æ n d	l æ n d ə d	l æ n d ə d	t a ʊ ɹ̩	t a ʊ ɹ̩ d	l æ n d d	1	0	0
random	s t ɛ p	s t ɛ p t	s t ɛ p t	s p r ɪ ŋ	s p r æ ŋ	NA	1	0	0
random	m ɪ l k	m ɪ l k t	m ɪ l k t	ə b s ɛ s	ə b s ɛ s t	m ɪ l k t	1	1	1
random	b ɛ s t	b ɛ s t ə d	b ɛ s t ə d	t iː t ɹ̩	t iː t ɹ̩ d	b ɛ s t d	1	0	0
random	m a ɪ n d	m a ɪ n d ə d	m a ʊ n d ə d	s p ɛ r	s p ɛ r d	m a ɪ n d d	1	0	0
random	w a ɪ t	w a ɪ t ə d	w a ɪ t ə d	h a ɪ ɹ̩	h a ɪ ɹ̩ d	w a ɪ t d	1	0	0
random	m æ k s	m æ k s t	m æ k s t	ʃ a ʊ ɹ̩	ʃ a ʊ ɹ̩ d	m æ k s d	1	0	0
random	r iː t͡ʃ	r iː t͡ʃ t	r iː t͡ʃ t	s k ɪ n	s k ɪ n d	r iː t͡ʃ d	1	0	0
random	h o ʊ p	h o ʊ p t	h o ʊ p t	m ʌ t ɹ̩	m ʌ t ɹ̩ d	h o ʊ p d	1	0	0
random	f o ʊ l d	f o ʊ l d ə d	f o ʊ l d ə d	ə s a ɪ n	ə s a ɪ n d	f o ʊ l d d	1	0	0
random	k l ɪ n t͡ʃ	k l ɪ n t͡ʃ t	k l ɪ n t͡ʃ t	æ k t	æ k t ə d	k l ɪ n t͡ʃ ə d	1	0	0
random	t r ɪ k	t r ɪ k t	t r ɪ k t	r ɛ k ə n	r ɛ k ə n d	t r ɪ k d	1	0	0
random	b ɛ n d	b ɛ n d ə d	b ɛ n t ə d	ə b s ɛ s	ə b s ɛ s t	b ɛ n d t	1	0	0
random	a ɪ d ɛ n t ə f a ɪ	a ɪ d ɛ n t ə f a ɪ d	a ɪ d	r ɪ v ə t	r ɪ v ə t ə d	a ɪ d ɛ n t ə f a ɪ ə d	1	0	0
random	d͡ʒ ɔ ɪ n	d͡ʒ ɔ ɪ n d	d͡ʒ ɔ ɪ n d	f l ʌ ʃ	f l ʌ ʃ t	d͡ʒ ɔ ɪ n t	1	0	0
random	k ə n f j uː z	k ə n f j uː z d	k ə n f j uː z d	k ə n v ɪ n s	k ə n v ɪ n s t	k ə n f j uː z t	1	0	0
random	b ɛ r	b o ʊ r	b ɛ r d	s t e ɪ ʃ ə n	s t e ɪ ʃ ə n d	b ɛ r d	0	1	0
random	r ɛ s t	r ɛ s t ə d	r ɛ s t	ɡ uː f	ɡ uː f t	r ɛ s t t	1	0	0
random	p iː	p iː d	p iː d	f l ɪ p	f l ɪ p t	p iː t	1	0	0
random	ɡ r æ b	ɡ r æ b d	ɡ r æ b d	n ʌ k ə l	n ʌ k ə l d	ɡ r æ b d	1	1	1
random	ə p r o ʊ t͡ʃ	ə p r o ʊ t͡ʃ t	ə p r o ʊ t͡ʃ t	ɪ k s p æ n d	ɪ k s p æ n d ə d	ə p r o ʊ t͡ʃ ə d	1	0	0
random	p iː l	p iː l d	p iː l d	z o ʊ n	z o ʊ n d	p iː l d	1	1	1
random	m ɑː r t͡ʃ	m ɑː r t͡ʃ t	m ɑː r t͡ʃ t	m ʌ m b ə l	m ʌ m b ə l d	m ɑː r t͡ʃ d	1	0	0
random	t æ k ə l	t æ k ə l d	t æ k ə l d	t͡ʃ a ɪ m	t͡ʃ a ɪ m d	t æ k ə l d	1	1	1
random	d ɪ ɡ	d ʌ ɡ	d ɪ ɡ d	p ɹ̩ s uː	p ɹ̩ s uː d	d ɪ ɡ d	0	1	0
random	s ɛ t ə l	s ɛ t ə l d	s ɛ t ə l d	t w a ɪ n	t w a ɪ n d	s ɛ t ə l d	1	1	1
random	ɪ ɡ n ɔ r	ɪ ɡ n ɔ r d	ɪ ɡ ɔ r ɔ r	s l o ʊ	s l o ʊ d	ɪ ɡ n ɔ r d	1	0	1
random	k ʌ v ɹ̩	k ʌ v ɹ̩ d	k ʌ v ɹ̩ d	r iː p l e ɪ s	r iː p l e ɪ s t	k ʌ v ɹ̩ t	1	0	0
random	r ɑː t	r ɑː t ə d	r ɑː t	ʃ ɑː k	ʃ ɑː k t	r ɑː t t	1	0	0
random	f l æ t ɹ̩	f l æ t ɹ̩ d	f l æ t ɹ̩ d	æ n t ɪ s ə p e ɪ t	æ n t ɪ s ə p e ɪ t ə d	f l æ t ɹ̩ ə d	1	0	0
random	b ʌ b ə l	b ʌ b ə l d	b ʌ b ə l d	d͡ʒ ɛ n ɹ̩ e ɪ t	d͡ʒ ɛ n ɹ̩ e ɪ t ə d	b ʌ b ə l ə d	1	0	0
random	k o ʊ ɑː p ɹ̩ e ɪ t	k o ʊ ɑː p ɹ̩ e ɪ t ə d	k o ʊ p ɹ̩ p ɹ̩ d	ə v ɔ ɪ d	ə v ɔ ɪ d ə d	k o ʊ ɑː p ɹ̩ e ɪ t ə d	1	0	1
random	ɡ r iː n	ɡ r iː n d	ɡ r iː n d	b iː t	b iː t	ɡ r iː n	1	0	0
random	r e ɪ s	r e ɪ s t	r e ɪ s t	f ɪ l m	f ɪ l m d	r e ɪ s d	1	0	0
random	d æ n s	d æ n s t	d æ n s t	l a ɪ k	l a ɪ k t	d æ n s t	1	1	1
random	p r ɑː d͡ʒ ɛ k t	p r ɑː d͡ʒ ɛ k t ə d	p r ɑː d͡ʒ ɛ k t ə d	s e ɪ l	s e ɪ l d	p r ɑː d͡ʒ ɛ k t d	1	0	0
random	b ɛ ɡ	b ɛ ɡ d	b ɛ ɡ d	f ɪ l	f ɪ l d	b ɛ ɡ d	1	1	1
random	s ɹ̩ v ɪ s	s ɹ̩ v ɪ s t	s ɹ̩ v ɪ s t	k e ɪ k	k e ɪ k t	s ɹ̩ v ɪ s t	1	1	1
random	r ɛ p r ə z ɛ n t	r ɛ p r ə z ɛ n t ə d	r ɛ p r ə z ɛ n t ə d	k iː p	k ɛ p t	NA	1	0	0
random	ɪ m ɹ̩ d͡ʒ	ɪ m ɹ̩ d͡ʒ d	ɪ m ɹ̩ d͡ʒ d	k æ n s ə l	k æ n s ə l d	ɪ m ɹ̩ d͡ʒ d	1	1	1
random	b ɔ ɪ l	b ɔ ɪ l d	b ɔ ɪ l d	m ɪ r ɹ̩	m ɪ r ɹ̩ d	b ɔ ɪ l d	1	1	1
random	p ɹ̩ f ɛ k t	p ɹ̩ f ɛ k t ə d	p ɹ̩ f ɛ k t ə d	f ɪ l	f ɪ l d	p ɹ̩ f ɛ k t d	1	0	0
random	r a ɪ z	r o ʊ z	r o ʊ z d	m a ʊ n t	m a ʊ n t ə d	r a ɪ z ə d	0	0	0
random	s k r iː n	s k r iː n d	s k r iː n d	w ɔ r m	w ɔ r m d	s k r iː n d	1	1	1
random	t r e ɪ n	t r e ɪ n d	t r e ɪ n d	l iː k	l iː k t	t r e ɪ n t	1	0	0
random	s o ʊ	s o ʊ d	s o ʊ d	t͡ʃ ʌ ɡ	t͡ʃ ʌ ɡ d	s o ʊ d	1	1	1
random	f e ɪ s	f e ɪ s t	f e ɪ s t	s n iː k	s n iː k t	f e ɪ s t	1	1	1
random	s t ʌ d iː	s t ʌ d iː d	s t ʌ d	r a ɪ t	r o ʊ t	NA	1	0	0
random	b l ɑː t	b l ɑː t ə d	b l ɑː t ə d	w e ɪ l	w e ɪ l d	b l ɑː t d	1	0	0
random	m e ɪ l	m e ɪ l d	m e ɪ l d	m ɪ k s	m ɪ k s t	m e ɪ l t	1	0	0
random	k l ɪ ŋ	k l ʌ ŋ	k l ʌ ŋ	s k w ɹ̩ t	s k w ɹ̩ t ə d	k l ɪ ŋ ə d	0	0	0
random	p l ʌ ɡ	p l ʌ ɡ d	p l ʌ ɡ d	f r ɔ s t	f r ɔ s t ə d	p l ʌ ɡ ə d	1	0	0
random	p r e ɪ	p r e ɪ d	p r e ɪ d	n ɛ s t	n ɛ s t ə d	p r e ɪ ə d	1	0	0
random	f l o ʊ	f l o ʊ d	f l o ʊ d	r ɪ l iː v	r ɪ l iː v d	f l o ʊ d	1	1	1
random	r iː m a ɪ n d	r iː m a ɪ n d ə d	r iː m a ɪ n d ə d	n e ɪ l	n e ɪ l d	r iː m a ɪ n d d	1	0	0
random	ɛ l b o ʊ	ɛ l b o ʊ d	ɛ l o ʊ l d	d͡ʒ ʌ m p	d͡ʒ ʌ m p t	ɛ l b o ʊ t	1	0	0
random	f r iː z	f r o ʊ z	f r iː z d	t ʌ t͡ʃ	t ʌ t͡ʃ t	f r iː z t	0	0	0
random	m ɪ m ɪ k	m ɪ m ɪ k t	m ɪ m ɪ k t	ɪ m ə t e ɪ t	ɪ m ə t e ɪ t ə d	m ɪ m ɪ k ə d	1	0	0
random	w iː l	w iː l d	w iː l d	p ʌ f	p ʌ f t	w iː l t	1	0	0
random	p ʌ m p	p ʌ m p t	p ʌ m p t	b e ɪ k	b e ɪ k t	p ʌ m p t	1	1	1
random	ɪ k s p ɛ k t	ɪ k s p ɛ k t ə d	ɪ k s p ɛ k t ə d	s p ɪ n	s p ʌ n	NA	1	0	0
random	w a ɪ n d	w a ɪ n d ə d	w a ʊ n d	h ɪ t	h ɪ t	w a ɪ n d	1	0	0
random	s k r ɪ b ə l	s k r ɪ b ə l d	s k r ɪ b ə l d	s ə b t r æ k t	s ə b t r æ k t ə d	s k r ɪ b ə l ə d	1	0	0
random	r ɪ s p ɑː n d	r ɪ s p ɑː n d ə d	r ɪ s p ɑː n d ə d	b æ t ə l	b æ t ə l d	r ɪ s p ɑː n d d	1	0	0
random	r e ɪ z	r e ɪ z d	r e ɪ z d	t a ɪ	t a ɪ d	r e ɪ z d	1	1	1
random	ɡ ɪ ɡ ə l	ɡ ɪ ɡ ə l d	ɡ ɪ ɡ ə l d	p l æ n	p l æ n d	ɡ ɪ ɡ ə l d	1	1	1
random	b ɑː r o ʊ	b ɑː r o ʊ d	b ɑː r o ʊ d	l ɑː k	l ɑː k t	b ɑː r o ʊ t	1	0	0
random	s w ɑː l o ʊ	s w ɑː l o ʊ d	s w ɑː l o ʊ d	t uː n	t uː n d	s w ɑː l o ʊ d	1	1	1
random	d ɑː r n	d ɑː r n d	d ɑː r n d	h iː r	h ɹ̩ d	NA	1	0	0
random	k ɑː p iː	k ɑː p iː d	k ɑː p iː d	k l ʌ t ɹ̩	k l ʌ t ɹ̩ d	k ɑː p iː d	1	1	1
random	s k r e ɪ p	s k r e ɪ p t	s k r e ɪ p t	w ɹ̩ k	w ɹ̩ k t	s k r e ɪ p t	1	1	1
random	h o ʊ m	h o ʊ m d	h o ʊ m d	b uː	b uː d	h o ʊ m d	1	1	1
random	f r iː	f r iː d	f r iː d	b ɔ l	b ɔ l d	f r iː d	1	1	1
random	b r a ɪ t ə n	b r a ɪ t ə n d	b r a ɪ t ə n d	w e ɪ t	w e ɪ t ə d	b r a ɪ t ə n ə d	1	0	0
random	ə r a ɪ v	ə r a ɪ v d	ə r a ɪ v d	iː t	e ɪ t	NA	1	0	0
random	ɪ k s p l ɔ r	ɪ k s p l ɔ r d	ɪ k s p l ɔ r d	f ʌ k	f ʌ k t	ɪ k s p l ɔ r t	1	0	0
random	p ɹ̩ s	p ɹ̩ s t	p ɹ̩ s t	p l iː d	p l iː d ə d	p ɹ̩ s ə d	1	0	0
random	t͡ʃ ɪ p	t͡ʃ ɪ p t	t͡ʃ ɪ p t	ɡ ɑː r b ə l	ɡ ɑː r b ə l d	t͡ʃ ɪ p d	1	0	0
random	b ɑː t ə l	b ɑː t ə l d	b ɑː t ə l d	h ɑː r n ə s	h ɑː r n ə s t	b ɑː t ə l t	1	0	0
random	ə s o ʊ s iː e ɪ t	ə s o ʊ s iː e ɪ t ə d	ə s o ʊ s iː e ɪ t ə d	f e ɪ k	f e ɪ k t	ə s o ʊ s iː e ɪ t t	1	0	0
random	ɪ n s ɪ s t	ɪ n s ɪ s t ə d	ɪ n s ɪ s t ə d	k l o ʊ z	k l o ʊ z d	ɪ n s ɪ s t d	1	0	0
random	w iː	w iː d	w iː d	s k iː	s k iː d	w iː d	1	1	1
random	ʃ ɔ r t ə n	ʃ ɔ r t ə n d	ʃ ɔ r t ə n d	t r æ m p	t r æ m p t	ʃ ɔ r t ə n t	1	0	0
random	ə n l ɑː k	ə n l ɑː k t	ə n l ɑː k t	m æ t͡ʃ	m æ t͡ʃ t	ə n l ɑː k t	1	1	1
random	d ʌ b ə l	d ʌ b ə l d	d ʌ b ə l d	s w ɑː t	s w ɑː t ə d	d ʌ b ə l ə d	1	0	0
random	m ɑː p	m ɑː p t	m ɑː p t	m a ʊ ð	m a ʊ ð d	m ɑː p d	1	0	0
random	f ɛ t͡ʃ	f ɛ t͡ʃ t	f ɛ t͡ʃ t	b r ɪ d͡ʒ	b r ɪ d͡ʒ d	f ɛ t͡ʃ d	1	0	0
random	ʃ ɛ d	ʃ ɛ d ə d	ʃ ɛ d	r ʌ m ɪ d͡ʒ	r ʌ m ɪ d͡ʒ d	ʃ ɛ d d	1	0	0
random	t r æ p	t r æ p t	t r æ p t	ɑː p ɹ̩ e ɪ t	ɑː p ɹ̩ e ɪ t ə d	t r æ p ə d	1	0	0
random	b ɪ h e ɪ v	b ɪ h e ɪ v d	b ɪ h e ɪ v d	d ɪ s a ɪ d	d ɪ s a ɪ d ə d	b ɪ h e ɪ v ə d	1	0	0
random	d ɪ l iː t	d ɪ l iː t ə d	d ɪ l iː t ə d	p r ɪ k	p r ɪ k t	d ɪ l iː t t	1	0	0
random	p æ n	p æ n d	p æ n d	l a ɪ	l e ɪ	NA	1	0	0
random	s k æ l ə p	s k æ l ə p t	s k æ l ə p t	z ɪ p	z ɪ p t	s k æ l ə p t	1	1	1
random	n o ʊ t	n o ʊ t ə d	n o ʊ t ə d	ɡ r a ʊ n d	ɡ r a ʊ n d ə d	n o ʊ t ə d	1	1	1
random	p ɑː k ə t	p ɑː k ə t ə d	p ɑː k ə t ə d	t a ɪ	t a ɪ d	p ɑː k ə t d	1	0	0
random	r ə f l ɛ k t	r ə f l ɛ k t ə d	r ə f l ɛ k t ə d	d o ʊ n e ɪ t	d o ʊ n e ɪ t ə d	r ə f l ɛ k t ə d	1	1	1
random	s t e ɪ t	s t e ɪ t ə d	s t e ɪ t ə d	f l æ t ə n	f l æ t ə n d	s t e ɪ t d	1	0	0
random	p r a ɪ	p r a ɪ d	p r a ɪ d	k ə n s ɪ d ɹ̩	k ə n s ɪ d ɹ̩ d	p r a ɪ d	1	1	1
random	ʃ uː	ʃ uː d	ʃ uː d	f ɛ r	f ɛ r d	ʃ uː d	1	1	1
random	k ɑː n s ə n t r e ɪ t	k ɑː n s ə n t r e ɪ t ə d	k ə n s ə n t ə d	ə p s ɛ t	ə p s ɛ t	k ɑː n s ə n t r e ɪ t	1	0	0
random	s ʌ f ɹ̩	s ʌ f ɹ̩ d	s ʌ f ɹ̩ d	r ɛ s k j uː	r ɛ s k j uː d	s ʌ f ɹ̩ d	1	1	1
random	s ɪ z ə l	s ɪ z ə l d	s ɪ z ə l d	ɑː r m	ɑː r m d	s ɪ z ə l d	1	1	1
random	p r ə p o ʊ z	p r ə p o ʊ z d	p r ə p o ʊ z d	r ə s iː v	r ə s iː v d	p r ə p o ʊ z d	1	1	1
random	θ ɔ	θ ɔ d	θ ɔ d	ə ɡ r iː	ə ɡ r iː d	θ ɔ d	1	1	1
random	r ɪ l e ɪ t	r ɪ l e ɪ t ə d	r ɪ l e ɪ t ə d	d ɪ s ə ɡ r iː	d ɪ s ə ɡ r iː d	r ɪ l e ɪ t d	1	0	0
random	t ɪ k	t ɪ k t	t ɪ k t	r iː d	r ɛ d	NA	1	0	0
random	ɛ d͡ʒ	ɛ d͡ʒ d	ɛ d͡ʒ d	v ɪ z ɪ t	v ɪ z ɪ t ə d	ɛ d͡ʒ ə d	1	0	0
random	ɪ ɡ z ɪ s t	ɪ ɡ z ɪ s t ə d	ɪ ɡ z ɪ s t ə d	s k w ɹ̩ t	s k w ɹ̩ t ə d	ɪ ɡ z ɪ s t ə d	1	1	1
random	θ ɪ k ə n	θ ɪ k ə n d	θ ɪ k ə n d	h æ m ɹ̩	h æ m ɹ̩ d	θ ɪ k ə n d	1	1	1
random	r ɪ t ɹ̩ n	r ɪ t ɹ̩ n d	r ɪ t ɹ̩ n d	d r ɔ	d r uː	NA	1	0	0
random	t͡ʃ ɑː r d͡ʒ	t͡ʃ ɑː r d͡ʒ d	t͡ʃ ɑː r d͡ʒ d	b æ k	b æ k t	t͡ʃ ɑː r d͡ʒ t	1	0	0
random	s t o ʊ n	s t o ʊ n d	s t o ʊ n d	t a ʊ ɹ̩	t a ʊ ɹ̩ d	s t o ʊ n d	1	1	1
random	w ɛ l k ə m	w ɛ l k ə m d	w ɛ l k ə m d	h ɑː p	h ɑː p t	w ɛ l k ə m t	1	0	0
random	d ɪ n a ɪ	d ɪ n a ɪ d	d ɪ n a ɪ d	l æ f	l æ f t	d ɪ n a ɪ t	1	0	0
random	ɔ r ɡ ə n a ɪ z	ɔ r ɡ ə n a ɪ z d	ɔ r ɡ ə n a ɪ z d	l ɪ ŋ k	l ɪ ŋ k t	ɔ r ɡ ə n a ɪ z t	1	0	0
random	k ɑː r d	k ɑː r d ə d	k ɑː r d ə d	b a ʊ n s	b a ʊ n s t	k ɑː r d t	1	0	0
random	b o ʊ l t	b o ʊ l t ə d	b o ʊ l t ə d	m ɹ̩ d ɹ̩	m ɹ̩ d ɹ̩ d	b o ʊ l t d	1	0	0
random	s ə p ɔ r t	s ə p ɔ r t ə d	s ə p ɔ r t ə d	θ æ ŋ k	θ æ ŋ k t	s ə p ɔ r t t	1	0	0
random	ɡ r a ʊ l	ɡ r a ʊ l d	ɡ r a ʊ l d	r ɪ p ɛ l	r ɪ p ɛ l d	ɡ r a ʊ l d	1	1	1
random	d͡ʒ ɹ̩ k	d͡ʒ ɹ̩ k t	d͡ʒ ɹ̩ k t	ɪ n s ɹ̩ t	ɪ n s ɹ̩ t ə d	d͡ʒ ɹ̩ k ə d	1	0	0
random	d ɪ s k ʌ v ɹ̩	d ɪ s k ʌ v ɹ̩ d	d ɪ s k ʌ v ɹ̩ d	k æ ʃ	k æ ʃ t	d ɪ s k ʌ v ɹ̩ t	1	0	0
random	l æ s t	l æ s t ə d	l æ s t	ɡ l uː	ɡ l uː d	l æ s t d	1	0	0
random	s ɛ n t ə n s	s ɛ n t ə n s t	s ɛ n t ə n s t	p ɛ p ɹ̩	p ɛ p ɹ̩ d	s ɛ n t ə n s d	1	0	0
random	t æ t ə l	t æ t ə l d	t æ t ə l d	p r iː t ɛ n d	p r iː t ɛ n d ə d	t æ t ə l ə d	1	0	0
random	ə r ɛ s t	ə r ɛ s t ə d	ə r ɛ s t ə d	s k r æ t͡ʃ	s k r æ t͡ʃ t	ə r ɛ s t t	1	0	0
random	ə n l o ʊ d	ə n l o ʊ d ə d	ə n l o ʊ d	d r ʌ ɡ	d r ʌ ɡ d	ə n l o ʊ d d	1	0	0
random	n a ɪ f	n a ɪ f t	n a ɪ f t	s k e ɪ t	s k e ɪ t ə d	n a ɪ f ə d	1	0	0
random	ə p r iː ʃ iː e ɪ t	ə p r iː ʃ iː e ɪ t ə d	ə p r iː p r iː d	w e ɪ l	w e ɪ l d	ə p r iː ʃ iː e ɪ t d	1	0	0
random	r ʌ f	r ʌ f t	r ʌ f t	s t r a ɪ k	s t r ʌ k	NA	1	0	0
random	l æ t͡ʃ	l æ t͡ʃ t	l æ t͡ʃ t	r iː æ k t	r iː æ k t ə d	l æ t͡ʃ ə d	1	0	0
random	ɪ m p r uː v	ɪ m p r uː v d	ɪ m p r uː v d	l ɛ t	l ɛ t	ɪ m p r uː v	1	0	0
random	r ɪ v ɹ̩ t	r ɪ v ɹ̩ t ə d	r ɪ v ɹ̩ t ə d	h æ t͡ʃ	h æ t͡ʃ t	r ɪ v ɹ̩ t t	1	0	0
random	d ɔ n	d ɔ n d	d ɔ n d	θ r o ʊ	θ r uː	NA	1	0	0
random	d ʌ ŋ k	d ʌ ŋ k t	d ʌ ŋ k t	z ɪ r ɑː k s	z ɪ r ɑː k s t	d ʌ ŋ k t	1	1	1
random	m ə n uː v ɹ̩	m ə n uː v ɹ̩ d	m ə n v uː ɹ̩ d	s t e ɪ p ə l	s t e ɪ p ə l d	m ə n uː v ɹ̩ d	1	0	1
random	s w uː ʃ	s w uː ʃ t	s w uː ʃ t	t ʌ m b ə l	t ʌ m b ə l d	s w uː ʃ d	1	0	0
random	l uː p	l uː p t	l uː p t	d a ɪ ə l	d a ɪ ə l d	l uː p d	1	0	0
random	ə b a ɪ d	ə b a ɪ d ə d	ə b a ɪ d ə d	d͡ʒ ɛ n ɹ̩ e ɪ t	d͡ʒ ɛ n ɹ̩ e ɪ t ə d	ə b a ɪ d ə d	1	1	1
random	k ə m p ɛ r	k ə m p ɛ r d	k ə m p ɛ r d	s p r ɛ d	s p r ɛ d	k ə m p ɛ r	1	0	0
random	t͡ʃ æ n ə l	t͡ʃ æ n ə l d	t͡ʃ æ n ə l d	d ɪ p ɛ n d	d ɪ p ɛ n d ə d	t͡ʃ æ n ə l ə d	1	0	0
random	s t ɔ r	s t ɔ r d	s t ɔ r d	l a ɪ	l e ɪ	NA	1	0	0
random	r ɪ p ɛ r	r ɪ p ɛ r d	r ɪ p ɛ p t	ɪ k s ɛ p t	ɪ k s ɛ p t ə d	r ɪ p ɛ r ə d	1	0	0
random	d ɪ ʃ	d ɪ ʃ t	d ɪ ʃ t	m e ɪ k	m e ɪ d	NA	1	0	0
random	s p ɑː r k ə l	s p ɑː r k ə l d	s p ɑː r k ə l d	m ɛ l t	m ɛ l t ə d	s p ɑː r k ə l ə d	1	0	0
random	k w a ɪ ə t	k w a ɪ ə t ə d	k w a ɪ ə t ə d	b a ʊ n s	b a ʊ n s t	k w a ɪ ə t t	1	0	0
random	k ə n t ɪ n j uː	k ə n t ɪ n j uː d	k ə n t ɪ n t ɪ d	k ʊ k	k ʊ k t	k ə n t ɪ n j uː t	1	0	0
random	p ɑː t	p ɑː t ə d	p ɑː t	s m ɑː r t	s m ɑː r t ə d	p ɑː t ə d	1	0	1
random	p r ɪ n t	p r ɪ n t ə d	p r ɪ n t ə d	s p ɪ l	s p ɪ l d	p r ɪ n t d	1	0	0
random	s p a ɪ s	s p a ɪ s t	s p a ɪ s t	z ɪ ɡ z æ ɡ	z ɪ ɡ z æ ɡ d	s p a ɪ s d	1	0	0
random	b ɑː d iː	b ɑː d iː d	b ɑː d iː d	w a ɪ ɹ̩	w a ɪ ɹ̩ d	b ɑː d iː d	1	1	1
random	s t r o ʊ k	s t r o ʊ k t	s t r o ʊ k t	w ɑː b ə l	w ɑː b ə l d	s t r o ʊ k d	1	0	0
random	ə n w a ɪ n d	ə n w a ʊ n d	ə n w a ɪ n d ə d	d r ɪ b ə l	d r ɪ b ə l d	ə n w a ɪ n d d	0	0	0
random	s t r æ ŋ ɡ ə l	s t r æ ŋ ɡ ə l d	s t r æ ŋ ɡ r uː d	t r æ n z l e ɪ t	t r æ n z l e ɪ t ə d	s t r æ ŋ ɡ ə l ə d	1	0	0
random	p ɑː l ɪ ʃ	p ɑː l ɪ ʃ t	p ɑː l ɪ ʃ t	v æ n ɪ ʃ	v æ n ɪ ʃ t	p ɑː l ɪ ʃ t	1	1	1
random	p a ʊ n d	p a ʊ n d ə d	p a ʊ n d ə d	r ɛ k	r ɛ k t	p a ʊ n d t	1	0	0
random	w ɪ s k	w ɪ s k t	w ɪ s k t	b ʌ t ə n	b ʌ t ə n d	w ɪ s k d	1	0	0
random	ɡ l o ʊ	ɡ l o ʊ d	ɡ l uː	θ r ɛ d	θ r ɛ d ə d	ɡ l o ʊ ə d	1	0	0
random	a ɪ s	a ɪ s t	a ɪ s t	p a ʊ n s	p a ʊ n s t	a ɪ s t	1	1	1
random	t iː z	t iː z d	t iː z d	ə t ɛ m p t	ə t ɛ m p t ə d	t iː z ə d	1	0	0
random	ɪ r ʌ p t	ɪ r ʌ p t ə d	ɪ r ʌ p t ə d	h ɪ t	h ɪ t	ɪ r ʌ p t	1	0	0
random	k ɑː n	k ɑː n d	k ɑː n d	p ʊ l	p ʊ l d	k ɑː n d	1	1	1
random	d ɪ z ɑː l v	d ɪ z ɑː l v d	d ɪ z ɑː l v d	k l ɔ	k l ɔ d	d ɪ z ɑː l v d	1	1	1
random	b l ɛ n d	b l ɛ n d ə d	b l ɛ n d ə d	s a ɪ	s a ɪ d	b l ɛ n d d	1	0	0
random	ə r e ɪ n d͡ʒ	ə r e ɪ n d͡ʒ d	ə r e ɪ n d͡ʒ d	f l æ p	f l æ p t	ə r e ɪ n d͡ʒ t	1	0	0
random	f r e ɪ m	f r e ɪ m d	f r e ɪ m d	s k æ n	s k æ n d	f r e ɪ m d	1	1	1
random	k ə m p iː t	k ə m p iː t ə d	k ə m p iː t ə d	ɪ k s p æ n d	ɪ k s p æ n d ə d	k ə m p iː t ə d	1	1	1
random	s p iː d	s p ɛ d	s p iː d	θ r ɛ t ə n	θ r ɛ t ə n d	s p iː d d	0	0	0
random	h ɔ l	h ɔ l d	h ɔ l d	t e ɪ p	t e ɪ p t	h ɔ l t	1	0	0
random	s n æ ɡ	s n æ ɡ d	s n æ ɡ d	ʃ e ɪ m	ʃ e ɪ m d	s n æ ɡ d	1	1	1
random	ɪ n t r iː ɡ	ɪ n t r iː ɡ d	ɪ n t r iː ɡ d	s p l æ ʃ	s p l æ ʃ t	ɪ n t r iː ɡ t	1	0	0
random	l ɔ n t͡ʃ	l ɔ n t͡ʃ t	l ɔ n t͡ʃ t	ə v ɔ ɪ d	ə v ɔ ɪ d ə d	l ɔ n t͡ʃ ə d	1	0	0
random	s æ ɡ	s æ ɡ d	s æ ɡ d	b ɑː r k	b ɑː r k t	s æ ɡ t	1	0	0
random	d ɪ v ɛ l ə p	d ɪ v ɛ l ə p t	d ɪ v ɛ l ə p t	p a ʊ d ɹ̩	p a ʊ d ɹ̩ d	d ɪ v ɛ l ə p d	1	0	0
random	s ɹ̩ v a ɪ v	s ɹ̩ v a ɪ v d	s ɹ̩ v a ɪ v d	s k iː	s k iː d	s ɹ̩ v a ɪ v d	1	1	1
random	r iː b ɪ l d	r iː b ɪ l t	r iː b ɪ l d ə d	t e ɪ p	t e ɪ p t	r iː b ɪ l d t	0	0	0
random	ɛ n t ɹ̩	ɛ n t ɹ̩ d	ɛ n t ɹ̩ d	p r o ʊ ɡ r æ m	p r o ʊ ɡ r æ m d	ɛ n t ɹ̩ d	1	1	1
random	w ɹ̩ l	w ɹ̩ l d	w ɹ̩ l d	p r ə t ɛ k t	p r ə t ɛ k t ə d	w ɹ̩ l ə d	1	0	0
random	s p l æ t ɹ̩	s p l æ t ɹ̩ d	s p l æ t ɹ̩ d	k ʊ k	k ʊ k t	s p l æ t ɹ̩ t	1	0	0
random	w ɹ̩ ʃ ɪ p	w ɹ̩ ʃ ɪ p t	w ɹ̩ ʃ ɪ p t	t͡ʃ ɪ l	t͡ʃ ɪ l d	w ɹ̩ ʃ ɪ p d	1	0	0
random	n iː d ə l	n iː d ə l d	n iː d ə l d	t o ʊ	t o ʊ d	n iː d ə l d	1	1	1
random	s p e ɪ s	s p e ɪ s t	s p e ɪ s t	b r e ɪ k	b r o ʊ k	NA	1	0	0
random	f l ɹ̩ t	f l ɹ̩ t ə d	f l ɹ̩ t ə d	b o ʊ n	b o ʊ n d	f l ɹ̩ t d	1	0	0
random	p ɛ ɡ	p ɛ ɡ d	p ɛ ɡ d	d ʌ m p	d ʌ m p t	p ɛ ɡ t	1	0	0
random	p a ʊ ɹ̩	p a ʊ ɹ̩ d	p a ʊ ɹ̩ d	p ʌ z ə l	p ʌ z ə l d	p a ʊ ɹ̩ d	1	1	1
random	d ɪ s ɡ ʌ s t	d ɪ s ɡ ʌ s t ə d	d ɪ s ɡ s t	ɪ n t ɛ n d	ɪ n t ɛ n d ə d	d ɪ s ɡ ʌ s t ə d	1	0	1
random	ɪ n k l uː d	ɪ n k l uː d ə d	ɪ n k l uː d ə d	ɪ n k w a ɪ ɹ̩	ɪ n k w a ɪ ɹ̩ d	ɪ n k l uː d d	1	0	0
random	h a ʊ l	h a ʊ l d	h a ʊ l d	s o ʊ k	s o ʊ k t	h a ʊ l t	1	0	0
random	s ɪ m ɹ̩	s ɪ m ɹ̩ d	s ɪ m ɹ̩ d	s ɛ t	s ɛ t	s ɪ m ɹ̩	1	0	0
random	k ə m p l iː t	k ə m p l iː t ə d	k ə m p l iː t ə d	ə n d ɹ̩ s t æ n d	ə n d ɹ̩ s t ʊ d	NA	1	0	0
random	l e ɪ ɹ̩	l e ɪ ɹ̩ d	l e ɪ ɹ̩ d	ɡ r o ʊ n	ɡ r o ʊ n d	l e ɪ ɹ̩ d	1	1	1
random	d ɑː k	d ɑː k t	d ɑː k t	z ɪ p	z ɪ p t	d ɑː k t	1	1	1
random	æ d m a ɪ ɹ̩	æ d m a ɪ ɹ̩ d	æ d a ɪ d ɹ̩ d	b iː f	b iː f t	æ d m a ɪ ɹ̩ t	1	0	0
random	d ɪ f ɛ n d	d ɪ f ɛ n d ə d	d ɪ f ɛ n d ə d	t͡ʃ ɪ l	t͡ʃ ɪ l d	d ɪ f ɛ n d d	1	0	0
random	p r ɪ v ɛ n t	p r ɪ v ɛ n t ə d	p r ɪ v ɛ n t ə d	t͡ʃ uː z	t͡ʃ o ʊ z	NA	1	0	0
random	p ɔ z	p ɔ z d	p ɔ z d	p æ d	p æ d ə d	p ɔ z ə d	1	0	0
random	ə n ɔ ɪ	ə n ɔ ɪ d	ə n ɔ ɪ d	p r o ʊ b	p r o ʊ b d	ə n ɔ ɪ d	1	1	1
random	k ɹ̩ o ʊ d	k ɹ̩ o ʊ d ə d	k ɹ̩ o ʊ d ə d	s l æ p	s l æ p t	k ɹ̩ o ʊ d t	1	0	0
random	ɡ r ʌ n t	ɡ r ʌ n t ə d	ɡ r ʌ n t ə d	s n æ p	s n æ p t	ɡ r ʌ n t t	1	0	0
random	t r ʌ m p ə t	t r ʌ m p ə t ə d	t r ʌ m p ə t ə d	s ə b t r æ k t	s ə b t r æ k t ə d	t r ʌ m p ə t ə d	1	1	1
random	r ɪ ɡ r ɛ t	r ɪ ɡ r ɛ t ə d	r ɪ ɡ r ɛ t ə d	r iː f r ɛ ʃ	r iː f r ɛ ʃ t	r ɪ ɡ r ɛ t t	1	0	0
random	b ɔ r	b ɔ r d	b ɔ r d	ɪ n k w a ɪ ɹ̩	ɪ n k w a ɪ ɹ̩ d	b ɔ r d	1	1	1
random	k ə m p l e ɪ n	k ə m p l e ɪ n d	k ə m p l e ɪ n d	r iː s k ɛ d͡ʒ uː l	r iː s k ɛ d͡ʒ uː l d	k ə m p l e ɪ n d	1	1	1
random	s p ɔ r t	s p ɔ r t ə d	s p ɔ r t ə d	b ɑː r b ɪ k j uː	b ɑː r b ɪ k j uː d	s p ɔ r t d	1	0	0
random	ɡ r æ s	ɡ r æ s t	ɡ r æ s t	f ɛ ð ɹ̩	f ɛ ð ɹ̩ d	ɡ r æ s d	1	0	0
random	θ ʌ m	θ ʌ m d	θ ʌ m d	f ɑː l o ʊ	f ɑː l o ʊ d	θ ʌ m d	1	1	1
random	ɪ k s p o ʊ z	ɪ k s p o ʊ z d	ɪ k s p o ʊ z d	ɪ n ɪ ʃ ə l	ɪ n ɪ ʃ ə l d	ɪ k s p o ʊ z d	1	1	1
random	p l ʌ ŋ k	p l ʌ ŋ k t	p l ʌ ŋ k t	f ɑː l o ʊ	f ɑː l o ʊ d	p l ʌ ŋ k d	1	0	0
random	s p l ɪ t	s p l ɪ t	s p l ɪ t ə d	s t ɹ̩	s t ɹ̩ d	s p l ɪ t d	0	0	0
random	b æ n ɪ ʃ	b æ n ɪ ʃ t	b æ n ɪ ʃ t	p r iː t ɛ n d	p r iː t ɛ n d ə d	b æ n ɪ ʃ ə d	1	0	0
random	b ɛ l t͡ʃ	b ɛ l t͡ʃ t	b ɛ l t͡ʃ t	f l æ ʃ	f l æ ʃ t	b ɛ l t͡ʃ t	1	1	1
random	s t ʌ b	s t ʌ b d	s t ʌ b d	r iː j uː z	r iː uː z d	NA	1	0	0
random	d ɪ p ɔ r t	d ɪ p ɔ r t ə d	d ɪ p ɔ r t ə d	r iː s ɹ̩ t͡ʃ	r iː s ɹ̩ t͡ʃ t	d ɪ p ɔ r t t	1	0	0
random	m ɑː r k ə t	m ɑː r k ə t ə d	m ɑː r k ə t ə d	k ʊ k	k ʊ k t	m ɑː r k ə t t	1	0	0
random	æ d v ɹ̩ t a ɪ z	æ d v ɹ̩ t a ɪ z d	æ d v ɹ̩ t a ɪ z d	s p ɪ l	s p ɪ l d	æ d v ɹ̩ t a ɪ z d	1	1	1
random	ɡ ɑː l f	ɡ ɑː l f t	ɡ ɑː l f t	r ɛ n ə v e ɪ t	r ɛ n ə v e ɪ t ə d	ɡ ɑː l f ə d	1	0	0
random	d ɪ t ɹ̩ m ə n	d ɪ t ɹ̩ m ə n d	d ɪ t ɹ̩ m ə n d	w ɹ̩ k	w ɹ̩ k t	d ɪ t ɹ̩ m ə n t	1	0	0
random	o ʊ v ɹ̩ k ʊ k	o ʊ v ɹ̩ k ʊ k t	o ʊ v ɹ̩ k ʊ k ə d	v j uː	v j uː d	o ʊ v ɹ̩ k ʊ k d	1	0	0
random	d͡ʒ e ɪ l	d͡ʒ e ɪ l d	d͡ʒ e ɪ l d	d r ɪ l	d r ɪ l d	d͡ʒ e ɪ l d	1	1	1
random	p iː r	p iː r d	p iː r d	t w ɪ t͡ʃ	t w ɪ t͡ʃ t	p iː r t	1	0	0
random	f ʊ t	f ʊ t ə d	f ʊ t	ʃ æ m p uː	ʃ æ m p uː d	f ʊ t d	1	0	0
random	ɛ k o ʊ	ɛ k o ʊ d	ɛ k o ʊ k	ə p ɑː l ə d͡ʒ a ɪ z	ə p ɑː l ə d͡ʒ a ɪ z d	ɛ k o ʊ d	1	0	1
random	s p r e ɪ n	s p r e ɪ n d	s p r e ɪ n d	ɡ æ ɡ	ɡ æ ɡ d	s p r e ɪ n d	1	1	1
random	k æ m ə f l ɑː ʒ	k æ m ə f l ɑː ʒ d	k æ m ə f l l l d	ɡ ʌ n	ɡ ʌ n d	k æ m ə f l ɑː ʒ d	1	0	1
random	d ɪ m æ n d	d ɪ m æ n d ə d	d ɪ m æ n d ə d	t ɑː l ɹ̩ e ɪ t	t ɑː l ɹ̩ e ɪ t ə d	d ɪ m æ n d ə d	1	1	1
random	ɔ l t ɹ̩	ɔ l t ɹ̩ d	ɔ l t ɹ̩ d	r iː æ k t	r iː æ k t ə d	ɔ l t ɹ̩ ə d	1	0	0
random	d͡ʒ ʌ d͡ʒ	d͡ʒ ʌ d͡ʒ d	d͡ʒ ʌ d͡ʒ d	h ɹ̩ l	h ɹ̩ l d	d͡ʒ ʌ d͡ʒ d	1	1	1
random	b l iː t͡ʃ	b l iː t͡ʃ t	b l iː t͡ʃ t	t ɑː p ə l	t ɑː p ə l d	b l iː t͡ʃ d	1	0	0
random	s iː r	s iː r d	s iː r d	w ʊ d	w ʊ d ə d	s iː r ə d	1	0	0
random	s ə s p ɛ n d	s ə s p ɛ n d ə d	s ə s p ɛ n d	s n ɑː r ə l	s n ɑː r ə l d	s ə s p ɛ n d d	1	0	0
random	s t r iː m l a ɪ n	s t r iː m l a ɪ n d	s t r iː m j a ɪ n d	h e ɪ s ə n	h e ɪ s ə n d	s t r iː m l a ɪ n d	1	0	1
random	ʃ æ t ɹ̩	ʃ æ t ɹ̩ d	ʃ æ t ɹ̩ d	b a ʊ n s	b a ʊ n s t	ʃ æ t ɹ̩ t	1	0	0
random	t e ɪ l	t e ɪ l d	t e ɪ l d	s p ɛ l	s p ɛ l d	t e ɪ l d	1	1	1
random	w iː k ə n	w iː k ə n d	w iː k ə n d	æ n t ɪ s ə p e ɪ t	æ n t ɪ s ə p e ɪ t ə d	w iː k ə n ə d	1	0	0
