neighbors	src	gold	pred	neighbor_src	neighbor_out	neighbor_gold	analogy	matches_pred	matches_gold	class_gold	class_pred	class_neighbor
model_sep	s m a ɪ l	s m a ɪ l d	s m a ɪ l d	s p a ɪ k	s p a ɪ k t	s p a ɪ k t	s m a ɪ l t	0	0	reg_d	reg_d	reg_t
model_sep	r iː d	r ɛ d	r iː d ə d	r ɪ d	r ɪ d	r ɪ d	r iː d	0	0	vowel_change	reg_əd	no_change
model_sep	l a ɪ k	l a ɪ k t	l a ɪ k t	l o ʊ d	l o ʊ d ə d	l o ʊ d ə d	l a ɪ k ə d	0	0	reg_t	reg_t	reg_əd
model_sep	ʃ o ʊ	ʃ o ʊ d	ʃ o ʊ d	ʃ a ɪ	ʃ a ɪ d	ʃ a ɪ d	ʃ o ʊ d	1	1	reg_d	reg_d	reg_d
model_sep	b a ɪ t	b ɪ t	b a ɪ t ə d	b r ɪ ŋ	b r ɔ t	b r ɔ t	NA	0	0	vowel_change	reg_əd	rhyme_replaced
model_sep	f l a ɪ	f l uː	f l a ɪ d	f a ɪ ɹ̩	f a ɪ ɹ̩ d	f a ɪ ɹ̩ d	f l a ɪ d	1	0	vowel_change	reg_d	reg_d
model_sep	h o ʊ p	h o ʊ p t	h o ʊ p t	h o ʊ l	h o ʊ l d	h o ʊ l d	h o ʊ p d	0	0	reg_t	reg_t	reg_d
model_sep	o ʊ p ə n	o ʊ p ə n d	o ʊ p ə n d	o ʊ b e ɪ	o ʊ b e ɪ d	o ʊ b e ɪ d	o ʊ p ə n d	1	1	reg_d	reg_d	reg_d
model_sep	r ʌ n	r æ n	r ʌ n d	r ɔ r	r ɔ r d	r ɔ r d	r ʌ n d	1	0	vowel_change	reg_d	reg_d
model_sep	t ɔ ɪ	t ɔ ɪ d	t ɔ t	t a ɪ	t a ɪ d	t a ɪ d	t ɔ ɪ d	0	1	reg_d	vowel_change_suffix	reg_d
model_sep	p l e ɪ	p l e ɪ d	p l e ɪ d	p r e ɪ	p r e ɪ d	p r e ɪ d	p l e ɪ d	1	1	reg_d	reg_d	reg_d
model_sep	w ɑː t͡ʃ	w ɑː t͡ʃ t	w ɑː t͡ʃ t	w ɛ t	w ɛ t	w ɛ t	w ɑː t͡ʃ	0	0	reg_t	reg_t	no_change
model_sep	r iː t͡ʃ	r iː t͡ʃ t	r iː t͡ʃ t	r ɔ r	r ɔ r d	r ɔ r d	r iː t͡ʃ d	0	0	reg_t	reg_t	reg_d
model_sep	æ s k	æ s k t	æ s k t	æ n s ɹ̩	æ n s ɹ̩ d	æ n s ɹ̩ d	æ s k d	0	0	reg_t	reg_t	reg_d
model_sep	s m ɛ l	s m ɛ l d	s m ɛ l d	s p ɛ l	s p ɛ l d	s p ɛ l d	s m ɛ l d	1	1	reg_d	reg_d	reg_d
model_sep	h æ ŋ	h ʌ ŋ	h æ ŋ d	h ɑː p	h ɑː p t	h ɑː p t	h æ ŋ t	0	0	vowel_change	reg_d	reg_t
model_sep	r a ɪ d	r o ʊ d	r o ʊ d ə d	r a ɪ t	r o ʊ t	r o ʊ t	NA	0	0	vowel_change	other	vowel_change
model_sep	s p ɪ l	s p ɪ l d	s p æ l d	s t ɪ l	s t ɪ l d	s t ɪ l d	s p ɪ l d	0	1	reg_d	vowel_change_suffix	reg_d
model_sep	p ɔ r	p ɔ r d	p ɔ r d	p ɛ r	p ɛ r d	p ɛ r d	p ɔ r d	1	1	reg_d	reg_d	reg_d
model_sep	b a ʊ	b a ʊ d	b ɔ t	b æ ŋ	b æ ŋ d	b æ ŋ d	b a ʊ d	0	1	reg_d	vowel_change_suffix	reg_d
model_sep	t ʌ t͡ʃ	t ʌ t͡ʃ t	t ʌ t͡ʃ t	t iː t͡ʃ	t ɔ t	t ɔ t	NA	0	0	reg_t	reg_t	rhyme_replaced
model_sep	k ɑː z	k ɑː z d	k ɑː z d	k ɹ̩ v	k ɹ̩ v d	k ɹ̩ v d	k ɑː z d	1	1	reg_d	reg_d	reg_d
model_sep	s t r a ɪ k	s t r ʌ k	s t r a ɪ k t	s t r a ɪ p	s t r a ɪ p t	s t r a ɪ p t	s t r a ɪ k t	1	0	vowel_change	reg_t	reg_t
model_sep	h ɹ̩ t	h ɹ̩ t	h ɹ̩ t	h ɹ̩ iː	h ɹ̩ iː d	h ɹ̩ iː d	h ɹ̩ t d	0	0	no_change	no_change	reg_d
model_sep	h iː t	h iː t ə d	h ɹ̩ t	h ɹ̩ iː	h ɹ̩ iː d	h ɹ̩ iː d	h iː t d	0	0	reg_əd	vowel_change	reg_d
model_sep	f l a ʊ ɹ̩	f l a ʊ ɹ̩ d	f l a ʊ ɹ̩ d	f ɪ ɡ j ɹ̩	f ɪ ɡ j ɹ̩ d	f ɪ ɡ j ɹ̩ d	f l a ʊ ɹ̩ d	1	1	reg_d	reg_d	reg_d
model_sep	k l o ʊ z	k l o ʊ z d	k l o ʊ z d	k ʌ d ə l	k ʌ d ə l d	k ʌ d ə l d	k l o ʊ z d	1	1	reg_d	reg_d	reg_d
model_sep	m a ɪ n	m a ɪ n d	m a ɪ n d	m o ʊ n	m o ʊ n d	m o ʊ n d	m a ɪ n d	1	1	reg_d	reg_d	reg_d
model_sep	v ɪ z ɪ t	v ɪ z ɪ t ə d	v ɪ z ɪ t ə d	v æ n ɪ ʃ	v æ n ɪ ʃ t	v æ n ɪ ʃ t	v ɪ z ɪ t t	0	0	reg_əd	reg_əd	reg_t
model_sep	t e ɪ s t	t e ɪ s t ə d	t e ɪ s t ə d	t w ɪ s t	t w ɪ s t ə d	t w ɪ s t ə d	t e ɪ s t ə d	1	1	reg_əd	reg_əd	reg_əd
model_sep	b ʌ t ɹ̩	b ʌ t ɹ̩ d	b ʌ t ɹ̩ d	b ɛ t ɹ̩	b ɛ t ɹ̩ d	b ɛ t ɹ̩ d	b ʌ t ɹ̩ d	1	1	reg_d	reg_d	reg_d
model_sep	m e ɪ l	m e ɪ l d	m e ɪ l d	m ɛ r iː	m ɛ r iː d	m ɛ r iː d	m e ɪ l d	1	1	reg_d	reg_d	reg_d
model_sep	d ɪ ŋ	d ɪ ŋ d	d ʌ ŋ	d ɪ p	d ɪ p t	d ɪ p t	d ɪ ŋ t	0	0	reg_d	vowel_change	reg_t
model_sep	s t ɑː p	s t ɑː p t	s t ɑː p t	s t ɛ p	s t ɛ p t	s t ɛ p t	s t ɑː p t	1	1	reg_t	reg_t	reg_t
model_sep	ɪ k s a ɪ t	ɪ k s a ɪ t ə d	ɪ k s a ɪ t ə d	ɪ k s ɛ p t	ɪ k s ɛ p t ə d	ɪ k s ɛ p t ə d	ɪ k s a ɪ t ə d	1	1	reg_əd	reg_əd	reg_əd
model_sep	f r a ɪ	f r a ɪ d	f r a ɪ d	f a ɪ ɹ̩	f a ɪ ɹ̩ d	f a ɪ ɹ̩ d	f r a ɪ d	1	1	reg_d	reg_d	reg_d
model_sep	s p iː k	s p o ʊ k	s p iː k t	s t ɑː k	s t ɑː k t	s t ɑː k t	s p iː k t	1	0	vowel_change	reg_t	reg_t
model_sep	s k r æ m b ə l	s k r æ m b ə l d	s k r æ m b ə l d	s ə b t r æ k t	s ə b t r æ k t ə d	s ə b t r æ k t ə d	s k r æ m b ə l ə d	0	0	reg_d	reg_d	reg_əd
model_sep	t͡ʃ ɛ k	t͡ʃ ɛ k t	t͡ʃ ɛ k t	t͡ʃ ɹ̩ n	t͡ʃ ɹ̩ n d	t͡ʃ ɹ̩ n d	t͡ʃ ɛ k d	0	0	reg_t	reg_t	reg_d
model_sep	n ʌ m b ɹ̩	n ʌ m b ɹ̩ d	n ʌ m b ɹ̩ d	n ɛ r o ʊ	n ɛ r o ʊ d	n ɛ r o ʊ d	n ʌ m b ɹ̩ d	1	1	reg_d	reg_d	reg_d
model_sep	b ɛ n d	b ɛ n d ə d	b ɛ n t	b æ n d	b æ n d ə d	b æ n d ə d	b ɛ n d ə d	0	1	reg_əd	coda_change	reg_əd
model_sep	t ɔ s	t ɔ s t	t ɔ s t	t a ɪ	t a ɪ d	t a ɪ d	t ɔ s d	0	0	reg_t	reg_t	reg_d
model_sep	w ɪ s p ɹ̩	w ɪ s p ɹ̩ d	w ɪ s p ɹ̩ d	w ɪ n t ɹ̩	w ɪ n t ɹ̩ d	w ɪ n t ɹ̩ d	w ɪ s p ɹ̩ d	1	1	reg_d	reg_d	reg_d
model_sep	a ɪ	a ɪ d	a ɪ	a ɪ s	a ɪ s t	a ɪ s t	a ɪ t	0	0	reg_d	no_change	reg_t
model_sep	p ɑː p	p ɑː p t	p ɑː p t	p ɪ ŋ	p ɪ ŋ d	p ɪ ŋ d	p ɑː p d	0	0	reg_t	reg_t	reg_d
model_sep	ɪ ɡ z ɔ s t	ɪ ɡ z ɔ s t ə d	ɪ ɡ z ɔ s t ə d	ɪ k s ɛ p t	ɪ k s ɛ p t ə d	ɪ k s ɛ p t ə d	ɪ ɡ z ɔ s t ə d	1	1	reg_əd	reg_əd	reg_əd
model_sep	b ɪ l d	b ɪ l t	b ɪ l d ə d	b ɪ z iː	b ɪ z iː d	b ɪ z iː d	b ɪ l d d	0	0	coda_change	reg_əd	reg_d
model_sep	w ʌ n d ɹ̩	w ʌ n d ɹ̩ d	w ʌ n d ɹ̩ d	w ɑː n d ɹ̩	w ɑː n d ɹ̩ d	w ɑː n d ɹ̩ d	w ʌ n d ɹ̩ d	1	1	reg_d	reg_d	reg_d
model_sep	k r æ k	k r æ k t	k r æ k t	k l ɑː k	k l ɑː k t	k l ɑː k t	k r æ k t	1	1	reg_t	reg_t	reg_t
model_sep	n ɪ b ə l	n ɪ b ə l d	n ɪ b ə l d	n ɛ r o ʊ	n ɛ r o ʊ d	n ɛ r o ʊ d	n ɪ b ə l d	1	1	reg_d	reg_d	reg_d
model_sep	d ɪ l ɪ v ɹ̩	d ɪ l ɪ v ɹ̩ d	d ɪ l ɪ v ɹ̩ d	d ɪ k l ɛ r	d ɪ k l ɛ r d	d ɪ k l ɛ r d	d ɪ l ɪ v ɹ̩ d	1	1	reg_d	reg_d	reg_d
model_sep	s k ɛ r	s k ɛ r d	s k ɛ r d	s t ɑː r	s t ɑː r d	s t ɑː r d	s k ɛ r d	1	1	reg_d	reg_d	reg_d
model_sep	ɔ f ɹ̩	ɔ f ɹ̩ d	ɔ f ɹ̩ d	ɔ θ ɹ̩	ɔ θ ɹ̩ d	ɔ θ ɹ̩ d	ɔ f ɹ̩ d	1	1	reg_d	reg_d	reg_d
model_sep	f l ɑː p	f l ɑː p t	f l ɑː p t	f ɔ r m	f ɔ r m d	f ɔ r m d	f l ɑː p d	0	0	reg_t	reg_t	reg_d
model_sep	ə p o ʊ z	ə p o ʊ z d	ə p o ʊ z d	ə n z ɪ p	ə n z ɪ p t	ə n z ɪ p t	ə p o ʊ z t	0	0	reg_d	reg_d	reg_t
model_sep	k ʌ l ɹ̩	k ʌ l ɹ̩ d	k ʌ l ɹ̩ d	k ʌ v ɹ̩	k ʌ v ɹ̩ d	k ʌ v ɹ̩ d	k ʌ l ɹ̩ d	1	1	reg_d	reg_d	reg_d
model_sep	k æ m p	k æ m p t	k æ m p t	k l ɪ p	k l ɪ p t	k l ɪ p t	k æ m p t	1	1	reg_t	reg_t	reg_t
model_sep	s ɛ l	s o ʊ l d	s ɛ l d	s iː l	s iː l d	s iː l d	s ɛ l d	1	0	vowel_change_suffix	reg_d	reg_d
model_sep	f l æ p	f l æ p t	f l æ p t	f l æ ʃ	f l æ ʃ t	f l æ ʃ t	f l æ p t	1	1	reg_t	reg_t	reg_t
model_sep	p r ɛ s	p r ɛ s t	p r ɛ s t	p ʌ m p	p ʌ m p t	p ʌ m p t	p r ɛ s t	1	1	reg_t	reg_t	reg_t
model_sep	f ɪ l	f ɪ l d	f ɪ l d	f iː l	f ɛ l t	f ɛ l t	NA	0	0	reg_d	reg_d	vowel_change_suffix
model_sep	b r æ n t͡ʃ	b r æ n t͡ʃ t	b r æ n t͡ʃ t	b l æ s t	b l æ s t ə d	b l æ s t ə d	b r æ n t͡ʃ ə d	0	0	reg_t	reg_t	reg_əd
model_sep	t a ɪ t ə n	t a ɪ t ə n d	t a ɪ t ə n d	t r ɪ k ə l	t r ɪ k ə l d	t r ɪ k ə l d	t a ɪ t ə n d	1	1	reg_d	reg_d	reg_d
model_sep	k æ p t ɪ v e ɪ t	k æ p t ɪ v e ɪ t ə d	k æ p t ə v e ɪ t ə d	k o ʊ ɑː p ɹ̩ e ɪ t	k o ʊ ɑː p ɹ̩ e ɪ t ə d	k o ʊ ɑː p ɹ̩ e ɪ t ə d	k æ p t ɪ v e ɪ t ə d	0	1	reg_əd	other	reg_əd
model_sep	t o ʊ s t	t o ʊ s t ə d	t o ʊ s t ə d	t r æ m p	t r æ m p t	t r æ m p t	t o ʊ s t t	0	0	reg_əd	reg_əd	reg_t
model_sep	d ɪ s ə p iː r	d ɪ s ə p iː r d	d ɪ s ə p iː p iː r iː ə d	d o ʊ n e ɪ t	d o ʊ n e ɪ t ə d	d o ʊ n e ɪ t ə d	d ɪ s ə p iː r ə d	0	0	reg_d	other	reg_əd
model_sep	b ɛ r	b o ʊ r	b ɛ r d	b ɑː r	b ɑː r d	b ɑː r d	b ɛ r d	1	0	vowel_change	reg_d	reg_d
model_sep	b ɛ r iː	b ɛ r iː d	b ɛ r iː d	b ɑː r b	b ɑː r b d	b ɑː r b d	b ɛ r iː d	1	1	reg_d	reg_d	reg_d
model_sep	s n iː k	s n iː k t	s n iː k t	s t ɑː k	s t ɑː k t	s t ɑː k t	s n iː k t	1	1	reg_t	reg_t	reg_t
model_sep	l ʌ n t͡ʃ	l ʌ n t͡ʃ t	l ʌ n t͡ʃ t	l o ʊ d	l o ʊ d ə d	l o ʊ d ə d	l ʌ n t͡ʃ ə d	0	0	reg_t	reg_t	reg_əd
model_sep	m ɛ m ɹ̩ a ɪ z	m ɛ m ɹ̩ a ɪ z d	m ɛ m ɹ̩ a ɪ z d	m e ɪ n t e ɪ n	m e ɪ n t e ɪ n d	m e ɪ n t e ɪ n d	m ɛ m ɹ̩ a ɪ z d	1	1	reg_d	reg_d	reg_d
model_sep	h a ɪ d	h ɪ d	h a ɪ d ə d	h a ɪ ɹ̩	h a ɪ ɹ̩ d	h a ɪ ɹ̩ d	h a ɪ d d	0	0	vowel_change	reg_əd	reg_d
model_sep	w iː l	w iː l d	w iː l d	w ɪ l	w ɪ l d	w ɪ l d	w iː l d	1	1	reg_d	reg_d	reg_d
model_sep	p æ t	p æ t ə d	p æ t ə d	p æ t͡ʃ	p æ t͡ʃ t	p æ t͡ʃ t	p æ t t	0	0	reg_əd	reg_əd	reg_t
model_sep	s k æ m p ɹ̩	s k æ m p ɹ̩ d	s k æ m p ɹ̩ d	s k æ l ə p	s k æ l ə p t	s k æ l ə p t	s k æ m p ɹ̩ t	0	0	reg_d	reg_d	reg_t
model_sep	p iː r	p iː r d	p iː r d	p ɛ r	p ɛ r d	p ɛ r d	p iː r d	1	1	reg_d	reg_d	reg_d
model_sep	ʃ æ m p uː	ʃ æ m p uː d	ʃ æ m p uː d	ʃ r ɪ ŋ k	ʃ r æ ŋ k	ʃ r æ ŋ k	NA	0	0	reg_d	reg_d	vowel_change
model_sep	r e ɪ s	r e ɪ s t	r e ɪ s t	r ɪ s k	r ɪ s k t	r ɪ s k t	r e ɪ s t	1	1	reg_t	reg_t	reg_t
model_sep	s t r ɛ t͡ʃ	s t r ɛ t͡ʃ t	s t r ɛ t͡ʃ t	s t r æ p	s t r æ p t	s t r æ p t	s t r ɛ t͡ʃ t	1	1	reg_t	reg_t	reg_t
model_sep	k ə l æ p s	k ə l æ p s t	k ə l æ p s t	k ə l ɛ k t	k ə l ɛ k t ə d	k ə l ɛ k t ə d	k ə l æ p s ə d	0	0	reg_t	reg_t	reg_əd
model_sep	d r ɪ f t	d r ɪ f t ə d	d r ɪ f t ə d	d r ɪ ŋ k	d r æ ŋ k	d r æ ŋ k	NA	0	0	reg_əd	reg_əd	vowel_change
model_sep	s t æ b	s t æ b d	s t æ b d	s l æ p	s l æ p t	s l æ p t	s t æ b t	0	0	reg_d	reg_d	reg_t
model_sep	t͡ʃ uː	t͡ʃ uː d	t͡ʃ uː d	t͡ʃ ʌ ɡ	t͡ʃ ʌ ɡ d	t͡ʃ ʌ ɡ d	t͡ʃ uː d	1	1	reg_d	reg_d	reg_d
model_sep	b ʌ b ə l	b ʌ b ə l d	b ʌ b ə l d	b ʌ k ə l	b ʌ k ə l d	b ʌ k ə l d	b ʌ b ə l d	1	1	reg_d	reg_d	reg_d
model_sep	s a ʊ ɹ̩	s a ʊ ɹ̩ d	s a ʊ ɹ̩ d	s w ɪ t͡ʃ	s w ɪ t͡ʃ t	s w ɪ t͡ʃ t	s a ʊ ɹ̩ t	0	0	reg_d	reg_d	reg_t
model_sep	s t æ m p	s t æ m p t	s t æ m p t	s t æ n d	s t ʊ d	s t ʊ d	NA	0	0	reg_t	reg_t	rhyme_replaced
model_sep	d͡ʒ ɹ̩ k	d͡ʒ ɹ̩ k t	d͡ʒ ɹ̩ k t	d͡ʒ æ k	d͡ʒ æ k t	d͡ʒ æ k t	d͡ʒ ɹ̩ k t	1	1	reg_t	reg_t	reg_t
model_sep	s ɔ	s ɔ d	s ɔ d	s uː	s uː d	s uː d	s ɔ d	1	1	reg_d	reg_d	reg_d
model_sep	f l ɪ p	f l ɪ p t	f l ɪ p t	f ɔ r m	f ɔ r m d	f ɔ r m d	f l ɪ p d	0	0	reg_t	reg_t	reg_d
model_sep	h iː l	h iː l d	h ɹ̩ l d	h ɔ l	h ɔ l d	h ɔ l d	h iː l d	0	1	reg_d	vowel_change_suffix	reg_d
model_sep	s k r iː m	s k r iː m d	s k r iː m d	s p r ɛ d	s p r ɛ d	s p r ɛ d	s k r iː m	0	0	reg_d	reg_d	no_change
model_sep	h ʊ k	h ʊ k t	h ʊ k t	h ɔ k	h ɔ k t	h ɔ k t	h ʊ k t	1	1	reg_t	reg_t	reg_t
model_sep	p ɪ t	p ɪ t ə d	p ɪ t ə d	p ɑː t	p ɑː t ə d	p ɑː t ə d	p ɪ t ə d	1	1	reg_əd	reg_əd	reg_əd
model_sep	t r ʌ b ə l	t r ʌ b ə l d	t r ʌ b ə l d	t r æ v ə l	t r æ v ə l d	t r æ v ə l d	t r ʌ b ə l d	1	1	reg_d	reg_d	reg_d
model_sep	ɪ m p r ə v a ɪ z	ɪ m p r ə v a ɪ z d	ɪ m p r o ʊ z d	ɪ m p l ə m ɛ n t	ɪ m p l ə m ɛ n t ə d	ɪ m p l ə m ɛ n t ə d	ɪ m p r ə v a ɪ z ə d	0	0	reg_d	other	reg_əd
model_sep	n e ɪ l	n e ɪ l d	n e ɪ l d	n e ɪ m	n e ɪ m d	n e ɪ m d	n e ɪ l d	1	1	reg_d	reg_d	reg_d
model_sep	b a ɪ k	b a ɪ k t	b a ɪ k t	b æ ŋ k	b æ ŋ k t	b æ ŋ k t	b a ɪ k t	1	1	reg_t	reg_t	reg_t
model_sep	l ɑː k	l ɑː k t	l ɑː k t	l ɪ k	l ɪ k t	l ɪ k t	l ɑː k t	1	1	reg_t	reg_t	reg_t
model_sep	r ɛ s t	r ɛ s t ə d	r ɛ s t ə d	r a ɪ t	r o ʊ t	r o ʊ t	NA	0	0	reg_əd	reg_əd	vowel_change
model_sep	b iː p	b iː p t	b iː p t	b iː d	b iː d ə d	b iː d ə d	b iː p ə d	0	0	reg_t	reg_t	reg_əd
model_sep	s ɪ p	s ɪ p t	s æ p t	s ɪ ŋ	s æ ŋ	s æ ŋ	NA	0	0	reg_t	vowel_change_suffix	vowel_change
model_sep	ɪ s k e ɪ p	ɪ s k e ɪ p t	ɪ s k e ɪ p t	ɪ n ɡ e ɪ d͡ʒ	ɪ n ɡ e ɪ d͡ʒ d	ɪ n ɡ e ɪ d͡ʒ d	ɪ s k e ɪ p d	0	0	reg_t	reg_t	reg_d
model_sep	k ə n t r o ʊ l	k ə n t r o ʊ l d	k ə n t r o ʊ l d	k l æ s ə f a ɪ	k l æ s ə f a ɪ d	k l æ s ə f a ɪ d	k ə n t r o ʊ l d	1	1	reg_d	reg_d	reg_d
model_sep	h ʌ d ə l	h ʌ d ə l d	h ʌ d ə l d	h æ p ə n	h æ p ə n d	h æ p ə n d	h ʌ d ə l d	1	1	reg_d	reg_d	reg_d
model_sep	s w uː ʃ	s w uː ʃ t	s w uː ʃ t	s k uː p	s k uː p t	s k uː p t	s w uː ʃ t	1	1	reg_t	reg_t	reg_t
model_sep	f a ɪ n d	f a ʊ n d	f a ɪ n d ə d	f ɪ ɡ j ɹ̩	f ɪ ɡ j ɹ̩ d	f ɪ ɡ j ɹ̩ d	f a ɪ n d d	0	0	vowel_change	reg_əd	reg_d
model_sep	k ɔ ɪ l	k ɔ ɪ l d	k ɔ ɪ l d	k r ɔ l	k r ɔ l d	k r ɔ l d	k ɔ ɪ l d	1	1	reg_d	reg_d	reg_d
model_sep	r ə f ɹ̩	r ə f ɹ̩ d	r ə f ɹ̩ d	r a ɪ t	r o ʊ t	r o ʊ t	NA	0	0	reg_d	reg_d	vowel_change
model_sep	ʃ e ɪ v	ʃ e ɪ v d	ʃ e ɪ v d	ʃ e ɪ p	ʃ e ɪ p t	ʃ e ɪ p t	ʃ e ɪ v t	0	0	reg_d	reg_d	reg_t
model_sep	d ɪ s k r a ɪ b	d ɪ s k r a ɪ b d	d ɪ s k r o ʊ b d	d ɪ s t r æ k t	d ɪ s t r æ k t ə d	d ɪ s t r æ k t ə d	d ɪ s k r a ɪ b ə d	0	0	reg_d	vowel_change_suffix	reg_əd
model_sep	p r iː z ɛ n t	p r iː z ɛ n t ə d	p r iː z ɛ n t ə d	p r ɪ v ɛ n t	p r ɪ v ɛ n t ə d	p r ɪ v ɛ n t ə d	p r iː z ɛ n t ə d	1	1	reg_əd	reg_əd	reg_əd
model_sep	ɪ ɡ z ɪ s t	ɪ ɡ z ɪ s t ə d	ɪ ɡ z ɪ s t ə d	ɪ k s ɛ p t	ɪ k s ɛ p t ə d	ɪ k s ɛ p t ə d	ɪ ɡ z ɪ s t ə d	1	1	reg_əd	reg_əd	reg_əd
model_sep	b ɔ r	b ɔ r d	b ɔ r d	b iː d	b iː d ə d	b iː d ə d	b ɔ r ə d	0	0	reg_d	reg_d	reg_əd
model_sep	uː z	uː z d	uː z d	ʃ uː	ʃ uː d	ʃ uː d	uː z d	1	1	reg_d	reg_d	reg_d
model_sep	r ɑː b	r ɑː b d	r ɑː b d	r ʌ b	r ʌ b d	r ʌ b d	r ɑː b d	1	1	reg_d	reg_d	reg_d
model_sep	t r æ p	t r æ p t	t r æ p t	t r ɪ p	t r ɪ p t	t r ɪ p t	t r æ p t	1	1	reg_t	reg_t	reg_t
model_sep	b æ ʃ	b æ ʃ t	b æ ʃ t	b æ ɡ	b æ ɡ d	b æ ɡ d	b æ ʃ d	0	0	reg_t	reg_t	reg_d
model_sep	æ k t	æ k t ə d	æ k t ə d	æ n s ɹ̩	æ n s ɹ̩ d	æ n s ɹ̩ d	æ k t d	0	0	reg_əd	reg_əd	reg_d
model_sep	s t o ʊ n	s t o ʊ n d	s t o ʊ n d	s t r æ p	s t r æ p t	s t r æ p t	s t o ʊ n t	0	0	reg_d	reg_d	reg_t
model_sep	f l ɪ ŋ	f l ʌ ŋ	f l ʌ ŋ	f ɑː r m	f ɑː r m d	f ɑː r m d	f l ɪ ŋ d	0	0	vowel_change	vowel_change	reg_d
model_sep	k w ɪ t	k w ɪ t	k w ɪ t	k æ s t	k æ s t	k æ s t	k w ɪ t	1	1	no_change	no_change	no_change
model_sep	p r ə f ɹ̩	p r ə f ɹ̩ d	p r ə f ɹ̩ d	p ɑː r t iː	p ɑː r t iː d	p ɑː r t iː d	p r ə f ɹ̩ d	1	1	reg_d	reg_d	reg_d
model_sep	ə n l ɑː k	ə n l ɑː k t	ə n l ɑː k t	ə r ɛ s t	ə r ɛ s t ə d	ə r ɛ s t ə d	ə n l ɑː k ə d	0	0	reg_t	reg_t	reg_əd
model_sep	m æ n ə d͡ʒ	m æ n ə d͡ʒ d	m æ n ə d͡ʒ d	m a ɪ n d	m a ɪ n d ə d	m a ɪ n d ə d	m æ n ə d͡ʒ ə d	0	0	reg_d	reg_d	reg_əd
model_sep	s ɛ n t ɹ̩	s ɛ n t ɹ̩ d	s ɛ n t ɹ̩ d	s k a ʊ ɹ̩	s k a ʊ ɹ̩ d	s k a ʊ ɹ̩ d	s ɛ n t ɹ̩ d	1	1	reg_d	reg_d	reg_d
model_sep	s p ɑː t	s p ɑː t ə d	s p ɑː t ə d	s w ɑː t	s w ɑː t ə d	s w ɑː t ə d	s p ɑː t ə d	1	1	reg_əd	reg_əd	reg_əd
model_sep	m o ʊ	m o ʊ d	m o ʊ d	m æ t͡ʃ	m æ t͡ʃ t	m æ t͡ʃ t	m o ʊ t	0	0	reg_d	reg_d	reg_t
model_sep	t æ t uː	t æ t uː d	t æ t uː d	t ɛ n d	t ɛ n d ə d	t ɛ n d ə d	t æ t uː ə d	0	0	reg_d	reg_d	reg_əd
model_sep	s a ɪ z	s a ɪ z d	s a ɪ z d	s n iː z	s n iː z d	s n iː z d	s a ɪ z d	1	1	reg_d	reg_d	reg_d
model_sep	p ɹ̩ f ɛ k t	p ɹ̩ f ɛ k t ə d	p ɹ̩ f ɛ k t ə d	p ɹ̩ f ɔ r m	p ɹ̩ f ɔ r m d	p ɹ̩ f ɔ r m d	p ɹ̩ f ɛ k t d	0	0	reg_əd	reg_əd	reg_d
model_sep	t r e ɪ n	t r e ɪ n d	t r e ɪ n d	t r e ɪ s	t r e ɪ s t	t r e ɪ s t	t r e ɪ n t	0	0	reg_d	reg_d	reg_t
model_sep	p ʌ n ɪ ʃ	p ʌ n ɪ ʃ t	p ʌ n ɪ ʃ t	p ʌ z ə l	p ʌ z ə l d	p ʌ z ə l d	p ʌ n ɪ ʃ d	0	0	reg_t	reg_t	reg_d
model_sep	l uː s	l uː s t	l uː s t	l a ɪ	l e ɪ	l e ɪ	NA	0	0	reg_t	reg_t	vowel_change
model_sep	t ɑː p ə l	t ɑː p ə l d	t ɑː p ə l d	t r æ m p	t r æ m p t	t r æ m p t	t ɑː p ə l t	0	0	reg_d	reg_d	reg_t
model_sep	s k r æ p	s k r æ p t	s k r æ p t	s k r ʌ b	s k r ʌ b d	s k r ʌ b d	s k r æ p d	0	0	reg_t	reg_t	reg_d
model_sep	k r æ m	k r æ m d	k r æ m d	k r æ ʃ	k r æ ʃ t	k r æ ʃ t	k r æ m t	0	0	reg_d	reg_d	reg_t
model_sep	p ɪ t͡ʃ	p ɪ t͡ʃ t	p ɪ t͡ʃ t	p ɹ̩ t͡ʃ	p ɹ̩ t͡ʃ t	p ɹ̩ t͡ʃ t	p ɪ t͡ʃ t	1	1	reg_t	reg_t	reg_t
model_sep	s m æ ʃ	s m æ ʃ t	s m æ ʃ t	s l æ m	s l æ m d	s l æ m d	s m æ ʃ d	0	0	reg_t	reg_t	reg_d
model_sep	f e ɪ l	f e ɪ l d	f e ɪ l d	f a ɪ l	f a ɪ l d	f a ɪ l d	f e ɪ l d	1	1	reg_d	reg_d	reg_d
model_sep	b l o ʊ t	b l o ʊ t ə d	b l o ʊ t ə d	b r a ʊ z	b r a ʊ z d	b r a ʊ z d	b l o ʊ t d	0	0	reg_əd	reg_əd	reg_d
model_sep	s k w iː k	s k w iː k t	s k w iː k t	s k w iː z	s k w iː z d	s k w iː z d	s k w iː k d	0	0	reg_t	reg_t	reg_d
model_sep	s k ɹ̩ t	s k ɹ̩ t ə d	s k ɹ̩ t ə d	s w ɹ̩ l	s w ɹ̩ l d	s w ɹ̩ l d	s k ɹ̩ t d	0	0	reg_əd	reg_əd	reg_d
model_sep	b l ɪ ŋ k	b l ɪ ŋ k t	b l æ ŋ k	b ɪ l ɔ ŋ	b ɪ l ɔ ŋ d	b ɪ l ɔ ŋ d	b l ɪ ŋ k d	0	0	reg_t	vowel_change	reg_d
model_sep	w æ ɡ	w æ ɡ d	w æ ɡ d	w ɛ t	w ɛ t	w ɛ t	w æ ɡ	0	0	reg_d	reg_d	no_change
model_sep	h æ t͡ʃ	h æ t͡ʃ t	h æ t͡ʃ t	h ɹ̩ iː	h ɹ̩ iː d	h ɹ̩ iː d	h æ t͡ʃ d	0	0	reg_t	reg_t	reg_d
model_sep	h a ʊ z	h a ʊ z d	h a ʊ z d	h a ɪ ɹ̩	h a ɪ ɹ̩ d	h a ɪ ɹ̩ d	h a ʊ z d	1	1	reg_d	reg_d	reg_d
model_sep	w ɑː f ə l	w ɑː f ə l d	w ɑː f ə l d	w ɑː b ə l	w ɑː b ə l d	w ɑː b ə l d	w ɑː f ə l d	1	1	reg_d	reg_d	reg_d
model_sep	b ʌ t ə n	b ʌ t ə n d	b ʌ t ə n d	b ɑː t ə l	b ɑː t ə l d	b ɑː t ə l d	b ʌ t ə n d	1	1	reg_d	reg_d	reg_d
model_sep	k ɹ̩ iː n	k ɹ̩ iː n d	k ɹ̩ iː n d	k l iː n	k l iː n d	k l iː n d	k ɹ̩ iː n d	1	1	reg_d	reg_d	reg_d
model_sep	s t r ɪ p	s t r ɪ p t	s t r æ p t	s t r æ p	s t r æ p t	s t r æ p t	s t r ɪ p t	0	1	reg_t	vowel_change_suffix	reg_t
model_sep	p r a ɪ z	p r a ɪ z d	p r a ɪ z	p ɑː l ɪ ʃ	p ɑː l ɪ ʃ t	p ɑː l ɪ ʃ t	p r a ɪ z t	0	0	reg_d	no_change	reg_t
model_sep	k ə n f j uː z	k ə n f j uː z d	k ə n f j uː z d	k r ʌ m b ə l	k r ʌ m b ə l d	k r ʌ m b ə l d	k ə n f j uː z d	1	1	reg_d	reg_d	reg_d
model_sep	p l ʌ ɡ	p l ʌ ɡ d	p l ʌ ɡ d	p l ɑː d	p l ɑː d ə d	p l ɑː d ə d	p l ʌ ɡ ə d	0	0	reg_d	reg_d	reg_əd
model_sep	k ɹ̩ s	k ɹ̩ s t	k ɹ̩ s t	k ɪ s	k ɪ s t	k ɪ s t	k ɹ̩ s t	1	1	reg_t	reg_t	reg_t
model_sep	f e ɪ n t	f e ɪ n t ə d	f e ɪ n t ə d	f ɪ n ɪ ʃ	f ɪ n ɪ ʃ t	f ɪ n ɪ ʃ t	f e ɪ n t t	0	0	reg_əd	reg_əd	reg_t
model_sep	r iː p l e ɪ s	r iː p l e ɪ s t	r iː p l e ɪ s t	r iː m a ɪ n d	r iː m a ɪ n d ə d	r iː m a ɪ n d ə d	r iː p l e ɪ s ə d	0	0	reg_t	reg_t	reg_əd
model_sep	ɡ ɑː r d	ɡ ɑː r d ə d	ɡ ɑː r d ə d	ɡ l ɛ r	ɡ l ɛ r d	ɡ l ɛ r d	ɡ ɑː r d d	0	0	reg_əd	reg_əd	reg_d
model_sep	ɡ l ʌ v	ɡ l ʌ v d	ɡ l ʌ v d	ɡ æ s p	ɡ æ s p t	ɡ æ s p t	ɡ l ʌ v t	0	0	reg_d	reg_d	reg_t
model_sep	s ɔ l t	s ɔ l t ə d	s ɔ l t ə d	s ɑː l v	s ɑː l v d	s ɑː l v d	s ɔ l t d	0	0	reg_əd	reg_əd	reg_d
model_sep	s t ɛ r	s t ɛ r d	s t ɛ r d	s t ɑː r	s t ɑː r d	s t ɑː r d	s t ɛ r d	1	1	reg_d	reg_d	reg_d
model_sep	k ə m b a ɪ n	k ə m b a ɪ n d	k ə m b a ɪ n d	k w ɛ s t͡ʃ ə n	k w ɛ s t͡ʃ ə n d	k w ɛ s t͡ʃ ə n d	k ə m b a ɪ n d	1	1	reg_d	reg_d	reg_d
model_sep	f r ʌ n t	f r ʌ n t ə d	f r ʌ n t ə d	f ɛ r ə t	f ɛ r ə t ə d	f ɛ r ə t ə d	f r ʌ n t ə d	1	1	reg_əd	reg_əd	reg_əd
model_sep	ɡ ɑː r b ə l	ɡ ɑː r b ə l d	ɡ ɑː r b ə l d	ɡ r a ʊ n d	ɡ r a ʊ n d ə d	ɡ r a ʊ n d ə d	ɡ ɑː r b ə l ə d	0	0	reg_d	reg_d	reg_əd
model_sep	p æ m p ɹ̩	p æ m p ɹ̩ d	p æ m p ɹ̩ d	p ɪ k ə l	p ɪ k ə l d	p ɪ k ə l d	p æ m p ɹ̩ d	1	1	reg_d	reg_d	reg_d
model_sep	f iː r	f iː r d	f ɛ r d	f r iː	f r iː d	f r iː d	f iː r d	0	1	reg_d	vowel_change_suffix	reg_d
model_sep	ʃ ʌ v ə l	ʃ ʌ v ə l d	ʃ ʌ v ə l d	ʃ r ɪ ŋ k	ʃ r æ ŋ k	ʃ r æ ŋ k	NA	0	0	reg_d	reg_d	vowel_change
model_sep	s k ɛ d͡ʒ ʊ l	s k ɛ d͡ʒ ʊ l d	s k ɛ d͡ʒ ɛ l d	s ə k s iː d	s ə k s iː d ə d	s ə k s iː d ə d	s k ɛ d͡ʒ ʊ l ə d	0	0	reg_d	vowel_change_suffix	reg_əd
model_sep	f l ʌ t ɹ̩	f l ʌ t ɹ̩ d	f l ʌ t ɹ̩ d	f ɪ ɡ j ɹ̩	f ɪ ɡ j ɹ̩ d	f ɪ ɡ j ɹ̩ d	f l ʌ t ɹ̩ d	1	1	reg_d	reg_d	reg_d
model_sep	s p ɑː r k ə l	s p ɑː r k ə l d	s p ɑː r k ə l d	s t ʌ m b ə l	s t ʌ m b ə l d	s t ʌ m b ə l d	s p ɑː r k ə l d	1	1	reg_d	reg_d	reg_d
model_sep	r ɪ s p ɑː n d	r ɪ s p ɑː n d ə d	r ɪ s p ɑː n d ə d	r iː m a ɪ n d	r iː m a ɪ n d ə d	r iː m a ɪ n d ə d	r ɪ s p ɑː n d ə d	1	1	reg_əd	reg_əd	reg_əd
model_sep	t æ t ɹ̩	t æ t ɹ̩ d	t æ t ɹ̩ d	t iː t ɹ̩	t iː t ɹ̩ d	t iː t ɹ̩ d	t æ t ɹ̩ d	1	1	reg_d	reg_d	reg_d
model_sep	p ɑː k ə t	p ɑː k ə t ə d	p ɑː k ə t ə d	p ʌ z ə l	p ʌ z ə l d	p ʌ z ə l d	p ɑː k ə t d	0	0	reg_əd	reg_əd	reg_d
model_sep	d͡ʒ æ ŋ ɡ ə l	d͡ʒ æ ŋ ɡ ə l d	d͡ʒ æ ŋ ɡ ə l d	d͡ʒ ʌ ɡ ə l	d͡ʒ ʌ ɡ ə l d	d͡ʒ ʌ ɡ ə l d	d͡ʒ æ ŋ ɡ ə l d	1	1	reg_d	reg_d	reg_d
model_sep	p iː p	p iː p t	p iː p t	p iː l	p iː l d	p iː l d	p iː p d	0	0	reg_t	reg_t	reg_d
model_sep	æ k s ɛ s ɹ̩ a ɪ z	æ k s ɛ s ɹ̩ a ɪ z d	æ s ɛ s ɛ s a ɪ z d	æ k s ɛ p t	æ k s ɛ p t ə d	æ k s ɛ p t ə d	æ k s ɛ s ɹ̩ a ɪ z ə d	0	0	reg_d	other	reg_əd
model_sep	r ɛ d͡ʒ ɪ s t ɹ̩	r ɛ d͡ʒ ɪ s t ɹ̩ d	r ɛ d͡ʒ ɪ s t ɹ̩ d	r iː k w a ɪ ɹ̩	r iː k w a ɪ ɹ̩ d	r iː k w a ɪ ɹ̩ d	r ɛ d͡ʒ ɪ s t ɹ̩ d	1	1	reg_d	reg_d	reg_d
model_sep	ɡ l o ʊ	ɡ l o ʊ d	ɡ l uː	ɡ r o ʊ	ɡ r uː	ɡ r uː	ɡ l uː	1	0	reg_d	vowel_change	vowel_change
model_sep	k ɑː m ɛ n t	k ɑː m ɛ n t ə d	k ɑː m ɛ n t ə d	k ə m p ɛ r	k ə m p ɛ r d	k ə m p ɛ r d	k ɑː m ɛ n t d	0	0	reg_əd	reg_əd	reg_d
model_sep	r ə f j uː z	r ə f j uː z d	r ə f j uː z d	r ə s a ɪ t	r ə s a ɪ t ə d	r ə s a ɪ t ə d	r ə f j uː z ə d	0	0	reg_d	reg_d	reg_əd
model_sep	w ɛ d	w ɛ d	w ɛ d ə d	w ɛ t	w ɛ t	w ɛ t	w ɛ d	0	1	no_change	reg_əd	no_change
model_sep	d a ʊ n	d a ʊ n d	d a ʊ n d	d ɑː r n	d ɑː r n d	d ɑː r n d	d a ʊ n d	1	1	reg_d	reg_d	reg_d
model_sep	t͡ʃ ɪ p	t͡ʃ ɪ p t	t͡ʃ ɪ p t	t͡ʃ ɑː p	t͡ʃ ɑː p t	t͡ʃ ɑː p t	t͡ʃ ɪ p t	1	1	reg_t	reg_t	reg_t
model_sep	d ɹ̩ ɛ k t	d ɹ̩ ɛ k t ə d	d ɹ̩ ɛ k t ə d	d ɑː k t ɹ̩	d ɑː k t ɹ̩ d	d ɑː k t ɹ̩ d	d ɹ̩ ɛ k t d	0	0	reg_əd	reg_əd	reg_d
model_sep	d ɪ f ɛ n d	d ɪ f ɛ n d ə d	d ɪ f ɛ n d ə d	d ɪ p ɛ n d	d ɪ p ɛ n d ə d	d ɪ p ɛ n d ə d	d ɪ f ɛ n d ə d	1	1	reg_əd	reg_əd	reg_əd
model_sep	p a ʊ n d	p a ʊ n d ə d	p a ʊ n d ə d	p a ʊ n s	p a ʊ n s t	p a ʊ n s t	p a ʊ n d t	0	0	reg_əd	reg_əd	reg_t
model_sep	d r e ɪ p	d r e ɪ p t	d r e ɪ p t	d r ɛ n t͡ʃ	d r ɛ n t͡ʃ t	d r ɛ n t͡ʃ t	d r e ɪ p t	1	1	reg_t	reg_t	reg_t
model_sep	k ə n t e ɪ n	k ə n t e ɪ n d	k ə n t e ɪ n d	k w ɛ s t͡ʃ ə n	k w ɛ s t͡ʃ ə n d	k w ɛ s t͡ʃ ə n d	k ə n t e ɪ n d	1	1	reg_d	reg_d	reg_d
model_sep	s iː z ə n	s iː z ə n d	s iː z ə n d	s t ʌ d iː	s t ʌ d iː d	s t ʌ d iː d	s iː z ə n d	1	1	reg_d	reg_d	reg_d
model_sep	k r a ʊ t͡ʃ	k r a ʊ t͡ʃ t	k r a ʊ t͡ʃ t	k r a ʊ d	k r a ʊ d ə d	k r a ʊ d ə d	k r a ʊ t͡ʃ ə d	0	0	reg_t	reg_t	reg_əd
model_sep	h ɪ p n ə t a ɪ z	h ɪ p n ə t a ɪ z d	h ɪ t ə t ə d	h ɛ d k w ɔ r t ɹ̩	h ɛ d k w ɔ r t ɹ̩ d	h ɛ d k w ɔ r t ɹ̩ d	h ɪ p n ə t a ɪ z d	0	1	reg_d	other	reg_d
model_sep	k ə n d ɛ n s	k ə n d ɛ n s t	k ə n d ɛ n s t	k ə n v ɪ n s	k ə n v ɪ n s t	k ə n v ɪ n s t	k ə n d ɛ n s t	1	1	reg_t	reg_t	reg_t
model_sep	k r æ ŋ k	k r æ ŋ k t	k r æ ŋ k	k l æ m p	k l æ m p t	k l æ m p t	k r æ ŋ k t	0	1	reg_t	no_change	reg_t
model_sep	k l a ʊ d	k l a ʊ d ə d	k l a ʊ d ə d	k r a ʊ d	k r a ʊ d ə d	k r a ʊ d ə d	k l a ʊ d ə d	1	1	reg_əd	reg_əd	reg_əd
model_sep	r e ɪ d	r e ɪ d ə d	r e ɪ d ə d	r a ɪ t	r o ʊ t	r o ʊ t	NA	0	0	reg_əd	reg_əd	vowel_change
model_sep	f ɪ l t ɹ̩	f ɪ l t ɹ̩ d	f ɪ l t ɹ̩ d	f ɪ ɡ j ɹ̩	f ɪ ɡ j ɹ̩ d	f ɪ ɡ j ɹ̩ d	f ɪ l t ɹ̩ d	1	1	reg_d	reg_d	reg_d
model_sep	t æ ŋ ɡ ə l	t æ ŋ ɡ ə l d	t æ ŋ ɡ ə l d	t r æ v ə l	t r æ v ə l d	t r æ v ə l d	t æ ŋ ɡ ə l d	1	1	reg_d	reg_d	reg_d
model_sep	p l æ s t ɹ̩	p l æ s t ɹ̩ d	p l æ s t ɹ̩ d	p ɹ̩ f ɔ r m	p ɹ̩ f ɔ r m d	p ɹ̩ f ɔ r m d	p l æ s t ɹ̩ d	1	1	reg_d	reg_d	reg_d
model_sep	ʃ e ɪ d	ʃ e ɪ d ə d	ʃ e ɪ d ə d	ʃ e ɪ p	ʃ e ɪ p t	ʃ e ɪ p t	ʃ e ɪ d t	0	0	reg_əd	reg_əd	reg_t
model_sep	t r ʌ s t	t r ʌ s t ə d	t r ʌ s t ə d	t r æ m p	t r æ m p t	t r æ m p t	t r ʌ s t t	0	0	reg_əd	reg_əd	reg_t
model_sep	s æ n d	s æ n d ə d	s æ n t ə d	s ɛ n d	s ɛ n t	s ɛ n t	s æ n t	0	0	reg_əd	other	coda_change
model_sep	d ɪ z ɑː l v	d ɪ z ɑː l v d	d ɪ z ɑː l v d	d ɪ p ɑː r t	d ɪ p ɑː r t ə d	d ɪ p ɑː r t ə d	d ɪ z ɑː l v ə d	0	0	reg_d	reg_d	reg_əd
model_sep	r æ k	r æ k t	r æ k t	r ɛ k	r ɛ k t	r ɛ k t	r æ k t	1	1	reg_t	reg_t	reg_t
model_sep	ʃ ɛ l	ʃ ɛ l d	ʃ ɛ l d	ʃ ɛ r	ʃ ɛ r d	ʃ ɛ r d	ʃ ɛ l d	1	1	reg_d	reg_d	reg_d
model_sep	s w ɑː p	s w ɑː p t	s w ɑː p t	s t ɛ p	s t ɛ p t	s t ɛ p t	s w ɑː p t	1	1	reg_t	reg_t	reg_t
model_sep	r iː l iː s	r iː l iː s t	r iː l iː s t	r ɪ d ə l	r ɪ d ə l d	r ɪ d ə l d	r iː l iː s d	0	0	reg_t	reg_t	reg_d
model_sep	r e ɪ k	r e ɪ k t	r e ɪ k t	r ɪ s k	r ɪ s k t	r ɪ s k t	r e ɪ k t	1	1	reg_t	reg_t	reg_t
model_sep	k æ n s ə l	k æ n s ə l d	k æ n s ə l d	k ə n ɛ k t	k ə n ɛ k t ə d	k ə n ɛ k t ə d	k æ n s ə l ə d	0	0	reg_d	reg_d	reg_əd
model_sep	s p a ɪ	s p a ɪ d	s p a ɪ d	s t e ɪ	s t e ɪ d	s t e ɪ d	s p a ɪ d	1	1	reg_d	reg_d	reg_d
model_sep	f j uː m	f j uː m d	f j uː m d	f ɔ r m	f ɔ r m d	f ɔ r m d	f j uː m d	1	1	reg_d	reg_d	reg_d
model_sep	p r iː p ɛ r	p r iː p ɛ r d	p r iː p ɛ r d	p r ɑː m ə s	p r ɑː m ə s t	p r ɑː m ə s t	p r iː p ɛ r t	0	0	reg_d	reg_d	reg_t
model_sep	d ɪ s p o ʊ z	d ɪ s p o ʊ z d	d ɪ s p o ʊ z d	d ɪ s ɡ a ɪ z	d ɪ s ɡ a ɪ z d	d ɪ s ɡ a ɪ z d	d ɪ s p o ʊ z d	1	1	reg_d	reg_d	reg_d
model_sep	k ə n d ʌ k t	k ə n d ʌ k t ə d	k ə n d ʌ k t ə d	k r ʌ m b ə l	k r ʌ m b ə l d	k r ʌ m b ə l d	k ə n d ʌ k t d	0	0	reg_əd	reg_əd	reg_d
model_sep	s t ɪ ŋ k	s t ʌ ŋ k	s t ʌ ŋ k t	s ɪ z ə l	s ɪ z ə l d	s ɪ z ə l d	s t ɪ ŋ k d	0	0	vowel_change	vowel_change_suffix	reg_d
model_sep	d r e ɪ n	d r e ɪ n d	d r e ɪ n d	d r ɛ n t͡ʃ	d r ɛ n t͡ʃ t	d r ɛ n t͡ʃ t	d r e ɪ n t	0	0	reg_d	reg_d	reg_t
model_sep	ə n p l ʌ ɡ	ə n p l ʌ ɡ d	ə n p l ʌ ɡ d	ə n d r ɛ s	ə n d r ɛ s t	ə n d r ɛ s t	ə n p l ʌ ɡ t	0	0	reg_d	reg_d	reg_t
model_sep	h æ l o ʊ	h æ l o ʊ d	h æ l o ʊ d	h æ p ə n	h æ p ə n d	h æ p ə n d	h æ l o ʊ d	1	1	reg_d	reg_d	reg_d
model_sep	ɪ n t ɹ̩ æ k t	ɪ n t ɹ̩ æ k t ə d	ɪ n t ɹ̩ æ k t ə d	ɪ n s p ɛ k t	ɪ n s p ɛ k t ə d	ɪ n s p ɛ k t ə d	ɪ n t ɹ̩ æ k t ə d	1	1	reg_əd	reg_əd	reg_əd
model_sep	ə b s ɛ s	ə b s ɛ s t	ə b b ɛ s t	ə d r ɛ s	ə d r ɛ s t	ə d r ɛ s t	ə b s ɛ s t	0	1	reg_t	other	reg_t
model_sep	s n æ t͡ʃ	s n æ t͡ʃ t	s n æ t͡ʃ t	s n æ p	s n æ p t	s n æ p t	s n æ t͡ʃ t	1	1	reg_t	reg_t	reg_t
model_sep	t æ p	t æ p t	t æ p t	t ɑː p	t ɑː p t	t ɑː p t	t æ p t	1	1	reg_t	reg_t	reg_t
model_sep	t r æ ʃ	t r æ ʃ t	t r æ ʃ t	t r ɪ m	t r ɪ m d	t r ɪ m d	t r æ ʃ d	0	0	reg_t	reg_t	reg_d
model_sep	ʃ ɪ v ɹ̩	ʃ ɪ v ɹ̩ d	ʃ ɪ v ɹ̩ d	ʃ a ʊ ɹ̩	ʃ a ʊ ɹ̩ d	ʃ a ʊ ɹ̩ d	ʃ ɪ v ɹ̩ d	1	1	reg_d	reg_d	reg_d
model_sep	r iː f ɪ l	r iː f ɪ l d	r iː f ɪ l d	r ʌ f ə l	r ʌ f ə l d	r ʌ f ə l d	r iː f ɪ l d	1	1	reg_d	reg_d	reg_d
model_sep	d ʌ b	d ʌ b d	d ʌ b d	d ɪ ʃ	d ɪ ʃ t	d ɪ ʃ t	d ʌ b t	0	0	reg_d	reg_d	reg_t
model_sep	r ɪ p ɛ r	r ɪ p ɛ r d	r ɪ p ɛ r d	r ɪ p iː t	r ɪ p iː t ə d	r ɪ p iː t ə d	r ɪ p ɛ r ə d	0	0	reg_d	reg_d	reg_əd
model_sep	s t e ɪ k	s t e ɪ k t	s t e ɪ k t	s t e ɪ d͡ʒ	s t e ɪ d͡ʒ d	s t e ɪ d͡ʒ d	s t e ɪ k d	0	0	reg_t	reg_t	reg_d
model_sep	ɛ r	ɛ r d	ɛ r d	ɛ d͡ʒ	ɛ d͡ʒ d	ɛ d͡ʒ d	ɛ r d	1	1	reg_d	reg_d	reg_d
model_sep	t r ʌ m p ə t	t r ʌ m p ə t ə d	t r ʌ m p ə t ə d	t r ɛ m b ə l	t r ɛ m b ə l d	t r ɛ m b ə l d	t r ʌ m p ə t d	0	0	reg_əd	reg_əd	reg_d
model_sep	k l ɑː ɡ	k l ɑː ɡ d	k l ɑː ɡ d	k æ s t	k æ s t	k æ s t	k l ɑː ɡ	0	0	reg_d	reg_d	no_change
model_sep	p a ʊ ɹ̩	p a ʊ ɹ̩ d	p a ʊ ɹ̩ d	p ɛ p ɹ̩	p ɛ p ɹ̩ d	p ɛ p ɹ̩ d	p a ʊ ɹ̩ d	1	1	reg_d	reg_d	reg_d
model_sep	ɪ ɡ z ɪ b ɪ t	ɪ ɡ z ɪ b ɪ t ə d	ɪ ɡ z ɪ b ɪ t ə d	ɪ m ə t e ɪ t	ɪ m ə t e ɪ t ə d	ɪ m ə t e ɪ t ə d	ɪ ɡ z ɪ b ɪ t ə d	1	1	reg_əd	reg_əd	reg_əd
model_sep	e ɪ d͡ʒ	e ɪ d͡ʒ d	e ɪ d͡ʒ d	e ɪ m	e ɪ m d	e ɪ m d	e ɪ d͡ʒ d	1	1	reg_d	reg_d	reg_d
model_sep	t e ɪ b ə l	t e ɪ b ə l d	t e ɪ b ə l d	t r ɪ k ə l	t r ɪ k ə l d	t r ɪ k ə l d	t e ɪ b ə l d	1	1	reg_d	reg_d	reg_d
model_sep	r ɪ s p ɛ k t	r ɪ s p ɛ k t ə d	r ɪ s p ɛ k t ə d	r ɪ k w ɛ s t	r ɪ k w ɛ s t ə d	r ɪ k w ɛ s t ə d	r ɪ s p ɛ k t ə d	1	1	reg_əd	reg_əd	reg_əd
model_sep	m æ k s	m æ k s t	m æ k s t	m ɪ k s	m ɪ k s t	m ɪ k s t	m æ k s t	1	1	reg_t	reg_t	reg_t
model_sep	ɛ n æ k t	ɛ n æ k t ə d	ɛ n æ k t ə d	ɛ ɡ z ɪ t	ɛ ɡ z ɪ t ə d	ɛ ɡ z ɪ t ə d	ɛ n æ k t ə d	1	1	reg_əd	reg_əd	reg_əd
model_sep	m ɑː d ə f a ɪ	m ɑː d ə f a ɪ d	m ɑː d ə f a ɪ d	m e ɪ n t e ɪ n	m e ɪ n t e ɪ n d	m e ɪ n t e ɪ n d	m ɑː d ə f a ɪ d	1	1	reg_d	reg_d	reg_d
model_sep	f iː t͡ʃ ɹ̩	f iː t͡ʃ ɹ̩ d	f iː t͡ʃ ɹ̩ d	f ɛ ð ɹ̩	f ɛ ð ɹ̩ d	f ɛ ð ɹ̩ d	f iː t͡ʃ ɹ̩ d	1	1	reg_d	reg_d	reg_d
model_sep	w e ɪ l	w e ɪ l d	w e ɪ l d	w e ɪ t	w e ɪ t ə d	w e ɪ t ə d	w e ɪ l ə d	0	0	reg_d	reg_d	reg_əd
model_sep	p ɹ̩ s	p ɹ̩ s t	p ɹ̩ s t	p iː s	p iː s t	p iː s t	p ɹ̩ s t	1	1	reg_t	reg_t	reg_t
model_mean	s m a ɪ l	s m a ɪ l d	s m a ɪ l d	s m o ʊ k	s m o ʊ k t	s m o ʊ k t	s m a ɪ l t	0	0	reg_d	reg_d	reg_t
model_mean	r iː d	r ɛ d	r iː d ə d	r ɛ d iː	r ɛ d iː d	r ɛ d iː d	r iː d d	0	0	vowel_change	reg_əd	reg_d
model_mean	l a ɪ k	l a ɪ k t	l a ɪ k t	l a ɪ t	l ɪ t	l ɪ t	NA	0	0	reg_t	reg_t	vowel_change
model_mean	ʃ o ʊ	ʃ o ʊ d	ʃ o ʊ d	ʃ a ʊ ɹ̩	ʃ a ʊ ɹ̩ d	ʃ a ʊ ɹ̩ d	ʃ o ʊ d	1	1	reg_d	reg_d	reg_d
model_mean	b a ɪ t	b ɪ t	b a ɪ t ə d	b a ɪ	b ɔ t	b ɔ t	NA	0	0	vowel_change	reg_əd	vowel_change_suffix
model_mean	f l a ɪ	f l uː	f l a ɪ d	f l ʌ ʃ	f l ʌ ʃ t	f l ʌ ʃ t	f l a ɪ t	0	0	vowel_change	reg_d	reg_t
model_mean	h o ʊ p	h o ʊ p t	h o ʊ p t	h o ʊ l	h o ʊ l d	h o ʊ l d	h o ʊ p d	0	0	reg_t	reg_t	reg_d
model_mean	o ʊ p ə n	o ʊ p ə n d	o ʊ p ə n d	o ʊ b e ɪ	o ʊ b e ɪ d	o ʊ b e ɪ d	o ʊ p ə n d	1	1	reg_d	reg_d	reg_d
model_mean	r ʌ n	r æ n	r ʌ n d	r uː l	r uː l d	r uː l d	r ʌ n d	1	0	vowel_change	reg_d	reg_d
model_mean	t ɔ ɪ	t ɔ ɪ d	t ɔ t	t a ɪ	t a ɪ d	t a ɪ d	t ɔ ɪ d	0	1	reg_d	vowel_change_suffix	reg_d
model_mean	p l e ɪ	p l e ɪ d	p l e ɪ d	p l e ɪ n	p l e ɪ n d	p l e ɪ n d	p l e ɪ d	1	1	reg_d	reg_d	reg_d
model_mean	w ɑː t͡ʃ	w ɑː t͡ʃ t	w ɑː t͡ʃ t	w ɑː ʃ	w ɑː ʃ t	w ɑː ʃ t	w ɑː t͡ʃ t	1	1	reg_t	reg_t	reg_t
model_mean	r iː t͡ʃ	r iː t͡ʃ t	r iː t͡ʃ t	r ʌ f	r ʌ f t	r ʌ f t	r iː t͡ʃ t	1	1	reg_t	reg_t	reg_t
model_mean	æ s k	æ s k t	æ s k t	æ n s ɹ̩	æ n s ɹ̩ d	æ n s ɹ̩ d	æ s k d	0	0	reg_t	reg_t	reg_d
model_mean	s m ɛ l	s m ɛ l d	s m ɛ l d	s iː l	s iː l d	s iː l d	s m ɛ l d	1	1	reg_d	reg_d	reg_d
model_mean	h æ ŋ	h ʌ ŋ	h æ ŋ d	h æ v	h æ d	h æ d	NA	0	0	vowel_change	reg_d	coda_change
model_mean	r a ɪ d	r o ʊ d	r o ʊ d ə d	r a ɪ t	r o ʊ t	r o ʊ t	NA	0	0	vowel_change	other	vowel_change
model_mean	s p ɪ l	s p ɪ l d	s p æ l d	s p ɪ n	s p ʌ n	s p ʌ n	NA	0	0	reg_d	vowel_change_suffix	vowel_change
model_mean	p ɔ r	p ɔ r d	p ɔ r d	p ɛ r	p ɛ r d	p ɛ r d	p ɔ r d	1	1	reg_d	reg_d	reg_d
model_mean	b a ʊ	b a ʊ d	b ɔ t	b a ɪ	b ɔ t	b ɔ t	NA	0	0	reg_d	vowel_change_suffix	vowel_change_suffix
model_mean	t ʌ t͡ʃ	t ʌ t͡ʃ t	t ʌ t͡ʃ t	t ʌ k	t ʌ k t	t ʌ k t	t ʌ t͡ʃ t	1	1	reg_t	reg_t	reg_t
model_mean	k ɑː z	k ɑː z d	k ɑː z d	k ɑː n	k ɑː n d	k ɑː n d	k ɑː z d	1	1	reg_d	reg_d	reg_d
model_mean	s t r a ɪ k	s t r ʌ k	s t r a ɪ k t	s t r a ɪ p	s t r a ɪ p t	s t r a ɪ p t	s t r a ɪ k t	1	0	vowel_change	reg_t	reg_t
model_mean	h ɹ̩ t	h ɹ̩ t	h ɹ̩ t	h ɪ t	h ɪ t	h ɪ t	h ɹ̩ t	1	1	no_change	no_change	no_change
model_mean	h iː t	h iː t ə d	h ɹ̩ t	h ɹ̩ iː	h ɹ̩ iː d	h ɹ̩ iː d	h iː t d	0	0	reg_əd	vowel_change	reg_d
model_mean	f l a ʊ ɹ̩	f l a ʊ ɹ̩ d	f l a ʊ ɹ̩ d	f l o ʊ t	f l o ʊ t ə d	f l o ʊ t ə d	f l a ʊ ɹ̩ ə d	0	0	reg_d	reg_d	reg_əd
model_mean	k l o ʊ z	k l o ʊ z d	k l o ʊ z d	k l æ m p	k l æ m p t	k l æ m p t	k l o ʊ z t	0	0	reg_d	reg_d	reg_t
model_mean	m a ɪ n	m a ɪ n d	m a ɪ n d	m a ɪ n d	m a ɪ n d ə d	m a ɪ n d ə d	m a ɪ n ə d	0	0	reg_d	reg_d	reg_əd
model_mean	v ɪ z ɪ t	v ɪ z ɪ t ə d	v ɪ z ɪ t ə d	v æ n ɪ ʃ	v æ n ɪ ʃ t	v æ n ɪ ʃ t	v ɪ z ɪ t t	0	0	reg_əd	reg_əd	reg_t
model_mean	t e ɪ s t	t e ɪ s t ə d	t e ɪ s t ə d	t e ɪ p	t e ɪ p t	t e ɪ p t	t e ɪ s t t	0	0	reg_əd	reg_əd	reg_t
model_mean	b ʌ t ɹ̩	b ʌ t ɹ̩ d	b ʌ t ɹ̩ d	b iː t	b iː t	b iː t	b ʌ t ɹ̩	0	0	reg_d	reg_d	no_change
model_mean	m e ɪ l	m e ɪ l d	m e ɪ l d	m e ɪ k	m e ɪ d	m e ɪ d	NA	0	0	reg_d	reg_d	coda_change
model_mean	d ɪ ŋ	d ɪ ŋ d	d ʌ ŋ	d ɪ ɡ	d ɪ ɡ d	d ʌ ɡ	d ɪ ŋ d	0	1	reg_d	vowel_change	reg_d
model_mean	s t ɑː p	s t ɑː p t	s t ɑː p t	s t ɑː k	s t ɑː k t	s t ɑː k t	s t ɑː p t	1	1	reg_t	reg_t	reg_t
model_mean	ɪ k s a ɪ t	ɪ k s a ɪ t ə d	ɪ k s a ɪ t ə d	ɪ k s k l e ɪ m	ɪ k s k l e ɪ m d	ɪ k s k l e ɪ m d	ɪ k s a ɪ t d	0	0	reg_əd	reg_əd	reg_d
model_mean	f r a ɪ	f r a ɪ d	f r a ɪ d	f a ɪ ɹ̩	f a ɪ ɹ̩ d	f a ɪ ɹ̩ d	f r a ɪ d	1	1	reg_d	reg_d	reg_d
model_mean	s p iː k	s p o ʊ k	s p iː k t	s iː k	s ɔ t	s ɔ t	s p ɔ t	0	0	vowel_change	reg_t	rhyme_replaced
model_mean	s k r æ m b ə l	s k r æ m b ə l d	s k r æ m b ə l d	s k r ɪ b ə l	s k r ɪ b ə l d	s k r ɪ b ə l d	s k r æ m b ə l d	1	1	reg_d	reg_d	reg_d
model_mean	t͡ʃ ɛ k	t͡ʃ ɛ k t	t͡ʃ ɛ k t	t͡ʃ o ʊ k	t͡ʃ o ʊ k t	t͡ʃ o ʊ k t	t͡ʃ ɛ k t	1	1	reg_t	reg_t	reg_t
model_mean	n ʌ m b ɹ̩	n ʌ m b ɹ̩ d	n ʌ m b ɹ̩ d	n ʌ k ə l	n ʌ k ə l d	n ʌ k ə l d	n ʌ m b ɹ̩ d	1	1	reg_d	reg_d	reg_d
model_mean	b ɛ n d	b ɛ n d ə d	b ɛ n t	b ɛ l t	b ɛ l t ə d	b ɛ l t ə d	b ɛ n d ə d	0	1	reg_əd	coda_change	reg_əd
model_mean	t ɔ s	t ɔ s t	t ɔ s t	t ɔ k	t ɔ k t	t ɔ k t	t ɔ s t	1	1	reg_t	reg_t	reg_t
model_mean	w ɪ s p ɹ̩	w ɪ s p ɹ̩ d	w ɪ s p ɹ̩ d	w ɪ s ə l	w ɪ s ə l d	w ɪ s ə l d	w ɪ s p ɹ̩ d	1	1	reg_d	reg_d	reg_d
model_mean	a ɪ	a ɪ d	a ɪ	a ɪ s	a ɪ s t	a ɪ s t	a ɪ t	0	0	reg_d	no_change	reg_t
model_mean	p ɑː p	p ɑː p t	p ɑː p t	p ɑː r t	p ɑː r t ə d	p ɑː r t ə d	p ɑː p ə d	0	0	reg_t	reg_t	reg_əd
model_mean	ɪ ɡ z ɔ s t	ɪ ɡ z ɔ s t ə d	ɪ ɡ z ɔ s t ə d	ɪ ɡ z æ m ɪ n	ɪ ɡ z æ m ɪ n d	ɪ ɡ z æ m ɪ n d	ɪ ɡ z ɔ s t d	0	0	reg_əd	reg_əd	reg_d
model_mean	b ɪ l d	b ɪ l t	b ɪ l d ə d	b ɪ l iː v	b ɪ l iː v d	b ɪ l iː v d	b ɪ l d d	0	0	coda_change	reg_əd	reg_d
model_mean	w ʌ n d ɹ̩	w ʌ n d ɹ̩ d	w ʌ n d ɹ̩ d	w ɑː n d ɹ̩	w ɑː n d ɹ̩ d	w ɑː n d ɹ̩ d	w ʌ n d ɹ̩ d	1	1	reg_d	reg_d	reg_d
model_mean	k r æ k	k r æ k t	k r æ k t	k r æ ʃ	k r æ ʃ t	k r æ ʃ t	k r æ k t	1	1	reg_t	reg_t	reg_t
model_mean	n ɪ b ə l	n ɪ b ə l d	n ɪ b ə l d	n e ɪ m	n e ɪ m d	n e ɪ m d	n ɪ b ə l d	1	1	reg_d	reg_d	reg_d
model_mean	d ɪ l ɪ v ɹ̩	d ɪ l ɪ v ɹ̩ d	d ɪ l ɪ v ɹ̩ d	d ɪ l iː t	d ɪ l iː t ə d	d ɪ l iː t ə d	d ɪ l ɪ v ɹ̩ ə d	0	0	reg_d	reg_d	reg_əd
model_mean	s k ɛ r	s k ɛ r d	s k ɛ r d	s k ɔ r	s k ɔ r d	s k ɔ r d	s k ɛ r d	1	1	reg_d	reg_d	reg_d
model_mean	ɔ f ɹ̩	ɔ f ɹ̩ d	ɔ f ɹ̩ d	ɔ θ ɹ̩	ɔ θ ɹ̩ d	ɔ θ ɹ̩ d	ɔ f ɹ̩ d	1	1	reg_d	reg_d	reg_d
model_mean	f l ɑː p	f l ɑː p t	f l ɑː p t	f l ʌ ʃ	f l ʌ ʃ t	f l ʌ ʃ t	f l ɑː p t	1	1	reg_t	reg_t	reg_t
model_mean	ə p o ʊ z	ə p o ʊ z d	ə p o ʊ z d	ə p l a ɪ	ə p l a ɪ d	ə p l a ɪ d	ə p o ʊ z d	1	1	reg_d	reg_d	reg_d
model_mean	k ʌ l ɹ̩	k ʌ l ɹ̩ d	k ʌ l ɹ̩ d	k ʌ v ɹ̩	k ʌ v ɹ̩ d	k ʌ v ɹ̩ d	k ʌ l ɹ̩ d	1	1	reg_d	reg_d	reg_d
model_mean	k æ m p	k æ m p t	k æ m p t	k æ s t	k æ s t	k æ s t	k æ m p	0	0	reg_t	reg_t	no_change
model_mean	s ɛ l	s o ʊ l d	s ɛ l d	s iː l	s iː l d	s iː l d	s ɛ l d	1	0	vowel_change_suffix	reg_d	reg_d
model_mean	f l æ p	f l æ p t	f l æ p t	f l æ ʃ	f l æ ʃ t	f l æ ʃ t	f l æ p t	1	1	reg_t	reg_t	reg_t
model_mean	p r ɛ s	p r ɛ s t	p r ɛ s t	p r ɪ k	p r ɪ k t	p r ɪ k t	p r ɛ s t	1	1	reg_t	reg_t	reg_t
model_mean	f ɪ l	f ɪ l d	f ɪ l d	f l iː	f l ɛ d	f l ɛ d	NA	0	0	reg_d	reg_d	vowel_change_suffix
model_mean	b r æ n t͡ʃ	b r æ n t͡ʃ t	b r æ n t͡ʃ t	b r ɛ d	b r ɛ d ə d	b r ɛ d ə d	b r æ n t͡ʃ ə d	0	0	reg_t	reg_t	reg_əd
model_mean	t a ɪ t ə n	t a ɪ t ə n d	t a ɪ t ə n d	t a ɪ l	t a ɪ l d	t a ɪ l d	t a ɪ t ə n d	1	1	reg_d	reg_d	reg_d
model_mean	k æ p t ɪ v e ɪ t	k æ p t ɪ v e ɪ t ə d	k æ p t ə v e ɪ t ə d	k æ s k e ɪ d	k æ s k e ɪ d ə d	k æ s k e ɪ d ə d	k æ p t ɪ v e ɪ t ə d	0	1	reg_əd	other	reg_əd
model_mean	t o ʊ s t	t o ʊ s t ə d	t o ʊ s t ə d	t o ʊ t ə l	t o ʊ t ə l d	t o ʊ t ə l d	t o ʊ s t d	0	0	reg_əd	reg_əd	reg_d
model_mean	d ɪ s ə p iː r	d ɪ s ə p iː r d	d ɪ s ə p iː p iː r iː ə d	d ɪ s ɡ a ɪ z	d ɪ s ɡ a ɪ z d	d ɪ s ɡ a ɪ z d	d ɪ s ə p iː r d	0	1	reg_d	other	reg_d
model_mean	b ɛ r	b o ʊ r	b ɛ r d	b ɛ l t	b ɛ l t ə d	b ɛ l t ə d	b ɛ r ə d	0	0	vowel_change	reg_d	reg_əd
model_mean	b ɛ r iː	b ɛ r iː d	b ɛ r iː d	b ɛ t ɹ̩	b ɛ t ɹ̩ d	b ɛ t ɹ̩ d	b ɛ r iː d	1	1	reg_d	reg_d	reg_d
model_mean	s n iː k	s n iː k t	s n iː k t	s iː k	s ɔ t	s ɔ t	s n ɔ t	0	0	reg_t	reg_t	rhyme_replaced
model_mean	l ʌ n t͡ʃ	l ʌ n t͡ʃ t	l ʌ n t͡ʃ t	l ɹ̩ t͡ʃ	l ɹ̩ t͡ʃ t	l ɹ̩ t͡ʃ t	l ʌ n t͡ʃ t	1	1	reg_t	reg_t	reg_t
model_mean	m ɛ m ɹ̩ a ɪ z	m ɛ m ɹ̩ a ɪ z d	m ɛ m ɹ̩ a ɪ z d	m ɛ l t	m ɛ l t ə d	m ɛ l t ə d	m ɛ m ɹ̩ a ɪ z ə d	0	0	reg_d	reg_d	reg_əd
model_mean	h a ɪ d	h ɪ d	h a ɪ d ə d	h a ɪ k	h a ɪ k t	h a ɪ k t	h a ɪ d t	0	0	vowel_change	reg_əd	reg_t
model_mean	w iː l	w iː l d	w iː l d	w ɹ̩ iː	w ɹ̩ iː d	w ɹ̩ iː d	w iː l d	1	1	reg_d	reg_d	reg_d
model_mean	p æ t	p æ t ə d	p æ t ə d	p ʊ t	p ʊ t	p ʊ t	p æ t	0	0	reg_əd	reg_əd	no_change
model_mean	s k æ m p ɹ̩	s k æ m p ɹ̩ d	s k æ m p ɹ̩ d	s k æ l ə p	s k æ l ə p t	s k æ l ə p t	s k æ m p ɹ̩ t	0	0	reg_d	reg_d	reg_t
model_mean	p iː r	p iː r d	p iː r d	p iː l	p iː l d	p iː l d	p iː r d	1	1	reg_d	reg_d	reg_d
model_mean	ʃ æ m p uː	ʃ æ m p uː d	ʃ æ m p uː d	ʃ ɪ p	ʃ ɪ p t	ʃ ɪ p t	ʃ æ m p uː t	0	0	reg_d	reg_d	reg_t
model_mean	r e ɪ s	r e ɪ s t	r e ɪ s t	r e ɪ z	r e ɪ z d	r e ɪ z d	r e ɪ s d	0	0	reg_t	reg_t	reg_d
model_mean	s t r ɛ t͡ʃ	s t r ɛ t͡ʃ t	s t r ɛ t͡ʃ t	s t r æ p	s t r æ p t	s t r æ p t	s t r ɛ t͡ʃ t	1	1	reg_t	reg_t	reg_t
model_mean	k ə l æ p s	k ə l æ p s t	k ə l æ p s t	k ə l ɛ k t	k ə l ɛ k t ə d	k ə l ɛ k t ə d	k ə l æ p s ə d	0	0	reg_t	reg_t	reg_əd
model_mean	d r ɪ f t	d r ɪ f t ə d	d r ɪ f t ə d	d r ɪ ŋ k	d r æ ŋ k	d r æ ŋ k	NA	0	0	reg_əd	reg_əd	vowel_change
model_mean	s t æ b	s t æ b d	s t æ b d	s t æ k	s t æ k t	s t æ k t	s t æ b t	0	0	reg_d	reg_d	reg_t
model_mean	t͡ʃ uː	t͡ʃ uː d	t͡ʃ uː d	t͡ʃ uː z	t͡ʃ o ʊ z	t͡ʃ o ʊ z	NA	0	0	reg_d	reg_d	vowel_change
model_mean	b ʌ b ə l	b ʌ b ə l d	b ʌ b ə l d	b ʌ k ə l	b ʌ k ə l d	b ʌ k ə l d	b ʌ b ə l d	1	1	reg_d	reg_d	reg_d
model_mean	s a ʊ ɹ̩	s a ʊ ɹ̩ d	s a ʊ ɹ̩ d	s a ɪ n	s a ɪ n d	s a ɪ n d	s a ʊ ɹ̩ d	1	1	reg_d	reg_d	reg_d
model_mean	s t æ m p	s t æ m p t	s t æ m p t	s t æ n d	s t ʊ d	s t ʊ d	NA	0	0	reg_t	reg_t	rhyme_replaced
model_mean	d͡ʒ ɹ̩ k	d͡ʒ ɹ̩ k t	d͡ʒ ɹ̩ k t	d͡ʒ ɑː r	d͡ʒ ɑː r d	d͡ʒ ɑː r d	d͡ʒ ɹ̩ k d	0	0	reg_t	reg_t	reg_d
model_mean	s ɔ	s ɔ d	s ɔ d	s uː	s uː d	s uː d	s ɔ d	1	1	reg_d	reg_d	reg_d
model_mean	f l ɪ p	f l ɪ p t	f l ɪ p t	f l ʌ ʃ	f l ʌ ʃ t	f l ʌ ʃ t	f l ɪ p t	1	1	reg_t	reg_t	reg_t
model_mean	h iː l	h iː l d	h ɹ̩ l d	h iː r	h ɹ̩ d	h ɹ̩ d	NA	0	0	reg_d	vowel_change_suffix	rhyme_replaced
model_mean	s k r iː m	s k r iː m d	s k r iː m d	s k w iː z	s k w iː z d	s k w iː z d	s k r iː m d	1	1	reg_d	reg_d	reg_d
model_mean	h ʊ k	h ʊ k t	h ʊ k t	h ɪ t	h ɪ t	h ɪ t	h ʊ k	0	0	reg_t	reg_t	no_change
model_mean	p ɪ t	p ɪ t ə d	p ɪ t ə d	p ɑː t	p ɑː t ə d	p ɑː t ə d	p ɪ t ə d	1	1	reg_əd	reg_əd	reg_əd
model_mean	t r ʌ b ə l	t r ʌ b ə l d	t r ʌ b ə l d	t r æ m p	t r æ m p t	t r æ m p t	t r ʌ b ə l t	0	0	reg_d	reg_d	reg_t
model_mean	ɪ m p r ə v a ɪ z	ɪ m p r ə v a ɪ z d	ɪ m p r o ʊ z d	ɪ m p l ə m ɛ n t	ɪ m p l ə m ɛ n t ə d	ɪ m p l ə m ɛ n t ə d	ɪ m p r ə v a ɪ z ə d	0	0	reg_d	other	reg_əd
model_mean	n e ɪ l	n e ɪ l d	n e ɪ l d	n e ɪ m	n e ɪ m d	n e ɪ m d	n e ɪ l d	1	1	reg_d	reg_d	reg_d
model_mean	b a ɪ k	b a ɪ k t	b a ɪ k t	b a ɪ	b ɔ t	b ɔ t	NA	0	0	reg_t	reg_t	vowel_change_suffix
model_mean	l ɑː k	l ɑː k t	l ɑː k t	l ʊ k	l ʊ k t	l ʊ k t	l ɑː k t	1	1	reg_t	reg_t	reg_t
model_mean	r ɛ s t	r ɛ s t ə d	r ɛ s t ə d	r ɛ n t	r ɛ n t ə d	r ɛ n t ə d	r ɛ s t ə d	1	1	reg_əd	reg_əd	reg_əd
model_mean	b iː p	b iː p t	b iː p t	b iː f	b iː f t	b iː f t	b iː p t	1	1	reg_t	reg_t	reg_t
model_mean	s ɪ p	s ɪ p t	s æ p t	s ɪ t	s æ t	s æ t	NA	0	0	reg_t	vowel_change_suffix	vowel_change
model_mean	ɪ s k e ɪ p	ɪ s k e ɪ p t	ɪ s k e ɪ p t	d ɪ s t ɪ ŋ ɡ w ɪ ʃ	d ɪ s t ɪ ŋ ɡ w ɪ ʃ t	d ɪ s t ɪ ŋ ɡ w ɪ ʃ t	ɪ s k e ɪ p t	1	1	reg_t	reg_t	reg_t
model_mean	k ə n t r o ʊ l	k ə n t r o ʊ l d	k ə n t r o ʊ l d	k ə n t ɪ n j uː	k ə n t ɪ n j uː d	k ə n t ɪ n j uː d	k ə n t r o ʊ l d	1	1	reg_d	reg_d	reg_d
model_mean	h ʌ d ə l	h ʌ d ə l d	h ʌ d ə l d	h ʌ n t	h ʌ n t ə d	h ʌ n t ə d	h ʌ d ə l ə d	0	0	reg_d	reg_d	reg_əd
model_mean	s w uː ʃ	s w uː ʃ t	s w uː ʃ t	s w ɪ ʃ	s w ɪ ʃ t	s w ɪ ʃ t	s w uː ʃ t	1	1	reg_t	reg_t	reg_t
model_mean	f a ɪ n d	f a ʊ n d	f a ɪ n d ə d	f a ɪ l	f a ɪ l d	f a ɪ l d	f a ɪ n d d	0	0	vowel_change	reg_əd	reg_d
model_mean	k ɔ ɪ l	k ɔ ɪ l d	k ɔ ɪ l d	k ɔ l	k ɔ l d	k ɔ l d	k ɔ ɪ l d	1	1	reg_d	reg_d	reg_d
model_mean	r ə f ɹ̩	r ə f ɹ̩ d	r ə f ɹ̩ d	r ʌ f	r ʌ f t	r ʌ f t	r ə f ɹ̩ t	0	0	reg_d	reg_d	reg_t
model_mean	ʃ e ɪ v	ʃ e ɪ v d	ʃ e ɪ v d	ʃ e ɪ p	ʃ e ɪ p t	ʃ e ɪ p t	ʃ e ɪ v t	0	0	reg_d	reg_d	reg_t
model_mean	d ɪ s k r a ɪ b	d ɪ s k r a ɪ b d	d ɪ s k r o ʊ b d	d ɪ s k ɑː r d	d ɪ s k ɑː r d ə d	d ɪ s k ɑː r d ə d	d ɪ s k r a ɪ b ə d	0	0	reg_d	vowel_change_suffix	reg_əd
model_mean	p r iː z ɛ n t	p r iː z ɛ n t ə d	p r iː z ɛ n t ə d	p r iː t ɛ n d	p r iː t ɛ n d ə d	p r iː t ɛ n d ə d	p r iː z ɛ n t ə d	1	1	reg_əd	reg_əd	reg_əd
model_mean	ɪ ɡ z ɪ s t	ɪ ɡ z ɪ s t ə d	ɪ ɡ z ɪ s t ə d	ɪ ɡ z æ m ɪ n	ɪ ɡ z æ m ɪ n d	ɪ ɡ z æ m ɪ n d	ɪ ɡ z ɪ s t d	0	0	reg_əd	reg_əd	reg_d
model_mean	b ɔ r	b ɔ r d	b ɔ r d	b ɔ l	b ɔ l d	b ɔ l d	b ɔ r d	1	1	reg_d	reg_d	reg_d
model_mean	uː z	uː z d	uː z d	j uː z	j uː z d	j uː z d	uː z d	1	1	reg_d	reg_d	reg_d
model_mean	r ɑː b	r ɑː b d	r ɑː b d	r ɑː k	r ɑː k t	r ɑː k t	r ɑː b t	0	0	reg_d	reg_d	reg_t
model_mean	t r æ p	t r æ p t	t r æ p t	t r æ k	t r æ k t	t r æ k t	t r æ p t	1	1	reg_t	reg_t	reg_t
model_mean	b æ ʃ	b æ ʃ t	b æ ʃ t	b æ k	b æ k t	b æ k t	b æ ʃ t	1	1	reg_t	reg_t	reg_t
model_mean	æ k t	æ k t ə d	æ k t ə d	æ d	æ d ə d	æ d ə d	æ k t ə d	1	1	reg_əd	reg_əd	reg_əd
model_mean	s t o ʊ n	s t o ʊ n d	s t o ʊ n d	s t r o ʊ k	s t r o ʊ k t	s t r o ʊ k t	s t o ʊ n t	0	0	reg_d	reg_d	reg_t
model_mean	f l ɪ ŋ	f l ʌ ŋ	f l ʌ ŋ	f iː l	f ɛ l t	f ɛ l t	NA	0	0	vowel_change	vowel_change	vowel_change_suffix
model_mean	k w ɪ t	k w ɪ t	k w ɪ t	k w ɪ z	k w ɪ z d	k w ɪ z d	k w ɪ t d	0	0	no_change	no_change	reg_d
model_mean	p r ə f ɹ̩	p r ə f ɹ̩ d	p r ə f ɹ̩ d	p r ɑː m ə s	p r ɑː m ə s t	p r ɑː m ə s t	p r ə f ɹ̩ t	0	0	reg_d	reg_d	reg_t
model_mean	ə n l ɑː k	ə n l ɑː k t	ə n l ɑː k t	ə n r æ p	ə n r æ p t	ə n r æ p t	ə n l ɑː k t	1	1	reg_t	reg_t	reg_t
model_mean	m æ n ə d͡ʒ	m æ n ə d͡ʒ d	m æ n ə d͡ʒ d	m æ n	m æ n d	m æ n d	m æ n ə d͡ʒ d	1	1	reg_d	reg_d	reg_d
model_mean	s ɛ n t ɹ̩	s ɛ n t ɹ̩ d	s ɛ n t ɹ̩ d	s ɛ t ə l	s ɛ t ə l d	s ɛ t ə l d	s ɛ n t ɹ̩ d	1	1	reg_d	reg_d	reg_d
model_mean	s p ɑː t	s p ɑː t ə d	s p ɑː t ə d	s p ɪ t	s p æ t	s p æ t	NA	0	0	reg_əd	reg_əd	vowel_change
model_mean	m o ʊ	m o ʊ d	m o ʊ d	m o ʊ n	m o ʊ n d	m o ʊ n d	m o ʊ d	1	1	reg_d	reg_d	reg_d
model_mean	t æ t uː	t æ t uː d	t æ t uː d	t iː z	t iː z d	t iː z d	t æ t uː d	1	1	reg_d	reg_d	reg_d
model_mean	s a ɪ z	s a ɪ z d	s a ɪ z d	s a ɪ n	s a ɪ n d	s a ɪ n d	s a ɪ z d	1	1	reg_d	reg_d	reg_d
model_mean	p ɹ̩ f ɛ k t	p ɹ̩ f ɛ k t ə d	p ɹ̩ f ɛ k t ə d	p ɹ̩ f ɔ r m	p ɹ̩ f ɔ r m d	p ɹ̩ f ɔ r m d	p ɹ̩ f ɛ k t d	0	0	reg_əd	reg_əd	reg_d
model_mean	t r e ɪ n	t r e ɪ n d	t r e ɪ n d	t r a ɪ	t r a ɪ d	t r a ɪ d	t r e ɪ n d	1	1	reg_d	reg_d	reg_d
model_mean	p ʌ n ɪ ʃ	p ʌ n ɪ ʃ t	p ʌ n ɪ ʃ t	p ʌ m p	p ʌ m p t	p ʌ m p t	p ʌ n ɪ ʃ t	1	1	reg_t	reg_t	reg_t
model_mean	l uː s	l uː s t	l uː s t	l uː p	l uː p t	l uː p t	l uː s t	1	1	reg_t	reg_t	reg_t
model_mean	t ɑː p ə l	t ɑː p ə l d	t ɑː p ə l d	t ɑː p	t ɑː p t	t ɑː p t	t ɑː p ə l t	0	0	reg_d	reg_d	reg_t
model_mean	s k r æ p	s k r æ p t	s k r æ p t	s k r æ t͡ʃ	s k r æ t͡ʃ t	s k r æ t͡ʃ t	s k r æ p t	1	1	reg_t	reg_t	reg_t
model_mean	k r æ m	k r æ m d	k r æ m d	k r æ ʃ	k r æ ʃ t	k r æ ʃ t	k r æ m t	0	0	reg_d	reg_d	reg_t
model_mean	p ɪ t͡ʃ	p ɪ t͡ʃ t	p ɪ t͡ʃ t	p ɹ̩ t͡ʃ	p ɹ̩ t͡ʃ t	p ɹ̩ t͡ʃ t	p ɪ t͡ʃ t	1	1	reg_t	reg_t	reg_t
model_mean	s m æ ʃ	s m æ ʃ t	s m æ ʃ t	s m æ k	s m æ k t	s m æ k t	s m æ ʃ t	1	1	reg_t	reg_t	reg_t
model_mean	f e ɪ l	f e ɪ l d	f e ɪ l d	f e ɪ k	f e ɪ k t	f e ɪ k t	f e ɪ l t	0	0	reg_d	reg_d	reg_t
model_mean	b l o ʊ t	b l o ʊ t ə d	b l o ʊ t ə d	b l o ʊ	b l uː	b l uː	NA	0	0	reg_əd	reg_əd	vowel_change
model_mean	s k w iː k	s k w iː k t	s k w iː k t	s w iː p	s w ɛ p t	s w ɛ p t	NA	0	0	reg_t	reg_t	vowel_change_suffix
model_mean	s k ɹ̩ t	s k ɹ̩ t ə d	s k ɹ̩ t ə d	s t ɹ̩	s t ɹ̩ d	s t ɹ̩ d	s k ɹ̩ t d	0	0	reg_əd	reg_əd	reg_d
model_mean	b l ɪ ŋ k	b l ɪ ŋ k t	b l æ ŋ k	b l e ɪ d	b l e ɪ d ə d	b l e ɪ d ə d	b l ɪ ŋ k ə d	0	0	reg_t	vowel_change	reg_əd
model_mean	w æ ɡ	w æ ɡ d	w æ ɡ d	w æ k	w æ k t	w æ k t	w æ ɡ t	0	0	reg_d	reg_d	reg_t
model_mean	h æ t͡ʃ	h æ t͡ʃ t	h æ t͡ʃ t	h æ v	h æ d	h æ d	NA	0	0	reg_t	reg_t	coda_change
model_mean	h a ʊ z	h a ʊ z d	h a ʊ z d	h a ɪ k	h a ɪ k t	h a ɪ k t	h a ʊ z t	0	0	reg_d	reg_d	reg_t
model_mean	w ɑː f ə l	w ɑː f ə l d	w ɑː f ə l d	w ɑː b ə l	w ɑː b ə l d	w ɑː b ə l d	w ɑː f ə l d	1	1	reg_d	reg_d	reg_d
model_mean	b ʌ t ə n	b ʌ t ə n d	b ʌ t ə n d	b ʌ n d ə l	b ʌ n d ə l d	b ʌ n d ə l d	b ʌ t ə n d	1	1	reg_d	reg_d	reg_d
model_mean	k ɹ̩ iː n	k ɹ̩ iː n d	k ɹ̩ iː n d	k l iː n	k l iː n d	k l iː n d	k ɹ̩ iː n d	1	1	reg_d	reg_d	reg_d
model_mean	s t r ɪ p	s t r ɪ p t	s t r æ p t	s t r æ p	s t r æ p t	s t r æ p t	s t r ɪ p t	0	1	reg_t	vowel_change_suffix	reg_t
model_mean	p r a ɪ z	p r a ɪ z d	p r a ɪ z	p r e ɪ z	p r e ɪ z d	p r e ɪ z d	p r a ɪ z d	0	1	reg_d	no_change	reg_d
model_mean	k ə n f j uː z	k ə n f j uː z d	k ə n f j uː z d	k ə n t ɪ n j uː	k ə n t ɪ n j uː d	k ə n t ɪ n j uː d	k ə n f j uː z d	1	1	reg_d	reg_d	reg_d
model_mean	p l ʌ ɡ	p l ʌ ɡ d	p l ʌ ɡ d	p l ʌ ŋ k	p l ʌ ŋ k t	p l ʌ ŋ k t	p l ʌ ɡ t	0	0	reg_d	reg_d	reg_t
model_mean	k ɹ̩ s	k ɹ̩ s t	k ɹ̩ s t	k ɹ̩ v	k ɹ̩ v d	k ɹ̩ v d	k ɹ̩ s d	0	0	reg_t	reg_t	reg_d
model_mean	f e ɪ n t	f e ɪ n t ə d	f e ɪ n t ə d	f e ɪ k	f e ɪ k t	f e ɪ k t	f e ɪ n t t	0	0	reg_əd	reg_əd	reg_t
model_mean	r iː p l e ɪ s	r iː p l e ɪ s t	r iː p l e ɪ s t	r iː ə l a ɪ z	r iː ə l a ɪ z d	r iː ə l a ɪ z d	r iː p l e ɪ s d	0	0	reg_t	reg_t	reg_d
model_mean	ɡ ɑː r d	ɡ ɑː r d ə d	ɡ ɑː r d ə d	ɡ ɑː r d ə n	ɡ ɑː r d ə n d	ɡ ɑː r d ə n d	ɡ ɑː r d d	0	0	reg_əd	reg_əd	reg_d
model_mean	ɡ l ʌ v	ɡ l ʌ v d	ɡ l ʌ v d	ɡ l uː	ɡ l uː d	ɡ l uː d	ɡ l ʌ v d	1	1	reg_d	reg_d	reg_d
model_mean	s ɔ l t	s ɔ l t ə d	s ɔ l t ə d	s ɔ r t	s ɔ r t ə d	s ɔ r t ə d	s ɔ l t ə d	1	1	reg_əd	reg_əd	reg_əd
model_mean	s t ɛ r	s t ɛ r d	s t ɛ r d	s t ɛ p	s t ɛ p t	s t ɛ p t	s t ɛ r t	0	0	reg_d	reg_d	reg_t
model_mean	k ə m b a ɪ n	k ə m b a ɪ n d	k ə m b a ɪ n d	k ə m p iː t	k ə m p iː t ə d	k ə m p iː t ə d	k ə m b a ɪ n ə d	0	0	reg_d	reg_d	reg_əd
model_mean	f r ʌ n t	f r ʌ n t ə d	f r ʌ n t ə d	f r ɔ s t	f r ɔ s t ə d	f r ɔ s t ə d	f r ʌ n t ə d	1	1	reg_əd	reg_əd	reg_əd
model_mean	ɡ ɑː r b ə l	ɡ ɑː r b ə l d	ɡ ɑː r b ə l d	ɡ ɑː b ə l	ɡ ɑː b ə l d	ɡ ɑː b ə l d	ɡ ɑː r b ə l d	1	1	reg_d	reg_d	reg_d
model_mean	p æ m p ɹ̩	p æ m p ɹ̩ d	p æ m p ɹ̩ d	p æ d ə l	p æ d ə l d	p æ d ə l d	p æ m p ɹ̩ d	1	1	reg_d	reg_d	reg_d
model_mean	f iː r	f iː r d	f ɛ r d	f r iː	f r iː d	f r iː d	f iː r d	0	1	reg_d	vowel_change_suffix	reg_d
model_mean	ʃ ʌ v ə l	ʃ ʌ v ə l d	ʃ ʌ v ə l d	ʃ ʌ f ə l	ʃ ʌ f ə l d	ʃ ʌ f ə l d	ʃ ʌ v ə l d	1	1	reg_d	reg_d	reg_d
model_mean	s k ɛ d͡ʒ ʊ l	s k ɛ d͡ʒ ʊ l d	s k ɛ d͡ʒ ɛ l d	s k o ʊ l d	s k o ʊ l d ə d	s k o ʊ l d ə d	s k ɛ d͡ʒ ʊ l ə d	0	0	reg_d	vowel_change_suffix	reg_əd
model_mean	f l ʌ t ɹ̩	f l ʌ t ɹ̩ d	f l ʌ t ɹ̩ d	f l ʌ ʃ	f l ʌ ʃ t	f l ʌ ʃ t	f l ʌ t ɹ̩ t	0	0	reg_d	reg_d	reg_t
model_mean	s p ɑː r k ə l	s p ɑː r k ə l d	s p ɑː r k ə l d	s p ɑː r k	s p ɑː r k t	s p ɑː r k t	s p ɑː r k ə l t	0	0	reg_d	reg_d	reg_t
model_mean	r ɪ s p ɑː n d	r ɪ s p ɑː n d ə d	r ɪ s p ɑː n d ə d	r ɪ p l a ɪ	r ɪ p l a ɪ d	r ɪ p l a ɪ d	r ɪ s p ɑː n d d	0	0	reg_əd	reg_əd	reg_d
model_mean	t æ t ɹ̩	t æ t ɹ̩ d	t æ t ɹ̩ d	t iː t ɹ̩	t iː t ɹ̩ d	t iː t ɹ̩ d	t æ t ɹ̩ d	1	1	reg_d	reg_d	reg_d
model_mean	p ɑː k ə t	p ɑː k ə t ə d	p ɑː k ə t ə d	p ɑː r t	p ɑː r t ə d	p ɑː r t ə d	p ɑː k ə t ə d	1	1	reg_əd	reg_əd	reg_əd
model_mean	d͡ʒ æ ŋ ɡ ə l	d͡ʒ æ ŋ ɡ ə l d	d͡ʒ æ ŋ ɡ ə l d	d æ ŋ ɡ ə l	d æ ŋ ɡ ə l d	d æ ŋ ɡ ə l d	d͡ʒ æ ŋ ɡ ə l d	1	1	reg_d	reg_d	reg_d
model_mean	p iː p	p iː p t	p iː p t	p iː s	p iː s t	p iː s t	p iː p t	1	1	reg_t	reg_t	reg_t
model_mean	æ k s ɛ s ɹ̩ a ɪ z	æ k s ɛ s ɹ̩ a ɪ z d	æ s ɛ s ɛ s a ɪ z d	æ k s ɛ p t	æ k s ɛ p t ə d	æ k s ɛ p t ə d	æ k s ɛ s ɹ̩ a ɪ z ə d	0	0	reg_d	other	reg_əd
model_mean	r ɛ d͡ʒ ɪ s t ɹ̩	r ɛ d͡ʒ ɪ s t ɹ̩ d	r ɛ d͡ʒ ɪ s t ɹ̩ d	r ɛ s ə l	r ɛ s ə l d	r ɛ s ə l d	r ɛ d͡ʒ ɪ s t ɹ̩ d	1	1	reg_d	reg_d	reg_d
model_mean	ɡ l o ʊ	ɡ l o ʊ d	ɡ l uː	ɡ l uː	ɡ l uː d	ɡ l uː d	ɡ l o ʊ d	0	1	reg_d	vowel_change	reg_d
model_mean	k ɑː m ɛ n t	k ɑː m ɛ n t ə d	k ɑː m ɛ n t ə d	k ɑː r v	k ɑː r v d	k ɑː r v d	k ɑː m ɛ n t d	0	0	reg_əd	reg_əd	reg_d
model_mean	r ə f j uː z	r ə f j uː z d	r ə f j uː z d	r ə k ɔ r d	r ə k ɔ r d ə d	r ə k ɔ r d ə d	r ə f j uː z ə d	0	0	reg_d	reg_d	reg_əd
model_mean	w ɛ d	w ɛ d	w ɛ d ə d	w ɛ t	w ɛ t	w ɛ t	w ɛ d	0	1	no_change	reg_əd	no_change
model_mean	d a ʊ n	d a ʊ n d	d a ʊ n d	d a ʊ t	d a ʊ t ə d	d a ʊ t ə d	d a ʊ n ə d	0	0	reg_d	reg_d	reg_əd
model_mean	t͡ʃ ɪ p	t͡ʃ ɪ p t	t͡ʃ ɪ p t	t͡ʃ ɑː p	t͡ʃ ɑː p t	t͡ʃ ɑː p t	t͡ʃ ɪ p t	1	1	reg_t	reg_t	reg_t
model_mean	d ɹ̩ ɛ k t	d ɹ̩ ɛ k t ə d	d ɹ̩ ɛ k t ə d	d r ɪ p	d r ɪ p t	d r ɪ p t	d ɹ̩ ɛ k t t	0	0	reg_əd	reg_əd	reg_t
model_mean	d ɪ f ɛ n d	d ɪ f ɛ n d ə d	d ɪ f ɛ n d ə d	d ɪ f a ɪ n	d ɪ f a ɪ n d	d ɪ f a ɪ n d	d ɪ f ɛ n d d	0	0	reg_əd	reg_əd	reg_d
model_mean	p a ʊ n d	p a ʊ n d ə d	p a ʊ n d ə d	p a ʊ n s	p a ʊ n s t	p a ʊ n s t	p a ʊ n d t	0	0	reg_əd	reg_əd	reg_t
model_mean	d r e ɪ p	d r e ɪ p t	d r e ɪ p t	d r ɪ ŋ k	d r æ ŋ k	d r æ ŋ k	NA	0	0	reg_t	reg_t	vowel_change
model_mean	k ə n t e ɪ n	k ə n t e ɪ n d	k ə n t e ɪ n d	k ə n v ɪ n s	k ə n v ɪ n s t	k ə n v ɪ n s t	k ə n t e ɪ n t	0	0	reg_d	reg_d	reg_t
model_mean	s iː z ə n	s iː z ə n d	s iː z ə n d	s n iː z	s n iː z d	s n iː z d	s iː z ə n d	1	1	reg_d	reg_d	reg_d
model_mean	k r a ʊ t͡ʃ	k r a ʊ t͡ʃ t	k r a ʊ t͡ʃ t	k r a ʊ d	k r a ʊ d ə d	k r a ʊ d ə d	k r a ʊ t͡ʃ ə d	0	0	reg_t	reg_t	reg_əd
model_mean	h ɪ p n ə t a ɪ z	h ɪ p n ə t a ɪ z d	h ɪ t ə t ə d	d ɪ s ə p ɔ ɪ n t	d ɪ s ə p ɔ ɪ n t ə d	d ɪ s ə p ɔ ɪ n t ə d	h ɪ p n ə t a ɪ z ə d	0	0	reg_d	other	reg_əd
model_mean	k ə n d ɛ n s	k ə n d ɛ n s t	k ə n d ɛ n s t	k ə n v ɪ n s	k ə n v ɪ n s t	k ə n v ɪ n s t	k ə n d ɛ n s t	1	1	reg_t	reg_t	reg_t
model_mean	k r æ ŋ k	k r æ ŋ k t	k r æ ŋ k	k r æ ʃ	k r æ ʃ t	k r æ ʃ t	k r æ ŋ k t	0	1	reg_t	no_change	reg_t
model_mean	k l a ʊ d	k l a ʊ d ə d	k l a ʊ d ə d	k l a ɪ m	k l a ɪ m d	k l a ɪ m d	k l a ʊ d d	0	0	reg_əd	reg_əd	reg_d
model_mean	r e ɪ d	r e ɪ d ə d	r e ɪ d ə d	r e ɪ	r e ɪ d	r e ɪ d	r e ɪ d d	0	0	reg_əd	reg_əd	reg_d
model_mean	f ɪ l t ɹ̩	f ɪ l t ɹ̩ d	f ɪ l t ɹ̩ d	f ɪ ɡ j ɹ̩	f ɪ ɡ j ɹ̩ d	f ɪ ɡ j ɹ̩ d	f ɪ l t ɹ̩ d	1	1	reg_d	reg_d	reg_d
model_mean	t æ ŋ ɡ ə l	t æ ŋ ɡ ə l d	t æ ŋ ɡ ə l d	d æ ŋ ɡ ə l	d æ ŋ ɡ ə l d	d æ ŋ ɡ ə l d	t æ ŋ ɡ ə l d	1	1	reg_d	reg_d	reg_d
model_mean	p l æ s t ɹ̩	p l æ s t ɹ̩ d	p l æ s t ɹ̩ d	p l æ n t	p l æ n t ə d	p l æ n t ə d	p l æ s t ɹ̩ ə d	0	0	reg_d	reg_d	reg_əd
model_mean	ʃ e ɪ d	ʃ e ɪ d ə d	ʃ e ɪ d ə d	ʃ e ɪ p	ʃ e ɪ p t	ʃ e ɪ p t	ʃ e ɪ d t	0	0	reg_əd	reg_əd	reg_t
model_mean	t r ʌ s t	t r ʌ s t ə d	t r ʌ s t ə d	t r ʌ k	t r ʌ k t	t r ʌ k t	t r ʌ s t t	0	0	reg_əd	reg_əd	reg_t
model_mean	s æ n d	s æ n d ə d	s æ n t ə d	s iː d	s iː d ə d	s iː d ə d	s æ n d ə d	0	1	reg_əd	other	reg_əd
model_mean	d ɪ z ɑː l v	d ɪ z ɑː l v d	d ɪ z ɑː l v d	d ɪ z ɹ̩ v	d ɪ z ɹ̩ v d	d ɪ z ɹ̩ v d	d ɪ z ɑː l v d	1	1	reg_d	reg_d	reg_d
model_mean	r æ k	r æ k t	r æ k t	r æ p	r æ p t	r æ p t	r æ k t	1	1	reg_t	reg_t	reg_t
model_mean	ʃ ɛ l	ʃ ɛ l d	ʃ ɛ l d	ʃ ɛ r	ʃ ɛ r d	ʃ ɛ r d	ʃ ɛ l d	1	1	reg_d	reg_d	reg_d
model_mean	s w ɑː p	s w ɑː p t	s w ɑː p t	s w ɑː t	s w ɑː t ə d	s w ɑː t ə d	s w ɑː p ə d	0	0	reg_t	reg_t	reg_əd
model_mean	r iː l iː s	r iː l iː s t	r iː l iː s t	r iː m uː v	r iː m uː v d	r iː m uː v d	r iː l iː s d	0	0	reg_t	reg_t	reg_d
model_mean	r e ɪ k	r e ɪ k t	r e ɪ k t	r e ɪ z	r e ɪ z d	r e ɪ z d	r e ɪ k d	0	0	reg_t	reg_t	reg_d
model_mean	k æ n s ə l	k æ n s ə l d	k æ n s ə l d	k æ s k e ɪ d	k æ s k e ɪ d ə d	k æ s k e ɪ d ə d	k æ n s ə l ə d	0	0	reg_d	reg_d	reg_əd
model_mean	s p a ɪ	s p a ɪ d	s p a ɪ d	s p a ɪ s	s p a ɪ s t	s p a ɪ s t	s p a ɪ t	0	0	reg_d	reg_d	reg_t
model_mean	f j uː m	f j uː m d	f j uː m d	f uː l	f uː l d	f uː l d	f j uː m d	1	1	reg_d	reg_d	reg_d
model_mean	p r iː p ɛ r	p r iː p ɛ r d	p r iː p ɛ r d	p r iː t ɛ n d	p r iː t ɛ n d ə d	p r iː t ɛ n d ə d	p r iː p ɛ r ə d	0	0	reg_d	reg_d	reg_əd
model_mean	d ɪ s p o ʊ z	d ɪ s p o ʊ z d	d ɪ s p o ʊ z d	d ɪ s a ɪ d	d ɪ s a ɪ d ə d	d ɪ s a ɪ d ə d	d ɪ s p o ʊ z ə d	0	0	reg_d	reg_d	reg_əd
model_mean	k ə n d ʌ k t	k ə n d ʌ k t ə d	k ə n d ʌ k t ə d	k ə n ɛ k t	k ə n ɛ k t ə d	k ə n ɛ k t ə d	k ə n d ʌ k t ə d	1	1	reg_əd	reg_əd	reg_əd
model_mean	s t ɪ ŋ k	s t ʌ ŋ k	s t ʌ ŋ k t	s t ɪ ŋ	s t ʌ ŋ	s t ʌ ŋ	NA	0	0	vowel_change	vowel_change_suffix	vowel_change
model_mean	d r e ɪ n	d r e ɪ n d	d r e ɪ n d	d r iː m	d r iː m d	d r iː m d	d r e ɪ n d	1	1	reg_d	reg_d	reg_d
model_mean	ə n p l ʌ ɡ	ə n p l ʌ ɡ d	ə n p l ʌ ɡ d	ə n d r ɛ s	ə n d r ɛ s t	ə n d r ɛ s t	ə n p l ʌ ɡ t	0	0	reg_d	reg_d	reg_t
model_mean	h æ l o ʊ	h æ l o ʊ d	h æ l o ʊ d	h æ p ə n	h æ p ə n d	h æ p ə n d	h æ l o ʊ d	1	1	reg_d	reg_d	reg_d
model_mean	ɪ n t ɹ̩ æ k t	ɪ n t ɹ̩ æ k t ə d	ɪ n t ɹ̩ æ k t ə d	ɪ n t ɹ̩ d͡ʒ ɛ k t	ɪ n t ɹ̩ d͡ʒ ɛ k t ə d	ɪ n t ɹ̩ d͡ʒ ɛ k t ə d	ɪ n t ɹ̩ æ k t ə d	1	1	reg_əd	reg_əd	reg_əd
model_mean	ə b s ɛ s	ə b s ɛ s t	ə b b ɛ s t	ə b z ɔ r b	ə b z ɔ r b d	ə b z ɔ r b d	ə b s ɛ s d	0	0	reg_t	other	reg_d
model_mean	s n æ t͡ʃ	s n æ t͡ʃ t	s n æ t͡ʃ t	s n æ k	s n æ k t	s n æ k t	s n æ t͡ʃ t	1	1	reg_t	reg_t	reg_t
model_mean	t æ p	t æ p t	t æ p t	t r æ k	t r æ k t	t r æ k t	t æ p t	1	1	reg_t	reg_t	reg_t
model_mean	t r æ ʃ	t r æ ʃ t	t r æ ʃ t	t r æ k	t r æ k t	t r æ k t	t r æ ʃ t	1	1	reg_t	reg_t	reg_t
model_mean	ʃ ɪ v ɹ̩	ʃ ɪ v ɹ̩ d	ʃ ɪ v ɹ̩ d	ʃ a ʊ ɹ̩	ʃ a ʊ ɹ̩ d	ʃ a ʊ ɹ̩ d	ʃ ɪ v ɹ̩ d	1	1	reg_d	reg_d	reg_d
model_mean	r iː f ɪ l	r iː f ɪ l d	r iː f ɪ l d	r iː t r iː v	r iː t r iː v d	r iː t r iː v d	r iː f ɪ l d	1	1	reg_d	reg_d	reg_d
model_mean	d ʌ b	d ʌ b d	d ʌ b d	d ʌ ŋ k	d ʌ ŋ k t	d ʌ ŋ k t	d ʌ b t	0	0	reg_d	reg_d	reg_t
model_mean	r ɪ p ɛ r	r ɪ p ɛ r d	r ɪ p ɛ r d	r ɪ p iː t	r ɪ p iː t ə d	r ɪ p iː t ə d	r ɪ p ɛ r ə d	0	0	reg_d	reg_d	reg_əd
model_mean	s t e ɪ k	s t e ɪ k t	s t e ɪ k t	s t e ɪ d͡ʒ	s t e ɪ d͡ʒ d	s t e ɪ d͡ʒ d	s t e ɪ k d	0	0	reg_t	reg_t	reg_d
model_mean	ɛ r	ɛ r d	ɛ r d	ɛ d͡ʒ	ɛ d͡ʒ d	ɛ d͡ʒ d	ɛ r d	1	1	reg_d	reg_d	reg_d
model_mean	t r ʌ m p ə t	t r ʌ m p ə t ə d	t r ʌ m p ə t ə d	t r ɛ m b ə l	t r ɛ m b ə l d	t r ɛ m b ə l d	t r ʌ m p ə t d	0	0	reg_əd	reg_əd	reg_d
model_mean	k l ɑː ɡ	k l ɑː ɡ d	k l ɑː ɡ d	k l ɑː k	k l ɑː k t	k l ɑː k t	k l ɑː ɡ t	0	0	reg_d	reg_d	reg_t
model_mean	p a ʊ ɹ̩	p a ʊ ɹ̩ d	p a ʊ ɹ̩ d	p a ɪ l	p a ɪ l d	p a ɪ l d	p a ʊ ɹ̩ d	1	1	reg_d	reg_d	reg_d
model_mean	ɪ ɡ z ɪ b ɪ t	ɪ ɡ z ɪ b ɪ t ə d	ɪ ɡ z ɪ b ɪ t ə d	ɪ ɡ z æ m ɪ n	ɪ ɡ z æ m ɪ n d	ɪ ɡ z æ m ɪ n d	ɪ ɡ z ɪ b ɪ t d	0	0	reg_əd	reg_əd	reg_d
model_mean	e ɪ d͡ʒ	e ɪ d͡ʒ d	e ɪ d͡ʒ d	e ɪ m	e ɪ m d	e ɪ m d	e ɪ d͡ʒ d	1	1	reg_d	reg_d	reg_d
model_mean	t e ɪ b ə l	t e ɪ b ə l d	t e ɪ b ə l d	e ɪ m	e ɪ m d	e ɪ m d	t e ɪ b ə l d	1	1	reg_d	reg_d	reg_d
model_mean	r ɪ s p ɛ k t	r ɪ s p ɛ k t ə d	r ɪ s p ɛ k t ə d	r ɪ p l a ɪ	r ɪ p l a ɪ d	r ɪ p l a ɪ d	r ɪ s p ɛ k t d	0	0	reg_əd	reg_əd	reg_d
model_mean	m æ k s	m æ k s t	m æ k s t	m æ t͡ʃ	m æ t͡ʃ t	m æ t͡ʃ t	m æ k s t	1	1	reg_t	reg_t	reg_t
model_mean	ɛ n æ k t	ɛ n æ k t ə d	ɛ n æ k t ə d	ɛ n d͡ʒ ɔ ɪ	ɛ n d͡ʒ ɔ ɪ d	ɛ n d͡ʒ ɔ ɪ d	ɛ n æ k t d	0	0	reg_əd	reg_əd	reg_d
model_mean	m ɑː d ə f a ɪ	m ɑː d ə f a ɪ d	m ɑː d ə f a ɪ d	m ɑː r k ə t	m ɑː r k ə t ə d	m ɑː r k ə t ə d	m ɑː d ə f a ɪ ə d	0	0	reg_d	reg_d	reg_əd
model_mean	f iː t͡ʃ ɹ̩	f iː t͡ʃ ɹ̩ d	f iː t͡ʃ ɹ̩ d	f l iː	f l ɛ d	f l ɛ d	NA	0	0	reg_d	reg_d	vowel_change_suffix
model_mean	w e ɪ l	w e ɪ l d	w e ɪ l d	w e ɪ v	w e ɪ v d	w e ɪ v d	w e ɪ l d	1	1	reg_d	reg_d	reg_d
model_mean	p ɹ̩ s	p ɹ̩ s t	p ɹ̩ s t	p ɹ̩ t͡ʃ	p ɹ̩ t͡ʃ t	p ɹ̩ t͡ʃ t	p ɹ̩ s t	1	1	reg_t	reg_t	reg_t
model_stem	s m a ɪ l	s m a ɪ l d	s m a ɪ l d	s p ɔ ɪ l	s p ɔ ɪ l d	s p ɔ ɪ l d	s m a ɪ l d	1	1	reg_d	reg_d	reg_d
model_stem	r iː d	r ɛ d	r iː d ə d	n iː d	n iː d ə d	n iː d ə d	r iː d ə d	1	0	vowel_change	reg_əd	reg_əd
model_stem	l a ɪ k	l a ɪ k t	l a ɪ k t	h a ɪ k	h a ɪ k t	h a ɪ k t	l a ɪ k t	1	1	reg_t	reg_t	reg_t
model_stem	ʃ o ʊ	ʃ o ʊ d	ʃ o ʊ d	r o ʊ	r o ʊ d	r o ʊ d	ʃ o ʊ d	1	1	reg_d	reg_d	reg_d
model_stem	b a ɪ t	b ɪ t	b a ɪ t ə d	r a ɪ t	r o ʊ t	r o ʊ t	b o ʊ t	0	0	vowel_change	reg_əd	vowel_change
model_stem	f l a ɪ	f l uː	f l a ɪ d	k r a ɪ	k r a ɪ d	k r a ɪ d	f l a ɪ d	1	0	vowel_change	reg_d	reg_d
model_stem	h o ʊ p	h o ʊ p t	h o ʊ p t	k o ʊ p	k o ʊ p t	k o ʊ p t	h o ʊ p t	1	1	reg_t	reg_t	reg_t
model_stem	o ʊ p ə n	o ʊ p ə n d	o ʊ p ə n d	l uː s ə n	l uː s ə n d	l uː s ə n d	o ʊ p ə n d	1	1	reg_d	reg_d	reg_d
model_stem	r ʌ n	r æ n	r ʌ n d	ɡ ʌ n	ɡ ʌ n d	ɡ ʌ n d	r ʌ n d	1	0	vowel_change	reg_d	reg_d
model_stem	t ɔ ɪ	t ɔ ɪ d	t ɔ t	t a ɪ	t a ɪ d	t a ɪ d	t ɔ ɪ d	0	1	reg_d	vowel_change_suffix	reg_d
model_stem	p l e ɪ	p l e ɪ d	p l e ɪ d	p r e ɪ	p r e ɪ d	p r e ɪ d	p l e ɪ d	1	1	reg_d	reg_d	reg_d
model_stem	w ɑː t͡ʃ	w ɑː t͡ʃ t	w ɑː t͡ʃ t	b iː t͡ʃ	b iː t͡ʃ t	b iː t͡ʃ t	w ɑː t͡ʃ t	1	1	reg_t	reg_t	reg_t
model_stem	r iː t͡ʃ	r iː t͡ʃ t	r iː t͡ʃ t	b iː t͡ʃ	b iː t͡ʃ t	b iː t͡ʃ t	r iː t͡ʃ t	1	1	reg_t	reg_t	reg_t
model_stem	æ s k	æ s k t	æ s k t	t ʌ k	t ʌ k t	t ʌ k t	æ s k t	1	1	reg_t	reg_t	reg_t
model_stem	s m ɛ l	s m ɛ l d	s m ɛ l d	s p ɛ l	s p ɛ l d	s p ɛ l d	s m ɛ l d	1	1	reg_d	reg_d	reg_d
model_stem	h æ ŋ	h ʌ ŋ	h æ ŋ d	b æ ŋ	b æ ŋ d	b æ ŋ d	h æ ŋ d	1	0	vowel_change	reg_d	reg_d
model_stem	r a ɪ d	r o ʊ d	r o ʊ d ə d	s a ɪ d	s a ɪ d ə d	s a ɪ d ə d	r a ɪ d ə d	0	0	vowel_change	other	reg_əd
model_stem	s p ɪ l	s p ɪ l d	s p æ l d	s t ɪ l	s t ɪ l d	s t ɪ l d	s p ɪ l d	0	1	reg_d	vowel_change_suffix	reg_d
model_stem	p ɔ r	p ɔ r d	p ɔ r d	ʃ ɔ r	ʃ ɔ r d	ʃ ɔ r d	p ɔ r d	1	1	reg_d	reg_d	reg_d
model_stem	b a ʊ	b a ʊ d	b ɔ t	r o ʊ	r o ʊ d	r o ʊ d	b a ʊ d	0	1	reg_d	vowel_change_suffix	reg_d
model_stem	t ʌ t͡ʃ	t ʌ t͡ʃ t	t ʌ t͡ʃ t	t iː t͡ʃ	t ɔ t	t ɔ t	NA	0	0	reg_t	reg_t	rhyme_replaced
model_stem	k ɑː z	k ɑː z d	k ɑː z d	b ʌ z	b ʌ z d	b ʌ z d	k ɑː z d	1	1	reg_d	reg_d	reg_d
model_stem	s t r a ɪ k	s t r ʌ k	s t r a ɪ k t	s t r o ʊ k	s t r o ʊ k t	s t r o ʊ k t	s t r a ɪ k t	1	0	vowel_change	reg_t	reg_t
model_stem	h ɹ̩ t	h ɹ̩ t	h ɹ̩ t	h ɪ t	h ɪ t	h ɪ t	h ɹ̩ t	1	1	no_change	no_change	no_change
model_stem	h iː t	h iː t ə d	h ɹ̩ t	m iː t	m ɛ t	m ɛ t	h ɛ t	0	0	reg_əd	vowel_change	vowel_change
model_stem	f l a ʊ ɹ̩	f l a ʊ ɹ̩ d	f l a ʊ ɹ̩ d	s k a ʊ ɹ̩	s k a ʊ ɹ̩ d	s k a ʊ ɹ̩ d	f l a ʊ ɹ̩ d	1	1	reg_d	reg_d	reg_d
model_stem	k l o ʊ z	k l o ʊ z d	k l o ʊ z d	b r a ʊ z	b r a ʊ z d	b r a ʊ z d	k l o ʊ z d	1	1	reg_d	reg_d	reg_d
model_stem	m a ɪ n	m a ɪ n d	m a ɪ n d	p a ɪ n	p a ɪ n d	p a ɪ n d	m a ɪ n d	1	1	reg_d	reg_d	reg_d
model_stem	v ɪ z ɪ t	v ɪ z ɪ t ə d	v ɪ z ɪ t ə d	s m ɑː r t	s m ɑː r t ə d	s m ɑː r t ə d	v ɪ z ɪ t ə d	1	1	reg_əd	reg_əd	reg_əd
model_stem	t e ɪ s t	t e ɪ s t ə d	t e ɪ s t ə d	w e ɪ s t	w e ɪ s t ə d	w e ɪ s t ə d	t e ɪ s t ə d	1	1	reg_əd	reg_əd	reg_əd
model_stem	b ʌ t ɹ̩	b ʌ t ɹ̩ d	b ʌ t ɹ̩ d	b ɛ t ɹ̩	b ɛ t ɹ̩ d	b ɛ t ɹ̩ d	b ʌ t ɹ̩ d	1	1	reg_d	reg_d	reg_d
model_stem	m e ɪ l	m e ɪ l d	m e ɪ l d	d͡ʒ e ɪ l	d͡ʒ e ɪ l d	d͡ʒ e ɪ l d	m e ɪ l d	1	1	reg_d	reg_d	reg_d
model_stem	d ɪ ŋ	d ɪ ŋ d	d ʌ ŋ	r ɪ ŋ	r æ ŋ	r æ ŋ	d æ ŋ	0	0	reg_d	vowel_change	vowel_change
model_stem	s t ɑː p	s t ɑː p t	s t ɑː p t	s w iː p	s w ɛ p t	s w ɛ p t	NA	0	0	reg_t	reg_t	vowel_change_suffix
model_stem	ɪ k s a ɪ t	ɪ k s a ɪ t ə d	ɪ k s a ɪ t ə d	ɪ n v a ɪ t	ɪ n v a ɪ t ə d	ɪ n v a ɪ t ə d	ɪ k s a ɪ t ə d	1	1	reg_əd	reg_əd	reg_əd
model_stem	f r a ɪ	f r a ɪ d	f r a ɪ d	k r a ɪ	k r a ɪ d	k r a ɪ d	f r a ɪ d	1	1	reg_d	reg_d	reg_d
model_stem	s p iː k	s p o ʊ k	s p iː k t	s t ɔ k	s t ɔ k t	s t ɔ k t	s p iː k t	1	0	vowel_change	reg_t	reg_t
model_stem	s k r æ m b ə l	s k r æ m b ə l d	s k r æ m b ə l d	b a ɪ s ɪ k ə l	b a ɪ s ɪ k ə l d	b a ɪ s ɪ k ə l d	s k r æ m b ə l d	1	1	reg_d	reg_d	reg_d
model_stem	t͡ʃ ɛ k	t͡ʃ ɛ k t	t͡ʃ ɛ k t	r ɛ k	r ɛ k t	r ɛ k t	t͡ʃ ɛ k t	1	1	reg_t	reg_t	reg_t
model_stem	n ʌ m b ɹ̩	n ʌ m b ɹ̩ d	n ʌ m b ɹ̩ d	k l ɑː b ɹ̩	k l ɑː b ɹ̩ d	k l ɑː b ɹ̩ d	n ʌ m b ɹ̩ d	1	1	reg_d	reg_d	reg_d
model_stem	b ɛ n d	b ɛ n d ə d	b ɛ n t	m ɛ n d	m ɛ n d ə d	m ɛ n d ə d	b ɛ n d ə d	0	1	reg_əd	coda_change	reg_əd
model_stem	t ɔ s	t ɔ s t	t ɔ s t	k ɪ s	k ɪ s t	k ɪ s t	t ɔ s t	1	1	reg_t	reg_t	reg_t
model_stem	w ɪ s p ɹ̩	w ɪ s p ɹ̩ d	w ɪ s p ɹ̩ d	f ɪ ŋ ɡ ɹ̩	f ɪ ŋ ɡ ɹ̩ d	f ɪ ŋ ɡ ɹ̩ d	w ɪ s p ɹ̩ d	1	1	reg_d	reg_d	reg_d
model_stem	a ɪ	a ɪ d	a ɪ	b a ɪ	b ɔ t	b ɔ t	ɔ t	0	0	reg_d	no_change	vowel_change_suffix
model_stem	p ɑː p	p ɑː p t	p ɑː p t	h ɑː p	h ɑː p t	h ɑː p t	p ɑː p t	1	1	reg_t	reg_t	reg_t
model_stem	ɪ ɡ z ɔ s t	ɪ ɡ z ɔ s t ə d	ɪ ɡ z ɔ s t ə d	d ɪ p ɑː r t	d ɪ p ɑː r t ə d	d ɪ p ɑː r t ə d	ɪ ɡ z ɔ s t ə d	1	1	reg_əd	reg_əd	reg_əd
model_stem	b ɪ l d	b ɪ l t	b ɪ l d ə d	l æ n d	l æ n d ə d	l æ n d ə d	b ɪ l d ə d	1	0	coda_change	reg_əd	reg_əd
model_stem	w ʌ n d ɹ̩	w ʌ n d ɹ̩ d	w ʌ n d ɹ̩ d	w ɑː n d ɹ̩	w ɑː n d ɹ̩ d	w ɑː n d ɹ̩ d	w ʌ n d ɹ̩ d	1	1	reg_d	reg_d	reg_d
model_stem	k r æ k	k r æ k t	k r æ k t	t r æ k	t r æ k t	t r æ k t	k r æ k t	1	1	reg_t	reg_t	reg_t
model_stem	n ɪ b ə l	n ɪ b ə l d	n ɪ b ə l d	k ʌ d ə l	k ʌ d ə l d	k ʌ d ə l d	n ɪ b ə l d	1	1	reg_d	reg_d	reg_d
model_stem	d ɪ l ɪ v ɹ̩	d ɪ l ɪ v ɹ̩ d	d ɪ l ɪ v ɹ̩ d	f l e ɪ v ɹ̩	f l e ɪ v ɹ̩ d	f l e ɪ v ɹ̩ d	d ɪ l ɪ v ɹ̩ d	1	1	reg_d	reg_d	reg_d
model_stem	s k ɛ r	s k ɛ r d	s k ɛ r d	ɡ l ɛ r	ɡ l ɛ r d	ɡ l ɛ r d	s k ɛ r d	1	1	reg_d	reg_d	reg_d
model_stem	ɔ f ɹ̩	ɔ f ɹ̩ d	ɔ f ɹ̩ d	ɔ θ ɹ̩	ɔ θ ɹ̩ d	ɔ θ ɹ̩ d	ɔ f ɹ̩ d	1	1	reg_d	reg_d	reg_d
model_stem	f l ɑː p	f l ɑː p t	f l ɑː p t	p l ɑː p	p l ɑː p t	p l ɑː p t	f l ɑː p t	1	1	reg_t	reg_t	reg_t
model_stem	ə p o ʊ z	ə p o ʊ z d	ə p o ʊ z d	b r a ʊ z	b r a ʊ z d	b r a ʊ z d	ə p o ʊ z d	1	1	reg_d	reg_d	reg_d
model_stem	k ʌ l ɹ̩	k ʌ l ɹ̩ d	k ʌ l ɹ̩ d	k ʌ v ɹ̩	k ʌ v ɹ̩ d	k ʌ v ɹ̩ d	k ʌ l ɹ̩ d	1	1	reg_d	reg_d	reg_d
model_stem	k æ m p	k æ m p t	k æ m p t	b ʌ m p	b ʌ m p t	b ʌ m p t	k æ m p t	1	1	reg_t	reg_t	reg_t
model_stem	s ɛ l	s o ʊ l d	s ɛ l d	j ɛ l	j ɛ l d	j ɛ l d	s ɛ l d	1	0	vowel_change_suffix	reg_d	reg_d
model_stem	f l æ p	f l æ p t	f l æ p t	k l æ p	k l æ p t	k l æ p t	f l æ p t	1	1	reg_t	reg_t	reg_t
model_stem	p r ɛ s	p r ɛ s t	p r ɛ s t	d r ɛ s	d r ɛ s t	d r ɛ s t	p r ɛ s t	1	1	reg_t	reg_t	reg_t
model_stem	f ɪ l	f ɪ l d	f ɪ l d	f ɔ l	f ɛ l	f ɛ l	NA	0	0	reg_d	reg_d	vowel_change
model_stem	b r æ n t͡ʃ	b r æ n t͡ʃ t	b r æ n t͡ʃ t	d r ɛ n t͡ʃ	d r ɛ n t͡ʃ t	d r ɛ n t͡ʃ t	b r æ n t͡ʃ t	1	1	reg_t	reg_t	reg_t
model_stem	t a ɪ t ə n	t a ɪ t ə n d	t a ɪ t ə n d	s w iː t ə n	s w iː t ə n d	s w iː t ə n d	t a ɪ t ə n d	1	1	reg_d	reg_d	reg_d
model_stem	k æ p t ɪ v e ɪ t	k æ p t ɪ v e ɪ t ə d	k æ p t ə v e ɪ t ə d	d ɪ s ə p ɔ ɪ n t	d ɪ s ə p ɔ ɪ n t ə d	d ɪ s ə p ɔ ɪ n t ə d	k æ p t ɪ v e ɪ t ə d	0	1	reg_əd	other	reg_əd
model_stem	t o ʊ s t	t o ʊ s t ə d	t o ʊ s t ə d	b l æ s t	b l æ s t ə d	b l æ s t ə d	t o ʊ s t ə d	1	1	reg_əd	reg_əd	reg_əd
model_stem	d ɪ s ə p iː r	d ɪ s ə p iː r d	d ɪ s ə p iː p iː r iː ə d	ɪ n t ɹ̩ f ɪ r	ɪ n t ɹ̩ f ɪ r d	ɪ n t ɹ̩ f ɪ r d	d ɪ s ə p iː r d	0	1	reg_d	other	reg_d
model_stem	b ɛ r	b o ʊ r	b ɛ r d	ʃ ɛ r	ʃ ɛ r d	ʃ ɛ r d	b ɛ r d	1	0	vowel_change	reg_d	reg_d
model_stem	b ɛ r iː	b ɛ r iː d	b ɛ r iː d	h ɛ r iː	h ɛ r iː d	h ɛ r iː d	b ɛ r iː d	1	1	reg_d	reg_d	reg_d
model_stem	s n iː k	s n iː k t	s n iː k t	f r iː k	f r iː k t	f r iː k t	s n iː k t	1	1	reg_t	reg_t	reg_t
model_stem	l ʌ n t͡ʃ	l ʌ n t͡ʃ t	l ʌ n t͡ʃ t	p ʌ n t͡ʃ	p ʌ n t͡ʃ t	p ʌ n t͡ʃ t	l ʌ n t͡ʃ t	1	1	reg_t	reg_t	reg_t
model_stem	m ɛ m ɹ̩ a ɪ z	m ɛ m ɹ̩ a ɪ z d	m ɛ m ɹ̩ a ɪ z d	s ɹ̩ p r a ɪ z	s ɹ̩ p r a ɪ z d	s ɹ̩ p r a ɪ z d	m ɛ m ɹ̩ a ɪ z d	1	1	reg_d	reg_d	reg_d
model_stem	h a ɪ d	h ɪ d	h a ɪ d ə d	s a ɪ d	s a ɪ d ə d	s a ɪ d ə d	h a ɪ d ə d	1	0	vowel_change	reg_əd	reg_əd
model_stem	w iː l	w iː l d	w iː l d	s iː l	s iː l d	s iː l d	w iː l d	1	1	reg_d	reg_d	reg_d
model_stem	p æ t	p æ t ə d	p æ t ə d	p ɛ t	p ɛ t ə d	p ɛ t ə d	p æ t ə d	1	1	reg_əd	reg_əd	reg_əd
model_stem	s k æ m p ɹ̩	s k æ m p ɹ̩ d	s k æ m p ɹ̩ d	ɛ n t ɹ̩	ɛ n t ɹ̩ d	ɛ n t ɹ̩ d	s k æ m p ɹ̩ d	1	1	reg_d	reg_d	reg_d
model_stem	p iː r	p iː r d	p iː r d	h iː r	h ɹ̩ d	h ɹ̩ d	p ɹ̩ d	0	0	reg_d	reg_d	rhyme_replaced
model_stem	ʃ æ m p uː	ʃ æ m p uː d	ʃ æ m p uː d	ɑː r ɡ j uː	ɑː r ɡ j uː d	ɑː r ɡ j uː d	ʃ æ m p uː d	1	1	reg_d	reg_d	reg_d
model_stem	r e ɪ s	r e ɪ s t	r e ɪ s t	b e ɪ s	b e ɪ s t	b e ɪ s t	r e ɪ s t	1	1	reg_t	reg_t	reg_t
model_stem	s t r ɛ t͡ʃ	s t r ɛ t͡ʃ t	s t r ɛ t͡ʃ t	s k r æ t͡ʃ	s k r æ t͡ʃ t	s k r æ t͡ʃ t	s t r ɛ t͡ʃ t	1	1	reg_t	reg_t	reg_t
model_stem	k ə l æ p s	k ə l æ p s t	k ə l æ p s t	f o ʊ k ə s	f o ʊ k ə s t	f o ʊ k ə s t	k ə l æ p s t	1	1	reg_t	reg_t	reg_t
model_stem	d r ɪ f t	d r ɪ f t ə d	d r ɪ f t ə d	p e ɪ s t	p e ɪ s t ə d	p e ɪ s t ə d	d r ɪ f t ə d	1	1	reg_əd	reg_əd	reg_əd
model_stem	s t æ b	s t æ b d	s t æ b d	k l ʌ b	k l ʌ b d	k l ʌ b d	s t æ b d	1	1	reg_d	reg_d	reg_d
model_stem	t͡ʃ uː	t͡ʃ uː d	t͡ʃ uː d	b uː	b uː d	b uː d	t͡ʃ uː d	1	1	reg_d	reg_d	reg_d
model_stem	b ʌ b ə l	b ʌ b ə l d	b ʌ b ə l d	b æ b ə l	b æ b ə l d	b æ b ə l d	b ʌ b ə l d	1	1	reg_d	reg_d	reg_d
model_stem	s a ʊ ɹ̩	s a ʊ ɹ̩ d	s a ʊ ɹ̩ d	t a ʊ ɹ̩	t a ʊ ɹ̩ d	t a ʊ ɹ̩ d	s a ʊ ɹ̩ d	1	1	reg_d	reg_d	reg_d
model_stem	s t æ m p	s t æ m p t	s t æ m p t	t r æ m p	t r æ m p t	t r æ m p t	s t æ m p t	1	1	reg_t	reg_t	reg_t
model_stem	d͡ʒ ɹ̩ k	d͡ʒ ɹ̩ k t	d͡ʒ ɹ̩ k t	w ɹ̩ k	w ɹ̩ k t	w ɹ̩ k t	d͡ʒ ɹ̩ k t	1	1	reg_t	reg_t	reg_t
model_stem	s ɔ	s ɔ d	s ɔ d	θ ɔ	θ ɔ d	θ ɔ d	s ɔ d	1	1	reg_d	reg_d	reg_d
model_stem	f l ɪ p	f l ɪ p t	f l ɪ p t	s l ɪ p	s l ɪ p t	s l ɪ p t	f l ɪ p t	1	1	reg_t	reg_t	reg_t
model_stem	h iː l	h iː l d	h ɹ̩ l d	s iː l	s iː l d	s iː l d	h iː l d	0	1	reg_d	vowel_change_suffix	reg_d
model_stem	s k r iː m	s k r iː m d	s k r iː m d	s t ɔ r m	s t ɔ r m d	s t ɔ r m d	s k r iː m d	1	1	reg_d	reg_d	reg_d
model_stem	h ʊ k	h ʊ k t	h ʊ k t	b ʊ k	b ʊ k t	b ʊ k t	h ʊ k t	1	1	reg_t	reg_t	reg_t
model_stem	p ɪ t	p ɪ t ə d	p ɪ t ə d	p ʊ t	p ʊ t	p ʊ t	p ɪ t	0	0	reg_əd	reg_əd	no_change
model_stem	t r ʌ b ə l	t r ʌ b ə l d	t r ʌ b ə l d	m ɑː r b ə l	m ɑː r b ə l d	m ɑː r b ə l d	t r ʌ b ə l d	1	1	reg_d	reg_d	reg_d
model_stem	ɪ m p r ə v a ɪ z	ɪ m p r ə v a ɪ z d	ɪ m p r o ʊ z d	ə p ɑː l ə d͡ʒ a ɪ z	ə p ɑː l ə d͡ʒ a ɪ z d	ə p ɑː l ə d͡ʒ a ɪ z d	ɪ m p r ə v a ɪ z d	0	1	reg_d	other	reg_d
model_stem	n e ɪ l	n e ɪ l d	n e ɪ l d	d͡ʒ e ɪ l	d͡ʒ e ɪ l d	d͡ʒ e ɪ l d	n e ɪ l d	1	1	reg_d	reg_d	reg_d
model_stem	b a ɪ k	b a ɪ k t	b a ɪ k t	h a ɪ k	h a ɪ k t	h a ɪ k t	b a ɪ k t	1	1	reg_t	reg_t	reg_t
model_stem	l ɑː k	l ɑː k t	l ɑː k t	r ɑː k	r ɑː k t	r ɑː k t	l ɑː k t	1	1	reg_t	reg_t	reg_t
model_stem	r ɛ s t	r ɛ s t ə d	r ɛ s t ə d	b ɛ s t	b ɛ s t ə d	b ɛ s t ə d	r ɛ s t ə d	1	1	reg_əd	reg_əd	reg_əd
model_stem	b iː p	b iː p t	b iː p t	k iː p	k ɛ p t	k ɛ p t	b ɛ p t	0	0	reg_t	reg_t	vowel_change_suffix
model_stem	s ɪ p	s ɪ p t	s æ p t	r ɪ p	r ɪ p t	r ɪ p t	s ɪ p t	0	1	reg_t	vowel_change_suffix	reg_t
model_stem	ɪ s k e ɪ p	ɪ s k e ɪ p t	ɪ s k e ɪ p t	s k r e ɪ p	s k r e ɪ p t	s k r e ɪ p t	ɪ s k e ɪ p t	1	1	reg_t	reg_t	reg_t
model_stem	k ə n t r o ʊ l	k ə n t r o ʊ l d	k ə n t r o ʊ l d	b a ɪ s ɪ k ə l	b a ɪ s ɪ k ə l d	b a ɪ s ɪ k ə l d	k ə n t r o ʊ l d	1	1	reg_d	reg_d	reg_d
model_stem	h ʌ d ə l	h ʌ d ə l d	h ʌ d ə l d	k ʌ d ə l	k ʌ d ə l d	k ʌ d ə l d	h ʌ d ə l d	1	1	reg_d	reg_d	reg_d
model_stem	s w uː ʃ	s w uː ʃ t	s w uː ʃ t	s w ɪ ʃ	s w ɪ ʃ t	s w ɪ ʃ t	s w uː ʃ t	1	1	reg_t	reg_t	reg_t
model_stem	f a ɪ n d	f a ʊ n d	f a ɪ n d ə d	m a ɪ n d	m a ɪ n d ə d	m a ɪ n d ə d	f a ɪ n d ə d	1	0	vowel_change	reg_əd	reg_əd
model_stem	k ɔ ɪ l	k ɔ ɪ l d	k ɔ ɪ l d	k r ɔ l	k r ɔ l d	k r ɔ l d	k ɔ ɪ l d	1	1	reg_d	reg_d	reg_d
model_stem	r ə f ɹ̩	r ə f ɹ̩ d	r ə f ɹ̩ d	f a ɪ ɹ̩	f a ɪ ɹ̩ d	f a ɪ ɹ̩ d	r ə f ɹ̩ d	1	1	reg_d	reg_d	reg_d
model_stem	ʃ e ɪ v	ʃ e ɪ v d	ʃ e ɪ v d	s e ɪ v	s e ɪ v d	s e ɪ v d	ʃ e ɪ v d	1	1	reg_d	reg_d	reg_d
model_stem	d ɪ s k r a ɪ b	d ɪ s k r a ɪ b d	d ɪ s k r o ʊ b d	s p r ɪ ŋ k ə l	s p r ɪ ŋ k ə l d	s p r ɪ ŋ k ə l d	d ɪ s k r a ɪ b d	0	1	reg_d	vowel_change_suffix	reg_d
model_stem	p r iː z ɛ n t	p r iː z ɛ n t ə d	p r iː z ɛ n t ə d	p r ɪ v ɛ n t	p r ɪ v ɛ n t ə d	p r ɪ v ɛ n t ə d	p r iː z ɛ n t ə d	1	1	reg_əd	reg_əd	reg_əd
model_stem	ɪ ɡ z ɪ s t	ɪ ɡ z ɪ s t ə d	ɪ ɡ z ɪ s t ə d	ɪ n s ɪ s t	ɪ n s ɪ s t ə d	ɪ n s ɪ s t ə d	ɪ ɡ z ɪ s t ə d	1	1	reg_əd	reg_əd	reg_əd
model_stem	b ɔ r	b ɔ r d	b ɔ r d	r ɔ r	r ɔ r d	r ɔ r d	b ɔ r d	1	1	reg_d	reg_d	reg_d
model_stem	uː z	uː z d	uː z d	d uː	d ɪ d	d ɪ d	NA	0	0	reg_d	reg_d	vowel_change_suffix
model_stem	r ɑː b	r ɑː b d	r ɑː b d	r ʌ b	r ʌ b d	r ʌ b d	r ɑː b d	1	1	reg_d	reg_d	reg_d
model_stem	t r æ p	t r æ p t	t r æ p t	p l ɑː p	p l ɑː p t	p l ɑː p t	t r æ p t	1	1	reg_t	reg_t	reg_t
model_stem	b æ ʃ	b æ ʃ t	b æ ʃ t	m æ ʃ	m æ ʃ t	m æ ʃ t	b æ ʃ t	1	1	reg_t	reg_t	reg_t
model_stem	æ k t	æ k t ə d	æ k t ə d	b uː t	b uː t ə d	b uː t ə d	æ k t ə d	1	1	reg_əd	reg_əd	reg_əd
model_stem	s t o ʊ n	s t o ʊ n d	s t o ʊ n d	d r a ʊ n	d r a ʊ n d	d r a ʊ n d	s t o ʊ n d	1	1	reg_d	reg_d	reg_d
model_stem	f l ɪ ŋ	f l ʌ ŋ	f l ʌ ŋ	k l ɪ ŋ	k l ʌ ŋ	k l ʌ ŋ	f l ʌ ŋ	1	1	vowel_change	vowel_change	vowel_change
model_stem	k w ɪ t	k w ɪ t	k w ɪ t	k ɑː s t	k ɑː s t	k ɑː s t	k w ɪ t	1	1	no_change	no_change	no_change
model_stem	p r ə f ɹ̩	p r ə f ɹ̩ d	p r ə f ɹ̩ d	f ɪ ɡ j ɹ̩	f ɪ ɡ j ɹ̩ d	f ɪ ɡ j ɹ̩ d	p r ə f ɹ̩ d	1	1	reg_d	reg_d	reg_d
model_stem	ə n l ɑː k	ə n l ɑː k t	ə n l ɑː k t	p l ʌ ŋ k	p l ʌ ŋ k t	p l ʌ ŋ k t	ə n l ɑː k t	1	1	reg_t	reg_t	reg_t
model_stem	m æ n ə d͡ʒ	m æ n ə d͡ʒ d	m æ n ə d͡ʒ d	p æ k ɪ d͡ʒ	p æ k ɪ d͡ʒ d	p æ k ɪ d͡ʒ d	m æ n ə d͡ʒ d	1	1	reg_d	reg_d	reg_d
model_stem	s ɛ n t ɹ̩	s ɛ n t ɹ̩ d	s ɛ n t ɹ̩ d	ʃ ɛ l t ɹ̩	ʃ ɛ l t ɹ̩ d	ʃ ɛ l t ɹ̩ d	s ɛ n t ɹ̩ d	1	1	reg_d	reg_d	reg_d
model_stem	s p ɑː t	s p ɑː t ə d	s p ɑː t ə d	s w ɑː t	s w ɑː t ə d	s w ɑː t ə d	s p ɑː t ə d	1	1	reg_əd	reg_əd	reg_əd
model_stem	m o ʊ	m o ʊ d	m o ʊ d	s o ʊ	s o ʊ d	s o ʊ d	m o ʊ d	1	1	reg_d	reg_d	reg_d
model_stem	t æ t uː	t æ t uː d	t æ t uː d	k ə n uː	k ə n uː d	k ə n uː d	t æ t uː d	1	1	reg_d	reg_d	reg_d
model_stem	s a ɪ z	s a ɪ z d	s a ɪ z d	r a ɪ z	r o ʊ z	r o ʊ z	s o ʊ z	0	0	reg_d	reg_d	vowel_change
model_stem	p ɹ̩ f ɛ k t	p ɹ̩ f ɛ k t ə d	p ɹ̩ f ɛ k t ə d	k ə n ɛ k t	k ə n ɛ k t ə d	k ə n ɛ k t ə d	p ɹ̩ f ɛ k t ə d	1	1	reg_əd	reg_əd	reg_əd
model_stem	t r e ɪ n	t r e ɪ n d	t r e ɪ n d	p l e ɪ n	p l e ɪ n d	p l e ɪ n d	t r e ɪ n d	1	1	reg_d	reg_d	reg_d
model_stem	p ʌ n ɪ ʃ	p ʌ n ɪ ʃ t	p ʌ n ɪ ʃ t	p ɑː l ɪ ʃ	p ɑː l ɪ ʃ t	p ɑː l ɪ ʃ t	p ʌ n ɪ ʃ t	1	1	reg_t	reg_t	reg_t
model_stem	l uː s	l uː s t	l uː s t	m ɛ s	m ɛ s t	m ɛ s t	l uː s t	1	1	reg_t	reg_t	reg_t
model_stem	t ɑː p ə l	t ɑː p ə l d	t ɑː p ə l d	t ɪ k ə l	t ɪ k ə l d	t ɪ k ə l d	t ɑː p ə l d	1	1	reg_d	reg_d	reg_d
model_stem	s k r æ p	s k r æ p t	s k r æ p t	s t r æ p	s t r æ p t	s t r æ p t	s k r æ p t	1	1	reg_t	reg_t	reg_t
model_stem	k r æ m	k r æ m d	k r æ m d	r o ʊ m	r o ʊ m d	r o ʊ m d	k r æ m d	1	1	reg_d	reg_d	reg_d
model_stem	p ɪ t͡ʃ	p ɪ t͡ʃ t	p ɪ t͡ʃ t	p æ t͡ʃ	p æ t͡ʃ t	p æ t͡ʃ t	p ɪ t͡ʃ t	1	1	reg_t	reg_t	reg_t
model_stem	s m æ ʃ	s m æ ʃ t	s m æ ʃ t	b l ʌ ʃ	b l ʌ ʃ t	b l ʌ ʃ t	s m æ ʃ t	1	1	reg_t	reg_t	reg_t
model_stem	f e ɪ l	f e ɪ l d	f e ɪ l d	f a ɪ l	f a ɪ l d	f a ɪ l d	f e ɪ l d	1	1	reg_d	reg_d	reg_d
model_stem	b l o ʊ t	b l o ʊ t ə d	b l o ʊ t ə d	f l o ʊ t	f l o ʊ t ə d	f l o ʊ t ə d	b l o ʊ t ə d	1	1	reg_əd	reg_əd	reg_əd
model_stem	s k w iː k	s k w iː k t	s k w iː k t	s m o ʊ k	s m o ʊ k t	s m o ʊ k t	s k w iː k t	1	1	reg_t	reg_t	reg_t
model_stem	s k ɹ̩ t	s k ɹ̩ t ə d	s k ɹ̩ t ə d	f l ɹ̩ t	f l ɹ̩ t ə d	f l ɹ̩ t ə d	s k ɹ̩ t ə d	1	1	reg_əd	reg_əd	reg_əd
model_stem	b l ɪ ŋ k	b l ɪ ŋ k t	b l æ ŋ k	ʃ r ɪ ŋ k	ʃ r æ ŋ k	ʃ r æ ŋ k	b l æ ŋ k	1	0	reg_t	vowel_change	vowel_change
model_stem	w æ ɡ	w æ ɡ d	w æ ɡ d	ɡ æ ɡ	ɡ æ ɡ d	ɡ æ ɡ d	w æ ɡ d	1	1	reg_d	reg_d	reg_d
model_stem	h æ t͡ʃ	h æ t͡ʃ t	h æ t͡ʃ t	m æ t͡ʃ	m æ t͡ʃ t	m æ t͡ʃ t	h æ t͡ʃ t	1	1	reg_t	reg_t	reg_t
model_stem	h a ʊ z	h a ʊ z d	h a ʊ z d	n o ʊ z	n o ʊ z d	n o ʊ z d	h a ʊ z d	1	1	reg_d	reg_d	reg_d
model_stem	w ɑː f ə l	w ɑː f ə l d	w ɑː f ə l d	r ʌ f ə l	r ʌ f ə l d	r ʌ f ə l d	w ɑː f ə l d	1	1	reg_d	reg_d	reg_d
model_stem	b ʌ t ə n	b ʌ t ə n d	b ʌ t ə n d	r ɛ k ə n	r ɛ k ə n d	r ɛ k ə n d	b ʌ t ə n d	1	1	reg_d	reg_d	reg_d
model_stem	k ɹ̩ iː n	k ɹ̩ iː n d	k ɹ̩ iː n d	k l iː n	k l iː n d	k l iː n d	k ɹ̩ iː n d	1	1	reg_d	reg_d	reg_d
model_stem	s t r ɪ p	s t r ɪ p t	s t r æ p t	s w a ɪ p	s w a ɪ p t	s w a ɪ p t	s t r ɪ p t	0	1	reg_t	vowel_change_suffix	reg_t
model_stem	p r a ɪ z	p r a ɪ z d	p r a ɪ z	ə r a ɪ z	ə r o ʊ z	ə r o ʊ z	p r o ʊ z	0	0	reg_d	no_change	vowel_change
model_stem	k ə n f j uː z	k ə n f j uː z d	k ə n f j uː z d	ɪ k s k j uː z	ɪ k s k j uː z d	ɪ k s k j uː z d	k ə n f j uː z d	1	1	reg_d	reg_d	reg_d
model_stem	p l ʌ ɡ	p l ʌ ɡ d	p l ʌ ɡ d	s l ʌ ɡ	s l ʌ ɡ d	s l ʌ ɡ d	p l ʌ ɡ d	1	1	reg_d	reg_d	reg_d
model_stem	k ɹ̩ s	k ɹ̩ s t	k ɹ̩ s t	n ɹ̩ s	n ɹ̩ s t	n ɹ̩ s t	k ɹ̩ s t	1	1	reg_t	reg_t	reg_t
model_stem	f e ɪ n t	f e ɪ n t ə d	f e ɪ n t ə d	p e ɪ n t	p e ɪ n t ə d	p e ɪ n t ə d	f e ɪ n t ə d	1	1	reg_əd	reg_əd	reg_əd
model_stem	r iː p l e ɪ s	r iː p l e ɪ s t	r iː p l e ɪ s t	p r æ k t ɪ s	p r æ k t ɪ s t	p r æ k t ɪ s t	r iː p l e ɪ s t	1	1	reg_t	reg_t	reg_t
model_stem	ɡ ɑː r d	ɡ ɑː r d ə d	ɡ ɑː r d ə d	w uː n d	w uː n d ə d	w uː n d ə d	ɡ ɑː r d ə d	1	1	reg_əd	reg_əd	reg_əd
model_stem	ɡ l ʌ v	ɡ l ʌ v d	ɡ l ʌ v d	s ɑː l v	s ɑː l v d	s ɑː l v d	ɡ l ʌ v d	1	1	reg_d	reg_d	reg_d
model_stem	s ɔ l t	s ɔ l t ə d	s ɔ l t ə d	s ɔ r t	s ɔ r t ə d	s ɔ r t ə d	s ɔ l t ə d	1	1	reg_əd	reg_əd	reg_əd
model_stem	s t ɛ r	s t ɛ r d	s t ɛ r d	ɡ l ɛ r	ɡ l ɛ r d	ɡ l ɛ r d	s t ɛ r d	1	1	reg_d	reg_d	reg_d
model_stem	k ə m b a ɪ n	k ə m b a ɪ n d	k ə m b a ɪ n d	ə n b ʌ t ə n	ə n b ʌ t ə n d	ə n b ʌ t ə n d	k ə m b a ɪ n d	1	1	reg_d	reg_d	reg_d
model_stem	f r ʌ n t	f r ʌ n t ə d	f r ʌ n t ə d	f l o ʊ t	f l o ʊ t ə d	f l o ʊ t ə d	f r ʌ n t ə d	1	1	reg_əd	reg_əd	reg_əd
model_stem	ɡ ɑː r b ə l	ɡ ɑː r b ə l d	ɡ ɑː r b ə l d	r ʌ m b ə l	r ʌ m b ə l d	r ʌ m b ə l d	ɡ ɑː r b ə l d	1	1	reg_d	reg_d	reg_d
model_stem	p æ m p ɹ̩	p æ m p ɹ̩ d	p æ m p ɹ̩ d	f ɪ ŋ ɡ ɹ̩	f ɪ ŋ ɡ ɹ̩ d	f ɪ ŋ ɡ ɹ̩ d	p æ m p ɹ̩ d	1	1	reg_d	reg_d	reg_d
model_stem	f iː r	f iː r d	f ɛ r d	h iː r	h ɹ̩ d	h ɹ̩ d	f ɹ̩ d	0	0	reg_d	vowel_change_suffix	rhyme_replaced
model_stem	ʃ ʌ v ə l	ʃ ʌ v ə l d	ʃ ʌ v ə l d	ʃ ʌ f ə l	ʃ ʌ f ə l d	ʃ ʌ f ə l d	ʃ ʌ v ə l d	1	1	reg_d	reg_d	reg_d
model_stem	s k ɛ d͡ʒ ʊ l	s k ɛ d͡ʒ ʊ l d	s k ɛ d͡ʒ ɛ l d	b ʌ n d ə l	b ʌ n d ə l d	b ʌ n d ə l d	s k ɛ d͡ʒ ʊ l d	0	1	reg_d	vowel_change_suffix	reg_d
model_stem	f l ʌ t ɹ̩	f l ʌ t ɹ̩ d	f l ʌ t ɹ̩ d	k l ʌ t ɹ̩	k l ʌ t ɹ̩ d	k l ʌ t ɹ̩ d	f l ʌ t ɹ̩ d	1	1	reg_d	reg_d	reg_d
model_stem	s p ɑː r k ə l	s p ɑː r k ə l d	s p ɑː r k ə l d	k r ʌ m p ə l	k r ʌ m p ə l d	k r ʌ m p ə l d	s p ɑː r k ə l d	1	1	reg_d	reg_d	reg_d
model_stem	r ɪ s p ɑː n d	r ɪ s p ɑː n d ə d	r ɪ s p ɑː n d ə d	d ɪ s k ɑː r d	d ɪ s k ɑː r d ə d	d ɪ s k ɑː r d ə d	r ɪ s p ɑː n d ə d	1	1	reg_əd	reg_əd	reg_əd
model_stem	t æ t ɹ̩	t æ t ɹ̩ d	t æ t ɹ̩ d	t iː t ɹ̩	t iː t ɹ̩ d	t iː t ɹ̩ d	t æ t ɹ̩ d	1	1	reg_d	reg_d	reg_d
model_stem	p ɑː k ə t	p ɑː k ə t ə d	p ɑː k ə t ə d	r ɑː k ə t	r ɑː k ə t ə d	r ɑː k ə t ə d	p ɑː k ə t ə d	1	1	reg_əd	reg_əd	reg_əd
model_stem	d͡ʒ æ ŋ ɡ ə l	d͡ʒ æ ŋ ɡ ə l d	d͡ʒ æ ŋ ɡ ə l d	d æ ŋ ɡ ə l	d æ ŋ ɡ ə l d	d æ ŋ ɡ ə l d	d͡ʒ æ ŋ ɡ ə l d	1	1	reg_d	reg_d	reg_d
model_stem	p iː p	p iː p t	p iː p t	l iː p	l ɛ p t	l ɛ p t	p ɛ p t	0	0	reg_t	reg_t	vowel_change_suffix
model_stem	æ k s ɛ s ɹ̩ a ɪ z	æ k s ɛ s ɹ̩ a ɪ z d	æ s ɛ s ɛ s a ɪ z d	s ɪ m b ə l a ɪ z	s ɪ m b ə l a ɪ z d	s ɪ m b ə l a ɪ z d	æ k s ɛ s ɹ̩ a ɪ z d	0	1	reg_d	other	reg_d
model_stem	r ɛ d͡ʒ ɪ s t ɹ̩	r ɛ d͡ʒ ɪ s t ɹ̩ d	r ɛ d͡ʒ ɪ s t ɹ̩ d	s p l ɪ n t ɹ̩	s p l ɪ n t ɹ̩ d	s p l ɪ n t ɹ̩ d	r ɛ d͡ʒ ɪ s t ɹ̩ d	1	1	reg_d	reg_d	reg_d
model_stem	ɡ l o ʊ	ɡ l o ʊ d	ɡ l uː	ɡ r o ʊ	ɡ r uː	ɡ r uː	ɡ l uː	1	0	reg_d	vowel_change	vowel_change
model_stem	k ɑː m ɛ n t	k ɑː m ɛ n t ə d	k ɑː m ɛ n t ə d	d ɪ p ɑː r t	d ɪ p ɑː r t ə d	d ɪ p ɑː r t ə d	k ɑː m ɛ n t ə d	1	1	reg_əd	reg_əd	reg_əd
model_stem	r ə f j uː z	r ə f j uː z d	r ə f j uː z d	v æ k j uː m	v æ k j uː m d	v æ k j uː m d	r ə f j uː z d	1	1	reg_d	reg_d	reg_d
model_stem	w ɛ d	w ɛ d	w ɛ d ə d	w iː d	w iː d ə d	w iː d ə d	w ɛ d ə d	1	0	no_change	reg_əd	reg_əd
model_stem	d a ʊ n	d a ʊ n d	d a ʊ n d	m o ʊ n	m o ʊ n d	m o ʊ n d	d a ʊ n d	1	1	reg_d	reg_d	reg_d
model_stem	t͡ʃ ɪ p	t͡ʃ ɪ p t	t͡ʃ ɪ p t	n ɪ p	n ɪ p t	n ɪ p t	t͡ʃ ɪ p t	1	1	reg_t	reg_t	reg_t
model_stem	d ɹ̩ ɛ k t	d ɹ̩ ɛ k t ə d	d ɹ̩ ɛ k t ə d	k ɹ̩ ɛ k t	k ɹ̩ ɛ k t ə d	k ɹ̩ ɛ k t ə d	d ɹ̩ ɛ k t ə d	1	1	reg_əd	reg_əd	reg_əd
model_stem	d ɪ f ɛ n d	d ɪ f ɛ n d ə d	d ɪ f ɛ n d ə d	d ɪ p ɛ n d	d ɪ p ɛ n d ə d	d ɪ p ɛ n d ə d	d ɪ f ɛ n d ə d	1	1	reg_əd	reg_əd	reg_əd
model_stem	p a ʊ n d	p a ʊ n d ə d	p a ʊ n d ə d	r a ʊ n d	r a ʊ n d ə d	r a ʊ n d ə d	p a ʊ n d ə d	1	1	reg_əd	reg_əd	reg_əd
model_stem	d r e ɪ p	d r e ɪ p t	d r e ɪ p t	w ɹ̩ ʃ ɪ p	w ɹ̩ ʃ ɪ p t	w ɹ̩ ʃ ɪ p t	d r e ɪ p t	1	1	reg_t	reg_t	reg_t
model_stem	k ə n t e ɪ n	k ə n t e ɪ n d	k ə n t e ɪ n d	f r a ɪ t ə n	f r a ɪ t ə n d	f r a ɪ t ə n d	k ə n t e ɪ n d	1	1	reg_d	reg_d	reg_d
model_stem	s iː z ə n	s iː z ə n d	s iː z ə n d	k ʊ ʃ ə n	k ʊ ʃ ə n d	k ʊ ʃ ə n d	s iː z ə n d	1	1	reg_d	reg_d	reg_d
model_stem	k r a ʊ t͡ʃ	k r a ʊ t͡ʃ t	k r a ʊ t͡ʃ t	k r ʌ n t͡ʃ	k r ʌ n t͡ʃ t	k r ʌ n t͡ʃ t	k r a ʊ t͡ʃ t	1	1	reg_t	reg_t	reg_t
model_stem	h ɪ p n ə t a ɪ z	h ɪ p n ə t a ɪ z d	h ɪ t ə t ə d	ə p ɑː l ə d͡ʒ a ɪ z	ə p ɑː l ə d͡ʒ a ɪ z d	ə p ɑː l ə d͡ʒ a ɪ z d	h ɪ p n ə t a ɪ z d	0	1	reg_d	other	reg_d
model_stem	k ə n d ɛ n s	k ə n d ɛ n s t	k ə n d ɛ n s t	k ə n v ɪ n s	k ə n v ɪ n s t	k ə n v ɪ n s t	k ə n d ɛ n s t	1	1	reg_t	reg_t	reg_t
model_stem	k r æ ŋ k	k r æ ŋ k t	k r æ ŋ k	b r e ɪ k	b r o ʊ k	b r o ʊ k	NA	0	0	reg_t	no_change	vowel_change
model_stem	k l a ʊ d	k l a ʊ d ə d	k l a ʊ d ə d	k r a ʊ d	k r a ʊ d ə d	k r a ʊ d ə d	k l a ʊ d ə d	1	1	reg_əd	reg_əd	reg_əd
model_stem	r e ɪ d	r e ɪ d ə d	r e ɪ d ə d	f e ɪ d	f e ɪ d ə d	f e ɪ d ə d	r e ɪ d ə d	1	1	reg_əd	reg_əd	reg_əd
model_stem	f ɪ l t ɹ̩	f ɪ l t ɹ̩ d	f ɪ l t ɹ̩ d	ʃ ɛ l t ɹ̩	ʃ ɛ l t ɹ̩ d	ʃ ɛ l t ɹ̩ d	f ɪ l t ɹ̩ d	1	1	reg_d	reg_d	reg_d
model_stem	t æ ŋ ɡ ə l	t æ ŋ ɡ ə l d	t æ ŋ ɡ ə l d	d æ ŋ ɡ ə l	d æ ŋ ɡ ə l d	d æ ŋ ɡ ə l d	t æ ŋ ɡ ə l d	1	1	reg_d	reg_d	reg_d
model_stem	p l æ s t ɹ̩	p l æ s t ɹ̩ d	p l æ s t ɹ̩ d	ə n k ʌ v ɹ̩	ə n k ʌ v ɹ̩ d	ə n k ʌ v ɹ̩ d	p l æ s t ɹ̩ d	1	1	reg_d	reg_d	reg_d
model_stem	ʃ e ɪ d	ʃ e ɪ d ə d	ʃ e ɪ d ə d	f e ɪ d	f e ɪ d ə d	f e ɪ d ə d	ʃ e ɪ d ə d	1	1	reg_əd	reg_əd	reg_əd
model_stem	t r ʌ s t	t r ʌ s t ə d	t r ʌ s t ə d	b l æ s t	b l æ s t ə d	b l æ s t ə d	t r ʌ s t ə d	1	1	reg_əd	reg_əd	reg_əd
model_stem	s æ n d	s æ n d ə d	s æ n t ə d	h æ n d	h æ n d ə d	h æ n d ə d	s æ n d ə d	0	1	reg_əd	other	reg_əd
model_stem	d ɪ z ɑː l v	d ɪ z ɑː l v d	d ɪ z ɑː l v d	b ɪ h e ɪ v	b ɪ h e ɪ v d	b ɪ h e ɪ v d	d ɪ z ɑː l v d	1	1	reg_d	reg_d	reg_d
model_stem	r æ k	r æ k t	r æ k t	d͡ʒ æ k	d͡ʒ æ k t	d͡ʒ æ k t	r æ k t	1	1	reg_t	reg_t	reg_t
model_stem	ʃ ɛ l	ʃ ɛ l d	ʃ ɛ l d	j ɛ l	j ɛ l d	j ɛ l d	ʃ ɛ l d	1	1	reg_d	reg_d	reg_d
model_stem	s w ɑː p	s w ɑː p t	s w ɑː p t	p l ɑː p	p l ɑː p t	p l ɑː p t	s w ɑː p t	1	1	reg_t	reg_t	reg_t
model_stem	r iː l iː s	r iː l iː s t	r iː l iː s t	b a ʊ n s	b a ʊ n s t	b a ʊ n s t	r iː l iː s t	1	1	reg_t	reg_t	reg_t
model_stem	r e ɪ k	r e ɪ k t	r e ɪ k t	b e ɪ k	b e ɪ k t	b e ɪ k t	r e ɪ k t	1	1	reg_t	reg_t	reg_t
model_stem	k æ n s ə l	k æ n s ə l d	k æ n s ə l d	h æ n d ə l	h æ n d ə l d	h æ n d ə l d	k æ n s ə l d	1	1	reg_d	reg_d	reg_d
model_stem	s p a ɪ	s p a ɪ d	s p a ɪ d	p r a ɪ	p r a ɪ d	p r a ɪ d	s p a ɪ d	1	1	reg_d	reg_d	reg_d
model_stem	f j uː m	f j uː m d	f j uː m d	ə s uː m	ə s uː m d	ə s uː m d	f j uː m d	1	1	reg_d	reg_d	reg_d
model_stem	p r iː p ɛ r	p r iː p ɛ r d	p r iː p ɛ r d	d ɪ k l ɛ r	d ɪ k l ɛ r d	d ɪ k l ɛ r d	p r iː p ɛ r d	1	1	reg_d	reg_d	reg_d
model_stem	d ɪ s p o ʊ z	d ɪ s p o ʊ z d	d ɪ s p o ʊ z d	b ʊ l d o ʊ z	b ʊ l d o ʊ z d	b ʊ l d o ʊ z d	d ɪ s p o ʊ z d	1	1	reg_d	reg_d	reg_d
model_stem	k ə n d ʌ k t	k ə n d ʌ k t ə d	k ə n d ʌ k t ə d	d͡ʒ ɛ n ɹ̩ e ɪ t	d͡ʒ ɛ n ɹ̩ e ɪ t ə d	d͡ʒ ɛ n ɹ̩ e ɪ t ə d	k ə n d ʌ k t ə d	1	1	reg_əd	reg_əd	reg_əd
model_stem	s t ɪ ŋ k	s t ʌ ŋ k	s t ʌ ŋ k t	s p a ɪ k	s p a ɪ k t	s p a ɪ k t	s t ɪ ŋ k t	0	0	vowel_change	vowel_change_suffix	reg_t
model_stem	d r e ɪ n	d r e ɪ n d	d r e ɪ n d	p l e ɪ n	p l e ɪ n d	p l e ɪ n d	d r e ɪ n d	1	1	reg_d	reg_d	reg_d
model_stem	ə n p l ʌ ɡ	ə n p l ʌ ɡ d	ə n p l ʌ ɡ d	z ɪ ɡ z æ ɡ	z ɪ ɡ z æ ɡ d	z ɪ ɡ z æ ɡ d	ə n p l ʌ ɡ d	1	1	reg_d	reg_d	reg_d
model_stem	h æ l o ʊ	h æ l o ʊ d	h æ l o ʊ d	f ɑː l o ʊ	f ɑː l o ʊ d	f ɑː l o ʊ d	h æ l o ʊ d	1	1	reg_d	reg_d	reg_d
model_stem	ɪ n t ɹ̩ æ k t	ɪ n t ɹ̩ æ k t ə d	ɪ n t ɹ̩ æ k t ə d	d ɛ k ɹ̩ e ɪ t	d ɛ k ɹ̩ e ɪ t ə d	d ɛ k ɹ̩ e ɪ t ə d	ɪ n t ɹ̩ æ k t ə d	1	1	reg_əd	reg_əd	reg_əd
model_stem	ə b s ɛ s	ə b s ɛ s t	ə b b ɛ s t	ə d r ɛ s	ə d r ɛ s t	ə d r ɛ s t	ə b s ɛ s t	0	1	reg_t	other	reg_t
model_stem	s n æ t͡ʃ	s n æ t͡ʃ t	s n æ t͡ʃ t	p ʌ n t͡ʃ	p ʌ n t͡ʃ t	p ʌ n t͡ʃ t	s n æ t͡ʃ t	1	1	reg_t	reg_t	reg_t
model_stem	t æ p	t æ p t	t æ p t	n æ p	n æ p t	n æ p t	t æ p t	1	1	reg_t	reg_t	reg_t
model_stem	t r æ ʃ	t r æ ʃ t	t r æ ʃ t	b r ʌ ʃ	b r ʌ ʃ t	b r ʌ ʃ t	t r æ ʃ t	1	1	reg_t	reg_t	reg_t
model_stem	ʃ ɪ v ɹ̩	ʃ ɪ v ɹ̩ d	ʃ ɪ v ɹ̩ d	h æ m ɹ̩	h æ m ɹ̩ d	h æ m ɹ̩ d	ʃ ɪ v ɹ̩ d	1	1	reg_d	reg_d	reg_d
model_stem	r iː f ɪ l	r iː f ɪ l d	r iː f ɪ l d	s p ɔ ɪ l	s p ɔ ɪ l d	s p ɔ ɪ l d	r iː f ɪ l d	1	1	reg_d	reg_d	reg_d
model_stem	d ʌ b	d ʌ b d	d ʌ b d	r ʌ b	r ʌ b d	r ʌ b d	d ʌ b d	1	1	reg_d	reg_d	reg_d
model_stem	r ɪ p ɛ r	r ɪ p ɛ r d	r ɪ p ɛ r d	s k w ɛ r	s k w ɛ r d	s k w ɛ r d	r ɪ p ɛ r d	1	1	reg_d	reg_d	reg_d
model_stem	s t e ɪ k	s t e ɪ k t	s t e ɪ k t	s p a ɪ k	s p a ɪ k t	s p a ɪ k t	s t e ɪ k t	1	1	reg_t	reg_t	reg_t
model_stem	ɛ r	ɛ r d	ɛ r d	r ɔ r	r ɔ r d	r ɔ r d	ɛ r d	1	1	reg_d	reg_d	reg_d
model_stem	t r ʌ m p ə t	t r ʌ m p ə t ə d	t r ʌ m p ə t ə d	d͡ʒ ɛ n ɹ̩ e ɪ t	d͡ʒ ɛ n ɹ̩ e ɪ t ə d	d͡ʒ ɛ n ɹ̩ e ɪ t ə d	t r ʌ m p ə t ə d	1	1	reg_əd	reg_əd	reg_əd
model_stem	k l ɑː ɡ	k l ɑː ɡ d	k l ɑː ɡ d	s l ʌ ɡ	s l ʌ ɡ d	s l ʌ ɡ d	k l ɑː ɡ d	1	1	reg_d	reg_d	reg_d
model_stem	p a ʊ ɹ̩	p a ʊ ɹ̩ d	p a ʊ ɹ̩ d	p iː t ɹ̩	p iː t ɹ̩ d	p iː t ɹ̩ d	p a ʊ ɹ̩ d	1	1	reg_d	reg_d	reg_d
model_stem	ɪ ɡ z ɪ b ɪ t	ɪ ɡ z ɪ b ɪ t ə d	ɪ ɡ z ɪ b ɪ t ə d	p r ɪ d ɪ k t	p r ɪ d ɪ k t ə d	p r ɪ d ɪ k t ə d	ɪ ɡ z ɪ b ɪ t ə d	1	1	reg_əd	reg_əd	reg_əd
model_stem	e ɪ d͡ʒ	e ɪ d͡ʒ d	e ɪ d͡ʒ d	n ʌ d͡ʒ	n ʌ d͡ʒ d	n ʌ d͡ʒ d	e ɪ d͡ʒ d	1	1	reg_d	reg_d	reg_d
model_stem	t e ɪ b ə l	t e ɪ b ə l d	t e ɪ b ə l d	l e ɪ b ə l	l e ɪ b ə l d	l e ɪ b ə l d	t e ɪ b ə l d	1	1	reg_d	reg_d	reg_d
model_stem	r ɪ s p ɛ k t	r ɪ s p ɛ k t ə d	r ɪ s p ɛ k t ə d	ɪ k s p ɛ k t	ɪ k s p ɛ k t ə d	ɪ k s p ɛ k t ə d	r ɪ s p ɛ k t ə d	1	1	reg_əd	reg_əd	reg_əd
model_stem	m æ k s	m æ k s t	m æ k s t	m ɪ k s	m ɪ k s t	m ɪ k s t	m æ k s t	1	1	reg_t	reg_t	reg_t
model_stem	ɛ n æ k t	ɛ n æ k t ə d	ɛ n æ k t ə d	k ɹ̩ ɛ k t	k ɹ̩ ɛ k t ə d	k ɹ̩ ɛ k t ə d	ɛ n æ k t ə d	1	1	reg_əd	reg_əd	reg_əd
model_stem	m ɑː d ə f a ɪ	m ɑː d ə f a ɪ d	m ɑː d ə f a ɪ d	d ɪ s t r ɔ ɪ	d ɪ s t r ɔ ɪ d	d ɪ s t r ɔ ɪ d	m ɑː d ə f a ɪ d	1	1	reg_d	reg_d	reg_d
model_stem	f iː t͡ʃ ɹ̩	f iː t͡ʃ ɹ̩ d	f iː t͡ʃ ɹ̩ d	f ɛ ð ɹ̩	f ɛ ð ɹ̩ d	f ɛ ð ɹ̩ d	f iː t͡ʃ ɹ̩ d	1	1	reg_d	reg_d	reg_d
model_stem	w e ɪ l	w e ɪ l d	w e ɪ l d	s e ɪ l	s e ɪ l d	s e ɪ l d	w e ɪ l d	1	1	reg_d	reg_d	reg_d
model_stem	p ɹ̩ s	p ɹ̩ s t	p ɹ̩ s t	n ɹ̩ s	n ɹ̩ s t	n ɹ̩ s t	p ɹ̩ s t	1	1	reg_t	reg_t	reg_t
model_decision	s m a ɪ l	s m a ɪ l d	s m a ɪ l d	s p ɔ ɪ l	s p ɔ ɪ l d	s p ɔ ɪ l d	s m a ɪ l d	1	1	reg_d	reg_d	reg_d
model_decision	r iː d	r ɛ d	r iː d ə d	n iː d	n iː d ə d	n iː d ə d	r iː d ə d	1	0	vowel_change	reg_əd	reg_əd
model_decision	l a ɪ k	l a ɪ k t	l a ɪ k t	h a ɪ k	h a ɪ k t	h a ɪ k t	l a ɪ k t	1	1	reg_t	reg_t	reg_t
model_decision	ʃ o ʊ	ʃ o ʊ d	ʃ o ʊ d	r o ʊ	r o ʊ d	r o ʊ d	ʃ o ʊ d	1	1	reg_d	reg_d	reg_d
model_decision	b a ɪ t	b ɪ t	b a ɪ t ə d	ʃ a ʊ t	ʃ a ʊ t ə d	ʃ a ʊ t ə d	b a ɪ t ə d	1	0	vowel_change	reg_əd	reg_əd
model_decision	f l a ɪ	f l uː	f l a ɪ d	k r a ɪ	k r a ɪ d	k r a ɪ d	f l a ɪ d	1	0	vowel_change	reg_d	reg_d
model_decision	h o ʊ p	h o ʊ p t	h o ʊ p t	k o ʊ p	k o ʊ p t	k o ʊ p t	h o ʊ p t	1	1	reg_t	reg_t	reg_t
model_decision	o ʊ p ə n	o ʊ p ə n d	o ʊ p ə n d	l uː s ə n	l uː s ə n d	l uː s ə n d	o ʊ p ə n d	1	1	reg_d	reg_d	reg_d
model_decision	r ʌ n	r æ n	r ʌ n d	ɡ ʌ n	ɡ ʌ n d	ɡ ʌ n d	r ʌ n d	1	0	vowel_change	reg_d	reg_d
model_decision	t ɔ ɪ	t ɔ ɪ d	t ɔ t	s iː s ɔ	s iː s ɔ d	s iː s ɔ d	t ɔ ɪ d	0	1	reg_d	vowel_change_suffix	reg_d
model_decision	p l e ɪ	p l e ɪ d	p l e ɪ d	p r e ɪ	p r e ɪ d	p r e ɪ d	p l e ɪ d	1	1	reg_d	reg_d	reg_d
model_decision	w ɑː t͡ʃ	w ɑː t͡ʃ t	w ɑː t͡ʃ t	b iː t͡ʃ	b iː t͡ʃ t	b iː t͡ʃ t	w ɑː t͡ʃ t	1	1	reg_t	reg_t	reg_t
model_decision	r iː t͡ʃ	r iː t͡ʃ t	r iː t͡ʃ t	b iː t͡ʃ	b iː t͡ʃ t	b iː t͡ʃ t	r iː t͡ʃ t	1	1	reg_t	reg_t	reg_t
model_decision	æ s k	æ s k t	æ s k t	t ʌ k	t ʌ k t	t ʌ k t	æ s k t	1	1	reg_t	reg_t	reg_t
model_decision	s m ɛ l	s m ɛ l d	s m ɛ l d	s p ɛ l	s p ɛ l d	s p ɛ l d	s m ɛ l d	1	1	reg_d	reg_d	reg_d
model_decision	h æ ŋ	h ʌ ŋ	h æ ŋ d	b æ ŋ	b æ ŋ d	b æ ŋ d	h æ ŋ d	1	0	vowel_change	reg_d	reg_d
model_decision	r a ɪ d	r o ʊ d	r o ʊ d ə d	r a ɪ m	r o ʊ m	r a ɪ m d	NA	0	0	vowel_change	other	vowel_change
model_decision	s p ɪ l	s p ɪ l d	s p æ l d	s p ɪ n	s p ʌ n	s p ʌ n	NA	0	0	reg_d	vowel_change_suffix	vowel_change
model_decision	p ɔ r	p ɔ r d	p ɔ r d	ʃ ɔ r	ʃ ɔ r d	ʃ ɔ r d	p ɔ r d	1	1	reg_d	reg_d	reg_d
model_decision	b a ʊ	b a ʊ d	b ɔ t	b a ɪ	b ɔ t	b ɔ t	NA	0	0	reg_d	vowel_change_suffix	vowel_change_suffix
model_decision	t ʌ t͡ʃ	t ʌ t͡ʃ t	t ʌ t͡ʃ t	p æ t͡ʃ	p æ t͡ʃ t	p æ t͡ʃ t	t ʌ t͡ʃ t	1	1	reg_t	reg_t	reg_t
model_decision	k ɑː z	k ɑː z d	k ɑː z d	b ʌ z	b ʌ z d	b ʌ z d	k ɑː z d	1	1	reg_d	reg_d	reg_d
model_decision	s t r a ɪ k	s t r ʌ k	s t r a ɪ k t	s t r o ʊ k	s t r o ʊ k t	s t r o ʊ k t	s t r a ɪ k t	1	0	vowel_change	reg_t	reg_t
model_decision	h ɹ̩ t	h ɹ̩ t	h ɹ̩ t	h ɪ t	h ɪ t	h ɪ t	h ɹ̩ t	1	1	no_change	no_change	no_change
model_decision	h iː t	h iː t ə d	h ɹ̩ t	h iː r	h ɹ̩ d	h ɹ̩ d	NA	0	0	reg_əd	vowel_change	rhyme_replaced
model_decision	f l a ʊ ɹ̩	f l a ʊ ɹ̩ d	f l a ʊ ɹ̩ d	s k a ʊ ɹ̩	s k a ʊ ɹ̩ d	s k a ʊ ɹ̩ d	f l a ʊ ɹ̩ d	1	1	reg_d	reg_d	reg_d
model_decision	k l o ʊ z	k l o ʊ z d	k l o ʊ z d	b r a ʊ z	b r a ʊ z d	b r a ʊ z d	k l o ʊ z d	1	1	reg_d	reg_d	reg_d
model_decision	m a ɪ n	m a ɪ n d	m a ɪ n d	p a ɪ n	p a ɪ n d	p a ɪ n d	m a ɪ n d	1	1	reg_d	reg_d	reg_d
model_decision	v ɪ z ɪ t	v ɪ z ɪ t ə d	v ɪ z ɪ t ə d	s m ɑː r t	s m ɑː r t ə d	s m ɑː r t ə d	v ɪ z ɪ t ə d	1	1	reg_əd	reg_əd	reg_əd
model_decision	t e ɪ s t	t e ɪ s t ə d	t e ɪ s t ə d	w e ɪ s t	w e ɪ s t ə d	w e ɪ s t ə d	t e ɪ s t ə d	1	1	reg_əd	reg_əd	reg_əd
model_decision	b ʌ t ɹ̩	b ʌ t ɹ̩ d	b ʌ t ɹ̩ d	b ɛ t ɹ̩	b ɛ t ɹ̩ d	b ɛ t ɹ̩ d	b ʌ t ɹ̩ d	1	1	reg_d	reg_d	reg_d
model_decision	m e ɪ l	m e ɪ l d	m e ɪ l d	d͡ʒ e ɪ l	d͡ʒ e ɪ l d	d͡ʒ e ɪ l d	m e ɪ l d	1	1	reg_d	reg_d	reg_d
model_decision	d ɪ ŋ	d ɪ ŋ d	d ʌ ŋ	r ɪ ŋ	r æ ŋ	r æ ŋ	d æ ŋ	0	0	reg_d	vowel_change	vowel_change
model_decision	s t ɑː p	s t ɑː p t	s t ɑː p t	p l ɑː p	p l ɑː p t	p l ɑː p t	s t ɑː p t	1	1	reg_t	reg_t	reg_t
model_decision	ɪ k s a ɪ t	ɪ k s a ɪ t ə d	ɪ k s a ɪ t ə d	ɪ n v a ɪ t	ɪ n v a ɪ t ə d	ɪ n v a ɪ t ə d	ɪ k s a ɪ t ə d	1	1	reg_əd	reg_əd	reg_əd
model_decision	f r a ɪ	f r a ɪ d	f r a ɪ d	k r a ɪ	k r a ɪ d	k r a ɪ d	f r a ɪ d	1	1	reg_d	reg_d	reg_d
model_decision	s p iː k	s p o ʊ k	s p iː k t	s t ɔ k	s t ɔ k t	s t ɔ k t	s p iː k t	1	0	vowel_change	reg_t	reg_t
model_decision	s k r æ m b ə l	s k r æ m b ə l d	s k r æ m b ə l d	b a ɪ s ɪ k ə l	b a ɪ s ɪ k ə l d	b a ɪ s ɪ k ə l d	s k r æ m b ə l d	1	1	reg_d	reg_d	reg_d
model_decision	t͡ʃ ɛ k	t͡ʃ ɛ k t	t͡ʃ ɛ k t	r ɛ k	r ɛ k t	r ɛ k t	t͡ʃ ɛ k t	1	1	reg_t	reg_t	reg_t
model_decision	n ʌ m b ɹ̩	n ʌ m b ɹ̩ d	n ʌ m b ɹ̩ d	k l ɑː b ɹ̩	k l ɑː b ɹ̩ d	k l ɑː b ɹ̩ d	n ʌ m b ɹ̩ d	1	1	reg_d	reg_d	reg_d
model_decision	b ɛ n d	b ɛ n d ə d	b ɛ n t	s ɛ n d	s ɛ n t	s ɛ n t	b ɛ n t	1	0	reg_əd	coda_change	coda_change
model_decision	t ɔ s	t ɔ s t	t ɔ s t	k ɪ s	k ɪ s t	k ɪ s t	t ɔ s t	1	1	reg_t	reg_t	reg_t
model_decision	w ɪ s p ɹ̩	w ɪ s p ɹ̩ d	w ɪ s p ɹ̩ d	f ɪ ŋ ɡ ɹ̩	f ɪ ŋ ɡ ɹ̩ d	f ɪ ŋ ɡ ɹ̩ d	w ɪ s p ɹ̩ d	1	1	reg_d	reg_d	reg_d
model_decision	a ɪ	a ɪ d	a ɪ	ʃ a ɪ	ʃ a ɪ d	ʃ a ɪ d	a ɪ d	0	1	reg_d	no_change	reg_d
model_decision	p ɑː p	p ɑː p t	p ɑː p t	h ɑː p	h ɑː p t	h ɑː p t	p ɑː p t	1	1	reg_t	reg_t	reg_t
model_decision	ɪ ɡ z ɔ s t	ɪ ɡ z ɔ s t ə d	ɪ ɡ z ɔ s t ə d	d ɪ p ɑː r t	d ɪ p ɑː r t ə d	d ɪ p ɑː r t ə d	ɪ ɡ z ɔ s t ə d	1	1	reg_əd	reg_əd	reg_əd
model_decision	b ɪ l d	b ɪ l t	b ɪ l d ə d	l æ n d	l æ n d ə d	l æ n d ə d	b ɪ l d ə d	1	0	coda_change	reg_əd	reg_əd
model_decision	w ʌ n d ɹ̩	w ʌ n d ɹ̩ d	w ʌ n d ɹ̩ d	w ɑː n d ɹ̩	w ɑː n d ɹ̩ d	w ɑː n d ɹ̩ d	w ʌ n d ɹ̩ d	1	1	reg_d	reg_d	reg_d
model_decision	k r æ k	k r æ k t	k r æ k t	t r æ k	t r æ k t	t r æ k t	k r æ k t	1	1	reg_t	reg_t	reg_t
model_decision	n ɪ b ə l	n ɪ b ə l d	n ɪ b ə l d	k ʌ d ə l	k ʌ d ə l d	k ʌ d ə l d	n ɪ b ə l d	1	1	reg_d	reg_d	reg_d
model_decision	d ɪ l ɪ v ɹ̩	d ɪ l ɪ v ɹ̩ d	d ɪ l ɪ v ɹ̩ d	f l e ɪ v ɹ̩	f l e ɪ v ɹ̩ d	f l e ɪ v ɹ̩ d	d ɪ l ɪ v ɹ̩ d	1	1	reg_d	reg_d	reg_d
model_decision	s k ɛ r	s k ɛ r d	s k ɛ r d	ɡ l ɛ r	ɡ l ɛ r d	ɡ l ɛ r d	s k ɛ r d	1	1	reg_d	reg_d	reg_d
model_decision	ɔ f ɹ̩	ɔ f ɹ̩ d	ɔ f ɹ̩ d	ɔ θ ɹ̩	ɔ θ ɹ̩ d	ɔ θ ɹ̩ d	ɔ f ɹ̩ d	1	1	reg_d	reg_d	reg_d
model_decision	f l ɑː p	f l ɑː p t	f l ɑː p t	p l ɑː p	p l ɑː p t	p l ɑː p t	f l ɑː p t	1	1	reg_t	reg_t	reg_t
model_decision	ə p o ʊ z	ə p o ʊ z d	ə p o ʊ z d	b r a ʊ z	b r a ʊ z d	b r a ʊ z d	ə p o ʊ z d	1	1	reg_d	reg_d	reg_d
model_decision	k ʌ l ɹ̩	k ʌ l ɹ̩ d	k ʌ l ɹ̩ d	k ʌ v ɹ̩	k ʌ v ɹ̩ d	k ʌ v ɹ̩ d	k ʌ l ɹ̩ d	1	1	reg_d	reg_d	reg_d
model_decision	k æ m p	k æ m p t	k æ m p t	b ʌ m p	b ʌ m p t	b ʌ m p t	k æ m p t	1	1	reg_t	reg_t	reg_t
model_decision	s ɛ l	s o ʊ l d	s ɛ l d	j ɛ l	j ɛ l d	j ɛ l d	s ɛ l d	1	0	vowel_change_suffix	reg_d	reg_d
model_decision	f l æ p	f l æ p t	f l æ p t	k l æ p	k l æ p t	k l æ p t	f l æ p t	1	1	reg_t	reg_t	reg_t
model_decision	p r ɛ s	p r ɛ s t	p r ɛ s t	d r ɛ s	d r ɛ s t	d r ɛ s t	p r ɛ s t	1	1	reg_t	reg_t	reg_t
model_decision	f ɪ l	f ɪ l d	f ɪ l d	w ɪ l	w ɪ l d	w ɪ l d	f ɪ l d	1	1	reg_d	reg_d	reg_d
model_decision	b r æ n t͡ʃ	b r æ n t͡ʃ t	b r æ n t͡ʃ t	d r ɛ n t͡ʃ	d r ɛ n t͡ʃ t	d r ɛ n t͡ʃ t	b r æ n t͡ʃ t	1	1	reg_t	reg_t	reg_t
model_decision	t a ɪ t ə n	t a ɪ t ə n d	t a ɪ t ə n d	s w iː t ə n	s w iː t ə n d	s w iː t ə n d	t a ɪ t ə n d	1	1	reg_d	reg_d	reg_d
model_decision	k æ p t ɪ v e ɪ t	k æ p t ɪ v e ɪ t ə d	k æ p t ə v e ɪ t ə d	ɡ r æ v ə t e ɪ t	ɡ r æ v ə t e ɪ t ə d	ɡ r æ v ə t e ɪ t ə d	k æ p t ɪ v e ɪ t ə d	0	1	reg_əd	other	reg_əd
model_decision	t o ʊ s t	t o ʊ s t ə d	t o ʊ s t ə d	b l æ s t	b l æ s t ə d	b l æ s t ə d	t o ʊ s t ə d	1	1	reg_əd	reg_əd	reg_əd
model_decision	d ɪ s ə p iː r	d ɪ s ə p iː r d	d ɪ s ə p iː p iː r iː ə d	ə f ɔ r d	ə f ɔ r d ə d	ə f ɔ r d ə d	d ɪ s ə p iː r ə d	0	0	reg_d	other	reg_əd
model_decision	b ɛ r	b o ʊ r	b ɛ r d	ʃ ɛ r	ʃ ɛ r d	ʃ ɛ r d	b ɛ r d	1	0	vowel_change	reg_d	reg_d
model_decision	b ɛ r iː	b ɛ r iː d	b ɛ r iː d	h ɛ r iː	h ɛ r iː d	h ɛ r iː d	b ɛ r iː d	1	1	reg_d	reg_d	reg_d
model_decision	s n iː k	s n iː k t	s n iː k t	f r iː k	f r iː k t	f r iː k t	s n iː k t	1	1	reg_t	reg_t	reg_t
model_decision	l ʌ n t͡ʃ	l ʌ n t͡ʃ t	l ʌ n t͡ʃ t	p ʌ n t͡ʃ	p ʌ n t͡ʃ t	p ʌ n t͡ʃ t	l ʌ n t͡ʃ t	1	1	reg_t	reg_t	reg_t
model_decision	m ɛ m ɹ̩ a ɪ z	m ɛ m ɹ̩ a ɪ z d	m ɛ m ɹ̩ a ɪ z d	s ɹ̩ p r a ɪ z	s ɹ̩ p r a ɪ z d	s ɹ̩ p r a ɪ z d	m ɛ m ɹ̩ a ɪ z d	1	1	reg_d	reg_d	reg_d
model_decision	h a ɪ d	h ɪ d	h a ɪ d ə d	s a ɪ d	s a ɪ d ə d	s a ɪ d ə d	h a ɪ d ə d	1	0	vowel_change	reg_əd	reg_əd
model_decision	w iː l	w iː l d	w iː l d	s iː l	s iː l d	s iː l d	w iː l d	1	1	reg_d	reg_d	reg_d
model_decision	p æ t	p æ t ə d	p æ t ə d	p ɛ t	p ɛ t ə d	p ɛ t ə d	p æ t ə d	1	1	reg_əd	reg_əd	reg_əd
model_decision	s k æ m p ɹ̩	s k æ m p ɹ̩ d	s k æ m p ɹ̩ d	ɛ n t ɹ̩	ɛ n t ɹ̩ d	ɛ n t ɹ̩ d	s k æ m p ɹ̩ d	1	1	reg_d	reg_d	reg_d
model_decision	p iː r	p iː r d	p iː r d	t͡ʃ iː r	t͡ʃ iː r d	t͡ʃ iː r d	p iː r d	1	1	reg_d	reg_d	reg_d
model_decision	ʃ æ m p uː	ʃ æ m p uː d	ʃ æ m p uː d	ɑː r ɡ j uː	ɑː r ɡ j uː d	ɑː r ɡ j uː d	ʃ æ m p uː d	1	1	reg_d	reg_d	reg_d
model_decision	r e ɪ s	r e ɪ s t	r e ɪ s t	b e ɪ s	b e ɪ s t	b e ɪ s t	r e ɪ s t	1	1	reg_t	reg_t	reg_t
model_decision	s t r ɛ t͡ʃ	s t r ɛ t͡ʃ t	s t r ɛ t͡ʃ t	s k r æ t͡ʃ	s k r æ t͡ʃ t	s k r æ t͡ʃ t	s t r ɛ t͡ʃ t	1	1	reg_t	reg_t	reg_t
model_decision	k ə l æ p s	k ə l æ p s t	k ə l æ p s t	f o ʊ k ə s	f o ʊ k ə s t	f o ʊ k ə s t	k ə l æ p s t	1	1	reg_t	reg_t	reg_t
model_decision	d r ɪ f t	d r ɪ f t ə d	d r ɪ f t ə d	p e ɪ s t	p e ɪ s t ə d	p e ɪ s t ə d	d r ɪ f t ə d	1	1	reg_əd	reg_əd	reg_əd
model_decision	s t æ b	s t æ b d	s t æ b d	k l ʌ b	k l ʌ b d	k l ʌ b d	s t æ b d	1	1	reg_d	reg_d	reg_d
model_decision	t͡ʃ uː	t͡ʃ uː d	t͡ʃ uː d	b uː	b uː d	b uː d	t͡ʃ uː d	1	1	reg_d	reg_d	reg_d
model_decision	b ʌ b ə l	b ʌ b ə l d	b ʌ b ə l d	b æ b ə l	b æ b ə l d	b æ b ə l d	b ʌ b ə l d	1	1	reg_d	reg_d	reg_d
model_decision	s a ʊ ɹ̩	s a ʊ ɹ̩ d	s a ʊ ɹ̩ d	t a ʊ ɹ̩	t a ʊ ɹ̩ d	t a ʊ ɹ̩ d	s a ʊ ɹ̩ d	1	1	reg_d	reg_d	reg_d
model_decision	s t æ m p	s t æ m p t	s t æ m p t	t r æ m p	t r æ m p t	t r æ m p t	s t æ m p t	1	1	reg_t	reg_t	reg_t
model_decision	d͡ʒ ɹ̩ k	d͡ʒ ɹ̩ k t	d͡ʒ ɹ̩ k t	w ɹ̩ k	w ɹ̩ k t	w ɹ̩ k t	d͡ʒ ɹ̩ k t	1	1	reg_t	reg_t	reg_t
model_decision	s ɔ	s ɔ d	s ɔ d	θ ɔ	θ ɔ d	θ ɔ d	s ɔ d	1	1	reg_d	reg_d	reg_d
model_decision	f l ɪ p	f l ɪ p t	f l ɪ p t	s l ɪ p	s l ɪ p t	s l ɪ p t	f l ɪ p t	1	1	reg_t	reg_t	reg_t
model_decision	h iː l	h iː l d	h ɹ̩ l d	h iː r	h ɹ̩ d	h ɹ̩ d	NA	0	0	reg_d	vowel_change_suffix	rhyme_replaced
model_decision	s k r iː m	s k r iː m d	s k r iː m d	s t ɔ r m	s t ɔ r m d	s t ɔ r m d	s k r iː m d	1	1	reg_d	reg_d	reg_d
model_decision	h ʊ k	h ʊ k t	h ʊ k t	b ʊ k	b ʊ k t	b ʊ k t	h ʊ k t	1	1	reg_t	reg_t	reg_t
model_decision	p ɪ t	p ɪ t ə d	p ɪ t ə d	p ʊ t	p ʊ t	p ʊ t	p ɪ t	0	0	reg_əd	reg_əd	no_change
model_decision	t r ʌ b ə l	t r ʌ b ə l d	t r ʌ b ə l d	m ɑː r b ə l	m ɑː r b ə l d	m ɑː r b ə l d	t r ʌ b ə l d	1	1	reg_d	reg_d	reg_d
model_decision	ɪ m p r ə v a ɪ z	ɪ m p r ə v a ɪ z d	ɪ m p r o ʊ z d	r a ɪ z	r o ʊ z	r o ʊ z	ɪ m p r ə v o ʊ z	0	0	reg_d	other	vowel_change
model_decision	n e ɪ l	n e ɪ l d	n e ɪ l d	d͡ʒ e ɪ l	d͡ʒ e ɪ l d	d͡ʒ e ɪ l d	n e ɪ l d	1	1	reg_d	reg_d	reg_d
model_decision	b a ɪ k	b a ɪ k t	b a ɪ k t	h a ɪ k	h a ɪ k t	h a ɪ k t	b a ɪ k t	1	1	reg_t	reg_t	reg_t
model_decision	l ɑː k	l ɑː k t	l ɑː k t	r ɑː k	r ɑː k t	r ɑː k t	l ɑː k t	1	1	reg_t	reg_t	reg_t
model_decision	r ɛ s t	r ɛ s t ə d	r ɛ s t ə d	b ɛ s t	b ɛ s t ə d	b ɛ s t ə d	r ɛ s t ə d	1	1	reg_əd	reg_əd	reg_əd
model_decision	b iː p	b iː p t	b iː p t	l æ p	l æ p t	l æ p t	b iː p t	1	1	reg_t	reg_t	reg_t
model_decision	s ɪ p	s ɪ p t	s æ p t	s ɪ t	s æ t	s æ t	NA	0	0	reg_t	vowel_change_suffix	vowel_change
model_decision	ɪ s k e ɪ p	ɪ s k e ɪ p t	ɪ s k e ɪ p t	s k r e ɪ p	s k r e ɪ p t	s k r e ɪ p t	ɪ s k e ɪ p t	1	1	reg_t	reg_t	reg_t
model_decision	k ə n t r o ʊ l	k ə n t r o ʊ l d	k ə n t r o ʊ l d	b a ɪ s ɪ k ə l	b a ɪ s ɪ k ə l d	b a ɪ s ɪ k ə l d	k ə n t r o ʊ l d	1	1	reg_d	reg_d	reg_d
model_decision	h ʌ d ə l	h ʌ d ə l d	h ʌ d ə l d	k ʌ d ə l	k ʌ d ə l d	k ʌ d ə l d	h ʌ d ə l d	1	1	reg_d	reg_d	reg_d
model_decision	s w uː ʃ	s w uː ʃ t	s w uː ʃ t	s w ɪ ʃ	s w ɪ ʃ t	s w ɪ ʃ t	s w uː ʃ t	1	1	reg_t	reg_t	reg_t
model_decision	f a ɪ n d	f a ʊ n d	f a ɪ n d ə d	m a ɪ n d	m a ɪ n d ə d	m a ɪ n d ə d	f a ɪ n d ə d	1	0	vowel_change	reg_əd	reg_əd
model_decision	k ɔ ɪ l	k ɔ ɪ l d	k ɔ ɪ l d	k r ɔ l	k r ɔ l d	k r ɔ l d	k ɔ ɪ l d	1	1	reg_d	reg_d	reg_d
model_decision	r ə f ɹ̩	r ə f ɹ̩ d	r ə f ɹ̩ d	f a ɪ ɹ̩	f a ɪ ɹ̩ d	f a ɪ ɹ̩ d	r ə f ɹ̩ d	1	1	reg_d	reg_d	reg_d
model_decision	ʃ e ɪ v	ʃ e ɪ v d	ʃ e ɪ v d	s e ɪ v	s e ɪ v d	s e ɪ v d	ʃ e ɪ v d	1	1	reg_d	reg_d	reg_d
model_decision	d ɪ s k r a ɪ b	d ɪ s k r a ɪ b d	d ɪ s k r o ʊ b d	r a ɪ m	r o ʊ m	r a ɪ m d	NA	0	0	reg_d	vowel_change_suffix	vowel_change
model_decision	p r iː z ɛ n t	p r iː z ɛ n t ə d	p r iː z ɛ n t ə d	p r ɪ v ɛ n t	p r ɪ v ɛ n t ə d	p r ɪ v ɛ n t ə d	p r iː z ɛ n t ə d	1	1	reg_əd	reg_əd	reg_əd
model_decision	ɪ ɡ z ɪ s t	ɪ ɡ z ɪ s t ə d	ɪ ɡ z ɪ s t ə d	ɪ n s ɪ s t	ɪ n s ɪ s t ə d	ɪ n s ɪ s t ə d	ɪ ɡ z ɪ s t ə d	1	1	reg_əd	reg_əd	reg_əd
model_decision	b ɔ r	b ɔ r d	b ɔ r d	r ɔ r	r ɔ r d	r ɔ r d	b ɔ r d	1	1	reg_d	reg_d	reg_d
model_decision	uː z	uː z d	uː z d	b uː	b uː d	b uː d	uː z d	1	1	reg_d	reg_d	reg_d
model_decision	r ɑː b	r ɑː b d	r ɑː b d	r ʌ b	r ʌ b d	r ʌ b d	r ɑː b d	1	1	reg_d	reg_d	reg_d
model_decision	t r æ p	t r æ p t	t r æ p t	p l ɑː p	p l ɑː p t	p l ɑː p t	t r æ p t	1	1	reg_t	reg_t	reg_t
model_decision	b æ ʃ	b æ ʃ t	b æ ʃ t	m æ ʃ	m æ ʃ t	m æ ʃ t	b æ ʃ t	1	1	reg_t	reg_t	reg_t
model_decision	æ k t	æ k t ə d	æ k t ə d	b uː t	b uː t ə d	b uː t ə d	æ k t ə d	1	1	reg_əd	reg_əd	reg_əd
model_decision	s t o ʊ n	s t o ʊ n d	s t o ʊ n d	d r a ʊ n	d r a ʊ n d	d r a ʊ n d	s t o ʊ n d	1	1	reg_d	reg_d	reg_d
model_decision	f l ɪ ŋ	f l ʌ ŋ	f l ʌ ŋ	k l ɪ ŋ	k l ʌ ŋ	k l ʌ ŋ	f l ʌ ŋ	1	1	vowel_change	vowel_change	vowel_change
model_decision	k w ɪ t	k w ɪ t	k w ɪ t	k ɑː s t	k ɑː s t	k ɑː s t	k w ɪ t	1	1	no_change	no_change	no_change
model_decision	p r ə f ɹ̩	p r ə f ɹ̩ d	p r ə f ɹ̩ d	f ɪ ɡ j ɹ̩	f ɪ ɡ j ɹ̩ d	f ɪ ɡ j ɹ̩ d	p r ə f ɹ̩ d	1	1	reg_d	reg_d	reg_d
model_decision	ə n l ɑː k	ə n l ɑː k t	ə n l ɑː k t	p l ʌ ŋ k	p l ʌ ŋ k t	p l ʌ ŋ k t	ə n l ɑː k t	1	1	reg_t	reg_t	reg_t
model_decision	m æ n ə d͡ʒ	m æ n ə d͡ʒ d	m æ n ə d͡ʒ d	p æ k ɪ d͡ʒ	p æ k ɪ d͡ʒ d	p æ k ɪ d͡ʒ d	m æ n ə d͡ʒ d	1	1	reg_d	reg_d	reg_d
model_decision	s ɛ n t ɹ̩	s ɛ n t ɹ̩ d	s ɛ n t ɹ̩ d	ʃ ɛ l t ɹ̩	ʃ ɛ l t ɹ̩ d	ʃ ɛ l t ɹ̩ d	s ɛ n t ɹ̩ d	1	1	reg_d	reg_d	reg_d
model_decision	s p ɑː t	s p ɑː t ə d	s p ɑː t ə d	s w ɑː t	s w ɑː t ə d	s w ɑː t ə d	s p ɑː t ə d	1	1	reg_əd	reg_əd	reg_əd
model_decision	m o ʊ	m o ʊ d	m o ʊ d	s o ʊ	s o ʊ d	s o ʊ d	m o ʊ d	1	1	reg_d	reg_d	reg_d
model_decision	t æ t uː	t æ t uː d	t æ t uː d	k ə n uː	k ə n uː d	k ə n uː d	t æ t uː d	1	1	reg_d	reg_d	reg_d
model_decision	s a ɪ z	s a ɪ z d	s a ɪ z d	k w ɪ z	k w ɪ z d	k w ɪ z d	s a ɪ z d	1	1	reg_d	reg_d	reg_d
model_decision	p ɹ̩ f ɛ k t	p ɹ̩ f ɛ k t ə d	p ɹ̩ f ɛ k t ə d	k ə n ɛ k t	k ə n ɛ k t ə d	k ə n ɛ k t ə d	p ɹ̩ f ɛ k t ə d	1	1	reg_əd	reg_əd	reg_əd
model_decision	t r e ɪ n	t r e ɪ n d	t r e ɪ n d	p l e ɪ n	p l e ɪ n d	p l e ɪ n d	t r e ɪ n d	1	1	reg_d	reg_d	reg_d
model_decision	p ʌ n ɪ ʃ	p ʌ n ɪ ʃ t	p ʌ n ɪ ʃ t	p ɑː l ɪ ʃ	p ɑː l ɪ ʃ t	p ɑː l ɪ ʃ t	p ʌ n ɪ ʃ t	1	1	reg_t	reg_t	reg_t
model_decision	l uː s	l uː s t	l uː s t	m ɛ s	m ɛ s t	m ɛ s t	l uː s t	1	1	reg_t	reg_t	reg_t
model_decision	t ɑː p ə l	t ɑː p ə l d	t ɑː p ə l d	t ɪ k ə l	t ɪ k ə l d	t ɪ k ə l d	t ɑː p ə l d	1	1	reg_d	reg_d	reg_d
model_decision	s k r æ p	s k r æ p t	s k r æ p t	s t r æ p	s t r æ p t	s t r æ p t	s k r æ p t	1	1	reg_t	reg_t	reg_t
model_decision	k r æ m	k r æ m d	k r æ m d	r o ʊ m	r o ʊ m d	r o ʊ m d	k r æ m d	1	1	reg_d	reg_d	reg_d
model_decision	p ɪ t͡ʃ	p ɪ t͡ʃ t	p ɪ t͡ʃ t	p æ t͡ʃ	p æ t͡ʃ t	p æ t͡ʃ t	p ɪ t͡ʃ t	1	1	reg_t	reg_t	reg_t
model_decision	s m æ ʃ	s m æ ʃ t	s m æ ʃ t	b l ʌ ʃ	b l ʌ ʃ t	b l ʌ ʃ t	s m æ ʃ t	1	1	reg_t	reg_t	reg_t
model_decision	f e ɪ l	f e ɪ l d	f e ɪ l d	f a ɪ l	f a ɪ l d	f a ɪ l d	f e ɪ l d	1	1	reg_d	reg_d	reg_d
model_decision	b l o ʊ t	b l o ʊ t ə d	b l o ʊ t ə d	f l o ʊ t	f l o ʊ t ə d	f l o ʊ t ə d	b l o ʊ t ə d	1	1	reg_əd	reg_əd	reg_əd
model_decision	s k w iː k	s k w iː k t	s k w iː k t	s m o ʊ k	s m o ʊ k t	s m o ʊ k t	s k w iː k t	1	1	reg_t	reg_t	reg_t
model_decision	s k ɹ̩ t	s k ɹ̩ t ə d	s k ɹ̩ t ə d	f l ɹ̩ t	f l ɹ̩ t ə d	f l ɹ̩ t ə d	s k ɹ̩ t ə d	1	1	reg_əd	reg_əd	reg_əd
model_decision	b l ɪ ŋ k	b l ɪ ŋ k t	b l æ ŋ k	ʃ r ɪ ŋ k	ʃ r æ ŋ k	ʃ r æ ŋ k	b l æ ŋ k	1	0	reg_t	vowel_change	vowel_change
model_decision	w æ ɡ	w æ ɡ d	w æ ɡ d	ɡ æ ɡ	ɡ æ ɡ d	ɡ æ ɡ d	w æ ɡ d	1	1	reg_d	reg_d	reg_d
model_decision	h æ t͡ʃ	h æ t͡ʃ t	h æ t͡ʃ t	m æ t͡ʃ	m æ t͡ʃ t	m æ t͡ʃ t	h æ t͡ʃ t	1	1	reg_t	reg_t	reg_t
model_decision	h a ʊ z	h a ʊ z d	h a ʊ z d	n o ʊ z	n o ʊ z d	n o ʊ z d	h a ʊ z d	1	1	reg_d	reg_d	reg_d
model_decision	w ɑː f ə l	w ɑː f ə l d	w ɑː f ə l d	r ʌ f ə l	r ʌ f ə l d	r ʌ f ə l d	w ɑː f ə l d	1	1	reg_d	reg_d	reg_d
model_decision	b ʌ t ə n	b ʌ t ə n d	b ʌ t ə n d	r ɛ k ə n	r ɛ k ə n d	r ɛ k ə n d	b ʌ t ə n d	1	1	reg_d	reg_d	reg_d
model_decision	k ɹ̩ iː n	k ɹ̩ iː n d	k ɹ̩ iː n d	k l iː n	k l iː n d	k l iː n d	k ɹ̩ iː n d	1	1	reg_d	reg_d	reg_d
model_decision	s t r ɪ p	s t r ɪ p t	s t r æ p t	s p r ɪ ŋ	s p r æ ŋ	s p r æ ŋ	NA	0	0	reg_t	vowel_change_suffix	vowel_change
model_decision	p r a ɪ z	p r a ɪ z d	p r a ɪ z	p r e ɪ z	p r e ɪ z d	p r e ɪ z d	p r a ɪ z d	0	1	reg_d	no_change	reg_d
model_decision	k ə n f j uː z	k ə n f j uː z d	k ə n f j uː z d	ɪ k s k j uː z	ɪ k s k j uː z d	ɪ k s k j uː z d	k ə n f j uː z d	1	1	reg_d	reg_d	reg_d
model_decision	p l ʌ ɡ	p l ʌ ɡ d	p l ʌ ɡ d	s l ʌ ɡ	s l ʌ ɡ d	s l ʌ ɡ d	p l ʌ ɡ d	1	1	reg_d	reg_d	reg_d
model_decision	k ɹ̩ s	k ɹ̩ s t	k ɹ̩ s t	n ɹ̩ s	n ɹ̩ s t	n ɹ̩ s t	k ɹ̩ s t	1	1	reg_t	reg_t	reg_t
model_decision	f e ɪ n t	f e ɪ n t ə d	f e ɪ n t ə d	p e ɪ n t	p e ɪ n t ə d	p e ɪ n t ə d	f e ɪ n t ə d	1	1	reg_əd	reg_əd	reg_əd
model_decision	r iː p l e ɪ s	r iː p l e ɪ s t	r iː p l e ɪ s t	p r æ k t ɪ s	p r æ k t ɪ s t	p r æ k t ɪ s t	r iː p l e ɪ s t	1	1	reg_t	reg_t	reg_t
model_decision	ɡ ɑː r d	ɡ ɑː r d ə d	ɡ ɑː r d ə d	w uː n d	w uː n d ə d	w uː n d ə d	ɡ ɑː r d ə d	1	1	reg_əd	reg_əd	reg_əd
model_decision	ɡ l ʌ v	ɡ l ʌ v d	ɡ l ʌ v d	s ɑː l v	s ɑː l v d	s ɑː l v d	ɡ l ʌ v d	1	1	reg_d	reg_d	reg_d
model_decision	s ɔ l t	s ɔ l t ə d	s ɔ l t ə d	s ɔ r t	s ɔ r t ə d	s ɔ r t ə d	s ɔ l t ə d	1	1	reg_əd	reg_əd	reg_əd
model_decision	s t ɛ r	s t ɛ r d	s t ɛ r d	ɡ l ɛ r	ɡ l ɛ r d	ɡ l ɛ r d	s t ɛ r d	1	1	reg_d	reg_d	reg_d
model_decision	k ə m b a ɪ n	k ə m b a ɪ n d	k ə m b a ɪ n d	ə n b ʌ t ə n	ə n b ʌ t ə n d	ə n b ʌ t ə n d	k ə m b a ɪ n d	1	1	reg_d	reg_d	reg_d
model_decision	f r ʌ n t	f r ʌ n t ə d	f r ʌ n t ə d	f l o ʊ t	f l o ʊ t ə d	f l o ʊ t ə d	f r ʌ n t ə d	1	1	reg_əd	reg_əd	reg_əd
model_decision	ɡ ɑː r b ə l	ɡ ɑː r b ə l d	ɡ ɑː r b ə l d	r ʌ m b ə l	r ʌ m b ə l d	r ʌ m b ə l d	ɡ ɑː r b ə l d	1	1	reg_d	reg_d	reg_d
model_decision	p æ m p ɹ̩	p æ m p ɹ̩ d	p æ m p ɹ̩ d	f ɪ ŋ ɡ ɹ̩	f ɪ ŋ ɡ ɹ̩ d	f ɪ ŋ ɡ ɹ̩ d	p æ m p ɹ̩ d	1	1	reg_d	reg_d	reg_d
model_decision	f iː r	f iː r d	f ɛ r d	f iː d	f ɛ d	f ɛ d	NA	0	0	reg_d	vowel_change_suffix	vowel_change
model_decision	ʃ ʌ v ə l	ʃ ʌ v ə l d	ʃ ʌ v ə l d	ʃ ʌ f ə l	ʃ ʌ f ə l d	ʃ ʌ f ə l d	ʃ ʌ v ə l d	1	1	reg_d	reg_d	reg_d
model_decision	s k ɛ d͡ʒ ʊ l	s k ɛ d͡ʒ ʊ l d	s k ɛ d͡ʒ ɛ l d	s p ʌ n d͡ʒ	s p ʌ n d͡ʒ d	s p ʌ n d͡ʒ d	s k ɛ d͡ʒ ʊ l d	0	1	reg_d	vowel_change_suffix	reg_d
model_decision	f l ʌ t ɹ̩	f l ʌ t ɹ̩ d	f l ʌ t ɹ̩ d	k l ʌ t ɹ̩	k l ʌ t ɹ̩ d	k l ʌ t ɹ̩ d	f l ʌ t ɹ̩ d	1	1	reg_d	reg_d	reg_d
model_decision	s p ɑː r k ə l	s p ɑː r k ə l d	s p ɑː r k ə l d	k r ʌ m p ə l	k r ʌ m p ə l d	k r ʌ m p ə l d	s p ɑː r k ə l d	1	1	reg_d	reg_d	reg_d
model_decision	r ɪ s p ɑː n d	r ɪ s p ɑː n d ə d	r ɪ s p ɑː n d ə d	d ɪ s k ɑː r d	d ɪ s k ɑː r d ə d	d ɪ s k ɑː r d ə d	r ɪ s p ɑː n d ə d	1	1	reg_əd	reg_əd	reg_əd
model_decision	t æ t ɹ̩	t æ t ɹ̩ d	t æ t ɹ̩ d	t iː t ɹ̩	t iː t ɹ̩ d	t iː t ɹ̩ d	t æ t ɹ̩ d	1	1	reg_d	reg_d	reg_d
model_decision	p ɑː k ə t	p ɑː k ə t ə d	p ɑː k ə t ə d	r ɑː k ə t	r ɑː k ə t ə d	r ɑː k ə t ə d	p ɑː k ə t ə d	1	1	reg_əd	reg_əd	reg_əd
model_decision	d͡ʒ æ ŋ ɡ ə l	d͡ʒ æ ŋ ɡ ə l d	d͡ʒ æ ŋ ɡ ə l d	d æ ŋ ɡ ə l	d æ ŋ ɡ ə l d	d æ ŋ ɡ ə l d	d͡ʒ æ ŋ ɡ ə l d	1	1	reg_d	reg_d	reg_d
model_decision	p iː p	p iː p t	p iː p t	l æ p	l æ p t	l æ p t	p iː p t	1	1	reg_t	reg_t	reg_t
model_decision	æ k s ɛ s ɹ̩ a ɪ z	æ k s ɛ s ɹ̩ a ɪ z d	æ s ɛ s ɛ s a ɪ z d	m e ɪ k	m e ɪ d	m e ɪ d	NA	0	0	reg_d	other	coda_change
model_decision	r ɛ d͡ʒ ɪ s t ɹ̩	r ɛ d͡ʒ ɪ s t ɹ̩ d	r ɛ d͡ʒ ɪ s t ɹ̩ d	s p l ɪ n t ɹ̩	s p l ɪ n t ɹ̩ d	s p l ɪ n t ɹ̩ d	r ɛ d͡ʒ ɪ s t ɹ̩ d	1	1	reg_d	reg_d	reg_d
model_decision	ɡ l o ʊ	ɡ l o ʊ d	ɡ l uː	b l o ʊ	b l uː	b l uː	ɡ l uː	1	0	reg_d	vowel_change	vowel_change
model_decision	k ɑː m ɛ n t	k ɑː m ɛ n t ə d	k ɑː m ɛ n t ə d	d ɪ p ɑː r t	d ɪ p ɑː r t ə d	d ɪ p ɑː r t ə d	k ɑː m ɛ n t ə d	1	1	reg_əd	reg_əd	reg_əd
model_decision	r ə f j uː z	r ə f j uː z d	r ə f j uː z d	v æ k j uː m	v æ k j uː m d	v æ k j uː m d	r ə f j uː z d	1	1	reg_d	reg_d	reg_d
model_decision	w ɛ d	w ɛ d	w ɛ d ə d	w iː d	w iː d ə d	w iː d ə d	w ɛ d ə d	1	0	no_change	reg_əd	reg_əd
model_decision	d a ʊ n	d a ʊ n d	d a ʊ n d	m o ʊ n	m o ʊ n d	m o ʊ n d	d a ʊ n d	1	1	reg_d	reg_d	reg_d
model_decision	t͡ʃ ɪ p	t͡ʃ ɪ p t	t͡ʃ ɪ p t	n ɪ p	n ɪ p t	n ɪ p t	t͡ʃ ɪ p t	1	1	reg_t	reg_t	reg_t
model_decision	d ɹ̩ ɛ k t	d ɹ̩ ɛ k t ə d	d ɹ̩ ɛ k t ə d	k ɹ̩ ɛ k t	k ɹ̩ ɛ k t ə d	k ɹ̩ ɛ k t ə d	d ɹ̩ ɛ k t ə d	1	1	reg_əd	reg_əd	reg_əd
model_decision	d ɪ f ɛ n d	d ɪ f ɛ n d ə d	d ɪ f ɛ n d ə d	d ɪ p ɛ n d	d ɪ p ɛ n d ə d	d ɪ p ɛ n d ə d	d ɪ f ɛ n d ə d	1	1	reg_əd	reg_əd	reg_əd
model_decision	p a ʊ n d	p a ʊ n d ə d	p a ʊ n d ə d	r a ʊ n d	r a ʊ n d ə d	r a ʊ n d ə d	p a ʊ n d ə d	1	1	reg_əd	reg_əd	reg_əd
model_decision	d r e ɪ p	d r e ɪ p t	d r e ɪ p t	w ɹ̩ ʃ ɪ p	w ɹ̩ ʃ ɪ p t	w ɹ̩ ʃ ɪ p t	d r e ɪ p t	1	1	reg_t	reg_t	reg_t
model_decision	k ə n t e ɪ n	k ə n t e ɪ n d	k ə n t e ɪ n d	f r a ɪ t ə n	f r a ɪ t ə n d	f r a ɪ t ə n d	k ə n t e ɪ n d	1	1	reg_d	reg_d	reg_d
model_decision	s iː z ə n	s iː z ə n d	s iː z ə n d	k ʊ ʃ ə n	k ʊ ʃ ə n d	k ʊ ʃ ə n d	s iː z ə n d	1	1	reg_d	reg_d	reg_d
model_decision	k r a ʊ t͡ʃ	k r a ʊ t͡ʃ t	k r a ʊ t͡ʃ t	k r ʌ n t͡ʃ	k r ʌ n t͡ʃ t	k r ʌ n t͡ʃ t	k r a ʊ t͡ʃ t	1	1	reg_t	reg_t	reg_t
model_decision	h ɪ p n ə t a ɪ z	h ɪ p n ə t a ɪ z d	h ɪ t ə t ə d	p ʌ m p	p ʌ m p t	p ʌ m p t	h ɪ p n ə t a ɪ z t	0	0	reg_d	other	reg_t
model_decision	k ə n d ɛ n s	k ə n d ɛ n s t	k ə n d ɛ n s t	k ə n v ɪ n s	k ə n v ɪ n s t	k ə n v ɪ n s t	k ə n d ɛ n s t	1	1	reg_t	reg_t	reg_t
model_decision	k r æ ŋ k	k r æ ŋ k t	k r æ ŋ k	p l ʌ ŋ k	p l ʌ ŋ k t	p l ʌ ŋ k t	k r æ ŋ k t	0	1	reg_t	no_change	reg_t
model_decision	k l a ʊ d	k l a ʊ d ə d	k l a ʊ d ə d	k r a ʊ d	k r a ʊ d ə d	k r a ʊ d ə d	k l a ʊ d ə d	1	1	reg_əd	reg_əd	reg_əd
model_decision	r e ɪ d	r e ɪ d ə d	r e ɪ d ə d	f e ɪ d	f e ɪ d ə d	f e ɪ d ə d	r e ɪ d ə d	1	1	reg_əd	reg_əd	reg_əd
model_decision	f ɪ l t ɹ̩	f ɪ l t ɹ̩ d	f ɪ l t ɹ̩ d	ʃ ɛ l t ɹ̩	ʃ ɛ l t ɹ̩ d	ʃ ɛ l t ɹ̩ d	f ɪ l t ɹ̩ d	1	1	reg_d	reg_d	reg_d
model_decision	t æ ŋ ɡ ə l	t æ ŋ ɡ ə l d	t æ ŋ ɡ ə l d	d æ ŋ ɡ ə l	d æ ŋ ɡ ə l d	d æ ŋ ɡ ə l d	t æ ŋ ɡ ə l d	1	1	reg_d	reg_d	reg_d
model_decision	p l æ s t ɹ̩	p l æ s t ɹ̩ d	p l æ s t ɹ̩ d	ə n k ʌ v ɹ̩	ə n k ʌ v ɹ̩ d	ə n k ʌ v ɹ̩ d	p l æ s t ɹ̩ d	1	1	reg_d	reg_d	reg_d
model_decision	ʃ e ɪ d	ʃ e ɪ d ə d	ʃ e ɪ d ə d	f e ɪ d	f e ɪ d ə d	f e ɪ d ə d	ʃ e ɪ d ə d	1	1	reg_əd	reg_əd	reg_əd
model_decision	t r ʌ s t	t r ʌ s t ə d	t r ʌ s t ə d	b l æ s t	b l æ s t ə d	b l æ s t ə d	t r ʌ s t ə d	1	1	reg_əd	reg_əd	reg_əd
model_decision	s æ n d	s æ n d ə d	s æ n t ə d	s ɛ n d	s ɛ n t	s ɛ n t	s æ n t	0	0	reg_əd	other	coda_change
model_decision	d ɪ z ɑː l v	d ɪ z ɑː l v d	d ɪ z ɑː l v d	b ɪ h e ɪ v	b ɪ h e ɪ v d	b ɪ h e ɪ v d	d ɪ z ɑː l v d	1	1	reg_d	reg_d	reg_d
model_decision	r æ k	r æ k t	r æ k t	d͡ʒ æ k	d͡ʒ æ k t	d͡ʒ æ k t	r æ k t	1	1	reg_t	reg_t	reg_t
model_decision	ʃ ɛ l	ʃ ɛ l d	ʃ ɛ l d	j ɛ l	j ɛ l d	j ɛ l d	ʃ ɛ l d	1	1	reg_d	reg_d	reg_d
model_decision	s w ɑː p	s w ɑː p t	s w ɑː p t	p l ɑː p	p l ɑː p t	p l ɑː p t	s w ɑː p t	1	1	reg_t	reg_t	reg_t
model_decision	r iː l iː s	r iː l iː s t	r iː l iː s t	b a ʊ n s	b a ʊ n s t	b a ʊ n s t	r iː l iː s t	1	1	reg_t	reg_t	reg_t
model_decision	r e ɪ k	r e ɪ k t	r e ɪ k t	b e ɪ k	b e ɪ k t	b e ɪ k t	r e ɪ k t	1	1	reg_t	reg_t	reg_t
model_decision	k æ n s ə l	k æ n s ə l d	k æ n s ə l d	h æ n d ə l	h æ n d ə l d	h æ n d ə l d	k æ n s ə l d	1	1	reg_d	reg_d	reg_d
model_decision	s p a ɪ	s p a ɪ d	s p a ɪ d	p r a ɪ	p r a ɪ d	p r a ɪ d	s p a ɪ d	1	1	reg_d	reg_d	reg_d
model_decision	f j uː m	f j uː m d	f j uː m d	ə s uː m	ə s uː m d	ə s uː m d	f j uː m d	1	1	reg_d	reg_d	reg_d
model_decision	p r iː p ɛ r	p r iː p ɛ r d	p r iː p ɛ r d	d ɪ k l ɛ r	d ɪ k l ɛ r d	d ɪ k l ɛ r d	p r iː p ɛ r d	1	1	reg_d	reg_d	reg_d
model_decision	d ɪ s p o ʊ z	d ɪ s p o ʊ z d	d ɪ s p o ʊ z d	b ʊ l d o ʊ z	b ʊ l d o ʊ z d	b ʊ l d o ʊ z d	d ɪ s p o ʊ z d	1	1	reg_d	reg_d	reg_d
model_decision	k ə n d ʌ k t	k ə n d ʌ k t ə d	k ə n d ʌ k t ə d	d͡ʒ ɛ n ɹ̩ e ɪ t	d͡ʒ ɛ n ɹ̩ e ɪ t ə d	d͡ʒ ɛ n ɹ̩ e ɪ t ə d	k ə n d ʌ k t ə d	1	1	reg_əd	reg_əd	reg_əd
model_decision	s t ɪ ŋ k	s t ʌ ŋ k	s t ʌ ŋ k t	s t ɪ ŋ	s t ʌ ŋ	s t ʌ ŋ	NA	0	0	vowel_change	vowel_change_suffix	vowel_change
model_decision	d r e ɪ n	d r e ɪ n d	d r e ɪ n d	p l e ɪ n	p l e ɪ n d	p l e ɪ n d	d r e ɪ n d	1	1	reg_d	reg_d	reg_d
model_decision	ə n p l ʌ ɡ	ə n p l ʌ ɡ d	ə n p l ʌ ɡ d	z ɪ ɡ z æ ɡ	z ɪ ɡ z æ ɡ d	z ɪ ɡ z æ ɡ d	ə n p l ʌ ɡ d	1	1	reg_d	reg_d	reg_d
model_decision	h æ l o ʊ	h æ l o ʊ d	h æ l o ʊ d	f ɑː l o ʊ	f ɑː l o ʊ d	f ɑː l o ʊ d	h æ l o ʊ d	1	1	reg_d	reg_d	reg_d
model_decision	ɪ n t ɹ̩ æ k t	ɪ n t ɹ̩ æ k t ə d	ɪ n t ɹ̩ æ k t ə d	d ɛ k ɹ̩ e ɪ t	d ɛ k ɹ̩ e ɪ t ə d	d ɛ k ɹ̩ e ɪ t ə d	ɪ n t ɹ̩ æ k t ə d	1	1	reg_əd	reg_əd	reg_əd
model_decision	ə b s ɛ s	ə b s ɛ s t	ə b b ɛ s t	h o ʊ l d	h ɛ l d	h ɛ l d	NA	0	0	reg_t	other	vowel_change
model_decision	s n æ t͡ʃ	s n æ t͡ʃ t	s n æ t͡ʃ t	p ʌ n t͡ʃ	p ʌ n t͡ʃ t	p ʌ n t͡ʃ t	s n æ t͡ʃ t	1	1	reg_t	reg_t	reg_t
model_decision	t æ p	t æ p t	t æ p t	n æ p	n æ p t	n æ p t	t æ p t	1	1	reg_t	reg_t	reg_t
model_decision	t r æ ʃ	t r æ ʃ t	t r æ ʃ t	b r ʌ ʃ	b r ʌ ʃ t	b r ʌ ʃ t	t r æ ʃ t	1	1	reg_t	reg_t	reg_t
model_decision	ʃ ɪ v ɹ̩	ʃ ɪ v ɹ̩ d	ʃ ɪ v ɹ̩ d	h æ m ɹ̩	h æ m ɹ̩ d	h æ m ɹ̩ d	ʃ ɪ v ɹ̩ d	1	1	reg_d	reg_d	reg_d
model_decision	r iː f ɪ l	r iː f ɪ l d	r iː f ɪ l d	s p ɔ ɪ l	s p ɔ ɪ l d	s p ɔ ɪ l d	r iː f ɪ l d	1	1	reg_d	reg_d	reg_d
model_decision	d ʌ b	d ʌ b d	d ʌ b d	r ʌ b	r ʌ b d	r ʌ b d	d ʌ b d	1	1	reg_d	reg_d	reg_d
model_decision	r ɪ p ɛ r	r ɪ p ɛ r d	r ɪ p ɛ r d	s k w ɛ r	s k w ɛ r d	s k w ɛ r d	r ɪ p ɛ r d	1	1	reg_d	reg_d	reg_d
model_decision	s t e ɪ k	s t e ɪ k t	s t e ɪ k t	s p a ɪ k	s p a ɪ k t	s p a ɪ k t	s t e ɪ k t	1	1	reg_t	reg_t	reg_t
model_decision	ɛ r	ɛ r d	ɛ r d	r ɔ r	r ɔ r d	r ɔ r d	ɛ r d	1	1	reg_d	reg_d	reg_d
model_decision	t r ʌ m p ə t	t r ʌ m p ə t ə d	t r ʌ m p ə t ə d	d͡ʒ ɛ n ɹ̩ e ɪ t	d͡ʒ ɛ n ɹ̩ e ɪ t ə d	d͡ʒ ɛ n ɹ̩ e ɪ t ə d	t r ʌ m p ə t ə d	1	1	reg_əd	reg_əd	reg_əd
model_decision	k l ɑː ɡ	k l ɑː ɡ d	k l ɑː ɡ d	s l ʌ ɡ	s l ʌ ɡ d	s l ʌ ɡ d	k l ɑː ɡ d	1	1	reg_d	reg_d	reg_d
model_decision	p a ʊ ɹ̩	p a ʊ ɹ̩ d	p a ʊ ɹ̩ d	p iː t ɹ̩	p iː t ɹ̩ d	p iː t ɹ̩ d	p a ʊ ɹ̩ d	1	1	reg_d	reg_d	reg_d
model_decision	ɪ ɡ z ɪ b ɪ t	ɪ ɡ z ɪ b ɪ t ə d	ɪ ɡ z ɪ b ɪ t ə d	p r ɪ d ɪ k t	p r ɪ d ɪ k t ə d	p r ɪ d ɪ k t ə d	ɪ ɡ z ɪ b ɪ t ə d	1	1	reg_əd	reg_əd	reg_əd
model_decision	e ɪ d͡ʒ	e ɪ d͡ʒ d	e ɪ d͡ʒ d	n ʌ d͡ʒ	n ʌ d͡ʒ d	n ʌ d͡ʒ d	e ɪ d͡ʒ d	1	1	reg_d	reg_d	reg_d
model_decision	t e ɪ b ə l	t e ɪ b ə l d	t e ɪ b ə l d	l e ɪ b ə l	l e ɪ b ə l d	l e ɪ b ə l d	t e ɪ b ə l d	1	1	reg_d	reg_d	reg_d
model_decision	r ɪ s p ɛ k t	r ɪ s p ɛ k t ə d	r ɪ s p ɛ k t ə d	ɪ k s p ɛ k t	ɪ k s p ɛ k t ə d	ɪ k s p ɛ k t ə d	r ɪ s p ɛ k t ə d	1	1	reg_əd	reg_əd	reg_əd
model_decision	m æ k s	m æ k s t	m æ k s t	m ɪ k s	m ɪ k s t	m ɪ k s t	m æ k s t	1	1	reg_t	reg_t	reg_t
model_decision	ɛ n æ k t	ɛ n æ k t ə d	ɛ n æ k t ə d	k ɹ̩ ɛ k t	k ɹ̩ ɛ k t ə d	k ɹ̩ ɛ k t ə d	ɛ n æ k t ə d	1	1	reg_əd	reg_əd	reg_əd
model_decision	m ɑː d ə f a ɪ	m ɑː d ə f a ɪ d	m ɑː d ə f a ɪ d	d ɪ s t r ɔ ɪ	d ɪ s t r ɔ ɪ d	d ɪ s t r ɔ ɪ d	m ɑː d ə f a ɪ d	1	1	reg_d	reg_d	reg_d
model_decision	f iː t͡ʃ ɹ̩	f iː t͡ʃ ɹ̩ d	f iː t͡ʃ ɹ̩ d	f ɛ ð ɹ̩	f ɛ ð ɹ̩ d	f ɛ ð ɹ̩ d	f iː t͡ʃ ɹ̩ d	1	1	reg_d	reg_d	reg_d
model_decision	w e ɪ l	w e ɪ l d	w e ɪ l d	s e ɪ l	s e ɪ l d	s e ɪ l d	w e ɪ l d	1	1	reg_d	reg_d	reg_d
model_decision	p ɹ̩ s	p ɹ̩ s t	p ɹ̩ s t	n ɹ̩ s	n ɹ̩ s t	n ɹ̩ s t	p ɹ̩ s t	1	1	reg_t	reg_t	reg_t
model_region	s m a ɪ l	s m a ɪ l d	s m a ɪ l d	k ʌ p ə l	k ʌ p ə l d	k ʌ p ə l d	s m a ɪ l d	1	1	reg_d	reg_d	reg_d
model_region	r iː d	r ɛ d	r iː d ə d	b iː d	b iː d ə d	b iː d ə d	r iː d ə d	1	0	vowel_change	reg_əd	reg_əd
model_region	l a ɪ k	l a ɪ k t	l a ɪ k t	p r ɪ k	p r ɪ k t	p r ɪ k t	l a ɪ k t	1	1	reg_t	reg_t	reg_t
model_region	ʃ o ʊ	ʃ o ʊ d	ʃ o ʊ d	r o ʊ	r o ʊ d	r o ʊ d	ʃ o ʊ d	1	1	reg_d	reg_d	reg_d
model_region	b a ɪ t	b ɪ t	b a ɪ t ə d	ʃ a ʊ t	ʃ a ʊ t ə d	ʃ a ʊ t ə d	b a ɪ t ə d	1	0	vowel_change	reg_əd	reg_əd
model_region	f l a ɪ	f l uː	f l a ɪ d	p r a ɪ	p r a ɪ d	p r a ɪ d	f l a ɪ d	1	0	vowel_change	reg_d	reg_d
model_region	h o ʊ p	h o ʊ p t	h o ʊ p t	k o ʊ p	k o ʊ p t	k o ʊ p t	h o ʊ p t	1	1	reg_t	reg_t	reg_t
model_region	o ʊ p ə n	o ʊ p ə n d	o ʊ p ə n d	k ʊ ʃ ə n	k ʊ ʃ ə n d	k ʊ ʃ ə n d	o ʊ p ə n d	1	1	reg_d	reg_d	reg_d
model_region	r ʌ n	r æ n	r ʌ n d	ɡ ʌ n	ɡ ʌ n d	ɡ ʌ n d	r ʌ n d	1	0	vowel_change	reg_d	reg_d
model_region	t ɔ ɪ	t ɔ ɪ d	t ɔ t	s p r ɪ ŋ	s p r æ ŋ	s p r æ ŋ	NA	0	0	reg_d	vowel_change_suffix	vowel_change
model_region	p l e ɪ	p l e ɪ d	p l e ɪ d	p r e ɪ	p r e ɪ d	p r e ɪ d	p l e ɪ d	1	1	reg_d	reg_d	reg_d
model_region	w ɑː t͡ʃ	w ɑː t͡ʃ t	w ɑː t͡ʃ t	m æ t͡ʃ	m æ t͡ʃ t	m æ t͡ʃ t	w ɑː t͡ʃ t	1	1	reg_t	reg_t	reg_t
model_region	r iː t͡ʃ	r iː t͡ʃ t	r iː t͡ʃ t	b iː t͡ʃ	b iː t͡ʃ t	b iː t͡ʃ t	r iː t͡ʃ t	1	1	reg_t	reg_t	reg_t
model_region	æ s k	æ s k t	æ s k t	t ʌ k	t ʌ k t	t ʌ k t	æ s k t	1	1	reg_t	reg_t	reg_t
model_region	s m ɛ l	s m ɛ l d	s m ɛ l d	s p ɛ l	s p ɛ l d	s p ɛ l d	s m ɛ l d	1	1	reg_d	reg_d	reg_d
model_region	h æ ŋ	h ʌ ŋ	h æ ŋ d	b æ ŋ	b æ ŋ d	b æ ŋ d	h æ ŋ d	1	0	vowel_change	reg_d	reg_d
model_region	r a ɪ d	r o ʊ d	r o ʊ d ə d	r a ɪ m	r o ʊ m	r a ɪ m d	NA	0	0	vowel_change	other	vowel_change
model_region	s p ɪ l	s p ɪ l d	s p æ l d	s p ɪ n	s p ʌ n	s p ʌ n	NA	0	0	reg_d	vowel_change_suffix	vowel_change
model_region	p ɔ r	p ɔ r d	p ɔ r d	ʃ ɔ r	ʃ ɔ r d	ʃ ɔ r d	p ɔ r d	1	1	reg_d	reg_d	reg_d
model_region	b a ʊ	b a ʊ d	b ɔ t	b a ɪ	b ɔ t	b ɔ t	NA	0	0	reg_d	vowel_change_suffix	vowel_change_suffix
model_region	t ʌ t͡ʃ	t ʌ t͡ʃ t	t ʌ t͡ʃ t	m æ t͡ʃ	m æ t͡ʃ t	m æ t͡ʃ t	t ʌ t͡ʃ t	1	1	reg_t	reg_t	reg_t
model_region	k ɑː z	k ɑː z d	k ɑː z d	b ʌ z	b ʌ z d	b ʌ z d	k ɑː z d	1	1	reg_d	reg_d	reg_d
model_region	s t r a ɪ k	s t r ʌ k	s t r a ɪ k t	s t r o ʊ k	s t r o ʊ k t	s t r o ʊ k t	s t r a ɪ k t	1	0	vowel_change	reg_t	reg_t
model_region	h ɹ̩ t	h ɹ̩ t	h ɹ̩ t	h ɪ t	h ɪ t	h ɪ t	h ɹ̩ t	1	1	no_change	no_change	no_change
model_region	h iː t	h iː t ə d	h ɹ̩ t	h iː r	h ɹ̩ d	h ɹ̩ d	NA	0	0	reg_əd	vowel_change	rhyme_replaced
model_region	f l a ʊ ɹ̩	f l a ʊ ɹ̩ d	f l a ʊ ɹ̩ d	s k a ʊ ɹ̩	s k a ʊ ɹ̩ d	s k a ʊ ɹ̩ d	f l a ʊ ɹ̩ d	1	1	reg_d	reg_d	reg_d
model_region	k l o ʊ z	k l o ʊ z d	k l o ʊ z d	b r a ʊ z	b r a ʊ z d	b r a ʊ z d	k l o ʊ z d	1	1	reg_d	reg_d	reg_d
model_region	m a ɪ n	m a ɪ n d	m a ɪ n d	s a ɪ n	s a ɪ n d	s a ɪ n d	m a ɪ n d	1	1	reg_d	reg_d	reg_d
model_region	v ɪ z ɪ t	v ɪ z ɪ t ə d	v ɪ z ɪ t ə d	ɛ ɡ z ɪ t	ɛ ɡ z ɪ t ə d	ɛ ɡ z ɪ t ə d	v ɪ z ɪ t ə d	1	1	reg_əd	reg_əd	reg_əd
model_region	t e ɪ s t	t e ɪ s t ə d	t e ɪ s t ə d	p e ɪ s t	p e ɪ s t ə d	p e ɪ s t ə d	t e ɪ s t ə d	1	1	reg_əd	reg_əd	reg_əd
model_region	b ʌ t ɹ̩	b ʌ t ɹ̩ d	b ʌ t ɹ̩ d	b ɛ t ɹ̩	b ɛ t ɹ̩ d	b ɛ t ɹ̩ d	b ʌ t ɹ̩ d	1	1	reg_d	reg_d	reg_d
model_region	m e ɪ l	m e ɪ l d	m e ɪ l d	d͡ʒ e ɪ l	d͡ʒ e ɪ l d	d͡ʒ e ɪ l d	m e ɪ l d	1	1	reg_d	reg_d	reg_d
model_region	d ɪ ŋ	d ɪ ŋ d	d ʌ ŋ	æ d	æ d ə d	æ d ə d	d ɪ ŋ ə d	0	0	reg_d	vowel_change	reg_əd
model_region	s t ɑː p	s t ɑː p t	s t ɑː p t	p l ɑː p	p l ɑː p t	p l ɑː p t	s t ɑː p t	1	1	reg_t	reg_t	reg_t
model_region	ɪ k s a ɪ t	ɪ k s a ɪ t ə d	ɪ k s a ɪ t ə d	ɪ n v a ɪ t	ɪ n v a ɪ t ə d	ɪ n v a ɪ t ə d	ɪ k s a ɪ t ə d	1	1	reg_əd	reg_əd	reg_əd
model_region	f r a ɪ	f r a ɪ d	f r a ɪ d	d r a ɪ	d r a ɪ d	d r a ɪ d	f r a ɪ d	1	1	reg_d	reg_d	reg_d
model_region	s p iː k	s p o ʊ k	s p iː k t	p ɑː r k	p ɑː r k t	p ɑː r k t	s p iː k t	1	0	vowel_change	reg_t	reg_t
model_region	s k r æ m b ə l	s k r æ m b ə l d	s k r æ m b ə l d	r ɪ z ɛ m b ə l	r ɪ z ɛ m b ə l d	r ɪ z ɛ m b ə l d	s k r æ m b ə l d	1	1	reg_d	reg_d	reg_d
model_region	t͡ʃ ɛ k	t͡ʃ ɛ k t	t͡ʃ ɛ k t	r ɛ k	r ɛ k t	r ɛ k t	t͡ʃ ɛ k t	1	1	reg_t	reg_t	reg_t
model_region	n ʌ m b ɹ̩	n ʌ m b ɹ̩ d	n ʌ m b ɹ̩ d	k l ɑː b ɹ̩	k l ɑː b ɹ̩ d	k l ɑː b ɹ̩ d	n ʌ m b ɹ̩ d	1	1	reg_d	reg_d	reg_d
model_region	b ɛ n d	b ɛ n d ə d	b ɛ n t	s ɛ n d	s ɛ n t	s ɛ n t	b ɛ n t	1	0	reg_əd	coda_change	coda_change
model_region	t ɔ s	t ɔ s t	t ɔ s t	n ɹ̩ s	n ɹ̩ s t	n ɹ̩ s t	t ɔ s t	1	1	reg_t	reg_t	reg_t
model_region	w ɪ s p ɹ̩	w ɪ s p ɹ̩ d	w ɪ s p ɹ̩ d	f ɪ ŋ ɡ ɹ̩	f ɪ ŋ ɡ ɹ̩ d	f ɪ ŋ ɡ ɹ̩ d	w ɪ s p ɹ̩ d	1	1	reg_d	reg_d	reg_d
model_region	a ɪ	a ɪ d	a ɪ	o ʊ	o ʊ d	o ʊ d	a ɪ d	0	1	reg_d	no_change	reg_d
model_region	p ɑː p	p ɑː p t	p ɑː p t	m ɑː p	m ɑː p t	m ɑː p t	p ɑː p t	1	1	reg_t	reg_t	reg_t
model_region	ɪ ɡ z ɔ s t	ɪ ɡ z ɔ s t ə d	ɪ ɡ z ɔ s t ə d	d ɪ p ɑː r t	d ɪ p ɑː r t ə d	d ɪ p ɑː r t ə d	ɪ ɡ z ɔ s t ə d	1	1	reg_əd	reg_əd	reg_əd
model_region	b ɪ l d	b ɪ l t	b ɪ l d ə d	b r ɛ d	b r ɛ d ə d	b r ɛ d ə d	b ɪ l d ə d	1	0	coda_change	reg_əd	reg_əd
model_region	w ʌ n d ɹ̩	w ʌ n d ɹ̩ d	w ʌ n d ɹ̩ d	θ ʌ n d ɹ̩	θ ʌ n d ɹ̩ d	θ ʌ n d ɹ̩ d	w ʌ n d ɹ̩ d	1	1	reg_d	reg_d	reg_d
model_region	k r æ k	k r æ k t	k r æ k t	t r æ k	t r æ k t	t r æ k t	k r æ k t	1	1	reg_t	reg_t	reg_t
model_region	n ɪ b ə l	n ɪ b ə l d	n ɪ b ə l d	b æ b ə l	b æ b ə l d	b æ b ə l d	n ɪ b ə l d	1	1	reg_d	reg_d	reg_d
model_region	d ɪ l ɪ v ɹ̩	d ɪ l ɪ v ɹ̩ d	d ɪ l ɪ v ɹ̩ d	f l e ɪ v ɹ̩	f l e ɪ v ɹ̩ d	f l e ɪ v ɹ̩ d	d ɪ l ɪ v ɹ̩ d	1	1	reg_d	reg_d	reg_d
model_region	s k ɛ r	s k ɛ r d	s k ɛ r d	ɡ l ɛ r	ɡ l ɛ r d	ɡ l ɛ r d	s k ɛ r d	1	1	reg_d	reg_d	reg_d
model_region	ɔ f ɹ̩	ɔ f ɹ̩ d	ɔ f ɹ̩ d	ɔ θ ɹ̩	ɔ θ ɹ̩ d	ɔ θ ɹ̩ d	ɔ f ɹ̩ d	1	1	reg_d	reg_d	reg_d
model_region	f l ɑː p	f l ɑː p t	f l ɑː p t	p l ɑː p	p l ɑː p t	p l ɑː p t	f l ɑː p t	1	1	reg_t	reg_t	reg_t
model_region	ə p o ʊ z	ə p o ʊ z d	ə p o ʊ z d	b r a ʊ z	b r a ʊ z d	b r a ʊ z d	ə p o ʊ z d	1	1	reg_d	reg_d	reg_d
model_region	k ʌ l ɹ̩	k ʌ l ɹ̩ d	k ʌ l ɹ̩ d	h ɑː l ɹ̩	h ɑː l ɹ̩ d	h ɑː l ɹ̩ d	k ʌ l ɹ̩ d	1	1	reg_d	reg_d	reg_d
model_region	k æ m p	k æ m p t	k æ m p t	b ʌ m p	b ʌ m p t	b ʌ m p t	k æ m p t	1	1	reg_t	reg_t	reg_t
model_region	s ɛ l	s o ʊ l d	s ɛ l d	j ɛ l	j ɛ l d	j ɛ l d	s ɛ l d	1	0	vowel_change_suffix	reg_d	reg_d
model_region	f l æ p	f l æ p t	f l æ p t	k l æ p	k l æ p t	k l æ p t	f l æ p t	1	1	reg_t	reg_t	reg_t
model_region	p r ɛ s	p r ɛ s t	p r ɛ s t	d r ɛ s	d r ɛ s t	d r ɛ s t	p r ɛ s t	1	1	reg_t	reg_t	reg_t
model_region	f ɪ l	f ɪ l d	f ɪ l d	w ɪ l	w ɪ l d	w ɪ l d	f ɪ l d	1	1	reg_d	reg_d	reg_d
model_region	b r æ n t͡ʃ	b r æ n t͡ʃ t	b r æ n t͡ʃ t	k r ʌ n t͡ʃ	k r ʌ n t͡ʃ t	k r ʌ n t͡ʃ t	b r æ n t͡ʃ t	1	1	reg_t	reg_t	reg_t
model_region	t a ɪ t ə n	t a ɪ t ə n d	t a ɪ t ə n d	s w iː t ə n	s w iː t ə n d	s w iː t ə n d	t a ɪ t ə n d	1	1	reg_d	reg_d	reg_d
model_region	k æ p t ɪ v e ɪ t	k æ p t ɪ v e ɪ t ə d	k æ p t ə v e ɪ t ə d	k ɑː n s ə n t r e ɪ t	k ɑː n s ə n t r e ɪ t ə d	k ɑː n s ə n t r e ɪ t ə d	k æ p t ɪ v e ɪ t ə d	0	1	reg_əd	other	reg_əd
model_region	t o ʊ s t	t o ʊ s t ə d	t o ʊ s t ə d	r o ʊ s t	r o ʊ s t ə d	r o ʊ s t ə d	t o ʊ s t ə d	1	1	reg_əd	reg_əd	reg_əd
model_region	d ɪ s ə p iː r	d ɪ s ə p iː r d	d ɪ s ə p iː p iː r iː ə d	m ɛ r iː	m ɛ r iː d	m ɛ r iː d	d ɪ s ə p iː r d	0	1	reg_d	other	reg_d
model_region	b ɛ r	b o ʊ r	b ɛ r d	ʃ ɛ r	ʃ ɛ r d	ʃ ɛ r d	b ɛ r d	1	0	vowel_change	reg_d	reg_d
model_region	b ɛ r iː	b ɛ r iː d	b ɛ r iː d	h ɛ r iː	h ɛ r iː d	h ɛ r iː d	b ɛ r iː d	1	1	reg_d	reg_d	reg_d
model_region	s n iː k	s n iː k t	s n iː k t	f r iː k	f r iː k t	f r iː k t	s n iː k t	1	1	reg_t	reg_t	reg_t
model_region	l ʌ n t͡ʃ	l ʌ n t͡ʃ t	l ʌ n t͡ʃ t	m ʌ n t͡ʃ	m ʌ n t͡ʃ t	m ʌ n t͡ʃ t	l ʌ n t͡ʃ t	1	1	reg_t	reg_t	reg_t
model_region	m ɛ m ɹ̩ a ɪ z	m ɛ m ɹ̩ a ɪ z d	m ɛ m ɹ̩ a ɪ z d	r iː ə l a ɪ z	r iː ə l a ɪ z d	r iː ə l a ɪ z d	m ɛ m ɹ̩ a ɪ z d	1	1	reg_d	reg_d	reg_d
model_region	h a ɪ d	h ɪ d	h a ɪ d ə d	s a ɪ d	s a ɪ d ə d	s a ɪ d ə d	h a ɪ d ə d	1	0	vowel_change	reg_əd	reg_əd
model_region	w iː l	w iː l d	w iː l d	p iː l	p iː l d	p iː l d	w iː l d	1	1	reg_d	reg_d	reg_d
model_region	p æ t	p æ t ə d	p æ t ə d	t͡ʃ æ t	t͡ʃ æ t ə d	t͡ʃ æ t ə d	p æ t ə d	1	1	reg_əd	reg_əd	reg_əd
model_region	s k æ m p ɹ̩	s k æ m p ɹ̩ d	s k æ m p ɹ̩ d	f l e ɪ v ɹ̩	f l e ɪ v ɹ̩ d	f l e ɪ v ɹ̩ d	s k æ m p ɹ̩ d	1	1	reg_d	reg_d	reg_d
model_region	p iː r	p iː r d	p iː r d	t͡ʃ iː r	t͡ʃ iː r d	t͡ʃ iː r d	p iː r d	1	1	reg_d	reg_d	reg_d
model_region	ʃ æ m p uː	ʃ æ m p uː d	ʃ æ m p uː d	ɑː r ɡ j uː	ɑː r ɡ j uː d	ɑː r ɡ j uː d	ʃ æ m p uː d	1	1	reg_d	reg_d	reg_d
model_region	r e ɪ s	r e ɪ s t	r e ɪ s t	l e ɪ s	l e ɪ s t	l e ɪ s t	r e ɪ s t	1	1	reg_t	reg_t	reg_t
model_region	s t r ɛ t͡ʃ	s t r ɛ t͡ʃ t	s t r ɛ t͡ʃ t	s k r æ t͡ʃ	s k r æ t͡ʃ t	s k r æ t͡ʃ t	s t r ɛ t͡ʃ t	1	1	reg_t	reg_t	reg_t
model_region	k ə l æ p s	k ə l æ p s t	k ə l æ p s t	r ɪ d͡ʒ ɔ ɪ s	r ɪ d͡ʒ ɔ ɪ s t	r ɪ d͡ʒ ɔ ɪ s t	k ə l æ p s t	1	1	reg_t	reg_t	reg_t
model_region	d r ɪ f t	d r ɪ f t ə d	d r ɪ f t ə d	d ɪ f iː t	d ɪ f iː t ə d	d ɪ f iː t ə d	d r ɪ f t ə d	1	1	reg_əd	reg_əd	reg_əd
model_region	s t æ b	s t æ b d	s t æ b d	ɡ r æ b	ɡ r æ b d	ɡ r æ b d	s t æ b d	1	1	reg_d	reg_d	reg_d
model_region	t͡ʃ uː	t͡ʃ uː d	t͡ʃ uː d	w uː	w uː d	w uː d	t͡ʃ uː d	1	1	reg_d	reg_d	reg_d
model_region	b ʌ b ə l	b ʌ b ə l d	b ʌ b ə l d	b æ b ə l	b æ b ə l d	b æ b ə l d	b ʌ b ə l d	1	1	reg_d	reg_d	reg_d
model_region	s a ʊ ɹ̩	s a ʊ ɹ̩ d	s a ʊ ɹ̩ d	t a ʊ ɹ̩	t a ʊ ɹ̩ d	t a ʊ ɹ̩ d	s a ʊ ɹ̩ d	1	1	reg_d	reg_d	reg_d
model_region	s t æ m p	s t æ m p t	s t æ m p t	k l æ m p	k l æ m p t	k l æ m p t	s t æ m p t	1	1	reg_t	reg_t	reg_t
model_region	d͡ʒ ɹ̩ k	d͡ʒ ɹ̩ k t	d͡ʒ ɹ̩ k t	w ɹ̩ k	w ɹ̩ k t	w ɹ̩ k t	d͡ʒ ɹ̩ k t	1	1	reg_t	reg_t	reg_t
model_region	s ɔ	s ɔ d	s ɔ d	θ ɔ	θ ɔ d	θ ɔ d	s ɔ d	1	1	reg_d	reg_d	reg_d
model_region	f l ɪ p	f l ɪ p t	f l ɪ p t	k l ɪ p	k l ɪ p t	k l ɪ p t	f l ɪ p t	1	1	reg_t	reg_t	reg_t
model_region	h iː l	h iː l d	h ɹ̩ l d	h iː r	h ɹ̩ d	h ɹ̩ d	NA	0	0	reg_d	vowel_change_suffix	rhyme_replaced
model_region	s k r iː m	s k r iː m d	s k r iː m d	s t ɔ r m	s t ɔ r m d	s t ɔ r m d	s k r iː m d	1	1	reg_d	reg_d	reg_d
model_region	h ʊ k	h ʊ k t	h ʊ k t	b ʊ k	b ʊ k t	b ʊ k t	h ʊ k t	1	1	reg_t	reg_t	reg_t
model_region	p ɪ t	p ɪ t ə d	p ɪ t ə d	f ɪ t	f ɪ t	f ɪ t	p ɪ t	0	0	reg_əd	reg_əd	no_change
model_region	t r ʌ b ə l	t r ʌ b ə l d	t r ʌ b ə l d	t ʌ m b ə l	t ʌ m b ə l d	t ʌ m b ə l d	t r ʌ b ə l d	1	1	reg_d	reg_d	reg_d
model_region	ɪ m p r ə v a ɪ z	ɪ m p r ə v a ɪ z d	ɪ m p r o ʊ z d	r a ɪ t	r o ʊ t	r o ʊ t	NA	0	0	reg_d	other	vowel_change
model_region	n e ɪ l	n e ɪ l d	n e ɪ l d	d͡ʒ e ɪ l	d͡ʒ e ɪ l d	d͡ʒ e ɪ l d	n e ɪ l d	1	1	reg_d	reg_d	reg_d
model_region	b a ɪ k	b a ɪ k t	b a ɪ k t	h a ɪ k	h a ɪ k t	h a ɪ k t	b a ɪ k t	1	1	reg_t	reg_t	reg_t
model_region	l ɑː k	l ɑː k t	l ɑː k t	n ɑː k	n ɑː k t	n ɑː k t	l ɑː k t	1	1	reg_t	reg_t	reg_t
model_region	r ɛ s t	r ɛ s t ə d	r ɛ s t ə d	b ɛ s t	b ɛ s t ə d	b ɛ s t ə d	r ɛ s t ə d	1	1	reg_əd	reg_əd	reg_əd
model_region	b iː p	b iː p t	b iː p t	m ɑː p	m ɑː p t	m ɑː p t	b iː p t	1	1	reg_t	reg_t	reg_t
model_region	s ɪ p	s ɪ p t	s æ p t	s ɪ t	s æ t	s æ t	NA	0	0	reg_t	vowel_change_suffix	vowel_change
model_region	ɪ s k e ɪ p	ɪ s k e ɪ p t	ɪ s k e ɪ p t	s k r e ɪ p	s k r e ɪ p t	s k r e ɪ p t	ɪ s k e ɪ p t	1	1	reg_t	reg_t	reg_t
model_region	k ə n t r o ʊ l	k ə n t r o ʊ l d	k ə n t r o ʊ l d	s t r æ ŋ ɡ ə l	s t r æ ŋ ɡ ə l d	s t r æ ŋ ɡ ə l d	k ə n t r o ʊ l d	1	1	reg_d	reg_d	reg_d
model_region	h ʌ d ə l	h ʌ d ə l d	h ʌ d ə l d	k ʌ d ə l	k ʌ d ə l d	k ʌ d ə l d	h ʌ d ə l d	1	1	reg_d	reg_d	reg_d
model_region	s w uː ʃ	s w uː ʃ t	s w uː ʃ t	b r ʌ ʃ	b r ʌ ʃ t	b r ʌ ʃ t	s w uː ʃ t	1	1	reg_t	reg_t	reg_t
model_region	f a ɪ n d	f a ʊ n d	f a ɪ n d ə d	m a ɪ n d	m a ɪ n d ə d	m a ɪ n d ə d	f a ɪ n d ə d	1	0	vowel_change	reg_əd	reg_əd
model_region	k ɔ ɪ l	k ɔ ɪ l d	k ɔ ɪ l d	s t ɪ l	s t ɪ l d	s t ɪ l d	k ɔ ɪ l d	1	1	reg_d	reg_d	reg_d
model_region	r ə f ɹ̩	r ə f ɹ̩ d	r ə f ɹ̩ d	f a ɪ ɹ̩	f a ɪ ɹ̩ d	f a ɪ ɹ̩ d	r ə f ɹ̩ d	1	1	reg_d	reg_d	reg_d
model_region	ʃ e ɪ v	ʃ e ɪ v d	ʃ e ɪ v d	s e ɪ v	s e ɪ v d	s e ɪ v d	ʃ e ɪ v d	1	1	reg_d	reg_d	reg_d
model_region	d ɪ s k r a ɪ b	d ɪ s k r a ɪ b d	d ɪ s k r o ʊ b d	r a ɪ m	r o ʊ m	r a ɪ m d	NA	0	0	reg_d	vowel_change_suffix	vowel_change
model_region	p r iː z ɛ n t	p r iː z ɛ n t ə d	p r iː z ɛ n t ə d	r ɪ k w ɛ s t	r ɪ k w ɛ s t ə d	r ɪ k w ɛ s t ə d	p r iː z ɛ n t ə d	1	1	reg_əd	reg_əd	reg_əd
model_region	ɪ ɡ z ɪ s t	ɪ ɡ z ɪ s t ə d	ɪ ɡ z ɪ s t ə d	ɪ n s ɪ s t	ɪ n s ɪ s t ə d	ɪ n s ɪ s t ə d	ɪ ɡ z ɪ s t ə d	1	1	reg_əd	reg_əd	reg_əd
model_region	b ɔ r	b ɔ r d	b ɔ r d	r ɔ r	r ɔ r d	r ɔ r d	b ɔ r d	1	1	reg_d	reg_d	reg_d
model_region	uː z	uː z d	uː z d	n iː	n iː d	n iː d	uː z d	1	1	reg_d	reg_d	reg_d
model_region	r ɑː b	r ɑː b d	r ɑː b d	n æ b	n æ b d	n æ b d	r ɑː b d	1	1	reg_d	reg_d	reg_d
model_region	t r æ p	t r æ p t	t r æ p t	s l æ p	s l æ p t	s l æ p t	t r æ p t	1	1	reg_t	reg_t	reg_t
model_region	b æ ʃ	b æ ʃ t	b æ ʃ t	m æ ʃ	m æ ʃ t	m æ ʃ t	b æ ʃ t	1	1	reg_t	reg_t	reg_t
model_region	æ k t	æ k t ə d	æ k t ə d	p ʊ t	p ʊ t	p ʊ t	æ k t	0	0	reg_əd	reg_əd	no_change
model_region	s t o ʊ n	s t o ʊ n d	s t o ʊ n d	d r a ʊ n	d r a ʊ n d	d r a ʊ n d	s t o ʊ n d	1	1	reg_d	reg_d	reg_d
model_region	f l ɪ ŋ	f l ʌ ŋ	f l ʌ ŋ	k l ɪ ŋ	k l ʌ ŋ	k l ʌ ŋ	f l ʌ ŋ	1	1	vowel_change	vowel_change	vowel_change
model_region	k w ɪ t	k w ɪ t	k w ɪ t	k ɑː s t	k ɑː s t	k ɑː s t	k w ɪ t	1	1	no_change	no_change	no_change
model_region	p r ə f ɹ̩	p r ə f ɹ̩ d	p r ə f ɹ̩ d	f ɪ ɡ j ɹ̩	f ɪ ɡ j ɹ̩ d	f ɪ ɡ j ɹ̩ d	p r ə f ɹ̩ d	1	1	reg_d	reg_d	reg_d
model_region	ə n l ɑː k	ə n l ɑː k t	ə n l ɑː k t	p l ʌ ŋ k	p l ʌ ŋ k t	p l ʌ ŋ k t	ə n l ɑː k t	1	1	reg_t	reg_t	reg_t
model_region	m æ n ə d͡ʒ	m æ n ə d͡ʒ d	m æ n ə d͡ʒ d	s p ʌ n d͡ʒ	s p ʌ n d͡ʒ d	s p ʌ n d͡ʒ d	m æ n ə d͡ʒ d	1	1	reg_d	reg_d	reg_d
model_region	s ɛ n t ɹ̩	s ɛ n t ɹ̩ d	s ɛ n t ɹ̩ d	ʃ ɛ l t ɹ̩	ʃ ɛ l t ɹ̩ d	ʃ ɛ l t ɹ̩ d	s ɛ n t ɹ̩ d	1	1	reg_d	reg_d	reg_d
model_region	s p ɑː t	s p ɑː t ə d	s p ɑː t ə d	s w ɑː t	s w ɑː t ə d	s w ɑː t ə d	s p ɑː t ə d	1	1	reg_əd	reg_əd	reg_əd
model_region	m o ʊ	m o ʊ d	m o ʊ d	r o ʊ	r o ʊ d	r o ʊ d	m o ʊ d	1	1	reg_d	reg_d	reg_d
model_region	t æ t uː	t æ t uː d	t æ t uː d	s k r uː	s k r uː d	s k r uː d	t æ t uː d	1	1	reg_d	reg_d	reg_d
model_region	s a ɪ z	s a ɪ z d	s a ɪ z d	k w ɪ z	k w ɪ z d	k w ɪ z d	s a ɪ z d	1	1	reg_d	reg_d	reg_d
model_region	p ɹ̩ f ɛ k t	p ɹ̩ f ɛ k t ə d	p ɹ̩ f ɛ k t ə d	æ k s ɛ p t	æ k s ɛ p t ə d	æ k s ɛ p t ə d	p ɹ̩ f ɛ k t ə d	1	1	reg_əd	reg_əd	reg_əd
model_region	t r e ɪ n	t r e ɪ n d	t r e ɪ n d	p l e ɪ n	p l e ɪ n d	p l e ɪ n d	t r e ɪ n d	1	1	reg_d	reg_d	reg_d
model_region	p ʌ n ɪ ʃ	p ʌ n ɪ ʃ t	p ʌ n ɪ ʃ t	v æ n ɪ ʃ	v æ n ɪ ʃ t	v æ n ɪ ʃ t	p ʌ n ɪ ʃ t	1	1	reg_t	reg_t	reg_t
model_region	l uː s	l uː s t	l uː s t	m ɛ s	m ɛ s t	m ɛ s t	l uː s t	1	1	reg_t	reg_t	reg_t
model_region	t ɑː p ə l	t ɑː p ə l d	t ɑː p ə l d	k ʌ p ə l	k ʌ p ə l d	k ʌ p ə l d	t ɑː p ə l d	1	1	reg_d	reg_d	reg_d
model_region	s k r æ p	s k r æ p t	s k r æ p t	s t r æ p	s t r æ p t	s t r æ p t	s k r æ p t	1	1	reg_t	reg_t	reg_t
model_region	k r æ m	k r æ m d	k r æ m d	f ɑː r m	f ɑː r m d	f ɑː r m d	k r æ m d	1	1	reg_d	reg_d	reg_d
model_region	p ɪ t͡ʃ	p ɪ t͡ʃ t	p ɪ t͡ʃ t	p æ t͡ʃ	p æ t͡ʃ t	p æ t͡ʃ t	p ɪ t͡ʃ t	1	1	reg_t	reg_t	reg_t
model_region	s m æ ʃ	s m æ ʃ t	s m æ ʃ t	b l ʌ ʃ	b l ʌ ʃ t	b l ʌ ʃ t	s m æ ʃ t	1	1	reg_t	reg_t	reg_t
model_region	f e ɪ l	f e ɪ l d	f e ɪ l d	f a ɪ l	f a ɪ l d	f a ɪ l d	f e ɪ l d	1	1	reg_d	reg_d	reg_d
model_region	b l o ʊ t	b l o ʊ t ə d	b l o ʊ t ə d	f l o ʊ t	f l o ʊ t ə d	f l o ʊ t ə d	b l o ʊ t ə d	1	1	reg_əd	reg_əd	reg_əd
model_region	s k w iː k	s k w iː k t	s k w iː k t	s m o ʊ k	s m o ʊ k t	s m o ʊ k t	s k w iː k t	1	1	reg_t	reg_t	reg_t
model_region	s k ɹ̩ t	s k ɹ̩ t ə d	s k ɹ̩ t ə d	h e ɪ t	h e ɪ t ə d	h e ɪ t ə d	s k ɹ̩ t ə d	1	1	reg_əd	reg_əd	reg_əd
model_region	b l ɪ ŋ k	b l ɪ ŋ k t	b l æ ŋ k	d r ɪ ŋ k	d r æ ŋ k	d r æ ŋ k	b l æ ŋ k	1	0	reg_t	vowel_change	vowel_change
model_region	w æ ɡ	w æ ɡ d	w æ ɡ d	ɡ æ ɡ	ɡ æ ɡ d	ɡ æ ɡ d	w æ ɡ d	1	1	reg_d	reg_d	reg_d
model_region	h æ t͡ʃ	h æ t͡ʃ t	h æ t͡ʃ t	m æ t͡ʃ	m æ t͡ʃ t	m æ t͡ʃ t	h æ t͡ʃ t	1	1	reg_t	reg_t	reg_t
model_region	h a ʊ z	h a ʊ z d	h a ʊ z d	n o ʊ z	n o ʊ z d	n o ʊ z d	h a ʊ z d	1	1	reg_d	reg_d	reg_d
model_region	w ɑː f ə l	w ɑː f ə l d	w ɑː f ə l d	ʃ ʌ f ə l	ʃ ʌ f ə l d	ʃ ʌ f ə l d	w ɑː f ə l d	1	1	reg_d	reg_d	reg_d
model_region	b ʌ t ə n	b ʌ t ə n d	b ʌ t ə n d	h æ p ə n	h æ p ə n d	h æ p ə n d	b ʌ t ə n d	1	1	reg_d	reg_d	reg_d
model_region	k ɹ̩ iː n	k ɹ̩ iː n d	k ɹ̩ iː n d	k l iː n	k l iː n d	k l iː n d	k ɹ̩ iː n d	1	1	reg_d	reg_d	reg_d
model_region	s t r ɪ p	s t r ɪ p t	s t r æ p t	s p r ɪ ŋ	s p r æ ŋ	s p r æ ŋ	NA	0	0	reg_t	vowel_change_suffix	vowel_change
model_region	p r a ɪ z	p r a ɪ z d	p r a ɪ z	b r a ʊ z	b r a ʊ z d	b r a ʊ z d	p r a ɪ z d	0	1	reg_d	no_change	reg_d
model_region	k ə n f j uː z	k ə n f j uː z d	k ə n f j uː z d	ɪ k s k j uː z	ɪ k s k j uː z d	ɪ k s k j uː z d	k ə n f j uː z d	1	1	reg_d	reg_d	reg_d
model_region	p l ʌ ɡ	p l ʌ ɡ d	p l ʌ ɡ d	s l ʌ ɡ	s l ʌ ɡ d	s l ʌ ɡ d	p l ʌ ɡ d	1	1	reg_d	reg_d	reg_d
model_region	k ɹ̩ s	k ɹ̩ s t	k ɹ̩ s t	n ɹ̩ s	n ɹ̩ s t	n ɹ̩ s t	k ɹ̩ s t	1	1	reg_t	reg_t	reg_t
model_region	f e ɪ n t	f e ɪ n t ə d	f e ɪ n t ə d	p e ɪ n t	p e ɪ n t ə d	p e ɪ n t ə d	f e ɪ n t ə d	1	1	reg_əd	reg_əd	reg_əd
model_region	r iː p l e ɪ s	r iː p l e ɪ s t	r iː p l e ɪ s t	p r æ k t ɪ s	p r æ k t ɪ s t	p r æ k t ɪ s t	r iː p l e ɪ s t	1	1	reg_t	reg_t	reg_t
model_region	ɡ ɑː r d	ɡ ɑː r d ə d	ɡ ɑː r d ə d	p l ɑː d	p l ɑː d ə d	p l ɑː d ə d	ɡ ɑː r d ə d	1	1	reg_əd	reg_əd	reg_əd
model_region	ɡ l ʌ v	ɡ l ʌ v d	ɡ l ʌ v d	s ɑː l v	s ɑː l v d	s ɑː l v d	ɡ l ʌ v d	1	1	reg_d	reg_d	reg_d
model_region	s ɔ l t	s ɔ l t ə d	s ɔ l t ə d	s ɔ r t	s ɔ r t ə d	s ɔ r t ə d	s ɔ l t ə d	1	1	reg_əd	reg_əd	reg_əd
model_region	s t ɛ r	s t ɛ r d	s t ɛ r d	s t ɔ r	s t ɔ r d	s t ɔ r d	s t ɛ r d	1	1	reg_d	reg_d	reg_d
model_region	k ə m b a ɪ n	k ə m b a ɪ n d	k ə m b a ɪ n d	k w ɛ s t͡ʃ ə n	k w ɛ s t͡ʃ ə n d	k w ɛ s t͡ʃ ə n d	k ə m b a ɪ n d	1	1	reg_d	reg_d	reg_d
model_region	f r ʌ n t	f r ʌ n t ə d	f r ʌ n t ə d	p l æ n t	p l æ n t ə d	p l æ n t ə d	f r ʌ n t ə d	1	1	reg_əd	reg_əd	reg_əd
model_region	ɡ ɑː r b ə l	ɡ ɑː r b ə l d	ɡ ɑː r b ə l d	r ʌ m b ə l	r ʌ m b ə l d	r ʌ m b ə l d	ɡ ɑː r b ə l d	1	1	reg_d	reg_d	reg_d
model_region	p æ m p ɹ̩	p æ m p ɹ̩ d	p æ m p ɹ̩ d	f ɪ ŋ ɡ ɹ̩	f ɪ ŋ ɡ ɹ̩ d	f ɪ ŋ ɡ ɹ̩ d	p æ m p ɹ̩ d	1	1	reg_d	reg_d	reg_d
model_region	f iː r	f iː r d	f ɛ r d	f iː d	f ɛ d	f ɛ d	NA	0	0	reg_d	vowel_change_suffix	vowel_change
model_region	ʃ ʌ v ə l	ʃ ʌ v ə l d	ʃ ʌ v ə l d	ʃ ʌ f ə l	ʃ ʌ f ə l d	ʃ ʌ f ə l d	ʃ ʌ v ə l d	1	1	reg_d	reg_d	reg_d
model_region	s k ɛ d͡ʒ ʊ l	s k ɛ d͡ʒ ʊ l d	s k ɛ d͡ʒ ɛ l d	s p ʌ n d͡ʒ	s p ʌ n d͡ʒ d	s p ʌ n d͡ʒ d	s k ɛ d͡ʒ ʊ l d	0	1	reg_d	vowel_change_suffix	reg_d
model_region	f l ʌ t ɹ̩	f l ʌ t ɹ̩ d	f l ʌ t ɹ̩ d	k l ʌ t ɹ̩	k l ʌ t ɹ̩ d	k l ʌ t ɹ̩ d	f l ʌ t ɹ̩ d	1	1	reg_d	reg_d	reg_d
model_region	s p ɑː r k ə l	s p ɑː r k ə l d	s p ɑː r k ə l d	s k r ɪ b ə l	s k r ɪ b ə l d	s k r ɪ b ə l d	s p ɑː r k ə l d	1	1	reg_d	reg_d	reg_d
model_region	r ɪ s p ɑː n d	r ɪ s p ɑː n d ə d	r ɪ s p ɑː n d ə d	d ɪ s k ɑː r d	d ɪ s k ɑː r d ə d	d ɪ s k ɑː r d ə d	r ɪ s p ɑː n d ə d	1	1	reg_əd	reg_əd	reg_əd
model_region	t æ t ɹ̩	t æ t ɹ̩ d	t æ t ɹ̩ d	m æ t ɹ̩	m æ t ɹ̩ d	m æ t ɹ̩ d	t æ t ɹ̩ d	1	1	reg_d	reg_d	reg_d
model_region	p ɑː k ə t	p ɑː k ə t ə d	p ɑː k ə t ə d	r ɑː k ə t	r ɑː k ə t ə d	r ɑː k ə t ə d	p ɑː k ə t ə d	1	1	reg_əd	reg_əd	reg_əd
model_region	d͡ʒ æ ŋ ɡ ə l	d͡ʒ æ ŋ ɡ ə l d	d͡ʒ æ ŋ ɡ ə l d	d æ ŋ ɡ ə l	d æ ŋ ɡ ə l d	d æ ŋ ɡ ə l d	d͡ʒ æ ŋ ɡ ə l d	1	1	reg_d	reg_d	reg_d
model_region	p iː p	p iː p t	p iː p t	l uː p	l uː p t	l uː p t	p iː p t	1	1	reg_t	reg_t	reg_t
model_region	æ k s ɛ s ɹ̩ a ɪ z	æ k s ɛ s ɹ̩ a ɪ z d	æ s ɛ s ɛ s a ɪ z d	n ɛ r o ʊ	n ɛ r o ʊ d	n ɛ r o ʊ d	æ k s ɛ s ɹ̩ a ɪ z d	0	1	reg_d	other	reg_d
model_region	r ɛ d͡ʒ ɪ s t ɹ̩	r ɛ d͡ʒ ɪ s t ɹ̩ d	r ɛ d͡ʒ ɪ s t ɹ̩ d	s p l ɪ n t ɹ̩	s p l ɪ n t ɹ̩ d	s p l ɪ n t ɹ̩ d	r ɛ d͡ʒ ɪ s t ɹ̩ d	1	1	reg_d	reg_d	reg_d
model_region	ɡ l o ʊ	ɡ l o ʊ d	ɡ l uː	b l o ʊ	b l uː	b l uː	ɡ l uː	1	0	reg_d	vowel_change	vowel_change
model_region	k ɑː m ɛ n t	k ɑː m ɛ n t ə d	k ɑː m ɛ n t ə d	d ɪ p ɑː r t	d ɪ p ɑː r t ə d	d ɪ p ɑː r t ə d	k ɑː m ɛ n t ə d	1	1	reg_əd	reg_əd	reg_əd
model_region	r ə f j uː z	r ə f j uː z d	r ə f j uː z d	s ə p o ʊ z	s ə p o ʊ z d	s ə p o ʊ z d	r ə f j uː z d	1	1	reg_d	reg_d	reg_d
model_region	w ɛ d	w ɛ d	w ɛ d ə d	l ɛ d	l ɛ d ə d	l ɛ d ə d	w ɛ d ə d	1	0	no_change	reg_əd	reg_əd
model_region	d a ʊ n	d a ʊ n d	d a ʊ n d	f o ʊ n	f o ʊ n d	f o ʊ n d	d a ʊ n d	1	1	reg_d	reg_d	reg_d
model_region	t͡ʃ ɪ p	t͡ʃ ɪ p t	t͡ʃ ɪ p t	n ɪ p	n ɪ p t	n ɪ p t	t͡ʃ ɪ p t	1	1	reg_t	reg_t	reg_t
model_region	d ɹ̩ ɛ k t	d ɹ̩ ɛ k t ə d	d ɹ̩ ɛ k t ə d	k ɹ̩ ɛ k t	k ɹ̩ ɛ k t ə d	k ɹ̩ ɛ k t ə d	d ɹ̩ ɛ k t ə d	1	1	reg_əd	reg_əd	reg_əd
model_region	d ɪ f ɛ n d	d ɪ f ɛ n d ə d	d ɪ f ɛ n d ə d	d ɪ p ɛ n d	d ɪ p ɛ n d ə d	d ɪ p ɛ n d ə d	d ɪ f ɛ n d ə d	1	1	reg_əd	reg_əd	reg_əd
model_region	p a ʊ n d	p a ʊ n d ə d	p a ʊ n d ə d	s a ʊ n d	s a ʊ n d ə d	s a ʊ n d ə d	p a ʊ n d ə d	1	1	reg_əd	reg_əd	reg_əd
model_region	d r e ɪ p	d r e ɪ p t	d r e ɪ p t	w ɹ̩ ʃ ɪ p	w ɹ̩ ʃ ɪ p t	w ɹ̩ ʃ ɪ p t	d r e ɪ p t	1	1	reg_t	reg_t	reg_t
model_region	k ə n t e ɪ n	k ə n t e ɪ n d	k ə n t e ɪ n d	ə n b ʌ t ə n	ə n b ʌ t ə n d	ə n b ʌ t ə n d	k ə n t e ɪ n d	1	1	reg_d	reg_d	reg_d
model_region	s iː z ə n	s iː z ə n d	s iː z ə n d	l uː s ə n	l uː s ə n d	l uː s ə n d	s iː z ə n d	1	1	reg_d	reg_d	reg_d
model_region	k r a ʊ t͡ʃ	k r a ʊ t͡ʃ t	k r a ʊ t͡ʃ t	k r ʌ n t͡ʃ	k r ʌ n t͡ʃ t	k r ʌ n t͡ʃ t	k r a ʊ t͡ʃ t	1	1	reg_t	reg_t	reg_t
model_region	h ɪ p n ə t a ɪ z	h ɪ p n ə t a ɪ z d	h ɪ t ə t ə d	m ʌ l t ə p l a ɪ	m ʌ l t ə p l a ɪ d	m ʌ l t ə p l a ɪ d	h ɪ p n ə t a ɪ z d	0	1	reg_d	other	reg_d
model_region	k ə n d ɛ n s	k ə n d ɛ n s t	k ə n d ɛ n s t	k ə n v ɪ n s	k ə n v ɪ n s t	k ə n v ɪ n s t	k ə n d ɛ n s t	1	1	reg_t	reg_t	reg_t
model_region	k r æ ŋ k	k r æ ŋ k t	k r æ ŋ k	p l ʌ ŋ k	p l ʌ ŋ k t	p l ʌ ŋ k t	k r æ ŋ k t	0	1	reg_t	no_change	reg_t
model_region	k l a ʊ d	k l a ʊ d ə d	k l a ʊ d ə d	k r a ʊ d	k r a ʊ d ə d	k r a ʊ d ə d	k l a ʊ d ə d	1	1	reg_əd	reg_əd	reg_əd
model_region	r e ɪ d	r e ɪ d ə d	r e ɪ d ə d	f e ɪ d	f e ɪ d ə d	f e ɪ d ə d	r e ɪ d ə d	1	1	reg_əd	reg_əd	reg_əd
model_region	f ɪ l t ɹ̩	f ɪ l t ɹ̩ d	f ɪ l t ɹ̩ d	ʃ ɛ l t ɹ̩	ʃ ɛ l t ɹ̩ d	ʃ ɛ l t ɹ̩ d	f ɪ l t ɹ̩ d	1	1	reg_d	reg_d	reg_d
model_region	t æ ŋ ɡ ə l	t æ ŋ ɡ ə l d	t æ ŋ ɡ ə l d	d æ ŋ ɡ ə l	d æ ŋ ɡ ə l d	d æ ŋ ɡ ə l d	t æ ŋ ɡ ə l d	1	1	reg_d	reg_d	reg_d
model_region	p l æ s t ɹ̩	p l æ s t ɹ̩ d	p l æ s t ɹ̩ d	f l e ɪ v ɹ̩	f l e ɪ v ɹ̩ d	f l e ɪ v ɹ̩ d	p l æ s t ɹ̩ d	1	1	reg_d	reg_d	reg_d
model_region	ʃ e ɪ d	ʃ e ɪ d ə d	ʃ e ɪ d ə d	f e ɪ d	f e ɪ d ə d	f e ɪ d ə d	ʃ e ɪ d ə d	1	1	reg_əd	reg_əd	reg_əd
model_region	t r ʌ s t	t r ʌ s t ə d	t r ʌ s t ə d	r o ʊ s t	r o ʊ s t ə d	r o ʊ s t ə d	t r ʌ s t ə d	1	1	reg_əd	reg_əd	reg_əd
model_region	s æ n d	s æ n d ə d	s æ n t ə d	s ɛ n d	s ɛ n t	s ɛ n t	s æ n t	0	0	reg_əd	other	coda_change
model_region	d ɪ z ɑː l v	d ɪ z ɑː l v d	d ɪ z ɑː l v d	b ɪ h e ɪ v	b ɪ h e ɪ v d	b ɪ h e ɪ v d	d ɪ z ɑː l v d	1	1	reg_d	reg_d	reg_d
model_region	r æ k	r æ k t	r æ k t	d͡ʒ æ k	d͡ʒ æ k t	d͡ʒ æ k t	r æ k t	1	1	reg_t	reg_t	reg_t
model_region	ʃ ɛ l	ʃ ɛ l d	ʃ ɛ l d	j ɛ l	j ɛ l d	j ɛ l d	ʃ ɛ l d	1	1	reg_d	reg_d	reg_d
model_region	s w ɑː p	s w ɑː p t	s w ɑː p t	p l ɑː p	p l ɑː p t	p l ɑː p t	s w ɑː p t	1	1	reg_t	reg_t	reg_t
model_region	r iː l iː s	r iː l iː s t	r iː l iː s t	s ɹ̩ v ɪ s	s ɹ̩ v ɪ s t	s ɹ̩ v ɪ s t	r iː l iː s t	1	1	reg_t	reg_t	reg_t
model_region	r e ɪ k	r e ɪ k t	r e ɪ k t	f e ɪ k	f e ɪ k t	f e ɪ k t	r e ɪ k t	1	1	reg_t	reg_t	reg_t
model_region	k æ n s ə l	k æ n s ə l d	k æ n s ə l d	h æ n d ə l	h æ n d ə l d	h æ n d ə l d	k æ n s ə l d	1	1	reg_d	reg_d	reg_d
model_region	s p a ɪ	s p a ɪ d	s p a ɪ d	p r a ɪ	p r a ɪ d	p r a ɪ d	s p a ɪ d	1	1	reg_d	reg_d	reg_d
model_region	f j uː m	f j uː m d	f j uː m d	s t iː m	s t iː m d	s t iː m d	f j uː m d	1	1	reg_d	reg_d	reg_d
model_region	p r iː p ɛ r	p r iː p ɛ r d	p r iː p ɛ r d	d ɪ k l ɛ r	d ɪ k l ɛ r d	d ɪ k l ɛ r d	p r iː p ɛ r d	1	1	reg_d	reg_d	reg_d
model_region	d ɪ s p o ʊ z	d ɪ s p o ʊ z d	d ɪ s p o ʊ z d	b ʊ l d o ʊ z	b ʊ l d o ʊ z d	b ʊ l d o ʊ z d	d ɪ s p o ʊ z d	1	1	reg_d	reg_d	reg_d
model_region	k ə n d ʌ k t	k ə n d ʌ k t ə d	k ə n d ʌ k t ə d	d͡ʒ ɛ n ɹ̩ e ɪ t	d͡ʒ ɛ n ɹ̩ e ɪ t ə d	d͡ʒ ɛ n ɹ̩ e ɪ t ə d	k ə n d ʌ k t ə d	1	1	reg_əd	reg_əd	reg_əd
model_region	s t ɪ ŋ k	s t ʌ ŋ k	s t ʌ ŋ k t	s t æ n d	s t ʊ d	s t ʊ d	NA	0	0	vowel_change	vowel_change_suffix	rhyme_replaced
model_region	d r e ɪ n	d r e ɪ n d	d r e ɪ n d	p l e ɪ n	p l e ɪ n d	p l e ɪ n d	d r e ɪ n d	1	1	reg_d	reg_d	reg_d
model_region	ə n p l ʌ ɡ	ə n p l ʌ ɡ d	ə n p l ʌ ɡ d	z ɪ ɡ z æ ɡ	z ɪ ɡ z æ ɡ d	z ɪ ɡ z æ ɡ d	ə n p l ʌ ɡ d	1	1	reg_d	reg_d	reg_d
model_region	h æ l o ʊ	h æ l o ʊ d	h æ l o ʊ d	n ɛ r o ʊ	n ɛ r o ʊ d	n ɛ r o ʊ d	h æ l o ʊ d	1	1	reg_d	reg_d	reg_d
model_region	ɪ n t ɹ̩ æ k t	ɪ n t ɹ̩ æ k t ə d	ɪ n t ɹ̩ æ k t ə d	d͡ʒ ɛ n ɹ̩ e ɪ t	d͡ʒ ɛ n ɹ̩ e ɪ t ə d	d͡ʒ ɛ n ɹ̩ e ɪ t ə d	ɪ n t ɹ̩ æ k t ə d	1	1	reg_əd	reg_əd	reg_əd
model_region	ə b s ɛ s	ə b s ɛ s t	ə b b ɛ s t	h o ʊ l d	h ɛ l d	h ɛ l d	NA	0	0	reg_t	other	vowel_change
model_region	s n æ t͡ʃ	s n æ t͡ʃ t	s n æ t͡ʃ t	p ʌ n t͡ʃ	p ʌ n t͡ʃ t	p ʌ n t͡ʃ t	s n æ t͡ʃ t	1	1	reg_t	reg_t	reg_t
model_region	t æ p	t æ p t	t æ p t	k æ p	k æ p t	k æ p t	t æ p t	1	1	reg_t	reg_t	reg_t
model_region	t r æ ʃ	t r æ ʃ t	t r æ ʃ t	b r ʌ ʃ	b r ʌ ʃ t	b r ʌ ʃ t	t r æ ʃ t	1	1	reg_t	reg_t	reg_t
model_region	ʃ ɪ v ɹ̩	ʃ ɪ v ɹ̩ d	ʃ ɪ v ɹ̩ d	b ɛ t ɹ̩	b ɛ t ɹ̩ d	b ɛ t ɹ̩ d	ʃ ɪ v ɹ̩ d	1	1	reg_d	reg_d	reg_d
model_region	r iː f ɪ l	r iː f ɪ l d	r iː f ɪ l d	s p ɔ ɪ l	s p ɔ ɪ l d	s p ɔ ɪ l d	r iː f ɪ l d	1	1	reg_d	reg_d	reg_d
model_region	d ʌ b	d ʌ b d	d ʌ b d	r ʌ b	r ʌ b d	r ʌ b d	d ʌ b d	1	1	reg_d	reg_d	reg_d
model_region	r ɪ p ɛ r	r ɪ p ɛ r d	r ɪ p ɛ r d	s k w ɛ r	s k w ɛ r d	s k w ɛ r d	r ɪ p ɛ r d	1	1	reg_d	reg_d	reg_d
model_region	s t e ɪ k	s t e ɪ k t	s t e ɪ k t	s m o ʊ k	s m o ʊ k t	s m o ʊ k t	s t e ɪ k t	1	1	reg_t	reg_t	reg_t
model_region	ɛ r	ɛ r d	ɛ r d	ɛ d͡ʒ	ɛ d͡ʒ d	ɛ d͡ʒ d	ɛ r d	1	1	reg_d	reg_d	reg_d
model_region	t r ʌ m p ə t	t r ʌ m p ə t ə d	t r ʌ m p ə t ə d	p r ə t ɛ k t	p r ə t ɛ k t ə d	p r ə t ɛ k t ə d	t r ʌ m p ə t ə d	1	1	reg_əd	reg_əd	reg_əd
model_region	k l ɑː ɡ	k l ɑː ɡ d	k l ɑː ɡ d	s l ʌ ɡ	s l ʌ ɡ d	s l ʌ ɡ d	k l ɑː ɡ d	1	1	reg_d	reg_d	reg_d
model_region	p a ʊ ɹ̩	p a ʊ ɹ̩ d	p a ʊ ɹ̩ d	t a ʊ ɹ̩	t a ʊ ɹ̩ d	t a ʊ ɹ̩ d	p a ʊ ɹ̩ d	1	1	reg_d	reg_d	reg_d
model_region	ɪ ɡ z ɪ b ɪ t	ɪ ɡ z ɪ b ɪ t ə d	ɪ ɡ z ɪ b ɪ t ə d	p r ɪ d ɪ k t	p r ɪ d ɪ k t ə d	p r ɪ d ɪ k t ə d	ɪ ɡ z ɪ b ɪ t ə d	1	1	reg_əd	reg_əd	reg_əd
model_region	e ɪ d͡ʒ	e ɪ d͡ʒ d	e ɪ d͡ʒ d	h ɛ d͡ʒ	h ɛ d͡ʒ d	h ɛ d͡ʒ d	e ɪ d͡ʒ d	1	1	reg_d	reg_d	reg_d
model_region	t e ɪ b ə l	t e ɪ b ə l d	t e ɪ b ə l d	l e ɪ b ə l	l e ɪ b ə l d	l e ɪ b ə l d	t e ɪ b ə l d	1	1	reg_d	reg_d	reg_d
model_region	r ɪ s p ɛ k t	r ɪ s p ɛ k t ə d	r ɪ s p ɛ k t ə d	r ɪ k w ɛ s t	r ɪ k w ɛ s t ə d	r ɪ k w ɛ s t ə d	r ɪ s p ɛ k t ə d	1	1	reg_əd	reg_əd	reg_əd
model_region	m æ k s	m æ k s t	m æ k s t	m ɪ k s	m ɪ k s t	m ɪ k s t	m æ k s t	1	1	reg_t	reg_t	reg_t
model_region	ɛ n æ k t	ɛ n æ k t ə d	ɛ n æ k t ə d	k ɹ̩ ɛ k t	k ɹ̩ ɛ k t ə d	k ɹ̩ ɛ k t ə d	ɛ n æ k t ə d	1	1	reg_əd	reg_əd	reg_əd
model_region	m ɑː d ə f a ɪ	m ɑː d ə f a ɪ d	m ɑː d ə f a ɪ d	k r o ʊ ʃ e ɪ	k r o ʊ ʃ e ɪ d	k r o ʊ ʃ e ɪ d	m ɑː d ə f a ɪ d	1	1	reg_d	reg_d	reg_d
model_region	f iː t͡ʃ ɹ̩	f iː t͡ʃ ɹ̩ d	f iː t͡ʃ ɹ̩ d	b ʊ t͡ʃ ɹ̩	b ʊ t͡ʃ ɹ̩ d	b ʊ t͡ʃ ɹ̩ d	f iː t͡ʃ ɹ̩ d	1	1	reg_d	reg_d	reg_d
model_region	w e ɪ l	w e ɪ l d	w e ɪ l d	s e ɪ l	s e ɪ l d	s e ɪ l d	w e ɪ l d	1	1	reg_d	reg_d	reg_d
model_region	p ɹ̩ s	p ɹ̩ s t	p ɹ̩ s t	n ɹ̩ s	n ɹ̩ s t	n ɹ̩ s t	p ɹ̩ s t	1	1	reg_t	reg_t	reg_t
model_template	s m a ɪ l	s m a ɪ l d	s m a ɪ l d	ɡ r a ʊ l	ɡ r a ʊ l d	ɡ r a ʊ l d	s m a ɪ l d	1	1	reg_d	reg_d	reg_d
model_template	r iː d	r ɛ d	r iː d ə d	w iː d	w iː d ə d	w iː d ə d	r iː d ə d	1	0	vowel_change	reg_əd	reg_əd
model_template	l a ɪ k	l a ɪ k t	l a ɪ k t	p r ɪ k	p r ɪ k t	p r ɪ k t	l a ɪ k t	1	1	reg_t	reg_t	reg_t
model_template	ʃ o ʊ	ʃ o ʊ d	ʃ o ʊ d	r o ʊ	r o ʊ d	r o ʊ d	ʃ o ʊ d	1	1	reg_d	reg_d	reg_d
model_template	b a ɪ t	b ɪ t	b a ɪ t ə d	b o ʊ t	b o ʊ t ə d	b o ʊ t ə d	b a ɪ t ə d	1	0	vowel_change	reg_əd	reg_əd
model_template	f l a ɪ	f l uː	f l a ɪ d	p r a ɪ	p r a ɪ d	p r a ɪ d	f l a ɪ d	1	0	vowel_change	reg_d	reg_d
model_template	h o ʊ p	h o ʊ p t	h o ʊ p t	k o ʊ p	k o ʊ p t	k o ʊ p t	h o ʊ p t	1	1	reg_t	reg_t	reg_t
model_template	o ʊ p ə n	o ʊ p ə n d	o ʊ p ə n d	k ʊ ʃ ə n	k ʊ ʃ ə n d	k ʊ ʃ ə n d	o ʊ p ə n d	1	1	reg_d	reg_d	reg_d
model_template	r ʌ n	r æ n	r ʌ n d	j ɔ n	j ɔ n d	j ɔ n d	r ʌ n d	1	0	vowel_change	reg_d	reg_d
model_template	t ɔ ɪ	t ɔ ɪ d	t ɔ t	m ɪ s	m ɪ s t	m ɪ s t	t ɔ ɪ t	0	0	reg_d	vowel_change_suffix	reg_t
model_template	p l e ɪ	p l e ɪ d	p l e ɪ d	s t e ɪ	s t e ɪ d	s t e ɪ d	p l e ɪ d	1	1	reg_d	reg_d	reg_d
model_template	w ɑː t͡ʃ	w ɑː t͡ʃ t	w ɑː t͡ʃ t	m æ t͡ʃ	m æ t͡ʃ t	m æ t͡ʃ t	w ɑː t͡ʃ t	1	1	reg_t	reg_t	reg_t
model_template	r iː t͡ʃ	r iː t͡ʃ t	r iː t͡ʃ t	b iː t͡ʃ	b iː t͡ʃ t	b iː t͡ʃ t	r iː t͡ʃ t	1	1	reg_t	reg_t	reg_t
model_template	æ s k	æ s k t	æ s k t	f ʌ k	f ʌ k t	f ʌ k t	æ s k t	1	1	reg_t	reg_t	reg_t
model_template	s m ɛ l	s m ɛ l d	s m ɛ l d	s p ɛ l	s p ɛ l d	s p ɛ l d	s m ɛ l d	1	1	reg_d	reg_d	reg_d
model_template	h æ ŋ	h ʌ ŋ	h æ ŋ d	w ɪ ŋ	w ɪ ŋ d	w ɪ ŋ d	h æ ŋ d	1	0	vowel_change	reg_d	reg_d
model_template	r a ɪ d	r o ʊ d	r o ʊ d ə d	r a ɪ m	r o ʊ m	r a ɪ m d	NA	0	0	vowel_change	other	vowel_change
model_template	s p ɪ l	s p ɪ l d	s p æ l d	s p ɪ t	s p æ t	s p æ t	NA	0	0	reg_d	vowel_change_suffix	vowel_change
model_template	p ɔ r	p ɔ r d	p ɔ r d	r ɔ r	r ɔ r d	r ɔ r d	p ɔ r d	1	1	reg_d	reg_d	reg_d
model_template	b a ʊ	b a ʊ d	b ɔ t	b a ɪ	b ɔ t	b ɔ t	NA	0	0	reg_d	vowel_change_suffix	vowel_change_suffix
model_template	t ʌ t͡ʃ	t ʌ t͡ʃ t	t ʌ t͡ʃ t	m æ t͡ʃ	m æ t͡ʃ t	m æ t͡ʃ t	t ʌ t͡ʃ t	1	1	reg_t	reg_t	reg_t
model_template	k ɑː z	k ɑː z d	k ɑː z d	b ʌ z	b ʌ z d	b ʌ z d	k ɑː z d	1	1	reg_d	reg_d	reg_d
model_template	s t r a ɪ k	s t r ʌ k	s t r a ɪ k t	s t r o ʊ k	s t r o ʊ k t	s t r o ʊ k t	s t r a ɪ k t	1	0	vowel_change	reg_t	reg_t
model_template	h ɹ̩ t	h ɹ̩ t	h ɹ̩ t	b iː t	b iː t	b iː t	h ɹ̩ t	1	1	no_change	no_change	no_change
model_template	h iː t	h iː t ə d	h ɹ̩ t	h iː r	h ɹ̩ d	h ɹ̩ d	NA	0	0	reg_əd	vowel_change	rhyme_replaced
model_template	f l a ʊ ɹ̩	f l a ʊ ɹ̩ d	f l a ʊ ɹ̩ d	s k a ʊ ɹ̩	s k a ʊ ɹ̩ d	s k a ʊ ɹ̩ d	f l a ʊ ɹ̩ d	1	1	reg_d	reg_d	reg_d
model_template	k l o ʊ z	k l o ʊ z d	k l o ʊ z d	p r e ɪ z	p r e ɪ z d	p r e ɪ z d	k l o ʊ z d	1	1	reg_d	reg_d	reg_d
model_template	m a ɪ n	m a ɪ n d	m a ɪ n d	p a ɪ n	p a ɪ n d	p a ɪ n d	m a ɪ n d	1	1	reg_d	reg_d	reg_d
model_template	v ɪ z ɪ t	v ɪ z ɪ t ə d	v ɪ z ɪ t ə d	f o ʊ l d	f o ʊ l d ə d	f o ʊ l d ə d	v ɪ z ɪ t ə d	1	1	reg_əd	reg_əd	reg_əd
model_template	t e ɪ s t	t e ɪ s t ə d	t e ɪ s t ə d	p e ɪ s t	p e ɪ s t ə d	p e ɪ s t ə d	t e ɪ s t ə d	1	1	reg_əd	reg_əd	reg_əd
model_template	b ʌ t ɹ̩	b ʌ t ɹ̩ d	b ʌ t ɹ̩ d	p iː t ɹ̩	p iː t ɹ̩ d	p iː t ɹ̩ d	b ʌ t ɹ̩ d	1	1	reg_d	reg_d	reg_d
model_template	m e ɪ l	m e ɪ l d	m e ɪ l d	d͡ʒ e ɪ l	d͡ʒ e ɪ l d	d͡ʒ e ɪ l d	m e ɪ l d	1	1	reg_d	reg_d	reg_d
model_template	d ɪ ŋ	d ɪ ŋ d	d ʌ ŋ	w ɪ n	w ʌ n	w ʌ n	NA	0	0	reg_d	vowel_change	vowel_change
model_template	s t ɑː p	s t ɑː p t	s t ɑː p t	s t ɛ p	s t ɛ p t	s t ɛ p t	s t ɑː p t	1	1	reg_t	reg_t	reg_t
model_template	ɪ k s a ɪ t	ɪ k s a ɪ t ə d	ɪ k s a ɪ t ə d	ɪ k w e ɪ t	ɪ k w e ɪ t ə d	ɪ k w e ɪ t ə d	ɪ k s a ɪ t ə d	1	1	reg_əd	reg_əd	reg_əd
model_template	f r a ɪ	f r a ɪ d	f r a ɪ d	d r a ɪ	d r a ɪ d	d r a ɪ d	f r a ɪ d	1	1	reg_d	reg_d	reg_d
model_template	s p iː k	s p o ʊ k	s p iː k t	s m æ k	s m æ k t	s m æ k t	s p iː k t	1	0	vowel_change	reg_t	reg_t
model_template	s k r æ m b ə l	s k r æ m b ə l d	s k r æ m b ə l d	s p r ɪ ŋ k ə l	s p r ɪ ŋ k ə l d	s p r ɪ ŋ k ə l d	s k r æ m b ə l d	1	1	reg_d	reg_d	reg_d
model_template	t͡ʃ ɛ k	t͡ʃ ɛ k t	t͡ʃ ɛ k t	r ɛ k	r ɛ k t	r ɛ k t	t͡ʃ ɛ k t	1	1	reg_t	reg_t	reg_t
model_template	n ʌ m b ɹ̩	n ʌ m b ɹ̩ d	n ʌ m b ɹ̩ d	k l ɑː b ɹ̩	k l ɑː b ɹ̩ d	k l ɑː b ɹ̩ d	n ʌ m b ɹ̩ d	1	1	reg_d	reg_d	reg_d
model_template	b ɛ n d	b ɛ n d ə d	b ɛ n t	s ɛ n d	s ɛ n t	s ɛ n t	b ɛ n t	1	0	reg_əd	coda_change	coda_change
model_template	t ɔ s	t ɔ s t	t ɔ s t	n ɹ̩ s	n ɹ̩ s t	n ɹ̩ s t	t ɔ s t	1	1	reg_t	reg_t	reg_t
model_template	w ɪ s p ɹ̩	w ɪ s p ɹ̩ d	w ɪ s p ɹ̩ d	f ɪ ŋ ɡ ɹ̩	f ɪ ŋ ɡ ɹ̩ d	f ɪ ŋ ɡ ɹ̩ d	w ɪ s p ɹ̩ d	1	1	reg_d	reg_d	reg_d
model_template	a ɪ	a ɪ d	a ɪ	s p r a ʊ t	s p r a ʊ t ə d	s p r a ʊ t ə d	a ɪ ə d	0	0	reg_d	no_change	reg_əd
model_template	p ɑː p	p ɑː p t	p ɑː p t	t ɑː p	t ɑː p t	t ɑː p t	p ɑː p t	1	1	reg_t	reg_t	reg_t
model_template	ɪ ɡ z ɔ s t	ɪ ɡ z ɔ s t ə d	ɪ ɡ z ɔ s t ə d	p r ɪ d ɪ k t	p r ɪ d ɪ k t ə d	p r ɪ d ɪ k t ə d	ɪ ɡ z ɔ s t ə d	1	1	reg_əd	reg_əd	reg_əd
model_template	b ɪ l d	b ɪ l t	b ɪ l d ə d	h æ n d	h æ n d ə d	h æ n d ə d	b ɪ l d ə d	1	0	coda_change	reg_əd	reg_əd
model_template	w ʌ n d ɹ̩	w ʌ n d ɹ̩ d	w ʌ n d ɹ̩ d	w ɑː n d ɹ̩	w ɑː n d ɹ̩ d	w ɑː n d ɹ̩ d	w ʌ n d ɹ̩ d	1	1	reg_d	reg_d	reg_d
model_template	k r æ k	k r æ k t	k r æ k t	t r æ k	t r æ k t	t r æ k t	k r æ k t	1	1	reg_t	reg_t	reg_t
model_template	n ɪ b ə l	n ɪ b ə l d	n ɪ b ə l d	b æ b ə l	b æ b ə l d	b æ b ə l d	n ɪ b ə l d	1	1	reg_d	reg_d	reg_d
model_template	d ɪ l ɪ v ɹ̩	d ɪ l ɪ v ɹ̩ d	d ɪ l ɪ v ɹ̩ d	f l e ɪ v ɹ̩	f l e ɪ v ɹ̩ d	f l e ɪ v ɹ̩ d	d ɪ l ɪ v ɹ̩ d	1	1	reg_d	reg_d	reg_d
model_template	s k ɛ r	s k ɛ r d	s k ɛ r d	k l iː r	k l iː r d	k l iː r d	s k ɛ r d	1	1	reg_d	reg_d	reg_d
model_template	ɔ f ɹ̩	ɔ f ɹ̩ d	ɔ f ɹ̩ d	ɔ θ ɹ̩	ɔ θ ɹ̩ d	ɔ θ ɹ̩ d	ɔ f ɹ̩ d	1	1	reg_d	reg_d	reg_d
model_template	f l ɑː p	f l ɑː p t	f l ɑː p t	p ʌ m p	p ʌ m p t	p ʌ m p t	f l ɑː p t	1	1	reg_t	reg_t	reg_t
model_template	ə p o ʊ z	ə p o ʊ z d	ə p o ʊ z d	p r e ɪ z	p r e ɪ z d	p r e ɪ z d	ə p o ʊ z d	1	1	reg_d	reg_d	reg_d
model_template	k ʌ l ɹ̩	k ʌ l ɹ̩ d	k ʌ l ɹ̩ d	k ʌ v ɹ̩	k ʌ v ɹ̩ d	k ʌ v ɹ̩ d	k ʌ l ɹ̩ d	1	1	reg_d	reg_d	reg_d
model_template	k æ m p	k æ m p t	k æ m p t	p ʌ m p	p ʌ m p t	p ʌ m p t	k æ m p t	1	1	reg_t	reg_t	reg_t
model_template	s ɛ l	s o ʊ l d	s ɛ l d	j ɛ l	j ɛ l d	j ɛ l d	s ɛ l d	1	0	vowel_change_suffix	reg_d	reg_d
model_template	f l æ p	f l æ p t	f l æ p t	p l ɑː p	p l ɑː p t	p l ɑː p t	f l æ p t	1	1	reg_t	reg_t	reg_t
model_template	p r ɛ s	p r ɛ s t	p r ɛ s t	d r ɛ s	d r ɛ s t	d r ɛ s t	p r ɛ s t	1	1	reg_t	reg_t	reg_t
model_template	f ɪ l	f ɪ l d	f ɪ l d	w ɪ l	w ɪ l d	w ɪ l d	f ɪ l d	1	1	reg_d	reg_d	reg_d
model_template	b r æ n t͡ʃ	b r æ n t͡ʃ t	b r æ n t͡ʃ t	d r ɛ n t͡ʃ	d r ɛ n t͡ʃ t	d r ɛ n t͡ʃ t	b r æ n t͡ʃ t	1	1	reg_t	reg_t	reg_t
model_template	t a ɪ t ə n	t a ɪ t ə n d	t a ɪ t ə n d	s w iː t ə n	s w iː t ə n d	s w iː t ə n d	t a ɪ t ə n d	1	1	reg_d	reg_d	reg_d
model_template	k æ p t ɪ v e ɪ t	k æ p t ɪ v e ɪ t ə d	k æ p t ə v e ɪ t ə d	ɪ n v ɛ s t ə ɡ e ɪ t	ɪ n v ɛ s t ə ɡ e ɪ t ə d	ɪ n v ɛ s t ə ɡ e ɪ t ə d	k æ p t ɪ v e ɪ t ə d	0	1	reg_əd	other	reg_əd
model_template	t o ʊ s t	t o ʊ s t ə d	t o ʊ s t ə d	k a ʊ n t	k a ʊ n t ə d	k a ʊ n t ə d	t o ʊ s t ə d	1	1	reg_əd	reg_əd	reg_əd
model_template	d ɪ s ə p iː r	d ɪ s ə p iː r d	d ɪ s ə p iː p iː r iː ə d	d ɪ v ɛ l ə p	d ɪ v ɛ l ə p t	d ɪ v ɛ l ə p t	d ɪ s ə p iː r t	0	0	reg_d	other	reg_t
model_template	b ɛ r	b o ʊ r	b ɛ r d	ʃ ɛ r	ʃ ɛ r d	ʃ ɛ r d	b ɛ r d	1	0	vowel_change	reg_d	reg_d
model_template	b ɛ r iː	b ɛ r iː d	b ɛ r iː d	h ɛ r iː	h ɛ r iː d	h ɛ r iː d	b ɛ r iː d	1	1	reg_d	reg_d	reg_d
model_template	s n iː k	s n iː k t	s n iː k t	b e ɪ k	b e ɪ k t	b e ɪ k t	s n iː k t	1	1	reg_t	reg_t	reg_t
model_template	l ʌ n t͡ʃ	l ʌ n t͡ʃ t	l ʌ n t͡ʃ t	m ʌ n t͡ʃ	m ʌ n t͡ʃ t	m ʌ n t͡ʃ t	l ʌ n t͡ʃ t	1	1	reg_t	reg_t	reg_t
model_template	m ɛ m ɹ̩ a ɪ z	m ɛ m ɹ̩ a ɪ z d	m ɛ m ɹ̩ a ɪ z d	d ɪ s ɡ a ɪ z	d ɪ s ɡ a ɪ z d	d ɪ s ɡ a ɪ z d	m ɛ m ɹ̩ a ɪ z d	1	1	reg_d	reg_d	reg_d
model_template	h a ɪ d	h ɪ d	h a ɪ d ə d	s a ɪ d	s a ɪ d ə d	s a ɪ d ə d	h a ɪ d ə d	1	0	vowel_change	reg_əd	reg_əd
model_template	w iː l	w iː l d	w iː l d	s iː l	s iː l d	s iː l d	w iː l d	1	1	reg_d	reg_d	reg_d
model_template	p æ t	p æ t ə d	p æ t ə d	p ɛ t	p ɛ t ə d	p ɛ t ə d	p æ t ə d	1	1	reg_əd	reg_əd	reg_əd
model_template	s k æ m p ɹ̩	s k æ m p ɹ̩ d	s k æ m p ɹ̩ d	d ɪ k l ɛ r	d ɪ k l ɛ r d	d ɪ k l ɛ r d	s k æ m p ɹ̩ d	1	1	reg_d	reg_d	reg_d
model_template	p iː r	p iː r d	p iː r d	t͡ʃ iː r	t͡ʃ iː r d	t͡ʃ iː r d	p iː r d	1	1	reg_d	reg_d	reg_d
model_template	ʃ æ m p uː	ʃ æ m p uː d	ʃ æ m p uː d	s k a ʊ ɹ̩	s k a ʊ ɹ̩ d	s k a ʊ ɹ̩ d	ʃ æ m p uː d	1	1	reg_d	reg_d	reg_d
model_template	r e ɪ s	r e ɪ s t	r e ɪ s t	l e ɪ s	l e ɪ s t	l e ɪ s t	r e ɪ s t	1	1	reg_t	reg_t	reg_t
model_template	s t r ɛ t͡ʃ	s t r ɛ t͡ʃ t	s t r ɛ t͡ʃ t	s k r æ t͡ʃ	s k r æ t͡ʃ t	s k r æ t͡ʃ t	s t r ɛ t͡ʃ t	1	1	reg_t	reg_t	reg_t
model_template	k ə l æ p s	k ə l æ p s t	k ə l æ p s t	f o ʊ k ə s	f o ʊ k ə s t	f o ʊ k ə s t	k ə l æ p s t	1	1	reg_t	reg_t	reg_t
model_template	d r ɪ f t	d r ɪ f t ə d	d r ɪ f t ə d	ə d ɪ k t	ə d ɪ k t ə d	ə d ɪ k t ə d	d r ɪ f t ə d	1	1	reg_əd	reg_əd	reg_əd
model_template	s t æ b	s t æ b d	s t æ b d	k l ʌ b	k l ʌ b d	k l ʌ b d	s t æ b d	1	1	reg_d	reg_d	reg_d
model_template	t͡ʃ uː	t͡ʃ uː d	t͡ʃ uː d	b uː	b uː d	b uː d	t͡ʃ uː d	1	1	reg_d	reg_d	reg_d
model_template	b ʌ b ə l	b ʌ b ə l d	b ʌ b ə l d	b æ b ə l	b æ b ə l d	b æ b ə l d	b ʌ b ə l d	1	1	reg_d	reg_d	reg_d
model_template	s a ʊ ɹ̩	s a ʊ ɹ̩ d	s a ʊ ɹ̩ d	t a ʊ ɹ̩	t a ʊ ɹ̩ d	t a ʊ ɹ̩ d	s a ʊ ɹ̩ d	1	1	reg_d	reg_d	reg_d
model_template	s t æ m p	s t æ m p t	s t æ m p t	k l æ m p	k l æ m p t	k l æ m p t	s t æ m p t	1	1	reg_t	reg_t	reg_t
model_template	d͡ʒ ɹ̩ k	d͡ʒ ɹ̩ k t	d͡ʒ ɹ̩ k t	w ɹ̩ k	w ɹ̩ k t	w ɹ̩ k t	d͡ʒ ɹ̩ k t	1	1	reg_t	reg_t	reg_t
model_template	s ɔ	s ɔ d	s ɔ d	θ ɔ	θ ɔ d	θ ɔ d	s ɔ d	1	1	reg_d	reg_d	reg_d
model_template	f l ɪ p	f l ɪ p t	f l ɪ p t	p l ɑː p	p l ɑː p t	p l ɑː p t	f l ɪ p t	1	1	reg_t	reg_t	reg_t
model_template	h iː l	h iː l d	h ɹ̩ l d	h iː r	h ɹ̩ d	h ɹ̩ d	NA	0	0	reg_d	vowel_change_suffix	rhyme_replaced
model_template	s k r iː m	s k r iː m d	s k r iː m d	s t ɔ r m	s t ɔ r m d	s t ɔ r m d	s k r iː m d	1	1	reg_d	reg_d	reg_d
model_template	h ʊ k	h ʊ k t	h ʊ k t	b ʊ k	b ʊ k t	b ʊ k t	h ʊ k t	1	1	reg_t	reg_t	reg_t
model_template	p ɪ t	p ɪ t ə d	p ɪ t ə d	p ɑː t	p ɑː t ə d	p ɑː t ə d	p ɪ t ə d	1	1	reg_əd	reg_əd	reg_əd
model_template	t r ʌ b ə l	t r ʌ b ə l d	t r ʌ b ə l d	s n ɑː r ə l	s n ɑː r ə l d	s n ɑː r ə l d	t r ʌ b ə l d	1	1	reg_d	reg_d	reg_d
model_template	ɪ m p r ə v a ɪ z	ɪ m p r ə v a ɪ z d	ɪ m p r o ʊ z d	r a ɪ m	r o ʊ m	r a ɪ m d	NA	0	0	reg_d	other	vowel_change
model_template	n e ɪ l	n e ɪ l d	n e ɪ l d	d r æ ɡ	d r æ ɡ d	d r æ ɡ d	n e ɪ l d	1	1	reg_d	reg_d	reg_d
model_template	b a ɪ k	b a ɪ k t	b a ɪ k t	h a ɪ k	h a ɪ k t	h a ɪ k t	b a ɪ k t	1	1	reg_t	reg_t	reg_t
model_template	l ɑː k	l ɑː k t	l ɑː k t	m ɑː k	m ɑː k t	m ɑː k t	l ɑː k t	1	1	reg_t	reg_t	reg_t
model_template	r ɛ s t	r ɛ s t ə d	r ɛ s t ə d	b ɛ s t	b ɛ s t ə d	b ɛ s t ə d	r ɛ s t ə d	1	1	reg_əd	reg_əd	reg_əd
model_template	b iː p	b iː p t	b iː p t	ʃ ɪ p	ʃ ɪ p t	ʃ ɪ p t	b iː p t	1	1	reg_t	reg_t	reg_t
model_template	s ɪ p	s ɪ p t	s æ p t	s ɪ t	s æ t	s æ t	NA	0	0	reg_t	vowel_change_suffix	vowel_change
model_template	ɪ s k e ɪ p	ɪ s k e ɪ p t	ɪ s k e ɪ p t	s k r e ɪ p	s k r e ɪ p t	s k r e ɪ p t	ɪ s k e ɪ p t	1	1	reg_t	reg_t	reg_t
model_template	k ə n t r o ʊ l	k ə n t r o ʊ l d	k ə n t r o ʊ l d	k ə m p l e ɪ n	k ə m p l e ɪ n d	k ə m p l e ɪ n d	k ə n t r o ʊ l d	1	1	reg_d	reg_d	reg_d
model_template	h ʌ d ə l	h ʌ d ə l d	h ʌ d ə l d	k ʌ d ə l	k ʌ d ə l d	k ʌ d ə l d	h ʌ d ə l d	1	1	reg_d	reg_d	reg_d
model_template	s w uː ʃ	s w uː ʃ t	s w uː ʃ t	f l ʌ ʃ	f l ʌ ʃ t	f l ʌ ʃ t	s w uː ʃ t	1	1	reg_t	reg_t	reg_t
model_template	f a ɪ n d	f a ʊ n d	f a ɪ n d ə d	m a ɪ n d	m a ɪ n d ə d	m a ɪ n d ə d	f a ɪ n d ə d	1	0	vowel_change	reg_əd	reg_əd
model_template	k ɔ ɪ l	k ɔ ɪ l d	k ɔ ɪ l d	b o ʊ l	b o ʊ l d	b o ʊ l d	k ɔ ɪ l d	1	1	reg_d	reg_d	reg_d
model_template	r ə f ɹ̩	r ə f ɹ̩ d	r ə f ɹ̩ d	m ɛ ʒ ɹ̩	m ɛ ʒ ɹ̩ d	m ɛ ʒ ɹ̩ d	r ə f ɹ̩ d	1	1	reg_d	reg_d	reg_d
model_template	ʃ e ɪ v	ʃ e ɪ v d	ʃ e ɪ v d	n e ɪ m	n e ɪ m d	n e ɪ m d	ʃ e ɪ v d	1	1	reg_d	reg_d	reg_d
model_template	d ɪ s k r a ɪ b	d ɪ s k r a ɪ b d	d ɪ s k r o ʊ b d	r a ɪ t	r o ʊ t	r o ʊ t	NA	0	0	reg_d	vowel_change_suffix	vowel_change
model_template	p r iː z ɛ n t	p r iː z ɛ n t ə d	p r iː z ɛ n t ə d	d o ʊ n e ɪ t	d o ʊ n e ɪ t ə d	d o ʊ n e ɪ t ə d	p r iː z ɛ n t ə d	1	1	reg_əd	reg_əd	reg_əd
model_template	ɪ ɡ z ɪ s t	ɪ ɡ z ɪ s t ə d	ɪ ɡ z ɪ s t ə d	p r ɪ d ɪ k t	p r ɪ d ɪ k t ə d	p r ɪ d ɪ k t ə d	ɪ ɡ z ɪ s t ə d	1	1	reg_əd	reg_əd	reg_əd
model_template	b ɔ r	b ɔ r d	b ɔ r d	r ɔ r	r ɔ r d	r ɔ r d	b ɔ r d	1	1	reg_d	reg_d	reg_d
model_template	uː z	uː z d	uː z d	t iː	t iː d	t iː d	uː z d	1	1	reg_d	reg_d	reg_d
model_template	r ɑː b	r ɑː b d	r ɑː b d	r ʌ b	r ʌ b d	r ʌ b d	r ɑː b d	1	1	reg_d	reg_d	reg_d
model_template	t r æ p	t r æ p t	t r æ p t	d r ɑː p	d r ɑː p t	d r ɑː p t	t r æ p t	1	1	reg_t	reg_t	reg_t
model_template	b æ ʃ	b æ ʃ t	b æ ʃ t	m æ ʃ	m æ ʃ t	m æ ʃ t	b æ ʃ t	1	1	reg_t	reg_t	reg_t
model_template	æ k t	æ k t ə d	æ k t ə d	s uː t	s uː t ə d	s uː t ə d	æ k t ə d	1	1	reg_əd	reg_əd	reg_əd
model_template	s t o ʊ n	s t o ʊ n d	s t o ʊ n d	p l e ɪ n	p l e ɪ n d	p l e ɪ n d	s t o ʊ n d	1	1	reg_d	reg_d	reg_d
model_template	f l ɪ ŋ	f l ʌ ŋ	f l ʌ ŋ	s w ɪ m	s w æ m	s w æ m	NA	0	0	vowel_change	vowel_change	vowel_change
model_template	k w ɪ t	k w ɪ t	k w ɪ t	k ɑː s t	k ɑː s t	k ɑː s t	k w ɪ t	1	1	no_change	no_change	no_change
model_template	p r ə f ɹ̩	p r ə f ɹ̩ d	p r ə f ɹ̩ d	n ɛ r o ʊ	n ɛ r o ʊ d	n ɛ r o ʊ d	p r ə f ɹ̩ d	1	1	reg_d	reg_d	reg_d
model_template	ə n l ɑː k	ə n l ɑː k t	ə n l ɑː k t	p ɑː l ɪ ʃ	p ɑː l ɪ ʃ t	p ɑː l ɪ ʃ t	ə n l ɑː k t	1	1	reg_t	reg_t	reg_t
model_template	m æ n ə d͡ʒ	m æ n ə d͡ʒ d	m æ n ə d͡ʒ d	s p ʌ n d͡ʒ	s p ʌ n d͡ʒ d	s p ʌ n d͡ʒ d	m æ n ə d͡ʒ d	1	1	reg_d	reg_d	reg_d
model_template	s ɛ n t ɹ̩	s ɛ n t ɹ̩ d	s ɛ n t ɹ̩ d	ʃ ɛ l t ɹ̩	ʃ ɛ l t ɹ̩ d	ʃ ɛ l t ɹ̩ d	s ɛ n t ɹ̩ d	1	1	reg_d	reg_d	reg_d
model_template	s p ɑː t	s p ɑː t ə d	s p ɑː t ə d	s w ɑː t	s w ɑː t ə d	s w ɑː t ə d	s p ɑː t ə d	1	1	reg_əd	reg_əd	reg_əd
model_template	m o ʊ	m o ʊ d	m o ʊ d	s o ʊ	s o ʊ d	s o ʊ d	m o ʊ d	1	1	reg_d	reg_d	reg_d
model_template	t æ t uː	t æ t uː d	t æ t uː d	r ɛ d iː	r ɛ d iː d	r ɛ d iː d	t æ t uː d	1	1	reg_d	reg_d	reg_d
model_template	s a ɪ z	s a ɪ z d	s a ɪ z d	k w ɪ z	k w ɪ z d	k w ɪ z d	s a ɪ z d	1	1	reg_d	reg_d	reg_d
model_template	p ɹ̩ f ɛ k t	p ɹ̩ f ɛ k t ə d	p ɹ̩ f ɛ k t ə d	k ə n ɛ k t	k ə n ɛ k t ə d	k ə n ɛ k t ə d	p ɹ̩ f ɛ k t ə d	1	1	reg_əd	reg_əd	reg_əd
model_template	t r e ɪ n	t r e ɪ n d	t r e ɪ n d	p l e ɪ n	p l e ɪ n d	p l e ɪ n d	t r e ɪ n d	1	1	reg_d	reg_d	reg_d
model_template	p ʌ n ɪ ʃ	p ʌ n ɪ ʃ t	p ʌ n ɪ ʃ t	s t ɑː m p	s t ɑː m p t	s t ɑː m p t	p ʌ n ɪ ʃ t	1	1	reg_t	reg_t	reg_t
model_template	l uː s	l uː s t	l uː s t	p iː s	p iː s t	p iː s t	l uː s t	1	1	reg_t	reg_t	reg_t
model_template	t ɑː p ə l	t ɑː p ə l d	t ɑː p ə l d	ʃ ʌ f ə l	ʃ ʌ f ə l d	ʃ ʌ f ə l d	t ɑː p ə l d	1	1	reg_d	reg_d	reg_d
model_template	s k r æ p	s k r æ p t	s k r æ p t	w ɹ̩ ʃ ɪ p	w ɹ̩ ʃ ɪ p t	w ɹ̩ ʃ ɪ p t	s k r æ p t	1	1	reg_t	reg_t	reg_t
model_template	k r æ m	k r æ m d	k r æ m d	s l æ m	s l æ m d	s l æ m d	k r æ m d	1	1	reg_d	reg_d	reg_d
model_template	p ɪ t͡ʃ	p ɪ t͡ʃ t	p ɪ t͡ʃ t	z ɪ p	z ɪ p t	z ɪ p t	p ɪ t͡ʃ t	1	1	reg_t	reg_t	reg_t
model_template	s m æ ʃ	s m æ ʃ t	s m æ ʃ t	f l æ ʃ	f l æ ʃ t	f l æ ʃ t	s m æ ʃ t	1	1	reg_t	reg_t	reg_t
model_template	f e ɪ l	f e ɪ l d	f e ɪ l d	f a ɪ l	f a ɪ l d	f a ɪ l d	f e ɪ l d	1	1	reg_d	reg_d	reg_d
model_template	b l o ʊ t	b l o ʊ t ə d	b l o ʊ t ə d	s k a ʊ t	s k a ʊ t ə d	s k a ʊ t ə d	b l o ʊ t ə d	1	1	reg_əd	reg_əd	reg_əd
model_template	s k w iː k	s k w iː k t	s k w iː k t	s k w ɑː ʃ	s k w ɑː ʃ t	s k w ɑː ʃ t	s k w iː k t	1	1	reg_t	reg_t	reg_t
model_template	s k ɹ̩ t	s k ɹ̩ t ə d	s k ɹ̩ t ə d	p ɑː r t	p ɑː r t ə d	p ɑː r t ə d	s k ɹ̩ t ə d	1	1	reg_əd	reg_əd	reg_əd
model_template	b l ɪ ŋ k	b l ɪ ŋ k t	b l æ ŋ k	ʃ r ɪ ŋ k	ʃ r æ ŋ k	ʃ r æ ŋ k	b l æ ŋ k	1	0	reg_t	vowel_change	vowel_change
model_template	w æ ɡ	w æ ɡ d	w æ ɡ d	n æ ɡ	n æ ɡ d	n æ ɡ d	w æ ɡ d	1	1	reg_d	reg_d	reg_d
model_template	h æ t͡ʃ	h æ t͡ʃ t	h æ t͡ʃ t	m æ t͡ʃ	m æ t͡ʃ t	m æ t͡ʃ t	h æ t͡ʃ t	1	1	reg_t	reg_t	reg_t
model_template	h a ʊ z	h a ʊ z d	h a ʊ z d	n o ʊ z	n o ʊ z d	n o ʊ z d	h a ʊ z d	1	1	reg_d	reg_d	reg_d
model_template	w ɑː f ə l	w ɑː f ə l d	w ɑː f ə l d	n ʌ k ə l	n ʌ k ə l d	n ʌ k ə l d	w ɑː f ə l d	1	1	reg_d	reg_d	reg_d
model_template	b ʌ t ə n	b ʌ t ə n d	b ʌ t ə n d	h æ p ə n	h æ p ə n d	h æ p ə n d	b ʌ t ə n d	1	1	reg_d	reg_d	reg_d
model_template	k ɹ̩ iː n	k ɹ̩ iː n d	k ɹ̩ iː n d	f o ʊ n	f o ʊ n d	f o ʊ n d	k ɹ̩ iː n d	1	1	reg_d	reg_d	reg_d
model_template	s t r ɪ p	s t r ɪ p t	s t r æ p t	s p r ɪ ŋ	s p r æ ŋ	s p r æ ŋ	NA	0	0	reg_t	vowel_change_suffix	vowel_change
model_template	p r a ɪ z	p r a ɪ z d	p r a ɪ z	ə m a ʊ n t	ə m a ʊ n t ə d	ə m a ʊ n t ə d	p r a ɪ z ə d	0	0	reg_d	no_change	reg_əd
model_template	k ə n f j uː z	k ə n f j uː z d	k ə n f j uː z d	ɪ k s k j uː z	ɪ k s k j uː z d	ɪ k s k j uː z d	k ə n f j uː z d	1	1	reg_d	reg_d	reg_d
model_template	p l ʌ ɡ	p l ʌ ɡ d	p l ʌ ɡ d	s l ʌ ɡ	s l ʌ ɡ d	s l ʌ ɡ d	p l ʌ ɡ d	1	1	reg_d	reg_d	reg_d
model_template	k ɹ̩ s	k ɹ̩ s t	k ɹ̩ s t	n ɹ̩ s	n ɹ̩ s t	n ɹ̩ s t	k ɹ̩ s t	1	1	reg_t	reg_t	reg_t
model_template	f e ɪ n t	f e ɪ n t ə d	f e ɪ n t ə d	p e ɪ n t	p e ɪ n t ə d	p e ɪ n t ə d	f e ɪ n t ə d	1	1	reg_əd	reg_əd	reg_əd
model_template	r iː p l e ɪ s	r iː p l e ɪ s t	r iː p l e ɪ s t	d ɪ v ɛ l ə p	d ɪ v ɛ l ə p t	d ɪ v ɛ l ə p t	r iː p l e ɪ s t	1	1	reg_t	reg_t	reg_t
model_template	ɡ ɑː r d	ɡ ɑː r d ə d	ɡ ɑː r d ə d	p l ɑː d	p l ɑː d ə d	p l ɑː d ə d	ɡ ɑː r d ə d	1	1	reg_əd	reg_əd	reg_əd
model_template	ɡ l ʌ v	ɡ l ʌ v d	ɡ l ʌ v d	s e ɪ v	s e ɪ v d	s e ɪ v d	ɡ l ʌ v d	1	1	reg_d	reg_d	reg_d
model_template	s ɔ l t	s ɔ l t ə d	s ɔ l t ə d	s ɔ r t	s ɔ r t ə d	s ɔ r t ə d	s ɔ l t ə d	1	1	reg_əd	reg_əd	reg_əd
model_template	s t ɛ r	s t ɛ r d	s t ɛ r d	k l iː r	k l iː r d	k l iː r d	s t ɛ r d	1	1	reg_d	reg_d	reg_d
model_template	k ə m b a ɪ n	k ə m b a ɪ n d	k ə m b a ɪ n d	ɪ ɡ z æ m ɪ n	ɪ ɡ z æ m ɪ n d	ɪ ɡ z æ m ɪ n d	k ə m b a ɪ n d	1	1	reg_d	reg_d	reg_d
model_template	f r ʌ n t	f r ʌ n t ə d	f r ʌ n t ə d	r o ʊ s t	r o ʊ s t ə d	r o ʊ s t ə d	f r ʌ n t ə d	1	1	reg_əd	reg_əd	reg_əd
model_template	ɡ ɑː r b ə l	ɡ ɑː r b ə l d	ɡ ɑː r b ə l d	m ɑː r b ə l	m ɑː r b ə l d	m ɑː r b ə l d	ɡ ɑː r b ə l d	1	1	reg_d	reg_d	reg_d
model_template	p æ m p ɹ̩	p æ m p ɹ̩ d	p æ m p ɹ̩ d	f ɪ ɡ j ɹ̩	f ɪ ɡ j ɹ̩ d	f ɪ ɡ j ɹ̩ d	p æ m p ɹ̩ d	1	1	reg_d	reg_d	reg_d
model_template	f iː r	f iː r d	f ɛ r d	f iː l	f ɛ l t	f ɛ l t	NA	0	0	reg_d	vowel_change_suffix	vowel_change_suffix
model_template	ʃ ʌ v ə l	ʃ ʌ v ə l d	ʃ ʌ v ə l d	ʃ ʌ f ə l	ʃ ʌ f ə l d	ʃ ʌ f ə l d	ʃ ʌ v ə l d	1	1	reg_d	reg_d	reg_d
model_template	s k ɛ d͡ʒ ʊ l	s k ɛ d͡ʒ ʊ l d	s k ɛ d͡ʒ ɛ l d	l iː p	l ɛ p t	l ɛ p t	NA	0	0	reg_d	vowel_change_suffix	vowel_change_suffix
model_template	f l ʌ t ɹ̩	f l ʌ t ɹ̩ d	f l ʌ t ɹ̩ d	k l ʌ t ɹ̩	k l ʌ t ɹ̩ d	k l ʌ t ɹ̩ d	f l ʌ t ɹ̩ d	1	1	reg_d	reg_d	reg_d
model_template	s p ɑː r k ə l	s p ɑː r k ə l d	s p ɑː r k ə l d	k r ʌ m p ə l	k r ʌ m p ə l d	k r ʌ m p ə l d	s p ɑː r k ə l d	1	1	reg_d	reg_d	reg_d
model_template	r ɪ s p ɑː n d	r ɪ s p ɑː n d ə d	r ɪ s p ɑː n d ə d	d ɪ s k ɑː r d	d ɪ s k ɑː r d ə d	d ɪ s k ɑː r d ə d	r ɪ s p ɑː n d ə d	1	1	reg_əd	reg_əd	reg_əd
model_template	t æ t ɹ̩	t æ t ɹ̩ d	t æ t ɹ̩ d	t iː t ɹ̩	t iː t ɹ̩ d	t iː t ɹ̩ d	t æ t ɹ̩ d	1	1	reg_d	reg_d	reg_d
model_template	p ɑː k ə t	p ɑː k ə t ə d	p ɑː k ə t ə d	r ɑː k ə t	r ɑː k ə t ə d	r ɑː k ə t ə d	p ɑː k ə t ə d	1	1	reg_əd	reg_əd	reg_əd
model_template	d͡ʒ æ ŋ ɡ ə l	d͡ʒ æ ŋ ɡ ə l d	d͡ʒ æ ŋ ɡ ə l d	d æ ŋ ɡ ə l	d æ ŋ ɡ ə l d	d æ ŋ ɡ ə l d	d͡ʒ æ ŋ ɡ ə l d	1	1	reg_d	reg_d	reg_d
model_template	p iː p	p iː p t	p iː p t	n ɪ p	n ɪ p t	n ɪ p t	p iː p t	1	1	reg_t	reg_t	reg_t
model_template	æ k s ɛ s ɹ̩ a ɪ z	æ k s ɛ s ɹ̩ a ɪ z d	æ s ɛ s ɛ s a ɪ z d	w ɔ k	w ɔ k t	w ɔ k t	æ k s ɛ s ɹ̩ a ɪ z t	0	0	reg_d	other	reg_t
model_template	r ɛ d͡ʒ ɪ s t ɹ̩	r ɛ d͡ʒ ɪ s t ɹ̩ d	r ɛ d͡ʒ ɪ s t ɹ̩ d	s p l ɪ n t ɹ̩	s p l ɪ n t ɹ̩ d	s p l ɪ n t ɹ̩ d	r ɛ d͡ʒ ɪ s t ɹ̩ d	1	1	reg_d	reg_d	reg_d
model_template	ɡ l o ʊ	ɡ l o ʊ d	ɡ l uː	b l o ʊ	b l uː	b l uː	ɡ l uː	1	0	reg_d	vowel_change	vowel_change
model_template	k ɑː m ɛ n t	k ɑː m ɛ n t ə d	k ɑː m ɛ n t ə d	s p r a ʊ t	s p r a ʊ t ə d	s p r a ʊ t ə d	k ɑː m ɛ n t ə d	1	1	reg_əd	reg_əd	reg_əd
model_template	r ə f j uː z	r ə f j uː z d	r ə f j uː z d	m ʌ ʃ r uː m	m ʌ ʃ r uː m d	m ʌ ʃ r uː m d	r ə f j uː z d	1	1	reg_d	reg_d	reg_d
model_template	w ɛ d	w ɛ d	w ɛ d ə d	l ɛ d	l ɛ d ə d	l ɛ d ə d	w ɛ d ə d	1	0	no_change	reg_əd	reg_əd
model_template	d a ʊ n	d a ʊ n d	d a ʊ n d	s k æ n	s k æ n d	s k æ n d	d a ʊ n d	1	1	reg_d	reg_d	reg_d
model_template	t͡ʃ ɪ p	t͡ʃ ɪ p t	t͡ʃ ɪ p t	n ɪ p	n ɪ p t	n ɪ p t	t͡ʃ ɪ p t	1	1	reg_t	reg_t	reg_t
model_template	d ɹ̩ ɛ k t	d ɹ̩ ɛ k t ə d	d ɹ̩ ɛ k t ə d	k ɹ̩ ɛ k t	k ɹ̩ ɛ k t ə d	k ɹ̩ ɛ k t ə d	d ɹ̩ ɛ k t ə d	1	1	reg_əd	reg_əd	reg_əd
model_template	d ɪ f ɛ n d	d ɪ f ɛ n d ə d	d ɪ f ɛ n d ə d	d ɪ p ɛ n d	d ɪ p ɛ n d ə d	d ɪ p ɛ n d ə d	d ɪ f ɛ n d ə d	1	1	reg_əd	reg_əd	reg_əd
model_template	p a ʊ n d	p a ʊ n d ə d	p a ʊ n d ə d	r a ʊ n d	r a ʊ n d ə d	r a ʊ n d ə d	p a ʊ n d ə d	1	1	reg_əd	reg_əd	reg_əd
model_template	d r e ɪ p	d r e ɪ p t	d r e ɪ p t	s t r æ p	s t r æ p t	s t r æ p t	d r e ɪ p t	1	1	reg_t	reg_t	reg_t
model_template	k ə n t e ɪ n	k ə n t e ɪ n d	k ə n t e ɪ n d	f r a ɪ t ə n	f r a ɪ t ə n d	f r a ɪ t ə n d	k ə n t e ɪ n d	1	1	reg_d	reg_d	reg_d
model_template	s iː z ə n	s iː z ə n d	s iː z ə n d	h æ p ə n	h æ p ə n d	h æ p ə n d	s iː z ə n d	1	1	reg_d	reg_d	reg_d
model_template	k r a ʊ t͡ʃ	k r a ʊ t͡ʃ t	k r a ʊ t͡ʃ t	k r ʌ n t͡ʃ	k r ʌ n t͡ʃ t	k r ʌ n t͡ʃ t	k r a ʊ t͡ʃ t	1	1	reg_t	reg_t	reg_t
model_template	h ɪ p n ə t a ɪ z	h ɪ p n ə t a ɪ z d	h ɪ t ə t ə d	ɪ k s p r ɛ s	ɪ k s p r ɛ s t	ɪ k s p r ɛ s t	h ɪ p n ə t a ɪ z t	0	0	reg_d	other	reg_t
model_template	k ə n d ɛ n s	k ə n d ɛ n s t	k ə n d ɛ n s t	k ə n v ɪ n s	k ə n v ɪ n s t	k ə n v ɪ n s t	k ə n d ɛ n s t	1	1	reg_t	reg_t	reg_t
model_template	k r æ ŋ k	k r æ ŋ k t	k r æ ŋ k	ɪ n s ɹ̩ t	ɪ n s ɹ̩ t ə d	ɪ n s ɹ̩ t ə d	k r æ ŋ k ə d	0	0	reg_t	no_change	reg_əd
model_template	k l a ʊ d	k l a ʊ d ə d	k l a ʊ d ə d	s a ʊ n d	s a ʊ n d ə d	s a ʊ n d ə d	k l a ʊ d ə d	1	1	reg_əd	reg_əd	reg_əd
model_template	r e ɪ d	r e ɪ d ə d	r e ɪ d ə d	f e ɪ d	f e ɪ d ə d	f e ɪ d ə d	r e ɪ d ə d	1	1	reg_əd	reg_əd	reg_əd
model_template	f ɪ l t ɹ̩	f ɪ l t ɹ̩ d	f ɪ l t ɹ̩ d	ʃ ɛ l t ɹ̩	ʃ ɛ l t ɹ̩ d	ʃ ɛ l t ɹ̩ d	f ɪ l t ɹ̩ d	1	1	reg_d	reg_d	reg_d
model_template	t æ ŋ ɡ ə l	t æ ŋ ɡ ə l d	t æ ŋ ɡ ə l d	d æ ŋ ɡ ə l	d æ ŋ ɡ ə l d	d æ ŋ ɡ ə l d	t æ ŋ ɡ ə l d	1	1	reg_d	reg_d	reg_d
model_template	p l æ s t ɹ̩	p l æ s t ɹ̩ d	p l æ s t ɹ̩ d	f l a ʊ n d ɹ̩	f l a ʊ n d ɹ̩ d	f l a ʊ n d ɹ̩ d	p l æ s t ɹ̩ d	1	1	reg_d	reg_d	reg_d
model_template	ʃ e ɪ d	ʃ e ɪ d ə d	ʃ e ɪ d ə d	f e ɪ d	f e ɪ d ə d	f e ɪ d ə d	ʃ e ɪ d ə d	1	1	reg_əd	reg_əd	reg_əd
model_template	t r ʌ s t	t r ʌ s t ə d	t r ʌ s t ə d	w e ɪ s t	w e ɪ s t ə d	w e ɪ s t ə d	t r ʌ s t ə d	1	1	reg_əd	reg_əd	reg_əd
model_template	s æ n d	s æ n d ə d	s æ n t ə d	s ɛ n d	s ɛ n t	s ɛ n t	s æ n t	0	0	reg_əd	other	coda_change
model_template	d ɪ z ɑː l v	d ɪ z ɑː l v d	d ɪ z ɑː l v d	d ɪ s t ɹ̩ b	d ɪ s t ɹ̩ b d	d ɪ s t ɹ̩ b d	d ɪ z ɑː l v d	1	1	reg_d	reg_d	reg_d
model_template	r æ k	r æ k t	r æ k t	b æ k	b æ k t	b æ k t	r æ k t	1	1	reg_t	reg_t	reg_t
model_template	ʃ ɛ l	ʃ ɛ l d	ʃ ɛ l d	j ɛ l	j ɛ l d	j ɛ l d	ʃ ɛ l d	1	1	reg_d	reg_d	reg_d
model_template	s w ɑː p	s w ɑː p t	s w ɑː p t	s t ɛ p	s t ɛ p t	s t ɛ p t	s w ɑː p t	1	1	reg_t	reg_t	reg_t
model_template	r iː l iː s	r iː l iː s t	r iː l iː s t	t r e ɪ s	t r e ɪ s t	t r e ɪ s t	r iː l iː s t	1	1	reg_t	reg_t	reg_t
model_template	r e ɪ k	r e ɪ k t	r e ɪ k t	b e ɪ k	b e ɪ k t	b e ɪ k t	r e ɪ k t	1	1	reg_t	reg_t	reg_t
model_template	k æ n s ə l	k æ n s ə l d	k æ n s ə l d	h æ n d ə l	h æ n d ə l d	h æ n d ə l d	k æ n s ə l d	1	1	reg_d	reg_d	reg_d
model_template	s p a ɪ	s p a ɪ d	s p a ɪ d	æ n s ɹ̩	æ n s ɹ̩ d	æ n s ɹ̩ d	s p a ɪ d	1	1	reg_d	reg_d	reg_d
model_template	f j uː m	f j uː m d	f j uː m d	s t iː m	s t iː m d	s t iː m d	f j uː m d	1	1	reg_d	reg_d	reg_d
model_template	p r iː p ɛ r	p r iː p ɛ r d	p r iː p ɛ r d	d ɪ k l ɛ r	d ɪ k l ɛ r d	d ɪ k l ɛ r d	p r iː p ɛ r d	1	1	reg_d	reg_d	reg_d
model_template	d ɪ s p o ʊ z	d ɪ s p o ʊ z d	d ɪ s p o ʊ z d	b ʊ l d o ʊ z	b ʊ l d o ʊ z d	b ʊ l d o ʊ z d	d ɪ s p o ʊ z d	1	1	reg_d	reg_d	reg_d
model_template	k ə n d ʌ k t	k ə n d ʌ k t ə d	k ə n d ʌ k t ə d	d͡ʒ ɛ n ɹ̩ e ɪ t	d͡ʒ ɛ n ɹ̩ e ɪ t ə d	d͡ʒ ɛ n ɹ̩ e ɪ t ə d	k ə n d ʌ k t ə d	1	1	reg_əd	reg_əd	reg_əd
model_template	s t ɪ ŋ k	s t ʌ ŋ k	s t ʌ ŋ k t	s t æ n d	s t ʊ d	s t ʊ d	NA	0	0	vowel_change	vowel_change_suffix	rhyme_replaced
model_template	d r e ɪ n	d r e ɪ n d	d r e ɪ n d	r æ ʃ ə n	r æ ʃ ə n d	r æ ʃ ə n d	d r e ɪ n d	1	1	reg_d	reg_d	reg_d
model_template	ə n p l ʌ ɡ	ə n p l ʌ ɡ d	ə n p l ʌ ɡ d	z ɪ ɡ z æ ɡ	z ɪ ɡ z æ ɡ d	z ɪ ɡ z æ ɡ d	ə n p l ʌ ɡ d	1	1	reg_d	reg_d	reg_d
model_template	h æ l o ʊ	h æ l o ʊ d	h æ l o ʊ d	n ɛ r o ʊ	n ɛ r o ʊ d	n ɛ r o ʊ d	h æ l o ʊ d	1	1	reg_d	reg_d	reg_d
model_template	ɪ n t ɹ̩ æ k t	ɪ n t ɹ̩ æ k t ə d	ɪ n t ɹ̩ æ k t ə d	r ɪ k w ɛ s t	r ɪ k w ɛ s t ə d	r ɪ k w ɛ s t ə d	ɪ n t ɹ̩ æ k t ə d	1	1	reg_əd	reg_əd	reg_əd
model_template	ə b s ɛ s	ə b s ɛ s t	ə b b ɛ s t	t ɛ l	t o ʊ l d	t o ʊ l d	NA	0	0	reg_t	other	vowel_change_suffix
model_template	s n æ t͡ʃ	s n æ t͡ʃ t	s n æ t͡ʃ t	k a ʊ t͡ʃ	k a ʊ t͡ʃ t	k a ʊ t͡ʃ t	s n æ t͡ʃ t	1	1	reg_t	reg_t	reg_t
model_template	t æ p	t æ p t	t æ p t	r æ p	r æ p t	r æ p t	t æ p t	1	1	reg_t	reg_t	reg_t
model_template	t r æ ʃ	t r æ ʃ t	t r æ ʃ t	b r ʌ ʃ	b r ʌ ʃ t	b r ʌ ʃ t	t r æ ʃ t	1	1	reg_t	reg_t	reg_t
model_template	ʃ ɪ v ɹ̩	ʃ ɪ v ɹ̩ d	ʃ ɪ v ɹ̩ d	t iː t ɹ̩	t iː t ɹ̩ d	t iː t ɹ̩ d	ʃ ɪ v ɹ̩ d	1	1	reg_d	reg_d	reg_d
model_template	r iː f ɪ l	r iː f ɪ l d	r iː f ɪ l d	r ɪ k ɔ l	r ɪ k ɔ l d	r ɪ k ɔ l d	r iː f ɪ l d	1	1	reg_d	reg_d	reg_d
model_template	d ʌ b	d ʌ b d	d ʌ b d	r ʌ b	r ʌ b d	r ʌ b d	d ʌ b d	1	1	reg_d	reg_d	reg_d
model_template	r ɪ p ɛ r	r ɪ p ɛ r d	r ɪ p ɛ r d	k ʌ p ə l	k ʌ p ə l d	k ʌ p ə l d	r ɪ p ɛ r d	1	1	reg_d	reg_d	reg_d
model_template	s t e ɪ k	s t e ɪ k t	s t e ɪ k t	s m o ʊ k	s m o ʊ k t	s m o ʊ k t	s t e ɪ k t	1	1	reg_t	reg_t	reg_t
model_template	ɛ r	ɛ r d	ɛ r d	s uː	s uː d	s uː d	ɛ r d	1	1	reg_d	reg_d	reg_d
model_template	t r ʌ m p ə t	t r ʌ m p ə t ə d	t r ʌ m p ə t ə d	l o ʊ k e ɪ t	l o ʊ k e ɪ t ə d	l o ʊ k e ɪ t ə d	t r ʌ m p ə t ə d	1	1	reg_əd	reg_əd	reg_əd
model_template	k l ɑː ɡ	k l ɑː ɡ d	k l ɑː ɡ d	d r æ ɡ	d r æ ɡ d	d r æ ɡ d	k l ɑː ɡ d	1	1	reg_d	reg_d	reg_d
model_template	p a ʊ ɹ̩	p a ʊ ɹ̩ d	p a ʊ ɹ̩ d	p iː t ɹ̩	p iː t ɹ̩ d	p iː t ɹ̩ d	p a ʊ ɹ̩ d	1	1	reg_d	reg_d	reg_d
model_template	ɪ ɡ z ɪ b ɪ t	ɪ ɡ z ɪ b ɪ t ə d	ɪ ɡ z ɪ b ɪ t ə d	d ɪ s k ɑː r d	d ɪ s k ɑː r d ə d	d ɪ s k ɑː r d ə d	ɪ ɡ z ɪ b ɪ t ə d	1	1	reg_əd	reg_əd	reg_əd
model_template	e ɪ d͡ʒ	e ɪ d͡ʒ d	e ɪ d͡ʒ d	h ʌ ɡ	h ʌ ɡ d	h ʌ ɡ d	e ɪ d͡ʒ d	1	1	reg_d	reg_d	reg_d
model_template	t e ɪ b ə l	t e ɪ b ə l d	t e ɪ b ə l d	l e ɪ b ə l	l e ɪ b ə l d	l e ɪ b ə l d	t e ɪ b ə l d	1	1	reg_d	reg_d	reg_d
model_template	r ɪ s p ɛ k t	r ɪ s p ɛ k t ə d	r ɪ s p ɛ k t ə d	ɪ k s p ɛ k t	ɪ k s p ɛ k t ə d	ɪ k s p ɛ k t ə d	r ɪ s p ɛ k t ə d	1	1	reg_əd	reg_əd	reg_əd
model_template	m æ k s	m æ k s t	m æ k s t	m ɪ k s	m ɪ k s t	m ɪ k s t	m æ k s t	1	1	reg_t	reg_t	reg_t
model_template	ɛ n æ k t	ɛ n æ k t ə d	ɛ n æ k t ə d	ə d ɪ k t	ə d ɪ k t ə d	ə d ɪ k t ə d	ɛ n æ k t ə d	1	1	reg_əd	reg_əd	reg_əd
model_template	m ɑː d ə f a ɪ	m ɑː d ə f a ɪ d	m ɑː d ə f a ɪ d	d ɪ s k ʌ v ɹ̩	d ɪ s k ʌ v ɹ̩ d	d ɪ s k ʌ v ɹ̩ d	m ɑː d ə f a ɪ d	1	1	reg_d	reg_d	reg_d
model_template	f iː t͡ʃ ɹ̩	f iː t͡ʃ ɹ̩ d	f iː t͡ʃ ɹ̩ d	p iː t ɹ̩	p iː t ɹ̩ d	p iː t ɹ̩ d	f iː t͡ʃ ɹ̩ d	1	1	reg_d	reg_d	reg_d
model_template	w e ɪ l	w e ɪ l d	w e ɪ l d	s e ɪ l	s e ɪ l d	s e ɪ l d	w e ɪ l d	1	1	reg_d	reg_d	reg_d
model_template	p ɹ̩ s	p ɹ̩ s t	p ɹ̩ s t	n ɹ̩ s	n ɹ̩ s t	n ɹ̩ s t	p ɹ̩ s t	1	1	reg_t	reg_t	reg_t
model_template_chosen	s m a ɪ l	s m a ɪ l d	s m a ɪ l d	ɡ r a ʊ l	ɡ r a ʊ l d	ɡ r a ʊ l d	s m a ɪ l d	1	1	reg_d	reg_d	reg_d
model_template_chosen	r iː d	r ɛ d	r iː d ə d	b iː d	b iː d ə d	b iː d ə d	r iː d ə d	1	0	vowel_change	reg_əd	reg_əd
model_template_chosen	l a ɪ k	l a ɪ k t	l a ɪ k t	f e ɪ k	f e ɪ k t	f e ɪ k t	l a ɪ k t	1	1	reg_t	reg_t	reg_t
model_template_chosen	ʃ o ʊ	ʃ o ʊ d	ʃ o ʊ d	r o ʊ	r o ʊ d	r o ʊ d	ʃ o ʊ d	1	1	reg_d	reg_d	reg_d
model_template_chosen	b a ɪ t	b ɪ t	b a ɪ t ə d	b o ʊ t	b o ʊ t ə d	b o ʊ t ə d	b a ɪ t ə d	1	0	vowel_change	reg_əd	reg_əd
model_template_chosen	f l a ɪ	f l uː	f l a ɪ d	p r a ɪ	p r a ɪ d	p r a ɪ d	f l a ɪ d	1	0	vowel_change	reg_d	reg_d
model_template_chosen	h o ʊ p	h o ʊ p t	h o ʊ p t	k o ʊ p	k o ʊ p t	k o ʊ p t	h o ʊ p t	1	1	reg_t	reg_t	reg_t
model_template_chosen	o ʊ p ə n	o ʊ p ə n d	o ʊ p ə n d	k ʊ ʃ ə n	k ʊ ʃ ə n d	k ʊ ʃ ə n d	o ʊ p ə n d	1	1	reg_d	reg_d	reg_d
model_template_chosen	r ʌ n	r æ n	r ʌ n d	ɡ ʌ n	ɡ ʌ n d	ɡ ʌ n d	r ʌ n d	1	0	vowel_change	reg_d	reg_d
model_template_chosen	t ɔ ɪ	t ɔ ɪ d	t ɔ t	t ɪ k	t ɪ k t	t ɪ k t	t ɔ ɪ t	0	0	reg_d	vowel_change_suffix	reg_t
model_template_chosen	p l e ɪ	p l e ɪ d	p l e ɪ d	p r e ɪ	p r e ɪ d	p r e ɪ d	p l e ɪ d	1	1	reg_d	reg_d	reg_d
model_template_chosen	w ɑː t͡ʃ	w ɑː t͡ʃ t	w ɑː t͡ʃ t	b iː t͡ʃ	b iː t͡ʃ t	b iː t͡ʃ t	w ɑː t͡ʃ t	1	1	reg_t	reg_t	reg_t
model_template_chosen	r iː t͡ʃ	r iː t͡ʃ t	r iː t͡ʃ t	b iː t͡ʃ	b iː t͡ʃ t	b iː t͡ʃ t	r iː t͡ʃ t	1	1	reg_t	reg_t	reg_t
model_template_chosen	æ s k	æ s k t	æ s k t	k ʊ k	k ʊ k t	k ʊ k t	æ s k t	1	1	reg_t	reg_t	reg_t
model_template_chosen	s m ɛ l	s m ɛ l d	s m ɛ l d	s p ɛ l	s p ɛ l d	s p ɛ l d	s m ɛ l d	1	1	reg_d	reg_d	reg_d
model_template_chosen	h æ ŋ	h ʌ ŋ	h æ ŋ d	b æ ŋ	b æ ŋ d	b æ ŋ d	h æ ŋ d	1	0	vowel_change	reg_d	reg_d
model_template_chosen	r a ɪ d	r o ʊ d	r o ʊ d ə d	r a ɪ m	r o ʊ m	r a ɪ m d	NA	0	0	vowel_change	other	vowel_change
model_template_chosen	s p ɪ l	s p ɪ l d	s p æ l d	s p ɪ t	s p æ t	s p æ t	NA	0	0	reg_d	vowel_change_suffix	vowel_change
model_template_chosen	p ɔ r	p ɔ r d	p ɔ r d	ʃ ɔ r	ʃ ɔ r d	ʃ ɔ r d	p ɔ r d	1	1	reg_d	reg_d	reg_d
model_template_chosen	b a ʊ	b a ʊ d	b ɔ t	b a ɪ	b ɔ t	b ɔ t	NA	0	0	reg_d	vowel_change_suffix	vowel_change_suffix
model_template_chosen	t ʌ t͡ʃ	t ʌ t͡ʃ t	t ʌ t͡ʃ t	m æ t͡ʃ	m æ t͡ʃ t	m æ t͡ʃ t	t ʌ t͡ʃ t	1	1	reg_t	reg_t	reg_t
model_template_chosen	k ɑː z	k ɑː z d	k ɑː z d	b ʌ z	b ʌ z d	b ʌ z d	k ɑː z d	1	1	reg_d	reg_d	reg_d
model_template_chosen	s t r a ɪ k	s t r ʌ k	s t r a ɪ k t	s t r o ʊ k	s t r o ʊ k t	s t r o ʊ k t	s t r a ɪ k t	1	0	vowel_change	reg_t	reg_t
model_template_chosen	h ɹ̩ t	h ɹ̩ t	h ɹ̩ t	h ɪ t	h ɪ t	h ɪ t	h ɹ̩ t	1	1	no_change	no_change	no_change
model_template_chosen	h iː t	h iː t ə d	h ɹ̩ t	h iː r	h ɹ̩ d	h ɹ̩ d	NA	0	0	reg_əd	vowel_change	rhyme_replaced
model_template_chosen	f l a ʊ ɹ̩	f l a ʊ ɹ̩ d	f l a ʊ ɹ̩ d	s k a ʊ ɹ̩	s k a ʊ ɹ̩ d	s k a ʊ ɹ̩ d	f l a ʊ ɹ̩ d	1	1	reg_d	reg_d	reg_d
model_template_chosen	k l o ʊ z	k l o ʊ z d	k l o ʊ z d	b r a ʊ z	b r a ʊ z d	b r a ʊ z d	k l o ʊ z d	1	1	reg_d	reg_d	reg_d
model_template_chosen	m a ɪ n	m a ɪ n d	m a ɪ n d	l a ɪ n	l a ɪ n d	l a ɪ n d	m a ɪ n d	1	1	reg_d	reg_d	reg_d
model_template_chosen	v ɪ z ɪ t	v ɪ z ɪ t ə d	v ɪ z ɪ t ə d	ɛ ɡ z ɪ t	ɛ ɡ z ɪ t ə d	ɛ ɡ z ɪ t ə d	v ɪ z ɪ t ə d	1	1	reg_əd	reg_əd	reg_əd
model_template_chosen	t e ɪ s t	t e ɪ s t ə d	t e ɪ s t ə d	p e ɪ s t	p e ɪ s t ə d	p e ɪ s t ə d	t e ɪ s t ə d	1	1	reg_əd	reg_əd	reg_əd
model_template_chosen	b ʌ t ɹ̩	b ʌ t ɹ̩ d	b ʌ t ɹ̩ d	b ɛ t ɹ̩	b ɛ t ɹ̩ d	b ɛ t ɹ̩ d	b ʌ t ɹ̩ d	1	1	reg_d	reg_d	reg_d
model_template_chosen	m e ɪ l	m e ɪ l d	m e ɪ l d	d͡ʒ e ɪ l	d͡ʒ e ɪ l d	d͡ʒ e ɪ l d	m e ɪ l d	1	1	reg_d	reg_d	reg_d
model_template_chosen	d ɪ ŋ	d ɪ ŋ d	d ʌ ŋ	w ɪ n	w ʌ n	w ʌ n	NA	0	0	reg_d	vowel_change	vowel_change
model_template_chosen	s t ɑː p	s t ɑː p t	s t ɑː p t	s t ɛ p	s t ɛ p t	s t ɛ p t	s t ɑː p t	1	1	reg_t	reg_t	reg_t
model_template_chosen	ɪ k s a ɪ t	ɪ k s a ɪ t ə d	ɪ k s a ɪ t ə d	ɪ k w e ɪ t	ɪ k w e ɪ t ə d	ɪ k w e ɪ t ə d	ɪ k s a ɪ t ə d	1	1	reg_əd	reg_əd	reg_əd
model_template_chosen	f r a ɪ	f r a ɪ d	f r a ɪ d	d r a ɪ	d r a ɪ d	d r a ɪ d	f r a ɪ d	1	1	reg_d	reg_d	reg_d
model_template_chosen	s p iː k	s p o ʊ k	s p iː k t	s t ɔ k	s t ɔ k t	s t ɔ k t	s p iː k t	1	0	vowel_change	reg_t	reg_t
model_template_chosen	s k r æ m b ə l	s k r æ m b ə l d	s k r æ m b ə l d	s p r ɪ ŋ k ə l	s p r ɪ ŋ k ə l d	s p r ɪ ŋ k ə l d	s k r æ m b ə l d	1	1	reg_d	reg_d	reg_d
model_template_chosen	t͡ʃ ɛ k	t͡ʃ ɛ k t	t͡ʃ ɛ k t	r ɛ k	r ɛ k t	r ɛ k t	t͡ʃ ɛ k t	1	1	reg_t	reg_t	reg_t
model_template_chosen	n ʌ m b ɹ̩	n ʌ m b ɹ̩ d	n ʌ m b ɹ̩ d	k l ɑː b ɹ̩	k l ɑː b ɹ̩ d	k l ɑː b ɹ̩ d	n ʌ m b ɹ̩ d	1	1	reg_d	reg_d	reg_d
model_template_chosen	b ɛ n d	b ɛ n d ə d	b ɛ n t	s ɛ n d	s ɛ n t	s ɛ n t	b ɛ n t	1	0	reg_əd	coda_change	coda_change
model_template_chosen	t ɔ s	t ɔ s t	t ɔ s t	n ɹ̩ s	n ɹ̩ s t	n ɹ̩ s t	t ɔ s t	1	1	reg_t	reg_t	reg_t
model_template_chosen	w ɪ s p ɹ̩	w ɪ s p ɹ̩ d	w ɪ s p ɹ̩ d	f ɪ ɡ j ɹ̩	f ɪ ɡ j ɹ̩ d	f ɪ ɡ j ɹ̩ d	w ɪ s p ɹ̩ d	1	1	reg_d	reg_d	reg_d
model_template_chosen	a ɪ	a ɪ d	a ɪ	p ʊ t	p ʊ t	p ʊ t	a ɪ	1	0	reg_d	no_change	no_change
model_template_chosen	p ɑː p	p ɑː p t	p ɑː p t	h ɑː p	h ɑː p t	h ɑː p t	p ɑː p t	1	1	reg_t	reg_t	reg_t
model_template_chosen	ɪ ɡ z ɔ s t	ɪ ɡ z ɔ s t ə d	ɪ ɡ z ɔ s t ə d	d ɪ p ɑː r t	d ɪ p ɑː r t ə d	d ɪ p ɑː r t ə d	ɪ ɡ z ɔ s t ə d	1	1	reg_əd	reg_əd	reg_əd
model_template_chosen	b ɪ l d	b ɪ l t	b ɪ l d ə d	b æ n d	b æ n d ə d	b æ n d ə d	b ɪ l d ə d	1	0	coda_change	reg_əd	reg_əd
model_template_chosen	w ʌ n d ɹ̩	w ʌ n d ɹ̩ d	w ʌ n d ɹ̩ d	θ ʌ n d ɹ̩	θ ʌ n d ɹ̩ d	θ ʌ n d ɹ̩ d	w ʌ n d ɹ̩ d	1	1	reg_d	reg_d	reg_d
model_template_chosen	k r æ k	k r æ k t	k r æ k t	t r æ k	t r æ k t	t r æ k t	k r æ k t	1	1	reg_t	reg_t	reg_t
model_template_chosen	n ɪ b ə l	n ɪ b ə l d	n ɪ b ə l d	b æ b ə l	b æ b ə l d	b æ b ə l d	n ɪ b ə l d	1	1	reg_d	reg_d	reg_d
model_template_chosen	d ɪ l ɪ v ɹ̩	d ɪ l ɪ v ɹ̩ d	d ɪ l ɪ v ɹ̩ d	f l e ɪ v ɹ̩	f l e ɪ v ɹ̩ d	f l e ɪ v ɹ̩ d	d ɪ l ɪ v ɹ̩ d	1	1	reg_d	reg_d	reg_d
model_template_chosen	s k ɛ r	s k ɛ r d	s k ɛ r d	s k ɔ r	s k ɔ r d	s k ɔ r d	s k ɛ r d	1	1	reg_d	reg_d	reg_d
model_template_chosen	ɔ f ɹ̩	ɔ f ɹ̩ d	ɔ f ɹ̩ d	ɔ θ ɹ̩	ɔ θ ɹ̩ d	ɔ θ ɹ̩ d	ɔ f ɹ̩ d	1	1	reg_d	reg_d	reg_d
model_template_chosen	f l ɑː p	f l ɑː p t	f l ɑː p t	p l ɑː p	p l ɑː p t	p l ɑː p t	f l ɑː p t	1	1	reg_t	reg_t	reg_t
model_template_chosen	ə p o ʊ z	ə p o ʊ z d	ə p o ʊ z d	b r a ʊ z	b r a ʊ z d	b r a ʊ z d	ə p o ʊ z d	1	1	reg_d	reg_d	reg_d
model_template_chosen	k ʌ l ɹ̩	k ʌ l ɹ̩ d	k ʌ l ɹ̩ d	k ʌ v ɹ̩	k ʌ v ɹ̩ d	k ʌ v ɹ̩ d	k ʌ l ɹ̩ d	1	1	reg_d	reg_d	reg_d
model_template_chosen	k æ m p	k æ m p t	k æ m p t	k l ɪ p	k l ɪ p t	k l ɪ p t	k æ m p t	1	1	reg_t	reg_t	reg_t
model_template_chosen	s ɛ l	s o ʊ l d	s ɛ l d	j ɛ l	j ɛ l d	j ɛ l d	s ɛ l d	1	0	vowel_change_suffix	reg_d	reg_d
model_template_chosen	f l æ p	f l æ p t	f l æ p t	k l æ p	k l æ p t	k l æ p t	f l æ p t	1	1	reg_t	reg_t	reg_t
model_template_chosen	p r ɛ s	p r ɛ s t	p r ɛ s t	d r ɛ s	d r ɛ s t	d r ɛ s t	p r ɛ s t	1	1	reg_t	reg_t	reg_t
model_template_chosen	f ɪ l	f ɪ l d	f ɪ l d	w ɪ l	w ɪ l d	w ɪ l d	f ɪ l d	1	1	reg_d	reg_d	reg_d
model_template_chosen	b r æ n t͡ʃ	b r æ n t͡ʃ t	b r æ n t͡ʃ t	d r ɛ n t͡ʃ	d r ɛ n t͡ʃ t	d r ɛ n t͡ʃ t	b r æ n t͡ʃ t	1	1	reg_t	reg_t	reg_t
model_template_chosen	t a ɪ t ə n	t a ɪ t ə n d	t a ɪ t ə n d	s w iː t ə n	s w iː t ə n d	s w iː t ə n d	t a ɪ t ə n d	1	1	reg_d	reg_d	reg_d
model_template_chosen	k æ p t ɪ v e ɪ t	k æ p t ɪ v e ɪ t ə d	k æ p t ə v e ɪ t ə d	ɡ r æ v ə t e ɪ t	ɡ r æ v ə t e ɪ t ə d	ɡ r æ v ə t e ɪ t ə d	k æ p t ɪ v e ɪ t ə d	0	1	reg_əd	other	reg_əd
model_template_chosen	t o ʊ s t	t o ʊ s t ə d	t o ʊ s t ə d	t w ɪ s t	t w ɪ s t ə d	t w ɪ s t ə d	t o ʊ s t ə d	1	1	reg_əd	reg_əd	reg_əd
model_template_chosen	d ɪ s ə p iː r	d ɪ s ə p iː r d	d ɪ s ə p iː p iː r iː ə d	p ʌ b l ɪ ʃ	p ʌ b l ɪ ʃ t	p ʌ b l ɪ ʃ t	d ɪ s ə p iː r t	0	0	reg_d	other	reg_t
model_template_chosen	b ɛ r	b o ʊ r	b ɛ r d	ʃ ɛ r	ʃ ɛ r d	ʃ ɛ r d	b ɛ r d	1	0	vowel_change	reg_d	reg_d
model_template_chosen	b ɛ r iː	b ɛ r iː d	b ɛ r iː d	h ɛ r iː	h ɛ r iː d	h ɛ r iː d	b ɛ r iː d	1	1	reg_d	reg_d	reg_d
model_template_chosen	s n iː k	s n iː k t	s n iː k t	f r iː k	f r iː k t	f r iː k t	s n iː k t	1	1	reg_t	reg_t	reg_t
model_template_chosen	l ʌ n t͡ʃ	l ʌ n t͡ʃ t	l ʌ n t͡ʃ t	m ʌ n t͡ʃ	m ʌ n t͡ʃ t	m ʌ n t͡ʃ t	l ʌ n t͡ʃ t	1	1	reg_t	reg_t	reg_t
model_template_chosen	m ɛ m ɹ̩ a ɪ z	m ɛ m ɹ̩ a ɪ z d	m ɛ m ɹ̩ a ɪ z d	b ʊ l d o ʊ z	b ʊ l d o ʊ z d	b ʊ l d o ʊ z d	m ɛ m ɹ̩ a ɪ z d	1	1	reg_d	reg_d	reg_d
model_template_chosen	h a ɪ d	h ɪ d	h a ɪ d ə d	s a ɪ d	s a ɪ d ə d	s a ɪ d ə d	h a ɪ d ə d	1	0	vowel_change	reg_əd	reg_əd
model_template_chosen	w iː l	w iː l d	w iː l d	s iː l	s iː l d	s iː l d	w iː l d	1	1	reg_d	reg_d	reg_d
model_template_chosen	p æ t	p æ t ə d	p æ t ə d	p ɛ t	p ɛ t ə d	p ɛ t ə d	p æ t ə d	1	1	reg_əd	reg_əd	reg_əd
model_template_chosen	s k æ m p ɹ̩	s k æ m p ɹ̩ d	s k æ m p ɹ̩ d	f l e ɪ v ɹ̩	f l e ɪ v ɹ̩ d	f l e ɪ v ɹ̩ d	s k æ m p ɹ̩ d	1	1	reg_d	reg_d	reg_d
model_template_chosen	p iː r	p iː r d	p iː r d	t͡ʃ iː r	t͡ʃ iː r d	t͡ʃ iː r d	p iː r d	1	1	reg_d	reg_d	reg_d
model_template_chosen	ʃ æ m p uː	ʃ æ m p uː d	ʃ æ m p uː d	ɑː r ɡ j uː	ɑː r ɡ j uː d	ɑː r ɡ j uː d	ʃ æ m p uː d	1	1	reg_d	reg_d	reg_d
model_template_chosen	r e ɪ s	r e ɪ s t	r e ɪ s t	l e ɪ s	l e ɪ s t	l e ɪ s t	r e ɪ s t	1	1	reg_t	reg_t	reg_t
model_template_chosen	s t r ɛ t͡ʃ	s t r ɛ t͡ʃ t	s t r ɛ t͡ʃ t	s k r æ t͡ʃ	s k r æ t͡ʃ t	s k r æ t͡ʃ t	s t r ɛ t͡ʃ t	1	1	reg_t	reg_t	reg_t
model_template_chosen	k ə l æ p s	k ə l æ p s t	k ə l æ p s t	r ɪ l æ k s	r ɪ l æ k s t	r ɪ l æ k s t	k ə l æ p s t	1	1	reg_t	reg_t	reg_t
model_template_chosen	d r ɪ f t	d r ɪ f t ə d	d r ɪ f t ə d	p r ɪ n t	p r ɪ n t ə d	p r ɪ n t ə d	d r ɪ f t ə d	1	1	reg_əd	reg_əd	reg_əd
model_template_chosen	s t æ b	s t æ b d	s t æ b d	k l ʌ b	k l ʌ b d	k l ʌ b d	s t æ b d	1	1	reg_d	reg_d	reg_d
model_template_chosen	t͡ʃ uː	t͡ʃ uː d	t͡ʃ uː d	b uː	b uː d	b uː d	t͡ʃ uː d	1	1	reg_d	reg_d	reg_d
model_template_chosen	b ʌ b ə l	b ʌ b ə l d	b ʌ b ə l d	b æ b ə l	b æ b ə l d	b æ b ə l d	b ʌ b ə l d	1	1	reg_d	reg_d	reg_d
model_template_chosen	s a ʊ ɹ̩	s a ʊ ɹ̩ d	s a ʊ ɹ̩ d	t a ʊ ɹ̩	t a ʊ ɹ̩ d	t a ʊ ɹ̩ d	s a ʊ ɹ̩ d	1	1	reg_d	reg_d	reg_d
model_template_chosen	s t æ m p	s t æ m p t	s t æ m p t	k l æ m p	k l æ m p t	k l æ m p t	s t æ m p t	1	1	reg_t	reg_t	reg_t
model_template_chosen	d͡ʒ ɹ̩ k	d͡ʒ ɹ̩ k t	d͡ʒ ɹ̩ k t	w ɹ̩ k	w ɹ̩ k t	w ɹ̩ k t	d͡ʒ ɹ̩ k t	1	1	reg_t	reg_t	reg_t
model_template_chosen	s ɔ	s ɔ d	s ɔ d	n ɔ	n ɔ d	n ɔ d	s ɔ d	1	1	reg_d	reg_d	reg_d
model_template_chosen	f l ɪ p	f l ɪ p t	f l ɪ p t	k l ɪ p	k l ɪ p t	k l ɪ p t	f l ɪ p t	1	1	reg_t	reg_t	reg_t
model_template_chosen	h iː l	h iː l d	h ɹ̩ l d	h iː r	h ɹ̩ d	h ɹ̩ d	NA	0	0	reg_d	vowel_change_suffix	rhyme_replaced
model_template_chosen	s k r iː m	s k r iː m d	s k r iː m d	b l e ɪ m	b l e ɪ m d	b l e ɪ m d	s k r iː m d	1	1	reg_d	reg_d	reg_d
model_template_chosen	h ʊ k	h ʊ k t	h ʊ k t	b ʊ k	b ʊ k t	b ʊ k t	h ʊ k t	1	1	reg_t	reg_t	reg_t
model_template_chosen	p ɪ t	p ɪ t ə d	p ɪ t ə d	p ɑː t	p ɑː t ə d	p ɑː t ə d	p ɪ t ə d	1	1	reg_əd	reg_əd	reg_əd
model_template_chosen	t r ʌ b ə l	t r ʌ b ə l d	t r ʌ b ə l d	s n ɑː r ə l	s n ɑː r ə l d	s n ɑː r ə l d	t r ʌ b ə l d	1	1	reg_d	reg_d	reg_d
model_template_chosen	ɪ m p r ə v a ɪ z	ɪ m p r ə v a ɪ z d	ɪ m p r o ʊ z d	r a ɪ t	r o ʊ t	r o ʊ t	NA	0	0	reg_d	other	vowel_change
model_template_chosen	n e ɪ l	n e ɪ l d	n e ɪ l d	d͡ʒ e ɪ l	d͡ʒ e ɪ l d	d͡ʒ e ɪ l d	n e ɪ l d	1	1	reg_d	reg_d	reg_d
model_template_chosen	b a ɪ k	b a ɪ k t	b a ɪ k t	h a ɪ k	h a ɪ k t	h a ɪ k t	b a ɪ k t	1	1	reg_t	reg_t	reg_t
model_template_chosen	l ɑː k	l ɑː k t	l ɑː k t	r ɑː k	r ɑː k t	r ɑː k t	l ɑː k t	1	1	reg_t	reg_t	reg_t
model_template_chosen	r ɛ s t	r ɛ s t ə d	r ɛ s t ə d	b ɛ s t	b ɛ s t ə d	b ɛ s t ə d	r ɛ s t ə d	1	1	reg_əd	reg_əd	reg_əd
model_template_chosen	b iː p	b iː p t	b iː p t	z ɪ p	z ɪ p t	z ɪ p t	b iː p t	1	1	reg_t	reg_t	reg_t
model_template_chosen	s ɪ p	s ɪ p t	s æ p t	s ɪ t	s æ t	s æ t	NA	0	0	reg_t	vowel_change_suffix	vowel_change
model_template_chosen	ɪ s k e ɪ p	ɪ s k e ɪ p t	ɪ s k e ɪ p t	s k r e ɪ p	s k r e ɪ p t	s k r e ɪ p t	ɪ s k e ɪ p t	1	1	reg_t	reg_t	reg_t
model_template_chosen	k ə n t r o ʊ l	k ə n t r o ʊ l d	k ə n t r o ʊ l d	s p r ɪ ŋ k ə l	s p r ɪ ŋ k ə l d	s p r ɪ ŋ k ə l d	k ə n t r o ʊ l d	1	1	reg_d	reg_d	reg_d
model_template_chosen	h ʌ d ə l	h ʌ d ə l d	h ʌ d ə l d	k ʌ d ə l	k ʌ d ə l d	k ʌ d ə l d	h ʌ d ə l d	1	1	reg_d	reg_d	reg_d
model_template_chosen	s w uː ʃ	s w uː ʃ t	s w uː ʃ t	s w ɪ ʃ	s w ɪ ʃ t	s w ɪ ʃ t	s w uː ʃ t	1	1	reg_t	reg_t	reg_t
model_template_chosen	f a ɪ n d	f a ʊ n d	f a ɪ n d ə d	r a ʊ n d	r a ʊ n d ə d	r a ʊ n d ə d	f a ɪ n d ə d	1	0	vowel_change	reg_əd	reg_əd
model_template_chosen	k ɔ ɪ l	k ɔ ɪ l d	k ɔ ɪ l d	t a ɪ l	t a ɪ l d	t a ɪ l d	k ɔ ɪ l d	1	1	reg_d	reg_d	reg_d
model_template_chosen	r ə f ɹ̩	r ə f ɹ̩ d	r ə f ɹ̩ d	m ɛ ʒ ɹ̩	m ɛ ʒ ɹ̩ d	m ɛ ʒ ɹ̩ d	r ə f ɹ̩ d	1	1	reg_d	reg_d	reg_d
model_template_chosen	ʃ e ɪ v	ʃ e ɪ v d	ʃ e ɪ v d	s e ɪ v	s e ɪ v d	s e ɪ v d	ʃ e ɪ v d	1	1	reg_d	reg_d	reg_d
model_template_chosen	d ɪ s k r a ɪ b	d ɪ s k r a ɪ b d	d ɪ s k r o ʊ b d	ə r a ɪ v	ə r o ʊ v d	ə r a ɪ v d	NA	0	0	reg_d	vowel_change_suffix	vowel_change_suffix
model_template_chosen	p r iː z ɛ n t	p r iː z ɛ n t ə d	p r iː z ɛ n t ə d	p r ɪ v ɛ n t	p r ɪ v ɛ n t ə d	p r ɪ v ɛ n t ə d	p r iː z ɛ n t ə d	1	1	reg_əd	reg_əd	reg_əd
model_template_chosen	ɪ ɡ z ɪ s t	ɪ ɡ z ɪ s t ə d	ɪ ɡ z ɪ s t ə d	ɪ n s ɪ s t	ɪ n s ɪ s t ə d	ɪ n s ɪ s t ə d	ɪ ɡ z ɪ s t ə d	1	1	reg_əd	reg_əd	reg_əd
model_template_chosen	b ɔ r	b ɔ r d	b ɔ r d	r ɔ r	r ɔ r d	r ɔ r d	b ɔ r d	1	1	reg_d	reg_d	reg_d
model_template_chosen	uː z	uː z d	uː z d	t iː	t iː d	t iː d	uː z d	1	1	reg_d	reg_d	reg_d
model_template_chosen	r ɑː b	r ɑː b d	r ɑː b d	n æ b	n æ b d	n æ b d	r ɑː b d	1	1	reg_d	reg_d	reg_d
model_template_chosen	t r æ p	t r æ p t	t r æ p t	d r ɑː p	d r ɑː p t	d r ɑː p t	t r æ p t	1	1	reg_t	reg_t	reg_t
model_template_chosen	b æ ʃ	b æ ʃ t	b æ ʃ t	m æ ʃ	m æ ʃ t	m æ ʃ t	b æ ʃ t	1	1	reg_t	reg_t	reg_t
model_template_chosen	æ k t	æ k t ə d	æ k t ə d	s uː t	s uː t ə d	s uː t ə d	æ k t ə d	1	1	reg_əd	reg_əd	reg_əd
model_template_chosen	s t o ʊ n	s t o ʊ n d	s t o ʊ n d	p l e ɪ n	p l e ɪ n d	p l e ɪ n d	s t o ʊ n d	1	1	reg_d	reg_d	reg_d
model_template_chosen	f l ɪ ŋ	f l ʌ ŋ	f l ʌ ŋ	k l ɪ ŋ	k l ʌ ŋ	k l ʌ ŋ	f l ʌ ŋ	1	1	vowel_change	vowel_change	vowel_change
model_template_chosen	k w ɪ t	k w ɪ t	k w ɪ t	k ɑː s t	k ɑː s t	k ɑː s t	k w ɪ t	1	1	no_change	no_change	no_change
model_template_chosen	p r ə f ɹ̩	p r ə f ɹ̩ d	p r ə f ɹ̩ d	f ɪ ɡ j ɹ̩	f ɪ ɡ j ɹ̩ d	f ɪ ɡ j ɹ̩ d	p r ə f ɹ̩ d	1	1	reg_d	reg_d	reg_d
model_template_chosen	ə n l ɑː k	ə n l ɑː k t	ə n l ɑː k t	s m o ʊ k	s m o ʊ k t	s m o ʊ k t	ə n l ɑː k t	1	1	reg_t	reg_t	reg_t
model_template_chosen	m æ n ə d͡ʒ	m æ n ə d͡ʒ d	m æ n ə d͡ʒ d	s p ʌ n d͡ʒ	s p ʌ n d͡ʒ d	s p ʌ n d͡ʒ d	m æ n ə d͡ʒ d	1	1	reg_d	reg_d	reg_d
model_template_chosen	s ɛ n t ɹ̩	s ɛ n t ɹ̩ d	s ɛ n t ɹ̩ d	ʃ ɛ l t ɹ̩	ʃ ɛ l t ɹ̩ d	ʃ ɛ l t ɹ̩ d	s ɛ n t ɹ̩ d	1	1	reg_d	reg_d	reg_d
model_template_chosen	s p ɑː t	s p ɑː t ə d	s p ɑː t ə d	s w ɑː t	s w ɑː t ə d	s w ɑː t ə d	s p ɑː t ə d	1	1	reg_əd	reg_əd	reg_əd
model_template_chosen	m o ʊ	m o ʊ d	m o ʊ d	s o ʊ	s o ʊ d	s o ʊ d	m o ʊ d	1	1	reg_d	reg_d	reg_d
model_template_chosen	t æ t uː	t æ t uː d	t æ t uː d	s k r uː	s k r uː d	s k r uː d	t æ t uː d	1	1	reg_d	reg_d	reg_d
model_template_chosen	s a ɪ z	s a ɪ z d	s a ɪ z d	k w ɪ z	k w ɪ z d	k w ɪ z d	s a ɪ z d	1	1	reg_d	reg_d	reg_d
model_template_chosen	p ɹ̩ f ɛ k t	p ɹ̩ f ɛ k t ə d	p ɹ̩ f ɛ k t ə d	ɪ n v a ɪ t	ɪ n v a ɪ t ə d	ɪ n v a ɪ t ə d	p ɹ̩ f ɛ k t ə d	1	1	reg_əd	reg_əd	reg_əd
model_template_chosen	t r e ɪ n	t r e ɪ n d	t r e ɪ n d	p l e ɪ n	p l e ɪ n d	p l e ɪ n d	t r e ɪ n d	1	1	reg_d	reg_d	reg_d
model_template_chosen	p ʌ n ɪ ʃ	p ʌ n ɪ ʃ t	p ʌ n ɪ ʃ t	p ɑː l ɪ ʃ	p ɑː l ɪ ʃ t	p ɑː l ɪ ʃ t	p ʌ n ɪ ʃ t	1	1	reg_t	reg_t	reg_t
model_template_chosen	l uː s	l uː s t	l uː s t	ɡ ɛ s	ɡ ɛ s t	ɡ ɛ s t	l uː s t	1	1	reg_t	reg_t	reg_t
model_template_chosen	t ɑː p ə l	t ɑː p ə l d	t ɑː p ə l d	ʃ ʌ f ə l	ʃ ʌ f ə l d	ʃ ʌ f ə l d	t ɑː p ə l d	1	1	reg_d	reg_d	reg_d
model_template_chosen	s k r æ p	s k r æ p t	s k r æ p t	s t r æ p	s t r æ p t	s t r æ p t	s k r æ p t	1	1	reg_t	reg_t	reg_t
model_template_chosen	k r æ m	k r æ m d	k r æ m d	s l æ m	s l æ m d	s l æ m d	k r æ m d	1	1	reg_d	reg_d	reg_d
model_template_chosen	p ɪ t͡ʃ	p ɪ t͡ʃ t	p ɪ t͡ʃ t	p æ t͡ʃ	p æ t͡ʃ t	p æ t͡ʃ t	p ɪ t͡ʃ t	1	1	reg_t	reg_t	reg_t
model_template_chosen	s m æ ʃ	s m æ ʃ t	s m æ ʃ t	b l ʌ ʃ	b l ʌ ʃ t	b l ʌ ʃ t	s m æ ʃ t	1	1	reg_t	reg_t	reg_t
model_template_chosen	f e ɪ l	f e ɪ l d	f e ɪ l d	f a ɪ l	f a ɪ l d	f a ɪ l d	f e ɪ l d	1	1	reg_d	reg_d	reg_d
model_template_chosen	b l o ʊ t	b l o ʊ t ə d	b l o ʊ t ə d	s m ɑː r t	s m ɑː r t ə d	s m ɑː r t ə d	b l o ʊ t ə d	1	1	reg_əd	reg_əd	reg_əd
model_template_chosen	s k w iː k	s k w iː k t	s k w iː k t	s m o ʊ k	s m o ʊ k t	s m o ʊ k t	s k w iː k t	1	1	reg_t	reg_t	reg_t
model_template_chosen	s k ɹ̩ t	s k ɹ̩ t ə d	s k ɹ̩ t ə d	s w ɑː t	s w ɑː t ə d	s w ɑː t ə d	s k ɹ̩ t ə d	1	1	reg_əd	reg_əd	reg_əd
model_template_chosen	b l ɪ ŋ k	b l ɪ ŋ k t	b l æ ŋ k	ʃ r ɪ ŋ k	ʃ r æ ŋ k	ʃ r æ ŋ k	b l æ ŋ k	1	0	reg_t	vowel_change	vowel_change
model_template_chosen	w æ ɡ	w æ ɡ d	w æ ɡ d	b æ ɡ	b æ ɡ d	b æ ɡ d	w æ ɡ d	1	1	reg_d	reg_d	reg_d
model_template_chosen	h æ t͡ʃ	h æ t͡ʃ t	h æ t͡ʃ t	m æ t͡ʃ	m æ t͡ʃ t	m æ t͡ʃ t	h æ t͡ʃ t	1	1	reg_t	reg_t	reg_t
model_template_chosen	h a ʊ z	h a ʊ z d	h a ʊ z d	n o ʊ z	n o ʊ z d	n o ʊ z d	h a ʊ z d	1	1	reg_d	reg_d	reg_d
model_template_chosen	w ɑː f ə l	w ɑː f ə l d	w ɑː f ə l d	d͡ʒ ʌ ɡ ə l	d͡ʒ ʌ ɡ ə l d	d͡ʒ ʌ ɡ ə l d	w ɑː f ə l d	1	1	reg_d	reg_d	reg_d
model_template_chosen	b ʌ t ə n	b ʌ t ə n d	b ʌ t ə n d	h æ p ə n	h æ p ə n d	h æ p ə n d	b ʌ t ə n d	1	1	reg_d	reg_d	reg_d
model_template_chosen	k ɹ̩ iː n	k ɹ̩ iː n d	k ɹ̩ iː n d	k l iː n	k l iː n d	k l iː n d	k ɹ̩ iː n d	1	1	reg_d	reg_d	reg_d
model_template_chosen	s t r ɪ p	s t r ɪ p t	s t r æ p t	s p r ɪ ŋ	s p r æ ŋ	s p r æ ŋ	NA	0	0	reg_t	vowel_change_suffix	vowel_change
model_template_chosen	p r a ɪ z	p r a ɪ z d	p r a ɪ z	s p l ɪ t	s p l ɪ t	s p l ɪ t	p r a ɪ z	1	0	reg_d	no_change	no_change
model_template_chosen	k ə n f j uː z	k ə n f j uː z d	k ə n f j uː z d	ɪ k s k j uː z	ɪ k s k j uː z d	ɪ k s k j uː z d	k ə n f j uː z d	1	1	reg_d	reg_d	reg_d
model_template_chosen	p l ʌ ɡ	p l ʌ ɡ d	p l ʌ ɡ d	s l ʌ ɡ	s l ʌ ɡ d	s l ʌ ɡ d	p l ʌ ɡ d	1	1	reg_d	reg_d	reg_d
model_template_chosen	k ɹ̩ s	k ɹ̩ s t	k ɹ̩ s t	n ɹ̩ s	n ɹ̩ s t	n ɹ̩ s t	k ɹ̩ s t	1	1	reg_t	reg_t	reg_t
model_template_chosen	f e ɪ n t	f e ɪ n t ə d	f e ɪ n t ə d	p e ɪ n t	p e ɪ n t ə d	p e ɪ n t ə d	f e ɪ n t ə d	1	1	reg_əd	reg_əd	reg_əd
model_template_chosen	r iː p l e ɪ s	r iː p l e ɪ s t	r iː p l e ɪ s t	ɪ k s p r ɛ s	ɪ k s p r ɛ s t	ɪ k s p r ɛ s t	r iː p l e ɪ s t	1	1	reg_t	reg_t	reg_t
model_template_chosen	ɡ ɑː r d	ɡ ɑː r d ə d	ɡ ɑː r d ə d	w uː n d	w uː n d ə d	w uː n d ə d	ɡ ɑː r d ə d	1	1	reg_əd	reg_əd	reg_əd
model_template_chosen	ɡ l ʌ v	ɡ l ʌ v d	ɡ l ʌ v d	s e ɪ v	s e ɪ v d	s e ɪ v d	ɡ l ʌ v d	1	1	reg_d	reg_d	reg_d
model_template_chosen	s ɔ l t	s ɔ l t ə d	s ɔ l t ə d	s ɔ r t	s ɔ r t ə d	s ɔ r t ə d	s ɔ l t ə d	1	1	reg_əd	reg_əd	reg_əd
model_template_chosen	s t ɛ r	s t ɛ r d	s t ɛ r d	s t ɔ r	s t ɔ r d	s t ɔ r d	s t ɛ r d	1	1	reg_d	reg_d	reg_d
model_template_chosen	k ə m b a ɪ n	k ə m b a ɪ n d	k ə m b a ɪ n d	s t e ɪ ʃ ə n	s t e ɪ ʃ ə n d	s t e ɪ ʃ ə n d	k ə m b a ɪ n d	1	1	reg_d	reg_d	reg_d
model_template_chosen	f r ʌ n t	f r ʌ n t ə d	f r ʌ n t ə d	p l æ n t	p l æ n t ə d	p l æ n t ə d	f r ʌ n t ə d	1	1	reg_əd	reg_əd	reg_əd
model_template_chosen	ɡ ɑː r b ə l	ɡ ɑː r b ə l d	ɡ ɑː r b ə l d	m ɑː r b ə l	m ɑː r b ə l d	m ɑː r b ə l d	ɡ ɑː r b ə l d	1	1	reg_d	reg_d	reg_d
model_template_chosen	p æ m p ɹ̩	p æ m p ɹ̩ d	p æ m p ɹ̩ d	f ɪ ŋ ɡ ɹ̩	f ɪ ŋ ɡ ɹ̩ d	f ɪ ŋ ɡ ɹ̩ d	p æ m p ɹ̩ d	1	1	reg_d	reg_d	reg_d
model_template_chosen	f iː r	f iː r d	f ɛ r d	f iː d	f ɛ d	f ɛ d	NA	0	0	reg_d	vowel_change_suffix	vowel_change
model_template_chosen	ʃ ʌ v ə l	ʃ ʌ v ə l d	ʃ ʌ v ə l d	ʃ ʌ f ə l	ʃ ʌ f ə l d	ʃ ʌ f ə l d	ʃ ʌ v ə l d	1	1	reg_d	reg_d	reg_d
model_template_chosen	s k ɛ d͡ʒ ʊ l	s k ɛ d͡ʒ ʊ l d	s k ɛ d͡ʒ ɛ l d	s p iː d	s p ɛ d	s p ɛ d	NA	0	0	reg_d	vowel_change_suffix	vowel_change
model_template_chosen	f l ʌ t ɹ̩	f l ʌ t ɹ̩ d	f l ʌ t ɹ̩ d	k l ʌ t ɹ̩	k l ʌ t ɹ̩ d	k l ʌ t ɹ̩ d	f l ʌ t ɹ̩ d	1	1	reg_d	reg_d	reg_d
model_template_chosen	s p ɑː r k ə l	s p ɑː r k ə l d	s p ɑː r k ə l d	ɡ r ʌ m b ə l	ɡ r ʌ m b ə l d	ɡ r ʌ m b ə l d	s p ɑː r k ə l d	1	1	reg_d	reg_d	reg_d
model_template_chosen	r ɪ s p ɑː n d	r ɪ s p ɑː n d ə d	r ɪ s p ɑː n d ə d	d ɪ s k ɑː r d	d ɪ s k ɑː r d ə d	d ɪ s k ɑː r d ə d	r ɪ s p ɑː n d ə d	1	1	reg_əd	reg_əd	reg_əd
model_template_chosen	t æ t ɹ̩	t æ t ɹ̩ d	t æ t ɹ̩ d	m æ t ɹ̩	m æ t ɹ̩ d	m æ t ɹ̩ d	t æ t ɹ̩ d	1	1	reg_d	reg_d	reg_d
model_template_chosen	p ɑː k ə t	p ɑː k ə t ə d	p ɑː k ə t ə d	r ɑː k ə t	r ɑː k ə t ə d	r ɑː k ə t ə d	p ɑː k ə t ə d	1	1	reg_əd	reg_əd	reg_əd
model_template_chosen	d͡ʒ æ ŋ ɡ ə l	d͡ʒ æ ŋ ɡ ə l d	d͡ʒ æ ŋ ɡ ə l d	d æ ŋ ɡ ə l	d æ ŋ ɡ ə l d	d æ ŋ ɡ ə l d	d͡ʒ æ ŋ ɡ ə l d	1	1	reg_d	reg_d	reg_d
model_template_chosen	p iː p	p iː p t	p iː p t	z ɪ p	z ɪ p t	z ɪ p t	p iː p t	1	1	reg_t	reg_t	reg_t
model_template_chosen	æ k s ɛ s ɹ̩ a ɪ z	æ k s ɛ s ɹ̩ a ɪ z d	æ s ɛ s ɛ s a ɪ z d	ɪ m b ɛ r ə s	ɪ m b ɛ r ə s t	ɪ m b ɛ r ə s t	æ k s ɛ s ɹ̩ a ɪ z t	0	0	reg_d	other	reg_t
model_template_chosen	r ɛ d͡ʒ ɪ s t ɹ̩	r ɛ d͡ʒ ɪ s t ɹ̩ d	r ɛ d͡ʒ ɪ s t ɹ̩ d	s p l ɪ n t ɹ̩	s p l ɪ n t ɹ̩ d	s p l ɪ n t ɹ̩ d	r ɛ d͡ʒ ɪ s t ɹ̩ d	1	1	reg_d	reg_d	reg_d
model_template_chosen	ɡ l o ʊ	ɡ l o ʊ d	ɡ l uː	b l o ʊ	b l uː	b l uː	ɡ l uː	1	0	reg_d	vowel_change	vowel_change
model_template_chosen	k ɑː m ɛ n t	k ɑː m ɛ n t ə d	k ɑː m ɛ n t ə d	k ə l ɛ k t	k ə l ɛ k t ə d	k ə l ɛ k t ə d	k ɑː m ɛ n t ə d	1	1	reg_əd	reg_əd	reg_əd
model_template_chosen	r ə f j uː z	r ə f j uː z d	r ə f j uː z d	s ə p o ʊ z	s ə p o ʊ z d	s ə p o ʊ z d	r ə f j uː z d	1	1	reg_d	reg_d	reg_d
model_template_chosen	w ɛ d	w ɛ d	w ɛ d ə d	l ɛ d	l ɛ d ə d	l ɛ d ə d	w ɛ d ə d	1	0	no_change	reg_əd	reg_əd
model_template_chosen	d a ʊ n	d a ʊ n d	d a ʊ n d	f o ʊ n	f o ʊ n d	f o ʊ n d	d a ʊ n d	1	1	reg_d	reg_d	reg_d
model_template_chosen	t͡ʃ ɪ p	t͡ʃ ɪ p t	t͡ʃ ɪ p t	r ɪ p	r ɪ p t	r ɪ p t	t͡ʃ ɪ p t	1	1	reg_t	reg_t	reg_t
model_template_chosen	d ɹ̩ ɛ k t	d ɹ̩ ɛ k t ə d	d ɹ̩ ɛ k t ə d	k ɹ̩ ɛ k t	k ɹ̩ ɛ k t ə d	k ɹ̩ ɛ k t ə d	d ɹ̩ ɛ k t ə d	1	1	reg_əd	reg_əd	reg_əd
model_template_chosen	d ɪ f ɛ n d	d ɪ f ɛ n d ə d	d ɪ f ɛ n d ə d	d ɪ p ɛ n d	d ɪ p ɛ n d ə d	d ɪ p ɛ n d ə d	d ɪ f ɛ n d ə d	1	1	reg_əd	reg_əd	reg_əd
model_template_chosen	p a ʊ n d	p a ʊ n d ə d	p a ʊ n d ə d	r a ʊ n d	r a ʊ n d ə d	r a ʊ n d ə d	p a ʊ n d ə d	1	1	reg_əd	reg_əd	reg_əd
model_template_chosen	d r e ɪ p	d r e ɪ p t	d r e ɪ p t	t r æ m p	t r æ m p t	t r æ m p t	d r e ɪ p t	1	1	reg_t	reg_t	reg_t
model_template_chosen	k ə n t e ɪ n	k ə n t e ɪ n d	k ə n t e ɪ n d	b ʊ l d o ʊ z	b ʊ l d o ʊ z d	b ʊ l d o ʊ z d	k ə n t e ɪ n d	1	1	reg_d	reg_d	reg_d
model_template_chosen	s iː z ə n	s iː z ə n d	s iː z ə n d	h æ p ə n	h æ p ə n d	h æ p ə n d	s iː z ə n d	1	1	reg_d	reg_d	reg_d
model_template_chosen	k r a ʊ t͡ʃ	k r a ʊ t͡ʃ t	k r a ʊ t͡ʃ t	k r ʌ n t͡ʃ	k r ʌ n t͡ʃ t	k r ʌ n t͡ʃ t	k r a ʊ t͡ʃ t	1	1	reg_t	reg_t	reg_t
model_template_chosen	h ɪ p n ə t a ɪ z	h ɪ p n ə t a ɪ z d	h ɪ t ə t ə d	f o ʊ t ə ɡ r æ f	f o ʊ t ə ɡ r æ f t	f o ʊ t ə ɡ r æ f t	h ɪ p n ə t a ɪ z t	0	0	reg_d	other	reg_t
model_template_chosen	k ə n d ɛ n s	k ə n d ɛ n s t	k ə n d ɛ n s t	k ə n v ɪ n s	k ə n v ɪ n s t	k ə n v ɪ n s t	k ə n d ɛ n s t	1	1	reg_t	reg_t	reg_t
model_template_chosen	k r æ ŋ k	k r æ ŋ k t	k r æ ŋ k	s p l ɪ t	s p l ɪ t	s p l ɪ t	k r æ ŋ k	1	0	reg_t	no_change	no_change
model_template_chosen	k l a ʊ d	k l a ʊ d ə d	k l a ʊ d ə d	k r a ʊ d	k r a ʊ d ə d	k r a ʊ d ə d	k l a ʊ d ə d	1	1	reg_əd	reg_əd	reg_əd
model_template_chosen	r e ɪ d	r e ɪ d ə d	r e ɪ d ə d	f e ɪ d	f e ɪ d ə d	f e ɪ d ə d	r e ɪ d ə d	1	1	reg_əd	reg_əd	reg_əd
model_template_chosen	f ɪ l t ɹ̩	f ɪ l t ɹ̩ d	f ɪ l t ɹ̩ d	ʃ ɛ l t ɹ̩	ʃ ɛ l t ɹ̩ d	ʃ ɛ l t ɹ̩ d	f ɪ l t ɹ̩ d	1	1	reg_d	reg_d	reg_d
model_template_chosen	t æ ŋ ɡ ə l	t æ ŋ ɡ ə l d	t æ ŋ ɡ ə l d	d æ ŋ ɡ ə l	d æ ŋ ɡ ə l d	d æ ŋ ɡ ə l d	t æ ŋ ɡ ə l d	1	1	reg_d	reg_d	reg_d
model_template_chosen	p l æ s t ɹ̩	p l æ s t ɹ̩ d	p l æ s t ɹ̩ d	f l e ɪ v ɹ̩	f l e ɪ v ɹ̩ d	f l e ɪ v ɹ̩ d	p l æ s t ɹ̩ d	1	1	reg_d	reg_d	reg_d
model_template_chosen	ʃ e ɪ d	ʃ e ɪ d ə d	ʃ e ɪ d ə d	f e ɪ d	f e ɪ d ə d	f e ɪ d ə d	ʃ e ɪ d ə d	1	1	reg_əd	reg_əd	reg_əd
model_template_chosen	t r ʌ s t	t r ʌ s t ə d	t r ʌ s t ə d	t w ɪ s t	t w ɪ s t ə d	t w ɪ s t ə d	t r ʌ s t ə d	1	1	reg_əd	reg_əd	reg_əd
model_template_chosen	s æ n d	s æ n d ə d	s æ n t ə d	s ɛ n d	s ɛ n t	s ɛ n t	s æ n t	0	0	reg_əd	other	coda_change
model_template_chosen	d ɪ z ɑː l v	d ɪ z ɑː l v d	d ɪ z ɑː l v d	p ɹ̩ f ɔ r m	p ɹ̩ f ɔ r m d	p ɹ̩ f ɔ r m d	d ɪ z ɑː l v d	1	1	reg_d	reg_d	reg_d
model_template_chosen	r æ k	r æ k t	r æ k t	d͡ʒ æ k	d͡ʒ æ k t	d͡ʒ æ k t	r æ k t	1	1	reg_t	reg_t	reg_t
model_template_chosen	ʃ ɛ l	ʃ ɛ l d	ʃ ɛ l d	j ɛ l	j ɛ l d	j ɛ l d	ʃ ɛ l d	1	1	reg_d	reg_d	reg_d
model_template_chosen	s w ɑː p	s w ɑː p t	s w ɑː p t	s k uː p	s k uː p t	s k uː p t	s w ɑː p t	1	1	reg_t	reg_t	reg_t
model_template_chosen	r iː l iː s	r iː l iː s t	r iː l iː s t	ə d r ɛ s	ə d r ɛ s t	ə d r ɛ s t	r iː l iː s t	1	1	reg_t	reg_t	reg_t
model_template_chosen	r e ɪ k	r e ɪ k t	r e ɪ k t	t e ɪ k	t e ɪ k t	t ʊ k	r e ɪ k t	1	1	reg_t	reg_t	reg_t
model_template_chosen	k æ n s ə l	k æ n s ə l d	k æ n s ə l d	h æ n d ə l	h æ n d ə l d	h æ n d ə l d	k æ n s ə l d	1	1	reg_d	reg_d	reg_d
model_template_chosen	s p a ɪ	s p a ɪ d	s p a ɪ d	p r a ɪ	p r a ɪ d	p r a ɪ d	s p a ɪ d	1	1	reg_d	reg_d	reg_d
model_template_chosen	f j uː m	f j uː m d	f j uː m d	s t iː m	s t iː m d	s t iː m d	f j uː m d	1	1	reg_d	reg_d	reg_d
model_template_chosen	p r iː p ɛ r	p r iː p ɛ r d	p r iː p ɛ r d	d ɪ k l ɛ r	d ɪ k l ɛ r d	d ɪ k l ɛ r d	p r iː p ɛ r d	1	1	reg_d	reg_d	reg_d
model_template_chosen	d ɪ s p o ʊ z	d ɪ s p o ʊ z d	d ɪ s p o ʊ z d	b ʊ l d o ʊ z	b ʊ l d o ʊ z d	b ʊ l d o ʊ z d	d ɪ s p o ʊ z d	1	1	reg_d	reg_d	reg_d
model_template_chosen	k ə n d ʌ k t	k ə n d ʌ k t ə d	k ə n d ʌ k t ə d	ɪ n f l e ɪ t	ɪ n f l e ɪ t ə d	ɪ n f l e ɪ t ə d	k ə n d ʌ k t ə d	1	1	reg_əd	reg_əd	reg_əd
model_template_chosen	s t ɪ ŋ k	s t ʌ ŋ k	s t ʌ ŋ k t	s p ɪ n	s p ʌ n	s p ʌ n	NA	0	0	vowel_change	vowel_change_suffix	vowel_change
model_template_chosen	d r e ɪ n	d r e ɪ n d	d r e ɪ n d	p l e ɪ n	p l e ɪ n d	p l e ɪ n d	d r e ɪ n d	1	1	reg_d	reg_d	reg_d
model_template_chosen	ə n p l ʌ ɡ	ə n p l ʌ ɡ d	ə n p l ʌ ɡ d	z ɪ ɡ z æ ɡ	z ɪ ɡ z æ ɡ d	z ɪ ɡ z æ ɡ d	ə n p l ʌ ɡ d	1	1	reg_d	reg_d	reg_d
model_template_chosen	h æ l o ʊ	h æ l o ʊ d	h æ l o ʊ d	n ɛ r o ʊ	n ɛ r o ʊ d	n ɛ r o ʊ d	h æ l o ʊ d	1	1	reg_d	reg_d	reg_d
model_template_chosen	ɪ n t ɹ̩ æ k t	ɪ n t ɹ̩ æ k t ə d	ɪ n t ɹ̩ æ k t ə d	ɪ n f l e ɪ t	ɪ n f l e ɪ t ə d	ɪ n f l e ɪ t ə d	ɪ n t ɹ̩ æ k t ə d	1	1	reg_əd	reg_əd	reg_əd
model_template_chosen	ə b s ɛ s	ə b s ɛ s t	ə b b ɛ s t	s t iː l	s t o ʊ l	s t o ʊ l	NA	0	0	reg_t	other	vowel_change
model_template_chosen	s n æ t͡ʃ	s n æ t͡ʃ t	s n æ t͡ʃ t	p ʌ n t͡ʃ	p ʌ n t͡ʃ t	p ʌ n t͡ʃ t	s n æ t͡ʃ t	1	1	reg_t	reg_t	reg_t
model_template_chosen	t æ p	t æ p t	t æ p t	r æ p	r æ p t	r æ p t	t æ p t	1	1	reg_t	reg_t	reg_t
model_template_chosen	t r æ ʃ	t r æ ʃ t	t r æ ʃ t	b r ʌ ʃ	b r ʌ ʃ t	b r ʌ ʃ t	t r æ ʃ t	1	1	reg_t	reg_t	reg_t
model_template_chosen	ʃ ɪ v ɹ̩	ʃ ɪ v ɹ̩ d	ʃ ɪ v ɹ̩ d	m æ t ɹ̩	m æ t ɹ̩ d	m æ t ɹ̩ d	ʃ ɪ v ɹ̩ d	1	1	reg_d	reg_d	reg_d
model_template_chosen	r iː f ɪ l	r iː f ɪ l d	r iː f ɪ l d	ɡ r a ʊ l	ɡ r a ʊ l d	ɡ r a ʊ l d	r iː f ɪ l d	1	1	reg_d	reg_d	reg_d
model_template_chosen	d ʌ b	d ʌ b d	d ʌ b d	r ʌ b	r ʌ b d	r ʌ b d	d ʌ b d	1	1	reg_d	reg_d	reg_d
model_template_chosen	r ɪ p ɛ r	r ɪ p ɛ r d	r ɪ p ɛ r d	s k w ɛ r	s k w ɛ r d	s k w ɛ r d	r ɪ p ɛ r d	1	1	reg_d	reg_d	reg_d
model_template_chosen	s t e ɪ k	s t e ɪ k t	s t e ɪ k t	s m o ʊ k	s m o ʊ k t	s m o ʊ k t	s t e ɪ k t	1	1	reg_t	reg_t	reg_t
model_template_chosen	ɛ r	ɛ r d	ɛ r d	p iː	p iː d	p iː d	ɛ r d	1	1	reg_d	reg_d	reg_d
model_template_chosen	t r ʌ m p ə t	t r ʌ m p ə t ə d	t r ʌ m p ə t ə d	ɪ m ə t e ɪ t	ɪ m ə t e ɪ t ə d	ɪ m ə t e ɪ t ə d	t r ʌ m p ə t ə d	1	1	reg_əd	reg_əd	reg_əd
model_template_chosen	k l ɑː ɡ	k l ɑː ɡ d	k l ɑː ɡ d	s l ʌ ɡ	s l ʌ ɡ d	s l ʌ ɡ d	k l ɑː ɡ d	1	1	reg_d	reg_d	reg_d
model_template_chosen	p a ʊ ɹ̩	p a ʊ ɹ̩ d	p a ʊ ɹ̩ d	t a ʊ ɹ̩	t a ʊ ɹ̩ d	t a ʊ ɹ̩ d	p a ʊ ɹ̩ d	1	1	reg_d	reg_d	reg_d
model_template_chosen	ɪ ɡ z ɪ b ɪ t	ɪ ɡ z ɪ b ɪ t ə d	ɪ ɡ z ɪ b ɪ t ə d	ɪ n f l e ɪ t	ɪ n f l e ɪ t ə d	ɪ n f l e ɪ t ə d	ɪ ɡ z ɪ b ɪ t ə d	1	1	reg_əd	reg_əd	reg_əd
model_template_chosen	e ɪ d͡ʒ	e ɪ d͡ʒ d	e ɪ d͡ʒ d	h ɛ d͡ʒ	h ɛ d͡ʒ d	h ɛ d͡ʒ d	e ɪ d͡ʒ d	1	1	reg_d	reg_d	reg_d
model_template_chosen	t e ɪ b ə l	t e ɪ b ə l d	t e ɪ b ə l d	l e ɪ b ə l	l e ɪ b ə l d	l e ɪ b ə l d	t e ɪ b ə l d	1	1	reg_d	reg_d	reg_d
model_template_chosen	r ɪ s p ɛ k t	r ɪ s p ɛ k t ə d	r ɪ s p ɛ k t ə d	ɪ k s p ɛ k t	ɪ k s p ɛ k t ə d	ɪ k s p ɛ k t ə d	r ɪ s p ɛ k t ə d	1	1	reg_əd	reg_əd	reg_əd
model_template_chosen	m æ k s	m æ k s t	m æ k s t	m ɪ k s	m ɪ k s t	m ɪ k s t	m æ k s t	1	1	reg_t	reg_t	reg_t
model_template_chosen	ɛ n æ k t	ɛ n æ k t ə d	ɛ n æ k t ə d	ə d ɪ k t	ə d ɪ k t ə d	ə d ɪ k t ə d	ɛ n æ k t ə d	1	1	reg_əd	reg_əd	reg_əd
model_template_chosen	m ɑː d ə f a ɪ	m ɑː d ə f a ɪ d	m ɑː d ə f a ɪ d	k r o ʊ ʃ e ɪ	k r o ʊ ʃ e ɪ d	k r o ʊ ʃ e ɪ d	m ɑː d ə f a ɪ d	1	1	reg_d	reg_d	reg_d
model_template_chosen	f iː t͡ʃ ɹ̩	f iː t͡ʃ ɹ̩ d	f iː t͡ʃ ɹ̩ d	f ɛ ð ɹ̩	f ɛ ð ɹ̩ d	f ɛ ð ɹ̩ d	f iː t͡ʃ ɹ̩ d	1	1	reg_d	reg_d	reg_d
model_template_chosen	w e ɪ l	w e ɪ l d	w e ɪ l d	d͡ʒ e ɪ l	d͡ʒ e ɪ l d	d͡ʒ e ɪ l d	w e ɪ l d	1	1	reg_d	reg_d	reg_d
model_template_chosen	p ɹ̩ s	p ɹ̩ s t	p ɹ̩ s t	n ɹ̩ s	n ɹ̩ s t	n ɹ̩ s t	p ɹ̩ s t	1	1	reg_t	reg_t	reg_t
model_jacobian	s m a ɪ l	s m a ɪ l d	s m a ɪ l d	ɡ r a ʊ l	ɡ r a ʊ l d	ɡ r a ʊ l d	s m a ɪ l d	1	1	reg_d	reg_d	reg_d
model_jacobian	r iː d	r ɛ d	r iː d ə d	b iː d	b iː d ə d	b iː d ə d	r iː d ə d	1	0	vowel_change	reg_əd	reg_əd
model_jacobian	l a ɪ k	l a ɪ k t	l a ɪ k t	h a ɪ k	h a ɪ k t	h a ɪ k t	l a ɪ k t	1	1	reg_t	reg_t	reg_t
model_jacobian	ʃ o ʊ	ʃ o ʊ d	ʃ o ʊ d	r o ʊ	r o ʊ d	r o ʊ d	ʃ o ʊ d	1	1	reg_d	reg_d	reg_d
model_jacobian	b a ɪ t	b ɪ t	b a ɪ t ə d	ʃ a ʊ t	ʃ a ʊ t ə d	ʃ a ʊ t ə d	b a ɪ t ə d	1	0	vowel_change	reg_əd	reg_əd
model_jacobian	f l a ɪ	f l uː	f l a ɪ d	p r a ɪ	p r a ɪ d	p r a ɪ d	f l a ɪ d	1	0	vowel_change	reg_d	reg_d
model_jacobian	h o ʊ p	h o ʊ p t	h o ʊ p t	k o ʊ p	k o ʊ p t	k o ʊ p t	h o ʊ p t	1	1	reg_t	reg_t	reg_t
model_jacobian	o ʊ p ə n	o ʊ p ə n d	o ʊ p ə n d	k ʊ ʃ ə n	k ʊ ʃ ə n d	k ʊ ʃ ə n d	o ʊ p ə n d	1	1	reg_d	reg_d	reg_d
model_jacobian	r ʌ n	r æ n	r ʌ n d	ɡ ʌ n	ɡ ʌ n d	ɡ ʌ n d	r ʌ n d	1	0	vowel_change	reg_d	reg_d
model_jacobian	t ɔ ɪ	t ɔ ɪ d	t ɔ t	f l iː	f l ɛ d	f l ɛ d	NA	0	0	reg_d	vowel_change_suffix	vowel_change_suffix
model_jacobian	p l e ɪ	p l e ɪ d	p l e ɪ d	p r e ɪ	p r e ɪ d	p r e ɪ d	p l e ɪ d	1	1	reg_d	reg_d	reg_d
model_jacobian	w ɑː t͡ʃ	w ɑː t͡ʃ t	w ɑː t͡ʃ t	l ɹ̩ t͡ʃ	l ɹ̩ t͡ʃ t	l ɹ̩ t͡ʃ t	w ɑː t͡ʃ t	1	1	reg_t	reg_t	reg_t
model_jacobian	r iː t͡ʃ	r iː t͡ʃ t	r iː t͡ʃ t	b iː t͡ʃ	b iː t͡ʃ t	b iː t͡ʃ t	r iː t͡ʃ t	1	1	reg_t	reg_t	reg_t
model_jacobian	æ s k	æ s k t	æ s k t	f ʌ k	f ʌ k t	f ʌ k t	æ s k t	1	1	reg_t	reg_t	reg_t
model_jacobian	s m ɛ l	s m ɛ l d	s m ɛ l d	s p ɛ l	s p ɛ l d	s p ɛ l d	s m ɛ l d	1	1	reg_d	reg_d	reg_d
model_jacobian	h æ ŋ	h ʌ ŋ	h æ ŋ d	b æ ŋ	b æ ŋ d	b æ ŋ d	h æ ŋ d	1	0	vowel_change	reg_d	reg_d
model_jacobian	r a ɪ d	r o ʊ d	r o ʊ d ə d	r a ɪ m	r o ʊ m	r a ɪ m d	NA	0	0	vowel_change	other	vowel_change
model_jacobian	s p ɪ l	s p ɪ l d	s p æ l d	s p ɪ t	s p æ t	s p æ t	NA	0	0	reg_d	vowel_change_suffix	vowel_change
model_jacobian	p ɔ r	p ɔ r d	p ɔ r d	ʃ ɔ r	ʃ ɔ r d	ʃ ɔ r d	p ɔ r d	1	1	reg_d	reg_d	reg_d
model_jacobian	b a ʊ	b a ʊ d	b ɔ t	b a ɪ	b ɔ t	b ɔ t	NA	0	0	reg_d	vowel_change_suffix	vowel_change_suffix
model_jacobian	t ʌ t͡ʃ	t ʌ t͡ʃ t	t ʌ t͡ʃ t	m æ t͡ʃ	m æ t͡ʃ t	m æ t͡ʃ t	t ʌ t͡ʃ t	1	1	reg_t	reg_t	reg_t
model_jacobian	k ɑː z	k ɑː z d	k ɑː z d	t iː z	t iː z d	t iː z d	k ɑː z d	1	1	reg_d	reg_d	reg_d
model_jacobian	s t r a ɪ k	s t r ʌ k	s t r a ɪ k t	s t r o ʊ k	s t r o ʊ k t	s t r o ʊ k t	s t r a ɪ k t	1	0	vowel_change	reg_t	reg_t
model_jacobian	h ɹ̩ t	h ɹ̩ t	h ɹ̩ t	b uː t	b uː t ə d	b uː t ə d	h ɹ̩ t ə d	0	0	no_change	no_change	reg_əd
model_jacobian	h iː t	h iː t ə d	h ɹ̩ t	h iː r	h ɹ̩ d	h ɹ̩ d	NA	0	0	reg_əd	vowel_change	rhyme_replaced
model_jacobian	f l a ʊ ɹ̩	f l a ʊ ɹ̩ d	f l a ʊ ɹ̩ d	s k a ʊ ɹ̩	s k a ʊ ɹ̩ d	s k a ʊ ɹ̩ d	f l a ʊ ɹ̩ d	1	1	reg_d	reg_d	reg_d
model_jacobian	k l o ʊ z	k l o ʊ z d	k l o ʊ z d	b r a ʊ z	b r a ʊ z d	b r a ʊ z d	k l o ʊ z d	1	1	reg_d	reg_d	reg_d
model_jacobian	m a ɪ n	m a ɪ n d	m a ɪ n d	s a ɪ n	s a ɪ n d	s a ɪ n d	m a ɪ n d	1	1	reg_d	reg_d	reg_d
model_jacobian	v ɪ z ɪ t	v ɪ z ɪ t ə d	v ɪ z ɪ t ə d	ɛ ɡ z ɪ t	ɛ ɡ z ɪ t ə d	ɛ ɡ z ɪ t ə d	v ɪ z ɪ t ə d	1	1	reg_əd	reg_əd	reg_əd
model_jacobian	t e ɪ s t	t e ɪ s t ə d	t e ɪ s t ə d	p e ɪ s t	p e ɪ s t ə d	p e ɪ s t ə d	t e ɪ s t ə d	1	1	reg_əd	reg_əd	reg_əd
model_jacobian	b ʌ t ɹ̩	b ʌ t ɹ̩ d	b ʌ t ɹ̩ d	b ɛ t ɹ̩	b ɛ t ɹ̩ d	b ɛ t ɹ̩ d	b ʌ t ɹ̩ d	1	1	reg_d	reg_d	reg_d
model_jacobian	m e ɪ l	m e ɪ l d	m e ɪ l d	d͡ʒ e ɪ l	d͡ʒ e ɪ l d	d͡ʒ e ɪ l d	m e ɪ l d	1	1	reg_d	reg_d	reg_d
model_jacobian	d ɪ ŋ	d ɪ ŋ d	d ʌ ŋ	r ɪ ŋ	r æ ŋ	r æ ŋ	d æ ŋ	0	0	reg_d	vowel_change	vowel_change
model_jacobian	s t ɑː p	s t ɑː p t	s t ɑː p t	s k uː p	s k uː p t	s k uː p t	s t ɑː p t	1	1	reg_t	reg_t	reg_t
model_jacobian	ɪ k s a ɪ t	ɪ k s a ɪ t ə d	ɪ k s a ɪ t ə d	ɪ k w e ɪ t	ɪ k w e ɪ t ə d	ɪ k w e ɪ t ə d	ɪ k s a ɪ t ə d	1	1	reg_əd	reg_əd	reg_əd
model_jacobian	f r a ɪ	f r a ɪ d	f r a ɪ d	p r a ɪ	p r a ɪ d	p r a ɪ d	f r a ɪ d	1	1	reg_d	reg_d	reg_d
model_jacobian	s p iː k	s p o ʊ k	s p iː k t	f r iː k	f r iː k t	f r iː k t	s p iː k t	1	0	vowel_change	reg_t	reg_t
model_jacobian	s k r æ m b ə l	s k r æ m b ə l d	s k r æ m b ə l d	r ɪ z ɛ m b ə l	r ɪ z ɛ m b ə l d	r ɪ z ɛ m b ə l d	s k r æ m b ə l d	1	1	reg_d	reg_d	reg_d
model_jacobian	t͡ʃ ɛ k	t͡ʃ ɛ k t	t͡ʃ ɛ k t	r ɛ k	r ɛ k t	r ɛ k t	t͡ʃ ɛ k t	1	1	reg_t	reg_t	reg_t
model_jacobian	n ʌ m b ɹ̩	n ʌ m b ɹ̩ d	n ʌ m b ɹ̩ d	k l ɑː b ɹ̩	k l ɑː b ɹ̩ d	k l ɑː b ɹ̩ d	n ʌ m b ɹ̩ d	1	1	reg_d	reg_d	reg_d
model_jacobian	b ɛ n d	b ɛ n d ə d	b ɛ n t	s ɛ n d	s ɛ n t	s ɛ n t	b ɛ n t	1	0	reg_əd	coda_change	coda_change
model_jacobian	t ɔ s	t ɔ s t	t ɔ s t	n ɹ̩ s	n ɹ̩ s t	n ɹ̩ s t	t ɔ s t	1	1	reg_t	reg_t	reg_t
model_jacobian	w ɪ s p ɹ̩	w ɪ s p ɹ̩ d	w ɪ s p ɹ̩ d	f ɪ ɡ j ɹ̩	f ɪ ɡ j ɹ̩ d	f ɪ ɡ j ɹ̩ d	w ɪ s p ɹ̩ d	1	1	reg_d	reg_d	reg_d
model_jacobian	a ɪ	a ɪ d	a ɪ	ɛ d͡ʒ	ɛ d͡ʒ d	ɛ d͡ʒ d	a ɪ d	0	1	reg_d	no_change	reg_d
model_jacobian	p ɑː p	p ɑː p t	p ɑː p t	h ɑː p	h ɑː p t	h ɑː p t	p ɑː p t	1	1	reg_t	reg_t	reg_t
model_jacobian	ɪ ɡ z ɔ s t	ɪ ɡ z ɔ s t ə d	ɪ ɡ z ɔ s t ə d	ɪ n s ɪ s t	ɪ n s ɪ s t ə d	ɪ n s ɪ s t ə d	ɪ ɡ z ɔ s t ə d	1	1	reg_əd	reg_əd	reg_əd
model_jacobian	b ɪ l d	b ɪ l t	b ɪ l d ə d	b æ n d	b æ n d ə d	b æ n d ə d	b ɪ l d ə d	1	0	coda_change	reg_əd	reg_əd
model_jacobian	w ʌ n d ɹ̩	w ʌ n d ɹ̩ d	w ʌ n d ɹ̩ d	w ɑː n d ɹ̩	w ɑː n d ɹ̩ d	w ɑː n d ɹ̩ d	w ʌ n d ɹ̩ d	1	1	reg_d	reg_d	reg_d
model_jacobian	k r æ k	k r æ k t	k r æ k t	t r æ k	t r æ k t	t r æ k t	k r æ k t	1	1	reg_t	reg_t	reg_t
model_jacobian	n ɪ b ə l	n ɪ b ə l d	n ɪ b ə l d	b æ b ə l	b æ b ə l d	b æ b ə l d	n ɪ b ə l d	1	1	reg_d	reg_d	reg_d
model_jacobian	d ɪ l ɪ v ɹ̩	d ɪ l ɪ v ɹ̩ d	d ɪ l ɪ v ɹ̩ d	f l e ɪ v ɹ̩	f l e ɪ v ɹ̩ d	f l e ɪ v ɹ̩ d	d ɪ l ɪ v ɹ̩ d	1	1	reg_d	reg_d	reg_d
model_jacobian	s k ɛ r	s k ɛ r d	s k ɛ r d	s t iː r	s t iː r d	s t iː r d	s k ɛ r d	1	1	reg_d	reg_d	reg_d
model_jacobian	ɔ f ɹ̩	ɔ f ɹ̩ d	ɔ f ɹ̩ d	ɔ θ ɹ̩	ɔ θ ɹ̩ d	ɔ θ ɹ̩ d	ɔ f ɹ̩ d	1	1	reg_d	reg_d	reg_d
model_jacobian	f l ɑː p	f l ɑː p t	f l ɑː p t	p l ɑː p	p l ɑː p t	p l ɑː p t	f l ɑː p t	1	1	reg_t	reg_t	reg_t
model_jacobian	ə p o ʊ z	ə p o ʊ z d	ə p o ʊ z d	b r a ʊ z	b r a ʊ z d	b r a ʊ z d	ə p o ʊ z d	1	1	reg_d	reg_d	reg_d
model_jacobian	k ʌ l ɹ̩	k ʌ l ɹ̩ d	k ʌ l ɹ̩ d	k ʌ v ɹ̩	k ʌ v ɹ̩ d	k ʌ v ɹ̩ d	k ʌ l ɹ̩ d	1	1	reg_d	reg_d	reg_d
model_jacobian	k æ m p	k æ m p t	k æ m p t	b ʌ m p	b ʌ m p t	b ʌ m p t	k æ m p t	1	1	reg_t	reg_t	reg_t
model_jacobian	s ɛ l	s o ʊ l d	s ɛ l d	j ɛ l	j ɛ l d	j ɛ l d	s ɛ l d	1	0	vowel_change_suffix	reg_d	reg_d
model_jacobian	f l æ p	f l æ p t	f l æ p t	k l æ p	k l æ p t	k l æ p t	f l æ p t	1	1	reg_t	reg_t	reg_t
model_jacobian	p r ɛ s	p r ɛ s t	p r ɛ s t	d r ɛ s	d r ɛ s t	d r ɛ s t	p r ɛ s t	1	1	reg_t	reg_t	reg_t
model_jacobian	f ɪ l	f ɪ l d	f ɪ l d	w ɪ l	w ɪ l d	w ɪ l d	f ɪ l d	1	1	reg_d	reg_d	reg_d
model_jacobian	b r æ n t͡ʃ	b r æ n t͡ʃ t	b r æ n t͡ʃ t	k r ʌ n t͡ʃ	k r ʌ n t͡ʃ t	k r ʌ n t͡ʃ t	b r æ n t͡ʃ t	1	1	reg_t	reg_t	reg_t
model_jacobian	t a ɪ t ə n	t a ɪ t ə n d	t a ɪ t ə n d	s w iː t ə n	s w iː t ə n d	s w iː t ə n d	t a ɪ t ə n d	1	1	reg_d	reg_d	reg_d
model_jacobian	k æ p t ɪ v e ɪ t	k æ p t ɪ v e ɪ t ə d	k æ p t ə v e ɪ t ə d	ɪ n v ɛ s t ə ɡ e ɪ t	ɪ n v ɛ s t ə ɡ e ɪ t ə d	ɪ n v ɛ s t ə ɡ e ɪ t ə d	k æ p t ɪ v e ɪ t ə d	0	1	reg_əd	other	reg_əd
model_jacobian	t o ʊ s t	t o ʊ s t ə d	t o ʊ s t ə d	t w ɪ s t	t w ɪ s t ə d	t w ɪ s t ə d	t o ʊ s t ə d	1	1	reg_əd	reg_əd	reg_əd
model_jacobian	d ɪ s ə p iː r	d ɪ s ə p iː r d	d ɪ s ə p iː p iː r iː ə d	k r o ʊ ʃ e ɪ	k r o ʊ ʃ e ɪ d	k r o ʊ ʃ e ɪ d	d ɪ s ə p iː r d	0	1	reg_d	other	reg_d
model_jacobian	b ɛ r	b o ʊ r	b ɛ r d	ʃ ɛ r	ʃ ɛ r d	ʃ ɛ r d	b ɛ r d	1	0	vowel_change	reg_d	reg_d
model_jacobian	b ɛ r iː	b ɛ r iː d	b ɛ r iː d	h ɛ r iː	h ɛ r iː d	h ɛ r iː d	b ɛ r iː d	1	1	reg_d	reg_d	reg_d
model_jacobian	s n iː k	s n iː k t	s n iː k t	f r iː k	f r iː k t	f r iː k t	s n iː k t	1	1	reg_t	reg_t	reg_t
model_jacobian	l ʌ n t͡ʃ	l ʌ n t͡ʃ t	l ʌ n t͡ʃ t	m ʌ n t͡ʃ	m ʌ n t͡ʃ t	m ʌ n t͡ʃ t	l ʌ n t͡ʃ t	1	1	reg_t	reg_t	reg_t
model_jacobian	m ɛ m ɹ̩ a ɪ z	m ɛ m ɹ̩ a ɪ z d	m ɛ m ɹ̩ a ɪ z d	d ɪ s ɡ a ɪ z	d ɪ s ɡ a ɪ z d	d ɪ s ɡ a ɪ z d	m ɛ m ɹ̩ a ɪ z d	1	1	reg_d	reg_d	reg_d
model_jacobian	h a ɪ d	h ɪ d	h a ɪ d ə d	s a ɪ d	s a ɪ d ə d	s a ɪ d ə d	h a ɪ d ə d	1	0	vowel_change	reg_əd	reg_əd
model_jacobian	w iː l	w iː l d	w iː l d	s iː l	s iː l d	s iː l d	w iː l d	1	1	reg_d	reg_d	reg_d
model_jacobian	p æ t	p æ t ə d	p æ t ə d	p ɛ t	p ɛ t ə d	p ɛ t ə d	p æ t ə d	1	1	reg_əd	reg_əd	reg_əd
model_jacobian	s k æ m p ɹ̩	s k æ m p ɹ̩ d	s k æ m p ɹ̩ d	f l e ɪ v ɹ̩	f l e ɪ v ɹ̩ d	f l e ɪ v ɹ̩ d	s k æ m p ɹ̩ d	1	1	reg_d	reg_d	reg_d
model_jacobian	p iː r	p iː r d	p iː r d	t͡ʃ iː r	t͡ʃ iː r d	t͡ʃ iː r d	p iː r d	1	1	reg_d	reg_d	reg_d
model_jacobian	ʃ æ m p uː	ʃ æ m p uː d	ʃ æ m p uː d	θ ʌ n d ɹ̩	θ ʌ n d ɹ̩ d	θ ʌ n d ɹ̩ d	ʃ æ m p uː d	1	1	reg_d	reg_d	reg_d
model_jacobian	r e ɪ s	r e ɪ s t	r e ɪ s t	l e ɪ s	l e ɪ s t	l e ɪ s t	r e ɪ s t	1	1	reg_t	reg_t	reg_t
model_jacobian	s t r ɛ t͡ʃ	s t r ɛ t͡ʃ t	s t r ɛ t͡ʃ t	s k r æ t͡ʃ	s k r æ t͡ʃ t	s k r æ t͡ʃ t	s t r ɛ t͡ʃ t	1	1	reg_t	reg_t	reg_t
model_jacobian	k ə l æ p s	k ə l æ p s t	k ə l æ p s t	r ɪ l æ k s	r ɪ l æ k s t	r ɪ l æ k s t	k ə l æ p s t	1	1	reg_t	reg_t	reg_t
model_jacobian	d r ɪ f t	d r ɪ f t ə d	d r ɪ f t ə d	t w ɪ s t	t w ɪ s t ə d	t w ɪ s t ə d	d r ɪ f t ə d	1	1	reg_əd	reg_əd	reg_əd
model_jacobian	s t æ b	s t æ b d	s t æ b d	k l ʌ b	k l ʌ b d	k l ʌ b d	s t æ b d	1	1	reg_d	reg_d	reg_d
model_jacobian	t͡ʃ uː	t͡ʃ uː d	t͡ʃ uː d	b uː	b uː d	b uː d	t͡ʃ uː d	1	1	reg_d	reg_d	reg_d
model_jacobian	b ʌ b ə l	b ʌ b ə l d	b ʌ b ə l d	b æ b ə l	b æ b ə l d	b æ b ə l d	b ʌ b ə l d	1	1	reg_d	reg_d	reg_d
model_jacobian	s a ʊ ɹ̩	s a ʊ ɹ̩ d	s a ʊ ɹ̩ d	t a ʊ ɹ̩	t a ʊ ɹ̩ d	t a ʊ ɹ̩ d	s a ʊ ɹ̩ d	1	1	reg_d	reg_d	reg_d
model_jacobian	s t æ m p	s t æ m p t	s t æ m p t	k l æ m p	k l æ m p t	k l æ m p t	s t æ m p t	1	1	reg_t	reg_t	reg_t
model_jacobian	d͡ʒ ɹ̩ k	d͡ʒ ɹ̩ k t	d͡ʒ ɹ̩ k t	w ɹ̩ k	w ɹ̩ k t	w ɹ̩ k t	d͡ʒ ɹ̩ k t	1	1	reg_t	reg_t	reg_t
model_jacobian	s ɔ	s ɔ d	s ɔ d	n ɔ	n ɔ d	n ɔ d	s ɔ d	1	1	reg_d	reg_d	reg_d
model_jacobian	f l ɪ p	f l ɪ p t	f l ɪ p t	k l ɪ p	k l ɪ p t	k l ɪ p t	f l ɪ p t	1	1	reg_t	reg_t	reg_t
model_jacobian	h iː l	h iː l d	h ɹ̩ l d	h iː r	h ɹ̩ d	h ɹ̩ d	NA	0	0	reg_d	vowel_change_suffix	rhyme_replaced
model_jacobian	s k r iː m	s k r iː m d	s k r iː m d	r ɪ z uː m	r ɪ z uː m d	r ɪ z uː m d	s k r iː m d	1	1	reg_d	reg_d	reg_d
model_jacobian	h ʊ k	h ʊ k t	h ʊ k t	b ʊ k	b ʊ k t	b ʊ k t	h ʊ k t	1	1	reg_t	reg_t	reg_t
model_jacobian	p ɪ t	p ɪ t ə d	p ɪ t ə d	p ʊ t	p ʊ t	p ʊ t	p ɪ t	0	0	reg_əd	reg_əd	no_change
model_jacobian	t r ʌ b ə l	t r ʌ b ə l d	t r ʌ b ə l d	s n ɑː r ə l	s n ɑː r ə l d	s n ɑː r ə l d	t r ʌ b ə l d	1	1	reg_d	reg_d	reg_d
model_jacobian	ɪ m p r ə v a ɪ z	ɪ m p r ə v a ɪ z d	ɪ m p r o ʊ z d	ə n d ɹ̩ s t æ n d	ə n d ɹ̩ s t ʊ d	ə n d ɹ̩ s t ʊ d	NA	0	0	reg_d	other	rhyme_replaced
model_jacobian	n e ɪ l	n e ɪ l d	n e ɪ l d	d͡ʒ e ɪ l	d͡ʒ e ɪ l d	d͡ʒ e ɪ l d	n e ɪ l d	1	1	reg_d	reg_d	reg_d
model_jacobian	b a ɪ k	b a ɪ k t	b a ɪ k t	h a ɪ k	h a ɪ k t	h a ɪ k t	b a ɪ k t	1	1	reg_t	reg_t	reg_t
model_jacobian	l ɑː k	l ɑː k t	l ɑː k t	n ɑː k	n ɑː k t	n ɑː k t	l ɑː k t	1	1	reg_t	reg_t	reg_t
model_jacobian	r ɛ s t	r ɛ s t ə d	r ɛ s t ə d	b ɛ s t	b ɛ s t ə d	b ɛ s t ə d	r ɛ s t ə d	1	1	reg_əd	reg_əd	reg_əd
model_jacobian	b iː p	b iː p t	b iː p t	r æ p	r æ p t	r æ p t	b iː p t	1	1	reg_t	reg_t	reg_t
model_jacobian	s ɪ p	s ɪ p t	s æ p t	s ɪ t	s æ t	s æ t	NA	0	0	reg_t	vowel_change_suffix	vowel_change
model_jacobian	ɪ s k e ɪ p	ɪ s k e ɪ p t	ɪ s k e ɪ p t	s k r e ɪ p	s k r e ɪ p t	s k r e ɪ p t	ɪ s k e ɪ p t	1	1	reg_t	reg_t	reg_t
model_jacobian	k ə n t r o ʊ l	k ə n t r o ʊ l d	k ə n t r o ʊ l d	s p r ɪ ŋ k ə l	s p r ɪ ŋ k ə l d	s p r ɪ ŋ k ə l d	k ə n t r o ʊ l d	1	1	reg_d	reg_d	reg_d
model_jacobian	h ʌ d ə l	h ʌ d ə l d	h ʌ d ə l d	k ʌ d ə l	k ʌ d ə l d	k ʌ d ə l d	h ʌ d ə l d	1	1	reg_d	reg_d	reg_d
model_jacobian	s w uː ʃ	s w uː ʃ t	s w uː ʃ t	s w ɪ ʃ	s w ɪ ʃ t	s w ɪ ʃ t	s w uː ʃ t	1	1	reg_t	reg_t	reg_t
model_jacobian	f a ɪ n d	f a ʊ n d	f a ɪ n d ə d	m a ɪ n d	m a ɪ n d ə d	m a ɪ n d ə d	f a ɪ n d ə d	1	0	vowel_change	reg_əd	reg_əd
model_jacobian	k ɔ ɪ l	k ɔ ɪ l d	k ɔ ɪ l d	p a ɪ l	p a ɪ l d	p a ɪ l d	k ɔ ɪ l d	1	1	reg_d	reg_d	reg_d
model_jacobian	r ə f ɹ̩	r ə f ɹ̩ d	r ə f ɹ̩ d	p ɛ p ɹ̩	p ɛ p ɹ̩ d	p ɛ p ɹ̩ d	r ə f ɹ̩ d	1	1	reg_d	reg_d	reg_d
model_jacobian	ʃ e ɪ v	ʃ e ɪ v d	ʃ e ɪ v d	s e ɪ v	s e ɪ v d	s e ɪ v d	ʃ e ɪ v d	1	1	reg_d	reg_d	reg_d
model_jacobian	d ɪ s k r a ɪ b	d ɪ s k r a ɪ b d	d ɪ s k r o ʊ b d	ə n d ɹ̩ s t æ n d	ə n d ɹ̩ s t ʊ d	ə n d ɹ̩ s t ʊ d	NA	0	0	reg_d	vowel_change_suffix	rhyme_replaced
model_jacobian	p r iː z ɛ n t	p r iː z ɛ n t ə d	p r iː z ɛ n t ə d	p r ɪ v ɛ n t	p r ɪ v ɛ n t ə d	p r ɪ v ɛ n t ə d	p r iː z ɛ n t ə d	1	1	reg_əd	reg_əd	reg_əd
model_jacobian	ɪ ɡ z ɪ s t	ɪ ɡ z ɪ s t ə d	ɪ ɡ z ɪ s t ə d	ɪ n s ɪ s t	ɪ n s ɪ s t ə d	ɪ n s ɪ s t ə d	ɪ ɡ z ɪ s t ə d	1	1	reg_əd	reg_əd	reg_əd
model_jacobian	b ɔ r	b ɔ r d	b ɔ r d	r ɔ r	r ɔ r d	r ɔ r d	b ɔ r d	1	1	reg_d	reg_d	reg_d
model_jacobian	uː z	uː z d	uː z d	t iː	t iː d	t iː d	uː z d	1	1	reg_d	reg_d	reg_d
model_jacobian	r ɑː b	r ɑː b d	r ɑː b d	r ʌ b	r ʌ b d	r ʌ b d	r ɑː b d	1	1	reg_d	reg_d	reg_d
model_jacobian	t r æ p	t r æ p t	t r æ p t	d r ɑː p	d r ɑː p t	d r ɑː p t	t r æ p t	1	1	reg_t	reg_t	reg_t
model_jacobian	b æ ʃ	b æ ʃ t	b æ ʃ t	m æ ʃ	m æ ʃ t	m æ ʃ t	b æ ʃ t	1	1	reg_t	reg_t	reg_t
model_jacobian	æ k t	æ k t ə d	æ k t ə d	s uː t	s uː t ə d	s uː t ə d	æ k t ə d	1	1	reg_əd	reg_əd	reg_əd
model_jacobian	s t o ʊ n	s t o ʊ n d	s t o ʊ n d	p l e ɪ n	p l e ɪ n d	p l e ɪ n d	s t o ʊ n d	1	1	reg_d	reg_d	reg_d
model_jacobian	f l ɪ ŋ	f l ʌ ŋ	f l ʌ ŋ	k l ɪ ŋ	k l ʌ ŋ	k l ʌ ŋ	f l ʌ ŋ	1	1	vowel_change	vowel_change	vowel_change
model_jacobian	k w ɪ t	k w ɪ t	k w ɪ t	k ɑː s t	k ɑː s t	k ɑː s t	k w ɪ t	1	1	no_change	no_change	no_change
model_jacobian	p r ə f ɹ̩	p r ə f ɹ̩ d	p r ə f ɹ̩ d	f ɪ ɡ j ɹ̩	f ɪ ɡ j ɹ̩ d	f ɪ ɡ j ɹ̩ d	p r ə f ɹ̩ d	1	1	reg_d	reg_d	reg_d
model_jacobian	ə n l ɑː k	ə n l ɑː k t	ə n l ɑː k t	s m o ʊ k	s m o ʊ k t	s m o ʊ k t	ə n l ɑː k t	1	1	reg_t	reg_t	reg_t
model_jacobian	m æ n ə d͡ʒ	m æ n ə d͡ʒ d	m æ n ə d͡ʒ d	ɪ ɡ n ɔ r	ɪ ɡ n ɔ r d	ɪ ɡ n ɔ r d	m æ n ə d͡ʒ d	1	1	reg_d	reg_d	reg_d
model_jacobian	s ɛ n t ɹ̩	s ɛ n t ɹ̩ d	s ɛ n t ɹ̩ d	ʃ ɛ l t ɹ̩	ʃ ɛ l t ɹ̩ d	ʃ ɛ l t ɹ̩ d	s ɛ n t ɹ̩ d	1	1	reg_d	reg_d	reg_d
model_jacobian	s p ɑː t	s p ɑː t ə d	s p ɑː t ə d	s w ɑː t	s w ɑː t ə d	s w ɑː t ə d	s p ɑː t ə d	1	1	reg_əd	reg_əd	reg_əd
model_jacobian	m o ʊ	m o ʊ d	m o ʊ d	s o ʊ	s o ʊ d	s o ʊ d	m o ʊ d	1	1	reg_d	reg_d	reg_d
model_jacobian	t æ t uː	t æ t uː d	t æ t uː d	r ɛ d iː	r ɛ d iː d	r ɛ d iː d	t æ t uː d	1	1	reg_d	reg_d	reg_d
model_jacobian	s a ɪ z	s a ɪ z d	s a ɪ z d	k w ɪ z	k w ɪ z d	k w ɪ z d	s a ɪ z d	1	1	reg_d	reg_d	reg_d
model_jacobian	p ɹ̩ f ɛ k t	p ɹ̩ f ɛ k t ə d	p ɹ̩ f ɛ k t ə d	k ə n ɛ k t	k ə n ɛ k t ə d	k ə n ɛ k t ə d	p ɹ̩ f ɛ k t ə d	1	1	reg_əd	reg_əd	reg_əd
model_jacobian	t r e ɪ n	t r e ɪ n d	t r e ɪ n d	p l e ɪ n	p l e ɪ n d	p l e ɪ n d	t r e ɪ n d	1	1	reg_d	reg_d	reg_d
model_jacobian	p ʌ n ɪ ʃ	p ʌ n ɪ ʃ t	p ʌ n ɪ ʃ t	v æ n ɪ ʃ	v æ n ɪ ʃ t	v æ n ɪ ʃ t	p ʌ n ɪ ʃ t	1	1	reg_t	reg_t	reg_t
model_jacobian	l uː s	l uː s t	l uː s t	ɡ ɛ s	ɡ ɛ s t	ɡ ɛ s t	l uː s t	1	1	reg_t	reg_t	reg_t
model_jacobian	t ɑː p ə l	t ɑː p ə l d	t ɑː p ə l d	k ʌ p ə l	k ʌ p ə l d	k ʌ p ə l d	t ɑː p ə l d	1	1	reg_d	reg_d	reg_d
model_jacobian	s k r æ p	s k r æ p t	s k r æ p t	s t r æ p	s t r æ p t	s t r æ p t	s k r æ p t	1	1	reg_t	reg_t	reg_t
model_jacobian	k r æ m	k r æ m d	k r æ m d	s l æ m	s l æ m d	s l æ m d	k r æ m d	1	1	reg_d	reg_d	reg_d
model_jacobian	p ɪ t͡ʃ	p ɪ t͡ʃ t	p ɪ t͡ʃ t	p æ t͡ʃ	p æ t͡ʃ t	p æ t͡ʃ t	p ɪ t͡ʃ t	1	1	reg_t	reg_t	reg_t
model_jacobian	s m æ ʃ	s m æ ʃ t	s m æ ʃ t	b l ʌ ʃ	b l ʌ ʃ t	b l ʌ ʃ t	s m æ ʃ t	1	1	reg_t	reg_t	reg_t
model_jacobian	f e ɪ l	f e ɪ l d	f e ɪ l d	f a ɪ l	f a ɪ l d	f a ɪ l d	f e ɪ l d	1	1	reg_d	reg_d	reg_d
model_jacobian	b l o ʊ t	b l o ʊ t ə d	b l o ʊ t ə d	s m ɑː r t	s m ɑː r t ə d	s m ɑː r t ə d	b l o ʊ t ə d	1	1	reg_əd	reg_əd	reg_əd
model_jacobian	s k w iː k	s k w iː k t	s k w iː k t	s m o ʊ k	s m o ʊ k t	s m o ʊ k t	s k w iː k t	1	1	reg_t	reg_t	reg_t
model_jacobian	s k ɹ̩ t	s k ɹ̩ t ə d	s k ɹ̩ t ə d	f l ɹ̩ t	f l ɹ̩ t ə d	f l ɹ̩ t ə d	s k ɹ̩ t ə d	1	1	reg_əd	reg_əd	reg_əd
model_jacobian	b l ɪ ŋ k	b l ɪ ŋ k t	b l æ ŋ k	ʃ r ɪ ŋ k	ʃ r æ ŋ k	ʃ r æ ŋ k	b l æ ŋ k	1	0	reg_t	vowel_change	vowel_change
model_jacobian	w æ ɡ	w æ ɡ d	w æ ɡ d	b æ ɡ	b æ ɡ d	b æ ɡ d	w æ ɡ d	1	1	reg_d	reg_d	reg_d
model_jacobian	h æ t͡ʃ	h æ t͡ʃ t	h æ t͡ʃ t	m æ t͡ʃ	m æ t͡ʃ t	m æ t͡ʃ t	h æ t͡ʃ t	1	1	reg_t	reg_t	reg_t
model_jacobian	h a ʊ z	h a ʊ z d	h a ʊ z d	n o ʊ z	n o ʊ z d	n o ʊ z d	h a ʊ z d	1	1	reg_d	reg_d	reg_d
model_jacobian	w ɑː f ə l	w ɑː f ə l d	w ɑː f ə l d	d͡ʒ ʌ ɡ ə l	d͡ʒ ʌ ɡ ə l d	d͡ʒ ʌ ɡ ə l d	w ɑː f ə l d	1	1	reg_d	reg_d	reg_d
model_jacobian	b ʌ t ə n	b ʌ t ə n d	b ʌ t ə n d	h æ p ə n	h æ p ə n d	h æ p ə n d	b ʌ t ə n d	1	1	reg_d	reg_d	reg_d
model_jacobian	k ɹ̩ iː n	k ɹ̩ iː n d	k ɹ̩ iː n d	k l iː n	k l iː n d	k l iː n d	k ɹ̩ iː n d	1	1	reg_d	reg_d	reg_d
model_jacobian	s t r ɪ p	s t r ɪ p t	s t r æ p t	s p r ɪ ŋ	s p r æ ŋ	s p r æ ŋ	NA	0	0	reg_t	vowel_change_suffix	vowel_change
model_jacobian	p r a ɪ z	p r a ɪ z d	p r a ɪ z	p r e ɪ z	p r e ɪ z d	p r e ɪ z d	p r a ɪ z d	0	1	reg_d	no_change	reg_d
model_jacobian	k ə n f j uː z	k ə n f j uː z d	k ə n f j uː z d	ɪ k s k j uː z	ɪ k s k j uː z d	ɪ k s k j uː z d	k ə n f j uː z d	1	1	reg_d	reg_d	reg_d
model_jacobian	p l ʌ ɡ	p l ʌ ɡ d	p l ʌ ɡ d	s l ʌ ɡ	s l ʌ ɡ d	s l ʌ ɡ d	p l ʌ ɡ d	1	1	reg_d	reg_d	reg_d
model_jacobian	k ɹ̩ s	k ɹ̩ s t	k ɹ̩ s t	n ɹ̩ s	n ɹ̩ s t	n ɹ̩ s t	k ɹ̩ s t	1	1	reg_t	reg_t	reg_t
model_jacobian	f e ɪ n t	f e ɪ n t ə d	f e ɪ n t ə d	p e ɪ n t	p e ɪ n t ə d	p e ɪ n t ə d	f e ɪ n t ə d	1	1	reg_əd	reg_əd	reg_əd
model_jacobian	r iː p l e ɪ s	r iː p l e ɪ s t	r iː p l e ɪ s t	ɪ k s p r ɛ s	ɪ k s p r ɛ s t	ɪ k s p r ɛ s t	r iː p l e ɪ s t	1	1	reg_t	reg_t	reg_t
model_jacobian	ɡ ɑː r d	ɡ ɑː r d ə d	ɡ ɑː r d ə d	p l ɑː d	p l ɑː d ə d	p l ɑː d ə d	ɡ ɑː r d ə d	1	1	reg_əd	reg_əd	reg_əd
model_jacobian	ɡ l ʌ v	ɡ l ʌ v d	ɡ l ʌ v d	p r uː v	p r uː v d	p r uː v d	ɡ l ʌ v d	1	1	reg_d	reg_d	reg_d
model_jacobian	s ɔ l t	s ɔ l t ə d	s ɔ l t ə d	s ɔ r t	s ɔ r t ə d	s ɔ r t ə d	s ɔ l t ə d	1	1	reg_əd	reg_əd	reg_əd
model_jacobian	s t ɛ r	s t ɛ r d	s t ɛ r d	s t iː r	s t iː r d	s t iː r d	s t ɛ r d	1	1	reg_d	reg_d	reg_d
model_jacobian	k ə m b a ɪ n	k ə m b a ɪ n d	k ə m b a ɪ n d	s t e ɪ ʃ ə n	s t e ɪ ʃ ə n d	s t e ɪ ʃ ə n d	k ə m b a ɪ n d	1	1	reg_d	reg_d	reg_d
model_jacobian	f r ʌ n t	f r ʌ n t ə d	f r ʌ n t ə d	p l æ n t	p l æ n t ə d	p l æ n t ə d	f r ʌ n t ə d	1	1	reg_əd	reg_əd	reg_əd
model_jacobian	ɡ ɑː r b ə l	ɡ ɑː r b ə l d	ɡ ɑː r b ə l d	m ɑː r b ə l	m ɑː r b ə l d	m ɑː r b ə l d	ɡ ɑː r b ə l d	1	1	reg_d	reg_d	reg_d
model_jacobian	p æ m p ɹ̩	p æ m p ɹ̩ d	p æ m p ɹ̩ d	s t æ ɡ ɹ̩	s t æ ɡ ɹ̩ d	s t æ ɡ ɹ̩ d	p æ m p ɹ̩ d	1	1	reg_d	reg_d	reg_d
model_jacobian	f iː r	f iː r d	f ɛ r d	f iː d	f ɛ d	f ɛ d	NA	0	0	reg_d	vowel_change_suffix	vowel_change
model_jacobian	ʃ ʌ v ə l	ʃ ʌ v ə l d	ʃ ʌ v ə l d	ʃ ʌ f ə l	ʃ ʌ f ə l d	ʃ ʌ f ə l d	ʃ ʌ v ə l d	1	1	reg_d	reg_d	reg_d
model_jacobian	s k ɛ d͡ʒ ʊ l	s k ɛ d͡ʒ ʊ l d	s k ɛ d͡ʒ ɛ l d	ɡ r ʌ m b ə l	ɡ r ʌ m b ə l d	ɡ r ʌ m b ə l d	s k ɛ d͡ʒ ʊ l d	0	1	reg_d	vowel_change_suffix	reg_d
model_jacobian	f l ʌ t ɹ̩	f l ʌ t ɹ̩ d	f l ʌ t ɹ̩ d	k l ʌ t ɹ̩	k l ʌ t ɹ̩ d	k l ʌ t ɹ̩ d	f l ʌ t ɹ̩ d	1	1	reg_d	reg_d	reg_d
model_jacobian	s p ɑː r k ə l	s p ɑː r k ə l d	s p ɑː r k ə l d	s t ʌ m b ə l	s t ʌ m b ə l d	s t ʌ m b ə l d	s p ɑː r k ə l d	1	1	reg_d	reg_d	reg_d
model_jacobian	r ɪ s p ɑː n d	r ɪ s p ɑː n d ə d	r ɪ s p ɑː n d ə d	d ɪ s k ɑː r d	d ɪ s k ɑː r d ə d	d ɪ s k ɑː r d ə d	r ɪ s p ɑː n d ə d	1	1	reg_əd	reg_əd	reg_əd
model_jacobian	t æ t ɹ̩	t æ t ɹ̩ d	t æ t ɹ̩ d	t iː t ɹ̩	t iː t ɹ̩ d	t iː t ɹ̩ d	t æ t ɹ̩ d	1	1	reg_d	reg_d	reg_d
model_jacobian	p ɑː k ə t	p ɑː k ə t ə d	p ɑː k ə t ə d	r ɑː k ə t	r ɑː k ə t ə d	r ɑː k ə t ə d	p ɑː k ə t ə d	1	1	reg_əd	reg_əd	reg_əd
model_jacobian	d͡ʒ æ ŋ ɡ ə l	d͡ʒ æ ŋ ɡ ə l d	d͡ʒ æ ŋ ɡ ə l d	d æ ŋ ɡ ə l	d æ ŋ ɡ ə l d	d æ ŋ ɡ ə l d	d͡ʒ æ ŋ ɡ ə l d	1	1	reg_d	reg_d	reg_d
model_jacobian	p iː p	p iː p t	p iː p t	l uː p	l uː p t	l uː p t	p iː p t	1	1	reg_t	reg_t	reg_t
model_jacobian	æ k s ɛ s ɹ̩ a ɪ z	æ k s ɛ s ɹ̩ a ɪ z d	æ s ɛ s ɛ s a ɪ z d	d uː	d ɪ d	d ɪ d	NA	0	0	reg_d	other	vowel_change_suffix
model_jacobian	r ɛ d͡ʒ ɪ s t ɹ̩	r ɛ d͡ʒ ɪ s t ɹ̩ d	r ɛ d͡ʒ ɪ s t ɹ̩ d	s p l ɪ n t ɹ̩	s p l ɪ n t ɹ̩ d	s p l ɪ n t ɹ̩ d	r ɛ d͡ʒ ɪ s t ɹ̩ d	1	1	reg_d	reg_d	reg_d
model_jacobian	ɡ l o ʊ	ɡ l o ʊ d	ɡ l uː	b l o ʊ	b l uː	b l uː	ɡ l uː	1	0	reg_d	vowel_change	vowel_change
model_jacobian	k ɑː m ɛ n t	k ɑː m ɛ n t ə d	k ɑː m ɛ n t ə d	s ə d͡ʒ ɛ s t	s ə d͡ʒ ɛ s t ə d	s ə d͡ʒ ɛ s t ə d	k ɑː m ɛ n t ə d	1	1	reg_əd	reg_əd	reg_əd
model_jacobian	r ə f j uː z	r ə f j uː z d	r ə f j uː z d	s ə p o ʊ z	s ə p o ʊ z d	s ə p o ʊ z d	r ə f j uː z d	1	1	reg_d	reg_d	reg_d
model_jacobian	w ɛ d	w ɛ d	w ɛ d ə d	l ɛ d	l ɛ d ə d	l ɛ d ə d	w ɛ d ə d	1	0	no_change	reg_əd	reg_əd
model_jacobian	d a ʊ n	d a ʊ n d	d a ʊ n d	f o ʊ n	f o ʊ n d	f o ʊ n d	d a ʊ n d	1	1	reg_d	reg_d	reg_d
model_jacobian	t͡ʃ ɪ p	t͡ʃ ɪ p t	t͡ʃ ɪ p t	z ɪ p	z ɪ p t	z ɪ p t	t͡ʃ ɪ p t	1	1	reg_t	reg_t	reg_t
model_jacobian	d ɹ̩ ɛ k t	d ɹ̩ ɛ k t ə d	d ɹ̩ ɛ k t ə d	k ɹ̩ ɛ k t	k ɹ̩ ɛ k t ə d	k ɹ̩ ɛ k t ə d	d ɹ̩ ɛ k t ə d	1	1	reg_əd	reg_əd	reg_əd
model_jacobian	d ɪ f ɛ n d	d ɪ f ɛ n d ə d	d ɪ f ɛ n d ə d	d ɪ p ɛ n d	d ɪ p ɛ n d ə d	d ɪ p ɛ n d ə d	d ɪ f ɛ n d ə d	1	1	reg_əd	reg_əd	reg_əd
model_jacobian	p a ʊ n d	p a ʊ n d ə d	p a ʊ n d ə d	s a ʊ n d	s a ʊ n d ə d	s a ʊ n d ə d	p a ʊ n d ə d	1	1	reg_əd	reg_əd	reg_əd
model_jacobian	d r e ɪ p	d r e ɪ p t	d r e ɪ p t	t r æ m p	t r æ m p t	t r æ m p t	d r e ɪ p t	1	1	reg_t	reg_t	reg_t
model_jacobian	k ə n t e ɪ n	k ə n t e ɪ n d	k ə n t e ɪ n d	s ɹ̩ p r a ɪ z	s ɹ̩ p r a ɪ z d	s ɹ̩ p r a ɪ z d	k ə n t e ɪ n d	1	1	reg_d	reg_d	reg_d
model_jacobian	s iː z ə n	s iː z ə n d	s iː z ə n d	h æ p ə n	h æ p ə n d	h æ p ə n d	s iː z ə n d	1	1	reg_d	reg_d	reg_d
model_jacobian	k r a ʊ t͡ʃ	k r a ʊ t͡ʃ t	k r a ʊ t͡ʃ t	k r ʌ n t͡ʃ	k r ʌ n t͡ʃ t	k r ʌ n t͡ʃ t	k r a ʊ t͡ʃ t	1	1	reg_t	reg_t	reg_t
model_jacobian	h ɪ p n ə t a ɪ z	h ɪ p n ə t a ɪ z d	h ɪ t ə t ə d	m ʌ l t ə p l a ɪ	m ʌ l t ə p l a ɪ d	m ʌ l t ə p l a ɪ d	h ɪ p n ə t a ɪ z d	0	1	reg_d	other	reg_d
model_jacobian	k ə n d ɛ n s	k ə n d ɛ n s t	k ə n d ɛ n s t	k ə n v ɪ n s	k ə n v ɪ n s t	k ə n v ɪ n s t	k ə n d ɛ n s t	1	1	reg_t	reg_t	reg_t
model_jacobian	k r æ ŋ k	k r æ ŋ k t	k r æ ŋ k	p l ʌ ŋ k	p l ʌ ŋ k t	p l ʌ ŋ k t	k r æ ŋ k t	0	1	reg_t	no_change	reg_t
model_jacobian	k l a ʊ d	k l a ʊ d ə d	k l a ʊ d ə d	k r a ʊ d	k r a ʊ d ə d	k r a ʊ d ə d	k l a ʊ d ə d	1	1	reg_əd	reg_əd	reg_əd
model_jacobian	r e ɪ d	r e ɪ d ə d	r e ɪ d ə d	f e ɪ d	f e ɪ d ə d	f e ɪ d ə d	r e ɪ d ə d	1	1	reg_əd	reg_əd	reg_əd
model_jacobian	f ɪ l t ɹ̩	f ɪ l t ɹ̩ d	f ɪ l t ɹ̩ d	ʃ ɛ l t ɹ̩	ʃ ɛ l t ɹ̩ d	ʃ ɛ l t ɹ̩ d	f ɪ l t ɹ̩ d	1	1	reg_d	reg_d	reg_d
model_jacobian	t æ ŋ ɡ ə l	t æ ŋ ɡ ə l d	t æ ŋ ɡ ə l d	d æ ŋ ɡ ə l	d æ ŋ ɡ ə l d	d æ ŋ ɡ ə l d	t æ ŋ ɡ ə l d	1	1	reg_d	reg_d	reg_d
model_jacobian	p l æ s t ɹ̩	p l æ s t ɹ̩ d	p l æ s t ɹ̩ d	s w ɑː l o ʊ	s w ɑː l o ʊ d	s w ɑː l o ʊ d	p l æ s t ɹ̩ d	1	1	reg_d	reg_d	reg_d
model_jacobian	ʃ e ɪ d	ʃ e ɪ d ə d	ʃ e ɪ d ə d	f e ɪ d	f e ɪ d ə d	f e ɪ d ə d	ʃ e ɪ d ə d	1	1	reg_əd	reg_əd	reg_əd
model_jacobian	t r ʌ s t	t r ʌ s t ə d	t r ʌ s t ə d	t w ɪ s t	t w ɪ s t ə d	t w ɪ s t ə d	t r ʌ s t ə d	1	1	reg_əd	reg_əd	reg_əd
model_jacobian	s æ n d	s æ n d ə d	s æ n t ə d	s ɛ n d	s ɛ n t	s ɛ n t	s æ n t	0	0	reg_əd	other	coda_change
model_jacobian	d ɪ z ɑː l v	d ɪ z ɑː l v d	d ɪ z ɑː l v d	p ɹ̩ f ɔ r m	p ɹ̩ f ɔ r m d	p ɹ̩ f ɔ r m d	d ɪ z ɑː l v d	1	1	reg_d	reg_d	reg_d
model_jacobian	r æ k	r æ k t	r æ k t	d͡ʒ æ k	d͡ʒ æ k t	d͡ʒ æ k t	r æ k t	1	1	reg_t	reg_t	reg_t
model_jacobian	ʃ ɛ l	ʃ ɛ l d	ʃ ɛ l d	j ɛ l	j ɛ l d	j ɛ l d	ʃ ɛ l d	1	1	reg_d	reg_d	reg_d
model_jacobian	s w ɑː p	s w ɑː p t	s w ɑː p t	s t ɛ p	s t ɛ p t	s t ɛ p t	s w ɑː p t	1	1	reg_t	reg_t	reg_t
model_jacobian	r iː l iː s	r iː l iː s t	r iː l iː s t	ə d r ɛ s	ə d r ɛ s t	ə d r ɛ s t	r iː l iː s t	1	1	reg_t	reg_t	reg_t
model_jacobian	r e ɪ k	r e ɪ k t	r e ɪ k t	b e ɪ k	b e ɪ k t	b e ɪ k t	r e ɪ k t	1	1	reg_t	reg_t	reg_t
model_jacobian	k æ n s ə l	k æ n s ə l d	k æ n s ə l d	h æ n d ə l	h æ n d ə l d	h æ n d ə l d	k æ n s ə l d	1	1	reg_d	reg_d	reg_d
model_jacobian	s p a ɪ	s p a ɪ d	s p a ɪ d	p r a ɪ	p r a ɪ d	p r a ɪ d	s p a ɪ d	1	1	reg_d	reg_d	reg_d
model_jacobian	f j uː m	f j uː m d	f j uː m d	f ɔ r m	f ɔ r m d	f ɔ r m d	f j uː m d	1	1	reg_d	reg_d	reg_d
model_jacobian	p r iː p ɛ r	p r iː p ɛ r d	p r iː p ɛ r d	d ɪ k l ɛ r	d ɪ k l ɛ r d	d ɪ k l ɛ r d	p r iː p ɛ r d	1	1	reg_d	reg_d	reg_d
model_jacobian	d ɪ s p o ʊ z	d ɪ s p o ʊ z d	d ɪ s p o ʊ z d	b ʊ l d o ʊ z	b ʊ l d o ʊ z d	b ʊ l d o ʊ z d	d ɪ s p o ʊ z d	1	1	reg_d	reg_d	reg_d
model_jacobian	k ə n d ʌ k t	k ə n d ʌ k t ə d	k ə n d ʌ k t ə d	d͡ʒ ɛ n ɹ̩ e ɪ t	d͡ʒ ɛ n ɹ̩ e ɪ t ə d	d͡ʒ ɛ n ɹ̩ e ɪ t ə d	k ə n d ʌ k t ə d	1	1	reg_əd	reg_əd	reg_əd
model_jacobian	s t ɪ ŋ k	s t ʌ ŋ k	s t ʌ ŋ k t	d r ɪ ŋ k	d r æ ŋ k	d r æ ŋ k	s t æ ŋ k	0	0	vowel_change	vowel_change_suffix	vowel_change
model_jacobian	d r e ɪ n	d r e ɪ n d	d r e ɪ n d	p l e ɪ n	p l e ɪ n d	p l e ɪ n d	d r e ɪ n d	1	1	reg_d	reg_d	reg_d
model_jacobian	ə n p l ʌ ɡ	ə n p l ʌ ɡ d	ə n p l ʌ ɡ d	z ɪ ɡ z æ ɡ	z ɪ ɡ z æ ɡ d	z ɪ ɡ z æ ɡ d	ə n p l ʌ ɡ d	1	1	reg_d	reg_d	reg_d
model_jacobian	h æ l o ʊ	h æ l o ʊ d	h æ l o ʊ d	n ɛ r o ʊ	n ɛ r o ʊ d	n ɛ r o ʊ d	h æ l o ʊ d	1	1	reg_d	reg_d	reg_d
model_jacobian	ɪ n t ɹ̩ æ k t	ɪ n t ɹ̩ æ k t ə d	ɪ n t ɹ̩ æ k t ə d	ɪ n f l e ɪ t	ɪ n f l e ɪ t ə d	ɪ n f l e ɪ t ə d	ɪ n t ɹ̩ æ k t ə d	1	1	reg_əd	reg_əd	reg_əd
model_jacobian	ə b s ɛ s	ə b s ɛ s t	ə b b ɛ s t	s t æ n d	s t ʊ d	s t ʊ d	NA	0	0	reg_t	other	rhyme_replaced
model_jacobian	s n æ t͡ʃ	s n æ t͡ʃ t	s n æ t͡ʃ t	s w ɪ t͡ʃ	s w ɪ t͡ʃ t	s w ɪ t͡ʃ t	s n æ t͡ʃ t	1	1	reg_t	reg_t	reg_t
model_jacobian	t æ p	t æ p t	t æ p t	r æ p	r æ p t	r æ p t	t æ p t	1	1	reg_t	reg_t	reg_t
model_jacobian	t r æ ʃ	t r æ ʃ t	t r æ ʃ t	b r ʌ ʃ	b r ʌ ʃ t	b r ʌ ʃ t	t r æ ʃ t	1	1	reg_t	reg_t	reg_t
model_jacobian	ʃ ɪ v ɹ̩	ʃ ɪ v ɹ̩ d	ʃ ɪ v ɹ̩ d	m æ t ɹ̩	m æ t ɹ̩ d	m æ t ɹ̩ d	ʃ ɪ v ɹ̩ d	1	1	reg_d	reg_d	reg_d
model_jacobian	r iː f ɪ l	r iː f ɪ l d	r iː f ɪ l d	r ɪ k ɔ l	r ɪ k ɔ l d	r ɪ k ɔ l d	r iː f ɪ l d	1	1	reg_d	reg_d	reg_d
model_jacobian	d ʌ b	d ʌ b d	d ʌ b d	r ʌ b	r ʌ b d	r ʌ b d	d ʌ b d	1	1	reg_d	reg_d	reg_d
model_jacobian	r ɪ p ɛ r	r ɪ p ɛ r d	r ɪ p ɛ r d	s k w ɛ r	s k w ɛ r d	s k w ɛ r d	r ɪ p ɛ r d	1	1	reg_d	reg_d	reg_d
model_jacobian	s t e ɪ k	s t e ɪ k t	s t e ɪ k t	s p a ɪ k	s p a ɪ k t	s p a ɪ k t	s t e ɪ k t	1	1	reg_t	reg_t	reg_t
model_jacobian	ɛ r	ɛ r d	ɛ r d	ɛ d͡ʒ	ɛ d͡ʒ d	ɛ d͡ʒ d	ɛ r d	1	1	reg_d	reg_d	reg_d
model_jacobian	t r ʌ m p ə t	t r ʌ m p ə t ə d	t r ʌ m p ə t ə d	b l æ ŋ k ə t	b l æ ŋ k ə t ə d	b l æ ŋ k ə t ə d	t r ʌ m p ə t ə d	1	1	reg_əd	reg_əd	reg_əd
model_jacobian	k l ɑː ɡ	k l ɑː ɡ d	k l ɑː ɡ d	s l ʌ ɡ	s l ʌ ɡ d	s l ʌ ɡ d	k l ɑː ɡ d	1	1	reg_d	reg_d	reg_d
model_jacobian	p a ʊ ɹ̩	p a ʊ ɹ̩ d	p a ʊ ɹ̩ d	t a ʊ ɹ̩	t a ʊ ɹ̩ d	t a ʊ ɹ̩ d	p a ʊ ɹ̩ d	1	1	reg_d	reg_d	reg_d
model_jacobian	ɪ ɡ z ɪ b ɪ t	ɪ ɡ z ɪ b ɪ t ə d	ɪ ɡ z ɪ b ɪ t ə d	ɪ n f l e ɪ t	ɪ n f l e ɪ t ə d	ɪ n f l e ɪ t ə d	ɪ ɡ z ɪ b ɪ t ə d	1	1	reg_əd	reg_əd	reg_əd
model_jacobian	e ɪ d͡ʒ	e ɪ d͡ʒ d	e ɪ d͡ʒ d	h ɛ d͡ʒ	h ɛ d͡ʒ d	h ɛ d͡ʒ d	e ɪ d͡ʒ d	1	1	reg_d	reg_d	reg_d
model_jacobian	t e ɪ b ə l	t e ɪ b ə l d	t e ɪ b ə l d	l e ɪ b ə l	l e ɪ b ə l d	l e ɪ b ə l d	t e ɪ b ə l d	1	1	reg_d	reg_d	reg_d
model_jacobian	r ɪ s p ɛ k t	r ɪ s p ɛ k t ə d	r ɪ s p ɛ k t ə d	ɪ k s p ɛ k t	ɪ k s p ɛ k t ə d	ɪ k s p ɛ k t ə d	r ɪ s p ɛ k t ə d	1	1	reg_əd	reg_əd	reg_əd
model_jacobian	m æ k s	m æ k s t	m æ k s t	m ɪ k s	m ɪ k s t	m ɪ k s t	m æ k s t	1	1	reg_t	reg_t	reg_t
model_jacobian	ɛ n æ k t	ɛ n æ k t ə d	ɛ n æ k t ə d	ə d ɪ k t	ə d ɪ k t ə d	ə d ɪ k t ə d	ɛ n æ k t ə d	1	1	reg_əd	reg_əd	reg_əd
model_jacobian	m ɑː d ə f a ɪ	m ɑː d ə f a ɪ d	m ɑː d ə f a ɪ d	k r o ʊ ʃ e ɪ	k r o ʊ ʃ e ɪ d	k r o ʊ ʃ e ɪ d	m ɑː d ə f a ɪ d	1	1	reg_d	reg_d	reg_d
model_jacobian	f iː t͡ʃ ɹ̩	f iː t͡ʃ ɹ̩ d	f iː t͡ʃ ɹ̩ d	f ɛ ð ɹ̩	f ɛ ð ɹ̩ d	f ɛ ð ɹ̩ d	f iː t͡ʃ ɹ̩ d	1	1	reg_d	reg_d	reg_d
model_jacobian	w e ɪ l	w e ɪ l d	w e ɪ l d	s e ɪ l	s e ɪ l d	s e ɪ l d	w e ɪ l d	1	1	reg_d	reg_d	reg_d
model_jacobian	p ɹ̩ s	p ɹ̩ s t	p ɹ̩ s t	p iː s	p iː s t	p iː s t	p ɹ̩ s t	1	1	reg_t	reg_t	reg_t
string	s m a ɪ l	s m a ɪ l d	s m a ɪ l d	s e ɪ l	s e ɪ l d	s e ɪ l d	s m a ɪ l d	1	1	reg_d	reg_d	reg_d
string	r iː d	r ɛ d	r iː d ə d	r ɪ d	r ɪ d	r ɪ d	r iː d	0	0	vowel_change	reg_əd	no_change
string	l a ɪ k	l a ɪ k t	l a ɪ k t	l a ɪ v	l a ɪ v d	l a ɪ v d	l a ɪ k d	0	0	reg_t	reg_t	reg_d
string	ʃ o ʊ	ʃ o ʊ d	ʃ o ʊ d	r o ʊ	r o ʊ d	r o ʊ d	ʃ o ʊ d	1	1	reg_d	reg_d	reg_d
string	b a ɪ t	b ɪ t	b a ɪ t ə d	l a ɪ t	l ɪ t	l ɪ t	b ɪ t	0	1	vowel_change	reg_əd	vowel_change
string	f l a ɪ	f l uː	f l a ɪ d	l a ɪ	l e ɪ	l e ɪ	f l e ɪ	0	0	vowel_change	reg_d	vowel_change
string	h o ʊ p	h o ʊ p t	h o ʊ p t	k o ʊ p	k o ʊ p t	k o ʊ p t	h o ʊ p t	1	1	reg_t	reg_t	reg_t
string	o ʊ p ə n	o ʊ p ə n d	o ʊ p ə n d	h æ p ə n	h æ p ə n d	h æ p ə n d	o ʊ p ə n d	1	1	reg_d	reg_d	reg_d
string	r ʌ n	r æ n	r ʌ n d	r ʌ ʃ	r ʌ ʃ t	r ʌ ʃ t	r ʌ n t	0	0	vowel_change	reg_d	reg_t
string	t ɔ ɪ	t ɔ ɪ d	t ɔ t	t ɔ k	t ɔ k t	t ɔ k t	t ɔ ɪ t	0	0	reg_d	vowel_change_suffix	reg_t
string	p l e ɪ	p l e ɪ d	p l e ɪ d	p l e ɪ n	p l e ɪ n d	p l e ɪ n d	p l e ɪ d	1	1	reg_d	reg_d	reg_d
string	w ɑː t͡ʃ	w ɑː t͡ʃ t	w ɑː t͡ʃ t	w ɑː ʃ	w ɑː ʃ t	w ɑː ʃ t	w ɑː t͡ʃ t	1	1	reg_t	reg_t	reg_t
string	r iː t͡ʃ	r iː t͡ʃ t	r iː t͡ʃ t	t iː t͡ʃ	t ɔ t	t ɔ t	r ɔ t	0	0	reg_t	reg_t	rhyme_replaced
string	æ s k	æ s k t	æ s k t	s iː k	s ɔ t	s ɔ t	NA	0	0	reg_t	reg_t	rhyme_replaced
string	s m ɛ l	s m ɛ l d	s m ɛ l d	s p ɛ l	s p ɛ l d	s p ɛ l d	s m ɛ l d	1	1	reg_d	reg_d	reg_d
string	h æ ŋ	h ʌ ŋ	h æ ŋ d	b æ ŋ	b æ ŋ d	b æ ŋ d	h æ ŋ d	1	0	vowel_change	reg_d	reg_d
string	r a ɪ d	r o ʊ d	r o ʊ d ə d	s a ɪ d	s a ɪ d ə d	s a ɪ d ə d	r a ɪ d ə d	0	0	vowel_change	other	reg_əd
string	s p ɪ l	s p ɪ l d	s p æ l d	s p ɛ l	s p ɛ l d	s p ɛ l d	s p ɪ l d	0	1	reg_d	vowel_change_suffix	reg_d
string	p ɔ r	p ɔ r d	p ɔ r d	r ɔ r	r ɔ r d	r ɔ r d	p ɔ r d	1	1	reg_d	reg_d	reg_d
string	b a ʊ	b a ʊ d	b ɔ t	b a ɪ	b ɔ t	b ɔ t	NA	0	0	reg_d	vowel_change_suffix	vowel_change_suffix
string	t ʌ t͡ʃ	t ʌ t͡ʃ t	t ʌ t͡ʃ t	t iː t͡ʃ	t ɔ t	t ɔ t	NA	0	0	reg_t	reg_t	rhyme_replaced
string	k ɑː z	k ɑː z d	k ɑː z d	k ɑː m	k ɑː m d	k ɑː m d	k ɑː z d	1	1	reg_d	reg_d	reg_d
string	s t r a ɪ k	s t r ʌ k	s t r a ɪ k t	s t r a ɪ p	s t r a ɪ p t	s t r a ɪ p t	s t r a ɪ k t	1	0	vowel_change	reg_t	reg_t
string	h ɹ̩ t	h ɹ̩ t	h ɹ̩ t	h ɹ̩ iː	h ɹ̩ iː d	h ɹ̩ iː d	h ɹ̩ t d	0	0	no_change	no_change	reg_d
string	h iː t	h iː t ə d	h ɹ̩ t	m iː t	m ɛ t	m ɛ t	h ɛ t	0	0	reg_əd	vowel_change	vowel_change
string	f l a ʊ ɹ̩	f l a ʊ ɹ̩ d	f l a ʊ ɹ̩ d	s k a ʊ ɹ̩	s k a ʊ ɹ̩ d	s k a ʊ ɹ̩ d	f l a ʊ ɹ̩ d	1	1	reg_d	reg_d	reg_d
string	k l o ʊ z	k l o ʊ z d	k l o ʊ z d	k o ʊ t	k o ʊ t ə d	k o ʊ t ə d	k l o ʊ z ə d	0	0	reg_d	reg_d	reg_əd
string	m a ɪ n	m a ɪ n d	m a ɪ n d	f a ɪ n	f a ɪ n d	f a ɪ n d	m a ɪ n d	1	1	reg_d	reg_d	reg_d
string	v ɪ z ɪ t	v ɪ z ɪ t ə d	v ɪ z ɪ t ə d	ɛ ɡ z ɪ t	ɛ ɡ z ɪ t ə d	ɛ ɡ z ɪ t ə d	v ɪ z ɪ t ə d	1	1	reg_əd	reg_əd	reg_əd
string	t e ɪ s t	t e ɪ s t ə d	t e ɪ s t ə d	w e ɪ s t	w e ɪ s t ə d	w e ɪ s t ə d	t e ɪ s t ə d	1	1	reg_əd	reg_əd	reg_əd
string	b ʌ t ɹ̩	b ʌ t ɹ̩ d	b ʌ t ɹ̩ d	b ɛ t ɹ̩	b ɛ t ɹ̩ d	b ɛ t ɹ̩ d	b ʌ t ɹ̩ d	1	1	reg_d	reg_d	reg_d
string	m e ɪ l	m e ɪ l d	m e ɪ l d	d͡ʒ e ɪ l	d͡ʒ e ɪ l d	d͡ʒ e ɪ l d	m e ɪ l d	1	1	reg_d	reg_d	reg_d
string	d ɪ ŋ	d ɪ ŋ d	d ʌ ŋ	d ɪ ɡ	d ɪ ɡ d	d ʌ ɡ	d ɪ ŋ d	0	1	reg_d	vowel_change	reg_d
string	s t ɑː p	s t ɑː p t	s t ɑː p t	s t ɑː k	s t ɑː k t	s t ɑː k t	s t ɑː p t	1	1	reg_t	reg_t	reg_t
string	ɪ k s a ɪ t	ɪ k s a ɪ t ə d	ɪ k s a ɪ t ə d	ɪ k s ɛ p t	ɪ k s ɛ p t ə d	ɪ k s ɛ p t ə d	ɪ k s a ɪ t ə d	1	1	reg_əd	reg_əd	reg_əd
string	f r a ɪ	f r a ɪ d	f r a ɪ d	d r a ɪ	d r a ɪ d	d r a ɪ d	f r a ɪ d	1	1	reg_d	reg_d	reg_d
string	s p iː k	s p o ʊ k	s p iː k t	p iː k	p iː k t	p iː k t	s p iː k t	1	0	vowel_change	reg_t	reg_t
string	s k r æ m b ə l	s k r æ m b ə l d	s k r æ m b ə l d	k r ʌ m b ə l	k r ʌ m b ə l d	k r ʌ m b ə l d	s k r æ m b ə l d	1	1	reg_d	reg_d	reg_d
string	t͡ʃ ɛ k	t͡ʃ ɛ k t	t͡ʃ ɛ k t	r ɛ k	r ɛ k t	r ɛ k t	t͡ʃ ɛ k t	1	1	reg_t	reg_t	reg_t
string	n ʌ m b ɹ̩	n ʌ m b ɹ̩ d	n ʌ m b ɹ̩ d	k ʌ v ɹ̩	k ʌ v ɹ̩ d	k ʌ v ɹ̩ d	n ʌ m b ɹ̩ d	1	1	reg_d	reg_d	reg_d
string	b ɛ n d	b ɛ n d ə d	b ɛ n t	b æ n d	b æ n d ə d	b æ n d ə d	b ɛ n d ə d	0	1	reg_əd	coda_change	reg_əd
string	t ɔ s	t ɔ s t	t ɔ s t	t ɔ k	t ɔ k t	t ɔ k t	t ɔ s t	1	1	reg_t	reg_t	reg_t
string	w ɪ s p ɹ̩	w ɪ s p ɹ̩ d	w ɪ s p ɹ̩ d	z ɪ p ɹ̩	z ɪ p ɹ̩ d	z ɪ p ɹ̩ d	w ɪ s p ɹ̩ d	1	1	reg_d	reg_d	reg_d
string	a ɪ	a ɪ d	a ɪ	d a ɪ	d a ɪ d	d a ɪ d	a ɪ d	0	1	reg_d	no_change	reg_d
string	p ɑː p	p ɑː p t	p ɑː p t	p uː p	p uː p t	p uː p t	p ɑː p t	1	1	reg_t	reg_t	reg_t
string	ɪ ɡ z ɔ s t	ɪ ɡ z ɔ s t ə d	ɪ ɡ z ɔ s t ə d	ɪ n s ɪ s t	ɪ n s ɪ s t ə d	ɪ n s ɪ s t ə d	ɪ ɡ z ɔ s t ə d	1	1	reg_əd	reg_əd	reg_əd
string	b ɪ l d	b ɪ l t	b ɪ l d ə d	b ɛ l t	b ɛ l t ə d	b ɛ l t ə d	b ɪ l d ə d	1	0	coda_change	reg_əd	reg_əd
string	w ʌ n d ɹ̩	w ʌ n d ɹ̩ d	w ʌ n d ɹ̩ d	w ɑː n d ɹ̩	w ɑː n d ɹ̩ d	w ɑː n d ɹ̩ d	w ʌ n d ɹ̩ d	1	1	reg_d	reg_d	reg_d
string	k r æ k	k r æ k t	k r æ k t	k r æ ʃ	k r æ ʃ t	k r æ ʃ t	k r æ k t	1	1	reg_t	reg_t	reg_t
string	n ɪ b ə l	n ɪ b ə l d	n ɪ b ə l d	w ɑː b ə l	w ɑː b ə l d	w ɑː b ə l d	n ɪ b ə l d	1	1	reg_d	reg_d	reg_d
string	d ɪ l ɪ v ɹ̩	d ɪ l ɪ v ɹ̩ d	d ɪ l ɪ v ɹ̩ d	d ɪ s k ʌ v ɹ̩	d ɪ s k ʌ v ɹ̩ d	d ɪ s k ʌ v ɹ̩ d	d ɪ l ɪ v ɹ̩ d	1	1	reg_d	reg_d	reg_d
string	s k ɛ r	s k ɛ r d	s k ɛ r d	s k w ɛ r	s k w ɛ r d	s k w ɛ r d	s k ɛ r d	1	1	reg_d	reg_d	reg_d
string	ɔ f ɹ̩	ɔ f ɹ̩ d	ɔ f ɹ̩ d	ɔ θ ɹ̩	ɔ θ ɹ̩ d	ɔ θ ɹ̩ d	ɔ f ɹ̩ d	1	1	reg_d	reg_d	reg_d
string	f l ɑː p	f l ɑː p t	f l ɑː p t	p l ɑː p	p l ɑː p t	p l ɑː p t	f l ɑː p t	1	1	reg_t	reg_t	reg_t
string	ə p o ʊ z	ə p o ʊ z d	ə p o ʊ z d	s ə p o ʊ z	s ə p o ʊ z d	s ə p o ʊ z d	ə p o ʊ z d	1	1	reg_d	reg_d	reg_d
string	k ʌ l ɹ̩	k ʌ l ɹ̩ d	k ʌ l ɹ̩ d	k ʌ v ɹ̩	k ʌ v ɹ̩ d	k ʌ v ɹ̩ d	k ʌ l ɹ̩ d	1	1	reg_d	reg_d	reg_d
string	k æ m p	k æ m p t	k æ m p t	k æ p	k æ p t	k æ p t	k æ m p t	1	1	reg_t	reg_t	reg_t
string	s ɛ l	s o ʊ l d	s ɛ l d	j ɛ l	j ɛ l d	j ɛ l d	s ɛ l d	1	0	vowel_change_suffix	reg_d	reg_d
string	f l æ p	f l æ p t	f l æ p t	f l æ ʃ	f l æ ʃ t	f l æ ʃ t	f l æ p t	1	1	reg_t	reg_t	reg_t
string	p r ɛ s	p r ɛ s t	p r ɛ s t	d r ɛ s	d r ɛ s t	d r ɛ s t	p r ɛ s t	1	1	reg_t	reg_t	reg_t
string	f ɪ l	f ɪ l d	f ɪ l d	w ɪ l	w ɪ l d	w ɪ l d	f ɪ l d	1	1	reg_d	reg_d	reg_d
string	b r æ n t͡ʃ	b r æ n t͡ʃ t	b r æ n t͡ʃ t	d r ɛ n t͡ʃ	d r ɛ n t͡ʃ t	d r ɛ n t͡ʃ t	b r æ n t͡ʃ t	1	1	reg_t	reg_t	reg_t
string	t a ɪ t ə n	t a ɪ t ə n d	t a ɪ t ə n d	f r a ɪ t ə n	f r a ɪ t ə n d	f r a ɪ t ə n d	t a ɪ t ə n d	1	1	reg_d	reg_d	reg_d
string	k æ p t ɪ v e ɪ t	k æ p t ɪ v e ɪ t ə d	k æ p t ə v e ɪ t ə d	k r iː e ɪ t	k r iː e ɪ t ə d	k r iː e ɪ t ə d	k æ p t ɪ v e ɪ t ə d	0	1	reg_əd	other	reg_əd
string	t o ʊ s t	t o ʊ s t ə d	t o ʊ s t ə d	r o ʊ s t	r o ʊ s t ə d	r o ʊ s t ə d	t o ʊ s t ə d	1	1	reg_əd	reg_əd	reg_əd
string	d ɪ s ə p iː r	d ɪ s ə p iː r d	d ɪ s ə p iː p iː r iː ə d	ə p iː r	ə p iː r d	ə p iː r d	d ɪ s ə p iː r d	0	1	reg_d	other	reg_d
string	b ɛ r	b o ʊ r	b ɛ r d	b ɛ t	b ɛ t	b ɛ t	b ɛ r	0	0	vowel_change	reg_d	no_change
string	b ɛ r iː	b ɛ r iː d	b ɛ r iː d	m ɛ r iː	m ɛ r iː d	m ɛ r iː d	b ɛ r iː d	1	1	reg_d	reg_d	reg_d
string	s n iː k	s n iː k t	s n iː k t	s iː k	s ɔ t	s ɔ t	s n ɔ t	0	0	reg_t	reg_t	rhyme_replaced
string	l ʌ n t͡ʃ	l ʌ n t͡ʃ t	l ʌ n t͡ʃ t	m ʌ n t͡ʃ	m ʌ n t͡ʃ t	m ʌ n t͡ʃ t	l ʌ n t͡ʃ t	1	1	reg_t	reg_t	reg_t
string	m ɛ m ɹ̩ a ɪ z	m ɛ m ɹ̩ a ɪ z d	m ɛ m ɹ̩ a ɪ z d	d͡ʒ ɛ n ɹ̩ e ɪ t	d͡ʒ ɛ n ɹ̩ e ɪ t ə d	d͡ʒ ɛ n ɹ̩ e ɪ t ə d	m ɛ m ɹ̩ a ɪ z ə d	0	0	reg_d	reg_d	reg_əd
string	h a ɪ d	h ɪ d	h a ɪ d ə d	h a ɪ ɹ̩	h a ɪ ɹ̩ d	h a ɪ ɹ̩ d	h a ɪ d d	0	0	vowel_change	reg_əd	reg_d
string	w iː l	w iː l d	w iː l d	w iː	w iː d	w iː d	w iː l d	1	1	reg_d	reg_d	reg_d
string	p æ t	p æ t ə d	p æ t ə d	b æ t	b æ t ə d	b æ t ə d	p æ t ə d	1	1	reg_əd	reg_əd	reg_əd
string	s k æ m p ɹ̩	s k æ m p ɹ̩ d	s k æ m p ɹ̩ d	h æ m ɹ̩	h æ m ɹ̩ d	h æ m ɹ̩ d	s k æ m p ɹ̩ d	1	1	reg_d	reg_d	reg_d
string	p iː r	p iː r d	p iː r d	p iː l	p iː l d	p iː l d	p iː r d	1	1	reg_d	reg_d	reg_d
string	ʃ æ m p uː	ʃ æ m p uː d	ʃ æ m p uː d	ʃ ɪ p	ʃ ɪ p t	ʃ ɪ p t	ʃ æ m p uː t	0	0	reg_d	reg_d	reg_t
string	r e ɪ s	r e ɪ s t	r e ɪ s t	ɪ r e ɪ s	ɪ r e ɪ s t	ɪ r e ɪ s t	r e ɪ s t	1	1	reg_t	reg_t	reg_t
string	s t r ɛ t͡ʃ	s t r ɛ t͡ʃ t	s t r ɛ t͡ʃ t	s t ɛ p	s t ɛ p t	s t ɛ p t	s t r ɛ t͡ʃ t	1	1	reg_t	reg_t	reg_t
string	k ə l æ p s	k ə l æ p s t	k ə l æ p s t	k l æ p	k l æ p t	k l æ p t	k ə l æ p s t	1	1	reg_t	reg_t	reg_t
string	d r ɪ f t	d r ɪ f t ə d	d r ɪ f t ə d	d e ɪ t	d e ɪ t ə d	d e ɪ t ə d	d r ɪ f t ə d	1	1	reg_əd	reg_əd	reg_əd
string	s t æ b	s t æ b d	s t æ b d	s t æ k	s t æ k t	s t æ k t	s t æ b t	0	0	reg_d	reg_d	reg_t
string	t͡ʃ uː	t͡ʃ uː d	t͡ʃ uː d	d uː	d ɪ d	d ɪ d	t͡ʃ ɪ d	0	0	reg_d	reg_d	vowel_change_suffix
string	b ʌ b ə l	b ʌ b ə l d	b ʌ b ə l d	b æ b ə l	b æ b ə l d	b æ b ə l d	b ʌ b ə l d	1	1	reg_d	reg_d	reg_d
string	s a ʊ ɹ̩	s a ʊ ɹ̩ d	s a ʊ ɹ̩ d	t a ʊ ɹ̩	t a ʊ ɹ̩ d	t a ʊ ɹ̩ d	s a ʊ ɹ̩ d	1	1	reg_d	reg_d	reg_d
string	s t æ m p	s t æ m p t	s t æ m p t	s t ɑː m p	s t ɑː m p t	s t ɑː m p t	s t æ m p t	1	1	reg_t	reg_t	reg_t
string	d͡ʒ ɹ̩ k	d͡ʒ ɹ̩ k t	d͡ʒ ɹ̩ k t	w ɹ̩ k	w ɹ̩ k t	w ɹ̩ k t	d͡ʒ ɹ̩ k t	1	1	reg_t	reg_t	reg_t
string	s ɔ	s ɔ d	s ɔ d	θ ɔ	θ ɔ d	θ ɔ d	s ɔ d	1	1	reg_d	reg_d	reg_d
string	f l ɪ p	f l ɪ p t	f l ɪ p t	s l ɪ p	s l ɪ p t	s l ɪ p t	f l ɪ p t	1	1	reg_t	reg_t	reg_t
string	h iː l	h iː l d	h ɹ̩ l d	p iː l	p iː l d	p iː l d	h iː l d	0	1	reg_d	vowel_change_suffix	reg_d
string	s k r iː m	s k r iː m d	s k r iː m d	k r iː m	k r iː m d	k r iː m d	s k r iː m d	1	1	reg_d	reg_d	reg_d
string	h ʊ k	h ʊ k t	h ʊ k t	l ʊ k	l ʊ k t	l ʊ k t	h ʊ k t	1	1	reg_t	reg_t	reg_t
string	p ɪ t	p ɪ t ə d	p ɪ t ə d	p ʊ t	p ʊ t	p ʊ t	p ɪ t	0	0	reg_əd	reg_əd	no_change
string	t r ʌ b ə l	t r ʌ b ə l d	t r ʌ b ə l d	r ʌ f ə l	r ʌ f ə l d	r ʌ f ə l d	t r ʌ b ə l d	1	1	reg_d	reg_d	reg_d
string	ɪ m p r ə v a ɪ z	ɪ m p r ə v a ɪ z d	ɪ m p r o ʊ z d	s ɹ̩ p r a ɪ z	s ɹ̩ p r a ɪ z d	s ɹ̩ p r a ɪ z d	ɪ m p r ə v a ɪ z d	0	1	reg_d	other	reg_d
string	n e ɪ l	n e ɪ l d	n e ɪ l d	s e ɪ l	s e ɪ l d	s e ɪ l d	n e ɪ l d	1	1	reg_d	reg_d	reg_d
string	b a ɪ k	b a ɪ k t	b a ɪ k t	h a ɪ k	h a ɪ k t	h a ɪ k t	b a ɪ k t	1	1	reg_t	reg_t	reg_t
string	l ɑː k	l ɑː k t	l ɑː k t	b l ɑː k	b l ɑː k t	b l ɑː k t	l ɑː k t	1	1	reg_t	reg_t	reg_t
string	r ɛ s t	r ɛ s t ə d	r ɛ s t ə d	b ɛ s t	b ɛ s t ə d	b ɛ s t ə d	r ɛ s t ə d	1	1	reg_əd	reg_əd	reg_əd
string	b iː p	b iː p t	b iː p t	b iː t	b iː t	b iː t	b iː p	0	0	reg_t	reg_t	no_change
string	s ɪ p	s ɪ p t	s æ p t	d ɪ p	d ɪ p t	d ɪ p t	s ɪ p t	0	1	reg_t	vowel_change_suffix	reg_t
string	ɪ s k e ɪ p	ɪ s k e ɪ p t	ɪ s k e ɪ p t	s k e ɪ t	s k e ɪ t ə d	s k e ɪ t ə d	ɪ s k e ɪ p ə d	0	0	reg_t	reg_t	reg_əd
string	k ə n t r o ʊ l	k ə n t r o ʊ l d	k ə n t r o ʊ l d	s t r o ʊ k	s t r o ʊ k t	s t r o ʊ k t	k ə n t r o ʊ l t	0	0	reg_d	reg_d	reg_t
string	h ʌ d ə l	h ʌ d ə l d	h ʌ d ə l d	k ʌ d ə l	k ʌ d ə l d	k ʌ d ə l d	h ʌ d ə l d	1	1	reg_d	reg_d	reg_d
string	s w uː ʃ	s w uː ʃ t	s w uː ʃ t	s w ɪ ʃ	s w ɪ ʃ t	s w ɪ ʃ t	s w uː ʃ t	1	1	reg_t	reg_t	reg_t
string	f a ɪ n d	f a ʊ n d	f a ɪ n d ə d	m a ɪ n d	m a ɪ n d ə d	m a ɪ n d ə d	f a ɪ n d ə d	1	0	vowel_change	reg_əd	reg_əd
string	k ɔ ɪ l	k ɔ ɪ l d	k ɔ ɪ l d	k ɔ l	k ɔ l d	k ɔ l d	k ɔ ɪ l d	1	1	reg_d	reg_d	reg_d
string	r ə f ɹ̩	r ə f ɹ̩ d	r ə f ɹ̩ d	r uː f	r uː f t	r uː f t	r ə f ɹ̩ t	0	0	reg_d	reg_d	reg_t
string	ʃ e ɪ v	ʃ e ɪ v d	ʃ e ɪ v d	w e ɪ v	w e ɪ v d	w e ɪ v d	ʃ e ɪ v d	1	1	reg_d	reg_d	reg_d
string	d ɪ s k r a ɪ b	d ɪ s k r a ɪ b d	d ɪ s k r o ʊ b d	d ɪ s a ɪ d	d ɪ s a ɪ d ə d	d ɪ s a ɪ d ə d	d ɪ s k r a ɪ b ə d	0	0	reg_d	vowel_change_suffix	reg_əd
string	p r iː z ɛ n t	p r iː z ɛ n t ə d	p r iː z ɛ n t ə d	p r ɪ v ɛ n t	p r ɪ v ɛ n t ə d	p r ɪ v ɛ n t ə d	p r iː z ɛ n t ə d	1	1	reg_əd	reg_əd	reg_əd
string	ɪ ɡ z ɪ s t	ɪ ɡ z ɪ s t ə d	ɪ ɡ z ɪ s t ə d	ɪ n s ɪ s t	ɪ n s ɪ s t ə d	ɪ n s ɪ s t ə d	ɪ ɡ z ɪ s t ə d	1	1	reg_əd	reg_əd	reg_əd
string	b ɔ r	b ɔ r d	b ɔ r d	b ɔ l	b ɔ l d	b ɔ l d	b ɔ r d	1	1	reg_d	reg_d	reg_d
string	uː z	uː z d	uː z d	l uː z	l ɔ s t	l ɔ s t	ɔ s t	0	0	reg_d	reg_d	rhyme_replaced
string	r ɑː b	r ɑː b d	r ɑː b d	r ʌ b	r ʌ b d	r ʌ b d	r ɑː b d	1	1	reg_d	reg_d	reg_d
string	t r æ p	t r æ p t	t r æ p t	r æ p	r æ p t	r æ p t	t r æ p t	1	1	reg_t	reg_t	reg_t
string	b æ ʃ	b æ ʃ t	b æ ʃ t	m æ ʃ	m æ ʃ t	m æ ʃ t	b æ ʃ t	1	1	reg_t	reg_t	reg_t
string	æ k t	æ k t ə d	æ k t ə d	k æ s t	k æ s t	k æ s t	æ k t	0	0	reg_əd	reg_əd	no_change
string	s t o ʊ n	s t o ʊ n d	s t o ʊ n d	f o ʊ n	f o ʊ n d	f o ʊ n d	s t o ʊ n d	1	1	reg_d	reg_d	reg_d
string	f l ɪ ŋ	f l ʌ ŋ	f l ʌ ŋ	k l ɪ ŋ	k l ʌ ŋ	k l ʌ ŋ	f l ʌ ŋ	1	1	vowel_change	vowel_change	vowel_change
string	k w ɪ t	k w ɪ t	k w ɪ t	k w ɪ z	k w ɪ z d	k w ɪ z d	k w ɪ t d	0	0	no_change	no_change	reg_d
string	p r ə f ɹ̩	p r ə f ɹ̩ d	p r ə f ɹ̩ d	p r e ɪ z	p r e ɪ z d	p r e ɪ z d	p r ə f ɹ̩ d	1	1	reg_d	reg_d	reg_d
string	ə n l ɑː k	ə n l ɑː k t	ə n l ɑː k t	k l ɑː k	k l ɑː k t	k l ɑː k t	ə n l ɑː k t	1	1	reg_t	reg_t	reg_t
string	m æ n ə d͡ʒ	m æ n ə d͡ʒ d	m æ n ə d͡ʒ d	m æ n	m æ n d	m æ n d	m æ n ə d͡ʒ d	1	1	reg_d	reg_d	reg_d
string	s ɛ n t ɹ̩	s ɛ n t ɹ̩ d	s ɛ n t ɹ̩ d	ɛ n t ɹ̩	ɛ n t ɹ̩ d	ɛ n t ɹ̩ d	s ɛ n t ɹ̩ d	1	1	reg_d	reg_d	reg_d
string	s p ɑː t	s p ɑː t ə d	s p ɑː t ə d	s p ɪ t	s p æ t	s p æ t	NA	0	0	reg_əd	reg_əd	vowel_change
string	m o ʊ	m o ʊ d	m o ʊ d	o ʊ	o ʊ d	o ʊ d	m o ʊ d	1	1	reg_d	reg_d	reg_d
string	t æ t uː	t æ t uː d	t æ t uː d	t͡ʃ æ t	t͡ʃ æ t ə d	t͡ʃ æ t ə d	t æ t uː ə d	0	0	reg_d	reg_d	reg_əd
string	s a ɪ z	s a ɪ z d	s a ɪ z d	s a ɪ d	s a ɪ d ə d	s a ɪ d ə d	s a ɪ z ə d	0	0	reg_d	reg_d	reg_əd
string	p ɹ̩ f ɛ k t	p ɹ̩ f ɛ k t ə d	p ɹ̩ f ɛ k t ə d	k ɹ̩ ɛ k t	k ɹ̩ ɛ k t ə d	k ɹ̩ ɛ k t ə d	p ɹ̩ f ɛ k t ə d	1	1	reg_əd	reg_əd	reg_əd
string	t r e ɪ n	t r e ɪ n d	t r e ɪ n d	r e ɪ n	r e ɪ n d	r e ɪ n d	t r e ɪ n d	1	1	reg_d	reg_d	reg_d
string	p ʌ n ɪ ʃ	p ʌ n ɪ ʃ t	p ʌ n ɪ ʃ t	f ɪ n ɪ ʃ	f ɪ n ɪ ʃ t	f ɪ n ɪ ʃ t	p ʌ n ɪ ʃ t	1	1	reg_t	reg_t	reg_t
string	l uː s	l uː s t	l uː s t	l uː z	l ɔ s t	l ɔ s t	NA	0	0	reg_t	reg_t	rhyme_replaced
string	t ɑː p ə l	t ɑː p ə l d	t ɑː p ə l d	t ɑː p	t ɑː p t	t ɑː p t	t ɑː p ə l t	0	0	reg_d	reg_d	reg_t
string	s k r æ p	s k r æ p t	s k r æ p t	s k r æ t͡ʃ	s k r æ t͡ʃ t	s k r æ t͡ʃ t	s k r æ p t	1	1	reg_t	reg_t	reg_t
string	k r æ m	k r æ m d	k r æ m d	k r æ ʃ	k r æ ʃ t	k r æ ʃ t	k r æ m t	0	0	reg_d	reg_d	reg_t
string	p ɪ t͡ʃ	p ɪ t͡ʃ t	p ɪ t͡ʃ t	p ɪ n t͡ʃ	p ɪ n t͡ʃ t	p ɪ n t͡ʃ t	p ɪ t͡ʃ t	1	1	reg_t	reg_t	reg_t
string	s m æ ʃ	s m æ ʃ t	s m æ ʃ t	s m æ k	s m æ k t	s m æ k t	s m æ ʃ t	1	1	reg_t	reg_t	reg_t
string	f e ɪ l	f e ɪ l d	f e ɪ l d	f a ɪ l	f a ɪ l d	f a ɪ l d	f e ɪ l d	1	1	reg_d	reg_d	reg_d
string	b l o ʊ t	b l o ʊ t ə d	b l o ʊ t ə d	b l o ʊ	b l uː	b l uː	NA	0	0	reg_əd	reg_əd	vowel_change
string	s k w iː k	s k w iː k t	s k w iː k t	s k w iː z	s k w iː z d	s k w iː z d	s k w iː k d	0	0	reg_t	reg_t	reg_d
string	s k ɹ̩ t	s k ɹ̩ t ə d	s k ɹ̩ t ə d	s k w ɹ̩ t	s k w ɹ̩ t ə d	s k w ɹ̩ t ə d	s k ɹ̩ t ə d	1	1	reg_əd	reg_əd	reg_əd
string	b l ɪ ŋ k	b l ɪ ŋ k t	b l æ ŋ k	θ ɪ ŋ k	θ ɔ t	θ ɔ t	b l ɔ t	0	0	reg_t	vowel_change	rhyme_replaced
string	w æ ɡ	w æ ɡ d	w æ ɡ d	w æ k	w æ k t	w æ k t	w æ ɡ t	0	0	reg_d	reg_d	reg_t
string	h æ t͡ʃ	h æ t͡ʃ t	h æ t͡ʃ t	p æ t͡ʃ	p æ t͡ʃ t	p æ t͡ʃ t	h æ t͡ʃ t	1	1	reg_t	reg_t	reg_t
string	h a ʊ z	h a ʊ z d	h a ʊ z d	ʃ a ʊ ɹ̩	ʃ a ʊ ɹ̩ d	ʃ a ʊ ɹ̩ d	h a ʊ z d	1	1	reg_d	reg_d	reg_d
string	w ɑː f ə l	w ɑː f ə l d	w ɑː f ə l d	w ɑː b ə l	w ɑː b ə l d	w ɑː b ə l d	w ɑː f ə l d	1	1	reg_d	reg_d	reg_d
string	b ʌ t ə n	b ʌ t ə n d	b ʌ t ə n d	b ɑː t ə m	b ɑː t ə m d	b ɑː t ə m d	b ʌ t ə n d	1	1	reg_d	reg_d	reg_d
string	k ɹ̩ iː n	k ɹ̩ iː n d	k ɹ̩ iː n d	k l iː n	k l iː n d	k l iː n d	k ɹ̩ iː n d	1	1	reg_d	reg_d	reg_d
string	s t r ɪ p	s t r ɪ p t	s t r æ p t	t r ɪ p	t r ɪ p t	t r ɪ p t	s t r ɪ p t	0	1	reg_t	vowel_change_suffix	reg_t
string	p r a ɪ z	p r a ɪ z d	p r a ɪ z	ə r a ɪ z	ə r o ʊ z	ə r o ʊ z	p r o ʊ z	0	0	reg_d	no_change	vowel_change
string	k ə n f j uː z	k ə n f j uː z d	k ə n f j uː z d	k ə n uː	k ə n uː d	k ə n uː d	k ə n f j uː z d	1	1	reg_d	reg_d	reg_d
string	p l ʌ ɡ	p l ʌ ɡ d	p l ʌ ɡ d	s l ʌ ɡ	s l ʌ ɡ d	s l ʌ ɡ d	p l ʌ ɡ d	1	1	reg_d	reg_d	reg_d
string	k ɹ̩ s	k ɹ̩ s t	k ɹ̩ s t	k ɪ s	k ɪ s t	k ɪ s t	k ɹ̩ s t	1	1	reg_t	reg_t	reg_t
string	f e ɪ n t	f e ɪ n t ə d	f e ɪ n t ə d	p e ɪ n t	p e ɪ n t ə d	p e ɪ n t ə d	f e ɪ n t ə d	1	1	reg_əd	reg_əd	reg_əd
string	r iː p l e ɪ s	r iː p l e ɪ s t	r iː p l e ɪ s t	p l e ɪ s	p l e ɪ s t	p l e ɪ s t	r iː p l e ɪ s t	1	1	reg_t	reg_t	reg_t
string	ɡ ɑː r d	ɡ ɑː r d ə d	ɡ ɑː r d ə d	b ɑː r k	b ɑː r k t	b ɑː r k t	ɡ ɑː r d t	0	0	reg_əd	reg_əd	reg_t
string	ɡ l ʌ v	ɡ l ʌ v d	ɡ l ʌ v d	l ʌ v	l ʌ v d	l ʌ v d	ɡ l ʌ v d	1	1	reg_d	reg_d	reg_d
string	s ɔ l t	s ɔ l t ə d	s ɔ l t ə d	s ɔ r t	s ɔ r t ə d	s ɔ r t ə d	s ɔ l t ə d	1	1	reg_əd	reg_əd	reg_əd
string	s t ɛ r	s t ɛ r d	s t ɛ r d	s t ɛ p	s t ɛ p t	s t ɛ p t	s t ɛ r t	0	0	reg_d	reg_d	reg_t
string	k ə m b a ɪ n	k ə m b a ɪ n d	k ə m b a ɪ n d	k ə m p l e ɪ n	k ə m p l e ɪ n d	k ə m p l e ɪ n d	k ə m b a ɪ n d	1	1	reg_d	reg_d	reg_d
string	f r ʌ n t	f r ʌ n t ə d	f r ʌ n t ə d	h ʌ n t	h ʌ n t ə d	h ʌ n t ə d	f r ʌ n t ə d	1	1	reg_əd	reg_əd	reg_əd
string	ɡ ɑː r b ə l	ɡ ɑː r b ə l d	ɡ ɑː r b ə l d	ɡ ɑː b ə l	ɡ ɑː b ə l d	ɡ ɑː b ə l d	ɡ ɑː r b ə l d	1	1	reg_d	reg_d	reg_d
string	p æ m p ɹ̩	p æ m p ɹ̩ d	p æ m p ɹ̩ d	h æ m ɹ̩	h æ m ɹ̩ d	h æ m ɹ̩ d	p æ m p ɹ̩ d	1	1	reg_d	reg_d	reg_d
string	f iː r	f iː r d	f ɛ r d	f iː d	f ɛ d	f ɛ d	NA	0	0	reg_d	vowel_change_suffix	vowel_change
string	ʃ ʌ v ə l	ʃ ʌ v ə l d	ʃ ʌ v ə l d	ʃ ʌ f ə l	ʃ ʌ f ə l d	ʃ ʌ f ə l d	ʃ ʌ v ə l d	1	1	reg_d	reg_d	reg_d
string	s k ɛ d͡ʒ ʊ l	s k ɛ d͡ʒ ʊ l d	s k ɛ d͡ʒ ɛ l d	s k uː l	s k uː l d	s k uː l d	s k ɛ d͡ʒ ʊ l d	0	1	reg_d	vowel_change_suffix	reg_d
string	f l ʌ t ɹ̩	f l ʌ t ɹ̩ d	f l ʌ t ɹ̩ d	k l ʌ t ɹ̩	k l ʌ t ɹ̩ d	k l ʌ t ɹ̩ d	f l ʌ t ɹ̩ d	1	1	reg_d	reg_d	reg_d
string	s p ɑː r k ə l	s p ɑː r k ə l d	s p ɑː r k ə l d	s p ɑː r k	s p ɑː r k t	s p ɑː r k t	s p ɑː r k ə l t	0	0	reg_d	reg_d	reg_t
string	r ɪ s p ɑː n d	r ɪ s p ɑː n d ə d	r ɪ s p ɑː n d ə d	s ə s p ɛ n d	s ə s p ɛ n d ə d	s ə s p ɛ n d ə d	r ɪ s p ɑː n d ə d	1	1	reg_əd	reg_əd	reg_əd
string	t æ t ɹ̩	t æ t ɹ̩ d	t æ t ɹ̩ d	t iː t ɹ̩	t iː t ɹ̩ d	t iː t ɹ̩ d	t æ t ɹ̩ d	1	1	reg_d	reg_d	reg_d
string	p ɑː k ə t	p ɑː k ə t ə d	p ɑː k ə t ə d	r ɑː k ə t	r ɑː k ə t ə d	r ɑː k ə t ə d	p ɑː k ə t ə d	1	1	reg_əd	reg_əd	reg_əd
string	d͡ʒ æ ŋ ɡ ə l	d͡ʒ æ ŋ ɡ ə l d	d͡ʒ æ ŋ ɡ ə l d	d æ ŋ ɡ ə l	d æ ŋ ɡ ə l d	d æ ŋ ɡ ə l d	d͡ʒ æ ŋ ɡ ə l d	1	1	reg_d	reg_d	reg_d
string	p iː p	p iː p t	p iː p t	k iː p	k ɛ p t	k ɛ p t	p ɛ p t	0	0	reg_t	reg_t	vowel_change_suffix
string	æ k s ɛ s ɹ̩ a ɪ z	æ k s ɛ s ɹ̩ a ɪ z d	æ s ɛ s ɛ s a ɪ z d	ɛ k s ɹ̩ s a ɪ z	ɛ k s ɹ̩ s a ɪ z d	ɛ k s ɹ̩ s a ɪ z d	æ k s ɛ s ɹ̩ a ɪ z d	0	1	reg_d	other	reg_d
string	r ɛ d͡ʒ ɪ s t ɹ̩	r ɛ d͡ʒ ɪ s t ɹ̩ d	r ɛ d͡ʒ ɪ s t ɹ̩ d	ə r ɛ s t	ə r ɛ s t ə d	ə r ɛ s t ə d	r ɛ d͡ʒ ɪ s t ɹ̩ ə d	0	0	reg_d	reg_d	reg_əd
string	ɡ l o ʊ	ɡ l o ʊ d	ɡ l uː	ɡ o ʊ	ɡ o ʊ d	w ɛ n t	ɡ l o ʊ d	0	1	reg_d	vowel_change	reg_d
string	k ɑː m ɛ n t	k ɑː m ɛ n t ə d	k ɑː m ɛ n t ə d	k ɑː m	k ɑː m d	k ɑː m d	k ɑː m ɛ n t d	0	0	reg_əd	reg_əd	reg_d
string	r ə f j uː z	r ə f j uː z d	r ə f j uː z d	j uː z	j uː z d	j uː z d	r ə f j uː z d	1	1	reg_d	reg_d	reg_d
string	w ɛ d	w ɛ d	w ɛ d ə d	l ɛ d	l ɛ d ə d	l ɛ d ə d	w ɛ d ə d	1	0	no_change	reg_əd	reg_əd
string	d a ʊ n	d a ʊ n d	d a ʊ n d	d r a ʊ n	d r a ʊ n d	d r a ʊ n d	d a ʊ n d	1	1	reg_d	reg_d	reg_d
string	t͡ʃ ɪ p	t͡ʃ ɪ p t	t͡ʃ ɪ p t	ʃ ɪ p	ʃ ɪ p t	ʃ ɪ p t	t͡ʃ ɪ p t	1	1	reg_t	reg_t	reg_t
string	d ɹ̩ ɛ k t	d ɹ̩ ɛ k t ə d	d ɹ̩ ɛ k t ə d	k ɹ̩ ɛ k t	k ɹ̩ ɛ k t ə d	k ɹ̩ ɛ k t ə d	d ɹ̩ ɛ k t ə d	1	1	reg_əd	reg_əd	reg_əd
string	d ɪ f ɛ n d	d ɪ f ɛ n d ə d	d ɪ f ɛ n d ə d	d ɪ p ɛ n d	d ɪ p ɛ n d ə d	d ɪ p ɛ n d ə d	d ɪ f ɛ n d ə d	1	1	reg_əd	reg_əd	reg_əd
string	p a ʊ n d	p a ʊ n d ə d	p a ʊ n d ə d	s a ʊ n d	s a ʊ n d ə d	s a ʊ n d ə d	p a ʊ n d ə d	1	1	reg_əd	reg_əd	reg_əd
string	d r e ɪ p	d r e ɪ p t	d r e ɪ p t	d r ɪ p	d r ɪ p t	d r ɪ p t	d r e ɪ p t	1	1	reg_t	reg_t	reg_t
string	k ə n t e ɪ n	k ə n t e ɪ n d	k ə n t e ɪ n d	k ə n t ɪ n j uː	k ə n t ɪ n j uː d	k ə n t ɪ n j uː d	k ə n t e ɪ n d	1	1	reg_d	reg_d	reg_d
string	s iː z ə n	s iː z ə n d	s iː z ə n d	s w iː t ə n	s w iː t ə n d	s w iː t ə n d	s iː z ə n d	1	1	reg_d	reg_d	reg_d
string	k r a ʊ t͡ʃ	k r a ʊ t͡ʃ t	k r a ʊ t͡ʃ t	k r a ʊ d	k r a ʊ d ə d	k r a ʊ d ə d	k r a ʊ t͡ʃ ə d	0	0	reg_t	reg_t	reg_əd
string	h ɪ p n ə t a ɪ z	h ɪ p n ə t a ɪ z d	h ɪ t ə t ə d	s ɪ m b ə l a ɪ z	s ɪ m b ə l a ɪ z d	s ɪ m b ə l a ɪ z d	h ɪ p n ə t a ɪ z d	0	1	reg_d	other	reg_d
string	k ə n d ɛ n s	k ə n d ɛ n s t	k ə n d ɛ n s t	k ə n v ɪ n s	k ə n v ɪ n s t	k ə n v ɪ n s t	k ə n d ɛ n s t	1	1	reg_t	reg_t	reg_t
string	k r æ ŋ k	k r æ ŋ k t	k r æ ŋ k	k r æ ʃ	k r æ ʃ t	k r æ ʃ t	k r æ ŋ k t	0	1	reg_t	no_change	reg_t
string	k l a ʊ d	k l a ʊ d ə d	k l a ʊ d ə d	k r a ʊ d	k r a ʊ d ə d	k r a ʊ d ə d	k l a ʊ d ə d	1	1	reg_əd	reg_əd	reg_əd
string	r e ɪ d	r e ɪ d ə d	r e ɪ d ə d	r e ɪ	r e ɪ d	r e ɪ d	r e ɪ d d	0	0	reg_əd	reg_əd	reg_d
string	f ɪ l t ɹ̩	f ɪ l t ɹ̩ d	f ɪ l t ɹ̩ d	w ɪ n t ɹ̩	w ɪ n t ɹ̩ d	w ɪ n t ɹ̩ d	f ɪ l t ɹ̩ d	1	1	reg_d	reg_d	reg_d
string	t æ ŋ ɡ ə l	t æ ŋ ɡ ə l d	t æ ŋ ɡ ə l d	d æ ŋ ɡ ə l	d æ ŋ ɡ ə l d	d æ ŋ ɡ ə l d	t æ ŋ ɡ ə l d	1	1	reg_d	reg_d	reg_d
string	p l æ s t ɹ̩	p l æ s t ɹ̩ d	p l æ s t ɹ̩ d	p l æ n t	p l æ n t ə d	p l æ n t ə d	p l æ s t ɹ̩ ə d	0	0	reg_d	reg_d	reg_əd
string	ʃ e ɪ d	ʃ e ɪ d ə d	ʃ e ɪ d ə d	ʃ e ɪ p	ʃ e ɪ p t	ʃ e ɪ p t	ʃ e ɪ d t	0	0	reg_əd	reg_əd	reg_t
string	t r ʌ s t	t r ʌ s t ə d	t r ʌ s t ə d	ə d͡ʒ ʌ s t	ə d͡ʒ ʌ s t ə d	ə d͡ʒ ʌ s t ə d	t r ʌ s t ə d	1	1	reg_əd	reg_əd	reg_əd
string	s æ n d	s æ n d ə d	s æ n t ə d	l æ n d	l æ n d ə d	l æ n d ə d	s æ n d ə d	0	1	reg_əd	other	reg_əd
string	d ɪ z ɑː l v	d ɪ z ɑː l v d	d ɪ z ɑː l v d	d ɪ z ɹ̩ v	d ɪ z ɹ̩ v d	d ɪ z ɹ̩ v d	d ɪ z ɑː l v d	1	1	reg_d	reg_d	reg_d
string	r æ k	r æ k t	r æ k t	b æ k	b æ k t	b æ k t	r æ k t	1	1	reg_t	reg_t	reg_t
string	ʃ ɛ l	ʃ ɛ l d	ʃ ɛ l d	t ɛ l	t o ʊ l d	t o ʊ l d	ʃ o ʊ l d	0	0	reg_d	reg_d	vowel_change_suffix
string	s w ɑː p	s w ɑː p t	s w ɑː p t	s w ɑː t	s w ɑː t ə d	s w ɑː t ə d	s w ɑː p ə d	0	0	reg_t	reg_t	reg_əd
string	r iː l iː s	r iː l iː s t	r iː l iː s t	b l iː t͡ʃ	b l iː t͡ʃ t	b l iː t͡ʃ t	r iː l iː s t	1	1	reg_t	reg_t	reg_t
string	r e ɪ k	r e ɪ k t	r e ɪ k t	r e ɪ n	r e ɪ n d	r e ɪ n d	r e ɪ k d	0	0	reg_t	reg_t	reg_d
string	k æ n s ə l	k æ n s ə l d	k æ n s ə l d	t͡ʃ æ n ə l	t͡ʃ æ n ə l d	t͡ʃ æ n ə l d	k æ n s ə l d	1	1	reg_d	reg_d	reg_d
string	s p a ɪ	s p a ɪ d	s p a ɪ d	s p a ɪ k	s p a ɪ k t	s p a ɪ k t	s p a ɪ t	0	0	reg_d	reg_d	reg_t
string	f j uː m	f j uː m d	f j uː m d	j uː z	j uː z d	j uː z d	f j uː m d	1	1	reg_d	reg_d	reg_d
string	p r iː p ɛ r	p r iː p ɛ r d	p r iː p ɛ r d	p r iː t ɛ n d	p r iː t ɛ n d ə d	p r iː t ɛ n d ə d	p r iː p ɛ r ə d	0	0	reg_d	reg_d	reg_əd
string	d ɪ s p o ʊ z	d ɪ s p o ʊ z d	d ɪ s p o ʊ z d	d ɪ s p j uː t	d ɪ s p j uː t ə d	d ɪ s p j uː t ə d	d ɪ s p o ʊ z ə d	0	0	reg_d	reg_d	reg_əd
string	k ə n d ʌ k t	k ə n d ʌ k t ə d	k ə n d ʌ k t ə d	k ə n ɛ k t	k ə n ɛ k t ə d	k ə n ɛ k t ə d	k ə n d ʌ k t ə d	1	1	reg_əd	reg_əd	reg_əd
string	s t ɪ ŋ k	s t ʌ ŋ k	s t ʌ ŋ k t	s ɪ ŋ k	s æ ŋ k	s æ ŋ k	s t æ ŋ k	0	0	vowel_change	vowel_change_suffix	vowel_change
string	d r e ɪ n	d r e ɪ n d	d r e ɪ n d	r e ɪ n	r e ɪ n d	r e ɪ n d	d r e ɪ n d	1	1	reg_d	reg_d	reg_d
string	ə n p l ʌ ɡ	ə n p l ʌ ɡ d	ə n p l ʌ ɡ d	ə p l a ɪ	ə p l a ɪ d	ə p l a ɪ d	ə n p l ʌ ɡ d	1	1	reg_d	reg_d	reg_d
string	h æ l o ʊ	h æ l o ʊ d	h æ l o ʊ d	b l o ʊ	b l uː	b l uː	h æ l uː	0	0	reg_d	reg_d	vowel_change
string	ɪ n t ɹ̩ æ k t	ɪ n t ɹ̩ æ k t ə d	ɪ n t ɹ̩ æ k t ə d	ɪ n t ɹ̩ d͡ʒ ɛ k t	ɪ n t ɹ̩ d͡ʒ ɛ k t ə d	ɪ n t ɹ̩ d͡ʒ ɛ k t ə d	ɪ n t ɹ̩ æ k t ə d	1	1	reg_əd	reg_əd	reg_əd
string	ə b s ɛ s	ə b s ɛ s t	ə b b ɛ s t	b l ɛ s	b l ɛ s t	b l ɛ s t	ə b s ɛ s t	0	1	reg_t	other	reg_t
string	s n æ t͡ʃ	s n æ t͡ʃ t	s n æ t͡ʃ t	s n æ p	s n æ p t	s n æ p t	s n æ t͡ʃ t	1	1	reg_t	reg_t	reg_t
string	t æ p	t æ p t	t æ p t	r æ p	r æ p t	r æ p t	t æ p t	1	1	reg_t	reg_t	reg_t
string	t r æ ʃ	t r æ ʃ t	t r æ ʃ t	k r æ ʃ	k r æ ʃ t	k r æ ʃ t	t r æ ʃ t	1	1	reg_t	reg_t	reg_t
string	ʃ ɪ v ɹ̩	ʃ ɪ v ɹ̩ d	ʃ ɪ v ɹ̩ d	k ʌ v ɹ̩	k ʌ v ɹ̩ d	k ʌ v ɹ̩ d	ʃ ɪ v ɹ̩ d	1	1	reg_d	reg_d	reg_d
string	r iː f ɪ l	r iː f ɪ l d	r iː f ɪ l d	r ʌ f ə l	r ʌ f ə l d	r ʌ f ə l d	r iː f ɪ l d	1	1	reg_d	reg_d	reg_d
string	d ʌ b	d ʌ b d	d ʌ b d	r ʌ b	r ʌ b d	r ʌ b d	d ʌ b d	1	1	reg_d	reg_d	reg_d
string	r ɪ p ɛ r	r ɪ p ɛ r d	r ɪ p ɛ r d	r ɪ p	r ɪ p t	r ɪ p t	r ɪ p ɛ r t	0	0	reg_d	reg_d	reg_t
string	s t e ɪ k	s t e ɪ k t	s t e ɪ k t	s t e ɪ	s t e ɪ d	s t e ɪ d	s t e ɪ k d	0	0	reg_t	reg_t	reg_d
string	ɛ r	ɛ r d	ɛ r d	ʃ ɛ r	ʃ ɛ r d	ʃ ɛ r d	ɛ r d	1	1	reg_d	reg_d	reg_d
string	t r ʌ m p ə t	t r ʌ m p ə t ə d	t r ʌ m p ə t ə d	k r ʌ m p ə l	k r ʌ m p ə l d	k r ʌ m p ə l d	t r ʌ m p ə t d	0	0	reg_əd	reg_əd	reg_d
string	k l ɑː ɡ	k l ɑː ɡ d	k l ɑː ɡ d	k l ɑː k	k l ɑː k t	k l ɑː k t	k l ɑː ɡ t	0	0	reg_d	reg_d	reg_t
string	p a ʊ ɹ̩	p a ʊ ɹ̩ d	p a ʊ ɹ̩ d	ʃ a ʊ ɹ̩	ʃ a ʊ ɹ̩ d	ʃ a ʊ ɹ̩ d	p a ʊ ɹ̩ d	1	1	reg_d	reg_d	reg_d
string	ɪ ɡ z ɪ b ɪ t	ɪ ɡ z ɪ b ɪ t ə d	ɪ ɡ z ɪ b ɪ t ə d	ɛ ɡ z ɪ t	ɛ ɡ z ɪ t ə d	ɛ ɡ z ɪ t ə d	ɪ ɡ z ɪ b ɪ t ə d	1	1	reg_əd	reg_əd	reg_əd
string	e ɪ d͡ʒ	e ɪ d͡ʒ d	e ɪ d͡ʒ d	p e ɪ d͡ʒ	p e ɪ d͡ʒ d	p e ɪ d͡ʒ d	e ɪ d͡ʒ d	1	1	reg_d	reg_d	reg_d
string	t e ɪ b ə l	t e ɪ b ə l d	t e ɪ b ə l d	l e ɪ b ə l	l e ɪ b ə l d	l e ɪ b ə l d	t e ɪ b ə l d	1	1	reg_d	reg_d	reg_d
string	r ɪ s p ɛ k t	r ɪ s p ɛ k t ə d	r ɪ s p ɛ k t ə d	ɪ k s p ɛ k t	ɪ k s p ɛ k t ə d	ɪ k s p ɛ k t ə d	r ɪ s p ɛ k t ə d	1	1	reg_əd	reg_əd	reg_əd
string	m æ k s	m æ k s t	m æ k s t	m ɪ k s	m ɪ k s t	m ɪ k s t	m æ k s t	1	1	reg_t	reg_t	reg_t
string	ɛ n æ k t	ɛ n æ k t ə d	ɛ n æ k t ə d	s n æ k	s n æ k t	s n æ k t	ɛ n æ k t t	0	0	reg_əd	reg_əd	reg_t
string	m ɑː d ə f a ɪ	m ɑː d ə f a ɪ d	m ɑː d ə f a ɪ d	k l æ s ə f a ɪ	k l æ s ə f a ɪ d	k l æ s ə f a ɪ d	m ɑː d ə f a ɪ d	1	1	reg_d	reg_d	reg_d
string	f iː t͡ʃ ɹ̩	f iː t͡ʃ ɹ̩ d	f iː t͡ʃ ɹ̩ d	f ɛ ð ɹ̩	f ɛ ð ɹ̩ d	f ɛ ð ɹ̩ d	f iː t͡ʃ ɹ̩ d	1	1	reg_d	reg_d	reg_d
string	w e ɪ l	w e ɪ l d	w e ɪ l d	w e ɪ	w e ɪ d	w e ɪ d	w e ɪ l d	1	1	reg_d	reg_d	reg_d
string	p ɹ̩ s	p ɹ̩ s t	p ɹ̩ s t	p æ s	p æ s t	p æ s t	p ɹ̩ s t	1	1	reg_t	reg_t	reg_t
final	s m a ɪ l	s m a ɪ l d	s m a ɪ l d	r æ t ə l	r æ t ə l d	r æ t ə l d	s m a ɪ l d	1	1	reg_d	reg_d	reg_d
final	r iː d	r ɛ d	r iː d ə d	d ɪ s a ɪ d	d ɪ s a ɪ d ə d	d ɪ s a ɪ d ə d	r iː d ə d	1	0	vowel_change	reg_əd	reg_əd
final	l a ɪ k	l a ɪ k t	l a ɪ k t	t ɔ k	t ɔ k t	t ɔ k t	l a ɪ k t	1	1	reg_t	reg_t	reg_t
final	ʃ o ʊ	ʃ o ʊ d	ʃ o ʊ d	f ɑː l o ʊ	f ɑː l o ʊ d	f ɑː l o ʊ d	ʃ o ʊ d	1	1	reg_d	reg_d	reg_d
final	b a ɪ t	b ɪ t	b a ɪ t ə d	ɪ n s ɪ s t	ɪ n s ɪ s t ə d	ɪ n s ɪ s t ə d	b a ɪ t ə d	1	0	vowel_change	reg_əd	reg_əd
final	f l a ɪ	f l uː	f l a ɪ d	p e ɪ	p e ɪ d	p e ɪ d	f l a ɪ d	1	0	vowel_change	reg_d	reg_d
final	h o ʊ p	h o ʊ p t	h o ʊ p t	z ɪ p	z ɪ p t	z ɪ p t	h o ʊ p t	1	1	reg_t	reg_t	reg_t
final	o ʊ p ə n	o ʊ p ə n d	o ʊ p ə n d	l ɹ̩ n	l ɹ̩ n d	l ɹ̩ n d	o ʊ p ə n d	1	1	reg_d	reg_d	reg_d
final	r ʌ n	r æ n	r ʌ n d	r e ɪ n	r e ɪ n d	r e ɪ n d	r ʌ n d	1	0	vowel_change	reg_d	reg_d
final	t ɔ ɪ	t ɔ ɪ d	t ɔ t	l a ɪ	l e ɪ	l e ɪ	NA	0	0	reg_d	vowel_change_suffix	vowel_change
final	p l e ɪ	p l e ɪ d	p l e ɪ d	w e ɪ	w e ɪ d	w e ɪ d	p l e ɪ d	1	1	reg_d	reg_d	reg_d
final	w ɑː t͡ʃ	w ɑː t͡ʃ t	w ɑː t͡ʃ t	m ɑː r t͡ʃ	m ɑː r t͡ʃ t	m ɑː r t͡ʃ t	w ɑː t͡ʃ t	1	1	reg_t	reg_t	reg_t
final	r iː t͡ʃ	r iː t͡ʃ t	r iː t͡ʃ t	s k r æ t͡ʃ	s k r æ t͡ʃ t	s k r æ t͡ʃ t	r iː t͡ʃ t	1	1	reg_t	reg_t	reg_t
final	æ s k	æ s k t	æ s k t	s p æ ŋ k	s p æ ŋ k t	s p æ ŋ k t	æ s k t	1	1	reg_t	reg_t	reg_t
final	s m ɛ l	s m ɛ l d	s m ɛ l d	r ɪ k ɔ l	r ɪ k ɔ l d	r ɪ k ɔ l d	s m ɛ l d	1	1	reg_d	reg_d	reg_d
final	h æ ŋ	h ʌ ŋ	h æ ŋ d	p ɪ ŋ	p ɪ ŋ d	p ɪ ŋ d	h æ ŋ d	1	0	vowel_change	reg_d	reg_d
final	r a ɪ d	r o ʊ d	r o ʊ d ə d	w a ɪ n d	w a ɪ n d ə d	w a ɪ n d ə d	r a ɪ d ə d	0	0	vowel_change	other	reg_əd
final	s p ɪ l	s p ɪ l d	s p æ l d	m ɑː r b ə l	m ɑː r b ə l d	m ɑː r b ə l d	s p ɪ l d	0	1	reg_d	vowel_change_suffix	reg_d
final	p ɔ r	p ɔ r d	p ɔ r d	m ɑː r	m ɑː r d	m ɑː r d	p ɔ r d	1	1	reg_d	reg_d	reg_d
final	b a ʊ	b a ʊ d	b ɔ t	ɡ r o ʊ	ɡ r uː	ɡ r uː	NA	0	0	reg_d	vowel_change_suffix	vowel_change
final	t ʌ t͡ʃ	t ʌ t͡ʃ t	t ʌ t͡ʃ t	b iː t͡ʃ	b iː t͡ʃ t	b iː t͡ʃ t	t ʌ t͡ʃ t	1	1	reg_t	reg_t	reg_t
final	k ɑː z	k ɑː z d	k ɑː z d	l uː z	l ɔ s t	l ɔ s t	NA	0	0	reg_d	reg_d	rhyme_replaced
final	s t r a ɪ k	s t r ʌ k	s t r a ɪ k t	d r ɪ ŋ k	d r æ ŋ k	d r æ ŋ k	NA	0	0	vowel_change	reg_t	vowel_change
final	h ɹ̩ t	h ɹ̩ t	h ɹ̩ t	t w ɪ s t	t w ɪ s t ə d	t w ɪ s t ə d	h ɹ̩ t ə d	0	0	no_change	no_change	reg_əd
final	h iː t	h iː t ə d	h ɹ̩ t	m ɑː r k ə t	m ɑː r k ə t ə d	m ɑː r k ə t ə d	h iː t ə d	0	1	reg_əd	vowel_change	reg_əd
final	f l a ʊ ɹ̩	f l a ʊ ɹ̩ d	f l a ʊ ɹ̩ d	p ɪ k t͡ʃ ɹ̩	p ɪ k t͡ʃ ɹ̩ d	p ɪ k t͡ʃ ɹ̩ d	f l a ʊ ɹ̩ d	1	1	reg_d	reg_d	reg_d
final	k l o ʊ z	k l o ʊ z d	k l o ʊ z d	ɪ k s k j uː z	ɪ k s k j uː z d	ɪ k s k j uː z d	k l o ʊ z d	1	1	reg_d	reg_d	reg_d
final	m a ɪ n	m a ɪ n d	m a ɪ n d	o ʊ n	o ʊ n d	o ʊ n d	m a ɪ n d	1	1	reg_d	reg_d	reg_d
final	v ɪ z ɪ t	v ɪ z ɪ t ə d	v ɪ z ɪ t ə d	p r ɪ d ɪ k t	p r ɪ d ɪ k t ə d	p r ɪ d ɪ k t ə d	v ɪ z ɪ t ə d	1	1	reg_əd	reg_əd	reg_əd
final	t e ɪ s t	t e ɪ s t ə d	t e ɪ s t ə d	n o ʊ t	n o ʊ t ə d	n o ʊ t ə d	t e ɪ s t ə d	1	1	reg_əd	reg_əd	reg_əd
final	b ʌ t ɹ̩	b ʌ t ɹ̩ d	b ʌ t ɹ̩ d	m ɛ ʒ ɹ̩	m ɛ ʒ ɹ̩ d	m ɛ ʒ ɹ̩ d	b ʌ t ɹ̩ d	1	1	reg_d	reg_d	reg_d
final	m e ɪ l	m e ɪ l d	m e ɪ l d	ʃ r ɪ v ə l	ʃ r ɪ v ə l d	ʃ r ɪ v ə l d	m e ɪ l d	1	1	reg_d	reg_d	reg_d
final	d ɪ ŋ	d ɪ ŋ d	d ʌ ŋ	s t ɪ ŋ	s t ʌ ŋ	s t ʌ ŋ	d ʌ ŋ	1	0	reg_d	vowel_change	vowel_change
final	s t ɑː p	s t ɑː p t	s t ɑː p t	t ɑː p	t ɑː p t	t ɑː p t	s t ɑː p t	1	1	reg_t	reg_t	reg_t
final	ɪ k s a ɪ t	ɪ k s a ɪ t ə d	ɪ k s a ɪ t ə d	n ə ɡ o ʊ ʃ iː e ɪ t	n ə ɡ o ʊ ʃ iː e ɪ t ə d	n ə ɡ o ʊ ʃ iː e ɪ t ə d	ɪ k s a ɪ t ə d	1	1	reg_əd	reg_əd	reg_əd
final	f r a ɪ	f r a ɪ d	f r a ɪ d	s p r e ɪ	s p r e ɪ d	s p r e ɪ d	f r a ɪ d	1	1	reg_d	reg_d	reg_d
final	s p iː k	s p o ʊ k	s p iː k t	s ʌ k	s ʌ k t	s ʌ k t	s p iː k t	1	0	vowel_change	reg_t	reg_t
final	s k r æ m b ə l	s k r æ m b ə l d	s k r æ m b ə l d	k ɪ l	k ɪ l d	k ɪ l d	s k r æ m b ə l d	1	1	reg_d	reg_d	reg_d
final	t͡ʃ ɛ k	t͡ʃ ɛ k t	t͡ʃ ɛ k t	s ʌ k	s ʌ k t	s ʌ k t	t͡ʃ ɛ k t	1	1	reg_t	reg_t	reg_t
final	n ʌ m b ɹ̩	n ʌ m b ɹ̩ d	n ʌ m b ɹ̩ d	s k a ʊ ɹ̩	s k a ʊ ɹ̩ d	s k a ʊ ɹ̩ d	n ʌ m b ɹ̩ d	1	1	reg_d	reg_d	reg_d
final	b ɛ n d	b ɛ n d ə d	b ɛ n t	b l iː d	b l ɛ d	b l ɛ d	NA	0	0	reg_əd	coda_change	vowel_change
final	t ɔ s	t ɔ s t	t ɔ s t	b æ l ə n s	b æ l ə n s t	b æ l ə n s t	t ɔ s t	1	1	reg_t	reg_t	reg_t
final	w ɪ s p ɹ̩	w ɪ s p ɹ̩ d	w ɪ s p ɹ̩ d	l e ɪ ɹ̩	l e ɪ ɹ̩ d	l e ɪ ɹ̩ d	w ɪ s p ɹ̩ d	1	1	reg_d	reg_d	reg_d
final	a ɪ	a ɪ d	a ɪ	r e ɪ	r e ɪ d	r e ɪ d	a ɪ d	0	1	reg_d	no_change	reg_d
final	p ɑː p	p ɑː p t	p ɑː p t	s k uː p	s k uː p t	s k uː p t	p ɑː p t	1	1	reg_t	reg_t	reg_t
final	ɪ ɡ z ɔ s t	ɪ ɡ z ɔ s t ə d	ɪ ɡ z ɔ s t ə d	p r ɪ n t	p r ɪ n t ə d	p r ɪ n t ə d	ɪ ɡ z ɔ s t ə d	1	1	reg_əd	reg_əd	reg_əd
final	b ɪ l d	b ɪ l t	b ɪ l d ə d	n iː d	n iː d ə d	n iː d ə d	b ɪ l d ə d	1	0	coda_change	reg_əd	reg_əd
final	w ʌ n d ɹ̩	w ʌ n d ɹ̩ d	w ʌ n d ɹ̩ d	d ɑː k t ɹ̩	d ɑː k t ɹ̩ d	d ɑː k t ɹ̩ d	w ʌ n d ɹ̩ d	1	1	reg_d	reg_d	reg_d
final	k r æ k	k r æ k t	k r æ k t	s m o ʊ k	s m o ʊ k t	s m o ʊ k t	k r æ k t	1	1	reg_t	reg_t	reg_t
final	n ɪ b ə l	n ɪ b ə l d	n ɪ b ə l d	f a ɪ l	f a ɪ l d	f a ɪ l d	n ɪ b ə l d	1	1	reg_d	reg_d	reg_d
final	d ɪ l ɪ v ɹ̩	d ɪ l ɪ v ɹ̩ d	d ɪ l ɪ v ɹ̩ d	p iː t ɹ̩	p iː t ɹ̩ d	p iː t ɹ̩ d	d ɪ l ɪ v ɹ̩ d	1	1	reg_d	reg_d	reg_d
final	s k ɛ r	s k ɛ r d	s k ɛ r d	ɡ l ɛ r	ɡ l ɛ r d	ɡ l ɛ r d	s k ɛ r d	1	1	reg_d	reg_d	reg_d
final	ɔ f ɹ̩	ɔ f ɹ̩ d	ɔ f ɹ̩ d	f ɪ ŋ ɡ ɹ̩	f ɪ ŋ ɡ ɹ̩ d	f ɪ ŋ ɡ ɹ̩ d	ɔ f ɹ̩ d	1	1	reg_d	reg_d	reg_d
final	f l ɑː p	f l ɑː p t	f l ɑː p t	l iː p	l ɛ p t	l ɛ p t	NA	0	0	reg_t	reg_t	vowel_change_suffix
final	ə p o ʊ z	ə p o ʊ z d	ə p o ʊ z d	ə p ɑː l ə d͡ʒ a ɪ z	ə p ɑː l ə d͡ʒ a ɪ z d	ə p ɑː l ə d͡ʒ a ɪ z d	ə p o ʊ z d	1	1	reg_d	reg_d	reg_d
final	k ʌ l ɹ̩	k ʌ l ɹ̩ d	k ʌ l ɹ̩ d	d ɑː k t ɹ̩	d ɑː k t ɹ̩ d	d ɑː k t ɹ̩ d	k ʌ l ɹ̩ d	1	1	reg_d	reg_d	reg_d
final	k æ m p	k æ m p t	k æ m p t	l iː p	l ɛ p t	l ɛ p t	NA	0	0	reg_t	reg_t	vowel_change_suffix
final	s ɛ l	s o ʊ l d	s ɛ l d	f uː l	f uː l d	f uː l d	s ɛ l d	1	0	vowel_change_suffix	reg_d	reg_d
final	f l æ p	f l æ p t	f l æ p t	d r ɪ p	d r ɪ p t	d r ɪ p t	f l æ p t	1	1	reg_t	reg_t	reg_t
final	p r ɛ s	p r ɛ s t	p r ɛ s t	s p e ɪ s	s p e ɪ s t	s p e ɪ s t	p r ɛ s t	1	1	reg_t	reg_t	reg_t
final	f ɪ l	f ɪ l d	f ɪ l d	b æ b ə l	b æ b ə l d	b æ b ə l d	f ɪ l d	1	1	reg_d	reg_d	reg_d
final	b r æ n t͡ʃ	b r æ n t͡ʃ t	b r æ n t͡ʃ t	b iː t͡ʃ	b iː t͡ʃ t	b iː t͡ʃ t	b r æ n t͡ʃ t	1	1	reg_t	reg_t	reg_t
final	t a ɪ t ə n	t a ɪ t ə n d	t a ɪ t ə n d	w ɪ n	w ʌ n	w ʌ n	NA	0	0	reg_d	reg_d	vowel_change
final	k æ p t ɪ v e ɪ t	k æ p t ɪ v e ɪ t ə d	k æ p t ə v e ɪ t ə d	ə t r æ k t	ə t r æ k t ə d	ə t r æ k t ə d	k æ p t ɪ v e ɪ t ə d	0	1	reg_əd	other	reg_əd
final	t o ʊ s t	t o ʊ s t ə d	t o ʊ s t ə d	s t ɑː r t	s t ɑː r t ə d	s t ɑː r t ə d	t o ʊ s t ə d	1	1	reg_əd	reg_əd	reg_əd
final	d ɪ s ə p iː r	d ɪ s ə p iː r d	d ɪ s ə p iː p iː r iː ə d	t͡ʃ iː r	t͡ʃ iː r d	t͡ʃ iː r d	d ɪ s ə p iː r d	0	1	reg_d	other	reg_d
final	b ɛ r	b o ʊ r	b ɛ r d	s k w ɛ r	s k w ɛ r d	s k w ɛ r d	b ɛ r d	1	0	vowel_change	reg_d	reg_d
final	b ɛ r iː	b ɛ r iː d	b ɛ r iː d	p ɑː r t iː	p ɑː r t iː d	p ɑː r t iː d	b ɛ r iː d	1	1	reg_d	reg_d	reg_d
final	s n iː k	s n iː k t	s n iː k t	f e ɪ k	f e ɪ k t	f e ɪ k t	s n iː k t	1	1	reg_t	reg_t	reg_t
final	l ʌ n t͡ʃ	l ʌ n t͡ʃ t	l ʌ n t͡ʃ t	p ɪ n t͡ʃ	p ɪ n t͡ʃ t	p ɪ n t͡ʃ t	l ʌ n t͡ʃ t	1	1	reg_t	reg_t	reg_t
final	m ɛ m ɹ̩ a ɪ z	m ɛ m ɹ̩ a ɪ z d	m ɛ m ɹ̩ a ɪ z d	d ɪ s ɡ a ɪ z	d ɪ s ɡ a ɪ z d	d ɪ s ɡ a ɪ z d	m ɛ m ɹ̩ a ɪ z d	1	1	reg_d	reg_d	reg_d
final	h a ɪ d	h ɪ d	h a ɪ d ə d	b iː d	b iː d ə d	b iː d ə d	h a ɪ d ə d	1	0	vowel_change	reg_əd	reg_əd
final	w iː l	w iː l d	w iː l d	t a ɪ l	t a ɪ l d	t a ɪ l d	w iː l d	1	1	reg_d	reg_d	reg_d
final	p æ t	p æ t ə d	p æ t ə d	p r ə t ɛ k t	p r ə t ɛ k t ə d	p r ə t ɛ k t ə d	p æ t ə d	1	1	reg_əd	reg_əd	reg_əd
final	s k æ m p ɹ̩	s k æ m p ɹ̩ d	s k æ m p ɹ̩ d	b ɑː ð ɹ̩	b ɑː ð ɹ̩ d	b ɑː ð ɹ̩ d	s k æ m p ɹ̩ d	1	1	reg_d	reg_d	reg_d
final	p iː r	p iː r d	p iː r d	b ɑː r	b ɑː r d	b ɑː r d	p iː r d	1	1	reg_d	reg_d	reg_d
final	ʃ æ m p uː	ʃ æ m p uː d	ʃ æ m p uː d	ə n d uː	ə n d ɪ d	ə n d ɪ d	ʃ æ m p ɪ d	0	0	reg_d	reg_d	vowel_change_suffix
final	r e ɪ s	r e ɪ s t	r e ɪ s t	m ɪ s	m ɪ s t	m ɪ s t	r e ɪ s t	1	1	reg_t	reg_t	reg_t
final	s t r ɛ t͡ʃ	s t r ɛ t͡ʃ t	s t r ɛ t͡ʃ t	s ɹ̩ t͡ʃ	s ɹ̩ t͡ʃ t	s ɹ̩ t͡ʃ t	s t r ɛ t͡ʃ t	1	1	reg_t	reg_t	reg_t
final	k ə l æ p s	k ə l æ p s t	k ə l æ p s t	b l ɛ s	b l ɛ s t	b l ɛ s t	k ə l æ p s t	1	1	reg_t	reg_t	reg_t
final	d r ɪ f t	d r ɪ f t ə d	d r ɪ f t ə d	b ɛ l t	b ɛ l t ə d	b ɛ l t ə d	d r ɪ f t ə d	1	1	reg_əd	reg_əd	reg_əd
final	s t æ b	s t æ b d	s t æ b d	b ɑː r b	b ɑː r b d	b ɑː r b d	s t æ b d	1	1	reg_d	reg_d	reg_d
final	t͡ʃ uː	t͡ʃ uː d	t͡ʃ uː d	ʃ uː	ʃ uː d	ʃ uː d	t͡ʃ uː d	1	1	reg_d	reg_d	reg_d
final	b ʌ b ə l	b ʌ b ə l d	b ʌ b ə l d	k r ʌ m p ə l	k r ʌ m p ə l d	k r ʌ m p ə l d	b ʌ b ə l d	1	1	reg_d	reg_d	reg_d
final	s a ʊ ɹ̩	s a ʊ ɹ̩ d	s a ʊ ɹ̩ d	b ɛ t ɹ̩	b ɛ t ɹ̩ d	b ɛ t ɹ̩ d	s a ʊ ɹ̩ d	1	1	reg_d	reg_d	reg_d
final	s t æ m p	s t æ m p t	s t æ m p t	t a ɪ p	t a ɪ p t	t a ɪ p t	s t æ m p t	1	1	reg_t	reg_t	reg_t
final	d͡ʒ ɹ̩ k	d͡ʒ ɹ̩ k t	d͡ʒ ɹ̩ k t	r ɑː k	r ɑː k t	r ɑː k t	d͡ʒ ɹ̩ k t	1	1	reg_t	reg_t	reg_t
final	s ɔ	s ɔ d	s ɔ d	n ɔ	n ɔ d	n ɔ d	s ɔ d	1	1	reg_d	reg_d	reg_d
final	f l ɪ p	f l ɪ p t	f l ɪ p t	θ ʌ m p	θ ʌ m p t	θ ʌ m p t	f l ɪ p t	1	1	reg_t	reg_t	reg_t
final	h iː l	h iː l d	h ɹ̩ l d	t r ɪ k ə l	t r ɪ k ə l d	t r ɪ k ə l d	h iː l d	0	1	reg_d	vowel_change_suffix	reg_d
final	s k r iː m	s k r iː m d	s k r iː m d	d r iː m	d r iː m d	d r iː m d	s k r iː m d	1	1	reg_d	reg_d	reg_d
final	h ʊ k	h ʊ k t	h ʊ k t	t͡ʃ o ʊ k	t͡ʃ o ʊ k t	t͡ʃ o ʊ k t	h ʊ k t	1	1	reg_t	reg_t	reg_t
final	p ɪ t	p ɪ t ə d	p ɪ t ə d	r ɪ p iː t	r ɪ p iː t ə d	r ɪ p iː t ə d	p ɪ t ə d	1	1	reg_əd	reg_əd	reg_əd
final	t r ʌ b ə l	t r ʌ b ə l d	t r ʌ b ə l d	m ɑː r b ə l	m ɑː r b ə l d	m ɑː r b ə l d	t r ʌ b ə l d	1	1	reg_d	reg_d	reg_d
final	ɪ m p r ə v a ɪ z	ɪ m p r ə v a ɪ z d	ɪ m p r o ʊ z d	s ɪ m b ə l a ɪ z	s ɪ m b ə l a ɪ z d	s ɪ m b ə l a ɪ z d	ɪ m p r ə v a ɪ z d	0	1	reg_d	other	reg_d
final	n e ɪ l	n e ɪ l d	n e ɪ l d	h o ʊ l	h o ʊ l d	h o ʊ l d	n e ɪ l d	1	1	reg_d	reg_d	reg_d
final	b a ɪ k	b a ɪ k t	b a ɪ k t	s ɑː k	s ɑː k t	s ɑː k t	b a ɪ k t	1	1	reg_t	reg_t	reg_t
final	l ɑː k	l ɑː k t	l ɑː k t	m ɑː r k	m ɑː r k t	m ɑː r k t	l ɑː k t	1	1	reg_t	reg_t	reg_t
final	r ɛ s t	r ɛ s t ə d	r ɛ s t ə d	s ə d͡ʒ ɛ s t	s ə d͡ʒ ɛ s t ə d	s ə d͡ʒ ɛ s t ə d	r ɛ s t ə d	1	1	reg_əd	reg_əd	reg_əd
final	b iː p	b iː p t	b iː p t	m ɑː p	m ɑː p t	m ɑː p t	b iː p t	1	1	reg_t	reg_t	reg_t
final	s ɪ p	s ɪ p t	s æ p t	t͡ʃ ɑː p	t͡ʃ ɑː p t	t͡ʃ ɑː p t	s ɪ p t	0	1	reg_t	vowel_change_suffix	reg_t
final	ɪ s k e ɪ p	ɪ s k e ɪ p t	ɪ s k e ɪ p t	ə n z ɪ p	ə n z ɪ p t	ə n z ɪ p t	ɪ s k e ɪ p t	1	1	reg_t	reg_t	reg_t
final	k ə n t r o ʊ l	k ə n t r o ʊ l d	k ə n t r o ʊ l d	t w ɹ̩ l	t w ɹ̩ l d	t w ɹ̩ l d	k ə n t r o ʊ l d	1	1	reg_d	reg_d	reg_d
final	h ʌ d ə l	h ʌ d ə l d	h ʌ d ə l d	t ɛ l	t o ʊ l d	t o ʊ l d	NA	0	0	reg_d	reg_d	vowel_change_suffix
final	s w uː ʃ	s w uː ʃ t	s w uː ʃ t	f l ʌ ʃ	f l ʌ ʃ t	f l ʌ ʃ t	s w uː ʃ t	1	1	reg_t	reg_t	reg_t
final	f a ɪ n d	f a ʊ n d	f a ɪ n d ə d	ɪ k s p l o ʊ d	ɪ k s p l o ʊ d ə d	ɪ k s p l o ʊ d ə d	f a ɪ n d ə d	1	0	vowel_change	reg_əd	reg_əd
final	k ɔ ɪ l	k ɔ ɪ l d	k ɔ ɪ l d	t a ɪ l	t a ɪ l d	t a ɪ l d	k ɔ ɪ l d	1	1	reg_d	reg_d	reg_d
final	r ə f ɹ̩	r ə f ɹ̩ d	r ə f ɹ̩ d	m ɛ ʒ ɹ̩	m ɛ ʒ ɹ̩ d	m ɛ ʒ ɹ̩ d	r ə f ɹ̩ d	1	1	reg_d	reg_d	reg_d
final	ʃ e ɪ v	ʃ e ɪ v d	ʃ e ɪ v d	d a ɪ v	d o ʊ v	d o ʊ v	NA	0	0	reg_d	reg_d	vowel_change
final	d ɪ s k r a ɪ b	d ɪ s k r a ɪ b d	d ɪ s k r o ʊ b d	s k r ʌ b	s k r ʌ b d	s k r ʌ b d	d ɪ s k r a ɪ b d	0	1	reg_d	vowel_change_suffix	reg_d
final	p r iː z ɛ n t	p r iː z ɛ n t ə d	p r iː z ɛ n t ə d	p ʊ t	p ʊ t	p ʊ t	p r iː z ɛ n t	0	0	reg_əd	reg_əd	no_change
final	ɪ ɡ z ɪ s t	ɪ ɡ z ɪ s t ə d	ɪ ɡ z ɪ s t ə d	d a ɪ d͡ʒ ɛ s t	d a ɪ d͡ʒ ɛ s t ə d	d a ɪ d͡ʒ ɛ s t ə d	ɪ ɡ z ɪ s t ə d	1	1	reg_əd	reg_əd	reg_əd
final	b ɔ r	b ɔ r d	b ɔ r d	ɪ n t ɹ̩ f ɪ r	ɪ n t ɹ̩ f ɪ r d	ɪ n t ɹ̩ f ɪ r d	b ɔ r d	1	1	reg_d	reg_d	reg_d
final	uː z	uː z d	uː z d	r iː ə l a ɪ z	r iː ə l a ɪ z d	r iː ə l a ɪ z d	uː z d	1	1	reg_d	reg_d	reg_d
final	r ɑː b	r ɑː b d	r ɑː b d	k j uː b	k j uː b d	k j uː b d	r ɑː b d	1	1	reg_d	reg_d	reg_d
final	t r æ p	t r æ p t	t r æ p t	n ɪ p	n ɪ p t	n ɪ p t	t r æ p t	1	1	reg_t	reg_t	reg_t
final	b æ ʃ	b æ ʃ t	b æ ʃ t	d ɪ s t ɪ ŋ ɡ w ɪ ʃ	d ɪ s t ɪ ŋ ɡ w ɪ ʃ t	d ɪ s t ɪ ŋ ɡ w ɪ ʃ t	b æ ʃ t	1	1	reg_t	reg_t	reg_t
final	æ k t	æ k t ə d	æ k t ə d	d ɪ f iː t	d ɪ f iː t ə d	d ɪ f iː t ə d	æ k t ə d	1	1	reg_əd	reg_əd	reg_əd
final	s t o ʊ n	s t o ʊ n d	s t o ʊ n d	l ɪ s ə n	l ɪ s ə n d	l ɪ s ə n d	s t o ʊ n d	1	1	reg_d	reg_d	reg_d
final	f l ɪ ŋ	f l ʌ ŋ	f l ʌ ŋ	b æ ŋ	b æ ŋ d	b æ ŋ d	f l ɪ ŋ d	0	0	vowel_change	vowel_change	reg_d
final	k w ɪ t	k w ɪ t	k w ɪ t	t͡ʃ ɑː r t	t͡ʃ ɑː r t ə d	t͡ʃ ɑː r t ə d	k w ɪ t ə d	0	0	no_change	no_change	reg_əd
final	p r ə f ɹ̩	p r ə f ɹ̩ d	p r ə f ɹ̩ d	p ɪ k t͡ʃ ɹ̩	p ɪ k t͡ʃ ɹ̩ d	p ɪ k t͡ʃ ɹ̩ d	p r ə f ɹ̩ d	1	1	reg_d	reg_d	reg_d
final	ə n l ɑː k	ə n l ɑː k t	ə n l ɑː k t	r ɪ s k	r ɪ s k t	r ɪ s k t	ə n l ɑː k t	1	1	reg_t	reg_t	reg_t
final	m æ n ə d͡ʒ	m æ n ə d͡ʒ d	m æ n ə d͡ʒ d	b æ n d ɪ d͡ʒ	b æ n d ɪ d͡ʒ d	b æ n d ɪ d͡ʒ d	m æ n ə d͡ʒ d	1	1	reg_d	reg_d	reg_d
final	s ɛ n t ɹ̩	s ɛ n t ɹ̩ d	s ɛ n t ɹ̩ d	s t ɹ̩	s t ɹ̩ d	s t ɹ̩ d	s ɛ n t ɹ̩ d	1	1	reg_d	reg_d	reg_d
final	s p ɑː t	s p ɑː t ə d	s p ɑː t ə d	t͡ʃ æ t	t͡ʃ æ t ə d	t͡ʃ æ t ə d	s p ɑː t ə d	1	1	reg_əd	reg_əd	reg_əd
final	m o ʊ	m o ʊ d	m o ʊ d	f ɑː l o ʊ	f ɑː l o ʊ d	f ɑː l o ʊ d	m o ʊ d	1	1	reg_d	reg_d	reg_d
final	t æ t uː	t æ t uː d	t æ t uː d	b uː	b uː d	b uː d	t æ t uː d	1	1	reg_d	reg_d	reg_d
final	s a ɪ z	s a ɪ z d	s a ɪ z d	ɪ k s k j uː z	ɪ k s k j uː z d	ɪ k s k j uː z d	s a ɪ z d	1	1	reg_d	reg_d	reg_d
final	p ɹ̩ f ɛ k t	p ɹ̩ f ɛ k t ə d	p ɹ̩ f ɛ k t ə d	s ə d͡ʒ ɛ s t	s ə d͡ʒ ɛ s t ə d	s ə d͡ʒ ɛ s t ə d	p ɹ̩ f ɛ k t ə d	1	1	reg_əd	reg_əd	reg_əd
final	t r e ɪ n	t r e ɪ n d	t r e ɪ n d	f a ɪ n	f a ɪ n d	f a ɪ n d	t r e ɪ n d	1	1	reg_d	reg_d	reg_d
final	p ʌ n ɪ ʃ	p ʌ n ɪ ʃ t	p ʌ n ɪ ʃ t	f l æ ʃ	f l æ ʃ t	f l æ ʃ t	p ʌ n ɪ ʃ t	1	1	reg_t	reg_t	reg_t
final	l uː s	l uː s t	l uː s t	t͡ʃ e ɪ s	t͡ʃ e ɪ s t	t͡ʃ e ɪ s t	l uː s t	1	1	reg_t	reg_t	reg_t
final	t ɑː p ə l	t ɑː p ə l d	t ɑː p ə l d	p ʊ l	p ʊ l d	p ʊ l d	t ɑː p ə l d	1	1	reg_d	reg_d	reg_d
final	s k r æ p	s k r æ p t	s k r æ p t	k l ɪ p	k l ɪ p t	k l ɪ p t	s k r æ p t	1	1	reg_t	reg_t	reg_t
final	k r æ m	k r æ m d	k r æ m d	n e ɪ m	n e ɪ m d	n e ɪ m d	k r æ m d	1	1	reg_d	reg_d	reg_d
final	p ɪ t͡ʃ	p ɪ t͡ʃ t	p ɪ t͡ʃ t	k a ʊ t͡ʃ	k a ʊ t͡ʃ t	k a ʊ t͡ʃ t	p ɪ t͡ʃ t	1	1	reg_t	reg_t	reg_t
final	s m æ ʃ	s m æ ʃ t	s m æ ʃ t	s w ɪ ʃ	s w ɪ ʃ t	s w ɪ ʃ t	s m æ ʃ t	1	1	reg_t	reg_t	reg_t
final	f e ɪ l	f e ɪ l d	f e ɪ l d	d͡ʒ ʌ ɡ ə l	d͡ʒ ʌ ɡ ə l d	d͡ʒ ʌ ɡ ə l d	f e ɪ l d	1	1	reg_d	reg_d	reg_d
final	b l o ʊ t	b l o ʊ t ə d	b l o ʊ t ə d	ɪ n v ɛ s t ə ɡ e ɪ t	ɪ n v ɛ s t ə ɡ e ɪ t ə d	ɪ n v ɛ s t ə ɡ e ɪ t ə d	b l o ʊ t ə d	1	1	reg_əd	reg_əd	reg_əd
final	s k w iː k	s k w iː k t	s k w iː k t	s t æ k	s t æ k t	s t æ k t	s k w iː k t	1	1	reg_t	reg_t	reg_t
final	s k ɹ̩ t	s k ɹ̩ t ə d	s k ɹ̩ t ə d	b ɛ l t	b ɛ l t ə d	b ɛ l t ə d	s k ɹ̩ t ə d	1	1	reg_əd	reg_əd	reg_əd
final	b l ɪ ŋ k	b l ɪ ŋ k t	b l æ ŋ k	s m æ k	s m æ k t	s m æ k t	b l ɪ ŋ k t	0	1	reg_t	vowel_change	reg_t
final	w æ ɡ	w æ ɡ d	w æ ɡ d	d r æ ɡ	d r æ ɡ d	d r æ ɡ d	w æ ɡ d	1	1	reg_d	reg_d	reg_d
final	h æ t͡ʃ	h æ t͡ʃ t	h æ t͡ʃ t	ə t æ t͡ʃ	ə t æ t͡ʃ t	ə t æ t͡ʃ t	h æ t͡ʃ t	1	1	reg_t	reg_t	reg_t
final	h a ʊ z	h a ʊ z d	h a ʊ z d	r e ɪ z	r e ɪ z d	r e ɪ z d	h a ʊ z d	1	1	reg_d	reg_d	reg_d
final	w ɑː f ə l	w ɑː f ə l d	w ɑː f ə l d	j ɛ l	j ɛ l d	j ɛ l d	w ɑː f ə l d	1	1	reg_d	reg_d	reg_d
final	b ʌ t ə n	b ʌ t ə n d	b ʌ t ə n d	b ɹ̩ n	b ɹ̩ n d	b ɹ̩ n d	b ʌ t ə n d	1	1	reg_d	reg_d	reg_d
final	k ɹ̩ iː n	k ɹ̩ iː n d	k ɹ̩ iː n d	b ɹ̩ n	b ɹ̩ n d	b ɹ̩ n d	k ɹ̩ iː n d	1	1	reg_d	reg_d	reg_d
final	s t r ɪ p	s t r ɪ p t	s t r æ p t	t a ɪ p	t a ɪ p t	t a ɪ p t	s t r ɪ p t	0	1	reg_t	vowel_change_suffix	reg_t
final	p r a ɪ z	p r a ɪ z d	p r a ɪ z	ɪ k s k j uː z	ɪ k s k j uː z d	ɪ k s k j uː z d	p r a ɪ z d	0	1	reg_d	no_change	reg_d
final	k ə n f j uː z	k ə n f j uː z d	k ə n f j uː z d	ə p ɑː l ə d͡ʒ a ɪ z	ə p ɑː l ə d͡ʒ a ɪ z d	ə p ɑː l ə d͡ʒ a ɪ z d	k ə n f j uː z d	1	1	reg_d	reg_d	reg_d
final	p l ʌ ɡ	p l ʌ ɡ d	p l ʌ ɡ d	h ʌ ɡ	h ʌ ɡ d	h ʌ ɡ d	p l ʌ ɡ d	1	1	reg_d	reg_d	reg_d
final	k ɹ̩ s	k ɹ̩ s t	k ɹ̩ s t	p r ɑː m ə s	p r ɑː m ə s t	p r ɑː m ə s t	k ɹ̩ s t	1	1	reg_t	reg_t	reg_t
final	f e ɪ n t	f e ɪ n t ə d	f e ɪ n t ə d	m iː t	m ɛ t	m ɛ t	NA	0	0	reg_əd	reg_əd	vowel_change
final	r iː p l e ɪ s	r iː p l e ɪ s t	r iː p l e ɪ s t	t r e ɪ s	t r e ɪ s t	t r e ɪ s t	r iː p l e ɪ s t	1	1	reg_t	reg_t	reg_t
final	ɡ ɑː r d	ɡ ɑː r d ə d	ɡ ɑː r d ə d	d ɪ s k ɑː r d	d ɪ s k ɑː r d ə d	d ɪ s k ɑː r d ə d	ɡ ɑː r d ə d	1	1	reg_əd	reg_əd	reg_əd
final	ɡ l ʌ v	ɡ l ʌ v d	ɡ l ʌ v d	p r uː v	p r uː v d	p r uː v d	ɡ l ʌ v d	1	1	reg_d	reg_d	reg_d
final	s ɔ l t	s ɔ l t ə d	s ɔ l t ə d	t͡ʃ iː t	t͡ʃ iː t ə d	t͡ʃ iː t ə d	s ɔ l t ə d	1	1	reg_əd	reg_əd	reg_əd
final	s t ɛ r	s t ɛ r d	s t ɛ r d	r ɔ r	r ɔ r d	r ɔ r d	s t ɛ r d	1	1	reg_d	reg_d	reg_d
final	k ə m b a ɪ n	k ə m b a ɪ n d	k ə m b a ɪ n d	t ɹ̩ n	t ɹ̩ n d	t ɹ̩ n d	k ə m b a ɪ n d	1	1	reg_d	reg_d	reg_d
final	f r ʌ n t	f r ʌ n t ə d	f r ʌ n t ə d	s ɔ r t	s ɔ r t ə d	s ɔ r t ə d	f r ʌ n t ə d	1	1	reg_əd	reg_əd	reg_əd
final	ɡ ɑː r b ə l	ɡ ɑː r b ə l d	ɡ ɑː r b ə l d	s t r æ d ə l	s t r æ d ə l d	s t r æ d ə l d	ɡ ɑː r b ə l d	1	1	reg_d	reg_d	reg_d
final	p æ m p ɹ̩	p æ m p ɹ̩ d	p æ m p ɹ̩ d	d ɑː k t ɹ̩	d ɑː k t ɹ̩ d	d ɑː k t ɹ̩ d	p æ m p ɹ̩ d	1	1	reg_d	reg_d	reg_d
final	f iː r	f iː r d	f ɛ r d	d ɛ r	d ɛ r d	d ɛ r d	f iː r d	0	1	reg_d	vowel_change_suffix	reg_d
final	ʃ ʌ v ə l	ʃ ʌ v ə l d	ʃ ʌ v ə l d	ɡ r ʌ m b ə l	ɡ r ʌ m b ə l d	ɡ r ʌ m b ə l d	ʃ ʌ v ə l d	1	1	reg_d	reg_d	reg_d
final	s k ɛ d͡ʒ ʊ l	s k ɛ d͡ʒ ʊ l d	s k ɛ d͡ʒ ɛ l d	k r ɔ l	k r ɔ l d	k r ɔ l d	s k ɛ d͡ʒ ʊ l d	0	1	reg_d	vowel_change_suffix	reg_d
final	f l ʌ t ɹ̩	f l ʌ t ɹ̩ d	f l ʌ t ɹ̩ d	s k a ʊ ɹ̩	s k a ʊ ɹ̩ d	s k a ʊ ɹ̩ d	f l ʌ t ɹ̩ d	1	1	reg_d	reg_d	reg_d
final	s p ɑː r k ə l	s p ɑː r k ə l d	s p ɑː r k ə l d	k r ɔ l	k r ɔ l d	k r ɔ l d	s p ɑː r k ə l d	1	1	reg_d	reg_d	reg_d
final	r ɪ s p ɑː n d	r ɪ s p ɑː n d ə d	r ɪ s p ɑː n d ə d	k ɪ d	k ɪ d ə d	k ɪ d ə d	r ɪ s p ɑː n d ə d	1	1	reg_əd	reg_əd	reg_əd
final	t æ t ɹ̩	t æ t ɹ̩ d	t æ t ɹ̩ d	l o ʊ ɹ̩	l o ʊ ɹ̩ d	l o ʊ ɹ̩ d	t æ t ɹ̩ d	1	1	reg_d	reg_d	reg_d
final	p ɑː k ə t	p ɑː k ə t ə d	p ɑː k ə t ə d	d ɪ f iː t	d ɪ f iː t ə d	d ɪ f iː t ə d	p ɑː k ə t ə d	1	1	reg_əd	reg_əd	reg_əd
final	d͡ʒ æ ŋ ɡ ə l	d͡ʒ æ ŋ ɡ ə l d	d͡ʒ æ ŋ ɡ ə l d	f ʌ m b ə l	f ʌ m b ə l d	f ʌ m b ə l d	d͡ʒ æ ŋ ɡ ə l d	1	1	reg_d	reg_d	reg_d
final	p iː p	p iː p t	p iː p t	d͡ʒ ʌ m p	d͡ʒ ʌ m p t	d͡ʒ ʌ m p t	p iː p t	1	1	reg_t	reg_t	reg_t
final	æ k s ɛ s ɹ̩ a ɪ z	æ k s ɛ s ɹ̩ a ɪ z d	æ s ɛ s ɛ s a ɪ z d	s ə p o ʊ z	s ə p o ʊ z d	s ə p o ʊ z d	æ k s ɛ s ɹ̩ a ɪ z d	0	1	reg_d	other	reg_d
final	r ɛ d͡ʒ ɪ s t ɹ̩	r ɛ d͡ʒ ɪ s t ɹ̩ d	r ɛ d͡ʒ ɪ s t ɹ̩ d	f ɪ ŋ ɡ ɹ̩	f ɪ ŋ ɡ ɹ̩ d	f ɪ ŋ ɡ ɹ̩ d	r ɛ d͡ʒ ɪ s t ɹ̩ d	1	1	reg_d	reg_d	reg_d
final	ɡ l o ʊ	ɡ l o ʊ d	ɡ l uː	r o ʊ	r o ʊ d	r o ʊ d	ɡ l o ʊ d	0	1	reg_d	vowel_change	reg_d
final	k ɑː m ɛ n t	k ɑː m ɛ n t ə d	k ɑː m ɛ n t ə d	t͡ʃ iː t	t͡ʃ iː t ə d	t͡ʃ iː t ə d	k ɑː m ɛ n t ə d	1	1	reg_əd	reg_əd	reg_əd
final	r ə f j uː z	r ə f j uː z d	r ə f j uː z d	d ɪ s ɡ a ɪ z	d ɪ s ɡ a ɪ z d	d ɪ s ɡ a ɪ z d	r ə f j uː z d	1	1	reg_d	reg_d	reg_d
final	w ɛ d	w ɛ d	w ɛ d ə d	s ə k s iː d	s ə k s iː d ə d	s ə k s iː d ə d	w ɛ d ə d	1	0	no_change	reg_əd	reg_əd
final	d a ʊ n	d a ʊ n d	d a ʊ n d	p æ n	p æ n d	p æ n d	d a ʊ n d	1	1	reg_d	reg_d	reg_d
final	t͡ʃ ɪ p	t͡ʃ ɪ p t	t͡ʃ ɪ p t	p ʌ m p	p ʌ m p t	p ʌ m p t	t͡ʃ ɪ p t	1	1	reg_t	reg_t	reg_t
final	d ɹ̩ ɛ k t	d ɹ̩ ɛ k t ə d	d ɹ̩ ɛ k t ə d	s k w ɹ̩ t	s k w ɹ̩ t ə d	s k w ɹ̩ t ə d	d ɹ̩ ɛ k t ə d	1	1	reg_əd	reg_əd	reg_əd
final	d ɪ f ɛ n d	d ɪ f ɛ n d ə d	d ɪ f ɛ n d ə d	d ɪ s k ɑː r d	d ɪ s k ɑː r d ə d	d ɪ s k ɑː r d ə d	d ɪ f ɛ n d ə d	1	1	reg_əd	reg_əd	reg_əd
final	p a ʊ n d	p a ʊ n d ə d	p a ʊ n d ə d	ɛ n d	ɛ n d ə d	ɛ n d ə d	p a ʊ n d ə d	1	1	reg_əd	reg_əd	reg_əd
final	d r e ɪ p	d r e ɪ p t	d r e ɪ p t	d͡ʒ ʌ m p	d͡ʒ ʌ m p t	d͡ʒ ʌ m p t	d r e ɪ p t	1	1	reg_t	reg_t	reg_t
final	k ə n t e ɪ n	k ə n t e ɪ n d	k ə n t e ɪ n d	t ɹ̩ n	t ɹ̩ n d	t ɹ̩ n d	k ə n t e ɪ n d	1	1	reg_d	reg_d	reg_d
final	s iː z ə n	s iː z ə n d	s iː z ə n d	d ɑː n	d ɑː n d	d ɑː n d	s iː z ə n d	1	1	reg_d	reg_d	reg_d
final	k r a ʊ t͡ʃ	k r a ʊ t͡ʃ t	k r a ʊ t͡ʃ t	b iː t͡ʃ	b iː t͡ʃ t	b iː t͡ʃ t	k r a ʊ t͡ʃ t	1	1	reg_t	reg_t	reg_t
final	h ɪ p n ə t a ɪ z	h ɪ p n ə t a ɪ z d	h ɪ t ə t ə d	s ə p o ʊ z	s ə p o ʊ z d	s ə p o ʊ z d	h ɪ p n ə t a ɪ z d	0	1	reg_d	other	reg_d
final	k ə n d ɛ n s	k ə n d ɛ n s t	k ə n d ɛ n s t	ɪ r e ɪ s	ɪ r e ɪ s t	ɪ r e ɪ s t	k ə n d ɛ n s t	1	1	reg_t	reg_t	reg_t
final	k r æ ŋ k	k r æ ŋ k t	k r æ ŋ k	s m æ k	s m æ k t	s m æ k t	k r æ ŋ k t	0	1	reg_t	no_change	reg_t
final	k l a ʊ d	k l a ʊ d ə d	k l a ʊ d ə d	s k o ʊ l d	s k o ʊ l d ə d	s k o ʊ l d ə d	k l a ʊ d ə d	1	1	reg_əd	reg_əd	reg_əd
final	r e ɪ d	r e ɪ d ə d	r e ɪ d ə d	f iː d	f ɛ d	f ɛ d	NA	0	0	reg_əd	reg_əd	vowel_change
final	f ɪ l t ɹ̩	f ɪ l t ɹ̩ d	f ɪ l t ɹ̩ d	f ɪ ŋ ɡ ɹ̩	f ɪ ŋ ɡ ɹ̩ d	f ɪ ŋ ɡ ɹ̩ d	f ɪ l t ɹ̩ d	1	1	reg_d	reg_d	reg_d
final	t æ ŋ ɡ ə l	t æ ŋ ɡ ə l d	t æ ŋ ɡ ə l d	b o ʊ l	b o ʊ l d	b o ʊ l d	t æ ŋ ɡ ə l d	1	1	reg_d	reg_d	reg_d
final	p l æ s t ɹ̩	p l æ s t ɹ̩ d	p l æ s t ɹ̩ d	b ɑː ð ɹ̩	b ɑː ð ɹ̩ d	b ɑː ð ɹ̩ d	p l æ s t ɹ̩ d	1	1	reg_d	reg_d	reg_d
final	ʃ e ɪ d	ʃ e ɪ d ə d	ʃ e ɪ d ə d	h ɛ d	h ɛ d ə d	h ɛ d ə d	ʃ e ɪ d ə d	1	1	reg_əd	reg_əd	reg_əd
final	t r ʌ s t	t r ʌ s t ə d	t r ʌ s t ə d	k a ʊ n t	k a ʊ n t ə d	k a ʊ n t ə d	t r ʌ s t ə d	1	1	reg_əd	reg_əd	reg_əd
final	s æ n d	s æ n d ə d	s æ n t ə d	f e ɪ d	f e ɪ d ə d	f e ɪ d ə d	s æ n d ə d	0	1	reg_əd	other	reg_əd
final	d ɪ z ɑː l v	d ɪ z ɑː l v d	d ɪ z ɑː l v d	b ɪ h e ɪ v	b ɪ h e ɪ v d	b ɪ h e ɪ v d	d ɪ z ɑː l v d	1	1	reg_d	reg_d	reg_d
final	r æ k	r æ k t	r æ k t	b l æ k	b l æ k t	b l æ k t	r æ k t	1	1	reg_t	reg_t	reg_t
final	ʃ ɛ l	ʃ ɛ l d	ʃ ɛ l d	ɡ ɑː b ə l	ɡ ɑː b ə l d	ɡ ɑː b ə l d	ʃ ɛ l d	1	1	reg_d	reg_d	reg_d
final	s w ɑː p	s w ɑː p t	s w ɑː p t	d ɪ v ɛ l ə p	d ɪ v ɛ l ə p t	d ɪ v ɛ l ə p t	s w ɑː p t	1	1	reg_t	reg_t	reg_t
final	r iː l iː s	r iː l iː s t	r iː l iː s t	b e ɪ s	b e ɪ s t	b e ɪ s t	r iː l iː s t	1	1	reg_t	reg_t	reg_t
final	r e ɪ k	r e ɪ k t	r e ɪ k t	k ʊ k	k ʊ k t	k ʊ k t	r e ɪ k t	1	1	reg_t	reg_t	reg_t
final	k æ n s ə l	k æ n s ə l d	k æ n s ə l d	k ʌ p ə l	k ʌ p ə l d	k ʌ p ə l d	k æ n s ə l d	1	1	reg_d	reg_d	reg_d
final	s p a ɪ	s p a ɪ d	s p a ɪ d	l a ɪ	l e ɪ	l e ɪ	s p e ɪ	0	0	reg_d	reg_d	vowel_change
final	f j uː m	f j uː m d	f j uː m d	z uː m	z uː m d	z uː m d	f j uː m d	1	1	reg_d	reg_d	reg_d
final	p r iː p ɛ r	p r iː p ɛ r d	p r iː p ɛ r d	d ɛ r	d ɛ r d	d ɛ r d	p r iː p ɛ r d	1	1	reg_d	reg_d	reg_d
final	d ɪ s p o ʊ z	d ɪ s p o ʊ z d	d ɪ s p o ʊ z d	l uː z	l ɔ s t	l ɔ s t	NA	0	0	reg_d	reg_d	rhyme_replaced
final	k ə n d ʌ k t	k ə n d ʌ k t ə d	k ə n d ʌ k t ə d	ɪ n v ɛ s t ə ɡ e ɪ t	ɪ n v ɛ s t ə ɡ e ɪ t ə d	ɪ n v ɛ s t ə ɡ e ɪ t ə d	k ə n d ʌ k t ə d	1	1	reg_əd	reg_əd	reg_əd
final	s t ɪ ŋ k	s t ʌ ŋ k	s t ʌ ŋ k t	ʃ e ɪ k	ʃ ʊ k	ʃ ʊ k	NA	0	0	vowel_change	vowel_change_suffix	vowel_change
final	d r e ɪ n	d r e ɪ n d	d r e ɪ n d	k ʊ ʃ ə n	k ʊ ʃ ə n d	k ʊ ʃ ə n d	d r e ɪ n d	1	1	reg_d	reg_d	reg_d
final	ə n p l ʌ ɡ	ə n p l ʌ ɡ d	ə n p l ʌ ɡ d	z ɪ ɡ z æ ɡ	z ɪ ɡ z æ ɡ d	z ɪ ɡ z æ ɡ d	ə n p l ʌ ɡ d	1	1	reg_d	reg_d	reg_d
final	h æ l o ʊ	h æ l o ʊ d	h æ l o ʊ d	s l o ʊ	s l o ʊ d	s l o ʊ d	h æ l o ʊ d	1	1	reg_d	reg_d	reg_d
final	ɪ n t ɹ̩ æ k t	ɪ n t ɹ̩ æ k t ə d	ɪ n t ɹ̩ æ k t ə d	s p l ɪ t	s p l ɪ t	s p l ɪ t	ɪ n t ɹ̩ æ k t	0	0	reg_əd	reg_əd	no_change
final	ə b s ɛ s	ə b s ɛ s t	ə b b ɛ s t	ə n d r ɛ s	ə n d r ɛ s t	ə n d r ɛ s t	ə b s ɛ s t	0	1	reg_t	other	reg_t
final	s n æ t͡ʃ	s n æ t͡ʃ t	s n æ t͡ʃ t	s ɹ̩ t͡ʃ	s ɹ̩ t͡ʃ t	s ɹ̩ t͡ʃ t	s n æ t͡ʃ t	1	1	reg_t	reg_t	reg_t
final	t æ p	t æ p t	t æ p t	b ʌ m p	b ʌ m p t	b ʌ m p t	t æ p t	1	1	reg_t	reg_t	reg_t
final	t r æ ʃ	t r æ ʃ t	t r æ ʃ t	b r ʌ ʃ	b r ʌ ʃ t	b r ʌ ʃ t	t r æ ʃ t	1	1	reg_t	reg_t	reg_t
final	ʃ ɪ v ɹ̩	ʃ ɪ v ɹ̩ d	ʃ ɪ v ɹ̩ d	m ɹ̩ m ɹ̩	m ɹ̩ m ɹ̩ d	m ɹ̩ m ɹ̩ d	ʃ ɪ v ɹ̩ d	1	1	reg_d	reg_d	reg_d
final	r iː f ɪ l	r iː f ɪ l d	r iː f ɪ l d	r ɪ ŋ k ə l	r ɪ ŋ k ə l d	r ɪ ŋ k ə l d	r iː f ɪ l d	1	1	reg_d	reg_d	reg_d
final	d ʌ b	d ʌ b d	d ʌ b d	b ɑː r b	b ɑː r b d	b ɑː r b d	d ʌ b d	1	1	reg_d	reg_d	reg_d
final	r ɪ p ɛ r	r ɪ p ɛ r d	r ɪ p ɛ r d	r ɔ r	r ɔ r d	r ɔ r d	r ɪ p ɛ r d	1	1	reg_d	reg_d	reg_d
final	s t e ɪ k	s t e ɪ k t	s t e ɪ k t	t r ʌ k	t r ʌ k t	t r ʌ k t	s t e ɪ k t	1	1	reg_t	reg_t	reg_t
final	ɛ r	ɛ r d	ɛ r d	d͡ʒ ɑː r	d͡ʒ ɑː r d	d͡ʒ ɑː r d	ɛ r d	1	1	reg_d	reg_d	reg_d
final	t r ʌ m p ə t	t r ʌ m p ə t ə d	t r ʌ m p ə t ə d	f ɪ t	f ɪ t	f ɪ t	t r ʌ m p ə t	0	0	reg_əd	reg_əd	no_change
final	k l ɑː ɡ	k l ɑː ɡ d	k l ɑː ɡ d	b ʌ ɡ	b ʌ ɡ d	b ʌ ɡ d	k l ɑː ɡ d	1	1	reg_d	reg_d	reg_d
final	p a ʊ ɹ̩	p a ʊ ɹ̩ d	p a ʊ ɹ̩ d	ə n k ʌ v ɹ̩	ə n k ʌ v ɹ̩ d	ə n k ʌ v ɹ̩ d	p a ʊ ɹ̩ d	1	1	reg_d	reg_d	reg_d
final	ɪ ɡ z ɪ b ɪ t	ɪ ɡ z ɪ b ɪ t ə d	ɪ ɡ z ɪ b ɪ t ə d	p l æ n t	p l æ n t ə d	p l æ n t ə d	ɪ ɡ z ɪ b ɪ t ə d	1	1	reg_əd	reg_əd	reg_əd
final	e ɪ d͡ʒ	e ɪ d͡ʒ d	e ɪ d͡ʒ d	t͡ʃ e ɪ n d͡ʒ	t͡ʃ e ɪ n d͡ʒ d	t͡ʃ e ɪ n d͡ʒ d	e ɪ d͡ʒ d	1	1	reg_d	reg_d	reg_d
final	t e ɪ b ə l	t e ɪ b ə l d	t e ɪ b ə l d	ɪ n ɪ ʃ ə l	ɪ n ɪ ʃ ə l d	ɪ n ɪ ʃ ə l d	t e ɪ b ə l d	1	1	reg_d	reg_d	reg_d
final	r ɪ s p ɛ k t	r ɪ s p ɛ k t ə d	r ɪ s p ɛ k t ə d	t͡ʃ ɑː r t	t͡ʃ ɑː r t ə d	t͡ʃ ɑː r t ə d	r ɪ s p ɛ k t ə d	1	1	reg_əd	reg_əd	reg_əd
final	m æ k s	m æ k s t	m æ k s t	b a ʊ n s	b a ʊ n s t	b a ʊ n s t	m æ k s t	1	1	reg_t	reg_t	reg_t
final	ɛ n æ k t	ɛ n æ k t ə d	ɛ n æ k t ə d	b æ t	b æ t ə d	b æ t ə d	ɛ n æ k t ə d	1	1	reg_əd	reg_əd	reg_əd
final	m ɑː d ə f a ɪ	m ɑː d ə f a ɪ d	m ɑː d ə f a ɪ d	k l æ s ə f a ɪ	k l æ s ə f a ɪ d	k l æ s ə f a ɪ d	m ɑː d ə f a ɪ d	1	1	reg_d	reg_d	reg_d
final	f iː t͡ʃ ɹ̩	f iː t͡ʃ ɹ̩ d	f iː t͡ʃ ɹ̩ d	ɔ θ ɹ̩	ɔ θ ɹ̩ d	ɔ θ ɹ̩ d	f iː t͡ʃ ɹ̩ d	1	1	reg_d	reg_d	reg_d
final	w e ɪ l	w e ɪ l d	w e ɪ l d	j ɛ l	j ɛ l d	j ɛ l d	w e ɪ l d	1	1	reg_d	reg_d	reg_d
final	p ɹ̩ s	p ɹ̩ s t	p ɹ̩ s t	n o ʊ t ɪ s	n o ʊ t ɪ s t	n o ʊ t ɪ s t	p ɹ̩ s t	1	1	reg_t	reg_t	reg_t
majority	s m a ɪ l	s m a ɪ l d	s m a ɪ l d	t͡ʃ ɑː r d͡ʒ	t͡ʃ ɑː r d͡ʒ d	t͡ʃ ɑː r d͡ʒ d	s m a ɪ l d	1	1	reg_d	reg_d	reg_d
majority	r iː d	r ɛ d	r iː d ə d	f r a ɪ t ə n	f r a ɪ t ə n d	f r a ɪ t ə n d	r iː d d	0	0	vowel_change	reg_əd	reg_d
majority	l a ɪ k	l a ɪ k t	l a ɪ k t	m æ t ɹ̩	m æ t ɹ̩ d	m æ t ɹ̩ d	l a ɪ k d	0	0	reg_t	reg_t	reg_d
majority	ʃ o ʊ	ʃ o ʊ d	ʃ o ʊ d	s a ɪ n	s a ɪ n d	s a ɪ n d	ʃ o ʊ d	1	1	reg_d	reg_d	reg_d
majority	b a ɪ t	b ɪ t	b a ɪ t ə d	ɪ ɡ n ɔ r	ɪ ɡ n ɔ r d	ɪ ɡ n ɔ r d	b a ɪ t d	0	0	vowel_change	reg_əd	reg_d
majority	f l a ɪ	f l uː	f l a ɪ d	b ɛ t ɹ̩	b ɛ t ɹ̩ d	b ɛ t ɹ̩ d	f l a ɪ d	1	0	vowel_change	reg_d	reg_d
majority	h o ʊ p	h o ʊ p t	h o ʊ p t	p iː l	p iː l d	p iː l d	h o ʊ p d	0	0	reg_t	reg_t	reg_d
majority	o ʊ p ə n	o ʊ p ə n d	o ʊ p ə n d	ɡ r a ʊ l	ɡ r a ʊ l d	ɡ r a ʊ l d	o ʊ p ə n d	1	1	reg_d	reg_d	reg_d
majority	r ʌ n	r æ n	r ʌ n d	k ɛ r	k ɛ r d	k ɛ r d	r ʌ n d	1	0	vowel_change	reg_d	reg_d
majority	t ɔ ɪ	t ɔ ɪ d	t ɔ t	t r a ɪ	t r a ɪ d	t r a ɪ d	t ɔ ɪ d	0	1	reg_d	vowel_change_suffix	reg_d
majority	p l e ɪ	p l e ɪ d	p l e ɪ d	f ɑː r m	f ɑː r m d	f ɑː r m d	p l e ɪ d	1	1	reg_d	reg_d	reg_d
majority	w ɑː t͡ʃ	w ɑː t͡ʃ t	w ɑː t͡ʃ t	p ɹ̩ f ɔ r m	p ɹ̩ f ɔ r m d	p ɹ̩ f ɔ r m d	w ɑː t͡ʃ d	0	0	reg_t	reg_t	reg_d
majority	r iː t͡ʃ	r iː t͡ʃ t	r iː t͡ʃ t	b ɑː m	b ɑː m d	b ɑː m d	r iː t͡ʃ d	0	0	reg_t	reg_t	reg_d
majority	æ s k	æ s k t	æ s k t	s w ɹ̩ l	s w ɹ̩ l d	s w ɹ̩ l d	æ s k d	0	0	reg_t	reg_t	reg_d
majority	s m ɛ l	s m ɛ l d	s m ɛ l d	h a ɪ ɹ̩	h a ɪ ɹ̩ d	h a ɪ ɹ̩ d	s m ɛ l d	1	1	reg_d	reg_d	reg_d
majority	h æ ŋ	h ʌ ŋ	h æ ŋ d	r e ɪ z	r e ɪ z d	r e ɪ z d	h æ ŋ d	1	0	vowel_change	reg_d	reg_d
majority	r a ɪ d	r o ʊ d	r o ʊ d ə d	ə n t a ɪ	ə n t a ɪ d	ə n t a ɪ d	r a ɪ d d	0	0	vowel_change	other	reg_d
majority	s p ɪ l	s p ɪ l d	s p æ l d	k ʊ ʃ ə n	k ʊ ʃ ə n d	k ʊ ʃ ə n d	s p ɪ l d	0	1	reg_d	vowel_change_suffix	reg_d
majority	p ɔ r	p ɔ r d	p ɔ r d	a ɪ d ɛ n t ə f a ɪ	a ɪ d ɛ n t ə f a ɪ d	a ɪ d ɛ n t ə f a ɪ d	p ɔ r d	1	1	reg_d	reg_d	reg_d
majority	b a ʊ	b a ʊ d	b ɔ t	ɪ n t ɹ̩ f ɪ r	ɪ n t ɹ̩ f ɪ r d	ɪ n t ɹ̩ f ɪ r d	b a ʊ d	0	1	reg_d	vowel_change_suffix	reg_d
majority	t ʌ t͡ʃ	t ʌ t͡ʃ t	t ʌ t͡ʃ t	m ɑː r b ə l	m ɑː r b ə l d	m ɑː r b ə l d	t ʌ t͡ʃ d	0	0	reg_t	reg_t	reg_d
majority	k ɑː z	k ɑː z d	k ɑː z d	k r ʌ m b ə l	k r ʌ m b ə l d	k r ʌ m b ə l d	k ɑː z d	1	1	reg_d	reg_d	reg_d
majority	s t r a ɪ k	s t r ʌ k	s t r a ɪ k t	k ɪ l	k ɪ l d	k ɪ l d	s t r a ɪ k d	0	0	vowel_change	reg_t	reg_d
majority	h ɹ̩ t	h ɹ̩ t	h ɹ̩ t	b r a ʊ z	b r a ʊ z d	b r a ʊ z d	h ɹ̩ t d	0	0	no_change	no_change	reg_d
majority	h iː t	h iː t ə d	h ɹ̩ t	s e ɪ v	s e ɪ v d	s e ɪ v d	h iː t d	0	0	reg_əd	vowel_change	reg_d
majority	f l a ʊ ɹ̩	f l a ʊ ɹ̩ d	f l a ʊ ɹ̩ d	ə s ɛ m b ə l	ə s ɛ m b ə l d	ə s ɛ m b ə l d	f l a ʊ ɹ̩ d	1	1	reg_d	reg_d	reg_d
majority	k l o ʊ z	k l o ʊ z d	k l o ʊ z d	h ʌ ɡ	h ʌ ɡ d	h ʌ ɡ d	k l o ʊ z d	1	1	reg_d	reg_d	reg_d
majority	m a ɪ n	m a ɪ n d	m a ɪ n d	r o ʊ l	r o ʊ l d	r o ʊ l d	m a ɪ n d	1	1	reg_d	reg_d	reg_d
majority	v ɪ z ɪ t	v ɪ z ɪ t ə d	v ɪ z ɪ t ə d	d æ z ə l	d æ z ə l d	d æ z ə l d	v ɪ z ɪ t d	0	0	reg_əd	reg_əd	reg_d
majority	t e ɪ s t	t e ɪ s t ə d	t e ɪ s t ə d	r ɪ z uː m	r ɪ z uː m d	r ɪ z uː m d	t e ɪ s t d	0	0	reg_əd	reg_əd	reg_d
majority	b ʌ t ɹ̩	b ʌ t ɹ̩ d	b ʌ t ɹ̩ d	s k iː	s k iː d	s k iː d	b ʌ t ɹ̩ d	1	1	reg_d	reg_d	reg_d
majority	m e ɪ l	m e ɪ l d	m e ɪ l d	ɡ r iː n	ɡ r iː n d	ɡ r iː n d	m e ɪ l d	1	1	reg_d	reg_d	reg_d
majority	d ɪ ŋ	d ɪ ŋ d	d ʌ ŋ	s w ɹ̩ l	s w ɹ̩ l d	s w ɹ̩ l d	d ɪ ŋ d	0	1	reg_d	vowel_change	reg_d
majority	s t ɑː p	s t ɑː p t	s t ɑː p t	b ɛ ɡ	b ɛ ɡ d	b ɛ ɡ d	s t ɑː p d	0	0	reg_t	reg_t	reg_d
majority	ɪ k s a ɪ t	ɪ k s a ɪ t ə d	ɪ k s a ɪ t ə d	s e ɪ l	s e ɪ l d	s e ɪ l d	ɪ k s a ɪ t d	0	0	reg_əd	reg_əd	reg_d
majority	f r a ɪ	f r a ɪ d	f r a ɪ d	b e ɪ ð	b e ɪ ð d	b e ɪ ð d	f r a ɪ d	1	1	reg_d	reg_d	reg_d
majority	s p iː k	s p o ʊ k	s p iː k t	h ɛ r iː	h ɛ r iː d	h ɛ r iː d	s p iː k d	0	0	vowel_change	reg_t	reg_d
majority	s k r æ m b ə l	s k r æ m b ə l d	s k r æ m b ə l d	b ɑː m	b ɑː m d	b ɑː m d	s k r æ m b ə l d	1	1	reg_d	reg_d	reg_d
majority	t͡ʃ ɛ k	t͡ʃ ɛ k t	t͡ʃ ɛ k t	s a ɪ d ə l	s a ɪ d ə l d	s a ɪ d ə l d	t͡ʃ ɛ k d	0	0	reg_t	reg_t	reg_d
majority	n ʌ m b ɹ̩	n ʌ m b ɹ̩ d	n ʌ m b ɹ̩ d	s t a ɪ m iː	s t a ɪ m iː d	s t a ɪ m iː d	n ʌ m b ɹ̩ d	1	1	reg_d	reg_d	reg_d
majority	b ɛ n d	b ɛ n d ə d	b ɛ n t	s ɪ m b ə l a ɪ z	s ɪ m b ə l a ɪ z d	s ɪ m b ə l a ɪ z d	b ɛ n d d	0	0	reg_əd	coda_change	reg_d
majority	t ɔ s	t ɔ s t	t ɔ s t	n ʌ d͡ʒ	n ʌ d͡ʒ d	n ʌ d͡ʒ d	t ɔ s d	0	0	reg_t	reg_t	reg_d
majority	w ɪ s p ɹ̩	w ɪ s p ɹ̩ d	w ɪ s p ɹ̩ d	l e ɪ ɹ̩	l e ɪ ɹ̩ d	l e ɪ ɹ̩ d	w ɪ s p ɹ̩ d	1	1	reg_d	reg_d	reg_d
majority	a ɪ	a ɪ d	a ɪ	s iː s ɔ	s iː s ɔ d	s iː s ɔ d	a ɪ d	0	1	reg_d	no_change	reg_d
majority	p ɑː p	p ɑː p t	p ɑː p t	s n iː z	s n iː z d	s n iː z d	p ɑː p d	0	0	reg_t	reg_t	reg_d
majority	ɪ ɡ z ɔ s t	ɪ ɡ z ɔ s t ə d	ɪ ɡ z ɔ s t ə d	t a ɪ m	t a ɪ m d	t a ɪ m d	ɪ ɡ z ɔ s t d	0	0	reg_əd	reg_əd	reg_d
majority	b ɪ l d	b ɪ l t	b ɪ l d ə d	s p ʌ n d͡ʒ	s p ʌ n d͡ʒ d	s p ʌ n d͡ʒ d	b ɪ l d d	0	0	coda_change	reg_əd	reg_d
majority	w ʌ n d ɹ̩	w ʌ n d ɹ̩ d	w ʌ n d ɹ̩ d	f ɛ ð ɹ̩	f ɛ ð ɹ̩ d	f ɛ ð ɹ̩ d	w ʌ n d ɹ̩ d	1	1	reg_d	reg_d	reg_d
majority	k r æ k	k r æ k t	k r æ k t	r ɛ s k j uː	r ɛ s k j uː d	r ɛ s k j uː d	k r æ k d	0	0	reg_t	reg_t	reg_d
majority	n ɪ b ə l	n ɪ b ə l d	n ɪ b ə l d	v e ɪ k e ɪ ʃ ə n	v e ɪ k e ɪ ʃ ə n d	v e ɪ k e ɪ ʃ ə n d	n ɪ b ə l d	1	1	reg_d	reg_d	reg_d
majority	d ɪ l ɪ v ɹ̩	d ɪ l ɪ v ɹ̩ d	d ɪ l ɪ v ɹ̩ d	t ɛ l ə f o ʊ n	t ɛ l ə f o ʊ n d	t ɛ l ə f o ʊ n d	d ɪ l ɪ v ɹ̩ d	1	1	reg_d	reg_d	reg_d
majority	s k ɛ r	s k ɛ r d	s k ɛ r d	t͡ʃ iː r	t͡ʃ iː r d	t͡ʃ iː r d	s k ɛ r d	1	1	reg_d	reg_d	reg_d
majority	ɔ f ɹ̩	ɔ f ɹ̩ d	ɔ f ɹ̩ d	f a ɪ ɹ̩	f a ɪ ɹ̩ d	f a ɪ ɹ̩ d	ɔ f ɹ̩ d	1	1	reg_d	reg_d	reg_d
majority	f l ɑː p	f l ɑː p t	f l ɑː p t	b ɪ l iː v	b ɪ l iː v d	b ɪ l iː v d	f l ɑː p d	0	0	reg_t	reg_t	reg_d
majority	ə p o ʊ z	ə p o ʊ z d	ə p o ʊ z d	s t æ ɡ ɹ̩	s t æ ɡ ɹ̩ d	s t æ ɡ ɹ̩ d	ə p o ʊ z d	1	1	reg_d	reg_d	reg_d
majority	k ʌ l ɹ̩	k ʌ l ɹ̩ d	k ʌ l ɹ̩ d	ɡ ɪ ɡ ə l	ɡ ɪ ɡ ə l d	ɡ ɪ ɡ ə l d	k ʌ l ɹ̩ d	1	1	reg_d	reg_d	reg_d
majority	k æ m p	k æ m p t	k æ m p t	d͡ʒ ʌ ɡ ə l	d͡ʒ ʌ ɡ ə l d	d͡ʒ ʌ ɡ ə l d	k æ m p d	0	0	reg_t	reg_t	reg_d
majority	s ɛ l	s o ʊ l d	s ɛ l d	d a ɪ ə l	d a ɪ ə l d	d a ɪ ə l d	s ɛ l d	1	0	vowel_change_suffix	reg_d	reg_d
majority	f l æ p	f l æ p t	f l æ p t	ə k ɹ̩	ə k ɹ̩ d	ə k ɹ̩ d	f l æ p d	0	0	reg_t	reg_t	reg_d
majority	p r ɛ s	p r ɛ s t	p r ɛ s t	s uː	s uː d	s uː d	p r ɛ s d	0	0	reg_t	reg_t	reg_d
majority	f ɪ l	f ɪ l d	f ɪ l d	f ʌ m b ə l	f ʌ m b ə l d	f ʌ m b ə l d	f ɪ l d	1	1	reg_d	reg_d	reg_d
majority	b r æ n t͡ʃ	b r æ n t͡ʃ t	b r æ n t͡ʃ t	m ʌ l t ə p l a ɪ	m ʌ l t ə p l a ɪ d	m ʌ l t ə p l a ɪ d	b r æ n t͡ʃ d	0	0	reg_t	reg_t	reg_d
majority	t a ɪ t ə n	t a ɪ t ə n d	t a ɪ t ə n d	s k r uː	s k r uː d	s k r uː d	t a ɪ t ə n d	1	1	reg_d	reg_d	reg_d
majority	k æ p t ɪ v e ɪ t	k æ p t ɪ v e ɪ t ə d	k æ p t ə v e ɪ t ə d	p l iː z	p l iː z d	p l iː z d	k æ p t ɪ v e ɪ t d	0	0	reg_əd	other	reg_d
majority	t o ʊ s t	t o ʊ s t ə d	t o ʊ s t ə d	r iː m uː v	r iː m uː v d	r iː m uː v d	t o ʊ s t d	0	0	reg_əd	reg_əd	reg_d
majority	d ɪ s ə p iː r	d ɪ s ə p iː r d	d ɪ s ə p iː p iː r iː ə d	h ɑː l ɹ̩	h ɑː l ɹ̩ d	h ɑː l ɹ̩ d	d ɪ s ə p iː r d	0	1	reg_d	other	reg_d
majority	b ɛ r	b o ʊ r	b ɛ r d	p r uː v	p r uː v d	p r uː v d	b ɛ r d	1	0	vowel_change	reg_d	reg_d
majority	b ɛ r iː	b ɛ r iː d	b ɛ r iː d	f a ɪ n	f a ɪ n d	f a ɪ n d	b ɛ r iː d	1	1	reg_d	reg_d	reg_d
majority	s n iː k	s n iː k t	s n iː k t	ɡ ʌ m	ɡ ʌ m d	ɡ ʌ m d	s n iː k d	0	0	reg_t	reg_t	reg_d
majority	l ʌ n t͡ʃ	l ʌ n t͡ʃ t	l ʌ n t͡ʃ t	l e ɪ ɹ̩	l e ɪ ɹ̩ d	l e ɪ ɹ̩ d	l ʌ n t͡ʃ d	0	0	reg_t	reg_t	reg_d
majority	m ɛ m ɹ̩ a ɪ z	m ɛ m ɹ̩ a ɪ z d	m ɛ m ɹ̩ a ɪ z d	h a ɪ ɹ̩	h a ɪ ɹ̩ d	h a ɪ ɹ̩ d	m ɛ m ɹ̩ a ɪ z d	1	1	reg_d	reg_d	reg_d
majority	h a ɪ d	h ɪ d	h a ɪ d ə d	w a ɪ ɹ̩	w a ɪ ɹ̩ d	w a ɪ ɹ̩ d	h a ɪ d d	0	0	vowel_change	reg_əd	reg_d
majority	w iː l	w iː l d	w iː l d	s e ɪ l	s e ɪ l d	s e ɪ l d	w iː l d	1	1	reg_d	reg_d	reg_d
majority	p æ t	p æ t ə d	p æ t ə d	d ɑː n	d ɑː n d	d ɑː n d	p æ t d	0	0	reg_əd	reg_əd	reg_d
majority	s k æ m p ɹ̩	s k æ m p ɹ̩ d	s k æ m p ɹ̩ d	w ɑː b ə l	w ɑː b ə l d	w ɑː b ə l d	s k æ m p ɹ̩ d	1	1	reg_d	reg_d	reg_d
majority	p iː r	p iː r d	p iː r d	d ɪ s ɡ a ɪ z	d ɪ s ɡ a ɪ z d	d ɪ s ɡ a ɪ z d	p iː r d	1	1	reg_d	reg_d	reg_d
majority	ʃ æ m p uː	ʃ æ m p uː d	ʃ æ m p uː d	r ɪ p l a ɪ	r ɪ p l a ɪ d	r ɪ p l a ɪ d	ʃ æ m p uː d	1	1	reg_d	reg_d	reg_d
majority	r e ɪ s	r e ɪ s t	r e ɪ s t	ɪ m æ d͡ʒ ə n	ɪ m æ d͡ʒ ə n d	ɪ m æ d͡ʒ ə n d	r e ɪ s d	0	0	reg_t	reg_t	reg_d
majority	s t r ɛ t͡ʃ	s t r ɛ t͡ʃ t	s t r ɛ t͡ʃ t	o ʊ v ɹ̩ f l o ʊ	o ʊ v ɹ̩ f l o ʊ d	o ʊ v ɹ̩ f l o ʊ d	s t r ɛ t͡ʃ d	0	0	reg_t	reg_t	reg_d
majority	k ə l æ p s	k ə l æ p s t	k ə l æ p s t	k ɑː p iː	k ɑː p iː d	k ɑː p iː d	k ə l æ p s d	0	0	reg_t	reg_t	reg_d
majority	d r ɪ f t	d r ɪ f t ə d	d r ɪ f t ə d	s ɹ̩ k ə l	s ɹ̩ k ə l d	s ɹ̩ k ə l d	d r ɪ f t d	0	0	reg_əd	reg_əd	reg_d
majority	s t æ b	s t æ b d	s t æ b d	ʃ a ɪ	ʃ a ɪ d	ʃ a ɪ d	s t æ b d	1	1	reg_d	reg_d	reg_d
majority	t͡ʃ uː	t͡ʃ uː d	t͡ʃ uː d	t o ʊ	t o ʊ d	t o ʊ d	t͡ʃ uː d	1	1	reg_d	reg_d	reg_d
majority	b ʌ b ə l	b ʌ b ə l d	b ʌ b ə l d	ʃ ʌ f ə l	ʃ ʌ f ə l d	ʃ ʌ f ə l d	b ʌ b ə l d	1	1	reg_d	reg_d	reg_d
majority	s a ʊ ɹ̩	s a ʊ ɹ̩ d	s a ʊ ɹ̩ d	r iː t r iː v	r iː t r iː v d	r iː t r iː v d	s a ʊ ɹ̩ d	1	1	reg_d	reg_d	reg_d
majority	s t æ m p	s t æ m p t	s t æ m p t	t iː z	t iː z d	t iː z d	s t æ m p d	0	0	reg_t	reg_t	reg_d
majority	d͡ʒ ɹ̩ k	d͡ʒ ɹ̩ k t	d͡ʒ ɹ̩ k t	r ɛ d iː	r ɛ d iː d	r ɛ d iː d	d͡ʒ ɹ̩ k d	0	0	reg_t	reg_t	reg_d
majority	s ɔ	s ɔ d	s ɔ d	j ɛ l	j ɛ l d	j ɛ l d	s ɔ d	1	1	reg_d	reg_d	reg_d
majority	f l ɪ p	f l ɪ p t	f l ɪ p t	o ʊ n	o ʊ n d	o ʊ n d	f l ɪ p d	0	0	reg_t	reg_t	reg_d
majority	h iː l	h iː l d	h ɹ̩ l d	t ʌ m b ə l	t ʌ m b ə l d	t ʌ m b ə l d	h iː l d	0	1	reg_d	vowel_change_suffix	reg_d
majority	s k r iː m	s k r iː m d	s k r iː m d	d͡ʒ ʌ ɡ ə l	d͡ʒ ʌ ɡ ə l d	d͡ʒ ʌ ɡ ə l d	s k r iː m d	1	1	reg_d	reg_d	reg_d
majority	h ʊ k	h ʊ k t	h ʊ k t	z ɪ ɡ z æ ɡ	z ɪ ɡ z æ ɡ d	z ɪ ɡ z æ ɡ d	h ʊ k d	0	0	reg_t	reg_t	reg_d
majority	p ɪ t	p ɪ t ə d	p ɪ t ə d	p æ k ɪ d͡ʒ	p æ k ɪ d͡ʒ d	p æ k ɪ d͡ʒ d	p ɪ t d	0	0	reg_əd	reg_əd	reg_d
majority	t r ʌ b ə l	t r ʌ b ə l d	t r ʌ b ə l d	ə n k ʌ v ɹ̩	ə n k ʌ v ɹ̩ d	ə n k ʌ v ɹ̩ d	t r ʌ b ə l d	1	1	reg_d	reg_d	reg_d
majority	ɪ m p r ə v a ɪ z	ɪ m p r ə v a ɪ z d	ɪ m p r o ʊ z d	f ɪ ŋ ɡ ɹ̩	f ɪ ŋ ɡ ɹ̩ d	f ɪ ŋ ɡ ɹ̩ d	ɪ m p r ə v a ɪ z d	0	1	reg_d	other	reg_d
majority	n e ɪ l	n e ɪ l d	n e ɪ l d	h ɔ l	h ɔ l d	h ɔ l d	n e ɪ l d	1	1	reg_d	reg_d	reg_d
majority	b a ɪ k	b a ɪ k t	b a ɪ k t	b ʌ d͡ʒ	b ʌ d͡ʒ d	b ʌ d͡ʒ d	b a ɪ k d	0	0	reg_t	reg_t	reg_d
majority	l ɑː k	l ɑː k t	l ɑː k t	ɔ r d ɹ̩	ɔ r d ɹ̩ d	ɔ r d ɹ̩ d	l ɑː k d	0	0	reg_t	reg_t	reg_d
majority	r ɛ s t	r ɛ s t ə d	r ɛ s t ə d	s a ɪ	s a ɪ d	s a ɪ d	r ɛ s t d	0	0	reg_əd	reg_əd	reg_d
majority	b iː p	b iː p t	b iː p t	l iː n	l iː n d	l iː n d	b iː p d	0	0	reg_t	reg_t	reg_d
majority	s ɪ p	s ɪ p t	s æ p t	k ɛ r	k ɛ r d	k ɛ r d	s ɪ p d	0	0	reg_t	vowel_change_suffix	reg_d
majority	ɪ s k e ɪ p	ɪ s k e ɪ p t	ɪ s k e ɪ p t	d ɑː n	d ɑː n d	d ɑː n d	ɪ s k e ɪ p d	0	0	reg_t	reg_t	reg_d
majority	k ə n t r o ʊ l	k ə n t r o ʊ l d	k ə n t r o ʊ l d	m ɑː r	m ɑː r d	m ɑː r d	k ə n t r o ʊ l d	1	1	reg_d	reg_d	reg_d
majority	h ʌ d ə l	h ʌ d ə l d	h ʌ d ə l d	b r a ʊ n	b r a ʊ n d	b r a ʊ n d	h ʌ d ə l d	1	1	reg_d	reg_d	reg_d
majority	s w uː ʃ	s w uː ʃ t	s w uː ʃ t	p r ɪ z uː m	p r ɪ z uː m d	p r ɪ z uː m d	s w uː ʃ d	0	0	reg_t	reg_t	reg_d
majority	f a ɪ n d	f a ʊ n d	f a ɪ n d ə d	b ʌ ɡ	b ʌ ɡ d	b ʌ ɡ d	f a ɪ n d d	0	0	vowel_change	reg_əd	reg_d
majority	k ɔ ɪ l	k ɔ ɪ l d	k ɔ ɪ l d	m ɑː r b ə l	m ɑː r b ə l d	m ɑː r b ə l d	k ɔ ɪ l d	1	1	reg_d	reg_d	reg_d
majority	r ə f ɹ̩	r ə f ɹ̩ d	r ə f ɹ̩ d	s t ɔ r	s t ɔ r d	s t ɔ r d	r ə f ɹ̩ d	1	1	reg_d	reg_d	reg_d
majority	ʃ e ɪ v	ʃ e ɪ v d	ʃ e ɪ v d	j ɔ n	j ɔ n d	j ɔ n d	ʃ e ɪ v d	1	1	reg_d	reg_d	reg_d
majority	d ɪ s k r a ɪ b	d ɪ s k r a ɪ b d	d ɪ s k r o ʊ b d	b ʌ k ə l	b ʌ k ə l d	b ʌ k ə l d	d ɪ s k r a ɪ b d	0	1	reg_d	vowel_change_suffix	reg_d
majority	p r iː z ɛ n t	p r iː z ɛ n t ə d	p r iː z ɛ n t ə d	ʃ ʌ t ə l	ʃ ʌ t ə l d	ʃ ʌ t ə l d	p r iː z ɛ n t d	0	0	reg_əd	reg_əd	reg_d
majority	ɪ ɡ z ɪ s t	ɪ ɡ z ɪ s t ə d	ɪ ɡ z ɪ s t ə d	k ɑː n	k ɑː n d	k ɑː n d	ɪ ɡ z ɪ s t d	0	0	reg_əd	reg_əd	reg_d
majority	b ɔ r	b ɔ r d	b ɔ r d	ɡ æ ð ɹ̩	ɡ æ ð ɹ̩ d	ɡ æ ð ɹ̩ d	b ɔ r d	1	1	reg_d	reg_d	reg_d
majority	uː z	uː z d	uː z d	m a ʊ ð	m a ʊ ð d	m a ʊ ð d	uː z d	1	1	reg_d	reg_d	reg_d
majority	r ɑː b	r ɑː b d	r ɑː b d	d ɪ s t ɹ̩ b	d ɪ s t ɹ̩ b d	d ɪ s t ɹ̩ b d	r ɑː b d	1	1	reg_d	reg_d	reg_d
majority	t r æ p	t r æ p t	t r æ p t	ɡ æ ɡ	ɡ æ ɡ d	ɡ æ ɡ d	t r æ p d	0	0	reg_t	reg_t	reg_d
majority	b æ ʃ	b æ ʃ t	b æ ʃ t	p ɪ n	p ɪ n d	p ɪ n d	b æ ʃ d	0	0	reg_t	reg_t	reg_d
majority	æ k t	æ k t ə d	æ k t ə d	ɡ ɑː b ə l	ɡ ɑː b ə l d	ɡ ɑː b ə l d	æ k t d	0	0	reg_əd	reg_əd	reg_d
majority	s t o ʊ n	s t o ʊ n d	s t o ʊ n d	n æ ɡ	n æ ɡ d	n æ ɡ d	s t o ʊ n d	1	1	reg_d	reg_d	reg_d
majority	f l ɪ ŋ	f l ʌ ŋ	f l ʌ ŋ	ʃ uː	ʃ uː d	ʃ uː d	f l ɪ ŋ d	0	0	vowel_change	vowel_change	reg_d
majority	k w ɪ t	k w ɪ t	k w ɪ t	t r ɛ m b ə l	t r ɛ m b ə l d	t r ɛ m b ə l d	k w ɪ t d	0	0	no_change	no_change	reg_d
majority	p r ə f ɹ̩	p r ə f ɹ̩ d	p r ə f ɹ̩ d	d ɪ ɡ	d ɪ ɡ d	d ʌ ɡ	p r ə f ɹ̩ d	1	1	reg_d	reg_d	reg_d
majority	ə n l ɑː k	ə n l ɑː k t	ə n l ɑː k t	d r ɪ b ə l	d r ɪ b ə l d	d r ɪ b ə l d	ə n l ɑː k d	0	0	reg_t	reg_t	reg_d
majority	m æ n ə d͡ʒ	m æ n ə d͡ʒ d	m æ n ə d͡ʒ d	h a ɪ ɹ̩	h a ɪ ɹ̩ d	h a ɪ ɹ̩ d	m æ n ə d͡ʒ d	1	1	reg_d	reg_d	reg_d
majority	s ɛ n t ɹ̩	s ɛ n t ɹ̩ d	s ɛ n t ɹ̩ d	ʃ a ɪ n	ʃ a ɪ n d	ʃ a ɪ n d	s ɛ n t ɹ̩ d	1	1	reg_d	reg_d	reg_d
majority	s p ɑː t	s p ɑː t ə d	s p ɑː t ə d	s t ɑː r	s t ɑː r d	s t ɑː r d	s p ɑː t d	0	0	reg_əd	reg_əd	reg_d
majority	m o ʊ	m o ʊ d	m o ʊ d	f r iː	f r iː d	f r iː d	m o ʊ d	1	1	reg_d	reg_d	reg_d
majority	t æ t uː	t æ t uː d	t æ t uː d	b ɔ l	b ɔ l d	b ɔ l d	t æ t uː d	1	1	reg_d	reg_d	reg_d
majority	s a ɪ z	s a ɪ z d	s a ɪ z d	t a ɪ	t a ɪ d	t a ɪ d	s a ɪ z d	1	1	reg_d	reg_d	reg_d
majority	p ɹ̩ f ɛ k t	p ɹ̩ f ɛ k t ə d	p ɹ̩ f ɛ k t ə d	t iː t ɹ̩	t iː t ɹ̩ d	t iː t ɹ̩ d	p ɹ̩ f ɛ k t d	0	0	reg_əd	reg_əd	reg_d
majority	t r e ɪ n	t r e ɪ n d	t r e ɪ n d	k r a ɪ	k r a ɪ d	k r a ɪ d	t r e ɪ n d	1	1	reg_d	reg_d	reg_d
majority	p ʌ n ɪ ʃ	p ʌ n ɪ ʃ t	p ʌ n ɪ ʃ t	b ɑː m	b ɑː m d	b ɑː m d	p ʌ n ɪ ʃ d	0	0	reg_t	reg_t	reg_d
majority	l uː s	l uː s t	l uː s t	d͡ʒ ɔ ɪ n	d͡ʒ ɔ ɪ n d	d͡ʒ ɔ ɪ n d	l uː s d	0	0	reg_t	reg_t	reg_d
majority	t ɑː p ə l	t ɑː p ə l d	t ɑː p ə l d	r o ʊ l	r o ʊ l d	r o ʊ l d	t ɑː p ə l d	1	1	reg_d	reg_d	reg_d
majority	s k r æ p	s k r æ p t	s k r æ p t	k ʌ v ɹ̩	k ʌ v ɹ̩ d	k ʌ v ɹ̩ d	s k r æ p d	0	0	reg_t	reg_t	reg_d
majority	k r æ m	k r æ m d	k r æ m d	j ɔ n	j ɔ n d	j ɔ n d	k r æ m d	1	1	reg_d	reg_d	reg_d
majority	p ɪ t͡ʃ	p ɪ t͡ʃ t	p ɪ t͡ʃ t	ʃ r ɪ v ə l	ʃ r ɪ v ə l d	ʃ r ɪ v ə l d	p ɪ t͡ʃ d	0	0	reg_t	reg_t	reg_d
majority	s m æ ʃ	s m æ ʃ t	s m æ ʃ t	p iː	p iː d	p iː d	s m æ ʃ d	0	0	reg_t	reg_t	reg_d
majority	f e ɪ l	f e ɪ l d	f e ɪ l d	ɛ n d͡ʒ ɔ ɪ	ɛ n d͡ʒ ɔ ɪ d	ɛ n d͡ʒ ɔ ɪ d	f e ɪ l d	1	1	reg_d	reg_d	reg_d
majority	b l o ʊ t	b l o ʊ t ə d	b l o ʊ t ə d	k r o ʊ ʃ e ɪ	k r o ʊ ʃ e ɪ d	k r o ʊ ʃ e ɪ d	b l o ʊ t d	0	0	reg_əd	reg_əd	reg_d
majority	s k w iː k	s k w iː k t	s k w iː k t	p r a ɪ	p r a ɪ d	p r a ɪ d	s k w iː k d	0	0	reg_t	reg_t	reg_d
majority	s k ɹ̩ t	s k ɹ̩ t ə d	s k ɹ̩ t ə d	k ə m p ɛ r	k ə m p ɛ r d	k ə m p ɛ r d	s k ɹ̩ t d	0	0	reg_əd	reg_əd	reg_d
majority	b l ɪ ŋ k	b l ɪ ŋ k t	b l æ ŋ k	l a ɪ v	l a ɪ v d	l a ɪ v d	b l ɪ ŋ k d	0	0	reg_t	vowel_change	reg_d
majority	w æ ɡ	w æ ɡ d	w æ ɡ d	p ɪ n	p ɪ n d	p ɪ n d	w æ ɡ d	1	1	reg_d	reg_d	reg_d
majority	h æ t͡ʃ	h æ t͡ʃ t	h æ t͡ʃ t	r ɪ p l a ɪ	r ɪ p l a ɪ d	r ɪ p l a ɪ d	h æ t͡ʃ d	0	0	reg_t	reg_t	reg_d
majority	h a ʊ z	h a ʊ z d	h a ʊ z d	ɡ æ ð ɹ̩	ɡ æ ð ɹ̩ d	ɡ æ ð ɹ̩ d	h a ʊ z d	1	1	reg_d	reg_d	reg_d
majority	w ɑː f ə l	w ɑː f ə l d	w ɑː f ə l d	s k r ɪ b ə l	s k r ɪ b ə l d	s k r ɪ b ə l d	w ɑː f ə l d	1	1	reg_d	reg_d	reg_d
majority	b ʌ t ə n	b ʌ t ə n d	b ʌ t ə n d	f l a ʊ n d ɹ̩	f l a ʊ n d ɹ̩ d	f l a ʊ n d ɹ̩ d	b ʌ t ə n d	1	1	reg_d	reg_d	reg_d
majority	k ɹ̩ iː n	k ɹ̩ iː n d	k ɹ̩ iː n d	b æ ɡ	b æ ɡ d	b æ ɡ d	k ɹ̩ iː n d	1	1	reg_d	reg_d	reg_d
majority	s t r ɪ p	s t r ɪ p t	s t r æ p t	w e ɪ	w e ɪ d	w e ɪ d	s t r ɪ p d	0	0	reg_t	vowel_change_suffix	reg_d
majority	p r a ɪ z	p r a ɪ z d	p r a ɪ z	f r iː	f r iː d	f r iː d	p r a ɪ z d	0	1	reg_d	no_change	reg_d
majority	k ə n f j uː z	k ə n f j uː z d	k ə n f j uː z d	ɡ ɑː r d ə n	ɡ ɑː r d ə n d	ɡ ɑː r d ə n d	k ə n f j uː z d	1	1	reg_d	reg_d	reg_d
majority	p l ʌ ɡ	p l ʌ ɡ d	p l ʌ ɡ d	θ ʌ m	θ ʌ m d	θ ʌ m d	p l ʌ ɡ d	1	1	reg_d	reg_d	reg_d
majority	k ɹ̩ s	k ɹ̩ s t	k ɹ̩ s t	s w e ɪ	s w e ɪ d	s w e ɪ d	k ɹ̩ s d	0	0	reg_t	reg_t	reg_d
majority	f e ɪ n t	f e ɪ n t ə d	f e ɪ n t ə d	ə k ɹ̩	ə k ɹ̩ d	ə k ɹ̩ d	f e ɪ n t d	0	0	reg_əd	reg_əd	reg_d
majority	r iː p l e ɪ s	r iː p l e ɪ s t	r iː p l e ɪ s t	ɪ k s k j uː z	ɪ k s k j uː z d	ɪ k s k j uː z d	r iː p l e ɪ s d	0	0	reg_t	reg_t	reg_d
majority	ɡ ɑː r d	ɡ ɑː r d ə d	ɡ ɑː r d ə d	w ɛ l k ə m	w ɛ l k ə m d	w ɛ l k ə m d	ɡ ɑː r d d	0	0	reg_əd	reg_əd	reg_d
majority	ɡ l ʌ v	ɡ l ʌ v d	ɡ l ʌ v d	d ɪ s k ʌ v ɹ̩	d ɪ s k ʌ v ɹ̩ d	d ɪ s k ʌ v ɹ̩ d	ɡ l ʌ v d	1	1	reg_d	reg_d	reg_d
majority	s ɔ l t	s ɔ l t ə d	s ɔ l t ə d	t a ɪ ɹ̩	t a ɪ ɹ̩ d	t a ɪ ɹ̩ d	s ɔ l t d	0	0	reg_əd	reg_əd	reg_d
majority	s t ɛ r	s t ɛ r d	s t ɛ r d	s t ʌ d iː	s t ʌ d iː d	s t ʌ d iː d	s t ɛ r d	1	1	reg_d	reg_d	reg_d
majority	k ə m b a ɪ n	k ə m b a ɪ n d	k ə m b a ɪ n d	r iː m uː v	r iː m uː v d	r iː m uː v d	k ə m b a ɪ n d	1	1	reg_d	reg_d	reg_d
majority	f r ʌ n t	f r ʌ n t ə d	f r ʌ n t ə d	z ɪ p ɹ̩	z ɪ p ɹ̩ d	z ɪ p ɹ̩ d	f r ʌ n t d	0	0	reg_əd	reg_əd	reg_d
majority	ɡ ɑː r b ə l	ɡ ɑː r b ə l d	ɡ ɑː r b ə l d	m ɛ n ʃ ə n	m ɛ n ʃ ə n d	m ɛ n ʃ ə n d	ɡ ɑː r b ə l d	1	1	reg_d	reg_d	reg_d
majority	p æ m p ɹ̩	p æ m p ɹ̩ d	p æ m p ɹ̩ d	w ɪ ŋ	w ɪ ŋ d	w ɪ ŋ d	p æ m p ɹ̩ d	1	1	reg_d	reg_d	reg_d
majority	f iː r	f iː r d	f ɛ r d	d ɪ s ɡ a ɪ z	d ɪ s ɡ a ɪ z d	d ɪ s ɡ a ɪ z d	f iː r d	0	1	reg_d	vowel_change_suffix	reg_d
majority	ʃ ʌ v ə l	ʃ ʌ v ə l d	ʃ ʌ v ə l d	ɑː r ɡ j uː	ɑː r ɡ j uː d	ɑː r ɡ j uː d	ʃ ʌ v ə l d	1	1	reg_d	reg_d	reg_d
majority	s k ɛ d͡ʒ ʊ l	s k ɛ d͡ʒ ʊ l d	s k ɛ d͡ʒ ɛ l d	t iː t ɹ̩	t iː t ɹ̩ d	t iː t ɹ̩ d	s k ɛ d͡ʒ ʊ l d	0	1	reg_d	vowel_change_suffix	reg_d
majority	f l ʌ t ɹ̩	f l ʌ t ɹ̩ d	f l ʌ t ɹ̩ d	h ɑː l ɹ̩	h ɑː l ɹ̩ d	h ɑː l ɹ̩ d	f l ʌ t ɹ̩ d	1	1	reg_d	reg_d	reg_d
majority	s p ɑː r k ə l	s p ɑː r k ə l d	s p ɑː r k ə l d	r ɪ m ɛ m b ɹ̩	r ɪ m ɛ m b ɹ̩ d	r ɪ m ɛ m b ɹ̩ d	s p ɑː r k ə l d	1	1	reg_d	reg_d	reg_d
majority	r ɪ s p ɑː n d	r ɪ s p ɑː n d ə d	r ɪ s p ɑː n d ə d	t r æ v ə l	t r æ v ə l d	t r æ v ə l d	r ɪ s p ɑː n d d	0	0	reg_əd	reg_əd	reg_d
majority	t æ t ɹ̩	t æ t ɹ̩ d	t æ t ɹ̩ d	t iː z	t iː z d	t iː z d	t æ t ɹ̩ d	1	1	reg_d	reg_d	reg_d
majority	p ɑː k ə t	p ɑː k ə t ə d	p ɑː k ə t ə d	b ɑː r b	b ɑː r b d	b ɑː r b d	p ɑː k ə t d	0	0	reg_əd	reg_əd	reg_d
majority	d͡ʒ æ ŋ ɡ ə l	d͡ʒ æ ŋ ɡ ə l d	d͡ʒ æ ŋ ɡ ə l d	w ɔ r m	w ɔ r m d	w ɔ r m d	d͡ʒ æ ŋ ɡ ə l d	1	1	reg_d	reg_d	reg_d
majority	p iː p	p iː p t	p iː p t	t r æ v ə l	t r æ v ə l d	t r æ v ə l d	p iː p d	0	0	reg_t	reg_t	reg_d
majority	æ k s ɛ s ɹ̩ a ɪ z	æ k s ɛ s ɹ̩ a ɪ z d	æ s ɛ s ɛ s a ɪ z d	r ɪ ŋ k ə l	r ɪ ŋ k ə l d	r ɪ ŋ k ə l d	æ k s ɛ s ɹ̩ a ɪ z d	0	1	reg_d	other	reg_d
majority	r ɛ d͡ʒ ɪ s t ɹ̩	r ɛ d͡ʒ ɪ s t ɹ̩ d	r ɛ d͡ʒ ɪ s t ɹ̩ d	t a ɪ l	t a ɪ l d	t a ɪ l d	r ɛ d͡ʒ ɪ s t ɹ̩ d	1	1	reg_d	reg_d	reg_d
majority	ɡ l o ʊ	ɡ l o ʊ d	ɡ l uː	d ɑː k t ɹ̩	d ɑː k t ɹ̩ d	d ɑː k t ɹ̩ d	ɡ l o ʊ d	0	1	reg_d	vowel_change	reg_d
majority	k ɑː m ɛ n t	k ɑː m ɛ n t ə d	k ɑː m ɛ n t ə d	b ɑː m	b ɑː m d	b ɑː m d	k ɑː m ɛ n t d	0	0	reg_əd	reg_əd	reg_d
majority	r ə f j uː z	r ə f j uː z d	r ə f j uː z d	r uː l	r uː l d	r uː l d	r ə f j uː z d	1	1	reg_d	reg_d	reg_d
majority	w ɛ d	w ɛ d	w ɛ d ə d	s ɹ̩ v	s ɹ̩ v d	s ɹ̩ v d	w ɛ d d	0	0	no_change	reg_əd	reg_d
majority	d a ʊ n	d a ʊ n d	d a ʊ n d	d ɪ k l ɛ r	d ɪ k l ɛ r d	d ɪ k l ɛ r d	d a ʊ n d	1	1	reg_d	reg_d	reg_d
majority	t͡ʃ ɪ p	t͡ʃ ɪ p t	t͡ʃ ɪ p t	ɡ l ɛ r	ɡ l ɛ r d	ɡ l ɛ r d	t͡ʃ ɪ p d	0	0	reg_t	reg_t	reg_d
majority	d ɹ̩ ɛ k t	d ɹ̩ ɛ k t ə d	d ɹ̩ ɛ k t ə d	ɪ ɡ z æ m ɪ n	ɪ ɡ z æ m ɪ n d	ɪ ɡ z æ m ɪ n d	d ɹ̩ ɛ k t d	0	0	reg_əd	reg_əd	reg_d
majority	d ɪ f ɛ n d	d ɪ f ɛ n d ə d	d ɪ f ɛ n d ə d	ɡ l ɛ r	ɡ l ɛ r d	ɡ l ɛ r d	d ɪ f ɛ n d d	0	0	reg_əd	reg_əd	reg_d
majority	p a ʊ n d	p a ʊ n d ə d	p a ʊ n d ə d	l ɪ s ə n	l ɪ s ə n d	l ɪ s ə n d	p a ʊ n d d	0	0	reg_əd	reg_əd	reg_d
majority	d r e ɪ p	d r e ɪ p t	d r e ɪ p t	r e ɪ z	r e ɪ z d	r e ɪ z d	d r e ɪ p d	0	0	reg_t	reg_t	reg_d
majority	k ə n t e ɪ n	k ə n t e ɪ n d	k ə n t e ɪ n d	ʃ uː	ʃ uː d	ʃ uː d	k ə n t e ɪ n d	1	1	reg_d	reg_d	reg_d
majority	s iː z ə n	s iː z ə n d	s iː z ə n d	k o ʊ m	k o ʊ m d	k o ʊ m d	s iː z ə n d	1	1	reg_d	reg_d	reg_d
majority	k r a ʊ t͡ʃ	k r a ʊ t͡ʃ t	k r a ʊ t͡ʃ t	d æ ŋ ɡ ə l	d æ ŋ ɡ ə l d	d æ ŋ ɡ ə l d	k r a ʊ t͡ʃ d	0	0	reg_t	reg_t	reg_d
majority	h ɪ p n ə t a ɪ z	h ɪ p n ə t a ɪ z d	h ɪ t ə t ə d	w ɔ r m	w ɔ r m d	w ɔ r m d	h ɪ p n ə t a ɪ z d	0	1	reg_d	other	reg_d
majority	k ə n d ɛ n s	k ə n d ɛ n s t	k ə n d ɛ n s t	ɪ k s p l ɔ r	ɪ k s p l ɔ r d	ɪ k s p l ɔ r d	k ə n d ɛ n s d	0	0	reg_t	reg_t	reg_d
majority	k r æ ŋ k	k r æ ŋ k t	k r æ ŋ k	ə r e ɪ n d͡ʒ	ə r e ɪ n d͡ʒ d	ə r e ɪ n d͡ʒ d	k r æ ŋ k d	0	0	reg_t	no_change	reg_d
majority	k l a ʊ d	k l a ʊ d ə d	k l a ʊ d ə d	k l iː n	k l iː n d	k l iː n d	k l a ʊ d d	0	0	reg_əd	reg_əd	reg_d
majority	r e ɪ d	r e ɪ d ə d	r e ɪ d ə d	f ɛ ð ɹ̩	f ɛ ð ɹ̩ d	f ɛ ð ɹ̩ d	r e ɪ d d	0	0	reg_əd	reg_əd	reg_d
majority	f ɪ l t ɹ̩	f ɪ l t ɹ̩ d	f ɪ l t ɹ̩ d	t ɹ̩ n	t ɹ̩ n d	t ɹ̩ n d	f ɪ l t ɹ̩ d	1	1	reg_d	reg_d	reg_d
majority	t æ ŋ ɡ ə l	t æ ŋ ɡ ə l d	t æ ŋ ɡ ə l d	t͡ʃ ɪ k ə n	t͡ʃ ɪ k ə n d	t͡ʃ ɪ k ə n d	t æ ŋ ɡ ə l d	1	1	reg_d	reg_d	reg_d
majority	p l æ s t ɹ̩	p l æ s t ɹ̩ d	p l æ s t ɹ̩ d	t͡ʃ ɹ̩ n	t͡ʃ ɹ̩ n d	t͡ʃ ɹ̩ n d	p l æ s t ɹ̩ d	1	1	reg_d	reg_d	reg_d
majority	ʃ e ɪ d	ʃ e ɪ d ə d	ʃ e ɪ d ə d	ʃ a ɪ n	ʃ a ɪ n d	ʃ a ɪ n d	ʃ e ɪ d d	0	0	reg_əd	reg_əd	reg_d
majority	t r ʌ s t	t r ʌ s t ə d	t r ʌ s t ə d	f a ɪ ɹ̩	f a ɪ ɹ̩ d	f a ɪ ɹ̩ d	t r ʌ s t d	0	0	reg_əd	reg_əd	reg_d
majority	s æ n d	s æ n d ə d	s æ n t ə d	ɡ æ ð ɹ̩	ɡ æ ð ɹ̩ d	ɡ æ ð ɹ̩ d	s æ n d d	0	0	reg_əd	other	reg_d
majority	d ɪ z ɑː l v	d ɪ z ɑː l v d	d ɪ z ɑː l v d	p e ɪ	p e ɪ d	p e ɪ d	d ɪ z ɑː l v d	1	1	reg_d	reg_d	reg_d
majority	r æ k	r æ k t	r æ k t	t a ɪ	t a ɪ d	t a ɪ d	r æ k d	0	0	reg_t	reg_t	reg_d
majority	ʃ ɛ l	ʃ ɛ l d	ʃ ɛ l d	ɪ k s t͡ʃ e ɪ n d͡ʒ	ɪ k s t͡ʃ e ɪ n d͡ʒ d	ɪ k s t͡ʃ e ɪ n d͡ʒ d	ʃ ɛ l d	1	1	reg_d	reg_d	reg_d
majority	s w ɑː p	s w ɑː p t	s w ɑː p t	s ɪ m ɹ̩	s ɪ m ɹ̩ d	s ɪ m ɹ̩ d	s w ɑː p d	0	0	reg_t	reg_t	reg_d
majority	r iː l iː s	r iː l iː s t	r iː l iː s t	r iː m uː v	r iː m uː v d	r iː m uː v d	r iː l iː s d	0	0	reg_t	reg_t	reg_d
majority	r e ɪ k	r e ɪ k t	r e ɪ k t	f l a ʊ n d ɹ̩	f l a ʊ n d ɹ̩ d	f l a ʊ n d ɹ̩ d	r e ɪ k d	0	0	reg_t	reg_t	reg_d
majority	k æ n s ə l	k æ n s ə l d	k æ n s ə l d	m o ʊ n	m o ʊ n d	m o ʊ n d	k æ n s ə l d	1	1	reg_d	reg_d	reg_d
majority	s p a ɪ	s p a ɪ d	s p a ɪ d	b æ ɡ	b æ ɡ d	b æ ɡ d	s p a ɪ d	1	1	reg_d	reg_d	reg_d
majority	f j uː m	f j uː m d	f j uː m d	ɪ k s k l e ɪ m	ɪ k s k l e ɪ m d	ɪ k s k l e ɪ m d	f j uː m d	1	1	reg_d	reg_d	reg_d
majority	p r iː p ɛ r	p r iː p ɛ r d	p r iː p ɛ r d	l ɔ ŋ	l ɔ ŋ d	l ɔ ŋ d	p r iː p ɛ r d	1	1	reg_d	reg_d	reg_d
majority	d ɪ s p o ʊ z	d ɪ s p o ʊ z d	d ɪ s p o ʊ z d	m ɑː r	m ɑː r d	m ɑː r d	d ɪ s p o ʊ z d	1	1	reg_d	reg_d	reg_d
majority	k ə n d ʌ k t	k ə n d ʌ k t ə d	k ə n d ʌ k t ə d	h ɛ d͡ʒ	h ɛ d͡ʒ d	h ɛ d͡ʒ d	k ə n d ʌ k t d	0	0	reg_əd	reg_əd	reg_d
majority	s t ɪ ŋ k	s t ʌ ŋ k	s t ʌ ŋ k t	d ɪ k l ɛ r	d ɪ k l ɛ r d	d ɪ k l ɛ r d	s t ɪ ŋ k d	0	0	vowel_change	vowel_change_suffix	reg_d
majority	d r e ɪ n	d r e ɪ n d	d r e ɪ n d	w e ɪ	w e ɪ d	w e ɪ d	d r e ɪ n d	1	1	reg_d	reg_d	reg_d
majority	ə n p l ʌ ɡ	ə n p l ʌ ɡ d	ə n p l ʌ ɡ d	t͡ʃ ɹ̩ n	t͡ʃ ɹ̩ n d	t͡ʃ ɹ̩ n d	ə n p l ʌ ɡ d	1	1	reg_d	reg_d	reg_d
majority	h æ l o ʊ	h æ l o ʊ d	h æ l o ʊ d	p e ɪ	p e ɪ d	p e ɪ d	h æ l o ʊ d	1	1	reg_d	reg_d	reg_d
majority	ɪ n t ɹ̩ æ k t	ɪ n t ɹ̩ æ k t ə d	ɪ n t ɹ̩ æ k t ə d	b r iː ð	b r iː ð d	b r iː ð d	ɪ n t ɹ̩ æ k t d	0	0	reg_əd	reg_əd	reg_d
majority	ə b s ɛ s	ə b s ɛ s t	ə b b ɛ s t	k l ɑː b ɹ̩	k l ɑː b ɹ̩ d	k l ɑː b ɹ̩ d	ə b s ɛ s d	0	0	reg_t	other	reg_d
majority	s n æ t͡ʃ	s n æ t͡ʃ t	s n æ t͡ʃ t	s t ʌ d iː	s t ʌ d iː d	s t ʌ d iː d	s n æ t͡ʃ d	0	0	reg_t	reg_t	reg_d
majority	t æ p	t æ p t	t æ p t	f a ɪ ɹ̩	f a ɪ ɹ̩ d	f a ɪ ɹ̩ d	t æ p d	0	0	reg_t	reg_t	reg_d
majority	t r æ ʃ	t r æ ʃ t	t r æ ʃ t	ə n k ʌ v ɹ̩	ə n k ʌ v ɹ̩ d	ə n k ʌ v ɹ̩ d	t r æ ʃ d	0	0	reg_t	reg_t	reg_d
majority	ʃ ɪ v ɹ̩	ʃ ɪ v ɹ̩ d	ʃ ɪ v ɹ̩ d	s o ʊ	s o ʊ d	s o ʊ d	ʃ ɪ v ɹ̩ d	1	1	reg_d	reg_d	reg_d
majority	r iː f ɪ l	r iː f ɪ l d	r iː f ɪ l d	p uː l	p uː l d	p uː l d	r iː f ɪ l d	1	1	reg_d	reg_d	reg_d
majority	d ʌ b	d ʌ b d	d ʌ b d	p ɪ k t͡ʃ ɹ̩	p ɪ k t͡ʃ ɹ̩ d	p ɪ k t͡ʃ ɹ̩ d	d ʌ b d	1	1	reg_d	reg_d	reg_d
majority	r ɪ p ɛ r	r ɪ p ɛ r d	r ɪ p ɛ r d	f l æ t ə n	f l æ t ə n d	f l æ t ə n d	r ɪ p ɛ r d	1	1	reg_d	reg_d	reg_d
majority	s t e ɪ k	s t e ɪ k t	s t e ɪ k t	ʃ ɛ r	ʃ ɛ r d	ʃ ɛ r d	s t e ɪ k d	0	0	reg_t	reg_t	reg_d
majority	ɛ r	ɛ r d	ɛ r d	ʃ ɔ r	ʃ ɔ r d	ʃ ɔ r d	ɛ r d	1	1	reg_d	reg_d	reg_d
majority	t r ʌ m p ə t	t r ʌ m p ə t ə d	t r ʌ m p ə t ə d	p e ɪ	p e ɪ d	p e ɪ d	t r ʌ m p ə t d	0	0	reg_əd	reg_əd	reg_d
majority	k l ɑː ɡ	k l ɑː ɡ d	k l ɑː ɡ d	ə ɡ r iː	ə ɡ r iː d	ə ɡ r iː d	k l ɑː ɡ d	1	1	reg_d	reg_d	reg_d
majority	p a ʊ ɹ̩	p a ʊ ɹ̩ d	p a ʊ ɹ̩ d	p ɑː r t iː	p ɑː r t iː d	p ɑː r t iː d	p a ʊ ɹ̩ d	1	1	reg_d	reg_d	reg_d
majority	ɪ ɡ z ɪ b ɪ t	ɪ ɡ z ɪ b ɪ t ə d	ɪ ɡ z ɪ b ɪ t ə d	k j uː b	k j uː b d	k j uː b d	ɪ ɡ z ɪ b ɪ t d	0	0	reg_əd	reg_əd	reg_d
majority	e ɪ d͡ʒ	e ɪ d͡ʒ d	e ɪ d͡ʒ d	n ʌ k ə l	n ʌ k ə l d	n ʌ k ə l d	e ɪ d͡ʒ d	1	1	reg_d	reg_d	reg_d
majority	t e ɪ b ə l	t e ɪ b ə l d	t e ɪ b ə l d	ɡ l ɛ r	ɡ l ɛ r d	ɡ l ɛ r d	t e ɪ b ə l d	1	1	reg_d	reg_d	reg_d
majority	r ɪ s p ɛ k t	r ɪ s p ɛ k t ə d	r ɪ s p ɛ k t ə d	θ ʌ n d ɹ̩	θ ʌ n d ɹ̩ d	θ ʌ n d ɹ̩ d	r ɪ s p ɛ k t d	0	0	reg_əd	reg_əd	reg_d
majority	m æ k s	m æ k s t	m æ k s t	d ɪ s t r ɔ ɪ	d ɪ s t r ɔ ɪ d	d ɪ s t r ɔ ɪ d	m æ k s d	0	0	reg_t	reg_t	reg_d
majority	ɛ n æ k t	ɛ n æ k t ə d	ɛ n æ k t ə d	a ɪ ɹ̩ n	a ɪ ɹ̩ n d	a ɪ ɹ̩ n d	ɛ n æ k t d	0	0	reg_əd	reg_əd	reg_d
majority	m ɑː d ə f a ɪ	m ɑː d ə f a ɪ d	m ɑː d ə f a ɪ d	ɡ ɑː r d ə n	ɡ ɑː r d ə n d	ɡ ɑː r d ə n d	m ɑː d ə f a ɪ d	1	1	reg_d	reg_d	reg_d
majority	f iː t͡ʃ ɹ̩	f iː t͡ʃ ɹ̩ d	f iː t͡ʃ ɹ̩ d	ɡ r iː n	ɡ r iː n d	ɡ r iː n d	f iː t͡ʃ ɹ̩ d	1	1	reg_d	reg_d	reg_d
majority	w e ɪ l	w e ɪ l d	w e ɪ l d	r ʌ b	r ʌ b d	r ʌ b d	w e ɪ l d	1	1	reg_d	reg_d	reg_d
majority	p ɹ̩ s	p ɹ̩ s t	p ɹ̩ s t	s p r e ɪ	s p r e ɪ d	s p r e ɪ d	p ɹ̩ s d	0	0	reg_t	reg_t	reg_d
random	s m a ɪ l	s m a ɪ l d	s m a ɪ l d	k ɪ l	k ɪ l d	k ɪ l d	s m a ɪ l d	1	1	reg_d	reg_d	reg_d
random	r iː d	r ɛ d	r iː d ə d	l æ s t	l æ s t ə d	l æ s t ə d	r iː d ə d	1	0	vowel_change	reg_əd	reg_əd
random	l a ɪ k	l a ɪ k t	l a ɪ k t	t iː t͡ʃ	t ɔ t	t ɔ t	NA	0	0	reg_t	reg_t	rhyme_replaced
random	ʃ o ʊ	ʃ o ʊ d	ʃ o ʊ d	ɛ k o ʊ	ɛ k o ʊ d	ɛ k o ʊ d	ʃ o ʊ d	1	1	reg_d	reg_d	reg_d
random	b a ɪ t	b ɪ t	b a ɪ t ə d	æ n s ɹ̩	æ n s ɹ̩ d	æ n s ɹ̩ d	b a ɪ t d	0	0	vowel_change	reg_əd	reg_d
random	f l a ɪ	f l uː	f l a ɪ d	d ɪ v ɛ l ə p	d ɪ v ɛ l ə p t	d ɪ v ɛ l ə p t	f l a ɪ t	0	0	vowel_change	reg_d	reg_t
random	h o ʊ p	h o ʊ p t	h o ʊ p t	s e ɪ v	s e ɪ v d	s e ɪ v d	h o ʊ p d	0	0	reg_t	reg_t	reg_d
random	o ʊ p ə n	o ʊ p ə n d	o ʊ p ə n d	ɡ r o ʊ	ɡ r uː	ɡ r uː	NA	0	0	reg_d	reg_d	vowel_change
random	r ʌ n	r æ n	r ʌ n d	t͡ʃ o ʊ k	t͡ʃ o ʊ k t	t͡ʃ o ʊ k t	r ʌ n t	0	0	vowel_change	reg_d	reg_t
random	t ɔ ɪ	t ɔ ɪ d	t ɔ t	iː t	e ɪ t	e ɪ t	NA	0	0	reg_d	vowel_change_suffix	vowel_change
random	p l e ɪ	p l e ɪ d	p l e ɪ d	s w ɑː l o ʊ	s w ɑː l o ʊ d	s w ɑː l o ʊ d	p l e ɪ d	1	1	reg_d	reg_d	reg_d
random	w ɑː t͡ʃ	w ɑː t͡ʃ t	w ɑː t͡ʃ t	p r ə t ɛ k t	p r ə t ɛ k t ə d	p r ə t ɛ k t ə d	w ɑː t͡ʃ ə d	0	0	reg_t	reg_t	reg_əd
random	r iː t͡ʃ	r iː t͡ʃ t	r iː t͡ʃ t	s w ɑː t	s w ɑː t ə d	s w ɑː t ə d	r iː t͡ʃ ə d	0	0	reg_t	reg_t	reg_əd
random	æ s k	æ s k t	æ s k t	s k ɪ p	s k ɪ p t	s k ɪ p t	æ s k t	1	1	reg_t	reg_t	reg_t
random	s m ɛ l	s m ɛ l d	s m ɛ l d	ɪ k w e ɪ t	ɪ k w e ɪ t ə d	ɪ k w e ɪ t ə d	s m ɛ l ə d	0	0	reg_d	reg_d	reg_əd
random	h æ ŋ	h ʌ ŋ	h æ ŋ d	p r ɪ v ɛ n t	p r ɪ v ɛ n t ə d	p r ɪ v ɛ n t ə d	h æ ŋ ə d	0	0	vowel_change	reg_d	reg_əd
random	r a ɪ d	r o ʊ d	r o ʊ d ə d	p e ɪ	p e ɪ d	p e ɪ d	r a ɪ d d	0	0	vowel_change	other	reg_d
random	s p ɪ l	s p ɪ l d	s p æ l d	t͡ʃ ʌ ɡ	t͡ʃ ʌ ɡ d	t͡ʃ ʌ ɡ d	s p ɪ l d	0	1	reg_d	vowel_change_suffix	reg_d
random	p ɔ r	p ɔ r d	p ɔ r d	d ɪ ʃ	d ɪ ʃ t	d ɪ ʃ t	p ɔ r t	0	0	reg_d	reg_d	reg_t
random	b a ʊ	b a ʊ d	b ɔ t	r ɛ s ə l	r ɛ s ə l d	r ɛ s ə l d	b a ʊ d	0	1	reg_d	vowel_change_suffix	reg_d
random	t ʌ t͡ʃ	t ʌ t͡ʃ t	t ʌ t͡ʃ t	o ʊ v ɹ̩ l æ p	o ʊ v ɹ̩ l æ p t	o ʊ v ɹ̩ l æ p t	t ʌ t͡ʃ t	1	1	reg_t	reg_t	reg_t
random	k ɑː z	k ɑː z d	k ɑː z d	m ɛ l t	m ɛ l t ə d	m ɛ l t ə d	k ɑː z ə d	0	0	reg_d	reg_d	reg_əd
random	s t r a ɪ k	s t r ʌ k	s t r a ɪ k t	ɪ m ə t e ɪ t	ɪ m ə t e ɪ t ə d	ɪ m ə t e ɪ t ə d	s t r a ɪ k ə d	0	0	vowel_change	reg_t	reg_əd
random	h ɹ̩ t	h ɹ̩ t	h ɹ̩ t	ɡ r æ b	ɡ r æ b d	ɡ r æ b d	h ɹ̩ t d	0	0	no_change	no_change	reg_d
random	h iː t	h iː t ə d	h ɹ̩ t	s ɪ ɡ n ə l	s ɪ ɡ n ə l d	s ɪ ɡ n ə l d	h iː t d	0	0	reg_əd	vowel_change	reg_d
random	f l a ʊ ɹ̩	f l a ʊ ɹ̩ d	f l a ʊ ɹ̩ d	s t æ k	s t æ k t	s t æ k t	f l a ʊ ɹ̩ t	0	0	reg_d	reg_d	reg_t
random	k l o ʊ z	k l o ʊ z d	k l o ʊ z d	s ɹ̩ p r a ɪ z	s ɹ̩ p r a ɪ z d	s ɹ̩ p r a ɪ z d	k l o ʊ z d	1	1	reg_d	reg_d	reg_d
random	m a ɪ n	m a ɪ n d	m a ɪ n d	p iː l	p iː l d	p iː l d	m a ɪ n d	1	1	reg_d	reg_d	reg_d
random	v ɪ z ɪ t	v ɪ z ɪ t ə d	v ɪ z ɪ t ə d	s t ɔ r m	s t ɔ r m d	s t ɔ r m d	v ɪ z ɪ t d	0	0	reg_əd	reg_əd	reg_d
random	t e ɪ s t	t e ɪ s t ə d	t e ɪ s t ə d	k ɪ s	k ɪ s t	k ɪ s t	t e ɪ s t t	0	0	reg_əd	reg_əd	reg_t
random	b ʌ t ɹ̩	b ʌ t ɹ̩ d	b ʌ t ɹ̩ d	b l e ɪ d	b l e ɪ d ə d	b l e ɪ d ə d	b ʌ t ɹ̩ ə d	0	0	reg_d	reg_d	reg_əd
random	m e ɪ l	m e ɪ l d	m e ɪ l d	s t r o ʊ k	s t r o ʊ k t	s t r o ʊ k t	m e ɪ l t	0	0	reg_d	reg_d	reg_t
random	d ɪ ŋ	d ɪ ŋ d	d ʌ ŋ	ʃ ɑː k	ʃ ɑː k t	ʃ ɑː k t	d ɪ ŋ t	0	0	reg_d	vowel_change	reg_t
random	s t ɑː p	s t ɑː p t	s t ɑː p t	w a ɪ n d	w a ɪ n d ə d	w a ɪ n d ə d	s t ɑː p ə d	0	0	reg_t	reg_t	reg_əd
random	ɪ k s a ɪ t	ɪ k s a ɪ t ə d	ɪ k s a ɪ t ə d	ɪ k w e ɪ t	ɪ k w e ɪ t ə d	ɪ k w e ɪ t ə d	ɪ k s a ɪ t ə d	1	1	reg_əd	reg_əd	reg_əd
random	f r a ɪ	f r a ɪ d	f r a ɪ d	v æ k j uː m	v æ k j uː m d	v æ k j uː m d	f r a ɪ d	1	1	reg_d	reg_d	reg_d
random	s p iː k	s p o ʊ k	s p iː k t	s l ɪ p	s l ɪ p t	s l ɪ p t	s p iː k t	1	0	vowel_change	reg_t	reg_t
random	s k r æ m b ə l	s k r æ m b ə l d	s k r æ m b ə l d	w a ɪ p	w a ɪ p t	w a ɪ p t	s k r æ m b ə l t	0	0	reg_d	reg_d	reg_t
random	t͡ʃ ɛ k	t͡ʃ ɛ k t	t͡ʃ ɛ k t	l æ f	l æ f t	l æ f t	t͡ʃ ɛ k t	1	1	reg_t	reg_t	reg_t
random	n ʌ m b ɹ̩	n ʌ m b ɹ̩ d	n ʌ m b ɹ̩ d	s k ɪ p	s k ɪ p t	s k ɪ p t	n ʌ m b ɹ̩ t	0	0	reg_d	reg_d	reg_t
random	b ɛ n d	b ɛ n d ə d	b ɛ n t	s p r ɪ ŋ k ə l	s p r ɪ ŋ k ə l d	s p r ɪ ŋ k ə l d	b ɛ n d d	0	0	reg_əd	coda_change	reg_d
random	t ɔ s	t ɔ s t	t ɔ s t	r ɪ z ɛ m b ə l	r ɪ z ɛ m b ə l d	r ɪ z ɛ m b ə l d	t ɔ s d	0	0	reg_t	reg_t	reg_d
random	w ɪ s p ɹ̩	w ɪ s p ɹ̩ d	w ɪ s p ɹ̩ d	ə r ɛ s t	ə r ɛ s t ə d	ə r ɛ s t ə d	w ɪ s p ɹ̩ ə d	0	0	reg_d	reg_d	reg_əd
random	a ɪ	a ɪ d	a ɪ	d ɪ s ə p ɔ ɪ n t	d ɪ s ə p ɔ ɪ n t ə d	d ɪ s ə p ɔ ɪ n t ə d	a ɪ ə d	0	0	reg_d	no_change	reg_əd
random	p ɑː p	p ɑː p t	p ɑː p t	ɪ n t ɹ̩ d͡ʒ ɛ k t	ɪ n t ɹ̩ d͡ʒ ɛ k t ə d	ɪ n t ɹ̩ d͡ʒ ɛ k t ə d	p ɑː p ə d	0	0	reg_t	reg_t	reg_əd
random	ɪ ɡ z ɔ s t	ɪ ɡ z ɔ s t ə d	ɪ ɡ z ɔ s t ə d	n ɑː t	n ɑː t ə d	n ɑː t ə d	ɪ ɡ z ɔ s t ə d	1	1	reg_əd	reg_əd	reg_əd
random	b ɪ l d	b ɪ l t	b ɪ l d ə d	k l æ p	k l æ p t	k l æ p t	b ɪ l d t	0	0	coda_change	reg_əd	reg_t
random	w ʌ n d ɹ̩	w ʌ n d ɹ̩ d	w ʌ n d ɹ̩ d	p ʊ ʃ	p ʊ ʃ t	p ʊ ʃ t	w ʌ n d ɹ̩ t	0	0	reg_d	reg_d	reg_t
random	k r æ k	k r æ k t	k r æ k t	r ɪ z a ɪ n	r ɪ z a ɪ n d	r ɪ z a ɪ n d	k r æ k d	0	0	reg_t	reg_t	reg_d
random	n ɪ b ə l	n ɪ b ə l d	n ɪ b ə l d	k r iː m	k r iː m d	k r iː m d	n ɪ b ə l d	1	1	reg_d	reg_d	reg_d
random	d ɪ l ɪ v ɹ̩	d ɪ l ɪ v ɹ̩ d	d ɪ l ɪ v ɹ̩ d	r æ t ə l	r æ t ə l d	r æ t ə l d	d ɪ l ɪ v ɹ̩ d	1	1	reg_d	reg_d	reg_d
random	s k ɛ r	s k ɛ r d	s k ɛ r d	d ɪ f iː t	d ɪ f iː t ə d	d ɪ f iː t ə d	s k ɛ r ə d	0	0	reg_d	reg_d	reg_əd
random	ɔ f ɹ̩	ɔ f ɹ̩ d	ɔ f ɹ̩ d	k o ʊ t	k o ʊ t ə d	k o ʊ t ə d	ɔ f ɹ̩ ə d	0	0	reg_d	reg_d	reg_əd
random	f l ɑː p	f l ɑː p t	f l ɑː p t	ʃ r ɪ ŋ k	ʃ r æ ŋ k	ʃ r æ ŋ k	NA	0	0	reg_t	reg_t	vowel_change
random	ə p o ʊ z	ə p o ʊ z d	ə p o ʊ z d	k ɹ̩ ɛ k t	k ɹ̩ ɛ k t ə d	k ɹ̩ ɛ k t ə d	ə p o ʊ z ə d	0	0	reg_d	reg_d	reg_əd
random	k ʌ l ɹ̩	k ʌ l ɹ̩ d	k ʌ l ɹ̩ d	æ k s ɛ p t	æ k s ɛ p t ə d	æ k s ɛ p t ə d	k ʌ l ɹ̩ ə d	0	0	reg_d	reg_d	reg_əd
random	k æ m p	k æ m p t	k æ m p t	s ɔ r t	s ɔ r t ə d	s ɔ r t ə d	k æ m p ə d	0	0	reg_t	reg_t	reg_əd
random	s ɛ l	s o ʊ l d	s ɛ l d	k l ɪ k	k l ɪ k t	k l ɪ k t	s ɛ l t	0	0	vowel_change_suffix	reg_d	reg_t
random	f l æ p	f l æ p t	f l æ p t	h ʌ ɡ	h ʌ ɡ d	h ʌ ɡ d	f l æ p d	0	0	reg_t	reg_t	reg_d
random	p r ɛ s	p r ɛ s t	p r ɛ s t	k l a ɪ m	k l a ɪ m d	k l a ɪ m d	p r ɛ s d	0	0	reg_t	reg_t	reg_d
random	f ɪ l	f ɪ l d	f ɪ l d	s iː s ɔ	s iː s ɔ d	s iː s ɔ d	f ɪ l d	1	1	reg_d	reg_d	reg_d
random	b r æ n t͡ʃ	b r æ n t͡ʃ t	b r æ n t͡ʃ t	h a ɪ ɹ̩	h a ɪ ɹ̩ d	h a ɪ ɹ̩ d	b r æ n t͡ʃ d	0	0	reg_t	reg_t	reg_d
random	t a ɪ t ə n	t a ɪ t ə n d	t a ɪ t ə n d	ɪ n v ɛ s t ə ɡ e ɪ t	ɪ n v ɛ s t ə ɡ e ɪ t ə d	ɪ n v ɛ s t ə ɡ e ɪ t ə d	t a ɪ t ə n ə d	0	0	reg_d	reg_d	reg_əd
random	k æ p t ɪ v e ɪ t	k æ p t ɪ v e ɪ t ə d	k æ p t ə v e ɪ t ə d	s t r a ɪ p	s t r a ɪ p t	s t r a ɪ p t	k æ p t ɪ v e ɪ t t	0	0	reg_əd	other	reg_t
random	t o ʊ s t	t o ʊ s t ə d	t o ʊ s t ə d	s uː t	s uː t ə d	s uː t ə d	t o ʊ s t ə d	1	1	reg_əd	reg_əd	reg_əd
random	d ɪ s ə p iː r	d ɪ s ə p iː r d	d ɪ s ə p iː p iː r iː ə d	d ɪ s t r ɔ ɪ	d ɪ s t r ɔ ɪ d	d ɪ s t r ɔ ɪ d	d ɪ s ə p iː r d	0	1	reg_d	other	reg_d
random	b ɛ r	b o ʊ r	b ɛ r d	r ɪ m ɛ m b ɹ̩	r ɪ m ɛ m b ɹ̩ d	r ɪ m ɛ m b ɹ̩ d	b ɛ r d	1	0	vowel_change	reg_d	reg_d
random	b ɛ r iː	b ɛ r iː d	b ɛ r iː d	s ə b t r æ k t	s ə b t r æ k t ə d	s ə b t r æ k t ə d	b ɛ r iː ə d	0	0	reg_d	reg_d	reg_əd
random	s n iː k	s n iː k t	s n iː k t	s k uː l	s k uː l d	s k uː l d	s n iː k d	0	0	reg_t	reg_t	reg_d
random	l ʌ n t͡ʃ	l ʌ n t͡ʃ t	l ʌ n t͡ʃ t	d ɛ r	d ɛ r d	d ɛ r d	l ʌ n t͡ʃ d	0	0	reg_t	reg_t	reg_d
random	m ɛ m ɹ̩ a ɪ z	m ɛ m ɹ̩ a ɪ z d	m ɛ m ɹ̩ a ɪ z d	s w a ɪ p	s w a ɪ p t	s w a ɪ p t	m ɛ m ɹ̩ a ɪ z t	0	0	reg_d	reg_d	reg_t
random	h a ɪ d	h ɪ d	h a ɪ d ə d	f r iː k	f r iː k t	f r iː k t	h a ɪ d t	0	0	vowel_change	reg_əd	reg_t
random	w iː l	w iː l d	w iː l d	s k e ɪ t	s k e ɪ t ə d	s k e ɪ t ə d	w iː l ə d	0	0	reg_d	reg_d	reg_əd
random	p æ t	p æ t ə d	p æ t ə d	ɪ n t ɹ̩ d͡ʒ ɛ k t	ɪ n t ɹ̩ d͡ʒ ɛ k t ə d	ɪ n t ɹ̩ d͡ʒ ɛ k t ə d	p æ t ə d	1	1	reg_əd	reg_əd	reg_əd
random	s k æ m p ɹ̩	s k æ m p ɹ̩ d	s k æ m p ɹ̩ d	p r ɪ v ɛ n t	p r ɪ v ɛ n t ə d	p r ɪ v ɛ n t ə d	s k æ m p ɹ̩ ə d	0	0	reg_d	reg_d	reg_əd
random	p iː r	p iː r d	p iː r d	s ɛ p ɹ̩ e ɪ t	s ɛ p ɹ̩ e ɪ t ə d	s ɛ p ɹ̩ e ɪ t ə d	p iː r ə d	0	0	reg_d	reg_d	reg_əd
random	ʃ æ m p uː	ʃ æ m p uː d	ʃ æ m p uː d	b l iː d	b l ɛ d	b l ɛ d	NA	0	0	reg_d	reg_d	vowel_change
random	r e ɪ s	r e ɪ s t	r e ɪ s t	r ɛ s k j uː	r ɛ s k j uː d	r ɛ s k j uː d	r e ɪ s d	0	0	reg_t	reg_t	reg_d
random	s t r ɛ t͡ʃ	s t r ɛ t͡ʃ t	s t r ɛ t͡ʃ t	s ɪ z ə l	s ɪ z ə l d	s ɪ z ə l d	s t r ɛ t͡ʃ d	0	0	reg_t	reg_t	reg_d
random	k ə l æ p s	k ə l æ p s t	k ə l æ p s t	b ə l uː n	b ə l uː n d	b ə l uː n d	k ə l æ p s d	0	0	reg_t	reg_t	reg_d
random	d r ɪ f t	d r ɪ f t ə d	d r ɪ f t ə d	d a ɪ	d a ɪ d	d a ɪ d	d r ɪ f t d	0	0	reg_əd	reg_əd	reg_d
random	s t æ b	s t æ b d	s t æ b d	j ɔ n	j ɔ n d	j ɔ n d	s t æ b d	1	1	reg_d	reg_d	reg_d
random	t͡ʃ uː	t͡ʃ uː d	t͡ʃ uː d	w ɪ ŋ	w ɪ ŋ d	w ɪ ŋ d	t͡ʃ uː d	1	1	reg_d	reg_d	reg_d
random	b ʌ b ə l	b ʌ b ə l d	b ʌ b ə l d	b ɛ t	b ɛ t	b ɛ t	b ʌ b ə l	0	0	reg_d	reg_d	no_change
random	s a ʊ ɹ̩	s a ʊ ɹ̩ d	s a ʊ ɹ̩ d	t e ɪ p	t e ɪ p t	t e ɪ p t	s a ʊ ɹ̩ t	0	0	reg_d	reg_d	reg_t
random	s t æ m p	s t æ m p t	s t æ m p t	t͡ʃ ɑː r d͡ʒ	t͡ʃ ɑː r d͡ʒ d	t͡ʃ ɑː r d͡ʒ d	s t æ m p d	0	0	reg_t	reg_t	reg_d
random	d͡ʒ ɹ̩ k	d͡ʒ ɹ̩ k t	d͡ʒ ɹ̩ k t	ɪ k s k l e ɪ m	ɪ k s k l e ɪ m d	ɪ k s k l e ɪ m d	d͡ʒ ɹ̩ k d	0	0	reg_t	reg_t	reg_d
random	s ɔ	s ɔ d	s ɔ d	d͡ʒ æ m	d͡ʒ æ m d	d͡ʒ æ m d	s ɔ d	1	1	reg_d	reg_d	reg_d
random	f l ɪ p	f l ɪ p t	f l ɪ p t	r ɔ ŋ	r ɔ ŋ d	r ɔ ŋ d	f l ɪ p d	0	0	reg_t	reg_t	reg_d
random	h iː l	h iː l d	h ɹ̩ l d	ɡ ɛ s	ɡ ɛ s t	ɡ ɛ s t	h iː l t	0	0	reg_d	vowel_change_suffix	reg_t
random	s k r iː m	s k r iː m d	s k r iː m d	p ʌ n t͡ʃ	p ʌ n t͡ʃ t	p ʌ n t͡ʃ t	s k r iː m t	0	0	reg_d	reg_d	reg_t
random	h ʊ k	h ʊ k t	h ʊ k t	f ɪ k s	f ɪ k s t	f ɪ k s t	h ʊ k t	1	1	reg_t	reg_t	reg_t
random	p ɪ t	p ɪ t ə d	p ɪ t ə d	s w ɪ t͡ʃ	s w ɪ t͡ʃ t	s w ɪ t͡ʃ t	p ɪ t t	0	0	reg_əd	reg_əd	reg_t
random	t r ʌ b ə l	t r ʌ b ə l d	t r ʌ b ə l d	ə p ɑː l ə d͡ʒ a ɪ z	ə p ɑː l ə d͡ʒ a ɪ z d	ə p ɑː l ə d͡ʒ a ɪ z d	t r ʌ b ə l d	1	1	reg_d	reg_d	reg_d
random	ɪ m p r ə v a ɪ z	ɪ m p r ə v a ɪ z d	ɪ m p r o ʊ z d	p ɪ k t͡ʃ ɹ̩	p ɪ k t͡ʃ ɹ̩ d	p ɪ k t͡ʃ ɹ̩ d	ɪ m p r ə v a ɪ z d	0	1	reg_d	other	reg_d
random	n e ɪ l	n e ɪ l d	n e ɪ l d	s p l ɪ t	s p l ɪ t	s p l ɪ t	n e ɪ l	0	0	reg_d	reg_d	no_change
random	b a ɪ k	b a ɪ k t	b a ɪ k t	k l æ s	k l æ s t	k l æ s t	b a ɪ k t	1	1	reg_t	reg_t	reg_t
random	l ɑː k	l ɑː k t	l ɑː k t	f l e ɪ v ɹ̩	f l e ɪ v ɹ̩ d	f l e ɪ v ɹ̩ d	l ɑː k d	0	0	reg_t	reg_t	reg_d
random	r ɛ s t	r ɛ s t ə d	r ɛ s t ə d	t ɪ ŋ k ə l	t ɪ ŋ k ə l d	t ɪ ŋ k ə l d	r ɛ s t d	0	0	reg_əd	reg_əd	reg_d
random	b iː p	b iː p t	b iː p t	r ɪ z uː m	r ɪ z uː m d	r ɪ z uː m d	b iː p d	0	0	reg_t	reg_t	reg_d
random	s ɪ p	s ɪ p t	s æ p t	r ɪ l e ɪ t	r ɪ l e ɪ t ə d	r ɪ l e ɪ t ə d	s ɪ p ə d	0	0	reg_t	vowel_change_suffix	reg_əd
random	ɪ s k e ɪ p	ɪ s k e ɪ p t	ɪ s k e ɪ p t	w ɔ k	w ɔ k t	w ɔ k t	ɪ s k e ɪ p t	1	1	reg_t	reg_t	reg_t
random	k ə n t r o ʊ l	k ə n t r o ʊ l d	k ə n t r o ʊ l d	w ɪ s ə l	w ɪ s ə l d	w ɪ s ə l d	k ə n t r o ʊ l d	1	1	reg_d	reg_d	reg_d
random	h ʌ d ə l	h ʌ d ə l d	h ʌ d ə l d	w ɪ ʃ	w ɪ ʃ t	w ɪ ʃ t	h ʌ d ə l t	0	0	reg_d	reg_d	reg_t
random	s w uː ʃ	s w uː ʃ t	s w uː ʃ t	t͡ʃ o ʊ k	t͡ʃ o ʊ k t	t͡ʃ o ʊ k t	s w uː ʃ t	1	1	reg_t	reg_t	reg_t
random	f a ɪ n d	f a ʊ n d	f a ɪ n d ə d	p iː s	p iː s t	p iː s t	f a ɪ n d t	0	0	vowel_change	reg_əd	reg_t
random	k ɔ ɪ l	k ɔ ɪ l d	k ɔ ɪ l d	a ʊ t ɡ r o ʊ	a ʊ t ɡ r uː	a ʊ t ɡ r uː	NA	0	0	reg_d	reg_d	vowel_change
random	r ə f ɹ̩	r ə f ɹ̩ d	r ə f ɹ̩ d	f a ɪ t	f ɔ t	f ɔ t	NA	0	0	reg_d	reg_d	vowel_change
random	ʃ e ɪ v	ʃ e ɪ v d	ʃ e ɪ v d	p r ə n a ʊ n s	p r ə n a ʊ n s t	p r ə n a ʊ n s t	ʃ e ɪ v t	0	0	reg_d	reg_d	reg_t
random	d ɪ s k r a ɪ b	d ɪ s k r a ɪ b d	d ɪ s k r o ʊ b d	h ɑː l ɹ̩	h ɑː l ɹ̩ d	h ɑː l ɹ̩ d	d ɪ s k r a ɪ b d	0	1	reg_d	vowel_change_suffix	reg_d
random	p r iː z ɛ n t	p r iː z ɛ n t ə d	p r iː z ɛ n t ə d	b l e ɪ m	b l e ɪ m d	b l e ɪ m d	p r iː z ɛ n t d	0	0	reg_əd	reg_əd	reg_d
random	ɪ ɡ z ɪ s t	ɪ ɡ z ɪ s t ə d	ɪ ɡ z ɪ s t ə d	p ʌ b l ɪ ʃ	p ʌ b l ɪ ʃ t	p ʌ b l ɪ ʃ t	ɪ ɡ z ɪ s t t	0	0	reg_əd	reg_əd	reg_t
random	b ɔ r	b ɔ r d	b ɔ r d	l e ɪ	l e ɪ d	l e ɪ d	b ɔ r d	1	1	reg_d	reg_d	reg_d
random	uː z	uː z d	uː z d	b ɪ h e ɪ v	b ɪ h e ɪ v d	b ɪ h e ɪ v d	uː z d	1	1	reg_d	reg_d	reg_d
random	r ɑː b	r ɑː b d	r ɑː b d	b e ɪ s	b e ɪ s t	b e ɪ s t	r ɑː b t	0	0	reg_d	reg_d	reg_t
random	t r æ p	t r æ p t	t r æ p t	t r æ n s k r a ɪ b	t r æ n s k r a ɪ b d	t r æ n s k r a ɪ b d	t r æ p d	0	0	reg_t	reg_t	reg_d
random	b æ ʃ	b æ ʃ t	b æ ʃ t	k ɑː s t	k ɑː s t	k ɑː s t	b æ ʃ	0	0	reg_t	reg_t	no_change
random	æ k t	æ k t ə d	æ k t ə d	r a ɪ z	r o ʊ z	r o ʊ z	NA	0	0	reg_əd	reg_əd	vowel_change
random	s t o ʊ n	s t o ʊ n d	s t o ʊ n d	θ ɔ	θ ɔ d	θ ɔ d	s t o ʊ n d	1	1	reg_d	reg_d	reg_d
random	f l ɪ ŋ	f l ʌ ŋ	f l ʌ ŋ	t͡ʃ ɹ̩ n	t͡ʃ ɹ̩ n d	t͡ʃ ɹ̩ n d	f l ɪ ŋ d	0	0	vowel_change	vowel_change	reg_d
random	k w ɪ t	k w ɪ t	k w ɪ t	r ʌ b	r ʌ b d	r ʌ b d	k w ɪ t d	0	0	no_change	no_change	reg_d
random	p r ə f ɹ̩	p r ə f ɹ̩ d	p r ə f ɹ̩ d	k ɹ̩ v	k ɹ̩ v d	k ɹ̩ v d	p r ə f ɹ̩ d	1	1	reg_d	reg_d	reg_d
random	ə n l ɑː k	ə n l ɑː k t	ə n l ɑː k t	s ɛ n d	s ɛ n t	s ɛ n t	NA	0	0	reg_t	reg_t	coda_change
random	m æ n ə d͡ʒ	m æ n ə d͡ʒ d	m æ n ə d͡ʒ d	w uː	w uː d	w uː d	m æ n ə d͡ʒ d	1	1	reg_d	reg_d	reg_d
random	s ɛ n t ɹ̩	s ɛ n t ɹ̩ d	s ɛ n t ɹ̩ d	ʃ a ʊ ɹ̩	ʃ a ʊ ɹ̩ d	ʃ a ʊ ɹ̩ d	s ɛ n t ɹ̩ d	1	1	reg_d	reg_d	reg_d
random	s p ɑː t	s p ɑː t ə d	s p ɑː t ə d	m ɪ s	m ɪ s t	m ɪ s t	s p ɑː t t	0	0	reg_əd	reg_əd	reg_t
random	m o ʊ	m o ʊ d	m o ʊ d	s p r ɪ ŋ	s p r æ ŋ	s p r æ ŋ	NA	0	0	reg_d	reg_d	vowel_change
random	t æ t uː	t æ t uː d	t æ t uː d	s w ɪ m	s w æ m	s w æ m	NA	0	0	reg_d	reg_d	vowel_change
random	s a ɪ z	s a ɪ z d	s a ɪ z d	r ʌ f	r ʌ f t	r ʌ f t	s a ɪ z t	0	0	reg_d	reg_d	reg_t
random	p ɹ̩ f ɛ k t	p ɹ̩ f ɛ k t ə d	p ɹ̩ f ɛ k t ə d	p r ɪ v ɛ n t	p r ɪ v ɛ n t ə d	p r ɪ v ɛ n t ə d	p ɹ̩ f ɛ k t ə d	1	1	reg_əd	reg_əd	reg_əd
random	t r e ɪ n	t r e ɪ n d	t r e ɪ n d	f l iː	f l ɛ d	f l ɛ d	NA	0	0	reg_d	reg_d	vowel_change_suffix
random	p ʌ n ɪ ʃ	p ʌ n ɪ ʃ t	p ʌ n ɪ ʃ t	f ɛ t͡ʃ	f ɛ t͡ʃ t	f ɛ t͡ʃ t	p ʌ n ɪ ʃ t	1	1	reg_t	reg_t	reg_t
random	l uː s	l uː s t	l uː s t	s t e ɪ t	s t e ɪ t ə d	s t e ɪ t ə d	l uː s ə d	0	0	reg_t	reg_t	reg_əd
random	t ɑː p ə l	t ɑː p ə l d	t ɑː p ə l d	k r a ɪ	k r a ɪ d	k r a ɪ d	t ɑː p ə l d	1	1	reg_d	reg_d	reg_d
random	s k r æ p	s k r æ p t	s k r æ p t	s p r ɛ d	s p r ɛ d	s p r ɛ d	s k r æ p	0	0	reg_t	reg_t	no_change
random	k r æ m	k r æ m d	k r æ m d	b æ k	b æ k t	b æ k t	k r æ m t	0	0	reg_d	reg_d	reg_t
random	p ɪ t͡ʃ	p ɪ t͡ʃ t	p ɪ t͡ʃ t	s iː s ɔ	s iː s ɔ d	s iː s ɔ d	p ɪ t͡ʃ d	0	0	reg_t	reg_t	reg_d
random	s m æ ʃ	s m æ ʃ t	s m æ ʃ t	d r ɪ l	d r ɪ l d	d r ɪ l d	s m æ ʃ d	0	0	reg_t	reg_t	reg_d
random	f e ɪ l	f e ɪ l d	f e ɪ l d	d͡ʒ ɛ n ɹ̩ e ɪ t	d͡ʒ ɛ n ɹ̩ e ɪ t ə d	d͡ʒ ɛ n ɹ̩ e ɪ t ə d	f e ɪ l ə d	0	0	reg_d	reg_d	reg_əd
random	b l o ʊ t	b l o ʊ t ə d	b l o ʊ t ə d	t ɛ l ə f o ʊ n	t ɛ l ə f o ʊ n d	t ɛ l ə f o ʊ n d	b l o ʊ t d	0	0	reg_əd	reg_əd	reg_d
random	s k w iː k	s k w iː k t	s k w iː k t	k ɪ s	k ɪ s t	k ɪ s t	s k w iː k t	1	1	reg_t	reg_t	reg_t
random	s k ɹ̩ t	s k ɹ̩ t ə d	s k ɹ̩ t ə d	r e ɪ n	r e ɪ n d	r e ɪ n d	s k ɹ̩ t d	0	0	reg_əd	reg_əd	reg_d
random	b l ɪ ŋ k	b l ɪ ŋ k t	b l æ ŋ k	b ɛ ɡ	b ɛ ɡ d	b ɛ ɡ d	b l ɪ ŋ k d	0	0	reg_t	vowel_change	reg_d
random	w æ ɡ	w æ ɡ d	w æ ɡ d	p ɪ n t͡ʃ	p ɪ n t͡ʃ t	p ɪ n t͡ʃ t	w æ ɡ t	0	0	reg_d	reg_d	reg_t
random	h æ t͡ʃ	h æ t͡ʃ t	h æ t͡ʃ t	s t ɑː r t	s t ɑː r t ə d	s t ɑː r t ə d	h æ t͡ʃ ə d	0	0	reg_t	reg_t	reg_əd
random	h a ʊ z	h a ʊ z d	h a ʊ z d	s ɪ ŋ k	s æ ŋ k	s æ ŋ k	NA	0	0	reg_d	reg_d	vowel_change
random	w ɑː f ə l	w ɑː f ə l d	w ɑː f ə l d	o ʊ v ɹ̩ k ə m	o ʊ v ɹ̩ k e ɪ m	o ʊ v ɹ̩ k e ɪ m	NA	0	0	reg_d	reg_d	vowel_change
random	b ʌ t ə n	b ʌ t ə n d	b ʌ t ə n d	k æ s t	k æ s t	k æ s t	b ʌ t ə n	0	0	reg_d	reg_d	no_change
random	k ɹ̩ iː n	k ɹ̩ iː n d	k ɹ̩ iː n d	d ɪ s k ʌ v ɹ̩	d ɪ s k ʌ v ɹ̩ d	d ɪ s k ʌ v ɹ̩ d	k ɹ̩ iː n d	1	1	reg_d	reg_d	reg_d
random	s t r ɪ p	s t r ɪ p t	s t r æ p t	m ɛ n ʃ ə n	m ɛ n ʃ ə n d	m ɛ n ʃ ə n d	s t r ɪ p d	0	0	reg_t	vowel_change_suffix	reg_d
random	p r a ɪ z	p r a ɪ z d	p r a ɪ z	w ɔ n t	w ɔ n t ə d	w ɔ n t ə d	p r a ɪ z ə d	0	0	reg_d	no_change	reg_əd
random	k ə n f j uː z	k ə n f j uː z d	k ə n f j uː z d	d æ n s	d æ n s t	d æ n s t	k ə n f j uː z t	0	0	reg_d	reg_d	reg_t
random	p l ʌ ɡ	p l ʌ ɡ d	p l ʌ ɡ d	d a ɪ	d a ɪ d	d a ɪ d	p l ʌ ɡ d	1	1	reg_d	reg_d	reg_d
random	k ɹ̩ s	k ɹ̩ s t	k ɹ̩ s t	s k w iː z	s k w iː z d	s k w iː z d	k ɹ̩ s d	0	0	reg_t	reg_t	reg_d
random	f e ɪ n t	f e ɪ n t ə d	f e ɪ n t ə d	æ d	æ d ə d	æ d ə d	f e ɪ n t ə d	1	1	reg_əd	reg_əd	reg_əd
random	r iː p l e ɪ s	r iː p l e ɪ s t	r iː p l e ɪ s t	s n æ k	s n æ k t	s n æ k t	r iː p l e ɪ s t	1	1	reg_t	reg_t	reg_t
random	ɡ ɑː r d	ɡ ɑː r d ə d	ɡ ɑː r d ə d	s k æ n	s k æ n d	s k æ n d	ɡ ɑː r d d	0	0	reg_əd	reg_əd	reg_d
random	ɡ l ʌ v	ɡ l ʌ v d	ɡ l ʌ v d	ɑː r m	ɑː r m d	ɑː r m d	ɡ l ʌ v d	1	1	reg_d	reg_d	reg_d
random	s ɔ l t	s ɔ l t ə d	s ɔ l t ə d	s t e ɪ t	s t e ɪ t ə d	s t e ɪ t ə d	s ɔ l t ə d	1	1	reg_əd	reg_əd	reg_əd
random	s t ɛ r	s t ɛ r d	s t ɛ r d	s k a ʊ t	s k a ʊ t ə d	s k a ʊ t ə d	s t ɛ r ə d	0	0	reg_d	reg_d	reg_əd
random	k ə m b a ɪ n	k ə m b a ɪ n d	k ə m b a ɪ n d	k ʌ p ə l	k ʌ p ə l d	k ʌ p ə l d	k ə m b a ɪ n d	1	1	reg_d	reg_d	reg_d
random	f r ʌ n t	f r ʌ n t ə d	f r ʌ n t ə d	p ʌ f	p ʌ f t	p ʌ f t	f r ʌ n t t	0	0	reg_əd	reg_əd	reg_t
random	ɡ ɑː r b ə l	ɡ ɑː r b ə l d	ɡ ɑː r b ə l d	h a ɪ ɹ̩	h a ɪ ɹ̩ d	h a ɪ ɹ̩ d	ɡ ɑː r b ə l d	1	1	reg_d	reg_d	reg_d
random	p æ m p ɹ̩	p æ m p ɹ̩ d	p æ m p ɹ̩ d	b r ɪ ŋ	b r ɔ t	b r ɔ t	NA	0	0	reg_d	reg_d	rhyme_replaced
random	f iː r	f iː r d	f ɛ r d	r æ p	r æ p t	r æ p t	f iː r t	0	0	reg_d	vowel_change_suffix	reg_t
random	ʃ ʌ v ə l	ʃ ʌ v ə l d	ʃ ʌ v ə l d	n ə ɡ o ʊ ʃ iː e ɪ t	n ə ɡ o ʊ ʃ iː e ɪ t ə d	n ə ɡ o ʊ ʃ iː e ɪ t ə d	ʃ ʌ v ə l ə d	0	0	reg_d	reg_d	reg_əd
random	s k ɛ d͡ʒ ʊ l	s k ɛ d͡ʒ ʊ l d	s k ɛ d͡ʒ ɛ l d	r æ ʃ ə n	r æ ʃ ə n d	r æ ʃ ə n d	s k ɛ d͡ʒ ʊ l d	0	1	reg_d	vowel_change_suffix	reg_d
random	f l ʌ t ɹ̩	f l ʌ t ɹ̩ d	f l ʌ t ɹ̩ d	s ə k s iː d	s ə k s iː d ə d	s ə k s iː d ə d	f l ʌ t ɹ̩ ə d	0	0	reg_d	reg_d	reg_əd
random	s p ɑː r k ə l	s p ɑː r k ə l d	s p ɑː r k ə l d	r ɪ d͡ʒ ɔ ɪ s	r ɪ d͡ʒ ɔ ɪ s t	r ɪ d͡ʒ ɔ ɪ s t	s p ɑː r k ə l t	0	0	reg_d	reg_d	reg_t
random	r ɪ s p ɑː n d	r ɪ s p ɑː n d ə d	r ɪ s p ɑː n d ə d	d ɑː t	d ɑː t ə d	d ɑː t ə d	r ɪ s p ɑː n d ə d	1	1	reg_əd	reg_əd	reg_əd
random	t æ t ɹ̩	t æ t ɹ̩ d	t æ t ɹ̩ d	b a ʊ n s	b a ʊ n s t	b a ʊ n s t	t æ t ɹ̩ t	0	0	reg_d	reg_d	reg_t
random	p ɑː k ə t	p ɑː k ə t ə d	p ɑː k ə t ə d	p æ d ə l	p æ d ə l d	p æ d ə l d	p ɑː k ə t d	0	0	reg_əd	reg_əd	reg_d
random	d͡ʒ æ ŋ ɡ ə l	d͡ʒ æ ŋ ɡ ə l d	d͡ʒ æ ŋ ɡ ə l d	r ɛ k	r ɛ k t	r ɛ k t	d͡ʒ æ ŋ ɡ ə l t	0	0	reg_d	reg_d	reg_t
random	p iː p	p iː p t	p iː p t	b ə l uː n	b ə l uː n d	b ə l uː n d	p iː p d	0	0	reg_t	reg_t	reg_d
random	æ k s ɛ s ɹ̩ a ɪ z	æ k s ɛ s ɹ̩ a ɪ z d	æ s ɛ s ɛ s a ɪ z d	p r iː t ɛ n d	p r iː t ɛ n d ə d	p r iː t ɛ n d ə d	æ k s ɛ s ɹ̩ a ɪ z ə d	0	0	reg_d	other	reg_əd
random	r ɛ d͡ʒ ɪ s t ɹ̩	r ɛ d͡ʒ ɪ s t ɹ̩ d	r ɛ d͡ʒ ɪ s t ɹ̩ d	b æ k	b æ k t	b æ k t	r ɛ d͡ʒ ɪ s t ɹ̩ t	0	0	reg_d	reg_d	reg_t
random	ɡ l o ʊ	ɡ l o ʊ d	ɡ l uː	d ɛ r	d ɛ r d	d ɛ r d	ɡ l o ʊ d	0	1	reg_d	vowel_change	reg_d
random	k ɑː m ɛ n t	k ɑː m ɛ n t ə d	k ɑː m ɛ n t ə d	n o ʊ	n uː	n uː	NA	0	0	reg_əd	reg_əd	vowel_change
random	r ə f j uː z	r ə f j uː z d	r ə f j uː z d	ʃ ʌ v	ʃ ʌ v d	ʃ ʌ v d	r ə f j uː z d	1	1	reg_d	reg_d	reg_d
random	w ɛ d	w ɛ d	w ɛ d ə d	f l ʌ ʃ	f l ʌ ʃ t	f l ʌ ʃ t	w ɛ d t	0	0	no_change	reg_əd	reg_t
random	d a ʊ n	d a ʊ n d	d a ʊ n d	ə r a ɪ v	ə r o ʊ v d	ə r a ɪ v d	NA	0	0	reg_d	reg_d	vowel_change_suffix
random	t͡ʃ ɪ p	t͡ʃ ɪ p t	t͡ʃ ɪ p t	f iː d	f ɛ d	f ɛ d	NA	0	0	reg_t	reg_t	vowel_change
random	d ɹ̩ ɛ k t	d ɹ̩ ɛ k t ə d	d ɹ̩ ɛ k t ə d	p r æ k t ɪ s	p r æ k t ɪ s t	p r æ k t ɪ s t	d ɹ̩ ɛ k t t	0	0	reg_əd	reg_əd	reg_t
random	d ɪ f ɛ n d	d ɪ f ɛ n d ə d	d ɪ f ɛ n d ə d	p ɑː l ɪ ʃ	p ɑː l ɪ ʃ t	p ɑː l ɪ ʃ t	d ɪ f ɛ n d t	0	0	reg_əd	reg_əd	reg_t
random	p a ʊ n d	p a ʊ n d ə d	p a ʊ n d ə d	ɪ d͡ʒ ɛ k t	ɪ d͡ʒ ɛ k t ə d	ɪ d͡ʒ ɛ k t ə d	p a ʊ n d ə d	1	1	reg_əd	reg_əd	reg_əd
random	d r e ɪ p	d r e ɪ p t	d r e ɪ p t	d͡ʒ ʌ ɡ ə l	d͡ʒ ʌ ɡ ə l d	d͡ʒ ʌ ɡ ə l d	d r e ɪ p d	0	0	reg_t	reg_t	reg_d
random	k ə n t e ɪ n	k ə n t e ɪ n d	k ə n t e ɪ n d	d͡ʒ ɛ n ɹ̩ e ɪ t	d͡ʒ ɛ n ɹ̩ e ɪ t ə d	d͡ʒ ɛ n ɹ̩ e ɪ t ə d	k ə n t e ɪ n ə d	0	0	reg_d	reg_d	reg_əd
random	s iː z ə n	s iː z ə n d	s iː z ə n d	k ə l ɛ k t	k ə l ɛ k t ə d	k ə l ɛ k t ə d	s iː z ə n ə d	0	0	reg_d	reg_d	reg_əd
random	k r a ʊ t͡ʃ	k r a ʊ t͡ʃ t	k r a ʊ t͡ʃ t	w e ɪ k	w e ɪ k t	w o ʊ k	k r a ʊ t͡ʃ t	1	1	reg_t	reg_t	reg_t
random	h ɪ p n ə t a ɪ z	h ɪ p n ə t a ɪ z d	h ɪ t ə t ə d	ə l a ʊ	ə l a ʊ d	ə l a ʊ d	h ɪ p n ə t a ɪ z d	0	1	reg_d	other	reg_d
random	k ə n d ɛ n s	k ə n d ɛ n s t	k ə n d ɛ n s t	t͡ʃ uː z	t͡ʃ o ʊ z	t͡ʃ o ʊ z	NA	0	0	reg_t	reg_t	vowel_change
random	k r æ ŋ k	k r æ ŋ k t	k r æ ŋ k	b æ n d ɪ d͡ʒ	b æ n d ɪ d͡ʒ d	b æ n d ɪ d͡ʒ d	k r æ ŋ k d	0	0	reg_t	no_change	reg_d
random	k l a ʊ d	k l a ʊ d ə d	k l a ʊ d ə d	k w ɪ z	k w ɪ z d	k w ɪ z d	k l a ʊ d d	0	0	reg_əd	reg_əd	reg_d
random	r e ɪ d	r e ɪ d ə d	r e ɪ d ə d	t͡ʃ uː z	t͡ʃ o ʊ z	t͡ʃ o ʊ z	NA	0	0	reg_əd	reg_əd	vowel_change
random	f ɪ l t ɹ̩	f ɪ l t ɹ̩ d	f ɪ l t ɹ̩ d	ə n d uː	ə n d ɪ d	ə n d ɪ d	NA	0	0	reg_d	reg_d	vowel_change_suffix
random	t æ ŋ ɡ ə l	t æ ŋ ɡ ə l d	t æ ŋ ɡ ə l d	p e ɪ	p e ɪ d	p e ɪ d	t æ ŋ ɡ ə l d	1	1	reg_d	reg_d	reg_d
random	p l æ s t ɹ̩	p l æ s t ɹ̩ d	p l æ s t ɹ̩ d	m ɪ s	m ɪ s t	m ɪ s t	p l æ s t ɹ̩ t	0	0	reg_d	reg_d	reg_t
random	ʃ e ɪ d	ʃ e ɪ d ə d	ʃ e ɪ d ə d	d͡ʒ ʌ m p	d͡ʒ ʌ m p t	d͡ʒ ʌ m p t	ʃ e ɪ d t	0	0	reg_əd	reg_əd	reg_t
random	t r ʌ s t	t r ʌ s t ə d	t r ʌ s t ə d	ə r e ɪ n d͡ʒ	ə r e ɪ n d͡ʒ d	ə r e ɪ n d͡ʒ d	t r ʌ s t d	0	0	reg_əd	reg_əd	reg_d
random	s æ n d	s æ n d ə d	s æ n t ə d	ɪ k s p l e ɪ n	ɪ k s p l e ɪ n d	ɪ k s p l e ɪ n d	s æ n d d	0	0	reg_əd	other	reg_d
random	d ɪ z ɑː l v	d ɪ z ɑː l v d	d ɪ z ɑː l v d	s ɪ m ɹ̩	s ɪ m ɹ̩ d	s ɪ m ɹ̩ d	d ɪ z ɑː l v d	1	1	reg_d	reg_d	reg_d
random	r æ k	r æ k t	r æ k t	θ ʌ m	θ ʌ m d	θ ʌ m d	r æ k d	0	0	reg_t	reg_t	reg_d
random	ʃ ɛ l	ʃ ɛ l d	ʃ ɛ l d	ɡ ɑː b ə l	ɡ ɑː b ə l d	ɡ ɑː b ə l d	ʃ ɛ l d	1	1	reg_d	reg_d	reg_d
random	s w ɑː p	s w ɑː p t	s w ɑː p t	b ʌ s t	b ʌ s t ə d	b ʌ s t ə d	s w ɑː p ə d	0	0	reg_t	reg_t	reg_əd
random	r iː l iː s	r iː l iː s t	r iː l iː s t	k ʌ m	k ʌ m d	k e ɪ m	r iː l iː s d	0	0	reg_t	reg_t	reg_d
random	r e ɪ k	r e ɪ k t	r e ɪ k t	f æ s ə n e ɪ t	f æ s ə n e ɪ t ə d	f æ s ə n e ɪ t ə d	r e ɪ k ə d	0	0	reg_t	reg_t	reg_əd
random	k æ n s ə l	k æ n s ə l d	k æ n s ə l d	w ɑː b ə l	w ɑː b ə l d	w ɑː b ə l d	k æ n s ə l d	1	1	reg_d	reg_d	reg_d
random	s p a ɪ	s p a ɪ d	s p a ɪ d	f l iː	f l ɛ d	f l ɛ d	NA	0	0	reg_d	reg_d	vowel_change_suffix
random	f j uː m	f j uː m d	f j uː m d	ʃ ɛ r	ʃ ɛ r d	ʃ ɛ r d	f j uː m d	1	1	reg_d	reg_d	reg_d
random	p r iː p ɛ r	p r iː p ɛ r d	p r iː p ɛ r d	s k w iː z	s k w iː z d	s k w iː z d	p r iː p ɛ r d	1	1	reg_d	reg_d	reg_d
random	d ɪ s p o ʊ z	d ɪ s p o ʊ z d	d ɪ s p o ʊ z d	s p ɛ n d	s p ɛ n t	s p ɛ n t	NA	0	0	reg_d	reg_d	coda_change
random	k ə n d ʌ k t	k ə n d ʌ k t ə d	k ə n d ʌ k t ə d	s p r ɛ d	s p r ɛ d	s p r ɛ d	k ə n d ʌ k t	0	0	reg_əd	reg_əd	no_change
random	s t ɪ ŋ k	s t ʌ ŋ k	s t ʌ ŋ k t	r ɪ ŋ k ə l	r ɪ ŋ k ə l d	r ɪ ŋ k ə l d	s t ɪ ŋ k d	0	0	vowel_change	vowel_change_suffix	reg_d
random	d r e ɪ n	d r e ɪ n d	d r e ɪ n d	o ʊ n	o ʊ n d	o ʊ n d	d r e ɪ n d	1	1	reg_d	reg_d	reg_d
random	ə n p l ʌ ɡ	ə n p l ʌ ɡ d	ə n p l ʌ ɡ d	d ɑː t	d ɑː t ə d	d ɑː t ə d	ə n p l ʌ ɡ ə d	0	0	reg_d	reg_d	reg_əd
random	h æ l o ʊ	h æ l o ʊ d	h æ l o ʊ d	m ɹ̩ d ɹ̩	m ɹ̩ d ɹ̩ d	m ɹ̩ d ɹ̩ d	h æ l o ʊ d	1	1	reg_d	reg_d	reg_d
random	ɪ n t ɹ̩ æ k t	ɪ n t ɹ̩ æ k t ə d	ɪ n t ɹ̩ æ k t ə d	t iː t ɹ̩	t iː t ɹ̩ d	t iː t ɹ̩ d	ɪ n t ɹ̩ æ k t d	0	0	reg_əd	reg_əd	reg_d
random	ə b s ɛ s	ə b s ɛ s t	ə b b ɛ s t	s k æ n	s k æ n d	s k æ n d	ə b s ɛ s d	0	0	reg_t	other	reg_d
random	s n æ t͡ʃ	s n æ t͡ʃ t	s n æ t͡ʃ t	s t æ n d	s t ʊ d	s t ʊ d	NA	0	0	reg_t	reg_t	rhyme_replaced
random	t æ p	t æ p t	t æ p t	f o ʊ n	f o ʊ n d	f o ʊ n d	t æ p d	0	0	reg_t	reg_t	reg_d
random	t r æ ʃ	t r æ ʃ t	t r æ ʃ t	ɔ r d ɹ̩	ɔ r d ɹ̩ d	ɔ r d ɹ̩ d	t r æ ʃ d	0	0	reg_t	reg_t	reg_d
random	ʃ ɪ v ɹ̩	ʃ ɪ v ɹ̩ d	ʃ ɪ v ɹ̩ d	l ɪ k	l ɪ k t	l ɪ k t	ʃ ɪ v ɹ̩ t	0	0	reg_d	reg_d	reg_t
random	r iː f ɪ l	r iː f ɪ l d	r iː f ɪ l d	ə l a ʊ	ə l a ʊ d	ə l a ʊ d	r iː f ɪ l d	1	1	reg_d	reg_d	reg_d
random	d ʌ b	d ʌ b d	d ʌ b d	ɑː r m	ɑː r m d	ɑː r m d	d ʌ b d	1	1	reg_d	reg_d	reg_d
random	r ɪ p ɛ r	r ɪ p ɛ r d	r ɪ p ɛ r d	p r ɪ n t	p r ɪ n t ə d	p r ɪ n t ə d	r ɪ p ɛ r ə d	0	0	reg_d	reg_d	reg_əd
random	s t e ɪ k	s t e ɪ k t	s t e ɪ k t	b ɪ ɡ ɪ n	b ɪ ɡ æ n	b ɪ ɡ æ n	NA	0	0	reg_t	reg_t	vowel_change
random	ɛ r	ɛ r d	ɛ r d	k ɑː p iː	k ɑː p iː d	k ɑː p iː d	ɛ r d	1	1	reg_d	reg_d	reg_d
random	t r ʌ m p ə t	t r ʌ m p ə t ə d	t r ʌ m p ə t ə d	b ʌ d͡ʒ	b ʌ d͡ʒ d	b ʌ d͡ʒ d	t r ʌ m p ə t d	0	0	reg_əd	reg_əd	reg_d
random	k l ɑː ɡ	k l ɑː ɡ d	k l ɑː ɡ d	r ɪ d͡ʒ ɔ ɪ s	r ɪ d͡ʒ ɔ ɪ s t	r ɪ d͡ʒ ɔ ɪ s t	k l ɑː ɡ t	0	0	reg_d	reg_d	reg_t
random	p a ʊ ɹ̩	p a ʊ ɹ̩ d	p a ʊ ɹ̩ d	k ɹ̩ ɛ k t	k ɹ̩ ɛ k t ə d	k ɹ̩ ɛ k t ə d	p a ʊ ɹ̩ ə d	0	0	reg_d	reg_d	reg_əd
random	ɪ ɡ z ɪ b ɪ t	ɪ ɡ z ɪ b ɪ t ə d	ɪ ɡ z ɪ b ɪ t ə d	m ɑː k	m ɑː k t	m ɑː k t	ɪ ɡ z ɪ b ɪ t t	0	0	reg_əd	reg_əd	reg_t
random	e ɪ d͡ʒ	e ɪ d͡ʒ d	e ɪ d͡ʒ d	s ɹ̩ v ɪ s	s ɹ̩ v ɪ s t	s ɹ̩ v ɪ s t	e ɪ d͡ʒ t	0	0	reg_d	reg_d	reg_t
random	t e ɪ b ə l	t e ɪ b ə l d	t e ɪ b ə l d	ə d ɪ k t	ə d ɪ k t ə d	ə d ɪ k t ə d	t e ɪ b ə l ə d	0	0	reg_d	reg_d	reg_əd
random	r ɪ s p ɛ k t	r ɪ s p ɛ k t ə d	r ɪ s p ɛ k t ə d	ɡ ɑː l f	ɡ ɑː l f t	ɡ ɑː l f t	r ɪ s p ɛ k t t	0	0	reg_əd	reg_əd	reg_t
random	m æ k s	m æ k s t	m æ k s t	r ɪ p	r ɪ p t	r ɪ p t	m æ k s t	1	1	reg_t	reg_t	reg_t
random	ɛ n æ k t	ɛ n æ k t ə d	ɛ n æ k t ə d	d ɪ p ɛ n d	d ɪ p ɛ n d ə d	d ɪ p ɛ n d ə d	ɛ n æ k t ə d	1	1	reg_əd	reg_əd	reg_əd
random	m ɑː d ə f a ɪ	m ɑː d ə f a ɪ d	m ɑː d ə f a ɪ d	h ɹ̩ iː	h ɹ̩ iː d	h ɹ̩ iː d	m ɑː d ə f a ɪ d	1	1	reg_d	reg_d	reg_d
random	f iː t͡ʃ ɹ̩	f iː t͡ʃ ɹ̩ d	f iː t͡ʃ ɹ̩ d	h o ʊ l d	h ɛ l d	h ɛ l d	NA	0	0	reg_d	reg_d	vowel_change
random	w e ɪ l	w e ɪ l d	w e ɪ l d	b ɪ ɡ ɪ n	b ɪ ɡ æ n	b ɪ ɡ æ n	NA	0	0	reg_d	reg_d	vowel_change
random	p ɹ̩ s	p ɹ̩ s t	p ɹ̩ s t	s m æ k	s m æ k t	s m æ k t	p ɹ̩ s t	1	1	reg_t	reg_t	reg_t
