neighbors	src	gold	pred	neighbor_src	neighbor_out	neighbor_gold	analogy	matches_pred	matches_gold	class_gold	class_pred	class_neighbor
model_sep	f l o ʊ t	f l o ʊ t ə d	f l o ʊ t ə d	f ɑː l o ʊ	f ɑː l o ʊ d	f ɑː l o ʊ d	f l o ʊ t d	0	0	reg_əd	reg_əd	reg_d
model_sep	ɡ ɛ t	ɡ ɑː t	ɡ ɛ t	ɡ ʌ n	ɡ ʌ n d	ɡ ʌ n d	ɡ ɛ t d	0	0	vowel_change	no_change	reg_d
model_sep	n o ʊ	n uː	n o ʊ d	n æ p	n æ p t	n æ p t	n o ʊ t	0	0	vowel_change	reg_d	reg_t
model_sep	ɡ ɪ v	ɡ e ɪ v	ɡ ɪ v d	ɡ ʌ n	ɡ ʌ n d	ɡ ʌ n d	ɡ ɪ v d	1	0	vowel_change	reg_d	reg_d
model_sep	b ɹ̩ n	b ɹ̩ n d	b ɹ̩ n d	b ɛ t	b ɛ t	b ɛ t	b ɹ̩ n	0	0	reg_d	reg_d	no_change
model_sep	f ɪ t	f ɪ t	f ɪ t	f æ n	f æ n d	f æ n d	f ɪ t d	0	0	no_change	no_change	reg_d
model_sep	t e ɪ k	t ʊ k	t e ɪ k t	t e ɪ p	t e ɪ p t	t e ɪ p t	t e ɪ k t	1	0	vowel_change	reg_t	reg_t
model_sep	n e ɪ m	n e ɪ m d	n e ɪ m d	n a ɪ f	n a ɪ f t	n a ɪ f t	n e ɪ m t	0	0	reg_d	reg_d	reg_t
model_sep	d r ɪ p	d r ɪ p t	d r ɪ p t	d a ɪ v	d a ɪ v d	d o ʊ v	d r ɪ p d	0	0	reg_t	reg_t	reg_d
model_sep	r a ɪ d	r o ʊ d	r a ɪ d	r e ɪ s	r e ɪ s t	r e ɪ s t	r a ɪ d t	0	0	vowel_change	no_change	reg_t
model_sep	t ɛ l	t o ʊ l d	t ɛ l d	t iː z	t iː z d	t iː z d	t ɛ l d	1	0	vowel_change_suffix	reg_d	reg_d
model_sep	s n iː k	s n iː k t	s n iː k t	s p iː k	s p ɛ k t	s p o ʊ k	s n ɛ k t	0	0	reg_t	reg_t	vowel_change_suffix
model_sep	h æ p ə n	h æ p ə n d	h æ p ə n d	h o ʊ l d	h o ʊ l d ə d	h ɛ l d	h æ p ə n ə d	0	0	reg_d	reg_d	reg_əd
model_sep	w e ɪ t	w e ɪ t ə d	w e ɪ t ə d	w e ɪ v	w e ɪ v d	w e ɪ v d	w e ɪ t d	0	0	reg_əd	reg_əd	reg_d
model_sep	b r e ɪ k	b r o ʊ k	b r e ɪ k t	b r a ʊ n	b r a ʊ n d	b r a ʊ n d	b r e ɪ k d	0	0	vowel_change	reg_t	reg_d
model_sep	ɪ k s k j uː z	ɪ k s k j uː z d	ɪ k s k j e ɪ d	ɪ k s p l ɔ r	ɪ k s p l ɔ r d	ɪ k s p l ɔ r d	ɪ k s k j uː z d	0	1	reg_d	rhyme_replaced	reg_d
model_sep	s t ɑː r t	s t ɑː r t ə d	s t ɑː r t ə d	s t ɪ ŋ k	s t ʌ ŋ k t	s t ʌ ŋ k	NA	0	0	reg_əd	reg_əd	vowel_change_suffix
model_sep	d ɪ s a ɪ d	d ɪ s a ɪ d ə d	d ɪ s a ɪ d ə d	d ɪ l ɪ v ɹ̩	d ɪ l ɪ v ɹ̩ d	d ɪ l ɪ v ɹ̩ d	d ɪ s a ɪ d d	0	0	reg_əd	reg_əd	reg_d
model_sep	l ɪ s ə n	l ɪ s ə n d	l ɪ s ə n d	l ɪ f t	l ɪ f t ə d	l ɪ f t ə d	l ɪ s ə n ə d	0	0	reg_d	reg_d	reg_əd
model_sep	d ɪ ŋ	d ɪ ŋ d	d ɪ ŋ	d r ɔ	d r ɔ d	d r uː	d ɪ ŋ d	0	1	reg_d	no_change	reg_d
model_sep	h iː r	h ɹ̩ d	h iː r d	h æ ŋ	h æ ŋ	h ʌ ŋ	h iː r	0	0	rhyme_replaced	reg_d	no_change
model_sep	r ɛ n t͡ʃ	r ɛ n t͡ʃ t	r ɛ n t͡ʃ t	r ɛ d iː	r ɛ d iː d	r ɛ d iː d	r ɛ n t͡ʃ d	0	0	reg_t	reg_t	reg_d
model_sep	s t ɹ̩	s t ɹ̩ d	s t ɹ̩ d	s ɪ t	s ɪ t	s æ t	s t ɹ̩	0	0	reg_d	reg_d	no_change
model_sep	s ʌ k	s ʌ k t	s ʌ k t	s ɑː k	s ɑː k t	s ɑː k t	s ʌ k t	1	1	reg_t	reg_t	reg_t
model_sep	n ɑː k	n ɑː k t	n ɑː k t	n ɪ t	n ɪ t ə d	n ɪ t ə d	n ɑː k ə d	0	0	reg_t	reg_t	reg_əd
model_sep	d͡ʒ ʌ m p	d͡ʒ ʌ m p t	d͡ʒ ʌ m p t	d͡ʒ ɔ ɪ n	d͡ʒ ɔ ɪ n d	d͡ʒ ɔ ɪ n d	d͡ʒ ʌ m p d	0	0	reg_t	reg_t	reg_d
model_sep	w uː	w uː d	w uː d	w ɹ̩ k	w ɹ̩ k t	w ɹ̩ k t	w uː t	0	0	reg_d	reg_d	reg_t
model_sep	s m ɛ l	s m ɛ l d	s m ɛ l d	s m æ ʃ	s m æ ʃ t	s m æ ʃ t	s m ɛ l t	0	0	reg_d	reg_d	reg_t
model_sep	k iː p	k ɛ p t	k iː p t	k ɹ̩ v	k ɹ̩ v d	k ɹ̩ v d	k iː p d	0	0	vowel_change_suffix	reg_t	reg_d
model_sep	d ɔ ɡ	d ɔ ɡ d	d ɔ ɡ d	d ɪ ɡ	d ɪ ɡ d	d ʌ ɡ	d ɔ ɡ d	1	1	reg_d	reg_d	reg_d
model_sep	k ʌ l ɹ̩	k ʌ l ɹ̩ d	k ʌ l ɹ̩ d	k a ʊ t͡ʃ	k a ʊ t͡ʃ t	k a ʊ t͡ʃ t	k ʌ l ɹ̩ t	0	0	reg_d	reg_d	reg_t
model_sep	iː v ɪ n	iː v ɪ n d	iː v ɪ n d	iː t	e ɪ t	e ɪ t	NA	0	0	reg_d	reg_d	vowel_change
model_sep	s ɛ t	s ɛ t	s ɛ t	s ɪ t	s ɪ t	s æ t	s ɛ t	1	1	no_change	no_change	no_change
model_sep	p ʊ l	p ʊ l d	p ʊ l d	p ʌ f	p ʌ f t	p ʌ f t	p ʊ l t	0	0	reg_d	reg_d	reg_t
model_sep	w a ɪ n d	w a ɪ n d ə d	w a ɪ n d ə d	w e ɪ s t	w e ɪ s t ə d	w e ɪ s t ə d	w a ɪ n d ə d	1	1	reg_əd	reg_əd	reg_əd
model_sep	r a ɪ z	r o ʊ z	r a ɪ z d	r e ɪ z	r e ɪ z d	r e ɪ z d	r a ɪ z d	1	0	vowel_change	reg_d	reg_d
model_sep	n ʌ m b ɹ̩	n ʌ m b ɹ̩ d	n m ʌ m b d	n ɪ b ə l	n ɪ b ə l d	n ɪ b ə l d	n ʌ m b ɹ̩ d	0	1	reg_d	other	reg_d
model_sep	s t iː l	s t o ʊ l	s t iː l d	s t e ɪ	s t e ɪ d	s t e ɪ d	s t iː l d	1	0	vowel_change	reg_d	reg_d
model_sep	k ə n ɛ k t	k ə n ɛ k t ə d	k ə n t ə t ə d	k ɪ d n æ p	k ɪ d n æ p t	k ɪ d n æ p t	k ə n ɛ k t t	0	0	reg_əd	other	reg_t
model_sep	h ɑː p	h ɑː p t	h ɑː p t	h æ v	h æ v d	h æ d	h ɑː p d	0	0	reg_t	reg_t	reg_d
model_sep	s ɔ	s ɔ d	s ɔ	s uː	s uː d	s uː d	s ɔ d	0	1	reg_d	no_change	reg_d
model_sep	h iː t	h iː t ə d	h iː t	h ɪ t	h ɪ t	h ɪ t	h iː t	1	0	reg_əd	no_change	no_change
model_sep	ʃ uː	ʃ uː d	ʃ ɑː ɑː	ʃ o ʊ	ʃ o ʊ d	ʃ o ʊ d	ʃ uː d	0	1	reg_d	vowel_change	reg_d
model_sep	r e ɪ n	r e ɪ n d	r e ɪ n d	r e ɪ z	r e ɪ z d	r e ɪ z d	r e ɪ n d	1	1	reg_d	reg_d	reg_d
model_sep	t r ɪ k	t r ɪ k t	t r ɪ k t	t r ɪ p	t r ɪ p t	t r ɪ p t	t r ɪ k t	1	1	reg_t	reg_t	reg_t
model_sep	b r iː ð	b r iː ð d	b r iː ð d	b r iː d	b r iː d	b r ɛ d	b r iː ð	0	0	reg_d	reg_d	no_change
model_sep	ə n d ɹ̩ s t æ n d	ə n d ɹ̩ s t ʊ d	ə s t ə n d	ə p r iː ʃ iː e ɪ t	ə p r iː ʃ iː e ɪ t ə d	ə p r iː ʃ iː e ɪ t ə d	ə n d ɹ̩ s t æ n d ə d	0	0	rhyme_replaced	other	reg_əd
model_sep	p ɑː r k	p ɑː r k t	p ɑː r k t	p o ʊ k	p o ʊ k t	p o ʊ k t	p ɑː r k t	1	1	reg_t	reg_t	reg_t
model_sep	b æ ŋ	b æ ŋ d	b æ ŋ	b iː f	b iː f t	b iː f t	b æ ŋ t	0	0	reg_d	no_change	reg_t
model_sep	s k uː p	s k uː p t	s k uː p t	s m uː ð	s m uː ð d	s m uː ð d	s k uː p d	0	0	reg_t	reg_t	reg_d
model_sep	s t ɛ r	s t ɛ r d	s t ɛ r d	s t ɔ r	s t ɔ r d	s t ɔ r d	s t ɛ r d	1	1	reg_d	reg_d	reg_d
model_sep	m ɛ l t	m ɛ l t ə d	m ɛ l t ə d	m æ t ɹ̩	m æ t ɹ̩ d	m æ t ɹ̩ d	m ɛ l t d	0	0	reg_əd	reg_əd	reg_d
model_sep	l æ f	l æ f t	l æ f t	l ɹ̩ n	l ɹ̩ n d	l ɹ̩ n d	l æ f d	0	0	reg_t	reg_t	reg_d
model_sep	m a ʊ ð	m a ʊ ð d	m a ʊ ð d	m æ t ɹ̩	m æ t ɹ̩ d	m æ t ɹ̩ d	m a ʊ ð d	1	1	reg_d	reg_d	reg_d
model_sep	ɡ r ʌ m b ə l	ɡ r ʌ m b ə l d	ɡ r ʌ m b ə l d	ɡ ɑː r d ə n	ɡ ɑː r d ə n d	ɡ ɑː r d ə n d	ɡ r ʌ m b ə l d	1	1	reg_d	reg_d	reg_d
model_sep	r ɛ s t	r ɛ s t ə d	r ɛ s t ə d	r ɛ d iː	r ɛ d iː d	r ɛ d iː d	r ɛ s t d	0	0	reg_əd	reg_əd	reg_d
model_sep	s t ɑː m p	s t ɑː m p t	s t ɑː m p t	s m ɑː r t	s m ɑː r t ə d	s m ɑː r t ə d	s t ɑː m p ə d	0	0	reg_t	reg_t	reg_əd
model_sep	p e ɪ n t	p e ɪ n t ə d	p e ɪ n t ə d	p e ɪ s t	p e ɪ s t ə d	p e ɪ s t ə d	p e ɪ n t ə d	1	1	reg_əd	reg_əd	reg_əd
model_sep	t͡ʃ uː z	t͡ʃ o ʊ z	t͡ʃ uː z d	t͡ʃ ɑː p	t͡ʃ ɑː p t	t͡ʃ ɑː p t	t͡ʃ uː z t	0	0	vowel_change	reg_d	reg_t
model_sep	d r ɛ s	d r ɛ s t	d r ɛ s t	d r a ɪ	d r a ɪ d	d r a ɪ d	d r ɛ s d	0	0	reg_t	reg_t	reg_d
model_sep	m ɑː r k	m ɑː r k t	m ɑː r k t	m ɑː r t͡ʃ	m ɑː r t͡ʃ t	m ɑː r t͡ʃ t	m ɑː r k t	1	1	reg_t	reg_t	reg_t
model_sep	r ɑː k	r ɑː k t	r ɑː k t	r ɛ k	r ɛ k t	r ɛ k t	r ɑː k t	1	1	reg_t	reg_t	reg_t
model_sep	w ɛ t	w ɛ t	w ɛ t	w ɪ n	w ɪ n d	w ʌ n	w ɛ t d	0	0	no_change	no_change	reg_d
model_sep	t a ɪ p	t a ɪ p t	t a ɪ p t	t a ɪ ɹ̩	t a ɪ ɹ̩ d	t a ɪ ɹ̩ d	t a ɪ p d	0	0	reg_t	reg_t	reg_d
model_sep	s k r uː	s k r uː d	s k r uː d	s k ɔ r	s k ɔ r d	s k ɔ r d	s k r uː d	1	1	reg_d	reg_d	reg_d
model_sep	d ɪ s r ʌ p t	d ɪ s r ʌ p t ə d	d ɪ s r ʌ s t ə d	d ɪ s ɡ a ɪ z	d ɪ s ɡ a ɪ z d	d ɪ s ɡ a ɪ z d	d ɪ s r ʌ p t d	0	0	reg_əd	other	reg_d
model_sep	d a ɪ	d a ɪ d	d a ɪ d	d ɛ r	d ɛ r d	d ɛ r d	d a ɪ d	1	1	reg_d	reg_d	reg_d
model_sep	f l æ p	f l æ p t	f l æ p t	f l a ɪ	f l a ɪ d	f l uː	f l æ p d	0	0	reg_t	reg_t	reg_d
model_sep	s l æ p	s l æ p t	s l æ p t	s p ɛ l	s p ɛ l d	s p ɛ l d	s l æ p d	0	0	reg_t	reg_t	reg_d
model_sep	p r ɑː m ə s	p r ɑː m ə s t	p r ɑː m ə s ə d	p r iː p ɛ r	p r iː p ɛ r d	p r iː p ɛ r d	p r ɑː m ə s d	0	0	reg_t	reg_əd	reg_d
model_sep	f l a ʊ ɹ̩	f l a ʊ ɹ̩ d	f l a ʊ ɹ̩ d	f æ s ə n	f æ s ə n d	f æ s ə n d	f l a ʊ ɹ̩ d	1	1	reg_d	reg_d	reg_d
model_sep	ɡ æ ð ɹ̩	ɡ æ ð ɹ̩ d	ɡ æ ð ɹ̩ d	ɡ r uː p	ɡ r uː p t	ɡ r uː p t	ɡ æ ð ɹ̩ t	0	0	reg_d	reg_d	reg_t
model_sep	m ɛ ʒ ɹ̩	m ɛ ʒ ɹ̩ d	m ɛ m ɹ̩ d	m æ t ɹ̩	m æ t ɹ̩ d	m æ t ɹ̩ d	m ɛ ʒ ɹ̩ d	0	1	reg_d	other	reg_d
model_sep	f a ɪ t	f ɔ t	f a ɪ t ə d	f e ɪ k	f e ɪ k t	f e ɪ k t	f a ɪ t t	0	0	vowel_change	reg_əd	reg_t
model_sep	w æ ɡ	w æ ɡ d	w æ ɡ d	w ɹ̩ iː	w ɹ̩ iː d	w ɹ̩ iː d	w æ ɡ d	1	1	reg_d	reg_d	reg_d
model_sep	p ɪ k ə l	p ɪ k ə l d	p ɪ k ə l d	p ɪ k t͡ʃ ɹ̩	p ɪ k t͡ʃ ɹ̩ d	p ɪ k t͡ʃ ɹ̩ d	p ɪ k ə l d	1	1	reg_d	reg_d	reg_d
model_sep	s t o ʊ n	s t o ʊ n d	s t o ʊ n d	s t æ m p	s t æ m p t	s t æ m p t	s t o ʊ n t	0	0	reg_d	reg_d	reg_t
model_sep	s p r e ɪ	s p r e ɪ d	s p r e ɪ d	s p r ɛ d	s p r ɛ d	s p r ɛ d	s p r e ɪ	0	0	reg_d	reg_d	no_change
model_sep	t w a ɪ n	t w a ɪ n d	t w ɪ d	t w ɪ s t	t w ɪ s t ə d	t w ɪ s t ə d	t w a ɪ n ə d	0	0	reg_d	rhyme_replaced	reg_əd
model_sep	b iː p	b iː p t	b iː p t	b iː f	b iː f t	b iː f t	b iː p t	1	1	reg_t	reg_t	reg_t
model_sep	k ɑː r v	k ɑː r v d	k ɑː r v d	k æ r iː	k æ r iː d	k æ r iː d	k ɑː r v d	1	1	reg_d	reg_d	reg_d
model_sep	p ʌ z ə l	p ʌ z ə l d	p ʌ z ə l d	p l e ɪ s	p l e ɪ s t	p l e ɪ s t	p ʌ z ə l t	0	0	reg_d	reg_d	reg_t
model_sep	ʃ ʌ t	ʃ ʌ t	ʃ ʌ t	ʃ uː t	ʃ ɑː t ə d	ʃ ɑː t	NA	0	0	no_change	no_change	other
model_sep	t æ k ə l	t æ k ə l d	t æ k ə l d	t ɪ k ə l	t ɪ k ə l d	t ɪ k ə l d	t æ k ə l d	1	1	reg_d	reg_d	reg_d
model_sep	ɪ k s p ɛ k t	ɪ k s p ɛ k t ə d	ɪ k s p ɛ k t ə d	ɪ n s p ɛ k t	ɪ n s p ɛ k t ə d	ɪ n s p ɛ k t ə d	ɪ k s p ɛ k t ə d	1	1	reg_əd	reg_əd	reg_əd
model_sep	b iː t	b iː t	b iː t ə d	b uː t	b uː t ə d	b uː t ə d	b iː t ə d	1	0	no_change	reg_əd	reg_əd
model_sep	k ɑː p iː	k ɑː p iː d	k ɑː p t	k ʌ v ɹ̩	k ʌ v ɹ̩ d	k ʌ v ɹ̩ d	k ɑː p iː d	0	1	reg_d	other	reg_d
model_sep	ə r a ɪ v	ə r a ɪ v d	ə r a ɪ v d	ə v ɔ ɪ d	ə v ɔ ɪ d ə d	ə v ɔ ɪ d ə d	ə r a ɪ v ə d	0	0	reg_d	reg_d	reg_əd
model_sep	d r ɪ l	d r ɪ l d	d r ɪ l d	d a ɪ v	d a ɪ v d	d o ʊ v	d r ɪ l d	1	1	reg_d	reg_d	reg_d
model_sep	æ n s ɹ̩	æ n s ɹ̩ d	æ s n s ɹ̩	æ s k	æ s k t	æ s k t	æ n s ɹ̩ t	0	0	reg_d	other	reg_t
model_sep	ɪ n v a ɪ t	ɪ n v a ɪ t ə d	ɪ n v a ɪ t ə d	ɪ k s a ɪ t	ɪ k s a ɪ t ə d	ɪ k s a ɪ t ə d	ɪ n v a ɪ t ə d	1	1	reg_əd	reg_əd	reg_əd
model_sep	k l ɑː ɡ	k l ɑː ɡ d	k l ɑː ɡ d	k l ɑː k	k l ɑː k t	k l ɑː k t	k l ɑː ɡ t	0	0	reg_d	reg_d	reg_t
model_sep	p æ k	p æ k t	p æ k t	p ɪ k	p ɪ k t	p ɪ k t	p æ k t	1	1	reg_t	reg_t	reg_t
model_sep	p l ʌ ɡ	p l ʌ ɡ d	p l ʌ ɡ d	p l e ɪ	p l e ɪ d	p l e ɪ d	p l ʌ ɡ d	1	1	reg_d	reg_d	reg_d
model_sep	l æ s t	l æ s t ə d	l æ s t ə d	l æ n d	l æ n d ə d	l æ n d ə d	l æ s t ə d	1	1	reg_əd	reg_əd	reg_əd
model_sep	s m ʌ d͡ʒ	s m ʌ d͡ʒ d	s m ʌ d͡ʒ d	s m æ ʃ	s m æ ʃ t	s m æ ʃ t	s m ʌ d͡ʒ t	0	0	reg_d	reg_d	reg_t
model_sep	r o ʊ	r o ʊ d	r o ʊ d	r ɛ k	r ɛ k t	r ɛ k t	r o ʊ t	0	0	reg_d	reg_d	reg_t
model_sep	ɔ f ɹ̩	ɔ f ɹ̩ d	ɔ f f t	ɔ r d ɹ̩	ɔ r d ɹ̩ d	ɔ r d ɹ̩ d	ɔ f ɹ̩ d	0	1	reg_d	other	reg_d
model_sep	n o ʊ t ɪ s	n o ʊ t ɪ s t	n t o ʊ t ɪ t	n a ɪ f	n a ɪ f t	n a ɪ f t	n o ʊ t ɪ s t	0	1	reg_t	other	reg_t
model_sep	s l o ʊ	s l o ʊ d	s l o ʊ d	s p ɛ l	s p ɛ l d	s p ɛ l d	s l o ʊ d	1	1	reg_d	reg_d	reg_d
model_sep	s w ɪ ʃ	s w ɪ ʃ t	s w ɪ ʃ t	s w ɪ m	s w ɪ m	s w æ m	s w ɪ ʃ	0	0	reg_t	reg_t	no_change
model_sep	d r e ɪ p	d r e ɪ p t	d r e ɪ p t	d r e ɪ n	d r e ɪ n d	d r e ɪ n d	d r e ɪ p d	0	0	reg_t	reg_t	reg_d
model_sep	k r æ ʃ	k r æ ʃ t	k r æ ʃ t	k r æ k	k r æ k t	k r æ k t	k r æ ʃ t	1	1	reg_t	reg_t	reg_t
model_sep	b æ ŋ k	b æ ŋ k t	b æ ŋ k t	b r ʌ ʃ	b r ʌ ʃ t	b r ʌ ʃ t	b æ ŋ k t	1	1	reg_t	reg_t	reg_t
model_sep	l iː p	l ɛ p t	l iː p t	l iː n	l iː n d	l iː n d	l iː p d	0	0	vowel_change_suffix	reg_t	reg_d
model_sep	ɡ æ s p	ɡ æ s p t	ɡ æ s p t	ɡ r o ʊ	ɡ r uː	ɡ r uː	NA	0	0	reg_t	reg_t	vowel_change
model_sep	r o ʊ m	r o ʊ m d	r o ʊ m d	r o ʊ l	r o ʊ l d	r o ʊ l d	r o ʊ m d	1	1	reg_d	reg_d	reg_d
model_sep	b ɔ r d	b ɔ r d ə d	b ɔ r d ə d	b ɛ r iː	b ɛ r iː d	b ɛ r iː d	b ɔ r d d	0	0	reg_əd	reg_əd	reg_d
model_sep	b ɪ k ʌ m	b ɪ k e ɪ m	b ɪ k ʌ m d	b ɪ ɡ ɪ n	b ɪ ɡ ɪ n d	b ɪ ɡ æ n	b ɪ k ʌ m d	1	0	vowel_change	reg_d	reg_d
model_sep	b o ʊ l t	b o ʊ l t ə d	b o ʊ l t ə d	b a ʊ n s	b a ʊ n s t	b a ʊ n s t	b o ʊ l t t	0	0	reg_əd	reg_əd	reg_t
model_sep	s l ɪ p	s l ɪ p t	s l ɪ p t	s a ɪ d	s a ɪ d	s a ɪ d ə d	s l ɪ p	0	0	reg_t	reg_t	no_change
model_sep	t o ʊ n	t o ʊ n d	t o ʊ n d	t r ʌ k	t r ʌ k t	t r ʌ k t	t o ʊ n t	0	0	reg_d	reg_d	reg_t
model_sep	a ɪ	a ɪ d	a ɪ d	a ɪ s	a ɪ s t	a ɪ s t	a ɪ t	0	0	reg_d	reg_d	reg_t
model_sep	p iː s	p iː s t	p iː s t	p æ s	p æ s t	p æ s t	p iː s t	1	1	reg_t	reg_t	reg_t
model_sep	m ʊ r	m ʊ r d	m ʊ r d	m uː v	m uː v d	m uː v d	m ʊ r d	1	1	reg_d	reg_d	reg_d
model_sep	r a ɪ m	r a ɪ m d	r a ɪ m d	r e ɪ z	r e ɪ z d	r e ɪ z d	r a ɪ m d	1	1	reg_d	reg_d	reg_d
model_sep	s k r iː m	s k r iː m d	s k r iː m d	s k r æ t͡ʃ	s k r æ t͡ʃ t	s k r æ t͡ʃ t	s k r iː m t	0	0	reg_d	reg_d	reg_t
model_sep	b uː m	b uː m d	b uː m d	b iː f	b iː f t	b iː f t	b uː m t	0	0	reg_d	reg_d	reg_t
model_sep	p l æ n t	p l æ n t ə d	p l æ n t ə d	p r ə f ɹ̩	p r ə f ɹ̩ d	p r ə f ɹ̩ d	p l æ n t d	0	0	reg_əd	reg_əd	reg_d
model_sep	s w ɪ t͡ʃ	s w ɪ t͡ʃ t	s w ɪ t͡ʃ t	s w ɪ m	s w ɪ m	s w æ m	s w ɪ t͡ʃ	0	0	reg_t	reg_t	no_change
model_sep	n iː r	n iː r d	n iː r d	n æ p	n æ p t	n æ p t	n iː r t	0	0	reg_d	reg_d	reg_t
model_sep	l ɑː k	l ɑː k t	l ɑː k t	l ʊ k	l ʊ k t	l ʊ k t	l ɑː k t	1	1	reg_t	reg_t	reg_t
model_sep	d ɪ s k ʌ s	d ɪ s k ʌ s t	d ɪ s k s ʌ s t ə d	d ɪ z a ɪ n	d ɪ z a ɪ n d	d ɪ z a ɪ n d	d ɪ s k ʌ s d	0	0	reg_t	other	reg_d
model_sep	ə ɡ r iː	ə ɡ r iː d	ə ɡ ɡ r iː	ə s uː m	ə s uː m d	ə s uː m d	ə ɡ r iː d	0	1	reg_d	other	reg_d
model_sep	s k ɪ p	s k ɪ p t	s k ɪ p t	s p ɪ l	s p ɪ l d	s p ɪ l d	s k ɪ p d	0	0	reg_t	reg_t	reg_d
model_sep	ɡ r o ʊ s	ɡ r o ʊ s t	ɡ r o ʊ s t	ɡ r a ʊ l	ɡ r a ʊ l d	ɡ r a ʊ l d	ɡ r o ʊ s d	0	0	reg_t	reg_t	reg_d
model_sep	k æ t ə l ɔ ɡ	k æ t ə l ɔ ɡ d	k ə l ə l ɔ k ə d	k ə m b a ɪ n	k ə m b a ɪ n d	k ə m b a ɪ n d	k æ t ə l ɔ ɡ d	0	1	reg_d	other	reg_d
model_sep	d͡ʒ ʌ ɡ ə l	d͡ʒ ʌ ɡ ə l d	d͡ʒ ʌ ɡ ə l d	d͡ʒ ɔ ɪ n	d͡ʒ ɔ ɪ n d	d͡ʒ ɔ ɪ n d	d͡ʒ ʌ ɡ ə l d	1	1	reg_d	reg_d	reg_d
model_sep	s iː z ə n	s iː z ə n d	s iː z ə n d	s m o ʊ k	s m o ʊ k t	s m o ʊ k t	s iː z ə n t	0	0	reg_d	reg_d	reg_t
model_sep	ɡ ɑː r b ə l	ɡ ɑː r b ə l d	ɡ ɑː r b ə l d	ɡ ɑː r d ə n	ɡ ɑː r d ə n d	ɡ ɑː r d ə n d	ɡ ɑː r b ə l d	1	1	reg_d	reg_d	reg_d
model_sep	k æ s t	k æ s t	k æ s t ə d	k ɑː s t	k ɑː s t ə d	k ɑː s t	k æ s t ə d	1	0	no_change	reg_əd	reg_əd
model_sep	p l ɑː d	p l ɑː d ə d	p l ɑː d ə d	p l e ɪ	p l e ɪ d	p l e ɪ d	p l ɑː d d	0	0	reg_əd	reg_əd	reg_d
model_sep	k ə m p ɛ r	k ə m p ɛ r d	k ə m p ə r d	k ɪ d n æ p	k ɪ d n æ p t	k ɪ d n æ p t	k ə m p ɛ r t	0	0	reg_d	vowel_change_suffix	reg_t
model_sep	ə n f o ʊ l d	ə n f o ʊ l d ə d	ə n f ə l ə l d	ə n b ʌ t ə n	ə n b ʌ t ə n d	ə n b ʌ t ə n d	ə n f o ʊ l d d	0	0	reg_əd	other	reg_d
model_sep	d ɪ s k r a ɪ b	d ɪ s k r a ɪ b d	d	d ɪ t ɹ̩ m ə n	d ɪ t ɹ̩ m ə n d	d ɪ t ɹ̩ m ə n d	d ɪ s k r a ɪ b d	0	1	reg_d	other	reg_d
model_sep	t r æ k	t r æ k t	t r æ k t	t r æ ʃ	t r æ ʃ t	t r æ ʃ t	t r æ k t	1	1	reg_t	reg_t	reg_t
model_sep	k æ p t͡ʃ ɹ̩	k æ p t͡ʃ ɹ̩ d	k æ p t ɹ̩ d	k l o ʊ z	k l o ʊ z d	k l o ʊ z d	k æ p t͡ʃ ɹ̩ d	0	1	reg_d	other	reg_d
model_sep	d ɪ p ɔ r t	d ɪ p ɔ r t ə d	d ɪ p ɔ r t ə d	d ɪ p ɛ n d	d ɪ p ɛ n d ə d	d ɪ p ɛ n d ə d	d ɪ p ɔ r t ə d	1	1	reg_əd	reg_əd	reg_əd
model_sep	d o ʊ l	d o ʊ l d	d o ʊ l d	d o ʊ p	d o ʊ p t	d o ʊ p t	d o ʊ l t	0	0	reg_d	reg_d	reg_t
model_sep	r ɛ n t	r ɛ n t ə d	r ɛ n t ə d	r ɛ d iː	r ɛ d iː d	r ɛ d iː d	r ɛ n t d	0	0	reg_əd	reg_əd	reg_d
model_mean	f l o ʊ t	f l o ʊ t ə d	f l o ʊ t ə d	f l a ɪ	f l a ɪ d	f l uː	f l o ʊ t d	0	0	reg_əd	reg_əd	reg_d
model_mean	ɡ ɛ t	ɡ ɑː t	ɡ ɛ t	ɡ ɛ s	ɡ ɛ s t	ɡ ɛ s t	ɡ ɛ t t	0	0	vowel_change	no_change	reg_t
model_mean	n o ʊ	n uː	n o ʊ d	n o ʊ z	n o ʊ z d	n o ʊ z d	n o ʊ d	1	0	vowel_change	reg_d	reg_d
model_mean	ɡ ɪ v	ɡ e ɪ v	ɡ ɪ v d	ɡ ʌ n	ɡ ʌ n d	ɡ ʌ n d	ɡ ɪ v d	1	0	vowel_change	reg_d	reg_d
model_mean	b ɹ̩ n	b ɹ̩ n d	b ɹ̩ n d	b æ ɡ	b æ ɡ d	b æ ɡ d	b ɹ̩ n d	1	1	reg_d	reg_d	reg_d
model_mean	f ɪ t	f ɪ t	f ɪ t	f ɪ ʃ	f ɪ ʃ t	f ɪ ʃ t	f ɪ t t	0	0	no_change	no_change	reg_t
model_mean	t e ɪ k	t ʊ k	t e ɪ k t	t e ɪ p	t e ɪ p t	t e ɪ p t	t e ɪ k t	1	0	vowel_change	reg_t	reg_t
model_mean	n e ɪ m	n e ɪ m d	n e ɪ m d	n ɪ t	n ɪ t ə d	n ɪ t ə d	n e ɪ m ə d	0	0	reg_d	reg_d	reg_əd
model_mean	d r ɪ p	d r ɪ p t	d r ɪ p t	d r e ɪ n	d r e ɪ n d	d r e ɪ n d	d r ɪ p d	0	0	reg_t	reg_t	reg_d
model_mean	r a ɪ d	r o ʊ d	r a ɪ d	r a ɪ t	r a ɪ t	r o ʊ t	r a ɪ d	1	0	vowel_change	no_change	no_change
model_mean	t ɛ l	t o ʊ l d	t ɛ l d	t ɛ n d	t ɛ n t ə d	t ɛ n d ə d	NA	0	0	vowel_change_suffix	reg_d	other
model_mean	s n iː k	s n iː k t	s n iː k t	s n iː z	s n iː z d	s n iː z d	s n iː k d	0	0	reg_t	reg_t	reg_d
model_mean	h æ p ə n	h æ p ə n d	h æ p ə n d	h æ n d	h æ n d ə d	h æ n d ə d	h æ p ə n ə d	0	0	reg_d	reg_d	reg_əd
model_mean	w e ɪ t	w e ɪ t ə d	w e ɪ t ə d	w e ɪ k	w e ɪ k t	w o ʊ k	w e ɪ t t	0	0	reg_əd	reg_əd	reg_t
model_mean	b r e ɪ k	b r o ʊ k	b r e ɪ k t	b r a ʊ n	b r a ʊ n d	b r a ʊ n d	b r e ɪ k d	0	0	vowel_change	reg_t	reg_d
model_mean	ɪ k s k j uː z	ɪ k s k j uː z d	ɪ k s k j e ɪ d	ɪ k s ɛ p t	ɪ k s ɛ p t ə d	ɪ k s ɛ p t ə d	ɪ k s k j uː z ə d	0	0	reg_d	rhyme_replaced	reg_əd
model_mean	s t ɑː r t	s t ɑː r t ə d	s t ɑː r t ə d	s t ɑː r	s t ɑː r d	s t ɑː r d	s t ɑː r t d	0	0	reg_əd	reg_əd	reg_d
model_mean	d ɪ s a ɪ d	d ɪ s a ɪ d ə d	d ɪ s a ɪ d ə d	d ɪ s t ɹ̩ b	d ɪ s t ɹ̩ b d	d ɪ s t ɹ̩ b d	d ɪ s a ɪ d d	0	0	reg_əd	reg_əd	reg_d
model_mean	l ɪ s ə n	l ɪ s ə n d	l ɪ s ə n d	l e ɪ	l e ɪ d	l e ɪ d	l ɪ s ə n d	1	1	reg_d	reg_d	reg_d
model_mean	d ɪ ŋ	d ɪ ŋ d	d ɪ ŋ	d ɪ ɡ	d ɪ ɡ d	d ʌ ɡ	d ɪ ŋ d	0	1	reg_d	no_change	reg_d
model_mean	h iː r	h ɹ̩ d	h iː r d	h ɔ l	h ɔ l d	h ɔ l d	h iː r d	1	0	rhyme_replaced	reg_d	reg_d
model_mean	r ɛ n t͡ʃ	r ɛ n t͡ʃ t	r ɛ n t͡ʃ t	r ɔ r	r ɔ r d	r ɔ r d	r ɛ n t͡ʃ d	0	0	reg_t	reg_t	reg_d
model_mean	s t ɹ̩	s t ɹ̩ d	s t ɹ̩ d	s ɹ̩ t͡ʃ	s ɹ̩ t͡ʃ t	s ɹ̩ t͡ʃ t	s t ɹ̩ t	0	0	reg_d	reg_d	reg_t
model_mean	s ʌ k	s ʌ k t	s ʌ k t	s æ k	s æ k t	s æ k t	s ʌ k t	1	1	reg_t	reg_t	reg_t
model_mean	n ɑː k	n ɑː k t	n ɑː k t	n æ p	n æ p t	n æ p t	n ɑː k t	1	1	reg_t	reg_t	reg_t
model_mean	d͡ʒ ʌ m p	d͡ʒ ʌ m p t	d͡ʒ ʌ m p t	d͡ʒ æ m	d͡ʒ æ m d	d͡ʒ æ m d	d͡ʒ ʌ m p d	0	0	reg_t	reg_t	reg_d
model_mean	w uː	w uː d	w uː d	w iː l	w iː l d	w iː l d	w uː d	1	1	reg_d	reg_d	reg_d
model_mean	s m ɛ l	s m ɛ l d	s m ɛ l d	s p ɛ l	s p ɛ l d	s p ɛ l d	s m ɛ l d	1	1	reg_d	reg_d	reg_d
model_mean	k iː p	k ɛ p t	k iː p t	k iː	k iː d	k iː d	k iː p d	0	0	vowel_change_suffix	reg_t	reg_d
model_mean	d ɔ ɡ	d ɔ ɡ d	d ɔ ɡ d	d ɪ ɡ	d ɪ ɡ d	d ʌ ɡ	d ɔ ɡ d	1	1	reg_d	reg_d	reg_d
model_mean	k ʌ l ɹ̩	k ʌ l ɹ̩ d	k ʌ l ɹ̩ d	k ʌ v ɹ̩	k ʌ v ɹ̩ d	k ʌ v ɹ̩ d	k ʌ l ɹ̩ d	1	1	reg_d	reg_d	reg_d
model_mean	iː v ɪ n	iː v ɪ n d	iː v ɪ n d	s iː r	s iː r d	s iː r d	iː v ɪ n d	1	1	reg_d	reg_d	reg_d
model_mean	s ɛ t	s ɛ t	s ɛ t	s ɛ l	s ɛ l d	s o ʊ l d	s ɛ t d	0	0	no_change	no_change	reg_d
model_mean	p ʊ l	p ʊ l d	p ʊ l d	p ʊ ʃ	p ʊ ʃ t	p ʊ ʃ t	p ʊ l t	0	0	reg_d	reg_d	reg_t
model_mean	w a ɪ n d	w a ɪ n d ə d	w a ɪ n d ə d	w a ɪ p	w a ɪ p t	w a ɪ p t	w a ɪ n d t	0	0	reg_əd	reg_əd	reg_t
model_mean	r a ɪ z	r o ʊ z	r a ɪ z d	r a ɪ t	r a ɪ t	r o ʊ t	r a ɪ z	0	0	vowel_change	reg_d	no_change
model_mean	n ʌ m b ɹ̩	n ʌ m b ɹ̩ d	n m ʌ m b d	n ɪ b ə l	n ɪ b ə l d	n ɪ b ə l d	n ʌ m b ɹ̩ d	0	1	reg_d	other	reg_d
model_mean	s t iː l	s t o ʊ l	s t iː l d	s t iː m	s t iː m d	s t iː m d	s t iː l d	1	0	vowel_change	reg_d	reg_d
model_mean	k ə n ɛ k t	k ə n ɛ k t ə d	k ə n t ə t ə d	k ə n f ɛ s	k ə n f ɛ s t	k ə n f ɛ s t	k ə n ɛ k t t	0	0	reg_əd	other	reg_t
model_mean	h ɑː p	h ɑː p t	h ɑː p t	h ʊ k	h ʊ k t	h ʊ k t	h ɑː p t	1	1	reg_t	reg_t	reg_t
model_mean	s ɔ	s ɔ d	s ɔ	s uː	s uː d	s uː d	s ɔ d	0	1	reg_d	no_change	reg_d
model_mean	h iː t	h iː t ə d	h iː t	iː t	e ɪ t	e ɪ t	h e ɪ t	0	0	reg_əd	no_change	vowel_change
model_mean	ʃ uː	ʃ uː d	ʃ ɑː ɑː	ʃ uː t	ʃ ɑː t ə d	ʃ ɑː t	NA	0	0	reg_d	vowel_change	other
model_mean	r e ɪ n	r e ɪ n d	r e ɪ n d	r e ɪ z	r e ɪ z d	r e ɪ z d	r e ɪ n d	1	1	reg_d	reg_d	reg_d
model_mean	t r ɪ k	t r ɪ k t	t r ɪ k t	t r ɪ p	t r ɪ p t	t r ɪ p t	t r ɪ k t	1	1	reg_t	reg_t	reg_t
model_mean	b r iː ð	b r iː ð d	b r iː ð d	b r iː d	b r iː d	b r ɛ d	b r iː ð	0	0	reg_d	reg_d	no_change
model_mean	ə n d ɹ̩ s t æ n d	ə n d ɹ̩ s t ʊ d	ə s t ə n d	ə n d ɹ̩ w e ɪ t	ə n d ɹ̩ w e ɪ t ə d	ə n d ɹ̩ w e ɪ t ə d	ə n d ɹ̩ s t æ n d ə d	0	0	rhyme_replaced	other	reg_əd
model_mean	p ɑː r k	p ɑː r k t	p ɑː r k t	p ɑː p	p ɑː p t	p ɑː p t	p ɑː r k t	1	1	reg_t	reg_t	reg_t
model_mean	b æ ŋ	b æ ŋ d	b æ ŋ	b æ t	b æ t ə d	b æ t ə d	b æ ŋ ə d	0	0	reg_d	no_change	reg_əd
model_mean	s k uː p	s k uː p t	s k uː p t	s k iː	s k iː d	s k iː d	s k uː p d	0	0	reg_t	reg_t	reg_d
model_mean	s t ɛ r	s t ɛ r d	s t ɛ r d	s t ɛ p	s t ɛ p t	s t ɛ p t	s t ɛ r t	0	0	reg_d	reg_d	reg_t
model_mean	m ɛ l t	m ɛ l t ə d	m ɛ l t ə d	m iː t	m ɛ t	m ɛ t	NA	0	0	reg_əd	reg_əd	vowel_change
model_mean	l æ f	l æ f t	l æ f t	l æ n d	l æ n d ə d	l æ n d ə d	l æ f ə d	0	0	reg_t	reg_t	reg_əd
model_mean	m a ʊ ð	m a ʊ ð d	m a ʊ ð d	m a ɪ n	m a ɪ n d	m a ɪ n d	m a ʊ ð d	1	1	reg_d	reg_d	reg_d
model_mean	ɡ r ʌ m b ə l	ɡ r ʌ m b ə l d	ɡ r ʌ m b ə l d	ɡ r æ b	ɡ r æ b d	ɡ r æ b d	ɡ r ʌ m b ə l d	1	1	reg_d	reg_d	reg_d
model_mean	r ɛ s t	r ɛ s t ə d	r ɛ s t ə d	r ɛ s ə l	r ɛ s ə l d	r ɛ s ə l d	r ɛ s t d	0	0	reg_əd	reg_əd	reg_d
model_mean	s t ɑː m p	s t ɑː m p t	s t ɑː m p t	s t æ m p	s t æ m p t	s t æ m p t	s t ɑː m p t	1	1	reg_t	reg_t	reg_t
model_mean	p e ɪ n t	p e ɪ n t ə d	p e ɪ n t ə d	p e ɪ d͡ʒ	p e ɪ d͡ʒ d	p e ɪ d͡ʒ d	p e ɪ n t d	0	0	reg_əd	reg_əd	reg_d
model_mean	t͡ʃ uː z	t͡ʃ o ʊ z	t͡ʃ uː z d	t͡ʃ uː	t͡ʃ uː d	t͡ʃ uː d	t͡ʃ uː z d	1	0	vowel_change	reg_d	reg_d
model_mean	d r ɛ s	d r ɛ s t	d r ɛ s t	d r e ɪ n	d r e ɪ n d	d r e ɪ n d	d r ɛ s d	0	0	reg_t	reg_t	reg_d
model_mean	m ɑː r k	m ɑː r k t	m ɑː r k t	m ɑː r t͡ʃ	m ɑː r t͡ʃ t	m ɑː r t͡ʃ t	m ɑː r k t	1	1	reg_t	reg_t	reg_t
model_mean	r ɑː k	r ɑː k t	r ɑː k t	r ʌ ʃ	r ʌ ʃ t	r ʌ ʃ t	r ɑː k t	1	1	reg_t	reg_t	reg_t
model_mean	w ɛ t	w ɛ t	w ɛ t	w ɔ k	w ɔ k t	w ɔ k t	w ɛ t t	0	0	no_change	no_change	reg_t
model_mean	t a ɪ p	t a ɪ p t	t a ɪ p t	t a ɪ m	t a ɪ m d	t a ɪ m d	t a ɪ p d	0	0	reg_t	reg_t	reg_d
model_mean	s k r uː	s k r uː d	s k r uː d	s k ɔ r	s k ɔ r d	s k ɔ r d	s k r uː d	1	1	reg_d	reg_d	reg_d
model_mean	d ɪ s r ʌ p t	d ɪ s r ʌ p t ə d	d ɪ s r ʌ s t ə d	d ɪ s t ɹ̩ b	d ɪ s t ɹ̩ b d	d ɪ s t ɹ̩ b d	d ɪ s r ʌ p t d	0	0	reg_əd	other	reg_d
model_mean	d a ɪ	d a ɪ d	d a ɪ d	d a ɪ v	d a ɪ v d	d o ʊ v	d a ɪ d	1	1	reg_d	reg_d	reg_d
model_mean	f l æ p	f l æ p t	f l æ p t	f l ɪ p	f l ɪ p t	f l ɪ p t	f l æ p t	1	1	reg_t	reg_t	reg_t
model_mean	s l æ p	s l æ p t	s l æ p t	s l iː p	s l iː p t	s l ɛ p t	s l æ p t	1	1	reg_t	reg_t	reg_t
model_mean	p r ɑː m ə s	p r ɑː m ə s t	p r ɑː m ə s ə d	p r o ʊ ɡ r æ m	p r o ʊ ɡ r æ m d	p r o ʊ ɡ r æ m d	p r ɑː m ə s d	0	0	reg_t	reg_əd	reg_d
model_mean	f l a ʊ ɹ̩	f l a ʊ ɹ̩ d	f l a ʊ ɹ̩ d	f l a ɪ	f l a ɪ d	f l uː	f l a ʊ ɹ̩ d	1	1	reg_d	reg_d	reg_d
model_mean	ɡ æ ð ɹ̩	ɡ æ ð ɹ̩ d	ɡ æ ð ɹ̩ d	ɡ ʌ n	ɡ ʌ n d	ɡ ʌ n d	ɡ æ ð ɹ̩ d	1	1	reg_d	reg_d	reg_d
model_mean	m ɛ ʒ ɹ̩	m ɛ ʒ ɹ̩ d	m ɛ m ɹ̩ d	m a ɪ n	m a ɪ n d	m a ɪ n d	m ɛ ʒ ɹ̩ d	0	1	reg_d	other	reg_d
model_mean	f a ɪ t	f ɔ t	f a ɪ t ə d	f a ɪ n d	f a ɪ n d ə d	f a ʊ n d	f a ɪ t ə d	1	0	vowel_change	reg_əd	reg_əd
model_mean	w æ ɡ	w æ ɡ d	w æ ɡ d	w ɪ l	w ɪ l d	w ɪ l d	w æ ɡ d	1	1	reg_d	reg_d	reg_d
model_mean	p ɪ k ə l	p ɪ k ə l d	p ɪ k ə l d	p ɪ k t͡ʃ ɹ̩	p ɪ k t͡ʃ ɹ̩ d	p ɪ k t͡ʃ ɹ̩ d	p ɪ k ə l d	1	1	reg_d	reg_d	reg_d
model_mean	s t o ʊ n	s t o ʊ n d	s t o ʊ n d	s t æ n d	s t æ n d ə d	s t ʊ d	s t o ʊ n ə d	0	0	reg_d	reg_d	reg_əd
model_mean	s p r e ɪ	s p r e ɪ d	s p r e ɪ d	s p r ɛ d	s p r ɛ d	s p r ɛ d	s p r e ɪ	0	0	reg_d	reg_d	no_change
model_mean	t w a ɪ n	t w a ɪ n d	t w ɪ d	t w ɪ s t	t w ɪ s t ə d	t w ɪ s t ə d	t w a ɪ n ə d	0	0	reg_d	rhyme_replaced	reg_əd
model_mean	b iː p	b iː p t	b iː p t	b iː f	b iː f t	b iː f t	b iː p t	1	1	reg_t	reg_t	reg_t
model_mean	k ɑː r v	k ɑː r v d	k ɑː r v d	k ɑː z	k ɑː z d	k ɑː z d	k ɑː r v d	1	1	reg_d	reg_d	reg_d
model_mean	p ʌ z ə l	p ʌ z ə l d	p ʌ z ə l d	p l e ɪ	p l e ɪ d	p l e ɪ d	p ʌ z ə l d	1	1	reg_d	reg_d	reg_d
model_mean	ʃ ʌ t	ʃ ʌ t	ʃ ʌ t	ʃ ʌ v	ʃ ʌ v d	ʃ ʌ v d	ʃ ʌ t d	0	0	no_change	no_change	reg_d
model_mean	t æ k ə l	t æ k ə l d	t æ k ə l d	t ɪ k ə l	t ɪ k ə l d	t ɪ k ə l d	t æ k ə l d	1	1	reg_d	reg_d	reg_d
model_mean	ɪ k s p ɛ k t	ɪ k s p ɛ k t ə d	ɪ k s p ɛ k t ə d	ɪ k s ɛ p t	ɪ k s ɛ p t ə d	ɪ k s ɛ p t ə d	ɪ k s p ɛ k t ə d	1	1	reg_əd	reg_əd	reg_əd
model_mean	b iː t	b iː t	b iː t ə d	b iː f	b iː f t	b iː f t	b iː t t	0	0	no_change	reg_əd	reg_t
model_mean	k ɑː p iː	k ɑː p iː d	k ɑː p t	k ɑː s t	k ɑː s t ə d	k ɑː s t	k ɑː p iː ə d	0	0	reg_d	other	reg_əd
model_mean	ə r a ɪ v	ə r a ɪ v d	ə r a ɪ v d	r ə k ɔ r d	r ə k ɔ r d ə d	r ə k ɔ r d ə d	ə r a ɪ v ə d	0	0	reg_d	reg_d	reg_əd
model_mean	d r ɪ l	d r ɪ l d	d r ɪ l d	d r ɔ	d r ɔ d	d r uː	d r ɪ l d	1	1	reg_d	reg_d	reg_d
model_mean	æ n s ɹ̩	æ n s ɹ̩ d	æ s n s ɹ̩	s n æ p	s n æ p t	s n æ p t	æ n s ɹ̩ t	0	0	reg_d	other	reg_t
model_mean	ɪ n v a ɪ t	ɪ n v a ɪ t ə d	ɪ n v a ɪ t ə d	ɪ n t ɹ̩ f ɪ r	ɪ n t ɹ̩ f ɪ r d	ɪ n t ɹ̩ f ɪ r d	ɪ n v a ɪ t d	0	0	reg_əd	reg_əd	reg_d
model_mean	k l ɑː ɡ	k l ɑː ɡ d	k l ɑː ɡ d	k l ɑː k	k l ɑː k t	k l ɑː k t	k l ɑː ɡ t	0	0	reg_d	reg_d	reg_t
model_mean	p æ k	p æ k t	p æ k t	p æ t	p æ t ə d	p æ t ə d	p æ k ə d	0	0	reg_t	reg_t	reg_əd
model_mean	p l ʌ ɡ	p l ʌ ɡ d	p l ʌ ɡ d	p l e ɪ	p l e ɪ d	p l e ɪ d	p l ʌ ɡ d	1	1	reg_d	reg_d	reg_d
model_mean	l æ s t	l æ s t ə d	l æ s t ə d	l æ n d	l æ n d ə d	l æ n d ə d	l æ s t ə d	1	1	reg_əd	reg_əd	reg_əd
model_mean	s m ʌ d͡ʒ	s m ʌ d͡ʒ d	s m ʌ d͡ʒ d	s m a ɪ l	s m a ɪ l d	s m a ɪ l d	s m ʌ d͡ʒ d	1	1	reg_d	reg_d	reg_d
model_mean	r o ʊ	r o ʊ d	r o ʊ d	r o ʊ l	r o ʊ l d	r o ʊ l d	r o ʊ d	1	1	reg_d	reg_d	reg_d
model_mean	ɔ f ɹ̩	ɔ f ɹ̩ d	ɔ f f t	ɔ r d ɹ̩	ɔ r d ɹ̩ d	ɔ r d ɹ̩ d	ɔ f ɹ̩ d	0	1	reg_d	other	reg_d
model_mean	n o ʊ t ɪ s	n o ʊ t ɪ s t	n t o ʊ t ɪ t	n o ʊ z	n o ʊ z d	n o ʊ z d	n o ʊ t ɪ s d	0	0	reg_t	other	reg_d
model_mean	s l o ʊ	s l o ʊ d	s l o ʊ d	s o ʊ	s o ʊ d	s o ʊ d	s l o ʊ d	1	1	reg_d	reg_d	reg_d
model_mean	s w ɪ ʃ	s w ɪ ʃ t	s w ɪ ʃ t	s e ɪ l	s e ɪ l d	s e ɪ l d	s w ɪ ʃ d	0	0	reg_t	reg_t	reg_d
model_mean	d r e ɪ p	d r e ɪ p t	d r e ɪ p t	d r e ɪ n	d r e ɪ n d	d r e ɪ n d	d r e ɪ p d	0	0	reg_t	reg_t	reg_d
model_mean	k r æ ʃ	k r æ ʃ t	k r æ ʃ t	k r æ k	k r æ k t	k r æ k t	k r æ ʃ t	1	1	reg_t	reg_t	reg_t
model_mean	b æ ŋ k	b æ ŋ k t	b æ ŋ k t	b æ t	b æ t ə d	b æ t ə d	b æ ŋ k ə d	0	0	reg_t	reg_t	reg_əd
model_mean	l iː p	l ɛ p t	l iː p t	l iː n	l iː n d	l iː n d	l iː p d	0	0	vowel_change_suffix	reg_t	reg_d
model_mean	ɡ æ s p	ɡ æ s p t	ɡ æ s p t	ɪ ɡ n ɔ r	ɪ ɡ n ɔ r d	ɪ ɡ n ɔ r d	ɡ æ s p d	0	0	reg_t	reg_t	reg_d
model_mean	r o ʊ m	r o ʊ m d	r o ʊ m d	r o ʊ l	r o ʊ l d	r o ʊ l d	r o ʊ m d	1	1	reg_d	reg_d	reg_d
model_mean	b ɔ r d	b ɔ r d ə d	b ɔ r d ə d	b ɛ n d	b ɛ n t	b ɛ n d ə d	b ɔ r t	0	0	reg_əd	reg_əd	coda_change
model_mean	b ɪ k ʌ m	b ɪ k e ɪ m	b ɪ k ʌ m d	b ɪ l ɔ ŋ	b ɪ l ɔ ŋ d	b ɪ l ɔ ŋ d	b ɪ k ʌ m d	1	0	vowel_change	reg_d	reg_d
model_mean	b o ʊ l t	b o ʊ l t ə d	b o ʊ l t ə d	b o ʊ l	b o ʊ l d	b o ʊ l d	b o ʊ l t d	0	0	reg_əd	reg_əd	reg_d
model_mean	s l ɪ p	s l ɪ p t	s l ɪ p t	s l iː p	s l iː p t	s l ɛ p t	s l ɪ p t	1	1	reg_t	reg_t	reg_t
model_mean	t o ʊ n	t o ʊ n d	t o ʊ n d	t o ʊ	t o ʊ d	t o ʊ d	t o ʊ n d	1	1	reg_d	reg_d	reg_d
model_mean	a ɪ	a ɪ d	a ɪ d	a ɪ s	a ɪ s t	a ɪ s t	a ɪ t	0	0	reg_d	reg_d	reg_t
model_mean	p iː s	p iː s t	p iː s t	p iː k	p iː k t	p iː k t	p iː s t	1	1	reg_t	reg_t	reg_t
model_mean	m ʊ r	m ʊ r d	m ʊ r d	m ɛ r iː	m ɛ r iː d	m ɛ r iː d	m ʊ r d	1	1	reg_d	reg_d	reg_d
model_mean	r a ɪ m	r a ɪ m d	r a ɪ m d	r a ɪ t	r a ɪ t	r o ʊ t	r a ɪ m	0	0	reg_d	reg_d	no_change
model_mean	s k r iː m	s k r iː m d	s k r iː m d	s k r ʌ b	s k r ʌ b d	s k r ʌ b d	s k r iː m d	1	1	reg_d	reg_d	reg_d
model_mean	b uː m	b uː m d	b uː m d	b uː t	b uː t ə d	b uː t ə d	b uː m ə d	0	0	reg_d	reg_d	reg_əd
model_mean	p l æ n t	p l æ n t ə d	p l æ n t ə d	p l e ɪ s	p l e ɪ s t	p l e ɪ s t	p l æ n t t	0	0	reg_əd	reg_əd	reg_t
model_mean	s w ɪ t͡ʃ	s w ɪ t͡ʃ t	s w ɪ t͡ʃ t	s w ɪ m	s w ɪ m	s w æ m	s w ɪ t͡ʃ	0	0	reg_t	reg_t	no_change
model_mean	n iː r	n iː r d	n iː r d	n iː d	n iː d ə d	n iː d ə d	n iː r ə d	0	0	reg_d	reg_d	reg_əd
model_mean	l ɑː k	l ɑː k t	l ɑː k t	l ʊ k	l ʊ k t	l ʊ k t	l ɑː k t	1	1	reg_t	reg_t	reg_t
model_mean	d ɪ s k ʌ s	d ɪ s k ʌ s t	d ɪ s k s ʌ s t ə d	d ɪ s t ɹ̩ b	d ɪ s t ɹ̩ b d	d ɪ s t ɹ̩ b d	d ɪ s k ʌ s d	0	0	reg_t	other	reg_d
model_mean	ə ɡ r iː	ə ɡ r iː d	ə ɡ ɡ r iː	r ə k ɔ r d	r ə k ɔ r d ə d	r ə k ɔ r d ə d	ə ɡ r iː ə d	0	0	reg_d	other	reg_əd
model_mean	s k ɪ p	s k ɪ p t	s k ɪ p t	s k iː	s k iː d	s k iː d	s k ɪ p d	0	0	reg_t	reg_t	reg_d
model_mean	ɡ r o ʊ s	ɡ r o ʊ s t	ɡ r o ʊ s t	ɡ r o ʊ	ɡ r uː	ɡ r uː	NA	0	0	reg_t	reg_t	vowel_change
model_mean	k æ t ə l ɔ ɡ	k æ t ə l ɔ ɡ d	k ə l ə l ɔ k ə d	k æ n s ə l	k æ n s ə l d	k æ n s ə l d	k æ t ə l ɔ ɡ d	0	1	reg_d	other	reg_d
model_mean	d͡ʒ ʌ ɡ ə l	d͡ʒ ʌ ɡ ə l d	d͡ʒ ʌ ɡ ə l d	d͡ʒ æ m	d͡ʒ æ m d	d͡ʒ æ m d	d͡ʒ ʌ ɡ ə l d	1	1	reg_d	reg_d	reg_d
model_mean	s iː z ə n	s iː z ə n d	s iː z ə n d	s iː m	s iː m d	s iː m d	s iː z ə n d	1	1	reg_d	reg_d	reg_d
model_mean	ɡ ɑː r b ə l	ɡ ɑː r b ə l d	ɡ ɑː r b ə l d	ɡ ɑː r d ə n	ɡ ɑː r d ə n d	ɡ ɑː r d ə n d	ɡ ɑː r b ə l d	1	1	reg_d	reg_d	reg_d
model_mean	k æ s t	k æ s t	k æ s t ə d	k æ n s ə l	k æ n s ə l d	k æ n s ə l d	k æ s t d	0	0	no_change	reg_əd	reg_d
model_mean	p l ɑː d	p l ɑː d ə d	p l ɑː d ə d	p ɑː p	p ɑː p t	p ɑː p t	p l ɑː d t	0	0	reg_əd	reg_əd	reg_t
model_mean	k ə m p ɛ r	k ə m p ɛ r d	k ə m p ə r d	k ə n f ɛ s	k ə n f ɛ s t	k ə n f ɛ s t	k ə m p ɛ r t	0	0	reg_d	vowel_change_suffix	reg_t
model_mean	ə n f o ʊ l d	ə n f o ʊ l d ə d	ə n f ə l ə l d	ə f ɔ r d	ə f ɔ r d ə d	ə f ɔ r d ə d	ə n f o ʊ l d ə d	0	1	reg_əd	other	reg_əd
model_mean	d ɪ s k r a ɪ b	d ɪ s k r a ɪ b d	d	d ɪ s ɡ a ɪ z	d ɪ s ɡ a ɪ z d	d ɪ s ɡ a ɪ z d	d ɪ s k r a ɪ b d	0	1	reg_d	other	reg_d
model_mean	t r æ k	t r æ k t	t r æ k t	t r æ ʃ	t r æ ʃ t	t r æ ʃ t	t r æ k t	1	1	reg_t	reg_t	reg_t
model_mean	k æ p t͡ʃ ɹ̩	k æ p t͡ʃ ɹ̩ d	k æ p t ɹ̩ d	k ɪ s	k ɪ s t	k ɪ s t	k æ p t͡ʃ ɹ̩ t	0	0	reg_d	other	reg_t
model_mean	d ɪ p ɔ r t	d ɪ p ɔ r t ə d	d ɪ p ɔ r t ə d	d ɪ p ɛ n d	d ɪ p ɛ n d ə d	d ɪ p ɛ n d ə d	d ɪ p ɔ r t ə d	1	1	reg_əd	reg_əd	reg_əd
model_mean	d o ʊ l	d o ʊ l d	d o ʊ l d	d o ʊ p	d o ʊ p t	d o ʊ p t	d o ʊ l t	0	0	reg_d	reg_d	reg_t
model_mean	r ɛ n t	r ɛ n t ə d	r ɛ n t ə d	r ɛ d iː	r ɛ d iː d	r ɛ d iː d	r ɛ n t d	0	0	reg_əd	reg_əd	reg_d
model_stem	f l o ʊ t	f l o ʊ t ə d	f l o ʊ t ə d	p ɑː k ə t	p ɑː k ə t ə d	p ɑː k ə t ə d	f l o ʊ t ə d	1	1	reg_əd	reg_əd	reg_əd
model_stem	ɡ ɛ t	ɡ ɑː t	ɡ ɛ t	l ɛ t	l ɛ t ə d	l ɛ t	ɡ ɛ t ə d	0	0	vowel_change	no_change	reg_əd
model_stem	n o ʊ	n uː	n o ʊ d	ʃ o ʊ	ʃ o ʊ d	ʃ o ʊ d	n o ʊ d	1	0	vowel_change	reg_d	reg_d
model_stem	ɡ ɪ v	ɡ e ɪ v	ɡ ɪ v d	l ʌ v	l ʌ v d	l ʌ v d	ɡ ɪ v d	1	0	vowel_change	reg_d	reg_d
model_stem	b ɹ̩ n	b ɹ̩ n d	b ɹ̩ n d	l ɹ̩ n	l ɹ̩ n d	l ɹ̩ n d	b ɹ̩ n d	1	1	reg_d	reg_d	reg_d
model_stem	f ɪ t	f ɪ t	f ɪ t	h ɪ t	h ɪ t	h ɪ t	f ɪ t	1	1	no_change	no_change	no_change
model_stem	t e ɪ k	t ʊ k	t e ɪ k t	b e ɪ k	b e ɪ k t	b e ɪ k t	t e ɪ k t	1	0	vowel_change	reg_t	reg_t
model_stem	n e ɪ m	n e ɪ m d	n e ɪ m d	t r ɪ m	t r ɪ m d	t r ɪ m d	n e ɪ m d	1	1	reg_d	reg_d	reg_d
model_stem	d r ɪ p	d r ɪ p t	d r ɪ p t	t r ɪ p	t r ɪ p t	t r ɪ p t	d r ɪ p t	1	1	reg_t	reg_t	reg_t
model_stem	r a ɪ d	r o ʊ d	r a ɪ d	s a ɪ d	s a ɪ d	s a ɪ d ə d	r a ɪ d	1	0	vowel_change	no_change	no_change
model_stem	t ɛ l	t o ʊ l d	t ɛ l d	j ɛ l	j ɛ l d	j ɛ l d	t ɛ l d	1	0	vowel_change_suffix	reg_d	reg_d
model_stem	s n iː k	s n iː k t	s n iː k t	s p iː k	s p ɛ k t	s p o ʊ k	s n ɛ k t	0	0	reg_t	reg_t	vowel_change_suffix
model_stem	h æ p ə n	h æ p ə n d	h æ p ə n d	o ʊ p ə n	o ʊ p ə n d	o ʊ p ə n d	h æ p ə n d	1	1	reg_d	reg_d	reg_d
model_stem	w e ɪ t	w e ɪ t ə d	w e ɪ t ə d	h e ɪ t	h e ɪ t ə d	h e ɪ t ə d	w e ɪ t ə d	1	1	reg_əd	reg_əd	reg_əd
model_stem	b r e ɪ k	b r o ʊ k	b r e ɪ k t	b l ɪ ŋ k	b l ɪ ŋ k t	b l ɪ ŋ k t	b r e ɪ k t	1	0	vowel_change	reg_t	reg_t
model_stem	ɪ k s k j uː z	ɪ k s k j uː z d	ɪ k s k j e ɪ d	d ɪ s ɡ a ɪ z	d ɪ s ɡ a ɪ z d	d ɪ s ɡ a ɪ z d	ɪ k s k j uː z d	0	1	reg_d	rhyme_replaced	reg_d
model_stem	s t ɑː r t	s t ɑː r t ə d	s t ɑː r t ə d	s m ɑː r t	s m ɑː r t ə d	s m ɑː r t ə d	s t ɑː r t ə d	1	1	reg_əd	reg_əd	reg_əd
model_stem	d ɪ s a ɪ d	d ɪ s a ɪ d ə d	d ɪ s a ɪ d ə d	d ɪ v a ɪ d	d ɪ v a ɪ d ə d	d ɪ v a ɪ d ə d	d ɪ s a ɪ d ə d	1	1	reg_əd	reg_əd	reg_əd
model_stem	l ɪ s ə n	l ɪ s ə n d	l ɪ s ə n d	t͡ʃ ɪ k ə n	t͡ʃ ɪ k ə n d	t͡ʃ ɪ k ə n d	l ɪ s ə n d	1	1	reg_d	reg_d	reg_d
model_stem	d ɪ ŋ	d ɪ ŋ d	d ɪ ŋ	r ɪ ŋ	r ɪ ŋ	r æ ŋ	d ɪ ŋ	1	0	reg_d	no_change	no_change
model_stem	h iː r	h ɹ̩ d	h iː r d	ʃ ɛ r	ʃ ɛ r d	ʃ ɛ r d	h iː r d	1	0	rhyme_replaced	reg_d	reg_d
model_stem	r ɛ n t͡ʃ	r ɛ n t͡ʃ t	r ɛ n t͡ʃ t	p ɪ n t͡ʃ	p ɪ n t͡ʃ t	p ɪ n t͡ʃ t	r ɛ n t͡ʃ t	1	1	reg_t	reg_t	reg_t
model_stem	s t ɹ̩	s t ɹ̩ d	s t ɹ̩ d	b ʌ t ɹ̩	b ʌ t ɹ̩ d	b ʌ t ɹ̩ d	s t ɹ̩ d	1	1	reg_d	reg_d	reg_d
model_stem	s ʌ k	s ʌ k t	s ʌ k t	t ʌ k	t ʌ k t	t ʌ k t	s ʌ k t	1	1	reg_t	reg_t	reg_t
model_stem	n ɑː k	n ɑː k t	n ɑː k t	t ɪ k	t ɪ k t	t ɪ k t	n ɑː k t	1	1	reg_t	reg_t	reg_t
model_stem	d͡ʒ ʌ m p	d͡ʒ ʌ m p t	d͡ʒ ʌ m p t	b ʌ m p	b ʌ m p t	b ʌ m p t	d͡ʒ ʌ m p t	1	1	reg_t	reg_t	reg_t
model_stem	w uː	w uː d	w uː d	t͡ʃ uː	t͡ʃ uː d	t͡ʃ uː d	w uː d	1	1	reg_d	reg_d	reg_d
model_stem	s m ɛ l	s m ɛ l d	s m ɛ l d	s p ɛ l	s p ɛ l d	s p ɛ l d	s m ɛ l d	1	1	reg_d	reg_d	reg_d
model_stem	k iː p	k ɛ p t	k iː p t	p uː p	p uː p t	p uː p t	k iː p t	1	0	vowel_change_suffix	reg_t	reg_t
model_stem	d ɔ ɡ	d ɔ ɡ d	d ɔ ɡ d	d ɪ ɡ	d ɪ ɡ d	d ʌ ɡ	d ɔ ɡ d	1	1	reg_d	reg_d	reg_d
model_stem	k ʌ l ɹ̩	k ʌ l ɹ̩ d	k ʌ l ɹ̩ d	w ɔ t ɹ̩	w ɔ t ɹ̩ d	w ɔ t ɹ̩ d	k ʌ l ɹ̩ d	1	1	reg_d	reg_d	reg_d
model_stem	iː v ɪ n	iː v ɪ n d	iː v ɪ n d	d͡ʒ ɔ ɪ n	d͡ʒ ɔ ɪ n d	d͡ʒ ɔ ɪ n d	iː v ɪ n d	1	1	reg_d	reg_d	reg_d
model_stem	s ɛ t	s ɛ t	s ɛ t	p ɛ t	p ɛ t	p ɛ t ə d	s ɛ t	1	1	no_change	no_change	no_change
model_stem	p ʊ l	p ʊ l d	p ʊ l d	k uː l	k uː l d	k uː l d	p ʊ l d	1	1	reg_d	reg_d	reg_d
model_stem	w a ɪ n d	w a ɪ n d ə d	w a ɪ n d ə d	m a ɪ n d	m a ɪ n d ə d	m a ɪ n d ə d	w a ɪ n d ə d	1	1	reg_əd	reg_əd	reg_əd
model_stem	r a ɪ z	r o ʊ z	r a ɪ z d	s a ɪ z	s a ɪ z d	s a ɪ z d	r a ɪ z d	1	0	vowel_change	reg_d	reg_d
model_stem	n ʌ m b ɹ̩	n ʌ m b ɹ̩ d	n m ʌ m b d	w ʌ n d ɹ̩	w ʌ n d ɹ̩ d	w ʌ n d ɹ̩ d	n ʌ m b ɹ̩ d	0	1	reg_d	other	reg_d
model_stem	s t iː l	s t o ʊ l	s t iː l d	k l iː r	k l iː r d	k l iː r d	s t iː l d	1	0	vowel_change	reg_d	reg_d
model_stem	k ə n ɛ k t	k ə n ɛ k t ə d	k ə n t ə t ə d	s ə d͡ʒ ɛ s t	s ə d͡ʒ ɛ s t ə d	s ə d͡ʒ ɛ s t ə d	k ə n ɛ k t ə d	0	1	reg_əd	other	reg_əd
model_stem	h ɑː p	h ɑː p t	h ɑː p t	m ɑː p	m ɑː p t	m ɑː p t	h ɑː p t	1	1	reg_t	reg_t	reg_t
model_stem	s ɔ	s ɔ d	s ɔ	n ɔ	n ɔ d	n ɔ d	s ɔ d	0	1	reg_d	no_change	reg_d
model_stem	h iː t	h iː t ə d	h iː t	m iː t	m ɛ t	m ɛ t	h ɛ t	0	0	reg_əd	no_change	vowel_change
model_stem	ʃ uː	ʃ uː d	ʃ ɑː ɑː	d uː	d ɪ d	d ɪ d	ʃ ɪ d	0	0	reg_d	vowel_change	vowel_change_suffix
model_stem	r e ɪ n	r e ɪ n d	r e ɪ n d	ɡ e ɪ n	ɡ e ɪ n d	ɡ e ɪ n d	r e ɪ n d	1	1	reg_d	reg_d	reg_d
model_stem	t r ɪ k	t r ɪ k t	t r ɪ k t	l a ɪ k	l a ɪ k t	l a ɪ k t	t r ɪ k t	1	1	reg_t	reg_t	reg_t
model_stem	b r iː ð	b r iː ð d	b r iː ð d	s uː ð	s uː ð d	s uː ð d	b r iː ð d	1	1	reg_d	reg_d	reg_d
model_stem	ə n d ɹ̩ s t æ n d	ə n d ɹ̩ s t ʊ d	ə s t ə n d	f r ʌ s t r e ɪ t	f r ʌ s t r e ɪ t ə d	f r ʌ s t r e ɪ t ə d	ə n d ɹ̩ s t æ n d ə d	0	0	rhyme_replaced	other	reg_əd
model_stem	p ɑː r k	p ɑː r k t	p ɑː r k t	b ɑː r k	b ɑː r k t	b ɑː r k t	p ɑː r k t	1	1	reg_t	reg_t	reg_t
model_stem	b æ ŋ	b æ ŋ d	b æ ŋ	h æ ŋ	h æ ŋ	h ʌ ŋ	b æ ŋ	1	0	reg_d	no_change	no_change
model_stem	s k uː p	s k uː p t	s k uː p t	s t uː p	s t uː p t	s t uː p t	s k uː p t	1	1	reg_t	reg_t	reg_t
model_stem	s t ɛ r	s t ɛ r d	s t ɛ r d	s k ɛ r	s k ɛ r d	s k ɛ r d	s t ɛ r d	1	1	reg_d	reg_d	reg_d
model_stem	m ɛ l t	m ɛ l t ə d	m ɛ l t ə d	b ɛ l t	b ɛ l t ə d	b ɛ l t ə d	m ɛ l t ə d	1	1	reg_əd	reg_əd	reg_əd
model_stem	l æ f	l æ f t	l æ f t	b iː f	b iː f t	b iː f t	l æ f t	1	1	reg_t	reg_t	reg_t
model_stem	m a ʊ ð	m a ʊ ð d	m a ʊ ð d	s m uː ð	s m uː ð d	s m uː ð d	m a ʊ ð d	1	1	reg_d	reg_d	reg_d
model_stem	ɡ r ʌ m b ə l	ɡ r ʌ m b ə l d	ɡ r ʌ m b ə l d	k r ʌ m b ə l	k r ʌ m b ə l d	k r ʌ m b ə l d	ɡ r ʌ m b ə l d	1	1	reg_d	reg_d	reg_d
model_stem	r ɛ s t	r ɛ s t ə d	r ɛ s t ə d	b ɛ s t	b ɛ s t ə d	b ɛ s t ə d	r ɛ s t ə d	1	1	reg_əd	reg_əd	reg_əd
model_stem	s t ɑː m p	s t ɑː m p t	s t ɑː m p t	s t æ m p	s t æ m p t	s t æ m p t	s t ɑː m p t	1	1	reg_t	reg_t	reg_t
model_stem	p e ɪ n t	p e ɪ n t ə d	p e ɪ n t ə d	p ɔ ɪ n t	p ɔ ɪ n t ə d	p ɔ ɪ n t ə d	p e ɪ n t ə d	1	1	reg_əd	reg_əd	reg_əd
model_stem	t͡ʃ uː z	t͡ʃ o ʊ z	t͡ʃ uː z d	j uː z	j uː z d	j uː z d	t͡ʃ uː z d	1	0	vowel_change	reg_d	reg_d
model_stem	d r ɛ s	d r ɛ s t	d r ɛ s t	p r ɛ s	p r ɛ s t	p r ɛ s t	d r ɛ s t	1	1	reg_t	reg_t	reg_t
model_stem	m ɑː r k	m ɑː r k t	m ɑː r k t	b ɑː r k	b ɑː r k t	b ɑː r k t	m ɑː r k t	1	1	reg_t	reg_t	reg_t
model_stem	r ɑː k	r ɑː k t	r ɑː k t	r ɛ k	r ɛ k t	r ɛ k t	r ɑː k t	1	1	reg_t	reg_t	reg_t
model_stem	w ɛ t	w ɛ t	w ɛ t	p ɛ t	p ɛ t	p ɛ t ə d	w ɛ t	1	1	no_change	no_change	no_change
model_stem	t a ɪ p	t a ɪ p t	t a ɪ p t	t r ɪ p	t r ɪ p t	t r ɪ p t	t a ɪ p t	1	1	reg_t	reg_t	reg_t
model_stem	s k r uː	s k r uː d	s k r uː d	ɡ l uː	ɡ l uː d	ɡ l uː d	s k r uː d	1	1	reg_d	reg_d	reg_d
model_stem	d ɪ s r ʌ p t	d ɪ s r ʌ p t ə d	d ɪ s r ʌ s t ə d	b l æ ŋ k ə t	b l æ ŋ k ə t ə d	b l æ ŋ k ə t ə d	d ɪ s r ʌ p t ə d	0	1	reg_əd	other	reg_əd
model_stem	d a ɪ	d a ɪ d	d a ɪ d	t a ɪ	t a ɪ d	t a ɪ d	d a ɪ d	1	1	reg_d	reg_d	reg_d
model_stem	f l æ p	f l æ p t	f l æ p t	k l æ p	k l æ p t	k l æ p t	f l æ p t	1	1	reg_t	reg_t	reg_t
model_stem	s l æ p	s l æ p t	s l æ p t	k l æ p	k l æ p t	k l æ p t	s l æ p t	1	1	reg_t	reg_t	reg_t
model_stem	p r ɑː m ə s	p r ɑː m ə s t	p r ɑː m ə s ə d	b æ l ə n s	b æ l ə n s t	b æ l ə n s t	p r ɑː m ə s t	0	1	reg_t	reg_əd	reg_t
model_stem	f l a ʊ ɹ̩	f l a ʊ ɹ̩ d	f l a ʊ ɹ̩ d	f ɪ ŋ ɡ ɹ̩	f ɪ ŋ ɡ ɹ̩ d	f ɪ ŋ ɡ ɹ̩ d	f l a ʊ ɹ̩ d	1	1	reg_d	reg_d	reg_d
model_stem	ɡ æ ð ɹ̩	ɡ æ ð ɹ̩ d	ɡ æ ð ɹ̩ d	ɔ r d ɹ̩	ɔ r d ɹ̩ d	ɔ r d ɹ̩ d	ɡ æ ð ɹ̩ d	1	1	reg_d	reg_d	reg_d
model_stem	m ɛ ʒ ɹ̩	m ɛ ʒ ɹ̩ d	m ɛ m ɹ̩ d	b ɑː ð ɹ̩	b ɑː ð ɹ̩ d	b ɑː ð ɹ̩ d	m ɛ ʒ ɹ̩ d	0	1	reg_d	other	reg_d
model_stem	f a ɪ t	f ɔ t	f a ɪ t ə d	b a ɪ t	b a ɪ t ə d	b ɪ t	f a ɪ t ə d	1	0	vowel_change	reg_əd	reg_əd
model_stem	w æ ɡ	w æ ɡ d	w æ ɡ d	b æ ɡ	b æ ɡ d	b æ ɡ d	w æ ɡ d	1	1	reg_d	reg_d	reg_d
model_stem	p ɪ k ə l	p ɪ k ə l d	p ɪ k ə l d	p ɛ d ə l	p ɛ d ə l d	p ɛ d ə l d	p ɪ k ə l d	1	1	reg_d	reg_d	reg_d
model_stem	s t o ʊ n	s t o ʊ n d	s t o ʊ n d	t͡ʃ ɪ k ə n	t͡ʃ ɪ k ə n d	t͡ʃ ɪ k ə n d	s t o ʊ n d	1	1	reg_d	reg_d	reg_d
model_stem	s p r e ɪ	s p r e ɪ d	s p r e ɪ d	d ɪ l e ɪ	d ɪ l e ɪ d	d ɪ l e ɪ d	s p r e ɪ d	1	1	reg_d	reg_d	reg_d
model_stem	t w a ɪ n	t w a ɪ n d	t w ɪ d	t r e ɪ n	t r e ɪ n d	t r e ɪ n d	t w a ɪ n d	0	1	reg_d	rhyme_replaced	reg_d
model_stem	b iː p	b iː p t	b iː p t	z ɪ p	z ɪ p t	z ɪ p t	b iː p t	1	1	reg_t	reg_t	reg_t
model_stem	k ɑː r v	k ɑː r v d	k ɑː r v d	s e ɪ v	s e ɪ v d	s e ɪ v d	k ɑː r v d	1	1	reg_d	reg_d	reg_d
model_stem	p ʌ z ə l	p ʌ z ə l d	p ʌ z ə l d	p ɛ d ə l	p ɛ d ə l d	p ɛ d ə l d	p ʌ z ə l d	1	1	reg_d	reg_d	reg_d
model_stem	ʃ ʌ t	ʃ ʌ t	ʃ ʌ t	k ʌ t	k ʌ t	k ʌ t	ʃ ʌ t	1	1	no_change	no_change	no_change
model_stem	t æ k ə l	t æ k ə l d	t æ k ə l d	t ɪ k ə l	t ɪ k ə l d	t ɪ k ə l d	t æ k ə l d	1	1	reg_d	reg_d	reg_d
model_stem	ɪ k s p ɛ k t	ɪ k s p ɛ k t ə d	ɪ k s p ɛ k t ə d	p r ə t ɛ k t	p r ə t ɛ k t ə d	p r ə t ɛ k t ə d	ɪ k s p ɛ k t ə d	1	1	reg_əd	reg_əd	reg_əd
model_stem	b iː t	b iː t	b iː t ə d	m iː t	m ɛ t	m ɛ t	b ɛ t	0	0	no_change	reg_əd	vowel_change
model_stem	k ɑː p iː	k ɑː p iː d	k ɑː p t	z ɪ p ɹ̩	z ɪ p ɹ̩ d	z ɪ p ɹ̩ d	k ɑː p iː d	0	1	reg_d	other	reg_d
model_stem	ə r a ɪ v	ə r a ɪ v d	ə r a ɪ v d	d ɪ z ɹ̩ v	d ɪ z ɹ̩ v d	d ɪ z ɹ̩ v d	ə r a ɪ v d	1	1	reg_d	reg_d	reg_d
model_stem	d r ɪ l	d r ɪ l d	d r ɪ l d	s e ɪ l	s e ɪ l d	s e ɪ l d	d r ɪ l d	1	1	reg_d	reg_d	reg_d
model_stem	æ n s ɹ̩	æ n s ɹ̩ d	æ s n s ɹ̩	ɛ n t ɹ̩	ɛ n t ɹ̩ d	ɛ n t ɹ̩ d	æ n s ɹ̩ d	0	1	reg_d	other	reg_d
model_stem	ɪ n v a ɪ t	ɪ n v a ɪ t ə d	ɪ n v a ɪ t ə d	ɪ k s a ɪ t	ɪ k s a ɪ t ə d	ɪ k s a ɪ t ə d	ɪ n v a ɪ t ə d	1	1	reg_əd	reg_əd	reg_əd
model_stem	k l ɑː ɡ	k l ɑː ɡ d	k l ɑː ɡ d	p ɛ ɡ	p ɛ ɡ d	p ɛ ɡ d	k l ɑː ɡ d	1	1	reg_d	reg_d	reg_d
model_stem	p æ k	p æ k t	p æ k t	t æ k	t æ k t	t æ k t	p æ k t	1	1	reg_t	reg_t	reg_t
model_stem	p l ʌ ɡ	p l ʌ ɡ d	p l ʌ ɡ d	ə n p l ʌ ɡ	ə n p l ʌ ɡ d	ə n p l ʌ ɡ d	p l ʌ ɡ d	1	1	reg_d	reg_d	reg_d
model_stem	l æ s t	l æ s t ə d	l æ s t ə d	b ʌ s t	b ʌ s t ə d	b ʌ s t ə d	l æ s t ə d	1	1	reg_əd	reg_əd	reg_əd
model_stem	s m ʌ d͡ʒ	s m ʌ d͡ʒ d	s m ʌ d͡ʒ d	ɪ k s t͡ʃ e ɪ n d͡ʒ	ɪ k s t͡ʃ e ɪ n d͡ʒ d	ɪ k s t͡ʃ e ɪ n d͡ʒ d	s m ʌ d͡ʒ d	1	1	reg_d	reg_d	reg_d
model_stem	r o ʊ	r o ʊ d	r o ʊ d	ɡ o ʊ	ɡ o ʊ d	w ɛ n t	r o ʊ d	1	1	reg_d	reg_d	reg_d
model_stem	ɔ f ɹ̩	ɔ f ɹ̩ d	ɔ f f t	f a ɪ ɹ̩	f a ɪ ɹ̩ d	f a ɪ ɹ̩ d	ɔ f ɹ̩ d	0	1	reg_d	other	reg_d
model_stem	n o ʊ t ɪ s	n o ʊ t ɪ s t	n t o ʊ t ɪ t	r ɪ l æ k s	r ɪ l æ k s t	r ɪ l æ k s t	n o ʊ t ɪ s t	0	1	reg_t	other	reg_t
model_stem	s l o ʊ	s l o ʊ d	s l o ʊ d	b l o ʊ	b l o ʊ d	b l uː	s l o ʊ d	1	1	reg_d	reg_d	reg_d
model_stem	s w ɪ ʃ	s w ɪ ʃ t	s w ɪ ʃ t	f ɪ ʃ	f ɪ ʃ t	f ɪ ʃ t	s w ɪ ʃ t	1	1	reg_t	reg_t	reg_t
model_stem	d r e ɪ p	d r e ɪ p t	d r e ɪ p t	w ɹ̩ ʃ ɪ p	w ɹ̩ ʃ ɪ p t	w ɹ̩ ʃ ɪ p t	d r e ɪ p t	1	1	reg_t	reg_t	reg_t
model_stem	k r æ ʃ	k r æ ʃ t	k r æ ʃ t	t r æ ʃ	t r æ ʃ t	t r æ ʃ t	k r æ ʃ t	1	1	reg_t	reg_t	reg_t
model_stem	b æ ŋ k	b æ ŋ k t	b æ ŋ k t	θ æ ŋ k	θ æ ŋ k t	θ æ ŋ k t	b æ ŋ k t	1	1	reg_t	reg_t	reg_t
model_stem	l iː p	l ɛ p t	l iː p t	d ɪ p	d ɪ p t	d ɪ p t	l iː p t	1	0	vowel_change_suffix	reg_t	reg_t
model_stem	ɡ æ s p	ɡ æ s p t	ɡ æ s p t	s l iː p	s l iː p t	s l ɛ p t	ɡ æ s p t	1	1	reg_t	reg_t	reg_t
model_stem	r o ʊ m	r o ʊ m d	r o ʊ m d	k o ʊ m	k o ʊ m d	k o ʊ m d	r o ʊ m d	1	1	reg_d	reg_d	reg_d
model_stem	b ɔ r d	b ɔ r d ə d	b ɔ r d ə d	l o ʊ d	l o ʊ d ə d	l o ʊ d ə d	b ɔ r d ə d	1	1	reg_əd	reg_əd	reg_əd
model_stem	b ɪ k ʌ m	b ɪ k e ɪ m	b ɪ k ʌ m d	b ɑː t ə m	b ɑː t ə m d	b ɑː t ə m d	b ɪ k ʌ m d	1	0	vowel_change	reg_d	reg_d
model_stem	b o ʊ l t	b o ʊ l t ə d	b o ʊ l t ə d	b l æ s t	b l æ s t ə d	b l æ s t ə d	b o ʊ l t ə d	1	1	reg_əd	reg_əd	reg_əd
model_stem	s l ɪ p	s l ɪ p t	s l ɪ p t	k l ɪ p	k l ɪ p t	k l ɪ p t	s l ɪ p t	1	1	reg_t	reg_t	reg_t
model_stem	t o ʊ n	t o ʊ n d	t o ʊ n d	k ɔ ɪ n	k ɔ ɪ n d	k ɔ ɪ n d	t o ʊ n d	1	1	reg_d	reg_d	reg_d
model_stem	a ɪ	a ɪ d	a ɪ d	h ʌ ɡ	h ʌ ɡ d	h ʌ ɡ d	a ɪ d	1	1	reg_d	reg_d	reg_d
model_stem	p iː s	p iː s t	p iː s t	ɡ ɛ s	ɡ ɛ s t	ɡ ɛ s t	p iː s t	1	1	reg_t	reg_t	reg_t
model_stem	m ʊ r	m ʊ r d	m ʊ r d	b ɛ r	b ɛ r d	b o ʊ r	m ʊ r d	1	1	reg_d	reg_d	reg_d
model_stem	r a ɪ m	r a ɪ m d	r a ɪ m d	t a ɪ m	t a ɪ m d	t a ɪ m d	r a ɪ m d	1	1	reg_d	reg_d	reg_d
model_stem	s k r iː m	s k r iː m d	s k r iː m d	k l a ɪ m	k l a ɪ m d	k l a ɪ m d	s k r iː m d	1	1	reg_d	reg_d	reg_d
model_stem	b uː m	b uː m d	b uː m d	z uː m	z uː m d	z uː m d	b uː m d	1	1	reg_d	reg_d	reg_d
model_stem	p l æ n t	p l æ n t ə d	p l æ n t ə d	p ɔ ɪ n t	p ɔ ɪ n t ə d	p ɔ ɪ n t ə d	p l æ n t ə d	1	1	reg_əd	reg_əd	reg_əd
model_stem	s w ɪ t͡ʃ	s w ɪ t͡ʃ t	s w ɪ t͡ʃ t	b l iː t͡ʃ	b l iː t͡ʃ t	b l iː t͡ʃ t	s w ɪ t͡ʃ t	1	1	reg_t	reg_t	reg_t
model_stem	n iː r	n iː r d	n iː r d	s iː r	s iː r d	s iː r d	n iː r d	1	1	reg_d	reg_d	reg_d
model_stem	l ɑː k	l ɑː k t	l ɑː k t	k ɑː k	k ɑː k t	k ɑː k t	l ɑː k t	1	1	reg_t	reg_t	reg_t
model_stem	d ɪ s k ʌ s	d ɪ s k ʌ s t	d ɪ s k s ʌ s t ə d	r ɪ l æ k s	r ɪ l æ k s t	r ɪ l æ k s t	d ɪ s k ʌ s t	0	1	reg_t	other	reg_t
model_stem	ə ɡ r iː	ə ɡ r iː d	ə ɡ ɡ r iː	b ɛ r iː	b ɛ r iː d	b ɛ r iː d	ə ɡ r iː d	0	1	reg_d	other	reg_d
model_stem	s k ɪ p	s k ɪ p t	s k ɪ p t	k l ɪ p	k l ɪ p t	k l ɪ p t	s k ɪ p t	1	1	reg_t	reg_t	reg_t
model_stem	ɡ r o ʊ s	ɡ r o ʊ s t	ɡ r o ʊ s t	ɪ r e ɪ s	ɪ r e ɪ s t	ɪ r e ɪ s t	ɡ r o ʊ s t	1	1	reg_t	reg_t	reg_t
model_stem	k æ t ə l ɔ ɡ	k æ t ə l ɔ ɡ d	k ə l ə l ɔ k ə d	r iː ə l a ɪ z	r iː ə l a ɪ z d	r iː ə l a ɪ z d	k æ t ə l ɔ ɡ d	0	1	reg_d	other	reg_d
model_stem	d͡ʒ ʌ ɡ ə l	d͡ʒ ʌ ɡ ə l d	d͡ʒ ʌ ɡ ə l d	r ʌ f ə l	r ʌ f ə l d	r ʌ f ə l d	d͡ʒ ʌ ɡ ə l d	1	1	reg_d	reg_d	reg_d
model_stem	s iː z ə n	s iː z ə n d	s iː z ə n d	t͡ʃ ɪ k ə n	t͡ʃ ɪ k ə n d	t͡ʃ ɪ k ə n d	s iː z ə n d	1	1	reg_d	reg_d	reg_d
model_stem	ɡ ɑː r b ə l	ɡ ɑː r b ə l d	ɡ ɑː r b ə l d	t r ʌ b ə l	t r ʌ b ə l d	t r ʌ b ə l d	ɡ ɑː r b ə l d	1	1	reg_d	reg_d	reg_d
model_stem	k æ s t	k æ s t	k æ s t ə d	b ʌ s t	b ʌ s t ə d	b ʌ s t ə d	k æ s t ə d	1	0	no_change	reg_əd	reg_əd
model_stem	p l ɑː d	p l ɑː d ə d	p l ɑː d ə d	b ɪ l d	b ɪ l t	b ɪ l t	p l ɑː t	0	0	reg_əd	reg_əd	coda_change
model_stem	k ə m p ɛ r	k ə m p ɛ r d	k ə m p ə r d	p r iː p ɛ r	p r iː p ɛ r d	p r iː p ɛ r d	k ə m p ɛ r d	0	1	reg_d	vowel_change_suffix	reg_d
model_stem	ə n f o ʊ l d	ə n f o ʊ l d ə d	ə n f ə l ə l d	r iː m a ɪ n d	r iː m a ɪ n d ə d	r iː m a ɪ n d ə d	ə n f o ʊ l d ə d	0	1	reg_əd	other	reg_əd
model_stem	d ɪ s k r a ɪ b	d ɪ s k r a ɪ b d	d	b a ɪ s ɪ k ə l	b a ɪ s ɪ k ə l d	b a ɪ s ɪ k ə l d	d ɪ s k r a ɪ b d	0	1	reg_d	other	reg_d
model_stem	t r æ k	t r æ k t	t r æ k t	k r æ k	k r æ k t	k r æ k t	t r æ k t	1	1	reg_t	reg_t	reg_t
model_stem	k æ p t͡ʃ ɹ̩	k æ p t͡ʃ ɹ̩ d	k æ p t ɹ̩ d	p ɪ k t͡ʃ ɹ̩	p ɪ k t͡ʃ ɹ̩ d	p ɪ k t͡ʃ ɹ̩ d	k æ p t͡ʃ ɹ̩ d	0	1	reg_d	other	reg_d
model_stem	d ɪ p ɔ r t	d ɪ p ɔ r t ə d	d ɪ p ɔ r t ə d	r ɪ l e ɪ t	r ɪ l e ɪ t ə d	r ɪ l e ɪ t ə d	d ɪ p ɔ r t ə d	1	1	reg_əd	reg_əd	reg_əd
model_stem	d o ʊ l	d o ʊ l d	d o ʊ l d	b o ʊ l	b o ʊ l d	b o ʊ l d	d o ʊ l d	1	1	reg_d	reg_d	reg_d
model_stem	r ɛ n t	r ɛ n t ə d	r ɛ n t ə d	w ɔ n t	w ɔ n t ə d	w ɔ n t ə d	r ɛ n t ə d	1	1	reg_əd	reg_əd	reg_əd
model_decision	f l o ʊ t	f l o ʊ t ə d	f l o ʊ t ə d	p ɑː k ə t	p ɑː k ə t ə d	p ɑː k ə t ə d	f l o ʊ t ə d	1	1	reg_əd	reg_əd	reg_əd
model_decision	ɡ ɛ t	ɡ ɑː t	ɡ ɛ t	l ɛ t	l ɛ t ə d	l ɛ t	ɡ ɛ t ə d	0	0	vowel_change	no_change	reg_əd
model_decision	n o ʊ	n uː	n o ʊ d	ʃ o ʊ	ʃ o ʊ d	ʃ o ʊ d	n o ʊ d	1	0	vowel_change	reg_d	reg_d
model_decision	ɡ ɪ v	ɡ e ɪ v	ɡ ɪ v d	l ʌ v	l ʌ v d	l ʌ v d	ɡ ɪ v d	1	0	vowel_change	reg_d	reg_d
model_decision	b ɹ̩ n	b ɹ̩ n d	b ɹ̩ n d	l ɹ̩ n	l ɹ̩ n d	l ɹ̩ n d	b ɹ̩ n d	1	1	reg_d	reg_d	reg_d
model_decision	f ɪ t	f ɪ t	f ɪ t	h ɪ t	h ɪ t	h ɪ t	f ɪ t	1	1	no_change	no_change	no_change
model_decision	t e ɪ k	t ʊ k	t e ɪ k t	b e ɪ k	b e ɪ k t	b e ɪ k t	t e ɪ k t	1	0	vowel_change	reg_t	reg_t
model_decision	n e ɪ m	n e ɪ m d	n e ɪ m d	t r ɪ m	t r ɪ m d	t r ɪ m d	n e ɪ m d	1	1	reg_d	reg_d	reg_d
model_decision	d r ɪ p	d r ɪ p t	d r ɪ p t	t r ɪ p	t r ɪ p t	t r ɪ p t	d r ɪ p t	1	1	reg_t	reg_t	reg_t
model_decision	r a ɪ d	r o ʊ d	r a ɪ d	s a ɪ d	s a ɪ d	s a ɪ d ə d	r a ɪ d	1	0	vowel_change	no_change	no_change
model_decision	t ɛ l	t o ʊ l d	t ɛ l d	j ɛ l	j ɛ l d	j ɛ l d	t ɛ l d	1	0	vowel_change_suffix	reg_d	reg_d
model_decision	s n iː k	s n iː k t	s n iː k t	s l iː p	s l iː p t	s l ɛ p t	s n iː k t	1	1	reg_t	reg_t	reg_t
model_decision	h æ p ə n	h æ p ə n d	h æ p ə n d	o ʊ p ə n	o ʊ p ə n d	o ʊ p ə n d	h æ p ə n d	1	1	reg_d	reg_d	reg_d
model_decision	w e ɪ t	w e ɪ t ə d	w e ɪ t ə d	h e ɪ t	h e ɪ t ə d	h e ɪ t ə d	w e ɪ t ə d	1	1	reg_əd	reg_əd	reg_əd
model_decision	b r e ɪ k	b r o ʊ k	b r e ɪ k t	b l ɪ ŋ k	b l ɪ ŋ k t	b l ɪ ŋ k t	b r e ɪ k t	1	0	vowel_change	reg_t	reg_t
model_decision	ɪ k s k j uː z	ɪ k s k j uː z d	ɪ k s k j e ɪ d	s ə p o ʊ z	s ə p o ʊ z d	s ə p o ʊ z d	ɪ k s k j uː z d	0	1	reg_d	rhyme_replaced	reg_d
model_decision	s t ɑː r t	s t ɑː r t ə d	s t ɑː r t ə d	s m ɑː r t	s m ɑː r t ə d	s m ɑː r t ə d	s t ɑː r t ə d	1	1	reg_əd	reg_əd	reg_əd
model_decision	d ɪ s a ɪ d	d ɪ s a ɪ d ə d	d ɪ s a ɪ d ə d	d ɪ v a ɪ d	d ɪ v a ɪ d ə d	d ɪ v a ɪ d ə d	d ɪ s a ɪ d ə d	1	1	reg_əd	reg_əd	reg_əd
model_decision	l ɪ s ə n	l ɪ s ə n d	l ɪ s ə n d	t͡ʃ ɪ k ə n	t͡ʃ ɪ k ə n d	t͡ʃ ɪ k ə n d	l ɪ s ə n d	1	1	reg_d	reg_d	reg_d
model_decision	d ɪ ŋ	d ɪ ŋ d	d ɪ ŋ	r ɪ ŋ	r ɪ ŋ	r æ ŋ	d ɪ ŋ	1	0	reg_d	no_change	no_change
model_decision	h iː r	h ɹ̩ d	h iː r d	ʃ ɛ r	ʃ ɛ r d	ʃ ɛ r d	h iː r d	1	0	rhyme_replaced	reg_d	reg_d
model_decision	r ɛ n t͡ʃ	r ɛ n t͡ʃ t	r ɛ n t͡ʃ t	p ɪ n t͡ʃ	p ɪ n t͡ʃ t	p ɪ n t͡ʃ t	r ɛ n t͡ʃ t	1	1	reg_t	reg_t	reg_t
model_decision	s t ɹ̩	s t ɹ̩ d	s t ɹ̩ d	b ʌ t ɹ̩	b ʌ t ɹ̩ d	b ʌ t ɹ̩ d	s t ɹ̩ d	1	1	reg_d	reg_d	reg_d
model_decision	s ʌ k	s ʌ k t	s ʌ k t	t ʌ k	t ʌ k t	t ʌ k t	s ʌ k t	1	1	reg_t	reg_t	reg_t
model_decision	n ɑː k	n ɑː k t	n ɑː k t	t ɪ k	t ɪ k t	t ɪ k t	n ɑː k t	1	1	reg_t	reg_t	reg_t
model_decision	d͡ʒ ʌ m p	d͡ʒ ʌ m p t	d͡ʒ ʌ m p t	b ʌ m p	b ʌ m p t	b ʌ m p t	d͡ʒ ʌ m p t	1	1	reg_t	reg_t	reg_t
model_decision	w uː	w uː d	w uː d	t͡ʃ uː	t͡ʃ uː d	t͡ʃ uː d	w uː d	1	1	reg_d	reg_d	reg_d
model_decision	s m ɛ l	s m ɛ l d	s m ɛ l d	s p ɛ l	s p ɛ l d	s p ɛ l d	s m ɛ l d	1	1	reg_d	reg_d	reg_d
model_decision	k iː p	k ɛ p t	k iː p t	p uː p	p uː p t	p uː p t	k iː p t	1	0	vowel_change_suffix	reg_t	reg_t
model_decision	d ɔ ɡ	d ɔ ɡ d	d ɔ ɡ d	d ɪ ɡ	d ɪ ɡ d	d ʌ ɡ	d ɔ ɡ d	1	1	reg_d	reg_d	reg_d
model_decision	k ʌ l ɹ̩	k ʌ l ɹ̩ d	k ʌ l ɹ̩ d	w ɔ t ɹ̩	w ɔ t ɹ̩ d	w ɔ t ɹ̩ d	k ʌ l ɹ̩ d	1	1	reg_d	reg_d	reg_d
model_decision	iː v ɪ n	iː v ɪ n d	iː v ɪ n d	d͡ʒ ɔ ɪ n	d͡ʒ ɔ ɪ n d	d͡ʒ ɔ ɪ n d	iː v ɪ n d	1	1	reg_d	reg_d	reg_d
model_decision	s ɛ t	s ɛ t	s ɛ t	p ɛ t	p ɛ t	p ɛ t ə d	s ɛ t	1	1	no_change	no_change	no_change
model_decision	p ʊ l	p ʊ l d	p ʊ l d	k uː l	k uː l d	k uː l d	p ʊ l d	1	1	reg_d	reg_d	reg_d
model_decision	w a ɪ n d	w a ɪ n d ə d	w a ɪ n d ə d	m a ɪ n d	m a ɪ n d ə d	m a ɪ n d ə d	w a ɪ n d ə d	1	1	reg_əd	reg_əd	reg_əd
model_decision	r a ɪ z	r o ʊ z	r a ɪ z d	s a ɪ z	s a ɪ z d	s a ɪ z d	r a ɪ z d	1	0	vowel_change	reg_d	reg_d
model_decision	n ʌ m b ɹ̩	n ʌ m b ɹ̩ d	n m ʌ m b d	f æ n	f æ n d	f æ n d	n ʌ m b ɹ̩ d	0	1	reg_d	other	reg_d
model_decision	s t iː l	s t o ʊ l	s t iː l d	k l iː r	k l iː r d	k l iː r d	s t iː l d	1	0	vowel_change	reg_d	reg_d
model_decision	k ə n ɛ k t	k ə n ɛ k t ə d	k ə n t ə t ə d	b l ɛ s	b l ɛ s t	b l ɛ s t	k ə n ɛ k t t	0	0	reg_əd	other	reg_t
model_decision	h ɑː p	h ɑː p t	h ɑː p t	m ɑː p	m ɑː p t	m ɑː p t	h ɑː p t	1	1	reg_t	reg_t	reg_t
model_decision	s ɔ	s ɔ d	s ɔ	n ɔ	n ɔ d	n ɔ d	s ɔ d	0	1	reg_d	no_change	reg_d
model_decision	h iː t	h iː t ə d	h iː t	t͡ʃ iː t	t͡ʃ iː t	t͡ʃ iː t ə d	h iː t	1	0	reg_əd	no_change	no_change
model_decision	ʃ uː	ʃ uː d	ʃ ɑː ɑː	ʃ uː t	ʃ ɑː t ə d	ʃ ɑː t	NA	0	0	reg_d	vowel_change	other
model_decision	r e ɪ n	r e ɪ n d	r e ɪ n d	ɡ e ɪ n	ɡ e ɪ n d	ɡ e ɪ n d	r e ɪ n d	1	1	reg_d	reg_d	reg_d
model_decision	t r ɪ k	t r ɪ k t	t r ɪ k t	l a ɪ k	l a ɪ k t	l a ɪ k t	t r ɪ k t	1	1	reg_t	reg_t	reg_t
model_decision	b r iː ð	b r iː ð d	b r iː ð d	s uː ð	s uː ð d	s uː ð d	b r iː ð d	1	1	reg_d	reg_d	reg_d
model_decision	ə n d ɹ̩ s t æ n d	ə n d ɹ̩ s t ʊ d	ə s t ə n d	ɪ n t ə r ɛ s t	ɪ n t ə r ɛ r ɪ d	ɪ n t ə r ɛ s t ə d	NA	0	0	rhyme_replaced	other	other
model_decision	p ɑː r k	p ɑː r k t	p ɑː r k t	b ɑː r k	b ɑː r k t	b ɑː r k t	p ɑː r k t	1	1	reg_t	reg_t	reg_t
model_decision	b æ ŋ	b æ ŋ d	b æ ŋ	h æ ŋ	h æ ŋ	h ʌ ŋ	b æ ŋ	1	0	reg_d	no_change	no_change
model_decision	s k uː p	s k uː p t	s k uː p t	s t uː p	s t uː p t	s t uː p t	s k uː p t	1	1	reg_t	reg_t	reg_t
model_decision	s t ɛ r	s t ɛ r d	s t ɛ r d	s k ɛ r	s k ɛ r d	s k ɛ r d	s t ɛ r d	1	1	reg_d	reg_d	reg_d
model_decision	m ɛ l t	m ɛ l t ə d	m ɛ l t ə d	b ɛ l t	b ɛ l t ə d	b ɛ l t ə d	m ɛ l t ə d	1	1	reg_əd	reg_əd	reg_əd
model_decision	l æ f	l æ f t	l æ f t	b iː f	b iː f t	b iː f t	l æ f t	1	1	reg_t	reg_t	reg_t
model_decision	m a ʊ ð	m a ʊ ð d	m a ʊ ð d	s m uː ð	s m uː ð d	s m uː ð d	m a ʊ ð d	1	1	reg_d	reg_d	reg_d
model_decision	ɡ r ʌ m b ə l	ɡ r ʌ m b ə l d	ɡ r ʌ m b ə l d	k r ʌ m b ə l	k r ʌ m b ə l d	k r ʌ m b ə l d	ɡ r ʌ m b ə l d	1	1	reg_d	reg_d	reg_d
model_decision	r ɛ s t	r ɛ s t ə d	r ɛ s t ə d	b ɛ s t	b ɛ s t ə d	b ɛ s t ə d	r ɛ s t ə d	1	1	reg_əd	reg_əd	reg_əd
model_decision	s t ɑː m p	s t ɑː m p t	s t ɑː m p t	s t æ m p	s t æ m p t	s t æ m p t	s t ɑː m p t	1	1	reg_t	reg_t	reg_t
model_decision	p e ɪ n t	p e ɪ n t ə d	p e ɪ n t ə d	p ɔ ɪ n t	p ɔ ɪ n t ə d	p ɔ ɪ n t ə d	p e ɪ n t ə d	1	1	reg_əd	reg_əd	reg_əd
model_decision	t͡ʃ uː z	t͡ʃ o ʊ z	t͡ʃ uː z d	j uː z	j uː z d	j uː z d	t͡ʃ uː z d	1	0	vowel_change	reg_d	reg_d
model_decision	d r ɛ s	d r ɛ s t	d r ɛ s t	p r ɛ s	p r ɛ s t	p r ɛ s t	d r ɛ s t	1	1	reg_t	reg_t	reg_t
model_decision	m ɑː r k	m ɑː r k t	m ɑː r k t	b ɑː r k	b ɑː r k t	b ɑː r k t	m ɑː r k t	1	1	reg_t	reg_t	reg_t
model_decision	r ɑː k	r ɑː k t	r ɑː k t	r ɛ k	r ɛ k t	r ɛ k t	r ɑː k t	1	1	reg_t	reg_t	reg_t
model_decision	w ɛ t	w ɛ t	w ɛ t	p ɛ t	p ɛ t	p ɛ t ə d	w ɛ t	1	1	no_change	no_change	no_change
model_decision	t a ɪ p	t a ɪ p t	t a ɪ p t	t r ɪ p	t r ɪ p t	t r ɪ p t	t a ɪ p t	1	1	reg_t	reg_t	reg_t
model_decision	s k r uː	s k r uː d	s k r uː d	ɡ l uː	ɡ l uː d	ɡ l uː d	s k r uː d	1	1	reg_d	reg_d	reg_d
model_decision	d ɪ s r ʌ p t	d ɪ s r ʌ p t ə d	d ɪ s r ʌ s t ə d	d ɪ l ɪ v ɹ̩	d ɪ l ɪ v ɹ̩ d	d ɪ l ɪ v ɹ̩ d	d ɪ s r ʌ p t d	0	0	reg_əd	other	reg_d
model_decision	d a ɪ	d a ɪ d	d a ɪ d	t a ɪ	t a ɪ d	t a ɪ d	d a ɪ d	1	1	reg_d	reg_d	reg_d
model_decision	f l æ p	f l æ p t	f l æ p t	k l æ p	k l æ p t	k l æ p t	f l æ p t	1	1	reg_t	reg_t	reg_t
model_decision	s l æ p	s l æ p t	s l æ p t	k l æ p	k l æ p t	k l æ p t	s l æ p t	1	1	reg_t	reg_t	reg_t
model_decision	p r ɑː m ə s	p r ɑː m ə s t	p r ɑː m ə s ə d	b æ l ə n s	b æ l ə n s t	b æ l ə n s t	p r ɑː m ə s t	0	1	reg_t	reg_əd	reg_t
model_decision	f l a ʊ ɹ̩	f l a ʊ ɹ̩ d	f l a ʊ ɹ̩ d	f ɪ ŋ ɡ ɹ̩	f ɪ ŋ ɡ ɹ̩ d	f ɪ ŋ ɡ ɹ̩ d	f l a ʊ ɹ̩ d	1	1	reg_d	reg_d	reg_d
model_decision	ɡ æ ð ɹ̩	ɡ æ ð ɹ̩ d	ɡ æ ð ɹ̩ d	ɔ r d ɹ̩	ɔ r d ɹ̩ d	ɔ r d ɹ̩ d	ɡ æ ð ɹ̩ d	1	1	reg_d	reg_d	reg_d
model_decision	m ɛ ʒ ɹ̩	m ɛ ʒ ɹ̩ d	m ɛ m ɹ̩ d	d͡ʒ æ m	d͡ʒ æ m d	d͡ʒ æ m d	m ɛ ʒ ɹ̩ d	0	1	reg_d	other	reg_d
model_decision	f a ɪ t	f ɔ t	f a ɪ t ə d	b a ɪ t	b a ɪ t ə d	b ɪ t	f a ɪ t ə d	1	0	vowel_change	reg_əd	reg_əd
model_decision	w æ ɡ	w æ ɡ d	w æ ɡ d	b æ ɡ	b æ ɡ d	b æ ɡ d	w æ ɡ d	1	1	reg_d	reg_d	reg_d
model_decision	p ɪ k ə l	p ɪ k ə l d	p ɪ k ə l d	p ɛ d ə l	p ɛ d ə l d	p ɛ d ə l d	p ɪ k ə l d	1	1	reg_d	reg_d	reg_d
model_decision	s t o ʊ n	s t o ʊ n d	s t o ʊ n d	t͡ʃ ɪ k ə n	t͡ʃ ɪ k ə n d	t͡ʃ ɪ k ə n d	s t o ʊ n d	1	1	reg_d	reg_d	reg_d
model_decision	s p r e ɪ	s p r e ɪ d	s p r e ɪ d	d ɪ l e ɪ	d ɪ l e ɪ d	d ɪ l e ɪ d	s p r e ɪ d	1	1	reg_d	reg_d	reg_d
model_decision	t w a ɪ n	t w a ɪ n d	t w ɪ d	s t ɪ ŋ k	s t ʌ ŋ k t	s t ʌ ŋ k	NA	0	0	reg_d	rhyme_replaced	vowel_change_suffix
model_decision	b iː p	b iː p t	b iː p t	z ɪ p	z ɪ p t	z ɪ p t	b iː p t	1	1	reg_t	reg_t	reg_t
model_decision	k ɑː r v	k ɑː r v d	k ɑː r v d	s e ɪ v	s e ɪ v d	s e ɪ v d	k ɑː r v d	1	1	reg_d	reg_d	reg_d
model_decision	p ʌ z ə l	p ʌ z ə l d	p ʌ z ə l d	p ɛ d ə l	p ɛ d ə l d	p ɛ d ə l d	p ʌ z ə l d	1	1	reg_d	reg_d	reg_d
model_decision	ʃ ʌ t	ʃ ʌ t	ʃ ʌ t	k ʌ t	k ʌ t	k ʌ t	ʃ ʌ t	1	1	no_change	no_change	no_change
model_decision	t æ k ə l	t æ k ə l d	t æ k ə l d	t ɪ k ə l	t ɪ k ə l d	t ɪ k ə l d	t æ k ə l d	1	1	reg_d	reg_d	reg_d
model_decision	ɪ k s p ɛ k t	ɪ k s p ɛ k t ə d	ɪ k s p ɛ k t ə d	p r ə t ɛ k t	p r ə t ɛ k t ə d	p r ə t ɛ k t ə d	ɪ k s p ɛ k t ə d	1	1	reg_əd	reg_əd	reg_əd
model_decision	b iː t	b iː t	b iː t ə d	t͡ʃ iː t	t͡ʃ iː t	t͡ʃ iː t ə d	b iː t	0	1	no_change	reg_əd	no_change
model_decision	k ɑː p iː	k ɑː p iː d	k ɑː p t	s l iː p	s l iː p t	s l ɛ p t	k ɑː p iː t	0	0	reg_d	other	reg_t
model_decision	ə r a ɪ v	ə r a ɪ v d	ə r a ɪ v d	d ɪ z ɹ̩ v	d ɪ z ɹ̩ v d	d ɪ z ɹ̩ v d	ə r a ɪ v d	1	1	reg_d	reg_d	reg_d
model_decision	d r ɪ l	d r ɪ l d	d r ɪ l d	s e ɪ l	s e ɪ l d	s e ɪ l d	d r ɪ l d	1	1	reg_d	reg_d	reg_d
model_decision	æ n s ɹ̩	æ n s ɹ̩ d	æ s n s ɹ̩	ɛ k s ɹ̩ s a ɪ z	ɛ s ɹ̩ s t e ɪ z d	ɛ k s ɹ̩ s a ɪ z d	NA	0	0	reg_d	other	other
model_decision	ɪ n v a ɪ t	ɪ n v a ɪ t ə d	ɪ n v a ɪ t ə d	ɪ k s a ɪ t	ɪ k s a ɪ t ə d	ɪ k s a ɪ t ə d	ɪ n v a ɪ t ə d	1	1	reg_əd	reg_əd	reg_əd
model_decision	k l ɑː ɡ	k l ɑː ɡ d	k l ɑː ɡ d	p ɛ ɡ	p ɛ ɡ d	p ɛ ɡ d	k l ɑː ɡ d	1	1	reg_d	reg_d	reg_d
model_decision	p æ k	p æ k t	p æ k t	t æ k	t æ k t	t æ k t	p æ k t	1	1	reg_t	reg_t	reg_t
model_decision	p l ʌ ɡ	p l ʌ ɡ d	p l ʌ ɡ d	ə n p l ʌ ɡ	ə n p l ʌ ɡ d	ə n p l ʌ ɡ d	p l ʌ ɡ d	1	1	reg_d	reg_d	reg_d
model_decision	l æ s t	l æ s t ə d	l æ s t ə d	b ʌ s t	b ʌ s t ə d	b ʌ s t ə d	l æ s t ə d	1	1	reg_əd	reg_əd	reg_əd
model_decision	s m ʌ d͡ʒ	s m ʌ d͡ʒ d	s m ʌ d͡ʒ d	ɪ k s t͡ʃ e ɪ n d͡ʒ	ɪ k s t͡ʃ e ɪ n d͡ʒ d	ɪ k s t͡ʃ e ɪ n d͡ʒ d	s m ʌ d͡ʒ d	1	1	reg_d	reg_d	reg_d
model_decision	r o ʊ	r o ʊ d	r o ʊ d	ɡ o ʊ	ɡ o ʊ d	w ɛ n t	r o ʊ d	1	1	reg_d	reg_d	reg_d
model_decision	ɔ f ɹ̩	ɔ f ɹ̩ d	ɔ f f t	s t ʌ f	s t ʌ f t	s t ʌ f t	ɔ f ɹ̩ t	0	0	reg_d	other	reg_t
model_decision	n o ʊ t ɪ s	n o ʊ t ɪ s t	n t o ʊ t ɪ t	m æ t͡ʃ	m æ t͡ʃ t	m æ t͡ʃ t	n o ʊ t ɪ s t	0	1	reg_t	other	reg_t
model_decision	s l o ʊ	s l o ʊ d	s l o ʊ d	b l o ʊ	b l o ʊ d	b l uː	s l o ʊ d	1	1	reg_d	reg_d	reg_d
model_decision	s w ɪ ʃ	s w ɪ ʃ t	s w ɪ ʃ t	f ɪ ʃ	f ɪ ʃ t	f ɪ ʃ t	s w ɪ ʃ t	1	1	reg_t	reg_t	reg_t
model_decision	d r e ɪ p	d r e ɪ p t	d r e ɪ p t	w ɹ̩ ʃ ɪ p	w ɹ̩ ʃ ɪ p t	w ɹ̩ ʃ ɪ p t	d r e ɪ p t	1	1	reg_t	reg_t	reg_t
model_decision	k r æ ʃ	k r æ ʃ t	k r æ ʃ t	t r æ ʃ	t r æ ʃ t	t r æ ʃ t	k r æ ʃ t	1	1	reg_t	reg_t	reg_t
model_decision	b æ ŋ k	b æ ŋ k t	b æ ŋ k t	θ æ ŋ k	θ æ ŋ k t	θ æ ŋ k t	b æ ŋ k t	1	1	reg_t	reg_t	reg_t
model_decision	l iː p	l ɛ p t	l iː p t	d ɪ p	d ɪ p t	d ɪ p t	l iː p t	1	0	vowel_change_suffix	reg_t	reg_t
model_decision	ɡ æ s p	ɡ æ s p t	ɡ æ s p t	s l iː p	s l iː p t	s l ɛ p t	ɡ æ s p t	1	1	reg_t	reg_t	reg_t
model_decision	r o ʊ m	r o ʊ m d	r o ʊ m d	k o ʊ m	k o ʊ m d	k o ʊ m d	r o ʊ m d	1	1	reg_d	reg_d	reg_d
model_decision	b ɔ r d	b ɔ r d ə d	b ɔ r d ə d	l o ʊ d	l o ʊ d ə d	l o ʊ d ə d	b ɔ r d ə d	1	1	reg_əd	reg_əd	reg_əd
model_decision	b ɪ k ʌ m	b ɪ k e ɪ m	b ɪ k ʌ m d	b ɑː t ə m	b ɑː t ə m d	b ɑː t ə m d	b ɪ k ʌ m d	1	0	vowel_change	reg_d	reg_d
model_decision	b o ʊ l t	b o ʊ l t ə d	b o ʊ l t ə d	b l æ s t	b l æ s t ə d	b l æ s t ə d	b o ʊ l t ə d	1	1	reg_əd	reg_əd	reg_əd
model_decision	s l ɪ p	s l ɪ p t	s l ɪ p t	k l ɪ p	k l ɪ p t	k l ɪ p t	s l ɪ p t	1	1	reg_t	reg_t	reg_t
model_decision	t o ʊ n	t o ʊ n d	t o ʊ n d	k ɔ ɪ n	k ɔ ɪ n d	k ɔ ɪ n d	t o ʊ n d	1	1	reg_d	reg_d	reg_d
model_decision	a ɪ	a ɪ d	a ɪ d	h ʌ ɡ	h ʌ ɡ d	h ʌ ɡ d	a ɪ d	1	1	reg_d	reg_d	reg_d
model_decision	p iː s	p iː s t	p iː s t	ɡ ɛ s	ɡ ɛ s t	ɡ ɛ s t	p iː s t	1	1	reg_t	reg_t	reg_t
model_decision	m ʊ r	m ʊ r d	m ʊ r d	b ɛ r	b ɛ r d	b o ʊ r	m ʊ r d	1	1	reg_d	reg_d	reg_d
model_decision	r a ɪ m	r a ɪ m d	r a ɪ m d	t a ɪ m	t a ɪ m d	t a ɪ m d	r a ɪ m d	1	1	reg_d	reg_d	reg_d
model_decision	s k r iː m	s k r iː m d	s k r iː m d	k l a ɪ m	k l a ɪ m d	k l a ɪ m d	s k r iː m d	1	1	reg_d	reg_d	reg_d
model_decision	b uː m	b uː m d	b uː m d	z uː m	z uː m d	z uː m d	b uː m d	1	1	reg_d	reg_d	reg_d
model_decision	p l æ n t	p l æ n t ə d	p l æ n t ə d	p ɔ ɪ n t	p ɔ ɪ n t ə d	p ɔ ɪ n t ə d	p l æ n t ə d	1	1	reg_əd	reg_əd	reg_əd
model_decision	s w ɪ t͡ʃ	s w ɪ t͡ʃ t	s w ɪ t͡ʃ t	b l iː t͡ʃ	b l iː t͡ʃ t	b l iː t͡ʃ t	s w ɪ t͡ʃ t	1	1	reg_t	reg_t	reg_t
model_decision	n iː r	n iː r d	n iː r d	s iː r	s iː r d	s iː r d	n iː r d	1	1	reg_d	reg_d	reg_d
model_decision	l ɑː k	l ɑː k t	l ɑː k t	k ɑː k	k ɑː k t	k ɑː k t	l ɑː k t	1	1	reg_t	reg_t	reg_t
model_decision	d ɪ s k ʌ s	d ɪ s k ʌ s t	d ɪ s k s ʌ s t ə d	s p iː k	s p ɛ k t	s p o ʊ k	NA	0	0	reg_t	other	vowel_change_suffix
model_decision	ə ɡ r iː	ə ɡ r iː d	ə ɡ ɡ r iː	t͡ʃ ʌ ɡ	t͡ʃ ʌ ɡ d	t͡ʃ ʌ ɡ d	ə ɡ r iː d	0	1	reg_d	other	reg_d
model_decision	s k ɪ p	s k ɪ p t	s k ɪ p t	k l ɪ p	k l ɪ p t	k l ɪ p t	s k ɪ p t	1	1	reg_t	reg_t	reg_t
model_decision	ɡ r o ʊ s	ɡ r o ʊ s t	ɡ r o ʊ s t	ɪ r e ɪ s	ɪ r e ɪ s t	ɪ r e ɪ s t	ɡ r o ʊ s t	1	1	reg_t	reg_t	reg_t
model_decision	k æ t ə l ɔ ɡ	k æ t ə l ɔ ɡ d	k ə l ə l ɔ k ə d	l æ n d	l æ n d ə d	l æ n d ə d	k æ t ə l ɔ ɡ ə d	0	0	reg_d	other	reg_əd
model_decision	d͡ʒ ʌ ɡ ə l	d͡ʒ ʌ ɡ ə l d	d͡ʒ ʌ ɡ ə l d	r ʌ f ə l	r ʌ f ə l d	r ʌ f ə l d	d͡ʒ ʌ ɡ ə l d	1	1	reg_d	reg_d	reg_d
model_decision	s iː z ə n	s iː z ə n d	s iː z ə n d	t͡ʃ ɪ k ə n	t͡ʃ ɪ k ə n d	t͡ʃ ɪ k ə n d	s iː z ə n d	1	1	reg_d	reg_d	reg_d
model_decision	ɡ ɑː r b ə l	ɡ ɑː r b ə l d	ɡ ɑː r b ə l d	t r ʌ b ə l	t r ʌ b ə l d	t r ʌ b ə l d	ɡ ɑː r b ə l d	1	1	reg_d	reg_d	reg_d
model_decision	k æ s t	k æ s t	k æ s t ə d	b ʌ s t	b ʌ s t ə d	b ʌ s t ə d	k æ s t ə d	1	0	no_change	reg_əd	reg_əd
model_decision	p l ɑː d	p l ɑː d ə d	p l ɑː d ə d	l o ʊ d	l o ʊ d ə d	l o ʊ d ə d	p l ɑː d ə d	1	1	reg_əd	reg_əd	reg_əd
model_decision	k ə m p ɛ r	k ə m p ɛ r d	k ə m p ə r d	ə f ɔ r d	ə f ɔ r d ə d	ə f ɔ r d ə d	k ə m p ɛ r ə d	0	0	reg_d	vowel_change_suffix	reg_əd
model_decision	ə n f o ʊ l d	ə n f o ʊ l d ə d	ə n f ə l ə l d	ə n d ɹ̩ w e ɪ t	ə n d ɹ̩ w e ɪ t ə d	ə n d ɹ̩ w e ɪ t ə d	ə n f o ʊ l d ə d	0	1	reg_əd	other	reg_əd
model_decision	d ɪ s k r a ɪ b	d ɪ s k r a ɪ b d	d	a ɪ d ɛ n t ə f a ɪ	a ɪ d	a ɪ d ɛ n t ə f a ɪ d	NA	0	0	reg_d	other	other
model_decision	t r æ k	t r æ k t	t r æ k t	k r æ k	k r æ k t	k r æ k t	t r æ k t	1	1	reg_t	reg_t	reg_t
model_decision	k æ p t͡ʃ ɹ̩	k æ p t͡ʃ ɹ̩ d	k æ p t ɹ̩ d	p ʌ n t͡ʃ	p ʌ n t͡ʃ t	p ʌ n t͡ʃ t	k æ p t͡ʃ ɹ̩ t	0	0	reg_d	other	reg_t
model_decision	d ɪ p ɔ r t	d ɪ p ɔ r t ə d	d ɪ p ɔ r t ə d	r ɪ l e ɪ t	r ɪ l e ɪ t ə d	r ɪ l e ɪ t ə d	d ɪ p ɔ r t ə d	1	1	reg_əd	reg_əd	reg_əd
model_decision	d o ʊ l	d o ʊ l d	d o ʊ l d	b o ʊ l	b o ʊ l d	b o ʊ l d	d o ʊ l d	1	1	reg_d	reg_d	reg_d
model_decision	r ɛ n t	r ɛ n t ə d	r ɛ n t ə d	w ɔ n t	w ɔ n t ə d	w ɔ n t ə d	r ɛ n t ə d	1	1	reg_əd	reg_əd	reg_əd
string	f l o ʊ t	f l o ʊ t ə d	f l o ʊ t ə d	k l o ʊ z	k l o ʊ z d	k l o ʊ z d	f l o ʊ t d	0	0	reg_əd	reg_əd	reg_d
string	ɡ ɛ t	ɡ ɑː t	ɡ ɛ t	b ɛ t	b ɛ t	b ɛ t	ɡ ɛ t	1	0	vowel_change	no_change	no_change
string	n o ʊ	n uː	n o ʊ d	t o ʊ	t o ʊ d	t o ʊ d	n o ʊ d	1	0	vowel_change	reg_d	reg_d
string	ɡ ɪ v	ɡ e ɪ v	ɡ ɪ v d	l ʌ v	l ʌ v d	l ʌ v d	ɡ ɪ v d	1	0	vowel_change	reg_d	reg_d
string	b ɹ̩ n	b ɹ̩ n d	b ɹ̩ n d	t ɹ̩ n	t ɹ̩ n d	t ɹ̩ n d	b ɹ̩ n d	1	1	reg_d	reg_d	reg_d
string	f ɪ t	f ɪ t	f ɪ t	s ɪ t	s ɪ t	s æ t	f ɪ t	1	1	no_change	no_change	no_change
string	t e ɪ k	t ʊ k	t e ɪ k t	b e ɪ k	b e ɪ k t	b e ɪ k t	t e ɪ k t	1	0	vowel_change	reg_t	reg_t
string	n e ɪ m	n e ɪ m d	n e ɪ m d	b e ɪ k	b e ɪ k t	b e ɪ k t	n e ɪ m t	0	0	reg_d	reg_d	reg_t
string	d r ɪ p	d r ɪ p t	d r ɪ p t	d ɪ p	d ɪ p t	d ɪ p t	d r ɪ p t	1	1	reg_t	reg_t	reg_t
string	r a ɪ d	r o ʊ d	r a ɪ d	h a ɪ d	h a ɪ d	h ɪ d	r a ɪ d	1	0	vowel_change	no_change	no_change
string	t ɛ l	t o ʊ l d	t ɛ l d	s ɛ l	s ɛ l d	s o ʊ l d	t ɛ l d	1	0	vowel_change_suffix	reg_d	reg_d
string	s n iː k	s n iː k t	s n iː k t	s n æ k	s n æ k t	s n æ k t	s n iː k t	1	1	reg_t	reg_t	reg_t
string	h æ p ə n	h æ p ə n d	h æ p ə n d	o ʊ p ə n	o ʊ p ə n d	o ʊ p ə n d	h æ p ə n d	1	1	reg_d	reg_d	reg_d
string	w e ɪ t	w e ɪ t ə d	w e ɪ t ə d	w e ɪ v	w e ɪ v d	w e ɪ v d	w e ɪ t d	0	0	reg_əd	reg_əd	reg_d
string	b r e ɪ k	b r o ʊ k	b r e ɪ k t	b e ɪ k	b e ɪ k t	b e ɪ k t	b r e ɪ k t	1	0	vowel_change	reg_t	reg_t
string	ɪ k s k j uː z	ɪ k s k j uː z d	ɪ k s k j e ɪ d	ɪ s k e ɪ p	ɪ k e ɪ p e ɪ d	ɪ s k e ɪ p t	NA	0	0	reg_d	rhyme_replaced	other
string	s t ɑː r t	s t ɑː r t ə d	s t ɑː r t ə d	s t ɑː r	s t ɑː r d	s t ɑː r d	s t ɑː r t d	0	0	reg_əd	reg_əd	reg_d
string	d ɪ s a ɪ d	d ɪ s a ɪ d ə d	d ɪ s a ɪ d ə d	d ɪ v a ɪ d	d ɪ v a ɪ d ə d	d ɪ v a ɪ d ə d	d ɪ s a ɪ d ə d	1	1	reg_əd	reg_əd	reg_əd
string	l ɪ s ə n	l ɪ s ə n d	l ɪ s ə n d	f æ s ə n	f æ s ə n d	f æ s ə n d	l ɪ s ə n d	1	1	reg_d	reg_d	reg_d
string	d ɪ ŋ	d ɪ ŋ d	d ɪ ŋ	d ɪ ɡ	d ɪ ɡ d	d ʌ ɡ	d ɪ ŋ d	0	1	reg_d	no_change	reg_d
string	h iː r	h ɹ̩ d	h iː r d	s iː r	s iː r d	s iː r d	h iː r d	1	0	rhyme_replaced	reg_d	reg_d
string	r ɛ n t͡ʃ	r ɛ n t͡ʃ t	r ɛ n t͡ʃ t	r ɛ d iː	r ɛ d iː d	r ɛ d iː d	r ɛ n t͡ʃ d	0	0	reg_t	reg_t	reg_d
string	s t ɹ̩	s t ɹ̩ d	s t ɹ̩ d	s t ɔ r	s t ɔ r d	s t ɔ r d	s t ɹ̩ d	1	1	reg_d	reg_d	reg_d
string	s ʌ k	s ʌ k t	s ʌ k t	s ɑː k	s ɑː k t	s ɑː k t	s ʌ k t	1	1	reg_t	reg_t	reg_t
string	n ɑː k	n ɑː k t	n ɑː k t	s ɑː k	s ɑː k t	s ɑː k t	n ɑː k t	1	1	reg_t	reg_t	reg_t
string	d͡ʒ ʌ m p	d͡ʒ ʌ m p t	d͡ʒ ʌ m p t	d ʌ m p	d ʌ m p t	d ʌ m p t	d͡ʒ ʌ m p t	1	1	reg_t	reg_t	reg_t
string	w uː	w uː d	w uː d	s uː	s uː d	s uː d	w uː d	1	1	reg_d	reg_d	reg_d
string	s m ɛ l	s m ɛ l d	s m ɛ l d	s ɛ l	s ɛ l d	s o ʊ l d	s m ɛ l d	1	1	reg_d	reg_d	reg_d
string	k iː p	k ɛ p t	k iː p t	k iː	k iː d	k iː d	k iː p d	0	0	vowel_change_suffix	reg_t	reg_d
string	d ɔ ɡ	d ɔ ɡ d	d ɔ ɡ d	d ɪ ɡ	d ɪ ɡ d	d ʌ ɡ	d ɔ ɡ d	1	1	reg_d	reg_d	reg_d
string	k ʌ l ɹ̩	k ʌ l ɹ̩ d	k ʌ l ɹ̩ d	k ʌ v ɹ̩	k ʌ v ɹ̩ d	k ʌ v ɹ̩ d	k ʌ l ɹ̩ d	1	1	reg_d	reg_d	reg_d
string	iː v ɪ n	iː v ɪ n d	iː v ɪ n d	ʃ a ɪ n	ʃ a ɪ n d	ʃ a ɪ n d	iː v ɪ n d	1	1	reg_d	reg_d	reg_d
string	s ɛ t	s ɛ t	s ɛ t	b ɛ t	b ɛ t	b ɛ t	s ɛ t	1	1	no_change	no_change	no_change
string	p ʊ l	p ʊ l d	p ʊ l d	p ʊ t	p ʊ t ə d	p ʊ t	p ʊ l ə d	0	0	reg_d	reg_d	reg_əd
string	w a ɪ n d	w a ɪ n d ə d	w a ɪ n d ə d	f a ɪ n d	f a ɪ n d ə d	f a ʊ n d	w a ɪ n d ə d	1	1	reg_əd	reg_əd	reg_əd
string	r a ɪ z	r o ʊ z	r a ɪ z d	r e ɪ z	r e ɪ z d	r e ɪ z d	r a ɪ z d	1	0	vowel_change	reg_d	reg_d
string	n ʌ m b ɹ̩	n ʌ m b ɹ̩ d	n m ʌ m b d	b ʌ t ɹ̩	b ʌ t ɹ̩ d	b ʌ t ɹ̩ d	n ʌ m b ɹ̩ d	0	1	reg_d	other	reg_d
string	s t iː l	s t o ʊ l	s t iː l d	s t iː m	s t iː m d	s t iː m d	s t iː l d	1	0	vowel_change	reg_d	reg_d
string	k ə n ɛ k t	k ə n ɛ k t ə d	k ə n t ə t ə d	s ə d͡ʒ ɛ s t	s ə d͡ʒ ɛ s t ə d	s ə d͡ʒ ɛ s t ə d	k ə n ɛ k t ə d	0	1	reg_əd	other	reg_əd
string	h ɑː p	h ɑː p t	h ɑː p t	m ɑː p	m ɑː p t	m ɑː p t	h ɑː p t	1	1	reg_t	reg_t	reg_t
string	s ɔ	s ɔ d	s ɔ	s iː	s iː d	s ɔ	s ɔ d	0	1	reg_d	no_change	reg_d
string	h iː t	h iː t ə d	h iː t	m iː t	m ɛ t	m ɛ t	h ɛ t	0	0	reg_əd	no_change	vowel_change
string	ʃ uː	ʃ uː d	ʃ ɑː ɑː	ʃ uː t	ʃ ɑː t ə d	ʃ ɑː t	NA	0	0	reg_d	vowel_change	other
string	r e ɪ n	r e ɪ n d	r e ɪ n d	t r e ɪ n	t r e ɪ n d	t r e ɪ n d	r e ɪ n d	1	1	reg_d	reg_d	reg_d
string	t r ɪ k	t r ɪ k t	t r ɪ k t	t ɪ k	t ɪ k t	t ɪ k t	t r ɪ k t	1	1	reg_t	reg_t	reg_t
string	b r iː ð	b r iː ð d	b r iː ð d	b r iː d	b r iː d	b r ɛ d	b r iː ð	0	0	reg_d	reg_d	no_change
string	ə n d ɹ̩ s t æ n d	ə n d ɹ̩ s t ʊ d	ə s t ə n d	s t æ n d	s t æ n d ə d	s t ʊ d	ə n d ɹ̩ s t æ n d ə d	0	0	rhyme_replaced	other	reg_əd
string	p ɑː r k	p ɑː r k t	p ɑː r k t	b ɑː r k	b ɑː r k t	b ɑː r k t	p ɑː r k t	1	1	reg_t	reg_t	reg_t
string	b æ ŋ	b æ ŋ d	b æ ŋ	b æ ɡ	b æ ɡ d	b æ ɡ d	b æ ŋ d	0	1	reg_d	no_change	reg_d
string	s k uː p	s k uː p t	s k uː p t	s t uː p	s t uː p t	s t uː p t	s k uː p t	1	1	reg_t	reg_t	reg_t
string	s t ɛ r	s t ɛ r d	s t ɛ r d	s t ɛ p	s t ɛ p t	s t ɛ p t	s t ɛ r t	0	0	reg_d	reg_d	reg_t
string	m ɛ l t	m ɛ l t ə d	m ɛ l t ə d	b ɛ l t	b ɛ l t ə d	b ɛ l t ə d	m ɛ l t ə d	1	1	reg_əd	reg_əd	reg_əd
string	l æ f	l æ f t	l æ f t	m æ n	m æ n d	m æ n d	l æ f d	0	0	reg_t	reg_t	reg_d
string	m a ʊ ð	m a ʊ ð d	m a ʊ ð d	d a ʊ t	d a ʊ t ə d	d a ʊ t ə d	m a ʊ ð ə d	0	0	reg_d	reg_d	reg_əd
string	ɡ r ʌ m b ə l	ɡ r ʌ m b ə l d	ɡ r ʌ m b ə l d	k r ʌ m b ə l	k r ʌ m b ə l d	k r ʌ m b ə l d	ɡ r ʌ m b ə l d	1	1	reg_d	reg_d	reg_d
string	r ɛ s t	r ɛ s t ə d	r ɛ s t ə d	t ɛ s t	t ɛ s t ə d	t ɛ s t ə d	r ɛ s t ə d	1	1	reg_əd	reg_əd	reg_əd
string	s t ɑː m p	s t ɑː m p t	s t ɑː m p t	s t æ m p	s t æ m p t	s t æ m p t	s t ɑː m p t	1	1	reg_t	reg_t	reg_t
string	p e ɪ n t	p e ɪ n t ə d	p e ɪ n t ə d	p ɔ ɪ n t	p ɔ ɪ n t ə d	p ɔ ɪ n t ə d	p e ɪ n t ə d	1	1	reg_əd	reg_əd	reg_əd
string	t͡ʃ uː z	t͡ʃ o ʊ z	t͡ʃ uː z d	l uː z	l uː z d	l ɔ s t	t͡ʃ uː z d	1	0	vowel_change	reg_d	reg_d
string	d r ɛ s	d r ɛ s t	d r ɛ s t	p r ɛ s	p r ɛ s t	p r ɛ s t	d r ɛ s t	1	1	reg_t	reg_t	reg_t
string	m ɑː r k	m ɑː r k t	m ɑː r k t	m ɑː r t͡ʃ	m ɑː r t͡ʃ t	m ɑː r t͡ʃ t	m ɑː r k t	1	1	reg_t	reg_t	reg_t
string	r ɑː k	r ɑː k t	r ɑː k t	r ɛ k	r ɛ k t	r ɛ k t	r ɑː k t	1	1	reg_t	reg_t	reg_t
string	w ɛ t	w ɛ t	w ɛ t	p ɛ t	p ɛ t	p ɛ t ə d	w ɛ t	1	1	no_change	no_change	no_change
string	t a ɪ p	t a ɪ p t	t a ɪ p t	t a ɪ	t a ɪ d	t a ɪ d	t a ɪ p d	0	0	reg_t	reg_t	reg_d
string	s k r uː	s k r uː d	s k r uː d	s k ɔ r	s k ɔ r d	s k ɔ r d	s k r uː d	1	1	reg_d	reg_d	reg_d
string	d ɪ s r ʌ p t	d ɪ s r ʌ p t ə d	d ɪ s r ʌ s t ə d	d ɪ s k ʌ v ɹ̩	d ɪ s k ʌ v ɹ̩ d	d ɪ s k ʌ v ɹ̩ d	d ɪ s r ʌ p t d	0	0	reg_əd	other	reg_d
string	d a ɪ	d a ɪ d	d a ɪ d	l a ɪ	l a ɪ d	l e ɪ	d a ɪ d	1	1	reg_d	reg_d	reg_d
string	f l æ p	f l æ p t	f l æ p t	f l ɑː p	f l ɑː p t	f l ɑː p t	f l æ p t	1	1	reg_t	reg_t	reg_t
string	s l æ p	s l æ p t	s l æ p t	s n æ p	s n æ p t	s n æ p t	s l æ p t	1	1	reg_t	reg_t	reg_t
string	p r ɑː m ə s	p r ɑː m ə s t	p r ɑː m ə s ə d	p ɑː k ə t	p ɑː k ə t ə d	p ɑː k ə t ə d	p r ɑː m ə s ə d	1	0	reg_t	reg_əd	reg_əd
string	f l a ʊ ɹ̩	f l a ʊ ɹ̩ d	f l a ʊ ɹ̩ d	ə l a ʊ	ə l a ʊ d	ə l a ʊ d	f l a ʊ ɹ̩ d	1	1	reg_d	reg_d	reg_d
string	ɡ æ ð ɹ̩	ɡ æ ð ɹ̩ d	ɡ æ ð ɹ̩ d	m æ t ɹ̩	m æ t ɹ̩ d	m æ t ɹ̩ d	ɡ æ ð ɹ̩ d	1	1	reg_d	reg_d	reg_d
string	m ɛ ʒ ɹ̩	m ɛ ʒ ɹ̩ d	m ɛ m ɹ̩ d	m ɛ r iː	m ɛ r iː d	m ɛ r iː d	m ɛ ʒ ɹ̩ d	0	1	reg_d	other	reg_d
string	f a ɪ t	f ɔ t	f a ɪ t ə d	l a ɪ t	l a ɪ t ə d	l ɪ t	f a ɪ t ə d	1	0	vowel_change	reg_əd	reg_əd
string	w æ ɡ	w æ ɡ d	w æ ɡ d	b æ ɡ	b æ ɡ d	b æ ɡ d	w æ ɡ d	1	1	reg_d	reg_d	reg_d
string	p ɪ k ə l	p ɪ k ə l d	p ɪ k ə l d	t ɪ k ə l	t ɪ k ə l d	t ɪ k ə l d	p ɪ k ə l d	1	1	reg_d	reg_d	reg_d
string	s t o ʊ n	s t o ʊ n d	s t o ʊ n d	s o ʊ k	s o ʊ k t	s o ʊ k t	s t o ʊ n t	0	0	reg_d	reg_d	reg_t
string	s p r e ɪ	s p r e ɪ d	s p r e ɪ d	s e ɪ	s e ɪ d	s ɛ d	s p r e ɪ d	1	1	reg_d	reg_d	reg_d
string	t w a ɪ n	t w a ɪ n d	t w ɪ d	t r a ɪ	t r a ɪ d	t r a ɪ d	t w a ɪ n d	0	1	reg_d	rhyme_replaced	reg_d
string	b iː p	b iː p t	b iː p t	b iː f	b iː f t	b iː f t	b iː p t	1	1	reg_t	reg_t	reg_t
string	k ɑː r v	k ɑː r v d	k ɑː r v d	f ɑː r m	f ɑː r m d	f ɑː r m d	k ɑː r v d	1	1	reg_d	reg_d	reg_d
string	p ʌ z ə l	p ʌ z ə l d	p ʌ z ə l d	b ʌ b ə l	b ʌ b ə l d	b ʌ b ə l d	p ʌ z ə l d	1	1	reg_d	reg_d	reg_d
string	ʃ ʌ t	ʃ ʌ t	ʃ ʌ t	k ʌ t	k ʌ t	k ʌ t	ʃ ʌ t	1	1	no_change	no_change	no_change
string	t æ k ə l	t æ k ə l d	t æ k ə l d	t ɪ k ə l	t ɪ k ə l d	t ɪ k ə l d	t æ k ə l d	1	1	reg_d	reg_d	reg_d
string	ɪ k s p ɛ k t	ɪ k s p ɛ k t ə d	ɪ k s p ɛ k t ə d	ɪ n s p ɛ k t	ɪ n s p ɛ k t ə d	ɪ n s p ɛ k t ə d	ɪ k s p ɛ k t ə d	1	1	reg_əd	reg_əd	reg_əd
string	b iː t	b iː t	b iː t ə d	b ɛ t	b ɛ t	b ɛ t	b iː t	0	1	no_change	reg_əd	no_change
string	k ɑː p iː	k ɑː p iː d	k ɑː p t	p iː	p iː d	p iː d	k ɑː p iː d	0	1	reg_d	other	reg_d
string	ə r a ɪ v	ə r a ɪ v d	ə r a ɪ v d	k r a ɪ	k r a ɪ d	k r a ɪ d	ə r a ɪ v d	1	1	reg_d	reg_d	reg_d
string	d r ɪ l	d r ɪ l d	d r ɪ l d	t r ɪ p	t r ɪ p t	t r ɪ p t	d r ɪ l t	0	0	reg_d	reg_d	reg_t
string	æ n s ɹ̩	æ n s ɹ̩ d	æ s n s ɹ̩	ɛ n t ɹ̩	ɛ n t ɹ̩ d	ɛ n t ɹ̩ d	æ n s ɹ̩ d	0	1	reg_d	other	reg_d
string	ɪ n v a ɪ t	ɪ n v a ɪ t ə d	ɪ n v a ɪ t ə d	ɪ k s a ɪ t	ɪ k s a ɪ t ə d	ɪ k s a ɪ t ə d	ɪ n v a ɪ t ə d	1	1	reg_əd	reg_əd	reg_əd
string	k l ɑː ɡ	k l ɑː ɡ d	k l ɑː ɡ d	k l ɑː k	k l ɑː k t	k l ɑː k t	k l ɑː ɡ t	0	0	reg_d	reg_d	reg_t
string	p æ k	p æ k t	p æ k t	p ɪ k	p ɪ k t	p ɪ k t	p æ k t	1	1	reg_t	reg_t	reg_t
string	p l ʌ ɡ	p l ʌ ɡ d	p l ʌ ɡ d	h ʌ ɡ	h ʌ ɡ d	h ʌ ɡ d	p l ʌ ɡ d	1	1	reg_d	reg_d	reg_d
string	l æ s t	l æ s t ə d	l æ s t ə d	b l æ s t	b l æ s t ə d	b l æ s t ə d	l æ s t ə d	1	1	reg_əd	reg_əd	reg_əd
string	s m ʌ d͡ʒ	s m ʌ d͡ʒ d	s m ʌ d͡ʒ d	s m æ k	s m æ k t	s m æ k t	s m ʌ d͡ʒ t	0	0	reg_d	reg_d	reg_t
string	r o ʊ	r o ʊ d	r o ʊ d	ʃ o ʊ	ʃ o ʊ d	ʃ o ʊ d	r o ʊ d	1	1	reg_d	reg_d	reg_d
string	ɔ f ɹ̩	ɔ f ɹ̩ d	ɔ f f t	w ɔ t ɹ̩	w ɔ t ɹ̩ d	w ɔ t ɹ̩ d	ɔ f ɹ̩ d	0	1	reg_d	other	reg_d
string	n o ʊ t ɪ s	n o ʊ t ɪ s t	n t o ʊ t ɪ t	k o ʊ t	k o ʊ t ə d	k o ʊ t ə d	n o ʊ t ɪ s ə d	0	0	reg_t	other	reg_əd
string	s l o ʊ	s l o ʊ d	s l o ʊ d	s o ʊ	s o ʊ d	s o ʊ d	s l o ʊ d	1	1	reg_d	reg_d	reg_d
string	s w ɪ ʃ	s w ɪ ʃ t	s w ɪ ʃ t	w ɪ ʃ	w ɪ ʃ t	w ɪ ʃ t	s w ɪ ʃ t	1	1	reg_t	reg_t	reg_t
string	d r e ɪ p	d r e ɪ p t	d r e ɪ p t	d r e ɪ n	d r e ɪ n d	d r e ɪ n d	d r e ɪ p d	0	0	reg_t	reg_t	reg_d
string	k r æ ʃ	k r æ ʃ t	k r æ ʃ t	k r æ k	k r æ k t	k r æ k t	k r æ ʃ t	1	1	reg_t	reg_t	reg_t
string	b æ ŋ k	b æ ŋ k t	b æ ŋ k t	b æ k	b æ k t	b æ k t	b æ ŋ k t	1	1	reg_t	reg_t	reg_t
string	l iː p	l ɛ p t	l iː p t	s l iː p	s l iː p t	s l ɛ p t	l iː p t	1	0	vowel_change_suffix	reg_t	reg_t
string	ɡ æ s p	ɡ æ s p t	ɡ æ s p t	ɡ r æ s p	ɡ r æ s p t	ɡ r æ s p t	ɡ æ s p t	1	1	reg_t	reg_t	reg_t
string	r o ʊ m	r o ʊ m d	r o ʊ m d	k o ʊ m	k o ʊ m d	k o ʊ m d	r o ʊ m d	1	1	reg_d	reg_d	reg_d
string	b ɔ r d	b ɔ r d ə d	b ɔ r d ə d	b ɛ n d	b ɛ n t	b ɛ n d ə d	b ɔ r t	0	0	reg_əd	reg_əd	coda_change
string	b ɪ k ʌ m	b ɪ k e ɪ m	b ɪ k ʌ m d	k ʌ m	k ʌ m d	k e ɪ m	b ɪ k ʌ m d	1	0	vowel_change	reg_d	reg_d
string	b o ʊ l t	b o ʊ l t ə d	b o ʊ l t ə d	b o ʊ l	b o ʊ l d	b o ʊ l d	b o ʊ l t d	0	0	reg_əd	reg_əd	reg_d
string	s l ɪ p	s l ɪ p t	s l ɪ p t	k l ɪ p	k l ɪ p t	k l ɪ p t	s l ɪ p t	1	1	reg_t	reg_t	reg_t
string	t o ʊ n	t o ʊ n d	t o ʊ n d	t o ʊ	t o ʊ d	t o ʊ d	t o ʊ n d	1	1	reg_d	reg_d	reg_d
string	a ɪ	a ɪ d	a ɪ d	t a ɪ	t a ɪ d	t a ɪ d	a ɪ d	1	1	reg_d	reg_d	reg_d
string	p iː s	p iː s t	p iː s t	p iː	p iː d	p iː d	p iː s d	0	0	reg_t	reg_t	reg_d
string	m ʊ r	m ʊ r d	m ʊ r d	s iː r	s iː r d	s iː r d	m ʊ r d	1	1	reg_d	reg_d	reg_d
string	r a ɪ m	r a ɪ m d	r a ɪ m d	r a ɪ t	r a ɪ t	r o ʊ t	r a ɪ m	0	0	reg_d	reg_d	no_change
string	s k r iː m	s k r iː m d	s k r iː m d	k r iː m	k r iː m d	k r iː m d	s k r iː m d	1	1	reg_d	reg_d	reg_d
string	b uː m	b uː m d	b uː m d	z uː m	z uː m d	z uː m d	b uː m d	1	1	reg_d	reg_d	reg_d
string	p l æ n t	p l æ n t ə d	p l æ n t ə d	p æ n t	p æ n t ə d	p æ n t ə d	p l æ n t ə d	1	1	reg_əd	reg_əd	reg_əd
string	s w ɪ t͡ʃ	s w ɪ t͡ʃ t	s w ɪ t͡ʃ t	s w ɪ m	s w ɪ m	s w æ m	s w ɪ t͡ʃ	0	0	reg_t	reg_t	no_change
string	n iː r	n iː r d	n iː r d	n iː d	n iː d ə d	n iː d ə d	n iː r ə d	0	0	reg_d	reg_d	reg_əd
string	l ɑː k	l ɑː k t	l ɑː k t	b l ɑː k	b l ɑː k t	b l ɑː k t	l ɑː k t	1	1	reg_t	reg_t	reg_t
string	d ɪ s k ʌ s	d ɪ s k ʌ s t	d ɪ s k s ʌ s t ə d	d ɪ s k ʌ v ɹ̩	d ɪ s k ʌ v ɹ̩ d	d ɪ s k ʌ v ɹ̩ d	d ɪ s k ʌ s d	0	0	reg_t	other	reg_d
string	ə ɡ r iː	ə ɡ r iː d	ə ɡ ɡ r iː	m ɛ r iː	m ɛ r iː d	m ɛ r iː d	ə ɡ r iː d	0	1	reg_d	other	reg_d
string	s k ɪ p	s k ɪ p t	s k ɪ p t	s ɪ p	s ɪ p t	s ɪ p t	s k ɪ p t	1	1	reg_t	reg_t	reg_t
string	ɡ r o ʊ s	ɡ r o ʊ s t	ɡ r o ʊ s t	ɡ r o ʊ	ɡ r uː	ɡ r uː	NA	0	0	reg_t	reg_t	vowel_change
string	k æ t ə l ɔ ɡ	k æ t ə l ɔ ɡ d	k ə l ə l ɔ k ə d	s ɛ t ə l	s ɛ t ə l d	s ɛ t ə l d	k æ t ə l ɔ ɡ d	0	1	reg_d	other	reg_d
string	d͡ʒ ʌ ɡ ə l	d͡ʒ ʌ ɡ ə l d	d͡ʒ ʌ ɡ ə l d	b ʌ b ə l	b ʌ b ə l d	b ʌ b ə l d	d͡ʒ ʌ ɡ ə l d	1	1	reg_d	reg_d	reg_d
string	s iː z ə n	s iː z ə n d	s iː z ə n d	t iː z	t iː z d	t iː z d	s iː z ə n d	1	1	reg_d	reg_d	reg_d
string	ɡ ɑː r b ə l	ɡ ɑː r b ə l d	ɡ ɑː r b ə l d	ɡ ɑː b ə l	ɡ ɑː b ə l d	ɡ ɑː b ə l d	ɡ ɑː r b ə l d	1	1	reg_d	reg_d	reg_d
string	k æ s t	k æ s t	k æ s t ə d	k ɑː s t	k ɑː s t ə d	k ɑː s t	k æ s t ə d	1	0	no_change	reg_əd	reg_əd
string	p l ɑː d	p l ɑː d ə d	p l ɑː d ə d	l ɛ d	l ɛ d ə d	l ɛ d ə d	p l ɑː d ə d	1	1	reg_əd	reg_əd	reg_əd
string	k ə m p ɛ r	k ə m p ɛ r d	k ə m p ə r d	k ə n f ɛ s	k ə n f ɛ s t	k ə n f ɛ s t	k ə m p ɛ r t	0	0	reg_d	vowel_change_suffix	reg_t
string	ə n f o ʊ l d	ə n f o ʊ l d ə d	ə n f ə l ə l d	f o ʊ l d	f o ʊ l d ə d	f o ʊ l d ə d	ə n f o ʊ l d ə d	0	1	reg_əd	other	reg_əd
string	d ɪ s k r a ɪ b	d ɪ s k r a ɪ b d	d	d ɪ s ɡ a ɪ z	d ɪ s ɡ a ɪ z d	d ɪ s ɡ a ɪ z d	d ɪ s k r a ɪ b d	0	1	reg_d	other	reg_d
string	t r æ k	t r æ k t	t r æ k t	t r ʌ k	t r ʌ k t	t r ʌ k t	t r æ k t	1	1	reg_t	reg_t	reg_t
string	k æ p t͡ʃ ɹ̩	k æ p t͡ʃ ɹ̩ d	k æ p t ɹ̩ d	k æ t͡ʃ	k æ t͡ʃ t	k ɔ t	k æ p t͡ʃ ɹ̩ t	0	0	reg_d	other	reg_t
string	d ɪ p ɔ r t	d ɪ p ɔ r t ə d	d ɪ p ɔ r t ə d	d ɪ p ɛ n d	d ɪ p ɛ n d ə d	d ɪ p ɛ n d ə d	d ɪ p ɔ r t ə d	1	1	reg_əd	reg_əd	reg_əd
string	d o ʊ l	d o ʊ l d	d o ʊ l d	r o ʊ l	r o ʊ l d	r o ʊ l d	d o ʊ l d	1	1	reg_d	reg_d	reg_d
string	r ɛ n t	r ɛ n t ə d	r ɛ n t ə d	r a ɪ t	r a ɪ t	r o ʊ t	r ɛ n t	0	0	reg_əd	reg_əd	no_change
final	f l o ʊ t	f l o ʊ t ə d	f l o ʊ t ə d	l ɪ f t	l ɪ f t ə d	l ɪ f t ə d	f l o ʊ t ə d	1	1	reg_əd	reg_əd	reg_əd
final	ɡ ɛ t	ɡ ɑː t	ɡ ɛ t	b l æ ŋ k ə t	b l æ ŋ k ə t ə d	b l æ ŋ k ə t ə d	ɡ ɛ t ə d	0	0	vowel_change	no_change	reg_əd
final	n o ʊ	n uː	n o ʊ d	ɡ r o ʊ	ɡ r uː	ɡ r uː	n uː	0	1	vowel_change	reg_d	vowel_change
final	ɡ ɪ v	ɡ e ɪ v	ɡ ɪ v d	s e ɪ v	s e ɪ v d	s e ɪ v d	ɡ ɪ v d	1	0	vowel_change	reg_d	reg_d
final	b ɹ̩ n	b ɹ̩ n d	b ɹ̩ n d	l ɹ̩ n	l ɹ̩ n d	l ɹ̩ n d	b ɹ̩ n d	1	1	reg_d	reg_d	reg_d
final	f ɪ t	f ɪ t	f ɪ t	b ʌ s t	b ʌ s t ə d	b ʌ s t ə d	f ɪ t ə d	0	0	no_change	no_change	reg_əd
final	t e ɪ k	t ʊ k	t e ɪ k t	w ɹ̩ k	w ɹ̩ k t	w ɹ̩ k t	t e ɪ k t	1	0	vowel_change	reg_t	reg_t
final	n e ɪ m	n e ɪ m d	n e ɪ m d	t a ɪ m	t a ɪ m d	t a ɪ m d	n e ɪ m d	1	1	reg_d	reg_d	reg_d
final	d r ɪ p	d r ɪ p t	d r ɪ p t	d ɪ p	d ɪ p t	d ɪ p t	d r ɪ p t	1	1	reg_t	reg_t	reg_t
final	r a ɪ d	r o ʊ d	r a ɪ d	d ɪ v a ɪ d	d ɪ v a ɪ d ə d	d ɪ v a ɪ d ə d	r a ɪ d ə d	0	0	vowel_change	no_change	reg_əd
final	t ɛ l	t o ʊ l d	t ɛ l d	t ʌ m b ə l	t ʌ m b ə l d	t ʌ m b ə l d	t ɛ l d	1	0	vowel_change_suffix	reg_d	reg_d
final	s n iː k	s n iː k t	s n iː k t	s n æ k	s n æ k t	s n æ k t	s n iː k t	1	1	reg_t	reg_t	reg_t
final	h æ p ə n	h æ p ə n d	h æ p ə n d	ɡ ɑː r d ə n	ɡ ɑː r d ə n d	ɡ ɑː r d ə n d	h æ p ə n d	1	1	reg_d	reg_d	reg_d
final	w e ɪ t	w e ɪ t ə d	w e ɪ t ə d	h ɹ̩ t	h ɹ̩ t	h ɹ̩ t	w e ɪ t	0	0	reg_əd	reg_əd	no_change
final	b r e ɪ k	b r o ʊ k	b r e ɪ k t	f ɔ r k	f ɔ r k t	f ɔ r k t	b r e ɪ k t	1	0	vowel_change	reg_t	reg_t
final	ɪ k s k j uː z	ɪ k s k j uː z d	ɪ k s k j e ɪ d	h a ʊ z	h a ʊ z d	h a ʊ z d	ɪ k s k j uː z d	0	1	reg_d	rhyme_replaced	reg_d
final	s t ɑː r t	s t ɑː r t ə d	s t ɑː r t ə d	ɪ n s p ɛ k t	ɪ n s p ɛ k t ə d	ɪ n s p ɛ k t ə d	s t ɑː r t ə d	1	1	reg_əd	reg_əd	reg_əd
final	d ɪ s a ɪ d	d ɪ s a ɪ d ə d	d ɪ s a ɪ d ə d	l ɛ d	l ɛ d ə d	l ɛ d ə d	d ɪ s a ɪ d ə d	1	1	reg_əd	reg_əd	reg_əd
final	l ɪ s ə n	l ɪ s ə n d	l ɪ s ə n d	m ɛ n ʃ ə n	m ɛ n ʃ ə n d	m ɛ n ʃ ə n d	l ɪ s ə n d	1	1	reg_d	reg_d	reg_d
final	d ɪ ŋ	d ɪ ŋ d	d ɪ ŋ	r ɪ ŋ	r ɪ ŋ	r æ ŋ	d ɪ ŋ	1	0	reg_d	no_change	no_change
final	h iː r	h ɹ̩ d	h iː r d	k ɛ r	k ɛ r d	k ɛ r d	h iː r d	1	0	rhyme_replaced	reg_d	reg_d
final	r ɛ n t͡ʃ	r ɛ n t͡ʃ t	r ɛ n t͡ʃ t	s ɹ̩ t͡ʃ	s ɹ̩ t͡ʃ t	s ɹ̩ t͡ʃ t	r ɛ n t͡ʃ t	1	1	reg_t	reg_t	reg_t
final	s t ɹ̩	s t ɹ̩ d	s t ɹ̩ d	t a ɪ ɹ̩	t a ɪ ɹ̩ d	t a ɪ ɹ̩ d	s t ɹ̩ d	1	1	reg_d	reg_d	reg_d
final	s ʌ k	s ʌ k t	s ʌ k t	b l ɑː k	b l ɑː k t	b l ɑː k t	s ʌ k t	1	1	reg_t	reg_t	reg_t
final	n ɑː k	n ɑː k t	n ɑː k t	ʃ e ɪ k	ʃ e ɪ k t	ʃ ʊ k	n ɑː k t	1	1	reg_t	reg_t	reg_t
final	d͡ʒ ʌ m p	d͡ʒ ʌ m p t	d͡ʒ ʌ m p t	n æ p	n æ p t	n æ p t	d͡ʒ ʌ m p t	1	1	reg_t	reg_t	reg_t
final	w uː	w uː d	w uː d	ɪ n t ɹ̩ v j uː	ɪ n t ɹ̩ v j uː d	ɪ n t ɹ̩ v j uː d	w uː d	1	1	reg_d	reg_d	reg_d
final	s m ɛ l	s m ɛ l d	s m ɛ l d	k æ n s ə l	k æ n s ə l d	k æ n s ə l d	s m ɛ l d	1	1	reg_d	reg_d	reg_d
final	k iː p	k ɛ p t	k iː p t	s t ɛ p	s t ɛ p t	s t ɛ p t	k iː p t	1	0	vowel_change_suffix	reg_t	reg_t
final	d ɔ ɡ	d ɔ ɡ d	d ɔ ɡ d	d ɪ ɡ	d ɪ ɡ d	d ʌ ɡ	d ɔ ɡ d	1	1	reg_d	reg_d	reg_d
final	k ʌ l ɹ̩	k ʌ l ɹ̩ d	k ʌ l ɹ̩ d	k l ɑː b ɹ̩	k l ɑː b ɹ̩ d	k l ɑː b ɹ̩ d	k ʌ l ɹ̩ d	1	1	reg_d	reg_d	reg_d
final	iː v ɪ n	iː v ɪ n d	iː v ɪ n d	r ɪ t e ɪ n	r ɪ t e ɪ n d	r ɪ t e ɪ n d	iː v ɪ n d	1	1	reg_d	reg_d	reg_d
final	s ɛ t	s ɛ t	s ɛ t	v ɪ z ɪ t	v ɪ z ɪ t ə d	v ɪ z ɪ t ə d	s ɛ t ə d	0	0	no_change	no_change	reg_əd
final	p ʊ l	p ʊ l d	p ʊ l d	k ə n t r o ʊ l	k ə n t r o ʊ l d	k ə n t r o ʊ l d	p ʊ l d	1	1	reg_d	reg_d	reg_d
final	w a ɪ n d	w a ɪ n d ə d	w a ɪ n d ə d	æ d	æ d ə d	æ d ə d	w a ɪ n d ə d	1	1	reg_əd	reg_əd	reg_əd
final	r a ɪ z	r o ʊ z	r a ɪ z d	j uː z	j uː z d	j uː z d	r a ɪ z d	1	0	vowel_change	reg_d	reg_d
final	n ʌ m b ɹ̩	n ʌ m b ɹ̩ d	n m ʌ m b d	t a ɪ ɹ̩	t a ɪ ɹ̩ d	t a ɪ ɹ̩ d	n ʌ m b ɹ̩ d	0	1	reg_d	other	reg_d
final	s t iː l	s t o ʊ l	s t iː l d	s ɛ t ə l	s ɛ t ə l d	s ɛ t ə l d	s t iː l d	1	0	vowel_change	reg_d	reg_d
final	k ə n ɛ k t	k ə n ɛ k t ə d	k ə n t ə t ə d	ɪ k s a ɪ t	ɪ k s a ɪ t ə d	ɪ k s a ɪ t ə d	k ə n ɛ k t ə d	0	1	reg_əd	other	reg_əd
final	h ɑː p	h ɑː p t	h ɑː p t	d r ɑː p	d r ɑː p t	d r ɑː p t	h ɑː p t	1	1	reg_t	reg_t	reg_t
final	s ɔ	s ɔ d	s ɔ	n ɔ	n ɔ d	n ɔ d	s ɔ d	0	1	reg_d	no_change	reg_d
final	h iː t	h iː t ə d	h iː t	r a ɪ t	r a ɪ t	r o ʊ t	h iː t	1	0	reg_əd	no_change	no_change
final	ʃ uː	ʃ uː d	ʃ ɑː ɑː	ɪ n t ɹ̩ v j uː	ɪ n t ɹ̩ v j uː d	ɪ n t ɹ̩ v j uː d	ʃ uː d	0	1	reg_d	vowel_change	reg_d
final	r e ɪ n	r e ɪ n d	r e ɪ n d	d ɪ t ɹ̩ m ə n	d ɪ t ɹ̩ m ə n d	d ɪ t ɹ̩ m ə n d	r e ɪ n d	1	1	reg_d	reg_d	reg_d
final	t r ɪ k	t r ɪ k t	t r ɪ k t	ə t æ k	ə t æ k t	ə t æ k t	t r ɪ k t	1	1	reg_t	reg_t	reg_t
final	b r iː ð	b r iː ð d	b r iː ð d	s uː ð	s uː ð d	s uː ð d	b r iː ð d	1	1	reg_d	reg_d	reg_d
final	ə n d ɹ̩ s t æ n d	ə n d ɹ̩ s t ʊ d	ə s t ə n d	s iː d	s iː d ə d	s iː d ə d	ə n d ɹ̩ s t æ n d ə d	0	0	rhyme_replaced	other	reg_əd
final	p ɑː r k	p ɑː r k t	p ɑː r k t	b l ɪ ŋ k	b l ɪ ŋ k t	b l ɪ ŋ k t	p ɑː r k t	1	1	reg_t	reg_t	reg_t
final	b æ ŋ	b æ ŋ d	b æ ŋ	r ɪ ŋ	r ɪ ŋ	r æ ŋ	b æ ŋ	1	0	reg_d	no_change	no_change
final	s k uː p	s k uː p t	s k uː p t	d ʌ m p	d ʌ m p t	d ʌ m p t	s k uː p t	1	1	reg_t	reg_t	reg_t
final	s t ɛ r	s t ɛ r d	s t ɛ r d	d ɪ s ə p iː r	d ɪ s ə p iː r d	d ɪ s ə p iː r d	s t ɛ r d	1	1	reg_d	reg_d	reg_d
final	m ɛ l t	m ɛ l t ə d	m ɛ l t ə d	n ɪ t	n ɪ t ə d	n ɪ t ə d	m ɛ l t ə d	1	1	reg_əd	reg_əd	reg_əd
final	l æ f	l æ f t	l æ f t	s t ʌ f	s t ʌ f t	s t ʌ f t	l æ f t	1	1	reg_t	reg_t	reg_t
final	m a ʊ ð	m a ʊ ð d	m a ʊ ð d	s uː ð	s uː ð d	s uː ð d	m a ʊ ð d	1	1	reg_d	reg_d	reg_d
final	ɡ r ʌ m b ə l	ɡ r ʌ m b ə l d	ɡ r ʌ m b ə l d	r ɛ s ə l	r ɛ s ə l d	r ɛ s ə l d	ɡ r ʌ m b ə l d	1	1	reg_d	reg_d	reg_d
final	r ɛ s t	r ɛ s t ə d	r ɛ s t ə d	l a ɪ t	l a ɪ t ə d	l ɪ t	r ɛ s t ə d	1	1	reg_əd	reg_əd	reg_əd
final	s t ɑː m p	s t ɑː m p t	s t ɑː m p t	h o ʊ p	h o ʊ p t	h o ʊ p t	s t ɑː m p t	1	1	reg_t	reg_t	reg_t
final	p e ɪ n t	p e ɪ n t ə d	p e ɪ n t ə d	s k w ɹ̩ t	s k w ɹ̩ t ə d	s k w ɹ̩ t ə d	p e ɪ n t ə d	1	1	reg_əd	reg_əd	reg_əd
final	t͡ʃ uː z	t͡ʃ o ʊ z	t͡ʃ uː z d	r e ɪ z	r e ɪ z d	r e ɪ z d	t͡ʃ uː z d	1	0	vowel_change	reg_d	reg_d
final	d r ɛ s	d r ɛ s t	d r ɛ s t	t ɔ s	t ɔ s t	t ɔ s t	d r ɛ s t	1	1	reg_t	reg_t	reg_t
final	m ɑː r k	m ɑː r k t	m ɑː r k t	h ʊ k	h ʊ k t	h ʊ k t	m ɑː r k t	1	1	reg_t	reg_t	reg_t
final	r ɑː k	r ɑː k t	r ɑː k t	s m æ k	s m æ k t	s m æ k t	r ɑː k t	1	1	reg_t	reg_t	reg_t
final	w ɛ t	w ɛ t	w ɛ t	s p ɪ t	s p ʌ t ə d	s p æ t	NA	0	0	no_change	no_change	other
final	t a ɪ p	t a ɪ p t	t a ɪ p t	s t uː p	s t uː p t	s t uː p t	t a ɪ p t	1	1	reg_t	reg_t	reg_t
final	s k r uː	s k r uː d	s k r uː d	ɪ n t ɹ̩ v j uː	ɪ n t ɹ̩ v j uː d	ɪ n t ɹ̩ v j uː d	s k r uː d	1	1	reg_d	reg_d	reg_d
final	d ɪ s r ʌ p t	d ɪ s r ʌ p t ə d	d ɪ s r ʌ s t ə d	ɪ n s ɪ s t	ɪ n s ɪ s t ə d	ɪ n s ɪ s t ə d	d ɪ s r ʌ p t ə d	0	1	reg_əd	other	reg_əd
final	d a ɪ	d a ɪ d	d a ɪ d	k r a ɪ	k r a ɪ d	k r a ɪ d	d a ɪ d	1	1	reg_d	reg_d	reg_d
final	f l æ p	f l æ p t	f l æ p t	s ɪ p	s ɪ p t	s ɪ p t	f l æ p t	1	1	reg_t	reg_t	reg_t
final	s l æ p	s l æ p t	s l æ p t	k l æ m p	k l æ m p t	k l æ m p t	s l æ p t	1	1	reg_t	reg_t	reg_t
final	p r ɑː m ə s	p r ɑː m ə s t	p r ɑː m ə s ə d	r ɪ l æ k s	r ɪ l æ k s t	r ɪ l æ k s t	p r ɑː m ə s t	0	1	reg_t	reg_əd	reg_t
final	f l a ʊ ɹ̩	f l a ʊ ɹ̩ d	f l a ʊ ɹ̩ d	f ɪ ɡ j ɹ̩	f ɪ ɡ j ɹ̩ d	f ɪ ɡ j ɹ̩ d	f l a ʊ ɹ̩ d	1	1	reg_d	reg_d	reg_d
final	ɡ æ ð ɹ̩	ɡ æ ð ɹ̩ d	ɡ æ ð ɹ̩ d	b ʌ t ɹ̩	b ʌ t ɹ̩ d	b ʌ t ɹ̩ d	ɡ æ ð ɹ̩ d	1	1	reg_d	reg_d	reg_d
final	m ɛ ʒ ɹ̩	m ɛ ʒ ɹ̩ d	m ɛ m ɹ̩ d	f a ɪ ɹ̩	f a ɪ ɹ̩ d	f a ɪ ɹ̩ d	m ɛ ʒ ɹ̩ d	0	1	reg_d	other	reg_d
final	f a ɪ t	f ɔ t	f a ɪ t ə d	b ɛ l t	b ɛ l t ə d	b ɛ l t ə d	f a ɪ t ə d	1	0	vowel_change	reg_əd	reg_əd
final	w æ ɡ	w æ ɡ d	w æ ɡ d	ə n p l ʌ ɡ	ə n p l ʌ ɡ d	ə n p l ʌ ɡ d	w æ ɡ d	1	1	reg_d	reg_d	reg_d
final	p ɪ k ə l	p ɪ k ə l d	p ɪ k ə l d	r ɛ s ə l	r ɛ s ə l d	r ɛ s ə l d	p ɪ k ə l d	1	1	reg_d	reg_d	reg_d
final	s t o ʊ n	s t o ʊ n d	s t o ʊ n d	l a ɪ n	l a ɪ n d	l a ɪ n d	s t o ʊ n d	1	1	reg_d	reg_d	reg_d
final	s p r e ɪ	s p r e ɪ d	s p r e ɪ d	ɛ n d͡ʒ ɔ ɪ	ɛ n d͡ʒ ɔ ɪ d	ɛ n d͡ʒ ɔ ɪ d	s p r e ɪ d	1	1	reg_d	reg_d	reg_d
final	t w a ɪ n	t w a ɪ n d	t w ɪ d	l ɹ̩ n	l ɹ̩ n d	l ɹ̩ n d	t w a ɪ n d	0	1	reg_d	rhyme_replaced	reg_d
final	b iː p	b iː p t	b iː p t	s l iː p	s l iː p t	s l ɛ p t	b iː p t	1	1	reg_t	reg_t	reg_t
final	k ɑː r v	k ɑː r v d	k ɑː r v d	s e ɪ v	s e ɪ v d	s e ɪ v d	k ɑː r v d	1	1	reg_d	reg_d	reg_d
final	p ʌ z ə l	p ʌ z ə l d	p ʌ z ə l d	t ɪ k ə l	t ɪ k ə l d	t ɪ k ə l d	p ʌ z ə l d	1	1	reg_d	reg_d	reg_d
final	ʃ ʌ t	ʃ ʌ t	ʃ ʌ t	d ʌ s t	d ʌ s t ə d	d ʌ s t ə d	ʃ ʌ t ə d	0	0	no_change	no_change	reg_əd
final	t æ k ə l	t æ k ə l d	t æ k ə l d	b a ɪ s ɪ k ə l	b a ɪ s ɪ k ə l d	b a ɪ s ɪ k ə l d	t æ k ə l d	1	1	reg_d	reg_d	reg_d
final	ɪ k s p ɛ k t	ɪ k s p ɛ k t ə d	ɪ k s p ɛ k t ə d	b æ t	b æ t ə d	b æ t ə d	ɪ k s p ɛ k t ə d	1	1	reg_əd	reg_əd	reg_əd
final	b iː t	b iː t	b iː t ə d	b a ɪ t	b a ɪ t ə d	b ɪ t	b iː t ə d	1	0	no_change	reg_əd	reg_əd
final	k ɑː p iː	k ɑː p iː d	k ɑː p t	p ɑː r t iː	p ɑː r t iː d	p ɑː r t iː d	k ɑː p iː d	0	1	reg_d	other	reg_d
final	ə r a ɪ v	ə r a ɪ v d	ə r a ɪ v d	ə p r uː v	ə p r uː v d	ə p r uː v d	ə r a ɪ v d	1	1	reg_d	reg_d	reg_d
final	d r ɪ l	d r ɪ l d	d r ɪ l d	m ʌ m b ə l	m ʌ m b ə l d	m ʌ m b ə l d	d r ɪ l d	1	1	reg_d	reg_d	reg_d
final	æ n s ɹ̩	æ n s ɹ̩ d	æ s n s ɹ̩	f ɪ ɡ j ɹ̩	f ɪ ɡ j ɹ̩ d	f ɪ ɡ j ɹ̩ d	æ n s ɹ̩ d	0	1	reg_d	other	reg_d
final	ɪ n v a ɪ t	ɪ n v a ɪ t ə d	ɪ n v a ɪ t ə d	s m ɑː r t	s m ɑː r t ə d	s m ɑː r t ə d	ɪ n v a ɪ t ə d	1	1	reg_əd	reg_əd	reg_əd
final	k l ɑː ɡ	k l ɑː ɡ d	k l ɑː ɡ d	t͡ʃ ʌ ɡ	t͡ʃ ʌ ɡ d	t͡ʃ ʌ ɡ d	k l ɑː ɡ d	1	1	reg_d	reg_d	reg_d
final	p æ k	p æ k t	p æ k t	s p æ ŋ k	s p æ ŋ k t	s p æ ŋ k t	p æ k t	1	1	reg_t	reg_t	reg_t
final	p l ʌ ɡ	p l ʌ ɡ d	p l ʌ ɡ d	b æ ɡ	b æ ɡ d	b æ ɡ d	p l ʌ ɡ d	1	1	reg_d	reg_d	reg_d
final	l æ s t	l æ s t ə d	l æ s t ə d	p ɔ ɪ n t	p ɔ ɪ n t ə d	p ɔ ɪ n t ə d	l æ s t ə d	1	1	reg_əd	reg_əd	reg_əd
final	s m ʌ d͡ʒ	s m ʌ d͡ʒ d	s m ʌ d͡ʒ d	m æ n ə d͡ʒ	m æ n ə d͡ʒ d	m æ n ə d͡ʒ d	s m ʌ d͡ʒ d	1	1	reg_d	reg_d	reg_d
final	r o ʊ	r o ʊ d	r o ʊ d	θ r o ʊ	θ r uː	θ r uː	r uː	0	0	reg_d	reg_d	vowel_change
final	ɔ f ɹ̩	ɔ f ɹ̩ d	ɔ f f t	m æ t ɹ̩	m æ t ɹ̩ d	m æ t ɹ̩ d	ɔ f ɹ̩ d	0	1	reg_d	other	reg_d
final	n o ʊ t ɪ s	n o ʊ t ɪ s t	n t o ʊ t ɪ t	ɡ ɛ s	ɡ ɛ s t	ɡ ɛ s t	n o ʊ t ɪ s t	0	1	reg_t	other	reg_t
final	s l o ʊ	s l o ʊ d	s l o ʊ d	ɡ r o ʊ	ɡ r uː	ɡ r uː	s l uː	0	0	reg_d	reg_d	vowel_change
final	s w ɪ ʃ	s w ɪ ʃ t	s w ɪ ʃ t	b r ʌ ʃ	b r ʌ ʃ t	b r ʌ ʃ t	s w ɪ ʃ t	1	1	reg_t	reg_t	reg_t
final	d r e ɪ p	d r e ɪ p t	d r e ɪ p t	s k æ l ə p	s k æ l ə p t	s k æ l ə p t	d r e ɪ p t	1	1	reg_t	reg_t	reg_t
final	k r æ ʃ	k r æ ʃ t	k r æ ʃ t	b r ʌ ʃ	b r ʌ ʃ t	b r ʌ ʃ t	k r æ ʃ t	1	1	reg_t	reg_t	reg_t
final	b æ ŋ k	b æ ŋ k t	b æ ŋ k t	s o ʊ k	s o ʊ k t	s o ʊ k t	b æ ŋ k t	1	1	reg_t	reg_t	reg_t
final	l iː p	l ɛ p t	l iː p t	s t ɛ p	s t ɛ p t	s t ɛ p t	l iː p t	1	0	vowel_change_suffix	reg_t	reg_t
final	ɡ æ s p	ɡ æ s p t	ɡ æ s p t	k ɪ d n æ p	k ɪ d n æ p t	k ɪ d n æ p t	ɡ æ s p t	1	1	reg_t	reg_t	reg_t
final	r o ʊ m	r o ʊ m d	r o ʊ m d	z uː m	z uː m d	z uː m d	r o ʊ m d	1	1	reg_d	reg_d	reg_d
final	b ɔ r d	b ɔ r d ə d	b ɔ r d ə d	l æ n d	l æ n d ə d	l æ n d ə d	b ɔ r d ə d	1	1	reg_əd	reg_əd	reg_əd
final	b ɪ k ʌ m	b ɪ k e ɪ m	b ɪ k ʌ m d	s w ɪ m	s w ɪ m	s w æ m	b ɪ k ʌ m	0	0	vowel_change	reg_d	no_change
final	b o ʊ l t	b o ʊ l t ə d	b o ʊ l t ə d	h ɹ̩ t	h ɹ̩ t	h ɹ̩ t	b o ʊ l t	0	0	reg_əd	reg_əd	no_change
final	s l ɪ p	s l ɪ p t	s l ɪ p t	t ɪ p	t ɪ p t	t ɪ p t	s l ɪ p t	1	1	reg_t	reg_t	reg_t
final	t o ʊ n	t o ʊ n d	t o ʊ n d	b ʌ t ə n	b ʌ t ə n d	b ʌ t ə n d	t o ʊ n d	1	1	reg_d	reg_d	reg_d
final	a ɪ	a ɪ d	a ɪ d	s t e ɪ	s t e ɪ d	s t e ɪ d	a ɪ d	1	1	reg_d	reg_d	reg_d
final	p iː s	p iː s t	p iː s t	r ɪ l æ k s	r ɪ l æ k s t	r ɪ l æ k s t	p iː s t	1	1	reg_t	reg_t	reg_t
final	m ʊ r	m ʊ r d	m ʊ r d	s k ɛ r	s k ɛ r d	s k ɛ r d	m ʊ r d	1	1	reg_d	reg_d	reg_d
final	r a ɪ m	r a ɪ m d	r a ɪ m d	z uː m	z uː m d	z uː m d	r a ɪ m d	1	1	reg_d	reg_d	reg_d
final	s k r iː m	s k r iː m d	s k r iː m d	s t iː m	s t iː m d	s t iː m d	s k r iː m d	1	1	reg_d	reg_d	reg_d
final	b uː m	b uː m d	b uː m d	s w ɪ m	s w ɪ m	s w æ m	b uː m	0	0	reg_d	reg_d	no_change
final	p l æ n t	p l æ n t ə d	p l æ n t ə d	ɪ k s ɛ p t	ɪ k s ɛ p t ə d	ɪ k s ɛ p t ə d	p l æ n t ə d	1	1	reg_əd	reg_əd	reg_əd
final	s w ɪ t͡ʃ	s w ɪ t͡ʃ t	s w ɪ t͡ʃ t	b l iː t͡ʃ	b l iː t͡ʃ t	b l iː t͡ʃ t	s w ɪ t͡ʃ t	1	1	reg_t	reg_t	reg_t
final	n iː r	n iː r d	n iː r d	ɛ r	ɛ r d	ɛ r d	n iː r d	1	1	reg_d	reg_d	reg_d
final	l ɑː k	l ɑː k t	l ɑː k t	b e ɪ k	b e ɪ k t	b e ɪ k t	l ɑː k t	1	1	reg_t	reg_t	reg_t
final	d ɪ s k ʌ s	d ɪ s k ʌ s t	d ɪ s k s ʌ s t ə d	k ɪ s	k ɪ s t	k ɪ s t	d ɪ s k ʌ s t	0	1	reg_t	other	reg_t
final	ə ɡ r iː	ə ɡ r iː d	ə ɡ ɡ r iː	ɛ m p t iː	ɛ m p t iː d	ɛ m p t iː d	ə ɡ r iː d	0	1	reg_d	other	reg_d
final	s k ɪ p	s k ɪ p t	s k ɪ p t	k l æ p	k l æ p t	k l æ p t	s k ɪ p t	1	1	reg_t	reg_t	reg_t
final	ɡ r o ʊ s	ɡ r o ʊ s t	ɡ r o ʊ s t	k ɪ s	k ɪ s t	k ɪ s t	ɡ r o ʊ s t	1	1	reg_t	reg_t	reg_t
final	k æ t ə l ɔ ɡ	k æ t ə l ɔ ɡ d	k ə l ə l ɔ k ə d	d ɪ ɡ	d ɪ ɡ d	d ʌ ɡ	k æ t ə l ɔ ɡ d	0	1	reg_d	other	reg_d
final	d͡ʒ ʌ ɡ ə l	d͡ʒ ʌ ɡ ə l d	d͡ʒ ʌ ɡ ə l d	s p ɛ l	s p ɛ l d	s p ɛ l d	d͡ʒ ʌ ɡ ə l d	1	1	reg_d	reg_d	reg_d
final	s iː z ə n	s iː z ə n d	s iː z ə n d	d ɪ z a ɪ n	d ɪ z a ɪ n d	d ɪ z a ɪ n d	s iː z ə n d	1	1	reg_d	reg_d	reg_d
final	ɡ ɑː r b ə l	ɡ ɑː r b ə l d	ɡ ɑː r b ə l d	n ɪ b ə l	n ɪ b ə l d	n ɪ b ə l d	ɡ ɑː r b ə l d	1	1	reg_d	reg_d	reg_d
final	k æ s t	k æ s t	k æ s t ə d	s p ɪ t	s p ʌ t ə d	s p æ t	NA	0	0	no_change	reg_əd	other
final	p l ɑː d	p l ɑː d ə d	p l ɑː d ə d	s t æ n d	s t æ n d ə d	s t ʊ d	p l ɑː d ə d	1	1	reg_əd	reg_əd	reg_əd
final	k ə m p ɛ r	k ə m p ɛ r d	k ə m p ə r d	b ɛ r	b ɛ r d	b o ʊ r	k ə m p ɛ r d	0	1	reg_d	vowel_change_suffix	reg_d
final	ə n f o ʊ l d	ə n f o ʊ l d ə d	ə n f ə l ə l d	s a ʊ n d	s a ʊ n d ə d	s a ʊ n d ə d	ə n f o ʊ l d ə d	0	1	reg_əd	other	reg_əd
final	d ɪ s k r a ɪ b	d ɪ s k r a ɪ b d	d	s t æ b	s t æ b d	s t æ b d	d ɪ s k r a ɪ b d	0	1	reg_d	other	reg_d
final	t r æ k	t r æ k t	t r æ k t	w ɔ k	w ɔ k t	w ɔ k t	t r æ k t	1	1	reg_t	reg_t	reg_t
final	k æ p t͡ʃ ɹ̩	k æ p t͡ʃ ɹ̩ d	k æ p t ɹ̩ d	f ɪ ŋ ɡ ɹ̩	f ɪ ŋ ɡ ɹ̩ d	f ɪ ŋ ɡ ɹ̩ d	k æ p t͡ʃ ɹ̩ d	0	1	reg_d	other	reg_d
final	d ɪ p ɔ r t	d ɪ p ɔ r t ə d	d ɪ p ɔ r t ə d	d a ʊ t	d a ʊ t ə d	d a ʊ t ə d	d ɪ p ɔ r t ə d	1	1	reg_əd	reg_əd	reg_əd
final	d o ʊ l	d o ʊ l d	d o ʊ l d	k æ n s ə l	k æ n s ə l d	k æ n s ə l d	d o ʊ l d	1	1	reg_d	reg_d	reg_d
final	r ɛ n t	r ɛ n t ə d	r ɛ n t ə d	s ʌ f ə k e ɪ t	s ʌ f ə k e ɪ t ə d	s ʌ f ə k e ɪ t ə d	r ɛ n t ə d	1	1	reg_əd	reg_əd	reg_əd
majority	f l o ʊ t	f l o ʊ t ə d	f l o ʊ t ə d	f ɑː r m	f ɑː r m d	f ɑː r m d	f l o ʊ t d	0	0	reg_əd	reg_əd	reg_d
majority	ɡ ɛ t	ɡ ɑː t	ɡ ɛ t	f ɛ r	f ɛ r d	f ɛ r d	ɡ ɛ t d	0	0	vowel_change	no_change	reg_d
majority	n o ʊ	n uː	n o ʊ d	k ə m p l e ɪ n	k ə m p l e ɪ n d	k ə m p l e ɪ n d	n o ʊ d	1	0	vowel_change	reg_d	reg_d
majority	ɡ ɪ v	ɡ e ɪ v	ɡ ɪ v d	k uː l	k uː l d	k uː l d	ɡ ɪ v d	1	0	vowel_change	reg_d	reg_d
majority	b ɹ̩ n	b ɹ̩ n d	b ɹ̩ n d	d ɑː k t ɹ̩	d ɑː k t ɹ̩ d	d ɑː k t ɹ̩ d	b ɹ̩ n d	1	1	reg_d	reg_d	reg_d
majority	f ɪ t	f ɪ t	f ɪ t	l uː z	l uː z d	l ɔ s t	f ɪ t d	0	0	no_change	no_change	reg_d
majority	t e ɪ k	t ʊ k	t e ɪ k t	d r iː m	d r iː m d	d r iː m d	t e ɪ k d	0	0	vowel_change	reg_t	reg_d
majority	n e ɪ m	n e ɪ m d	n e ɪ m d	h æ n d ə l	h æ n d ə l d	h æ n d ə l d	n e ɪ m d	1	1	reg_d	reg_d	reg_d
majority	d r ɪ p	d r ɪ p t	d r ɪ p t	t ɔ ɪ	t ɔ ɪ d	t ɔ ɪ d	d r ɪ p d	0	0	reg_t	reg_t	reg_d
majority	r a ɪ d	r o ʊ d	r a ɪ d	k ə m b a ɪ n	k ə m b a ɪ n d	k ə m b a ɪ n d	r a ɪ d d	0	0	vowel_change	no_change	reg_d
majority	t ɛ l	t o ʊ l d	t ɛ l d	ɡ e ɪ n	ɡ e ɪ n d	ɡ e ɪ n d	t ɛ l d	1	0	vowel_change_suffix	reg_d	reg_d
majority	s n iː k	s n iː k t	s n iː k t	ɪ k s p l ɔ r	ɪ k s p l ɔ r d	ɪ k s p l ɔ r d	s n iː k d	0	0	reg_t	reg_t	reg_d
majority	h æ p ə n	h æ p ə n d	h æ p ə n d	r uː l	r uː l d	r uː l d	h æ p ə n d	1	1	reg_d	reg_d	reg_d
majority	w e ɪ t	w e ɪ t ə d	w e ɪ t ə d	p ɛ d ə l	p ɛ d ə l d	p ɛ d ə l d	w e ɪ t d	0	0	reg_əd	reg_əd	reg_d
majority	b r e ɪ k	b r o ʊ k	b r e ɪ k t	s uː	s uː d	s uː d	b r e ɪ k d	0	0	vowel_change	reg_t	reg_d
majority	ɪ k s k j uː z	ɪ k s k j uː z d	ɪ k s k j e ɪ d	ʃ ʌ v	ʃ ʌ v d	ʃ ʌ v d	ɪ k s k j uː z d	0	1	reg_d	rhyme_replaced	reg_d
majority	s t ɑː r t	s t ɑː r t ə d	s t ɑː r t ə d	m ɛ n ʃ ə n	m ɛ n ʃ ə n d	m ɛ n ʃ ə n d	s t ɑː r t d	0	0	reg_əd	reg_əd	reg_d
majority	d ɪ s a ɪ d	d ɪ s a ɪ d ə d	d ɪ s a ɪ d ə d	d r e ɪ n	d r e ɪ n d	d r e ɪ n d	d ɪ s a ɪ d d	0	0	reg_əd	reg_əd	reg_d
majority	l ɪ s ə n	l ɪ s ə n d	l ɪ s ə n d	d ɑː k t ɹ̩	d ɑː k t ɹ̩ d	d ɑː k t ɹ̩ d	l ɪ s ə n d	1	1	reg_d	reg_d	reg_d
majority	d ɪ ŋ	d ɪ ŋ d	d ɪ ŋ	d r a ʊ n	d r a ʊ n d	d r a ʊ n d	d ɪ ŋ d	0	1	reg_d	no_change	reg_d
majority	h iː r	h ɹ̩ d	h iː r d	w e ɪ	w e ɪ d	w e ɪ d	h iː r d	1	0	rhyme_replaced	reg_d	reg_d
majority	r ɛ n t͡ʃ	r ɛ n t͡ʃ t	r ɛ n t͡ʃ t	w iː l	w iː l d	w iː l d	r ɛ n t͡ʃ d	0	0	reg_t	reg_t	reg_d
majority	s t ɹ̩	s t ɹ̩ d	s t ɹ̩ d	s ɹ̩ v	s ɹ̩ v d	s ɹ̩ v d	s t ɹ̩ d	1	1	reg_d	reg_d	reg_d
majority	s ʌ k	s ʌ k t	s ʌ k t	b ɑː ð ɹ̩	b ɑː ð ɹ̩ d	b ɑː ð ɹ̩ d	s ʌ k d	0	0	reg_t	reg_t	reg_d
majority	n ɑː k	n ɑː k t	n ɑː k t	d r a ɪ	d r a ɪ d	d r a ɪ d	n ɑː k d	0	0	reg_t	reg_t	reg_d
majority	d͡ʒ ʌ m p	d͡ʒ ʌ m p t	d͡ʒ ʌ m p t	r uː ə n	r uː ə n d	r uː ə n d	d͡ʒ ʌ m p d	0	0	reg_t	reg_t	reg_d
majority	w uː	w uː d	w uː d	m e ɪ l	m e ɪ l d	m e ɪ l d	w uː d	1	1	reg_d	reg_d	reg_d
majority	s m ɛ l	s m ɛ l d	s m ɛ l d	w ɑː b ə l	w ɑː b ə l d	w ɑː b ə l d	s m ɛ l d	1	1	reg_d	reg_d	reg_d
majority	k iː p	k ɛ p t	k iː p t	t r ʌ b ə l	t r ʌ b ə l d	t r ʌ b ə l d	k iː p d	0	0	vowel_change_suffix	reg_t	reg_d
majority	d ɔ ɡ	d ɔ ɡ d	d ɔ ɡ d	d ɪ z ɹ̩ v	d ɪ z ɹ̩ v d	d ɪ z ɹ̩ v d	d ɔ ɡ d	1	1	reg_d	reg_d	reg_d
majority	k ʌ l ɹ̩	k ʌ l ɹ̩ d	k ʌ l ɹ̩ d	s e ɪ v	s e ɪ v d	s e ɪ v d	k ʌ l ɹ̩ d	1	1	reg_d	reg_d	reg_d
majority	iː v ɪ n	iː v ɪ n d	iː v ɪ n d	r ɪ m ɛ m b ɹ̩	r ɪ m ɛ m b ɹ̩ d	r ɪ m ɛ m b ɹ̩ d	iː v ɪ n d	1	1	reg_d	reg_d	reg_d
majority	s ɛ t	s ɛ t	s ɛ t	s k ɔ r	s k ɔ r d	s k ɔ r d	s ɛ t d	0	0	no_change	no_change	reg_d
majority	p ʊ l	p ʊ l d	p ʊ l d	t͡ʃ ɪ k ə n	t͡ʃ ɪ k ə n d	t͡ʃ ɪ k ə n d	p ʊ l d	1	1	reg_d	reg_d	reg_d
majority	w a ɪ n d	w a ɪ n d ə d	w a ɪ n d ə d	b ɪ l ɔ ŋ	b ɪ l ɔ ŋ d	b ɪ l ɔ ŋ d	w a ɪ n d d	0	0	reg_əd	reg_əd	reg_d
majority	r a ɪ z	r o ʊ z	r a ɪ z d	r ɛ d iː	r ɛ d iː d	r ɛ d iː d	r a ɪ z d	1	0	vowel_change	reg_d	reg_d
majority	n ʌ m b ɹ̩	n ʌ m b ɹ̩ d	n m ʌ m b d	k e ɪ v	k e ɪ v d	k e ɪ v d	n ʌ m b ɹ̩ d	0	1	reg_d	other	reg_d
majority	s t iː l	s t o ʊ l	s t iː l d	f æ n	f æ n d	f æ n d	s t iː l d	1	0	vowel_change	reg_d	reg_d
majority	k ə n ɛ k t	k ə n ɛ k t ə d	k ə n t ə t ə d	b ɛ r	b ɛ r d	b o ʊ r	k ə n ɛ k t d	0	0	reg_əd	other	reg_d
majority	h ɑː p	h ɑː p t	h ɑː p t	k ɹ̩ l	k ɹ̩ l d	k ɹ̩ l d	h ɑː p d	0	0	reg_t	reg_t	reg_d
majority	s ɔ	s ɔ d	s ɔ	ə p r uː v	ə p r uː v d	ə p r uː v d	s ɔ d	0	1	reg_d	no_change	reg_d
majority	h iː t	h iː t ə d	h iː t	s t ɪ l	s t ɪ l d	s t ɪ l d	h iː t d	0	0	reg_əd	no_change	reg_d
majority	ʃ uː	ʃ uː d	ʃ ɑː ɑː	s iː m	s iː m d	s iː m d	ʃ uː d	0	1	reg_d	vowel_change	reg_d
majority	r e ɪ n	r e ɪ n d	r e ɪ n d	r ɪ m ɛ m b ɹ̩	r ɪ m ɛ m b ɹ̩ d	r ɪ m ɛ m b ɹ̩ d	r e ɪ n d	1	1	reg_d	reg_d	reg_d
majority	t r ɪ k	t r ɪ k t	t r ɪ k t	m uː v	m uː v d	m uː v d	t r ɪ k d	0	0	reg_t	reg_t	reg_d
majority	b r iː ð	b r iː ð d	b r iː ð d	d ɪ s ə p iː r	d ɪ s ə p iː r d	d ɪ s ə p iː r d	b r iː ð d	1	1	reg_d	reg_d	reg_d
majority	ə n d ɹ̩ s t æ n d	ə n d ɹ̩ s t ʊ d	ə s t ə n d	p ɛ ɡ	p ɛ ɡ d	p ɛ ɡ d	ə n d ɹ̩ s t æ n d d	0	0	rhyme_replaced	other	reg_d
majority	p ɑː r k	p ɑː r k t	p ɑː r k t	s p ɪ l	s p ɪ l d	s p ɪ l d	p ɑː r k d	0	0	reg_t	reg_t	reg_d
majority	b æ ŋ	b æ ŋ d	b æ ŋ	t iː m	t iː m d	t iː m d	b æ ŋ d	0	1	reg_d	no_change	reg_d
majority	s k uː p	s k uː p t	s k uː p t	ɪ ɡ n ɔ r	ɪ ɡ n ɔ r d	ɪ ɡ n ɔ r d	s k uː p d	0	0	reg_t	reg_t	reg_d
majority	s t ɛ r	s t ɛ r d	s t ɛ r d	ɪ k s t͡ʃ e ɪ n d͡ʒ	ɪ k s t͡ʃ e ɪ n d͡ʒ d	ɪ k s t͡ʃ e ɪ n d͡ʒ d	s t ɛ r d	1	1	reg_d	reg_d	reg_d
majority	m ɛ l t	m ɛ l t ə d	m ɛ l t ə d	s k iː	s k iː d	s k iː d	m ɛ l t d	0	0	reg_əd	reg_əd	reg_d
majority	l æ f	l æ f t	l æ f t	s iː r	s iː r d	s iː r d	l æ f d	0	0	reg_t	reg_t	reg_d
majority	m a ʊ ð	m a ʊ ð d	m a ʊ ð d	w ɔ t ɹ̩	w ɔ t ɹ̩ d	w ɔ t ɹ̩ d	m a ʊ ð d	1	1	reg_d	reg_d	reg_d
majority	ɡ r ʌ m b ə l	ɡ r ʌ m b ə l d	ɡ r ʌ m b ə l d	p l iː z	p l iː z d	p l iː z d	ɡ r ʌ m b ə l d	1	1	reg_d	reg_d	reg_d
majority	r ɛ s t	r ɛ s t ə d	r ɛ s t ə d	s e ɪ v	s e ɪ v d	s e ɪ v d	r ɛ s t d	0	0	reg_əd	reg_əd	reg_d
majority	s t ɑː m p	s t ɑː m p t	s t ɑː m p t	r ʌ f ə l	r ʌ f ə l d	r ʌ f ə l d	s t ɑː m p d	0	0	reg_t	reg_t	reg_d
majority	p e ɪ n t	p e ɪ n t ə d	p e ɪ n t ə d	s k iː	s k iː d	s k iː d	p e ɪ n t d	0	0	reg_əd	reg_əd	reg_d
majority	t͡ʃ uː z	t͡ʃ o ʊ z	t͡ʃ uː z d	d r e ɪ n	d r e ɪ n d	d r e ɪ n d	t͡ʃ uː z d	1	0	vowel_change	reg_d	reg_d
majority	d r ɛ s	d r ɛ s t	d r ɛ s t	t r æ m p ə l	t r æ m p ə l d	t r æ m p ə l d	d r ɛ s d	0	0	reg_t	reg_t	reg_d
majority	m ɑː r k	m ɑː r k t	m ɑː r k t	f a ɪ ɹ̩	f a ɪ ɹ̩ d	f a ɪ ɹ̩ d	m ɑː r k d	0	0	reg_t	reg_t	reg_d
majority	r ɑː k	r ɑː k t	r ɑː k t	p iː	p iː d	p iː d	r ɑː k d	0	0	reg_t	reg_t	reg_d
majority	w ɛ t	w ɛ t	w ɛ t	m æ t ɹ̩	m æ t ɹ̩ d	m æ t ɹ̩ d	w ɛ t d	0	0	no_change	no_change	reg_d
majority	t a ɪ p	t a ɪ p t	t a ɪ p t	s k iː	s k iː d	s k iː d	t a ɪ p d	0	0	reg_t	reg_t	reg_d
majority	s k r uː	s k r uː d	s k r uː d	s e ɪ l	s e ɪ l d	s e ɪ l d	s k r uː d	1	1	reg_d	reg_d	reg_d
majority	d ɪ s r ʌ p t	d ɪ s r ʌ p t ə d	d ɪ s r ʌ s t ə d	s t æ b	s t æ b d	s t æ b d	d ɪ s r ʌ p t d	0	0	reg_əd	other	reg_d
majority	d a ɪ	d a ɪ d	d a ɪ d	s k ɛ r	s k ɛ r d	s k ɛ r d	d a ɪ d	1	1	reg_d	reg_d	reg_d
majority	f l æ p	f l æ p t	f l æ p t	k ə m b a ɪ n	k ə m b a ɪ n d	k ə m b a ɪ n d	f l æ p d	0	0	reg_t	reg_t	reg_d
majority	s l æ p	s l æ p t	s l æ p t	w ɛ l k ə m	w ɛ l k ə m d	w ɛ l k ə m d	s l æ p d	0	0	reg_t	reg_t	reg_d
majority	p r ɑː m ə s	p r ɑː m ə s t	p r ɑː m ə s ə d	ɡ l uː	ɡ l uː d	ɡ l uː d	p r ɑː m ə s d	0	0	reg_t	reg_əd	reg_d
majority	f l a ʊ ɹ̩	f l a ʊ ɹ̩ d	f l a ʊ ɹ̩ d	k l ɑː b ɹ̩	k l ɑː b ɹ̩ d	k l ɑː b ɹ̩ d	f l a ʊ ɹ̩ d	1	1	reg_d	reg_d	reg_d
majority	ɡ æ ð ɹ̩	ɡ æ ð ɹ̩ d	ɡ æ ð ɹ̩ d	b æ ɡ	b æ ɡ d	b æ ɡ d	ɡ æ ð ɹ̩ d	1	1	reg_d	reg_d	reg_d
majority	m ɛ ʒ ɹ̩	m ɛ ʒ ɹ̩ d	m ɛ m ɹ̩ d	m a ɪ n	m a ɪ n d	m a ɪ n d	m ɛ ʒ ɹ̩ d	0	1	reg_d	other	reg_d
majority	f a ɪ t	f ɔ t	f a ɪ t ə d	ə p o ʊ z	ə p o ʊ z d	ə p o ʊ z d	f a ɪ t d	0	0	vowel_change	reg_əd	reg_d
majority	w æ ɡ	w æ ɡ d	w æ ɡ d	w ɛ l k ə m	w ɛ l k ə m d	w ɛ l k ə m d	w æ ɡ d	1	1	reg_d	reg_d	reg_d
majority	p ɪ k ə l	p ɪ k ə l d	p ɪ k ə l d	d r a ɪ	d r a ɪ d	d r a ɪ d	p ɪ k ə l d	1	1	reg_d	reg_d	reg_d
majority	s t o ʊ n	s t o ʊ n d	s t o ʊ n d	k r a ɪ	k r a ɪ d	k r a ɪ d	s t o ʊ n d	1	1	reg_d	reg_d	reg_d
majority	s p r e ɪ	s p r e ɪ d	s p r e ɪ d	b ɑː t ə m	b ɑː t ə m d	b ɑː t ə m d	s p r e ɪ d	1	1	reg_d	reg_d	reg_d
majority	t w a ɪ n	t w a ɪ n d	t w ɪ d	s iː l	s iː l d	s iː l d	t w a ɪ n d	0	1	reg_d	rhyme_replaced	reg_d
majority	b iː p	b iː p t	b iː p t	k ə m p l e ɪ n	k ə m p l e ɪ n d	k ə m p l e ɪ n d	b iː p d	0	0	reg_t	reg_t	reg_d
majority	k ɑː r v	k ɑː r v d	k ɑː r v d	ɪ n t ɹ̩ v j uː	ɪ n t ɹ̩ v j uː d	ɪ n t ɹ̩ v j uː d	k ɑː r v d	1	1	reg_d	reg_d	reg_d
majority	p ʌ z ə l	p ʌ z ə l d	p ʌ z ə l d	f l æ t ə n	f l æ t ə n d	f l æ t ə n d	p ʌ z ə l d	1	1	reg_d	reg_d	reg_d
majority	ʃ ʌ t	ʃ ʌ t	ʃ ʌ t	h ɹ̩ iː	h ɹ̩ iː d	h ɹ̩ iː d	ʃ ʌ t d	0	0	no_change	no_change	reg_d
majority	t æ k ə l	t æ k ə l d	t æ k ə l d	l a ɪ n	l a ɪ n d	l a ɪ n d	t æ k ə l d	1	1	reg_d	reg_d	reg_d
majority	ɪ k s p ɛ k t	ɪ k s p ɛ k t ə d	ɪ k s p ɛ k t ə d	r ɪ k ə ʃ e ɪ	r ɪ k ə ʃ e ɪ d	r ɪ k ə ʃ e ɪ d	ɪ k s p ɛ k t d	0	0	reg_əd	reg_əd	reg_d
majority	b iː t	b iː t	b iː t ə d	s ɛ l	s ɛ l d	s o ʊ l d	b iː t d	0	0	no_change	reg_əd	reg_d
majority	k ɑː p iː	k ɑː p iː d	k ɑː p t	b r ɪ ŋ	b r ɪ ŋ d	b r ɔ t	k ɑː p iː d	0	1	reg_d	other	reg_d
majority	ə r a ɪ v	ə r a ɪ v d	ə r a ɪ v d	t r e ɪ n	t r e ɪ n d	t r e ɪ n d	ə r a ɪ v d	1	1	reg_d	reg_d	reg_d
majority	d r ɪ l	d r ɪ l d	d r ɪ l d	w ɪ n	w ɪ n d	w ʌ n	d r ɪ l d	1	1	reg_d	reg_d	reg_d
majority	æ n s ɹ̩	æ n s ɹ̩ d	æ s n s ɹ̩	r ʌ b	r ʌ b d	r ʌ b d	æ n s ɹ̩ d	0	1	reg_d	other	reg_d
majority	ɪ n v a ɪ t	ɪ n v a ɪ t ə d	ɪ n v a ɪ t ə d	r ɪ k ə ʃ e ɪ	r ɪ k ə ʃ e ɪ d	r ɪ k ə ʃ e ɪ d	ɪ n v a ɪ t d	0	0	reg_əd	reg_əd	reg_d
majority	k l ɑː ɡ	k l ɑː ɡ d	k l ɑː ɡ d	b æ ɡ	b æ ɡ d	b æ ɡ d	k l ɑː ɡ d	1	1	reg_d	reg_d	reg_d
majority	p æ k	p æ k t	p æ k t	w ɑː b ə l	w ɑː b ə l d	w ɑː b ə l d	p æ k d	0	0	reg_t	reg_t	reg_d
majority	p l ʌ ɡ	p l ʌ ɡ d	p l ʌ ɡ d	ə p o ʊ z	ə p o ʊ z d	ə p o ʊ z d	p l ʌ ɡ d	1	1	reg_d	reg_d	reg_d
majority	l æ s t	l æ s t ə d	l æ s t ə d	t͡ʃ ʌ ɡ	t͡ʃ ʌ ɡ d	t͡ʃ ʌ ɡ d	l æ s t d	0	0	reg_əd	reg_əd	reg_d
majority	s m ʌ d͡ʒ	s m ʌ d͡ʒ d	s m ʌ d͡ʒ d	b e ɪ	b e ɪ d	b e ɪ d	s m ʌ d͡ʒ d	1	1	reg_d	reg_d	reg_d
majority	r o ʊ	r o ʊ d	r o ʊ d	d ɪ t ɹ̩ m ə n	d ɪ t ɹ̩ m ə n d	d ɪ t ɹ̩ m ə n d	r o ʊ d	1	1	reg_d	reg_d	reg_d
majority	ɔ f ɹ̩	ɔ f ɹ̩ d	ɔ f f t	p e ɪ d͡ʒ	p e ɪ d͡ʒ d	p e ɪ d͡ʒ d	ɔ f ɹ̩ d	0	1	reg_d	other	reg_d
majority	n o ʊ t ɪ s	n o ʊ t ɪ s t	n t o ʊ t ɪ t	d ɪ z a ɪ n	d ɪ z a ɪ n d	d ɪ z a ɪ n d	n o ʊ t ɪ s d	0	0	reg_t	other	reg_d
majority	s l o ʊ	s l o ʊ d	s l o ʊ d	h ɔ l	h ɔ l d	h ɔ l d	s l o ʊ d	1	1	reg_d	reg_d	reg_d
majority	s w ɪ ʃ	s w ɪ ʃ t	s w ɪ ʃ t	r uː ə n	r uː ə n d	r uː ə n d	s w ɪ ʃ d	0	0	reg_t	reg_t	reg_d
majority	d r e ɪ p	d r e ɪ p t	d r e ɪ p t	f l æ t ə n	f l æ t ə n d	f l æ t ə n d	d r e ɪ p d	0	0	reg_t	reg_t	reg_d
majority	k r æ ʃ	k r æ ʃ t	k r æ ʃ t	b a ɪ	b a ɪ d	b ɔ t	k r æ ʃ d	0	0	reg_t	reg_t	reg_d
majority	b æ ŋ k	b æ ŋ k t	b æ ŋ k t	k ɔ l	k ɔ l d	k ɔ l d	b æ ŋ k d	0	0	reg_t	reg_t	reg_d
majority	l iː p	l ɛ p t	l iː p t	b ɑː r o ʊ	b ɑː r o ʊ d	b ɑː r o ʊ d	l iː p d	0	0	vowel_change_suffix	reg_t	reg_d
majority	ɡ æ s p	ɡ æ s p t	ɡ æ s p t	s t e ɪ	s t e ɪ d	s t e ɪ d	ɡ æ s p d	0	0	reg_t	reg_t	reg_d
majority	r o ʊ m	r o ʊ m d	r o ʊ m d	k r a ɪ	k r a ɪ d	k r a ɪ d	r o ʊ m d	1	1	reg_d	reg_d	reg_d
majority	b ɔ r d	b ɔ r d ə d	b ɔ r d ə d	d r iː m	d r iː m d	d r iː m d	b ɔ r d d	0	0	reg_əd	reg_əd	reg_d
majority	b ɪ k ʌ m	b ɪ k e ɪ m	b ɪ k ʌ m d	ʃ ɛ r	ʃ ɛ r d	ʃ ɛ r d	b ɪ k ʌ m d	1	0	vowel_change	reg_d	reg_d
majority	b o ʊ l t	b o ʊ l t ə d	b o ʊ l t ə d	t a ɪ t ə n	t a ɪ t ə n d	t a ɪ t ə n d	b o ʊ l t d	0	0	reg_əd	reg_əd	reg_d
majority	s l ɪ p	s l ɪ p t	s l ɪ p t	t͡ʃ uː	t͡ʃ uː d	t͡ʃ uː d	s l ɪ p d	0	0	reg_t	reg_t	reg_d
majority	t o ʊ n	t o ʊ n d	t o ʊ n d	r ɪ t e ɪ n	r ɪ t e ɪ n d	r ɪ t e ɪ n d	t o ʊ n d	1	1	reg_d	reg_d	reg_d
majority	a ɪ	a ɪ d	a ɪ d	s uː	s uː d	s uː d	a ɪ d	1	1	reg_d	reg_d	reg_d
majority	p iː s	p iː s t	p iː s t	m æ t ɹ̩	m æ t ɹ̩ d	m æ t ɹ̩ d	p iː s d	0	0	reg_t	reg_t	reg_d
majority	m ʊ r	m ʊ r d	m ʊ r d	r ɪ m ɛ m b ɹ̩	r ɪ m ɛ m b ɹ̩ d	r ɪ m ɛ m b ɹ̩ d	m ʊ r d	1	1	reg_d	reg_d	reg_d
majority	r a ɪ m	r a ɪ m d	r a ɪ m d	m æ n ə d͡ʒ	m æ n ə d͡ʒ d	m æ n ə d͡ʒ d	r a ɪ m d	1	1	reg_d	reg_d	reg_d
majority	s k r iː m	s k r iː m d	s k r iː m d	ʃ o ʊ	ʃ o ʊ d	ʃ o ʊ d	s k r iː m d	1	1	reg_d	reg_d	reg_d
majority	b uː m	b uː m d	b uː m d	p e ɪ d͡ʒ	p e ɪ d͡ʒ d	p e ɪ d͡ʒ d	b uː m d	1	1	reg_d	reg_d	reg_d
majority	p l æ n t	p l æ n t ə d	p l æ n t ə d	ə s uː m	ə s uː m d	ə s uː m d	p l æ n t d	0	0	reg_əd	reg_əd	reg_d
majority	s w ɪ t͡ʃ	s w ɪ t͡ʃ t	s w ɪ t͡ʃ t	s k ɔ r	s k ɔ r d	s k ɔ r d	s w ɪ t͡ʃ d	0	0	reg_t	reg_t	reg_d
majority	n iː r	n iː r d	n iː r d	ɔ r d ɹ̩	ɔ r d ɹ̩ d	ɔ r d ɹ̩ d	n iː r d	1	1	reg_d	reg_d	reg_d
majority	l ɑː k	l ɑː k t	l ɑː k t	r ʌ b	r ʌ b d	r ʌ b d	l ɑː k d	0	0	reg_t	reg_t	reg_d
majority	d ɪ s k ʌ s	d ɪ s k ʌ s t	d ɪ s k s ʌ s t ə d	ɡ e ɪ z	ɡ e ɪ z d	ɡ e ɪ z d	d ɪ s k ʌ s d	0	0	reg_t	other	reg_d
majority	ə ɡ r iː	ə ɡ r iː d	ə ɡ ɡ r iː	k iː	k iː d	k iː d	ə ɡ r iː d	0	1	reg_d	other	reg_d
majority	s k ɪ p	s k ɪ p t	s k ɪ p t	ɛ m p t iː	ɛ m p t iː d	ɛ m p t iː d	s k ɪ p d	0	0	reg_t	reg_t	reg_d
majority	ɡ r o ʊ s	ɡ r o ʊ s t	ɡ r o ʊ s t	ɡ o ʊ	ɡ o ʊ d	w ɛ n t	ɡ r o ʊ s d	0	0	reg_t	reg_t	reg_d
majority	k æ t ə l ɔ ɡ	k æ t ə l ɔ ɡ d	k ə l ə l ɔ k ə d	b o ʊ l	b o ʊ l d	b o ʊ l d	k æ t ə l ɔ ɡ d	0	1	reg_d	other	reg_d
majority	d͡ʒ ʌ ɡ ə l	d͡ʒ ʌ ɡ ə l d	d͡ʒ ʌ ɡ ə l d	ɡ e ɪ n	ɡ e ɪ n d	ɡ e ɪ n d	d͡ʒ ʌ ɡ ə l d	1	1	reg_d	reg_d	reg_d
majority	s iː z ə n	s iː z ə n d	s iː z ə n d	o ʊ p ə n	o ʊ p ə n d	o ʊ p ə n d	s iː z ə n d	1	1	reg_d	reg_d	reg_d
majority	ɡ ɑː r b ə l	ɡ ɑː r b ə l d	ɡ ɑː r b ə l d	l e ɪ	l e ɪ d	l e ɪ d	ɡ ɑː r b ə l d	1	1	reg_d	reg_d	reg_d
majority	k æ s t	k æ s t	k æ s t ə d	t͡ʃ e ɪ n d͡ʒ	t͡ʃ e ɪ n d͡ʒ d	t͡ʃ e ɪ n d͡ʒ d	k æ s t d	0	0	no_change	reg_əd	reg_d
majority	p l ɑː d	p l ɑː d ə d	p l ɑː d ə d	d ɪ ɡ	d ɪ ɡ d	d ʌ ɡ	p l ɑː d d	0	0	reg_əd	reg_əd	reg_d
majority	k ə m p ɛ r	k ə m p ɛ r d	k ə m p ə r d	k ɔ ɪ n	k ɔ ɪ n d	k ɔ ɪ n d	k ə m p ɛ r d	0	1	reg_d	vowel_change_suffix	reg_d
majority	ə n f o ʊ l d	ə n f o ʊ l d ə d	ə n f ə l ə l d	r ə s iː v	r ə s iː v d	r ə s iː v d	ə n f o ʊ l d d	0	0	reg_əd	other	reg_d
majority	d ɪ s k r a ɪ b	d ɪ s k r a ɪ b d	d	d͡ʒ æ m	d͡ʒ æ m d	d͡ʒ æ m d	d ɪ s k r a ɪ b d	0	1	reg_d	other	reg_d
majority	t r æ k	t r æ k t	t r æ k t	ɔ r d ɹ̩	ɔ r d ɹ̩ d	ɔ r d ɹ̩ d	t r æ k d	0	0	reg_t	reg_t	reg_d
majority	k æ p t͡ʃ ɹ̩	k æ p t͡ʃ ɹ̩ d	k æ p t ɹ̩ d	k l o ʊ z	k l o ʊ z d	k l o ʊ z d	k æ p t͡ʃ ɹ̩ d	0	1	reg_d	other	reg_d
majority	d ɪ p ɔ r t	d ɪ p ɔ r t ə d	d ɪ p ɔ r t ə d	r iː ə l a ɪ z	r iː ə l a ɪ z d	r iː ə l a ɪ z d	d ɪ p ɔ r t d	0	0	reg_əd	reg_əd	reg_d
majority	d o ʊ l	d o ʊ l d	d o ʊ l d	d ɪ l e ɪ	d ɪ l e ɪ d	d ɪ l e ɪ d	d o ʊ l d	1	1	reg_d	reg_d	reg_d
majority	r ɛ n t	r ɛ n t ə d	r ɛ n t ə d	k ɹ̩ l	k ɹ̩ l d	k ɹ̩ l d	r ɛ n t d	0	0	reg_əd	reg_əd	reg_d
random	f l o ʊ t	f l o ʊ t ə d	f l o ʊ t ə d	p ɛ ɡ	p ɛ ɡ d	p ɛ ɡ d	f l o ʊ t d	0	0	reg_əd	reg_əd	reg_d
random	ɡ ɛ t	ɡ ɑː t	ɡ ɛ t	w ɪ s p ɹ̩	w ɪ s p ɹ̩ d	w ɪ s p ɹ̩ d	ɡ ɛ t d	0	0	vowel_change	no_change	reg_d
random	n o ʊ	n uː	n o ʊ d	ɪ s k e ɪ p	ɪ k e ɪ p e ɪ d	ɪ s k e ɪ p t	NA	0	0	vowel_change	reg_d	other
random	ɡ ɪ v	ɡ e ɪ v	ɡ ɪ v d	ʃ e ɪ k	ʃ e ɪ k t	ʃ ʊ k	ɡ ɪ v t	0	0	vowel_change	reg_d	reg_t
random	b ɹ̩ n	b ɹ̩ n d	b ɹ̩ n d	s p iː k	s p ɛ k t	s p o ʊ k	NA	0	0	reg_d	reg_d	vowel_change_suffix
random	f ɪ t	f ɪ t	f ɪ t	w ɔ k	w ɔ k t	w ɔ k t	f ɪ t t	0	0	no_change	no_change	reg_t
random	t e ɪ k	t ʊ k	t e ɪ k t	ʃ uː t	ʃ ɑː t ə d	ʃ ɑː t	NA	0	0	vowel_change	reg_t	other
random	n e ɪ m	n e ɪ m d	n e ɪ m d	s k r ʌ b	s k r ʌ b d	s k r ʌ b d	n e ɪ m d	1	1	reg_d	reg_d	reg_d
random	d r ɪ p	d r ɪ p t	d r ɪ p t	ɡ ʌ n	ɡ ʌ n d	ɡ ʌ n d	d r ɪ p d	0	0	reg_t	reg_t	reg_d
random	r a ɪ d	r o ʊ d	r a ɪ d	d ʌ s t	d ʌ s t ə d	d ʌ s t ə d	r a ɪ d ə d	0	0	vowel_change	no_change	reg_əd
random	t ɛ l	t o ʊ l d	t ɛ l d	b a ɪ s ɪ k ə l	b a ɪ s ɪ k ə l d	b a ɪ s ɪ k ə l d	t ɛ l d	1	0	vowel_change_suffix	reg_d	reg_d
random	s n iː k	s n iː k t	s n iː k t	t a ɪ t ə n	t a ɪ t ə n d	t a ɪ t ə n d	s n iː k d	0	0	reg_t	reg_t	reg_d
random	h æ p ə n	h æ p ə n d	h æ p ə n d	r ʌ n	r ʌ n d	r æ n	h æ p ə n d	1	1	reg_d	reg_d	reg_d
random	w e ɪ t	w e ɪ t ə d	w e ɪ t ə d	b ʌ t ɹ̩	b ʌ t ɹ̩ d	b ʌ t ɹ̩ d	w e ɪ t d	0	0	reg_əd	reg_əd	reg_d
random	b r e ɪ k	b r o ʊ k	b r e ɪ k t	p ɛ d ə l	p ɛ d ə l d	p ɛ d ə l d	b r e ɪ k d	0	0	vowel_change	reg_t	reg_d
random	ɪ k s k j uː z	ɪ k s k j uː z d	ɪ k s k j e ɪ d	o ʊ	o ʊ d	o ʊ d	ɪ k s k j uː z d	0	1	reg_d	rhyme_replaced	reg_d
random	s t ɑː r t	s t ɑː r t ə d	s t ɑː r t ə d	s a ɪ n	s a ɪ n d	s a ɪ n d	s t ɑː r t d	0	0	reg_əd	reg_əd	reg_d
random	d ɪ s a ɪ d	d ɪ s a ɪ d ə d	d ɪ s a ɪ d ə d	s t ʌ d iː	s t ʌ d iː d	s t ʌ d iː d	d ɪ s a ɪ d d	0	0	reg_əd	reg_əd	reg_d
random	l ɪ s ə n	l ɪ s ə n d	l ɪ s ə n d	ə v ɔ ɪ d	ə v ɔ ɪ d ə d	ə v ɔ ɪ d ə d	l ɪ s ə n ə d	0	0	reg_d	reg_d	reg_əd
random	d ɪ ŋ	d ɪ ŋ d	d ɪ ŋ	ɡ r iː n	ɡ r iː n d	ɡ r iː n d	d ɪ ŋ d	0	1	reg_d	no_change	reg_d
random	h iː r	h ɹ̩ d	h iː r d	d r iː m	d r iː m d	d r iː m d	h iː r d	1	0	rhyme_replaced	reg_d	reg_d
random	r ɛ n t͡ʃ	r ɛ n t͡ʃ t	r ɛ n t͡ʃ t	k o ʊ t	k o ʊ t ə d	k o ʊ t ə d	r ɛ n t͡ʃ ə d	0	0	reg_t	reg_t	reg_əd
random	s t ɹ̩	s t ɹ̩ d	s t ɹ̩ d	s k r æ t͡ʃ	s k r æ t͡ʃ t	s k r æ t͡ʃ t	s t ɹ̩ t	0	0	reg_d	reg_d	reg_t
random	s ʌ k	s ʌ k t	s ʌ k t	b æ ɡ	b æ ɡ d	b æ ɡ d	s ʌ k d	0	0	reg_t	reg_t	reg_d
random	n ɑː k	n ɑː k t	n ɑː k t	p ɑː k ə t	p ɑː k ə t ə d	p ɑː k ə t ə d	n ɑː k ə d	0	0	reg_t	reg_t	reg_əd
random	d͡ʒ ʌ m p	d͡ʒ ʌ m p t	d͡ʒ ʌ m p t	d r e ɪ n	d r e ɪ n d	d r e ɪ n d	d͡ʒ ʌ m p d	0	0	reg_t	reg_t	reg_d
random	w uː	w uː d	w uː d	m æ n	m æ n d	m æ n d	w uː d	1	1	reg_d	reg_d	reg_d
random	s m ɛ l	s m ɛ l d	s m ɛ l d	p r iː p ɛ r	p r iː p ɛ r d	p r iː p ɛ r d	s m ɛ l d	1	1	reg_d	reg_d	reg_d
random	k iː p	k ɛ p t	k iː p t	ɪ k l ɪ p s	ɪ k l ɪ p s t	ɪ k l ɪ p s t	k iː p t	1	0	vowel_change_suffix	reg_t	reg_t
random	d ɔ ɡ	d ɔ ɡ d	d ɔ ɡ d	s p ɛ l	s p ɛ l d	s p ɛ l d	d ɔ ɡ d	1	1	reg_d	reg_d	reg_d
random	k ʌ l ɹ̩	k ʌ l ɹ̩ d	k ʌ l ɹ̩ d	b ɛ n d	b ɛ n t	b ɛ n d ə d	NA	0	0	reg_d	reg_d	coda_change
random	iː v ɪ n	iː v ɪ n d	iː v ɪ n d	r ʌ ʃ	r ʌ ʃ t	r ʌ ʃ t	iː v ɪ n t	0	0	reg_d	reg_d	reg_t
random	s ɛ t	s ɛ t	s ɛ t	f ɪ k s	f ɪ k s t	f ɪ k s t	s ɛ t t	0	0	no_change	no_change	reg_t
random	p ʊ l	p ʊ l d	p ʊ l d	ɛ n t ɹ̩	ɛ n t ɹ̩ d	ɛ n t ɹ̩ d	p ʊ l d	1	1	reg_d	reg_d	reg_d
random	w a ɪ n d	w a ɪ n d ə d	w a ɪ n d ə d	ə s uː m	ə s uː m d	ə s uː m d	w a ɪ n d d	0	0	reg_əd	reg_əd	reg_d
random	r a ɪ z	r o ʊ z	r a ɪ z d	d ɛ r	d ɛ r d	d ɛ r d	r a ɪ z d	1	0	vowel_change	reg_d	reg_d
random	n ʌ m b ɹ̩	n ʌ m b ɹ̩ d	n m ʌ m b d	k ʌ v ɹ̩	k ʌ v ɹ̩ d	k ʌ v ɹ̩ d	n ʌ m b ɹ̩ d	0	1	reg_d	other	reg_d
random	s t iː l	s t o ʊ l	s t iː l d	z ɪ p ɹ̩	z ɪ p ɹ̩ d	z ɪ p ɹ̩ d	s t iː l d	1	0	vowel_change	reg_d	reg_d
random	k ə n ɛ k t	k ə n ɛ k t ə d	k ə n t ə t ə d	s m ɑː r t	s m ɑː r t ə d	s m ɑː r t ə d	k ə n ɛ k t ə d	0	1	reg_əd	other	reg_əd
random	h ɑː p	h ɑː p t	h ɑː p t	h ɪ t	h ɪ t	h ɪ t	h ɑː p	0	0	reg_t	reg_t	no_change
random	s ɔ	s ɔ d	s ɔ	t ɛ n d	t ɛ n t ə d	t ɛ n d ə d	NA	0	0	reg_d	no_change	other
random	h iː t	h iː t ə d	h iː t	t ɪ k ə t	t ɪ k ə t ə d	t ɪ k ə t ə d	h iː t ə d	0	1	reg_əd	no_change	reg_əd
random	ʃ uː	ʃ uː d	ʃ ɑː ɑː	d ɪ p	d ɪ p t	d ɪ p t	ʃ uː t	0	0	reg_d	vowel_change	reg_t
random	r e ɪ n	r e ɪ n d	r e ɪ n d	ə n d ɹ̩ w e ɪ t	ə n d ɹ̩ w e ɪ t ə d	ə n d ɹ̩ w e ɪ t ə d	r e ɪ n ə d	0	0	reg_d	reg_d	reg_əd
random	t r ɪ k	t r ɪ k t	t r ɪ k t	p ɪ n t͡ʃ	p ɪ n t͡ʃ t	p ɪ n t͡ʃ t	t r ɪ k t	1	1	reg_t	reg_t	reg_t
random	b r iː ð	b r iː ð d	b r iː ð d	ɡ r æ s p	ɡ r æ s p t	ɡ r æ s p t	b r iː ð t	0	0	reg_d	reg_d	reg_t
random	ə n d ɹ̩ s t æ n d	ə n d ɹ̩ s t ʊ d	ə s t ə n d	r uː l	r uː l d	r uː l d	ə n d ɹ̩ s t æ n d d	0	0	rhyme_replaced	other	reg_d
random	p ɑː r k	p ɑː r k t	p ɑː r k t	k l æ m p	k l æ m p t	k l æ m p t	p ɑː r k t	1	1	reg_t	reg_t	reg_t
random	b æ ŋ	b æ ŋ d	b æ ŋ	r o ʊ l	r o ʊ l d	r o ʊ l d	b æ ŋ d	0	1	reg_d	no_change	reg_d
random	s k uː p	s k uː p t	s k uː p t	f ɪ l	f ɪ l d	f ɪ l d	s k uː p d	0	0	reg_t	reg_t	reg_d
random	s t ɛ r	s t ɛ r d	s t ɛ r d	s p ɛ k ə l	s p ɛ k ə l d	s p ɛ k ə l d	s t ɛ r d	1	1	reg_d	reg_d	reg_d
random	m ɛ l t	m ɛ l t ə d	m ɛ l t ə d	s m uː ð	s m uː ð d	s m uː ð d	m ɛ l t d	0	0	reg_əd	reg_əd	reg_d
random	l æ f	l æ f t	l æ f t	p ɔ ɪ n t	p ɔ ɪ n t ə d	p ɔ ɪ n t ə d	l æ f ə d	0	0	reg_t	reg_t	reg_əd
random	m a ʊ ð	m a ʊ ð d	m a ʊ ð d	s ɹ̩ t͡ʃ	s ɹ̩ t͡ʃ t	s ɹ̩ t͡ʃ t	m a ʊ ð t	0	0	reg_d	reg_d	reg_t
random	ɡ r ʌ m b ə l	ɡ r ʌ m b ə l d	ɡ r ʌ m b ə l d	k a ʊ t͡ʃ	k a ʊ t͡ʃ t	k a ʊ t͡ʃ t	ɡ r ʌ m b ə l t	0	0	reg_d	reg_d	reg_t
random	r ɛ s t	r ɛ s t ə d	r ɛ s t ə d	m ɑː r t͡ʃ	m ɑː r t͡ʃ t	m ɑː r t͡ʃ t	r ɛ s t t	0	0	reg_əd	reg_əd	reg_t
random	s t ɑː m p	s t ɑː m p t	s t ɑː m p t	l o ʊ d	l o ʊ d ə d	l o ʊ d ə d	s t ɑː m p ə d	0	0	reg_t	reg_t	reg_əd
random	p e ɪ n t	p e ɪ n t ə d	p e ɪ n t ə d	r ʌ ʃ	r ʌ ʃ t	r ʌ ʃ t	p e ɪ n t t	0	0	reg_əd	reg_əd	reg_t
random	t͡ʃ uː z	t͡ʃ o ʊ z	t͡ʃ uː z d	k ə m b a ɪ n	k ə m b a ɪ n d	k ə m b a ɪ n d	t͡ʃ uː z d	1	0	vowel_change	reg_d	reg_d
random	d r ɛ s	d r ɛ s t	d r ɛ s t	s ɛ t ə l	s ɛ t ə l d	s ɛ t ə l d	d r ɛ s d	0	0	reg_t	reg_t	reg_d
random	m ɑː r k	m ɑː r k t	m ɑː r k t	s ɹ̩ t͡ʃ	s ɹ̩ t͡ʃ t	s ɹ̩ t͡ʃ t	m ɑː r k t	1	1	reg_t	reg_t	reg_t
random	r ɑː k	r ɑː k t	r ɑː k t	s t ʌ d iː	s t ʌ d iː d	s t ʌ d iː d	r ɑː k d	0	0	reg_t	reg_t	reg_d
random	w ɛ t	w ɛ t	w ɛ t	f ɪ ŋ ɡ ɹ̩	f ɪ ŋ ɡ ɹ̩ d	f ɪ ŋ ɡ ɹ̩ d	w ɛ t d	0	0	no_change	no_change	reg_d
random	t a ɪ p	t a ɪ p t	t a ɪ p t	t͡ʃ ʌ ɡ	t͡ʃ ʌ ɡ d	t͡ʃ ʌ ɡ d	t a ɪ p d	0	0	reg_t	reg_t	reg_d
random	s k r uː	s k r uː d	s k r uː d	ɔ r n ə m ɛ n t	ɔ r n ə m ɛ n t ə d	ɔ r n ə m ɛ n t ə d	s k r uː ə d	0	0	reg_d	reg_d	reg_əd
random	d ɪ s r ʌ p t	d ɪ s r ʌ p t ə d	d ɪ s r ʌ s t ə d	k ʌ t	k ʌ t	k ʌ t	d ɪ s r ʌ p t	0	0	reg_əd	other	no_change
random	d a ɪ	d a ɪ d	d a ɪ d	p iː	p iː d	p iː d	d a ɪ d	1	1	reg_d	reg_d	reg_d
random	f l æ p	f l æ p t	f l æ p t	t r æ m p ə l	t r æ m p ə l d	t r æ m p ə l d	f l æ p d	0	0	reg_t	reg_t	reg_d
random	s l æ p	s l æ p t	s l æ p t	s p ɪ t	s p ʌ t ə d	s p æ t	NA	0	0	reg_t	reg_t	other
random	p r ɑː m ə s	p r ɑː m ə s t	p r ɑː m ə s ə d	r e ɪ s	r e ɪ s t	r e ɪ s t	p r ɑː m ə s t	0	1	reg_t	reg_əd	reg_t
random	f l a ʊ ɹ̩	f l a ʊ ɹ̩ d	f l a ʊ ɹ̩ d	k l a ɪ m	k l a ɪ m d	k l a ɪ m d	f l a ʊ ɹ̩ d	1	1	reg_d	reg_d	reg_d
random	ɡ æ ð ɹ̩	ɡ æ ð ɹ̩ d	ɡ æ ð ɹ̩ d	k ɹ̩ v	k ɹ̩ v d	k ɹ̩ v d	ɡ æ ð ɹ̩ d	1	1	reg_d	reg_d	reg_d
random	m ɛ ʒ ɹ̩	m ɛ ʒ ɹ̩ d	m ɛ m ɹ̩ d	s ɛ l ə b r e ɪ t	s ɛ l ə b r e ɪ t ə d	s ɛ l ə b r e ɪ t ə d	m ɛ ʒ ɹ̩ ə d	0	0	reg_d	other	reg_əd
random	f a ɪ t	f ɔ t	f a ɪ t ə d	d ɑː k t ɹ̩	d ɑː k t ɹ̩ d	d ɑː k t ɹ̩ d	f a ɪ t d	0	0	vowel_change	reg_əd	reg_d
random	w æ ɡ	w æ ɡ d	w æ ɡ d	ɪ n t ɹ̩ v j uː	ɪ n t ɹ̩ v j uː d	ɪ n t ɹ̩ v j uː d	w æ ɡ d	1	1	reg_d	reg_d	reg_d
random	p ɪ k ə l	p ɪ k ə l d	p ɪ k ə l d	ɛ n d	ɛ n d ə d	ɛ n d ə d	p ɪ k ə l ə d	0	0	reg_d	reg_d	reg_əd
random	s t o ʊ n	s t o ʊ n d	s t o ʊ n d	h ɹ̩ t	h ɹ̩ t	h ɹ̩ t	s t o ʊ n	0	0	reg_d	reg_d	no_change
random	s p r e ɪ	s p r e ɪ d	s p r e ɪ d	r ɪ d	r ɪ d	r ɪ d	s p r e ɪ	0	0	reg_d	reg_d	no_change
random	t w a ɪ n	t w a ɪ n d	t w ɪ d	b r iː d	b r iː d	b r ɛ d	t w a ɪ n	0	0	reg_d	rhyme_replaced	no_change
random	b iː p	b iː p t	b iː p t	d ɑː k t ɹ̩	d ɑː k t ɹ̩ d	d ɑː k t ɹ̩ d	b iː p d	0	0	reg_t	reg_t	reg_d
random	k ɑː r v	k ɑː r v d	k ɑː r v d	p ɑː k ə t	p ɑː k ə t ə d	p ɑː k ə t ə d	k ɑː r v ə d	0	0	reg_d	reg_d	reg_əd
random	p ʌ z ə l	p ʌ z ə l d	p ʌ z ə l d	w ɑː ʃ	w ɑː ʃ t	w ɑː ʃ t	p ʌ z ə l t	0	0	reg_d	reg_d	reg_t
random	ʃ ʌ t	ʃ ʌ t	ʃ ʌ t	f uː l	f uː l d	f uː l d	ʃ ʌ t d	0	0	no_change	no_change	reg_d
random	t æ k ə l	t æ k ə l d	t æ k ə l d	s k r e ɪ p	s k r e ɪ p t	s k r e ɪ p t	t æ k ə l t	0	0	reg_d	reg_d	reg_t
random	ɪ k s p ɛ k t	ɪ k s p ɛ k t ə d	ɪ k s p ɛ k t ə d	t ɔ s	t ɔ s t	t ɔ s t	ɪ k s p ɛ k t t	0	0	reg_əd	reg_əd	reg_t
random	b iː t	b iː t	b iː t ə d	p ɛ t	p ɛ t	p ɛ t ə d	b iː t	0	1	no_change	reg_əd	no_change
random	k ɑː p iː	k ɑː p iː d	k ɑː p t	t͡ʃ ɪ k ə n	t͡ʃ ɪ k ə n d	t͡ʃ ɪ k ə n d	k ɑː p iː d	0	1	reg_d	other	reg_d
random	ə r a ɪ v	ə r a ɪ v d	ə r a ɪ v d	s p ɪ l	s p ɪ l d	s p ɪ l d	ə r a ɪ v d	1	1	reg_d	reg_d	reg_d
random	d r ɪ l	d r ɪ l d	d r ɪ l d	s k iː	s k iː d	s k iː d	d r ɪ l d	1	1	reg_d	reg_d	reg_d
random	æ n s ɹ̩	æ n s ɹ̩ d	æ s n s ɹ̩	p r iː t ɛ n d	p r iː t ɛ n d ə d	p r iː t ɛ n d ə d	æ n s ɹ̩ ə d	0	0	reg_d	other	reg_əd
random	ɪ n v a ɪ t	ɪ n v a ɪ t ə d	ɪ n v a ɪ t ə d	s iː m	s iː m d	s iː m d	ɪ n v a ɪ t d	0	0	reg_əd	reg_əd	reg_d
random	k l ɑː ɡ	k l ɑː ɡ d	k l ɑː ɡ d	t r a ɪ	t r a ɪ d	t r a ɪ d	k l ɑː ɡ d	1	1	reg_d	reg_d	reg_d
random	p æ k	p æ k t	p æ k t	z ɪ p	z ɪ p t	z ɪ p t	p æ k t	1	1	reg_t	reg_t	reg_t
random	p l ʌ ɡ	p l ʌ ɡ d	p l ʌ ɡ d	k a ʊ n t	k a ʊ n t ə d	k a ʊ n t ə d	p l ʌ ɡ ə d	0	0	reg_d	reg_d	reg_əd
random	l æ s t	l æ s t ə d	l æ s t ə d	ɡ r æ b	ɡ r æ b d	ɡ r æ b d	l æ s t d	0	0	reg_əd	reg_əd	reg_d
random	s m ʌ d͡ʒ	s m ʌ d͡ʒ d	s m ʌ d͡ʒ d	p r iː t ɛ n d	p r iː t ɛ n d ə d	p r iː t ɛ n d ə d	s m ʌ d͡ʒ ə d	0	0	reg_d	reg_d	reg_əd
random	r o ʊ	r o ʊ d	r o ʊ d	t ʌ t͡ʃ	t ʌ t͡ʃ t	t ʌ t͡ʃ t	r o ʊ t	0	0	reg_d	reg_d	reg_t
random	ɔ f ɹ̩	ɔ f ɹ̩ d	ɔ f f t	s iː d	s iː d ə d	s iː d ə d	ɔ f ɹ̩ ə d	0	0	reg_d	other	reg_əd
random	n o ʊ t ɪ s	n o ʊ t ɪ s t	n t o ʊ t ɪ t	s t ɛ p	s t ɛ p t	s t ɛ p t	n o ʊ t ɪ s t	0	1	reg_t	other	reg_t
random	s l o ʊ	s l o ʊ d	s l o ʊ d	s t æ k	s t æ k t	s t æ k t	s l o ʊ t	0	0	reg_d	reg_d	reg_t
random	s w ɪ ʃ	s w ɪ ʃ t	s w ɪ ʃ t	d r a ʊ n	d r a ʊ n d	d r a ʊ n d	s w ɪ ʃ d	0	0	reg_t	reg_t	reg_d
random	d r e ɪ p	d r e ɪ p t	d r e ɪ p t	f ɔ r k	f ɔ r k t	f ɔ r k t	d r e ɪ p t	1	1	reg_t	reg_t	reg_t
random	k r æ ʃ	k r æ ʃ t	k r æ ʃ t	j ɛ l	j ɛ l d	j ɛ l d	k r æ ʃ d	0	0	reg_t	reg_t	reg_d
random	b æ ŋ k	b æ ŋ k t	b æ ŋ k t	f ɪ ʃ	f ɪ ʃ t	f ɪ ʃ t	b æ ŋ k t	1	1	reg_t	reg_t	reg_t
random	l iː p	l ɛ p t	l iː p t	f e ɪ l	f e ɪ l d	f e ɪ l d	l iː p d	0	0	vowel_change_suffix	reg_t	reg_d
random	ɡ æ s p	ɡ æ s p t	ɡ æ s p t	t r e ɪ d	t r e ɪ d ə d	t r e ɪ d ə d	ɡ æ s p ə d	0	0	reg_t	reg_t	reg_əd
random	r o ʊ m	r o ʊ m d	r o ʊ m d	w ɑː b ə l	w ɑː b ə l d	w ɑː b ə l d	r o ʊ m d	1	1	reg_d	reg_d	reg_d
random	b ɔ r d	b ɔ r d ə d	b ɔ r d ə d	n ɪ b ə l	n ɪ b ə l d	n ɪ b ə l d	b ɔ r d d	0	0	reg_əd	reg_əd	reg_d
random	b ɪ k ʌ m	b ɪ k e ɪ m	b ɪ k ʌ m d	r ɪ m ɛ m b ɹ̩	r ɪ m ɛ m b ɹ̩ d	r ɪ m ɛ m b ɹ̩ d	b ɪ k ʌ m d	1	0	vowel_change	reg_d	reg_d
random	b o ʊ l t	b o ʊ l t ə d	b o ʊ l t ə d	ə p s ɛ t	ə p s ɛ t ə d	ə p s ɛ t	b o ʊ l t ə d	1	1	reg_əd	reg_əd	reg_əd
random	s l ɪ p	s l ɪ p t	s l ɪ p t	l æ n d	l æ n d ə d	l æ n d ə d	s l ɪ p ə d	0	0	reg_t	reg_t	reg_əd
random	t o ʊ n	t o ʊ n d	t o ʊ n d	w ɑː ʃ	w ɑː ʃ t	w ɑː ʃ t	t o ʊ n t	0	0	reg_d	reg_d	reg_t
random	a ɪ	a ɪ d	a ɪ d	ʃ uː t	ʃ ɑː t ə d	ʃ ɑː t	NA	0	0	reg_d	reg_d	other
random	p iː s	p iː s t	p iː s t	k æ r iː	k æ r iː d	k æ r iː d	p iː s d	0	0	reg_t	reg_t	reg_d
random	m ʊ r	m ʊ r d	m ʊ r d	k ɹ̩ l	k ɹ̩ l d	k ɹ̩ l d	m ʊ r d	1	1	reg_d	reg_d	reg_d
random	r a ɪ m	r a ɪ m d	r a ɪ m d	f ɑː s t ɹ̩	f ɑː s t ɹ̩ d	f ɑː s t ɹ̩ d	r a ɪ m d	1	1	reg_d	reg_d	reg_d
random	s k r iː m	s k r iː m d	s k r iː m d	r ʌ f ə l	r ʌ f ə l d	r ʌ f ə l d	s k r iː m d	1	1	reg_d	reg_d	reg_d
random	b uː m	b uː m d	b uː m d	s ɛ n d	s ɛ n t	s ɛ n t	NA	0	0	reg_d	reg_d	coda_change
random	p l æ n t	p l æ n t ə d	p l æ n t ə d	k ɪ d	k ɪ d	k ɪ d ə d	p l æ n t	0	0	reg_əd	reg_əd	no_change
random	s w ɪ t͡ʃ	s w ɪ t͡ʃ t	s w ɪ t͡ʃ t	p ɛ d ə l	p ɛ d ə l d	p ɛ d ə l d	s w ɪ t͡ʃ d	0	0	reg_t	reg_t	reg_d
random	n iː r	n iː r d	n iː r d	p e ɪ	p e ɪ d	p e ɪ d	n iː r d	1	1	reg_d	reg_d	reg_d
random	l ɑː k	l ɑː k t	l ɑː k t	f ɪ k s	f ɪ k s t	f ɪ k s t	l ɑː k t	1	1	reg_t	reg_t	reg_t
random	d ɪ s k ʌ s	d ɪ s k ʌ s t	d ɪ s k s ʌ s t ə d	b r a ʊ n	b r a ʊ n d	b r a ʊ n d	d ɪ s k ʌ s d	0	0	reg_t	other	reg_d
random	ə ɡ r iː	ə ɡ r iː d	ə ɡ ɡ r iː	r iː d	r iː d	r ɛ d	ə ɡ r iː	0	0	reg_d	other	no_change
random	s k ɪ p	s k ɪ p t	s k ɪ p t	s p æ ŋ k	s p æ ŋ k t	s p æ ŋ k t	s k ɪ p t	1	1	reg_t	reg_t	reg_t
random	ɡ r o ʊ s	ɡ r o ʊ s t	ɡ r o ʊ s t	d ʌ ŋ k	d ʌ ŋ k t	d ʌ ŋ k t	ɡ r o ʊ s t	1	1	reg_t	reg_t	reg_t
random	k æ t ə l ɔ ɡ	k æ t ə l ɔ ɡ d	k ə l ə l ɔ k ə d	ɛ n t ɹ̩	ɛ n t ɹ̩ d	ɛ n t ɹ̩ d	k æ t ə l ɔ ɡ d	0	1	reg_d	other	reg_d
random	d͡ʒ ʌ ɡ ə l	d͡ʒ ʌ ɡ ə l d	d͡ʒ ʌ ɡ ə l d	b ʌ m p	b ʌ m p t	b ʌ m p t	d͡ʒ ʌ ɡ ə l t	0	0	reg_d	reg_d	reg_t
random	s iː z ə n	s iː z ə n d	s iː z ə n d	k ə n f ɛ s	k ə n f ɛ s t	k ə n f ɛ s t	s iː z ə n t	0	0	reg_d	reg_d	reg_t
random	ɡ ɑː r b ə l	ɡ ɑː r b ə l d	ɡ ɑː r b ə l d	p iː l	p iː l d	p iː l d	ɡ ɑː r b ə l d	1	1	reg_d	reg_d	reg_d
random	k æ s t	k æ s t	k æ s t ə d	t͡ʃ ɑː p	t͡ʃ ɑː p t	t͡ʃ ɑː p t	k æ s t t	0	0	no_change	reg_əd	reg_t
random	p l ɑː d	p l ɑː d ə d	p l ɑː d ə d	r ɛ s ə l	r ɛ s ə l d	r ɛ s ə l d	p l ɑː d d	0	0	reg_əd	reg_əd	reg_d
random	k ə m p ɛ r	k ə m p ɛ r d	k ə m p ə r d	h o ʊ l d	h o ʊ l d ə d	h ɛ l d	k ə m p ɛ r ə d	0	0	reg_d	vowel_change_suffix	reg_əd
random	ə n f o ʊ l d	ə n f o ʊ l d ə d	ə n f ə l ə l d	t uː n	t uː n d	t uː n d	ə n f o ʊ l d d	0	0	reg_əd	other	reg_d
random	d ɪ s k r a ɪ b	d ɪ s k r a ɪ b d	d	s ɔ r t	s ɔ r t ə d	s ɔ r t ə d	d ɪ s k r a ɪ b ə d	0	0	reg_d	other	reg_əd
random	t r æ k	t r æ k t	t r æ k t	r ɛ d iː	r ɛ d iː d	r ɛ d iː d	t r æ k d	0	0	reg_t	reg_t	reg_d
random	k æ p t͡ʃ ɹ̩	k æ p t͡ʃ ɹ̩ d	k æ p t ɹ̩ d	t͡ʃ e ɪ s	t͡ʃ e ɪ s t	t͡ʃ e ɪ s t	k æ p t͡ʃ ɹ̩ t	0	0	reg_d	other	reg_t
random	d ɪ p ɔ r t	d ɪ p ɔ r t ə d	d ɪ p ɔ r t ə d	l a ɪ t	l a ɪ t ə d	l ɪ t	d ɪ p ɔ r t ə d	1	1	reg_əd	reg_əd	reg_əd
random	d o ʊ l	d o ʊ l d	d o ʊ l d	f r iː z	f r iː z d	f r o ʊ z	d o ʊ l d	1	1	reg_d	reg_d	reg_d
random	r ɛ n t	r ɛ n t ə d	r ɛ n t ə d	d ɪ s t ɹ̩ b	d ɪ s t ɹ̩ b d	d ɪ s t ɹ̩ b d	r ɛ n t d	0	0	reg_əd	reg_əd	reg_d
