neighbors	src	gold	pred	neighbor_src	neighbor_tgt	analogy	regular	matches_pred	matches_gold
model_sep	s p ɛ l	s p ɛ l d	s p ɛ l d	s p ɪ l	s p ɪ l d	s p ɛ l d	1	1	1
model_sep	d uː	d ɪ d	d	d ɑː t	d ɑː t ə d	d uː ə d	0	0	0
model_sep	m e ɪ k	m e ɪ d	m e ɪ k t	m æ s k	m æ s k t	m e ɪ k t	0	1	0
model_sep	ə p r iː ʃ iː e ɪ t	ə p r iː ʃ iː e ɪ t ə d	ə p r iː ʃ iː e ɪ t ə d	ə s o ʊ s iː e ɪ t	ə s o ʊ s iː e ɪ t ə d	ə p r iː ʃ iː e ɪ t ə d	1	1	1
model_sep	p e ɪ n t	p e ɪ n t ə d	p e ɪ n t ə d	p e ɪ s t	p e ɪ s t ə d	p e ɪ n t ə d	1	1	1
model_sep	iː t	e ɪ t	iː t ə d	iː z	iː z d	iː t d	0	0	0
model_sep	p ʊ t	p ʊ t	p ʊ t ə d	p ɑː t	p ɑː t ə d	p ʊ t ə d	0	1	0
model_sep	r ɪ m ɛ m b ɹ̩	r ɪ m ɛ m b ɹ̩ d	r ɪ m ɛ b ɹ̩ b ɹ̩ ɹ̩ d	r iː k w a ɪ ɹ̩	r iː k w a ɪ ɹ̩ d	r ɪ m ɛ m b ɹ̩ d	1	0	1
model_sep	f ɪ k s	f ɪ k s t	f ɪ k s t	f ɔ r s	f ɔ r s t	f ɪ k s t	1	1	1
model_sep	t ɹ̩ n	t ɹ̩ n d	t ɹ̩ n d	t uː n	t uː n d	t ɹ̩ n d	1	1	1
model_sep	f l a ɪ	f l uː	f l a ɪ d	f iː t͡ʃ ɹ̩	f iː t͡ʃ ɹ̩ d	f l a ɪ d	0	1	0
model_sep	p ɪ k	p ɪ k t	p ɪ k t	p iː k	p iː k t	p ɪ k t	1	1	1
model_sep	b ʌ m p	b ʌ m p t	b ʌ m p t	b ʌ s t	b ʌ s t ə d	b ʌ m p ə d	1	0	0
model_sep	l o ʊ ɹ̩	l o ʊ ɹ̩ d	l o ʊ ɹ̩ d	l ɪ t ɹ̩	l ɪ t ɹ̩ d	l o ʊ ɹ̩ d	1	1	1
model_sep	s k r e ɪ p	s k r e ɪ p t	s k r e ɪ p t	s t r e ɪ n	s t r e ɪ n d	s k r e ɪ p d	1	0	0
model_sep	d ɪ ŋ	d ɪ ŋ d	d ɪ ŋ d	d r ɔ	d r uː	NA	1	0	0
model_sep	h a ɪ d	h ɪ d	h a ɪ d ə d	h æ n d	h æ n d ə d	h a ɪ d ə d	0	1	0
model_sep	p ɔ r	p ɔ r d	p ɔ r d	p iː r	p iː r d	p ɔ r d	1	1	1
model_sep	k l iː n	k l iː n d	k l iː n d	k l ʌ t͡ʃ	k l ʌ t͡ʃ t	k l iː n t	1	0	0
model_sep	b a ɪ	b ɔ t	b a ɪ d	b l uː	b l uː d	b a ɪ d	0	1	0
model_sep	n æ p	n æ p t	n æ p t	n ɪ t	n ɪ t ə d	n æ p ə d	1	0	0
model_sep	n ɑː k	n ɑː k t	n ɑː k t	n ɪ t	n ɪ t ə d	n ɑː k ə d	1	0	0
model_sep	w e ɪ k	w o ʊ k	w e ɪ k t	w e ɪ t	w e ɪ t ə d	w e ɪ k ə d	0	0	0
model_sep	j uː z	j uː z d	j uː z d	j ɔ n	j ɔ n d	j uː z d	1	1	1
model_sep	r ɪ ŋ	r æ ŋ	r ɪ ŋ	r ɛ k	r ɛ k t	r ɪ ŋ t	0	0	0
model_sep	r ʌ b	r ʌ b d	r ʌ b d	r ɪ p	r ɪ p t	r ʌ b t	1	0	0
model_sep	l ɪ k	l ɪ k t	l ɪ k t	l ʊ k	l ʊ k t	l ɪ k t	1	1	1
model_sep	d r ɑː p	d r ɑː p t	d r ɑː p t	d r ɪ p	d r ɪ p t	d r ɑː p t	1	1	1
model_sep	t ɔ k	t ɔ k t	t ɔ k t	t ʌ k	t ʌ k t	t ɔ k t	1	1	1
model_sep	ʃ ʌ v	ʃ ʌ v d	ʃ ʌ v d	ʃ ɪ p	ʃ ɪ p t	ʃ ʌ v t	1	0	0
model_sep	l ɪ s ə n	l ɪ s ə n d	l ɪ s ə n d	l uː s ə n	l uː s ə n d	l ɪ s ə n d	1	1	1
model_sep	m ɛ r iː	m ɛ r iː d	m ɛ r iː d	m ʌ d iː	m ʌ d iː d	m ɛ r iː d	1	1	1
model_sep	b ɑː r k	b ɑː r k t	b ɑː r k t	b æ s k	b æ s k t	b ɑː r k t	1	1	1
model_sep	p l iː d	p l iː d ə d	p l iː d ə d	p a ɪ l	p a ɪ l d	p l iː d d	1	0	0
model_sep	s p ɛ n d	s p ɛ n t	s p ɛ n d ə d	s l a ɪ d	s l ɪ d	NA	0	0	0
model_sep	h æ ŋ	h ʌ ŋ	h æ ŋ d	h æ v	h æ d	NA	0	0	0
model_sep	f a ɪ ɹ̩	f a ɪ ɹ̩ d	f a ɪ ɹ̩ d	f ɹ̩ ð ɹ̩	f ɹ̩ ð ɹ̩ d	f a ɪ ɹ̩ d	1	1	1
model_sep	b a ɪ t	b ɪ t	b a ɪ t ə d	b e ɪ t	b e ɪ t ə d	b a ɪ t ə d	0	1	0
model_sep	w ɔ r m	w ɔ r m d	w ɔ r m d	w ɪ s k	w ɪ s k t	w ɔ r m t	1	0	0
model_sep	k ə n ɛ k t	k ə n ɛ k t ə d	k ə n ɛ k t ə d	k ə l æ p s	k ə l æ p s t	k ə n ɛ k t t	1	0	0
model_sep	s p r ɛ d	s p r ɛ d	s p r ɛ d ə d	s l a ɪ d	s l ɪ d	NA	0	0	0
model_sep	s k w iː z	s k w iː z d	s k w iː z d	s m a ɪ l	s m a ɪ l d	s k w iː z d	1	1	1
model_sep	ɪ r e ɪ s	ɪ r e ɪ s t	ɪ r e ɪ s t	ɪ ɡ n ɔ r	ɪ ɡ n ɔ r d	ɪ r e ɪ s d	1	0	0
model_sep	t a ɪ m	t a ɪ m d	t a ɪ m d	t ɪ l t	t ɪ l t ə d	t a ɪ m ə d	1	0	0
model_sep	p ɪ k t͡ʃ ɹ̩	p ɪ k t͡ʃ ɹ̩ d	p ɪ k t͡ʃ ɹ̩ d	p æ m p ɹ̩	p æ m p ɹ̩ d	p ɪ k t͡ʃ ɹ̩ d	1	1	1
model_sep	k æ r iː	k æ r iː d	k æ r iː d	k ɑː p iː	k ɑː p iː d	k æ r iː d	1	1	1
model_sep	k ɪ s	k ɪ s t	k ɪ s t	k æ ʃ	k æ ʃ t	k ɪ s t	1	1	1
model_sep	r ɪ p l a ɪ	r ɪ p l a ɪ d	r ɪ p l a ɪ d	r ɪ ɡ r ɛ t	r ɪ ɡ r ɛ t ə d	r ɪ p l a ɪ ə d	1	0	0
model_sep	h ɹ̩ iː	h ɹ̩ iː d	h ɹ̩ iː d	h iː t	h iː t ə d	h ɹ̩ iː ə d	1	0	0
model_sep	l o ʊ n	l o ʊ n d	l o ʊ n d	l ɛ n d	l ɛ n t	NA	1	0	0
model_sep	r ɪ d	r ɪ d	r ɪ d ə d	r iː d	r ɛ d	NA	0	0	0
model_sep	h e ɪ t	h e ɪ t ə d	h e ɪ t ə d	h ɪ n t	h ɪ n t ə d	h e ɪ t ə d	1	1	1
model_sep	s t ɪ ŋ k	s t ʌ ŋ k	s t ɪ ŋ k t	s t æ m p	s t æ m p t	s t ɪ ŋ k t	0	1	0
model_sep	s t ɪ l	s t ɪ l d	s t ʌ l d	s t iː l	s t o ʊ l	NA	1	0	0
model_sep	ɡ r æ b	ɡ r æ b d	ɡ r æ b d	ɡ r uː p	ɡ r uː p t	ɡ r æ b t	1	0	0
model_sep	k ʊ k	k ʊ k t	k ʊ k t	k ɑː k	k ɑː k t	k ʊ k t	1	1	1
model_sep	v o ʊ t	v o ʊ t ə d	v o ʊ t ə d	v ɛ r iː	v ɛ r iː d	v o ʊ t d	1	0	0
model_sep	k l iː r	k l iː r d	k l iː r d	k r æ ʃ	k r æ ʃ t	k l iː r t	1	0	0
model_sep	s t e ɪ b ə l a ɪ z	s t e ɪ b ə l a ɪ z d	s t ə l d	s k ɛ d͡ʒ ʊ l	s k ɛ d͡ʒ ʊ l d	s t e ɪ b ə l a ɪ z d	1	0	1
model_sep	b iː t	b iː t	b iː t ə d	b uː t	b uː t ə d	b iː t ə d	0	1	0
model_sep	w iː l	w iː l d	w iː l d	w ɪ l	w ɪ l d	w iː l d	1	1	1
model_sep	k ɑː s t	k ɑː s t	k ɑː s t ə d	k æ s t	k æ s t	k ɑː s t	0	0	1
model_sep	p æ s	p æ s t	p æ s t	p ɹ̩ s	p ɹ̩ s t	p æ s t	1	1	1
model_sep	iː v ɪ n	iː v ɪ n d	iː v ɪ v d	iː z	iː z d	iː v ɪ n d	1	0	1
model_sep	p l ɑː p	p l ɑː p t	p l ɑː p t	p a ɪ p	p a ɪ p t	p l ɑː p t	1	1	1
model_sep	w ɛ l k ə m	w ɛ l k ə m d	w ɛ l k ə m d	w ɪ n t ɹ̩	w ɪ n t ɹ̩ d	w ɛ l k ə m d	1	1	1
model_sep	b ɪ h e ɪ v	b ɪ h e ɪ v d	b ɪ h e ɪ v d	b æ l ə n s	b æ l ə n s t	b ɪ h e ɪ v t	1	0	0
model_sep	m ɪ l k	m ɪ l k t	m ɪ l k t	m æ s k	m æ s k t	m ɪ l k t	1	1	1
model_sep	b ɔ r d ɹ̩	b ɔ r d ɹ̩ d	b ɔ r d ɹ̩ d	b æ r ə l	b æ r ə l d	b ɔ r d ɹ̩ d	1	1	1
model_sep	æ k t	æ k t ə d	æ k t	æ s k	æ s k t	æ k t t	1	0	0
model_sep	f a ɪ t	f ɔ t	f a ɪ t ə d	f l æ p	f l æ p t	f a ɪ t t	0	0	0
model_sep	w a ɪ p	w a ɪ p t	w a ɪ p t	w a ɪ t	w a ɪ t ə d	w a ɪ p ə d	1	0	0
model_sep	p ɹ̩ f ɛ k t	p ɹ̩ f ɛ k t ə d	p ɹ̩ f ɛ k t ə d	p a ɪ l ə t	p a ɪ l ə t ə d	p ɹ̩ f ɛ k t ə d	1	1	1
model_sep	r ɪ l a ɪ	r ɪ l a ɪ d	r ɪ l a ɪ d	r e ɪ n d͡ʒ	r e ɪ n d͡ʒ d	r ɪ l a ɪ d	1	1	1
model_sep	t͡ʃ ɑː p	t͡ʃ ɑː p t	t͡ʃ ɑː p t	t͡ʃ ɪ p	t͡ʃ ɪ p t	t͡ʃ ɑː p t	1	1	1
model_sep	ʃ a ʊ t	ʃ a ʊ t ə d	ʃ a ʊ t ə d	ʃ ʌ n t	ʃ ʌ n t ə d	ʃ a ʊ t ə d	1	1	1
model_sep	b ɪ z iː	b ɪ z iː d	b ɪ z iː z	b ɑː d iː	b ɑː d iː d	b ɪ z iː d	1	0	1
model_sep	p ʌ m p	p ʌ m p t	p ʌ m p t	p ʌ n t͡ʃ	p ʌ n t͡ʃ t	p ʌ m p t	1	1	1
model_sep	d r ɪ b ə l	d r ɪ b ə l d	d r ɪ b ə l d	d ɪ s t ɹ̩ b	d ɪ s t ɹ̩ b d	d r ɪ b ə l d	1	1	1
model_sep	ɡ ɑː b ə l	ɡ ɑː b ə l d	ɡ ɑː b ə l d	ɡ ɪ ɡ ə l	ɡ ɪ ɡ ə l d	ɡ ɑː b ə l d	1	1	1
model_sep	ə p r o ʊ p r iː e ɪ t	ə p r o ʊ p r iː e ɪ t ə d	ə p r o ʊ r iː p r d	ə n d ɹ̩ s t æ n d	ə n d ɹ̩ s t ʊ d	NA	1	0	0
model_sep	s l æ p	s l æ p t	s l æ p t	s l iː p	s l ɛ p t	NA	1	0	0
model_sep	p r ə t ɛ k t	p r ə t ɛ k t ə d	p r ə t ɛ k t ə d	p r ɪ v ɛ n t	p r ɪ v ɛ n t ə d	p r ə t ɛ k t ə d	1	1	1
model_sep	b æ k	b æ k t	b æ k t	b ʊ k	b ʊ k t	b æ k t	1	1	1
model_sep	ɪ k s ɛ p t	ɪ k s ɛ p t ə d	ɪ k s ɛ p t ə d	ɪ ɡ z ɪ s t	ɪ ɡ z ɪ s t ə d	ɪ k s ɛ p t ə d	1	1	1
model_sep	h ʌ ɡ	h ʌ ɡ d	h ʌ ɡ d	h æ v	h æ d	NA	1	0	0
model_sep	f r a ɪ	f r a ɪ d	f r a ɪ d	f iː t͡ʃ ɹ̩	f iː t͡ʃ ɹ̩ d	f r a ɪ d	1	1	1
model_sep	r ɔ r	r ɔ r d	r ɔ r d	r ʌ f	r ʌ f t	r ɔ r t	1	0	0
model_sep	p r e ɪ	p r e ɪ d	p r e ɪ d	p r a ɪ	p r a ɪ d	p r e ɪ d	1	1	1
model_sep	s m æ k	s m æ k t	s m æ k t	s p iː k	s p o ʊ k	NA	1	0	0
model_sep	w ɔ t ɹ̩	w ɔ t ɹ̩ d	w ɔ t ɹ̩ d	w a ɪ ɹ̩	w a ɪ ɹ̩ d	w ɔ t ɹ̩ d	1	1	1
model_sep	s k w ɹ̩ t	s k w ɹ̩ t ə d	s k w ɹ̩ t ə d	s p l ɪ t	s p l ɪ t	s k w ɹ̩ t	1	0	0
model_sep	l a ɪ t	l ɪ t	l a ɪ t ə d	l ɪ f t	l ɪ f t ə d	l a ɪ t ə d	0	1	0
model_sep	f l ʌ ʃ	f l ʌ ʃ t	f l ʌ ʃ t	f l æ ʃ	f l æ ʃ t	f l ʌ ʃ t	1	1	1
model_sep	p ɛ t	p ɛ t ə d	p ɛ t	p ɪ t	p ɪ t ə d	p ɛ t ə d	1	0	1
model_sep	s e ɪ l	s e ɪ l d	s e ɪ l d	s e ɪ v	s e ɪ v d	s e ɪ l d	1	1	1
model_sep	m æ n ə d͡ʒ	m æ n ə d͡ʒ d	m æ n ə d͡ʒ d	m ɛ l o ʊ	m ɛ l o ʊ d	m æ n ə d͡ʒ d	1	1	1
model_sep	ə n f o ʊ l d	ə n f o ʊ l d ə d	ə n f o ʊ l d ə d	ə n b ʌ t ə n	ə n b ʌ t ə n d	ə n f o ʊ l d d	1	0	0
model_sep	k ɪ d	k ɪ d ə d	k ɪ d ə d	k ʌ t	k ʌ t	k ɪ d	1	0	0
model_sep	s p a ɪ k	s p a ɪ k t	s p a ɪ k t	s m o ʊ k	s m o ʊ k t	s p a ɪ k t	1	1	1
model_sep	p iː s	p iː s t	p iː s t	p ɹ̩ s	p ɹ̩ s t	p iː s t	1	1	1
model_sep	p ɛ r	p ɛ r d	p ɛ r d	p iː r	p iː r d	p ɛ r d	1	1	1
model_sep	s w ɑː l o ʊ	s w ɑː l o ʊ d	s w ɑː l o ʊ l	s n ɑː r ə l	s n ɑː r ə l d	s w ɑː l o ʊ d	1	0	1
model_sep	s p æ ŋ k	s p æ ŋ k t	s p æ ŋ k t	s m o ʊ k	s m o ʊ k t	s p æ ŋ k t	1	1	1
model_sep	k r ɔ l	k r ɔ l d	k r ɔ l d	k r iː m	k r iː m d	k r ɔ l d	1	1	1
model_sep	r ɑː b	r ɑː b d	r ɑː b d	r ɪ p	r ɪ p t	r ɑː b t	1	0	0
model_sep	s l ɪ p	s l ɪ p t	s l ɪ p t	s l iː p	s l ɛ p t	NA	1	0	0
model_sep	z ɪ p ɹ̩	z ɪ p ɹ̩ d	z ɪ p ɹ̩ d	z iː r o ʊ	z iː r o ʊ d	z ɪ p ɹ̩ d	1	1	1
model_sep	r ʌ ʃ	r ʌ ʃ t	r ʌ ʃ t	r æ p	r æ p t	r ʌ ʃ t	1	1	1
model_sep	f r a ɪ t ə n	f r a ɪ t ə n d	f r a ɪ t ə n d	f l a ʊ n d ɹ̩	f l a ʊ n d ɹ̩ d	f r a ɪ t ə n d	1	1	1
model_sep	s ə l ɛ k t	s ə l ɛ k t ə d	s ə l ɛ k t ə d	s p l æ t ɹ̩	s p l æ t ɹ̩ d	s ə l ɛ k t d	1	0	0
model_sep	k ɔ f	k ɔ f t	k ɔ f t	k ɑː k	k ɑː k t	k ɔ f t	1	1	1
model_sep	d ʌ ŋ k	d ʌ ŋ k t	d ʌ ŋ k t	d ʌ m p	d ʌ m p t	d ʌ ŋ k t	1	1	1
model_sep	b æ n d ɪ d͡ʒ	b æ n d ɪ d͡ʒ d	b æ n d ɪ d͡ʒ d	b æ l ə n s	b æ l ə n s t	b æ n d ɪ d͡ʒ t	1	0	0
model_sep	w ɪ ŋ	w ɪ ŋ d	w ɪ ŋ	w æ k	w æ k t	w ɪ ŋ t	1	0	0
model_sep	t͡ʃ ɪ k ə n	t͡ʃ ɪ k ə n d	t͡ʃ ɪ k ə n d	t͡ʃ æ n ə l	t͡ʃ æ n ə l d	t͡ʃ ɪ k ə n d	1	1	1
model_sep	m e ɪ l	m e ɪ l d	m e ɪ l d	m a ɪ n	m a ɪ n d	m e ɪ l d	1	1	1
model_sep	b ʌ d͡ʒ	b ʌ d͡ʒ d	b ʌ d͡ʒ d	b æ ɡ	b æ ɡ d	b ʌ d͡ʒ d	1	1	1
model_sep	w ɔ r n	w ɔ r n d	w ɔ r n d	w e ɪ v	w e ɪ v d	w ɔ r n d	1	1	1
model_sep	b ʌ k ə l	b ʌ k ə l d	b ʌ k ə l d	b æ t ə l	b æ t ə l d	b ʌ k ə l d	1	1	1
model_sep	t iː t ɹ̩	t iː t ɹ̩ d	t iː t ɹ̩ d	t a ɪ ɹ̩	t a ɪ ɹ̩ d	t iː t ɹ̩ d	1	1	1
model_sep	s w ɪ ʃ	s w ɪ ʃ t	s w ɪ ʃ t	s m æ ʃ	s m æ ʃ t	s w ɪ ʃ t	1	1	1
model_sep	ʃ ʌ v ə l	ʃ ʌ v ə l d	ʃ ʌ v ə l d	ʃ æ d o ʊ	ʃ æ d o ʊ d	ʃ ʌ v ə l d	1	1	1
model_sep	ɛ n t ɹ̩	ɛ n t ɹ̩ d	ɛ n t ɹ̩ d	ɛ d ə t	ɛ d ə t ə d	ɛ n t ɹ̩ ə d	1	0	0
model_sep	ɡ r æ v ə t e ɪ t	ɡ r æ v ə t e ɪ t ə d	ɡ r æ v ə t e ɪ t ə d	ɡ r æ d͡ʒ ə w e ɪ t	ɡ r æ d͡ʒ ə w e ɪ t ə d	ɡ r æ v ə t e ɪ t ə d	1	1	1
model_sep	n o ʊ t	n o ʊ t ə d	n o ʊ t ə d	n e ɪ l	n e ɪ l d	n o ʊ t d	1	0	0
model_sep	k r ʌ ʃ	k r ʌ ʃ t	k r ʌ ʃ t	k r æ ʃ	k r æ ʃ t	k r ʌ ʃ t	1	1	1
model_sep	s w ɑː p	s w ɑː p t	s w ɑː p t	s l iː p	s l ɛ p t	NA	1	0	0
model_sep	ə p s ɛ t	ə p s ɛ t	ə p s ɛ t ə d	ə n s iː t	ə n s iː t ə d	ə p s ɛ t ə d	0	1	0
model_sep	s iː s ɔ	s iː s ɔ d	s iː s ɔ t	s k uː p	s k uː p t	s iː s ɔ t	1	1	0
model_sep	m ɛ r ɪ t	m ɛ r ɪ t ə d	m ɛ r ɪ t ə d	m ɛ l o ʊ	m ɛ l o ʊ d	m ɛ r ɪ t d	1	0	0
model_sep	k ə l ɛ k t	k ə l ɛ k t ə d	k ə l ɛ k t ə d	k ə l æ p s	k ə l æ p s t	k ə l ɛ k t t	1	0	0
model_sep	b e ɪ ð	b e ɪ ð d	b e ɪ ð d	b ʌ n t͡ʃ	b ʌ n t͡ʃ t	b e ɪ ð t	1	0	0
model_sep	k r æ ŋ k	k r æ ŋ k t	k r æ ŋ k t	k l æ m p	k l æ m p t	k r æ ŋ k t	1	1	1
model_sep	t͡ʃ ʌ k	t͡ʃ ʌ k t	t͡ʃ ʌ k t	t͡ʃ ɛ k	t͡ʃ ɛ k t	t͡ʃ ʌ k t	1	1	1
model_sep	p ʌ f	p ʌ f t	p ʌ f t	p ɪ t͡ʃ	p ɪ t͡ʃ t	p ʌ f t	1	1	1
model_sep	p r ɑː d͡ʒ ɛ k t	p r ɑː d͡ʒ ɛ k t ə d	p r ɑː d͡ʒ ɛ k t ə d	p r ɪ v ɛ n t	p r ɪ v ɛ n t ə d	p r ɑː d͡ʒ ɛ k t ə d	1	1	1
model_sep	t r ɪ p	t r ɪ p t	t r ɪ p t	t r æ p	t r æ p t	t r ɪ p t	1	1	1
model_sep	r ɪ l æ k s	r ɪ l æ k s t	r ɪ l æ k s t	r ɪ d͡ʒ ɛ k t	r ɪ d͡ʒ ɛ k t ə d	r ɪ l æ k s ə d	1	0	0
model_sep	d ɪ l iː t	d ɪ l iː t ə d	d ɪ l iː t ə d	d ɹ̩ ɛ k t	d ɹ̩ ɛ k t ə d	d ɪ l iː t ə d	1	1	1
model_sep	r iː b ɪ l d	r iː b ɪ l t	r iː b ɪ l d ə d	r ɪ z ɪ s t	r ɪ z ɪ s t ə d	r iː b ɪ l d ə d	0	1	0
model_sep	b ɛ r iː	b ɛ r iː d	b ɛ r iː d	b ɑː d iː	b ɑː d iː d	b ɛ r iː d	1	1	1
model_sep	ɡ l ɛ r	ɡ l ɛ r d	ɡ l ɛ r d	ɡ ɑː l f	ɡ ɑː l f t	ɡ l ɛ r t	1	0	0
model_sep	ʃ ʌ t ə l	ʃ ʌ t ə l d	ʃ ʌ t ə l d	ʃ æ d o ʊ	ʃ æ d o ʊ d	ʃ ʌ t ə l d	1	1	1
model_sep	s t ɔ l	s t ɔ l d	s t ɔ l d	s t iː l	s t o ʊ l	NA	1	0	0
model_sep	t æ p	t æ p t	t æ p t	t ɪ p	t ɪ p t	t æ p t	1	1	1
model_sep	w ɪ s p ɹ̩	w ɪ s p ɹ̩ d	w ɪ s p ɹ̩ d	w ɑː n d ɹ̩	w ɑː n d ɹ̩ d	w ɪ s p ɹ̩ d	1	1	1
model_sep	d r ɪ l	d r ɪ l d	d r ɪ l d	d r iː m	d r iː m d	d r ɪ l d	1	1	1
model_sep	s p e ɪ s	s p e ɪ s t	s p e ɪ s t	s l a ɪ s	s l a ɪ s t	s p e ɪ s t	1	1	1
model_sep	v æ k j uː m	v æ k j uː m d	v æ k j uː m d	v ɪ z ɪ t	v ɪ z ɪ t ə d	v æ k j uː m ə d	1	0	0
model_sep	f ɛ n s	f ɛ n s t	f ɛ n s t	f ɔ r s	f ɔ r s t	f ɛ n s t	1	1	1
model_sep	l a ɪ n	l a ɪ n d	l a ɪ n d	l ɛ n d	l ɛ n t	NA	1	0	0
model_sep	p ɹ̩ f ɔ r m	p ɹ̩ f ɔ r m d	p ɹ̩ f ɔ r m d	p ɑː r d ə n	p ɑː r d ə n d	p ɹ̩ f ɔ r m d	1	1	1
model_sep	b uː m	b uː m d	b uː m d	b ʌ m	b ʌ m d	b uː m d	1	1	1
model_sep	r ɪ p iː t	r ɪ p iː t ə d	r ɪ p iː t ə d	r ɪ v ɹ̩ t	r ɪ v ɹ̩ t ə d	r ɪ p iː t ə d	1	1	1
model_sep	b ʌ t ɹ̩	b ʌ t ɹ̩ d	b ʌ t ɹ̩ d	b ɛ t ɹ̩	b ɛ t ɹ̩ d	b ʌ t ɹ̩ d	1	1	1
model_sep	ɑː r m	ɑː r m d	ɑː r m d	ɑː k j ə p a ɪ	ɑː k j ə p a ɪ d	ɑː r m d	1	1	1
model_sep	ɪ ɡ z ɔ s t	ɪ ɡ z ɔ s t ə d	ɪ ɡ z ɔ s t ə d	ɪ ɡ z ɪ s t	ɪ ɡ z ɪ s t ə d	ɪ ɡ z ɔ s t ə d	1	1	1
model_sep	s ɪ m ɹ̩	s ɪ m ɹ̩ d	s ɪ m ɹ̩ d	s a ʊ ɹ̩	s a ʊ ɹ̩ d	s ɪ m ɹ̩ d	1	1	1
model_sep	b o ʊ t	b o ʊ t ə d	b o ʊ t ə d	b ɛ l t	b ɛ l t ə d	b o ʊ t ə d	1	1	1
model_sep	ʃ æ m p uː	ʃ æ m p uː d	ʃ æ m p uː d	ʃ r ɪ ŋ k	ʃ r æ ŋ k	NA	1	0	0
model_sep	w æ ɡ	w æ ɡ d	w æ ɡ d	w iː v	w iː v d	w æ ɡ d	1	1	1
model_sep	p ɪ s	p ɪ s t	p ɪ s t	p ɹ̩ s	p ɹ̩ s t	p ɪ s t	1	1	1
model_sep	s o ʊ k	s o ʊ k t	s o ʊ k t	s n iː k	s n iː k t	s o ʊ k t	1	1	1
model_sep	s p r a ʊ t	s p r a ʊ t ə d	s p r a ʊ t ə d	s k o ʊ l d	s k o ʊ l d ə d	s p r a ʊ t ə d	1	1	1
model_sep	ə n w a ɪ n d	ə n w a ʊ n d	ə n w a ɪ n d ə d	ə n b ʌ t ə n	ə n b ʌ t ə n d	ə n w a ɪ n d d	0	0	0
model_sep	ə n r æ p	ə n r æ p t	ə n r æ p t	ə n z ɪ p	ə n z ɪ p t	ə n r æ p t	1	1	1
model_sep	r ɑː t	r ɑː t ə d	r ɑː t	r ʌ n	r æ n	NA	1	0	0
model_sep	t͡ʃ a ɪ m	t͡ʃ a ɪ m d	t͡ʃ a ɪ m d	t͡ʃ æ n t	t͡ʃ æ n t ə d	t͡ʃ a ɪ m ə d	1	0	0
model_sep	k ə n t r ɪ b j uː t	k ə n t r ɪ b j uː t ə d	k ə n t r ɪ b uː t uː d	k r ɛ d ə t	k r ɛ d ə t ə d	k ə n t r ɪ b j uː t ə d	1	0	1
model_sep	s t ɔ k	s t ɔ k t	s t ɔ k t	s t æ k	s t æ k t	s t ɔ k t	1	1	1
model_sep	f a ɪ l	f a ɪ l d	f a ɪ l d	f e ɪ l	f e ɪ l d	f a ɪ l d	1	1	1
model_sep	s k w iː k	s k w iː k t	s k w iː k t	s m o ʊ k	s m o ʊ k t	s k w iː k t	1	1	1
model_sep	ɡ r e ɪ s	ɡ r e ɪ s t	ɡ r e ɪ s t	ɡ r o ʊ s	ɡ r o ʊ s t	ɡ r e ɪ s t	1	1	1
model_sep	b ɪ d	b e ɪ d	b ɪ d ə d	b iː d	b iː d ə d	b ɪ d ə d	0	1	0
model_sep	ɡ r iː n	ɡ r iː n d	ɡ r iː n d	ɡ r ɪ n	ɡ r ɪ n d	ɡ r iː n d	1	1	1
model_sep	w ɑː f ə l	w ɑː f ə l d	w ɑː f ə l d	w ɑː b ə l	w ɑː b ə l d	w ɑː f ə l d	1	1	1
model_sep	ɔ θ ɹ̩	ɔ θ ɹ̩ d	ɔ θ ɹ̩ d	ɔ f ɹ̩	ɔ f ɹ̩ d	ɔ θ ɹ̩ d	1	1	1
model_sep	k l a ʊ d	k l a ʊ d ə d	k l a ʊ d ə d	k r a ʊ d	k r a ʊ d ə d	k l a ʊ d ə d	1	1	1
model_sep	t r ʌ s t	t r ʌ s t ə d	t r ʌ s t ə d	t r æ m p	t r æ m p t	t r ʌ s t t	1	0	0
model_sep	k r iː e ɪ t	k r iː e ɪ t ə d	k r iː e ɪ t ə d	k ɑː r p ə t	k ɑː r p ə t ə d	k r iː e ɪ t ə d	1	1	1
model_sep	k ɑː r v	k ɑː r v d	k ɑː r v d	k e ɪ v	k e ɪ v d	k ɑː r v d	1	1	1
model_sep	r uː l	r uː l d	r uː l d	r ʌ n	r æ n	NA	1	0	0
model_sep	r iː m uː v	r iː m uː v d	r iː m uː v d	r ə s iː v	r ə s iː v d	r iː m uː v d	1	1	1
model_sep	r ɔ ŋ	r ɔ ŋ d	r ɔ ŋ d	r ɛ k	r ɛ k t	r ɔ ŋ t	1	0	0
model_sep	ɪ n d͡ʒ ɹ̩	ɪ n d͡ʒ ɹ̩ d	ɪ n d͡ʒ ɹ̩ d	ɪ m ɹ̩ d͡ʒ	ɪ m ɹ̩ d͡ʒ d	ɪ n d͡ʒ ɹ̩ d	1	1	1
model_sep	w uː p	w uː p t	w uː p t	w ɪ p	w ɪ p t	w uː p t	1	1	1
model_sep	m ə n ɪ p j ə l e ɪ t	m ə n ɪ p j ə l e ɪ t ə d	m ə n ɪ l d	m e ɪ n t e ɪ n	m e ɪ n t e ɪ n d	m ə n ɪ p j ə l e ɪ t d	1	0	0
model_sep	b e ɪ l	b e ɪ l d	b e ɪ l d	b ɔ ɪ l	b ɔ ɪ l d	b e ɪ l d	1	1	1
model_sep	s ʌ f ɹ̩	s ʌ f ɹ̩ d	s ʌ f ɹ̩ d	s a ʊ ɹ̩	s a ʊ ɹ̩ d	s ʌ f ɹ̩ d	1	1	1
model_sep	f e ɪ s	f e ɪ s t	f e ɪ s t	f ɔ r s	f ɔ r s t	f e ɪ s t	1	1	1
model_sep	p ɑː k ə t	p ɑː k ə t ə d	p ɑː k ə t ə d	p l æ n t	p l æ n t ə d	p ɑː k ə t ə d	1	1	1
model_sep	d͡ʒ ɹ̩ k	d͡ʒ ɹ̩ k t	d͡ʒ ɹ̩ k t	d͡ʒ æ k	d͡ʒ æ k t	d͡ʒ ɹ̩ k t	1	1	1
model_sep	l æ s t	l æ s t ə d	l æ s t ə d	l ɪ s t	l ɪ s t	l æ s t	1	0	0
model_sep	s iː l	s iː l d	s iː l d	s ɛ l	s o ʊ l d	NA	1	0	0
model_sep	r ʌ m ɪ d͡ʒ	r ʌ m ɪ d͡ʒ d	r ʌ m ɪ d͡ʒ d	r e ɪ n d͡ʒ	r e ɪ n d͡ʒ d	r ʌ m ɪ d͡ʒ d	1	1	1
model_sep	d ɪ s k ʌ s	d ɪ s k ʌ s t	d ɪ s k ʌ s t	d ɪ s m ɪ s	d ɪ s m ɪ s t	d ɪ s k ʌ s t	1	1	1
model_sep	h æ l o ʊ	h æ l o ʊ d	h æ l o ʊ d	h ɑː b ə l	h ɑː b ə l d	h æ l o ʊ d	1	1	1
model_sep	ɪ n s p ɛ k t	ɪ n s p ɛ k t ə d	ɪ n s p ɛ k t ə d	ɪ k s p ɛ k t	ɪ k s p ɛ k t ə d	ɪ n s p ɛ k t ə d	1	1	1
model_sep	d r ʌ ɡ	d r ʌ ɡ d	d r ʌ ɡ d	d r æ ɡ	d r æ ɡ d	d r ʌ ɡ d	1	1	1
model_sep	o ʊ v ɹ̩ f l o ʊ	o ʊ v ɹ̩ f l o ʊ d	o ʊ v ɹ̩ f l d	o ʊ ɡ ə l	o ʊ ɡ ə l d	o ʊ v ɹ̩ f l o ʊ d	1	0	1
model_sep	f e ɪ v ɹ̩	f e ɪ v ɹ̩ d	f e ɪ v ɹ̩ d	f ɪ ɡ j ɹ̩	f ɪ ɡ j ɹ̩ d	f e ɪ v ɹ̩ d	1	1	1
model_sep	p æ d	p æ d ə d	p æ d ə d	p ɑː t	p ɑː t ə d	p æ d ə d	1	1	1
model_sep	b l ɛ n d	b l ɛ n d ə d	b l ɛ n d ə d	b a ɪ n d	b a ʊ n d	NA	1	0	0
model_sep	ɪ n t ɹ̩ f ɪ r	ɪ n t ɹ̩ f ɪ r d	ɪ n t ɹ̩ f ɪ f ɪ	ɪ k s p l ɔ r	ɪ k s p l ɔ r d	ɪ n t ɹ̩ f ɪ r d	1	0	1
model_sep	l ɑː p	l ɑː p t	l ɑː p t	l iː p	l ɛ p t	NA	1	0	0
model_sep	ɡ a ɪ d	ɡ a ɪ d ə d	ɡ a ɪ d ə d	ɡ ɑː r d	ɡ ɑː r d ə d	ɡ a ɪ d ə d	1	1	1
model_sep	d ɪ v a ɪ d	d ɪ v a ɪ d ə d	d ɪ v a ɪ d ə d	d ɪ s a ɪ d	d ɪ s a ɪ d ə d	d ɪ v a ɪ d ə d	1	1	1
model_sep	d ɪ f a ɪ	d ɪ f a ɪ d	d ɪ f a ɪ d	d ɪ n a ɪ	d ɪ n a ɪ d	d ɪ f a ɪ d	1	1	1
model_sep	ɪ n t ɹ̩ m ɪ k s	ɪ n t ɹ̩ m ɪ k s t	ɪ n t ɹ̩ m ɪ m ɪ s t ə d	ɪ n t ə r ɛ s t	ɪ n t ə r ɛ s t ə d	ɪ n t ɹ̩ m ɪ k s ə d	1	0	0
model_sep	k j ʊ r	k j ʊ r d	k j uː r d	k r æ ʃ	k r æ ʃ t	k j ʊ r t	1	0	0
model_sep	t r æ v ə l	t r æ v ə l d	t r æ v ə l d	t r ɪ p ə l	t r ɪ p ə l d	t r æ v ə l d	1	1	1
model_sep	k ɑː ŋ k ɹ̩	k ɑː ŋ k ɹ̩ d	k ɑː ŋ k ɹ̩ d	k l ɑː b ɹ̩	k l ɑː b ɹ̩ d	k ɑː ŋ k ɹ̩ d	1	1	1
model_sep	s k ɪ d	s k ɪ d ə d	s k ɪ d ə d	s p iː d	s p ɛ d	NA	1	0	0
model_sep	r ɪ z ɛ m b ə l	r ɪ z ɛ m b ə l d	r ɪ z ɛ m b ə l d	r iː s a ɪ k ə l	r iː s a ɪ k ə l d	r ɪ z ɛ m b ə l d	1	1	1
model_sep	b æ n d	b æ n d ə d	b æ n d ə d	b ɪ l d	b ɪ l t	b æ n t	1	0	0
model_sep	k o ʊ ɔ r d ə n e ɪ t	k o ʊ ɔ r d ə n e ɪ t ə d	k r ə n o ʊ n d	k ɑː n s ə n t r e ɪ t	k ɑː n s ə n t r e ɪ t ə d	k o ʊ ɔ r d ə n e ɪ t ə d	1	0	1
model_sep	s iː p	s iː p t	s iː p t	s ɪ p	s ɪ p t	s iː p t	1	1	1
model_sep	ɪ n k w a ɪ ɹ̩	ɪ n k w a ɪ ɹ̩ d	ɪ n k w a ɪ ɹ̩ d	ɪ k s p o ʊ z	ɪ k s p o ʊ z d	ɪ n k w a ɪ ɹ̩ d	1	1	1
model_sep	t͡ʃ ɛ r	t͡ʃ ɛ r d	t͡ʃ ɛ r d	t͡ʃ iː r	t͡ʃ iː r d	t͡ʃ ɛ r d	1	1	1
model_sep	s k ʌ f	s k ʌ f t	s k ʌ f t	s n ʌ f	s n ʌ f t	s k ʌ f t	1	1	1
model_sep	r ɪ p ɛ r	r ɪ p ɛ r d	r ɪ p ɛ r d	r ɛ k ə n	r ɛ k ə n d	r ɪ p ɛ r d	1	1	1
model_sep	ɪ k s t ɛ n d	ɪ k s t ɛ n d ə d	ɪ k s t ɛ n d ə d	ɪ k s p æ n d	ɪ k s p æ n d ə d	ɪ k s t ɛ n d ə d	1	1	1
model_sep	d ɪ l ɪ n iː e ɪ t	d ɪ l ɪ n iː e ɪ t ə d	d ɪ l ɪ n iː e ɪ t ə d	d uː p l ə k e ɪ t	d uː p l ə k e ɪ t ə d	d ɪ l ɪ n iː e ɪ t ə d	1	1	1
model_sep	b ɑː r b	b ɑː r b d	b ɑː r b d	b iː r d	b iː r d ə d	b ɑː r b ə d	1	0	0
model_sep	t r ʌ m p	t r ʌ m p t	t r ʌ m p t	t r æ m p	t r æ m p t	t r ʌ m p t	1	1	1
model_sep	p ɑː r t ɪ s ə p e ɪ t	p ɑː r t ɪ s ə p e ɪ t ə d	p ɑː r ə p t ə p ɑː p ɑː r t ə d	p r o ʊ h ɪ b ə t	p r o ʊ h ɪ b ə t ə d	p ɑː r t ɪ s ə p e ɪ t ə d	1	0	1
model_sep	f l ɹ̩ t	f l ɹ̩ t ə d	f l ɹ̩ t ə d	f l æ p	f l æ p t	f l ɹ̩ t t	1	0	0
model_sep	ɡ l ʌ v	ɡ l ʌ v d	ɡ l ʌ v d	ɡ æ s p	ɡ æ s p t	ɡ l ʌ v t	1	0	0
model_sep	p r ə s iː d	p r ə s iː d ə d	p r ə s iː d ə d	p ɹ̩ t e ɪ n	p ɹ̩ t e ɪ n d	p r ə s iː d d	1	0	0
model_sep	w ɪ z	w ɪ z d	w ɪ z d	w iː v	w iː v d	w ɪ z d	1	1	1
model_sep	f l ʌ f	f l ʌ f t	f l ʌ f t	f l ɪ p	f l ɪ p t	f l ʌ f t	1	1	1
model_sep	ə r e ɪ n d͡ʒ	ə r e ɪ n d͡ʒ d	ə r e ɪ n d͡ʒ d	ə n r o ʊ l	ə n r o ʊ l d	ə r e ɪ n d͡ʒ d	1	1	1
model_sep	k ɔ r ə s p ɑː n d	k ɔ r ə s p ɑː n d ə d	k ɔ r ə s p ɑː r d	k ə n s t r ʌ k t	k ə n s t r ʌ k t ə d	k ɔ r ə s p ɑː n d ə d	1	0	1
model_sep	ɪ n t ɹ̩ s p ɹ̩ s	ɪ n t ɹ̩ s p ɹ̩ s t	ɪ n t ɹ̩ s p ɹ̩ s t	ɪ n t ə r ɛ s t	ɪ n t ə r ɛ s t ə d	ɪ n t ɹ̩ s p ɹ̩ s ə d	1	0	0
model_sep	s w ɹ̩ v	s w ɹ̩ v d	s w ɹ̩ v d	s ɑː l v	s ɑː l v d	s w ɹ̩ v d	1	1	1
model_sep	s t æ ɡ ɹ̩	s t æ ɡ ɹ̩ d	s t æ ɡ ɹ̩ d	s t ɑː r t	s t ɑː r t ə d	s t æ ɡ ɹ̩ ə d	1	0	0
model_sep	ə d͡ʒ ʌ s t	ə d͡ʒ ʌ s t ə d	ə d͡ʒ ʌ s t ə d	ə n s iː t	ə n s iː t ə d	ə d͡ʒ ʌ s t ə d	1	1	1
model_sep	p r ə p o ʊ z	p r ə p o ʊ z d	p r ə p o ʊ z d	p r æ k t ɪ s	p r æ k t ɪ s t	p r ə p o ʊ z t	1	0	0
model_sep	p æ t͡ʃ	p æ t͡ʃ t	p æ t͡ʃ t	p ɪ t͡ʃ	p ɪ t͡ʃ t	p æ t͡ʃ t	1	1	1
model_sep	a ʊ t ɡ r o ʊ	a ʊ t ɡ r uː	a ʊ t w o ʊ r o ʊ t	a ʊ t f ɪ t	a ʊ t f ɪ t ə d	a ʊ t ɡ r o ʊ ə d	0	0	0
model_sep	æ k s ɛ s ɹ̩ a ɪ z	æ k s ɛ s ɹ̩ a ɪ z d	æ k s ɛ s ɹ̩ a ɪ z d	æ d v ɹ̩ t a ɪ z	æ d v ɹ̩ t a ɪ z d	æ k s ɛ s ɹ̩ a ɪ z d	1	1	1
model_sep	d͡ʒ ɑː r	d͡ʒ ɑː r d	d͡ʒ ɑː r d	d͡ʒ ɪ p	d͡ʒ ɪ p t	d͡ʒ ɑː r t	1	0	0
model_sep	p l e ɪ n	p l e ɪ n d	p l e ɪ n d	p l ʌ n d͡ʒ	p l ʌ n d͡ʒ d	p l e ɪ n d	1	1	1
model_sep	r iː v j uː	r iː v j uː d	r iː v j uː d	r e ɪ n d͡ʒ	r e ɪ n d͡ʒ d	r iː v j uː d	1	1	1
model_sep	w ɑː d	w ɑː d ə d	w ɑː d ə d	w ɛ d	w ɛ d	w ɑː d	1	0	0
model_sep	f r ɛ k ə l	f r ɛ k ə l d	f r ɛ k ə l d	f ɔ r w ɹ̩ d	f ɔ r w ɹ̩ d ə d	f r ɛ k ə l ə d	1	0	0
model_sep	k ə m b a ɪ n	k ə m b a ɪ n d	k ə m b a ɪ n d	k ə n f a ɪ n	k ə n f a ɪ n d	k ə m b a ɪ n d	1	1	1
model_sep	o ʊ v ɹ̩ l o ʊ d	o ʊ v ɹ̩ l o ʊ d ə d	o ʊ v ɹ̩ l o ʊ d	o ʊ ɡ ə l	o ʊ ɡ ə l d	o ʊ v ɹ̩ l o ʊ d d	1	0	0
model_sep	t ɪ ŋ k ə l	t ɪ ŋ k ə l d	t ɪ ŋ k ə l d	t æ ŋ ɡ ə l	t æ ŋ ɡ ə l d	t ɪ ŋ k ə l d	1	1	1
model_sep	ɡ l æ s	ɡ l æ s t	ɡ l æ s t	ɡ ɑː l f	ɡ ɑː l f t	ɡ l æ s t	1	1	1
model_sep	ə t ɛ n d	ə t ɛ n d ə d	ə t ɛ n d ə d	ə v ɔ ɪ d	ə v ɔ ɪ d ə d	ə t ɛ n d ə d	1	1	1
model_sep	t͡ʃ ɑː r m	t͡ʃ ɑː r m d	t͡ʃ ɑː r m d	t͡ʃ ɑː r t	t͡ʃ ɑː r t ə d	t͡ʃ ɑː r m ə d	1	0	0
model_sep	n iː d ə l	n iː d ə l d	n iː d ə l d	n ɪ b ə l	n ɪ b ə l d	n iː d ə l d	1	1	1
model_sep	r ɛ d͡ʒ ɪ s t ɹ̩	r ɛ d͡ʒ ɪ s t ɹ̩ d	r ɛ d͡ʒ ɛ t ə d	r iː k w a ɪ ɹ̩	r iː k w a ɪ ɹ̩ d	r ɛ d͡ʒ ɪ s t ɹ̩ d	1	0	1
model_sep	ʃ ɛ l t ɹ̩	ʃ ɛ l t ɹ̩ d	ʃ ɛ l t ɹ̩ d	ʃ æ d o ʊ	ʃ æ d o ʊ d	ʃ ɛ l t ɹ̩ d	1	1	1
model_sep	ɡ æ l ə p	ɡ æ l ə p t	ɡ æ l ə p t	ɡ r æ n t	ɡ r æ n t ə d	ɡ æ l ə p ə d	1	0	0
model_sep	t r ɪ ɡ ɹ̩	t r ɪ ɡ ɹ̩ d	t r ɪ ɡ ɹ̩ d	t æ m p ɹ̩	t æ m p ɹ̩ d	t r ɪ ɡ ɹ̩ d	1	1	1
model_sep	k a ʊ t͡ʃ	k a ʊ t͡ʃ t	k a ʊ t͡ʃ t	k l ʌ t͡ʃ	k l ʌ t͡ʃ t	k a ʊ t͡ʃ t	1	1	1
model_sep	s t r ɪ ŋ	s t r ʌ ŋ	s t r ɪ ŋ	s t a ɪ l	s t a ɪ l d	s t r ɪ ŋ d	0	0	0
model_sep	k ə n t ɛ s t	k ə n t ɛ s t ə d	k ə n t ɛ s t ə d	k ə n t ɛ n t	k ə n t ɛ n t ə d	k ə n t ɛ s t ə d	1	1	1
model_sep	f æ n s iː	f æ n s iː d	f æ n s iː d	f æ s ə n	f æ s ə n d	f æ n s iː d	1	1	1
model_sep	f e ɪ d	f e ɪ d ə d	f e ɪ d ə d	f iː l d	f iː l d ə d	f e ɪ d ə d	1	1	1
model_sep	t r ɛ ʒ ɹ̩	t r ɛ ʒ ɹ̩ d	t r ɛ ʒ ɹ̩ d	t æ m p ɹ̩	t æ m p ɹ̩ d	t r ɛ ʒ ɹ̩ d	1	1	1
model_sep	k r ʌ m p ə l	k r ʌ m p ə l d	k r ʌ m p ə l d	k r ʌ m b ə l	k r ʌ m b ə l d	k r ʌ m p ə l d	1	1	1
model_sep	k ɑː n t æ k t	k ɑː n t æ k t ə d	k ɑː n t æ k t ə d	k ə n t ɛ n t	k ə n t ɛ n t ə d	k ɑː n t æ k t ə d	1	1	1
model_sep	m ɔ ɪ s ə n	m ɔ ɪ s ə n d	m ɔ ɪ s ə n d	m ʌ m b ə l	m ʌ m b ə l d	m ɔ ɪ s ə n d	1	1	1
model_sep	p ɑː r t͡ʃ	p ɑː r t͡ʃ t	p ɑː r t͡ʃ t	p ɪ n t͡ʃ	p ɪ n t͡ʃ t	p ɑː r t͡ʃ t	1	1	1
model_sep	v e ɪ k e ɪ ʃ ə n	v e ɪ k e ɪ ʃ ə n d	v e ɪ k e ɪ ʃ ə f e ɪ d	v ɑː l ə n t iː r	v ɑː l ə n t iː r d	v e ɪ k e ɪ ʃ ə n d	1	0	1
model_sep	f l æ t ɹ̩	f l æ t ɹ̩ d	f l æ t ɹ̩ d	f l ɪ k ɹ̩	f l ɪ k ɹ̩ d	f l æ t ɹ̩ d	1	1	1
model_sep	d ɪ f iː t	d ɪ f iː t ə d	d ɪ f iː t ə d	d ɹ̩ ɛ k t	d ɹ̩ ɛ k t ə d	d ɪ f iː t ə d	1	1	1
model_sep	t r ɛ m b ə l	t r ɛ m b ə l d	t r ɛ m b ə l d	t w ɪ ŋ k ə l	t w ɪ ŋ k ə l d	t r ɛ m b ə l d	1	1	1
model_sep	ʌ n d ɹ̩ r a ɪ t	ə n d ɹ̩ r o ʊ t	ʌ n d ɹ̩ r a ɪ t ə d	ʌ n d ɹ̩ l a ɪ n	ʌ n d ɹ̩ l a ɪ n d	ʌ n d ɹ̩ r a ɪ t d	0	0	0
model_sep	ə n r æ v ə l	ə n r æ v ə l d	ə n r æ v ə l d	ə n b ʌ t ə n	ə n b ʌ t ə n d	ə n r æ v ə l d	1	1	1
model_sep	r iː p ʌ l s	r iː p ʌ l s t	r iː p ʌ l s t	r iː z ɛ n t	r iː z ɛ n t ə d	r iː p ʌ l s ə d	1	0	0
model_sep	ɪ n f l e ɪ t	ɪ n f l e ɪ t ə d	ɪ n f l e ɪ t ə d	ɪ m ə t e ɪ t	ɪ m ə t e ɪ t ə d	ɪ n f l e ɪ t ə d	1	1	1
model_sep	r uː t	r uː t ə d	r uː t ə d	r ʌ n	r æ n	NA	1	0	0
model_sep	f ɪ d ə l	f ɪ d ə l d	f ɪ d ə l d	f a ɪ n d	f a ʊ n d	NA	1	0	0
model_sep	b l iː t͡ʃ	b l iː t͡ʃ t	b l iː t͡ʃ t	b ɔ ɪ l	b ɔ ɪ l d	b l iː t͡ʃ d	1	0	0
model_sep	ɪ k s p a ɪ ɹ̩	ɪ k s p a ɪ ɹ̩ d	ɪ k s p a ɪ ɹ̩ d	ɪ k s p o ʊ z	ɪ k s p o ʊ z d	ɪ k s p a ɪ ɹ̩ d	1	1	1
model_sep	t æ t ə l	t æ t ə l d	t æ t ə l d	t æ k ə l	t æ k ə l d	t æ t ə l d	1	1	1
model_sep	d ɪ t e ɪ l	d ɪ t e ɪ l d	d ɪ t e ɪ l d	d ɪ s a ɪ d	d ɪ s a ɪ d ə d	d ɪ t e ɪ l ə d	1	0	0
model_sep	t o ʊ t ə l	t o ʊ t ə l d	t o ʊ t ə l d	t e ɪ b ə l	t e ɪ b ə l d	t o ʊ t ə l d	1	1	1
model_sep	t uː l	t uː l d	t uː l d	t ɛ l	t o ʊ l d	NA	1	0	0
model_sep	æ m b ʊ ʃ	æ m b ʊ ʃ t	æ m b ʊ ʃ t	æ k s ɛ n t	æ k s ɛ n t ə d	æ m b ʊ ʃ ə d	1	0	0
model_sep	s a ʊ	s a ʊ d	s a ʊ d	s o ʊ	s o ʊ d	s a ʊ d	1	1	1
model_sep	r ɪ k ɔ l	r ɪ k ɔ l d	r ɪ k ɔ l d	r æ t ə l	r æ t ə l d	r ɪ k ɔ l d	1	1	1
model_sep	p r ɑː p	p r ɑː p t	p r ɑː p t	p r uː v	p r uː v d	p r ɑː p d	1	0	0
model_sep	f l iː	f l ɛ d	f l iː d	f r iː	f r iː d	f l iː d	0	1	0
model_sep	b l uː m	b l uː m d	b l uː m d	b ɔ ɪ l	b ɔ ɪ l d	b l uː m d	1	1	1
model_sep	n o ʊ z d a ɪ v	n o ʊ z d a ɪ v d	n o ʊ z d a ɪ v d	n æ v ə ɡ e ɪ t	n æ v ə ɡ e ɪ t ə d	n o ʊ z d a ɪ v ə d	1	0	0
model_sep	ʃ æ t ɹ̩	ʃ æ t ɹ̩ d	ʃ æ t ɹ̩ d	ʃ a ʊ ɹ̩	ʃ a ʊ ɹ̩ d	ʃ æ t ɹ̩ d	1	1	1
model_sep	h ɪ t͡ʃ	h ɪ t͡ʃ t	h ɪ t͡ʃ t	h æ t͡ʃ	h æ t͡ʃ t	h ɪ t͡ʃ t	1	1	1
model_sep	k r æ m p	k r æ m p t	k r æ m p t	k l æ m p	k l æ m p t	k r æ m p t	1	1	1
model_sep	k æ p ɪ t ə l a ɪ z	k æ p ɪ t ə l a ɪ z d	k æ p ə l a ɪ z d	k l ɛ r ə f a ɪ	k l ɛ r ə f a ɪ d	k æ p ɪ t ə l a ɪ z d	1	0	1
model_sep	k ɑː m p r iː h ɛ n d	k ɑː m p r iː h ɛ n d ə d	k ɑː m p r iː d	k ə m p ɛ r	k ə m p ɛ r d	k ɑː m p r iː h ɛ n d d	1	0	0
model_sep	d ɪ s t ɪ ŋ ɡ w ɪ ʃ	d ɪ s t ɪ ŋ ɡ w ɪ ʃ t	d ɪ s t ɪ w ɪ w ɪ ɡ t ə d	d ɹ̩ ɛ k t	d ɹ̩ ɛ k t ə d	d ɪ s t ɪ ŋ ɡ w ɪ ʃ ə d	1	0	0
model_sep	f iː r	f iː r d	f iː r d	f ɛ r	f ɛ r d	f iː r d	1	1	1
model_sep	f r ɪ s k	f r ɪ s k t	f r ɪ s k s k	f r æ ŋ k	f r æ ŋ k t	f r ɪ s k t	1	0	1
model_sep	o ʊ v ɹ̩ l æ p	o ʊ v ɹ̩ l æ p t	o ʊ v ɹ̩ l æ l d	o ʊ v ɹ̩ k ə m	o ʊ v ɹ̩ k e ɪ m	NA	1	0	0
model_mean	s p ɛ l	s p ɛ l d	s p ɛ l d	s p ɛ r	s p ɛ r d	s p ɛ l d	1	1	1
model_mean	d uː	d ɪ d	d	d æ m	d æ m d	d uː d	0	0	0
model_mean	m e ɪ k	m e ɪ d	m e ɪ k t	m ɪ k s	m ɪ k s t	m e ɪ k t	0	1	0
model_mean	ə p r iː ʃ iː e ɪ t	ə p r iː ʃ iː e ɪ t ə d	ə p r iː ʃ iː e ɪ t ə d	ə p r uː v	ə p r uː v d	ə p r iː ʃ iː e ɪ t d	1	0	0
model_mean	p e ɪ n t	p e ɪ n t ə d	p e ɪ n t ə d	p e ɪ s t	p e ɪ s t ə d	p e ɪ n t ə d	1	1	1
model_mean	iː t	e ɪ t	iː t ə d	iː z	iː z d	iː t d	0	0	0
model_mean	p ʊ t	p ʊ t	p ʊ t ə d	p ʊ ʃ	p ʊ ʃ t	p ʊ t t	0	0	0
model_mean	r ɪ m ɛ m b ɹ̩	r ɪ m ɛ m b ɹ̩ d	r ɪ m ɛ b ɹ̩ b ɹ̩ ɹ̩ d	r ɪ m e ɪ n	r ɪ m e ɪ n d	r ɪ m ɛ m b ɹ̩ d	1	0	1
model_mean	f ɪ k s	f ɪ k s t	f ɪ k s t	f ɪ ʃ	f ɪ ʃ t	f ɪ k s t	1	1	1
model_mean	t ɹ̩ n	t ɹ̩ n d	t ɹ̩ n d	t iː z	t iː z d	t ɹ̩ n d	1	1	1
model_mean	f l a ɪ	f l uː	f l a ɪ d	f l æ p	f l æ p t	f l a ɪ t	0	0	0
model_mean	p ɪ k	p ɪ k t	p ɪ k t	p ɪ t͡ʃ	p ɪ t͡ʃ t	p ɪ k t	1	1	1
model_mean	b ʌ m p	b ʌ m p t	b ʌ m p t	b ʌ n t͡ʃ	b ʌ n t͡ʃ t	b ʌ m p t	1	1	1
model_mean	l o ʊ ɹ̩	l o ʊ ɹ̩ d	l o ʊ ɹ̩ d	l o ʊ d	l o ʊ d ə d	l o ʊ ɹ̩ ə d	1	0	0
model_mean	s k r e ɪ p	s k r e ɪ p t	s k r e ɪ p t	s k r ʌ b	s k r ʌ b d	s k r e ɪ p d	1	0	0
model_mean	d ɪ ŋ	d ɪ ŋ d	d ɪ ŋ d	d ɪ ɡ	d ʌ ɡ	NA	1	0	0
model_mean	h a ɪ d	h ɪ d	h a ɪ d ə d	h a ɪ k	h a ɪ k t	h a ɪ d t	0	0	0
model_mean	p ɔ r	p ɔ r d	p ɔ r d	p ɪ t͡ʃ	p ɪ t͡ʃ t	p ɔ r t	1	0	0
model_mean	k l iː n	k l iː n d	k l iː n d	k l ɪ ŋ	k l ʌ ŋ	NA	1	0	0
model_mean	b a ɪ	b ɔ t	b a ɪ d	b a ʊ	b a ʊ d	b a ɪ d	0	1	0
model_mean	n æ p	n æ p t	n æ p t	n ɪ t	n ɪ t ə d	n æ p ə d	1	0	0
model_mean	n ɑː k	n ɑː k t	n ɑː k t	n ɑː d	n ɑː d ə d	n ɑː k ə d	1	0	0
model_mean	w e ɪ k	w o ʊ k	w e ɪ k t	w e ɪ l	w e ɪ l d	w e ɪ k d	0	0	0
model_mean	j uː z	j uː z d	j uː z d	j ɛ l	j ɛ l d	j uː z d	1	1	1
model_mean	r ɪ ŋ	r æ ŋ	r ɪ ŋ	r ɪ p	r ɪ p t	r ɪ ŋ t	0	0	0
model_mean	r ʌ b	r ʌ b d	r ʌ b d	r ʌ f	r ʌ f t	r ʌ b t	1	0	0
model_mean	l ɪ k	l ɪ k t	l ɪ k t	l ɪ t ɹ̩	l ɪ t ɹ̩ d	l ɪ k d	1	0	0
model_mean	d r ɑː p	d r ɑː p t	d r ɑː p t	d r ɛ s	d r ɛ s t	d r ɑː p t	1	1	1
model_mean	t ɔ k	t ɔ k t	t ɔ k t	t ɔ s	t ɔ s t	t ɔ k t	1	1	1
model_mean	ʃ ʌ v	ʃ ʌ v d	ʃ ʌ v d	ʃ ʌ n t	ʃ ʌ n t ə d	ʃ ʌ v ə d	1	0	0
model_mean	l ɪ s ə n	l ɪ s ə n d	l ɪ s ə n d	l uː s ə n	l uː s ə n d	l ɪ s ə n d	1	1	1
model_mean	m ɛ r iː	m ɛ r iː d	m ɛ r iː d	m ɛ n d	m ɛ n d ə d	m ɛ r iː ə d	1	0	0
model_mean	b ɑː r k	b ɑː r k t	b ɑː r k t	b ɑː k s	b ɑː k s t	b ɑː r k t	1	1	1
model_mean	p l iː d	p l iː d ə d	p l iː d ə d	p l æ n t	p l æ n t ə d	p l iː d ə d	1	1	1
model_mean	s p ɛ n d	s p ɛ n t	s p ɛ n d ə d	s p ɛ r	s p ɛ r d	s p ɛ n d d	0	0	0
model_mean	h æ ŋ	h ʌ ŋ	h æ ŋ d	h æ v	h æ d	NA	0	0	0
model_mean	f a ɪ ɹ̩	f a ɪ ɹ̩ d	f a ɪ ɹ̩ d	f a ɪ n	f a ɪ n d	f a ɪ ɹ̩ d	1	1	1
model_mean	b a ɪ t	b ɪ t	b a ɪ t ə d	b a ɪ k	b a ɪ k t	b a ɪ t t	0	0	0
model_mean	w ɔ r m	w ɔ r m d	w ɔ r m d	w ɔ n t	w ɔ n t ə d	w ɔ r m ə d	1	0	0
model_mean	k ə n ɛ k t	k ə n ɛ k t ə d	k ə n ɛ k t ə d	k ə n t ɛ n t	k ə n t ɛ n t ə d	k ə n ɛ k t ə d	1	1	1
model_mean	s p r ɛ d	s p r ɛ d	s p r ɛ d ə d	s p r e ɪ	s p r e ɪ d	s p r ɛ d d	0	0	0
model_mean	s k w iː z	s k w iː z d	s k w iː z d	s k w ɛ r	s k w ɛ r d	s k w iː z d	1	1	1
model_mean	ɪ r e ɪ s	ɪ r e ɪ s t	ɪ r e ɪ s t	r ɪ d͡ʒ ɛ k t	r ɪ d͡ʒ ɛ k t ə d	ɪ r e ɪ s ə d	1	0	0
model_mean	t a ɪ m	t a ɪ m d	t a ɪ m d	t a ɪ l	t a ɪ l d	t a ɪ m d	1	1	1
model_mean	p ɪ k t͡ʃ ɹ̩	p ɪ k t͡ʃ ɹ̩ d	p ɪ k t͡ʃ ɹ̩ d	p ɪ k ə l	p ɪ k ə l d	p ɪ k t͡ʃ ɹ̩ d	1	1	1
model_mean	k æ r iː	k æ r iː d	k æ r iː d	k r æ ʃ	k r æ ʃ t	k æ r iː t	1	0	0
model_mean	k ɪ s	k ɪ s t	k ɪ s t	k ɪ k	k ɪ k t	k ɪ s t	1	1	1
model_mean	r ɪ p l a ɪ	r ɪ p l a ɪ d	r ɪ p l a ɪ d	r ɪ p ɛ l	r ɪ p ɛ l d	r ɪ p l a ɪ d	1	1	1
model_mean	h ɹ̩ iː	h ɹ̩ iː d	h ɹ̩ iː d	h ɹ̩ l	h ɹ̩ l d	h ɹ̩ iː d	1	1	1
model_mean	l o ʊ n	l o ʊ n d	l o ʊ n d	l o ʊ d	l o ʊ d ə d	l o ʊ n ə d	1	0	0
model_mean	r ɪ d	r ɪ d	r ɪ d ə d	r ɪ p	r ɪ p t	r ɪ d t	0	0	0
model_mean	h e ɪ t	h e ɪ t ə d	h e ɪ t ə d	h e ɪ l	h e ɪ l d	h e ɪ t d	1	0	0
model_mean	s t ɪ ŋ k	s t ʌ ŋ k	s t ɪ ŋ k t	s t ɪ ŋ	s t ʌ ŋ	NA	0	0	0
model_mean	s t ɪ l	s t ɪ l d	s t ʌ l d	s t ɔ r	s t ɔ r d	s t ɪ l d	1	0	1
model_mean	ɡ r æ b	ɡ r æ b d	ɡ r æ b d	ɡ r æ n t	ɡ r æ n t ə d	ɡ r æ b ə d	1	0	0
model_mean	k ʊ k	k ʊ k t	k ʊ k t	k ʌ t	k ʌ t	k ʊ k	1	0	0
model_mean	v o ʊ t	v o ʊ t ə d	v o ʊ t ə d	v a ʊ	v a ʊ d	v o ʊ t d	1	0	0
model_mean	k l iː r	k l iː r d	k l iː r d	k r iː m	k r iː m d	k l iː r d	1	1	1
model_mean	s t e ɪ b ə l a ɪ z	s t e ɪ b ə l a ɪ z d	s t ə l d	s t e ɪ p ə l	s t e ɪ p ə l d	s t e ɪ b ə l a ɪ z d	1	0	1
model_mean	b iː t	b iː t	b iː t ə d	b iː d	b iː d ə d	b iː t ə d	0	1	0
model_mean	w iː l	w iː l d	w iː l d	w iː v	w iː v d	w iː l d	1	1	1
model_mean	k ɑː s t	k ɑː s t	k ɑː s t ə d	k ɑː k	k ɑː k t	k ɑː s t t	0	0	0
model_mean	p æ s	p æ s t	p æ s t	p æ n	p æ n d	p æ s d	1	0	0
model_mean	iː v ɪ n	iː v ɪ n d	iː v ɪ v d	d iː l	d ɛ l t	NA	1	0	0
model_mean	p l ɑː p	p l ɑː p t	p l ɑː p t	p l ʌ ɡ	p l ʌ ɡ d	p l ɑː p d	1	0	0
model_mean	w ɛ l k ə m	w ɛ l k ə m d	w ɛ l k ə m d	w iː v	w iː v d	w ɛ l k ə m d	1	1	1
model_mean	b ɪ h e ɪ v	b ɪ h e ɪ v d	b ɪ h e ɪ v d	b ɪ l ɔ ŋ	b ɪ l ɔ ŋ d	b ɪ h e ɪ v d	1	1	1
model_mean	m ɪ l k	m ɪ l k t	m ɪ l k t	m ɪ k s	m ɪ k s t	m ɪ l k t	1	1	1
model_mean	b ɔ r d ɹ̩	b ɔ r d ɹ̩ d	b ɔ r d ɹ̩ d	b ɔ ɪ l	b ɔ ɪ l d	b ɔ r d ɹ̩ d	1	1	1
model_mean	æ k t	æ k t ə d	æ k t	æ d	æ d ə d	æ k t ə d	1	0	1
model_mean	f a ɪ t	f ɔ t	f a ɪ t ə d	f a ɪ n	f a ɪ n d	f a ɪ t d	0	0	0
model_mean	w a ɪ p	w a ɪ p t	w a ɪ p t	w a ɪ ɹ̩	w a ɪ ɹ̩ d	w a ɪ p d	1	0	0
model_mean	p ɹ̩ f ɛ k t	p ɹ̩ f ɛ k t ə d	p ɹ̩ f ɛ k t ə d	p ɹ̩ t e ɪ n	p ɹ̩ t e ɪ n d	p ɹ̩ f ɛ k t d	1	0	0
model_mean	r ɪ l a ɪ	r ɪ l a ɪ d	r ɪ l a ɪ d	r ɪ l e ɪ t	r ɪ l e ɪ t ə d	r ɪ l a ɪ ə d	1	0	0
model_mean	t͡ʃ ɑː p	t͡ʃ ɑː p t	t͡ʃ ɑː p t	t͡ʃ ɑː r t	t͡ʃ ɑː r t ə d	t͡ʃ ɑː p ə d	1	0	0
model_mean	ʃ a ʊ t	ʃ a ʊ t ə d	ʃ a ʊ t ə d	ʃ a ʊ ɹ̩	ʃ a ʊ ɹ̩ d	ʃ a ʊ t d	1	0	0
model_mean	b ɪ z iː	b ɪ z iː d	b ɪ z iː z	b ɪ l	b ɪ l d	b ɪ z iː d	1	0	1
model_mean	p ʌ m p	p ʌ m p t	p ʌ m p t	p ʌ n t͡ʃ	p ʌ n t͡ʃ t	p ʌ m p t	1	1	1
model_mean	d r ɪ b ə l	d r ɪ b ə l d	d r ɪ b ə l d	d r e ɪ p	d r e ɪ p t	d r ɪ b ə l t	1	0	0
model_mean	ɡ ɑː b ə l	ɡ ɑː b ə l d	ɡ ɑː b ə l d	ɡ ɑː r b ə l	ɡ ɑː r b ə l d	ɡ ɑː b ə l d	1	1	1
model_mean	ə p r o ʊ p r iː e ɪ t	ə p r o ʊ p r iː e ɪ t ə d	ə p r o ʊ r iː p r d	p r iː z ɛ n t	p r iː z ɛ n t ə d	ə p r o ʊ p r iː e ɪ t ə d	1	0	1
model_mean	s l æ p	s l æ p t	s l æ p t	s l iː p	s l ɛ p t	NA	1	0	0
model_mean	p r ə t ɛ k t	p r ə t ɛ k t ə d	p r ə t ɛ k t ə d	p r ɪ d ɪ k t	p r ɪ d ɪ k t ə d	p r ə t ɛ k t ə d	1	1	1
model_mean	b æ k	b æ k t	b æ k t	b æ ʃ	b æ ʃ t	b æ k t	1	1	1
model_mean	ɪ k s ɛ p t	ɪ k s ɛ p t ə d	ɪ k s ɛ p t ə d	ɪ k s p ɛ k t	ɪ k s p ɛ k t ə d	ɪ k s ɛ p t ə d	1	1	1
model_mean	h ʌ ɡ	h ʌ ɡ d	h ʌ ɡ d	h ʌ n t	h ʌ n t ə d	h ʌ ɡ ə d	1	0	0
model_mean	f r a ɪ	f r a ɪ d	f r a ɪ d	f r iː	f r iː d	f r a ɪ d	1	1	1
model_mean	r ɔ r	r ɔ r d	r ɔ r d	r iː d	r ɛ d	NA	1	0	0
model_mean	p r e ɪ	p r e ɪ d	p r e ɪ d	p r a ɪ	p r a ɪ d	p r e ɪ d	1	1	1
model_mean	s m æ k	s m æ k t	s m æ k t	s m æ ʃ	s m æ ʃ t	s m æ k t	1	1	1
model_mean	w ɔ t ɹ̩	w ɔ t ɹ̩ d	w ɔ t ɹ̩ d	w ɔ k	w ɔ k t	w ɔ t ɹ̩ t	1	0	0
model_mean	s k w ɹ̩ t	s k w ɹ̩ t ə d	s k w ɹ̩ t ə d	s k w ɛ r	s k w ɛ r d	s k w ɹ̩ t d	1	0	0
model_mean	l a ɪ t	l ɪ t	l a ɪ t ə d	l a ɪ k	l a ɪ k t	l a ɪ t t	0	0	0
model_mean	f l ʌ ʃ	f l ʌ ʃ t	f l ʌ ʃ t	f l æ ʃ	f l æ ʃ t	f l ʌ ʃ t	1	1	1
model_mean	p ɛ t	p ɛ t ə d	p ɛ t	p ɛ n	p ɛ n d	p ɛ t d	1	0	0
model_mean	s e ɪ l	s e ɪ l d	s e ɪ l d	s e ɪ v	s e ɪ v d	s e ɪ l d	1	1	1
model_mean	m æ n ə d͡ʒ	m æ n ə d͡ʒ d	m æ n ə d͡ʒ d	m æ n	m æ n d	m æ n ə d͡ʒ d	1	1	1
model_mean	ə n f o ʊ l d	ə n f o ʊ l d ə d	ə n f o ʊ l d ə d	k ə n f a ɪ n	k ə n f a ɪ n d	ə n f o ʊ l d d	1	0	0
model_mean	k ɪ d	k ɪ d ə d	k ɪ d ə d	k ɪ k	k ɪ k t	k ɪ d t	1	0	0
model_mean	s p a ɪ k	s p a ɪ k t	s p a ɪ k t	s p a ɪ s	s p a ɪ s t	s p a ɪ k t	1	1	1
model_mean	p iː s	p iː s t	p iː s t	p ɹ̩ s	p ɹ̩ s t	p iː s t	1	1	1
model_mean	p ɛ r	p ɛ r d	p ɛ r d	p ɛ n	p ɛ n d	p ɛ r d	1	1	1
model_mean	s w ɑː l o ʊ	s w ɑː l o ʊ d	s w ɑː l o ʊ l	s w iː p	s w ɛ p t	NA	1	0	0
model_mean	s p æ ŋ k	s p æ ŋ k t	s p æ ŋ k t	s p l æ ʃ	s p l æ ʃ t	s p æ ŋ k t	1	1	1
model_mean	k r ɔ l	k r ɔ l d	k r ɔ l d	k r ɔ s	k r ɔ s t	k r ɔ l t	1	0	0
model_mean	r ɑː b	r ɑː b d	r ɑː b d	r ɑː k	r ɑː k t	r ɑː b t	1	0	0
model_mean	s l ɪ p	s l ɪ p t	s l ɪ p t	s l iː p	s l ɛ p t	NA	1	0	0
model_mean	z ɪ p ɹ̩	z ɪ p ɹ̩ d	z ɪ p ɹ̩ d	z ɪ p	z ɪ p t	z ɪ p ɹ̩ t	1	0	0
model_mean	r ʌ ʃ	r ʌ ʃ t	r ʌ ʃ t	r ʌ f	r ʌ f t	r ʌ ʃ t	1	1	1
model_mean	f r a ɪ t ə n	f r a ɪ t ə n d	f r a ɪ t ə n d	f r a ʊ n	f r a ʊ n d	f r a ɪ t ə n d	1	1	1
model_mean	s ə l ɛ k t	s ə l ɛ k t ə d	s ə l ɛ k t ə d	s ə l uː t	s ə l uː t ə d	s ə l ɛ k t ə d	1	1	1
model_mean	k ɔ f	k ɔ f t	k ɔ f t	k ɔ l	k ɔ l d	k ɔ f d	1	0	0
model_mean	d ʌ ŋ k	d ʌ ŋ k t	d ʌ ŋ k t	d ʌ b	d ʌ b d	d ʌ ŋ k d	1	0	0
model_mean	b æ n d ɪ d͡ʒ	b æ n d ɪ d͡ʒ d	b æ n d ɪ d͡ʒ d	b æ l ə n s	b æ l ə n s t	b æ n d ɪ d͡ʒ t	1	0	0
model_mean	w ɪ ŋ	w ɪ ŋ d	w ɪ ŋ	w ɪ ŋ k	w ɪ ŋ k t	w ɪ ŋ t	1	0	0
model_mean	t͡ʃ ɪ k ə n	t͡ʃ ɪ k ə n d	t͡ʃ ɪ k ə n d	t͡ʃ e ɪ s	t͡ʃ e ɪ s t	t͡ʃ ɪ k ə n t	1	0	0
model_mean	m e ɪ l	m e ɪ l d	m e ɪ l d	m ʌ d iː	m ʌ d iː d	m e ɪ l d	1	1	1
model_mean	b ʌ d͡ʒ	b ʌ d͡ʒ d	b ʌ d͡ʒ d	b ʌ ɡ	b ʌ ɡ d	b ʌ d͡ʒ d	1	1	1
model_mean	w ɔ r n	w ɔ r n d	w ɔ r n d	w ɔ n t	w ɔ n t ə d	w ɔ r n ə d	1	0	0
model_mean	b ʌ k ə l	b ʌ k ə l d	b ʌ k ə l d	b ʌ b ə l	b ʌ b ə l d	b ʌ k ə l d	1	1	1
model_mean	t iː t ɹ̩	t iː t ɹ̩ d	t iː t ɹ̩ d	t iː m	t iː m d	t iː t ɹ̩ d	1	1	1
model_mean	s w ɪ ʃ	s w ɪ ʃ t	s w ɪ ʃ t	s w ɪ t͡ʃ	s w ɪ t͡ʃ t	s w ɪ ʃ t	1	1	1
model_mean	ʃ ʌ v ə l	ʃ ʌ v ə l d	ʃ ʌ v ə l d	ʃ ʌ n t	ʃ ʌ n t ə d	ʃ ʌ v ə l ə d	1	0	0
model_mean	ɛ n t ɹ̩	ɛ n t ɹ̩ d	ɛ n t ɹ̩ d	ɛ n d	ɛ n d ə d	ɛ n t ɹ̩ ə d	1	0	0
model_mean	ɡ r æ v ə t e ɪ t	ɡ r æ v ə t e ɪ t ə d	ɡ r æ v ə t e ɪ t ə d	ɡ r e ɪ t	ɡ r e ɪ t ə d	ɡ r æ v ə t e ɪ t ə d	1	1	1
model_mean	n o ʊ t	n o ʊ t ə d	n o ʊ t ə d	n o ʊ	n uː	NA	1	0	0
model_mean	k r ʌ ʃ	k r ʌ ʃ t	k r ʌ ʃ t	k r ɑː p	k r ɑː p t	k r ʌ ʃ t	1	1	1
model_mean	s w ɑː p	s w ɑː p t	s w ɑː p t	s w iː p	s w ɛ p t	NA	1	0	0
model_mean	ə p s ɛ t	ə p s ɛ t	ə p s ɛ t ə d	ə p r uː v	ə p r uː v d	ə p s ɛ t d	0	0	0
model_mean	s iː s ɔ	s iː s ɔ d	s iː s ɔ t	s iː s	s iː s t	s iː s ɔ t	1	1	0
model_mean	m ɛ r ɪ t	m ɛ r ɪ t ə d	m ɛ r ɪ t ə d	m ɛ n d	m ɛ n d ə d	m ɛ r ɪ t ə d	1	1	1
model_mean	k ə l ɛ k t	k ə l ɛ k t ə d	k ə l ɛ k t ə d	k ə l æ p s	k ə l æ p s t	k ə l ɛ k t t	1	0	0
model_mean	b e ɪ ð	b e ɪ ð d	b e ɪ ð d	b e ɪ k	b e ɪ k t	b e ɪ ð t	1	0	0
model_mean	k r æ ŋ k	k r æ ŋ k t	k r æ ŋ k t	k r æ k	k r æ k t	k r æ ŋ k t	1	1	1
model_mean	t͡ʃ ʌ k	t͡ʃ ʌ k t	t͡ʃ ʌ k t	t͡ʃ ʌ ɡ	t͡ʃ ʌ ɡ d	t͡ʃ ʌ k d	1	0	0
model_mean	p ʌ f	p ʌ f t	p ʌ f t	p ɪ t͡ʃ	p ɪ t͡ʃ t	p ʌ f t	1	1	1
model_mean	p r ɑː d͡ʒ ɛ k t	p r ɑː d͡ʒ ɛ k t ə d	p r ɑː d͡ʒ ɛ k t ə d	p r ɪ d ɪ k t	p r ɪ d ɪ k t ə d	p r ɑː d͡ʒ ɛ k t ə d	1	1	1
model_mean	t r ɪ p	t r ɪ p t	t r ɪ p t	t r ɪ k	t r ɪ k t	t r ɪ p t	1	1	1
model_mean	r ɪ l æ k s	r ɪ l æ k s t	r ɪ l æ k s t	r ɪ l e ɪ t	r ɪ l e ɪ t ə d	r ɪ l æ k s ə d	1	0	0
model_mean	d ɪ l iː t	d ɪ l iː t ə d	d ɪ l iː t ə d	d ɪ l ɪ v ɹ̩	d ɪ l ɪ v ɹ̩ d	d ɪ l iː t d	1	0	0
model_mean	r iː b ɪ l d	r iː b ɪ l t	r iː b ɪ l d ə d	r iː t r iː v	r iː t r iː v d	r iː b ɪ l d d	0	0	0
model_mean	b ɛ r iː	b ɛ r iː d	b ɛ r iː d	b ɛ r	b o ʊ r	NA	1	0	0
model_mean	ɡ l ɛ r	ɡ l ɛ r d	ɡ l ɛ r d	ɡ l uː	ɡ l uː d	ɡ l ɛ r d	1	1	1
model_mean	ʃ ʌ t ə l	ʃ ʌ t ə l d	ʃ ʌ t ə l d	ʃ ʌ n t	ʃ ʌ n t ə d	ʃ ʌ t ə l ə d	1	0	0
model_mean	s t ɔ l	s t ɔ l d	s t ɔ l d	s t ɔ r	s t ɔ r d	s t ɔ l d	1	1	1
model_mean	t æ p	t æ p t	t æ p t	t æ ɡ	t æ ɡ d	t æ p d	1	0	0
model_mean	w ɪ s p ɹ̩	w ɪ s p ɹ̩ d	w ɪ s p ɹ̩ d	w ɪ s ə l	w ɪ s ə l d	w ɪ s p ɹ̩ d	1	1	1
model_mean	d r ɪ l	d r ɪ l d	d r ɪ l d	d r e ɪ n	d r e ɪ n d	d r ɪ l d	1	1	1
model_mean	s p e ɪ s	s p e ɪ s t	s p e ɪ s t	s p a ɪ s	s p a ɪ s t	s p e ɪ s t	1	1	1
model_mean	v æ k j uː m	v æ k j uː m d	v æ k j uː m d	v æ n ɪ ʃ	v æ n ɪ ʃ t	v æ k j uː m t	1	0	0
model_mean	f ɛ n s	f ɛ n s t	f ɛ n s t	f ɛ r	f ɛ r d	f ɛ n s d	1	0	0
model_mean	l a ɪ n	l a ɪ n d	l a ɪ n d	l a ɪ v	l a ɪ v d	l a ɪ n d	1	1	1
model_mean	p ɹ̩ f ɔ r m	p ɹ̩ f ɔ r m d	p ɹ̩ f ɔ r m d	p ɹ̩ t e ɪ n	p ɹ̩ t e ɪ n d	p ɹ̩ f ɔ r m d	1	1	1
model_mean	b uː m	b uː m d	b uː m d	b uː t	b uː t ə d	b uː m ə d	1	0	0
model_mean	r ɪ p iː t	r ɪ p iː t ə d	r ɪ p iː t ə d	r ɪ p ɛ l	r ɪ p ɛ l d	r ɪ p iː t d	1	0	0
model_mean	b ʌ t ɹ̩	b ʌ t ɹ̩ d	b ʌ t ɹ̩ d	b ʌ m	b ʌ m d	b ʌ t ɹ̩ d	1	1	1
model_mean	ɑː r m	ɑː r m d	ɑː r m d	p ɑː r d ə n	p ɑː r d ə n d	ɑː r m d	1	1	1
model_mean	ɪ ɡ z ɔ s t	ɪ ɡ z ɔ s t ə d	ɪ ɡ z ɔ s t ə d	ɪ ɡ z ɪ s t	ɪ ɡ z ɪ s t ə d	ɪ ɡ z ɔ s t ə d	1	1	1
model_mean	s ɪ m ɹ̩	s ɪ m ɹ̩ d	s ɪ m ɹ̩ d	s k ɪ m	s k ɪ m d	s ɪ m ɹ̩ d	1	1	1
model_mean	b o ʊ t	b o ʊ t ə d	b o ʊ t ə d	b o ʊ l	b o ʊ l d	b o ʊ t d	1	0	0
model_mean	ʃ æ m p uː	ʃ æ m p uː d	ʃ æ m p uː d	ʃ æ d o ʊ	ʃ æ d o ʊ d	ʃ æ m p uː d	1	1	1
model_mean	w æ ɡ	w æ ɡ d	w æ ɡ d	w æ k	w æ k t	w æ ɡ t	1	0	0
model_mean	p ɪ s	p ɪ s t	p ɪ s t	p ɹ̩ s	p ɹ̩ s t	p ɪ s t	1	1	1
model_mean	s o ʊ k	s o ʊ k t	s o ʊ k t	s o ʊ	s o ʊ d	s o ʊ k d	1	0	0
model_mean	s p r a ʊ t	s p r a ʊ t ə d	s p r a ʊ t ə d	s p r e ɪ	s p r e ɪ d	s p r a ʊ t d	1	0	0
model_mean	ə n w a ɪ n d	ə n w a ʊ n d	ə n w a ɪ n d ə d	ə n t a ɪ	ə n t a ɪ d	ə n w a ɪ n d d	0	0	0
model_mean	ə n r æ p	ə n r æ p t	ə n r æ p t	ə n d r ɛ s	ə n d r ɛ s t	ə n r æ p t	1	1	1
model_mean	r ɑː t	r ɑː t ə d	r ɑː t	r ɑː k	r ɑː k t	r ɑː t t	1	0	0
model_mean	t͡ʃ a ɪ m	t͡ʃ a ɪ m d	t͡ʃ a ɪ m d	t͡ʃ uː z	t͡ʃ o ʊ z	NA	1	0	0
model_mean	k ə n t r ɪ b j uː t	k ə n t r ɪ b j uː t ə d	k ə n t r ɪ b uː t uː d	k ə n t ɪ n j uː	k ə n t ɪ n j uː d	k ə n t r ɪ b j uː t d	1	0	0
model_mean	s t ɔ k	s t ɔ k t	s t ɔ k t	s t ɔ r	s t ɔ r d	s t ɔ k d	1	0	0
model_mean	f a ɪ l	f a ɪ l d	f a ɪ l d	f a ɪ n	f a ɪ n d	f a ɪ l d	1	1	1
model_mean	s k w iː k	s k w iː k t	s k w iː k t	s k w ɑː ʃ	s k w ɑː ʃ t	s k w iː k t	1	1	1
model_mean	ɡ r e ɪ s	ɡ r e ɪ s t	ɡ r e ɪ s t	ɡ r e ɪ t	ɡ r e ɪ t ə d	ɡ r e ɪ s ə d	1	0	0
model_mean	b ɪ d	b e ɪ d	b ɪ d ə d	b ɪ l d	b ɪ l t	b ɪ t	0	0	0
model_mean	ɡ r iː n	ɡ r iː n d	ɡ r iː n d	ɡ r ɪ n	ɡ r ɪ n d	ɡ r iː n d	1	1	1
model_mean	w ɑː f ə l	w ɑː f ə l d	w ɑː f ə l d	w ɑː b ə l	w ɑː b ə l d	w ɑː f ə l d	1	1	1
model_mean	ɔ θ ɹ̩	ɔ θ ɹ̩ d	ɔ θ ɹ̩ d	ɔ f ɹ̩	ɔ f ɹ̩ d	ɔ θ ɹ̩ d	1	1	1
model_mean	k l a ʊ d	k l a ʊ d ə d	k l a ʊ d ə d	k l o ʊ z	k l o ʊ z d	k l a ʊ d d	1	0	0
model_mean	t r ʌ s t	t r ʌ s t ə d	t r ʌ s t ə d	t r ʌ k	t r ʌ k t	t r ʌ s t t	1	0	0
model_mean	k r iː e ɪ t	k r iː e ɪ t ə d	k r iː e ɪ t ə d	k r a ʊ d	k r a ʊ d ə d	k r iː e ɪ t ə d	1	1	1
model_mean	k ɑː r v	k ɑː r v d	k ɑː r v d	k ɑː r d	k ɑː r d ə d	k ɑː r v ə d	1	0	0
model_mean	r uː l	r uː l d	r uː l d	r uː f	r uː f t	r uː l t	1	0	0
model_mean	r iː m uː v	r iː m uː v d	r iː m uː v d	r iː æ k t	r iː æ k t ə d	r iː m uː v ə d	1	0	0
model_mean	r ɔ ŋ	r ɔ ŋ d	r ɔ ŋ d	r ɛ k	r ɛ k t	r ɔ ŋ t	1	0	0
model_mean	ɪ n d͡ʒ ɹ̩	ɪ n d͡ʒ ɹ̩ d	ɪ n d͡ʒ ɹ̩ d	n ɪ b ə l	n ɪ b ə l d	ɪ n d͡ʒ ɹ̩ d	1	1	1
model_mean	w uː p	w uː p t	w uː p t	w ɔ k	w ɔ k t	w uː p t	1	1	1
model_mean	m ə n ɪ p j ə l e ɪ t	m ə n ɪ p j ə l e ɪ t ə d	m ə n ɪ l d	ɪ n t ɪ m ɪ d e ɪ t	ɪ n t ɪ m ɪ d e ɪ t ə d	m ə n ɪ p j ə l e ɪ t ə d	1	0	1
model_mean	b e ɪ l	b e ɪ l d	b e ɪ l d	b e ɪ k	b e ɪ k t	b e ɪ l t	1	0	0
model_mean	s ʌ f ɹ̩	s ʌ f ɹ̩ d	s ʌ f ɹ̩ d	s ʌ k	s ʌ k t	s ʌ f ɹ̩ t	1	0	0
model_mean	f e ɪ s	f e ɪ s t	f e ɪ s t	f e ɪ k	f e ɪ k t	f e ɪ s t	1	1	1
model_mean	p ɑː k ə t	p ɑː k ə t ə d	p ɑː k ə t ə d	p ɑː r t	p ɑː r t ə d	p ɑː k ə t ə d	1	1	1
model_mean	d͡ʒ ɹ̩ k	d͡ʒ ɹ̩ k t	d͡ʒ ɹ̩ k t	d͡ʒ ɪ p	d͡ʒ ɪ p t	d͡ʒ ɹ̩ k t	1	1	1
model_mean	l æ s t	l æ s t ə d	l æ s t ə d	l æ n d	l æ n d ə d	l æ s t ə d	1	1	1
model_mean	s iː l	s iː l d	s iː l d	s iː k	s ɔ t	NA	1	0	0
model_mean	r ʌ m ɪ d͡ʒ	r ʌ m ɪ d͡ʒ d	r ʌ m ɪ d͡ʒ d	r ʌ m b ə l	r ʌ m b ə l d	r ʌ m ɪ d͡ʒ d	1	1	1
model_mean	d ɪ s k ʌ s	d ɪ s k ʌ s t	d ɪ s k ʌ s t	d ɪ s k ʌ v ɹ̩	d ɪ s k ʌ v ɹ̩ d	d ɪ s k ʌ s d	1	0	0
model_mean	h æ l o ʊ	h æ l o ʊ d	h æ l o ʊ d	h æ p ə n	h æ p ə n d	h æ l o ʊ d	1	1	1
model_mean	ɪ n s p ɛ k t	ɪ n s p ɛ k t ə d	ɪ n s p ɛ k t ə d	ɪ n s ɪ s t	ɪ n s ɪ s t ə d	ɪ n s p ɛ k t ə d	1	1	1
model_mean	d r ʌ ɡ	d r ʌ ɡ d	d r ʌ ɡ d	d r æ ɡ	d r æ ɡ d	d r ʌ ɡ d	1	1	1
model_mean	o ʊ v ɹ̩ f l o ʊ	o ʊ v ɹ̩ f l o ʊ d	o ʊ v ɹ̩ f l d	o ʊ v ɹ̩ k ə m	o ʊ v ɹ̩ k e ɪ m	NA	1	0	0
model_mean	f e ɪ v ɹ̩	f e ɪ v ɹ̩ d	f e ɪ v ɹ̩ d	f e ɪ n t	f e ɪ n t ə d	f e ɪ v ɹ̩ ə d	1	0	0
model_mean	p æ d	p æ d ə d	p æ d ə d	p æ t	p æ t ə d	p æ d ə d	1	1	1
model_mean	b l ɛ n d	b l ɛ n d ə d	b l ɛ n d ə d	b l ɪ ŋ k	b l ɪ ŋ k t	b l ɛ n d t	1	0	0
model_mean	ɪ n t ɹ̩ f ɪ r	ɪ n t ɹ̩ f ɪ r d	ɪ n t ɹ̩ f ɪ f ɪ	ɪ n t ɹ̩ v j uː	ɪ n t ɹ̩ v j uː d	ɪ n t ɹ̩ f ɪ r d	1	0	1
model_mean	l ɑː p	l ɑː p t	l ɑː p t	l ɑː k	l ɑː k t	l ɑː p t	1	1	1
model_mean	ɡ a ɪ d	ɡ a ɪ d ə d	ɡ a ɪ d ə d	ɡ e ɪ z	ɡ e ɪ z d	ɡ a ɪ d d	1	0	0
model_mean	d ɪ v a ɪ d	d ɪ v a ɪ d ə d	d ɪ v a ɪ d ə d	d ɪ s a ɪ d	d ɪ s a ɪ d ə d	d ɪ v a ɪ d ə d	1	1	1
model_mean	d ɪ f a ɪ	d ɪ f a ɪ d	d ɪ f a ɪ d	d ɪ f ɛ n d	d ɪ f ɛ n d ə d	d ɪ f a ɪ ə d	1	0	0
model_mean	ɪ n t ɹ̩ m ɪ k s	ɪ n t ɹ̩ m ɪ k s t	ɪ n t ɹ̩ m ɪ m ɪ s t ə d	ɪ n t ɹ̩ p r ə t	ɪ n t ɹ̩ p r ə t ə d	ɪ n t ɹ̩ m ɪ k s ə d	1	0	0
model_mean	k j ʊ r	k j ʊ r d	k j uː r d	k j uː b	k j uː b d	k j ʊ r d	1	0	1
model_mean	t r æ v ə l	t r æ v ə l d	t r æ v ə l d	t r æ m p	t r æ m p t	t r æ v ə l t	1	0	0
model_mean	k ɑː ŋ k ɹ̩	k ɑː ŋ k ɹ̩ d	k ɑː ŋ k ɹ̩ d	k ɑː m ɛ n t	k ɑː m ɛ n t ə d	k ɑː ŋ k ɹ̩ ə d	1	0	0
model_mean	s k ɪ d	s k ɪ d ə d	s k ɪ d ə d	s k ɪ p	s k ɪ p t	s k ɪ d t	1	0	0
model_mean	r ɪ z ɛ m b ə l	r ɪ z ɛ m b ə l d	r ɪ z ɛ m b ə l d	z ɪ r ɑː k s	z ɪ r ɑː k s t	r ɪ z ɛ m b ə l t	1	0	0
model_mean	b æ n d	b æ n d ə d	b æ n d ə d	b æ s k	b æ s k t	b æ n d t	1	0	0
model_mean	k o ʊ ɔ r d ə n e ɪ t	k o ʊ ɔ r d ə n e ɪ t ə d	k r ə n o ʊ n d	k ə n f j uː z	k ə n f j uː z d	k o ʊ ɔ r d ə n e ɪ t d	1	0	0
model_mean	s iː p	s iː p t	s iː p t	s iː s	s iː s t	s iː p t	1	1	1
model_mean	ɪ n k w a ɪ ɹ̩	ɪ n k w a ɪ ɹ̩ d	ɪ n k w a ɪ ɹ̩ d	ɪ n t ɪ m ɪ d e ɪ t	ɪ n t ɪ m ɪ d e ɪ t ə d	ɪ n k w a ɪ ɹ̩ ə d	1	0	0
model_mean	t͡ʃ ɛ r	t͡ʃ ɛ r d	t͡ʃ ɛ r d	t͡ʃ ɛ k	t͡ʃ ɛ k t	t͡ʃ ɛ r t	1	0	0
model_mean	s k ʌ f	s k ʌ f t	s k ʌ f t	s k ɪ p	s k ɪ p t	s k ʌ f t	1	1	1
model_mean	r ɪ p ɛ r	r ɪ p ɛ r d	r ɪ p ɛ r d	r ɪ p ɛ l	r ɪ p ɛ l d	r ɪ p ɛ r d	1	1	1
model_mean	ɪ k s t ɛ n d	ɪ k s t ɛ n d ə d	ɪ k s t ɛ n d ə d	ɪ k s p ɛ k t	ɪ k s p ɛ k t ə d	ɪ k s t ɛ n d ə d	1	1	1
model_mean	d ɪ l ɪ n iː e ɪ t	d ɪ l ɪ n iː e ɪ t ə d	d ɪ l ɪ n iː e ɪ t ə d	d ɪ l ɪ v ɹ̩	d ɪ l ɪ v ɹ̩ d	d ɪ l ɪ n iː e ɪ t d	1	0	0
model_mean	b ɑː r b	b ɑː r b d	b ɑː r b d	b ɑː t ə m	b ɑː t ə m d	b ɑː r b d	1	1	1
model_mean	t r ʌ m p	t r ʌ m p t	t r ʌ m p t	t r ʌ k	t r ʌ k t	t r ʌ m p t	1	1	1
model_mean	p ɑː r t ɪ s ə p e ɪ t	p ɑː r t ɪ s ə p e ɪ t ə d	p ɑː r ə p t ə p ɑː p ɑː r t ə d	p ɑː r d ə n	p ɑː r d ə n d	p ɑː r t ɪ s ə p e ɪ t d	1	0	0
model_mean	f l ɹ̩ t	f l ɹ̩ t ə d	f l ɹ̩ t ə d	f l ʌ t ɹ̩	f l ʌ t ɹ̩ d	f l ɹ̩ t d	1	0	0
model_mean	ɡ l ʌ v	ɡ l ʌ v d	ɡ l ʌ v d	ɡ l o ʊ	ɡ l o ʊ d	ɡ l ʌ v d	1	1	1
model_mean	p r ə s iː d	p r ə s iː d ə d	p r ə s iː d ə d	p r ə d uː s	p r ə d uː s t	p r ə s iː d t	1	0	0
model_mean	w ɪ z	w ɪ z d	w ɪ z d	w ɪ l	w ɪ l d	w ɪ z d	1	1	1
model_mean	f l ʌ f	f l ʌ f t	f l ʌ f t	f l ɑː p	f l ɑː p t	f l ʌ f t	1	1	1
model_mean	ə r e ɪ n d͡ʒ	ə r e ɪ n d͡ʒ d	ə r e ɪ n d͡ʒ d	r e ɪ n d͡ʒ	r e ɪ n d͡ʒ d	ə r e ɪ n d͡ʒ d	1	1	1
model_mean	k ɔ r ə s p ɑː n d	k ɔ r ə s p ɑː n d ə d	k ɔ r ə s p ɑː r d	ɔ r d ɹ̩	ɔ r d ɹ̩ d	k ɔ r ə s p ɑː n d d	1	0	0
model_mean	ɪ n t ɹ̩ s p ɹ̩ s	ɪ n t ɹ̩ s p ɹ̩ s t	ɪ n t ɹ̩ s p ɹ̩ s t	ɪ n t ɹ̩ p r ə t	ɪ n t ɹ̩ p r ə t ə d	ɪ n t ɹ̩ s p ɹ̩ s ə d	1	0	0
model_mean	s w ɹ̩ v	s w ɹ̩ v d	s w ɹ̩ v d	s w ɹ̩ l	s w ɹ̩ l d	s w ɹ̩ v d	1	1	1
model_mean	s t æ ɡ ɹ̩	s t æ ɡ ɹ̩ d	s t æ ɡ ɹ̩ d	s t æ n d	s t ʊ d	NA	1	0	0
model_mean	ə d͡ʒ ʌ s t	ə d͡ʒ ʌ s t ə d	ə d͡ʒ ʌ s t ə d	ə n z ɪ p	ə n z ɪ p t	ə d͡ʒ ʌ s t t	1	0	0
model_mean	p r ə p o ʊ z	p r ə p o ʊ z d	p r ə p o ʊ z d	p r o ʊ b	p r o ʊ b d	p r ə p o ʊ z d	1	1	1
model_mean	p æ t͡ʃ	p æ t͡ʃ t	p æ t͡ʃ t	p æ k	p æ k t	p æ t͡ʃ t	1	1	1
model_mean	a ʊ t ɡ r o ʊ	a ʊ t ɡ r uː	a ʊ t w o ʊ r o ʊ t	a ʊ t f ɪ t	a ʊ t f ɪ t ə d	a ʊ t ɡ r o ʊ ə d	0	0	0
model_mean	æ k s ɛ s ɹ̩ a ɪ z	æ k s ɛ s ɹ̩ a ɪ z d	æ k s ɛ s ɹ̩ a ɪ z d	ɛ k s ɹ̩ s a ɪ z	ɛ k s ɹ̩ s a ɪ z d	æ k s ɛ s ɹ̩ a ɪ z d	1	1	1
model_mean	d͡ʒ ɑː r	d͡ʒ ɑː r d	d͡ʒ ɑː r d	d͡ʒ ɪ p	d͡ʒ ɪ p t	d͡ʒ ɑː r t	1	0	0
model_mean	p l e ɪ n	p l e ɪ n d	p l e ɪ n d	p l e ɪ s	p l e ɪ s t	p l e ɪ n t	1	0	0
model_mean	r iː v j uː	r iː v j uː d	r iː v j uː d	r iː j uː z	r iː uː z d	NA	1	0	0
model_mean	w ɑː d	w ɑː d ə d	w ɑː d ə d	w ɛ d	w ɛ d	w ɑː d	1	0	0
model_mean	f r ɛ k ə l	f r ɛ k ə l d	f r ɛ k ə l d	f r ʌ n t	f r ʌ n t ə d	f r ɛ k ə l ə d	1	0	0
model_mean	k ə m b a ɪ n	k ə m b a ɪ n d	k ə m b a ɪ n d	k ə m p l iː t	k ə m p l iː t ə d	k ə m b a ɪ n ə d	1	0	0
model_mean	o ʊ v ɹ̩ l o ʊ d	o ʊ v ɹ̩ l o ʊ d ə d	o ʊ v ɹ̩ l o ʊ d	o ʊ v ɹ̩ k ə m	o ʊ v ɹ̩ k e ɪ m	NA	1	0	0
model_mean	t ɪ ŋ k ə l	t ɪ ŋ k ə l d	t ɪ ŋ k ə l d	d ɪ k l ɛ r	d ɪ k l ɛ r d	t ɪ ŋ k ə l d	1	1	1
model_mean	ɡ l æ s	ɡ l æ s t	ɡ l æ s t	ɡ l uː	ɡ l uː d	ɡ l æ s d	1	0	0
model_mean	ə t ɛ n d	ə t ɛ n d ə d	ə t ɛ n d ə d	ə t r æ k t	ə t r æ k t ə d	ə t ɛ n d ə d	1	1	1
model_mean	t͡ʃ ɑː r m	t͡ʃ ɑː r m d	t͡ʃ ɑː r m d	t͡ʃ ɑː r d͡ʒ	t͡ʃ ɑː r d͡ʒ d	t͡ʃ ɑː r m d	1	1	1
model_mean	n iː d ə l	n iː d ə l d	n iː d ə l d	n iː r	n iː r d	n iː d ə l d	1	1	1
model_mean	r ɛ d͡ʒ ɪ s t ɹ̩	r ɛ d͡ʒ ɪ s t ɹ̩ d	r ɛ d͡ʒ ɛ t ə d	r ɛ n t͡ʃ	r ɛ n t͡ʃ t	r ɛ d͡ʒ ɪ s t ɹ̩ t	1	0	0
model_mean	ʃ ɛ l t ɹ̩	ʃ ɛ l t ɹ̩ d	ʃ ɛ l t ɹ̩ d	ʃ ɛ l	ʃ ɛ l d	ʃ ɛ l t ɹ̩ d	1	1	1
model_mean	ɡ æ l ə p	ɡ æ l ə p t	ɡ æ l ə p t	ɡ æ s p	ɡ æ s p t	ɡ æ l ə p t	1	1	1
model_mean	t r ɪ ɡ ɹ̩	t r ɪ ɡ ɹ̩ d	t r ɪ ɡ ɹ̩ d	t r ɪ p ə l	t r ɪ p ə l d	t r ɪ ɡ ɹ̩ d	1	1	1
model_mean	k a ʊ t͡ʃ	k a ʊ t͡ʃ t	k a ʊ t͡ʃ t	k a ʊ n t	k a ʊ n t ə d	k a ʊ t͡ʃ ə d	1	0	0
model_mean	s t r ɪ ŋ	s t r ʌ ŋ	s t r ɪ ŋ	s t r ɪ p	s t r ɪ p t	s t r ɪ ŋ t	0	0	0
model_mean	k ə n t ɛ s t	k ə n t ɛ s t ə d	k ə n t ɛ s t ə d	k ə n t ɛ n t	k ə n t ɛ n t ə d	k ə n t ɛ s t ə d	1	1	1
model_mean	f æ n s iː	f æ n s iː d	f æ n s iː d	f æ s ə n	f æ s ə n d	f æ n s iː d	1	1	1
model_mean	f e ɪ d	f e ɪ d ə d	f e ɪ d ə d	f e ɪ k	f e ɪ k t	f e ɪ d t	1	0	0
model_mean	t r ɛ ʒ ɹ̩	t r ɛ ʒ ɹ̩ d	t r ɛ ʒ ɹ̩ d	d r ɛ s	d r ɛ s t	t r ɛ ʒ ɹ̩ t	1	0	0
model_mean	k r ʌ m p ə l	k r ʌ m p ə l d	k r ʌ m p ə l d	k r ʌ m b ə l	k r ʌ m b ə l d	k r ʌ m p ə l d	1	1	1
model_mean	k ɑː n t æ k t	k ɑː n t æ k t ə d	k ɑː n t æ k t ə d	k ɑː n t ʊ r	k ɑː n t ʊ r d	k ɑː n t æ k t d	1	0	0
model_mean	m ɔ ɪ s ə n	m ɔ ɪ s ə n d	m ɔ ɪ s ə n d	m ɪ n s	m ɪ n s t	m ɔ ɪ s ə n t	1	0	0
model_mean	p ɑː r t͡ʃ	p ɑː r t͡ʃ t	p ɑː r t͡ʃ t	p ɑː r k	p ɑː r k t	p ɑː r t͡ʃ t	1	1	1
model_mean	v e ɪ k e ɪ ʃ ə n	v e ɪ k e ɪ ʃ ə n d	v e ɪ k e ɪ ʃ ə f e ɪ d	n e ɪ m	n e ɪ m d	v e ɪ k e ɪ ʃ ə n d	1	0	1
model_mean	f l æ t ɹ̩	f l æ t ɹ̩ d	f l æ t ɹ̩ d	f l ʌ t ɹ̩	f l ʌ t ɹ̩ d	f l æ t ɹ̩ d	1	1	1
model_mean	d ɪ f iː t	d ɪ f iː t ə d	d ɪ f iː t ə d	d ɪ f ɛ n d	d ɪ f ɛ n d ə d	d ɪ f iː t ə d	1	1	1
model_mean	t r ɛ m b ə l	t r ɛ m b ə l d	t r ɛ m b ə l d	r ɛ s ə l	r ɛ s ə l d	t r ɛ m b ə l d	1	1	1
model_mean	ʌ n d ɹ̩ r a ɪ t	ə n d ɹ̩ r o ʊ t	ʌ n d ɹ̩ r a ɪ t ə d	ʌ n d ɹ̩ l a ɪ n	ʌ n d ɹ̩ l a ɪ n d	ʌ n d ɹ̩ r a ɪ t d	0	0	0
model_mean	ə n r æ v ə l	ə n r æ v ə l d	ə n r æ v ə l d	ə n r o ʊ l	ə n r o ʊ l d	ə n r æ v ə l d	1	1	1
model_mean	r iː p ʌ l s	r iː p ʌ l s t	r iː p ʌ l s t	r iː p l e ɪ s	r iː p l e ɪ s t	r iː p ʌ l s t	1	1	1
model_mean	ɪ n f l e ɪ t	ɪ n f l e ɪ t ə d	ɪ n f l e ɪ t ə d	ɪ n k l uː d	ɪ n k l uː d ə d	ɪ n f l e ɪ t ə d	1	1	1
model_mean	r uː t	r uː t ə d	r uː t ə d	r uː f	r uː f t	r uː t t	1	0	0
model_mean	f ɪ d ə l	f ɪ d ə l d	f ɪ d ə l d	f ɪ l t ɹ̩	f ɪ l t ɹ̩ d	f ɪ d ə l d	1	1	1
model_mean	b l iː t͡ʃ	b l iː t͡ʃ t	b l iː t͡ʃ t	b l iː d	b l ɛ d	NA	1	0	0
model_mean	ɪ k s p a ɪ ɹ̩	ɪ k s p a ɪ ɹ̩ d	ɪ k s p a ɪ ɹ̩ d	ɪ k s p l e ɪ n	ɪ k s p l e ɪ n d	ɪ k s p a ɪ ɹ̩ d	1	1	1
model_mean	t æ t ə l	t æ t ə l d	t æ t ə l d	t æ k ə l	t æ k ə l d	t æ t ə l d	1	1	1
model_mean	d ɪ t e ɪ l	d ɪ t e ɪ l d	d ɪ t e ɪ l d	d ɪ t ɛ k t	d ɪ t ɛ k t ə d	d ɪ t e ɪ l ə d	1	0	0
model_mean	t o ʊ t ə l	t o ʊ t ə l d	t o ʊ t ə l d	t o ʊ s t	t o ʊ s t ə d	t o ʊ t ə l ə d	1	0	0
model_mean	t uː l	t uː l d	t uː l d	t uː n	t uː n d	t uː l d	1	1	1
model_mean	æ m b ʊ ʃ	æ m b ʊ ʃ t	æ m b ʊ ʃ t	m æ k s	m æ k s t	æ m b ʊ ʃ t	1	1	1
model_mean	s a ʊ	s a ʊ d	s a ʊ d	s a ʊ ɹ̩	s a ʊ ɹ̩ d	s a ʊ d	1	1	1
model_mean	r ɪ k ɔ l	r ɪ k ɔ l d	r ɪ k ɔ l d	r ɪ v ɹ̩ s	r ɪ v ɹ̩ s t	r ɪ k ɔ l t	1	0	0
model_mean	p r ɑː p	p r ɑː p t	p r ɑː p t	p r ɛ s	p r ɛ s t	p r ɑː p t	1	1	1
model_mean	f l iː	f l ɛ d	f l iː d	f l æ p	f l æ p t	f l iː t	0	0	0
model_mean	b l uː m	b l uː m d	b l uː m d	b l uː	b l uː d	b l uː m d	1	1	1
model_mean	n o ʊ z d a ɪ v	n o ʊ z d a ɪ v d	n o ʊ z d a ɪ v d	n o ʊ t ɪ s	n o ʊ t ɪ s t	n o ʊ z d a ɪ v t	1	0	0
model_mean	ʃ æ t ɹ̩	ʃ æ t ɹ̩ d	ʃ æ t ɹ̩ d	ʃ æ d o ʊ	ʃ æ d o ʊ d	ʃ æ t ɹ̩ d	1	1	1
model_mean	h ɪ t͡ʃ	h ɪ t͡ʃ t	h ɪ t͡ʃ t	h ɪ s	h ɪ s t	h ɪ t͡ʃ t	1	1	1
model_mean	k r æ m p	k r æ m p t	k r æ m p t	k r æ k ə l	k r æ k ə l d	k r æ m p d	1	0	0
model_mean	k æ p ɪ t ə l a ɪ z	k æ p ɪ t ə l a ɪ z d	k æ p ə l a ɪ z d	k æ p t ɪ v e ɪ t	k æ p t ɪ v e ɪ t ə d	k æ p ɪ t ə l a ɪ z ə d	1	0	0
model_mean	k ɑː m p r iː h ɛ n d	k ɑː m p r iː h ɛ n d ə d	k ɑː m p r iː d	k ɑː m ɛ n t	k ɑː m ɛ n t ə d	k ɑː m p r iː h ɛ n d ə d	1	0	1
model_mean	d ɪ s t ɪ ŋ ɡ w ɪ ʃ	d ɪ s t ɪ ŋ ɡ w ɪ ʃ t	d ɪ s t ɪ w ɪ w ɪ ɡ t ə d	d ɪ s t r ɔ ɪ	d ɪ s t r ɔ ɪ d	d ɪ s t ɪ ŋ ɡ w ɪ ʃ d	1	0	0
model_mean	f iː r	f iː r d	f iː r d	f iː d	f ɛ d	NA	1	0	0
model_mean	f r ɪ s k	f r ɪ s k t	f r ɪ s k s k	f r ɔ s t	f r ɔ s t ə d	f r ɪ s k ə d	1	0	0
model_mean	o ʊ v ɹ̩ l æ p	o ʊ v ɹ̩ l æ p t	o ʊ v ɹ̩ l æ l d	o ʊ v ɹ̩ k ə m	o ʊ v ɹ̩ k e ɪ m	NA	1	0	0
model_stem	s p ɛ l	s p ɛ l d	s p ɛ l d	s m ɛ l	s m ɛ l d	s p ɛ l d	1	1	1
model_stem	d uː	d ɪ d	d	b uː	b uː d	d uː d	0	0	0
model_stem	m e ɪ k	m e ɪ d	m e ɪ k t	f e ɪ k	f e ɪ k t	m e ɪ k t	0	1	0
model_stem	ə p r iː ʃ iː e ɪ t	ə p r iː ʃ iː e ɪ t ə d	ə p r iː ʃ iː e ɪ t ə d	s ɛ l ə b r e ɪ t	s ɛ l ə b r e ɪ t ə d	ə p r iː ʃ iː e ɪ t ə d	1	1	1
model_stem	p e ɪ n t	p e ɪ n t ə d	p e ɪ n t ə d	p ɔ ɪ n t	p ɔ ɪ n t ə d	p e ɪ n t ə d	1	1	1
model_stem	iː t	e ɪ t	iː t ə d	ɛ d ə t	ɛ d ə t ə d	iː t ə d	0	1	0
model_stem	p ʊ t	p ʊ t	p ʊ t ə d	p ɪ t	p ɪ t ə d	p ʊ t ə d	0	1	0
model_stem	r ɪ m ɛ m b ɹ̩	r ɪ m ɛ m b ɹ̩ d	r ɪ m ɛ b ɹ̩ b ɹ̩ ɹ̩ d	b ɪ l e ɪ b ɹ̩	b ɪ l e ɪ b ɹ̩ d	r ɪ m ɛ m b ɹ̩ d	1	0	1
model_stem	f ɪ k s	f ɪ k s t	f ɪ k s t	t͡ʃ e ɪ s	t͡ʃ e ɪ s t	f ɪ k s t	1	1	1
model_stem	t ɹ̩ n	t ɹ̩ n d	t ɹ̩ n d	b ɹ̩ n	b ɹ̩ n d	t ɹ̩ n d	1	1	1
model_stem	f l a ɪ	f l uː	f l a ɪ d	k r a ɪ	k r a ɪ d	f l a ɪ d	0	1	0
model_stem	p ɪ k	p ɪ k t	p ɪ k t	t ɪ k	t ɪ k t	p ɪ k t	1	1	1
model_stem	b ʌ m p	b ʌ m p t	b ʌ m p t	d ʌ m p	d ʌ m p t	b ʌ m p t	1	1	1
model_stem	l o ʊ ɹ̩	l o ʊ ɹ̩ d	l o ʊ ɹ̩ d	l ɪ t ɹ̩	l ɪ t ɹ̩ d	l o ʊ ɹ̩ d	1	1	1
model_stem	s k r e ɪ p	s k r e ɪ p t	s k r e ɪ p t	s t r a ɪ p	s t r a ɪ p t	s k r e ɪ p t	1	1	1
model_stem	d ɪ ŋ	d ɪ ŋ d	d ɪ ŋ d	s ɪ ŋ	s æ ŋ	d æ ŋ	1	0	0
model_stem	h a ɪ d	h ɪ d	h a ɪ d ə d	r a ɪ d	r o ʊ d	h o ʊ d	0	0	0
model_stem	p ɔ r	p ɔ r d	p ɔ r d	b ɔ r	b ɔ r d	p ɔ r d	1	1	1
model_stem	k l iː n	k l iː n d	k l iː n d	l iː n	l iː n d	k l iː n d	1	1	1
model_stem	b a ɪ	b ɔ t	b a ɪ d	t a ɪ	t a ɪ d	b a ɪ d	0	1	0
model_stem	n æ p	n æ p t	n æ p t	z æ p	z æ p t	n æ p t	1	1	1
model_stem	n ɑː k	n ɑː k t	n ɑː k t	d ɑː k	d ɑː k t	n ɑː k t	1	1	1
model_stem	w e ɪ k	w o ʊ k	w e ɪ k t	b e ɪ k	b e ɪ k t	w e ɪ k t	0	1	0
model_stem	j uː z	j uː z d	j uː z d	l uː z	l ɔ s t	j ɔ s t	1	0	0
model_stem	r ɪ ŋ	r æ ŋ	r ɪ ŋ	s ɪ ŋ	s æ ŋ	r æ ŋ	0	0	1
model_stem	r ʌ b	r ʌ b d	r ʌ b d	d ʌ b	d ʌ b d	r ʌ b d	1	1	1
model_stem	l ɪ k	l ɪ k t	l ɪ k t	t ɪ k	t ɪ k t	l ɪ k t	1	1	1
model_stem	d r ɑː p	d r ɑː p t	d r ɑː p t	f l ɑː p	f l ɑː p t	d r ɑː p t	1	1	1
model_stem	t ɔ k	t ɔ k t	t ɔ k t	t͡ʃ ɔ k	t͡ʃ ɔ k t	t ɔ k t	1	1	1
model_stem	ʃ ʌ v	ʃ ʌ v d	ʃ ʌ v d	l ʌ v	l ʌ v d	ʃ ʌ v d	1	1	1
model_stem	l ɪ s ə n	l ɪ s ə n d	l ɪ s ə n d	l uː s ə n	l uː s ə n d	l ɪ s ə n d	1	1	1
model_stem	m ɛ r iː	m ɛ r iː d	m ɛ r iː d	v ɛ r iː	v ɛ r iː d	m ɛ r iː d	1	1	1
model_stem	b ɑː r k	b ɑː r k t	b ɑː r k t	p ɑː r k	p ɑː r k t	b ɑː r k t	1	1	1
model_stem	p l iː d	p l iː d ə d	p l iː d ə d	b l iː d	b l ɛ d	p l ɛ d	1	0	0
model_stem	s p ɛ n d	s p ɛ n t	s p ɛ n d ə d	s t æ n d	s t ʊ d	NA	0	0	0
model_stem	h æ ŋ	h ʌ ŋ	h æ ŋ d	b æ ŋ	b æ ŋ d	h æ ŋ d	0	1	0
model_stem	f a ɪ ɹ̩	f a ɪ ɹ̩ d	f a ɪ ɹ̩ d	h a ɪ ɹ̩	h a ɪ ɹ̩ d	f a ɪ ɹ̩ d	1	1	1
model_stem	b a ɪ t	b ɪ t	b a ɪ t ə d	w a ɪ t	w a ɪ t ə d	b a ɪ t ə d	0	1	0
model_stem	w ɔ r m	w ɔ r m d	w ɔ r m d	f ɔ r m	f ɔ r m d	w ɔ r m d	1	1	1
model_stem	k ə n ɛ k t	k ə n ɛ k t ə d	k ə n ɛ k t ə d	k ɑː m ɛ n t	k ɑː m ɛ n t ə d	k ə n ɛ k t ə d	1	1	1
model_stem	s p r ɛ d	s p r ɛ d	s p r ɛ d ə d	s t æ n d	s t ʊ d	NA	0	0	0
model_stem	s k w iː z	s k w iː z d	s k w iː z d	ɡ r e ɪ z	ɡ r e ɪ z d	s k w iː z d	1	1	1
model_stem	ɪ r e ɪ s	ɪ r e ɪ s t	ɪ r e ɪ s t	t r e ɪ s	t r e ɪ s t	ɪ r e ɪ s t	1	1	1
model_stem	t a ɪ m	t a ɪ m d	t a ɪ m d	t e ɪ m	t e ɪ m d	t a ɪ m d	1	1	1
model_stem	p ɪ k t͡ʃ ɹ̩	p ɪ k t͡ʃ ɹ̩ d	p ɪ k t͡ʃ ɹ̩ d	p æ m p ɹ̩	p æ m p ɹ̩ d	p ɪ k t͡ʃ ɹ̩ d	1	1	1
model_stem	k æ r iː	k æ r iː d	k æ r iː d	h ɛ r iː	h ɛ r iː d	k æ r iː d	1	1	1
model_stem	k ɪ s	k ɪ s t	k ɪ s t	h ɪ s	h ɪ s t	k ɪ s t	1	1	1
model_stem	r ɪ p l a ɪ	r ɪ p l a ɪ d	r ɪ p l a ɪ d	d r a ɪ	d r a ɪ d	r ɪ p l a ɪ d	1	1	1
model_stem	h ɹ̩ iː	h ɹ̩ iː d	h ɹ̩ iː d	w ɹ̩ iː	w ɹ̩ iː d	h ɹ̩ iː d	1	1	1
model_stem	l o ʊ n	l o ʊ n d	l o ʊ n d	b o ʊ n	b o ʊ n d	l o ʊ n d	1	1	1
model_stem	r ɪ d	r ɪ d	r ɪ d ə d	r iː d	r ɛ d	NA	0	0	0
model_stem	h e ɪ t	h e ɪ t ə d	h e ɪ t ə d	w e ɪ t	w e ɪ t ə d	h e ɪ t ə d	1	1	1
model_stem	s t ɪ ŋ k	s t ʌ ŋ k	s t ɪ ŋ k t	b l ɪ ŋ k	b l ɪ ŋ k t	s t ɪ ŋ k t	0	1	0
model_stem	s t ɪ l	s t ɪ l d	s t ʌ l d	s p ɪ l	s p ɪ l d	s t ɪ l d	1	0	1
model_stem	ɡ r æ b	ɡ r æ b d	ɡ r æ b d	s t æ b	s t æ b d	ɡ r æ b d	1	1	1
model_stem	k ʊ k	k ʊ k t	k ʊ k t	l ʊ k	l ʊ k t	k ʊ k t	1	1	1
model_stem	v o ʊ t	v o ʊ t ə d	v o ʊ t ə d	p a ʊ t	p a ʊ t ə d	v o ʊ t ə d	1	1	1
model_stem	k l iː r	k l iː r d	k l iː r d	s t iː r	s t iː r d	k l iː r d	1	1	1
model_stem	s t e ɪ b ə l a ɪ z	s t e ɪ b ə l a ɪ z d	s t ə l d	s ɪ m b ə l a ɪ z	s ɪ m b ə l a ɪ z d	s t e ɪ b ə l a ɪ z d	1	0	1
model_stem	b iː t	b iː t	b iː t ə d	t͡ʃ iː t	t͡ʃ iː t ə d	b iː t ə d	0	1	0
model_stem	w iː l	w iː l d	w iː l d	h iː l	h iː l d	w iː l d	1	1	1
model_stem	k ɑː s t	k ɑː s t	k ɑː s t ə d	k æ s t	k æ s t	k ɑː s t	0	0	1
model_stem	p æ s	p æ s t	p æ s t	h ɪ s	h ɪ s t	p æ s t	1	1	1
model_stem	iː v ɪ n	iː v ɪ n d	iː v ɪ v d	ɡ r ɪ n	ɡ r ɪ n d	iː v ɪ n d	1	0	1
model_stem	p l ɑː p	p l ɑː p t	p l ɑː p t	f l ɑː p	f l ɑː p t	p l ɑː p t	1	1	1
model_stem	w ɛ l k ə m	w ɛ l k ə m d	w ɛ l k ə m d	r iː t r iː v	r iː t r iː v d	w ɛ l k ə m d	1	1	1
model_stem	b ɪ h e ɪ v	b ɪ h e ɪ v d	b ɪ h e ɪ v d	s ɹ̩ v a ɪ v	s ɹ̩ v a ɪ v d	b ɪ h e ɪ v d	1	1	1
model_stem	m ɪ l k	m ɪ l k t	m ɪ l k t	k l ɪ k	k l ɪ k t	m ɪ l k t	1	1	1
model_stem	b ɔ r d ɹ̩	b ɔ r d ɹ̩ d	b ɔ r d ɹ̩ d	d ɑː k t ɹ̩	d ɑː k t ɹ̩ d	b ɔ r d ɹ̩ d	1	1	1
model_stem	æ k t	æ k t ə d	æ k t	k ʌ t	k ʌ t	æ k t	1	1	0
model_stem	f a ɪ t	f ɔ t	f a ɪ t ə d	w a ɪ t	w a ɪ t ə d	f a ɪ t ə d	0	1	0
model_stem	w a ɪ p	w a ɪ p t	w a ɪ p t	p a ɪ p	p a ɪ p t	w a ɪ p t	1	1	1
model_stem	p ɹ̩ f ɛ k t	p ɹ̩ f ɛ k t ə d	p ɹ̩ f ɛ k t ə d	ə t r æ k t	ə t r æ k t ə d	p ɹ̩ f ɛ k t ə d	1	1	1
model_stem	r ɪ l a ɪ	r ɪ l a ɪ d	r ɪ l a ɪ d	d ɪ n a ɪ	d ɪ n a ɪ d	r ɪ l a ɪ d	1	1	1
model_stem	t͡ʃ ɑː p	t͡ʃ ɑː p t	t͡ʃ ɑː p t	p ɑː p	p ɑː p t	t͡ʃ ɑː p t	1	1	1
model_stem	ʃ a ʊ t	ʃ a ʊ t ə d	ʃ a ʊ t ə d	p a ʊ t	p a ʊ t ə d	ʃ a ʊ t ə d	1	1	1
model_stem	b ɪ z iː	b ɪ z iː d	b ɪ z iː z	k ɑː p iː	k ɑː p iː d	b ɪ z iː d	1	0	1
model_stem	p ʌ m p	p ʌ m p t	p ʌ m p t	d ʌ m p	d ʌ m p t	p ʌ m p t	1	1	1
model_stem	d r ɪ b ə l	d r ɪ b ə l d	d r ɪ b ə l d	t r ɪ p ə l	t r ɪ p ə l d	d r ɪ b ə l d	1	1	1
model_stem	ɡ ɑː b ə l	ɡ ɑː b ə l d	ɡ ɑː b ə l d	d͡ʒ ʌ ɡ ə l	d͡ʒ ʌ ɡ ə l d	ɡ ɑː b ə l d	1	1	1
model_stem	ə p r o ʊ p r iː e ɪ t	ə p r o ʊ p r iː e ɪ t ə d	ə p r o ʊ r iː p r d	k ɑː n s ə n t r e ɪ t	k ɑː n s ə n t r e ɪ t ə d	ə p r o ʊ p r iː e ɪ t ə d	1	0	1
model_stem	s l æ p	s l æ p t	s l æ p t	s n æ p	s n æ p t	s l æ p t	1	1	1
model_stem	p r ə t ɛ k t	p r ə t ɛ k t ə d	p r ə t ɛ k t ə d	k ə n t ɛ n t	k ə n t ɛ n t ə d	p r ə t ɛ k t ə d	1	1	1
model_stem	b æ k	b æ k t	b æ k t	b ʊ k	b ʊ k t	b æ k t	1	1	1
model_stem	ɪ k s ɛ p t	ɪ k s ɛ p t ə d	ɪ k s ɛ p t ə d	s ə d͡ʒ ɛ s t	s ə d͡ʒ ɛ s t ə d	ɪ k s ɛ p t ə d	1	1	1
model_stem	h ʌ ɡ	h ʌ ɡ d	h ʌ ɡ d	t ʌ ɡ	t ʌ ɡ d	h ʌ ɡ d	1	1	1
model_stem	f r a ɪ	f r a ɪ d	f r a ɪ d	d r a ɪ	d r a ɪ d	f r a ɪ d	1	1	1
model_stem	r ɔ r	r ɔ r d	r ɔ r d	b ɔ r	b ɔ r d	r ɔ r d	1	1	1
model_stem	p r e ɪ	p r e ɪ d	p r e ɪ d	p r a ɪ	p r a ɪ d	p r e ɪ d	1	1	1
model_stem	s m æ k	s m æ k t	s m æ k t	s n æ k	s n æ k t	s m æ k t	1	1	1
model_stem	w ɔ t ɹ̩	w ɔ t ɹ̩ d	w ɔ t ɹ̩ d	b æ t ɹ̩	b æ t ɹ̩ d	w ɔ t ɹ̩ d	1	1	1
model_stem	s k w ɹ̩ t	s k w ɹ̩ t ə d	s k w ɹ̩ t ə d	ɪ ɡ z ɹ̩ t	ɪ ɡ z ɹ̩ t ə d	s k w ɹ̩ t ə d	1	1	1
model_stem	l a ɪ t	l ɪ t	l a ɪ t ə d	l ɪ f t	l ɪ f t ə d	l a ɪ t ə d	0	1	0
model_stem	f l ʌ ʃ	f l ʌ ʃ t	f l ʌ ʃ t	b l ʌ ʃ	b l ʌ ʃ t	f l ʌ ʃ t	1	1	1
model_stem	p ɛ t	p ɛ t ə d	p ɛ t	b ɛ t	b ɛ t	p ɛ t	1	1	0
model_stem	s e ɪ l	s e ɪ l d	s e ɪ l d	t e ɪ l	t e ɪ l d	s e ɪ l d	1	1	1
model_stem	m æ n ə d͡ʒ	m æ n ə d͡ʒ d	m æ n ə d͡ʒ d	d æ m ə d͡ʒ	d æ m ə d͡ʒ d	m æ n ə d͡ʒ d	1	1	1
model_stem	ə n f o ʊ l d	ə n f o ʊ l d ə d	ə n f o ʊ l d ə d	r iː b a ʊ n d	r iː b a ʊ n d ə d	ə n f o ʊ l d ə d	1	1	1
model_stem	k ɪ d	k ɪ d ə d	k ɪ d ə d	h ɛ d	h ɛ d ə d	k ɪ d ə d	1	1	1
model_stem	s p a ɪ k	s p a ɪ k t	s p a ɪ k t	b r e ɪ k	b r o ʊ k	NA	1	0	0
model_stem	p iː s	p iː s t	p iː s t	s iː s	s iː s t	p iː s t	1	1	1
model_stem	p ɛ r	p ɛ r d	p ɛ r d	ʃ ɛ r	ʃ ɛ r d	p ɛ r d	1	1	1
model_stem	s w ɑː l o ʊ	s w ɑː l o ʊ d	s w ɑː l o ʊ l	ə l a ʊ	ə l a ʊ d	s w ɑː l o ʊ d	1	0	1
model_stem	s p æ ŋ k	s p æ ŋ k t	s p æ ŋ k t	p l ʌ ŋ k	p l ʌ ŋ k t	s p æ ŋ k t	1	1	1
model_stem	k r ɔ l	k r ɔ l d	k r ɔ l d	b ɔ ɪ l	b ɔ ɪ l d	k r ɔ l d	1	1	1
model_stem	r ɑː b	r ɑː b d	r ɑː b d	d ʌ b	d ʌ b d	r ɑː b d	1	1	1
model_stem	s l ɪ p	s l ɪ p t	s l ɪ p t	s k ɪ p	s k ɪ p t	s l ɪ p t	1	1	1
model_stem	z ɪ p ɹ̩	z ɪ p ɹ̩ d	z ɪ p ɹ̩ d	p a ʊ ɹ̩	p a ʊ ɹ̩ d	z ɪ p ɹ̩ d	1	1	1
model_stem	r ʌ ʃ	r ʌ ʃ t	r ʌ ʃ t	h ʌ ʃ	h ʌ ʃ t	r ʌ ʃ t	1	1	1
model_stem	f r a ɪ t ə n	f r a ɪ t ə n d	f r a ɪ t ə n d	ə n b ʌ t ə n	ə n b ʌ t ə n d	f r a ɪ t ə n d	1	1	1
model_stem	s ə l ɛ k t	s ə l ɛ k t ə d	s ə l ɛ k t ə d	s ɪ m ɛ n t	s ɪ m ɛ n t ə d	s ə l ɛ k t ə d	1	1	1
model_stem	k ɔ f	k ɔ f t	k ɔ f t	b iː f	b iː f t	k ɔ f t	1	1	1
model_stem	d ʌ ŋ k	d ʌ ŋ k t	d ʌ ŋ k t	d͡ʒ ʌ ŋ k	d͡ʒ ʌ ŋ k t	d ʌ ŋ k t	1	1	1
model_stem	b æ n d ɪ d͡ʒ	b æ n d ɪ d͡ʒ d	b æ n d ɪ d͡ʒ d	ɛ n k ɹ̩ ɪ d͡ʒ	ɛ n k ɹ̩ ɪ d͡ʒ d	b æ n d ɪ d͡ʒ d	1	1	1
model_stem	w ɪ ŋ	w ɪ ŋ d	w ɪ ŋ	s ɪ ŋ	s æ ŋ	w æ ŋ	1	0	0
model_stem	t͡ʃ ɪ k ə n	t͡ʃ ɪ k ə n d	t͡ʃ ɪ k ə n d	r ɛ k ə n	r ɛ k ə n d	t͡ʃ ɪ k ə n d	1	1	1
model_stem	m e ɪ l	m e ɪ l d	m e ɪ l d	n e ɪ l	n e ɪ l d	m e ɪ l d	1	1	1
model_stem	b ʌ d͡ʒ	b ʌ d͡ʒ d	b ʌ d͡ʒ d	f ʌ d͡ʒ	f ʌ d͡ʒ d	b ʌ d͡ʒ d	1	1	1
model_stem	w ɔ r n	w ɔ r n d	w ɔ r n d	d ɑː r n	d ɑː r n d	w ɔ r n d	1	1	1
model_stem	b ʌ k ə l	b ʌ k ə l d	b ʌ k ə l d	t͡ʃ ʌ k ə l	t͡ʃ ʌ k ə l d	b ʌ k ə l d	1	1	1
model_stem	t iː t ɹ̩	t iː t ɹ̩ d	t iː t ɹ̩ d	p iː t ɹ̩	p iː t ɹ̩ d	t iː t ɹ̩ d	1	1	1
model_stem	s w ɪ ʃ	s w ɪ ʃ t	s w ɪ ʃ t	s w uː ʃ	s w uː ʃ t	s w ɪ ʃ t	1	1	1
model_stem	ʃ ʌ v ə l	ʃ ʌ v ə l d	ʃ ʌ v ə l d	l ɛ v ə l	l ɛ v ə l d	ʃ ʌ v ə l d	1	1	1
model_stem	ɛ n t ɹ̩	ɛ n t ɹ̩ d	ɛ n t ɹ̩ d	æ n s ɹ̩	æ n s ɹ̩ d	ɛ n t ɹ̩ d	1	1	1
model_stem	ɡ r æ v ə t e ɪ t	ɡ r æ v ə t e ɪ t ə d	ɡ r æ v ə t e ɪ t ə d	ɡ r æ d͡ʒ ə w e ɪ t	ɡ r æ d͡ʒ ə w e ɪ t ə d	ɡ r æ v ə t e ɪ t ə d	1	1	1
model_stem	n o ʊ t	n o ʊ t ə d	n o ʊ t ə d	p a ʊ t	p a ʊ t ə d	n o ʊ t ə d	1	1	1
model_stem	k r ʌ ʃ	k r ʌ ʃ t	k r ʌ ʃ t	b r ʌ ʃ	b r ʌ ʃ t	k r ʌ ʃ t	1	1	1
model_stem	s w ɑː p	s w ɑː p t	s w ɑː p t	s t ɑː p	s t ɑː p t	s w ɑː p t	1	1	1
model_stem	ə p s ɛ t	ə p s ɛ t	ə p s ɛ t ə d	ə r ɛ s t	ə r ɛ s t ə d	ə p s ɛ t ə d	0	1	0
model_stem	s iː s ɔ	s iː s ɔ d	s iː s ɔ t	s n ɪ f	s n ɪ f t	s iː s ɔ t	1	1	0
model_stem	m ɛ r ɪ t	m ɛ r ɪ t ə d	m ɛ r ɪ t ə d	ɡ r e ɪ t	ɡ r e ɪ t ə d	m ɛ r ɪ t ə d	1	1	1
model_stem	k ə l ɛ k t	k ə l ɛ k t ə d	k ə l ɛ k t ə d	k ɑː m ɛ n t	k ɑː m ɛ n t ə d	k ə l ɛ k t ə d	1	1	1
model_stem	b e ɪ ð	b e ɪ ð d	b e ɪ ð d	b r iː ð	b r iː ð d	b e ɪ ð d	1	1	1
model_stem	k r æ ŋ k	k r æ ŋ k t	k r æ ŋ k t	f r æ ŋ k	f r æ ŋ k t	k r æ ŋ k t	1	1	1
model_stem	t͡ʃ ʌ k	t͡ʃ ʌ k t	t͡ʃ ʌ k t	b ʊ k	b ʊ k t	t͡ʃ ʌ k t	1	1	1
model_stem	p ʌ f	p ʌ f t	p ʌ f t	h ʌ f	h ʌ f t	p ʌ f t	1	1	1
model_stem	p r ɑː d͡ʒ ɛ k t	p r ɑː d͡ʒ ɛ k t ə d	p r ɑː d͡ʒ ɛ k t ə d	p r ɪ v ɛ n t	p r ɪ v ɛ n t ə d	p r ɑː d͡ʒ ɛ k t ə d	1	1	1
model_stem	t r ɪ p	t r ɪ p t	t r ɪ p t	d r ɪ p	d r ɪ p t	t r ɪ p t	1	1	1
model_stem	r ɪ l æ k s	r ɪ l æ k s t	r ɪ l æ k s t	ə d v æ n s	ə d v æ n s t	r ɪ l æ k s t	1	1	1
model_stem	d ɪ l iː t	d ɪ l iː t ə d	d ɪ l iː t ə d	ə n s iː t	ə n s iː t ə d	d ɪ l iː t ə d	1	1	1
model_stem	r iː b ɪ l d	r iː b ɪ l t	r iː b ɪ l d ə d	s k o ʊ l d	s k o ʊ l d ə d	r iː b ɪ l d ə d	0	1	0
model_stem	b ɛ r iː	b ɛ r iː d	b ɛ r iː d	h ɛ r iː	h ɛ r iː d	b ɛ r iː d	1	1	1
model_stem	ɡ l ɛ r	ɡ l ɛ r d	ɡ l ɛ r d	s t ɛ r	s t ɛ r d	ɡ l ɛ r d	1	1	1
model_stem	ʃ ʌ t ə l	ʃ ʌ t ə l d	ʃ ʌ t ə l d	t ɪ k ə l	t ɪ k ə l d	ʃ ʌ t ə l d	1	1	1
model_stem	s t ɔ l	s t ɔ l d	s t ɔ l d	b ɔ ɪ l	b ɔ ɪ l d	s t ɔ l d	1	1	1
model_stem	t æ p	t æ p t	t æ p t	z æ p	z æ p t	t æ p t	1	1	1
model_stem	w ɪ s p ɹ̩	w ɪ s p ɹ̩ d	w ɪ s p ɹ̩ d	p æ m p ɹ̩	p æ m p ɹ̩ d	w ɪ s p ɹ̩ d	1	1	1
model_stem	d r ɪ l	d r ɪ l d	d r ɪ l d	ɡ r ɪ l	ɡ r ɪ l d	d r ɪ l d	1	1	1
model_stem	s p e ɪ s	s p e ɪ s t	s p e ɪ s t	s p a ɪ s	s p a ɪ s t	s p e ɪ s t	1	1	1
model_stem	v æ k j uː m	v æ k j uː m d	v æ k j uː m d	m ʌ ʃ r uː m	m ʌ ʃ r uː m d	v æ k j uː m d	1	1	1
model_stem	f ɛ n s	f ɛ n s t	f ɛ n s t	t͡ʃ e ɪ s	t͡ʃ e ɪ s t	f ɛ n s t	1	1	1
model_stem	l a ɪ n	l a ɪ n d	l a ɪ n d	m a ɪ n	m a ɪ n d	l a ɪ n d	1	1	1
model_stem	p ɹ̩ f ɔ r m	p ɹ̩ f ɔ r m d	p ɹ̩ f ɔ r m d	k ɑː s t uː m	k ɑː s t uː m d	p ɹ̩ f ɔ r m d	1	1	1
model_stem	b uː m	b uː m d	b uː m d	z uː m	z uː m d	b uː m d	1	1	1
model_stem	r ɪ p iː t	r ɪ p iː t ə d	r ɪ p iː t ə d	ə n s iː t	ə n s iː t ə d	r ɪ p iː t ə d	1	1	1
model_stem	b ʌ t ɹ̩	b ʌ t ɹ̩ d	b ʌ t ɹ̩ d	t a ʊ ɹ̩	t a ʊ ɹ̩ d	b ʌ t ɹ̩ d	1	1	1
model_stem	ɑː r m	ɑː r m d	ɑː r m d	h ɑː r m	h ɑː r m d	ɑː r m d	1	1	1
model_stem	ɪ ɡ z ɔ s t	ɪ ɡ z ɔ s t ə d	ɪ ɡ z ɔ s t ə d	ɪ ɡ z ɪ s t	ɪ ɡ z ɪ s t ə d	ɪ ɡ z ɔ s t ə d	1	1	1
model_stem	s ɪ m ɹ̩	s ɪ m ɹ̩ d	s ɪ m ɹ̩ d	ʃ ɪ v ɹ̩	ʃ ɪ v ɹ̩ d	s ɪ m ɹ̩ d	1	1	1
model_stem	b o ʊ t	b o ʊ t ə d	b o ʊ t ə d	p a ʊ t	p a ʊ t ə d	b o ʊ t ə d	1	1	1
model_stem	ʃ æ m p uː	ʃ æ m p uː d	ʃ æ m p uː d	ɑː r ɡ j uː	ɑː r ɡ j uː d	ʃ æ m p uː d	1	1	1
model_stem	w æ ɡ	w æ ɡ d	w æ ɡ d	b æ ɡ	b æ ɡ d	w æ ɡ d	1	1	1
model_stem	p ɪ s	p ɪ s t	p ɪ s t	h ɪ s	h ɪ s t	p ɪ s t	1	1	1
model_stem	s o ʊ k	s o ʊ k t	s o ʊ k t	d͡ʒ o ʊ k	d͡ʒ o ʊ k t	s o ʊ k t	1	1	1
model_stem	s p r a ʊ t	s p r a ʊ t ə d	s p r a ʊ t ə d	s ɪ m ɛ n t	s ɪ m ɛ n t ə d	s p r a ʊ t ə d	1	1	1
model_stem	ə n w a ɪ n d	ə n w a ʊ n d	ə n w a ɪ n d ə d	r iː m a ɪ n d	r iː m a ɪ n d ə d	ə n w a ɪ n d ə d	0	1	0
model_stem	ə n r æ p	ə n r æ p t	ə n r æ p t	s t r æ p	s t r æ p t	ə n r æ p t	1	1	1
model_stem	r ɑː t	r ɑː t ə d	r ɑː t	s ɛ t	s ɛ t	r ɑː t	1	1	0
model_stem	t͡ʃ a ɪ m	t͡ʃ a ɪ m d	t͡ʃ a ɪ m d	r a ɪ m	r a ɪ m d	t͡ʃ a ɪ m d	1	1	1
model_stem	k ə n t r ɪ b j uː t	k ə n t r ɪ b j uː t ə d	k ə n t r ɪ b uː t uː d	ɛ k s t r ə k e ɪ t	ɛ k s t r ə k e ɪ t ə d	k ə n t r ɪ b j uː t ə d	1	0	1
model_stem	s t ɔ k	s t ɔ k t	s t ɔ k t	s t æ k	s t æ k t	s t ɔ k t	1	1	1
model_stem	f a ɪ l	f a ɪ l d	f a ɪ l d	t a ɪ l	t a ɪ l d	f a ɪ l d	1	1	1
model_stem	s k w iː k	s k w iː k t	s k w iː k t	p l ʌ ŋ k	p l ʌ ŋ k t	s k w iː k t	1	1	1
model_stem	ɡ r e ɪ s	ɡ r e ɪ s t	ɡ r e ɪ s t	t r e ɪ s	t r e ɪ s t	ɡ r e ɪ s t	1	1	1
model_stem	b ɪ d	b e ɪ d	b ɪ d ə d	b ɛ d	b ɛ d ə d	b ɪ d ə d	0	1	0
model_stem	ɡ r iː n	ɡ r iː n d	ɡ r iː n d	ɡ r ɪ n	ɡ r ɪ n d	ɡ r iː n d	1	1	1
model_stem	w ɑː f ə l	w ɑː f ə l d	w ɑː f ə l d	w ɑː b ə l	w ɑː b ə l d	w ɑː f ə l d	1	1	1
model_stem	ɔ θ ɹ̩	ɔ θ ɹ̩ d	ɔ θ ɹ̩ d	s t ɹ̩	s t ɹ̩ d	ɔ θ ɹ̩ d	1	1	1
model_stem	k l a ʊ d	k l a ʊ d ə d	k l a ʊ d ə d	k r a ʊ d	k r a ʊ d ə d	k l a ʊ d ə d	1	1	1
model_stem	t r ʌ s t	t r ʌ s t ə d	t r ʌ s t ə d	t w ɪ s t	t w ɪ s t ə d	t r ʌ s t ə d	1	1	1
model_stem	k r iː e ɪ t	k r iː e ɪ t ə d	k r iː e ɪ t ə d	k w a ɪ ə t	k w a ɪ ə t ə d	k r iː e ɪ t ə d	1	1	1
model_stem	k ɑː r v	k ɑː r v d	k ɑː r v d	s ɑː l v	s ɑː l v d	k ɑː r v d	1	1	1
model_stem	r uː l	r uː l d	r uː l d	f uː l	f uː l d	r uː l d	1	1	1
model_stem	r iː m uː v	r iː m uː v d	r iː m uː v d	ə p r uː v	ə p r uː v d	r iː m uː v d	1	1	1
model_stem	r ɔ ŋ	r ɔ ŋ d	r ɔ ŋ d	l ɔ ŋ	l ɔ ŋ d	r ɔ ŋ d	1	1	1
model_stem	ɪ n d͡ʒ ɹ̩	ɪ n d͡ʒ ɹ̩ d	ɪ n d͡ʒ ɹ̩ d	ʃ a ʊ ɹ̩	ʃ a ʊ ɹ̩ d	ɪ n d͡ʒ ɹ̩ d	1	1	1
model_stem	w uː p	w uː p t	w uː p t	p uː p	p uː p t	w uː p t	1	1	1
model_stem	m ə n ɪ p j ə l e ɪ t	m ə n ɪ p j ə l e ɪ t ə d	m ə n ɪ l d	k ə m j uː n ə k e ɪ t	k ə m j uː n ə k e ɪ t ə d	m ə n ɪ p j ə l e ɪ t ə d	1	0	1
model_stem	b e ɪ l	b e ɪ l d	b e ɪ l d	t e ɪ l	t e ɪ l d	b e ɪ l d	1	1	1
model_stem	s ʌ f ɹ̩	s ʌ f ɹ̩ d	s ʌ f ɹ̩ d	s a ʊ ɹ̩	s a ʊ ɹ̩ d	s ʌ f ɹ̩ d	1	1	1
model_stem	f e ɪ s	f e ɪ s t	f e ɪ s t	t͡ʃ e ɪ s	t͡ʃ e ɪ s t	f e ɪ s t	1	1	1
model_stem	p ɑː k ə t	p ɑː k ə t ə d	p ɑː k ə t ə d	f ɛ r ə t	f ɛ r ə t ə d	p ɑː k ə t ə d	1	1	1
model_stem	d͡ʒ ɹ̩ k	d͡ʒ ɹ̩ k t	d͡ʒ ɹ̩ k t	d͡ʒ æ k	d͡ʒ æ k t	d͡ʒ ɹ̩ k t	1	1	1
model_stem	l æ s t	l æ s t ə d	l æ s t ə d	l ɪ s t	l ɪ s t	l æ s t	1	0	0
model_stem	s iː l	s iː l d	s iː l d	h iː l	h iː l d	s iː l d	1	1	1
model_stem	r ʌ m ɪ d͡ʒ	r ʌ m ɪ d͡ʒ d	r ʌ m ɪ d͡ʒ d	r e ɪ n d͡ʒ	r e ɪ n d͡ʒ d	r ʌ m ɪ d͡ʒ d	1	1	1
model_stem	d ɪ s k ʌ s	d ɪ s k ʌ s t	d ɪ s k ʌ s t	z ɪ r ɑː k s	z ɪ r ɑː k s t	d ɪ s k ʌ s t	1	1	1
model_stem	h æ l o ʊ	h æ l o ʊ d	h æ l o ʊ d	b ɛ l o ʊ	b ɛ l o ʊ d	h æ l o ʊ d	1	1	1
model_stem	ɪ n s p ɛ k t	ɪ n s p ɛ k t ə d	ɪ n s p ɛ k t ə d	ɪ k s p ɛ k t	ɪ k s p ɛ k t ə d	ɪ n s p ɛ k t ə d	1	1	1
model_stem	d r ʌ ɡ	d r ʌ ɡ d	d r ʌ ɡ d	d r æ ɡ	d r æ ɡ d	d r ʌ ɡ d	1	1	1
model_stem	o ʊ v ɹ̩ f l o ʊ	o ʊ v ɹ̩ f l o ʊ d	o ʊ v ɹ̩ f l d	d ɪ s p l e ɪ	d ɪ s p l e ɪ d	o ʊ v ɹ̩ f l o ʊ d	1	0	1
model_stem	f e ɪ v ɹ̩	f e ɪ v ɹ̩ d	f e ɪ v ɹ̩ d	n ʌ m b ɹ̩	n ʌ m b ɹ̩ d	f e ɪ v ɹ̩ d	1	1	1
model_stem	p æ d	p æ d ə d	p æ d ə d	ʃ ɛ d	ʃ ɛ d ə d	p æ d ə d	1	1	1
model_stem	b l ɛ n d	b l ɛ n d ə d	b l ɛ n d ə d	h o ʊ l d	h ɛ l d	NA	1	0	0
model_stem	ɪ n t ɹ̩ f ɪ r	ɪ n t ɹ̩ f ɪ r d	ɪ n t ɹ̩ f ɪ f ɪ	ɔ r ɡ ə n a ɪ z	ɔ r ɡ ə n a ɪ z d	ɪ n t ɹ̩ f ɪ r d	1	0	1
model_stem	l ɑː p	l ɑː p t	l ɑː p t	p ɑː p	p ɑː p t	l ɑː p t	1	1	1
model_stem	ɡ a ɪ d	ɡ a ɪ d ə d	ɡ a ɪ d ə d	r a ɪ d	r o ʊ d	ɡ o ʊ d	1	0	0
model_stem	d ɪ v a ɪ d	d ɪ v a ɪ d ə d	d ɪ v a ɪ d ə d	d ɪ s a ɪ d	d ɪ s a ɪ d ə d	d ɪ v a ɪ d ə d	1	1	1
model_stem	d ɪ f a ɪ	d ɪ f a ɪ d	d ɪ f a ɪ d	ə n t a ɪ	ə n t a ɪ d	d ɪ f a ɪ d	1	1	1
model_stem	ɪ n t ɹ̩ m ɪ k s	ɪ n t ɹ̩ m ɪ k s t	ɪ n t ɹ̩ m ɪ m ɪ s t ə d	ɪ n t r ə d uː s	ɪ n t r ə d uː s t	ɪ n t ɹ̩ m ɪ k s t	1	0	1
model_stem	k j ʊ r	k j ʊ r d	k j uː r d	s k ɔ r	s k ɔ r d	k j ʊ r d	1	0	1
model_stem	t r æ v ə l	t r æ v ə l d	t r æ v ə l d	t r ɪ p ə l	t r ɪ p ə l d	t r æ v ə l d	1	1	1
model_stem	k ɑː ŋ k ɹ̩	k ɑː ŋ k ɹ̩ d	k ɑː ŋ k ɹ̩ d	f l ɪ k ɹ̩	f l ɪ k ɹ̩ d	k ɑː ŋ k ɹ̩ d	1	1	1
model_stem	s k ɪ d	s k ɪ d ə d	s k ɪ d ə d	s a ɪ d	s a ɪ d ə d	s k ɪ d ə d	1	1	1
model_stem	r ɪ z ɛ m b ə l	r ɪ z ɛ m b ə l d	r ɪ z ɛ m b ə l d	r iː s a ɪ k ə l	r iː s a ɪ k ə l d	r ɪ z ɛ m b ə l d	1	1	1
model_stem	b æ n d	b æ n d ə d	b æ n d ə d	b ɛ n d	b ɛ n d ə d	b æ n d ə d	1	1	1
model_stem	k o ʊ ɔ r d ə n e ɪ t	k o ʊ ɔ r d ə n e ɪ t ə d	k r ə n o ʊ n d	k ə m j uː n ə k e ɪ t	k ə m j uː n ə k e ɪ t ə d	k o ʊ ɔ r d ə n e ɪ t ə d	1	0	1
model_stem	s iː p	s iː p t	s iː p t	l iː p	l ɛ p t	s ɛ p t	1	0	0
model_stem	ɪ n k w a ɪ ɹ̩	ɪ n k w a ɪ ɹ̩ d	ɪ n k w a ɪ ɹ̩ d	r iː k w a ɪ ɹ̩	r iː k w a ɪ ɹ̩ d	ɪ n k w a ɪ ɹ̩ d	1	1	1
model_stem	t͡ʃ ɛ r	t͡ʃ ɛ r d	t͡ʃ ɛ r d	d ɛ r	d ɛ r d	t͡ʃ ɛ r d	1	1	1
model_stem	s k ʌ f	s k ʌ f t	s k ʌ f t	s t ʌ f	s t ʌ f t	s k ʌ f t	1	1	1
model_stem	r ɪ p ɛ r	r ɪ p ɛ r d	r ɪ p ɛ r d	s k w ɛ r	s k w ɛ r d	r ɪ p ɛ r d	1	1	1
model_stem	ɪ k s t ɛ n d	ɪ k s t ɛ n d ə d	ɪ k s t ɛ n d ə d	p r iː t ɛ n d	p r iː t ɛ n d ə d	ɪ k s t ɛ n d ə d	1	1	1
model_stem	d ɪ l ɪ n iː e ɪ t	d ɪ l ɪ n iː e ɪ t ə d	d ɪ l ɪ n iː e ɪ t ə d	ɪ l ɪ m ə n e ɪ t	ɪ l ɪ m ə n e ɪ t ə d	d ɪ l ɪ n iː e ɪ t ə d	1	1	1
model_stem	b ɑː r b	b ɑː r b d	b ɑː r b d	s t ʌ b	s t ʌ b d	b ɑː r b d	1	1	1
model_stem	t r ʌ m p	t r ʌ m p t	t r ʌ m p t	t r æ m p	t r æ m p t	t r ʌ m p t	1	1	1
model_stem	p ɑː r t ɪ s ə p e ɪ t	p ɑː r t ɪ s ə p e ɪ t ə d	p ɑː r ə p t ə p ɑː p ɑː r t ə d	ɪ n v ɛ s t ə ɡ e ɪ t	ɪ n v ɛ s t ə ɡ e ɪ t ə d	p ɑː r t ɪ s ə p e ɪ t ə d	1	0	1
model_stem	f l ɹ̩ t	f l ɹ̩ t ə d	f l ɹ̩ t ə d	s k ɹ̩ t	s k ɹ̩ t ə d	f l ɹ̩ t ə d	1	1	1
model_stem	ɡ l ʌ v	ɡ l ʌ v d	ɡ l ʌ v d	l ʌ v	l ʌ v d	ɡ l ʌ v d	1	1	1
model_stem	p r ə s iː d	p r ə s iː d ə d	p r ə s iː d ə d	k ə l a ɪ d	k ə l a ɪ d ə d	p r ə s iː d ə d	1	1	1
model_stem	w ɪ z	w ɪ z d	w ɪ z d	b ʌ z	b ʌ z d	w ɪ z d	1	1	1
model_stem	f l ʌ f	f l ʌ f t	f l ʌ f t	s t ʌ f	s t ʌ f t	f l ʌ f t	1	1	1
model_stem	ə r e ɪ n d͡ʒ	ə r e ɪ n d͡ʒ d	ə r e ɪ n d͡ʒ d	ɪ n ɡ e ɪ d͡ʒ	ɪ n ɡ e ɪ d͡ʒ d	ə r e ɪ n d͡ʒ d	1	1	1
model_stem	k ɔ r ə s p ɑː n d	k ɔ r ə s p ɑː n d ə d	k ɔ r ə s p ɑː r d	ə n d ɹ̩ s t æ n d	ə n d ɹ̩ s t ʊ d	NA	1	0	0
model_stem	ɪ n t ɹ̩ s p ɹ̩ s	ɪ n t ɹ̩ s p ɹ̩ s t	ɪ n t ɹ̩ s p ɹ̩ s t	ɪ n t r ə d uː s	ɪ n t r ə d uː s t	ɪ n t ɹ̩ s p ɹ̩ s t	1	1	1
model_stem	s w ɹ̩ v	s w ɹ̩ v d	s w ɹ̩ v d	w e ɪ v	w e ɪ v d	s w ɹ̩ v d	1	1	1
model_stem	s t æ ɡ ɹ̩	s t æ ɡ ɹ̩ d	s t æ ɡ ɹ̩ d	f ɪ ŋ ɡ ɹ̩	f ɪ ŋ ɡ ɹ̩ d	s t æ ɡ ɹ̩ d	1	1	1
model_stem	ə d͡ʒ ʌ s t	ə d͡ʒ ʌ s t ə d	ə d͡ʒ ʌ s t ə d	ə s ɪ s t	ə s ɪ s t ə d	ə d͡ʒ ʌ s t ə d	1	1	1
model_stem	p r ə p o ʊ z	p r ə p o ʊ z d	p r ə p o ʊ z d	ɪ k s p o ʊ z	ɪ k s p o ʊ z d	p r ə p o ʊ z d	1	1	1
model_stem	p æ t͡ʃ	p æ t͡ʃ t	p æ t͡ʃ t	k æ t͡ʃ	k ɔ t	p ɔ t	1	0	0
model_stem	a ʊ t ɡ r o ʊ	a ʊ t ɡ r uː	a ʊ t w o ʊ r o ʊ t	d ɪ s t r ɔ ɪ	d ɪ s t r ɔ ɪ d	a ʊ t ɡ r o ʊ d	0	0	0
model_stem	æ k s ɛ s ɹ̩ a ɪ z	æ k s ɛ s ɹ̩ a ɪ z d	æ k s ɛ s ɹ̩ a ɪ z d	r ɛ k ə ɡ n a ɪ z	r ɛ k ə ɡ n a ɪ z d	æ k s ɛ s ɹ̩ a ɪ z d	1	1	1
model_stem	d͡ʒ ɑː r	d͡ʒ ɑː r d	d͡ʒ ɑː r d	b ɑː r	b ɑː r d	d͡ʒ ɑː r d	1	1	1
model_stem	p l e ɪ n	p l e ɪ n d	p l e ɪ n d	t r e ɪ n	t r e ɪ n d	p l e ɪ n d	1	1	1
model_stem	r iː v j uː	r iː v j uː d	r iː v j uː d	ɑː r ɡ j uː	ɑː r ɡ j uː d	r iː v j uː d	1	1	1
model_stem	w ɑː d	w ɑː d ə d	w ɑː d ə d	w ɛ d	w ɛ d	w ɑː d	1	0	0
model_stem	f r ɛ k ə l	f r ɛ k ə l d	f r ɛ k ə l d	f ʌ m b ə l	f ʌ m b ə l d	f r ɛ k ə l d	1	1	1
model_stem	k ə m b a ɪ n	k ə m b a ɪ n d	k ə m b a ɪ n d	k ə n f a ɪ n	k ə n f a ɪ n d	k ə m b a ɪ n d	1	1	1
model_stem	o ʊ v ɹ̩ l o ʊ d	o ʊ v ɹ̩ l o ʊ d ə d	o ʊ v ɹ̩ l o ʊ d	r ɛ k ə m ɛ n d	r ɛ k ə m ɛ n d ə d	o ʊ v ɹ̩ l o ʊ d ə d	1	0	1
model_stem	t ɪ ŋ k ə l	t ɪ ŋ k ə l d	t ɪ ŋ k ə l d	t æ ŋ ɡ ə l	t æ ŋ ɡ ə l d	t ɪ ŋ k ə l d	1	1	1
model_stem	ɡ l æ s	ɡ l æ s t	ɡ l æ s t	k l æ s	k l æ s t	ɡ l æ s t	1	1	1
model_stem	ə t ɛ n d	ə t ɛ n d ə d	ə t ɛ n d ə d	ə v ɔ ɪ d	ə v ɔ ɪ d ə d	ə t ɛ n d ə d	1	1	1
model_stem	t͡ʃ ɑː r m	t͡ʃ ɑː r m d	t͡ʃ ɑː r m d	f ɑː r m	f ɑː r m d	t͡ʃ ɑː r m d	1	1	1
model_stem	n iː d ə l	n iː d ə l d	n iː d ə l d	m ʌ d ə l	m ʌ d ə l d	n iː d ə l d	1	1	1
model_stem	r ɛ d͡ʒ ɪ s t ɹ̩	r ɛ d͡ʒ ɪ s t ɹ̩ d	r ɛ d͡ʒ ɛ t ə d	s p l ɪ n t ɹ̩	s p l ɪ n t ɹ̩ d	r ɛ d͡ʒ ɪ s t ɹ̩ d	1	0	1
model_stem	ʃ ɛ l t ɹ̩	ʃ ɛ l t ɹ̩ d	ʃ ɛ l t ɹ̩ d	f ɪ l t ɹ̩	f ɪ l t ɹ̩ d	ʃ ɛ l t ɹ̩ d	1	1	1
model_stem	ɡ æ l ə p	ɡ æ l ə p t	ɡ æ l ə p t	ə n z ɪ p	ə n z ɪ p t	ɡ æ l ə p t	1	1	1
model_stem	t r ɪ ɡ ɹ̩	t r ɪ ɡ ɹ̩ d	t r ɪ ɡ ɹ̩ d	f ɪ ŋ ɡ ɹ̩	f ɪ ŋ ɡ ɹ̩ d	t r ɪ ɡ ɹ̩ d	1	1	1
model_stem	k a ʊ t͡ʃ	k a ʊ t͡ʃ t	k a ʊ t͡ʃ t	k l ʌ t͡ʃ	k l ʌ t͡ʃ t	k a ʊ t͡ʃ t	1	1	1
model_stem	s t r ɪ ŋ	s t r ʌ ŋ	s t r ɪ ŋ	s p r ɪ ŋ	s p r æ ŋ	s t r æ ŋ	0	0	0
model_stem	k ə n t ɛ s t	k ə n t ɛ s t ə d	k ə n t ɛ s t ə d	k ə n t ɛ n t	k ə n t ɛ n t ə d	k ə n t ɛ s t ə d	1	1	1
model_stem	f æ n s iː	f æ n s iː d	f æ n s iː d	s t ɛ d iː	s t ɛ d iː d	f æ n s iː d	1	1	1
model_stem	f e ɪ d	f e ɪ d ə d	f e ɪ d ə d	ʃ e ɪ d	ʃ e ɪ d ə d	f e ɪ d ə d	1	1	1
model_stem	t r ɛ ʒ ɹ̩	t r ɛ ʒ ɹ̩ d	t r ɛ ʒ ɹ̩ d	w ɪ n t ɹ̩	w ɪ n t ɹ̩ d	t r ɛ ʒ ɹ̩ d	1	1	1
model_stem	k r ʌ m p ə l	k r ʌ m p ə l d	k r ʌ m p ə l d	k r ʌ m b ə l	k r ʌ m b ə l d	k r ʌ m p ə l d	1	1	1
model_stem	k ɑː n t æ k t	k ɑː n t æ k t ə d	k ɑː n t æ k t ə d	p r iː z ɛ n t	p r iː z ɛ n t ə d	k ɑː n t æ k t ə d	1	1	1
model_stem	m ɔ ɪ s ə n	m ɔ ɪ s ə n d	m ɔ ɪ s ə n d	m o ʊ ʃ ə n	m o ʊ ʃ ə n d	m ɔ ɪ s ə n d	1	1	1
model_stem	p ɑː r t͡ʃ	p ɑː r t͡ʃ t	p ɑː r t͡ʃ t	m ɑː r t͡ʃ	m ɑː r t͡ʃ t	p ɑː r t͡ʃ t	1	1	1
model_stem	v e ɪ k e ɪ ʃ ə n	v e ɪ k e ɪ ʃ ə n d	v e ɪ k e ɪ ʃ ə f e ɪ d	d͡ʒ ɔ ɪ n	d͡ʒ ɔ ɪ n d	v e ɪ k e ɪ ʃ ə n d	1	0	1
model_stem	f l æ t ɹ̩	f l æ t ɹ̩ d	f l æ t ɹ̩ d	f ɪ l t ɹ̩	f ɪ l t ɹ̩ d	f l æ t ɹ̩ d	1	1	1
model_stem	d ɪ f iː t	d ɪ f iː t ə d	d ɪ f iː t ə d	d ɹ̩ ɛ k t	d ɹ̩ ɛ k t ə d	d ɪ f iː t ə d	1	1	1
model_stem	t r ɛ m b ə l	t r ɛ m b ə l d	t r ɛ m b ə l d	ɡ r ʌ m b ə l	ɡ r ʌ m b ə l d	t r ɛ m b ə l d	1	1	1
model_stem	ʌ n d ɹ̩ r a ɪ t	ə n d ɹ̩ r o ʊ t	ʌ n d ɹ̩ r a ɪ t ə d	n æ v ə ɡ e ɪ t	n æ v ə ɡ e ɪ t ə d	ʌ n d ɹ̩ r a ɪ t ə d	0	1	0
model_stem	ə n r æ v ə l	ə n r æ v ə l d	ə n r æ v ə l d	s k r ɪ b ə l	s k r ɪ b ə l d	ə n r æ v ə l d	1	1	1
model_stem	r iː p ʌ l s	r iː p ʌ l s t	r iː p ʌ l s t	n o ʊ t ɪ s	n o ʊ t ɪ s t	r iː p ʌ l s t	1	1	1
model_stem	ɪ n f l e ɪ t	ɪ n f l e ɪ t ə d	ɪ n f l e ɪ t ə d	ɪ m ə t e ɪ t	ɪ m ə t e ɪ t ə d	ɪ n f l e ɪ t ə d	1	1	1
model_stem	r uː t	r uː t ə d	r uː t ə d	s uː t	s uː t ə d	r uː t ə d	1	1	1
model_stem	f ɪ d ə l	f ɪ d ə l d	f ɪ d ə l d	m ʌ d ə l	m ʌ d ə l d	f ɪ d ə l d	1	1	1
model_stem	b l iː t͡ʃ	b l iː t͡ʃ t	b l iː t͡ʃ t	k l ʌ t͡ʃ	k l ʌ t͡ʃ t	b l iː t͡ʃ t	1	1	1
model_stem	ɪ k s p a ɪ ɹ̩	ɪ k s p a ɪ ɹ̩ d	ɪ k s p a ɪ ɹ̩ d	r iː k w a ɪ ɹ̩	r iː k w a ɪ ɹ̩ d	ɪ k s p a ɪ ɹ̩ d	1	1	1
model_stem	t æ t ə l	t æ t ə l d	t æ t ə l d	t æ k ə l	t æ k ə l d	t æ t ə l d	1	1	1
model_stem	d ɪ t e ɪ l	d ɪ t e ɪ l d	d ɪ t e ɪ l d	ɪ n h e ɪ l	ɪ n h e ɪ l d	d ɪ t e ɪ l d	1	1	1
model_stem	t o ʊ t ə l	t o ʊ t ə l d	t o ʊ t ə l d	t e ɪ b ə l	t e ɪ b ə l d	t o ʊ t ə l d	1	1	1
model_stem	t uː l	t uː l d	t uː l d	f uː l	f uː l d	t uː l d	1	1	1
model_stem	æ m b ʊ ʃ	æ m b ʊ ʃ t	æ m b ʊ ʃ t	s k w ɑː ʃ	s k w ɑː ʃ t	æ m b ʊ ʃ t	1	1	1
model_stem	s a ʊ	s a ʊ d	s a ʊ d	s o ʊ	s o ʊ d	s a ʊ d	1	1	1
model_stem	r ɪ k ɔ l	r ɪ k ɔ l d	r ɪ k ɔ l d	r æ t ə l	r æ t ə l d	r ɪ k ɔ l d	1	1	1
model_stem	p r ɑː p	p r ɑː p t	p r ɑː p t	k r ɑː p	k r ɑː p t	p r ɑː p t	1	1	1
model_stem	f l iː	f l ɛ d	f l iː d	f r iː	f r iː d	f l iː d	0	1	0
model_stem	b l uː m	b l uː m d	b l uː m d	s l æ m	s l æ m d	b l uː m d	1	1	1
model_stem	n o ʊ z d a ɪ v	n o ʊ z d a ɪ v d	n o ʊ z d a ɪ v d	d ɪ z ɹ̩ v	d ɪ z ɹ̩ v d	n o ʊ z d a ɪ v d	1	1	1
model_stem	ʃ æ t ɹ̩	ʃ æ t ɹ̩ d	ʃ æ t ɹ̩ d	b æ t ɹ̩	b æ t ɹ̩ d	ʃ æ t ɹ̩ d	1	1	1
model_stem	h ɪ t͡ʃ	h ɪ t͡ʃ t	h ɪ t͡ʃ t	p ɪ t͡ʃ	p ɪ t͡ʃ t	h ɪ t͡ʃ t	1	1	1
model_stem	k r æ m p	k r æ m p t	k r æ m p t	k l æ m p	k l æ m p t	k r æ m p t	1	1	1
model_stem	k æ p ɪ t ə l a ɪ z	k æ p ɪ t ə l a ɪ z d	k æ p ə l a ɪ z d	t ɛ r ə r a ɪ z	t ɛ r ə r a ɪ z d	k æ p ɪ t ə l a ɪ z d	1	0	1
model_stem	k ɑː m p r iː h ɛ n d	k ɑː m p r iː h ɛ n d ə d	k ɑː m p r iː d	r ɛ k ə m ɛ n d	r ɛ k ə m ɛ n d ə d	k ɑː m p r iː h ɛ n d ə d	1	0	1
model_stem	d ɪ s t ɪ ŋ ɡ w ɪ ʃ	d ɪ s t ɪ ŋ ɡ w ɪ ʃ t	d ɪ s t ɪ w ɪ w ɪ ɡ t ə d	ɡ uː f	ɡ uː f t	d ɪ s t ɪ ŋ ɡ w ɪ ʃ t	1	0	1
model_stem	f iː r	f iː r d	f iː r d	t͡ʃ iː r	t͡ʃ iː r d	f iː r d	1	1	1
model_stem	f r ɪ s k	f r ɪ s k t	f r ɪ s k s k	ə n l ɑː k	ə n l ɑː k t	f r ɪ s k t	1	0	1
model_stem	o ʊ v ɹ̩ l æ p	o ʊ v ɹ̩ l æ p t	o ʊ v ɹ̩ l æ l d	s n æ p	s n æ p t	o ʊ v ɹ̩ l æ p t	1	0	1
string	s p ɛ l	s p ɛ l d	s p ɛ l d	s m ɛ l	s m ɛ l d	s p ɛ l d	1	1	1
string	d uː	d ɪ d	d	s uː	s uː d	d uː d	0	0	0
string	m e ɪ k	m e ɪ d	m e ɪ k t	t e ɪ k	t ʊ k	m ʊ k	0	0	0
string	ə p r iː ʃ iː e ɪ t	ə p r iː ʃ iː e ɪ t ə d	ə p r iː ʃ iː e ɪ t ə d	ɪ n ɪ ʃ iː e ɪ t	ɪ n ɪ ʃ iː e ɪ t ə d	ə p r iː ʃ iː e ɪ t ə d	1	1	1
string	p e ɪ n t	p e ɪ n t ə d	p e ɪ n t ə d	p ɔ ɪ n t	p ɔ ɪ n t ə d	p e ɪ n t ə d	1	1	1
string	iː t	e ɪ t	iː t ə d	s iː t	s iː t ə d	iː t ə d	0	1	0
string	p ʊ t	p ʊ t	p ʊ t ə d	p ɑː t	p ɑː t ə d	p ʊ t ə d	0	1	0
string	r ɪ m ɛ m b ɹ̩	r ɪ m ɛ m b ɹ̩ d	r ɪ m ɛ b ɹ̩ b ɹ̩ ɹ̩ d	s ɪ m ɛ n t	s ɪ m ɛ n t ə d	r ɪ m ɛ m b ɹ̩ ə d	1	0	0
string	f ɪ k s	f ɪ k s t	f ɪ k s t	m ɪ k s	m ɪ k s t	f ɪ k s t	1	1	1
string	t ɹ̩ n	t ɹ̩ n d	t ɹ̩ n d	l ɹ̩ n	l ɹ̩ n d	t ɹ̩ n d	1	1	1
string	f l a ɪ	f l uː	f l a ɪ d	l a ɪ	l e ɪ	f l e ɪ	0	0	0
string	p ɪ k	p ɪ k t	p ɪ k t	p ɪ ŋ	p ɪ ŋ d	p ɪ k d	1	0	0
string	b ʌ m p	b ʌ m p t	b ʌ m p t	d͡ʒ ʌ m p	d͡ʒ ʌ m p t	b ʌ m p t	1	1	1
string	l o ʊ ɹ̩	l o ʊ ɹ̩ d	l o ʊ ɹ̩ d	l o ʊ d	l o ʊ d ə d	l o ʊ ɹ̩ ə d	1	0	0
string	s k r e ɪ p	s k r e ɪ p t	s k r e ɪ p t	s t r ɪ p	s t r ɪ p t	s k r e ɪ p t	1	1	1
string	d ɪ ŋ	d ɪ ŋ d	d ɪ ŋ d	p ɪ ŋ	p ɪ ŋ d	d ɪ ŋ d	1	1	1
string	h a ɪ d	h ɪ d	h a ɪ d ə d	r a ɪ d	r o ʊ d	h o ʊ d	0	0	0
string	p ɔ r	p ɔ r d	p ɔ r d	p ɔ	p ɔ d	p ɔ r d	1	1	1
string	k l iː n	k l iː n d	k l iː n d	l iː n	l iː n d	k l iː n d	1	1	1
string	b a ɪ	b ɔ t	b a ɪ d	a ɪ	a ɪ d	b a ɪ d	0	1	0
string	n æ p	n æ p t	n æ p t	r æ p	r æ p t	n æ p t	1	1	1
string	n ɑː k	n ɑː k t	n ɑː k t	n ɑː d	n ɑː d ə d	n ɑː k ə d	1	0	0
string	w e ɪ k	w o ʊ k	w e ɪ k t	t e ɪ k	t ʊ k	w ʊ k	0	0	0
string	j uː z	j uː z d	j uː z d	l uː z	l ɔ s t	j ɔ s t	1	0	0
string	r ɪ ŋ	r æ ŋ	r ɪ ŋ	s ɪ ŋ	s æ ŋ	r æ ŋ	0	0	1
string	r ʌ b	r ʌ b d	r ʌ b d	r ʌ f	r ʌ f t	r ʌ b t	1	0	0
string	l ɪ k	l ɪ k t	l ɪ k t	l ɑː k	l ɑː k t	l ɪ k t	1	1	1
string	d r ɑː p	d r ɑː p t	d r ɑː p t	d r ɪ p	d r ɪ p t	d r ɑː p t	1	1	1
string	t ɔ k	t ɔ k t	t ɔ k t	t ɔ s	t ɔ s t	t ɔ k t	1	1	1
string	ʃ ʌ v	ʃ ʌ v d	ʃ ʌ v d	ʃ ʌ t	ʃ ʌ t	ʃ ʌ v	1	0	0
string	l ɪ s ə n	l ɪ s ə n d	l ɪ s ə n d	l uː s ə n	l uː s ə n d	l ɪ s ə n d	1	1	1
string	m ɛ r iː	m ɛ r iː d	m ɛ r iː d	v ɛ r iː	v ɛ r iː d	m ɛ r iː d	1	1	1
string	b ɑː r k	b ɑː r k t	b ɑː r k t	b ɑː r	b ɑː r d	b ɑː r k d	1	0	0
string	p l iː d	p l iː d ə d	p l iː d ə d	p l iː z	p l iː z d	p l iː d d	1	0	0
string	s p ɛ n d	s p ɛ n t	s p ɛ n d ə d	s ɛ n d	s ɛ n t	s p ɛ n t	0	0	1
string	h æ ŋ	h ʌ ŋ	h æ ŋ d	b æ ŋ	b æ ŋ d	h æ ŋ d	0	1	0
string	f a ɪ ɹ̩	f a ɪ ɹ̩ d	f a ɪ ɹ̩ d	t a ɪ ɹ̩	t a ɪ ɹ̩ d	f a ɪ ɹ̩ d	1	1	1
string	b a ɪ t	b ɪ t	b a ɪ t ə d	b e ɪ t	b e ɪ t ə d	b a ɪ t ə d	0	1	0
string	w ɔ r m	w ɔ r m d	w ɔ r m d	f ɔ r m	f ɔ r m d	w ɔ r m d	1	1	1
string	k ə n ɛ k t	k ə n ɛ k t ə d	k ə n ɛ k t ə d	k ə n t ɛ n t	k ə n t ɛ n t ə d	k ə n ɛ k t ə d	1	1	1
string	s p r ɛ d	s p r ɛ d	s p r ɛ d ə d	s p ɛ r	s p ɛ r d	s p r ɛ d d	0	0	0
string	s k w iː z	s k w iː z d	s k w iː z d	s k w ɑː ʃ	s k w ɑː ʃ t	s k w iː z t	1	0	0
string	ɪ r e ɪ s	ɪ r e ɪ s t	ɪ r e ɪ s t	t r e ɪ s	t r e ɪ s t	ɪ r e ɪ s t	1	1	1
string	t a ɪ m	t a ɪ m d	t a ɪ m d	t a ɪ p	t a ɪ p t	t a ɪ m t	1	0	0
string	p ɪ k t͡ʃ ɹ̩	p ɪ k t͡ʃ ɹ̩ d	p ɪ k t͡ʃ ɹ̩ d	p ɪ k ə l	p ɪ k ə l d	p ɪ k t͡ʃ ɹ̩ d	1	1	1
string	k æ r iː	k æ r iː d	k æ r iː d	v ɛ r iː	v ɛ r iː d	k æ r iː d	1	1	1
string	k ɪ s	k ɪ s t	k ɪ s t	k ɪ l	k ɪ l d	k ɪ s d	1	0	0
string	r ɪ p l a ɪ	r ɪ p l a ɪ d	r ɪ p l a ɪ d	ə p l a ɪ	ə p l a ɪ d	r ɪ p l a ɪ d	1	1	1
string	h ɹ̩ iː	h ɹ̩ iː d	h ɹ̩ iː d	h ɹ̩ l	h ɹ̩ l d	h ɹ̩ iː d	1	1	1
string	l o ʊ n	l o ʊ n d	l o ʊ n d	f o ʊ n	f o ʊ n d	l o ʊ n d	1	1	1
string	r ɪ d	r ɪ d	r ɪ d ə d	r a ɪ d	r o ʊ d	NA	0	0	0
string	h e ɪ t	h e ɪ t ə d	h e ɪ t ə d	h e ɪ l	h e ɪ l d	h e ɪ t d	1	0	0
string	s t ɪ ŋ k	s t ʌ ŋ k	s t ɪ ŋ k t	s ɪ ŋ k	s æ ŋ k	s t æ ŋ k	0	0	0
string	s t ɪ l	s t ɪ l d	s t ʌ l d	s ɔ ɪ l	s ɔ ɪ l d	s t ɪ l d	1	0	1
string	ɡ r æ b	ɡ r æ b d	ɡ r æ b d	θ r æ ʃ	θ r æ ʃ t	ɡ r æ b t	1	0	0
string	k ʊ k	k ʊ k t	k ʊ k t	k ɪ k	k ɪ k t	k ʊ k t	1	1	1
string	v o ʊ t	v o ʊ t ə d	v o ʊ t ə d	t o ʊ t	t o ʊ t ə d	v o ʊ t ə d	1	1	1
string	k l iː r	k l iː r d	k l iː r d	k l ɪ p	k l ɪ p t	k l iː r t	1	0	0
string	s t e ɪ b ə l a ɪ z	s t e ɪ b ə l a ɪ z d	s t ə l d	s ɪ m b ə l a ɪ z	s ɪ m b ə l a ɪ z d	s t e ɪ b ə l a ɪ z d	1	0	1
string	b iː t	b iː t	b iː t ə d	b iː d	b iː d ə d	b iː t ə d	0	1	0
string	w iː l	w iː l d	w iː l d	w iː	w iː d	w iː l d	1	1	1
string	k ɑː s t	k ɑː s t	k ɑː s t ə d	k æ s t	k æ s t	k ɑː s t	0	0	1
string	p æ s	p æ s t	p æ s t	ɡ æ s	ɡ æ s t	p æ s t	1	1	1
string	iː v ɪ n	iː v ɪ n d	iː v ɪ v d	s p ɪ n	s p ʌ n	iː v ʌ n	1	0	0
string	p l ɑː p	p l ɑː p t	p l ɑː p t	f l ɑː p	f l ɑː p t	p l ɑː p t	1	1	1
string	w ɛ l k ə m	w ɛ l k ə m d	w ɛ l k ə m d	r ɛ k ə n	r ɛ k ə n d	w ɛ l k ə m d	1	1	1
string	b ɪ h e ɪ v	b ɪ h e ɪ v d	b ɪ h e ɪ v d	s e ɪ v	s e ɪ v d	b ɪ h e ɪ v d	1	1	1
string	m ɪ l k	m ɪ l k t	m ɪ l k t	m ɪ r ɹ̩	m ɪ r ɹ̩ d	m ɪ l k d	1	0	0
string	b ɔ r d ɹ̩	b ɔ r d ɹ̩ d	b ɔ r d ɹ̩ d	ɔ r d ɹ̩	ɔ r d ɹ̩ d	b ɔ r d ɹ̩ d	1	1	1
string	æ k t	æ k t ə d	æ k t	p æ n t	p æ n t ə d	æ k t ə d	1	0	1
string	f a ɪ t	f ɔ t	f a ɪ t ə d	w a ɪ t	w a ɪ t ə d	f a ɪ t ə d	0	1	0
string	w a ɪ p	w a ɪ p t	w a ɪ p t	w a ɪ t	w a ɪ t ə d	w a ɪ p ə d	1	0	0
string	p ɹ̩ f ɛ k t	p ɹ̩ f ɛ k t ə d	p ɹ̩ f ɛ k t ə d	k ɹ̩ ɛ k t	k ɹ̩ ɛ k t ə d	p ɹ̩ f ɛ k t ə d	1	1	1
string	r ɪ l a ɪ	r ɪ l a ɪ d	r ɪ l a ɪ d	r ɪ l e ɪ t	r ɪ l e ɪ t ə d	r ɪ l a ɪ ə d	1	0	0
string	t͡ʃ ɑː p	t͡ʃ ɑː p t	t͡ʃ ɑː p t	m ɑː p	m ɑː p t	t͡ʃ ɑː p t	1	1	1
string	ʃ a ʊ t	ʃ a ʊ t ə d	ʃ a ʊ t ə d	ʃ a ʊ ɹ̩	ʃ a ʊ ɹ̩ d	ʃ a ʊ t d	1	0	0
string	b ɪ z iː	b ɪ z iː d	b ɪ z iː z	b ɑː d iː	b ɑː d iː d	b ɪ z iː d	1	0	1
string	p ʌ m p	p ʌ m p t	p ʌ m p t	d ʌ m p	d ʌ m p t	p ʌ m p t	1	1	1
string	d r ɪ b ə l	d r ɪ b ə l d	d r ɪ b ə l d	n ɪ b ə l	n ɪ b ə l d	d r ɪ b ə l d	1	1	1
string	ɡ ɑː b ə l	ɡ ɑː b ə l d	ɡ ɑː b ə l d	ɡ ɑː r b ə l	ɡ ɑː r b ə l d	ɡ ɑː b ə l d	1	1	1
string	ə p r o ʊ p r iː e ɪ t	ə p r o ʊ p r iː e ɪ t ə d	ə p r o ʊ r iː p r d	ə s o ʊ s iː e ɪ t	ə s o ʊ s iː e ɪ t ə d	ə p r o ʊ p r iː e ɪ t ə d	1	0	1
string	s l æ p	s l æ p t	s l æ p t	k l æ p	k l æ p t	s l æ p t	1	1	1
string	p r ə t ɛ k t	p r ə t ɛ k t ə d	p r ə t ɛ k t ə d	p r ɪ d ɪ k t	p r ɪ d ɪ k t ə d	p r ə t ɛ k t ə d	1	1	1
string	b æ k	b æ k t	b æ k t	b æ ŋ k	b æ ŋ k t	b æ k t	1	1	1
string	ɪ k s ɛ p t	ɪ k s ɛ p t ə d	ɪ k s ɛ p t ə d	æ k s ɛ p t	æ k s ɛ p t ə d	ɪ k s ɛ p t ə d	1	1	1
string	h ʌ ɡ	h ʌ ɡ d	h ʌ ɡ d	h ʌ ʃ	h ʌ ʃ t	h ʌ ɡ t	1	0	0
string	f r a ɪ	f r a ɪ d	f r a ɪ d	d r a ɪ	d r a ɪ d	f r a ɪ d	1	1	1
string	r ɔ r	r ɔ r d	r ɔ r d	b ɔ r	b ɔ r d	r ɔ r d	1	1	1
string	p r e ɪ	p r e ɪ d	p r e ɪ d	p r a ɪ	p r a ɪ d	p r e ɪ d	1	1	1
string	s m æ k	s m æ k t	s m æ k t	s m æ ʃ	s m æ ʃ t	s m æ k t	1	1	1
string	w ɔ t ɹ̩	w ɔ t ɹ̩ d	w ɔ t ɹ̩ d	w ɔ n t	w ɔ n t ə d	w ɔ t ɹ̩ ə d	1	0	0
string	s k w ɹ̩ t	s k w ɹ̩ t ə d	s k w ɹ̩ t ə d	s k ɹ̩ t	s k ɹ̩ t ə d	s k w ɹ̩ t ə d	1	1	1
string	l a ɪ t	l ɪ t	l a ɪ t ə d	w a ɪ t	w a ɪ t ə d	l a ɪ t ə d	0	1	0
string	f l ʌ ʃ	f l ʌ ʃ t	f l ʌ ʃ t	b l ʌ ʃ	b l ʌ ʃ t	f l ʌ ʃ t	1	1	1
string	p ɛ t	p ɛ t ə d	p ɛ t	p ɛ n	p ɛ n d	p ɛ t d	1	0	0
string	s e ɪ l	s e ɪ l d	s e ɪ l d	t e ɪ l	t e ɪ l d	s e ɪ l d	1	1	1
string	m æ n ə d͡ʒ	m æ n ə d͡ʒ d	m æ n ə d͡ʒ d	t͡ʃ æ n ə l	t͡ʃ æ n ə l d	m æ n ə d͡ʒ d	1	1	1
string	ə n f o ʊ l d	ə n f o ʊ l d ə d	ə n f o ʊ l d ə d	ə n r o ʊ l	ə n r o ʊ l d	ə n f o ʊ l d d	1	0	0
string	k ɪ d	k ɪ d ə d	k ɪ d ə d	k ɪ k	k ɪ k t	k ɪ d t	1	0	0
string	s p a ɪ k	s p a ɪ k t	s p a ɪ k t	s p a ɪ s	s p a ɪ s t	s p a ɪ k t	1	1	1
string	p iː s	p iː s t	p iː s t	p iː p	p iː p t	p iː s t	1	1	1
string	p ɛ r	p ɛ r d	p ɛ r d	f ɛ r	f ɛ r d	p ɛ r d	1	1	1
string	s w ɑː l o ʊ	s w ɑː l o ʊ d	s w ɑː l o ʊ l	f ɑː l o ʊ	f ɑː l o ʊ d	s w ɑː l o ʊ d	1	0	1
string	s p æ ŋ k	s p æ ŋ k t	s p æ ŋ k t	s æ k	s æ k t	s p æ ŋ k t	1	1	1
string	k r ɔ l	k r ɔ l d	k r ɔ l d	k ɔ l	k ɔ l d	k r ɔ l d	1	1	1
string	r ɑː b	r ɑː b d	r ɑː b d	r ɑː k	r ɑː k t	r ɑː b t	1	0	0
string	s l ɪ p	s l ɪ p t	s l ɪ p t	k l ɪ p	k l ɪ p t	s l ɪ p t	1	1	1
string	z ɪ p ɹ̩	z ɪ p ɹ̩ d	z ɪ p ɹ̩ d	z ɪ p	z ɪ p t	z ɪ p ɹ̩ t	1	0	0
string	r ʌ ʃ	r ʌ ʃ t	r ʌ ʃ t	r ʌ f	r ʌ f t	r ʌ ʃ t	1	1	1
string	f r a ɪ t ə n	f r a ɪ t ə n d	f r a ɪ t ə n d	l a ɪ t ə n	l a ɪ t ə n d	f r a ɪ t ə n d	1	1	1
string	s ə l ɛ k t	s ə l ɛ k t ə d	s ə l ɛ k t ə d	s ə d͡ʒ ɛ s t	s ə d͡ʒ ɛ s t ə d	s ə l ɛ k t ə d	1	1	1
string	k ɔ f	k ɔ f t	k ɔ f t	k ɔ l	k ɔ l d	k ɔ f d	1	0	0
string	d ʌ ŋ k	d ʌ ŋ k t	d ʌ ŋ k t	d͡ʒ ʌ ŋ k	d͡ʒ ʌ ŋ k t	d ʌ ŋ k t	1	1	1
string	b æ n d ɪ d͡ʒ	b æ n d ɪ d͡ʒ d	b æ n d ɪ d͡ʒ d	v æ n ɪ ʃ	v æ n ɪ ʃ t	b æ n d ɪ d͡ʒ t	1	0	0
string	w ɪ ŋ	w ɪ ŋ d	w ɪ ŋ	w ɪ ʃ	w ɪ ʃ t	w ɪ ŋ t	1	0	0
string	t͡ʃ ɪ k ə n	t͡ʃ ɪ k ə n d	t͡ʃ ɪ k ə n d	θ ɪ k ə n	θ ɪ k ə n d	t͡ʃ ɪ k ə n d	1	1	1
string	m e ɪ l	m e ɪ l d	m e ɪ l d	f e ɪ l	f e ɪ l d	m e ɪ l d	1	1	1
string	b ʌ d͡ʒ	b ʌ d͡ʒ d	b ʌ d͡ʒ d	f ʌ d͡ʒ	f ʌ d͡ʒ d	b ʌ d͡ʒ d	1	1	1
string	w ɔ r n	w ɔ r n d	w ɔ r n d	d ɑː r n	d ɑː r n d	w ɔ r n d	1	1	1
string	b ʌ k ə l	b ʌ k ə l d	b ʌ k ə l d	b ʌ b ə l	b ʌ b ə l d	b ʌ k ə l d	1	1	1
string	t iː t ɹ̩	t iː t ɹ̩ d	t iː t ɹ̩ d	p iː t ɹ̩	p iː t ɹ̩ d	t iː t ɹ̩ d	1	1	1
string	s w ɪ ʃ	s w ɪ ʃ t	s w ɪ ʃ t	s w ɪ t͡ʃ	s w ɪ t͡ʃ t	s w ɪ ʃ t	1	1	1
string	ʃ ʌ v ə l	ʃ ʌ v ə l d	ʃ ʌ v ə l d	m ʌ s ə l	m ʌ s ə l d	ʃ ʌ v ə l d	1	1	1
string	ɛ n t ɹ̩	ɛ n t ɹ̩ d	ɛ n t ɹ̩ d	s ɛ n t ɹ̩	s ɛ n t ɹ̩ d	ɛ n t ɹ̩ d	1	1	1
string	ɡ r æ v ə t e ɪ t	ɡ r æ v ə t e ɪ t ə d	ɡ r æ v ə t e ɪ t ə d	ɡ r æ d͡ʒ ə w e ɪ t	ɡ r æ d͡ʒ ə w e ɪ t ə d	ɡ r æ v ə t e ɪ t ə d	1	1	1
string	n o ʊ t	n o ʊ t ə d	n o ʊ t ə d	n o ʊ z	n o ʊ z d	n o ʊ t d	1	0	0
string	k r ʌ ʃ	k r ʌ ʃ t	k r ʌ ʃ t	b r ʌ ʃ	b r ʌ ʃ t	k r ʌ ʃ t	1	1	1
string	s w ɑː p	s w ɑː p t	s w ɑː p t	s t ɑː p	s t ɑː p t	s w ɑː p t	1	1	1
string	ə p s ɛ t	ə p s ɛ t	ə p s ɛ t ə d	s ɛ t	s ɛ t	ə p s ɛ t	0	0	1
string	s iː s ɔ	s iː s ɔ d	s iː s ɔ t	s iː s	s iː s t	s iː s ɔ t	1	1	0
string	m ɛ r ɪ t	m ɛ r ɪ t ə d	m ɛ r ɪ t ə d	f ɛ r ə t	f ɛ r ə t ə d	m ɛ r ɪ t ə d	1	1	1
string	k ə l ɛ k t	k ə l ɛ k t ə d	k ə l ɛ k t ə d	k ɹ̩ ɛ k t	k ɹ̩ ɛ k t ə d	k ə l ɛ k t ə d	1	1	1
string	b e ɪ ð	b e ɪ ð d	b e ɪ ð d	b e ɪ s	b e ɪ s t	b e ɪ ð t	1	0	0
string	k r æ ŋ k	k r æ ŋ k t	k r æ ŋ k t	k r æ k	k r æ k t	k r æ ŋ k t	1	1	1
string	t͡ʃ ʌ k	t͡ʃ ʌ k t	t͡ʃ ʌ k t	t͡ʃ ʌ ɡ	t͡ʃ ʌ ɡ d	t͡ʃ ʌ k d	1	0	0
string	p ʌ f	p ʌ f t	p ʌ f t	h ʌ f	h ʌ f t	p ʌ f t	1	1	1
string	p r ɑː d͡ʒ ɛ k t	p r ɑː d͡ʒ ɛ k t ə d	p r ɑː d͡ʒ ɛ k t ə d	r ɪ d͡ʒ ɛ k t	r ɪ d͡ʒ ɛ k t ə d	p r ɑː d͡ʒ ɛ k t ə d	1	1	1
string	t r ɪ p	t r ɪ p t	t r ɪ p t	t r æ p	t r æ p t	t r ɪ p t	1	1	1
string	r ɪ l æ k s	r ɪ l æ k s t	r ɪ l æ k s t	r ɪ l e ɪ t	r ɪ l e ɪ t ə d	r ɪ l æ k s ə d	1	0	0
string	d ɪ l iː t	d ɪ l iː t ə d	d ɪ l iː t ə d	b ɪ l iː v	b ɪ l iː v d	d ɪ l iː t d	1	0	0
string	r iː b ɪ l d	r iː b ɪ l t	r iː b ɪ l d ə d	b ɪ l d	b ɪ l t	r iː b ɪ l t	0	0	1
string	b ɛ r iː	b ɛ r iː d	b ɛ r iː d	b ɛ r	b o ʊ r	NA	1	0	0
string	ɡ l ɛ r	ɡ l ɛ r d	ɡ l ɛ r d	b ɛ r	b o ʊ r	ɡ l o ʊ r	1	0	0
string	ʃ ʌ t ə l	ʃ ʌ t ə l d	ʃ ʌ t ə l d	s ɛ t ə l	s ɛ t ə l d	ʃ ʌ t ə l d	1	1	1
string	s t ɔ l	s t ɔ l d	s t ɔ l d	s t iː l	s t o ʊ l	NA	1	0	0
string	t æ p	t æ p t	t æ p t	z æ p	z æ p t	t æ p t	1	1	1
string	w ɪ s p ɹ̩	w ɪ s p ɹ̩ d	w ɪ s p ɹ̩ d	w ɪ p	w ɪ p t	w ɪ s p ɹ̩ t	1	0	0
string	d r ɪ l	d r ɪ l d	d r ɪ l d	ɡ r ɪ l	ɡ r ɪ l d	d r ɪ l d	1	1	1
string	s p e ɪ s	s p e ɪ s t	s p e ɪ s t	s p a ɪ s	s p a ɪ s t	s p e ɪ s t	1	1	1
string	v æ k j uː m	v æ k j uː m d	v æ k j uː m d	f j uː m	f j uː m d	v æ k j uː m d	1	1	1
string	f ɛ n s	f ɛ n s t	f ɛ n s t	l ɛ n d	l ɛ n t	NA	1	0	0
string	l a ɪ n	l a ɪ n d	l a ɪ n d	l a ɪ	l e ɪ	NA	1	0	0
string	p ɹ̩ f ɔ r m	p ɹ̩ f ɔ r m d	p ɹ̩ f ɔ r m d	f ɔ r m	f ɔ r m d	p ɹ̩ f ɔ r m d	1	1	1
string	b uː m	b uː m d	b uː m d	b uː	b uː d	b uː m d	1	1	1
string	r ɪ p iː t	r ɪ p iː t ə d	r ɪ p iː t ə d	r ɪ v ɹ̩ t	r ɪ v ɹ̩ t ə d	r ɪ p iː t ə d	1	1	1
string	b ʌ t ɹ̩	b ʌ t ɹ̩ d	b ʌ t ɹ̩ d	b æ t ɹ̩	b æ t ɹ̩ d	b ʌ t ɹ̩ d	1	1	1
string	ɑː r m	ɑː r m d	ɑː r m d	h ɑː r m	h ɑː r m d	ɑː r m d	1	1	1
string	ɪ ɡ z ɔ s t	ɪ ɡ z ɔ s t ə d	ɪ ɡ z ɔ s t ə d	ɪ ɡ z ɪ s t	ɪ ɡ z ɪ s t ə d	ɪ ɡ z ɔ s t ə d	1	1	1
string	s ɪ m ɹ̩	s ɪ m ɹ̩ d	s ɪ m ɹ̩ d	m ɪ r ɹ̩	m ɪ r ɹ̩ d	s ɪ m ɹ̩ d	1	1	1
string	b o ʊ t	b o ʊ t ə d	b o ʊ t ə d	b o ʊ l t	b o ʊ l t ə d	b o ʊ t ə d	1	1	1
string	ʃ æ m p uː	ʃ æ m p uː d	ʃ æ m p uː d	k æ m p	k æ m p t	ʃ æ m p uː t	1	0	0
string	w æ ɡ	w æ ɡ d	w æ ɡ d	s æ ɡ	s æ ɡ d	w æ ɡ d	1	1	1
string	p ɪ s	p ɪ s t	p ɪ s t	h ɪ s	h ɪ s t	p ɪ s t	1	1	1
string	s o ʊ k	s o ʊ k t	s o ʊ k t	p o ʊ k	p o ʊ k t	s o ʊ k t	1	1	1
string	s p r a ʊ t	s p r a ʊ t ə d	s p r a ʊ t ə d	s k a ʊ t	s k a ʊ t ə d	s p r a ʊ t ə d	1	1	1
string	ə n w a ɪ n d	ə n w a ʊ n d	ə n w a ɪ n d ə d	w a ɪ n d	w a ɪ n d ə d	ə n w a ɪ n d ə d	0	1	0
string	ə n r æ p	ə n r æ p t	ə n r æ p t	s n æ p	s n æ p t	ə n r æ p t	1	1	1
string	r ɑː t	r ɑː t ə d	r ɑː t	r ɑː k	r ɑː k t	r ɑː t t	1	0	0
string	t͡ʃ a ɪ m	t͡ʃ a ɪ m d	t͡ʃ a ɪ m d	r a ɪ m	r a ɪ m d	t͡ʃ a ɪ m d	1	1	1
string	k ə n t r ɪ b j uː t	k ə n t r ɪ b j uː t ə d	k ə n t r ɪ b uː t uː d	k ə n t ɪ n j uː	k ə n t ɪ n j uː d	k ə n t r ɪ b j uː t d	1	0	0
string	s t ɔ k	s t ɔ k t	s t ɔ k t	s t æ k	s t æ k t	s t ɔ k t	1	1	1
string	f a ɪ l	f a ɪ l d	f a ɪ l d	f e ɪ l	f e ɪ l d	f a ɪ l d	1	1	1
string	s k w iː k	s k w iː k t	s k w iː k t	s iː k	s ɔ t	s k w ɔ t	1	0	0
string	ɡ r e ɪ s	ɡ r e ɪ s t	ɡ r e ɪ s t	ɡ r e ɪ z	ɡ r e ɪ z d	ɡ r e ɪ s d	1	0	0
string	b ɪ d	b e ɪ d	b ɪ d ə d	b iː d	b iː d ə d	b ɪ d ə d	0	1	0
string	ɡ r iː n	ɡ r iː n d	ɡ r iː n d	ɡ r ɪ n	ɡ r ɪ n d	ɡ r iː n d	1	1	1
string	w ɑː f ə l	w ɑː f ə l d	w ɑː f ə l d	w ɑː b ə l	w ɑː b ə l d	w ɑː f ə l d	1	1	1
string	ɔ θ ɹ̩	ɔ θ ɹ̩ d	ɔ θ ɹ̩ d	ɔ f ɹ̩	ɔ f ɹ̩ d	ɔ θ ɹ̩ d	1	1	1
string	k l a ʊ d	k l a ʊ d ə d	k l a ʊ d ə d	k r a ʊ d	k r a ʊ d ə d	k l a ʊ d ə d	1	1	1
string	t r ʌ s t	t r ʌ s t ə d	t r ʌ s t ə d	r ʌ s t	r ʌ s t ə d	t r ʌ s t ə d	1	1	1
string	k r iː e ɪ t	k r iː e ɪ t ə d	k r iː e ɪ t ə d	r e ɪ t	r e ɪ t ə d	k r iː e ɪ t ə d	1	1	1
string	k ɑː r v	k ɑː r v d	k ɑː r v d	k ɑː r d	k ɑː r d ə d	k ɑː r v ə d	1	0	0
string	r uː l	r uː l d	r uː l d	r uː f	r uː f t	r uː l t	1	0	0
string	r iː m uː v	r iː m uː v d	r iː m uː v d	m uː v	m uː v d	r iː m uː v d	1	1	1
string	r ɔ ŋ	r ɔ ŋ d	r ɔ ŋ d	l ɔ ŋ	l ɔ ŋ d	r ɔ ŋ d	1	1	1
string	ɪ n d͡ʒ ɹ̩	ɪ n d͡ʒ ɹ̩ d	ɪ n d͡ʒ ɹ̩ d	æ n s ɹ̩	æ n s ɹ̩ d	ɪ n d͡ʒ ɹ̩ d	1	1	1
string	w uː p	w uː p t	w uː p t	w uː	w uː d	w uː p d	1	0	0
string	m ə n ɪ p j ə l e ɪ t	m ə n ɪ p j ə l e ɪ t ə d	m ə n ɪ l d	ɪ m ə t e ɪ t	ɪ m ə t e ɪ t ə d	m ə n ɪ p j ə l e ɪ t ə d	1	0	1
string	b e ɪ l	b e ɪ l d	b e ɪ l d	f e ɪ l	f e ɪ l d	b e ɪ l d	1	1	1
string	s ʌ f ɹ̩	s ʌ f ɹ̩ d	s ʌ f ɹ̩ d	s t ʌ f	s t ʌ f t	s ʌ f ɹ̩ t	1	0	0
string	f e ɪ s	f e ɪ s t	f e ɪ s t	f e ɪ l	f e ɪ l d	f e ɪ s d	1	0	0
string	p ɑː k ə t	p ɑː k ə t ə d	p ɑː k ə t ə d	p ɑː t	p ɑː t ə d	p ɑː k ə t ə d	1	1	1
string	d͡ʒ ɹ̩ k	d͡ʒ ɹ̩ k t	d͡ʒ ɹ̩ k t	d͡ʒ æ k	d͡ʒ æ k t	d͡ʒ ɹ̩ k t	1	1	1
string	l æ s t	l æ s t ə d	l æ s t ə d	l ɪ s t	l ɪ s t	l æ s t	1	0	0
string	s iː l	s iː l d	s iː l d	d iː l	d ɛ l t	s ɛ l t	1	0	0
string	r ʌ m ɪ d͡ʒ	r ʌ m ɪ d͡ʒ d	r ʌ m ɪ d͡ʒ d	n ʌ m b ɹ̩	n ʌ m b ɹ̩ d	r ʌ m ɪ d͡ʒ d	1	1	1
string	d ɪ s k ʌ s	d ɪ s k ʌ s t	d ɪ s k ʌ s t	d ɪ s k ʌ v ɹ̩	d ɪ s k ʌ v ɹ̩ d	d ɪ s k ʌ s d	1	0	0
string	h æ l o ʊ	h æ l o ʊ d	h æ l o ʊ d	b l o ʊ	b l uː	h æ l uː	1	0	0
string	ɪ n s p ɛ k t	ɪ n s p ɛ k t ə d	ɪ n s p ɛ k t ə d	ɪ k s p ɛ k t	ɪ k s p ɛ k t ə d	ɪ n s p ɛ k t ə d	1	1	1
string	d r ʌ ɡ	d r ʌ ɡ d	d r ʌ ɡ d	d r ʌ m	d r ʌ m d	d r ʌ ɡ d	1	1	1
string	o ʊ v ɹ̩ f l o ʊ	o ʊ v ɹ̩ f l o ʊ d	o ʊ v ɹ̩ f l d	f l o ʊ	f l o ʊ d	o ʊ v ɹ̩ f l o ʊ d	1	0	1
string	f e ɪ v ɹ̩	f e ɪ v ɹ̩ d	f e ɪ v ɹ̩ d	f l e ɪ v ɹ̩	f l e ɪ v ɹ̩ d	f e ɪ v ɹ̩ d	1	1	1
string	p æ d	p æ d ə d	p æ d ə d	p æ n	p æ n d	p æ d d	1	0	0
string	b l ɛ n d	b l ɛ n d ə d	b l ɛ n d ə d	b ɛ n d	b ɛ n d ə d	b l ɛ n d ə d	1	1	1
string	ɪ n t ɹ̩ f ɪ r	ɪ n t ɹ̩ f ɪ r d	ɪ n t ɹ̩ f ɪ f ɪ	ɪ n t ɹ̩ ʌ p t	ɪ n t ɹ̩ ʌ p t ə d	ɪ n t ɹ̩ f ɪ r ə d	1	0	0
string	l ɑː p	l ɑː p t	l ɑː p t	l ɑː k	l ɑː k t	l ɑː p t	1	1	1
string	ɡ a ɪ d	ɡ a ɪ d ə d	ɡ a ɪ d ə d	r a ɪ d	r o ʊ d	ɡ o ʊ d	1	0	0
string	d ɪ v a ɪ d	d ɪ v a ɪ d ə d	d ɪ v a ɪ d ə d	d ɪ s a ɪ d	d ɪ s a ɪ d ə d	d ɪ v a ɪ d ə d	1	1	1
string	d ɪ f a ɪ	d ɪ f a ɪ d	d ɪ f a ɪ d	d ɪ n a ɪ	d ɪ n a ɪ d	d ɪ f a ɪ d	1	1	1
string	ɪ n t ɹ̩ m ɪ k s	ɪ n t ɹ̩ m ɪ k s t	ɪ n t ɹ̩ m ɪ m ɪ s t ə d	ɪ n t ɹ̩ æ k t	ɪ n t ɹ̩ æ k t ə d	ɪ n t ɹ̩ m ɪ k s ə d	1	0	0
string	k j ʊ r	k j ʊ r d	k j uː r d	k ɛ r	k ɛ r d	k j ʊ r d	1	0	1
string	t r æ v ə l	t r æ v ə l d	t r æ v ə l d	r æ t ə l	r æ t ə l d	t r æ v ə l d	1	1	1
string	k ɑː ŋ k ɹ̩	k ɑː ŋ k ɹ̩ d	k ɑː ŋ k ɹ̩ d	k ɑː k	k ɑː k t	k ɑː ŋ k ɹ̩ t	1	0	0
string	s k ɪ d	s k ɪ d ə d	s k ɪ d ə d	s k ɪ m	s k ɪ m d	s k ɪ d d	1	0	0
string	r ɪ z ɛ m b ə l	r ɪ z ɛ m b ə l d	r ɪ z ɛ m b ə l d	r ʌ m b ə l	r ʌ m b ə l d	r ɪ z ɛ m b ə l d	1	1	1
string	b æ n d	b æ n d ə d	b æ n d ə d	h æ n d	h æ n d ə d	b æ n d ə d	1	1	1
string	k o ʊ ɔ r d ə n e ɪ t	k o ʊ ɔ r d ə n e ɪ t ə d	k r ə n o ʊ n d	d o ʊ n e ɪ t	d o ʊ n e ɪ t ə d	k o ʊ ɔ r d ə n e ɪ t ə d	1	0	1
string	s iː p	s iː p t	s iː p t	s iː m	s iː m d	s iː p d	1	0	0
string	ɪ n k w a ɪ ɹ̩	ɪ n k w a ɪ ɹ̩ d	ɪ n k w a ɪ ɹ̩ d	r iː k w a ɪ ɹ̩	r iː k w a ɪ ɹ̩ d	ɪ n k w a ɪ ɹ̩ d	1	1	1
string	t͡ʃ ɛ r	t͡ʃ ɛ r d	t͡ʃ ɛ r d	ɛ r	ɛ r d	t͡ʃ ɛ r d	1	1	1
string	s k ʌ f	s k ʌ f t	s k ʌ f t	s t ʌ f	s t ʌ f t	s k ʌ f t	1	1	1
string	r ɪ p ɛ r	r ɪ p ɛ r d	r ɪ p ɛ r d	r ɪ p ɛ l	r ɪ p ɛ l d	r ɪ p ɛ r d	1	1	1
string	ɪ k s t ɛ n d	ɪ k s t ɛ n d ə d	ɪ k s t ɛ n d ə d	ɪ k s p æ n d	ɪ k s p æ n d ə d	ɪ k s t ɛ n d ə d	1	1	1
string	d ɪ l ɪ n iː e ɪ t	d ɪ l ɪ n iː e ɪ t ə d	d ɪ l ɪ n iː e ɪ t ə d	ɪ n ɪ ʃ iː e ɪ t	ɪ n ɪ ʃ iː e ɪ t ə d	d ɪ l ɪ n iː e ɪ t ə d	1	1	1
string	b ɑː r b	b ɑː r b d	b ɑː r b d	b ɑː r	b ɑː r d	b ɑː r b d	1	1	1
string	t r ʌ m p	t r ʌ m p t	t r ʌ m p t	t r æ m p	t r æ m p t	t r ʌ m p t	1	1	1
string	p ɑː r t ɪ s ə p e ɪ t	p ɑː r t ɪ s ə p e ɪ t ə d	p ɑː r ə p t ə p ɑː p ɑː r t ə d	ɔ t ə m e ɪ t	ɔ t ə m e ɪ t ə d	p ɑː r t ɪ s ə p e ɪ t ə d	1	0	1
string	f l ɹ̩ t	f l ɹ̩ t ə d	f l ɹ̩ t ə d	f l ɪ ŋ	f l ʌ ŋ	NA	1	0	0
string	ɡ l ʌ v	ɡ l ʌ v d	ɡ l ʌ v d	l ʌ v	l ʌ v d	ɡ l ʌ v d	1	1	1
string	p r ə s iː d	p r ə s iː d ə d	p r ə s iː d ə d	r ə s iː v	r ə s iː v d	p r ə s iː d d	1	0	0
string	w ɪ z	w ɪ z d	w ɪ z d	w ɪ ʃ	w ɪ ʃ t	w ɪ z t	1	0	0
string	f l ʌ f	f l ʌ f t	f l ʌ f t	f ʌ d͡ʒ	f ʌ d͡ʒ d	f l ʌ f d	1	0	0
string	ə r e ɪ n d͡ʒ	ə r e ɪ n d͡ʒ d	ə r e ɪ n d͡ʒ d	r e ɪ n d͡ʒ	r e ɪ n d͡ʒ d	ə r e ɪ n d͡ʒ d	1	1	1
string	k ɔ r ə s p ɑː n d	k ɔ r ə s p ɑː n d ə d	k ɔ r ə s p ɑː r d	r ɪ s p ɑː n d	r ɪ s p ɑː n d ə d	k ɔ r ə s p ɑː n d ə d	1	0	1
string	ɪ n t ɹ̩ s p ɹ̩ s	ɪ n t ɹ̩ s p ɹ̩ s t	ɪ n t ɹ̩ s p ɹ̩ s t	ɪ n t ɹ̩ ʌ p t	ɪ n t ɹ̩ ʌ p t ə d	ɪ n t ɹ̩ s p ɹ̩ s ə d	1	0	0
string	s w ɹ̩ v	s w ɹ̩ v d	s w ɹ̩ v d	s ɹ̩ v	s ɹ̩ v d	s w ɹ̩ v d	1	1	1
string	s t æ ɡ ɹ̩	s t æ ɡ ɹ̩ d	s t æ ɡ ɹ̩ d	s t æ n d	s t ʊ d	NA	1	0	0
string	ə d͡ʒ ʌ s t	ə d͡ʒ ʌ s t ə d	ə d͡ʒ ʌ s t ə d	s ə d͡ʒ ɛ s t	s ə d͡ʒ ɛ s t ə d	ə d͡ʒ ʌ s t ə d	1	1	1
string	p r ə p o ʊ z	p r ə p o ʊ z d	p r ə p o ʊ z d	s ə p o ʊ z	s ə p o ʊ z d	p r ə p o ʊ z d	1	1	1
string	p æ t͡ʃ	p æ t͡ʃ t	p æ t͡ʃ t	p ɪ t͡ʃ	p ɪ t͡ʃ t	p æ t͡ʃ t	1	1	1
string	a ʊ t ɡ r o ʊ	a ʊ t ɡ r uː	a ʊ t w o ʊ r o ʊ t	ɡ r o ʊ	ɡ r uː	a ʊ t ɡ r uː	0	0	1
string	æ k s ɛ s ɹ̩ a ɪ z	æ k s ɛ s ɹ̩ a ɪ z d	æ k s ɛ s ɹ̩ a ɪ z d	ɛ k s ɹ̩ s a ɪ z	ɛ k s ɹ̩ s a ɪ z d	æ k s ɛ s ɹ̩ a ɪ z d	1	1	1
string	d͡ʒ ɑː r	d͡ʒ ɑː r d	d͡ʒ ɑː r d	m ɑː r	m ɑː r d	d͡ʒ ɑː r d	1	1	1
string	p l e ɪ n	p l e ɪ n d	p l e ɪ n d	p l e ɪ s	p l e ɪ s t	p l e ɪ n t	1	0	0
string	r iː v j uː	r iː v j uː d	r iː v j uː d	r iː d uː	r iː d ɪ d	r iː v j ɪ d	1	0	0
string	w ɑː d	w ɑː d ə d	w ɑː d ə d	w ɛ d	w ɛ d	w ɑː d	1	0	0
string	f r ɛ k ə l	f r ɛ k ə l d	f r ɛ k ə l d	r ɛ s ə l	r ɛ s ə l d	f r ɛ k ə l d	1	1	1
string	k ə m b a ɪ n	k ə m b a ɪ n d	k ə m b a ɪ n d	k ə n f a ɪ n	k ə n f a ɪ n d	k ə m b a ɪ n d	1	1	1
string	o ʊ v ɹ̩ l o ʊ d	o ʊ v ɹ̩ l o ʊ d ə d	o ʊ v ɹ̩ l o ʊ d	ə n l o ʊ d	ə n l o ʊ d ə d	o ʊ v ɹ̩ l o ʊ d ə d	1	0	1
string	t ɪ ŋ k ə l	t ɪ ŋ k ə l d	t ɪ ŋ k ə l d	t ɪ k ə l	t ɪ k ə l d	t ɪ ŋ k ə l d	1	1	1
string	ɡ l æ s	ɡ l æ s t	ɡ l æ s t	ɡ æ s	ɡ æ s t	ɡ l æ s t	1	1	1
string	ə t ɛ n d	ə t ɛ n d ə d	ə t ɛ n d ə d	t ɛ n d	t ɛ n d ə d	ə t ɛ n d ə d	1	1	1
string	t͡ʃ ɑː r m	t͡ʃ ɑː r m d	t͡ʃ ɑː r m d	t͡ʃ ɑː r d͡ʒ	t͡ʃ ɑː r d͡ʒ d	t͡ʃ ɑː r m d	1	1	1
string	n iː d ə l	n iː d ə l d	n iː d ə l d	k ʌ d ə l	k ʌ d ə l d	n iː d ə l d	1	1	1
string	r ɛ d͡ʒ ɪ s t ɹ̩	r ɛ d͡ʒ ɪ s t ɹ̩ d	r ɛ d͡ʒ ɛ t ə d	r ɛ s t	r ɛ s t ə d	r ɛ d͡ʒ ɪ s t ɹ̩ ə d	1	0	0
string	ʃ ɛ l t ɹ̩	ʃ ɛ l t ɹ̩ d	ʃ ɛ l t ɹ̩ d	f ɪ l t ɹ̩	f ɪ l t ɹ̩ d	ʃ ɛ l t ɹ̩ d	1	1	1
string	ɡ æ l ə p	ɡ æ l ə p t	ɡ æ l ə p t	ɡ æ s p	ɡ æ s p t	ɡ æ l ə p t	1	1	1
string	t r ɪ ɡ ɹ̩	t r ɪ ɡ ɹ̩ d	t r ɪ ɡ ɹ̩ d	t a ɪ ɹ̩	t a ɪ ɹ̩ d	t r ɪ ɡ ɹ̩ d	1	1	1
string	k a ʊ t͡ʃ	k a ʊ t͡ʃ t	k a ʊ t͡ʃ t	k o ʊ m	k o ʊ m d	k a ʊ t͡ʃ d	1	0	0
string	s t r ɪ ŋ	s t r ʌ ŋ	s t r ɪ ŋ	s t ɪ ŋ	s t ʌ ŋ	s t r ʌ ŋ	0	0	1
string	k ə n t ɛ s t	k ə n t ɛ s t ə d	k ə n t ɛ s t ə d	k ə n t ɛ n t	k ə n t ɛ n t ə d	k ə n t ɛ s t ə d	1	1	1
string	f æ n s iː	f æ n s iː d	f æ n s iː d	d æ n s	d æ n s t	f æ n s iː t	1	0	0
string	f e ɪ d	f e ɪ d ə d	f e ɪ d ə d	ʃ e ɪ d	ʃ e ɪ d ə d	f e ɪ d ə d	1	1	1
string	t r ɛ ʒ ɹ̩	t r ɛ ʒ ɹ̩ d	t r ɛ ʒ ɹ̩ d	m ɛ ʒ ɹ̩	m ɛ ʒ ɹ̩ d	t r ɛ ʒ ɹ̩ d	1	1	1
string	k r ʌ m p ə l	k r ʌ m p ə l d	k r ʌ m p ə l d	k r ʌ m b ə l	k r ʌ m b ə l d	k r ʌ m p ə l d	1	1	1
string	k ɑː n t æ k t	k ɑː n t æ k t ə d	k ɑː n t æ k t ə d	k ɑː n t ʊ r	k ɑː n t ʊ r d	k ɑː n t æ k t d	1	0	0
string	m ɔ ɪ s ə n	m ɔ ɪ s ə n d	m ɔ ɪ s ə n d	p ɔ ɪ z ə n	p ɔ ɪ z ə n d	m ɔ ɪ s ə n d	1	1	1
string	p ɑː r t͡ʃ	p ɑː r t͡ʃ t	p ɑː r t͡ʃ t	p ɑː r t	p ɑː r t ə d	p ɑː r t͡ʃ ə d	1	0	0
string	v e ɪ k e ɪ ʃ ə n	v e ɪ k e ɪ ʃ ə n d	v e ɪ k e ɪ ʃ ə f e ɪ d	s t e ɪ ʃ ə n	s t e ɪ ʃ ə n d	v e ɪ k e ɪ ʃ ə n d	1	0	1
string	f l æ t ɹ̩	f l æ t ɹ̩ d	f l æ t ɹ̩ d	f l ʌ t ɹ̩	f l ʌ t ɹ̩ d	f l æ t ɹ̩ d	1	1	1
string	d ɪ f iː t	d ɪ f iː t ə d	d ɪ f iː t ə d	ʃ ɪ f t	ʃ ɪ f t ə d	d ɪ f iː t ə d	1	1	1
string	t r ɛ m b ə l	t r ɛ m b ə l d	t r ɛ m b ə l d	r ʌ m b ə l	r ʌ m b ə l d	t r ɛ m b ə l d	1	1	1
string	ʌ n d ɹ̩ r a ɪ t	ə n d ɹ̩ r o ʊ t	ʌ n d ɹ̩ r a ɪ t ə d	ʌ n d ɹ̩ l a ɪ n	ʌ n d ɹ̩ l a ɪ n d	ʌ n d ɹ̩ r a ɪ t d	0	0	0
string	ə n r æ v ə l	ə n r æ v ə l d	ə n r æ v ə l d	r æ t ə l	r æ t ə l d	ə n r æ v ə l d	1	1	1
string	r iː p ʌ l s	r iː p ʌ l s t	r iː p ʌ l s t	r iː p l e ɪ s	r iː p l e ɪ s t	r iː p ʌ l s t	1	1	1
string	ɪ n f l e ɪ t	ɪ n f l e ɪ t ə d	ɪ n f l e ɪ t ə d	ɪ n v a ɪ t	ɪ n v a ɪ t ə d	ɪ n f l e ɪ t ə d	1	1	1
string	r uː t	r uː t ə d	r uː t ə d	ʃ uː t	ʃ ɑː t	r ɑː t	1	0	0
string	f ɪ d ə l	f ɪ d ə l d	f ɪ d ə l d	k ʌ d ə l	k ʌ d ə l d	f ɪ d ə l d	1	1	1
string	b l iː t͡ʃ	b l iː t͡ʃ t	b l iː t͡ʃ t	b l iː d	b l ɛ d	NA	1	0	0
string	ɪ k s p a ɪ ɹ̩	ɪ k s p a ɪ ɹ̩ d	ɪ k s p a ɪ ɹ̩ d	ɪ k s a ɪ t	ɪ k s a ɪ t ə d	ɪ k s p a ɪ ɹ̩ ə d	1	0	0
string	t æ t ə l	t æ t ə l d	t æ t ə l d	t æ k ə l	t æ k ə l d	t æ t ə l d	1	1	1
string	d ɪ t e ɪ l	d ɪ t e ɪ l d	d ɪ t e ɪ l d	t e ɪ l	t e ɪ l d	d ɪ t e ɪ l d	1	1	1
string	t o ʊ t ə l	t o ʊ t ə l d	t o ʊ t ə l d	o ʊ ɡ ə l	o ʊ ɡ ə l d	t o ʊ t ə l d	1	1	1
string	t uː l	t uː l d	t uː l d	t ɛ l	t o ʊ l d	NA	1	0	0
string	æ m b ʊ ʃ	æ m b ʊ ʃ t	æ m b ʊ ʃ t	s m o ʊ k	s m o ʊ k t	æ m b ʊ ʃ t	1	1	1
string	s a ʊ	s a ʊ d	s a ʊ d	s a ɪ	s a ɪ d	s a ʊ d	1	1	1
string	r ɪ k ɔ l	r ɪ k ɔ l d	r ɪ k ɔ l d	r ɪ p ɛ l	r ɪ p ɛ l d	r ɪ k ɔ l d	1	1	1
string	p r ɑː p	p r ɑː p t	p r ɑː p t	k r ɑː p	k r ɑː p t	p r ɑː p t	1	1	1
string	f l iː	f l ɛ d	f l iː d	f r iː	f r iː d	f l iː d	0	1	0
string	b l uː m	b l uː m d	b l uː m d	b l uː	b l uː d	b l uː m d	1	1	1
string	n o ʊ z d a ɪ v	n o ʊ z d a ɪ v d	n o ʊ z d a ɪ v d	d a ɪ v	d o ʊ v	n o ʊ z d o ʊ v	1	0	0
string	ʃ æ t ɹ̩	ʃ æ t ɹ̩ d	ʃ æ t ɹ̩ d	m æ t ɹ̩	m æ t ɹ̩ d	ʃ æ t ɹ̩ d	1	1	1
string	h ɪ t͡ʃ	h ɪ t͡ʃ t	h ɪ t͡ʃ t	h ɪ t	h ɪ t	h ɪ t͡ʃ	1	0	0
string	k r æ m p	k r æ m p t	k r æ m p t	k æ m p	k æ m p t	k r æ m p t	1	1	1
string	k æ p ɪ t ə l a ɪ z	k æ p ɪ t ə l a ɪ z d	k æ p ə l a ɪ z d	ə p ɑː l ə d͡ʒ a ɪ z	ə p ɑː l ə d͡ʒ a ɪ z d	k æ p ɪ t ə l a ɪ z d	1	0	1
string	k ɑː m p r iː h ɛ n d	k ɑː m p r iː h ɛ n d ə d	k ɑː m p r iː d	p r iː t ɛ n d	p r iː t ɛ n d ə d	k ɑː m p r iː h ɛ n d ə d	1	0	1
string	d ɪ s t ɪ ŋ ɡ w ɪ ʃ	d ɪ s t ɪ ŋ ɡ w ɪ ʃ t	d ɪ s t ɪ w ɪ w ɪ ɡ t ə d	d ɪ s t r ɔ ɪ	d ɪ s t r ɔ ɪ d	d ɪ s t ɪ ŋ ɡ w ɪ ʃ d	1	0	0
string	f iː r	f iː r d	f iː r d	ɡ iː r	ɡ iː r d	f iː r d	1	1	1
string	f r ɪ s k	f r ɪ s k t	f r ɪ s k s k	r ɪ s k	r ɪ s k t	f r ɪ s k t	1	0	1
string	o ʊ v ɹ̩ l æ p	o ʊ v ɹ̩ l æ p t	o ʊ v ɹ̩ l æ l d	o ʊ v ɹ̩ k ə m	o ʊ v ɹ̩ k e ɪ m	NA	1	0	0
random	s p ɛ l	s p ɛ l d	s p ɛ l d	k e ɪ k	k e ɪ k t	s p ɛ l t	1	0	0
random	d uː	d ɪ d	d	b o ʊ s t	b o ʊ s t ə d	d uː ə d	0	0	0
random	m e ɪ k	m e ɪ d	m e ɪ k t	ə n d ɹ̩ s t æ n d	ə n d ɹ̩ s t ʊ d	NA	0	0	0
random	ə p r iː ʃ iː e ɪ t	ə p r iː ʃ iː e ɪ t ə d	ə p r iː ʃ iː e ɪ t ə d	p r iː s k r a ɪ b	p r iː s k r a ɪ b d	ə p r iː ʃ iː e ɪ t d	1	0	0
random	p e ɪ n t	p e ɪ n t ə d	p e ɪ n t ə d	b ɪ k ʌ m	b ɪ k e ɪ m	NA	1	0	0
random	iː t	e ɪ t	iː t ə d	l ɛ v ə l	l ɛ v ə l d	iː t d	0	0	0
random	p ʊ t	p ʊ t	p ʊ t ə d	ə d ɑː p t	ə d ɑː p t ə d	p ʊ t ə d	0	1	0
random	r ɪ m ɛ m b ɹ̩	r ɪ m ɛ m b ɹ̩ d	r ɪ m ɛ b ɹ̩ b ɹ̩ ɹ̩ d	s t o ʊ n	s t o ʊ n d	r ɪ m ɛ m b ɹ̩ d	1	0	1
random	f ɪ k s	f ɪ k s t	f ɪ k s t	k æ m ə f l ɑː ʒ	k æ m ə f l ɑː ʒ d	f ɪ k s d	1	0	0
random	t ɹ̩ n	t ɹ̩ n d	t ɹ̩ n d	k æ p t͡ʃ ɹ̩	k æ p t͡ʃ ɹ̩ d	t ɹ̩ n d	1	1	1
random	f l a ɪ	f l uː	f l a ɪ d	s l a ɪ s	s l a ɪ s t	f l a ɪ t	0	0	0
random	p ɪ k	p ɪ k t	p ɪ k t	p r a ɪ	p r a ɪ d	p ɪ k d	1	0	0
random	b ʌ m p	b ʌ m p t	b ʌ m p t	k ʌ t	k ʌ t	b ʌ m p	1	0	0
random	l o ʊ ɹ̩	l o ʊ ɹ̩ d	l o ʊ ɹ̩ d	s k æ m	s k æ m d	l o ʊ ɹ̩ d	1	1	1
random	s k r e ɪ p	s k r e ɪ p t	s k r e ɪ p t	n ɑː d	n ɑː d ə d	s k r e ɪ p ə d	1	0	0
random	d ɪ ŋ	d ɪ ŋ d	d ɪ ŋ d	k ʌ m	k e ɪ m	NA	1	0	0
random	h a ɪ d	h ɪ d	h a ɪ d ə d	s a ɪ l ə n s	s a ɪ l ə n s t	h a ɪ d t	0	0	0
random	p ɔ r	p ɔ r d	p ɔ r d	s p l ɪ t	s p l ɪ t	p ɔ r	1	0	0
random	k l iː n	k l iː n d	k l iː n d	s t r e ɪ t ə n	s t r e ɪ t ə n d	k l iː n d	1	1	1
random	b a ɪ	b ɔ t	b a ɪ d	w ɪ n	w ʌ n	NA	0	0	0
random	n æ p	n æ p t	n æ p t	d o ʊ n e ɪ t	d o ʊ n e ɪ t ə d	n æ p ə d	1	0	0
random	n ɑː k	n ɑː k t	n ɑː k t	d a ʊ n	d a ʊ n d	n ɑː k d	1	0	0
random	w e ɪ k	w o ʊ k	w e ɪ k t	r a ɪ t	r o ʊ t	NA	0	0	0
random	j uː z	j uː z d	j uː z d	d͡ʒ ʌ m p	d͡ʒ ʌ m p t	j uː z t	1	0	0
random	r ɪ ŋ	r æ ŋ	r ɪ ŋ	b o ʊ n	b o ʊ n d	r ɪ ŋ d	0	0	0
random	r ʌ b	r ʌ b d	r ʌ b d	s e ɪ	s ɛ d	NA	1	0	0
random	l ɪ k	l ɪ k t	l ɪ k t	r ɛ s ə l	r ɛ s ə l d	l ɪ k d	1	0	0
random	d r ɑː p	d r ɑː p t	d r ɑː p t	p e ɪ d͡ʒ	p e ɪ d͡ʒ d	d r ɑː p d	1	0	0
random	t ɔ k	t ɔ k t	t ɔ k t	ɪ n t ɹ̩ ʌ p t	ɪ n t ɹ̩ ʌ p t ə d	t ɔ k ə d	1	0	0
random	ʃ ʌ v	ʃ ʌ v d	ʃ ʌ v d	ʃ o ʊ	ʃ o ʊ d	ʃ ʌ v d	1	1	1
random	l ɪ s ə n	l ɪ s ə n d	l ɪ s ə n d	m æ n j ə f æ k t͡ʃ ɹ̩	m æ n j ə f æ k t͡ʃ ɹ̩ d	l ɪ s ə n d	1	1	1
random	m ɛ r iː	m ɛ r iː d	m ɛ r iː d	t r ʌ k	t r ʌ k t	m ɛ r iː t	1	0	0
random	b ɑː r k	b ɑː r k t	b ɑː r k t	p a ɪ p	p a ɪ p t	b ɑː r k t	1	1	1
random	p l iː d	p l iː d ə d	p l iː d ə d	b æ k f a ɪ ɹ̩	b æ k f a ɪ ɹ̩ d	p l iː d d	1	0	0
random	s p ɛ n d	s p ɛ n t	s p ɛ n d ə d	w æ k	w æ k t	s p ɛ n d t	0	0	0
random	h æ ŋ	h ʌ ŋ	h æ ŋ d	p ɪ n	p ɪ n d	h æ ŋ d	0	1	0
random	f a ɪ ɹ̩	f a ɪ ɹ̩ d	f a ɪ ɹ̩ d	m ɛ n d	m ɛ n d ə d	f a ɪ ɹ̩ ə d	1	0	0
random	b a ɪ t	b ɪ t	b a ɪ t ə d	s k iː	s k iː d	b a ɪ t d	0	0	0
random	w ɔ r m	w ɔ r m d	w ɔ r m d	k l ɪ p	k l ɪ p t	w ɔ r m t	1	0	0
random	k ə n ɛ k t	k ə n ɛ k t ə d	k ə n ɛ k t ə d	h ʌ ʃ	h ʌ ʃ t	k ə n ɛ k t t	1	0	0
random	s p r ɛ d	s p r ɛ d	s p r ɛ d ə d	d ɪ s k r a ɪ b	d ɪ s k r a ɪ b d	s p r ɛ d d	0	0	0
random	s k w iː z	s k w iː z d	s k w iː z d	m iː t	m ɛ t	NA	1	0	0
random	ɪ r e ɪ s	ɪ r e ɪ s t	ɪ r e ɪ s t	s ɔ f ə n	s ɔ f ə n d	ɪ r e ɪ s d	1	0	0
random	t a ɪ m	t a ɪ m d	t a ɪ m d	h a ɪ d͡ʒ æ k	h a ɪ d͡ʒ æ k t	t a ɪ m t	1	0	0
random	p ɪ k t͡ʃ ɹ̩	p ɪ k t͡ʃ ɹ̩ d	p ɪ k t͡ʃ ɹ̩ d	b æ ŋ	b æ ŋ d	p ɪ k t͡ʃ ɹ̩ d	1	1	1
random	k æ r iː	k æ r iː d	k æ r iː d	k r æ k	k r æ k t	k æ r iː t	1	0	0
random	k ɪ s	k ɪ s t	k ɪ s t	k ɑː m	k ɑː m d	k ɪ s d	1	0	0
random	r ɪ p l a ɪ	r ɪ p l a ɪ d	r ɪ p l a ɪ d	d r ɛ s	d r ɛ s t	r ɪ p l a ɪ t	1	0	0
random	h ɹ̩ iː	h ɹ̩ iː d	h ɹ̩ iː d	k æ ʃ	k æ ʃ t	h ɹ̩ iː t	1	0	0
random	l o ʊ n	l o ʊ n d	l o ʊ n d	p r o ʊ b	p r o ʊ b d	l o ʊ n d	1	1	1
random	r ɪ d	r ɪ d	r ɪ d ə d	ɪ n t ɹ̩ ʌ p t	ɪ n t ɹ̩ ʌ p t ə d	r ɪ d ə d	0	1	0
random	h e ɪ t	h e ɪ t ə d	h e ɪ t ə d	t uː n	t uː n d	h e ɪ t d	1	0	0
random	s t ɪ ŋ k	s t ʌ ŋ k	s t ɪ ŋ k t	f uː l	f uː l d	s t ɪ ŋ k d	0	0	0
random	s t ɪ l	s t ɪ l d	s t ʌ l d	f ɪ ʃ	f ɪ ʃ t	s t ɪ l t	1	0	0
random	ɡ r æ b	ɡ r æ b d	ɡ r æ b d	ɡ r e ɪ z	ɡ r e ɪ z d	ɡ r æ b d	1	1	1
random	k ʊ k	k ʊ k t	k ʊ k t	r iː b a ʊ n d	r iː b a ʊ n d ə d	k ʊ k ə d	1	0	0
random	v o ʊ t	v o ʊ t ə d	v o ʊ t ə d	p a ʊ t	p a ʊ t ə d	v o ʊ t ə d	1	1	1
random	k l iː r	k l iː r d	k l iː r d	s æ ɡ	s æ ɡ d	k l iː r d	1	1	1
random	s t e ɪ b ə l a ɪ z	s t e ɪ b ə l a ɪ z d	s t ə l d	ɡ r æ d͡ʒ ə w e ɪ t	ɡ r æ d͡ʒ ə w e ɪ t ə d	s t e ɪ b ə l a ɪ z ə d	1	0	0
random	b iː t	b iː t	b iː t ə d	m a ʊ ð	m a ʊ ð d	b iː t d	0	0	0
random	w iː l	w iː l d	w iː l d	f l a ʊ n d ɹ̩	f l a ʊ n d ɹ̩ d	w iː l d	1	1	1
random	k ɑː s t	k ɑː s t	k ɑː s t ə d	ə n z ɪ p	ə n z ɪ p t	k ɑː s t t	0	0	0
random	p æ s	p æ s t	p æ s t	r a ʊ z	r a ʊ z d	p æ s d	1	0	0
random	iː v ɪ n	iː v ɪ n d	iː v ɪ v d	s t æ k	s t æ k t	iː v ɪ n t	1	0	0
random	p l ɑː p	p l ɑː p t	p l ɑː p t	r iː p l e ɪ s	r iː p l e ɪ s t	p l ɑː p t	1	1	1
random	w ɛ l k ə m	w ɛ l k ə m d	w ɛ l k ə m d	ɛ n t͡ʃ æ n t	ɛ n t͡ʃ æ n t ə d	w ɛ l k ə m ə d	1	0	0
random	b ɪ h e ɪ v	b ɪ h e ɪ v d	b ɪ h e ɪ v d	p ɪ ŋ	p ɪ ŋ d	b ɪ h e ɪ v d	1	1	1
random	m ɪ l k	m ɪ l k t	m ɪ l k t	f æ b r ə k e ɪ t	f æ b r ə k e ɪ t ə d	m ɪ l k ə d	1	0	0
random	b ɔ r d ɹ̩	b ɔ r d ɹ̩ d	b ɔ r d ɹ̩ d	d ɑː r t	d ɑː r t ə d	b ɔ r d ɹ̩ ə d	1	0	0
random	æ k t	æ k t ə d	æ k t	d w ɛ l	d w ɛ l d	æ k t d	1	0	0
random	f a ɪ t	f ɔ t	f a ɪ t ə d	ɪ k s k j uː z	ɪ k s k j uː z d	f a ɪ t d	0	0	0
random	w a ɪ p	w a ɪ p t	w a ɪ p t	r ɪ s p ɑː n d	r ɪ s p ɑː n d ə d	w a ɪ p ə d	1	0	0
random	p ɹ̩ f ɛ k t	p ɹ̩ f ɛ k t ə d	p ɹ̩ f ɛ k t ə d	s w a ɪ p	s w a ɪ p t	p ɹ̩ f ɛ k t t	1	0	0
random	r ɪ l a ɪ	r ɪ l a ɪ d	r ɪ l a ɪ d	s æ ɡ	s æ ɡ d	r ɪ l a ɪ d	1	1	1
random	t͡ʃ ɑː p	t͡ʃ ɑː p t	t͡ʃ ɑː p t	k ɑː n	k ɑː n d	t͡ʃ ɑː p d	1	0	0
random	ʃ a ʊ t	ʃ a ʊ t ə d	ʃ a ʊ t ə d	p ɔ	p ɔ d	ʃ a ʊ t d	1	0	0
random	b ɪ z iː	b ɪ z iː d	b ɪ z iː z	ɡ æ s p	ɡ æ s p t	b ɪ z iː t	1	0	0
random	p ʌ m p	p ʌ m p t	p ʌ m p t	æ k s ɛ n t	æ k s ɛ n t ə d	p ʌ m p ə d	1	0	0
random	d r ɪ b ə l	d r ɪ b ə l d	d r ɪ b ə l d	æ s k	æ s k t	d r ɪ b ə l t	1	0	0
random	ɡ ɑː b ə l	ɡ ɑː b ə l d	ɡ ɑː b ə l d	f ʌ k	f ʌ k t	ɡ ɑː b ə l t	1	0	0
random	ə p r o ʊ p r iː e ɪ t	ə p r o ʊ p r iː e ɪ t ə d	ə p r o ʊ r iː p r d	ɪ n t ɪ m ɪ d e ɪ t	ɪ n t ɪ m ɪ d e ɪ t ə d	ə p r o ʊ p r iː e ɪ t ə d	1	0	1
random	s l æ p	s l æ p t	s l æ p t	m j uː z	m j uː z d	s l æ p d	1	0	0
random	p r ə t ɛ k t	p r ə t ɛ k t ə d	p r ə t ɛ k t ə d	s p l æ ʃ	s p l æ ʃ t	p r ə t ɛ k t t	1	0	0
random	b æ k	b æ k t	b æ k t	b ɑː ð ɹ̩	b ɑː ð ɹ̩ d	b æ k d	1	0	0
random	ɪ k s ɛ p t	ɪ k s ɛ p t ə d	ɪ k s ɛ p t ə d	d ɪ k l ɛ r	d ɪ k l ɛ r d	ɪ k s ɛ p t d	1	0	0
random	h ʌ ɡ	h ʌ ɡ d	h ʌ ɡ d	s k e ɪ t	s k e ɪ t ə d	h ʌ ɡ ə d	1	0	0
random	f r a ɪ	f r a ɪ d	f r a ɪ d	r a ɪ d	r o ʊ d	NA	1	0	0
random	r ɔ r	r ɔ r d	r ɔ r d	ə ɡ r iː	ə ɡ r iː d	r ɔ r d	1	1	1
random	p r e ɪ	p r e ɪ d	p r e ɪ d	s t ɔ r iː	s t ɔ r iː d	p r e ɪ d	1	1	1
random	s m æ k	s m æ k t	s m æ k t	ɛ d͡ʒ	ɛ d͡ʒ d	s m æ k d	1	0	0
random	w ɔ t ɹ̩	w ɔ t ɹ̩ d	w ɔ t ɹ̩ d	a ɪ ɹ̩ n	a ɪ ɹ̩ n d	w ɔ t ɹ̩ d	1	1	1
random	s k w ɹ̩ t	s k w ɹ̩ t ə d	s k w ɹ̩ t ə d	r iː k w a ɪ ɹ̩	r iː k w a ɪ ɹ̩ d	s k w ɹ̩ t d	1	0	0
random	l a ɪ t	l ɪ t	l a ɪ t ə d	e ɪ m	e ɪ m d	l a ɪ t d	0	0	0
random	f l ʌ ʃ	f l ʌ ʃ t	f l ʌ ʃ t	l ɪ s t	l ɪ s t	f l ʌ ʃ	1	0	0
random	p ɛ t	p ɛ t ə d	p ɛ t	h a ɪ k	h a ɪ k t	p ɛ t t	1	0	0
random	s e ɪ l	s e ɪ l d	s e ɪ l d	r ɛ n t	r ɛ n t ə d	s e ɪ l ə d	1	0	0
random	m æ n ə d͡ʒ	m æ n ə d͡ʒ d	m æ n ə d͡ʒ d	h ɔ l	h ɔ l d	m æ n ə d͡ʒ d	1	1	1
random	ə n f o ʊ l d	ə n f o ʊ l d ə d	ə n f o ʊ l d ə d	t e ɪ b ə l	t e ɪ b ə l d	ə n f o ʊ l d d	1	0	0
random	k ɪ d	k ɪ d ə d	k ɪ d ə d	ɛ d͡ʒ	ɛ d͡ʒ d	k ɪ d d	1	0	0
random	s p a ɪ k	s p a ɪ k t	s p a ɪ k t	n o ʊ	n uː	NA	1	0	0
random	p iː s	p iː s t	p iː s t	d ɪ s t r ʌ k t	d ɪ s t r ʌ k t ə d	p iː s ə d	1	0	0
random	p ɛ r	p ɛ r d	p ɛ r d	f ʌ m b ə l	f ʌ m b ə l d	p ɛ r d	1	1	1
random	s w ɑː l o ʊ	s w ɑː l o ʊ d	s w ɑː l o ʊ l	ɡ l uː	ɡ l uː d	s w ɑː l o ʊ d	1	0	1
random	s p æ ŋ k	s p æ ŋ k t	s p æ ŋ k t	b e ɪ t	b e ɪ t ə d	s p æ ŋ k ə d	1	0	0
random	k r ɔ l	k r ɔ l d	k r ɔ l d	s k o ʊ l d	s k o ʊ l d ə d	k r ɔ l ə d	1	0	0
random	r ɑː b	r ɑː b d	r ɑː b d	t͡ʃ o ʊ k	t͡ʃ o ʊ k t	r ɑː b t	1	0	0
random	s l ɪ p	s l ɪ p t	s l ɪ p t	k ə n t e ɪ n	k ə n t e ɪ n d	s l ɪ p d	1	0	0
random	z ɪ p ɹ̩	z ɪ p ɹ̩ d	z ɪ p ɹ̩ d	s ə p o ʊ z	s ə p o ʊ z d	z ɪ p ɹ̩ d	1	1	1
random	r ʌ ʃ	r ʌ ʃ t	r ʌ ʃ t	b æ t ə l	b æ t ə l d	r ʌ ʃ d	1	0	0
random	f r a ɪ t ə n	f r a ɪ t ə n d	f r a ɪ t ə n d	k æ p t ɪ v e ɪ t	k æ p t ɪ v e ɪ t ə d	f r a ɪ t ə n ə d	1	0	0
random	s ə l ɛ k t	s ə l ɛ k t ə d	s ə l ɛ k t ə d	m ɑː d ə l	m ɑː d ə l d	s ə l ɛ k t d	1	0	0
random	k ɔ f	k ɔ f t	k ɔ f t	t w ɪ ŋ k ə l	t w ɪ ŋ k ə l d	k ɔ f d	1	0	0
random	d ʌ ŋ k	d ʌ ŋ k t	d ʌ ŋ k t	p ʌ z ə l	p ʌ z ə l d	d ʌ ŋ k d	1	0	0
random	b æ n d ɪ d͡ʒ	b æ n d ɪ d͡ʒ d	b æ n d ɪ d͡ʒ d	ɪ m ɹ̩ d͡ʒ	ɪ m ɹ̩ d͡ʒ d	b æ n d ɪ d͡ʒ d	1	1	1
random	w ɪ ŋ	w ɪ ŋ d	w ɪ ŋ	d ʌ b	d ʌ b d	w ɪ ŋ d	1	0	1
random	t͡ʃ ɪ k ə n	t͡ʃ ɪ k ə n d	t͡ʃ ɪ k ə n d	t͡ʃ ʌ k ə l	t͡ʃ ʌ k ə l d	t͡ʃ ɪ k ə n d	1	1	1
random	m e ɪ l	m e ɪ l d	m e ɪ l d	l o ʊ k e ɪ t	l o ʊ k e ɪ t ə d	m e ɪ l ə d	1	0	0
random	b ʌ d͡ʒ	b ʌ d͡ʒ d	b ʌ d͡ʒ d	r a ʊ z	r a ʊ z d	b ʌ d͡ʒ d	1	1	1
random	w ɔ r n	w ɔ r n d	w ɔ r n d	b r ɛ d	b r ɛ d ə d	w ɔ r n ə d	1	0	0
random	b ʌ k ə l	b ʌ k ə l d	b ʌ k ə l d	t e ɪ k	t ʊ k	NA	1	0	0
random	t iː t ɹ̩	t iː t ɹ̩ d	t iː t ɹ̩ d	d ɑː t	d ɑː t ə d	t iː t ɹ̩ ə d	1	0	0
random	s w ɪ ʃ	s w ɪ ʃ t	s w ɪ ʃ t	ɪ n k a ʊ n t ɹ̩	ɪ n k a ʊ n t ɹ̩ d	s w ɪ ʃ d	1	0	0
random	ʃ ʌ v ə l	ʃ ʌ v ə l d	ʃ ʌ v ə l d	s t r e ɪ n	s t r e ɪ n d	ʃ ʌ v ə l d	1	1	1
random	ɛ n t ɹ̩	ɛ n t ɹ̩ d	ɛ n t ɹ̩ d	f ɛ r ə t	f ɛ r ə t ə d	ɛ n t ɹ̩ ə d	1	0	0
random	ɡ r æ v ə t e ɪ t	ɡ r æ v ə t e ɪ t ə d	ɡ r æ v ə t e ɪ t ə d	k ɑː z	k ɑː z d	ɡ r æ v ə t e ɪ t d	1	0	0
random	n o ʊ t	n o ʊ t ə d	n o ʊ t ə d	b l e ɪ m	b l e ɪ m d	n o ʊ t d	1	0	0
random	k r ʌ ʃ	k r ʌ ʃ t	k r ʌ ʃ t	m ɛ n ʃ ə n	m ɛ n ʃ ə n d	k r ʌ ʃ d	1	0	0
random	s w ɑː p	s w ɑː p t	s w ɑː p t	k l ʌ t ɹ̩	k l ʌ t ɹ̩ d	s w ɑː p d	1	0	0
random	ə p s ɛ t	ə p s ɛ t	ə p s ɛ t ə d	b ɛ l o ʊ	b ɛ l o ʊ d	ə p s ɛ t d	0	0	0
random	s iː s ɔ	s iː s ɔ d	s iː s ɔ t	s n ʌ f	s n ʌ f t	s iː s ɔ t	1	1	0
random	m ɛ r ɪ t	m ɛ r ɪ t ə d	m ɛ r ɪ t ə d	t e ɪ p	t e ɪ p t	m ɛ r ɪ t t	1	0	0
random	k ə l ɛ k t	k ə l ɛ k t ə d	k ə l ɛ k t ə d	s n ɔ r t	s n ɔ r t ə d	k ə l ɛ k t ə d	1	1	1
random	b e ɪ ð	b e ɪ ð d	b e ɪ ð d	p r iː s k r a ɪ b	p r iː s k r a ɪ b d	b e ɪ ð d	1	1	1
random	k r æ ŋ k	k r æ ŋ k t	k r æ ŋ k t	l ʌ v	l ʌ v d	k r æ ŋ k d	1	0	0
random	t͡ʃ ʌ k	t͡ʃ ʌ k t	t͡ʃ ʌ k t	t͡ʃ e ɪ s	t͡ʃ e ɪ s t	t͡ʃ ʌ k t	1	1	1
random	p ʌ f	p ʌ f t	p ʌ f t	k r iː m	k r iː m d	p ʌ f d	1	0	0
random	p r ɑː d͡ʒ ɛ k t	p r ɑː d͡ʒ ɛ k t ə d	p r ɑː d͡ʒ ɛ k t ə d	ʃ ʌ t	ʃ ʌ t	p r ɑː d͡ʒ ɛ k t	1	0	0
random	t r ɪ p	t r ɪ p t	t r ɪ p t	h ɛ r iː	h ɛ r iː d	t r ɪ p d	1	0	0
random	r ɪ l æ k s	r ɪ l æ k s t	r ɪ l æ k s t	s p a ɪ	s p a ɪ d	r ɪ l æ k s d	1	0	0
random	d ɪ l iː t	d ɪ l iː t ə d	d ɪ l iː t ə d	p a ʊ n s	p a ʊ n s t	d ɪ l iː t t	1	0	0
random	r iː b ɪ l d	r iː b ɪ l t	r iː b ɪ l d ə d	t r æ n s k r a ɪ b	t r æ n s k r a ɪ b d	r iː b ɪ l d d	0	0	0
random	b ɛ r iː	b ɛ r iː d	b ɛ r iː d	s m æ ʃ	s m æ ʃ t	b ɛ r iː t	1	0	0
random	ɡ l ɛ r	ɡ l ɛ r d	ɡ l ɛ r d	m ɪ s	m ɪ s t	ɡ l ɛ r t	1	0	0
random	ʃ ʌ t ə l	ʃ ʌ t ə l d	ʃ ʌ t ə l d	t w ɹ̩ l	t w ɹ̩ l d	ʃ ʌ t ə l d	1	1	1
random	s t ɔ l	s t ɔ l d	s t ɔ l d	ɪ ɡ z æ d͡ʒ ɹ̩ e ɪ t	ɪ ɡ z æ d͡ʒ ɹ̩ e ɪ t ə d	s t ɔ l ə d	1	0	0
random	t æ p	t æ p t	t æ p t	p r o ʊ h ɪ b ə t	p r o ʊ h ɪ b ə t ə d	t æ p ə d	1	0	0
random	w ɪ s p ɹ̩	w ɪ s p ɹ̩ d	w ɪ s p ɹ̩ d	t a ɪ ɹ̩	t a ɪ ɹ̩ d	w ɪ s p ɹ̩ d	1	1	1
random	d r ɪ l	d r ɪ l d	d r ɪ l d	r ɪ p	r ɪ p t	d r ɪ l t	1	0	0
random	s p e ɪ s	s p e ɪ s t	s p e ɪ s t	r ɪ z ɪ s t	r ɪ z ɪ s t ə d	s p e ɪ s ə d	1	0	0
random	v æ k j uː m	v æ k j uː m d	v æ k j uː m d	p r iː s k r a ɪ b	p r iː s k r a ɪ b d	v æ k j uː m d	1	1	1
random	f ɛ n s	f ɛ n s t	f ɛ n s t	m æ n j ə f æ k t͡ʃ ɹ̩	m æ n j ə f æ k t͡ʃ ɹ̩ d	f ɛ n s d	1	0	0
random	l a ɪ n	l a ɪ n d	l a ɪ n d	f ɔ r m	f ɔ r m d	l a ɪ n d	1	1	1
random	p ɹ̩ f ɔ r m	p ɹ̩ f ɔ r m d	p ɹ̩ f ɔ r m d	b ʌ ɡ	b ʌ ɡ d	p ɹ̩ f ɔ r m d	1	1	1
random	b uː m	b uː m d	b uː m d	r ɪ l e ɪ t	r ɪ l e ɪ t ə d	b uː m ə d	1	0	0
random	r ɪ p iː t	r ɪ p iː t ə d	r ɪ p iː t ə d	t͡ʃ ɹ̩ n	t͡ʃ ɹ̩ n d	r ɪ p iː t d	1	0	0
random	b ʌ t ɹ̩	b ʌ t ɹ̩ d	b ʌ t ɹ̩ d	s uː t	s uː t ə d	b ʌ t ɹ̩ ə d	1	0	0
random	ɑː r m	ɑː r m d	ɑː r m d	d ɪ s t ɹ̩ b	d ɪ s t ɹ̩ b d	ɑː r m d	1	1	1
random	ɪ ɡ z ɔ s t	ɪ ɡ z ɔ s t ə d	ɪ ɡ z ɔ s t ə d	h ɪ p n ə t a ɪ z	h ɪ p n ə t a ɪ z d	ɪ ɡ z ɔ s t d	1	0	0
random	s ɪ m ɹ̩	s ɪ m ɹ̩ d	s ɪ m ɹ̩ d	k ʌ l ɹ̩	k ʌ l ɹ̩ d	s ɪ m ɹ̩ d	1	1	1
random	b o ʊ t	b o ʊ t ə d	b o ʊ t ə d	r o ʊ l	r o ʊ l d	b o ʊ t d	1	0	0
random	ʃ æ m p uː	ʃ æ m p uː d	ʃ æ m p uː d	ɪ n h e ɪ l	ɪ n h e ɪ l d	ʃ æ m p uː d	1	1	1
random	w æ ɡ	w æ ɡ d	w æ ɡ d	r ə f ɹ̩	r ə f ɹ̩ d	w æ ɡ d	1	1	1
random	p ɪ s	p ɪ s t	p ɪ s t	k l ɪ ŋ	k l ʌ ŋ	NA	1	0	0
random	s o ʊ k	s o ʊ k t	s o ʊ k t	p ɑː l ɪ ʃ	p ɑː l ɪ ʃ t	s o ʊ k t	1	1	1
random	s p r a ʊ t	s p r a ʊ t ə d	s p r a ʊ t ə d	p r uː v	p r uː v d	s p r a ʊ t d	1	0	0
random	ə n w a ɪ n d	ə n w a ʊ n d	ə n w a ɪ n d ə d	f æ s ə n	f æ s ə n d	ə n w a ɪ n d d	0	0	0
random	ə n r æ p	ə n r æ p t	ə n r æ p t	l ɪ f t	l ɪ f t ə d	ə n r æ p ə d	1	0	0
random	r ɑː t	r ɑː t ə d	r ɑː t	b ɑː r	b ɑː r d	r ɑː t d	1	0	0
random	t͡ʃ a ɪ m	t͡ʃ a ɪ m d	t͡ʃ a ɪ m d	m ɪ m ɪ k	m ɪ m ɪ k t	t͡ʃ a ɪ m t	1	0	0
random	k ə n t r ɪ b j uː t	k ə n t r ɪ b j uː t ə d	k ə n t r ɪ b uː t uː d	t r e ɪ s	t r e ɪ s t	k ə n t r ɪ b j uː t t	1	0	0
random	s t ɔ k	s t ɔ k t	s t ɔ k t	r ɪ t a ɪ ɹ̩	r ɪ t a ɪ ɹ̩ d	s t ɔ k d	1	0	0
random	f a ɪ l	f a ɪ l d	f a ɪ l d	p æ n t	p æ n t ə d	f a ɪ l ə d	1	0	0
random	s k w iː k	s k w iː k t	s k w iː k t	t r æ p	t r æ p t	s k w iː k t	1	1	1
random	ɡ r e ɪ s	ɡ r e ɪ s t	ɡ r e ɪ s t	b ɛ t	b ɛ t	ɡ r e ɪ s	1	0	0
random	b ɪ d	b e ɪ d	b ɪ d ə d	ə s ɪ s t	ə s ɪ s t ə d	b ɪ d ə d	0	1	0
random	ɡ r iː n	ɡ r iː n d	ɡ r iː n d	h æ n d ə l	h æ n d ə l d	ɡ r iː n d	1	1	1
random	w ɑː f ə l	w ɑː f ə l d	w ɑː f ə l d	t͡ʃ e ɪ n d͡ʒ	t͡ʃ e ɪ n d͡ʒ d	w ɑː f ə l d	1	1	1
random	ɔ θ ɹ̩	ɔ θ ɹ̩ d	ɔ θ ɹ̩ d	k l æ p	k l æ p t	ɔ θ ɹ̩ t	1	0	0
random	k l a ʊ d	k l a ʊ d ə d	k l a ʊ d ə d	s a ɪ l ə n s	s a ɪ l ə n s t	k l a ʊ d t	1	0	0
random	t r ʌ s t	t r ʌ s t ə d	t r ʌ s t ə d	d ɪ s p o ʊ z	d ɪ s p o ʊ z d	t r ʌ s t d	1	0	0
random	k r iː e ɪ t	k r iː e ɪ t ə d	k r iː e ɪ t ə d	s æ n d	s æ n d ə d	k r iː e ɪ t ə d	1	1	1
random	k ɑː r v	k ɑː r v d	k ɑː r v d	f l ɪ k ɹ̩	f l ɪ k ɹ̩ d	k ɑː r v d	1	1	1
random	r uː l	r uː l d	r uː l d	d͡ʒ ɔ ɪ n	d͡ʒ ɔ ɪ n d	r uː l d	1	1	1
random	r iː m uː v	r iː m uː v d	r iː m uː v d	d͡ʒ ɛ n ɹ̩ e ɪ t	d͡ʒ ɛ n ɹ̩ e ɪ t ə d	r iː m uː v ə d	1	0	0
random	r ɔ ŋ	r ɔ ŋ d	r ɔ ŋ d	k ə n s t r ʌ k t	k ə n s t r ʌ k t ə d	r ɔ ŋ ə d	1	0	0
random	ɪ n d͡ʒ ɹ̩	ɪ n d͡ʒ ɹ̩ d	ɪ n d͡ʒ ɹ̩ d	b ʊ t͡ʃ ɹ̩	b ʊ t͡ʃ ɹ̩ d	ɪ n d͡ʒ ɹ̩ d	1	1	1
random	w uː p	w uː p t	w uː p t	r iː z ɛ n t	r iː z ɛ n t ə d	w uː p ə d	1	0	0
random	m ə n ɪ p j ə l e ɪ t	m ə n ɪ p j ə l e ɪ t ə d	m ə n ɪ l d	d a ʊ n	d a ʊ n d	m ə n ɪ p j ə l e ɪ t d	1	0	0
random	b e ɪ l	b e ɪ l d	b e ɪ l d	s t ɔ r m	s t ɔ r m d	b e ɪ l d	1	1	1
random	s ʌ f ɹ̩	s ʌ f ɹ̩ d	s ʌ f ɹ̩ d	b æ b ə l	b æ b ə l d	s ʌ f ɹ̩ d	1	1	1
random	f e ɪ s	f e ɪ s t	f e ɪ s t	t ʌ ɡ	t ʌ ɡ d	f e ɪ s d	1	0	0
random	p ɑː k ə t	p ɑː k ə t ə d	p ɑː k ə t ə d	s æ n d	s æ n d ə d	p ɑː k ə t ə d	1	1	1
random	d͡ʒ ɹ̩ k	d͡ʒ ɹ̩ k t	d͡ʒ ɹ̩ k t	t r ɪ k	t r ɪ k t	d͡ʒ ɹ̩ k t	1	1	1
random	l æ s t	l æ s t ə d	l æ s t ə d	b a ɪ k	b a ɪ k t	l æ s t t	1	0	0
random	s iː l	s iː l d	s iː l d	r a ɪ z	r o ʊ z	NA	1	0	0
random	r ʌ m ɪ d͡ʒ	r ʌ m ɪ d͡ʒ d	r ʌ m ɪ d͡ʒ d	p l æ n t	p l æ n t ə d	r ʌ m ɪ d͡ʒ ə d	1	0	0
random	d ɪ s k ʌ s	d ɪ s k ʌ s t	d ɪ s k ʌ s t	w ɑː t͡ʃ	w ɑː t͡ʃ t	d ɪ s k ʌ s t	1	1	1
random	h æ l o ʊ	h æ l o ʊ d	h æ l o ʊ d	o ʊ	o ʊ d	h æ l o ʊ d	1	1	1
random	ɪ n s p ɛ k t	ɪ n s p ɛ k t ə d	ɪ n s p ɛ k t ə d	t͡ʃ e ɪ s	t͡ʃ e ɪ s t	ɪ n s p ɛ k t t	1	0	0
random	d r ʌ ɡ	d r ʌ ɡ d	d r ʌ ɡ d	b a ʊ n s	b a ʊ n s t	d r ʌ ɡ t	1	0	0
random	o ʊ v ɹ̩ f l o ʊ	o ʊ v ɹ̩ f l o ʊ d	o ʊ v ɹ̩ f l d	n ɔ	n ɔ d	o ʊ v ɹ̩ f l o ʊ d	1	0	1
random	f e ɪ v ɹ̩	f e ɪ v ɹ̩ d	f e ɪ v ɹ̩ d	ɡ r o ʊ s	ɡ r o ʊ s t	f e ɪ v ɹ̩ t	1	0	0
random	p æ d	p æ d ə d	p æ d ə d	r iː j uː z	r iː uː z d	NA	1	0	0
random	b l ɛ n d	b l ɛ n d ə d	b l ɛ n d ə d	s ɔ f ə n	s ɔ f ə n d	b l ɛ n d d	1	0	0
random	ɪ n t ɹ̩ f ɪ r	ɪ n t ɹ̩ f ɪ r d	ɪ n t ɹ̩ f ɪ f ɪ	m ɛ l o ʊ	m ɛ l o ʊ d	ɪ n t ɹ̩ f ɪ r d	1	0	1
random	l ɑː p	l ɑː p t	l ɑː p t	k ə n t r o ʊ l	k ə n t r o ʊ l d	l ɑː p d	1	0	0
random	ɡ a ɪ d	ɡ a ɪ d ə d	ɡ a ɪ d ə d	p æ k	p æ k t	ɡ a ɪ d t	1	0	0
random	d ɪ v a ɪ d	d ɪ v a ɪ d ə d	d ɪ v a ɪ d ə d	k ɪ l	k ɪ l d	d ɪ v a ɪ d d	1	0	0
random	d ɪ f a ɪ	d ɪ f a ɪ d	d ɪ f a ɪ d	l a ɪ t ə n	l a ɪ t ə n d	d ɪ f a ɪ d	1	1	1
random	ɪ n t ɹ̩ m ɪ k s	ɪ n t ɹ̩ m ɪ k s t	ɪ n t ɹ̩ m ɪ m ɪ s t ə d	s o ʊ	s o ʊ d	ɪ n t ɹ̩ m ɪ k s d	1	0	0
random	k j ʊ r	k j ʊ r d	k j uː r d	s t iː m	s t iː m d	k j ʊ r d	1	0	1
random	t r æ v ə l	t r æ v ə l d	t r æ v ə l d	m ɑː d ə l	m ɑː d ə l d	t r æ v ə l d	1	1	1
random	k ɑː ŋ k ɹ̩	k ɑː ŋ k ɹ̩ d	k ɑː ŋ k ɹ̩ d	p r ɪ v ɛ n t	p r ɪ v ɛ n t ə d	k ɑː ŋ k ɹ̩ ə d	1	0	0
random	s k ɪ d	s k ɪ d ə d	s k ɪ d ə d	t r æ k	t r æ k t	s k ɪ d t	1	0	0
random	r ɪ z ɛ m b ə l	r ɪ z ɛ m b ə l d	r ɪ z ɛ m b ə l d	t r æ n z l e ɪ t	t r æ n z l e ɪ t ə d	r ɪ z ɛ m b ə l ə d	1	0	0
random	b æ n d	b æ n d ə d	b æ n d ə d	p ʊ ʃ	p ʊ ʃ t	b æ n d t	1	0	0
random	k o ʊ ɔ r d ə n e ɪ t	k o ʊ ɔ r d ə n e ɪ t ə d	k r ə n o ʊ n d	ɪ n v ɑː l v	ɪ n v ɑː l v d	k o ʊ ɔ r d ə n e ɪ t d	1	0	0
random	s iː p	s iː p t	s iː p t	d ɪ p ɛ n d	d ɪ p ɛ n d ə d	s iː p ə d	1	0	0
random	ɪ n k w a ɪ ɹ̩	ɪ n k w a ɪ ɹ̩ d	ɪ n k w a ɪ ɹ̩ d	ɪ k s p r ɛ s	ɪ k s p r ɛ s t	ɪ n k w a ɪ ɹ̩ t	1	0	0
random	t͡ʃ ɛ r	t͡ʃ ɛ r d	t͡ʃ ɛ r d	m ɪ k s	m ɪ k s t	t͡ʃ ɛ r t	1	0	0
random	s k ʌ f	s k ʌ f t	s k ʌ f t	ə t æ k	ə t æ k t	s k ʌ f t	1	1	1
random	r ɪ p ɛ r	r ɪ p ɛ r d	r ɪ p ɛ r d	m e ɪ n t e ɪ n	m e ɪ n t e ɪ n d	r ɪ p ɛ r d	1	1	1
random	ɪ k s t ɛ n d	ɪ k s t ɛ n d ə d	ɪ k s t ɛ n d ə d	n ɑː d	n ɑː d ə d	ɪ k s t ɛ n d ə d	1	1	1
random	d ɪ l ɪ n iː e ɪ t	d ɪ l ɪ n iː e ɪ t ə d	d ɪ l ɪ n iː e ɪ t ə d	l e ɪ b ə l	l e ɪ b ə l d	d ɪ l ɪ n iː e ɪ t d	1	0	0
random	b ɑː r b	b ɑː r b d	b ɑː r b d	r iː l iː s	r iː l iː s t	b ɑː r b t	1	0	0
random	t r ʌ m p	t r ʌ m p t	t r ʌ m p t	ɛ n d	ɛ n d ə d	t r ʌ m p ə d	1	0	0
random	p ɑː r t ɪ s ə p e ɪ t	p ɑː r t ɪ s ə p e ɪ t ə d	p ɑː r ə p t ə p ɑː p ɑː r t ə d	s k æ m	s k æ m d	p ɑː r t ɪ s ə p e ɪ t d	1	0	0
random	f l ɹ̩ t	f l ɹ̩ t ə d	f l ɹ̩ t ə d	r iː s a ɪ k ə l	r iː s a ɪ k ə l d	f l ɹ̩ t d	1	0	0
random	ɡ l ʌ v	ɡ l ʌ v d	ɡ l ʌ v d	b ɑː ɡ	b ɑː ɡ d	ɡ l ʌ v d	1	1	1
random	p r ə s iː d	p r ə s iː d ə d	p r ə s iː d ə d	ɪ n t r uː d	ɪ n t r uː d ə d	p r ə s iː d ə d	1	1	1
random	w ɪ z	w ɪ z d	w ɪ z d	s ɪ t	s æ t	NA	1	0	0
random	f l ʌ f	f l ʌ f t	f l ʌ f t	ɔ t ə m e ɪ t	ɔ t ə m e ɪ t ə d	f l ʌ f ə d	1	0	0
random	ə r e ɪ n d͡ʒ	ə r e ɪ n d͡ʒ d	ə r e ɪ n d͡ʒ d	s t ʌ b	s t ʌ b d	ə r e ɪ n d͡ʒ d	1	1	1
random	k ɔ r ə s p ɑː n d	k ɔ r ə s p ɑː n d ə d	k ɔ r ə s p ɑː r d	ɡ æ ð ɹ̩	ɡ æ ð ɹ̩ d	k ɔ r ə s p ɑː n d d	1	0	0
random	ɪ n t ɹ̩ s p ɹ̩ s	ɪ n t ɹ̩ s p ɹ̩ s t	ɪ n t ɹ̩ s p ɹ̩ s t	l a ɪ k	l a ɪ k t	ɪ n t ɹ̩ s p ɹ̩ s t	1	1	1
random	s w ɹ̩ v	s w ɹ̩ v d	s w ɹ̩ v d	ɪ n v a ɪ t	ɪ n v a ɪ t ə d	s w ɹ̩ v ə d	1	0	0
random	s t æ ɡ ɹ̩	s t æ ɡ ɹ̩ d	s t æ ɡ ɹ̩ d	s ɪ p	s ɪ p t	s t æ ɡ ɹ̩ t	1	0	0
random	ə d͡ʒ ʌ s t	ə d͡ʒ ʌ s t ə d	ə d͡ʒ ʌ s t ə d	ə p ɑː l ə d͡ʒ a ɪ z	ə p ɑː l ə d͡ʒ a ɪ z d	ə d͡ʒ ʌ s t d	1	0	0
random	p r ə p o ʊ z	p r ə p o ʊ z d	p r ə p o ʊ z d	r o ʊ t e ɪ t	r o ʊ t e ɪ t ə d	p r ə p o ʊ z ə d	1	0	0
random	p æ t͡ʃ	p æ t͡ʃ t	p æ t͡ʃ t	s k uː l	s k uː l d	p æ t͡ʃ d	1	0	0
random	a ʊ t ɡ r o ʊ	a ʊ t ɡ r uː	a ʊ t w o ʊ r o ʊ t	s p ɑː t	s p ɑː t ə d	a ʊ t ɡ r o ʊ ə d	0	0	0
random	æ k s ɛ s ɹ̩ a ɪ z	æ k s ɛ s ɹ̩ a ɪ z d	æ k s ɛ s ɹ̩ a ɪ z d	h ɛ d k w ɔ r t ɹ̩	h ɛ d k w ɔ r t ɹ̩ d	æ k s ɛ s ɹ̩ a ɪ z d	1	1	1
random	d͡ʒ ɑː r	d͡ʒ ɑː r d	d͡ʒ ɑː r d	s k w ɑː ʃ	s k w ɑː ʃ t	d͡ʒ ɑː r t	1	0	0
random	p l e ɪ n	p l e ɪ n d	p l e ɪ n d	s p l ɪ t	s p l ɪ t	p l e ɪ n	1	0	0
random	r iː v j uː	r iː v j uː d	r iː v j uː d	t͡ʃ uː z	t͡ʃ o ʊ z	NA	1	0	0
random	w ɑː d	w ɑː d ə d	w ɑː d ə d	s ɑː l v	s ɑː l v d	w ɑː d d	1	0	0
random	f r ɛ k ə l	f r ɛ k ə l d	f r ɛ k ə l d	s l ɪ ŋ	s l ʌ ŋ	NA	1	0	0
random	k ə m b a ɪ n	k ə m b a ɪ n d	k ə m b a ɪ n d	l ɪ s t	l ɪ s t	k ə m b a ɪ n	1	0	0
random	o ʊ v ɹ̩ l o ʊ d	o ʊ v ɹ̩ l o ʊ d ə d	o ʊ v ɹ̩ l o ʊ d	b æ ŋ k	b æ ŋ k t	o ʊ v ɹ̩ l o ʊ d t	1	0	0
random	t ɪ ŋ k ə l	t ɪ ŋ k ə l d	t ɪ ŋ k ə l d	f j uː m	f j uː m d	t ɪ ŋ k ə l d	1	1	1
random	ɡ l æ s	ɡ l æ s t	ɡ l æ s t	h ɪ n t	h ɪ n t ə d	ɡ l æ s ə d	1	0	0
random	ə t ɛ n d	ə t ɛ n d ə d	ə t ɛ n d ə d	f ɹ̩ b ɪ d	f ɹ̩ b e ɪ d	NA	1	0	0
random	t͡ʃ ɑː r m	t͡ʃ ɑː r m d	t͡ʃ ɑː r m d	h ɛ l p	h ɛ l p t	t͡ʃ ɑː r m t	1	0	0
random	n iː d ə l	n iː d ə l d	n iː d ə l d	r iː d	r ɛ d	NA	1	0	0
random	r ɛ d͡ʒ ɪ s t ɹ̩	r ɛ d͡ʒ ɪ s t ɹ̩ d	r ɛ d͡ʒ ɛ t ə d	m æ t ɹ̩	m æ t ɹ̩ d	r ɛ d͡ʒ ɪ s t ɹ̩ d	1	0	1
random	ʃ ɛ l t ɹ̩	ʃ ɛ l t ɹ̩ d	ʃ ɛ l t ɹ̩ d	s t ʌ f	s t ʌ f t	ʃ ɛ l t ɹ̩ t	1	0	0
random	ɡ æ l ə p	ɡ æ l ə p t	ɡ æ l ə p t	t͡ʃ ʌ ɡ	t͡ʃ ʌ ɡ d	ɡ æ l ə p d	1	0	0
random	t r ɪ ɡ ɹ̩	t r ɪ ɡ ɹ̩ d	t r ɪ ɡ ɹ̩ d	p o ʊ k	p o ʊ k t	t r ɪ ɡ ɹ̩ t	1	0	0
random	k a ʊ t͡ʃ	k a ʊ t͡ʃ t	k a ʊ t͡ʃ t	d ɑː t	d ɑː t ə d	k a ʊ t͡ʃ ə d	1	0	0
random	s t r ɪ ŋ	s t r ʌ ŋ	s t r ɪ ŋ	s k w ɑː ʃ	s k w ɑː ʃ t	s t r ɪ ŋ t	0	0	0
random	k ə n t ɛ s t	k ə n t ɛ s t ə d	k ə n t ɛ s t ə d	b ʌ t ə n	b ʌ t ə n d	k ə n t ɛ s t d	1	0	0
random	f æ n s iː	f æ n s iː d	f æ n s iː d	s p ɔ ɪ l	s p ɔ ɪ l d	f æ n s iː d	1	1	1
random	f e ɪ d	f e ɪ d ə d	f e ɪ d ə d	d ɪ s p o ʊ z	d ɪ s p o ʊ z d	f e ɪ d d	1	0	0
random	t r ɛ ʒ ɹ̩	t r ɛ ʒ ɹ̩ d	t r ɛ ʒ ɹ̩ d	p r iː s k r a ɪ b	p r iː s k r a ɪ b d	t r ɛ ʒ ɹ̩ d	1	1	1
random	k r ʌ m p ə l	k r ʌ m p ə l d	k r ʌ m p ə l d	d r uː p	d r uː p t	k r ʌ m p ə l t	1	0	0
random	k ɑː n t æ k t	k ɑː n t æ k t ə d	k ɑː n t æ k t ə d	s k ɛ d͡ʒ ʊ l	s k ɛ d͡ʒ ʊ l d	k ɑː n t æ k t d	1	0	0
random	m ɔ ɪ s ə n	m ɔ ɪ s ə n d	m ɔ ɪ s ə n d	f r ʌ n t	f r ʌ n t ə d	m ɔ ɪ s ə n ə d	1	0	0
random	p ɑː r t͡ʃ	p ɑː r t͡ʃ t	p ɑː r t͡ʃ t	k ʌ l ɹ̩	k ʌ l ɹ̩ d	p ɑː r t͡ʃ d	1	0	0
random	v e ɪ k e ɪ ʃ ə n	v e ɪ k e ɪ ʃ ə n d	v e ɪ k e ɪ ʃ ə f e ɪ d	ɔ r iː ɛ n t	ɔ r iː ɛ n t ə d	v e ɪ k e ɪ ʃ ə n ə d	1	0	0
random	f l æ t ɹ̩	f l æ t ɹ̩ d	f l æ t ɹ̩ d	f ɪ ŋ ɡ ɹ̩	f ɪ ŋ ɡ ɹ̩ d	f l æ t ɹ̩ d	1	1	1
random	d ɪ f iː t	d ɪ f iː t ə d	d ɪ f iː t ə d	h iː p	h iː p t	d ɪ f iː t t	1	0	0
random	t r ɛ m b ə l	t r ɛ m b ə l d	t r ɛ m b ə l d	w ɪ ʃ	w ɪ ʃ t	t r ɛ m b ə l t	1	0	0
random	ʌ n d ɹ̩ r a ɪ t	ə n d ɹ̩ r o ʊ t	ʌ n d ɹ̩ r a ɪ t ə d	ɪ n h ɛ r ə t	ɪ n h ɛ r ə t ə d	ʌ n d ɹ̩ r a ɪ t ə d	0	1	0
random	ə n r æ v ə l	ə n r æ v ə l d	ə n r æ v ə l d	s n ɔ r t	s n ɔ r t ə d	ə n r æ v ə l ə d	1	0	0
random	r iː p ʌ l s	r iː p ʌ l s t	r iː p ʌ l s t	ɛ n d	ɛ n d ə d	r iː p ʌ l s ə d	1	0	0
random	ɪ n f l e ɪ t	ɪ n f l e ɪ t ə d	ɪ n f l e ɪ t ə d	d͡ʒ ɛ t	d͡ʒ ɛ t ə d	ɪ n f l e ɪ t ə d	1	1	1
random	r uː t	r uː t ə d	r uː t ə d	j ɔ n	j ɔ n d	r uː t d	1	0	0
random	f ɪ d ə l	f ɪ d ə l d	f ɪ d ə l d	ɪ m p r ɛ s	ɪ m p r ɛ s t	f ɪ d ə l t	1	0	0
random	b l iː t͡ʃ	b l iː t͡ʃ t	b l iː t͡ʃ t	s ɛ n d	s ɛ n t	NA	1	0	0
random	ɪ k s p a ɪ ɹ̩	ɪ k s p a ɪ ɹ̩ d	ɪ k s p a ɪ ɹ̩ d	ʃ r ɪ ŋ k	ʃ r æ ŋ k	NA	1	0	0
random	t æ t ə l	t æ t ə l d	t æ t ə l d	k ɑː p iː	k ɑː p iː d	t æ t ə l d	1	1	1
random	d ɪ t e ɪ l	d ɪ t e ɪ l d	d ɪ t e ɪ l d	s m ɛ l	s m ɛ l d	d ɪ t e ɪ l d	1	1	1
random	t o ʊ t ə l	t o ʊ t ə l d	t o ʊ t ə l d	ə b a ɪ d	ə b a ɪ d ə d	t o ʊ t ə l ə d	1	0	0
random	t uː l	t uː l d	t uː l d	m ɛ l t	m ɛ l t ə d	t uː l ə d	1	0	0
random	æ m b ʊ ʃ	æ m b ʊ ʃ t	æ m b ʊ ʃ t	ɪ n v ɑː l v	ɪ n v ɑː l v d	æ m b ʊ ʃ d	1	0	0
random	s a ʊ	s a ʊ d	s a ʊ d	b a ʊ n s	b a ʊ n s t	s a ʊ t	1	0	0
random	r ɪ k ɔ l	r ɪ k ɔ l d	r ɪ k ɔ l d	f ɛ ð ɹ̩	f ɛ ð ɹ̩ d	r ɪ k ɔ l d	1	1	1
random	p r ɑː p	p r ɑː p t	p r ɑː p t	f ɛ r	f ɛ r d	p r ɑː p d	1	0	0
random	f l iː	f l ɛ d	f l iː d	t o ʊ	t o ʊ d	f l iː d	0	1	0
random	b l uː m	b l uː m d	b l uː m d	p a ʊ d ɹ̩	p a ʊ d ɹ̩ d	b l uː m d	1	1	1
random	n o ʊ z d a ɪ v	n o ʊ z d a ɪ v d	n o ʊ z d a ɪ v d	b r ʌ ʃ	b r ʌ ʃ t	n o ʊ z d a ɪ v t	1	0	0
random	ʃ æ t ɹ̩	ʃ æ t ɹ̩ d	ʃ æ t ɹ̩ d	b o ʊ l	b o ʊ l d	ʃ æ t ɹ̩ d	1	1	1
random	h ɪ t͡ʃ	h ɪ t͡ʃ t	h ɪ t͡ʃ t	d͡ʒ æ ŋ ɡ ə l	d͡ʒ æ ŋ ɡ ə l d	h ɪ t͡ʃ d	1	0	0
random	k r æ m p	k r æ m p t	k r æ m p t	ʃ e ɪ p	ʃ e ɪ p t	k r æ m p t	1	1	1
random	k æ p ɪ t ə l a ɪ z	k æ p ɪ t ə l a ɪ z d	k æ p ə l a ɪ z d	k æ t ə p ə l t	k æ t ə p ə l t ə d	k æ p ɪ t ə l a ɪ z ə d	1	0	0
random	k ɑː m p r iː h ɛ n d	k ɑː m p r iː h ɛ n d ə d	k ɑː m p r iː d	b æ ŋ k	b æ ŋ k t	k ɑː m p r iː h ɛ n d t	1	0	0
random	d ɪ s t ɪ ŋ ɡ w ɪ ʃ	d ɪ s t ɪ ŋ ɡ w ɪ ʃ t	d ɪ s t ɪ w ɪ w ɪ ɡ t ə d	m ɛ l t	m ɛ l t ə d	d ɪ s t ɪ ŋ ɡ w ɪ ʃ ə d	1	0	0
random	f iː r	f iː r d	f iː r d	d ɪ s k ɑː r d	d ɪ s k ɑː r d ə d	f iː r ə d	1	0	0
random	f r ɪ s k	f r ɪ s k t	f r ɪ s k s k	f r ɔ s t	f r ɔ s t ə d	f r ɪ s k ə d	1	0	0
random	o ʊ v ɹ̩ l æ p	o ʊ v ɹ̩ l æ p t	o ʊ v ɹ̩ l æ l d	t ɪ k ə l	t ɪ k ə l d	o ʊ v ɹ̩ l æ p d	1	0	0
