neighbors	src	gold	pred	neighbor_src	neighbor_out	neighbor_gold	analogy	matches_pred	matches_gold	class_gold	class_pred	class_neighbor
model_sep	ɡ ɛ t	ɡ ɑː t	ɡ ɛ t	ɡ ɪ v	ɡ e ɪ v	ɡ e ɪ v	NA	0	0	vowel_change	no_change	vowel_change
model_sep	p ʊ t	p ʊ t	p ʊ t	p ɛ t	p ɛ t ə d	p ɛ t ə d	p ʊ t ə d	0	0	no_change	no_change	reg_əd
model_sep	ɡ o ʊ	w ɛ n t	ɡ o ʊ d	ɡ ɪ v	ɡ e ɪ v	ɡ e ɪ v	NA	0	0	other	reg_d	vowel_change
model_sep	iː t	e ɪ t	iː ɔ d	θ ɔ	θ ɔ d	θ ɔ d	iː t d	0	0	vowel_change	rhyme_replaced	reg_d
model_sep	w ɔ n t	w ɔ n t ə d	w ɔ n t ə d	w uː n d	w uː n d ə d	w uː n d ə d	w ɔ n t ə d	1	1	reg_əd	reg_əd	reg_əd
model_sep	n ɑː k	n ɑː k t	n ɑː k t	n ɑː t	n ɑː t ə d	n ɑː t ə d	n ɑː k ə d	0	0	reg_t	reg_t	reg_əd
model_sep	l ɪ s ə n	l ɪ s ə n d	l ɪ s ə n d	l uː s ə n	l uː s ə n d	l uː s ə n d	l ɪ s ə n d	1	1	reg_d	reg_d	reg_d
model_sep	p ʌ f	p ʌ f t	p ʌ f t	p ʊ l	p ʊ l d	p ʊ l d	p ʌ f d	0	0	reg_t	reg_t	reg_d
model_sep	h o ʊ p	h o ʊ p t	h o ʊ p t	h a ʊ z	h a ʊ z d	h a ʊ z d	h o ʊ p d	0	0	reg_t	reg_t	reg_d
model_sep	n iː d	n iː d ə d	n ɛ d ə d	n æ p	n æ p t	n æ p t	n iː d t	0	0	reg_əd	other	reg_t
model_sep	k æ t͡ʃ	k ɔ t	k æ t͡ʃ t	k ʌ t	k ʌ t	k ʌ t	k æ t͡ʃ	0	0	rhyme_replaced	reg_t	no_change
model_sep	z ɪ p ɹ̩	z ɪ p ɹ̩ d	z ɪ p ɹ̩ d	z ɪ p	z ɪ p t	z ɪ p t	z ɪ p ɹ̩ t	0	0	reg_d	reg_d	reg_t
model_sep	h ɑː p	h ɑː p t	h ɑː p t	h ʊ k	h ʊ k t	h ʊ k t	h ɑː p t	1	1	reg_t	reg_t	reg_t
model_sep	k æ r iː	k æ r iː d	k æ r iː d	k ɑː p iː	k ɑː p iː d	k ɑː p iː d	k æ r iː d	1	1	reg_d	reg_d	reg_d
model_sep	r ɪ t ɹ̩ n	r ɪ t ɹ̩ n d	r ɪ t ɹ̩ n d	r ɪ p iː t	r ɪ p iː t ə d	r ɪ p iː t ə d	r ɪ t ɹ̩ n ə d	0	0	reg_d	reg_d	reg_əd
model_sep	f iː d	f ɛ d	f iː d ə d	f ɛ t͡ʃ	f ɛ t͡ʃ t	f ɛ t͡ʃ t	f iː d t	0	0	vowel_change	reg_əd	reg_t
model_sep	ɡ ɑː b ə l	ɡ ɑː b ə l d	ɡ ɑː b ə l d	ɡ ɪ ɡ ə l	ɡ ɪ ɡ ə l d	ɡ ɪ ɡ ə l d	ɡ ɑː b ə l d	1	1	reg_d	reg_d	reg_d
model_sep	o ʊ p ə n	o ʊ p ə n d	o ʊ p ə n d	o ʊ b e ɪ	o ʊ b e ɪ d	o ʊ b e ɪ d	o ʊ p ə n d	1	1	reg_d	reg_d	reg_d
model_sep	h o ʊ l d	h ɛ l d	h o ʊ l d ə d	h æ p ə n	h æ p ə n d	h æ p ə n d	h o ʊ l d d	0	0	vowel_change	reg_əd	reg_d
model_sep	d ɪ l ɪ v ɹ̩	d ɪ l ɪ v ɹ̩ d	d ɪ l ɪ v ɹ̩ d	d ɪ p ɛ n d	d ɪ p ɛ n d ə d	d ɪ p ɛ n d ə d	d ɪ l ɪ v ɹ̩ ə d	0	0	reg_d	reg_d	reg_əd
model_sep	r ʌ b	r ʌ b d	r ʌ b d	r iː t͡ʃ	r iː t͡ʃ t	r iː t͡ʃ t	r ʌ b t	0	0	reg_d	reg_d	reg_t
model_sep	w ɑː t͡ʃ	w ɑː t͡ʃ t	w ɑː t͡ʃ t	w ɑː ʃ	w ɑː ʃ t	w ɑː ʃ t	w ɑː t͡ʃ t	1	1	reg_t	reg_t	reg_t
model_sep	p l iː z	p l iː z d	p l o ʊ z	p ɑː r k	p ɑː r k t	p ɑː r k t	p l iː z t	0	0	reg_d	vowel_change	reg_t
model_sep	w ɔ k	w ɔ k t	w ɔ k t	w ɹ̩ k	w ɹ̩ k t	w ɹ̩ k t	w ɔ k t	1	1	reg_t	reg_t	reg_t
model_sep	p æ k	p æ k t	p æ k t	p ɪ k	p ɪ k t	p ɪ k t	p æ k t	1	1	reg_t	reg_t	reg_t
model_sep	s a ʊ n d	s a ʊ n d ə d	s a ʊ n d ə d	s p ɛ n d	s p ɛ n t	s p ɛ n t	s a ʊ n t	0	0	reg_əd	reg_əd	coda_change
model_sep	ɡ r æ b	ɡ r æ b d	ɡ r æ b d	ɡ æ ð ɹ̩	ɡ æ ð ɹ̩ d	ɡ æ ð ɹ̩ d	ɡ r æ b d	1	1	reg_d	reg_d	reg_d
model_sep	m æ n	m æ n d	m æ n d	m iː t	m ɛ t	m ɛ t	NA	0	0	reg_d	reg_d	vowel_change
model_sep	f iː l	f ɛ l t	f iː l d	f ɔ l	f ɛ l	f ɛ l	NA	0	0	vowel_change_suffix	reg_d	vowel_change
model_sep	n e ɪ m	n e ɪ m d	n e ɪ m d	n a ɪ f	n a ɪ f t	n a ɪ f t	n e ɪ m t	0	0	reg_d	reg_d	reg_t
model_sep	f l o ʊ	f l o ʊ d	f l o ʊ d	f l ɹ̩ t	f l ɹ̩ t ə d	f l ɹ̩ t ə d	f l o ʊ ə d	0	0	reg_d	reg_d	reg_əd
model_sep	w ɛ ð ɹ̩	w ɛ ð ɹ̩ d	w ɛ ð ɹ̩ d	w a ɪ ɹ̩	w a ɪ ɹ̩ d	w a ɪ ɹ̩ d	w ɛ ð ɹ̩ d	1	1	reg_d	reg_d	reg_d
model_sep	l a ɪ	l e ɪ	l a ɪ d	l e ɪ	l e ɪ d	l e ɪ d	l a ɪ d	1	0	vowel_change	reg_d	reg_d
model_sep	k r æ ʃ	k r æ ʃ t	k r æ ʃ t	k r æ k	k r æ k t	k r æ k t	k r æ ʃ t	1	1	reg_t	reg_t	reg_t
model_sep	p e ɪ d͡ʒ	p e ɪ d͡ʒ d	p e ɪ d͡ʒ d	p a ɪ l	p a ɪ l d	p a ɪ l d	p e ɪ d͡ʒ d	1	1	reg_d	reg_d	reg_d
model_sep	t͡ʃ o ʊ k	t͡ʃ o ʊ k t	t͡ʃ o ʊ k t	t͡ʃ ɑː r d͡ʒ	t͡ʃ ɑː r d͡ʒ d	t͡ʃ ɑː r d͡ʒ d	t͡ʃ o ʊ k d	0	0	reg_t	reg_t	reg_d
model_sep	b l ɛ s	b l ɛ s t	b l ɛ s t	b e ɪ s	b e ɪ s t	b e ɪ s t	b l ɛ s t	1	1	reg_t	reg_t	reg_t
model_sep	d ɪ ŋ	d ɪ ŋ d	d ɪ ŋ	d ʌ l	d ʌ l d	d ʌ l d	d ɪ ŋ d	0	1	reg_d	no_change	reg_d
model_sep	s ɛ l	s o ʊ l d	s ɛ l d	s iː l	s iː l d	s iː l d	s ɛ l d	1	0	vowel_change_suffix	reg_d	reg_d
model_sep	b ɪ ɡ ɪ n	b ɪ ɡ æ n	b ɪ ɡ ɪ n d	b l ɪ ŋ k	b l ɪ ŋ k t	b l ɪ ŋ k t	b ɪ ɡ ɪ n t	0	0	vowel_change	reg_d	reg_t
model_sep	d͡ʒ ɔ ɪ n	d͡ʒ ɔ ɪ n d	d͡ʒ ɔ ɪ n d	d͡ʒ ʌ m p	d͡ʒ ʌ m p t	d͡ʒ ʌ m p t	d͡ʒ ɔ ɪ n t	0	0	reg_d	reg_d	reg_t
model_sep	l ɑː k	l ɑː k t	l ɑː k t	l ʊ k	l ʊ k t	l ʊ k t	l ɑː k t	1	1	reg_t	reg_t	reg_t
model_sep	b ɪ l iː v	b ɪ l iː v d	b ɪ l iː v d	b ɪ l ɔ ŋ	b ɪ l ɔ ŋ d	b ɪ l ɔ ŋ d	b ɪ l iː v d	1	1	reg_d	reg_d	reg_d
model_sep	ə n d ɹ̩ s t æ n d	ə n d ɹ̩ s t ʊ d	ə n t ə t ə n d	ə s o ʊ s iː e ɪ t	ə s o ʊ s iː e ɪ t ə d	ə s o ʊ s iː e ɪ t ə d	ə n d ɹ̩ s t æ n d ə d	0	0	rhyme_replaced	other	reg_əd
model_sep	t r e ɪ n	t r e ɪ n d	t r e ɪ n d	t r e ɪ l	t r e ɪ l d	t r e ɪ l d	t r e ɪ n d	1	1	reg_d	reg_d	reg_d
model_sep	k r ɔ l	k r ɔ l d	k r ɔ l d	k l iː r	k l iː r d	k l iː r d	k r ɔ l d	1	1	reg_d	reg_d	reg_d
model_sep	p æ t	p æ t ə d	p æ t ə d	p ɪ t	p ɪ t ə d	p ɪ t ə d	p æ t ə d	1	1	reg_əd	reg_əd	reg_əd
model_sep	ɔ r d ɹ̩	ɔ r d ɹ̩ d	ɔ r d ɹ̩ d	ɔ f ɹ̩	ɔ f ɹ̩ d	ɔ f ɹ̩ d	ɔ r d ɹ̩ d	1	1	reg_d	reg_d	reg_d
model_sep	f l a ɪ	f l uː	f l a ɪ d	f r a ɪ	f r a ɪ d	f r a ɪ d	f l a ɪ d	1	0	vowel_change	reg_d	reg_d
model_sep	l o ʊ d	l o ʊ d ə d	l o ʊ d ə d	l æ s t	l æ s t ə d	l æ s t ə d	l o ʊ d ə d	1	1	reg_əd	reg_əd	reg_əd
model_sep	k ə m p l e ɪ n	k ə m p l e ɪ n d	k ə m p l e ɪ n d	k ɑː n t r æ k t	k ɑː n t r æ k t ə d	k ɑː n t r æ k t ə d	k ə m p l e ɪ n ə d	0	0	reg_d	reg_d	reg_əd
model_sep	b l ɛ n d	b l ɛ n d ə d	b l ɛ n d ə d	b ə l uː n	b ə l uː n d	b ə l uː n d	b l ɛ n d d	0	0	reg_əd	reg_əd	reg_d
model_sep	b l ɑː k	b l ɑː k t	b l ɑː k t	b ɑː r k	b ɑː r k t	b ɑː r k t	b l ɑː k t	1	1	reg_t	reg_t	reg_t
model_sep	t ɪ p	t ɪ p t	t ɪ p t	t æ p	t æ p t	t æ p t	t ɪ p t	1	1	reg_t	reg_t	reg_t
model_sep	d͡ʒ ɛ t	d͡ʒ ɛ t ə d	d͡ʒ ɛ t	d͡ʒ æ k	d͡ʒ æ k t	d͡ʒ æ k t	d͡ʒ ɛ t t	0	0	reg_əd	no_change	reg_t
model_sep	b r iː ð	b r iː ð d	b r iː ð d	b e ɪ ð	b e ɪ ð d	b e ɪ ð d	b r iː ð d	1	1	reg_d	reg_d	reg_d
model_sep	d a ɪ ə l	d a ɪ ə l d	d a ɪ ə l d	d ɪ f iː t	d ɪ f iː t ə d	d ɪ f iː t ə d	d a ɪ ə l ə d	0	0	reg_d	reg_d	reg_əd
model_sep	m ɛ n ʃ ə n	m ɛ n ʃ ə n d	m ɛ n ʃ ə n d	m ɑː r k ə t	m ɑː r k ə t ə d	m ɑː r k ə t ə d	m ɛ n ʃ ə n ə d	0	0	reg_d	reg_d	reg_əd
model_sep	h ʌ ɡ	h ʌ ɡ d	h ʌ ɡ d	h æ ŋ	h ʌ ŋ	h ʌ ŋ	NA	0	0	reg_d	reg_d	vowel_change
model_sep	p a ʊ ɹ̩	p a ʊ ɹ̩ d	p a ʊ ɹ̩ d	p ɛ p ɹ̩	p ɛ p ɹ̩ d	p ɛ p ɹ̩ d	p a ʊ ɹ̩ d	1	1	reg_d	reg_d	reg_d
model_sep	s ɑː k	s ɑː k t	s ɑː k t	s iː k	s iː k t	s ɔ t	s ɑː k t	1	1	reg_t	reg_t	reg_t
model_sep	w uː p	w uː p t	w uː p t	w ɛ t	w ɛ t	w ɛ t	w uː p	0	0	reg_t	reg_t	no_change
model_sep	r iː m a ɪ n d	r iː m a ɪ n d ə d	r iː m a ɪ n d ə d	r ɪ m ɛ m b ɹ̩	r ɪ m ɛ m b ɹ̩ d	r ɪ m ɛ m b ɹ̩ d	r iː m a ɪ n d d	0	0	reg_əd	reg_əd	reg_d
model_sep	h æ n d ə l	h æ n d ə l d	h æ n d ə l d	h a ɪ d	h ɪ d	h ɪ d	NA	0	0	reg_d	reg_d	vowel_change
model_sep	s n iː z	s n iː z d	s n iː z d	s n iː k	s n iː k t	s n iː k t	s n iː z t	0	0	reg_d	reg_d	reg_t
model_sep	v ɪ z ɪ t	v ɪ z ɪ t ə d	v ɪ z ɪ t ə d	v æ n ɪ ʃ	v æ n ɪ ʃ t	v æ n ɪ ʃ t	v ɪ z ɪ t t	0	0	reg_əd	reg_əd	reg_t
model_sep	s l a ɪ d	s l ɪ d	s l a ɪ d ə d	s p ɛ n d	s p ɛ n t	s p ɛ n t	s l a ɪ t	0	0	vowel_change	reg_əd	coda_change
model_sep	p l æ n	p l æ n d	p l æ n d	p l ɑː p	p l ɑː p t	p l ɑː p t	p l æ n t	0	0	reg_d	reg_d	reg_t
model_sep	ɛ l b o ʊ	ɛ l b o ʊ d	ɛ l b o ʊ d	ɛ n d͡ʒ ɔ ɪ	ɛ n d͡ʒ ɔ ɪ d	ɛ n d͡ʒ ɔ ɪ d	ɛ l b o ʊ d	1	1	reg_d	reg_d	reg_d
model_sep	b ɑː k s	b ɑː k s t	b ɑː k s t	b e ɪ s	b e ɪ s t	b e ɪ s t	b ɑː k s t	1	1	reg_t	reg_t	reg_t
model_sep	ɪ n k l uː d	ɪ n k l uː d ə d	ɪ n k l uː d ə d	ɪ s k e ɪ p	ɪ s k e ɪ p t	ɪ s k e ɪ p t	ɪ n k l uː d t	0	0	reg_əd	reg_əd	reg_t
model_sep	b ɹ̩ n	b ɹ̩ n d	b ɹ̩ n d	b iː t	b iː t	b iː t	b ɹ̩ n	0	0	reg_d	reg_d	no_change
model_sep	ʃ e ɪ p	ʃ e ɪ p t	ʃ e ɪ p t	ʃ e ɪ k	ʃ ʊ k	ʃ ʊ k	NA	0	0	reg_t	reg_t	vowel_change
model_sep	b o ʊ n	b o ʊ n d	b o ʊ n d	b ɛ t ɹ̩	b ɛ t ɹ̩ d	b ɛ t ɹ̩ d	b o ʊ n d	1	1	reg_d	reg_d	reg_d
model_sep	f ɪ l	f ɪ l d	f ɪ l d	f ɔ l	f ɛ l	f ɛ l	NA	0	0	reg_d	reg_d	vowel_change
model_sep	m æ s k	m æ s k t	m æ s k t	m a ʊ ð	m a ʊ ð d	m a ʊ ð d	m æ s k d	0	0	reg_t	reg_t	reg_d
model_sep	s ɛ l ə b r e ɪ t	s ɛ l ə b r e ɪ t ə d	s ɛ r ə r e ɪ r e ɪ e ɪ t ə d	s p l ɪ n t ɹ̩	s p l ɪ n t ɹ̩ d	s p l ɪ n t ɹ̩ d	s ɛ l ə b r e ɪ t d	0	0	reg_əd	other	reg_d
model_sep	k r ʌ m b ə l	k r ʌ m b ə l d	k r ʌ m b ə l d	k r ʌ m p ə l	k r ʌ m p ə l d	k r ʌ m p ə l d	k r ʌ m b ə l d	1	1	reg_d	reg_d	reg_d
model_sep	r ɑː k	r ɑː k t	r ɑː k t	r ɪ p	r ɪ p t	r ɪ p t	r ɑː k t	1	1	reg_t	reg_t	reg_t
model_sep	ɡ ɛ r ə n t iː	ɡ ɛ r ə n t iː d	ɡ ɛ r ə n t ə d	ɡ ɪ ɡ ə l	ɡ ɪ ɡ ə l d	ɡ ɪ ɡ ə l d	ɡ ɛ r ə n t iː d	0	1	reg_d	vowel_change_suffix	reg_d
model_sep	k ə n ɛ k t	k ə n ɛ k t ə d	k ə n ɛ k t ə d	k ə l ɛ k t	k ə l ɛ k t ə d	k ə l ɛ k t ə d	k ə n ɛ k t ə d	1	1	reg_əd	reg_əd	reg_əd
model_sep	t ɔ s	t ɔ s t	t ɔ s t	t æ p	t æ p t	t æ p t	t ɔ s t	1	1	reg_t	reg_t	reg_t
model_sep	iː v ɪ n	iː v ɪ n d	iː v d	θ r o ʊ	θ r uː	θ r uː	NA	0	0	reg_d	other	vowel_change
model_sep	b a ʊ n s	b a ʊ n s t	b a ʊ n s t	b ə l uː n	b ə l uː n d	b ə l uː n d	b a ʊ n s d	0	0	reg_t	reg_t	reg_d
model_sep	ɹ̩ n	ɹ̩ n d	ɹ̩ n d	m ɛ m ɹ̩ a ɪ z	m ɛ m ɹ̩ a ɪ z d	m ɛ m ɹ̩ a ɪ z d	ɹ̩ n d	1	1	reg_d	reg_d	reg_d
model_sep	k l a ʊ d	k l a ʊ d ə d	k l a ʊ d ə d	k r a ʊ d	k r a ʊ d ə d	k r a ʊ d ə d	k l a ʊ d ə d	1	1	reg_əd	reg_əd	reg_əd
model_sep	k ʌ p ə l	k ʌ p ə l d	k ʌ p ə l d	k æ p t͡ʃ ɹ̩	k æ p t͡ʃ ɹ̩ d	k æ p t͡ʃ ɹ̩ d	k ʌ p ə l d	1	1	reg_d	reg_d	reg_d
model_sep	f l ʌ ʃ	f l ʌ ʃ t	f l ʌ ʃ t	f r a ɪ	f r a ɪ d	f r a ɪ d	f l ʌ ʃ d	0	0	reg_t	reg_t	reg_d
model_sep	h ɑː r n ə s	h ɑː r n ə s t	h ɑː r n ə s t	h ɛ d k w ɔ r t ɹ̩	h ɛ d k w ɔ r t ɹ̩ d	h ɛ d k w ɔ r t ɹ̩ d	h ɑː r n ə s d	0	0	reg_t	reg_t	reg_d
model_sep	b r a ʊ n	b r a ʊ n d	b r a ʊ n d	b r e ɪ k	b r o ʊ k	b r o ʊ k	NA	0	0	reg_d	reg_d	vowel_change
model_sep	s t ɪ ŋ k	s t ʌ ŋ k	s t ʌ ŋ k t	s t e ɪ n	s t e ɪ n d	s t e ɪ n d	s t ɪ ŋ k d	0	0	vowel_change	vowel_change_suffix	reg_d
model_sep	r iː f r ɛ ʃ	r iː f r ɛ ʃ t	r iː f r ɛ ʃ t	r iː p ɔ r t	r iː p ɔ r t ə d	r iː p ɔ r t ə d	r iː f r ɛ ʃ ə d	0	0	reg_t	reg_t	reg_əd
model_sep	p r ə f ɹ̩	p r ə f ɹ̩ d	p r ə f ɹ̩ d	p r ɪ n t	p r ɪ n t ə d	p r ɪ n t ə d	p r ə f ɹ̩ ə d	0	0	reg_d	reg_d	reg_əd
model_sep	s t iː l	s t o ʊ l	s t iː l d	s p ɛ l	s p ɛ l d	s p ɛ l d	s t iː l d	1	0	vowel_change	reg_d	reg_d
model_sep	b æ n d	b æ n d ə d	b æ n d ə d	b ɛ n d	b ɛ n d ə d	b ɛ n d ə d	b æ n d ə d	1	1	reg_əd	reg_əd	reg_əd
model_sep	r ɪ d	r ɪ d	r ɪ d	r iː d	r ɛ d	r ɛ d	NA	0	0	no_change	no_change	vowel_change
model_sep	k o ʊ ɑː p ɹ̩ e ɪ t	k o ʊ ɑː p ɹ̩ e ɪ t ə d	k o ʊ k e ɪ k ɹ̩ d	k o ʊ ɪ n s a ɪ d	k o ʊ ɪ n s a ɪ d ə d	k o ʊ ɪ n s a ɪ d ə d	k o ʊ ɑː p ɹ̩ e ɪ t ə d	0	1	reg_əd	other	reg_əd
model_sep	b ɑː ð ɹ̩	b ɑː ð ɹ̩ d	b ɑː ð ɹ̩ d	b ɛ t ɹ̩	b ɛ t ɹ̩ d	b ɛ t ɹ̩ d	b ɑː ð ɹ̩ d	1	1	reg_d	reg_d	reg_d
model_sep	r ɛ s t	r ɛ s t ə d	r ɛ s t	r ə f ɹ̩	r ə f ɹ̩ d	r ə f ɹ̩ d	r ɛ s t d	0	0	reg_əd	no_change	reg_d
model_sep	ɑː k j ə p a ɪ	ɑː k j ə p a ɪ d	ɑː k j ə p a ɪ d	ɑː r ɡ j uː	ɑː r ɡ j uː d	ɑː r ɡ j uː d	ɑː k j ə p a ɪ d	1	1	reg_d	reg_d	reg_d
model_sep	s k r ɪ b ə l	s k r ɪ b ə l d	s k r ɪ b ə l d	s p l ɪ n t ɹ̩	s p l ɪ n t ɹ̩ d	s p l ɪ n t ɹ̩ d	s k r ɪ b ə l d	1	1	reg_d	reg_d	reg_d
model_sep	b l æ s t	b l æ s t ə d	b l æ s t ə d	b ɪ l ɔ ŋ	b ɪ l ɔ ŋ d	b ɪ l ɔ ŋ d	b l æ s t d	0	0	reg_əd	reg_əd	reg_d
model_sep	h æ m ɹ̩	h æ m ɹ̩ d	h æ m ɹ̩ d	h ʌ v ɹ̩	h ʌ v ɹ̩ d	h ʌ v ɹ̩ d	h æ m ɹ̩ d	1	1	reg_d	reg_d	reg_d
model_sep	d r ɪ l	d r ɪ l d	d r ɪ l d	d a ɪ n	d a ɪ n d	d a ɪ n d	d r ɪ l d	1	1	reg_d	reg_d	reg_d
model_sep	p r æ k t ɪ s	p r æ k t ɪ s t	p r æ k t ə s t	p r ə t ɛ k t	p r ə t ɛ k t ə d	p r ə t ɛ k t ə d	p r æ k t ɪ s ə d	0	0	reg_t	vowel_change_suffix	reg_əd
model_sep	t a ɪ p	t a ɪ p t	t a ɪ p t	t e ɪ p	t e ɪ p t	t e ɪ p t	t a ɪ p t	1	1	reg_t	reg_t	reg_t
model_sep	æ d	æ d ə d	æ d ʌ d	æ k t	æ k t ə d	æ k t ə d	æ d ə d	0	1	reg_əd	other	reg_əd
model_sep	b o ʊ l	b o ʊ l d	b o ʊ l d	b ɔ ɪ l	b ɔ ɪ l d	b ɔ ɪ l d	b o ʊ l d	1	1	reg_d	reg_d	reg_d
model_sep	t o ʊ t	t o ʊ t ə d	t o ʊ t ə d	t ɛ s t	t ɛ s t ə d	t ɛ s t ə d	t o ʊ t ə d	1	1	reg_əd	reg_əd	reg_əd
model_sep	s w ɪ ʃ	s w ɪ ʃ t	s w ɪ ʃ t	s e ɪ v	s e ɪ v d	s e ɪ v d	s w ɪ ʃ d	0	0	reg_t	reg_t	reg_d
model_sep	b l e ɪ m	b l e ɪ m d	b l e ɪ m d	b ə l uː n	b ə l uː n d	b ə l uː n d	b l e ɪ m d	1	1	reg_d	reg_d	reg_d
model_sep	ɪ k s a ɪ t	ɪ k s a ɪ t ə d	ɪ k s a ɪ t ə d	ɪ k s ɛ p t	ɪ k s ɛ p t ə d	ɪ k s ɛ p t ə d	ɪ k s a ɪ t ə d	1	1	reg_əd	reg_əd	reg_əd
model_sep	t͡ʃ a ɪ m	t͡ʃ a ɪ m d	t͡ʃ a ɪ m d	t͡ʃ e ɪ n	t͡ʃ e ɪ n d	t͡ʃ e ɪ n d	t͡ʃ a ɪ m d	1	1	reg_d	reg_d	reg_d
model_sep	t͡ʃ iː r	t͡ʃ iː r d	t͡ʃ iː r d	t͡ʃ uː z	t͡ʃ o ʊ z	t͡ʃ o ʊ z	NA	0	0	reg_d	reg_d	vowel_change
model_sep	f r e ɪ m	f r e ɪ m d	f r e ɪ m d	f r æ ŋ k	f r æ ŋ k t	f r æ ŋ k t	f r e ɪ m t	0	0	reg_d	reg_d	reg_t
model_sep	d æ m	d æ m d	d æ m d	d ʌ l	d ʌ l d	d ʌ l d	d æ m d	1	1	reg_d	reg_d	reg_d
model_sep	t͡ʃ iː t	t͡ʃ iː t ə d	t͡ʃ iː t	t͡ʃ ɛ k	t͡ʃ ɛ k t	t͡ʃ ɛ k t	t͡ʃ iː t t	0	0	reg_əd	no_change	reg_t
model_sep	l iː n	l iː n d	l iː n d	l ɹ̩ n	l ɹ̩ n d	l ɹ̩ n d	l iː n d	1	1	reg_d	reg_d	reg_d
model_sep	s k r iː m	s k r iː m d	s k r iː m d	s k r iː n	s k r iː n d	s k r iː n d	s k r iː m d	1	1	reg_d	reg_d	reg_d
model_sep	ɪ ɡ n ɔ r	ɪ ɡ n ɔ r d	ɪ ɡ ɔ n ɔ r d	ɪ d͡ʒ ɛ k t	ɪ d͡ʒ ɛ k t ə d	ɪ d͡ʒ ɛ k t ə d	ɪ ɡ n ɔ r ə d	0	0	reg_d	other	reg_əd
model_sep	s k uː p	s k uː p t	s k uː p t	s w uː p	s w uː p t	s w uː p t	s k uː p t	1	1	reg_t	reg_t	reg_t
model_sep	θ ʌ m p	θ ʌ m p t	θ ʌ m p t	θ r o ʊ	θ r uː	θ r uː	NA	0	0	reg_t	reg_t	vowel_change
model_sep	s t iː r	s t iː r d	s t iː r d	s m iː r	s m iː r d	s m iː r d	s t iː r d	1	1	reg_d	reg_d	reg_d
model_sep	s p ɪ n	s p ʌ n	s p æ n d	s a ɪ n	s a ɪ n d	s a ɪ n d	s p ɪ n d	0	0	vowel_change	vowel_change_suffix	reg_d
model_sep	h ʌ f	h ʌ f t	h ʌ f t	h æ ŋ	h ʌ ŋ	h ʌ ŋ	NA	0	0	reg_t	reg_t	vowel_change
model_sep	t ɛ n d	t ɛ n d ə d	t ɛ n t	t r æ k	t r æ k t	t r æ k t	t ɛ n d t	0	0	reg_əd	coda_change	reg_t
model_sep	s p e ɪ s	s p e ɪ s t	s p e ɪ s t	s p ɔ ɪ l	s p ɔ ɪ l d	s p ɔ ɪ l d	s p e ɪ s d	0	0	reg_t	reg_t	reg_d
model_sep	s t r e ɪ t ə n	s t r e ɪ t ə n d	s t r t ɪ t ə n d	s e ɪ f ɡ ɑː r d	s e ɪ f ɡ ɑː r d ə d	s e ɪ f ɡ ɑː r d ə d	s t r e ɪ t ə n ə d	0	0	reg_d	other	reg_əd
model_sep	p iː t ɹ̩	p iː t ɹ̩ d	p iː t ɹ̩ d	p ɛ p ɹ̩	p ɛ p ɹ̩ d	p ɛ p ɹ̩ d	p iː t ɹ̩ d	1	1	reg_d	reg_d	reg_d
model_sep	m a ɪ n	m a ɪ n d	m a ɪ n d	m e ɪ k	m e ɪ d	m e ɪ d	NA	0	0	reg_d	reg_d	coda_change
model_sep	h iː l	h iː l d	h iː l d	h æ t͡ʃ	h æ t͡ʃ t	h æ t͡ʃ t	h iː l t	0	0	reg_d	reg_d	reg_t
model_sep	ə t r æ k t	ə t r æ k t ə d	ə t r æ k t ə d	ə r e ɪ n d͡ʒ	ə r e ɪ n d͡ʒ d	ə r e ɪ n d͡ʒ d	ə t r æ k t d	0	0	reg_əd	reg_əd	reg_d
model_sep	s k w ɛ r	s k w ɛ r d	s k w ɛ r d	s k w iː k	s k w iː k t	s k w iː k t	s k w ɛ r t	0	0	reg_d	reg_d	reg_t
model_sep	f l ʌ f	f l ʌ f t	f l ʌ f t	f l ɹ̩ t	f l ɹ̩ t ə d	f l ɹ̩ t ə d	f l ʌ f ə d	0	0	reg_t	reg_t	reg_əd
model_sep	t o ʊ n	t o ʊ n d	t o ʊ n d	t ɛ s t	t ɛ s t ə d	t ɛ s t ə d	t o ʊ n ə d	0	0	reg_d	reg_d	reg_əd
model_sep	d͡ʒ ɪ m iː	d͡ʒ ɪ m iː d	d͡ʒ ɪ m iː d	d͡ʒ o ʊ k	d͡ʒ o ʊ k t	d͡ʒ o ʊ k t	d͡ʒ ɪ m iː t	0	0	reg_d	reg_d	reg_t
model_sep	s m a ɪ l	s m a ɪ l d	s m a ɪ l d	s ɪ z ə l	s ɪ z ə l d	s ɪ z ə l d	s m a ɪ l d	1	1	reg_d	reg_d	reg_d
model_sep	ə n w a ɪ n d	ə n w a ʊ n d	ə n a ɪ n d ə d	ə n f o ʊ l d	ə n f o ʊ l d ə d	ə n f o ʊ l d ə d	ə n w a ɪ n d ə d	0	0	vowel_change	other	reg_əd
model_sep	d ɪ k l ɛ r	d ɪ k l ɛ r d	d ɪ k l ɛ r d	d ɪ s a ɪ d	d ɪ s a ɪ d ə d	d ɪ s a ɪ d ə d	d ɪ k l ɛ r ə d	0	0	reg_d	reg_d	reg_əd
model_sep	k ə n d ʌ k t	k ə n d ʌ k t ə d	k ə n d	k ə n f j uː z	k ə n f j uː z d	k ə n f j uː z d	k ə n d ʌ k t d	0	0	reg_əd	other	reg_d
model_sep	s t r e ɪ n	s t r e ɪ n d	s t r e ɪ n d	s k r e ɪ p	s k r e ɪ p t	s k r e ɪ p t	s t r e ɪ n t	0	0	reg_d	reg_d	reg_t
model_sep	k ə l æ p s	k ə l æ p s t	k ə l æ p s t	k ə l ɛ k t	k ə l ɛ k t ə d	k ə l ɛ k t ə d	k ə l æ p s ə d	0	0	reg_t	reg_t	reg_əd
model_sep	p ɑː r t ɪ s ə p e ɪ t	p ɑː r t ɪ s ə p e ɪ t ə d	p s t ɪ p t	p r iː t ɛ n d	p r iː t ɛ n d ə d	p r iː t ɛ n d ə d	p ɑː r t ɪ s ə p e ɪ t ə d	0	1	reg_əd	other	reg_əd
model_sep	t r æ n z l e ɪ t	t r æ n z l e ɪ t ə d	t r æ n z d	t r æ m p ə l	t r æ m p ə l d	t r æ m p ə l d	t r æ n z l e ɪ t d	0	0	reg_əd	other	reg_d
model_sep	d ɪ s k ʌ s	d ɪ s k ʌ s t	d ɪ s k ʌ s t	d ɪ s a ɪ d	d ɪ s a ɪ d ə d	d ɪ s a ɪ d ə d	d ɪ s k ʌ s ə d	0	0	reg_t	reg_t	reg_əd
model_sep	f ɹ̩ ɡ ɪ v	f ɹ̩ ɡ e ɪ v	f ɹ̩ ɡ ɪ v d	f ɪ ɡ j ɹ̩	f ɪ ɡ j ɹ̩ d	f ɪ ɡ j ɹ̩ d	f ɹ̩ ɡ ɪ v d	1	0	vowel_change	reg_d	reg_d
model_sep	ə r a ɪ z	ə r o ʊ z	ə r a ɪ z d	ə r a ɪ v	ə r a ɪ v d	ə r a ɪ v d	ə r a ɪ z d	1	0	vowel_change	reg_d	reg_d
model_sep	f r a ɪ t ə n	f r a ɪ t ə n d	f r a ɪ t ə n d	f l æ t ə n	f l æ t ə n d	f l æ t ə n d	f r a ɪ t ə n d	1	1	reg_d	reg_d	reg_d
model_sep	ɔ ɪ l	ɔ ɪ l d	ɔ ɪ l d	ɔ f ɹ̩	ɔ f ɹ̩ d	ɔ f ɹ̩ d	ɔ ɪ l d	1	1	reg_d	reg_d	reg_d
model_sep	ə n l o ʊ d	ə n l o ʊ d ə d	ə n l o ʊ d ə d	ə r e ɪ n d͡ʒ	ə r e ɪ n d͡ʒ d	ə r e ɪ n d͡ʒ d	ə n l o ʊ d d	0	0	reg_əd	reg_əd	reg_d
model_sep	ɡ r ʌ m b ə l	ɡ r ʌ m b ə l d	ɡ r ʌ m b ə l d	ɡ ɪ ɡ ə l	ɡ ɪ ɡ ə l d	ɡ ɪ ɡ ə l d	ɡ r ʌ m b ə l d	1	1	reg_d	reg_d	reg_d
model_sep	r ɛ k	r ɛ k t	r ɛ k t	r ɪ p	r ɪ p t	r ɪ p t	r ɛ k t	1	1	reg_t	reg_t	reg_t
model_sep	s p ɑː t	s p ɑː t ə d	s p ɑː t	s t ɑː p	s t ɑː p t	s t ɑː p t	s p ɑː t t	0	0	reg_əd	no_change	reg_t
model_sep	b ʌ t ɹ̩	b ʌ t ɹ̩ d	b ʌ t ɹ̩ d	b ɛ t ɹ̩	b ɛ t ɹ̩ d	b ɛ t ɹ̩ d	b ʌ t ɹ̩ d	1	1	reg_d	reg_d	reg_d
model_sep	s t iː p	s t iː p t	s t iː p t	s w iː p	s w ɛ p t	s w ɛ p t	s t ɛ p t	0	0	reg_t	reg_t	vowel_change_suffix
model_sep	h ʌ s ə l	h ʌ s ə l d	h ʌ s ə l d	h j uː m ɹ̩	h j uː m ɹ̩ d	h j uː m ɹ̩ d	h ʌ s ə l d	1	1	reg_d	reg_d	reg_d
model_sep	k ə n t ɪ n j uː	k ə n t ɪ n j uː d	k ə n t ɪ n j uː d	k ə n t r o ʊ l	k ə n t r o ʊ l d	k ə n t r o ʊ l d	k ə n t ɪ n j uː d	1	1	reg_d	reg_d	reg_d
model_sep	r ɛ n t	r ɛ n t ə d	r ɛ n t ə d	r ɛ n t͡ʃ	r ɛ n t͡ʃ t	r ɛ n t͡ʃ t	r ɛ n t t	0	0	reg_əd	reg_əd	reg_t
model_sep	k r ʌ n t͡ʃ	k r ʌ n t͡ʃ t	k r ʌ n t͡ʃ t	k l æ m p	k l æ m p t	k l æ m p t	k r ʌ n t͡ʃ t	1	1	reg_t	reg_t	reg_t
model_sep	r ɛ s k j uː	r ɛ s k j uː d	r ɛ s k j uː d	r ə k ɔ r d	r ə k ɔ r d ə d	r ə k ɔ r d ə d	r ɛ s k j uː ə d	0	0	reg_d	reg_d	reg_əd
model_sep	t ɑː p	t ɑː p t	t ɑː p t	t æ p	t æ p t	t æ p t	t ɑː p t	1	1	reg_t	reg_t	reg_t
model_sep	b l iː d	b l ɛ d	b l iː d ə d	b ɔ r d	b ɔ r d ə d	b ɔ r d ə d	b l iː d ə d	1	0	vowel_change	reg_əd	reg_əd
model_sep	p r ɪ k	p r ɪ k t	p r ɪ k t	p a ɪ l	p a ɪ l d	p a ɪ l d	p r ɪ k d	0	0	reg_t	reg_t	reg_d
model_sep	o ʊ ɡ ə l	o ʊ ɡ ə l d	o ʊ ɡ ə l d	o ʊ b e ɪ	o ʊ b e ɪ d	o ʊ b e ɪ d	o ʊ ɡ ə l d	1	1	reg_d	reg_d	reg_d
model_sep	s ɔ ɪ l	s ɔ ɪ l d	s ɔ ɪ l d	s p ɪ l	s p ɪ l d	s p ɪ l d	s ɔ ɪ l d	1	1	reg_d	reg_d	reg_d
model_sep	ɡ ɑː l f	ɡ ɑː l f t	ɡ ɑː l f t	ɡ æ s p	ɡ æ s p t	ɡ æ s p t	ɡ ɑː l f t	1	1	reg_t	reg_t	reg_t
model_sep	b ʌ s t	b ʌ s t ə d	b ʌ s t ə d	b ɛ s t	b ɛ s t ə d	b ɛ s t ə d	b ʌ s t ə d	1	1	reg_əd	reg_əd	reg_əd
model_sep	r iː s a ɪ k ə l	r iː s a ɪ k ə l d	r iː s a ɪ k ə l d	r ɛ k ə m ɛ n d	r ɛ k ə m ɛ n d ə d	r ɛ k ə m ɛ n d ə d	r iː s a ɪ k ə l ə d	0	0	reg_d	reg_d	reg_əd
model_sep	s t uː	s t uː d	s t uː d	s ɪ ŋ	s æ ŋ	s æ ŋ	NA	0	0	reg_d	reg_d	vowel_change
model_sep	b æ t	b æ t ə d	b æ t	b ɛ t	b ɛ t	b ɛ t	b æ t	1	0	reg_əd	no_change	no_change
model_sep	s ʌ f ɹ̩	s ʌ f ɹ̩ d	s ʌ f ɹ̩ d	s a ʊ ɹ̩	s a ʊ ɹ̩ d	s a ʊ ɹ̩ d	s ʌ f ɹ̩ d	1	1	reg_d	reg_d	reg_d
model_sep	v ɪ ʒ w ə l a ɪ z	v ɪ ʒ w ə l a ɪ z d	v ɪ l d	v æ n ɪ ʃ	v æ n ɪ ʃ t	v æ n ɪ ʃ t	v ɪ ʒ w ə l a ɪ z t	0	0	reg_d	other	reg_t
model_sep	k æ p	k æ p t	k æ p t	k iː p	k ɛ p t	k ɛ p t	NA	0	0	reg_t	reg_t	vowel_change_suffix
model_sep	t ʌ m b ə l	t ʌ m b ə l d	t ɪ m b ə l d	t e ɪ b ə l	t e ɪ b ə l d	t e ɪ b ə l d	t ʌ m b ə l d	0	1	reg_d	other	reg_d
model_sep	d ɪ s k r a ɪ b	d ɪ s k r a ɪ b d	d ɪ s k r a ɪ s k t ə d	d ɪ s o ʊ b e ɪ	d ɪ s o ʊ b e ɪ d	d ɪ s o ʊ b e ɪ d	d ɪ s k r a ɪ b d	0	1	reg_d	other	reg_d
model_sep	h ɛ z ə t e ɪ t	h ɛ z ə t e ɪ t ə d	h t ə t ə t e ɪ t	h ɛ d k w ɔ r t ɹ̩	h ɛ d k w ɔ r t ɹ̩ d	h ɛ d k w ɔ r t ɹ̩ d	h ɛ z ə t e ɪ t d	0	0	reg_əd	other	reg_d
model_sep	m ɑː r	m ɑː r d	m ɑː r d	m uː v	m uː v d	m uː v d	m ɑː r d	1	1	reg_d	reg_d	reg_d
model_sep	p r ə n a ʊ n s	p r ə n a ʊ n s t	p r ə n a ʊ n a ʊ z d	p r o ʊ ɡ r æ m	p r o ʊ ɡ r æ m d	p r o ʊ ɡ r æ m d	p r ə n a ʊ n s d	0	0	reg_t	other	reg_d
model_sep	f ɪ k s e ɪ t	f ɪ k s e ɪ t ə d	f ɪ k s e ɪ t ə d	f r ɛ k ə l	f r ɛ k ə l d	f r ɛ k ə l d	f ɪ k s e ɪ t d	0	0	reg_əd	reg_əd	reg_d
model_sep	b ɑː s	b ɑː s t	b ɑː s t	b ʌ s	b ʌ s t	b ʌ s t	b ɑː s t	1	1	reg_t	reg_t	reg_t
model_sep	d ɪ s t ɹ̩ b	d ɪ s t ɹ̩ b d	d ɪ s t ɹ̩ d ə d	d ɪ s a ɪ d	d ɪ s a ɪ d ə d	d ɪ s a ɪ d ə d	d ɪ s t ɹ̩ b ə d	0	0	reg_d	other	reg_əd
model_sep	s n æ k	s n æ k t	s n æ k t	s t æ k	s t æ k t	s t æ k t	s n æ k t	1	1	reg_t	reg_t	reg_t
model_sep	d ʌ s t	d ʌ s t ə d	d ʌ s t ə d	d ɑː r t	d ɑː r t ə d	d ɑː r t ə d	d ʌ s t ə d	1	1	reg_əd	reg_əd	reg_əd
model_sep	m o ʊ n	m o ʊ n d	m o ʊ n d	m a ʊ ð	m a ʊ ð d	m a ʊ ð d	m o ʊ n d	1	1	reg_d	reg_d	reg_d
model_sep	p iː l	p iː l d	p iː l d	p uː l	p uː l d	p uː l d	p iː l d	1	1	reg_d	reg_d	reg_d
model_sep	f l ɑː p	f l ɑː p t	f l ɑː p t	f iː l d	f iː l d ə d	f iː l d ə d	f l ɑː p ə d	0	0	reg_t	reg_t	reg_əd
model_sep	f l æ ʃ	f l æ ʃ t	f l æ ʃ t	f l æ p	f l æ p t	f l æ p t	f l æ ʃ t	1	1	reg_t	reg_t	reg_t
model_sep	p e ɪ s t	p e ɪ s t ə d	p e ɪ s t ə d	p ɔ ɪ n t	p ɔ ɪ n t ə d	p ɔ ɪ n t ə d	p e ɪ s t ə d	1	1	reg_əd	reg_əd	reg_əd
model_sep	ɡ ɑː r b ə l	ɡ ɑː r b ə l d	ɡ ɑː r b ə l d	ɡ r æ p ə l	ɡ r æ p ə l d	ɡ r æ p ə l d	ɡ ɑː r b ə l d	1	1	reg_d	reg_d	reg_d
model_sep	ɪ n t ɛ n d	ɪ n t ɛ n d ə d	ɪ n t ɛ n d ə d	ɪ n v a ɪ t	ɪ n v a ɪ t ə d	ɪ n v a ɪ t ə d	ɪ n t ɛ n d ə d	1	1	reg_əd	reg_əd	reg_əd
model_sep	r o ʊ t e ɪ t	r o ʊ t e ɪ t ə d	r o ʊ t e ɪ t ə d	r ɪ m ɛ m b ɹ̩	r ɪ m ɛ m b ɹ̩ d	r ɪ m ɛ m b ɹ̩ d	r o ʊ t e ɪ t d	0	0	reg_əd	reg_əd	reg_d
model_sep	s ɑː l v	s ɑː l v d	s ɑː l v d	s p iː d	s p ɛ d	s p ɛ d	NA	0	0	reg_d	reg_d	vowel_change
model_sep	r ɪ s p ɑː n d	r ɪ s p ɑː n d ə d	r ɪ s p ɑː s t ə d	r ɪ m ɛ m b ɹ̩	r ɪ m ɛ m b ɹ̩ d	r ɪ m ɛ m b ɹ̩ d	r ɪ s p ɑː n d d	0	0	reg_əd	other	reg_d
model_sep	p r a ɪ s	p r a ɪ s t	p r a ɪ s t	p r ɪ n t	p r ɪ n t ə d	p r ɪ n t ə d	p r a ɪ s ə d	0	0	reg_t	reg_t	reg_əd
model_sep	h ɑː r p	h ɑː r p t	h ɑː r p t	h a ʊ z	h a ʊ z d	h a ʊ z d	h ɑː r p d	0	0	reg_t	reg_t	reg_d
model_sep	ɪ ɡ z ɔ s t	ɪ ɡ z ɔ s t ə d	ɪ ɡ z ɔ s t ə d	ɪ n v a ɪ t	ɪ n v a ɪ t ə d	ɪ n v a ɪ t ə d	ɪ ɡ z ɔ s t ə d	1	1	reg_əd	reg_əd	reg_əd
model_sep	t ɛ r ə f a ɪ	t ɛ r ə f a ɪ d	t ɛ r ə f a ɪ d	t r æ m p ə l	t r æ m p ə l d	t r æ m p ə l d	t ɛ r ə f a ɪ d	1	1	reg_d	reg_d	reg_d
model_sep	s a ʊ	s a ʊ d	s a ʊ d	s o ʊ	s o ʊ d	s o ʊ d	s a ʊ d	1	1	reg_d	reg_d	reg_d
model_sep	e ɪ d	e ɪ d ə d	e ɪ d ə d	e ɪ d͡ʒ	e ɪ d͡ʒ d	e ɪ d͡ʒ d	e ɪ d d	0	0	reg_əd	reg_əd	reg_d
model_sep	ə n p æ k	ə n p æ k t	ə n p æ k t	ə n l ɑː k	ə n l ɑː k t	ə n l ɑː k t	ə n p æ k t	1	1	reg_t	reg_t	reg_t
model_mean	ɡ ɛ t	ɡ ɑː t	ɡ ɛ t	ɡ ɛ s	ɡ ɛ s t	ɡ ɛ s t	ɡ ɛ t t	0	0	vowel_change	no_change	reg_t
model_mean	p ʊ t	p ʊ t	p ʊ t	p ʊ l	p ʊ l d	p ʊ l d	p ʊ t d	0	0	no_change	no_change	reg_d
model_mean	ɡ o ʊ	w ɛ n t	ɡ o ʊ d	ɡ r o ʊ	ɡ r uː	ɡ r uː	ɡ uː	0	0	other	reg_d	vowel_change
model_mean	iː t	e ɪ t	iː ɔ d	h iː t	h iː t ə d	h iː t ə d	iː t ə d	0	0	vowel_change	rhyme_replaced	reg_əd
model_mean	w ɔ n t	w ɔ n t ə d	w ɔ n t ə d	w ɔ r n	w ɔ r n d	w ɔ r n d	w ɔ n t d	0	0	reg_əd	reg_əd	reg_d
model_mean	n ɑː k	n ɑː k t	n ɑː k t	n ɑː t	n ɑː t ə d	n ɑː t ə d	n ɑː k ə d	0	0	reg_t	reg_t	reg_əd
model_mean	l ɪ s ə n	l ɪ s ə n d	l ɪ s ə n d	l uː s ə n	l uː s ə n d	l uː s ə n d	l ɪ s ə n d	1	1	reg_d	reg_d	reg_d
model_mean	p ʌ f	p ʌ f t	p ʌ f t	p ʌ m p	p ʌ m p t	p ʌ m p t	p ʌ f t	1	1	reg_t	reg_t	reg_t
model_mean	h o ʊ p	h o ʊ p t	h o ʊ p t	h o ʊ l	h o ʊ l d	h o ʊ l d	h o ʊ p d	0	0	reg_t	reg_t	reg_d
model_mean	n iː d	n iː d ə d	n ɛ d ə d	n ɑː t	n ɑː t ə d	n ɑː t ə d	n iː d ə d	0	1	reg_əd	other	reg_əd
model_mean	k æ t͡ʃ	k ɔ t	k æ t͡ʃ t	k æ ʃ	k æ ʃ t	k æ ʃ t	k æ t͡ʃ t	1	0	rhyme_replaced	reg_t	reg_t
model_mean	z ɪ p ɹ̩	z ɪ p ɹ̩ d	z ɪ p ɹ̩ d	z ɪ p	z ɪ p t	z ɪ p t	z ɪ p ɹ̩ t	0	0	reg_d	reg_d	reg_t
model_mean	h ɑː p	h ɑː p t	h ɑː p t	h æ t͡ʃ	h æ t͡ʃ t	h æ t͡ʃ t	h ɑː p t	1	1	reg_t	reg_t	reg_t
model_mean	k æ r iː	k æ r iː d	k æ r iː d	k ɑː r v	k ɑː r v d	k ɑː r v d	k æ r iː d	1	1	reg_d	reg_d	reg_d
model_mean	r ɪ t ɹ̩ n	r ɪ t ɹ̩ n d	r ɪ t ɹ̩ n d	r ɪ t a ɪ ɹ̩	r ɪ t a ɪ ɹ̩ d	r ɪ t a ɪ ɹ̩ d	r ɪ t ɹ̩ n d	1	1	reg_d	reg_d	reg_d
model_mean	f iː d	f ɛ d	f iː d ə d	f iː l d	f iː l d ə d	f iː l d ə d	f iː d ə d	1	0	vowel_change	reg_əd	reg_əd
model_mean	ɡ ɑː b ə l	ɡ ɑː b ə l d	ɡ ɑː b ə l d	ɡ e ɪ n	ɡ e ɪ n d	ɡ e ɪ n d	ɡ ɑː b ə l d	1	1	reg_d	reg_d	reg_d
model_mean	o ʊ p ə n	o ʊ p ə n d	o ʊ p ə n d	o ʊ n	o ʊ n d	o ʊ n d	o ʊ p ə n d	1	1	reg_d	reg_d	reg_d
model_mean	h o ʊ l d	h ɛ l d	h o ʊ l d ə d	h o ʊ l	h o ʊ l d	h o ʊ l d	h o ʊ l d d	0	0	vowel_change	reg_əd	reg_d
model_mean	d ɪ l ɪ v ɹ̩	d ɪ l ɪ v ɹ̩ d	d ɪ l ɪ v ɹ̩ d	d ɪ l e ɪ	d ɪ l e ɪ d	d ɪ l e ɪ d	d ɪ l ɪ v ɹ̩ d	1	1	reg_d	reg_d	reg_d
model_mean	r ʌ b	r ʌ b d	r ʌ b d	r ʌ n	r ʌ n	r æ n	r ʌ b	0	0	reg_d	reg_d	no_change
model_mean	w ɑː t͡ʃ	w ɑː t͡ʃ t	w ɑː t͡ʃ t	w ɑː ʃ	w ɑː ʃ t	w ɑː ʃ t	w ɑː t͡ʃ t	1	1	reg_t	reg_t	reg_t
model_mean	p l iː z	p l iː z d	p l o ʊ z	p iː s	p iː s t	p iː s t	p l iː z t	0	0	reg_d	vowel_change	reg_t
model_mean	w ɔ k	w ɔ k t	w ɔ k t	w ɪ ŋ k	w ɪ ŋ k t	w ɪ ŋ k t	w ɔ k t	1	1	reg_t	reg_t	reg_t
model_mean	p æ k	p æ k t	p æ k t	p æ d	p æ d ə d	p æ d ə d	p æ k ə d	0	0	reg_t	reg_t	reg_əd
model_mean	s a ʊ n d	s a ʊ n d ə d	s a ʊ n d ə d	s a ʊ ɹ̩	s a ʊ ɹ̩ d	s a ʊ ɹ̩ d	s a ʊ n d d	0	0	reg_əd	reg_əd	reg_d
model_mean	ɡ r æ b	ɡ r æ b d	ɡ r æ b d	ɡ r æ n t	ɡ r æ n t ə d	ɡ r æ n t ə d	ɡ r æ b ə d	0	0	reg_d	reg_d	reg_əd
model_mean	m æ n	m æ n d	m æ n d	m æ t͡ʃ	m æ t͡ʃ t	m æ t͡ʃ t	m æ n t	0	0	reg_d	reg_d	reg_t
model_mean	f iː l	f ɛ l t	f iː l d	f iː r	f iː r d	f iː r d	f iː l d	1	0	vowel_change_suffix	reg_d	reg_d
model_mean	n e ɪ m	n e ɪ m d	n e ɪ m d	n ɪ t	n ɪ t ə d	n ɪ t ə d	n e ɪ m ə d	0	0	reg_d	reg_d	reg_əd
model_mean	f l o ʊ	f l o ʊ d	f l o ʊ d	f l o ʊ t	f l o ʊ t ə d	f l o ʊ t ə d	f l o ʊ ə d	0	0	reg_d	reg_d	reg_əd
model_mean	w ɛ ð ɹ̩	w ɛ ð ɹ̩ d	w ɛ ð ɹ̩ d	w iː	w iː d	w iː d	w ɛ ð ɹ̩ d	1	1	reg_d	reg_d	reg_d
model_mean	l a ɪ	l e ɪ	l a ɪ d	l e ɪ	l e ɪ d	l e ɪ d	l a ɪ d	1	0	vowel_change	reg_d	reg_d
model_mean	k r æ ʃ	k r æ ʃ t	k r æ ʃ t	k r æ k	k r æ k t	k r æ k t	k r æ ʃ t	1	1	reg_t	reg_t	reg_t
model_mean	p e ɪ d͡ʒ	p e ɪ d͡ʒ d	p e ɪ d͡ʒ d	p e ɪ	p e ɪ d	p e ɪ d	p e ɪ d͡ʒ d	1	1	reg_d	reg_d	reg_d
model_mean	t͡ʃ o ʊ k	t͡ʃ o ʊ k t	t͡ʃ o ʊ k t	o ʊ	o ʊ d	o ʊ d	t͡ʃ o ʊ k d	0	0	reg_t	reg_t	reg_d
model_mean	b l ɛ s	b l ɛ s t	b l ɛ s t	b l æ ŋ k	b l æ ŋ k t	b l æ ŋ k t	b l ɛ s t	1	1	reg_t	reg_t	reg_t
model_mean	d ɪ ŋ	d ɪ ŋ d	d ɪ ŋ	d uː	d ɪ d	d ɪ d	NA	0	0	reg_d	no_change	vowel_change_suffix
model_mean	s ɛ l	s o ʊ l d	s ɛ l d	s ɛ t	s ɛ t	s ɛ t	s ɛ l	0	0	vowel_change_suffix	reg_d	no_change
model_mean	b ɪ ɡ ɪ n	b ɪ ɡ æ n	b ɪ ɡ ɪ n d	b ɪ l ɔ ŋ	b ɪ l ɔ ŋ d	b ɪ l ɔ ŋ d	b ɪ ɡ ɪ n d	1	0	vowel_change	reg_d	reg_d
model_mean	d͡ʒ ɔ ɪ n	d͡ʒ ɔ ɪ n d	d͡ʒ ɔ ɪ n d	d͡ʒ æ k	d͡ʒ æ k t	d͡ʒ æ k t	d͡ʒ ɔ ɪ n t	0	0	reg_d	reg_d	reg_t
model_mean	l ɑː k	l ɑː k t	l ɑː k t	l ɔ ŋ	l ɔ ŋ d	l ɔ ŋ d	l ɑː k d	0	0	reg_t	reg_t	reg_d
model_mean	b ɪ l iː v	b ɪ l iː v d	b ɪ l iː v d	b ɪ l ɔ ŋ	b ɪ l ɔ ŋ d	b ɪ l ɔ ŋ d	b ɪ l iː v d	1	1	reg_d	reg_d	reg_d
model_mean	ə n d ɹ̩ s t æ n d	ə n d ɹ̩ s t ʊ d	ə n t ə t ə n d	ə d m ɪ t	ə d m ɪ t ə d	ə d m ɪ t ə d	ə n d ɹ̩ s t æ n d ə d	0	0	rhyme_replaced	other	reg_əd
model_mean	t r e ɪ n	t r e ɪ n d	t r e ɪ n d	t r e ɪ l	t r e ɪ l d	t r e ɪ l d	t r e ɪ n d	1	1	reg_d	reg_d	reg_d
model_mean	k r ɔ l	k r ɔ l d	k r ɔ l d	k r ɔ s	k r ɔ s t	k r ɔ s t	k r ɔ l t	0	0	reg_d	reg_d	reg_t
model_mean	p æ t	p æ t ə d	p æ t ə d	p æ d	p æ d ə d	p æ d ə d	p æ t ə d	1	1	reg_əd	reg_əd	reg_əd
model_mean	ɔ r d ɹ̩	ɔ r d ɹ̩ d	ɔ r d ɹ̩ d	ɔ f ɹ̩	ɔ f ɹ̩ d	ɔ f ɹ̩ d	ɔ r d ɹ̩ d	1	1	reg_d	reg_d	reg_d
model_mean	f l a ɪ	f l uː	f l a ɪ d	f a ɪ ɹ̩	f a ɪ ɹ̩ d	f a ɪ ɹ̩ d	f l a ɪ d	1	0	vowel_change	reg_d	reg_d
model_mean	l o ʊ d	l o ʊ d ə d	l o ʊ d ə d	l o ʊ ɹ̩	l o ʊ ɹ̩ d	l o ʊ ɹ̩ d	l o ʊ d d	0	0	reg_əd	reg_əd	reg_d
model_mean	k ə m p l e ɪ n	k ə m p l e ɪ n d	k ə m p l e ɪ n d	k ə m p l iː t	k ə m p l iː t ə d	k ə m p l iː t ə d	k ə m p l e ɪ n ə d	0	0	reg_d	reg_d	reg_əd
model_mean	b l ɛ n d	b l ɛ n d ə d	b l ɛ n d ə d	b l æ ŋ k	b l æ ŋ k t	b l æ ŋ k t	b l ɛ n d t	0	0	reg_əd	reg_əd	reg_t
model_mean	b l ɑː k	b l ɑː k t	b l ɑː k t	b l æ ŋ k	b l æ ŋ k t	b l æ ŋ k t	b l ɑː k t	1	1	reg_t	reg_t	reg_t
model_mean	t ɪ p	t ɪ p t	t ɪ p t	t ɪ k	t ɪ k t	t ɪ k t	t ɪ p t	1	1	reg_t	reg_t	reg_t
model_mean	d͡ʒ ɛ t	d͡ʒ ɛ t ə d	d͡ʒ ɛ t	d͡ʒ æ m	d͡ʒ æ m d	d͡ʒ æ m d	d͡ʒ ɛ t d	0	0	reg_əd	no_change	reg_d
model_mean	b r iː ð	b r iː ð d	b r iː ð d	b e ɪ ð	b e ɪ ð d	b e ɪ ð d	b r iː ð d	1	1	reg_d	reg_d	reg_d
model_mean	d a ɪ ə l	d a ɪ ə l d	d a ɪ ə l d	d a ɪ n	d a ɪ n d	d a ɪ n d	d a ɪ ə l d	1	1	reg_d	reg_d	reg_d
model_mean	m ɛ n ʃ ə n	m ɛ n ʃ ə n d	m ɛ n ʃ ə n d	m ɛ l t	m ɛ l t ə d	m ɛ l t ə d	m ɛ n ʃ ə n ə d	0	0	reg_d	reg_d	reg_əd
model_mean	h ʌ ɡ	h ʌ ɡ d	h ʌ ɡ d	h ʌ v ɹ̩	h ʌ v ɹ̩ d	h ʌ v ɹ̩ d	h ʌ ɡ d	1	1	reg_d	reg_d	reg_d
model_mean	p a ʊ ɹ̩	p a ʊ ɹ̩ d	p a ʊ ɹ̩ d	p a ʊ d ɹ̩	p a ʊ d ɹ̩ d	p a ʊ d ɹ̩ d	p a ʊ ɹ̩ d	1	1	reg_d	reg_d	reg_d
model_mean	s ɑː k	s ɑː k t	s ɑː k t	s ʌ k	s ʌ k t	s ʌ k t	s ɑː k t	1	1	reg_t	reg_t	reg_t
model_mean	w uː p	w uː p t	w uː p t	w ɪ ʃ	w ɪ ʃ t	w ɪ ʃ t	w uː p t	1	1	reg_t	reg_t	reg_t
model_mean	r iː m a ɪ n d	r iː m a ɪ n d ə d	r iː m a ɪ n d ə d	r iː m uː v	r iː m uː v d	r iː m uː v d	r iː m a ɪ n d d	0	0	reg_əd	reg_əd	reg_d
model_mean	h æ n d ə l	h æ n d ə l d	h æ n d ə l d	h æ n d	h æ n d ə d	h æ n d ə d	h æ n d ə l ə d	0	0	reg_d	reg_d	reg_əd
model_mean	s n iː z	s n iː z d	s n iː z d	s n iː k	s n iː k t	s n iː k t	s n iː z t	0	0	reg_d	reg_d	reg_t
model_mean	v ɪ z ɪ t	v ɪ z ɪ t ə d	v ɪ z ɪ t ə d	v a ʊ	v a ʊ d	v a ʊ d	v ɪ z ɪ t d	0	0	reg_əd	reg_əd	reg_d
model_mean	s l a ɪ d	s l ɪ d	s l a ɪ d ə d	s l a ɪ s	s l a ɪ s t	s l a ɪ s t	s l a ɪ d t	0	0	vowel_change	reg_əd	reg_t
model_mean	p l æ n	p l æ n d	p l æ n d	p l æ n t	p l æ n t ə d	p l æ n t ə d	p l æ n ə d	0	0	reg_d	reg_d	reg_əd
model_mean	ɛ l b o ʊ	ɛ l b o ʊ d	ɛ l b o ʊ d	ɛ n d͡ʒ ɔ ɪ	ɛ n d͡ʒ ɔ ɪ d	ɛ n d͡ʒ ɔ ɪ d	ɛ l b o ʊ d	1	1	reg_d	reg_d	reg_d
model_mean	b ɑː k s	b ɑː k s t	b ɑː k s t	b ɑː r k	b ɑː r k t	b ɑː r k t	b ɑː k s t	1	1	reg_t	reg_t	reg_t
model_mean	ɪ n k l uː d	ɪ n k l uː d ə d	ɪ n k l uː d ə d	ɪ n ɪ ʃ ə l	ɪ n ɪ ʃ ə l d	ɪ n ɪ ʃ ə l d	ɪ n k l uː d d	0	0	reg_əd	reg_əd	reg_d
model_mean	b ɹ̩ n	b ɹ̩ n d	b ɹ̩ n d	b ɪ l	b ɪ l d	b ɪ l d	b ɹ̩ n d	1	1	reg_d	reg_d	reg_d
model_mean	ʃ e ɪ p	ʃ e ɪ p t	ʃ e ɪ p t	ʃ e ɪ k	ʃ ʊ k	ʃ ʊ k	NA	0	0	reg_t	reg_t	vowel_change
model_mean	b o ʊ n	b o ʊ n d	b o ʊ n d	b o ʊ t	b o ʊ t ə d	b o ʊ t ə d	b o ʊ n ə d	0	0	reg_d	reg_d	reg_əd
model_mean	f ɪ l	f ɪ l d	f ɪ l d	f uː l	f uː l d	f uː l d	f ɪ l d	1	1	reg_d	reg_d	reg_d
model_mean	m æ s k	m æ s k t	m æ s k t	m æ k s	m æ k s t	m æ k s t	m æ s k t	1	1	reg_t	reg_t	reg_t
model_mean	s ɛ l ə b r e ɪ t	s ɛ l ə b r e ɪ t ə d	s ɛ r ə r e ɪ r e ɪ e ɪ t ə d	s ɛ n t ə n s	s ɛ n t ə n s t	s ɛ n t ə n s t	s ɛ l ə b r e ɪ t t	0	0	reg_əd	other	reg_t
model_mean	k r ʌ m b ə l	k r ʌ m b ə l d	k r ʌ m b ə l d	k r ʌ m p ə l	k r ʌ m p ə l d	k r ʌ m p ə l d	k r ʌ m b ə l d	1	1	reg_d	reg_d	reg_d
model_mean	r ɑː k	r ɑː k t	r ɑː k t	r æ p	r æ p t	r æ p t	r ɑː k t	1	1	reg_t	reg_t	reg_t
model_mean	ɡ ɛ r ə n t iː	ɡ ɛ r ə n t iː d	ɡ ɛ r ə n t ə d	ɡ r æ n t	ɡ r æ n t ə d	ɡ r æ n t ə d	ɡ ɛ r ə n t iː ə d	0	0	reg_d	vowel_change_suffix	reg_əd
model_mean	k ə n ɛ k t	k ə n ɛ k t ə d	k ə n ɛ k t ə d	k ə l ɛ k t	k ə l ɛ k t ə d	k ə l ɛ k t ə d	k ə n ɛ k t ə d	1	1	reg_əd	reg_əd	reg_əd
model_mean	t ɔ s	t ɔ s t	t ɔ s t	t ɔ k	t ɔ k t	t ɔ k t	t ɔ s t	1	1	reg_t	reg_t	reg_t
model_mean	iː v ɪ n	iː v ɪ n d	iː v d	h iː r	h ɹ̩ d	h ɹ̩ d	NA	0	0	reg_d	other	rhyme_replaced
model_mean	b a ʊ n s	b a ʊ n s t	b a ʊ n s t	b a ɪ t	b ɪ t	b ɪ t	NA	0	0	reg_t	reg_t	vowel_change
model_mean	ɹ̩ n	ɹ̩ n d	ɹ̩ n d	h ɹ̩ t	h ɹ̩ t	h ɹ̩ t	ɹ̩ n	0	0	reg_d	reg_d	no_change
model_mean	k l a ʊ d	k l a ʊ d ə d	k l a ʊ d ə d	k l a ɪ m	k l a ɪ m d	k l a ɪ m d	k l a ʊ d d	0	0	reg_əd	reg_əd	reg_d
model_mean	k ʌ p ə l	k ʌ p ə l d	k ʌ p ə l d	k ʌ d ə l	k ʌ d ə l d	k ʌ d ə l d	k ʌ p ə l d	1	1	reg_d	reg_d	reg_d
model_mean	f l ʌ ʃ	f l ʌ ʃ t	f l ʌ ʃ t	f l æ p	f l æ p t	f l æ p t	f l ʌ ʃ t	1	1	reg_t	reg_t	reg_t
model_mean	h ɑː r n ə s	h ɑː r n ə s t	h ɑː r n ə s t	h ɑː l ɹ̩	h ɑː l ɹ̩ d	h ɑː l ɹ̩ d	h ɑː r n ə s d	0	0	reg_t	reg_t	reg_d
model_mean	b r a ʊ n	b r a ʊ n d	b r a ʊ n d	b r e ɪ d	b r e ɪ d ə d	b r e ɪ d ə d	b r a ʊ n ə d	0	0	reg_d	reg_d	reg_əd
model_mean	s t ɪ ŋ k	s t ʌ ŋ k	s t ʌ ŋ k t	s t ɪ ŋ	s t ʌ ŋ	s t ʌ ŋ	NA	0	0	vowel_change	vowel_change_suffix	vowel_change
model_mean	r iː f r ɛ ʃ	r iː f r ɛ ʃ t	r iː f r ɛ ʃ t	r iː f ɪ l	r iː f ɪ l d	r iː f ɪ l d	r iː f r ɛ ʃ d	0	0	reg_t	reg_t	reg_d
model_mean	p r ə f ɹ̩	p r ə f ɹ̩ d	p r ə f ɹ̩ d	p r e ɪ	p r e ɪ d	p r e ɪ d	p r ə f ɹ̩ d	1	1	reg_d	reg_d	reg_d
model_mean	s t iː l	s t o ʊ l	s t iː l d	s m iː r	s m iː r d	s m iː r d	s t iː l d	1	0	vowel_change	reg_d	reg_d
model_mean	b æ n d	b æ n d ə d	b æ n d ə d	b æ ɡ	b æ ɡ d	b æ ɡ d	b æ n d d	0	0	reg_əd	reg_əd	reg_d
model_mean	r ɪ d	r ɪ d	r ɪ d	r iː d	r ɛ d	r ɛ d	NA	0	0	no_change	no_change	vowel_change
model_mean	k o ʊ ɑː p ɹ̩ e ɪ t	k o ʊ ɑː p ɹ̩ e ɪ t ə d	k o ʊ k e ɪ k ɹ̩ d	k o ʊ ɪ n s a ɪ d	k o ʊ ɪ n s a ɪ d ə d	k o ʊ ɪ n s a ɪ d ə d	k o ʊ ɑː p ɹ̩ e ɪ t ə d	0	1	reg_əd	other	reg_əd
model_mean	b ɑː ð ɹ̩	b ɑː ð ɹ̩ d	b ɑː ð ɹ̩ d	b æ ɡ	b æ ɡ d	b æ ɡ d	b ɑː ð ɹ̩ d	1	1	reg_d	reg_d	reg_d
model_mean	r ɛ s t	r ɛ s t ə d	r ɛ s t	r ɛ s ə l	r ɛ s ə l d	r ɛ s ə l d	r ɛ s t d	0	0	reg_əd	no_change	reg_d
model_mean	ɑː k j ə p a ɪ	ɑː k j ə p a ɪ d	ɑː k j ə p a ɪ d	k ɑː r v	k ɑː r v d	k ɑː r v d	ɑː k j ə p a ɪ d	1	1	reg_d	reg_d	reg_d
model_mean	s k r ɪ b ə l	s k r ɪ b ə l d	s k r ɪ b ə l d	s k r e ɪ p	s k r e ɪ p t	s k r e ɪ p t	s k r ɪ b ə l t	0	0	reg_d	reg_d	reg_t
model_mean	b l æ s t	b l æ s t ə d	b l æ s t ə d	b l ɪ ŋ k	b l ɪ ŋ k t	b l ɪ ŋ k t	b l æ s t t	0	0	reg_əd	reg_əd	reg_t
model_mean	h æ m ɹ̩	h æ m ɹ̩ d	h æ m ɹ̩ d	h æ v	h æ d	h æ d	NA	0	0	reg_d	reg_d	coda_change
model_mean	d r ɪ l	d r ɪ l d	d r ɪ l d	d r a ɪ	d r a ɪ d	d r a ɪ d	d r ɪ l d	1	1	reg_d	reg_d	reg_d
model_mean	p r æ k t ɪ s	p r æ k t ɪ s t	p r æ k t ə s t	p r ə t ɛ k t	p r ə t ɛ k t ə d	p r ə t ɛ k t ə d	p r æ k t ɪ s ə d	0	0	reg_t	vowel_change_suffix	reg_əd
model_mean	t a ɪ p	t a ɪ p t	t a ɪ p t	t a ɪ m	t a ɪ m d	t a ɪ m d	t a ɪ p d	0	0	reg_t	reg_t	reg_d
model_mean	æ d	æ d ə d	æ d ʌ d	æ k t	æ k t ə d	æ k t ə d	æ d ə d	0	1	reg_əd	other	reg_əd
model_mean	b o ʊ l	b o ʊ l d	b o ʊ l d	b o ʊ t	b o ʊ t ə d	b o ʊ t ə d	b o ʊ l ə d	0	0	reg_d	reg_d	reg_əd
model_mean	t o ʊ t	t o ʊ t ə d	t o ʊ t ə d	t o ʊ s t	t o ʊ s t ə d	t o ʊ s t ə d	t o ʊ t ə d	1	1	reg_əd	reg_əd	reg_əd
model_mean	s w ɪ ʃ	s w ɪ ʃ t	s w ɪ ʃ t	s w ɪ t͡ʃ	s w ɪ t͡ʃ t	s w ɪ t͡ʃ t	s w ɪ ʃ t	1	1	reg_t	reg_t	reg_t
model_mean	b l e ɪ m	b l e ɪ m d	b l e ɪ m d	b e ɪ s	b e ɪ s t	b e ɪ s t	b l e ɪ m t	0	0	reg_d	reg_d	reg_t
model_mean	ɪ k s a ɪ t	ɪ k s a ɪ t ə d	ɪ k s a ɪ t ə d	ɪ k s ɛ p t	ɪ k s ɛ p t ə d	ɪ k s ɛ p t ə d	ɪ k s a ɪ t ə d	1	1	reg_əd	reg_əd	reg_əd
model_mean	t͡ʃ a ɪ m	t͡ʃ a ɪ m d	t͡ʃ a ɪ m d	t͡ʃ e ɪ s	t͡ʃ e ɪ s t	t͡ʃ e ɪ s t	t͡ʃ a ɪ m t	0	0	reg_d	reg_d	reg_t
model_mean	t͡ʃ iː r	t͡ʃ iː r d	t͡ʃ iː r d	t͡ʃ ɑː r d͡ʒ	t͡ʃ ɑː r d͡ʒ d	t͡ʃ ɑː r d͡ʒ d	t͡ʃ iː r d	1	1	reg_d	reg_d	reg_d
model_mean	f r e ɪ m	f r e ɪ m d	f r e ɪ m d	f e ɪ l	f e ɪ l d	f e ɪ l d	f r e ɪ m d	1	1	reg_d	reg_d	reg_d
model_mean	d æ m	d æ m d	d æ m d	d æ n s	d æ n s t	d æ n s t	d æ m t	0	0	reg_d	reg_d	reg_t
model_mean	t͡ʃ iː t	t͡ʃ iː t ə d	t͡ʃ iː t	t͡ʃ ɑː p	t͡ʃ ɑː p t	t͡ʃ ɑː p t	t͡ʃ iː t t	0	0	reg_əd	no_change	reg_t
model_mean	l iː n	l iː n d	l iː n d	l iː f	l iː f t	l iː f t	l iː n t	0	0	reg_d	reg_d	reg_t
model_mean	s k r iː m	s k r iː m d	s k r iː m d	s k r iː n	s k r iː n d	s k r iː n d	s k r iː m d	1	1	reg_d	reg_d	reg_d
model_mean	ɪ ɡ n ɔ r	ɪ ɡ n ɔ r d	ɪ ɡ ɔ n ɔ r d	ɡ ɪ ɡ ə l	ɡ ɪ ɡ ə l d	ɡ ɪ ɡ ə l d	ɪ ɡ n ɔ r d	0	1	reg_d	other	reg_d
model_mean	s k uː p	s k uː p t	s k uː p t	s k uː l	s k uː l d	s k uː l d	s k uː p d	0	0	reg_t	reg_t	reg_d
model_mean	θ ʌ m p	θ ʌ m p t	θ ʌ m p t	θ ʌ m	θ ʌ m d	θ ʌ m d	θ ʌ m p d	0	0	reg_t	reg_t	reg_d
model_mean	s t iː r	s t iː r d	s t iː r d	s m iː r	s m iː r d	s m iː r d	s t iː r d	1	1	reg_d	reg_d	reg_d
model_mean	s p ɪ n	s p ʌ n	s p æ n d	s p ɪ l	s p ɪ l d	s p ɪ l d	s p ɪ n d	0	0	vowel_change	vowel_change_suffix	reg_d
model_mean	h ʌ f	h ʌ f t	h ʌ f t	h ʌ n t	h ʌ n t ə d	h ʌ n t ə d	h ʌ f ə d	0	0	reg_t	reg_t	reg_əd
model_mean	t ɛ n d	t ɛ n d ə d	t ɛ n t	t ɛ l	t o ʊ l d	t o ʊ l d	NA	0	0	reg_əd	coda_change	vowel_change_suffix
model_mean	s p e ɪ s	s p e ɪ s t	s p e ɪ s t	s p a ɪ s	s p a ɪ s t	s p a ɪ s t	s p e ɪ s t	1	1	reg_t	reg_t	reg_t
model_mean	s t r e ɪ t ə n	s t r e ɪ t ə n d	s t r t ɪ t ə n d	s t r a ɪ k	s t r ʌ k	s t r ʌ k	NA	0	0	reg_d	other	vowel_change
model_mean	p iː t ɹ̩	p iː t ɹ̩ d	p iː t ɹ̩ d	p iː r	p iː r d	p iː r d	p iː t ɹ̩ d	1	1	reg_d	reg_d	reg_d
model_mean	m a ɪ n	m a ɪ n d	m a ɪ n d	m a ɪ n d	m a ɪ n d ə d	m a ɪ n d ə d	m a ɪ n ə d	0	0	reg_d	reg_d	reg_əd
model_mean	h iː l	h iː l d	h iː l d	h iː r	h ɹ̩ d	h ɹ̩ d	NA	0	0	reg_d	reg_d	rhyme_replaced
model_mean	ə t r æ k t	ə t r æ k t ə d	ə t r æ k t ə d	t r e ɪ d	t r e ɪ d ə d	t r e ɪ d ə d	ə t r æ k t ə d	1	1	reg_əd	reg_əd	reg_əd
model_mean	s k w ɛ r	s k w ɛ r d	s k w ɛ r d	s k ɛ r	s k ɛ r d	s k ɛ r d	s k w ɛ r d	1	1	reg_d	reg_d	reg_d
model_mean	f l ʌ f	f l ʌ f t	f l ʌ f t	f l æ ɡ	f l æ ɡ d	f l æ ɡ d	f l ʌ f d	0	0	reg_t	reg_t	reg_d
model_mean	t o ʊ n	t o ʊ n d	t o ʊ n d	t o ʊ	t o ʊ d	t o ʊ d	t o ʊ n d	1	1	reg_d	reg_d	reg_d
model_mean	d͡ʒ ɪ m iː	d͡ʒ ɪ m iː d	d͡ʒ ɪ m iː d	d͡ʒ æ m	d͡ʒ æ m d	d͡ʒ æ m d	d͡ʒ ɪ m iː d	1	1	reg_d	reg_d	reg_d
model_mean	s m a ɪ l	s m a ɪ l d	s m a ɪ l d	s a ɪ n	s a ɪ n d	s a ɪ n d	s m a ɪ l d	1	1	reg_d	reg_d	reg_d
model_mean	ə n w a ɪ n d	ə n w a ʊ n d	ə n a ɪ n d ə d	ə n t a ɪ	ə n t a ɪ d	ə n t a ɪ d	ə n w a ɪ n d d	0	0	vowel_change	other	reg_d
model_mean	d ɪ k l ɛ r	d ɪ k l ɛ r d	d ɪ k l ɛ r d	d ɪ z ɹ̩ v	d ɪ z ɹ̩ v d	d ɪ z ɹ̩ v d	d ɪ k l ɛ r d	1	1	reg_d	reg_d	reg_d
model_mean	k ə n d ʌ k t	k ə n d ʌ k t ə d	k ə n d	k ə n f j uː z	k ə n f j uː z d	k ə n f j uː z d	k ə n d ʌ k t d	0	0	reg_əd	other	reg_d
model_mean	s t r e ɪ n	s t r e ɪ n d	s t r e ɪ n d	s t r a ɪ k	s t r ʌ k	s t r ʌ k	NA	0	0	reg_d	reg_d	vowel_change
model_mean	k ə l æ p s	k ə l æ p s t	k ə l æ p s t	k ə l ɛ k t	k ə l ɛ k t ə d	k ə l ɛ k t ə d	k ə l æ p s ə d	0	0	reg_t	reg_t	reg_əd
model_mean	p ɑː r t ɪ s ə p e ɪ t	p ɑː r t ɪ s ə p e ɪ t ə d	p s t ɪ p t	ɑː r t ɪ k j ə l e ɪ t	ɑː r t ɪ k j ə l e ɪ t ə d	ɑː r t ɪ k j ə l e ɪ t ə d	p ɑː r t ɪ s ə p e ɪ t ə d	0	1	reg_əd	other	reg_əd
model_mean	t r æ n z l e ɪ t	t r æ n z l e ɪ t ə d	t r æ n z d	t r æ n s k r a ɪ b	t r æ n s k r a ɪ b d	t r æ n s k r a ɪ b d	t r æ n z l e ɪ t d	0	0	reg_əd	other	reg_d
model_mean	d ɪ s k ʌ s	d ɪ s k ʌ s t	d ɪ s k ʌ s t	d ɪ s k ʌ v ɹ̩	d ɪ s k ʌ v ɹ̩ d	d ɪ s k ʌ v ɹ̩ d	d ɪ s k ʌ s d	0	0	reg_t	reg_t	reg_d
model_mean	f ɹ̩ ɡ ɪ v	f ɹ̩ ɡ e ɪ v	f ɹ̩ ɡ ɪ v d	f ɪ t	f ɪ t	f ɪ t	f ɹ̩ ɡ ɪ v	0	0	vowel_change	reg_d	no_change
model_mean	ə r a ɪ z	ə r o ʊ z	ə r a ɪ z d	ə r a ɪ v	ə r a ɪ v d	ə r a ɪ v d	ə r a ɪ z d	1	0	vowel_change	reg_d	reg_d
model_mean	f r a ɪ t ə n	f r a ɪ t ə n d	f r a ɪ t ə n d	f r ɔ s t	f r ɔ s t ə d	f r ɔ s t ə d	f r a ɪ t ə n ə d	0	0	reg_d	reg_d	reg_əd
model_mean	ɔ ɪ l	ɔ ɪ l d	ɔ ɪ l d	ɔ f ɹ̩	ɔ f ɹ̩ d	ɔ f ɹ̩ d	ɔ ɪ l d	1	1	reg_d	reg_d	reg_d
model_mean	ə n l o ʊ d	ə n l o ʊ d ə d	ə n l o ʊ d ə d	ə n l ɑː k	ə n l ɑː k t	ə n l ɑː k t	ə n l o ʊ d t	0	0	reg_əd	reg_əd	reg_t
model_mean	ɡ r ʌ m b ə l	ɡ r ʌ m b ə l d	ɡ r ʌ m b ə l d	ɡ r æ p ə l	ɡ r æ p ə l d	ɡ r æ p ə l d	ɡ r ʌ m b ə l d	1	1	reg_d	reg_d	reg_d
model_mean	r ɛ k	r ɛ k t	r ɛ k t	r ɔ ŋ	r ɔ ŋ	r ɔ ŋ d	r ɛ k	0	0	reg_t	reg_t	no_change
model_mean	s p ɑː t	s p ɑː t ə d	s p ɑː t	s p ɪ t	s p æ t	s p æ t	NA	0	0	reg_əd	no_change	vowel_change
model_mean	b ʌ t ɹ̩	b ʌ t ɹ̩ d	b ʌ t ɹ̩ d	b ʌ t ə n	b ʌ t ə n d	b ʌ t ə n d	b ʌ t ɹ̩ d	1	1	reg_d	reg_d	reg_d
model_mean	s t iː p	s t iː p t	s t iː p t	s w iː p	s w ɛ p t	s w ɛ p t	s t ɛ p t	0	0	reg_t	reg_t	vowel_change_suffix
model_mean	h ʌ s ə l	h ʌ s ə l d	h ʌ s ə l d	h ʌ n t	h ʌ n t ə d	h ʌ n t ə d	h ʌ s ə l ə d	0	0	reg_d	reg_d	reg_əd
model_mean	k ə n t ɪ n j uː	k ə n t ɪ n j uː d	k ə n t ɪ n j uː d	k ə n t e ɪ n	k ə n t e ɪ n d	k ə n t e ɪ n d	k ə n t ɪ n j uː d	1	1	reg_d	reg_d	reg_d
model_mean	r ɛ n t	r ɛ n t ə d	r ɛ n t ə d	r ɛ n t͡ʃ	r ɛ n t͡ʃ t	r ɛ n t͡ʃ t	r ɛ n t t	0	0	reg_əd	reg_əd	reg_t
model_mean	k r ʌ n t͡ʃ	k r ʌ n t͡ʃ t	k r ʌ n t͡ʃ t	k r ʌ ʃ	k r ʌ ʃ t	k r ʌ ʃ t	k r ʌ n t͡ʃ t	1	1	reg_t	reg_t	reg_t
model_mean	r ɛ s k j uː	r ɛ s k j uː d	r ɛ s k j uː d	r ɛ s ə l	r ɛ s ə l d	r ɛ s ə l d	r ɛ s k j uː d	1	1	reg_d	reg_d	reg_d
model_mean	t ɑː p	t ɑː p t	t ɑː p t	t æ p	t æ p t	t æ p t	t ɑː p t	1	1	reg_t	reg_t	reg_t
model_mean	b l iː d	b l ɛ d	b l iː d ə d	b iː d	b iː d ə d	b iː d ə d	b l iː d ə d	1	0	vowel_change	reg_əd	reg_əd
model_mean	p r ɪ k	p r ɪ k t	p r ɪ k t	p r ɪ n t	p r ɪ n t ə d	p r ɪ n t ə d	p r ɪ k ə d	0	0	reg_t	reg_t	reg_əd
model_mean	o ʊ ɡ ə l	o ʊ ɡ ə l d	o ʊ ɡ ə l d	o ʊ n	o ʊ n d	o ʊ n d	o ʊ ɡ ə l d	1	1	reg_d	reg_d	reg_d
model_mean	s ɔ ɪ l	s ɔ ɪ l d	s ɔ ɪ l d	s p ɔ ɪ l	s p ɔ ɪ l d	s p ɔ ɪ l d	s ɔ ɪ l d	1	1	reg_d	reg_d	reg_d
model_mean	ɡ ɑː l f	ɡ ɑː l f t	ɡ ɑː l f t	ɡ l uː	ɡ l uː d	ɡ l uː d	ɡ ɑː l f d	0	0	reg_t	reg_t	reg_d
model_mean	b ʌ s t	b ʌ s t ə d	b ʌ s t ə d	b ʌ m p	b ʌ m p t	b ʌ m p t	b ʌ s t t	0	0	reg_əd	reg_əd	reg_t
model_mean	r iː s a ɪ k ə l	r iː s a ɪ k ə l d	r iː s a ɪ k ə l d	r iː m uː v	r iː m uː v d	r iː m uː v d	r iː s a ɪ k ə l d	1	1	reg_d	reg_d	reg_d
model_mean	s t uː	s t uː d	s t uː d	s ɪ t	s æ t	s æ t	NA	0	0	reg_d	reg_d	vowel_change
model_mean	b æ t	b æ t ə d	b æ t	b æ k	b æ k t	b æ k t	b æ t t	0	0	reg_əd	no_change	reg_t
model_mean	s ʌ f ɹ̩	s ʌ f ɹ̩ d	s ʌ f ɹ̩ d	s ʌ k	s ʌ k t	s ʌ k t	s ʌ f ɹ̩ t	0	0	reg_d	reg_d	reg_t
model_mean	v ɪ ʒ w ə l a ɪ z	v ɪ ʒ w ə l a ɪ z d	v ɪ l d	ɪ n v a ɪ t	ɪ n v a ɪ t ə d	ɪ n v a ɪ t ə d	v ɪ ʒ w ə l a ɪ z ə d	0	0	reg_d	other	reg_əd
model_mean	k æ p	k æ p t	k æ p t	k æ ʃ	k æ ʃ t	k æ ʃ t	k æ p t	1	1	reg_t	reg_t	reg_t
model_mean	t ʌ m b ə l	t ʌ m b ə l d	t ɪ m b ə l d	t ʌ ɡ	t ʌ ɡ d	t ʌ ɡ d	t ʌ m b ə l d	0	1	reg_d	other	reg_d
model_mean	d ɪ s k r a ɪ b	d ɪ s k r a ɪ b d	d ɪ s k r a ɪ s k t ə d	d ɪ s o ʊ b e ɪ	d ɪ s o ʊ b e ɪ d	d ɪ s o ʊ b e ɪ d	d ɪ s k r a ɪ b d	0	1	reg_d	other	reg_d
model_mean	h ɛ z ə t e ɪ t	h ɛ z ə t e ɪ t ə d	h t ə t ə t e ɪ t	h ɛ l p	h ɛ l p t	h ɛ l p t	h ɛ z ə t e ɪ t t	0	0	reg_əd	other	reg_t
model_mean	m ɑː r	m ɑː r d	m ɑː r d	m ɑː p	m ɑː p t	m ɑː p t	m ɑː r t	0	0	reg_d	reg_d	reg_t
model_mean	p r ə n a ʊ n s	p r ə n a ʊ n s t	p r ə n a ʊ n a ʊ z d	p r ə t ɛ k t	p r ə t ɛ k t ə d	p r ə t ɛ k t ə d	p r ə n a ʊ n s ə d	0	0	reg_t	other	reg_əd
model_mean	f ɪ k s e ɪ t	f ɪ k s e ɪ t ə d	f ɪ k s e ɪ t ə d	f ɪ k s	f ɪ k s t	f ɪ k s t	f ɪ k s e ɪ t t	0	0	reg_əd	reg_əd	reg_t
model_mean	b ɑː s	b ɑː s t	b ɑː s t	b ʌ s	b ʌ s t	b ʌ s t	b ɑː s t	1	1	reg_t	reg_t	reg_t
model_mean	d ɪ s t ɹ̩ b	d ɪ s t ɹ̩ b d	d ɪ s t ɹ̩ d ə d	d ɪ s ɡ a ɪ z	d ɪ s ɡ a ɪ z d	d ɪ s ɡ a ɪ z d	d ɪ s t ɹ̩ b d	0	1	reg_d	other	reg_d
model_mean	s n æ k	s n æ k t	s n æ k t	s n æ t͡ʃ	s n æ t͡ʃ t	s n æ t͡ʃ t	s n æ k t	1	1	reg_t	reg_t	reg_t
model_mean	d ʌ s t	d ʌ s t ə d	d ʌ s t ə d	d ʌ m p	d ʌ m p t	d ʌ m p t	d ʌ s t t	0	0	reg_əd	reg_əd	reg_t
model_mean	m o ʊ n	m o ʊ n d	m o ʊ n d	m o ʊ	m o ʊ d	m o ʊ d	m o ʊ n d	1	1	reg_d	reg_d	reg_d
model_mean	p iː l	p iː l d	p iː l d	p iː r	p iː r d	p iː r d	p iː l d	1	1	reg_d	reg_d	reg_d
model_mean	f l ɑː p	f l ɑː p t	f l ɑː p t	f l ɪ p	f l ɪ p t	f l ɪ p t	f l ɑː p t	1	1	reg_t	reg_t	reg_t
model_mean	f l æ ʃ	f l æ ʃ t	f l æ ʃ t	f l æ p	f l æ p t	f l æ p t	f l æ ʃ t	1	1	reg_t	reg_t	reg_t
model_mean	p e ɪ s t	p e ɪ s t ə d	p e ɪ s t ə d	p e ɪ n t	p e ɪ n t ə d	p e ɪ n t ə d	p e ɪ s t ə d	1	1	reg_əd	reg_əd	reg_əd
model_mean	ɡ ɑː r b ə l	ɡ ɑː r b ə l d	ɡ ɑː r b ə l d	ɑː r ɡ j uː	ɑː r ɡ j uː d	ɑː r ɡ j uː d	ɡ ɑː r b ə l d	1	1	reg_d	reg_d	reg_d
model_mean	ɪ n t ɛ n d	ɪ n t ɛ n d ə d	ɪ n t ɛ n d ə d	ɪ n t ɹ̩ f ɪ r	ɪ n t ɹ̩ f ɪ r d	ɪ n t ɹ̩ f ɪ r d	ɪ n t ɛ n d d	0	0	reg_əd	reg_əd	reg_d
model_mean	r o ʊ t e ɪ t	r o ʊ t e ɪ t ə d	r o ʊ t e ɪ t ə d	r o ʊ p	r o ʊ p t	r o ʊ p t	r o ʊ t e ɪ t t	0	0	reg_əd	reg_əd	reg_t
model_mean	s ɑː l v	s ɑː l v d	s ɑː l v d	s w ɹ̩ v	s w ɹ̩ v d	s w ɹ̩ v d	s ɑː l v d	1	1	reg_d	reg_d	reg_d
model_mean	r ɪ s p ɑː n d	r ɪ s p ɑː n d ə d	r ɪ s p ɑː s t ə d	s t r ɪ p	s t r ɪ p t	s t r ɪ p t	r ɪ s p ɑː n d t	0	0	reg_əd	other	reg_t
model_mean	p r a ɪ s	p r a ɪ s t	p r a ɪ s t	p r ɪ n t	p r ɪ n t ə d	p r ɪ n t ə d	p r a ɪ s ə d	0	0	reg_t	reg_t	reg_əd
model_mean	h ɑː r p	h ɑː r p t	h ɑː r p t	h ɑː l ɹ̩	h ɑː l ɹ̩ d	h ɑː l ɹ̩ d	h ɑː r p d	0	0	reg_t	reg_t	reg_d
model_mean	ɪ ɡ z ɔ s t	ɪ ɡ z ɔ s t ə d	ɪ ɡ z ɔ s t ə d	ɪ ɡ z æ m ɪ n	ɪ ɡ z æ m ɪ n d	ɪ ɡ z æ m ɪ n d	ɪ ɡ z ɔ s t d	0	0	reg_əd	reg_əd	reg_d
model_mean	t ɛ r ə f a ɪ	t ɛ r ə f a ɪ d	t ɛ r ə f a ɪ d	t ɛ s t	t ɛ s t ə d	t ɛ s t ə d	t ɛ r ə f a ɪ ə d	0	0	reg_d	reg_d	reg_əd
model_mean	s a ʊ	s a ʊ d	s a ʊ d	s a ɪ	s a ɪ d	s a ɪ d	s a ʊ d	1	1	reg_d	reg_d	reg_d
model_mean	e ɪ d	e ɪ d ə d	e ɪ d ə d	e ɪ d͡ʒ	e ɪ d͡ʒ d	e ɪ d͡ʒ d	e ɪ d d	0	0	reg_əd	reg_əd	reg_d
model_mean	ə n p æ k	ə n p æ k t	ə n p æ k t	ə n l ɑː k	ə n l ɑː k t	ə n l ɑː k t	ə n p æ k t	1	1	reg_t	reg_t	reg_t
model_stem	ɡ ɛ t	ɡ ɑː t	ɡ ɛ t	w ɛ t	w ɛ t	w ɛ t	ɡ ɛ t	1	0	vowel_change	no_change	no_change
model_stem	p ʊ t	p ʊ t	p ʊ t	p ɛ t	p ɛ t ə d	p ɛ t ə d	p ʊ t ə d	0	0	no_change	no_change	reg_əd
model_stem	ɡ o ʊ	w ɛ n t	ɡ o ʊ d	ʃ o ʊ	ʃ o ʊ d	ʃ o ʊ d	ɡ o ʊ d	1	0	other	reg_d	reg_d
model_stem	iː t	e ɪ t	iː ɔ d	r ɪ p iː t	r ɪ p iː t ə d	r ɪ p iː t ə d	iː t ə d	0	0	vowel_change	rhyme_replaced	reg_əd
model_stem	w ɔ n t	w ɔ n t ə d	w ɔ n t ə d	t ɪ l t	t ɪ l t ə d	t ɪ l t ə d	w ɔ n t ə d	1	1	reg_əd	reg_əd	reg_əd
model_stem	n ɑː k	n ɑː k t	n ɑː k t	d ɑː k	d ɑː k t	d ɑː k t	n ɑː k t	1	1	reg_t	reg_t	reg_t
model_stem	l ɪ s ə n	l ɪ s ə n d	l ɪ s ə n d	l uː s ə n	l uː s ə n d	l uː s ə n d	l ɪ s ə n d	1	1	reg_d	reg_d	reg_d
model_stem	p ʌ f	p ʌ f t	p ʌ f t	l æ f	l æ f t	l æ f t	p ʌ f t	1	1	reg_t	reg_t	reg_t
model_stem	h o ʊ p	h o ʊ p t	h o ʊ p t	r o ʊ p	r o ʊ p t	r o ʊ p t	h o ʊ p t	1	1	reg_t	reg_t	reg_t
model_stem	n iː d	n iː d ə d	n ɛ d ə d	s iː d	s iː d ə d	s iː d ə d	n iː d ə d	0	1	reg_əd	other	reg_əd
model_stem	k æ t͡ʃ	k ɔ t	k æ t͡ʃ t	m æ t͡ʃ	m æ t͡ʃ t	m æ t͡ʃ t	k æ t͡ʃ t	1	0	rhyme_replaced	reg_t	reg_t
model_stem	z ɪ p ɹ̩	z ɪ p ɹ̩ d	z ɪ p ɹ̩ d	w ɔ t ɹ̩	w ɔ t ɹ̩ d	w ɔ t ɹ̩ d	z ɪ p ɹ̩ d	1	1	reg_d	reg_d	reg_d
model_stem	h ɑː p	h ɑː p t	h ɑː p t	m ɑː p	m ɑː p t	m ɑː p t	h ɑː p t	1	1	reg_t	reg_t	reg_t
model_stem	k æ r iː	k æ r iː d	k æ r iː d	k ɑː p iː	k ɑː p iː d	k ɑː p iː d	k æ r iː d	1	1	reg_d	reg_d	reg_d
model_stem	r ɪ t ɹ̩ n	r ɪ t ɹ̩ n d	r ɪ t ɹ̩ n d	s t e ɪ n	s t e ɪ n d	s t e ɪ n d	r ɪ t ɹ̩ n d	1	1	reg_d	reg_d	reg_d
model_stem	f iː d	f ɛ d	f iː d ə d	b iː d	b iː d ə d	b iː d ə d	f iː d ə d	1	0	vowel_change	reg_əd	reg_əd
model_stem	ɡ ɑː b ə l	ɡ ɑː b ə l d	ɡ ɑː b ə l d	w ɑː b ə l	w ɑː b ə l d	w ɑː b ə l d	ɡ ɑː b ə l d	1	1	reg_d	reg_d	reg_d
model_stem	o ʊ p ə n	o ʊ p ə n d	o ʊ p ə n d	f æ s ə n	f æ s ə n d	f æ s ə n d	o ʊ p ə n d	1	1	reg_d	reg_d	reg_d
model_stem	h o ʊ l d	h ɛ l d	h o ʊ l d ə d	f o ʊ l d	f o ʊ l d ə d	f o ʊ l d ə d	h o ʊ l d ə d	1	0	vowel_change	reg_əd	reg_əd
model_stem	d ɪ l ɪ v ɹ̩	d ɪ l ɪ v ɹ̩ d	d ɪ l ɪ v ɹ̩ d	r ɪ t a ɪ ɹ̩	r ɪ t a ɪ ɹ̩ d	r ɪ t a ɪ ɹ̩ d	d ɪ l ɪ v ɹ̩ d	1	1	reg_d	reg_d	reg_d
model_stem	r ʌ b	r ʌ b d	r ʌ b d	d ʌ b	d ʌ b d	d ʌ b d	r ʌ b d	1	1	reg_d	reg_d	reg_d
model_stem	w ɑː t͡ʃ	w ɑː t͡ʃ t	w ɑː t͡ʃ t	m æ t͡ʃ	m æ t͡ʃ t	m æ t͡ʃ t	w ɑː t͡ʃ t	1	1	reg_t	reg_t	reg_t
model_stem	p l iː z	p l iː z d	p l o ʊ z	f r iː z	f r o ʊ z	f r o ʊ z	p l o ʊ z	1	0	reg_d	vowel_change	vowel_change
model_stem	w ɔ k	w ɔ k t	w ɔ k t	w æ k	w æ k t	w æ k t	w ɔ k t	1	1	reg_t	reg_t	reg_t
model_stem	p æ k	p æ k t	p æ k t	b æ k	b æ k t	b æ k t	p æ k t	1	1	reg_t	reg_t	reg_t
model_stem	s a ʊ n d	s a ʊ n d ə d	s a ʊ n d ə d	r a ʊ n d	r a ʊ n d ə d	r a ʊ n d ə d	s a ʊ n d ə d	1	1	reg_əd	reg_əd	reg_əd
model_stem	ɡ r æ b	ɡ r æ b d	ɡ r æ b d	k l ʌ b	k l ʌ b d	k l ʌ b d	ɡ r æ b d	1	1	reg_d	reg_d	reg_d
model_stem	m æ n	m æ n d	m æ n d	p ɛ n	p ɛ n d	p ɛ n d	m æ n d	1	1	reg_d	reg_d	reg_d
model_stem	f iː l	f ɛ l t	f iː l d	f ɔ l	f ɛ l	f ɛ l	NA	0	0	vowel_change_suffix	reg_d	vowel_change
model_stem	n e ɪ m	n e ɪ m d	n e ɪ m d	d r iː m	d r iː m d	d r iː m d	n e ɪ m d	1	1	reg_d	reg_d	reg_d
model_stem	f l o ʊ	f l o ʊ d	f l o ʊ d	ɡ l o ʊ	ɡ l o ʊ d	ɡ l o ʊ d	f l o ʊ d	1	1	reg_d	reg_d	reg_d
model_stem	w ɛ ð ɹ̩	w ɛ ð ɹ̩ d	w ɛ ð ɹ̩ d	ɡ æ ð ɹ̩	ɡ æ ð ɹ̩ d	ɡ æ ð ɹ̩ d	w ɛ ð ɹ̩ d	1	1	reg_d	reg_d	reg_d
model_stem	l a ɪ	l e ɪ	l a ɪ d	l e ɪ	l e ɪ d	l e ɪ d	l a ɪ d	1	0	vowel_change	reg_d	reg_d
model_stem	k r æ ʃ	k r æ ʃ t	k r æ ʃ t	k r ʌ ʃ	k r ʌ ʃ t	k r ʌ ʃ t	k r æ ʃ t	1	1	reg_t	reg_t	reg_t
model_stem	p e ɪ d͡ʒ	p e ɪ d͡ʒ d	p e ɪ d͡ʒ d	t͡ʃ ɑː r d͡ʒ	t͡ʃ ɑː r d͡ʒ d	t͡ʃ ɑː r d͡ʒ d	p e ɪ d͡ʒ d	1	1	reg_d	reg_d	reg_d
model_stem	t͡ʃ o ʊ k	t͡ʃ o ʊ k t	t͡ʃ o ʊ k t	p o ʊ k	p o ʊ k t	p o ʊ k t	t͡ʃ o ʊ k t	1	1	reg_t	reg_t	reg_t
model_stem	b l ɛ s	b l ɛ s t	b l ɛ s t	k l æ s	k l æ s t	k l æ s t	b l ɛ s t	1	1	reg_t	reg_t	reg_t
model_stem	d ɪ ŋ	d ɪ ŋ d	d ɪ ŋ	w ɪ ŋ	w ɪ ŋ	w ɪ ŋ d	d ɪ ŋ	1	0	reg_d	no_change	no_change
model_stem	s ɛ l	s o ʊ l d	s ɛ l d	ʃ ɛ l	ʃ ɛ l d	ʃ ɛ l d	s ɛ l d	1	0	vowel_change_suffix	reg_d	reg_d
model_stem	b ɪ ɡ ɪ n	b ɪ ɡ æ n	b ɪ ɡ ɪ n d	p l e ɪ n	p l e ɪ n d	p l e ɪ n d	b ɪ ɡ ɪ n d	1	0	vowel_change	reg_d	reg_d
model_stem	d͡ʒ ɔ ɪ n	d͡ʒ ɔ ɪ n d	d͡ʒ ɔ ɪ n d	w ɔ r n	w ɔ r n d	w ɔ r n d	d͡ʒ ɔ ɪ n d	1	1	reg_d	reg_d	reg_d
model_stem	l ɑː k	l ɑː k t	l ɑː k t	d ɑː k	d ɑː k t	d ɑː k t	l ɑː k t	1	1	reg_t	reg_t	reg_t
model_stem	b ɪ l iː v	b ɪ l iː v d	b ɪ l iː v d	r ə s iː v	r ə s iː v d	r ə s iː v d	b ɪ l iː v d	1	1	reg_d	reg_d	reg_d
model_stem	ə n d ɹ̩ s t æ n d	ə n d ɹ̩ s t ʊ d	ə n t ə t ə n d	s ɪ t	s æ t	s æ t	NA	0	0	rhyme_replaced	other	vowel_change
model_stem	t r e ɪ n	t r e ɪ n d	t r e ɪ n d	t͡ʃ ɪ k ə n	t͡ʃ ɪ k ə n d	t͡ʃ ɪ k ə n d	t r e ɪ n d	1	1	reg_d	reg_d	reg_d
model_stem	k r ɔ l	k r ɔ l d	k r ɔ l d	k ɔ l	k ɔ l d	k ɔ l d	k r ɔ l d	1	1	reg_d	reg_d	reg_d
model_stem	p æ t	p æ t ə d	p æ t ə d	p ɪ t	p ɪ t ə d	p ɪ t ə d	p æ t ə d	1	1	reg_əd	reg_əd	reg_əd
model_stem	ɔ r d ɹ̩	ɔ r d ɹ̩ d	ɔ r d ɹ̩ d	m ɛ ʒ ɹ̩	m ɛ ʒ ɹ̩ d	m ɛ ʒ ɹ̩ d	ɔ r d ɹ̩ d	1	1	reg_d	reg_d	reg_d
model_stem	f l a ɪ	f l uː	f l a ɪ d	f r a ɪ	f r a ɪ d	f r a ɪ d	f l a ɪ d	1	0	vowel_change	reg_d	reg_d
model_stem	l o ʊ d	l o ʊ d ə d	l o ʊ d ə d	f iː l d	f iː l d ə d	f iː l d ə d	l o ʊ d ə d	1	1	reg_əd	reg_əd	reg_əd
model_stem	k ə m p l e ɪ n	k ə m p l e ɪ n d	k ə m p l e ɪ n d	ɪ k s p l e ɪ n	ɪ k s p l e ɪ n d	ɪ k s p l e ɪ n d	k ə m p l e ɪ n d	1	1	reg_d	reg_d	reg_d
model_stem	b l ɛ n d	b l ɛ n d ə d	b l ɛ n d ə d	ə t ɛ n d	ə t ɛ n d ə d	ə t ɛ n d ə d	b l ɛ n d ə d	1	1	reg_əd	reg_əd	reg_əd
model_stem	b l ɑː k	b l ɑː k t	b l ɑː k t	s t ɔ k	s t ɔ k t	s t ɔ k t	b l ɑː k t	1	1	reg_t	reg_t	reg_t
model_stem	t ɪ p	t ɪ p t	t ɪ p t	t æ p	t æ p t	t æ p t	t ɪ p t	1	1	reg_t	reg_t	reg_t
model_stem	d͡ʒ ɛ t	d͡ʒ ɛ t ə d	d͡ʒ ɛ t	b ɛ t	b ɛ t	b ɛ t	d͡ʒ ɛ t	1	0	reg_əd	no_change	no_change
model_stem	b r iː ð	b r iː ð d	b r iː ð d	b e ɪ ð	b e ɪ ð d	b e ɪ ð d	b r iː ð d	1	1	reg_d	reg_d	reg_d
model_stem	d a ɪ ə l	d a ɪ ə l d	d a ɪ ə l d	ɡ ɪ ɡ ə l	ɡ ɪ ɡ ə l d	ɡ ɪ ɡ ə l d	d a ɪ ə l d	1	1	reg_d	reg_d	reg_d
model_stem	m ɛ n ʃ ə n	m ɛ n ʃ ə n d	m ɛ n ʃ ə n d	r ɪ z a ɪ n	r ɪ z a ɪ n d	r ɪ z a ɪ n d	m ɛ n ʃ ə n d	1	1	reg_d	reg_d	reg_d
model_stem	h ʌ ɡ	h ʌ ɡ d	h ʌ ɡ d	t͡ʃ ʌ ɡ	t͡ʃ ʌ ɡ d	t͡ʃ ʌ ɡ d	h ʌ ɡ d	1	1	reg_d	reg_d	reg_d
model_stem	p a ʊ ɹ̩	p a ʊ ɹ̩ d	p a ʊ ɹ̩ d	t a ʊ ɹ̩	t a ʊ ɹ̩ d	t a ʊ ɹ̩ d	p a ʊ ɹ̩ d	1	1	reg_d	reg_d	reg_d
model_stem	s ɑː k	s ɑː k t	s ɑː k t	d ɑː k	d ɑː k t	d ɑː k t	s ɑː k t	1	1	reg_t	reg_t	reg_t
model_stem	w uː p	w uː p t	w uː p t	p uː p	p uː p t	p uː p t	w uː p t	1	1	reg_t	reg_t	reg_t
model_stem	r iː m a ɪ n d	r iː m a ɪ n d ə d	r iː m a ɪ n d ə d	r iː b a ʊ n d	r iː b a ʊ n d ə d	r iː b a ʊ n d ə d	r iː m a ɪ n d ə d	1	1	reg_əd	reg_əd	reg_əd
model_stem	h æ n d ə l	h æ n d ə l d	h æ n d ə l d	ɡ r æ p ə l	ɡ r æ p ə l d	ɡ r æ p ə l d	h æ n d ə l d	1	1	reg_d	reg_d	reg_d
model_stem	s n iː z	s n iː z d	s n iː z d	f r iː z	f r o ʊ z	f r o ʊ z	s n o ʊ z	0	0	reg_d	reg_d	vowel_change
model_stem	v ɪ z ɪ t	v ɪ z ɪ t ə d	v ɪ z ɪ t ə d	ə d m ɪ t	ə d m ɪ t ə d	ə d m ɪ t ə d	v ɪ z ɪ t ə d	1	1	reg_əd	reg_əd	reg_əd
model_stem	s l a ɪ d	s l ɪ d	s l a ɪ d ə d	s t æ n d	s t ʊ d	s t ʊ d	NA	0	0	vowel_change	reg_əd	rhyme_replaced
model_stem	p l æ n	p l æ n d	p l æ n d	k l iː n	k l iː n d	k l iː n d	p l æ n d	1	1	reg_d	reg_d	reg_d
model_stem	ɛ l b o ʊ	ɛ l b o ʊ d	ɛ l b o ʊ d	f ɑː l o ʊ	f ɑː l o ʊ d	f ɑː l o ʊ d	ɛ l b o ʊ d	1	1	reg_d	reg_d	reg_d
model_stem	b ɑː k s	b ɑː k s t	b ɑː k s t	p ɪ r s	p ɪ r s t	p ɪ r s t	b ɑː k s t	1	1	reg_t	reg_t	reg_t
model_stem	ɪ n k l uː d	ɪ n k l uː d ə d	ɪ n k l uː d ə d	d ɪ s a ɪ d	d ɪ s a ɪ d ə d	d ɪ s a ɪ d ə d	ɪ n k l uː d ə d	1	1	reg_əd	reg_əd	reg_əd
model_stem	b ɹ̩ n	b ɹ̩ n d	b ɹ̩ n d	t ɹ̩ n	t ɹ̩ n d	t ɹ̩ n d	b ɹ̩ n d	1	1	reg_d	reg_d	reg_d
model_stem	ʃ e ɪ p	ʃ e ɪ p t	ʃ e ɪ p t	t e ɪ p	t e ɪ p t	t e ɪ p t	ʃ e ɪ p t	1	1	reg_t	reg_t	reg_t
model_stem	b o ʊ n	b o ʊ n d	b o ʊ n d	f o ʊ n	f o ʊ n d	f o ʊ n d	b o ʊ n d	1	1	reg_d	reg_d	reg_d
model_stem	f ɪ l	f ɪ l d	f ɪ l d	w ɪ l	w ɪ l d	w ɪ l d	f ɪ l d	1	1	reg_d	reg_d	reg_d
model_stem	m æ s k	m æ s k t	m æ s k t	θ æ ŋ k	θ æ ŋ k t	θ æ ŋ k t	m æ s k t	1	1	reg_t	reg_t	reg_t
model_stem	s ɛ l ə b r e ɪ t	s ɛ l ə b r e ɪ t ə d	s ɛ r ə r e ɪ r e ɪ e ɪ t ə d	ɪ l ə s t r e ɪ t	ɪ l ə s t r e ɪ t ə d	ɪ l ə s t r e ɪ t ə d	s ɛ l ə b r e ɪ t ə d	0	1	reg_əd	other	reg_əd
model_stem	k r ʌ m b ə l	k r ʌ m b ə l d	k r ʌ m b ə l d	k r ʌ m p ə l	k r ʌ m p ə l d	k r ʌ m p ə l d	k r ʌ m b ə l d	1	1	reg_d	reg_d	reg_d
model_stem	r ɑː k	r ɑː k t	r ɑː k t	d ɑː k	d ɑː k t	d ɑː k t	r ɑː k t	1	1	reg_t	reg_t	reg_t
model_stem	ɡ ɛ r ə n t iː	ɡ ɛ r ə n t iː d	ɡ ɛ r ə n t ə d	s p l ɪ n t ɹ̩	s p l ɪ n t ɹ̩ d	s p l ɪ n t ɹ̩ d	ɡ ɛ r ə n t iː d	0	1	reg_d	vowel_change_suffix	reg_d
model_stem	k ə n ɛ k t	k ə n ɛ k t ə d	k ə n ɛ k t ə d	k ə l ɛ k t	k ə l ɛ k t ə d	k ə l ɛ k t ə d	k ə n ɛ k t ə d	1	1	reg_əd	reg_əd	reg_əd
model_stem	t ɔ s	t ɔ s t	t ɔ s t	b ʌ s	b ʌ s t	b ʌ s t	t ɔ s t	1	1	reg_t	reg_t	reg_t
model_stem	iː v ɪ n	iː v ɪ n d	iː v d	ɡ r ɪ n	ɡ r ɪ n d	ɡ r ɪ n d	iː v ɪ n d	0	1	reg_d	other	reg_d
model_stem	b a ʊ n s	b a ʊ n s t	b a ʊ n s t	p a ʊ n s	p a ʊ n s t	p a ʊ n s t	b a ʊ n s t	1	1	reg_t	reg_t	reg_t
model_stem	ɹ̩ n	ɹ̩ n d	ɹ̩ n d	j ɔ n	j ɔ n d	j ɔ n d	ɹ̩ n d	1	1	reg_d	reg_d	reg_d
model_stem	k l a ʊ d	k l a ʊ d ə d	k l a ʊ d ə d	k r a ʊ d	k r a ʊ d ə d	k r a ʊ d ə d	k l a ʊ d ə d	1	1	reg_əd	reg_əd	reg_əd
model_stem	k ʌ p ə l	k ʌ p ə l d	k ʌ p ə l d	k ʌ d ə l	k ʌ d ə l d	k ʌ d ə l d	k ʌ p ə l d	1	1	reg_d	reg_d	reg_d
model_stem	f l ʌ ʃ	f l ʌ ʃ t	f l ʌ ʃ t	s m æ ʃ	s m æ ʃ t	s m æ ʃ t	f l ʌ ʃ t	1	1	reg_t	reg_t	reg_t
model_stem	h ɑː r n ə s	h ɑː r n ə s t	h ɑː r n ə s t	b æ l ə n s	b æ l ə n s t	b æ l ə n s t	h ɑː r n ə s t	1	1	reg_t	reg_t	reg_t
model_stem	b r a ʊ n	b r a ʊ n d	b r a ʊ n d	p l e ɪ n	p l e ɪ n d	p l e ɪ n d	b r a ʊ n d	1	1	reg_d	reg_d	reg_d
model_stem	s t ɪ ŋ k	s t ʌ ŋ k	s t ʌ ŋ k t	s t e ɪ k	s t e ɪ k t	s t e ɪ k t	s t ɪ ŋ k t	0	0	vowel_change	vowel_change_suffix	reg_t
model_stem	r iː f r ɛ ʃ	r iː f r ɛ ʃ t	r iː f r ɛ ʃ t	s m æ ʃ	s m æ ʃ t	s m æ ʃ t	r iː f r ɛ ʃ t	1	1	reg_t	reg_t	reg_t
model_stem	p r ə f ɹ̩	p r ə f ɹ̩ d	p r ə f ɹ̩ d	p a ʊ d ɹ̩	p a ʊ d ɹ̩ d	p a ʊ d ɹ̩ d	p r ə f ɹ̩ d	1	1	reg_d	reg_d	reg_d
model_stem	s t iː l	s t o ʊ l	s t iː l d	s p ɛ l	s p ɛ l d	s p ɛ l d	s t iː l d	1	0	vowel_change	reg_d	reg_d
model_stem	b æ n d	b æ n d ə d	b æ n d ə d	l æ n d	l æ n d ə d	l æ n d ə d	b æ n d ə d	1	1	reg_əd	reg_əd	reg_əd
model_stem	r ɪ d	r ɪ d	r ɪ d	r iː d	r ɛ d	r ɛ d	NA	0	0	no_change	no_change	vowel_change
model_stem	k o ʊ ɑː p ɹ̩ e ɪ t	k o ʊ ɑː p ɹ̩ e ɪ t ə d	k o ʊ k e ɪ k ɹ̩ d	ɪ l ə s t r e ɪ t	ɪ l ə s t r e ɪ t ə d	ɪ l ə s t r e ɪ t ə d	k o ʊ ɑː p ɹ̩ e ɪ t ə d	0	1	reg_əd	other	reg_əd
model_stem	b ɑː ð ɹ̩	b ɑː ð ɹ̩ d	b ɑː ð ɹ̩ d	b ɛ t ɹ̩	b ɛ t ɹ̩ d	b ɛ t ɹ̩ d	b ɑː ð ɹ̩ d	1	1	reg_d	reg_d	reg_d
model_stem	r ɛ s t	r ɛ s t ə d	r ɛ s t	s p ɪ t	s p æ t	s p æ t	NA	0	0	reg_əd	no_change	vowel_change
model_stem	ɑː k j ə p a ɪ	ɑː k j ə p a ɪ d	ɑː k j ə p a ɪ d	d ɪ s t r ɔ ɪ	d ɪ s t r ɔ ɪ d	d ɪ s t r ɔ ɪ d	ɑː k j ə p a ɪ d	1	1	reg_d	reg_d	reg_d
model_stem	s k r ɪ b ə l	s k r ɪ b ə l d	s k r ɪ b ə l d	k r ʌ m p ə l	k r ʌ m p ə l d	k r ʌ m p ə l d	s k r ɪ b ə l d	1	1	reg_d	reg_d	reg_d
model_stem	b l æ s t	b l æ s t ə d	b l æ s t ə d	ɡ r e ɪ t	ɡ r e ɪ t ə d	ɡ r e ɪ t ə d	b l æ s t ə d	1	1	reg_əd	reg_əd	reg_əd
model_stem	h æ m ɹ̩	h æ m ɹ̩ d	h æ m ɹ̩ d	m ɛ ʒ ɹ̩	m ɛ ʒ ɹ̩ d	m ɛ ʒ ɹ̩ d	h æ m ɹ̩ d	1	1	reg_d	reg_d	reg_d
model_stem	d r ɪ l	d r ɪ l d	d r ɪ l d	s t ɪ l	s t ɪ l d	s t ɪ l d	d r ɪ l d	1	1	reg_d	reg_d	reg_d
model_stem	p r æ k t ɪ s	p r æ k t ɪ s t	p r æ k t ə s t	r iː p l e ɪ s	r iː p l e ɪ s t	r iː p l e ɪ s t	p r æ k t ɪ s t	0	1	reg_t	vowel_change_suffix	reg_t
model_stem	t a ɪ p	t a ɪ p t	t a ɪ p t	w a ɪ p	w a ɪ p t	w a ɪ p t	t a ɪ p t	1	1	reg_t	reg_t	reg_t
model_stem	æ d	æ d ə d	æ d ʌ d	f o ʊ l d	f o ʊ l d ə d	f o ʊ l d ə d	æ d ə d	0	1	reg_əd	other	reg_əd
model_stem	b o ʊ l	b o ʊ l d	b o ʊ l d	h o ʊ l	h o ʊ l d	h o ʊ l d	b o ʊ l d	1	1	reg_d	reg_d	reg_d
model_stem	t o ʊ t	t o ʊ t ə d	t o ʊ t ə d	v o ʊ t	v o ʊ t ə d	v o ʊ t ə d	t o ʊ t ə d	1	1	reg_əd	reg_əd	reg_əd
model_stem	s w ɪ ʃ	s w ɪ ʃ t	s w ɪ ʃ t	s m æ ʃ	s m æ ʃ t	s m æ ʃ t	s w ɪ ʃ t	1	1	reg_t	reg_t	reg_t
model_stem	b l e ɪ m	b l e ɪ m d	b l e ɪ m d	k l a ɪ m	k l a ɪ m d	k l a ɪ m d	b l e ɪ m d	1	1	reg_d	reg_d	reg_d
model_stem	ɪ k s a ɪ t	ɪ k s a ɪ t ə d	ɪ k s a ɪ t ə d	ɪ n v a ɪ t	ɪ n v a ɪ t ə d	ɪ n v a ɪ t ə d	ɪ k s a ɪ t ə d	1	1	reg_əd	reg_əd	reg_əd
model_stem	t͡ʃ a ɪ m	t͡ʃ a ɪ m d	t͡ʃ a ɪ m d	t a ɪ m	t a ɪ m d	t a ɪ m d	t͡ʃ a ɪ m d	1	1	reg_d	reg_d	reg_d
model_stem	t͡ʃ iː r	t͡ʃ iː r d	t͡ʃ iː r d	s iː r	s iː r d	s iː r d	t͡ʃ iː r d	1	1	reg_d	reg_d	reg_d
model_stem	f r e ɪ m	f r e ɪ m d	f r e ɪ m d	k l a ɪ m	k l a ɪ m d	k l a ɪ m d	f r e ɪ m d	1	1	reg_d	reg_d	reg_d
model_stem	d æ m	d æ m d	d æ m d	d͡ʒ æ m	d͡ʒ æ m d	d͡ʒ æ m d	d æ m d	1	1	reg_d	reg_d	reg_d
model_stem	t͡ʃ iː t	t͡ʃ iː t ə d	t͡ʃ iː t	b iː t	b iː t	b iː t	t͡ʃ iː t	1	0	reg_əd	no_change	no_change
model_stem	l iː n	l iː n d	l iː n d	o ʊ n	o ʊ n d	o ʊ n d	l iː n d	1	1	reg_d	reg_d	reg_d
model_stem	s k r iː m	s k r iː m d	s k r iː m d	k l a ɪ m	k l a ɪ m d	k l a ɪ m d	s k r iː m d	1	1	reg_d	reg_d	reg_d
model_stem	ɪ ɡ n ɔ r	ɪ ɡ n ɔ r d	ɪ ɡ ɔ n ɔ r d	ɪ k s p l ɔ r	ɪ k s p l ɔ r d	ɪ k s p l ɔ r d	ɪ ɡ n ɔ r d	0	1	reg_d	other	reg_d
model_stem	s k uː p	s k uː p t	s k uː p t	s k ɪ p	s k ɪ p t	s k ɪ p t	s k uː p t	1	1	reg_t	reg_t	reg_t
model_stem	θ ʌ m p	θ ʌ m p t	θ ʌ m p t	b ʌ m p	b ʌ m p t	b ʌ m p t	θ ʌ m p t	1	1	reg_t	reg_t	reg_t
model_stem	s t iː r	s t iː r d	s t iː r d	s m iː r	s m iː r d	s m iː r d	s t iː r d	1	1	reg_d	reg_d	reg_d
model_stem	s p ɪ n	s p ʌ n	s p æ n d	p l e ɪ n	p l e ɪ n d	p l e ɪ n d	s p ɪ n d	0	0	vowel_change	vowel_change_suffix	reg_d
model_stem	h ʌ f	h ʌ f t	h ʌ f t	l æ f	l æ f t	l æ f t	h ʌ f t	1	1	reg_t	reg_t	reg_t
model_stem	t ɛ n d	t ɛ n d ə d	t ɛ n t	m ɛ n d	m ɛ n d ə d	m ɛ n d ə d	t ɛ n d ə d	0	1	reg_əd	coda_change	reg_əd
model_stem	s p e ɪ s	s p e ɪ s t	s p e ɪ s t	s p a ɪ s	s p a ɪ s t	s p a ɪ s t	s p e ɪ s t	1	1	reg_t	reg_t	reg_t
model_stem	s t r e ɪ t ə n	s t r e ɪ t ə n d	s t r t ɪ t ə n d	ɛ n t ɹ̩ t e ɪ n	ɛ n t ɹ̩ t e ɪ n d	ɛ n t ɹ̩ t e ɪ n d	s t r e ɪ t ə n d	0	1	reg_d	other	reg_d
model_stem	p iː t ɹ̩	p iː t ɹ̩ d	p iː t ɹ̩ d	t iː t ɹ̩	t iː t ɹ̩ d	t iː t ɹ̩ d	p iː t ɹ̩ d	1	1	reg_d	reg_d	reg_d
model_stem	m a ɪ n	m a ɪ n d	m a ɪ n d	d a ɪ n	d a ɪ n d	d a ɪ n d	m a ɪ n d	1	1	reg_d	reg_d	reg_d
model_stem	h iː l	h iː l d	h iː l d	s iː l	s iː l d	s iː l d	h iː l d	1	1	reg_d	reg_d	reg_d
model_stem	ə t r æ k t	ə t r æ k t ə d	ə t r æ k t ə d	r ɪ d͡ʒ ɛ k t	r ɪ d͡ʒ ɛ k t ə d	r ɪ d͡ʒ ɛ k t ə d	ə t r æ k t ə d	1	1	reg_əd	reg_əd	reg_əd
model_stem	s k w ɛ r	s k w ɛ r d	s k w ɛ r d	k ə m p ɛ r	k ə m p ɛ r d	k ə m p ɛ r d	s k w ɛ r d	1	1	reg_d	reg_d	reg_d
model_stem	f l ʌ f	f l ʌ f t	f l ʌ f t	s t ʌ f	s t ʌ f t	s t ʌ f t	f l ʌ f t	1	1	reg_t	reg_t	reg_t
model_stem	t o ʊ n	t o ʊ n d	t o ʊ n d	l o ʊ n	l o ʊ n d	l o ʊ n d	t o ʊ n d	1	1	reg_d	reg_d	reg_d
model_stem	d͡ʒ ɪ m iː	d͡ʒ ɪ m iː d	d͡ʒ ɪ m iː d	ə ɡ r iː	ə ɡ r iː d	ə ɡ r iː d	d͡ʒ ɪ m iː d	1	1	reg_d	reg_d	reg_d
model_stem	s m a ɪ l	s m a ɪ l d	s m a ɪ l d	p ʌ z ə l	p ʌ z ə l d	p ʌ z ə l d	s m a ɪ l d	1	1	reg_d	reg_d	reg_d
model_stem	ə n w a ɪ n d	ə n w a ʊ n d	ə n a ɪ n d ə d	r iː b a ʊ n d	r iː b a ʊ n d ə d	r iː b a ʊ n d ə d	ə n w a ɪ n d ə d	0	0	vowel_change	other	reg_əd
model_stem	d ɪ k l ɛ r	d ɪ k l ɛ r d	d ɪ k l ɛ r d	k ə m p ɛ r	k ə m p ɛ r d	k ə m p ɛ r d	d ɪ k l ɛ r d	1	1	reg_d	reg_d	reg_d
model_stem	k ə n d ʌ k t	k ə n d ʌ k t ə d	k ə n d	ɪ k s p ɛ k t	ɪ k s p ɛ k t ə d	ɪ k s p ɛ k t ə d	k ə n d ʌ k t ə d	0	1	reg_əd	other	reg_əd
model_stem	s t r e ɪ n	s t r e ɪ n d	s t r e ɪ n d	r ɪ z a ɪ n	r ɪ z a ɪ n d	r ɪ z a ɪ n d	s t r e ɪ n d	1	1	reg_d	reg_d	reg_d
model_stem	k ə l æ p s	k ə l æ p s t	k ə l æ p s t	p r ɑː m ə s	p r ɑː m ə s t	p r ɑː m ə s t	k ə l æ p s t	1	1	reg_t	reg_t	reg_t
model_stem	p ɑː r t ɪ s ə p e ɪ t	p ɑː r t ɪ s ə p e ɪ t ə d	p s t ɪ p t	r iː ɪ v æ l j uː e ɪ t	r iː ɪ v æ l j uː e ɪ t ə d	r iː ɪ v æ l j uː e ɪ t ə d	p ɑː r t ɪ s ə p e ɪ t ə d	0	1	reg_əd	other	reg_əd
model_stem	t r æ n z l e ɪ t	t r æ n z l e ɪ t ə d	t r æ n z d	ɪ l ə s t r e ɪ t	ɪ l ə s t r e ɪ t ə d	ɪ l ə s t r e ɪ t ə d	t r æ n z l e ɪ t ə d	0	1	reg_əd	other	reg_əd
model_stem	d ɪ s k ʌ s	d ɪ s k ʌ s t	d ɪ s k ʌ s t	r ɪ l æ k s	r ɪ l æ k s t	r ɪ l æ k s t	d ɪ s k ʌ s t	1	1	reg_t	reg_t	reg_t
model_stem	f ɹ̩ ɡ ɪ v	f ɹ̩ ɡ e ɪ v	f ɹ̩ ɡ ɪ v d	r ə s iː v	r ə s iː v d	r ə s iː v d	f ɹ̩ ɡ ɪ v d	1	0	vowel_change	reg_d	reg_d
model_stem	ə r a ɪ z	ə r o ʊ z	ə r a ɪ z d	k l o ʊ z	k l o ʊ z d	k l o ʊ z d	ə r a ɪ z d	1	0	vowel_change	reg_d	reg_d
model_stem	f r a ɪ t ə n	f r a ɪ t ə n d	f r a ɪ t ə n d	s m ɑː r t ə n	s m ɑː r t ə n d	s m ɑː r t ə n d	f r a ɪ t ə n d	1	1	reg_d	reg_d	reg_d
model_stem	ɔ ɪ l	ɔ ɪ l d	ɔ ɪ l d	k ɪ l	k ɪ l d	k ɪ l d	ɔ ɪ l d	1	1	reg_d	reg_d	reg_d
model_stem	ə n l o ʊ d	ə n l o ʊ d ə d	ə n l o ʊ d ə d	r iː b ɪ l d	r iː b ɪ l t	r iː b ɪ l t	ə n l o ʊ t	0	0	reg_əd	reg_əd	coda_change
model_stem	ɡ r ʌ m b ə l	ɡ r ʌ m b ə l d	ɡ r ʌ m b ə l d	k r ʌ m p ə l	k r ʌ m p ə l d	k r ʌ m p ə l d	ɡ r ʌ m b ə l d	1	1	reg_d	reg_d	reg_d
model_stem	r ɛ k	r ɛ k t	r ɛ k t	t͡ʃ ɛ k	t͡ʃ ɛ k t	t͡ʃ ɛ k t	r ɛ k t	1	1	reg_t	reg_t	reg_t
model_stem	s p ɑː t	s p ɑː t ə d	s p ɑː t	s p ɪ t	s p æ t	s p æ t	NA	0	0	reg_əd	no_change	vowel_change
model_stem	b ʌ t ɹ̩	b ʌ t ɹ̩ d	b ʌ t ɹ̩ d	b ɛ t ɹ̩	b ɛ t ɹ̩ d	b ɛ t ɹ̩ d	b ʌ t ɹ̩ d	1	1	reg_d	reg_d	reg_d
model_stem	s t iː p	s t iː p t	s t iː p t	s t ɑː p	s t ɑː p t	s t ɑː p t	s t iː p t	1	1	reg_t	reg_t	reg_t
model_stem	h ʌ s ə l	h ʌ s ə l d	h ʌ s ə l d	w ɪ s ə l	w ɪ s ə l d	w ɪ s ə l d	h ʌ s ə l d	1	1	reg_d	reg_d	reg_d
model_stem	k ə n t ɪ n j uː	k ə n t ɪ n j uː d	k ə n t ɪ n j uː d	b ɑː r b ɪ k j uː	b ɑː r b ɪ k j uː d	b ɑː r b ɪ k j uː d	k ə n t ɪ n j uː d	1	1	reg_d	reg_d	reg_d
model_stem	r ɛ n t	r ɛ n t ə d	r ɛ n t ə d	l æ s t	l æ s t ə d	l æ s t ə d	r ɛ n t ə d	1	1	reg_əd	reg_əd	reg_əd
model_stem	k r ʌ n t͡ʃ	k r ʌ n t͡ʃ t	k r ʌ n t͡ʃ t	s t r ɛ t͡ʃ	s t r ɛ t͡ʃ t	s t r ɛ t͡ʃ t	k r ʌ n t͡ʃ t	1	1	reg_t	reg_t	reg_t
model_stem	r ɛ s k j uː	r ɛ s k j uː d	r ɛ s k j uː d	s k r uː	s k r uː d	s k r uː d	r ɛ s k j uː d	1	1	reg_d	reg_d	reg_d
model_stem	t ɑː p	t ɑː p t	t ɑː p t	p ɑː p	p ɑː p t	p ɑː p t	t ɑː p t	1	1	reg_t	reg_t	reg_t
model_stem	b l iː d	b l ɛ d	b l iː d ə d	b l ʌ d	b l ʌ d ə d	b l ʌ d ə d	b l iː d ə d	1	0	vowel_change	reg_əd	reg_əd
model_stem	p r ɪ k	p r ɪ k t	p r ɪ k t	t r ɪ k	t r ɪ k t	t r ɪ k t	p r ɪ k t	1	1	reg_t	reg_t	reg_t
model_stem	o ʊ ɡ ə l	o ʊ ɡ ə l d	o ʊ ɡ ə l d	d͡ʒ ʌ ɡ ə l	d͡ʒ ʌ ɡ ə l d	d͡ʒ ʌ ɡ ə l d	o ʊ ɡ ə l d	1	1	reg_d	reg_d	reg_d
model_stem	s ɔ ɪ l	s ɔ ɪ l d	s ɔ ɪ l d	s t ɪ l	s t ɪ l d	s t ɪ l d	s ɔ ɪ l d	1	1	reg_d	reg_d	reg_d
model_stem	ɡ ɑː l f	ɡ ɑː l f t	ɡ ɑː l f t	s t ʌ f	s t ʌ f t	s t ʌ f t	ɡ ɑː l f t	1	1	reg_t	reg_t	reg_t
model_stem	b ʌ s t	b ʌ s t ə d	b ʌ s t ə d	t ɛ s t	t ɛ s t ə d	t ɛ s t ə d	b ʌ s t ə d	1	1	reg_əd	reg_əd	reg_əd
model_stem	r iː s a ɪ k ə l	r iː s a ɪ k ə l d	r iː s a ɪ k ə l d	b a ɪ s ɪ k ə l	b a ɪ s ɪ k ə l d	b a ɪ s ɪ k ə l d	r iː s a ɪ k ə l d	1	1	reg_d	reg_d	reg_d
model_stem	s t uː	s t uː d	s t uː d	ɡ l uː	ɡ l uː d	ɡ l uː d	s t uː d	1	1	reg_d	reg_d	reg_d
model_stem	b æ t	b æ t ə d	b æ t	b iː t	b iː t	b iː t	b æ t	1	0	reg_əd	no_change	no_change
model_stem	s ʌ f ɹ̩	s ʌ f ɹ̩ d	s ʌ f ɹ̩ d	æ n s ɹ̩	æ n s ɹ̩ d	æ n s ɹ̩ d	s ʌ f ɹ̩ d	1	1	reg_d	reg_d	reg_d
model_stem	v ɪ ʒ w ə l a ɪ z	v ɪ ʒ w ə l a ɪ z d	v ɪ l d	ə p ɑː l ə d͡ʒ a ɪ z	ə p ɑː l ə d͡ʒ a ɪ z d	ə p ɑː l ə d͡ʒ a ɪ z d	v ɪ ʒ w ə l a ɪ z d	0	1	reg_d	other	reg_d
model_stem	k æ p	k æ p t	k æ p t	t æ p	t æ p t	t æ p t	k æ p t	1	1	reg_t	reg_t	reg_t
model_stem	t ʌ m b ə l	t ʌ m b ə l d	t ɪ m b ə l d	t e ɪ b ə l	t e ɪ b ə l d	t e ɪ b ə l d	t ʌ m b ə l d	0	1	reg_d	other	reg_d
model_stem	d ɪ s k r a ɪ b	d ɪ s k r a ɪ b d	d ɪ s k r a ɪ s k t ə d	ɔ r ɡ ə n a ɪ z	ɔ r ɡ ə n a ɪ z d	ɔ r ɡ ə n a ɪ z d	d ɪ s k r a ɪ b d	0	1	reg_d	other	reg_d
model_stem	h ɛ z ə t e ɪ t	h ɛ z ə t e ɪ t ə d	h t ə t ə t e ɪ t	ɪ n t ɪ m e ɪ t	ɪ n t ɪ m e ɪ t ə d	ɪ n t ɪ m e ɪ t ə d	h ɛ z ə t e ɪ t ə d	0	1	reg_əd	other	reg_əd
model_stem	m ɑː r	m ɑː r d	m ɑː r d	ʃ ɛ r	ʃ ɛ r d	ʃ ɛ r d	m ɑː r d	1	1	reg_d	reg_d	reg_d
model_stem	p r ə n a ʊ n s	p r ə n a ʊ n s t	p r ə n a ʊ n a ʊ z d	ɪ n t r ə d uː s	ɪ n t r ə d uː s t	ɪ n t r ə d uː s t	p r ə n a ʊ n s t	0	1	reg_t	other	reg_t
model_stem	f ɪ k s e ɪ t	f ɪ k s e ɪ t ə d	f ɪ k s e ɪ t ə d	d ɛ k ɹ̩ e ɪ t	d ɛ k ɹ̩ e ɪ t ə d	d ɛ k ɹ̩ e ɪ t ə d	f ɪ k s e ɪ t ə d	1	1	reg_əd	reg_əd	reg_əd
model_stem	b ɑː s	b ɑː s t	b ɑː s t	b ʌ s	b ʌ s t	b ʌ s t	b ɑː s t	1	1	reg_t	reg_t	reg_t
model_stem	d ɪ s t ɹ̩ b	d ɪ s t ɹ̩ b d	d ɪ s t ɹ̩ d ə d	h j uː m ɹ̩	h j uː m ɹ̩ d	h j uː m ɹ̩ d	d ɪ s t ɹ̩ b d	0	1	reg_d	other	reg_d
model_stem	s n æ k	s n æ k t	s n æ k t	s m æ k	s m æ k t	s m æ k t	s n æ k t	1	1	reg_t	reg_t	reg_t
model_stem	d ʌ s t	d ʌ s t ə d	d ʌ s t ə d	t ɛ s t	t ɛ s t ə d	t ɛ s t ə d	d ʌ s t ə d	1	1	reg_əd	reg_əd	reg_əd
model_stem	m o ʊ n	m o ʊ n d	m o ʊ n d	f o ʊ n	f o ʊ n d	f o ʊ n d	m o ʊ n d	1	1	reg_d	reg_d	reg_d
model_stem	p iː l	p iː l d	p iː l d	s iː l	s iː l d	s iː l d	p iː l d	1	1	reg_d	reg_d	reg_d
model_stem	f l ɑː p	f l ɑː p t	f l ɑː p t	p l ɑː p	p l ɑː p t	p l ɑː p t	f l ɑː p t	1	1	reg_t	reg_t	reg_t
model_stem	f l æ ʃ	f l æ ʃ t	f l æ ʃ t	s m æ ʃ	s m æ ʃ t	s m æ ʃ t	f l æ ʃ t	1	1	reg_t	reg_t	reg_t
model_stem	p e ɪ s t	p e ɪ s t ə d	p e ɪ s t ə d	w e ɪ s t	w e ɪ s t ə d	w e ɪ s t ə d	p e ɪ s t ə d	1	1	reg_əd	reg_əd	reg_əd
model_stem	ɡ ɑː r b ə l	ɡ ɑː r b ə l d	ɡ ɑː r b ə l d	d r ɪ b ə l	d r ɪ b ə l d	d r ɪ b ə l d	ɡ ɑː r b ə l d	1	1	reg_d	reg_d	reg_d
model_stem	ɪ n t ɛ n d	ɪ n t ɛ n d ə d	ɪ n t ɛ n d ə d	d ɪ p ɛ n d	d ɪ p ɛ n d ə d	d ɪ p ɛ n d ə d	ɪ n t ɛ n d ə d	1	1	reg_əd	reg_əd	reg_əd
model_stem	r o ʊ t e ɪ t	r o ʊ t e ɪ t ə d	r o ʊ t e ɪ t ə d	s ɛ p ɹ̩ e ɪ t	s ɛ p ɹ̩ e ɪ t ə d	s ɛ p ɹ̩ e ɪ t ə d	r o ʊ t e ɪ t ə d	1	1	reg_əd	reg_əd	reg_əd
model_stem	s ɑː l v	s ɑː l v d	s ɑː l v d	s w ɹ̩ v	s w ɹ̩ v d	s w ɹ̩ v d	s ɑː l v d	1	1	reg_d	reg_d	reg_d
model_stem	r ɪ s p ɑː n d	r ɪ s p ɑː n d ə d	r ɪ s p ɑː s t ə d	ə n f o ʊ l d	ə n f o ʊ l d ə d	ə n f o ʊ l d ə d	r ɪ s p ɑː n d ə d	0	1	reg_əd	other	reg_əd
model_stem	p r a ɪ s	p r a ɪ s t	p r a ɪ s t	t r e ɪ s	t r e ɪ s t	t r e ɪ s t	p r a ɪ s t	1	1	reg_t	reg_t	reg_t
model_stem	h ɑː r p	h ɑː r p t	h ɑː r p t	s l ɪ p	s l ɪ p t	s l ɪ p t	h ɑː r p t	1	1	reg_t	reg_t	reg_t
model_stem	ɪ ɡ z ɔ s t	ɪ ɡ z ɔ s t ə d	ɪ ɡ z ɔ s t ə d	ɪ n s ɪ s t	ɪ n s ɪ s t ə d	ɪ n s ɪ s t ə d	ɪ ɡ z ɔ s t ə d	1	1	reg_əd	reg_əd	reg_əd
model_stem	t ɛ r ə f a ɪ	t ɛ r ə f a ɪ d	t ɛ r ə f a ɪ d	s æ t ə s f a ɪ	s æ t ə s f a ɪ d	s æ t ə s f a ɪ d	t ɛ r ə f a ɪ d	1	1	reg_d	reg_d	reg_d
model_stem	s a ʊ	s a ʊ d	s a ʊ d	b a ʊ	b a ʊ d	b a ʊ d	s a ʊ d	1	1	reg_d	reg_d	reg_d
model_stem	e ɪ d	e ɪ d ə d	e ɪ d ə d	b iː d	b iː d ə d	b iː d ə d	e ɪ d ə d	1	1	reg_əd	reg_əd	reg_əd
model_stem	ə n p æ k	ə n p æ k t	ə n p æ k t	s p æ ŋ k	s p æ ŋ k t	s p æ ŋ k t	ə n p æ k t	1	1	reg_t	reg_t	reg_t
model_decision	ɡ ɛ t	ɡ ɑː t	ɡ ɛ t	w ɛ t	w ɛ t	w ɛ t	ɡ ɛ t	1	0	vowel_change	no_change	no_change
model_decision	p ʊ t	p ʊ t	p ʊ t	p ɛ t	p ɛ t ə d	p ɛ t ə d	p ʊ t ə d	0	0	no_change	no_change	reg_əd
model_decision	ɡ o ʊ	w ɛ n t	ɡ o ʊ d	ʃ o ʊ	ʃ o ʊ d	ʃ o ʊ d	ɡ o ʊ d	1	0	other	reg_d	reg_d
model_decision	iː t	e ɪ t	iː ɔ d	s iː	s ɔ	s ɔ	NA	0	0	vowel_change	rhyme_replaced	vowel_change
model_decision	w ɔ n t	w ɔ n t ə d	w ɔ n t ə d	t ɪ l t	t ɪ l t ə d	t ɪ l t ə d	w ɔ n t ə d	1	1	reg_əd	reg_əd	reg_əd
model_decision	n ɑː k	n ɑː k t	n ɑː k t	d ɑː k	d ɑː k t	d ɑː k t	n ɑː k t	1	1	reg_t	reg_t	reg_t
model_decision	l ɪ s ə n	l ɪ s ə n d	l ɪ s ə n d	l uː s ə n	l uː s ə n d	l uː s ə n d	l ɪ s ə n d	1	1	reg_d	reg_d	reg_d
model_decision	p ʌ f	p ʌ f t	p ʌ f t	l æ f	l æ f t	l æ f t	p ʌ f t	1	1	reg_t	reg_t	reg_t
model_decision	h o ʊ p	h o ʊ p t	h o ʊ p t	r o ʊ p	r o ʊ p t	r o ʊ p t	h o ʊ p t	1	1	reg_t	reg_t	reg_t
model_decision	n iː d	n iː d ə d	n ɛ d ə d	r iː d	r ɛ d	r ɛ d	n ɛ d	0	0	reg_əd	other	vowel_change
model_decision	k æ t͡ʃ	k ɔ t	k æ t͡ʃ t	m æ t͡ʃ	m æ t͡ʃ t	m æ t͡ʃ t	k æ t͡ʃ t	1	0	rhyme_replaced	reg_t	reg_t
model_decision	z ɪ p ɹ̩	z ɪ p ɹ̩ d	z ɪ p ɹ̩ d	w ɔ t ɹ̩	w ɔ t ɹ̩ d	w ɔ t ɹ̩ d	z ɪ p ɹ̩ d	1	1	reg_d	reg_d	reg_d
model_decision	h ɑː p	h ɑː p t	h ɑː p t	m ɑː p	m ɑː p t	m ɑː p t	h ɑː p t	1	1	reg_t	reg_t	reg_t
model_decision	k æ r iː	k æ r iː d	k æ r iː d	k ɑː p iː	k ɑː p iː d	k ɑː p iː d	k æ r iː d	1	1	reg_d	reg_d	reg_d
model_decision	r ɪ t ɹ̩ n	r ɪ t ɹ̩ n d	r ɪ t ɹ̩ n d	s t e ɪ n	s t e ɪ n d	s t e ɪ n d	r ɪ t ɹ̩ n d	1	1	reg_d	reg_d	reg_d
model_decision	f iː d	f ɛ d	f iː d ə d	b iː d	b iː d ə d	b iː d ə d	f iː d ə d	1	0	vowel_change	reg_əd	reg_əd
model_decision	ɡ ɑː b ə l	ɡ ɑː b ə l d	ɡ ɑː b ə l d	w ɑː b ə l	w ɑː b ə l d	w ɑː b ə l d	ɡ ɑː b ə l d	1	1	reg_d	reg_d	reg_d
model_decision	o ʊ p ə n	o ʊ p ə n d	o ʊ p ə n d	f æ s ə n	f æ s ə n d	f æ s ə n d	o ʊ p ə n d	1	1	reg_d	reg_d	reg_d
model_decision	h o ʊ l d	h ɛ l d	h o ʊ l d ə d	f o ʊ l d	f o ʊ l d ə d	f o ʊ l d ə d	h o ʊ l d ə d	1	0	vowel_change	reg_əd	reg_əd
model_decision	d ɪ l ɪ v ɹ̩	d ɪ l ɪ v ɹ̩ d	d ɪ l ɪ v ɹ̩ d	r ɪ t a ɪ ɹ̩	r ɪ t a ɪ ɹ̩ d	r ɪ t a ɪ ɹ̩ d	d ɪ l ɪ v ɹ̩ d	1	1	reg_d	reg_d	reg_d
model_decision	r ʌ b	r ʌ b d	r ʌ b d	d ʌ b	d ʌ b d	d ʌ b d	r ʌ b d	1	1	reg_d	reg_d	reg_d
model_decision	w ɑː t͡ʃ	w ɑː t͡ʃ t	w ɑː t͡ʃ t	m æ t͡ʃ	m æ t͡ʃ t	m æ t͡ʃ t	w ɑː t͡ʃ t	1	1	reg_t	reg_t	reg_t
model_decision	p l iː z	p l iː z d	p l o ʊ z	f r iː z	f r o ʊ z	f r o ʊ z	p l o ʊ z	1	0	reg_d	vowel_change	vowel_change
model_decision	w ɔ k	w ɔ k t	w ɔ k t	w æ k	w æ k t	w æ k t	w ɔ k t	1	1	reg_t	reg_t	reg_t
model_decision	p æ k	p æ k t	p æ k t	b æ k	b æ k t	b æ k t	p æ k t	1	1	reg_t	reg_t	reg_t
model_decision	s a ʊ n d	s a ʊ n d ə d	s a ʊ n d ə d	r a ʊ n d	r a ʊ n d ə d	r a ʊ n d ə d	s a ʊ n d ə d	1	1	reg_əd	reg_əd	reg_əd
model_decision	ɡ r æ b	ɡ r æ b d	ɡ r æ b d	k l ʌ b	k l ʌ b d	k l ʌ b d	ɡ r æ b d	1	1	reg_d	reg_d	reg_d
model_decision	m æ n	m æ n d	m æ n d	p ɛ n	p ɛ n d	p ɛ n d	m æ n d	1	1	reg_d	reg_d	reg_d
model_decision	f iː l	f ɛ l t	f iː l d	w iː l	w iː l d	w iː l d	f iː l d	1	0	vowel_change_suffix	reg_d	reg_d
model_decision	n e ɪ m	n e ɪ m d	n e ɪ m d	d r iː m	d r iː m d	d r iː m d	n e ɪ m d	1	1	reg_d	reg_d	reg_d
model_decision	f l o ʊ	f l o ʊ d	f l o ʊ d	ɡ l o ʊ	ɡ l o ʊ d	ɡ l o ʊ d	f l o ʊ d	1	1	reg_d	reg_d	reg_d
model_decision	w ɛ ð ɹ̩	w ɛ ð ɹ̩ d	w ɛ ð ɹ̩ d	ɡ æ ð ɹ̩	ɡ æ ð ɹ̩ d	ɡ æ ð ɹ̩ d	w ɛ ð ɹ̩ d	1	1	reg_d	reg_d	reg_d
model_decision	l a ɪ	l e ɪ	l a ɪ d	l e ɪ	l e ɪ d	l e ɪ d	l a ɪ d	1	0	vowel_change	reg_d	reg_d
model_decision	k r æ ʃ	k r æ ʃ t	k r æ ʃ t	k r ʌ ʃ	k r ʌ ʃ t	k r ʌ ʃ t	k r æ ʃ t	1	1	reg_t	reg_t	reg_t
model_decision	p e ɪ d͡ʒ	p e ɪ d͡ʒ d	p e ɪ d͡ʒ d	t͡ʃ ɑː r d͡ʒ	t͡ʃ ɑː r d͡ʒ d	t͡ʃ ɑː r d͡ʒ d	p e ɪ d͡ʒ d	1	1	reg_d	reg_d	reg_d
model_decision	t͡ʃ o ʊ k	t͡ʃ o ʊ k t	t͡ʃ o ʊ k t	p o ʊ k	p o ʊ k t	p o ʊ k t	t͡ʃ o ʊ k t	1	1	reg_t	reg_t	reg_t
model_decision	b l ɛ s	b l ɛ s t	b l ɛ s t	k l æ s	k l æ s t	k l æ s t	b l ɛ s t	1	1	reg_t	reg_t	reg_t
model_decision	d ɪ ŋ	d ɪ ŋ d	d ɪ ŋ	w ɪ ŋ	w ɪ ŋ	w ɪ ŋ d	d ɪ ŋ	1	0	reg_d	no_change	no_change
model_decision	s ɛ l	s o ʊ l d	s ɛ l d	ʃ ɛ l	ʃ ɛ l d	ʃ ɛ l d	s ɛ l d	1	0	vowel_change_suffix	reg_d	reg_d
model_decision	b ɪ ɡ ɪ n	b ɪ ɡ æ n	b ɪ ɡ ɪ n d	p l e ɪ n	p l e ɪ n d	p l e ɪ n d	b ɪ ɡ ɪ n d	1	0	vowel_change	reg_d	reg_d
model_decision	d͡ʒ ɔ ɪ n	d͡ʒ ɔ ɪ n d	d͡ʒ ɔ ɪ n d	w ɔ r n	w ɔ r n d	w ɔ r n d	d͡ʒ ɔ ɪ n d	1	1	reg_d	reg_d	reg_d
model_decision	l ɑː k	l ɑː k t	l ɑː k t	d ɑː k	d ɑː k t	d ɑː k t	l ɑː k t	1	1	reg_t	reg_t	reg_t
model_decision	b ɪ l iː v	b ɪ l iː v d	b ɪ l iː v d	r ə s iː v	r ə s iː v d	r ə s iː v d	b ɪ l iː v d	1	1	reg_d	reg_d	reg_d
model_decision	ə n d ɹ̩ s t æ n d	ə n d ɹ̩ s t ʊ d	ə n t ə t ə n d	p a ʊ n s	p a ʊ n s t	p a ʊ n s t	ə n d ɹ̩ s t æ n d t	0	0	rhyme_replaced	other	reg_t
model_decision	t r e ɪ n	t r e ɪ n d	t r e ɪ n d	t͡ʃ ɪ k ə n	t͡ʃ ɪ k ə n d	t͡ʃ ɪ k ə n d	t r e ɪ n d	1	1	reg_d	reg_d	reg_d
model_decision	k r ɔ l	k r ɔ l d	k r ɔ l d	k ɔ l	k ɔ l d	k ɔ l d	k r ɔ l d	1	1	reg_d	reg_d	reg_d
model_decision	p æ t	p æ t ə d	p æ t ə d	p ɪ t	p ɪ t ə d	p ɪ t ə d	p æ t ə d	1	1	reg_əd	reg_əd	reg_əd
model_decision	ɔ r d ɹ̩	ɔ r d ɹ̩ d	ɔ r d ɹ̩ d	m ɛ ʒ ɹ̩	m ɛ ʒ ɹ̩ d	m ɛ ʒ ɹ̩ d	ɔ r d ɹ̩ d	1	1	reg_d	reg_d	reg_d
model_decision	f l a ɪ	f l uː	f l a ɪ d	f r a ɪ	f r a ɪ d	f r a ɪ d	f l a ɪ d	1	0	vowel_change	reg_d	reg_d
model_decision	l o ʊ d	l o ʊ d ə d	l o ʊ d ə d	f iː l d	f iː l d ə d	f iː l d ə d	l o ʊ d ə d	1	1	reg_əd	reg_əd	reg_əd
model_decision	k ə m p l e ɪ n	k ə m p l e ɪ n d	k ə m p l e ɪ n d	ɪ k s p l e ɪ n	ɪ k s p l e ɪ n d	ɪ k s p l e ɪ n d	k ə m p l e ɪ n d	1	1	reg_d	reg_d	reg_d
model_decision	b l ɛ n d	b l ɛ n d ə d	b l ɛ n d ə d	ə t ɛ n d	ə t ɛ n d ə d	ə t ɛ n d ə d	b l ɛ n d ə d	1	1	reg_əd	reg_əd	reg_əd
model_decision	b l ɑː k	b l ɑː k t	b l ɑː k t	s t ɔ k	s t ɔ k t	s t ɔ k t	b l ɑː k t	1	1	reg_t	reg_t	reg_t
model_decision	t ɪ p	t ɪ p t	t ɪ p t	t æ p	t æ p t	t æ p t	t ɪ p t	1	1	reg_t	reg_t	reg_t
model_decision	d͡ʒ ɛ t	d͡ʒ ɛ t ə d	d͡ʒ ɛ t	b ɛ t	b ɛ t	b ɛ t	d͡ʒ ɛ t	1	0	reg_əd	no_change	no_change
model_decision	b r iː ð	b r iː ð d	b r iː ð d	b e ɪ ð	b e ɪ ð d	b e ɪ ð d	b r iː ð d	1	1	reg_d	reg_d	reg_d
model_decision	d a ɪ ə l	d a ɪ ə l d	d a ɪ ə l d	ɡ ɪ ɡ ə l	ɡ ɪ ɡ ə l d	ɡ ɪ ɡ ə l d	d a ɪ ə l d	1	1	reg_d	reg_d	reg_d
model_decision	m ɛ n ʃ ə n	m ɛ n ʃ ə n d	m ɛ n ʃ ə n d	r ɪ z a ɪ n	r ɪ z a ɪ n d	r ɪ z a ɪ n d	m ɛ n ʃ ə n d	1	1	reg_d	reg_d	reg_d
model_decision	h ʌ ɡ	h ʌ ɡ d	h ʌ ɡ d	t͡ʃ ʌ ɡ	t͡ʃ ʌ ɡ d	t͡ʃ ʌ ɡ d	h ʌ ɡ d	1	1	reg_d	reg_d	reg_d
model_decision	p a ʊ ɹ̩	p a ʊ ɹ̩ d	p a ʊ ɹ̩ d	t a ʊ ɹ̩	t a ʊ ɹ̩ d	t a ʊ ɹ̩ d	p a ʊ ɹ̩ d	1	1	reg_d	reg_d	reg_d
model_decision	s ɑː k	s ɑː k t	s ɑː k t	d ɑː k	d ɑː k t	d ɑː k t	s ɑː k t	1	1	reg_t	reg_t	reg_t
model_decision	w uː p	w uː p t	w uː p t	p uː p	p uː p t	p uː p t	w uː p t	1	1	reg_t	reg_t	reg_t
model_decision	r iː m a ɪ n d	r iː m a ɪ n d ə d	r iː m a ɪ n d ə d	r iː b a ʊ n d	r iː b a ʊ n d ə d	r iː b a ʊ n d ə d	r iː m a ɪ n d ə d	1	1	reg_əd	reg_əd	reg_əd
model_decision	h æ n d ə l	h æ n d ə l d	h æ n d ə l d	ɡ r æ p ə l	ɡ r æ p ə l d	ɡ r æ p ə l d	h æ n d ə l d	1	1	reg_d	reg_d	reg_d
model_decision	s n iː z	s n iː z d	s n iː z d	r e ɪ z	r e ɪ z d	r e ɪ z d	s n iː z d	1	1	reg_d	reg_d	reg_d
model_decision	v ɪ z ɪ t	v ɪ z ɪ t ə d	v ɪ z ɪ t ə d	ə d m ɪ t	ə d m ɪ t ə d	ə d m ɪ t ə d	v ɪ z ɪ t ə d	1	1	reg_əd	reg_əd	reg_əd
model_decision	s l a ɪ d	s l ɪ d	s l a ɪ d ə d	r a ʊ n d	r a ʊ n d ə d	r a ʊ n d ə d	s l a ɪ d ə d	1	0	vowel_change	reg_əd	reg_əd
model_decision	p l æ n	p l æ n d	p l æ n d	k l iː n	k l iː n d	k l iː n d	p l æ n d	1	1	reg_d	reg_d	reg_d
model_decision	ɛ l b o ʊ	ɛ l b o ʊ d	ɛ l b o ʊ d	f ɑː l o ʊ	f ɑː l o ʊ d	f ɑː l o ʊ d	ɛ l b o ʊ d	1	1	reg_d	reg_d	reg_d
model_decision	b ɑː k s	b ɑː k s t	b ɑː k s t	p ɪ r s	p ɪ r s t	p ɪ r s t	b ɑː k s t	1	1	reg_t	reg_t	reg_t
model_decision	ɪ n k l uː d	ɪ n k l uː d ə d	ɪ n k l uː d ə d	d ɪ s a ɪ d	d ɪ s a ɪ d ə d	d ɪ s a ɪ d ə d	ɪ n k l uː d ə d	1	1	reg_əd	reg_əd	reg_əd
model_decision	b ɹ̩ n	b ɹ̩ n d	b ɹ̩ n d	t ɹ̩ n	t ɹ̩ n d	t ɹ̩ n d	b ɹ̩ n d	1	1	reg_d	reg_d	reg_d
model_decision	ʃ e ɪ p	ʃ e ɪ p t	ʃ e ɪ p t	t e ɪ p	t e ɪ p t	t e ɪ p t	ʃ e ɪ p t	1	1	reg_t	reg_t	reg_t
model_decision	b o ʊ n	b o ʊ n d	b o ʊ n d	f o ʊ n	f o ʊ n d	f o ʊ n d	b o ʊ n d	1	1	reg_d	reg_d	reg_d
model_decision	f ɪ l	f ɪ l d	f ɪ l d	w ɪ l	w ɪ l d	w ɪ l d	f ɪ l d	1	1	reg_d	reg_d	reg_d
model_decision	m æ s k	m æ s k t	m æ s k t	θ æ ŋ k	θ æ ŋ k t	θ æ ŋ k t	m æ s k t	1	1	reg_t	reg_t	reg_t
model_decision	s ɛ l ə b r e ɪ t	s ɛ l ə b r e ɪ t ə d	s ɛ r ə r e ɪ r e ɪ e ɪ t ə d	l e ɪ	l e ɪ d	l e ɪ d	s ɛ l ə b r e ɪ t d	0	0	reg_əd	other	reg_d
model_decision	k r ʌ m b ə l	k r ʌ m b ə l d	k r ʌ m b ə l d	k r ʌ m p ə l	k r ʌ m p ə l d	k r ʌ m p ə l d	k r ʌ m b ə l d	1	1	reg_d	reg_d	reg_d
model_decision	r ɑː k	r ɑː k t	r ɑː k t	d ɑː k	d ɑː k t	d ɑː k t	r ɑː k t	1	1	reg_t	reg_t	reg_t
model_decision	ɡ ɛ r ə n t iː	ɡ ɛ r ə n t iː d	ɡ ɛ r ə n t ə d	d ɪ l iː t	d ɪ l iː t ə d	d ɪ l iː t ə d	ɡ ɛ r ə n t iː ə d	0	0	reg_d	vowel_change_suffix	reg_əd
model_decision	k ə n ɛ k t	k ə n ɛ k t ə d	k ə n ɛ k t ə d	k ə l ɛ k t	k ə l ɛ k t ə d	k ə l ɛ k t ə d	k ə n ɛ k t ə d	1	1	reg_əd	reg_əd	reg_əd
model_decision	t ɔ s	t ɔ s t	t ɔ s t	b ʌ s	b ʌ s t	b ʌ s t	t ɔ s t	1	1	reg_t	reg_t	reg_t
model_decision	iː v ɪ n	iː v ɪ n d	iː v d	r iː t r iː v	r iː t r iː v d	r iː t r iː v d	iː v ɪ n d	0	1	reg_d	other	reg_d
model_decision	b a ʊ n s	b a ʊ n s t	b a ʊ n s t	p a ʊ n s	p a ʊ n s t	p a ʊ n s t	b a ʊ n s t	1	1	reg_t	reg_t	reg_t
model_decision	ɹ̩ n	ɹ̩ n d	ɹ̩ n d	j ɔ n	j ɔ n d	j ɔ n d	ɹ̩ n d	1	1	reg_d	reg_d	reg_d
model_decision	k l a ʊ d	k l a ʊ d ə d	k l a ʊ d ə d	k r a ʊ d	k r a ʊ d ə d	k r a ʊ d ə d	k l a ʊ d ə d	1	1	reg_əd	reg_əd	reg_əd
model_decision	k ʌ p ə l	k ʌ p ə l d	k ʌ p ə l d	k ʌ d ə l	k ʌ d ə l d	k ʌ d ə l d	k ʌ p ə l d	1	1	reg_d	reg_d	reg_d
model_decision	f l ʌ ʃ	f l ʌ ʃ t	f l ʌ ʃ t	s m æ ʃ	s m æ ʃ t	s m æ ʃ t	f l ʌ ʃ t	1	1	reg_t	reg_t	reg_t
model_decision	h ɑː r n ə s	h ɑː r n ə s t	h ɑː r n ə s t	b æ l ə n s	b æ l ə n s t	b æ l ə n s t	h ɑː r n ə s t	1	1	reg_t	reg_t	reg_t
model_decision	b r a ʊ n	b r a ʊ n d	b r a ʊ n d	p l e ɪ n	p l e ɪ n d	p l e ɪ n d	b r a ʊ n d	1	1	reg_d	reg_d	reg_d
model_decision	s t ɪ ŋ k	s t ʌ ŋ k	s t ʌ ŋ k t	s t ɪ ŋ	s t ʌ ŋ	s t ʌ ŋ	NA	0	0	vowel_change	vowel_change_suffix	vowel_change
model_decision	r iː f r ɛ ʃ	r iː f r ɛ ʃ t	r iː f r ɛ ʃ t	s m æ ʃ	s m æ ʃ t	s m æ ʃ t	r iː f r ɛ ʃ t	1	1	reg_t	reg_t	reg_t
model_decision	p r ə f ɹ̩	p r ə f ɹ̩ d	p r ə f ɹ̩ d	p a ʊ d ɹ̩	p a ʊ d ɹ̩ d	p a ʊ d ɹ̩ d	p r ə f ɹ̩ d	1	1	reg_d	reg_d	reg_d
model_decision	s t iː l	s t o ʊ l	s t iː l d	s p ɛ l	s p ɛ l d	s p ɛ l d	s t iː l d	1	0	vowel_change	reg_d	reg_d
model_decision	b æ n d	b æ n d ə d	b æ n d ə d	l æ n d	l æ n d ə d	l æ n d ə d	b æ n d ə d	1	1	reg_əd	reg_əd	reg_əd
model_decision	r ɪ d	r ɪ d	r ɪ d	k ɪ d	k ɪ d ə d	k ɪ d ə d	r ɪ d ə d	0	0	no_change	no_change	reg_əd
model_decision	k o ʊ ɑː p ɹ̩ e ɪ t	k o ʊ ɑː p ɹ̩ e ɪ t ə d	k o ʊ k e ɪ k ɹ̩ d	p ɹ̩ s	p ɹ̩ s t	p ɹ̩ s t	k o ʊ ɑː p ɹ̩ e ɪ t t	0	0	reg_əd	other	reg_t
model_decision	b ɑː ð ɹ̩	b ɑː ð ɹ̩ d	b ɑː ð ɹ̩ d	b ɛ t ɹ̩	b ɛ t ɹ̩ d	b ɛ t ɹ̩ d	b ɑː ð ɹ̩ d	1	1	reg_d	reg_d	reg_d
model_decision	r ɛ s t	r ɛ s t ə d	r ɛ s t	l æ s t	l æ s t ə d	l æ s t ə d	r ɛ s t ə d	0	1	reg_əd	no_change	reg_əd
model_decision	ɑː k j ə p a ɪ	ɑː k j ə p a ɪ d	ɑː k j ə p a ɪ d	d ɪ s t r ɔ ɪ	d ɪ s t r ɔ ɪ d	d ɪ s t r ɔ ɪ d	ɑː k j ə p a ɪ d	1	1	reg_d	reg_d	reg_d
model_decision	s k r ɪ b ə l	s k r ɪ b ə l d	s k r ɪ b ə l d	k r ʌ m p ə l	k r ʌ m p ə l d	k r ʌ m p ə l d	s k r ɪ b ə l d	1	1	reg_d	reg_d	reg_d
model_decision	b l æ s t	b l æ s t ə d	b l æ s t ə d	ɡ r e ɪ t	ɡ r e ɪ t ə d	ɡ r e ɪ t ə d	b l æ s t ə d	1	1	reg_əd	reg_əd	reg_əd
model_decision	h æ m ɹ̩	h æ m ɹ̩ d	h æ m ɹ̩ d	m ɛ ʒ ɹ̩	m ɛ ʒ ɹ̩ d	m ɛ ʒ ɹ̩ d	h æ m ɹ̩ d	1	1	reg_d	reg_d	reg_d
model_decision	d r ɪ l	d r ɪ l d	d r ɪ l d	s t ɪ l	s t ɪ l d	s t ɪ l d	d r ɪ l d	1	1	reg_d	reg_d	reg_d
model_decision	p r æ k t ɪ s	p r æ k t ɪ s t	p r æ k t ə s t	ɪ n t ɹ̩ æ k t	ɪ n t ɹ̩ æ k t ə d	ɪ n t ɹ̩ æ k t ə d	p r æ k t ɪ s ə d	0	0	reg_t	vowel_change_suffix	reg_əd
model_decision	t a ɪ p	t a ɪ p t	t a ɪ p t	w a ɪ p	w a ɪ p t	w a ɪ p t	t a ɪ p t	1	1	reg_t	reg_t	reg_t
model_decision	æ d	æ d ə d	æ d ʌ d	f o ʊ l d	f o ʊ l d ə d	f o ʊ l d ə d	æ d ə d	0	1	reg_əd	other	reg_əd
model_decision	b o ʊ l	b o ʊ l d	b o ʊ l d	h o ʊ l	h o ʊ l d	h o ʊ l d	b o ʊ l d	1	1	reg_d	reg_d	reg_d
model_decision	t o ʊ t	t o ʊ t ə d	t o ʊ t ə d	v o ʊ t	v o ʊ t ə d	v o ʊ t ə d	t o ʊ t ə d	1	1	reg_əd	reg_əd	reg_əd
model_decision	s w ɪ ʃ	s w ɪ ʃ t	s w ɪ ʃ t	s m æ ʃ	s m æ ʃ t	s m æ ʃ t	s w ɪ ʃ t	1	1	reg_t	reg_t	reg_t
model_decision	b l e ɪ m	b l e ɪ m d	b l e ɪ m d	k l a ɪ m	k l a ɪ m d	k l a ɪ m d	b l e ɪ m d	1	1	reg_d	reg_d	reg_d
model_decision	ɪ k s a ɪ t	ɪ k s a ɪ t ə d	ɪ k s a ɪ t ə d	ɪ n v a ɪ t	ɪ n v a ɪ t ə d	ɪ n v a ɪ t ə d	ɪ k s a ɪ t ə d	1	1	reg_əd	reg_əd	reg_əd
model_decision	t͡ʃ a ɪ m	t͡ʃ a ɪ m d	t͡ʃ a ɪ m d	t a ɪ m	t a ɪ m d	t a ɪ m d	t͡ʃ a ɪ m d	1	1	reg_d	reg_d	reg_d
model_decision	t͡ʃ iː r	t͡ʃ iː r d	t͡ʃ iː r d	s iː r	s iː r d	s iː r d	t͡ʃ iː r d	1	1	reg_d	reg_d	reg_d
model_decision	f r e ɪ m	f r e ɪ m d	f r e ɪ m d	k l a ɪ m	k l a ɪ m d	k l a ɪ m d	f r e ɪ m d	1	1	reg_d	reg_d	reg_d
model_decision	d æ m	d æ m d	d æ m d	d͡ʒ æ m	d͡ʒ æ m d	d͡ʒ æ m d	d æ m d	1	1	reg_d	reg_d	reg_d
model_decision	t͡ʃ iː t	t͡ʃ iː t ə d	t͡ʃ iː t	b iː t	b iː t	b iː t	t͡ʃ iː t	1	0	reg_əd	no_change	no_change
model_decision	l iː n	l iː n d	l iː n d	o ʊ n	o ʊ n d	o ʊ n d	l iː n d	1	1	reg_d	reg_d	reg_d
model_decision	s k r iː m	s k r iː m d	s k r iː m d	k l a ɪ m	k l a ɪ m d	k l a ɪ m d	s k r iː m d	1	1	reg_d	reg_d	reg_d
model_decision	ɪ ɡ n ɔ r	ɪ ɡ n ɔ r d	ɪ ɡ ɔ n ɔ r d	θ ɪ ŋ k	θ ɔ t	θ ɔ t	NA	0	0	reg_d	other	rhyme_replaced
model_decision	s k uː p	s k uː p t	s k uː p t	s k ɪ p	s k ɪ p t	s k ɪ p t	s k uː p t	1	1	reg_t	reg_t	reg_t
model_decision	θ ʌ m p	θ ʌ m p t	θ ʌ m p t	b ʌ m p	b ʌ m p t	b ʌ m p t	θ ʌ m p t	1	1	reg_t	reg_t	reg_t
model_decision	s t iː r	s t iː r d	s t iː r d	s m iː r	s m iː r d	s m iː r d	s t iː r d	1	1	reg_d	reg_d	reg_d
model_decision	s p ɪ n	s p ʌ n	s p æ n d	s p ɪ t	s p æ t	s p æ t	NA	0	0	vowel_change	vowel_change_suffix	vowel_change
model_decision	h ʌ f	h ʌ f t	h ʌ f t	l æ f	l æ f t	l æ f t	h ʌ f t	1	1	reg_t	reg_t	reg_t
model_decision	t ɛ n d	t ɛ n d ə d	t ɛ n t	s ɛ n d	s ɛ n t	s ɛ n t	t ɛ n t	1	0	reg_əd	coda_change	coda_change
model_decision	s p e ɪ s	s p e ɪ s t	s p e ɪ s t	s p a ɪ s	s p a ɪ s t	s p a ɪ s t	s p e ɪ s t	1	1	reg_t	reg_t	reg_t
model_decision	s t r e ɪ t ə n	s t r e ɪ t ə n d	s t r t ɪ t ə n d	t e ɪ p	t e ɪ p t	t e ɪ p t	s t r e ɪ t ə n t	0	0	reg_d	other	reg_t
model_decision	p iː t ɹ̩	p iː t ɹ̩ d	p iː t ɹ̩ d	t iː t ɹ̩	t iː t ɹ̩ d	t iː t ɹ̩ d	p iː t ɹ̩ d	1	1	reg_d	reg_d	reg_d
model_decision	m a ɪ n	m a ɪ n d	m a ɪ n d	d a ɪ n	d a ɪ n d	d a ɪ n d	m a ɪ n d	1	1	reg_d	reg_d	reg_d
model_decision	h iː l	h iː l d	h iː l d	s iː l	s iː l d	s iː l d	h iː l d	1	1	reg_d	reg_d	reg_d
model_decision	ə t r æ k t	ə t r æ k t ə d	ə t r æ k t ə d	r ɪ d͡ʒ ɛ k t	r ɪ d͡ʒ ɛ k t ə d	r ɪ d͡ʒ ɛ k t ə d	ə t r æ k t ə d	1	1	reg_əd	reg_əd	reg_əd
model_decision	s k w ɛ r	s k w ɛ r d	s k w ɛ r d	k ə m p ɛ r	k ə m p ɛ r d	k ə m p ɛ r d	s k w ɛ r d	1	1	reg_d	reg_d	reg_d
model_decision	f l ʌ f	f l ʌ f t	f l ʌ f t	s t ʌ f	s t ʌ f t	s t ʌ f t	f l ʌ f t	1	1	reg_t	reg_t	reg_t
model_decision	t o ʊ n	t o ʊ n d	t o ʊ n d	l o ʊ n	l o ʊ n d	l o ʊ n d	t o ʊ n d	1	1	reg_d	reg_d	reg_d
model_decision	d͡ʒ ɪ m iː	d͡ʒ ɪ m iː d	d͡ʒ ɪ m iː d	ə ɡ r iː	ə ɡ r iː d	ə ɡ r iː d	d͡ʒ ɪ m iː d	1	1	reg_d	reg_d	reg_d
model_decision	s m a ɪ l	s m a ɪ l d	s m a ɪ l d	p ʌ z ə l	p ʌ z ə l d	p ʌ z ə l d	s m a ɪ l d	1	1	reg_d	reg_d	reg_d
model_decision	ə n w a ɪ n d	ə n w a ʊ n d	ə n a ɪ n d ə d	r a ɪ z	r o ʊ z	r o ʊ z	NA	0	0	vowel_change	other	vowel_change
model_decision	d ɪ k l ɛ r	d ɪ k l ɛ r d	d ɪ k l ɛ r d	k ə m p ɛ r	k ə m p ɛ r d	k ə m p ɛ r d	d ɪ k l ɛ r d	1	1	reg_d	reg_d	reg_d
model_decision	k ə n d ʌ k t	k ə n d ʌ k t ə d	k ə n d	s p r ɛ d	s p r ɛ d	s p r ɛ d	k ə n d ʌ k t	0	0	reg_əd	other	no_change
model_decision	s t r e ɪ n	s t r e ɪ n d	s t r e ɪ n d	r ɪ z a ɪ n	r ɪ z a ɪ n d	r ɪ z a ɪ n d	s t r e ɪ n d	1	1	reg_d	reg_d	reg_d
model_decision	k ə l æ p s	k ə l æ p s t	k ə l æ p s t	p r ɑː m ə s	p r ɑː m ə s t	p r ɑː m ə s t	k ə l æ p s t	1	1	reg_t	reg_t	reg_t
model_decision	p ɑː r t ɪ s ə p e ɪ t	p ɑː r t ɪ s ə p e ɪ t ə d	p s t ɪ p t	n o ʊ t ɪ s	n o ʊ t ɪ s t	n o ʊ t ɪ s t	p ɑː r t ɪ s ə p e ɪ t t	0	0	reg_əd	other	reg_t
model_decision	t r æ n z l e ɪ t	t r æ n z l e ɪ t ə d	t r æ n z d	r iː ə l a ɪ z	r iː ə l a ɪ z d	r iː ə l a ɪ z d	t r æ n z l e ɪ t d	0	0	reg_əd	other	reg_d
model_decision	d ɪ s k ʌ s	d ɪ s k ʌ s t	d ɪ s k ʌ s t	r ɪ l æ k s	r ɪ l æ k s t	r ɪ l æ k s t	d ɪ s k ʌ s t	1	1	reg_t	reg_t	reg_t
model_decision	f ɹ̩ ɡ ɪ v	f ɹ̩ ɡ e ɪ v	f ɹ̩ ɡ ɪ v d	r ə s iː v	r ə s iː v d	r ə s iː v d	f ɹ̩ ɡ ɪ v d	1	0	vowel_change	reg_d	reg_d
model_decision	ə r a ɪ z	ə r o ʊ z	ə r a ɪ z d	k l o ʊ z	k l o ʊ z d	k l o ʊ z d	ə r a ɪ z d	1	0	vowel_change	reg_d	reg_d
model_decision	f r a ɪ t ə n	f r a ɪ t ə n d	f r a ɪ t ə n d	s m ɑː r t ə n	s m ɑː r t ə n d	s m ɑː r t ə n d	f r a ɪ t ə n d	1	1	reg_d	reg_d	reg_d
model_decision	ɔ ɪ l	ɔ ɪ l d	ɔ ɪ l d	k ɪ l	k ɪ l d	k ɪ l d	ɔ ɪ l d	1	1	reg_d	reg_d	reg_d
model_decision	ə n l o ʊ d	ə n l o ʊ d ə d	ə n l o ʊ d ə d	r ə k ɔ r d	r ə k ɔ r d ə d	r ə k ɔ r d ə d	ə n l o ʊ d ə d	1	1	reg_əd	reg_əd	reg_əd
model_decision	ɡ r ʌ m b ə l	ɡ r ʌ m b ə l d	ɡ r ʌ m b ə l d	k r ʌ m p ə l	k r ʌ m p ə l d	k r ʌ m p ə l d	ɡ r ʌ m b ə l d	1	1	reg_d	reg_d	reg_d
model_decision	r ɛ k	r ɛ k t	r ɛ k t	t͡ʃ ɛ k	t͡ʃ ɛ k t	t͡ʃ ɛ k t	r ɛ k t	1	1	reg_t	reg_t	reg_t
model_decision	s p ɑː t	s p ɑː t ə d	s p ɑː t	k ɑː s t	k ɑː s t	k ɑː s t	s p ɑː t	1	0	reg_əd	no_change	no_change
model_decision	b ʌ t ɹ̩	b ʌ t ɹ̩ d	b ʌ t ɹ̩ d	b ɛ t ɹ̩	b ɛ t ɹ̩ d	b ɛ t ɹ̩ d	b ʌ t ɹ̩ d	1	1	reg_d	reg_d	reg_d
model_decision	s t iː p	s t iː p t	s t iː p t	s t ɑː p	s t ɑː p t	s t ɑː p t	s t iː p t	1	1	reg_t	reg_t	reg_t
model_decision	h ʌ s ə l	h ʌ s ə l d	h ʌ s ə l d	w ɪ s ə l	w ɪ s ə l d	w ɪ s ə l d	h ʌ s ə l d	1	1	reg_d	reg_d	reg_d
model_decision	k ə n t ɪ n j uː	k ə n t ɪ n j uː d	k ə n t ɪ n j uː d	b ɑː r b ɪ k j uː	b ɑː r b ɪ k j uː d	b ɑː r b ɪ k j uː d	k ə n t ɪ n j uː d	1	1	reg_d	reg_d	reg_d
model_decision	r ɛ n t	r ɛ n t ə d	r ɛ n t ə d	l æ s t	l æ s t ə d	l æ s t ə d	r ɛ n t ə d	1	1	reg_əd	reg_əd	reg_əd
model_decision	k r ʌ n t͡ʃ	k r ʌ n t͡ʃ t	k r ʌ n t͡ʃ t	s t r ɛ t͡ʃ	s t r ɛ t͡ʃ t	s t r ɛ t͡ʃ t	k r ʌ n t͡ʃ t	1	1	reg_t	reg_t	reg_t
model_decision	r ɛ s k j uː	r ɛ s k j uː d	r ɛ s k j uː d	s k r uː	s k r uː d	s k r uː d	r ɛ s k j uː d	1	1	reg_d	reg_d	reg_d
model_decision	t ɑː p	t ɑː p t	t ɑː p t	p ɑː p	p ɑː p t	p ɑː p t	t ɑː p t	1	1	reg_t	reg_t	reg_t
model_decision	b l iː d	b l ɛ d	b l iː d ə d	b l ʌ d	b l ʌ d ə d	b l ʌ d ə d	b l iː d ə d	1	0	vowel_change	reg_əd	reg_əd
model_decision	p r ɪ k	p r ɪ k t	p r ɪ k t	t r ɪ k	t r ɪ k t	t r ɪ k t	p r ɪ k t	1	1	reg_t	reg_t	reg_t
model_decision	o ʊ ɡ ə l	o ʊ ɡ ə l d	o ʊ ɡ ə l d	d͡ʒ ʌ ɡ ə l	d͡ʒ ʌ ɡ ə l d	d͡ʒ ʌ ɡ ə l d	o ʊ ɡ ə l d	1	1	reg_d	reg_d	reg_d
model_decision	s ɔ ɪ l	s ɔ ɪ l d	s ɔ ɪ l d	s t ɪ l	s t ɪ l d	s t ɪ l d	s ɔ ɪ l d	1	1	reg_d	reg_d	reg_d
model_decision	ɡ ɑː l f	ɡ ɑː l f t	ɡ ɑː l f t	s t ʌ f	s t ʌ f t	s t ʌ f t	ɡ ɑː l f t	1	1	reg_t	reg_t	reg_t
model_decision	b ʌ s t	b ʌ s t ə d	b ʌ s t ə d	t ɛ s t	t ɛ s t ə d	t ɛ s t ə d	b ʌ s t ə d	1	1	reg_əd	reg_əd	reg_əd
model_decision	r iː s a ɪ k ə l	r iː s a ɪ k ə l d	r iː s a ɪ k ə l d	b a ɪ s ɪ k ə l	b a ɪ s ɪ k ə l d	b a ɪ s ɪ k ə l d	r iː s a ɪ k ə l d	1	1	reg_d	reg_d	reg_d
model_decision	s t uː	s t uː d	s t uː d	ɡ l uː	ɡ l uː d	ɡ l uː d	s t uː d	1	1	reg_d	reg_d	reg_d
model_decision	b æ t	b æ t ə d	b æ t	b iː t	b iː t	b iː t	b æ t	1	0	reg_əd	no_change	no_change
model_decision	s ʌ f ɹ̩	s ʌ f ɹ̩ d	s ʌ f ɹ̩ d	æ n s ɹ̩	æ n s ɹ̩ d	æ n s ɹ̩ d	s ʌ f ɹ̩ d	1	1	reg_d	reg_d	reg_d
model_decision	v ɪ ʒ w ə l a ɪ z	v ɪ ʒ w ə l a ɪ z d	v ɪ l d	m ʌ l t ə p l a ɪ	m ʌ l t ə p l a ɪ d	m ʌ l t ə p l a ɪ d	v ɪ ʒ w ə l a ɪ z d	0	1	reg_d	other	reg_d
model_decision	k æ p	k æ p t	k æ p t	t æ p	t æ p t	t æ p t	k æ p t	1	1	reg_t	reg_t	reg_t
model_decision	t ʌ m b ə l	t ʌ m b ə l d	t ɪ m b ə l d	d ɪ ɡ	d ʌ ɡ	d ʌ ɡ	NA	0	0	reg_d	other	vowel_change
model_decision	d ɪ s k r a ɪ b	d ɪ s k r a ɪ b d	d ɪ s k r a ɪ s k t ə d	k r a ɪ	k r a ɪ d	k r a ɪ d	d ɪ s k r a ɪ b d	0	1	reg_d	other	reg_d
model_decision	h ɛ z ə t e ɪ t	h ɛ z ə t e ɪ t ə d	h t ə t ə t e ɪ t	m ɑː p	m ɑː p t	m ɑː p t	h ɛ z ə t e ɪ t t	0	0	reg_əd	other	reg_t
model_decision	m ɑː r	m ɑː r d	m ɑː r d	ʃ ɛ r	ʃ ɛ r d	ʃ ɛ r d	m ɑː r d	1	1	reg_d	reg_d	reg_d
model_decision	p r ə n a ʊ n s	p r ə n a ʊ n s t	p r ə n a ʊ n a ʊ z d	r a ɪ z	r o ʊ z	r o ʊ z	NA	0	0	reg_t	other	vowel_change
model_decision	f ɪ k s e ɪ t	f ɪ k s e ɪ t ə d	f ɪ k s e ɪ t ə d	d ɛ k ɹ̩ e ɪ t	d ɛ k ɹ̩ e ɪ t ə d	d ɛ k ɹ̩ e ɪ t ə d	f ɪ k s e ɪ t ə d	1	1	reg_əd	reg_əd	reg_əd
model_decision	b ɑː s	b ɑː s t	b ɑː s t	b ʌ s	b ʌ s t	b ʌ s t	b ɑː s t	1	1	reg_t	reg_t	reg_t
model_decision	d ɪ s t ɹ̩ b	d ɪ s t ɹ̩ b d	d ɪ s t ɹ̩ d ə d	r ɪ m ɛ m b ɹ̩	r ɪ m ɛ m b ɹ̩ d	r ɪ m ɛ m b ɹ̩ d	d ɪ s t ɹ̩ b d	0	1	reg_d	other	reg_d
model_decision	s n æ k	s n æ k t	s n æ k t	s m æ k	s m æ k t	s m æ k t	s n æ k t	1	1	reg_t	reg_t	reg_t
model_decision	d ʌ s t	d ʌ s t ə d	d ʌ s t ə d	t ɛ s t	t ɛ s t ə d	t ɛ s t ə d	d ʌ s t ə d	1	1	reg_əd	reg_əd	reg_əd
model_decision	m o ʊ n	m o ʊ n d	m o ʊ n d	f o ʊ n	f o ʊ n d	f o ʊ n d	m o ʊ n d	1	1	reg_d	reg_d	reg_d
model_decision	p iː l	p iː l d	p iː l d	s iː l	s iː l d	s iː l d	p iː l d	1	1	reg_d	reg_d	reg_d
model_decision	f l ɑː p	f l ɑː p t	f l ɑː p t	p l ɑː p	p l ɑː p t	p l ɑː p t	f l ɑː p t	1	1	reg_t	reg_t	reg_t
model_decision	f l æ ʃ	f l æ ʃ t	f l æ ʃ t	s m æ ʃ	s m æ ʃ t	s m æ ʃ t	f l æ ʃ t	1	1	reg_t	reg_t	reg_t
model_decision	p e ɪ s t	p e ɪ s t ə d	p e ɪ s t ə d	w e ɪ s t	w e ɪ s t ə d	w e ɪ s t ə d	p e ɪ s t ə d	1	1	reg_əd	reg_əd	reg_əd
model_decision	ɡ ɑː r b ə l	ɡ ɑː r b ə l d	ɡ ɑː r b ə l d	d r ɪ b ə l	d r ɪ b ə l d	d r ɪ b ə l d	ɡ ɑː r b ə l d	1	1	reg_d	reg_d	reg_d
model_decision	ɪ n t ɛ n d	ɪ n t ɛ n d ə d	ɪ n t ɛ n d ə d	d ɪ p ɛ n d	d ɪ p ɛ n d ə d	d ɪ p ɛ n d ə d	ɪ n t ɛ n d ə d	1	1	reg_əd	reg_əd	reg_əd
model_decision	r o ʊ t e ɪ t	r o ʊ t e ɪ t ə d	r o ʊ t e ɪ t ə d	s ɛ p ɹ̩ e ɪ t	s ɛ p ɹ̩ e ɪ t ə d	s ɛ p ɹ̩ e ɪ t ə d	r o ʊ t e ɪ t ə d	1	1	reg_əd	reg_əd	reg_əd
model_decision	s ɑː l v	s ɑː l v d	s ɑː l v d	s w ɹ̩ v	s w ɹ̩ v d	s w ɹ̩ v d	s ɑː l v d	1	1	reg_d	reg_d	reg_d
model_decision	r ɪ s p ɑː n d	r ɪ s p ɑː n d ə d	r ɪ s p ɑː s t ə d	z ɪ r ɑː k s	z ɪ r ɑː k s t	z ɪ r ɑː k s t	r ɪ s p ɑː n d t	0	0	reg_əd	other	reg_t
model_decision	p r a ɪ s	p r a ɪ s t	p r a ɪ s t	t r e ɪ s	t r e ɪ s t	t r e ɪ s t	p r a ɪ s t	1	1	reg_t	reg_t	reg_t
model_decision	h ɑː r p	h ɑː r p t	h ɑː r p t	s l ɪ p	s l ɪ p t	s l ɪ p t	h ɑː r p t	1	1	reg_t	reg_t	reg_t
model_decision	ɪ ɡ z ɔ s t	ɪ ɡ z ɔ s t ə d	ɪ ɡ z ɔ s t ə d	ɪ n s ɪ s t	ɪ n s ɪ s t ə d	ɪ n s ɪ s t ə d	ɪ ɡ z ɔ s t ə d	1	1	reg_əd	reg_əd	reg_əd
model_decision	t ɛ r ə f a ɪ	t ɛ r ə f a ɪ d	t ɛ r ə f a ɪ d	s æ t ə s f a ɪ	s æ t ə s f a ɪ d	s æ t ə s f a ɪ d	t ɛ r ə f a ɪ d	1	1	reg_d	reg_d	reg_d
model_decision	s a ʊ	s a ʊ d	s a ʊ d	b a ʊ	b a ʊ d	b a ʊ d	s a ʊ d	1	1	reg_d	reg_d	reg_d
model_decision	e ɪ d	e ɪ d ə d	e ɪ d ə d	b iː d	b iː d ə d	b iː d ə d	e ɪ d ə d	1	1	reg_əd	reg_əd	reg_əd
model_decision	ə n p æ k	ə n p æ k t	ə n p æ k t	s p æ ŋ k	s p æ ŋ k t	s p æ ŋ k t	ə n p æ k t	1	1	reg_t	reg_t	reg_t
string	ɡ ɛ t	ɡ ɑː t	ɡ ɛ t	b ɛ t	b ɛ t	b ɛ t	ɡ ɛ t	1	0	vowel_change	no_change	no_change
string	p ʊ t	p ʊ t	p ʊ t	p ɪ t	p ɪ t ə d	p ɪ t ə d	p ʊ t ə d	0	0	no_change	no_change	reg_əd
string	ɡ o ʊ	w ɛ n t	ɡ o ʊ d	n o ʊ	n uː	n uː	ɡ uː	0	0	other	reg_d	vowel_change
string	iː t	e ɪ t	iː ɔ d	s iː t	s iː t ə d	s iː t ə d	iː t ə d	0	0	vowel_change	rhyme_replaced	reg_əd
string	w ɔ n t	w ɔ n t ə d	w ɔ n t ə d	h ʌ n t	h ʌ n t ə d	h ʌ n t ə d	w ɔ n t ə d	1	1	reg_əd	reg_əd	reg_əd
string	n ɑː k	n ɑː k t	n ɑː k t	n ɑː t	n ɑː t ə d	n ɑː t ə d	n ɑː k ə d	0	0	reg_t	reg_t	reg_əd
string	l ɪ s ə n	l ɪ s ə n d	l ɪ s ə n d	l uː s ə n	l uː s ə n d	l uː s ə n d	l ɪ s ə n d	1	1	reg_d	reg_d	reg_d
string	p ʌ f	p ʌ f t	p ʌ f t	d ʌ b	d ʌ b d	d ʌ b d	p ʌ f d	0	0	reg_t	reg_t	reg_d
string	h o ʊ p	h o ʊ p t	h o ʊ p t	r o ʊ p	r o ʊ p t	r o ʊ p t	h o ʊ p t	1	1	reg_t	reg_t	reg_t
string	n iː d	n iː d ə d	n ɛ d ə d	s iː d	s iː d ə d	s iː d ə d	n iː d ə d	0	1	reg_əd	other	reg_əd
string	k æ t͡ʃ	k ɔ t	k æ t͡ʃ t	h æ t͡ʃ	h æ t͡ʃ t	h æ t͡ʃ t	k æ t͡ʃ t	1	0	rhyme_replaced	reg_t	reg_t
string	z ɪ p ɹ̩	z ɪ p ɹ̩ d	z ɪ p ɹ̩ d	z ɪ p	z ɪ p t	z ɪ p t	z ɪ p ɹ̩ t	0	0	reg_d	reg_d	reg_t
string	h ɑː p	h ɑː p t	h ɑː p t	m ɑː p	m ɑː p t	m ɑː p t	h ɑː p t	1	1	reg_t	reg_t	reg_t
string	k æ r iː	k æ r iː d	k æ r iː d	k ɑː p iː	k ɑː p iː d	k ɑː p iː d	k æ r iː d	1	1	reg_d	reg_d	reg_d
string	r ɪ t ɹ̩ n	r ɪ t ɹ̩ n d	r ɪ t ɹ̩ n d	a ɪ ɹ̩ n	a ɪ ɹ̩ n d	a ɪ ɹ̩ n d	r ɪ t ɹ̩ n d	1	1	reg_d	reg_d	reg_d
string	f iː d	f ɛ d	f iː d ə d	s iː d	s iː d ə d	s iː d ə d	f iː d ə d	1	0	vowel_change	reg_əd	reg_əd
string	ɡ ɑː b ə l	ɡ ɑː b ə l d	ɡ ɑː b ə l d	w ɑː b ə l	w ɑː b ə l d	w ɑː b ə l d	ɡ ɑː b ə l d	1	1	reg_d	reg_d	reg_d
string	o ʊ p ə n	o ʊ p ə n d	o ʊ p ə n d	o ʊ n	o ʊ n d	o ʊ n d	o ʊ p ə n d	1	1	reg_d	reg_d	reg_d
string	h o ʊ l d	h ɛ l d	h o ʊ l d ə d	f o ʊ l d	f o ʊ l d ə d	f o ʊ l d ə d	h o ʊ l d ə d	1	0	vowel_change	reg_əd	reg_əd
string	d ɪ l ɪ v ɹ̩	d ɪ l ɪ v ɹ̩ d	d ɪ l ɪ v ɹ̩ d	d ɪ s k ʌ v ɹ̩	d ɪ s k ʌ v ɹ̩ d	d ɪ s k ʌ v ɹ̩ d	d ɪ l ɪ v ɹ̩ d	1	1	reg_d	reg_d	reg_d
string	r ʌ b	r ʌ b d	r ʌ b d	r ʌ n	r ʌ n	r æ n	r ʌ b	0	0	reg_d	reg_d	no_change
string	w ɑː t͡ʃ	w ɑː t͡ʃ t	w ɑː t͡ʃ t	w ɑː ʃ	w ɑː ʃ t	w ɑː ʃ t	w ɑː t͡ʃ t	1	1	reg_t	reg_t	reg_t
string	p l iː z	p l iː z d	p l o ʊ z	p l ʌ ɡ	p l ʌ ɡ d	p l ʌ ɡ d	p l iː z d	0	1	reg_d	vowel_change	reg_d
string	w ɔ k	w ɔ k t	w ɔ k t	w ɹ̩ k	w ɹ̩ k t	w ɹ̩ k t	w ɔ k t	1	1	reg_t	reg_t	reg_t
string	p æ k	p æ k t	p æ k t	p iː k	p iː k t	p iː k t	p æ k t	1	1	reg_t	reg_t	reg_t
string	s a ʊ n d	s a ʊ n d ə d	s a ʊ n d ə d	p a ʊ n d	p a ʊ n d ə d	p a ʊ n d ə d	s a ʊ n d ə d	1	1	reg_əd	reg_əd	reg_əd
string	ɡ r æ b	ɡ r æ b d	ɡ r æ b d	k r æ k	k r æ k t	k r æ k t	ɡ r æ b t	0	0	reg_d	reg_d	reg_t
string	m æ n	m æ n d	m æ n d	m æ ʃ	m æ ʃ t	m æ ʃ t	m æ n t	0	0	reg_d	reg_d	reg_t
string	f iː l	f ɛ l t	f iː l d	f uː l	f uː l d	f uː l d	f iː l d	1	0	vowel_change_suffix	reg_d	reg_d
string	n e ɪ m	n e ɪ m d	n e ɪ m d	s w ɪ m	s w æ m	s w æ m	n e æ m	0	0	reg_d	reg_d	vowel_change
string	f l o ʊ	f l o ʊ d	f l o ʊ d	ɡ l o ʊ	ɡ l o ʊ d	ɡ l o ʊ d	f l o ʊ d	1	1	reg_d	reg_d	reg_d
string	w ɛ ð ɹ̩	w ɛ ð ɹ̩ d	w ɛ ð ɹ̩ d	b ɛ t ɹ̩	b ɛ t ɹ̩ d	b ɛ t ɹ̩ d	w ɛ ð ɹ̩ d	1	1	reg_d	reg_d	reg_d
string	l a ɪ	l e ɪ	l a ɪ d	l a ɪ t	l ɪ t	l ɪ t	NA	0	0	vowel_change	reg_d	vowel_change
string	k r æ ʃ	k r æ ʃ t	k r æ ʃ t	k r ʌ ʃ	k r ʌ ʃ t	k r ʌ ʃ t	k r æ ʃ t	1	1	reg_t	reg_t	reg_t
string	p e ɪ d͡ʒ	p e ɪ d͡ʒ d	p e ɪ d͡ʒ d	e ɪ d͡ʒ	e ɪ d͡ʒ d	e ɪ d͡ʒ d	p e ɪ d͡ʒ d	1	1	reg_d	reg_d	reg_d
string	t͡ʃ o ʊ k	t͡ʃ o ʊ k t	t͡ʃ o ʊ k t	p o ʊ k	p o ʊ k t	p o ʊ k t	t͡ʃ o ʊ k t	1	1	reg_t	reg_t	reg_t
string	b l ɛ s	b l ɛ s t	b l ɛ s t	l ɛ t	l ɛ t	l ɛ t	b l ɛ s	0	0	reg_t	reg_t	no_change
string	d ɪ ŋ	d ɪ ŋ d	d ɪ ŋ	s ɪ ŋ	s æ ŋ	s æ ŋ	d æ ŋ	0	0	reg_d	no_change	vowel_change
string	s ɛ l	s o ʊ l d	s ɛ l d	s iː l	s iː l d	s iː l d	s ɛ l d	1	0	vowel_change_suffix	reg_d	reg_d
string	b ɪ ɡ ɪ n	b ɪ ɡ æ n	b ɪ ɡ ɪ n d	p l e ɪ n	p l e ɪ n d	p l e ɪ n d	b ɪ ɡ ɪ n d	1	0	vowel_change	reg_d	reg_d
string	d͡ʒ ɔ ɪ n	d͡ʒ ɔ ɪ n d	d͡ʒ ɔ ɪ n d	b ɔ ɪ l	b ɔ ɪ l d	b ɔ ɪ l d	d͡ʒ ɔ ɪ n d	1	1	reg_d	reg_d	reg_d
string	l ɑː k	l ɑː k t	l ɑː k t	d ɑː k	d ɑː k t	d ɑː k t	l ɑː k t	1	1	reg_t	reg_t	reg_t
string	b ɪ l iː v	b ɪ l iː v d	b ɪ l iː v d	d ɪ l iː t	d ɪ l iː t ə d	d ɪ l iː t ə d	b ɪ l iː v ə d	0	0	reg_d	reg_d	reg_əd
string	ə n d ɹ̩ s t æ n d	ə n d ɹ̩ s t ʊ d	ə n t ə t ə n d	s t æ n d	s t ʊ d	s t ʊ d	ə n d ɹ̩ s t ʊ d	0	1	rhyme_replaced	other	rhyme_replaced
string	t r e ɪ n	t r e ɪ n d	t r e ɪ n d	t r e ɪ s	t r e ɪ s t	t r e ɪ s t	t r e ɪ n t	0	0	reg_d	reg_d	reg_t
string	k r ɔ l	k r ɔ l d	k r ɔ l d	k ɔ l	k ɔ l d	k ɔ l d	k r ɔ l d	1	1	reg_d	reg_d	reg_d
string	p æ t	p æ t ə d	p æ t ə d	p æ n t	p æ n t ə d	p æ n t ə d	p æ t ə d	1	1	reg_əd	reg_əd	reg_əd
string	ɔ r d ɹ̩	ɔ r d ɹ̩ d	ɔ r d ɹ̩ d	ɔ f ɹ̩	ɔ f ɹ̩ d	ɔ f ɹ̩ d	ɔ r d ɹ̩ d	1	1	reg_d	reg_d	reg_d
string	f l a ɪ	f l uː	f l a ɪ d	f r a ɪ	f r a ɪ d	f r a ɪ d	f l a ɪ d	1	0	vowel_change	reg_d	reg_d
string	l o ʊ d	l o ʊ d ə d	l o ʊ d ə d	l o ʊ n	l o ʊ n d	l o ʊ n d	l o ʊ d d	0	0	reg_əd	reg_əd	reg_d
string	k ə m p l e ɪ n	k ə m p l e ɪ n d	k ə m p l e ɪ n d	k ə m p l iː t	k ə m p l iː t ə d	k ə m p l iː t ə d	k ə m p l e ɪ n ə d	0	0	reg_d	reg_d	reg_əd
string	b l ɛ n d	b l ɛ n d ə d	b l ɛ n d ə d	l ɛ n d	l ɛ n t	l ɛ n t	b l ɛ n t	0	0	reg_əd	reg_əd	coda_change
string	b l ɑː k	b l ɑː k t	b l ɑː k t	k l ɑː k	k l ɑː k t	k l ɑː k t	b l ɑː k t	1	1	reg_t	reg_t	reg_t
string	t ɪ p	t ɪ p t	t ɪ p t	d ɪ p	d ɪ p t	d ɪ p t	t ɪ p t	1	1	reg_t	reg_t	reg_t
string	d͡ʒ ɛ t	d͡ʒ ɛ t ə d	d͡ʒ ɛ t	w ɛ t	w ɛ t	w ɛ t	d͡ʒ ɛ t	1	0	reg_əd	no_change	no_change
string	b r iː ð	b r iː ð d	b r iː ð d	b iː t͡ʃ	b iː t͡ʃ t	b iː t͡ʃ t	b r iː ð t	0	0	reg_d	reg_d	reg_t
string	d a ɪ ə l	d a ɪ ə l d	d a ɪ ə l d	d a ɪ n	d a ɪ n d	d a ɪ n d	d a ɪ ə l d	1	1	reg_d	reg_d	reg_d
string	m ɛ n ʃ ə n	m ɛ n ʃ ə n d	m ɛ n ʃ ə n d	m æ n ə d͡ʒ	m æ n ə d͡ʒ d	m æ n ə d͡ʒ d	m ɛ n ʃ ə n d	1	1	reg_d	reg_d	reg_d
string	h ʌ ɡ	h ʌ ɡ d	h ʌ ɡ d	t ʌ ɡ	t ʌ ɡ d	t ʌ ɡ d	h ʌ ɡ d	1	1	reg_d	reg_d	reg_d
string	p a ʊ ɹ̩	p a ʊ ɹ̩ d	p a ʊ ɹ̩ d	p a ʊ d ɹ̩	p a ʊ d ɹ̩ d	p a ʊ d ɹ̩ d	p a ʊ ɹ̩ d	1	1	reg_d	reg_d	reg_d
string	s ɑː k	s ɑː k t	s ɑː k t	d ɑː k	d ɑː k t	d ɑː k t	s ɑː k t	1	1	reg_t	reg_t	reg_t
string	w uː p	w uː p t	w uː p t	p uː p	p uː p t	p uː p t	w uː p t	1	1	reg_t	reg_t	reg_t
string	r iː m a ɪ n d	r iː m a ɪ n d ə d	r iː m a ɪ n d ə d	r iː b a ʊ n d	r iː b a ʊ n d ə d	r iː b a ʊ n d ə d	r iː m a ɪ n d ə d	1	1	reg_əd	reg_əd	reg_əd
string	h æ n d ə l	h æ n d ə l d	h æ n d ə l d	p æ d ə l	p æ d ə l d	p æ d ə l d	h æ n d ə l d	1	1	reg_d	reg_d	reg_d
string	s n iː z	s n iː z d	s n iː z d	s n iː k	s n iː k t	s n iː k t	s n iː z t	0	0	reg_d	reg_d	reg_t
string	v ɪ z ɪ t	v ɪ z ɪ t ə d	v ɪ z ɪ t ə d	r ɪ z ɪ s t	r ɪ z ɪ s t ə d	r ɪ z ɪ s t ə d	v ɪ z ɪ t ə d	1	1	reg_əd	reg_əd	reg_əd
string	s l a ɪ d	s l ɪ d	s l a ɪ d ə d	s l a ɪ s	s l a ɪ s t	s l a ɪ s t	s l a ɪ d t	0	0	vowel_change	reg_əd	reg_t
string	p l æ n	p l æ n d	p l æ n d	p l æ n t	p l æ n t ə d	p l æ n t ə d	p l æ n ə d	0	0	reg_d	reg_d	reg_əd
string	ɛ l b o ʊ	ɛ l b o ʊ d	ɛ l b o ʊ d	ɡ l o ʊ	ɡ l o ʊ d	ɡ l o ʊ d	ɛ l b o ʊ d	1	1	reg_d	reg_d	reg_d
string	b ɑː k s	b ɑː k s t	b ɑː k s t	m æ k s	m æ k s t	m æ k s t	b ɑː k s t	1	1	reg_t	reg_t	reg_t
string	ɪ n k l uː d	ɪ n k l uː d ə d	ɪ n k l uː d ə d	k l ɪ ŋ	k l ʌ ŋ	k l ʌ ŋ	NA	0	0	reg_əd	reg_əd	vowel_change
string	b ɹ̩ n	b ɹ̩ n d	b ɹ̩ n d	t ɹ̩ n	t ɹ̩ n d	t ɹ̩ n d	b ɹ̩ n d	1	1	reg_d	reg_d	reg_d
string	ʃ e ɪ p	ʃ e ɪ p t	ʃ e ɪ p t	ʃ e ɪ k	ʃ ʊ k	ʃ ʊ k	NA	0	0	reg_t	reg_t	vowel_change
string	b o ʊ n	b o ʊ n d	b o ʊ n d	f o ʊ n	f o ʊ n d	f o ʊ n d	b o ʊ n d	1	1	reg_d	reg_d	reg_d
string	f ɪ l	f ɪ l d	f ɪ l d	f uː l	f uː l d	f uː l d	f ɪ l d	1	1	reg_d	reg_d	reg_d
string	m æ s k	m æ s k t	m æ s k t	æ s k	æ s k t	æ s k t	m æ s k t	1	1	reg_t	reg_t	reg_t
string	s ɛ l ə b r e ɪ t	s ɛ l ə b r e ɪ t ə d	s ɛ r ə r e ɪ r e ɪ e ɪ t ə d	s ɛ p ɹ̩ e ɪ t	s ɛ p ɹ̩ e ɪ t ə d	s ɛ p ɹ̩ e ɪ t ə d	s ɛ l ə b r e ɪ t ə d	0	1	reg_əd	other	reg_əd
string	k r ʌ m b ə l	k r ʌ m b ə l d	k r ʌ m b ə l d	k r ʌ m p ə l	k r ʌ m p ə l d	k r ʌ m p ə l d	k r ʌ m b ə l d	1	1	reg_d	reg_d	reg_d
string	r ɑː k	r ɑː k t	r ɑː k t	d ɑː k	d ɑː k t	d ɑː k t	r ɑː k t	1	1	reg_t	reg_t	reg_t
string	ɡ ɛ r ə n t iː	ɡ ɛ r ə n t iː d	ɡ ɛ r ə n t ə d	ɡ r æ n t	ɡ r æ n t ə d	ɡ r æ n t ə d	ɡ ɛ r ə n t iː ə d	0	0	reg_d	vowel_change_suffix	reg_əd
string	k ə n ɛ k t	k ə n ɛ k t ə d	k ə n ɛ k t ə d	k ə l ɛ k t	k ə l ɛ k t ə d	k ə l ɛ k t ə d	k ə n ɛ k t ə d	1	1	reg_əd	reg_əd	reg_əd
string	t ɔ s	t ɔ s t	t ɔ s t	t ɔ k	t ɔ k t	t ɔ k t	t ɔ s t	1	1	reg_t	reg_t	reg_t
string	iː v ɪ n	iː v ɪ n d	iː v d	w ɪ n	w ɪ n d	w ʌ n	iː v ɪ n d	0	1	reg_d	other	reg_d
string	b a ʊ n s	b a ʊ n s t	b a ʊ n s t	p a ʊ n s	p a ʊ n s t	p a ʊ n s t	b a ʊ n s t	1	1	reg_t	reg_t	reg_t
string	ɹ̩ n	ɹ̩ n d	ɹ̩ n d	t ɹ̩ n	t ɹ̩ n d	t ɹ̩ n d	ɹ̩ n d	1	1	reg_d	reg_d	reg_d
string	k l a ʊ d	k l a ʊ d ə d	k l a ʊ d ə d	k r a ʊ d	k r a ʊ d ə d	k r a ʊ d ə d	k l a ʊ d ə d	1	1	reg_əd	reg_əd	reg_əd
string	k ʌ p ə l	k ʌ p ə l d	k ʌ p ə l d	k ʌ d ə l	k ʌ d ə l d	k ʌ d ə l d	k ʌ p ə l d	1	1	reg_d	reg_d	reg_d
string	f l ʌ ʃ	f l ʌ ʃ t	f l ʌ ʃ t	f l ɹ̩ t	f l ɹ̩ t ə d	f l ɹ̩ t ə d	f l ʌ ʃ ə d	0	0	reg_t	reg_t	reg_əd
string	h ɑː r n ə s	h ɑː r n ə s t	h ɑː r n ə s t	p ɑː r d ə n	p ɑː r d ə n d	p ɑː r d ə n d	h ɑː r n ə s d	0	0	reg_t	reg_t	reg_d
string	b r a ʊ n	b r a ʊ n d	b r a ʊ n d	d r a ʊ n	d r a ʊ n d	d r a ʊ n d	b r a ʊ n d	1	1	reg_d	reg_d	reg_d
string	s t ɪ ŋ k	s t ʌ ŋ k	s t ʌ ŋ k t	s t ɪ ŋ	s t ʌ ŋ	s t ʌ ŋ	NA	0	0	vowel_change	vowel_change_suffix	vowel_change
string	r iː f r ɛ ʃ	r iː f r ɛ ʃ t	r iː f r ɛ ʃ t	r iː t r iː v	r iː t r iː v d	r iː t r iː v d	r iː f r ɛ ʃ d	0	0	reg_t	reg_t	reg_d
string	p r ə f ɹ̩	p r ə f ɹ̩ d	p r ə f ɹ̩ d	r ə f ɹ̩	r ə f ɹ̩ d	r ə f ɹ̩ d	p r ə f ɹ̩ d	1	1	reg_d	reg_d	reg_d
string	s t iː l	s t o ʊ l	s t iː l d	s iː l	s iː l d	s iː l d	s t iː l d	1	0	vowel_change	reg_d	reg_d
string	b æ n d	b æ n d ə d	b æ n d ə d	l æ n d	l æ n d ə d	l æ n d ə d	b æ n d ə d	1	1	reg_əd	reg_əd	reg_əd
string	r ɪ d	r ɪ d	r ɪ d	r iː d	r ɛ d	r ɛ d	NA	0	0	no_change	no_change	vowel_change
string	k o ʊ ɑː p ɹ̩ e ɪ t	k o ʊ ɑː p ɹ̩ e ɪ t ə d	k o ʊ k e ɪ k ɹ̩ d	s ɛ p ɹ̩ e ɪ t	s ɛ p ɹ̩ e ɪ t ə d	s ɛ p ɹ̩ e ɪ t ə d	k o ʊ ɑː p ɹ̩ e ɪ t ə d	0	1	reg_əd	other	reg_əd
string	b ɑː ð ɹ̩	b ɑː ð ɹ̩ d	b ɑː ð ɹ̩ d	b ɛ t ɹ̩	b ɛ t ɹ̩ d	b ɛ t ɹ̩ d	b ɑː ð ɹ̩ d	1	1	reg_d	reg_d	reg_d
string	r ɛ s t	r ɛ s t ə d	r ɛ s t	ə r ɛ s t	ə r ɛ s t ə d	ə r ɛ s t ə d	r ɛ s t ə d	0	1	reg_əd	no_change	reg_əd
string	ɑː k j ə p a ɪ	ɑː k j ə p a ɪ d	ɑː k j ə p a ɪ d	s p a ɪ	s p a ɪ d	s p a ɪ d	ɑː k j ə p a ɪ d	1	1	reg_d	reg_d	reg_d
string	s k r ɪ b ə l	s k r ɪ b ə l d	s k r ɪ b ə l d	s k r æ m b ə l	s k r æ m b ə l d	s k r æ m b ə l d	s k r ɪ b ə l d	1	1	reg_d	reg_d	reg_d
string	b l æ s t	b l æ s t ə d	b l æ s t ə d	l æ s t	l æ s t ə d	l æ s t ə d	b l æ s t ə d	1	1	reg_əd	reg_əd	reg_əd
string	h æ m ɹ̩	h æ m ɹ̩ d	h æ m ɹ̩ d	m æ t ɹ̩	m æ t ɹ̩ d	m æ t ɹ̩ d	h æ m ɹ̩ d	1	1	reg_d	reg_d	reg_d
string	d r ɪ l	d r ɪ l d	d r ɪ l d	d r ɪ p	d r ɪ p t	d r ɪ p t	d r ɪ l t	0	0	reg_d	reg_d	reg_t
string	p r æ k t ɪ s	p r æ k t ɪ s t	p r æ k t ə s t	n o ʊ t ɪ s	n o ʊ t ɪ s t	n o ʊ t ɪ s t	p r æ k t ɪ s t	0	1	reg_t	vowel_change_suffix	reg_t
string	t a ɪ p	t a ɪ p t	t a ɪ p t	t a ɪ	t a ɪ d	t a ɪ d	t a ɪ p d	0	0	reg_t	reg_t	reg_d
string	æ d	æ d ə d	æ d ʌ d	p æ d	p æ d ə d	p æ d ə d	æ d ə d	0	1	reg_əd	other	reg_əd
string	b o ʊ l	b o ʊ l d	b o ʊ l d	h o ʊ l	h o ʊ l d	h o ʊ l d	b o ʊ l d	1	1	reg_d	reg_d	reg_d
string	t o ʊ t	t o ʊ t ə d	t o ʊ t ə d	t o ʊ s t	t o ʊ s t ə d	t o ʊ s t ə d	t o ʊ t ə d	1	1	reg_əd	reg_əd	reg_əd
string	s w ɪ ʃ	s w ɪ ʃ t	s w ɪ ʃ t	s w ɪ m	s w æ m	s w æ m	NA	0	0	reg_t	reg_t	vowel_change
string	b l e ɪ m	b l e ɪ m d	b l e ɪ m d	b e ɪ k	b e ɪ k t	b e ɪ k t	b l e ɪ m t	0	0	reg_d	reg_d	reg_t
string	ɪ k s a ɪ t	ɪ k s a ɪ t ə d	ɪ k s a ɪ t ə d	ɪ k s ɛ p t	ɪ k s ɛ p t ə d	ɪ k s ɛ p t ə d	ɪ k s a ɪ t ə d	1	1	reg_əd	reg_əd	reg_əd
string	t͡ʃ a ɪ m	t͡ʃ a ɪ m d	t͡ʃ a ɪ m d	t a ɪ m	t a ɪ m d	t a ɪ m d	t͡ʃ a ɪ m d	1	1	reg_d	reg_d	reg_d
string	t͡ʃ iː r	t͡ʃ iː r d	t͡ʃ iː r d	p iː r	p iː r d	p iː r d	t͡ʃ iː r d	1	1	reg_d	reg_d	reg_d
string	f r e ɪ m	f r e ɪ m d	f r e ɪ m d	t r ɪ m	t r ɪ m d	t r ɪ m d	f r e ɪ m d	1	1	reg_d	reg_d	reg_d
string	d æ m	d æ m d	d æ m d	d͡ʒ æ m	d͡ʒ æ m d	d͡ʒ æ m d	d æ m d	1	1	reg_d	reg_d	reg_d
string	t͡ʃ iː t	t͡ʃ iː t ə d	t͡ʃ iː t	m iː t	m ɛ t	m ɛ t	t͡ʃ ɛ t	0	0	reg_əd	no_change	vowel_change
string	l iː n	l iː n d	l iː n d	l ɹ̩ n	l ɹ̩ n d	l ɹ̩ n d	l iː n d	1	1	reg_d	reg_d	reg_d
string	s k r iː m	s k r iː m d	s k r iː m d	k r iː m	k r iː m d	k r iː m d	s k r iː m d	1	1	reg_d	reg_d	reg_d
string	ɪ ɡ n ɔ r	ɪ ɡ n ɔ r d	ɪ ɡ ɔ n ɔ r d	ə d ɔ r	ə d ɔ r d	ə d ɔ r d	ɪ ɡ n ɔ r d	0	1	reg_d	other	reg_d
string	s k uː p	s k uː p t	s k uː p t	s k ɪ p	s k ɪ p t	s k ɪ p t	s k uː p t	1	1	reg_t	reg_t	reg_t
string	θ ʌ m p	θ ʌ m p t	θ ʌ m p t	p ʌ m p	p ʌ m p t	p ʌ m p t	θ ʌ m p t	1	1	reg_t	reg_t	reg_t
string	s t iː r	s t iː r d	s t iː r d	s m iː r	s m iː r d	s m iː r d	s t iː r d	1	1	reg_d	reg_d	reg_d
string	s p ɪ n	s p ʌ n	s p æ n d	s p ɪ l	s p ɪ l d	s p ɪ l d	s p ɪ n d	0	0	vowel_change	vowel_change_suffix	reg_d
string	h ʌ f	h ʌ f t	h ʌ f t	b ʌ z	b ʌ z d	b ʌ z d	h ʌ f d	0	0	reg_t	reg_t	reg_d
string	t ɛ n d	t ɛ n d ə d	t ɛ n t	s ɛ n d	s ɛ n t	s ɛ n t	t ɛ n t	1	0	reg_əd	coda_change	coda_change
string	s p e ɪ s	s p e ɪ s t	s p e ɪ s t	s p a ɪ s	s p a ɪ s t	s p a ɪ s t	s p e ɪ s t	1	1	reg_t	reg_t	reg_t
string	s t r e ɪ t ə n	s t r e ɪ t ə n d	s t r t ɪ t ə n d	t a ɪ t ə n	t a ɪ t ə n d	t a ɪ t ə n d	s t r e ɪ t ə n d	0	1	reg_d	other	reg_d
string	p iː t ɹ̩	p iː t ɹ̩ d	p iː t ɹ̩ d	t iː t ɹ̩	t iː t ɹ̩ d	t iː t ɹ̩ d	p iː t ɹ̩ d	1	1	reg_d	reg_d	reg_d
string	m a ɪ n	m a ɪ n d	m a ɪ n d	ʃ a ɪ n	ʃ a ɪ n d	ʃ a ɪ n d	m a ɪ n d	1	1	reg_d	reg_d	reg_d
string	h iː l	h iː l d	h iː l d	h iː r	h ɹ̩ d	h ɹ̩ d	NA	0	0	reg_d	reg_d	rhyme_replaced
string	ə t r æ k t	ə t r æ k t ə d	ə t r æ k t ə d	t r æ k	t r æ k t	t r æ k t	ə t r æ k t t	0	0	reg_əd	reg_əd	reg_t
string	s k w ɛ r	s k w ɛ r d	s k w ɛ r d	s k ɛ r	s k ɛ r d	s k ɛ r d	s k w ɛ r d	1	1	reg_d	reg_d	reg_d
string	f l ʌ f	f l ʌ f t	f l ʌ f t	l æ f	l æ f t	l æ f t	f l ʌ f t	1	1	reg_t	reg_t	reg_t
string	t o ʊ n	t o ʊ n d	t o ʊ n d	o ʊ n	o ʊ n d	o ʊ n d	t o ʊ n d	1	1	reg_d	reg_d	reg_d
string	d͡ʒ ɪ m iː	d͡ʒ ɪ m iː d	d͡ʒ ɪ m iː d	d͡ʒ ʌ m p	d͡ʒ ʌ m p t	d͡ʒ ʌ m p t	d͡ʒ ɪ m iː t	0	0	reg_d	reg_d	reg_t
string	s m a ɪ l	s m a ɪ l d	s m a ɪ l d	s a ɪ n	s a ɪ n d	s a ɪ n d	s m a ɪ l d	1	1	reg_d	reg_d	reg_d
string	ə n w a ɪ n d	ə n w a ʊ n d	ə n a ɪ n d ə d	w a ɪ n d	w a ɪ n d ə d	w a ɪ n d ə d	ə n w a ɪ n d ə d	0	0	vowel_change	other	reg_əd
string	d ɪ k l ɛ r	d ɪ k l ɛ r d	d ɪ k l ɛ r d	k l iː r	k l iː r d	k l iː r d	d ɪ k l ɛ r d	1	1	reg_d	reg_d	reg_d
string	k ə n d ʌ k t	k ə n d ʌ k t ə d	k ə n d	k ə l ɛ k t	k ə l ɛ k t ə d	k ə l ɛ k t ə d	k ə n d ʌ k t ə d	0	1	reg_əd	other	reg_əd
string	s t r e ɪ n	s t r e ɪ n d	s t r e ɪ n d	s t e ɪ n	s t e ɪ n d	s t e ɪ n d	s t r e ɪ n d	1	1	reg_d	reg_d	reg_d
string	k ə l æ p s	k ə l æ p s t	k ə l æ p s t	k l æ p	k l æ p t	k l æ p t	k ə l æ p s t	1	1	reg_t	reg_t	reg_t
string	p ɑː r t ɪ s ə p e ɪ t	p ɑː r t ɪ s ə p e ɪ t ə d	p s t ɪ p t	ɑː r t ɪ k j ə l e ɪ t	ɑː r t ɪ k j ə l e ɪ t ə d	ɑː r t ɪ k j ə l e ɪ t ə d	p ɑː r t ɪ s ə p e ɪ t ə d	0	1	reg_əd	other	reg_əd
string	t r æ n z l e ɪ t	t r æ n z l e ɪ t ə d	t r æ n z d	ɡ r æ n t	ɡ r æ n t ə d	ɡ r æ n t ə d	t r æ n z l e ɪ t ə d	0	1	reg_əd	other	reg_əd
string	d ɪ s k ʌ s	d ɪ s k ʌ s t	d ɪ s k ʌ s t	d ɪ s k ʌ v ɹ̩	d ɪ s k ʌ v ɹ̩ d	d ɪ s k ʌ v ɹ̩ d	d ɪ s k ʌ s d	0	0	reg_t	reg_t	reg_d
string	f ɹ̩ ɡ ɪ v	f ɹ̩ ɡ e ɪ v	f ɹ̩ ɡ ɪ v d	ɡ ɪ v	ɡ e ɪ v	ɡ e ɪ v	f ɹ̩ ɡ e ɪ v	0	1	vowel_change	reg_d	vowel_change
string	ə r a ɪ z	ə r o ʊ z	ə r a ɪ z d	ə r a ɪ v	ə r a ɪ v d	ə r a ɪ v d	ə r a ɪ z d	1	0	vowel_change	reg_d	reg_d
string	f r a ɪ t ə n	f r a ɪ t ə n d	f r a ɪ t ə n d	t a ɪ t ə n	t a ɪ t ə n d	t a ɪ t ə n d	f r a ɪ t ə n d	1	1	reg_d	reg_d	reg_d
string	ɔ ɪ l	ɔ ɪ l d	ɔ ɪ l d	b ɪ l	b ɪ l d	b ɪ l d	ɔ ɪ l d	1	1	reg_d	reg_d	reg_d
string	ə n l o ʊ d	ə n l o ʊ d ə d	ə n l o ʊ d ə d	ə n f o ʊ l d	ə n f o ʊ l d ə d	ə n f o ʊ l d ə d	ə n l o ʊ d ə d	1	1	reg_əd	reg_əd	reg_əd
string	ɡ r ʌ m b ə l	ɡ r ʌ m b ə l d	ɡ r ʌ m b ə l d	k r ʌ m p ə l	k r ʌ m p ə l d	k r ʌ m p ə l d	ɡ r ʌ m b ə l d	1	1	reg_d	reg_d	reg_d
string	r ɛ k	r ɛ k t	r ɛ k t	t͡ʃ ɛ k	t͡ʃ ɛ k t	t͡ʃ ɛ k t	r ɛ k t	1	1	reg_t	reg_t	reg_t
string	s p ɑː t	s p ɑː t ə d	s p ɑː t	s p ɪ t	s p æ t	s p æ t	NA	0	0	reg_əd	no_change	vowel_change
string	b ʌ t ɹ̩	b ʌ t ɹ̩ d	b ʌ t ɹ̩ d	b ɛ t ɹ̩	b ɛ t ɹ̩ d	b ɛ t ɹ̩ d	b ʌ t ɹ̩ d	1	1	reg_d	reg_d	reg_d
string	s t iː p	s t iː p t	s t iː p t	s w iː p	s w ɛ p t	s w ɛ p t	s t ɛ p t	0	0	reg_t	reg_t	vowel_change_suffix
string	h ʌ s ə l	h ʌ s ə l d	h ʌ s ə l d	m ʌ s ə l	m ʌ s ə l d	m ʌ s ə l d	h ʌ s ə l d	1	1	reg_d	reg_d	reg_d
string	k ə n t ɪ n j uː	k ə n t ɪ n j uː d	k ə n t ɪ n j uː d	k ə n v ɪ n s	k ə n v ɪ n s t	k ə n v ɪ n s t	k ə n t ɪ n j uː t	0	0	reg_d	reg_d	reg_t
string	r ɛ n t	r ɛ n t ə d	r ɛ n t ə d	r ɛ n t͡ʃ	r ɛ n t͡ʃ t	r ɛ n t͡ʃ t	r ɛ n t t	0	0	reg_əd	reg_əd	reg_t
string	k r ʌ n t͡ʃ	k r ʌ n t͡ʃ t	k r ʌ n t͡ʃ t	b r æ n t͡ʃ	b r æ n t͡ʃ t	b r æ n t͡ʃ t	k r ʌ n t͡ʃ t	1	1	reg_t	reg_t	reg_t
string	r ɛ s k j uː	r ɛ s k j uː d	r ɛ s k j uː d	r ɛ s ə l	r ɛ s ə l d	r ɛ s ə l d	r ɛ s k j uː d	1	1	reg_d	reg_d	reg_d
string	t ɑː p	t ɑː p t	t ɑː p t	p ɑː p	p ɑː p t	p ɑː p t	t ɑː p t	1	1	reg_t	reg_t	reg_t
string	b l iː d	b l ɛ d	b l iː d ə d	b iː d	b iː d ə d	b iː d ə d	b l iː d ə d	1	0	vowel_change	reg_əd	reg_əd
string	p r ɪ k	p r ɪ k t	p r ɪ k t	p ɪ k	p ɪ k t	p ɪ k t	p r ɪ k t	1	1	reg_t	reg_t	reg_t
string	o ʊ ɡ ə l	o ʊ ɡ ə l d	o ʊ ɡ ə l d	d͡ʒ ʌ ɡ ə l	d͡ʒ ʌ ɡ ə l d	d͡ʒ ʌ ɡ ə l d	o ʊ ɡ ə l d	1	1	reg_d	reg_d	reg_d
string	s ɔ ɪ l	s ɔ ɪ l d	s ɔ ɪ l d	b ɔ ɪ l	b ɔ ɪ l d	b ɔ ɪ l d	s ɔ ɪ l d	1	1	reg_d	reg_d	reg_d
string	ɡ ɑː l f	ɡ ɑː l f t	ɡ ɑː l f t	ɡ l uː	ɡ l uː d	ɡ l uː d	ɡ ɑː l f d	0	0	reg_t	reg_t	reg_d
string	b ʌ s t	b ʌ s t ə d	b ʌ s t ə d	b ɛ s t	b ɛ s t ə d	b ɛ s t ə d	b ʌ s t ə d	1	1	reg_əd	reg_əd	reg_əd
string	r iː s a ɪ k ə l	r iː s a ɪ k ə l d	r iː s a ɪ k ə l d	t ɪ k ə l	t ɪ k ə l d	t ɪ k ə l d	r iː s a ɪ k ə l d	1	1	reg_d	reg_d	reg_d
string	s t uː	s t uː d	s t uː d	s uː	s uː d	s uː d	s t uː d	1	1	reg_d	reg_d	reg_d
string	b æ t	b æ t ə d	b æ t	b æ ɡ	b æ ɡ d	b æ ɡ d	b æ t d	0	0	reg_əd	no_change	reg_d
string	s ʌ f ɹ̩	s ʌ f ɹ̩ d	s ʌ f ɹ̩ d	s ʌ k	s ʌ k t	s ʌ k t	s ʌ f ɹ̩ t	0	0	reg_d	reg_d	reg_t
string	v ɪ ʒ w ə l a ɪ z	v ɪ ʒ w ə l a ɪ z d	v ɪ l d	r iː ə l a ɪ z	r iː ə l a ɪ z d	r iː ə l a ɪ z d	v ɪ ʒ w ə l a ɪ z d	0	1	reg_d	other	reg_d
string	k æ p	k æ p t	k æ p t	m æ p	m æ p t	m æ p t	k æ p t	1	1	reg_t	reg_t	reg_t
string	t ʌ m b ə l	t ʌ m b ə l d	t ɪ m b ə l d	d ʌ b ə l	d ʌ b ə l d	d ʌ b ə l d	t ʌ m b ə l d	0	1	reg_d	other	reg_d
string	d ɪ s k r a ɪ b	d ɪ s k r a ɪ b d	d ɪ s k r a ɪ s k t ə d	d ɪ s ɡ a ɪ z	d ɪ s ɡ a ɪ z d	d ɪ s ɡ a ɪ z d	d ɪ s k r a ɪ b d	0	1	reg_d	other	reg_d
string	h ɛ z ə t e ɪ t	h ɛ z ə t e ɪ t ə d	h t ə t ə t e ɪ t	s t e ɪ t	s t e ɪ t ə d	s t e ɪ t ə d	h ɛ z ə t e ɪ t ə d	0	1	reg_əd	other	reg_əd
string	m ɑː r	m ɑː r d	m ɑː r d	m ɑː r t͡ʃ	m ɑː r t͡ʃ t	m ɑː r t͡ʃ t	m ɑː r t	0	0	reg_d	reg_d	reg_t
string	p r ə n a ʊ n s	p r ə n a ʊ n s t	p r ə n a ʊ n a ʊ z d	p a ʊ n s	p a ʊ n s t	p a ʊ n s t	p r ə n a ʊ n s t	0	1	reg_t	other	reg_t
string	f ɪ k s e ɪ t	f ɪ k s e ɪ t ə d	f ɪ k s e ɪ t ə d	s k e ɪ t	s k e ɪ t ə d	s k e ɪ t ə d	f ɪ k s e ɪ t ə d	1	1	reg_əd	reg_əd	reg_əd
string	b ɑː s	b ɑː s t	b ɑː s t	b ʌ s	b ʌ s t	b ʌ s t	b ɑː s t	1	1	reg_t	reg_t	reg_t
string	d ɪ s t ɹ̩ b	d ɪ s t ɹ̩ b d	d ɪ s t ɹ̩ d ə d	s t æ b	s t æ b d	s t æ b d	d ɪ s t ɹ̩ b d	0	1	reg_d	other	reg_d
string	s n æ k	s n æ k t	s n æ k t	s n æ p	s n æ p t	s n æ p t	s n æ k t	1	1	reg_t	reg_t	reg_t
string	d ʌ s t	d ʌ s t ə d	d ʌ s t ə d	k ɑː s t	k ɑː s t	k ɑː s t	d ʌ s t	0	0	reg_əd	reg_əd	no_change
string	m o ʊ n	m o ʊ n d	m o ʊ n d	o ʊ n	o ʊ n d	o ʊ n d	m o ʊ n d	1	1	reg_d	reg_d	reg_d
string	p iː l	p iː l d	p iː l d	w iː l	w iː l d	w iː l d	p iː l d	1	1	reg_d	reg_d	reg_d
string	f l ɑː p	f l ɑː p t	f l ɑː p t	p l ɑː p	p l ɑː p t	p l ɑː p t	f l ɑː p t	1	1	reg_t	reg_t	reg_t
string	f l æ ʃ	f l æ ʃ t	f l æ ʃ t	f l æ p	f l æ p t	f l æ p t	f l æ ʃ t	1	1	reg_t	reg_t	reg_t
string	p e ɪ s t	p e ɪ s t ə d	p e ɪ s t ə d	w e ɪ s t	w e ɪ s t ə d	w e ɪ s t ə d	p e ɪ s t ə d	1	1	reg_əd	reg_əd	reg_əd
string	ɡ ɑː r b ə l	ɡ ɑː r b ə l d	ɡ ɑː r b ə l d	w ɑː b ə l	w ɑː b ə l d	w ɑː b ə l d	ɡ ɑː r b ə l d	1	1	reg_d	reg_d	reg_d
string	ɪ n t ɛ n d	ɪ n t ɛ n d ə d	ɪ n t ɛ n d ə d	ə t ɛ n d	ə t ɛ n d ə d	ə t ɛ n d ə d	ɪ n t ɛ n d ə d	1	1	reg_əd	reg_əd	reg_əd
string	r o ʊ t e ɪ t	r o ʊ t e ɪ t ə d	r o ʊ t e ɪ t ə d	o ʊ b e ɪ	o ʊ b e ɪ d	o ʊ b e ɪ d	r o ʊ t e ɪ t d	0	0	reg_əd	reg_əd	reg_d
string	s ɑː l v	s ɑː l v d	s ɑː l v d	k ɑː r v	k ɑː r v d	k ɑː r v d	s ɑː l v d	1	1	reg_d	reg_d	reg_d
string	r ɪ s p ɑː n d	r ɪ s p ɑː n d ə d	r ɪ s p ɑː s t ə d	d ɪ p ɛ n d	d ɪ p ɛ n d ə d	d ɪ p ɛ n d ə d	r ɪ s p ɑː n d ə d	0	1	reg_əd	other	reg_əd
string	p r a ɪ s	p r a ɪ s t	p r a ɪ s t	p r e ɪ	p r e ɪ d	p r e ɪ d	p r a ɪ s d	0	0	reg_t	reg_t	reg_d
string	h ɑː r p	h ɑː r p t	h ɑː r p t	t͡ʃ ɑː r d͡ʒ	t͡ʃ ɑː r d͡ʒ d	t͡ʃ ɑː r d͡ʒ d	h ɑː r p d	0	0	reg_t	reg_t	reg_d
string	ɪ ɡ z ɔ s t	ɪ ɡ z ɔ s t ə d	ɪ ɡ z ɔ s t ə d	ɪ n s ɪ s t	ɪ n s ɪ s t ə d	ɪ n s ɪ s t ə d	ɪ ɡ z ɔ s t ə d	1	1	reg_əd	reg_əd	reg_əd
string	t ɛ r ə f a ɪ	t ɛ r ə f a ɪ d	t ɛ r ə f a ɪ d	t r a ɪ	t r a ɪ d	t r a ɪ d	t ɛ r ə f a ɪ d	1	1	reg_d	reg_d	reg_d
string	s a ʊ	s a ʊ d	s a ʊ d	v a ʊ	v a ʊ d	v a ʊ d	s a ʊ d	1	1	reg_d	reg_d	reg_d
string	e ɪ d	e ɪ d ə d	e ɪ d ə d	k ɪ d	k ɪ d ə d	k ɪ d ə d	e ɪ d ə d	1	1	reg_əd	reg_əd	reg_əd
string	ə n p æ k	ə n p æ k t	ə n p æ k t	ə n l ɑː k	ə n l ɑː k t	ə n l ɑː k t	ə n p æ k t	1	1	reg_t	reg_t	reg_t
final	ɡ ɛ t	ɡ ɑː t	ɡ ɛ t	k ə m p j uː t	k ə m p j uː t ə d	k ə m p j uː t ə d	ɡ ɛ t ə d	0	0	vowel_change	no_change	reg_əd
final	p ʊ t	p ʊ t	p ʊ t	p e ɪ n t	p e ɪ n t ə d	p e ɪ n t ə d	p ʊ t ə d	0	0	no_change	no_change	reg_əd
final	ɡ o ʊ	w ɛ n t	ɡ o ʊ d	s l o ʊ	s l o ʊ d	s l o ʊ d	ɡ o ʊ d	1	0	other	reg_d	reg_d
final	iː t	e ɪ t	iː ɔ d	m iː t	m ɛ t	m ɛ t	ɛ t	0	0	vowel_change	rhyme_replaced	vowel_change
final	w ɔ n t	w ɔ n t ə d	w ɔ n t ə d	ə r ɛ s t	ə r ɛ s t ə d	ə r ɛ s t ə d	w ɔ n t ə d	1	1	reg_əd	reg_əd	reg_əd
final	n ɑː k	n ɑː k t	n ɑː k t	f ʌ k	f ʌ k t	f ʌ k t	n ɑː k t	1	1	reg_t	reg_t	reg_t
final	l ɪ s ə n	l ɪ s ə n d	l ɪ s ə n d	t a ɪ t ə n	t a ɪ t ə n d	t a ɪ t ə n d	l ɪ s ə n d	1	1	reg_d	reg_d	reg_d
final	p ʌ f	p ʌ f t	p ʌ f t	ɡ uː f	ɡ uː f t	ɡ uː f t	p ʌ f t	1	1	reg_t	reg_t	reg_t
final	h o ʊ p	h o ʊ p t	h o ʊ p t	k l æ m p	k l æ m p t	k l æ m p t	h o ʊ p t	1	1	reg_t	reg_t	reg_t
final	n iː d	n iː d ə d	n ɛ d ə d	p a ʊ n d	p a ʊ n d ə d	p a ʊ n d ə d	n iː d ə d	0	1	reg_əd	other	reg_əd
final	k æ t͡ʃ	k ɔ t	k æ t͡ʃ t	s ɹ̩ t͡ʃ	s ɹ̩ t͡ʃ t	s ɹ̩ t͡ʃ t	k æ t͡ʃ t	1	0	rhyme_replaced	reg_t	reg_t
final	z ɪ p ɹ̩	z ɪ p ɹ̩ d	z ɪ p ɹ̩ d	f a ɪ ɹ̩	f a ɪ ɹ̩ d	f a ɪ ɹ̩ d	z ɪ p ɹ̩ d	1	1	reg_d	reg_d	reg_d
final	h ɑː p	h ɑː p t	h ɑː p t	s w iː p	s w ɛ p t	s w ɛ p t	NA	0	0	reg_t	reg_t	vowel_change_suffix
final	k æ r iː	k æ r iː d	k æ r iː d	m ʌ d iː	m ʌ d iː d	m ʌ d iː d	k æ r iː d	1	1	reg_d	reg_d	reg_d
final	r ɪ t ɹ̩ n	r ɪ t ɹ̩ n d	r ɪ t ɹ̩ n d	s t e ɪ n	s t e ɪ n d	s t e ɪ n d	r ɪ t ɹ̩ n d	1	1	reg_d	reg_d	reg_d
final	f iː d	f ɛ d	f iː d ə d	b ɪ l d	b ɪ l t	b ɪ l t	f iː t	0	0	vowel_change	reg_əd	coda_change
final	ɡ ɑː b ə l	ɡ ɑː b ə l d	ɡ ɑː b ə l d	p ɪ k ə l	p ɪ k ə l d	p ɪ k ə l d	ɡ ɑː b ə l d	1	1	reg_d	reg_d	reg_d
final	o ʊ p ə n	o ʊ p ə n d	o ʊ p ə n d	k l iː n	k l iː n d	k l iː n d	o ʊ p ə n d	1	1	reg_d	reg_d	reg_d
final	h o ʊ l d	h ɛ l d	h o ʊ l d ə d	w uː n d	w uː n d ə d	w uː n d ə d	h o ʊ l d ə d	1	0	vowel_change	reg_əd	reg_əd
final	d ɪ l ɪ v ɹ̩	d ɪ l ɪ v ɹ̩ d	d ɪ l ɪ v ɹ̩ d	w ɪ s p ɹ̩	w ɪ s p ɹ̩ d	w ɪ s p ɹ̩ d	d ɪ l ɪ v ɹ̩ d	1	1	reg_d	reg_d	reg_d
final	r ʌ b	r ʌ b d	r ʌ b d	s t ʌ b	s t ʌ b d	s t ʌ b d	r ʌ b d	1	1	reg_d	reg_d	reg_d
final	w ɑː t͡ʃ	w ɑː t͡ʃ t	w ɑː t͡ʃ t	k l ʌ t͡ʃ	k l ʌ t͡ʃ t	k l ʌ t͡ʃ t	w ɑː t͡ʃ t	1	1	reg_t	reg_t	reg_t
final	p l iː z	p l iː z d	p l o ʊ z	ɔ r ɡ ə n a ɪ z	ɔ r ɡ ə n a ɪ z d	ɔ r ɡ ə n a ɪ z d	p l iː z d	0	1	reg_d	vowel_change	reg_d
final	w ɔ k	w ɔ k t	w ɔ k t	t͡ʃ ɛ k	t͡ʃ ɛ k t	t͡ʃ ɛ k t	w ɔ k t	1	1	reg_t	reg_t	reg_t
final	p æ k	p æ k t	p æ k t	m ɪ l k	m ɪ l k t	m ɪ l k t	p æ k t	1	1	reg_t	reg_t	reg_t
final	s a ʊ n d	s a ʊ n d ə d	s a ʊ n d ə d	s ɛ n d	s ɛ n t	s ɛ n t	s a ʊ n t	0	0	reg_əd	reg_əd	coda_change
final	ɡ r æ b	ɡ r æ b d	ɡ r æ b d	t r æ n s k r a ɪ b	t r æ n s k r a ɪ b d	t r æ n s k r a ɪ b d	ɡ r æ b d	1	1	reg_d	reg_d	reg_d
final	m æ n	m æ n d	m æ n d	r ʌ n	r ʌ n	r æ n	m æ n	0	0	reg_d	reg_d	no_change
final	f iː l	f ɛ l t	f iː l d	p ɛ d ə l	p ɛ d ə l d	p ɛ d ə l d	f iː l d	1	0	vowel_change_suffix	reg_d	reg_d
final	n e ɪ m	n e ɪ m d	n e ɪ m d	w ɔ r m	w ɔ r m d	w ɔ r m d	n e ɪ m d	1	1	reg_d	reg_d	reg_d
final	f l o ʊ	f l o ʊ d	f l o ʊ d	b ɑː r o ʊ	b ɑː r o ʊ d	b ɑː r o ʊ d	f l o ʊ d	1	1	reg_d	reg_d	reg_d
final	w ɛ ð ɹ̩	w ɛ ð ɹ̩ d	w ɛ ð ɹ̩ d	f a ɪ ɹ̩	f a ɪ ɹ̩ d	f a ɪ ɹ̩ d	w ɛ ð ɹ̩ d	1	1	reg_d	reg_d	reg_d
final	l a ɪ	l e ɪ	l a ɪ d	t ɔ ɪ	t ɔ ɪ d	t ɔ ɪ d	l a ɪ d	1	0	vowel_change	reg_d	reg_d
final	k r æ ʃ	k r æ ʃ t	k r æ ʃ t	s p l æ ʃ	s p l æ ʃ t	s p l æ ʃ t	k r æ ʃ t	1	1	reg_t	reg_t	reg_t
final	p e ɪ d͡ʒ	p e ɪ d͡ʒ d	p e ɪ d͡ʒ d	m æ n ə d͡ʒ	m æ n ə d͡ʒ d	m æ n ə d͡ʒ d	p e ɪ d͡ʒ d	1	1	reg_d	reg_d	reg_d
final	t͡ʃ o ʊ k	t͡ʃ o ʊ k t	t͡ʃ o ʊ k t	d ʌ ŋ k	d ʌ ŋ k t	d ʌ ŋ k t	t͡ʃ o ʊ k t	1	1	reg_t	reg_t	reg_t
final	b l ɛ s	b l ɛ s t	b l ɛ s t	d a ɪ s	d a ɪ s t	d a ɪ s t	b l ɛ s t	1	1	reg_t	reg_t	reg_t
final	d ɪ ŋ	d ɪ ŋ d	d ɪ ŋ	f l ɪ ŋ	f l ʌ ŋ	f l ʌ ŋ	d ʌ ŋ	0	0	reg_d	no_change	vowel_change
final	s ɛ l	s o ʊ l d	s ɛ l d	ɡ r a ʊ l	ɡ r a ʊ l d	ɡ r a ʊ l d	s ɛ l d	1	0	vowel_change_suffix	reg_d	reg_d
final	b ɪ ɡ ɪ n	b ɪ ɡ æ n	b ɪ ɡ ɪ n d	l o ʊ n	l o ʊ n d	l o ʊ n d	b ɪ ɡ ɪ n d	1	0	vowel_change	reg_d	reg_d
final	d͡ʒ ɔ ɪ n	d͡ʒ ɔ ɪ n d	d͡ʒ ɔ ɪ n d	ʃ a ɪ n	ʃ a ɪ n d	ʃ a ɪ n d	d͡ʒ ɔ ɪ n d	1	1	reg_d	reg_d	reg_d
final	l ɑː k	l ɑː k t	l ɑː k t	θ ɪ ŋ k	θ ɔ t	θ ɔ t	NA	0	0	reg_t	reg_t	rhyme_replaced
final	b ɪ l iː v	b ɪ l iː v d	b ɪ l iː v d	ɡ ɪ v	ɡ e ɪ v	ɡ e ɪ v	NA	0	0	reg_d	reg_d	vowel_change
final	ə n d ɹ̩ s t æ n d	ə n d ɹ̩ s t ʊ d	ə n t ə t ə n d	r iː b ɪ l d	r iː b ɪ l t	r iː b ɪ l t	ə n d ɹ̩ s t æ n t	0	0	rhyme_replaced	other	coda_change
final	t r e ɪ n	t r e ɪ n d	t r e ɪ n d	t a ɪ t ə n	t a ɪ t ə n d	t a ɪ t ə n d	t r e ɪ n d	1	1	reg_d	reg_d	reg_d
final	k r ɔ l	k r ɔ l d	k r ɔ l d	ʃ ʌ t ə l	ʃ ʌ t ə l d	ʃ ʌ t ə l d	k r ɔ l d	1	1	reg_d	reg_d	reg_d
final	p æ t	p æ t ə d	p æ t ə d	w e ɪ t	w e ɪ t ə d	w e ɪ t ə d	p æ t ə d	1	1	reg_əd	reg_əd	reg_əd
final	ɔ r d ɹ̩	ɔ r d ɹ̩ d	ɔ r d ɹ̩ d	t a ʊ ɹ̩	t a ʊ ɹ̩ d	t a ʊ ɹ̩ d	ɔ r d ɹ̩ d	1	1	reg_d	reg_d	reg_d
final	f l a ɪ	f l uː	f l a ɪ d	ə n t a ɪ	ə n t a ɪ d	ə n t a ɪ d	f l a ɪ d	1	0	vowel_change	reg_d	reg_d
final	l o ʊ d	l o ʊ d ə d	l o ʊ d ə d	ɪ k s p l o ʊ d	ɪ k s p l o ʊ d ə d	ɪ k s p l o ʊ d ə d	l o ʊ d ə d	1	1	reg_əd	reg_əd	reg_əd
final	k ə m p l e ɪ n	k ə m p l e ɪ n d	k ə m p l e ɪ n d	k w ɛ s t͡ʃ ə n	k w ɛ s t͡ʃ ə n d	k w ɛ s t͡ʃ ə n d	k ə m p l e ɪ n d	1	1	reg_d	reg_d	reg_d
final	b l ɛ n d	b l ɛ n d ə d	b l ɛ n d ə d	r ə k ɔ r d	r ə k ɔ r d ə d	r ə k ɔ r d ə d	b l ɛ n d ə d	1	1	reg_əd	reg_əd	reg_əd
final	b l ɑː k	b l ɑː k t	b l ɑː k t	m ɪ m ɪ k	m ɪ m ɪ k t	m ɪ m ɪ k t	b l ɑː k t	1	1	reg_t	reg_t	reg_t
final	t ɪ p	t ɪ p t	t ɪ p t	d r ɪ p	d r ɪ p t	d r ɪ p t	t ɪ p t	1	1	reg_t	reg_t	reg_t
final	d͡ʒ ɛ t	d͡ʒ ɛ t ə d	d͡ʒ ɛ t	k ʌ m f ɹ̩ t	k ʌ m f ɹ̩ t ə d	k ʌ m f ɹ̩ t ə d	d͡ʒ ɛ t ə d	0	1	reg_əd	no_change	reg_əd
final	b r iː ð	b r iː ð d	b r iː ð d	m a ʊ ð	m a ʊ ð d	m a ʊ ð d	b r iː ð d	1	1	reg_d	reg_d	reg_d
final	d a ɪ ə l	d a ɪ ə l d	d a ɪ ə l d	p a ɪ l	p a ɪ l d	p a ɪ l d	d a ɪ ə l d	1	1	reg_d	reg_d	reg_d
final	m ɛ n ʃ ə n	m ɛ n ʃ ə n d	m ɛ n ʃ ə n d	ɡ e ɪ n	ɡ e ɪ n d	ɡ e ɪ n d	m ɛ n ʃ ə n d	1	1	reg_d	reg_d	reg_d
final	h ʌ ɡ	h ʌ ɡ d	h ʌ ɡ d	d ɪ ɡ	d ʌ ɡ	d ʌ ɡ	NA	0	0	reg_d	reg_d	vowel_change
final	p a ʊ ɹ̩	p a ʊ ɹ̩ d	p a ʊ ɹ̩ d	w ɔ t ɹ̩	w ɔ t ɹ̩ d	w ɔ t ɹ̩ d	p a ʊ ɹ̩ d	1	1	reg_d	reg_d	reg_d
final	s ɑː k	s ɑː k t	s ɑː k t	t͡ʃ ɛ k	t͡ʃ ɛ k t	t͡ʃ ɛ k t	s ɑː k t	1	1	reg_t	reg_t	reg_t
final	w uː p	w uː p t	w uː p t	ɡ r æ s p	ɡ r æ s p t	ɡ r æ s p t	w uː p t	1	1	reg_t	reg_t	reg_t
final	r iː m a ɪ n d	r iː m a ɪ n d ə d	r iː m a ɪ n d ə d	l æ n d	l æ n d ə d	l æ n d ə d	r iː m a ɪ n d ə d	1	1	reg_əd	reg_əd	reg_əd
final	h æ n d ə l	h æ n d ə l d	h æ n d ə l d	s n ɑː r ə l	s n ɑː r ə l d	s n ɑː r ə l d	h æ n d ə l d	1	1	reg_d	reg_d	reg_d
final	s n iː z	s n iː z d	s n iː z d	ɪ k s k j uː z	ɪ k s k j uː z d	ɪ k s k j uː z d	s n iː z d	1	1	reg_d	reg_d	reg_d
final	v ɪ z ɪ t	v ɪ z ɪ t ə d	v ɪ z ɪ t ə d	h ɪ t	h ɪ t	h ɪ t	v ɪ z ɪ t	0	0	reg_əd	reg_əd	no_change
final	s l a ɪ d	s l ɪ d	s l a ɪ d ə d	s a ɪ d	s a ɪ d ə d	s a ɪ d ə d	s l a ɪ d ə d	1	0	vowel_change	reg_əd	reg_əd
final	p l æ n	p l æ n d	p l æ n d	s t e ɪ n	s t e ɪ n d	s t e ɪ n d	p l æ n d	1	1	reg_d	reg_d	reg_d
final	ɛ l b o ʊ	ɛ l b o ʊ d	ɛ l b o ʊ d	ɡ l o ʊ	ɡ l o ʊ d	ɡ l o ʊ d	ɛ l b o ʊ d	1	1	reg_d	reg_d	reg_d
final	b ɑː k s	b ɑː k s t	b ɑː k s t	m ɪ s	m ɪ s t	m ɪ s t	b ɑː k s t	1	1	reg_t	reg_t	reg_t
final	ɪ n k l uː d	ɪ n k l uː d ə d	ɪ n k l uː d ə d	p a ʊ n d	p a ʊ n d ə d	p a ʊ n d ə d	ɪ n k l uː d ə d	1	1	reg_əd	reg_əd	reg_əd
final	b ɹ̩ n	b ɹ̩ n d	b ɹ̩ n d	p l e ɪ n	p l e ɪ n d	p l e ɪ n d	b ɹ̩ n d	1	1	reg_d	reg_d	reg_d
final	ʃ e ɪ p	ʃ e ɪ p t	ʃ e ɪ p t	f l ɪ p	f l ɪ p t	f l ɪ p t	ʃ e ɪ p t	1	1	reg_t	reg_t	reg_t
final	b o ʊ n	b o ʊ n d	b o ʊ n d	ɡ r ɪ n	ɡ r ɪ n d	ɡ r ɪ n d	b o ʊ n d	1	1	reg_d	reg_d	reg_d
final	f ɪ l	f ɪ l d	f ɪ l d	b a ɪ s ɪ k ə l	b a ɪ s ɪ k ə l d	b a ɪ s ɪ k ə l d	f ɪ l d	1	1	reg_d	reg_d	reg_d
final	m æ s k	m æ s k t	m æ s k t	s n iː k	s n iː k t	s n iː k t	m æ s k t	1	1	reg_t	reg_t	reg_t
final	s ɛ l ə b r e ɪ t	s ɛ l ə b r e ɪ t ə d	s ɛ r ə r e ɪ r e ɪ e ɪ t ə d	ɪ f ɛ k t	ɪ f ɛ k t ə d	ɪ f ɛ k t ə d	s ɛ l ə b r e ɪ t ə d	0	1	reg_əd	other	reg_əd
final	k r ʌ m b ə l	k r ʌ m b ə l d	k r ʌ m b ə l d	ʃ ɛ l	ʃ ɛ l d	ʃ ɛ l d	k r ʌ m b ə l d	1	1	reg_d	reg_d	reg_d
final	r ɑː k	r ɑː k t	r ɑː k t	b ɑː r k	b ɑː r k t	b ɑː r k t	r ɑː k t	1	1	reg_t	reg_t	reg_t
final	ɡ ɛ r ə n t iː	ɡ ɛ r ə n t iː d	ɡ ɛ r ə n t ə d	s t ʌ d iː	s t ʌ d iː d	s t ʌ d iː d	ɡ ɛ r ə n t iː d	0	1	reg_d	vowel_change_suffix	reg_d
final	k ə n ɛ k t	k ə n ɛ k t ə d	k ə n ɛ k t ə d	p r iː z ɛ n t	p r iː z ɛ n t ə d	p r iː z ɛ n t ə d	k ə n ɛ k t ə d	1	1	reg_əd	reg_əd	reg_əd
final	t ɔ s	t ɔ s t	t ɔ s t	r iː p l e ɪ s	r iː p l e ɪ s t	r iː p l e ɪ s t	t ɔ s t	1	1	reg_t	reg_t	reg_t
final	iː v ɪ n	iː v ɪ n d	iː v d	w ɪ n	w ɪ n d	w ʌ n	iː v ɪ n d	0	1	reg_d	other	reg_d
final	b a ʊ n s	b a ʊ n s t	b a ʊ n s t	d a ɪ s	d a ɪ s t	d a ɪ s t	b a ʊ n s t	1	1	reg_t	reg_t	reg_t
final	ɹ̩ n	ɹ̩ n d	ɹ̩ n d	h æ p ə n	h æ p ə n d	h æ p ə n d	ɹ̩ n d	1	1	reg_d	reg_d	reg_d
final	k l a ʊ d	k l a ʊ d ə d	k l a ʊ d ə d	p ɹ̩ s w e ɪ d	p ɹ̩ s w e ɪ d ə d	p ɹ̩ s w e ɪ d ə d	k l a ʊ d ə d	1	1	reg_əd	reg_əd	reg_əd
final	k ʌ p ə l	k ʌ p ə l d	k ʌ p ə l d	ɡ r æ p ə l	ɡ r æ p ə l d	ɡ r æ p ə l d	k ʌ p ə l d	1	1	reg_d	reg_d	reg_d
final	f l ʌ ʃ	f l ʌ ʃ t	f l ʌ ʃ t	s p l æ ʃ	s p l æ ʃ t	s p l æ ʃ t	f l ʌ ʃ t	1	1	reg_t	reg_t	reg_t
final	h ɑː r n ə s	h ɑː r n ə s t	h ɑː r n ə s t	f e ɪ s	f e ɪ s t	f e ɪ s t	h ɑː r n ə s t	1	1	reg_t	reg_t	reg_t
final	b r a ʊ n	b r a ʊ n d	b r a ʊ n d	ɪ k s p l e ɪ n	ɪ k s p l e ɪ n d	ɪ k s p l e ɪ n d	b r a ʊ n d	1	1	reg_d	reg_d	reg_d
final	s t ɪ ŋ k	s t ʌ ŋ k	s t ʌ ŋ k t	p iː k	p iː k t	p iː k t	s t ɪ ŋ k t	0	0	vowel_change	vowel_change_suffix	reg_t
final	r iː f r ɛ ʃ	r iː f r ɛ ʃ t	r iː f r ɛ ʃ t	f ɪ n ɪ ʃ	f ɪ n ɪ ʃ t	f ɪ n ɪ ʃ t	r iː f r ɛ ʃ t	1	1	reg_t	reg_t	reg_t
final	p r ə f ɹ̩	p r ə f ɹ̩ d	p r ə f ɹ̩ d	æ n s ɹ̩	æ n s ɹ̩ d	æ n s ɹ̩ d	p r ə f ɹ̩ d	1	1	reg_d	reg_d	reg_d
final	s t iː l	s t o ʊ l	s t iː l d	f e ɪ l	f e ɪ l d	f e ɪ l d	s t iː l d	1	0	vowel_change	reg_d	reg_d
final	b æ n d	b æ n d ə d	b æ n d ə d	r a ɪ d	r o ʊ d	r o ʊ d	NA	0	0	reg_əd	reg_əd	vowel_change
final	r ɪ d	r ɪ d	r ɪ d	b l ʌ d	b l ʌ d ə d	b l ʌ d ə d	r ɪ d ə d	0	0	no_change	no_change	reg_əd
final	k o ʊ ɑː p ɹ̩ e ɪ t	k o ʊ ɑː p ɹ̩ e ɪ t ə d	k o ʊ k e ɪ k ɹ̩ d	d ɪ f iː t	d ɪ f iː t ə d	d ɪ f iː t ə d	k o ʊ ɑː p ɹ̩ e ɪ t ə d	0	1	reg_əd	other	reg_əd
final	b ɑː ð ɹ̩	b ɑː ð ɹ̩ d	b ɑː ð ɹ̩ d	ʃ a ʊ ɹ̩	ʃ a ʊ ɹ̩ d	ʃ a ʊ ɹ̩ d	b ɑː ð ɹ̩ d	1	1	reg_d	reg_d	reg_d
final	r ɛ s t	r ɛ s t ə d	r ɛ s t	l a ɪ t	l ɪ t	l ɪ t	NA	0	0	reg_əd	no_change	vowel_change
final	ɑː k j ə p a ɪ	ɑː k j ə p a ɪ d	ɑː k j ə p a ɪ d	p l e ɪ	p l e ɪ d	p l e ɪ d	ɑː k j ə p a ɪ d	1	1	reg_d	reg_d	reg_d
final	s k r ɪ b ə l	s k r ɪ b ə l d	s k r ɪ b ə l d	t ɪ k ə l	t ɪ k ə l d	t ɪ k ə l d	s k r ɪ b ə l d	1	1	reg_d	reg_d	reg_d
final	b l æ s t	b l æ s t ə d	b l æ s t ə d	k ɑː n t r æ k t	k ɑː n t r æ k t ə d	k ɑː n t r æ k t ə d	b l æ s t ə d	1	1	reg_əd	reg_əd	reg_əd
final	h æ m ɹ̩	h æ m ɹ̩ d	h æ m ɹ̩ d	f ɹ̩ ð ɹ̩	f ɹ̩ ð ɹ̩ d	f ɹ̩ ð ɹ̩ d	h æ m ɹ̩ d	1	1	reg_d	reg_d	reg_d
final	d r ɪ l	d r ɪ l d	d r ɪ l d	t e ɪ b ə l	t e ɪ b ə l d	t e ɪ b ə l d	d r ɪ l d	1	1	reg_d	reg_d	reg_d
final	p r æ k t ɪ s	p r æ k t ɪ s t	p r æ k t ə s t	k ɪ s	k ɪ s t	k ɪ s t	p r æ k t ɪ s t	0	1	reg_t	vowel_change_suffix	reg_t
final	t a ɪ p	t a ɪ p t	t a ɪ p t	k l æ m p	k l æ m p t	k l æ m p t	t a ɪ p t	1	1	reg_t	reg_t	reg_t
final	æ d	æ d ə d	æ d ʌ d	s t æ n d	s t ʊ d	s t ʊ d	NA	0	0	reg_əd	other	rhyme_replaced
final	b o ʊ l	b o ʊ l d	b o ʊ l d	ʃ ɛ l	ʃ ɛ l d	ʃ ɛ l d	b o ʊ l d	1	1	reg_d	reg_d	reg_d
final	t o ʊ t	t o ʊ t ə d	t o ʊ t ə d	k ə m j uː n ə k e ɪ t	k ə m j uː n ə k e ɪ t ə d	k ə m j uː n ə k e ɪ t ə d	t o ʊ t ə d	1	1	reg_əd	reg_əd	reg_əd
final	s w ɪ ʃ	s w ɪ ʃ t	s w ɪ ʃ t	w ɪ ʃ	w ɪ ʃ t	w ɪ ʃ t	s w ɪ ʃ t	1	1	reg_t	reg_t	reg_t
final	b l e ɪ m	b l e ɪ m d	b l e ɪ m d	p r o ʊ ɡ r æ m	p r o ʊ ɡ r æ m d	p r o ʊ ɡ r æ m d	b l e ɪ m d	1	1	reg_d	reg_d	reg_d
final	ɪ k s a ɪ t	ɪ k s a ɪ t ə d	ɪ k s a ɪ t ə d	k w ɪ l t	k w ɪ l t ə d	k w ɪ l t ə d	ɪ k s a ɪ t ə d	1	1	reg_əd	reg_əd	reg_əd
final	t͡ʃ a ɪ m	t͡ʃ a ɪ m d	t͡ʃ a ɪ m d	w ɛ l k ə m	w ɛ l k ə m d	w ɛ l k ə m d	t͡ʃ a ɪ m d	1	1	reg_d	reg_d	reg_d
final	t͡ʃ iː r	t͡ʃ iː r d	t͡ʃ iː r d	s k ɔ r	s k ɔ r d	s k ɔ r d	t͡ʃ iː r d	1	1	reg_d	reg_d	reg_d
final	f r e ɪ m	f r e ɪ m d	f r e ɪ m d	w ɛ l k ə m	w ɛ l k ə m d	w ɛ l k ə m d	f r e ɪ m d	1	1	reg_d	reg_d	reg_d
final	d æ m	d æ m d	d æ m d	b l ɑː s ə m	b l ɑː s ə m d	b l ɑː s ə m d	d æ m d	1	1	reg_d	reg_d	reg_d
final	t͡ʃ iː t	t͡ʃ iː t ə d	t͡ʃ iː t	p ɑː k ə t	p ɑː k ə t ə d	p ɑː k ə t ə d	t͡ʃ iː t ə d	0	1	reg_əd	no_change	reg_əd
final	l iː n	l iː n d	l iː n d	r e ɪ n	r e ɪ n d	r e ɪ n d	l iː n d	1	1	reg_d	reg_d	reg_d
final	s k r iː m	s k r iː m d	s k r iː m d	ɡ ʌ m	ɡ ʌ m d	ɡ ʌ m d	s k r iː m d	1	1	reg_d	reg_d	reg_d
final	ɪ ɡ n ɔ r	ɪ ɡ n ɔ r d	ɪ ɡ ɔ n ɔ r d	f iː r	f iː r d	f iː r d	ɪ ɡ n ɔ r d	0	1	reg_d	other	reg_d
final	s k uː p	s k uː p t	s k uː p t	t r ʌ m p	t r ʌ m p t	t r ʌ m p t	s k uː p t	1	1	reg_t	reg_t	reg_t
final	θ ʌ m p	θ ʌ m p t	θ ʌ m p t	p uː p	p uː p t	p uː p t	θ ʌ m p t	1	1	reg_t	reg_t	reg_t
final	s t iː r	s t iː r d	s t iː r d	f iː r	f iː r d	f iː r d	s t iː r d	1	1	reg_d	reg_d	reg_d
final	s p ɪ n	s p ʌ n	s p æ n d	d a ʊ n	d a ʊ n d	d a ʊ n d	s p ɪ n d	0	0	vowel_change	vowel_change_suffix	reg_d
final	h ʌ f	h ʌ f t	h ʌ f t	k ɔ f	k ɔ f t	k ɔ f t	h ʌ f t	1	1	reg_t	reg_t	reg_t
final	t ɛ n d	t ɛ n d ə d	t ɛ n t	b r e ɪ d	b r e ɪ d ə d	b r e ɪ d ə d	t ɛ n d ə d	0	1	reg_əd	coda_change	reg_əd
final	s p e ɪ s	s p e ɪ s t	s p e ɪ s t	s ɛ n s	s ɛ n s t	s ɛ n s t	s p e ɪ s t	1	1	reg_t	reg_t	reg_t
final	s t r e ɪ t ə n	s t r e ɪ t ə n d	s t r t ɪ t ə n d	t͡ʃ e ɪ n	t͡ʃ e ɪ n d	t͡ʃ e ɪ n d	s t r e ɪ t ə n d	0	1	reg_d	other	reg_d
final	p iː t ɹ̩	p iː t ɹ̩ d	p iː t ɹ̩ d	f a ɪ ɹ̩	f a ɪ ɹ̩ d	f a ɪ ɹ̩ d	p iː t ɹ̩ d	1	1	reg_d	reg_d	reg_d
final	m a ɪ n	m a ɪ n d	m a ɪ n d	h æ p ə n	h æ p ə n d	h æ p ə n d	m a ɪ n d	1	1	reg_d	reg_d	reg_d
final	h iː l	h iː l d	h iː l d	t͡ʃ æ n ə l	t͡ʃ æ n ə l d	t͡ʃ æ n ə l d	h iː l d	1	1	reg_d	reg_d	reg_d
final	ə t r æ k t	ə t r æ k t ə d	ə t r æ k t ə d	b l æ ŋ k ə t	b l æ ŋ k ə t ə d	b l æ ŋ k ə t ə d	ə t r æ k t ə d	1	1	reg_əd	reg_əd	reg_əd
final	s k w ɛ r	s k w ɛ r d	s k w ɛ r d	s k ɛ r	s k ɛ r d	s k ɛ r d	s k w ɛ r d	1	1	reg_d	reg_d	reg_d
final	f l ʌ f	f l ʌ f t	f l ʌ f t	k ɔ f	k ɔ f t	k ɔ f t	f l ʌ f t	1	1	reg_t	reg_t	reg_t
final	t o ʊ n	t o ʊ n d	t o ʊ n d	ɛ n t ɹ̩ t e ɪ n	ɛ n t ɹ̩ t e ɪ n d	ɛ n t ɹ̩ t e ɪ n d	t o ʊ n d	1	1	reg_d	reg_d	reg_d
final	d͡ʒ ɪ m iː	d͡ʒ ɪ m iː d	d͡ʒ ɪ m iː d	v ɛ r iː	v ɛ r iː d	v ɛ r iː d	d͡ʒ ɪ m iː d	1	1	reg_d	reg_d	reg_d
final	s m a ɪ l	s m a ɪ l d	s m a ɪ l d	p ɛ d ə l	p ɛ d ə l d	p ɛ d ə l d	s m a ɪ l d	1	1	reg_d	reg_d	reg_d
final	ə n w a ɪ n d	ə n w a ʊ n d	ə n a ɪ n d ə d	f a ɪ n d	f a ʊ n d	f a ʊ n d	ə n w a ʊ n d	0	1	vowel_change	other	vowel_change
final	d ɪ k l ɛ r	d ɪ k l ɛ r d	d ɪ k l ɛ r d	b ɔ r	b ɔ r d	b ɔ r d	d ɪ k l ɛ r d	1	1	reg_d	reg_d	reg_d
final	k ə n d ʌ k t	k ə n d ʌ k t ə d	k ə n d	l ɛ t	l ɛ t	l ɛ t	k ə n d ʌ k t	0	0	reg_əd	other	no_change
final	s t r e ɪ n	s t r e ɪ n d	s t r e ɪ n d	t͡ʃ ɪ k ə n	t͡ʃ ɪ k ə n d	t͡ʃ ɪ k ə n d	s t r e ɪ n d	1	1	reg_d	reg_d	reg_d
final	k ə l æ p s	k ə l æ p s t	k ə l æ p s t	r iː l iː s	r iː l iː s t	r iː l iː s t	k ə l æ p s t	1	1	reg_t	reg_t	reg_t
final	p ɑː r t ɪ s ə p e ɪ t	p ɑː r t ɪ s ə p e ɪ t ə d	p s t ɪ p t	s ɪ t	s æ t	s æ t	p ɑː r t ɪ s ə p e æ t	0	0	reg_əd	other	vowel_change
final	t r æ n z l e ɪ t	t r æ n z l e ɪ t ə d	t r æ n z d	k w ɪ l t	k w ɪ l t ə d	k w ɪ l t ə d	t r æ n z l e ɪ t ə d	0	1	reg_əd	other	reg_əd
final	d ɪ s k ʌ s	d ɪ s k ʌ s t	d ɪ s k ʌ s t	a ɪ s	a ɪ s t	a ɪ s t	d ɪ s k ʌ s t	1	1	reg_t	reg_t	reg_t
final	f ɹ̩ ɡ ɪ v	f ɹ̩ ɡ e ɪ v	f ɹ̩ ɡ ɪ v d	k ɑː r v	k ɑː r v d	k ɑː r v d	f ɹ̩ ɡ ɪ v d	1	0	vowel_change	reg_d	reg_d
final	ə r a ɪ z	ə r o ʊ z	ə r a ɪ z d	f r iː z	f r o ʊ z	f r o ʊ z	NA	0	0	vowel_change	reg_d	vowel_change
final	f r a ɪ t ə n	f r a ɪ t ə n d	f r a ɪ t ə n d	b ə l uː n	b ə l uː n d	b ə l uː n d	f r a ɪ t ə n d	1	1	reg_d	reg_d	reg_d
final	ɔ ɪ l	ɔ ɪ l d	ɔ ɪ l d	p ɛ d ə l	p ɛ d ə l d	p ɛ d ə l d	ɔ ɪ l d	1	1	reg_d	reg_d	reg_d
final	ə n l o ʊ d	ə n l o ʊ d ə d	ə n l o ʊ d ə d	s p r ɛ d	s p r ɛ d	s p r ɛ d	ə n l o ʊ d	0	0	reg_əd	reg_əd	no_change
final	ɡ r ʌ m b ə l	ɡ r ʌ m b ə l d	ɡ r ʌ m b ə l d	p ʊ l	p ʊ l d	p ʊ l d	ɡ r ʌ m b ə l d	1	1	reg_d	reg_d	reg_d
final	r ɛ k	r ɛ k t	r ɛ k t	t ɔ k	t ɔ k t	t ɔ k t	r ɛ k t	1	1	reg_t	reg_t	reg_t
final	s p ɑː t	s p ɑː t ə d	s p ɑː t	m ɑː r k ə t	m ɑː r k ə t ə d	m ɑː r k ə t ə d	s p ɑː t ə d	0	1	reg_əd	no_change	reg_əd
final	b ʌ t ɹ̩	b ʌ t ɹ̩ d	b ʌ t ɹ̩ d	r ɪ t a ɪ ɹ̩	r ɪ t a ɪ ɹ̩ d	r ɪ t a ɪ ɹ̩ d	b ʌ t ɹ̩ d	1	1	reg_d	reg_d	reg_d
final	s t iː p	s t iː p t	s t iː p t	m æ p	m æ p t	m æ p t	s t iː p t	1	1	reg_t	reg_t	reg_t
final	h ʌ s ə l	h ʌ s ə l d	h ʌ s ə l d	b ɔ l	b ɔ l d	b ɔ l d	h ʌ s ə l d	1	1	reg_d	reg_d	reg_d
final	k ə n t ɪ n j uː	k ə n t ɪ n j uː d	k ə n t ɪ n j uː d	d uː	d ɪ d	d ɪ d	k ə n t ɪ n j ɪ d	0	0	reg_d	reg_d	vowel_change_suffix
final	r ɛ n t	r ɛ n t ə d	r ɛ n t ə d	ɪ f ɛ k t	ɪ f ɛ k t ə d	ɪ f ɛ k t ə d	r ɛ n t ə d	1	1	reg_əd	reg_əd	reg_əd
final	k r ʌ n t͡ʃ	k r ʌ n t͡ʃ t	k r ʌ n t͡ʃ t	f ɛ t͡ʃ	f ɛ t͡ʃ t	f ɛ t͡ʃ t	k r ʌ n t͡ʃ t	1	1	reg_t	reg_t	reg_t
final	r ɛ s k j uː	r ɛ s k j uː d	r ɛ s k j uː d	r ɪ n uː	r ɪ n uː d	r ɪ n uː d	r ɛ s k j uː d	1	1	reg_d	reg_d	reg_d
final	t ɑː p	t ɑː p t	t ɑː p t	s l æ p	s l æ p t	s l æ p t	t ɑː p t	1	1	reg_t	reg_t	reg_t
final	b l iː d	b l ɛ d	b l iː d ə d	p ɹ̩ s w e ɪ d	p ɹ̩ s w e ɪ d ə d	p ɹ̩ s w e ɪ d ə d	b l iː d ə d	1	0	vowel_change	reg_əd	reg_əd
final	p r ɪ k	p r ɪ k t	p r ɪ k t	θ æ ŋ k	θ æ ŋ k t	θ æ ŋ k t	p r ɪ k t	1	1	reg_t	reg_t	reg_t
final	o ʊ ɡ ə l	o ʊ ɡ ə l d	o ʊ ɡ ə l d	s p ɪ l	s p ɪ l d	s p ɪ l d	o ʊ ɡ ə l d	1	1	reg_d	reg_d	reg_d
final	s ɔ ɪ l	s ɔ ɪ l d	s ɔ ɪ l d	b a ɪ s ɪ k ə l	b a ɪ s ɪ k ə l d	b a ɪ s ɪ k ə l d	s ɔ ɪ l d	1	1	reg_d	reg_d	reg_d
final	ɡ ɑː l f	ɡ ɑː l f t	ɡ ɑː l f t	n a ɪ f	n a ɪ f t	n a ɪ f t	ɡ ɑː l f t	1	1	reg_t	reg_t	reg_t
final	b ʌ s t	b ʌ s t ə d	b ʌ s t ə d	ə d m ɪ t	ə d m ɪ t ə d	ə d m ɪ t ə d	b ʌ s t ə d	1	1	reg_əd	reg_əd	reg_əd
final	r iː s a ɪ k ə l	r iː s a ɪ k ə l d	r iː s a ɪ k ə l d	d æ z ə l	d æ z ə l d	d æ z ə l d	r iː s a ɪ k ə l d	1	1	reg_d	reg_d	reg_d
final	s t uː	s t uː d	s t uː d	b uː	b uː d	b uː d	s t uː d	1	1	reg_d	reg_d	reg_d
final	b æ t	b æ t ə d	b æ t	b ɛ t	b ɛ t	b ɛ t	b æ t	1	0	reg_əd	no_change	no_change
final	s ʌ f ɹ̩	s ʌ f ɹ̩ d	s ʌ f ɹ̩ d	f l a ʊ ɹ̩	f l a ʊ ɹ̩ d	f l a ʊ ɹ̩ d	s ʌ f ɹ̩ d	1	1	reg_d	reg_d	reg_d
final	v ɪ ʒ w ə l a ɪ z	v ɪ ʒ w ə l a ɪ z d	v ɪ l d	ɪ k s k j uː z	ɪ k s k j uː z d	ɪ k s k j uː z d	v ɪ ʒ w ə l a ɪ z d	0	1	reg_d	other	reg_d
final	k æ p	k æ p t	k æ p t	b ʌ m p	b ʌ m p t	b ʌ m p t	k æ p t	1	1	reg_t	reg_t	reg_t
final	t ʌ m b ə l	t ʌ m b ə l d	t ɪ m b ə l d	b ʌ b ə l	b ʌ b ə l d	b ʌ b ə l d	t ʌ m b ə l d	0	1	reg_d	other	reg_d
final	d ɪ s k r a ɪ b	d ɪ s k r a ɪ b d	d ɪ s k r a ɪ s k t ə d	d ʌ b	d ʌ b d	d ʌ b d	d ɪ s k r a ɪ b d	0	1	reg_d	other	reg_d
final	h ɛ z ə t e ɪ t	h ɛ z ə t e ɪ t ə d	h t ə t ə t e ɪ t	w a ɪ t	w a ɪ t ə d	w a ɪ t ə d	h ɛ z ə t e ɪ t ə d	0	1	reg_əd	other	reg_əd
final	m ɑː r	m ɑː r d	m ɑː r d	h iː r	h ɹ̩ d	h ɹ̩ d	NA	0	0	reg_d	reg_d	rhyme_replaced
final	p r ə n a ʊ n s	p r ə n a ʊ n s t	p r ə n a ʊ n a ʊ z d	d æ n s	d æ n s t	d æ n s t	p r ə n a ʊ n s t	0	1	reg_t	other	reg_t
final	f ɪ k s e ɪ t	f ɪ k s e ɪ t ə d	f ɪ k s e ɪ t ə d	p æ n t	p æ n t ə d	p æ n t ə d	f ɪ k s e ɪ t ə d	1	1	reg_əd	reg_əd	reg_əd
final	b ɑː s	b ɑː s t	b ɑː s t	l e ɪ s	l e ɪ s t	l e ɪ s t	b ɑː s t	1	1	reg_t	reg_t	reg_t
final	d ɪ s t ɹ̩ b	d ɪ s t ɹ̩ b d	d ɪ s t ɹ̩ d ə d	d ʌ b	d ʌ b d	d ʌ b d	d ɪ s t ɹ̩ b d	0	1	reg_d	other	reg_d
final	s n æ k	s n æ k t	s n æ k t	d ʌ ŋ k	d ʌ ŋ k t	d ʌ ŋ k t	s n æ k t	1	1	reg_t	reg_t	reg_t
final	d ʌ s t	d ʌ s t ə d	d ʌ s t ə d	m j uː t	m j uː t ə d	m j uː t ə d	d ʌ s t ə d	1	1	reg_əd	reg_əd	reg_əd
final	m o ʊ n	m o ʊ n d	m o ʊ n d	t͡ʃ ɪ k ə n	t͡ʃ ɪ k ə n d	t͡ʃ ɪ k ə n d	m o ʊ n d	1	1	reg_d	reg_d	reg_d
final	p iː l	p iː l d	p iː l d	p ʊ l	p ʊ l d	p ʊ l d	p iː l d	1	1	reg_d	reg_d	reg_d
final	f l ɑː p	f l ɑː p t	f l ɑː p t	t r ɪ p	t r ɪ p t	t r ɪ p t	f l ɑː p t	1	1	reg_t	reg_t	reg_t
final	f l æ ʃ	f l æ ʃ t	f l æ ʃ t	p ʊ ʃ	p ʊ ʃ t	p ʊ ʃ t	f l æ ʃ t	1	1	reg_t	reg_t	reg_t
final	p e ɪ s t	p e ɪ s t ə d	p e ɪ s t ə d	d ɑː r t	d ɑː r t ə d	d ɑː r t ə d	p e ɪ s t ə d	1	1	reg_əd	reg_əd	reg_əd
final	ɡ ɑː r b ə l	ɡ ɑː r b ə l d	ɡ ɑː r b ə l d	f a ɪ l	f a ɪ l d	f a ɪ l d	ɡ ɑː r b ə l d	1	1	reg_d	reg_d	reg_d
final	ɪ n t ɛ n d	ɪ n t ɛ n d ə d	ɪ n t ɛ n d ə d	b l ʌ d	b l ʌ d ə d	b l ʌ d ə d	ɪ n t ɛ n d ə d	1	1	reg_əd	reg_əd	reg_əd
final	r o ʊ t e ɪ t	r o ʊ t e ɪ t ə d	r o ʊ t e ɪ t ə d	h ɹ̩ t	h ɹ̩ t	h ɹ̩ t	r o ʊ t e ɪ t	0	0	reg_əd	reg_əd	no_change
final	s ɑː l v	s ɑː l v d	s ɑː l v d	s ɹ̩ v	s ɹ̩ v d	s ɹ̩ v d	s ɑː l v d	1	1	reg_d	reg_d	reg_d
final	r ɪ s p ɑː n d	r ɪ s p ɑː n d ə d	r ɪ s p ɑː s t ə d	m a ɪ n d	m a ɪ n d ə d	m a ɪ n d ə d	r ɪ s p ɑː n d ə d	0	1	reg_əd	other	reg_əd
final	p r a ɪ s	p r a ɪ s t	p r a ɪ s t	a ɪ s	a ɪ s t	a ɪ s t	p r a ɪ s t	1	1	reg_t	reg_t	reg_t
final	h ɑː r p	h ɑː r p t	h ɑː r p t	h ɛ l p	h ɛ l p t	h ɛ l p t	h ɑː r p t	1	1	reg_t	reg_t	reg_t
final	ɪ ɡ z ɔ s t	ɪ ɡ z ɔ s t ə d	ɪ ɡ z ɔ s t ə d	d a ʊ t	d a ʊ t ə d	d a ʊ t ə d	ɪ ɡ z ɔ s t ə d	1	1	reg_əd	reg_əd	reg_əd
final	t ɛ r ə f a ɪ	t ɛ r ə f a ɪ d	t ɛ r ə f a ɪ d	a ɪ	a ɪ d	a ɪ d	t ɛ r ə f a ɪ d	1	1	reg_d	reg_d	reg_d
final	s a ʊ	s a ʊ d	s a ʊ d	o ʊ	o ʊ d	o ʊ d	s a ʊ d	1	1	reg_d	reg_d	reg_d
final	e ɪ d	e ɪ d ə d	e ɪ d ə d	s p r ɛ d	s p r ɛ d	s p r ɛ d	e ɪ d	0	0	reg_əd	reg_əd	no_change
final	ə n p æ k	ə n p æ k t	ə n p æ k t	p o ʊ k	p o ʊ k t	p o ʊ k t	ə n p æ k t	1	1	reg_t	reg_t	reg_t
majority	ɡ ɛ t	ɡ ɑː t	ɡ ɛ t	ɪ ɡ z æ m ɪ n	ɪ ɡ z æ m ɪ n d	ɪ ɡ z æ m ɪ n d	ɡ ɛ t d	0	0	vowel_change	no_change	reg_d
majority	p ʊ t	p ʊ t	p ʊ t	m æ n ə d͡ʒ	m æ n ə d͡ʒ d	m æ n ə d͡ʒ d	p ʊ t d	0	0	no_change	no_change	reg_d
majority	ɡ o ʊ	w ɛ n t	ɡ o ʊ d	j ɛ l	j ɛ l d	j ɛ l d	ɡ o ʊ d	1	0	other	reg_d	reg_d
majority	iː t	e ɪ t	iː ɔ d	t æ k ə l	t æ k ə l d	t æ k ə l d	iː t d	0	0	vowel_change	rhyme_replaced	reg_d
majority	w ɔ n t	w ɔ n t ə d	w ɔ n t ə d	t ʌ ɡ	t ʌ ɡ d	t ʌ ɡ d	w ɔ n t d	0	0	reg_əd	reg_əd	reg_d
majority	n ɑː k	n ɑː k t	n ɑː k t	ɡ e ɪ n	ɡ e ɪ n d	ɡ e ɪ n d	n ɑː k d	0	0	reg_t	reg_t	reg_d
majority	l ɪ s ə n	l ɪ s ə n d	l ɪ s ə n d	d ɑː k t ɹ̩	d ɑː k t ɹ̩ d	d ɑː k t ɹ̩ d	l ɪ s ə n d	1	1	reg_d	reg_d	reg_d
majority	p ʌ f	p ʌ f t	p ʌ f t	s m uː ð	s m uː ð d	s m uː ð d	p ʌ f d	0	0	reg_t	reg_t	reg_d
majority	h o ʊ p	h o ʊ p t	h o ʊ p t	p l e ɪ n	p l e ɪ n d	p l e ɪ n d	h o ʊ p d	0	0	reg_t	reg_t	reg_d
majority	n iː d	n iː d ə d	n ɛ d ə d	r iː m uː v	r iː m uː v d	r iː m uː v d	n iː d d	0	0	reg_əd	other	reg_d
majority	k æ t͡ʃ	k ɔ t	k æ t͡ʃ t	s t ɑː r	s t ɑː r d	s t ɑː r d	k æ t͡ʃ d	0	0	rhyme_replaced	reg_t	reg_d
majority	z ɪ p ɹ̩	z ɪ p ɹ̩ d	z ɪ p ɹ̩ d	ɑː r ɡ j uː	ɑː r ɡ j uː d	ɑː r ɡ j uː d	z ɪ p ɹ̩ d	1	1	reg_d	reg_d	reg_d
majority	h ɑː p	h ɑː p t	h ɑː p t	ɡ ʌ m	ɡ ʌ m d	ɡ ʌ m d	h ɑː p d	0	0	reg_t	reg_t	reg_d
majority	k æ r iː	k æ r iː d	k æ r iː d	t o ʊ	t o ʊ d	t o ʊ d	k æ r iː d	1	1	reg_d	reg_d	reg_d
majority	r ɪ t ɹ̩ n	r ɪ t ɹ̩ n d	r ɪ t ɹ̩ n d	d r iː m	d r iː m d	d r iː m d	r ɪ t ɹ̩ n d	1	1	reg_d	reg_d	reg_d
majority	f iː d	f ɛ d	f iː d ə d	t o ʊ	t o ʊ d	t o ʊ d	f iː d d	0	0	vowel_change	reg_əd	reg_d
majority	ɡ ɑː b ə l	ɡ ɑː b ə l d	ɡ ɑː b ə l d	h æ p ə n	h æ p ə n d	h æ p ə n d	ɡ ɑː b ə l d	1	1	reg_d	reg_d	reg_d
majority	o ʊ p ə n	o ʊ p ə n d	o ʊ p ə n d	b l ɑː s ə m	b l ɑː s ə m d	b l ɑː s ə m d	o ʊ p ə n d	1	1	reg_d	reg_d	reg_d
majority	h o ʊ l d	h ɛ l d	h o ʊ l d ə d	s t ɹ̩	s t ɹ̩ d	s t ɹ̩ d	h o ʊ l d d	0	0	vowel_change	reg_əd	reg_d
majority	d ɪ l ɪ v ɹ̩	d ɪ l ɪ v ɹ̩ d	d ɪ l ɪ v ɹ̩ d	s k r ʌ b	s k r ʌ b d	s k r ʌ b d	d ɪ l ɪ v ɹ̩ d	1	1	reg_d	reg_d	reg_d
majority	r ʌ b	r ʌ b d	r ʌ b d	ɔ r ɡ ə n a ɪ z	ɔ r ɡ ə n a ɪ z d	ɔ r ɡ ə n a ɪ z d	r ʌ b d	1	1	reg_d	reg_d	reg_d
majority	w ɑː t͡ʃ	w ɑː t͡ʃ t	w ɑː t͡ʃ t	s k r æ m b ə l	s k r æ m b ə l d	s k r æ m b ə l d	w ɑː t͡ʃ d	0	0	reg_t	reg_t	reg_d
majority	p l iː z	p l iː z d	p l o ʊ z	b ʌ b ə l	b ʌ b ə l d	b ʌ b ə l d	p l iː z d	0	1	reg_d	vowel_change	reg_d
majority	w ɔ k	w ɔ k t	w ɔ k t	ɡ æ ð ɹ̩	ɡ æ ð ɹ̩ d	ɡ æ ð ɹ̩ d	w ɔ k d	0	0	reg_t	reg_t	reg_d
majority	p æ k	p æ k t	p æ k t	k uː l	k uː l d	k uː l d	p æ k d	0	0	reg_t	reg_t	reg_d
majority	s a ʊ n d	s a ʊ n d ə d	s a ʊ n d ə d	s e ɪ v	s e ɪ v d	s e ɪ v d	s a ʊ n d d	0	0	reg_əd	reg_əd	reg_d
majority	ɡ r æ b	ɡ r æ b d	ɡ r æ b d	s p ʌ n d͡ʒ	s p ʌ n d͡ʒ d	s p ʌ n d͡ʒ d	ɡ r æ b d	1	1	reg_d	reg_d	reg_d
majority	m æ n	m æ n d	m æ n d	m e ɪ l	m e ɪ l d	m e ɪ l d	m æ n d	1	1	reg_d	reg_d	reg_d
majority	f iː l	f ɛ l t	f iː l d	t ɛ l ə f o ʊ n	t ɛ l ə f o ʊ n d	t ɛ l ə f o ʊ n d	f iː l d	1	0	vowel_change_suffix	reg_d	reg_d
majority	n e ɪ m	n e ɪ m d	n e ɪ m d	b ɪ l	b ɪ l d	b ɪ l d	n e ɪ m d	1	1	reg_d	reg_d	reg_d
majority	f l o ʊ	f l o ʊ d	f l o ʊ d	l e ɪ	l e ɪ d	l e ɪ d	f l o ʊ d	1	1	reg_d	reg_d	reg_d
majority	w ɛ ð ɹ̩	w ɛ ð ɹ̩ d	w ɛ ð ɹ̩ d	ə k j uː z	ə k j uː z d	ə k j uː z d	w ɛ ð ɹ̩ d	1	1	reg_d	reg_d	reg_d
majority	l a ɪ	l e ɪ	l a ɪ d	t͡ʃ ʌ k ə l	t͡ʃ ʌ k ə l d	t͡ʃ ʌ k ə l d	l a ɪ d	1	0	vowel_change	reg_d	reg_d
majority	k r æ ʃ	k r æ ʃ t	k r æ ʃ t	w ɔ r m	w ɔ r m d	w ɔ r m d	k r æ ʃ d	0	0	reg_t	reg_t	reg_d
majority	p e ɪ d͡ʒ	p e ɪ d͡ʒ d	p e ɪ d͡ʒ d	o ʊ b e ɪ	o ʊ b e ɪ d	o ʊ b e ɪ d	p e ɪ d͡ʒ d	1	1	reg_d	reg_d	reg_d
majority	t͡ʃ o ʊ k	t͡ʃ o ʊ k t	t͡ʃ o ʊ k t	b uː	b uː d	b uː d	t͡ʃ o ʊ k d	0	0	reg_t	reg_t	reg_d
majority	b l ɛ s	b l ɛ s t	b l ɛ s t	æ n s ɹ̩	æ n s ɹ̩ d	æ n s ɹ̩ d	b l ɛ s d	0	0	reg_t	reg_t	reg_d
majority	d ɪ ŋ	d ɪ ŋ d	d ɪ ŋ	p ɑː r t iː	p ɑː r t iː d	p ɑː r t iː d	d ɪ ŋ d	0	1	reg_d	no_change	reg_d
majority	s ɛ l	s o ʊ l d	s ɛ l d	p l e ɪ n	p l e ɪ n d	p l e ɪ n d	s ɛ l d	1	0	vowel_change_suffix	reg_d	reg_d
majority	b ɪ ɡ ɪ n	b ɪ ɡ æ n	b ɪ ɡ ɪ n d	b ɑː t ə l	b ɑː t ə l d	b ɑː t ə l d	b ɪ ɡ ɪ n d	1	0	vowel_change	reg_d	reg_d
majority	d͡ʒ ɔ ɪ n	d͡ʒ ɔ ɪ n d	d͡ʒ ɔ ɪ n d	f a ɪ l	f a ɪ l d	f a ɪ l d	d͡ʒ ɔ ɪ n d	1	1	reg_d	reg_d	reg_d
majority	l ɑː k	l ɑː k t	l ɑː k t	ɔ f ɹ̩	ɔ f ɹ̩ d	ɔ f ɹ̩ d	l ɑː k d	0	0	reg_t	reg_t	reg_d
majority	b ɪ l iː v	b ɪ l iː v d	b ɪ l iː v d	l ʌ v	l ʌ v d	l ʌ v d	b ɪ l iː v d	1	1	reg_d	reg_d	reg_d
majority	ə n d ɹ̩ s t æ n d	ə n d ɹ̩ s t ʊ d	ə n t ə t ə n d	w ɔ r n	w ɔ r n d	w ɔ r n d	ə n d ɹ̩ s t æ n d d	0	0	rhyme_replaced	other	reg_d
majority	t r e ɪ n	t r e ɪ n d	t r e ɪ n d	s p ɛ l	s p ɛ l d	s p ɛ l d	t r e ɪ n d	1	1	reg_d	reg_d	reg_d
majority	k r ɔ l	k r ɔ l d	k r ɔ l d	k l o ʊ z	k l o ʊ z d	k l o ʊ z d	k r ɔ l d	1	1	reg_d	reg_d	reg_d
majority	p æ t	p æ t ə d	p æ t ə d	m ʌ s ə l	m ʌ s ə l d	m ʌ s ə l d	p æ t d	0	0	reg_əd	reg_əd	reg_d
majority	ɔ r d ɹ̩	ɔ r d ɹ̩ d	ɔ r d ɹ̩ d	k æ p t͡ʃ ɹ̩	k æ p t͡ʃ ɹ̩ d	k æ p t͡ʃ ɹ̩ d	ɔ r d ɹ̩ d	1	1	reg_d	reg_d	reg_d
majority	f l a ɪ	f l uː	f l a ɪ d	v a ʊ	v a ʊ d	v a ʊ d	f l a ɪ d	1	0	vowel_change	reg_d	reg_d
majority	l o ʊ d	l o ʊ d ə d	l o ʊ d ə d	m ɛ m ɹ̩ a ɪ z	m ɛ m ɹ̩ a ɪ z d	m ɛ m ɹ̩ a ɪ z d	l o ʊ d d	0	0	reg_əd	reg_əd	reg_d
majority	k ə m p l e ɪ n	k ə m p l e ɪ n d	k ə m p l e ɪ n d	t͡ʃ ɪ k ə n	t͡ʃ ɪ k ə n d	t͡ʃ ɪ k ə n d	k ə m p l e ɪ n d	1	1	reg_d	reg_d	reg_d
majority	b l ɛ n d	b l ɛ n d ə d	b l ɛ n d ə d	l a ɪ v	l a ɪ v d	l a ɪ v d	b l ɛ n d d	0	0	reg_əd	reg_əd	reg_d
majority	b l ɑː k	b l ɑː k t	b l ɑː k t	ə s uː m	ə s uː m d	ə s uː m d	b l ɑː k d	0	0	reg_t	reg_t	reg_d
majority	t ɪ p	t ɪ p t	t ɪ p t	p ɹ̩ f ɔ r m	p ɹ̩ f ɔ r m d	p ɹ̩ f ɔ r m d	t ɪ p d	0	0	reg_t	reg_t	reg_d
majority	d͡ʒ ɛ t	d͡ʒ ɛ t ə d	d͡ʒ ɛ t	ɪ n t ɹ̩ f ɪ r	ɪ n t ɹ̩ f ɪ r d	ɪ n t ɹ̩ f ɪ r d	d͡ʒ ɛ t d	0	0	reg_əd	no_change	reg_d
majority	b r iː ð	b r iː ð d	b r iː ð d	ə p iː r	ə p iː r d	ə p iː r d	b r iː ð d	1	1	reg_d	reg_d	reg_d
majority	d a ɪ ə l	d a ɪ ə l d	d a ɪ ə l d	r ɛ s ə l	r ɛ s ə l d	r ɛ s ə l d	d a ɪ ə l d	1	1	reg_d	reg_d	reg_d
majority	m ɛ n ʃ ə n	m ɛ n ʃ ə n d	m ɛ n ʃ ə n d	ɡ ɪ ɡ ə l	ɡ ɪ ɡ ə l d	ɡ ɪ ɡ ə l d	m ɛ n ʃ ə n d	1	1	reg_d	reg_d	reg_d
majority	h ʌ ɡ	h ʌ ɡ d	h ʌ ɡ d	f ɑː l o ʊ	f ɑː l o ʊ d	f ɑː l o ʊ d	h ʌ ɡ d	1	1	reg_d	reg_d	reg_d
majority	p a ʊ ɹ̩	p a ʊ ɹ̩ d	p a ʊ ɹ̩ d	s a ʊ ɹ̩	s a ʊ ɹ̩ d	s a ʊ ɹ̩ d	p a ʊ ɹ̩ d	1	1	reg_d	reg_d	reg_d
majority	s ɑː k	s ɑː k t	s ɑː k t	k r æ k ə l	k r æ k ə l d	k r æ k ə l d	s ɑː k d	0	0	reg_t	reg_t	reg_d
majority	w uː p	w uː p t	w uː p t	w ɔ t ɹ̩	w ɔ t ɹ̩ d	w ɔ t ɹ̩ d	w uː p d	0	0	reg_t	reg_t	reg_d
majority	r iː m a ɪ n d	r iː m a ɪ n d ə d	r iː m a ɪ n d ə d	f e ɪ l	f e ɪ l d	f e ɪ l d	r iː m a ɪ n d d	0	0	reg_əd	reg_əd	reg_d
majority	h æ n d ə l	h æ n d ə l d	h æ n d ə l d	m a ʊ ð	m a ʊ ð d	m a ʊ ð d	h æ n d ə l d	1	1	reg_d	reg_d	reg_d
majority	s n iː z	s n iː z d	s n iː z d	b ɛ t ɹ̩	b ɛ t ɹ̩ d	b ɛ t ɹ̩ d	s n iː z d	1	1	reg_d	reg_d	reg_d
majority	v ɪ z ɪ t	v ɪ z ɪ t ə d	v ɪ z ɪ t ə d	p a ʊ d ɹ̩	p a ʊ d ɹ̩ d	p a ʊ d ɹ̩ d	v ɪ z ɪ t d	0	0	reg_əd	reg_əd	reg_d
majority	s l a ɪ d	s l ɪ d	s l a ɪ d ə d	a ɪ	a ɪ d	a ɪ d	s l a ɪ d d	0	0	vowel_change	reg_əd	reg_d
majority	p l æ n	p l æ n d	p l æ n d	d ɔ ɡ	d ɔ ɡ d	d ɔ ɡ d	p l æ n d	1	1	reg_d	reg_d	reg_d
majority	ɛ l b o ʊ	ɛ l b o ʊ d	ɛ l b o ʊ d	d r a ʊ n	d r a ʊ n d	d r a ʊ n d	ɛ l b o ʊ d	1	1	reg_d	reg_d	reg_d
majority	b ɑː k s	b ɑː k s t	b ɑː k s t	θ ɔ	θ ɔ d	θ ɔ d	b ɑː k s d	0	0	reg_t	reg_t	reg_d
majority	ɪ n k l uː d	ɪ n k l uː d ə d	ɪ n k l uː d ə d	e ɪ d͡ʒ	e ɪ d͡ʒ d	e ɪ d͡ʒ d	ɪ n k l uː d d	0	0	reg_əd	reg_əd	reg_d
majority	b ɹ̩ n	b ɹ̩ n d	b ɹ̩ n d	w ɪ s p ɹ̩	w ɪ s p ɹ̩ d	w ɪ s p ɹ̩ d	b ɹ̩ n d	1	1	reg_d	reg_d	reg_d
majority	ʃ e ɪ p	ʃ e ɪ p t	ʃ e ɪ p t	w iː k ə n	w iː k ə n d	w iː k ə n d	ʃ e ɪ p d	0	0	reg_t	reg_t	reg_d
majority	b o ʊ n	b o ʊ n d	b o ʊ n d	p ɑː r t iː	p ɑː r t iː d	p ɑː r t iː d	b o ʊ n d	1	1	reg_d	reg_d	reg_d
majority	f ɪ l	f ɪ l d	f ɪ l d	w ɑː f ə l	w ɑː f ə l d	w ɑː f ə l d	f ɪ l d	1	1	reg_d	reg_d	reg_d
majority	m æ s k	m æ s k t	m æ s k t	ɔ r ɡ ə n a ɪ z	ɔ r ɡ ə n a ɪ z d	ɔ r ɡ ə n a ɪ z d	m æ s k d	0	0	reg_t	reg_t	reg_d
majority	s ɛ l ə b r e ɪ t	s ɛ l ə b r e ɪ t ə d	s ɛ r ə r e ɪ r e ɪ e ɪ t ə d	s ɔ	s ɔ d	s ɔ d	s ɛ l ə b r e ɪ t d	0	0	reg_əd	other	reg_d
majority	k r ʌ m b ə l	k r ʌ m b ə l d	k r ʌ m b ə l d	w ɔ r n	w ɔ r n d	w ɔ r n d	k r ʌ m b ə l d	1	1	reg_d	reg_d	reg_d
majority	r ɑː k	r ɑː k t	r ɑː k t	ɪ n t ɹ̩ f ɪ r	ɪ n t ɹ̩ f ɪ r d	ɪ n t ɹ̩ f ɪ r d	r ɑː k d	0	0	reg_t	reg_t	reg_d
majority	ɡ ɛ r ə n t iː	ɡ ɛ r ə n t iː d	ɡ ɛ r ə n t ə d	s n ɑː r ə l	s n ɑː r ə l d	s n ɑː r ə l d	ɡ ɛ r ə n t iː d	0	1	reg_d	vowel_change_suffix	reg_d
majority	k ə n ɛ k t	k ə n ɛ k t ə d	k ə n ɛ k t ə d	æ n s ɹ̩	æ n s ɹ̩ d	æ n s ɹ̩ d	k ə n ɛ k t d	0	0	reg_əd	reg_əd	reg_d
majority	t ɔ s	t ɔ s t	t ɔ s t	s k r æ m b ə l	s k r æ m b ə l d	s k r æ m b ə l d	t ɔ s d	0	0	reg_t	reg_t	reg_d
majority	iː v ɪ n	iː v ɪ n d	iː v d	w ɔ r n	w ɔ r n d	w ɔ r n d	iː v ɪ n d	0	1	reg_d	other	reg_d
majority	b a ʊ n s	b a ʊ n s t	b a ʊ n s t	s l æ m	s l æ m d	s l æ m d	b a ʊ n s d	0	0	reg_t	reg_t	reg_d
majority	ɹ̩ n	ɹ̩ n d	ɹ̩ n d	ɡ l uː	ɡ l uː d	ɡ l uː d	ɹ̩ n d	1	1	reg_d	reg_d	reg_d
majority	k l a ʊ d	k l a ʊ d ə d	k l a ʊ d ə d	b ʌ z	b ʌ z d	b ʌ z d	k l a ʊ d d	0	0	reg_əd	reg_əd	reg_d
majority	k ʌ p ə l	k ʌ p ə l d	k ʌ p ə l d	a ɪ	a ɪ d	a ɪ d	k ʌ p ə l d	1	1	reg_d	reg_d	reg_d
majority	f l ʌ ʃ	f l ʌ ʃ t	f l ʌ ʃ t	b ɪ h e ɪ v	b ɪ h e ɪ v d	b ɪ h e ɪ v d	f l ʌ ʃ d	0	0	reg_t	reg_t	reg_d
majority	h ɑː r n ə s	h ɑː r n ə s t	h ɑː r n ə s t	ɪ ɡ z æ m ɪ n	ɪ ɡ z æ m ɪ n d	ɪ ɡ z æ m ɪ n d	h ɑː r n ə s d	0	0	reg_t	reg_t	reg_d
majority	b r a ʊ n	b r a ʊ n d	b r a ʊ n d	w iː	w iː d	w iː d	b r a ʊ n d	1	1	reg_d	reg_d	reg_d
majority	s t ɪ ŋ k	s t ʌ ŋ k	s t ʌ ŋ k t	t w ɹ̩ l	t w ɹ̩ l d	t w ɹ̩ l d	s t ɪ ŋ k d	0	0	vowel_change	vowel_change_suffix	reg_d
majority	r iː f r ɛ ʃ	r iː f r ɛ ʃ t	r iː f r ɛ ʃ t	h ɑː l ɹ̩	h ɑː l ɹ̩ d	h ɑː l ɹ̩ d	r iː f r ɛ ʃ d	0	0	reg_t	reg_t	reg_d
majority	p r ə f ɹ̩	p r ə f ɹ̩ d	p r ə f ɹ̩ d	f a ɪ ɹ̩	f a ɪ ɹ̩ d	f a ɪ ɹ̩ d	p r ə f ɹ̩ d	1	1	reg_d	reg_d	reg_d
majority	s t iː l	s t o ʊ l	s t iː l d	b ʌ t ə n	b ʌ t ə n d	b ʌ t ə n d	s t iː l d	1	0	vowel_change	reg_d	reg_d
majority	b æ n d	b æ n d ə d	b æ n d ə d	f o ʊ n	f o ʊ n d	f o ʊ n d	b æ n d d	0	0	reg_əd	reg_əd	reg_d
majority	r ɪ d	r ɪ d	r ɪ d	r ə f ɹ̩	r ə f ɹ̩ d	r ə f ɹ̩ d	r ɪ d d	0	0	no_change	no_change	reg_d
majority	k o ʊ ɑː p ɹ̩ e ɪ t	k o ʊ ɑː p ɹ̩ e ɪ t ə d	k o ʊ k e ɪ k ɹ̩ d	b ɑː r o ʊ	b ɑː r o ʊ d	b ɑː r o ʊ d	k o ʊ ɑː p ɹ̩ e ɪ t d	0	0	reg_əd	other	reg_d
majority	b ɑː ð ɹ̩	b ɑː ð ɹ̩ d	b ɑː ð ɹ̩ d	ə s uː m	ə s uː m d	ə s uː m d	b ɑː ð ɹ̩ d	1	1	reg_d	reg_d	reg_d
majority	r ɛ s t	r ɛ s t ə d	r ɛ s t	s iː s ɔ	s iː s ɔ d	s iː s ɔ d	r ɛ s t d	0	0	reg_əd	no_change	reg_d
majority	ɑː k j ə p a ɪ	ɑː k j ə p a ɪ d	ɑː k j ə p a ɪ d	ɔ f ɹ̩	ɔ f ɹ̩ d	ɔ f ɹ̩ d	ɑː k j ə p a ɪ d	1	1	reg_d	reg_d	reg_d
majority	s k r ɪ b ə l	s k r ɪ b ə l d	s k r ɪ b ə l d	h j uː m ɹ̩	h j uː m ɹ̩ d	h j uː m ɹ̩ d	s k r ɪ b ə l d	1	1	reg_d	reg_d	reg_d
majority	b l æ s t	b l æ s t ə d	b l æ s t ə d	l ɹ̩ n	l ɹ̩ n d	l ɹ̩ n d	b l æ s t d	0	0	reg_əd	reg_əd	reg_d
majority	h æ m ɹ̩	h æ m ɹ̩ d	h æ m ɹ̩ d	w ɑː n d ɹ̩	w ɑː n d ɹ̩ d	w ɑː n d ɹ̩ d	h æ m ɹ̩ d	1	1	reg_d	reg_d	reg_d
majority	d r ɪ l	d r ɪ l d	d r ɪ l d	s p l ɪ n t ɹ̩	s p l ɪ n t ɹ̩ d	s p l ɪ n t ɹ̩ d	d r ɪ l d	1	1	reg_d	reg_d	reg_d
majority	p r æ k t ɪ s	p r æ k t ɪ s t	p r æ k t ə s t	θ ʌ m	θ ʌ m d	θ ʌ m d	p r æ k t ɪ s d	0	0	reg_t	vowel_change_suffix	reg_d
majority	t a ɪ p	t a ɪ p t	t a ɪ p t	k l iː n	k l iː n d	k l iː n d	t a ɪ p d	0	0	reg_t	reg_t	reg_d
majority	æ d	æ d ə d	æ d ʌ d	r ɪ m ɛ m b ɹ̩	r ɪ m ɛ m b ɹ̩ d	r ɪ m ɛ m b ɹ̩ d	æ d d	0	0	reg_əd	other	reg_d
majority	b o ʊ l	b o ʊ l d	b o ʊ l d	d ɔ ɡ	d ɔ ɡ d	d ɔ ɡ d	b o ʊ l d	1	1	reg_d	reg_d	reg_d
majority	t o ʊ t	t o ʊ t ə d	t o ʊ t ə d	ʃ a ɪ n	ʃ a ɪ n d	ʃ a ɪ n d	t o ʊ t d	0	0	reg_əd	reg_əd	reg_d
majority	s w ɪ ʃ	s w ɪ ʃ t	s w ɪ ʃ t	s n ɑː r ə l	s n ɑː r ə l d	s n ɑː r ə l d	s w ɪ ʃ d	0	0	reg_t	reg_t	reg_d
majority	b l e ɪ m	b l e ɪ m d	b l e ɪ m d	s a ɪ	s a ɪ d	s a ɪ d	b l e ɪ m d	1	1	reg_d	reg_d	reg_d
majority	ɪ k s a ɪ t	ɪ k s a ɪ t ə d	ɪ k s a ɪ t ə d	b ɛ r iː	b ɛ r iː d	b ɛ r iː d	ɪ k s a ɪ t d	0	0	reg_əd	reg_əd	reg_d
majority	t͡ʃ a ɪ m	t͡ʃ a ɪ m d	t͡ʃ a ɪ m d	ɔ r ɡ ə n a ɪ z	ɔ r ɡ ə n a ɪ z d	ɔ r ɡ ə n a ɪ z d	t͡ʃ a ɪ m d	1	1	reg_d	reg_d	reg_d
majority	t͡ʃ iː r	t͡ʃ iː r d	t͡ʃ iː r d	s w ɹ̩ v	s w ɹ̩ v d	s w ɹ̩ v d	t͡ʃ iː r d	1	1	reg_d	reg_d	reg_d
majority	f r e ɪ m	f r e ɪ m d	f r e ɪ m d	h o ʊ l	h o ʊ l d	h o ʊ l d	f r e ɪ m d	1	1	reg_d	reg_d	reg_d
majority	d æ m	d æ m d	d æ m d	d ɪ l e ɪ	d ɪ l e ɪ d	d ɪ l e ɪ d	d æ m d	1	1	reg_d	reg_d	reg_d
majority	t͡ʃ iː t	t͡ʃ iː t ə d	t͡ʃ iː t	s ɹ̩ v	s ɹ̩ v d	s ɹ̩ v d	t͡ʃ iː t d	0	0	reg_əd	no_change	reg_d
majority	l iː n	l iː n d	l iː n d	t a ɪ ɹ̩	t a ɪ ɹ̩ d	t a ɪ ɹ̩ d	l iː n d	1	1	reg_d	reg_d	reg_d
majority	s k r iː m	s k r iː m d	s k r iː m d	s p l ɪ n t ɹ̩	s p l ɪ n t ɹ̩ d	s p l ɪ n t ɹ̩ d	s k r iː m d	1	1	reg_d	reg_d	reg_d
majority	ɪ ɡ n ɔ r	ɪ ɡ n ɔ r d	ɪ ɡ ɔ n ɔ r d	t ɪ ŋ k ə l	t ɪ ŋ k ə l d	t ɪ ŋ k ə l d	ɪ ɡ n ɔ r d	0	1	reg_d	other	reg_d
majority	s k uː p	s k uː p t	s k uː p t	p ɛ d ə l	p ɛ d ə l d	p ɛ d ə l d	s k uː p d	0	0	reg_t	reg_t	reg_d
majority	θ ʌ m p	θ ʌ m p t	θ ʌ m p t	s t ʌ b	s t ʌ b d	s t ʌ b d	θ ʌ m p d	0	0	reg_t	reg_t	reg_d
majority	s t iː r	s t iː r d	s t iː r d	d ɪ s ɡ a ɪ z	d ɪ s ɡ a ɪ z d	d ɪ s ɡ a ɪ z d	s t iː r d	1	1	reg_d	reg_d	reg_d
majority	s p ɪ n	s p ʌ n	s p æ n d	s ɪ z ə l	s ɪ z ə l d	s ɪ z ə l d	s p ɪ n d	0	0	vowel_change	vowel_change_suffix	reg_d
majority	h ʌ f	h ʌ f t	h ʌ f t	p ɹ̩ f ɔ r m	p ɹ̩ f ɔ r m d	p ɹ̩ f ɔ r m d	h ʌ f d	0	0	reg_t	reg_t	reg_d
majority	t ɛ n d	t ɛ n d ə d	t ɛ n t	d o ʊ z	d o ʊ z d	d o ʊ z d	t ɛ n d d	0	0	reg_əd	coda_change	reg_d
majority	s p e ɪ s	s p e ɪ s t	s p e ɪ s t	b ɛ ɡ	b ɛ ɡ d	b ɛ ɡ d	s p e ɪ s d	0	0	reg_t	reg_t	reg_d
majority	s t r e ɪ t ə n	s t r e ɪ t ə n d	s t r t ɪ t ə n d	ʃ a ɪ n	ʃ a ɪ n d	ʃ a ɪ n d	s t r e ɪ t ə n d	0	1	reg_d	other	reg_d
majority	p iː t ɹ̩	p iː t ɹ̩ d	p iː t ɹ̩ d	w a ɪ ɹ̩	w a ɪ ɹ̩ d	w a ɪ ɹ̩ d	p iː t ɹ̩ d	1	1	reg_d	reg_d	reg_d
majority	m a ɪ n	m a ɪ n d	m a ɪ n d	t a ɪ m	t a ɪ m d	t a ɪ m d	m a ɪ n d	1	1	reg_d	reg_d	reg_d
majority	h iː l	h iː l d	h iː l d	r ɛ s ə l	r ɛ s ə l d	r ɛ s ə l d	h iː l d	1	1	reg_d	reg_d	reg_d
majority	ə t r æ k t	ə t r æ k t ə d	ə t r æ k t ə d	ə s uː m	ə s uː m d	ə s uː m d	ə t r æ k t d	0	0	reg_əd	reg_əd	reg_d
majority	s k w ɛ r	s k w ɛ r d	s k w ɛ r d	d a ɪ n	d a ɪ n d	d a ɪ n d	s k w ɛ r d	1	1	reg_d	reg_d	reg_d
majority	f l ʌ f	f l ʌ f t	f l ʌ f t	k ɹ̩ l	k ɹ̩ l d	k ɹ̩ l d	f l ʌ f d	0	0	reg_t	reg_t	reg_d
majority	t o ʊ n	t o ʊ n d	t o ʊ n d	s l æ m	s l æ m d	s l æ m d	t o ʊ n d	1	1	reg_d	reg_d	reg_d
majority	d͡ʒ ɪ m iː	d͡ʒ ɪ m iː d	d͡ʒ ɪ m iː d	p r o ʊ ɡ r æ m	p r o ʊ ɡ r æ m d	p r o ʊ ɡ r æ m d	d͡ʒ ɪ m iː d	1	1	reg_d	reg_d	reg_d
majority	s m a ɪ l	s m a ɪ l d	s m a ɪ l d	s t ɛ r	s t ɛ r d	s t ɛ r d	s m a ɪ l d	1	1	reg_d	reg_d	reg_d
majority	ə n w a ɪ n d	ə n w a ʊ n d	ə n a ɪ n d ə d	s a ʊ ɹ̩	s a ʊ ɹ̩ d	s a ʊ ɹ̩ d	ə n w a ɪ n d d	0	0	vowel_change	other	reg_d
majority	d ɪ k l ɛ r	d ɪ k l ɛ r d	d ɪ k l ɛ r d	ə p iː r	ə p iː r d	ə p iː r d	d ɪ k l ɛ r d	1	1	reg_d	reg_d	reg_d
majority	k ə n d ʌ k t	k ə n d ʌ k t ə d	k ə n d	k ɔ l	k ɔ l d	k ɔ l d	k ə n d ʌ k t d	0	0	reg_əd	other	reg_d
majority	s t r e ɪ n	s t r e ɪ n d	s t r e ɪ n d	b ɔ r	b ɔ r d	b ɔ r d	s t r e ɪ n d	1	1	reg_d	reg_d	reg_d
majority	k ə l æ p s	k ə l æ p s t	k ə l æ p s t	d a ɪ n	d a ɪ n d	d a ɪ n d	k ə l æ p s d	0	0	reg_t	reg_t	reg_d
majority	p ɑː r t ɪ s ə p e ɪ t	p ɑː r t ɪ s ə p e ɪ t ə d	p s t ɪ p t	ɔ r ɡ ə n a ɪ z	ɔ r ɡ ə n a ɪ z d	ɔ r ɡ ə n a ɪ z d	p ɑː r t ɪ s ə p e ɪ t d	0	0	reg_əd	other	reg_d
majority	t r æ n z l e ɪ t	t r æ n z l e ɪ t ə d	t r æ n z d	j ɔ n	j ɔ n d	j ɔ n d	t r æ n z l e ɪ t d	0	0	reg_əd	other	reg_d
majority	d ɪ s k ʌ s	d ɪ s k ʌ s t	d ɪ s k ʌ s t	p ɪ k ə l	p ɪ k ə l d	p ɪ k ə l d	d ɪ s k ʌ s d	0	0	reg_t	reg_t	reg_d
majority	f ɹ̩ ɡ ɪ v	f ɹ̩ ɡ e ɪ v	f ɹ̩ ɡ ɪ v d	l ɔ ŋ	l ɔ ŋ d	l ɔ ŋ d	f ɹ̩ ɡ ɪ v d	1	0	vowel_change	reg_d	reg_d
majority	ə r a ɪ z	ə r o ʊ z	ə r a ɪ z d	ɪ n t ɹ̩ f ɪ r	ɪ n t ɹ̩ f ɪ r d	ɪ n t ɹ̩ f ɪ r d	ə r a ɪ z d	1	0	vowel_change	reg_d	reg_d
majority	f r a ɪ t ə n	f r a ɪ t ə n d	f r a ɪ t ə n d	k ʌ d ə l	k ʌ d ə l d	k ʌ d ə l d	f r a ɪ t ə n d	1	1	reg_d	reg_d	reg_d
majority	ɔ ɪ l	ɔ ɪ l d	ɔ ɪ l d	l ʌ v	l ʌ v d	l ʌ v d	ɔ ɪ l d	1	1	reg_d	reg_d	reg_d
majority	ə n l o ʊ d	ə n l o ʊ d ə d	ə n l o ʊ d ə d	l e ɪ	l e ɪ d	l e ɪ d	ə n l o ʊ d d	0	0	reg_əd	reg_əd	reg_d
majority	ɡ r ʌ m b ə l	ɡ r ʌ m b ə l d	ɡ r ʌ m b ə l d	t͡ʃ uː	t͡ʃ uː d	t͡ʃ uː d	ɡ r ʌ m b ə l d	1	1	reg_d	reg_d	reg_d
majority	r ɛ k	r ɛ k t	r ɛ k t	ə d ɔ r	ə d ɔ r d	ə d ɔ r d	r ɛ k d	0	0	reg_t	reg_t	reg_d
majority	s p ɑː t	s p ɑː t ə d	s p ɑː t	j ɔ n	j ɔ n d	j ɔ n d	s p ɑː t d	0	0	reg_əd	no_change	reg_d
majority	b ʌ t ɹ̩	b ʌ t ɹ̩ d	b ʌ t ɹ̩ d	b ɔ ɪ l	b ɔ ɪ l d	b ɔ ɪ l d	b ʌ t ɹ̩ d	1	1	reg_d	reg_d	reg_d
majority	s t iː p	s t iː p t	s t iː p t	ʃ ʌ v	ʃ ʌ v d	ʃ ʌ v d	s t iː p d	0	0	reg_t	reg_t	reg_d
majority	h ʌ s ə l	h ʌ s ə l d	h ʌ s ə l d	t iː z	t iː z d	t iː z d	h ʌ s ə l d	1	1	reg_d	reg_d	reg_d
majority	k ə n t ɪ n j uː	k ə n t ɪ n j uː d	k ə n t ɪ n j uː d	w ɑː b ə l	w ɑː b ə l d	w ɑː b ə l d	k ə n t ɪ n j uː d	1	1	reg_d	reg_d	reg_d
majority	r ɛ n t	r ɛ n t ə d	r ɛ n t ə d	s k r æ m b ə l	s k r æ m b ə l d	s k r æ m b ə l d	r ɛ n t d	0	0	reg_əd	reg_əd	reg_d
majority	k r ʌ n t͡ʃ	k r ʌ n t͡ʃ t	k r ʌ n t͡ʃ t	s k æ m p ɹ̩	s k æ m p ɹ̩ d	s k æ m p ɹ̩ d	k r ʌ n t͡ʃ d	0	0	reg_t	reg_t	reg_d
majority	r ɛ s k j uː	r ɛ s k j uː d	r ɛ s k j uː d	s e ɪ v	s e ɪ v d	s e ɪ v d	r ɛ s k j uː d	1	1	reg_d	reg_d	reg_d
majority	t ɑː p	t ɑː p t	t ɑː p t	r ɛ d iː	r ɛ d iː d	r ɛ d iː d	t ɑː p d	0	0	reg_t	reg_t	reg_d
majority	b l iː d	b l ɛ d	b l iː d ə d	s ɔ	s ɔ d	s ɔ d	b l iː d d	0	0	vowel_change	reg_əd	reg_d
majority	p r ɪ k	p r ɪ k t	p r ɪ k t	ʃ ɛ l	ʃ ɛ l d	ʃ ɛ l d	p r ɪ k d	0	0	reg_t	reg_t	reg_d
majority	o ʊ ɡ ə l	o ʊ ɡ ə l d	o ʊ ɡ ə l d	f o ʊ n	f o ʊ n d	f o ʊ n d	o ʊ ɡ ə l d	1	1	reg_d	reg_d	reg_d
majority	s ɔ ɪ l	s ɔ ɪ l d	s ɔ ɪ l d	b a ʊ	b a ʊ d	b a ʊ d	s ɔ ɪ l d	1	1	reg_d	reg_d	reg_d
majority	ɡ ɑː l f	ɡ ɑː l f t	ɡ ɑː l f t	t w ɹ̩ l	t w ɹ̩ l d	t w ɹ̩ l d	ɡ ɑː l f d	0	0	reg_t	reg_t	reg_d
majority	b ʌ s t	b ʌ s t ə d	b ʌ s t ə d	t͡ʃ ʌ ɡ	t͡ʃ ʌ ɡ d	t͡ʃ ʌ ɡ d	b ʌ s t d	0	0	reg_əd	reg_əd	reg_d
majority	r iː s a ɪ k ə l	r iː s a ɪ k ə l d	r iː s a ɪ k ə l d	b ɛ r iː	b ɛ r iː d	b ɛ r iː d	r iː s a ɪ k ə l d	1	1	reg_d	reg_d	reg_d
majority	s t uː	s t uː d	s t uː d	a ɪ	a ɪ d	a ɪ d	s t uː d	1	1	reg_d	reg_d	reg_d
majority	b æ t	b æ t ə d	b æ t	f æ s ə n	f æ s ə n d	f æ s ə n d	b æ t d	0	0	reg_əd	no_change	reg_d
majority	s ʌ f ɹ̩	s ʌ f ɹ̩ d	s ʌ f ɹ̩ d	d a ɪ n	d a ɪ n d	d a ɪ n d	s ʌ f ɹ̩ d	1	1	reg_d	reg_d	reg_d
majority	v ɪ ʒ w ə l a ɪ z	v ɪ ʒ w ə l a ɪ z d	v ɪ l d	s ə p o ʊ z	s ə p o ʊ z d	s ə p o ʊ z d	v ɪ ʒ w ə l a ɪ z d	0	1	reg_d	other	reg_d
majority	k æ p	k æ p t	k æ p t	b a ʊ	b a ʊ d	b a ʊ d	k æ p d	0	0	reg_t	reg_t	reg_d
majority	t ʌ m b ə l	t ʌ m b ə l d	t ɪ m b ə l d	s t e ɪ	s t e ɪ d	s t e ɪ d	t ʌ m b ə l d	0	1	reg_d	other	reg_d
majority	d ɪ s k r a ɪ b	d ɪ s k r a ɪ b d	d ɪ s k r a ɪ s k t ə d	r e ɪ n	r e ɪ n d	r e ɪ n d	d ɪ s k r a ɪ b d	0	1	reg_d	other	reg_d
majority	h ɛ z ə t e ɪ t	h ɛ z ə t e ɪ t ə d	h t ə t ə t e ɪ t	b ʌ t ə n	b ʌ t ə n d	b ʌ t ə n d	h ɛ z ə t e ɪ t d	0	0	reg_əd	other	reg_d
majority	m ɑː r	m ɑː r d	m ɑː r d	f ɛ r	f ɛ r d	f ɛ r d	m ɑː r d	1	1	reg_d	reg_d	reg_d
majority	p r ə n a ʊ n s	p r ə n a ʊ n s t	p r ə n a ʊ n a ʊ z d	s ɔ	s ɔ d	s ɔ d	p r ə n a ʊ n s d	0	0	reg_t	other	reg_d
majority	f ɪ k s e ɪ t	f ɪ k s e ɪ t ə d	f ɪ k s e ɪ t ə d	p ɔ z	p ɔ z d	p ɔ z d	f ɪ k s e ɪ t d	0	0	reg_əd	reg_əd	reg_d
majority	b ɑː s	b ɑː s t	b ɑː s t	ə l a ʊ	ə l a ʊ d	ə l a ʊ d	b ɑː s d	0	0	reg_t	reg_t	reg_d
majority	d ɪ s t ɹ̩ b	d ɪ s t ɹ̩ b d	d ɪ s t ɹ̩ d ə d	r ɪ k ɔ l	r ɪ k ɔ l d	r ɪ k ɔ l d	d ɪ s t ɹ̩ b d	0	1	reg_d	other	reg_d
majority	s n æ k	s n æ k t	s n æ k t	l ʌ v	l ʌ v d	l ʌ v d	s n æ k d	0	0	reg_t	reg_t	reg_d
majority	d ʌ s t	d ʌ s t ə d	d ʌ s t ə d	s p l ɪ n t ɹ̩	s p l ɪ n t ɹ̩ d	s p l ɪ n t ɹ̩ d	d ʌ s t d	0	0	reg_əd	reg_əd	reg_d
majority	m o ʊ n	m o ʊ n d	m o ʊ n d	s t e ɪ	s t e ɪ d	s t e ɪ d	m o ʊ n d	1	1	reg_d	reg_d	reg_d
majority	p iː l	p iː l d	p iː l d	b ɛ t ɹ̩	b ɛ t ɹ̩ d	b ɛ t ɹ̩ d	p iː l d	1	1	reg_d	reg_d	reg_d
majority	f l ɑː p	f l ɑː p t	f l ɑː p t	r ɔ r	r ɔ r d	r ɔ r d	f l ɑː p d	0	0	reg_t	reg_t	reg_d
majority	f l æ ʃ	f l æ ʃ t	f l æ ʃ t	s t ʌ d iː	s t ʌ d iː d	s t ʌ d iː d	f l æ ʃ d	0	0	reg_t	reg_t	reg_d
majority	p e ɪ s t	p e ɪ s t ə d	p e ɪ s t ə d	l e ɪ	l e ɪ d	l e ɪ d	p e ɪ s t d	0	0	reg_əd	reg_əd	reg_d
majority	ɡ ɑː r b ə l	ɡ ɑː r b ə l d	ɡ ɑː r b ə l d	ɔ f ɹ̩	ɔ f ɹ̩ d	ɔ f ɹ̩ d	ɡ ɑː r b ə l d	1	1	reg_d	reg_d	reg_d
majority	ɪ n t ɛ n d	ɪ n t ɛ n d ə d	ɪ n t ɛ n d ə d	l ɹ̩ n	l ɹ̩ n d	l ɹ̩ n d	ɪ n t ɛ n d d	0	0	reg_əd	reg_əd	reg_d
majority	r o ʊ t e ɪ t	r o ʊ t e ɪ t ə d	r o ʊ t e ɪ t ə d	w ɔ t ɹ̩	w ɔ t ɹ̩ d	w ɔ t ɹ̩ d	r o ʊ t e ɪ t d	0	0	reg_əd	reg_əd	reg_d
majority	s ɑː l v	s ɑː l v d	s ɑː l v d	w ʌ n d ɹ̩	w ʌ n d ɹ̩ d	w ʌ n d ɹ̩ d	s ɑː l v d	1	1	reg_d	reg_d	reg_d
majority	r ɪ s p ɑː n d	r ɪ s p ɑː n d ə d	r ɪ s p ɑː s t ə d	ɡ l o ʊ	ɡ l o ʊ d	ɡ l o ʊ d	r ɪ s p ɑː n d d	0	0	reg_əd	other	reg_d
majority	p r a ɪ s	p r a ɪ s t	p r a ɪ s t	w iː k ə n	w iː k ə n d	w iː k ə n d	p r a ɪ s d	0	0	reg_t	reg_t	reg_d
majority	h ɑː r p	h ɑː r p t	h ɑː r p t	t͡ʃ ɑː r d͡ʒ	t͡ʃ ɑː r d͡ʒ d	t͡ʃ ɑː r d͡ʒ d	h ɑː r p d	0	0	reg_t	reg_t	reg_d
majority	ɪ ɡ z ɔ s t	ɪ ɡ z ɔ s t ə d	ɪ ɡ z ɔ s t ə d	l a ɪ n	l a ɪ n d	l a ɪ n d	ɪ ɡ z ɔ s t d	0	0	reg_əd	reg_əd	reg_d
majority	t ɛ r ə f a ɪ	t ɛ r ə f a ɪ d	t ɛ r ə f a ɪ d	s ɹ̩ p r a ɪ z	s ɹ̩ p r a ɪ z d	s ɹ̩ p r a ɪ z d	t ɛ r ə f a ɪ d	1	1	reg_d	reg_d	reg_d
majority	s a ʊ	s a ʊ d	s a ʊ d	l ʌ v	l ʌ v d	l ʌ v d	s a ʊ d	1	1	reg_d	reg_d	reg_d
majority	e ɪ d	e ɪ d ə d	e ɪ d ə d	ɛ n t ɹ̩ t e ɪ n	ɛ n t ɹ̩ t e ɪ n d	ɛ n t ɹ̩ t e ɪ n d	e ɪ d d	0	0	reg_əd	reg_əd	reg_d
majority	ə n p æ k	ə n p æ k t	ə n p æ k t	d͡ʒ ʌ ɡ ə l	d͡ʒ ʌ ɡ ə l d	d͡ʒ ʌ ɡ ə l d	ə n p æ k d	0	0	reg_t	reg_t	reg_d
random	ɡ ɛ t	ɡ ɑː t	ɡ ɛ t	l ɛ d	l ɛ d ə d	l ɛ d ə d	ɡ ɛ t ə d	0	0	vowel_change	no_change	reg_əd
random	p ʊ t	p ʊ t	p ʊ t	ɪ n s p ɛ k t	ɪ n s p ɛ k t ə d	ɪ n s p ɛ k t ə d	p ʊ t ə d	0	0	no_change	no_change	reg_əd
random	ɡ o ʊ	w ɛ n t	ɡ o ʊ d	ɪ n v a ɪ t	ɪ n v a ɪ t ə d	ɪ n v a ɪ t ə d	ɡ o ʊ ə d	0	0	other	reg_d	reg_əd
random	iː t	e ɪ t	iː ɔ d	k ʊ k	k ʊ k t	k ʊ k t	iː t t	0	0	vowel_change	rhyme_replaced	reg_t
random	w ɔ n t	w ɔ n t ə d	w ɔ n t ə d	ə l a ʊ	ə l a ʊ d	ə l a ʊ d	w ɔ n t d	0	0	reg_əd	reg_əd	reg_d
random	n ɑː k	n ɑː k t	n ɑː k t	b ɑː t ə l	b ɑː t ə l d	b ɑː t ə l d	n ɑː k d	0	0	reg_t	reg_t	reg_d
random	l ɪ s ə n	l ɪ s ə n d	l ɪ s ə n d	d ɑː r t	d ɑː r t ə d	d ɑː r t ə d	l ɪ s ə n ə d	0	0	reg_d	reg_d	reg_əd
random	p ʌ f	p ʌ f t	p ʌ f t	m e ɪ l	m e ɪ l d	m e ɪ l d	p ʌ f d	0	0	reg_t	reg_t	reg_d
random	h o ʊ p	h o ʊ p t	h o ʊ p t	k ɪ l	k ɪ l d	k ɪ l d	h o ʊ p d	0	0	reg_t	reg_t	reg_d
random	n iː d	n iː d ə d	n ɛ d ə d	r e ɪ z	r e ɪ z d	r e ɪ z d	n iː d d	0	0	reg_əd	other	reg_d
random	k æ t͡ʃ	k ɔ t	k æ t͡ʃ t	f a ɪ ɹ̩	f a ɪ ɹ̩ d	f a ɪ ɹ̩ d	k æ t͡ʃ d	0	0	rhyme_replaced	reg_t	reg_d
random	z ɪ p ɹ̩	z ɪ p ɹ̩ d	z ɪ p ɹ̩ d	k w ɪ l t	k w ɪ l t ə d	k w ɪ l t ə d	z ɪ p ɹ̩ ə d	0	0	reg_d	reg_d	reg_əd
random	h ɑː p	h ɑː p t	h ɑː p t	s n æ p	s n æ p t	s n æ p t	h ɑː p t	1	1	reg_t	reg_t	reg_t
random	k æ r iː	k æ r iː d	k æ r iː d	p l æ n t	p l æ n t ə d	p l æ n t ə d	k æ r iː ə d	0	0	reg_d	reg_d	reg_əd
random	r ɪ t ɹ̩ n	r ɪ t ɹ̩ n d	r ɪ t ɹ̩ n d	k uː l	k uː l d	k uː l d	r ɪ t ɹ̩ n d	1	1	reg_d	reg_d	reg_d
random	f iː d	f ɛ d	f iː d ə d	a ɪ ɹ̩ n	a ɪ ɹ̩ n d	a ɪ ɹ̩ n d	f iː d d	0	0	vowel_change	reg_əd	reg_d
random	ɡ ɑː b ə l	ɡ ɑː b ə l d	ɡ ɑː b ə l d	n ɹ̩ s	n ɹ̩ s t	n ɹ̩ s t	ɡ ɑː b ə l t	0	0	reg_d	reg_d	reg_t
random	o ʊ p ə n	o ʊ p ə n d	o ʊ p ə n d	s iː r	s iː r d	s iː r d	o ʊ p ə n d	1	1	reg_d	reg_d	reg_d
random	h o ʊ l d	h ɛ l d	h o ʊ l d ə d	h ɛ l p	h ɛ l p t	h ɛ l p t	h o ʊ l d t	0	0	vowel_change	reg_əd	reg_t
random	d ɪ l ɪ v ɹ̩	d ɪ l ɪ v ɹ̩ d	d ɪ l ɪ v ɹ̩ d	s n ɑː r ə l	s n ɑː r ə l d	s n ɑː r ə l d	d ɪ l ɪ v ɹ̩ d	1	1	reg_d	reg_d	reg_d
random	r ʌ b	r ʌ b d	r ʌ b d	r iː l iː s	r iː l iː s t	r iː l iː s t	r ʌ b t	0	0	reg_d	reg_d	reg_t
random	w ɑː t͡ʃ	w ɑː t͡ʃ t	w ɑː t͡ʃ t	ə r a ɪ v	ə r a ɪ v d	ə r a ɪ v d	w ɑː t͡ʃ d	0	0	reg_t	reg_t	reg_d
random	p l iː z	p l iː z d	p l o ʊ z	b ɛ ɡ	b ɛ ɡ d	b ɛ ɡ d	p l iː z d	0	1	reg_d	vowel_change	reg_d
random	w ɔ k	w ɔ k t	w ɔ k t	k l ʌ b	k l ʌ b d	k l ʌ b d	w ɔ k d	0	0	reg_t	reg_t	reg_d
random	p æ k	p æ k t	p æ k t	t ʌ t͡ʃ	t ʌ t͡ʃ t	t ʌ t͡ʃ t	p æ k t	1	1	reg_t	reg_t	reg_t
random	s a ʊ n d	s a ʊ n d ə d	s a ʊ n d ə d	s p iː k	s p o ʊ k	s p o ʊ k	NA	0	0	reg_əd	reg_əd	vowel_change
random	ɡ r æ b	ɡ r æ b d	ɡ r æ b d	l ʌ v	l ʌ v d	l ʌ v d	ɡ r æ b d	1	1	reg_d	reg_d	reg_d
random	m æ n	m æ n d	m æ n d	v æ k j uː m	v æ k j uː m d	v æ k j uː m d	m æ n d	1	1	reg_d	reg_d	reg_d
random	f iː l	f ɛ l t	f iː l d	b ɔ ɪ l	b ɔ ɪ l d	b ɔ ɪ l d	f iː l d	1	0	vowel_change_suffix	reg_d	reg_d
random	n e ɪ m	n e ɪ m d	n e ɪ m d	s m ɑː r t ə n	s m ɑː r t ə n d	s m ɑː r t ə n d	n e ɪ m d	1	1	reg_d	reg_d	reg_d
random	f l o ʊ	f l o ʊ d	f l o ʊ d	d ɪ s ɡ a ɪ z	d ɪ s ɡ a ɪ z d	d ɪ s ɡ a ɪ z d	f l o ʊ d	1	1	reg_d	reg_d	reg_d
random	w ɛ ð ɹ̩	w ɛ ð ɹ̩ d	w ɛ ð ɹ̩ d	ɪ k s p l ɔ r	ɪ k s p l ɔ r d	ɪ k s p l ɔ r d	w ɛ ð ɹ̩ d	1	1	reg_d	reg_d	reg_d
random	l a ɪ	l e ɪ	l a ɪ d	ʃ a ɪ	ʃ a ɪ d	ʃ a ɪ d	l a ɪ d	1	0	vowel_change	reg_d	reg_d
random	k r æ ʃ	k r æ ʃ t	k r æ ʃ t	f ɑː l o ʊ	f ɑː l o ʊ d	f ɑː l o ʊ d	k r æ ʃ d	0	0	reg_t	reg_t	reg_d
random	p e ɪ d͡ʒ	p e ɪ d͡ʒ d	p e ɪ d͡ʒ d	t ɛ s t	t ɛ s t ə d	t ɛ s t ə d	p e ɪ d͡ʒ ə d	0	0	reg_d	reg_d	reg_əd
random	t͡ʃ o ʊ k	t͡ʃ o ʊ k t	t͡ʃ o ʊ k t	s w ɪ t͡ʃ	s w ɪ t͡ʃ t	s w ɪ t͡ʃ t	t͡ʃ o ʊ k t	1	1	reg_t	reg_t	reg_t
random	b l ɛ s	b l ɛ s t	b l ɛ s t	k ɛ r	k ɛ r d	k ɛ r d	b l ɛ s d	0	0	reg_t	reg_t	reg_d
random	d ɪ ŋ	d ɪ ŋ d	d ɪ ŋ	s k r ʌ b	s k r ʌ b d	s k r ʌ b d	d ɪ ŋ d	0	1	reg_d	no_change	reg_d
random	s ɛ l	s o ʊ l d	s ɛ l d	r iː t͡ʃ ɑː r d͡ʒ	r iː t͡ʃ ɑː r d͡ʒ d	r iː t͡ʃ ɑː r d͡ʒ d	s ɛ l d	1	0	vowel_change_suffix	reg_d	reg_d
random	b ɪ ɡ ɪ n	b ɪ ɡ æ n	b ɪ ɡ ɪ n d	b ʌ ɡ	b ʌ ɡ d	b ʌ ɡ d	b ɪ ɡ ɪ n d	1	0	vowel_change	reg_d	reg_d
random	d͡ʒ ɔ ɪ n	d͡ʒ ɔ ɪ n d	d͡ʒ ɔ ɪ n d	s m æ ʃ	s m æ ʃ t	s m æ ʃ t	d͡ʒ ɔ ɪ n t	0	0	reg_d	reg_d	reg_t
random	l ɑː k	l ɑː k t	l ɑː k t	r e ɪ z	r e ɪ z d	r e ɪ z d	l ɑː k d	0	0	reg_t	reg_t	reg_d
random	b ɪ l iː v	b ɪ l iː v d	b ɪ l iː v d	k ə n t e ɪ n	k ə n t e ɪ n d	k ə n t e ɪ n d	b ɪ l iː v d	1	1	reg_d	reg_d	reg_d
random	ə n d ɹ̩ s t æ n d	ə n d ɹ̩ s t ʊ d	ə n t ə t ə n d	l æ s t	l æ s t ə d	l æ s t ə d	ə n d ɹ̩ s t æ n d ə d	0	0	rhyme_replaced	other	reg_əd
random	t r e ɪ n	t r e ɪ n d	t r e ɪ n d	ɛ n d͡ʒ ɔ ɪ	ɛ n d͡ʒ ɔ ɪ d	ɛ n d͡ʒ ɔ ɪ d	t r e ɪ n d	1	1	reg_d	reg_d	reg_d
random	k r ɔ l	k r ɔ l d	k r ɔ l d	k ɪ k	k ɪ k t	k ɪ k t	k r ɔ l t	0	0	reg_d	reg_d	reg_t
random	p æ t	p æ t ə d	p æ t ə d	m ɑː p	m ɑː p t	m ɑː p t	p æ t t	0	0	reg_əd	reg_əd	reg_t
random	ɔ r d ɹ̩	ɔ r d ɹ̩ d	ɔ r d ɹ̩ d	h iː r	h ɹ̩ d	h ɹ̩ d	NA	0	0	reg_d	reg_d	rhyme_replaced
random	f l a ɪ	f l uː	f l a ɪ d	s t ɑː r t	s t ɑː r t ə d	s t ɑː r t ə d	f l a ɪ ə d	0	0	vowel_change	reg_d	reg_əd
random	l o ʊ d	l o ʊ d ə d	l o ʊ d ə d	z ɪ r ɑː k s	z ɪ r ɑː k s t	z ɪ r ɑː k s t	l o ʊ d t	0	0	reg_əd	reg_əd	reg_t
random	k ə m p l e ɪ n	k ə m p l e ɪ n d	k ə m p l e ɪ n d	ɡ r a ʊ l	ɡ r a ʊ l d	ɡ r a ʊ l d	k ə m p l e ɪ n d	1	1	reg_d	reg_d	reg_d
random	b l ɛ n d	b l ɛ n d ə d	b l ɛ n d ə d	ɡ l o ʊ	ɡ l o ʊ d	ɡ l o ʊ d	b l ɛ n d d	0	0	reg_əd	reg_əd	reg_d
random	b l ɑː k	b l ɑː k t	b l ɑː k t	b ɪ h e ɪ v	b ɪ h e ɪ v d	b ɪ h e ɪ v d	b l ɑː k d	0	0	reg_t	reg_t	reg_d
random	t ɪ p	t ɪ p t	t ɪ p t	t͡ʃ e ɪ n	t͡ʃ e ɪ n d	t͡ʃ e ɪ n d	t ɪ p d	0	0	reg_t	reg_t	reg_d
random	d͡ʒ ɛ t	d͡ʒ ɛ t ə d	d͡ʒ ɛ t	l a ɪ v	l a ɪ v d	l a ɪ v d	d͡ʒ ɛ t d	0	0	reg_əd	no_change	reg_d
random	b r iː ð	b r iː ð d	b r iː ð d	s uː t	s uː t ə d	s uː t ə d	b r iː ð ə d	0	0	reg_d	reg_d	reg_əd
random	d a ɪ ə l	d a ɪ ə l d	d a ɪ ə l d	ə p s ɛ t	ə p s ɛ t	ə p s ɛ t	d a ɪ ə l	0	0	reg_d	reg_d	no_change
random	m ɛ n ʃ ə n	m ɛ n ʃ ə n d	m ɛ n ʃ ə n d	h o ʊ l	h o ʊ l d	h o ʊ l d	m ɛ n ʃ ə n d	1	1	reg_d	reg_d	reg_d
random	h ʌ ɡ	h ʌ ɡ d	h ʌ ɡ d	r e ɪ n	r e ɪ n d	r e ɪ n d	h ʌ ɡ d	1	1	reg_d	reg_d	reg_d
random	p a ʊ ɹ̩	p a ʊ ɹ̩ d	p a ʊ ɹ̩ d	v æ k j uː m	v æ k j uː m d	v æ k j uː m d	p a ʊ ɹ̩ d	1	1	reg_d	reg_d	reg_d
random	s ɑː k	s ɑː k t	s ɑː k t	p l ɑː p	p l ɑː p t	p l ɑː p t	s ɑː k t	1	1	reg_t	reg_t	reg_t
random	w uː p	w uː p t	w uː p t	p ʌ z ə l	p ʌ z ə l d	p ʌ z ə l d	w uː p d	0	0	reg_t	reg_t	reg_d
random	r iː m a ɪ n d	r iː m a ɪ n d ə d	r iː m a ɪ n d ə d	j ɛ l	j ɛ l d	j ɛ l d	r iː m a ɪ n d d	0	0	reg_əd	reg_əd	reg_d
random	h æ n d ə l	h æ n d ə l d	h æ n d ə l d	p a ʊ n s	p a ʊ n s t	p a ʊ n s t	h æ n d ə l t	0	0	reg_d	reg_d	reg_t
random	s n iː z	s n iː z d	s n iː z d	p ɹ̩ f ɔ r m	p ɹ̩ f ɔ r m d	p ɹ̩ f ɔ r m d	s n iː z d	1	1	reg_d	reg_d	reg_d
random	v ɪ z ɪ t	v ɪ z ɪ t ə d	v ɪ z ɪ t ə d	k ɑː p iː	k ɑː p iː d	k ɑː p iː d	v ɪ z ɪ t d	0	0	reg_əd	reg_əd	reg_d
random	s l a ɪ d	s l ɪ d	s l a ɪ d ə d	ə r ɛ s t	ə r ɛ s t ə d	ə r ɛ s t ə d	s l a ɪ d ə d	1	0	vowel_change	reg_əd	reg_əd
random	p l æ n	p l æ n d	p l æ n d	r iː b a ʊ n d	r iː b a ʊ n d ə d	r iː b a ʊ n d ə d	p l æ n ə d	0	0	reg_d	reg_d	reg_əd
random	ɛ l b o ʊ	ɛ l b o ʊ d	ɛ l b o ʊ d	ʃ ɔ r t ə n	ʃ ɔ r t ə n d	ʃ ɔ r t ə n d	ɛ l b o ʊ d	1	1	reg_d	reg_d	reg_d
random	b ɑː k s	b ɑː k s t	b ɑː k s t	s l ɪ p	s l ɪ p t	s l ɪ p t	b ɑː k s t	1	1	reg_t	reg_t	reg_t
random	ɪ n k l uː d	ɪ n k l uː d ə d	ɪ n k l uː d ə d	t͡ʃ e ɪ n d͡ʒ	t͡ʃ e ɪ n d͡ʒ d	t͡ʃ e ɪ n d͡ʒ d	ɪ n k l uː d d	0	0	reg_əd	reg_əd	reg_d
random	b ɹ̩ n	b ɹ̩ n d	b ɹ̩ n d	r ɑː k ə t	r ɑː k ə t ə d	r ɑː k ə t ə d	b ɹ̩ n ə d	0	0	reg_d	reg_d	reg_əd
random	ʃ e ɪ p	ʃ e ɪ p t	ʃ e ɪ p t	s ɛ n t ɹ̩	s ɛ n t ɹ̩ d	s ɛ n t ɹ̩ d	ʃ e ɪ p d	0	0	reg_t	reg_t	reg_d
random	b o ʊ n	b o ʊ n d	b o ʊ n d	b l ɪ ŋ k	b l ɪ ŋ k t	b l ɪ ŋ k t	b o ʊ n t	0	0	reg_d	reg_d	reg_t
random	f ɪ l	f ɪ l d	f ɪ l d	p r iː z ɛ n t	p r iː z ɛ n t ə d	p r iː z ɛ n t ə d	f ɪ l ə d	0	0	reg_d	reg_d	reg_əd
random	m æ s k	m æ s k t	m æ s k t	l ɹ̩ n	l ɹ̩ n d	l ɹ̩ n d	m æ s k d	0	0	reg_t	reg_t	reg_d
random	s ɛ l ə b r e ɪ t	s ɛ l ə b r e ɪ t ə d	s ɛ r ə r e ɪ r e ɪ e ɪ t ə d	l ɛ n d	l ɛ n t	l ɛ n t	NA	0	0	reg_əd	other	coda_change
random	k r ʌ m b ə l	k r ʌ m b ə l d	k r ʌ m b ə l d	p r uː v	p r uː v d	p r uː v d	k r ʌ m b ə l d	1	1	reg_d	reg_d	reg_d
random	r ɑː k	r ɑː k t	r ɑː k t	d a ʊ n	d a ʊ n d	d a ʊ n d	r ɑː k d	0	0	reg_t	reg_t	reg_d
random	ɡ ɛ r ə n t iː	ɡ ɛ r ə n t iː d	ɡ ɛ r ə n t ə d	ə r e ɪ n d͡ʒ	ə r e ɪ n d͡ʒ d	ə r e ɪ n d͡ʒ d	ɡ ɛ r ə n t iː d	0	1	reg_d	vowel_change_suffix	reg_d
random	k ə n ɛ k t	k ə n ɛ k t ə d	k ə n ɛ k t ə d	w e ɪ v	w e ɪ v d	w e ɪ v d	k ə n ɛ k t d	0	0	reg_əd	reg_əd	reg_d
random	t ɔ s	t ɔ s t	t ɔ s t	d a ʊ t	d a ʊ t ə d	d a ʊ t ə d	t ɔ s ə d	0	0	reg_t	reg_t	reg_əd
random	iː v ɪ n	iː v ɪ n d	iː v d	v o ʊ t	v o ʊ t ə d	v o ʊ t ə d	iː v ɪ n ə d	0	0	reg_d	other	reg_əd
random	b a ʊ n s	b a ʊ n s t	b a ʊ n s t	t ɛ l ə f o ʊ n	t ɛ l ə f o ʊ n d	t ɛ l ə f o ʊ n d	b a ʊ n s d	0	0	reg_t	reg_t	reg_d
random	ɹ̩ n	ɹ̩ n d	ɹ̩ n d	d æ n s	d æ n s t	d æ n s t	ɹ̩ n t	0	0	reg_d	reg_d	reg_t
random	k l a ʊ d	k l a ʊ d ə d	k l a ʊ d ə d	ʃ r ɪ ŋ k	ʃ r æ ŋ k	ʃ r æ ŋ k	NA	0	0	reg_əd	reg_əd	vowel_change
random	k ʌ p ə l	k ʌ p ə l d	k ʌ p ə l d	d a ʊ t	d a ʊ t ə d	d a ʊ t ə d	k ʌ p ə l ə d	0	0	reg_d	reg_d	reg_əd
random	f l ʌ ʃ	f l ʌ ʃ t	f l ʌ ʃ t	d a ɪ v	d o ʊ v	d o ʊ v	NA	0	0	reg_t	reg_t	vowel_change
random	h ɑː r n ə s	h ɑː r n ə s t	h ɑː r n ə s t	l ɪ k	l ɪ k t	l ɪ k t	h ɑː r n ə s t	1	1	reg_t	reg_t	reg_t
random	b r a ʊ n	b r a ʊ n d	b r a ʊ n d	k ɑː r v	k ɑː r v d	k ɑː r v d	b r a ʊ n d	1	1	reg_d	reg_d	reg_d
random	s t ɪ ŋ k	s t ʌ ŋ k	s t ʌ ŋ k t	t͡ʃ e ɪ n d͡ʒ	t͡ʃ e ɪ n d͡ʒ d	t͡ʃ e ɪ n d͡ʒ d	s t ɪ ŋ k d	0	0	vowel_change	vowel_change_suffix	reg_d
random	r iː f r ɛ ʃ	r iː f r ɛ ʃ t	r iː f r ɛ ʃ t	f a ɪ l	f a ɪ l d	f a ɪ l d	r iː f r ɛ ʃ d	0	0	reg_t	reg_t	reg_d
random	p r ə f ɹ̩	p r ə f ɹ̩ d	p r ə f ɹ̩ d	l ɛ d	l ɛ d ə d	l ɛ d ə d	p r ə f ɹ̩ ə d	0	0	reg_d	reg_d	reg_əd
random	s t iː l	s t o ʊ l	s t iː l d	p e ɪ	p e ɪ d	p e ɪ d	s t iː l d	1	0	vowel_change	reg_d	reg_d
random	b æ n d	b æ n d ə d	b æ n d ə d	s ɹ̩ t͡ʃ	s ɹ̩ t͡ʃ t	s ɹ̩ t͡ʃ t	b æ n d t	0	0	reg_əd	reg_əd	reg_t
random	r ɪ d	r ɪ d	r ɪ d	s t ʌ f	s t ʌ f t	s t ʌ f t	r ɪ d t	0	0	no_change	no_change	reg_t
random	k o ʊ ɑː p ɹ̩ e ɪ t	k o ʊ ɑː p ɹ̩ e ɪ t ə d	k o ʊ k e ɪ k ɹ̩ d	r a ɪ z	r o ʊ z	r o ʊ z	NA	0	0	reg_əd	other	vowel_change
random	b ɑː ð ɹ̩	b ɑː ð ɹ̩ d	b ɑː ð ɹ̩ d	t͡ʃ ɑː p	t͡ʃ ɑː p t	t͡ʃ ɑː p t	b ɑː ð ɹ̩ t	0	0	reg_d	reg_d	reg_t
random	r ɛ s t	r ɛ s t ə d	r ɛ s t	h æ n d	h æ n d ə d	h æ n d ə d	r ɛ s t ə d	0	1	reg_əd	no_change	reg_əd
random	ɑː k j ə p a ɪ	ɑː k j ə p a ɪ d	ɑː k j ə p a ɪ d	b ʌ b ə l	b ʌ b ə l d	b ʌ b ə l d	ɑː k j ə p a ɪ d	1	1	reg_d	reg_d	reg_d
random	s k r ɪ b ə l	s k r ɪ b ə l d	s k r ɪ b ə l d	ɡ r e ɪ t	ɡ r e ɪ t ə d	ɡ r e ɪ t ə d	s k r ɪ b ə l ə d	0	0	reg_d	reg_d	reg_əd
random	b l æ s t	b l æ s t ə d	b l æ s t ə d	l iː f	l iː f t	l iː f t	b l æ s t t	0	0	reg_əd	reg_əd	reg_t
random	h æ m ɹ̩	h æ m ɹ̩ d	h æ m ɹ̩ d	s t ɑː r	s t ɑː r d	s t ɑː r d	h æ m ɹ̩ d	1	1	reg_d	reg_d	reg_d
random	d r ɪ l	d r ɪ l d	d r ɪ l d	ɛ n d͡ʒ ɔ ɪ	ɛ n d͡ʒ ɔ ɪ d	ɛ n d͡ʒ ɔ ɪ d	d r ɪ l d	1	1	reg_d	reg_d	reg_d
random	p r æ k t ɪ s	p r æ k t ɪ s t	p r æ k t ə s t	p l ʌ n d͡ʒ	p l ʌ n d͡ʒ d	p l ʌ n d͡ʒ d	p r æ k t ɪ s d	0	0	reg_t	vowel_change_suffix	reg_d
random	t a ɪ p	t a ɪ p t	t a ɪ p t	s ɪ t	s æ t	s æ t	NA	0	0	reg_t	reg_t	vowel_change
random	æ d	æ d ə d	æ d ʌ d	k o ʊ m	k o ʊ m d	k o ʊ m d	æ d d	0	0	reg_əd	other	reg_d
random	b o ʊ l	b o ʊ l d	b o ʊ l d	r ɛ k ə m ɛ n d	r ɛ k ə m ɛ n d ə d	r ɛ k ə m ɛ n d ə d	b o ʊ l ə d	0	0	reg_d	reg_d	reg_əd
random	t o ʊ t	t o ʊ t ə d	t o ʊ t ə d	m ɛ n d	m ɛ n d ə d	m ɛ n d ə d	t o ʊ t ə d	1	1	reg_əd	reg_əd	reg_əd
random	s w ɪ ʃ	s w ɪ ʃ t	s w ɪ ʃ t	t͡ʃ ɛ k	t͡ʃ ɛ k t	t͡ʃ ɛ k t	s w ɪ ʃ t	1	1	reg_t	reg_t	reg_t
random	b l e ɪ m	b l e ɪ m d	b l e ɪ m d	h a ʊ z	h a ʊ z d	h a ʊ z d	b l e ɪ m d	1	1	reg_d	reg_d	reg_d
random	ɪ k s a ɪ t	ɪ k s a ɪ t ə d	ɪ k s a ɪ t ə d	m e ɪ k	m e ɪ d	m e ɪ d	NA	0	0	reg_əd	reg_əd	coda_change
random	t͡ʃ a ɪ m	t͡ʃ a ɪ m d	t͡ʃ a ɪ m d	r ɑː k ə t	r ɑː k ə t ə d	r ɑː k ə t ə d	t͡ʃ a ɪ m ə d	0	0	reg_d	reg_d	reg_əd
random	t͡ʃ iː r	t͡ʃ iː r d	t͡ʃ iː r d	t iː z	t iː z d	t iː z d	t͡ʃ iː r d	1	1	reg_d	reg_d	reg_d
random	f r e ɪ m	f r e ɪ m d	f r e ɪ m d	t ɛ l ə f o ʊ n	t ɛ l ə f o ʊ n d	t ɛ l ə f o ʊ n d	f r e ɪ m d	1	1	reg_d	reg_d	reg_d
random	d æ m	d æ m d	d æ m d	ɡ r æ s p	ɡ r æ s p t	ɡ r æ s p t	d æ m t	0	0	reg_d	reg_d	reg_t
random	t͡ʃ iː t	t͡ʃ iː t ə d	t͡ʃ iː t	w iː	w iː d	w iː d	t͡ʃ iː t d	0	0	reg_əd	no_change	reg_d
random	l iː n	l iː n d	l iː n d	b ɛ ɡ	b ɛ ɡ d	b ɛ ɡ d	l iː n d	1	1	reg_d	reg_d	reg_d
random	s k r iː m	s k r iː m d	s k r iː m d	d r ɪ p	d r ɪ p t	d r ɪ p t	s k r iː m t	0	0	reg_d	reg_d	reg_t
random	ɪ ɡ n ɔ r	ɪ ɡ n ɔ r d	ɪ ɡ ɔ n ɔ r d	s p ɛ n d	s p ɛ n t	s p ɛ n t	NA	0	0	reg_d	other	coda_change
random	s k uː p	s k uː p t	s k uː p t	m o ʊ	m o ʊ d	m o ʊ d	s k uː p d	0	0	reg_t	reg_t	reg_d
random	θ ʌ m p	θ ʌ m p t	θ ʌ m p t	r ə f ɹ̩	r ə f ɹ̩ d	r ə f ɹ̩ d	θ ʌ m p d	0	0	reg_t	reg_t	reg_d
random	s t iː r	s t iː r d	s t iː r d	t iː t͡ʃ	t iː t͡ʃ t	t ɔ t	s t iː r t	0	0	reg_d	reg_d	reg_t
random	s p ɪ n	s p ʌ n	s p æ n d	r ɛ k ə m ɛ n d	r ɛ k ə m ɛ n d ə d	r ɛ k ə m ɛ n d ə d	s p ɪ n ə d	0	0	vowel_change	vowel_change_suffix	reg_əd
random	h ʌ f	h ʌ f t	h ʌ f t	t ʌ ɡ	t ʌ ɡ d	t ʌ ɡ d	h ʌ f d	0	0	reg_t	reg_t	reg_d
random	t ɛ n d	t ɛ n d ə d	t ɛ n t	t͡ʃ ɑː r d͡ʒ	t͡ʃ ɑː r d͡ʒ d	t͡ʃ ɑː r d͡ʒ d	t ɛ n d d	0	0	reg_əd	coda_change	reg_d
random	s p e ɪ s	s p e ɪ s t	s p e ɪ s t	ɛ n t ɹ̩ t e ɪ n	ɛ n t ɹ̩ t e ɪ n d	ɛ n t ɹ̩ t e ɪ n d	s p e ɪ s d	0	0	reg_t	reg_t	reg_d
random	s t r e ɪ t ə n	s t r e ɪ t ə n d	s t r t ɪ t ə n d	m ʌ d iː	m ʌ d iː d	m ʌ d iː d	s t r e ɪ t ə n d	0	1	reg_d	other	reg_d
random	p iː t ɹ̩	p iː t ɹ̩ d	p iː t ɹ̩ d	r iː p e ɪ n t	r iː p e ɪ n t ə d	r iː p e ɪ n t ə d	p iː t ɹ̩ ə d	0	0	reg_d	reg_d	reg_əd
random	m a ɪ n	m a ɪ n d	m a ɪ n d	f l ɪ ŋ	f l ʌ ŋ	f l ʌ ŋ	NA	0	0	reg_d	reg_d	vowel_change
random	h iː l	h iː l d	h iː l d	k r a ʊ d	k r a ʊ d ə d	k r a ʊ d ə d	h iː l ə d	0	0	reg_d	reg_d	reg_əd
random	ə t r æ k t	ə t r æ k t ə d	ə t r æ k t ə d	k r æ k ə l	k r æ k ə l d	k r æ k ə l d	ə t r æ k t d	0	0	reg_əd	reg_əd	reg_d
random	s k w ɛ r	s k w ɛ r d	s k w ɛ r d	o ʊ v ɹ̩ h æ ŋ	o ʊ v ɹ̩ h ʌ ŋ	o ʊ v ɹ̩ h ʌ ŋ	NA	0	0	reg_d	reg_d	vowel_change
random	f l ʌ f	f l ʌ f t	f l ʌ f t	t w ɪ s t	t w ɪ s t ə d	t w ɪ s t ə d	f l ʌ f ə d	0	0	reg_t	reg_t	reg_əd
random	t o ʊ n	t o ʊ n d	t o ʊ n d	b a ɪ	b ɔ t	b ɔ t	NA	0	0	reg_d	reg_d	vowel_change_suffix
random	d͡ʒ ɪ m iː	d͡ʒ ɪ m iː d	d͡ʒ ɪ m iː d	p æ d	p æ d ə d	p æ d ə d	d͡ʒ ɪ m iː ə d	0	0	reg_d	reg_d	reg_əd
random	s m a ɪ l	s m a ɪ l d	s m a ɪ l d	l iː f	l iː f t	l iː f t	s m a ɪ l t	0	0	reg_d	reg_d	reg_t
random	ə n w a ɪ n d	ə n w a ʊ n d	ə n a ɪ n d ə d	d r a ɪ	d r a ɪ d	d r a ɪ d	ə n w a ɪ n d d	0	0	vowel_change	other	reg_d
random	d ɪ k l ɛ r	d ɪ k l ɛ r d	d ɪ k l ɛ r d	r ɔ r	r ɔ r d	r ɔ r d	d ɪ k l ɛ r d	1	1	reg_d	reg_d	reg_d
random	k ə n d ʌ k t	k ə n d ʌ k t ə d	k ə n d	d a ɪ v	d o ʊ v	d o ʊ v	NA	0	0	reg_əd	other	vowel_change
random	s t r e ɪ n	s t r e ɪ n d	s t r e ɪ n d	w ɪ ŋ k	w ɪ ŋ k t	w ɪ ŋ k t	s t r e ɪ n t	0	0	reg_d	reg_d	reg_t
random	k ə l æ p s	k ə l æ p s t	k ə l æ p s t	s k ɔ r	s k ɔ r d	s k ɔ r d	k ə l æ p s d	0	0	reg_t	reg_t	reg_d
random	p ɑː r t ɪ s ə p e ɪ t	p ɑː r t ɪ s ə p e ɪ t ə d	p s t ɪ p t	m ɛ r iː	m ɛ r iː d	m ɛ r iː d	p ɑː r t ɪ s ə p e ɪ t d	0	0	reg_əd	other	reg_d
random	t r æ n z l e ɪ t	t r æ n z l e ɪ t ə d	t r æ n z d	ʃ uː t	ʃ ɑː t	ʃ ɑː t	NA	0	0	reg_əd	other	vowel_change
random	d ɪ s k ʌ s	d ɪ s k ʌ s t	d ɪ s k ʌ s t	h æ ŋ	h ʌ ŋ	h ʌ ŋ	NA	0	0	reg_t	reg_t	vowel_change
random	f ɹ̩ ɡ ɪ v	f ɹ̩ ɡ e ɪ v	f ɹ̩ ɡ ɪ v d	k ə m p ɛ r	k ə m p ɛ r d	k ə m p ɛ r d	f ɹ̩ ɡ ɪ v d	1	0	vowel_change	reg_d	reg_d
random	ə r a ɪ z	ə r o ʊ z	ə r a ɪ z d	ɪ k s p l e ɪ n	ɪ k s p l e ɪ n d	ɪ k s p l e ɪ n d	ə r a ɪ z d	1	0	vowel_change	reg_d	reg_d
random	f r a ɪ t ə n	f r a ɪ t ə n d	f r a ɪ t ə n d	l o ʊ n	l o ʊ n d	l o ʊ n d	f r a ɪ t ə n d	1	1	reg_d	reg_d	reg_d
random	ɔ ɪ l	ɔ ɪ l d	ɔ ɪ l d	b ɛ ɡ	b ɛ ɡ d	b ɛ ɡ d	ɔ ɪ l d	1	1	reg_d	reg_d	reg_d
random	ə n l o ʊ d	ə n l o ʊ d ə d	ə n l o ʊ d ə d	ɛ m p t iː	ɛ m p t iː d	ɛ m p t iː d	ə n l o ʊ d d	0	0	reg_əd	reg_əd	reg_d
random	ɡ r ʌ m b ə l	ɡ r ʌ m b ə l d	ɡ r ʌ m b ə l d	s p r ɛ d	s p r ɛ d	s p r ɛ d	ɡ r ʌ m b ə l	0	0	reg_d	reg_d	no_change
random	r ɛ k	r ɛ k t	r ɛ k t	d ɪ s a ɪ d	d ɪ s a ɪ d ə d	d ɪ s a ɪ d ə d	r ɛ k ə d	0	0	reg_t	reg_t	reg_əd
random	s p ɑː t	s p ɑː t ə d	s p ɑː t	v o ʊ t	v o ʊ t ə d	v o ʊ t ə d	s p ɑː t ə d	0	1	reg_əd	no_change	reg_əd
random	b ʌ t ɹ̩	b ʌ t ɹ̩ d	b ʌ t ɹ̩ d	r iː m uː v	r iː m uː v d	r iː m uː v d	b ʌ t ɹ̩ d	1	1	reg_d	reg_d	reg_d
random	s t iː p	s t iː p t	s t iː p t	k ɪ k	k ɪ k t	k ɪ k t	s t iː p t	1	1	reg_t	reg_t	reg_t
random	h ʌ s ə l	h ʌ s ə l d	h ʌ s ə l d	f ɑː l o ʊ	f ɑː l o ʊ d	f ɑː l o ʊ d	h ʌ s ə l d	1	1	reg_d	reg_d	reg_d
random	k ə n t ɪ n j uː	k ə n t ɪ n j uː d	k ə n t ɪ n j uː d	l e ɪ	l e ɪ d	l e ɪ d	k ə n t ɪ n j uː d	1	1	reg_d	reg_d	reg_d
random	r ɛ n t	r ɛ n t ə d	r ɛ n t ə d	p uː l	p uː l d	p uː l d	r ɛ n t d	0	0	reg_əd	reg_əd	reg_d
random	k r ʌ n t͡ʃ	k r ʌ n t͡ʃ t	k r ʌ n t͡ʃ t	s t r æ p	s t r æ p t	s t r æ p t	k r ʌ n t͡ʃ t	1	1	reg_t	reg_t	reg_t
random	r ɛ s k j uː	r ɛ s k j uː d	r ɛ s k j uː d	r a ɪ d	r o ʊ d	r o ʊ d	NA	0	0	reg_d	reg_d	vowel_change
random	t ɑː p	t ɑː p t	t ɑː p t	f r a ɪ	f r a ɪ d	f r a ɪ d	t ɑː p d	0	0	reg_t	reg_t	reg_d
random	b l iː d	b l ɛ d	b l iː d ə d	h æ t͡ʃ	h æ t͡ʃ t	h æ t͡ʃ t	b l iː d t	0	0	vowel_change	reg_əd	reg_t
random	p r ɪ k	p r ɪ k t	p r ɪ k t	p ɹ̩ s w e ɪ d	p ɹ̩ s w e ɪ d ə d	p ɹ̩ s w e ɪ d ə d	p r ɪ k ə d	0	0	reg_t	reg_t	reg_əd
random	o ʊ ɡ ə l	o ʊ ɡ ə l d	o ʊ ɡ ə l d	k l ʌ b	k l ʌ b d	k l ʌ b d	o ʊ ɡ ə l d	1	1	reg_d	reg_d	reg_d
random	s ɔ ɪ l	s ɔ ɪ l d	s ɔ ɪ l d	o ʊ b e ɪ	o ʊ b e ɪ d	o ʊ b e ɪ d	s ɔ ɪ l d	1	1	reg_d	reg_d	reg_d
random	ɡ ɑː l f	ɡ ɑː l f t	ɡ ɑː l f t	b ɔ ɪ l	b ɔ ɪ l d	b ɔ ɪ l d	ɡ ɑː l f d	0	0	reg_t	reg_t	reg_d
random	b ʌ s t	b ʌ s t ə d	b ʌ s t ə d	k ɔ l	k ɔ l d	k ɔ l d	b ʌ s t d	0	0	reg_əd	reg_əd	reg_d
random	r iː s a ɪ k ə l	r iː s a ɪ k ə l d	r iː s a ɪ k ə l d	w e ɪ v	w e ɪ v d	w e ɪ v d	r iː s a ɪ k ə l d	1	1	reg_d	reg_d	reg_d
random	s t uː	s t uː d	s t uː d	b ɪ l	b ɪ l d	b ɪ l d	s t uː d	1	1	reg_d	reg_d	reg_d
random	b æ t	b æ t ə d	b æ t	h æ n d	h æ n d ə d	h æ n d ə d	b æ t ə d	0	1	reg_əd	no_change	reg_əd
random	s ʌ f ɹ̩	s ʌ f ɹ̩ d	s ʌ f ɹ̩ d	k ə l ɛ k t	k ə l ɛ k t ə d	k ə l ɛ k t ə d	s ʌ f ɹ̩ ə d	0	0	reg_d	reg_d	reg_əd
random	v ɪ ʒ w ə l a ɪ z	v ɪ ʒ w ə l a ɪ z d	v ɪ l d	s ɹ̩ t͡ʃ	s ɹ̩ t͡ʃ t	s ɹ̩ t͡ʃ t	v ɪ ʒ w ə l a ɪ z t	0	0	reg_d	other	reg_t
random	k æ p	k æ p t	k æ p t	p ɑː p	p ɑː p t	p ɑː p t	k æ p t	1	1	reg_t	reg_t	reg_t
random	t ʌ m b ə l	t ʌ m b ə l d	t ɪ m b ə l d	w iː	w iː d	w iː d	t ʌ m b ə l d	0	1	reg_d	other	reg_d
random	d ɪ s k r a ɪ b	d ɪ s k r a ɪ b d	d ɪ s k r a ɪ s k t ə d	t͡ʃ e ɪ n d͡ʒ	t͡ʃ e ɪ n d͡ʒ d	t͡ʃ e ɪ n d͡ʒ d	d ɪ s k r a ɪ b d	0	1	reg_d	other	reg_d
random	h ɛ z ə t e ɪ t	h ɛ z ə t e ɪ t ə d	h t ə t ə t e ɪ t	k r iː m	k r iː m d	k r iː m d	h ɛ z ə t e ɪ t d	0	0	reg_əd	other	reg_d
random	m ɑː r	m ɑː r d	m ɑː r d	d r a ɪ	d r a ɪ d	d r a ɪ d	m ɑː r d	1	1	reg_d	reg_d	reg_d
random	p r ə n a ʊ n s	p r ə n a ʊ n s t	p r ə n a ʊ n a ʊ z d	æ s k	æ s k t	æ s k t	p r ə n a ʊ n s t	0	1	reg_t	other	reg_t
random	f ɪ k s e ɪ t	f ɪ k s e ɪ t ə d	f ɪ k s e ɪ t ə d	k ə l ɛ k t	k ə l ɛ k t ə d	k ə l ɛ k t ə d	f ɪ k s e ɪ t ə d	1	1	reg_əd	reg_əd	reg_əd
random	b ɑː s	b ɑː s t	b ɑː s t	p l e ɪ	p l e ɪ d	p l e ɪ d	b ɑː s d	0	0	reg_t	reg_t	reg_d
random	d ɪ s t ɹ̩ b	d ɪ s t ɹ̩ b d	d ɪ s t ɹ̩ d ə d	s iː m	s iː m d	s iː m d	d ɪ s t ɹ̩ b d	0	1	reg_d	other	reg_d
random	s n æ k	s n æ k t	s n æ k t	b iː p	b iː p t	b iː p t	s n æ k t	1	1	reg_t	reg_t	reg_t
random	d ʌ s t	d ʌ s t ə d	d ʌ s t ə d	t r ʌ m p	t r ʌ m p t	t r ʌ m p t	d ʌ s t t	0	0	reg_əd	reg_əd	reg_t
random	m o ʊ n	m o ʊ n d	m o ʊ n d	m uː v	m uː v d	m uː v d	m o ʊ n d	1	1	reg_d	reg_d	reg_d
random	p iː l	p iː l d	p iː l d	p l ʌ ɡ	p l ʌ ɡ d	p l ʌ ɡ d	p iː l d	1	1	reg_d	reg_d	reg_d
random	f l ɑː p	f l ɑː p t	f l ɑː p t	w ɪ ʃ	w ɪ ʃ t	w ɪ ʃ t	f l ɑː p t	1	1	reg_t	reg_t	reg_t
random	f l æ ʃ	f l æ ʃ t	f l æ ʃ t	r ʌ m ɪ d͡ʒ	r ʌ m ɪ d͡ʒ d	r ʌ m ɪ d͡ʒ d	f l æ ʃ d	0	0	reg_t	reg_t	reg_d
random	p e ɪ s t	p e ɪ s t ə d	p e ɪ s t ə d	h ʊ k	h ʊ k t	h ʊ k t	p e ɪ s t t	0	0	reg_əd	reg_əd	reg_t
random	ɡ ɑː r b ə l	ɡ ɑː r b ə l d	ɡ ɑː r b ə l d	r ɛ k ə m ɛ n d	r ɛ k ə m ɛ n d ə d	r ɛ k ə m ɛ n d ə d	ɡ ɑː r b ə l ə d	0	0	reg_d	reg_d	reg_əd
random	ɪ n t ɛ n d	ɪ n t ɛ n d ə d	ɪ n t ɛ n d ə d	s p ɛ l	s p ɛ l d	s p ɛ l d	ɪ n t ɛ n d d	0	0	reg_əd	reg_əd	reg_d
random	r o ʊ t e ɪ t	r o ʊ t e ɪ t ə d	r o ʊ t e ɪ t ə d	n æ p	n æ p t	n æ p t	r o ʊ t e ɪ t t	0	0	reg_əd	reg_əd	reg_t
random	s ɑː l v	s ɑː l v d	s ɑː l v d	s n ɪ f	s n ɪ f t	s n ɪ f t	s ɑː l v t	0	0	reg_d	reg_d	reg_t
random	r ɪ s p ɑː n d	r ɪ s p ɑː n d ə d	r ɪ s p ɑː s t ə d	ɑː r t ɪ k j ə l e ɪ t	ɑː r t ɪ k j ə l e ɪ t ə d	ɑː r t ɪ k j ə l e ɪ t ə d	r ɪ s p ɑː n d ə d	0	1	reg_əd	other	reg_əd
random	p r a ɪ s	p r a ɪ s t	p r a ɪ s t	f ɑː l o ʊ	f ɑː l o ʊ d	f ɑː l o ʊ d	p r a ɪ s d	0	0	reg_t	reg_t	reg_d
random	h ɑː r p	h ɑː r p t	h ɑː r p t	ɛ n d͡ʒ ɔ ɪ	ɛ n d͡ʒ ɔ ɪ d	ɛ n d͡ʒ ɔ ɪ d	h ɑː r p d	0	0	reg_t	reg_t	reg_d
random	ɪ ɡ z ɔ s t	ɪ ɡ z ɔ s t ə d	ɪ ɡ z ɔ s t ə d	s t æ k	s t æ k t	s t æ k t	ɪ ɡ z ɔ s t t	0	0	reg_əd	reg_əd	reg_t
random	t ɛ r ə f a ɪ	t ɛ r ə f a ɪ d	t ɛ r ə f a ɪ d	a ɪ s	a ɪ s t	a ɪ s t	t ɛ r ə f a ɪ t	0	0	reg_d	reg_d	reg_t
random	s a ʊ	s a ʊ d	s a ʊ d	p r iː t ɛ n d	p r iː t ɛ n d ə d	p r iː t ɛ n d ə d	s a ʊ ə d	0	0	reg_d	reg_d	reg_əd
random	e ɪ d	e ɪ d ə d	e ɪ d ə d	h ɛ d	h ɛ d ə d	h ɛ d ə d	e ɪ d ə d	1	1	reg_əd	reg_əd	reg_əd
random	ə n p æ k	ə n p æ k t	ə n p æ k t	l ɛ n d	l ɛ n t	l ɛ n t	NA	0	0	reg_t	reg_t	coda_change
