neighbors	src	gold	pred	neighbor_src	neighbor_out	neighbor_gold	analogy	matches_pred	matches_gold	class_gold	class_pred	class_neighbor
model_sep	h æ v	h æ d	h æ v d	h ʌ ɡ	h ʌ ɡ d	h ʌ ɡ d	h æ v d	1	0	coda_change	reg_d	reg_d
model_sep	h æ p ə n	h æ p ə n d	h æ p ə n d	h o ʊ l d	h ɛ l d	h ɛ l d	NA	0	0	reg_d	reg_d	vowel_change
model_sep	p l e ɪ s	p l e ɪ s t	p l e ɪ s t	p a ʊ n s	p a ʊ n s t	p a ʊ n s t	p l e ɪ s t	1	1	reg_t	reg_t	reg_t
model_sep	k l o ʊ z	k l o ʊ z d	k l o ʊ z d	k ʌ p ə l	k ʌ p ə l d	k ʌ p ə l d	k l o ʊ z d	1	1	reg_d	reg_d	reg_d
model_sep	k ʊ k	k ʊ k t	k ʊ k t	k ɪ k	k ɪ k t	k ɪ k t	k ʊ k t	1	1	reg_t	reg_t	reg_t
model_sep	r ʌ n	r æ n	r ʌ n d	r ɪ ŋ	r æ ŋ	r æ ŋ	NA	0	0	vowel_change	reg_d	vowel_change
model_sep	s e ɪ	s ɛ d	s e ɪ d	s ɪ p	s ɪ p t	s ɪ p t	s e ɪ t	0	0	vowel_change_suffix	reg_d	reg_t
model_sep	f ɪ ʃ	f ɪ ʃ t	f ɪ ʃ t	f ɛ t͡ʃ	f ɛ t͡ʃ t	f ɛ t͡ʃ t	f ɪ ʃ t	1	1	reg_t	reg_t	reg_t
model_sep	h ɹ̩ t	h ɹ̩ t	h ɹ̩ t ə d	h iː t	h iː t ə d	h iː t ə d	h ɹ̩ t ə d	1	0	no_change	reg_əd	reg_əd
model_sep	l uː z	l ɔ s t	l uː z d	l ʌ v	l ʌ v d	l ʌ v d	l uː z d	1	0	rhyme_replaced	reg_d	reg_d
model_sep	æ s k	æ s k t	æ s k t	æ k t	æ k t ə d	æ k t ə d	æ s k ə d	0	0	reg_t	reg_t	reg_əd
model_sep	p e ɪ	p e ɪ d	p e ɪ d	p ɑː p	p ɑː p t	p ɑː p t	p e ɪ t	0	0	reg_d	reg_d	reg_t
model_sep	s p ɛ l	s p ɛ l d	s p ɛ l d	s m ɛ l	s m ɛ l d	s m ɛ l d	s p ɛ l d	1	1	reg_d	reg_d	reg_d
model_sep	s p ɪ t	s p æ t	s p ɪ t ə d	s ɔ l t	s ɔ l t ə d	s ɔ l t ə d	s p ɪ t ə d	1	0	vowel_change	reg_əd	reg_əd
model_sep	m ɪ s	m ɪ s t	m ɪ s t	m ɛ s	m ɛ s t	m ɛ s t	m ɪ s t	1	1	reg_t	reg_t	reg_t
model_sep	s t ɑː r t	s t ɑː r t ə d	s t ɑː r t ə d	s t e ɪ t	s t e ɪ t ə d	s t e ɪ t ə d	s t ɑː r t ə d	1	1	reg_əd	reg_əd	reg_əd
model_sep	p ɑː r t iː	p ɑː r t iː d	p ɑː r t iː d	p r e ɪ z	p r e ɪ z d	p r e ɪ z d	p ɑː r t iː d	1	1	reg_d	reg_d	reg_d
model_sep	ɡ ɛ s	ɡ ɛ s t	ɡ ɑː s t	ɡ æ s	ɡ æ s t	ɡ æ s t	ɡ ɛ s t	0	1	reg_t	vowel_change_suffix	reg_t
model_sep	f a ɪ ɹ̩	f a ɪ ɹ̩ d	f ɔ t ɹ̩ d	f ɛ ð ɹ̩	f ɛ ð ɹ̩ d	f ɛ ð ɹ̩ d	f a ɪ ɹ̩ d	0	1	reg_d	other	reg_d
model_sep	s ɪ t	s æ t	s ɪ t	s ɛ t	s ɛ t	s ɛ t	s ɪ t	1	0	vowel_change	no_change	no_change
model_sep	ʃ uː	ʃ uː d	ʃ uː d	ʃ ɛ d	ʃ ɛ d ə d	ʃ ɛ d ə d	ʃ uː ə d	0	0	reg_d	reg_d	reg_əd
model_sep	w ɹ̩ k	w ɹ̩ k t	w ɹ̩ k t	w æ k	w æ k t	w æ k t	w ɹ̩ k t	1	1	reg_t	reg_t	reg_t
model_sep	t ʌ t͡ʃ	t ʌ t͡ʃ t	t ʌ t͡ʃ t	t iː t͡ʃ	t ɔ t	t ɔ t	NA	0	0	reg_t	reg_t	rhyme_replaced
model_sep	s t ɑː p	s t ɑː p t	s t ɑː p t	s t ɛ p	s t ɛ p t	s t ɛ p t	s t ɑː p t	1	1	reg_t	reg_t	reg_t
model_sep	s t ɹ̩	s t ɹ̩ d	s t ɹ̩ d	s ɪ ŋ	s æ ŋ	s æ ŋ	NA	0	0	reg_d	reg_d	vowel_change
model_sep	l ɛ d	l ɛ d ə d	l ɛ d	l ɛ t	l ɛ t	l ɛ t	l ɛ d	1	0	reg_əd	no_change	no_change
model_sep	p ɔ r	p ɔ r d	p ɔ r d	p iː r	p iː r d	p iː r d	p ɔ r d	1	1	reg_d	reg_d	reg_d
model_sep	s ə p o ʊ z	s ə p o ʊ z d	s ə p o ʊ z d	s p ɛ k ə l	s p ɛ k ə l d	s p ɛ k ə l d	s ə p o ʊ z d	1	1	reg_d	reg_d	reg_d
model_sep	w ʌ n d ɹ̩	w ʌ n d ɹ̩ d	w ʌ n d ɹ̩ d	w ɑː n d ɹ̩	w ɑː n d ɹ̩ d	w ɑː n d ɹ̩ d	w ʌ n d ɹ̩ d	1	1	reg_d	reg_d	reg_d
model_sep	k w ɛ s t͡ʃ ə n	k w ɛ s t͡ʃ ə n d	k w ɛ s t͡ʃ ə n d	k ə n t e ɪ n	k ə n t e ɪ n d	k ə n t e ɪ n d	k w ɛ s t͡ʃ ə n d	1	1	reg_d	reg_d	reg_d
model_sep	d a ɪ	d a ɪ d	d a ɪ d	d r ɔ	d r uː	d r uː	NA	0	0	reg_d	reg_d	vowel_change
model_sep	s p iː k	s p o ʊ k	s p iː k t	s t æ k	s t æ k t	s t æ k t	s p iː k t	1	0	vowel_change	reg_t	reg_t
model_sep	s w iː p	s w ɛ p t	s w iː p t	s l iː p	s l ɛ p t	s l ɛ p t	s w ɛ p t	0	1	vowel_change_suffix	reg_t	vowel_change_suffix
model_sep	b r ʌ ʃ	b r ʌ ʃ t	b r ʌ ʃ t	b l ʌ ʃ	b l ʌ ʃ t	b l ʌ ʃ t	b r ʌ ʃ t	1	1	reg_t	reg_t	reg_t
model_sep	ə b a ɪ d	ə b a ɪ d ə d	ə b a ɪ d ə d	ə v ɔ ɪ d	ə v ɔ ɪ d ə d	ə v ɔ ɪ d ə d	ə b a ɪ d ə d	1	1	reg_əd	reg_əd	reg_əd
model_sep	l æ f	l æ f t	l æ f t	l iː f	l ɛ f t	l iː f t	NA	0	0	reg_t	reg_t	vowel_change_suffix
model_sep	t a ɪ	t a ɪ d	t a ɪ d	t ɔ ɪ	t ɔ ɪ d	t ɔ ɪ d	t a ɪ d	1	1	reg_d	reg_d	reg_d
model_sep	ɪ n v a ɪ t	ɪ n v a ɪ t ə d	ɪ n v a ɪ t ə d	ɪ n v ɛ n t	ɪ n v ɛ n t ə d	ɪ n v ɛ n t ə d	ɪ n v a ɪ t ə d	1	1	reg_əd	reg_əd	reg_əd
model_sep	k r ɔ l	k r ɔ l d	k r ɔ l d	k j ʊ r	k j ʊ r d	k j ʊ r d	k r ɔ l d	1	1	reg_d	reg_d	reg_d
model_sep	p o ʊ k	p o ʊ k t	p o ʊ k t	p l ʌ k	p l ʌ k t	p l ʌ k t	p o ʊ k t	1	1	reg_t	reg_t	reg_t
model_sep	ɡ r o ʊ	ɡ r uː	ɡ r uː	ɡ l o ʊ	ɡ l o ʊ d	ɡ l o ʊ d	ɡ r o ʊ d	0	0	vowel_change	vowel_change	reg_d
model_sep	s t iː l	s t o ʊ l	s t iː l d	s t ɪ l	s t ɪ l d	s t ɪ l d	s t iː l d	1	0	vowel_change	reg_d	reg_d
model_sep	t͡ʃ uː	t͡ʃ uː d	t͡ʃ uː d	t͡ʃ iː t	t͡ʃ iː t ə d	t͡ʃ iː t ə d	t͡ʃ uː ə d	0	0	reg_d	reg_d	reg_əd
model_sep	w ɔ k	w ɔ k t	w ɔ k t	w æ k	w æ k t	w æ k t	w ɔ k t	1	1	reg_t	reg_t	reg_t
model_sep	s ɛ l	s o ʊ l d	s ɛ l d	s iː l	s iː l d	s iː l d	s ɛ l d	1	0	vowel_change_suffix	reg_d	reg_d
model_sep	p ɪ k t͡ʃ ɹ̩	p ɪ k t͡ʃ ɹ̩ d	p ɪ k t͡ʃ ɹ̩ d	p a ʊ d ɹ̩	p a ʊ d ɹ̩ d	p a ʊ d ɹ̩ d	p ɪ k t͡ʃ ɹ̩ d	1	1	reg_d	reg_d	reg_d
model_sep	k o ʊ m	k o ʊ m d	k o ʊ m d	k r iː m	k r iː m d	k r iː m d	k o ʊ m d	1	1	reg_d	reg_d	reg_d
model_sep	s m a ɪ l	s m a ɪ l d	s m a ɪ l d	s p ɔ ɪ l	s p ɔ ɪ l d	s p ɔ ɪ l d	s m a ɪ l d	1	1	reg_d	reg_d	reg_d
model_sep	d r ɑː p	d r ɑː p t	d r ɑː p t	d r ɪ p	d r ɪ p t	d r ɪ p t	d r ɑː p t	1	1	reg_t	reg_t	reg_t
model_sep	s k r æ t͡ʃ	s k r æ t͡ʃ t	s k r æ t͡ʃ t	s t r ɛ t͡ʃ	s t r ɛ t͡ʃ t	s t r ɛ t͡ʃ t	s k r æ t͡ʃ t	1	1	reg_t	reg_t	reg_t
model_sep	s t æ m p	s t æ m p t	s t ʊ æ m d	s t r ɪ p	s t r ɪ p t	s t r ɪ p t	s t æ m p t	0	1	reg_t	rhyme_replaced	reg_t
model_sep	k r ʌ ʃ	k r ʌ ʃ t	k r ʌ ʃ t	k r æ ʃ	k r æ ʃ t	k r æ ʃ t	k r ʌ ʃ t	1	1	reg_t	reg_t	reg_t
model_sep	b uː t	b uː t ə d	b uː t	b iː t	b iː t	b iː t	b uː t	1	0	reg_əd	no_change	no_change
model_sep	r ə k ɔ r d	r ə k ɔ r d ə d	r ə k ɔ r d ə d	r ɛ s k j uː	r ɛ s k j uː d	r ɛ s k j uː d	r ə k ɔ r d d	0	0	reg_əd	reg_əd	reg_d
model_sep	t͡ʃ uː z	t͡ʃ o ʊ z	t͡ʃ uː z d	t͡ʃ ɪ l	t͡ʃ ɪ l d	t͡ʃ ɪ l d	t͡ʃ uː z d	1	0	vowel_change	reg_d	reg_d
model_sep	d æ n s	d æ n s t	d æ n s t	d r ɛ s	d r ɛ s t	d r ɛ s t	d æ n s t	1	1	reg_t	reg_t	reg_t
model_sep	s n ɑː r ə l	s n ɑː r ə l d	s n ɑː r ə l d	s ɪ ŋ ɡ ə l	s ɪ ŋ ɡ ə l d	s ɪ ŋ ɡ ə l d	s n ɑː r ə l d	1	1	reg_d	reg_d	reg_d
model_sep	l ɪ f t	l ɪ f t ə d	l ɪ f t ə d	l æ s t	l æ s t ə d	l æ s t ə d	l ɪ f t ə d	1	1	reg_əd	reg_əd	reg_əd
model_sep	t͡ʃ ɛ k	t͡ʃ ɛ k t	t͡ʃ ɛ k t	t͡ʃ ʌ k	t͡ʃ ʌ k t	t͡ʃ ʌ k t	t͡ʃ ɛ k t	1	1	reg_t	reg_t	reg_t
model_sep	f ɑː l o ʊ	f ɑː l o ʊ d	f ɑː l o ʊ d	f æ n s iː	f æ n s iː d	f æ n s iː d	f ɑː l o ʊ d	1	1	reg_d	reg_d	reg_d
model_sep	h æ n d	h æ n d ə d	h æ n d ə d	h a ɪ d	h ɪ d	h ɪ d	NA	0	0	reg_əd	reg_əd	vowel_change
model_sep	r ɛ k ə m ɛ n d	r ɛ k ə m ɛ n d ə d	r ɛ k ə m ɛ n d ə d	r iː s a ɪ k ə l	r iː s a ɪ k ə l d	r iː s a ɪ k ə l d	r ɛ k ə m ɛ n d d	0	0	reg_əd	reg_əd	reg_d
model_sep	ʃ uː t	ʃ ɑː t	ʃ uː t ə d	ʃ ʌ t	ʃ ʌ t	ʃ ʌ t	ʃ uː t	0	0	vowel_change	reg_əd	no_change
model_sep	s o ʊ k	s o ʊ k t	s o ʊ k t	s n æ k	s n æ k t	s n æ k t	s o ʊ k t	1	1	reg_t	reg_t	reg_t
model_sep	p ɑː r t ɪ s ə p e ɪ t	p ɑː r t ɪ s ə p e ɪ t ə d	p s t ɪ s t ə p e ɪ t ə d	p r ə f ɛ s	p r ə f ɛ s t	p r ə f ɛ s t	p ɑː r t ɪ s ə p e ɪ t t	0	0	reg_əd	other	reg_t
model_sep	s m æ k	s m æ k t	s m æ k t	s n iː k	s n iː k t	s n iː k t	s m æ k t	1	1	reg_t	reg_t	reg_t
model_sep	z ɪ p	z ɪ p t	z ɪ p t	z æ p	z æ p t	z æ p t	z ɪ p t	1	1	reg_t	reg_t	reg_t
model_sep	w ɔ r m	w ɔ r m d	w ɔ r m d	w e ɪ v	w e ɪ v d	w e ɪ v d	w ɔ r m d	1	1	reg_d	reg_d	reg_d
model_sep	k æ m p	k æ m p t	k æ m p t	k l ɪ p	k l ɪ p t	k l ɪ p t	k æ m p t	1	1	reg_t	reg_t	reg_t
model_sep	p ɹ̩ f ɛ k t	p ɹ̩ f ɛ k t ə d	p ɹ̩ f ɛ k t ə d	p a ɪ l ə t	p a ɪ l ə t ə d	p a ɪ l ə t ə d	p ɹ̩ f ɛ k t ə d	1	1	reg_əd	reg_əd	reg_əd
model_sep	z uː m	z uː m d	z uː m d	z æ p	z æ p t	z æ p t	z uː m t	0	0	reg_d	reg_d	reg_t
model_sep	f o ʊ n	f o ʊ n d	f o ʊ n d	f r iː k	f r iː k t	f r iː k t	f o ʊ n t	0	0	reg_d	reg_d	reg_t
model_sep	ɡ r e ɪ s	ɡ r e ɪ s t	ɡ r e ɪ s t	ɡ l æ n s	ɡ l æ n s t	ɡ l æ n s t	ɡ r e ɪ s t	1	1	reg_t	reg_t	reg_t
model_sep	h ʊ k	h ʊ k t	h ʊ k t	h ɔ k	h ɔ k t	h ɔ k t	h ʊ k t	1	1	reg_t	reg_t	reg_t
model_sep	p ɛ ɡ	p ɛ ɡ d	p ɛ ɡ d	p æ k	p æ k t	p æ k t	p ɛ ɡ t	0	0	reg_d	reg_d	reg_t
model_sep	f l o ʊ t	f l o ʊ t ə d	f l o ʊ t	f ɛ r ə t	f ɛ r ə t ə d	f ɛ r ə t ə d	f l o ʊ t ə d	0	1	reg_əd	no_change	reg_əd
model_sep	s p ɛ n d	s p ɛ n t	s p ɛ n d ə d	s l a ɪ d	s l ɪ d	s l ɪ d	NA	0	0	coda_change	reg_əd	vowel_change
model_sep	s æ n d	s æ n d ə d	s æ n d ə d	s a ɪ d	s a ɪ d ə d	s a ɪ d ə d	s æ n d ə d	1	1	reg_əd	reg_əd	reg_əd
model_sep	o ʊ n	o ʊ n d	o ʊ n d	o ʊ p ə n	o ʊ p ə n d	o ʊ p ə n d	o ʊ n d	1	1	reg_d	reg_d	reg_d
model_sep	m e ɪ l	m e ɪ l d	m e ɪ l d	m ɪ n s	m ɪ n s t	m ɪ n s t	m e ɪ l t	0	0	reg_d	reg_d	reg_t
model_sep	ə n t a ɪ	ə n t a ɪ d	ə n t a ɪ d	ə p l a ɪ	ə p l a ɪ d	ə p l a ɪ d	ə n t a ɪ d	1	1	reg_d	reg_d	reg_d
model_sep	ɡ r iː s	ɡ r iː s t	ɡ r iː s t	ɡ l æ s	ɡ l æ s t	ɡ l æ s t	ɡ r iː s t	1	1	reg_t	reg_t	reg_t
model_sep	p r ə t ɛ k t	p r ə t ɛ k t ə d	p r ə t ɛ k t ə d	p r ɑː d͡ʒ ɛ k t	p r ɑː d͡ʒ ɛ k t ə d	p r ɑː d͡ʒ ɛ k t ə d	p r ə t ɛ k t ə d	1	1	reg_əd	reg_əd	reg_əd
model_sep	r e ɪ d iː o ʊ	r e ɪ d iː o ʊ d	r e ɪ d iː d iː d	r ɪ k ə ʃ e ɪ	r ɪ k ə ʃ e ɪ d	r ɪ k ə ʃ e ɪ d	r e ɪ d iː o ʊ d	0	1	reg_d	other	reg_d
model_sep	d ɪ v a ɪ d	d ɪ v a ɪ d ə d	d ɪ v a ɪ d ə d	d ɪ s a ɪ d	d ɪ s a ɪ d ə d	d ɪ s a ɪ d ə d	d ɪ v a ɪ d ə d	1	1	reg_əd	reg_əd	reg_əd
model_sep	t o ʊ	t o ʊ d	t o ʊ d	t iː t͡ʃ	t ɔ t	t ɔ t	NA	0	0	reg_d	reg_d	rhyme_replaced
model_sep	t r æ n z m ɪ t	t r æ n z m ɪ t ə d	t r æ n z m ɪ t ə d	t ɛ l ə f o ʊ n	t ɛ l ə f o ʊ n d	t ɛ l ə f o ʊ n d	t r æ n z m ɪ t d	0	0	reg_əd	reg_əd	reg_d
model_sep	b æ t	b æ t ə d	b æ t ə d	b ɛ t	b ɛ t	b ɛ t	b æ t	0	0	reg_əd	reg_əd	no_change
model_sep	w e ɪ	w e ɪ d	w e ɪ d	w ɹ̩ iː	w ɹ̩ iː d	w ɹ̩ iː d	w e ɪ d	1	1	reg_d	reg_d	reg_d
model_sep	k l iː r	k l iː r d	k l iː r d	k j ʊ r	k j ʊ r d	k j ʊ r d	k l iː r d	1	1	reg_d	reg_d	reg_d
model_sep	ɛ n t͡ʃ æ n t	ɛ n t͡ʃ æ n t ə d	ɛ n t͡ʃ æ n t ə d	ɛ n k ɹ̩ ɪ d͡ʒ	ɛ n k ɹ̩ ɪ d͡ʒ d	ɛ n k ɹ̩ ɪ d͡ʒ d	ɛ n t͡ʃ æ n t d	0	0	reg_əd	reg_əd	reg_d
model_sep	ə d r ɛ s	ə d r ɛ s t	ə d r ɛ s t	ə p o ʊ z	ə p o ʊ z d	ə p o ʊ z d	ə d r ɛ s d	0	0	reg_t	reg_t	reg_d
model_sep	s m ʌ d͡ʒ	s m ʌ d͡ʒ d	s m ʌ d͡ʒ d	s iː s ɔ	s iː s ɔ d	s iː s ɔ d	s m ʌ d͡ʒ d	1	1	reg_d	reg_d	reg_d
model_sep	d r e ɪ p	d r e ɪ p t	d r e ɪ p t	d ɪ z ɹ̩ v	d ɪ z ɹ̩ v d	d ɪ z ɹ̩ v d	d r e ɪ p d	0	0	reg_t	reg_t	reg_d
model_sep	d ɪ p	d ɪ p t	d ɪ p t	d æ ʃ	d æ ʃ t	d æ ʃ t	d ɪ p t	1	1	reg_t	reg_t	reg_t
model_sep	ə s o ʊ s iː e ɪ t	ə s o ʊ s iː e ɪ t ə d	ə s o ʊ s iː e ɪ t ə d	ə n d ɹ̩ s t æ n d	ə n d ɹ̩ s t ʊ d	ə n d ɹ̩ s t ʊ d	NA	0	0	reg_əd	reg_əd	rhyme_replaced
model_sep	s ɪ ŋ k	s æ ŋ k	s ɪ ŋ k t	s t æ k	s t æ k t	s t æ k t	s ɪ ŋ k t	1	0	vowel_change	reg_t	reg_t
model_sep	p iː l	p iː l d	p iː l d	p ʊ l	p ʊ l d	p ʊ l d	p iː l d	1	1	reg_d	reg_d	reg_d
model_sep	ɪ k s ɛ p t	ɪ k s ɛ p t ə d	ɪ k s ɛ p t ə d	ɪ k s a ɪ t	ɪ k s a ɪ t ə d	ɪ k s a ɪ t ə d	ɪ k s ɛ p t ə d	1	1	reg_əd	reg_əd	reg_əd
model_sep	f r a ʊ n	f r a ʊ n d	f r a ʊ n d	f æ s ə n	f æ s ə n d	f æ s ə n d	f r a ʊ n d	1	1	reg_d	reg_d	reg_d
model_sep	s p r ɛ d	s p r ɛ d	s p r ɛ d ə d	s l a ɪ d	s l ɪ d	s l ɪ d	NA	0	0	no_change	reg_əd	vowel_change
model_sep	f l ɪ p	f l ɪ p t	f l ɪ p t	f l æ p	f l æ p t	f l æ p t	f l ɪ p t	1	1	reg_t	reg_t	reg_t
model_sep	m ʌ ʃ r uː m	m ʌ ʃ r uː m d	m ʌ ʃ r uː m d	m ɑː r b ə l	m ɑː r b ə l d	m ɑː r b ə l d	m ʌ ʃ r uː m d	1	1	reg_d	reg_d	reg_d
model_sep	r iː d uː	r iː d ɪ d	r iː d ɪ d	r ɛ s t	r ɛ s t ə d	r ɛ s t ə d	r iː d uː ə d	0	0	vowel_change_suffix	vowel_change_suffix	reg_əd
model_sep	ɡ æ s p	ɡ æ s p t	ɡ æ s p t	ɡ l ʌ v	ɡ l ʌ v d	ɡ l ʌ v d	ɡ æ s p d	0	0	reg_t	reg_t	reg_d
model_sep	t ɛ r ə r a ɪ z	t ɛ r ə r a ɪ z d	t ɛ r ə r a ɪ z d	t ɛ l ə f o ʊ n	t ɛ l ə f o ʊ n d	t ɛ l ə f o ʊ n d	t ɛ r ə r a ɪ z d	1	1	reg_d	reg_d	reg_d
model_sep	b ʊ t͡ʃ ɹ̩	b ʊ t͡ʃ ɹ̩ d	b ʊ t͡ʃ ɹ̩ d	b ɛ t ɹ̩	b ɛ t ɹ̩ d	b ɛ t ɹ̩ d	b ʊ t͡ʃ ɹ̩ d	1	1	reg_d	reg_d	reg_d
model_sep	m ə n ɪ p j ə l e ɪ t	m ə n ɪ p j ə l e ɪ t ə d	m ə n ə l d	m ʌ l t ə p l a ɪ	m ʌ l t ə p l a ɪ d	m ʌ l t ə p l a ɪ d	m ə n ɪ p j ə l e ɪ t d	0	0	reg_əd	other	reg_d
model_sep	d r ʌ ɡ	d r ʌ ɡ d	d r ʌ ɡ d	d r æ ɡ	d r æ ɡ d	d r æ ɡ d	d r ʌ ɡ d	1	1	reg_d	reg_d	reg_d
model_sep	s l a ɪ s	s l a ɪ s t	s l a ɪ s t	s k w iː z	s k w iː z d	s k w iː z d	s l a ɪ s d	0	0	reg_t	reg_t	reg_d
model_sep	s ɹ̩ a ʊ n d	s ɹ̩ a ʊ n d ə d	s ɹ̩ a ʊ n d ə d	s k o ʊ l d	s k o ʊ l d ə d	s k o ʊ l d ə d	s ɹ̩ a ʊ n d ə d	1	1	reg_əd	reg_əd	reg_əd
model_sep	s k r ɪ b ə l	s k r ɪ b ə l d	s k r ɪ b ə l d	s t r ʌ ɡ ə l	s t r ʌ ɡ ə l d	s t r ʌ ɡ ə l d	s k r ɪ b ə l d	1	1	reg_d	reg_d	reg_d
model_sep	ɡ r iː n	ɡ r iː n d	ɡ r iː n d	ɡ r ɪ n	ɡ r ɪ n d	ɡ r ɪ n d	ɡ r iː n d	1	1	reg_d	reg_d	reg_d
model_sep	s k w ɹ̩ t	s k w ɹ̩ t ə d	s k w ɹ̩ t	s k e ɪ t	s k e ɪ t ə d	s k e ɪ t ə d	s k w ɹ̩ t ə d	0	1	reg_əd	no_change	reg_əd
model_sep	k ə n ɛ k t	k ə n ɛ k t ə d	k ə n ɛ k t ə d	k ɑː m ɛ n t	k ɑː m ɛ n t ə d	k ɑː m ɛ n t ə d	k ə n ɛ k t ə d	1	1	reg_əd	reg_əd	reg_əd
model_sep	ɡ r ɪ l	ɡ r ɪ l d	ɡ r ɪ l d	ɡ e ɪ z	ɡ e ɪ z d	ɡ e ɪ z d	ɡ r ɪ l d	1	1	reg_d	reg_d	reg_d
model_sep	k ə n s ɪ d ɹ̩	k ə n s ɪ d ɹ̩ d	k ə n s ɪ d ɹ̩ d	k æ t ə l ɔ ɡ	k æ t ə l ɔ ɡ d	k æ t ə l ɔ ɡ d	k ə n s ɪ d ɹ̩ d	1	1	reg_d	reg_d	reg_d
model_sep	k ɹ̩ l	k ɹ̩ l d	k ɹ̩ l d	k uː l	k uː l d	k uː l d	k ɹ̩ l d	1	1	reg_d	reg_d	reg_d
model_sep	ɔ θ ɹ̩	ɔ θ ɹ̩ d	ɔ ɹ̩ d ə d	ɔ f ɹ̩	ɔ f ɹ̩ d	ɔ f ɹ̩ d	ɔ θ ɹ̩ d	0	1	reg_d	other	reg_d
model_sep	f l ʌ ʃ	f l ʌ ʃ t	f l ʌ ʃ t	f l æ ʃ	f l æ ʃ t	f l æ ʃ t	f l ʌ ʃ t	1	1	reg_t	reg_t	reg_t
model_sep	f l a ʊ n d ɹ̩	f l a ʊ n d ɹ̩ d	f l a ʊ n d ɹ̩ d	f r a ɪ t ə n	f r a ɪ t ə n d	f r a ɪ t ə n d	f l a ʊ n d ɹ̩ d	1	1	reg_d	reg_d	reg_d
model_sep	d a ɪ v	d o ʊ v	d a ɪ v d	d r æ ɡ	d r æ ɡ d	d r æ ɡ d	d a ɪ v d	1	0	vowel_change	reg_d	reg_d
model_sep	ɔ r ɡ ə n a ɪ z	ɔ r ɡ ə n a ɪ z d	ɔ r ɡ ə n a ɪ z d	ɔ f ɹ̩	ɔ f ɹ̩ d	ɔ f ɹ̩ d	ɔ r ɡ ə n a ɪ z d	1	1	reg_d	reg_d	reg_d
model_sep	ə r a ɪ v	ə r a ɪ v d	ə r a ɪ v d	ə b z ɹ̩ v	ə b z ɹ̩ v d	ə b z ɹ̩ v d	ə r a ɪ v d	1	1	reg_d	reg_d	reg_d
model_sep	n æ p	n æ p t	n æ p t	n ɪ p	n ɪ p t	n ɪ p t	n æ p t	1	1	reg_t	reg_t	reg_t
model_sep	l iː n	l iː n d	l ɛ n	l ɹ̩ n	l ɹ̩ n d	l ɹ̩ n d	l iː n d	0	1	reg_d	vowel_change	reg_d
model_sep	ɪ n v ɑː l v	ɪ n v ɑː l v d	ɪ n v ɑː l v d	ɪ s k e ɪ p	ɪ s k e ɪ p t	ɪ s k e ɪ p t	ɪ n v ɑː l v t	0	0	reg_d	reg_d	reg_t
model_sep	s n ɪ f	s n ɪ f t	s n ɪ f t	s t ʌ f	s t ʌ f t	s t ʌ f t	s n ɪ f t	1	1	reg_t	reg_t	reg_t
model_sep	ɪ n ɡ e ɪ d͡ʒ	ɪ n ɡ e ɪ d͡ʒ d	ɪ n ɡ e ɪ d͡ʒ d	ɪ n ɪ ʃ ə l	ɪ n ɪ ʃ ə l d	ɪ n ɪ ʃ ə l d	ɪ n ɡ e ɪ d͡ʒ d	1	1	reg_d	reg_d	reg_d
model_sep	f a ɪ n	f a ɪ n d	f ɔ t	f r iː k	f r iː k t	f r iː k t	f a ɪ n t	0	0	reg_d	rhyme_replaced	reg_t
model_sep	d æ m	d æ m d	d æ m d	d ɪ ɡ	d ʌ ɡ	d ʌ ɡ	NA	0	0	reg_d	reg_d	vowel_change
model_sep	a ɪ s	a ɪ s t	a ɪ s t	a ɪ	a ɪ d	a ɪ d	a ɪ s d	0	0	reg_t	reg_t	reg_d
model_sep	s t ʌ n	s t ʌ n d	s t ʌ n d	s k æ n	s k æ n d	s k æ n d	s t ʌ n d	1	1	reg_d	reg_d	reg_d
model_sep	d ɛ r	d ɛ r d	d ɛ r d	d ɪ ŋ	d ɪ ŋ d	d ɪ ŋ d	d ɛ r d	1	1	reg_d	reg_d	reg_d
model_sep	t iː z	t iː z d	t ɔ z d	t ɛ l	t o ʊ l d	t o ʊ l d	NA	0	0	reg_d	vowel_change_suffix	vowel_change_suffix
model_sep	f ʌ m b ə l	f ʌ m b ə l d	f ʌ m b ə l d	f l æ t ə n	f l æ t ə n d	f l æ t ə n d	f ʌ m b ə l d	1	1	reg_d	reg_d	reg_d
model_sep	b ʌ n t͡ʃ	b ʌ n t͡ʃ t	b ʌ n t͡ʃ t	b l iː t͡ʃ	b l iː t͡ʃ t	b l iː t͡ʃ t	b ʌ n t͡ʃ t	1	1	reg_t	reg_t	reg_t
model_sep	r ɪ p iː t	r ɪ p iː t ə d	r ɪ p iː t ə d	r iː æ k t	r iː æ k t ə d	r iː æ k t ə d	r ɪ p iː t ə d	1	1	reg_əd	reg_əd	reg_əd
model_sep	s k r e ɪ p	s k r e ɪ p t	s k r e ɪ p t	s t r a ɪ p	s t r a ɪ p t	s t r a ɪ p t	s k r e ɪ p t	1	1	reg_t	reg_t	reg_t
model_sep	ə d͡ʒ ʌ s t	ə d͡ʒ ʌ s t ə d	ə d͡ʒ ʌ s t ə d	ə r ɛ s t	ə r ɛ s t ə d	ə r ɛ s t ə d	ə d͡ʒ ʌ s t ə d	1	1	reg_əd	reg_əd	reg_əd
model_sep	r ɔ ŋ	r ɔ ŋ d	r ɔ ŋ d	r ɪ ŋ	r æ ŋ	r æ ŋ	NA	0	0	reg_d	reg_d	vowel_change
model_sep	b ɛ ɡ	b ɛ ɡ d	b ɛ ɡ d	b æ ɡ	b æ ɡ d	b æ ɡ d	b ɛ ɡ d	1	1	reg_d	reg_d	reg_d
model_sep	w iː l	w iː l d	w iː l d	w ɪ l	w ɪ l d	w ɪ l d	w iː l d	1	1	reg_d	reg_d	reg_d
model_sep	d͡ʒ ʌ d͡ʒ	d͡ʒ ʌ d͡ʒ d	d͡ʒ ʌ d͡ʒ d	d͡ʒ æ k	d͡ʒ æ k t	d͡ʒ æ k t	d͡ʒ ʌ d͡ʒ t	0	0	reg_d	reg_d	reg_t
model_sep	t͡ʃ æ n ə l	t͡ʃ æ n ə l d	t͡ʃ æ n ə l d	t͡ʃ e ɪ n d͡ʒ	t͡ʃ e ɪ n d͡ʒ d	t͡ʃ e ɪ n d͡ʒ d	t͡ʃ æ n ə l d	1	1	reg_d	reg_d	reg_d
model_sep	f r ɔ s t	f r ɔ s t ə d	f r ɔ s t ə d	f ɛ r ə t	f ɛ r ə t ə d	f ɛ r ə t ə d	f r ɔ s t ə d	1	1	reg_əd	reg_əd	reg_əd
model_sep	r uː l	r uː l d	r uː l d	r ɪ ŋ	r æ ŋ	r æ ŋ	NA	0	0	reg_d	reg_d	vowel_change
model_sep	t æ k ə l	t æ k ə l d	t æ k ə l d	t æ t ə l	t æ t ə l d	t æ t ə l d	t æ k ə l d	1	1	reg_d	reg_d	reg_d
model_sep	t æ ŋ ɡ ə l	t æ ŋ ɡ ə l d	t æ ŋ ɡ ə l d	t ɪ ŋ k ə l	t ɪ ŋ k ə l d	t ɪ ŋ k ə l d	t æ ŋ ɡ ə l d	1	1	reg_d	reg_d	reg_d
model_sep	b ʌ t ɹ̩	b ʌ t ɹ̩ d	b ʌ t ɹ̩ d	b ɑː ð ɹ̩	b ɑː ð ɹ̩ d	b ɑː ð ɹ̩ d	b ʌ t ɹ̩ d	1	1	reg_d	reg_d	reg_d
model_sep	b l æ k	b l æ k t	b l æ k t	b e ɪ k	b e ɪ k t	b e ɪ k t	b l æ k t	1	1	reg_t	reg_t	reg_t
model_sep	s p e ɪ s	s p e ɪ s t	s p e ɪ s t	s k r ʌ b	s k r ʌ b d	s k r ʌ b d	s p e ɪ s d	0	0	reg_t	reg_t	reg_d
model_sep	p r ɪ z uː m	p r ɪ z uː m d	p r ɪ z uː m d	p ɹ̩ f ɔ r m	p ɹ̩ f ɔ r m d	p ɹ̩ f ɔ r m d	p r ɪ z uː m d	1	1	reg_d	reg_d	reg_d
model_sep	k ə n k l uː d	k ə n k l uː d ə d	k ə n k l uː d ə d	k ə n s ʌ l t	k ə n s ʌ l t ə d	k ə n s ʌ l t ə d	k ə n k l uː d ə d	1	1	reg_əd	reg_əd	reg_əd
model_sep	p a ʊ t	p a ʊ t ə d	p a ʊ t ə d	p ɑː r t	p ɑː r t ə d	p ɑː r t ə d	p a ʊ t ə d	1	1	reg_əd	reg_əd	reg_əd
model_sep	ə n l o ʊ d	ə n l o ʊ d ə d	ə n l o ʊ d ə d	ə t r æ k t	ə t r æ k t ə d	ə t r æ k t ə d	ə n l o ʊ d ə d	1	1	reg_əd	reg_əd	reg_əd
model_sep	ə b d͡ʒ ɛ k t	ə b d͡ʒ ɛ k t ə d	ə b d͡ʒ ɛ k t ə d	ə t r æ k t	ə t r æ k t ə d	ə t r æ k t ə d	ə b d͡ʒ ɛ k t ə d	1	1	reg_əd	reg_əd	reg_əd
model_sep	d o ʊ z	d o ʊ z d	d o ʊ z d	d r ɛ s	d r ɛ s t	d r ɛ s t	d o ʊ z t	0	0	reg_d	reg_d	reg_t
model_sep	s t æ b	s t æ b d	s t æ b d	s e ɪ v	s e ɪ v d	s e ɪ v d	s t æ b d	1	1	reg_d	reg_d	reg_d
model_sep	t r æ n s k r a ɪ b	t r æ n s k r a ɪ b d	t r æ n s k r a ɪ t ə d	t ɛ l ə f o ʊ n	t ɛ l ə f o ʊ n d	t ɛ l ə f o ʊ n d	t r æ n s k r a ɪ b d	0	1	reg_d	other	reg_d
model_sep	r iː ɹ̩ e ɪ n d͡ʒ	r iː ɹ̩ e ɪ n d͡ʒ d	r iː ɹ̩ e ɪ n d͡ʒ d	r iː ə l a ɪ z	r iː ə l a ɪ z d	r iː ə l a ɪ z d	r iː ɹ̩ e ɪ n d͡ʒ d	1	1	reg_d	reg_d	reg_d
model_sep	ɛ n d͡ʒ ə n iː r	ɛ n d͡ʒ ə n iː r d	ɛ n d͡ʒ ə n iː r d	ɛ n e ɪ b ə l	ɛ n e ɪ b ə l d	ɛ n e ɪ b ə l d	ɛ n d͡ʒ ə n iː r d	1	1	reg_d	reg_d	reg_d
model_sep	ɡ r e ɪ z	ɡ r e ɪ z d	ɡ r e ɪ z d	ɡ ɑː b ə l	ɡ ɑː b ə l d	ɡ ɑː b ə l d	ɡ r e ɪ z d	1	1	reg_d	reg_d	reg_d
model_sep	k ɑː l ɹ̩	k ɑː l ɹ̩ d	k ɑː l ɹ̩ d	k ʌ l ɹ̩	k ʌ l ɹ̩ d	k ʌ l ɹ̩ d	k ɑː l ɹ̩ d	1	1	reg_d	reg_d	reg_d
model_sep	k o ʊ k s	k o ʊ k s t	k o ʊ k s t	k r ɪ n d͡ʒ	k r ɪ n d͡ʒ d	k r ɪ n d͡ʒ d	k o ʊ k s d	0	0	reg_t	reg_t	reg_d
model_sep	n ʌ k ə l	n ʌ k ə l d	n ʌ k ə l d	n ɪ b ə l	n ɪ b ə l d	n ɪ b ə l d	n ʌ k ə l d	1	1	reg_d	reg_d	reg_d
model_sep	ɪ n v ɛ s t ə ɡ e ɪ t	ɪ n v ɛ s t ə ɡ e ɪ t ə d	ɪ n v ɛ s t ə ɡ t ə d	ɪ n v ɛ n t	ɪ n v ɛ n t ə d	ɪ n v ɛ n t ə d	ɪ n v ɛ s t ə ɡ e ɪ t ə d	0	1	reg_əd	other	reg_əd
model_sep	t͡ʃ ɑː r d͡ʒ	t͡ʃ ɑː r d͡ʒ d	t͡ʃ ɑː r d͡ʒ d	t͡ʃ e ɪ s	t͡ʃ e ɪ s t	t͡ʃ e ɪ s t	t͡ʃ ɑː r d͡ʒ t	0	0	reg_d	reg_d	reg_t
model_sep	s p ɑː t	s p ɑː t ə d	s p ɑː t ə d	s ɔ r t	s ɔ r t ə d	s ɔ r t ə d	s p ɑː t ə d	1	1	reg_əd	reg_əd	reg_əd
model_sep	d r a ʊ n	d r a ʊ n d	d r a ʊ n d	d r ɪ ŋ k	d r æ ŋ k	d r æ ŋ k	NA	0	0	reg_d	reg_d	vowel_change
model_sep	f l ɪ k ɹ̩	f l ɪ k ɹ̩ d	f l ɪ k ɹ̩ d	f l a ʊ ɹ̩	f l a ʊ ɹ̩ d	f l a ʊ ɹ̩ d	f l ɪ k ɹ̩ d	1	1	reg_d	reg_d	reg_d
model_sep	h ɑː r d ə n	h ɑː r d ə n d	h ɑː r d ə n d	h æ n d ə l	h æ n d ə l d	h æ n d ə l d	h ɑː r d ə n d	1	1	reg_d	reg_d	reg_d
model_sep	f l æ t ɹ̩	f l æ t ɹ̩ d	f l æ t ɹ̩ d	f l a ʊ ɹ̩	f l a ʊ ɹ̩ d	f l a ʊ ɹ̩ d	f l æ t ɹ̩ d	1	1	reg_d	reg_d	reg_d
model_sep	w ɑː b ə l	w ɑː b ə l d	w ɑː b ə l d	w ɑː f ə l	w ɑː f ə l d	w ɑː f ə l d	w ɑː b ə l d	1	1	reg_d	reg_d	reg_d
model_sep	l iː k	l iː k t	l ɛ k t	l ɑː k	l ɑː k t	l ɑː k t	l iː k t	0	1	reg_t	vowel_change_suffix	reg_t
model_sep	t a ɪ p	t a ɪ p t	t a ɪ p t	t e ɪ p	t e ɪ p t	t e ɪ p t	t a ɪ p t	1	1	reg_t	reg_t	reg_t
model_sep	k ɑː m p l ə m ɛ n t	k ɑː m p l ə m ɛ n t ə d	k ɑː m p l ə m ɛ m t ə d	k ə n t r ɪ b j uː t	k ə n t r ɪ b j uː t ə d	k ə n t r ɪ b j uː t ə d	k ɑː m p l ə m ɛ n t ə d	0	1	reg_əd	other	reg_əd
model_sep	ɪ n t ɹ̩ m ɪ k s	ɪ n t ɹ̩ m ɪ k s t	ɪ n t ɹ̩ m ɪ k s t	ɪ v æ p ɹ̩ e ɪ t	ɪ v æ p ɹ̩ e ɪ t ə d	ɪ v æ p ɹ̩ e ɪ t ə d	ɪ n t ɹ̩ m ɪ k s ə d	0	0	reg_t	reg_t	reg_əd
model_sep	n o ʊ z	n o ʊ z d	n o ʊ z d	n a ɪ f	n a ɪ f t	n a ɪ f t	n o ʊ z t	0	0	reg_d	reg_d	reg_t
model_sep	ɪ n f ɔ r m	ɪ n f ɔ r m d	ɪ n f ɔ r m d	ɪ k s a ɪ t	ɪ k s a ɪ t ə d	ɪ k s a ɪ t ə d	ɪ n f ɔ r m ə d	0	0	reg_d	reg_d	reg_əd
model_sep	s p a ɪ s	s p a ɪ s t	s p a ɪ s t	s k r ʌ b	s k r ʌ b d	s k r ʌ b d	s p a ɪ s d	0	0	reg_t	reg_t	reg_d
model_sep	h ɔ l	h ɔ l d	h ɔ l d	h æ ŋ	h ʌ ŋ	h ʌ ŋ	NA	0	0	reg_d	reg_d	vowel_change
model_sep	d ɑː d͡ʒ	d ɑː d͡ʒ d	d ɑː d͡ʒ d	d ɪ ŋ	d ɪ ŋ d	d ɪ ŋ d	d ɑː d͡ʒ d	1	1	reg_d	reg_d	reg_d
model_sep	s a ɪ	s a ɪ d	s a ɪ d	s ɪ p	s ɪ p t	s ɪ p t	s a ɪ t	0	0	reg_d	reg_d	reg_t
model_sep	s ɛ n t ɹ̩	s ɛ n t ɹ̩ d	s ɛ n t ɹ̩ d	s o ʊ b ɹ̩	s o ʊ b ɹ̩ d	s o ʊ b ɹ̩ d	s ɛ n t ɹ̩ d	1	1	reg_d	reg_d	reg_d
model_sep	p æ t͡ʃ	p æ t͡ʃ t	p æ t͡ʃ t	p ɪ t͡ʃ	p ɪ t͡ʃ t	p ɪ t͡ʃ t	p æ t͡ʃ t	1	1	reg_t	reg_t	reg_t
model_sep	f ɔ r w ɹ̩ d	f ɔ r w ɹ̩ d ə d	f ɔ r w ɹ̩ d ə d	f ɹ̩ m ɛ n t	f ɹ̩ m ɛ n t ə d	f ɹ̩ m ɛ n t ə d	f ɔ r w ɹ̩ d ə d	1	1	reg_əd	reg_əd	reg_əd
model_sep	s t iː r	s t iː r d	s t iː r d	s t ɔ r	s t ɔ r d	s t ɔ r d	s t iː r d	1	1	reg_d	reg_d	reg_d
model_sep	k ə n d ɛ n s	k ə n d ɛ n s t	k ə n d ɛ n s t	k ə n v ɪ n s	k ə n v ɪ n s t	k ə n v ɪ n s t	k ə n d ɛ n s t	1	1	reg_t	reg_t	reg_t
model_sep	b e ɪ ð	b e ɪ ð d	b e ɪ ð d	b r iː ð	b r iː ð d	b r iː ð d	b e ɪ ð d	1	1	reg_d	reg_d	reg_d
model_sep	b ɔ l	b ɔ l d	b ɔ l d	b ɪ l	b e ɪ l	b ɪ l d	NA	0	0	reg_d	reg_d	vowel_change
model_sep	k l ɪ k	k l ɪ k t	k l ɪ k t	k l ɑː k	k l ɑː k t	k l ɑː k t	k l ɪ k t	1	1	reg_t	reg_t	reg_t
model_sep	t r ɪ m	t r ɪ m d	t r ɪ m d	t a ɪ m	t a ɪ m d	t a ɪ m d	t r ɪ m d	1	1	reg_d	reg_d	reg_d
model_sep	d͡ʒ ɹ̩ k	d͡ʒ ɹ̩ k t	d͡ʒ ɹ̩ k t	d͡ʒ æ k	d͡ʒ æ k t	d͡ʒ æ k t	d͡ʒ ɹ̩ k t	1	1	reg_t	reg_t	reg_t
model_sep	r iː b ɪ l d	r iː b ɪ l t	r iː b ɪ l d ə d	r ɪ z ɪ s t	r ɪ z ɪ s t ə d	r ɪ z ɪ s t ə d	r iː b ɪ l d ə d	1	0	coda_change	reg_əd	reg_əd
model_sep	h ɹ̩ d	h ɹ̩ d ə d	h ɹ̩ d ə d	h ɛ d	h ɛ d ə d	h ɛ d ə d	h ɹ̩ d ə d	1	1	reg_əd	reg_əd	reg_əd
model_sep	θ ʌ n d ɹ̩	θ ʌ n d ɹ̩ d	θ ʌ n d ɹ̩ d	θ r o ʊ	θ r uː	θ r uː	NA	0	0	reg_d	reg_d	vowel_change
model_sep	ə p r o ʊ p r iː e ɪ t	ə p r o ʊ p r iː e ɪ t ə d	ə p r d	ə p r iː ʃ iː e ɪ t	ə p r iː ʃ iː e ɪ t ə d	ə p r iː ʃ iː e ɪ t ə d	ə p r o ʊ p r iː e ɪ t ə d	0	1	reg_əd	other	reg_əd
model_sep	k ʌ m f ɹ̩ t	k ʌ m f ɹ̩ t ə d	k ʌ m f ɹ̩ t ə d	k ɑː m ɛ n t	k ɑː m ɛ n t ə d	k ɑː m ɛ n t ə d	k ʌ m f ɹ̩ t ə d	1	1	reg_əd	reg_əd	reg_əd
model_sep	r ɪ l e ɪ t	r ɪ l e ɪ t ə d	r ɪ l e ɪ t ə d	r ɪ ɡ r ɛ t	r ɪ ɡ r ɛ t ə d	r ɪ ɡ r ɛ t ə d	r ɪ l e ɪ t ə d	1	1	reg_əd	reg_əd	reg_əd
model_sep	w a ɪ ɹ̩	w a ɪ ɹ̩ d	w a ɪ ɹ̩ d	w ɔ t ɹ̩	w ɔ t ɹ̩ d	w ɔ t ɹ̩ d	w a ɪ ɹ̩ d	1	1	reg_d	reg_d	reg_d
model_sep	ɛ k s ɹ̩ s a ɪ z	ɛ k s ɹ̩ s a ɪ z d	ɛ k s ɹ̩ s a ɪ z d	ɛ m f ə s a ɪ z	ɛ m f ə s a ɪ z d	ɛ m f ə s a ɪ z d	ɛ k s ɹ̩ s a ɪ z d	1	1	reg_d	reg_d	reg_d
model_sep	k r ʌ m p ə l	k r ʌ m p ə l d	k r ʌ m p ə l d	k r ʌ m b ə l	k r ʌ m b ə l d	k r ʌ m b ə l d	k r ʌ m p ə l d	1	1	reg_d	reg_d	reg_d
model_sep	ɪ ɡ z æ m ɪ n	ɪ ɡ z æ m ɪ n d	ɪ ɡ z æ m ɪ n d	ɪ n t ɹ̩ f ɪ r	ɪ n t ɹ̩ f ɪ r d	ɪ n t ɹ̩ f ɪ r d	ɪ ɡ z æ m ɪ n d	1	1	reg_d	reg_d	reg_d
model_sep	ʃ ɑː p	ʃ ɑː p t	ʃ ɑː p t	ʃ ɪ p	ʃ ɪ p t	ʃ ɪ p t	ʃ ɑː p t	1	1	reg_t	reg_t	reg_t
model_sep	k ɔ r ə l e ɪ t	k ɔ r ə l e ɪ t ə d	k ɔ r ə l e ɪ t ə d	k æ m ə f l ɑː ʒ	k æ m ə f l ɑː ʒ d	k æ m ə f l ɑː ʒ d	k ɔ r ə l e ɪ t d	0	0	reg_əd	reg_əd	reg_d
model_sep	k ə m b a ɪ n	k ə m b a ɪ n d	k ə m b a ɪ n d	k ə n t e ɪ n	k ə n t e ɪ n d	k ə n t e ɪ n d	k ə m b a ɪ n d	1	1	reg_d	reg_d	reg_d
model_sep	b ʌ k	b ʌ k t	b ʌ k t	b æ k	b æ k t	b æ k t	b ʌ k t	1	1	reg_t	reg_t	reg_t
model_sep	ə p r o ʊ t͡ʃ	ə p r o ʊ t͡ʃ t	ə p r o ʊ t͡ʃ t	ə r e ɪ n d͡ʒ	ə r e ɪ n d͡ʒ d	ə r e ɪ n d͡ʒ d	ə p r o ʊ t͡ʃ d	0	0	reg_t	reg_t	reg_d
model_sep	s t ɔ k	s t ɔ k t	s t ɔ k t	s t æ k	s t æ k t	s t æ k t	s t ɔ k t	1	1	reg_t	reg_t	reg_t
model_sep	k r iː e ɪ t	k r iː e ɪ t ə d	k r iː e ɪ t ə d	k ə l ɛ k t	k ə l ɛ k t ə d	k ə l ɛ k t ə d	k r iː e ɪ t ə d	1	1	reg_əd	reg_əd	reg_əd
model_sep	n e ɪ l	n e ɪ l d	n e ɪ l d	n a ɪ f	n a ɪ f t	n a ɪ f t	n e ɪ l t	0	0	reg_d	reg_d	reg_t
model_sep	r ə f ɹ̩	r ə f ɹ̩ d	r ə f ɹ̩ d	r o ʊ m	r o ʊ m d	r o ʊ m d	r ə f ɹ̩ d	1	1	reg_d	reg_d	reg_d
model_sep	s p ɑː r k	s p ɑː r k t	s p ɑː r k t	s p æ ŋ k	s p æ ŋ k t	s p æ ŋ k t	s p ɑː r k t	1	1	reg_t	reg_t	reg_t
model_sep	h o ʊ l	h o ʊ l d	h o ʊ l d	h a ʊ z	h a ʊ z d	h a ʊ z d	h o ʊ l d	1	1	reg_d	reg_d	reg_d
model_sep	f ɪ d ə l	f ɪ d ə l d	f ɪ d ə l d	f r e ɪ m	f r e ɪ m d	f r e ɪ m d	f ɪ d ə l d	1	1	reg_d	reg_d	reg_d
model_sep	ʃ r ɪ ŋ k	ʃ r æ ŋ k	ʃ r æ ŋ k	ʃ ʌ v ə l	ʃ ʌ v ə l d	ʃ ʌ v ə l d	ʃ r ɪ ŋ k d	0	0	vowel_change	vowel_change	reg_d
model_sep	b r a ɪ b	b r a ɪ b d	b r a ɪ b d	b r e ɪ s	b r e ɪ s t	b r e ɪ s t	b r a ɪ b t	0	0	reg_d	reg_d	reg_t
model_sep	w ɑː l o ʊ	w ɑː l o ʊ d	w ɑː l o ʊ d	w ɪ s p ɹ̩	w ɪ s p ɹ̩ d	w ɪ s p ɹ̩ d	w ɑː l o ʊ d	1	1	reg_d	reg_d	reg_d
model_sep	ɪ n t ɛ n d	ɪ n t ɛ n d ə d	ɪ n t ɛ n d ə d	ɪ n v ɛ n t	ɪ n v ɛ n t ə d	ɪ n v ɛ n t ə d	ɪ n t ɛ n d ə d	1	1	reg_əd	reg_əd	reg_əd
model_sep	s æ n ɪ t a ɪ z	s æ n ɪ t a ɪ z d	s æ n ɪ t a ɪ z d	s ɪ v ə l a ɪ z	s ɪ v ə l a ɪ z d	s ɪ v ə l a ɪ z d	s æ n ɪ t a ɪ z d	1	1	reg_d	reg_d	reg_d
model_sep	s ɹ̩ t͡ʃ	s ɹ̩ t͡ʃ t	s ɹ̩ t͡ʃ t	s æ ɡ	s æ ɡ d	s æ ɡ d	s ɹ̩ t͡ʃ d	0	0	reg_t	reg_t	reg_d
model_sep	v æ k j uː m	v æ k j uː m d	v æ k j uː m d	v ɪ ʒ w ə l a ɪ z	v ɪ ʒ w ə l a ɪ z d	v ɪ ʒ w ə l a ɪ z d	v æ k j uː m d	1	1	reg_d	reg_d	reg_d
model_sep	p ɛ r	p ɛ r d	p ɛ r d	p iː r	p iː r d	p iː r d	p ɛ r d	1	1	reg_d	reg_d	reg_d
model_sep	r ɪ d͡ʒ ɛ k t	r ɪ d͡ʒ ɛ k t ə d	r ɪ d͡ʒ ɛ k t ə d	r ɪ z ɪ s t	r ɪ z ɪ s t ə d	r ɪ z ɪ s t ə d	r ɪ d͡ʒ ɛ k t ə d	1	1	reg_əd	reg_əd	reg_əd
model_sep	d a ɪ d͡ʒ ɛ s t	d a ɪ d͡ʒ ɛ s t ə d	d a ɪ d͡ʒ ɛ s t ə d	d a ɪ s ɛ k t	d a ɪ s ɛ k t ə d	d a ɪ s ɛ k t ə d	d a ɪ d͡ʒ ɛ s t ə d	1	1	reg_əd	reg_əd	reg_əd
model_sep	s ə b t r æ k t	s ə b t r æ k t ə d	s ə b t r æ k t ə d	s t r e ɪ t ə n	s t r e ɪ t ə n d	s t r e ɪ t ə n d	s ə b t r æ k t d	0	0	reg_əd	reg_əd	reg_d
model_sep	ə n p æ k	ə n p æ k t	ə n p æ k t	ə n l ɑː k	ə n l ɑː k t	ə n l ɑː k t	ə n p æ k t	1	1	reg_t	reg_t	reg_t
model_sep	h iː l	h iː l d	h iː l d	h æ ŋ	h ʌ ŋ	h ʌ ŋ	NA	0	0	reg_d	reg_d	vowel_change
model_sep	b ɔ ɪ l	b ɔ ɪ l d	b ɔ ɪ l d	b o ʊ l	b o ʊ l d	b o ʊ l d	b ɔ ɪ l d	1	1	reg_d	reg_d	reg_d
model_sep	ə n ɔ ɪ	ə n ɔ ɪ d	ə n ɔ ɪ d	ə ɡ r iː	ə ɡ r iː d	ə ɡ r iː d	ə n ɔ ɪ d	1	1	reg_d	reg_d	reg_d
model_sep	r iː s t r e ɪ n	r iː s t r e ɪ n d	r iː s t r e ɪ n d	r iː s a ɪ k ə l	r iː s a ɪ k ə l d	r iː s a ɪ k ə l d	r iː s t r e ɪ n d	1	1	reg_d	reg_d	reg_d
model_sep	l æ p	l æ p t	l æ p t	l iː p	l ɛ p t	l ɛ p t	NA	0	0	reg_t	reg_t	vowel_change_suffix
model_sep	k w a ɪ ə t	k w a ɪ ə t ə d	k w a ɪ ə t ə d	k l ɑː z ə t	k l ɑː z ə t ə d	k l ɑː z ə t ə d	k w a ɪ ə t ə d	1	1	reg_əd	reg_əd	reg_əd
model_sep	s k iː	s k iː d	s k iː d	s a ʊ	s a ʊ d	s a ʊ d	s k iː d	1	1	reg_d	reg_d	reg_d
model_sep	s k a ʊ t	s k a ʊ t ə d	s k a ʊ t ə d	s k e ɪ t	s k e ɪ t ə d	s k e ɪ t ə d	s k a ʊ t ə d	1	1	reg_əd	reg_əd	reg_əd
model_sep	s k ɹ̩ iː	s k ɹ̩ iː d	s k ɹ̩ iː d	s ʌ l iː	s ʌ l iː d	s ʌ l iː d	s k ɹ̩ iː d	1	1	reg_d	reg_d	reg_d
model_sep	ə s ɪ s t	ə s ɪ s t ə d	ə s ɪ s t ə d	ə p s ɛ t	ə p s ɛ t	ə p s ɛ t	ə s ɪ s t	0	0	reg_əd	reg_əd	no_change
model_sep	ɡ r uː p	ɡ r uː p t	ɡ r uː p t	ɡ l ʌ v	ɡ l ʌ v d	ɡ l ʌ v d	ɡ r uː p d	0	0	reg_t	reg_t	reg_d
model_sep	r ʌ s t	r ʌ s t ə d	r ʌ s t ə d	r a ɪ t	r o ʊ t	r o ʊ t	NA	0	0	reg_əd	reg_əd	vowel_change
model_sep	h uː t	h uː t ə d	h uː t	h iː t	h iː t ə d	h iː t ə d	h uː t ə d	0	1	reg_əd	no_change	reg_əd
model_sep	d ɪ f iː t	d ɪ f iː t ə d	d ɪ f iː t ə d	d ɪ l iː t	d ɪ l iː t ə d	d ɪ l iː t ə d	d ɪ f iː t ə d	1	1	reg_əd	reg_əd	reg_əd
model_sep	p r ə l ɔ ŋ	p r ə l ɔ ŋ d	p r ə l ɔ ŋ t	p r iː p ɛ r	p r iː p ɛ r d	p r iː p ɛ r d	p r ə l ɔ ŋ d	0	1	reg_d	reg_t	reg_d
model_sep	l ɪ s t	l ɪ s t	l ɪ s t ə d	l æ s t	l æ s t ə d	l æ s t ə d	l ɪ s t ə d	1	0	no_change	reg_əd	reg_əd
model_sep	p ɹ̩ s w e ɪ d	p ɹ̩ s w e ɪ d ə d	p ɹ̩ s w e ɪ d ə d	p r ə v a ɪ d	p r ə v a ɪ d ə d	p r ə v a ɪ d ə d	p ɹ̩ s w e ɪ d ə d	1	1	reg_əd	reg_əd	reg_əd
model_sep	k ə m p iː t	k ə m p iː t ə d	k ə m p iː t ə d	k ɑː r p ə t	k ɑː r p ə t ə d	k ɑː r p ə t ə d	k ə m p iː t ə d	1	1	reg_əd	reg_əd	reg_əd
model_sep	r ɪ l iː v	r ɪ l iː v d	r ɪ l iː v d	r ə s iː v	r ə s iː v d	r ə s iː v d	r ɪ l iː v d	1	1	reg_d	reg_d	reg_d
model_sep	θ r ɛ t ə n	θ r ɛ t ə n d	θ r ɛ t ə n d	θ ɪ n	θ ɪ n d	θ ɪ n d	θ r ɛ t ə n d	1	1	reg_d	reg_d	reg_d
model_sep	o ʊ v ɹ̩ r ə n	o ʊ v ɹ̩ r æ n	o ʊ v ɹ̩ r ə n d	o ʊ v ɹ̩ k ʊ k	o ʊ v ɹ̩ k ʊ k t	o ʊ v ɹ̩ k ʊ k t	o ʊ v ɹ̩ r ə n t	0	0	vowel_change	reg_d	reg_t
model_sep	z iː r o ʊ	z iː r o ʊ d	z iː r o ʊ d	z ɪ p ɹ̩	z ɪ p ɹ̩ d	z ɪ p ɹ̩ d	z iː r o ʊ d	1	1	reg_d	reg_d	reg_d
model_sep	d æ m ə d͡ʒ	d æ m ə d͡ʒ d	d æ m ə d͡ʒ d	d a ɪ ə l	d a ɪ ə l d	d a ɪ ə l d	d æ m ə d͡ʒ d	1	1	reg_d	reg_d	reg_d
model_sep	k o ʊ t	k o ʊ t ə d	k o ʊ t	k æ s t	k æ s t	k æ s t	k o ʊ t	1	0	reg_əd	no_change	no_change
model_sep	k j uː b	k j uː b d	k j uː b d	k l ʌ b	k l ʌ b d	k l ʌ b d	k j uː b d	1	1	reg_d	reg_d	reg_d
model_sep	ʃ a ɪ n	ʃ a ɪ n d	ʃ a ɪ n d	ʃ r iː k	ʃ r iː k t	ʃ r iː k t	ʃ a ɪ n t	0	0	reg_d	reg_d	reg_t
model_sep	t æ k s iː	t æ k s iː d	t æ k s iː d	t r ɪ ɡ ɹ̩	t r ɪ ɡ ɹ̩ d	t r ɪ ɡ ɹ̩ d	t æ k s iː d	1	1	reg_d	reg_d	reg_d
model_sep	s t ɔ l	s t ɔ l d	s t ɔ l d	s t ɪ l	s t ɪ l d	s t ɪ l d	s t ɔ l d	1	1	reg_d	reg_d	reg_d
model_sep	ɪ n k ɔ r p ɹ̩ e ɪ t	ɪ n k ɔ r p ɹ̩ e ɪ t ə d	ɪ n k ɔ r p ɹ̩ e ɪ t ɔ ɪ t ɔ r e ɪ	ɪ v æ k j ə w e ɪ t	ɪ v æ k j ə w e ɪ t ə d	ɪ v æ k j ə w e ɪ t ə d	ɪ n k ɔ r p ɹ̩ e ɪ t ə d	0	1	reg_əd	other	reg_əd
model_sep	t o ʊ t ə l	t o ʊ t ə l d	t o ʊ t ə l d	t r æ v ə l	t r æ v ə l d	t r æ v ə l d	t o ʊ t ə l d	1	1	reg_d	reg_d	reg_d
model_sep	m æ ŋ ɡ ə l	m æ ŋ ɡ ə l d	m æ ŋ ɡ ə l d	m ɑː r b ə l	m ɑː r b ə l d	m ɑː r b ə l d	m æ ŋ ɡ ə l d	1	1	reg_d	reg_d	reg_d
model_sep	o ʊ v ɹ̩ l æ p	o ʊ v ɹ̩ l æ p t	o ʊ v ɹ̩ l æ p t	o ʊ v ɹ̩ k ʊ k	o ʊ v ɹ̩ k ʊ k t	o ʊ v ɹ̩ k ʊ k t	o ʊ v ɹ̩ l æ p t	1	1	reg_t	reg_t	reg_t
model_sep	k ɑː n t r æ k t	k ɑː n t r æ k t ə d	k ɑː n t r æ k t ə d	k ə m p l e ɪ n	k ə m p l e ɪ n d	k ə m p l e ɪ n d	k ɑː n t r æ k t d	0	0	reg_əd	reg_əd	reg_d
model_sep	k r a ʊ t͡ʃ	k r a ʊ t͡ʃ t	k r a ʊ t͡ʃ t	k r ʌ n t͡ʃ	k r ʌ n t͡ʃ t	k r ʌ n t͡ʃ t	k r a ʊ t͡ʃ t	1	1	reg_t	reg_t	reg_t
model_sep	b uː m	b uː m d	b uː m d	b æ k	b æ k t	b æ k t	b uː m t	0	0	reg_d	reg_d	reg_t
model_sep	m o ʊ l d	m o ʊ l d ə d	m o ʊ l d ə d	m a ɪ n d	m a ɪ n d ə d	m a ɪ n d ə d	m o ʊ l d ə d	1	1	reg_əd	reg_əd	reg_əd
model_sep	ɪ n t r iː ɡ	ɪ n t r iː ɡ d	ɪ n t r iː ɡ d	ɪ n ɪ ʃ ə l	ɪ n ɪ ʃ ə l d	ɪ n ɪ ʃ ə l d	ɪ n t r iː ɡ d	1	1	reg_d	reg_d	reg_d
model_sep	f r ɛ k ə l	f r ɛ k ə l d	f r ɛ k ə l d	f l æ t ə n	f l æ t ə n d	f l æ t ə n d	f r ɛ k ə l d	1	1	reg_d	reg_d	reg_d
model_sep	h ʌ ʃ	h ʌ ʃ t	h ʌ ʃ t	h æ t͡ʃ	h ʌ t͡ʃ t	h æ t͡ʃ t	NA	0	0	reg_t	reg_t	vowel_change_suffix
model_sep	b æ ŋ k	b æ ŋ k t	b æ ŋ k t	b e ɪ k	b e ɪ k t	b e ɪ k t	b æ ŋ k t	1	1	reg_t	reg_t	reg_t
model_sep	h iː p	h iː p t	h iː p t	h ɑː p	h ɑː p t	h ɑː p t	h iː p t	1	1	reg_t	reg_t	reg_t
model_sep	ɪ ɡ z ɪ s t	ɪ ɡ z ɪ s t ə d	ɪ ɡ z ɪ s t ə d	ɪ n s ɪ s t	ɪ n s ɪ s t ə d	ɪ n s ɪ s t ə d	ɪ ɡ z ɪ s t ə d	1	1	reg_əd	reg_əd	reg_əd
model_sep	ə k ɑː m p l ɪ ʃ	ə k ɑː m p l ɪ ʃ t	ə m ɑː m p l ɪ ʃ t	ə p ɑː l ə d͡ʒ a ɪ z	ə p ɑː l ə d͡ʒ a ɪ z d	ə p ɑː l ə d͡ʒ a ɪ z d	ə k ɑː m p l ɪ ʃ d	0	0	reg_t	other	reg_d
model_sep	k e ɪ v	k e ɪ v d	k e ɪ v d	k ɑː r v	k ɑː r v d	k ɑː r v d	k e ɪ v d	1	1	reg_d	reg_d	reg_d
model_sep	p ɛ d ə l	p ɛ d ə l d	p ɛ d ə l d	p æ d ə l	p æ d ə l d	p æ d ə l d	p ɛ d ə l d	1	1	reg_d	reg_d	reg_d
model_sep	r ɪ v ɹ̩ s	r ɪ v ɹ̩ s t	r ɪ v ɹ̩ s t	r ɪ s ɛ s	r ɪ s ɛ s t	r ɪ s ɛ s t	r ɪ v ɹ̩ s t	1	1	reg_t	reg_t	reg_t
model_sep	s ə b s a ɪ d	s ə b s a ɪ d ə d	s ə b s a ɪ d	s ɛ p ɹ̩ e ɪ t	s ɛ p ɹ̩ e ɪ t ə d	s ɛ p ɹ̩ e ɪ t ə d	s ə b s a ɪ d ə d	0	1	reg_əd	no_change	reg_əd
model_sep	k ə n s ɹ̩ n	k ə n s ɹ̩ n d	k ə n s ɹ̩ n d	k æ n s ə l	k æ n s ə l d	k æ n s ə l d	k ə n s ɹ̩ n d	1	1	reg_d	reg_d	reg_d
model_sep	t iː	t iː d	t ɔ	t ɔ ɪ	t ɔ ɪ d	t ɔ ɪ d	t iː d	0	1	reg_d	vowel_change	reg_d
model_sep	f l ɹ̩ iː	f l ɹ̩ iː d	f l ɹ̩ iː d	f l o ʊ	f l o ʊ d	f l o ʊ d	f l ɹ̩ iː d	1	1	reg_d	reg_d	reg_d
model_sep	n ɛ r o ʊ	n ɛ r o ʊ d	n ɛ r o ʊ d	n ʌ m b ɹ̩	n ʌ m b ɹ̩ d	n ʌ m b ɹ̩ d	n ɛ r o ʊ d	1	1	reg_d	reg_d	reg_d
model_sep	ɪ m p r ə v a ɪ z	ɪ m p r ə v a ɪ z d	ɪ m p r ə v a ɪ z d	ɪ m p l ə m ɛ n t	ɪ m p l ə m ɛ n t ə d	ɪ m p l ə m ɛ n t ə d	ɪ m p r ə v a ɪ z ə d	0	0	reg_d	reg_d	reg_əd
model_mean	h æ v	h æ d	h æ v d	h æ t͡ʃ	h ʌ t͡ʃ t	h æ t͡ʃ t	NA	0	0	coda_change	reg_d	vowel_change_suffix
model_mean	h æ p ə n	h æ p ə n d	h æ p ə n d	h æ t͡ʃ	h ʌ t͡ʃ t	h æ t͡ʃ t	NA	0	0	reg_d	reg_d	vowel_change_suffix
model_mean	p l e ɪ s	p l e ɪ s t	p l e ɪ s t	p l e ɪ	p l e ɪ d	p l e ɪ d	p l e ɪ s d	0	0	reg_t	reg_t	reg_d
model_mean	k l o ʊ z	k l o ʊ z d	k l o ʊ z d	k l a ʊ d	k l a ʊ d ə d	k l a ʊ d ə d	k l o ʊ z ə d	0	0	reg_d	reg_d	reg_əd
model_mean	k ʊ k	k ʊ k t	k ʊ k t	k æ p	k ɔ t	k æ p t	NA	0	0	reg_t	reg_t	rhyme_replaced
model_mean	r ʌ n	r æ n	r ʌ n d	r ʌ ʃ	r ʌ ʃ t	r ʌ ʃ t	r ʌ n t	0	0	vowel_change	reg_d	reg_t
model_mean	s e ɪ	s ɛ d	s e ɪ d	s e ɪ v	s e ɪ v d	s e ɪ v d	s e ɪ d	1	0	vowel_change_suffix	reg_d	reg_d
model_mean	f ɪ ʃ	f ɪ ʃ t	f ɪ ʃ t	f ɪ t	f ɪ t	f ɪ t	f ɪ ʃ	0	0	reg_t	reg_t	no_change
model_mean	h ɹ̩ t	h ɹ̩ t	h ɹ̩ t ə d	h ɪ t	h ɪ t	h ɪ t	h ɹ̩ t	0	1	no_change	reg_əd	no_change
model_mean	l uː z	l ɔ s t	l uː z d	l uː s	l uː s t	l uː s t	l uː z t	0	0	rhyme_replaced	reg_d	reg_t
model_mean	æ s k	æ s k t	æ s k t	æ k t	æ k t ə d	æ k t ə d	æ s k ə d	0	0	reg_t	reg_t	reg_əd
model_mean	p e ɪ	p e ɪ d	p e ɪ d	p ɪ ŋ	p ɪ ŋ d	p ɪ ŋ d	p e ɪ d	1	1	reg_d	reg_d	reg_d
model_mean	s p ɛ l	s p ɛ l d	s p ɛ l d	s p ɛ r	s p ɛ r d	s p ɛ r d	s p ɛ l d	1	1	reg_d	reg_d	reg_d
model_mean	s p ɪ t	s p æ t	s p ɪ t ə d	s p ɪ n	s p ʌ n	s p ʌ n	NA	0	0	vowel_change	reg_əd	vowel_change
model_mean	m ɪ s	m ɪ s t	m ɪ s t	m ɛ s	m ɛ s t	m ɛ s t	m ɪ s t	1	1	reg_t	reg_t	reg_t
model_mean	s t ɑː r t	s t ɑː r t ə d	s t ɑː r t ə d	s t ɑː r	s t ɑː r d	s t ɑː r d	s t ɑː r t d	0	0	reg_əd	reg_əd	reg_d
model_mean	p ɑː r t iː	p ɑː r t iː d	p ɑː r t iː d	p ɑː r t	p ɑː r t ə d	p ɑː r t ə d	p ɑː r t iː ə d	0	0	reg_d	reg_d	reg_əd
model_mean	ɡ ɛ s	ɡ ɛ s t	ɡ ɑː s t	ɡ ɛ t	ɡ ɑː t	ɡ ɑː t	NA	0	0	reg_t	vowel_change_suffix	vowel_change
model_mean	f a ɪ ɹ̩	f a ɪ ɹ̩ d	f ɔ t ɹ̩ d	f a ɪ l	f ɔ t	f a ɪ l d	NA	0	0	reg_d	other	rhyme_replaced
model_mean	s ɪ t	s æ t	s ɪ t	s iː t	s iː t ə d	s iː t ə d	s ɪ t ə d	0	0	vowel_change	no_change	reg_əd
model_mean	ʃ uː	ʃ uː d	ʃ uː d	ʃ ɛ r	ʃ ɛ r d	ʃ ɛ r d	ʃ uː d	1	1	reg_d	reg_d	reg_d
model_mean	w ɹ̩ k	w ɹ̩ k t	w ɹ̩ k t	w ɹ̩ iː	w ɹ̩ iː d	w ɹ̩ iː d	w ɹ̩ k d	0	0	reg_t	reg_t	reg_d
model_mean	t ʌ t͡ʃ	t ʌ t͡ʃ t	t ʌ t͡ʃ t	t iː t͡ʃ	t ɔ t	t ɔ t	NA	0	0	reg_t	reg_t	rhyme_replaced
model_mean	s t ɑː p	s t ɑː p t	s t ɑː p t	s t ɑː m p	s t ɑː m p t	s t ɑː m p t	s t ɑː p t	1	1	reg_t	reg_t	reg_t
model_mean	s t ɹ̩	s t ɹ̩ d	s t ɹ̩ d	s t ɪ l	s t ɪ l d	s t ɪ l d	s t ɹ̩ d	1	1	reg_d	reg_d	reg_d
model_mean	l ɛ d	l ɛ d ə d	l ɛ d	l ɛ t	l ɛ t	l ɛ t	l ɛ d	1	0	reg_əd	no_change	no_change
model_mean	p ɔ r	p ɔ r d	p ɔ r d	p iː r	p iː r d	p iː r d	p ɔ r d	1	1	reg_d	reg_d	reg_d
model_mean	s ə p o ʊ z	s ə p o ʊ z d	s ə p o ʊ z d	s ə p ɔ r t	s ə p ɔ r t ə d	s ə p ɔ r t ə d	s ə p o ʊ z ə d	0	0	reg_d	reg_d	reg_əd
model_mean	w ʌ n d ɹ̩	w ʌ n d ɹ̩ d	w ʌ n d ɹ̩ d	w ɪ n t ɹ̩	w ɪ n t ɹ̩ d	w ɪ n t ɹ̩ d	w ʌ n d ɹ̩ d	1	1	reg_d	reg_d	reg_d
model_mean	k w ɛ s t͡ʃ ə n	k w ɛ s t͡ʃ ə n d	k w ɛ s t͡ʃ ə n d	s k w iː k	s k w iː k t	s k w iː k t	k w ɛ s t͡ʃ ə n t	0	0	reg_d	reg_d	reg_t
model_mean	d a ɪ	d a ɪ d	d a ɪ d	d a ɪ s	d a ɪ s t	d a ɪ s t	d a ɪ t	0	0	reg_d	reg_d	reg_t
model_mean	s p iː k	s p o ʊ k	s p iː k t	s iː p	s iː p t	s iː p t	s p iː k t	1	0	vowel_change	reg_t	reg_t
model_mean	s w iː p	s w ɛ p t	s w iː p t	s w ɪ t͡ʃ	s w ɪ t͡ʃ t	s w ɪ t͡ʃ t	s w iː p t	1	0	vowel_change_suffix	reg_t	reg_t
model_mean	b r ʌ ʃ	b r ʌ ʃ t	b r ʌ ʃ t	b r ɛ d	b r ɛ d ə d	b r ɛ d ə d	b r ʌ ʃ ə d	0	0	reg_t	reg_t	reg_əd
model_mean	ə b a ɪ d	ə b a ɪ d ə d	ə b a ɪ d ə d	ə b ɔ r t	ə b ɔ r t ə d	ə b ɔ r t ə d	ə b a ɪ d ə d	1	1	reg_əd	reg_əd	reg_əd
model_mean	l æ f	l æ f t	l æ f t	l æ s t	l æ s t ə d	l æ s t ə d	l æ f ə d	0	0	reg_t	reg_t	reg_əd
model_mean	t a ɪ	t a ɪ d	t a ɪ d	t ɔ ɪ	t ɔ ɪ d	t ɔ ɪ d	t a ɪ d	1	1	reg_d	reg_d	reg_d
model_mean	ɪ n v a ɪ t	ɪ n v a ɪ t ə d	ɪ n v a ɪ t ə d	ɪ n v ɛ n t	ɪ n v ɛ n t ə d	ɪ n v ɛ n t ə d	ɪ n v a ɪ t ə d	1	1	reg_əd	reg_əd	reg_əd
model_mean	k r ɔ l	k r ɔ l d	k r ɔ l d	k r ɔ s	k r ɔ s t	k r ɔ s t	k r ɔ l t	0	0	reg_d	reg_d	reg_t
model_mean	p o ʊ k	p o ʊ k t	p o ʊ k t	p ʊ l	p ʊ l d	p ʊ l d	p o ʊ k d	0	0	reg_t	reg_t	reg_d
model_mean	ɡ r o ʊ	ɡ r uː	ɡ r uː	ɡ o ʊ	w ɛ n t	w ɛ n t	NA	0	0	vowel_change	vowel_change	other
model_mean	s t iː l	s t o ʊ l	s t iː l d	s t ɪ l	s t ɪ l d	s t ɪ l d	s t iː l d	1	0	vowel_change	reg_d	reg_d
model_mean	t͡ʃ uː	t͡ʃ uː d	t͡ʃ uː d	t͡ʃ ɑː p	t͡ʃ ɑː p t	t͡ʃ ɑː p t	t͡ʃ uː t	0	0	reg_d	reg_d	reg_t
model_mean	w ɔ k	w ɔ k t	w ɔ k t	w ɔ t ɹ̩	w ɔ t ɹ̩ d	w ɔ t ɹ̩ d	w ɔ k d	0	0	reg_t	reg_t	reg_d
model_mean	s ɛ l	s o ʊ l d	s ɛ l d	s ɛ t	s ɛ t	s ɛ t	s ɛ l	0	0	vowel_change_suffix	reg_d	no_change
model_mean	p ɪ k t͡ʃ ɹ̩	p ɪ k t͡ʃ ɹ̩ d	p ɪ k t͡ʃ ɹ̩ d	p ɪ k ə l	p ɪ k ə l d	p ɪ k ə l d	p ɪ k t͡ʃ ɹ̩ d	1	1	reg_d	reg_d	reg_d
model_mean	k o ʊ m	k o ʊ m d	k o ʊ m d	k uː l	k uː l d	k uː l d	k o ʊ m d	1	1	reg_d	reg_d	reg_d
model_mean	s m a ɪ l	s m a ɪ l d	s m a ɪ l d	s a ɪ z	s a ɪ z d	s a ɪ z d	s m a ɪ l d	1	1	reg_d	reg_d	reg_d
model_mean	d r ɑː p	d r ɑː p t	d r ɑː p t	d r ɪ p	d r ɪ p t	d r ɪ p t	d r ɑː p t	1	1	reg_t	reg_t	reg_t
model_mean	s k r æ t͡ʃ	s k r æ t͡ʃ t	s k r æ t͡ʃ t	s k r æ p	s k r æ p t	s k r æ p t	s k r æ t͡ʃ t	1	1	reg_t	reg_t	reg_t
model_mean	s t æ m p	s t æ m p t	s t ʊ æ m d	s t ɑː m p	s t ɑː m p t	s t ɑː m p t	s t æ m p t	0	1	reg_t	rhyme_replaced	reg_t
model_mean	k r ʌ ʃ	k r ʌ ʃ t	k r ʌ ʃ t	k r æ ʃ	k r æ ʃ t	k r æ ʃ t	k r ʌ ʃ t	1	1	reg_t	reg_t	reg_t
model_mean	b uː t	b uː t ə d	b uː t	b uː	b uː d	b uː d	b uː t d	0	0	reg_əd	no_change	reg_d
model_mean	r ə k ɔ r d	r ə k ɔ r d ə d	r ə k ɔ r d ə d	r ə f j uː z	r ə f j uː z d	r ə f j uː z d	r ə k ɔ r d d	0	0	reg_əd	reg_əd	reg_d
model_mean	t͡ʃ uː z	t͡ʃ o ʊ z	t͡ʃ uː z d	t͡ʃ ɪ l	t͡ʃ ɪ l d	t͡ʃ ɪ l d	t͡ʃ uː z d	1	0	vowel_change	reg_d	reg_d
model_mean	d æ n s	d æ n s t	d æ n s t	d æ ʃ	d æ ʃ t	d æ ʃ t	d æ n s t	1	1	reg_t	reg_t	reg_t
model_mean	s n ɑː r ə l	s n ɑː r ə l d	s n ɑː r ə l d	s n æ p	s n æ p t	s n æ p t	s n ɑː r ə l t	0	0	reg_d	reg_d	reg_t
model_mean	l ɪ f t	l ɪ f t ə d	l ɪ f t ə d	l ɛ t	l ɛ t	l ɛ t	l ɪ f t	0	0	reg_əd	reg_əd	no_change
model_mean	t͡ʃ ɛ k	t͡ʃ ɛ k t	t͡ʃ ɛ k t	t͡ʃ ɑː p	t͡ʃ ɑː p t	t͡ʃ ɑː p t	t͡ʃ ɛ k t	1	1	reg_t	reg_t	reg_t
model_mean	f ɑː l o ʊ	f ɑː l o ʊ d	f ɑː l o ʊ d	f l o ʊ	f l o ʊ d	f l o ʊ d	f ɑː l o ʊ d	1	1	reg_d	reg_d	reg_d
model_mean	h æ n d	h æ n d ə d	h æ n d ə d	h æ t͡ʃ	h ʌ t͡ʃ t	h æ t͡ʃ t	NA	0	0	reg_əd	reg_əd	vowel_change_suffix
model_mean	r ɛ k ə m ɛ n d	r ɛ k ə m ɛ n d ə d	r ɛ k ə m ɛ n d ə d	r ɛ k ə ɡ n a ɪ z	r ɛ k ə ɡ n a ɪ z d	r ɛ k ə ɡ n a ɪ z d	r ɛ k ə m ɛ n d d	0	0	reg_əd	reg_əd	reg_d
model_mean	ʃ uː t	ʃ ɑː t	ʃ uː t ə d	ʃ ʌ t	ʃ ʌ t	ʃ ʌ t	ʃ uː t	0	0	vowel_change	reg_əd	no_change
model_mean	s o ʊ k	s o ʊ k t	s o ʊ k t	s o ʊ	s o ʊ d	s o ʊ d	s o ʊ k d	0	0	reg_t	reg_t	reg_d
model_mean	p ɑː r t ɪ s ə p e ɪ t	p ɑː r t ɪ s ə p e ɪ t ə d	p s t ɪ s t ə p e ɪ t ə d	p ɑː r d ə n	p ɑː r d ə n d	p ɑː r d ə n d	p ɑː r t ɪ s ə p e ɪ t d	0	0	reg_əd	other	reg_d
model_mean	s m æ k	s m æ k t	s m æ k t	s m æ ʃ	s m æ ʃ t	s m æ ʃ t	s m æ k t	1	1	reg_t	reg_t	reg_t
model_mean	z ɪ p	z ɪ p t	z ɪ p t	z ɪ p ɹ̩	z ɪ p ɹ̩ d	z ɪ p ɹ̩ d	z ɪ p d	0	0	reg_t	reg_t	reg_d
model_mean	w ɔ r m	w ɔ r m d	w ɔ r m d	w ɔ r n	w ɔ r n d	w ɔ r n d	w ɔ r m d	1	1	reg_d	reg_d	reg_d
model_mean	k æ m p	k æ m p t	k æ m p t	k æ p	k ɔ t	k æ p t	NA	0	0	reg_t	reg_t	rhyme_replaced
model_mean	p ɹ̩ f ɛ k t	p ɹ̩ f ɛ k t ə d	p ɹ̩ f ɛ k t ə d	p ɹ̩ f ɔ r m	p ɹ̩ f ɔ r m d	p ɹ̩ f ɔ r m d	p ɹ̩ f ɛ k t d	0	0	reg_əd	reg_əd	reg_d
model_mean	z uː m	z uː m d	z uː m d	m uː v	m uː v d	m uː v d	z uː m d	1	1	reg_d	reg_d	reg_d
model_mean	f o ʊ n	f o ʊ n d	f o ʊ n d	f o ʊ l d	f o ʊ l d ə d	f o ʊ l d ə d	f o ʊ n ə d	0	0	reg_d	reg_d	reg_əd
model_mean	ɡ r e ɪ s	ɡ r e ɪ s t	ɡ r e ɪ s t	ɡ r e ɪ t	ɡ r e ɪ t ə d	ɡ r e ɪ t ə d	ɡ r e ɪ s ə d	0	0	reg_t	reg_t	reg_əd
model_mean	h ʊ k	h ʊ k t	h ʊ k t	h ʌ ɡ	h ʌ ɡ d	h ʌ ɡ d	h ʊ k d	0	0	reg_t	reg_t	reg_d
model_mean	p ɛ ɡ	p ɛ ɡ d	p ɛ ɡ d	p ɛ n	p ɛ n d	p ɛ n d	p ɛ ɡ d	1	1	reg_d	reg_d	reg_d
model_mean	f l o ʊ t	f l o ʊ t ə d	f l o ʊ t	f l o ʊ	f l o ʊ d	f l o ʊ d	f l o ʊ t d	0	0	reg_əd	no_change	reg_d
model_mean	s p ɛ n d	s p ɛ n t	s p ɛ n d ə d	s p ɛ r	s p ɛ r d	s p ɛ r d	s p ɛ n d d	0	0	coda_change	reg_əd	reg_d
model_mean	s æ n d	s æ n d ə d	s æ n d ə d	s æ ɡ	s æ ɡ d	s æ ɡ d	s æ n d d	0	0	reg_əd	reg_əd	reg_d
model_mean	o ʊ n	o ʊ n d	o ʊ n d	o ʊ	o ʊ d	o ʊ d	o ʊ n d	1	1	reg_d	reg_d	reg_d
model_mean	m e ɪ l	m e ɪ l d	m e ɪ l d	m e ɪ k	m e ɪ d	m e ɪ d	NA	0	0	reg_d	reg_d	coda_change
model_mean	ə n t a ɪ	ə n t a ɪ d	ə n t a ɪ d	ə n d r ɛ s	ə n d r ɛ s t	ə n d r ɛ s t	ə n t a ɪ t	0	0	reg_d	reg_d	reg_t
model_mean	ɡ r iː s	ɡ r iː s t	ɡ r iː s t	ɡ r æ b	ɡ r æ b d	ɡ r æ b d	ɡ r iː s d	0	0	reg_t	reg_t	reg_d
model_mean	p r ə t ɛ k t	p r ə t ɛ k t ə d	p r ə t ɛ k t ə d	p r æ k t ɪ s	p r æ k t ɪ s t	p r æ k t ɪ s t	p r ə t ɛ k t t	0	0	reg_əd	reg_əd	reg_t
model_mean	r e ɪ d iː o ʊ	r e ɪ d iː o ʊ d	r e ɪ d iː d iː d	d r ɪ b ə l	d r ɪ b ə l d	d r ɪ b ə l d	r e ɪ d iː o ʊ d	0	1	reg_d	other	reg_d
model_mean	d ɪ v a ɪ d	d ɪ v a ɪ d ə d	d ɪ v a ɪ d ə d	d ɪ v ɛ l ə p	d ɪ v ɛ l ə p t	d ɪ v ɛ l ə p t	d ɪ v a ɪ d t	0	0	reg_əd	reg_əd	reg_t
model_mean	t o ʊ	t o ʊ d	t o ʊ d	t o ʊ n	t o ʊ n d	t o ʊ n d	t o ʊ d	1	1	reg_d	reg_d	reg_d
model_mean	t r æ n z m ɪ t	t r æ n z m ɪ t ə d	t r æ n z m ɪ t ə d	t r æ n z l e ɪ t	t r æ n z l e ɪ t ə d	t r æ n z l e ɪ t ə d	t r æ n z m ɪ t ə d	1	1	reg_əd	reg_əd	reg_əd
model_mean	b æ t	b æ t ə d	b æ t ə d	b iː t	b iː t	b iː t	b æ t	0	0	reg_əd	reg_əd	no_change
model_mean	w e ɪ	w e ɪ d	w e ɪ d	w e ɪ v	w e ɪ v d	w e ɪ v d	w e ɪ d	1	1	reg_d	reg_d	reg_d
model_mean	k l iː r	k l iː r d	k l iː r d	k l iː n	k l iː n d	k l iː n d	k l iː r d	1	1	reg_d	reg_d	reg_d
model_mean	ɛ n t͡ʃ æ n t	ɛ n t͡ʃ æ n t ə d	ɛ n t͡ʃ æ n t ə d	ɛ n d͡ʒ ɔ ɪ	ɛ n d͡ʒ ɔ ɪ d	ɛ n d͡ʒ ɔ ɪ d	ɛ n t͡ʃ æ n t d	0	0	reg_əd	reg_əd	reg_d
model_mean	ə d r ɛ s	ə d r ɛ s t	ə d r ɛ s t	ə d ɔ r	ə d ɔ r d	ə d ɔ r d	ə d r ɛ s d	0	0	reg_t	reg_t	reg_d
model_mean	s m ʌ d͡ʒ	s m ʌ d͡ʒ d	s m ʌ d͡ʒ d	s m æ ʃ	s m æ ʃ t	s m æ ʃ t	s m ʌ d͡ʒ t	0	0	reg_d	reg_d	reg_t
model_mean	d r e ɪ p	d r e ɪ p t	d r e ɪ p t	d r ɪ ŋ k	d r æ ŋ k	d r æ ŋ k	NA	0	0	reg_t	reg_t	vowel_change
model_mean	d ɪ p	d ɪ p t	d ɪ p t	d ɪ ʃ	d ɪ ʃ t	d ɪ ʃ t	d ɪ p t	1	1	reg_t	reg_t	reg_t
model_mean	ə s o ʊ s iː e ɪ t	ə s o ʊ s iː e ɪ t ə d	ə s o ʊ s iː e ɪ t ə d	s ə s p ɛ k t	s ə s p ɛ k t ə d	s ə s p ɛ k t ə d	ə s o ʊ s iː e ɪ t ə d	1	1	reg_əd	reg_əd	reg_əd
model_mean	s ɪ ŋ k	s æ ŋ k	s ɪ ŋ k t	s ɪ ŋ	s æ ŋ	s æ ŋ	NA	0	0	vowel_change	reg_t	vowel_change
model_mean	p iː l	p iː l d	p iː l d	p ʊ l	p ʊ l d	p ʊ l d	p iː l d	1	1	reg_d	reg_d	reg_d
model_mean	ɪ k s ɛ p t	ɪ k s ɛ p t ə d	ɪ k s ɛ p t ə d	ɪ k s p r ɛ s	ɪ k s p r ɛ s t	ɪ k s p r ɛ s t	ɪ k s ɛ p t t	0	0	reg_əd	reg_əd	reg_t
model_mean	f r a ʊ n	f r a ʊ n d	f r a ʊ n d	f r a ɪ t ə n	f r a ɪ t ə n d	f r a ɪ t ə n d	f r a ʊ n d	1	1	reg_d	reg_d	reg_d
model_mean	s p r ɛ d	s p r ɛ d	s p r ɛ d ə d	s p ɛ r	s p ɛ r d	s p ɛ r d	s p r ɛ d d	0	0	no_change	reg_əd	reg_d
model_mean	f l ɪ p	f l ɪ p t	f l ɪ p t	f l ɑː p	f l ɑː p t	f l ɑː p t	f l ɪ p t	1	1	reg_t	reg_t	reg_t
model_mean	m ʌ ʃ r uː m	m ʌ ʃ r uː m d	m ʌ ʃ r uː m d	m ʌ s ə l	m ʌ s ə l d	m ʌ s ə l d	m ʌ ʃ r uː m d	1	1	reg_d	reg_d	reg_d
model_mean	r iː d uː	r iː d ɪ d	r iː d ɪ d	r iː d	r ɛ d	r ɛ d	NA	0	0	vowel_change_suffix	vowel_change_suffix	vowel_change
model_mean	ɡ æ s p	ɡ æ s p t	ɡ æ s p t	ɡ æ s	ɡ æ s t	ɡ æ s t	ɡ æ s p t	1	1	reg_t	reg_t	reg_t
model_mean	t ɛ r ə r a ɪ z	t ɛ r ə r a ɪ z d	t ɛ r ə r a ɪ z d	t r ɛ ʒ ɹ̩	t r ɛ ʒ ɹ̩ d	t r ɛ ʒ ɹ̩ d	t ɛ r ə r a ɪ z d	1	1	reg_d	reg_d	reg_d
model_mean	b ʊ t͡ʃ ɹ̩	b ʊ t͡ʃ ɹ̩ d	b ʊ t͡ʃ ɹ̩ d	b ɑː ð ɹ̩	b ɑː ð ɹ̩ d	b ɑː ð ɹ̩ d	b ʊ t͡ʃ ɹ̩ d	1	1	reg_d	reg_d	reg_d
model_mean	m ə n ɪ p j ə l e ɪ t	m ə n ɪ p j ə l e ɪ t ə d	m ə n ə l d	ə n z ɪ p	ə n z ɪ p t	ə n z ɪ p t	m ə n ɪ p j ə l e ɪ t t	0	0	reg_əd	other	reg_t
model_mean	d r ʌ ɡ	d r ʌ ɡ d	d r ʌ ɡ d	d r æ ɡ	d r æ ɡ d	d r æ ɡ d	d r ʌ ɡ d	1	1	reg_d	reg_d	reg_d
model_mean	s l a ɪ s	s l a ɪ s t	s l a ɪ s t	s l a ɪ d	s l ɪ d	s l ɪ d	NA	0	0	reg_t	reg_t	vowel_change
model_mean	s ɹ̩ a ʊ n d	s ɹ̩ a ʊ n d ə d	s ɹ̩ a ʊ n d ə d	s a ʊ n d	s a ʊ n d ə d	s a ʊ n d ə d	s ɹ̩ a ʊ n d ə d	1	1	reg_əd	reg_əd	reg_əd
model_mean	s k r ɪ b ə l	s k r ɪ b ə l d	s k r ɪ b ə l d	s k r æ m b ə l	s k r æ m b ə l d	s k r æ m b ə l d	s k r ɪ b ə l d	1	1	reg_d	reg_d	reg_d
model_mean	ɡ r iː n	ɡ r iː n d	ɡ r iː n d	ɡ r ɪ n	ɡ r ɪ n d	ɡ r ɪ n d	ɡ r iː n d	1	1	reg_d	reg_d	reg_d
model_mean	s k w ɹ̩ t	s k w ɹ̩ t ə d	s k w ɹ̩ t	s k w ɑː ʃ	s k w ɑː ʃ t	s k w ɑː ʃ t	s k w ɹ̩ t t	0	0	reg_əd	no_change	reg_t
model_mean	k ə n ɛ k t	k ə n ɛ k t ə d	k ə n ɛ k t ə d	k ə n t e ɪ n	k ə n t e ɪ n d	k ə n t e ɪ n d	k ə n ɛ k t d	0	0	reg_əd	reg_əd	reg_d
model_mean	ɡ r ɪ l	ɡ r ɪ l d	ɡ r ɪ l d	ɡ r ɪ n	ɡ r ɪ n d	ɡ r ɪ n d	ɡ r ɪ l d	1	1	reg_d	reg_d	reg_d
model_mean	k ə n s ɪ d ɹ̩	k ə n s ɪ d ɹ̩ d	k ə n s ɪ d ɹ̩ d	k ə n s ʌ l t	k ə n s ʌ l t ə d	k ə n s ʌ l t ə d	k ə n s ɪ d ɹ̩ ə d	0	0	reg_d	reg_d	reg_əd
model_mean	k ɹ̩ l	k ɹ̩ l d	k ɹ̩ l d	k ɹ̩ v	k ɹ̩ v d	k ɹ̩ v d	k ɹ̩ l d	1	1	reg_d	reg_d	reg_d
model_mean	ɔ θ ɹ̩	ɔ θ ɹ̩ d	ɔ ɹ̩ d ə d	ɔ f ɹ̩	ɔ f ɹ̩ d	ɔ f ɹ̩ d	ɔ θ ɹ̩ d	0	1	reg_d	other	reg_d
model_mean	f l ʌ ʃ	f l ʌ ʃ t	f l ʌ ʃ t	f l ʌ f	f l ʌ f t	f l ʌ f t	f l ʌ ʃ t	1	1	reg_t	reg_t	reg_t
model_mean	f l a ʊ n d ɹ̩	f l a ʊ n d ɹ̩ d	f l a ʊ n d ɹ̩ d	f l a ʊ ɹ̩	f l a ʊ ɹ̩ d	f l a ʊ ɹ̩ d	f l a ʊ n d ɹ̩ d	1	1	reg_d	reg_d	reg_d
model_mean	d a ɪ v	d o ʊ v	d a ɪ v d	d a ɪ s	d a ɪ s t	d a ɪ s t	d a ɪ v t	0	0	vowel_change	reg_d	reg_t
model_mean	ɔ r ɡ ə n a ɪ z	ɔ r ɡ ə n a ɪ z d	ɔ r ɡ ə n a ɪ z d	r ʌ b	r ʌ b d	r ʌ b d	ɔ r ɡ ə n a ɪ z d	1	1	reg_d	reg_d	reg_d
model_mean	ə r a ɪ v	ə r a ɪ v d	ə r a ɪ v d	ə ɡ r iː	ə ɡ r iː d	ə ɡ r iː d	ə r a ɪ v d	1	1	reg_d	reg_d	reg_d
model_mean	n æ p	n æ p t	n æ p t	n æ ɡ	n æ ɡ d	n æ ɡ d	n æ p d	0	0	reg_t	reg_t	reg_d
model_mean	l iː n	l iː n d	l ɛ n	l iː f	l ɛ f t	l iː f t	NA	0	0	reg_d	vowel_change	vowel_change_suffix
model_mean	ɪ n v ɑː l v	ɪ n v ɑː l v d	ɪ n v ɑː l v d	ɪ n ɪ ʃ ə l	ɪ n ɪ ʃ ə l d	ɪ n ɪ ʃ ə l d	ɪ n v ɑː l v d	1	1	reg_d	reg_d	reg_d
model_mean	s n ɪ f	s n ɪ f t	s n ɪ f t	s n æ p	s n æ p t	s n æ p t	s n ɪ f t	1	1	reg_t	reg_t	reg_t
model_mean	ɪ n ɡ e ɪ d͡ʒ	ɪ n ɡ e ɪ d͡ʒ d	ɪ n ɡ e ɪ d͡ʒ d	ɪ n h e ɪ l	ɪ n h e ɪ l d	ɪ n h e ɪ l d	ɪ n ɡ e ɪ d͡ʒ d	1	1	reg_d	reg_d	reg_d
model_mean	f a ɪ n	f a ɪ n d	f ɔ t	f a ɪ l	f ɔ t	f a ɪ l d	NA	0	0	reg_d	rhyme_replaced	rhyme_replaced
model_mean	d æ m	d æ m d	d æ m d	d r iː m	d r iː m d	d r iː m d	d æ m d	1	1	reg_d	reg_d	reg_d
model_mean	a ɪ s	a ɪ s t	a ɪ s t	a ɪ	a ɪ d	a ɪ d	a ɪ s d	0	0	reg_t	reg_t	reg_d
model_mean	s t ʌ n	s t ʌ n d	s t ʌ n d	s t ʌ f	s t ʌ f t	s t ʌ f t	s t ʌ n t	0	0	reg_d	reg_d	reg_t
model_mean	d ɛ r	d ɛ r d	d ɛ r d	d uː	d ɪ d	d ɪ d	NA	0	0	reg_d	reg_d	vowel_change_suffix
model_mean	t iː z	t iː z d	t ɔ z d	t iː m	t ɔ m d	t iː m d	NA	0	0	reg_d	vowel_change_suffix	vowel_change_suffix
model_mean	f ʌ m b ə l	f ʌ m b ə l d	f ʌ m b ə l d	f ʌ d͡ʒ	f ʌ d͡ʒ d	f ʌ d͡ʒ d	f ʌ m b ə l d	1	1	reg_d	reg_d	reg_d
model_mean	b ʌ n t͡ʃ	b ʌ n t͡ʃ t	b ʌ n t͡ʃ t	b ʌ d͡ʒ	b ʌ d͡ʒ d	b ʌ d͡ʒ d	b ʌ n t͡ʃ d	0	0	reg_t	reg_t	reg_d
model_mean	r ɪ p iː t	r ɪ p iː t ə d	r ɪ p iː t ə d	r iː p e ɪ	r iː p e ɪ d	r iː p e ɪ d	r ɪ p iː t d	0	0	reg_əd	reg_əd	reg_d
model_mean	s k r e ɪ p	s k r e ɪ p t	s k r e ɪ p t	s k r æ p	s k r æ p t	s k r æ p t	s k r e ɪ p t	1	1	reg_t	reg_t	reg_t
model_mean	ə d͡ʒ ʌ s t	ə d͡ʒ ʌ s t ə d	ə d͡ʒ ʌ s t ə d	ə n r æ p	ə n r æ p t	ə n r æ p t	ə d͡ʒ ʌ s t t	0	0	reg_əd	reg_əd	reg_t
model_mean	r ɔ ŋ	r ɔ ŋ d	r ɔ ŋ d	r ɪ ŋ	r æ ŋ	r æ ŋ	NA	0	0	reg_d	reg_d	vowel_change
model_mean	b ɛ ɡ	b ɛ ɡ d	b ɛ ɡ d	b ɛ r	b ɛ r d	b o ʊ r	b ɛ ɡ d	1	1	reg_d	reg_d	reg_d
model_mean	w iː l	w iː l d	w iː l d	w iː	w iː d	w iː d	w iː l d	1	1	reg_d	reg_d	reg_d
model_mean	d͡ʒ ʌ d͡ʒ	d͡ʒ ʌ d͡ʒ d	d͡ʒ ʌ d͡ʒ d	d͡ʒ ʌ ɡ ə l	d͡ʒ ʌ ɡ ə l d	d͡ʒ ʌ ɡ ə l d	d͡ʒ ʌ d͡ʒ d	1	1	reg_d	reg_d	reg_d
model_mean	t͡ʃ æ n ə l	t͡ʃ æ n ə l d	t͡ʃ æ n ə l d	t͡ʃ æ t	t͡ʃ æ t ə d	t͡ʃ æ t ə d	t͡ʃ æ n ə l ə d	0	0	reg_d	reg_d	reg_əd
model_mean	f r ɔ s t	f r ɔ s t ə d	f r ɔ s t ə d	f r æ ŋ k	f r æ ŋ k t	f r æ ŋ k t	f r ɔ s t t	0	0	reg_əd	reg_əd	reg_t
model_mean	r uː l	r uː l d	r uː l d	r uː ə n	r uː ə n d	r uː ə n d	r uː l d	1	1	reg_d	reg_d	reg_d
model_mean	t æ k ə l	t æ k ə l d	t æ k ə l d	t æ t ə l	t æ t ə l d	t æ t ə l d	t æ k ə l d	1	1	reg_d	reg_d	reg_d
model_mean	t æ ŋ ɡ ə l	t æ ŋ ɡ ə l d	t æ ŋ ɡ ə l d	t æ t ə l	t æ t ə l d	t æ t ə l d	t æ ŋ ɡ ə l d	1	1	reg_d	reg_d	reg_d
model_mean	b ʌ t ɹ̩	b ʌ t ɹ̩ d	b ʌ t ɹ̩ d	b ʌ s	b ʌ s t	b ʌ s t	b ʌ t ɹ̩ t	0	0	reg_d	reg_d	reg_t
model_mean	b l æ k	b l æ k t	b l æ k t	b l æ ŋ k	b l æ ŋ k t	b l æ ŋ k t	b l æ k t	1	1	reg_t	reg_t	reg_t
model_mean	s p e ɪ s	s p e ɪ s t	s p e ɪ s t	s p ɪ l	s p ɪ l d	s p ɪ l d	s p e ɪ s d	0	0	reg_t	reg_t	reg_d
model_mean	p r ɪ z uː m	p r ɪ z uː m d	p r ɪ z uː m d	p r ɪ s iː d	p r ɪ s iː d ə d	p r ɪ s iː d ə d	p r ɪ z uː m ə d	0	0	reg_d	reg_d	reg_əd
model_mean	k ə n k l uː d	k ə n k l uː d ə d	k ə n k l uː d ə d	k ə n f j uː z	k ə n f j uː z d	k ə n f j uː z d	k ə n k l uː d d	0	0	reg_əd	reg_əd	reg_d
model_mean	p a ʊ t	p a ʊ t ə d	p a ʊ t ə d	p a ʊ ɹ̩	p a ʊ ɹ̩ d	p a ʊ ɹ̩ d	p a ʊ t d	0	0	reg_əd	reg_əd	reg_d
model_mean	ə n l o ʊ d	ə n l o ʊ d ə d	ə n l o ʊ d ə d	ə n d r ɛ s	ə n d r ɛ s t	ə n d r ɛ s t	ə n l o ʊ d t	0	0	reg_əd	reg_əd	reg_t
model_mean	ə b d͡ʒ ɛ k t	ə b d͡ʒ ɛ k t ə d	ə b d͡ʒ ɛ k t ə d	ə n b ʌ t ə n	ə n b ʌ t ə n d	ə n b ʌ t ə n d	ə b d͡ʒ ɛ k t d	0	0	reg_əd	reg_əd	reg_d
model_mean	d o ʊ z	d o ʊ z d	d o ʊ z d	d a ʊ t	d a ʊ t ə d	d a ʊ t ə d	d o ʊ z ə d	0	0	reg_d	reg_d	reg_əd
model_mean	s t æ b	s t æ b d	s t æ b d	s t æ k	s t æ k t	s t æ k t	s t æ b t	0	0	reg_d	reg_d	reg_t
model_mean	t r æ n s k r a ɪ b	t r æ n s k r a ɪ b d	t r æ n s k r a ɪ t ə d	t r æ n z l e ɪ t	t r æ n z l e ɪ t ə d	t r æ n z l e ɪ t ə d	t r æ n s k r a ɪ b ə d	0	0	reg_d	other	reg_əd
model_mean	r iː ɹ̩ e ɪ n d͡ʒ	r iː ɹ̩ e ɪ n d͡ʒ d	r iː ɹ̩ e ɪ n d͡ʒ d	r iː n e ɪ m	r iː n e ɪ m d	r iː n e ɪ m d	r iː ɹ̩ e ɪ n d͡ʒ d	1	1	reg_d	reg_d	reg_d
model_mean	ɛ n d͡ʒ ə n iː r	ɛ n d͡ʒ ə n iː r d	ɛ n d͡ʒ ə n iː r d	ɛ n d͡ʒ ɔ ɪ	ɛ n d͡ʒ ɔ ɪ d	ɛ n d͡ʒ ɔ ɪ d	ɛ n d͡ʒ ə n iː r d	1	1	reg_d	reg_d	reg_d
model_mean	ɡ r e ɪ z	ɡ r e ɪ z d	ɡ r e ɪ z d	ɡ r e ɪ t	ɡ r e ɪ t ə d	ɡ r e ɪ t ə d	ɡ r e ɪ z ə d	0	0	reg_d	reg_d	reg_əd
model_mean	k ɑː l ɹ̩	k ɑː l ɹ̩ d	k ɑː l ɹ̩ d	k ʌ l ɹ̩	k ʌ l ɹ̩ d	k ʌ l ɹ̩ d	k ɑː l ɹ̩ d	1	1	reg_d	reg_d	reg_d
model_mean	k o ʊ k s	k o ʊ k s t	k o ʊ k s t	k ɑː s t	k ɑː s t	k ɑː s t	k o ʊ k s	0	0	reg_t	reg_t	no_change
model_mean	n ʌ k ə l	n ʌ k ə l d	n ʌ k ə l d	n ʌ m b ɹ̩	n ʌ m b ɹ̩ d	n ʌ m b ɹ̩ d	n ʌ k ə l d	1	1	reg_d	reg_d	reg_d
model_mean	ɪ n v ɛ s t ə ɡ e ɪ t	ɪ n v ɛ s t ə ɡ e ɪ t ə d	ɪ n v ɛ s t ə ɡ t ə d	ɪ n t ɹ̩ v j uː	ɪ n t ɹ̩ v j uː d	ɪ n t ɹ̩ v j uː d	ɪ n v ɛ s t ə ɡ e ɪ t d	0	0	reg_əd	other	reg_d
model_mean	t͡ʃ ɑː r d͡ʒ	t͡ʃ ɑː r d͡ʒ d	t͡ʃ ɑː r d͡ʒ d	t͡ʃ ɛ r	t͡ʃ ɛ r d	t͡ʃ ɛ r d	t͡ʃ ɑː r d͡ʒ d	1	1	reg_d	reg_d	reg_d
model_mean	s p ɑː t	s p ɑː t ə d	s p ɑː t ə d	s t ɑː m p	s t ɑː m p t	s t ɑː m p t	s p ɑː t t	0	0	reg_əd	reg_əd	reg_t
model_mean	d r a ʊ n	d r a ʊ n d	d r a ʊ n d	d a ʊ n	d a ʊ n d	d a ʊ n d	d r a ʊ n d	1	1	reg_d	reg_d	reg_d
model_mean	f l ɪ k ɹ̩	f l ɪ k ɹ̩ d	f l ɪ k ɹ̩ d	f l ʌ f	f l ʌ f t	f l ʌ f t	f l ɪ k ɹ̩ t	0	0	reg_d	reg_d	reg_t
model_mean	h ɑː r d ə n	h ɑː r d ə n d	h ɑː r d ə n d	h ɑː r n ə s	h ɑː r n ə s t	h ɑː r n ə s t	h ɑː r d ə n t	0	0	reg_d	reg_d	reg_t
model_mean	f l æ t ɹ̩	f l æ t ɹ̩ d	f l æ t ɹ̩ d	f l æ p	f l æ p t	f l æ p t	f l æ t ɹ̩ t	0	0	reg_d	reg_d	reg_t
model_mean	w ɑː b ə l	w ɑː b ə l d	w ɑː b ə l d	w ɑː f ə l	w ɑː f ə l d	w ɑː f ə l d	w ɑː b ə l d	1	1	reg_d	reg_d	reg_d
model_mean	l iː k	l iː k t	l ɛ k t	l iː f	l ɛ f t	l iː f t	NA	0	0	reg_t	vowel_change_suffix	vowel_change_suffix
model_mean	t a ɪ p	t a ɪ p t	t a ɪ p t	t a ɪ m	t a ɪ m d	t a ɪ m d	t a ɪ p d	0	0	reg_t	reg_t	reg_d
model_mean	k ɑː m p l ə m ɛ n t	k ɑː m p l ə m ɛ n t ə d	k ɑː m p l ə m ɛ m t ə d	k ɑː m ɛ n t	k ɑː m ɛ n t ə d	k ɑː m ɛ n t ə d	k ɑː m p l ə m ɛ n t ə d	0	1	reg_əd	other	reg_əd
model_mean	ɪ n t ɹ̩ m ɪ k s	ɪ n t ɹ̩ m ɪ k s t	ɪ n t ɹ̩ m ɪ k s t	ɪ n t ɹ̩ f ɪ r	ɪ n t ɹ̩ f ɪ r d	ɪ n t ɹ̩ f ɪ r d	ɪ n t ɹ̩ m ɪ k s d	0	0	reg_t	reg_t	reg_d
model_mean	n o ʊ z	n o ʊ z d	n o ʊ z d	n o ʊ	n uː	n uː	NA	0	0	reg_d	reg_d	vowel_change
model_mean	ɪ n f ɔ r m	ɪ n f ɔ r m d	ɪ n f ɔ r m d	f ɪ n ɪ ʃ	f ɪ n ɪ ʃ t	f ɪ n ɪ ʃ t	ɪ n f ɔ r m t	0	0	reg_d	reg_d	reg_t
model_mean	s p a ɪ s	s p a ɪ s t	s p a ɪ s t	s p a ɪ	s p a ɪ d	s p a ɪ d	s p a ɪ s d	0	0	reg_t	reg_t	reg_d
model_mean	h ɔ l	h ɔ l d	h ɔ l d	h ɔ k	h ɔ k t	h ɔ k t	h ɔ l t	0	0	reg_d	reg_d	reg_t
model_mean	d ɑː d͡ʒ	d ɑː d͡ʒ d	d ɑː d͡ʒ d	d ɑː n	d ɑː n d	d ɑː n d	d ɑː d͡ʒ d	1	1	reg_d	reg_d	reg_d
model_mean	s a ɪ	s a ɪ d	s a ɪ d	s a ɪ n	s a ɪ n d	s a ɪ n d	s a ɪ d	1	1	reg_d	reg_d	reg_d
model_mean	s ɛ n t ɹ̩	s ɛ n t ɹ̩ d	s ɛ n t ɹ̩ d	s ɛ n s	s ɛ n s t	s ɛ n s t	s ɛ n t ɹ̩ t	0	0	reg_d	reg_d	reg_t
model_mean	p æ t͡ʃ	p æ t͡ʃ t	p æ t͡ʃ t	p æ k	p æ k t	p æ k t	p æ t͡ʃ t	1	1	reg_t	reg_t	reg_t
model_mean	f ɔ r w ɹ̩ d	f ɔ r w ɹ̩ d ə d	f ɔ r w ɹ̩ d ə d	f ɔ r k	f ɔ r k t	f ɔ r k t	f ɔ r w ɹ̩ d t	0	0	reg_əd	reg_əd	reg_t
model_mean	s t iː r	s t iː r d	s t iː r d	s t ɔ r	s t ɔ r d	s t ɔ r d	s t iː r d	1	1	reg_d	reg_d	reg_d
model_mean	k ə n d ɛ n s	k ə n d ɛ n s t	k ə n d ɛ n s t	k ə n s ʌ l t	k ə n s ʌ l t ə d	k ə n s ʌ l t ə d	k ə n d ɛ n s ə d	0	0	reg_t	reg_t	reg_əd
model_mean	b e ɪ ð	b e ɪ ð d	b e ɪ ð d	b e ɪ s	b e ɪ s t	b e ɪ s t	b e ɪ ð t	0	0	reg_d	reg_d	reg_t
model_mean	b ɔ l	b ɔ l d	b ɔ l d	b ɪ l	b e ɪ l	b ɪ l d	NA	0	0	reg_d	reg_d	vowel_change
model_mean	k l ɪ k	k l ɪ k t	k l ɪ k t	k l ɪ p	k l ɪ p t	k l ɪ p t	k l ɪ k t	1	1	reg_t	reg_t	reg_t
model_mean	t r ɪ m	t r ɪ m d	t r ɪ m d	t r ɪ p	t r ɪ p t	t r ɪ p t	t r ɪ m t	0	0	reg_d	reg_d	reg_t
model_mean	d͡ʒ ɹ̩ k	d͡ʒ ɹ̩ k t	d͡ʒ ɹ̩ k t	d͡ʒ ɪ m iː	d͡ʒ ɪ m iː d	d͡ʒ ɪ m iː d	d͡ʒ ɹ̩ k d	0	0	reg_t	reg_t	reg_d
model_mean	r iː b ɪ l d	r iː b ɪ l t	r iː b ɪ l d ə d	r iː f ɪ l	r iː f ɪ l d	r iː f ɪ l d	r iː b ɪ l d d	0	0	coda_change	reg_əd	reg_d
model_mean	h ɹ̩ d	h ɹ̩ d ə d	h ɹ̩ d ə d	h ɹ̩ iː	h ɹ̩ iː d	h ɹ̩ iː d	h ɹ̩ d d	0	0	reg_əd	reg_əd	reg_d
model_mean	θ ʌ n d ɹ̩	θ ʌ n d ɹ̩ d	θ ʌ n d ɹ̩ d	θ ʌ m	θ ʌ m d	θ ʌ m d	θ ʌ n d ɹ̩ d	1	1	reg_d	reg_d	reg_d
model_mean	ə p r o ʊ p r iː e ɪ t	ə p r o ʊ p r iː e ɪ t ə d	ə p r d	ə p r iː ʃ iː e ɪ t	ə p r iː ʃ iː e ɪ t ə d	ə p r iː ʃ iː e ɪ t ə d	ə p r o ʊ p r iː e ɪ t ə d	0	1	reg_əd	other	reg_əd
model_mean	k ʌ m f ɹ̩ t	k ʌ m f ɹ̩ t ə d	k ʌ m f ɹ̩ t ə d	k ʌ p ə l	k ʌ p ə l d	k ʌ p ə l d	k ʌ m f ɹ̩ t d	0	0	reg_əd	reg_əd	reg_d
model_mean	r ɪ l e ɪ t	r ɪ l e ɪ t ə d	r ɪ l e ɪ t ə d	r ɪ l æ k s	r ɪ l æ k s t	r ɪ l æ k s t	r ɪ l e ɪ t t	0	0	reg_əd	reg_əd	reg_t
model_mean	w a ɪ ɹ̩	w a ɪ ɹ̩ d	w a ɪ ɹ̩ d	w a ɪ p	w a ɪ p t	w a ɪ p t	w a ɪ ɹ̩ t	0	0	reg_d	reg_d	reg_t
model_mean	ɛ k s ɹ̩ s a ɪ z	ɛ k s ɹ̩ s a ɪ z d	ɛ k s ɹ̩ s a ɪ z d	ɛ k s t r ə k e ɪ t	ɛ k s t r ə k e ɪ t ə d	ɛ k s t r ə k e ɪ t ə d	ɛ k s ɹ̩ s a ɪ z ə d	0	0	reg_d	reg_d	reg_əd
model_mean	k r ʌ m p ə l	k r ʌ m p ə l d	k r ʌ m p ə l d	k r ʌ m b ə l	k r ʌ m b ə l d	k r ʌ m b ə l d	k r ʌ m p ə l d	1	1	reg_d	reg_d	reg_d
model_mean	ɪ ɡ z æ m ɪ n	ɪ ɡ z æ m ɪ n d	ɪ ɡ z æ m ɪ n d	z ɪ ɡ z æ ɡ	z ɪ ɡ z æ ɡ d	z ɪ ɡ z æ ɡ d	ɪ ɡ z æ m ɪ n d	1	1	reg_d	reg_d	reg_d
model_mean	ʃ ɑː p	ʃ ɑː p t	ʃ ɑː p t	ʃ ɪ p	ʃ ɪ p t	ʃ ɪ p t	ʃ ɑː p t	1	1	reg_t	reg_t	reg_t
model_mean	k ɔ r ə l e ɪ t	k ɔ r ə l e ɪ t ə d	k ɔ r ə l e ɪ t ə d	k r æ ŋ k	k r æ ŋ k t	k r æ ŋ k t	k ɔ r ə l e ɪ t t	0	0	reg_əd	reg_əd	reg_t
model_mean	k ə m b a ɪ n	k ə m b a ɪ n d	k ə m b a ɪ n d	k ə m p l iː t	k ə m p l iː t ə d	k ə m p l iː t ə d	k ə m b a ɪ n ə d	0	0	reg_d	reg_d	reg_əd
model_mean	b ʌ k	b ʌ k t	b ʌ k t	b ʌ s	b ʌ s t	b ʌ s t	b ʌ k t	1	1	reg_t	reg_t	reg_t
model_mean	ə p r o ʊ t͡ʃ	ə p r o ʊ t͡ʃ t	ə p r o ʊ t͡ʃ t	ə p o ʊ z	ə p o ʊ z d	ə p o ʊ z d	ə p r o ʊ t͡ʃ d	0	0	reg_t	reg_t	reg_d
model_mean	s t ɔ k	s t ɔ k t	s t ɔ k t	s t ɪ ŋ k	s t ʌ ŋ k	s t ʌ ŋ k	NA	0	0	reg_t	reg_t	vowel_change
model_mean	k r iː e ɪ t	k r iː e ɪ t ə d	k r iː e ɪ t ə d	k r ɪ n d͡ʒ	k r ɪ n d͡ʒ d	k r ɪ n d͡ʒ d	k r iː e ɪ t d	0	0	reg_əd	reg_əd	reg_d
model_mean	n e ɪ l	n e ɪ l d	n e ɪ l d	n e ɪ m	n e ɪ m d	n e ɪ m d	n e ɪ l d	1	1	reg_d	reg_d	reg_d
model_mean	r ə f ɹ̩	r ə f ɹ̩ d	r ə f ɹ̩ d	r ə s iː v	r ə s iː v d	r ə s iː v d	r ə f ɹ̩ d	1	1	reg_d	reg_d	reg_d
model_mean	s p ɑː r k	s p ɑː r k t	s p ɑː r k t	s t ɑː r	s t ɑː r d	s t ɑː r d	s p ɑː r k d	0	0	reg_t	reg_t	reg_d
model_mean	h o ʊ l	h o ʊ l d	h o ʊ l d	h o ʊ m	h o ʊ m d	h o ʊ m d	h o ʊ l d	1	1	reg_d	reg_d	reg_d
model_mean	f ɪ d ə l	f ɪ d ə l d	f ɪ d ə l d	f ɪ ŋ ɡ ɹ̩	f ɪ ŋ ɡ ɹ̩ d	f ɪ ŋ ɡ ɹ̩ d	f ɪ d ə l d	1	1	reg_d	reg_d	reg_d
model_mean	ʃ r ɪ ŋ k	ʃ r æ ŋ k	ʃ r æ ŋ k	ʃ r iː k	ʃ r iː k t	ʃ r iː k t	ʃ r ɪ ŋ k t	0	0	vowel_change	vowel_change	reg_t
model_mean	b r a ɪ b	b r a ɪ b d	b r a ɪ b d	b r a ʊ z	b r a ʊ z d	b r a ʊ z d	b r a ɪ b d	1	1	reg_d	reg_d	reg_d
model_mean	w ɑː l o ʊ	w ɑː l o ʊ d	w ɑː l o ʊ d	w ɑː ʃ	w ɑː ʃ t	w ɑː ʃ t	w ɑː l o ʊ t	0	0	reg_d	reg_d	reg_t
model_mean	ɪ n t ɛ n d	ɪ n t ɛ n d ə d	ɪ n t ɛ n d ə d	ɪ n t ɹ̩ f ɪ r	ɪ n t ɹ̩ f ɪ r d	ɪ n t ɹ̩ f ɪ r d	ɪ n t ɛ n d d	0	0	reg_əd	reg_əd	reg_d
model_mean	s æ n ɪ t a ɪ z	s æ n ɪ t a ɪ z d	s æ n ɪ t a ɪ z d	æ n s ɹ̩	æ n s ɹ̩ d	æ n s ɹ̩ d	s æ n ɪ t a ɪ z d	1	1	reg_d	reg_d	reg_d
model_mean	s ɹ̩ t͡ʃ	s ɹ̩ t͡ʃ t	s ɹ̩ t͡ʃ t	s k ɹ̩ t	s k ɹ̩ t ə d	s k ɹ̩ t ə d	s ɹ̩ t͡ʃ ə d	0	0	reg_t	reg_t	reg_əd
model_mean	v æ k j uː m	v æ k j uː m d	v æ k j uː m d	ɪ v æ k j ə w e ɪ t	ɪ v æ k j ə w e ɪ t ə d	ɪ v æ k j ə w e ɪ t ə d	v æ k j uː m ə d	0	0	reg_d	reg_d	reg_əd
model_mean	p ɛ r	p ɛ r d	p ɛ r d	p iː r	p iː r d	p iː r d	p ɛ r d	1	1	reg_d	reg_d	reg_d
model_mean	r ɪ d͡ʒ ɛ k t	r ɪ d͡ʒ ɛ k t ə d	r ɪ d͡ʒ ɛ k t ə d	r ɪ d͡ʒ ɔ ɪ s	r ɪ d͡ʒ ɔ ɪ s t	r ɪ d͡ʒ ɔ ɪ s t	r ɪ d͡ʒ ɛ k t t	0	0	reg_əd	reg_əd	reg_t
model_mean	d a ɪ d͡ʒ ɛ s t	d a ɪ d͡ʒ ɛ s t ə d	d a ɪ d͡ʒ ɛ s t ə d	d a ɪ s ɛ k t	d a ɪ s ɛ k t ə d	d a ɪ s ɛ k t ə d	d a ɪ d͡ʒ ɛ s t ə d	1	1	reg_əd	reg_əd	reg_əd
model_mean	s ə b t r æ k t	s ə b t r æ k t ə d	s ə b t r æ k t ə d	s ə s p ɛ k t	s ə s p ɛ k t ə d	s ə s p ɛ k t ə d	s ə b t r æ k t ə d	1	1	reg_əd	reg_əd	reg_əd
model_mean	ə n p æ k	ə n p æ k t	ə n p æ k t	ə n r æ p	ə n r æ p t	ə n r æ p t	ə n p æ k t	1	1	reg_t	reg_t	reg_t
model_mean	h iː l	h iː l d	h iː l d	h ɹ̩ iː	h ɹ̩ iː d	h ɹ̩ iː d	h iː l d	1	1	reg_d	reg_d	reg_d
model_mean	b ɔ ɪ l	b ɔ ɪ l d	b ɔ ɪ l d	b ɪ l	b e ɪ l	b ɪ l d	b ɔ e ɪ l	0	0	reg_d	reg_d	vowel_change
model_mean	ə n ɔ ɪ	ə n ɔ ɪ d	ə n ɔ ɪ d	ə n d uː	ə n d ɪ d	ə n d ɪ d	NA	0	0	reg_d	reg_d	vowel_change_suffix
model_mean	r iː s t r e ɪ n	r iː s t r e ɪ n d	r iː s t r e ɪ n d	r iː s a ɪ k ə l	r iː s a ɪ k ə l d	r iː s a ɪ k ə l d	r iː s t r e ɪ n d	1	1	reg_d	reg_d	reg_d
model_mean	l æ p	l æ p t	l æ p t	l iː p	l ɛ p t	l ɛ p t	NA	0	0	reg_t	reg_t	vowel_change_suffix
model_mean	k w a ɪ ə t	k w a ɪ ə t ə d	k w a ɪ ə t ə d	k l a ʊ d	k l a ʊ d ə d	k l a ʊ d ə d	k w a ɪ ə t ə d	1	1	reg_əd	reg_əd	reg_əd
model_mean	s k iː	s k iː d	s k iː d	s iː k	s ɔ t	s ɔ t	NA	0	0	reg_d	reg_d	rhyme_replaced
model_mean	s k a ʊ t	s k a ʊ t ə d	s k a ʊ t ə d	s k a ʊ l	s k a ʊ l d	s k a ʊ l d	s k a ʊ t d	0	0	reg_əd	reg_əd	reg_d
model_mean	s k ɹ̩ iː	s k ɹ̩ iː d	s k ɹ̩ iː d	s k ɹ̩ t	s k ɹ̩ t ə d	s k ɹ̩ t ə d	s k ɹ̩ iː ə d	0	0	reg_d	reg_d	reg_əd
model_mean	ə s ɪ s t	ə s ɪ s t ə d	ə s ɪ s t ə d	ə p s ɛ t	ə p s ɛ t	ə p s ɛ t	ə s ɪ s t	0	0	reg_əd	reg_əd	no_change
model_mean	ɡ r uː p	ɡ r uː p t	ɡ r uː p t	ɡ r ɪ n	ɡ r ɪ n d	ɡ r ɪ n d	ɡ r uː p d	0	0	reg_t	reg_t	reg_d
model_mean	r ʌ s t	r ʌ s t ə d	r ʌ s t ə d	r ʌ ʃ	r ʌ ʃ t	r ʌ ʃ t	r ʌ s t t	0	0	reg_əd	reg_əd	reg_t
model_mean	h uː t	h uː t ə d	h uː t	h ɪ t	h ɪ t	h ɪ t	h uː t	1	0	reg_əd	no_change	no_change
model_mean	d ɪ f iː t	d ɪ f iː t ə d	d ɪ f iː t ə d	d ɪ f a ɪ n	d ɪ f a ɪ n d	d ɪ f a ɪ n d	d ɪ f iː t d	0	0	reg_əd	reg_əd	reg_d
model_mean	p r ə l ɔ ŋ	p r ə l ɔ ŋ d	p r ə l ɔ ŋ t	p r ə ɡ r ɛ s	p r ə ɡ r ɛ s t	p r ə ɡ r ɛ s t	p r ə l ɔ ŋ t	1	0	reg_d	reg_t	reg_t
model_mean	l ɪ s t	l ɪ s t	l ɪ s t ə d	l ɪ t ɹ̩	l ɪ t ɹ̩ d	l ɪ t ɹ̩ d	l ɪ s t d	0	0	no_change	reg_əd	reg_d
model_mean	p ɹ̩ s w e ɪ d	p ɹ̩ s w e ɪ d ə d	p ɹ̩ s w e ɪ d ə d	s ɹ̩ p r a ɪ z	s ɹ̩ p r a ɪ z d	s ɹ̩ p r a ɪ z d	p ɹ̩ s w e ɪ d d	0	0	reg_əd	reg_əd	reg_d
model_mean	k ə m p iː t	k ə m p iː t ə d	k ə m p iː t ə d	k ə m p l iː t	k ə m p l iː t ə d	k ə m p l iː t ə d	k ə m p iː t ə d	1	1	reg_əd	reg_əd	reg_əd
model_mean	r ɪ l iː v	r ɪ l iː v d	r ɪ l iː v d	r ɪ l æ k s	r ɪ l æ k s t	r ɪ l æ k s t	r ɪ l iː v t	0	0	reg_d	reg_d	reg_t
model_mean	θ r ɛ t ə n	θ r ɛ t ə n d	θ r ɛ t ə n d	θ r ɛ d	θ r ɛ d ə d	θ r ɛ d ə d	θ r ɛ t ə n ə d	0	0	reg_d	reg_d	reg_əd
model_mean	o ʊ v ɹ̩ r ə n	o ʊ v ɹ̩ r æ n	o ʊ v ɹ̩ r ə n d	o ʊ v ɹ̩ k ʊ k	o ʊ v ɹ̩ k ʊ k t	o ʊ v ɹ̩ k ʊ k t	o ʊ v ɹ̩ r ə n t	0	0	vowel_change	reg_d	reg_t
model_mean	z iː r o ʊ	z iː r o ʊ d	z iː r o ʊ d	z æ p	z æ p t	z æ p t	z iː r o ʊ t	0	0	reg_d	reg_d	reg_t
model_mean	d æ m ə d͡ʒ	d æ m ə d͡ʒ d	d æ m ə d͡ʒ d	d æ z ə l	d æ z ə l d	d æ z ə l d	d æ m ə d͡ʒ d	1	1	reg_d	reg_d	reg_d
model_mean	k o ʊ t	k o ʊ t ə d	k o ʊ t	k j ʊ r	k j ʊ r d	k j ʊ r d	k o ʊ t d	0	0	reg_əd	no_change	reg_d
model_mean	k j uː b	k j uː b d	k j uː b d	k uː l	k uː l d	k uː l d	k j uː b d	1	1	reg_d	reg_d	reg_d
model_mean	ʃ a ɪ n	ʃ a ɪ n d	ʃ a ɪ n d	ʃ a ɪ	ʃ a ɪ d	ʃ a ɪ d	ʃ a ɪ n d	1	1	reg_d	reg_d	reg_d
model_mean	t æ k s iː	t æ k s iː d	t æ k s iː d	t æ t ə l	t æ t ə l d	t æ t ə l d	t æ k s iː d	1	1	reg_d	reg_d	reg_d
model_mean	s t ɔ l	s t ɔ l d	s t ɔ l d	s t ɔ r	s t ɔ r d	s t ɔ r d	s t ɔ l d	1	1	reg_d	reg_d	reg_d
model_mean	ɪ n k ɔ r p ɹ̩ e ɪ t	ɪ n k ɔ r p ɹ̩ e ɪ t ə d	ɪ n k ɔ r p ɹ̩ e ɪ t ɔ ɪ t ɔ r e ɪ	ɪ n k w a ɪ ɹ̩	ɪ n k w a ɪ ɹ̩ d	ɪ n k w a ɪ ɹ̩ d	ɪ n k ɔ r p ɹ̩ e ɪ t d	0	0	reg_əd	other	reg_d
model_mean	t o ʊ t ə l	t o ʊ t ə l d	t o ʊ t ə l d	t o ʊ s t	t o ʊ s t ə d	t o ʊ s t ə d	t o ʊ t ə l ə d	0	0	reg_d	reg_d	reg_əd
model_mean	m æ ŋ ɡ ə l	m æ ŋ ɡ ə l d	m æ ŋ ɡ ə l d	m æ n ə d͡ʒ	m æ n ə d͡ʒ d	m æ n ə d͡ʒ d	m æ ŋ ɡ ə l d	1	1	reg_d	reg_d	reg_d
model_mean	o ʊ v ɹ̩ l æ p	o ʊ v ɹ̩ l æ p t	o ʊ v ɹ̩ l æ p t	o ʊ v ɹ̩ k ʊ k	o ʊ v ɹ̩ k ʊ k t	o ʊ v ɹ̩ k ʊ k t	o ʊ v ɹ̩ l æ p t	1	1	reg_t	reg_t	reg_t
model_mean	k ɑː n t r æ k t	k ɑː n t r æ k t ə d	k ɑː n t r æ k t ə d	k ɑː m ɛ n t	k ɑː m ɛ n t ə d	k ɑː m ɛ n t ə d	k ɑː n t r æ k t ə d	1	1	reg_əd	reg_əd	reg_əd
model_mean	k r a ʊ t͡ʃ	k r a ʊ t͡ʃ t	k r a ʊ t͡ʃ t	k r a ʊ d	k r a ʊ d ə d	k r a ʊ d ə d	k r a ʊ t͡ʃ ə d	0	0	reg_t	reg_t	reg_əd
model_mean	b uː m	b uː m d	b uː m d	b uː	b uː d	b uː d	b uː m d	1	1	reg_d	reg_d	reg_d
model_mean	m o ʊ l d	m o ʊ l d ə d	m o ʊ l d ə d	m o ʊ n	m o ʊ n d	m o ʊ n d	m o ʊ l d d	0	0	reg_əd	reg_əd	reg_d
model_mean	ɪ n t r iː ɡ	ɪ n t r iː ɡ d	ɪ n t r iː ɡ d	ɪ n t ɹ̩ f ɪ r	ɪ n t ɹ̩ f ɪ r d	ɪ n t ɹ̩ f ɪ r d	ɪ n t r iː ɡ d	1	1	reg_d	reg_d	reg_d
model_mean	f r ɛ k ə l	f r ɛ k ə l d	f r ɛ k ə l d	f r a ɪ t ə n	f r a ɪ t ə n d	f r a ɪ t ə n d	f r ɛ k ə l d	1	1	reg_d	reg_d	reg_d
model_mean	h ʌ ʃ	h ʌ ʃ t	h ʌ ʃ t	h ʌ f	h ʌ f t	h ʌ f t	h ʌ ʃ t	1	1	reg_t	reg_t	reg_t
model_mean	b æ ŋ k	b æ ŋ k t	b æ ŋ k t	b æ k	b æ k t	b æ k t	b æ ŋ k t	1	1	reg_t	reg_t	reg_t
model_mean	h iː p	h iː p t	h iː p t	h iː t	h iː t ə d	h iː t ə d	h iː p ə d	0	0	reg_t	reg_t	reg_əd
model_mean	ɪ ɡ z ɪ s t	ɪ ɡ z ɪ s t ə d	ɪ ɡ z ɪ s t ə d	ɪ ɡ n ɔ r	ɪ ɡ n ɔ r d	ɪ ɡ n ɔ r d	ɪ ɡ z ɪ s t d	0	0	reg_əd	reg_əd	reg_d
model_mean	ə k ɑː m p l ɪ ʃ	ə k ɑː m p l ɪ ʃ t	ə m ɑː m p l ɪ ʃ t	ɑː k j ə p a ɪ	ɑː k j ə p a ɪ d	ɑː k j ə p a ɪ d	ə k ɑː m p l ɪ ʃ d	0	0	reg_t	other	reg_d
model_mean	k e ɪ v	k e ɪ v d	k e ɪ v d	k e ɪ k	k e ɪ k t	k e ɪ k t	k e ɪ v t	0	0	reg_d	reg_d	reg_t
model_mean	p ɛ d ə l	p ɛ d ə l d	p ɛ d ə l d	p ɛ p ɹ̩	p ɛ p ɹ̩ d	p ɛ p ɹ̩ d	p ɛ d ə l d	1	1	reg_d	reg_d	reg_d
model_mean	r ɪ v ɹ̩ s	r ɪ v ɹ̩ s t	r ɪ v ɹ̩ s t	r ɪ m e ɪ n	r ɪ m e ɪ n d	r ɪ m e ɪ n d	r ɪ v ɹ̩ s d	0	0	reg_t	reg_t	reg_d
model_mean	s ə b s a ɪ d	s ə b s a ɪ d ə d	s ə b s a ɪ d	s ə s p ɛ k t	s ə s p ɛ k t ə d	s ə s p ɛ k t ə d	s ə b s a ɪ d ə d	0	1	reg_əd	no_change	reg_əd
model_mean	k ə n s ɹ̩ n	k ə n s ɹ̩ n d	k ə n s ɹ̩ n d	k ə n s ʌ l t	k ə n s ʌ l t ə d	k ə n s ʌ l t ə d	k ə n s ɹ̩ n ə d	0	0	reg_d	reg_d	reg_əd
model_mean	t iː	t iː d	t ɔ	t ɛ l	t o ʊ l d	t o ʊ l d	NA	0	0	reg_d	vowel_change	vowel_change_suffix
model_mean	f l ɹ̩ iː	f l ɹ̩ iː d	f l ɹ̩ iː d	f l iː	f l ɛ d	f l ɛ d	f l ɹ̩ ɛ d	0	0	reg_d	reg_d	vowel_change_suffix
model_mean	n ɛ r o ʊ	n ɛ r o ʊ d	n ɛ r o ʊ d	n ɛ k	n ɛ k t	n ɛ k t	n ɛ r o ʊ t	0	0	reg_d	reg_d	reg_t
model_mean	ɪ m p r ə v a ɪ z	ɪ m p r ə v a ɪ z d	ɪ m p r ə v a ɪ z d	ɪ m p r ɪ z ə n	ɪ m p r ɪ z ə n d	ɪ m p r ɪ z ə n d	ɪ m p r ə v a ɪ z d	1	1	reg_d	reg_d	reg_d
model_stem	h æ v	h æ d	h æ v d	p æ n	p æ n d	p æ n d	h æ v d	1	0	coda_change	reg_d	reg_d
model_stem	h æ p ə n	h æ p ə n d	h æ p ə n d	o ʊ p ə n	o ʊ p ə n d	o ʊ p ə n d	h æ p ə n d	1	1	reg_d	reg_d	reg_d
model_stem	p l e ɪ s	p l e ɪ s t	p l e ɪ s t	ɪ r e ɪ s	ɪ r e ɪ s t	ɪ r e ɪ s t	p l e ɪ s t	1	1	reg_t	reg_t	reg_t
model_stem	k l o ʊ z	k l o ʊ z d	k l o ʊ z d	ə p o ʊ z	ə p o ʊ z d	ə p o ʊ z d	k l o ʊ z d	1	1	reg_d	reg_d	reg_d
model_stem	k ʊ k	k ʊ k t	k ʊ k t	b ʊ k	b ʊ k t	b ʊ k t	k ʊ k t	1	1	reg_t	reg_t	reg_t
model_stem	r ʌ n	r æ n	r ʌ n d	ɡ ʌ n	ɡ ʌ n d	ɡ ʌ n d	r ʌ n d	1	0	vowel_change	reg_d	reg_d
model_stem	s e ɪ	s ɛ d	s e ɪ d	ʃ a ɪ	ʃ a ɪ d	ʃ a ɪ d	s e ɪ d	1	0	vowel_change_suffix	reg_d	reg_d
model_stem	f ɪ ʃ	f ɪ ʃ t	f ɪ ʃ t	w ɪ ʃ	w ɪ ʃ t	w ɪ ʃ t	f ɪ ʃ t	1	1	reg_t	reg_t	reg_t
model_stem	h ɹ̩ t	h ɹ̩ t	h ɹ̩ t ə d	h iː t	h iː t ə d	h iː t ə d	h ɹ̩ t ə d	1	0	no_change	reg_əd	reg_əd
model_stem	l uː z	l ɔ s t	l uː z d	j uː z	j uː z d	j uː z d	l uː z d	1	0	rhyme_replaced	reg_d	reg_d
model_stem	æ s k	æ s k t	æ s k t	d͡ʒ æ k	d͡ʒ æ k t	d͡ʒ æ k t	æ s k t	1	1	reg_t	reg_t	reg_t
model_stem	p e ɪ	p e ɪ d	p e ɪ d	ʃ a ɪ	ʃ a ɪ d	ʃ a ɪ d	p e ɪ d	1	1	reg_d	reg_d	reg_d
model_stem	s p ɛ l	s p ɛ l d	s p ɛ l d	s m ɛ l	s m ɛ l d	s m ɛ l d	s p ɛ l d	1	1	reg_d	reg_d	reg_d
model_stem	s p ɪ t	s p æ t	s p ɪ t ə d	h e ɪ t	h e ɪ t ə d	h e ɪ t ə d	s p ɪ t ə d	1	0	vowel_change	reg_əd	reg_əd
model_stem	m ɪ s	m ɪ s t	m ɪ s t	t ɔ s	t ɔ s t	t ɔ s t	m ɪ s t	1	1	reg_t	reg_t	reg_t
model_stem	s t ɑː r t	s t ɑː r t ə d	s t ɑː r t ə d	s m ɑː r t	s m ɑː r t ə d	s m ɑː r t ə d	s t ɑː r t ə d	1	1	reg_əd	reg_əd	reg_əd
model_stem	p ɑː r t iː	p ɑː r t iː d	p ɑː r t iː d	s t ʌ d iː	s t ʌ d iː d	s t ʌ d iː d	p ɑː r t iː d	1	1	reg_d	reg_d	reg_d
model_stem	ɡ ɛ s	ɡ ɛ s t	ɡ ɑː s t	m ɛ s	m ɛ s t	m ɛ s t	ɡ ɛ s t	0	1	reg_t	vowel_change_suffix	reg_t
model_stem	f a ɪ ɹ̩	f a ɪ ɹ̩ d	f ɔ t ɹ̩ d	t a ɪ ɹ̩	t a ɪ ɹ̩ d	t a ɪ ɹ̩ d	f a ɪ ɹ̩ d	0	1	reg_d	other	reg_d
model_stem	s ɪ t	s æ t	s ɪ t	s iː t	s iː t ə d	s iː t ə d	s ɪ t ə d	0	0	vowel_change	no_change	reg_əd
model_stem	ʃ uː	ʃ uː d	ʃ uː d	w uː	w uː d	w uː d	ʃ uː d	1	1	reg_d	reg_d	reg_d
model_stem	w ɹ̩ k	w ɹ̩ k t	w ɹ̩ k t	p ɹ̩ k	p ɹ̩ k t	p ɹ̩ k t	w ɹ̩ k t	1	1	reg_t	reg_t	reg_t
model_stem	t ʌ t͡ʃ	t ʌ t͡ʃ t	t ʌ t͡ʃ t	t iː t͡ʃ	t ɔ t	t ɔ t	NA	0	0	reg_t	reg_t	rhyme_replaced
model_stem	s t ɑː p	s t ɑː p t	s t ɑː p t	f l ɑː p	f l ɑː p t	f l ɑː p t	s t ɑː p t	1	1	reg_t	reg_t	reg_t
model_stem	s t ɹ̩	s t ɹ̩ d	s t ɹ̩ d	ə k ɹ̩	ə k ɹ̩ d	ə k ɹ̩ d	s t ɹ̩ d	1	1	reg_d	reg_d	reg_d
model_stem	l ɛ d	l ɛ d ə d	l ɛ d	w ɛ d	w ɛ d	w ɛ d	l ɛ d	1	0	reg_əd	no_change	no_change
model_stem	p ɔ r	p ɔ r d	p ɔ r d	p iː r	p iː r d	p iː r d	p ɔ r d	1	1	reg_d	reg_d	reg_d
model_stem	s ə p o ʊ z	s ə p o ʊ z d	s ə p o ʊ z d	r ə f j uː z	r ə f j uː z d	r ə f j uː z d	s ə p o ʊ z d	1	1	reg_d	reg_d	reg_d
model_stem	w ʌ n d ɹ̩	w ʌ n d ɹ̩ d	w ʌ n d ɹ̩ d	w ɑː n d ɹ̩	w ɑː n d ɹ̩ d	w ɑː n d ɹ̩ d	w ʌ n d ɹ̩ d	1	1	reg_d	reg_d	reg_d
model_stem	k w ɛ s t͡ʃ ə n	k w ɛ s t͡ʃ ə n d	k w ɛ s t͡ʃ ə n d	ə n b ʌ t ə n	ə n b ʌ t ə n d	ə n b ʌ t ə n d	k w ɛ s t͡ʃ ə n d	1	1	reg_d	reg_d	reg_d
model_stem	d a ɪ	d a ɪ d	d a ɪ d	b a ɪ	b ɔ t	b ɔ t	d ɔ t	0	0	reg_d	reg_d	vowel_change_suffix
model_stem	s p iː k	s p o ʊ k	s p iː k t	s n iː k	s n iː k t	s n iː k t	s p iː k t	1	0	vowel_change	reg_t	reg_t
model_stem	s w iː p	s w ɛ p t	s w iː p t	s t ɛ p	s t ɛ p t	s t ɛ p t	s w iː p t	1	0	vowel_change_suffix	reg_t	reg_t
model_stem	b r ʌ ʃ	b r ʌ ʃ t	b r ʌ ʃ t	s m æ ʃ	s m æ ʃ t	s m æ ʃ t	b r ʌ ʃ t	1	1	reg_t	reg_t	reg_t
model_stem	ə b a ɪ d	ə b a ɪ d ə d	ə b a ɪ d ə d	s l a ɪ d	s l ɪ d	s l ɪ d	ə b ɪ d	0	0	reg_əd	reg_əd	vowel_change
model_stem	l æ f	l æ f t	l æ f t	l iː f	l ɛ f t	l iː f t	NA	0	0	reg_t	reg_t	vowel_change_suffix
model_stem	t a ɪ	t a ɪ d	t a ɪ d	ʃ a ɪ	ʃ a ɪ d	ʃ a ɪ d	t a ɪ d	1	1	reg_d	reg_d	reg_d
model_stem	ɪ n v a ɪ t	ɪ n v a ɪ t ə d	ɪ n v a ɪ t ə d	ɪ k s a ɪ t	ɪ k s a ɪ t ə d	ɪ k s a ɪ t ə d	ɪ n v a ɪ t ə d	1	1	reg_əd	reg_əd	reg_əd
model_stem	k r ɔ l	k r ɔ l d	k r ɔ l d	f e ɪ l	f e ɪ l d	f e ɪ l d	k r ɔ l d	1	1	reg_d	reg_d	reg_d
model_stem	p o ʊ k	p o ʊ k t	p o ʊ k t	t͡ʃ o ʊ k	t͡ʃ o ʊ k t	t͡ʃ o ʊ k t	p o ʊ k t	1	1	reg_t	reg_t	reg_t
model_stem	ɡ r o ʊ	ɡ r uː	ɡ r uː	ɡ l o ʊ	ɡ l o ʊ d	ɡ l o ʊ d	ɡ r o ʊ d	0	0	vowel_change	vowel_change	reg_d
model_stem	s t iː l	s t o ʊ l	s t iː l d	s e ɪ l	s e ɪ l d	s e ɪ l d	s t iː l d	1	0	vowel_change	reg_d	reg_d
model_stem	t͡ʃ uː	t͡ʃ uː d	t͡ʃ uː d	w uː	w uː d	w uː d	t͡ʃ uː d	1	1	reg_d	reg_d	reg_d
model_stem	w ɔ k	w ɔ k t	w ɔ k t	t ɔ k	t ɔ k t	t ɔ k t	w ɔ k t	1	1	reg_t	reg_t	reg_t
model_stem	s ɛ l	s o ʊ l d	s ɛ l d	j ɛ l	j ɛ l d	j ɛ l d	s ɛ l d	1	0	vowel_change_suffix	reg_d	reg_d
model_stem	p ɪ k t͡ʃ ɹ̩	p ɪ k t͡ʃ ɹ̩ d	p ɪ k t͡ʃ ɹ̩ d	k ɑː ŋ k ɹ̩	k ɑː ŋ k ɹ̩ d	k ɑː ŋ k ɹ̩ d	p ɪ k t͡ʃ ɹ̩ d	1	1	reg_d	reg_d	reg_d
model_stem	k o ʊ m	k o ʊ m d	k o ʊ m d	r o ʊ m	r o ʊ m d	r o ʊ m d	k o ʊ m d	1	1	reg_d	reg_d	reg_d
model_stem	s m a ɪ l	s m a ɪ l d	s m a ɪ l d	s k a ʊ l	s k a ʊ l d	s k a ʊ l d	s m a ɪ l d	1	1	reg_d	reg_d	reg_d
model_stem	d r ɑː p	d r ɑː p t	d r ɑː p t	p r ɑː p	p r ɑː p t	p r ɑː p t	d r ɑː p t	1	1	reg_t	reg_t	reg_t
model_stem	s k r æ t͡ʃ	s k r æ t͡ʃ t	s k r æ t͡ʃ t	b r æ n t͡ʃ	b r æ n t͡ʃ t	b r æ n t͡ʃ t	s k r æ t͡ʃ t	1	1	reg_t	reg_t	reg_t
model_stem	s t æ m p	s t æ m p t	s t ʊ æ m d	s t ɑː m p	s t ɑː m p t	s t ɑː m p t	s t æ m p t	0	1	reg_t	rhyme_replaced	reg_t
model_stem	k r ʌ ʃ	k r ʌ ʃ t	k r ʌ ʃ t	k r æ ʃ	k r æ ʃ t	k r æ ʃ t	k r ʌ ʃ t	1	1	reg_t	reg_t	reg_t
model_stem	b uː t	b uː t ə d	b uː t	s ɛ t	s ɛ t	s ɛ t	b uː t	1	0	reg_əd	no_change	no_change
model_stem	r ə k ɔ r d	r ə k ɔ r d ə d	r ə k ɔ r d ə d	ɡ r a ʊ n d	ɡ r a ʊ n d ə d	ɡ r a ʊ n d ə d	r ə k ɔ r d ə d	1	1	reg_əd	reg_əd	reg_əd
model_stem	t͡ʃ uː z	t͡ʃ o ʊ z	t͡ʃ uː z d	p ɔ z	p ɔ z d	p ɔ z d	t͡ʃ uː z d	1	0	vowel_change	reg_d	reg_d
model_stem	d æ n s	d æ n s t	d æ n s t	d a ɪ s	d a ɪ s t	d a ɪ s t	d æ n s t	1	1	reg_t	reg_t	reg_t
model_stem	s n ɑː r ə l	s n ɑː r ə l d	s n ɑː r ə l d	s ɪ ɡ n ə l	s ɪ ɡ n ə l d	s ɪ ɡ n ə l d	s n ɑː r ə l d	1	1	reg_d	reg_d	reg_d
model_stem	l ɪ f t	l ɪ f t ə d	l ɪ f t ə d	l æ s t	l æ s t ə d	l æ s t ə d	l ɪ f t ə d	1	1	reg_əd	reg_əd	reg_əd
model_stem	t͡ʃ ɛ k	t͡ʃ ɛ k t	t͡ʃ ɛ k t	n ɛ k	n ɛ k t	n ɛ k t	t͡ʃ ɛ k t	1	1	reg_t	reg_t	reg_t
model_stem	f ɑː l o ʊ	f ɑː l o ʊ d	f ɑː l o ʊ d	b ɑː r o ʊ	b ɑː r o ʊ d	b ɑː r o ʊ d	f ɑː l o ʊ d	1	1	reg_d	reg_d	reg_d
model_stem	h æ n d	h æ n d ə d	h æ n d ə d	w uː n d	w uː n d ə d	w uː n d ə d	h æ n d ə d	1	1	reg_əd	reg_əd	reg_əd
model_stem	r ɛ k ə m ɛ n d	r ɛ k ə m ɛ n d ə d	r ɛ k ə m ɛ n d ə d	ɪ k s p l o ʊ d	ɪ k s p l o ʊ d ə d	ɪ k s p l o ʊ d ə d	r ɛ k ə m ɛ n d ə d	1	1	reg_əd	reg_əd	reg_əd
model_stem	ʃ uː t	ʃ ɑː t	ʃ uː t ə d	ʃ ʌ t	ʃ ʌ t	ʃ ʌ t	ʃ uː t	0	0	vowel_change	reg_əd	no_change
model_stem	s o ʊ k	s o ʊ k t	s o ʊ k t	t͡ʃ o ʊ k	t͡ʃ o ʊ k t	t͡ʃ o ʊ k t	s o ʊ k t	1	1	reg_t	reg_t	reg_t
model_stem	p ɑː r t ɪ s ə p e ɪ t	p ɑː r t ɪ s ə p e ɪ t ə d	p s t ɪ s t ə p e ɪ t ə d	k ə m j uː n ə k e ɪ t	k ə m j uː n ə k e ɪ t ə d	k ə m j uː n ə k e ɪ t ə d	p ɑː r t ɪ s ə p e ɪ t ə d	0	1	reg_əd	other	reg_əd
model_stem	s m æ k	s m æ k t	s m æ k t	s n æ k	s n æ k t	s n æ k t	s m æ k t	1	1	reg_t	reg_t	reg_t
model_stem	z ɪ p	z ɪ p t	z ɪ p t	s ɪ p	s ɪ p t	s ɪ p t	z ɪ p t	1	1	reg_t	reg_t	reg_t
model_stem	w ɔ r m	w ɔ r m d	w ɔ r m d	f ɔ r m	f ɔ r m d	f ɔ r m d	w ɔ r m d	1	1	reg_d	reg_d	reg_d
model_stem	k æ m p	k æ m p t	k æ m p t	k r ɑː p	k r ɑː p t	k r ɑː p t	k æ m p t	1	1	reg_t	reg_t	reg_t
model_stem	p ɹ̩ f ɛ k t	p ɹ̩ f ɛ k t ə d	p ɹ̩ f ɛ k t ə d	f ɹ̩ m ɛ n t	f ɹ̩ m ɛ n t ə d	f ɹ̩ m ɛ n t ə d	p ɹ̩ f ɛ k t ə d	1	1	reg_əd	reg_əd	reg_əd
model_stem	z uː m	z uː m d	z uː m d	h ɛ m	h ɛ m d	h ɛ m d	z uː m d	1	1	reg_d	reg_d	reg_d
model_stem	f o ʊ n	f o ʊ n d	f o ʊ n d	m o ʊ n	m o ʊ n d	m o ʊ n d	f o ʊ n d	1	1	reg_d	reg_d	reg_d
model_stem	ɡ r e ɪ s	ɡ r e ɪ s t	ɡ r e ɪ s t	b r e ɪ s	b r e ɪ s t	b r e ɪ s t	ɡ r e ɪ s t	1	1	reg_t	reg_t	reg_t
model_stem	h ʊ k	h ʊ k t	h ʊ k t	l ʊ k	l ʊ k t	l ʊ k t	h ʊ k t	1	1	reg_t	reg_t	reg_t
model_stem	p ɛ ɡ	p ɛ ɡ d	p ɛ ɡ d	p ɛ n	p ɛ n d	p ɛ n d	p ɛ ɡ d	1	1	reg_d	reg_d	reg_d
model_stem	f l o ʊ t	f l o ʊ t ə d	f l o ʊ t	b ɛ t	b ɛ t	b ɛ t	f l o ʊ t	1	0	reg_əd	no_change	no_change
model_stem	s p ɛ n d	s p ɛ n t	s p ɛ n d ə d	b l ɛ n d	b l ɛ n d ə d	b l ɛ n d ə d	s p ɛ n d ə d	1	0	coda_change	reg_əd	reg_əd
model_stem	s æ n d	s æ n d ə d	s æ n d ə d	b æ n d	b æ n d ə d	b æ n d ə d	s æ n d ə d	1	1	reg_əd	reg_əd	reg_əd
model_stem	o ʊ n	o ʊ n d	o ʊ n d	p ɛ n	p ɛ n d	p ɛ n d	o ʊ n d	1	1	reg_d	reg_d	reg_d
model_stem	m e ɪ l	m e ɪ l d	m e ɪ l d	f e ɪ l	f e ɪ l d	f e ɪ l d	m e ɪ l d	1	1	reg_d	reg_d	reg_d
model_stem	ə n t a ɪ	ə n t a ɪ d	ə n t a ɪ d	o ʊ b e ɪ	o ʊ b e ɪ d	o ʊ b e ɪ d	ə n t a ɪ d	1	1	reg_d	reg_d	reg_d
model_stem	ɡ r iː s	ɡ r iː s t	ɡ r iː s t	r e ɪ s	r e ɪ s t	r e ɪ s t	ɡ r iː s t	1	1	reg_t	reg_t	reg_t
model_stem	p r ə t ɛ k t	p r ə t ɛ k t ə d	p r ə t ɛ k t ə d	p r ɑː d͡ʒ ɛ k t	p r ɑː d͡ʒ ɛ k t ə d	p r ɑː d͡ʒ ɛ k t ə d	p r ə t ɛ k t ə d	1	1	reg_əd	reg_əd	reg_əd
model_stem	r e ɪ d iː o ʊ	r e ɪ d iː o ʊ d	r e ɪ d iː d iː d	b ɑː r o ʊ	b ɑː r o ʊ d	b ɑː r o ʊ d	r e ɪ d iː o ʊ d	0	1	reg_d	other	reg_d
model_stem	d ɪ v a ɪ d	d ɪ v a ɪ d ə d	d ɪ v a ɪ d ə d	d ɪ m æ n d	d ɪ m æ n d ə d	d ɪ m æ n d ə d	d ɪ v a ɪ d ə d	1	1	reg_əd	reg_əd	reg_əd
model_stem	t o ʊ	t o ʊ d	t o ʊ d	ʃ o ʊ	ʃ o ʊ d	ʃ o ʊ d	t o ʊ d	1	1	reg_d	reg_d	reg_d
model_stem	t r æ n z m ɪ t	t r æ n z m ɪ t ə d	t r æ n z m ɪ t ə d	s ʌ f ə k e ɪ t	s ʌ f ə k e ɪ t ə d	s ʌ f ə k e ɪ t ə d	t r æ n z m ɪ t ə d	1	1	reg_əd	reg_əd	reg_əd
model_stem	b æ t	b æ t ə d	b æ t ə d	p æ t	p æ t ə d	p æ t ə d	b æ t ə d	1	1	reg_əd	reg_əd	reg_əd
model_stem	w e ɪ	w e ɪ d	w e ɪ d	ʃ a ɪ	ʃ a ɪ d	ʃ a ɪ d	w e ɪ d	1	1	reg_d	reg_d	reg_d
model_stem	k l iː r	k l iː r d	k l iː r d	s m iː r	s m iː r d	s m iː r d	k l iː r d	1	1	reg_d	reg_d	reg_d
model_stem	ɛ n t͡ʃ æ n t	ɛ n t͡ʃ æ n t ə d	ɛ n t͡ʃ æ n t ə d	k l ɑː z ə t	k l ɑː z ə t ə d	k l ɑː z ə t ə d	ɛ n t͡ʃ æ n t ə d	1	1	reg_əd	reg_əd	reg_əd
model_stem	ə d r ɛ s	ə d r ɛ s t	ə d r ɛ s t	r ɪ s ɛ s	r ɪ s ɛ s t	r ɪ s ɛ s t	ə d r ɛ s t	1	1	reg_t	reg_t	reg_t
model_stem	s m ʌ d͡ʒ	s m ʌ d͡ʒ d	s m ʌ d͡ʒ d	s p ʌ n d͡ʒ	s p ʌ n d͡ʒ d	s p ʌ n d͡ʒ d	s m ʌ d͡ʒ d	1	1	reg_d	reg_d	reg_d
model_stem	d r e ɪ p	d r e ɪ p t	d r e ɪ p t	s t ɑː m p	s t ɑː m p t	s t ɑː m p t	d r e ɪ p t	1	1	reg_t	reg_t	reg_t
model_stem	d ɪ p	d ɪ p t	d ɪ p t	t ɪ p	t ɪ p t	t ɪ p t	d ɪ p t	1	1	reg_t	reg_t	reg_t
model_stem	ə s o ʊ s iː e ɪ t	ə s o ʊ s iː e ɪ t ə d	ə s o ʊ s iː e ɪ t ə d	ə p r iː ʃ iː e ɪ t	ə p r iː ʃ iː e ɪ t ə d	ə p r iː ʃ iː e ɪ t ə d	ə s o ʊ s iː e ɪ t ə d	1	1	reg_əd	reg_əd	reg_əd
model_stem	s ɪ ŋ k	s æ ŋ k	s ɪ ŋ k t	θ ɪ ŋ k	θ ɔ t	θ ɔ t	s ɔ t	0	0	vowel_change	reg_t	rhyme_replaced
model_stem	p iː l	p iː l d	p iː l d	b ɪ l	b e ɪ l	b ɪ l d	NA	0	0	reg_d	reg_d	vowel_change
model_stem	ɪ k s ɛ p t	ɪ k s ɛ p t ə d	ɪ k s ɛ p t ə d	ɪ n v ɛ n t	ɪ n v ɛ n t ə d	ɪ n v ɛ n t ə d	ɪ k s ɛ p t ə d	1	1	reg_əd	reg_əd	reg_əd
model_stem	f r a ʊ n	f r a ʊ n d	f r a ʊ n d	b r a ʊ n	b r a ʊ n d	b r a ʊ n d	f r a ʊ n d	1	1	reg_d	reg_d	reg_d
model_stem	s p r ɛ d	s p r ɛ d	s p r ɛ d ə d	f a ɪ n d	f a ʊ n d	f a ʊ n d	NA	0	0	no_change	reg_əd	vowel_change
model_stem	f l ɪ p	f l ɪ p t	f l ɪ p t	s l ɪ p	s l ɪ p t	s l ɪ p t	f l ɪ p t	1	1	reg_t	reg_t	reg_t
model_stem	m ʌ ʃ r uː m	m ʌ ʃ r uː m d	m ʌ ʃ r uː m d	r iː n e ɪ m	r iː n e ɪ m d	r iː n e ɪ m d	m ʌ ʃ r uː m d	1	1	reg_d	reg_d	reg_d
model_stem	r iː d uː	r iː d ɪ d	r iː d ɪ d	ə n d uː	ə n d ɪ d	ə n d ɪ d	r iː d ɪ d	1	1	vowel_change_suffix	vowel_change_suffix	vowel_change_suffix
model_stem	ɡ æ s p	ɡ æ s p t	ɡ æ s p t	s n æ p	s n æ p t	s n æ p t	ɡ æ s p t	1	1	reg_t	reg_t	reg_t
model_stem	t ɛ r ə r a ɪ z	t ɛ r ə r a ɪ z d	t ɛ r ə r a ɪ z d	s ɪ v ə l a ɪ z	s ɪ v ə l a ɪ z d	s ɪ v ə l a ɪ z d	t ɛ r ə r a ɪ z d	1	1	reg_d	reg_d	reg_d
model_stem	b ʊ t͡ʃ ɹ̩	b ʊ t͡ʃ ɹ̩ d	b ʊ t͡ʃ ɹ̩ d	m ɛ ʒ ɹ̩	m ɛ ʒ ɹ̩ d	m ɛ ʒ ɹ̩ d	b ʊ t͡ʃ ɹ̩ d	1	1	reg_d	reg_d	reg_d
model_stem	m ə n ɪ p j ə l e ɪ t	m ə n ɪ p j ə l e ɪ t ə d	m ə n ə l d	k o ʊ ɔ r d ə n e ɪ t	k o ʊ ɔ r d ə n e ɪ t ə d	k o ʊ ɔ r d ə n e ɪ t ə d	m ə n ɪ p j ə l e ɪ t ə d	0	1	reg_əd	other	reg_əd
model_stem	d r ʌ ɡ	d r ʌ ɡ d	d r ʌ ɡ d	ʃ r ʌ ɡ	ʃ r ʌ ɡ d	ʃ r ʌ ɡ d	d r ʌ ɡ d	1	1	reg_d	reg_d	reg_d
model_stem	s l a ɪ s	s l a ɪ s t	s l a ɪ s t	b r e ɪ s	b r e ɪ s t	b r e ɪ s t	s l a ɪ s t	1	1	reg_t	reg_t	reg_t
model_stem	s ɹ̩ a ʊ n d	s ɹ̩ a ʊ n d ə d	s ɹ̩ a ʊ n d ə d	ɡ r a ʊ n d	ɡ r a ʊ n d ə d	ɡ r a ʊ n d ə d	s ɹ̩ a ʊ n d ə d	1	1	reg_əd	reg_əd	reg_əd
model_stem	s k r ɪ b ə l	s k r ɪ b ə l d	s k r ɪ b ə l d	s t r æ d ə l	s t r æ d ə l d	s t r æ d ə l d	s k r ɪ b ə l d	1	1	reg_d	reg_d	reg_d
model_stem	ɡ r iː n	ɡ r iː n d	ɡ r iː n d	k l iː n	k l iː n d	k l iː n d	ɡ r iː n d	1	1	reg_d	reg_d	reg_d
model_stem	s k w ɹ̩ t	s k w ɹ̩ t ə d	s k w ɹ̩ t	k a ʊ n t	k a ʊ n t ə d	k a ʊ n t ə d	s k w ɹ̩ t ə d	0	1	reg_əd	no_change	reg_əd
model_stem	k ə n ɛ k t	k ə n ɛ k t ə d	k ə n ɛ k t ə d	k ə l ɛ k t	k ə l ɛ k t ə d	k ə l ɛ k t ə d	k ə n ɛ k t ə d	1	1	reg_əd	reg_əd	reg_əd
model_stem	ɡ r ɪ l	ɡ r ɪ l d	ɡ r ɪ l d	d r ɪ l	d r ɪ l d	d r ɪ l d	ɡ r ɪ l d	1	1	reg_d	reg_d	reg_d
model_stem	k ə n s ɪ d ɹ̩	k ə n s ɪ d ɹ̩ d	k ə n s ɪ d ɹ̩ d	r iː k w a ɪ ɹ̩	r iː k w a ɪ ɹ̩ d	r iː k w a ɪ ɹ̩ d	k ə n s ɪ d ɹ̩ d	1	1	reg_d	reg_d	reg_d
model_stem	k ɹ̩ l	k ɹ̩ l d	k ɹ̩ l d	k ɪ l	k ɪ l d	k ɪ l d	k ɹ̩ l d	1	1	reg_d	reg_d	reg_d
model_stem	ɔ θ ɹ̩	ɔ θ ɹ̩ d	ɔ ɹ̩ d ə d	ɔ f ɹ̩	ɔ f ɹ̩ d	ɔ f ɹ̩ d	ɔ θ ɹ̩ d	0	1	reg_d	other	reg_d
model_stem	f l ʌ ʃ	f l ʌ ʃ t	f l ʌ ʃ t	b l ʌ ʃ	b l ʌ ʃ t	b l ʌ ʃ t	f l ʌ ʃ t	1	1	reg_t	reg_t	reg_t
model_stem	f l a ʊ n d ɹ̩	f l a ʊ n d ɹ̩ d	f l a ʊ n d ɹ̩ d	s p l ɪ n t ɹ̩	s p l ɪ n t ɹ̩ d	s p l ɪ n t ɹ̩ d	f l a ʊ n d ɹ̩ d	1	1	reg_d	reg_d	reg_d
model_stem	d a ɪ v	d o ʊ v	d a ɪ v d	s e ɪ v	s e ɪ v d	s e ɪ v d	d a ɪ v d	1	0	vowel_change	reg_d	reg_d
model_stem	ɔ r ɡ ə n a ɪ z	ɔ r ɡ ə n a ɪ z d	ɔ r ɡ ə n a ɪ z d	s ɪ v ə l a ɪ z	s ɪ v ə l a ɪ z d	s ɪ v ə l a ɪ z d	ɔ r ɡ ə n a ɪ z d	1	1	reg_d	reg_d	reg_d
model_stem	ə r a ɪ v	ə r a ɪ v d	ə r a ɪ v d	w e ɪ v	w e ɪ v d	w e ɪ v d	ə r a ɪ v d	1	1	reg_d	reg_d	reg_d
model_stem	n æ p	n æ p t	n æ p t	k æ p	k ɔ t	k æ p t	n ɔ t	0	0	reg_t	reg_t	rhyme_replaced
model_stem	l iː n	l iː n d	l ɛ n	p ɛ n	p ɛ n d	p ɛ n d	l iː n d	0	1	reg_d	vowel_change	reg_d
model_stem	ɪ n v ɑː l v	ɪ n v ɑː l v d	ɪ n v ɑː l v d	d ɪ z ɑː l v	d ɪ z ɑː l v d	d ɪ z ɑː l v d	ɪ n v ɑː l v d	1	1	reg_d	reg_d	reg_d
model_stem	s n ɪ f	s n ɪ f t	s n ɪ f t	n a ɪ f	n a ɪ f t	n a ɪ f t	s n ɪ f t	1	1	reg_t	reg_t	reg_t
model_stem	ɪ n ɡ e ɪ d͡ʒ	ɪ n ɡ e ɪ d͡ʒ d	ɪ n ɡ e ɪ d͡ʒ d	ɛ n k ɹ̩ ɪ d͡ʒ	ɛ n k ɹ̩ ɪ d͡ʒ d	ɛ n k ɹ̩ ɪ d͡ʒ d	ɪ n ɡ e ɪ d͡ʒ d	1	1	reg_d	reg_d	reg_d
model_stem	f a ɪ n	f a ɪ n d	f ɔ t	m a ɪ n	m a ɪ n d	m a ɪ n d	f a ɪ n d	0	1	reg_d	rhyme_replaced	reg_d
model_stem	d æ m	d æ m d	d æ m d	d͡ʒ æ m	d͡ʒ æ m d	d͡ʒ æ m d	d æ m d	1	1	reg_d	reg_d	reg_d
model_stem	a ɪ s	a ɪ s t	a ɪ s t	b ɑː s	b ɑː s t	b ɑː s t	a ɪ s t	1	1	reg_t	reg_t	reg_t
model_stem	s t ʌ n	s t ʌ n d	s t ʌ n d	t o ʊ n	t o ʊ n d	t o ʊ n d	s t ʌ n d	1	1	reg_d	reg_d	reg_d
model_stem	d ɛ r	d ɛ r d	d ɛ r d	f ɛ r	f ɛ r d	f ɛ r d	d ɛ r d	1	1	reg_d	reg_d	reg_d
model_stem	t iː z	t iː z d	t ɔ z d	b ʌ z	b ʌ z d	b ʌ z d	t iː z d	0	1	reg_d	vowel_change_suffix	reg_d
model_stem	f ʌ m b ə l	f ʌ m b ə l d	f ʌ m b ə l d	r ʌ m b ə l	r ʌ m b ə l d	r ʌ m b ə l d	f ʌ m b ə l d	1	1	reg_d	reg_d	reg_d
model_stem	b ʌ n t͡ʃ	b ʌ n t͡ʃ t	b ʌ n t͡ʃ t	m ʌ n t͡ʃ	m ʌ n t͡ʃ t	m ʌ n t͡ʃ t	b ʌ n t͡ʃ t	1	1	reg_t	reg_t	reg_t
model_stem	r ɪ p iː t	r ɪ p iː t ə d	r ɪ p iː t ə d	d ɪ l iː t	d ɪ l iː t ə d	d ɪ l iː t ə d	r ɪ p iː t ə d	1	1	reg_əd	reg_əd	reg_əd
model_stem	s k r e ɪ p	s k r e ɪ p t	s k r e ɪ p t	s t r a ɪ p	s t r a ɪ p t	s t r a ɪ p t	s k r e ɪ p t	1	1	reg_t	reg_t	reg_t
model_stem	ə d͡ʒ ʌ s t	ə d͡ʒ ʌ s t ə d	ə d͡ʒ ʌ s t ə d	ɡ r ʌ n t	ɡ r ʌ n t ə d	ɡ r ʌ n t ə d	ə d͡ʒ ʌ s t ə d	1	1	reg_əd	reg_əd	reg_əd
model_stem	r ɔ ŋ	r ɔ ŋ d	r ɔ ŋ d	l ɔ ŋ	l ɔ ŋ d	l ɔ ŋ d	r ɔ ŋ d	1	1	reg_d	reg_d	reg_d
model_stem	b ɛ ɡ	b ɛ ɡ d	b ɛ ɡ d	b ʌ ɡ	b ʌ ɡ d	b ʌ ɡ d	b ɛ ɡ d	1	1	reg_d	reg_d	reg_d
model_stem	w iː l	w iː l d	w iː l d	s iː l	s iː l d	s iː l d	w iː l d	1	1	reg_d	reg_d	reg_d
model_stem	d͡ʒ ʌ d͡ʒ	d͡ʒ ʌ d͡ʒ d	d͡ʒ ʌ d͡ʒ d	f ʌ d͡ʒ	f ʌ d͡ʒ d	f ʌ d͡ʒ d	d͡ʒ ʌ d͡ʒ d	1	1	reg_d	reg_d	reg_d
model_stem	t͡ʃ æ n ə l	t͡ʃ æ n ə l d	t͡ʃ æ n ə l d	d͡ʒ ʌ ɡ ə l	d͡ʒ ʌ ɡ ə l d	d͡ʒ ʌ ɡ ə l d	t͡ʃ æ n ə l d	1	1	reg_d	reg_d	reg_d
model_stem	f r ɔ s t	f r ɔ s t ə d	f r ɔ s t ə d	s p ɔ r t	s p ɔ r t ə d	s p ɔ r t ə d	f r ɔ s t ə d	1	1	reg_əd	reg_əd	reg_əd
model_stem	r uː l	r uː l d	r uː l d	f uː l	f uː l d	f uː l d	r uː l d	1	1	reg_d	reg_d	reg_d
model_stem	t æ k ə l	t æ k ə l d	t æ k ə l d	t ɪ k ə l	t ɪ k ə l d	t ɪ k ə l d	t æ k ə l d	1	1	reg_d	reg_d	reg_d
model_stem	t æ ŋ ɡ ə l	t æ ŋ ɡ ə l d	t æ ŋ ɡ ə l d	t r æ v ə l	t r æ v ə l d	t r æ v ə l d	t æ ŋ ɡ ə l d	1	1	reg_d	reg_d	reg_d
model_stem	b ʌ t ɹ̩	b ʌ t ɹ̩ d	b ʌ t ɹ̩ d	b ɛ t ɹ̩	b ɛ t ɹ̩ d	b ɛ t ɹ̩ d	b ʌ t ɹ̩ d	1	1	reg_d	reg_d	reg_d
model_stem	b l æ k	b l æ k t	b l æ k t	t r æ k	t r æ k t	t r æ k t	b l æ k t	1	1	reg_t	reg_t	reg_t
model_stem	s p e ɪ s	s p e ɪ s t	s p e ɪ s t	b r e ɪ s	b r e ɪ s t	b r e ɪ s t	s p e ɪ s t	1	1	reg_t	reg_t	reg_t
model_stem	p r ɪ z uː m	p r ɪ z uː m d	p r ɪ z uː m d	r iː n e ɪ m	r iː n e ɪ m d	r iː n e ɪ m d	p r ɪ z uː m d	1	1	reg_d	reg_d	reg_d
model_stem	k ə n k l uː d	k ə n k l uː d ə d	k ə n k l uː d ə d	r iː m a ɪ n d	r iː m a ɪ n d ə d	r iː m a ɪ n d ə d	k ə n k l uː d ə d	1	1	reg_əd	reg_əd	reg_əd
model_stem	p a ʊ t	p a ʊ t ə d	p a ʊ t ə d	ʃ a ʊ t	ʃ a ʊ t ə d	ʃ a ʊ t ə d	p a ʊ t ə d	1	1	reg_əd	reg_əd	reg_əd
model_stem	ə n l o ʊ d	ə n l o ʊ d ə d	ə n l o ʊ d ə d	k ə l a ɪ d	k ə l a ɪ d ə d	k ə l a ɪ d ə d	ə n l o ʊ d ə d	1	1	reg_əd	reg_əd	reg_əd
model_stem	ə b d͡ʒ ɛ k t	ə b d͡ʒ ɛ k t ə d	ə b d͡ʒ ɛ k t ə d	k ə l ɛ k t	k ə l ɛ k t ə d	k ə l ɛ k t ə d	ə b d͡ʒ ɛ k t ə d	1	1	reg_əd	reg_əd	reg_əd
model_stem	d o ʊ z	d o ʊ z d	d o ʊ z d	h a ʊ z	h a ʊ z d	h a ʊ z d	d o ʊ z d	1	1	reg_d	reg_d	reg_d
model_stem	s t æ b	s t æ b d	s t æ b d	ɡ r æ b	ɡ r æ b d	ɡ r æ b d	s t æ b d	1	1	reg_d	reg_d	reg_d
model_stem	t r æ n s k r a ɪ b	t r æ n s k r a ɪ b d	t r æ n s k r a ɪ t ə d	d ɪ s k r a ɪ b	d ɪ s k r a ɪ b d	d ɪ s k r a ɪ b d	t r æ n s k r a ɪ b d	0	1	reg_d	other	reg_d
model_stem	r iː ɹ̩ e ɪ n d͡ʒ	r iː ɹ̩ e ɪ n d͡ʒ d	r iː ɹ̩ e ɪ n d͡ʒ d	æ k n ɑː l ɪ d͡ʒ	æ k n ɑː l ɪ d͡ʒ d	æ k n ɑː l ɪ d͡ʒ d	r iː ɹ̩ e ɪ n d͡ʒ d	1	1	reg_d	reg_d	reg_d
model_stem	ɛ n d͡ʒ ə n iː r	ɛ n d͡ʒ ə n iː r d	ɛ n d͡ʒ ə n iː r d	ɪ k s p l ɔ r	ɪ k s p l ɔ r d	ɪ k s p l ɔ r d	ɛ n d͡ʒ ə n iː r d	1	1	reg_d	reg_d	reg_d
model_stem	ɡ r e ɪ z	ɡ r e ɪ z d	ɡ r e ɪ z d	b r a ʊ z	b r a ʊ z d	b r a ʊ z d	ɡ r e ɪ z d	1	1	reg_d	reg_d	reg_d
model_stem	k ɑː l ɹ̩	k ɑː l ɹ̩ d	k ɑː l ɹ̩ d	k ʌ l ɹ̩	k ʌ l ɹ̩ d	k ʌ l ɹ̩ d	k ɑː l ɹ̩ d	1	1	reg_d	reg_d	reg_d
model_stem	k o ʊ k s	k o ʊ k s t	k o ʊ k s t	w æ k s	w æ k s t	w æ k s t	k o ʊ k s t	1	1	reg_t	reg_t	reg_t
model_stem	n ʌ k ə l	n ʌ k ə l d	n ʌ k ə l d	b ʌ k ə l	b ʌ k ə l d	b ʌ k ə l d	n ʌ k ə l d	1	1	reg_d	reg_d	reg_d
model_stem	ɪ n v ɛ s t ə ɡ e ɪ t	ɪ n v ɛ s t ə ɡ e ɪ t ə d	ɪ n v ɛ s t ə ɡ t ə d	ɪ k s p ɛ r ə m ə n t	ɪ k s p ɛ r ə m ə n t ə d	ɪ k s p ɛ r ə m ə n t ə d	ɪ n v ɛ s t ə ɡ e ɪ t ə d	0	1	reg_əd	other	reg_əd
model_stem	t͡ʃ ɑː r d͡ʒ	t͡ʃ ɑː r d͡ʒ d	t͡ʃ ɑː r d͡ʒ d	ɡ a ʊ d͡ʒ	ɡ a ʊ d͡ʒ d	ɡ a ʊ d͡ʒ d	t͡ʃ ɑː r d͡ʒ d	1	1	reg_d	reg_d	reg_d
model_stem	s p ɑː t	s p ɑː t ə d	s p ɑː t ə d	p ɑː r t	p ɑː r t ə d	p ɑː r t ə d	s p ɑː t ə d	1	1	reg_əd	reg_əd	reg_əd
model_stem	d r a ʊ n	d r a ʊ n d	d r a ʊ n d	b r a ʊ n	b r a ʊ n d	b r a ʊ n d	d r a ʊ n d	1	1	reg_d	reg_d	reg_d
model_stem	f l ɪ k ɹ̩	f l ɪ k ɹ̩ d	f l ɪ k ɹ̩ d	t r ɪ ɡ ɹ̩	t r ɪ ɡ ɹ̩ d	t r ɪ ɡ ɹ̩ d	f l ɪ k ɹ̩ d	1	1	reg_d	reg_d	reg_d
model_stem	h ɑː r d ə n	h ɑː r d ə n d	h ɑː r d ə n d	p ɑː r d ə n	p ɑː r d ə n d	p ɑː r d ə n d	h ɑː r d ə n d	1	1	reg_d	reg_d	reg_d
model_stem	f l æ t ɹ̩	f l æ t ɹ̩ d	f l æ t ɹ̩ d	f l ʌ t ɹ̩	f l ʌ t ɹ̩ d	f l ʌ t ɹ̩ d	f l æ t ɹ̩ d	1	1	reg_d	reg_d	reg_d
model_stem	w ɑː b ə l	w ɑː b ə l d	w ɑː b ə l d	w ɑː f ə l	w ɑː f ə l d	w ɑː f ə l d	w ɑː b ə l d	1	1	reg_d	reg_d	reg_d
model_stem	l iː k	l iː k t	l ɛ k t	s iː k	s ɔ t	s ɔ t	l ɔ t	0	0	reg_t	vowel_change_suffix	rhyme_replaced
model_stem	t a ɪ p	t a ɪ p t	t a ɪ p t	p a ɪ p	p a ɪ p t	p a ɪ p t	t a ɪ p t	1	1	reg_t	reg_t	reg_t
model_stem	k ɑː m p l ə m ɛ n t	k ɑː m p l ə m ɛ n t ə d	k ɑː m p l ə m ɛ m t ə d	ɛ k s t r ə k e ɪ t	ɛ k s t r ə k e ɪ t ə d	ɛ k s t r ə k e ɪ t ə d	k ɑː m p l ə m ɛ n t ə d	0	1	reg_əd	other	reg_əd
model_stem	ɪ n t ɹ̩ m ɪ k s	ɪ n t ɹ̩ m ɪ k s t	ɪ n t ɹ̩ m ɪ k s t	p r ə n a ʊ n s	p r ə n a ʊ n s t	p r ə n a ʊ n s t	ɪ n t ɹ̩ m ɪ k s t	1	1	reg_t	reg_t	reg_t
model_stem	n o ʊ z	n o ʊ z d	n o ʊ z d	h a ʊ z	h a ʊ z d	h a ʊ z d	n o ʊ z d	1	1	reg_d	reg_d	reg_d
model_stem	ɪ n f ɔ r m	ɪ n f ɔ r m d	ɪ n f ɔ r m d	p ɹ̩ f ɔ r m	p ɹ̩ f ɔ r m d	p ɹ̩ f ɔ r m d	ɪ n f ɔ r m d	1	1	reg_d	reg_d	reg_d
model_stem	s p a ɪ s	s p a ɪ s t	s p a ɪ s t	b r e ɪ s	b r e ɪ s t	b r e ɪ s t	s p a ɪ s t	1	1	reg_t	reg_t	reg_t
model_stem	h ɔ l	h ɔ l d	h ɔ l d	f ɔ l	f ɛ l	f ɛ l	h ɛ l	0	0	reg_d	reg_d	vowel_change
model_stem	d ɑː d͡ʒ	d ɑː d͡ʒ d	d ɑː d͡ʒ d	b ʌ d͡ʒ	b ʌ d͡ʒ d	b ʌ d͡ʒ d	d ɑː d͡ʒ d	1	1	reg_d	reg_d	reg_d
model_stem	s a ɪ	s a ɪ d	s a ɪ d	b a ɪ	b ɔ t	b ɔ t	s ɔ t	0	0	reg_d	reg_d	vowel_change_suffix
model_stem	s ɛ n t ɹ̩	s ɛ n t ɹ̩ d	s ɛ n t ɹ̩ d	w ɪ n t ɹ̩	w ɪ n t ɹ̩ d	w ɪ n t ɹ̩ d	s ɛ n t ɹ̩ d	1	1	reg_d	reg_d	reg_d
model_stem	p æ t͡ʃ	p æ t͡ʃ t	p æ t͡ʃ t	h æ t͡ʃ	h ʌ t͡ʃ t	h æ t͡ʃ t	p ʌ t͡ʃ t	0	0	reg_t	reg_t	vowel_change_suffix
model_stem	f ɔ r w ɹ̩ d	f ɔ r w ɹ̩ d ə d	f ɔ r w ɹ̩ d ə d	s k o ʊ l d	s k o ʊ l d ə d	s k o ʊ l d ə d	f ɔ r w ɹ̩ d ə d	1	1	reg_əd	reg_əd	reg_əd
model_stem	s t iː r	s t iː r d	s t iː r d	ə p iː r	ə p iː r d	ə p iː r d	s t iː r d	1	1	reg_d	reg_d	reg_d
model_stem	k ə n d ɛ n s	k ə n d ɛ n s t	k ə n d ɛ n s t	k ə n v ɪ n s	k ə n v ɪ n s t	k ə n v ɪ n s t	k ə n d ɛ n s t	1	1	reg_t	reg_t	reg_t
model_stem	b e ɪ ð	b e ɪ ð d	b e ɪ ð d	b r iː ð	b r iː ð d	b r iː ð d	b e ɪ ð d	1	1	reg_d	reg_d	reg_d
model_stem	b ɔ l	b ɔ l d	b ɔ l d	k ɔ l	k ɔ l d	k ɔ l d	b ɔ l d	1	1	reg_d	reg_d	reg_d
model_stem	k l ɪ k	k l ɪ k t	k l ɪ k t	f e ɪ k	f e ɪ k t	f e ɪ k t	k l ɪ k t	1	1	reg_t	reg_t	reg_t
model_stem	t r ɪ m	t r ɪ m d	t r ɪ m d	t a ɪ m	t a ɪ m d	t a ɪ m d	t r ɪ m d	1	1	reg_d	reg_d	reg_d
model_stem	d͡ʒ ɹ̩ k	d͡ʒ ɹ̩ k t	d͡ʒ ɹ̩ k t	s ɑː k	s ɑː k t	s ɑː k t	d͡ʒ ɹ̩ k t	1	1	reg_t	reg_t	reg_t
model_stem	r iː b ɪ l d	r iː b ɪ l t	r iː b ɪ l d ə d	p r ɪ s iː d	p r ɪ s iː d ə d	p r ɪ s iː d ə d	r iː b ɪ l d ə d	1	0	coda_change	reg_əd	reg_əd
model_stem	h ɹ̩ d	h ɹ̩ d ə d	h ɹ̩ d ə d	n iː d	n iː d ə d	n iː d ə d	h ɹ̩ d ə d	1	1	reg_əd	reg_əd	reg_əd
model_stem	θ ʌ n d ɹ̩	θ ʌ n d ɹ̩ d	θ ʌ n d ɹ̩ d	w ɑː n d ɹ̩	w ɑː n d ɹ̩ d	w ɑː n d ɹ̩ d	θ ʌ n d ɹ̩ d	1	1	reg_d	reg_d	reg_d
model_stem	ə p r o ʊ p r iː e ɪ t	ə p r o ʊ p r iː e ɪ t ə d	ə p r d	r ɪ s ɪ p r ə k e ɪ t	r ɪ s ɪ p r ə k e ɪ t ə d	r ɪ s ɪ p r ə k e ɪ t ə d	ə p r o ʊ p r iː e ɪ t ə d	0	1	reg_əd	other	reg_əd
model_stem	k ʌ m f ɹ̩ t	k ʌ m f ɹ̩ t ə d	k ʌ m f ɹ̩ t ə d	k ə l ɛ k t	k ə l ɛ k t ə d	k ə l ɛ k t ə d	k ʌ m f ɹ̩ t ə d	1	1	reg_əd	reg_əd	reg_əd
model_stem	r ɪ l e ɪ t	r ɪ l e ɪ t ə d	r ɪ l e ɪ t ə d	r ɪ z ɪ s t	r ɪ z ɪ s t ə d	r ɪ z ɪ s t ə d	r ɪ l e ɪ t ə d	1	1	reg_əd	reg_əd	reg_əd
model_stem	w a ɪ ɹ̩	w a ɪ ɹ̩ d	w a ɪ ɹ̩ d	t a ɪ ɹ̩	t a ɪ ɹ̩ d	t a ɪ ɹ̩ d	w a ɪ ɹ̩ d	1	1	reg_d	reg_d	reg_d
model_stem	ɛ k s ɹ̩ s a ɪ z	ɛ k s ɹ̩ s a ɪ z d	ɛ k s ɹ̩ s a ɪ z d	ɛ m f ə s a ɪ z	ɛ m f ə s a ɪ z d	ɛ m f ə s a ɪ z d	ɛ k s ɹ̩ s a ɪ z d	1	1	reg_d	reg_d	reg_d
model_stem	k r ʌ m p ə l	k r ʌ m p ə l d	k r ʌ m p ə l d	k r ʌ m b ə l	k r ʌ m b ə l d	k r ʌ m b ə l d	k r ʌ m p ə l d	1	1	reg_d	reg_d	reg_d
model_stem	ɪ ɡ z æ m ɪ n	ɪ ɡ z æ m ɪ n d	ɪ ɡ z æ m ɪ n d	d ɪ t ɹ̩ m ə n	d ɪ t ɹ̩ m ə n d	d ɪ t ɹ̩ m ə n d	ɪ ɡ z æ m ɪ n d	1	1	reg_d	reg_d	reg_d
model_stem	ʃ ɑː p	ʃ ɑː p t	ʃ ɑː p t	t͡ʃ ɑː p	t͡ʃ ɑː p t	t͡ʃ ɑː p t	ʃ ɑː p t	1	1	reg_t	reg_t	reg_t
model_stem	k ɔ r ə l e ɪ t	k ɔ r ə l e ɪ t ə d	k ɔ r ə l e ɪ t ə d	s ʌ f ə k e ɪ t	s ʌ f ə k e ɪ t ə d	s ʌ f ə k e ɪ t ə d	k ɔ r ə l e ɪ t ə d	1	1	reg_əd	reg_əd	reg_əd
model_stem	k ə m b a ɪ n	k ə m b a ɪ n d	k ə m b a ɪ n d	k ə n t e ɪ n	k ə n t e ɪ n d	k ə n t e ɪ n d	k ə m b a ɪ n d	1	1	reg_d	reg_d	reg_d
model_stem	b ʌ k	b ʌ k t	b ʌ k t	s ʌ k	s ʌ k t	s ʌ k t	b ʌ k t	1	1	reg_t	reg_t	reg_t
model_stem	ə p r o ʊ t͡ʃ	ə p r o ʊ t͡ʃ t	ə p r o ʊ t͡ʃ t	r ɛ n t͡ʃ	r ɛ n t͡ʃ t	r ɛ n t͡ʃ t	ə p r o ʊ t͡ʃ t	1	1	reg_t	reg_t	reg_t
model_stem	s t ɔ k	s t ɔ k t	s t ɔ k t	ʃ r iː k	ʃ r iː k t	ʃ r iː k t	s t ɔ k t	1	1	reg_t	reg_t	reg_t
model_stem	k r iː e ɪ t	k r iː e ɪ t ə d	k r iː e ɪ t ə d	p a ɪ l ə t	p a ɪ l ə t ə d	p a ɪ l ə t ə d	k r iː e ɪ t ə d	1	1	reg_əd	reg_əd	reg_əd
model_stem	n e ɪ l	n e ɪ l d	n e ɪ l d	d͡ʒ e ɪ l	d͡ʒ e ɪ l d	d͡ʒ e ɪ l d	n e ɪ l d	1	1	reg_d	reg_d	reg_d
model_stem	r ə f ɹ̩	r ə f ɹ̩ d	r ə f ɹ̩ d	s ʌ f ɹ̩	s ʌ f ɹ̩ d	s ʌ f ɹ̩ d	r ə f ɹ̩ d	1	1	reg_d	reg_d	reg_d
model_stem	s p ɑː r k	s p ɑː r k t	s p ɑː r k t	s p æ ŋ k	s p æ ŋ k t	s p æ ŋ k t	s p ɑː r k t	1	1	reg_t	reg_t	reg_t
model_stem	h o ʊ l	h o ʊ l d	h o ʊ l d	b o ʊ l	b o ʊ l d	b o ʊ l d	h o ʊ l d	1	1	reg_d	reg_d	reg_d
model_stem	f ɪ d ə l	f ɪ d ə l d	f ɪ d ə l d	r æ t ə l	r æ t ə l d	r æ t ə l d	f ɪ d ə l d	1	1	reg_d	reg_d	reg_d
model_stem	ʃ r ɪ ŋ k	ʃ r æ ŋ k	ʃ r æ ŋ k	b l ɪ ŋ k	b l ɪ ŋ k t	b l ɪ ŋ k t	ʃ r ɪ ŋ k t	0	0	vowel_change	vowel_change	reg_t
model_stem	b r a ɪ b	b r a ɪ b d	b r a ɪ b d	ɡ r æ b	ɡ r æ b d	ɡ r æ b d	b r a ɪ b d	1	1	reg_d	reg_d	reg_d
model_stem	w ɑː l o ʊ	w ɑː l o ʊ d	w ɑː l o ʊ d	b ɑː r o ʊ	b ɑː r o ʊ d	b ɑː r o ʊ d	w ɑː l o ʊ d	1	1	reg_d	reg_d	reg_d
model_stem	ɪ n t ɛ n d	ɪ n t ɛ n d ə d	ɪ n t ɛ n d ə d	ɪ n k l uː d	ɪ n k l uː d ə d	ɪ n k l uː d ə d	ɪ n t ɛ n d ə d	1	1	reg_əd	reg_əd	reg_əd
model_stem	s æ n ɪ t a ɪ z	s æ n ɪ t a ɪ z d	s æ n ɪ t a ɪ z d	s uː p ɹ̩ v a ɪ z	s uː p ɹ̩ v a ɪ z d	s uː p ɹ̩ v a ɪ z d	s æ n ɪ t a ɪ z d	1	1	reg_d	reg_d	reg_d
model_stem	s ɹ̩ t͡ʃ	s ɹ̩ t͡ʃ t	s ɹ̩ t͡ʃ t	w ɑː t͡ʃ	w ɑː t͡ʃ t	w ɑː t͡ʃ t	s ɹ̩ t͡ʃ t	1	1	reg_t	reg_t	reg_t
model_stem	v æ k j uː m	v æ k j uː m d	v æ k j uː m d	b l ɑː s ə m	b l ɑː s ə m d	b l ɑː s ə m d	v æ k j uː m d	1	1	reg_d	reg_d	reg_d
model_stem	p ɛ r	p ɛ r d	p ɛ r d	ʃ ɛ r	ʃ ɛ r d	ʃ ɛ r d	p ɛ r d	1	1	reg_d	reg_d	reg_d
model_stem	r ɪ d͡ʒ ɛ k t	r ɪ d͡ʒ ɛ k t ə d	r ɪ d͡ʒ ɛ k t ə d	r ɪ ɡ r ɛ t	r ɪ ɡ r ɛ t ə d	r ɪ ɡ r ɛ t ə d	r ɪ d͡ʒ ɛ k t ə d	1	1	reg_əd	reg_əd	reg_əd
model_stem	d a ɪ d͡ʒ ɛ s t	d a ɪ d͡ʒ ɛ s t ə d	d a ɪ d͡ʒ ɛ s t ə d	d a ɪ s ɛ k t	d a ɪ s ɛ k t ə d	d a ɪ s ɛ k t ə d	d a ɪ d͡ʒ ɛ s t ə d	1	1	reg_əd	reg_əd	reg_əd
model_stem	s ə b t r æ k t	s ə b t r æ k t ə d	s ə b t r æ k t ə d	d ɪ s t r æ k t	d ɪ s t r æ k t ə d	d ɪ s t r æ k t ə d	s ə b t r æ k t ə d	1	1	reg_əd	reg_əd	reg_əd
model_stem	ə n p æ k	ə n p æ k t	ə n p æ k t	s p æ ŋ k	s p æ ŋ k t	s p æ ŋ k t	ə n p æ k t	1	1	reg_t	reg_t	reg_t
model_stem	h iː l	h iː l d	h iː l d	s iː l	s iː l d	s iː l d	h iː l d	1	1	reg_d	reg_d	reg_d
model_stem	b ɔ ɪ l	b ɔ ɪ l d	b ɔ ɪ l d	s e ɪ l	s e ɪ l d	s e ɪ l d	b ɔ ɪ l d	1	1	reg_d	reg_d	reg_d
model_stem	ə n ɔ ɪ	ə n ɔ ɪ d	ə n ɔ ɪ d	f r a ɪ	f r a ɪ d	f r a ɪ d	ə n ɔ ɪ d	1	1	reg_d	reg_d	reg_d
model_stem	r iː s t r e ɪ n	r iː s t r e ɪ n d	r iː s t r e ɪ n d	ɪ k s p l e ɪ n	ɪ k s p l e ɪ n d	ɪ k s p l e ɪ n d	r iː s t r e ɪ n d	1	1	reg_d	reg_d	reg_d
model_stem	l æ p	l æ p t	l æ p t	r æ p	r æ p t	r æ p t	l æ p t	1	1	reg_t	reg_t	reg_t
model_stem	k w a ɪ ə t	k w a ɪ ə t ə d	k w a ɪ ə t ə d	k l ɑː z ə t	k l ɑː z ə t ə d	k l ɑː z ə t ə d	k w a ɪ ə t ə d	1	1	reg_əd	reg_əd	reg_əd
model_stem	s k iː	s k iː d	s k iː d	w ɹ̩ iː	w ɹ̩ iː d	w ɹ̩ iː d	s k iː d	1	1	reg_d	reg_d	reg_d
model_stem	s k a ʊ t	s k a ʊ t ə d	s k a ʊ t ə d	k a ʊ n t	k a ʊ n t ə d	k a ʊ n t ə d	s k a ʊ t ə d	1	1	reg_əd	reg_əd	reg_əd
model_stem	s k ɹ̩ iː	s k ɹ̩ iː d	s k ɹ̩ iː d	ə ɡ r iː	ə ɡ r iː d	ə ɡ r iː d	s k ɹ̩ iː d	1	1	reg_d	reg_d	reg_d
model_stem	ə s ɪ s t	ə s ɪ s t ə d	ə s ɪ s t ə d	f e ɪ n t	f e ɪ n t ə d	f e ɪ n t ə d	ə s ɪ s t ə d	1	1	reg_əd	reg_əd	reg_əd
model_stem	ɡ r uː p	ɡ r uː p t	ɡ r uː p t	d r uː p	d r uː p t	d r uː p t	ɡ r uː p t	1	1	reg_t	reg_t	reg_t
model_stem	r ʌ s t	r ʌ s t ə d	r ʌ s t ə d	r ɛ s t	r ɛ s t ə d	r ɛ s t ə d	r ʌ s t ə d	1	1	reg_əd	reg_əd	reg_əd
model_stem	h uː t	h uː t ə d	h uː t	h iː t	h iː t ə d	h iː t ə d	h uː t ə d	0	1	reg_əd	no_change	reg_əd
model_stem	d ɪ f iː t	d ɪ f iː t ə d	d ɪ f iː t ə d	d ɪ l iː t	d ɪ l iː t ə d	d ɪ l iː t ə d	d ɪ f iː t ə d	1	1	reg_əd	reg_əd	reg_əd
model_stem	p r ə l ɔ ŋ	p r ə l ɔ ŋ d	p r ə l ɔ ŋ t	h æ ŋ	h ʌ ŋ	h ʌ ŋ	NA	0	0	reg_d	reg_t	vowel_change
model_stem	l ɪ s t	l ɪ s t	l ɪ s t ə d	l æ s t	l æ s t ə d	l æ s t ə d	l ɪ s t ə d	1	0	no_change	reg_əd	reg_əd
model_stem	p ɹ̩ s w e ɪ d	p ɹ̩ s w e ɪ d ə d	p ɹ̩ s w e ɪ d ə d	p r ə v a ɪ d	p r ə v a ɪ d ə d	p r ə v a ɪ d ə d	p ɹ̩ s w e ɪ d ə d	1	1	reg_əd	reg_əd	reg_əd
model_stem	k ə m p iː t	k ə m p iː t ə d	k ə m p iː t ə d	s ə d͡ʒ ɛ s t	s ə d͡ʒ ɛ s t ə d	s ə d͡ʒ ɛ s t ə d	k ə m p iː t ə d	1	1	reg_əd	reg_əd	reg_əd
model_stem	r ɪ l iː v	r ɪ l iː v d	r ɪ l iː v d	b ɪ l iː v	b ɪ l iː v d	b ɪ l iː v d	r ɪ l iː v d	1	1	reg_d	reg_d	reg_d
model_stem	θ r ɛ t ə n	θ r ɛ t ə n d	θ r ɛ t ə n d	f l æ t ə n	f l æ t ə n d	f l æ t ə n d	θ r ɛ t ə n d	1	1	reg_d	reg_d	reg_d
model_stem	o ʊ v ɹ̩ r ə n	o ʊ v ɹ̩ r æ n	o ʊ v ɹ̩ r ə n d	d ɪ t ɹ̩ m ə n	d ɪ t ɹ̩ m ə n d	d ɪ t ɹ̩ m ə n d	o ʊ v ɹ̩ r ə n d	1	0	vowel_change	reg_d	reg_d
model_stem	z iː r o ʊ	z iː r o ʊ d	z iː r o ʊ d	b ɑː r o ʊ	b ɑː r o ʊ d	b ɑː r o ʊ d	z iː r o ʊ d	1	1	reg_d	reg_d	reg_d
model_stem	d æ m ə d͡ʒ	d æ m ə d͡ʒ d	d æ m ə d͡ʒ d	m æ n ə d͡ʒ	m æ n ə d͡ʒ d	m æ n ə d͡ʒ d	d æ m ə d͡ʒ d	1	1	reg_d	reg_d	reg_d
model_stem	k o ʊ t	k o ʊ t ə d	k o ʊ t	k æ s t	k æ s t	k æ s t	k o ʊ t	1	0	reg_əd	no_change	no_change
model_stem	k j uː b	k j uː b d	k j uː b d	k l ʌ b	k l ʌ b d	k l ʌ b d	k j uː b d	1	1	reg_d	reg_d	reg_d
model_stem	ʃ a ɪ n	ʃ a ɪ n d	ʃ a ɪ n d	p a ɪ n	p a ɪ n d	p a ɪ n d	ʃ a ɪ n d	1	1	reg_d	reg_d	reg_d
model_stem	t æ k s iː	t æ k s iː d	t æ k s iː d	f æ n s iː	f æ n s iː d	f æ n s iː d	t æ k s iː d	1	1	reg_d	reg_d	reg_d
model_stem	s t ɔ l	s t ɔ l d	s t ɔ l d	s t ɪ l	s t ɪ l d	s t ɪ l d	s t ɔ l d	1	1	reg_d	reg_d	reg_d
model_stem	ɪ n k ɔ r p ɹ̩ e ɪ t	ɪ n k ɔ r p ɹ̩ e ɪ t ə d	ɪ n k ɔ r p ɹ̩ e ɪ t ɔ ɪ t ɔ r e ɪ	ɪ v æ k j ə w e ɪ t	ɪ v æ k j ə w e ɪ t ə d	ɪ v æ k j ə w e ɪ t ə d	ɪ n k ɔ r p ɹ̩ e ɪ t ə d	0	1	reg_əd	other	reg_əd
model_stem	t o ʊ t ə l	t o ʊ t ə l d	t o ʊ t ə l d	t e ɪ b ə l	t e ɪ b ə l d	t e ɪ b ə l d	t o ʊ t ə l d	1	1	reg_d	reg_d	reg_d
model_stem	m æ ŋ ɡ ə l	m æ ŋ ɡ ə l d	m æ ŋ ɡ ə l d	t r æ v ə l	t r æ v ə l d	t r æ v ə l d	m æ ŋ ɡ ə l d	1	1	reg_d	reg_d	reg_d
model_stem	o ʊ v ɹ̩ l æ p	o ʊ v ɹ̩ l æ p t	o ʊ v ɹ̩ l æ p t	d ɪ v ɛ l ə p	d ɪ v ɛ l ə p t	d ɪ v ɛ l ə p t	o ʊ v ɹ̩ l æ p t	1	1	reg_t	reg_t	reg_t
model_stem	k ɑː n t r æ k t	k ɑː n t r æ k t ə d	k ɑː n t r æ k t ə d	d ɪ s t r æ k t	d ɪ s t r æ k t ə d	d ɪ s t r æ k t ə d	k ɑː n t r æ k t ə d	1	1	reg_əd	reg_əd	reg_əd
model_stem	k r a ʊ t͡ʃ	k r a ʊ t͡ʃ t	k r a ʊ t͡ʃ t	k r ʌ n t͡ʃ	k r ʌ n t͡ʃ t	k r ʌ n t͡ʃ t	k r a ʊ t͡ʃ t	1	1	reg_t	reg_t	reg_t
model_stem	b uː m	b uː m d	b uː m d	θ ʌ m	θ ʌ m d	θ ʌ m d	b uː m d	1	1	reg_d	reg_d	reg_d
model_stem	m o ʊ l d	m o ʊ l d ə d	m o ʊ l d ə d	h o ʊ l d	h ɛ l d	h ɛ l d	m ɛ l d	0	0	reg_əd	reg_əd	vowel_change
model_stem	ɪ n t r iː ɡ	ɪ n t r iː ɡ d	ɪ n t r iː ɡ d	ə n p l ʌ ɡ	ə n p l ʌ ɡ d	ə n p l ʌ ɡ d	ɪ n t r iː ɡ d	1	1	reg_d	reg_d	reg_d
model_stem	f r ɛ k ə l	f r ɛ k ə l d	f r ɛ k ə l d	s p ɛ k ə l	s p ɛ k ə l d	s p ɛ k ə l d	f r ɛ k ə l d	1	1	reg_d	reg_d	reg_d
model_stem	h ʌ ʃ	h ʌ ʃ t	h ʌ ʃ t	ɡ ʌ ʃ	ɡ ʌ ʃ t	ɡ ʌ ʃ t	h ʌ ʃ t	1	1	reg_t	reg_t	reg_t
model_stem	b æ ŋ k	b æ ŋ k t	b æ ŋ k t	j æ ŋ k	j æ ŋ k t	j æ ŋ k t	b æ ŋ k t	1	1	reg_t	reg_t	reg_t
model_stem	h iː p	h iː p t	h iː p t	s iː p	s iː p t	s iː p t	h iː p t	1	1	reg_t	reg_t	reg_t
model_stem	ɪ ɡ z ɪ s t	ɪ ɡ z ɪ s t ə d	ɪ ɡ z ɪ s t ə d	ɪ n s ɪ s t	ɪ n s ɪ s t ə d	ɪ n s ɪ s t ə d	ɪ ɡ z ɪ s t ə d	1	1	reg_əd	reg_əd	reg_əd
model_stem	ə k ɑː m p l ɪ ʃ	ə k ɑː m p l ɪ ʃ t	ə m ɑː m p l ɪ ʃ t	ɪ n t r ə d uː s	ɪ n t r ə d uː s t	ɪ n t r ə d uː s t	ə k ɑː m p l ɪ ʃ t	0	1	reg_t	other	reg_t
model_stem	k e ɪ v	k e ɪ v d	k e ɪ v d	k ɑː r v	k ɑː r v d	k ɑː r v d	k e ɪ v d	1	1	reg_d	reg_d	reg_d
model_stem	p ɛ d ə l	p ɛ d ə l d	p ɛ d ə l d	p æ d ə l	p æ d ə l d	p æ d ə l d	p ɛ d ə l d	1	1	reg_d	reg_d	reg_d
model_stem	r ɪ v ɹ̩ s	r ɪ v ɹ̩ s t	r ɪ v ɹ̩ s t	r iː l iː s	r iː l iː s t	r iː l iː s t	r ɪ v ɹ̩ s t	1	1	reg_t	reg_t	reg_t
model_stem	s ə b s a ɪ d	s ə b s a ɪ d ə d	s ə b s a ɪ d	ə n w a ɪ n d	ə n w a ʊ n d	ə n w a ʊ n d	NA	0	0	reg_əd	no_change	vowel_change
model_stem	k ə n s ɹ̩ n	k ə n s ɹ̩ n d	k ə n s ɹ̩ n d	p ɑː r d ə n	p ɑː r d ə n d	p ɑː r d ə n d	k ə n s ɹ̩ n d	1	1	reg_d	reg_d	reg_d
model_stem	t iː	t iː d	t ɔ	p iː	p iː d	p iː d	t iː d	0	1	reg_d	vowel_change	reg_d
model_stem	f l ɹ̩ iː	f l ɹ̩ iː d	f l ɹ̩ iː d	m ɛ r iː	m ɛ r iː d	m ɛ r iː d	f l ɹ̩ iː d	1	1	reg_d	reg_d	reg_d
model_stem	n ɛ r o ʊ	n ɛ r o ʊ d	n ɛ r o ʊ d	b ɑː r o ʊ	b ɑː r o ʊ d	b ɑː r o ʊ d	n ɛ r o ʊ d	1	1	reg_d	reg_d	reg_d
model_stem	ɪ m p r ə v a ɪ z	ɪ m p r ə v a ɪ z d	ɪ m p r ə v a ɪ z d	h ɪ p n ə t a ɪ z	h ɪ p n ə t a ɪ z d	h ɪ p n ə t a ɪ z d	ɪ m p r ə v a ɪ z d	1	1	reg_d	reg_d	reg_d
model_decision	h æ v	h æ d	h æ v d	p æ n	p æ n d	p æ n d	h æ v d	1	0	coda_change	reg_d	reg_d
model_decision	h æ p ə n	h æ p ə n d	h æ p ə n d	o ʊ p ə n	o ʊ p ə n d	o ʊ p ə n d	h æ p ə n d	1	1	reg_d	reg_d	reg_d
model_decision	p l e ɪ s	p l e ɪ s t	p l e ɪ s t	ɪ r e ɪ s	ɪ r e ɪ s t	ɪ r e ɪ s t	p l e ɪ s t	1	1	reg_t	reg_t	reg_t
model_decision	k l o ʊ z	k l o ʊ z d	k l o ʊ z d	ə p o ʊ z	ə p o ʊ z d	ə p o ʊ z d	k l o ʊ z d	1	1	reg_d	reg_d	reg_d
model_decision	k ʊ k	k ʊ k t	k ʊ k t	b ʊ k	b ʊ k t	b ʊ k t	k ʊ k t	1	1	reg_t	reg_t	reg_t
model_decision	r ʌ n	r æ n	r ʌ n d	ɡ ʌ n	ɡ ʌ n d	ɡ ʌ n d	r ʌ n d	1	0	vowel_change	reg_d	reg_d
model_decision	s e ɪ	s ɛ d	s e ɪ d	ʃ a ɪ	ʃ a ɪ d	ʃ a ɪ d	s e ɪ d	1	0	vowel_change_suffix	reg_d	reg_d
model_decision	f ɪ ʃ	f ɪ ʃ t	f ɪ ʃ t	w ɪ ʃ	w ɪ ʃ t	w ɪ ʃ t	f ɪ ʃ t	1	1	reg_t	reg_t	reg_t
model_decision	h ɹ̩ t	h ɹ̩ t	h ɹ̩ t ə d	h iː t	h iː t ə d	h iː t ə d	h ɹ̩ t ə d	1	0	no_change	reg_əd	reg_əd
model_decision	l uː z	l ɔ s t	l uː z d	j uː z	j uː z d	j uː z d	l uː z d	1	0	rhyme_replaced	reg_d	reg_d
model_decision	æ s k	æ s k t	æ s k t	d͡ʒ æ k	d͡ʒ æ k t	d͡ʒ æ k t	æ s k t	1	1	reg_t	reg_t	reg_t
model_decision	p e ɪ	p e ɪ d	p e ɪ d	ʃ a ɪ	ʃ a ɪ d	ʃ a ɪ d	p e ɪ d	1	1	reg_d	reg_d	reg_d
model_decision	s p ɛ l	s p ɛ l d	s p ɛ l d	s m ɛ l	s m ɛ l d	s m ɛ l d	s p ɛ l d	1	1	reg_d	reg_d	reg_d
model_decision	s p ɪ t	s p æ t	s p ɪ t ə d	h e ɪ t	h e ɪ t ə d	h e ɪ t ə d	s p ɪ t ə d	1	0	vowel_change	reg_əd	reg_əd
model_decision	m ɪ s	m ɪ s t	m ɪ s t	t ɔ s	t ɔ s t	t ɔ s t	m ɪ s t	1	1	reg_t	reg_t	reg_t
model_decision	s t ɑː r t	s t ɑː r t ə d	s t ɑː r t ə d	s m ɑː r t	s m ɑː r t ə d	s m ɑː r t ə d	s t ɑː r t ə d	1	1	reg_əd	reg_əd	reg_əd
model_decision	p ɑː r t iː	p ɑː r t iː d	p ɑː r t iː d	s t ʌ d iː	s t ʌ d iː d	s t ʌ d iː d	p ɑː r t iː d	1	1	reg_d	reg_d	reg_d
model_decision	ɡ ɛ s	ɡ ɛ s t	ɡ ɑː s t	ɡ ɛ t	ɡ ɑː t	ɡ ɑː t	NA	0	0	reg_t	vowel_change_suffix	vowel_change
model_decision	f a ɪ ɹ̩	f a ɪ ɹ̩ d	f ɔ t ɹ̩ d	f a ɪ l	f ɔ t	f a ɪ l d	NA	0	0	reg_d	other	rhyme_replaced
model_decision	s ɪ t	s æ t	s ɪ t	s iː t	s iː t ə d	s iː t ə d	s ɪ t ə d	0	0	vowel_change	no_change	reg_əd
model_decision	ʃ uː	ʃ uː d	ʃ uː d	w uː	w uː d	w uː d	ʃ uː d	1	1	reg_d	reg_d	reg_d
model_decision	w ɹ̩ k	w ɹ̩ k t	w ɹ̩ k t	p ɹ̩ k	p ɹ̩ k t	p ɹ̩ k t	w ɹ̩ k t	1	1	reg_t	reg_t	reg_t
model_decision	t ʌ t͡ʃ	t ʌ t͡ʃ t	t ʌ t͡ʃ t	p ɪ t͡ʃ	p ɪ t͡ʃ t	p ɪ t͡ʃ t	t ʌ t͡ʃ t	1	1	reg_t	reg_t	reg_t
model_decision	s t ɑː p	s t ɑː p t	s t ɑː p t	f l ɑː p	f l ɑː p t	f l ɑː p t	s t ɑː p t	1	1	reg_t	reg_t	reg_t
model_decision	s t ɹ̩	s t ɹ̩ d	s t ɹ̩ d	ə k ɹ̩	ə k ɹ̩ d	ə k ɹ̩ d	s t ɹ̩ d	1	1	reg_d	reg_d	reg_d
model_decision	l ɛ d	l ɛ d ə d	l ɛ d	w ɛ d	w ɛ d	w ɛ d	l ɛ d	1	0	reg_əd	no_change	no_change
model_decision	p ɔ r	p ɔ r d	p ɔ r d	p iː r	p iː r d	p iː r d	p ɔ r d	1	1	reg_d	reg_d	reg_d
model_decision	s ə p o ʊ z	s ə p o ʊ z d	s ə p o ʊ z d	r ə f j uː z	r ə f j uː z d	r ə f j uː z d	s ə p o ʊ z d	1	1	reg_d	reg_d	reg_d
model_decision	w ʌ n d ɹ̩	w ʌ n d ɹ̩ d	w ʌ n d ɹ̩ d	w ɑː n d ɹ̩	w ɑː n d ɹ̩ d	w ɑː n d ɹ̩ d	w ʌ n d ɹ̩ d	1	1	reg_d	reg_d	reg_d
model_decision	k w ɛ s t͡ʃ ə n	k w ɛ s t͡ʃ ə n d	k w ɛ s t͡ʃ ə n d	ə n b ʌ t ə n	ə n b ʌ t ə n d	ə n b ʌ t ə n d	k w ɛ s t͡ʃ ə n d	1	1	reg_d	reg_d	reg_d
model_decision	d a ɪ	d a ɪ d	d a ɪ d	l e ɪ	l e ɪ d	l e ɪ d	d a ɪ d	1	1	reg_d	reg_d	reg_d
model_decision	s p iː k	s p o ʊ k	s p iː k t	s n iː k	s n iː k t	s n iː k t	s p iː k t	1	0	vowel_change	reg_t	reg_t
model_decision	s w iː p	s w ɛ p t	s w iː p t	s t ɛ p	s t ɛ p t	s t ɛ p t	s w iː p t	1	0	vowel_change_suffix	reg_t	reg_t
model_decision	b r ʌ ʃ	b r ʌ ʃ t	b r ʌ ʃ t	s m æ ʃ	s m æ ʃ t	s m æ ʃ t	b r ʌ ʃ t	1	1	reg_t	reg_t	reg_t
model_decision	ə b a ɪ d	ə b a ɪ d ə d	ə b a ɪ d ə d	ə v ɔ ɪ d	ə v ɔ ɪ d ə d	ə v ɔ ɪ d ə d	ə b a ɪ d ə d	1	1	reg_əd	reg_əd	reg_əd
model_decision	l æ f	l æ f t	l æ f t	r æ p	r æ p t	r æ p t	l æ f t	1	1	reg_t	reg_t	reg_t
model_decision	t a ɪ	t a ɪ d	t a ɪ d	ʃ a ɪ	ʃ a ɪ d	ʃ a ɪ d	t a ɪ d	1	1	reg_d	reg_d	reg_d
model_decision	ɪ n v a ɪ t	ɪ n v a ɪ t ə d	ɪ n v a ɪ t ə d	ɪ k s a ɪ t	ɪ k s a ɪ t ə d	ɪ k s a ɪ t ə d	ɪ n v a ɪ t ə d	1	1	reg_əd	reg_əd	reg_əd
model_decision	k r ɔ l	k r ɔ l d	k r ɔ l d	f e ɪ l	f e ɪ l d	f e ɪ l d	k r ɔ l d	1	1	reg_d	reg_d	reg_d
model_decision	p o ʊ k	p o ʊ k t	p o ʊ k t	t͡ʃ o ʊ k	t͡ʃ o ʊ k t	t͡ʃ o ʊ k t	p o ʊ k t	1	1	reg_t	reg_t	reg_t
model_decision	ɡ r o ʊ	ɡ r uː	ɡ r uː	θ r o ʊ	θ r uː	θ r uː	ɡ r uː	1	1	vowel_change	vowel_change	vowel_change
model_decision	s t iː l	s t o ʊ l	s t iː l d	s e ɪ l	s e ɪ l d	s e ɪ l d	s t iː l d	1	0	vowel_change	reg_d	reg_d
model_decision	t͡ʃ uː	t͡ʃ uː d	t͡ʃ uː d	w uː	w uː d	w uː d	t͡ʃ uː d	1	1	reg_d	reg_d	reg_d
model_decision	w ɔ k	w ɔ k t	w ɔ k t	t ɔ k	t ɔ k t	t ɔ k t	w ɔ k t	1	1	reg_t	reg_t	reg_t
model_decision	s ɛ l	s o ʊ l d	s ɛ l d	j ɛ l	j ɛ l d	j ɛ l d	s ɛ l d	1	0	vowel_change_suffix	reg_d	reg_d
model_decision	p ɪ k t͡ʃ ɹ̩	p ɪ k t͡ʃ ɹ̩ d	p ɪ k t͡ʃ ɹ̩ d	k ɑː ŋ k ɹ̩	k ɑː ŋ k ɹ̩ d	k ɑː ŋ k ɹ̩ d	p ɪ k t͡ʃ ɹ̩ d	1	1	reg_d	reg_d	reg_d
model_decision	k o ʊ m	k o ʊ m d	k o ʊ m d	r o ʊ m	r o ʊ m d	r o ʊ m d	k o ʊ m d	1	1	reg_d	reg_d	reg_d
model_decision	s m a ɪ l	s m a ɪ l d	s m a ɪ l d	s k a ʊ l	s k a ʊ l d	s k a ʊ l d	s m a ɪ l d	1	1	reg_d	reg_d	reg_d
model_decision	d r ɑː p	d r ɑː p t	d r ɑː p t	p r ɑː p	p r ɑː p t	p r ɑː p t	d r ɑː p t	1	1	reg_t	reg_t	reg_t
model_decision	s k r æ t͡ʃ	s k r æ t͡ʃ t	s k r æ t͡ʃ t	b r æ n t͡ʃ	b r æ n t͡ʃ t	b r æ n t͡ʃ t	s k r æ t͡ʃ t	1	1	reg_t	reg_t	reg_t
model_decision	s t æ m p	s t æ m p t	s t ʊ æ m d	s t æ n d	s t ʊ d	s t ʊ d	NA	0	0	reg_t	rhyme_replaced	rhyme_replaced
model_decision	k r ʌ ʃ	k r ʌ ʃ t	k r ʌ ʃ t	k r æ ʃ	k r æ ʃ t	k r æ ʃ t	k r ʌ ʃ t	1	1	reg_t	reg_t	reg_t
model_decision	b uː t	b uː t ə d	b uː t	s ɛ t	s ɛ t	s ɛ t	b uː t	1	0	reg_əd	no_change	no_change
model_decision	r ə k ɔ r d	r ə k ɔ r d ə d	r ə k ɔ r d ə d	ɡ r a ʊ n d	ɡ r a ʊ n d ə d	ɡ r a ʊ n d ə d	r ə k ɔ r d ə d	1	1	reg_əd	reg_əd	reg_əd
model_decision	t͡ʃ uː z	t͡ʃ o ʊ z	t͡ʃ uː z d	p ɔ z	p ɔ z d	p ɔ z d	t͡ʃ uː z d	1	0	vowel_change	reg_d	reg_d
model_decision	d æ n s	d æ n s t	d æ n s t	d a ɪ s	d a ɪ s t	d a ɪ s t	d æ n s t	1	1	reg_t	reg_t	reg_t
model_decision	s n ɑː r ə l	s n ɑː r ə l d	s n ɑː r ə l d	s ɪ ɡ n ə l	s ɪ ɡ n ə l d	s ɪ ɡ n ə l d	s n ɑː r ə l d	1	1	reg_d	reg_d	reg_d
model_decision	l ɪ f t	l ɪ f t ə d	l ɪ f t ə d	l æ s t	l æ s t ə d	l æ s t ə d	l ɪ f t ə d	1	1	reg_əd	reg_əd	reg_əd
model_decision	t͡ʃ ɛ k	t͡ʃ ɛ k t	t͡ʃ ɛ k t	n ɛ k	n ɛ k t	n ɛ k t	t͡ʃ ɛ k t	1	1	reg_t	reg_t	reg_t
model_decision	f ɑː l o ʊ	f ɑː l o ʊ d	f ɑː l o ʊ d	b ɑː r o ʊ	b ɑː r o ʊ d	b ɑː r o ʊ d	f ɑː l o ʊ d	1	1	reg_d	reg_d	reg_d
model_decision	h æ n d	h æ n d ə d	h æ n d ə d	w uː n d	w uː n d ə d	w uː n d ə d	h æ n d ə d	1	1	reg_əd	reg_əd	reg_əd
model_decision	r ɛ k ə m ɛ n d	r ɛ k ə m ɛ n d ə d	r ɛ k ə m ɛ n d ə d	ɪ k s p l o ʊ d	ɪ k s p l o ʊ d ə d	ɪ k s p l o ʊ d ə d	r ɛ k ə m ɛ n d ə d	1	1	reg_əd	reg_əd	reg_əd
model_decision	ʃ uː t	ʃ ɑː t	ʃ uː t ə d	ʃ ʌ t	ʃ ʌ t	ʃ ʌ t	ʃ uː t	0	0	vowel_change	reg_əd	no_change
model_decision	s o ʊ k	s o ʊ k t	s o ʊ k t	t͡ʃ o ʊ k	t͡ʃ o ʊ k t	t͡ʃ o ʊ k t	s o ʊ k t	1	1	reg_t	reg_t	reg_t
model_decision	p ɑː r t ɪ s ə p e ɪ t	p ɑː r t ɪ s ə p e ɪ t ə d	p s t ɪ s t ə p e ɪ t ə d	ɪ s k e ɪ p	ɪ s k e ɪ p t	ɪ s k e ɪ p t	p ɑː r t ɪ s ə p e ɪ t t	0	0	reg_əd	other	reg_t
model_decision	s m æ k	s m æ k t	s m æ k t	s n æ k	s n æ k t	s n æ k t	s m æ k t	1	1	reg_t	reg_t	reg_t
model_decision	z ɪ p	z ɪ p t	z ɪ p t	s ɪ p	s ɪ p t	s ɪ p t	z ɪ p t	1	1	reg_t	reg_t	reg_t
model_decision	w ɔ r m	w ɔ r m d	w ɔ r m d	f ɔ r m	f ɔ r m d	f ɔ r m d	w ɔ r m d	1	1	reg_d	reg_d	reg_d
model_decision	k æ m p	k æ m p t	k æ m p t	k r ɑː p	k r ɑː p t	k r ɑː p t	k æ m p t	1	1	reg_t	reg_t	reg_t
model_decision	p ɹ̩ f ɛ k t	p ɹ̩ f ɛ k t ə d	p ɹ̩ f ɛ k t ə d	f ɹ̩ m ɛ n t	f ɹ̩ m ɛ n t ə d	f ɹ̩ m ɛ n t ə d	p ɹ̩ f ɛ k t ə d	1	1	reg_əd	reg_əd	reg_əd
model_decision	z uː m	z uː m d	z uː m d	h ɛ m	h ɛ m d	h ɛ m d	z uː m d	1	1	reg_d	reg_d	reg_d
model_decision	f o ʊ n	f o ʊ n d	f o ʊ n d	m o ʊ n	m o ʊ n d	m o ʊ n d	f o ʊ n d	1	1	reg_d	reg_d	reg_d
model_decision	ɡ r e ɪ s	ɡ r e ɪ s t	ɡ r e ɪ s t	b r e ɪ s	b r e ɪ s t	b r e ɪ s t	ɡ r e ɪ s t	1	1	reg_t	reg_t	reg_t
model_decision	h ʊ k	h ʊ k t	h ʊ k t	l ʊ k	l ʊ k t	l ʊ k t	h ʊ k t	1	1	reg_t	reg_t	reg_t
model_decision	p ɛ ɡ	p ɛ ɡ d	p ɛ ɡ d	p ɛ n	p ɛ n d	p ɛ n d	p ɛ ɡ d	1	1	reg_d	reg_d	reg_d
model_decision	f l o ʊ t	f l o ʊ t ə d	f l o ʊ t	b ɛ t	b ɛ t	b ɛ t	f l o ʊ t	1	0	reg_əd	no_change	no_change
model_decision	s p ɛ n d	s p ɛ n t	s p ɛ n d ə d	b l ɛ n d	b l ɛ n d ə d	b l ɛ n d ə d	s p ɛ n d ə d	1	0	coda_change	reg_əd	reg_əd
model_decision	s æ n d	s æ n d ə d	s æ n d ə d	b æ n d	b æ n d ə d	b æ n d ə d	s æ n d ə d	1	1	reg_əd	reg_əd	reg_əd
model_decision	o ʊ n	o ʊ n d	o ʊ n d	p ɛ n	p ɛ n d	p ɛ n d	o ʊ n d	1	1	reg_d	reg_d	reg_d
model_decision	m e ɪ l	m e ɪ l d	m e ɪ l d	f e ɪ l	f e ɪ l d	f e ɪ l d	m e ɪ l d	1	1	reg_d	reg_d	reg_d
model_decision	ə n t a ɪ	ə n t a ɪ d	ə n t a ɪ d	o ʊ b e ɪ	o ʊ b e ɪ d	o ʊ b e ɪ d	ə n t a ɪ d	1	1	reg_d	reg_d	reg_d
model_decision	ɡ r iː s	ɡ r iː s t	ɡ r iː s t	r e ɪ s	r e ɪ s t	r e ɪ s t	ɡ r iː s t	1	1	reg_t	reg_t	reg_t
model_decision	p r ə t ɛ k t	p r ə t ɛ k t ə d	p r ə t ɛ k t ə d	p r ɑː d͡ʒ ɛ k t	p r ɑː d͡ʒ ɛ k t ə d	p r ɑː d͡ʒ ɛ k t ə d	p r ə t ɛ k t ə d	1	1	reg_əd	reg_əd	reg_əd
model_decision	r e ɪ d iː o ʊ	r e ɪ d iː o ʊ d	r e ɪ d iː d iː d	m o ʊ n	m o ʊ n d	m o ʊ n d	r e ɪ d iː o ʊ d	0	1	reg_d	other	reg_d
model_decision	d ɪ v a ɪ d	d ɪ v a ɪ d ə d	d ɪ v a ɪ d ə d	d ɪ m æ n d	d ɪ m æ n d ə d	d ɪ m æ n d ə d	d ɪ v a ɪ d ə d	1	1	reg_əd	reg_əd	reg_əd
model_decision	t o ʊ	t o ʊ d	t o ʊ d	ʃ o ʊ	ʃ o ʊ d	ʃ o ʊ d	t o ʊ d	1	1	reg_d	reg_d	reg_d
model_decision	t r æ n z m ɪ t	t r æ n z m ɪ t ə d	t r æ n z m ɪ t ə d	s ʌ f ə k e ɪ t	s ʌ f ə k e ɪ t ə d	s ʌ f ə k e ɪ t ə d	t r æ n z m ɪ t ə d	1	1	reg_əd	reg_əd	reg_əd
model_decision	b æ t	b æ t ə d	b æ t ə d	p æ t	p æ t ə d	p æ t ə d	b æ t ə d	1	1	reg_əd	reg_əd	reg_əd
model_decision	w e ɪ	w e ɪ d	w e ɪ d	ʃ a ɪ	ʃ a ɪ d	ʃ a ɪ d	w e ɪ d	1	1	reg_d	reg_d	reg_d
model_decision	k l iː r	k l iː r d	k l iː r d	s m iː r	s m iː r d	s m iː r d	k l iː r d	1	1	reg_d	reg_d	reg_d
model_decision	ɛ n t͡ʃ æ n t	ɛ n t͡ʃ æ n t ə d	ɛ n t͡ʃ æ n t ə d	k l ɑː z ə t	k l ɑː z ə t ə d	k l ɑː z ə t ə d	ɛ n t͡ʃ æ n t ə d	1	1	reg_əd	reg_əd	reg_əd
model_decision	ə d r ɛ s	ə d r ɛ s t	ə d r ɛ s t	r ɪ s ɛ s	r ɪ s ɛ s t	r ɪ s ɛ s t	ə d r ɛ s t	1	1	reg_t	reg_t	reg_t
model_decision	s m ʌ d͡ʒ	s m ʌ d͡ʒ d	s m ʌ d͡ʒ d	s p ʌ n d͡ʒ	s p ʌ n d͡ʒ d	s p ʌ n d͡ʒ d	s m ʌ d͡ʒ d	1	1	reg_d	reg_d	reg_d
model_decision	d r e ɪ p	d r e ɪ p t	d r e ɪ p t	s t ɑː m p	s t ɑː m p t	s t ɑː m p t	d r e ɪ p t	1	1	reg_t	reg_t	reg_t
model_decision	d ɪ p	d ɪ p t	d ɪ p t	t ɪ p	t ɪ p t	t ɪ p t	d ɪ p t	1	1	reg_t	reg_t	reg_t
model_decision	ə s o ʊ s iː e ɪ t	ə s o ʊ s iː e ɪ t ə d	ə s o ʊ s iː e ɪ t ə d	ə p r iː ʃ iː e ɪ t	ə p r iː ʃ iː e ɪ t ə d	ə p r iː ʃ iː e ɪ t ə d	ə s o ʊ s iː e ɪ t ə d	1	1	reg_əd	reg_əd	reg_əd
model_decision	s ɪ ŋ k	s æ ŋ k	s ɪ ŋ k t	w ɪ ŋ k	w ɪ ŋ k t	w ɪ ŋ k t	s ɪ ŋ k t	1	0	vowel_change	reg_t	reg_t
model_decision	p iː l	p iː l d	p iː l d	s iː l	s iː l d	s iː l d	p iː l d	1	1	reg_d	reg_d	reg_d
model_decision	ɪ k s ɛ p t	ɪ k s ɛ p t ə d	ɪ k s ɛ p t ə d	ɪ n v ɛ n t	ɪ n v ɛ n t ə d	ɪ n v ɛ n t ə d	ɪ k s ɛ p t ə d	1	1	reg_əd	reg_əd	reg_əd
model_decision	f r a ʊ n	f r a ʊ n d	f r a ʊ n d	b r a ʊ n	b r a ʊ n d	b r a ʊ n d	f r a ʊ n d	1	1	reg_d	reg_d	reg_d
model_decision	s p r ɛ d	s p r ɛ d	s p r ɛ d ə d	ʃ r ɛ d	ʃ r ɛ d ə d	ʃ r ɛ d ə d	s p r ɛ d ə d	1	0	no_change	reg_əd	reg_əd
model_decision	f l ɪ p	f l ɪ p t	f l ɪ p t	s l ɪ p	s l ɪ p t	s l ɪ p t	f l ɪ p t	1	1	reg_t	reg_t	reg_t
model_decision	m ʌ ʃ r uː m	m ʌ ʃ r uː m d	m ʌ ʃ r uː m d	r iː n e ɪ m	r iː n e ɪ m d	r iː n e ɪ m d	m ʌ ʃ r uː m d	1	1	reg_d	reg_d	reg_d
model_decision	r iː d uː	r iː d ɪ d	r iː d ɪ d	ə n d uː	ə n d ɪ d	ə n d ɪ d	r iː d ɪ d	1	1	vowel_change_suffix	vowel_change_suffix	vowel_change_suffix
model_decision	ɡ æ s p	ɡ æ s p t	ɡ æ s p t	s n æ p	s n æ p t	s n æ p t	ɡ æ s p t	1	1	reg_t	reg_t	reg_t
model_decision	t ɛ r ə r a ɪ z	t ɛ r ə r a ɪ z d	t ɛ r ə r a ɪ z d	s ɪ v ə l a ɪ z	s ɪ v ə l a ɪ z d	s ɪ v ə l a ɪ z d	t ɛ r ə r a ɪ z d	1	1	reg_d	reg_d	reg_d
model_decision	b ʊ t͡ʃ ɹ̩	b ʊ t͡ʃ ɹ̩ d	b ʊ t͡ʃ ɹ̩ d	m ɛ ʒ ɹ̩	m ɛ ʒ ɹ̩ d	m ɛ ʒ ɹ̩ d	b ʊ t͡ʃ ɹ̩ d	1	1	reg_d	reg_d	reg_d
model_decision	m ə n ɪ p j ə l e ɪ t	m ə n ɪ p j ə l e ɪ t ə d	m ə n ə l d	ɪ r ɪ t e ɪ t	ɪ r ɪ t e ɪ t ə d	ɪ r ɪ t e ɪ t ə d	m ə n ɪ p j ə l e ɪ t ə d	0	1	reg_əd	other	reg_əd
model_decision	d r ʌ ɡ	d r ʌ ɡ d	d r ʌ ɡ d	ʃ r ʌ ɡ	ʃ r ʌ ɡ d	ʃ r ʌ ɡ d	d r ʌ ɡ d	1	1	reg_d	reg_d	reg_d
model_decision	s l a ɪ s	s l a ɪ s t	s l a ɪ s t	b r e ɪ s	b r e ɪ s t	b r e ɪ s t	s l a ɪ s t	1	1	reg_t	reg_t	reg_t
model_decision	s ɹ̩ a ʊ n d	s ɹ̩ a ʊ n d ə d	s ɹ̩ a ʊ n d ə d	ɡ r a ʊ n d	ɡ r a ʊ n d ə d	ɡ r a ʊ n d ə d	s ɹ̩ a ʊ n d ə d	1	1	reg_əd	reg_əd	reg_əd
model_decision	s k r ɪ b ə l	s k r ɪ b ə l d	s k r ɪ b ə l d	s t r æ d ə l	s t r æ d ə l d	s t r æ d ə l d	s k r ɪ b ə l d	1	1	reg_d	reg_d	reg_d
model_decision	ɡ r iː n	ɡ r iː n d	ɡ r iː n d	k l iː n	k l iː n d	k l iː n d	ɡ r iː n d	1	1	reg_d	reg_d	reg_d
model_decision	s k w ɹ̩ t	s k w ɹ̩ t ə d	s k w ɹ̩ t	k a ʊ n t	k a ʊ n t ə d	k a ʊ n t ə d	s k w ɹ̩ t ə d	0	1	reg_əd	no_change	reg_əd
model_decision	k ə n ɛ k t	k ə n ɛ k t ə d	k ə n ɛ k t ə d	k ə l ɛ k t	k ə l ɛ k t ə d	k ə l ɛ k t ə d	k ə n ɛ k t ə d	1	1	reg_əd	reg_əd	reg_əd
model_decision	ɡ r ɪ l	ɡ r ɪ l d	ɡ r ɪ l d	d r ɪ l	d r ɪ l d	d r ɪ l d	ɡ r ɪ l d	1	1	reg_d	reg_d	reg_d
model_decision	k ə n s ɪ d ɹ̩	k ə n s ɪ d ɹ̩ d	k ə n s ɪ d ɹ̩ d	r iː k w a ɪ ɹ̩	r iː k w a ɪ ɹ̩ d	r iː k w a ɪ ɹ̩ d	k ə n s ɪ d ɹ̩ d	1	1	reg_d	reg_d	reg_d
model_decision	k ɹ̩ l	k ɹ̩ l d	k ɹ̩ l d	k ɪ l	k ɪ l d	k ɪ l d	k ɹ̩ l d	1	1	reg_d	reg_d	reg_d
model_decision	ɔ θ ɹ̩	ɔ θ ɹ̩ d	ɔ ɹ̩ d ə d	h æ ŋ	h ʌ ŋ	h ʌ ŋ	NA	0	0	reg_d	other	vowel_change
model_decision	f l ʌ ʃ	f l ʌ ʃ t	f l ʌ ʃ t	b l ʌ ʃ	b l ʌ ʃ t	b l ʌ ʃ t	f l ʌ ʃ t	1	1	reg_t	reg_t	reg_t
model_decision	f l a ʊ n d ɹ̩	f l a ʊ n d ɹ̩ d	f l a ʊ n d ɹ̩ d	s p l ɪ n t ɹ̩	s p l ɪ n t ɹ̩ d	s p l ɪ n t ɹ̩ d	f l a ʊ n d ɹ̩ d	1	1	reg_d	reg_d	reg_d
model_decision	d a ɪ v	d o ʊ v	d a ɪ v d	s e ɪ v	s e ɪ v d	s e ɪ v d	d a ɪ v d	1	0	vowel_change	reg_d	reg_d
model_decision	ɔ r ɡ ə n a ɪ z	ɔ r ɡ ə n a ɪ z d	ɔ r ɡ ə n a ɪ z d	s ɪ v ə l a ɪ z	s ɪ v ə l a ɪ z d	s ɪ v ə l a ɪ z d	ɔ r ɡ ə n a ɪ z d	1	1	reg_d	reg_d	reg_d
model_decision	ə r a ɪ v	ə r a ɪ v d	ə r a ɪ v d	w e ɪ v	w e ɪ v d	w e ɪ v d	ə r a ɪ v d	1	1	reg_d	reg_d	reg_d
model_decision	n æ p	n æ p t	n æ p t	t æ p	t æ p t	t æ p t	n æ p t	1	1	reg_t	reg_t	reg_t
model_decision	l iː n	l iː n d	l ɛ n	l iː f	l ɛ f t	l iː f t	NA	0	0	reg_d	vowel_change	vowel_change_suffix
model_decision	ɪ n v ɑː l v	ɪ n v ɑː l v d	ɪ n v ɑː l v d	d ɪ z ɑː l v	d ɪ z ɑː l v d	d ɪ z ɑː l v d	ɪ n v ɑː l v d	1	1	reg_d	reg_d	reg_d
model_decision	s n ɪ f	s n ɪ f t	s n ɪ f t	n a ɪ f	n a ɪ f t	n a ɪ f t	s n ɪ f t	1	1	reg_t	reg_t	reg_t
model_decision	ɪ n ɡ e ɪ d͡ʒ	ɪ n ɡ e ɪ d͡ʒ d	ɪ n ɡ e ɪ d͡ʒ d	ɛ n k ɹ̩ ɪ d͡ʒ	ɛ n k ɹ̩ ɪ d͡ʒ d	ɛ n k ɹ̩ ɪ d͡ʒ d	ɪ n ɡ e ɪ d͡ʒ d	1	1	reg_d	reg_d	reg_d
model_decision	f a ɪ n	f a ɪ n d	f ɔ t	f a ɪ l	f ɔ t	f a ɪ l d	NA	0	0	reg_d	rhyme_replaced	rhyme_replaced
model_decision	d æ m	d æ m d	d æ m d	d͡ʒ æ m	d͡ʒ æ m d	d͡ʒ æ m d	d æ m d	1	1	reg_d	reg_d	reg_d
model_decision	a ɪ s	a ɪ s t	a ɪ s t	b ɑː s	b ɑː s t	b ɑː s t	a ɪ s t	1	1	reg_t	reg_t	reg_t
model_decision	s t ʌ n	s t ʌ n d	s t ʌ n d	t o ʊ n	t o ʊ n d	t o ʊ n d	s t ʌ n d	1	1	reg_d	reg_d	reg_d
model_decision	d ɛ r	d ɛ r d	d ɛ r d	f ɛ r	f ɛ r d	f ɛ r d	d ɛ r d	1	1	reg_d	reg_d	reg_d
model_decision	t iː z	t iː z d	t ɔ z d	t iː m	t ɔ m d	t iː m d	NA	0	0	reg_d	vowel_change_suffix	vowel_change_suffix
model_decision	f ʌ m b ə l	f ʌ m b ə l d	f ʌ m b ə l d	r ʌ m b ə l	r ʌ m b ə l d	r ʌ m b ə l d	f ʌ m b ə l d	1	1	reg_d	reg_d	reg_d
model_decision	b ʌ n t͡ʃ	b ʌ n t͡ʃ t	b ʌ n t͡ʃ t	m ʌ n t͡ʃ	m ʌ n t͡ʃ t	m ʌ n t͡ʃ t	b ʌ n t͡ʃ t	1	1	reg_t	reg_t	reg_t
model_decision	r ɪ p iː t	r ɪ p iː t ə d	r ɪ p iː t ə d	d ɪ l iː t	d ɪ l iː t ə d	d ɪ l iː t ə d	r ɪ p iː t ə d	1	1	reg_əd	reg_əd	reg_əd
model_decision	s k r e ɪ p	s k r e ɪ p t	s k r e ɪ p t	s t r a ɪ p	s t r a ɪ p t	s t r a ɪ p t	s k r e ɪ p t	1	1	reg_t	reg_t	reg_t
model_decision	ə d͡ʒ ʌ s t	ə d͡ʒ ʌ s t ə d	ə d͡ʒ ʌ s t ə d	ɡ r ʌ n t	ɡ r ʌ n t ə d	ɡ r ʌ n t ə d	ə d͡ʒ ʌ s t ə d	1	1	reg_əd	reg_əd	reg_əd
model_decision	r ɔ ŋ	r ɔ ŋ d	r ɔ ŋ d	l ɔ ŋ	l ɔ ŋ d	l ɔ ŋ d	r ɔ ŋ d	1	1	reg_d	reg_d	reg_d
model_decision	b ɛ ɡ	b ɛ ɡ d	b ɛ ɡ d	b ʌ ɡ	b ʌ ɡ d	b ʌ ɡ d	b ɛ ɡ d	1	1	reg_d	reg_d	reg_d
model_decision	w iː l	w iː l d	w iː l d	s iː l	s iː l d	s iː l d	w iː l d	1	1	reg_d	reg_d	reg_d
model_decision	d͡ʒ ʌ d͡ʒ	d͡ʒ ʌ d͡ʒ d	d͡ʒ ʌ d͡ʒ d	f ʌ d͡ʒ	f ʌ d͡ʒ d	f ʌ d͡ʒ d	d͡ʒ ʌ d͡ʒ d	1	1	reg_d	reg_d	reg_d
model_decision	t͡ʃ æ n ə l	t͡ʃ æ n ə l d	t͡ʃ æ n ə l d	d͡ʒ ʌ ɡ ə l	d͡ʒ ʌ ɡ ə l d	d͡ʒ ʌ ɡ ə l d	t͡ʃ æ n ə l d	1	1	reg_d	reg_d	reg_d
model_decision	f r ɔ s t	f r ɔ s t ə d	f r ɔ s t ə d	s p ɔ r t	s p ɔ r t ə d	s p ɔ r t ə d	f r ɔ s t ə d	1	1	reg_əd	reg_əd	reg_əd
model_decision	r uː l	r uː l d	r uː l d	f uː l	f uː l d	f uː l d	r uː l d	1	1	reg_d	reg_d	reg_d
model_decision	t æ k ə l	t æ k ə l d	t æ k ə l d	t ɪ k ə l	t ɪ k ə l d	t ɪ k ə l d	t æ k ə l d	1	1	reg_d	reg_d	reg_d
model_decision	t æ ŋ ɡ ə l	t æ ŋ ɡ ə l d	t æ ŋ ɡ ə l d	t r æ v ə l	t r æ v ə l d	t r æ v ə l d	t æ ŋ ɡ ə l d	1	1	reg_d	reg_d	reg_d
model_decision	b ʌ t ɹ̩	b ʌ t ɹ̩ d	b ʌ t ɹ̩ d	b ɛ t ɹ̩	b ɛ t ɹ̩ d	b ɛ t ɹ̩ d	b ʌ t ɹ̩ d	1	1	reg_d	reg_d	reg_d
model_decision	b l æ k	b l æ k t	b l æ k t	t r æ k	t r æ k t	t r æ k t	b l æ k t	1	1	reg_t	reg_t	reg_t
model_decision	s p e ɪ s	s p e ɪ s t	s p e ɪ s t	b r e ɪ s	b r e ɪ s t	b r e ɪ s t	s p e ɪ s t	1	1	reg_t	reg_t	reg_t
model_decision	p r ɪ z uː m	p r ɪ z uː m d	p r ɪ z uː m d	r iː n e ɪ m	r iː n e ɪ m d	r iː n e ɪ m d	p r ɪ z uː m d	1	1	reg_d	reg_d	reg_d
model_decision	k ə n k l uː d	k ə n k l uː d ə d	k ə n k l uː d ə d	r iː m a ɪ n d	r iː m a ɪ n d ə d	r iː m a ɪ n d ə d	k ə n k l uː d ə d	1	1	reg_əd	reg_əd	reg_əd
model_decision	p a ʊ t	p a ʊ t ə d	p a ʊ t ə d	ʃ a ʊ t	ʃ a ʊ t ə d	ʃ a ʊ t ə d	p a ʊ t ə d	1	1	reg_əd	reg_əd	reg_əd
model_decision	ə n l o ʊ d	ə n l o ʊ d ə d	ə n l o ʊ d ə d	k ə l a ɪ d	k ə l a ɪ d ə d	k ə l a ɪ d ə d	ə n l o ʊ d ə d	1	1	reg_əd	reg_əd	reg_əd
model_decision	ə b d͡ʒ ɛ k t	ə b d͡ʒ ɛ k t ə d	ə b d͡ʒ ɛ k t ə d	k ə l ɛ k t	k ə l ɛ k t ə d	k ə l ɛ k t ə d	ə b d͡ʒ ɛ k t ə d	1	1	reg_əd	reg_əd	reg_əd
model_decision	d o ʊ z	d o ʊ z d	d o ʊ z d	h a ʊ z	h a ʊ z d	h a ʊ z d	d o ʊ z d	1	1	reg_d	reg_d	reg_d
model_decision	s t æ b	s t æ b d	s t æ b d	ɡ r æ b	ɡ r æ b d	ɡ r æ b d	s t æ b d	1	1	reg_d	reg_d	reg_d
model_decision	t r æ n s k r a ɪ b	t r æ n s k r a ɪ b d	t r æ n s k r a ɪ t ə d	s k w ɑː ʃ	s k w ɑː ʃ t	s k w ɑː ʃ t	t r æ n s k r a ɪ b t	0	0	reg_d	other	reg_t
model_decision	r iː ɹ̩ e ɪ n d͡ʒ	r iː ɹ̩ e ɪ n d͡ʒ d	r iː ɹ̩ e ɪ n d͡ʒ d	æ k n ɑː l ɪ d͡ʒ	æ k n ɑː l ɪ d͡ʒ d	æ k n ɑː l ɪ d͡ʒ d	r iː ɹ̩ e ɪ n d͡ʒ d	1	1	reg_d	reg_d	reg_d
model_decision	ɛ n d͡ʒ ə n iː r	ɛ n d͡ʒ ə n iː r d	ɛ n d͡ʒ ə n iː r d	ɪ k s p l ɔ r	ɪ k s p l ɔ r d	ɪ k s p l ɔ r d	ɛ n d͡ʒ ə n iː r d	1	1	reg_d	reg_d	reg_d
model_decision	ɡ r e ɪ z	ɡ r e ɪ z d	ɡ r e ɪ z d	b r a ʊ z	b r a ʊ z d	b r a ʊ z d	ɡ r e ɪ z d	1	1	reg_d	reg_d	reg_d
model_decision	k ɑː l ɹ̩	k ɑː l ɹ̩ d	k ɑː l ɹ̩ d	k ʌ l ɹ̩	k ʌ l ɹ̩ d	k ʌ l ɹ̩ d	k ɑː l ɹ̩ d	1	1	reg_d	reg_d	reg_d
model_decision	k o ʊ k s	k o ʊ k s t	k o ʊ k s t	w æ k s	w æ k s t	w æ k s t	k o ʊ k s t	1	1	reg_t	reg_t	reg_t
model_decision	n ʌ k ə l	n ʌ k ə l d	n ʌ k ə l d	b ʌ k ə l	b ʌ k ə l d	b ʌ k ə l d	n ʌ k ə l d	1	1	reg_d	reg_d	reg_d
model_decision	ɪ n v ɛ s t ə ɡ e ɪ t	ɪ n v ɛ s t ə ɡ e ɪ t ə d	ɪ n v ɛ s t ə ɡ t ə d	d ɪ m ɑː l ɪ ʃ	d ɪ m ɑː l ɪ ʃ t	d ɪ m ɑː l ɪ ʃ t	ɪ n v ɛ s t ə ɡ e ɪ t t	0	0	reg_əd	other	reg_t
model_decision	t͡ʃ ɑː r d͡ʒ	t͡ʃ ɑː r d͡ʒ d	t͡ʃ ɑː r d͡ʒ d	ɡ a ʊ d͡ʒ	ɡ a ʊ d͡ʒ d	ɡ a ʊ d͡ʒ d	t͡ʃ ɑː r d͡ʒ d	1	1	reg_d	reg_d	reg_d
model_decision	s p ɑː t	s p ɑː t ə d	s p ɑː t ə d	p ɑː r t	p ɑː r t ə d	p ɑː r t ə d	s p ɑː t ə d	1	1	reg_əd	reg_əd	reg_əd
model_decision	d r a ʊ n	d r a ʊ n d	d r a ʊ n d	b r a ʊ n	b r a ʊ n d	b r a ʊ n d	d r a ʊ n d	1	1	reg_d	reg_d	reg_d
model_decision	f l ɪ k ɹ̩	f l ɪ k ɹ̩ d	f l ɪ k ɹ̩ d	t r ɪ ɡ ɹ̩	t r ɪ ɡ ɹ̩ d	t r ɪ ɡ ɹ̩ d	f l ɪ k ɹ̩ d	1	1	reg_d	reg_d	reg_d
model_decision	h ɑː r d ə n	h ɑː r d ə n d	h ɑː r d ə n d	p ɑː r d ə n	p ɑː r d ə n d	p ɑː r d ə n d	h ɑː r d ə n d	1	1	reg_d	reg_d	reg_d
model_decision	f l æ t ɹ̩	f l æ t ɹ̩ d	f l æ t ɹ̩ d	f l ʌ t ɹ̩	f l ʌ t ɹ̩ d	f l ʌ t ɹ̩ d	f l æ t ɹ̩ d	1	1	reg_d	reg_d	reg_d
model_decision	w ɑː b ə l	w ɑː b ə l d	w ɑː b ə l d	w ɑː f ə l	w ɑː f ə l d	w ɑː f ə l d	w ɑː b ə l d	1	1	reg_d	reg_d	reg_d
model_decision	l iː k	l iː k t	l ɛ k t	l iː f	l ɛ f t	l iː f t	NA	0	0	reg_t	vowel_change_suffix	vowel_change_suffix
model_decision	t a ɪ p	t a ɪ p t	t a ɪ p t	p a ɪ p	p a ɪ p t	p a ɪ p t	t a ɪ p t	1	1	reg_t	reg_t	reg_t
model_decision	k ɑː m p l ə m ɛ n t	k ɑː m p l ə m ɛ n t ə d	k ɑː m p l ə m ɛ m t ə d	m e ɪ k	m e ɪ d	m e ɪ d	NA	0	0	reg_əd	other	coda_change
model_decision	ɪ n t ɹ̩ m ɪ k s	ɪ n t ɹ̩ m ɪ k s t	ɪ n t ɹ̩ m ɪ k s t	p r ə n a ʊ n s	p r ə n a ʊ n s t	p r ə n a ʊ n s t	ɪ n t ɹ̩ m ɪ k s t	1	1	reg_t	reg_t	reg_t
model_decision	n o ʊ z	n o ʊ z d	n o ʊ z d	h a ʊ z	h a ʊ z d	h a ʊ z d	n o ʊ z d	1	1	reg_d	reg_d	reg_d
model_decision	ɪ n f ɔ r m	ɪ n f ɔ r m d	ɪ n f ɔ r m d	p ɹ̩ f ɔ r m	p ɹ̩ f ɔ r m d	p ɹ̩ f ɔ r m d	ɪ n f ɔ r m d	1	1	reg_d	reg_d	reg_d
model_decision	s p a ɪ s	s p a ɪ s t	s p a ɪ s t	b r e ɪ s	b r e ɪ s t	b r e ɪ s t	s p a ɪ s t	1	1	reg_t	reg_t	reg_t
model_decision	h ɔ l	h ɔ l d	h ɔ l d	ɔ ɪ l	ɔ ɪ l d	ɔ ɪ l d	h ɔ l d	1	1	reg_d	reg_d	reg_d
model_decision	d ɑː d͡ʒ	d ɑː d͡ʒ d	d ɑː d͡ʒ d	b ʌ d͡ʒ	b ʌ d͡ʒ d	b ʌ d͡ʒ d	d ɑː d͡ʒ d	1	1	reg_d	reg_d	reg_d
model_decision	s a ɪ	s a ɪ d	s a ɪ d	ʃ a ɪ	ʃ a ɪ d	ʃ a ɪ d	s a ɪ d	1	1	reg_d	reg_d	reg_d
model_decision	s ɛ n t ɹ̩	s ɛ n t ɹ̩ d	s ɛ n t ɹ̩ d	w ɪ n t ɹ̩	w ɪ n t ɹ̩ d	w ɪ n t ɹ̩ d	s ɛ n t ɹ̩ d	1	1	reg_d	reg_d	reg_d
model_decision	p æ t͡ʃ	p æ t͡ʃ t	p æ t͡ʃ t	m æ t͡ʃ	m æ t͡ʃ t	m æ t͡ʃ t	p æ t͡ʃ t	1	1	reg_t	reg_t	reg_t
model_decision	f ɔ r w ɹ̩ d	f ɔ r w ɹ̩ d ə d	f ɔ r w ɹ̩ d ə d	s k o ʊ l d	s k o ʊ l d ə d	s k o ʊ l d ə d	f ɔ r w ɹ̩ d ə d	1	1	reg_əd	reg_əd	reg_əd
model_decision	s t iː r	s t iː r d	s t iː r d	ə p iː r	ə p iː r d	ə p iː r d	s t iː r d	1	1	reg_d	reg_d	reg_d
model_decision	k ə n d ɛ n s	k ə n d ɛ n s t	k ə n d ɛ n s t	k ə n v ɪ n s	k ə n v ɪ n s t	k ə n v ɪ n s t	k ə n d ɛ n s t	1	1	reg_t	reg_t	reg_t
model_decision	b e ɪ ð	b e ɪ ð d	b e ɪ ð d	b r iː ð	b r iː ð d	b r iː ð d	b e ɪ ð d	1	1	reg_d	reg_d	reg_d
model_decision	b ɔ l	b ɔ l d	b ɔ l d	k ɔ l	k ɔ l d	k ɔ l d	b ɔ l d	1	1	reg_d	reg_d	reg_d
model_decision	k l ɪ k	k l ɪ k t	k l ɪ k t	f e ɪ k	f e ɪ k t	f e ɪ k t	k l ɪ k t	1	1	reg_t	reg_t	reg_t
model_decision	t r ɪ m	t r ɪ m d	t r ɪ m d	t a ɪ m	t a ɪ m d	t a ɪ m d	t r ɪ m d	1	1	reg_d	reg_d	reg_d
model_decision	d͡ʒ ɹ̩ k	d͡ʒ ɹ̩ k t	d͡ʒ ɹ̩ k t	s ɑː k	s ɑː k t	s ɑː k t	d͡ʒ ɹ̩ k t	1	1	reg_t	reg_t	reg_t
model_decision	r iː b ɪ l d	r iː b ɪ l t	r iː b ɪ l d ə d	p r ɪ s iː d	p r ɪ s iː d ə d	p r ɪ s iː d ə d	r iː b ɪ l d ə d	1	0	coda_change	reg_əd	reg_əd
model_decision	h ɹ̩ d	h ɹ̩ d ə d	h ɹ̩ d ə d	n iː d	n iː d ə d	n iː d ə d	h ɹ̩ d ə d	1	1	reg_əd	reg_əd	reg_əd
model_decision	θ ʌ n d ɹ̩	θ ʌ n d ɹ̩ d	θ ʌ n d ɹ̩ d	w ɑː n d ɹ̩	w ɑː n d ɹ̩ d	w ɑː n d ɹ̩ d	θ ʌ n d ɹ̩ d	1	1	reg_d	reg_d	reg_d
model_decision	ə p r o ʊ p r iː e ɪ t	ə p r o ʊ p r iː e ɪ t ə d	ə p r d	ɪ n t ɹ̩ f ɪ r	ɪ n t ɹ̩ f ɪ r d	ɪ n t ɹ̩ f ɪ r d	ə p r o ʊ p r iː e ɪ t d	0	0	reg_əd	other	reg_d
model_decision	k ʌ m f ɹ̩ t	k ʌ m f ɹ̩ t ə d	k ʌ m f ɹ̩ t ə d	k ə l ɛ k t	k ə l ɛ k t ə d	k ə l ɛ k t ə d	k ʌ m f ɹ̩ t ə d	1	1	reg_əd	reg_əd	reg_əd
model_decision	r ɪ l e ɪ t	r ɪ l e ɪ t ə d	r ɪ l e ɪ t ə d	r ɪ z ɪ s t	r ɪ z ɪ s t ə d	r ɪ z ɪ s t ə d	r ɪ l e ɪ t ə d	1	1	reg_əd	reg_əd	reg_əd
model_decision	w a ɪ ɹ̩	w a ɪ ɹ̩ d	w a ɪ ɹ̩ d	t a ɪ ɹ̩	t a ɪ ɹ̩ d	t a ɪ ɹ̩ d	w a ɪ ɹ̩ d	1	1	reg_d	reg_d	reg_d
model_decision	ɛ k s ɹ̩ s a ɪ z	ɛ k s ɹ̩ s a ɪ z d	ɛ k s ɹ̩ s a ɪ z d	ɛ m f ə s a ɪ z	ɛ m f ə s a ɪ z d	ɛ m f ə s a ɪ z d	ɛ k s ɹ̩ s a ɪ z d	1	1	reg_d	reg_d	reg_d
model_decision	k r ʌ m p ə l	k r ʌ m p ə l d	k r ʌ m p ə l d	k r ʌ m b ə l	k r ʌ m b ə l d	k r ʌ m b ə l d	k r ʌ m p ə l d	1	1	reg_d	reg_d	reg_d
model_decision	ɪ ɡ z æ m ɪ n	ɪ ɡ z æ m ɪ n d	ɪ ɡ z æ m ɪ n d	d ɪ t ɹ̩ m ə n	d ɪ t ɹ̩ m ə n d	d ɪ t ɹ̩ m ə n d	ɪ ɡ z æ m ɪ n d	1	1	reg_d	reg_d	reg_d
model_decision	ʃ ɑː p	ʃ ɑː p t	ʃ ɑː p t	t͡ʃ ɑː p	t͡ʃ ɑː p t	t͡ʃ ɑː p t	ʃ ɑː p t	1	1	reg_t	reg_t	reg_t
model_decision	k ɔ r ə l e ɪ t	k ɔ r ə l e ɪ t ə d	k ɔ r ə l e ɪ t ə d	s ʌ f ə k e ɪ t	s ʌ f ə k e ɪ t ə d	s ʌ f ə k e ɪ t ə d	k ɔ r ə l e ɪ t ə d	1	1	reg_əd	reg_əd	reg_əd
model_decision	k ə m b a ɪ n	k ə m b a ɪ n d	k ə m b a ɪ n d	k ə n t e ɪ n	k ə n t e ɪ n d	k ə n t e ɪ n d	k ə m b a ɪ n d	1	1	reg_d	reg_d	reg_d
model_decision	b ʌ k	b ʌ k t	b ʌ k t	s ʌ k	s ʌ k t	s ʌ k t	b ʌ k t	1	1	reg_t	reg_t	reg_t
model_decision	ə p r o ʊ t͡ʃ	ə p r o ʊ t͡ʃ t	ə p r o ʊ t͡ʃ t	r ɛ n t͡ʃ	r ɛ n t͡ʃ t	r ɛ n t͡ʃ t	ə p r o ʊ t͡ʃ t	1	1	reg_t	reg_t	reg_t
model_decision	s t ɔ k	s t ɔ k t	s t ɔ k t	ʃ r iː k	ʃ r iː k t	ʃ r iː k t	s t ɔ k t	1	1	reg_t	reg_t	reg_t
model_decision	k r iː e ɪ t	k r iː e ɪ t ə d	k r iː e ɪ t ə d	p a ɪ l ə t	p a ɪ l ə t ə d	p a ɪ l ə t ə d	k r iː e ɪ t ə d	1	1	reg_əd	reg_əd	reg_əd
model_decision	n e ɪ l	n e ɪ l d	n e ɪ l d	d͡ʒ e ɪ l	d͡ʒ e ɪ l d	d͡ʒ e ɪ l d	n e ɪ l d	1	1	reg_d	reg_d	reg_d
model_decision	r ə f ɹ̩	r ə f ɹ̩ d	r ə f ɹ̩ d	s ʌ f ɹ̩	s ʌ f ɹ̩ d	s ʌ f ɹ̩ d	r ə f ɹ̩ d	1	1	reg_d	reg_d	reg_d
model_decision	s p ɑː r k	s p ɑː r k t	s p ɑː r k t	s p æ ŋ k	s p æ ŋ k t	s p æ ŋ k t	s p ɑː r k t	1	1	reg_t	reg_t	reg_t
model_decision	h o ʊ l	h o ʊ l d	h o ʊ l d	b o ʊ l	b o ʊ l d	b o ʊ l d	h o ʊ l d	1	1	reg_d	reg_d	reg_d
model_decision	f ɪ d ə l	f ɪ d ə l d	f ɪ d ə l d	r æ t ə l	r æ t ə l d	r æ t ə l d	f ɪ d ə l d	1	1	reg_d	reg_d	reg_d
model_decision	ʃ r ɪ ŋ k	ʃ r æ ŋ k	ʃ r æ ŋ k	d r ɪ ŋ k	d r æ ŋ k	d r æ ŋ k	ʃ r æ ŋ k	1	1	vowel_change	vowel_change	vowel_change
model_decision	b r a ɪ b	b r a ɪ b d	b r a ɪ b d	ɡ r æ b	ɡ r æ b d	ɡ r æ b d	b r a ɪ b d	1	1	reg_d	reg_d	reg_d
model_decision	w ɑː l o ʊ	w ɑː l o ʊ d	w ɑː l o ʊ d	b ɑː r o ʊ	b ɑː r o ʊ d	b ɑː r o ʊ d	w ɑː l o ʊ d	1	1	reg_d	reg_d	reg_d
model_decision	ɪ n t ɛ n d	ɪ n t ɛ n d ə d	ɪ n t ɛ n d ə d	ɪ n k l uː d	ɪ n k l uː d ə d	ɪ n k l uː d ə d	ɪ n t ɛ n d ə d	1	1	reg_əd	reg_əd	reg_əd
model_decision	s æ n ɪ t a ɪ z	s æ n ɪ t a ɪ z d	s æ n ɪ t a ɪ z d	s uː p ɹ̩ v a ɪ z	s uː p ɹ̩ v a ɪ z d	s uː p ɹ̩ v a ɪ z d	s æ n ɪ t a ɪ z d	1	1	reg_d	reg_d	reg_d
model_decision	s ɹ̩ t͡ʃ	s ɹ̩ t͡ʃ t	s ɹ̩ t͡ʃ t	w ɑː t͡ʃ	w ɑː t͡ʃ t	w ɑː t͡ʃ t	s ɹ̩ t͡ʃ t	1	1	reg_t	reg_t	reg_t
model_decision	v æ k j uː m	v æ k j uː m d	v æ k j uː m d	b l ɑː s ə m	b l ɑː s ə m d	b l ɑː s ə m d	v æ k j uː m d	1	1	reg_d	reg_d	reg_d
model_decision	p ɛ r	p ɛ r d	p ɛ r d	ʃ ɛ r	ʃ ɛ r d	ʃ ɛ r d	p ɛ r d	1	1	reg_d	reg_d	reg_d
model_decision	r ɪ d͡ʒ ɛ k t	r ɪ d͡ʒ ɛ k t ə d	r ɪ d͡ʒ ɛ k t ə d	r ɪ ɡ r ɛ t	r ɪ ɡ r ɛ t ə d	r ɪ ɡ r ɛ t ə d	r ɪ d͡ʒ ɛ k t ə d	1	1	reg_əd	reg_əd	reg_əd
model_decision	d a ɪ d͡ʒ ɛ s t	d a ɪ d͡ʒ ɛ s t ə d	d a ɪ d͡ʒ ɛ s t ə d	d a ɪ s ɛ k t	d a ɪ s ɛ k t ə d	d a ɪ s ɛ k t ə d	d a ɪ d͡ʒ ɛ s t ə d	1	1	reg_əd	reg_əd	reg_əd
model_decision	s ə b t r æ k t	s ə b t r æ k t ə d	s ə b t r æ k t ə d	d ɪ s t r æ k t	d ɪ s t r æ k t ə d	d ɪ s t r æ k t ə d	s ə b t r æ k t ə d	1	1	reg_əd	reg_əd	reg_əd
model_decision	ə n p æ k	ə n p æ k t	ə n p æ k t	s p æ ŋ k	s p æ ŋ k t	s p æ ŋ k t	ə n p æ k t	1	1	reg_t	reg_t	reg_t
model_decision	h iː l	h iː l d	h iː l d	s iː l	s iː l d	s iː l d	h iː l d	1	1	reg_d	reg_d	reg_d
model_decision	b ɔ ɪ l	b ɔ ɪ l d	b ɔ ɪ l d	s e ɪ l	s e ɪ l d	s e ɪ l d	b ɔ ɪ l d	1	1	reg_d	reg_d	reg_d
model_decision	ə n ɔ ɪ	ə n ɔ ɪ d	ə n ɔ ɪ d	f r a ɪ	f r a ɪ d	f r a ɪ d	ə n ɔ ɪ d	1	1	reg_d	reg_d	reg_d
model_decision	r iː s t r e ɪ n	r iː s t r e ɪ n d	r iː s t r e ɪ n d	ɪ k s p l e ɪ n	ɪ k s p l e ɪ n d	ɪ k s p l e ɪ n d	r iː s t r e ɪ n d	1	1	reg_d	reg_d	reg_d
model_decision	l æ p	l æ p t	l æ p t	r æ p	r æ p t	r æ p t	l æ p t	1	1	reg_t	reg_t	reg_t
model_decision	k w a ɪ ə t	k w a ɪ ə t ə d	k w a ɪ ə t ə d	k l ɑː z ə t	k l ɑː z ə t ə d	k l ɑː z ə t ə d	k w a ɪ ə t ə d	1	1	reg_əd	reg_əd	reg_əd
model_decision	s k iː	s k iː d	s k iː d	w ɹ̩ iː	w ɹ̩ iː d	w ɹ̩ iː d	s k iː d	1	1	reg_d	reg_d	reg_d
model_decision	s k a ʊ t	s k a ʊ t ə d	s k a ʊ t ə d	k a ʊ n t	k a ʊ n t ə d	k a ʊ n t ə d	s k a ʊ t ə d	1	1	reg_əd	reg_əd	reg_əd
model_decision	s k ɹ̩ iː	s k ɹ̩ iː d	s k ɹ̩ iː d	ə ɡ r iː	ə ɡ r iː d	ə ɡ r iː d	s k ɹ̩ iː d	1	1	reg_d	reg_d	reg_d
model_decision	ə s ɪ s t	ə s ɪ s t ə d	ə s ɪ s t ə d	f e ɪ n t	f e ɪ n t ə d	f e ɪ n t ə d	ə s ɪ s t ə d	1	1	reg_əd	reg_əd	reg_əd
model_decision	ɡ r uː p	ɡ r uː p t	ɡ r uː p t	d r uː p	d r uː p t	d r uː p t	ɡ r uː p t	1	1	reg_t	reg_t	reg_t
model_decision	r ʌ s t	r ʌ s t ə d	r ʌ s t ə d	r ɛ s t	r ɛ s t ə d	r ɛ s t ə d	r ʌ s t ə d	1	1	reg_əd	reg_əd	reg_əd
model_decision	h uː t	h uː t ə d	h uː t	h iː t	h iː t ə d	h iː t ə d	h uː t ə d	0	1	reg_əd	no_change	reg_əd
model_decision	d ɪ f iː t	d ɪ f iː t ə d	d ɪ f iː t ə d	d ɪ l iː t	d ɪ l iː t ə d	d ɪ l iː t ə d	d ɪ f iː t ə d	1	1	reg_əd	reg_əd	reg_əd
model_decision	p r ə l ɔ ŋ	p r ə l ɔ ŋ d	p r ə l ɔ ŋ t	p ɪ ŋ	p ɪ ŋ d	p ɪ ŋ d	p r ə l ɔ ŋ d	0	1	reg_d	reg_t	reg_d
model_decision	l ɪ s t	l ɪ s t	l ɪ s t ə d	l æ s t	l æ s t ə d	l æ s t ə d	l ɪ s t ə d	1	0	no_change	reg_əd	reg_əd
model_decision	p ɹ̩ s w e ɪ d	p ɹ̩ s w e ɪ d ə d	p ɹ̩ s w e ɪ d ə d	p r ə v a ɪ d	p r ə v a ɪ d ə d	p r ə v a ɪ d ə d	p ɹ̩ s w e ɪ d ə d	1	1	reg_əd	reg_əd	reg_əd
model_decision	k ə m p iː t	k ə m p iː t ə d	k ə m p iː t ə d	s ə d͡ʒ ɛ s t	s ə d͡ʒ ɛ s t ə d	s ə d͡ʒ ɛ s t ə d	k ə m p iː t ə d	1	1	reg_əd	reg_əd	reg_əd
model_decision	r ɪ l iː v	r ɪ l iː v d	r ɪ l iː v d	b ɪ l iː v	b ɪ l iː v d	b ɪ l iː v d	r ɪ l iː v d	1	1	reg_d	reg_d	reg_d
model_decision	θ r ɛ t ə n	θ r ɛ t ə n d	θ r ɛ t ə n d	f l æ t ə n	f l æ t ə n d	f l æ t ə n d	θ r ɛ t ə n d	1	1	reg_d	reg_d	reg_d
model_decision	o ʊ v ɹ̩ r ə n	o ʊ v ɹ̩ r æ n	o ʊ v ɹ̩ r ə n d	d ɪ t ɹ̩ m ə n	d ɪ t ɹ̩ m ə n d	d ɪ t ɹ̩ m ə n d	o ʊ v ɹ̩ r ə n d	1	0	vowel_change	reg_d	reg_d
model_decision	z iː r o ʊ	z iː r o ʊ d	z iː r o ʊ d	b ɑː r o ʊ	b ɑː r o ʊ d	b ɑː r o ʊ d	z iː r o ʊ d	1	1	reg_d	reg_d	reg_d
model_decision	d æ m ə d͡ʒ	d æ m ə d͡ʒ d	d æ m ə d͡ʒ d	m æ n ə d͡ʒ	m æ n ə d͡ʒ d	m æ n ə d͡ʒ d	d æ m ə d͡ʒ d	1	1	reg_d	reg_d	reg_d
model_decision	k o ʊ t	k o ʊ t ə d	k o ʊ t	k æ s t	k æ s t	k æ s t	k o ʊ t	1	0	reg_əd	no_change	no_change
model_decision	k j uː b	k j uː b d	k j uː b d	k l ʌ b	k l ʌ b d	k l ʌ b d	k j uː b d	1	1	reg_d	reg_d	reg_d
model_decision	ʃ a ɪ n	ʃ a ɪ n d	ʃ a ɪ n d	p a ɪ n	p a ɪ n d	p a ɪ n d	ʃ a ɪ n d	1	1	reg_d	reg_d	reg_d
model_decision	t æ k s iː	t æ k s iː d	t æ k s iː d	f æ n s iː	f æ n s iː d	f æ n s iː d	t æ k s iː d	1	1	reg_d	reg_d	reg_d
model_decision	s t ɔ l	s t ɔ l d	s t ɔ l d	s t ɪ l	s t ɪ l d	s t ɪ l d	s t ɔ l d	1	1	reg_d	reg_d	reg_d
model_decision	ɪ n k ɔ r p ɹ̩ e ɪ t	ɪ n k ɔ r p ɹ̩ e ɪ t ə d	ɪ n k ɔ r p ɹ̩ e ɪ t ɔ ɪ t ɔ r e ɪ	ɪ v æ k j ə w e ɪ t	ɪ v æ k j ə w e ɪ t ə d	ɪ v æ k j ə w e ɪ t ə d	ɪ n k ɔ r p ɹ̩ e ɪ t ə d	0	1	reg_əd	other	reg_əd
model_decision	t o ʊ t ə l	t o ʊ t ə l d	t o ʊ t ə l d	t e ɪ b ə l	t e ɪ b ə l d	t e ɪ b ə l d	t o ʊ t ə l d	1	1	reg_d	reg_d	reg_d
model_decision	m æ ŋ ɡ ə l	m æ ŋ ɡ ə l d	m æ ŋ ɡ ə l d	t r æ v ə l	t r æ v ə l d	t r æ v ə l d	m æ ŋ ɡ ə l d	1	1	reg_d	reg_d	reg_d
model_decision	o ʊ v ɹ̩ l æ p	o ʊ v ɹ̩ l æ p t	o ʊ v ɹ̩ l æ p t	d ɪ v ɛ l ə p	d ɪ v ɛ l ə p t	d ɪ v ɛ l ə p t	o ʊ v ɹ̩ l æ p t	1	1	reg_t	reg_t	reg_t
model_decision	k ɑː n t r æ k t	k ɑː n t r æ k t ə d	k ɑː n t r æ k t ə d	d ɪ s t r æ k t	d ɪ s t r æ k t ə d	d ɪ s t r æ k t ə d	k ɑː n t r æ k t ə d	1	1	reg_əd	reg_əd	reg_əd
model_decision	k r a ʊ t͡ʃ	k r a ʊ t͡ʃ t	k r a ʊ t͡ʃ t	k r ʌ n t͡ʃ	k r ʌ n t͡ʃ t	k r ʌ n t͡ʃ t	k r a ʊ t͡ʃ t	1	1	reg_t	reg_t	reg_t
model_decision	b uː m	b uː m d	b uː m d	θ ʌ m	θ ʌ m d	θ ʌ m d	b uː m d	1	1	reg_d	reg_d	reg_d
model_decision	m o ʊ l d	m o ʊ l d ə d	m o ʊ l d ə d	s a ʊ n d	s a ʊ n d ə d	s a ʊ n d ə d	m o ʊ l d ə d	1	1	reg_əd	reg_əd	reg_əd
model_decision	ɪ n t r iː ɡ	ɪ n t r iː ɡ d	ɪ n t r iː ɡ d	ə n p l ʌ ɡ	ə n p l ʌ ɡ d	ə n p l ʌ ɡ d	ɪ n t r iː ɡ d	1	1	reg_d	reg_d	reg_d
model_decision	f r ɛ k ə l	f r ɛ k ə l d	f r ɛ k ə l d	s p ɛ k ə l	s p ɛ k ə l d	s p ɛ k ə l d	f r ɛ k ə l d	1	1	reg_d	reg_d	reg_d
model_decision	h ʌ ʃ	h ʌ ʃ t	h ʌ ʃ t	ɡ ʌ ʃ	ɡ ʌ ʃ t	ɡ ʌ ʃ t	h ʌ ʃ t	1	1	reg_t	reg_t	reg_t
model_decision	b æ ŋ k	b æ ŋ k t	b æ ŋ k t	j æ ŋ k	j æ ŋ k t	j æ ŋ k t	b æ ŋ k t	1	1	reg_t	reg_t	reg_t
model_decision	h iː p	h iː p t	h iː p t	s iː p	s iː p t	s iː p t	h iː p t	1	1	reg_t	reg_t	reg_t
model_decision	ɪ ɡ z ɪ s t	ɪ ɡ z ɪ s t ə d	ɪ ɡ z ɪ s t ə d	ɪ n s ɪ s t	ɪ n s ɪ s t ə d	ɪ n s ɪ s t ə d	ɪ ɡ z ɪ s t ə d	1	1	reg_əd	reg_əd	reg_əd
model_decision	ə k ɑː m p l ɪ ʃ	ə k ɑː m p l ɪ ʃ t	ə m ɑː m p l ɪ ʃ t	m e ɪ k	m e ɪ d	m e ɪ d	NA	0	0	reg_t	other	coda_change
model_decision	k e ɪ v	k e ɪ v d	k e ɪ v d	k ɑː r v	k ɑː r v d	k ɑː r v d	k e ɪ v d	1	1	reg_d	reg_d	reg_d
model_decision	p ɛ d ə l	p ɛ d ə l d	p ɛ d ə l d	p æ d ə l	p æ d ə l d	p æ d ə l d	p ɛ d ə l d	1	1	reg_d	reg_d	reg_d
model_decision	r ɪ v ɹ̩ s	r ɪ v ɹ̩ s t	r ɪ v ɹ̩ s t	r iː l iː s	r iː l iː s t	r iː l iː s t	r ɪ v ɹ̩ s t	1	1	reg_t	reg_t	reg_t
model_decision	s ə b s a ɪ d	s ə b s a ɪ d ə d	s ə b s a ɪ d	r iː m a ɪ n d	r iː m a ɪ n d ə d	r iː m a ɪ n d ə d	s ə b s a ɪ d ə d	0	1	reg_əd	no_change	reg_əd
model_decision	k ə n s ɹ̩ n	k ə n s ɹ̩ n d	k ə n s ɹ̩ n d	p ɑː r d ə n	p ɑː r d ə n d	p ɑː r d ə n d	k ə n s ɹ̩ n d	1	1	reg_d	reg_d	reg_d
model_decision	t iː	t iː d	t ɔ	t iː t͡ʃ	t ɔ t	t ɔ t	NA	0	0	reg_d	vowel_change	rhyme_replaced
model_decision	f l ɹ̩ iː	f l ɹ̩ iː d	f l ɹ̩ iː d	m ɛ r iː	m ɛ r iː d	m ɛ r iː d	f l ɹ̩ iː d	1	1	reg_d	reg_d	reg_d
model_decision	n ɛ r o ʊ	n ɛ r o ʊ d	n ɛ r o ʊ d	b ɑː r o ʊ	b ɑː r o ʊ d	b ɑː r o ʊ d	n ɛ r o ʊ d	1	1	reg_d	reg_d	reg_d
model_decision	ɪ m p r ə v a ɪ z	ɪ m p r ə v a ɪ z d	ɪ m p r ə v a ɪ z d	h ɪ p n ə t a ɪ z	h ɪ p n ə t a ɪ z d	h ɪ p n ə t a ɪ z d	ɪ m p r ə v a ɪ z d	1	1	reg_d	reg_d	reg_d
string	h æ v	h æ d	h æ v d	h æ t͡ʃ	h ʌ t͡ʃ t	h æ t͡ʃ t	NA	0	0	coda_change	reg_d	vowel_change_suffix
string	h æ p ə n	h æ p ə n d	h æ p ə n d	o ʊ p ə n	o ʊ p ə n d	o ʊ p ə n d	h æ p ə n d	1	1	reg_d	reg_d	reg_d
string	p l e ɪ s	p l e ɪ s t	p l e ɪ s t	p l e ɪ n	p l e ɪ n d	p l e ɪ n d	p l e ɪ s d	0	0	reg_t	reg_t	reg_d
string	k l o ʊ z	k l o ʊ z d	k l o ʊ z d	l o ʊ ɹ̩	l o ʊ ɹ̩ d	l o ʊ ɹ̩ d	k l o ʊ z d	1	1	reg_d	reg_d	reg_d
string	k ʊ k	k ʊ k t	k ʊ k t	l ʊ k	l ʊ k t	l ʊ k t	k ʊ k t	1	1	reg_t	reg_t	reg_t
string	r ʌ n	r æ n	r ʌ n d	ɡ ʌ n	ɡ ʌ n d	ɡ ʌ n d	r ʌ n d	1	0	vowel_change	reg_d	reg_d
string	s e ɪ	s ɛ d	s e ɪ d	l e ɪ	l e ɪ d	l e ɪ d	s e ɪ d	1	0	vowel_change_suffix	reg_d	reg_d
string	f ɪ ʃ	f ɪ ʃ t	f ɪ ʃ t	w ɪ ʃ	w ɪ ʃ t	w ɪ ʃ t	f ɪ ʃ t	1	1	reg_t	reg_t	reg_t
string	h ɹ̩ t	h ɹ̩ t	h ɹ̩ t ə d	h iː t	h iː t ə d	h iː t ə d	h ɹ̩ t ə d	1	0	no_change	reg_əd	reg_əd
string	l uː z	l ɔ s t	l uː z d	j uː z	j uː z d	j uː z d	l uː z d	1	0	rhyme_replaced	reg_d	reg_d
string	æ s k	æ s k t	æ s k t	b ʊ k	b ʊ k t	b ʊ k t	æ s k t	1	1	reg_t	reg_t	reg_t
string	p e ɪ	p e ɪ d	p e ɪ d	l e ɪ	l e ɪ d	l e ɪ d	p e ɪ d	1	1	reg_d	reg_d	reg_d
string	s p ɛ l	s p ɛ l d	s p ɛ l d	s p ɪ l	s p ɪ l d	s p ɪ l d	s p ɛ l d	1	1	reg_d	reg_d	reg_d
string	s p ɪ t	s p æ t	s p ɪ t ə d	s p ɪ l	s p ɪ l d	s p ɪ l d	s p ɪ t d	0	0	vowel_change	reg_əd	reg_d
string	m ɪ s	m ɪ s t	m ɪ s t	m ɪ n s	m ɪ n s t	m ɪ n s t	m ɪ s t	1	1	reg_t	reg_t	reg_t
string	s t ɑː r t	s t ɑː r t ə d	s t ɑː r t ə d	s m ɑː r t	s m ɑː r t ə d	s m ɑː r t ə d	s t ɑː r t ə d	1	1	reg_əd	reg_əd	reg_əd
string	p ɑː r t iː	p ɑː r t iː d	p ɑː r t iː d	p ɑː r t	p ɑː r t ə d	p ɑː r t ə d	p ɑː r t iː ə d	0	0	reg_d	reg_d	reg_əd
string	ɡ ɛ s	ɡ ɛ s t	ɡ ɑː s t	ɡ ɛ t	ɡ ɑː t	ɡ ɑː t	NA	0	0	reg_t	vowel_change_suffix	vowel_change
string	f a ɪ ɹ̩	f a ɪ ɹ̩ d	f ɔ t ɹ̩ d	f a ɪ t	f ɔ t	f ɔ t	NA	0	0	reg_d	other	vowel_change
string	s ɪ t	s æ t	s ɪ t	s ɪ f t	s ɪ f t ə d	s ɪ f t ə d	s ɪ t ə d	0	0	vowel_change	no_change	reg_əd
string	ʃ uː	ʃ uː d	ʃ uː d	d uː	d ɪ d	d ɪ d	ʃ ɪ d	0	0	reg_d	reg_d	vowel_change_suffix
string	w ɹ̩ k	w ɹ̩ k t	w ɹ̩ k t	p ɹ̩ k	p ɹ̩ k t	p ɹ̩ k t	w ɹ̩ k t	1	1	reg_t	reg_t	reg_t
string	t ʌ t͡ʃ	t ʌ t͡ʃ t	t ʌ t͡ʃ t	t iː t͡ʃ	t ɔ t	t ɔ t	NA	0	0	reg_t	reg_t	rhyme_replaced
string	s t ɑː p	s t ɑː p t	s t ɑː p t	s t ɑː m p	s t ɑː m p t	s t ɑː m p t	s t ɑː p t	1	1	reg_t	reg_t	reg_t
string	s t ɹ̩	s t ɹ̩ d	s t ɹ̩ d	s t ɑː r	s t ɑː r d	s t ɑː r d	s t ɹ̩ d	1	1	reg_d	reg_d	reg_d
string	l ɛ d	l ɛ d ə d	l ɛ d	b ɛ d	b ɛ d ə d	b ɛ d ə d	l ɛ d ə d	0	1	reg_əd	no_change	reg_əd
string	p ɔ r	p ɔ r d	p ɔ r d	r ɔ r	r ɔ r d	r ɔ r d	p ɔ r d	1	1	reg_d	reg_d	reg_d
string	s ə p o ʊ z	s ə p o ʊ z d	s ə p o ʊ z d	ə p o ʊ z	ə p o ʊ z d	ə p o ʊ z d	s ə p o ʊ z d	1	1	reg_d	reg_d	reg_d
string	w ʌ n d ɹ̩	w ʌ n d ɹ̩ d	w ʌ n d ɹ̩ d	w ɑː n d ɹ̩	w ɑː n d ɹ̩ d	w ɑː n d ɹ̩ d	w ʌ n d ɹ̩ d	1	1	reg_d	reg_d	reg_d
string	k w ɛ s t͡ʃ ə n	k w ɛ s t͡ʃ ə n d	k w ɛ s t͡ʃ ə n d	r ɛ s ə l	r ɛ s ə l d	r ɛ s ə l d	k w ɛ s t͡ʃ ə n d	1	1	reg_d	reg_d	reg_d
string	d a ɪ	d a ɪ d	d a ɪ d	b a ɪ	b ɔ t	b ɔ t	d ɔ t	0	0	reg_d	reg_d	vowel_change_suffix
string	s p iː k	s p o ʊ k	s p iː k t	s n iː k	s n iː k t	s n iː k t	s p iː k t	1	0	vowel_change	reg_t	reg_t
string	s w iː p	s w ɛ p t	s w iː p t	s l iː p	s l ɛ p t	s l ɛ p t	s w ɛ p t	0	1	vowel_change_suffix	reg_t	vowel_change_suffix
string	b r ʌ ʃ	b r ʌ ʃ t	b r ʌ ʃ t	b l ʌ ʃ	b l ʌ ʃ t	b l ʌ ʃ t	b r ʌ ʃ t	1	1	reg_t	reg_t	reg_t
string	ə b a ɪ d	ə b a ɪ d ə d	ə b a ɪ d ə d	s a ɪ d	s a ɪ d ə d	s a ɪ d ə d	ə b a ɪ d ə d	1	1	reg_əd	reg_əd	reg_əd
string	l æ f	l æ f t	l æ f t	l iː f	l ɛ f t	l iː f t	NA	0	0	reg_t	reg_t	vowel_change_suffix
string	t a ɪ	t a ɪ d	t a ɪ d	t a ɪ m	t a ɪ m d	t a ɪ m d	t a ɪ d	1	1	reg_d	reg_d	reg_d
string	ɪ n v a ɪ t	ɪ n v a ɪ t ə d	ɪ n v a ɪ t ə d	ɪ n v ɛ n t	ɪ n v ɛ n t ə d	ɪ n v ɛ n t ə d	ɪ n v a ɪ t ə d	1	1	reg_əd	reg_əd	reg_əd
string	k r ɔ l	k r ɔ l d	k r ɔ l d	k ɔ l	k ɔ l d	k ɔ l d	k r ɔ l d	1	1	reg_d	reg_d	reg_d
string	p o ʊ k	p o ʊ k t	p o ʊ k t	t͡ʃ o ʊ k	t͡ʃ o ʊ k t	t͡ʃ o ʊ k t	p o ʊ k t	1	1	reg_t	reg_t	reg_t
string	ɡ r o ʊ	ɡ r uː	ɡ r uː	ɡ o ʊ	w ɛ n t	w ɛ n t	NA	0	0	vowel_change	vowel_change	other
string	s t iː l	s t o ʊ l	s t iː l d	s t iː m	s t iː m d	s t iː m d	s t iː l d	1	0	vowel_change	reg_d	reg_d
string	t͡ʃ uː	t͡ʃ uː d	t͡ʃ uː d	d uː	d ɪ d	d ɪ d	t͡ʃ ɪ d	0	0	reg_d	reg_d	vowel_change_suffix
string	w ɔ k	w ɔ k t	w ɔ k t	t ɔ k	t ɔ k t	t ɔ k t	w ɔ k t	1	1	reg_t	reg_t	reg_t
string	s ɛ l	s o ʊ l d	s ɛ l d	ʃ ɛ l	ʃ ɛ l d	ʃ ɛ l d	s ɛ l d	1	0	vowel_change_suffix	reg_d	reg_d
string	p ɪ k t͡ʃ ɹ̩	p ɪ k t͡ʃ ɹ̩ d	p ɪ k t͡ʃ ɹ̩ d	p ɪ k	p ɪ k t	p ɪ k t	p ɪ k t͡ʃ ɹ̩ t	0	0	reg_d	reg_d	reg_t
string	k o ʊ m	k o ʊ m d	k o ʊ m d	r o ʊ m	r o ʊ m d	r o ʊ m d	k o ʊ m d	1	1	reg_d	reg_d	reg_d
string	s m a ɪ l	s m a ɪ l d	s m a ɪ l d	m a ɪ n	m a ɪ n d	m a ɪ n d	s m a ɪ l d	1	1	reg_d	reg_d	reg_d
string	d r ɑː p	d r ɑː p t	d r ɑː p t	p r ɑː p	p r ɑː p t	p r ɑː p t	d r ɑː p t	1	1	reg_t	reg_t	reg_t
string	s k r æ t͡ʃ	s k r æ t͡ʃ t	s k r æ t͡ʃ t	s k r æ p	s k r æ p t	s k r æ p t	s k r æ t͡ʃ t	1	1	reg_t	reg_t	reg_t
string	s t æ m p	s t æ m p t	s t ʊ æ m d	s t ɑː m p	s t ɑː m p t	s t ɑː m p t	s t æ m p t	0	1	reg_t	rhyme_replaced	reg_t
string	k r ʌ ʃ	k r ʌ ʃ t	k r ʌ ʃ t	r ʌ ʃ	r ʌ ʃ t	r ʌ ʃ t	k r ʌ ʃ t	1	1	reg_t	reg_t	reg_t
string	b uː t	b uː t ə d	b uː t	b uː	b uː d	b uː d	b uː t d	0	0	reg_əd	no_change	reg_d
string	r ə k ɔ r d	r ə k ɔ r d ə d	r ə k ɔ r d ə d	ə k ɔ r d	ə k ɔ r d ə d	ə k ɔ r d ə d	r ə k ɔ r d ə d	1	1	reg_əd	reg_əd	reg_əd
string	t͡ʃ uː z	t͡ʃ o ʊ z	t͡ʃ uː z d	j uː z	j uː z d	j uː z d	t͡ʃ uː z d	1	0	vowel_change	reg_d	reg_d
string	d æ n s	d æ n s t	d æ n s t	d ɑː n	d ɑː n d	d ɑː n d	d æ n s d	0	0	reg_t	reg_t	reg_d
string	s n ɑː r ə l	s n ɑː r ə l d	s n ɑː r ə l d	s t ɑː r t ə l	s t ɑː r t ə l d	s t ɑː r t ə l d	s n ɑː r ə l d	1	1	reg_d	reg_d	reg_d
string	l ɪ f t	l ɪ f t ə d	l ɪ f t ə d	s ɪ f t	s ɪ f t ə d	s ɪ f t ə d	l ɪ f t ə d	1	1	reg_əd	reg_əd	reg_əd
string	t͡ʃ ɛ k	t͡ʃ ɛ k t	t͡ʃ ɛ k t	t͡ʃ ʌ k	t͡ʃ ʌ k t	t͡ʃ ʌ k t	t͡ʃ ɛ k t	1	1	reg_t	reg_t	reg_t
string	f ɑː l o ʊ	f ɑː l o ʊ d	f ɑː l o ʊ d	f l o ʊ	f l o ʊ d	f l o ʊ d	f ɑː l o ʊ d	1	1	reg_d	reg_d	reg_d
string	h æ n d	h æ n d ə d	h æ n d ə d	b æ n d	b æ n d ə d	b æ n d ə d	h æ n d ə d	1	1	reg_əd	reg_əd	reg_əd
string	r ɛ k ə m ɛ n d	r ɛ k ə m ɛ n d ə d	r ɛ k ə m ɛ n d ə d	r ɛ k ə n	r ɛ k ə n d	r ɛ k ə n d	r ɛ k ə m ɛ n d d	0	0	reg_əd	reg_əd	reg_d
string	ʃ uː t	ʃ ɑː t	ʃ uː t ə d	ʃ ʌ t	ʃ ʌ t	ʃ ʌ t	ʃ uː t	0	0	vowel_change	reg_əd	no_change
string	s o ʊ k	s o ʊ k t	s o ʊ k t	t͡ʃ o ʊ k	t͡ʃ o ʊ k t	t͡ʃ o ʊ k t	s o ʊ k t	1	1	reg_t	reg_t	reg_t
string	p ɑː r t ɪ s ə p e ɪ t	p ɑː r t ɪ s ə p e ɪ t ə d	p s t ɪ s t ə p e ɪ t ə d	æ n t ɪ s ə p e ɪ t	æ n t ɪ s ə p e ɪ t ə d	æ n t ɪ s ə p e ɪ t ə d	p ɑː r t ɪ s ə p e ɪ t ə d	0	1	reg_əd	other	reg_əd
string	s m æ k	s m æ k t	s m æ k t	s m æ ʃ	s m æ ʃ t	s m æ ʃ t	s m æ k t	1	1	reg_t	reg_t	reg_t
string	z ɪ p	z ɪ p t	z ɪ p t	n ɪ p	n ɪ p t	n ɪ p t	z ɪ p t	1	1	reg_t	reg_t	reg_t
string	w ɔ r m	w ɔ r m d	w ɔ r m d	f ɔ r m	f ɔ r m d	f ɔ r m d	w ɔ r m d	1	1	reg_d	reg_d	reg_d
string	k æ m p	k æ m p t	k æ m p t	k l æ m p	k l æ m p t	k l æ m p t	k æ m p t	1	1	reg_t	reg_t	reg_t
string	p ɹ̩ f ɛ k t	p ɹ̩ f ɛ k t ə d	p ɹ̩ f ɛ k t ə d	ə f ɛ k t	ə f ɛ k t ə d	ə f ɛ k t ə d	p ɹ̩ f ɛ k t ə d	1	1	reg_əd	reg_əd	reg_əd
string	z uː m	z uː m d	z uː m d	h ɛ m	h ɛ m d	h ɛ m d	z uː m d	1	1	reg_d	reg_d	reg_d
string	f o ʊ n	f o ʊ n d	f o ʊ n d	m o ʊ n	m o ʊ n d	m o ʊ n d	f o ʊ n d	1	1	reg_d	reg_d	reg_d
string	ɡ r e ɪ s	ɡ r e ɪ s t	ɡ r e ɪ s t	ɡ r e ɪ d	ɡ r e ɪ d ə d	ɡ r e ɪ d ə d	ɡ r e ɪ s ə d	0	0	reg_t	reg_t	reg_əd
string	h ʊ k	h ʊ k t	h ʊ k t	l ʊ k	l ʊ k t	l ʊ k t	h ʊ k t	1	1	reg_t	reg_t	reg_t
string	p ɛ ɡ	p ɛ ɡ d	p ɛ ɡ d	ɛ ɡ	ɛ ɡ d	ɛ ɡ d	p ɛ ɡ d	1	1	reg_d	reg_d	reg_d
string	f l o ʊ t	f l o ʊ t ə d	f l o ʊ t	f l o ʊ	f l o ʊ d	f l o ʊ d	f l o ʊ t d	0	0	reg_əd	no_change	reg_d
string	s p ɛ n d	s p ɛ n t	s p ɛ n d ə d	s ɛ n d	s ɛ n t	s ɛ n t	s p ɛ n t	0	1	coda_change	reg_əd	coda_change
string	s æ n d	s æ n d ə d	s æ n d ə d	s ɛ n d	s ɛ n t	s ɛ n t	s æ n t	0	0	reg_əd	reg_əd	coda_change
string	o ʊ n	o ʊ n d	o ʊ n d	z o ʊ n	z o ʊ n d	z o ʊ n d	o ʊ n d	1	1	reg_d	reg_d	reg_d
string	m e ɪ l	m e ɪ l d	m e ɪ l d	d͡ʒ e ɪ l	d͡ʒ e ɪ l d	d͡ʒ e ɪ l d	m e ɪ l d	1	1	reg_d	reg_d	reg_d
string	ə n t a ɪ	ə n t a ɪ d	ə n t a ɪ d	ə p l a ɪ	ə p l a ɪ d	ə p l a ɪ d	ə n t a ɪ d	1	1	reg_d	reg_d	reg_d
string	ɡ r iː s	ɡ r iː s t	ɡ r iː s t	ɡ æ s	ɡ æ s t	ɡ æ s t	ɡ r iː s t	1	1	reg_t	reg_t	reg_t
string	p r ə t ɛ k t	p r ə t ɛ k t ə d	p r ə t ɛ k t ə d	p r ɑː d͡ʒ ɛ k t	p r ɑː d͡ʒ ɛ k t ə d	p r ɑː d͡ʒ ɛ k t ə d	p r ə t ɛ k t ə d	1	1	reg_əd	reg_əd	reg_əd
string	r e ɪ d iː o ʊ	r e ɪ d iː o ʊ d	r e ɪ d iː d iː d	r e ɪ d	r e ɪ d ə d	r e ɪ d ə d	r e ɪ d iː o ʊ ə d	0	0	reg_d	other	reg_əd
string	d ɪ v a ɪ d	d ɪ v a ɪ d ə d	d ɪ v a ɪ d ə d	d ɪ s a ɪ d	d ɪ s a ɪ d ə d	d ɪ s a ɪ d ə d	d ɪ v a ɪ d ə d	1	1	reg_əd	reg_əd	reg_əd
string	t o ʊ	t o ʊ d	t o ʊ d	m o ʊ	m o ʊ d	m o ʊ d	t o ʊ d	1	1	reg_d	reg_d	reg_d
string	t r æ n z m ɪ t	t r æ n z m ɪ t ə d	t r æ n z m ɪ t ə d	t r æ n z l e ɪ t	t r æ n z l e ɪ t ə d	t r æ n z l e ɪ t ə d	t r æ n z m ɪ t ə d	1	1	reg_əd	reg_əd	reg_əd
string	b æ t	b æ t ə d	b æ t ə d	b æ k	b æ k t	b æ k t	b æ t t	0	0	reg_əd	reg_əd	reg_t
string	w e ɪ	w e ɪ d	w e ɪ d	l e ɪ	l e ɪ d	l e ɪ d	w e ɪ d	1	1	reg_d	reg_d	reg_d
string	k l iː r	k l iː r d	k l iː r d	k l iː n	k l iː n d	k l iː n d	k l iː r d	1	1	reg_d	reg_d	reg_d
string	ɛ n t͡ʃ æ n t	ɛ n t͡ʃ æ n t ə d	ɛ n t͡ʃ æ n t ə d	t͡ʃ æ t	t͡ʃ æ t ə d	t͡ʃ æ t ə d	ɛ n t͡ʃ æ n t ə d	1	1	reg_əd	reg_əd	reg_əd
string	ə d r ɛ s	ə d r ɛ s t	ə d r ɛ s t	ə n d r ɛ s	ə n d r ɛ s t	ə n d r ɛ s t	ə d r ɛ s t	1	1	reg_t	reg_t	reg_t
string	s m ʌ d͡ʒ	s m ʌ d͡ʒ d	s m ʌ d͡ʒ d	s m uː ð	s m uː ð d	s m uː ð d	s m ʌ d͡ʒ d	1	1	reg_d	reg_d	reg_d
string	d r e ɪ p	d r e ɪ p t	d r e ɪ p t	d r ɪ p	d r ɪ p t	d r ɪ p t	d r e ɪ p t	1	1	reg_t	reg_t	reg_t
string	d ɪ p	d ɪ p t	d ɪ p t	r ɪ p	r ɪ p t	r ɪ p t	d ɪ p t	1	1	reg_t	reg_t	reg_t
string	ə s o ʊ s iː e ɪ t	ə s o ʊ s iː e ɪ t ə d	ə s o ʊ s iː e ɪ t ə d	d o ʊ n e ɪ t	d o ʊ n e ɪ t ə d	d o ʊ n e ɪ t ə d	ə s o ʊ s iː e ɪ t ə d	1	1	reg_əd	reg_əd	reg_əd
string	s ɪ ŋ k	s æ ŋ k	s ɪ ŋ k t	s t ɪ ŋ k	s t ʌ ŋ k	s t ʌ ŋ k	s ʌ ŋ k	0	0	vowel_change	reg_t	vowel_change
string	p iː l	p iː l d	p iː l d	p iː s	p iː s t	p iː s t	p iː l t	0	0	reg_d	reg_d	reg_t
string	ɪ k s ɛ p t	ɪ k s ɛ p t ə d	ɪ k s ɛ p t ə d	ɪ k s p ɛ k t	ɪ k s p ɛ k t ə d	ɪ k s p ɛ k t ə d	ɪ k s ɛ p t ə d	1	1	reg_əd	reg_əd	reg_əd
string	f r a ʊ n	f r a ʊ n d	f r a ʊ n d	b r a ʊ n	b r a ʊ n d	b r a ʊ n d	f r a ʊ n d	1	1	reg_d	reg_d	reg_d
string	s p r ɛ d	s p r ɛ d	s p r ɛ d ə d	p r ɛ s	p r ɛ s t	p r ɛ s t	s p r ɛ d t	0	0	no_change	reg_əd	reg_t
string	f l ɪ p	f l ɪ p t	f l ɪ p t	f l æ p	f l æ p t	f l æ p t	f l ɪ p t	1	1	reg_t	reg_t	reg_t
string	m ʌ ʃ r uː m	m ʌ ʃ r uː m d	m ʌ ʃ r uː m d	k ɑː s t uː m	k ɑː s t uː m d	k ɑː s t uː m d	m ʌ ʃ r uː m d	1	1	reg_d	reg_d	reg_d
string	r iː d uː	r iː d ɪ d	r iː d ɪ d	r iː d	r ɛ d	r ɛ d	NA	0	0	vowel_change_suffix	vowel_change_suffix	vowel_change
string	ɡ æ s p	ɡ æ s p t	ɡ æ s p t	ɡ r æ s p	ɡ r æ s p t	ɡ r æ s p t	ɡ æ s p t	1	1	reg_t	reg_t	reg_t
string	t ɛ r ə r a ɪ z	t ɛ r ə r a ɪ z d	t ɛ r ə r a ɪ z d	s ɪ v ə l a ɪ z	s ɪ v ə l a ɪ z d	s ɪ v ə l a ɪ z d	t ɛ r ə r a ɪ z d	1	1	reg_d	reg_d	reg_d
string	b ʊ t͡ʃ ɹ̩	b ʊ t͡ʃ ɹ̩ d	b ʊ t͡ʃ ɹ̩ d	b ɛ t ɹ̩	b ɛ t ɹ̩ d	b ɛ t ɹ̩ d	b ʊ t͡ʃ ɹ̩ d	1	1	reg_d	reg_d	reg_d
string	m ə n ɪ p j ə l e ɪ t	m ə n ɪ p j ə l e ɪ t ə d	m ə n ə l d	r ɪ s ɪ p r ə k e ɪ t	r ɪ s ɪ p r ə k e ɪ t ə d	r ɪ s ɪ p r ə k e ɪ t ə d	m ə n ɪ p j ə l e ɪ t ə d	0	1	reg_əd	other	reg_əd
string	d r ʌ ɡ	d r ʌ ɡ d	d r ʌ ɡ d	d r æ ɡ	d r æ ɡ d	d r æ ɡ d	d r ʌ ɡ d	1	1	reg_d	reg_d	reg_d
string	s l a ɪ s	s l a ɪ s t	s l a ɪ s t	s l a ɪ d	s l ɪ d	s l ɪ d	NA	0	0	reg_t	reg_t	vowel_change
string	s ɹ̩ a ʊ n d	s ɹ̩ a ʊ n d ə d	s ɹ̩ a ʊ n d ə d	s a ʊ n d	s a ʊ n d ə d	s a ʊ n d ə d	s ɹ̩ a ʊ n d ə d	1	1	reg_əd	reg_əd	reg_əd
string	s k r ɪ b ə l	s k r ɪ b ə l d	s k r ɪ b ə l d	s k r æ m b ə l	s k r æ m b ə l d	s k r æ m b ə l d	s k r ɪ b ə l d	1	1	reg_d	reg_d	reg_d
string	ɡ r iː n	ɡ r iː n d	ɡ r iː n d	ɡ r ɪ n	ɡ r ɪ n d	ɡ r ɪ n d	ɡ r iː n d	1	1	reg_d	reg_d	reg_d
string	s k w ɹ̩ t	s k w ɹ̩ t ə d	s k w ɹ̩ t	s k ɹ̩ t	s k ɹ̩ t ə d	s k ɹ̩ t ə d	s k w ɹ̩ t ə d	0	1	reg_əd	no_change	reg_əd
string	k ə n ɛ k t	k ə n ɛ k t ə d	k ə n ɛ k t ə d	k ə l ɛ k t	k ə l ɛ k t ə d	k ə l ɛ k t ə d	k ə n ɛ k t ə d	1	1	reg_əd	reg_əd	reg_əd
string	ɡ r ɪ l	ɡ r ɪ l d	ɡ r ɪ l d	ɡ r ɪ n	ɡ r ɪ n d	ɡ r ɪ n d	ɡ r ɪ l d	1	1	reg_d	reg_d	reg_d
string	k ə n s ɪ d ɹ̩	k ə n s ɪ d ɹ̩ d	k ə n s ɪ d ɹ̩ d	k ə n v ɪ n s	k ə n v ɪ n s t	k ə n v ɪ n s t	k ə n s ɪ d ɹ̩ t	0	0	reg_d	reg_d	reg_t
string	k ɹ̩ l	k ɹ̩ l d	k ɹ̩ l d	k ɹ̩ v	k ɹ̩ v d	k ɹ̩ v d	k ɹ̩ l d	1	1	reg_d	reg_d	reg_d
string	ɔ θ ɹ̩	ɔ θ ɹ̩ d	ɔ ɹ̩ d ə d	ɔ f ɹ̩	ɔ f ɹ̩ d	ɔ f ɹ̩ d	ɔ θ ɹ̩ d	0	1	reg_d	other	reg_d
string	f l ʌ ʃ	f l ʌ ʃ t	f l ʌ ʃ t	f l ʌ f	f l ʌ f t	f l ʌ f t	f l ʌ ʃ t	1	1	reg_t	reg_t	reg_t
string	f l a ʊ n d ɹ̩	f l a ʊ n d ɹ̩ d	f l a ʊ n d ɹ̩ d	f l a ʊ ɹ̩	f l a ʊ ɹ̩ d	f l a ʊ ɹ̩ d	f l a ʊ n d ɹ̩ d	1	1	reg_d	reg_d	reg_d
string	d a ɪ v	d o ʊ v	d a ɪ v d	l a ɪ v	l a ɪ v d	l a ɪ v d	d a ɪ v d	1	0	vowel_change	reg_d	reg_d
string	ɔ r ɡ ə n a ɪ z	ɔ r ɡ ə n a ɪ z d	ɔ r ɡ ə n a ɪ z d	r iː ɔ r ɡ ə n a ɪ z	r iː ɔ r ɡ ə n a ɪ z d	r iː ɔ r ɡ ə n a ɪ z d	ɔ r ɡ ə n a ɪ z d	1	1	reg_d	reg_d	reg_d
string	ə r a ɪ v	ə r a ɪ v d	ə r a ɪ v d	t r a ɪ	t r a ɪ d	t r a ɪ d	ə r a ɪ v d	1	1	reg_d	reg_d	reg_d
string	n æ p	n æ p t	n æ p t	z æ p	z æ p t	z æ p t	n æ p t	1	1	reg_t	reg_t	reg_t
string	l iː n	l iː n d	l ɛ n	k l iː n	k l iː n d	k l iː n d	l iː n d	0	1	reg_d	vowel_change	reg_d
string	ɪ n v ɑː l v	ɪ n v ɑː l v d	ɪ n v ɑː l v d	ɪ n v ɛ n t	ɪ n v ɛ n t ə d	ɪ n v ɛ n t ə d	ɪ n v ɑː l v ə d	0	0	reg_d	reg_d	reg_əd
string	s n ɪ f	s n ɪ f t	s n ɪ f t	s a ɪ n	s a ɪ n d	s a ɪ n d	s n ɪ f d	0	0	reg_t	reg_t	reg_d
string	ɪ n ɡ e ɪ d͡ʒ	ɪ n ɡ e ɪ d͡ʒ d	ɪ n ɡ e ɪ d͡ʒ d	ɪ n h e ɪ l	ɪ n h e ɪ l d	ɪ n h e ɪ l d	ɪ n ɡ e ɪ d͡ʒ d	1	1	reg_d	reg_d	reg_d
string	f a ɪ n	f a ɪ n d	f ɔ t	f a ɪ n d	f a ʊ n d	f a ʊ n d	NA	0	0	reg_d	rhyme_replaced	vowel_change
string	d æ m	d æ m d	d æ m d	d͡ʒ æ m	d͡ʒ æ m d	d͡ʒ æ m d	d æ m d	1	1	reg_d	reg_d	reg_d
string	a ɪ s	a ɪ s t	a ɪ s t	d a ɪ s	d a ɪ s t	d a ɪ s t	a ɪ s t	1	1	reg_t	reg_t	reg_t
string	s t ʌ n	s t ʌ n d	s t ʌ n d	s t ʌ f	s t ʌ f t	s t ʌ f t	s t ʌ n t	0	0	reg_d	reg_d	reg_t
string	d ɛ r	d ɛ r d	d ɛ r d	b ɛ r	b ɛ r d	b o ʊ r	d ɛ r d	1	1	reg_d	reg_d	reg_d
string	t iː z	t iː z d	t ɔ z d	iː z	iː z d	iː z d	t iː z d	0	1	reg_d	vowel_change_suffix	reg_d
string	f ʌ m b ə l	f ʌ m b ə l d	f ʌ m b ə l d	t ʌ m b ə l	t ʌ m b ə l d	t ʌ m b ə l d	f ʌ m b ə l d	1	1	reg_d	reg_d	reg_d
string	b ʌ n t͡ʃ	b ʌ n t͡ʃ t	b ʌ n t͡ʃ t	l ʌ n t͡ʃ	l ʌ n t͡ʃ t	l ʌ n t͡ʃ t	b ʌ n t͡ʃ t	1	1	reg_t	reg_t	reg_t
string	r ɪ p iː t	r ɪ p iː t ə d	r ɪ p iː t ə d	r ɪ p ɛ l	r ɪ p ɛ l d	r ɪ p ɛ l d	r ɪ p iː t d	0	0	reg_əd	reg_əd	reg_d
string	s k r e ɪ p	s k r e ɪ p t	s k r e ɪ p t	s k r æ p	s k r æ p t	s k r æ p t	s k r e ɪ p t	1	1	reg_t	reg_t	reg_t
string	ə d͡ʒ ʌ s t	ə d͡ʒ ʌ s t ə d	ə d͡ʒ ʌ s t ə d	b ʌ s t	b ʌ s t ə d	b ʌ s t ə d	ə d͡ʒ ʌ s t ə d	1	1	reg_əd	reg_əd	reg_əd
string	r ɔ ŋ	r ɔ ŋ d	r ɔ ŋ d	l ɔ ŋ	l ɔ ŋ d	l ɔ ŋ d	r ɔ ŋ d	1	1	reg_d	reg_d	reg_d
string	b ɛ ɡ	b ɛ ɡ d	b ɛ ɡ d	b ɛ d	b ɛ d ə d	b ɛ d ə d	b ɛ ɡ ə d	0	0	reg_d	reg_d	reg_əd
string	w iː l	w iː l d	w iː l d	w iː d	w iː d ə d	w iː d ə d	w iː l ə d	0	0	reg_d	reg_d	reg_əd
string	d͡ʒ ʌ d͡ʒ	d͡ʒ ʌ d͡ʒ d	d͡ʒ ʌ d͡ʒ d	f ʌ d͡ʒ	f ʌ d͡ʒ d	f ʌ d͡ʒ d	d͡ʒ ʌ d͡ʒ d	1	1	reg_d	reg_d	reg_d
string	t͡ʃ æ n ə l	t͡ʃ æ n ə l d	t͡ʃ æ n ə l d	t æ t ə l	t æ t ə l d	t æ t ə l d	t͡ʃ æ n ə l d	1	1	reg_d	reg_d	reg_d
string	f r ɔ s t	f r ɔ s t ə d	f r ɔ s t ə d	ə r ɛ s t	ə r ɛ s t ə d	ə r ɛ s t ə d	f r ɔ s t ə d	1	1	reg_əd	reg_əd	reg_əd
string	r uː l	r uː l d	r uː l d	f uː l	f uː l d	f uː l d	r uː l d	1	1	reg_d	reg_d	reg_d
string	t æ k ə l	t æ k ə l d	t æ k ə l d	t æ t ə l	t æ t ə l d	t æ t ə l d	t æ k ə l d	1	1	reg_d	reg_d	reg_d
string	t æ ŋ ɡ ə l	t æ ŋ ɡ ə l d	t æ ŋ ɡ ə l d	t ɪ ŋ k ə l	t ɪ ŋ k ə l d	t ɪ ŋ k ə l d	t æ ŋ ɡ ə l d	1	1	reg_d	reg_d	reg_d
string	b ʌ t ɹ̩	b ʌ t ɹ̩ d	b ʌ t ɹ̩ d	b ɛ t ɹ̩	b ɛ t ɹ̩ d	b ɛ t ɹ̩ d	b ʌ t ɹ̩ d	1	1	reg_d	reg_d	reg_d
string	b l æ k	b l æ k t	b l æ k t	b æ k	b æ k t	b æ k t	b l æ k t	1	1	reg_t	reg_t	reg_t
string	s p e ɪ s	s p e ɪ s t	s p e ɪ s t	s p l ɪ t	s p l ɪ t	s p l ɪ t	s p e ɪ s	0	0	reg_t	reg_t	no_change
string	p r ɪ z uː m	p r ɪ z uː m d	p r ɪ z uː m d	p r ə d uː s	p r ə d uː s t	p r ə d uː s t	p r ɪ z uː m t	0	0	reg_d	reg_d	reg_t
string	k ə n k l uː d	k ə n k l uː d ə d	k ə n k l uː d ə d	ɪ n k l uː d	ɪ n k l uː d ə d	ɪ n k l uː d ə d	k ə n k l uː d ə d	1	1	reg_əd	reg_əd	reg_əd
string	p a ʊ t	p a ʊ t ə d	p a ʊ t ə d	p ʊ t	p ʊ t	p ʊ t	p a ʊ t	0	0	reg_əd	reg_əd	no_change
string	ə n l o ʊ d	ə n l o ʊ d ə d	ə n l o ʊ d ə d	l o ʊ d	l o ʊ d ə d	l o ʊ d ə d	ə n l o ʊ d ə d	1	1	reg_əd	reg_əd	reg_əd
string	ə b d͡ʒ ɛ k t	ə b d͡ʒ ɛ k t ə d	ə b d͡ʒ ɛ k t ə d	ə f ɛ k t	ə f ɛ k t ə d	ə f ɛ k t ə d	ə b d͡ʒ ɛ k t ə d	1	1	reg_əd	reg_əd	reg_əd
string	d o ʊ z	d o ʊ z d	d o ʊ z d	l o ʊ ɹ̩	l o ʊ ɹ̩ d	l o ʊ ɹ̩ d	d o ʊ z d	1	1	reg_d	reg_d	reg_d
string	s t æ b	s t æ b d	s t æ b d	s t æ k	s t æ k t	s t æ k t	s t æ b t	0	0	reg_d	reg_d	reg_t
string	t r æ n s k r a ɪ b	t r æ n s k r a ɪ b d	t r æ n s k r a ɪ t ə d	d ɪ s k r a ɪ b	d ɪ s k r a ɪ b d	d ɪ s k r a ɪ b d	t r æ n s k r a ɪ b d	0	1	reg_d	other	reg_d
string	r iː ɹ̩ e ɪ n d͡ʒ	r iː ɹ̩ e ɪ n d͡ʒ d	r iː ɹ̩ e ɪ n d͡ʒ d	r iː p e ɪ n t	r iː p e ɪ n t ə d	r iː p e ɪ n t ə d	r iː ɹ̩ e ɪ n d͡ʒ ə d	0	0	reg_d	reg_d	reg_əd
string	ɛ n d͡ʒ ə n iː r	ɛ n d͡ʒ ə n iː r d	ɛ n d͡ʒ ə n iː r d	ə p iː r	ə p iː r d	ə p iː r d	ɛ n d͡ʒ ə n iː r d	1	1	reg_d	reg_d	reg_d
string	ɡ r e ɪ z	ɡ r e ɪ z d	ɡ r e ɪ z d	p r e ɪ z	p r e ɪ z d	p r e ɪ z d	ɡ r e ɪ z d	1	1	reg_d	reg_d	reg_d
string	k ɑː l ɹ̩	k ɑː l ɹ̩ d	k ɑː l ɹ̩ d	k ʌ l ɹ̩	k ʌ l ɹ̩ d	k ʌ l ɹ̩ d	k ɑː l ɹ̩ d	1	1	reg_d	reg_d	reg_d
string	k o ʊ k s	k o ʊ k s t	k o ʊ k s t	t͡ʃ o ʊ k	t͡ʃ o ʊ k t	t͡ʃ o ʊ k t	k o ʊ k s t	1	1	reg_t	reg_t	reg_t
string	n ʌ k ə l	n ʌ k ə l d	n ʌ k ə l d	b ʌ k ə l	b ʌ k ə l d	b ʌ k ə l d	n ʌ k ə l d	1	1	reg_d	reg_d	reg_d
string	ɪ n v ɛ s t ə ɡ e ɪ t	ɪ n v ɛ s t ə ɡ e ɪ t ə d	ɪ n v ɛ s t ə ɡ t ə d	ɪ l ə s t r e ɪ t	ɪ l ə s t r e ɪ t ə d	ɪ l ə s t r e ɪ t ə d	ɪ n v ɛ s t ə ɡ e ɪ t ə d	0	1	reg_əd	other	reg_əd
string	t͡ʃ ɑː r d͡ʒ	t͡ʃ ɑː r d͡ʒ d	t͡ʃ ɑː r d͡ʒ d	p ɑː r k	p ɑː r k t	p ɑː r k t	t͡ʃ ɑː r d͡ʒ t	0	0	reg_d	reg_d	reg_t
string	s p ɑː t	s p ɑː t ə d	s p ɑː t ə d	p ɑː t	p ɑː t ə d	p ɑː t ə d	s p ɑː t ə d	1	1	reg_əd	reg_əd	reg_əd
string	d r a ʊ n	d r a ʊ n d	d r a ʊ n d	b r a ʊ n	b r a ʊ n d	b r a ʊ n d	d r a ʊ n d	1	1	reg_d	reg_d	reg_d
string	f l ɪ k ɹ̩	f l ɪ k ɹ̩ d	f l ɪ k ɹ̩ d	f l a ʊ ɹ̩	f l a ʊ ɹ̩ d	f l a ʊ ɹ̩ d	f l ɪ k ɹ̩ d	1	1	reg_d	reg_d	reg_d
string	h ɑː r d ə n	h ɑː r d ə n d	h ɑː r d ə n d	p ɑː r d ə n	p ɑː r d ə n d	p ɑː r d ə n d	h ɑː r d ə n d	1	1	reg_d	reg_d	reg_d
string	f l æ t ɹ̩	f l æ t ɹ̩ d	f l æ t ɹ̩ d	f l ʌ t ɹ̩	f l ʌ t ɹ̩ d	f l ʌ t ɹ̩ d	f l æ t ɹ̩ d	1	1	reg_d	reg_d	reg_d
string	w ɑː b ə l	w ɑː b ə l d	w ɑː b ə l d	w ɑː f ə l	w ɑː f ə l d	w ɑː f ə l d	w ɑː b ə l d	1	1	reg_d	reg_d	reg_d
string	l iː k	l iː k t	l ɛ k t	l iː p	l ɛ p t	l ɛ p t	NA	0	0	reg_t	vowel_change_suffix	vowel_change_suffix
string	t a ɪ p	t a ɪ p t	t a ɪ p t	t e ɪ p	t e ɪ p t	t e ɪ p t	t a ɪ p t	1	1	reg_t	reg_t	reg_t
string	k ɑː m p l ə m ɛ n t	k ɑː m p l ə m ɛ n t ə d	k ɑː m p l ə m ɛ m t ə d	ɪ m p l ə m ɛ n t	ɪ m p l ə m ɛ n t ə d	ɪ m p l ə m ɛ n t ə d	k ɑː m p l ə m ɛ n t ə d	0	1	reg_əd	other	reg_əd
string	ɪ n t ɹ̩ m ɪ k s	ɪ n t ɹ̩ m ɪ k s t	ɪ n t ɹ̩ m ɪ k s t	ɪ n t ɹ̩ f ɪ r	ɪ n t ɹ̩ f ɪ r d	ɪ n t ɹ̩ f ɪ r d	ɪ n t ɹ̩ m ɪ k s d	0	0	reg_t	reg_t	reg_d
string	n o ʊ z	n o ʊ z d	n o ʊ z d	n o ʊ t	n o ʊ t ə d	n o ʊ t ə d	n o ʊ z ə d	0	0	reg_d	reg_d	reg_əd
string	ɪ n f ɔ r m	ɪ n f ɔ r m d	ɪ n f ɔ r m d	p ɹ̩ f ɔ r m	p ɹ̩ f ɔ r m d	p ɹ̩ f ɔ r m d	ɪ n f ɔ r m d	1	1	reg_d	reg_d	reg_d
string	s p a ɪ s	s p a ɪ s t	s p a ɪ s t	s p a ɪ	s p a ɪ d	s p a ɪ d	s p a ɪ s d	0	0	reg_t	reg_t	reg_d
string	h ɔ l	h ɔ l d	h ɔ l d	k ɔ l	k ɔ l d	k ɔ l d	h ɔ l d	1	1	reg_d	reg_d	reg_d
string	d ɑː d͡ʒ	d ɑː d͡ʒ d	d ɑː d͡ʒ d	d ɑː t	d ɑː t ə d	d ɑː t ə d	d ɑː d͡ʒ ə d	0	0	reg_d	reg_d	reg_əd
string	s a ɪ	s a ɪ d	s a ɪ d	ʃ a ɪ	ʃ a ɪ d	ʃ a ɪ d	s a ɪ d	1	1	reg_d	reg_d	reg_d
string	s ɛ n t ɹ̩	s ɛ n t ɹ̩ d	s ɛ n t ɹ̩ d	ɛ n t ɹ̩	ɛ n t ɹ̩ d	ɛ n t ɹ̩ d	s ɛ n t ɹ̩ d	1	1	reg_d	reg_d	reg_d
string	p æ t͡ʃ	p æ t͡ʃ t	p æ t͡ʃ t	p æ t	p æ t ə d	p æ t ə d	p æ t͡ʃ ə d	0	0	reg_t	reg_t	reg_əd
string	f ɔ r w ɹ̩ d	f ɔ r w ɹ̩ d ə d	f ɔ r w ɹ̩ d ə d	ɔ r d ɹ̩	ɔ r d ɹ̩ d	ɔ r d ɹ̩ d	f ɔ r w ɹ̩ d d	0	0	reg_əd	reg_əd	reg_d
string	s t iː r	s t iː r d	s t iː r d	s t iː m	s t iː m d	s t iː m d	s t iː r d	1	1	reg_d	reg_d	reg_d
string	k ə n d ɛ n s	k ə n d ɛ n s t	k ə n d ɛ n s t	k ə n v ɪ n s	k ə n v ɪ n s t	k ə n v ɪ n s t	k ə n d ɛ n s t	1	1	reg_t	reg_t	reg_t
string	b e ɪ ð	b e ɪ ð d	b e ɪ ð d	b e ɪ s	b e ɪ s t	b e ɪ s t	b e ɪ ð t	0	0	reg_d	reg_d	reg_t
string	b ɔ l	b ɔ l d	b ɔ l d	b ɔ r	b ɔ r d	b ɔ r d	b ɔ l d	1	1	reg_d	reg_d	reg_d
string	k l ɪ k	k l ɪ k t	k l ɪ k t	k e ɪ k	k e ɪ k t	k e ɪ k t	k l ɪ k t	1	1	reg_t	reg_t	reg_t
string	t r ɪ m	t r ɪ m d	t r ɪ m d	t r ɪ p	t r ɪ p t	t r ɪ p t	t r ɪ m t	0	0	reg_d	reg_d	reg_t
string	d͡ʒ ɹ̩ k	d͡ʒ ɹ̩ k t	d͡ʒ ɹ̩ k t	d͡ʒ æ k	d͡ʒ æ k t	d͡ʒ æ k t	d͡ʒ ɹ̩ k t	1	1	reg_t	reg_t	reg_t
string	r iː b ɪ l d	r iː b ɪ l t	r iː b ɪ l d ə d	b ɪ l d	b ɪ l t	b ɪ l t	r iː b ɪ l t	0	1	coda_change	reg_əd	coda_change
string	h ɹ̩ d	h ɹ̩ d ə d	h ɹ̩ d ə d	h ɹ̩ iː	h ɹ̩ iː d	h ɹ̩ iː d	h ɹ̩ d d	0	0	reg_əd	reg_əd	reg_d
string	θ ʌ n d ɹ̩	θ ʌ n d ɹ̩ d	θ ʌ n d ɹ̩ d	w ɑː n d ɹ̩	w ɑː n d ɹ̩ d	w ɑː n d ɹ̩ d	θ ʌ n d ɹ̩ d	1	1	reg_d	reg_d	reg_d
string	ə p r o ʊ p r iː e ɪ t	ə p r o ʊ p r iː e ɪ t ə d	ə p r d	ə p r iː ʃ iː e ɪ t	ə p r iː ʃ iː e ɪ t ə d	ə p r iː ʃ iː e ɪ t ə d	ə p r o ʊ p r iː e ɪ t ə d	0	1	reg_əd	other	reg_əd
string	k ʌ m f ɹ̩ t	k ʌ m f ɹ̩ t ə d	k ʌ m f ɹ̩ t ə d	s ʌ f ɹ̩	s ʌ f ɹ̩ d	s ʌ f ɹ̩ d	k ʌ m f ɹ̩ t d	0	0	reg_əd	reg_əd	reg_d
string	r ɪ l e ɪ t	r ɪ l e ɪ t ə d	r ɪ l e ɪ t ə d	r ɪ m e ɪ n	r ɪ m e ɪ n d	r ɪ m e ɪ n d	r ɪ l e ɪ t d	0	0	reg_əd	reg_əd	reg_d
string	w a ɪ ɹ̩	w a ɪ ɹ̩ d	w a ɪ ɹ̩ d	w a ɪ p	w a ɪ p t	w a ɪ p t	w a ɪ ɹ̩ t	0	0	reg_d	reg_d	reg_t
string	ɛ k s ɹ̩ s a ɪ z	ɛ k s ɹ̩ s a ɪ z d	ɛ k s ɹ̩ s a ɪ z d	æ k s ɛ s ɹ̩ a ɪ z	æ k s ɛ s ɹ̩ a ɪ z d	æ k s ɛ s ɹ̩ a ɪ z d	ɛ k s ɹ̩ s a ɪ z d	1	1	reg_d	reg_d	reg_d
string	k r ʌ m p ə l	k r ʌ m p ə l d	k r ʌ m p ə l d	k r ʌ m b ə l	k r ʌ m b ə l d	k r ʌ m b ə l d	k r ʌ m p ə l d	1	1	reg_d	reg_d	reg_d
string	ɪ ɡ z æ m ɪ n	ɪ ɡ z æ m ɪ n d	ɪ ɡ z æ m ɪ n d	z ɪ ɡ z æ ɡ	z ɪ ɡ z æ ɡ d	z ɪ ɡ z æ ɡ d	ɪ ɡ z æ m ɪ n d	1	1	reg_d	reg_d	reg_d
string	ʃ ɑː p	ʃ ɑː p t	ʃ ɑː p t	t͡ʃ ɑː p	t͡ʃ ɑː p t	t͡ʃ ɑː p t	ʃ ɑː p t	1	1	reg_t	reg_t	reg_t
string	k ɔ r ə l e ɪ t	k ɔ r ə l e ɪ t ə d	k ɔ r ə l e ɪ t ə d	æ ɡ r ə v e ɪ t	æ ɡ r ə v e ɪ t ə d	æ ɡ r ə v e ɪ t ə d	k ɔ r ə l e ɪ t ə d	1	1	reg_əd	reg_əd	reg_əd
string	k ə m b a ɪ n	k ə m b a ɪ n d	k ə m b a ɪ n d	m a ɪ n	m a ɪ n d	m a ɪ n d	k ə m b a ɪ n d	1	1	reg_d	reg_d	reg_d
string	b ʌ k	b ʌ k t	b ʌ k t	b ʊ k	b ʊ k t	b ʊ k t	b ʌ k t	1	1	reg_t	reg_t	reg_t
string	ə p r o ʊ t͡ʃ	ə p r o ʊ t͡ʃ t	ə p r o ʊ t͡ʃ t	ə p o ʊ z	ə p o ʊ z d	ə p o ʊ z d	ə p r o ʊ t͡ʃ d	0	0	reg_t	reg_t	reg_d
string	s t ɔ k	s t ɔ k t	s t ɔ k t	s t æ k	s t æ k t	s t æ k t	s t ɔ k t	1	1	reg_t	reg_t	reg_t
string	k r iː e ɪ t	k r iː e ɪ t ə d	k r iː e ɪ t ə d	ɡ r e ɪ t	ɡ r e ɪ t ə d	ɡ r e ɪ t ə d	k r iː e ɪ t ə d	1	1	reg_əd	reg_əd	reg_əd
string	n e ɪ l	n e ɪ l d	n e ɪ l d	t e ɪ l	t e ɪ l d	t e ɪ l d	n e ɪ l d	1	1	reg_d	reg_d	reg_d
string	r ə f ɹ̩	r ə f ɹ̩ d	r ə f ɹ̩ d	p r ə f ɹ̩	p r ə f ɹ̩ d	p r ə f ɹ̩ d	r ə f ɹ̩ d	1	1	reg_d	reg_d	reg_d
string	s p ɑː r k	s p ɑː r k t	s p ɑː r k t	p ɑː r k	p ɑː r k t	p ɑː r k t	s p ɑː r k t	1	1	reg_t	reg_t	reg_t
string	h o ʊ l	h o ʊ l d	h o ʊ l d	r o ʊ l	r o ʊ l d	r o ʊ l d	h o ʊ l d	1	1	reg_d	reg_d	reg_d
string	f ɪ d ə l	f ɪ d ə l d	f ɪ d ə l d	p æ d ə l	p æ d ə l d	p æ d ə l d	f ɪ d ə l d	1	1	reg_d	reg_d	reg_d
string	ʃ r ɪ ŋ k	ʃ r æ ŋ k	ʃ r æ ŋ k	d r ɪ ŋ k	d r æ ŋ k	d r æ ŋ k	ʃ r æ ŋ k	1	1	vowel_change	vowel_change	vowel_change
string	b r a ɪ b	b r a ɪ b d	b r a ɪ b d	b a ɪ	b ɔ t	b ɔ t	NA	0	0	reg_d	reg_d	vowel_change_suffix
string	w ɑː l o ʊ	w ɑː l o ʊ d	w ɑː l o ʊ d	s w ɑː l o ʊ	s w ɑː l o ʊ d	s w ɑː l o ʊ d	w ɑː l o ʊ d	1	1	reg_d	reg_d	reg_d
string	ɪ n t ɛ n d	ɪ n t ɛ n d ə d	ɪ n t ɛ n d ə d	ɪ k s t ɛ n d	ɪ k s t ɛ n d ə d	ɪ k s t ɛ n d ə d	ɪ n t ɛ n d ə d	1	1	reg_əd	reg_əd	reg_əd
string	s æ n ɪ t a ɪ z	s æ n ɪ t a ɪ z d	s æ n ɪ t a ɪ z d	s a ɪ z	s a ɪ z d	s a ɪ z d	s æ n ɪ t a ɪ z d	1	1	reg_d	reg_d	reg_d
string	s ɹ̩ t͡ʃ	s ɹ̩ t͡ʃ t	s ɹ̩ t͡ʃ t	s ɹ̩ v	s ɹ̩ v d	s ɹ̩ v d	s ɹ̩ t͡ʃ d	0	0	reg_t	reg_t	reg_d
string	v æ k j uː m	v æ k j uː m d	v æ k j uː m d	ɪ k s k j uː z	ɪ k s k j uː z d	ɪ k s k j uː z d	v æ k j uː m d	1	1	reg_d	reg_d	reg_d
string	p ɛ r	p ɛ r d	p ɛ r d	b ɛ r	b ɛ r d	b o ʊ r	p ɛ r d	1	1	reg_d	reg_d	reg_d
string	r ɪ d͡ʒ ɛ k t	r ɪ d͡ʒ ɛ k t ə d	r ɪ d͡ʒ ɛ k t ə d	d ɪ t ɛ k t	d ɪ t ɛ k t ə d	d ɪ t ɛ k t ə d	r ɪ d͡ʒ ɛ k t ə d	1	1	reg_əd	reg_əd	reg_əd
string	d a ɪ d͡ʒ ɛ s t	d a ɪ d͡ʒ ɛ s t ə d	d a ɪ d͡ʒ ɛ s t ə d	d a ɪ s ɛ k t	d a ɪ s ɛ k t ə d	d a ɪ s ɛ k t ə d	d a ɪ d͡ʒ ɛ s t ə d	1	1	reg_əd	reg_əd	reg_əd
string	s ə b t r æ k t	s ə b t r æ k t ə d	s ə b t r æ k t ə d	ə t r æ k t	ə t r æ k t ə d	ə t r æ k t ə d	s ə b t r æ k t ə d	1	1	reg_əd	reg_əd	reg_əd
string	ə n p æ k	ə n p æ k t	ə n p æ k t	s n æ k	s n æ k t	s n æ k t	ə n p æ k t	1	1	reg_t	reg_t	reg_t
string	h iː l	h iː l d	h iː l d	s iː l	s iː l d	s iː l d	h iː l d	1	1	reg_d	reg_d	reg_d
string	b ɔ ɪ l	b ɔ ɪ l d	b ɔ ɪ l d	ɔ ɪ l	ɔ ɪ l d	ɔ ɪ l d	b ɔ ɪ l d	1	1	reg_d	reg_d	reg_d
string	ə n ɔ ɪ	ə n ɔ ɪ d	ə n ɔ ɪ d	ə d ɔ r	ə d ɔ r d	ə d ɔ r d	ə n ɔ ɪ d	1	1	reg_d	reg_d	reg_d
string	r iː s t r e ɪ n	r iː s t r e ɪ n d	r iː s t r e ɪ n d	s t r e ɪ n	s t r e ɪ n d	s t r e ɪ n d	r iː s t r e ɪ n d	1	1	reg_d	reg_d	reg_d
string	l æ p	l æ p t	l æ p t	k l æ p	k l æ p t	k l æ p t	l æ p t	1	1	reg_t	reg_t	reg_t
string	k w a ɪ ə t	k w a ɪ ə t ə d	k w a ɪ ə t ə d	k w ɪ t	k w ɪ t	k w ɪ t	k w a ɪ ə t	0	0	reg_əd	reg_əd	no_change
string	s k iː	s k iː d	s k iː d	s iː	s ɔ	s ɔ	s k ɔ	0	0	reg_d	reg_d	vowel_change
string	s k a ʊ t	s k a ʊ t ə d	s k a ʊ t ə d	s k a ʊ l	s k a ʊ l d	s k a ʊ l d	s k a ʊ t d	0	0	reg_əd	reg_əd	reg_d
string	s k ɹ̩ iː	s k ɹ̩ iː d	s k ɹ̩ iː d	s k ɹ̩ t	s k ɹ̩ t ə d	s k ɹ̩ t ə d	s k ɹ̩ iː ə d	0	0	reg_d	reg_d	reg_əd
string	ə s ɪ s t	ə s ɪ s t ə d	ə s ɪ s t ə d	ə r ɛ s t	ə r ɛ s t ə d	ə r ɛ s t ə d	ə s ɪ s t ə d	1	1	reg_əd	reg_əd	reg_əd
string	ɡ r uː p	ɡ r uː p t	ɡ r uː p t	d r uː p	d r uː p t	d r uː p t	ɡ r uː p t	1	1	reg_t	reg_t	reg_t
string	r ʌ s t	r ʌ s t ə d	r ʌ s t ə d	b ʌ s t	b ʌ s t ə d	b ʌ s t ə d	r ʌ s t ə d	1	1	reg_əd	reg_əd	reg_əd
string	h uː t	h uː t ə d	h uː t	h ɪ t	h ɪ t	h ɪ t	h uː t	1	0	reg_əd	no_change	no_change
string	d ɪ f iː t	d ɪ f iː t ə d	d ɪ f iː t ə d	d ɪ l iː t	d ɪ l iː t ə d	d ɪ l iː t ə d	d ɪ f iː t ə d	1	1	reg_əd	reg_əd	reg_əd
string	p r ə l ɔ ŋ	p r ə l ɔ ŋ d	p r ə l ɔ ŋ t	p r ə f ɛ s	p r ə f ɛ s t	p r ə f ɛ s t	p r ə l ɔ ŋ t	1	0	reg_d	reg_t	reg_t
string	l ɪ s t	l ɪ s t	l ɪ s t ə d	l æ s t	l æ s t ə d	l æ s t ə d	l ɪ s t ə d	1	0	no_change	reg_əd	reg_əd
string	p ɹ̩ s w e ɪ d	p ɹ̩ s w e ɪ d ə d	p ɹ̩ s w e ɪ d ə d	p ɹ̩ e ɪ d	p ɹ̩ e ɪ d ə d	p ɹ̩ e ɪ d ə d	p ɹ̩ s w e ɪ d ə d	1	1	reg_əd	reg_əd	reg_əd
string	k ə m p iː t	k ə m p iː t ə d	k ə m p iː t ə d	k ə m p l iː t	k ə m p l iː t ə d	k ə m p l iː t ə d	k ə m p iː t ə d	1	1	reg_əd	reg_əd	reg_əd
string	r ɪ l iː v	r ɪ l iː v d	r ɪ l iː v d	b ɪ l iː v	b ɪ l iː v d	b ɪ l iː v d	r ɪ l iː v d	1	1	reg_d	reg_d	reg_d
string	θ r ɛ t ə n	θ r ɛ t ə n d	θ r ɛ t ə n d	r ɛ k ə n	r ɛ k ə n d	r ɛ k ə n d	θ r ɛ t ə n d	1	1	reg_d	reg_d	reg_d
string	o ʊ v ɹ̩ r ə n	o ʊ v ɹ̩ r æ n	o ʊ v ɹ̩ r ə n d	o ʊ v ɹ̩ k ʊ k	o ʊ v ɹ̩ k ʊ k t	o ʊ v ɹ̩ k ʊ k t	o ʊ v ɹ̩ r ə n t	0	0	vowel_change	reg_d	reg_t
string	z iː r o ʊ	z iː r o ʊ d	z iː r o ʊ d	r o ʊ	r o ʊ d	r o ʊ d	z iː r o ʊ d	1	1	reg_d	reg_d	reg_d
string	d æ m ə d͡ʒ	d æ m ə d͡ʒ d	d æ m ə d͡ʒ d	m æ n ə d͡ʒ	m æ n ə d͡ʒ d	m æ n ə d͡ʒ d	d æ m ə d͡ʒ d	1	1	reg_d	reg_d	reg_d
string	k o ʊ t	k o ʊ t ə d	k o ʊ t	v o ʊ t	v o ʊ t ə d	v o ʊ t ə d	k o ʊ t ə d	0	1	reg_əd	no_change	reg_əd
string	k j uː b	k j uː b d	k j uː b d	k uː l	k uː l d	k uː l d	k j uː b d	1	1	reg_d	reg_d	reg_d
string	ʃ a ɪ n	ʃ a ɪ n d	ʃ a ɪ n d	ʃ a ɪ	ʃ a ɪ d	ʃ a ɪ d	ʃ a ɪ n d	1	1	reg_d	reg_d	reg_d
string	t æ k s iː	t æ k s iː d	t æ k s iː d	f æ n s iː	f æ n s iː d	f æ n s iː d	t æ k s iː d	1	1	reg_d	reg_d	reg_d
string	s t ɔ l	s t ɔ l d	s t ɔ l d	s t ɔ r	s t ɔ r d	s t ɔ r d	s t ɔ l d	1	1	reg_d	reg_d	reg_d
string	ɪ n k ɔ r p ɹ̩ e ɪ t	ɪ n k ɔ r p ɹ̩ e ɪ t ə d	ɪ n k ɔ r p ɹ̩ e ɪ t ɔ ɪ t ɔ r e ɪ	ɪ v æ p ɹ̩ e ɪ t	ɪ v æ p ɹ̩ e ɪ t ə d	ɪ v æ p ɹ̩ e ɪ t ə d	ɪ n k ɔ r p ɹ̩ e ɪ t ə d	0	1	reg_əd	other	reg_əd
string	t o ʊ t ə l	t o ʊ t ə l d	t o ʊ t ə l d	o ʊ ɡ ə l	o ʊ ɡ ə l d	o ʊ ɡ ə l d	t o ʊ t ə l d	1	1	reg_d	reg_d	reg_d
string	m æ ŋ ɡ ə l	m æ ŋ ɡ ə l d	m æ ŋ ɡ ə l d	s ɪ ŋ ɡ ə l	s ɪ ŋ ɡ ə l d	s ɪ ŋ ɡ ə l d	m æ ŋ ɡ ə l d	1	1	reg_d	reg_d	reg_d
string	o ʊ v ɹ̩ l æ p	o ʊ v ɹ̩ l æ p t	o ʊ v ɹ̩ l æ p t	o ʊ v ɹ̩ k ʊ k	o ʊ v ɹ̩ k ʊ k t	o ʊ v ɹ̩ k ʊ k t	o ʊ v ɹ̩ l æ p t	1	1	reg_t	reg_t	reg_t
string	k ɑː n t r æ k t	k ɑː n t r æ k t ə d	k ɑː n t r æ k t ə d	d ɪ s t r æ k t	d ɪ s t r æ k t ə d	d ɪ s t r æ k t ə d	k ɑː n t r æ k t ə d	1	1	reg_əd	reg_əd	reg_əd
string	k r a ʊ t͡ʃ	k r a ʊ t͡ʃ t	k r a ʊ t͡ʃ t	k r a ʊ d	k r a ʊ d ə d	k r a ʊ d ə d	k r a ʊ t͡ʃ ə d	0	0	reg_t	reg_t	reg_əd
string	b uː m	b uː m d	b uː m d	b l uː m	b l uː m d	b l uː m d	b uː m d	1	1	reg_d	reg_d	reg_d
string	m o ʊ l d	m o ʊ l d ə d	m o ʊ l d ə d	h o ʊ l d	h ɛ l d	h ɛ l d	m ɛ l d	0	0	reg_əd	reg_əd	vowel_change
string	ɪ n t r iː ɡ	ɪ n t r iː ɡ d	ɪ n t r iː ɡ d	t r iː t	t r iː t ə d	t r iː t ə d	ɪ n t r iː ɡ ə d	0	0	reg_d	reg_d	reg_əd
string	f r ɛ k ə l	f r ɛ k ə l d	f r ɛ k ə l d	r ɛ s ə l	r ɛ s ə l d	r ɛ s ə l d	f r ɛ k ə l d	1	1	reg_d	reg_d	reg_d
string	h ʌ ʃ	h ʌ ʃ t	h ʌ ʃ t	ɡ ʌ ʃ	ɡ ʌ ʃ t	ɡ ʌ ʃ t	h ʌ ʃ t	1	1	reg_t	reg_t	reg_t
string	b æ ŋ k	b æ ŋ k t	b æ ŋ k t	b æ k	b æ k t	b æ k t	b æ ŋ k t	1	1	reg_t	reg_t	reg_t
string	h iː p	h iː p t	h iː p t	h iː t	h iː t ə d	h iː t ə d	h iː p ə d	0	0	reg_t	reg_t	reg_əd
string	ɪ ɡ z ɪ s t	ɪ ɡ z ɪ s t ə d	ɪ ɡ z ɪ s t ə d	r ɪ z ɪ s t	r ɪ z ɪ s t ə d	r ɪ z ɪ s t ə d	ɪ ɡ z ɪ s t ə d	1	1	reg_əd	reg_əd	reg_əd
string	ə k ɑː m p l ɪ ʃ	ə k ɑː m p l ɪ ʃ t	ə m ɑː m p l ɪ ʃ t	d ɪ m ɑː l ɪ ʃ	d ɪ m ɑː l ɪ ʃ t	d ɪ m ɑː l ɪ ʃ t	ə k ɑː m p l ɪ ʃ t	0	1	reg_t	other	reg_t
string	k e ɪ v	k e ɪ v d	k e ɪ v d	w e ɪ v	w e ɪ v d	w e ɪ v d	k e ɪ v d	1	1	reg_d	reg_d	reg_d
string	p ɛ d ə l	p ɛ d ə l d	p ɛ d ə l d	p æ d ə l	p æ d ə l d	p æ d ə l d	p ɛ d ə l d	1	1	reg_d	reg_d	reg_d
string	r ɪ v ɹ̩ s	r ɪ v ɹ̩ s t	r ɪ v ɹ̩ s t	r ɪ t ɹ̩ n	r ɪ t ɹ̩ n d	r ɪ t ɹ̩ n d	r ɪ v ɹ̩ s d	0	0	reg_t	reg_t	reg_d
string	s ə b s a ɪ d	s ə b s a ɪ d ə d	s ə b s a ɪ d	s l a ɪ d	s l ɪ d	s l ɪ d	s ə b s ɪ d	0	0	reg_əd	no_change	vowel_change
string	k ə n s ɹ̩ n	k ə n s ɹ̩ n d	k ə n s ɹ̩ n d	æ n s ɹ̩	æ n s ɹ̩ d	æ n s ɹ̩ d	k ə n s ɹ̩ n d	1	1	reg_d	reg_d	reg_d
string	t iː	t iː d	t ɔ	t iː m	t ɔ m d	t iː m d	NA	0	0	reg_d	vowel_change	vowel_change_suffix
string	f l ɹ̩ iː	f l ɹ̩ iː d	f l ɹ̩ iː d	f l ɹ̩ t	f l ɹ̩ t ə d	f l ɹ̩ t ə d	f l ɹ̩ iː ə d	0	0	reg_d	reg_d	reg_əd
string	n ɛ r o ʊ	n ɛ r o ʊ d	n ɛ r o ʊ d	r o ʊ	r o ʊ d	r o ʊ d	n ɛ r o ʊ d	1	1	reg_d	reg_d	reg_d
string	ɪ m p r ə v a ɪ z	ɪ m p r ə v a ɪ z d	ɪ m p r ə v a ɪ z d	p r ə v a ɪ d	p r ə v a ɪ d ə d	p r ə v a ɪ d ə d	ɪ m p r ə v a ɪ z ə d	0	0	reg_d	reg_d	reg_əd
final	h æ v	h æ d	h æ v d	ʃ e ɪ v	ʃ e ɪ v d	ʃ e ɪ v d	h æ v d	1	0	coda_change	reg_d	reg_d
final	h æ p ə n	h æ p ə n d	h æ p ə n d	d ɑː n	d ɑː n d	d ɑː n d	h æ p ə n d	1	1	reg_d	reg_d	reg_d
final	p l e ɪ s	p l e ɪ s t	p l e ɪ s t	k l æ s	k l æ s t	k l æ s t	p l e ɪ s t	1	1	reg_t	reg_t	reg_t
final	k l o ʊ z	k l o ʊ z d	k l o ʊ z d	r iː ə l a ɪ z	r iː ə l a ɪ z d	r iː ə l a ɪ z d	k l o ʊ z d	1	1	reg_d	reg_d	reg_d
final	k ʊ k	k ʊ k t	k ʊ k t	w e ɪ k	w o ʊ k	w o ʊ k	NA	0	0	reg_t	reg_t	vowel_change
final	r ʌ n	r æ n	r ʌ n d	ɡ ɑː r d ə n	ɡ ɑː r d ə n d	ɡ ɑː r d ə n d	r ʌ n d	1	0	vowel_change	reg_d	reg_d
final	s e ɪ	s ɛ d	s e ɪ d	b a ɪ	b ɔ t	b ɔ t	NA	0	0	vowel_change_suffix	reg_d	vowel_change_suffix
final	f ɪ ʃ	f ɪ ʃ t	f ɪ ʃ t	d ɪ ʃ	d ɪ ʃ t	d ɪ ʃ t	f ɪ ʃ t	1	1	reg_t	reg_t	reg_t
final	h ɹ̩ t	h ɹ̩ t	h ɹ̩ t ə d	s t ʌ n t	s t ʌ n t ə d	s t ʌ n t ə d	h ɹ̩ t ə d	1	0	no_change	reg_əd	reg_əd
final	l uː z	l ɔ s t	l uː z d	r iː ə l a ɪ z	r iː ə l a ɪ z d	r iː ə l a ɪ z d	l uː z d	1	0	rhyme_replaced	reg_d	reg_d
final	æ s k	æ s k t	æ s k t	p l ʌ k	p l ʌ k t	p l ʌ k t	æ s k t	1	1	reg_t	reg_t	reg_t
final	p e ɪ	p e ɪ d	p e ɪ d	s p r e ɪ	s p r e ɪ d	s p r e ɪ d	p e ɪ d	1	1	reg_d	reg_d	reg_d
final	s p ɛ l	s p ɛ l d	s p ɛ l d	r o ʊ l	r o ʊ l d	r o ʊ l d	s p ɛ l d	1	1	reg_d	reg_d	reg_d
final	s p ɪ t	s p æ t	s p ɪ t ə d	h e ɪ t	h e ɪ t ə d	h e ɪ t ə d	s p ɪ t ə d	1	0	vowel_change	reg_əd	reg_əd
final	m ɪ s	m ɪ s t	m ɪ s t	p ɪ r s	p ɪ r s t	p ɪ r s t	m ɪ s t	1	1	reg_t	reg_t	reg_t
final	s t ɑː r t	s t ɑː r t ə d	s t ɑː r t ə d	b o ʊ t	b o ʊ t ə d	b o ʊ t ə d	s t ɑː r t ə d	1	1	reg_əd	reg_əd	reg_əd
final	p ɑː r t iː	p ɑː r t iː d	p ɑː r t iː d	r ɛ d iː	r ɛ d iː d	r ɛ d iː d	p ɑː r t iː d	1	1	reg_d	reg_d	reg_d
final	ɡ ɛ s	ɡ ɛ s t	ɡ ɑː s t	r ɪ l æ k s	r ɪ l æ k s t	r ɪ l æ k s t	ɡ ɛ s t	0	1	reg_t	vowel_change_suffix	reg_t
final	f a ɪ ɹ̩	f a ɪ ɹ̩ d	f ɔ t ɹ̩ d	k ʌ v ɹ̩	k ʌ v ɹ̩ d	k ʌ v ɹ̩ d	f a ɪ ɹ̩ d	0	1	reg_d	other	reg_d
final	s ɪ t	s æ t	s ɪ t	æ n t ɪ s ə p e ɪ t	æ n t ɪ s ə p e ɪ t ə d	æ n t ɪ s ə p e ɪ t ə d	s ɪ t ə d	0	0	vowel_change	no_change	reg_əd
final	ʃ uː	ʃ uː d	ʃ uː d	b uː	b uː d	b uː d	ʃ uː d	1	1	reg_d	reg_d	reg_d
final	w ɹ̩ k	w ɹ̩ k t	w ɹ̩ k t	θ æ ŋ k	θ æ ŋ k t	θ æ ŋ k t	w ɹ̩ k t	1	1	reg_t	reg_t	reg_t
final	t ʌ t͡ʃ	t ʌ t͡ʃ t	t ʌ t͡ʃ t	b r æ n t͡ʃ	b r æ n t͡ʃ t	b r æ n t͡ʃ t	t ʌ t͡ʃ t	1	1	reg_t	reg_t	reg_t
final	s t ɑː p	s t ɑː p t	s t ɑː p t	s k uː p	s k uː p t	s k uː p t	s t ɑː p t	1	1	reg_t	reg_t	reg_t
final	s t ɹ̩	s t ɹ̩ d	s t ɹ̩ d	m ɹ̩ d ɹ̩	m ɹ̩ d ɹ̩ d	m ɹ̩ d ɹ̩ d	s t ɹ̩ d	1	1	reg_d	reg_d	reg_d
final	l ɛ d	l ɛ d ə d	l ɛ d	ə n w a ɪ n d	ə n w a ʊ n d	ə n w a ʊ n d	NA	0	0	reg_əd	no_change	vowel_change
final	p ɔ r	p ɔ r d	p ɔ r d	ɪ ɡ n ɔ r	ɪ ɡ n ɔ r d	ɪ ɡ n ɔ r d	p ɔ r d	1	1	reg_d	reg_d	reg_d
final	s ə p o ʊ z	s ə p o ʊ z d	s ə p o ʊ z d	uː z	uː z d	uː z d	s ə p o ʊ z d	1	1	reg_d	reg_d	reg_d
final	w ʌ n d ɹ̩	w ʌ n d ɹ̩ d	w ʌ n d ɹ̩ d	h ɑː l ɹ̩	h ɑː l ɹ̩ d	h ɑː l ɹ̩ d	w ʌ n d ɹ̩ d	1	1	reg_d	reg_d	reg_d
final	k w ɛ s t͡ʃ ə n	k w ɛ s t͡ʃ ə n d	k w ɛ s t͡ʃ ə n d	o ʊ p ə n	o ʊ p ə n d	o ʊ p ə n d	k w ɛ s t͡ʃ ə n d	1	1	reg_d	reg_d	reg_d
final	d a ɪ	d a ɪ d	d a ɪ d	p r e ɪ	p r e ɪ d	p r e ɪ d	d a ɪ d	1	1	reg_d	reg_d	reg_d
final	s p iː k	s p o ʊ k	s p iː k t	t r ʌ k	t r ʌ k t	t r ʌ k t	s p iː k t	1	0	vowel_change	reg_t	reg_t
final	s w iː p	s w ɛ p t	s w iː p t	p ʌ m p	p ʌ m p t	p ʌ m p t	s w iː p t	1	0	vowel_change_suffix	reg_t	reg_t
final	b r ʌ ʃ	b r ʌ ʃ t	b r ʌ ʃ t	k r æ ʃ	k r æ ʃ t	k r æ ʃ t	b r ʌ ʃ t	1	1	reg_t	reg_t	reg_t
final	ə b a ɪ d	ə b a ɪ d ə d	ə b a ɪ d ə d	r e ɪ d	r e ɪ d ə d	r e ɪ d ə d	ə b a ɪ d ə d	1	1	reg_əd	reg_əd	reg_əd
final	l æ f	l æ f t	l æ f t	n a ɪ f	n a ɪ f t	n a ɪ f t	l æ f t	1	1	reg_t	reg_t	reg_t
final	t a ɪ	t a ɪ d	t a ɪ d	d r a ɪ	d r a ɪ d	d r a ɪ d	t a ɪ d	1	1	reg_d	reg_d	reg_d
final	ɪ n v a ɪ t	ɪ n v a ɪ t ə d	ɪ n v a ɪ t ə d	b ɛ l t	b ɛ l t ə d	b ɛ l t ə d	ɪ n v a ɪ t ə d	1	1	reg_əd	reg_əd	reg_əd
final	k r ɔ l	k r ɔ l d	k r ɔ l d	f uː l	f uː l d	f uː l d	k r ɔ l d	1	1	reg_d	reg_d	reg_d
final	p o ʊ k	p o ʊ k t	p o ʊ k t	j æ ŋ k	j æ ŋ k t	j æ ŋ k t	p o ʊ k t	1	1	reg_t	reg_t	reg_t
final	ɡ r o ʊ	ɡ r uː	ɡ r uː	b l o ʊ	b l o ʊ d	b l uː	ɡ r o ʊ d	0	0	vowel_change	vowel_change	reg_d
final	s t iː l	s t o ʊ l	s t iː l d	k r ʌ m b ə l	k r ʌ m b ə l d	k r ʌ m b ə l d	s t iː l d	1	0	vowel_change	reg_d	reg_d
final	t͡ʃ uː	t͡ʃ uː d	t͡ʃ uː d	s uː	s uː d	s uː d	t͡ʃ uː d	1	1	reg_d	reg_d	reg_d
final	w ɔ k	w ɔ k t	w ɔ k t	h a ɪ k	h a ɪ k t	h a ɪ k t	w ɔ k t	1	1	reg_t	reg_t	reg_t
final	s ɛ l	s o ʊ l d	s ɛ l d	m ʌ s ə l	m ʌ s ə l d	m ʌ s ə l d	s ɛ l d	1	0	vowel_change_suffix	reg_d	reg_d
final	p ɪ k t͡ʃ ɹ̩	p ɪ k t͡ʃ ɹ̩ d	p ɪ k t͡ʃ ɹ̩ d	p a ʊ ɹ̩	p a ʊ ɹ̩ d	p a ʊ ɹ̩ d	p ɪ k t͡ʃ ɹ̩ d	1	1	reg_d	reg_d	reg_d
final	k o ʊ m	k o ʊ m d	k o ʊ m d	k ɑː s t uː m	k ɑː s t uː m d	k ɑː s t uː m d	k o ʊ m d	1	1	reg_d	reg_d	reg_d
final	s m a ɪ l	s m a ɪ l d	s m a ɪ l d	t ʌ m b ə l	t ʌ m b ə l d	t ʌ m b ə l d	s m a ɪ l d	1	1	reg_d	reg_d	reg_d
final	d r ɑː p	d r ɑː p t	d r ɑː p t	s n æ p	s n æ p t	s n æ p t	d r ɑː p t	1	1	reg_t	reg_t	reg_t
final	s k r æ t͡ʃ	s k r æ t͡ʃ t	s k r æ t͡ʃ t	b r æ n t͡ʃ	b r æ n t͡ʃ t	b r æ n t͡ʃ t	s k r æ t͡ʃ t	1	1	reg_t	reg_t	reg_t
final	s t æ m p	s t æ m p t	s t ʊ æ m d	s l iː p	s l ɛ p t	s l ɛ p t	NA	0	0	reg_t	rhyme_replaced	vowel_change_suffix
final	k r ʌ ʃ	k r ʌ ʃ t	k r ʌ ʃ t	d ɪ s t ɪ ŋ ɡ w ɪ ʃ	d ɪ s t ɪ ŋ ɡ w ɪ ʃ t	d ɪ s t ɪ ŋ ɡ w ɪ ʃ t	k r ʌ ʃ t	1	1	reg_t	reg_t	reg_t
final	b uː t	b uː t ə d	b uː t	k ɑː s t	k ɑː s t	k ɑː s t	b uː t	1	0	reg_əd	no_change	no_change
final	r ə k ɔ r d	r ə k ɔ r d ə d	r ə k ɔ r d ə d	w uː n d	w uː n d ə d	w uː n d ə d	r ə k ɔ r d ə d	1	1	reg_əd	reg_əd	reg_əd
final	t͡ʃ uː z	t͡ʃ o ʊ z	t͡ʃ uː z d	m ɛ m ɹ̩ a ɪ z	m ɛ m ɹ̩ a ɪ z d	m ɛ m ɹ̩ a ɪ z d	t͡ʃ uː z d	1	0	vowel_change	reg_d	reg_d
final	d æ n s	d æ n s t	d æ n s t	ɪ k s p r ɛ s	ɪ k s p r ɛ s t	ɪ k s p r ɛ s t	d æ n s t	1	1	reg_t	reg_t	reg_t
final	s n ɑː r ə l	s n ɑː r ə l d	s n ɑː r ə l d	r ɪ p ɛ l	r ɪ p ɛ l d	r ɪ p ɛ l d	s n ɑː r ə l d	1	1	reg_d	reg_d	reg_d
final	l ɪ f t	l ɪ f t ə d	l ɪ f t ə d	p ɑː r t	p ɑː r t ə d	p ɑː r t ə d	l ɪ f t ə d	1	1	reg_əd	reg_əd	reg_əd
final	t͡ʃ ɛ k	t͡ʃ ɛ k t	t͡ʃ ɛ k t	d ʌ ŋ k	d ʌ ŋ k t	d ʌ ŋ k t	t͡ʃ ɛ k t	1	1	reg_t	reg_t	reg_t
final	f ɑː l o ʊ	f ɑː l o ʊ d	f ɑː l o ʊ d	r o ʊ	r o ʊ d	r o ʊ d	f ɑː l o ʊ d	1	1	reg_d	reg_d	reg_d
final	h æ n d	h æ n d ə d	h æ n d ə d	p æ d	p æ d ə d	p æ d ə d	h æ n d ə d	1	1	reg_əd	reg_əd	reg_əd
final	r ɛ k ə m ɛ n d	r ɛ k ə m ɛ n d ə d	r ɛ k ə m ɛ n d ə d	l o ʊ d	l o ʊ d ə d	l o ʊ d ə d	r ɛ k ə m ɛ n d ə d	1	1	reg_əd	reg_əd	reg_əd
final	ʃ uː t	ʃ ɑː t	ʃ uː t ə d	m ɛ l t	m ɛ l t ə d	m ɛ l t ə d	ʃ uː t ə d	1	0	vowel_change	reg_əd	reg_əd
final	s o ʊ k	s o ʊ k t	s o ʊ k t	r ɑː k	r ɑː k t	r ɑː k t	s o ʊ k t	1	1	reg_t	reg_t	reg_t
final	p ɑː r t ɪ s ə p e ɪ t	p ɑː r t ɪ s ə p e ɪ t ə d	p s t ɪ s t ə p e ɪ t ə d	r iː æ k t	r iː æ k t ə d	r iː æ k t ə d	p ɑː r t ɪ s ə p e ɪ t ə d	0	1	reg_əd	other	reg_əd
final	s m æ k	s m æ k t	s m æ k t	k r æ k	k r æ k t	k r æ k t	s m æ k t	1	1	reg_t	reg_t	reg_t
final	z ɪ p	z ɪ p t	z ɪ p t	t͡ʃ ɑː p	t͡ʃ ɑː p t	t͡ʃ ɑː p t	z ɪ p t	1	1	reg_t	reg_t	reg_t
final	w ɔ r m	w ɔ r m d	w ɔ r m d	s k ɪ m	s k ɪ m d	s k ɪ m d	w ɔ r m d	1	1	reg_d	reg_d	reg_d
final	k æ m p	k æ m p t	k æ m p t	s l æ p	s l æ p t	s l æ p t	k æ m p t	1	1	reg_t	reg_t	reg_t
final	p ɹ̩ f ɛ k t	p ɹ̩ f ɛ k t ə d	p ɹ̩ f ɛ k t ə d	f r ʌ s t r e ɪ t	f r ʌ s t r e ɪ t ə d	f r ʌ s t r e ɪ t ə d	p ɹ̩ f ɛ k t ə d	1	1	reg_əd	reg_əd	reg_əd
final	z uː m	z uː m d	z uː m d	f ɔ r m	f ɔ r m d	f ɔ r m d	z uː m d	1	1	reg_d	reg_d	reg_d
final	f o ʊ n	f o ʊ n d	f o ʊ n d	j ɔ n	j ɔ n d	j ɔ n d	f o ʊ n d	1	1	reg_d	reg_d	reg_d
final	ɡ r e ɪ s	ɡ r e ɪ s t	ɡ r e ɪ s t	r iː l iː s	r iː l iː s t	r iː l iː s t	ɡ r e ɪ s t	1	1	reg_t	reg_t	reg_t
final	h ʊ k	h ʊ k t	h ʊ k t	k e ɪ k	k e ɪ k t	k e ɪ k t	h ʊ k t	1	1	reg_t	reg_t	reg_t
final	p ɛ ɡ	p ɛ ɡ d	p ɛ ɡ d	r ɪ ɡ	r ɪ ɡ d	r ɪ ɡ d	p ɛ ɡ d	1	1	reg_d	reg_d	reg_d
final	f l o ʊ t	f l o ʊ t ə d	f l o ʊ t	t e ɪ s t	t e ɪ s t ə d	t e ɪ s t ə d	f l o ʊ t ə d	0	1	reg_əd	no_change	reg_əd
final	s p ɛ n d	s p ɛ n t	s p ɛ n d ə d	b ɛ n d	b ɛ n d ə d	b ɛ n d ə d	s p ɛ n d ə d	1	0	coda_change	reg_əd	reg_əd
final	s æ n d	s æ n d ə d	s æ n d ə d	ʃ r ɛ d	ʃ r ɛ d ə d	ʃ r ɛ d ə d	s æ n d ə d	1	1	reg_əd	reg_əd	reg_əd
final	o ʊ n	o ʊ n d	o ʊ n d	l o ʊ n	l o ʊ n d	l o ʊ n d	o ʊ n d	1	1	reg_d	reg_d	reg_d
final	m e ɪ l	m e ɪ l d	m e ɪ l d	s m ɛ l	s m ɛ l d	s m ɛ l d	m e ɪ l d	1	1	reg_d	reg_d	reg_d
final	ə n t a ɪ	ə n t a ɪ d	ə n t a ɪ d	o ʊ b e ɪ	o ʊ b e ɪ d	o ʊ b e ɪ d	ə n t a ɪ d	1	1	reg_d	reg_d	reg_d
final	ɡ r iː s	ɡ r iː s t	ɡ r iː s t	n o ʊ t ɪ s	n o ʊ t ɪ s t	n o ʊ t ɪ s t	ɡ r iː s t	1	1	reg_t	reg_t	reg_t
final	p r ə t ɛ k t	p r ə t ɛ k t ə d	p r ə t ɛ k t ə d	t r ʌ s t	t r ʌ s t ə d	t r ʌ s t ə d	p r ə t ɛ k t ə d	1	1	reg_əd	reg_əd	reg_əd
final	r e ɪ d iː o ʊ	r e ɪ d iː o ʊ d	r e ɪ d iː d iː d	ɡ l o ʊ	ɡ l o ʊ d	ɡ l o ʊ d	r e ɪ d iː o ʊ d	0	1	reg_d	other	reg_d
final	d ɪ v a ɪ d	d ɪ v a ɪ d ə d	d ɪ v a ɪ d ə d	s t æ n d	s t ʊ d	s t ʊ d	NA	0	0	reg_əd	reg_əd	rhyme_replaced
final	t o ʊ	t o ʊ d	t o ʊ d	ɡ o ʊ	w ɛ n t	w ɛ n t	NA	0	0	reg_d	reg_d	other
final	t r æ n z m ɪ t	t r æ n z m ɪ t ə d	t r æ n z m ɪ t ə d	ɛ k s t r ə k e ɪ t	ɛ k s t r ə k e ɪ t ə d	ɛ k s t r ə k e ɪ t ə d	t r æ n z m ɪ t ə d	1	1	reg_əd	reg_əd	reg_əd
final	b æ t	b æ t ə d	b æ t ə d	b ɛ l t	b ɛ l t ə d	b ɛ l t ə d	b æ t ə d	1	1	reg_əd	reg_əd	reg_əd
final	w e ɪ	w e ɪ d	w e ɪ d	d ɪ n a ɪ	d ɪ n a ɪ d	d ɪ n a ɪ d	w e ɪ d	1	1	reg_d	reg_d	reg_d
final	k l iː r	k l iː r d	k l iː r d	b ɔ r	b ɔ r d	b ɔ r d	k l iː r d	1	1	reg_d	reg_d	reg_d
final	ɛ n t͡ʃ æ n t	ɛ n t͡ʃ æ n t ə d	ɛ n t͡ʃ æ n t ə d	f ɹ̩ m ɛ n t	f ɹ̩ m ɛ n t ə d	f ɹ̩ m ɛ n t ə d	ɛ n t͡ʃ æ n t ə d	1	1	reg_əd	reg_əd	reg_əd
final	ə d r ɛ s	ə d r ɛ s t	ə d r ɛ s t	ɪ m b ɛ r ə s	ɪ m b ɛ r ə s t	ɪ m b ɛ r ə s t	ə d r ɛ s t	1	1	reg_t	reg_t	reg_t
final	s m ʌ d͡ʒ	s m ʌ d͡ʒ d	s m ʌ d͡ʒ d	p l ʌ n d͡ʒ	p l ʌ n d͡ʒ d	p l ʌ n d͡ʒ d	s m ʌ d͡ʒ d	1	1	reg_d	reg_d	reg_d
final	d r e ɪ p	d r e ɪ p t	d r e ɪ p t	l ɪ m p	l ɪ m p t	l ɪ m p t	d r e ɪ p t	1	1	reg_t	reg_t	reg_t
final	d ɪ p	d ɪ p t	d ɪ p t	s t r æ p	s t r æ p t	s t r æ p t	d ɪ p t	1	1	reg_t	reg_t	reg_t
final	ə s o ʊ s iː e ɪ t	ə s o ʊ s iː e ɪ t ə d	ə s o ʊ s iː e ɪ t ə d	k ʌ t	k e ɪ t	k ʌ t	NA	0	0	reg_əd	reg_əd	vowel_change
final	s ɪ ŋ k	s æ ŋ k	s ɪ ŋ k t	ʃ e ɪ k	ʃ ʊ k	ʃ ʊ k	NA	0	0	vowel_change	reg_t	vowel_change
final	p iː l	p iː l d	p iː l d	d r ɪ b ə l	d r ɪ b ə l d	d r ɪ b ə l d	p iː l d	1	1	reg_d	reg_d	reg_d
final	ɪ k s ɛ p t	ɪ k s ɛ p t ə d	ɪ k s ɛ p t ə d	d ɑː t	d ɑː t ə d	d ɑː t ə d	ɪ k s ɛ p t ə d	1	1	reg_əd	reg_əd	reg_əd
final	f r a ʊ n	f r a ʊ n d	f r a ʊ n d	w ɪ n	w ʌ n	w ʌ n	NA	0	0	reg_d	reg_d	vowel_change
final	s p r ɛ d	s p r ɛ d	s p r ɛ d ə d	s l a ɪ d	s l ɪ d	s l ɪ d	NA	0	0	no_change	reg_əd	vowel_change
final	f l ɪ p	f l ɪ p t	f l ɪ p t	s t r a ɪ p	s t r a ɪ p t	s t r a ɪ p t	f l ɪ p t	1	1	reg_t	reg_t	reg_t
final	m ʌ ʃ r uː m	m ʌ ʃ r uː m d	m ʌ ʃ r uː m d	ʃ e ɪ m	ʃ e ɪ m d	ʃ e ɪ m d	m ʌ ʃ r uː m d	1	1	reg_d	reg_d	reg_d
final	r iː d uː	r iː d ɪ d	r iː d ɪ d	s uː	s uː d	s uː d	r iː d uː d	0	0	vowel_change_suffix	vowel_change_suffix	reg_d
final	ɡ æ s p	ɡ æ s p t	ɡ æ s p t	f l ɑː p	f l ɑː p t	f l ɑː p t	ɡ æ s p t	1	1	reg_t	reg_t	reg_t
final	t ɛ r ə r a ɪ z	t ɛ r ə r a ɪ z d	t ɛ r ə r a ɪ z d	r e ɪ z	r e ɪ z d	r e ɪ z d	t ɛ r ə r a ɪ z d	1	1	reg_d	reg_d	reg_d
final	b ʊ t͡ʃ ɹ̩	b ʊ t͡ʃ ɹ̩ d	b ʊ t͡ʃ ɹ̩ d	f ɑː s t ɹ̩	f ɑː s t ɹ̩ d	f ɑː s t ɹ̩ d	b ʊ t͡ʃ ɹ̩ d	1	1	reg_d	reg_d	reg_d
final	m ə n ɪ p j ə l e ɪ t	m ə n ɪ p j ə l e ɪ t ə d	m ə n ə l d	t ɑː l ɹ̩ e ɪ t	t ɑː l ɹ̩ e ɪ t ə d	t ɑː l ɹ̩ e ɪ t ə d	m ə n ɪ p j ə l e ɪ t ə d	0	1	reg_əd	other	reg_əd
final	d r ʌ ɡ	d r ʌ ɡ d	d r ʌ ɡ d	ə n p l ʌ ɡ	ə n p l ʌ ɡ d	ə n p l ʌ ɡ d	d r ʌ ɡ d	1	1	reg_d	reg_d	reg_d
final	s l a ɪ s	s l a ɪ s t	s l a ɪ s t	p r ə ɡ r ɛ s	p r ə ɡ r ɛ s t	p r ə ɡ r ɛ s t	s l a ɪ s t	1	1	reg_t	reg_t	reg_t
final	s ɹ̩ a ʊ n d	s ɹ̩ a ʊ n d ə d	s ɹ̩ a ʊ n d ə d	b ɛ d	b ɛ d ə d	b ɛ d ə d	s ɹ̩ a ʊ n d ə d	1	1	reg_əd	reg_əd	reg_əd
final	s k r ɪ b ə l	s k r ɪ b ə l d	s k r ɪ b ə l d	r æ t ə l	r æ t ə l d	r æ t ə l d	s k r ɪ b ə l d	1	1	reg_d	reg_d	reg_d
final	ɡ r iː n	ɡ r iː n d	ɡ r iː n d	p l æ n	p l æ n d	p l æ n d	ɡ r iː n d	1	1	reg_d	reg_d	reg_d
final	s k w ɹ̩ t	s k w ɹ̩ t ə d	s k w ɹ̩ t	j uː n a ɪ t	j uː n a ɪ t ə d	j uː n a ɪ t ə d	s k w ɹ̩ t ə d	0	1	reg_əd	no_change	reg_əd
final	k ə n ɛ k t	k ə n ɛ k t ə d	k ə n ɛ k t ə d	d ɪ l iː t	d ɪ l iː t ə d	d ɪ l iː t ə d	k ə n ɛ k t ə d	1	1	reg_əd	reg_əd	reg_əd
final	ɡ r ɪ l	ɡ r ɪ l d	ɡ r ɪ l d	h æ n d ə l	h æ n d ə l d	h æ n d ə l d	ɡ r ɪ l d	1	1	reg_d	reg_d	reg_d
final	k ə n s ɪ d ɹ̩	k ə n s ɪ d ɹ̩ d	k ə n s ɪ d ɹ̩ d	d ɪ l ɪ v ɹ̩	d ɪ l ɪ v ɹ̩ d	d ɪ l ɪ v ɹ̩ d	k ə n s ɪ d ɹ̩ d	1	1	reg_d	reg_d	reg_d
final	k ɹ̩ l	k ɹ̩ l d	k ɹ̩ l d	s e ɪ l	s e ɪ l d	s e ɪ l d	k ɹ̩ l d	1	1	reg_d	reg_d	reg_d
final	ɔ θ ɹ̩	ɔ θ ɹ̩ d	ɔ ɹ̩ d ə d	ɡ l a ʊ ɹ̩	ɡ l a ʊ ɹ̩ d	ɡ l a ʊ ɹ̩ d	ɔ θ ɹ̩ d	0	1	reg_d	other	reg_d
final	f l ʌ ʃ	f l ʌ ʃ t	f l ʌ ʃ t	p ɑː l ɪ ʃ	p ɑː l ɪ ʃ t	p ɑː l ɪ ʃ t	f l ʌ ʃ t	1	1	reg_t	reg_t	reg_t
final	f l a ʊ n d ɹ̩	f l a ʊ n d ɹ̩ d	f l a ʊ n d ɹ̩ d	z ɪ p ɹ̩	z ɪ p ɹ̩ d	z ɪ p ɹ̩ d	f l a ʊ n d ɹ̩ d	1	1	reg_d	reg_d	reg_d
final	d a ɪ v	d o ʊ v	d a ɪ v d	ʃ ʌ v	ʃ ʌ v d	ʃ ʌ v d	d a ɪ v d	1	0	vowel_change	reg_d	reg_d
final	ɔ r ɡ ə n a ɪ z	ɔ r ɡ ə n a ɪ z d	ɔ r ɡ ə n a ɪ z d	s ɪ v ə l a ɪ z	s ɪ v ə l a ɪ z d	s ɪ v ə l a ɪ z d	ɔ r ɡ ə n a ɪ z d	1	1	reg_d	reg_d	reg_d
final	ə r a ɪ v	ə r a ɪ v d	ə r a ɪ v d	ɡ l ʌ v	ɡ l ʌ v d	ɡ l ʌ v d	ə r a ɪ v d	1	1	reg_d	reg_d	reg_d
final	n æ p	n æ p t	n æ p t	t͡ʃ ɑː p	t͡ʃ ɑː p t	t͡ʃ ɑː p t	n æ p t	1	1	reg_t	reg_t	reg_t
final	l iː n	l iː n d	l ɛ n	p l æ n	p l æ n d	p l æ n d	l iː n d	0	1	reg_d	vowel_change	reg_d
final	ɪ n v ɑː l v	ɪ n v ɑː l v d	ɪ n v ɑː l v d	d ɪ z ɹ̩ v	d ɪ z ɹ̩ v d	d ɪ z ɹ̩ v d	ɪ n v ɑː l v d	1	1	reg_d	reg_d	reg_d
final	s n ɪ f	s n ɪ f t	s n ɪ f t	h ʌ f	h ʌ f t	h ʌ f t	s n ɪ f t	1	1	reg_t	reg_t	reg_t
final	ɪ n ɡ e ɪ d͡ʒ	ɪ n ɡ e ɪ d͡ʒ d	ɪ n ɡ e ɪ d͡ʒ d	b ʌ d͡ʒ	b ʌ d͡ʒ d	b ʌ d͡ʒ d	ɪ n ɡ e ɪ d͡ʒ d	1	1	reg_d	reg_d	reg_d
final	f a ɪ n	f a ɪ n d	f ɔ t	s p ɪ n	s p ʌ n	s p ʌ n	f a ʌ n	0	0	reg_d	rhyme_replaced	vowel_change
final	d æ m	d æ m d	d æ m d	f ɑː r m	f ɑː r m d	f ɑː r m d	d æ m d	1	1	reg_d	reg_d	reg_d
final	a ɪ s	a ɪ s t	a ɪ s t	p ɪ r s	p ɪ r s t	p ɪ r s t	a ɪ s t	1	1	reg_t	reg_t	reg_t
final	s t ʌ n	s t ʌ n d	s t ʌ n d	p l e ɪ n	p l e ɪ n d	p l e ɪ n d	s t ʌ n d	1	1	reg_d	reg_d	reg_d
final	d ɛ r	d ɛ r d	d ɛ r d	n iː r	n iː r d	n iː r d	d ɛ r d	1	1	reg_d	reg_d	reg_d
final	t iː z	t iː z d	t ɔ z d	r ə f j uː z	r ə f j uː z d	r ə f j uː z d	t iː z d	0	1	reg_d	vowel_change_suffix	reg_d
final	f ʌ m b ə l	f ʌ m b ə l d	f ʌ m b ə l d	r æ t ə l	r æ t ə l d	r æ t ə l d	f ʌ m b ə l d	1	1	reg_d	reg_d	reg_d
final	b ʌ n t͡ʃ	b ʌ n t͡ʃ t	b ʌ n t͡ʃ t	r iː s ɹ̩ t͡ʃ	r iː s ɹ̩ t͡ʃ t	r iː s ɹ̩ t͡ʃ t	b ʌ n t͡ʃ t	1	1	reg_t	reg_t	reg_t
final	r ɪ p iː t	r ɪ p iː t ə d	r ɪ p iː t ə d	ʌ n d ɹ̩ r a ɪ t	ə n d ɹ̩ r o ʊ t	ə n d ɹ̩ r o ʊ t	NA	0	0	reg_əd	reg_əd	other
final	s k r e ɪ p	s k r e ɪ p t	s k r e ɪ p t	s l ɪ p	s l ɪ p t	s l ɪ p t	s k r e ɪ p t	1	1	reg_t	reg_t	reg_t
final	ə d͡ʒ ʌ s t	ə d͡ʒ ʌ s t ə d	ə d͡ʒ ʌ s t ə d	n ɪ t	n ɪ t ə d	n ɪ t ə d	ə d͡ʒ ʌ s t ə d	1	1	reg_əd	reg_əd	reg_əd
final	r ɔ ŋ	r ɔ ŋ d	r ɔ ŋ d	s ɪ ŋ	s æ ŋ	s æ ŋ	NA	0	0	reg_d	reg_d	vowel_change
final	b ɛ ɡ	b ɛ ɡ d	b ɛ ɡ d	b ʌ ɡ	b ʌ ɡ d	b ʌ ɡ d	b ɛ ɡ d	1	1	reg_d	reg_d	reg_d
final	w iː l	w iː l d	w iː l d	ɡ ɑː r b ə l	ɡ ɑː r b ə l d	ɡ ɑː r b ə l d	w iː l d	1	1	reg_d	reg_d	reg_d
final	d͡ʒ ʌ d͡ʒ	d͡ʒ ʌ d͡ʒ d	d͡ʒ ʌ d͡ʒ d	p e ɪ d͡ʒ	p e ɪ d͡ʒ d	p e ɪ d͡ʒ d	d͡ʒ ʌ d͡ʒ d	1	1	reg_d	reg_d	reg_d
final	t͡ʃ æ n ə l	t͡ʃ æ n ə l d	t͡ʃ æ n ə l d	t r e ɪ l	t r e ɪ l d	t r e ɪ l d	t͡ʃ æ n ə l d	1	1	reg_d	reg_d	reg_d
final	f r ɔ s t	f r ɔ s t ə d	f r ɔ s t ə d	l æ s t	l æ s t ə d	l æ s t ə d	f r ɔ s t ə d	1	1	reg_əd	reg_əd	reg_əd
final	r uː l	r uː l d	r uː l d	f ɔ l	f ɛ l	f ɛ l	NA	0	0	reg_d	reg_d	vowel_change
final	t æ k ə l	t æ k ə l d	t æ k ə l d	s k e ɪ l	s k e ɪ l d	s k e ɪ l d	t æ k ə l d	1	1	reg_d	reg_d	reg_d
final	t æ ŋ ɡ ə l	t æ ŋ ɡ ə l d	t æ ŋ ɡ ə l d	b æ b ə l	b æ b ə l d	b æ b ə l d	t æ ŋ ɡ ə l d	1	1	reg_d	reg_d	reg_d
final	b ʌ t ɹ̩	b ʌ t ɹ̩ d	b ʌ t ɹ̩ d	f ɛ ð ɹ̩	f ɛ ð ɹ̩ d	f ɛ ð ɹ̩ d	b ʌ t ɹ̩ d	1	1	reg_d	reg_d	reg_d
final	b l æ k	b l æ k t	b l æ k t	l ɪ k	l ɪ k t	l ɪ k t	b l æ k t	1	1	reg_t	reg_t	reg_t
final	s p e ɪ s	s p e ɪ s t	s p e ɪ s t	b æ l ə n s	b æ l ə n s t	b æ l ə n s t	s p e ɪ s t	1	1	reg_t	reg_t	reg_t
final	p r ɪ z uː m	p r ɪ z uː m d	p r ɪ z uː m d	k ʌ m	k e ɪ m	k e ɪ m	NA	0	0	reg_d	reg_d	vowel_change
final	k ə n k l uː d	k ə n k l uː d ə d	k ə n k l uː d ə d	f o ʊ l d	f o ʊ l d ə d	f o ʊ l d ə d	k ə n k l uː d ə d	1	1	reg_əd	reg_əd	reg_əd
final	p a ʊ t	p a ʊ t ə d	p a ʊ t ə d	b o ʊ t	b o ʊ t ə d	b o ʊ t ə d	p a ʊ t ə d	1	1	reg_əd	reg_əd	reg_əd
final	ə n l o ʊ d	ə n l o ʊ d ə d	ə n l o ʊ d ə d	s k o ʊ l d	s k o ʊ l d ə d	s k o ʊ l d ə d	ə n l o ʊ d ə d	1	1	reg_əd	reg_əd	reg_əd
final	ə b d͡ʒ ɛ k t	ə b d͡ʒ ɛ k t ə d	ə b d͡ʒ ɛ k t ə d	ə p s ɛ t	ə p s ɛ t	ə p s ɛ t	ə b d͡ʒ ɛ k t	0	0	reg_əd	reg_əd	no_change
final	d o ʊ z	d o ʊ z d	d o ʊ z d	d ɪ s p o ʊ z	d ɪ s p o ʊ z d	d ɪ s p o ʊ z d	d o ʊ z d	1	1	reg_d	reg_d	reg_d
final	s t æ b	s t æ b d	s t æ b d	r ɑː b	r ɑː b d	r ɑː b d	s t æ b d	1	1	reg_d	reg_d	reg_d
final	t r æ n s k r a ɪ b	t r æ n s k r a ɪ b d	t r æ n s k r a ɪ t ə d	k l ʌ b	k l ʌ b d	k l ʌ b d	t r æ n s k r a ɪ b d	0	1	reg_d	other	reg_d
final	r iː ɹ̩ e ɪ n d͡ʒ	r iː ɹ̩ e ɪ n d͡ʒ d	r iː ɹ̩ e ɪ n d͡ʒ d	ɪ k s t͡ʃ e ɪ n d͡ʒ	ɪ k s t͡ʃ e ɪ n d͡ʒ d	ɪ k s t͡ʃ e ɪ n d͡ʒ d	r iː ɹ̩ e ɪ n d͡ʒ d	1	1	reg_d	reg_d	reg_d
final	ɛ n d͡ʒ ə n iː r	ɛ n d͡ʒ ə n iː r d	ɛ n d͡ʒ ə n iː r d	k j ʊ r	k j ʊ r d	k j ʊ r d	ɛ n d͡ʒ ə n iː r d	1	1	reg_d	reg_d	reg_d
final	ɡ r e ɪ z	ɡ r e ɪ z d	ɡ r e ɪ z d	d ɪ s p o ʊ z	d ɪ s p o ʊ z d	d ɪ s p o ʊ z d	ɡ r e ɪ z d	1	1	reg_d	reg_d	reg_d
final	k ɑː l ɹ̩	k ɑː l ɹ̩ d	k ɑː l ɹ̩ d	n ʌ m b ɹ̩	n ʌ m b ɹ̩ d	n ʌ m b ɹ̩ d	k ɑː l ɹ̩ d	1	1	reg_d	reg_d	reg_d
final	k o ʊ k s	k o ʊ k s t	k o ʊ k s t	r ɪ s ɛ s	r ɪ s ɛ s t	r ɪ s ɛ s t	k o ʊ k s t	1	1	reg_t	reg_t	reg_t
final	n ʌ k ə l	n ʌ k ə l d	n ʌ k ə l d	r ɪ p ɛ l	r ɪ p ɛ l d	r ɪ p ɛ l d	n ʌ k ə l d	1	1	reg_d	reg_d	reg_d
final	ɪ n v ɛ s t ə ɡ e ɪ t	ɪ n v ɛ s t ə ɡ e ɪ t ə d	ɪ n v ɛ s t ə ɡ t ə d	m ɪ n t	m ɪ n t ə d	m ɪ n t ə d	ɪ n v ɛ s t ə ɡ e ɪ t ə d	0	1	reg_əd	other	reg_əd
final	t͡ʃ ɑː r d͡ʒ	t͡ʃ ɑː r d͡ʒ d	t͡ʃ ɑː r d͡ʒ d	b æ n d ɪ d͡ʒ	b æ n d ɪ d͡ʒ d	b æ n d ɪ d͡ʒ d	t͡ʃ ɑː r d͡ʒ d	1	1	reg_d	reg_d	reg_d
final	s p ɑː t	s p ɑː t ə d	s p ɑː t ə d	æ ɡ r ə v e ɪ t	æ ɡ r ə v e ɪ t ə d	æ ɡ r ə v e ɪ t ə d	s p ɑː t ə d	1	1	reg_əd	reg_əd	reg_əd
final	d r a ʊ n	d r a ʊ n d	d r a ʊ n d	t w a ɪ n	t w a ɪ n d	t w a ɪ n d	d r a ʊ n d	1	1	reg_d	reg_d	reg_d
final	f l ɪ k ɹ̩	f l ɪ k ɹ̩ d	f l ɪ k ɹ̩ d	h ɑː l ɹ̩	h ɑː l ɹ̩ d	h ɑː l ɹ̩ d	f l ɪ k ɹ̩ d	1	1	reg_d	reg_d	reg_d
final	h ɑː r d ə n	h ɑː r d ə n d	h ɑː r d ə n d	p ɪ n	p ɪ n d	p ɪ n d	h ɑː r d ə n d	1	1	reg_d	reg_d	reg_d
final	f l æ t ɹ̩	f l æ t ɹ̩ d	f l æ t ɹ̩ d	h ɑː l ɹ̩	h ɑː l ɹ̩ d	h ɑː l ɹ̩ d	f l æ t ɹ̩ d	1	1	reg_d	reg_d	reg_d
final	w ɑː b ə l	w ɑː b ə l d	w ɑː b ə l d	k r ʌ m b ə l	k r ʌ m b ə l d	k r ʌ m b ə l d	w ɑː b ə l d	1	1	reg_d	reg_d	reg_d
final	l iː k	l iː k t	l ɛ k t	n ɛ k	n ɛ k t	n ɛ k t	l iː k t	0	1	reg_t	vowel_change_suffix	reg_t
final	t a ɪ p	t a ɪ p t	t a ɪ p t	s k æ l ə p	s k æ l ə p t	s k æ l ə p t	t a ɪ p t	1	1	reg_t	reg_t	reg_t
final	k ɑː m p l ə m ɛ n t	k ɑː m p l ə m ɛ n t ə d	k ɑː m p l ə m ɛ m t ə d	f ɪ t	f ɪ t	f ɪ t	k ɑː m p l ə m ɛ n t	0	0	reg_əd	other	no_change
final	ɪ n t ɹ̩ m ɪ k s	ɪ n t ɹ̩ m ɪ k s t	ɪ n t ɹ̩ m ɪ k s t	f ʌ s	f ʌ s t	f ʌ s t	ɪ n t ɹ̩ m ɪ k s t	1	1	reg_t	reg_t	reg_t
final	n o ʊ z	n o ʊ z d	n o ʊ z d	r ɛ k ə ɡ n a ɪ z	r ɛ k ə ɡ n a ɪ z d	r ɛ k ə ɡ n a ɪ z d	n o ʊ z d	1	1	reg_d	reg_d	reg_d
final	ɪ n f ɔ r m	ɪ n f ɔ r m d	ɪ n f ɔ r m d	b l uː m	b l uː m d	b l uː m d	ɪ n f ɔ r m d	1	1	reg_d	reg_d	reg_d
final	s p a ɪ s	s p a ɪ s t	s p a ɪ s t	ɡ l æ n s	ɡ l æ n s t	ɡ l æ n s t	s p a ɪ s t	1	1	reg_t	reg_t	reg_t
final	h ɔ l	h ɔ l d	h ɔ l d	b ʌ b ə l	b ʌ b ə l d	b ʌ b ə l d	h ɔ l d	1	1	reg_d	reg_d	reg_d
final	d ɑː d͡ʒ	d ɑː d͡ʒ d	d ɑː d͡ʒ d	m æ n ə d͡ʒ	m æ n ə d͡ʒ d	m æ n ə d͡ʒ d	d ɑː d͡ʒ d	1	1	reg_d	reg_d	reg_d
final	s a ɪ	s a ɪ d	s a ɪ d	o ʊ b e ɪ	o ʊ b e ɪ d	o ʊ b e ɪ d	s a ɪ d	1	1	reg_d	reg_d	reg_d
final	s ɛ n t ɹ̩	s ɛ n t ɹ̩ d	s ɛ n t ɹ̩ d	n ʌ m b ɹ̩	n ʌ m b ɹ̩ d	n ʌ m b ɹ̩ d	s ɛ n t ɹ̩ d	1	1	reg_d	reg_d	reg_d
final	p æ t͡ʃ	p æ t͡ʃ t	p æ t͡ʃ t	k æ t͡ʃ	k ɔ t	k ɔ t	p ɔ t	0	0	reg_t	reg_t	rhyme_replaced
final	f ɔ r w ɹ̩ d	f ɔ r w ɹ̩ d ə d	f ɔ r w ɹ̩ d ə d	f iː d	f ɛ d	f ɛ d	NA	0	0	reg_əd	reg_əd	vowel_change
final	s t iː r	s t iː r d	s t iː r d	ə p iː r	ə p iː r d	ə p iː r d	s t iː r d	1	1	reg_d	reg_d	reg_d
final	k ə n d ɛ n s	k ə n d ɛ n s t	k ə n d ɛ n s t	p r ɛ s	p r ɛ s t	p r ɛ s t	k ə n d ɛ n s t	1	1	reg_t	reg_t	reg_t
final	b e ɪ ð	b e ɪ ð d	b e ɪ ð d	m a ʊ ð	m a ʊ ð d	m a ʊ ð d	b e ɪ ð d	1	1	reg_d	reg_d	reg_d
final	b ɔ l	b ɔ l d	b ɔ l d	d iː l	d ɛ l t	d ɛ l t	NA	0	0	reg_d	reg_d	vowel_change_suffix
final	k l ɪ k	k l ɪ k t	k l ɪ k t	θ ɪ ŋ k	θ ɔ t	θ ɔ t	NA	0	0	reg_t	reg_t	rhyme_replaced
final	t r ɪ m	t r ɪ m d	t r ɪ m d	n e ɪ m	n e ɪ m d	n e ɪ m d	t r ɪ m d	1	1	reg_d	reg_d	reg_d
final	d͡ʒ ɹ̩ k	d͡ʒ ɹ̩ k t	d͡ʒ ɹ̩ k t	m ɑː r k	m ɑː r k t	m ɑː r k t	d͡ʒ ɹ̩ k t	1	1	reg_t	reg_t	reg_t
final	r iː b ɪ l d	r iː b ɪ l t	r iː b ɪ l d ə d	p r ə v a ɪ d	p r ə v a ɪ d ə d	p r ə v a ɪ d ə d	r iː b ɪ l d ə d	1	0	coda_change	reg_əd	reg_əd
final	h ɹ̩ d	h ɹ̩ d ə d	h ɹ̩ d ə d	b l a ɪ n d	b l a ɪ n d ə d	b l a ɪ n d ə d	h ɹ̩ d ə d	1	1	reg_əd	reg_əd	reg_əd
final	θ ʌ n d ɹ̩	θ ʌ n d ɹ̩ d	θ ʌ n d ɹ̩ d	t æ t ɹ̩	t æ t ɹ̩ d	t æ t ɹ̩ d	θ ʌ n d ɹ̩ d	1	1	reg_d	reg_d	reg_d
final	ə p r o ʊ p r iː e ɪ t	ə p r o ʊ p r iː e ɪ t ə d	ə p r d	h ʌ n t	h ʌ n t ə d	h ʌ n t ə d	ə p r o ʊ p r iː e ɪ t ə d	0	1	reg_əd	other	reg_əd
final	k ʌ m f ɹ̩ t	k ʌ m f ɹ̩ t ə d	k ʌ m f ɹ̩ t ə d	r o ʊ s t	r o ʊ s t ə d	r o ʊ s t ə d	k ʌ m f ɹ̩ t ə d	1	1	reg_əd	reg_əd	reg_əd
final	r ɪ l e ɪ t	r ɪ l e ɪ t ə d	r ɪ l e ɪ t ə d	t r iː t	t r iː t ə d	t r iː t ə d	r ɪ l e ɪ t ə d	1	1	reg_əd	reg_əd	reg_əd
final	w a ɪ ɹ̩	w a ɪ ɹ̩ d	w a ɪ ɹ̩ d	t a ʊ ɹ̩	t a ʊ ɹ̩ d	t a ʊ ɹ̩ d	w a ɪ ɹ̩ d	1	1	reg_d	reg_d	reg_d
final	ɛ k s ɹ̩ s a ɪ z	ɛ k s ɹ̩ s a ɪ z d	ɛ k s ɹ̩ s a ɪ z d	w ɪ z	w ɪ z d	w ɪ z d	ɛ k s ɹ̩ s a ɪ z d	1	1	reg_d	reg_d	reg_d
final	k r ʌ m p ə l	k r ʌ m p ə l d	k r ʌ m p ə l d	t r æ v ə l	t r æ v ə l d	t r æ v ə l d	k r ʌ m p ə l d	1	1	reg_d	reg_d	reg_d
final	ɪ ɡ z æ m ɪ n	ɪ ɡ z æ m ɪ n d	ɪ ɡ z æ m ɪ n d	b r a ɪ t ə n	b r a ɪ t ə n d	b r a ɪ t ə n d	ɪ ɡ z æ m ɪ n d	1	1	reg_d	reg_d	reg_d
final	ʃ ɑː p	ʃ ɑː p t	ʃ ɑː p t	l uː p	l uː p t	l uː p t	ʃ ɑː p t	1	1	reg_t	reg_t	reg_t
final	k ɔ r ə l e ɪ t	k ɔ r ə l e ɪ t ə d	k ɔ r ə l e ɪ t ə d	p ɑː k ə t	p ɑː k ə t ə d	p ɑː k ə t ə d	k ɔ r ə l e ɪ t ə d	1	1	reg_əd	reg_əd	reg_əd
final	k ə m b a ɪ n	k ə m b a ɪ n d	k ə m b a ɪ n d	k ɑː n	k ɑː n d	k ɑː n d	k ə m b a ɪ n d	1	1	reg_d	reg_d	reg_d
final	b ʌ k	b ʌ k t	b ʌ k t	n ɛ k	n ɛ k t	n ɛ k t	b ʌ k t	1	1	reg_t	reg_t	reg_t
final	ə p r o ʊ t͡ʃ	ə p r o ʊ t͡ʃ t	ə p r o ʊ t͡ʃ t	s w ɪ t͡ʃ	s w ɪ t͡ʃ t	s w ɪ t͡ʃ t	ə p r o ʊ t͡ʃ t	1	1	reg_t	reg_t	reg_t
final	s t ɔ k	s t ɔ k t	s t ɔ k t	l ɑː k	l ɑː k t	l ɑː k t	s t ɔ k t	1	1	reg_t	reg_t	reg_t
final	k r iː e ɪ t	k r iː e ɪ t ə d	k r iː e ɪ t ə d	t ɛ s t	t ɛ s t ə d	t ɛ s t ə d	k r iː e ɪ t ə d	1	1	reg_əd	reg_əd	reg_əd
final	n e ɪ l	n e ɪ l d	n e ɪ l d	k r ʌ m b ə l	k r ʌ m b ə l d	k r ʌ m b ə l d	n e ɪ l d	1	1	reg_d	reg_d	reg_d
final	r ə f ɹ̩	r ə f ɹ̩ d	r ə f ɹ̩ d	f l ʌ t ɹ̩	f l ʌ t ɹ̩ d	f l ʌ t ɹ̩ d	r ə f ɹ̩ d	1	1	reg_d	reg_d	reg_d
final	s p ɑː r k	s p ɑː r k t	s p ɑː r k t	l ɪ k	l ɪ k t	l ɪ k t	s p ɑː r k t	1	1	reg_t	reg_t	reg_t
final	h o ʊ l	h o ʊ l d	h o ʊ l d	r ʌ m b ə l	r ʌ m b ə l d	r ʌ m b ə l d	h o ʊ l d	1	1	reg_d	reg_d	reg_d
final	f ɪ d ə l	f ɪ d ə l d	f ɪ d ə l d	b æ b ə l	b æ b ə l d	b æ b ə l d	f ɪ d ə l d	1	1	reg_d	reg_d	reg_d
final	ʃ r ɪ ŋ k	ʃ r æ ŋ k	ʃ r æ ŋ k	t r ɪ k	t r ɪ k t	t r ɪ k t	ʃ r ɪ ŋ k t	0	0	vowel_change	vowel_change	reg_t
final	b r a ɪ b	b r a ɪ b d	b r a ɪ b d	ə b z ɔ r b	ə b z ɔ r b d	ə b z ɔ r b d	b r a ɪ b d	1	1	reg_d	reg_d	reg_d
final	w ɑː l o ʊ	w ɑː l o ʊ d	w ɑː l o ʊ d	θ r o ʊ	θ r uː	θ r uː	w ɑː l uː	0	0	reg_d	reg_d	vowel_change
final	ɪ n t ɛ n d	ɪ n t ɛ n d ə d	ɪ n t ɛ n d ə d	h ɛ d	h ɛ d ə d	h ɛ d ə d	ɪ n t ɛ n d ə d	1	1	reg_əd	reg_əd	reg_əd
final	s æ n ɪ t a ɪ z	s æ n ɪ t a ɪ z d	s æ n ɪ t a ɪ z d	s a ɪ z	s a ɪ z d	s a ɪ z d	s æ n ɪ t a ɪ z d	1	1	reg_d	reg_d	reg_d
final	s ɹ̩ t͡ʃ	s ɹ̩ t͡ʃ t	s ɹ̩ t͡ʃ t	s t r ɛ t͡ʃ	s t r ɛ t͡ʃ t	s t r ɛ t͡ʃ t	s ɹ̩ t͡ʃ t	1	1	reg_t	reg_t	reg_t
final	v æ k j uː m	v æ k j uː m d	v æ k j uː m d	b l e ɪ m	b l e ɪ m d	b l e ɪ m d	v æ k j uː m d	1	1	reg_d	reg_d	reg_d
final	p ɛ r	p ɛ r d	p ɛ r d	s k ɛ r	s k ɛ r d	s k ɛ r d	p ɛ r d	1	1	reg_d	reg_d	reg_d
final	r ɪ d͡ʒ ɛ k t	r ɪ d͡ʒ ɛ k t ə d	r ɪ d͡ʒ ɛ k t ə d	ɪ n ɪ ʃ iː e ɪ t	ɪ n ɪ ʃ iː e ɪ t ə d	ɪ n ɪ ʃ iː e ɪ t ə d	r ɪ d͡ʒ ɛ k t ə d	1	1	reg_əd	reg_əd	reg_əd
final	d a ɪ d͡ʒ ɛ s t	d a ɪ d͡ʒ ɛ s t ə d	d a ɪ d͡ʒ ɛ s t ə d	ə d ɪ k t	ə d ɪ k t ə d	ə d ɪ k t ə d	d a ɪ d͡ʒ ɛ s t ə d	1	1	reg_əd	reg_əd	reg_əd
final	s ə b t r æ k t	s ə b t r æ k t ə d	s ə b t r æ k t ə d	s w ɛ t	s w ɛ t ə d	s w ɛ t ə d	s ə b t r æ k t ə d	1	1	reg_əd	reg_əd	reg_əd
final	ə n p æ k	ə n p æ k t	ə n p æ k t	ʃ e ɪ k	ʃ ʊ k	ʃ ʊ k	NA	0	0	reg_t	reg_t	vowel_change
final	h iː l	h iː l d	h iː l d	b ʌ n d ə l	b ʌ n d ə l d	b ʌ n d ə l d	h iː l d	1	1	reg_d	reg_d	reg_d
final	b ɔ ɪ l	b ɔ ɪ l d	b ɔ ɪ l d	r iː s a ɪ k ə l	r iː s a ɪ k ə l d	r iː s a ɪ k ə l d	b ɔ ɪ l d	1	1	reg_d	reg_d	reg_d
final	ə n ɔ ɪ	ə n ɔ ɪ d	ə n ɔ ɪ d	s p a ɪ	s p a ɪ d	s p a ɪ d	ə n ɔ ɪ d	1	1	reg_d	reg_d	reg_d
final	r iː s t r e ɪ n	r iː s t r e ɪ n d	r iː s t r e ɪ n d	z o ʊ n	z o ʊ n d	z o ʊ n d	r iː s t r e ɪ n d	1	1	reg_d	reg_d	reg_d
final	l æ p	l æ p t	l æ p t	w ɪ p	w ɪ p t	w ɪ p t	l æ p t	1	1	reg_t	reg_t	reg_t
final	k w a ɪ ə t	k w a ɪ ə t ə d	k w a ɪ ə t ə d	d ʌ s t	d ʌ s t ə d	d ʌ s t ə d	k w a ɪ ə t ə d	1	1	reg_əd	reg_əd	reg_əd
final	s k iː	s k iː d	s k iː d	s t ʌ d iː	s t ʌ d iː d	s t ʌ d iː d	s k iː d	1	1	reg_d	reg_d	reg_d
final	s k a ʊ t	s k a ʊ t ə d	s k a ʊ t ə d	ɪ n s p ɛ k t	ɪ n s p ɛ k t ə d	ɪ n s p ɛ k t ə d	s k a ʊ t ə d	1	1	reg_əd	reg_əd	reg_əd
final	s k ɹ̩ iː	s k ɹ̩ iː d	s k ɹ̩ iː d	b ɪ z iː	b ɪ z iː d	b ɪ z iː d	s k ɹ̩ iː d	1	1	reg_d	reg_d	reg_d
final	ə s ɪ s t	ə s ɪ s t ə d	ə s ɪ s t ə d	s m ɑː r t	s m ɑː r t ə d	s m ɑː r t ə d	ə s ɪ s t ə d	1	1	reg_əd	reg_əd	reg_əd
final	ɡ r uː p	ɡ r uː p t	ɡ r uː p t	s k r æ p	s k r æ p t	s k r æ p t	ɡ r uː p t	1	1	reg_t	reg_t	reg_t
final	r ʌ s t	r ʌ s t ə d	r ʌ s t ə d	ə t r æ k t	ə t r æ k t ə d	ə t r æ k t ə d	r ʌ s t ə d	1	1	reg_əd	reg_əd	reg_əd
final	h uː t	h uː t ə d	h uː t	h ʌ n t	h ʌ n t ə d	h ʌ n t ə d	h uː t ə d	0	1	reg_əd	no_change	reg_əd
final	d ɪ f iː t	d ɪ f iː t ə d	d ɪ f iː t ə d	ɪ n s p ɛ k t	ɪ n s p ɛ k t ə d	ɪ n s p ɛ k t ə d	d ɪ f iː t ə d	1	1	reg_əd	reg_əd	reg_əd
final	p r ə l ɔ ŋ	p r ə l ɔ ŋ d	p r ə l ɔ ŋ t	b ɪ l ɔ ŋ	b ɪ l ɔ ŋ d	b ɪ l ɔ ŋ d	p r ə l ɔ ŋ d	0	1	reg_d	reg_t	reg_d
final	l ɪ s t	l ɪ s t	l ɪ s t ə d	ə d m ɪ t	ə d m ɪ t ə d	ə d m ɪ t ə d	l ɪ s t ə d	1	0	no_change	reg_əd	reg_əd
final	p ɹ̩ s w e ɪ d	p ɹ̩ s w e ɪ d ə d	p ɹ̩ s w e ɪ d ə d	b æ n d	b æ n d ə d	b æ n d ə d	p ɹ̩ s w e ɪ d ə d	1	1	reg_əd	reg_əd	reg_əd
final	k ə m p iː t	k ə m p iː t ə d	k ə m p iː t ə d	p r ɪ d ɪ k t	p r ɪ d ɪ k t ə d	p r ɪ d ɪ k t ə d	k ə m p iː t ə d	1	1	reg_əd	reg_əd	reg_əd
final	r ɪ l iː v	r ɪ l iː v d	r ɪ l iː v d	s e ɪ v	s e ɪ v d	s e ɪ v d	r ɪ l iː v d	1	1	reg_d	reg_d	reg_d
final	θ r ɛ t ə n	θ r ɛ t ə n d	θ r ɛ t ə n d	z o ʊ n	z o ʊ n d	z o ʊ n d	θ r ɛ t ə n d	1	1	reg_d	reg_d	reg_d
final	o ʊ v ɹ̩ r ə n	o ʊ v ɹ̩ r æ n	o ʊ v ɹ̩ r ə n d	s p r e ɪ n	s p r e ɪ n d	s p r e ɪ n d	o ʊ v ɹ̩ r ə n d	1	0	vowel_change	reg_d	reg_d
final	z iː r o ʊ	z iː r o ʊ d	z iː r o ʊ d	o ʊ	o ʊ d	o ʊ d	z iː r o ʊ d	1	1	reg_d	reg_d	reg_d
final	d æ m ə d͡ʒ	d æ m ə d͡ʒ d	d æ m ə d͡ʒ d	ɪ k s t͡ʃ e ɪ n d͡ʒ	ɪ k s t͡ʃ e ɪ n d͡ʒ d	ɪ k s t͡ʃ e ɪ n d͡ʒ d	d æ m ə d͡ʒ d	1	1	reg_d	reg_d	reg_d
final	k o ʊ t	k o ʊ t ə d	k o ʊ t	h ɪ t	h ɪ t	h ɪ t	k o ʊ t	1	0	reg_əd	no_change	no_change
final	k j uː b	k j uː b d	k j uː b d	ɡ r æ b	ɡ r æ b d	ɡ r æ b d	k j uː b d	1	1	reg_d	reg_d	reg_d
final	ʃ a ɪ n	ʃ a ɪ n d	ʃ a ɪ n d	s p ɪ n	s p ʌ n	s p ʌ n	ʃ a ʌ n	0	0	reg_d	reg_d	vowel_change
final	t æ k s iː	t æ k s iː d	t æ k s iː d	h ɛ r iː	h ɛ r iː d	h ɛ r iː d	t æ k s iː d	1	1	reg_d	reg_d	reg_d
final	s t ɔ l	s t ɔ l d	s t ɔ l d	r ɛ s ə l	r ɛ s ə l d	r ɛ s ə l d	s t ɔ l d	1	1	reg_d	reg_d	reg_d
final	ɪ n k ɔ r p ɹ̩ e ɪ t	ɪ n k ɔ r p ɹ̩ e ɪ t ə d	ɪ n k ɔ r p ɹ̩ e ɪ t ɔ ɪ t ɔ r e ɪ	p r iː z ɛ n t	p r iː z ɛ n t ə d	p r iː z ɛ n t ə d	ɪ n k ɔ r p ɹ̩ e ɪ t ə d	0	1	reg_əd	other	reg_əd
final	t o ʊ t ə l	t o ʊ t ə l d	t o ʊ t ə l d	s ɪ ɡ n ə l	s ɪ ɡ n ə l d	s ɪ ɡ n ə l d	t o ʊ t ə l d	1	1	reg_d	reg_d	reg_d
final	m æ ŋ ɡ ə l	m æ ŋ ɡ ə l d	m æ ŋ ɡ ə l d	ɛ n e ɪ b ə l	ɛ n e ɪ b ə l d	ɛ n e ɪ b ə l d	m æ ŋ ɡ ə l d	1	1	reg_d	reg_d	reg_d
final	o ʊ v ɹ̩ l æ p	o ʊ v ɹ̩ l æ p t	o ʊ v ɹ̩ l æ p t	k l ɪ p	k l ɪ p t	k l ɪ p t	o ʊ v ɹ̩ l æ p t	1	1	reg_t	reg_t	reg_t
final	k ɑː n t r æ k t	k ɑː n t r æ k t ə d	k ɑː n t r æ k t ə d	b uː s t	b uː s t ə d	b uː s t ə d	k ɑː n t r æ k t ə d	1	1	reg_əd	reg_əd	reg_əd
final	k r a ʊ t͡ʃ	k r a ʊ t͡ʃ t	k r a ʊ t͡ʃ t	s n æ t͡ʃ	s n æ t͡ʃ t	s n æ t͡ʃ t	k r a ʊ t͡ʃ t	1	1	reg_t	reg_t	reg_t
final	b uː m	b uː m d	b uː m d	t iː m	t ɔ m d	t iː m d	NA	0	0	reg_d	reg_d	vowel_change_suffix
final	m o ʊ l d	m o ʊ l d ə d	m o ʊ l d ə d	p æ d	p æ d ə d	p æ d ə d	m o ʊ l d ə d	1	1	reg_əd	reg_əd	reg_əd
final	ɪ n t r iː ɡ	ɪ n t r iː ɡ d	ɪ n t r iː ɡ d	h ʌ ɡ	h ʌ ɡ d	h ʌ ɡ d	ɪ n t r iː ɡ d	1	1	reg_d	reg_d	reg_d
final	f r ɛ k ə l	f r ɛ k ə l d	f r ɛ k ə l d	j ɛ l	j ɛ l d	j ɛ l d	f r ɛ k ə l d	1	1	reg_d	reg_d	reg_d
final	h ʌ ʃ	h ʌ ʃ t	h ʌ ʃ t	m æ ʃ	m æ ʃ t	m æ ʃ t	h ʌ ʃ t	1	1	reg_t	reg_t	reg_t
final	b æ ŋ k	b æ ŋ k t	b æ ŋ k t	b e ɪ k	b e ɪ k t	b e ɪ k t	b æ ŋ k t	1	1	reg_t	reg_t	reg_t
final	h iː p	h iː p t	h iː p t	p r ɑː p	p r ɑː p t	p r ɑː p t	h iː p t	1	1	reg_t	reg_t	reg_t
final	ɪ ɡ z ɪ s t	ɪ ɡ z ɪ s t ə d	ɪ ɡ z ɪ s t ə d	t͡ʃ iː t	t͡ʃ iː t ə d	t͡ʃ iː t ə d	ɪ ɡ z ɪ s t ə d	1	1	reg_əd	reg_əd	reg_əd
final	ə k ɑː m p l ɪ ʃ	ə k ɑː m p l ɪ ʃ t	ə m ɑː m p l ɪ ʃ t	r ʌ ʃ	r ʌ ʃ t	r ʌ ʃ t	ə k ɑː m p l ɪ ʃ t	0	1	reg_t	other	reg_t
final	k e ɪ v	k e ɪ v d	k e ɪ v d	s e ɪ v	s e ɪ v d	s e ɪ v d	k e ɪ v d	1	1	reg_d	reg_d	reg_d
final	p ɛ d ə l	p ɛ d ə l d	p ɛ d ə l d	r ʌ m b ə l	r ʌ m b ə l d	r ʌ m b ə l d	p ɛ d ə l d	1	1	reg_d	reg_d	reg_d
final	r ɪ v ɹ̩ s	r ɪ v ɹ̩ s t	r ɪ v ɹ̩ s t	f ɪ k s	f ɪ k s t	f ɪ k s t	r ɪ v ɹ̩ s t	1	1	reg_t	reg_t	reg_t
final	s ə b s a ɪ d	s ə b s a ɪ d ə d	s ə b s a ɪ d	ə t ɛ n d	ə t ɛ n d ə d	ə t ɛ n d ə d	s ə b s a ɪ d ə d	0	1	reg_əd	no_change	reg_əd
final	k ə n s ɹ̩ n	k ə n s ɹ̩ n d	k ə n s ɹ̩ n d	r a ɪ p ə n	r a ɪ p ə n d	r a ɪ p ə n d	k ə n s ɹ̩ n d	1	1	reg_d	reg_d	reg_d
final	t iː	t iː d	t ɔ	s t ʌ d iː	s t ʌ d iː d	s t ʌ d iː d	t iː d	0	1	reg_d	vowel_change	reg_d
final	f l ɹ̩ iː	f l ɹ̩ iː d	f l ɹ̩ iː d	b ɑː d iː	b ɑː d iː d	b ɑː d iː d	f l ɹ̩ iː d	1	1	reg_d	reg_d	reg_d
final	n ɛ r o ʊ	n ɛ r o ʊ d	n ɛ r o ʊ d	ɡ o ʊ	w ɛ n t	w ɛ n t	NA	0	0	reg_d	reg_d	other
final	ɪ m p r ə v a ɪ z	ɪ m p r ə v a ɪ z d	ɪ m p r ə v a ɪ z d	p l iː z	p l iː z d	p l iː z d	ɪ m p r ə v a ɪ z d	1	1	reg_d	reg_d	reg_d
majority	h æ v	h æ d	h æ v d	b ɔ r	b ɔ r d	b ɔ r d	h æ v d	1	0	coda_change	reg_d	reg_d
majority	h æ p ə n	h æ p ə n d	h æ p ə n d	k l e ɪ m	k l e ɪ m d	k l e ɪ m d	h æ p ə n d	1	1	reg_d	reg_d	reg_d
majority	p l e ɪ s	p l e ɪ s t	p l e ɪ s t	b l ɑː s ə m	b l ɑː s ə m d	b l ɑː s ə m d	p l e ɪ s d	0	0	reg_t	reg_t	reg_d
majority	k l o ʊ z	k l o ʊ z d	k l o ʊ z d	h ʌ ɡ	h ʌ ɡ d	h ʌ ɡ d	k l o ʊ z d	1	1	reg_d	reg_d	reg_d
majority	k ʊ k	k ʊ k t	k ʊ k t	k ə n t r o ʊ l	k ə n t r o ʊ l d	k ə n t r o ʊ l d	k ʊ k d	0	0	reg_t	reg_t	reg_d
majority	r ʌ n	r æ n	r ʌ n d	b r a ɪ t ə n	b r a ɪ t ə n d	b r a ɪ t ə n d	r ʌ n d	1	0	vowel_change	reg_d	reg_d
majority	s e ɪ	s ɛ d	s e ɪ d	s p ɔ ɪ l	s p ɔ ɪ l d	s p ɔ ɪ l d	s e ɪ d	1	0	vowel_change_suffix	reg_d	reg_d
majority	f ɪ ʃ	f ɪ ʃ t	f ɪ ʃ t	n e ɪ m	n e ɪ m d	n e ɪ m d	f ɪ ʃ d	0	0	reg_t	reg_t	reg_d
majority	h ɹ̩ t	h ɹ̩ t	h ɹ̩ t ə d	d ɪ s ə ɡ r iː	d ɪ s ə ɡ r iː d	d ɪ s ə ɡ r iː d	h ɹ̩ t d	0	0	no_change	reg_əd	reg_d
majority	l uː z	l ɔ s t	l uː z d	ə r e ɪ n d͡ʒ	ə r e ɪ n d͡ʒ d	ə r e ɪ n d͡ʒ d	l uː z d	1	0	rhyme_replaced	reg_d	reg_d
majority	æ s k	æ s k t	æ s k t	t ɪ k ə l	t ɪ k ə l d	t ɪ k ə l d	æ s k d	0	0	reg_t	reg_t	reg_d
majority	p e ɪ	p e ɪ d	p e ɪ d	k ʌ v ɹ̩	k ʌ v ɹ̩ d	k ʌ v ɹ̩ d	p e ɪ d	1	1	reg_d	reg_d	reg_d
majority	s p ɛ l	s p ɛ l d	s p ɛ l d	w iː	w iː d	w iː d	s p ɛ l d	1	1	reg_d	reg_d	reg_d
majority	s p ɪ t	s p æ t	s p ɪ t ə d	ɡ r ʌ m b ə l	ɡ r ʌ m b ə l d	ɡ r ʌ m b ə l d	s p ɪ t d	0	0	vowel_change	reg_əd	reg_d
majority	m ɪ s	m ɪ s t	m ɪ s t	d ɔ ɡ	d ɔ ɡ d	d ɔ ɡ d	m ɪ s d	0	0	reg_t	reg_t	reg_d
majority	s t ɑː r t	s t ɑː r t ə d	s t ɑː r t ə d	k ə n f j uː z	k ə n f j uː z d	k ə n f j uː z d	s t ɑː r t d	0	0	reg_əd	reg_əd	reg_d
majority	p ɑː r t iː	p ɑː r t iː d	p ɑː r t iː d	d ɪ s t r ɔ ɪ	d ɪ s t r ɔ ɪ d	d ɪ s t r ɔ ɪ d	p ɑː r t iː d	1	1	reg_d	reg_d	reg_d
majority	ɡ ɛ s	ɡ ɛ s t	ɡ ɑː s t	b r a ʊ z	b r a ʊ z d	b r a ʊ z d	ɡ ɛ s d	0	0	reg_t	vowel_change_suffix	reg_d
majority	f a ɪ ɹ̩	f a ɪ ɹ̩ d	f ɔ t ɹ̩ d	k r ʌ m b ə l	k r ʌ m b ə l d	k r ʌ m b ə l d	f a ɪ ɹ̩ d	0	1	reg_d	other	reg_d
majority	s ɪ t	s æ t	s ɪ t	ʃ ɛ r	ʃ ɛ r d	ʃ ɛ r d	s ɪ t d	0	0	vowel_change	no_change	reg_d
majority	ʃ uː	ʃ uː d	ʃ uː d	s uː	s uː d	s uː d	ʃ uː d	1	1	reg_d	reg_d	reg_d
majority	w ɹ̩ k	w ɹ̩ k t	w ɹ̩ k t	s iː m	s iː m d	s iː m d	w ɹ̩ k d	0	0	reg_t	reg_t	reg_d
majority	t ʌ t͡ʃ	t ʌ t͡ʃ t	t ʌ t͡ʃ t	p ɹ̩ s ɑː n ə f a ɪ	p ɹ̩ s ɑː n ə f a ɪ d	p ɹ̩ s ɑː n ə f a ɪ d	t ʌ t͡ʃ d	0	0	reg_t	reg_t	reg_d
majority	s t ɑː p	s t ɑː p t	s t ɑː p t	t r e ɪ n	t r e ɪ n d	t r e ɪ n d	s t ɑː p d	0	0	reg_t	reg_t	reg_d
majority	s t ɹ̩	s t ɹ̩ d	s t ɹ̩ d	b ɪ h e ɪ v	b ɪ h e ɪ v d	b ɪ h e ɪ v d	s t ɹ̩ d	1	1	reg_d	reg_d	reg_d
majority	l ɛ d	l ɛ d ə d	l ɛ d	h ɛ m	h ɛ m d	h ɛ m d	l ɛ d d	0	0	reg_əd	no_change	reg_d
majority	p ɔ r	p ɔ r d	p ɔ r d	r o ʊ m	r o ʊ m d	r o ʊ m d	p ɔ r d	1	1	reg_d	reg_d	reg_d
majority	s ə p o ʊ z	s ə p o ʊ z d	s ə p o ʊ z d	t͡ʃ ɪ k ə n	t͡ʃ ɪ k ə n d	t͡ʃ ɪ k ə n d	s ə p o ʊ z d	1	1	reg_d	reg_d	reg_d
majority	w ʌ n d ɹ̩	w ʌ n d ɹ̩ d	w ʌ n d ɹ̩ d	ə p o ʊ z	ə p o ʊ z d	ə p o ʊ z d	w ʌ n d ɹ̩ d	1	1	reg_d	reg_d	reg_d
majority	k w ɛ s t͡ʃ ə n	k w ɛ s t͡ʃ ə n d	k w ɛ s t͡ʃ ə n d	p ɛ n	p ɛ n d	p ɛ n d	k w ɛ s t͡ʃ ə n d	1	1	reg_d	reg_d	reg_d
majority	d a ɪ	d a ɪ d	d a ɪ d	k ə m p ɛ r	k ə m p ɛ r d	k ə m p ɛ r d	d a ɪ d	1	1	reg_d	reg_d	reg_d
majority	s p iː k	s p o ʊ k	s p iː k t	e ɪ m	e ɪ m d	e ɪ m d	s p iː k d	0	0	vowel_change	reg_t	reg_d
majority	s w iː p	s w ɛ p t	s w iː p t	b ɛ r	b ɛ r d	b o ʊ r	s w iː p d	0	0	vowel_change_suffix	reg_t	reg_d
majority	b r ʌ ʃ	b r ʌ ʃ t	b r ʌ ʃ t	b ʌ b ə l	b ʌ b ə l d	b ʌ b ə l d	b r ʌ ʃ d	0	0	reg_t	reg_t	reg_d
majority	ə b a ɪ d	ə b a ɪ d ə d	ə b a ɪ d ə d	b r a ʊ n	b r a ʊ n d	b r a ʊ n d	ə b a ɪ d d	0	0	reg_əd	reg_əd	reg_d
majority	l æ f	l æ f t	l æ f t	ɛ n e ɪ b ə l	ɛ n e ɪ b ə l d	ɛ n e ɪ b ə l d	l æ f d	0	0	reg_t	reg_t	reg_d
majority	t a ɪ	t a ɪ d	t a ɪ d	m ɛ r iː	m ɛ r iː d	m ɛ r iː d	t a ɪ d	1	1	reg_d	reg_d	reg_d
majority	ɪ n v a ɪ t	ɪ n v a ɪ t ə d	ɪ n v a ɪ t ə d	d r a ɪ	d r a ɪ d	d r a ɪ d	ɪ n v a ɪ t d	0	0	reg_əd	reg_əd	reg_d
majority	k r ɔ l	k r ɔ l d	k r ɔ l d	n ʌ m b ɹ̩	n ʌ m b ɹ̩ d	n ʌ m b ɹ̩ d	k r ɔ l d	1	1	reg_d	reg_d	reg_d
majority	p o ʊ k	p o ʊ k t	p o ʊ k t	m ɪ r ɹ̩	m ɪ r ɹ̩ d	m ɪ r ɹ̩ d	p o ʊ k d	0	0	reg_t	reg_t	reg_d
majority	ɡ r o ʊ	ɡ r uː	ɡ r uː	s o ʊ b ɹ̩	s o ʊ b ɹ̩ d	s o ʊ b ɹ̩ d	ɡ r o ʊ d	0	0	vowel_change	vowel_change	reg_d
majority	s t iː l	s t o ʊ l	s t iː l d	p l e ɪ n	p l e ɪ n d	p l e ɪ n d	s t iː l d	1	0	vowel_change	reg_d	reg_d
majority	t͡ʃ uː	t͡ʃ uː d	t͡ʃ uː d	b ɪ z iː	b ɪ z iː d	b ɪ z iː d	t͡ʃ uː d	1	1	reg_d	reg_d	reg_d
majority	w ɔ k	w ɔ k t	w ɔ k t	b æ n d ɪ d͡ʒ	b æ n d ɪ d͡ʒ d	b æ n d ɪ d͡ʒ d	w ɔ k d	0	0	reg_t	reg_t	reg_d
majority	s ɛ l	s o ʊ l d	s ɛ l d	h ɪ p n ə t a ɪ z	h ɪ p n ə t a ɪ z d	h ɪ p n ə t a ɪ z d	s ɛ l d	1	0	vowel_change_suffix	reg_d	reg_d
majority	p ɪ k t͡ʃ ɹ̩	p ɪ k t͡ʃ ɹ̩ d	p ɪ k t͡ʃ ɹ̩ d	l uː s ə n	l uː s ə n d	l uː s ə n d	p ɪ k t͡ʃ ɹ̩ d	1	1	reg_d	reg_d	reg_d
majority	k o ʊ m	k o ʊ m d	k o ʊ m d	s ɪ m b ə l a ɪ z	s ɪ m b ə l a ɪ z d	s ɪ m b ə l a ɪ z d	k o ʊ m d	1	1	reg_d	reg_d	reg_d
majority	s m a ɪ l	s m a ɪ l d	s m a ɪ l d	s l æ m	s l æ m d	s l æ m d	s m a ɪ l d	1	1	reg_d	reg_d	reg_d
majority	d r ɑː p	d r ɑː p t	d r ɑː p t	d ɔ n	d ɔ n d	d ɔ n d	d r ɑː p d	0	0	reg_t	reg_t	reg_d
majority	s k r æ t͡ʃ	s k r æ t͡ʃ t	s k r æ t͡ʃ t	w æ ɡ	w æ ɡ d	w æ ɡ d	s k r æ t͡ʃ d	0	0	reg_t	reg_t	reg_d
majority	s t æ m p	s t æ m p t	s t ʊ æ m d	ɪ k s p l e ɪ n	ɪ k s p l e ɪ n d	ɪ k s p l e ɪ n d	s t æ m p d	0	0	reg_t	rhyme_replaced	reg_d
majority	k r ʌ ʃ	k r ʌ ʃ t	k r ʌ ʃ t	s l o ʊ	s l o ʊ d	s l o ʊ d	k r ʌ ʃ d	0	0	reg_t	reg_t	reg_d
majority	b uː t	b uː t ə d	b uː t	æ d m a ɪ ɹ̩	æ d m a ɪ ɹ̩ d	æ d m a ɪ ɹ̩ d	b uː t d	0	0	reg_əd	no_change	reg_d
majority	r ə k ɔ r d	r ə k ɔ r d ə d	r ə k ɔ r d ə d	ɡ ʌ n	ɡ ʌ n d	ɡ ʌ n d	r ə k ɔ r d d	0	0	reg_əd	reg_əd	reg_d
majority	t͡ʃ uː z	t͡ʃ o ʊ z	t͡ʃ uː z d	r ə s iː v	r ə s iː v d	r ə s iː v d	t͡ʃ uː z d	1	0	vowel_change	reg_d	reg_d
majority	d æ n s	d æ n s t	d æ n s t	b ɑː t ə l	b ɑː t ə l d	b ɑː t ə l d	d æ n s d	0	0	reg_t	reg_t	reg_d
majority	s n ɑː r ə l	s n ɑː r ə l d	s n ɑː r ə l d	k ə n t r o ʊ l	k ə n t r o ʊ l d	k ə n t r o ʊ l d	s n ɑː r ə l d	1	1	reg_d	reg_d	reg_d
majority	l ɪ f t	l ɪ f t ə d	l ɪ f t ə d	k ə m p ɛ r	k ə m p ɛ r d	k ə m p ɛ r d	l ɪ f t d	0	0	reg_əd	reg_əd	reg_d
majority	t͡ʃ ɛ k	t͡ʃ ɛ k t	t͡ʃ ɛ k t	m ɑː r b ə l	m ɑː r b ə l d	m ɑː r b ə l d	t͡ʃ ɛ k d	0	0	reg_t	reg_t	reg_d
majority	f ɑː l o ʊ	f ɑː l o ʊ d	f ɑː l o ʊ d	ɡ r ʌ m b ə l	ɡ r ʌ m b ə l d	ɡ r ʌ m b ə l d	f ɑː l o ʊ d	1	1	reg_d	reg_d	reg_d
majority	h æ n d	h æ n d ə d	h æ n d ə d	b uː	b uː d	b uː d	h æ n d d	0	0	reg_əd	reg_əd	reg_d
majority	r ɛ k ə m ɛ n d	r ɛ k ə m ɛ n d ə d	r ɛ k ə m ɛ n d ə d	d r æ ɡ	d r æ ɡ d	d r æ ɡ d	r ɛ k ə m ɛ n d d	0	0	reg_əd	reg_əd	reg_d
majority	ʃ uː t	ʃ ɑː t	ʃ uː t ə d	f ɪ ɡ j ɹ̩	f ɪ ɡ j ɹ̩ d	f ɪ ɡ j ɹ̩ d	ʃ uː t d	0	0	vowel_change	reg_əd	reg_d
majority	s o ʊ k	s o ʊ k t	s o ʊ k t	æ k s ɛ s ɹ̩ a ɪ z	æ k s ɛ s ɹ̩ a ɪ z d	æ k s ɛ s ɹ̩ a ɪ z d	s o ʊ k d	0	0	reg_t	reg_t	reg_d
majority	p ɑː r t ɪ s ə p e ɪ t	p ɑː r t ɪ s ə p e ɪ t ə d	p s t ɪ s t ə p e ɪ t ə d	p l ʌ n d͡ʒ	p l ʌ n d͡ʒ d	p l ʌ n d͡ʒ d	p ɑː r t ɪ s ə p e ɪ t d	0	0	reg_əd	other	reg_d
majority	s m æ k	s m æ k t	s m æ k t	r ɛ d iː	r ɛ d iː d	r ɛ d iː d	s m æ k d	0	0	reg_t	reg_t	reg_d
majority	z ɪ p	z ɪ p t	z ɪ p t	w e ɪ v	w e ɪ v d	w e ɪ v d	z ɪ p d	0	0	reg_t	reg_t	reg_d
majority	w ɔ r m	w ɔ r m d	w ɔ r m d	b ɪ z iː	b ɪ z iː d	b ɪ z iː d	w ɔ r m d	1	1	reg_d	reg_d	reg_d
majority	k æ m p	k æ m p t	k æ m p t	t ɪ ŋ k ə l	t ɪ ŋ k ə l d	t ɪ ŋ k ə l d	k æ m p d	0	0	reg_t	reg_t	reg_d
majority	p ɹ̩ f ɛ k t	p ɹ̩ f ɛ k t ə d	p ɹ̩ f ɛ k t ə d	w ɪ ŋ	w ɪ ŋ d	w ɪ ŋ d	p ɹ̩ f ɛ k t d	0	0	reg_əd	reg_əd	reg_d
majority	z uː m	z uː m d	z uː m d	s o ʊ b ɹ̩	s o ʊ b ɹ̩ d	s o ʊ b ɹ̩ d	z uː m d	1	1	reg_d	reg_d	reg_d
majority	f o ʊ n	f o ʊ n d	f o ʊ n d	d ɪ f a ɪ n	d ɪ f a ɪ n d	d ɪ f a ɪ n d	f o ʊ n d	1	1	reg_d	reg_d	reg_d
majority	ɡ r e ɪ s	ɡ r e ɪ s t	ɡ r e ɪ s t	s e ɪ v	s e ɪ v d	s e ɪ v d	ɡ r e ɪ s d	0	0	reg_t	reg_t	reg_d
majority	h ʊ k	h ʊ k t	h ʊ k t	a ɪ	a ɪ d	a ɪ d	h ʊ k d	0	0	reg_t	reg_t	reg_d
majority	p ɛ ɡ	p ɛ ɡ d	p ɛ ɡ d	t ɑː p ə l	t ɑː p ə l d	t ɑː p ə l d	p ɛ ɡ d	1	1	reg_d	reg_d	reg_d
majority	f l o ʊ t	f l o ʊ t ə d	f l o ʊ t	l e ɪ ɹ̩	l e ɪ ɹ̩ d	l e ɪ ɹ̩ d	f l o ʊ t d	0	0	reg_əd	no_change	reg_d
majority	s p ɛ n d	s p ɛ n t	s p ɛ n d ə d	k ə n t ɪ n j uː	k ə n t ɪ n j uː d	k ə n t ɪ n j uː d	s p ɛ n d d	0	0	coda_change	reg_əd	reg_d
majority	s æ n d	s æ n d ə d	s æ n d ə d	s t ɪ l	s t ɪ l d	s t ɪ l d	s æ n d d	0	0	reg_əd	reg_əd	reg_d
majority	o ʊ n	o ʊ n d	o ʊ n d	p l æ s t ɹ̩	p l æ s t ɹ̩ d	p l æ s t ɹ̩ d	o ʊ n d	1	1	reg_d	reg_d	reg_d
majority	m e ɪ l	m e ɪ l d	m e ɪ l d	r ɪ p l a ɪ	r ɪ p l a ɪ d	r ɪ p l a ɪ d	m e ɪ l d	1	1	reg_d	reg_d	reg_d
majority	ə n t a ɪ	ə n t a ɪ d	ə n t a ɪ d	s a ʊ ɹ̩	s a ʊ ɹ̩ d	s a ʊ ɹ̩ d	ə n t a ɪ d	1	1	reg_d	reg_d	reg_d
majority	ɡ r iː s	ɡ r iː s t	ɡ r iː s t	w ɛ l k ə m	w ɛ l k ə m d	w ɛ l k ə m d	ɡ r iː s d	0	0	reg_t	reg_t	reg_d
majority	p r ə t ɛ k t	p r ə t ɛ k t ə d	p r ə t ɛ k t ə d	f l æ t ə n	f l æ t ə n d	f l æ t ə n d	p r ə t ɛ k t d	0	0	reg_əd	reg_əd	reg_d
majority	r e ɪ d iː o ʊ	r e ɪ d iː o ʊ d	r e ɪ d iː d iː d	l ʌ v	l ʌ v d	l ʌ v d	r e ɪ d iː o ʊ d	0	1	reg_d	other	reg_d
majority	d ɪ v a ɪ d	d ɪ v a ɪ d ə d	d ɪ v a ɪ d ə d	p r e ɪ z	p r e ɪ z d	p r e ɪ z d	d ɪ v a ɪ d d	0	0	reg_əd	reg_əd	reg_d
majority	t o ʊ	t o ʊ d	t o ʊ d	f ɑː s t ɹ̩	f ɑː s t ɹ̩ d	f ɑː s t ɹ̩ d	t o ʊ d	1	1	reg_d	reg_d	reg_d
majority	t r æ n z m ɪ t	t r æ n z m ɪ t ə d	t r æ n z m ɪ t ə d	ɪ n t ɹ̩ v j uː	ɪ n t ɹ̩ v j uː d	ɪ n t ɹ̩ v j uː d	t r æ n z m ɪ t d	0	0	reg_əd	reg_əd	reg_d
majority	b æ t	b æ t ə d	b æ t ə d	s p r e ɪ	s p r e ɪ d	s p r e ɪ d	b æ t d	0	0	reg_əd	reg_əd	reg_d
majority	w e ɪ	w e ɪ d	w e ɪ d	f æ n s iː	f æ n s iː d	f æ n s iː d	w e ɪ d	1	1	reg_d	reg_d	reg_d
majority	k l iː r	k l iː r d	k l iː r d	k r ʌ m b ə l	k r ʌ m b ə l d	k r ʌ m b ə l d	k l iː r d	1	1	reg_d	reg_d	reg_d
majority	ɛ n t͡ʃ æ n t	ɛ n t͡ʃ æ n t ə d	ɛ n t͡ʃ æ n t ə d	r æ t ə l	r æ t ə l d	r æ t ə l d	ɛ n t͡ʃ æ n t d	0	0	reg_əd	reg_əd	reg_d
majority	ə d r ɛ s	ə d r ɛ s t	ə d r ɛ s t	b ɑː t ə l	b ɑː t ə l d	b ɑː t ə l d	ə d r ɛ s d	0	0	reg_t	reg_t	reg_d
majority	s m ʌ d͡ʒ	s m ʌ d͡ʒ d	s m ʌ d͡ʒ d	k ʌ p ə l	k ʌ p ə l d	k ʌ p ə l d	s m ʌ d͡ʒ d	1	1	reg_d	reg_d	reg_d
majority	d r e ɪ p	d r e ɪ p t	d r e ɪ p t	r iː v j uː	r iː v j uː d	r iː v j uː d	d r e ɪ p d	0	0	reg_t	reg_t	reg_d
majority	d ɪ p	d ɪ p t	d ɪ p t	s p ɛ k ə l	s p ɛ k ə l d	s p ɛ k ə l d	d ɪ p d	0	0	reg_t	reg_t	reg_d
majority	ə s o ʊ s iː e ɪ t	ə s o ʊ s iː e ɪ t ə d	ə s o ʊ s iː e ɪ t ə d	s t ʌ m b ə l	s t ʌ m b ə l d	s t ʌ m b ə l d	ə s o ʊ s iː e ɪ t d	0	0	reg_əd	reg_əd	reg_d
majority	s ɪ ŋ k	s æ ŋ k	s ɪ ŋ k t	s o ʊ b ɹ̩	s o ʊ b ɹ̩ d	s o ʊ b ɹ̩ d	s ɪ ŋ k d	0	0	vowel_change	reg_t	reg_d
majority	p iː l	p iː l d	p iː l d	l ɛ k t͡ʃ ɹ̩	l ɛ k t͡ʃ ɹ̩ d	l ɛ k t͡ʃ ɹ̩ d	p iː l d	1	1	reg_d	reg_d	reg_d
majority	ɪ k s ɛ p t	ɪ k s ɛ p t ə d	ɪ k s ɛ p t ə d	t æ t ɹ̩	t æ t ɹ̩ d	t æ t ɹ̩ d	ɪ k s ɛ p t d	0	0	reg_əd	reg_əd	reg_d
majority	f r a ʊ n	f r a ʊ n d	f r a ʊ n d	r ə s iː v	r ə s iː v d	r ə s iː v d	f r a ʊ n d	1	1	reg_d	reg_d	reg_d
majority	s p r ɛ d	s p r ɛ d	s p r ɛ d ə d	p ɛ n s ə l	p ɛ n s ə l d	p ɛ n s ə l d	s p r ɛ d d	0	0	no_change	reg_əd	reg_d
majority	f l ɪ p	f l ɪ p t	f l ɪ p t	ɡ l ʌ v	ɡ l ʌ v d	ɡ l ʌ v d	f l ɪ p d	0	0	reg_t	reg_t	reg_d
majority	m ʌ ʃ r uː m	m ʌ ʃ r uː m d	m ʌ ʃ r uː m d	ə p iː r	ə p iː r d	ə p iː r d	m ʌ ʃ r uː m d	1	1	reg_d	reg_d	reg_d
majority	r iː d uː	r iː d ɪ d	r iː d ɪ d	ə b z ɔ r b	ə b z ɔ r b d	ə b z ɔ r b d	r iː d uː d	0	0	vowel_change_suffix	vowel_change_suffix	reg_d
majority	ɡ æ s p	ɡ æ s p t	ɡ æ s p t	n iː r	n iː r d	n iː r d	ɡ æ s p d	0	0	reg_t	reg_t	reg_d
majority	t ɛ r ə r a ɪ z	t ɛ r ə r a ɪ z d	t ɛ r ə r a ɪ z d	n ɔ	n ɔ d	n ɔ d	t ɛ r ə r a ɪ z d	1	1	reg_d	reg_d	reg_d
majority	b ʊ t͡ʃ ɹ̩	b ʊ t͡ʃ ɹ̩ d	b ʊ t͡ʃ ɹ̩ d	r iː m uː v	r iː m uː v d	r iː m uː v d	b ʊ t͡ʃ ɹ̩ d	1	1	reg_d	reg_d	reg_d
majority	m ə n ɪ p j ə l e ɪ t	m ə n ɪ p j ə l e ɪ t ə d	m ə n ə l d	s ɪ v ə l a ɪ z	s ɪ v ə l a ɪ z d	s ɪ v ə l a ɪ z d	m ə n ɪ p j ə l e ɪ t d	0	0	reg_əd	other	reg_d
majority	d r ʌ ɡ	d r ʌ ɡ d	d r ʌ ɡ d	s t e ɪ p ə l	s t e ɪ p ə l d	s t e ɪ p ə l d	d r ʌ ɡ d	1	1	reg_d	reg_d	reg_d
majority	s l a ɪ s	s l a ɪ s t	s l a ɪ s t	k l e ɪ m	k l e ɪ m d	k l e ɪ m d	s l a ɪ s d	0	0	reg_t	reg_t	reg_d
majority	s ɹ̩ a ʊ n d	s ɹ̩ a ʊ n d ə d	s ɹ̩ a ʊ n d ə d	k uː l	k uː l d	k uː l d	s ɹ̩ a ʊ n d d	0	0	reg_əd	reg_əd	reg_d
majority	s k r ɪ b ə l	s k r ɪ b ə l d	s k r ɪ b ə l d	ɔ f ɹ̩	ɔ f ɹ̩ d	ɔ f ɹ̩ d	s k r ɪ b ə l d	1	1	reg_d	reg_d	reg_d
majority	ɡ r iː n	ɡ r iː n d	ɡ r iː n d	k l e ɪ m	k l e ɪ m d	k l e ɪ m d	ɡ r iː n d	1	1	reg_d	reg_d	reg_d
majority	s k w ɹ̩ t	s k w ɹ̩ t ə d	s k w ɹ̩ t	t iː t ɹ̩	t iː t ɹ̩ d	t iː t ɹ̩ d	s k w ɹ̩ t d	0	0	reg_əd	no_change	reg_d
majority	k ə n ɛ k t	k ə n ɛ k t ə d	k ə n ɛ k t ə d	a ɪ ɹ̩ n	a ɪ ɹ̩ n d	a ɪ ɹ̩ n d	k ə n ɛ k t d	0	0	reg_əd	reg_əd	reg_d
majority	ɡ r ɪ l	ɡ r ɪ l d	ɡ r ɪ l d	t r a ɪ	t r a ɪ d	t r a ɪ d	ɡ r ɪ l d	1	1	reg_d	reg_d	reg_d
majority	k ə n s ɪ d ɹ̩	k ə n s ɪ d ɹ̩ d	k ə n s ɪ d ɹ̩ d	h o ʊ m	h o ʊ m d	h o ʊ m d	k ə n s ɪ d ɹ̩ d	1	1	reg_d	reg_d	reg_d
majority	k ɹ̩ l	k ɹ̩ l d	k ɹ̩ l d	s k r æ m b ə l	s k r æ m b ə l d	s k r æ m b ə l d	k ɹ̩ l d	1	1	reg_d	reg_d	reg_d
majority	ɔ θ ɹ̩	ɔ θ ɹ̩ d	ɔ ɹ̩ d ə d	t͡ʃ ɛ r	t͡ʃ ɛ r d	t͡ʃ ɛ r d	ɔ θ ɹ̩ d	0	1	reg_d	other	reg_d
majority	f l ʌ ʃ	f l ʌ ʃ t	f l ʌ ʃ t	p æ d ə l	p æ d ə l d	p æ d ə l d	f l ʌ ʃ d	0	0	reg_t	reg_t	reg_d
majority	f l a ʊ n d ɹ̩	f l a ʊ n d ɹ̩ d	f l a ʊ n d ɹ̩ d	ɪ k s k j uː z	ɪ k s k j uː z d	ɪ k s k j uː z d	f l a ʊ n d ɹ̩ d	1	1	reg_d	reg_d	reg_d
majority	d a ɪ v	d o ʊ v	d a ɪ v d	s e ɪ l	s e ɪ l d	s e ɪ l d	d a ɪ v d	1	0	vowel_change	reg_d	reg_d
majority	ɔ r ɡ ə n a ɪ z	ɔ r ɡ ə n a ɪ z d	ɔ r ɡ ə n a ɪ z d	ə p o ʊ z	ə p o ʊ z d	ə p o ʊ z d	ɔ r ɡ ə n a ɪ z d	1	1	reg_d	reg_d	reg_d
majority	ə r a ɪ v	ə r a ɪ v d	ə r a ɪ v d	k ɑː n	k ɑː n d	k ɑː n d	ə r a ɪ v d	1	1	reg_d	reg_d	reg_d
majority	n æ p	n æ p t	n æ p t	ʃ a ɪ	ʃ a ɪ d	ʃ a ɪ d	n æ p d	0	0	reg_t	reg_t	reg_d
majority	l iː n	l iː n d	l ɛ n	s t e ɪ b ə l a ɪ z	s t e ɪ b ə l a ɪ z d	s t e ɪ b ə l a ɪ z d	l iː n d	0	1	reg_d	vowel_change	reg_d
majority	ɪ n v ɑː l v	ɪ n v ɑː l v d	ɪ n v ɑː l v d	ɡ r a ʊ l	ɡ r a ʊ l d	ɡ r a ʊ l d	ɪ n v ɑː l v d	1	1	reg_d	reg_d	reg_d
majority	s n ɪ f	s n ɪ f t	s n ɪ f t	d ɪ f a ɪ n	d ɪ f a ɪ n d	d ɪ f a ɪ n d	s n ɪ f d	0	0	reg_t	reg_t	reg_d
majority	ɪ n ɡ e ɪ d͡ʒ	ɪ n ɡ e ɪ d͡ʒ d	ɪ n ɡ e ɪ d͡ʒ d	k æ m ə f l ɑː ʒ	k æ m ə f l ɑː ʒ d	k æ m ə f l ɑː ʒ d	ɪ n ɡ e ɪ d͡ʒ d	1	1	reg_d	reg_d	reg_d
majority	f a ɪ n	f a ɪ n d	f ɔ t	s p ɛ k ə l	s p ɛ k ə l d	s p ɛ k ə l d	f a ɪ n d	0	1	reg_d	rhyme_replaced	reg_d
majority	d æ m	d æ m d	d æ m d	s t ɑː r	s t ɑː r d	s t ɑː r d	d æ m d	1	1	reg_d	reg_d	reg_d
majority	a ɪ s	a ɪ s t	a ɪ s t	t r e ɪ l	t r e ɪ l d	t r e ɪ l d	a ɪ s d	0	0	reg_t	reg_t	reg_d
majority	s t ʌ n	s t ʌ n d	s t ʌ n d	s k r uː	s k r uː d	s k r uː d	s t ʌ n d	1	1	reg_d	reg_d	reg_d
majority	d ɛ r	d ɛ r d	d ɛ r d	uː z	uː z d	uː z d	d ɛ r d	1	1	reg_d	reg_d	reg_d
majority	t iː z	t iː z d	t ɔ z d	ɡ ɑː r d ə n	ɡ ɑː r d ə n d	ɡ ɑː r d ə n d	t iː z d	0	1	reg_d	vowel_change_suffix	reg_d
majority	f ʌ m b ə l	f ʌ m b ə l d	f ʌ m b ə l d	s iː m	s iː m d	s iː m d	f ʌ m b ə l d	1	1	reg_d	reg_d	reg_d
majority	b ʌ n t͡ʃ	b ʌ n t͡ʃ t	b ʌ n t͡ʃ t	iː z	iː z d	iː z d	b ʌ n t͡ʃ d	0	0	reg_t	reg_t	reg_d
majority	r ɪ p iː t	r ɪ p iː t ə d	r ɪ p iː t ə d	d ɪ l ɪ v ɹ̩	d ɪ l ɪ v ɹ̩ d	d ɪ l ɪ v ɹ̩ d	r ɪ p iː t d	0	0	reg_əd	reg_əd	reg_d
majority	s k r e ɪ p	s k r e ɪ p t	s k r e ɪ p t	n ɪ b ə l	n ɪ b ə l d	n ɪ b ə l d	s k r e ɪ p d	0	0	reg_t	reg_t	reg_d
majority	ə d͡ʒ ʌ s t	ə d͡ʒ ʌ s t ə d	ə d͡ʒ ʌ s t ə d	s k ɪ m	s k ɪ m d	s k ɪ m d	ə d͡ʒ ʌ s t d	0	0	reg_əd	reg_əd	reg_d
majority	r ɔ ŋ	r ɔ ŋ d	r ɔ ŋ d	b a ɪ s ɪ k ə l	b a ɪ s ɪ k ə l d	b a ɪ s ɪ k ə l d	r ɔ ŋ d	1	1	reg_d	reg_d	reg_d
majority	b ɛ ɡ	b ɛ ɡ d	b ɛ ɡ d	s w ɑː l o ʊ	s w ɑː l o ʊ d	s w ɑː l o ʊ d	b ɛ ɡ d	1	1	reg_d	reg_d	reg_d
majority	w iː l	w iː l d	w iː l d	t ɪ ŋ k ə l	t ɪ ŋ k ə l d	t ɪ ŋ k ə l d	w iː l d	1	1	reg_d	reg_d	reg_d
majority	d͡ʒ ʌ d͡ʒ	d͡ʒ ʌ d͡ʒ d	d͡ʒ ʌ d͡ʒ d	h ɹ̩ iː	h ɹ̩ iː d	h ɹ̩ iː d	d͡ʒ ʌ d͡ʒ d	1	1	reg_d	reg_d	reg_d
majority	t͡ʃ æ n ə l	t͡ʃ æ n ə l d	t͡ʃ æ n ə l d	ɡ ɑː r b ə l	ɡ ɑː r b ə l d	ɡ ɑː r b ə l d	t͡ʃ æ n ə l d	1	1	reg_d	reg_d	reg_d
majority	f r ɔ s t	f r ɔ s t ə d	f r ɔ s t ə d	r ɪ m ɛ m b ɹ̩	r ɪ m ɛ m b ɹ̩ d	r ɪ m ɛ m b ɹ̩ d	f r ɔ s t d	0	0	reg_əd	reg_əd	reg_d
majority	r uː l	r uː l d	r uː l d	k l e ɪ m	k l e ɪ m d	k l e ɪ m d	r uː l d	1	1	reg_d	reg_d	reg_d
majority	t æ k ə l	t æ k ə l d	t æ k ə l d	w ɹ̩ iː	w ɹ̩ iː d	w ɹ̩ iː d	t æ k ə l d	1	1	reg_d	reg_d	reg_d
majority	t æ ŋ ɡ ə l	t æ ŋ ɡ ə l d	t æ ŋ ɡ ə l d	ə b z ɹ̩ v	ə b z ɹ̩ v d	ə b z ɹ̩ v d	t æ ŋ ɡ ə l d	1	1	reg_d	reg_d	reg_d
majority	b ʌ t ɹ̩	b ʌ t ɹ̩ d	b ʌ t ɹ̩ d	k ɔ l	k ɔ l d	k ɔ l d	b ʌ t ɹ̩ d	1	1	reg_d	reg_d	reg_d
majority	b l æ k	b l æ k t	b l æ k t	t r æ v ə l	t r æ v ə l d	t r æ v ə l d	b l æ k d	0	0	reg_t	reg_t	reg_d
majority	s p e ɪ s	s p e ɪ s t	s p e ɪ s t	r ɪ p ɛ r	r ɪ p ɛ r d	r ɪ p ɛ r d	s p e ɪ s d	0	0	reg_t	reg_t	reg_d
majority	p r ɪ z uː m	p r ɪ z uː m d	p r ɪ z uː m d	ɡ e ɪ n	ɡ e ɪ n d	ɡ e ɪ n d	p r ɪ z uː m d	1	1	reg_d	reg_d	reg_d
majority	k ə n k l uː d	k ə n k l uː d ə d	k ə n k l uː d ə d	j ɛ l	j ɛ l d	j ɛ l d	k ə n k l uː d d	0	0	reg_əd	reg_əd	reg_d
majority	p a ʊ t	p a ʊ t ə d	p a ʊ t ə d	p ʌ z ə l	p ʌ z ə l d	p ʌ z ə l d	p a ʊ t d	0	0	reg_əd	reg_əd	reg_d
majority	ə n l o ʊ d	ə n l o ʊ d ə d	ə n l o ʊ d ə d	f l æ t ə n	f l æ t ə n d	f l æ t ə n d	ə n l o ʊ d d	0	0	reg_əd	reg_əd	reg_d
majority	ə b d͡ʒ ɛ k t	ə b d͡ʒ ɛ k t ə d	ə b d͡ʒ ɛ k t ə d	ə b z ɹ̩ v	ə b z ɹ̩ v d	ə b z ɹ̩ v d	ə b d͡ʒ ɛ k t d	0	0	reg_əd	reg_əd	reg_d
majority	d o ʊ z	d o ʊ z d	d o ʊ z d	l e ɪ ɹ̩	l e ɪ ɹ̩ d	l e ɪ ɹ̩ d	d o ʊ z d	1	1	reg_d	reg_d	reg_d
majority	s t æ b	s t æ b d	s t æ b d	ʃ e ɪ v	ʃ e ɪ v d	ʃ e ɪ v d	s t æ b d	1	1	reg_d	reg_d	reg_d
majority	t r æ n s k r a ɪ b	t r æ n s k r a ɪ b d	t r æ n s k r a ɪ t ə d	b ʌ t ə n	b ʌ t ə n d	b ʌ t ə n d	t r æ n s k r a ɪ b d	0	1	reg_d	other	reg_d
majority	r iː ɹ̩ e ɪ n d͡ʒ	r iː ɹ̩ e ɪ n d͡ʒ d	r iː ɹ̩ e ɪ n d͡ʒ d	m ə ʃ iː n	m ə ʃ iː n d	m ə ʃ iː n d	r iː ɹ̩ e ɪ n d͡ʒ d	1	1	reg_d	reg_d	reg_d
majority	ɛ n d͡ʒ ə n iː r	ɛ n d͡ʒ ə n iː r d	ɛ n d͡ʒ ə n iː r d	s t ɔ r m	s t ɔ r m d	s t ɔ r m d	ɛ n d͡ʒ ə n iː r d	1	1	reg_d	reg_d	reg_d
majority	ɡ r e ɪ z	ɡ r e ɪ z d	ɡ r e ɪ z d	m ɛ m ɹ̩ a ɪ z	m ɛ m ɹ̩ a ɪ z d	m ɛ m ɹ̩ a ɪ z d	ɡ r e ɪ z d	1	1	reg_d	reg_d	reg_d
majority	k ɑː l ɹ̩	k ɑː l ɹ̩ d	k ɑː l ɹ̩ d	z ɪ ɡ z æ ɡ	z ɪ ɡ z æ ɡ d	z ɪ ɡ z æ ɡ d	k ɑː l ɹ̩ d	1	1	reg_d	reg_d	reg_d
majority	k o ʊ k s	k o ʊ k s t	k o ʊ k s t	k ɑː m	k ɑː m d	k ɑː m d	k o ʊ k s d	0	0	reg_t	reg_t	reg_d
majority	n ʌ k ə l	n ʌ k ə l d	n ʌ k ə l d	ɛ n d͡ʒ ɔ ɪ	ɛ n d͡ʒ ɔ ɪ d	ɛ n d͡ʒ ɔ ɪ d	n ʌ k ə l d	1	1	reg_d	reg_d	reg_d
majority	ɪ n v ɛ s t ə ɡ e ɪ t	ɪ n v ɛ s t ə ɡ e ɪ t ə d	ɪ n v ɛ s t ə ɡ t ə d	p ɛ n	p ɛ n d	p ɛ n d	ɪ n v ɛ s t ə ɡ e ɪ t d	0	0	reg_əd	other	reg_d
majority	t͡ʃ ɑː r d͡ʒ	t͡ʃ ɑː r d͡ʒ d	t͡ʃ ɑː r d͡ʒ d	ɡ ɑː r b ə l	ɡ ɑː r b ə l d	ɡ ɑː r b ə l d	t͡ʃ ɑː r d͡ʒ d	1	1	reg_d	reg_d	reg_d
majority	s p ɑː t	s p ɑː t ə d	s p ɑː t ə d	d r æ ɡ	d r æ ɡ d	d r æ ɡ d	s p ɑː t d	0	0	reg_əd	reg_əd	reg_d
majority	d r a ʊ n	d r a ʊ n d	d r a ʊ n d	n æ ɡ	n æ ɡ d	n æ ɡ d	d r a ʊ n d	1	1	reg_d	reg_d	reg_d
majority	f l ɪ k ɹ̩	f l ɪ k ɹ̩ d	f l ɪ k ɹ̩ d	v ɛ r iː	v ɛ r iː d	v ɛ r iː d	f l ɪ k ɹ̩ d	1	1	reg_d	reg_d	reg_d
majority	h ɑː r d ə n	h ɑː r d ə n d	h ɑː r d ə n d	t æ t ə l	t æ t ə l d	t æ t ə l d	h ɑː r d ə n d	1	1	reg_d	reg_d	reg_d
majority	f l æ t ɹ̩	f l æ t ɹ̩ d	f l æ t ɹ̩ d	l ʌ v	l ʌ v d	l ʌ v d	f l æ t ɹ̩ d	1	1	reg_d	reg_d	reg_d
majority	w ɑː b ə l	w ɑː b ə l d	w ɑː b ə l d	m ɪ r ɹ̩	m ɪ r ɹ̩ d	m ɪ r ɹ̩ d	w ɑː b ə l d	1	1	reg_d	reg_d	reg_d
majority	l iː k	l iː k t	l ɛ k t	l uː s ə n	l uː s ə n d	l uː s ə n d	l iː k d	0	0	reg_t	vowel_change_suffix	reg_d
majority	t a ɪ p	t a ɪ p t	t a ɪ p t	d ɑː k t ɹ̩	d ɑː k t ɹ̩ d	d ɑː k t ɹ̩ d	t a ɪ p d	0	0	reg_t	reg_t	reg_d
majority	k ɑː m p l ə m ɛ n t	k ɑː m p l ə m ɛ n t ə d	k ɑː m p l ə m ɛ m t ə d	s p ɪ l	s p ɪ l d	s p ɪ l d	k ɑː m p l ə m ɛ n t d	0	0	reg_əd	other	reg_d
majority	ɪ n t ɹ̩ m ɪ k s	ɪ n t ɹ̩ m ɪ k s t	ɪ n t ɹ̩ m ɪ k s t	f l ʌ t ɹ̩	f l ʌ t ɹ̩ d	f l ʌ t ɹ̩ d	ɪ n t ɹ̩ m ɪ k s d	0	0	reg_t	reg_t	reg_d
majority	n o ʊ z	n o ʊ z d	n o ʊ z d	w uː	w uː d	w uː d	n o ʊ z d	1	1	reg_d	reg_d	reg_d
majority	ɪ n f ɔ r m	ɪ n f ɔ r m d	ɪ n f ɔ r m d	ɪ k s p l ɔ r	ɪ k s p l ɔ r d	ɪ k s p l ɔ r d	ɪ n f ɔ r m d	1	1	reg_d	reg_d	reg_d
majority	s p a ɪ s	s p a ɪ s t	s p a ɪ s t	s w e ɪ	s w e ɪ d	s w e ɪ d	s p a ɪ s d	0	0	reg_t	reg_t	reg_d
majority	h ɔ l	h ɔ l d	h ɔ l d	d ɪ s k ʌ v ɹ̩	d ɪ s k ʌ v ɹ̩ d	d ɪ s k ʌ v ɹ̩ d	h ɔ l d	1	1	reg_d	reg_d	reg_d
majority	d ɑː d͡ʒ	d ɑː d͡ʒ d	d ɑː d͡ʒ d	v ɪ ʒ w ə l a ɪ z	v ɪ ʒ w ə l a ɪ z d	v ɪ ʒ w ə l a ɪ z d	d ɑː d͡ʒ d	1	1	reg_d	reg_d	reg_d
majority	s a ɪ	s a ɪ d	s a ɪ d	s uː	s uː d	s uː d	s a ɪ d	1	1	reg_d	reg_d	reg_d
majority	s ɛ n t ɹ̩	s ɛ n t ɹ̩ d	s ɛ n t ɹ̩ d	r a ɪ p ə n	r a ɪ p ə n d	r a ɪ p ə n d	s ɛ n t ɹ̩ d	1	1	reg_d	reg_d	reg_d
majority	p æ t͡ʃ	p æ t͡ʃ t	p æ t͡ʃ t	m ɑː r	m ɑː r d	m ɑː r d	p æ t͡ʃ d	0	0	reg_t	reg_t	reg_d
majority	f ɔ r w ɹ̩ d	f ɔ r w ɹ̩ d ə d	f ɔ r w ɹ̩ d ə d	s uː	s uː d	s uː d	f ɔ r w ɹ̩ d d	0	0	reg_əd	reg_əd	reg_d
majority	s t iː r	s t iː r d	s t iː r d	m a ʊ ð	m a ʊ ð d	m a ʊ ð d	s t iː r d	1	1	reg_d	reg_d	reg_d
majority	k ə n d ɛ n s	k ə n d ɛ n s t	k ə n d ɛ n s t	k l ɑː ɡ	k l ɑː ɡ d	k l ɑː ɡ d	k ə n d ɛ n s d	0	0	reg_t	reg_t	reg_d
majority	b e ɪ ð	b e ɪ ð d	b e ɪ ð d	ɡ ɑː r d ə n	ɡ ɑː r d ə n d	ɡ ɑː r d ə n d	b e ɪ ð d	1	1	reg_d	reg_d	reg_d
majority	b ɔ l	b ɔ l d	b ɔ l d	o ʊ	o ʊ d	o ʊ d	b ɔ l d	1	1	reg_d	reg_d	reg_d
majority	k l ɪ k	k l ɪ k t	k l ɪ k t	f uː l	f uː l d	f uː l d	k l ɪ k d	0	0	reg_t	reg_t	reg_d
majority	t r ɪ m	t r ɪ m d	t r ɪ m d	d ɪ s p l e ɪ	d ɪ s p l e ɪ d	d ɪ s p l e ɪ d	t r ɪ m d	1	1	reg_d	reg_d	reg_d
majority	d͡ʒ ɹ̩ k	d͡ʒ ɹ̩ k t	d͡ʒ ɹ̩ k t	v ɪ ʒ w ə l a ɪ z	v ɪ ʒ w ə l a ɪ z d	v ɪ ʒ w ə l a ɪ z d	d͡ʒ ɹ̩ k d	0	0	reg_t	reg_t	reg_d
majority	r iː b ɪ l d	r iː b ɪ l t	r iː b ɪ l d ə d	t ɹ̩ n	t ɹ̩ n d	t ɹ̩ n d	r iː b ɪ l d d	0	0	coda_change	reg_əd	reg_d
majority	h ɹ̩ d	h ɹ̩ d ə d	h ɹ̩ d ə d	l ɪ s ə n	l ɪ s ə n d	l ɪ s ə n d	h ɹ̩ d d	0	0	reg_əd	reg_əd	reg_d
majority	θ ʌ n d ɹ̩	θ ʌ n d ɹ̩ d	θ ʌ n d ɹ̩ d	s iː l	s iː l d	s iː l d	θ ʌ n d ɹ̩ d	1	1	reg_d	reg_d	reg_d
majority	ə p r o ʊ p r iː e ɪ t	ə p r o ʊ p r iː e ɪ t ə d	ə p r d	ʃ e ɪ m	ʃ e ɪ m d	ʃ e ɪ m d	ə p r o ʊ p r iː e ɪ t d	0	0	reg_əd	other	reg_d
majority	k ʌ m f ɹ̩ t	k ʌ m f ɹ̩ t ə d	k ʌ m f ɹ̩ t ə d	s ʌ f ɹ̩	s ʌ f ɹ̩ d	s ʌ f ɹ̩ d	k ʌ m f ɹ̩ t d	0	0	reg_əd	reg_əd	reg_d
majority	r ɪ l e ɪ t	r ɪ l e ɪ t ə d	r ɪ l e ɪ t ə d	s t iː m	s t iː m d	s t iː m d	r ɪ l e ɪ t d	0	0	reg_əd	reg_əd	reg_d
majority	w a ɪ ɹ̩	w a ɪ ɹ̩ d	w a ɪ ɹ̩ d	æ d v ɹ̩ t a ɪ z	æ d v ɹ̩ t a ɪ z d	æ d v ɹ̩ t a ɪ z d	w a ɪ ɹ̩ d	1	1	reg_d	reg_d	reg_d
majority	ɛ k s ɹ̩ s a ɪ z	ɛ k s ɹ̩ s a ɪ z d	ɛ k s ɹ̩ s a ɪ z d	ə k ɹ̩	ə k ɹ̩ d	ə k ɹ̩ d	ɛ k s ɹ̩ s a ɪ z d	1	1	reg_d	reg_d	reg_d
majority	k r ʌ m p ə l	k r ʌ m p ə l d	k r ʌ m p ə l d	k ɑː r v	k ɑː r v d	k ɑː r v d	k r ʌ m p ə l d	1	1	reg_d	reg_d	reg_d
majority	ɪ ɡ z æ m ɪ n	ɪ ɡ z æ m ɪ n d	ɪ ɡ z æ m ɪ n d	d ɪ t ɹ̩ m ə n	d ɪ t ɹ̩ m ə n d	d ɪ t ɹ̩ m ə n d	ɪ ɡ z æ m ɪ n d	1	1	reg_d	reg_d	reg_d
majority	ʃ ɑː p	ʃ ɑː p t	ʃ ɑː p t	l ɛ k t͡ʃ ɹ̩	l ɛ k t͡ʃ ɹ̩ d	l ɛ k t͡ʃ ɹ̩ d	ʃ ɑː p d	0	0	reg_t	reg_t	reg_d
majority	k ɔ r ə l e ɪ t	k ɔ r ə l e ɪ t ə d	k ɔ r ə l e ɪ t ə d	r ɪ k ə ʃ e ɪ	r ɪ k ə ʃ e ɪ d	r ɪ k ə ʃ e ɪ d	k ɔ r ə l e ɪ t d	0	0	reg_əd	reg_əd	reg_d
majority	k ə m b a ɪ n	k ə m b a ɪ n d	k ə m b a ɪ n d	ɡ ɑː r b ə l	ɡ ɑː r b ə l d	ɡ ɑː r b ə l d	k ə m b a ɪ n d	1	1	reg_d	reg_d	reg_d
majority	b ʌ k	b ʌ k t	b ʌ k t	o ʊ	o ʊ d	o ʊ d	b ʌ k d	0	0	reg_t	reg_t	reg_d
majority	ə p r o ʊ t͡ʃ	ə p r o ʊ t͡ʃ t	ə p r o ʊ t͡ʃ t	r ɪ m e ɪ n	r ɪ m e ɪ n d	r ɪ m e ɪ n d	ə p r o ʊ t͡ʃ d	0	0	reg_t	reg_t	reg_d
majority	s t ɔ k	s t ɔ k t	s t ɔ k t	ə s uː m	ə s uː m d	ə s uː m d	s t ɔ k d	0	0	reg_t	reg_t	reg_d
majority	k r iː e ɪ t	k r iː e ɪ t ə d	k r iː e ɪ t ə d	p æ n	p æ n d	p æ n d	k r iː e ɪ t d	0	0	reg_əd	reg_əd	reg_d
majority	n e ɪ l	n e ɪ l d	n e ɪ l d	m ɹ̩ d ɹ̩	m ɹ̩ d ɹ̩ d	m ɹ̩ d ɹ̩ d	n e ɪ l d	1	1	reg_d	reg_d	reg_d
majority	r ə f ɹ̩	r ə f ɹ̩ d	r ə f ɹ̩ d	t ʌ ŋ	t ʌ ŋ d	t ʌ ŋ d	r ə f ɹ̩ d	1	1	reg_d	reg_d	reg_d
majority	s p ɑː r k	s p ɑː r k t	s p ɑː r k t	w ɪ l	w ɪ l d	w ɪ l d	s p ɑː r k d	0	0	reg_t	reg_t	reg_d
majority	h o ʊ l	h o ʊ l d	h o ʊ l d	v ɛ r iː	v ɛ r iː d	v ɛ r iː d	h o ʊ l d	1	1	reg_d	reg_d	reg_d
majority	f ɪ d ə l	f ɪ d ə l d	f ɪ d ə l d	æ d v ɹ̩ t a ɪ z	æ d v ɹ̩ t a ɪ z d	æ d v ɹ̩ t a ɪ z d	f ɪ d ə l d	1	1	reg_d	reg_d	reg_d
majority	ʃ r ɪ ŋ k	ʃ r æ ŋ k	ʃ r æ ŋ k	b ɑː ð ɹ̩	b ɑː ð ɹ̩ d	b ɑː ð ɹ̩ d	ʃ r ɪ ŋ k d	0	0	vowel_change	vowel_change	reg_d
majority	b r a ɪ b	b r a ɪ b d	b r a ɪ b d	s ɹ̩ v	s ɹ̩ v d	s ɹ̩ v d	b r a ɪ b d	1	1	reg_d	reg_d	reg_d
majority	w ɑː l o ʊ	w ɑː l o ʊ d	w ɑː l o ʊ d	m ʌ s ə l	m ʌ s ə l d	m ʌ s ə l d	w ɑː l o ʊ d	1	1	reg_d	reg_d	reg_d
majority	ɪ n t ɛ n d	ɪ n t ɛ n d ə d	ɪ n t ɛ n d ə d	f uː l	f uː l d	f uː l d	ɪ n t ɛ n d d	0	0	reg_əd	reg_əd	reg_d
majority	s æ n ɪ t a ɪ z	s æ n ɪ t a ɪ z d	s æ n ɪ t a ɪ z d	ʃ r ʌ ɡ	ʃ r ʌ ɡ d	ʃ r ʌ ɡ d	s æ n ɪ t a ɪ z d	1	1	reg_d	reg_d	reg_d
majority	s ɹ̩ t͡ʃ	s ɹ̩ t͡ʃ t	s ɹ̩ t͡ʃ t	f ɛ ð ɹ̩	f ɛ ð ɹ̩ d	f ɛ ð ɹ̩ d	s ɹ̩ t͡ʃ d	0	0	reg_t	reg_t	reg_d
majority	v æ k j uː m	v æ k j uː m d	v æ k j uː m d	w iː	w iː d	w iː d	v æ k j uː m d	1	1	reg_d	reg_d	reg_d
majority	p ɛ r	p ɛ r d	p ɛ r d	r iː s iː l	r iː s iː l d	r iː s iː l d	p ɛ r d	1	1	reg_d	reg_d	reg_d
majority	r ɪ d͡ʒ ɛ k t	r ɪ d͡ʒ ɛ k t ə d	r ɪ d͡ʒ ɛ k t ə d	k ʌ v ɹ̩	k ʌ v ɹ̩ d	k ʌ v ɹ̩ d	r ɪ d͡ʒ ɛ k t d	0	0	reg_əd	reg_əd	reg_d
majority	d a ɪ d͡ʒ ɛ s t	d a ɪ d͡ʒ ɛ s t ə d	d a ɪ d͡ʒ ɛ s t ə d	t o ʊ n	t o ʊ n d	t o ʊ n d	d a ɪ d͡ʒ ɛ s t d	0	0	reg_əd	reg_əd	reg_d
majority	s ə b t r æ k t	s ə b t r æ k t ə d	s ə b t r æ k t ə d	ɡ æ ɡ	ɡ æ ɡ d	ɡ æ ɡ d	s ə b t r æ k t d	0	0	reg_əd	reg_əd	reg_d
majority	ə n p æ k	ə n p æ k t	ə n p æ k t	p ɛ n s ə l	p ɛ n s ə l d	p ɛ n s ə l d	ə n p æ k d	0	0	reg_t	reg_t	reg_d
majority	h iː l	h iː l d	h iː l d	b ɑː ð ɹ̩	b ɑː ð ɹ̩ d	b ɑː ð ɹ̩ d	h iː l d	1	1	reg_d	reg_d	reg_d
majority	b ɔ ɪ l	b ɔ ɪ l d	b ɔ ɪ l d	d a ɪ ə l	d a ɪ ə l d	d a ɪ ə l d	b ɔ ɪ l d	1	1	reg_d	reg_d	reg_d
majority	ə n ɔ ɪ	ə n ɔ ɪ d	ə n ɔ ɪ d	t a ɪ ɹ̩	t a ɪ ɹ̩ d	t a ɪ ɹ̩ d	ə n ɔ ɪ d	1	1	reg_d	reg_d	reg_d
majority	r iː s t r e ɪ n	r iː s t r e ɪ n d	r iː s t r e ɪ n d	p ɪ k ə l	p ɪ k ə l d	p ɪ k ə l d	r iː s t r e ɪ n d	1	1	reg_d	reg_d	reg_d
majority	l æ p	l æ p t	l æ p t	l ɪ s ə n	l ɪ s ə n d	l ɪ s ə n d	l æ p d	0	0	reg_t	reg_t	reg_d
majority	k w a ɪ ə t	k w a ɪ ə t ə d	k w a ɪ ə t ə d	k l e ɪ m	k l e ɪ m d	k l e ɪ m d	k w a ɪ ə t d	0	0	reg_əd	reg_əd	reg_d
majority	s k iː	s k iː d	s k iː d	b æ n d ɪ d͡ʒ	b æ n d ɪ d͡ʒ d	b æ n d ɪ d͡ʒ d	s k iː d	1	1	reg_d	reg_d	reg_d
majority	s k a ʊ t	s k a ʊ t ə d	s k a ʊ t ə d	s e ɪ l	s e ɪ l d	s e ɪ l d	s k a ʊ t d	0	0	reg_əd	reg_əd	reg_d
majority	s k ɹ̩ iː	s k ɹ̩ iː d	s k ɹ̩ iː d	l e ɪ ɹ̩	l e ɪ ɹ̩ d	l e ɪ ɹ̩ d	s k ɹ̩ iː d	1	1	reg_d	reg_d	reg_d
majority	ə s ɪ s t	ə s ɪ s t ə d	ə s ɪ s t ə d	w ɪ ŋ	w ɪ ŋ d	w ɪ ŋ d	ə s ɪ s t d	0	0	reg_əd	reg_əd	reg_d
majority	ɡ r uː p	ɡ r uː p t	ɡ r uː p t	s k w iː z	s k w iː z d	s k w iː z d	ɡ r uː p d	0	0	reg_t	reg_t	reg_d
majority	r ʌ s t	r ʌ s t ə d	r ʌ s t ə d	k ɑː z	k ɑː z d	k ɑː z d	r ʌ s t d	0	0	reg_əd	reg_əd	reg_d
majority	h uː t	h uː t ə d	h uː t	k l a ɪ m	k l a ɪ m d	k l a ɪ m d	h uː t d	0	0	reg_əd	no_change	reg_d
majority	d ɪ f iː t	d ɪ f iː t ə d	d ɪ f iː t ə d	p r ə f ɹ̩	p r ə f ɹ̩ d	p r ə f ɹ̩ d	d ɪ f iː t d	0	0	reg_əd	reg_əd	reg_d
majority	p r ə l ɔ ŋ	p r ə l ɔ ŋ d	p r ə l ɔ ŋ t	b ʌ b ə l	b ʌ b ə l d	b ʌ b ə l d	p r ə l ɔ ŋ d	0	1	reg_d	reg_t	reg_d
majority	l ɪ s t	l ɪ s t	l ɪ s t ə d	w ɪ s ə l	w ɪ s ə l d	w ɪ s ə l d	l ɪ s t d	0	0	no_change	reg_əd	reg_d
majority	p ɹ̩ s w e ɪ d	p ɹ̩ s w e ɪ d ə d	p ɹ̩ s w e ɪ d ə d	w iː	w iː d	w iː d	p ɹ̩ s w e ɪ d d	0	0	reg_əd	reg_əd	reg_d
majority	k ə m p iː t	k ə m p iː t ə d	k ə m p iː t ə d	m a ʊ ð	m a ʊ ð d	m a ʊ ð d	k ə m p iː t d	0	0	reg_əd	reg_əd	reg_d
majority	r ɪ l iː v	r ɪ l iː v d	r ɪ l iː v d	d ɪ s ə p iː r	d ɪ s ə p iː r d	d ɪ s ə p iː r d	r ɪ l iː v d	1	1	reg_d	reg_d	reg_d
majority	θ r ɛ t ə n	θ r ɛ t ə n d	θ r ɛ t ə n d	l ɪ s ə n	l ɪ s ə n d	l ɪ s ə n d	θ r ɛ t ə n d	1	1	reg_d	reg_d	reg_d
majority	o ʊ v ɹ̩ r ə n	o ʊ v ɹ̩ r æ n	o ʊ v ɹ̩ r ə n d	t r ɪ ɡ ɹ̩	t r ɪ ɡ ɹ̩ d	t r ɪ ɡ ɹ̩ d	o ʊ v ɹ̩ r ə n d	1	0	vowel_change	reg_d	reg_d
majority	z iː r o ʊ	z iː r o ʊ d	z iː r o ʊ d	ə ɡ r iː	ə ɡ r iː d	ə ɡ r iː d	z iː r o ʊ d	1	1	reg_d	reg_d	reg_d
majority	d æ m ə d͡ʒ	d æ m ə d͡ʒ d	d æ m ə d͡ʒ d	p æ m p ɹ̩	p æ m p ɹ̩ d	p æ m p ɹ̩ d	d æ m ə d͡ʒ d	1	1	reg_d	reg_d	reg_d
majority	k o ʊ t	k o ʊ t ə d	k o ʊ t	o ʊ ɡ ə l	o ʊ ɡ ə l d	o ʊ ɡ ə l d	k o ʊ t d	0	0	reg_əd	no_change	reg_d
majority	k j uː b	k j uː b d	k j uː b d	k ə n f j uː z	k ə n f j uː z d	k ə n f j uː z d	k j uː b d	1	1	reg_d	reg_d	reg_d
majority	ʃ a ɪ n	ʃ a ɪ n d	ʃ a ɪ n d	b ʌ z	b ʌ z d	b ʌ z d	ʃ a ɪ n d	1	1	reg_d	reg_d	reg_d
majority	t æ k s iː	t æ k s iː d	t æ k s iː d	s ʌ f ɹ̩	s ʌ f ɹ̩ d	s ʌ f ɹ̩ d	t æ k s iː d	1	1	reg_d	reg_d	reg_d
majority	s t ɔ l	s t ɔ l d	s t ɔ l d	ə p o ʊ z	ə p o ʊ z d	ə p o ʊ z d	s t ɔ l d	1	1	reg_d	reg_d	reg_d
majority	ɪ n k ɔ r p ɹ̩ e ɪ t	ɪ n k ɔ r p ɹ̩ e ɪ t ə d	ɪ n k ɔ r p ɹ̩ e ɪ t ɔ ɪ t ɔ r e ɪ	k ɑː z	k ɑː z d	k ɑː z d	ɪ n k ɔ r p ɹ̩ e ɪ t d	0	0	reg_əd	other	reg_d
majority	t o ʊ t ə l	t o ʊ t ə l d	t o ʊ t ə l d	s t ɪ l	s t ɪ l d	s t ɪ l d	t o ʊ t ə l d	1	1	reg_d	reg_d	reg_d
majority	m æ ŋ ɡ ə l	m æ ŋ ɡ ə l d	m æ ŋ ɡ ə l d	v a ʊ	v a ʊ d	v a ʊ d	m æ ŋ ɡ ə l d	1	1	reg_d	reg_d	reg_d
majority	o ʊ v ɹ̩ l æ p	o ʊ v ɹ̩ l æ p t	o ʊ v ɹ̩ l æ p t	t æ n	t æ n d	t æ n d	o ʊ v ɹ̩ l æ p d	0	0	reg_t	reg_t	reg_d
majority	k ɑː n t r æ k t	k ɑː n t r æ k t ə d	k ɑː n t r æ k t ə d	s ɑː l v	s ɑː l v d	s ɑː l v d	k ɑː n t r æ k t d	0	0	reg_əd	reg_əd	reg_d
majority	k r a ʊ t͡ʃ	k r a ʊ t͡ʃ t	k r a ʊ t͡ʃ t	o ʊ ɡ ə l	o ʊ ɡ ə l d	o ʊ ɡ ə l d	k r a ʊ t͡ʃ d	0	0	reg_t	reg_t	reg_d
majority	b uː m	b uː m d	b uː m d	iː v ɪ n	iː v ɪ n d	iː v ɪ n d	b uː m d	1	1	reg_d	reg_d	reg_d
majority	m o ʊ l d	m o ʊ l d ə d	m o ʊ l d ə d	f ɪ ɡ j ɹ̩	f ɪ ɡ j ɹ̩ d	f ɪ ɡ j ɹ̩ d	m o ʊ l d d	0	0	reg_əd	reg_əd	reg_d
majority	ɪ n t r iː ɡ	ɪ n t r iː ɡ d	ɪ n t r iː ɡ d	b ɑː d iː	b ɑː d iː d	b ɑː d iː d	ɪ n t r iː ɡ d	1	1	reg_d	reg_d	reg_d
majority	f r ɛ k ə l	f r ɛ k ə l d	f r ɛ k ə l d	r o ʊ l	r o ʊ l d	r o ʊ l d	f r ɛ k ə l d	1	1	reg_d	reg_d	reg_d
majority	h ʌ ʃ	h ʌ ʃ t	h ʌ ʃ t	t r æ m p ə l	t r æ m p ə l d	t r æ m p ə l d	h ʌ ʃ d	0	0	reg_t	reg_t	reg_d
majority	b æ ŋ k	b æ ŋ k t	b æ ŋ k t	k ɹ̩ v	k ɹ̩ v d	k ɹ̩ v d	b æ ŋ k d	0	0	reg_t	reg_t	reg_d
majority	h iː p	h iː p t	h iː p t	ɪ k s k j uː z	ɪ k s k j uː z d	ɪ k s k j uː z d	h iː p d	0	0	reg_t	reg_t	reg_d
majority	ɪ ɡ z ɪ s t	ɪ ɡ z ɪ s t ə d	ɪ ɡ z ɪ s t ə d	b r iː ð	b r iː ð d	b r iː ð d	ɪ ɡ z ɪ s t d	0	0	reg_əd	reg_əd	reg_d
majority	ə k ɑː m p l ɪ ʃ	ə k ɑː m p l ɪ ʃ t	ə m ɑː m p l ɪ ʃ t	m æ n ə d͡ʒ	m æ n ə d͡ʒ d	m æ n ə d͡ʒ d	ə k ɑː m p l ɪ ʃ d	0	0	reg_t	other	reg_d
majority	k e ɪ v	k e ɪ v d	k e ɪ v d	r ʌ b	r ʌ b d	r ʌ b d	k e ɪ v d	1	1	reg_d	reg_d	reg_d
majority	p ɛ d ə l	p ɛ d ə l d	p ɛ d ə l d	s t r æ d ə l	s t r æ d ə l d	s t r æ d ə l d	p ɛ d ə l d	1	1	reg_d	reg_d	reg_d
majority	r ɪ v ɹ̩ s	r ɪ v ɹ̩ s t	r ɪ v ɹ̩ s t	d ɑː n	d ɑː n d	d ɑː n d	r ɪ v ɹ̩ s d	0	0	reg_t	reg_t	reg_d
majority	s ə b s a ɪ d	s ə b s a ɪ d ə d	s ə b s a ɪ d	s iː m	s iː m d	s iː m d	s ə b s a ɪ d d	0	0	reg_əd	no_change	reg_d
majority	k ə n s ɹ̩ n	k ə n s ɹ̩ n d	k ə n s ɹ̩ n d	b ʌ z	b ʌ z d	b ʌ z d	k ə n s ɹ̩ n d	1	1	reg_d	reg_d	reg_d
majority	t iː	t iː d	t ɔ	t ʌ ŋ	t ʌ ŋ d	t ʌ ŋ d	t iː d	0	1	reg_d	vowel_change	reg_d
majority	f l ɹ̩ iː	f l ɹ̩ iː d	f l ɹ̩ iː d	b l e ɪ m	b l e ɪ m d	b l e ɪ m d	f l ɹ̩ iː d	1	1	reg_d	reg_d	reg_d
majority	n ɛ r o ʊ	n ɛ r o ʊ d	n ɛ r o ʊ d	b ɪ l iː v	b ɪ l iː v d	b ɪ l iː v d	n ɛ r o ʊ d	1	1	reg_d	reg_d	reg_d
majority	ɪ m p r ə v a ɪ z	ɪ m p r ə v a ɪ z d	ɪ m p r ə v a ɪ z d	s l æ m	s l æ m d	s l æ m d	ɪ m p r ə v a ɪ z d	1	1	reg_d	reg_d	reg_d
random	h æ v	h æ d	h æ v d	t iː m	t ɔ m d	t iː m d	NA	0	0	coda_change	reg_d	vowel_change_suffix
random	h æ p ə n	h æ p ə n d	h æ p ə n d	b ɪ k ʌ m	b ɪ k e ɪ m	b ɪ k e ɪ m	NA	0	0	reg_d	reg_d	vowel_change
random	p l e ɪ s	p l e ɪ s t	p l e ɪ s t	p r ɪ n t	p r ɪ n t ə d	p r ɪ n t ə d	p l e ɪ s ə d	0	0	reg_t	reg_t	reg_əd
random	k l o ʊ z	k l o ʊ z d	k l o ʊ z d	s l a ɪ d	s l ɪ d	s l ɪ d	NA	0	0	reg_d	reg_d	vowel_change
random	k ʊ k	k ʊ k t	k ʊ k t	ɡ r æ b	ɡ r æ b d	ɡ r æ b d	k ʊ k d	0	0	reg_t	reg_t	reg_d
random	r ʌ n	r æ n	r ʌ n d	b æ b ə l	b æ b ə l d	b æ b ə l d	r ʌ n d	1	0	vowel_change	reg_d	reg_d
random	s e ɪ	s ɛ d	s e ɪ d	d r iː m	d r iː m d	d r iː m d	s e ɪ d	1	0	vowel_change_suffix	reg_d	reg_d
random	f ɪ ʃ	f ɪ ʃ t	f ɪ ʃ t	θ r ɪ l	θ r ɪ l d	θ r ɪ l d	f ɪ ʃ d	0	0	reg_t	reg_t	reg_d
random	h ɹ̩ t	h ɹ̩ t	h ɹ̩ t ə d	t a ɪ m	t a ɪ m d	t a ɪ m d	h ɹ̩ t d	0	0	no_change	reg_əd	reg_d
random	l uː z	l ɔ s t	l uː z d	b ɑː s	b ɑː s t	b ɑː s t	l uː z t	0	0	rhyme_replaced	reg_d	reg_t
random	æ s k	æ s k t	æ s k t	s t ɪ ŋ k	s t ʌ ŋ k	s t ʌ ŋ k	NA	0	0	reg_t	reg_t	vowel_change
random	p e ɪ	p e ɪ d	p e ɪ d	s iː d	s iː d ə d	s iː d ə d	p e ɪ ə d	0	0	reg_d	reg_d	reg_əd
random	s p ɛ l	s p ɛ l d	s p ɛ l d	d r a ɪ	d r a ɪ d	d r a ɪ d	s p ɛ l d	1	1	reg_d	reg_d	reg_d
random	s p ɪ t	s p æ t	s p ɪ t ə d	s iː t	s iː t ə d	s iː t ə d	s p ɪ t ə d	1	0	vowel_change	reg_əd	reg_əd
random	m ɪ s	m ɪ s t	m ɪ s t	p iː r	p iː r d	p iː r d	m ɪ s d	0	0	reg_t	reg_t	reg_d
random	s t ɑː r t	s t ɑː r t ə d	s t ɑː r t ə d	h ɹ̩ iː	h ɹ̩ iː d	h ɹ̩ iː d	s t ɑː r t d	0	0	reg_əd	reg_əd	reg_d
random	p ɑː r t iː	p ɑː r t iː d	p ɑː r t iː d	ə p r iː ʃ iː e ɪ t	ə p r iː ʃ iː e ɪ t ə d	ə p r iː ʃ iː e ɪ t ə d	p ɑː r t iː ə d	0	0	reg_d	reg_d	reg_əd
random	ɡ ɛ s	ɡ ɛ s t	ɡ ɑː s t	b ɛ n d	b ɛ n d ə d	b ɛ n d ə d	ɡ ɛ s ə d	0	0	reg_t	vowel_change_suffix	reg_əd
random	f a ɪ ɹ̩	f a ɪ ɹ̩ d	f ɔ t ɹ̩ d	ə t ɛ n d	ə t ɛ n d ə d	ə t ɛ n d ə d	f a ɪ ɹ̩ ə d	0	0	reg_d	other	reg_əd
random	s ɪ t	s æ t	s ɪ t	p æ n t	p æ n t ə d	p æ n t ə d	s ɪ t ə d	0	0	vowel_change	no_change	reg_əd
random	ʃ uː	ʃ uː d	ʃ uː d	s t r e ɪ t ə n	s t r e ɪ t ə n d	s t r e ɪ t ə n d	ʃ uː d	1	1	reg_d	reg_d	reg_d
random	w ɹ̩ k	w ɹ̩ k t	w ɹ̩ k t	s l æ p	s l æ p t	s l æ p t	w ɹ̩ k t	1	1	reg_t	reg_t	reg_t
random	t ʌ t͡ʃ	t ʌ t͡ʃ t	t ʌ t͡ʃ t	h ɛ m	h ɛ m d	h ɛ m d	t ʌ t͡ʃ d	0	0	reg_t	reg_t	reg_d
random	s t ɑː p	s t ɑː p t	s t ɑː p t	d ɪ t ɹ̩ m ə n	d ɪ t ɹ̩ m ə n d	d ɪ t ɹ̩ m ə n d	s t ɑː p d	0	0	reg_t	reg_t	reg_d
random	s t ɹ̩	s t ɹ̩ d	s t ɹ̩ d	m ɛ s	m ɛ s t	m ɛ s t	s t ɹ̩ t	0	0	reg_d	reg_d	reg_t
random	l ɛ d	l ɛ d ə d	l ɛ d	ə d m ɪ t	ə d m ɪ t ə d	ə d m ɪ t ə d	l ɛ d ə d	0	1	reg_əd	no_change	reg_əd
random	p ɔ r	p ɔ r d	p ɔ r d	p ɪ k	p ɪ k t	p ɪ k t	p ɔ r t	0	0	reg_d	reg_d	reg_t
random	s ə p o ʊ z	s ə p o ʊ z d	s ə p o ʊ z d	b ʌ b ə l	b ʌ b ə l d	b ʌ b ə l d	s ə p o ʊ z d	1	1	reg_d	reg_d	reg_d
random	w ʌ n d ɹ̩	w ʌ n d ɹ̩ d	w ʌ n d ɹ̩ d	ʃ ɪ f t	ʃ ɪ f t ə d	ʃ ɪ f t ə d	w ʌ n d ɹ̩ ə d	0	0	reg_d	reg_d	reg_əd
random	k w ɛ s t͡ʃ ə n	k w ɛ s t͡ʃ ə n d	k w ɛ s t͡ʃ ə n d	k uː p	k uː p t	k uː p t	k w ɛ s t͡ʃ ə n t	0	0	reg_d	reg_d	reg_t
random	d a ɪ	d a ɪ d	d a ɪ d	t ɔ ɪ	t ɔ ɪ d	t ɔ ɪ d	d a ɪ d	1	1	reg_d	reg_d	reg_d
random	s p iː k	s p o ʊ k	s p iː k t	k j ʊ r	k j ʊ r d	k j ʊ r d	s p iː k d	0	0	vowel_change	reg_t	reg_d
random	s w iː p	s w ɛ p t	s w iː p t	ɛ n d͡ʒ ɔ ɪ	ɛ n d͡ʒ ɔ ɪ d	ɛ n d͡ʒ ɔ ɪ d	s w iː p d	0	0	vowel_change_suffix	reg_t	reg_d
random	b r ʌ ʃ	b r ʌ ʃ t	b r ʌ ʃ t	ɡ a ʊ d͡ʒ	ɡ a ʊ d͡ʒ d	ɡ a ʊ d͡ʒ d	b r ʌ ʃ d	0	0	reg_t	reg_t	reg_d
random	ə b a ɪ d	ə b a ɪ d ə d	ə b a ɪ d ə d	f ɪ ɡ j ɹ̩	f ɪ ɡ j ɹ̩ d	f ɪ ɡ j ɹ̩ d	ə b a ɪ d d	0	0	reg_əd	reg_əd	reg_d
random	l æ f	l æ f t	l æ f t	d r ɛ s	d r ɛ s t	d r ɛ s t	l æ f t	1	1	reg_t	reg_t	reg_t
random	t a ɪ	t a ɪ d	t a ɪ d	d ɪ s k r a ɪ b	d ɪ s k r a ɪ b d	d ɪ s k r a ɪ b d	t a ɪ d	1	1	reg_d	reg_d	reg_d
random	ɪ n v a ɪ t	ɪ n v a ɪ t ə d	ɪ n v a ɪ t ə d	f e ɪ k	f e ɪ k t	f e ɪ k t	ɪ n v a ɪ t t	0	0	reg_əd	reg_əd	reg_t
random	k r ɔ l	k r ɔ l d	k r ɔ l d	ɪ k s p ɛ k t	ɪ k s p ɛ k t ə d	ɪ k s p ɛ k t ə d	k r ɔ l ə d	0	0	reg_d	reg_d	reg_əd
random	p o ʊ k	p o ʊ k t	p o ʊ k t	t iː t͡ʃ	t ɔ t	t ɔ t	NA	0	0	reg_t	reg_t	rhyme_replaced
random	ɡ r o ʊ	ɡ r uː	ɡ r uː	k iː p	k ɛ p t	k ɛ p t	NA	0	0	vowel_change	vowel_change	vowel_change_suffix
random	s t iː l	s t o ʊ l	s t iː l d	s m æ ʃ	s m æ ʃ t	s m æ ʃ t	s t iː l t	0	0	vowel_change	reg_d	reg_t
random	t͡ʃ uː	t͡ʃ uː d	t͡ʃ uː d	s n æ t͡ʃ	s n æ t͡ʃ t	s n æ t͡ʃ t	t͡ʃ uː t	0	0	reg_d	reg_d	reg_t
random	w ɔ k	w ɔ k t	w ɔ k t	p æ n ɪ k	p æ n ɪ k t	p æ n ɪ k t	w ɔ k t	1	1	reg_t	reg_t	reg_t
random	s ɛ l	s o ʊ l d	s ɛ l d	f ɹ̩ ɡ ɪ v	f ɹ̩ ɡ e ɪ v	f ɹ̩ ɡ e ɪ v	NA	0	0	vowel_change_suffix	reg_d	vowel_change
random	p ɪ k t͡ʃ ɹ̩	p ɪ k t͡ʃ ɹ̩ d	p ɪ k t͡ʃ ɹ̩ d	h iː t	h iː t ə d	h iː t ə d	p ɪ k t͡ʃ ɹ̩ ə d	0	0	reg_d	reg_d	reg_əd
random	k o ʊ m	k o ʊ m d	k o ʊ m d	k ɑː r p ə t	k ɑː r p ə t ə d	k ɑː r p ə t ə d	k o ʊ m ə d	0	0	reg_d	reg_d	reg_əd
random	s m a ɪ l	s m a ɪ l d	s m a ɪ l d	d͡ʒ e ɪ l	d͡ʒ e ɪ l d	d͡ʒ e ɪ l d	s m a ɪ l d	1	1	reg_d	reg_d	reg_d
random	d r ɑː p	d r ɑː p t	d r ɑː p t	s uː p ɹ̩ v a ɪ z	s uː p ɹ̩ v a ɪ z d	s uː p ɹ̩ v a ɪ z d	d r ɑː p d	0	0	reg_t	reg_t	reg_d
random	s k r æ t͡ʃ	s k r æ t͡ʃ t	s k r æ t͡ʃ t	p ɹ̩ s	p ɹ̩ s t	p ɹ̩ s t	s k r æ t͡ʃ t	1	1	reg_t	reg_t	reg_t
random	s t æ m p	s t æ m p t	s t ʊ æ m d	b ɑː r k	b ɑː r k t	b ɑː r k t	s t æ m p t	0	1	reg_t	rhyme_replaced	reg_t
random	k r ʌ ʃ	k r ʌ ʃ t	k r ʌ ʃ t	k l e ɪ m	k l e ɪ m d	k l e ɪ m d	k r ʌ ʃ d	0	0	reg_t	reg_t	reg_d
random	b uː t	b uː t ə d	b uː t	ə t æ k	ə t æ k t	ə t æ k t	b uː t t	0	0	reg_əd	no_change	reg_t
random	r ə k ɔ r d	r ə k ɔ r d ə d	r ə k ɔ r d ə d	h e ɪ t	h e ɪ t ə d	h e ɪ t ə d	r ə k ɔ r d ə d	1	1	reg_əd	reg_əd	reg_əd
random	t͡ʃ uː z	t͡ʃ o ʊ z	t͡ʃ uː z d	m ʌ d iː	m ʌ d iː d	m ʌ d iː d	t͡ʃ uː z d	1	0	vowel_change	reg_d	reg_d
random	d æ n s	d æ n s t	d æ n s t	d ɪ s p l e ɪ	d ɪ s p l e ɪ d	d ɪ s p l e ɪ d	d æ n s d	0	0	reg_t	reg_t	reg_d
random	s n ɑː r ə l	s n ɑː r ə l d	s n ɑː r ə l d	ɡ l æ n s	ɡ l æ n s t	ɡ l æ n s t	s n ɑː r ə l t	0	0	reg_d	reg_d	reg_t
random	l ɪ f t	l ɪ f t ə d	l ɪ f t ə d	b ɪ z iː	b ɪ z iː d	b ɪ z iː d	l ɪ f t d	0	0	reg_əd	reg_əd	reg_d
random	t͡ʃ ɛ k	t͡ʃ ɛ k t	t͡ʃ ɛ k t	ɡ r ʌ m b ə l	ɡ r ʌ m b ə l d	ɡ r ʌ m b ə l d	t͡ʃ ɛ k d	0	0	reg_t	reg_t	reg_d
random	f ɑː l o ʊ	f ɑː l o ʊ d	f ɑː l o ʊ d	p e ɪ d͡ʒ	p e ɪ d͡ʒ d	p e ɪ d͡ʒ d	f ɑː l o ʊ d	1	1	reg_d	reg_d	reg_d
random	h æ n d	h æ n d ə d	h æ n d ə d	f l ɹ̩ t	f l ɹ̩ t ə d	f l ɹ̩ t ə d	h æ n d ə d	1	1	reg_əd	reg_əd	reg_əd
random	r ɛ k ə m ɛ n d	r ɛ k ə m ɛ n d ə d	r ɛ k ə m ɛ n d ə d	ɛ n d͡ʒ ɔ ɪ	ɛ n d͡ʒ ɔ ɪ d	ɛ n d͡ʒ ɔ ɪ d	r ɛ k ə m ɛ n d d	0	0	reg_əd	reg_əd	reg_d
random	ʃ uː t	ʃ ɑː t	ʃ uː t ə d	s a ɪ z	s a ɪ z d	s a ɪ z d	ʃ uː t d	0	0	vowel_change	reg_əd	reg_d
random	s o ʊ k	s o ʊ k t	s o ʊ k t	p iː r	p iː r d	p iː r d	s o ʊ k d	0	0	reg_t	reg_t	reg_d
random	p ɑː r t ɪ s ə p e ɪ t	p ɑː r t ɪ s ə p e ɪ t ə d	p s t ɪ s t ə p e ɪ t ə d	t ɪ p	t ɪ p t	t ɪ p t	p ɑː r t ɪ s ə p e ɪ t t	0	0	reg_əd	other	reg_t
random	s m æ k	s m æ k t	s m æ k t	k ɹ̩ ɛ k t	k ɹ̩ ɛ k t ə d	k ɹ̩ ɛ k t ə d	s m æ k ə d	0	0	reg_t	reg_t	reg_əd
random	z ɪ p	z ɪ p t	z ɪ p t	s ɔ	s ɔ d	s ɔ d	z ɪ p d	0	0	reg_t	reg_t	reg_d
random	w ɔ r m	w ɔ r m d	w ɔ r m d	p ɪ r s	p ɪ r s t	p ɪ r s t	w ɔ r m t	0	0	reg_d	reg_d	reg_t
random	k æ m p	k æ m p t	k æ m p t	f r ʌ s t r e ɪ t	f r ʌ s t r e ɪ t ə d	f r ʌ s t r e ɪ t ə d	k æ m p ə d	0	0	reg_t	reg_t	reg_əd
random	p ɹ̩ f ɛ k t	p ɹ̩ f ɛ k t ə d	p ɹ̩ f ɛ k t ə d	s k ɛ r	s k ɛ r d	s k ɛ r d	p ɹ̩ f ɛ k t d	0	0	reg_əd	reg_əd	reg_d
random	z uː m	z uː m d	z uː m d	p ʌ n t͡ʃ	p ʌ n t͡ʃ t	p ʌ n t͡ʃ t	z uː m t	0	0	reg_d	reg_d	reg_t
random	f o ʊ n	f o ʊ n d	f o ʊ n d	r e ɪ z	r e ɪ z d	r e ɪ z d	f o ʊ n d	1	1	reg_d	reg_d	reg_d
random	ɡ r e ɪ s	ɡ r e ɪ s t	ɡ r e ɪ s t	d ɹ̩ ɛ k t	d ɹ̩ ɛ k t ə d	d ɹ̩ ɛ k t ə d	ɡ r e ɪ s ə d	0	0	reg_t	reg_t	reg_əd
random	h ʊ k	h ʊ k t	h ʊ k t	f ɔ r k	f ɔ r k t	f ɔ r k t	h ʊ k t	1	1	reg_t	reg_t	reg_t
random	p ɛ ɡ	p ɛ ɡ d	p ɛ ɡ d	s k w ɛ r	s k w ɛ r d	s k w ɛ r d	p ɛ ɡ d	1	1	reg_d	reg_d	reg_d
random	f l o ʊ t	f l o ʊ t ə d	f l o ʊ t	p a ɪ l ə t	p a ɪ l ə t ə d	p a ɪ l ə t ə d	f l o ʊ t ə d	0	1	reg_əd	no_change	reg_əd
random	s p ɛ n d	s p ɛ n t	s p ɛ n d ə d	f ɪ l	f ɪ l d	f ɪ l d	s p ɛ n d d	0	0	coda_change	reg_əd	reg_d
random	s æ n d	s æ n d ə d	s æ n d ə d	b ɪ l d	b ɪ l t	b ɪ l t	s æ n t	0	0	reg_əd	reg_əd	coda_change
random	o ʊ n	o ʊ n d	o ʊ n d	k æ p t͡ʃ ɹ̩	k æ p t͡ʃ ɹ̩ d	k æ p t͡ʃ ɹ̩ d	o ʊ n d	1	1	reg_d	reg_d	reg_d
random	m e ɪ l	m e ɪ l d	m e ɪ l d	æ s p ɹ̩ e ɪ t	æ s p ɹ̩ e ɪ t ə d	æ s p ɹ̩ e ɪ t ə d	m e ɪ l ə d	0	0	reg_d	reg_d	reg_əd
random	ə n t a ɪ	ə n t a ɪ d	ə n t a ɪ d	n ɑː k	n ɑː k t	n ɑː k t	ə n t a ɪ t	0	0	reg_d	reg_d	reg_t
random	ɡ r iː s	ɡ r iː s t	ɡ r iː s t	ɪ ɡ n ɔ r	ɪ ɡ n ɔ r d	ɪ ɡ n ɔ r d	ɡ r iː s d	0	0	reg_t	reg_t	reg_d
random	p r ə t ɛ k t	p r ə t ɛ k t ə d	p r ə t ɛ k t ə d	k ə m j uː n ə k e ɪ t	k ə m j uː n ə k e ɪ t ə d	k ə m j uː n ə k e ɪ t ə d	p r ə t ɛ k t ə d	1	1	reg_əd	reg_əd	reg_əd
random	r e ɪ d iː o ʊ	r e ɪ d iː o ʊ d	r e ɪ d iː d iː d	l ɔ ɡ	l ɔ ɡ d	l ɔ ɡ d	r e ɪ d iː o ʊ d	0	1	reg_d	other	reg_d
random	d ɪ v a ɪ d	d ɪ v a ɪ d ə d	d ɪ v a ɪ d ə d	w æ k	w æ k t	w æ k t	d ɪ v a ɪ d t	0	0	reg_əd	reg_əd	reg_t
random	t o ʊ	t o ʊ d	t o ʊ d	f ʌ d͡ʒ	f ʌ d͡ʒ d	f ʌ d͡ʒ d	t o ʊ d	1	1	reg_d	reg_d	reg_d
random	t r æ n z m ɪ t	t r æ n z m ɪ t ə d	t r æ n z m ɪ t ə d	k æ p	k ɔ t	k æ p t	NA	0	0	reg_əd	reg_əd	rhyme_replaced
random	b æ t	b æ t ə d	b æ t ə d	p r iː t ɛ n d	p r iː t ɛ n d ə d	p r iː t ɛ n d ə d	b æ t ə d	1	1	reg_əd	reg_əd	reg_əd
random	w e ɪ	w e ɪ d	w e ɪ d	d ɪ k l ɛ r	d ɪ k l ɛ r d	d ɪ k l ɛ r d	w e ɪ d	1	1	reg_d	reg_d	reg_d
random	k l iː r	k l iː r d	k l iː r d	l o ʊ n	l o ʊ n d	l o ʊ n d	k l iː r d	1	1	reg_d	reg_d	reg_d
random	ɛ n t͡ʃ æ n t	ɛ n t͡ʃ æ n t ə d	ɛ n t͡ʃ æ n t ə d	w ɔ t ɹ̩	w ɔ t ɹ̩ d	w ɔ t ɹ̩ d	ɛ n t͡ʃ æ n t d	0	0	reg_əd	reg_əd	reg_d
random	ə d r ɛ s	ə d r ɛ s t	ə d r ɛ s t	b ɑː ð ɹ̩	b ɑː ð ɹ̩ d	b ɑː ð ɹ̩ d	ə d r ɛ s d	0	0	reg_t	reg_t	reg_d
random	s m ʌ d͡ʒ	s m ʌ d͡ʒ d	s m ʌ d͡ʒ d	r ʌ f ə l	r ʌ f ə l d	r ʌ f ə l d	s m ʌ d͡ʒ d	1	1	reg_d	reg_d	reg_d
random	d r e ɪ p	d r e ɪ p t	d r e ɪ p t	f ɪ t	f ɪ t	f ɪ t	d r e ɪ p	0	0	reg_t	reg_t	no_change
random	d ɪ p	d ɪ p t	d ɪ p t	b r a ʊ n	b r a ʊ n d	b r a ʊ n d	d ɪ p d	0	0	reg_t	reg_t	reg_d
random	ə s o ʊ s iː e ɪ t	ə s o ʊ s iː e ɪ t ə d	ə s o ʊ s iː e ɪ t ə d	iː k w ə l	iː k w ə l d	iː k w ə l d	ə s o ʊ s iː e ɪ t d	0	0	reg_əd	reg_əd	reg_d
random	s ɪ ŋ k	s æ ŋ k	s ɪ ŋ k t	k l ʌ b	k l ʌ b d	k l ʌ b d	s ɪ ŋ k d	0	0	vowel_change	reg_t	reg_d
random	p iː l	p iː l d	p iː l d	ɪ k s p l o ʊ d	ɪ k s p l o ʊ d ə d	ɪ k s p l o ʊ d ə d	p iː l ə d	0	0	reg_d	reg_d	reg_əd
random	ɪ k s ɛ p t	ɪ k s ɛ p t ə d	ɪ k s ɛ p t ə d	s p ɔ ɪ l	s p ɔ ɪ l d	s p ɔ ɪ l d	ɪ k s ɛ p t d	0	0	reg_əd	reg_əd	reg_d
random	f r a ʊ n	f r a ʊ n d	f r a ʊ n d	r iː m uː v	r iː m uː v d	r iː m uː v d	f r a ʊ n d	1	1	reg_d	reg_d	reg_d
random	s p r ɛ d	s p r ɛ d	s p r ɛ d ə d	s n æ t͡ʃ	s n æ t͡ʃ t	s n æ t͡ʃ t	s p r ɛ d t	0	0	no_change	reg_əd	reg_t
random	f l ɪ p	f l ɪ p t	f l ɪ p t	z æ p	z æ p t	z æ p t	f l ɪ p t	1	1	reg_t	reg_t	reg_t
random	m ʌ ʃ r uː m	m ʌ ʃ r uː m d	m ʌ ʃ r uː m d	r ʌ b	r ʌ b d	r ʌ b d	m ʌ ʃ r uː m d	1	1	reg_d	reg_d	reg_d
random	r iː d uː	r iː d ɪ d	r iː d ɪ d	ɡ r ʌ m b ə l	ɡ r ʌ m b ə l d	ɡ r ʌ m b ə l d	r iː d uː d	0	0	vowel_change_suffix	vowel_change_suffix	reg_d
random	ɡ æ s p	ɡ æ s p t	ɡ æ s p t	h ɑː l ɹ̩	h ɑː l ɹ̩ d	h ɑː l ɹ̩ d	ɡ æ s p d	0	0	reg_t	reg_t	reg_d
random	t ɛ r ə r a ɪ z	t ɛ r ə r a ɪ z d	t ɛ r ə r a ɪ z d	ɛ n t ɹ̩ t e ɪ n	ɛ n t ɹ̩ t e ɪ n d	ɛ n t ɹ̩ t e ɪ n d	t ɛ r ə r a ɪ z d	1	1	reg_d	reg_d	reg_d
random	b ʊ t͡ʃ ɹ̩	b ʊ t͡ʃ ɹ̩ d	b ʊ t͡ʃ ɹ̩ d	s iː k	s ɔ t	s ɔ t	NA	0	0	reg_d	reg_d	rhyme_replaced
random	m ə n ɪ p j ə l e ɪ t	m ə n ɪ p j ə l e ɪ t ə d	m ə n ə l d	ʃ r ɛ d	ʃ r ɛ d ə d	ʃ r ɛ d ə d	m ə n ɪ p j ə l e ɪ t ə d	0	1	reg_əd	other	reg_əd
random	d r ʌ ɡ	d r ʌ ɡ d	d r ʌ ɡ d	b æ l ə n s	b æ l ə n s t	b æ l ə n s t	d r ʌ ɡ t	0	0	reg_d	reg_d	reg_t
random	s l a ɪ s	s l a ɪ s t	s l a ɪ s t	r ɪ ŋ k ə l	r ɪ ŋ k ə l d	r ɪ ŋ k ə l d	s l a ɪ s d	0	0	reg_t	reg_t	reg_d
random	s ɹ̩ a ʊ n d	s ɹ̩ a ʊ n d ə d	s ɹ̩ a ʊ n d ə d	m ɑː r	m ɑː r d	m ɑː r d	s ɹ̩ a ʊ n d d	0	0	reg_əd	reg_əd	reg_d
random	s k r ɪ b ə l	s k r ɪ b ə l d	s k r ɪ b ə l d	ɑː k j ə p a ɪ	ɑː k j ə p a ɪ d	ɑː k j ə p a ɪ d	s k r ɪ b ə l d	1	1	reg_d	reg_d	reg_d
random	ɡ r iː n	ɡ r iː n d	ɡ r iː n d	s ɑː k	s ɑː k t	s ɑː k t	ɡ r iː n t	0	0	reg_d	reg_d	reg_t
random	s k w ɹ̩ t	s k w ɹ̩ t ə d	s k w ɹ̩ t	p r e ɪ	p r e ɪ d	p r e ɪ d	s k w ɹ̩ t d	0	0	reg_əd	no_change	reg_d
random	k ə n ɛ k t	k ə n ɛ k t ə d	k ə n ɛ k t ə d	l æ n d	l æ n d ə d	l æ n d ə d	k ə n ɛ k t ə d	1	1	reg_əd	reg_əd	reg_əd
random	ɡ r ɪ l	ɡ r ɪ l d	ɡ r ɪ l d	m iː t	m ɛ t	m ɛ t	NA	0	0	reg_d	reg_d	vowel_change
random	k ə n s ɪ d ɹ̩	k ə n s ɪ d ɹ̩ d	k ə n s ɪ d ɹ̩ d	p r e ɪ	p r e ɪ d	p r e ɪ d	k ə n s ɪ d ɹ̩ d	1	1	reg_d	reg_d	reg_d
random	k ɹ̩ l	k ɹ̩ l d	k ɹ̩ l d	r ɪ t ɹ̩ n	r ɪ t ɹ̩ n d	r ɪ t ɹ̩ n d	k ɹ̩ l d	1	1	reg_d	reg_d	reg_d
random	ɔ θ ɹ̩	ɔ θ ɹ̩ d	ɔ ɹ̩ d ə d	ə p ɑː l ə d͡ʒ a ɪ z	ə p ɑː l ə d͡ʒ a ɪ z d	ə p ɑː l ə d͡ʒ a ɪ z d	ɔ θ ɹ̩ d	0	1	reg_d	other	reg_d
random	f l ʌ ʃ	f l ʌ ʃ t	f l ʌ ʃ t	p ʊ ʃ	p ʊ ʃ t	p ʊ ʃ t	f l ʌ ʃ t	1	1	reg_t	reg_t	reg_t
random	f l a ʊ n d ɹ̩	f l a ʊ n d ɹ̩ d	f l a ʊ n d ɹ̩ d	r ɪ s p ɑː n d	r ɪ s p ɑː n d ə d	r ɪ s p ɑː n d ə d	f l a ʊ n d ɹ̩ ə d	0	0	reg_d	reg_d	reg_əd
random	d a ɪ v	d o ʊ v	d a ɪ v d	h ɛ d	h ɛ d ə d	h ɛ d ə d	d a ɪ v ə d	0	0	vowel_change	reg_d	reg_əd
random	ɔ r ɡ ə n a ɪ z	ɔ r ɡ ə n a ɪ z d	ɔ r ɡ ə n a ɪ z d	s k w iː k	s k w iː k t	s k w iː k t	ɔ r ɡ ə n a ɪ z t	0	0	reg_d	reg_d	reg_t
random	ə r a ɪ v	ə r a ɪ v d	ə r a ɪ v d	j ɔ n	j ɔ n d	j ɔ n d	ə r a ɪ v d	1	1	reg_d	reg_d	reg_d
random	n æ p	n æ p t	n æ p t	θ r o ʊ	θ r uː	θ r uː	NA	0	0	reg_t	reg_t	vowel_change
random	l iː n	l iː n d	l ɛ n	k ə m p ɛ r	k ə m p ɛ r d	k ə m p ɛ r d	l iː n d	0	1	reg_d	vowel_change	reg_d
random	ɪ n v ɑː l v	ɪ n v ɑː l v d	ɪ n v ɑː l v d	k uː p	k uː p t	k uː p t	ɪ n v ɑː l v t	0	0	reg_d	reg_d	reg_t
random	s n ɪ f	s n ɪ f t	s n ɪ f t	æ b d ʌ k t	æ b d ʌ k t ə d	æ b d ʌ k t ə d	s n ɪ f ə d	0	0	reg_t	reg_t	reg_əd
random	ɪ n ɡ e ɪ d͡ʒ	ɪ n ɡ e ɪ d͡ʒ d	ɪ n ɡ e ɪ d͡ʒ d	k l ɑː z ə t	k l ɑː z ə t ə d	k l ɑː z ə t ə d	ɪ n ɡ e ɪ d͡ʒ ə d	0	0	reg_d	reg_d	reg_əd
random	f a ɪ n	f a ɪ n d	f ɔ t	p ʌ n ɪ ʃ	p ʌ n ɪ ʃ t	p ʌ n ɪ ʃ t	f a ɪ n t	0	0	reg_d	rhyme_replaced	reg_t
random	d æ m	d æ m d	d æ m d	b r a ɪ t ə n	b r a ɪ t ə n d	b r a ɪ t ə n d	d æ m d	1	1	reg_d	reg_d	reg_d
random	a ɪ s	a ɪ s t	a ɪ s t	uː z	uː z d	uː z d	a ɪ s d	0	0	reg_t	reg_t	reg_d
random	s t ʌ n	s t ʌ n d	s t ʌ n d	f iː l	f ɛ l t	f ɛ l t	NA	0	0	reg_d	reg_d	vowel_change_suffix
random	d ɛ r	d ɛ r d	d ɛ r d	p l e ɪ n	p l e ɪ n d	p l e ɪ n d	d ɛ r d	1	1	reg_d	reg_d	reg_d
random	t iː z	t iː z d	t ɔ z d	b r e ɪ d	b r e ɪ d ə d	b r e ɪ d ə d	t iː z ə d	0	0	reg_d	vowel_change_suffix	reg_əd
random	f ʌ m b ə l	f ʌ m b ə l d	f ʌ m b ə l d	l iː f	l ɛ f t	l iː f t	NA	0	0	reg_d	reg_d	vowel_change_suffix
random	b ʌ n t͡ʃ	b ʌ n t͡ʃ t	b ʌ n t͡ʃ t	f a ɪ l	f ɔ t	f a ɪ l d	NA	0	0	reg_t	reg_t	rhyme_replaced
random	r ɪ p iː t	r ɪ p iː t ə d	r ɪ p iː t ə d	l ɛ n d	l ɛ n t	l ɛ n t	NA	0	0	reg_əd	reg_əd	coda_change
random	s k r e ɪ p	s k r e ɪ p t	s k r e ɪ p t	æ d	æ d ə d	æ d ə d	s k r e ɪ p ə d	0	0	reg_t	reg_t	reg_əd
random	ə d͡ʒ ʌ s t	ə d͡ʒ ʌ s t ə d	ə d͡ʒ ʌ s t ə d	ɡ r ʌ n t	ɡ r ʌ n t ə d	ɡ r ʌ n t ə d	ə d͡ʒ ʌ s t ə d	1	1	reg_əd	reg_əd	reg_əd
random	r ɔ ŋ	r ɔ ŋ d	r ɔ ŋ d	ɑː r m	ɑː r m d	ɑː r m d	r ɔ ŋ d	1	1	reg_d	reg_d	reg_d
random	b ɛ ɡ	b ɛ ɡ d	b ɛ ɡ d	h a ɪ d	h ɪ d	h ɪ d	NA	0	0	reg_d	reg_d	vowel_change
random	w iː l	w iː l d	w iː l d	d a ɪ ə l	d a ɪ ə l d	d a ɪ ə l d	w iː l d	1	1	reg_d	reg_d	reg_d
random	d͡ʒ ʌ d͡ʒ	d͡ʒ ʌ d͡ʒ d	d͡ʒ ʌ d͡ʒ d	s p l æ ʃ	s p l æ ʃ t	s p l æ ʃ t	d͡ʒ ʌ d͡ʒ t	0	0	reg_d	reg_d	reg_t
random	t͡ʃ æ n ə l	t͡ʃ æ n ə l d	t͡ʃ æ n ə l d	f ɛ ð ɹ̩	f ɛ ð ɹ̩ d	f ɛ ð ɹ̩ d	t͡ʃ æ n ə l d	1	1	reg_d	reg_d	reg_d
random	f r ɔ s t	f r ɔ s t ə d	f r ɔ s t ə d	h ɛ d k w ɔ r t ɹ̩	h ɛ d k w ɔ r t ɹ̩ d	h ɛ d k w ɔ r t ɹ̩ d	f r ɔ s t d	0	0	reg_əd	reg_əd	reg_d
random	r uː l	r uː l d	r uː l d	t r æ n z l e ɪ t	t r æ n z l e ɪ t ə d	t r æ n z l e ɪ t ə d	r uː l ə d	0	0	reg_d	reg_d	reg_əd
random	t æ k ə l	t æ k ə l d	t æ k ə l d	s t ɑː m p	s t ɑː m p t	s t ɑː m p t	t æ k ə l t	0	0	reg_d	reg_d	reg_t
random	t æ ŋ ɡ ə l	t æ ŋ ɡ ə l d	t æ ŋ ɡ ə l d	d ɹ̩ ɛ k t	d ɹ̩ ɛ k t ə d	d ɹ̩ ɛ k t ə d	t æ ŋ ɡ ə l ə d	0	0	reg_d	reg_d	reg_əd
random	b ʌ t ɹ̩	b ʌ t ɹ̩ d	b ʌ t ɹ̩ d	d r ɔ	d r uː	d r uː	NA	0	0	reg_d	reg_d	vowel_change
random	b l æ k	b l æ k t	b l æ k t	s k w ɑː ʃ	s k w ɑː ʃ t	s k w ɑː ʃ t	b l æ k t	1	1	reg_t	reg_t	reg_t
random	s p e ɪ s	s p e ɪ s t	s p e ɪ s t	d uː	d ɪ d	d ɪ d	NA	0	0	reg_t	reg_t	vowel_change_suffix
random	p r ɪ z uː m	p r ɪ z uː m d	p r ɪ z uː m d	p r e ɪ	p r e ɪ d	p r e ɪ d	p r ɪ z uː m d	1	1	reg_d	reg_d	reg_d
random	k ə n k l uː d	k ə n k l uː d ə d	k ə n k l uː d ə d	b r e ɪ s	b r e ɪ s t	b r e ɪ s t	k ə n k l uː d t	0	0	reg_əd	reg_əd	reg_t
random	p a ʊ t	p a ʊ t ə d	p a ʊ t ə d	p e ɪ n t	p e ɪ n t ə d	p e ɪ n t ə d	p a ʊ t ə d	1	1	reg_əd	reg_əd	reg_əd
random	ə n l o ʊ d	ə n l o ʊ d ə d	ə n l o ʊ d ə d	k r iː k	k r iː k t	k r iː k t	ə n l o ʊ d t	0	0	reg_əd	reg_əd	reg_t
random	ə b d͡ʒ ɛ k t	ə b d͡ʒ ɛ k t ə d	ə b d͡ʒ ɛ k t ə d	k æ r iː	k æ r iː d	k æ r iː d	ə b d͡ʒ ɛ k t d	0	0	reg_əd	reg_əd	reg_d
random	d o ʊ z	d o ʊ z d	d o ʊ z d	r ɔ r	r ɔ r d	r ɔ r d	d o ʊ z d	1	1	reg_d	reg_d	reg_d
random	s t æ b	s t æ b d	s t æ b d	n a ɪ f	n a ɪ f t	n a ɪ f t	s t æ b t	0	0	reg_d	reg_d	reg_t
random	t r æ n s k r a ɪ b	t r æ n s k r a ɪ b d	t r æ n s k r a ɪ t ə d	f l ʌ f	f l ʌ f t	f l ʌ f t	t r æ n s k r a ɪ b t	0	0	reg_d	other	reg_t
random	r iː ɹ̩ e ɪ n d͡ʒ	r iː ɹ̩ e ɪ n d͡ʒ d	r iː ɹ̩ e ɪ n d͡ʒ d	t æ ɡ	t æ ɡ d	t æ ɡ d	r iː ɹ̩ e ɪ n d͡ʒ d	1	1	reg_d	reg_d	reg_d
random	ɛ n d͡ʒ ə n iː r	ɛ n d͡ʒ ə n iː r d	ɛ n d͡ʒ ə n iː r d	ə ɡ r iː	ə ɡ r iː d	ə ɡ r iː d	ɛ n d͡ʒ ə n iː r d	1	1	reg_d	reg_d	reg_d
random	ɡ r e ɪ z	ɡ r e ɪ z d	ɡ r e ɪ z d	o ʊ v ɹ̩ k ʊ k	o ʊ v ɹ̩ k ʊ k t	o ʊ v ɹ̩ k ʊ k t	ɡ r e ɪ z t	0	0	reg_d	reg_d	reg_t
random	k ɑː l ɹ̩	k ɑː l ɹ̩ d	k ɑː l ɹ̩ d	b r æ n t͡ʃ	b r æ n t͡ʃ t	b r æ n t͡ʃ t	k ɑː l ɹ̩ t	0	0	reg_d	reg_d	reg_t
random	k o ʊ k s	k o ʊ k s t	k o ʊ k s t	w ɪ z	w ɪ z d	w ɪ z d	k o ʊ k s d	0	0	reg_t	reg_t	reg_d
random	n ʌ k ə l	n ʌ k ə l d	n ʌ k ə l d	s ɛ t	s ɛ t	s ɛ t	n ʌ k ə l	0	0	reg_d	reg_d	no_change
random	ɪ n v ɛ s t ə ɡ e ɪ t	ɪ n v ɛ s t ə ɡ e ɪ t ə d	ɪ n v ɛ s t ə ɡ t ə d	b l o ʊ	b l o ʊ d	b l uː	ɪ n v ɛ s t ə ɡ e ɪ t d	0	0	reg_əd	other	reg_d
random	t͡ʃ ɑː r d͡ʒ	t͡ʃ ɑː r d͡ʒ d	t͡ʃ ɑː r d͡ʒ d	h ɪ p n ə t a ɪ z	h ɪ p n ə t a ɪ z d	h ɪ p n ə t a ɪ z d	t͡ʃ ɑː r d͡ʒ d	1	1	reg_d	reg_d	reg_d
random	s p ɑː t	s p ɑː t ə d	s p ɑː t ə d	k r æ ŋ k	k r æ ŋ k t	k r æ ŋ k t	s p ɑː t t	0	0	reg_əd	reg_əd	reg_t
random	d r a ʊ n	d r a ʊ n d	d r a ʊ n d	r o ʊ t e ɪ t	r o ʊ t e ɪ t ə d	r o ʊ t e ɪ t ə d	d r a ʊ n ə d	0	0	reg_d	reg_d	reg_əd
random	f l ɪ k ɹ̩	f l ɪ k ɹ̩ d	f l ɪ k ɹ̩ d	ɪ m p l ə m ɛ n t	ɪ m p l ə m ɛ n t ə d	ɪ m p l ə m ɛ n t ə d	f l ɪ k ɹ̩ ə d	0	0	reg_d	reg_d	reg_əd
random	h ɑː r d ə n	h ɑː r d ə n d	h ɑː r d ə n d	n iː r	n iː r d	n iː r d	h ɑː r d ə n d	1	1	reg_d	reg_d	reg_d
random	f l æ t ɹ̩	f l æ t ɹ̩ d	f l æ t ɹ̩ d	t e ɪ p	t e ɪ p t	t e ɪ p t	f l æ t ɹ̩ t	0	0	reg_d	reg_d	reg_t
random	w ɑː b ə l	w ɑː b ə l d	w ɑː b ə l d	t ɔ ɪ	t ɔ ɪ d	t ɔ ɪ d	w ɑː b ə l d	1	1	reg_d	reg_d	reg_d
random	l iː k	l iː k t	l ɛ k t	s k w ɑː ʃ	s k w ɑː ʃ t	s k w ɑː ʃ t	l iː k t	0	1	reg_t	vowel_change_suffix	reg_t
random	t a ɪ p	t a ɪ p t	t a ɪ p t	f e ɪ n t	f e ɪ n t ə d	f e ɪ n t ə d	t a ɪ p ə d	0	0	reg_t	reg_t	reg_əd
random	k ɑː m p l ə m ɛ n t	k ɑː m p l ə m ɛ n t ə d	k ɑː m p l ə m ɛ m t ə d	ɹ̩ n	ɹ̩ n d	ɹ̩ n d	k ɑː m p l ə m ɛ n t d	0	0	reg_əd	other	reg_d
random	ɪ n t ɹ̩ m ɪ k s	ɪ n t ɹ̩ m ɪ k s t	ɪ n t ɹ̩ m ɪ k s t	ɛ d ə t	ɛ d ə t ə d	ɛ d ə t ə d	ɪ n t ɹ̩ m ɪ k s ə d	0	0	reg_t	reg_t	reg_əd
random	n o ʊ z	n o ʊ z d	n o ʊ z d	ə p iː r	ə p iː r d	ə p iː r d	n o ʊ z d	1	1	reg_d	reg_d	reg_d
random	ɪ n f ɔ r m	ɪ n f ɔ r m d	ɪ n f ɔ r m d	r ɪ ɡ r ɛ t	r ɪ ɡ r ɛ t ə d	r ɪ ɡ r ɛ t ə d	ɪ n f ɔ r m ə d	0	0	reg_d	reg_d	reg_əd
random	s p a ɪ s	s p a ɪ s t	s p a ɪ s t	k ɪ l	k ɪ l d	k ɪ l d	s p a ɪ s d	0	0	reg_t	reg_t	reg_d
random	h ɔ l	h ɔ l d	h ɔ l d	ɔ f ɹ̩	ɔ f ɹ̩ d	ɔ f ɹ̩ d	h ɔ l d	1	1	reg_d	reg_d	reg_d
random	d ɑː d͡ʒ	d ɑː d͡ʒ d	d ɑː d͡ʒ d	s o ʊ b ɹ̩	s o ʊ b ɹ̩ d	s o ʊ b ɹ̩ d	d ɑː d͡ʒ d	1	1	reg_d	reg_d	reg_d
random	s a ɪ	s a ɪ d	s a ɪ d	s uː p ɹ̩ v a ɪ z	s uː p ɹ̩ v a ɪ z d	s uː p ɹ̩ v a ɪ z d	s a ɪ d	1	1	reg_d	reg_d	reg_d
random	s ɛ n t ɹ̩	s ɛ n t ɹ̩ d	s ɛ n t ɹ̩ d	p iː k	p iː k t	p iː k t	s ɛ n t ɹ̩ t	0	0	reg_d	reg_d	reg_t
random	p æ t͡ʃ	p æ t͡ʃ t	p æ t͡ʃ t	r ɪ t a ɪ ɹ̩	r ɪ t a ɪ ɹ̩ d	r ɪ t a ɪ ɹ̩ d	p æ t͡ʃ d	0	0	reg_t	reg_t	reg_d
random	f ɔ r w ɹ̩ d	f ɔ r w ɹ̩ d ə d	f ɔ r w ɹ̩ d ə d	b r e ɪ k	b r e ɪ k	b r o ʊ k	f ɔ r w ɹ̩ d	0	0	reg_əd	reg_əd	no_change
random	s t iː r	s t iː r d	s t iː r d	s o ʊ b ɹ̩	s o ʊ b ɹ̩ d	s o ʊ b ɹ̩ d	s t iː r d	1	1	reg_d	reg_d	reg_d
random	k ə n d ɛ n s	k ə n d ɛ n s t	k ə n d ɛ n s t	n æ ɡ	n æ ɡ d	n æ ɡ d	k ə n d ɛ n s d	0	0	reg_t	reg_t	reg_d
random	b e ɪ ð	b e ɪ ð d	b e ɪ ð d	k ə n t ɪ n j uː	k ə n t ɪ n j uː d	k ə n t ɪ n j uː d	b e ɪ ð d	1	1	reg_d	reg_d	reg_d
random	b ɔ l	b ɔ l d	b ɔ l d	s t e ɪ n	s t e ɪ n d	s t e ɪ n d	b ɔ l d	1	1	reg_d	reg_d	reg_d
random	k l ɪ k	k l ɪ k t	k l ɪ k t	p r ə d uː s	p r ə d uː s t	p r ə d uː s t	k l ɪ k t	1	1	reg_t	reg_t	reg_t
random	t r ɪ m	t r ɪ m d	t r ɪ m d	p ɑː k ə t	p ɑː k ə t ə d	p ɑː k ə t ə d	t r ɪ m ə d	0	0	reg_d	reg_d	reg_əd
random	d͡ʒ ɹ̩ k	d͡ʒ ɹ̩ k t	d͡ʒ ɹ̩ k t	p l æ n	p l æ n d	p l æ n d	d͡ʒ ɹ̩ k d	0	0	reg_t	reg_t	reg_d
random	r iː b ɪ l d	r iː b ɪ l t	r iː b ɪ l d ə d	b ʌ z	b ʌ z d	b ʌ z d	r iː b ɪ l d d	0	0	coda_change	reg_əd	reg_d
random	h ɹ̩ d	h ɹ̩ d ə d	h ɹ̩ d ə d	l a ɪ n	l a ɪ n d	l a ɪ n d	h ɹ̩ d d	0	0	reg_əd	reg_əd	reg_d
random	θ ʌ n d ɹ̩	θ ʌ n d ɹ̩ d	θ ʌ n d ɹ̩ d	r iː ɔ r ɡ ə n a ɪ z	r iː ɔ r ɡ ə n a ɪ z d	r iː ɔ r ɡ ə n a ɪ z d	θ ʌ n d ɹ̩ d	1	1	reg_d	reg_d	reg_d
random	ə p r o ʊ p r iː e ɪ t	ə p r o ʊ p r iː e ɪ t ə d	ə p r d	ɡ ʌ ʃ	ɡ ʌ ʃ t	ɡ ʌ ʃ t	ə p r o ʊ p r iː e ɪ t t	0	0	reg_əd	other	reg_t
random	k ʌ m f ɹ̩ t	k ʌ m f ɹ̩ t ə d	k ʌ m f ɹ̩ t ə d	s p ʌ n d͡ʒ	s p ʌ n d͡ʒ d	s p ʌ n d͡ʒ d	k ʌ m f ɹ̩ t d	0	0	reg_əd	reg_əd	reg_d
random	r ɪ l e ɪ t	r ɪ l e ɪ t ə d	r ɪ l e ɪ t ə d	t o ʊ s t	t o ʊ s t ə d	t o ʊ s t ə d	r ɪ l e ɪ t ə d	1	1	reg_əd	reg_əd	reg_əd
random	w a ɪ ɹ̩	w a ɪ ɹ̩ d	w a ɪ ɹ̩ d	l a ɪ n	l a ɪ n d	l a ɪ n d	w a ɪ ɹ̩ d	1	1	reg_d	reg_d	reg_d
random	ɛ k s ɹ̩ s a ɪ z	ɛ k s ɹ̩ s a ɪ z d	ɛ k s ɹ̩ s a ɪ z d	t w ɪ ŋ k ə l	t w ɪ ŋ k ə l d	t w ɪ ŋ k ə l d	ɛ k s ɹ̩ s a ɪ z d	1	1	reg_d	reg_d	reg_d
random	k r ʌ m p ə l	k r ʌ m p ə l d	k r ʌ m p ə l d	s ʌ f ə k e ɪ t	s ʌ f ə k e ɪ t ə d	s ʌ f ə k e ɪ t ə d	k r ʌ m p ə l ə d	0	0	reg_d	reg_d	reg_əd
random	ɪ ɡ z æ m ɪ n	ɪ ɡ z æ m ɪ n d	ɪ ɡ z æ m ɪ n d	ɑː r m	ɑː r m d	ɑː r m d	ɪ ɡ z æ m ɪ n d	1	1	reg_d	reg_d	reg_d
random	ʃ ɑː p	ʃ ɑː p t	ʃ ɑː p t	b ʌ m p	b ʌ m p t	b ʌ m p t	ʃ ɑː p t	1	1	reg_t	reg_t	reg_t
random	k ɔ r ə l e ɪ t	k ɔ r ə l e ɪ t ə d	k ɔ r ə l e ɪ t ə d	b æ n ɪ ʃ	b æ n ɪ ʃ t	b æ n ɪ ʃ t	k ɔ r ə l e ɪ t t	0	0	reg_əd	reg_əd	reg_t
random	k ə m b a ɪ n	k ə m b a ɪ n d	k ə m b a ɪ n d	h o ʊ m	h o ʊ m d	h o ʊ m d	k ə m b a ɪ n d	1	1	reg_d	reg_d	reg_d
random	b ʌ k	b ʌ k t	b ʌ k t	ə d ɔ r	ə d ɔ r d	ə d ɔ r d	b ʌ k d	0	0	reg_t	reg_t	reg_d
random	ə p r o ʊ t͡ʃ	ə p r o ʊ t͡ʃ t	ə p r o ʊ t͡ʃ t	b ʌ z	b ʌ z d	b ʌ z d	ə p r o ʊ t͡ʃ d	0	0	reg_t	reg_t	reg_d
random	s t ɔ k	s t ɔ k t	s t ɔ k t	d ʌ m p	d ʌ m p t	d ʌ m p t	s t ɔ k t	1	1	reg_t	reg_t	reg_t
random	k r iː e ɪ t	k r iː e ɪ t ə d	k r iː e ɪ t ə d	h ɪ t	h ɪ t	h ɪ t	k r iː e ɪ t	0	0	reg_əd	reg_əd	no_change
random	n e ɪ l	n e ɪ l d	n e ɪ l d	w ɹ̩ ʃ ɪ p	w ɹ̩ ʃ ɪ p t	w ɹ̩ ʃ ɪ p t	n e ɪ l t	0	0	reg_d	reg_d	reg_t
random	r ə f ɹ̩	r ə f ɹ̩ d	r ə f ɹ̩ d	ɑː p ɹ̩ e ɪ t	ɑː p ɹ̩ e ɪ t ə d	ɑː p ɹ̩ e ɪ t ə d	r ə f ɹ̩ ə d	0	0	reg_d	reg_d	reg_əd
random	s p ɑː r k	s p ɑː r k t	s p ɑː r k t	d ɪ p ɛ n d	d ɪ p ɛ n d ə d	d ɪ p ɛ n d ə d	s p ɑː r k ə d	0	0	reg_t	reg_t	reg_əd
random	h o ʊ l	h o ʊ l d	h o ʊ l d	t æ t ə l	t æ t ə l d	t æ t ə l d	h o ʊ l d	1	1	reg_d	reg_d	reg_d
random	f ɪ d ə l	f ɪ d ə l d	f ɪ d ə l d	b uː s t	b uː s t ə d	b uː s t ə d	f ɪ d ə l ə d	0	0	reg_d	reg_d	reg_əd
random	ʃ r ɪ ŋ k	ʃ r æ ŋ k	ʃ r æ ŋ k	n ɔ	n ɔ d	n ɔ d	ʃ r ɪ ŋ k d	0	0	vowel_change	vowel_change	reg_d
random	b r a ɪ b	b r a ɪ b d	b r a ɪ b d	b iː f	b iː f t	b iː f t	b r a ɪ b t	0	0	reg_d	reg_d	reg_t
random	w ɑː l o ʊ	w ɑː l o ʊ d	w ɑː l o ʊ d	s t ɛ r	s t ɛ r d	s t ɛ r d	w ɑː l o ʊ d	1	1	reg_d	reg_d	reg_d
random	ɪ n t ɛ n d	ɪ n t ɛ n d ə d	ɪ n t ɛ n d ə d	k r ʌ m b ə l	k r ʌ m b ə l d	k r ʌ m b ə l d	ɪ n t ɛ n d d	0	0	reg_əd	reg_əd	reg_d
random	s æ n ɪ t a ɪ z	s æ n ɪ t a ɪ z d	s æ n ɪ t a ɪ z d	f l æ ʃ	f l æ ʃ t	f l æ ʃ t	s æ n ɪ t a ɪ z t	0	0	reg_d	reg_d	reg_t
random	s ɹ̩ t͡ʃ	s ɹ̩ t͡ʃ t	s ɹ̩ t͡ʃ t	s k w ɑː ʃ	s k w ɑː ʃ t	s k w ɑː ʃ t	s ɹ̩ t͡ʃ t	1	1	reg_t	reg_t	reg_t
random	v æ k j uː m	v æ k j uː m d	v æ k j uː m d	b ʌ m p	b ʌ m p t	b ʌ m p t	v æ k j uː m t	0	0	reg_d	reg_d	reg_t
random	p ɛ r	p ɛ r d	p ɛ r d	æ k n ɑː l ɪ d͡ʒ	æ k n ɑː l ɪ d͡ʒ d	æ k n ɑː l ɪ d͡ʒ d	p ɛ r d	1	1	reg_d	reg_d	reg_d
random	r ɪ d͡ʒ ɛ k t	r ɪ d͡ʒ ɛ k t ə d	r ɪ d͡ʒ ɛ k t ə d	ʃ e ɪ d	ʃ e ɪ d ə d	ʃ e ɪ d ə d	r ɪ d͡ʒ ɛ k t ə d	1	1	reg_əd	reg_əd	reg_əd
random	d a ɪ d͡ʒ ɛ s t	d a ɪ d͡ʒ ɛ s t ə d	d a ɪ d͡ʒ ɛ s t ə d	p l æ s t ɹ̩	p l æ s t ɹ̩ d	p l æ s t ɹ̩ d	d a ɪ d͡ʒ ɛ s t d	0	0	reg_əd	reg_əd	reg_d
random	s ə b t r æ k t	s ə b t r æ k t ə d	s ə b t r æ k t ə d	b æ ɡ	b æ ɡ d	b æ ɡ d	s ə b t r æ k t d	0	0	reg_əd	reg_əd	reg_d
random	ə n p æ k	ə n p æ k t	ə n p æ k t	r ə s iː v	r ə s iː v d	r ə s iː v d	ə n p æ k d	0	0	reg_t	reg_t	reg_d
random	h iː l	h iː l d	h iː l d	w ɔ n t	w ɔ n t ə d	w ɔ n t ə d	h iː l ə d	0	0	reg_d	reg_d	reg_əd
random	b ɔ ɪ l	b ɔ ɪ l d	b ɔ ɪ l d	w uː p	w uː p t	w uː p t	b ɔ ɪ l t	0	0	reg_d	reg_d	reg_t
random	ə n ɔ ɪ	ə n ɔ ɪ d	ə n ɔ ɪ d	t r æ k	t r æ k t	t r æ k t	ə n ɔ ɪ t	0	0	reg_d	reg_d	reg_t
random	r iː s t r e ɪ n	r iː s t r e ɪ n d	r iː s t r e ɪ n d	s t ɪ l	s t ɪ l d	s t ɪ l d	r iː s t r e ɪ n d	1	1	reg_d	reg_d	reg_d
random	l æ p	l æ p t	l æ p t	ɪ n t r ə d uː s	ɪ n t r ə d uː s t	ɪ n t r ə d uː s t	l æ p t	1	1	reg_t	reg_t	reg_t
random	k w a ɪ ə t	k w a ɪ ə t ə d	k w a ɪ ə t ə d	ɡ ɑː l f	ɡ ɑː l f t	ɡ ɑː l f t	k w a ɪ ə t t	0	0	reg_əd	reg_əd	reg_t
random	s k iː	s k iː d	s k iː d	r ɛ s k j uː	r ɛ s k j uː d	r ɛ s k j uː d	s k iː d	1	1	reg_d	reg_d	reg_d
random	s k a ʊ t	s k a ʊ t ə d	s k a ʊ t ə d	b ɪ d	b e ɪ d	b e ɪ d	NA	0	0	reg_əd	reg_əd	vowel_change
random	s k ɹ̩ iː	s k ɹ̩ iː d	s k ɹ̩ iː d	l ɪ k	l ɪ k t	l ɪ k t	s k ɹ̩ iː t	0	0	reg_d	reg_d	reg_t
random	ə s ɪ s t	ə s ɪ s t ə d	ə s ɪ s t ə d	s iː t	s iː t ə d	s iː t ə d	ə s ɪ s t ə d	1	1	reg_əd	reg_əd	reg_əd
random	ɡ r uː p	ɡ r uː p t	ɡ r uː p t	b l æ ŋ k ə t	b l æ ŋ k ə t ə d	b l æ ŋ k ə t ə d	ɡ r uː p ə d	0	0	reg_t	reg_t	reg_əd
random	r ʌ s t	r ʌ s t ə d	r ʌ s t ə d	t͡ʃ e ɪ s	t͡ʃ e ɪ s t	t͡ʃ e ɪ s t	r ʌ s t t	0	0	reg_əd	reg_əd	reg_t
random	h uː t	h uː t ə d	h uː t	d r uː p	d r uː p t	d r uː p t	h uː t t	0	0	reg_əd	no_change	reg_t
random	d ɪ f iː t	d ɪ f iː t ə d	d ɪ f iː t ə d	k r ɑː p	k r ɑː p t	k r ɑː p t	d ɪ f iː t t	0	0	reg_əd	reg_əd	reg_t
random	p r ə l ɔ ŋ	p r ə l ɔ ŋ d	p r ə l ɔ ŋ t	h ɑː l ɹ̩	h ɑː l ɹ̩ d	h ɑː l ɹ̩ d	p r ə l ɔ ŋ d	0	1	reg_d	reg_t	reg_d
random	l ɪ s t	l ɪ s t	l ɪ s t ə d	s t ɪ l	s t ɪ l d	s t ɪ l d	l ɪ s t d	0	0	no_change	reg_əd	reg_d
random	p ɹ̩ s w e ɪ d	p ɹ̩ s w e ɪ d ə d	p ɹ̩ s w e ɪ d ə d	f e ɪ l	f e ɪ l d	f e ɪ l d	p ɹ̩ s w e ɪ d d	0	0	reg_əd	reg_əd	reg_d
random	k ə m p iː t	k ə m p iː t ə d	k ə m p iː t ə d	p ɛ n	p ɛ n d	p ɛ n d	k ə m p iː t d	0	0	reg_əd	reg_əd	reg_d
random	r ɪ l iː v	r ɪ l iː v d	r ɪ l iː v d	r ɑː k	r ɑː k t	r ɑː k t	r ɪ l iː v t	0	0	reg_d	reg_d	reg_t
random	θ r ɛ t ə n	θ r ɛ t ə n d	θ r ɛ t ə n d	p æ s	p æ s t	p æ s t	θ r ɛ t ə n t	0	0	reg_d	reg_d	reg_t
random	o ʊ v ɹ̩ r ə n	o ʊ v ɹ̩ r æ n	o ʊ v ɹ̩ r ə n d	p r e ɪ	p r e ɪ d	p r e ɪ d	o ʊ v ɹ̩ r ə n d	1	0	vowel_change	reg_d	reg_d
random	z iː r o ʊ	z iː r o ʊ d	z iː r o ʊ d	k ɑː r p ə t	k ɑː r p ə t ə d	k ɑː r p ə t ə d	z iː r o ʊ ə d	0	0	reg_d	reg_d	reg_əd
random	d æ m ə d͡ʒ	d æ m ə d͡ʒ d	d æ m ə d͡ʒ d	f l a ʊ ɹ̩	f l a ʊ ɹ̩ d	f l a ʊ ɹ̩ d	d æ m ə d͡ʒ d	1	1	reg_d	reg_d	reg_d
random	k o ʊ t	k o ʊ t ə d	k o ʊ t	w ɪ z	w ɪ z d	w ɪ z d	k o ʊ t d	0	0	reg_əd	no_change	reg_d
random	k j uː b	k j uː b d	k j uː b d	f ɔ r k	f ɔ r k t	f ɔ r k t	k j uː b t	0	0	reg_d	reg_d	reg_t
random	ʃ a ɪ n	ʃ a ɪ n d	ʃ a ɪ n d	k ɑː z	k ɑː z d	k ɑː z d	ʃ a ɪ n d	1	1	reg_d	reg_d	reg_d
random	t æ k s iː	t æ k s iː d	t æ k s iː d	ɡ ɑː r b ə l	ɡ ɑː r b ə l d	ɡ ɑː r b ə l d	t æ k s iː d	1	1	reg_d	reg_d	reg_d
random	s t ɔ l	s t ɔ l d	s t ɔ l d	t ɛ l	t o ʊ l d	t o ʊ l d	NA	0	0	reg_d	reg_d	vowel_change_suffix
random	ɪ n k ɔ r p ɹ̩ e ɪ t	ɪ n k ɔ r p ɹ̩ e ɪ t ə d	ɪ n k ɔ r p ɹ̩ e ɪ t ɔ ɪ t ɔ r e ɪ	n iː d	n iː d ə d	n iː d ə d	ɪ n k ɔ r p ɹ̩ e ɪ t ə d	0	1	reg_əd	other	reg_əd
random	t o ʊ t ə l	t o ʊ t ə l d	t o ʊ t ə l d	n ɹ̩ s	n ɹ̩ s t	n ɹ̩ s t	t o ʊ t ə l t	0	0	reg_d	reg_d	reg_t
random	m æ ŋ ɡ ə l	m æ ŋ ɡ ə l d	m æ ŋ ɡ ə l d	æ d m a ɪ ɹ̩	æ d m a ɪ ɹ̩ d	æ d m a ɪ ɹ̩ d	m æ ŋ ɡ ə l d	1	1	reg_d	reg_d	reg_d
random	o ʊ v ɹ̩ l æ p	o ʊ v ɹ̩ l æ p t	o ʊ v ɹ̩ l æ p t	k ə m p l e ɪ n	k ə m p l e ɪ n d	k ə m p l e ɪ n d	o ʊ v ɹ̩ l æ p d	0	0	reg_t	reg_t	reg_d
random	k ɑː n t r æ k t	k ɑː n t r æ k t ə d	k ɑː n t r æ k t ə d	s iː t	s iː t ə d	s iː t ə d	k ɑː n t r æ k t ə d	1	1	reg_əd	reg_əd	reg_əd
random	k r a ʊ t͡ʃ	k r a ʊ t͡ʃ t	k r a ʊ t͡ʃ t	b a ɪ s ɪ k ə l	b a ɪ s ɪ k ə l d	b a ɪ s ɪ k ə l d	k r a ʊ t͡ʃ d	0	0	reg_t	reg_t	reg_d
random	b uː m	b uː m d	b uː m d	t r e ɪ s	t r e ɪ s t	t r e ɪ s t	b uː m t	0	0	reg_d	reg_d	reg_t
random	m o ʊ l d	m o ʊ l d ə d	m o ʊ l d ə d	h ɪ t	h ɪ t	h ɪ t	m o ʊ l d	0	0	reg_əd	reg_əd	no_change
random	ɪ n t r iː ɡ	ɪ n t r iː ɡ d	ɪ n t r iː ɡ d	v ɔ ɪ s	v ɔ ɪ s t	v ɔ ɪ s t	ɪ n t r iː ɡ t	0	0	reg_d	reg_d	reg_t
random	f r ɛ k ə l	f r ɛ k ə l d	f r ɛ k ə l d	s k r æ m b ə l	s k r æ m b ə l d	s k r æ m b ə l d	f r ɛ k ə l d	1	1	reg_d	reg_d	reg_d
random	h ʌ ʃ	h ʌ ʃ t	h ʌ ʃ t	b ɛ s t	b ɛ s t ə d	b ɛ s t ə d	h ʌ ʃ ə d	0	0	reg_t	reg_t	reg_əd
random	b æ ŋ k	b æ ŋ k t	b æ ŋ k t	r iː l iː s	r iː l iː s t	r iː l iː s t	b æ ŋ k t	1	1	reg_t	reg_t	reg_t
random	h iː p	h iː p t	h iː p t	ə p r iː ʃ iː e ɪ t	ə p r iː ʃ iː e ɪ t ə d	ə p r iː ʃ iː e ɪ t ə d	h iː p ə d	0	0	reg_t	reg_t	reg_əd
random	ɪ ɡ z ɪ s t	ɪ ɡ z ɪ s t ə d	ɪ ɡ z ɪ s t ə d	f l ʌ t ɹ̩	f l ʌ t ɹ̩ d	f l ʌ t ɹ̩ d	ɪ ɡ z ɪ s t d	0	0	reg_əd	reg_əd	reg_d
random	ə k ɑː m p l ɪ ʃ	ə k ɑː m p l ɪ ʃ t	ə m ɑː m p l ɪ ʃ t	b ɪ h e ɪ v	b ɪ h e ɪ v d	b ɪ h e ɪ v d	ə k ɑː m p l ɪ ʃ d	0	0	reg_t	other	reg_d
random	k e ɪ v	k e ɪ v d	k e ɪ v d	w ʊ d	w ʊ d ə d	w ʊ d ə d	k e ɪ v ə d	0	0	reg_d	reg_d	reg_əd
random	p ɛ d ə l	p ɛ d ə l d	p ɛ d ə l d	k uː p	k uː p t	k uː p t	p ɛ d ə l t	0	0	reg_d	reg_d	reg_t
random	r ɪ v ɹ̩ s	r ɪ v ɹ̩ s t	r ɪ v ɹ̩ s t	ɡ ɑː r b ə l	ɡ ɑː r b ə l d	ɡ ɑː r b ə l d	r ɪ v ɹ̩ s d	0	0	reg_t	reg_t	reg_d
random	s ə b s a ɪ d	s ə b s a ɪ d ə d	s ə b s a ɪ d	ɪ ɡ n ɔ r	ɪ ɡ n ɔ r d	ɪ ɡ n ɔ r d	s ə b s a ɪ d d	0	0	reg_əd	no_change	reg_d
random	k ə n s ɹ̩ n	k ə n s ɹ̩ n d	k ə n s ɹ̩ n d	ɡ e ɪ z	ɡ e ɪ z d	ɡ e ɪ z d	k ə n s ɹ̩ n d	1	1	reg_d	reg_d	reg_d
random	t iː	t iː d	t ɔ	p r ɑː d͡ʒ ɛ k t	p r ɑː d͡ʒ ɛ k t ə d	p r ɑː d͡ʒ ɛ k t ə d	t iː ə d	0	0	reg_d	vowel_change	reg_əd
random	f l ɹ̩ iː	f l ɹ̩ iː d	f l ɹ̩ iː d	f iː l d	f iː l d ə d	f iː l d ə d	f l ɹ̩ iː ə d	0	0	reg_d	reg_d	reg_əd
random	n ɛ r o ʊ	n ɛ r o ʊ d	n ɛ r o ʊ d	f l ɑː p	f l ɑː p t	f l ɑː p t	n ɛ r o ʊ t	0	0	reg_d	reg_d	reg_t
random	ɪ m p r ə v a ɪ z	ɪ m p r ə v a ɪ z d	ɪ m p r ə v a ɪ z d	ɪ v æ k j ə w e ɪ t	ɪ v æ k j ə w e ɪ t ə d	ɪ v æ k j ə w e ɪ t ə d	ɪ m p r ə v a ɪ z ə d	0	0	reg_d	reg_d	reg_əd
