neighbors	src	gold	pred	neighbor_src	neighbor_tgt	analogy	regular	matches_pred	matches_gold
model_sep	ɡ ɛ t	ɡ ɑː t	ɡ ɛ t	ɡ uː f	ɡ uː f t	ɡ ɛ t t	0	0	0
model_sep	p ʊ t	p ʊ t	p ʊ t	p ɛ t	p ɛ t ə d	p ʊ t ə d	0	0	0
model_sep	ɡ o ʊ	w ɛ n t	ɡ o ʊ d	ɡ æ s	ɡ æ s t	ɡ o ʊ t	0	0	0
model_sep	iː t	e ɪ t	iː t ə t	iː z	iː z d	iː t d	0	0	0
model_sep	w ɔ n t	w ɔ n t ə d	w ɔ n t ə d	w a ɪ t	w a ɪ t ə d	w ɔ n t ə d	1	1	1
model_sep	n ɑː k	n ɑː k t	n ɑː k t	n ɪ p	n ɪ p t	n ɑː k t	1	1	1
model_sep	l ɪ s ə n	l ɪ s ə n d	l ɪ s ə n d	l uː s ə n	l uː s ə n d	l ɪ s ə n d	1	1	1
model_sep	p ʌ f	p ʌ f t	p ʌ f t	p ɔ z	p ɔ z d	p ʌ f d	1	0	0
model_sep	h o ʊ p	h o ʊ p t	h o ʊ p t	h ɛ l p	h ɛ l p t	h o ʊ p t	1	1	1
model_sep	n iː d	n iː d ə d	n iː d ə d	n ɑː d	n ɑː d ə d	n iː d ə d	1	1	1
model_sep	k æ t͡ʃ	k ɔ t	k æ t͡ʃ t	k ɑː z	k ɑː z d	k æ t͡ʃ d	0	0	0
model_sep	z ɪ p ɹ̩	z ɪ p ɹ̩ d	z ɪ p ɹ̩ d	z ɪ p	z ɪ p t	z ɪ p ɹ̩ t	1	0	0
model_sep	h ɑː p	h ɑː p t	h ɑː p t	h ɪ t	h ɪ t	h ɑː p	1	0	0
model_sep	k æ r iː	k æ r iː d	k æ r iː d	k ɑː p iː	k ɑː p iː d	k æ r iː d	1	1	1
model_sep	r ɪ t ɹ̩ n	r ɪ t ɹ̩ n d	r ɪ t ɹ̩ n d	r æ t ə l	r æ t ə l d	r ɪ t ɹ̩ n d	1	1	1
model_sep	f iː d	f ɛ d	f iː d ə d	f ɪ t	f ɪ t	f iː d	0	0	0
model_sep	ɡ ɑː b ə l	ɡ ɑː b ə l d	ɡ ɑː b ə l d	ɡ r e ɪ z	ɡ r e ɪ z d	ɡ ɑː b ə l d	1	1	1
model_sep	o ʊ p ə n	o ʊ p ə n d	o ʊ p ə n d	o ʊ b e ɪ	o ʊ b e ɪ d	o ʊ p ə n d	1	1	1
model_sep	h o ʊ l d	h ɛ l d	h o ʊ l d ə d	h æ p ə n	h æ p ə n d	h o ʊ l d d	0	0	0
model_sep	d ɪ l ɪ v ɹ̩	d ɪ l ɪ v ɹ̩ d	d ɪ l ɪ v ɹ̩ d	d ɪ p ɑː r t	d ɪ p ɑː r t ə d	d ɪ l ɪ v ɹ̩ ə d	1	0	0
model_sep	r ʌ b	r ʌ b d	r ʌ b d	r ɑː b	r ɑː b d	r ʌ b d	1	1	1
model_sep	w ɑː t͡ʃ	w ɑː t͡ʃ t	w ɑː t͡ʃ t	w ɹ̩ k	w ɹ̩ k t	w ɑː t͡ʃ t	1	1	1
model_sep	p l iː z	p l iː z d	p l iː z d	p ɛ p ɹ̩	p ɛ p ɹ̩ d	p l iː z d	1	1	1
model_sep	w ɔ k	w ɔ k t	w ɔ k t	w ɹ̩ k	w ɹ̩ k t	w ɔ k t	1	1	1
model_sep	p æ k	p æ k t	p æ k t	p ɪ k	p ɪ k t	p æ k t	1	1	1
model_sep	s a ʊ n d	s a ʊ n d ə d	s a ʊ n d ə d	s p ɛ n d	s p ɛ n t	s a ʊ n t	1	0	0
model_sep	ɡ r æ b	ɡ r æ b d	ɡ r æ b d	ɡ e ɪ n	ɡ e ɪ n d	ɡ r æ b d	1	1	1
model_sep	m æ n	m æ n d	m æ n d	m iː t	m ɛ t	NA	1	0	0
model_sep	f iː l	f ɛ l t	f iː l d	f ɔ l	f ɛ l	NA	0	0	0
model_sep	n e ɪ m	n e ɪ m d	n e ɪ m d	n e ɪ l	n e ɪ l d	n e ɪ m d	1	1	1
model_sep	f l o ʊ	f l o ʊ d	f l o ʊ d	f o ʊ n	f o ʊ n d	f l o ʊ d	1	1	1
model_sep	w ɛ ð ɹ̩	w ɛ ð ɹ̩ d	w ɛ ð ɹ̩ d	w a ɪ ɹ̩	w a ɪ ɹ̩ d	w ɛ ð ɹ̩ d	1	1	1
model_sep	l a ɪ	l e ɪ	l a ɪ d	l e ɪ	l e ɪ d	l a ɪ d	0	1	0
model_sep	k r æ ʃ	k r æ ʃ t	k r æ ʃ t	k l æ s	k l æ s t	k r æ ʃ t	1	1	1
model_sep	p e ɪ d͡ʒ	p e ɪ d͡ʒ d	p e ɪ d͡ʒ d	p a ɪ n	p a ɪ n d	p e ɪ d͡ʒ d	1	1	1
model_sep	t͡ʃ o ʊ k	t͡ʃ o ʊ k t	t͡ʃ o ʊ k t	t͡ʃ e ɪ s	t͡ʃ e ɪ s t	t͡ʃ o ʊ k t	1	1	1
model_sep	b l ɛ s	b l ɛ s t	b l ɛ s t	b e ɪ s	b e ɪ s t	b l ɛ s t	1	1	1
model_sep	d ɪ ŋ	d ɪ ŋ d	d ʌ ŋ	d ɑː k	d ɑː k t	d ɪ ŋ t	1	0	0
model_sep	s ɛ l	s o ʊ l d	s ɛ l d	s iː l	s iː l d	s ɛ l d	0	1	0
model_sep	b ɪ ɡ ɪ n	b ɪ ɡ æ n	b ɪ ɡ ɪ n d	b æ b ə l	b æ b ə l d	b ɪ ɡ ɪ n d	0	1	0
model_sep	d͡ʒ ɔ ɪ n	d͡ʒ ɔ ɪ n d	d͡ʒ ɔ ɪ n d	d͡ʒ ʌ m p	d͡ʒ ʌ m p t	d͡ʒ ɔ ɪ n t	1	0	0
model_sep	l ɑː k	l ɑː k t	l ɑː k t	l æ k	l æ k t	l ɑː k t	1	1	1
model_sep	b ɪ l iː v	b ɪ l iː v d	b ɪ l iː v d	b r e ɪ v	b r e ɪ v d	b ɪ l iː v d	1	1	1
model_sep	ə n d ɹ̩ s t æ n d	ə n d ɹ̩ s t ʊ d	ə n d ə n d æ n d ə d	ə p r iː ʃ iː e ɪ t	ə p r iː ʃ iː e ɪ t ə d	ə n d ɹ̩ s t æ n d ə d	0	0	0
model_sep	t r e ɪ n	t r e ɪ n d	t r e ɪ n d	t r e ɪ l	t r e ɪ l d	t r e ɪ n d	1	1	1
model_sep	k r ɔ l	k r ɔ l d	k r ɔ l d	k l iː n	k l iː n d	k r ɔ l d	1	1	1
model_sep	p æ t	p æ t ə d	p æ t ə d	p ɪ t	p ɪ t ə d	p æ t ə d	1	1	1
model_sep	ɔ r d ɹ̩	ɔ r d ɹ̩ d	ɔ r d ɹ̩ d	ɔ f ɹ̩	ɔ f ɹ̩ d	ɔ r d ɹ̩ d	1	1	1
model_sep	f l a ɪ	f l uː	f l a ɪ d	f r a ɪ	f r a ɪ d	f l a ɪ d	0	1	0
model_sep	l o ʊ d	l o ʊ d ə d	l o ʊ d ə d	l ɛ n d	l ɛ n t	l o ʊ t	1	0	0
model_sep	k ə m p l e ɪ n	k ə m p l e ɪ n d	k ə m p l e ɪ n d	k æ t ə p ə l t	k æ t ə p ə l t ə d	k ə m p l e ɪ n ə d	1	0	0
model_sep	b l ɛ n d	b l ɛ n d ə d	b l ɛ n d ə d	b r e ɪ d	b r e ɪ d ə d	b l ɛ n d ə d	1	1	1
model_sep	b l ɑː k	b l ɑː k t	b l ɑː k t	b ɑː r k	b ɑː r k t	b l ɑː k t	1	1	1
model_sep	t ɪ p	t ɪ p t	t ɪ p t	t æ p	t æ p t	t ɪ p t	1	1	1
model_sep	d͡ʒ ɛ t	d͡ʒ ɛ t ə d	d͡ʒ ɛ t	d͡ʒ ʌ d͡ʒ	d͡ʒ ʌ d͡ʒ d	d͡ʒ ɛ t d	1	0	0
model_sep	b r iː ð	b r iː ð d	b r iː ð d	b e ɪ ð	b e ɪ ð d	b r iː ð d	1	1	1
model_sep	d a ɪ ə l	d a ɪ ə l d	d a ɪ ə l d	d ɹ̩ ɛ k t	d ɹ̩ ɛ k t ə d	d a ɪ ə l ə d	1	0	0
model_sep	m ɛ n ʃ ə n	m ɛ n ʃ ə n d	m ɛ n ʃ ə n d	m ʌ ʃ r uː m	m ʌ ʃ r uː m d	m ɛ n ʃ ə n d	1	1	1
model_sep	h ʌ ɡ	h ʌ ɡ d	h ʌ ɡ d	h ɔ k	h ɔ k t	h ʌ ɡ t	1	0	0
model_sep	p a ʊ ɹ̩	p a ʊ ɹ̩ d	p a ʊ ɹ̩ d	p ɛ p ɹ̩	p ɛ p ɹ̩ d	p a ʊ ɹ̩ d	1	1	1
model_sep	s ɑː k	s ɑː k t	s ɑː k t	s iː k	s ɔ t	NA	1	0	0
model_sep	w uː p	w uː p t	w uː p t	w ɪ p	w ɪ p t	w uː p t	1	1	1
model_sep	r iː m a ɪ n d	r iː m a ɪ n d ə d	r iː m a ɪ n d ə d	r ɪ m ɛ m b ɹ̩	r ɪ m ɛ m b ɹ̩ d	r iː m a ɪ n d d	1	0	0
model_sep	h æ n d ə l	h æ n d ə l d	h æ n d ə l d	h ɑː r d ə n	h ɑː r d ə n d	h æ n d ə l d	1	1	1
model_sep	s n iː z	s n iː z d	s n iː z d	s a ɪ z	s a ɪ z d	s n iː z d	1	1	1
model_sep	v ɪ z ɪ t	v ɪ z ɪ t ə d	v ɪ z ɪ t ə d	v æ n ɪ ʃ	v æ n ɪ ʃ t	v ɪ z ɪ t t	1	0	0
model_sep	s l a ɪ d	s l ɪ d	s l a ɪ d ə d	s l a ɪ s	s l a ɪ s t	s l a ɪ d t	0	0	0
model_sep	p l æ n	p l æ n d	p l æ n d	p a ɪ n	p a ɪ n d	p l æ n d	1	1	1
model_sep	ɛ l b o ʊ	ɛ l b o ʊ d	ɛ l b o ʊ d	ɛ n ʃ ʊ r	ɛ n ʃ ʊ r d	ɛ l b o ʊ d	1	1	1
model_sep	b ɑː k s	b ɑː k s t	b ɑː k s t	b e ɪ s	b e ɪ s t	b ɑː k s t	1	1	1
model_sep	ɪ n k l uː d	ɪ n k l uː d ə d	ɪ n k l uː d ə d	ɪ m p l a ɪ	ɪ m p l a ɪ d	ɪ n k l uː d d	1	0	0
model_sep	b ɹ̩ n	b ɹ̩ n d	b ɹ̩ n d	b ɪ l	b ɪ l d	b ɹ̩ n d	1	1	1
model_sep	ʃ e ɪ p	ʃ e ɪ p t	ʃ e ɪ p t	ʃ e ɪ v	ʃ e ɪ v d	ʃ e ɪ p d	1	0	0
model_sep	b o ʊ n	b o ʊ n d	b o ʊ n d	b r ɪ ŋ	b r ɔ t	NA	1	0	0
model_sep	f ɪ l	f ɪ l d	f ɪ l d	f uː l	f uː l d	f ɪ l d	1	1	1
model_sep	m æ s k	m æ s k t	m æ s k t	m ɑː r k	m ɑː r k t	m æ s k t	1	1	1
model_sep	s ɛ l ə b r e ɪ t	s ɛ l ə b r e ɪ t ə d	s ɛ l ə b r e ɪ t ə d	s æ k r ə f a ɪ s	s æ k r ə f a ɪ s t	s ɛ l ə b r e ɪ t t	1	0	0
model_sep	k r ʌ m b ə l	k r ʌ m b ə l d	k r ʌ m b ə l d	k r ʌ m p ə l	k r ʌ m p ə l d	k r ʌ m b ə l d	1	1	1
model_sep	r ɑː k	r ɑː k t	r ɑː k t	r æ p	r æ p t	r ɑː k t	1	1	1
model_sep	ɡ ɛ r ə n t iː	ɡ ɛ r ə n t iː d	ɡ ɛ r ə n t ə d	ɡ r a ʊ l	ɡ r a ʊ l d	ɡ ɛ r ə n t iː d	1	0	1
model_sep	k ə n ɛ k t	k ə n ɛ k t ə d	k ə n ɛ k t ə d	k ə l ɛ k t	k ə l ɛ k t ə d	k ə n ɛ k t ə d	1	1	1
model_sep	t ɔ s	t ɔ s t	t ɔ s t	t æ p	t æ p t	t ɔ s t	1	1	1
model_sep	iː v ɪ n	iː v ɪ n d	iː v ɪ n d	iː k w ə l	iː k w ə l d	iː v ɪ n d	1	1	1
model_sep	b a ʊ n s	b a ʊ n s t	b a ʊ n s t	b r a ʊ z	b r a ʊ z d	b a ʊ n s d	1	0	0
model_sep	ɹ̩ n	ɹ̩ n d	ɹ̩ n d	h ɑː r d ə n	h ɑː r d ə n d	ɹ̩ n d	1	1	1
model_sep	k l a ʊ d	k l a ʊ d ə d	k l a ʊ d ə d	k r a ʊ d	k r a ʊ d ə d	k l a ʊ d ə d	1	1	1
model_sep	k ʌ p ə l	k ʌ p ə l d	k ʌ p ə l d	k ʌ d ə l	k ʌ d ə l d	k ʌ p ə l d	1	1	1
model_sep	f l ʌ ʃ	f l ʌ ʃ t	f l ʌ ʃ t	f ɔ r s	f ɔ r s t	f l ʌ ʃ t	1	1	1
model_sep	h ɑː r n ə s	h ɑː r n ə s t	h ɑː r n ə s t	h ɑː r d ə n	h ɑː r d ə n d	h ɑː r n ə s d	1	0	0
model_sep	b r a ʊ n	b r a ʊ n d	b r a ʊ n d	b r a ʊ z	b r a ʊ z d	b r a ʊ n d	1	1	1
model_sep	s t ɪ ŋ k	s t ʌ ŋ k	s t ʌ ŋ k t	s t e ɪ k	s t e ɪ k t	s t ɪ ŋ k t	0	0	0
model_sep	r iː f r ɛ ʃ	r iː f r ɛ ʃ t	r iː f r ɛ ʃ t	r ɪ d͡ʒ ɛ k t	r ɪ d͡ʒ ɛ k t ə d	r iː f r ɛ ʃ ə d	1	0	0
model_sep	p r ə f ɹ̩	p r ə f ɹ̩ d	p r ə f ɹ̩ d	p ɪ k ə l	p ɪ k ə l d	p r ə f ɹ̩ d	1	1	1
model_sep	s t iː l	s t o ʊ l	s t iː l d	s t ɔ l	s t ɔ l d	s t iː l d	0	1	0
model_sep	b æ n d	b æ n d ə d	b æ n d ə d	b ɔ r d	b ɔ r d ə d	b æ n d ə d	1	1	1
model_sep	r ɪ d	r ɪ d	r ɪ d	r iː d	r ɛ d	NA	0	0	0
model_sep	k o ʊ ɑː p ɹ̩ e ɪ t	k o ʊ ɑː p ɹ̩ e ɪ t ə d	k o ʊ ɑː p ɹ̩ e ɪ t ə d	k o ʊ ɪ n s a ɪ d	k o ʊ ɪ n s a ɪ d ə d	k o ʊ ɑː p ɹ̩ e ɪ t ə d	1	1	1
model_sep	b ɑː ð ɹ̩	b ɑː ð ɹ̩ d	b ɑː ð ɹ̩ d	b ɛ t ɹ̩	b ɛ t ɹ̩ d	b ɑː ð ɹ̩ d	1	1	1
model_sep	r ɛ s t	r ɛ s t ə d	r ɛ s t ə d	r ɪ s k	r ɪ s k t	r ɛ s t t	1	0	0
model_sep	ɑː k j ə p a ɪ	ɑː k j ə p a ɪ d	ɑː k j ə p ə p a ɪ d	ɑː p ɹ̩ e ɪ t	ɑː p ɹ̩ e ɪ t ə d	ɑː k j ə p a ɪ ə d	1	0	0
model_sep	s k r ɪ b ə l	s k r ɪ b ə l d	s k r ɪ b ə l d	s ɛ p ɹ̩ e ɪ t	s ɛ p ɹ̩ e ɪ t ə d	s k r ɪ b ə l ə d	1	0	0
model_sep	b l æ s t	b l æ s t ə d	b l æ s t ə d	b r æ n t͡ʃ	b r æ n t͡ʃ t	b l æ s t t	1	0	0
model_sep	h æ m ɹ̩	h æ m ɹ̩ d	h æ m ɹ̩ d	h ʌ v ɹ̩	h ʌ v ɹ̩ d	h æ m ɹ̩ d	1	1	1
model_sep	d r ɪ l	d r ɪ l d	d r ɪ l d	d o ʊ l	d o ʊ l d	d r ɪ l d	1	1	1
model_sep	p r æ k t ɪ s	p r æ k t ɪ s t	p r æ k t ɪ s t	p ɛ r ə ʃ uː t	p ɛ r ə ʃ uː t ə d	p r æ k t ɪ s ə d	1	0	0
model_sep	t a ɪ p	t a ɪ p t	t a ɪ p t	t r ɪ p	t r ɪ p t	t a ɪ p t	1	1	1
model_sep	æ d	æ d ə d	æ d	æ k t	æ k t ə d	æ d ə d	1	0	1
model_sep	b o ʊ l	b o ʊ l d	b o ʊ l d	b ɔ ɪ l	b ɔ ɪ l d	b o ʊ l d	1	1	1
model_sep	t o ʊ t	t o ʊ t ə d	t o ʊ t ə d	t ɛ s t	t ɛ s t ə d	t o ʊ t ə d	1	1	1
model_sep	s w ɪ ʃ	s w ɪ ʃ t	s w ɪ ʃ t	s m æ ʃ	s m æ ʃ t	s w ɪ ʃ t	1	1	1
model_sep	b l e ɪ m	b l e ɪ m d	b l e ɪ m d	b ɪ k ʌ m	b ɪ k e ɪ m	NA	1	0	0
model_sep	ɪ k s a ɪ t	ɪ k s a ɪ t ə d	ɪ k s a ɪ t ə d	ɪ k s ɛ p t	ɪ k s ɛ p t ə d	ɪ k s a ɪ t ə d	1	1	1
model_sep	t͡ʃ a ɪ m	t͡ʃ a ɪ m d	t͡ʃ a ɪ m d	t͡ʃ e ɪ n	t͡ʃ e ɪ n d	t͡ʃ a ɪ m d	1	1	1
model_sep	t͡ʃ iː r	t͡ʃ iː r d	t͡ʃ iː r d	t͡ʃ ɪ l	t͡ʃ ɪ l d	t͡ʃ iː r d	1	1	1
model_sep	f r e ɪ m	f r e ɪ m d	f r e ɪ m d	f r a ʊ n	f r a ʊ n d	f r e ɪ m d	1	1	1
model_sep	d æ m	d æ m d	d æ m d	d iː l	d ɛ l t	NA	1	0	0
model_sep	t͡ʃ iː t	t͡ʃ iː t ə d	t͡ʃ iː t	t͡ʃ uː z	t͡ʃ o ʊ z	NA	1	0	0
model_sep	l iː n	l iː n d	l iː n d	l ɹ̩ n	l ɹ̩ n d	l iː n d	1	1	1
model_sep	s k r iː m	s k r iː m d	s k r iː m d	s k r iː n	s k r iː n d	s k r iː m d	1	1	1
model_sep	ɪ ɡ n ɔ r	ɪ ɡ n ɔ r d	ɪ ɡ n ɔ r d	ɪ ɡ z ɹ̩ t	ɪ ɡ z ɹ̩ t ə d	ɪ ɡ n ɔ r ə d	1	0	0
model_sep	s k uː p	s k uː p t	s k uː p t	s w uː p	s w uː p t	s k uː p t	1	1	1
model_sep	θ ʌ m p	θ ʌ m p t	θ ʌ m p t	θ r ɛ d	θ r ɛ d ə d	θ ʌ m p ə d	1	0	0
model_sep	s t iː r	s t iː r d	s t iː r d	s m iː r	s m iː r d	s t iː r d	1	1	1
model_sep	s p ɪ n	s p ʌ n	s p ɪ n d	s a ɪ n	s a ɪ n d	s p ɪ n d	0	1	0
model_sep	h ʌ f	h ʌ f t	h ʌ f t	h ɔ l	h ɔ l d	h ʌ f d	1	0	0
model_sep	t ɛ n d	t ɛ n d ə d	t ɛ n d ə d	t ɛ s t	t ɛ s t ə d	t ɛ n d ə d	1	1	1
model_sep	s p e ɪ s	s p e ɪ s t	s p e ɪ s t	s p a ɪ s	s p a ɪ s t	s p e ɪ s t	1	1	1
model_sep	s t r e ɪ t ə n	s t r e ɪ t ə n d	s t r e ɪ t ə n d	s uː p ɹ̩ v a ɪ z	s uː p ɹ̩ v a ɪ z d	s t r e ɪ t ə n d	1	1	1
model_sep	p iː t ɹ̩	p iː t ɹ̩ d	p iː t ɹ̩ d	p ɛ p ɹ̩	p ɛ p ɹ̩ d	p iː t ɹ̩ d	1	1	1
model_sep	m a ɪ n	m a ɪ n d	m a ɪ n d	m e ɪ l	m e ɪ l d	m a ɪ n d	1	1	1
model_sep	h iː l	h iː l d	h iː l d	h ɔ l	h ɔ l d	h iː l d	1	1	1
model_sep	ə t r æ k t	ə t r æ k t ə d	ə t r æ k t ə d	ə p r o ʊ t͡ʃ	ə p r o ʊ t͡ʃ t	ə t r æ k t t	1	0	0
model_sep	s k w ɛ r	s k w ɛ r d	s k w ɛ r d	s k w iː z	s k w iː z d	s k w ɛ r d	1	1	1
model_sep	f l ʌ f	f l ʌ f t	f l ʌ f t	f ɛ n s	f ɛ n s t	f l ʌ f t	1	1	1
model_sep	t o ʊ n	t o ʊ n d	t o ʊ n d	t ɛ s t	t ɛ s t ə d	t o ʊ n ə d	1	0	0
model_sep	d͡ʒ ɪ m iː	d͡ʒ ɪ m iː d	d͡ʒ ɪ m iː d	d͡ʒ ɛ l iː	d͡ʒ ɛ l iː d	d͡ʒ ɪ m iː d	1	1	1
model_sep	s m a ɪ l	s m a ɪ l d	s m a ɪ l d	s m ɑː r t	s m ɑː r t ə d	s m a ɪ l ə d	1	0	0
model_sep	ə n w a ɪ n d	ə n w a ʊ n d	ə n w a ɪ n d ə d	ə n f o ʊ l d	ə n f o ʊ l d ə d	ə n w a ɪ n d ə d	0	1	0
model_sep	d ɪ k l ɛ r	d ɪ k l ɛ r d	d ɪ k l ɛ r d	d ɪ p ɑː r t	d ɪ p ɑː r t ə d	d ɪ k l ɛ r ə d	1	0	0
model_sep	k ə n d ʌ k t	k ə n d ʌ k t ə d	k ə n d ʌ k t ə d	k ə n s ʌ l t	k ə n s ʌ l t ə d	k ə n d ʌ k t ə d	1	1	1
model_sep	s t r e ɪ n	s t r e ɪ n d	s t r e ɪ n d	s k r e ɪ p	s k r e ɪ p t	s t r e ɪ n t	1	0	0
model_sep	k ə l æ p s	k ə l æ p s t	k ə l æ p s t	k ə m æ n d	k ə m æ n d ə d	k ə l æ p s ə d	1	0	0
model_sep	p ɑː r t ɪ s ə p e ɪ t	p ɑː r t ɪ s ə p e ɪ t ə d	p ɑː r t ɪ s t ɪ t ə d	p r ə t ɛ k t	p r ə t ɛ k t ə d	p ɑː r t ɪ s ə p e ɪ t ə d	1	0	1
model_sep	t r æ n z l e ɪ t	t r æ n z l e ɪ t ə d	t r æ n z ɑː a ɪ t ə d	t ɛ l ə f o ʊ n	t ɛ l ə f o ʊ n d	t r æ n z l e ɪ t d	1	0	0
model_sep	d ɪ s k ʌ s	d ɪ s k ʌ s t	d ɪ s k ʌ s t	d ɪ z ɑː l v	d ɪ z ɑː l v d	d ɪ s k ʌ s d	1	0	0
model_sep	f ɹ̩ ɡ ɪ v	f ɹ̩ ɡ e ɪ v	f ɹ̩ ɡ j v d	f ɪ ɡ j ɹ̩	f ɪ ɡ j ɹ̩ d	f ɹ̩ ɡ ɪ v d	0	0	0
model_sep	ə r a ɪ z	ə r o ʊ z	ə r a ɪ z d	ə k j uː z	ə k j uː z d	ə r a ɪ z d	0	1	0
model_sep	f r a ɪ t ə n	f r a ɪ t ə n d	f r a ɪ t ə n d	f l a ʊ n d ɹ̩	f l a ʊ n d ɹ̩ d	f r a ɪ t ə n d	1	1	1
model_sep	ɔ ɪ l	ɔ ɪ l d	ɔ ɪ l d	ɔ f ɹ̩	ɔ f ɹ̩ d	ɔ ɪ l d	1	1	1
model_sep	ə n l o ʊ d	ə n l o ʊ d ə d	ə n l o ʊ d ə d	ə b z ɔ r b	ə b z ɔ r b d	ə n l o ʊ d d	1	0	0
model_sep	ɡ r ʌ m b ə l	ɡ r ʌ m b ə l d	ɡ r ʌ m b ə l d	ɡ r æ p ə l	ɡ r æ p ə l d	ɡ r ʌ m b ə l d	1	1	1
model_sep	r ɛ k	r ɛ k t	r ɛ k t	r æ p	r æ p t	r ɛ k t	1	1	1
model_sep	s p ɑː t	s p ɑː t ə d	s p ɑː t	s ɔ l t	s ɔ l t ə d	s p ɑː t ə d	1	0	1
model_sep	b ʌ t ɹ̩	b ʌ t ɹ̩ d	b ʌ t ɹ̩ d	b ɛ t ɹ̩	b ɛ t ɹ̩ d	b ʌ t ɹ̩ d	1	1	1
model_sep	s t iː p	s t iː p t	s t iː p t	s l iː p	s l ɛ p t	s t ɛ p t	1	0	0
model_sep	h ʌ s ə l	h ʌ s ə l d	h ʌ s ə l d	h æ p ə n	h æ p ə n d	h ʌ s ə l d	1	1	1
model_sep	k ə n t ɪ n j uː	k ə n t ɪ n j uː d	k ə n t ɪ n t ɪ d	k ɑː n t r æ k t	k ɑː n t r æ k t ə d	k ə n t ɪ n j uː ə d	1	0	0
model_sep	r ɛ n t	r ɛ n t ə d	r ɛ n t ə d	r ɪ s k	r ɪ s k t	r ɛ n t t	1	0	0
model_sep	k r ʌ n t͡ʃ	k r ʌ n t͡ʃ t	k r ʌ n t͡ʃ t	k l ɪ n t͡ʃ	k l ɪ n t͡ʃ t	k r ʌ n t͡ʃ t	1	1	1
model_sep	r ɛ s k j uː	r ɛ s k j uː d	r ɛ s k j uː d	r ɪ ŋ k ə l	r ɪ ŋ k ə l d	r ɛ s k j uː d	1	1	1
model_sep	t ɑː p	t ɑː p t	t ɑː p t	t æ p	t æ p t	t ɑː p t	1	1	1
model_sep	b l iː d	b l ɛ d	b l iː d ə d	b l ʌ d	b l ʌ d ə d	b l iː d ə d	0	1	0
model_sep	p r ɪ k	p r ɪ k t	p r ɪ k t	p ɑː r k	p ɑː r k t	p r ɪ k t	1	1	1
model_sep	o ʊ ɡ ə l	o ʊ ɡ ə l d	o ʊ ɡ ə l d	o ʊ b e ɪ	o ʊ b e ɪ d	o ʊ ɡ ə l d	1	1	1
model_sep	s ɔ ɪ l	s ɔ ɪ l d	s ɔ ɪ l d	s e ɪ l	s e ɪ l d	s ɔ ɪ l d	1	1	1
model_sep	ɡ ɑː l f	ɡ ɑː l f t	ɡ ɑː l f t	ɡ æ s p	ɡ æ s p t	ɡ ɑː l f t	1	1	1
model_sep	b ʌ s t	b ʌ s t ə d	b ʌ s t ə d	b ɛ l t	b ɛ l t ə d	b ʌ s t ə d	1	1	1
model_sep	r iː s a ɪ k ə l	r iː s a ɪ k ə l d	r iː s a ɪ k ə l d	r iː ɪ n f ɔ r s	r iː ɪ n f ɔ r s t	r iː s a ɪ k ə l t	1	0	0
model_sep	s t uː	s t uː d	s t uː d	s ɪ ŋ	s æ ŋ	NA	1	0	0
model_sep	b æ t	b æ t ə d	b æ t	b ɛ t	b ɛ t	b æ t	1	1	0
model_sep	s ʌ f ɹ̩	s ʌ f ɹ̩ d	s ʌ f ɹ̩ d	s ɪ m ɹ̩	s ɪ m ɹ̩ d	s ʌ f ɹ̩ d	1	1	1
model_sep	v ɪ ʒ w ə l a ɪ z	v ɪ ʒ w ə l a ɪ z d	v ɪ l ə l ə d	v æ n ɪ ʃ	v æ n ɪ ʃ t	v ɪ ʒ w ə l a ɪ z t	1	0	0
model_sep	k æ p	k æ p t	k æ p t	k iː p	k ɛ p t	NA	1	0	0
model_sep	t ʌ m b ə l	t ʌ m b ə l d	t ʌ m b ə l d	t r ʌ b ə l	t r ʌ b ə l d	t ʌ m b ə l d	1	1	1
model_sep	d ɪ s k r a ɪ b	d ɪ s k r a ɪ b d	d ɪ s k r a ɪ b d	d ɪ s t r ʌ k t	d ɪ s t r ʌ k t ə d	d ɪ s k r a ɪ b ə d	1	0	0
model_sep	h ɛ z ə t e ɪ t	h ɛ z ə t e ɪ t ə d	h t ɛ z t e ɪ t ə d	h ɑː r d ə n	h ɑː r d ə n d	h ɛ z ə t e ɪ t d	1	0	0
model_sep	m ɑː r	m ɑː r d	m ɑː r d	m ɛ s	m ɛ s t	m ɑː r t	1	0	0
model_sep	p r ə n a ʊ n s	p r ə n a ʊ n s t	p r ə n a ʊ n a d	p r o ʊ ɡ r æ m	p r o ʊ ɡ r æ m d	p r ə n a ʊ n s d	1	0	0
model_sep	f ɪ k s e ɪ t	f ɪ k s e ɪ t ə d	f ɪ k s e ɪ t ə d	f l a ʊ n d ɹ̩	f l a ʊ n d ɹ̩ d	f ɪ k s e ɪ t d	1	0	0
model_sep	b ɑː s	b ɑː s t	b ɑː s t	b ʌ s	b ʌ s t	b ɑː s t	1	1	1
model_sep	d ɪ s t ɹ̩ b	d ɪ s t ɹ̩ b d	d ɪ s t ɹ̩ b d	d ɪ s m ɪ s	d ɪ s m ɪ s t	d ɪ s t ɹ̩ b t	1	0	0
model_sep	s n æ k	s n æ k t	s n æ k t	s t æ k	s t æ k t	s n æ k t	1	1	1
model_sep	d ʌ s t	d ʌ s t ə d	d ʌ s t ə d	d ɑː r t	d ɑː r t ə d	d ʌ s t ə d	1	1	1
model_sep	m o ʊ n	m o ʊ n d	m o ʊ n d	m ɪ n s	m ɪ n s t	m o ʊ n t	1	0	0
model_sep	p iː l	p iː l d	p iː l d	p uː l	p uː l d	p iː l d	1	1	1
model_sep	f l ɑː p	f l ɑː p t	f l ɑː p t	f l ɪ p	f l ɪ p t	f l ɑː p t	1	1	1
model_sep	f l æ ʃ	f l æ ʃ t	f l æ ʃ t	f l æ p	f l æ p t	f l æ ʃ t	1	1	1
model_sep	p e ɪ s t	p e ɪ s t ə d	p e ɪ s t ə d	p e ɪ n t	p e ɪ n t ə d	p e ɪ s t ə d	1	1	1
model_sep	ɡ ɑː r b ə l	ɡ ɑː r b ə l d	ɡ ɑː r b ə l d	ɡ r æ p ə l	ɡ r æ p ə l d	ɡ ɑː r b ə l d	1	1	1
model_sep	ɪ n t ɛ n d	ɪ n t ɛ n d ə d	ɪ n t ɛ n t ə d	ɪ n s ɪ s t	ɪ n s ɪ s t ə d	ɪ n t ɛ n d ə d	1	0	1
model_sep	r o ʊ t e ɪ t	r o ʊ t e ɪ t ə d	r o ʊ t e ɪ t ə d	r e ɪ d iː o ʊ	r e ɪ d iː o ʊ d	r o ʊ t e ɪ t d	1	0	0
model_sep	s ɑː l v	s ɑː l v d	s ɑː l v d	s w ɹ̩ v	s w ɹ̩ v d	s ɑː l v d	1	1	1
model_sep	r ɪ s p ɑː n d	r ɪ s p ɑː n d ə d	r ɪ s p ɑː n d ə d	r ɪ s p ɛ k t	r ɪ s p ɛ k t ə d	r ɪ s p ɑː n d ə d	1	1	1
model_sep	p r a ɪ s	p r a ɪ s t	p r a ɪ s t	p l ʌ n d͡ʒ	p l ʌ n d͡ʒ d	p r a ɪ s d	1	0	0
model_sep	h ɑː r p	h ɑː r p t	h ɑː r p t	h ɛ l p	h ɛ l p t	h ɑː r p t	1	1	1
model_sep	ɪ ɡ z ɔ s t	ɪ ɡ z ɔ s t ə d	ɪ ɡ z ɔ s t ə d	ɪ ɡ z ɪ s t	ɪ ɡ z ɪ s t ə d	ɪ ɡ z ɔ s t ə d	1	1	1
model_sep	t ɛ r ə f a ɪ	t ɛ r ə f a ɪ d	t ɛ r ə f a ɪ d	t ɔ r m ɛ n t	t ɔ r m ɛ n t ə d	t ɛ r ə f a ɪ ə d	1	0	0
model_sep	s a ʊ	s a ʊ d	s a ʊ d	s o ʊ	s o ʊ d	s a ʊ d	1	1	1
model_sep	e ɪ d	e ɪ d ə d	e ɪ d ə d	e ɪ d͡ʒ	e ɪ d͡ʒ d	e ɪ d d	1	0	0
model_sep	ə n p æ k	ə n p æ k t	ə n p æ k t	ə n l ɑː k	ə n l ɑː k t	ə n p æ k t	1	1	1
model_sep	p r ɪ v ɛ n t	p r ɪ v ɛ n t ə d	p r ɪ v ɛ n t ə d	p r ə t ɛ k t	p r ə t ɛ k t ə d	p r ɪ v ɛ n t ə d	1	1	1
model_sep	k ə n s ɪ d ɹ̩	k ə n s ɪ d ɹ̩ d	k ə n s ɪ d ɹ̩ d	k ə n s ɪ s t	k ə n s ɪ s t ə d	k ə n s ɪ d ɹ̩ ə d	1	0	0
model_sep	w ɑː d	w ɑː d ə d	w ɑː d ə d	w ɛ d	w ɛ d	w ɑː d	1	0	0
model_sep	t r ʌ s t	t r ʌ s t ə d	t r ʌ s t ə d	t w ɪ s t	t w ɪ s t ə d	t r ʌ s t ə d	1	1	1
model_sep	m ɑː d ə l	m ɑː d ə l d	m ɑː d ə l d	m æ n ə d͡ʒ	m æ n ə d͡ʒ d	m ɑː d ə l d	1	1	1
model_sep	s t e ɪ p ə l	s t e ɪ p ə l d	s t e ɪ p ə l d	s t e ɪ ʃ ə n	s t e ɪ ʃ ə n d	s t e ɪ p ə l d	1	1	1
model_sep	p r ə v a ɪ d	p r ə v a ɪ d ə d	p r ə v a ɪ d ə d	p r iː z ɛ n t	p r iː z ɛ n t ə d	p r ə v a ɪ d ə d	1	1	1
model_sep	t r ɛ m b ə l	t r ɛ m b ə l d	t r ɛ m b ə l d	t ɔ r m ɛ n t	t ɔ r m ɛ n t ə d	t r ɛ m b ə l ə d	1	0	0
model_sep	p l a ʊ	p l a ʊ d	p l a ʊ d	p a ɪ n	p a ɪ n d	p l a ʊ d	1	1	1
model_sep	w æ ɡ	w æ ɡ d	w æ ɡ d	w ɑː ʃ	w ɑː ʃ t	w æ ɡ t	1	0	0
model_sep	b l iː t͡ʃ	b l iː t͡ʃ t	b l iː t͡ʃ t	b ʌ n t͡ʃ	b ʌ n t͡ʃ t	b l iː t͡ʃ t	1	1	1
model_sep	t æ t ə l	t æ t ə l d	t æ t ə l d	t æ k ə l	t æ k ə l d	t æ t ə l d	1	1	1
model_sep	s k ɹ̩ t	s k ɹ̩ t ə d	s k ɹ̩ t	s ɔ r t	s ɔ r t ə d	s k ɹ̩ t ə d	1	0	1
model_sep	ɛ r	ɛ r d	ɛ r d	ɛ d͡ʒ	ɛ d͡ʒ d	ɛ r d	1	1	1
model_sep	ɛ k s ɹ̩ s a ɪ z	ɛ k s ɹ̩ s a ɪ z d	ɛ k s ɹ̩ s a ɪ z d	ɛ n t ɹ̩ t e ɪ n	ɛ n t ɹ̩ t e ɪ n d	ɛ k s ɹ̩ s a ɪ z d	1	1	1
model_sep	f ʌ d͡ʒ	f ʌ d͡ʒ d	f ʌ d͡ʒ d	f ɔ l	f ɛ l	NA	1	0	0
model_sep	ɡ ʌ n	ɡ ʌ n d	ɡ ʌ n d	ɡ ʌ m	ɡ ʌ m d	ɡ ʌ n d	1	1	1
model_sep	s p ɔ r t	s p ɔ r t ə d	s p ɔ r t	s p l ɪ t	s p l ɪ t	s p ɔ r t	1	1	0
model_sep	r ɪ l iː v	r ɪ l iː v d	r ɪ l iː v d	r iː m uː v	r iː m uː v d	r ɪ l iː v d	1	1	1
model_sep	ʃ o ʊ l d ɹ̩	ʃ o ʊ l d ɹ̩ d	ʃ o ʊ l d ɹ̩ d	ʃ ɑː r p ə n	ʃ ɑː r p ə n d	ʃ o ʊ l d ɹ̩ d	1	1	1
model_sep	f ɔ r k	f ɔ r k t	f ɔ r k t	f r iː k	f r iː k t	f ɔ r k t	1	1	1
model_sep	t w iː k	t w iː k t	t w iː k t	t r ʌ k	t r ʌ k t	t w iː k t	1	1	1
model_sep	d æ ʃ	d æ ʃ t	d æ ʃ t	d ɪ ʃ	d ɪ ʃ t	d æ ʃ t	1	1	1
model_sep	ɪ k s k l e ɪ m	ɪ k s k l e ɪ m d	ɪ k s k l e ɪ m d	ɪ k s p l e ɪ n	ɪ k s p l e ɪ n d	ɪ k s k l e ɪ m d	1	1	1
model_sep	s ə s p ɛ k t	s ə s p ɛ k t ə d	s ə s p ɛ k t ə d	s ɹ̩ p r a ɪ z	s ɹ̩ p r a ɪ z d	s ə s p ɛ k t d	1	0	0
model_sep	t r æ n s f ɔ r m	t r æ n s f ɔ r m d	t r æ n s f ɔ r s t	t ɛ l ə f o ʊ n	t ɛ l ə f o ʊ n d	t r æ n s f ɔ r m d	1	0	1
model_sep	θ r ɛ t ə n	θ r ɛ t ə n d	θ r ɛ t ə n d	θ r ʌ s t	θ r ʌ s t	θ r ɛ t ə n	1	0	0
model_sep	m e ɪ t	m e ɪ t ə d	m e ɪ t ə d	m j uː t	m j uː t ə d	m e ɪ t ə d	1	1	1
model_sep	ɪ m p r uː v	ɪ m p r uː v d	ɪ m p r uː v d	ɪ n ɪ ʃ ə l	ɪ n ɪ ʃ ə l d	ɪ m p r uː v d	1	1	1
model_sep	t ɑː l ɹ̩ e ɪ t	t ɑː l ɹ̩ e ɪ t ə d	t ɑː l ɹ̩ e ɪ t ə d	t w ɪ ŋ k ə l	t w ɪ ŋ k ə l d	t ɑː l ɹ̩ e ɪ t d	1	0	0
model_sep	h ɔ n t	h ɔ n t ə d	h ɔ n t ə d	h ʌ n t	h ʌ n t ə d	h ɔ n t ə d	1	1	1
model_sep	t æ k	t æ k t	t æ k t	t ɪ k	t ɪ k t	t æ k t	1	1	1
model_sep	ɪ n d͡ʒ ɹ̩	ɪ n d͡ʒ ɹ̩ d	ɪ n d͡ʒ ɹ̩ d	ɪ v ɑː l v	ɪ v ɑː l v d	ɪ n d͡ʒ ɹ̩ d	1	1	1
model_sep	p r ɪ d ɪ k t	p r ɪ d ɪ k t ə d	p r ɪ d ɪ k t ə d	p r ə t ɛ k t	p r ə t ɛ k t ə d	p r ɪ d ɪ k t ə d	1	1	1
model_sep	d ɪ z a ɪ n	d ɪ z a ɪ n d	d ɪ z a ɪ n d	d ɪ f a ɪ n	d ɪ f a ɪ n d	d ɪ z a ɪ n d	1	1	1
model_sep	b ʌ n d ə l	b ʌ n d ə l d	b ʌ n d ə l d	b l ɑː s ə m	b l ɑː s ə m d	b ʌ n d ə l d	1	1	1
model_sep	r ɪ s ɛ s	r ɪ s ɛ s t	r ɪ s ɛ s t	r ɪ p ɛ l	r ɪ p ɛ l d	r ɪ s ɛ s d	1	0	0
model_sep	b l a ɪ n d	b l a ɪ n d ə d	b l a ɪ n d ə d	b l ɑː s ə m	b l ɑː s ə m d	b l a ɪ n d d	1	0	0
model_sep	d r ʌ ɡ	d r ʌ ɡ d	d r ʌ ɡ d	d r æ ɡ	d r æ ɡ d	d r ʌ ɡ d	1	1	1
model_sep	f l e ɪ v ɹ̩	f l e ɪ v ɹ̩ d	f l e ɪ v ɹ̩ d	f ʊ l f ɪ l	f ʊ l f ɪ l d	f l e ɪ v ɹ̩ d	1	1	1
model_sep	r ɪ p ɛ r	r ɪ p ɛ r d	r ɪ p ɛ r d	r ɪ d uː s	r ɪ d uː s t	r ɪ p ɛ r t	1	0	0
model_sep	k ɹ̩ s	k ɹ̩ s t	k ɹ̩ s t	k ɪ s	k ɪ s t	k ɹ̩ s t	1	1	1
model_sep	ɪ n t͡ʃ	ɪ n t͡ʃ t	ɪ n t͡ʃ t	ɪ v ɑː l v	ɪ v ɑː l v d	ɪ n t͡ʃ d	1	0	0
model_sep	t r æ n z m ɪ t	t r æ n z m ɪ t ə d	t r æ n z m d	t ɛ l ə f o ʊ n	t ɛ l ə f o ʊ n d	t r æ n z m ɪ t d	1	0	0
model_sep	ʃ æ m p uː	ʃ æ m p uː d	ʃ æ m p uː d	ʃ ʌ f ə l	ʃ ʌ f ə l d	ʃ æ m p uː d	1	1	1
model_sep	ɪ n k r iː s	ɪ n k r iː s t	ɪ n k r iː s t	ɪ n ɪ ʃ ə l	ɪ n ɪ ʃ ə l d	ɪ n k r iː s d	1	0	0
model_sep	b ʊ t͡ʃ ɹ̩	b ʊ t͡ʃ ɹ̩ d	b ʊ t͡ʃ ɹ̩ d	b ɛ t ɹ̩	b ɛ t ɹ̩ d	b ʊ t͡ʃ ɹ̩ d	1	1	1
model_sep	d o ʊ n e ɪ t	d o ʊ n e ɪ t ə d	d o ʊ n e ɪ t ə d	d ɪ s t r ɔ ɪ	d ɪ s t r ɔ ɪ d	d o ʊ n e ɪ t d	1	0	0
model_sep	t͡ʃ æ l ə n d͡ʒ	t͡ʃ æ l ə n d͡ʒ d	t͡ʃ æ l ə n d͡ʒ d	t͡ʃ ɪ k ə n	t͡ʃ ɪ k ə n d	t͡ʃ æ l ə n d͡ʒ d	1	1	1
model_sep	ɛ ɡ z ɪ t	ɛ ɡ z ɪ t ə d	ɛ ɡ z ɪ t ə d	ɛ n ʃ ʊ r	ɛ n ʃ ʊ r d	ɛ ɡ z ɪ t d	1	0	0
model_sep	b ʊ k	b ʊ k t	b o ʊ k	b ʌ k	b ʌ k t	b ʊ k t	1	0	1
model_sep	m j uː z	m j uː z d	m j uː z d	m ɛ ʒ ɹ̩	m ɛ ʒ ɹ̩ d	m j uː z d	1	1	1
model_sep	p ɔ ɪ z ə n	p ɔ ɪ z ə n d	p ɔ ɪ z ə n d	p r ɪ z uː m	p r ɪ z uː m d	p ɔ ɪ z ə n d	1	1	1
model_sep	ɪ n f l uː ə n s	ɪ n f l uː ə n s t	ɪ n f l ə n d	ɪ n d ə k e ɪ t	ɪ n d ə k e ɪ t ə d	ɪ n f l uː ə n s ə d	1	0	0
model_sep	s t r æ ŋ ɡ ə l	s t r æ ŋ ɡ ə l d	s t r æ ŋ ɡ ə l d	s p r ɪ ŋ k ə l	s p r ɪ ŋ k ə l d	s t r æ ŋ ɡ ə l d	1	1	1
model_sep	ɪ ʃ uː	ɪ ʃ uː d	ɪ ʃ uː d	ɪ n s ɪ s t	ɪ n s ɪ s t ə d	ɪ ʃ uː ə d	1	0	0
model_sep	ɪ m p r ɛ s	ɪ m p r ɛ s t	ɪ m p r ɛ s t	ɪ n ɪ ʃ ə l	ɪ n ɪ ʃ ə l d	ɪ m p r ɛ s d	1	0	0
model_sep	p r ə d uː s	p r ə d uː s t	p r ə d uː s t	p r ə s iː d	p r ə s iː d ə d	p r ə d uː s ə d	1	0	0
model_sep	n æ ɡ	n æ ɡ d	n æ ɡ d	n æ b	n æ b d	n æ ɡ d	1	1	1
model_sep	o ʊ v ɹ̩ k ʊ k	o ʊ v ɹ̩ k ʊ k t	o ʊ v ɹ̩ k e ɪ k	o ʊ v ɹ̩ k ə m	o ʊ v ɹ̩ k e ɪ m	NA	1	0	0
model_sep	e ɪ m	e ɪ m d	e ɪ m d	e ɪ d͡ʒ	e ɪ d͡ʒ d	e ɪ m d	1	1	1
model_sep	ɪ m ə t e ɪ t	ɪ m ə t e ɪ t ə d	ɪ m ə m e ɪ t ə d	ɪ n t ɹ̩ f ɪ r	ɪ n t ɹ̩ f ɪ r d	ɪ m ə t e ɪ t d	1	0	0
model_sep	t͡ʃ ɹ̩ n	t͡ʃ ɹ̩ n d	t͡ʃ ɹ̩ n d	t͡ʃ ɪ l	t͡ʃ ɪ l d	t͡ʃ ɹ̩ n d	1	1	1
model_sep	k a ʊ n t ɹ̩	k a ʊ n t ɹ̩ d	k a ʊ n t ɹ̩ d	k ə l ɛ k t	k ə l ɛ k t ə d	k a ʊ n t ɹ̩ ə d	1	0	0
model_sep	m ɪ s t r iː t	m ɪ s t r iː t ə d	m ɪ s t r iː t ə d	m ɪ s t e ɪ k	m ɪ s t ʊ k	NA	1	0	0
model_sep	k ə m b a ɪ n	k ə m b a ɪ n d	k ə m b a ɪ n d	k ə m p l iː t	k ə m p l iː t ə d	k ə m b a ɪ n ə d	1	0	0
model_sep	h ɪ n t	h ɪ n t ə d	h ɪ n t ə d	h ʌ n t	h ʌ n t ə d	h ɪ n t ə d	1	1	1
model_sep	ə p r o ʊ p r iː e ɪ t	ə p r o ʊ p r iː e ɪ t ə d	ə p r o ʊ p r iː e ɪ t ə d	ə t ɛ n d	ə t ɛ n d ə d	ə p r o ʊ p r iː e ɪ t ə d	1	1	1
model_sep	p r ɑː d͡ʒ ɛ k t	p r ɑː d͡ʒ ɛ k t ə d	p r ɑː d͡ʒ ɛ k t ə d	p r ə t ɛ k t	p r ə t ɛ k t ə d	p r ɑː d͡ʒ ɛ k t ə d	1	1	1
model_sep	f ɔ r w ɹ̩ d	f ɔ r w ɹ̩ d ə d	f ɔ r w ɹ̩ d ə d	f r ɛ ʃ ə n	f r ɛ ʃ ə n d	f ɔ r w ɹ̩ d d	1	0	0
model_sep	d ɪ s ə ɡ r iː	d ɪ s ə ɡ r iː d	d ɪ s ə ɡ r iː d	d ɪ s ə p iː r	d ɪ s ə p iː r d	d ɪ s ə ɡ r iː d	1	1	1
model_sep	s t ɑː r t ə l	s t ɑː r t ə l d	s t ɑː r t ə l d	s m ɑː r t ə n	s m ɑː r t ə n d	s t ɑː r t ə l d	1	1	1
model_sep	k r æ m	k r æ m d	k r æ m d	k r iː m	k r iː m d	k r æ m d	1	1	1
model_sep	s ɪ ŋ ɡ ə l	s ɪ ŋ ɡ ə l d	s ɪ ŋ ɡ ə l d	s ə p ɔ r t	s ə p ɔ r t ə d	s ɪ ŋ ɡ ə l ə d	1	0	0
model_sep	ɡ l ʌ v	ɡ l ʌ v d	ɡ l ʌ v d	ɡ a ɪ d	ɡ a ɪ d ə d	ɡ l ʌ v ə d	1	0	0
model_sep	r iː s k ɛ d͡ʒ uː l	r iː s k ɛ d͡ʒ uː l d	r iː s k ɛ d͡ʒ ɛ d͡ʒ d	r ɪ z ɛ m b ə l	r ɪ z ɛ m b ə l d	r iː s k ɛ d͡ʒ uː l d	1	0	1
model_sep	s ɹ̩ v a ɪ v	s ɹ̩ v a ɪ v d	s ɹ̩ v a ɪ v d	s ə l ɛ k t	s ə l ɛ k t ə d	s ɹ̩ v a ɪ v ə d	1	0	0
model_sep	s n ɔ r t	s n ɔ r t ə d	s n ɔ r t ə d	s p l ɪ t	s p l ɪ t	s n ɔ r t	1	0	0
model_sep	ə p l ɔ d	ə p l ɔ d ə d	ə p l ɔ d	ə v ɔ ɪ d	ə v ɔ ɪ d ə d	ə p l ɔ d ə d	1	0	1
model_sep	b iː f	b iː f t	b iː f t	b ɔ l	b ɔ l d	b iː f d	1	0	0
model_sep	t r ʌ d͡ʒ	t r ʌ d͡ʒ d	t r ʌ d͡ʒ d	t r ʌ k	t r ʌ k t	t r ʌ d͡ʒ t	1	0	0
model_sep	v e ɪ k e ɪ ʃ ə n	v e ɪ k e ɪ ʃ ə n d	v e ɪ k e ɪ ʃ e ɪ d	v æ k j uː m	v æ k j uː m d	v e ɪ k e ɪ ʃ ə n d	1	0	1
model_sep	s ə p l ə m ɛ n t	s ə p l ə m ɛ n t ə d	s ə m d ɛ m ə n t ə d	s æ k r ə f a ɪ s	s æ k r ə f a ɪ s t	s ə p l ə m ɛ n t t	1	0	0
model_sep	m ʌ m b ə l	m ʌ m b ə l d	m ʌ m b ə l d	m ɑː r b ə l	m ɑː r b ə l d	m ʌ m b ə l d	1	1	1
model_sep	æ l a ɪ	æ l a ɪ d	æ l a ɪ d	æ n s ɹ̩	æ n s ɹ̩ d	æ l a ɪ d	1	1	1
model_sep	f j uː m	f j uː m d	f j uː m d	f ɪ l m	f ɪ l m d	f j uː m d	1	1	1
model_sep	n ɪ k s	n ɪ k s t	n ɪ k s t	n o ʊ z	n o ʊ z d	n ɪ k s d	1	0	0
model_sep	h ɛ d͡ʒ	h ɛ d͡ʒ d	h ɛ d͡ʒ d	h ɔ l	h ɔ l d	h ɛ d͡ʒ d	1	1	1
model_sep	ʃ r iː k	ʃ r iː k t	ʃ r iː k t	ʃ e ɪ k	ʃ ʊ k	NA	1	0	0
model_sep	d ɛ d ə k e ɪ t	d ɛ d ə k e ɪ t ə d	d ɛ d ə k e ɪ t ə d	d ɪ s ə p l ə n	d ɪ s ə p l ə n d	d ɛ d ə k e ɪ t d	1	0	0
model_sep	r ɛ v	r ɛ v d	r ɛ v d	r ʌ ʃ	r ʌ ʃ t	r ɛ v t	1	0	0
model_sep	n iː	n iː d	n iː d	n ɔ	n ɔ d	n iː d	1	1	1
model_sep	r iː ɔ r ɡ ə n a ɪ z	r iː ɔ r ɡ ə n a ɪ z d	r iː ɡ ə n ə n a ɪ z d	r æ ʃ ə n ə l a ɪ z	r æ ʃ ə n ə l a ɪ z d	r iː ɔ r ɡ ə n a ɪ z d	1	0	1
model_sep	a ʊ t f ɑː k s	a ʊ t f ɑː k s t	a ʊ t f ɑː k s t	a ʊ t ɡ r o ʊ	a ʊ t ɡ r uː	NA	1	0	0
model_sep	k ə n s t r ʌ k t	k ə n s t r ʌ k t ə d	k ə n s t r ʌ k t ə d	k ə n t ɛ n t	k ə n t ɛ n t ə d	k ə n s t r ʌ k t ə d	1	1	1
model_sep	f l ɹ̩ iː	f l ɹ̩ iː d	f l ɹ̩ iː d	f iː l d	f iː l d ə d	f l ɹ̩ iː ə d	1	0	0
model_sep	ɪ n k w a ɪ ɹ̩	ɪ n k w a ɪ ɹ̩ d	ɪ n k w a ɪ ɹ̩ d	ɪ ɡ z æ m ɪ n	ɪ ɡ z æ m ɪ n d	ɪ n k w a ɪ ɹ̩ d	1	1	1
model_sep	d͡ʒ e ɪ l	d͡ʒ e ɪ l d	d͡ʒ e ɪ l d	d͡ʒ ʌ ŋ k	d͡ʒ ʌ ŋ k t	d͡ʒ e ɪ l t	1	0	0
model_sep	s w uː ʃ	s w uː ʃ t	s w uː ʃ t	s m æ ʃ	s m æ ʃ t	s w uː ʃ t	1	1	1
model_sep	h ɹ̩ l	h ɹ̩ l d	h ɹ̩ l d	h ɔ l	h ɔ l d	h ɹ̩ l d	1	1	1
model_mean	ɡ ɛ t	ɡ ɑː t	ɡ ɛ t	ɡ ɛ s	ɡ ɛ s t	ɡ ɛ t t	0	0	0
model_mean	p ʊ t	p ʊ t	p ʊ t	p ʊ ʃ	p ʊ ʃ t	p ʊ t t	0	0	0
model_mean	ɡ o ʊ	w ɛ n t	ɡ o ʊ d	ɡ l o ʊ	ɡ l o ʊ d	ɡ o ʊ d	0	1	0
model_mean	iː t	e ɪ t	iː t ə t	iː z	iː z d	iː t d	0	0	0
model_mean	w ɔ n t	w ɔ n t ə d	w ɔ n t ə d	w ɔ r n	w ɔ r n d	w ɔ n t d	1	0	0
model_mean	n ɑː k	n ɑː k t	n ɑː k t	n ɑː d	n ɑː d ə d	n ɑː k ə d	1	0	0
model_mean	l ɪ s ə n	l ɪ s ə n d	l ɪ s ə n d	l ɪ k	l ɪ k t	l ɪ s ə n t	1	0	0
model_mean	p ʌ f	p ʌ f t	p ʌ f t	p ʌ m p	p ʌ m p t	p ʌ f t	1	1	1
model_mean	h o ʊ p	h o ʊ p t	h o ʊ p t	h o ʊ l	h o ʊ l d	h o ʊ p d	1	0	0
model_mean	n iː d	n iː d ə d	n iː d ə d	n iː r	n iː r d	n iː d d	1	0	0
model_mean	k æ t͡ʃ	k ɔ t	k æ t͡ʃ t	k æ ʃ	k æ ʃ t	k æ t͡ʃ t	0	1	0
model_mean	z ɪ p ɹ̩	z ɪ p ɹ̩ d	z ɪ p ɹ̩ d	z ɪ p	z ɪ p t	z ɪ p ɹ̩ t	1	0	0
model_mean	h ɑː p	h ɑː p t	h ɑː p t	h ɑː l ɹ̩	h ɑː l ɹ̩ d	h ɑː p d	1	0	0
model_mean	k æ r iː	k æ r iː d	k æ r iː d	k æ m p	k æ m p t	k æ r iː t	1	0	0
model_mean	r ɪ t ɹ̩ n	r ɪ t ɹ̩ n d	r ɪ t ɹ̩ n d	r ɪ t a ɪ ɹ̩	r ɪ t a ɪ ɹ̩ d	r ɪ t ɹ̩ n d	1	1	1
model_mean	f iː d	f ɛ d	f iː d ə d	f iː l d	f iː l d ə d	f iː d ə d	0	1	0
model_mean	ɡ ɑː b ə l	ɡ ɑː b ə l d	ɡ ɑː b ə l d	ɡ ɑː r d	ɡ ɑː r d ə d	ɡ ɑː b ə l ə d	1	0	0
model_mean	o ʊ p ə n	o ʊ p ə n d	o ʊ p ə n d	o ʊ n	o ʊ n d	o ʊ p ə n d	1	1	1
model_mean	h o ʊ l d	h ɛ l d	h o ʊ l d ə d	h o ʊ l	h o ʊ l d	h o ʊ l d d	0	0	0
model_mean	d ɪ l ɪ v ɹ̩	d ɪ l ɪ v ɹ̩ d	d ɪ l ɪ v ɹ̩ d	d ɪ l e ɪ	d ɪ l e ɪ d	d ɪ l ɪ v ɹ̩ d	1	1	1
model_mean	r ʌ b	r ʌ b d	r ʌ b d	r ʌ ʃ	r ʌ ʃ t	r ʌ b t	1	0	0
model_mean	w ɑː t͡ʃ	w ɑː t͡ʃ t	w ɑː t͡ʃ t	w ɑː ʃ	w ɑː ʃ t	w ɑː t͡ʃ t	1	1	1
model_mean	p l iː z	p l iː z d	p l iː z d	p iː r	p iː r d	p l iː z d	1	1	1
model_mean	w ɔ k	w ɔ k t	w ɔ k t	w ɔ r n	w ɔ r n d	w ɔ k d	1	0	0
model_mean	p æ k	p æ k t	p æ k t	p æ s	p æ s t	p æ k t	1	1	1
model_mean	s a ʊ n d	s a ʊ n d ə d	s a ʊ n d ə d	s a ʊ ɹ̩	s a ʊ ɹ̩ d	s a ʊ n d d	1	0	0
model_mean	ɡ r æ b	ɡ r æ b d	ɡ r æ b d	ɡ r æ n t	ɡ r æ n t ə d	ɡ r æ b ə d	1	0	0
model_mean	m æ n	m æ n d	m æ n d	m æ ʃ	m æ ʃ t	m æ n t	1	0	0
model_mean	f iː l	f ɛ l t	f iː l d	f iː r	f iː r d	f iː l d	0	1	0
model_mean	n e ɪ m	n e ɪ m d	n e ɪ m d	n e ɪ l	n e ɪ l d	n e ɪ m d	1	1	1
model_mean	f l o ʊ	f l o ʊ d	f l o ʊ d	f l o ʊ t	f l o ʊ t ə d	f l o ʊ ə d	1	0	0
model_mean	w ɛ ð ɹ̩	w ɛ ð ɹ̩ d	w ɛ ð ɹ̩ d	w ɛ t	w ɛ t	w ɛ ð ɹ̩	1	0	0
model_mean	l a ɪ	l e ɪ	l a ɪ d	l a ɪ v	l a ɪ v d	l a ɪ d	0	1	0
model_mean	k r æ ʃ	k r æ ʃ t	k r æ ʃ t	k r æ k	k r æ k t	k r æ ʃ t	1	1	1
model_mean	p e ɪ d͡ʒ	p e ɪ d͡ʒ d	p e ɪ d͡ʒ d	p e ɪ n t	p e ɪ n t ə d	p e ɪ d͡ʒ ə d	1	0	0
model_mean	t͡ʃ o ʊ k	t͡ʃ o ʊ k t	t͡ʃ o ʊ k t	t͡ʃ ɛ k	t͡ʃ ɛ k t	t͡ʃ o ʊ k t	1	1	1
model_mean	b l ɛ s	b l ɛ s t	b l ɛ s t	b l ʌ ʃ	b l ʌ ʃ t	b l ɛ s t	1	1	1
model_mean	d ɪ ŋ	d ɪ ŋ d	d ʌ ŋ	d ɪ ɡ	d ʌ ɡ	NA	1	0	0
model_mean	s ɛ l	s o ʊ l d	s ɛ l d	s ɛ t	s ɛ t	s ɛ l	0	0	0
model_mean	b ɪ ɡ ɪ n	b ɪ ɡ æ n	b ɪ ɡ ɪ n d	b ɪ l ɔ ŋ	b ɪ l ɔ ŋ d	b ɪ ɡ ɪ n d	0	1	0
model_mean	d͡ʒ ɔ ɪ n	d͡ʒ ɔ ɪ n d	d͡ʒ ɔ ɪ n d	d͡ʒ ɑː r	d͡ʒ ɑː r d	d͡ʒ ɔ ɪ n d	1	1	1
model_mean	l ɑː k	l ɑː k t	l ɑː k t	l æ k	l æ k t	l ɑː k t	1	1	1
model_mean	b ɪ l iː v	b ɪ l iː v d	b ɪ l iː v d	b ɪ l ɔ ŋ	b ɪ l ɔ ŋ d	b ɪ l iː v d	1	1	1
model_mean	ə n d ɹ̩ s t æ n d	ə n d ɹ̩ s t ʊ d	ə n d ə n d æ n d ə d	ə n d r ɛ s	ə n d r ɛ s t	ə n d ɹ̩ s t æ n d t	0	0	0
model_mean	t r e ɪ n	t r e ɪ n d	t r e ɪ n d	t r e ɪ s	t r e ɪ s t	t r e ɪ n t	1	0	0
model_mean	k r ɔ l	k r ɔ l d	k r ɔ l d	k r ɔ s	k r ɔ s t	k r ɔ l t	1	0	0
model_mean	p æ t	p æ t ə d	p æ t ə d	p æ s	p æ s t	p æ t t	1	0	0
model_mean	ɔ r d ɹ̩	ɔ r d ɹ̩ d	ɔ r d ɹ̩ d	ɔ f ɹ̩	ɔ f ɹ̩ d	ɔ r d ɹ̩ d	1	1	1
model_mean	f l a ɪ	f l uː	f l a ɪ d	f r a ɪ	f r a ɪ d	f l a ɪ d	0	1	0
model_mean	l o ʊ d	l o ʊ d ə d	l o ʊ d ə d	l o ʊ ɹ̩	l o ʊ ɹ̩ d	l o ʊ d d	1	0	0
model_mean	k ə m p l e ɪ n	k ə m p l e ɪ n d	k ə m p l e ɪ n d	k ə m p l iː t	k ə m p l iː t ə d	k ə m p l e ɪ n ə d	1	0	0
model_mean	b l ɛ n d	b l ɛ n d ə d	b l ɛ n d ə d	b l æ ŋ k	b l æ ŋ k t	b l ɛ n d t	1	0	0
model_mean	b l ɑː k	b l ɑː k t	b l ɑː k t	b l æ k	b l æ k t	b l ɑː k t	1	1	1
model_mean	t ɪ p	t ɪ p t	t ɪ p t	t ɪ k	t ɪ k t	t ɪ p t	1	1	1
model_mean	d͡ʒ ɛ t	d͡ʒ ɛ t ə d	d͡ʒ ɛ t	d͡ʒ ɛ l iː	d͡ʒ ɛ l iː d	d͡ʒ ɛ t d	1	0	0
model_mean	b r iː ð	b r iː ð d	b r iː ð d	b ɛ r iː	b ɛ r iː d	b r iː ð d	1	1	1
model_mean	d a ɪ ə l	d a ɪ ə l d	d a ɪ ə l d	d a ɪ n	d a ɪ n d	d a ɪ ə l d	1	1	1
model_mean	m ɛ n ʃ ə n	m ɛ n ʃ ə n d	m ɛ n ʃ ə n d	m ɛ n d	m ɛ n d ə d	m ɛ n ʃ ə n ə d	1	0	0
model_mean	h ʌ ɡ	h ʌ ɡ d	h ʌ ɡ d	h ʌ v ɹ̩	h ʌ v ɹ̩ d	h ʌ ɡ d	1	1	1
model_mean	p a ʊ ɹ̩	p a ʊ ɹ̩ d	p a ʊ ɹ̩ d	p a ʊ t	p a ʊ t ə d	p a ʊ ɹ̩ ə d	1	0	0
model_mean	s ɑː k	s ɑː k t	s ɑː k t	s æ k	s æ k t	s ɑː k t	1	1	1
model_mean	w uː p	w uː p t	w uː p t	w uː	w uː d	w uː p d	1	0	0
model_mean	r iː m a ɪ n d	r iː m a ɪ n d ə d	r iː m a ɪ n d ə d	r iː m uː v	r iː m uː v d	r iː m a ɪ n d d	1	0	0
model_mean	h æ n d ə l	h æ n d ə l d	h æ n d ə l d	h æ n d	h æ n d ə d	h æ n d ə l ə d	1	0	0
model_mean	s n iː z	s n iː z d	s n iː z d	s n iː k	s n iː k t	s n iː z t	1	0	0
model_mean	v ɪ z ɪ t	v ɪ z ɪ t ə d	v ɪ z ɪ t ə d	v ɔ ɪ s	v ɔ ɪ s t	v ɪ z ɪ t t	1	0	0
model_mean	s l a ɪ d	s l ɪ d	s l a ɪ d ə d	s l a ɪ s	s l a ɪ s t	s l a ɪ d t	0	0	0
model_mean	p l æ n	p l æ n d	p l æ n d	p l æ n t	p l æ n t ə d	p l æ n ə d	1	0	0
model_mean	ɛ l b o ʊ	ɛ l b o ʊ d	ɛ l b o ʊ d	l ɛ n d	l ɛ n t	NA	1	0	0
model_mean	b ɑː k s	b ɑː k s t	b ɑː k s t	b ɑː r k	b ɑː r k t	b ɑː k s t	1	1	1
model_mean	ɪ n k l uː d	ɪ n k l uː d ə d	ɪ n k l uː d ə d	ɪ n h e ɪ l	ɪ n h e ɪ l d	ɪ n k l uː d d	1	0	0
model_mean	b ɹ̩ n	b ɹ̩ n d	b ɹ̩ n d	b ɔ l	b ɔ l d	b ɹ̩ n d	1	1	1
model_mean	ʃ e ɪ p	ʃ e ɪ p t	ʃ e ɪ p t	ʃ e ɪ v	ʃ e ɪ v d	ʃ e ɪ p d	1	0	0
model_mean	b o ʊ n	b o ʊ n d	b o ʊ n d	b o ʊ t	b o ʊ t ə d	b o ʊ n ə d	1	0	0
model_mean	f ɪ l	f ɪ l d	f ɪ l d	f ɪ ʃ	f ɪ ʃ t	f ɪ l t	1	0	0
model_mean	m æ s k	m æ s k t	m æ s k t	m æ k s	m æ k s t	m æ s k t	1	1	1
model_mean	s ɛ l ə b r e ɪ t	s ɛ l ə b r e ɪ t ə d	s ɛ l ə b r e ɪ t ə d	l ɛ n d	l ɛ n t	NA	1	0	0
model_mean	k r ʌ m b ə l	k r ʌ m b ə l d	k r ʌ m b ə l d	k r ʌ m p ə l	k r ʌ m p ə l d	k r ʌ m b ə l d	1	1	1
model_mean	r ɑː k	r ɑː k t	r ɑː k t	r ɑː b	r ɑː b d	r ɑː k d	1	0	0
model_mean	ɡ ɛ r ə n t iː	ɡ ɛ r ə n t iː d	ɡ ɛ r ə n t ə d	ɡ r æ n t	ɡ r æ n t ə d	ɡ ɛ r ə n t iː ə d	1	0	0
model_mean	k ə n ɛ k t	k ə n ɛ k t ə d	k ə n ɛ k t ə d	k ə n t ɛ n t	k ə n t ɛ n t ə d	k ə n ɛ k t ə d	1	1	1
model_mean	t ɔ s	t ɔ s t	t ɔ s t	t ɔ k	t ɔ k t	t ɔ s t	1	1	1
model_mean	iː v ɪ n	iː v ɪ n d	iː v ɪ n d	iː z	iː z d	iː v ɪ n d	1	1	1
model_mean	b a ʊ n s	b a ʊ n s t	b a ʊ n s t	b a ɪ t	b ɪ t	NA	1	0	0
model_mean	ɹ̩ n	ɹ̩ n d	ɹ̩ n d	h ɹ̩ iː	h ɹ̩ iː d	ɹ̩ n d	1	1	1
model_mean	k l a ʊ d	k l a ʊ d ə d	k l a ʊ d ə d	k l a ɪ m	k l a ɪ m d	k l a ʊ d d	1	0	0
model_mean	k ʌ p ə l	k ʌ p ə l d	k ʌ p ə l d	k ʌ d ə l	k ʌ d ə l d	k ʌ p ə l d	1	1	1
model_mean	f l ʌ ʃ	f l ʌ ʃ t	f l ʌ ʃ t	f l æ p	f l æ p t	f l ʌ ʃ t	1	1	1
model_mean	h ɑː r n ə s	h ɑː r n ə s t	h ɑː r n ə s t	h ɑː r d ə n	h ɑː r d ə n d	h ɑː r n ə s d	1	0	0
model_mean	b r a ʊ n	b r a ʊ n d	b r a ʊ n d	b r a ʊ z	b r a ʊ z d	b r a ʊ n d	1	1	1
model_mean	s t ɪ ŋ k	s t ʌ ŋ k	s t ʌ ŋ k t	s t ɪ ŋ	s t ʌ ŋ	NA	0	0	0
model_mean	r iː f r ɛ ʃ	r iː f r ɛ ʃ t	r iː f r ɛ ʃ t	r iː f ɪ l	r iː f ɪ l d	r iː f r ɛ ʃ d	1	0	0
model_mean	p r ə f ɹ̩	p r ə f ɹ̩ d	p r ə f ɹ̩ d	p r ɛ s	p r ɛ s t	p r ə f ɹ̩ t	1	0	0
model_mean	s t iː l	s t o ʊ l	s t iː l d	s t iː m	s t iː m d	s t iː l d	0	1	0
model_mean	b æ n d	b æ n d ə d	b æ n d ə d	b æ ɡ	b æ ɡ d	b æ n d d	1	0	0
model_mean	r ɪ d	r ɪ d	r ɪ d	r iː d	r ɛ d	NA	0	0	0
model_mean	k o ʊ ɑː p ɹ̩ e ɪ t	k o ʊ ɑː p ɹ̩ e ɪ t ə d	k o ʊ ɑː p ɹ̩ e ɪ t ə d	k o ʊ ɪ n s a ɪ d	k o ʊ ɪ n s a ɪ d ə d	k o ʊ ɑː p ɹ̩ e ɪ t ə d	1	1	1
model_mean	b ɑː ð ɹ̩	b ɑː ð ɹ̩ d	b ɑː ð ɹ̩ d	b ɑː r	b ɑː r d	b ɑː ð ɹ̩ d	1	1	1
model_mean	r ɛ s t	r ɛ s t ə d	r ɛ s t ə d	r ɛ n t͡ʃ	r ɛ n t͡ʃ t	r ɛ s t t	1	0	0
model_mean	ɑː k j ə p a ɪ	ɑː k j ə p a ɪ d	ɑː k j ə p ə p a ɪ d	k ɑː r v	k ɑː r v d	ɑː k j ə p a ɪ d	1	0	1
model_mean	s k r ɪ b ə l	s k r ɪ b ə l d	s k r ɪ b ə l d	s k r e ɪ p	s k r e ɪ p t	s k r ɪ b ə l t	1	0	0
model_mean	b l æ s t	b l æ s t ə d	b l æ s t ə d	b l æ ŋ k	b l æ ŋ k t	b l æ s t t	1	0	0
model_mean	h æ m ɹ̩	h æ m ɹ̩ d	h æ m ɹ̩ d	h æ n d	h æ n d ə d	h æ m ɹ̩ ə d	1	0	0
model_mean	d r ɪ l	d r ɪ l d	d r ɪ l d	d r ɪ p	d r ɪ p t	d r ɪ l t	1	0	0
model_mean	p r æ k t ɪ s	p r æ k t ɪ s t	p r æ k t ɪ s t	p r ə s iː d	p r ə s iː d ə d	p r æ k t ɪ s ə d	1	0	0
model_mean	t a ɪ p	t a ɪ p t	t a ɪ p t	t a ɪ m	t a ɪ m d	t a ɪ p d	1	0	0
model_mean	æ d	æ d ə d	æ d	æ k t	æ k t ə d	æ d ə d	1	0	1
model_mean	b o ʊ l	b o ʊ l d	b o ʊ l d	b o ʊ t	b o ʊ t ə d	b o ʊ l ə d	1	0	0
model_mean	t o ʊ t	t o ʊ t ə d	t o ʊ t ə d	t o ʊ s t	t o ʊ s t ə d	t o ʊ t ə d	1	1	1
model_mean	s w ɪ ʃ	s w ɪ ʃ t	s w ɪ ʃ t	s w ɪ t͡ʃ	s w ɪ t͡ʃ t	s w ɪ ʃ t	1	1	1
model_mean	b l e ɪ m	b l e ɪ m d	b l e ɪ m d	b e ɪ ð	b e ɪ ð d	b l e ɪ m d	1	1	1
model_mean	ɪ k s a ɪ t	ɪ k s a ɪ t ə d	ɪ k s a ɪ t ə d	ɪ k s p l ɔ r	ɪ k s p l ɔ r d	ɪ k s a ɪ t d	1	0	0
model_mean	t͡ʃ a ɪ m	t͡ʃ a ɪ m d	t͡ʃ a ɪ m d	t͡ʃ ɪ l	t͡ʃ ɪ l d	t͡ʃ a ɪ m d	1	1	1
model_mean	t͡ʃ iː r	t͡ʃ iː r d	t͡ʃ iː r d	t͡ʃ uː	t͡ʃ uː d	t͡ʃ iː r d	1	1	1
model_mean	f r e ɪ m	f r e ɪ m d	f r e ɪ m d	f r e ɪ z	f r e ɪ z d	f r e ɪ m d	1	1	1
model_mean	d æ m	d æ m d	d æ m d	d æ n s	d æ n s t	d æ m t	1	0	0
model_mean	t͡ʃ iː t	t͡ʃ iː t ə d	t͡ʃ iː t	t͡ʃ uː	t͡ʃ uː d	t͡ʃ iː t d	1	0	0
model_mean	l iː n	l iː n d	l iː n d	l iː f	l iː f t	l iː n t	1	0	0
model_mean	s k r iː m	s k r iː m d	s k r iː m d	s k r iː n	s k r iː n d	s k r iː m d	1	1	1
model_mean	ɪ ɡ n ɔ r	ɪ ɡ n ɔ r d	ɪ ɡ n ɔ r d	ɪ ɡ z ɹ̩ t	ɪ ɡ z ɹ̩ t ə d	ɪ ɡ n ɔ r ə d	1	0	0
model_mean	s k uː p	s k uː p t	s k uː p t	s k uː l	s k uː l d	s k uː p d	1	0	0
model_mean	θ ʌ m p	θ ʌ m p t	θ ʌ m p t	θ ʌ m	θ ʌ m d	θ ʌ m p d	1	0	0
model_mean	s t iː r	s t iː r d	s t iː r d	s t iː m	s t iː m d	s t iː r d	1	1	1
model_mean	s p ɪ n	s p ʌ n	s p ɪ n d	s p ɪ l	s p ɪ l d	s p ɪ n d	0	1	0
model_mean	h ʌ f	h ʌ f t	h ʌ f t	h ʌ v ɹ̩	h ʌ v ɹ̩ d	h ʌ f d	1	0	0
model_mean	t ɛ n d	t ɛ n d ə d	t ɛ n d ə d	t ɛ s t	t ɛ s t ə d	t ɛ n d ə d	1	1	1
model_mean	s p e ɪ s	s p e ɪ s t	s p e ɪ s t	s p r e ɪ	s p r e ɪ d	s p e ɪ s d	1	0	0
model_mean	s t r e ɪ t ə n	s t r e ɪ t ə n d	s t r e ɪ t ə n d	t r æ m p ə l	t r æ m p ə l d	s t r e ɪ t ə n d	1	1	1
model_mean	p iː t ɹ̩	p iː t ɹ̩ d	p iː t ɹ̩ d	p iː p	p iː p t	p iː t ɹ̩ t	1	0	0
model_mean	m a ɪ n	m a ɪ n d	m a ɪ n d	m a ʊ ð	m a ʊ ð d	m a ɪ n d	1	1	1
model_mean	h iː l	h iː l d	h iː l d	h iː r	h ɹ̩ d	NA	1	0	0
model_mean	ə t r æ k t	ə t r æ k t ə d	ə t r æ k t ə d	t r ɑː t	t r ɑː t ə d	ə t r æ k t ə d	1	1	1
model_mean	s k w ɛ r	s k w ɛ r d	s k w ɛ r d	s k w ɑː ʃ	s k w ɑː ʃ t	s k w ɛ r t	1	0	0
model_mean	f l ʌ f	f l ʌ f t	f l ʌ f t	f l æ p	f l æ p t	f l ʌ f t	1	1	1
model_mean	t o ʊ n	t o ʊ n d	t o ʊ n d	t o ʊ	t o ʊ d	t o ʊ n d	1	1	1
model_mean	d͡ʒ ɪ m iː	d͡ʒ ɪ m iː d	d͡ʒ ɪ m iː d	d͡ʒ ɪ p	d͡ʒ ɪ p t	d͡ʒ ɪ m iː t	1	0	0
model_mean	s m a ɪ l	s m a ɪ l d	s m a ɪ l d	s a ɪ z	s a ɪ z d	s m a ɪ l d	1	1	1
model_mean	ə n w a ɪ n d	ə n w a ʊ n d	ə n w a ɪ n d ə d	ə n t a ɪ	ə n t a ɪ d	ə n w a ɪ n d d	0	0	0
model_mean	d ɪ k l ɛ r	d ɪ k l ɛ r d	d ɪ k l ɛ r d	d ɪ s a ɪ d	d ɪ s a ɪ d ə d	d ɪ k l ɛ r ə d	1	0	0
model_mean	k ə n d ʌ k t	k ə n d ʌ k t ə d	k ə n d ʌ k t ə d	k ə n s ʌ l t	k ə n s ʌ l t ə d	k ə n d ʌ k t ə d	1	1	1
model_mean	s t r e ɪ n	s t r e ɪ n d	s t r e ɪ n d	s t r o ʊ l	s t r o ʊ l d	s t r e ɪ n d	1	1	1
model_mean	k ə l æ p s	k ə l æ p s t	k ə l æ p s t	k ə l ɛ k t	k ə l ɛ k t ə d	k ə l æ p s ə d	1	0	0
model_mean	p ɑː r t ɪ s ə p e ɪ t	p ɑː r t ɪ s ə p e ɪ t ə d	p ɑː r t ɪ s t ɪ t ə d	p ɑː r d ə n	p ɑː r d ə n d	p ɑː r t ɪ s ə p e ɪ t d	1	0	0
model_mean	t r æ n z l e ɪ t	t r æ n z l e ɪ t ə d	t r æ n z ɑː a ɪ t ə d	t r æ n s k r a ɪ b	t r æ n s k r a ɪ b d	t r æ n z l e ɪ t d	1	0	0
model_mean	d ɪ s k ʌ s	d ɪ s k ʌ s t	d ɪ s k ʌ s t	d ɪ s k ʌ v ɹ̩	d ɪ s k ʌ v ɹ̩ d	d ɪ s k ʌ s d	1	0	0
model_mean	f ɹ̩ ɡ ɪ v	f ɹ̩ ɡ e ɪ v	f ɹ̩ ɡ j v d	f ɹ̩ ð ɹ̩	f ɹ̩ ð ɹ̩ d	f ɹ̩ ɡ ɪ v d	0	0	0
model_mean	ə r a ɪ z	ə r o ʊ z	ə r a ɪ z d	ə r a ɪ v	ə r a ɪ v d	ə r a ɪ z d	0	1	0
model_mean	f r a ɪ t ə n	f r a ɪ t ə n d	f r a ɪ t ə n d	f r ɔ s t	f r ɔ s t ə d	f r a ɪ t ə n ə d	1	0	0
model_mean	ɔ ɪ l	ɔ ɪ l d	ɔ ɪ l d	ɔ f ɹ̩	ɔ f ɹ̩ d	ɔ ɪ l d	1	1	1
model_mean	ə n l o ʊ d	ə n l o ʊ d ə d	ə n l o ʊ d ə d	ə n l ɑː k	ə n l ɑː k t	ə n l o ʊ d t	1	0	0
model_mean	ɡ r ʌ m b ə l	ɡ r ʌ m b ə l d	ɡ r ʌ m b ə l d	ɡ r æ p ə l	ɡ r æ p ə l d	ɡ r ʌ m b ə l d	1	1	1
model_mean	r ɛ k	r ɛ k t	r ɛ k t	r ɛ n t͡ʃ	r ɛ n t͡ʃ t	r ɛ k t	1	1	1
model_mean	s p ɑː t	s p ɑː t ə d	s p ɑː t	s t ɑː r	s t ɑː r d	s p ɑː t d	1	0	0
model_mean	b ʌ t ɹ̩	b ʌ t ɹ̩ d	b ʌ t ɹ̩ d	b ʌ m p	b ʌ m p t	b ʌ t ɹ̩ t	1	0	0
model_mean	s t iː p	s t iː p t	s t iː p t	s t iː m	s t iː m d	s t iː p d	1	0	0
model_mean	h ʌ s ə l	h ʌ s ə l d	h ʌ s ə l d	h ʌ v ɹ̩	h ʌ v ɹ̩ d	h ʌ s ə l d	1	1	1
model_mean	k ə n t ɪ n j uː	k ə n t ɪ n j uː d	k ə n t ɪ n t ɪ d	k ə n t ɛ n t	k ə n t ɛ n t ə d	k ə n t ɪ n j uː ə d	1	0	0
model_mean	r ɛ n t	r ɛ n t ə d	r ɛ n t ə d	r ɛ n t͡ʃ	r ɛ n t͡ʃ t	r ɛ n t t	1	0	0
model_mean	k r ʌ n t͡ʃ	k r ʌ n t͡ʃ t	k r ʌ n t͡ʃ t	k r ʌ ʃ	k r ʌ ʃ t	k r ʌ n t͡ʃ t	1	1	1
model_mean	r ɛ s k j uː	r ɛ s k j uː d	r ɛ s k j uː d	r ɛ s ə l	r ɛ s ə l d	r ɛ s k j uː d	1	1	1
model_mean	t ɑː p	t ɑː p t	t ɑː p t	t iː	t iː d	t ɑː p d	1	0	0
model_mean	b l iː d	b l ɛ d	b l iː d ə d	b iː d	b iː d ə d	b l iː d ə d	0	1	0
model_mean	p r ɪ k	p r ɪ k t	p r ɪ k t	p r ɑː p	p r ɑː p t	p r ɪ k t	1	1	1
model_mean	o ʊ ɡ ə l	o ʊ ɡ ə l d	o ʊ ɡ ə l d	o ʊ n	o ʊ n d	o ʊ ɡ ə l d	1	1	1
model_mean	s ɔ ɪ l	s ɔ ɪ l d	s ɔ ɪ l d	s p ɔ ɪ l	s p ɔ ɪ l d	s ɔ ɪ l d	1	1	1
model_mean	ɡ ɑː l f	ɡ ɑː l f t	ɡ ɑː l f t	ɡ ɑː r d	ɡ ɑː r d ə d	ɡ ɑː l f ə d	1	0	0
model_mean	b ʌ s t	b ʌ s t ə d	b ʌ s t ə d	b ʌ m p	b ʌ m p t	b ʌ s t t	1	0	0
model_mean	r iː s a ɪ k ə l	r iː s a ɪ k ə l d	r iː s a ɪ k ə l d	r iː s t r e ɪ n	r iː s t r e ɪ n d	r iː s a ɪ k ə l d	1	1	1
model_mean	s t uː	s t uː d	s t uː d	s t ɹ̩	s t ɹ̩ d	s t uː d	1	1	1
model_mean	b æ t	b æ t ə d	b æ t	b æ k	b æ k t	b æ t t	1	0	0
model_mean	s ʌ f ɹ̩	s ʌ f ɹ̩ d	s ʌ f ɹ̩ d	s ʌ k	s ʌ k t	s ʌ f ɹ̩ t	1	0	0
model_mean	v ɪ ʒ w ə l a ɪ z	v ɪ ʒ w ə l a ɪ z d	v ɪ l ə l ə d	ɪ n v e ɪ d	ɪ n v e ɪ d ə d	v ɪ ʒ w ə l a ɪ z ə d	1	0	0
model_mean	k æ p	k æ p t	k æ p t	k æ ʃ	k æ ʃ t	k æ p t	1	1	1
model_mean	t ʌ m b ə l	t ʌ m b ə l d	t ʌ m b ə l d	m ʌ l t ə p l a ɪ	m ʌ l t ə p l a ɪ d	t ʌ m b ə l d	1	1	1
model_mean	d ɪ s k r a ɪ b	d ɪ s k r a ɪ b d	d ɪ s k r a ɪ b d	d ɪ s k ɑː r d	d ɪ s k ɑː r d ə d	d ɪ s k r a ɪ b ə d	1	0	0
model_mean	h ɛ z ə t e ɪ t	h ɛ z ə t e ɪ t ə d	h t ɛ z t e ɪ t ə d	h ɛ l p	h ɛ l p t	h ɛ z ə t e ɪ t t	1	0	0
model_mean	m ɑː r	m ɑː r d	m ɑː r d	m ɑː p	m ɑː p t	m ɑː r t	1	0	0
model_mean	p r ə n a ʊ n s	p r ə n a ʊ n s t	p r ə n a ʊ n a d	p r ə s iː d	p r ə s iː d ə d	p r ə n a ʊ n s ə d	1	0	0
model_mean	f ɪ k s e ɪ t	f ɪ k s e ɪ t ə d	f ɪ k s e ɪ t ə d	f ɪ k s	f ɪ k s t	f ɪ k s e ɪ t t	1	0	0
model_mean	b ɑː s	b ɑː s t	b ɑː s t	b ɑː r	b ɑː r d	b ɑː s d	1	0	0
model_mean	d ɪ s t ɹ̩ b	d ɪ s t ɹ̩ b d	d ɪ s t ɹ̩ b d	d ɪ s a ɪ d	d ɪ s a ɪ d ə d	d ɪ s t ɹ̩ b ə d	1	0	0
model_mean	s n æ k	s n æ k t	s n æ k t	s n æ t͡ʃ	s n æ t͡ʃ t	s n æ k t	1	1	1
model_mean	d ʌ s t	d ʌ s t ə d	d ʌ s t ə d	d ʌ m p	d ʌ m p t	d ʌ s t t	1	0	0
model_mean	m o ʊ n	m o ʊ n d	m o ʊ n d	m o ʊ	m o ʊ d	m o ʊ n d	1	1	1
model_mean	p iː l	p iː l d	p iː l d	p iː	p iː d	p iː l d	1	1	1
model_mean	f l ɑː p	f l ɑː p t	f l ɑː p t	f l ɪ p	f l ɪ p t	f l ɑː p t	1	1	1
model_mean	f l æ ʃ	f l æ ʃ t	f l æ ʃ t	f l æ p	f l æ p t	f l æ ʃ t	1	1	1
model_mean	p e ɪ s t	p e ɪ s t ə d	p e ɪ s t ə d	p e ɪ n t	p e ɪ n t ə d	p e ɪ s t ə d	1	1	1
model_mean	ɡ ɑː r b ə l	ɡ ɑː r b ə l d	ɡ ɑː r b ə l d	ɡ ɑː r d	ɡ ɑː r d ə d	ɡ ɑː r b ə l ə d	1	0	0
model_mean	ɪ n t ɛ n d	ɪ n t ɛ n d ə d	ɪ n t ɛ n t ə d	ɪ n t ɹ̩ f ɪ r	ɪ n t ɹ̩ f ɪ r d	ɪ n t ɛ n d d	1	0	0
model_mean	r o ʊ t e ɪ t	r o ʊ t e ɪ t ə d	r o ʊ t e ɪ t ə d	r o ʊ s t	r o ʊ s t ə d	r o ʊ t e ɪ t ə d	1	1	1
model_mean	s ɑː l v	s ɑː l v d	s ɑː l v d	s k iː	s k iː d	s ɑː l v d	1	1	1
model_mean	r ɪ s p ɑː n d	r ɪ s p ɑː n d ə d	r ɪ s p ɑː n d ə d	r ɪ s p ɛ k t	r ɪ s p ɛ k t ə d	r ɪ s p ɑː n d ə d	1	1	1
model_mean	p r a ɪ s	p r a ɪ s t	p r a ɪ s t	p r ɪ n t	p r ɪ n t ə d	p r a ɪ s ə d	1	0	0
model_mean	h ɑː r p	h ɑː r p t	h ɑː r p t	h ɑː l ɹ̩	h ɑː l ɹ̩ d	h ɑː r p d	1	0	0
model_mean	ɪ ɡ z ɔ s t	ɪ ɡ z ɔ s t ə d	ɪ ɡ z ɔ s t ə d	ɪ ɡ z ɪ s t	ɪ ɡ z ɪ s t ə d	ɪ ɡ z ɔ s t ə d	1	1	1
model_mean	t ɛ r ə f a ɪ	t ɛ r ə f a ɪ d	t ɛ r ə f a ɪ d	t ɛ r ə r a ɪ z	t ɛ r ə r a ɪ z d	t ɛ r ə f a ɪ d	1	1	1
model_mean	s a ʊ	s a ʊ d	s a ʊ d	s a ɪ	s a ɪ d	s a ʊ d	1	1	1
model_mean	e ɪ d	e ɪ d ə d	e ɪ d ə d	e ɪ k	e ɪ k t	e ɪ d t	1	0	0
model_mean	ə n p æ k	ə n p æ k t	ə n p æ k t	ə n p l ʌ ɡ	ə n p l ʌ ɡ d	ə n p æ k d	1	0	0
model_mean	p r ɪ v ɛ n t	p r ɪ v ɛ n t ə d	p r ɪ v ɛ n t ə d	p r ə s iː d	p r ə s iː d ə d	p r ɪ v ɛ n t ə d	1	1	1
model_mean	k ə n s ɪ d ɹ̩	k ə n s ɪ d ɹ̩ d	k ə n s ɪ d ɹ̩ d	k ə n s ɪ s t	k ə n s ɪ s t ə d	k ə n s ɪ d ɹ̩ ə d	1	0	0
model_mean	w ɑː d	w ɑː d ə d	w ɑː d ə d	w ɑː ʃ	w ɑː ʃ t	w ɑː d t	1	0	0
model_mean	t r ʌ s t	t r ʌ s t ə d	t r ʌ s t ə d	t r ʌ m p	t r ʌ m p t	t r ʌ s t t	1	0	0
model_mean	m ɑː d ə l	m ɑː d ə l d	m ɑː d ə l d	m ɑː r t͡ʃ	m ɑː r t͡ʃ t	m ɑː d ə l t	1	0	0
model_mean	s t e ɪ p ə l	s t e ɪ p ə l d	s t e ɪ p ə l d	s t e ɪ ʃ ə n	s t e ɪ ʃ ə n d	s t e ɪ p ə l d	1	1	1
model_mean	p r ə v a ɪ d	p r ə v a ɪ d ə d	p r ə v a ɪ d ə d	p r ə s iː d	p r ə s iː d ə d	p r ə v a ɪ d ə d	1	1	1
model_mean	t r ɛ m b ə l	t r ɛ m b ə l d	t r ɛ m b ə l d	t r ʌ m p ə t	t r ʌ m p ə t ə d	t r ɛ m b ə l ə d	1	0	0
model_mean	p l a ʊ	p l a ʊ d	p l a ʊ d	p l e ɪ	p l e ɪ d	p l a ʊ d	1	1	1
model_mean	w æ ɡ	w æ ɡ d	w æ ɡ d	w æ k	w æ k t	w æ ɡ t	1	0	0
model_mean	b l iː t͡ʃ	b l iː t͡ʃ t	b l iː t͡ʃ t	b iː t͡ʃ	b iː t͡ʃ t	b l iː t͡ʃ t	1	1	1
model_mean	t æ t ə l	t æ t ə l d	t æ t ə l d	t æ k ə l	t æ k ə l d	t æ t ə l d	1	1	1
model_mean	s k ɹ̩ t	s k ɹ̩ t ə d	s k ɹ̩ t	s k ɹ̩ iː	s k ɹ̩ iː d	s k ɹ̩ t d	1	0	0
model_mean	ɛ r	ɛ r d	ɛ r d	ɛ d͡ʒ	ɛ d͡ʒ d	ɛ r d	1	1	1
model_mean	ɛ k s ɹ̩ s a ɪ z	ɛ k s ɹ̩ s a ɪ z d	ɛ k s ɹ̩ s a ɪ z d	s k ɛ d͡ʒ ʊ l	s k ɛ d͡ʒ ʊ l d	ɛ k s ɹ̩ s a ɪ z d	1	1	1
model_mean	f ʌ d͡ʒ	f ʌ d͡ʒ d	f ʌ d͡ʒ d	f ʌ k	f ʌ k t	f ʌ d͡ʒ t	1	0	0
model_mean	ɡ ʌ n	ɡ ʌ n d	ɡ ʌ n d	ɡ ʌ m	ɡ ʌ m d	ɡ ʌ n d	1	1	1
model_mean	s p ɔ r t	s p ɔ r t ə d	s p ɔ r t	s p ɔ ɪ l	s p ɔ ɪ l d	s p ɔ r t d	1	0	0
model_mean	r ɪ l iː v	r ɪ l iː v d	r ɪ l iː v d	r ɪ l a ɪ	r ɪ l a ɪ d	r ɪ l iː v d	1	1	1
model_mean	ʃ o ʊ l d ɹ̩	ʃ o ʊ l d ɹ̩ d	ʃ o ʊ l d ɹ̩ d	o ʊ n	o ʊ n d	ʃ o ʊ l d ɹ̩ d	1	1	1
model_mean	f ɔ r k	f ɔ r k t	f ɔ r k t	f ɔ r s	f ɔ r s t	f ɔ r k t	1	1	1
model_mean	t w iː k	t w iː k t	t w iː k t	t w ɪ t͡ʃ	t w ɪ t͡ʃ t	t w iː k t	1	1	1
model_mean	d æ ʃ	d æ ʃ t	d æ ʃ t	d æ n s	d æ n s t	d æ ʃ t	1	1	1
model_mean	ɪ k s k l e ɪ m	ɪ k s k l e ɪ m d	ɪ k s k l e ɪ m d	ɪ k s p l e ɪ n	ɪ k s p l e ɪ n d	ɪ k s k l e ɪ m d	1	1	1
model_mean	s ə s p ɛ k t	s ə s p ɛ k t ə d	s ə s p ɛ k t ə d	ə s ɛ m b ə l	ə s ɛ m b ə l d	s ə s p ɛ k t d	1	0	0
model_mean	t r æ n s f ɔ r m	t r æ n s f ɔ r m d	t r æ n s f ɔ r s t	t r æ n s k r a ɪ b	t r æ n s k r a ɪ b d	t r æ n s f ɔ r m d	1	0	1
model_mean	θ r ɛ t ə n	θ r ɛ t ə n d	θ r ɛ t ə n d	θ r ʌ s t	θ r ʌ s t	θ r ɛ t ə n	1	0	0
model_mean	m e ɪ t	m e ɪ t ə d	m e ɪ t ə d	m e ɪ l	m e ɪ l d	m e ɪ t d	1	0	0
model_mean	ɪ m p r uː v	ɪ m p r uː v d	ɪ m p r uː v d	ɪ m p l a ɪ	ɪ m p l a ɪ d	ɪ m p r uː v d	1	1	1
model_mean	t ɑː l ɹ̩ e ɪ t	t ɑː l ɹ̩ e ɪ t ə d	t ɑː l ɹ̩ e ɪ t ə d	t ɑː p ə l	t ɑː p ə l d	t ɑː l ɹ̩ e ɪ t d	1	0	0
model_mean	h ɔ n t	h ɔ n t ə d	h ɔ n t ə d	h ɔ k	h ɔ k t	h ɔ n t t	1	0	0
model_mean	t æ k	t æ k t	t æ k t	t æ p	t æ p t	t æ k t	1	1	1
model_mean	ɪ n d͡ʒ ɹ̩	ɪ n d͡ʒ ɹ̩ d	ɪ n d͡ʒ ɹ̩ d	ɪ n h e ɪ l	ɪ n h e ɪ l d	ɪ n d͡ʒ ɹ̩ d	1	1	1
model_mean	p r ɪ d ɪ k t	p r ɪ d ɪ k t ə d	p r ɪ d ɪ k t ə d	p r ə s iː d	p r ə s iː d ə d	p r ɪ d ɪ k t ə d	1	1	1
model_mean	d ɪ z a ɪ n	d ɪ z a ɪ n d	d ɪ z a ɪ n d	d ɪ z ɑː l v	d ɪ z ɑː l v d	d ɪ z a ɪ n d	1	1	1
model_mean	b ʌ n d ə l	b ʌ n d ə l d	b ʌ n d ə l d	b ʌ k ə l	b ʌ k ə l d	b ʌ n d ə l d	1	1	1
model_mean	r ɪ s ɛ s	r ɪ s ɛ s t	r ɪ s ɛ s t	r ɪ s k	r ɪ s k t	r ɪ s ɛ s t	1	1	1
model_mean	b l a ɪ n d	b l a ɪ n d ə d	b l a ɪ n d ə d	b l ɪ ŋ k	b l ɪ ŋ k t	b l a ɪ n d t	1	0	0
model_mean	d r ʌ ɡ	d r ʌ ɡ d	d r ʌ ɡ d	d r ʌ m	d r ʌ m d	d r ʌ ɡ d	1	1	1
model_mean	f l e ɪ v ɹ̩	f l e ɪ v ɹ̩ d	f l e ɪ v ɹ̩ d	f l ɪ p	f l ɪ p t	f l e ɪ v ɹ̩ t	1	0	0
model_mean	r ɪ p ɛ r	r ɪ p ɛ r d	r ɪ p ɛ r d	r ɪ p ɛ l	r ɪ p ɛ l d	r ɪ p ɛ r d	1	1	1
model_mean	k ɹ̩ s	k ɹ̩ s t	k ɹ̩ s t	k ɹ̩ l	k ɹ̩ l d	k ɹ̩ s d	1	0	0
model_mean	ɪ n t͡ʃ	ɪ n t͡ʃ t	ɪ n t͡ʃ t	θ ɪ n	θ ɪ n d	ɪ n t͡ʃ d	1	0	0
model_mean	t r æ n z m ɪ t	t r æ n z m ɪ t ə d	t r æ n z m d	t r æ m p ə l	t r æ m p ə l d	t r æ n z m ɪ t d	1	0	0
model_mean	ʃ æ m p uː	ʃ æ m p uː d	ʃ æ m p uː d	æ s k	æ s k t	ʃ æ m p uː t	1	0	0
model_mean	ɪ n k r iː s	ɪ n k r iː s t	ɪ n k r iː s t	ɪ n v a ɪ t	ɪ n v a ɪ t ə d	ɪ n k r iː s ə d	1	0	0
model_mean	b ʊ t͡ʃ ɹ̩	b ʊ t͡ʃ ɹ̩ d	b ʊ t͡ʃ ɹ̩ d	b o ʊ t	b o ʊ t ə d	b ʊ t͡ʃ ɹ̩ ə d	1	0	0
model_mean	d o ʊ n e ɪ t	d o ʊ n e ɪ t ə d	d o ʊ n e ɪ t ə d	d o ʊ p	d o ʊ p t	d o ʊ n e ɪ t t	1	0	0
model_mean	t͡ʃ æ l ə n d͡ʒ	t͡ʃ æ l ə n d͡ʒ d	t͡ʃ æ l ə n d͡ʒ d	t͡ʃ æ n ə l	t͡ʃ æ n ə l d	t͡ʃ æ l ə n d͡ʒ d	1	1	1
model_mean	ɛ ɡ z ɪ t	ɛ ɡ z ɪ t ə d	ɛ ɡ z ɪ t ə d	ɛ ɡ	ɛ ɡ d	ɛ ɡ z ɪ t d	1	0	0
model_mean	b ʊ k	b ʊ k t	b o ʊ k	b o ʊ t	b o ʊ t ə d	b ʊ k ə d	1	0	0
model_mean	m j uː z	m j uː z d	m j uː z d	m j uː t	m j uː t ə d	m j uː z ə d	1	0	0
model_mean	p ɔ ɪ z ə n	p ɔ ɪ z ə n d	p ɔ ɪ z ə n d	p ɔ ɪ n t	p ɔ ɪ n t ə d	p ɔ ɪ z ə n ə d	1	0	0
model_mean	ɪ n f l uː ə n s	ɪ n f l uː ə n s t	ɪ n f l ə n d	ɪ n f ɔ r m	ɪ n f ɔ r m d	ɪ n f l uː ə n s d	1	0	0
model_mean	s t r æ ŋ ɡ ə l	s t r æ ŋ ɡ ə l d	s t r æ ŋ ɡ ə l d	s t r æ d ə l	s t r æ d ə l d	s t r æ ŋ ɡ ə l d	1	1	1
model_mean	ɪ ʃ uː	ɪ ʃ uː d	ɪ ʃ uː d	θ ɪ n	θ ɪ n d	ɪ ʃ uː d	1	1	1
model_mean	ɪ m p r ɛ s	ɪ m p r ɛ s t	ɪ m p r ɛ s t	m ɪ m ɪ k	m ɪ m ɪ k t	ɪ m p r ɛ s t	1	1	1
model_mean	p r ə d uː s	p r ə d uː s t	p r ə d uː s t	p r ə s iː d	p r ə s iː d ə d	p r ə d uː s ə d	1	0	0
model_mean	n æ ɡ	n æ ɡ d	n æ ɡ d	n æ p	n æ p t	n æ ɡ t	1	0	0
model_mean	o ʊ v ɹ̩ k ʊ k	o ʊ v ɹ̩ k ʊ k t	o ʊ v ɹ̩ k e ɪ k	o ʊ v ɹ̩ k ə m	o ʊ v ɹ̩ k e ɪ m	NA	1	0	0
model_mean	e ɪ m	e ɪ m d	e ɪ m d	e ɪ d͡ʒ	e ɪ d͡ʒ d	e ɪ m d	1	1	1
model_mean	ɪ m ə t e ɪ t	ɪ m ə t e ɪ t ə d	ɪ m ə m e ɪ t ə d	m ɪ m ɪ k	m ɪ m ɪ k t	ɪ m ə t e ɪ t t	1	0	0
model_mean	t͡ʃ ɹ̩ n	t͡ʃ ɹ̩ n d	t͡ʃ ɹ̩ n d	t͡ʃ ʌ ɡ	t͡ʃ ʌ ɡ d	t͡ʃ ɹ̩ n d	1	1	1
model_mean	k a ʊ n t ɹ̩	k a ʊ n t ɹ̩ d	k a ʊ n t ɹ̩ d	k a ʊ n t	k a ʊ n t ə d	k a ʊ n t ɹ̩ ə d	1	0	0
model_mean	m ɪ s t r iː t	m ɪ s t r iː t ə d	m ɪ s t r iː t ə d	m ɪ s t e ɪ k	m ɪ s t ʊ k	NA	1	0	0
model_mean	k ə m b a ɪ n	k ə m b a ɪ n d	k ə m b a ɪ n d	k ə m p ɛ r	k ə m p ɛ r d	k ə m b a ɪ n d	1	1	1
model_mean	h ɪ n t	h ɪ n t ə d	h ɪ n t ə d	h ɪ t	h ɪ t	h ɪ n t	1	0	0
model_mean	ə p r o ʊ p r iː e ɪ t	ə p r o ʊ p r iː e ɪ t ə d	ə p r o ʊ p r iː e ɪ t ə d	ə p r iː ʃ iː e ɪ t	ə p r iː ʃ iː e ɪ t ə d	ə p r o ʊ p r iː e ɪ t ə d	1	1	1
model_mean	p r ɑː d͡ʒ ɛ k t	p r ɑː d͡ʒ ɛ k t ə d	p r ɑː d͡ʒ ɛ k t ə d	p r ə t ɛ k t	p r ə t ɛ k t ə d	p r ɑː d͡ʒ ɛ k t ə d	1	1	1
model_mean	f ɔ r w ɹ̩ d	f ɔ r w ɹ̩ d ə d	f ɔ r w ɹ̩ d ə d	f ɔ r m	f ɔ r m d	f ɔ r w ɹ̩ d d	1	0	0
model_mean	d ɪ s ə ɡ r iː	d ɪ s ə ɡ r iː d	d ɪ s ə ɡ r iː d	d ɪ s ə p iː r	d ɪ s ə p iː r d	d ɪ s ə ɡ r iː d	1	1	1
model_mean	s t ɑː r t ə l	s t ɑː r t ə l d	s t ɑː r t ə l d	s t ɑː r t	s t ɑː r t ə d	s t ɑː r t ə l ə d	1	0	0
model_mean	k r æ m	k r æ m d	k r æ m d	k r æ k	k r æ k t	k r æ m t	1	0	0
model_mean	s ɪ ŋ ɡ ə l	s ɪ ŋ ɡ ə l d	s ɪ ŋ ɡ ə l d	s ɪ ŋ k	s æ ŋ k	NA	1	0	0
model_mean	ɡ l ʌ v	ɡ l ʌ v d	ɡ l ʌ v d	ɡ ʌ m	ɡ ʌ m d	ɡ l ʌ v d	1	1	1
model_mean	r iː s k ɛ d͡ʒ uː l	r iː s k ɛ d͡ʒ uː l d	r iː s k ɛ d͡ʒ ɛ d͡ʒ d	r iː s t r e ɪ n	r iː s t r e ɪ n d	r iː s k ɛ d͡ʒ uː l d	1	0	1
model_mean	s ɹ̩ v a ɪ v	s ɹ̩ v a ɪ v d	s ɹ̩ v a ɪ v d	s ɹ̩ v ɪ s	s ɹ̩ v ɪ s t	s ɹ̩ v a ɪ v t	1	0	0
model_mean	s n ɔ r t	s n ɔ r t ə d	s n ɔ r t ə d	s n ɪ f	s n ɪ f t	s n ɔ r t t	1	0	0
model_mean	ə p l ɔ d	ə p l ɔ d ə d	ə p l ɔ d	p ə l uː t	p ə l uː t ə d	ə p l ɔ d ə d	1	0	1
model_mean	b iː f	b iː f t	b iː f t	b iː p	b iː p t	b iː f t	1	1	1
model_mean	t r ʌ d͡ʒ	t r ʌ d͡ʒ d	t r ʌ d͡ʒ d	t r ʌ k	t r ʌ k t	t r ʌ d͡ʒ t	1	0	0
model_mean	v e ɪ k e ɪ ʃ ə n	v e ɪ k e ɪ ʃ ə n d	v e ɪ k e ɪ ʃ e ɪ d	r e ɪ d iː o ʊ	r e ɪ d iː o ʊ d	v e ɪ k e ɪ ʃ ə n d	1	0	1
model_mean	s ə p l ə m ɛ n t	s ə p l ə m ɛ n t ə d	s ə m d ɛ m ə n t ə d	ə p s ɛ t	ə p s ɛ t	s ə p l ə m ɛ n t	1	0	0
model_mean	m ʌ m b ə l	m ʌ m b ə l d	m ʌ m b ə l d	m ʌ s ə l	m ʌ s ə l d	m ʌ m b ə l d	1	1	1
model_mean	æ l a ɪ	æ l a ɪ d	æ l a ɪ d	l æ n d	l æ n d ə d	æ l a ɪ ə d	1	0	0
model_mean	f j uː m	f j uː m d	f j uː m d	f uː l	f uː l d	f j uː m d	1	1	1
model_mean	n ɪ k s	n ɪ k s t	n ɪ k s t	n ɹ̩ s	n ɹ̩ s t	n ɪ k s t	1	1	1
model_mean	h ɛ d͡ʒ	h ɛ d͡ʒ d	h ɛ d͡ʒ d	h ɛ d	h ɛ d ə d	h ɛ d͡ʒ ə d	1	0	0
model_mean	ʃ r iː k	ʃ r iː k t	ʃ r iː k t	ʃ r ɛ d	ʃ r ɛ d ə d	ʃ r iː k ə d	1	0	0
model_mean	d ɛ d ə k e ɪ t	d ɛ d ə k e ɪ t ə d	d ɛ d ə k e ɪ t ə d	d ɛ v ə s t e ɪ t	d ɛ v ə s t e ɪ t ə d	d ɛ d ə k e ɪ t ə d	1	1	1
model_mean	r ɛ v	r ɛ v d	r ɛ v d	r ɛ n t͡ʃ	r ɛ n t͡ʃ t	r ɛ v t	1	0	0
model_mean	n iː	n iː d	n iː d	n iː r	n iː r d	n iː d	1	1	1
model_mean	r iː ɔ r ɡ ə n a ɪ z	r iː ɔ r ɡ ə n a ɪ z d	r iː ɡ ə n ə n a ɪ z d	ɔ r iː ɛ n t	ɔ r iː ɛ n t ə d	r iː ɔ r ɡ ə n a ɪ z ə d	1	0	0
model_mean	a ʊ t f ɑː k s	a ʊ t f ɑː k s t	a ʊ t f ɑː k s t	a ʊ t f ɪ t	a ʊ t f ɪ t ə d	a ʊ t f ɑː k s ə d	1	0	0
model_mean	k ə n s t r ʌ k t	k ə n s t r ʌ k t ə d	k ə n s t r ʌ k t ə d	k ə n s ʌ l t	k ə n s ʌ l t ə d	k ə n s t r ʌ k t ə d	1	1	1
model_mean	f l ɹ̩ iː	f l ɹ̩ iː d	f l ɹ̩ iː d	f l ɹ̩ t	f l ɹ̩ t ə d	f l ɹ̩ iː ə d	1	0	0
model_mean	ɪ n k w a ɪ ɹ̩	ɪ n k w a ɪ ɹ̩ d	ɪ n k w a ɪ ɹ̩ d	ɪ n ɪ ʃ ə l	ɪ n ɪ ʃ ə l d	ɪ n k w a ɪ ɹ̩ d	1	1	1
model_mean	d͡ʒ e ɪ l	d͡ʒ e ɪ l d	d͡ʒ e ɪ l d	d͡ʒ ɪ p	d͡ʒ ɪ p t	d͡ʒ e ɪ l t	1	0	0
model_mean	s w uː ʃ	s w uː ʃ t	s w uː ʃ t	s w uː p	s w uː p t	s w uː ʃ t	1	1	1
model_mean	h ɹ̩ l	h ɹ̩ l d	h ɹ̩ l d	h ɹ̩ t	h ɹ̩ t	h ɹ̩ l	1	0	0
model_stem	ɡ ɛ t	ɡ ɑː t	ɡ ɛ t	w ɛ t	w ɛ t	ɡ ɛ t	0	1	0
model_stem	p ʊ t	p ʊ t	p ʊ t	p ɛ t	p ɛ t ə d	p ʊ t ə d	0	0	0
model_stem	ɡ o ʊ	w ɛ n t	ɡ o ʊ d	m o ʊ	m o ʊ d	ɡ o ʊ d	0	1	0
model_stem	iː t	e ɪ t	iː t ə t	t ɛ s t	t ɛ s t ə d	iː t ə d	0	0	0
model_stem	w ɔ n t	w ɔ n t ə d	w ɔ n t ə d	ɛ d ə t	ɛ d ə t ə d	w ɔ n t ə d	1	1	1
model_stem	n ɑː k	n ɑː k t	n ɑː k t	d ɑː k	d ɑː k t	n ɑː k t	1	1	1
model_stem	l ɪ s ə n	l ɪ s ə n d	l ɪ s ə n d	f æ s ə n	f æ s ə n d	l ɪ s ə n d	1	1	1
model_stem	p ʌ f	p ʌ f t	p ʌ f t	r ʌ f	r ʌ f t	p ʌ f t	1	1	1
model_stem	h o ʊ p	h o ʊ p t	h o ʊ p t	d o ʊ p	d o ʊ p t	h o ʊ p t	1	1	1
model_stem	n iː d	n iː d ə d	n iː d ə d	k ɪ d	k ɪ d ə d	n iː d ə d	1	1	1
model_stem	k æ t͡ʃ	k ɔ t	k æ t͡ʃ t	l æ t͡ʃ	l æ t͡ʃ t	k æ t͡ʃ t	0	1	0
model_stem	z ɪ p ɹ̩	z ɪ p ɹ̩ d	z ɪ p ɹ̩ d	m ɹ̩ d ɹ̩	m ɹ̩ d ɹ̩ d	z ɪ p ɹ̩ d	1	1	1
model_stem	h ɑː p	h ɑː p t	h ɑː p t	m ɑː p	m ɑː p t	h ɑː p t	1	1	1
model_stem	k æ r iː	k æ r iː d	k æ r iː d	k ɑː p iː	k ɑː p iː d	k æ r iː d	1	1	1
model_stem	r ɪ t ɹ̩ n	r ɪ t ɹ̩ n d	r ɪ t ɹ̩ n d	w iː k ə n	w iː k ə n d	r ɪ t ɹ̩ n d	1	1	1
model_stem	f iː d	f ɛ d	f iː d ə d	s iː d	s iː d ə d	f iː d ə d	0	1	0
model_stem	ɡ ɑː b ə l	ɡ ɑː b ə l d	ɡ ɑː b ə l d	ɡ ɪ ɡ ə l	ɡ ɪ ɡ ə l d	ɡ ɑː b ə l d	1	1	1
model_stem	o ʊ p ə n	o ʊ p ə n d	o ʊ p ə n d	h æ p ə n	h æ p ə n d	o ʊ p ə n d	1	1	1
model_stem	h o ʊ l d	h ɛ l d	h o ʊ l d ə d	f o ʊ l d	f o ʊ l d ə d	h o ʊ l d ə d	0	1	0
model_stem	d ɪ l ɪ v ɹ̩	d ɪ l ɪ v ɹ̩ d	d ɪ l ɪ v ɹ̩ d	r ɪ t a ɪ ɹ̩	r ɪ t a ɪ ɹ̩ d	d ɪ l ɪ v ɹ̩ d	1	1	1
model_stem	r ʌ b	r ʌ b d	r ʌ b d	d ʌ b	d ʌ b d	r ʌ b d	1	1	1
model_stem	w ɑː t͡ʃ	w ɑː t͡ʃ t	w ɑː t͡ʃ t	t iː t͡ʃ	t ɔ t	NA	1	0	0
model_stem	p l iː z	p l iː z d	p l iː z d	f r iː z	f r o ʊ z	p l o ʊ z	1	0	0
model_stem	w ɔ k	w ɔ k t	w ɔ k t	t ɔ k	t ɔ k t	w ɔ k t	1	1	1
model_stem	p æ k	p æ k t	p æ k t	b æ k	b æ k t	p æ k t	1	1	1
model_stem	s a ʊ n d	s a ʊ n d ə d	s a ʊ n d ə d	m o ʊ l d	m o ʊ l d ə d	s a ʊ n d ə d	1	1	1
model_stem	ɡ r æ b	ɡ r æ b d	ɡ r æ b d	s t ʌ b	s t ʌ b d	ɡ r æ b d	1	1	1
model_stem	m æ n	m æ n d	m æ n d	f æ n	f æ n d	m æ n d	1	1	1
model_stem	f iː l	f ɛ l t	f iː l d	w iː l	w iː l d	f iː l d	0	1	0
model_stem	n e ɪ m	n e ɪ m d	n e ɪ m d	t e ɪ m	t e ɪ m d	n e ɪ m d	1	1	1
model_stem	f l o ʊ	f l o ʊ d	f l o ʊ d	ɡ l o ʊ	ɡ l o ʊ d	f l o ʊ d	1	1	1
model_stem	w ɛ ð ɹ̩	w ɛ ð ɹ̩ d	w ɛ ð ɹ̩ d	ɡ æ ð ɹ̩	ɡ æ ð ɹ̩ d	w ɛ ð ɹ̩ d	1	1	1
model_stem	l a ɪ	l e ɪ	l a ɪ d	b a ɪ	b ɔ t	l ɔ t	0	0	0
model_stem	k r æ ʃ	k r æ ʃ t	k r æ ʃ t	k r ʌ ʃ	k r ʌ ʃ t	k r æ ʃ t	1	1	1
model_stem	p e ɪ d͡ʒ	p e ɪ d͡ʒ d	p e ɪ d͡ʒ d	t͡ʃ ɑː r d͡ʒ	t͡ʃ ɑː r d͡ʒ d	p e ɪ d͡ʒ d	1	1	1
model_stem	t͡ʃ o ʊ k	t͡ʃ o ʊ k t	t͡ʃ o ʊ k t	p o ʊ k	p o ʊ k t	t͡ʃ o ʊ k t	1	1	1
model_stem	b l ɛ s	b l ɛ s t	b l ɛ s t	b e ɪ s	b e ɪ s t	b l ɛ s t	1	1	1
model_stem	d ɪ ŋ	d ɪ ŋ d	d ʌ ŋ	w ɪ ŋ	w ɪ ŋ d	d ɪ ŋ d	1	0	1
model_stem	s ɛ l	s o ʊ l d	s ɛ l d	ʃ ɛ l	ʃ ɛ l d	s ɛ l d	0	1	0
model_stem	b ɪ ɡ ɪ n	b ɪ ɡ æ n	b ɪ ɡ ɪ n d	s t e ɪ n	s t e ɪ n d	b ɪ ɡ ɪ n d	0	1	0
model_stem	d͡ʒ ɔ ɪ n	d͡ʒ ɔ ɪ n d	d͡ʒ ɔ ɪ n d	l a ɪ n	l a ɪ n d	d͡ʒ ɔ ɪ n d	1	1	1
model_stem	l ɑː k	l ɑː k t	l ɑː k t	k ɑː k	k ɑː k t	l ɑː k t	1	1	1
model_stem	b ɪ l iː v	b ɪ l iː v d	b ɪ l iː v d	b r e ɪ v	b r e ɪ v d	b ɪ l iː v d	1	1	1
model_stem	ə n d ɹ̩ s t æ n d	ə n d ɹ̩ s t ʊ d	ə n d ə n d æ n d ə d	s ɪ t	s æ t	NA	0	0	0
model_stem	t r e ɪ n	t r e ɪ n d	t r e ɪ n d	p l e ɪ n	p l e ɪ n d	t r e ɪ n d	1	1	1
model_stem	k r ɔ l	k r ɔ l d	k r ɔ l d	s m ɛ l	s m ɛ l d	k r ɔ l d	1	1	1
model_stem	p æ t	p æ t ə d	p æ t ə d	p ɪ t	p ɪ t ə d	p æ t ə d	1	1	1
model_stem	ɔ r d ɹ̩	ɔ r d ɹ̩ d	ɔ r d ɹ̩ d	s ɪ m ɹ̩	s ɪ m ɹ̩ d	ɔ r d ɹ̩ d	1	1	1
model_stem	f l a ɪ	f l uː	f l a ɪ d	f r a ɪ	f r a ɪ d	f l a ɪ d	0	1	0
model_stem	l o ʊ d	l o ʊ d ə d	l o ʊ d ə d	θ r ɛ d	θ r ɛ d ə d	l o ʊ d ə d	1	1	1
model_stem	k ə m p l e ɪ n	k ə m p l e ɪ n d	k ə m p l e ɪ n d	ɪ k s p l e ɪ n	ɪ k s p l e ɪ n d	k ə m p l e ɪ n d	1	1	1
model_stem	b l ɛ n d	b l ɛ n d ə d	b l ɛ n d ə d	m o ʊ l d	m o ʊ l d ə d	b l ɛ n d ə d	1	1	1
model_stem	b l ɑː k	b l ɑː k t	b l ɑː k t	b æ s k	b æ s k t	b l ɑː k t	1	1	1
model_stem	t ɪ p	t ɪ p t	t ɪ p t	w ɪ p	w ɪ p t	t ɪ p t	1	1	1
model_stem	d͡ʒ ɛ t	d͡ʒ ɛ t ə d	d͡ʒ ɛ t	l ɛ t	l ɛ t	d͡ʒ ɛ t	1	1	0
model_stem	b r iː ð	b r iː ð d	b r iː ð d	b e ɪ ð	b e ɪ ð d	b r iː ð d	1	1	1
model_stem	d a ɪ ə l	d a ɪ ə l d	d a ɪ ə l d	d ʌ b ə l	d ʌ b ə l d	d a ɪ ə l d	1	1	1
model_stem	m ɛ n ʃ ə n	m ɛ n ʃ ə n d	m ɛ n ʃ ə n d	f r ɛ ʃ ə n	f r ɛ ʃ ə n d	m ɛ n ʃ ə n d	1	1	1
model_stem	h ʌ ɡ	h ʌ ɡ d	h ʌ ɡ d	b ʌ ɡ	b ʌ ɡ d	h ʌ ɡ d	1	1	1
model_stem	p a ʊ ɹ̩	p a ʊ ɹ̩ d	p a ʊ ɹ̩ d	ʃ a ʊ ɹ̩	ʃ a ʊ ɹ̩ d	p a ʊ ɹ̩ d	1	1	1
model_stem	s ɑː k	s ɑː k t	s ɑː k t	d ɑː k	d ɑː k t	s ɑː k t	1	1	1
model_stem	w uː p	w uː p t	w uː p t	l uː p	l uː p t	w uː p t	1	1	1
model_stem	r iː m a ɪ n d	r iː m a ɪ n d ə d	r iː m a ɪ n d ə d	r iː b a ʊ n d	r iː b a ʊ n d ə d	r iː m a ɪ n d ə d	1	1	1
model_stem	h æ n d ə l	h æ n d ə l d	h æ n d ə l d	f ʌ m b ə l	f ʌ m b ə l d	h æ n d ə l d	1	1	1
model_stem	s n iː z	s n iː z d	s n iː z d	f r iː z	f r o ʊ z	s n o ʊ z	1	0	0
model_stem	v ɪ z ɪ t	v ɪ z ɪ t ə d	v ɪ z ɪ t ə d	ɡ r e ɪ t	ɡ r e ɪ t ə d	v ɪ z ɪ t ə d	1	1	1
model_stem	s l a ɪ d	s l ɪ d	s l a ɪ d ə d	f o ʊ l d	f o ʊ l d ə d	s l a ɪ d ə d	0	1	0
model_stem	p l æ n	p l æ n d	p l æ n d	k l iː n	k l iː n d	p l æ n d	1	1	1
model_stem	ɛ l b o ʊ	ɛ l b o ʊ d	ɛ l b o ʊ d	f ɑː l o ʊ	f ɑː l o ʊ d	ɛ l b o ʊ d	1	1	1
model_stem	b ɑː k s	b ɑː k s t	b ɑː k s t	w æ k s	w æ k s t	b ɑː k s t	1	1	1
model_stem	ɪ n k l uː d	ɪ n k l uː d ə d	ɪ n k l uː d ə d	d ɪ s a ɪ d	d ɪ s a ɪ d ə d	ɪ n k l uː d ə d	1	1	1
model_stem	b ɹ̩ n	b ɹ̩ n d	b ɹ̩ n d	t ɹ̩ n	t ɹ̩ n d	b ɹ̩ n d	1	1	1
model_stem	ʃ e ɪ p	ʃ e ɪ p t	ʃ e ɪ p t	t e ɪ p	t e ɪ p t	ʃ e ɪ p t	1	1	1
model_stem	b o ʊ n	b o ʊ n d	b o ʊ n d	l o ʊ n	l o ʊ n d	b o ʊ n d	1	1	1
model_stem	f ɪ l	f ɪ l d	f ɪ l d	w ɪ l	w ɪ l d	f ɪ l d	1	1	1
model_stem	m æ s k	m æ s k t	m æ s k t	l ɪ ŋ k	l ɪ ŋ k t	m æ s k t	1	1	1
model_stem	s ɛ l ə b r e ɪ t	s ɛ l ə b r e ɪ t ə d	s ɛ l ə b r e ɪ t ə d	f æ b r ə k e ɪ t	f æ b r ə k e ɪ t ə d	s ɛ l ə b r e ɪ t ə d	1	1	1
model_stem	k r ʌ m b ə l	k r ʌ m b ə l d	k r ʌ m b ə l d	k r ʌ m p ə l	k r ʌ m p ə l d	k r ʌ m b ə l d	1	1	1
model_stem	r ɑː k	r ɑː k t	r ɑː k t	d ɑː k	d ɑː k t	r ɑː k t	1	1	1
model_stem	ɡ ɛ r ə n t iː	ɡ ɛ r ə n t iː d	ɡ ɛ r ə n t ə d	p ɹ̩ s ə v ɪ r	p ɹ̩ s ə v ɪ r d	ɡ ɛ r ə n t iː d	1	0	1
model_stem	k ə n ɛ k t	k ə n ɛ k t ə d	k ə n ɛ k t ə d	k ə l ɛ k t	k ə l ɛ k t ə d	k ə n ɛ k t ə d	1	1	1
model_stem	t ɔ s	t ɔ s t	t ɔ s t	k ɪ s	k ɪ s t	t ɔ s t	1	1	1
model_stem	iː v ɪ n	iː v ɪ n d	iː v ɪ n d	ɡ r ɪ n	ɡ r ɪ n d	iː v ɪ n d	1	1	1
model_stem	b a ʊ n s	b a ʊ n s t	b a ʊ n s t	ɡ r o ʊ s	ɡ r o ʊ s t	b a ʊ n s t	1	1	1
model_stem	ɹ̩ n	ɹ̩ n d	ɹ̩ n d	d r e ɪ n	d r e ɪ n d	ɹ̩ n d	1	1	1
model_stem	k l a ʊ d	k l a ʊ d ə d	k l a ʊ d ə d	k r a ʊ d	k r a ʊ d ə d	k l a ʊ d ə d	1	1	1
model_stem	k ʌ p ə l	k ʌ p ə l d	k ʌ p ə l d	s ɛ t ə l	s ɛ t ə l d	k ʌ p ə l d	1	1	1
model_stem	f l ʌ ʃ	f l ʌ ʃ t	f l ʌ ʃ t	b l ʌ ʃ	b l ʌ ʃ t	f l ʌ ʃ t	1	1	1
model_stem	h ɑː r n ə s	h ɑː r n ə s t	h ɑː r n ə s t	p r ɑː m ə s	p r ɑː m ə s t	h ɑː r n ə s t	1	1	1
model_stem	b r a ʊ n	b r a ʊ n d	b r a ʊ n d	t͡ʃ ɪ k ə n	t͡ʃ ɪ k ə n d	b r a ʊ n d	1	1	1
model_stem	s t ɪ ŋ k	s t ʌ ŋ k	s t ʌ ŋ k t	b l ɪ ŋ k	b l ɪ ŋ k t	s t ɪ ŋ k t	0	0	0
model_stem	r iː f r ɛ ʃ	r iː f r ɛ ʃ t	r iː f r ɛ ʃ t	b r ʌ ʃ	b r ʌ ʃ t	r iː f r ɛ ʃ t	1	1	1
model_stem	p r ə f ɹ̩	p r ə f ɹ̩ d	p r ə f ɹ̩ d	p a ʊ d ɹ̩	p a ʊ d ɹ̩ d	p r ə f ɹ̩ d	1	1	1
model_stem	s t iː l	s t o ʊ l	s t iː l d	s w ɹ̩ l	s w ɹ̩ l d	s t iː l d	0	1	0
model_stem	b æ n d	b æ n d ə d	b æ n d ə d	b r ɛ d	b r ɛ d ə d	b æ n d ə d	1	1	1
model_stem	r ɪ d	r ɪ d	r ɪ d	r iː d	r ɛ d	NA	0	0	0
model_stem	k o ʊ ɑː p ɹ̩ e ɪ t	k o ʊ ɑː p ɹ̩ e ɪ t ə d	k o ʊ ɑː p ɹ̩ e ɪ t ə d	f æ b r ə k e ɪ t	f æ b r ə k e ɪ t ə d	k o ʊ ɑː p ɹ̩ e ɪ t ə d	1	1	1
model_stem	b ɑː ð ɹ̩	b ɑː ð ɹ̩ d	b ɑː ð ɹ̩ d	b æ t ɹ̩	b æ t ɹ̩ d	b ɑː ð ɹ̩ d	1	1	1
model_stem	r ɛ s t	r ɛ s t ə d	r ɛ s t ə d	r a ɪ t	r o ʊ t	NA	1	0	0
model_stem	ɑː k j ə p a ɪ	ɑː k j ə p a ɪ d	ɑː k j ə p ə p a ɪ d	d ɪ s p l e ɪ	d ɪ s p l e ɪ d	ɑː k j ə p a ɪ d	1	0	1
model_stem	s k r ɪ b ə l	s k r ɪ b ə l d	s k r ɪ b ə l d	s t r æ d ə l	s t r æ d ə l d	s k r ɪ b ə l d	1	1	1
model_stem	b l æ s t	b l æ s t ə d	b l æ s t ə d	t o ʊ s t	t o ʊ s t ə d	b l æ s t ə d	1	1	1
model_stem	h æ m ɹ̩	h æ m ɹ̩ d	h æ m ɹ̩ d	h ʌ v ɹ̩	h ʌ v ɹ̩ d	h æ m ɹ̩ d	1	1	1
model_stem	d r ɪ l	d r ɪ l d	d r ɪ l d	ɡ r ɪ l	ɡ r ɪ l d	d r ɪ l d	1	1	1
model_stem	p r æ k t ɪ s	p r æ k t ɪ s t	p r æ k t ɪ s t	r iː p l e ɪ s	r iː p l e ɪ s t	p r æ k t ɪ s t	1	1	1
model_stem	t a ɪ p	t a ɪ p t	t a ɪ p t	w a ɪ p	w a ɪ p t	t a ɪ p t	1	1	1
model_stem	æ d	æ d ə d	æ d	ʃ ʌ t	ʃ ʌ t	æ d	1	1	0
model_stem	b o ʊ l	b o ʊ l d	b o ʊ l d	b ɔ ɪ l	b ɔ ɪ l d	b o ʊ l d	1	1	1
model_stem	t o ʊ t	t o ʊ t ə d	t o ʊ t ə d	t r iː t	t r iː t ə d	t o ʊ t ə d	1	1	1
model_stem	s w ɪ ʃ	s w ɪ ʃ t	s w ɪ ʃ t	s m æ ʃ	s m æ ʃ t	s w ɪ ʃ t	1	1	1
model_stem	b l e ɪ m	b l e ɪ m d	b l e ɪ m d	ə l ɑː r m	ə l ɑː r m d	b l e ɪ m d	1	1	1
model_stem	ɪ k s a ɪ t	ɪ k s a ɪ t ə d	ɪ k s a ɪ t ə d	ɪ n v a ɪ t	ɪ n v a ɪ t ə d	ɪ k s a ɪ t ə d	1	1	1
model_stem	t͡ʃ a ɪ m	t͡ʃ a ɪ m d	t͡ʃ a ɪ m d	k o ʊ m	k o ʊ m d	t͡ʃ a ɪ m d	1	1	1
model_stem	t͡ʃ iː r	t͡ʃ iː r d	t͡ʃ iː r d	ɡ iː r	ɡ iː r d	t͡ʃ iː r d	1	1	1
model_stem	f r e ɪ m	f r e ɪ m d	f r e ɪ m d	b ɪ k ʌ m	b ɪ k e ɪ m	NA	1	0	0
model_stem	d æ m	d æ m d	d æ m d	d͡ʒ æ m	d͡ʒ æ m d	d æ m d	1	1	1
model_stem	t͡ʃ iː t	t͡ʃ iː t ə d	t͡ʃ iː t	b iː t	b iː t	t͡ʃ iː t	1	1	0
model_stem	l iː n	l iː n d	l iː n d	w iː n	w iː n d	l iː n d	1	1	1
model_stem	s k r iː m	s k r iː m d	s k r iː m d	s t ɔ r m	s t ɔ r m d	s k r iː m d	1	1	1
model_stem	ɪ ɡ n ɔ r	ɪ ɡ n ɔ r d	ɪ ɡ n ɔ r d	ɛ n ʃ ʊ r	ɛ n ʃ ʊ r d	ɪ ɡ n ɔ r d	1	1	1
model_stem	s k uː p	s k uː p t	s k uː p t	s w uː p	s w uː p t	s k uː p t	1	1	1
model_stem	θ ʌ m p	θ ʌ m p t	θ ʌ m p t	b ʌ m p	b ʌ m p t	θ ʌ m p t	1	1	1
model_stem	s t iː r	s t iː r d	s t iː r d	s t ɛ r	s t ɛ r d	s t iː r d	1	1	1
model_stem	s p ɪ n	s p ʌ n	s p ɪ n d	s p æ n	s p æ n d	s p ɪ n d	0	1	0
model_stem	h ʌ f	h ʌ f t	h ʌ f t	r ʌ f	r ʌ f t	h ʌ f t	1	1	1
model_stem	t ɛ n d	t ɛ n d ə d	t ɛ n d ə d	b ɛ n d	b ɛ n d ə d	t ɛ n d ə d	1	1	1
model_stem	s p e ɪ s	s p e ɪ s t	s p e ɪ s t	s p a ɪ s	s p a ɪ s t	s p e ɪ s t	1	1	1
model_stem	s t r e ɪ t ə n	s t r e ɪ t ə n d	s t r e ɪ t ə n d	m e ɪ n t e ɪ n	m e ɪ n t e ɪ n d	s t r e ɪ t ə n d	1	1	1
model_stem	p iː t ɹ̩	p iː t ɹ̩ d	p iː t ɹ̩ d	b ɛ t ɹ̩	b ɛ t ɹ̩ d	p iː t ɹ̩ d	1	1	1
model_stem	m a ɪ n	m a ɪ n d	m a ɪ n d	l a ɪ n	l a ɪ n d	m a ɪ n d	1	1	1
model_stem	h iː l	h iː l d	h iː l d	w iː l	w iː l d	h iː l d	1	1	1
model_stem	ə t r æ k t	ə t r æ k t ə d	ə t r æ k t ə d	ə t ɛ m p t	ə t ɛ m p t ə d	ə t r æ k t ə d	1	1	1
model_stem	s k w ɛ r	s k w ɛ r d	s k w ɛ r d	ɛ n ʃ ʊ r	ɛ n ʃ ʊ r d	s k w ɛ r d	1	1	1
model_stem	f l ʌ f	f l ʌ f t	f l ʌ f t	s n ʌ f	s n ʌ f t	f l ʌ f t	1	1	1
model_stem	t o ʊ n	t o ʊ n d	t o ʊ n d	f o ʊ n	f o ʊ n d	t o ʊ n d	1	1	1
model_stem	d͡ʒ ɪ m iː	d͡ʒ ɪ m iː d	d͡ʒ ɪ m iː d	d͡ʒ ɛ l iː	d͡ʒ ɛ l iː d	d͡ʒ ɪ m iː d	1	1	1
model_stem	s m a ɪ l	s m a ɪ l d	s m a ɪ l d	r iː f ɪ l	r iː f ɪ l d	s m a ɪ l d	1	1	1
model_stem	ə n w a ɪ n d	ə n w a ʊ n d	ə n w a ɪ n d ə d	r iː b a ʊ n d	r iː b a ʊ n d ə d	ə n w a ɪ n d ə d	0	1	0
model_stem	d ɪ k l ɛ r	d ɪ k l ɛ r d	d ɪ k l ɛ r d	k ə m p ɛ r	k ə m p ɛ r d	d ɪ k l ɛ r d	1	1	1
model_stem	k ə n d ʌ k t	k ə n d ʌ k t ə d	k ə n d ʌ k t ə d	k ə m p l iː t	k ə m p l iː t ə d	k ə n d ʌ k t ə d	1	1	1
model_stem	s t r e ɪ n	s t r e ɪ n d	s t r e ɪ n d	ʃ ɔ r t ə n	ʃ ɔ r t ə n d	s t r e ɪ n d	1	1	1
model_stem	k ə l æ p s	k ə l æ p s t	k ə l æ p s t	ə n d r ɛ s	ə n d r ɛ s t	k ə l æ p s t	1	1	1
model_stem	p ɑː r t ɪ s ə p e ɪ t	p ɑː r t ɪ s ə p e ɪ t ə d	p ɑː r t ɪ s t ɪ t ə d	r iː ɪ v æ l j uː e ɪ t	r iː ɪ v æ l j uː e ɪ t ə d	p ɑː r t ɪ s ə p e ɪ t ə d	1	0	1
model_stem	t r æ n z l e ɪ t	t r æ n z l e ɪ t ə d	t r æ n z ɑː a ɪ t ə d	ɡ r æ d͡ʒ ə w e ɪ t	ɡ r æ d͡ʒ ə w e ɪ t ə d	t r æ n z l e ɪ t ə d	1	0	1
model_stem	d ɪ s k ʌ s	d ɪ s k ʌ s t	d ɪ s k ʌ s t	f o ʊ k ə s	f o ʊ k ə s t	d ɪ s k ʌ s t	1	1	1
model_stem	f ɹ̩ ɡ ɪ v	f ɹ̩ ɡ e ɪ v	f ɹ̩ ɡ j v d	ə r a ɪ v	ə r a ɪ v d	f ɹ̩ ɡ ɪ v d	0	0	0
model_stem	ə r a ɪ z	ə r o ʊ z	ə r a ɪ z d	ɡ r e ɪ z	ɡ r e ɪ z d	ə r a ɪ z d	0	1	0
model_stem	f r a ɪ t ə n	f r a ɪ t ə n d	f r a ɪ t ə n d	b r a ɪ t ə n	b r a ɪ t ə n d	f r a ɪ t ə n d	1	1	1
model_stem	ɔ ɪ l	ɔ ɪ l d	ɔ ɪ l d	t͡ʃ ɪ l	t͡ʃ ɪ l d	ɔ ɪ l d	1	1	1
model_stem	ə n l o ʊ d	ə n l o ʊ d ə d	ə n l o ʊ d ə d	k ə l a ɪ d	k ə l a ɪ d ə d	ə n l o ʊ d ə d	1	1	1
model_stem	ɡ r ʌ m b ə l	ɡ r ʌ m b ə l d	ɡ r ʌ m b ə l d	k r ʌ m p ə l	k r ʌ m p ə l d	ɡ r ʌ m b ə l d	1	1	1
model_stem	r ɛ k	r ɛ k t	r ɛ k t	t͡ʃ ɛ k	t͡ʃ ɛ k t	r ɛ k t	1	1	1
model_stem	s p ɑː t	s p ɑː t ə d	s p ɑː t	s p ɪ t	s p æ t	NA	1	0	0
model_stem	b ʌ t ɹ̩	b ʌ t ɹ̩ d	b ʌ t ɹ̩ d	b æ t ɹ̩	b æ t ɹ̩ d	b ʌ t ɹ̩ d	1	1	1
model_stem	s t iː p	s t iː p t	s t iː p t	s w iː p	s w ɛ p t	s t ɛ p t	1	0	0
model_stem	h ʌ s ə l	h ʌ s ə l d	h ʌ s ə l d	ʃ ʌ t ə l	ʃ ʌ t ə l d	h ʌ s ə l d	1	1	1
model_stem	k ə n t ɪ n j uː	k ə n t ɪ n j uː d	k ə n t ɪ n t ɪ d	b ɑː r b ɪ k j uː	b ɑː r b ɪ k j uː d	k ə n t ɪ n j uː d	1	0	1
model_stem	r ɛ n t	r ɛ n t ə d	r ɛ n t ə d	m j uː t	m j uː t ə d	r ɛ n t ə d	1	1	1
model_stem	k r ʌ n t͡ʃ	k r ʌ n t͡ʃ t	k r ʌ n t͡ʃ t	k l ɪ n t͡ʃ	k l ɪ n t͡ʃ t	k r ʌ n t͡ʃ t	1	1	1
model_stem	r ɛ s k j uː	r ɛ s k j uː d	r ɛ s k j uː d	ɑː r ɡ j uː	ɑː r ɡ j uː d	r ɛ s k j uː d	1	1	1
model_stem	t ɑː p	t ɑː p t	t ɑː p t	m ɑː p	m ɑː p t	t ɑː p t	1	1	1
model_stem	b l iː d	b l ɛ d	b l iː d ə d	b ɪ l d	b ɪ l t	b l iː t	0	0	0
model_stem	p r ɪ k	p r ɪ k t	p r ɪ k t	t r ɪ k	t r ɪ k t	p r ɪ k t	1	1	1
model_stem	o ʊ ɡ ə l	o ʊ ɡ ə l d	o ʊ ɡ ə l d	d͡ʒ ʌ ɡ ə l	d͡ʒ ʌ ɡ ə l d	o ʊ ɡ ə l d	1	1	1
model_stem	s ɔ ɪ l	s ɔ ɪ l d	s ɔ ɪ l d	s t ɪ l	s t ɪ l d	s ɔ ɪ l d	1	1	1
model_stem	ɡ ɑː l f	ɡ ɑː l f t	ɡ ɑː l f t	s n ʌ f	s n ʌ f t	ɡ ɑː l f t	1	1	1
model_stem	b ʌ s t	b ʌ s t ə d	b ʌ s t ə d	b ɛ s t	b ɛ s t ə d	b ʌ s t ə d	1	1	1
model_stem	r iː s a ɪ k ə l	r iː s a ɪ k ə l d	r iː s a ɪ k ə l d	b a ɪ s ɪ k ə l	b a ɪ s ɪ k ə l d	r iː s a ɪ k ə l d	1	1	1
model_stem	s t uː	s t uː d	s t uː d	ɡ l uː	ɡ l uː d	s t uː d	1	1	1
model_stem	b æ t	b æ t ə d	b æ t	b iː t	b iː t	b æ t	1	1	0
model_stem	s ʌ f ɹ̩	s ʌ f ɹ̩ d	s ʌ f ɹ̩ d	s ɪ m ɹ̩	s ɪ m ɹ̩ d	s ʌ f ɹ̩ d	1	1	1
model_stem	v ɪ ʒ w ə l a ɪ z	v ɪ ʒ w ə l a ɪ z d	v ɪ l ə l ə d	r ɛ k ə ɡ n a ɪ z	r ɛ k ə ɡ n a ɪ z d	v ɪ ʒ w ə l a ɪ z d	1	0	1
model_stem	k æ p	k æ p t	k æ p t	l æ p	l æ p t	k æ p t	1	1	1
model_stem	t ʌ m b ə l	t ʌ m b ə l d	t ʌ m b ə l d	t r ʌ b ə l	t r ʌ b ə l d	t ʌ m b ə l d	1	1	1
model_stem	d ɪ s k r a ɪ b	d ɪ s k r a ɪ b d	d ɪ s k r a ɪ b d	ɔ r ɡ ə n a ɪ z	ɔ r ɡ ə n a ɪ z d	d ɪ s k r a ɪ b d	1	1	1
model_stem	h ɛ z ə t e ɪ t	h ɛ z ə t e ɪ t ə d	h t ɛ z t e ɪ t ə d	æ ɡ r ə v e ɪ t	æ ɡ r ə v e ɪ t ə d	h ɛ z ə t e ɪ t ə d	1	0	1
model_stem	m ɑː r	m ɑː r d	m ɑː r d	b ɑː r	b ɑː r d	m ɑː r d	1	1	1
model_stem	p r ə n a ʊ n s	p r ə n a ʊ n s t	p r ə n a ʊ n a d	ɪ n t r ə d uː s	ɪ n t r ə d uː s t	p r ə n a ʊ n s t	1	0	1
model_stem	f ɪ k s e ɪ t	f ɪ k s e ɪ t ə d	f ɪ k s e ɪ t ə d	d ɛ k ɹ̩ e ɪ t	d ɛ k ɹ̩ e ɪ t ə d	f ɪ k s e ɪ t ə d	1	1	1
model_stem	b ɑː s	b ɑː s t	b ɑː s t	b ʌ s	b ʌ s t	b ɑː s t	1	1	1
model_stem	d ɪ s t ɹ̩ b	d ɪ s t ɹ̩ b d	d ɪ s t ɹ̩ b d	ə b z ɔ r b	ə b z ɔ r b d	d ɪ s t ɹ̩ b d	1	1	1
model_stem	s n æ k	s n æ k t	s n æ k t	s m æ k	s m æ k t	s n æ k t	1	1	1
model_stem	d ʌ s t	d ʌ s t ə d	d ʌ s t ə d	d e ɪ t	d e ɪ t ə d	d ʌ s t ə d	1	1	1
model_stem	m o ʊ n	m o ʊ n d	m o ʊ n d	l o ʊ n	l o ʊ n d	m o ʊ n d	1	1	1
model_stem	p iː l	p iː l d	p iː l d	p ʊ l	p ʊ l d	p iː l d	1	1	1
model_stem	f l ɑː p	f l ɑː p t	f l ɑː p t	p l ɑː p	p l ɑː p t	f l ɑː p t	1	1	1
model_stem	f l æ ʃ	f l æ ʃ t	f l æ ʃ t	s m æ ʃ	s m æ ʃ t	f l æ ʃ t	1	1	1
model_stem	p e ɪ s t	p e ɪ s t ə d	p e ɪ s t ə d	p ɔ ɪ n t	p ɔ ɪ n t ə d	p e ɪ s t ə d	1	1	1
model_stem	ɡ ɑː r b ə l	ɡ ɑː r b ə l d	ɡ ɑː r b ə l d	m ɑː r b ə l	m ɑː r b ə l d	ɡ ɑː r b ə l d	1	1	1
model_stem	ɪ n t ɛ n d	ɪ n t ɛ n d ə d	ɪ n t ɛ n t ə d	d ɪ p ɛ n d	d ɪ p ɛ n d ə d	ɪ n t ɛ n d ə d	1	0	1
model_stem	r o ʊ t e ɪ t	r o ʊ t e ɪ t ə d	r o ʊ t e ɪ t ə d	æ s p ɹ̩ e ɪ t	æ s p ɹ̩ e ɪ t ə d	r o ʊ t e ɪ t ə d	1	1	1
model_stem	s ɑː l v	s ɑː l v d	s ɑː l v d	s w ɹ̩ v	s w ɹ̩ v d	s ɑː l v d	1	1	1
model_stem	r ɪ s p ɑː n d	r ɪ s p ɑː n d ə d	r ɪ s p ɑː n d ə d	d ɪ s k ɑː r d	d ɪ s k ɑː r d ə d	r ɪ s p ɑː n d ə d	1	1	1
model_stem	p r a ɪ s	p r a ɪ s t	p r a ɪ s t	p l e ɪ s	p l e ɪ s t	p r a ɪ s t	1	1	1
model_stem	h ɑː r p	h ɑː r p t	h ɑː r p t	h ɛ l p	h ɛ l p t	h ɑː r p t	1	1	1
model_stem	ɪ ɡ z ɔ s t	ɪ ɡ z ɔ s t ə d	ɪ ɡ z ɔ s t ə d	ɪ ɡ z ɪ s t	ɪ ɡ z ɪ s t ə d	ɪ ɡ z ɔ s t ə d	1	1	1
model_stem	t ɛ r ə f a ɪ	t ɛ r ə f a ɪ d	t ɛ r ə f a ɪ d	ɡ l ɔ r ə f a ɪ	ɡ l ɔ r ə f a ɪ d	t ɛ r ə f a ɪ d	1	1	1
model_stem	s a ʊ	s a ʊ d	s a ʊ d	s o ʊ	s o ʊ d	s a ʊ d	1	1	1
model_stem	e ɪ d	e ɪ d ə d	e ɪ d ə d	b ɪ d	b e ɪ d	e e ɪ d	1	0	0
model_stem	ə n p æ k	ə n p æ k t	ə n p æ k t	p æ n ɪ k	p æ n ɪ k t	ə n p æ k t	1	1	1
model_stem	p r ɪ v ɛ n t	p r ɪ v ɛ n t ə d	p r ɪ v ɛ n t ə d	p r iː z ɛ n t	p r iː z ɛ n t ə d	p r ɪ v ɛ n t ə d	1	1	1
model_stem	k ə n s ɪ d ɹ̩	k ə n s ɪ d ɹ̩ d	k ə n s ɪ d ɹ̩ d	s p l ɪ n t ɹ̩	s p l ɪ n t ɹ̩ d	k ə n s ɪ d ɹ̩ d	1	1	1
model_stem	w ɑː d	w ɑː d ə d	w ɑː d ə d	n ɑː d	n ɑː d ə d	w ɑː d ə d	1	1	1
model_stem	t r ʌ s t	t r ʌ s t ə d	t r ʌ s t ə d	θ r ʌ s t	θ r ʌ s t	t r ʌ s t	1	0	0
model_stem	m ɑː d ə l	m ɑː d ə l d	m ɑː d ə l d	n iː d ə l	n iː d ə l d	m ɑː d ə l d	1	1	1
model_stem	s t e ɪ p ə l	s t e ɪ p ə l d	s t e ɪ p ə l d	s t r ʌ ɡ ə l	s t r ʌ ɡ ə l d	s t e ɪ p ə l d	1	1	1
model_stem	p r ə v a ɪ d	p r ə v a ɪ d ə d	p r ə v a ɪ d ə d	r iː b a ʊ n d	r iː b a ʊ n d ə d	p r ə v a ɪ d ə d	1	1	1
model_stem	t r ɛ m b ə l	t r ɛ m b ə l d	t r ɛ m b ə l d	ə s ɛ m b ə l	ə s ɛ m b ə l d	t r ɛ m b ə l d	1	1	1
model_stem	p l a ʊ	p l a ʊ d	p l a ʊ d	ə l a ʊ	ə l a ʊ d	p l a ʊ d	1	1	1
model_stem	w æ ɡ	w æ ɡ d	w æ ɡ d	b æ ɡ	b æ ɡ d	w æ ɡ d	1	1	1
model_stem	b l iː t͡ʃ	b l iː t͡ʃ t	b l iː t͡ʃ t	r ɛ n t͡ʃ	r ɛ n t͡ʃ t	b l iː t͡ʃ t	1	1	1
model_stem	t æ t ə l	t æ t ə l d	t æ t ə l d	b ɑː t ə l	b ɑː t ə l d	t æ t ə l d	1	1	1
model_stem	s k ɹ̩ t	s k ɹ̩ t ə d	s k ɹ̩ t	s l ɪ t	s l ɪ t	s k ɹ̩ t	1	1	0
model_stem	ɛ r	ɛ r d	ɛ r d	ɛ ɡ	ɛ ɡ d	ɛ r d	1	1	1
model_stem	ɛ k s ɹ̩ s a ɪ z	ɛ k s ɹ̩ s a ɪ z d	ɛ k s ɹ̩ s a ɪ z d	s uː p ɹ̩ v a ɪ z	s uː p ɹ̩ v a ɪ z d	ɛ k s ɹ̩ s a ɪ z d	1	1	1
model_stem	f ʌ d͡ʒ	f ʌ d͡ʒ d	f ʌ d͡ʒ d	d͡ʒ ʌ d͡ʒ	d͡ʒ ʌ d͡ʒ d	f ʌ d͡ʒ d	1	1	1
model_stem	ɡ ʌ n	ɡ ʌ n d	ɡ ʌ n d	f æ n	f æ n d	ɡ ʌ n d	1	1	1
model_stem	s p ɔ r t	s p ɔ r t ə d	s p ɔ r t	ə p s ɛ t	ə p s ɛ t	s p ɔ r t	1	1	0
model_stem	r ɪ l iː v	r ɪ l iː v d	r ɪ l iː v d	r ə s iː v	r ə s iː v d	r ɪ l iː v d	1	1	1
model_stem	ʃ o ʊ l d ɹ̩	ʃ o ʊ l d ɹ̩ d	ʃ o ʊ l d ɹ̩ d	s p l æ t ɹ̩	s p l æ t ɹ̩ d	ʃ o ʊ l d ɹ̩ d	1	1	1
model_stem	f ɔ r k	f ɔ r k t	f ɔ r k t	f r iː k	f r iː k t	f ɔ r k t	1	1	1
model_stem	t w iː k	t w iː k t	t w iː k t	b ɑː r k	b ɑː r k t	t w iː k t	1	1	1
model_stem	d æ ʃ	d æ ʃ t	d æ ʃ t	m æ ʃ	m æ ʃ t	d æ ʃ t	1	1	1
model_stem	ɪ k s k l e ɪ m	ɪ k s k l e ɪ m d	ɪ k s k l e ɪ m d	p r o ʊ ɡ r æ m	p r o ʊ ɡ r æ m d	ɪ k s k l e ɪ m d	1	1	1
model_stem	s ə s p ɛ k t	s ə s p ɛ k t ə d	s ə s p ɛ k t ə d	ɪ n s p ɛ k t	ɪ n s p ɛ k t ə d	s ə s p ɛ k t ə d	1	1	1
model_stem	t r æ n s f ɔ r m	t r æ n s f ɔ r m d	t r æ n s f ɔ r s t	æ k s ɛ s ɹ̩ a ɪ z	æ k s ɛ s ɹ̩ a ɪ z d	t r æ n s f ɔ r m d	1	0	1
model_stem	θ r ɛ t ə n	θ r ɛ t ə n d	θ r ɛ t ə n d	ʃ ɔ r t ə n	ʃ ɔ r t ə n d	θ r ɛ t ə n d	1	1	1
model_stem	m e ɪ t	m e ɪ t ə d	m e ɪ t ə d	w e ɪ t	w e ɪ t ə d	m e ɪ t ə d	1	1	1
model_stem	ɪ m p r uː v	ɪ m p r uː v d	ɪ m p r uː v d	d ɪ z ɑː l v	d ɪ z ɑː l v d	ɪ m p r uː v d	1	1	1
model_stem	t ɑː l ɹ̩ e ɪ t	t ɑː l ɹ̩ e ɪ t ə d	t ɑː l ɹ̩ e ɪ t ə d	æ s p ɹ̩ e ɪ t	æ s p ɹ̩ e ɪ t ə d	t ɑː l ɹ̩ e ɪ t ə d	1	1	1
model_stem	h ɔ n t	h ɔ n t ə d	h ɔ n t ə d	p a ʊ t	p a ʊ t ə d	h ɔ n t ə d	1	1	1
model_stem	t æ k	t æ k t	t æ k t	b æ k	b æ k t	t æ k t	1	1	1
model_stem	ɪ n d͡ʒ ɹ̩	ɪ n d͡ʒ ɹ̩ d	ɪ n d͡ʒ ɹ̩ d	æ n s ɹ̩	æ n s ɹ̩ d	ɪ n d͡ʒ ɹ̩ d	1	1	1
model_stem	p r ɪ d ɪ k t	p r ɪ d ɪ k t ə d	p r ɪ d ɪ k t ə d	t r ʌ m p ə t	t r ʌ m p ə t ə d	p r ɪ d ɪ k t ə d	1	1	1
model_stem	d ɪ z a ɪ n	d ɪ z a ɪ n d	d ɪ z a ɪ n d	d ɪ f a ɪ n	d ɪ f a ɪ n d	d ɪ z a ɪ n d	1	1	1
model_stem	b ʌ n d ə l	b ʌ n d ə l d	b ʌ n d ə l d	f ʌ m b ə l	f ʌ m b ə l d	b ʌ n d ə l d	1	1	1
model_stem	r ɪ s ɛ s	r ɪ s ɛ s t	r ɪ s ɛ s t	p r ɛ s	p r ɛ s t	r ɪ s ɛ s t	1	1	1
model_stem	b l a ɪ n d	b l a ɪ n d ə d	b l a ɪ n d ə d	k ə l a ɪ d	k ə l a ɪ d ə d	b l a ɪ n d ə d	1	1	1
model_stem	d r ʌ ɡ	d r ʌ ɡ d	d r ʌ ɡ d	d r æ ɡ	d r æ ɡ d	d r ʌ ɡ d	1	1	1
model_stem	f l e ɪ v ɹ̩	f l e ɪ v ɹ̩ d	f l e ɪ v ɹ̩ d	ə n k ʌ v ɹ̩	ə n k ʌ v ɹ̩ d	f l e ɪ v ɹ̩ d	1	1	1
model_stem	r ɪ p ɛ r	r ɪ p ɛ r d	r ɪ p ɛ r d	k l iː r	k l iː r d	r ɪ p ɛ r d	1	1	1
model_stem	k ɹ̩ s	k ɹ̩ s t	k ɹ̩ s t	k ɪ s	k ɪ s t	k ɹ̩ s t	1	1	1
model_stem	ɪ n t͡ʃ	ɪ n t͡ʃ t	ɪ n t͡ʃ t	t iː t͡ʃ	t ɔ t	NA	1	0	0
model_stem	t r æ n z m ɪ t	t r æ n z m ɪ t ə d	t r æ n z m d	k ɑː n t r æ k t	k ɑː n t r æ k t ə d	t r æ n z m ɪ t ə d	1	0	1
model_stem	ʃ æ m p uː	ʃ æ m p uː d	ʃ æ m p uː d	ɑː r ɡ j uː	ɑː r ɡ j uː d	ʃ æ m p uː d	1	1	1
model_stem	ɪ n k r iː s	ɪ n k r iː s t	ɪ n k r iː s t	z ɪ r ɑː k s	z ɪ r ɑː k s t	ɪ n k r iː s t	1	1	1
model_stem	b ʊ t͡ʃ ɹ̩	b ʊ t͡ʃ ɹ̩ d	b ʊ t͡ʃ ɹ̩ d	b æ t ɹ̩	b æ t ɹ̩ d	b ʊ t͡ʃ ɹ̩ d	1	1	1
model_stem	d o ʊ n e ɪ t	d o ʊ n e ɪ t ə d	d o ʊ n e ɪ t ə d	s ɪ t͡ʃ uː e ɪ t	s ɪ t͡ʃ uː e ɪ t ə d	d o ʊ n e ɪ t ə d	1	1	1
model_stem	t͡ʃ æ l ə n d͡ʒ	t͡ʃ æ l ə n d͡ʒ d	t͡ʃ æ l ə n d͡ʒ d	ə r e ɪ n d͡ʒ	ə r e ɪ n d͡ʒ d	t͡ʃ æ l ə n d͡ʒ d	1	1	1
model_stem	ɛ ɡ z ɪ t	ɛ ɡ z ɪ t ə d	ɛ ɡ z ɪ t ə d	ɡ r e ɪ t	ɡ r e ɪ t ə d	ɛ ɡ z ɪ t ə d	1	1	1
model_stem	b ʊ k	b ʊ k t	b o ʊ k	h ʊ k	h ʊ k t	b ʊ k t	1	0	1
model_stem	m j uː z	m j uː z d	m j uː z d	b r uː z	b r uː z d	m j uː z d	1	1	1
model_stem	p ɔ ɪ z ə n	p ɔ ɪ z ə n d	p ɔ ɪ z ə n d	f r ɛ ʃ ə n	f r ɛ ʃ ə n d	p ɔ ɪ z ə n d	1	1	1
model_stem	ɪ n f l uː ə n s	ɪ n f l uː ə n s t	ɪ n f l ə n d	ɪ n t r ə d uː s	ɪ n t r ə d uː s t	ɪ n f l uː ə n s t	1	0	1
model_stem	s t r æ ŋ ɡ ə l	s t r æ ŋ ɡ ə l d	s t r æ ŋ ɡ ə l d	s k r æ m b ə l	s k r æ m b ə l d	s t r æ ŋ ɡ ə l d	1	1	1
model_stem	ɪ ʃ uː	ɪ ʃ uː d	ɪ ʃ uː d	ɡ l uː	ɡ l uː d	ɪ ʃ uː d	1	1	1
model_stem	ɪ m p r ɛ s	ɪ m p r ɛ s t	ɪ m p r ɛ s t	ə n d r ɛ s	ə n d r ɛ s t	ɪ m p r ɛ s t	1	1	1
model_stem	p r ə d uː s	p r ə d uː s t	p r ə d uː s t	b æ l ə n s	b æ l ə n s t	p r ə d uː s t	1	1	1
model_stem	n æ ɡ	n æ ɡ d	n æ ɡ d	b æ ɡ	b æ ɡ d	n æ ɡ d	1	1	1
model_stem	o ʊ v ɹ̩ k ʊ k	o ʊ v ɹ̩ k ʊ k t	o ʊ v ɹ̩ k e ɪ k	m ɪ s t e ɪ k	m ɪ s t ʊ k	NA	1	0	0
model_stem	e ɪ m	e ɪ m d	e ɪ m d	b iː m	b iː m d	e ɪ m d	1	1	1
model_stem	ɪ m ə t e ɪ t	ɪ m ə t e ɪ t ə d	ɪ m ə m e ɪ t ə d	æ s p ɹ̩ e ɪ t	æ s p ɹ̩ e ɪ t ə d	ɪ m ə t e ɪ t ə d	1	0	1
model_stem	t͡ʃ ɹ̩ n	t͡ʃ ɹ̩ n d	t͡ʃ ɹ̩ n d	t ɹ̩ n	t ɹ̩ n d	t͡ʃ ɹ̩ n d	1	1	1
model_stem	k a ʊ n t ɹ̩	k a ʊ n t ɹ̩ d	k a ʊ n t ɹ̩ d	s p l æ t ɹ̩	s p l æ t ɹ̩ d	k a ʊ n t ɹ̩ d	1	1	1
model_stem	m ɪ s t r iː t	m ɪ s t r iː t ə d	m ɪ s t r iː t ə d	k ə m p l iː t	k ə m p l iː t ə d	m ɪ s t r iː t ə d	1	1	1
model_stem	k ə m b a ɪ n	k ə m b a ɪ n d	k ə m b a ɪ n d	k w ɛ s t͡ʃ ə n	k w ɛ s t͡ʃ ə n d	k ə m b a ɪ n d	1	1	1
model_stem	h ɪ n t	h ɪ n t ə d	h ɪ n t ə d	h ʌ n t	h ʌ n t ə d	h ɪ n t ə d	1	1	1
model_stem	ə p r o ʊ p r iː e ɪ t	ə p r o ʊ p r iː e ɪ t ə d	ə p r o ʊ p r iː e ɪ t ə d	k ɑː n s ə n t r e ɪ t	k ɑː n s ə n t r e ɪ t ə d	ə p r o ʊ p r iː e ɪ t ə d	1	1	1
model_stem	p r ɑː d͡ʒ ɛ k t	p r ɑː d͡ʒ ɛ k t ə d	p r ɑː d͡ʒ ɛ k t ə d	r ɪ s p ɛ k t	r ɪ s p ɛ k t ə d	p r ɑː d͡ʒ ɛ k t ə d	1	1	1
model_stem	f ɔ r w ɹ̩ d	f ɔ r w ɹ̩ d ə d	f ɔ r w ɹ̩ d ə d	r iː b ɪ l d	r iː b ɪ l t	f ɔ r w ɹ̩ t	1	0	0
model_stem	d ɪ s ə ɡ r iː	d ɪ s ə ɡ r iː d	d ɪ s ə ɡ r iː d	b ɪ z iː	b ɪ z iː d	d ɪ s ə ɡ r iː d	1	1	1
model_stem	s t ɑː r t ə l	s t ɑː r t ə l d	s t ɑː r t ə l d	ə s ɛ m b ə l	ə s ɛ m b ə l d	s t ɑː r t ə l d	1	1	1
model_stem	k r æ m	k r æ m d	k r æ m d	k o ʊ m	k o ʊ m d	k r æ m d	1	1	1
model_stem	s ɪ ŋ ɡ ə l	s ɪ ŋ ɡ ə l d	s ɪ ŋ ɡ ə l d	d æ ŋ ɡ ə l	d æ ŋ ɡ ə l d	s ɪ ŋ ɡ ə l d	1	1	1
model_stem	ɡ l ʌ v	ɡ l ʌ v d	ɡ l ʌ v d	s w ɹ̩ v	s w ɹ̩ v d	ɡ l ʌ v d	1	1	1
model_stem	r iː s k ɛ d͡ʒ uː l	r iː s k ɛ d͡ʒ uː l d	r iː s k ɛ d͡ʒ ɛ d͡ʒ d	k ə n t r o ʊ l	k ə n t r o ʊ l d	r iː s k ɛ d͡ʒ uː l d	1	0	1
model_stem	s ɹ̩ v a ɪ v	s ɹ̩ v a ɪ v d	s ɹ̩ v a ɪ v d	b ɪ h e ɪ v	b ɪ h e ɪ v d	s ɹ̩ v a ɪ v d	1	1	1
model_stem	s n ɔ r t	s n ɔ r t ə d	s n ɔ r t ə d	s m ɑː r t	s m ɑː r t ə d	s n ɔ r t ə d	1	1	1
model_stem	ə p l ɔ d	ə p l ɔ d ə d	ə p l ɔ d	s p ɛ n d	s p ɛ n t	ə p l ɔ t	1	0	0
model_stem	b iː f	b iː f t	b iː f t	l iː f	l iː f t	b iː f t	1	1	1
model_stem	t r ʌ d͡ʒ	t r ʌ d͡ʒ d	t r ʌ d͡ʒ d	t͡ʃ ɑː r d͡ʒ	t͡ʃ ɑː r d͡ʒ d	t r ʌ d͡ʒ d	1	1	1
model_stem	v e ɪ k e ɪ ʃ ə n	v e ɪ k e ɪ ʃ ə n d	v e ɪ k e ɪ ʃ e ɪ d	ə p ɑː l ə d͡ʒ a ɪ z	ə p ɑː l ə d͡ʒ a ɪ z d	v e ɪ k e ɪ ʃ ə n d	1	0	1
model_stem	s ə p l ə m ɛ n t	s ə p l ə m ɛ n t ə d	s ə m d ɛ m ə n t ə d	ɡ r æ d͡ʒ ə w e ɪ t	ɡ r æ d͡ʒ ə w e ɪ t ə d	s ə p l ə m ɛ n t ə d	1	0	1
model_stem	m ʌ m b ə l	m ʌ m b ə l d	m ʌ m b ə l d	m ɑː r b ə l	m ɑː r b ə l d	m ʌ m b ə l d	1	1	1
model_stem	æ l a ɪ	æ l a ɪ d	æ l a ɪ d	d r a ɪ	d r a ɪ d	æ l a ɪ d	1	1	1
model_stem	f j uː m	f j uː m d	f j uː m d	f ɪ l m	f ɪ l m d	f j uː m d	1	1	1
model_stem	n ɪ k s	n ɪ k s t	n ɪ k s t	m æ k s	m æ k s t	n ɪ k s t	1	1	1
model_stem	h ɛ d͡ʒ	h ɛ d͡ʒ d	h ɛ d͡ʒ d	b ʌ d͡ʒ	b ʌ d͡ʒ d	h ɛ d͡ʒ d	1	1	1
model_stem	ʃ r iː k	ʃ r iː k t	ʃ r iː k t	s n iː k	s n iː k t	ʃ r iː k t	1	1	1
model_stem	d ɛ d ə k e ɪ t	d ɛ d ə k e ɪ t ə d	d ɛ d ə k e ɪ t ə d	ɪ n d ə k e ɪ t	ɪ n d ə k e ɪ t ə d	d ɛ d ə k e ɪ t ə d	1	1	1
model_stem	r ɛ v	r ɛ v d	r ɛ v d	l ʌ v	l ʌ v d	r ɛ v d	1	1	1
model_stem	n iː	n iː d	n iː d	w iː	w iː d	n iː d	1	1	1
model_stem	r iː ɔ r ɡ ə n a ɪ z	r iː ɔ r ɡ ə n a ɪ z d	r iː ɡ ə n ə n a ɪ z d	r æ ʃ ə n ə l a ɪ z	r æ ʃ ə n ə l a ɪ z d	r iː ɔ r ɡ ə n a ɪ z d	1	0	1
model_stem	a ʊ t f ɑː k s	a ʊ t f ɑː k s t	a ʊ t f ɑː k s t	s ɛ n t ə n s	s ɛ n t ə n s t	a ʊ t f ɑː k s t	1	1	1
model_stem	k ə n s t r ʌ k t	k ə n s t r ʌ k t ə d	k ə n s t r ʌ k t ə d	f æ b r ə k e ɪ t	f æ b r ə k e ɪ t ə d	k ə n s t r ʌ k t ə d	1	1	1
model_stem	f l ɹ̩ iː	f l ɹ̩ iː d	f l ɹ̩ iː d	w iː r iː	w iː r iː d	f l ɹ̩ iː d	1	1	1
model_stem	ɪ n k w a ɪ ɹ̩	ɪ n k w a ɪ ɹ̩ d	ɪ n k w a ɪ ɹ̩ d	r iː k w a ɪ ɹ̩	r iː k w a ɪ ɹ̩ d	ɪ n k w a ɪ ɹ̩ d	1	1	1
model_stem	d͡ʒ e ɪ l	d͡ʒ e ɪ l d	d͡ʒ e ɪ l d	n e ɪ l	n e ɪ l d	d͡ʒ e ɪ l d	1	1	1
model_stem	s w uː ʃ	s w uː ʃ t	s w uː ʃ t	s m æ ʃ	s m æ ʃ t	s w uː ʃ t	1	1	1
model_stem	h ɹ̩ l	h ɹ̩ l d	h ɹ̩ l d	h ɔ l	h ɔ l d	h ɹ̩ l d	1	1	1
string	ɡ ɛ t	ɡ ɑː t	ɡ ɛ t	b ɛ t	b ɛ t	ɡ ɛ t	0	1	0
string	p ʊ t	p ʊ t	p ʊ t	p ɪ t	p ɪ t ə d	p ʊ t ə d	0	0	0
string	ɡ o ʊ	w ɛ n t	ɡ o ʊ d	n o ʊ	n uː	ɡ uː	0	0	0
string	iː t	e ɪ t	iː t ə t	s iː t	s iː t ə d	iː t ə d	0	0	0
string	w ɔ n t	w ɔ n t ə d	w ɔ n t ə d	s ɔ l t	s ɔ l t ə d	w ɔ n t ə d	1	1	1
string	n ɑː k	n ɑː k t	n ɑː k t	n ɑː d	n ɑː d ə d	n ɑː k ə d	1	0	0
string	l ɪ s ə n	l ɪ s ə n d	l ɪ s ə n d	l uː s ə n	l uː s ə n d	l ɪ s ə n d	1	1	1
string	p ʌ f	p ʌ f t	p ʌ f t	r ʌ f	r ʌ f t	p ʌ f t	1	1	1
string	h o ʊ p	h o ʊ p t	h o ʊ p t	r o ʊ p	r o ʊ p t	h o ʊ p t	1	1	1
string	n iː d	n iː d ə d	n iː d ə d	n ɑː d	n ɑː d ə d	n iː d ə d	1	1	1
string	k æ t͡ʃ	k ɔ t	k æ t͡ʃ t	m æ t͡ʃ	m æ t͡ʃ t	k æ t͡ʃ t	0	1	0
string	z ɪ p ɹ̩	z ɪ p ɹ̩ d	z ɪ p ɹ̩ d	z ɪ p	z ɪ p t	z ɪ p ɹ̩ t	1	0	0
string	h ɑː p	h ɑː p t	h ɑː p t	m ɑː p	m ɑː p t	h ɑː p t	1	1	1
string	k æ r iː	k æ r iː d	k æ r iː d	k ɑː p iː	k ɑː p iː d	k æ r iː d	1	1	1
string	r ɪ t ɹ̩ n	r ɪ t ɹ̩ n d	r ɪ t ɹ̩ n d	t ɹ̩ n	t ɹ̩ n d	r ɪ t ɹ̩ n d	1	1	1
string	f iː d	f ɛ d	f iː d ə d	f iː l d	f iː l d ə d	f iː d ə d	0	1	0
string	ɡ ɑː b ə l	ɡ ɑː b ə l d	ɡ ɑː b ə l d	w ɑː b ə l	w ɑː b ə l d	ɡ ɑː b ə l d	1	1	1
string	o ʊ p ə n	o ʊ p ə n d	o ʊ p ə n d	h æ p ə n	h æ p ə n d	o ʊ p ə n d	1	1	1
string	h o ʊ l d	h ɛ l d	h o ʊ l d ə d	h o ʊ l	h o ʊ l d	h o ʊ l d d	0	0	0
string	d ɪ l ɪ v ɹ̩	d ɪ l ɪ v ɹ̩ d	d ɪ l ɪ v ɹ̩ d	d ɪ l iː t	d ɪ l iː t ə d	d ɪ l ɪ v ɹ̩ ə d	1	0	0
string	r ʌ b	r ʌ b d	r ʌ b d	r ʌ n	r æ n	NA	1	0	0
string	w ɑː t͡ʃ	w ɑː t͡ʃ t	w ɑː t͡ʃ t	w ɑː ʃ	w ɑː ʃ t	w ɑː t͡ʃ t	1	1	1
string	p l iː z	p l iː z d	p l iː z d	f r iː z	f r o ʊ z	p l o ʊ z	1	0	0
string	w ɔ k	w ɔ k t	w ɔ k t	h ɔ k	h ɔ k t	w ɔ k t	1	1	1
string	p æ k	p æ k t	p æ k t	p ɪ k	p ɪ k t	p æ k t	1	1	1
string	s a ʊ n d	s a ʊ n d ə d	s a ʊ n d ə d	r a ʊ n d	r a ʊ n d ə d	s a ʊ n d ə d	1	1	1
string	ɡ r æ b	ɡ r æ b d	ɡ r æ b d	d r æ ɡ	d r æ ɡ d	ɡ r æ b d	1	1	1
string	m æ n	m æ n d	m æ n d	m æ p	m æ p t	m æ n t	1	0	0
string	f iː l	f ɛ l t	f iː l d	f iː r	f iː r d	f iː l d	0	1	0
string	n e ɪ m	n e ɪ m d	n e ɪ m d	n e ɪ l	n e ɪ l d	n e ɪ m d	1	1	1
string	f l o ʊ	f l o ʊ d	f l o ʊ d	ɡ l o ʊ	ɡ l o ʊ d	f l o ʊ d	1	1	1
string	w ɛ ð ɹ̩	w ɛ ð ɹ̩ d	w ɛ ð ɹ̩ d	f ɛ ð ɹ̩	f ɛ ð ɹ̩ d	w ɛ ð ɹ̩ d	1	1	1
string	l a ɪ	l e ɪ	l a ɪ d	l a ɪ t	l ɪ t	NA	0	0	0
string	k r æ ʃ	k r æ ʃ t	k r æ ʃ t	k r ʌ ʃ	k r ʌ ʃ t	k r æ ʃ t	1	1	1
string	p e ɪ d͡ʒ	p e ɪ d͡ʒ d	p e ɪ d͡ʒ d	e ɪ d͡ʒ	e ɪ d͡ʒ d	p e ɪ d͡ʒ d	1	1	1
string	t͡ʃ o ʊ k	t͡ʃ o ʊ k t	t͡ʃ o ʊ k t	p o ʊ k	p o ʊ k t	t͡ʃ o ʊ k t	1	1	1
string	b l ɛ s	b l ɛ s t	b l ɛ s t	b l ʌ ʃ	b l ʌ ʃ t	b l ɛ s t	1	1	1
string	d ɪ ŋ	d ɪ ŋ d	d ʌ ŋ	s ɪ ŋ	s æ ŋ	d æ ŋ	1	0	0
string	s ɛ l	s o ʊ l d	s ɛ l d	s p ɛ l	s p ɛ l d	s ɛ l d	0	1	0
string	b ɪ ɡ ɪ n	b ɪ ɡ æ n	b ɪ ɡ ɪ n d	b r e ɪ v	b r e ɪ v d	b ɪ ɡ ɪ n d	0	1	0
string	d͡ʒ ɔ ɪ n	d͡ʒ ɔ ɪ n d	d͡ʒ ɔ ɪ n d	t͡ʃ e ɪ n	t͡ʃ e ɪ n d	d͡ʒ ɔ ɪ n d	1	1	1
string	l ɑː k	l ɑː k t	l ɑː k t	l æ k	l æ k t	l ɑː k t	1	1	1
string	b ɪ l iː v	b ɪ l iː v d	b ɪ l iː v d	b ɪ l ɔ ŋ	b ɪ l ɔ ŋ d	b ɪ l iː v d	1	1	1
string	ə n d ɹ̩ s t æ n d	ə n d ɹ̩ s t ʊ d	ə n d ə n d æ n d ə d	m ɪ s ə n d ɹ̩ s t æ n d	m ɪ s ə n d ɹ̩ s t ʊ d	ə n d ɹ̩ s t ʊ d	0	0	1
string	t r e ɪ n	t r e ɪ n d	t r e ɪ n d	t r e ɪ s	t r e ɪ s t	t r e ɪ n t	1	0	0
string	k r ɔ l	k r ɔ l d	k r ɔ l d	k ɔ l	k ɔ l d	k r ɔ l d	1	1	1
string	p æ t	p æ t ə d	p æ t ə d	p æ n	p æ n d	p æ t d	1	0	0
string	ɔ r d ɹ̩	ɔ r d ɹ̩ d	ɔ r d ɹ̩ d	k ɔ r d	k ɔ r d ə d	ɔ r d ɹ̩ ə d	1	0	0
string	f l a ɪ	f l uː	f l a ɪ d	f r a ɪ	f r a ɪ d	f l a ɪ d	0	1	0
string	l o ʊ d	l o ʊ d ə d	l o ʊ d ə d	l o ʊ n	l o ʊ n d	l o ʊ d d	1	0	0
string	k ə m p l e ɪ n	k ə m p l e ɪ n d	k ə m p l e ɪ n d	k ə n t e ɪ n	k ə n t e ɪ n d	k ə m p l e ɪ n d	1	1	1
string	b l ɛ n d	b l ɛ n d ə d	b l ɛ n d ə d	l ɛ n d	l ɛ n t	b l ɛ n t	1	0	0
string	b l ɑː k	b l ɑː k t	b l ɑː k t	k l ɑː k	k l ɑː k t	b l ɑː k t	1	1	1
string	t ɪ p	t ɪ p t	t ɪ p t	s ɪ p	s ɪ p t	t ɪ p t	1	1	1
string	d͡ʒ ɛ t	d͡ʒ ɛ t ə d	d͡ʒ ɛ t	w ɛ t	w ɛ t	d͡ʒ ɛ t	1	1	0
string	b r iː ð	b r iː ð d	b r iː ð d	b e ɪ ð	b e ɪ ð d	b r iː ð d	1	1	1
string	d a ɪ ə l	d a ɪ ə l d	d a ɪ ə l d	d a ɪ n	d a ɪ n d	d a ɪ ə l d	1	1	1
string	m ɛ n ʃ ə n	m ɛ n ʃ ə n d	m ɛ n ʃ ə n d	s ɛ n t ə n s	s ɛ n t ə n s t	m ɛ n ʃ ə n t	1	0	0
string	h ʌ ɡ	h ʌ ɡ d	h ʌ ɡ d	b ʌ ɡ	b ʌ ɡ d	h ʌ ɡ d	1	1	1
string	p a ʊ ɹ̩	p a ʊ ɹ̩ d	p a ʊ ɹ̩ d	p a ʊ t	p a ʊ t ə d	p a ʊ ɹ̩ ə d	1	0	0
string	s ɑː k	s ɑː k t	s ɑː k t	k ɑː k	k ɑː k t	s ɑː k t	1	1	1
string	w uː p	w uː p t	w uː p t	p uː p	p uː p t	w uː p t	1	1	1
string	r iː m a ɪ n d	r iː m a ɪ n d ə d	r iː m a ɪ n d ə d	r iː b a ʊ n d	r iː b a ʊ n d ə d	r iː m a ɪ n d ə d	1	1	1
string	h æ n d ə l	h æ n d ə l d	h æ n d ə l d	p æ d ə l	p æ d ə l d	h æ n d ə l d	1	1	1
string	s n iː z	s n iː z d	s n iː z d	s n iː k	s n iː k t	s n iː z t	1	0	0
string	v ɪ z ɪ t	v ɪ z ɪ t ə d	v ɪ z ɪ t ə d	d ɪ z ɹ̩ t	d ɪ z ɹ̩ t ə d	v ɪ z ɪ t ə d	1	1	1
string	s l a ɪ d	s l ɪ d	s l a ɪ d ə d	s a ɪ d	s a ɪ d ə d	s l a ɪ d ə d	0	1	0
string	p l æ n	p l æ n d	p l æ n d	p æ n	p æ n d	p l æ n d	1	1	1
string	ɛ l b o ʊ	ɛ l b o ʊ d	ɛ l b o ʊ d	ɛ k o ʊ	ɛ k o ʊ d	ɛ l b o ʊ d	1	1	1
string	b ɑː k s	b ɑː k s t	b ɑː k s t	b æ k	b æ k t	b ɑː k s t	1	1	1
string	ɪ n k l uː d	ɪ n k l uː d ə d	ɪ n k l uː d ə d	k l æ d	k l æ d	ɪ n k l uː d	1	0	0
string	b ɹ̩ n	b ɹ̩ n d	b ɹ̩ n d	l ɹ̩ n	l ɹ̩ n d	b ɹ̩ n d	1	1	1
string	ʃ e ɪ p	ʃ e ɪ p t	ʃ e ɪ p t	ʃ e ɪ d	ʃ e ɪ d ə d	ʃ e ɪ p ə d	1	0	0
string	b o ʊ n	b o ʊ n d	b o ʊ n d	f o ʊ n	f o ʊ n d	b o ʊ n d	1	1	1
string	f ɪ l	f ɪ l d	f ɪ l d	f e ɪ l	f e ɪ l d	f ɪ l d	1	1	1
string	m æ s k	m æ s k t	m æ s k t	æ s k	æ s k t	m æ s k t	1	1	1
string	s ɛ l ə b r e ɪ t	s ɛ l ə b r e ɪ t ə d	s ɛ l ə b r e ɪ t ə d	ɪ l ə s t r e ɪ t	ɪ l ə s t r e ɪ t ə d	s ɛ l ə b r e ɪ t ə d	1	1	1
string	k r ʌ m b ə l	k r ʌ m b ə l d	k r ʌ m b ə l d	k r ʌ m p ə l	k r ʌ m p ə l d	k r ʌ m b ə l d	1	1	1
string	r ɑː k	r ɑː k t	r ɑː k t	d ɑː k	d ɑː k t	r ɑː k t	1	1	1
string	ɡ ɛ r ə n t iː	ɡ ɛ r ə n t iː d	ɡ ɛ r ə n t ə d	f ɛ r ə t	f ɛ r ə t ə d	ɡ ɛ r ə n t iː ə d	1	0	0
string	k ə n ɛ k t	k ə n ɛ k t ə d	k ə n ɛ k t ə d	k ə l ɛ k t	k ə l ɛ k t ə d	k ə n ɛ k t ə d	1	1	1
string	t ɔ s	t ɔ s t	t ɔ s t	t ɔ k	t ɔ k t	t ɔ s t	1	1	1
string	iː v ɪ n	iː v ɪ n d	iː v ɪ n d	r e ɪ n	r e ɪ n d	iː v ɪ n d	1	1	1
string	b a ʊ n s	b a ʊ n s t	b a ʊ n s t	p a ʊ n s	p a ʊ n s t	b a ʊ n s t	1	1	1
string	ɹ̩ n	ɹ̩ n d	ɹ̩ n d	t ɹ̩ n	t ɹ̩ n d	ɹ̩ n d	1	1	1
string	k l a ʊ d	k l a ʊ d ə d	k l a ʊ d ə d	k r a ʊ d	k r a ʊ d ə d	k l a ʊ d ə d	1	1	1
string	k ʌ p ə l	k ʌ p ə l d	k ʌ p ə l d	k ʌ d ə l	k ʌ d ə l d	k ʌ p ə l d	1	1	1
string	f l ʌ ʃ	f l ʌ ʃ t	f l ʌ ʃ t	b l ʌ ʃ	b l ʌ ʃ t	f l ʌ ʃ t	1	1	1
string	h ɑː r n ə s	h ɑː r n ə s t	h ɑː r n ə s t	h ɑː r d ə n	h ɑː r d ə n d	h ɑː r n ə s d	1	0	0
string	b r a ʊ n	b r a ʊ n d	b r a ʊ n d	b r a ʊ z	b r a ʊ z d	b r a ʊ n d	1	1	1
string	s t ɪ ŋ k	s t ʌ ŋ k	s t ʌ ŋ k t	s ɪ ŋ k	s æ ŋ k	s t æ ŋ k	0	0	0
string	r iː f r ɛ ʃ	r iː f r ɛ ʃ t	r iː f r ɛ ʃ t	r iː t r iː v	r iː t r iː v d	r iː f r ɛ ʃ d	1	0	0
string	p r ə f ɹ̩	p r ə f ɹ̩ d	p r ə f ɹ̩ d	r ə f ɹ̩	r ə f ɹ̩ d	p r ə f ɹ̩ d	1	1	1
string	s t iː l	s t o ʊ l	s t iː l d	s t iː m	s t iː m d	s t iː l d	0	1	0
string	b æ n d	b æ n d ə d	b æ n d ə d	s æ n d	s æ n d ə d	b æ n d ə d	1	1	1
string	r ɪ d	r ɪ d	r ɪ d	r ɪ p	r ɪ p t	r ɪ d t	0	0	0
string	k o ʊ ɑː p ɹ̩ e ɪ t	k o ʊ ɑː p ɹ̩ e ɪ t ə d	k o ʊ ɑː p ɹ̩ e ɪ t ə d	ɑː p ɹ̩ e ɪ t	ɑː p ɹ̩ e ɪ t ə d	k o ʊ ɑː p ɹ̩ e ɪ t ə d	1	1	1
string	b ɑː ð ɹ̩	b ɑː ð ɹ̩ d	b ɑː ð ɹ̩ d	b ɑː r k	b ɑː r k t	b ɑː ð ɹ̩ t	1	0	0
string	r ɛ s t	r ɛ s t ə d	r ɛ s t ə d	b ɛ s t	b ɛ s t ə d	r ɛ s t ə d	1	1	1
string	ɑː k j ə p a ɪ	ɑː k j ə p a ɪ d	ɑː k j ə p ə p a ɪ d	k ə l a ɪ d	k ə l a ɪ d ə d	ɑː k j ə p a ɪ ə d	1	0	0
string	s k r ɪ b ə l	s k r ɪ b ə l d	s k r ɪ b ə l d	d r ɪ b ə l	d r ɪ b ə l d	s k r ɪ b ə l d	1	1	1
string	b l æ s t	b l æ s t ə d	b l æ s t ə d	l æ s t	l æ s t ə d	b l æ s t ə d	1	1	1
string	h æ m ɹ̩	h æ m ɹ̩ d	h æ m ɹ̩ d	k æ m p	k æ m p t	h æ m ɹ̩ t	1	0	0
string	d r ɪ l	d r ɪ l d	d r ɪ l d	ɡ r ɪ l	ɡ r ɪ l d	d r ɪ l d	1	1	1
string	p r æ k t ɪ s	p r æ k t ɪ s t	p r æ k t ɪ s t	p æ n ɪ k	p æ n ɪ k t	p r æ k t ɪ s t	1	1	1
string	t a ɪ p	t a ɪ p t	t a ɪ p t	w a ɪ p	w a ɪ p t	t a ɪ p t	1	1	1
string	æ d	æ d ə d	æ d	p æ d	p æ d ə d	æ d ə d	1	0	1
string	b o ʊ l	b o ʊ l d	b o ʊ l d	r o ʊ l	r o ʊ l d	b o ʊ l d	1	1	1
string	t o ʊ t	t o ʊ t ə d	t o ʊ t ə d	n o ʊ t	n o ʊ t ə d	t o ʊ t ə d	1	1	1
string	s w ɪ ʃ	s w ɪ ʃ t	s w ɪ ʃ t	s w ɪ m	s w æ m	NA	1	0	0
string	b l e ɪ m	b l e ɪ m d	b l e ɪ m d	p l e ɪ	p l e ɪ d	b l e ɪ m d	1	1	1
string	ɪ k s a ɪ t	ɪ k s a ɪ t ə d	ɪ k s a ɪ t ə d	ɪ k s ɛ p t	ɪ k s ɛ p t ə d	ɪ k s a ɪ t ə d	1	1	1
string	t͡ʃ a ɪ m	t͡ʃ a ɪ m d	t͡ʃ a ɪ m d	r a ɪ m	r a ɪ m d	t͡ʃ a ɪ m d	1	1	1
string	t͡ʃ iː r	t͡ʃ iː r d	t͡ʃ iː r d	r iː r	r iː r d	t͡ʃ iː r d	1	1	1
string	f r e ɪ m	f r e ɪ m d	f r e ɪ m d	f r e ɪ z	f r e ɪ z d	f r e ɪ m d	1	1	1
string	d æ m	d æ m d	d æ m d	d͡ʒ æ m	d͡ʒ æ m d	d æ m d	1	1	1
string	t͡ʃ iː t	t͡ʃ iː t ə d	t͡ʃ iː t	h iː t	h iː t ə d	t͡ʃ iː t ə d	1	0	1
string	l iː n	l iː n d	l iː n d	l ɹ̩ n	l ɹ̩ n d	l iː n d	1	1	1
string	s k r iː m	s k r iː m d	s k r iː m d	k r iː m	k r iː m d	s k r iː m d	1	1	1
string	ɪ ɡ n ɔ r	ɪ ɡ n ɔ r d	ɪ ɡ n ɔ r d	ɪ ɡ z ɹ̩ t	ɪ ɡ z ɹ̩ t ə d	ɪ ɡ n ɔ r ə d	1	0	0
string	s k uː p	s k uː p t	s k uː p t	s k ɪ p	s k ɪ p t	s k uː p t	1	1	1
string	θ ʌ m p	θ ʌ m p t	θ ʌ m p t	θ ʌ m	θ ʌ m d	θ ʌ m p d	1	0	0
string	s t iː r	s t iː r d	s t iː r d	s t ɔ r	s t ɔ r d	s t iː r d	1	1	1
string	s p ɪ n	s p ʌ n	s p ɪ n d	s p æ n	s p æ n d	s p ɪ n d	0	1	0
string	h ʌ f	h ʌ f t	h ʌ f t	r ʌ f	r ʌ f t	h ʌ f t	1	1	1
string	t ɛ n d	t ɛ n d ə d	t ɛ n d ə d	s ɛ n d	s ɛ n t	t ɛ n t	1	0	0
string	s p e ɪ s	s p e ɪ s t	s p e ɪ s t	s p a ɪ s	s p a ɪ s t	s p e ɪ s t	1	1	1
string	s t r e ɪ t ə n	s t r e ɪ t ə n d	s t r e ɪ t ə n d	s t e ɪ ʃ ə n	s t e ɪ ʃ ə n d	s t r e ɪ t ə n d	1	1	1
string	p iː t ɹ̩	p iː t ɹ̩ d	p iː t ɹ̩ d	t iː t ɹ̩	t iː t ɹ̩ d	p iː t ɹ̩ d	1	1	1
string	m a ɪ n	m a ɪ n d	m a ɪ n d	s a ɪ n	s a ɪ n d	m a ɪ n d	1	1	1
string	h iː l	h iː l d	h iː l d	h iː r	h ɹ̩ d	NA	1	0	0
string	ə t r æ k t	ə t r æ k t ə d	ə t r æ k t ə d	ə t æ k	ə t æ k t	ə t r æ k t t	1	0	0
string	s k w ɛ r	s k w ɛ r d	s k w ɛ r d	s k ɛ r	s k ɛ r d	s k w ɛ r d	1	1	1
string	f l ʌ f	f l ʌ f t	f l ʌ f t	f l ɪ p	f l ɪ p t	f l ʌ f t	1	1	1
string	t o ʊ n	t o ʊ n d	t o ʊ n d	s t o ʊ n	s t o ʊ n d	t o ʊ n d	1	1	1
string	d͡ʒ ɪ m iː	d͡ʒ ɪ m iː d	d͡ʒ ɪ m iː d	d͡ʒ ʌ m p	d͡ʒ ʌ m p t	d͡ʒ ɪ m iː t	1	0	0
string	s m a ɪ l	s m a ɪ l d	s m a ɪ l d	s p a ɪ s	s p a ɪ s t	s m a ɪ l t	1	0	0
string	ə n w a ɪ n d	ə n w a ʊ n d	ə n w a ɪ n d ə d	w a ɪ n d	w a ɪ n d ə d	ə n w a ɪ n d ə d	0	1	0
string	d ɪ k l ɛ r	d ɪ k l ɛ r d	d ɪ k l ɛ r d	k l iː r	k l iː r d	d ɪ k l ɛ r d	1	1	1
string	k ə n d ʌ k t	k ə n d ʌ k t ə d	k ə n d ʌ k t ə d	k ə n s ʌ l t	k ə n s ʌ l t ə d	k ə n d ʌ k t ə d	1	1	1
string	s t r e ɪ n	s t r e ɪ n d	s t r e ɪ n d	s t e ɪ n	s t e ɪ n d	s t r e ɪ n d	1	1	1
string	k ə l æ p s	k ə l æ p s t	k ə l æ p s t	k l æ p	k l æ p t	k ə l æ p s t	1	1	1
string	p ɑː r t ɪ s ə p e ɪ t	p ɑː r t ɪ s ə p e ɪ t ə d	p ɑː r t ɪ s t ɪ t ə d	æ n t ɪ s ə p e ɪ t	æ n t ɪ s ə p e ɪ t ə d	p ɑː r t ɪ s ə p e ɪ t ə d	1	0	1
string	t r æ n z l e ɪ t	t r æ n z l e ɪ t ə d	t r æ n z ɑː a ɪ t ə d	ɡ r æ d͡ʒ ə w e ɪ t	ɡ r æ d͡ʒ ə w e ɪ t ə d	t r æ n z l e ɪ t ə d	1	0	1
string	d ɪ s k ʌ s	d ɪ s k ʌ s t	d ɪ s k ʌ s t	d ɪ s m ɪ s	d ɪ s m ɪ s t	d ɪ s k ʌ s t	1	1	1
string	f ɹ̩ ɡ ɪ v	f ɹ̩ ɡ e ɪ v	f ɹ̩ ɡ j v d	ɡ ɪ v	ɡ e ɪ v	f ɹ̩ ɡ e ɪ v	0	0	1
string	ə r a ɪ z	ə r o ʊ z	ə r a ɪ z d	ə r a ɪ v	ə r a ɪ v d	ə r a ɪ z d	0	1	0
string	f r a ɪ t ə n	f r a ɪ t ə n d	f r a ɪ t ə n d	b r a ɪ t ə n	b r a ɪ t ə n d	f r a ɪ t ə n d	1	1	1
string	ɔ ɪ l	ɔ ɪ l d	ɔ ɪ l d	b ɔ ɪ l	b ɔ ɪ l d	ɔ ɪ l d	1	1	1
string	ə n l o ʊ d	ə n l o ʊ d ə d	ə n l o ʊ d ə d	ə n f o ʊ l d	ə n f o ʊ l d ə d	ə n l o ʊ d ə d	1	1	1
string	ɡ r ʌ m b ə l	ɡ r ʌ m b ə l d	ɡ r ʌ m b ə l d	r ʌ m b ə l	r ʌ m b ə l d	ɡ r ʌ m b ə l d	1	1	1
string	r ɛ k	r ɛ k t	r ɛ k t	t͡ʃ ɛ k	t͡ʃ ɛ k t	r ɛ k t	1	1	1
string	s p ɑː t	s p ɑː t ə d	s p ɑː t	s p ɪ t	s p æ t	NA	1	0	0
string	b ʌ t ɹ̩	b ʌ t ɹ̩ d	b ʌ t ɹ̩ d	b ɛ t ɹ̩	b ɛ t ɹ̩ d	b ʌ t ɹ̩ d	1	1	1
string	s t iː p	s t iː p t	s t iː p t	s t ɑː p	s t ɑː p t	s t iː p t	1	1	1
string	h ʌ s ə l	h ʌ s ə l d	h ʌ s ə l d	m ʌ s ə l	m ʌ s ə l d	h ʌ s ə l d	1	1	1
string	k ə n t ɪ n j uː	k ə n t ɪ n j uː d	k ə n t ɪ n t ɪ d	k ə n t e ɪ n	k ə n t e ɪ n d	k ə n t ɪ n j uː d	1	0	1
string	r ɛ n t	r ɛ n t ə d	r ɛ n t ə d	r ɛ n t͡ʃ	r ɛ n t͡ʃ t	r ɛ n t t	1	0	0
string	k r ʌ n t͡ʃ	k r ʌ n t͡ʃ t	k r ʌ n t͡ʃ t	m ʌ n t͡ʃ	m ʌ n t͡ʃ t	k r ʌ n t͡ʃ t	1	1	1
string	r ɛ s k j uː	r ɛ s k j uː d	r ɛ s k j uː d	s k r uː	s k r uː d	r ɛ s k j uː d	1	1	1
string	t ɑː p	t ɑː p t	t ɑː p t	t͡ʃ ɑː p	t͡ʃ ɑː p t	t ɑː p t	1	1	1
string	b l iː d	b l ɛ d	b l iː d ə d	b l ʌ d	b l ʌ d ə d	b l iː d ə d	0	1	0
string	p r ɪ k	p r ɪ k t	p r ɪ k t	t r ɪ k	t r ɪ k t	p r ɪ k t	1	1	1
string	o ʊ ɡ ə l	o ʊ ɡ ə l d	o ʊ ɡ ə l d	ɡ ɪ ɡ ə l	ɡ ɪ ɡ ə l d	o ʊ ɡ ə l d	1	1	1
string	s ɔ ɪ l	s ɔ ɪ l d	s ɔ ɪ l d	t ɔ ɪ l	t ɔ ɪ l d	s ɔ ɪ l d	1	1	1
string	ɡ ɑː l f	ɡ ɑː l f t	ɡ ɑː l f t	ɡ l uː	ɡ l uː d	ɡ ɑː l f d	1	0	0
string	b ʌ s t	b ʌ s t ə d	b ʌ s t ə d	b ʌ s	b ʌ s t	b ʌ s t t	1	0	0
string	r iː s a ɪ k ə l	r iː s a ɪ k ə l d	r iː s a ɪ k ə l d	r a ɪ p ə n	r a ɪ p ə n d	r iː s a ɪ k ə l d	1	1	1
string	s t uː	s t uː d	s t uː d	s t ɹ̩	s t ɹ̩ d	s t uː d	1	1	1
string	b æ t	b æ t ə d	b æ t	b ɛ t	b ɛ t	b æ t	1	1	0
string	s ʌ f ɹ̩	s ʌ f ɹ̩ d	s ʌ f ɹ̩ d	s t ʌ f	s t ʌ f t	s ʌ f ɹ̩ t	1	0	0
string	v ɪ ʒ w ə l a ɪ z	v ɪ ʒ w ə l a ɪ z d	v ɪ l ə l ə d	s ɪ v ə l a ɪ z	s ɪ v ə l a ɪ z d	v ɪ ʒ w ə l a ɪ z d	1	0	1
string	k æ p	k æ p t	k æ p t	k l æ p	k l æ p t	k æ p t	1	1	1
string	t ʌ m b ə l	t ʌ m b ə l d	t ʌ m b ə l d	f ʌ m b ə l	f ʌ m b ə l d	t ʌ m b ə l d	1	1	1
string	d ɪ s k r a ɪ b	d ɪ s k r a ɪ b d	d ɪ s k r a ɪ b d	d ɪ s ɡ a ɪ z	d ɪ s ɡ a ɪ z d	d ɪ s k r a ɪ b d	1	1	1
string	h ɛ z ə t e ɪ t	h ɛ z ə t e ɪ t ə d	h t ɛ z t e ɪ t ə d	d ɛ v ə s t e ɪ t	d ɛ v ə s t e ɪ t ə d	h ɛ z ə t e ɪ t ə d	1	0	1
string	m ɑː r	m ɑː r d	m ɑː r d	d͡ʒ ɑː r	d͡ʒ ɑː r d	m ɑː r d	1	1	1
string	p r ə n a ʊ n s	p r ə n a ʊ n s t	p r ə n a ʊ n a d	ə n a ʊ n s	ə n a ʊ n s t	p r ə n a ʊ n s t	1	0	1
string	f ɪ k s e ɪ t	f ɪ k s e ɪ t ə d	f ɪ k s e ɪ t ə d	r ɪ l e ɪ t	r ɪ l e ɪ t ə d	f ɪ k s e ɪ t ə d	1	1	1
string	b ɑː s	b ɑː s t	b ɑː s t	b ɑː r	b ɑː r d	b ɑː s d	1	0	0
string	d ɪ s t ɹ̩ b	d ɪ s t ɹ̩ b d	d ɪ s t ɹ̩ b d	s t æ b	s t æ b d	d ɪ s t ɹ̩ b d	1	1	1
string	s n æ k	s n æ k t	s n æ k t	s æ k	s æ k t	s n æ k t	1	1	1
string	d ʌ s t	d ʌ s t ə d	d ʌ s t ə d	d a ʊ t	d a ʊ t ə d	d ʌ s t ə d	1	1	1
string	m o ʊ n	m o ʊ n d	m o ʊ n d	o ʊ n	o ʊ n d	m o ʊ n d	1	1	1
string	p iː l	p iː l d	p iː l d	p iː s	p iː s t	p iː l t	1	0	0
string	f l ɑː p	f l ɑː p t	f l ɑː p t	f l ɪ p	f l ɪ p t	f l ɑː p t	1	1	1
string	f l æ ʃ	f l æ ʃ t	f l æ ʃ t	f l æ p	f l æ p t	f l æ ʃ t	1	1	1
string	p e ɪ s t	p e ɪ s t ə d	p e ɪ s t ə d	p e ɪ n t	p e ɪ n t ə d	p e ɪ s t ə d	1	1	1
string	ɡ ɑː r b ə l	ɡ ɑː r b ə l d	ɡ ɑː r b ə l d	m ɑː r b ə l	m ɑː r b ə l d	ɡ ɑː r b ə l d	1	1	1
string	ɪ n t ɛ n d	ɪ n t ɛ n d ə d	ɪ n t ɛ n t ə d	ə t ɛ n d	ə t ɛ n d ə d	ɪ n t ɛ n d ə d	1	0	1
string	r o ʊ t e ɪ t	r o ʊ t e ɪ t ə d	r o ʊ t e ɪ t ə d	r o ʊ s t	r o ʊ s t ə d	r o ʊ t e ɪ t ə d	1	1	1
string	s ɑː l v	s ɑː l v d	s ɑː l v d	s e ɪ v	s e ɪ v d	s ɑː l v d	1	1	1
string	r ɪ s p ɑː n d	r ɪ s p ɑː n d ə d	r ɪ s p ɑː n d ə d	d ɪ s k ɑː r d	d ɪ s k ɑː r d ə d	r ɪ s p ɑː n d ə d	1	1	1
string	p r a ɪ s	p r a ɪ s t	p r a ɪ s t	p r a ɪ	p r a ɪ d	p r a ɪ s d	1	0	0
string	h ɑː r p	h ɑː r p t	h ɑː r p t	f ɑː r m	f ɑː r m d	h ɑː r p d	1	0	0
string	ɪ ɡ z ɔ s t	ɪ ɡ z ɔ s t ə d	ɪ ɡ z ɔ s t ə d	ɪ ɡ z ɪ s t	ɪ ɡ z ɪ s t ə d	ɪ ɡ z ɔ s t ə d	1	1	1
string	t ɛ r ə f a ɪ	t ɛ r ə f a ɪ d	t ɛ r ə f a ɪ d	t ɛ r ə r a ɪ z	t ɛ r ə r a ɪ z d	t ɛ r ə f a ɪ d	1	1	1
string	s a ʊ	s a ʊ d	s a ʊ d	v a ʊ	v a ʊ d	s a ʊ d	1	1	1
string	e ɪ d	e ɪ d ə d	e ɪ d ə d	r e ɪ d	r e ɪ d ə d	e ɪ d ə d	1	1	1
string	ə n p æ k	ə n p æ k t	ə n p æ k t	ə n r æ p	ə n r æ p t	ə n p æ k t	1	1	1
string	p r ɪ v ɛ n t	p r ɪ v ɛ n t ə d	p r ɪ v ɛ n t ə d	p r ɪ n t	p r ɪ n t ə d	p r ɪ v ɛ n t ə d	1	1	1
string	k ə n s ɪ d ɹ̩	k ə n s ɪ d ɹ̩ d	k ə n s ɪ d ɹ̩ d	k ə n s ɪ s t	k ə n s ɪ s t ə d	k ə n s ɪ d ɹ̩ ə d	1	0	0
string	w ɑː d	w ɑː d ə d	w ɑː d ə d	n ɑː d	n ɑː d ə d	w ɑː d ə d	1	1	1
string	t r ʌ s t	t r ʌ s t ə d	t r ʌ s t ə d	θ r ʌ s t	θ r ʌ s t	t r ʌ s t	1	0	0
string	m ɑː d ə l	m ɑː d ə l d	m ɑː d ə l d	p æ d ə l	p æ d ə l d	m ɑː d ə l d	1	1	1
string	s t e ɪ p ə l	s t e ɪ p ə l d	s t e ɪ p ə l d	t r ɪ p ə l	t r ɪ p ə l d	s t e ɪ p ə l d	1	1	1
string	p r ə v a ɪ d	p r ə v a ɪ d ə d	p r ə v a ɪ d ə d	ə v ɔ ɪ d	ə v ɔ ɪ d ə d	p r ə v a ɪ d ə d	1	1	1
string	t r ɛ m b ə l	t r ɛ m b ə l d	t r ɛ m b ə l d	t r æ m p ə l	t r æ m p ə l d	t r ɛ m b ə l d	1	1	1
string	p l a ʊ	p l a ʊ d	p l a ʊ d	ə l a ʊ	ə l a ʊ d	p l a ʊ d	1	1	1
string	w æ ɡ	w æ ɡ d	w æ ɡ d	t æ ɡ	t æ ɡ d	w æ ɡ d	1	1	1
string	b l iː t͡ʃ	b l iː t͡ʃ t	b l iː t͡ʃ t	b iː t͡ʃ	b iː t͡ʃ t	b l iː t͡ʃ t	1	1	1
string	t æ t ə l	t æ t ə l d	t æ t ə l d	t æ k ə l	t æ k ə l d	t æ t ə l d	1	1	1
string	s k ɹ̩ t	s k ɹ̩ t ə d	s k ɹ̩ t	s k w ɹ̩ t	s k w ɹ̩ t ə d	s k ɹ̩ t ə d	1	0	1
string	ɛ r	ɛ r d	ɛ r d	b ɛ r	b o ʊ r	o ʊ r	1	0	0
string	ɛ k s ɹ̩ s a ɪ z	ɛ k s ɹ̩ s a ɪ z d	ɛ k s ɹ̩ s a ɪ z d	æ k s ɛ s ɹ̩ a ɪ z	æ k s ɛ s ɹ̩ a ɪ z d	ɛ k s ɹ̩ s a ɪ z d	1	1	1
string	f ʌ d͡ʒ	f ʌ d͡ʒ d	f ʌ d͡ʒ d	b ʌ d͡ʒ	b ʌ d͡ʒ d	f ʌ d͡ʒ d	1	1	1
string	ɡ ʌ n	ɡ ʌ n d	ɡ ʌ n d	ɡ ʌ m	ɡ ʌ m d	ɡ ʌ n d	1	1	1
string	s p ɔ r t	s p ɔ r t ə d	s p ɔ r t	s ə p ɔ r t	s ə p ɔ r t ə d	s p ɔ r t ə d	1	0	1
string	r ɪ l iː v	r ɪ l iː v d	r ɪ l iː v d	r iː l iː s	r iː l iː s t	r ɪ l iː v t	1	0	0
string	ʃ o ʊ l d ɹ̩	ʃ o ʊ l d ɹ̩ d	ʃ o ʊ l d ɹ̩ d	m o ʊ l d	m o ʊ l d ə d	ʃ o ʊ l d ɹ̩ ə d	1	0	0
string	f ɔ r k	f ɔ r k t	f ɔ r k t	f ɔ r m	f ɔ r m d	f ɔ r k d	1	0	0
string	t w iː k	t w iː k t	t w iː k t	t w ɪ t͡ʃ	t w ɪ t͡ʃ t	t w iː k t	1	1	1
string	d æ ʃ	d æ ʃ t	d æ ʃ t	k æ ʃ	k æ ʃ t	d æ ʃ t	1	1	1
string	ɪ k s k l e ɪ m	ɪ k s k l e ɪ m d	ɪ k s k l e ɪ m d	ɪ k s p l e ɪ n	ɪ k s p l e ɪ n d	ɪ k s k l e ɪ m d	1	1	1
string	s ə s p ɛ k t	s ə s p ɛ k t ə d	s ə s p ɛ k t ə d	r ɪ s p ɛ k t	r ɪ s p ɛ k t ə d	s ə s p ɛ k t ə d	1	1	1
string	t r æ n s f ɔ r m	t r æ n s f ɔ r m d	t r æ n s f ɔ r s t	ɪ n f ɔ r m	ɪ n f ɔ r m d	t r æ n s f ɔ r m d	1	0	1
string	θ r ɛ t ə n	θ r ɛ t ə n d	θ r ɛ t ə n d	f r ɛ ʃ ə n	f r ɛ ʃ ə n d	θ r ɛ t ə n d	1	1	1
string	m e ɪ t	m e ɪ t ə d	m e ɪ t ə d	m e ɪ k	m e ɪ d	NA	1	0	0
string	ɪ m p r uː v	ɪ m p r uː v d	ɪ m p r uː v d	p r uː v	p r uː v d	ɪ m p r uː v d	1	1	1
string	t ɑː l ɹ̩ e ɪ t	t ɑː l ɹ̩ e ɪ t ə d	t ɑː l ɹ̩ e ɪ t ə d	ɑː p ɹ̩ e ɪ t	ɑː p ɹ̩ e ɪ t ə d	t ɑː l ɹ̩ e ɪ t ə d	1	1	1
string	h ɔ n t	h ɔ n t ə d	h ɔ n t ə d	h ʌ n t	h ʌ n t ə d	h ɔ n t ə d	1	1	1
string	t æ k	t æ k t	t æ k t	b æ k	b æ k t	t æ k t	1	1	1
string	ɪ n d͡ʒ ɹ̩	ɪ n d͡ʒ ɹ̩ d	ɪ n d͡ʒ ɹ̩ d	ɑː n ɹ̩	ɑː n ɹ̩ d	ɪ n d͡ʒ ɹ̩ d	1	1	1
string	p r ɪ d ɪ k t	p r ɪ d ɪ k t ə d	p r ɪ d ɪ k t ə d	p r ɪ n t	p r ɪ n t ə d	p r ɪ d ɪ k t ə d	1	1	1
string	d ɪ z a ɪ n	d ɪ z a ɪ n d	d ɪ z a ɪ n d	d ɪ f a ɪ n	d ɪ f a ɪ n d	d ɪ z a ɪ n d	1	1	1
string	b ʌ n d ə l	b ʌ n d ə l d	b ʌ n d ə l d	f ʌ n ə l	f ʌ n ə l d	b ʌ n d ə l d	1	1	1
string	r ɪ s ɛ s	r ɪ s ɛ s t	r ɪ s ɛ s t	r ɪ p ɛ l	r ɪ p ɛ l d	r ɪ s ɛ s d	1	0	0
string	b l a ɪ n d	b l a ɪ n d ə d	b l a ɪ n d ə d	l a ɪ n	l a ɪ n d	b l a ɪ n d d	1	0	0
string	d r ʌ ɡ	d r ʌ ɡ d	d r ʌ ɡ d	d r æ ɡ	d r æ ɡ d	d r ʌ ɡ d	1	1	1
string	f l e ɪ v ɹ̩	f l e ɪ v ɹ̩ d	f l e ɪ v ɹ̩ d	f e ɪ v ɹ̩	f e ɪ v ɹ̩ d	f l e ɪ v ɹ̩ d	1	1	1
string	r ɪ p ɛ r	r ɪ p ɛ r d	r ɪ p ɛ r d	r ɪ p ɛ l	r ɪ p ɛ l d	r ɪ p ɛ r d	1	1	1
string	k ɹ̩ s	k ɹ̩ s t	k ɹ̩ s t	k ɪ s	k ɪ s t	k ɹ̩ s t	1	1	1
string	ɪ n t͡ʃ	ɪ n t͡ʃ t	ɪ n t͡ʃ t	p ɪ n t͡ʃ	p ɪ n t͡ʃ t	ɪ n t͡ʃ t	1	1	1
string	t r æ n z m ɪ t	t r æ n z m ɪ t ə d	t r æ n z m d	ɡ r æ n t	ɡ r æ n t ə d	t r æ n z m ɪ t ə d	1	0	1
string	ʃ æ m p uː	ʃ æ m p uː d	ʃ æ m p uː d	p æ m p ɹ̩	p æ m p ɹ̩ d	ʃ æ m p uː d	1	1	1
string	ɪ n k r iː s	ɪ n k r iː s t	ɪ n k r iː s t	k r iː m	k r iː m d	ɪ n k r iː s d	1	0	0
string	b ʊ t͡ʃ ɹ̩	b ʊ t͡ʃ ɹ̩ d	b ʊ t͡ʃ ɹ̩ d	b iː t͡ʃ	b iː t͡ʃ t	b ʊ t͡ʃ ɹ̩ t	1	0	0
string	d o ʊ n e ɪ t	d o ʊ n e ɪ t ə d	d o ʊ n e ɪ t ə d	o ʊ b e ɪ	o ʊ b e ɪ d	d o ʊ n e ɪ t d	1	0	0
string	t͡ʃ æ l ə n d͡ʒ	t͡ʃ æ l ə n d͡ʒ d	t͡ʃ æ l ə n d͡ʒ d	b æ l ə n s	b æ l ə n s t	t͡ʃ æ l ə n d͡ʒ t	1	0	0
string	ɛ ɡ z ɪ t	ɛ ɡ z ɪ t ə d	ɛ ɡ z ɪ t ə d	ɪ ɡ z ɪ s t	ɪ ɡ z ɪ s t ə d	ɛ ɡ z ɪ t ə d	1	1	1
string	b ʊ k	b ʊ k t	b o ʊ k	k ʊ k	k ʊ k t	b ʊ k t	1	0	1
string	m j uː z	m j uː z d	m j uː z d	j uː z	j uː z d	m j uː z d	1	1	1
string	p ɔ ɪ z ə n	p ɔ ɪ z ə n d	p ɔ ɪ z ə n d	p ɪ n	p ɪ n d	p ɔ ɪ z ə n d	1	1	1
string	ɪ n f l uː ə n s	ɪ n f l uː ə n s t	ɪ n f l ə n d	b æ l ə n s	b æ l ə n s t	ɪ n f l uː ə n s t	1	0	1
string	s t r æ ŋ ɡ ə l	s t r æ ŋ ɡ ə l d	s t r æ ŋ ɡ ə l d	s t r ʌ ɡ ə l	s t r ʌ ɡ ə l d	s t r æ ŋ ɡ ə l d	1	1	1
string	ɪ ʃ uː	ɪ ʃ uː d	ɪ ʃ uː d	ʃ uː	ʃ uː d	ɪ ʃ uː d	1	1	1
string	ɪ m p r ɛ s	ɪ m p r ɛ s t	ɪ m p r ɛ s t	p r ɛ s	p r ɛ s t	ɪ m p r ɛ s t	1	1	1
string	p r ə d uː s	p r ə d uː s t	p r ə d uː s t	r ɪ d uː s	r ɪ d uː s t	p r ə d uː s t	1	1	1
string	n æ ɡ	n æ ɡ d	n æ ɡ d	t æ ɡ	t æ ɡ d	n æ ɡ d	1	1	1
string	o ʊ v ɹ̩ k ʊ k	o ʊ v ɹ̩ k ʊ k t	o ʊ v ɹ̩ k e ɪ k	o ʊ v ɹ̩ k ə m	o ʊ v ɹ̩ k e ɪ m	NA	1	0	0
string	e ɪ m	e ɪ m d	e ɪ m d	e ɪ k	e ɪ k t	e ɪ m t	1	0	0
string	ɪ m ə t e ɪ t	ɪ m ə t e ɪ t ə d	ɪ m ə m e ɪ t ə d	ɪ l ə s t r e ɪ t	ɪ l ə s t r e ɪ t ə d	ɪ m ə t e ɪ t ə d	1	0	1
string	t͡ʃ ɹ̩ n	t͡ʃ ɹ̩ n d	t͡ʃ ɹ̩ n d	t ɹ̩ n	t ɹ̩ n d	t͡ʃ ɹ̩ n d	1	1	1
string	k a ʊ n t ɹ̩	k a ʊ n t ɹ̩ d	k a ʊ n t ɹ̩ d	k a ʊ n t	k a ʊ n t ə d	k a ʊ n t ɹ̩ ə d	1	0	0
string	m ɪ s t r iː t	m ɪ s t r iː t ə d	m ɪ s t r iː t ə d	d ɪ s t r æ k t	d ɪ s t r æ k t ə d	m ɪ s t r iː t ə d	1	1	1
string	k ə m b a ɪ n	k ə m b a ɪ n d	k ə m b a ɪ n d	k ə n t e ɪ n	k ə n t e ɪ n d	k ə m b a ɪ n d	1	1	1
string	h ɪ n t	h ɪ n t ə d	h ɪ n t ə d	h ʌ n t	h ʌ n t ə d	h ɪ n t ə d	1	1	1
string	ə p r o ʊ p r iː e ɪ t	ə p r o ʊ p r iː e ɪ t ə d	ə p r o ʊ p r iː e ɪ t ə d	ə s o ʊ s iː e ɪ t	ə s o ʊ s iː e ɪ t ə d	ə p r o ʊ p r iː e ɪ t ə d	1	1	1
string	p r ɑː d͡ʒ ɛ k t	p r ɑː d͡ʒ ɛ k t ə d	p r ɑː d͡ʒ ɛ k t ə d	r ɪ d͡ʒ ɛ k t	r ɪ d͡ʒ ɛ k t ə d	p r ɑː d͡ʒ ɛ k t ə d	1	1	1
string	f ɔ r w ɹ̩ d	f ɔ r w ɹ̩ d ə d	f ɔ r w ɹ̩ d ə d	f ɔ r s	f ɔ r s t	f ɔ r w ɹ̩ d t	1	0	0
string	d ɪ s ə ɡ r iː	d ɪ s ə ɡ r iː d	d ɪ s ə ɡ r iː d	d ɪ s ə p iː r	d ɪ s ə p iː r d	d ɪ s ə ɡ r iː d	1	1	1
string	s t ɑː r t ə l	s t ɑː r t ə l d	s t ɑː r t ə l d	s n ɑː r ə l	s n ɑː r ə l d	s t ɑː r t ə l d	1	1	1
string	k r æ m	k r æ m d	k r æ m d	k r æ k	k r æ k t	k r æ m t	1	0	0
string	s ɪ ŋ ɡ ə l	s ɪ ŋ ɡ ə l d	s ɪ ŋ ɡ ə l d	s ɪ z ə l	s ɪ z ə l d	s ɪ ŋ ɡ ə l d	1	1	1
string	ɡ l ʌ v	ɡ l ʌ v d	ɡ l ʌ v d	l ʌ v	l ʌ v d	ɡ l ʌ v d	1	1	1
string	r iː s k ɛ d͡ʒ uː l	r iː s k ɛ d͡ʒ uː l d	r iː s k ɛ d͡ʒ ɛ d͡ʒ d	s k ɛ d͡ʒ ʊ l	s k ɛ d͡ʒ ʊ l d	r iː s k ɛ d͡ʒ uː l d	1	0	1
string	s ɹ̩ v a ɪ v	s ɹ̩ v a ɪ v d	s ɹ̩ v a ɪ v d	s ɹ̩ v ɪ s	s ɹ̩ v ɪ s t	s ɹ̩ v a ɪ v t	1	0	0
string	s n ɔ r t	s n ɔ r t ə d	s n ɔ r t ə d	s ɔ r t	s ɔ r t ə d	s n ɔ r t ə d	1	1	1
string	ə p l ɔ d	ə p l ɔ d ə d	ə p l ɔ d	f iː l d	f iː l d ə d	ə p l ɔ d ə d	1	0	1
string	b iː f	b iː f t	b iː f t	b iː t͡ʃ	b iː t͡ʃ t	b iː f t	1	1	1
string	t r ʌ d͡ʒ	t r ʌ d͡ʒ d	t r ʌ d͡ʒ d	t r ʌ k	t r ʌ k t	t r ʌ d͡ʒ t	1	0	0
string	v e ɪ k e ɪ ʃ ə n	v e ɪ k e ɪ ʃ ə n d	v e ɪ k e ɪ ʃ e ɪ d	s t e ɪ ʃ ə n	s t e ɪ ʃ ə n d	v e ɪ k e ɪ ʃ ə n d	1	0	1
string	s ə p l ə m ɛ n t	s ə p l ə m ɛ n t ə d	s ə m d ɛ m ə n t ə d	s ə l ɛ k t	s ə l ɛ k t ə d	s ə p l ə m ɛ n t ə d	1	0	1
string	m ʌ m b ə l	m ʌ m b ə l d	m ʌ m b ə l d	f ʌ m b ə l	f ʌ m b ə l d	m ʌ m b ə l d	1	1	1
string	æ l a ɪ	æ l a ɪ d	æ l a ɪ d	k r a ɪ	k r a ɪ d	æ l a ɪ d	1	1	1
string	f j uː m	f j uː m d	f j uː m d	b uː m	b uː m d	f j uː m d	1	1	1
string	n ɪ k s	n ɪ k s t	n ɪ k s t	f ɪ k s	f ɪ k s t	n ɪ k s t	1	1	1
string	h ɛ d͡ʒ	h ɛ d͡ʒ d	h ɛ d͡ʒ d	h ɛ d	h ɛ d ə d	h ɛ d͡ʒ ə d	1	0	0
string	ʃ r iː k	ʃ r iː k t	ʃ r iː k t	f r iː k	f r iː k t	ʃ r iː k t	1	1	1
string	d ɛ d ə k e ɪ t	d ɛ d ə k e ɪ t ə d	d ɛ d ə k e ɪ t ə d	ɪ n d ə k e ɪ t	ɪ n d ə k e ɪ t ə d	d ɛ d ə k e ɪ t ə d	1	1	1
string	r ɛ v	r ɛ v d	r ɛ v d	h æ v	h æ d	r ɛ d	1	0	0
string	n iː	n iː d	n iː d	k iː	k iː d	n iː d	1	1	1
string	r iː ɔ r ɡ ə n a ɪ z	r iː ɔ r ɡ ə n a ɪ z d	r iː ɡ ə n ə n a ɪ z d	ɔ r ɡ ə n a ɪ z	ɔ r ɡ ə n a ɪ z d	r iː ɔ r ɡ ə n a ɪ z d	1	0	1
string	a ʊ t f ɑː k s	a ʊ t f ɑː k s t	a ʊ t f ɑː k s t	a ʊ t f ɪ t	a ʊ t f ɪ t ə d	a ʊ t f ɑː k s ə d	1	0	0
string	k ə n s t r ʌ k t	k ə n s t r ʌ k t ə d	k ə n s t r ʌ k t ə d	k ə n s ʌ l t	k ə n s ʌ l t ə d	k ə n s t r ʌ k t ə d	1	1	1
string	f l ɹ̩ iː	f l ɹ̩ iː d	f l ɹ̩ iː d	f l ɹ̩ t	f l ɹ̩ t ə d	f l ɹ̩ iː ə d	1	0	0
string	ɪ n k w a ɪ ɹ̩	ɪ n k w a ɪ ɹ̩ d	ɪ n k w a ɪ ɹ̩ d	r iː k w a ɪ ɹ̩	r iː k w a ɪ ɹ̩ d	ɪ n k w a ɪ ɹ̩ d	1	1	1
string	d͡ʒ e ɪ l	d͡ʒ e ɪ l d	d͡ʒ e ɪ l d	w e ɪ l	w e ɪ l d	d͡ʒ e ɪ l d	1	1	1
string	s w uː ʃ	s w uː ʃ t	s w uː ʃ t	s w uː p	s w uː p t	s w uː ʃ t	1	1	1
string	h ɹ̩ l	h ɹ̩ l d	h ɹ̩ l d	k ɹ̩ l	k ɹ̩ l d	h ɹ̩ l d	1	1	1
random	ɡ ɛ t	ɡ ɑː t	ɡ ɛ t	k l æ m p	k l æ m p t	ɡ ɛ t t	0	0	0
random	p ʊ t	p ʊ t	p ʊ t	p ɪ ŋ	p ɪ ŋ d	p ʊ t d	0	0	0
random	ɡ o ʊ	w ɛ n t	ɡ o ʊ d	r ɑː k ə t	r ɑː k ə t ə d	ɡ o ʊ ə d	0	0	0
random	iː t	e ɪ t	iː t ə t	l o ʊ ɹ̩	l o ʊ ɹ̩ d	iː t d	0	0	0
random	w ɔ n t	w ɔ n t ə d	w ɔ n t ə d	æ b d ʌ k t	æ b d ʌ k t ə d	w ɔ n t ə d	1	1	1
random	n ɑː k	n ɑː k t	n ɑː k t	k æ n s ə l	k æ n s ə l d	n ɑː k d	1	0	0
random	l ɪ s ə n	l ɪ s ə n d	l ɪ s ə n d	s t ɔ r iː	s t ɔ r iː d	l ɪ s ə n d	1	1	1
random	p ʌ f	p ʌ f t	p ʌ f t	æ k s ɛ p t	æ k s ɛ p t ə d	p ʌ f ə d	1	0	0
random	h o ʊ p	h o ʊ p t	h o ʊ p t	p ɛ r ə ʃ uː t	p ɛ r ə ʃ uː t ə d	h o ʊ p ə d	1	0	0
random	n iː d	n iː d ə d	n iː d ə d	r ɪ z a ɪ n	r ɪ z a ɪ n d	n iː d d	1	0	0
random	k æ t͡ʃ	k ɔ t	k æ t͡ʃ t	l æ p	l æ p t	k æ t͡ʃ t	0	1	0
random	z ɪ p ɹ̩	z ɪ p ɹ̩ d	z ɪ p ɹ̩ d	s t ɑː m p	s t ɑː m p t	z ɪ p ɹ̩ t	1	0	0
random	h ɑː p	h ɑː p t	h ɑː p t	b ɪ d	b e ɪ d	NA	1	0	0
random	k æ r iː	k æ r iː d	k æ r iː d	b ɪ k ʌ m	b ɪ k e ɪ m	NA	1	0	0
random	r ɪ t ɹ̩ n	r ɪ t ɹ̩ n d	r ɪ t ɹ̩ n d	l iː p	l ɛ p t	NA	1	0	0
random	f iː d	f ɛ d	f iː d ə d	s ɛ p ɹ̩ e ɪ t	s ɛ p ɹ̩ e ɪ t ə d	f iː d ə d	0	1	0
random	ɡ ɑː b ə l	ɡ ɑː b ə l d	ɡ ɑː b ə l d	m ɛ r iː	m ɛ r iː d	ɡ ɑː b ə l d	1	1	1
random	o ʊ p ə n	o ʊ p ə n d	o ʊ p ə n d	t͡ʃ ʌ k ə l	t͡ʃ ʌ k ə l d	o ʊ p ə n d	1	1	1
random	h o ʊ l d	h ɛ l d	h o ʊ l d ə d	k æ t ə p ə l t	k æ t ə p ə l t ə d	h o ʊ l d ə d	0	1	0
random	d ɪ l ɪ v ɹ̩	d ɪ l ɪ v ɹ̩ d	d ɪ l ɪ v ɹ̩ d	h ɑː l ɹ̩	h ɑː l ɹ̩ d	d ɪ l ɪ v ɹ̩ d	1	1	1
random	r ʌ b	r ʌ b d	r ʌ b d	ɑː r t ɪ k j ə l e ɪ t	ɑː r t ɪ k j ə l e ɪ t ə d	r ʌ b ə d	1	0	0
random	w ɑː t͡ʃ	w ɑː t͡ʃ t	w ɑː t͡ʃ t	k æ ʃ	k æ ʃ t	w ɑː t͡ʃ t	1	1	1
random	p l iː z	p l iː z d	p l iː z d	p o ʊ k	p o ʊ k t	p l iː z t	1	0	0
random	w ɔ k	w ɔ k t	w ɔ k t	k r a ʊ d	k r a ʊ d ə d	w ɔ k ə d	1	0	0
random	p æ k	p æ k t	p æ k t	b ʌ k	b ʌ k t	p æ k t	1	1	1
random	s a ʊ n d	s a ʊ n d ə d	s a ʊ n d ə d	k æ s k e ɪ d	k æ s k e ɪ d ə d	s a ʊ n d ə d	1	1	1
random	ɡ r æ b	ɡ r æ b d	ɡ r æ b d	b a ɪ s ɪ k ə l	b a ɪ s ɪ k ə l d	ɡ r æ b d	1	1	1
random	m æ n	m æ n d	m æ n d	f r iː z	f r o ʊ z	NA	1	0	0
random	f iː l	f ɛ l t	f iː l d	s p r ɪ ŋ k ə l	s p r ɪ ŋ k ə l d	f iː l d	0	1	0
random	n e ɪ m	n e ɪ m d	n e ɪ m d	k r ʌ m p ə l	k r ʌ m p ə l d	n e ɪ m d	1	1	1
random	f l o ʊ	f l o ʊ d	f l o ʊ d	ə n t a ɪ	ə n t a ɪ d	f l o ʊ d	1	1	1
random	w ɛ ð ɹ̩	w ɛ ð ɹ̩ d	w ɛ ð ɹ̩ d	m ɪ r ɹ̩	m ɪ r ɹ̩ d	w ɛ ð ɹ̩ d	1	1	1
random	l a ɪ	l e ɪ	l a ɪ d	p ɛ r ə ʃ uː t	p ɛ r ə ʃ uː t ə d	l a ɪ ə d	0	0	0
random	k r æ ʃ	k r æ ʃ t	k r æ ʃ t	s p ɛ r	s p ɛ r d	k r æ ʃ d	1	0	0
random	p e ɪ d͡ʒ	p e ɪ d͡ʒ d	p e ɪ d͡ʒ d	ʃ æ d o ʊ	ʃ æ d o ʊ d	p e ɪ d͡ʒ d	1	1	1
random	t͡ʃ o ʊ k	t͡ʃ o ʊ k t	t͡ʃ o ʊ k t	l æ s t	l æ s t ə d	t͡ʃ o ʊ k ə d	1	0	0
random	b l ɛ s	b l ɛ s t	b l ɛ s t	w e ɪ v	w e ɪ v d	b l ɛ s d	1	0	0
random	d ɪ ŋ	d ɪ ŋ d	d ʌ ŋ	t ɔ r m ɛ n t	t ɔ r m ɛ n t ə d	d ɪ ŋ ə d	1	0	0
random	s ɛ l	s o ʊ l d	s ɛ l d	j uː z	j uː z d	s ɛ l d	0	1	0
random	b ɪ ɡ ɪ n	b ɪ ɡ æ n	b ɪ ɡ ɪ n d	b ʌ b ə l	b ʌ b ə l d	b ɪ ɡ ɪ n d	0	1	0
random	d͡ʒ ɔ ɪ n	d͡ʒ ɔ ɪ n d	d͡ʒ ɔ ɪ n d	r ɑː b	r ɑː b d	d͡ʒ ɔ ɪ n d	1	1	1
random	l ɑː k	l ɑː k t	l ɑː k t	h æ v	h æ d	NA	1	0	0
random	b ɪ l iː v	b ɪ l iː v d	b ɪ l iː v d	p r e ɪ z	p r e ɪ z d	b ɪ l iː v d	1	1	1
random	ə n d ɹ̩ s t æ n d	ə n d ɹ̩ s t ʊ d	ə n d ə n d æ n d ə d	s æ t ə s f a ɪ	s æ t ə s f a ɪ d	ə n d ɹ̩ s t æ n d d	0	0	0
random	t r e ɪ n	t r e ɪ n d	t r e ɪ n d	k ʌ d ə l	k ʌ d ə l d	t r e ɪ n d	1	1	1
random	k r ɔ l	k r ɔ l d	k r ɔ l d	f ʌ k	f ʌ k t	k r ɔ l t	1	0	0
random	p æ t	p æ t ə d	p æ t ə d	r ʌ n	r æ n	NA	1	0	0
random	ɔ r d ɹ̩	ɔ r d ɹ̩ d	ɔ r d ɹ̩ d	f l a ʊ ɹ̩	f l a ʊ ɹ̩ d	ɔ r d ɹ̩ d	1	1	1
random	f l a ɪ	f l uː	f l a ɪ d	ɡ l ɔ r ə f a ɪ	ɡ l ɔ r ə f a ɪ d	f l a ɪ d	0	1	0
random	l o ʊ d	l o ʊ d ə d	l o ʊ d ə d	ɪ n t r ə d uː s	ɪ n t r ə d uː s t	l o ʊ d t	1	0	0
random	k ə m p l e ɪ n	k ə m p l e ɪ n d	k ə m p l e ɪ n d	r e ɪ z	r e ɪ z d	k ə m p l e ɪ n d	1	1	1
random	b l ɛ n d	b l ɛ n d ə d	b l ɛ n d ə d	t͡ʃ uː z	t͡ʃ o ʊ z	NA	1	0	0
random	b l ɑː k	b l ɑː k t	b l ɑː k t	r uː f	r uː f t	b l ɑː k t	1	1	1
random	t ɪ p	t ɪ p t	t ɪ p t	ə n r o ʊ l	ə n r o ʊ l d	t ɪ p d	1	0	0
random	d͡ʒ ɛ t	d͡ʒ ɛ t ə d	d͡ʒ ɛ t	m a ʊ ð	m a ʊ ð d	d͡ʒ ɛ t d	1	0	0
random	b r iː ð	b r iː ð d	b r iː ð d	d r ɑː p	d r ɑː p t	b r iː ð t	1	0	0
random	d a ɪ ə l	d a ɪ ə l d	d a ɪ ə l d	r iː t͡ʃ ɑː r d͡ʒ	r iː t͡ʃ ɑː r d͡ʒ d	d a ɪ ə l d	1	1	1
random	m ɛ n ʃ ə n	m ɛ n ʃ ə n d	m ɛ n ʃ ə n d	r ɪ p ɛ l	r ɪ p ɛ l d	m ɛ n ʃ ə n d	1	1	1
random	h ʌ ɡ	h ʌ ɡ d	h ʌ ɡ d	θ r ʌ s t	θ r ʌ s t	h ʌ ɡ	1	0	0
random	p a ʊ ɹ̩	p a ʊ ɹ̩ d	p a ʊ ɹ̩ d	s n æ p	s n æ p t	p a ʊ ɹ̩ t	1	0	0
random	s ɑː k	s ɑː k t	s ɑː k t	ʃ r ɪ ŋ k	ʃ r æ ŋ k	NA	1	0	0
random	w uː p	w uː p t	w uː p t	p r ɑː p	p r ɑː p t	w uː p t	1	1	1
random	r iː m a ɪ n d	r iː m a ɪ n d ə d	r iː m a ɪ n d ə d	m ɑː r t͡ʃ	m ɑː r t͡ʃ t	r iː m a ɪ n d t	1	0	0
random	h æ n d ə l	h æ n d ə l d	h æ n d ə l d	ə s o ʊ s iː e ɪ t	ə s o ʊ s iː e ɪ t ə d	h æ n d ə l ə d	1	0	0
random	s n iː z	s n iː z d	s n iː z d	r e ɪ d iː o ʊ	r e ɪ d iː o ʊ d	s n iː z d	1	1	1
random	v ɪ z ɪ t	v ɪ z ɪ t ə d	v ɪ z ɪ t ə d	ɪ n ɪ ʃ ə l	ɪ n ɪ ʃ ə l d	v ɪ z ɪ t d	1	0	0
random	s l a ɪ d	s l ɪ d	s l a ɪ d ə d	f e ɪ k	f e ɪ k t	s l a ɪ d t	0	0	0
random	p l æ n	p l æ n d	p l æ n d	s m ɑː r t	s m ɑː r t ə d	p l æ n ə d	1	0	0
random	ɛ l b o ʊ	ɛ l b o ʊ d	ɛ l b o ʊ d	ɡ r ɪ l	ɡ r ɪ l d	ɛ l b o ʊ d	1	1	1
random	b ɑː k s	b ɑː k s t	b ɑː k s t	s ɹ̩ t͡ʃ	s ɹ̩ t͡ʃ t	b ɑː k s t	1	1	1
random	ɪ n k l uː d	ɪ n k l uː d ə d	ɪ n k l uː d ə d	ə n d r ɛ s	ə n d r ɛ s t	ɪ n k l uː d t	1	0	0
random	b ɹ̩ n	b ɹ̩ n d	b ɹ̩ n d	r o ʊ l	r o ʊ l d	b ɹ̩ n d	1	1	1
random	ʃ e ɪ p	ʃ e ɪ p t	ʃ e ɪ p t	k l æ m p	k l æ m p t	ʃ e ɪ p t	1	1	1
random	b o ʊ n	b o ʊ n d	b o ʊ n d	h æ t͡ʃ	h æ t͡ʃ t	b o ʊ n t	1	0	0
random	f ɪ l	f ɪ l d	f ɪ l d	ɪ ɡ z ɹ̩ t	ɪ ɡ z ɹ̩ t ə d	f ɪ l ə d	1	0	0
random	m æ s k	m æ s k t	m æ s k t	v ɔ ɪ s	v ɔ ɪ s t	m æ s k t	1	1	1
random	s ɛ l ə b r e ɪ t	s ɛ l ə b r e ɪ t ə d	s ɛ l ə b r e ɪ t ə d	ɡ ʌ m	ɡ ʌ m d	s ɛ l ə b r e ɪ t d	1	0	0
random	k r ʌ m b ə l	k r ʌ m b ə l d	k r ʌ m b ə l d	s k w ɹ̩ t	s k w ɹ̩ t ə d	k r ʌ m b ə l ə d	1	0	0
random	r ɑː k	r ɑː k t	r ɑː k t	b æ s k	b æ s k t	r ɑː k t	1	1	1
random	ɡ ɛ r ə n t iː	ɡ ɛ r ə n t iː d	ɡ ɛ r ə n t ə d	w iː k ə n	w iː k ə n d	ɡ ɛ r ə n t iː d	1	0	1
random	k ə n ɛ k t	k ə n ɛ k t ə d	k ə n ɛ k t ə d	t a ɪ	t a ɪ d	k ə n ɛ k t d	1	0	0
random	t ɔ s	t ɔ s t	t ɔ s t	k ɔ f	k ɔ f t	t ɔ s t	1	1	1
random	iː v ɪ n	iː v ɪ n d	iː v ɪ n d	k ɑː s t uː m	k ɑː s t uː m d	iː v ɪ n d	1	1	1
random	b a ʊ n s	b a ʊ n s t	b a ʊ n s t	k ʌ v ɹ̩	k ʌ v ɹ̩ d	b a ʊ n s d	1	0	0
random	ɹ̩ n	ɹ̩ n d	ɹ̩ n d	r ɪ t a ɪ ɹ̩	r ɪ t a ɪ ɹ̩ d	ɹ̩ n d	1	1	1
random	k l a ʊ d	k l a ʊ d ə d	k l a ʊ d ə d	ɛ n d͡ʒ ɔ ɪ	ɛ n d͡ʒ ɔ ɪ d	k l a ʊ d d	1	0	0
random	k ʌ p ə l	k ʌ p ə l d	k ʌ p ə l d	s a ɪ d	s a ɪ d ə d	k ʌ p ə l ə d	1	0	0
random	f l ʌ ʃ	f l ʌ ʃ t	f l ʌ ʃ t	ʃ ɛ r	ʃ ɛ r d	f l ʌ ʃ d	1	0	0
random	h ɑː r n ə s	h ɑː r n ə s t	h ɑː r n ə s t	d r ɑː p	d r ɑː p t	h ɑː r n ə s t	1	1	1
random	b r a ʊ n	b r a ʊ n d	b r a ʊ n d	d ɪ s p j uː t	d ɪ s p j uː t ə d	b r a ʊ n ə d	1	0	0
random	s t ɪ ŋ k	s t ʌ ŋ k	s t ʌ ŋ k t	p r iː p ɛ r	p r iː p ɛ r d	s t ɪ ŋ k d	0	0	0
random	r iː f r ɛ ʃ	r iː f r ɛ ʃ t	r iː f r ɛ ʃ t	d͡ʒ ʌ ŋ k	d͡ʒ ʌ ŋ k t	r iː f r ɛ ʃ t	1	1	1
random	p r ə f ɹ̩	p r ə f ɹ̩ d	p r ə f ɹ̩ d	p r uː v	p r uː v d	p r ə f ɹ̩ d	1	1	1
random	s t iː l	s t o ʊ l	s t iː l d	p ɪ s	p ɪ s t	s t iː l t	0	0	0
random	b æ n d	b æ n d ə d	b æ n d ə d	k l ɪ k	k l ɪ k t	b æ n d t	1	0	0
random	r ɪ d	r ɪ d	r ɪ d	f l æ t ə n	f l æ t ə n d	r ɪ d d	0	0	0
random	k o ʊ ɑː p ɹ̩ e ɪ t	k o ʊ ɑː p ɹ̩ e ɪ t ə d	k o ʊ ɑː p ɹ̩ e ɪ t ə d	t w a ɪ n	t w a ɪ n d	k o ʊ ɑː p ɹ̩ e ɪ t d	1	0	0
random	b ɑː ð ɹ̩	b ɑː ð ɹ̩ d	b ɑː ð ɹ̩ d	d ɪ s p l e ɪ	d ɪ s p l e ɪ d	b ɑː ð ɹ̩ d	1	1	1
random	r ɛ s t	r ɛ s t ə d	r ɛ s t ə d	p ɛ p ɹ̩	p ɛ p ɹ̩ d	r ɛ s t d	1	0	0
random	ɑː k j ə p a ɪ	ɑː k j ə p a ɪ d	ɑː k j ə p ə p a ɪ d	s k æ n	s k æ n d	ɑː k j ə p a ɪ d	1	0	1
random	s k r ɪ b ə l	s k r ɪ b ə l d	s k r ɪ b ə l d	f e ɪ v ɹ̩	f e ɪ v ɹ̩ d	s k r ɪ b ə l d	1	1	1
random	b l æ s t	b l æ s t ə d	b l æ s t ə d	t r æ n s k r a ɪ b	t r æ n s k r a ɪ b d	b l æ s t d	1	0	0
random	h æ m ɹ̩	h æ m ɹ̩ d	h æ m ɹ̩ d	t͡ʃ ʌ ɡ	t͡ʃ ʌ ɡ d	h æ m ɹ̩ d	1	1	1
random	d r ɪ l	d r ɪ l d	d r ɪ l d	t w ɹ̩ l	t w ɹ̩ l d	d r ɪ l d	1	1	1
random	p r æ k t ɪ s	p r æ k t ɪ s t	p r æ k t ɪ s t	z uː m	z uː m d	p r æ k t ɪ s d	1	0	0
random	t a ɪ p	t a ɪ p t	t a ɪ p t	b l æ k	b l æ k t	t a ɪ p t	1	1	1
random	æ d	æ d ə d	æ d	d r e ɪ n	d r e ɪ n d	æ d d	1	0	0
random	b o ʊ l	b o ʊ l d	b o ʊ l d	ɡ æ ð ɹ̩	ɡ æ ð ɹ̩ d	b o ʊ l d	1	1	1
random	t o ʊ t	t o ʊ t ə d	t o ʊ t ə d	d ɑː r t	d ɑː r t ə d	t o ʊ t ə d	1	1	1
random	s w ɪ ʃ	s w ɪ ʃ t	s w ɪ ʃ t	ɡ r e ɪ t	ɡ r e ɪ t ə d	s w ɪ ʃ ə d	1	0	0
random	b l e ɪ m	b l e ɪ m d	b l e ɪ m d	f æ s ə n e ɪ t	f æ s ə n e ɪ t ə d	b l e ɪ m ə d	1	0	0
random	ɪ k s a ɪ t	ɪ k s a ɪ t ə d	ɪ k s a ɪ t ə d	b r ɛ d	b r ɛ d ə d	ɪ k s a ɪ t ə d	1	1	1
random	t͡ʃ a ɪ m	t͡ʃ a ɪ m d	t͡ʃ a ɪ m d	l æ n d	l æ n d ə d	t͡ʃ a ɪ m ə d	1	0	0
random	t͡ʃ iː r	t͡ʃ iː r d	t͡ʃ iː r d	v ɛ r iː	v ɛ r iː d	t͡ʃ iː r d	1	1	1
random	f r e ɪ m	f r e ɪ m d	f r e ɪ m d	s ɪ ŋ k	s æ ŋ k	NA	1	0	0
random	d æ m	d æ m d	d æ m d	ɪ n ɪ ʃ ə l	ɪ n ɪ ʃ ə l d	d æ m d	1	1	1
random	t͡ʃ iː t	t͡ʃ iː t ə d	t͡ʃ iː t	ɡ uː ɡ ə l	ɡ uː ɡ ə l d	t͡ʃ iː t d	1	0	0
random	l iː n	l iː n d	l iː n d	w e ɪ v	w e ɪ v d	l iː n d	1	1	1
random	s k r iː m	s k r iː m d	s k r iː m d	b a ɪ s ɪ k ə l	b a ɪ s ɪ k ə l d	s k r iː m d	1	1	1
random	ɪ ɡ n ɔ r	ɪ ɡ n ɔ r d	ɪ ɡ n ɔ r d	f e ɪ l	f e ɪ l d	ɪ ɡ n ɔ r d	1	1	1
random	s k uː p	s k uː p t	s k uː p t	t r ɪ k	t r ɪ k t	s k uː p t	1	1	1
random	θ ʌ m p	θ ʌ m p t	θ ʌ m p t	f ɪ n ɪ ʃ	f ɪ n ɪ ʃ t	θ ʌ m p t	1	1	1
random	s t iː r	s t iː r d	s t iː r d	æ d v ɹ̩ t a ɪ z	æ d v ɹ̩ t a ɪ z d	s t iː r d	1	1	1
random	s p ɪ n	s p ʌ n	s p ɪ n d	d w ɔ r f	d w ɔ r f t	s p ɪ n t	0	0	0
random	h ʌ f	h ʌ f t	h ʌ f t	p o ʊ k	p o ʊ k t	h ʌ f t	1	1	1
random	t ɛ n d	t ɛ n d ə d	t ɛ n d ə d	h ɪ t	h ɪ t	t ɛ n d	1	0	0
random	s p e ɪ s	s p e ɪ s t	s p e ɪ s t	ə n d uː	ə n d ɪ d	NA	1	0	0
random	s t r e ɪ t ə n	s t r e ɪ t ə n d	s t r e ɪ t ə n d	d r æ ɡ	d r æ ɡ d	s t r e ɪ t ə n d	1	1	1
random	p iː t ɹ̩	p iː t ɹ̩ d	p iː t ɹ̩ d	p æ n	p æ n d	p iː t ɹ̩ d	1	1	1
random	m a ɪ n	m a ɪ n d	m a ɪ n d	t r e ɪ l	t r e ɪ l d	m a ɪ n d	1	1	1
random	h iː l	h iː l d	h iː l d	p r iː p ɛ r	p r iː p ɛ r d	h iː l d	1	1	1
random	ə t r æ k t	ə t r æ k t ə d	ə t r æ k t ə d	r o ʊ l	r o ʊ l d	ə t r æ k t d	1	0	0
random	s k w ɛ r	s k w ɛ r d	s k w ɛ r d	s a ɪ	s a ɪ d	s k w ɛ r d	1	1	1
random	f l ʌ f	f l ʌ f t	f l ʌ f t	m ɛ l t	m ɛ l t ə d	f l ʌ f ə d	1	0	0
random	t o ʊ n	t o ʊ n d	t o ʊ n d	ɪ k s k j uː z	ɪ k s k j uː z d	t o ʊ n d	1	1	1
random	d͡ʒ ɪ m iː	d͡ʒ ɪ m iː d	d͡ʒ ɪ m iː d	p ɛ t	p ɛ t ə d	d͡ʒ ɪ m iː ə d	1	0	0
random	s m a ɪ l	s m a ɪ l d	s m a ɪ l d	w ɔ r m	w ɔ r m d	s m a ɪ l d	1	1	1
random	ə n w a ɪ n d	ə n w a ʊ n d	ə n w a ɪ n d ə d	n ɪ t	n ɪ t ə d	ə n w a ɪ n d ə d	0	1	0
random	d ɪ k l ɛ r	d ɪ k l ɛ r d	d ɪ k l ɛ r d	ə n z ɪ p	ə n z ɪ p t	d ɪ k l ɛ r t	1	0	0
random	k ə n d ʌ k t	k ə n d ʌ k t ə d	k ə n d ʌ k t ə d	o ʊ v ɹ̩ s t e ɪ	o ʊ v ɹ̩ s t e ɪ d	k ə n d ʌ k t d	1	0	0
random	s t r e ɪ n	s t r e ɪ n d	s t r e ɪ n d	s t æ b	s t æ b d	s t r e ɪ n d	1	1	1
random	k ə l æ p s	k ə l æ p s t	k ə l æ p s t	t a ɪ m	t a ɪ m d	k ə l æ p s d	1	0	0
random	p ɑː r t ɪ s ə p e ɪ t	p ɑː r t ɪ s ə p e ɪ t ə d	p ɑː r t ɪ s t ɪ t ə d	r a ɪ d	r o ʊ d	NA	1	0	0
random	t r æ n z l e ɪ t	t r æ n z l e ɪ t ə d	t r æ n z ɑː a ɪ t ə d	o ʊ v ɹ̩ k ə m	o ʊ v ɹ̩ k e ɪ m	NA	1	0	0
random	d ɪ s k ʌ s	d ɪ s k ʌ s t	d ɪ s k ʌ s t	ə k ʌ s t ə m	ə k ʌ s t ə m d	d ɪ s k ʌ s d	1	0	0
random	f ɹ̩ ɡ ɪ v	f ɹ̩ ɡ e ɪ v	f ɹ̩ ɡ j v d	s t ɪ l	s t ɪ l d	f ɹ̩ ɡ ɪ v d	0	0	0
random	ə r a ɪ z	ə r o ʊ z	ə r a ɪ z d	k ɔ f	k ɔ f t	ə r a ɪ z t	0	0	0
random	f r a ɪ t ə n	f r a ɪ t ə n d	f r a ɪ t ə n d	n ɹ̩ s	n ɹ̩ s t	f r a ɪ t ə n t	1	0	0
random	ɔ ɪ l	ɔ ɪ l d	ɔ ɪ l d	p ʌ n t͡ʃ	p ʌ n t͡ʃ t	ɔ ɪ l t	1	0	0
random	ə n l o ʊ d	ə n l o ʊ d ə d	ə n l o ʊ d ə d	p ɪ k	p ɪ k t	ə n l o ʊ d t	1	0	0
random	ɡ r ʌ m b ə l	ɡ r ʌ m b ə l d	ɡ r ʌ m b ə l d	k l ʌ b	k l ʌ b d	ɡ r ʌ m b ə l d	1	1	1
random	r ɛ k	r ɛ k t	r ɛ k t	o ʊ v ɹ̩ h æ ŋ	o ʊ v ɹ̩ h ʌ ŋ	NA	1	0	0
random	s p ɑː t	s p ɑː t ə d	s p ɑː t	k e ɪ v	k e ɪ v d	s p ɑː t d	1	0	0
random	b ʌ t ɹ̩	b ʌ t ɹ̩ d	b ʌ t ɹ̩ d	s iː d	s iː d ə d	b ʌ t ɹ̩ ə d	1	0	0
random	s t iː p	s t iː p t	s t iː p t	t a ɪ m	t a ɪ m d	s t iː p d	1	0	0
random	h ʌ s ə l	h ʌ s ə l d	h ʌ s ə l d	s t e ɪ ʃ ə n	s t e ɪ ʃ ə n d	h ʌ s ə l d	1	1	1
random	k ə n t ɪ n j uː	k ə n t ɪ n j uː d	k ə n t ɪ n t ɪ d	s ɪ m ɹ̩	s ɪ m ɹ̩ d	k ə n t ɪ n j uː d	1	0	1
random	r ɛ n t	r ɛ n t ə d	r ɛ n t ə d	l uː z	l ɔ s t	NA	1	0	0
random	k r ʌ n t͡ʃ	k r ʌ n t͡ʃ t	k r ʌ n t͡ʃ t	b a ɪ s ɪ k ə l	b a ɪ s ɪ k ə l d	k r ʌ n t͡ʃ d	1	0	0
random	r ɛ s k j uː	r ɛ s k j uː d	r ɛ s k j uː d	p r iː p ɛ r	p r iː p ɛ r d	r ɛ s k j uː d	1	1	1
random	t ɑː p	t ɑː p t	t ɑː p t	ɡ r a ʊ l	ɡ r a ʊ l d	t ɑː p d	1	0	0
random	b l iː d	b l ɛ d	b l iː d ə d	k ɔ f	k ɔ f t	b l iː d t	0	0	0
random	p r ɪ k	p r ɪ k t	p r ɪ k t	æ d v a ɪ z	æ d v a ɪ z d	p r ɪ k d	1	0	0
random	o ʊ ɡ ə l	o ʊ ɡ ə l d	o ʊ ɡ ə l d	ɑː p ɹ̩ e ɪ t	ɑː p ɹ̩ e ɪ t ə d	o ʊ ɡ ə l ə d	1	0	0
random	s ɔ ɪ l	s ɔ ɪ l d	s ɔ ɪ l d	m ɑː r b ə l	m ɑː r b ə l d	s ɔ ɪ l d	1	1	1
random	ɡ ɑː l f	ɡ ɑː l f t	ɡ ɑː l f t	k ə n t r o ʊ l	k ə n t r o ʊ l d	ɡ ɑː l f d	1	0	0
random	b ʌ s t	b ʌ s t ə d	b ʌ s t ə d	s m ɑː r t	s m ɑː r t ə d	b ʌ s t ə d	1	1	1
random	r iː s a ɪ k ə l	r iː s a ɪ k ə l d	r iː s a ɪ k ə l d	d r a ɪ	d r a ɪ d	r iː s a ɪ k ə l d	1	1	1
random	s t uː	s t uː d	s t uː d	p e ɪ	p e ɪ d	s t uː d	1	1	1
random	b æ t	b æ t ə d	b æ t	l æ f	l æ f t	b æ t t	1	0	0
random	s ʌ f ɹ̩	s ʌ f ɹ̩ d	s ʌ f ɹ̩ d	s uː	s uː d	s ʌ f ɹ̩ d	1	1	1
random	v ɪ ʒ w ə l a ɪ z	v ɪ ʒ w ə l a ɪ z d	v ɪ l ə l ə d	k l æ d	k l æ d	v ɪ ʒ w ə l a ɪ z	1	0	0
random	k æ p	k æ p t	k æ p t	t͡ʃ ʌ k ə l	t͡ʃ ʌ k ə l d	k æ p d	1	0	0
random	t ʌ m b ə l	t ʌ m b ə l d	t ʌ m b ə l d	n o ʊ t ɪ s	n o ʊ t ɪ s t	t ʌ m b ə l t	1	0	0
random	d ɪ s k r a ɪ b	d ɪ s k r a ɪ b d	d ɪ s k r a ɪ b d	w iː n	w iː n d	d ɪ s k r a ɪ b d	1	1	1
random	h ɛ z ə t e ɪ t	h ɛ z ə t e ɪ t ə d	h t ɛ z t e ɪ t ə d	s p a ɪ s	s p a ɪ s t	h ɛ z ə t e ɪ t t	1	0	0
random	m ɑː r	m ɑː r d	m ɑː r d	k ɔ l	k ɔ l d	m ɑː r d	1	1	1
random	p r ə n a ʊ n s	p r ə n a ʊ n s t	p r ə n a ʊ n a d	æ n ə l a ɪ z	æ n ə l a ɪ z d	p r ə n a ʊ n s d	1	0	0
random	f ɪ k s e ɪ t	f ɪ k s e ɪ t ə d	f ɪ k s e ɪ t ə d	ə d r ɛ s	ə d r ɛ s t	f ɪ k s e ɪ t t	1	0	0
random	b ɑː s	b ɑː s t	b ɑː s t	r iː d uː	r iː d ɪ d	NA	1	0	0
random	d ɪ s t ɹ̩ b	d ɪ s t ɹ̩ b d	d ɪ s t ɹ̩ b d	n ɑː d	n ɑː d ə d	d ɪ s t ɹ̩ b ə d	1	0	0
random	s n æ k	s n æ k t	s n æ k t	k ə n ɡ r æ t͡ʃ ə l e ɪ t	k ə n ɡ r æ t͡ʃ ə l e ɪ t ə d	s n æ k ə d	1	0	0
random	d ʌ s t	d ʌ s t ə d	d ʌ s t ə d	t r æ n s k r a ɪ b	t r æ n s k r a ɪ b d	d ʌ s t d	1	0	0
random	m o ʊ n	m o ʊ n d	m o ʊ n d	b ɑː r b ɪ k j uː	b ɑː r b ɪ k j uː d	m o ʊ n d	1	1	1
random	p iː l	p iː l d	p iː l d	t͡ʃ ʌ k ə l	t͡ʃ ʌ k ə l d	p iː l d	1	1	1
random	f l ɑː p	f l ɑː p t	f l ɑː p t	s k r æ t͡ʃ	s k r æ t͡ʃ t	f l ɑː p t	1	1	1
random	f l æ ʃ	f l æ ʃ t	f l æ ʃ t	b ɑː r ɡ ə n	b ɑː r ɡ ə n d	f l æ ʃ d	1	0	0
random	p e ɪ s t	p e ɪ s t ə d	p e ɪ s t ə d	r iː d	r ɛ d	NA	1	0	0
random	ɡ ɑː r b ə l	ɡ ɑː r b ə l d	ɡ ɑː r b ə l d	d o ʊ l	d o ʊ l d	ɡ ɑː r b ə l d	1	1	1
random	ɪ n t ɛ n d	ɪ n t ɛ n d ə d	ɪ n t ɛ n t ə d	d a ɪ n	d a ɪ n d	ɪ n t ɛ n d d	1	0	0
random	r o ʊ t e ɪ t	r o ʊ t e ɪ t ə d	r o ʊ t e ɪ t ə d	d ɪ s k ə n ɛ k t	d ɪ s k ə n ɛ k t ə d	r o ʊ t e ɪ t ə d	1	1	1
random	s ɑː l v	s ɑː l v d	s ɑː l v d	t͡ʃ e ɪ n d͡ʒ	t͡ʃ e ɪ n d͡ʒ d	s ɑː l v d	1	1	1
random	r ɪ s p ɑː n d	r ɪ s p ɑː n d ə d	r ɪ s p ɑː n d ə d	o ʊ v ɹ̩ k ə m	o ʊ v ɹ̩ k e ɪ m	NA	1	0	0
random	p r a ɪ s	p r a ɪ s t	p r a ɪ s t	k ɑː n t r æ k t	k ɑː n t r æ k t ə d	p r a ɪ s ə d	1	0	0
random	h ɑː r p	h ɑː r p t	h ɑː r p t	t ʌ k	t ʌ k t	h ɑː r p t	1	1	1
random	ɪ ɡ z ɔ s t	ɪ ɡ z ɔ s t ə d	ɪ ɡ z ɔ s t ə d	s k r e ɪ p	s k r e ɪ p t	ɪ ɡ z ɔ s t t	1	0	0
random	t ɛ r ə f a ɪ	t ɛ r ə f a ɪ d	t ɛ r ə f a ɪ d	s k r iː t͡ʃ	s k r iː t͡ʃ t	t ɛ r ə f a ɪ t	1	0	0
random	s a ʊ	s a ʊ d	s a ʊ d	b uː	b uː d	s a ʊ d	1	1	1
random	e ɪ d	e ɪ d ə d	e ɪ d ə d	s ɹ̩ t͡ʃ	s ɹ̩ t͡ʃ t	e ɪ d t	1	0	0
random	ə n p æ k	ə n p æ k t	ə n p æ k t	t r ʌ m p	t r ʌ m p t	ə n p æ k t	1	1	1
random	p r ɪ v ɛ n t	p r ɪ v ɛ n t ə d	p r ɪ v ɛ n t ə d	t a ɪ ɹ̩	t a ɪ ɹ̩ d	p r ɪ v ɛ n t d	1	0	0
random	k ə n s ɪ d ɹ̩	k ə n s ɪ d ɹ̩ d	k ə n s ɪ d ɹ̩ d	ɑː r t ɪ k j ə l e ɪ t	ɑː r t ɪ k j ə l e ɪ t ə d	k ə n s ɪ d ɹ̩ ə d	1	0	0
random	w ɑː d	w ɑː d ə d	w ɑː d ə d	m æ p	m æ p t	w ɑː d t	1	0	0
random	t r ʌ s t	t r ʌ s t ə d	t r ʌ s t ə d	t͡ʃ ʌ k	t͡ʃ ʌ k t	t r ʌ s t t	1	0	0
random	m ɑː d ə l	m ɑː d ə l d	m ɑː d ə l d	f ɹ̩ ð ɹ̩	f ɹ̩ ð ɹ̩ d	m ɑː d ə l d	1	1	1
random	s t e ɪ p ə l	s t e ɪ p ə l d	s t e ɪ p ə l d	w e ɪ t	w e ɪ t ə d	s t e ɪ p ə l ə d	1	0	0
random	p r ə v a ɪ d	p r ə v a ɪ d ə d	p r ə v a ɪ d ə d	p ɔ ɪ n t	p ɔ ɪ n t ə d	p r ə v a ɪ d ə d	1	1	1
random	t r ɛ m b ə l	t r ɛ m b ə l d	t r ɛ m b ə l d	b ɪ h e ɪ v	b ɪ h e ɪ v d	t r ɛ m b ə l d	1	1	1
random	p l a ʊ	p l a ʊ d	p l a ʊ d	s ɛ n t ɹ̩	s ɛ n t ɹ̩ d	p l a ʊ d	1	1	1
random	w æ ɡ	w æ ɡ d	w æ ɡ d	p l ʌ ɡ	p l ʌ ɡ d	w æ ɡ d	1	1	1
random	b l iː t͡ʃ	b l iː t͡ʃ t	b l iː t͡ʃ t	p iː s	p iː s t	b l iː t͡ʃ t	1	1	1
random	t æ t ə l	t æ t ə l d	t æ t ə l d	ə n r o ʊ l	ə n r o ʊ l d	t æ t ə l d	1	1	1
random	s k ɹ̩ t	s k ɹ̩ t ə d	s k ɹ̩ t	m ɛ n d	m ɛ n d ə d	s k ɹ̩ t ə d	1	0	1
random	ɛ r	ɛ r d	ɛ r d	ɡ r o ʊ n	ɡ r o ʊ n d	ɛ r d	1	1	1
random	ɛ k s ɹ̩ s a ɪ z	ɛ k s ɹ̩ s a ɪ z d	ɛ k s ɹ̩ s a ɪ z d	t͡ʃ ʌ k	t͡ʃ ʌ k t	ɛ k s ɹ̩ s a ɪ z t	1	0	0
random	f ʌ d͡ʒ	f ʌ d͡ʒ d	f ʌ d͡ʒ d	j ɛ l	j ɛ l d	f ʌ d͡ʒ d	1	1	1
random	ɡ ʌ n	ɡ ʌ n d	ɡ ʌ n d	d ɪ s t r ʌ k t	d ɪ s t r ʌ k t ə d	ɡ ʌ n ə d	1	0	0
random	s p ɔ r t	s p ɔ r t ə d	s p ɔ r t	ɡ l ɔ r ə f a ɪ	ɡ l ɔ r ə f a ɪ d	s p ɔ r t d	1	0	0
random	r ɪ l iː v	r ɪ l iː v d	r ɪ l iː v d	s m o ʊ k	s m o ʊ k t	r ɪ l iː v t	1	0	0
random	ʃ o ʊ l d ɹ̩	ʃ o ʊ l d ɹ̩ d	ʃ o ʊ l d ɹ̩ d	s t ɑː r t	s t ɑː r t ə d	ʃ o ʊ l d ɹ̩ ə d	1	0	0
random	f ɔ r k	f ɔ r k t	f ɔ r k t	d ɪ v ɛ l ə p	d ɪ v ɛ l ə p t	f ɔ r k t	1	1	1
random	t w iː k	t w iː k t	t w iː k t	ə p r o ʊ t͡ʃ	ə p r o ʊ t͡ʃ t	t w iː k t	1	1	1
random	d æ ʃ	d æ ʃ t	d æ ʃ t	d r ɔ	d r uː	NA	1	0	0
random	ɪ k s k l e ɪ m	ɪ k s k l e ɪ m d	ɪ k s k l e ɪ m d	l o ʊ ɹ̩	l o ʊ ɹ̩ d	ɪ k s k l e ɪ m d	1	1	1
random	s ə s p ɛ k t	s ə s p ɛ k t ə d	s ə s p ɛ k t ə d	ʃ a ʊ t	ʃ a ʊ t ə d	s ə s p ɛ k t ə d	1	1	1
random	t r æ n s f ɔ r m	t r æ n s f ɔ r m d	t r æ n s f ɔ r s t	r iː l o ʊ d	r iː l o ʊ d ə d	t r æ n s f ɔ r m ə d	1	0	0
random	θ r ɛ t ə n	θ r ɛ t ə n d	θ r ɛ t ə n d	d e ɪ t	d e ɪ t ə d	θ r ɛ t ə n ə d	1	0	0
random	m e ɪ t	m e ɪ t ə d	m e ɪ t ə d	ɪ n ɡ e ɪ d͡ʒ	ɪ n ɡ e ɪ d͡ʒ d	m e ɪ t d	1	0	0
random	ɪ m p r uː v	ɪ m p r uː v d	ɪ m p r uː v d	l ɔ ɡ	l ɔ ɡ d	ɪ m p r uː v d	1	1	1
random	t ɑː l ɹ̩ e ɪ t	t ɑː l ɹ̩ e ɪ t ə d	t ɑː l ɹ̩ e ɪ t ə d	d uː	d ɪ d	NA	1	0	0
random	h ɔ n t	h ɔ n t ə d	h ɔ n t ə d	ʃ ɛ r	ʃ ɛ r d	h ɔ n t d	1	0	0
random	t æ k	t æ k t	t æ k t	b ɑː t ə m	b ɑː t ə m d	t æ k d	1	0	0
random	ɪ n d͡ʒ ɹ̩	ɪ n d͡ʒ ɹ̩ d	ɪ n d͡ʒ ɹ̩ d	ɪ f ɛ k t	ɪ f ɛ k t ə d	ɪ n d͡ʒ ɹ̩ ə d	1	0	0
random	p r ɪ d ɪ k t	p r ɪ d ɪ k t ə d	p r ɪ d ɪ k t ə d	w ɔ r n	w ɔ r n d	p r ɪ d ɪ k t d	1	0	0
random	d ɪ z a ɪ n	d ɪ z a ɪ n d	d ɪ z a ɪ n d	s ɪ m ɹ̩	s ɪ m ɹ̩ d	d ɪ z a ɪ n d	1	1	1
random	b ʌ n d ə l	b ʌ n d ə l d	b ʌ n d ə l d	ʃ iː l d	ʃ iː l d ə d	b ʌ n d ə l ə d	1	0	0
random	r ɪ s ɛ s	r ɪ s ɛ s t	r ɪ s ɛ s t	r ɪ p l a ɪ	r ɪ p l a ɪ d	r ɪ s ɛ s d	1	0	0
random	b l a ɪ n d	b l a ɪ n d ə d	b l a ɪ n d ə d	s m uː ð	s m uː ð d	b l a ɪ n d d	1	0	0
random	d r ʌ ɡ	d r ʌ ɡ d	d r ʌ ɡ d	t ɔ r m ɛ n t	t ɔ r m ɛ n t ə d	d r ʌ ɡ ə d	1	0	0
random	f l e ɪ v ɹ̩	f l e ɪ v ɹ̩ d	f l e ɪ v ɹ̩ d	r ɪ p	r ɪ p t	f l e ɪ v ɹ̩ t	1	0	0
random	r ɪ p ɛ r	r ɪ p ɛ r d	r ɪ p ɛ r d	m æ t ɹ̩	m æ t ɹ̩ d	r ɪ p ɛ r d	1	1	1
random	k ɹ̩ s	k ɹ̩ s t	k ɹ̩ s t	s t e ɪ	s t e ɪ d	k ɹ̩ s d	1	0	0
random	ɪ n t͡ʃ	ɪ n t͡ʃ t	ɪ n t͡ʃ t	r uː l	r uː l d	ɪ n t͡ʃ d	1	0	0
random	t r æ n z m ɪ t	t r æ n z m ɪ t ə d	t r æ n z m d	k l ɔ	k l ɔ d	t r æ n z m ɪ t d	1	0	0
random	ʃ æ m p uː	ʃ æ m p uː d	ʃ æ m p uː d	k r ʌ m p ə l	k r ʌ m p ə l d	ʃ æ m p uː d	1	1	1
random	ɪ n k r iː s	ɪ n k r iː s t	ɪ n k r iː s t	θ ɪ ŋ k	θ ɔ t	NA	1	0	0
random	b ʊ t͡ʃ ɹ̩	b ʊ t͡ʃ ɹ̩ d	b ʊ t͡ʃ ɹ̩ d	w ɛ l k ə m	w ɛ l k ə m d	b ʊ t͡ʃ ɹ̩ d	1	1	1
random	d o ʊ n e ɪ t	d o ʊ n e ɪ t ə d	d o ʊ n e ɪ t ə d	t r a ɪ	t r a ɪ d	d o ʊ n e ɪ t d	1	0	0
random	t͡ʃ æ l ə n d͡ʒ	t͡ʃ æ l ə n d͡ʒ d	t͡ʃ æ l ə n d͡ʒ d	b r e ɪ k	b r o ʊ k	NA	1	0	0
random	ɛ ɡ z ɪ t	ɛ ɡ z ɪ t ə d	ɛ ɡ z ɪ t ə d	r æ ʃ ə n ə l a ɪ z	r æ ʃ ə n ə l a ɪ z d	ɛ ɡ z ɪ t d	1	0	0
random	b ʊ k	b ʊ k t	b o ʊ k	p æ s	p æ s t	b ʊ k t	1	0	1
random	m j uː z	m j uː z d	m j uː z d	s l æ p	s l æ p t	m j uː z t	1	0	0
random	p ɔ ɪ z ə n	p ɔ ɪ z ə n d	p ɔ ɪ z ə n d	s a ʊ ɹ̩	s a ʊ ɹ̩ d	p ɔ ɪ z ə n d	1	1	1
random	ɪ n f l uː ə n s	ɪ n f l uː ə n s t	ɪ n f l ə n d	k l ʌ t͡ʃ	k l ʌ t͡ʃ t	ɪ n f l uː ə n s t	1	0	1
random	s t r æ ŋ ɡ ə l	s t r æ ŋ ɡ ə l d	s t r æ ŋ ɡ ə l d	r ɪ d͡ʒ ɔ ɪ s	r ɪ d͡ʒ ɔ ɪ s t	s t r æ ŋ ɡ ə l t	1	0	0
random	ɪ ʃ uː	ɪ ʃ uː d	ɪ ʃ uː d	ʃ a ɪ	ʃ a ɪ d	ɪ ʃ uː d	1	1	1
random	ɪ m p r ɛ s	ɪ m p r ɛ s t	ɪ m p r ɛ s t	m æ ʃ	m æ ʃ t	ɪ m p r ɛ s t	1	1	1
random	p r ə d uː s	p r ə d uː s t	p r ə d uː s t	d r ɛ s	d r ɛ s t	p r ə d uː s t	1	1	1
random	n æ ɡ	n æ ɡ d	n æ ɡ d	f r e ɪ z	f r e ɪ z d	n æ ɡ d	1	1	1
random	o ʊ v ɹ̩ k ʊ k	o ʊ v ɹ̩ k ʊ k t	o ʊ v ɹ̩ k e ɪ k	ɛ m j ə l e ɪ t	ɛ m j ə l e ɪ t ə d	o ʊ v ɹ̩ k ʊ k ə d	1	0	0
random	e ɪ m	e ɪ m d	e ɪ m d	s ʌ k	s ʌ k t	e ɪ m t	1	0	0
random	ɪ m ə t e ɪ t	ɪ m ə t e ɪ t ə d	ɪ m ə m e ɪ t ə d	p ɛ t	p ɛ t ə d	ɪ m ə t e ɪ t ə d	1	0	1
random	t͡ʃ ɹ̩ n	t͡ʃ ɹ̩ n d	t͡ʃ ɹ̩ n d	p ɔ z	p ɔ z d	t͡ʃ ɹ̩ n d	1	1	1
random	k a ʊ n t ɹ̩	k a ʊ n t ɹ̩ d	k a ʊ n t ɹ̩ d	d ɪ s m ɪ s	d ɪ s m ɪ s t	k a ʊ n t ɹ̩ t	1	0	0
random	m ɪ s t r iː t	m ɪ s t r iː t ə d	m ɪ s t r iː t ə d	m ɛ l t	m ɛ l t ə d	m ɪ s t r iː t ə d	1	1	1
random	k ə m b a ɪ n	k ə m b a ɪ n d	k ə m b a ɪ n d	d ɪ s o ʊ b e ɪ	d ɪ s o ʊ b e ɪ d	k ə m b a ɪ n d	1	1	1
random	h ɪ n t	h ɪ n t ə d	h ɪ n t ə d	j ɔ n	j ɔ n d	h ɪ n t d	1	0	0
random	ə p r o ʊ p r iː e ɪ t	ə p r o ʊ p r iː e ɪ t ə d	ə p r o ʊ p r iː e ɪ t ə d	p ɹ̩ f ɛ k t	p ɹ̩ f ɛ k t ə d	ə p r o ʊ p r iː e ɪ t ə d	1	1	1
random	p r ɑː d͡ʒ ɛ k t	p r ɑː d͡ʒ ɛ k t ə d	p r ɑː d͡ʒ ɛ k t ə d	t͡ʃ ɪ k ə n	t͡ʃ ɪ k ə n d	p r ɑː d͡ʒ ɛ k t d	1	0	0
random	f ɔ r w ɹ̩ d	f ɔ r w ɹ̩ d ə d	f ɔ r w ɹ̩ d ə d	b ʌ s	b ʌ s t	f ɔ r w ɹ̩ d t	1	0	0
random	d ɪ s ə ɡ r iː	d ɪ s ə ɡ r iː d	d ɪ s ə ɡ r iː d	d ɪ z ɹ̩ v	d ɪ z ɹ̩ v d	d ɪ s ə ɡ r iː d	1	1	1
random	s t ɑː r t ə l	s t ɑː r t ə l d	s t ɑː r t ə l d	d ɪ f iː t	d ɪ f iː t ə d	s t ɑː r t ə l ə d	1	0	0
random	k r æ m	k r æ m d	k r æ m d	s p ɪ l	s p ɪ l d	k r æ m d	1	1	1
random	s ɪ ŋ ɡ ə l	s ɪ ŋ ɡ ə l d	s ɪ ŋ ɡ ə l d	k a ʊ n t	k a ʊ n t ə d	s ɪ ŋ ɡ ə l ə d	1	0	0
random	ɡ l ʌ v	ɡ l ʌ v d	ɡ l ʌ v d	m a ɪ n d	m a ɪ n d ə d	ɡ l ʌ v ə d	1	0	0
random	r iː s k ɛ d͡ʒ uː l	r iː s k ɛ d͡ʒ uː l d	r iː s k ɛ d͡ʒ ɛ d͡ʒ d	k w ɛ s t͡ʃ ə n	k w ɛ s t͡ʃ ə n d	r iː s k ɛ d͡ʒ uː l d	1	0	1
random	s ɹ̩ v a ɪ v	s ɹ̩ v a ɪ v d	s ɹ̩ v a ɪ v d	s t e ɪ n	s t e ɪ n d	s ɹ̩ v a ɪ v d	1	1	1
random	s n ɔ r t	s n ɔ r t ə d	s n ɔ r t ə d	s n ɪ k ɹ̩	s n ɪ k ɹ̩ d	s n ɔ r t d	1	0	0
random	ə p l ɔ d	ə p l ɔ d ə d	ə p l ɔ d	n æ v ə ɡ e ɪ t	n æ v ə ɡ e ɪ t ə d	ə p l ɔ d ə d	1	0	1
random	b iː f	b iː f t	b iː f t	n a ɪ f	n a ɪ f t	b iː f t	1	1	1
random	t r ʌ d͡ʒ	t r ʌ d͡ʒ d	t r ʌ d͡ʒ d	ɡ l ɔ r ə f a ɪ	ɡ l ɔ r ə f a ɪ d	t r ʌ d͡ʒ d	1	1	1
random	v e ɪ k e ɪ ʃ ə n	v e ɪ k e ɪ ʃ ə n d	v e ɪ k e ɪ ʃ e ɪ d	k a ʊ n t	k a ʊ n t ə d	v e ɪ k e ɪ ʃ ə n ə d	1	0	0
random	s ə p l ə m ɛ n t	s ə p l ə m ɛ n t ə d	s ə m d ɛ m ə n t ə d	b ɑː t ə m	b ɑː t ə m d	s ə p l ə m ɛ n t d	1	0	0
random	m ʌ m b ə l	m ʌ m b ə l d	m ʌ m b ə l d	r iː r	r iː r d	m ʌ m b ə l d	1	1	1
random	æ l a ɪ	æ l a ɪ d	æ l a ɪ d	s ɪ f t	s ɪ f t ə d	æ l a ɪ ə d	1	0	0
random	f j uː m	f j uː m d	f j uː m d	f l ɹ̩ t	f l ɹ̩ t ə d	f j uː m ə d	1	0	0
random	n ɪ k s	n ɪ k s t	n ɪ k s t	t uː θ	t uː θ t	n ɪ k s t	1	1	1
random	h ɛ d͡ʒ	h ɛ d͡ʒ d	h ɛ d͡ʒ d	t w ɪ s t	t w ɪ s t ə d	h ɛ d͡ʒ ə d	1	0	0
random	ʃ r iː k	ʃ r iː k t	ʃ r iː k t	p ɑː r d ə n	p ɑː r d ə n d	ʃ r iː k d	1	0	0
random	d ɛ d ə k e ɪ t	d ɛ d ə k e ɪ t ə d	d ɛ d ə k e ɪ t ə d	h a ʊ l	h a ʊ l d	d ɛ d ə k e ɪ t d	1	0	0
random	r ɛ v	r ɛ v d	r ɛ v d	m ɑː r t͡ʃ	m ɑː r t͡ʃ t	r ɛ v t	1	0	0
random	n iː	n iː d	n iː d	f a ɪ t	f ɔ t	NA	1	0	0
random	r iː ɔ r ɡ ə n a ɪ z	r iː ɔ r ɡ ə n a ɪ z d	r iː ɡ ə n ə n a ɪ z d	t r e ɪ s	t r e ɪ s t	r iː ɔ r ɡ ə n a ɪ z t	1	0	0
random	a ʊ t f ɑː k s	a ʊ t f ɑː k s t	a ʊ t f ɑː k s t	s t ɛ p	s t ɛ p t	a ʊ t f ɑː k s t	1	1	1
random	k ə n s t r ʌ k t	k ə n s t r ʌ k t ə d	k ə n s t r ʌ k t ə d	f æ s ə n e ɪ t	f æ s ə n e ɪ t ə d	k ə n s t r ʌ k t ə d	1	1	1
random	f l ɹ̩ iː	f l ɹ̩ iː d	f l ɹ̩ iː d	s æ t ə s f a ɪ	s æ t ə s f a ɪ d	f l ɹ̩ iː d	1	1	1
random	ɪ n k w a ɪ ɹ̩	ɪ n k w a ɪ ɹ̩ d	ɪ n k w a ɪ ɹ̩ d	w ɪ n t ɹ̩	w ɪ n t ɹ̩ d	ɪ n k w a ɪ ɹ̩ d	1	1	1
random	d͡ʒ e ɪ l	d͡ʒ e ɪ l d	d͡ʒ e ɪ l d	r ə s iː v	r ə s iː v d	d͡ʒ e ɪ l d	1	1	1
random	s w uː ʃ	s w uː ʃ t	s w uː ʃ t	b ʌ b ə l	b ʌ b ə l d	s w uː ʃ d	1	0	0
random	h ɹ̩ l	h ɹ̩ l d	h ɹ̩ l d	k ə m p j uː t	k ə m p j uː t ə d	h ɹ̩ l ə d	1	0	0
