rep	split	src	gold	pred	walk	valid	class	steps_agree	steps
jacobian	ftune	ɡ ɛ t	ɡ ɑː t	ɡ ɛ t	ɡ ɛ t	1	no_change	4	4
jacobian	ftune	p ʊ t	p ʊ t	p ʊ t	p ʊ t ə d	1	no_change	3	4
jacobian	ftune	ɡ o ʊ	w ɛ n t	ɡ o ʊ d	ɡ o ʊ d	1	reg_d	5	5
jacobian	ftune	iː t	e ɪ t	iː t ə d	iː t d	1	reg_əd	4	5
jacobian	ftune	w ɔ n t	w ɔ n t ə d	w ɔ n t ə d	w ɔ n t ə d	1	reg_əd	7	7
jacobian	ftune	n ɑː k	n ɑː k t	n ɑː k t	n ɑː k t	1	reg_t	5	5
jacobian	ftune	l ɪ s ə n	l ɪ s ə n d	l ɪ s ə n d	l ɪ s ə n d	1	reg_d	7	7
jacobian	ftune	p ʌ f	p ʌ f t	p ʌ f t	p ʌ f t	1	reg_t	5	5
jacobian	ftune	h o ʊ p	h o ʊ p t	h o ʊ p t	h o ʊ p t	1	reg_t	6	6
jacobian	ftune	n iː d	n iː d ə d	n ɛ d ə d	n iː d ə d	1	other	3	6
jacobian	ftune	k æ t͡ʃ	k ɔ t	k æ t͡ʃ t	k æ t͡ʃ t	1	reg_t	5	5
jacobian	ftune	z ɪ p ɹ̩	z ɪ p ɹ̩ d	z ɪ p ɹ̩ d	z ɪ p ɹ̩ d	1	reg_d	6	6
jacobian	ftune	h ɑː p	h ɑː p t	h ɑː p t	h ɑː p t	1	reg_t	5	5
jacobian	ftune	k æ r iː	k æ r iː d	k æ r iː d	k æ r iː d	1	reg_d	6	6
jacobian	ftune	r ɪ t ɹ̩ n	r ɪ t ɹ̩ n d	r ɪ t ɹ̩ n d	r ɪ t ɹ̩ n d	1	reg_d	7	7
jacobian	ftune	f iː d	f ɛ d	f iː d ə d	f iː d ə d	1	reg_əd	6	6
jacobian	ftune	ɡ ɑː b ə l	ɡ ɑː b ə l d	ɡ ɑː b ə l d	ɡ ɑː b ə l d	1	reg_d	7	7
jacobian	ftune	o ʊ p ə n	o ʊ p ə n d	o ʊ p ə n d	o ʊ p ə n d	1	reg_d	7	7
jacobian	ftune	h o ʊ l d	h ɛ l d	h o ʊ l d ə d	h o ʊ l d ə d	1	reg_əd	8	8
jacobian	ftune	d ɪ l ɪ v ɹ̩	d ɪ l ɪ v ɹ̩ d	d ɪ l ɪ v ɹ̩ d	d ɪ l ɪ v ɹ̩ d	1	reg_d	8	8
jacobian	ftune	r ʌ b	r ʌ b d	r ʌ b d	r ʌ b d	1	reg_d	5	5
jacobian	ftune	w ɑː t͡ʃ	w ɑː t͡ʃ t	w ɑː t͡ʃ t	w ɑː t͡ʃ t	1	reg_t	5	5
jacobian	ftune	p l iː z	p l iː z d	p l iː z d	p l iː z d	1	reg_d	6	6
jacobian	ftune	w ɔ k	w ɔ k t	w ɔ k t	w ɔ k t	1	reg_t	5	5
jacobian	ftune	p æ k	p æ k t	p æ k t	p æ k t	1	reg_t	5	5
jacobian	ftune	s a ʊ n d	s a ʊ n d ə d	s a ʊ n d ə d	s a ʊ n d ə d	1	reg_əd	8	8
jacobian	ftune	ɡ r æ b	ɡ r æ b d	ɡ r æ b d	ɡ r æ b d	1	reg_d	6	6
jacobian	ftune	m æ n	m æ n d	m æ n d	m æ n	1	reg_d	4	5
jacobian	ftune	f iː l	f ɛ l t	f ɛ l	f iː l d	1	vowel_change	3	4
jacobian	ftune	n e ɪ m	n e ɪ m d	n e ɪ m d	n e ɪ m d	1	reg_d	6	6
jacobian	ftune	f l o ʊ	f l o ʊ d	f l o ʊ d	f l o ʊ d	1	reg_d	6	6
jacobian	ftune	w ɛ ð ɹ̩	w ɛ ð ɹ̩ d	w ɛ ð ɹ̩ d	w ɛ ð ɹ̩ d	1	reg_d	6	6
jacobian	ftune	l a ɪ	l e ɪ	l a ɪ d	l a ɪ d	1	reg_d	5	5
jacobian	ftune	k r æ ʃ	k r æ ʃ t	k r æ ʃ t	k r æ ʃ t	1	reg_t	6	6
jacobian	ftune	p e ɪ d͡ʒ	p e ɪ d͡ʒ d	p e ɪ d͡ʒ d	p e ɪ d͡ʒ d	1	reg_d	6	6
jacobian	ftune	t͡ʃ o ʊ k	t͡ʃ o ʊ k t	t͡ʃ o ʊ k t	t͡ʃ o ʊ k t	1	reg_t	6	6
jacobian	ftune	b l ɛ s	b l ɛ s t	b l ɛ s t	b l ɛ s t	1	reg_t	6	6
jacobian	ftune	d ɪ ŋ	d ɪ ŋ d	d ʌ ŋ	d ɪ ŋ d	1	vowel_change	2	4
jacobian	ftune	s ɛ l	s o ʊ l d	s ɛ l d	s ɛ l d	1	reg_d	5	5
jacobian	ftune	b ɪ ɡ ɪ n	b ɪ ɡ æ n	b ɪ ɡ e ɪ n	b ɪ ɡ ɪ n d	1	vowel_change	5	7
jacobian	ftune	d͡ʒ ɔ ɪ n	d͡ʒ ɔ ɪ n d	d͡ʒ ɔ ɪ n d	d͡ʒ ɔ ɪ n d	1	reg_d	6	6
jacobian	ftune	l ɑː k	l ɑː k t	l ɑː k t	l ɑː k t	1	reg_t	5	5
jacobian	ftune	b ɪ l iː v	b ɪ l iː v d	b ɪ l iː v d	b ɪ l iː v d	1	reg_d	7	7
jacobian	ftune	ə n d ɹ̩ s t æ n d	ə n d ɹ̩ s t ʊ d	ə n d ə s t æ n d ə d	ə n d ɹ̩ s t æ n d ə	0	other	10	12
jacobian	ftune	t r e ɪ n	t r e ɪ n d	t r e ɪ n d	t r e ɪ n d	1	reg_d	7	7
jacobian	ftune	k r ɔ l	k r ɔ l d	k r ɔ l d	k r ɔ l d	1	reg_d	6	6
jacobian	ftune	p æ t	p æ t ə d	p æ t ə d	p æ t ə d	1	reg_əd	6	6
jacobian	ftune	ɔ r d ɹ̩	ɔ r d ɹ̩ d	ɔ r d ɹ̩ d	ɔ r d ɹ̩ d	1	reg_d	6	6
jacobian	ftune	f l a ɪ	f l uː	f l a ɪ d	f l a ɪ d	1	reg_d	6	6
jacobian	ftune	l o ʊ d	l o ʊ d ə d	l o ʊ d ə d	l o ʊ d ə	0	reg_əd	6	7
jacobian	ftune	k ə m p l e ɪ n	k ə m p l e ɪ n d	k ə m p l e ɪ n d	k ə m p l e ɪ n d	1	reg_d	10	10
jacobian	ftune	b l ɛ n d	b l ɛ n d ə d	b l ɛ n d ə d	b l ɛ n d ə d	1	reg_əd	8	8
jacobian	ftune	b l ɑː k	b l ɑː k t	b l ɑː k t	b l ɑː k t	1	reg_t	6	6
jacobian	ftune	t ɪ p	t ɪ p t	t ɪ p t	t ɪ p t	1	reg_t	5	5
jacobian	ftune	d͡ʒ ɛ t	d͡ʒ ɛ t ə d	d͡ʒ ɛ t	d͡ʒ ɛ t	1	no_change	4	4
jacobian	ftune	b r iː ð	b r iː ð d	b r iː ð d	b r iː ð d	1	reg_d	6	6
jacobian	ftune	d a ɪ ə l	d a ɪ ə l d	d a ɪ ə l d	d a ɪ ə l d	1	reg_d	7	7
jacobian	ftune	m ɛ n ʃ ə n	m ɛ n ʃ ə n d	m ɛ n ʃ ə n d	m ɛ n ʃ ə n d	1	reg_d	8	8
jacobian	ftune	h ʌ ɡ	h ʌ ɡ d	h ʌ ɡ d	h ʌ ɡ d	1	reg_d	5	5
jacobian	ftune	p a ʊ ɹ̩	p a ʊ ɹ̩ d	p a ʊ ɹ̩ d	p a ʊ ɹ̩ d	1	reg_d	6	6
jacobian	ftune	s ɑː k	s ɑː k t	s ɑː k t	s ɑː k t	1	reg_t	5	5
jacobian	ftune	w uː p	w uː p t	w uː p t	w uː p t	1	reg_t	5	5
jacobian	ftune	r iː m a ɪ n d	r iː m a ɪ n d ə d	r iː m a ɪ n d ə d	r iː m a ɪ n d ə d	1	reg_əd	10	10
jacobian	ftune	h æ n d ə l	h æ n d ə l d	h æ n d ə l d	h æ n d ə l d	1	reg_d	8	8
jacobian	ftune	s n iː z	s n iː z d	s n iː z d	s n iː z d	1	reg_d	6	6
jacobian	ftune	v ɪ z ɪ t	v ɪ z ɪ t ə d	v ɪ z ɪ t ə d	v ɪ z ɪ t ə d	1	reg_əd	8	8
jacobian	ftune	s l a ɪ d	s l ɪ d	s l a ɪ d ə d	s l a ɪ d ə d	1	reg_əd	8	8
jacobian	ftune	p l æ n	p l æ n d	p l æ n d	p l æ n d	1	reg_d	6	6
jacobian	ftune	ɛ l b o ʊ	ɛ l b o ʊ d	ɛ l b o ʊ d	ɛ l b o ʊ d	1	reg_d	7	7
jacobian	ftune	b ɑː k s	b ɑː k s t	b ɑː k s t	b ɑː k s t	1	reg_t	6	6
jacobian	ftune	ɪ n k l uː d	ɪ n k l uː d ə d	ɪ n k l uː d ə d	ɪ n k l uː d ə d	1	reg_əd	9	9
jacobian	ftune	b ɹ̩ n	b ɹ̩ n d	b ɹ̩ n d	b ɹ̩ n d	1	reg_d	5	5
jacobian	ftune	ʃ e ɪ p	ʃ e ɪ p t	ʃ e ɪ p t	ʃ e ɪ p t	1	reg_t	6	6
jacobian	ftune	b o ʊ n	b o ʊ n d	b o ʊ n d	b o ʊ n d	1	reg_d	6	6
jacobian	ftune	f ɪ l	f ɪ l d	f ɪ l d	f ɪ l d	1	reg_d	5	5
jacobian	ftune	m æ s k	m æ s k t	m æ s k t	m æ s k t	1	reg_t	6	6
jacobian	ftune	s ɛ l ə b r e ɪ t	s ɛ l ə b r e ɪ t ə d	s ɛ l ə b r e ɪ t ə d	s ɛ l ə b r e ɪ t ə d	1	reg_əd	12	12
jacobian	ftune	k r ʌ m b ə l	k r ʌ m b ə l d	k r ʌ m b ə l d	k r ʌ m b ə l d	1	reg_d	9	9
jacobian	ftune	r ɑː k	r ɑː k t	r ɑː k t	r ɑː k t	1	reg_t	5	5
jacobian	ftune	ɡ ɛ r ə n t iː	ɡ ɛ r ə n t iː d	ɡ ɛ r ə n t ə n t	ɡ ɛ r ə n t ə iː	1	rhyme_replaced	8	10
jacobian	ftune	k ə n ɛ k t	k ə n ɛ k t ə d	k ə n ɛ k t ə d	k ə n ɛ k t ə d	1	reg_əd	9	9
jacobian	ftune	t ɔ s	t ɔ s t	t ɔ s t	t ɔ s t	1	reg_t	5	5
jacobian	ftune	iː v ɪ n	iː v ɪ n d	iː v ɪ n d	iː v ɪ n d	1	reg_d	6	6
jacobian	ftune	b a ʊ n s	b a ʊ n s t	b a ʊ n s t	b a ʊ n s t	1	reg_t	7	7
jacobian	ftune	ɹ̩ n	ɹ̩ n d	ɹ̩ n d	ɹ̩ n d	1	reg_d	4	4
jacobian	ftune	k l a ʊ d	k l a ʊ d ə d	k l a ʊ d ə d	k l a ʊ d ə d	1	reg_əd	8	8
jacobian	ftune	k ʌ p ə l	k ʌ p ə l d	k ʌ p ə l d	k ʌ p ə l d	1	reg_d	7	7
jacobian	ftune	f l ʌ ʃ	f l ʌ ʃ t	f l ʌ ʃ t	f l ʌ ʃ t	1	reg_t	6	6
jacobian	ftune	h ɑː r n ə s	h ɑː r n ə s t	h ɑː r n ə s t	h ɑː r n ə s t	1	reg_t	8	8
jacobian	ftune	b r a ʊ n	b r a ʊ n d	b r a ʊ n d	b r a ʊ n d	1	reg_d	7	7
jacobian	ftune	s t ɪ ŋ k	s t ʌ ŋ k	s t ʌ ŋ k t	s t æ ŋ k t	1	vowel_change_suffix	6	7
jacobian	ftune	r iː f r ɛ ʃ	r iː f r ɛ ʃ t	r iː f r ɛ ʃ t	r iː f r ɛ ʃ t	1	reg_t	8	8
jacobian	ftune	p r ə f ɹ̩	p r ə f ɹ̩ d	p r ə f ɹ̩ d	p r ə f ɹ̩ d	1	reg_d	7	7
jacobian	ftune	s t iː l	s t o ʊ l	s t iː l d	s t iː l d	1	reg_d	6	6
jacobian	ftune	b æ n d	b æ n d ə d	b æ n d ə d	b æ n d ə d	1	reg_əd	7	7
jacobian	ftune	r ɪ d	r ɪ d	r æ d	r æ d ə d	1	vowel_change	2	4
jacobian	ftune	k o ʊ ɑː p ɹ̩ e ɪ t	k o ʊ ɑː p ɹ̩ e ɪ t ə d	k o ʊ ɑː p ɹ̩ e ɪ t ə d	k o ʊ ɑː p ɹ̩ e ɪ t ə d	1	reg_əd	12	12
jacobian	ftune	b ɑː ð ɹ̩	b ɑː ð ɹ̩ d	b ɑː ð ɹ̩ d	b ɑː ð ɹ̩ d	1	reg_d	6	6
jacobian	ftune	r ɛ s t	r ɛ s t ə d	r ɛ s t ə d	r ɛ s t ə d	1	reg_əd	7	7
jacobian	ftune	ɑː k j ə p a ɪ	ɑː k j ə p a ɪ d	ɑː k j ə p a ɪ d	ɑː k j ə p a ɪ d	1	reg_d	9	9
jacobian	ftune	s k r ɪ b ə l	s k r ɪ b ə l d	s k r ɪ b ə l d	s k r ɪ b ə l d	1	reg_d	9	9
jacobian	ftune	b l æ s t	b l æ s t ə d	b l æ s t ə d	b l æ s t ə d	1	reg_əd	8	8
jacobian	ftune	h æ m ɹ̩	h æ m ɹ̩ d	h æ m ɹ̩ d	h æ m ɹ̩ d	1	reg_d	6	6
jacobian	ftune	d r ɪ l	d r ɪ l d	d r ɪ l d	d r ɪ l d	1	reg_d	6	6
jacobian	ftune	p r æ k t ɪ s	p r æ k t ɪ s t	p r æ k t ɪ s t	p r æ k t ɪ s t	1	reg_t	9	9
jacobian	ftune	t a ɪ p	t a ɪ p t	t a ɪ p t	t a ɪ p t	1	reg_t	6	6
jacobian	ftune	æ d	æ d ə d	æ d	æ d d	1	no_change	2	3
jacobian	ftune	b o ʊ l	b o ʊ l d	b o ʊ l d	b o ʊ l d	1	reg_d	6	6
jacobian	ftune	t o ʊ t	t o ʊ t ə d	t o ʊ t ə d	t o ʊ t ə d	1	reg_əd	7	7
jacobian	ftune	s w ɪ ʃ	s w ɪ ʃ t	s w ɪ ʃ t	s w ɪ ʃ t	1	reg_t	6	6
jacobian	ftune	b l e ɪ m	b l e ɪ m d	b l e ɪ m d	b l e ɪ m d	1	reg_d	7	7
jacobian	ftune	ɪ k s a ɪ t	ɪ k s a ɪ t ə d	ɪ k s a ɪ t ə d	ɪ k s a ɪ t ə d	1	reg_əd	9	9
jacobian	ftune	t͡ʃ a ɪ m	t͡ʃ a ɪ m d	t͡ʃ a ɪ m d	t͡ʃ a ɪ m d	1	reg_d	6	6
jacobian	ftune	t͡ʃ iː r	t͡ʃ iː r d	t͡ʃ iː r d	t͡ʃ iː r d	1	reg_d	5	5
jacobian	ftune	f r e ɪ m	f r e ɪ m d	f r e ɪ m d	f r e ɪ m d	1	reg_d	7	7
jacobian	ftune	d æ m	d æ m d	d æ m d	d æ m d	1	reg_d	5	5
jacobian	ftune	t͡ʃ iː t	t͡ʃ iː t ə d	t͡ʃ iː t ə d	t͡ʃ iː t	1	reg_əd	5	6
jacobian	ftune	l iː n	l iː n d	l ɛ n t	l iː n d	1	vowel_change_suffix	3	5
jacobian	ftune	s k r iː m	s k r iː m d	s k r iː m d	s k r iː m d	1	reg_d	7	7
jacobian	ftune	ɪ ɡ n ɔ r	ɪ ɡ n ɔ r d	ɪ ɡ n ɔ r d	ɪ ɡ n ɔ r d	1	reg_d	7	7
jacobian	ftune	s k uː p	s k uː p t	s k uː p t	s k uː p t	1	reg_t	6	6
jacobian	ftune	θ ʌ m p	θ ʌ m p t	θ ʌ m p t	θ ʌ m p t	1	reg_t	6	6
jacobian	ftune	s t iː r	s t iː r d	s t iː r d	s t iː r d	1	reg_d	6	6
jacobian	ftune	s p ɪ n	s p ʌ n	s p ɪ n d	s p ɪ n d	1	reg_d	6	6
jacobian	ftune	h ʌ f	h ʌ f t	h ʌ f t	h ʌ f t	1	reg_t	5	5
jacobian	ftune	t ɛ n d	t ɛ n d ə d	t ɛ n d ə d	t ɛ n t	1	reg_əd	6	7
jacobian	ftune	s p e ɪ s	s p e ɪ s t	s p e ɪ s t	s p e ɪ s t	1	reg_t	7	7
jacobian	ftune	s t r e ɪ t ə n	s t r e ɪ t ə n d	s t r e ɪ t ə n d	s t r e ɪ t ə n d	1	reg_d	10	10
jacobian	ftune	p iː t ɹ̩	p iː t ɹ̩ d	p iː t ɹ̩ d	p iː t ɹ̩ d	1	reg_d	6	6
jacobian	ftune	m a ɪ n	m a ɪ n d	m a ɪ n d	m a ɪ n d	1	reg_d	6	6
jacobian	ftune	h iː l	h iː l d	h ɛ l t	h iː l d	1	vowel_change_suffix	3	5
jacobian	ftune	ə t r æ k t	ə t r æ k t ə d	ə t r æ k t ə d	ə t r æ k t ə d	1	reg_əd	9	9
jacobian	ftune	s k w ɛ r	s k w ɛ r d	s k w ɛ r d	s k w ɛ r d	1	reg_d	7	7
jacobian	ftune	f l ʌ f	f l ʌ f t	f l ʌ f t	f l ʌ f t	1	reg_t	6	6
jacobian	ftune	t o ʊ n	t o ʊ n d	t o ʊ n d	t o ʊ n d	1	reg_d	6	6
jacobian	ftune	d͡ʒ ɪ m iː	d͡ʒ ɪ m iː d	d͡ʒ ɪ m iː d	d͡ʒ ɪ m iː d	1	reg_d	6	6
jacobian	ftune	s m a ɪ l	s m a ɪ l d	s m a ɪ l d	s m a ɪ l d	1	reg_d	7	7
jacobian	ftune	ə n w a ɪ n d	ə n w a ʊ n d	ə n w a ɪ n d ə d	ə n w a ɪ n d ə d	1	reg_əd	9	10
jacobian	ftune	d ɪ k l ɛ r	d ɪ k l ɛ r d	d ɪ k l ɛ r d	d ɪ k l ɛ r d	1	reg_d	8	8
jacobian	ftune	k ə n d ʌ k t	k ə n d ʌ k t ə d	k ə n d ʌ k t ə d	k ə n d ʌ k t ə d	1	reg_əd	10	10
jacobian	ftune	s t r e ɪ n	s t r e ɪ n d	s t r e ɪ n d	s t r e ɪ n d	1	reg_d	8	8
jacobian	ftune	k ə l æ p s	k ə l æ p s t	k ə l æ p s t	k ə l æ p s t	1	reg_t	8	8
jacobian	ftune	p ɑː r t ɪ s ə p e ɪ t	p ɑː r t ɪ s ə p e ɪ t ə d	p ɑː r t ɪ p ɑː r e ɪ t ə d	p ɑː r t ɪ s ə p e ɪ t ə d	1	other	11	14
jacobian	ftune	t r æ n z l e ɪ t	t r æ n z l e ɪ t ə d	t r æ n z l e ɪ t ə d	t r æ n z l e ɪ t ə d	1	reg_əd	12	12
jacobian	ftune	d ɪ s k ʌ s	d ɪ s k ʌ s t	d ɪ s k ʌ s t	d ɪ s k ʌ s t	1	reg_t	8	8
jacobian	ftune	f ɹ̩ ɡ ɪ v	f ɹ̩ ɡ e ɪ v	f ɹ̩ ɡ e ɪ v	f ɹ̩ ɡ ɪ v d	1	vowel_change	5	7
jacobian	ftune	ə r a ɪ z	ə r o ʊ z	ə r a ɪ z d	ə r a ɪ z d	1	reg_d	7	7
jacobian	ftune	f r a ɪ t ə n	f r a ɪ t ə n d	f r a ɪ t ə n d	f r a ɪ t ə n d	1	reg_d	9	9
jacobian	ftune	ɔ ɪ l	ɔ ɪ l d	ɔ ɪ l d	ɔ ɪ l d	1	reg_d	5	5
jacobian	ftune	ə n l o ʊ d	ə n l o ʊ d ə d	ə n l o ʊ d ə d	ə n l o ʊ d ə d	1	reg_əd	9	9
jacobian	ftune	ɡ r ʌ m b ə l	ɡ r ʌ m b ə l d	ɡ r ʌ m b ə l d	ɡ r ʌ m b ə l d	1	reg_d	9	9
jacobian	ftune	r ɛ k	r ɛ k t	r ɛ k t	r ɛ k t	1	reg_t	5	5
jacobian	ftune	s p ɑː t	s p ɑː t ə d	s p ɑː t	s p o ʊ t	1	no_change	4	5
jacobian	ftune	b ʌ t ɹ̩	b ʌ t ɹ̩ d	b ʌ t ɹ̩ d	b ʌ t ɹ̩ d	1	reg_d	6	6
jacobian	ftune	s t iː p	s t iː p t	s t iː p t	s t iː p t	1	reg_t	6	6
jacobian	ftune	h ʌ s ə l	h ʌ s ə l d	h ʌ s ə l d	h ʌ s ə l d	1	reg_d	7	7
jacobian	ftune	k ə n t ɪ n j uː	k ə n t ɪ n j uː d	k ə n t ɪ n t ɪ d	k ə n t ɪ n j uː d	1	other	7	10
jacobian	ftune	r ɛ n t	r ɛ n t ə d	r ɛ n t ə d	r ɛ n t ə d	1	reg_əd	7	7
jacobian	ftune	k r ʌ n t͡ʃ	k r ʌ n t͡ʃ t	k r ʌ n t͡ʃ t	k r ʌ n t͡ʃ t	1	reg_t	7	7
jacobian	ftune	r ɛ s k j uː	r ɛ s k j uː d	r ɛ s k j uː d	r ɛ s k j uː d	1	reg_d	8	8
jacobian	ftune	t ɑː p	t ɑː p t	t ɑː p t	t ɑː p t	1	reg_t	5	5
jacobian	ftune	b l iː d	b l ɛ d	b l iː d ə d	b l iː d ə d	1	reg_əd	7	7
jacobian	ftune	p r ɪ k	p r ɪ k t	p r ɪ k t	p r ɪ k t	1	reg_t	6	6
jacobian	ftune	o ʊ ɡ ə l	o ʊ ɡ ə l d	o ʊ ɡ ə l d	o ʊ ɡ ə l d	1	reg_d	7	7
jacobian	ftune	s ɔ ɪ l	s ɔ ɪ l d	s ɔ ɪ l d	s ɔ ɪ l d	1	reg_d	6	6
jacobian	ftune	ɡ ɑː l f	ɡ ɑː l f t	ɡ ɑː l f t	ɡ ɑː l f t	1	reg_t	6	6
jacobian	ftune	b ʌ s t	b ʌ s t ə d	b ʌ s t ə d	b ʌ s t ə d	1	reg_əd	7	7
jacobian	ftune	r iː s a ɪ k ə l	r iː s a ɪ k ə l d	r iː s a ɪ k ə l d	r iː s a ɪ k ə l d	1	reg_d	10	10
jacobian	ftune	s t uː	s t uː d	s t uː d	s t uː d	1	reg_d	5	5
jacobian	ftune	b æ t	b æ t ə d	b æ t	b æ t	1	no_change	4	4
jacobian	ftune	s ʌ f ɹ̩	s ʌ f ɹ̩ d	s ʌ f ɹ̩ d	s ʌ f ɹ̩ d	1	reg_d	6	6
jacobian	ftune	v ɪ ʒ w ə l a ɪ z	v ɪ ʒ w ə l a ɪ z d	v ɪ ʒ ə l ə d	v ɪ ʒ w ə l a ɪ z d	1	other	5	8
jacobian	ftune	k æ p	k æ p t	k æ p t	k æ p t	1	reg_t	5	5
jacobian	ftune	t ʌ m b ə l	t ʌ m b ə l d	t ʌ m b ə l d	t ʌ m b ə l d	1	reg_d	8	8
jacobian	ftune	d ɪ s k r a ɪ b	d ɪ s k r a ɪ b d	d ɪ s k r a ɪ b d	d ɪ s k r a ɪ b d	1	reg_d	10	10
jacobian	ftune	h ɛ z ə t e ɪ t	h ɛ z ə t e ɪ t ə d	h ɛ z ə t e ɪ t ə d	h ɛ z ə t e ɪ t ə d	1	reg_əd	11	11
jacobian	ftune	m ɑː r	m ɑː r d	m ɑː r d	m ɑː r d	1	reg_d	5	5
jacobian	ftune	p r ə n a ʊ n s	p r ə n a ʊ n s t	p r ə n a ʊ n a ʊ s t	p r ə n a ʊ n s t	1	other	9	12
jacobian	ftune	f ɪ k s e ɪ t	f ɪ k s e ɪ t ə d	f ɪ k s e ɪ t ə d	f ɪ k s e ɪ t ə d	1	reg_əd	10	10
jacobian	ftune	b ɑː s	b ɑː s t	b ɑː s t	b ɑː s t	1	reg_t	5	5
jacobian	ftune	d ɪ s t ɹ̩ b	d ɪ s t ɹ̩ b d	d ɪ s t ɹ̩ b d	d ɪ s t ɹ̩ b d	1	reg_d	8	8
jacobian	ftune	s n æ k	s n æ k t	s n æ k t	s n æ k t	1	reg_t	6	6
jacobian	ftune	d ʌ s t	d ʌ s t ə d	d ʌ s t ə d	d ʌ s t ə d	1	reg_əd	7	7
jacobian	ftune	m o ʊ n	m o ʊ n d	m o ʊ n d	m o ʊ n d	1	reg_d	6	6
jacobian	ftune	p iː l	p iː l d	p iː l d	p iː l d	1	reg_d	5	5
jacobian	ftune	f l ɑː p	f l ɑː p t	f l ɑː p t	f l ɑː p t	1	reg_t	6	6
jacobian	ftune	f l æ ʃ	f l æ ʃ t	f l æ ʃ t	f l æ ʃ t	1	reg_t	6	6
jacobian	ftune	p e ɪ s t	p e ɪ s t ə d	p e ɪ s t ə d	p e ɪ s t ə d	1	reg_əd	8	8
jacobian	ftune	ɡ ɑː r b ə l	ɡ ɑː r b ə l d	ɡ ɑː r b ə l d	ɡ ɑː r b ə l d	1	reg_d	8	8
jacobian	ftune	ɪ n t ɛ n d	ɪ n t ɛ n d ə d	ɪ n t ɛ n t ə d	ɪ n t ɛ n d ə	0	other	8	9
jacobian	ftune	r o ʊ t e ɪ t	r o ʊ t e ɪ t ə d	r o ʊ t e ɪ t ə d	r o ʊ t e ɪ t ə d	1	reg_əd	10	10
jacobian	ftune	s ɑː l v	s ɑː l v d	s ɑː l v d	s ɑː l v d	1	reg_d	6	6
jacobian	ftune	r ɪ s p ɑː n d	r ɪ s p ɑː n d ə d	r ɪ s p ɑː n d ə d	r ɪ s p ɑː n d ə d	1	reg_əd	9	10
jacobian	ftune	p r a ɪ s	p r a ɪ s t	p r a ɪ s t	p r a ɪ s t	1	reg_t	7	7
jacobian	ftune	h ɑː r p	h ɑː r p t	h ɑː r p t	h ɑː r p t	1	reg_t	6	6
jacobian	ftune	ɪ ɡ z ɔ s t	ɪ ɡ z ɔ s t ə d	ɪ ɡ z ɔ s t ə d	ɪ ɡ z ɔ s t ə d	1	reg_əd	9	9
jacobian	ftune	t ɛ r ə f a ɪ	t ɛ r ə f a ɪ d	t ɛ r ə f a ɪ d	t ɛ r ə f a ɪ d	1	reg_d	9	9
jacobian	ftune	s a ʊ	s a ʊ d	s a ʊ d	s a ʊ d	1	reg_d	5	5
jacobian	ftune	e ɪ d	e ɪ d ə d	e ɪ d ə d	e ɪ d ə d	1	reg_əd	6	6
jacobian	ftune	ə n p æ k	ə n p æ k t	ə n p æ k t	ə n p æ k t	1	reg_t	7	7
jacobian	ftune	p r ɪ v ɛ n t	p r ɪ v ɛ n t ə d	p r ɪ v ɛ n t ə d	p r ɪ v ɛ n t ə d	1	reg_əd	10	10
jacobian	ftune	k ə n s ɪ d ɹ̩	k ə n s ɪ d ɹ̩ d	k ə n s ɪ d ɹ̩ d	k ə n s ɪ d ɹ̩ d	1	reg_d	9	9
jacobian	ftune	w ɑː d	w ɑː d ə d	w ɑː d ə d	w ɑː d ə d	1	reg_əd	6	6
jacobian	ftune	t r ʌ s t	t r ʌ s t ə d	t r ʌ s t ə d	t r ʌ s t	1	reg_əd	7	8
jacobian	ftune	m ɑː d ə l	m ɑː d ə l d	m ɑː d ə l d	m ɑː d ə l d	1	reg_d	7	7
jacobian	ftune	s t e ɪ p ə l	s t e ɪ p ə l d	s t e ɪ p ə l d	s t e ɪ p ə l d	1	reg_d	9	9
jacobian	ftune	p r ə v a ɪ d	p r ə v a ɪ d ə d	p r ə v a ɪ d ə d	p r ə v a ɪ d ə d	1	reg_əd	10	10
jacobian	ftune	t r ɛ m b ə l	t r ɛ m b ə l d	t r ɛ m b ə l d	t r ɛ m b ə l d	1	reg_d	9	9
jacobian	ftune	p l a ʊ	p l a ʊ d	p l a ʊ d	p l a ʊ d	1	reg_d	6	6
jacobian	ftune	w æ ɡ	w æ ɡ d	w æ ɡ d	w æ ɡ d	1	reg_d	5	5
jacobian	ftune	b l iː t͡ʃ	b l iː t͡ʃ t	b l iː t͡ʃ t	b l iː t͡ʃ t	1	reg_t	6	6
jacobian	ftune	t æ t ə l	t æ t ə l d	t æ t ə l d	t æ t ə l d	1	reg_d	7	7
jacobian	ftune	s k ɹ̩ t	s k ɹ̩ t ə d	s k ɹ̩ t ə d	s k ɹ̩ t ə d	1	reg_əd	7	7
jacobian	ftune	ɛ r	ɛ r d	ɛ r d	ɛ r d	1	reg_d	4	4
jacobian	ftune	ɛ k s ɹ̩ s a ɪ z	ɛ k s ɹ̩ s a ɪ z d	ɛ k s ɹ̩ s a ɪ z d	ɛ k s ɹ̩ s a ɪ z d	1	reg_d	10	10
jacobian	ftune	f ʌ d͡ʒ	f ʌ d͡ʒ d	f ʌ d͡ʒ d	f ʌ d͡ʒ d	1	reg_d	5	5
jacobian	ftune	ɡ ʌ n	ɡ ʌ n d	ɡ ʌ n d	ɡ ʌ n d	1	reg_d	5	5
jacobian	ftune	s p ɔ r t	s p ɔ r t ə d	s p ɔ r t	s p ɔ r t	1	no_change	6	6
jacobian	ftune	r ɪ l iː v	r ɪ l iː v d	r ɪ l iː v d	r ɪ l iː v d	1	reg_d	7	7
jacobian	ftune	ʃ o ʊ l d ɹ̩	ʃ o ʊ l d ɹ̩ d	ʃ o ʊ l d ɹ̩ d	ʃ o ʊ l d ɹ̩ d	1	reg_d	8	8
jacobian	ftune	f ɔ r k	f ɔ r k t	f ɔ r k t	f ɔ r k t	1	reg_t	6	6
jacobian	ftune	t w iː k	t w iː k t	t w iː k t	t w iː k t	1	reg_t	6	6
jacobian	ftune	d æ ʃ	d æ ʃ t	d æ ʃ t	d æ ʃ t	1	reg_t	5	5
jacobian	ftune	ɪ k s k l e ɪ m	ɪ k s k l e ɪ m d	ɪ k s k l e ɪ m d	ɪ k s k l e ɪ m d	1	reg_d	10	10
jacobian	ftune	s ə s p ɛ k t	s ə s p ɛ k t ə d	s ə s p ɛ k t ə d	s ə s p ɛ k t ə d	1	reg_əd	10	10
jacobian	ftune	t r æ n s f ɔ r m	t r æ n s f ɔ r m d	t r æ n s f ɔ r s t	t r æ n s f ɔ r m d	1	coda_change	9	11
jacobian	ftune	θ r ɛ t ə n	θ r ɛ t ə n d	θ r ɛ t ə n d	θ r ɛ t ə n d	1	reg_d	8	8
jacobian	ftune	m e ɪ t	m e ɪ t ə d	m e ɪ t ə d	m e ɪ t ə d	1	reg_əd	7	7
jacobian	ftune	ɪ m p r uː v	ɪ m p r uː v d	ɪ m p r uː v d	ɪ m p r uː v d	1	reg_d	8	8
jacobian	ftune	t ɑː l ɹ̩ e ɪ t	t ɑː l ɹ̩ e ɪ t ə d	t ɑː l ɹ̩ e ɪ t ə d	t ɑː l ɹ̩ e ɪ t ə d	1	reg_əd	10	10
jacobian	ftune	h ɔ n t	h ɔ n t ə d	h ɔ n t ə d	h ɔ n t ə d	1	reg_əd	7	7
jacobian	ftune	t æ k	t æ k t	t æ k t	t æ k t	1	reg_t	5	5
jacobian	ftune	ɪ n d͡ʒ ɹ̩	ɪ n d͡ʒ ɹ̩ d	ɪ n d͡ʒ ɹ̩ d	ɪ n d͡ʒ ɹ̩ d	1	reg_d	6	6
jacobian	ftune	p r ɪ d ɪ k t	p r ɪ d ɪ k t ə d	p r ɪ d ɪ k t ə d	p r ɪ d ɪ k t ə d	1	reg_əd	10	10
jacobian	ftune	d ɪ z a ɪ n	d ɪ z a ɪ n d	d ɪ z a ɪ n d	d ɪ z a ɪ n d	1	reg_d	8	8
jacobian	ftune	b ʌ n d ə l	b ʌ n d ə l d	b ʌ n d ə l d	b ʌ n d ə l d	1	reg_d	8	8
jacobian	ftune	r ɪ s ɛ s	r ɪ s ɛ s t	r ɪ s ɛ s t	r ɪ s ɛ s t	1	reg_t	7	7
jacobian	ftune	b l a ɪ n d	b l a ɪ n d ə d	b l a ɪ n d ə d	b l a ɪ n d ə d	1	reg_əd	9	9
jacobian	ftune	d r ʌ ɡ	d r ʌ ɡ d	d r ʌ ɡ d	d r ʌ ɡ d	1	reg_d	6	6
jacobian	ftune	f l e ɪ v ɹ̩	f l e ɪ v ɹ̩ d	f l e ɪ v ɹ̩ d	f l e ɪ v ɹ̩ d	1	reg_d	8	8
jacobian	ftune	r ɪ p ɛ r	r ɪ p ɛ r d	r ɪ p ɛ r d	r ɪ p ɛ r d	1	reg_d	7	7
jacobian	ftune	k ɹ̩ s	k ɹ̩ s t	k ɹ̩ s t	k ɹ̩ s t	1	reg_t	5	5
jacobian	ftune	ɪ n t͡ʃ	ɪ n t͡ʃ t	ɪ n t͡ʃ t	ɪ n t͡ʃ t	1	reg_t	5	5
jacobian	ftune	t r æ n z m ɪ t	t r æ n z m ɪ t ə d	t r æ n z m ɪ t ə d	t r æ n z m ɪ t ə d	1	reg_əd	11	11
jacobian	ftune	ʃ æ m p uː	ʃ æ m p uː d	ʃ æ m p uː d	ʃ æ m p uː d	1	reg_d	7	7
jacobian	ftune	ɪ n k r iː s	ɪ n k r iː s t	ɪ n k r iː s t	ɪ n k r iː s t	1	reg_t	8	8
jacobian	ftune	b ʊ t͡ʃ ɹ̩	b ʊ t͡ʃ ɹ̩ d	b ʊ t͡ʃ ɹ̩ d	b ʊ t͡ʃ ɹ̩ d	1	reg_d	6	6
jacobian	ftune	d o ʊ n e ɪ t	d o ʊ n e ɪ t ə d	d o ʊ n e ɪ t ə d	d o ʊ n e ɪ t ə d	1	reg_əd	10	10
jacobian	ftune	t͡ʃ æ l ə n d͡ʒ	t͡ʃ æ l ə n d͡ʒ d	t͡ʃ æ l ə n d͡ʒ d	t͡ʃ æ l ə n d͡ʒ d	1	reg_d	8	8
jacobian	ftune	ɛ ɡ z ɪ t	ɛ ɡ z ɪ t ə d	ɛ ɡ z ɪ t ə d	ɛ ɡ z ɪ t ə d	1	reg_əd	8	8
jacobian	ftune	b ʊ k	b ʊ k t	b ʊ k t	b ʊ k t	1	reg_t	5	5
jacobian	ftune	m j uː z	m j uː z d	m j uː z d	m j uː z d	1	reg_d	6	6
jacobian	ftune	p ɔ ɪ z ə n	p ɔ ɪ z ə n d	p ɔ ɪ z ə n d	p ɔ ɪ z ə n d	1	reg_d	8	8
jacobian	ftune	ɪ n f l uː ə n s	ɪ n f l uː ə n s t	ɪ n f l uː ə n s t	ɪ n f l uː ə n s t	1	reg_t	10	10
jacobian	ftune	s t r æ ŋ ɡ ə l	s t r æ ŋ ɡ ə l d	s t r æ ŋ ɡ ə l d	s t r æ ŋ ɡ ə l d	1	reg_d	10	10
jacobian	ftune	ɪ ʃ uː	ɪ ʃ uː d	ɪ ʃ uː d	ɪ ʃ ɛ d	1	reg_d	4	5
jacobian	ftune	ɪ m p r ɛ s	ɪ m p r ɛ s t	ɪ m p r ɛ s t	ɪ m p r ɛ s t	1	reg_t	8	8
jacobian	ftune	p r ə d uː s	p r ə d uː s t	p r ə d uː s t	p r ə d uː s t	1	reg_t	8	8
jacobian	ftune	n æ ɡ	n æ ɡ d	n æ ɡ d	n æ ɡ d	1	reg_d	5	5
jacobian	ftune	o ʊ v ɹ̩ k ʊ k	o ʊ v ɹ̩ k ʊ k t	o ʊ v ɹ̩ k e ɪ k	o ʊ v ɹ̩ k e ɪ k	1	vowel_change	9	9
jacobian	ftune	e ɪ m	e ɪ m d	e ɪ m d	e ɪ m d	1	reg_d	5	5
jacobian	ftune	ɪ m ə t e ɪ t	ɪ m ə t e ɪ t ə d	ɪ m ə t e ɪ t ə d	ɪ m ə t ʊ uː t ə d	1	reg_əd	9	10
jacobian	ftune	t͡ʃ ɹ̩ n	t͡ʃ ɹ̩ n d	t͡ʃ ɹ̩ n d	t͡ʃ ɹ̩ n d	1	reg_d	5	5
jacobian	ftune	k a ʊ n t ɹ̩	k a ʊ n t ɹ̩ d	k a ʊ n t ɹ̩ d	k a ʊ n t ɹ̩ d	1	reg_d	8	8
jacobian	ftune	m ɪ s t r iː t	m ɪ s t r iː t ə d	m ɪ s t r iː t ə d	m ɪ s t r iː t ə d	1	reg_əd	10	10
jacobian	ftune	k ə m b a ɪ n	k ə m b a ɪ n d	k ə m b a ɪ n d	k ə m b a ɪ n d	1	reg_d	9	9
jacobian	ftune	h ɪ n t	h ɪ n t ə d	h ɪ n t ə d	h ɪ n t ə d	1	reg_əd	7	7
jacobian	ftune	ə p r o ʊ p r iː e ɪ t	ə p r o ʊ p r iː e ɪ t ə d	ə p r o ʊ p r iː e ɪ t ə d	ə p r o ʊ p r iː e ɪ t ə d	1	reg_əd	14	14
jacobian	ftune	p r ɑː d͡ʒ ɛ k t	p r ɑː d͡ʒ ɛ k t ə d	p r ɑː d͡ʒ ɛ k t ə d	p r ɑː d͡ʒ ɛ k t ə d	1	reg_əd	10	10
jacobian	ftune	f ɔ r w ɹ̩ d	f ɔ r w ɹ̩ d ə d	f ɔ r w ɹ̩ d ə d	f ɔ r w ɹ̩ d ə d	1	reg_əd	9	9
jacobian	ftune	d ɪ s ə ɡ r iː	d ɪ s ə ɡ r iː d	d ɪ s ə ɡ r iː d	d ɪ s ə ɡ r iː d	1	reg_d	9	9
jacobian	ftune	s t ɑː r t ə l	s t ɑː r t ə l d	s t ɑː r t ə l d	s t ɑː r t ə l d	1	reg_d	9	9
jacobian	ftune	k r æ m	k r æ m d	k r æ m d	k r æ m d	1	reg_d	6	6
jacobian	ftune	s ɪ ŋ ɡ ə l	s ɪ ŋ ɡ ə l d	s ɪ ŋ ɡ ə l d	s ɪ ŋ ɡ ə l d	1	reg_d	8	8
jacobian	ftune	ɡ l ʌ v	ɡ l ʌ v d	ɡ l ʌ v d	ɡ l ʌ v d	1	reg_d	6	6
jacobian	ftune	r iː s k ɛ d͡ʒ uː l	r iː s k ɛ d͡ʒ uː l d	r iː s k ɛ d͡ʒ d	r iː s k ɛ d͡ʒ uː l d	1	other	7	8
jacobian	ftune	s ɹ̩ v a ɪ v	s ɹ̩ v a ɪ v d	s ɹ̩ v a ɪ v d	s ɹ̩ v a ɪ v d	1	reg_d	8	8
jacobian	ftune	s n ɔ r t	s n ɔ r t ə d	s n ɔ r t ə d	s n ɔ r t ə d	1	reg_əd	8	8
jacobian	ftune	ə p l ɔ d	ə p l ɔ d ə d	ə p l ɔ d	ə p l ɔ d	1	no_change	5	6
jacobian	ftune	b iː f	b iː f t	b iː f t	b iː f t	1	reg_t	5	5
jacobian	ftune	t r ʌ d͡ʒ	t r ʌ d͡ʒ d	t r ʌ d͡ʒ d	t r ʌ d͡ʒ d	1	reg_d	6	6
jacobian	ftune	v e ɪ k e ɪ ʃ ə n	v e ɪ k e ɪ ʃ ə n d	v e ɪ k e ɪ ʃ iː ʃ t	v e ɪ k e ɪ ʃ ə d	1	rhyme_replaced	8	11
jacobian	ftune	s ə p l ə m ɛ n t	s ə p l ə m ɛ n t ə d	s ə m p l ə n d	s ə p l ə m ɛ n t ə d	1	other	5	9
jacobian	ftune	m ʌ m b ə l	m ʌ m b ə l d	m ʌ m b ə l d	m ʌ m b ə l d	1	reg_d	8	8
jacobian	ftune	æ l a ɪ	æ l a ɪ d	æ l a ɪ d	æ l a ɪ d	1	reg_d	6	6
jacobian	ftune	f j uː m	f j uː m d	f j uː m d	f j uː m d	1	reg_d	6	6
jacobian	ftune	n ɪ k s	n ɪ k s t	n ɪ k s t	n ɪ k s t	1	reg_t	6	6
jacobian	ftune	h ɛ d͡ʒ	h ɛ d͡ʒ d	h ɛ d͡ʒ d	h ɛ d͡ʒ d	1	reg_d	5	5
jacobian	ftune	ʃ r iː k	ʃ r iː k t	ʃ r iː k t	ʃ r iː k t	1	reg_t	6	6
jacobian	ftune	d ɛ d ə k e ɪ t	d ɛ d ə k e ɪ t ə d	d ɛ d ə k e ɪ t ə d	d ɛ d ə k e ɪ t ə d	1	reg_əd	11	11
jacobian	ftune	r ɛ v	r ɛ v d	r ɛ v d	r ɛ v d	1	reg_d	5	5
jacobian	ftune	n iː	n iː d	n iː d	n iː d	1	reg_d	4	4
jacobian	ftune	r iː ɔ r ɡ ə n a ɪ z	r iː ɔ r ɡ ə n a ɪ z d	r ɡ ə n d	r iː ɔ r ɡ ə n a ɪ z d	1	other	3	6
jacobian	ftune	a ʊ t f ɑː k s	a ʊ t f ɑː k s t	a ʊ t f ɑː k s t	a ʊ t f ɑː k s t	1	reg_t	9	9
jacobian	ftune	k ə n s t r ʌ k t	k ə n s t r ʌ k t ə d	k ə n s t r ʌ k t ə d	k ə n s t r ʌ k t ə d	1	reg_əd	12	12
jacobian	ftune	f l ɹ̩ iː	f l ɹ̩ iː d	f l ɹ̩ iː d	f l ɹ̩ iː d	1	reg_d	6	6
jacobian	ftune	ɪ n k w a ɪ ɹ̩	ɪ n k w a ɪ ɹ̩ d	ɪ n k w a ɪ ɹ̩ d	ɪ n k w a ɪ ɹ̩ d	1	reg_d	9	9
jacobian	ftune	d͡ʒ e ɪ l	d͡ʒ e ɪ l d	d͡ʒ e ɪ l d	d͡ʒ e ɪ l d	1	reg_d	6	6
jacobian	ftune	s w uː ʃ	s w uː ʃ t	s w uː ʃ t	s w uː ʃ t	1	reg_t	6	6
jacobian	ftune	h ɹ̩ l	h ɹ̩ l d	h ɹ̩ l d	h ɹ̩ l d	1	reg_d	5	5
jacobian	dev	k ə n f ɹ̩	k ə n f ɹ̩ d	k ə n f ɹ̩ d	k ə n f ɹ̩ d	1	reg_d	7	7
jacobian	dev	k j ʊ r	k j ʊ r d	k j ʊ r d	k j ʊ r d	1	reg_d	6	6
jacobian	dev	l ɪ m p	l ɪ m p t	l ɪ m p t	l ɪ m p t	1	reg_t	6	6
jacobian	dev	l ɛ ɡ	l ɛ ɡ d	l ɛ ɡ d	l ɛ ɡ d	1	reg_d	5	5
jacobian	dev	k ɑː r d	k ɑː r d ə d	k ɑː r d ə d	k ɑː r d ə d	1	reg_əd	7	7
jacobian	dev	b ɹ̩ n ɪ ʃ	b ɹ̩ n ɪ ʃ t	b ɹ̩ n ɪ ʃ t	b ɹ̩ n ɪ ʃ t	1	reg_t	7	7
jacobian	dev	r iː ə p iː r	r iː ə p iː r d	r iː ə p iː ə d	r iː ə p iː r d	1	rhyme_replaced	6	8
jacobian	dev	p r ɛ ʃ ɹ̩	p r ɛ ʃ ɹ̩ d	p r ɛ ʃ ɹ̩ d	p r ɛ ʃ ɹ̩ d	1	reg_d	7	7
jacobian	dev	p l iː d	p l iː d ə d	p l ɛ d ə d	p l iː d	1	other	3	7
jacobian	dev	p l e ɪ t	p l e ɪ t ə d	p l e ɪ t ə d	p l e ɪ t ə d	1	reg_əd	8	8
jacobian	dev	b ɑː ɡ	b ɑː ɡ d	b ɑː ɡ d	b ɑː ɡ d	1	reg_d	5	5
jacobian	dev	t ɹ̩ m	t ɹ̩ m d	t ɹ̩ m d	t ɹ̩ m d	1	reg_d	5	5
jacobian	dev	k l ɑː z ə t	k l ɑː z ə t ə d	k l ɑː z ə t ə d	k l ɑː z ə t ə d	1	reg_əd	9	9
jacobian	dev	k ɑː m p l ə m ɛ n t	k ɑː m p l ə m ɛ n t ə d	k l ə m p l d	k ɑː m p l ə m ɛ n t ə d	1	other	4	8
jacobian	dev	ɪ m b ɛ d	ɪ m b ɛ d ə d	ɪ m b ɛ d ə d	ɪ m b ɛ d ə	0	reg_əd	7	8
jacobian	dev	s ə p l a ɪ	s ə p l a ɪ d	s ə p l a ɪ d	s ə p l a ɪ d	1	reg_d	8	8
jacobian	dev	f ɛ n d	f ɛ n d ə d	f ɛ n t	f ɛ n t	1	coda_change	5	5
jacobian	dev	ɔ r n ə m ɛ n t	ɔ r n ə m ɛ n t ə d	ɔ r n ə m ɛ n t ə d	ɔ r n ə m ɛ n d ə d	1	reg_əd	10	11
jacobian	dev	ɪ k s t ɛ n d	ɪ k s t ɛ n d ə d	ɪ k s t ɛ n d ə d	ɪ k s t ɛ n d ə d	1	reg_əd	10	10
jacobian	dev	p r uː n	p r uː n d	p r uː n d	p r uː n d	1	reg_d	6	6
jacobian	dev	d ɪ f a ɪ	d ɪ f a ɪ d	d ɪ f a ɪ d	d ɪ f a ɪ d	1	reg_d	7	7
jacobian	dev	ɡ r ɪ p	ɡ r ɪ p t	ɡ r ɪ p t	ɡ r ɪ p t	1	reg_t	6	6
jacobian	dev	b ʊ l d o ʊ z	b ʊ l d o ʊ z d	b ʊ l d o ʊ z d	b ʊ l d o ʊ z d	1	reg_d	9	9
jacobian	dev	ɪ n v ɹ̩ t	ɪ n v ɹ̩ t ə d	ɪ n v ɹ̩ t ə d	ɪ n v ɹ̩ t ə d	1	reg_əd	8	8
jacobian	dev	k ə m p r ɛ s	k ə m p r ɛ s t	k ə m p r ɛ s t	k ə m p r ɛ s t	1	reg_t	9	9
jacobian	dev	m ə n uː v ɹ̩	m ə n uː v ɹ̩ d	m ə n uː v ɹ̩ d	m ə n uː v ɹ̩ d	1	reg_d	8	8
jacobian	dev	w iː v	w iː v d	w iː v d	w iː v d	1	reg_d	5	5
jacobian	dev	k ɑː n t æ k t	k ɑː n t æ k t ə d	k ɑː n t æ k t ə d	k ɑː n t æ k t ə d	1	reg_əd	10	10
jacobian	dev	k e ɪ b ə l	k e ɪ b ə l d	k e ɪ b ə l d	k e ɪ b ə l d	1	reg_d	8	8
jacobian	dev	s t ɛ d iː	s t ɛ d iː d	s t ɛ d iː d	s t ɛ d iː d	1	reg_d	7	7
jacobian	dev	f ɪ l t ɹ̩	f ɪ l t ɹ̩ d	f ɪ l t ɹ̩ d	f ɪ l t ɹ̩ d	1	reg_d	7	7
jacobian	dev	r ɪ s t ɔ r	r ɪ s t ɔ r d	r ɪ s t ɔ r d	r ɪ s t ɔ r d	1	reg_d	8	8
jacobian	dev	p ɪ v ə t	p ɪ v ə t ə d	p ɪ v ə t ə d	p ɪ v ə t ə d	1	reg_əd	8	8
jacobian	dev	d ɪ m ɑː l ɪ ʃ	d ɪ m ɑː l ɪ ʃ t	d ɪ m ɑː l ɪ ʃ t	d ɪ m ɑː l ɪ ʃ d	1	reg_t	8	9
jacobian	dev	f a ʊ l	f a ʊ l d	f a ʊ l d	f a ʊ l d	1	reg_d	6	6
jacobian	dev	t͡ʃ ɛ r	t͡ʃ ɛ r d	t͡ʃ ɛ r d	t͡ʃ ɛ r d	1	reg_d	5	5
jacobian	dev	t r ɪ k ə l	t r ɪ k ə l d	t r ɪ k ə l d	t r ɪ k ə l d	1	reg_d	8	8
jacobian	dev	s k r ʌ n t͡ʃ	s k r ʌ n t͡ʃ t	s k r ʌ n t͡ʃ t	s k r ʌ n t͡ʃ t	1	reg_t	8	8
jacobian	dev	s w e ɪ	s w e ɪ d	s w e ɪ d	s w e ɪ d	1	reg_d	6	6
jacobian	dev	h e ɪ s ə n	h e ɪ s ə n d	h e ɪ s ə n d	h e ɪ s ə n d	1	reg_d	8	8
jacobian	dev	f a ɪ n ə l a ɪ z	f a ɪ n ə l a ɪ z d	f a ɪ n ə l a ɪ z d	f a ɪ n ə l a ɪ z d	1	reg_d	11	11
jacobian	dev	ɛ n æ k t	ɛ n æ k t ə d	ɛ n æ k t ə d	ɛ n æ k t ə d	1	reg_əd	8	8
jacobian	dev	d iː t ʊ r	d iː t ʊ r d	d iː t ʊ r d	d iː t ʊ r d	1	reg_d	7	7
jacobian	dev	t uː l	t uː l d	t uː l d	t uː l d	1	reg_d	5	5
jacobian	dev	ɔ θ ɹ̩	ɔ θ ɹ̩ d	ɔ ð ɹ̩ d	ɔ θ ɹ̩ d	1	other	4	5
jacobian	dev	o ʊ v ɹ̩ l o ʊ d	o ʊ v ɹ̩ l o ʊ d ə d	o ʊ v ɹ̩ l o ʊ d ə d	o ʊ v ɹ̩ l o ʊ d ə d	1	reg_əd	11	11
jacobian	dev	f l ɹ̩ ɪ ʃ	f l ɹ̩ ɪ ʃ t	f l ɹ̩ ɪ ʃ t	f l ɹ̩ ɪ ʃ t	1	reg_t	7	7
jacobian	dev	b æ n ɪ ʃ	b æ n ɪ ʃ t	b æ n ɪ ʃ t	b æ n ɪ ʃ t	1	reg_t	7	7
jacobian	dev	θ r æ ʃ	θ r æ ʃ t	θ r æ ʃ t	θ r æ ʃ t	1	reg_t	6	6
jacobian	dev	p ɹ̩ t e ɪ n	p ɹ̩ t e ɪ n d	p ɹ̩ t e ɪ n d	p ɹ̩ t e ɪ n d	1	reg_d	8	8
jacobian	dev	p o ʊ s t	p o ʊ s t ə d	p o ʊ s t ə d	p o ʊ s t ə d	1	reg_əd	8	8
jacobian	dev	k r iː k	k r iː k t	k r iː k t	k r iː k t	1	reg_t	6	6
jacobian	dev	ɪ n t ɹ̩	ɪ n t ɹ̩ d	ɪ n t ɹ̩ d	ɪ n t ɹ̩ d	1	reg_d	6	6
jacobian	dev	z iː r o ʊ	z iː r o ʊ d	z iː r o ʊ d	z iː r o ʊ d	1	reg_d	7	7
jacobian	dev	v a ʊ t͡ʃ	v a ʊ t͡ʃ t	v a ʊ t͡ʃ t	v a ʊ t͡ʃ t	1	reg_t	6	6
jacobian	dev	k r æ m p	k r æ m p t	k r æ m p t	k r æ m p t	1	reg_t	7	7
jacobian	dev	ɡ l e ɪ z	ɡ l e ɪ z d	ɡ l e ɪ z d	ɡ l e ɪ z d	1	reg_d	7	7
jacobian	dev	r ə f l ɛ k t	r ə f l ɛ k t ə d	r ə f l ɛ k t ə d	r ə f l ɛ k t ə d	1	reg_əd	10	10
jacobian	dev	w ɪ l t	w ɪ l t ə d	w ɪ l t ə d	w ɪ l t ə d	1	reg_əd	7	7
jacobian	dev	ə m a ʊ n t	ə m a ʊ n t ə d	ə m a ʊ n t ə d	ə m a ʊ n t ə d	1	reg_əd	9	9
jacobian	dev	k r a ʊ t͡ʃ	k r a ʊ t͡ʃ t	k r a ʊ t͡ʃ t	k r a ʊ t͡ʃ t	1	reg_t	7	7
jacobian	dev	b ɑː d iː	b ɑː d iː d	b ɑː d iː d	b ɑː d iː d	1	reg_d	6	6
jacobian	dev	t ɪ k ə t	t ɪ k ə t ə d	t ɪ k ə t ə d	t ɪ k ə t ə d	1	reg_əd	8	8
jacobian	dev	r a ʊ z	r a ʊ z d	r o ʊ z d	r o ʊ z d	1	vowel_change_suffix	6	6
jacobian	dev	ɪ l æ b ɹ̩ e ɪ t	ɪ l æ b ɹ̩ e ɪ t ə d	ɪ l æ b ɹ̩ e ɪ t ə d	ɪ l æ b ɹ̩ e ɪ t ə d	1	reg_əd	11	11
jacobian	dev	d ɛ m ə n s t r e ɪ t	d ɛ m ə n s t r e ɪ t ə d	d	d	1	other	2	2
jacobian	dev	r iː s iː l	r iː s iː l d	r iː s iː l d	r iː s iː l d	1	reg_d	7	7
jacobian	dev	m iː t ɹ̩	m iː t ɹ̩ d	m iː t ɹ̩ d	m iː t ɹ̩ d	1	reg_d	6	6
jacobian	dev	f o ʊ t ə ɡ r æ f	f o ʊ t ə ɡ r æ f t	f o ʊ t ə ɡ r æ ɡ d	f o ʊ t ə ɡ r æ f	0	coda_change	9	11
jacobian	dev	ə p l a ɪ	ə p l a ɪ d	ə p l a ɪ d	ə p l a ɪ d	1	reg_d	7	7
jacobian	dev	l ʌ n d͡ʒ	l ʌ n d͡ʒ d	l ʌ n d͡ʒ d	l ʌ n d͡ʒ d	1	reg_d	6	6
jacobian	dev	ɪ m p r ɪ z ə n	ɪ m p r ɪ z ə n d	ɪ m p r ɪ z ɪ z d	ɪ m p r ɪ z ə n d	1	rhyme_replaced	7	10
jacobian	dev	ʃ ɪ f t	ʃ ɪ f t ə d	ʃ ɪ f t ə d	ʃ ɪ f t ə d	1	reg_əd	7	7
jacobian	dev	b ɪ f ɔ l	b ɪ f ɛ l	b ɪ f ɔ l d	b ɪ f ɔ l d	1	reg_d	7	7
jacobian	dev	h iː p	h iː p t	h ɛ p t	h iː p t	1	vowel_change_suffix	4	5
jacobian	dev	ɪ n ɡ r e ɪ v	ɪ n ɡ r e ɪ v d	ɪ n ɡ r e ɪ v d	ɪ n ɡ r e ɪ v d	1	reg_d	9	9
jacobian	dev	p ɹ̩ t ɹ̩ b	p ɹ̩ t ɹ̩ b d	p ɹ̩ t ɹ̩ b d	p ɹ̩ t ɹ̩ b d	1	reg_d	7	7
jacobian	dev	s p ɛ ʃ ə l a ɪ z	s p ɛ ʃ ə l a ɪ z d	s p ɛ ʃ ə l a ɪ z d	s p ɛ ʃ ə l a ɪ z d	1	reg_d	11	11
jacobian	dev	s k w ɑː b ə l	s k w ɑː b ə l d	s k w ɑː b ə l d	s k w ɑː b ə l d	1	reg_d	9	9
jacobian	dev	ɪ k s iː d	ɪ k s iː d ə d	ɪ k s iː d ə d	ɪ k s iː d ə d	1	reg_əd	8	8
jacobian	dev	ɡ l æ s	ɡ l æ s t	ɡ l æ s t	ɡ l æ s t	1	reg_t	6	6
jacobian	dev	w ɪ ð ɹ̩	w ɪ ð ɹ̩ d	w ɪ ð ɹ̩ d	w ɪ ð ɹ̩ d	1	reg_d	6	6
jacobian	dev	d ɪ p r a ɪ v	d ɪ p r a ɪ v d	d ɪ p r a ɪ v d	d ɪ p r a ɪ v d	1	reg_d	9	9
jacobian	dev	r iː f j uː ə l	r iː f j uː ə l d	r iː f j uː ə l d	r iː f j uː ə l d	1	reg_d	9	9
jacobian	dev	ɪ m p ɔ r t	ɪ m p ɔ r t ə d	ɪ m p ɔ r t ə d	ɪ m p ɔ r t ə d	1	reg_əd	9	9
jacobian	dev	s l ɪ ŋ	s l ʌ ŋ	s l ʌ ŋ	s l ʌ ŋ	1	vowel_change	5	5
jacobian	dev	d ɪ t ɹ̩ m ə n	d ɪ t ɹ̩ m ə n d	d ɪ t ɹ̩ m ə n d	d ɪ t ɹ̩ m ə n d	1	reg_d	9	9
jacobian	dev	ɡ r a ʊ n d	ɡ r a ʊ n d ə d	ɡ r a ʊ n d ə d	ɡ r a ʊ n d ə d	1	reg_əd	9	9
jacobian	dev	m ə n ɑː p ə l a ɪ z	m ə n ɑː p ə l a ɪ z d	m ə p ə n ɑː l a ɪ z d	m ə n ɑː p ə l a ɪ z d	1	other	9	12
jacobian	dev	ə b d͡ʒ ɛ k t	ə b d͡ʒ ɛ k t ə d	ə b d͡ʒ ɛ k t ə d	ə b d͡ʒ ɛ k t ə d	1	reg_əd	9	9
jacobian	dev	t a ɪ l	t a ɪ l d	t a ɪ l d	t a ɪ l d	1	reg_d	6	6
jacobian	dev	r ə s a ɪ t	r ə s a ɪ t ə d	r ə s a ɪ t ə d	r ə s a ɪ t ə d	1	reg_əd	9	9
jacobian	dev	m ʊ r	m ʊ r d	m ʊ r d	m ʊ r d	1	reg_d	5	5
jacobian	dev	v j uː	v j uː d	v j uː d	v j uː d	1	reg_d	5	5
jacobian	dev	d ɪ s p o ʊ z	d ɪ s p o ʊ z d	d ɪ s p o ʊ z d	d ɪ s p o ʊ z d	1	reg_d	9	9
jacobian	dev	s w ɑː t	s w ɑː t ə d	s w ɑː t	s w ɑː t	1	no_change	5	5
jacobian	dev	d æ m ə d͡ʒ	d æ m ə d͡ʒ d	d æ m ə d͡ʒ d	d æ m ə d͡ʒ d	1	reg_d	7	7
jacobian	dev	k ə n d ɛ n s	k ə n d ɛ n s t	k ə n d ɛ n s t	k ə n d ɛ n s t	1	reg_t	9	9
jacobian	dev	æ m p j ə t e ɪ t	æ m p j ə t e ɪ t ə d	æ m p j ə t e ɪ t ə d	æ m p j ə t e ɪ t ə d	1	reg_əd	12	12
jacobian	dev	ə s a ɪ n	ə s a ɪ n d	ə s a ɪ n d	ə s a ɪ n d	1	reg_d	7	7
jacobian	dev	b uː s t	b uː s t ə d	b uː s t ə d	b uː s t	1	reg_əd	6	7
jacobian	dev	ɡ r æ v ə t e ɪ t	ɡ r æ v ə t e ɪ t ə d	ɡ r æ v ə t e ɪ t ə d	ɡ r æ v ə t e ɪ t ə d	1	reg_əd	12	12
jacobian	dev	ɹ̩ d͡ʒ	ɹ̩ d͡ʒ d	ɹ̩ d͡ʒ d	ɹ̩ d͡ʒ d	1	reg_d	4	4
jacobian	dev	k ɑː ŋ k ɹ̩	k ɑː ŋ k ɹ̩ d	k ɑː ŋ k ɹ̩ d	k ɑː ŋ k ɹ̩ d	1	reg_d	7	7
jacobian	dev	ʃ ɛ l t ɹ̩	ʃ ɛ l t ɹ̩ d	ʃ ɛ l t ɹ̩ d	ʃ ɛ l t ɹ̩ d	1	reg_d	7	7
jacobian	dev	p ɛ n s ə l	p ɛ n s ə l d	p ɛ n s ə l d	p ɛ n s ə l d	1	reg_d	8	8
jacobian	dev	o ʊ v ɹ̩ d uː	o ʊ v ɹ̩ d ɪ d	o ʊ v ɹ̩ d ɹ̩ d	o ʊ v ɹ̩ d	1	vowel_change_suffix	6	8
jacobian	dev	k e ɪ d͡ʒ	k e ɪ d͡ʒ d	k e ɪ d͡ʒ d	k e ɪ d͡ʒ d	1	reg_d	6	6
jacobian	dev	ɪ n ɪ ʃ iː e ɪ t	ɪ n ɪ ʃ iː e ɪ t ə d	ɪ n ɪ ʃ iː e ɪ t ə d	ɪ n ɪ ʃ iː e ɪ t ə d	1	reg_əd	11	11
jacobian	dev	v ɛ r ə f a ɪ	v ɛ r ə f a ɪ d	v ɛ r ə f a ɪ d	v ɛ r ə f a ɪ d	1	reg_d	9	9
jacobian	dev	d ɪ s p ɹ̩ s	d ɪ s p ɹ̩ s t	d ɪ s p ɹ̩ s t	d ɪ s p ɹ̩ s t	1	reg_t	8	8
jacobian	dev	p r ɑː s ɛ s	p r ɑː s ɛ s t	p r ɑː s ɛ s t	p r ɑː s ɛ s t	1	reg_t	8	8
jacobian	dev	r æ m	r æ m d	r æ m d	r æ m d	1	reg_d	5	5
jacobian	dev	m ɛ l o ʊ	m ɛ l o ʊ d	m ɛ l o ʊ d	m ɛ l o ʊ d	1	reg_d	7	7
jacobian	dev	ɪ k l ɪ p s	ɪ k l ɪ p s t	ɪ k l ɪ p l t	ɪ k l ɪ p s t	1	coda_change	6	8
jacobian	dev	f j uː ə l	f j uː ə l d	f j uː ə l d	f j uː ə l d	1	reg_d	7	7
jacobian	dev	h o ʊ m	h o ʊ m d	h o ʊ m d	h o ʊ m d	1	reg_d	6	6
jacobian	dev	ə m j uː z	ə m j uː z d	ə m j uː z d	ə m j uː z d	1	reg_d	7	7
jacobian	dev	ʃ æ t ɹ̩	ʃ æ t ɹ̩ d	ʃ æ t ɹ̩ d	ʃ æ t ɹ̩ d	1	reg_d	6	6
jacobian	dev	ɪ k s t͡ʃ e ɪ n d͡ʒ	ɪ k s t͡ʃ e ɪ n d͡ʒ d	ɪ k s t͡ʃ e ɪ n d͡ʒ d	ɪ k s t͡ʃ e ɪ n d͡ʒ d	1	reg_d	10	10
jacobian	dev	p e ɪ s	p e ɪ s t	p e ɪ s t	p e ɪ s t	1	reg_t	6	6
jacobian	dev	ə k ɔ r d	ə k ɔ r d ə d	ə k ɔ r d ə d	ə k ɔ r d ə d	1	reg_əd	8	8
jacobian	dev	p ɑː r t͡ʃ	p ɑː r t͡ʃ t	p ɑː r t͡ʃ t	p ɑː r t͡ʃ t	1	reg_t	6	6
jacobian	dev	t ɛ n d ɹ̩	t ɛ n d ɹ̩ d	t ɛ n d ɹ̩ d	t ɛ n d ɹ̩ d	1	reg_d	7	7
jacobian	dev	s ɪ n θ ə s a ɪ z	s ɪ n θ ə s a ɪ z d	s ɪ n θ ə s a ɪ z d	s ɪ n θ ə s a ɪ z d	1	reg_d	11	11
jacobian	dev	d ɪ t æ t͡ʃ	d ɪ t æ t͡ʃ t	d ɪ t æ t͡ʃ t	d ɪ t æ t͡ʃ t	1	reg_t	7	7
jacobian	dev	k o ʊ s t	k o ʊ s t ə d	k o ʊ s t ə d	k o ʊ s t ə d	1	reg_əd	8	8
jacobian	dev	s p j uː	s p j uː d	s p j uː d	s p j uː d	1	reg_d	6	6
jacobian	dev	p ɛ ɡ	p ɛ ɡ d	p ɛ ɡ d	p ɛ ɡ d	1	reg_d	5	5
jacobian	dev	d͡ʒ æ ŋ ɡ ə l	d͡ʒ æ ŋ ɡ ə l d	d͡ʒ æ ŋ ɡ ə l d	d͡ʒ æ ŋ ɡ ə l d	1	reg_d	8	8
jacobian	dev	s k ɪ d	s k ɪ d ə d	s k ɪ d	s k ɪ d	1	no_change	4	5
jacobian	dev	z æ p	z æ p t	z æ p t	z æ p t	1	reg_t	5	5
jacobian	dev	r ɪ t e ɪ n	r ɪ t e ɪ n d	r ɪ t e ɪ n d	r ɪ t e ɪ n d	1	reg_d	8	8
jacobian	dev	ɪ n t ɪ m ɪ d e ɪ t	ɪ n t ɪ m ɪ d e ɪ t ə d	ɪ m ɪ d ɪ m ɪ t ə t ə d	ɪ n t ɪ m ɪ d	1	other	4	13
jacobian	dev	ɛ n t͡ʃ æ n t	ɛ n t͡ʃ æ n t ə d	ɛ n t͡ʃ æ n t ə d	ɛ n t͡ʃ æ n t ə d	1	reg_əd	9	9
jacobian	dev	z o ʊ n	z o ʊ n d	z o ʊ n d	z o ʊ n d	1	reg_d	6	6
jacobian	dev	s n iː r	s n iː r d	s n iː r d	s n iː r d	1	reg_d	6	6
jacobian	dev	b ʌ l d͡ʒ	b ʌ l d͡ʒ d	b ʌ l d͡ʒ d	b ʌ l d͡ʒ d	1	reg_d	6	6
jacobian	dev	ə b a ɪ d	ə b a ɪ d ə d	ə b a ɪ d ə d	ə b a ɪ d ə d	1	reg_əd	8	8
jacobian	dev	m ə t j ʊ r	m ə t j ʊ r d	m ə t j uː r d	m ə t j ʊ r d	1	vowel_change_suffix	7	8
jacobian	dev	p r ə z ɹ̩ v	p r ə z ɹ̩ v d	p r ə z ɹ̩ v d	p r ə z ɹ̩ v d	1	reg_d	8	8
jacobian	dev	k ʌ f	k ʌ f t	k ʌ f t	k e ɪ f	1	reg_t	4	5
jacobian	dev	f r iː	f r iː d	f r iː d	f r iː d	1	reg_d	5	5
jacobian	dev	a ʊ t r ʌ n	a ʊ t r æ n	a ʊ t r ʌ n d	a ʊ t r ʌ n d	1	reg_d	8	8
jacobian	dev	s l æ n t	s l æ n t ə d	s l æ n t ə d	s l æ n t	1	reg_əd	7	8
jacobian	dev	ɪ n k ɔ r p ɹ̩ e ɪ t	ɪ n k ɔ r p ɹ̩ e ɪ t ə d	ɪ n k ɔ r p ɹ̩ e ɪ t ə d	ɪ n k ɔ r p ɹ̩ e ɪ t ə d	1	reg_əd	13	13
jacobian	dev	ʃ ʌ n t	ʃ ʌ n t ə d	ʃ ʌ n t ə d	ʃ ʌ n t ə d	1	reg_əd	7	7
jacobian	dev	w ɹ̩ d	w ɹ̩ d ə d	w ɹ̩ d	w ɹ̩ d	1	no_change	3	4
jacobian	dev	d ɪ s e ɪ b ə l	d ɪ s e ɪ b ə l d	d ɪ s e ɪ b ə l d	d ɪ s e ɪ b ə l d	1	reg_d	10	10
jacobian	dev	ɡ r uː p	ɡ r uː p t	ɡ r uː p t	ɡ r uː p t	1	reg_t	6	6
jacobian	dev	t ɔ n t	t ɔ n t ə d	t ɔ n t ə d	t ɔ n t ə d	1	reg_əd	7	7
jacobian	dev	p ɑː t	p ɑː t ə d	p ɑː t ə d	p ɑː t ə d	1	reg_əd	6	6
jacobian	dev	k ə m ɛ m ɹ̩ e ɪ t	k ə m ɛ m ɹ̩ e ɪ t ə d	k ə m ɛ m ɹ̩ e ɪ t ə d	k ə m ɛ m ɹ̩ e ɪ t ə d	1	reg_əd	12	12
jacobian	dev	l o ʊ k e ɪ t	l o ʊ k e ɪ t ə d	l o ʊ k e ɪ t ə d	l o ʊ k e ɪ t ə d	1	reg_əd	10	10
jacobian	dev	w ɑː l o ʊ	w ɑː l o ʊ d	w ɑː l o ʊ d	w ɑː l o ʊ d	1	reg_d	7	7
jacobian	dev	o ʊ v ɹ̩ f l o ʊ	o ʊ v ɹ̩ f l o ʊ d	o ʊ v ɹ̩ f ɹ̩ f ɹ̩ d	o ʊ v ɹ̩ f l o ʊ d	1	other	6	10
jacobian	dev	d ɪ z a ɪ ɹ̩	d ɪ z a ɪ ɹ̩ d	d ɪ z a ɪ ɹ̩ d	d ɪ z a ɪ ɹ̩ d	1	reg_d	8	8
jacobian	dev	r iː z ɛ n t	r iː z ɛ n t ə d	r iː z ɛ n t ə d	r iː z ɛ n t ə d	1	reg_əd	9	9
jacobian	dev	s ɪ m b ə l a ɪ z	s ɪ m b ə l a ɪ z d	s ɪ m b ə l a ɪ z d	s ɪ m b ə l a ɪ z d	1	reg_d	11	11
jacobian	dev	f l e ɪ m	f l e ɪ m d	f l e ɪ m d	f l e ɪ m d	1	reg_d	7	7
jacobian	dev	t r æ n s ɛ n d	t r æ n s ɛ n d ə d	t r æ n s ɛ n d ə d	t r æ n s ɛ n d ə d	1	reg_əd	11	11
jacobian	dev	p ɹ̩ v ɹ̩ t	p ɹ̩ v ɹ̩ t ə d	p ɹ̩ v ɹ̩ t ə d	p ɹ̩ v ɹ̩ t ə d	1	reg_əd	8	8
jacobian	dev	k ə n f r ʌ n t	k ə n f r ʌ n t ə d	k ə n f r ʌ n t ə d	k ə n f r ʌ n d ə d	1	reg_əd	10	11
jacobian	dev	ɪ n k l o ʊ z	ɪ n k l o ʊ z d	ɪ n k l o ʊ z d	ɪ n k l o ʊ z d	1	reg_d	9	9
jacobian	dev	d r ɪ f t	d r ɪ f t ə d	d r ɪ f t ə d	d r ɪ f t ə d	1	reg_əd	8	8
jacobian	dev	k ɔ r n ɹ̩	k ɔ r n ɹ̩ d	k ɔ r n ɹ̩ d	k ɔ r n ɹ̩ d	1	reg_d	7	7
jacobian	dev	æ k n ɑː l ɪ d͡ʒ	æ k n ɑː l ɪ d͡ʒ d	æ k n ɑː l ɔ d͡ʒ d	æ k n ɑː l ɪ d͡ʒ d	1	vowel_change_suffix	8	9
jacobian	dev	l ɑː p	l ɑː p t	l ɑː p t	l ɑː p t	1	reg_t	5	5
jacobian	dev	s k e ɪ l	s k e ɪ l d	s k e ɪ l d	s k e ɪ l d	1	reg_d	7	7
jacobian	dev	ɪ k w e ɪ t	ɪ k w e ɪ t ə d	ɪ k w e ɪ t ə d	ɪ k w e ɪ t ə d	1	reg_əd	9	9
jacobian	dev	b æ t ə l	b æ t ə l d	b æ t ə l d	b æ t ə l d	1	reg_d	7	7
jacobian	dev	ə s ɛ s	ə s ɛ s t	ə s ɛ s t	ə s ɛ s t	1	reg_t	6	6
jacobian	dev	ɔ l t ɹ̩	ɔ l t ɹ̩ d	ɔ l t ɹ̩ d	ɔ l t ɹ̩ d	1	reg_d	6	6
jacobian	dev	ɡ ʌ l p	ɡ ʌ l p t	ɡ ʌ l p t	ɡ ʌ l p t	1	reg_t	6	6
jacobian	dev	r ɪ s ɪ p r ə k e ɪ t	r ɪ s ɪ p r ə k e ɪ t ə d	r ɪ s ɪ k r ə k e ɪ t ə d	r ɪ s ɪ p r ə k e ɪ t ə d	1	other	13	14
jacobian	dev	r ɛ ɡ j ə l e ɪ t	r ɛ ɡ j ə l e ɪ t ə d	r ɛ ɡ j ə l e ɪ t ə d	r ɛ ɡ j ə l e ɪ t ə d	1	reg_əd	12	12
jacobian	dev	ɪ k s p ɛ r ə m ə n t	ɪ k s p ɛ r ə m ə n t ə d	ɪ k s p ɛ r ə k t ə d	ɪ k s p ɛ r ə m ə n t ə d	1	other	8	12
jacobian	dev	r iː p ʌ l s	r iː p ʌ l s t	r iː p ʌ l s t	r iː p ʌ l s t	1	reg_t	8	8
jacobian	dev	ʃ ɑː k	ʃ ɑː k t	ʃ ɑː k t	ʃ ɑː k t	1	reg_t	5	5
jacobian	dev	s p ɪ r ɪ t	s p ɪ r ɪ t ə d	s p ɪ r ɪ t ə d	s p ɪ r ɪ t ə d	1	reg_əd	9	9
jacobian	dev	b l ɑː t	b l ɑː t ə d	b l ɑː t ə d	b l ɑː t	1	reg_əd	6	7
jacobian	dev	h ɔ r d	h ɔ r d ə d	h ɔ r d ə d	h ɔ r d ə d	1	reg_əd	7	7
jacobian	dev	b a ʊ n d	b a ʊ n d ə d	b a ʊ n d ə d	b a ʊ n d ə d	1	reg_əd	8	8
jacobian	dev	d ɪ s ə p r uː v	d ɪ s ə p r uː v d	d ɪ s ə p r uː	d ɪ s ə p r uː v d	1	other	7	8
jacobian	dev	t a ɪ t ə l	t a ɪ t ə l d	t a ɪ t ə l d	t a ɪ t ə l d	1	reg_d	8	8
jacobian	dev	k ɑː m p r iː h ɛ n d	k ɑː m p r iː h ɛ n d ə d	k r iː ɪ m p r iː d	k ɑː m p r iː h ɛ n d	1	other	6	10
jacobian	dev	k æ p ɪ t ə l a ɪ z	k æ p ɪ t ə l a ɪ z d	k ɪ t ə l a ɪ z d	k æ p ɪ t ə l a ɪ z d	1	other	9	10
jacobian	dev	s w ɔ m p	s w ɔ m p t	s w ɔ m p t	s w ɔ m p t	1	reg_t	7	7
jacobian	dev	n ɛ r e ɪ t	n ɛ r e ɪ t ə d	n ɛ r e ɪ t ə d	n ɛ r e ɪ t ə d	1	reg_əd	9	9
jacobian	dev	p æ n k e ɪ k	p æ n k e ɪ k t	p æ n k e ɪ k t	p æ n k e ɪ k ə	0	reg_t	8	9
jacobian	dev	m ɔ l t	m ɔ l t ə d	m ɔ l t ə d	m ɔ l t ə d	1	reg_əd	7	7
jacobian	dev	s t r ɛ s	s t r ɛ s t	s t r ɛ s t	s t r ɛ s t	1	reg_t	7	7
jacobian	dev	k r iː m e ɪ t	k r iː m e ɪ t ə d	k r iː m e ɪ t ə d	k r iː m e ɪ t ə d	1	reg_əd	10	10
jacobian	dev	p r ə f ɛ s	p r ə f ɛ s t	p r ə f ɛ s t	p r ə f ɛ s t	1	reg_t	8	8
jacobian	dev	t͡ʃ æ n t	t͡ʃ æ n t ə d	t͡ʃ æ n t ə d	t͡ʃ æ n t ə d	1	reg_əd	7	7
jacobian	dev	p o ʊ n iː	p o ʊ n iː d	p o ʊ n iː d	p o ʊ n iː d	1	reg_d	7	7
jacobian	dev	r iː p r o ʊ ɡ r æ m	r iː p r o ʊ ɡ r æ m d	r o ʊ ɡ r o ʊ r æ m d	r iː p r o ʊ ə ɡ r d	1	other	8	12
jacobian	dev	k j uː	k j uː d	k j uː d	k j uː d	1	reg_d	5	5
jacobian	dev	ɔ d ɪ t	ɔ d ɪ t ə d	ɔ d ɪ t ə d	ɔ d ɪ t	1	reg_əd	5	7
jacobian	dev	s ʌ b	s ʌ b d	s ʌ b d	s ʌ b d	1	reg_d	5	5
jacobian	dev	s k a ʊ ɹ̩	s k a ʊ ɹ̩ d	s k a ʊ ɹ̩ d	s k a ʊ ɹ̩ d	1	reg_d	7	7
jacobian	dev	ɪ k s p æ n d	ɪ k s p æ n d ə d	ɪ k s p æ n d ə d	ɪ k s p æ n d ə d	1	reg_əd	10	10
jacobian	dev	d r ɛ n t͡ʃ	d r ɛ n t͡ʃ t	d r ɛ n t͡ʃ t	d r ɛ n t͡ʃ t	1	reg_t	7	7
jacobian	dev	s k ɪ n	s k ɪ n d	s k ɪ n d	s k ɪ n d	1	reg_d	6	6
jacobian	dev	f ɔ r s iː	f ɔ r s ɔ	f ɔ r s iː d	f ɔ r s iː d	1	reg_d	7	7
jacobian	dev	ɔ t ə m e ɪ t	ɔ t ə m e ɪ t ə d	ɔ t ə m e ɪ t ə d	ɔ t ə m e ɪ t ə d	1	reg_əd	10	10
jacobian	dev	s w ɛ t	s w ɛ t ə d	s w ɛ t ə d	s w ɛ t ə d	1	reg_əd	7	7
jacobian	dev	ɡ ʌ t	ɡ ʌ t ə d	ɡ ʌ t	ɡ ʌ t	1	no_change	4	4
jacobian	dev	p o ʊ z	p o ʊ z d	p o ʊ z d	p o ʊ z d	1	reg_d	6	6
jacobian	dev	d͡ʒ æ k ə t	d͡ʒ æ k ə t ə d	d͡ʒ æ k ə t ə d	d͡ʒ æ k ə t ə d	1	reg_əd	8	8
jacobian	dev	p r ɪ v ɪ l ɪ d͡ʒ	p r ɪ v ɪ l ɪ d͡ʒ d	p r ɪ v ɪ l ɪ d͡ʒ d	p r ɪ v ɪ l ɪ d͡ʒ d	1	reg_d	10	10
jacobian	dev	s o ʊ ʃ ə l a ɪ z	s o ʊ ʃ ə l a ɪ z d	s o ʊ ʃ ə l a ɪ z d	s o ʊ ʃ ə l a ɪ z d	1	reg_d	11	11
jacobian	dev	f æ t ə n	f æ t ə n d	f æ t ə n d	f æ t ə n d	1	reg_d	7	7
jacobian	dev	t æ t ɹ̩	t æ t ɹ̩ d	t æ t ɹ̩ d	t æ t ɹ̩ d	1	reg_d	6	6
jacobian	dev	w ɛ d͡ʒ	w ɛ d͡ʒ d	w ɛ d͡ʒ d	w ɛ d͡ʒ d	1	reg_d	5	5
jacobian	dev	k r o ʊ ʃ e ɪ	k r o ʊ ʃ e ɪ d	k r o ʊ ʃ e ɪ d	k r o ʊ ʃ e ɪ d	1	reg_d	8	9
jacobian	dev	k ə n s iː l	k ə n s iː l d	k ə n s iː l d	k ə n s iː l d	1	reg_d	8	8
jacobian	dev	p r ə v o ʊ k	p r ə v o ʊ k t	p r ə v o ʊ k t	p r ə v o ʊ k t	1	reg_t	9	9
jacobian	dev	h ɪ t͡ʃ	h ɪ t͡ʃ t	h ɪ t͡ʃ t	h ɪ t͡ʃ t	1	reg_t	5	5
jacobian	dev	t r æ n s p ɔ r t	t r æ n s p ɔ r t ə d	t r æ n s p ɔ r t ə d	t r æ n s p ɔ r t ə d	1	reg_əd	12	12
jacobian	dev	d ɑː r k ə n	d ɑː r k ə n d	d ɑː r k ə n d	d ɑː r k ə n d	1	reg_d	8	8
jacobian	dev	ɪ n v ɛ s t	ɪ n v ɛ s t ə d	ɪ n v ɛ s t ə d	ɪ n v ɛ s t ə d	1	reg_əd	9	9
jacobian	dev	d ɪ f ɛ n d	d ɪ f ɛ n d ə d	d ɪ f ɛ n d ə d	d ɪ f ɛ n d ə d	1	reg_əd	9	9
jacobian	dev	o ʊ v ɹ̩ ɛ s t ə m e ɪ t	o ʊ v ɹ̩ ɛ s t ə m e ɪ t ə d	o ʊ s t ə d	o ʊ v ɹ̩ ɛ s t ə m e ɪ t ə d	1	other	4	7
jacobian	dev	k ɹ̩ iː n	k ɹ̩ iː n d	k ɹ̩ iː n d	k ɹ̩ iː n d	1	reg_d	6	6
jacobian	dev	f l æ b ɹ̩ ɡ æ s t	f l æ b ɹ̩ ɡ æ s t ə d	f l æ b ɹ̩ d	f l æ b ɹ̩ ɡ æ s t ə d	1	other	5	7
jacobian	dev	b ɛ d	b ɛ d ə d	b ɛ d ə d	b o ʊ d	1	reg_əd	5	6
jacobian	dev	ʃ æ k ə l	ʃ æ k ə l d	ʃ æ k ə l d	ʃ æ k ə l d	1	reg_d	7	7
jacobian	dev	b a ɪ n d	b a ʊ n d	b a ɪ n d ə d	b a ɪ n d ə d	1	reg_əd	8	8
jacobian	dev	ɪ n v ɛ n t	ɪ n v ɛ n t ə d	ɪ n v ɛ n t ə d	ɪ n v ɛ n t ə d	1	reg_əd	9	9
jacobian	dev	k ə n k l uː d	k ə n k l uː d ə d	k ə n k l uː d ə d	k ə n k l uː d ə d	1	reg_əd	10	10
jacobian	dev	m o ʊ ʃ ə n	m o ʊ ʃ ə n d	m o ʊ ʃ ə n d	m o ʊ ʃ ə n d	1	reg_d	8	8
jacobian	dev	ɪ l ɪ m ə n e ɪ t	ɪ l ɪ m ə n e ɪ t ə d	ɪ l ɪ m ə n e ɪ t ə d	ɪ l ɪ m ə n e ɪ t ə d	1	reg_əd	12	12
jacobian	dev	m ɑː d ə f a ɪ	m ɑː d ə f a ɪ d	m ɑː d ə f a ɪ d	m ɑː d ə f a ɪ d	1	reg_d	9	9
jacobian	dev	s iː z ə n	s iː z ə n d	s iː z ə n d	s iː z ə n d	1	reg_d	7	7
jacobian	dev	m ɛ z m ɹ̩ a ɪ z	m ɛ z m ɹ̩ a ɪ z d	m ɛ z ɹ̩ a ɪ z a ɪ z d	m ɛ z m ɹ̩ a ɪ z d	1	other	8	12
jacobian	dev	t e ɪ l ɹ̩	t e ɪ l ɹ̩ d	t e ɪ l ɹ̩ d	t e ɪ l ɹ̩ d	1	reg_d	7	7
jacobian	dev	d ɪ t ɛ k t	d ɪ t ɛ k t ə d	d ɪ t ɛ k t ə d	d ɪ t ɛ k t ə	0	reg_əd	8	9
jacobian	dev	s ə b d͡ʒ ɛ k t	s ə b d͡ʒ ɛ k t ə d	s ə b d͡ʒ ɛ k t ə d	s ə b d͡ʒ ɛ k t ə d	1	reg_əd	10	10
jacobian	dev	r iː k æ p	r iː k æ p t	r iː k æ p t	r iː k æ p t	1	reg_t	7	7
jacobian	dev	ɪ n t ɹ̩ p r ə t	ɪ n t ɹ̩ p r ə t ə d	ɪ n t ɹ̩ p r ə t ə d	ɪ n t ɹ̩ p r ə t ə d	1	reg_əd	11	11
jacobian	dev	b ɔ r d ɹ̩	b ɔ r d ɹ̩ d	b ɔ r d ɹ̩ d	b ɔ r d ɹ̩ d	1	reg_d	7	7
jacobian	dev	d ɪ s iː v	d ɪ s iː v d	d ɪ s iː v d	d ɪ s iː v d	1	reg_d	7	7
jacobian	dev	w iː d	w iː d ə d	w iː d ə d	w iː d ə d	1	reg_əd	6	6
jacobian	dev	d a ɪ ə ɡ n o ʊ s	d a ɪ ə ɡ n o ʊ s t	d a ɪ ɡ n d a ʊ d	d a ɪ ə ɡ n o ʊ s t	1	other	5	10
jacobian	dev	p r o ʊ b	p r o ʊ b d	p r o ʊ b d	p r o ʊ b d	1	reg_d	7	7
jacobian	dev	k r ɪ s ə n	k r ɪ s ə n d	k r ɪ s ə n d	k r ɪ s ə n d	1	reg_d	8	8
jacobian	dev	ɡ r æ s	ɡ r æ s t	ɡ r æ s t	ɡ r æ s t	1	reg_t	6	6
jacobian	dev	r ɪ v a ɪ z	r ɪ v a ɪ z d	r ɪ v a ɪ z d	r ɪ v a ɪ z d	1	reg_d	8	8
jacobian	dev	h ɔ r ə f a ɪ	h ɔ r ə f a ɪ d	h ɔ r ə f a ɪ d	h ɔ r ə f a ɪ d	1	reg_d	9	9
jacobian	dev	ə n r æ v ə l	ə n r æ v ə l d	ə n r æ v æ l d	ə n r æ v ə l d	1	vowel_change_suffix	8	9
jacobian	dev	s ə l uː t	s ə l uː t ə d	s ə l uː t ə d	s ə l uː t ə d	1	reg_əd	8	8
jacobian	dev	l ɑː d͡ʒ	l ɑː d͡ʒ d	l ɑː d͡ʒ d	l ɑː d͡ʒ d	1	reg_d	5	5
jacobian	dev	ɪ n t r uː d	ɪ n t r uː d ə d	ɪ n t r uː d ə d	ɪ n t r uː d ə d	1	reg_əd	9	9
jacobian	dev	k ɑː r p ə t	k ɑː r p ə t ə d	k ɑː r p ə t ə d	k ɑː r p ə t ə d	1	reg_əd	9	9
jacobian	dev	k r ɪ t ɪ s a ɪ z	k r ɪ t ɪ s a ɪ z d	k r ɪ t ɪ s a ɪ z d	k r ɪ t ɪ s a ɪ z d	1	reg_d	11	11
jacobian	dev	ɪ m ɹ̩ d͡ʒ	ɪ m ɹ̩ d͡ʒ d	ɪ m ɹ̩ d͡ʒ d	ɪ m ɹ̩ d͡ʒ d	1	reg_d	6	6
jacobian	dev	s ɹ̩ v e ɪ	s ɹ̩ v e ɪ d	s ɹ̩ v e ɪ d	s ɹ̩ v e ɪ d	1	reg_d	7	7
jacobian	dev	b o ʊ s t	b o ʊ s t ə d	b o ʊ s t ə d	b o ʊ s t ə d	1	reg_əd	8	8
jacobian	dev	ɪ m p l ɔ r	ɪ m p l ɔ r d	ɪ m p l ɔ r d	ɪ m p l ɔ r d	1	reg_d	8	8
jacobian	dev	d͡ʒ ɹ̩ m ə n e ɪ t	d͡ʒ ɹ̩ m ə n e ɪ t ə d	d͡ʒ ɹ̩ m ə n e ɪ t ə d	d͡ʒ ɹ̩ m ə n e ɪ t ə d	1	reg_əd	11	11
jacobian	dev	h ɔ r n	h ɔ r n d	h ɔ r n d	h ɔ r n d	1	reg_d	6	6
jacobian	dev	ə b s ɛ s	ə b s ɛ s t	ə b s ɛ s t	ə b s ɛ s t	1	reg_t	7	7
jacobian	dev	ʌ n d ɹ̩ l a ɪ n	ʌ n d ɹ̩ l a ɪ n d	ʌ n d ɹ̩ l a ɪ n d	ʌ n d ɹ̩ l a ɪ n d	1	reg_d	10	10
jacobian	dev	b l uː	b l uː d	b l uː d	b l uː d	1	reg_d	5	5
jacobian	dev	ə f ɛ k t	ə f ɛ k t ə d	ə f ɛ k t ə d	ə f ɛ k t ə d	1	reg_əd	8	8
jacobian	dev	f r ɛ t	f r ɛ t ə d	f r ɛ t ə d	f r ɛ t ə d	1	reg_əd	7	7
jacobian	dev	s k ʌ t ə l	s k ʌ t ə l d	s k ʌ t ə l d	s k ʌ t ə l d	1	reg_d	8	8
jacobian	dev	k ə m p a ɪ l	k ə m p a ɪ l d	k ə m p a ɪ l d	k ə m p a ɪ l d	1	reg_d	9	9
jacobian	dev	s ə p r ɛ s	s ə p r ɛ s t	s ə p r ɛ s t	s ə p r ɛ s t	1	reg_t	8	8
jacobian	dev	b r ɪ d͡ʒ	b r ɪ d͡ʒ d	b r ɪ d͡ʒ d	b r ɪ d͡ʒ d	1	reg_d	6	6
jacobian	dev	k ə m p o ʊ z	k ə m p o ʊ z d	k ə m p o ʊ z d	k ə m p o ʊ z d	1	reg_d	9	9
jacobian	dev	æ n ə t e ɪ t	æ n ə t e ɪ t ə d	æ n ə t e ɪ t ə d	æ n ə t ʊ uː t ə d	1	reg_əd	9	10
jacobian	dev	d ɪ l ɪ n iː e ɪ t	d ɪ l ɪ n iː e ɪ t ə d	d ɪ n iː n iː e ɪ t ə d	d ɪ l ɪ n iː e ɪ t ə d	1	other	10	12
jacobian	dev	m ɛ r ɪ t	m ɛ r ɪ t ə d	m ɛ r ɪ t ə d	m ɛ r ɪ t ə d	1	reg_əd	8	8
jacobian	dev	t æ k s iː	t æ k s iː d	t æ k s iː d	t æ k s iː d	1	reg_d	7	7
jacobian	dev	p ɛ n ə t r e ɪ t	p ɛ n ə t r e ɪ t ə d	p ɛ n ə t r e ɪ t ə d	p ɛ n ə t r e ɪ t ə d	1	reg_əd	12	12
jacobian	dev	d r uː p	d r uː p t	d r uː p t	d r uː p t	1	reg_t	6	6
jacobian	dev	r ɛ p r ə z ɛ n t	r ɛ p r ə z ɛ n t ə d	r ɛ p r ə z ɛ n t ə d	r ɛ p r ə z ɛ n t ə d	1	reg_əd	12	12
jacobian	dev	r ɪ v iː l	r ɪ v iː l d	r ɪ v iː l d	r ɪ v iː l d	1	reg_d	7	7
jacobian	dev	k ə n f ɹ̩ m	k ə n f ɹ̩ m d	k ə n f ɹ̩ m d	k ə n f ɹ̩ m d	1	reg_d	8	8
jacobian	dev	k ɑː n t ʊ r	k ɑː n t ʊ r d	k ɑː n t ʊ r d	k ɑː n t ʊ r d	1	reg_d	8	8
jacobian	dev	f iː s t	f iː s t ə d	f iː s t ə d	f iː s t ə d	1	reg_əd	7	7
jacobian	dev	f ʊ t	f ʊ t ə d	f ʊ t	f ʊ t	1	no_change	4	4
jacobian	dev	r iː ə ʃ ʊ r	r iː ə ʃ ʊ r d	r iː ə ʃ ʊ r d	r iː ə ʃ ʊ r d	1	reg_d	8	8
jacobian	dev	k æ p t ɪ v e ɪ t	k æ p t ɪ v e ɪ t ə d	k æ p t ɪ v e ɪ t ə d	k æ p t ɪ v e ɪ t ə d	1	reg_əd	12	12
jacobian	dev	b æ p t a ɪ z	b æ p t a ɪ z d	b æ p t a ɪ z d	b æ p t a ɪ z d	1	reg_d	9	9
jacobian	dev	k ə n f a ɪ n	k ə n f a ɪ n d	k ə n f a ɪ n d	k ə n f a ɪ n d	1	reg_d	9	9
jacobian	dev	h æ ʃ	h æ ʃ t	h æ ʃ t	h æ ʃ t	1	reg_t	5	5
jacobian	dev	t r æ n s p l æ n t	t r æ n s p l æ n t ə d	t r æ n s p l æ n t ə d	t r æ n s p l æ n t ə d	1	reg_əd	13	13
jacobian	dev	ə k ʌ m p ə n iː	ə k ʌ m p ə n iː d	ə k ʌ m p ə n p ə d	ə k ʌ m p ə n iː d	1	other	9	11
jacobian	dev	h ɹ̩ d	h ɹ̩ d ə d	h ɹ̩ d ə d	h ɹ̩ d ə d	1	reg_əd	6	6
jacobian	dev	s w ɪ v ə l	s w ɪ v ə l d	s w ɪ v ə l d	s w ɪ v ə l d	1	reg_d	8	8
jacobian	dev	k æ m p e ɪ n	k æ m p e ɪ n d	k æ m p e ɪ n d	k æ m p e ɪ n d	1	reg_d	9	9
jacobian	dev	d͡ʒ ɛ n ɹ̩ e ɪ t	d͡ʒ ɛ n ɹ̩ e ɪ t ə d	d͡ʒ ɛ n ɹ̩ e ɪ t ə d	d͡ʒ ɛ n ɹ̩ e ɪ t ə d	1	reg_əd	10	10
jacobian	dev	d a ʊ n l o ʊ d	d a ʊ n l o ʊ d ə d	d a ʊ n l o ʊ d ə d	d a ʊ n l o ʊ d ə d	1	reg_əd	11	11
jacobian	dev	r iː z ɑː l v	r iː z ɑː l v d	r iː z ɑː l v d	r iː z ɑː l v d	1	reg_d	8	8
jacobian	dev	d ɪ s k ə n t ɛ n t	d ɪ s k ə n t ɛ n t ə d	d ɪ s t ə n d	d ɪ s k ə n t ə d	1	other	5	8
jacobian	dev	f l ʌ t ɹ̩	f l ʌ t ɹ̩ d	f l ʌ t ɹ̩ d	f l ʌ t ɹ̩ d	1	reg_d	7	7
jacobian	dev	h ɑː r m	h ɑː r m d	h ɑː r m d	h ɑː r m d	1	reg_d	6	6
jacobian	test	f a ɪ n	f a ɪ n d	f a ɪ n d	f a ɪ n d	1	reg_d	6	6
jacobian	test	s ɹ̩ f ɪ s	s ɹ̩ f ɪ s t	s ɹ̩ f ɪ s t	s ɹ̩ f ɪ s t	1	reg_t	7	7
jacobian	test	s iː z	s iː z d	s iː z d	s iː z d	1	reg_d	5	5
jacobian	test	v iː r	v iː r d	v iː r d	v iː r d	1	reg_d	5	5
jacobian	test	k ʌ s	k ʌ s t	k ʌ s t	k ʌ s t	1	reg_t	5	5
jacobian	test	ɛ m f ə s a ɪ z	ɛ m f ə s a ɪ z d	ɛ m f ə s a ɪ z d	ɛ m f ə s a ɪ z d	1	reg_d	10	10
jacobian	test	r ɪ k ʌ v ɹ̩	r ɪ k ʌ v ɹ̩ d	r ɪ k ʌ v ɹ̩ d	r ɪ k ʌ v ɹ̩ d	1	reg_d	8	8
jacobian	test	r ɪ v ɹ̩ t	r ɪ v ɹ̩ t ə d	r ɪ v ɹ̩ t ə d	r ɪ v ɹ̩ t ə d	1	reg_əd	8	8
jacobian	test	j uː n a ɪ t	j uː n a ɪ t ə d	j uː n a ɪ t ə d	j uː n a ɪ t ə d	1	reg_əd	9	9
jacobian	test	r ɪ w ɔ r d	r ɪ w ɔ r d ə d	r ɪ w ɔ r d ə d	r ɪ w ɔ r d ə d	1	reg_əd	9	9
jacobian	test	s m ʌ ð ɹ̩	s m ʌ ð ɹ̩ d	s m ʌ ð ɹ̩ d	s m ʌ ð ɹ̩ d	1	reg_d	7	7
jacobian	test	t æ l iː	t æ l iː d	t æ l iː d	t æ l iː d	1	reg_d	6	6
jacobian	test	d ɪ v o ʊ t	d ɪ v o ʊ t ə d	d ɪ v o ʊ t ə d	d ɪ v o ʊ t ə	0	reg_əd	8	9
jacobian	test	b e ɪ l	b e ɪ l d	b e ɪ l d	b e ɪ l d	1	reg_d	6	6
jacobian	test	f l ɔ r	f l ɔ r d	f l ɔ r d	f l ɔ r d	1	reg_d	6	6
jacobian	test	ɪ n t ɹ̩ m ɪ k s	ɪ n t ɹ̩ m ɪ k s t	ɪ n t ɹ̩ m ɪ k s t	ɪ n t ɹ̩ m ɪ k s t	1	reg_t	10	10
jacobian	test	ɪ n f l e ɪ t	ɪ n f l e ɪ t ə d	ɪ n f l e ɪ t ə d	ɪ n f l e ɪ t ə d	1	reg_əd	10	10
jacobian	test	d ɑː m ə n e ɪ t	d ɑː m ə n e ɪ t ə d	d ɑː m ə n e ɪ t ə d	d ɑː m ə n e ɪ t ə d	1	reg_əd	11	11
jacobian	test	d͡ʒ ɛ t ɪ s ə n	d͡ʒ ɛ t ɪ s ə n d	d͡ʒ ɛ t ɪ s ə n d	d͡ʒ ɛ t ɪ s ə n d	1	reg_d	9	9
jacobian	test	p ʌ b l ɪ ʃ	p ʌ b l ɪ ʃ t	p ʌ b l ɪ ʃ t	p ʌ b l ɪ ʃ t	1	reg_t	8	8
jacobian	test	h o ʊ n	h o ʊ n d	h o ʊ n d	h o ʊ n d	1	reg_d	6	6
jacobian	test	f ɔ r m j ə l e ɪ t	f ɔ r m j ə l e ɪ t ə d	f j ə l j ə l e ɪ t ə d	f ɔ r m j ə l e ɪ t ə d	1	other	10	13
jacobian	test	ə b æ n d ə n	ə b æ n d ə n d	ə b æ n d ə n d	ə b æ n d ə n d	1	reg_d	9	9
jacobian	test	w ɪ t n ə s	w ɪ t n ə s t	w ɪ t n ə s t	w ɪ t n ə s t	1	reg_t	8	8
jacobian	test	h ɪ n d ɹ̩	h ɪ n d ɹ̩ d	h ɪ n d ɹ̩ d	h ɪ n d ɹ̩ d	1	reg_d	7	7
jacobian	test	p l ɑː d	p l ɑː d ə d	p l ɑː d ə d	p l ɑː d	1	reg_əd	5	7
jacobian	test	r ɪ m ɑː r k	r ɪ m ɑː r k t	r ɪ m ɑː r ɪ r	r ɪ m ɑː r k t	1	other	6	8
jacobian	test	ə b j uː z	ə b j uː z d	ə b j uː z d	ə b j uː z d	1	reg_d	7	7
jacobian	test	d ɪ t e ɪ l	d ɪ t e ɪ l d	d ɪ t e ɪ l d	d ɪ t e ɪ l d	1	reg_d	8	8
jacobian	test	r ɪ t ɑː r d	r ɪ t ɑː r d ə d	r ɪ t ɑː r d ə d	r ɪ t ɑː r d ə d	1	reg_əd	9	9
jacobian	test	k ɹ̩ æ l	k ɹ̩ æ l d	k ɹ̩ æ l d	k ɹ̩ æ l d	1	reg_d	6	6
jacobian	test	æ ŋ ɡ ɹ̩	æ ŋ ɡ ɹ̩ d	æ ŋ ɡ ɹ̩ d	æ ŋ ɡ ɹ̩ d	1	reg_d	6	6
jacobian	test	k r ɛ d ə t	k r ɛ d ə t ə d	k r ɛ d ə t ə d	k r ɛ d ə t ə d	1	reg_əd	9	9
jacobian	test	t ʌ ŋ	t ʌ ŋ d	t ʌ ŋ d	t ʌ ŋ d	1	reg_d	5	5
jacobian	test	t ɔ r t͡ʃ ɹ̩	t ɔ r t͡ʃ ɹ̩ d	t ɔ r t͡ʃ ɹ̩ d	t ɔ r t͡ʃ ɹ̩ d	1	reg_d	7	7
jacobian	test	p r ə p o ʊ z	p r ə p o ʊ z d	p r ə p o ʊ z d	p r ə p o ʊ z d	1	reg_d	9	9
jacobian	test	s ɹ̩ a ʊ n d	s ɹ̩ a ʊ n d ə d	s ɹ̩ a ʊ n d ə d	s ɹ̩ a ʊ n d ə d	1	reg_əd	9	9
jacobian	test	f l ɑː k	f l ɑː k t	f l ɑː k t	f l ɑː k t	1	reg_t	6	6
jacobian	test	s p uː k	s p uː k t	s p uː k t	s p uː k t	1	reg_t	6	6
jacobian	test	b ɔ k	b ɔ k t	b ɔ k t	b ɔ k t	1	reg_t	5	5
jacobian	test	p ɹ̩ t͡ʃ	p ɹ̩ t͡ʃ t	p ɹ̩ t͡ʃ t	p ɹ̩ t͡ʃ t	1	reg_t	5	5
jacobian	test	l iː k	l iː k t	l ɛ k t	l iː k t	1	vowel_change_suffix	4	5
jacobian	test	h æ n d iː k æ p	h æ n d iː k æ p t	h æ n d iː k	h æ n d iː k æ p t	1	other	6	7
jacobian	test	ɪ ɡ z ɪ b ɪ t	ɪ ɡ z ɪ b ɪ t ə d	ɪ ɡ z ɪ b ɪ t ə d	ɪ ɡ z ɪ b ɪ t ə d	1	reg_əd	10	10
jacobian	test	ə d ɪ k t	ə d ɪ k t ə d	ə d ɪ k t ə d	ə d ɪ k t ə d	1	reg_əd	8	8
jacobian	test	s p ʌ t ɹ̩	s p ʌ t ɹ̩ d	s p ʌ t ɹ̩ d	s p ʌ t ɹ̩ d	1	reg_d	7	7
jacobian	test	b ɛ l o ʊ	b ɛ l o ʊ d	b ɛ l o ʊ d	b ɛ l o ʊ d	1	reg_d	7	7
jacobian	test	n o ʊ z d a ɪ v	n o ʊ z d a ɪ v d	n o ʊ z d a ɪ v a ɪ d	n o ʊ z d a ɪ v	0	other	10	12
jacobian	test	t æ m p ɹ̩	t æ m p ɹ̩ d	t æ m p ɹ̩ d	t æ m p ɹ̩ d	1	reg_d	7	7
jacobian	test	m ɔ r n	m ɔ r n d	m ɔ r n d	m ɔ r n d	1	reg_d	6	6
jacobian	test	p l ɛ d͡ʒ	p l ɛ d͡ʒ d	p l ɛ d͡ʒ d	p l ɛ d͡ʒ d	1	reg_d	6	6
jacobian	test	l ɛ v ə l	l ɛ v ə l d	l ɛ v ə l d	l ɛ v ə l d	1	reg_d	7	7
jacobian	test	w ʊ d	w ʊ d ə d	w ʊ d	w ʊ d	1	no_change	3	4
jacobian	test	f ɹ̩ b ɪ d	f ɹ̩ b e ɪ d	f ɹ̩ b ɪ d ə d	f ɹ̩ b ɪ d ə d	1	reg_əd	8	8
jacobian	test	s ə b s a ɪ d	s ə b s a ɪ d ə d	s ə b s a ɪ d ə d	s ə b s a ɪ d ə d	1	reg_əd	10	10
jacobian	test	s t e ɪ d͡ʒ	s t e ɪ d͡ʒ d	s t e ɪ d͡ʒ d	s t e ɪ d͡ʒ d	1	reg_d	7	7
jacobian	test	ə t ɛ s t	ə t ɛ s t ə d	ə t ɛ s t ə d	ə t ɛ s t ə d	1	reg_əd	8	8
jacobian	test	ɛ n d͡ʒ ə n iː r	ɛ n d͡ʒ ə n iː r d	ɛ n d͡ʒ ə n iː r d	ɛ n d͡ʒ ə n iː r d	1	reg_d	9	9
jacobian	test	ə p ɔ ɪ n t	ə p ɔ ɪ n t ə d	ə p ɔ ɪ n t ə d	ə p ɔ ɪ n t ə d	1	reg_əd	9	9
jacobian	test	ɪ n t ɹ̩ d͡ʒ ɛ k t	ɪ n t ɹ̩ d͡ʒ ɛ k t ə d	ɪ n t ɹ̩ d͡ʒ ɛ k t ə d	ɪ n t ɹ̩ d͡ʒ ɛ k t ə d	1	reg_əd	11	11
jacobian	test	w ɹ̩ ʃ ɪ p	w ɹ̩ ʃ ɪ p t	w ɹ̩ ʃ ɪ p t	w ɹ̩ ʃ ɪ p t	1	reg_t	7	7
jacobian	test	ɡ l ɪ s ə n	ɡ l ɪ s ə n d	ɡ l ɪ s ə n d	ɡ l ɪ s ə n d	1	reg_d	8	8
jacobian	test	r iː p l æ n t	r iː p l æ n t ə d	r iː p l æ n t ə d	r iː p l æ n t ə d	1	reg_əd	10	10
jacobian	test	r ɪ k ə ʃ e ɪ	r ɪ k ə ʃ e ɪ d	r ɪ k ə ʃ e ɪ d	r ɪ k ə ʃ e ɪ d	1	reg_d	9	9
jacobian	test	w e ɪ d	w e ɪ d ə d	w e ɪ d ə d	w e ɪ d ə d	1	reg_əd	7	7
jacobian	test	p ə t ɪ ʃ ə n	p ə t ɪ ʃ ə n d	p ə t ɪ ʃ ə n d	p ə t ɪ ʃ ə n d	1	reg_d	9	9
jacobian	test	v a ɪ	v a ɪ d	v a ɪ d	v a ɪ d	1	reg_d	5	5
jacobian	test	ɡ æ ɡ	ɡ æ ɡ d	ɡ æ ɡ d	ɡ æ ɡ d	1	reg_d	5	5
jacobian	test	s ə s t e ɪ n	s ə s t e ɪ n d	s ə s t e ɪ n d	s ə s t e ɪ n d	1	reg_d	9	9
jacobian	test	k l æ s ə f a ɪ	k l æ s ə f a ɪ d	k l æ s ə f a ɪ d	k l æ s ə f a ɪ d	1	reg_d	10	10
jacobian	test	l ʌ m p	l ʌ m p t	l ʌ m p t	l ʌ m p t	1	reg_t	6	6
jacobian	test	n ɹ̩ ɪ ʃ	n ɹ̩ ɪ ʃ t	n ɹ̩ ɪ ʃ t	n ɹ̩ ɪ ʃ t	1	reg_t	6	6
jacobian	test	h iː v	h iː v d	h ɹ̩ v d	h iː v d	1	vowel_change_suffix	3	5
jacobian	test	ɪ m p r ə v a ɪ z	ɪ m p r ə v a ɪ z d	ɪ m p r ə v a ɪ z d	ɪ m p r ə v a ɪ z d	1	reg_d	11	11
jacobian	test	n ɛ k	n ɛ k t	n ɛ k t	n ɛ k t	1	reg_t	5	5
jacobian	test	t ɹ̩ m ə n e ɪ t	t ɹ̩ m ə n e ɪ t ə d	t ɹ̩ m ə n e ɪ t ə d	t ɹ̩ m ə n e ɪ t ə d	1	reg_əd	11	11
jacobian	test	k ɔ ɪ l	k ɔ ɪ l d	k ɔ ɪ l d	k ɔ ɪ l d	1	reg_d	6	6
jacobian	test	ɪ n k a ʊ n t ɹ̩	ɪ n k a ʊ n t ɹ̩ d	ɪ n k a ʊ n k a ɪ t ə d	ɪ n k o ʊ n t ɹ̩ d	1	other	7	13
jacobian	test	k ɑː n	k ɑː n d	k ɑː n d	k ɑː n d	1	reg_d	5	5
jacobian	test	ə d ɑː p t	ə d ɑː p t ə d	ə d ɑː p t ə d	ə d ɑː p t ə d	1	reg_əd	8	8
jacobian	test	r ɛ n ə v e ɪ t	r ɛ n ə v e ɪ t ə d	r ɛ n ə v e ɪ t ə d	r ɛ n ə v e ɪ t ə d	1	reg_əd	11	11
jacobian	test	p r o ʊ t ɛ s t	p r o ʊ t ɛ s t ə d	p r o ʊ t ɛ s t ə d	p r o ʊ t ɛ s t ə	0	reg_əd	10	11
jacobian	test	b ɪ h o ʊ l d	b iː h ɛ l d	b ɪ h o ʊ l d ə d	b ɪ h o ʊ l d ə d	1	reg_əd	10	10
jacobian	test	m ə ʃ iː n	m ə ʃ iː n d	m ə ʃ iː n d	m ə ʃ iː n d	1	reg_d	7	7
jacobian	test	ʃ ɔ r	ʃ ɔ r d	ʃ ɔ r d	ʃ ɔ r d	1	reg_d	5	5
jacobian	test	ɪ n ʌ n s iː e ɪ t	ɪ n ʌ n s iː e ɪ t ə d	ɪ n ʌ n s iː e ɪ t ə d	ɪ n ʌ n s iː e ɪ t ə d	1	reg_əd	12	12
jacobian	test	s p ɑː r k	s p ɑː r k t	s p ɑː r k t	s p ɑː r k t	1	reg_t	7	7
jacobian	test	k e ɪ t ɹ̩	k e ɪ t ɹ̩ d	k e ɪ t ɹ̩ d	k e ɪ t ɹ̩ d	1	reg_d	7	7
jacobian	test	n ɹ̩ t͡ʃ ɹ̩	n ɹ̩ t͡ʃ ɹ̩ d	n ɹ̩ t͡ʃ ɹ̩ d	n ɹ̩ t͡ʃ ɹ̩ d	1	reg_d	6	6
jacobian	test	ʃ e ɪ m	ʃ e ɪ m d	ʃ e ɪ m d	ʃ e ɪ m d	1	reg_d	6	6
jacobian	test	w iː l d	w iː l d ə d	w iː l d ə d	w iː l d ə d	1	reg_əd	7	7
jacobian	test	r iː l	r iː l d	r iː l d	r iː l d	1	reg_d	5	5
jacobian	test	s t r iː m l a ɪ n	s t r iː m l a ɪ n d	s t r iː m l a ɪ n d	s t r iː m l a ɪ n d	1	reg_d	11	11
jacobian	test	k ʊ ʃ ə n	k ʊ ʃ ə n d	k ʊ ʃ ə n d	k ʊ ʃ ə n d	1	reg_d	7	7
jacobian	test	s a ɪ k ə l	s a ɪ k ə l d	s a ɪ k ə l d	s a ɪ k ə l d	1	reg_d	8	8
jacobian	test	h ʌ d ə l	h ʌ d ə l d	h ʌ d ə l d	h ʌ d ə l d	1	reg_d	7	7
jacobian	test	s æ ɡ	s æ ɡ d	s æ ɡ d	s æ ɡ d	1	reg_d	5	5
jacobian	test	f l ɪ k ɹ̩	f l ɪ k ɹ̩ d	f l ɪ k ɹ̩ d	f l ɪ k ɹ̩ d	1	reg_d	7	7
jacobian	test	m a ʊ n t	m a ʊ n t ə d	m a ʊ n t ə d	m a ʊ n t ə d	1	reg_əd	8	8
jacobian	test	k ɹ̩ o ʊ d	k ɹ̩ o ʊ d ə d	k ɹ̩ o ʊ d ə d	k ɹ̩ o ʊ d ə d	1	reg_əd	8	8
jacobian	test	s t æ ʃ	s t æ ʃ t	s t æ ʃ t	s t æ ʃ t	1	reg_t	6	6
jacobian	test	s æ n d w ɪ t͡ʃ	s æ n d w ɪ t͡ʃ t	s æ n d w ɪ n d	s æ n d w ɪ t͡ʃ t	1	coda_change	7	9
jacobian	test	s p ɛ s ə f a ɪ	s p ɛ s ə f a ɪ d	s p ɛ s p ɛ s a ɪ	s p ɛ s ə f a ɪ d	1	other	7	10
jacobian	test	p ɪ t iː	p ɪ t iː d	p ɪ t iː d	p ɪ t iː d	1	reg_d	6	6
jacobian	test	ə w e ɪ t	ə w e ɪ t ə d	ə w e ɪ t ə d	ə w e ɪ t ə d	1	reg_əd	8	8
jacobian	test	k w ɪ z	k w ɪ z d	k w ɪ z d	k w ɪ z	1	reg_d	5	6
jacobian	test	t r æ m p	t r æ m p t	t r æ m p t	t r æ m p t	1	reg_t	7	7
jacobian	test	s k ʌ f	s k ʌ f t	s k ʌ f t	s k ʌ f t	1	reg_t	6	6
jacobian	test	ə m e ɪ z	ə m e ɪ z d	ə m e ɪ z d	ə m e ɪ z d	1	reg_d	7	7
jacobian	test	m æ ɡ n ə f a ɪ	m æ ɡ n ə f a ɪ d	m æ ɡ n ə f a ɪ d	m æ ɡ n ə f a ɪ d	1	reg_d	10	10
jacobian	test	s a ɪ d ə l	s a ɪ d ə l d	s a ɪ d ə l d	s a ɪ d ə l d	1	reg_d	8	8
jacobian	test	p e ɪ p ɹ̩	p e ɪ p ɹ̩ d	p e ɪ p ɹ̩ d	p e ɪ p ɹ̩ d	1	reg_d	7	7
jacobian	test	s t ʌ n	s t ʌ n d	s t ʌ n d	s t ʌ n d	1	reg_d	6	6
jacobian	test	d ɪ s ɡ ʌ s t	d ɪ s ɡ ʌ s t ə d	d ɪ s ɡ ʌ s t ə d	d ɪ s ɡ ʌ s t ə d	1	reg_əd	10	10
jacobian	test	s l iː v	s l iː v d	s l iː v d	s l iː v	1	reg_d	5	6
jacobian	test	k r e ɪ v	k r e ɪ v d	k r e ɪ v d	k r e ɪ v d	1	reg_d	7	7
jacobian	test	b r uː	b r uː d	b r uː d	b r uː d	1	reg_d	5	5
jacobian	test	b ʌ m	b ʌ m d	b ʌ m d	b ʌ m d	1	reg_d	5	5
jacobian	test	b e ɪ t	b e ɪ t ə d	b e ɪ t ə d	b e ɪ t ə d	1	reg_əd	7	7
jacobian	test	l ʊ r	l ʊ r d	l ʊ r d	l ʊ r d	1	reg_d	5	5
jacobian	test	ɪ m b a ɪ b	ɪ m b a ɪ b d	ɪ m b a ɪ b d	ɪ m b a ɪ b d	1	reg_d	8	8
jacobian	test	d ə b e ɪ t	d ə b e ɪ t ə d	d ə b e ɪ t ə d	d ə b e ɪ t ə d	1	reg_əd	9	9
jacobian	test	f l ʌ ŋ k	f l ʌ ŋ k t	f l ʌ ŋ k t	f l ʌ ŋ k t	1	reg_t	7	7
jacobian	test	b iː r d	b iː r d ə d	b iː r d ə d	b iː r d ə d	1	reg_əd	7	7
jacobian	test	r iː t e ɪ k	r iː t ʊ k	r iː t e ɪ k	r iː t e ɪ k t	1	no_change	6	7
jacobian	test	ɛ n v ɛ l ə p	ɛ n v ɛ l ə p t	ɛ n v ɛ l ə p t	ɛ n v ɛ l ə p t	1	reg_t	9	9
jacobian	test	ə n ɔ ɪ	ə n ɔ ɪ d	ə n ɔ ɪ d	ə n ɔ ɪ d	1	reg_d	6	6
jacobian	test	t iː m	t iː m d	t iː m d	t iː m d	1	reg_d	5	5
jacobian	test	k ə n f ɪ ɡ j ɹ̩	k ə n f ɪ ɡ j ɹ̩ d	k ə n f ɪ ɡ j a ɪ t ɹ̩ e ɪ t ə d	k ə n f ɪ ɡ j ɹ̩ d	1	other	11	17
jacobian	test	h ɑː r v ə s t	h ɑː r v ə s t ə d	h ɑː r v ə s t ə d	h ɑː r v ə s t ə d	1	reg_əd	10	10
jacobian	test	l ɪ s t	l ɪ s t	l ɪ s t ə d	l ɪ s t ə d	1	reg_əd	7	7
jacobian	test	r ɪ b ɛ l	r ɪ b ɛ l d	r ɪ b ɛ l d	r ɪ b ɛ l d	1	reg_d	7	7
jacobian	test	r æ m b ə l	r æ m b ə l d	r æ m b ə l d	r æ m b ə l d	1	reg_d	8	8
jacobian	test	f ɹ̩ m ɛ n t	f ɹ̩ m ɛ n t ə d	f ɹ̩ m ɛ n t ə d	f ɹ̩ m ɛ n t ə	0	reg_əd	8	9
jacobian	test	s p ɑː n s ɹ̩	s p ɑː n s ɹ̩ d	s p ɑː n s ɹ̩ d	s p ɑː n s ɹ̩ d	1	reg_d	8	8
jacobian	test	m ɹ̩ m ɹ̩	m ɹ̩ m ɹ̩ d	m ɹ̩ m ɹ̩ d	m ɹ̩ m ɹ̩ d	1	reg_d	6	6
jacobian	test	s p ɹ̩ t	s p ɹ̩ t ə d	s p ɹ̩ t ə d	s p ɹ̩ t ə d	1	reg_əd	7	7
jacobian	test	ɔ f s ɛ t	ɔ f s ɛ t	ɔ f s ɛ t ə d	ɔ f s ɛ t ə d	1	reg_əd	8	8
jacobian	test	p ɛ s t ɹ̩	p ɛ s t ɹ̩ d	p ɛ s t ɹ̩ d	p ɛ s t ɹ̩ d	1	reg_d	7	7
jacobian	test	m ɑː k	m ɑː k t	m ɑː k t	m ɑː k t	1	reg_t	5	5
jacobian	test	ɡ l ɛ r	ɡ l ɛ r d	ɡ l ɛ r d	ɡ l ɛ r d	1	reg_d	6	6
jacobian	test	v æ l j uː	v æ l j uː d	v æ l j uː d	v æ l j uː d	1	reg_d	7	7
jacobian	test	p ɹ̩ k	p ɹ̩ k t	p ɹ̩ k t	p ɹ̩ k t	1	reg_t	5	5
jacobian	test	r iː d͡ʒ ɔ ɪ n	r iː d͡ʒ ɔ ɪ n d	r iː d͡ʒ ɔ ɪ n d	r iː d͡ʒ ɔ ɪ n d	1	reg_d	8	8
jacobian	test	ɡ r e ɪ d	ɡ r e ɪ d ə d	ɡ r e ɪ d ə d	ɡ r e ɪ d ə d	1	reg_əd	8	8
jacobian	test	s k r a ʊ n d͡ʒ	s k r a ʊ n d͡ʒ d	s k r a ʊ n d͡ʒ d	s k r a ʊ n d͡ʒ d	1	reg_d	9	9
jacobian	test	uː z	uː z d	uː z d	uː z d	1	reg_d	4	4
jacobian	test	b æ f ə l	b æ f ə l d	b æ f ə l d	b æ f ə l d	1	reg_d	7	7
jacobian	test	ɪ m p l ə m ɛ n t	ɪ m p l ə m ɛ n t ə d	ɪ m p l ə m ɛ n t ə d	ɪ m p l ə m ɛ n t ə d	1	reg_əd	12	12
jacobian	test	ə p ɡ r e ɪ d	ə p ɡ r e ɪ d ə d	ə p ɡ r e ɪ d ə d	ə p ɡ r e ɪ d ə d	1	reg_əd	9	10
jacobian	test	k ə n s ɹ̩ n	k ə n s ɹ̩ n d	k ə n s ɹ̩ n d	k ə n s ɹ̩ n d	1	reg_d	8	8
jacobian	test	r iː s ɹ̩ t͡ʃ	r iː s ɹ̩ t͡ʃ t	r iː s ɹ̩ t͡ʃ t	r iː s ɹ̩ t͡ʃ t	1	reg_t	7	7
jacobian	test	ɪ n s p a ɪ ɹ̩	ɪ n s p a ɪ ɹ̩ d	ɪ n s p a ɪ ɹ̩ d	ɪ n s p a ɪ ɹ̩ d	1	reg_d	9	9
jacobian	test	s a ɪ l ə n s	s a ɪ l ə n s t	s a ɪ l ə n s t	s a ɪ l ə n s t	1	reg_t	9	9
jacobian	test	b ɑː n d	b ɑː n d ə d	b ɑː n d ə d	b ɑː n d ə d	1	reg_əd	7	7
jacobian	test	s n æ ɡ	s n æ ɡ d	s n æ ɡ d	s n æ ɡ d	1	reg_d	6	6
jacobian	test	s t a ɪ l	s t a ɪ l d	s t a ɪ l d	s t a ɪ l d	1	reg_d	7	7
jacobian	test	r iː j uː z	r iː uː z d	r iː j uː z d	r iː j uː z d	1	reg_d	7	7
jacobian	test	d ɪ v a ʊ ɹ̩	d ɪ v a ʊ ɹ̩ d	d ɪ v a ʊ ɹ̩ d	d ɪ v a ʊ ɹ̩ d	1	reg_d	8	8
jacobian	test	ɪ l ɛ k t r ə k j uː t	ɪ l ɛ k t r ə k j uː t ə d	ɪ l ɛ k t ə d	ɪ l ɛ k t r ə k j	1	other	6	8
jacobian	test	f ʌ ŋ k ʃ ə n	f ʌ ŋ k ʃ ə n d	f ʌ ŋ k ʃ ə n d	f ʌ ŋ k ʃ ə n d	1	reg_d	9	9
jacobian	test	k o ʊ ə ɡ z ɪ s t	k o ʊ ə ɡ z ɪ s t ə d	k o ʊ ɡ z ɪ s t	k o ʊ ə ɡ z ɪ s t ə d	1	other	8	9
jacobian	test	l uː t	l uː t ə d	l uː t ə d	l uː t ə d	1	reg_əd	6	6
jacobian	test	b r æ ɡ	b r æ ɡ d	b r æ ɡ d	b r æ ɡ d	1	reg_d	6	6
jacobian	test	k æ l k j ə l e ɪ t	k æ l k j ə l e ɪ t ə d	k j ə l k j ə d	k æ l k j ə l e ɪ t ə d	1	other	6	9
jacobian	test	ɡ l ɪ t ɹ̩	ɡ l ɪ t ɹ̩ d	ɡ l ɪ t ɹ̩ d	ɡ l ɪ t ɹ̩ d	1	reg_d	7	7
jacobian	test	b r e ɪ s	b r e ɪ s t	b r e ɪ s t	b r e ɪ s t	1	reg_t	7	7
jacobian	test	m ɪ n t	m ɪ n t ə d	m ɪ n t ə d	m ɪ n t ə d	1	reg_əd	7	7
jacobian	test	h uː t	h uː t ə d	h uː t ə d	h uː t ə d	1	reg_əd	6	6
jacobian	test	b r ɔ ɪ l	b r ɔ ɪ l d	b r ɔ ɪ l d	b r ɔ ɪ l d	1	reg_d	7	7
jacobian	test	s ɛ v ɹ̩	s ɛ v ɹ̩ d	s ɛ v ɹ̩ d	s ɛ v ɹ̩ d	1	reg_d	6	6
jacobian	test	d ɪ s t r ɪ b j uː t	d ɪ s t r ɪ b j uː t ə d	d	d ɪ s t r ɪ b j uː t ə d	1	other	1	2
jacobian	test	t ʊ r	t ʊ r d	t ʊ r d	t ʊ r d	1	reg_d	5	5
jacobian	test	t͡ʃ æ t	t͡ʃ æ t ə d	t͡ʃ æ t	t͡ʃ æ t	1	no_change	4	4
jacobian	test	s ə b m ɪ t	s ə b m ɪ t ə d	s ə b m ɪ t ə d	s ə b m ɪ t ə d	1	reg_əd	9	9
jacobian	test	h ɑː l o ʊ	h ɑː l o ʊ d	h ɑː l o ʊ d	h ɑː l o ʊ d	1	reg_d	7	7
jacobian	test	s ʌ m ə n	s ʌ m ə n d	s ʌ m ə n d	s ʌ m ə n d	1	reg_d	7	7
jacobian	test	ɡ r ʌ n t	ɡ r ʌ n t ə d	ɡ r ʌ n t ə d	ɡ r ʌ n t ə d	1	reg_əd	8	8
jacobian	test	ə l ɑː t	ə l ɑː t ə d	ə l ɑː t ə d	ə l ɑː t	1	reg_əd	5	7
jacobian	test	s ɹ̩ f	s ɹ̩ f t	s ɹ̩ f t	s ɹ̩ f t	1	reg_t	5	5
jacobian	test	p l a ɪ	p l a ɪ d	p l a ɪ d	p l a ɪ d	1	reg_d	6	6
jacobian	test	n ɛ s t	n ɛ s t ə d	n ɛ s t ə d	n ɛ s t ə d	1	reg_əd	7	7
jacobian	test	d uː p l ə k e ɪ t	d uː p l ə k e ɪ t ə d	d ɪ p l ə k e ɪ t ə d	d uː p l ə k e ɪ t ə d	1	other	11	12
jacobian	test	r e ɪ d iː e ɪ t	r e ɪ d iː e ɪ t ə d	r e ɪ d iː e ɪ t ə d	r e ɪ d iː e ɪ t ə d	1	reg_əd	11	11
jacobian	test	b l e ɪ d	b l e ɪ d ə d	b l e ɪ d ə d	b l e ɪ d ə d	1	reg_əd	8	8
jacobian	test	s k w ɛ l t͡ʃ	s k w ɛ l t͡ʃ t	s k w ɛ l ɛ l	s k w ɛ l t͡ʃ t	1	other	6	8
jacobian	test	t r æ ʃ	t r æ ʃ t	t r æ ʃ t	t r æ ʃ t	1	reg_t	6	6
jacobian	test	s t r iː k	s t r iː k t	s t r iː k t	s t r iː k t	1	reg_t	7	7
jacobian	test	d ɪ p r ɛ s	d ɪ p r ɛ s t	d ɪ p r ɛ s t	d ɪ p r ɛ s t	1	reg_t	8	8
jacobian	test	k o ʊ ɔ r d ə n e ɪ t	k o ʊ ɔ r d ə n e ɪ t ə d	k o ʊ d ə n t ə d	k o ʊ ɔ r d	1	other	6	10
jacobian	test	m æ n j ə f æ k t͡ʃ ɹ̩	m æ n j ə f æ k t͡ʃ ɹ̩ d	m ə f æ k j ə d	m æ n j ə f æ k t t͡ʃ ɹ̩	1	other	5	9
jacobian	test	ɪ n d uː s	ɪ n d uː s t	ɪ n d uː s t	ɪ n d uː s t	1	reg_t	7	7
jacobian	test	ɛ n e ɪ b ə l	ɛ n e ɪ b ə l d	ɛ n e ɪ b ə l d	ɛ n e ɪ b ə l d	1	reg_d	9	9
jacobian	test	b l ɪ s t ɹ̩	b l ɪ s t ɹ̩ d	b l ɪ s t ɹ̩ d	b l ɪ s t ɹ̩ d	1	reg_d	8	8
jacobian	test	p r ɪ s iː d	p r ɪ s iː d ə d	p r ɪ s iː d ə d	p r ɪ s iː d ə d	1	reg_əd	9	9
jacobian	test	s w iː t ə n	s w iː t ə n d	s w iː t ə n d	s w iː t ə n d	1	reg_d	8	8
jacobian	test	p æ t͡ʃ	p æ t͡ʃ t	p æ t͡ʃ t	p æ t͡ʃ t	1	reg_t	5	5
jacobian	test	ə p r uː v	ə p r uː v d	ə p r uː v d	ə p r uː v d	1	reg_d	7	7
jacobian	test	d ɛ z ɪ ɡ n e ɪ t	d ɛ z ɪ ɡ n e ɪ t ə d	d ɛ n d ɡ n e ɪ t ə d	d ɛ z ɪ ɡ n e ɪ t ə d	1	other	10	12
jacobian	test	ɡ ʌ ʃ	ɡ ʌ ʃ t	ɡ ʌ ʃ t	ɡ ʌ ʃ t	1	reg_t	5	5
jacobian	test	ə k w a ɪ ɹ̩	ə k w a ɪ ɹ̩ d	ə k w a ɪ ɹ̩ d	ə k w a ɪ ɹ̩ d	1	reg_d	8	8
jacobian	test	k l ʌ t ɹ̩	k l ʌ t ɹ̩ d	k l ʌ t ɹ̩ d	k l ʌ t ɹ̩ d	1	reg_d	7	7
jacobian	test	l iː s	l iː s t	l iː s t	l iː s t	1	reg_t	5	5
jacobian	test	ɛ n v iː	ɛ n v iː d	ɛ n v iː d	ɛ n v iː d	1	reg_d	6	6
jacobian	test	p r a ɪ m	p r a ɪ m d	p r a ɪ m d	p r a ɪ m d	1	reg_d	7	7
jacobian	test	ɔ r b ə t	ɔ r b ə t ə d	ɔ r b ə t ə d	ɔ r b ə t ə d	1	reg_əd	8	8
jacobian	test	h j uː	h j uː	h j uː d	h j uː d	1	reg_d	5	5
jacobian	test	ɪ n s ə l e ɪ t	ɪ n s ə l e ɪ t ə d	ɪ n s ə l e ɪ t ə d	ɪ n s ə l e ɪ t ə d	1	reg_əd	11	11
jacobian	test	p æ k ɪ d͡ʒ	p æ k ɪ d͡ʒ d	p æ k ɪ d͡ʒ d	p æ k ɪ d͡ʒ d	1	reg_d	7	7
jacobian	test	ɪ n s ʌ l t	ɪ n s ʌ l t ə d	ɪ n s ʌ l t ə d	ɪ n s ʌ l t ə d	1	reg_əd	9	9
jacobian	test	s uː ð	s uː ð d	s uː ð d	s uː ð t	1	reg_d	4	5
jacobian	test	k w o ʊ t	k w o ʊ t ə d	k w o ʊ t ə d	k w o ʊ t ə d	1	reg_əd	8	8
jacobian	test	r iː k ə n s ɪ d ɹ̩	r iː k ə n s ɪ d ɹ̩ d	r iː s t ɪ d	r iː k ə n s ɪ d ɹ̩ d	1	other	4	7
jacobian	test	b r æ n d	b r æ n d ə d	b r æ n d ə d	b r æ n d ə d	1	reg_əd	8	8
jacobian	test	k l e ɪ m	k l e ɪ m d	k l e ɪ m d	k l e ɪ m d	1	reg_d	7	7
jacobian	test	s p l a ɪ s	s p l a ɪ s t	s p l a ɪ s t	s p l a ɪ s t	1	reg_t	8	8
jacobian	test	ɪ m p r ɪ n t	ɪ m p r ɪ n t ə d	ɪ m p r ɪ n t ə d	ɪ m p r ɪ n t ə d	1	reg_əd	10	10
jacobian	test	r iː p e ɪ	r iː p e ɪ d	r iː p e ɪ d	r iː p e ɪ d	1	reg_d	7	7
jacobian	test	k ə n s iː v	k ə n s iː v d	k ə n s iː v d	k ə n s iː v d	1	reg_d	8	8
jacobian	test	s iː p	s iː p t	s iː p t	s iː p t	1	reg_t	5	5
jacobian	test	h ʌ ʃ	h ʌ ʃ t	h ʌ ʃ t	h ʌ ʃ t	1	reg_t	5	5
jacobian	test	k o ʊ k s	k o ʊ k s t	k o ʊ k s t	k o ʊ k s t	1	reg_t	7	7
jacobian	test	ʃ iː r	ʃ iː r d	ʃ iː r d	ʃ iː r d	1	reg_d	5	5
jacobian	test	f l ʌ d	f l ʌ d ə d	f l ʌ d ə d	f l ʌ d ə d	1	reg_əd	7	7
jacobian	test	r iː d ɹ̩ ɛ k t	r iː d ɹ̩ ɛ k t ə d	r iː d ɹ̩ ɛ k t ə d	r iː d ɹ̩ ɛ k t ə d	1	reg_əd	10	10
jacobian	test	ɪ k s p a ɪ ɹ̩	ɪ k s p a ɪ ɹ̩ d	ɪ k s p a ɪ ɹ̩ d	ɪ k s p a ɪ ɹ̩ d	1	reg_d	9	9
jacobian	test	p ə z ɛ s	p ə z ɛ s t	p ə z ɛ s t	p ə z ɛ s t	1	reg_t	7	7
jacobian	test	p l ʌ m p	p l ʌ m p t	p l ʌ m p t	p l ʌ m p t	1	reg_t	7	7
jacobian	test	ɡ e ɪ z	ɡ e ɪ z d	ɡ e ɪ z d	ɡ e ɪ z d	1	reg_d	6	6
jacobian	test	t͡ʃ ɑː r m	t͡ʃ ɑː r m d	t͡ʃ ɑː r m d	t͡ʃ ɑː r m d	1	reg_d	6	6
jacobian	test	d ɪ s r ʌ p t	d ɪ s r ʌ p t ə d	d ɪ s r ʌ p t ə d	d ɪ s r ʌ p t ə d	1	reg_əd	10	10
jacobian	test	ə f ɛ n d	ə f ɛ n d ə d	ə f ɛ n d ə d	ə f ɛ n d ə d	1	reg_əd	8	8
jacobian	test	d͡ʒ æ z	d͡ʒ æ z d	d͡ʒ æ z d	d͡ʒ æ z d	1	reg_d	5	5
jacobian	test	ə s ɪ s t	ə s ɪ s t ə d	ə s ɪ s t ə d	ə s ɪ s t ə d	1	reg_əd	8	8
jacobian	test	h ɔ ɪ s t	h ɔ ɪ s t ə d	h ɔ ɪ s t ə d	h ɔ ɪ s t ə d	1	reg_əd	8	8
jacobian	test	s p ɑː r k ə l	s p ɑː r k ə l d	s p ɑː r k ə l d	s p ɑː r k ə l d	1	reg_d	9	9
jacobian	test	ɪ n f ɛ s t	ɪ n f ɛ s t ə d	ɪ n f ɛ s t ə d	ɪ n f ɛ s t ə d	1	reg_əd	9	9
jacobian	test	r æ ʃ ə n	r æ ʃ ə n d	r æ ʃ ə n d	r æ ʃ ə n d	1	reg_d	7	7
jacobian	test	s p e ɪ	s p e ɪ d	s p e ɪ d	s p e ɪ d	1	reg_d	6	6
jacobian	test	l ɛ t ɹ̩	l ɛ t ɹ̩ d	l ɛ t ɹ̩ d	l ɛ t ɹ̩ d	1	reg_d	6	6
jacobian	test	p r o ʊ h ɪ b ə t	p r o ʊ h ɪ b ə t ə d	p r e ɪ b ɪ d͡ʒ d	p r o ʊ h ɪ b ə d	1	other	4	9
jacobian	test	ə b r iː v iː e ɪ t	ə b r iː v iː e ɪ t ə d	ə b r iː v iː e ɪ t ə d	ə b r iː v iː e ɪ t ə d	1	reg_əd	12	12
jacobian	test	s ə f a ɪ s	s ə f a ɪ s t	s ə f a ɪ s t	s ə f a ɪ s t	1	reg_t	8	8
jacobian	test	d ɹ̩ a ɪ v	d ɹ̩ a ɪ v d	d ɹ̩ a ɪ v d	d ɹ̩ a ɪ v d	1	reg_d	7	7
jacobian	test	s t uː p	s t uː p t	s t uː p t	s t uː p t	1	reg_t	6	6
jacobian	test	b r a ɪ b	b r a ɪ b d	b r a ɪ b d	b r a ɪ b d	1	reg_d	7	7
jacobian	test	s k æ t ɹ̩	s k æ t ɹ̩ d	s k æ t ɹ̩ d	s k æ t ɹ̩ d	1	reg_d	7	7
jacobian	test	s k æ m	s k æ m d	s k æ m d	s k æ m d	1	reg_d	6	6
jacobian	test	s t ɑː k	s t ɑː k t	s t ɑː k t	s t ɑː k t	1	reg_t	6	6
jacobian	test	d a ʊ s	d a ʊ s t	d a ʊ s t	d a ʊ s t	1	reg_t	6	6
jacobian	test	ɪ ɡ z æ k t	ɪ ɡ z æ k t ə d	ɪ ɡ z æ k t ə d	ɪ ɡ z æ k t ə d	1	reg_əd	9	9
jacobian	test	r iː k ə n s t r ʌ k t	r iː k ə n s t r ʌ k t ə d	r iː t ə d	r iː k ə n s t r ʌ k t ə d	1	other	4	6
jacobian	test	l æ n d s k e ɪ p	l æ n d s k e ɪ p t	l æ n d	l æ n d s k e ɪ p	0	other	4	5
jacobian	test	b ɪ l e ɪ b ɹ̩	b ɪ l e ɪ b ɹ̩ d	b ɪ l e ɪ l ɹ̩ d	b ɪ l e ɪ b ɹ̩ d	1	other	8	9
jacobian	test	k ɑː m p l ə k e ɪ t	k ɑː m p l ə k e ɪ t ə d	k l ə k ɑː k l e ɪ t ə d	k ɑː m p l ə k e ɪ t ə d	1	other	7	13
jacobian	test	b ɛ l t͡ʃ	b ɛ l t͡ʃ t	b ɛ l t͡ʃ t	b ɛ l t͡ʃ t	1	reg_t	6	6
jacobian	test	s t ʌ m p	s t ʌ m p t	s t ʌ m p t	s t ʌ m p t	1	reg_t	7	7
jacobian	test	s ə b t r æ k t	s ə b t r æ k t ə d	s ə b t r æ k t ə d	s ə b t r æ k t ə d	1	reg_əd	11	11
jacobian	test	ɪ v æ p ɹ̩ e ɪ t	ɪ v æ p ɹ̩ e ɪ t ə d	ɪ v æ p ɹ̩ e ɪ t ə d	ɪ v æ p ɹ̩ e ɪ t ə d	1	reg_əd	11	11
jacobian	test	v ɛ n t ɪ l e ɪ t	v ɛ n t ɪ l e ɪ t ə d	v ɛ n t ɪ l e ɪ t ə d	v ɛ n t ɪ l e ɪ t ə d	1	reg_əd	12	12
jacobian	test	d ɪ p ɔ r t	d ɪ p ɔ r t ə d	d ɪ p ɔ r t ə d	d ɪ p ɔ r t ə d	1	reg_əd	9	9
jacobian	test	p ɹ̩ s ɑː n ə f a ɪ	p ɹ̩ s ɑː n ə f a ɪ d	p ɹ̩ n ə f ɑː ə f a ɪ s t ʊ d	p ɹ̩ s ɑː n ə f a ɪ d	1	other	7	15
jacobian	test	ə d æ p t	ə d æ p t ə d	ə d æ p t ə d	ə d æ p t ə d	1	reg_əd	8	8
jacobian	test	r ɪ v a ɪ v	r ɪ v a ɪ v d	r ɪ v a ɪ v d	r ɪ v a ɪ v d	1	reg_d	8	8
jacobian	test	b æ n d ɪ d͡ʒ	b æ n d ɪ d͡ʒ d	b æ n d ɪ d͡ʒ d	b æ n d ɪ d͡ʒ d	1	reg_d	8	8
jacobian	test	k uː p	k uː p t	k uː p t	k uː p t	1	reg_t	5	5
jacobian	test	d ɪ f ɹ̩	d ɪ f ɹ̩ d	d ɪ f ɹ̩ d	d ɪ f ɹ̩ d	1	reg_d	6	6
jacobian	test	b ʊ l iː	b ʊ l iː d	b ʊ l iː d	b ʊ l iː d	1	reg_d	6	6
jacobian	test	r e ɪ	r e ɪ d	r e ɪ d	r e ɪ d	1	reg_d	5	5
jacobian	test	l æ m ə n e ɪ t	l æ m ə n e ɪ t ə d	l æ m ə n e ɪ t ə d	l æ m ə n e ɪ t ə d	1	reg_əd	11	11
jacobian	test	k ə n t r ɪ b j uː t	k ə n t r ɪ b j uː t ə d	k r ɪ b ɪ b ə d	k ə n t r ɪ b d	1	other	3	9
jacobian	test	v ɛ n t͡ʃ ɹ̩	v ɛ n t͡ʃ ɹ̩ d	v ɛ n t͡ʃ ɹ̩ d	v ɛ n t͡ʃ ɹ̩ d	1	reg_d	7	7
jacobian	test	r e ɪ n d͡ʒ	r e ɪ n d͡ʒ d	r e ɪ n d͡ʒ d	r e ɪ n d͡ʒ d	1	reg_d	7	7
jacobian	test	r iː z ə n	r iː z ə n d	r iː z ə n d	r iː z ə n d	1	reg_d	7	7
jacobian	test	ɪ n s ɹ̩ t	ɪ n s ɹ̩ t ə d	ɪ n s ɹ̩ t ə d	ɪ n s ɹ̩ t ə d	1	reg_əd	8	8
jacobian	test	f ɑː s t ɹ̩	f ɑː s t ɹ̩ d	f ɑː s t ɹ̩ d	f ɑː s t ɹ̩ d	1	reg_d	7	7
jacobian	test	s p r e ɪ n	s p r e ɪ n d	s p r e ɪ n d	s p r e ɪ n d	1	reg_d	8	8
jacobian	test	m ʌ l	m ʌ l d	m ʌ l d	m ʌ l d	1	reg_d	5	5
jacobian	test	ə w ɔ r d	ə w ɔ r d ə d	ə w ɔ r d ə d	ə w ɔ r d ə d	1	reg_əd	8	8
jacobian	test	h e ɪ l	h e ɪ l d	h e ɪ l d	h e ɪ l d	1	reg_d	6	6
jacobian	test	d͡ʒ æ b	d͡ʒ æ b d	d͡ʒ æ b d	d͡ʒ æ b d	1	reg_d	5	5
jacobian	test	m ɪ n ə m a ɪ z	m ɪ n ə m a ɪ z d	m ɪ n ə m a ɪ z d	m ɪ n ə m a ɪ z d	1	reg_d	10	10
jacobian	test	ɑː p t	ɑː p t ə d	ɑː p t ə d	ɑː p t ə d	1	reg_əd	6	6
jacobian	test	k ɔ ɪ n	k ɔ ɪ n d	k ɔ ɪ n d	k ɔ ɪ n d	1	reg_d	6	6
jacobian	test	ə t͡ʃ iː v	ə t͡ʃ iː v d	ə t͡ʃ iː v d	ə t͡ʃ o ʊ v	1	reg_d	5	6
jacobian	test	h ɑː b ə l	h ɑː b ə l d	h ɑː b ə l d	h ɑː b ə l d	1	reg_d	7	7
jacobian	test	ɛ s t ə m e ɪ t	ɛ s t ə m e ɪ t ə d	ɛ s t ə m e ɪ t ə d	ɛ s t ə m e ɪ t ə d	1	reg_əd	11	11
jacobian	test	s k r æ p	s k r æ p t	s k r æ p t	s k r æ p t	1	reg_t	7	7
jacobian	test	s k ʌ l p t	s k ʌ l p t ə d	s k ʌ l p t ə d	s k ʌ l p t ə d	1	reg_əd	9	9
jacobian	test	n ʌ d͡ʒ	n ʌ d͡ʒ d	n ʌ d͡ʒ d	n ʌ d͡ʒ d	1	reg_d	5	5
jacobian	test	ə p iː l	ə p iː l d	ə p iː l d	ə p iː l d	1	reg_d	6	6
jacobian	test	ɛ s k ɔ r t	ɛ s k ɔ r t ə d	ɛ s k ɔ r t ə d	ɛ s k ɔ r t ə d	1	reg_əd	9	9
jacobian	test	θ ɪ k ə n	θ ɪ k ə n d	θ ɪ k ə n d	θ ɪ k ə n d	1	reg_d	7	7
jacobian	test	b l o ʊ t	b l o ʊ t ə d	b l o ʊ t ə d	b l o ʊ t ə d	1	reg_əd	8	8
jacobian	test	p r ə ɡ r ɛ s	p r ə ɡ r ɛ s t	p r ə ɡ r ɛ s t	p r ə ɡ r ɛ s t	1	reg_t	9	9
jacobian	test	b e ɪ	b e ɪ d	b e ɪ d	b e ɪ d	1	reg_d	5	5
jacobian	test	ɛ k s t r ə k e ɪ t	ɛ k s t r ə k e ɪ t ə d	ɛ k s t r ə k t ə d	ɛ k s t r ə k e ɪ t ə d	1	other	8	11
jacobian	test	h ɛ m	h ɛ m d	h ɛ m d	h ɛ m d	1	reg_d	5	5
jacobian	test	d ɪ k l a ɪ n	d ɪ k l a ɪ n d	d ɪ k l a ɪ n d	d ɪ k l a ɪ n d	1	reg_d	9	9
jacobian	test	s t ɪ t͡ʃ	s t ɪ t͡ʃ t	s t ɪ t͡ʃ t	s t ɪ t͡ʃ t	1	reg_t	6	6
hidden	ftune	ɡ ɛ t	ɡ ɑː t	ɡ ɛ t	ɡ ɛ t	1	no_change	4	4
hidden	ftune	p ʊ t	p ʊ t	p ʊ t	p ʊ t ə d	1	no_change	3	4
hidden	ftune	ɡ o ʊ	w ɛ n t	ɡ o ʊ d	ɡ o ʊ d	1	reg_d	5	5
hidden	ftune	iː t	e ɪ t	iː t ə d	iː t ə d	1	reg_əd	5	5
hidden	ftune	w ɔ n t	w ɔ n t ə d	w ɔ n t ə d	w ɔ n t ə d	1	reg_əd	7	7
hidden	ftune	n ɑː k	n ɑː k t	n ɑː k t	n ɑː k t	1	reg_t	5	5
hidden	ftune	l ɪ s ə n	l ɪ s ə n d	l ɪ s ə n d	l ɪ s ə n d	1	reg_d	7	7
hidden	ftune	p ʌ f	p ʌ f t	p ʌ f t	p ʌ f t	1	reg_t	5	5
hidden	ftune	h o ʊ p	h o ʊ p t	h o ʊ p t	h o ʊ p t	1	reg_t	6	6
hidden	ftune	n iː d	n iː d ə d	n ɛ d ə d	n ɛ d ə d	1	other	4	6
hidden	ftune	k æ t͡ʃ	k ɔ t	k æ t͡ʃ t	k æ t͡ʃ t	1	reg_t	5	5
hidden	ftune	z ɪ p ɹ̩	z ɪ p ɹ̩ d	z ɪ p ɹ̩ d	z ɪ p ɹ̩ d	1	reg_d	6	6
hidden	ftune	h ɑː p	h ɑː p t	h ɑː p t	h ɑː p t	1	reg_t	5	5
hidden	ftune	k æ r iː	k æ r iː d	k æ r iː d	k æ r iː d	1	reg_d	6	6
hidden	ftune	r ɪ t ɹ̩ n	r ɪ t ɹ̩ n d	r ɪ t ɹ̩ n d	r ɪ t ɹ̩ n d	1	reg_d	7	7
hidden	ftune	f iː d	f ɛ d	f iː d ə d	f iː d ə d	1	reg_əd	6	6
hidden	ftune	ɡ ɑː b ə l	ɡ ɑː b ə l d	ɡ ɑː b ə l d	ɡ ɑː b ə l d	1	reg_d	7	7
hidden	ftune	o ʊ p ə n	o ʊ p ə n d	o ʊ p ə n d	o ʊ p ə n d	1	reg_d	7	7
hidden	ftune	h o ʊ l d	h ɛ l d	h o ʊ l d ə d	h o ʊ l d ə d	1	reg_əd	8	8
hidden	ftune	d ɪ l ɪ v ɹ̩	d ɪ l ɪ v ɹ̩ d	d ɪ l ɪ v ɹ̩ d	d ɪ l ɪ v ɹ̩ d	1	reg_d	8	8
hidden	ftune	r ʌ b	r ʌ b d	r ʌ b d	r ʌ b d	1	reg_d	5	5
hidden	ftune	w ɑː t͡ʃ	w ɑː t͡ʃ t	w ɑː t͡ʃ t	w ɑː t͡ʃ t	1	reg_t	5	5
hidden	ftune	p l iː z	p l iː z d	p l iː z d	p l iː z d	1	reg_d	6	6
hidden	ftune	w ɔ k	w ɔ k t	w ɔ k t	w ɔ k t	1	reg_t	5	5
hidden	ftune	p æ k	p æ k t	p æ k t	p æ k t	1	reg_t	5	5
hidden	ftune	s a ʊ n d	s a ʊ n d ə d	s a ʊ n d ə d	s a ʊ n d ə d	1	reg_əd	8	8
hidden	ftune	ɡ r æ b	ɡ r æ b d	ɡ r æ b d	ɡ r æ b d	1	reg_d	6	6
hidden	ftune	m æ n	m æ n d	m æ n d	m æ n d	1	reg_d	5	5
hidden	ftune	f iː l	f ɛ l t	f ɛ l	f iː l d	1	vowel_change	3	4
hidden	ftune	n e ɪ m	n e ɪ m d	n e ɪ m d	n e ɪ m d	1	reg_d	6	6
hidden	ftune	f l o ʊ	f l o ʊ d	f l o ʊ d	f l o ʊ d	1	reg_d	6	6
hidden	ftune	w ɛ ð ɹ̩	w ɛ ð ɹ̩ d	w ɛ ð ɹ̩ d	w ɛ ð ɹ̩ d	1	reg_d	6	6
hidden	ftune	l a ɪ	l e ɪ	l a ɪ d	l a ɪ d	1	reg_d	5	5
hidden	ftune	k r æ ʃ	k r æ ʃ t	k r æ ʃ t	k r æ ʃ t	1	reg_t	6	6
hidden	ftune	p e ɪ d͡ʒ	p e ɪ d͡ʒ d	p e ɪ d͡ʒ d	p e ɪ d͡ʒ d	1	reg_d	6	6
hidden	ftune	t͡ʃ o ʊ k	t͡ʃ o ʊ k t	t͡ʃ o ʊ k t	t͡ʃ o ʊ k t	1	reg_t	6	6
hidden	ftune	b l ɛ s	b l ɛ s t	b l ɛ s t	b l ɛ s t	1	reg_t	6	6
hidden	ftune	d ɪ ŋ	d ɪ ŋ d	d ʌ ŋ	d ʌ ŋ	1	vowel_change	4	4
hidden	ftune	s ɛ l	s o ʊ l d	s ɛ l d	s ɛ l d	1	reg_d	5	5
hidden	ftune	b ɪ ɡ ɪ n	b ɪ ɡ æ n	b ɪ ɡ e ɪ n	b ɪ ɡ ɪ n d	1	vowel_change	6	7
hidden	ftune	d͡ʒ ɔ ɪ n	d͡ʒ ɔ ɪ n d	d͡ʒ ɔ ɪ n d	d͡ʒ ɔ ɪ n d	1	reg_d	6	6
hidden	ftune	l ɑː k	l ɑː k t	l ɑː k t	l ɑː k t	1	reg_t	5	5
hidden	ftune	b ɪ l iː v	b ɪ l iː v d	b ɪ l iː v d	b ɪ l iː v d	1	reg_d	7	7
hidden	ftune	ə n d ɹ̩ s t æ n d	ə n d ɹ̩ s t ʊ d	ə n d ə s t æ n d ə d	ə n d ə d ɹ̩ s t æ d	1	other	8	12
hidden	ftune	t r e ɪ n	t r e ɪ n d	t r e ɪ n d	t r e ɪ n d	1	reg_d	7	7
hidden	ftune	k r ɔ l	k r ɔ l d	k r ɔ l d	k r ɔ l d	1	reg_d	6	6
hidden	ftune	p æ t	p æ t ə d	p æ t ə d	p æ t ə d	1	reg_əd	6	6
hidden	ftune	ɔ r d ɹ̩	ɔ r d ɹ̩ d	ɔ r d ɹ̩ d	ɔ r d ɹ̩ d	1	reg_d	6	6
hidden	ftune	f l a ɪ	f l uː	f l a ɪ d	f l a ɪ d	1	reg_d	6	6
hidden	ftune	l o ʊ d	l o ʊ d ə d	l o ʊ d ə d	l o ʊ d ə	0	reg_əd	6	7
hidden	ftune	k ə m p l e ɪ n	k ə m p l e ɪ n d	k ə m p l e ɪ n d	k ə m p l e ɪ n d	1	reg_d	10	10
hidden	ftune	b l ɛ n d	b l ɛ n d ə d	b l ɛ n d ə d	b l ɛ n d ə d	1	reg_əd	8	8
hidden	ftune	b l ɑː k	b l ɑː k t	b l ɑː k t	b l ɑː k t	1	reg_t	6	6
hidden	ftune	t ɪ p	t ɪ p t	t ɪ p t	t ɪ p t	1	reg_t	5	5
hidden	ftune	d͡ʒ ɛ t	d͡ʒ ɛ t ə d	d͡ʒ ɛ t	d͡ʒ ɛ t	1	no_change	4	4
hidden	ftune	b r iː ð	b r iː ð d	b r iː ð d	b r iː ð d	1	reg_d	6	6
hidden	ftune	d a ɪ ə l	d a ɪ ə l d	d a ɪ ə l d	d a ɪ ə l d	1	reg_d	7	7
hidden	ftune	m ɛ n ʃ ə n	m ɛ n ʃ ə n d	m ɛ n ʃ ə n d	m ɛ n ʃ ə n d	1	reg_d	8	8
hidden	ftune	h ʌ ɡ	h ʌ ɡ d	h ʌ ɡ d	h ʌ ɡ d	1	reg_d	5	5
hidden	ftune	p a ʊ ɹ̩	p a ʊ ɹ̩ d	p a ʊ ɹ̩ d	p a ʊ ɹ̩ d	1	reg_d	6	6
hidden	ftune	s ɑː k	s ɑː k t	s ɑː k t	s ɑː k t	1	reg_t	5	5
hidden	ftune	w uː p	w uː p t	w uː p t	w uː p t	1	reg_t	5	5
hidden	ftune	r iː m a ɪ n d	r iː m a ɪ n d ə d	r iː m a ɪ n d ə d	r iː m a ɪ n d ə d	1	reg_əd	10	10
hidden	ftune	h æ n d ə l	h æ n d ə l d	h æ n d ə l d	h æ n d d ə l d	1	reg_d	7	8
hidden	ftune	s n iː z	s n iː z d	s n iː z d	s n iː z d	1	reg_d	6	6
hidden	ftune	v ɪ z ɪ t	v ɪ z ɪ t ə d	v ɪ z ɪ t ə d	v ɪ z ɪ t ə d	1	reg_əd	8	8
hidden	ftune	s l a ɪ d	s l ɪ d	s l a ɪ d ə d	s l a ɪ d ə d	1	reg_əd	8	8
hidden	ftune	p l æ n	p l æ n d	p l æ n d	p l æ n d	1	reg_d	6	6
hidden	ftune	ɛ l b o ʊ	ɛ l b o ʊ d	ɛ l b o ʊ d	ɛ l b o ʊ d	1	reg_d	7	7
hidden	ftune	b ɑː k s	b ɑː k s t	b ɑː k s t	b ɑː k s t	1	reg_t	6	6
hidden	ftune	ɪ n k l uː d	ɪ n k l uː d ə d	ɪ n k l uː d ə d	ɪ n k l uː d ə d	1	reg_əd	8	9
hidden	ftune	b ɹ̩ n	b ɹ̩ n d	b ɹ̩ n d	b ɹ̩ n d	1	reg_d	5	5
hidden	ftune	ʃ e ɪ p	ʃ e ɪ p t	ʃ e ɪ p t	ʃ e ɪ p t	1	reg_t	6	6
hidden	ftune	b o ʊ n	b o ʊ n d	b o ʊ n d	b o ʊ n d	1	reg_d	6	6
hidden	ftune	f ɪ l	f ɪ l d	f ɪ l d	f ɪ l d	1	reg_d	5	5
hidden	ftune	m æ s k	m æ s k t	m æ s k t	m æ s k t	1	reg_t	6	6
hidden	ftune	s ɛ l ə b r e ɪ t	s ɛ l ə b r e ɪ t ə d	s ɛ l ə b r e ɪ t ə d	s ɛ l ə b r e ɪ t ə d	1	reg_əd	12	12
hidden	ftune	k r ʌ m b ə l	k r ʌ m b ə l d	k r ʌ m b ə l d	k r ʌ m b ə l d	1	reg_d	9	9
hidden	ftune	r ɑː k	r ɑː k t	r ɑː k t	r ɑː k t	1	reg_t	5	5
hidden	ftune	ɡ ɛ r ə n t iː	ɡ ɛ r ə n t iː d	ɡ ɛ r ə n t ə n t	ɡ ɛ r ə n t iː d	1	rhyme_replaced	7	10
hidden	ftune	k ə n ɛ k t	k ə n ɛ k t ə d	k ə n ɛ k t ə d	k ə n ɛ k t ə d	1	reg_əd	9	9
hidden	ftune	t ɔ s	t ɔ s t	t ɔ s t	t ɔ s t	1	reg_t	5	5
hidden	ftune	iː v ɪ n	iː v ɪ n d	iː v ɪ n d	iː v ɪ n d	1	reg_d	6	6
hidden	ftune	b a ʊ n s	b a ʊ n s t	b a ʊ n s t	b a ʊ n s t	1	reg_t	7	7
hidden	ftune	ɹ̩ n	ɹ̩ n d	ɹ̩ n d	ɹ̩ n d	1	reg_d	4	4
hidden	ftune	k l a ʊ d	k l a ʊ d ə d	k l a ʊ d ə d	k l a ʊ d ə d	1	reg_əd	8	8
hidden	ftune	k ʌ p ə l	k ʌ p ə l d	k ʌ p ə l d	k ʌ p ə l d	1	reg_d	7	7
hidden	ftune	f l ʌ ʃ	f l ʌ ʃ t	f l ʌ ʃ t	f l ʌ ʃ t	1	reg_t	6	6
hidden	ftune	h ɑː r n ə s	h ɑː r n ə s t	h ɑː r n ə s t	h ɑː r n ə s t	1	reg_t	8	8
hidden	ftune	b r a ʊ n	b r a ʊ n d	b r a ʊ n d	b r a ʊ n d	1	reg_d	7	7
hidden	ftune	s t ɪ ŋ k	s t ʌ ŋ k	s t ʌ ŋ k t	s t ʌ ŋ k t	1	vowel_change_suffix	7	7
hidden	ftune	r iː f r ɛ ʃ	r iː f r ɛ ʃ t	r iː f r ɛ ʃ t	r iː f r ɛ ʃ t	1	reg_t	8	8
hidden	ftune	p r ə f ɹ̩	p r ə f ɹ̩ d	p r ə f ɹ̩ d	p r ə f ɹ̩ d	1	reg_d	7	7
hidden	ftune	s t iː l	s t o ʊ l	s t iː l d	s t iː l d	1	reg_d	6	6
hidden	ftune	b æ n d	b æ n d ə d	b æ n d ə d	b æ n d ə d	1	reg_əd	7	7
hidden	ftune	r ɪ d	r ɪ d	r æ d	r æ d ə d	1	vowel_change	2	4
hidden	ftune	k o ʊ ɑː p ɹ̩ e ɪ t	k o ʊ ɑː p ɹ̩ e ɪ t ə d	k o ʊ ɑː p ɹ̩ e ɪ t ə d	k o ʊ p ɹ̩ e ɪ d	1	reg_əd	11	12
hidden	ftune	b ɑː ð ɹ̩	b ɑː ð ɹ̩ d	b ɑː ð ɹ̩ d	b ɑː ð ɹ̩ d	1	reg_d	6	6
hidden	ftune	r ɛ s t	r ɛ s t ə d	r ɛ s t ə d	r ɛ s t	1	reg_əd	5	7
hidden	ftune	ɑː k j ə p a ɪ	ɑː k j ə p a ɪ d	ɑː k j ə p a ɪ d	ɑː k j ə p a ɪ d	1	reg_d	9	9
hidden	ftune	s k r ɪ b ə l	s k r ɪ b ə l d	s k r ɪ b ə l d	s k r ɪ b ə l d	1	reg_d	9	9
hidden	ftune	b l æ s t	b l æ s t ə d	b l æ s t ə d	b l æ s t ə d	1	reg_əd	8	8
hidden	ftune	h æ m ɹ̩	h æ m ɹ̩ d	h æ m ɹ̩ d	h æ m ɹ̩ d	1	reg_d	6	6
hidden	ftune	d r ɪ l	d r ɪ l d	d r ɪ l d	d r ɪ l d	1	reg_d	6	6
hidden	ftune	p r æ k t ɪ s	p r æ k t ɪ s t	p r æ k t ɪ s t	p r æ k t ɪ s t	1	reg_t	9	9
hidden	ftune	t a ɪ p	t a ɪ p t	t a ɪ p t	t a ɪ p t	1	reg_t	6	6
hidden	ftune	æ d	æ d ə d	æ d	æ d	1	no_change	3	3
hidden	ftune	b o ʊ l	b o ʊ l d	b o ʊ l d	b o ʊ l d	1	reg_d	6	6
hidden	ftune	t o ʊ t	t o ʊ t ə d	t o ʊ t ə d	t o ʊ t ə d	1	reg_əd	7	7
hidden	ftune	s w ɪ ʃ	s w ɪ ʃ t	s w ɪ ʃ t	s w ɪ ʃ t	1	reg_t	6	6
hidden	ftune	b l e ɪ m	b l e ɪ m d	b l e ɪ m d	b l e ɪ m d	1	reg_d	7	7
hidden	ftune	ɪ k s a ɪ t	ɪ k s a ɪ t ə d	ɪ k s a ɪ t ə d	ɪ k s a ɪ t ə d	1	reg_əd	9	9
hidden	ftune	t͡ʃ a ɪ m	t͡ʃ a ɪ m d	t͡ʃ a ɪ m d	t͡ʃ a ɪ m d	1	reg_d	6	6
hidden	ftune	t͡ʃ iː r	t͡ʃ iː r d	t͡ʃ iː r d	t͡ʃ iː r d	1	reg_d	5	5
hidden	ftune	f r e ɪ m	f r e ɪ m d	f r e ɪ m d	f r e ɪ m d	1	reg_d	7	7
hidden	ftune	d æ m	d æ m d	d æ m d	d æ m d	1	reg_d	5	5
hidden	ftune	t͡ʃ iː t	t͡ʃ iː t ə d	t͡ʃ iː t ə d	t͡ʃ iː t	1	reg_əd	5	6
hidden	ftune	l iː n	l iː n d	l ɛ n t	l iː n d	1	vowel_change_suffix	3	5
hidden	ftune	s k r iː m	s k r iː m d	s k r iː m d	s k r iː m d	1	reg_d	7	7
hidden	ftune	ɪ ɡ n ɔ r	ɪ ɡ n ɔ r d	ɪ ɡ n ɔ r d	ɪ ɡ n ɔ r d	1	reg_d	7	7
hidden	ftune	s k uː p	s k uː p t	s k uː p t	s k uː p t	1	reg_t	6	6
hidden	ftune	θ ʌ m p	θ ʌ m p t	θ ʌ m p t	θ ʌ m p t	1	reg_t	6	6
hidden	ftune	s t iː r	s t iː r d	s t iː r d	s t iː r d	1	reg_d	6	6
hidden	ftune	s p ɪ n	s p ʌ n	s p ɪ n d	s p ɪ n d	1	reg_d	6	6
hidden	ftune	h ʌ f	h ʌ f t	h ʌ f t	h ʌ f t	1	reg_t	5	5
hidden	ftune	t ɛ n d	t ɛ n d ə d	t ɛ n d ə d	t ɛ n d ə d	1	reg_əd	7	7
hidden	ftune	s p e ɪ s	s p e ɪ s t	s p e ɪ s t	s p e ɪ s t	1	reg_t	7	7
hidden	ftune	s t r e ɪ t ə n	s t r e ɪ t ə n d	s t r e ɪ t ə n d	s t r e ɪ t ə n d	1	reg_d	10	10
hidden	ftune	p iː t ɹ̩	p iː t ɹ̩ d	p iː t ɹ̩ d	p iː t ɹ̩ d	1	reg_d	6	6
hidden	ftune	m a ɪ n	m a ɪ n d	m a ɪ n d	m a ɪ n d	1	reg_d	6	6
hidden	ftune	h iː l	h iː l d	h ɛ l t	h iː l d	1	vowel_change_suffix	3	5
hidden	ftune	ə t r æ k t	ə t r æ k t ə d	ə t r æ k t ə d	ə t r æ k t ə d	1	reg_əd	9	9
hidden	ftune	s k w ɛ r	s k w ɛ r d	s k w ɛ r d	s k w ɛ r d	1	reg_d	7	7
hidden	ftune	f l ʌ f	f l ʌ f t	f l ʌ f t	f l ʌ f t	1	reg_t	6	6
hidden	ftune	t o ʊ n	t o ʊ n d	t o ʊ n d	t o ʊ n d	1	reg_d	6	6
hidden	ftune	d͡ʒ ɪ m iː	d͡ʒ ɪ m iː d	d͡ʒ ɪ m iː d	d͡ʒ ɪ m iː d	1	reg_d	6	6
hidden	ftune	s m a ɪ l	s m a ɪ l d	s m a ɪ l d	s m a ɪ l d	1	reg_d	7	7
hidden	ftune	ə n w a ɪ n d	ə n w a ʊ n d	ə n w a ɪ n d ə d	ə n w a ɪ n d ə d	1	reg_əd	10	10
hidden	ftune	d ɪ k l ɛ r	d ɪ k l ɛ r d	d ɪ k l ɛ r d	d ɪ k l ɛ r d	1	reg_d	8	8
hidden	ftune	k ə n d ʌ k t	k ə n d ʌ k t ə d	k ə n d ʌ k t ə d	k ə n d ʌ k t ə d	1	reg_əd	10	10
hidden	ftune	s t r e ɪ n	s t r e ɪ n d	s t r e ɪ n d	s t r e ɪ n d	1	reg_d	8	8
hidden	ftune	k ə l æ p s	k ə l æ p s t	k ə l æ p s t	k ə l æ p s t	1	reg_t	8	8
hidden	ftune	p ɑː r t ɪ s ə p e ɪ t	p ɑː r t ɪ s ə p e ɪ t ə d	p ɑː r t ɪ p ɑː r e ɪ t ə d	p ɑː r t ɪ s ə p e ɪ t ə d	1	other	11	14
hidden	ftune	t r æ n z l e ɪ t	t r æ n z l e ɪ t ə d	t r æ n z l e ɪ t ə d	t r æ n z l e ɪ t ə d	1	reg_əd	12	12
hidden	ftune	d ɪ s k ʌ s	d ɪ s k ʌ s t	d ɪ s k ʌ s t	d ɪ s k ʌ s t	1	reg_t	8	8
hidden	ftune	f ɹ̩ ɡ ɪ v	f ɹ̩ ɡ e ɪ v	f ɹ̩ ɡ e ɪ v	f ɹ̩ ɡ ɪ v d	1	vowel_change	6	7
hidden	ftune	ə r a ɪ z	ə r o ʊ z	ə r a ɪ z d	ə r a ɪ z d	1	reg_d	7	7
hidden	ftune	f r a ɪ t ə n	f r a ɪ t ə n d	f r a ɪ t ə n d	f r a ɪ t ə n d	1	reg_d	9	9
hidden	ftune	ɔ ɪ l	ɔ ɪ l d	ɔ ɪ l d	ɔ ɪ l d	1	reg_d	5	5
hidden	ftune	ə n l o ʊ d	ə n l o ʊ d ə d	ə n l o ʊ d ə d	ə n l o ʊ d ə d	1	reg_əd	8	9
hidden	ftune	ɡ r ʌ m b ə l	ɡ r ʌ m b ə l d	ɡ r ʌ m b ə l d	ɡ r ʌ m b ə l d	1	reg_d	9	9
hidden	ftune	r ɛ k	r ɛ k t	r ɛ k t	r ɛ k t	1	reg_t	5	5
hidden	ftune	s p ɑː t	s p ɑː t ə d	s p ɑː t	s p ɑː t	1	no_change	5	5
hidden	ftune	b ʌ t ɹ̩	b ʌ t ɹ̩ d	b ʌ t ɹ̩ d	b ʌ t ɹ̩ d	1	reg_d	6	6
hidden	ftune	s t iː p	s t iː p t	s t iː p t	s t iː p t	1	reg_t	6	6
hidden	ftune	h ʌ s ə l	h ʌ s ə l d	h ʌ s ə l d	h ʌ s ə l d	1	reg_d	7	7
hidden	ftune	k ə n t ɪ n j uː	k ə n t ɪ n j uː d	k ə n t ɪ n t ɪ d	k ə n t ɪ n j uː d	1	other	7	10
hidden	ftune	r ɛ n t	r ɛ n t ə d	r ɛ n t ə d	r ɛ n t ə	0	reg_əd	6	7
hidden	ftune	k r ʌ n t͡ʃ	k r ʌ n t͡ʃ t	k r ʌ n t͡ʃ t	k r ʌ n t͡ʃ t	1	reg_t	7	7
hidden	ftune	r ɛ s k j uː	r ɛ s k j uː d	r ɛ s k j uː d	r ɛ s k j uː d	1	reg_d	8	8
hidden	ftune	t ɑː p	t ɑː p t	t ɑː p t	t ɑː p t	1	reg_t	5	5
hidden	ftune	b l iː d	b l ɛ d	b l iː d ə d	b l iː d ə	0	reg_əd	6	7
hidden	ftune	p r ɪ k	p r ɪ k t	p r ɪ k t	p r ɪ k t	1	reg_t	6	6
hidden	ftune	o ʊ ɡ ə l	o ʊ ɡ ə l d	o ʊ ɡ ə l d	o ʊ ɡ ə l d	1	reg_d	7	7
hidden	ftune	s ɔ ɪ l	s ɔ ɪ l d	s ɔ ɪ l d	s ɔ ɪ l d	1	reg_d	6	6
hidden	ftune	ɡ ɑː l f	ɡ ɑː l f t	ɡ ɑː l f t	ɡ ɑː l f t	1	reg_t	6	6
hidden	ftune	b ʌ s t	b ʌ s t ə d	b ʌ s t ə d	b ʌ s t ə d	1	reg_əd	7	7
hidden	ftune	r iː s a ɪ k ə l	r iː s a ɪ k ə l d	r iː s a ɪ k ə l d	r iː s a ɪ k ə l d	1	reg_d	10	10
hidden	ftune	s t uː	s t uː d	s t uː d	s t uː d	1	reg_d	5	5
hidden	ftune	b æ t	b æ t ə d	b æ t	b æ t	1	no_change	4	4
hidden	ftune	s ʌ f ɹ̩	s ʌ f ɹ̩ d	s ʌ f ɹ̩ d	s ʌ f ɹ̩ d	1	reg_d	6	6
hidden	ftune	v ɪ ʒ w ə l a ɪ z	v ɪ ʒ w ə l a ɪ z d	v ɪ ʒ ə l ə d	v ɪ ʒ w ə l a ɪ z d	1	other	5	8
hidden	ftune	k æ p	k æ p t	k æ p t	k æ p t	1	reg_t	5	5
hidden	ftune	t ʌ m b ə l	t ʌ m b ə l d	t ʌ m b ə l d	t ʌ m b ə l d	1	reg_d	8	8
hidden	ftune	d ɪ s k r a ɪ b	d ɪ s k r a ɪ b d	d ɪ s k r a ɪ b d	d ɪ s k r a ɪ b d	1	reg_d	10	10
hidden	ftune	h ɛ z ə t e ɪ t	h ɛ z ə t e ɪ t ə d	h ɛ z ə t e ɪ t ə d	h ɛ z ə t e ɪ t ə d	1	reg_əd	11	11
hidden	ftune	m ɑː r	m ɑː r d	m ɑː r d	m ɑː r d	1	reg_d	5	5
hidden	ftune	p r ə n a ʊ n s	p r ə n a ʊ n s t	p r ə n a ʊ n a ʊ s t	p r ə n a ʊ n s t	1	other	9	12
hidden	ftune	f ɪ k s e ɪ t	f ɪ k s e ɪ t ə d	f ɪ k s e ɪ t ə d	f ɪ k s e ɪ t ə d	1	reg_əd	10	10
hidden	ftune	b ɑː s	b ɑː s t	b ɑː s t	b ɑː s t	1	reg_t	5	5
hidden	ftune	d ɪ s t ɹ̩ b	d ɪ s t ɹ̩ b d	d ɪ s t ɹ̩ b d	d ɪ s t ɹ̩ b d	1	reg_d	8	8
hidden	ftune	s n æ k	s n æ k t	s n æ k t	s n æ k t	1	reg_t	6	6
hidden	ftune	d ʌ s t	d ʌ s t ə d	d ʌ s t ə d	d ʌ s t ə	0	reg_əd	6	7
hidden	ftune	m o ʊ n	m o ʊ n d	m o ʊ n d	m o ʊ n d	1	reg_d	6	6
hidden	ftune	p iː l	p iː l d	p iː l d	p iː l d	1	reg_d	5	5
hidden	ftune	f l ɑː p	f l ɑː p t	f l ɑː p t	f l ɑː p t	1	reg_t	6	6
hidden	ftune	f l æ ʃ	f l æ ʃ t	f l æ ʃ t	f l æ ʃ t	1	reg_t	6	6
hidden	ftune	p e ɪ s t	p e ɪ s t ə d	p e ɪ s t ə d	p e ɪ s t ə d	1	reg_əd	8	8
hidden	ftune	ɡ ɑː r b ə l	ɡ ɑː r b ə l d	ɡ ɑː r b ə l d	ɡ ɑː r b ə l d	1	reg_d	8	8
hidden	ftune	ɪ n t ɛ n d	ɪ n t ɛ n d ə d	ɪ n t ɛ n t ə d	ɪ n t ɛ n d ə	0	other	7	9
hidden	ftune	r o ʊ t e ɪ t	r o ʊ t e ɪ t ə d	r o ʊ t e ɪ t ə d	r o ʊ t e ɪ t ə d	1	reg_əd	10	10
hidden	ftune	s ɑː l v	s ɑː l v d	s ɑː l v d	s ɑː l v d	1	reg_d	6	6
hidden	ftune	r ɪ s p ɑː n d	r ɪ s p ɑː n d ə d	r ɪ s p ɑː n d ə d	r ɪ s p ɑː n d ə d	1	reg_əd	10	10
hidden	ftune	p r a ɪ s	p r a ɪ s t	p r a ɪ s t	p r a ɪ s t	1	reg_t	7	7
hidden	ftune	h ɑː r p	h ɑː r p t	h ɑː r p t	h ɑː r p t	1	reg_t	6	6
hidden	ftune	ɪ ɡ z ɔ s t	ɪ ɡ z ɔ s t ə d	ɪ ɡ z ɔ s t ə d	ɪ ɡ z ɔ s t ə d	1	reg_əd	9	9
hidden	ftune	t ɛ r ə f a ɪ	t ɛ r ə f a ɪ d	t ɛ r ə f a ɪ d	t ɛ r ə f a ɪ d	1	reg_d	9	9
hidden	ftune	s a ʊ	s a ʊ d	s a ʊ d	s a ʊ d	1	reg_d	5	5
hidden	ftune	e ɪ d	e ɪ d ə d	e ɪ d ə d	e ɪ d ə	0	reg_əd	5	6
hidden	ftune	ə n p æ k	ə n p æ k t	ə n p æ k t	ə n p æ k t	1	reg_t	7	7
hidden	ftune	p r ɪ v ɛ n t	p r ɪ v ɛ n t ə d	p r ɪ v ɛ n t ə d	p r ɪ v ɛ n t ə d	1	reg_əd	10	10
hidden	ftune	k ə n s ɪ d ɹ̩	k ə n s ɪ d ɹ̩ d	k ə n s ɪ d ɹ̩ d	k ə n s ɪ d d ɹ̩	1	reg_d	8	9
hidden	ftune	w ɑː d	w ɑː d ə d	w ɑː d ə d	w ɑː d ə d	1	reg_əd	6	6
hidden	ftune	t r ʌ s t	t r ʌ s t ə d	t r ʌ s t ə d	t r ʌ s t ə d	1	reg_əd	8	8
hidden	ftune	m ɑː d ə l	m ɑː d ə l d	m ɑː d ə l d	m ɑː d ə l d	1	reg_d	7	7
hidden	ftune	s t e ɪ p ə l	s t e ɪ p ə l d	s t e ɪ p ə l d	s t e ɪ p ə l d	1	reg_d	9	9
hidden	ftune	p r ə v a ɪ d	p r ə v a ɪ d ə d	p r ə v a ɪ d ə d	p r ə v a ɪ d ə d	1	reg_əd	10	10
hidden	ftune	t r ɛ m b ə l	t r ɛ m b ə l d	t r ɛ m b ə l d	t r ɛ m b ə l d	1	reg_d	9	9
hidden	ftune	p l a ʊ	p l a ʊ d	p l a ʊ d	p l a ʊ d	1	reg_d	6	6
hidden	ftune	w æ ɡ	w æ ɡ d	w æ ɡ d	w æ ɡ d	1	reg_d	5	5
hidden	ftune	b l iː t͡ʃ	b l iː t͡ʃ t	b l iː t͡ʃ t	b l iː t͡ʃ t	1	reg_t	6	6
hidden	ftune	t æ t ə l	t æ t ə l d	t æ t ə l d	t æ t ə l d	1	reg_d	7	7
hidden	ftune	s k ɹ̩ t	s k ɹ̩ t ə d	s k ɹ̩ t ə d	s k ɹ̩ t ə d	1	reg_əd	7	7
hidden	ftune	ɛ r	ɛ r d	ɛ r d	ɛ r d	1	reg_d	4	4
hidden	ftune	ɛ k s ɹ̩ s a ɪ z	ɛ k s ɹ̩ s a ɪ z d	ɛ k s ɹ̩ s a ɪ z d	ɛ k s ɹ̩ s a ɪ z d	1	reg_d	10	10
hidden	ftune	f ʌ d͡ʒ	f ʌ d͡ʒ d	f ʌ d͡ʒ d	f ʌ d͡ʒ d	1	reg_d	5	5
hidden	ftune	ɡ ʌ n	ɡ ʌ n d	ɡ ʌ n d	ɡ ʌ n d	1	reg_d	5	5
hidden	ftune	s p ɔ r t	s p ɔ r t ə d	s p ɔ r t	s p ɔ r t	1	no_change	6	6
hidden	ftune	r ɪ l iː v	r ɪ l iː v d	r ɪ l iː v d	r ɪ l iː v d	1	reg_d	7	7
hidden	ftune	ʃ o ʊ l d ɹ̩	ʃ o ʊ l d ɹ̩ d	ʃ o ʊ l d ɹ̩ d	ʃ o ʊ l d d ə ɹ̩	0	reg_d	7	8
hidden	ftune	f ɔ r k	f ɔ r k t	f ɔ r k t	f ɔ r k t	1	reg_t	6	6
hidden	ftune	t w iː k	t w iː k t	t w iː k t	t w iː k t	1	reg_t	6	6
hidden	ftune	d æ ʃ	d æ ʃ t	d æ ʃ t	d æ ʃ t	1	reg_t	5	5
hidden	ftune	ɪ k s k l e ɪ m	ɪ k s k l e ɪ m d	ɪ k s k l e ɪ m d	ɪ k s k l e ɪ m d	1	reg_d	10	10
hidden	ftune	s ə s p ɛ k t	s ə s p ɛ k t ə d	s ə s p ɛ k t ə d	s ə s p ɛ k t ə d	1	reg_əd	10	10
hidden	ftune	t r æ n s f ɔ r m	t r æ n s f ɔ r m d	t r æ n s f ɔ r s t	t r æ n s f ɔ r m d	1	coda_change	9	11
hidden	ftune	θ r ɛ t ə n	θ r ɛ t ə n d	θ r ɛ t ə n d	θ r ɛ t ə n d	1	reg_d	8	8
hidden	ftune	m e ɪ t	m e ɪ t ə d	m e ɪ t ə d	m e ɪ t ə d	1	reg_əd	7	7
hidden	ftune	ɪ m p r uː v	ɪ m p r uː v d	ɪ m p r uː v d	ɪ m p r uː v d	1	reg_d	8	8
hidden	ftune	t ɑː l ɹ̩ e ɪ t	t ɑː l ɹ̩ e ɪ t ə d	t ɑː l ɹ̩ e ɪ t ə d	t ɑː l ɹ̩ e ɪ t ə d	1	reg_əd	10	10
hidden	ftune	h ɔ n t	h ɔ n t ə d	h ɔ n t ə d	h ɔ n t ə d	1	reg_əd	7	7
hidden	ftune	t æ k	t æ k t	t æ k t	t æ k t	1	reg_t	5	5
hidden	ftune	ɪ n d͡ʒ ɹ̩	ɪ n d͡ʒ ɹ̩ d	ɪ n d͡ʒ ɹ̩ d	ɪ n d͡ʒ ɹ̩ d	1	reg_d	6	6
hidden	ftune	p r ɪ d ɪ k t	p r ɪ d ɪ k t ə d	p r ɪ d ɪ k t ə d	p r ɪ d ɪ k t ə d	1	reg_əd	10	10
hidden	ftune	d ɪ z a ɪ n	d ɪ z a ɪ n d	d ɪ z a ɪ n d	d ɪ z a ɪ n d	1	reg_d	8	8
hidden	ftune	b ʌ n d ə l	b ʌ n d ə l d	b ʌ n d ə l d	b ʌ n d d ə l d	1	reg_d	7	8
hidden	ftune	r ɪ s ɛ s	r ɪ s ɛ s t	r ɪ s ɛ s t	r ɪ s ɛ s t	1	reg_t	7	7
hidden	ftune	b l a ɪ n d	b l a ɪ n d ə d	b l a ɪ n d ə d	b l a ɪ n d ə d	1	reg_əd	9	9
hidden	ftune	d r ʌ ɡ	d r ʌ ɡ d	d r ʌ ɡ d	d r ʌ ɡ d	1	reg_d	6	6
hidden	ftune	f l e ɪ v ɹ̩	f l e ɪ v ɹ̩ d	f l e ɪ v ɹ̩ d	f l e ɪ v ɹ̩ d	1	reg_d	8	8
hidden	ftune	r ɪ p ɛ r	r ɪ p ɛ r d	r ɪ p ɛ r d	r ɪ p ɛ r d	1	reg_d	7	7
hidden	ftune	k ɹ̩ s	k ɹ̩ s t	k ɹ̩ s t	k ɹ̩ s t	1	reg_t	5	5
hidden	ftune	ɪ n t͡ʃ	ɪ n t͡ʃ t	ɪ n t͡ʃ t	ɪ n t͡ʃ t	1	reg_t	5	5
hidden	ftune	t r æ n z m ɪ t	t r æ n z m ɪ t ə d	t r æ n z m ɪ t ə d	t r æ n z m ɪ t ə d	1	reg_əd	11	11
hidden	ftune	ʃ æ m p uː	ʃ æ m p uː d	ʃ æ m p uː d	ʃ æ m p uː d	1	reg_d	7	7
hidden	ftune	ɪ n k r iː s	ɪ n k r iː s t	ɪ n k r iː s t	ɪ n k r iː s t	1	reg_t	8	8
hidden	ftune	b ʊ t͡ʃ ɹ̩	b ʊ t͡ʃ ɹ̩ d	b ʊ t͡ʃ ɹ̩ d	b ʊ t͡ʃ ɹ̩ d	1	reg_d	6	6
hidden	ftune	d o ʊ n e ɪ t	d o ʊ n e ɪ t ə d	d o ʊ n e ɪ t ə d	d o ʊ n e ɪ t ə d	1	reg_əd	10	10
hidden	ftune	t͡ʃ æ l ə n d͡ʒ	t͡ʃ æ l ə n d͡ʒ d	t͡ʃ æ l ə n d͡ʒ d	t͡ʃ æ l ə n d͡ʒ d	1	reg_d	8	8
hidden	ftune	ɛ ɡ z ɪ t	ɛ ɡ z ɪ t ə d	ɛ ɡ z ɪ t ə d	ɛ ɡ z ɪ t ə d	1	reg_əd	8	8
hidden	ftune	b ʊ k	b ʊ k t	b ʊ k t	b ʊ k t	1	reg_t	5	5
hidden	ftune	m j uː z	m j uː z d	m j uː z d	m j uː z d	1	reg_d	6	6
hidden	ftune	p ɔ ɪ z ə n	p ɔ ɪ z ə n d	p ɔ ɪ z ə n d	p ɔ ɪ z ə n d	1	reg_d	8	8
hidden	ftune	ɪ n f l uː ə n s	ɪ n f l uː ə n s t	ɪ n f l uː ə n s t	ɪ n f l uː ə n s t	1	reg_t	10	10
hidden	ftune	s t r æ ŋ ɡ ə l	s t r æ ŋ ɡ ə l d	s t r æ ŋ ɡ ə l d	s t r æ ŋ ɡ ə l d	1	reg_d	10	10
hidden	ftune	ɪ ʃ uː	ɪ ʃ uː d	ɪ ʃ uː d	ɪ ʃ uː d	1	reg_d	5	5
hidden	ftune	ɪ m p r ɛ s	ɪ m p r ɛ s t	ɪ m p r ɛ s t	ɪ m p r ɛ s t	1	reg_t	8	8
hidden	ftune	p r ə d uː s	p r ə d uː s t	p r ə d uː s t	p r ə d uː s t	1	reg_t	8	8
hidden	ftune	n æ ɡ	n æ ɡ d	n æ ɡ d	n æ ɡ d	1	reg_d	5	5
hidden	ftune	o ʊ v ɹ̩ k ʊ k	o ʊ v ɹ̩ k ʊ k t	o ʊ v ɹ̩ k e ɪ k	o ʊ v ɹ̩ k e ʊ k	1	vowel_change	8	9
hidden	ftune	e ɪ m	e ɪ m d	e ɪ m d	e ɪ m d	1	reg_d	5	5
hidden	ftune	ɪ m ə t e ɪ t	ɪ m ə t e ɪ t ə d	ɪ m ə t e ɪ t ə d	ɪ m ə t e ɪ t ə d	1	reg_əd	10	10
hidden	ftune	t͡ʃ ɹ̩ n	t͡ʃ ɹ̩ n d	t͡ʃ ɹ̩ n d	t͡ʃ ɹ̩ n d	1	reg_d	5	5
hidden	ftune	k a ʊ n t ɹ̩	k a ʊ n t ɹ̩ d	k a ʊ n t ɹ̩ d	k a ʊ n t ɹ̩ d	1	reg_d	8	8
hidden	ftune	m ɪ s t r iː t	m ɪ s t r iː t ə d	m ɪ s t r iː t ə d	m ɪ s t r iː t ə d	1	reg_əd	10	10
hidden	ftune	k ə m b a ɪ n	k ə m b a ɪ n d	k ə m b a ɪ n d	k ə m b a ɪ n d	1	reg_d	9	9
hidden	ftune	h ɪ n t	h ɪ n t ə d	h ɪ n t ə d	h ɪ n t ə d	1	reg_əd	7	7
hidden	ftune	ə p r o ʊ p r iː e ɪ t	ə p r o ʊ p r iː e ɪ t ə d	ə p r o ʊ p r iː e ɪ t ə d	ə p r d	1	reg_əd	13	14
hidden	ftune	p r ɑː d͡ʒ ɛ k t	p r ɑː d͡ʒ ɛ k t ə d	p r ɑː d͡ʒ ɛ k t ə d	p r ɑː d͡ʒ ɛ k t ə d	1	reg_əd	10	10
hidden	ftune	f ɔ r w ɹ̩ d	f ɔ r w ɹ̩ d ə d	f ɔ r w ɹ̩ d ə d	f ɔ r w ɹ̩ d ə d	1	reg_əd	9	9
hidden	ftune	d ɪ s ə ɡ r iː	d ɪ s ə ɡ r iː d	d ɪ s ə ɡ r iː d	d ɪ s ə ɡ r iː d	1	reg_d	9	9
hidden	ftune	s t ɑː r t ə l	s t ɑː r t ə l d	s t ɑː r t ə l d	s t ɑː r t ə l d	1	reg_d	9	9
hidden	ftune	k r æ m	k r æ m d	k r æ m d	k r æ m d	1	reg_d	6	6
hidden	ftune	s ɪ ŋ ɡ ə l	s ɪ ŋ ɡ ə l d	s ɪ ŋ ɡ ə l d	s ɪ ŋ ɡ ə l d	1	reg_d	8	8
hidden	ftune	ɡ l ʌ v	ɡ l ʌ v d	ɡ l ʌ v d	ɡ l ʌ v d	1	reg_d	6	6
hidden	ftune	r iː s k ɛ d͡ʒ uː l	r iː s k ɛ d͡ʒ uː l d	r iː s k ɛ d͡ʒ d	r iː s k ɛ d͡ʒ d	1	other	7	8
hidden	ftune	s ɹ̩ v a ɪ v	s ɹ̩ v a ɪ v d	s ɹ̩ v a ɪ v d	s ɹ̩ v a ɪ v d	1	reg_d	8	8
hidden	ftune	s n ɔ r t	s n ɔ r t ə d	s n ɔ r t ə d	s n ɔ r t ə d	1	reg_əd	8	8
hidden	ftune	ə p l ɔ d	ə p l ɔ d ə d	ə p l ɔ d	ə p l ɔ d	1	no_change	6	6
hidden	ftune	b iː f	b iː f t	b iː f t	b iː f t	1	reg_t	5	5
hidden	ftune	t r ʌ d͡ʒ	t r ʌ d͡ʒ d	t r ʌ d͡ʒ d	t r ʌ d͡ʒ d	1	reg_d	6	6
hidden	ftune	v e ɪ k e ɪ ʃ ə n	v e ɪ k e ɪ ʃ ə n d	v e ɪ k e ɪ ʃ iː ʃ t	v e ɪ k e ɪ ʃ ə n d	1	rhyme_replaced	8	11
hidden	ftune	s ə p l ə m ɛ n t	s ə p l ə m ɛ n t ə d	s ə m p l ə n d	s ə p l ə m ɛ n t ə d	1	other	6	9
hidden	ftune	m ʌ m b ə l	m ʌ m b ə l d	m ʌ m b ə l d	m ʌ m b ə l d	1	reg_d	8	8
hidden	ftune	æ l a ɪ	æ l a ɪ d	æ l a ɪ d	æ l a ɪ d	1	reg_d	6	6
hidden	ftune	f j uː m	f j uː m d	f j uː m d	f j uː m d	1	reg_d	6	6
hidden	ftune	n ɪ k s	n ɪ k s t	n ɪ k s t	n ɪ k s t	1	reg_t	6	6
hidden	ftune	h ɛ d͡ʒ	h ɛ d͡ʒ d	h ɛ d͡ʒ d	h ɛ d͡ʒ d	1	reg_d	5	5
hidden	ftune	ʃ r iː k	ʃ r iː k t	ʃ r iː k t	ʃ r iː k t	1	reg_t	6	6
hidden	ftune	d ɛ d ə k e ɪ t	d ɛ d ə k e ɪ t ə d	d ɛ d ə k e ɪ t ə d	d ɛ d ə k e ɪ t ə d	1	reg_əd	11	11
hidden	ftune	r ɛ v	r ɛ v d	r ɛ v d	r ɛ v d	1	reg_d	5	5
hidden	ftune	n iː	n iː d	n iː d	n iː d	1	reg_d	4	4
hidden	ftune	r iː ɔ r ɡ ə n a ɪ z	r iː ɔ r ɡ ə n a ɪ z d	r ɡ ə n d	r iː ɔ r ɡ ə n a ɪ z d	1	other	4	6
hidden	ftune	a ʊ t f ɑː k s	a ʊ t f ɑː k s t	a ʊ t f ɑː k s t	a ʊ t f ɑː k s t	1	reg_t	9	9
hidden	ftune	k ə n s t r ʌ k t	k ə n s t r ʌ k t ə d	k ə n s t r ʌ k t ə d	k ə n s t r ʌ k t ə d	1	reg_əd	12	12
hidden	ftune	f l ɹ̩ iː	f l ɹ̩ iː d	f l ɹ̩ iː d	f l ɹ̩ iː d	1	reg_d	6	6
hidden	ftune	ɪ n k w a ɪ ɹ̩	ɪ n k w a ɪ ɹ̩ d	ɪ n k w a ɪ ɹ̩ d	ɪ n k w a ɪ ɹ̩ d	1	reg_d	9	9
hidden	ftune	d͡ʒ e ɪ l	d͡ʒ e ɪ l d	d͡ʒ e ɪ l d	d͡ʒ e ɪ l d	1	reg_d	6	6
hidden	ftune	s w uː ʃ	s w uː ʃ t	s w uː ʃ t	s w uː ʃ t	1	reg_t	6	6
hidden	ftune	h ɹ̩ l	h ɹ̩ l d	h ɹ̩ l d	h ɹ̩ l d	1	reg_d	5	5
hidden	dev	k ə n f ɹ̩	k ə n f ɹ̩ d	k ə n f ɹ̩ d	k ə n f ɹ̩ d	1	reg_d	7	7
hidden	dev	k j ʊ r	k j ʊ r d	k j ʊ r d	k j ʊ r d	1	reg_d	6	6
hidden	dev	l ɪ m p	l ɪ m p t	l ɪ m p t	l ɪ m p t	1	reg_t	6	6
hidden	dev	l ɛ ɡ	l ɛ ɡ d	l ɛ ɡ d	l ɛ ɡ d	1	reg_d	5	5
hidden	dev	k ɑː r d	k ɑː r d ə d	k ɑː r d ə d	k ɑː r d ə d	1	reg_əd	7	7
hidden	dev	b ɹ̩ n ɪ ʃ	b ɹ̩ n ɪ ʃ t	b ɹ̩ n ɪ ʃ t	b ɹ̩ n ɪ ʃ t	1	reg_t	7	7
hidden	dev	r iː ə p iː r	r iː ə p iː r d	r iː ə p iː ə d	r iː ə p iː r d	1	rhyme_replaced	6	8
hidden	dev	p r ɛ ʃ ɹ̩	p r ɛ ʃ ɹ̩ d	p r ɛ ʃ ɹ̩ d	p r ɛ ʃ ɹ̩ d	1	reg_d	7	7
hidden	dev	p l iː d	p l iː d ə d	p l ɛ d ə d	p l ɛ iː d	1	other	4	7
hidden	dev	p l e ɪ t	p l e ɪ t ə d	p l e ɪ t ə d	p l e ɪ t ə d	1	reg_əd	8	8
hidden	dev	b ɑː ɡ	b ɑː ɡ d	b ɑː ɡ d	b ɑː ɡ d	1	reg_d	5	5
hidden	dev	t ɹ̩ m	t ɹ̩ m d	t ɹ̩ m d	t ɹ̩ m d	1	reg_d	5	5
hidden	dev	k l ɑː z ə t	k l ɑː z ə t ə d	k l ɑː z ə t ə d	k l ɑː z ə t ə d	1	reg_əd	9	9
hidden	dev	k ɑː m p l ə m ɛ n t	k ɑː m p l ə m ɛ n t ə d	k l ə m p l d	k ɑː m p l ə m ɛ n t ə d	1	other	4	8
hidden	dev	ɪ m b ɛ d	ɪ m b ɛ d ə d	ɪ m b ɛ d ə d	ɪ m b ɛ d ə	0	reg_əd	7	8
hidden	dev	s ə p l a ɪ	s ə p l a ɪ d	s ə p l a ɪ d	s ə p l a ɪ d	1	reg_d	8	8
hidden	dev	f ɛ n d	f ɛ n d ə d	f ɛ n t	f ɛ n t	1	coda_change	5	5
hidden	dev	ɔ r n ə m ɛ n t	ɔ r n ə m ɛ n t ə d	ɔ r n ə m ɛ n t ə d	ɔ r n ə m ɛ n t ə d	1	reg_əd	11	11
hidden	dev	ɪ k s t ɛ n d	ɪ k s t ɛ n d ə d	ɪ k s t ɛ n d ə d	ɪ k s t ɛ n d ə d	1	reg_əd	10	10
hidden	dev	p r uː n	p r uː n d	p r uː n d	p r uː n d	1	reg_d	6	6
hidden	dev	d ɪ f a ɪ	d ɪ f a ɪ d	d ɪ f a ɪ d	d ɪ f a ɪ d	1	reg_d	7	7
hidden	dev	ɡ r ɪ p	ɡ r ɪ p t	ɡ r ɪ p t	ɡ r ɪ p t	1	reg_t	6	6
hidden	dev	b ʊ l d o ʊ z	b ʊ l d o ʊ z d	b ʊ l d o ʊ z d	b ʊ l d d o ʊ z	1	reg_d	8	9
hidden	dev	ɪ n v ɹ̩ t	ɪ n v ɹ̩ t ə d	ɪ n v ɹ̩ t ə d	ɪ n v ɹ̩ t ə d	1	reg_əd	8	8
hidden	dev	k ə m p r ɛ s	k ə m p r ɛ s t	k ə m p r ɛ s t	k ə m p r ɛ s t	1	reg_t	9	9
hidden	dev	m ə n uː v ɹ̩	m ə n uː v ɹ̩ d	m ə n uː v ɹ̩ d	m ə n uː v ɹ̩ d	1	reg_d	8	8
hidden	dev	w iː v	w iː v d	w iː v d	w iː v d	1	reg_d	5	5
hidden	dev	k ɑː n t æ k t	k ɑː n t æ k t ə d	k ɑː n t æ k t ə d	k ɑː n t æ k t ə d	1	reg_əd	10	10
hidden	dev	k e ɪ b ə l	k e ɪ b ə l d	k e ɪ b ə l d	k e ɪ b ə l d	1	reg_d	8	8
hidden	dev	s t ɛ d iː	s t ɛ d iː d	s t ɛ d iː d	s t ɛ d iː d	1	reg_d	7	7
hidden	dev	f ɪ l t ɹ̩	f ɪ l t ɹ̩ d	f ɪ l t ɹ̩ d	f ɪ l t ɹ̩ d	1	reg_d	7	7
hidden	dev	r ɪ s t ɔ r	r ɪ s t ɔ r d	r ɪ s t ɔ r d	r ɪ s t ɔ r d	1	reg_d	8	8
hidden	dev	p ɪ v ə t	p ɪ v ə t ə d	p ɪ v ə t ə d	p ɪ v ə t ə d	1	reg_əd	8	8
hidden	dev	d ɪ m ɑː l ɪ ʃ	d ɪ m ɑː l ɪ ʃ t	d ɪ m ɑː l ɪ ʃ t	d ɪ m ɑː l ɪ ʃ t	1	reg_t	9	9
hidden	dev	f a ʊ l	f a ʊ l d	f a ʊ l d	f a ʊ l d	1	reg_d	6	6
hidden	dev	t͡ʃ ɛ r	t͡ʃ ɛ r d	t͡ʃ ɛ r d	t͡ʃ ɛ r d	1	reg_d	5	5
hidden	dev	t r ɪ k ə l	t r ɪ k ə l d	t r ɪ k ə l d	t r ɪ k ə l d	1	reg_d	8	8
hidden	dev	s k r ʌ n t͡ʃ	s k r ʌ n t͡ʃ t	s k r ʌ n t͡ʃ t	s k r ʌ n t͡ʃ t	1	reg_t	8	8
hidden	dev	s w e ɪ	s w e ɪ d	s w e ɪ d	s w e ɪ d	1	reg_d	6	6
hidden	dev	h e ɪ s ə n	h e ɪ s ə n d	h e ɪ s ə n d	h e ɪ s ə n d	1	reg_d	8	8
hidden	dev	f a ɪ n ə l a ɪ z	f a ɪ n ə l a ɪ z d	f a ɪ n ə l a ɪ z d	f a ʊ n ə l a ɪ z d	1	reg_d	10	11
hidden	dev	ɛ n æ k t	ɛ n æ k t ə d	ɛ n æ k t ə d	ɛ n æ k t ə d	1	reg_əd	8	8
hidden	dev	d iː t ʊ r	d iː t ʊ r d	d iː t ʊ r d	d iː t ʊ r d	1	reg_d	7	7
hidden	dev	t uː l	t uː l d	t uː l d	t uː l d	1	reg_d	5	5
hidden	dev	ɔ θ ɹ̩	ɔ θ ɹ̩ d	ɔ ð ɹ̩ d	ɔ ɹ̩ ɹ̩ d	1	other	4	5
hidden	dev	o ʊ v ɹ̩ l o ʊ d	o ʊ v ɹ̩ l o ʊ d ə d	o ʊ v ɹ̩ l o ʊ d ə d	o ʊ v ɹ̩ l o ʊ d ə d	1	reg_əd	11	11
hidden	dev	f l ɹ̩ ɪ ʃ	f l ɹ̩ ɪ ʃ t	f l ɹ̩ ɪ ʃ t	f l ɹ̩ ɪ ʃ t	1	reg_t	7	7
hidden	dev	b æ n ɪ ʃ	b æ n ɪ ʃ t	b æ n ɪ ʃ t	b æ n ɪ ʃ t	1	reg_t	7	7
hidden	dev	θ r æ ʃ	θ r æ ʃ t	θ r æ ʃ t	θ r æ ʃ t	1	reg_t	6	6
hidden	dev	p ɹ̩ t e ɪ n	p ɹ̩ t e ɪ n d	p ɹ̩ t e ɪ n d	p ɹ̩ t e ɪ n d	1	reg_d	8	8
hidden	dev	p o ʊ s t	p o ʊ s t ə d	p o ʊ s t ə d	p o ʊ s t ə d	1	reg_əd	8	8
hidden	dev	k r iː k	k r iː k t	k r iː k t	k r iː k t	1	reg_t	6	6
hidden	dev	ɪ n t ɹ̩	ɪ n t ɹ̩ d	ɪ n t ɹ̩ d	ɪ n t ɹ̩ d	1	reg_d	6	6
hidden	dev	z iː r o ʊ	z iː r o ʊ d	z iː r o ʊ d	z iː r o ʊ d	1	reg_d	7	7
hidden	dev	v a ʊ t͡ʃ	v a ʊ t͡ʃ t	v a ʊ t͡ʃ t	v a ʊ t͡ʃ t	1	reg_t	6	6
hidden	dev	k r æ m p	k r æ m p t	k r æ m p t	k r æ m p t	1	reg_t	7	7
hidden	dev	ɡ l e ɪ z	ɡ l e ɪ z d	ɡ l e ɪ z d	ɡ l e ɪ z d	1	reg_d	7	7
hidden	dev	r ə f l ɛ k t	r ə f l ɛ k t ə d	r ə f l ɛ k t ə d	r ə f l ɛ k t ə d	1	reg_əd	10	10
hidden	dev	w ɪ l t	w ɪ l t ə d	w ɪ l t ə d	w ɪ l t ə d	1	reg_əd	7	7
hidden	dev	ə m a ʊ n t	ə m a ʊ n t ə d	ə m a ʊ n t ə d	ə m a ʊ n t ə d	1	reg_əd	9	9
hidden	dev	k r a ʊ t͡ʃ	k r a ʊ t͡ʃ t	k r a ʊ t͡ʃ t	k r a ʊ t͡ʃ t	1	reg_t	7	7
hidden	dev	b ɑː d iː	b ɑː d iː d	b ɑː d iː d	b ɑː d d ə d	1	reg_d	5	6
hidden	dev	t ɪ k ə t	t ɪ k ə t ə d	t ɪ k ə t ə d	t ɪ k ə t ə d	1	reg_əd	8	8
hidden	dev	r a ʊ z	r a ʊ z d	r o ʊ z d	r o ʊ z d	1	vowel_change_suffix	6	6
hidden	dev	ɪ l æ b ɹ̩ e ɪ t	ɪ l æ b ɹ̩ e ɪ t ə d	ɪ l æ b ɹ̩ e ɪ t ə d	ɪ l æ b ɹ̩ e ɪ t ə d	1	reg_əd	11	11
hidden	dev	d ɛ m ə n s t r e ɪ t	d ɛ m ə n s t r e ɪ t ə d	d	d	1	other	2	2
hidden	dev	r iː s iː l	r iː s iː l d	r iː s iː l d	r iː s iː l d	1	reg_d	7	7
hidden	dev	m iː t ɹ̩	m iː t ɹ̩ d	m iː t ɹ̩ d	m iː t ɹ̩ d	1	reg_d	6	6
hidden	dev	f o ʊ t ə ɡ r æ f	f o ʊ t ə ɡ r æ f t	f o ʊ t ə ɡ r æ ɡ d	f o ʊ t ə ɡ r æ f	0	coda_change	9	11
hidden	dev	ə p l a ɪ	ə p l a ɪ d	ə p l a ɪ d	ə p l a ɪ d	1	reg_d	7	7
hidden	dev	l ʌ n d͡ʒ	l ʌ n d͡ʒ d	l ʌ n d͡ʒ d	l ʌ n d͡ʒ d	1	reg_d	6	6
hidden	dev	ɪ m p r ɪ z ə n	ɪ m p r ɪ z ə n d	ɪ m p r ɪ z ɪ z d	ɪ m p r ɪ z ə n d	1	rhyme_replaced	7	10
hidden	dev	ʃ ɪ f t	ʃ ɪ f t ə d	ʃ ɪ f t ə d	ʃ ɪ f t ə d	1	reg_əd	7	7
hidden	dev	b ɪ f ɔ l	b ɪ f ɛ l	b ɪ f ɔ l d	b ɪ f ɔ l d	1	reg_d	7	7
hidden	dev	h iː p	h iː p t	h ɛ p t	h iː p t	1	vowel_change_suffix	4	5
hidden	dev	ɪ n ɡ r e ɪ v	ɪ n ɡ r e ɪ v d	ɪ n ɡ r e ɪ v d	ɪ n ɡ r e ɪ v d	1	reg_d	9	9
hidden	dev	p ɹ̩ t ɹ̩ b	p ɹ̩ t ɹ̩ b d	p ɹ̩ t ɹ̩ b d	p ɹ̩ t ɹ̩ b d	1	reg_d	7	7
hidden	dev	s p ɛ ʃ ə l a ɪ z	s p ɛ ʃ ə l a ɪ z d	s p ɛ ʃ ə l a ɪ z d	s p ɛ ʃ ə l a ɪ z d	1	reg_d	11	11
hidden	dev	s k w ɑː b ə l	s k w ɑː b ə l d	s k w ɑː b ə l d	s k w ɑː b ə l d	1	reg_d	9	9
hidden	dev	ɪ k s iː d	ɪ k s iː d ə d	ɪ k s iː d ə d	ɪ k s iː d ə d	1	reg_əd	8	8
hidden	dev	ɡ l æ s	ɡ l æ s t	ɡ l æ s t	ɡ l æ s t	1	reg_t	6	6
hidden	dev	w ɪ ð ɹ̩	w ɪ ð ɹ̩ d	w ɪ ð ɹ̩ d	w ɪ ð ɹ̩ d	1	reg_d	6	6
hidden	dev	d ɪ p r a ɪ v	d ɪ p r a ɪ v d	d ɪ p r a ɪ v d	d ɪ p r a ɪ v d	1	reg_d	9	9
hidden	dev	r iː f j uː ə l	r iː f j uː ə l d	r iː f j uː ə l d	r iː f j uː ə l d	1	reg_d	9	9
hidden	dev	ɪ m p ɔ r t	ɪ m p ɔ r t ə d	ɪ m p ɔ r t ə d	ɪ m p ɔ r t ə d	1	reg_əd	9	9
hidden	dev	s l ɪ ŋ	s l ʌ ŋ	s l ʌ ŋ	s l ʌ ŋ	1	vowel_change	5	5
hidden	dev	d ɪ t ɹ̩ m ə n	d ɪ t ɹ̩ m ə n d	d ɪ t ɹ̩ m ə n d	d ɪ t ɹ̩ m ə n d	1	reg_d	9	9
hidden	dev	ɡ r a ʊ n d	ɡ r a ʊ n d ə d	ɡ r a ʊ n d ə d	ɡ r a ʊ n d ə d	1	reg_əd	9	9
hidden	dev	m ə n ɑː p ə l a ɪ z	m ə n ɑː p ə l a ɪ z d	m ə p ə n ɑː l a ɪ z d	m ə n ɑː p ə l a ɪ z d	1	other	9	12
hidden	dev	ə b d͡ʒ ɛ k t	ə b d͡ʒ ɛ k t ə d	ə b d͡ʒ ɛ k t ə d	ə b d͡ʒ ɛ k t ə d	1	reg_əd	9	9
hidden	dev	t a ɪ l	t a ɪ l d	t a ɪ l d	t a ɪ l d	1	reg_d	6	6
hidden	dev	r ə s a ɪ t	r ə s a ɪ t ə d	r ə s a ɪ t ə d	r ə s a ɪ t ə d	1	reg_əd	9	9
hidden	dev	m ʊ r	m ʊ r d	m ʊ r d	m ʊ r d	1	reg_d	5	5
hidden	dev	v j uː	v j uː d	v j uː d	v j uː d	1	reg_d	5	5
hidden	dev	d ɪ s p o ʊ z	d ɪ s p o ʊ z d	d ɪ s p o ʊ z d	d ɪ s p o ʊ z d	1	reg_d	9	9
hidden	dev	s w ɑː t	s w ɑː t ə d	s w ɑː t	s w ɑː t	1	no_change	5	5
hidden	dev	d æ m ə d͡ʒ	d æ m ə d͡ʒ d	d æ m ə d͡ʒ d	d æ m ə d͡ʒ d	1	reg_d	7	7
hidden	dev	k ə n d ɛ n s	k ə n d ɛ n s t	k ə n d ɛ n s t	k ə n d ɛ n s t	1	reg_t	9	9
hidden	dev	æ m p j ə t e ɪ t	æ m p j ə t e ɪ t ə d	æ m p j ə t e ɪ t ə d	æ m p j ə t e ɪ t ə d	1	reg_əd	12	12
hidden	dev	ə s a ɪ n	ə s a ɪ n d	ə s a ɪ n d	ə s a ɪ n d	1	reg_d	7	7
hidden	dev	b uː s t	b uː s t ə d	b uː s t ə d	b uː s t ə d	1	reg_əd	7	7
hidden	dev	ɡ r æ v ə t e ɪ t	ɡ r æ v ə t e ɪ t ə d	ɡ r æ v ə t e ɪ t ə d	ɡ r æ v ə t e ɪ t ə d	1	reg_əd	12	12
hidden	dev	ɹ̩ d͡ʒ	ɹ̩ d͡ʒ d	ɹ̩ d͡ʒ d	ɹ̩ d͡ʒ d	1	reg_d	4	4
hidden	dev	k ɑː ŋ k ɹ̩	k ɑː ŋ k ɹ̩ d	k ɑː ŋ k ɹ̩ d	k ɑː ŋ k ɹ̩ d	1	reg_d	7	7
hidden	dev	ʃ ɛ l t ɹ̩	ʃ ɛ l t ɹ̩ d	ʃ ɛ l t ɹ̩ d	ʃ ɛ l t ɹ̩ d	1	reg_d	7	7
hidden	dev	p ɛ n s ə l	p ɛ n s ə l d	p ɛ n s ə l d	p ɛ n s ə l d	1	reg_d	8	8
hidden	dev	o ʊ v ɹ̩ d uː	o ʊ v ɹ̩ d ɪ d	o ʊ v ɹ̩ d ɹ̩ d	o ʊ v ɹ̩ d uː d	1	vowel_change_suffix	6	8
hidden	dev	k e ɪ d͡ʒ	k e ɪ d͡ʒ d	k e ɪ d͡ʒ d	k e ɪ d͡ʒ d	1	reg_d	6	6
hidden	dev	ɪ n ɪ ʃ iː e ɪ t	ɪ n ɪ ʃ iː e ɪ t ə d	ɪ n ɪ ʃ iː e ɪ t ə d	ɪ n ɪ ʃ iː e ɪ t ə d	1	reg_əd	11	11
hidden	dev	v ɛ r ə f a ɪ	v ɛ r ə f a ɪ d	v ɛ r ə f a ɪ d	v ɛ r ə f a ɪ d	1	reg_d	9	9
hidden	dev	d ɪ s p ɹ̩ s	d ɪ s p ɹ̩ s t	d ɪ s p ɹ̩ s t	d ɪ s p ɹ̩ s t	1	reg_t	8	8
hidden	dev	p r ɑː s ɛ s	p r ɑː s ɛ s t	p r ɑː s ɛ s t	p r ɑː s ɛ s t	1	reg_t	8	8
hidden	dev	r æ m	r æ m d	r æ m d	r æ m d	1	reg_d	5	5
hidden	dev	m ɛ l o ʊ	m ɛ l o ʊ d	m ɛ l o ʊ d	m ɛ l o ʊ d	1	reg_d	7	7
hidden	dev	ɪ k l ɪ p s	ɪ k l ɪ p s t	ɪ k l ɪ p l t	ɪ k l ɪ p s t	1	coda_change	6	8
hidden	dev	f j uː ə l	f j uː ə l d	f j uː ə l d	f j uː ə l d	1	reg_d	7	7
hidden	dev	h o ʊ m	h o ʊ m d	h o ʊ m d	h o ʊ m d	1	reg_d	6	6
hidden	dev	ə m j uː z	ə m j uː z d	ə m j uː z d	ə m j uː z d	1	reg_d	7	7
hidden	dev	ʃ æ t ɹ̩	ʃ æ t ɹ̩ d	ʃ æ t ɹ̩ d	ʃ æ t ɹ̩ d	1	reg_d	6	6
hidden	dev	ɪ k s t͡ʃ e ɪ n d͡ʒ	ɪ k s t͡ʃ e ɪ n d͡ʒ d	ɪ k s t͡ʃ e ɪ n d͡ʒ d	ɪ k s t͡ʃ e ɪ n d͡ʒ d	1	reg_d	10	10
hidden	dev	p e ɪ s	p e ɪ s t	p e ɪ s t	p e ɪ s t	1	reg_t	6	6
hidden	dev	ə k ɔ r d	ə k ɔ r d ə d	ə k ɔ r d ə d	ə k ɔ r d ə d	1	reg_əd	8	8
hidden	dev	p ɑː r t͡ʃ	p ɑː r t͡ʃ t	p ɑː r t͡ʃ t	p ɑː r t͡ʃ t	1	reg_t	6	6
hidden	dev	t ɛ n d ɹ̩	t ɛ n d ɹ̩ d	t ɛ n d ɹ̩ d	t ɛ n d ɹ̩ d	1	reg_d	7	7
hidden	dev	s ɪ n θ ə s a ɪ z	s ɪ n θ ə s a ɪ z d	s ɪ n θ ə s a ɪ z d	s ɪ n θ ə s a ɪ z d	1	reg_d	11	11
hidden	dev	d ɪ t æ t͡ʃ	d ɪ t æ t͡ʃ t	d ɪ t æ t͡ʃ t	d ɪ t æ t͡ʃ t	1	reg_t	7	7
hidden	dev	k o ʊ s t	k o ʊ s t ə d	k o ʊ s t ə d	k o ʊ s t ə d	1	reg_əd	8	8
hidden	dev	s p j uː	s p j uː d	s p j uː d	s p j uː d	1	reg_d	6	6
hidden	dev	p ɛ ɡ	p ɛ ɡ d	p ɛ ɡ d	p ɛ ɡ d	1	reg_d	5	5
hidden	dev	d͡ʒ æ ŋ ɡ ə l	d͡ʒ æ ŋ ɡ ə l d	d͡ʒ æ ŋ ɡ ə l d	d͡ʒ æ ŋ ɡ ə l d	1	reg_d	8	8
hidden	dev	s k ɪ d	s k ɪ d ə d	s k ɪ d	s k ɪ d	1	no_change	4	5
hidden	dev	z æ p	z æ p t	z æ p t	z æ p t	1	reg_t	5	5
hidden	dev	r ɪ t e ɪ n	r ɪ t e ɪ n d	r ɪ t e ɪ n d	r ɪ t e ɪ n d	1	reg_d	8	8
hidden	dev	ɪ n t ɪ m ɪ d e ɪ t	ɪ n t ɪ m ɪ d e ɪ t ə d	ɪ m ɪ d ɪ m ɪ t ə t ə d	ɪ n t ɪ m ɪ d	1	other	5	13
hidden	dev	ɛ n t͡ʃ æ n t	ɛ n t͡ʃ æ n t ə d	ɛ n t͡ʃ æ n t ə d	ɛ n t͡ʃ æ n t ə d	1	reg_əd	9	9
hidden	dev	z o ʊ n	z o ʊ n d	z o ʊ n d	z o ʊ n d	1	reg_d	6	6
hidden	dev	s n iː r	s n iː r d	s n iː r d	s n iː r d	1	reg_d	6	6
hidden	dev	b ʌ l d͡ʒ	b ʌ l d͡ʒ d	b ʌ l d͡ʒ d	b ʌ l d͡ʒ d	1	reg_d	6	6
hidden	dev	ə b a ɪ d	ə b a ɪ d ə d	ə b a ɪ d ə d	ə b a ɪ d ə d	1	reg_əd	8	8
hidden	dev	m ə t j ʊ r	m ə t j ʊ r d	m ə t j uː r d	m ə t j ʊ r d	1	vowel_change_suffix	7	8
hidden	dev	p r ə z ɹ̩ v	p r ə z ɹ̩ v d	p r ə z ɹ̩ v d	p r ə z ɹ̩ v d	1	reg_d	8	8
hidden	dev	k ʌ f	k ʌ f t	k ʌ f t	k ʌ f t	1	reg_t	5	5
hidden	dev	f r iː	f r iː d	f r iː d	f r iː d	1	reg_d	5	5
hidden	dev	a ʊ t r ʌ n	a ʊ t r æ n	a ʊ t r ʌ n d	a ʊ t r ʌ n d	1	reg_d	8	8
hidden	dev	s l æ n t	s l æ n t ə d	s l æ n t ə d	s l æ n t ə d	1	reg_əd	8	8
hidden	dev	ɪ n k ɔ r p ɹ̩ e ɪ t	ɪ n k ɔ r p ɹ̩ e ɪ t ə d	ɪ n k ɔ r p ɹ̩ e ɪ t ə d	ɪ n k ɔ r p ɹ̩ e ɪ t ə d	1	reg_əd	13	13
hidden	dev	ʃ ʌ n t	ʃ ʌ n t ə d	ʃ ʌ n t ə d	ʃ ʌ n t ə	0	reg_əd	6	7
hidden	dev	w ɹ̩ d	w ɹ̩ d ə d	w ɹ̩ d	w ɹ̩ d	1	no_change	4	4
hidden	dev	d ɪ s e ɪ b ə l	d ɪ s e ɪ b ə l d	d ɪ s e ɪ b ə l d	d ɪ s e ɪ b ə l d	1	reg_d	10	10
hidden	dev	ɡ r uː p	ɡ r uː p t	ɡ r uː p t	ɡ r uː p t	1	reg_t	6	6
hidden	dev	t ɔ n t	t ɔ n t ə d	t ɔ n t ə d	t ɔ n t ə d	1	reg_əd	7	7
hidden	dev	p ɑː t	p ɑː t ə d	p ɑː t ə d	p ɑː t ə d	1	reg_əd	6	6
hidden	dev	k ə m ɛ m ɹ̩ e ɪ t	k ə m ɛ m ɹ̩ e ɪ t ə d	k ə m ɛ m ɹ̩ e ɪ t ə d	k ə m ɛ m ɹ̩ e ɪ t ə d	1	reg_əd	12	12
hidden	dev	l o ʊ k e ɪ t	l o ʊ k e ɪ t ə d	l o ʊ k e ɪ t ə d	l o ʊ k e ɪ t ə d	1	reg_əd	10	10
hidden	dev	w ɑː l o ʊ	w ɑː l o ʊ d	w ɑː l o ʊ d	w ɑː l o ʊ d	1	reg_d	7	7
hidden	dev	o ʊ v ɹ̩ f l o ʊ	o ʊ v ɹ̩ f l o ʊ d	o ʊ v ɹ̩ f ɹ̩ f ɹ̩ d	o ʊ v ɹ̩ f l o ʊ	0	other	6	10
hidden	dev	d ɪ z a ɪ ɹ̩	d ɪ z a ɪ ɹ̩ d	d ɪ z a ɪ ɹ̩ d	d ɪ z a ɪ ɹ̩ d	1	reg_d	8	8
hidden	dev	r iː z ɛ n t	r iː z ɛ n t ə d	r iː z ɛ n t ə d	r iː z ɛ n t ə d	1	reg_əd	9	9
hidden	dev	s ɪ m b ə l a ɪ z	s ɪ m b ə l a ɪ z d	s ɪ m b ə l a ɪ z d	s ɪ m b ə l a ɪ z d	1	reg_d	11	11
hidden	dev	f l e ɪ m	f l e ɪ m d	f l e ɪ m d	f l e ɪ m d	1	reg_d	7	7
hidden	dev	t r æ n s ɛ n d	t r æ n s ɛ n d ə d	t r æ n s ɛ n d ə d	t r æ n s ɛ n d ə d	1	reg_əd	11	11
hidden	dev	p ɹ̩ v ɹ̩ t	p ɹ̩ v ɹ̩ t ə d	p ɹ̩ v ɹ̩ t ə d	p ɹ̩ v ɹ̩ t ə d	1	reg_əd	8	8
hidden	dev	k ə n f r ʌ n t	k ə n f r ʌ n t ə d	k ə n f r ʌ n t ə d	k ə n f r ʌ n t ə d	1	reg_əd	11	11
hidden	dev	ɪ n k l o ʊ z	ɪ n k l o ʊ z d	ɪ n k l o ʊ z d	ɪ n k l o ʊ z d	1	reg_d	9	9
hidden	dev	d r ɪ f t	d r ɪ f t ə d	d r ɪ f t ə d	d r ɪ f t ə d	1	reg_əd	8	8
hidden	dev	k ɔ r n ɹ̩	k ɔ r n ɹ̩ d	k ɔ r n ɹ̩ d	k ɔ r n ɹ̩ d	1	reg_d	7	7
hidden	dev	æ k n ɑː l ɪ d͡ʒ	æ k n ɑː l ɪ d͡ʒ d	æ k n ɑː l ɔ d͡ʒ d	æ k n ɑː l ɪ d͡ʒ d	1	vowel_change_suffix	8	9
hidden	dev	l ɑː p	l ɑː p t	l ɑː p t	l ɑː p t	1	reg_t	5	5
hidden	dev	s k e ɪ l	s k e ɪ l d	s k e ɪ l d	s k e ɪ l d	1	reg_d	7	7
hidden	dev	ɪ k w e ɪ t	ɪ k w e ɪ t ə d	ɪ k w e ɪ t ə d	ɪ k w e ɪ t ə d	1	reg_əd	9	9
hidden	dev	b æ t ə l	b æ t ə l d	b æ t ə l d	b æ t ə l d	1	reg_d	7	7
hidden	dev	ə s ɛ s	ə s ɛ s t	ə s ɛ s t	ə s ɛ s t	1	reg_t	6	6
hidden	dev	ɔ l t ɹ̩	ɔ l t ɹ̩ d	ɔ l t ɹ̩ d	ɔ l t ɹ̩ d	1	reg_d	6	6
hidden	dev	ɡ ʌ l p	ɡ ʌ l p t	ɡ ʌ l p t	ɡ ʌ l p t	1	reg_t	6	6
hidden	dev	r ɪ s ɪ p r ə k e ɪ t	r ɪ s ɪ p r ə k e ɪ t ə d	r ɪ s ɪ k r ə k e ɪ t ə d	r ɪ s ɪ p r ə k e ɪ t ə d	1	other	13	14
hidden	dev	r ɛ ɡ j ə l e ɪ t	r ɛ ɡ j ə l e ɪ t ə d	r ɛ ɡ j ə l e ɪ t ə d	r ɛ ɡ j ə l e ɪ t ə d	1	reg_əd	12	12
hidden	dev	ɪ k s p ɛ r ə m ə n t	ɪ k s p ɛ r ə m ə n t ə d	ɪ k s p ɛ r ə k t ə d	ɪ k s p ɛ r ə m ə d	1	other	8	12
hidden	dev	r iː p ʌ l s	r iː p ʌ l s t	r iː p ʌ l s t	r iː p ʌ l s t	1	reg_t	8	8
hidden	dev	ʃ ɑː k	ʃ ɑː k t	ʃ ɑː k t	ʃ ɑː k t	1	reg_t	5	5
hidden	dev	s p ɪ r ɪ t	s p ɪ r ɪ t ə d	s p ɪ r ɪ t ə d	s p ɪ r ɪ t ə d	1	reg_əd	9	9
hidden	dev	b l ɑː t	b l ɑː t ə d	b l ɑː t ə d	b l ɑː t ə d	1	reg_əd	7	7
hidden	dev	h ɔ r d	h ɔ r d ə d	h ɔ r d ə d	h ɔ r d ə d	1	reg_əd	7	7
hidden	dev	b a ʊ n d	b a ʊ n d ə d	b a ʊ n d ə d	b a ʊ n d ə d	1	reg_əd	8	8
hidden	dev	d ɪ s ə p r uː v	d ɪ s ə p r uː v d	d ɪ s ə p r uː	d ɪ s ə p r uː v d	1	other	7	8
hidden	dev	t a ɪ t ə l	t a ɪ t ə l d	t a ɪ t ə l d	t a ɪ t ə l d	1	reg_d	8	8
hidden	dev	k ɑː m p r iː h ɛ n d	k ɑː m p r iː h ɛ n d ə d	k r iː ɪ m p r iː d	k ɑː m p r iː d	1	other	6	10
hidden	dev	k æ p ɪ t ə l a ɪ z	k æ p ɪ t ə l a ɪ z d	k ɪ t ə l a ɪ z d	k æ p ɪ t ə l a ɪ z d	1	other	8	10
hidden	dev	s w ɔ m p	s w ɔ m p t	s w ɔ m p t	s w ɔ m p t	1	reg_t	7	7
hidden	dev	n ɛ r e ɪ t	n ɛ r e ɪ t ə d	n ɛ r e ɪ t ə d	n ɛ r e ɪ t ə d	1	reg_əd	9	9
hidden	dev	p æ n k e ɪ k	p æ n k e ɪ k t	p æ n k e ɪ k t	p æ n k e ɪ k t	1	reg_t	9	9
hidden	dev	m ɔ l t	m ɔ l t ə d	m ɔ l t ə d	m ɔ l t ə d	1	reg_əd	7	7
hidden	dev	s t r ɛ s	s t r ɛ s t	s t r ɛ s t	s t r ɛ s t	1	reg_t	7	7
hidden	dev	k r iː m e ɪ t	k r iː m e ɪ t ə d	k r iː m e ɪ t ə d	k r iː m e ɪ t ə d	1	reg_əd	10	10
hidden	dev	p r ə f ɛ s	p r ə f ɛ s t	p r ə f ɛ s t	p r ə f ɛ s t	1	reg_t	8	8
hidden	dev	t͡ʃ æ n t	t͡ʃ æ n t ə d	t͡ʃ æ n t ə d	t͡ʃ æ n t ə d	1	reg_əd	7	7
hidden	dev	p o ʊ n iː	p o ʊ n iː d	p o ʊ n iː d	p o ʊ n iː d	1	reg_d	7	7
hidden	dev	r iː p r o ʊ ɡ r æ m	r iː p r o ʊ ɡ r æ m d	r o ʊ ɡ r o ʊ r æ m d	r iː p r o ʊ ɡ r æ m d	1	other	7	12
hidden	dev	k j uː	k j uː d	k j uː d	k j uː d	1	reg_d	5	5
hidden	dev	ɔ d ɪ t	ɔ d ɪ t ə d	ɔ d ɪ t ə d	ɔ d ɪ t ə	0	reg_əd	6	7
hidden	dev	s ʌ b	s ʌ b d	s ʌ b d	s ʌ b d	1	reg_d	5	5
hidden	dev	s k a ʊ ɹ̩	s k a ʊ ɹ̩ d	s k a ʊ ɹ̩ d	s k a ʊ ɹ̩ d	1	reg_d	7	7
hidden	dev	ɪ k s p æ n d	ɪ k s p æ n d ə d	ɪ k s p æ n d ə d	ɪ k s p æ n d ə d	1	reg_əd	10	10
hidden	dev	d r ɛ n t͡ʃ	d r ɛ n t͡ʃ t	d r ɛ n t͡ʃ t	d r ɛ n t͡ʃ t	1	reg_t	7	7
hidden	dev	s k ɪ n	s k ɪ n d	s k ɪ n d	s k ɪ n d	1	reg_d	6	6
hidden	dev	f ɔ r s iː	f ɔ r s ɔ	f ɔ r s iː d	f ɔ r s iː d	1	reg_d	7	7
hidden	dev	ɔ t ə m e ɪ t	ɔ t ə m e ɪ t ə d	ɔ t ə m e ɪ t ə d	ɔ t ə m e ɪ t ə d	1	reg_əd	10	10
hidden	dev	s w ɛ t	s w ɛ t ə d	s w ɛ t ə d	s w ɛ t ə d	1	reg_əd	7	7
hidden	dev	ɡ ʌ t	ɡ ʌ t ə d	ɡ ʌ t	ɡ ʌ t	1	no_change	4	4
hidden	dev	p o ʊ z	p o ʊ z d	p o ʊ z d	p o ʊ z d	1	reg_d	6	6
hidden	dev	d͡ʒ æ k ə t	d͡ʒ æ k ə t ə d	d͡ʒ æ k ə t ə d	d͡ʒ æ k ə t ə d	1	reg_əd	8	8
hidden	dev	p r ɪ v ɪ l ɪ d͡ʒ	p r ɪ v ɪ l ɪ d͡ʒ d	p r ɪ v ɪ l ɪ d͡ʒ d	p r ɪ v ɪ l ɪ d͡ʒ d	1	reg_d	10	10
hidden	dev	s o ʊ ʃ ə l a ɪ z	s o ʊ ʃ ə l a ɪ z d	s o ʊ ʃ ə l a ɪ z d	s o ʊ ʃ ə l a ɪ z d	1	reg_d	11	11
hidden	dev	f æ t ə n	f æ t ə n d	f æ t ə n d	f æ t ə n d	1	reg_d	7	7
hidden	dev	t æ t ɹ̩	t æ t ɹ̩ d	t æ t ɹ̩ d	t æ t ɹ̩ d	1	reg_d	6	6
hidden	dev	w ɛ d͡ʒ	w ɛ d͡ʒ d	w ɛ d͡ʒ d	w ɛ d͡ʒ d	1	reg_d	5	5
hidden	dev	k r o ʊ ʃ e ɪ	k r o ʊ ʃ e ɪ d	k r o ʊ ʃ e ɪ d	k r o ʊ ʃ e ɪ d	1	reg_d	9	9
hidden	dev	k ə n s iː l	k ə n s iː l d	k ə n s iː l d	k ə n s iː l d	1	reg_d	8	8
hidden	dev	p r ə v o ʊ k	p r ə v o ʊ k t	p r ə v o ʊ k t	p r ə v o ʊ k t	1	reg_t	9	9
hidden	dev	h ɪ t͡ʃ	h ɪ t͡ʃ t	h ɪ t͡ʃ t	h ɪ t͡ʃ t	1	reg_t	5	5
hidden	dev	t r æ n s p ɔ r t	t r æ n s p ɔ r t ə d	t r æ n s p ɔ r t ə d	t r æ n s p ɔ r t ə d	1	reg_əd	12	12
hidden	dev	d ɑː r k ə n	d ɑː r k ə n d	d ɑː r k ə n d	d ɑː r k ə n d	1	reg_d	8	8
hidden	dev	ɪ n v ɛ s t	ɪ n v ɛ s t ə d	ɪ n v ɛ s t ə d	ɪ n v ɛ s t ə d	1	reg_əd	9	9
hidden	dev	d ɪ f ɛ n d	d ɪ f ɛ n d ə d	d ɪ f ɛ n d ə d	d ɪ f ɛ n d ə d	1	reg_əd	9	9
hidden	dev	o ʊ v ɹ̩ ɛ s t ə m e ɪ t	o ʊ v ɹ̩ ɛ s t ə m e ɪ t ə d	o ʊ s t ə d	o ʊ ɹ̩ ɛ s t ə d	1	other	4	7
hidden	dev	k ɹ̩ iː n	k ɹ̩ iː n d	k ɹ̩ iː n d	k ɹ̩ iː n d	1	reg_d	6	6
hidden	dev	f l æ b ɹ̩ ɡ æ s t	f l æ b ɹ̩ ɡ æ s t ə d	f l æ b ɹ̩ d	f l æ b ɹ̩ d	1	other	6	7
hidden	dev	b ɛ d	b ɛ d ə d	b ɛ d ə d	b o ʊ d	1	reg_əd	5	6
hidden	dev	ʃ æ k ə l	ʃ æ k ə l d	ʃ æ k ə l d	ʃ æ k ə l d	1	reg_d	7	7
hidden	dev	b a ɪ n d	b a ʊ n d	b a ɪ n d ə d	b a ɪ n d ə d	1	reg_əd	8	8
hidden	dev	ɪ n v ɛ n t	ɪ n v ɛ n t ə d	ɪ n v ɛ n t ə d	ɪ n v ɛ n t ə d	1	reg_əd	9	9
hidden	dev	k ə n k l uː d	k ə n k l uː d ə d	k ə n k l uː d ə d	k ə n k l uː d ə d	1	reg_əd	9	10
hidden	dev	m o ʊ ʃ ə n	m o ʊ ʃ ə n d	m o ʊ ʃ ə n d	m o ʊ ʃ ə n d	1	reg_d	8	8
hidden	dev	ɪ l ɪ m ə n e ɪ t	ɪ l ɪ m ə n e ɪ t ə d	ɪ l ɪ m ə n e ɪ t ə d	ɪ l ɪ m ə n e ɪ t ə d	1	reg_əd	12	12
hidden	dev	m ɑː d ə f a ɪ	m ɑː d ə f a ɪ d	m ɑː d ə f a ɪ d	m ɑː d d ə f a ɪ	1	reg_d	8	9
hidden	dev	s iː z ə n	s iː z ə n d	s iː z ə n d	s iː z ə n d	1	reg_d	7	7
hidden	dev	m ɛ z m ɹ̩ a ɪ z	m ɛ z m ɹ̩ a ɪ z d	m ɛ z ɹ̩ a ɪ z a ɪ z d	m ɛ z m ɹ̩ a ɪ z d	1	other	8	12
hidden	dev	t e ɪ l ɹ̩	t e ɪ l ɹ̩ d	t e ɪ l ɹ̩ d	t e ɪ l ɹ̩ d	1	reg_d	7	7
hidden	dev	d ɪ t ɛ k t	d ɪ t ɛ k t ə d	d ɪ t ɛ k t ə d	d ɪ t ɛ k t ə d	1	reg_əd	9	9
hidden	dev	s ə b d͡ʒ ɛ k t	s ə b d͡ʒ ɛ k t ə d	s ə b d͡ʒ ɛ k t ə d	s ə b d͡ʒ ɛ k t ə d	1	reg_əd	10	10
hidden	dev	r iː k æ p	r iː k æ p t	r iː k æ p t	r iː k æ p t	1	reg_t	7	7
hidden	dev	ɪ n t ɹ̩ p r ə t	ɪ n t ɹ̩ p r ə t ə d	ɪ n t ɹ̩ p r ə t ə d	ɪ n t ɹ̩ p r ə t ə d	1	reg_əd	11	11
hidden	dev	b ɔ r d ɹ̩	b ɔ r d ɹ̩ d	b ɔ r d ɹ̩ d	b ɔ r d ɹ̩ d	1	reg_d	7	7
hidden	dev	d ɪ s iː v	d ɪ s iː v d	d ɪ s iː v d	d ɪ s iː v d	1	reg_d	7	7
hidden	dev	w iː d	w iː d ə d	w iː d ə d	w iː d ə d	1	reg_əd	6	6
hidden	dev	d a ɪ ə ɡ n o ʊ s	d a ɪ ə ɡ n o ʊ s t	d a ɪ ɡ n d a ʊ d	d a ɪ ə ɡ n o ʊ	0	other	5	10
hidden	dev	p r o ʊ b	p r o ʊ b d	p r o ʊ b d	p r o ʊ b d	1	reg_d	7	7
hidden	dev	k r ɪ s ə n	k r ɪ s ə n d	k r ɪ s ə n d	k r ɪ s ə n d	1	reg_d	8	8
hidden	dev	ɡ r æ s	ɡ r æ s t	ɡ r æ s t	ɡ r æ s t	1	reg_t	6	6
hidden	dev	r ɪ v a ɪ z	r ɪ v a ɪ z d	r ɪ v a ɪ z d	r ɪ v a ɪ z d	1	reg_d	8	8
hidden	dev	h ɔ r ə f a ɪ	h ɔ r ə f a ɪ d	h ɔ r ə f a ɪ d	h ɔ r ə f a ɪ d	1	reg_d	9	9
hidden	dev	ə n r æ v ə l	ə n r æ v ə l d	ə n r æ v æ l d	ə n r æ v ə l d	1	vowel_change_suffix	8	9
hidden	dev	s ə l uː t	s ə l uː t ə d	s ə l uː t ə d	s ə l uː t ə d	1	reg_əd	8	8
hidden	dev	l ɑː d͡ʒ	l ɑː d͡ʒ d	l ɑː d͡ʒ d	l ɑː d͡ʒ d	1	reg_d	5	5
hidden	dev	ɪ n t r uː d	ɪ n t r uː d ə d	ɪ n t r uː d ə d	ɪ n t r uː d ə d	1	reg_əd	9	9
hidden	dev	k ɑː r p ə t	k ɑː r p ə t ə d	k ɑː r p ə t ə d	k ɑː r p ə t ə d	1	reg_əd	9	9
hidden	dev	k r ɪ t ɪ s a ɪ z	k r ɪ t ɪ s a ɪ z d	k r ɪ t ɪ s a ɪ z d	k r ɪ t ɪ s a ɪ z d	1	reg_d	11	11
hidden	dev	ɪ m ɹ̩ d͡ʒ	ɪ m ɹ̩ d͡ʒ d	ɪ m ɹ̩ d͡ʒ d	ɪ m ɹ̩ d͡ʒ d	1	reg_d	6	6
hidden	dev	s ɹ̩ v e ɪ	s ɹ̩ v e ɪ d	s ɹ̩ v e ɪ d	s ɹ̩ v e ɪ d	1	reg_d	7	7
hidden	dev	b o ʊ s t	b o ʊ s t ə d	b o ʊ s t ə d	b o ʊ s t ə d	1	reg_əd	8	8
hidden	dev	ɪ m p l ɔ r	ɪ m p l ɔ r d	ɪ m p l ɔ r d	ɪ m p l ɔ r d	1	reg_d	8	8
hidden	dev	d͡ʒ ɹ̩ m ə n e ɪ t	d͡ʒ ɹ̩ m ə n e ɪ t ə d	d͡ʒ ɹ̩ m ə n e ɪ t ə d	d͡ʒ ɹ̩ m ə n e ɪ t ə d	1	reg_əd	11	11
hidden	dev	h ɔ r n	h ɔ r n d	h ɔ r n d	h ɔ r n d	1	reg_d	6	6
hidden	dev	ə b s ɛ s	ə b s ɛ s t	ə b s ɛ s t	ə b s ɛ s t	1	reg_t	7	7
hidden	dev	ʌ n d ɹ̩ l a ɪ n	ʌ n d ɹ̩ l a ɪ n d	ʌ n d ɹ̩ l a ɪ n d	ʌ n d ɹ̩ l a ɪ n d	1	reg_d	10	10
hidden	dev	b l uː	b l uː d	b l uː d	b l uː d	1	reg_d	5	5
hidden	dev	ə f ɛ k t	ə f ɛ k t ə d	ə f ɛ k t ə d	ə f ɛ k t ə d	1	reg_əd	8	8
hidden	dev	f r ɛ t	f r ɛ t ə d	f r ɛ t ə d	f r ɛ t ə d	1	reg_əd	7	7
hidden	dev	s k ʌ t ə l	s k ʌ t ə l d	s k ʌ t ə l d	s k ʌ t ə l d	1	reg_d	8	8
hidden	dev	k ə m p a ɪ l	k ə m p a ɪ l d	k ə m p a ɪ l d	k ə m p a ɪ l d	1	reg_d	9	9
hidden	dev	s ə p r ɛ s	s ə p r ɛ s t	s ə p r ɛ s t	s ə p r ɛ s t	1	reg_t	8	8
hidden	dev	b r ɪ d͡ʒ	b r ɪ d͡ʒ d	b r ɪ d͡ʒ d	b r ɪ d͡ʒ d	1	reg_d	6	6
hidden	dev	k ə m p o ʊ z	k ə m p o ʊ z d	k ə m p o ʊ z d	k ə m p o ʊ z d	1	reg_d	9	9
hidden	dev	æ n ə t e ɪ t	æ n ə t e ɪ t ə d	æ n ə t e ɪ t ə d	æ n ə t e ɪ t ə d	1	reg_əd	10	10
hidden	dev	d ɪ l ɪ n iː e ɪ t	d ɪ l ɪ n iː e ɪ t ə d	d ɪ n iː n iː e ɪ t ə d	d ɪ l ɪ n iː e ɪ t ə d	1	other	10	12
hidden	dev	m ɛ r ɪ t	m ɛ r ɪ t ə d	m ɛ r ɪ t ə d	m ɛ r ɪ t ə d	1	reg_əd	8	8
hidden	dev	t æ k s iː	t æ k s iː d	t æ k s iː d	t æ k s iː d	1	reg_d	7	7
hidden	dev	p ɛ n ə t r e ɪ t	p ɛ n ə t r e ɪ t ə d	p ɛ n ə t r e ɪ t ə d	p ɛ n ə t r e ɪ t ə d	1	reg_əd	12	12
hidden	dev	d r uː p	d r uː p t	d r uː p t	d r uː p t	1	reg_t	6	6
hidden	dev	r ɛ p r ə z ɛ n t	r ɛ p r ə z ɛ n t ə d	r ɛ p r ə z ɛ n t ə d	r ɛ p r ə z ɛ n t ə d	1	reg_əd	12	12
hidden	dev	r ɪ v iː l	r ɪ v iː l d	r ɪ v iː l d	r ɪ v iː l d	1	reg_d	7	7
hidden	dev	k ə n f ɹ̩ m	k ə n f ɹ̩ m d	k ə n f ɹ̩ m d	k ə n f ɹ̩ m d	1	reg_d	8	8
hidden	dev	k ɑː n t ʊ r	k ɑː n t ʊ r d	k ɑː n t ʊ r d	k ɑː n t ʊ r d	1	reg_d	8	8
hidden	dev	f iː s t	f iː s t ə d	f iː s t ə d	f iː s t ə	0	reg_əd	6	7
hidden	dev	f ʊ t	f ʊ t ə d	f ʊ t	f ʊ t	1	no_change	4	4
hidden	dev	r iː ə ʃ ʊ r	r iː ə ʃ ʊ r d	r iː ə ʃ ʊ r d	r iː ə ʃ ʊ r d	1	reg_d	8	8
hidden	dev	k æ p t ɪ v e ɪ t	k æ p t ɪ v e ɪ t ə d	k æ p t ɪ v e ɪ t ə d	k æ p t ɪ v e ɪ t ə d	1	reg_əd	12	12
hidden	dev	b æ p t a ɪ z	b æ p t a ɪ z d	b æ p t a ɪ z d	b æ p t a ɪ z d	1	reg_d	9	9
hidden	dev	k ə n f a ɪ n	k ə n f a ɪ n d	k ə n f a ɪ n d	k ə n f a ɪ n d	1	reg_d	9	9
hidden	dev	h æ ʃ	h æ ʃ t	h æ ʃ t	h æ ʃ t	1	reg_t	5	5
hidden	dev	t r æ n s p l æ n t	t r æ n s p l æ n t ə d	t r æ n s p l æ n t ə d	t r æ n s p l æ n t ə d	1	reg_əd	13	13
hidden	dev	ə k ʌ m p ə n iː	ə k ʌ m p ə n iː d	ə k ʌ m p ə n p ə d	ə k ʌ m p ə n iː d	1	other	8	11
hidden	dev	h ɹ̩ d	h ɹ̩ d ə d	h ɹ̩ d ə d	h ɹ̩ d ə	0	reg_əd	5	6
hidden	dev	s w ɪ v ə l	s w ɪ v ə l d	s w ɪ v ə l d	s w ɪ v ə l d	1	reg_d	8	8
hidden	dev	k æ m p e ɪ n	k æ m p e ɪ n d	k æ m p e ɪ n d	k æ m p e ɪ n d	1	reg_d	9	9
hidden	dev	d͡ʒ ɛ n ɹ̩ e ɪ t	d͡ʒ ɛ n ɹ̩ e ɪ t ə d	d͡ʒ ɛ n ɹ̩ e ɪ t ə d	d͡ʒ ɛ n ɹ̩ e ɪ t ə d	1	reg_əd	10	10
hidden	dev	d a ʊ n l o ʊ d	d a ʊ n l o ʊ d ə d	d a ʊ n l o ʊ d ə d	d a ʊ n l o ʊ d ə d	1	reg_əd	11	11
hidden	dev	r iː z ɑː l v	r iː z ɑː l v d	r iː z ɑː l v d	r iː z ɑː l v d	1	reg_d	8	8
hidden	dev	d ɪ s k ə n t ɛ n t	d ɪ s k ə n t ɛ n t ə d	d ɪ s t ə n d	d ɪ ɪ s t k ə d	1	other	4	8
hidden	dev	f l ʌ t ɹ̩	f l ʌ t ɹ̩ d	f l ʌ t ɹ̩ d	f l ʌ t ɹ̩ d	1	reg_d	7	7
hidden	dev	h ɑː r m	h ɑː r m d	h ɑː r m d	h ɑː r m d	1	reg_d	6	6
hidden	test	f a ɪ n	f a ɪ n d	f a ɪ n d	f a ɪ n d	1	reg_d	6	6
hidden	test	s ɹ̩ f ɪ s	s ɹ̩ f ɪ s t	s ɹ̩ f ɪ s t	s ɹ̩ f ɪ s t	1	reg_t	7	7
hidden	test	s iː z	s iː z d	s iː z d	s iː z d	1	reg_d	5	5
hidden	test	v iː r	v iː r d	v iː r d	v iː r d	1	reg_d	5	5
hidden	test	k ʌ s	k ʌ s t	k ʌ s t	k ʌ s t	1	reg_t	5	5
hidden	test	ɛ m f ə s a ɪ z	ɛ m f ə s a ɪ z d	ɛ m f ə s a ɪ z d	ɛ m f ə s a ɪ z d	1	reg_d	10	10
hidden	test	r ɪ k ʌ v ɹ̩	r ɪ k ʌ v ɹ̩ d	r ɪ k ʌ v ɹ̩ d	r ɪ k ʌ v ɹ̩ d	1	reg_d	8	8
hidden	test	r ɪ v ɹ̩ t	r ɪ v ɹ̩ t ə d	r ɪ v ɹ̩ t ə d	r ɪ v ɹ̩ t ə d	1	reg_əd	8	8
hidden	test	j uː n a ɪ t	j uː n a ɪ t ə d	j uː n a ɪ t ə d	j uː n a ɪ t ə d	1	reg_əd	9	9
hidden	test	r ɪ w ɔ r d	r ɪ w ɔ r d ə d	r ɪ w ɔ r d ə d	r ɪ w ɔ r d ə d	1	reg_əd	9	9
hidden	test	s m ʌ ð ɹ̩	s m ʌ ð ɹ̩ d	s m ʌ ð ɹ̩ d	s m ʌ ð ɹ̩ d	1	reg_d	7	7
hidden	test	t æ l iː	t æ l iː d	t æ l iː d	t æ l iː d	1	reg_d	6	6
hidden	test	d ɪ v o ʊ t	d ɪ v o ʊ t ə d	d ɪ v o ʊ t ə d	d ɪ v o ʊ t ə d	1	reg_əd	9	9
hidden	test	b e ɪ l	b e ɪ l d	b e ɪ l d	b e ɪ l d	1	reg_d	6	6
hidden	test	f l ɔ r	f l ɔ r d	f l ɔ r d	f l ɔ r d	1	reg_d	6	6
hidden	test	ɪ n t ɹ̩ m ɪ k s	ɪ n t ɹ̩ m ɪ k s t	ɪ n t ɹ̩ m ɪ k s t	ɪ n t ɹ̩ m ɪ k s t	1	reg_t	10	10
hidden	test	ɪ n f l e ɪ t	ɪ n f l e ɪ t ə d	ɪ n f l e ɪ t ə d	ɪ n f l e ɪ t ə d	1	reg_əd	10	10
hidden	test	d ɑː m ə n e ɪ t	d ɑː m ə n e ɪ t ə d	d ɑː m ə n e ɪ t ə d	d ɑː m ə n e ɪ t ə d	1	reg_əd	11	11
hidden	test	d͡ʒ ɛ t ɪ s ə n	d͡ʒ ɛ t ɪ s ə n d	d͡ʒ ɛ t ɪ s ə n d	d͡ʒ ɛ t ɪ s ə n d	1	reg_d	9	9
hidden	test	p ʌ b l ɪ ʃ	p ʌ b l ɪ ʃ t	p ʌ b l ɪ ʃ t	p ʌ b l ɪ ʃ t	1	reg_t	8	8
hidden	test	h o ʊ n	h o ʊ n d	h o ʊ n d	h o ʊ n d	1	reg_d	6	6
hidden	test	f ɔ r m j ə l e ɪ t	f ɔ r m j ə l e ɪ t ə d	f j ə l j ə l e ɪ t ə d	f ɔ r m j ə l e ɪ t ə d	1	other	10	13
hidden	test	ə b æ n d ə n	ə b æ n d ə n d	ə b æ n d ə n d	ə b æ n d d ə ə n d	1	reg_d	8	9
hidden	test	w ɪ t n ə s	w ɪ t n ə s t	w ɪ t n ə s t	w ɪ t n ə s t	1	reg_t	8	8
hidden	test	h ɪ n d ɹ̩	h ɪ n d ɹ̩ d	h ɪ n d ɹ̩ d	h ɪ n d ɹ̩ d	1	reg_d	7	7
hidden	test	p l ɑː d	p l ɑː d ə d	p l ɑː d ə d	p l ɑː d ə	0	reg_əd	6	7
hidden	test	r ɪ m ɑː r k	r ɪ m ɑː r k t	r ɪ m ɑː r ɪ r	r ɪ m ɑː r k	1	other	6	8
hidden	test	ə b j uː z	ə b j uː z d	ə b j uː z d	ə b j uː z d	1	reg_d	7	7
hidden	test	d ɪ t e ɪ l	d ɪ t e ɪ l d	d ɪ t e ɪ l d	d ɪ t e ɪ l d	1	reg_d	8	8
hidden	test	r ɪ t ɑː r d	r ɪ t ɑː r d ə d	r ɪ t ɑː r d ə d	r ɪ t ɑː r d ə d	1	reg_əd	9	9
hidden	test	k ɹ̩ æ l	k ɹ̩ æ l d	k ɹ̩ æ l d	k ɹ̩ æ l d	1	reg_d	6	6
hidden	test	æ ŋ ɡ ɹ̩	æ ŋ ɡ ɹ̩ d	æ ŋ ɡ ɹ̩ d	æ ŋ ɡ ɹ̩ d	1	reg_d	6	6
hidden	test	k r ɛ d ə t	k r ɛ d ə t ə d	k r ɛ d ə t ə d	k r ɛ d ə t ə d	1	reg_əd	9	9
hidden	test	t ʌ ŋ	t ʌ ŋ d	t ʌ ŋ d	t ʌ ŋ d	1	reg_d	5	5
hidden	test	t ɔ r t͡ʃ ɹ̩	t ɔ r t͡ʃ ɹ̩ d	t ɔ r t͡ʃ ɹ̩ d	t ɔ r t͡ʃ ɹ̩ d	1	reg_d	7	7
hidden	test	p r ə p o ʊ z	p r ə p o ʊ z d	p r ə p o ʊ z d	p r ə p o ʊ z d	1	reg_d	9	9
hidden	test	s ɹ̩ a ʊ n d	s ɹ̩ a ʊ n d ə d	s ɹ̩ a ʊ n d ə d	s ɹ̩ a ʊ n d ə d	1	reg_əd	9	9
hidden	test	f l ɑː k	f l ɑː k t	f l ɑː k t	f l ɑː k t	1	reg_t	6	6
hidden	test	s p uː k	s p uː k t	s p uː k t	s p uː k t	1	reg_t	6	6
hidden	test	b ɔ k	b ɔ k t	b ɔ k t	b ɔ k t	1	reg_t	5	5
hidden	test	p ɹ̩ t͡ʃ	p ɹ̩ t͡ʃ t	p ɹ̩ t͡ʃ t	p ɹ̩ t͡ʃ t	1	reg_t	5	5
hidden	test	l iː k	l iː k t	l ɛ k t	l ɛ k t	1	vowel_change_suffix	5	5
hidden	test	h æ n d iː k æ p	h æ n d iː k æ p t	h æ n d iː k	h æ n d d	1	other	5	7
hidden	test	ɪ ɡ z ɪ b ɪ t	ɪ ɡ z ɪ b ɪ t ə d	ɪ ɡ z ɪ b ɪ t ə d	ɪ ɡ z ɪ b ɪ t ə d	1	reg_əd	10	10
hidden	test	ə d ɪ k t	ə d ɪ k t ə d	ə d ɪ k t ə d	ə d ɪ k t ə d	1	reg_əd	8	8
hidden	test	s p ʌ t ɹ̩	s p ʌ t ɹ̩ d	s p ʌ t ɹ̩ d	s p ʌ t ɹ̩ d	1	reg_d	7	7
hidden	test	b ɛ l o ʊ	b ɛ l o ʊ d	b ɛ l o ʊ d	b ɛ l o ʊ d	1	reg_d	7	7
hidden	test	n o ʊ z d a ɪ v	n o ʊ z d a ɪ v d	n o ʊ z d a ɪ v a ɪ d	n o ʊ z d d a ɪ d	1	other	9	12
hidden	test	t æ m p ɹ̩	t æ m p ɹ̩ d	t æ m p ɹ̩ d	t æ m p ɹ̩ d	1	reg_d	7	7
hidden	test	m ɔ r n	m ɔ r n d	m ɔ r n d	m ɔ r n d	1	reg_d	6	6
hidden	test	p l ɛ d͡ʒ	p l ɛ d͡ʒ d	p l ɛ d͡ʒ d	p l ɛ d͡ʒ d	1	reg_d	6	6
hidden	test	l ɛ v ə l	l ɛ v ə l d	l ɛ v ə l d	l ɛ v ə l d	1	reg_d	7	7
hidden	test	w ʊ d	w ʊ d ə d	w ʊ d	w ʊ d	1	no_change	4	4
hidden	test	f ɹ̩ b ɪ d	f ɹ̩ b e ɪ d	f ɹ̩ b ɪ d ə d	f ɹ̩ b ɪ d ə d	1	reg_əd	8	8
hidden	test	s ə b s a ɪ d	s ə b s a ɪ d ə d	s ə b s a ɪ d ə d	s ə b s a ɪ d ə d	1	reg_əd	10	10
hidden	test	s t e ɪ d͡ʒ	s t e ɪ d͡ʒ d	s t e ɪ d͡ʒ d	s t e ɪ d͡ʒ d	1	reg_d	7	7
hidden	test	ə t ɛ s t	ə t ɛ s t ə d	ə t ɛ s t ə d	ə t ɛ s t ə d	1	reg_əd	8	8
hidden	test	ɛ n d͡ʒ ə n iː r	ɛ n d͡ʒ ə n iː r d	ɛ n d͡ʒ ə n iː r d	ɛ n d͡ʒ ə n iː r d	1	reg_d	9	9
hidden	test	ə p ɔ ɪ n t	ə p ɔ ɪ n t ə d	ə p ɔ ɪ n t ə d	ə p ɔ ɪ n t ə d	1	reg_əd	9	9
hidden	test	ɪ n t ɹ̩ d͡ʒ ɛ k t	ɪ n t ɹ̩ d͡ʒ ɛ k t ə d	ɪ n t ɹ̩ d͡ʒ ɛ k t ə d	ɪ n t ɹ̩ d͡ʒ ɛ k t ə d	1	reg_əd	11	11
hidden	test	w ɹ̩ ʃ ɪ p	w ɹ̩ ʃ ɪ p t	w ɹ̩ ʃ ɪ p t	w ɹ̩ ʃ ɪ p t	1	reg_t	7	7
hidden	test	ɡ l ɪ s ə n	ɡ l ɪ s ə n d	ɡ l ɪ s ə n d	ɡ l ɪ s ə n d	1	reg_d	8	8
hidden	test	r iː p l æ n t	r iː p l æ n t ə d	r iː p l æ n t ə d	r iː p l æ n t ə d	1	reg_əd	10	10
hidden	test	r ɪ k ə ʃ e ɪ	r ɪ k ə ʃ e ɪ d	r ɪ k ə ʃ e ɪ d	r ɪ k ə ʃ e ɪ d	1	reg_d	9	9
hidden	test	w e ɪ d	w e ɪ d ə d	w e ɪ d ə d	w e ɪ d ə d	1	reg_əd	7	7
hidden	test	p ə t ɪ ʃ ə n	p ə t ɪ ʃ ə n d	p ə t ɪ ʃ ə n d	p ə t ɪ ʃ ə n d	1	reg_d	9	9
hidden	test	v a ɪ	v a ɪ d	v a ɪ d	v a ɪ d	1	reg_d	5	5
hidden	test	ɡ æ ɡ	ɡ æ ɡ d	ɡ æ ɡ d	ɡ æ ɡ d	1	reg_d	5	5
hidden	test	s ə s t e ɪ n	s ə s t e ɪ n d	s ə s t e ɪ n d	s ə s t e ɪ n d	1	reg_d	9	9
hidden	test	k l æ s ə f a ɪ	k l æ s ə f a ɪ d	k l æ s ə f a ɪ d	k l æ s ə f a ɪ d	1	reg_d	10	10
hidden	test	l ʌ m p	l ʌ m p t	l ʌ m p t	l ʌ m p t	1	reg_t	6	6
hidden	test	n ɹ̩ ɪ ʃ	n ɹ̩ ɪ ʃ t	n ɹ̩ ɪ ʃ t	n ɹ̩ ɪ ʃ t	1	reg_t	6	6
hidden	test	h iː v	h iː v d	h ɹ̩ v d	h iː v d	1	vowel_change_suffix	4	5
hidden	test	ɪ m p r ə v a ɪ z	ɪ m p r ə v a ɪ z d	ɪ m p r ə v a ɪ z d	ɪ m p r ə v a ɪ z d	1	reg_d	11	11
hidden	test	n ɛ k	n ɛ k t	n ɛ k t	n ɛ k t	1	reg_t	5	5
hidden	test	t ɹ̩ m ə n e ɪ t	t ɹ̩ m ə n e ɪ t ə d	t ɹ̩ m ə n e ɪ t ə d	t ɹ̩ m ə n e ɪ t ə d	1	reg_əd	11	11
hidden	test	k ɔ ɪ l	k ɔ ɪ l d	k ɔ ɪ l d	k ɔ ɪ l d	1	reg_d	6	6
hidden	test	ɪ n k a ʊ n t ɹ̩	ɪ n k a ʊ n t ɹ̩ d	ɪ n k a ʊ n k a ɪ t ə d	ɪ n k a ʊ n t ɹ̩ d	1	other	8	13
hidden	test	k ɑː n	k ɑː n d	k ɑː n d	k ɑː n d	1	reg_d	5	5
hidden	test	ə d ɑː p t	ə d ɑː p t ə d	ə d ɑː p t ə d	ə d ɑː p t ə d	1	reg_əd	8	8
hidden	test	r ɛ n ə v e ɪ t	r ɛ n ə v e ɪ t ə d	r ɛ n ə v e ɪ t ə d	r ɛ n ə v e ɪ t ə d	1	reg_əd	11	11
hidden	test	p r o ʊ t ɛ s t	p r o ʊ t ɛ s t ə d	p r o ʊ t ɛ s t ə d	p r o ʊ t ɛ s t ə d	1	reg_əd	11	11
hidden	test	b ɪ h o ʊ l d	b iː h ɛ l d	b ɪ h o ʊ l d ə d	b ɪ h o ʊ l d ə d	1	reg_əd	10	10
hidden	test	m ə ʃ iː n	m ə ʃ iː n d	m ə ʃ iː n d	m ə ʃ iː n d	1	reg_d	7	7
hidden	test	ʃ ɔ r	ʃ ɔ r d	ʃ ɔ r d	ʃ ɔ r d	1	reg_d	5	5
hidden	test	ɪ n ʌ n s iː e ɪ t	ɪ n ʌ n s iː e ɪ t ə d	ɪ n ʌ n s iː e ɪ t ə d	ɪ n ʌ n s iː e ɪ t ə d	1	reg_əd	12	12
hidden	test	s p ɑː r k	s p ɑː r k t	s p ɑː r k t	s p ɑː r k t	1	reg_t	7	7
hidden	test	k e ɪ t ɹ̩	k e ɪ t ɹ̩ d	k e ɪ t ɹ̩ d	k e ɪ t ɹ̩ d	1	reg_d	7	7
hidden	test	n ɹ̩ t͡ʃ ɹ̩	n ɹ̩ t͡ʃ ɹ̩ d	n ɹ̩ t͡ʃ ɹ̩ d	n ɹ̩ t͡ʃ ɹ̩ d	1	reg_d	6	6
hidden	test	ʃ e ɪ m	ʃ e ɪ m d	ʃ e ɪ m d	ʃ e ɪ m d	1	reg_d	6	6
hidden	test	w iː l d	w iː l d ə d	w iː l d ə d	w iː l d ə d	1	reg_əd	7	7
hidden	test	r iː l	r iː l d	r iː l d	r iː l d	1	reg_d	5	5
hidden	test	s t r iː m l a ɪ n	s t r iː m l a ɪ n d	s t r iː m l a ɪ n d	s t r iː m l a ɪ n d	1	reg_d	11	11
hidden	test	k ʊ ʃ ə n	k ʊ ʃ ə n d	k ʊ ʃ ə n d	k ʊ ʃ ə n d	1	reg_d	7	7
hidden	test	s a ɪ k ə l	s a ɪ k ə l d	s a ɪ k ə l d	s a ɪ k ə l d	1	reg_d	8	8
hidden	test	h ʌ d ə l	h ʌ d ə l d	h ʌ d ə l d	h ʌ d ə l d	1	reg_d	7	7
hidden	test	s æ ɡ	s æ ɡ d	s æ ɡ d	s æ ɡ d	1	reg_d	5	5
hidden	test	f l ɪ k ɹ̩	f l ɪ k ɹ̩ d	f l ɪ k ɹ̩ d	f l ɪ k ɹ̩ d	1	reg_d	7	7
hidden	test	m a ʊ n t	m a ʊ n t ə d	m a ʊ n t ə d	m a ʊ n t ə d	1	reg_əd	8	8
hidden	test	k ɹ̩ o ʊ d	k ɹ̩ o ʊ d ə d	k ɹ̩ o ʊ d ə d	k ɹ̩ o ʊ d ə d	1	reg_əd	8	8
hidden	test	s t æ ʃ	s t æ ʃ t	s t æ ʃ t	s t æ ʃ t	1	reg_t	6	6
hidden	test	s æ n d w ɪ t͡ʃ	s æ n d w ɪ t͡ʃ t	s æ n d w ɪ n d	s æ n d w ɪ t͡ʃ t	1	coda_change	7	9
hidden	test	s p ɛ s ə f a ɪ	s p ɛ s ə f a ɪ d	s p ɛ s p ɛ s a ɪ	s p ɛ s ə f a ɪ d	1	other	6	10
hidden	test	p ɪ t iː	p ɪ t iː d	p ɪ t iː d	p ɪ t iː d	1	reg_d	6	6
hidden	test	ə w e ɪ t	ə w e ɪ t ə d	ə w e ɪ t ə d	ə w e ɪ t ə d	1	reg_əd	8	8
hidden	test	k w ɪ z	k w ɪ z d	k w ɪ z d	k w ɪ z	1	reg_d	5	6
hidden	test	t r æ m p	t r æ m p t	t r æ m p t	t r æ m p t	1	reg_t	7	7
hidden	test	s k ʌ f	s k ʌ f t	s k ʌ f t	s k ʌ f t	1	reg_t	6	6
hidden	test	ə m e ɪ z	ə m e ɪ z d	ə m e ɪ z d	ə m e ɪ z d	1	reg_d	7	7
hidden	test	m æ ɡ n ə f a ɪ	m æ ɡ n ə f a ɪ d	m æ ɡ n ə f a ɪ d	m æ ɡ n ə f a ɪ d	1	reg_d	10	10
hidden	test	s a ɪ d ə l	s a ɪ d ə l d	s a ɪ d ə l d	s a ɪ d d ə l	1	reg_d	7	8
hidden	test	p e ɪ p ɹ̩	p e ɪ p ɹ̩ d	p e ɪ p ɹ̩ d	p e ɪ p ɹ̩ d	1	reg_d	7	7
hidden	test	s t ʌ n	s t ʌ n d	s t ʌ n d	s t ʌ n d	1	reg_d	6	6
hidden	test	d ɪ s ɡ ʌ s t	d ɪ s ɡ ʌ s t ə d	d ɪ s ɡ ʌ s t ə d	d ɪ s ɡ ʌ s t ə	0	reg_əd	9	10
hidden	test	s l iː v	s l iː v d	s l iː v d	s l iː v d	1	reg_d	6	6
hidden	test	k r e ɪ v	k r e ɪ v d	k r e ɪ v d	k r e ɪ v d	1	reg_d	7	7
hidden	test	b r uː	b r uː d	b r uː d	b r uː d	1	reg_d	5	5
hidden	test	b ʌ m	b ʌ m d	b ʌ m d	b ʌ m d	1	reg_d	5	5
hidden	test	b e ɪ t	b e ɪ t ə d	b e ɪ t ə d	b e ɪ t ə d	1	reg_əd	7	7
hidden	test	l ʊ r	l ʊ r d	l ʊ r d	l ʊ r d	1	reg_d	5	5
hidden	test	ɪ m b a ɪ b	ɪ m b a ɪ b d	ɪ m b a ɪ b d	ɪ m b a ɪ b d	1	reg_d	8	8
hidden	test	d ə b e ɪ t	d ə b e ɪ t ə d	d ə b e ɪ t ə d	d ə b e ɪ t ə d	1	reg_əd	9	9
hidden	test	f l ʌ ŋ k	f l ʌ ŋ k t	f l ʌ ŋ k t	f l ʌ ŋ k t	1	reg_t	7	7
hidden	test	b iː r d	b iː r d ə d	b iː r d ə d	b iː r d ə d	1	reg_əd	7	7
hidden	test	r iː t e ɪ k	r iː t ʊ k	r iː t e ɪ k	r iː t e ɪ k	1	no_change	7	7
hidden	test	ɛ n v ɛ l ə p	ɛ n v ɛ l ə p t	ɛ n v ɛ l ə p t	ɛ n v ɛ l ə p t	1	reg_t	9	9
hidden	test	ə n ɔ ɪ	ə n ɔ ɪ d	ə n ɔ ɪ d	ə n ɔ ɪ d	1	reg_d	6	6
hidden	test	t iː m	t iː m d	t iː m d	t iː m d	1	reg_d	5	5
hidden	test	k ə n f ɪ ɡ j ɹ̩	k ə n f ɪ ɡ j ɹ̩ d	k ə n f ɪ ɡ j a ɪ t ɹ̩ e ɪ t ə d	k ə n f ɪ ɡ j ɹ̩ d	1	other	11	17
hidden	test	h ɑː r v ə s t	h ɑː r v ə s t ə d	h ɑː r v ə s t ə d	h ɑː r v ə s t ə d	1	reg_əd	10	10
hidden	test	l ɪ s t	l ɪ s t	l ɪ s t ə d	l ɪ s t ə d	1	reg_əd	7	7
hidden	test	r ɪ b ɛ l	r ɪ b ɛ l d	r ɪ b ɛ l d	r ɪ b ɛ l d	1	reg_d	7	7
hidden	test	r æ m b ə l	r æ m b ə l d	r æ m b ə l d	r æ m b ə l d	1	reg_d	8	8
hidden	test	f ɹ̩ m ɛ n t	f ɹ̩ m ɛ n t ə d	f ɹ̩ m ɛ n t ə d	f ɹ̩ m ɛ n t ə	0	reg_əd	8	9
hidden	test	s p ɑː n s ɹ̩	s p ɑː n s ɹ̩ d	s p ɑː n s ɹ̩ d	s p ɑː n s ɹ̩ d	1	reg_d	8	8
hidden	test	m ɹ̩ m ɹ̩	m ɹ̩ m ɹ̩ d	m ɹ̩ m ɹ̩ d	m ɹ̩ m ɹ̩ d	1	reg_d	6	6
hidden	test	s p ɹ̩ t	s p ɹ̩ t ə d	s p ɹ̩ t ə d	s p ɹ̩ t ə d	1	reg_əd	7	7
hidden	test	ɔ f s ɛ t	ɔ f s ɛ t	ɔ f s ɛ t ə d	ɔ f s ɛ t ə d	1	reg_əd	8	8
hidden	test	p ɛ s t ɹ̩	p ɛ s t ɹ̩ d	p ɛ s t ɹ̩ d	p ɛ s t ɹ̩ d	1	reg_d	7	7
hidden	test	m ɑː k	m ɑː k t	m ɑː k t	m ɑː k t	1	reg_t	5	5
hidden	test	ɡ l ɛ r	ɡ l ɛ r d	ɡ l ɛ r d	ɡ l ɛ r d	1	reg_d	6	6
hidden	test	v æ l j uː	v æ l j uː d	v æ l j uː d	v æ l j uː d	1	reg_d	7	7
hidden	test	p ɹ̩ k	p ɹ̩ k t	p ɹ̩ k t	p ɹ̩ k t	1	reg_t	5	5
hidden	test	r iː d͡ʒ ɔ ɪ n	r iː d͡ʒ ɔ ɪ n d	r iː d͡ʒ ɔ ɪ n d	r iː d͡ʒ ɔ ɪ n d	1	reg_d	8	8
hidden	test	ɡ r e ɪ d	ɡ r e ɪ d ə d	ɡ r e ɪ d ə d	ɡ r e ɪ d ə d	1	reg_əd	8	8
hidden	test	s k r a ʊ n d͡ʒ	s k r a ʊ n d͡ʒ d	s k r a ʊ n d͡ʒ d	s k r a ʊ n d͡ʒ d	1	reg_d	9	9
hidden	test	uː z	uː z d	uː z d	uː z d	1	reg_d	4	4
hidden	test	b æ f ə l	b æ f ə l d	b æ f ə l d	b æ f ə l d	1	reg_d	7	7
hidden	test	ɪ m p l ə m ɛ n t	ɪ m p l ə m ɛ n t ə d	ɪ m p l ə m ɛ n t ə d	ɪ m p l ə m ɛ n t ə d	1	reg_əd	12	12
hidden	test	ə p ɡ r e ɪ d	ə p ɡ r e ɪ d ə d	ə p ɡ r e ɪ d ə d	ə p ɡ r e ɪ d ə d	1	reg_əd	10	10
hidden	test	k ə n s ɹ̩ n	k ə n s ɹ̩ n d	k ə n s ɹ̩ n d	k ə n s ɹ̩ n d	1	reg_d	8	8
hidden	test	r iː s ɹ̩ t͡ʃ	r iː s ɹ̩ t͡ʃ t	r iː s ɹ̩ t͡ʃ t	r iː s ɹ̩ t͡ʃ t	1	reg_t	7	7
hidden	test	ɪ n s p a ɪ ɹ̩	ɪ n s p a ɪ ɹ̩ d	ɪ n s p a ɪ ɹ̩ d	ɪ n s p a ɪ ɹ̩ d	1	reg_d	9	9
hidden	test	s a ɪ l ə n s	s a ɪ l ə n s t	s a ɪ l ə n s t	s a ɪ l ə n s t	1	reg_t	9	9
hidden	test	b ɑː n d	b ɑː n d ə d	b ɑː n d ə d	b ɑː n d ə d	1	reg_əd	7	7
hidden	test	s n æ ɡ	s n æ ɡ d	s n æ ɡ d	s n æ ɡ d	1	reg_d	6	6
hidden	test	s t a ɪ l	s t a ɪ l d	s t a ɪ l d	s t a ɪ l d	1	reg_d	7	7
hidden	test	r iː j uː z	r iː uː z d	r iː j uː z d	r iː j uː z d	1	reg_d	7	7
hidden	test	d ɪ v a ʊ ɹ̩	d ɪ v a ʊ ɹ̩ d	d ɪ v a ʊ ɹ̩ d	d ɪ v a ʊ ɹ̩ d	1	reg_d	8	8
hidden	test	ɪ l ɛ k t r ə k j uː t	ɪ l ɛ k t r ə k j uː t ə d	ɪ l ɛ k t ə d	ɪ l ɛ k t r ə k j ə d	1	other	6	8
hidden	test	f ʌ ŋ k ʃ ə n	f ʌ ŋ k ʃ ə n d	f ʌ ŋ k ʃ ə n d	f ʌ ŋ k ʃ ə n d	1	reg_d	9	9
hidden	test	k o ʊ ə ɡ z ɪ s t	k o ʊ ə ɡ z ɪ s t ə d	k o ʊ ɡ z ɪ s t	k o ʊ ə ɡ z ɪ d	1	other	7	9
hidden	test	l uː t	l uː t ə d	l uː t ə d	l uː t ə d	1	reg_əd	6	6
hidden	test	b r æ ɡ	b r æ ɡ d	b r æ ɡ d	b r æ ɡ d	1	reg_d	6	6
hidden	test	k æ l k j ə l e ɪ t	k æ l k j ə l e ɪ t ə d	k j ə l k j ə d	k æ l k j ə l e ɪ t ə d	1	other	5	9
hidden	test	ɡ l ɪ t ɹ̩	ɡ l ɪ t ɹ̩ d	ɡ l ɪ t ɹ̩ d	ɡ l ɪ t ɹ̩ d	1	reg_d	7	7
hidden	test	b r e ɪ s	b r e ɪ s t	b r e ɪ s t	b r e ɪ s t	1	reg_t	7	7
hidden	test	m ɪ n t	m ɪ n t ə d	m ɪ n t ə d	m ɪ n t ə d	1	reg_əd	7	7
hidden	test	h uː t	h uː t ə d	h uː t ə d	h uː t ə d	1	reg_əd	6	6
hidden	test	b r ɔ ɪ l	b r ɔ ɪ l d	b r ɔ ɪ l d	b r ɔ ɪ l d	1	reg_d	7	7
hidden	test	s ɛ v ɹ̩	s ɛ v ɹ̩ d	s ɛ v ɹ̩ d	s ɛ v ɹ̩ d	1	reg_d	6	6
hidden	test	d ɪ s t r ɪ b j uː t	d ɪ s t r ɪ b j uː t ə d	d	d	1	other	2	2
hidden	test	t ʊ r	t ʊ r d	t ʊ r d	t ʊ r d	1	reg_d	5	5
hidden	test	t͡ʃ æ t	t͡ʃ æ t ə d	t͡ʃ æ t	t͡ʃ æ t	1	no_change	4	4
hidden	test	s ə b m ɪ t	s ə b m ɪ t ə d	s ə b m ɪ t ə d	s ə b m ɪ t ə d	1	reg_əd	9	9
hidden	test	h ɑː l o ʊ	h ɑː l o ʊ d	h ɑː l o ʊ d	h ɑː l o ʊ d	1	reg_d	7	7
hidden	test	s ʌ m ə n	s ʌ m ə n d	s ʌ m ə n d	s ʌ m ə n d	1	reg_d	7	7
hidden	test	ɡ r ʌ n t	ɡ r ʌ n t ə d	ɡ r ʌ n t ə d	ɡ r ʌ n t ə d	1	reg_əd	8	8
hidden	test	ə l ɑː t	ə l ɑː t ə d	ə l ɑː t ə d	ə l ɑː t ə d	1	reg_əd	7	7
hidden	test	s ɹ̩ f	s ɹ̩ f t	s ɹ̩ f t	s ɹ̩ f t	1	reg_t	5	5
hidden	test	p l a ɪ	p l a ɪ d	p l a ɪ d	p l a ɪ d	1	reg_d	6	6
hidden	test	n ɛ s t	n ɛ s t ə d	n ɛ s t ə d	n ɛ s t ə d	1	reg_əd	7	7
hidden	test	d uː p l ə k e ɪ t	d uː p l ə k e ɪ t ə d	d ɪ p l ə k e ɪ t ə d	d ɪ uː ə p l ə k e ɪ t ə d	1	other	11	12
hidden	test	r e ɪ d iː e ɪ t	r e ɪ d iː e ɪ t ə d	r e ɪ d iː e ɪ t ə d	r e ɪ d d iː e ɪ d	1	reg_əd	10	11
hidden	test	b l e ɪ d	b l e ɪ d ə d	b l e ɪ d ə d	b l e ɪ d ə d	1	reg_əd	8	8
hidden	test	s k w ɛ l t͡ʃ	s k w ɛ l t͡ʃ t	s k w ɛ l ɛ l	s k w ɛ l t͡ʃ t	1	other	6	8
hidden	test	t r æ ʃ	t r æ ʃ t	t r æ ʃ t	t r æ ʃ t	1	reg_t	6	6
hidden	test	s t r iː k	s t r iː k t	s t r iː k t	s t r iː k t	1	reg_t	7	7
hidden	test	d ɪ p r ɛ s	d ɪ p r ɛ s t	d ɪ p r ɛ s t	d ɪ p r ɛ s t	1	reg_t	8	8
hidden	test	k o ʊ ɔ r d ə n e ɪ t	k o ʊ ɔ r d ə n e ɪ t ə d	k o ʊ d ə n t ə d	k o ʊ r d ə d ə d	1	other	6	10
hidden	test	m æ n j ə f æ k t͡ʃ ɹ̩	m æ n j ə f æ k t͡ʃ ɹ̩ d	m ə f æ k j ə d	m æ n j ə f æ k t͡ʃ ɹ̩ d	1	other	5	9
hidden	test	ɪ n d uː s	ɪ n d uː s t	ɪ n d uː s t	ɪ n d uː s t	1	reg_t	7	7
hidden	test	ɛ n e ɪ b ə l	ɛ n e ɪ b ə l d	ɛ n e ɪ b ə l d	ɛ n e ɪ b ə l d	1	reg_d	9	9
hidden	test	b l ɪ s t ɹ̩	b l ɪ s t ɹ̩ d	b l ɪ s t ɹ̩ d	b l ɪ s t ɹ̩ d	1	reg_d	8	8
hidden	test	p r ɪ s iː d	p r ɪ s iː d ə d	p r ɪ s iː d ə d	p r ɪ s iː d ə d	1	reg_əd	9	9
hidden	test	s w iː t ə n	s w iː t ə n d	s w iː t ə n d	s w iː t ə n d	1	reg_d	8	8
hidden	test	p æ t͡ʃ	p æ t͡ʃ t	p æ t͡ʃ t	p æ t͡ʃ t	1	reg_t	5	5
hidden	test	ə p r uː v	ə p r uː v d	ə p r uː v d	ə p r uː v d	1	reg_d	7	7
hidden	test	d ɛ z ɪ ɡ n e ɪ t	d ɛ z ɪ ɡ n e ɪ t ə d	d ɛ n d ɡ n e ɪ t ə d	d ɛ z ɪ ɡ n e ɪ t ə d	1	other	10	12
hidden	test	ɡ ʌ ʃ	ɡ ʌ ʃ t	ɡ ʌ ʃ t	ɡ ʌ ʃ t	1	reg_t	5	5
hidden	test	ə k w a ɪ ɹ̩	ə k w a ɪ ɹ̩ d	ə k w a ɪ ɹ̩ d	ə k w a ɪ ɹ̩ d	1	reg_d	8	8
hidden	test	k l ʌ t ɹ̩	k l ʌ t ɹ̩ d	k l ʌ t ɹ̩ d	k l ʌ t ɹ̩ d	1	reg_d	7	7
hidden	test	l iː s	l iː s t	l iː s t	l iː s t	1	reg_t	5	5
hidden	test	ɛ n v iː	ɛ n v iː d	ɛ n v iː d	ɛ n v iː d	1	reg_d	6	6
hidden	test	p r a ɪ m	p r a ɪ m d	p r a ɪ m d	p r a ɪ m d	1	reg_d	7	7
hidden	test	ɔ r b ə t	ɔ r b ə t ə d	ɔ r b ə t ə d	ɔ r b ə t ə d	1	reg_əd	8	8
hidden	test	h j uː	h j uː	h j uː d	h j uː d	1	reg_d	5	5
hidden	test	ɪ n s ə l e ɪ t	ɪ n s ə l e ɪ t ə d	ɪ n s ə l e ɪ t ə d	ɪ n s ə l e ɪ t ə d	1	reg_əd	11	11
hidden	test	p æ k ɪ d͡ʒ	p æ k ɪ d͡ʒ d	p æ k ɪ d͡ʒ d	p æ k ɪ d͡ʒ d	1	reg_d	7	7
hidden	test	ɪ n s ʌ l t	ɪ n s ʌ l t ə d	ɪ n s ʌ l t ə d	ɪ n s ʌ l t ə d	1	reg_əd	9	9
hidden	test	s uː ð	s uː ð d	s uː ð d	s uː ð d	1	reg_d	5	5
hidden	test	k w o ʊ t	k w o ʊ t ə d	k w o ʊ t ə d	k w o ʊ t ə d	1	reg_əd	8	8
hidden	test	r iː k ə n s ɪ d ɹ̩	r iː k ə n s ɪ d ɹ̩ d	r iː s t ɪ d	r iː k ə n s ɪ d	1	other	3	7
hidden	test	b r æ n d	b r æ n d ə d	b r æ n d ə d	b r æ n d ə d	1	reg_əd	8	8
hidden	test	k l e ɪ m	k l e ɪ m d	k l e ɪ m d	k l e ɪ m d	1	reg_d	7	7
hidden	test	s p l a ɪ s	s p l a ɪ s t	s p l a ɪ s t	s p l a ɪ s t	1	reg_t	8	8
hidden	test	ɪ m p r ɪ n t	ɪ m p r ɪ n t ə d	ɪ m p r ɪ n t ə d	ɪ m p r ɪ n t ə d	1	reg_əd	10	10
hidden	test	r iː p e ɪ	r iː p e ɪ d	r iː p e ɪ d	r iː p e ɪ d	1	reg_d	7	7
hidden	test	k ə n s iː v	k ə n s iː v d	k ə n s iː v d	k ə n s iː v d	1	reg_d	8	8
hidden	test	s iː p	s iː p t	s iː p t	s iː p t	1	reg_t	5	5
hidden	test	h ʌ ʃ	h ʌ ʃ t	h ʌ ʃ t	h ʌ ʃ t	1	reg_t	5	5
hidden	test	k o ʊ k s	k o ʊ k s t	k o ʊ k s t	k o ʊ k s t	1	reg_t	7	7
hidden	test	ʃ iː r	ʃ iː r d	ʃ iː r d	ʃ iː r d	1	reg_d	5	5
hidden	test	f l ʌ d	f l ʌ d ə d	f l ʌ d ə d	f l ʌ d ə d	1	reg_əd	7	7
hidden	test	r iː d ɹ̩ ɛ k t	r iː d ɹ̩ ɛ k t ə d	r iː d ɹ̩ ɛ k t ə d	r iː d ɹ̩ ɛ k t ə d	1	reg_əd	10	10
hidden	test	ɪ k s p a ɪ ɹ̩	ɪ k s p a ɪ ɹ̩ d	ɪ k s p a ɪ ɹ̩ d	ɪ k s p a ɪ ɹ̩ d	1	reg_d	9	9
hidden	test	p ə z ɛ s	p ə z ɛ s t	p ə z ɛ s t	p ə z ɛ s t	1	reg_t	7	7
hidden	test	p l ʌ m p	p l ʌ m p t	p l ʌ m p t	p l ʌ m p t	1	reg_t	7	7
hidden	test	ɡ e ɪ z	ɡ e ɪ z d	ɡ e ɪ z d	ɡ e ɪ z d	1	reg_d	6	6
hidden	test	t͡ʃ ɑː r m	t͡ʃ ɑː r m d	t͡ʃ ɑː r m d	t͡ʃ ɑː r m d	1	reg_d	6	6
hidden	test	d ɪ s r ʌ p t	d ɪ s r ʌ p t ə d	d ɪ s r ʌ p t ə d	d ɪ s r ʌ p t ə d	1	reg_əd	10	10
hidden	test	ə f ɛ n d	ə f ɛ n d ə d	ə f ɛ n d ə d	ə f ɛ n d ə d	1	reg_əd	8	8
hidden	test	d͡ʒ æ z	d͡ʒ æ z d	d͡ʒ æ z d	d͡ʒ æ z d	1	reg_d	5	5
hidden	test	ə s ɪ s t	ə s ɪ s t ə d	ə s ɪ s t ə d	ə s ɪ s t ə d	1	reg_əd	8	8
hidden	test	h ɔ ɪ s t	h ɔ ɪ s t ə d	h ɔ ɪ s t ə d	h ɔ ɪ s t ə d	1	reg_əd	8	8
hidden	test	s p ɑː r k ə l	s p ɑː r k ə l d	s p ɑː r k ə l d	s p ɑː r k ə l d	1	reg_d	9	9
hidden	test	ɪ n f ɛ s t	ɪ n f ɛ s t ə d	ɪ n f ɛ s t ə d	ɪ n f ɛ s t ə d	1	reg_əd	9	9
hidden	test	r æ ʃ ə n	r æ ʃ ə n d	r æ ʃ ə n d	r æ ʃ ə n d	1	reg_d	7	7
hidden	test	s p e ɪ	s p e ɪ d	s p e ɪ d	s p e ɪ d	1	reg_d	6	6
hidden	test	l ɛ t ɹ̩	l ɛ t ɹ̩ d	l ɛ t ɹ̩ d	l ɛ t ɹ̩ d	1	reg_d	6	6
hidden	test	p r o ʊ h ɪ b ə t	p r o ʊ h ɪ b ə t ə d	p r e ɪ b ɪ d͡ʒ d	p r ʌ o ʊ h ɪ d	1	other	4	9
hidden	test	ə b r iː v iː e ɪ t	ə b r iː v iː e ɪ t ə d	ə b r iː v iː e ɪ t ə d	ə b r iː v iː e ɪ t ə d	1	reg_əd	12	12
hidden	test	s ə f a ɪ s	s ə f a ɪ s t	s ə f a ɪ s t	s ə f a ɪ s t	1	reg_t	8	8
hidden	test	d ɹ̩ a ɪ v	d ɹ̩ a ɪ v d	d ɹ̩ a ɪ v d	d ɹ̩ a ɪ v d	1	reg_d	7	7
hidden	test	s t uː p	s t uː p t	s t uː p t	s t uː p t	1	reg_t	6	6
hidden	test	b r a ɪ b	b r a ɪ b d	b r a ɪ b d	b r a ɪ b d	1	reg_d	7	7
hidden	test	s k æ t ɹ̩	s k æ t ɹ̩ d	s k æ t ɹ̩ d	s k æ t ɹ̩ d	1	reg_d	7	7
hidden	test	s k æ m	s k æ m d	s k æ m d	s k æ m d	1	reg_d	6	6
hidden	test	s t ɑː k	s t ɑː k t	s t ɑː k t	s t ɑː k t	1	reg_t	6	6
hidden	test	d a ʊ s	d a ʊ s t	d a ʊ s t	d a ʊ s t	1	reg_t	6	6
hidden	test	ɪ ɡ z æ k t	ɪ ɡ z æ k t ə d	ɪ ɡ z æ k t ə d	ɪ ɡ z æ k t ə d	1	reg_əd	9	9
hidden	test	r iː k ə n s t r ʌ k t	r iː k ə n s t r ʌ k t ə d	r iː t ə d	r iː k ə d	1	other	3	6
hidden	test	l æ n d s k e ɪ p	l æ n d s k e ɪ p t	l æ n d	l æ n d	1	other	5	5
hidden	test	b ɪ l e ɪ b ɹ̩	b ɪ l e ɪ b ɹ̩ d	b ɪ l e ɪ l ɹ̩ d	b ɪ l e ɪ b ɹ̩ d	1	other	8	9
hidden	test	k ɑː m p l ə k e ɪ t	k ɑː m p l ə k e ɪ t ə d	k l ə k ɑː k l e ɪ t ə d	k ɑː m p l ə k e ɪ t ə d	1	other	7	13
hidden	test	b ɛ l t͡ʃ	b ɛ l t͡ʃ t	b ɛ l t͡ʃ t	b ɛ l t͡ʃ t	1	reg_t	6	6
hidden	test	s t ʌ m p	s t ʌ m p t	s t ʌ m p t	s t ʌ m p t	1	reg_t	7	7
hidden	test	s ə b t r æ k t	s ə b t r æ k t ə d	s ə b t r æ k t ə d	s ə b t r æ k t ə d	1	reg_əd	11	11
hidden	test	ɪ v æ p ɹ̩ e ɪ t	ɪ v æ p ɹ̩ e ɪ t ə d	ɪ v æ p ɹ̩ e ɪ t ə d	ɪ v æ p ɹ̩ e ɪ t ə d	1	reg_əd	11	11
hidden	test	v ɛ n t ɪ l e ɪ t	v ɛ n t ɪ l e ɪ t ə d	v ɛ n t ɪ l e ɪ t ə d	v ɛ n t ɪ l e ɪ t ə d	1	reg_əd	12	12
hidden	test	d ɪ p ɔ r t	d ɪ p ɔ r t ə d	d ɪ p ɔ r t ə d	d ɪ p ɔ r t ə d	1	reg_əd	9	9
hidden	test	p ɹ̩ s ɑː n ə f a ɪ	p ɹ̩ s ɑː n ə f a ɪ d	p ɹ̩ n ə f ɑː ə f a ɪ s t ʊ d	p ɹ̩ s ɑː n ə f a ɪ d	1	other	7	15
hidden	test	ə d æ p t	ə d æ p t ə d	ə d æ p t ə d	ə d æ p t ə d	1	reg_əd	8	8
hidden	test	r ɪ v a ɪ v	r ɪ v a ɪ v d	r ɪ v a ɪ v d	r ɪ v a ɪ v d	1	reg_d	8	8
hidden	test	b æ n d ɪ d͡ʒ	b æ n d ɪ d͡ʒ d	b æ n d ɪ d͡ʒ d	b æ n d d ɪ d͡ʒ d	1	reg_d	7	8
hidden	test	k uː p	k uː p t	k uː p t	k uː p t	1	reg_t	5	5
hidden	test	d ɪ f ɹ̩	d ɪ f ɹ̩ d	d ɪ f ɹ̩ d	d ɪ f ɹ̩ d	1	reg_d	6	6
hidden	test	b ʊ l iː	b ʊ l iː d	b ʊ l iː d	b ʊ l iː d	1	reg_d	6	6
hidden	test	r e ɪ	r e ɪ d	r e ɪ d	r e ɪ d	1	reg_d	5	5
hidden	test	l æ m ə n e ɪ t	l æ m ə n e ɪ t ə d	l æ m ə n e ɪ t ə d	l æ m ə n e ɪ t ə d	1	reg_əd	11	11
hidden	test	k ə n t r ɪ b j uː t	k ə n t r ɪ b j uː t ə d	k r ɪ b ɪ b ə d	k ə n t r ɪ d	1	other	3	9
hidden	test	v ɛ n t͡ʃ ɹ̩	v ɛ n t͡ʃ ɹ̩ d	v ɛ n t͡ʃ ɹ̩ d	v ɛ n t͡ʃ ɹ̩ d	1	reg_d	7	7
hidden	test	r e ɪ n d͡ʒ	r e ɪ n d͡ʒ d	r e ɪ n d͡ʒ d	r e ɪ n d͡ʒ d	1	reg_d	7	7
hidden	test	r iː z ə n	r iː z ə n d	r iː z ə n d	r iː z ə n d	1	reg_d	7	7
hidden	test	ɪ n s ɹ̩ t	ɪ n s ɹ̩ t ə d	ɪ n s ɹ̩ t ə d	ɪ n s ɹ̩ t ə d	1	reg_əd	8	8
hidden	test	f ɑː s t ɹ̩	f ɑː s t ɹ̩ d	f ɑː s t ɹ̩ d	f ɑː s t ɹ̩ d	1	reg_d	7	7
hidden	test	s p r e ɪ n	s p r e ɪ n d	s p r e ɪ n d	s p r e ɪ n d	1	reg_d	8	8
hidden	test	m ʌ l	m ʌ l d	m ʌ l d	m ʌ l d	1	reg_d	5	5
hidden	test	ə w ɔ r d	ə w ɔ r d ə d	ə w ɔ r d ə d	ə w ɔ r d ə d	1	reg_əd	8	8
hidden	test	h e ɪ l	h e ɪ l d	h e ɪ l d	h e ɪ l d	1	reg_d	6	6
hidden	test	d͡ʒ æ b	d͡ʒ æ b d	d͡ʒ æ b d	d͡ʒ æ b d	1	reg_d	5	5
hidden	test	m ɪ n ə m a ɪ z	m ɪ n ə m a ɪ z d	m ɪ n ə m a ɪ z d	m ɪ n ə m a ɪ z d	1	reg_d	10	10
hidden	test	ɑː p t	ɑː p t ə d	ɑː p t ə d	ɑː p t ə d	1	reg_əd	6	6
hidden	test	k ɔ ɪ n	k ɔ ɪ n d	k ɔ ɪ n d	k ɔ ɪ n d	1	reg_d	6	6
hidden	test	ə t͡ʃ iː v	ə t͡ʃ iː v d	ə t͡ʃ iː v d	ə t͡ʃ iː v d	1	reg_d	6	6
hidden	test	h ɑː b ə l	h ɑː b ə l d	h ɑː b ə l d	h ɑː b ə l d	1	reg_d	7	7
hidden	test	ɛ s t ə m e ɪ t	ɛ s t ə m e ɪ t ə d	ɛ s t ə m e ɪ t ə d	ɛ s t ə m e ɪ t ə d	1	reg_əd	11	11
hidden	test	s k r æ p	s k r æ p t	s k r æ p t	s k r æ p t	1	reg_t	7	7
hidden	test	s k ʌ l p t	s k ʌ l p t ə d	s k ʌ l p t ə d	s k e ʌ l p t	1	reg_əd	8	9
hidden	test	n ʌ d͡ʒ	n ʌ d͡ʒ d	n ʌ d͡ʒ d	n ʌ d͡ʒ d	1	reg_d	5	5
hidden	test	ə p iː l	ə p iː l d	ə p iː l d	ə p iː l d	1	reg_d	6	6
hidden	test	ɛ s k ɔ r t	ɛ s k ɔ r t ə d	ɛ s k ɔ r t ə d	ɛ s k ɔ r t ə d	1	reg_əd	9	9
hidden	test	θ ɪ k ə n	θ ɪ k ə n d	θ ɪ k ə n d	θ ɪ k ə n d	1	reg_d	7	7
hidden	test	b l o ʊ t	b l o ʊ t ə d	b l o ʊ t ə d	b l o ʊ t ə d	1	reg_əd	8	8
hidden	test	p r ə ɡ r ɛ s	p r ə ɡ r ɛ s t	p r ə ɡ r ɛ s t	p r ə ɡ r ɛ s t	1	reg_t	9	9
hidden	test	b e ɪ	b e ɪ d	b e ɪ d	b e ɪ d	1	reg_d	5	5
hidden	test	ɛ k s t r ə k e ɪ t	ɛ k s t r ə k e ɪ t ə d	ɛ k s t r ə k t ə d	ɛ k s t r ə k e ɪ t ə d	1	other	8	11
hidden	test	h ɛ m	h ɛ m d	h ɛ m d	h ɛ m d	1	reg_d	5	5
hidden	test	d ɪ k l a ɪ n	d ɪ k l a ɪ n d	d ɪ k l a ɪ n d	d ɪ k l a ɪ n d	1	reg_d	9	9
hidden	test	s t ɪ t͡ʃ	s t ɪ t͡ʃ t	s t ɪ t͡ʃ t	s t ɪ t͡ʃ t	1	reg_t	6	6
context	ftune	ɡ ɛ t	ɡ ɑː t	ɡ ɛ t	ɡ ɛ t	1	no_change	4	4
context	ftune	p ʊ t	p ʊ t	p ʊ t	p ʊ t ə d	1	no_change	4	4
context	ftune	ɡ o ʊ	w ɛ n t	ɡ o ʊ d	ɡ o ʊ d	1	reg_d	5	5
context	ftune	iː t	e ɪ t	iː t ə d	iː t ə d	1	reg_əd	5	5
context	ftune	w ɔ n t	w ɔ n t ə d	w ɔ n t ə d	w ɔ n t ə d	1	reg_əd	7	7
context	ftune	n ɑː k	n ɑː k t	n ɑː k t	n ɑː k t ə d	1	reg_t	5	5
context	ftune	l ɪ s ə n	l ɪ s ə n d	l ɪ s ə n d	l ɪ s ə n d	1	reg_d	7	7
context	ftune	p ʌ f	p ʌ f t	p ʌ f t	p ʌ f t	1	reg_t	5	5
context	ftune	h o ʊ p	h o ʊ p t	h o ʊ p t	h o ʊ p t	1	reg_t	6	6
context	ftune	n iː d	n iː d ə d	n ɛ d ə d	n iː d ə d	1	other	3	6
context	ftune	k æ t͡ʃ	k ɔ t	k æ t͡ʃ t	k æ t͡ʃ t	1	reg_t	5	5
context	ftune	z ɪ p ɹ̩	z ɪ p ɹ̩ d	z ɪ p ɹ̩ d	z ɪ p ɹ̩ d	1	reg_d	6	6
context	ftune	h ɑː p	h ɑː p t	h ɑː p t	h ɹ̩ p	1	reg_t	5	5
context	ftune	k æ r iː	k æ r iː d	k æ r iː d	k æ r iː d	1	reg_d	6	6
context	ftune	r ɪ t ɹ̩ n	r ɪ t ɹ̩ n d	r ɪ t ɹ̩ n d	r ɪ t ɹ̩ n d	1	reg_d	7	7
context	ftune	f iː d	f ɛ d	f iː d ə d	f iː d ə d	1	reg_əd	5	6
context	ftune	ɡ ɑː b ə l	ɡ ɑː b ə l d	ɡ ɑː b ə l d	ɡ ɑː b ə l d	1	reg_d	7	7
context	ftune	o ʊ p ə n	o ʊ p ə n d	o ʊ p ə n d	o ʊ p ə n d	1	reg_d	7	7
context	ftune	h o ʊ l d	h ɛ l d	h o ʊ l d ə d	h o ʊ l d ə d	1	reg_əd	8	8
context	ftune	d ɪ l ɪ v ɹ̩	d ɪ l ɪ v ɹ̩ d	d ɪ l ɪ v ɹ̩ d	d ɪ l ɪ v ɹ̩ d	1	reg_d	8	8
context	ftune	r ʌ b	r ʌ b d	r ʌ b d	r ʌ b d	1	reg_d	5	5
context	ftune	w ɑː t͡ʃ	w ɑː t͡ʃ t	w ɑː t͡ʃ t	w ɑː t͡ʃ d	1	reg_t	4	5
context	ftune	p l iː z	p l iː z d	p l iː z d	p l iː z d	1	reg_d	6	6
context	ftune	w ɔ k	w ɔ k t	w ɔ k t	w o k d d d	1	reg_t	5	5
context	ftune	p æ k	p æ k t	p æ k t	p æ k t ə d	1	reg_t	5	5
context	ftune	s a ʊ n d	s a ʊ n d ə d	s a ʊ n d ə d	s a ʊ n d ə d	1	reg_əd	8	8
context	ftune	ɡ r æ b	ɡ r æ b d	ɡ r æ b d	ɡ r uː b d	1	reg_d	6	6
context	ftune	m æ n	m æ n d	m æ n d	m æ n d	1	reg_d	5	5
context	ftune	f iː l	f ɛ l t	f ɛ l	f iː l d	1	vowel_change	2	4
context	ftune	n e ɪ m	n e ɪ m d	n e ɪ m d	n e ɪ m d	1	reg_d	5	6
context	ftune	f l o ʊ	f l o ʊ d	f l o ʊ d	f l o ʊ d	1	reg_d	6	6
context	ftune	w ɛ ð ɹ̩	w ɛ ð ɹ̩ d	w ɛ ð ɹ̩ d	w ɛ ð ɹ̩ d	1	reg_d	6	6
context	ftune	l a ɪ	l e ɪ	l a ɪ d	l a ɪ d	1	reg_d	5	5
context	ftune	k r æ ʃ	k r æ ʃ t	k r æ ʃ t	k r æ ʃ t	1	reg_t	6	6
context	ftune	p e ɪ d͡ʒ	p e ɪ d͡ʒ d	p e ɪ d͡ʒ d	p e ɪ d͡ʒ d	1	reg_d	6	6
context	ftune	t͡ʃ o ʊ k	t͡ʃ o ʊ k t	t͡ʃ o ʊ k t	t͡ʃ o ʊ k t	1	reg_t	6	6
context	ftune	b l ɛ s	b l ɛ s t	b l ɛ s t	b l ɛ s t ə d	1	reg_t	6	6
context	ftune	d ɪ ŋ	d ɪ ŋ d	d ʌ ŋ	d ɪ ŋ d	1	vowel_change	3	4
context	ftune	s ɛ l	s o ʊ l d	s ɛ l d	s ɛ l t	1	reg_d	4	5
context	ftune	b ɪ ɡ ɪ n	b ɪ ɡ æ n	b ɪ ɡ e ɪ n	b ɪ ɡ ɪ n d	1	vowel_change	4	7
context	ftune	d͡ʒ ɔ ɪ n	d͡ʒ ɔ ɪ n d	d͡ʒ ɔ ɪ n d	d͡ʒ ɔ ɪ n d	1	reg_d	6	6
context	ftune	l ɑː k	l ɑː k t	l ɑː k t	l ɑː k t	1	reg_t	5	5
context	ftune	b ɪ l iː v	b ɪ l iː v d	b ɪ l iː v d	b ɪ l iː v d	1	reg_d	7	7
context	ftune	ə n d ɹ̩ s t æ n d	ə n d ɹ̩ s t ʊ d	ə n d ə s t æ n d ə d	ə n d ɹ̩ s t ʊ d	1	other	10	12
context	ftune	t r e ɪ n	t r e ɪ n d	t r e ɪ n d	t r e ɪ n d	1	reg_d	7	7
context	ftune	k r ɔ l	k r ɔ l d	k r ɔ l d	k r ɔ l d	1	reg_d	6	6
context	ftune	p æ t	p æ t ə d	p æ t ə d	p æ t	1	reg_əd	5	6
context	ftune	ɔ r d ɹ̩	ɔ r d ɹ̩ d	ɔ r d ɹ̩ d	ɔ r d ɹ̩ d	1	reg_d	5	6
context	ftune	f l a ɪ	f l uː	f l a ɪ d	f l a ɪ d	1	reg_d	6	6
context	ftune	l o ʊ d	l o ʊ d ə d	l o ʊ d ə d	l o ʊ d ə d	1	reg_əd	6	7
context	ftune	k ə m p l e ɪ n	k ə m p l e ɪ n d	k ə m p l e ɪ n d	k ə m p l e ɪ n d	1	reg_d	10	10
context	ftune	b l ɛ n d	b l ɛ n d ə d	b l ɛ n d ə d	b l ɛ n d ə d	1	reg_əd	6	8
context	ftune	b l ɑː k	b l ɑː k t	b l ɑː k t	b l ɑː k t ə d	1	reg_t	5	6
context	ftune	t ɪ p	t ɪ p t	t ɪ p t	t ɪ p t	1	reg_t	5	5
context	ftune	d͡ʒ ɛ t	d͡ʒ ɛ t ə d	d͡ʒ ɛ t	d͡ʒ ɛ t ə d	1	no_change	4	4
context	ftune	b r iː ð	b r iː ð d	b r iː ð d	b r iː ð	1	reg_d	5	6
context	ftune	d a ɪ ə l	d a ɪ ə l d	d a ɪ ə l d	d a ɪ ə l d	1	reg_d	7	7
context	ftune	m ɛ n ʃ ə n	m ɛ n ʃ ə n d	m ɛ n ʃ ə n d	m ɛ n d ə ʃ ə n d	1	reg_d	7	8
context	ftune	h ʌ ɡ	h ʌ ɡ d	h ʌ ɡ d	h ʌ ɡ d	1	reg_d	5	5
context	ftune	p a ʊ ɹ̩	p a ʊ ɹ̩ d	p a ʊ ɹ̩ d	p a ʊ ɹ̩ d	1	reg_d	6	6
context	ftune	s ɑː k	s ɑː k t	s ɑː k t	s ɔ t	1	reg_t	5	5
context	ftune	w uː p	w uː p t	w uː p t	w o p d ə d	1	reg_t	5	5
context	ftune	r iː m a ɪ n d	r iː m a ɪ n d ə d	r iː m a ɪ n d ə d	r iː m a ɪ n d ə d	1	reg_əd	9	10
context	ftune	h æ n d ə l	h æ n d ə l d	h æ n d ə l d	h æ n d ə l d	1	reg_d	7	8
context	ftune	s n iː z	s n iː z d	s n iː z d	s n iː z d	1	reg_d	6	6
context	ftune	v ɪ z ɪ t	v ɪ z ɪ t ə d	v ɪ z ɪ t ə d	v ɪ z ɪ t ə d	1	reg_əd	8	8
context	ftune	s l a ɪ d	s l ɪ d	s l a ɪ d ə d	s l a ɪ d ə d	1	reg_əd	8	8
context	ftune	p l æ n	p l æ n d	p l æ n d	p l æ n d	1	reg_d	6	6
context	ftune	ɛ l b o ʊ	ɛ l b o ʊ d	ɛ l b o ʊ d	ɛ l b o ʊ d	1	reg_d	6	7
context	ftune	b ɑː k s	b ɑː k s t	b ɑː k s t	b ɑː k s t ə d	1	reg_t	6	6
context	ftune	ɪ n k l uː d	ɪ n k l uː d ə d	ɪ n k l uː d ə d	ɪ n k l uː ə ə d	1	reg_əd	7	9
context	ftune	b ɹ̩ n	b ɹ̩ n d	b ɹ̩ n d	b ɹ̩ n d	1	reg_d	5	5
context	ftune	ʃ e ɪ p	ʃ e ɪ p t	ʃ e ɪ p t	ʃ e ɪ p t	1	reg_t	6	6
context	ftune	b o ʊ n	b o ʊ n d	b o ʊ n d	b o ʊ n d	1	reg_d	6	6
context	ftune	f ɪ l	f ɪ l d	f ɪ l d	f ɪ l d	1	reg_d	5	5
context	ftune	m æ s k	m æ s k t	m æ s k t	m æ s k t	1	reg_t	6	6
context	ftune	s ɛ l ə b r e ɪ t	s ɛ l ə b r e ɪ t ə d	s ɛ l ə b r e ɪ t ə d	s ɛ l ə b r e ɪ t ə d	1	reg_əd	12	12
context	ftune	k r ʌ m b ə l	k r ʌ m b ə l d	k r ʌ m b ə l d	k r ʌ m b ə l d	1	reg_d	9	9
context	ftune	r ɑː k	r ɑː k t	r ɑː k t	r ɑː k t	1	reg_t	5	5
context	ftune	ɡ ɛ r ə n t iː	ɡ ɛ r ə n t iː d	ɡ ɛ r ə n t ə n t	ɡ ɛ r ə n t iː d	1	rhyme_replaced	6	10
context	ftune	k ə n ɛ k t	k ə n ɛ k t ə d	k ə n ɛ k t ə d	k ə n ɛ k t ə d	1	reg_əd	8	9
context	ftune	t ɔ s	t ɔ s t	t ɔ s t	t ɔ t	1	reg_t	5	5
context	ftune	iː v ɪ n	iː v ɪ n d	iː v ɪ n d	iː v ɪ n d	1	reg_d	6	6
context	ftune	b a ʊ n s	b a ʊ n s t	b a ʊ n s t	b a ʊ n s t ə d	1	reg_t	7	7
context	ftune	ɹ̩ n	ɹ̩ n d	ɹ̩ n d	ɹ̩ n d	1	reg_d	4	4
context	ftune	k l a ʊ d	k l a ʊ d ə d	k l a ʊ d ə d	k l a ʊ d ə d	1	reg_əd	8	8
context	ftune	k ʌ p ə l	k ʌ p ə l d	k ʌ p ə l d	k ʌ p ə l d	1	reg_d	7	7
context	ftune	f l ʌ ʃ	f l ʌ ʃ t	f l ʌ ʃ t	f l ʌ ʃ t	1	reg_t	6	6
context	ftune	h ɑː r n ə s	h ɑː r n ə s t	h ɑː r n ə s t	h ɑː r n ə s t	1	reg_t	8	8
context	ftune	b r a ʊ n	b r a ʊ n d	b r a ʊ n d	b r a ʊ n d	1	reg_d	7	7
context	ftune	s t ɪ ŋ k	s t ʌ ŋ k	s t ʌ ŋ k t	s t ʌ ŋ k t ə d	1	vowel_change_suffix	6	7
context	ftune	r iː f r ɛ ʃ	r iː f r ɛ ʃ t	r iː f r ɛ ʃ t	r iː f r ɛ ʃ t	1	reg_t	7	8
context	ftune	p r ə f ɹ̩	p r ə f ɹ̩ d	p r ə f ɹ̩ d	p r ə f ɹ̩ d	1	reg_d	7	7
context	ftune	s t iː l	s t o ʊ l	s t iː l d	s t iː l d	1	reg_d	6	6
context	ftune	b æ n d	b æ n d ə d	b æ n d ə d	b æ d	1	reg_əd	7	7
context	ftune	r ɪ d	r ɪ d	r æ d	r ɪ ə ə d d	1	vowel_change	2	4
context	ftune	k o ʊ ɑː p ɹ̩ e ɪ t	k o ʊ ɑː p ɹ̩ e ɪ t ə d	k o ʊ ɑː p ɹ̩ e ɪ t ə d	k o ʊ ɑː p ɹ̩ e ɪ t ə d	1	reg_əd	12	12
context	ftune	b ɑː ð ɹ̩	b ɑː ð ɹ̩ d	b ɑː ð ɹ̩ d	b ɑː ð ɹ̩ d	1	reg_d	6	6
context	ftune	r ɛ s t	r ɛ s t ə d	r ɛ s t ə d	r ɛ s t	1	reg_əd	6	7
context	ftune	ɑː k j ə p a ɪ	ɑː k j ə p a ɪ d	ɑː k j ə p a ɪ d	ɑː k j ə p a ɪ d	1	reg_d	9	9
context	ftune	s k r ɪ b ə l	s k r ɪ b ə l d	s k r ɪ b ə l d	s k r ɪ b ə l d	1	reg_d	9	9
context	ftune	b l æ s t	b l æ s t ə d	b l æ s t ə d	b l æ s t	1	reg_əd	7	8
context	ftune	h æ m ɹ̩	h æ m ɹ̩ d	h æ m ɹ̩ d	h æ m ɹ̩ d	1	reg_d	6	6
context	ftune	d r ɪ l	d r ɪ l d	d r ɪ l d	d r ɪ l d	1	reg_d	6	6
context	ftune	p r æ k t ɪ s	p r æ k t ɪ s t	p r æ k t ɪ s t	p r æ k t ɪ s t	1	reg_t	8	9
context	ftune	t a ɪ p	t a ɪ p t	t a ɪ p t	t a ɪ p t	1	reg_t	6	6
context	ftune	æ d	æ d ə d	æ d	æ d ə d	1	no_change	2	3
context	ftune	b o ʊ l	b o ʊ l d	b o ʊ l d	b o ʊ l d	1	reg_d	6	6
context	ftune	t o ʊ t	t o ʊ t ə d	t o ʊ t ə d	t o ʊ t ə d	1	reg_əd	7	7
context	ftune	s w ɪ ʃ	s w ɪ ʃ t	s w ɪ ʃ t	s w ɪ ʃ t	1	reg_t	6	6
context	ftune	b l e ɪ m	b l e ɪ m d	b l e ɪ m d	b l e ɪ m	1	reg_d	7	7
context	ftune	ɪ k s a ɪ t	ɪ k s a ɪ t ə d	ɪ k s a ɪ t ə d	ɪ k s a ɪ t ə d	1	reg_əd	9	9
context	ftune	t͡ʃ a ɪ m	t͡ʃ a ɪ m d	t͡ʃ a ɪ m d	t͡ʃ ɪ m d	1	reg_d	6	6
context	ftune	t͡ʃ iː r	t͡ʃ iː r d	t͡ʃ iː r d	t͡ʃ iː r d	1	reg_d	5	5
context	ftune	f r e ɪ m	f r e ɪ m d	f r e ɪ m d	f r e ɪ m d	1	reg_d	6	7
context	ftune	d æ m	d æ m d	d æ m d	d æ m	1	reg_d	5	5
context	ftune	t͡ʃ iː t	t͡ʃ iː t ə d	t͡ʃ iː t ə d	t͡ʃ iː t ə d	1	reg_əd	5	6
context	ftune	l iː n	l iː n d	l ɛ n t	l iː n d	1	vowel_change_suffix	2	5
context	ftune	s k r iː m	s k r iː m d	s k r iː m d	s k r iː m d	1	reg_d	7	7
context	ftune	ɪ ɡ n ɔ r	ɪ ɡ n ɔ r d	ɪ ɡ n ɔ r d	ɪ ɡ n ɔ r d	1	reg_d	7	7
context	ftune	s k uː p	s k uː p t	s k uː p t	s k uː p t	1	reg_t	6	6
context	ftune	θ ʌ m p	θ ʌ m p t	θ ʌ m p t	θ ʌ m p t	1	reg_t	6	6
context	ftune	s t iː r	s t iː r d	s t iː r d	s t iː r d	1	reg_d	6	6
context	ftune	s p ɪ n	s p ʌ n	s p ɪ n d	s p ɪ n d	1	reg_d	6	6
context	ftune	h ʌ f	h ʌ f t	h ʌ f t	h ʌ f t	1	reg_t	5	5
context	ftune	t ɛ n d	t ɛ n d ə d	t ɛ n d ə d	t ɛ n d ə d	1	reg_əd	7	7
context	ftune	s p e ɪ s	s p e ɪ s t	s p e ɪ s t	s p e ɪ s t ə d	1	reg_t	7	7
context	ftune	s t r e ɪ t ə n	s t r e ɪ t ə n d	s t r e ɪ t ə n d	s t r e ɪ t ə n d	1	reg_d	10	10
context	ftune	p iː t ɹ̩	p iː t ɹ̩ d	p iː t ɹ̩ d	p iː t ɹ̩ d	1	reg_d	6	6
context	ftune	m a ɪ n	m a ɪ n d	m a ɪ n d	m a ɪ n d	1	reg_d	6	6
context	ftune	h iː l	h iː l d	h ɛ l t	h iː l d	1	vowel_change_suffix	2	5
context	ftune	ə t r æ k t	ə t r æ k t ə d	ə t r æ k t ə d	ə t r æ k t	1	reg_əd	8	9
context	ftune	s k w ɛ r	s k w ɛ r d	s k w ɛ r d	s k w ɛ r d	1	reg_d	7	7
context	ftune	f l ʌ f	f l ʌ f t	f l ʌ f t	f l ʌ f t	1	reg_t	6	6
context	ftune	t o ʊ n	t o ʊ n d	t o ʊ n d	t o ʊ n d	1	reg_d	6	6
context	ftune	d͡ʒ ɪ m iː	d͡ʒ ɪ m iː d	d͡ʒ ɪ m iː d	d͡ʒ ɪ m iː	1	reg_d	5	6
context	ftune	s m a ɪ l	s m a ɪ l d	s m a ɪ l d	s æ a ɪ l d	1	reg_d	7	7
context	ftune	ə n w a ɪ n d	ə n w a ʊ n d	ə n w a ɪ n d ə d	ə n w p ʌ a ʌ n d	1	reg_əd	10	10
context	ftune	d ɪ k l ɛ r	d ɪ k l ɛ r d	d ɪ k l ɛ r d	d ɪ k l ɛ r d	1	reg_d	8	8
context	ftune	k ə n d ʌ k t	k ə n d ʌ k t ə d	k ə n d ʌ k t ə d	k ə n d ə ʌ k t ə d	1	reg_əd	9	10
context	ftune	s t r e ɪ n	s t r e ɪ n d	s t r e ɪ n d	s t r e ɪ n d	1	reg_d	8	8
context	ftune	k ə l æ p s	k ə l æ p s t	k ə l æ p s t	k ə l æ p s d	1	reg_t	7	8
context	ftune	p ɑː r t ɪ s ə p e ɪ t	p ɑː r t ɪ s ə p e ɪ t ə d	p ɑː r t ɪ p ɑː r e ɪ t ə d	p ɑː r t ɪ s ə p e ɪ t ə d	1	other	11	14
context	ftune	t r æ n z l e ɪ t	t r æ n z l e ɪ t ə d	t r æ n z l e ɪ t ə d	t r æ n z l e ɪ t ə d	1	reg_əd	12	12
context	ftune	d ɪ s k ʌ s	d ɪ s k ʌ s t	d ɪ s k ʌ s t	d ɪ s k ʌ s t	1	reg_t	8	8
context	ftune	f ɹ̩ ɡ ɪ v	f ɹ̩ ɡ e ɪ v	f ɹ̩ ɡ e ɪ v	f ɹ̩ ɡ ɪ v d	1	vowel_change	5	7
context	ftune	ə r a ɪ z	ə r o ʊ z	ə r a ɪ z d	ə r a ɪ z d	1	reg_d	7	7
context	ftune	f r a ɪ t ə n	f r a ɪ t ə n d	f r a ɪ t ə n d	f r a ɪ t ə n d	1	reg_d	9	9
context	ftune	ɔ ɪ l	ɔ ɪ l d	ɔ ɪ l d	ɔ ɪ l d	1	reg_d	5	5
context	ftune	ə n l o ʊ d	ə n l o ʊ d ə d	ə n l o ʊ d ə d	ə n l o ʊ d ə d	1	reg_əd	9	9
context	ftune	ɡ r ʌ m b ə l	ɡ r ʌ m b ə l d	ɡ r ʌ m b ə l d	ɡ r ʌ m b ə l d	1	reg_d	8	9
context	ftune	r ɛ k	r ɛ k t	r ɛ k t	r ɛ k t	1	reg_t	5	5
context	ftune	s p ɑː t	s p ɑː t ə d	s p ɑː t	s p ɑː t ə d	1	no_change	3	5
context	ftune	b ʌ t ɹ̩	b ʌ t ɹ̩ d	b ʌ t ɹ̩ d	b ʌ t ɹ̩ d	1	reg_d	6	6
context	ftune	s t iː p	s t iː p t	s t iː p t	s t iː p t	1	reg_t	6	6
context	ftune	h ʌ s ə l	h ʌ s ə l d	h ʌ s ə l d	h ʌ s ə l d	1	reg_d	7	7
context	ftune	k ə n t ɪ n j uː	k ə n t ɪ n j uː d	k ə n t ɪ n t ɪ d	k ə n t ɪ n d j uː d	1	other	7	10
context	ftune	r ɛ n t	r ɛ n t ə d	r ɛ n t ə d	r ɛ n t ə d	1	reg_əd	7	7
context	ftune	k r ʌ n t͡ʃ	k r ʌ n t͡ʃ t	k r ʌ n t͡ʃ t	k r ʌ p n t͡ʃ t	1	reg_t	7	7
context	ftune	r ɛ s k j uː	r ɛ s k j uː d	r ɛ s k j uː d	r ɛ d s k j uː d	1	reg_d	8	8
context	ftune	t ɑː p	t ɑː p t	t ɑː p t	t ɑː p t	1	reg_t	5	5
context	ftune	b l iː d	b l ɛ d	b l iː d ə d	b l iː d ə d	1	reg_əd	5	7
context	ftune	p r ɪ k	p r ɪ k t	p r ɪ k t	p r ɪ k t	1	reg_t	6	6
context	ftune	o ʊ ɡ ə l	o ʊ ɡ ə l d	o ʊ ɡ ə l d	o ʊ ɡ ə l d	1	reg_d	7	7
context	ftune	s ɔ ɪ l	s ɔ ɪ l d	s ɔ ɪ l d	s ɔ ɪ l d	1	reg_d	6	6
context	ftune	ɡ ɑː l f	ɡ ɑː l f t	ɡ ɑː l f t	ɡ ɑː l f	1	reg_t	5	6
context	ftune	b ʌ s t	b ʌ s t ə d	b ʌ s t ə d	b ʌ s t	1	reg_əd	6	7
context	ftune	r iː s a ɪ k ə l	r iː s a ɪ k ə l d	r iː s a ɪ k ə l d	r iː s p a ɪ k ə l d	1	reg_d	9	10
context	ftune	s t uː	s t uː d	s t uː d	s t uː d	1	reg_d	5	5
context	ftune	b æ t	b æ t ə d	b æ t	b æ t	1	no_change	4	4
context	ftune	s ʌ f ɹ̩	s ʌ f ɹ̩ d	s ʌ f ɹ̩ d	s ʌ f ɹ̩ d	1	reg_d	6	6
context	ftune	v ɪ ʒ w ə l a ɪ z	v ɪ ʒ w ə l a ɪ z d	v ɪ ʒ ə l ə d	v ɪ ʒ w ə l a ɪ z d	1	other	4	8
context	ftune	k æ p	k æ p t	k æ p t	k æ p t	1	reg_t	5	5
context	ftune	t ʌ m b ə l	t ʌ m b ə l d	t ʌ m b ə l d	t ʌ m b ə l d	1	reg_d	8	8
context	ftune	d ɪ s k r a ɪ b	d ɪ s k r a ɪ b d	d ɪ s k r a ɪ b d	d ɪ s k r a ɪ b d	1	reg_d	10	10
context	ftune	h ɛ z ə t e ɪ t	h ɛ z ə t e ɪ t ə d	h ɛ z ə t e ɪ t ə d	h ɛ d z ə t e ɪ t ə d	1	reg_əd	11	11
context	ftune	m ɑː r	m ɑː r d	m ɑː r d	m ɑː r d	1	reg_d	5	5
context	ftune	p r ə n a ʊ n s	p r ə n a ʊ n s t	p r ə n a ʊ n a ʊ s t	p r ə n a ʊ n s t	1	other	10	12
context	ftune	f ɪ k s e ɪ t	f ɪ k s e ɪ t ə d	f ɪ k s e ɪ t ə d	f ɪ k s e ɪ t ə d	1	reg_əd	9	10
context	ftune	b ɑː s	b ɑː s t	b ɑː s t	b ɑː s	1	reg_t	4	5
context	ftune	d ɪ s t ɹ̩ b	d ɪ s t ɹ̩ b d	d ɪ s t ɹ̩ b d	d ɪ s t ɹ̩ b d	1	reg_d	8	8
context	ftune	s n æ k	s n æ k t	s n æ k t	s n æ k t	1	reg_t	5	6
context	ftune	d ʌ s t	d ʌ s t ə d	d ʌ s t ə d	d ʌ s t	1	reg_əd	6	7
context	ftune	m o ʊ n	m o ʊ n d	m o ʊ n d	m o ʊ n d	1	reg_d	6	6
context	ftune	p iː l	p iː l d	p iː l d	p iː l d	1	reg_d	5	5
context	ftune	f l ɑː p	f l ɑː p t	f l ɑː p t	f l ɑː p t	1	reg_t	6	6
context	ftune	f l æ ʃ	f l æ ʃ t	f l æ ʃ t	f l æ ʃ t	1	reg_t	6	6
context	ftune	p e ɪ s t	p e ɪ s t ə d	p e ɪ s t ə d	p e ɪ s t ə d	1	reg_əd	8	8
context	ftune	ɡ ɑː r b ə l	ɡ ɑː r b ə l d	ɡ ɑː r b ə l d	ɡ ɑː r b ə l d	1	reg_d	8	8
context	ftune	ɪ n t ɛ n d	ɪ n t ɛ n d ə d	ɪ n t ɛ n t ə d	ɪ n t ɛ n d ə d	1	other	6	9
context	ftune	r o ʊ t e ɪ t	r o ʊ t e ɪ t ə d	r o ʊ t e ɪ t ə d	r o ʊ t e ɪ t ə d	1	reg_əd	9	10
context	ftune	s ɑː l v	s ɑː l v d	s ɑː l v d	s ɑː l v d	1	reg_d	6	6
context	ftune	r ɪ s p ɑː n d	r ɪ s p ɑː n d ə d	r ɪ s p ɑː n d ə d	r ɪ s p ɑː n d ə d	1	reg_əd	9	10
context	ftune	p r a ɪ s	p r a ɪ s t	p r a ɪ s t	p r a ɪ s t	1	reg_t	7	7
context	ftune	h ɑː r p	h ɑː r p t	h ɑː r p t	h ɑː r p d d t	1	reg_t	5	6
context	ftune	ɪ ɡ z ɔ s t	ɪ ɡ z ɔ s t ə d	ɪ ɡ z ɔ s t ə d	ɪ ɡ z ɔ s t ə d	1	reg_əd	8	9
context	ftune	t ɛ r ə f a ɪ	t ɛ r ə f a ɪ d	t ɛ r ə f a ɪ d	t ɛ r ə f a ɪ d	1	reg_d	9	9
context	ftune	s a ʊ	s a ʊ d	s a ʊ d	s a ʊ d	1	reg_d	5	5
context	ftune	e ɪ d	e ɪ d ə d	e ɪ d ə d	e ɪ d ə d	1	reg_əd	6	6
context	ftune	ə n p æ k	ə n p æ k t	ə n p æ k t	ə n p æ k t	1	reg_t	7	7
context	ftune	p r ɪ v ɛ n t	p r ɪ v ɛ n t ə d	p r ɪ v ɛ n t ə d	p r ɪ v ɛ n t ə d	1	reg_əd	10	10
context	ftune	k ə n s ɪ d ɹ̩	k ə n s ɪ d ɹ̩ d	k ə n s ɪ d ɹ̩ d	k ə n s ɪ d ə ɹ̩	1	reg_d	9	9
context	ftune	w ɑː d	w ɑː d ə d	w ɑː d ə d	w ɑː d d	1	reg_əd	5	6
context	ftune	t r ʌ s t	t r ʌ s t ə d	t r ʌ s t ə d	t r ʌ s t	1	reg_əd	8	8
context	ftune	m ɑː d ə l	m ɑː d ə l d	m ɑː d ə l d	m ɑː d ə l d	1	reg_d	7	7
context	ftune	s t e ɪ p ə l	s t e ɪ p ə l d	s t e ɪ p ə l d	s t e ɪ p ə l d	1	reg_d	9	9
context	ftune	p r ə v a ɪ d	p r ə v a ɪ d ə d	p r ə v a ɪ d ə d	p r ə v ɪ d	1	reg_əd	9	10
context	ftune	t r ɛ m b ə l	t r ɛ m b ə l d	t r ɛ m b ə l d	t r ɛ m b ə l d	1	reg_d	9	9
context	ftune	p l a ʊ	p l a ʊ d	p l a ʊ d	p l a ʊ d	1	reg_d	6	6
context	ftune	w æ ɡ	w æ ɡ d	w æ ɡ d	w æ ɡ d	1	reg_d	5	5
context	ftune	b l iː t͡ʃ	b l iː t͡ʃ t	b l iː t͡ʃ t	b l iː t͡ʃ t	1	reg_t	5	6
context	ftune	t æ t ə l	t æ t ə l d	t æ t ə l d	t æ t ə l d	1	reg_d	7	7
context	ftune	s k ɹ̩ t	s k ɹ̩ t ə d	s k ɹ̩ t ə d	s k ɹ̩ t ə d	1	reg_əd	7	7
context	ftune	ɛ r	ɛ r d	ɛ r d	ɛ r d	1	reg_d	4	4
context	ftune	ɛ k s ɹ̩ s a ɪ z	ɛ k s ɹ̩ s a ɪ z d	ɛ k s ɹ̩ s a ɪ z d	ɛ k s ɹ̩ s a ɪ z d	1	reg_d	9	10
context	ftune	f ʌ d͡ʒ	f ʌ d͡ʒ d	f ʌ d͡ʒ d	f ʌ d͡ʒ d	1	reg_d	5	5
context	ftune	ɡ ʌ n	ɡ ʌ n d	ɡ ʌ n d	ɡ ʌ n	1	reg_d	4	5
context	ftune	s p ɔ r t	s p ɔ r t ə d	s p ɔ r t	s p ɔ r t ə d	1	no_change	5	6
context	ftune	r ɪ l iː v	r ɪ l iː v d	r ɪ l iː v d	r ɪ l iː v d	1	reg_d	7	7
context	ftune	ʃ o ʊ l d ɹ̩	ʃ o ʊ l d ɹ̩ d	ʃ o ʊ l d ɹ̩ d	ʃ o ʊ l d ɹ̩ d	1	reg_d	8	8
context	ftune	f ɔ r k	f ɔ r k t	f ɔ r k t	f ɔ r k t	1	reg_t	6	6
context	ftune	t w iː k	t w iː k t	t w iː k t	t w iː k t	1	reg_t	6	6
context	ftune	d æ ʃ	d æ ʃ t	d æ ʃ t	d æ ʃ t	1	reg_t	5	5
context	ftune	ɪ k s k l e ɪ m	ɪ k s k l e ɪ m d	ɪ k s k l e ɪ m d	ɪ k s k l e ɪ m d	1	reg_d	10	10
context	ftune	s ə s p ɛ k t	s ə s p ɛ k t ə d	s ə s p ɛ k t ə d	s ə s p ɛ k t	1	reg_əd	9	10
context	ftune	t r æ n s f ɔ r m	t r æ n s f ɔ r m d	t r æ n s f ɔ r s t	t r æ n d s f ɔ r m d	1	coda_change	9	11
context	ftune	θ r ɛ t ə n	θ r ɛ t ə n d	θ r ɛ t ə n d	θ r ɛ t ə n d	1	reg_d	8	8
context	ftune	m e ɪ t	m e ɪ t ə d	m e ɪ t ə d	m e ɪ t ə d	1	reg_əd	7	7
context	ftune	ɪ m p r uː v	ɪ m p r uː v d	ɪ m p r uː v d	ɪ m p r uː v d	1	reg_d	8	8
context	ftune	t ɑː l ɹ̩ e ɪ t	t ɑː l ɹ̩ e ɪ t ə d	t ɑː l ɹ̩ e ɪ t ə d	t ɑː l ɹ̩ e ɪ t ə d	1	reg_əd	10	10
context	ftune	h ɔ n t	h ɔ n t ə d	h ɔ n t ə d	h ɔ n t ə d	1	reg_əd	6	7
context	ftune	t æ k	t æ k t	t æ k t	t æ k t	1	reg_t	4	5
context	ftune	ɪ n d͡ʒ ɹ̩	ɪ n d͡ʒ ɹ̩ d	ɪ n d͡ʒ ɹ̩ d	ɪ n d͡ʒ ɹ̩ d	1	reg_d	5	6
context	ftune	p r ɪ d ɪ k t	p r ɪ d ɪ k t ə d	p r ɪ d ɪ k t ə d	p r ʊ d ɪ k t	1	reg_əd	9	10
context	ftune	d ɪ z a ɪ n	d ɪ z a ɪ n d	d ɪ z a ɪ n d	d ɪ d a ɪ n d	1	reg_d	8	8
context	ftune	b ʌ n d ə l	b ʌ n d ə l d	b ʌ n d ə l d	b ʌ n d ə l d	1	reg_d	7	8
context	ftune	r ɪ s ɛ s	r ɪ s ɛ s t	r ɪ s ɛ s t	r ɪ s ɛ s t ə d	1	reg_t	6	7
context	ftune	b l a ɪ n d	b l a ɪ n d ə d	b l a ɪ n d ə d	b l a ɪ n d ə d	1	reg_əd	8	9
context	ftune	d r ʌ ɡ	d r ʌ ɡ d	d r ʌ ɡ d	d r ʌ ɡ d	1	reg_d	6	6
context	ftune	f l e ɪ v ɹ̩	f l e ɪ v ɹ̩ d	f l e ɪ v ɹ̩ d	f l e ɪ v ɹ̩ d	1	reg_d	8	8
context	ftune	r ɪ p ɛ r	r ɪ p ɛ r d	r ɪ p ɛ r d	r ɪ p ɛ r d	1	reg_d	7	7
context	ftune	k ɹ̩ s	k ɹ̩ s t	k ɹ̩ s t	k ɹ̩ s t ə d	1	reg_t	5	5
context	ftune	ɪ n t͡ʃ	ɪ n t͡ʃ t	ɪ n t͡ʃ t	ɪ n t͡ʃ t	1	reg_t	5	5
context	ftune	t r æ n z m ɪ t	t r æ n z m ɪ t ə d	t r æ n z m ɪ t ə d	t r æ n z m ɪ t ə d	1	reg_əd	11	11
context	ftune	ʃ æ m p uː	ʃ æ m p uː d	ʃ æ m p uː d	ʃ æ m p uː	1	reg_d	6	7
context	ftune	ɪ n k r iː s	ɪ n k r iː s t	ɪ n k r iː s t	ɪ n k r iː s t	1	reg_t	8	8
context	ftune	b ʊ t͡ʃ ɹ̩	b ʊ t͡ʃ ɹ̩ d	b ʊ t͡ʃ ɹ̩ d	b ʊ t͡ʃ ɹ̩ d	1	reg_d	6	6
context	ftune	d o ʊ n e ɪ t	d o ʊ n e ɪ t ə d	d o ʊ n e ɪ t ə d	d o ʊ n e ɪ t ə d	1	reg_əd	10	10
context	ftune	t͡ʃ æ l ə n d͡ʒ	t͡ʃ æ l ə n d͡ʒ d	t͡ʃ æ l ə n d͡ʒ d	t͡ʃ æ l ə n d͡ʒ d	1	reg_d	8	8
context	ftune	ɛ ɡ z ɪ t	ɛ ɡ z ɪ t ə d	ɛ ɡ z ɪ t ə d	ɛ ɡ z ɪ t ə d	1	reg_əd	8	8
context	ftune	b ʊ k	b ʊ k t	b ʊ k t	b ʊ k	1	reg_t	4	5
context	ftune	m j uː z	m j uː z d	m j uː z d	m j uː z d	1	reg_d	5	6
context	ftune	p ɔ ɪ z ə n	p ɔ ɪ z ə n d	p ɔ ɪ z ə n d	p ɔ ɪ z ə n d	1	reg_d	8	8
context	ftune	ɪ n f l uː ə n s	ɪ n f l uː ə n s t	ɪ n f l uː ə n s t	ɪ n f l uː ə n s t	1	reg_t	9	10
context	ftune	s t r æ ŋ ɡ ə l	s t r æ ŋ ɡ ə l d	s t r æ ŋ ɡ ə l d	s t r æ ŋ ɡ ə l d	1	reg_d	10	10
context	ftune	ɪ ʃ uː	ɪ ʃ uː d	ɪ ʃ uː d	ɪ ʃ uː d	1	reg_d	5	5
context	ftune	ɪ m p r ɛ s	ɪ m p r ɛ s t	ɪ m p r ɛ s t	ɪ m p r ɛ s t	1	reg_t	8	8
context	ftune	p r ə d uː s	p r ə d uː s t	p r ə d uː s t	p r ə d uː s t	1	reg_t	8	8
context	ftune	n æ ɡ	n æ ɡ d	n æ ɡ d	n æ ɡ d	1	reg_d	5	5
context	ftune	o ʊ v ɹ̩ k ʊ k	o ʊ v ɹ̩ k ʊ k t	o ʊ v ɹ̩ k e ɪ k	o ʊ v ɹ̩ k ʊ k t	1	vowel_change	6	9
context	ftune	e ɪ m	e ɪ m d	e ɪ m d	e ɪ m d	1	reg_d	4	5
context	ftune	ɪ m ə t e ɪ t	ɪ m ə t e ɪ t ə d	ɪ m ə t e ɪ t ə d	ɪ m ə t e ɪ t ə d	1	reg_əd	10	10
context	ftune	t͡ʃ ɹ̩ n	t͡ʃ ɹ̩ n d	t͡ʃ ɹ̩ n d	t͡ʃ ɹ̩ n d	1	reg_d	5	5
context	ftune	k a ʊ n t ɹ̩	k a ʊ n t ɹ̩ d	k a ʊ n t ɹ̩ d	k a ʊ n t ɹ̩ d	1	reg_d	7	8
context	ftune	m ɪ s t r iː t	m ɪ s t r iː t ə d	m ɪ s t r iː t ə d	m ɪ s t ʌ iː t	1	reg_əd	10	10
context	ftune	k ə m b a ɪ n	k ə m b a ɪ n d	k ə m b a ɪ n d	k ə m b a ɪ n d	1	reg_d	9	9
context	ftune	h ɪ n t	h ɪ n t ə d	h ɪ n t ə d	h ɪ n t ə d	1	reg_əd	7	7
context	ftune	ə p r o ʊ p r iː e ɪ t	ə p r o ʊ p r iː e ɪ t ə d	ə p r o ʊ p r iː e ɪ t ə d	ə p r o ʊ p r iː e ɪ t ə d	1	reg_əd	14	14
context	ftune	p r ɑː d͡ʒ ɛ k t	p r ɑː d͡ʒ ɛ k t ə d	p r ɑː d͡ʒ ɛ k t ə d	p r ɑː d͡ʒ ɛ k t	1	reg_əd	9	10
context	ftune	f ɔ r w ɹ̩ d	f ɔ r w ɹ̩ d ə d	f ɔ r w ɹ̩ d ə d	f ɔ r w ɹ̩ ə ə ə d d ə	0	reg_əd	7	9
context	ftune	d ɪ s ə ɡ r iː	d ɪ s ə ɡ r iː d	d ɪ s ə ɡ r iː d	d ɪ s ə ɡ r iː d	1	reg_d	9	9
context	ftune	s t ɑː r t ə l	s t ɑː r t ə l d	s t ɑː r t ə l d	s t ɑː r t ə l d	1	reg_d	9	9
context	ftune	k r æ m	k r æ m d	k r æ m d	k r æ m d	1	reg_d	6	6
context	ftune	s ɪ ŋ ɡ ə l	s ɪ ŋ ɡ ə l d	s ɪ ŋ ɡ ə l d	s æ ŋ ɡ ə l d	1	reg_d	7	8
context	ftune	ɡ l ʌ v	ɡ l ʌ v d	ɡ l ʌ v d	ɡ l ʌ v d	1	reg_d	6	6
context	ftune	r iː s k ɛ d͡ʒ uː l	r iː s k ɛ d͡ʒ uː l d	r iː s k ɛ d͡ʒ d	r iː s k ɛ d͡ʒ uː l d	1	other	6	8
context	ftune	s ɹ̩ v a ɪ v	s ɹ̩ v a ɪ v d	s ɹ̩ v a ɪ v d	s ɹ̩ v a ɪ v d	1	reg_d	7	8
context	ftune	s n ɔ r t	s n ɔ r t ə d	s n ɔ r t ə d	s n ɔ r t ə d	1	reg_əd	8	8
context	ftune	ə p l ɔ d	ə p l ɔ d ə d	ə p l ɔ d	ə p l ɔ d ə d	1	no_change	5	6
context	ftune	b iː f	b iː f t	b iː f t	b iː f t	1	reg_t	3	5
context	ftune	t r ʌ d͡ʒ	t r ʌ d͡ʒ d	t r ʌ d͡ʒ d	t r ʌ d͡ʒ d	1	reg_d	6	6
context	ftune	v e ɪ k e ɪ ʃ ə n	v e ɪ k e ɪ ʃ ə n d	v e ɪ k e ɪ ʃ iː ʃ t	v e k e ɪ ʃ ə n d	1	rhyme_replaced	8	11
context	ftune	s ə p l ə m ɛ n t	s ə p l ə m ɛ n t ə d	s ə m p l ə n d	s ə p l ə m ɛ n t ə d	1	other	6	9
context	ftune	m ʌ m b ə l	m ʌ m b ə l d	m ʌ m b ə l d	m ʌ m b ə l d	1	reg_d	8	8
context	ftune	æ l a ɪ	æ l a ɪ d	æ l a ɪ d	æ l a ɪ d	1	reg_d	6	6
context	ftune	f j uː m	f j uː m d	f j uː m d	f j uː m d	1	reg_d	6	6
context	ftune	n ɪ k s	n ɪ k s t	n ɪ k s t	n uː k s t	1	reg_t	5	6
context	ftune	h ɛ d͡ʒ	h ɛ d͡ʒ d	h ɛ d͡ʒ d	h ɛ d͡ʒ d	1	reg_d	5	5
context	ftune	ʃ r iː k	ʃ r iː k t	ʃ r iː k t	ʃ r iː k t	1	reg_t	5	6
context	ftune	d ɛ d ə k e ɪ t	d ɛ d ə k e ɪ t ə d	d ɛ d ə k e ɪ t ə d	d ɛ d ə k e ɪ t ə d	1	reg_əd	10	11
context	ftune	r ɛ v	r ɛ v d	r ɛ v d	r ɛ v ə d	1	reg_d	3	5
context	ftune	n iː	n iː d	n iː d	n iː d	1	reg_d	4	4
context	ftune	r iː ɔ r ɡ ə n a ɪ z	r iː ɔ r ɡ ə n a ɪ z d	r ɡ ə n d	r iː ɔ r ɡ ə n a ɪ z d	1	other	3	6
context	ftune	a ʊ t f ɑː k s	a ʊ t f ɑː k s t	a ʊ t f ɑː k s t	a ʊ t f ɑː k s t	1	reg_t	8	9
context	ftune	k ə n s t r ʌ k t	k ə n s t r ʌ k t ə d	k ə n s t r ʌ k t ə d	k ə n s t r ʌ k t	1	reg_əd	11	12
context	ftune	f l ɹ̩ iː	f l ɹ̩ iː d	f l ɹ̩ iː d	f l ɹ̩ iː d	1	reg_d	6	6
context	ftune	ɪ n k w a ɪ ɹ̩	ɪ n k w a ɪ ɹ̩ d	ɪ n k w a ɪ ɹ̩ d	ɪ n k w a ɪ ɹ̩ d	1	reg_d	9	9
context	ftune	d͡ʒ e ɪ l	d͡ʒ e ɪ l d	d͡ʒ e ɪ l d	d͡ʒ e ɪ l d	1	reg_d	6	6
context	ftune	s w uː ʃ	s w uː ʃ t	s w uː ʃ t	s w uː ʃ	1	reg_t	5	6
context	ftune	h ɹ̩ l	h ɹ̩ l d	h ɹ̩ l d	h ɹ̩ l d	1	reg_d	5	5
context	dev	k ə n f ɹ̩	k ə n f ɹ̩ d	k ə n f ɹ̩ d	k ə n f ɹ̩ d	1	reg_d	7	7
context	dev	k j ʊ r	k j ʊ r d	k j ʊ r d	k j ʊ r d	1	reg_d	5	6
context	dev	l ɪ m p	l ɪ m p t	l ɪ m p t	l ɔ s m p t	1	reg_t	6	6
context	dev	l ɛ ɡ	l ɛ ɡ d	l ɛ ɡ d	l ɛ ɡ d	1	reg_d	5	5
context	dev	k ɑː r d	k ɑː r d ə d	k ɑː r d ə d	k ɑː r d ə d	1	reg_əd	7	7
context	dev	b ɹ̩ n ɪ ʃ	b ɹ̩ n ɪ ʃ t	b ɹ̩ n ɪ ʃ t	b ɹ̩ n ɪ ʃ t	1	reg_t	7	7
context	dev	r iː ə p iː r	r iː ə p iː r d	r iː ə p iː ə d	r iː ə p iː r d	1	rhyme_replaced	6	8
context	dev	p r ɛ ʃ ɹ̩	p r ɛ ʃ ɹ̩ d	p r ɛ ʃ ɹ̩ d	p r ɛ d ə ʃ ɹ̩ d	1	reg_d	5	7
context	dev	p l iː d	p l iː d ə d	p l ɛ d ə d	p l ɛ d ə d	1	other	4	7
context	dev	p l e ɪ t	p l e ɪ t ə d	p l e ɪ t ə d	p l e ɪ t ə d	1	reg_əd	8	8
context	dev	b ɑː ɡ	b ɑː ɡ d	b ɑː ɡ d	b ɑː ɡ d	1	reg_d	5	5
context	dev	t ɹ̩ m	t ɹ̩ m d	t ɹ̩ m d	t ɹ̩ m d	1	reg_d	4	5
context	dev	k l ɑː z ə t	k l ɑː z ə t ə d	k l ɑː z ə t ə d	k l ɑː z ə t ə d	1	reg_əd	9	9
context	dev	k ɑː m p l ə m ɛ n t	k ɑː m p l ə m ɛ n t ə d	k l ə m p l d	k ɑː m p l ə m ɛ n t ə d	1	other	4	8
context	dev	ɪ m b ɛ d	ɪ m b ɛ d ə d	ɪ m b ɛ d ə d	ɪ m b ɛ d	1	reg_əd	8	8
context	dev	s ə p l a ɪ	s ə p l a ɪ d	s ə p l a ɪ d	s ə p l a ɪ d	1	reg_d	8	8
context	dev	f ɛ n d	f ɛ n d ə d	f ɛ n t	f ɛ n t ə d	1	coda_change	3	5
context	dev	ɔ r n ə m ɛ n t	ɔ r n ə m ɛ n t ə d	ɔ r n ə m ɛ n t ə d	ɔ r n ə m ɛ n t ə d	1	reg_əd	10	11
context	dev	ɪ k s t ɛ n d	ɪ k s t ɛ n d ə d	ɪ k s t ɛ n d ə d	ɪ k s t ɛ n t ə d	1	reg_əd	10	10
context	dev	p r uː n	p r uː n d	p r uː n d	p r uː n d	1	reg_d	6	6
context	dev	d ɪ f a ɪ	d ɪ f a ɪ d	d ɪ f a ɪ d	d ɪ f a ɪ d	1	reg_d	7	7
context	dev	ɡ r ɪ p	ɡ r ɪ p t	ɡ r ɪ p t	ɡ r ɪ p t	1	reg_t	6	6
context	dev	b ʊ l d o ʊ z	b ʊ l d o ʊ z d	b ʊ l d o ʊ z d	b ʊ l d d o ʊ z d	1	reg_d	7	9
context	dev	ɪ n v ɹ̩ t	ɪ n v ɹ̩ t ə d	ɪ n v ɹ̩ t ə d	ɪ n d v ɹ̩ t ə d	1	reg_əd	8	8
context	dev	k ə m p r ɛ s	k ə m p r ɛ s t	k ə m p r ɛ s t	k ə m p r ɛ s t ə d	1	reg_t	9	9
context	dev	m ə n uː v ɹ̩	m ə n uː v ɹ̩ d	m ə n uː v ɹ̩ d	m ə n uː v ɹ̩ d	1	reg_d	8	8
context	dev	w iː v	w iː v d	w iː v d	w iː v d	1	reg_d	5	5
context	dev	k ɑː n t æ k t	k ɑː n t æ k t ə d	k ɑː n t æ k t ə d	k ɑː n t æ k t	1	reg_əd	9	10
context	dev	k e ɪ b ə l	k e ɪ b ə l d	k e ɪ b ə l d	k e ɪ b ə l d	1	reg_d	8	8
context	dev	s t ɛ d iː	s t ɛ d iː d	s t ɛ d iː d	s t ɛ d iː d	1	reg_d	6	7
context	dev	f ɪ l t ɹ̩	f ɪ l t ɹ̩ d	f ɪ l t ɹ̩ d	f ɪ l t ɹ̩ d	1	reg_d	7	7
context	dev	r ɪ s t ɔ r	r ɪ s t ɔ r d	r ɪ s t ɔ r d	r ɪ s t ɔ r d	1	reg_d	8	8
context	dev	p ɪ v ə t	p ɪ v ə t ə d	p ɪ v ə t ə d	p ɪ v ə t ə d	1	reg_əd	8	8
context	dev	d ɪ m ɑː l ɪ ʃ	d ɪ m ɑː l ɪ ʃ t	d ɪ m ɑː l ɪ ʃ t	d ɪ d ɑː l ɪ ʃ t	1	reg_t	9	9
context	dev	f a ʊ l	f a ʊ l d	f a ʊ l d	f a ʊ l d	1	reg_d	6	6
context	dev	t͡ʃ ɛ r	t͡ʃ ɛ r d	t͡ʃ ɛ r d	t͡ʃ ʊ r d	1	reg_d	5	5
context	dev	t r ɪ k ə l	t r ɪ k ə l d	t r ɪ k ə l d	t r ɪ k ə l d	1	reg_d	8	8
context	dev	s k r ʌ n t͡ʃ	s k r ʌ n t͡ʃ t	s k r ʌ n t͡ʃ t	s k r ʌ n t͡ʃ t	1	reg_t	8	8
context	dev	s w e ɪ	s w e ɪ d	s w e ɪ d	s w e ɪ d	1	reg_d	6	6
context	dev	h e ɪ s ə n	h e ɪ s ə n d	h e ɪ s ə n d	h e ɪ s ə n d	1	reg_d	8	8
context	dev	f a ɪ n ə l a ɪ z	f a ɪ n ə l a ɪ z d	f a ɪ n ə l a ɪ z d	f a ɪ n d ə l a ɪ z d	1	reg_d	11	11
context	dev	ɛ n æ k t	ɛ n æ k t ə d	ɛ n æ k t ə d	ɛ n æ k t	1	reg_əd	7	8
context	dev	d iː t ʊ r	d iː t ʊ r d	d iː t ʊ r d	d ʌ t ʊ r d	1	reg_d	6	7
context	dev	t uː l	t uː l d	t uː l d	t uː l d	1	reg_d	4	5
context	dev	ɔ θ ɹ̩	ɔ θ ɹ̩ d	ɔ ð ɹ̩ d	ɔ θ ɹ̩ d	1	other	4	5
context	dev	o ʊ v ɹ̩ l o ʊ d	o ʊ v ɹ̩ l o ʊ d ə d	o ʊ v ɹ̩ l o ʊ d ə d	o ʊ v ɹ̩ l o ʊ d ə d	1	reg_əd	11	11
context	dev	f l ɹ̩ ɪ ʃ	f l ɹ̩ ɪ ʃ t	f l ɹ̩ ɪ ʃ t	f l ɹ̩ ɪ ʃ t	1	reg_t	7	7
context	dev	b æ n ɪ ʃ	b æ n ɪ ʃ t	b æ n ɪ ʃ t	b æ n ɪ ʃ t	1	reg_t	7	7
context	dev	θ r æ ʃ	θ r æ ʃ t	θ r æ ʃ t	θ r æ ʃ t	1	reg_t	6	6
context	dev	p ɹ̩ t e ɪ n	p ɹ̩ t e ɪ n d	p ɹ̩ t e ɪ n d	p ɹ̩ t e ɪ n d	1	reg_d	8	8
context	dev	p o ʊ s t	p o ʊ s t ə d	p o ʊ s t ə d	p o ʊ s t	1	reg_əd	7	8
context	dev	k r iː k	k r iː k t	k r iː k t	k r iː k t	1	reg_t	6	6
context	dev	ɪ n t ɹ̩	ɪ n t ɹ̩ d	ɪ n t ɹ̩ d	ɪ n t ɹ̩ d	1	reg_d	6	6
context	dev	z iː r o ʊ	z iː r o ʊ d	z iː r o ʊ d	z iː r o ʊ d	1	reg_d	7	7
context	dev	v a ʊ t͡ʃ	v a ʊ t͡ʃ t	v a ʊ t͡ʃ t	v a ʊ t͡ʃ t	1	reg_t	6	6
context	dev	k r æ m p	k r æ m p t	k r æ m p t	k r æ m p t	1	reg_t	7	7
context	dev	ɡ l e ɪ z	ɡ l e ɪ z d	ɡ l e ɪ z d	ɡ l e ɪ z d	1	reg_d	7	7
context	dev	r ə f l ɛ k t	r ə f l ɛ k t ə d	r ə f l ɛ k t ə d	r ə f l ɛ k t	1	reg_əd	9	10
context	dev	w ɪ l t	w ɪ l t ə d	w ɪ l t ə d	w ɪ l t ə d	1	reg_əd	7	7
context	dev	ə m a ʊ n t	ə m a ʊ n t ə d	ə m a ʊ n t ə d	ə m a ʊ n t ə d	1	reg_əd	9	9
context	dev	k r a ʊ t͡ʃ	k r a ʊ t͡ʃ t	k r a ʊ t͡ʃ t	k r a ʊ t͡ʃ t	1	reg_t	7	7
context	dev	b ɑː d iː	b ɑː d iː d	b ɑː d iː d	b ɑː d iː d	1	reg_d	6	6
context	dev	t ɪ k ə t	t ɪ k ə t ə d	t ɪ k ə t ə d	t ɪ k ə t ə d	1	reg_əd	8	8
context	dev	r a ʊ z	r a ʊ z d	r o ʊ z d	r a ʊ z d	1	vowel_change_suffix	5	6
context	dev	ɪ l æ b ɹ̩ e ɪ t	ɪ l æ b ɹ̩ e ɪ t ə d	ɪ l æ b ɹ̩ e ɪ t ə d	ɪ l æ b ɹ̩ e ɪ t	1	reg_əd	11	11
context	dev	d ɛ m ə n s t r e ɪ t	d ɛ m ə n s t r e ɪ t ə d	d	d ɛ m ə n s t r e ɪ t ə d	1	other	1	2
context	dev	r iː s iː l	r iː s iː l d	r iː s iː l d	r iː s ɛ l d	1	reg_d	7	7
context	dev	m iː t ɹ̩	m iː t ɹ̩ d	m iː t ɹ̩ d	m ɛ t ɹ̩ d	1	reg_d	5	6
context	dev	f o ʊ t ə ɡ r æ f	f o ʊ t ə ɡ r æ f t	f o ʊ t ə ɡ r æ ɡ d	f o ʊ t ə ɡ r æ f t ə d	1	coda_change	9	11
context	dev	ə p l a ɪ	ə p l a ɪ d	ə p l a ɪ d	ə p l a ɪ d	1	reg_d	7	7
context	dev	l ʌ n d͡ʒ	l ʌ n d͡ʒ d	l ʌ n d͡ʒ d	l ʌ n d͡ʒ d	1	reg_d	6	6
context	dev	ɪ m p r ɪ z ə n	ɪ m p r ɪ z ə n d	ɪ m p r ɪ z ɪ z d	ɪ m p r ɪ z ə n d	1	rhyme_replaced	7	10
context	dev	ʃ ɪ f t	ʃ ɪ f t ə d	ʃ ɪ f t ə d	ʃ ʊ f t	1	reg_əd	5	7
context	dev	b ɪ f ɔ l	b ɪ f ɛ l	b ɪ f ɔ l d	b e ɪ f ɔ l d	1	reg_d	7	7
context	dev	h iː p	h iː p t	h ɛ p t	h p t	1	vowel_change_suffix	4	5
context	dev	ɪ n ɡ r e ɪ v	ɪ n ɡ r e ɪ v d	ɪ n ɡ r e ɪ v d	ɪ n ɡ r e ɪ v d	1	reg_d	9	9
context	dev	p ɹ̩ t ɹ̩ b	p ɹ̩ t ɹ̩ b d	p ɹ̩ t ɹ̩ b d	p ɹ̩ t ɹ̩ b t	1	reg_d	7	7
context	dev	s p ɛ ʃ ə l a ɪ z	s p ɛ ʃ ə l a ɪ z d	s p ɛ ʃ ə l a ɪ z d	s p ɛ ʃ ə l a ɪ z d	1	reg_d	11	11
context	dev	s k w ɑː b ə l	s k w ɑː b ə l d	s k w ɑː b ə l d	s k w ɑː b ə l d	1	reg_d	9	9
context	dev	ɪ k s iː d	ɪ k s iː d ə d	ɪ k s iː d ə d	ɪ k s iː d ə d	1	reg_əd	7	8
context	dev	ɡ l æ s	ɡ l æ s t	ɡ l æ s t	ɡ l æ s t	1	reg_t	6	6
context	dev	w ɪ ð ɹ̩	w ɪ ð ɹ̩ d	w ɪ ð ɹ̩ d	w o ð ɹ̩ d	1	reg_d	5	6
context	dev	d ɪ p r a ɪ v	d ɪ p r a ɪ v d	d ɪ p r a ɪ v d	d ɪ p r a ɪ v d	1	reg_d	9	9
context	dev	r iː f j uː ə l	r iː f j uː ə l d	r iː f j uː ə l d	r iː f j uː ə l d	1	reg_d	9	9
context	dev	ɪ m p ɔ r t	ɪ m p ɔ r t ə d	ɪ m p ɔ r t ə d	ɪ m p ɔ r t ə d	1	reg_əd	9	9
context	dev	s l ɪ ŋ	s l ʌ ŋ	s l ʌ ŋ	s l ɪ ŋ d	1	vowel_change	4	5
context	dev	d ɪ t ɹ̩ m ə n	d ɪ t ɹ̩ m ə n d	d ɪ t ɹ̩ m ə n d	d ɪ t ɹ̩ m ə n d	1	reg_d	9	9
context	dev	ɡ r a ʊ n d	ɡ r a ʊ n d ə d	ɡ r a ʊ n d ə d	ɡ r a ʊ n d ə d	1	reg_əd	9	9
context	dev	m ə n ɑː p ə l a ɪ z	m ə n ɑː p ə l a ɪ z d	m ə p ə n ɑː l a ɪ z d	m ə n ɑː p ə l a ɪ z d	1	other	9	12
context	dev	ə b d͡ʒ ɛ k t	ə b d͡ʒ ɛ k t ə d	ə b d͡ʒ ɛ k t ə d	ə b d͡ʒ ɛ k t ə d	1	reg_əd	8	9
context	dev	t a ɪ l	t a ɪ l d	t a ɪ l d	t a ɪ l d	1	reg_d	6	6
context	dev	r ə s a ɪ t	r ə s a ɪ t ə d	r ə s a ɪ t ə d	r ə s ʌ ʌ a ɪ t	1	reg_əd	9	9
context	dev	m ʊ r	m ʊ r d	m ʊ r d	m ʊ r d	1	reg_d	5	5
context	dev	v j uː	v j uː d	v j uː d	v j uː d	1	reg_d	5	5
context	dev	d ɪ s p o ʊ z	d ɪ s p o ʊ z d	d ɪ s p o ʊ z d	d ɪ s p o ʊ z d	1	reg_d	9	9
context	dev	s w ɑː t	s w ɑː t ə d	s w ɑː t	s w ɑː t ə d	1	no_change	5	5
context	dev	d æ m ə d͡ʒ	d æ m ə d͡ʒ d	d æ m ə d͡ʒ d	d æ m ə d͡ʒ d	1	reg_d	7	7
context	dev	k ə n d ɛ n s	k ə n d ɛ n s t	k ə n d ɛ n s t	k ə n d ə ɛ n s t	1	reg_t	9	9
context	dev	æ m p j ə t e ɪ t	æ m p j ə t e ɪ t ə d	æ m p j ə t e ɪ t ə d	æ m p j ə t e ɪ t ə d	1	reg_əd	12	12
context	dev	ə s a ɪ n	ə s a ɪ n d	ə s a ɪ n d	ə s a ɪ n d	1	reg_d	7	7
context	dev	b uː s t	b uː s t ə d	b uː s t ə d	b uː s t	1	reg_əd	6	7
context	dev	ɡ r æ v ə t e ɪ t	ɡ r æ v ə t e ɪ t ə d	ɡ r æ v ə t e ɪ t ə d	ɡ r æ v ə t e ɪ t ə d	1	reg_əd	12	12
context	dev	ɹ̩ d͡ʒ	ɹ̩ d͡ʒ d	ɹ̩ d͡ʒ d	ɹ̩ d͡ʒ	1	reg_d	3	4
context	dev	k ɑː ŋ k ɹ̩	k ɑː ŋ k ɹ̩ d	k ɑː ŋ k ɹ̩ d	k ɑː ŋ k ɹ̩ d	1	reg_d	7	7
context	dev	ʃ ɛ l t ɹ̩	ʃ ɛ l t ɹ̩ d	ʃ ɛ l t ɹ̩ d	ʃ ɛ l t ɹ̩ d	1	reg_d	7	7
context	dev	p ɛ n s ə l	p ɛ n s ə l d	p ɛ n s ə l d	p ɛ n s ə l d	1	reg_d	7	8
context	dev	o ʊ v ɹ̩ d uː	o ʊ v ɹ̩ d ɪ d	o ʊ v ɹ̩ d ɹ̩ d	o ʊ v ɹ̩ d uː ə d	1	vowel_change_suffix	6	8
context	dev	k e ɪ d͡ʒ	k e ɪ d͡ʒ d	k e ɪ d͡ʒ d	k e ɪ d͡ʒ d	1	reg_d	5	6
context	dev	ɪ n ɪ ʃ iː e ɪ t	ɪ n ɪ ʃ iː e ɪ t ə d	ɪ n ɪ ʃ iː e ɪ t ə d	ɪ n ɪ ʃ iː e ɪ t	1	reg_əd	11	11
context	dev	v ɛ r ə f a ɪ	v ɛ r ə f a ɪ d	v ɛ r ə f a ɪ d	v ɛ r ə f a ɪ d	1	reg_d	9	9
context	dev	d ɪ s p ɹ̩ s	d ɪ s p ɹ̩ s t	d ɪ s p ɹ̩ s t	d ɪ s p ɹ̩ s t	1	reg_t	8	8
context	dev	p r ɑː s ɛ s	p r ɑː s ɛ s t	p r ɑː s ɛ s t	p r ɑː s ɛ s t	1	reg_t	8	8
context	dev	r æ m	r æ m d	r æ m d	r æ m d	1	reg_d	5	5
context	dev	m ɛ l o ʊ	m ɛ l o ʊ d	m ɛ l o ʊ d	m ɛ l o ʊ d	1	reg_d	7	7
context	dev	ɪ k l ɪ p s	ɪ k l ɪ p s t	ɪ k l ɪ p l t	ɪ k l ɪ p s d ə	1	coda_change	5	8
context	dev	f j uː ə l	f j uː ə l d	f j uː ə l d	f ɛ uː ə l d	1	reg_d	7	7
context	dev	h o ʊ m	h o ʊ m d	h o ʊ m d	h o ʊ m d	1	reg_d	6	6
context	dev	ə m j uː z	ə m j uː z d	ə m j uː z d	ə m j uː z d	1	reg_d	6	7
context	dev	ʃ æ t ɹ̩	ʃ æ t ɹ̩ d	ʃ æ t ɹ̩ d	ʃ æ t ɹ̩ d	1	reg_d	6	6
context	dev	ɪ k s t͡ʃ e ɪ n d͡ʒ	ɪ k s t͡ʃ e ɪ n d͡ʒ d	ɪ k s t͡ʃ e ɪ n d͡ʒ d	ɪ k s t͡ʃ e ɪ n d͡ʒ d	1	reg_d	10	10
context	dev	p e ɪ s	p e ɪ s t	p e ɪ s t	p e ɪ s t	1	reg_t	6	6
context	dev	ə k ɔ r d	ə k ɔ r d ə d	ə k ɔ r d ə d	ə k ɔ r d ə d	1	reg_əd	8	8
context	dev	p ɑː r t͡ʃ	p ɑː r t͡ʃ t	p ɑː r t͡ʃ t	p ɑː r t͡ʃ t	1	reg_t	6	6
context	dev	t ɛ n d ɹ̩	t ɛ n d ɹ̩ d	t ɛ n d ɹ̩ d	t ɛ n d ɹ̩ d	1	reg_d	7	7
context	dev	s ɪ n θ ə s a ɪ z	s ɪ n θ ə s a ɪ z d	s ɪ n θ ə s a ɪ z d	s ɪ n θ ə s a ɪ z d	1	reg_d	10	11
context	dev	d ɪ t æ t͡ʃ	d ɪ t æ t͡ʃ t	d ɪ t æ t͡ʃ t	d ɪ t æ t͡ʃ t	1	reg_t	7	7
context	dev	k o ʊ s t	k o ʊ s t ə d	k o ʊ s t ə d	k o ʊ s t	1	reg_əd	7	8
context	dev	s p j uː	s p j uː d	s p j uː d	s p j uː d	1	reg_d	6	6
context	dev	p ɛ ɡ	p ɛ ɡ d	p ɛ ɡ d	p ɛ ɡ d	1	reg_d	5	5
context	dev	d͡ʒ æ ŋ ɡ ə l	d͡ʒ æ ŋ ɡ ə l d	d͡ʒ æ ŋ ɡ ə l d	d͡ʒ æ ŋ ɡ ə l d	1	reg_d	8	8
context	dev	s k ɪ d	s k ɪ d ə d	s k ɪ d	s k e ɪ d	1	no_change	4	5
context	dev	z æ p	z æ p t	z æ p t	z æ p t	1	reg_t	5	5
context	dev	r ɪ t e ɪ n	r ɪ t e ɪ n d	r ɪ t e ɪ n d	r ɪ t e ɪ n d	1	reg_d	8	8
context	dev	ɪ n t ɪ m ɪ d e ɪ t	ɪ n t ɪ m ɪ d e ɪ t ə d	ɪ m ɪ d ɪ m ɪ t ə t ə d	ɪ n t ɪ m ɪ d ə e ɪ t ə d	1	other	5	13
context	dev	ɛ n t͡ʃ æ n t	ɛ n t͡ʃ æ n t ə d	ɛ n t͡ʃ æ n t ə d	ɛ n t͡ʃ æ n t ə d	1	reg_əd	8	9
context	dev	z o ʊ n	z o ʊ n d	z o ʊ n d	z o ʊ n d	1	reg_d	6	6
context	dev	s n iː r	s n iː r d	s n iː r d	s n iː r d	1	reg_d	6	6
context	dev	b ʌ l d͡ʒ	b ʌ l d͡ʒ d	b ʌ l d͡ʒ d	b ʌ l d͡ʒ	1	reg_d	5	6
context	dev	ə b a ɪ d	ə b a ɪ d ə d	ə b a ɪ d ə d	ə b a ɪ d ə d	1	reg_əd	8	8
context	dev	m ə t j ʊ r	m ə t j ʊ r d	m ə t j uː r d	m ə t j ʊ r	1	vowel_change_suffix	6	8
context	dev	p r ə z ɹ̩ v	p r ə z ɹ̩ v d	p r ə z ɹ̩ v d	p r ə z ɹ̩ v d	1	reg_d	8	8
context	dev	k ʌ f	k ʌ f t	k ʌ f t	k ʌ f t ə d	1	reg_t	5	5
context	dev	f r iː	f r iː d	f r iː d	f r iː d	1	reg_d	5	5
context	dev	a ʊ t r ʌ n	a ʊ t r æ n	a ʊ t r ʌ n d	a ʊ t r ʌ n	1	reg_d	7	8
context	dev	s l æ n t	s l æ n t ə d	s l æ n t ə d	s l æ n t ə d	1	reg_əd	8	8
context	dev	ɪ n k ɔ r p ɹ̩ e ɪ t	ɪ n k ɔ r p ɹ̩ e ɪ t ə d	ɪ n k ɔ r p ɹ̩ e ɪ t ə d	ɪ n k ɔ r p ɹ̩ e ɪ t ə d	1	reg_əd	13	13
context	dev	ʃ ʌ n t	ʃ ʌ n t ə d	ʃ ʌ n t ə d	ʃ ʌ n t ə d	1	reg_əd	6	7
context	dev	w ɹ̩ d	w ɹ̩ d ə d	w ɹ̩ d	w ɹ̩ d	1	no_change	4	4
context	dev	d ɪ s e ɪ b ə l	d ɪ s e ɪ b ə l d	d ɪ s e ɪ b ə l d	d ɪ s e ɪ b ə l d	1	reg_d	10	10
context	dev	ɡ r uː p	ɡ r uː p t	ɡ r uː p t	ɡ r uː p t	1	reg_t	6	6
context	dev	t ɔ n t	t ɔ n t ə d	t ɔ n t ə d	t ɔ n t ə d	1	reg_əd	7	7
context	dev	p ɑː t	p ɑː t ə d	p ɑː t ə d	p ɑː t	1	reg_əd	5	6
context	dev	k ə m ɛ m ɹ̩ e ɪ t	k ə m ɛ m ɹ̩ e ɪ t ə d	k ə m ɛ m ɹ̩ e ɪ t ə d	k ə m ɛ m ɹ̩ e ɪ t ə d	1	reg_əd	12	12
context	dev	l o ʊ k e ɪ t	l o ʊ k e ɪ t ə d	l o ʊ k e ɪ t ə d	l o ʊ k e ɪ t ə d	1	reg_əd	10	10
context	dev	w ɑː l o ʊ	w ɑː l o ʊ d	w ɑː l o ʊ d	w ɑː l o ʊ d	1	reg_d	7	7
context	dev	o ʊ v ɹ̩ f l o ʊ	o ʊ v ɹ̩ f l o ʊ d	o ʊ v ɹ̩ f ɹ̩ f ɹ̩ d	o ʊ v ɹ̩ f l o ʊ d	1	other	6	10
context	dev	d ɪ z a ɪ ɹ̩	d ɪ z a ɪ ɹ̩ d	d ɪ z a ɪ ɹ̩ d	d ɪ z a ɪ ɹ̩ d	1	reg_d	8	8
context	dev	r iː z ɛ n t	r iː z ɛ n t ə d	r iː z ɛ n t ə d	r iː z ɛ n t ə d	1	reg_əd	9	9
context	dev	s ɪ m b ə l a ɪ z	s ɪ m b ə l a ɪ z d	s ɪ m b ə l a ɪ z d	s ɪ m b ə l a ɪ z d	1	reg_d	11	11
context	dev	f l e ɪ m	f l e ɪ m d	f l e ɪ m d	f l e ɪ m d	1	reg_d	6	7
context	dev	t r æ n s ɛ n d	t r æ n s ɛ n d ə d	t r æ n s ɛ n d ə d	t r æ n s ɛ n d ə d	1	reg_əd	11	11
context	dev	p ɹ̩ v ɹ̩ t	p ɹ̩ v ɹ̩ t ə d	p ɹ̩ v ɹ̩ t ə d	p ɹ̩ v ɹ̩ t ə d	1	reg_əd	7	8
context	dev	k ə n f r ʌ n t	k ə n f r ʌ n t ə d	k ə n f r ʌ n t ə d	k ə n f r ʌ n t ə d	1	reg_əd	11	11
context	dev	ɪ n k l o ʊ z	ɪ n k l o ʊ z d	ɪ n k l o ʊ z d	ɪ n k l o ʊ z d	1	reg_d	8	9
context	dev	d r ɪ f t	d r ɪ f t ə d	d r ɪ f t ə d	d r ɪ f t	1	reg_əd	7	8
context	dev	k ɔ r n ɹ̩	k ɔ r n ɹ̩ d	k ɔ r n ɹ̩ d	k ɔ r d ə n ɹ̩ d	1	reg_d	7	7
context	dev	æ k n ɑː l ɪ d͡ʒ	æ k n ɑː l ɪ d͡ʒ d	æ k n ɑː l ɔ d͡ʒ d	æ k n ɑː l ɪ d͡ʒ d	1	vowel_change_suffix	8	9
context	dev	l ɑː p	l ɑː p t	l ɑː p t	l ɑː p t	1	reg_t	5	5
context	dev	s k e ɪ l	s k e ɪ l d	s k e ɪ l d	s k e ɪ l d	1	reg_d	7	7
context	dev	ɪ k w e ɪ t	ɪ k w e ɪ t ə d	ɪ k w e ɪ t ə d	ɪ k w e ɪ t ə d	1	reg_əd	8	9
context	dev	b æ t ə l	b æ t ə l d	b æ t ə l d	b æ t ə l d	1	reg_d	7	7
context	dev	ə s ɛ s	ə s ɛ s t	ə s ɛ s t	ə s ɛ s t	1	reg_t	6	6
context	dev	ɔ l t ɹ̩	ɔ l t ɹ̩ d	ɔ l t ɹ̩ d	ɔ l t ɹ̩ d	1	reg_d	6	6
context	dev	ɡ ʌ l p	ɡ ʌ l p t	ɡ ʌ l p t	ɡ ʌ l p t	1	reg_t	6	6
context	dev	r ɪ s ɪ p r ə k e ɪ t	r ɪ s ɪ p r ə k e ɪ t ə d	r ɪ s ɪ k r ə k e ɪ t ə d	r ɪ s ɪ p r ə k e ɪ t ə d	1	other	13	14
context	dev	r ɛ ɡ j ə l e ɪ t	r ɛ ɡ j ə l e ɪ t ə d	r ɛ ɡ j ə l e ɪ t ə d	r ɛ ɡ j ə l e ɪ t ə d	1	reg_əd	12	12
context	dev	ɪ k s p ɛ r ə m ə n t	ɪ k s p ɛ r ə m ə n t ə d	ɪ k s p ɛ r ə k t ə d	ɪ k s p ɛ r ə m ə n t ə d	1	other	8	12
context	dev	r iː p ʌ l s	r iː p ʌ l s t	r iː p ʌ l s t	r iː p ʌ l s t	1	reg_t	8	8
context	dev	ʃ ɑː k	ʃ ɑː k t	ʃ ɑː k t	ʃ ɑː k t	1	reg_t	5	5
context	dev	s p ɪ r ɪ t	s p ɪ r ɪ t ə d	s p ɪ r ɪ t ə d	s p ɪ r ɪ t ə d	1	reg_əd	9	9
context	dev	b l ɑː t	b l ɑː t ə d	b l ɑː t ə d	b l ɑː t ə d	1	reg_əd	7	7
context	dev	h ɔ r d	h ɔ r d ə d	h ɔ r d ə d	h ɔ r d ə d	1	reg_əd	7	7
context	dev	b a ʊ n d	b a ʊ n d ə d	b a ʊ n d ə d	b a ʊ n d ə d	1	reg_əd	8	8
context	dev	d ɪ s ə p r uː v	d ɪ s ə p r uː v d	d ɪ s ə p r uː	d ɪ s ə p r uː v d	1	other	7	8
context	dev	t a ɪ t ə l	t a ɪ t ə l d	t a ɪ t ə l d	t a ɪ t ə l d	1	reg_d	8	8
context	dev	k ɑː m p r iː h ɛ n d	k ɑː m p r iː h ɛ n d ə d	k r iː ɪ m p r iː d	k ɑː m p r iː h ɛ n t ə d	1	other	6	10
context	dev	k æ p ɪ t ə l a ɪ z	k æ p ɪ t ə l a ɪ z d	k ɪ t ə l a ɪ z d	k æ p ɪ t ə l a ɪ z d	1	other	9	10
context	dev	s w ɔ m p	s w ɔ m p t	s w ɔ m p t	s w ɔ m p t	1	reg_t	6	7
context	dev	n ɛ r e ɪ t	n ɛ r e ɪ t ə d	n ɛ r e ɪ t ə d	n ɛ r e ɪ t ə d	1	reg_əd	9	9
context	dev	p æ n k e ɪ k	p æ n k e ɪ k t	p æ n k e ɪ k t	p æ n k e ɪ k t	1	reg_t	9	9
context	dev	m ɔ l t	m ɔ l t ə d	m ɔ l t ə d	m ɔ l t	1	reg_əd	5	7
context	dev	s t r ɛ s	s t r ɛ s t	s t r ɛ s t	s t r ɛ s t	1	reg_t	7	7
context	dev	k r iː m e ɪ t	k r iː m e ɪ t ə d	k r iː m e ɪ t ə d	k r iː m e ɪ t ə d	1	reg_əd	10	10
context	dev	p r ə f ɛ s	p r ə f ɛ s t	p r ə f ɛ s t	p r ə f ɛ s t	1	reg_t	8	8
context	dev	t͡ʃ æ n t	t͡ʃ æ n t ə d	t͡ʃ æ n t ə d	t͡ʃ æ n t ə d	1	reg_əd	7	7
context	dev	p o ʊ n iː	p o ʊ n iː d	p o ʊ n iː d	p o ʊ n iː	1	reg_d	5	7
context	dev	r iː p r o ʊ ɡ r æ m	r iː p r o ʊ ɡ r æ m d	r o ʊ ɡ r o ʊ r æ m d	r iː p r o ʊ ɡ r æ m d	1	other	8	12
context	dev	k j uː	k j uː d	k j uː d	k j uː d	1	reg_d	5	5
context	dev	ɔ d ɪ t	ɔ d ɪ t ə d	ɔ d ɪ t ə d	ɔ d ɪ t ə d	1	reg_əd	6	7
context	dev	s ʌ b	s ʌ b d	s ʌ b d	s ʌ b d	1	reg_d	5	5
context	dev	s k a ʊ ɹ̩	s k a ʊ ɹ̩ d	s k a ʊ ɹ̩ d	s k a ʊ ɹ̩ d	1	reg_d	7	7
context	dev	ɪ k s p æ n d	ɪ k s p æ n d ə d	ɪ k s p æ n d ə d	ɪ k s p æ n d ə d	1	reg_əd	10	10
context	dev	d r ɛ n t͡ʃ	d r ɛ n t͡ʃ t	d r ɛ n t͡ʃ t	d r ɛ n t͡ʃ t	1	reg_t	7	7
context	dev	s k ɪ n	s k ɪ n d	s k ɪ n d	s k ɪ n d	1	reg_d	6	6
context	dev	f ɔ r s iː	f ɔ r s ɔ	f ɔ r s iː d	f ɔ r s iː d	1	reg_d	6	7
context	dev	ɔ t ə m e ɪ t	ɔ t ə m e ɪ t ə d	ɔ t ə m e ɪ t ə d	ɔ t ə m e ɪ t	1	reg_əd	10	10
context	dev	s w ɛ t	s w ɛ t ə d	s w ɛ t ə d	s w ɛ t ə d	1	reg_əd	6	7
context	dev	ɡ ʌ t	ɡ ʌ t ə d	ɡ ʌ t	ɡ ʌ t	1	no_change	3	4
context	dev	p o ʊ z	p o ʊ z d	p o ʊ z d	p o ʊ z	1	reg_d	6	6
context	dev	d͡ʒ æ k ə t	d͡ʒ æ k ə t ə d	d͡ʒ æ k ə t ə d	d͡ʒ æ k ə t ə d	1	reg_əd	8	8
context	dev	p r ɪ v ɪ l ɪ d͡ʒ	p r ɪ v ɪ l ɪ d͡ʒ d	p r ɪ v ɪ l ɪ d͡ʒ d	p r ɪ v ɪ l ɪ d͡ʒ d	1	reg_d	10	10
context	dev	s o ʊ ʃ ə l a ɪ z	s o ʊ ʃ ə l a ɪ z d	s o ʊ ʃ ə l a ɪ z d	s o ʊ ʃ ə l a ɪ z d	1	reg_d	11	11
context	dev	f æ t ə n	f æ t ə n d	f æ t ə n d	f æ t ə n d	1	reg_d	7	7
context	dev	t æ t ɹ̩	t æ t ɹ̩ d	t æ t ɹ̩ d	t æ t ɹ̩ d	1	reg_d	6	6
context	dev	w ɛ d͡ʒ	w ɛ d͡ʒ d	w ɛ d͡ʒ d	w ɛ d͡ʒ d	1	reg_d	5	5
context	dev	k r o ʊ ʃ e ɪ	k r o ʊ ʃ e ɪ d	k r o ʊ ʃ e ɪ d	k r o ʊ ʃ e ɪ d	1	reg_d	9	9
context	dev	k ə n s iː l	k ə n s iː l d	k ə n s iː l d	k ə n s iː l d	1	reg_d	8	8
context	dev	p r ə v o ʊ k	p r ə v o ʊ k t	p r ə v o ʊ k t	p r ə v o ʊ k t	1	reg_t	8	9
context	dev	h ɪ t͡ʃ	h ɪ t͡ʃ t	h ɪ t͡ʃ t	h ɪ t͡ʃ t	1	reg_t	5	5
context	dev	t r æ n s p ɔ r t	t r æ n s p ɔ r t ə d	t r æ n s p ɔ r t ə d	t r æ n s p ɔ r t ə d	1	reg_əd	12	12
context	dev	d ɑː r k ə n	d ɑː r k ə n d	d ɑː r k ə n d	d ɑː r k ə n d	1	reg_d	8	8
context	dev	ɪ n v ɛ s t	ɪ n v ɛ s t ə d	ɪ n v ɛ s t ə d	ɪ n v ɛ s t ə d	1	reg_əd	8	9
context	dev	d ɪ f ɛ n d	d ɪ f ɛ n d ə d	d ɪ f ɛ n d ə d	d ɪ f ɛ n d ə d	1	reg_əd	8	9
context	dev	o ʊ v ɹ̩ ɛ s t ə m e ɪ t	o ʊ v ɹ̩ ɛ s t ə m e ɪ t ə d	o ʊ s t ə d	o ʊ v ɹ̩ ɛ s t ə m e ɪ t ə d	1	other	4	7
context	dev	k ɹ̩ iː n	k ɹ̩ iː n d	k ɹ̩ iː n d	k ɹ̩ iː n d	1	reg_d	6	6
context	dev	f l æ b ɹ̩ ɡ æ s t	f l æ b ɹ̩ ɡ æ s t ə d	f l æ b ɹ̩ d	f l æ b ɹ̩ ɡ æ s t	1	other	5	7
context	dev	b ɛ d	b ɛ d ə d	b ɛ d ə d	b ɛ ə ə ə d	1	reg_əd	5	6
context	dev	ʃ æ k ə l	ʃ æ k ə l d	ʃ æ k ə l d	ʃ æ k ə l d	1	reg_d	7	7
context	dev	b a ɪ n d	b a ʊ n d	b a ɪ n d ə d	b ɔ ɪ n d ə d	1	reg_əd	8	8
context	dev	ɪ n v ɛ n t	ɪ n v ɛ n t ə d	ɪ n v ɛ n t ə d	ɪ n v ɛ n t ə d	1	reg_əd	9	9
context	dev	k ə n k l uː d	k ə n k l uː d ə d	k ə n k l uː d ə d	k ə n k l uː ə d ə d	1	reg_əd	9	10
context	dev	m o ʊ ʃ ə n	m o ʊ ʃ ə n d	m o ʊ ʃ ə n d	m o ʊ ʃ ə n d	1	reg_d	8	8
context	dev	ɪ l ɪ m ə n e ɪ t	ɪ l ɪ m ə n e ɪ t ə d	ɪ l ɪ m ə n e ɪ t ə d	ɪ l ɪ m ə n e ɪ t ə d	1	reg_əd	12	12
context	dev	m ɑː d ə f a ɪ	m ɑː d ə f a ɪ d	m ɑː d ə f a ɪ d	m ɑː d ə f a ɪ d	1	reg_d	9	9
context	dev	s iː z ə n	s iː z ə n d	s iː z ə n d	s iː z ə n d	1	reg_d	7	7
context	dev	m ɛ z m ɹ̩ a ɪ z	m ɛ z m ɹ̩ a ɪ z d	m ɛ z ɹ̩ a ɪ z a ɪ z d	m ɛ z m ɹ̩ a ɪ z d	1	other	8	12
context	dev	t e ɪ l ɹ̩	t e ɪ l ɹ̩ d	t e ɪ l ɹ̩ d	t e ɪ l ɹ̩ d	1	reg_d	6	7
context	dev	d ɪ t ɛ k t	d ɪ t ɛ k t ə d	d ɪ t ɛ k t ə d	d ɪ t ɛ k t	1	reg_əd	8	9
context	dev	s ə b d͡ʒ ɛ k t	s ə b d͡ʒ ɛ k t ə d	s ə b d͡ʒ ɛ k t ə d	s ə b d͡ʒ ɛ k t	1	reg_əd	10	10
context	dev	r iː k æ p	r iː k æ p t	r iː k æ p t	r iː k æ p t	1	reg_t	7	7
context	dev	ɪ n t ɹ̩ p r ə t	ɪ n t ɹ̩ p r ə t ə d	ɪ n t ɹ̩ p r ə t ə d	ɪ n t ɹ̩ p r ə t ə d	1	reg_əd	11	11
context	dev	b ɔ r d ɹ̩	b ɔ r d ɹ̩ d	b ɔ r d ɹ̩ d	b ɔ r d ɹ̩ d	1	reg_d	7	7
context	dev	d ɪ s iː v	d ɪ s iː v d	d ɪ s iː v d	d ɪ s iː v d	1	reg_d	7	7
context	dev	w iː d	w iː d ə d	w iː d ə d	w iː d ə d	1	reg_əd	5	6
context	dev	d a ɪ ə ɡ n o ʊ s	d a ɪ ə ɡ n o ʊ s t	d a ɪ ɡ n d a ʊ d	d a ɪ ə ɡ n o ʊ s t ə d	1	other	6	10
context	dev	p r o ʊ b	p r o ʊ b d	p r o ʊ b d	p r o ʊ b	1	reg_d	6	7
context	dev	k r ɪ s ə n	k r ɪ s ə n d	k r ɪ s ə n d	k r ɪ s ə n d	1	reg_d	8	8
context	dev	ɡ r æ s	ɡ r æ s t	ɡ r æ s t	ɡ r æ s t	1	reg_t	5	6
context	dev	r ɪ v a ɪ z	r ɪ v a ɪ z d	r ɪ v a ɪ z d	r ɪ v a ɪ z d	1	reg_d	8	8
context	dev	h ɔ r ə f a ɪ	h ɔ r ə f a ɪ d	h ɔ r ə f a ɪ d	h ɔ r ə f a ɪ d	1	reg_d	9	9
context	dev	ə n r æ v ə l	ə n r æ v ə l d	ə n r æ v æ l d	ə n r æ v ə l d	1	vowel_change_suffix	8	9
context	dev	s ə l uː t	s ə l uː t ə d	s ə l uː t ə d	s ə l uː t ə d	1	reg_əd	8	8
context	dev	l ɑː d͡ʒ	l ɑː d͡ʒ d	l ɑː d͡ʒ d	l ɑː d͡ʒ d	1	reg_d	5	5
context	dev	ɪ n t r uː d	ɪ n t r uː d ə d	ɪ n t r uː d ə d	ɪ n t r uː ə ə d	1	reg_əd	6	9
context	dev	k ɑː r p ə t	k ɑː r p ə t ə d	k ɑː r p ə t ə d	k ɑː r p ə t ə d	1	reg_əd	9	9
context	dev	k r ɪ t ɪ s a ɪ z	k r ɪ t ɪ s a ɪ z d	k r ɪ t ɪ s a ɪ z d	k r ɪ t ɪ s a ɪ z d	1	reg_d	11	11
context	dev	ɪ m ɹ̩ d͡ʒ	ɪ m ɹ̩ d͡ʒ d	ɪ m ɹ̩ d͡ʒ d	ɪ m ɹ̩ d͡ʒ	1	reg_d	5	6
context	dev	s ɹ̩ v e ɪ	s ɹ̩ v e ɪ d	s ɹ̩ v e ɪ d	s ɹ̩ v e ɪ d	1	reg_d	7	7
context	dev	b o ʊ s t	b o ʊ s t ə d	b o ʊ s t ə d	b o ʊ s t	1	reg_əd	6	8
context	dev	ɪ m p l ɔ r	ɪ m p l ɔ r d	ɪ m p l ɔ r d	ɪ m p l ɔ r d	1	reg_d	8	8
context	dev	d͡ʒ ɹ̩ m ə n e ɪ t	d͡ʒ ɹ̩ m ə n e ɪ t ə d	d͡ʒ ɹ̩ m ə n e ɪ t ə d	d͡ʒ ɹ̩ m ə n e ɪ t ə d	1	reg_əd	10	11
context	dev	h ɔ r n	h ɔ r n d	h ɔ r n d	h ɔ r n d	1	reg_d	6	6
context	dev	ə b s ɛ s	ə b s ɛ s t	ə b s ɛ s t	ə b s ɛ s t	1	reg_t	7	7
context	dev	ʌ n d ɹ̩ l a ɪ n	ʌ n d ɹ̩ l a ɪ n d	ʌ n d ɹ̩ l a ɪ n d	ʌ n d ə ɹ̩ l a ɪ n d	1	reg_d	10	10
context	dev	b l uː	b l uː d	b l uː d	b l uː d	1	reg_d	5	5
context	dev	ə f ɛ k t	ə f ɛ k t ə d	ə f ɛ k t ə d	ə f ɛ k t	1	reg_əd	7	8
context	dev	f r ɛ t	f r ɛ t ə d	f r ɛ t ə d	f r ɛ t	1	reg_əd	7	7
context	dev	s k ʌ t ə l	s k ʌ t ə l d	s k ʌ t ə l d	s k ʌ t ə l d	1	reg_d	8	8
context	dev	k ə m p a ɪ l	k ə m p a ɪ l d	k ə m p a ɪ l d	k ə m p a ɪ l d	1	reg_d	9	9
context	dev	s ə p r ɛ s	s ə p r ɛ s t	s ə p r ɛ s t	s ə p r ɛ s t	1	reg_t	8	8
context	dev	b r ɪ d͡ʒ	b r ɪ d͡ʒ d	b r ɪ d͡ʒ d	b r ɪ d͡ʒ d	1	reg_d	6	6
context	dev	k ə m p o ʊ z	k ə m p o ʊ z d	k ə m p o ʊ z d	k ə m p o ʊ z d	1	reg_d	9	9
context	dev	æ n ə t e ɪ t	æ n ə t e ɪ t ə d	æ n ə t e ɪ t ə d	æ n d ə t e ɪ t ə d	1	reg_əd	10	10
context	dev	d ɪ l ɪ n iː e ɪ t	d ɪ l ɪ n iː e ɪ t ə d	d ɪ n iː n iː e ɪ t ə d	d ɪ l ɪ n d iː e ɪ t	1	other	10	12
context	dev	m ɛ r ɪ t	m ɛ r ɪ t ə d	m ɛ r ɪ t ə d	m ɛ r ʊ t ə d	1	reg_əd	8	8
context	dev	t æ k s iː	t æ k s iː d	t æ k s iː d	t æ k s iː d	1	reg_d	7	7
context	dev	p ɛ n ə t r e ɪ t	p ɛ n ə t r e ɪ t ə d	p ɛ n ə t r e ɪ t ə d	p ɛ n d ə ə t r e ɪ t ə d	1	reg_əd	12	12
context	dev	d r uː p	d r uː p t	d r uː p t	d r uː p t	1	reg_t	6	6
context	dev	r ɛ p r ə z ɛ n t	r ɛ p r ə z ɛ n t ə d	r ɛ p r ə z ɛ n t ə d	r ɛ p r ə z ɛ n t	1	reg_əd	12	12
context	dev	r ɪ v iː l	r ɪ v iː l d	r ɪ v iː l d	r ɪ v iː l d	1	reg_d	7	7
context	dev	k ə n f ɹ̩ m	k ə n f ɹ̩ m d	k ə n f ɹ̩ m d	k ə n f ɹ̩ m d	1	reg_d	7	8
context	dev	k ɑː n t ʊ r	k ɑː n t ʊ r d	k ɑː n t ʊ r d	k ɑː n t ʊ r	1	reg_d	8	8
context	dev	f iː s t	f iː s t ə d	f iː s t ə d	f iː s t	1	reg_əd	6	7
context	dev	f ʊ t	f ʊ t ə d	f ʊ t	f ʊ t ə d	1	no_change	3	4
context	dev	r iː ə ʃ ʊ r	r iː ə ʃ ʊ r d	r iː ə ʃ ʊ r d	r iː ə ʃ ʊ r d	1	reg_d	8	8
context	dev	k æ p t ɪ v e ɪ t	k æ p t ɪ v e ɪ t ə d	k æ p t ɪ v e ɪ t ə d	k æ p t ɪ v e ɪ t ə d	1	reg_əd	12	12
context	dev	b æ p t a ɪ z	b æ p t a ɪ z d	b æ p t a ɪ z d	b o æ p t a ɪ z d	1	reg_d	9	9
context	dev	k ə n f a ɪ n	k ə n f a ɪ n d	k ə n f a ɪ n d	k ə n f o ɪ n d	1	reg_d	8	9
context	dev	h æ ʃ	h æ ʃ t	h æ ʃ t	h æ ʃ t	1	reg_t	5	5
context	dev	t r æ n s p l æ n t	t r æ n s p l æ n t ə d	t r æ n s p l æ n t ə d	t r æ n s p l æ n t ə d	1	reg_əd	13	13
context	dev	ə k ʌ m p ə n iː	ə k ʌ m p ə n iː d	ə k ʌ m p ə n p ə d	ə k ʌ m p ə n iː d	1	other	7	11
context	dev	h ɹ̩ d	h ɹ̩ d ə d	h ɹ̩ d ə d	h ɹ̩ ə d	1	reg_əd	6	6
context	dev	s w ɪ v ə l	s w ɪ v ə l d	s w ɪ v ə l d	s w ɪ v ə l d	1	reg_d	8	8
context	dev	k æ m p e ɪ n	k æ m p e ɪ n d	k æ m p e ɪ n d	k æ m p e ɪ n d	1	reg_d	9	9
context	dev	d͡ʒ ɛ n ɹ̩ e ɪ t	d͡ʒ ɛ n ɹ̩ e ɪ t ə d	d͡ʒ ɛ n ɹ̩ e ɪ t ə d	d͡ʒ ɛ n ɹ̩ e ɪ t ə d	1	reg_əd	10	10
context	dev	d a ʊ n l o ʊ d	d a ʊ n l o ʊ d ə d	d a ʊ n l o ʊ d ə d	d a ʊ n l o ʊ d ə d	1	reg_əd	11	11
context	dev	r iː z ɑː l v	r iː z ɑː l v d	r iː z ɑː l v d	r iː z ɑː l v d	1	reg_d	8	8
context	dev	d ɪ s k ə n t ɛ n t	d ɪ s k ə n t ɛ n t ə d	d ɪ s t ə n d	d ɪ s k ə n t ɛ n t ə d	1	other	5	8
context	dev	f l ʌ t ɹ̩	f l ʌ t ɹ̩ d	f l ʌ t ɹ̩ d	f l ʌ t ɹ̩ d	1	reg_d	7	7
context	dev	h ɑː r m	h ɑː r m d	h ɑː r m d	h ɑː r m d	1	reg_d	6	6
context	test	f a ɪ n	f a ɪ n d	f a ɪ n d	f a ʊ n d	1	reg_d	6	6
context	test	s ɹ̩ f ɪ s	s ɹ̩ f ɪ s t	s ɹ̩ f ɪ s t	s ɹ̩ f ɪ s t	1	reg_t	7	7
context	test	s iː z	s iː z d	s iː z d	s iː z d	1	reg_d	5	5
context	test	v iː r	v iː r d	v iː r d	v iː r d	1	reg_d	5	5
context	test	k ʌ s	k ʌ s t	k ʌ s t	k ʌ s t	1	reg_t	5	5
context	test	ɛ m f ə s a ɪ z	ɛ m f ə s a ɪ z d	ɛ m f ə s a ɪ z d	ɛ m f ə s ɪ z d	1	reg_d	10	10
context	test	r ɪ k ʌ v ɹ̩	r ɪ k ʌ v ɹ̩ d	r ɪ k ʌ v ɹ̩ d	r ɪ k ʌ v ɹ̩ d	1	reg_d	8	8
context	test	r ɪ v ɹ̩ t	r ɪ v ɹ̩ t ə d	r ɪ v ɹ̩ t ə d	r ɪ v ɹ̩ t ə d	1	reg_əd	7	8
context	test	j uː n a ɪ t	j uː n a ɪ t ə d	j uː n a ɪ t ə d	j uː n a ɪ t ə d	1	reg_əd	8	9
context	test	r ɪ w ɔ r d	r ɪ w ɔ r d ə d	r ɪ w ɔ r d ə d	r ɪ w ɔ r d ə d	1	reg_əd	9	9
context	test	s m ʌ ð ɹ̩	s m ʌ ð ɹ̩ d	s m ʌ ð ɹ̩ d	s m ʌ ð ɹ̩ d	1	reg_d	7	7
context	test	t æ l iː	t æ l iː d	t æ l iː d	t æ l iː d	1	reg_d	5	6
context	test	d ɪ v o ʊ t	d ɪ v o ʊ t ə d	d ɪ v o ʊ t ə d	d ɪ v o ʊ t ə d	1	reg_əd	9	9
context	test	b e ɪ l	b e ɪ l d	b e ɪ l d	b e ɪ l d	1	reg_d	6	6
context	test	f l ɔ r	f l ɔ r d	f l ɔ r d	f l ɔ r d	1	reg_d	6	6
context	test	ɪ n t ɹ̩ m ɪ k s	ɪ n t ɹ̩ m ɪ k s t	ɪ n t ɹ̩ m ɪ k s t	ɪ n t ɹ̩ m k s t	1	reg_t	10	10
context	test	ɪ n f l e ɪ t	ɪ n f l e ɪ t ə d	ɪ n f l e ɪ t ə d	ɪ n f l e ɪ t ə d	1	reg_əd	10	10
context	test	d ɑː m ə n e ɪ t	d ɑː m ə n e ɪ t ə d	d ɑː m ə n e ɪ t ə d	d ɪ ɑː m ə n e ɪ t ə d	1	reg_əd	11	11
context	test	d͡ʒ ɛ t ɪ s ə n	d͡ʒ ɛ t ɪ s ə n d	d͡ʒ ɛ t ɪ s ə n d	d͡ʒ ɛ t ɪ s ə n d	1	reg_d	9	9
context	test	p ʌ b l ɪ ʃ	p ʌ b l ɪ ʃ t	p ʌ b l ɪ ʃ t	p ʌ b l uː ʃ d	1	reg_t	8	8
context	test	h o ʊ n	h o ʊ n d	h o ʊ n d	h o ʊ n d	1	reg_d	6	6
context	test	f ɔ r m j ə l e ɪ t	f ɔ r m j ə l e ɪ t ə d	f j ə l j ə l e ɪ t ə d	f ɔ r m j ə l e ɪ t ə d	1	other	10	13
context	test	ə b æ n d ə n	ə b æ n d ə n d	ə b æ n d ə n d	ə b æ n d ə n d	1	reg_d	8	9
context	test	w ɪ t n ə s	w ɪ t n ə s t	w ɪ t n ə s t	w ɪ t n ə s t ə d	1	reg_t	8	8
context	test	h ɪ n d ɹ̩	h ɪ n d ɹ̩ d	h ɪ n d ɹ̩ d	h ɪ n d ɹ̩ d	1	reg_d	7	7
context	test	p l ɑː d	p l ɑː d ə d	p l ɑː d ə d	p l ɑː ə ə d d	1	reg_əd	6	7
context	test	r ɪ m ɑː r k	r ɪ m ɑː r k t	r ɪ m ɑː r ɪ r	r ɪ m ɑː r k t	1	other	5	8
context	test	ə b j uː z	ə b j uː z d	ə b j uː z d	ə b j uː z d	1	reg_d	6	7
context	test	d ɪ t e ɪ l	d ɪ t e ɪ l d	d ɪ t e ɪ l d	d ɪ t e ɪ l d	1	reg_d	8	8
context	test	r ɪ t ɑː r d	r ɪ t ɑː r d ə d	r ɪ t ɑː r d ə d	r ɪ t ɑː r d ə d	1	reg_əd	9	9
context	test	k ɹ̩ æ l	k ɹ̩ æ l d	k ɹ̩ æ l d	k ɹ̩ æ l d	1	reg_d	5	6
context	test	æ ŋ ɡ ɹ̩	æ ŋ ɡ ɹ̩ d	æ ŋ ɡ ɹ̩ d	æ ŋ ɡ ɹ̩ d	1	reg_d	6	6
context	test	k r ɛ d ə t	k r ɛ d ə t ə d	k r ɛ d ə t ə d	k r ɛ d d ə t ə d	1	reg_əd	8	9
context	test	t ʌ ŋ	t ʌ ŋ d	t ʌ ŋ d	t ʌ ŋ	1	reg_d	4	5
context	test	t ɔ r t͡ʃ ɹ̩	t ɔ r t͡ʃ ɹ̩ d	t ɔ r t͡ʃ ɹ̩ d	t ɔ r t͡ʃ ɹ̩ d	1	reg_d	7	7
context	test	p r ə p o ʊ z	p r ə p o ʊ z d	p r ə p o ʊ z d	p r ə p o ʊ z d	1	reg_d	9	9
context	test	s ɹ̩ a ʊ n d	s ɹ̩ a ʊ n d ə d	s ɹ̩ a ʊ n d ə d	s ɹ̩ a ʊ n d ə d	1	reg_əd	9	9
context	test	f l ɑː k	f l ɑː k t	f l ɑː k t	f l ɑː k t ə d	1	reg_t	5	6
context	test	s p uː k	s p uː k t	s p uː k t	s p uː k d t	1	reg_t	5	6
context	test	b ɔ k	b ɔ k t	b ɔ k t	b ɔ k t	1	reg_t	5	5
context	test	p ɹ̩ t͡ʃ	p ɹ̩ t͡ʃ t	p ɹ̩ t͡ʃ t	p ɹ̩ t͡ʃ t	1	reg_t	5	5
context	test	l iː k	l iː k t	l ɛ k t	l iː k t	1	vowel_change_suffix	4	5
context	test	h æ n d iː k æ p	h æ n d iː k æ p t	h æ n d iː k	h æ n d ə d o iː k æ p t	1	other	5	7
context	test	ɪ ɡ z ɪ b ɪ t	ɪ ɡ z ɪ b ɪ t ə d	ɪ ɡ z ɪ b ɪ t ə d	ɪ ɡ z ɪ b ɪ t ə d	1	reg_əd	10	10
context	test	ə d ɪ k t	ə d ɪ k t ə d	ə d ɪ k t ə d	ə d ɪ k t	1	reg_əd	7	8
context	test	s p ʌ t ɹ̩	s p ʌ t ɹ̩ d	s p ʌ t ɹ̩ d	s p ʌ t ɹ̩ d	1	reg_d	6	7
context	test	b ɛ l o ʊ	b ɛ l o ʊ d	b ɛ l o ʊ d	b ɛ l o ʊ d	1	reg_d	6	7
context	test	n o ʊ z d a ɪ v	n o ʊ z d a ɪ v d	n o ʊ z d a ɪ v a ɪ d	n uː ʊ z d a ɪ v d	1	other	10	12
context	test	t æ m p ɹ̩	t æ m p ɹ̩ d	t æ m p ɹ̩ d	t æ m p ɹ̩ d	1	reg_d	7	7
context	test	m ɔ r n	m ɔ r n d	m ɔ r n d	m ɔ r n d	1	reg_d	6	6
context	test	p l ɛ d͡ʒ	p l ɛ d͡ʒ d	p l ɛ d͡ʒ d	p l ɛ d͡ʒ d	1	reg_d	6	6
context	test	l ɛ v ə l	l ɛ v ə l d	l ɛ v ə l d	l ɛ v ə l d	1	reg_d	7	7
context	test	w ʊ d	w ʊ d ə d	w ʊ d	w ʊ d ə d	1	no_change	3	4
context	test	f ɹ̩ b ɪ d	f ɹ̩ b e ɪ d	f ɹ̩ b ɪ d ə d	f ɹ̩ b ɪ d	1	reg_əd	6	8
context	test	s ə b s a ɪ d	s ə b s a ɪ d ə d	s ə b s a ɪ d ə d	s ə b s a ɪ d ə d	1	reg_əd	10	10
context	test	s t e ɪ d͡ʒ	s t e ɪ d͡ʒ d	s t e ɪ d͡ʒ d	s t e ɪ d͡ʒ d	1	reg_d	7	7
context	test	ə t ɛ s t	ə t ɛ s t ə d	ə t ɛ s t ə d	ə t ɛ s t	1	reg_əd	7	8
context	test	ɛ n d͡ʒ ə n iː r	ɛ n d͡ʒ ə n iː r d	ɛ n d͡ʒ ə n iː r d	ɛ n t ə n iː r d	1	reg_d	9	9
context	test	ə p ɔ ɪ n t	ə p ɔ ɪ n t ə d	ə p ɔ ɪ n t ə d	ə p ɔ ɪ n t ə d	1	reg_əd	9	9
context	test	ɪ n t ɹ̩ d͡ʒ ɛ k t	ɪ n t ɹ̩ d͡ʒ ɛ k t ə d	ɪ n t ɹ̩ d͡ʒ ɛ k t ə d	ɪ n t ɹ̩ d͡ʒ ɛ k t	1	reg_əd	10	11
context	test	w ɹ̩ ʃ ɪ p	w ɹ̩ ʃ ɪ p t	w ɹ̩ ʃ ɪ p t	w ɹ̩ ʃ ɪ p t	1	reg_t	7	7
context	test	ɡ l ɪ s ə n	ɡ l ɪ s ə n d	ɡ l ɪ s ə n d	ɡ l ɪ s ə n d	1	reg_d	8	8
context	test	r iː p l æ n t	r iː p l æ n t ə d	r iː p l æ n t ə d	r iː p l æ n t ə d	1	reg_əd	10	10
context	test	r ɪ k ə ʃ e ɪ	r ɪ k ə ʃ e ɪ d	r ɪ k ə ʃ e ɪ d	r ɪ k ə ʃ e ɪ d	1	reg_d	8	9
context	test	w e ɪ d	w e ɪ d ə d	w e ɪ d ə d	w e ɪ d ə d	1	reg_əd	7	7
context	test	p ə t ɪ ʃ ə n	p ə t ɪ ʃ ə n d	p ə t ɪ ʃ ə n d	p ə t ɪ ʃ ə n d	1	reg_d	9	9
context	test	v a ɪ	v a ɪ d	v a ɪ d	v a ɪ d	1	reg_d	5	5
context	test	ɡ æ ɡ	ɡ æ ɡ d	ɡ æ ɡ d	ɡ æ ɡ d	1	reg_d	5	5
context	test	s ə s t e ɪ n	s ə s t e ɪ n d	s ə s t e ɪ n d	s ə s t e ɪ n d	1	reg_d	9	9
context	test	k l æ s ə f a ɪ	k l æ s ə f a ɪ d	k l æ s ə f a ɪ d	k l æ s ə f a ɪ d	1	reg_d	10	10
context	test	l ʌ m p	l ʌ m p t	l ʌ m p t	l ʌ m p t	1	reg_t	6	6
context	test	n ɹ̩ ɪ ʃ	n ɹ̩ ɪ ʃ t	n ɹ̩ ɪ ʃ t	n uː ɪ ʃ t	1	reg_t	6	6
context	test	h iː v	h iː v d	h ɹ̩ v d	h iː v d	1	vowel_change_suffix	4	5
context	test	ɪ m p r ə v a ɪ z	ɪ m p r ə v a ɪ z d	ɪ m p r ə v a ɪ z d	ɪ m p r ə v a ɪ z d	1	reg_d	11	11
context	test	n ɛ k	n ɛ k t	n ɛ k t	n ɛ k t	1	reg_t	5	5
context	test	t ɹ̩ m ə n e ɪ t	t ɹ̩ m ə n e ɪ t ə d	t ɹ̩ m ə n e ɪ t ə d	t ɹ̩ m ə n e ɪ t ə d	1	reg_əd	11	11
context	test	k ɔ ɪ l	k ɔ ɪ l d	k ɔ ɪ l d	k ɔ ɪ l d	1	reg_d	6	6
context	test	ɪ n k a ʊ n t ɹ̩	ɪ n k a ʊ n t ɹ̩ d	ɪ n k a ʊ n k a ɪ t ə d	ɪ n k a ʊ n d ɪ t ɹ̩ d	1	other	8	13
context	test	k ɑː n	k ɑː n d	k ɑː n d	k ɑː n d	1	reg_d	5	5
context	test	ə d ɑː p t	ə d ɑː p t ə d	ə d ɑː p t ə d	ə d ɑː p t	1	reg_əd	7	8
context	test	r ɛ n ə v e ɪ t	r ɛ n ə v e ɪ t ə d	r ɛ n ə v e ɪ t ə d	r ɛ n ə v e ɪ t ə d	1	reg_əd	11	11
context	test	p r o ʊ t ɛ s t	p r o ʊ t ɛ s t ə d	p r o ʊ t ɛ s t ə d	p r o ʊ t ɛ s t	1	reg_əd	10	11
context	test	b ɪ h o ʊ l d	b iː h ɛ l d	b ɪ h o ʊ l d ə d	b ɪ h o ʊ l d ə d	1	reg_əd	10	10
context	test	m ə ʃ iː n	m ə ʃ iː n d	m ə ʃ iː n d	m ə ʃ iː n d	1	reg_d	7	7
context	test	ʃ ɔ r	ʃ ɔ r d	ʃ ɔ r d	ʃ ɔ r d	1	reg_d	5	5
context	test	ɪ n ʌ n s iː e ɪ t	ɪ n ʌ n s iː e ɪ t ə d	ɪ n ʌ n s iː e ɪ t ə d	ɪ n ʌ n s iː e ɪ t ə d	1	reg_əd	12	12
context	test	s p ɑː r k	s p ɑː r k t	s p ɑː r k t	s p ɑː r k t	1	reg_t	7	7
context	test	k e ɪ t ɹ̩	k e ɪ t ɹ̩ d	k e ɪ t ɹ̩ d	k e ɪ t ɹ̩ d	1	reg_d	7	7
context	test	n ɹ̩ t͡ʃ ɹ̩	n ɹ̩ t͡ʃ ɹ̩ d	n ɹ̩ t͡ʃ ɹ̩ d	n ɹ̩ t͡ʃ ɹ̩ d	1	reg_d	6	6
context	test	ʃ e ɪ m	ʃ e ɪ m d	ʃ e ɪ m d	ʃ e ɪ m d	1	reg_d	6	6
context	test	w iː l d	w iː l d ə d	w iː l d ə d	w iː l d ə d	1	reg_əd	7	7
context	test	r iː l	r iː l d	r iː l d	r iː l d	1	reg_d	5	5
context	test	s t r iː m l a ɪ n	s t r iː m l a ɪ n d	s t r iː m l a ɪ n d	s t r iː m l a ɪ n d	1	reg_d	10	11
context	test	k ʊ ʃ ə n	k ʊ ʃ ə n d	k ʊ ʃ ə n d	k ʊ ʃ ə n d	1	reg_d	7	7
context	test	s a ɪ k ə l	s a ɪ k ə l d	s a ɪ k ə l d	s a ɪ k ə l d	1	reg_d	7	8
context	test	h ʌ d ə l	h ʌ d ə l d	h ʌ d ə l d	h ʌ d ə l d	1	reg_d	7	7
context	test	s æ ɡ	s æ ɡ d	s æ ɡ d	s æ ɡ d	1	reg_d	5	5
context	test	f l ɪ k ɹ̩	f l ɪ k ɹ̩ d	f l ɪ k ɹ̩ d	f l ɪ k ɹ̩ d	1	reg_d	7	7
context	test	m a ʊ n t	m a ʊ n t ə d	m a ʊ n t ə d	m a ʊ n t ə d	1	reg_əd	8	8
context	test	k ɹ̩ o ʊ d	k ɹ̩ o ʊ d ə d	k ɹ̩ o ʊ d ə d	k ɹ̩ o ʊ d ə d	1	reg_əd	8	8
context	test	s t æ ʃ	s t æ ʃ t	s t æ ʃ t	s t æ ʃ t	1	reg_t	6	6
context	test	s æ n d w ɪ t͡ʃ	s æ n d w ɪ t͡ʃ t	s æ n d w ɪ n d	s æ n d ə w ɪ t͡ʃ t	1	coda_change	5	9
context	test	s p ɛ s ə f a ɪ	s p ɛ s ə f a ɪ d	s p ɛ s p ɛ s a ɪ	s p ɛ s ə f a ɪ d	1	other	6	10
context	test	p ɪ t iː	p ɪ t iː d	p ɪ t iː d	p ɪ t iː d	1	reg_d	6	6
context	test	ə w e ɪ t	ə w e ɪ t ə d	ə w e ɪ t ə d	ə w e ɪ t	1	reg_əd	8	8
context	test	k w ɪ z	k w ɪ z d	k w ɪ z d	k w ɪ z d	1	reg_d	6	6
context	test	t r æ m p	t r æ m p t	t r æ m p t	t r æ m p t	1	reg_t	7	7
context	test	s k ʌ f	s k ʌ f t	s k ʌ f t	s k ʌ f t	1	reg_t	5	6
context	test	ə m e ɪ z	ə m e ɪ z d	ə m e ɪ z d	ə m e ɪ z d	1	reg_d	7	7
context	test	m æ ɡ n ə f a ɪ	m æ ɡ n ə f a ɪ d	m æ ɡ n ə f a ɪ d	m æ ɡ n ə f a ɪ d	1	reg_d	10	10
context	test	s a ɪ d ə l	s a ɪ d ə l d	s a ɪ d ə l d	s a ɪ d d ə l d	1	reg_d	8	8
context	test	p e ɪ p ɹ̩	p e ɪ p ɹ̩ d	p e ɪ p ɹ̩ d	p e ɪ p ɹ̩ d	1	reg_d	7	7
context	test	s t ʌ n	s t ʌ n d	s t ʌ n d	s t ʌ n	1	reg_d	5	6
context	test	d ɪ s ɡ ʌ s t	d ɪ s ɡ ʌ s t ə d	d ɪ s ɡ ʌ s t ə d	d ɪ s ɡ ʌ s t	1	reg_əd	9	10
context	test	s l iː v	s l iː v d	s l iː v d	s l iː v d	1	reg_d	6	6
context	test	k r e ɪ v	k r e ɪ v d	k r e ɪ v d	k r e ɪ v d	1	reg_d	7	7
context	test	b r uː	b r uː d	b r uː d	b r uː d	1	reg_d	5	5
context	test	b ʌ m	b ʌ m d	b ʌ m d	b ʌ m d	1	reg_d	5	5
context	test	b e ɪ t	b e ɪ t ə d	b e ɪ t ə d	b e ɪ t ə d	1	reg_əd	7	7
context	test	l ʊ r	l ʊ r d	l ʊ r d	l ʊ r d	1	reg_d	4	5
context	test	ɪ m b a ɪ b	ɪ m b a ɪ b d	ɪ m b a ɪ b d	ɪ m b a ɪ b d	1	reg_d	8	8
context	test	d ə b e ɪ t	d ə b e ɪ t ə d	d ə b e ɪ t ə d	d ə b e ɪ t ə d	1	reg_əd	9	9
context	test	f l ʌ ŋ k	f l ʌ ŋ k t	f l ʌ ŋ k t	f l ʌ ŋ k	1	reg_t	7	7
context	test	b iː r d	b iː r d ə d	b iː r d ə d	b iː r d	1	reg_əd	6	7
context	test	r iː t e ɪ k	r iː t ʊ k	r iː t e ɪ k	r iː t e ɪ k t	1	no_change	6	7
context	test	ɛ n v ɛ l ə p	ɛ n v ɛ l ə p t	ɛ n v ɛ l ə p t	ɛ n d v ɛ l ə p t ə d	1	reg_t	9	9
context	test	ə n ɔ ɪ	ə n ɔ ɪ d	ə n ɔ ɪ d	ə n ɔ ɪ d	1	reg_d	6	6
context	test	t iː m	t iː m d	t iː m d	t iː m d	1	reg_d	5	5
context	test	k ə n f ɪ ɡ j ɹ̩	k ə n f ɪ ɡ j ɹ̩ d	k ə n f ɪ ɡ j a ɪ t ɹ̩ e ɪ t ə d	k ə n f ɪ ɡ j ɹ̩ d	1	other	11	17
context	test	h ɑː r v ə s t	h ɑː r v ə s t ə d	h ɑː r v ə s t ə d	h ɑː r v ə s t	1	reg_əd	9	10
context	test	l ɪ s t	l ɪ s t	l ɪ s t ə d	l ɪ s t	1	reg_əd	6	7
context	test	r ɪ b ɛ l	r ɪ b ɛ l d	r ɪ b ɛ l d	r o ʊ ɛ l d	1	reg_d	6	7
context	test	r æ m b ə l	r æ m b ə l d	r æ m b ə l d	r æ m b ə l d	1	reg_d	8	8
context	test	f ɹ̩ m ɛ n t	f ɹ̩ m ɛ n t ə d	f ɹ̩ m ɛ n t ə d	f ɹ̩ m ɛ n t ə d	1	reg_əd	9	9
context	test	s p ɑː n s ɹ̩	s p ɑː n s ɹ̩ d	s p ɑː n s ɹ̩ d	s p ɑː n s ɹ̩ d	1	reg_d	8	8
context	test	m ɹ̩ m ɹ̩	m ɹ̩ m ɹ̩ d	m ɹ̩ m ɹ̩ d	m ɹ̩ m ɹ̩ d	1	reg_d	6	6
context	test	s p ɹ̩ t	s p ɹ̩ t ə d	s p ɹ̩ t ə d	s p ɹ̩ t ə d	1	reg_əd	7	7
context	test	ɔ f s ɛ t	ɔ f s ɛ t	ɔ f s ɛ t ə d	ɔ f s ɛ t	1	reg_əd	7	8
context	test	p ɛ s t ɹ̩	p ɛ s t ɹ̩ d	p ɛ s t ɹ̩ d	p ɛ s t ɹ̩ d	1	reg_d	7	7
context	test	m ɑː k	m ɑː k t	m ɑː k t	m ɑː k t	1	reg_t	5	5
context	test	ɡ l ɛ r	ɡ l ɛ r d	ɡ l ɛ r d	ɡ l ɛ r d	1	reg_d	6	6
context	test	v æ l j uː	v æ l j uː d	v æ l j uː d	v æ l j ɪ d	1	reg_d	6	7
context	test	p ɹ̩ k	p ɹ̩ k t	p ɹ̩ k t	p ɹ̩ k t	1	reg_t	5	5
context	test	r iː d͡ʒ ɔ ɪ n	r iː d͡ʒ ɔ ɪ n d	r iː d͡ʒ ɔ ɪ n d	r iː d͡ʒ ɔ ɪ n d	1	reg_d	8	8
context	test	ɡ r e ɪ d	ɡ r e ɪ d ə d	ɡ r e ɪ d ə d	ɡ r e ɪ d ə d	1	reg_əd	8	8
context	test	s k r a ʊ n d͡ʒ	s k r a ʊ n d͡ʒ d	s k r a ʊ n d͡ʒ d	s k r a ʊ n d͡ʒ d	1	reg_d	9	9
context	test	uː z	uː z d	uː z d	uː z d	1	reg_d	4	4
context	test	b æ f ə l	b æ f ə l d	b æ f ə l d	b æ f ə l d	1	reg_d	7	7
context	test	ɪ m p l ə m ɛ n t	ɪ m p l ə m ɛ n t ə d	ɪ m p l ə m ɛ n t ə d	ɪ m p l ə m ɛ n t ə d	1	reg_əd	10	12
context	test	ə p ɡ r e ɪ d	ə p ɡ r e ɪ d ə d	ə p ɡ r e ɪ d ə d	ə p ɡ r e ɪ d ə d	1	reg_əd	10	10
context	test	k ə n s ɹ̩ n	k ə n s ɹ̩ n d	k ə n s ɹ̩ n d	k ə n s ɹ̩ n d	1	reg_d	8	8
context	test	r iː s ɹ̩ t͡ʃ	r iː s ɹ̩ t͡ʃ t	r iː s ɹ̩ t͡ʃ t	r iː s ɹ̩ t͡ʃ t	1	reg_t	7	7
context	test	ɪ n s p a ɪ ɹ̩	ɪ n s p a ɪ ɹ̩ d	ɪ n s p a ɪ ɹ̩ d	ɪ n s p a ɪ ɹ̩ d	1	reg_d	9	9
context	test	s a ɪ l ə n s	s a ɪ l ə n s t	s a ɪ l ə n s t	s a ɪ l ə n s t	1	reg_t	9	9
context	test	b ɑː n d	b ɑː n d ə d	b ɑː n d ə d	b ɑː n ə d	1	reg_əd	6	7
context	test	s n æ ɡ	s n æ ɡ d	s n æ ɡ d	s n æ ɡ d	1	reg_d	6	6
context	test	s t a ɪ l	s t a ɪ l d	s t a ɪ l d	s t a ɪ l d	1	reg_d	7	7
context	test	r iː j uː z	r iː uː z d	r iː j uː z d	r iː j ɔ uː z d	1	reg_d	7	7
context	test	d ɪ v a ʊ ɹ̩	d ɪ v a ʊ ɹ̩ d	d ɪ v a ʊ ɹ̩ d	d ɪ v a ʊ ɹ̩ d	1	reg_d	8	8
context	test	ɪ l ɛ k t r ə k j uː t	ɪ l ɛ k t r ə k j uː t ə d	ɪ l ɛ k t ə d	ɪ l ɛ k t r ə k j uː t ə d	1	other	5	8
context	test	f ʌ ŋ k ʃ ə n	f ʌ ŋ k ʃ ə n d	f ʌ ŋ k ʃ ə n d	f ʌ ŋ k ʃ ə n d	1	reg_d	9	9
context	test	k o ʊ ə ɡ z ɪ s t	k o ʊ ə ɡ z ɪ s t ə d	k o ʊ ɡ z ɪ s t	k o ʊ ə ɡ z ɪ s t	1	other	8	9
context	test	l uː t	l uː t ə d	l uː t ə d	l uː t ə d	1	reg_əd	5	6
context	test	b r æ ɡ	b r æ ɡ d	b r æ ɡ d	b r æ ɡ d	1	reg_d	6	6
context	test	k æ l k j ə l e ɪ t	k æ l k j ə l e ɪ t ə d	k j ə l k j ə d	k ɛ l k j ə l e ɪ t ə d	1	other	5	9
context	test	ɡ l ɪ t ɹ̩	ɡ l ɪ t ɹ̩ d	ɡ l ɪ t ɹ̩ d	ɡ l ɪ t ɹ̩ d	1	reg_d	7	7
context	test	b r e ɪ s	b r e ɪ s t	b r e ɪ s t	b r e ɪ s t	1	reg_t	7	7
context	test	m ɪ n t	m ɪ n t ə d	m ɪ n t ə d	m ɪ n t ə d	1	reg_əd	6	7
context	test	h uː t	h uː t ə d	h uː t ə d	h uː t ə d	1	reg_əd	6	6
context	test	b r ɔ ɪ l	b r ɔ ɪ l d	b r ɔ ɪ l d	b r ɔ ɪ l d	1	reg_d	7	7
context	test	s ɛ v ɹ̩	s ɛ v ɹ̩ d	s ɛ v ɹ̩ d	s ɛ v ɹ̩ d	1	reg_d	6	6
context	test	d ɪ s t r ɪ b j uː t	d ɪ s t r ɪ b j uː t ə d	d	d ɪ s t r ɪ b j uː t ə d	1	other	1	2
context	test	t ʊ r	t ʊ r d	t ʊ r d	t ʊ r d	1	reg_d	4	5
context	test	t͡ʃ æ t	t͡ʃ æ t ə d	t͡ʃ æ t	t͡ʃ æ t	1	no_change	4	4
context	test	s ə b m ɪ t	s ə b m ɪ t ə d	s ə b m ɪ t ə d	s ə b m ɪ t	1	reg_əd	9	9
context	test	h ɑː l o ʊ	h ɑː l o ʊ d	h ɑː l o ʊ d	h ɑː l o ʊ d	1	reg_d	7	7
context	test	s ʌ m ə n	s ʌ m ə n d	s ʌ m ə n d	s ʌ m ə n d	1	reg_d	6	7
context	test	ɡ r ʌ n t	ɡ r ʌ n t ə d	ɡ r ʌ n t ə d	ɡ r ʌ n t ə d	1	reg_əd	8	8
context	test	ə l ɑː t	ə l ɑː t ə d	ə l ɑː t ə d	ə l ɑː t ə d	1	reg_əd	7	7
context	test	s ɹ̩ f	s ɹ̩ f t	s ɹ̩ f t	s ɹ̩ f d d	1	reg_t	4	5
context	test	p l a ɪ	p l a ɪ d	p l a ɪ d	p l a ɪ d	1	reg_d	6	6
context	test	n ɛ s t	n ɛ s t ə d	n ɛ s t ə d	n ɛ s t	1	reg_əd	6	7
context	test	d uː p l ə k e ɪ t	d uː p l ə k e ɪ t ə d	d ɪ p l ə k e ɪ t ə d	d uː p l ə k e ɪ t ə d	1	other	10	12
context	test	r e ɪ d iː e ɪ t	r e ɪ d iː e ɪ t ə d	r e ɪ d iː e ɪ t ə d	r e ɪ d ə iː e ɪ t ə d	1	reg_əd	11	11
context	test	b l e ɪ d	b l e ɪ d ə d	b l e ɪ d ə d	b l e ɪ d ə d	1	reg_əd	8	8
context	test	s k w ɛ l t͡ʃ	s k w ɛ l t͡ʃ t	s k w ɛ l ɛ l	s k w o ɛ l t͡ʃ	1	other	5	8
context	test	t r æ ʃ	t r æ ʃ t	t r æ ʃ t	t r æ ʃ t	1	reg_t	6	6
context	test	s t r iː k	s t r iː k t	s t r iː k t	s t r ʌ iː k t	1	reg_t	7	7
context	test	d ɪ p r ɛ s	d ɪ p r ɛ s t	d ɪ p r ɛ s t	d ɪ p r ɛ s t	1	reg_t	8	8
context	test	k o ʊ ɔ r d ə n e ɪ t	k o ʊ ɔ r d ə n e ɪ t ə d	k o ʊ d ə n t ə d	k o ʊ ɔ r d ə n e ɪ t ə d	1	other	6	10
context	test	m æ n j ə f æ k t͡ʃ ɹ̩	m æ n j ə f æ k t͡ʃ ɹ̩ d	m ə f æ k j ə d	m æ n j ə f æ k t͡ʃ ɹ̩ d	1	other	5	9
context	test	ɪ n d uː s	ɪ n d uː s t	ɪ n d uː s t	ɪ n d ə uː s t	1	reg_t	7	7
context	test	ɛ n e ɪ b ə l	ɛ n e ɪ b ə l d	ɛ n e ɪ b ə l d	ɛ n e ɪ b ə l d	1	reg_d	9	9
context	test	b l ɪ s t ɹ̩	b l ɪ s t ɹ̩ d	b l ɪ s t ɹ̩ d	b l ɪ s t ɹ̩ d	1	reg_d	8	8
context	test	p r ɪ s iː d	p r ɪ s iː d ə d	p r ɪ s iː d ə d	p r ɪ s iː d ə d	1	reg_əd	8	9
context	test	s w iː t ə n	s w iː t ə n d	s w iː t ə n d	s w iː t ə n d	1	reg_d	8	8
context	test	p æ t͡ʃ	p æ t͡ʃ t	p æ t͡ʃ t	p æ t͡ʃ t	1	reg_t	5	5
context	test	ə p r uː v	ə p r uː v d	ə p r uː v d	ə p r uː v d	1	reg_d	7	7
context	test	d ɛ z ɪ ɡ n e ɪ t	d ɛ z ɪ ɡ n e ɪ t ə d	d ɛ n d ɡ n e ɪ t ə d	d ɛ z ɪ ɡ n e ɪ t ə d	1	other	9	12
context	test	ɡ ʌ ʃ	ɡ ʌ ʃ t	ɡ ʌ ʃ t	ɡ ʌ ʃ t	1	reg_t	5	5
context	test	ə k w a ɪ ɹ̩	ə k w a ɪ ɹ̩ d	ə k w a ɪ ɹ̩ d	ə k w a ɪ ɹ̩ d	1	reg_d	8	8
context	test	k l ʌ t ɹ̩	k l ʌ t ɹ̩ d	k l ʌ t ɹ̩ d	k l ʌ t ɹ̩ d	1	reg_d	7	7
context	test	l iː s	l iː s t	l iː s t	l iː s t	1	reg_t	5	5
context	test	ɛ n v iː	ɛ n v iː d	ɛ n v iː d	ɛ n v iː t ə d	1	reg_d	4	6
context	test	p r a ɪ m	p r a ɪ m d	p r a ɪ m d	p r a ɪ m d	1	reg_d	7	7
context	test	ɔ r b ə t	ɔ r b ə t ə d	ɔ r b ə t ə d	ɔ r b ə t ə d	1	reg_əd	8	8
context	test	h j uː	h j uː	h j uː d	h j uː d	1	reg_d	4	5
context	test	ɪ n s ə l e ɪ t	ɪ n s ə l e ɪ t ə d	ɪ n s ə l e ɪ t ə d	ɪ n s ə l e ɪ t ə d	1	reg_əd	10	11
context	test	p æ k ɪ d͡ʒ	p æ k ɪ d͡ʒ d	p æ k ɪ d͡ʒ d	p æ k ɪ d͡ʒ d	1	reg_d	7	7
context	test	ɪ n s ʌ l t	ɪ n s ʌ l t ə d	ɪ n s ʌ l t ə d	ɪ n s ʌ l t ə d	1	reg_əd	9	9
context	test	s uː ð	s uː ð d	s uː ð d	s uː ð d	1	reg_d	5	5
context	test	k w o ʊ t	k w o ʊ t ə d	k w o ʊ t ə d	k w uː ʊ t ə d	1	reg_əd	8	8
context	test	r iː k ə n s ɪ d ɹ̩	r iː k ə n s ɪ d ɹ̩ d	r iː s t ɪ d	r iː k ə n s ɪ d ɹ̩ d	1	other	3	7
context	test	b r æ n d	b r æ n d ə d	b r æ n d ə d	b r æ n d ə d	1	reg_əd	8	8
context	test	k l e ɪ m	k l e ɪ m d	k l e ɪ m d	k l e ɪ m d	1	reg_d	6	7
context	test	s p l a ɪ s	s p l a ɪ s t	s p l a ɪ s t	s p l a ɪ s t	1	reg_t	8	8
context	test	ɪ m p r ɪ n t	ɪ m p r ɪ n t ə d	ɪ m p r ɪ n t ə d	ɪ m p r ɪ n t	1	reg_əd	10	10
context	test	r iː p e ɪ	r iː p e ɪ d	r iː p e ɪ d	r iː p e ɪ d	1	reg_d	7	7
context	test	k ə n s iː v	k ə n s iː v d	k ə n s iː v d	k ə n s iː v d	1	reg_d	8	8
context	test	s iː p	s iː p t	s iː p t	s iː p t	1	reg_t	5	5
context	test	h ʌ ʃ	h ʌ ʃ t	h ʌ ʃ t	h ʌ ʃ t	1	reg_t	5	5
context	test	k o ʊ k s	k o ʊ k s t	k o ʊ k s t	k o ʊ k s t	1	reg_t	7	7
context	test	ʃ iː r	ʃ iː r d	ʃ iː r d	ʃ iː r d	1	reg_d	5	5
context	test	f l ʌ d	f l ʌ d ə d	f l ʌ d ə d	f l ʌ d ə d	1	reg_əd	7	7
context	test	r iː d ɹ̩ ɛ k t	r iː d ɹ̩ ɛ k t ə d	r iː d ɹ̩ ɛ k t ə d	r ɛ d d ɹ̩ ɛ k t ə d	1	reg_əd	9	10
context	test	ɪ k s p a ɪ ɹ̩	ɪ k s p a ɪ ɹ̩ d	ɪ k s p a ɪ ɹ̩ d	ɪ k s p a ɪ ɹ̩ d	1	reg_d	9	9
context	test	p ə z ɛ s	p ə z ɛ s t	p ə z ɛ s t	p ə z ɛ s t	1	reg_t	7	7
context	test	p l ʌ m p	p l ʌ m p t	p l ʌ m p t	p l ʌ m p t	1	reg_t	7	7
context	test	ɡ e ɪ z	ɡ e ɪ z d	ɡ e ɪ z d	ɡ e ɪ z d	1	reg_d	6	6
context	test	t͡ʃ ɑː r m	t͡ʃ ɑː r m d	t͡ʃ ɑː r m d	t͡ʃ ɑː r m d	1	reg_d	6	6
context	test	d ɪ s r ʌ p t	d ɪ s r ʌ p t ə d	d ɪ s r ʌ p t ə d	d ɪ s r ʌ p t	1	reg_əd	10	10
context	test	ə f ɛ n d	ə f ɛ n d ə d	ə f ɛ n d ə d	ə f ɛ n t ə d	1	reg_əd	8	8
context	test	d͡ʒ æ z	d͡ʒ æ z d	d͡ʒ æ z d	d͡ʒ æ z	1	reg_d	4	5
context	test	ə s ɪ s t	ə s ɪ s t ə d	ə s ɪ s t ə d	ə s ɪ s t	1	reg_əd	7	8
context	test	h ɔ ɪ s t	h ɔ ɪ s t ə d	h ɔ ɪ s t ə d	h ɔ ɪ s t	1	reg_əd	7	8
context	test	s p ɑː r k ə l	s p ɑː r k ə l d	s p ɑː r k ə l d	s p ɑː r k ə l d	1	reg_d	9	9
context	test	ɪ n f ɛ s t	ɪ n f ɛ s t ə d	ɪ n f ɛ s t ə d	ɪ n f ɛ s t	1	reg_əd	9	9
context	test	r æ ʃ ə n	r æ ʃ ə n d	r æ ʃ ə n d	r æ ʃ ə n d	1	reg_d	7	7
context	test	s p e ɪ	s p e ɪ d	s p e ɪ d	s p e ɪ d	1	reg_d	6	6
context	test	l ɛ t ɹ̩	l ɛ t ɹ̩ d	l ɛ t ɹ̩ d	l ɛ t ɹ̩ d	1	reg_d	6	6
context	test	p r o ʊ h ɪ b ə t	p r o ʊ h ɪ b ə t ə d	p r e ɪ b ɪ d͡ʒ d	p r o ʊ h ɪ b ə t ə d	1	other	3	9
context	test	ə b r iː v iː e ɪ t	ə b r iː v iː e ɪ t ə d	ə b r iː v iː e ɪ t ə d	ə b r iː v iː e ɪ t ə d	1	reg_əd	12	12
context	test	s ə f a ɪ s	s ə f a ɪ s t	s ə f a ɪ s t	s ə f a ɪ s t	1	reg_t	8	8
context	test	d ɹ̩ a ɪ v	d ɹ̩ a ɪ v d	d ɹ̩ a ɪ v d	d ɹ̩ a ɪ v	1	reg_d	7	7
context	test	s t uː p	s t uː p t	s t uː p t	s t uː p t	1	reg_t	6	6
context	test	b r a ɪ b	b r a ɪ b d	b r a ɪ b d	b r a ɪ b d	1	reg_d	7	7
context	test	s k æ t ɹ̩	s k æ t ɹ̩ d	s k æ t ɹ̩ d	s k æ t ɹ̩ d	1	reg_d	7	7
context	test	s k æ m	s k æ m d	s k æ m d	s k æ m	1	reg_d	6	6
context	test	s t ɑː k	s t ɑː k t	s t ɑː k t	s t ɑː k t	1	reg_t	6	6
context	test	d a ʊ s	d a ʊ s t	d a ʊ s t	d a ʊ s t	1	reg_t	6	6
context	test	ɪ ɡ z æ k t	ɪ ɡ z æ k t ə d	ɪ ɡ z æ k t ə d	ɪ ɡ z æ k t	1	reg_əd	9	9
context	test	r iː k ə n s t r ʌ k t	r iː k ə n s t r ʌ k t ə d	r iː t ə d	r iː k ə n s t r ʌ k t	1	other	3	6
context	test	l æ n d s k e ɪ p	l æ n d s k e ɪ p t	l æ n d	l æ n d ə d s k e ɪ p t	1	other	4	5
context	test	b ɪ l e ɪ b ɹ̩	b ɪ l e ɪ b ɹ̩ d	b ɪ l e ɪ l ɹ̩ d	b ɪ l e ɪ b ɹ̩ d	1	other	8	9
context	test	k ɑː m p l ə k e ɪ t	k ɑː m p l ə k e ɪ t ə d	k l ə k ɑː k l e ɪ t ə d	k ɑː m p l ə k e ɪ t ə d	1	other	7	13
context	test	b ɛ l t͡ʃ	b ɛ l t͡ʃ t	b ɛ l t͡ʃ t	b ɛ l t͡ʃ	1	reg_t	5	6
context	test	s t ʌ m p	s t ʌ m p t	s t ʌ m p t	s t ʌ m p t	1	reg_t	7	7
context	test	s ə b t r æ k t	s ə b t r æ k t ə d	s ə b t r æ k t ə d	s ə b t r æ k t	1	reg_əd	10	11
context	test	ɪ v æ p ɹ̩ e ɪ t	ɪ v æ p ɹ̩ e ɪ t ə d	ɪ v æ p ɹ̩ e ɪ t ə d	ɪ v æ p ɹ̩ e ɪ t ə d	1	reg_əd	11	11
context	test	v ɛ n t ɪ l e ɪ t	v ɛ n t ɪ l e ɪ t ə d	v ɛ n t ɪ l e ɪ t ə d	v ɛ n d ə t ɪ l e ɪ t ə d	1	reg_əd	12	12
context	test	d ɪ p ɔ r t	d ɪ p ɔ r t ə d	d ɪ p ɔ r t ə d	d ɪ p ɔ r t ə d	1	reg_əd	9	9
context	test	p ɹ̩ s ɑː n ə f a ɪ	p ɹ̩ s ɑː n ə f a ɪ d	p ɹ̩ n ə f ɑː ə f a ɪ s t ʊ d	p ɹ̩ s ɑː n ə f a ɪ d	1	other	8	15
context	test	ə d æ p t	ə d æ p t ə d	ə d æ p t ə d	ə d æ p t ə d	1	reg_əd	7	8
context	test	r ɪ v a ɪ v	r ɪ v a ɪ v d	r ɪ v a ɪ v d	r ɪ v a ɪ v d	1	reg_d	8	8
context	test	b æ n d ɪ d͡ʒ	b æ n d ɪ d͡ʒ d	b æ n d ɪ d͡ʒ d	b æ n d ɪ d͡ʒ d	1	reg_d	8	8
context	test	k uː p	k uː p t	k uː p t	k uː p t	1	reg_t	5	5
context	test	d ɪ f ɹ̩	d ɪ f ɹ̩ d	d ɪ f ɹ̩ d	d ɪ f ɹ̩ d	1	reg_d	6	6
context	test	b ʊ l iː	b ʊ l iː d	b ʊ l iː d	b ʊ l iː d	1	reg_d	6	6
context	test	r e ɪ	r e ɪ d	r e ɪ d	r e ɪ d	1	reg_d	5	5
context	test	l æ m ə n e ɪ t	l æ m ə n e ɪ t ə d	l æ m ə n e ɪ t ə d	l ɔ æ m ə n e ɪ t ə d	1	reg_əd	11	11
context	test	k ə n t r ɪ b j uː t	k ə n t r ɪ b j uː t ə d	k r ɪ b ɪ b ə d	k ə n t r ɪ b j uː t ə d	1	other	2	9
context	test	v ɛ n t͡ʃ ɹ̩	v ɛ n t͡ʃ ɹ̩ d	v ɛ n t͡ʃ ɹ̩ d	v ɛ n d ə t͡ʃ ɹ̩ d	1	reg_d	6	7
context	test	r e ɪ n d͡ʒ	r e ɪ n d͡ʒ d	r e ɪ n d͡ʒ d	r e ɪ n d͡ʒ d	1	reg_d	7	7
context	test	r iː z ə n	r iː z ə n d	r iː z ə n d	r iː z ə n d	1	reg_d	7	7
context	test	ɪ n s ɹ̩ t	ɪ n s ɹ̩ t ə d	ɪ n s ɹ̩ t ə d	ɪ n s ɹ̩ t ə d	1	reg_əd	8	8
context	test	f ɑː s t ɹ̩	f ɑː s t ɹ̩ d	f ɑː s t ɹ̩ d	f ɑː s t ɹ̩ d	1	reg_d	7	7
context	test	s p r e ɪ n	s p r e ɪ n d	s p r e ɪ n d	s p r e ɪ n d	1	reg_d	8	8
context	test	m ʌ l	m ʌ l d	m ʌ l d	m ʌ l d	1	reg_d	5	5
context	test	ə w ɔ r d	ə w ɔ r d ə d	ə w ɔ r d ə d	ə w ɔ r d ə d	1	reg_əd	8	8
context	test	h e ɪ l	h e ɪ l d	h e ɪ l d	h e ɪ l d	1	reg_d	6	6
context	test	d͡ʒ æ b	d͡ʒ æ b d	d͡ʒ æ b d	d͡ʒ æ b d	1	reg_d	5	5
context	test	m ɪ n ə m a ɪ z	m ɪ n ə m a ɪ z d	m ɪ n ə m a ɪ z d	m ɪ n ə m a ɪ z d	1	reg_d	10	10
context	test	ɑː p t	ɑː p t ə d	ɑː p t ə d	ɑː p t	1	reg_əd	5	6
context	test	k ɔ ɪ n	k ɔ ɪ n d	k ɔ ɪ n d	k ɔ ɪ n d	1	reg_d	6	6
context	test	ə t͡ʃ iː v	ə t͡ʃ iː v d	ə t͡ʃ iː v d	ə t͡ʃ iː v d	1	reg_d	6	6
context	test	h ɑː b ə l	h ɑː b ə l d	h ɑː b ə l d	h ɑː b ə l d	1	reg_d	6	7
context	test	ɛ s t ə m e ɪ t	ɛ s t ə m e ɪ t ə d	ɛ s t ə m e ɪ t ə d	ɛ s t ə m e ɪ t ə d	1	reg_əd	11	11
context	test	s k r æ p	s k r æ p t	s k r æ p t	s k r æ p t	1	reg_t	7	7
context	test	s k ʌ l p t	s k ʌ l p t ə d	s k ʌ l p t ə d	s k ʌ l p t	1	reg_əd	8	9
context	test	n ʌ d͡ʒ	n ʌ d͡ʒ d	n ʌ d͡ʒ d	n ʌ d͡ʒ d	1	reg_d	5	5
context	test	ə p iː l	ə p iː l d	ə p iː l d	ə p ɛ l d	1	reg_d	6	6
context	test	ɛ s k ɔ r t	ɛ s k ɔ r t ə d	ɛ s k ɔ r t ə d	ɛ s k ɔ r t ə d	1	reg_əd	9	9
context	test	θ ɪ k ə n	θ ɪ k ə n d	θ ɪ k ə n d	θ ɪ k ə n d	1	reg_d	7	7
context	test	b l o ʊ t	b l o ʊ t ə d	b l o ʊ t ə d	b l uː ʊ t ə d	1	reg_əd	7	8
context	test	p r ə ɡ r ɛ s	p r ə ɡ r ɛ s t	p r ə ɡ r ɛ s t	p r ə ɡ r uː s t	1	reg_t	9	9
context	test	b e ɪ	b e ɪ d	b e ɪ d	b e ɪ d	1	reg_d	5	5
context	test	ɛ k s t r ə k e ɪ t	ɛ k s t r ə k e ɪ t ə d	ɛ k s t r ə k t ə d	ɛ k s t r ʌ k e ɪ t ə d	1	other	7	11
context	test	h ɛ m	h ɛ m d	h ɛ m d	h ɛ m	1	reg_d	5	5
context	test	d ɪ k l a ɪ n	d ɪ k l a ɪ n d	d ɪ k l a ɪ n d	d ɪ k l a ɪ n d	1	reg_d	9	9
context	test	s t ɪ t͡ʃ	s t ɪ t͡ʃ t	s t ɪ t͡ʃ t	s t ɪ t͡ʃ t	1	reg_t	6	6
