neighbors	src	gold	pred	neighbor_src	neighbor_out	neighbor_gold	analogy	matches_pred	matches_gold	class_gold	class_pred	class_neighbor
model_sep	iː t	e ɪ t	iː t ə t	iː k w ə l	iː k w ə l d	iː k w ə l d	iː t d	0	0	vowel_change	other	reg_d
model_sep	m e ɪ k	m e ɪ d	m e ɪ k t	m ɑː r k	m ɑː r k t	m ɑː r k t	m e ɪ k t	1	0	coda_change	reg_t	reg_t
model_sep	n o ʊ	n uː	n o ʊ d	n ɪ t	n ɪ t ə d	n ɪ t ə d	n o ʊ ə d	0	0	vowel_change	reg_d	reg_əd
model_sep	f ɔ l	f ɛ l	f ɔ l d	f ɪ l	f ɪ l d	f ɪ l d	f ɔ l d	1	0	vowel_change	reg_d	reg_d
model_sep	b r ɪ ŋ	b r ɔ t	b r ɪ ŋ	b r ʌ ʃ	b r ʌ ʃ t	b r ʌ ʃ t	b r ɪ ŋ t	0	0	rhyme_replaced	no_change	reg_t
model_sep	s t ɑː r t	s t ɑː r t ə d	s t ɑː r t ə d	s m ɑː r t	s m ɑː r t ə d	s m ɑː r t ə d	s t ɑː r t ə d	1	1	reg_əd	reg_əd	reg_əd
model_sep	t e ɪ k	t ʊ k	t e ɪ k t	t r æ k	t r æ k t	t r æ k t	t e ɪ k t	1	0	vowel_change	reg_t	reg_t
model_sep	h e ɪ t	h e ɪ t ə d	h e ɪ t ə d	h ɪ n t	h ɪ n t ə d	h ɪ n t ə d	h e ɪ t ə d	1	1	reg_əd	reg_əd	reg_əd
model_sep	r a ɪ t	r o ʊ t	r o ʊ t ə d	r ʌ s t	r ʌ s t ə d	r ʌ s t ə d	r a ɪ t ə d	0	0	vowel_change	other	reg_əd
model_sep	f ɪ t	f ɪ t	f ɪ t ə d	f ʊ t	f ʊ t ə d	f ʊ t ə d	f ɪ t ə d	1	0	no_change	reg_əd	reg_əd
model_sep	d a ɪ n	d a ɪ n d	d a ɪ n d	d a ʊ n	d a ʊ n d	d a ʊ n d	d a ɪ n d	1	1	reg_d	reg_d	reg_d
model_sep	m ɪ s	m ɪ s t	m ɪ s t	m ɛ s	m ɛ s t	m ɛ s t	m ɪ s t	1	1	reg_t	reg_t	reg_t
model_sep	n ɑː k	n ɑː k t	n ɑː k t	n ɛ k	n ɛ k t	n ɛ k t	n ɑː k t	1	1	reg_t	reg_t	reg_t
model_sep	n iː d	n iː d ə d	n iː d ə d	n ɑː d	n ɑː d ə d	n ɑː d ə d	n iː d ə d	1	1	reg_əd	reg_əd	reg_əd
model_sep	m uː v	m uː v d	m uː v d	m æ ʃ	m æ ʃ t	m æ ʃ t	m uː v t	0	0	reg_d	reg_d	reg_t
model_sep	f l ɪ p	f l ɪ p t	f l ɪ p t	f l æ p	f l æ p t	f l æ p t	f l ɪ p t	1	1	reg_t	reg_t	reg_t
model_sep	r ɛ d iː	r ɛ d iː d	r ɛ d iː d	r uː ə n	r uː ə n d	r uː ə n d	r ɛ d iː d	1	1	reg_d	reg_d	reg_d
model_sep	z ɪ p	z ɪ p t	z ɪ p t	z uː m	z uː m d	z uː m d	z ɪ p d	0	0	reg_t	reg_t	reg_d
model_sep	f a ɪ t	f ɔ t	f a ɪ t ə d	f r ɛ t	f r ɛ t ə d	f r ɛ t ə d	f a ɪ t ə d	1	0	vowel_change	reg_əd	reg_əd
model_sep	k æ t͡ʃ	k ɔ t	k æ t͡ʃ t	k ɹ̩ v	k ɹ̩ v d	k ɹ̩ v d	k æ t͡ʃ d	0	0	rhyme_replaced	reg_t	reg_d
model_sep	f l o ʊ t	f l o ʊ t ə d	f l o ʊ t ə d	f e ɪ n t	f e ɪ n t ə d	f e ɪ n t ə d	f l o ʊ t ə d	1	1	reg_əd	reg_əd	reg_əd
model_sep	w ɪ ʃ	w ɪ ʃ t	w ɪ ʃ t	w ɑː ʃ	w ɑː ʃ t	w ɑː ʃ t	w ɪ ʃ t	1	1	reg_t	reg_t	reg_t
model_sep	ʃ e ɪ k	ʃ ʊ k	ʃ e ɪ k t	ʃ e ɪ v	ʃ e ɪ v d	ʃ e ɪ v d	ʃ e ɪ k d	0	0	vowel_change	reg_t	reg_d
model_sep	k ɪ k	k ɪ k t	k ɪ k t	k ʊ k	k ʊ k t	k ʊ k t	k ɪ k t	1	1	reg_t	reg_t	reg_t
model_sep	t͡ʃ e ɪ n d͡ʒ	t͡ʃ e ɪ n d͡ʒ d	t͡ʃ e ɪ n d͡ʒ d	t͡ʃ ɪ k ə n	t͡ʃ ɪ k ə n d	t͡ʃ ɪ k ə n d	t͡ʃ e ɪ n d͡ʒ d	1	1	reg_d	reg_d	reg_d
model_sep	θ r o ʊ	θ r uː	θ r o ʊ d	θ ʌ m p	θ ʌ m p t	θ ʌ m p t	θ r o ʊ t	0	0	vowel_change	reg_d	reg_t
model_sep	b æ k	b æ k t	b æ k t	b æ ʃ	b æ ʃ t	b æ ʃ t	b æ k t	1	1	reg_t	reg_t	reg_t
model_sep	f l æ ʃ	f l æ ʃ t	f l æ ʃ t	f l ʌ ʃ	f l ʌ ʃ t	f l ʌ ʃ t	f l æ ʃ t	1	1	reg_t	reg_t	reg_t
model_sep	ɡ r o ʊ	ɡ r uː	ɡ r o ʊ d	ɡ æ ð ɹ̩	ɡ æ ð ɹ̩ d	ɡ æ ð ɹ̩ d	ɡ r o ʊ d	1	0	vowel_change	reg_d	reg_d
model_sep	s m a ɪ l	s m a ɪ l d	s m a ɪ l d	s ɪ z ə l	s ɪ z ə l d	s ɪ z ə l d	s m a ɪ l d	1	1	reg_d	reg_d	reg_d
model_sep	s t ɑː p	s t ɑː p t	s t ɑː p t	s t ɛ p	s t ɛ p t	s t ɛ p t	s t ɑː p t	1	1	reg_t	reg_t	reg_t
model_sep	s t ɹ̩	s t ɹ̩ d	s t ɹ̩ d	s t uː	s t uː d	s t uː d	s t ɹ̩ d	1	1	reg_d	reg_d	reg_d
model_sep	t͡ʃ uː	t͡ʃ uː d	t͡ʃ o ʊ t͡ʃ t	t͡ʃ uː z	t͡ʃ o ʊ z	t͡ʃ o ʊ z	NA	0	0	reg_d	rhyme_replaced	vowel_change
model_sep	d r ɛ s	d r ɛ s t	d r ɛ s t	d a ɪ s	d a ɪ s t	d a ɪ s t	d r ɛ s t	1	1	reg_t	reg_t	reg_t
model_sep	ə n d ɹ̩ s t æ n d	ə n d ɹ̩ s t ʊ d	ə n d ɹ̩ s t æ n d	ə s o ʊ s iː e ɪ t	ə s o ʊ s iː e ɪ t ə d	ə s o ʊ s iː e ɪ t ə d	ə n d ɹ̩ s t æ n d ə d	0	0	rhyme_replaced	no_change	reg_əd
model_sep	t͡ʃ e ɪ s	t͡ʃ e ɪ s t	t͡ʃ e ɪ s t	t͡ʃ a ɪ m	t͡ʃ a ɪ m d	t͡ʃ a ɪ m d	t͡ʃ e ɪ s d	0	0	reg_t	reg_t	reg_d
model_sep	h ʌ ɡ	h ʌ ɡ d	h ʌ ɡ d	h ʌ f	h ʌ f t	h ʌ f t	h ʌ ɡ t	0	0	reg_d	reg_d	reg_t
model_sep	h ɪ t	h ɪ t	h ɪ t	h ɹ̩ t	h ɹ̩ t	h ɹ̩ t	h ɪ t	1	1	no_change	no_change	no_change
model_sep	h æ m ɹ̩	h æ m ɹ̩ d	h æ m ɹ̩ d	h ɑː l ɹ̩	h ɑː l ɹ̩ d	h ɑː l ɹ̩ d	h æ m ɹ̩ d	1	1	reg_d	reg_d	reg_d
model_sep	w a ɪ n d	w a ɪ n d ə d	w a ʊ n d	w e ɪ s t	w e ɪ s t ə d	w e ɪ s t ə d	w a ɪ n d ə d	0	1	reg_əd	vowel_change	reg_əd
model_sep	k ə n s t r ʌ k t	k ə n s t r ʌ k t ə d	k ə n s t r ʌ k t ə d	k o ʊ ɑː p ɹ̩ e ɪ t	k o ʊ ɑː p ɹ̩ e ɪ t ə d	k o ʊ ɑː p ɹ̩ e ɪ t ə d	k ə n s t r ʌ k t ə d	1	1	reg_əd	reg_əd	reg_əd
model_sep	m iː t	m ɛ t	m iː t ə d	m æ p	m æ p t	m æ p t	m iː t t	0	0	vowel_change	reg_əd	reg_t
model_sep	s w ɪ ʃ	s w ɪ ʃ t	s w ɪ ʃ t	s m æ ʃ	s m æ ʃ t	s m æ ʃ t	s w ɪ ʃ t	1	1	reg_t	reg_t	reg_t
model_sep	s k w iː z	s k w iː z d	s k w iː z d	s k w ɑː ʃ	s k w ɑː ʃ t	s k w ɑː ʃ t	s k w iː z t	0	0	reg_d	reg_d	reg_t
model_sep	t͡ʃ ʌ ɡ	t͡ʃ ʌ ɡ d	t͡ʃ ʌ ɡ d	t͡ʃ iː t	t͡ʃ iː t ə d	t͡ʃ iː t ə d	t͡ʃ ʌ ɡ ə d	0	0	reg_d	reg_d	reg_əd
model_sep	b r æ n t͡ʃ	b r æ n t͡ʃ t	b r æ n t͡ʃ t	b ɪ l iː v	b ɪ l iː v d	b ɪ l iː v d	b r æ n t͡ʃ d	0	0	reg_t	reg_t	reg_d
model_sep	n o ʊ t ɪ s	n o ʊ t ɪ s t	n o ʊ t ɪ s t	n ə ɡ l ɛ k t	n ə ɡ l ɛ k t ə d	n ə ɡ l ɛ k t ə d	n o ʊ t ɪ s ə d	0	0	reg_t	reg_t	reg_əd
model_sep	b e ɪ k	b e ɪ k t	b e ɪ k t	b l ɑː k	b l ɑː k t	b l ɑː k t	b e ɪ k t	1	1	reg_t	reg_t	reg_t
model_sep	s n æ p	s n æ p t	s n æ p t	s w iː p	s w ɛ p t	s w ɛ p t	NA	0	0	reg_t	reg_t	vowel_change_suffix
model_sep	s w ɪ m	s w æ m	s w ɪ m d	s l æ m	s l æ m d	s l æ m d	s w ɪ m d	1	0	vowel_change	reg_d	reg_d
model_sep	ʃ ʌ t ə l	ʃ ʌ t ə l d	ʃ ʌ t ə l d	ʃ ʌ v ə l	ʃ ʌ v ə l d	ʃ ʌ v ə l d	ʃ ʌ t ə l d	1	1	reg_d	reg_d	reg_d
model_sep	ə p r iː ʃ iː e ɪ t	ə p r iː ʃ iː e ɪ t ə d	ə p r iː ʃ iː e ɪ t ə d	ə p ɑː l ə d͡ʒ a ɪ z	ə p ɑː l ə d͡ʒ a ɪ z d	ə p ɑː l ə d͡ʒ a ɪ z d	ə p r iː ʃ iː e ɪ t d	0	0	reg_əd	reg_əd	reg_d
model_sep	s m uː ð	s m uː ð d	s m uː ð d	s w ɛ t	s w ɛ t ə d	s w ɛ t ə d	s m uː ð ə d	0	0	reg_d	reg_d	reg_əd
model_sep	s t ɛ r	s t ɛ r d	s t ɛ r d	s t ɑː r	s t ɑː r d	s t ɑː r d	s t ɛ r d	1	1	reg_d	reg_d	reg_d
model_sep	k ɑː s t uː m	k ɑː s t uː m d	k ɑː s t uː m d	k ə n f ɹ̩ m	k ə n f ɹ̩ m d	k ə n f ɹ̩ m d	k ɑː s t uː m d	1	1	reg_d	reg_d	reg_d
model_sep	ɡ uː f	ɡ uː f t	ɡ uː f t	ɡ ɪ v	ɡ e ɪ v	ɡ e ɪ v	NA	0	0	reg_t	reg_t	vowel_change
model_sep	d r a ʊ n	d r a ʊ n d	d r a ʊ n d	d æ m ə d͡ʒ	d æ m ə d͡ʒ d	d æ m ə d͡ʒ d	d r a ʊ n d	1	1	reg_d	reg_d	reg_d
model_sep	n ɹ̩ s	n ɹ̩ s t	n ɹ̩ s t	n ɪ t	n ɪ t ə d	n ɪ t ə d	n ɹ̩ s ə d	0	0	reg_t	reg_t	reg_əd
model_sep	k r a ɪ	k r a ɪ d	k r a ɪ d	k æ r iː	k æ r iː d	k æ r iː d	k r a ɪ d	1	1	reg_d	reg_d	reg_d
model_sep	iː v ɪ n	iː v ɪ n d	iː v ɪ n d	iː k w ə l	iː k w ə l d	iː k w ə l d	iː v ɪ n d	1	1	reg_d	reg_d	reg_d
model_sep	m a ɪ n	m a ɪ n d	m a ɪ n d	m ɔ r n	m ɔ r n d	m ɔ r n d	m a ɪ n d	1	1	reg_d	reg_d	reg_d
model_sep	b ɪ ɡ ɪ n	b ɪ ɡ æ n	b ɪ ɡ e ɪ n	b r a ʊ n	b r a ʊ n d	b r a ʊ n d	b ɪ ɡ ɪ n d	0	0	vowel_change	vowel_change	reg_d
model_sep	s p æ ŋ k	s p æ ŋ k t	s p æ ŋ k t	s p ɑː r k	s p ɑː r k t	s p ɑː r k t	s p æ ŋ k t	1	1	reg_t	reg_t	reg_t
model_sep	t͡ʃ ɪ p	t͡ʃ ɪ p t	t͡ʃ ɪ p t	t͡ʃ ɑː p	t͡ʃ ɑː p t	t͡ʃ ɑː p t	t͡ʃ ɪ p t	1	1	reg_t	reg_t	reg_t
model_sep	s p iː k	s p o ʊ k	s p ɛ k t	s p uː k	s p uː k t	s p uː k t	s p iː k t	0	0	vowel_change	vowel_change_suffix	reg_t
model_sep	s w ɪ t͡ʃ	s w ɪ t͡ʃ t	s w ɪ t͡ʃ t	s n æ t͡ʃ	s n æ t͡ʃ t	s n æ t͡ʃ t	s w ɪ t͡ʃ t	1	1	reg_t	reg_t	reg_t
model_sep	f a ɪ ɹ̩	f a ɪ ɹ̩ d	f a ɪ ɹ̩ d	f ɛ ð ɹ̩	f ɛ ð ɹ̩ d	f ɛ ð ɹ̩ d	f a ɪ ɹ̩ d	1	1	reg_d	reg_d	reg_d
model_sep	b ɪ l	b ɪ l d	b ɪ l d	b ɔ l	b ɔ l d	b ɔ l d	b ɪ l d	1	1	reg_d	reg_d	reg_d
model_sep	r iː m a ɪ n d	r iː m a ɪ n d ə d	r iː m a ʊ n d ə d	r ɪ s p ɑː n d	r ɪ s p ɑː n d ə d	r ɪ s p ɑː n d ə d	r iː m a ɪ n d ə d	0	1	reg_əd	other	reg_əd
model_sep	s iː d	s iː d ə d	s iː d ə d	s ɛ t	s ɛ t	s ɛ t	s iː d	0	0	reg_əd	reg_əd	no_change
model_sep	w e ɪ v	w e ɪ v d	w e ɪ v d	w e ɪ k	w e ɪ k t	w o ʊ k	w e ɪ v t	0	0	reg_d	reg_d	reg_t
model_sep	b l uː m	b l uː m d	b l uː m d	b r æ ɡ	b r æ ɡ d	b r æ ɡ d	b l uː m d	1	1	reg_d	reg_d	reg_d
model_sep	s t ɪ ŋ	s t ʌ ŋ	s t ɪ ŋ	s w ɛ t	s w ɛ t ə d	s w ɛ t ə d	s t ɪ ŋ ə d	0	0	vowel_change	no_change	reg_əd
model_sep	ə r a ɪ v	ə r a ɪ v d	ə r a ɪ v d	ə m e ɪ z	ə m e ɪ z d	ə m e ɪ z d	ə r a ɪ v d	1	1	reg_d	reg_d	reg_d
model_sep	b l ɛ s	b l ɛ s t	b l ɛ s t	b e ɪ s	b e ɪ s t	b e ɪ s t	b l ɛ s t	1	1	reg_t	reg_t	reg_t
model_sep	ə r ɛ s t	ə r ɛ s t ə d	ə r ɛ s t ə d	ə w e ɪ t	ə w e ɪ t ə d	ə w e ɪ t ə d	ə r ɛ s t ə d	1	1	reg_əd	reg_əd	reg_əd
model_sep	s p ɪ n	s p ʌ n	s p ɪ n d	s t ʌ n	s t ʌ n d	s t ʌ n d	s p ɪ n d	1	0	vowel_change	reg_d	reg_d
model_sep	k ə m p iː t	k ə m p iː t ə d	k ə m p iː t ə d	k ə n ɛ k t	k ə n ɛ k t ə d	k ə n ɛ k t ə d	k ə m p iː t ə d	1	1	reg_əd	reg_əd	reg_əd
model_sep	t r e ɪ n	t r e ɪ n d	t r e ɪ n d	t w a ɪ n	t w a ɪ n d	t w a ɪ n d	t r e ɪ n d	1	1	reg_d	reg_d	reg_d
model_sep	p æ s	p æ s t	p æ s t	p iː s	p iː s t	p iː s t	p æ s t	1	1	reg_t	reg_t	reg_t
model_sep	s ɪ ŋ k	s æ ŋ k	s ɪ ŋ k t	s n æ k	s n æ k t	s n æ k t	s ɪ ŋ k t	1	0	vowel_change	reg_t	reg_t
model_sep	l uː p	l uː p t	l uː p t	l iː p	l ɛ p t	l ɛ p t	NA	0	0	reg_t	reg_t	vowel_change_suffix
model_sep	s ə l ɛ k t	s ə l ɛ k t ə d	s ə l ɛ k t ə d	s ə d͡ʒ ɛ s t	s ə d͡ʒ ɛ s t ə d	s ə d͡ʒ ɛ s t ə d	s ə l ɛ k t ə d	1	1	reg_əd	reg_əd	reg_əd
model_sep	r ɪ ŋ	r æ ŋ	r ɪ ŋ	r ɔ ŋ	r ɔ ŋ d	r ɔ ŋ d	r ɪ ŋ d	0	0	vowel_change	no_change	reg_d
model_sep	m e ɪ l	m e ɪ l d	m e ɪ l d	m a ʊ ð	m a ʊ ð d	m a ʊ ð d	m e ɪ l d	1	1	reg_d	reg_d	reg_d
model_sep	p æ t	p æ t ə d	p æ t ə d	p ɛ t	p ɛ t	p ɛ t ə d	p æ t	0	0	reg_əd	reg_əd	no_change
model_sep	k ɪ d	k ɪ d ə d	k ɪ d	k æ ʃ	k æ ʃ t	k æ ʃ t	k ɪ d t	0	0	reg_əd	no_change	reg_t
model_sep	p ɑː r d ə n	p ɑː r d ə n d	p ɑː r d ə n d	p ɔ ɪ z ə n	p ɔ ɪ z ə n d	p ɔ ɪ z ə n d	p ɑː r d ə n d	1	1	reg_d	reg_d	reg_d
model_sep	s t iː r	s t iː r d	s t iː r d	s t ɑː r	s t ɑː r d	s t ɑː r d	s t iː r d	1	1	reg_d	reg_d	reg_d
model_sep	f o ʊ l d	f o ʊ l d ə d	f o ʊ l d ə d	f a ɪ n d	f a ʊ n d	f a ʊ n d	NA	0	0	reg_əd	reg_əd	vowel_change
model_sep	s n iː k	s n iː k t	s n iː k t	s n æ k	s n æ k t	s n æ k t	s n iː k t	1	1	reg_t	reg_t	reg_t
model_sep	b e ɪ l	b e ɪ l d	b e ɪ l d	b o ʊ l	b o ʊ l d	b o ʊ l d	b e ɪ l d	1	1	reg_d	reg_d	reg_d
model_sep	b ɛ t ɹ̩	b ɛ t ɹ̩ d	b ɛ t ɹ̩ d	b æ t ɹ̩	b æ t ɹ̩ d	b æ t ɹ̩ d	b ɛ t ɹ̩ d	1	1	reg_d	reg_d	reg_d
model_sep	ɡ ɑː r b ə l	ɡ ɑː r b ə l d	ɡ ɑː r b ə l d	ɡ r æ p ə l	ɡ r æ p ə l d	ɡ r æ p ə l d	ɡ ɑː r b ə l d	1	1	reg_d	reg_d	reg_d
model_sep	s k w ɹ̩ t	s k w ɹ̩ t ə d	s k w ɹ̩ t ə d	s k e ɪ t	s k e ɪ t ə d	s k e ɪ t ə d	s k w ɹ̩ t ə d	1	1	reg_əd	reg_əd	reg_əd
model_sep	b ɑː k s	b ɑː k s t	b ɑː k s t	b e ɪ s	b e ɪ s t	b e ɪ s t	b ɑː k s t	1	1	reg_t	reg_t	reg_t
model_sep	s iː l	s iː l d	s iː l d	s ɛ l	s o ʊ l d	s o ʊ l d	NA	0	0	reg_d	reg_d	vowel_change_suffix
model_sep	s p r ɛ d	s p r ɛ d	s p r ɛ d ə d	s p ɛ n d	s p ɛ n t	s p ɛ n t	s p r ɛ t	0	0	no_change	reg_əd	coda_change
model_sep	p r ɑː m ə s	p r ɑː m ə s t	p r ɑː m ə s t	p r ə l ɔ ŋ	p r ə l ɔ ŋ d	p r ə l ɔ ŋ d	p r ɑː m ə s d	0	0	reg_t	reg_t	reg_d
model_sep	b iː t	b iː t	b iː t ə d	b uː t	b uː t ə d	b uː t ə d	b iː t ə d	1	0	no_change	reg_əd	reg_əd
model_sep	h ɪ p n ə t a ɪ z	h ɪ p n ə t a ɪ z d	h ɪ p n ə t a ɪ z d	h ɛ d k w ɔ r t ɹ̩	h ɛ d k w ɔ r t ɹ̩ d	h ɛ d k w ɔ r t ɹ̩ d	h ɪ p n ə t a ɪ z d	1	1	reg_d	reg_d	reg_d
model_sep	s l æ p	s l æ p t	s l æ p t	s l iː p	s l ɛ p t	s l ɛ p t	NA	0	0	reg_t	reg_t	vowel_change_suffix
model_sep	b ɛ s t	b ɛ s t ə d	b ɛ s t ə d	b ɛ l t	b ɛ l t ə d	b ɛ l t ə d	b ɛ s t ə d	1	1	reg_əd	reg_əd	reg_əd
model_sep	s t æ ɡ ɹ̩	s t æ ɡ ɹ̩ d	s t æ ɡ ɹ̩ d	s k æ t ɹ̩	s k æ t ɹ̩ d	s k æ t ɹ̩ d	s t æ ɡ ɹ̩ d	1	1	reg_d	reg_d	reg_d
model_sep	z æ p	z æ p t	z æ p t	z uː m	z uː m d	z uː m d	z æ p d	0	0	reg_t	reg_t	reg_d
model_sep	ə p s ɛ t	ə p s ɛ t	ə p s ɛ t	ə w e ɪ t	ə w e ɪ t ə d	ə w e ɪ t ə d	ə p s ɛ t ə d	0	0	no_change	no_change	reg_əd
model_sep	r ɛ s t	r ɛ s t ə d	r ɛ s t ə d	r ɛ n t	r ɛ n t ə d	r ɛ n t ə d	r ɛ s t ə d	1	1	reg_əd	reg_əd	reg_əd
model_sep	s p l æ ʃ	s p l æ ʃ t	s p l æ ʃ t	s k w ɑː ʃ	s k w ɑː ʃ t	s k w ɑː ʃ t	s p l æ ʃ t	1	1	reg_t	reg_t	reg_t
model_sep	l a ɪ n	l a ɪ n d	l a ɪ n d	l a ɪ v	l a ɪ v d	l a ɪ v d	l a ɪ n d	1	1	reg_d	reg_d	reg_d
model_sep	ə n d uː	ə n d ɪ d	ə n d uː d	ə n ɔ ɪ	ə n ɔ ɪ d	ə n ɔ ɪ d	ə n d uː d	1	0	vowel_change_suffix	reg_d	reg_d
model_sep	p ɛ n	p ɛ n d	p ɛ n d	p ɪ n	p ɪ n d	p ɪ n d	p ɛ n d	1	1	reg_d	reg_d	reg_d
model_sep	ɛ d ə t	ɛ d ə t ə d	ɛ d ə t ə d	ɛ s k ɔ r t	ɛ s k ɔ r t ə d	ɛ s k ɔ r t ə d	ɛ d ə t ə d	1	1	reg_əd	reg_əd	reg_əd
model_sep	ɪ k s p l ɔ r	ɪ k s p l ɔ r d	ɪ k s p l ɔ r d	ɪ n t ɹ̩ f ɪ r	ɪ n t ɹ̩ f ɪ r d	ɪ n t ɹ̩ f ɪ r d	ɪ k s p l ɔ r d	1	1	reg_d	reg_d	reg_d
model_sep	ə s uː m	ə s uː m d	ə s uː m d	ə t æ t͡ʃ	ə t æ t͡ʃ t	ə t æ t͡ʃ t	ə s uː m t	0	0	reg_d	reg_d	reg_t
model_sep	s p r e ɪ	s p r e ɪ d	s p r e ɪ d	s t ʌ d iː	s t ʌ d iː d	s t ʌ d iː d	s p r e ɪ d	1	1	reg_d	reg_d	reg_d
model_sep	l o ʊ ɹ̩	l o ʊ ɹ̩ d	l o ʊ ɹ̩ d	l ɪ t ɹ̩	l ɪ t ɹ̩ d	l ɪ t ɹ̩ d	l o ʊ ɹ̩ d	1	1	reg_d	reg_d	reg_d
model_sep	d æ m	d æ m d	d æ m d	d ɪ ŋ	d ɪ ŋ d	d ɪ ŋ d	d æ m d	1	1	reg_d	reg_d	reg_d
model_sep	r ʌ ʃ	r ʌ ʃ t	r æ ʃ t	r ʌ f	r ʌ f t	r ʌ f t	r ʌ ʃ t	0	1	reg_t	vowel_change_suffix	reg_t
model_sep	p l ʌ ɡ	p l ʌ ɡ d	p l ʌ ɡ d	p l ɛ d͡ʒ	p l ɛ d͡ʒ d	p l ɛ d͡ʒ d	p l ʌ ɡ d	1	1	reg_d	reg_d	reg_d
model_sep	ə d m ɪ t	ə d m ɪ t ə d	ə d m ɪ t ə d	ə d ɑː p t	ə d ɑː p t ə d	ə d ɑː p t ə d	ə d m ɪ t ə d	1	1	reg_əd	reg_əd	reg_əd
model_sep	ə n t a ɪ	ə n t a ɪ d	ə n t a ɪ d	ə p l a ɪ	ə p l a ɪ d	ə p l a ɪ d	ə n t a ɪ d	1	1	reg_d	reg_d	reg_d
model_sep	b ʌ k ə l	b ʌ k ə l d	b ʌ k ə l d	b æ r ə l	b æ r ə l d	b æ r ə l d	b ʌ k ə l d	1	1	reg_d	reg_d	reg_d
model_sep	s w uː ʃ	s w uː ʃ t	s w uː ʃ t	s m æ ʃ	s m æ ʃ t	s m æ ʃ t	s w uː ʃ t	1	1	reg_t	reg_t	reg_t
model_sep	ə r a ɪ z	ə r o ʊ z	ə r a ɪ z d	ə m e ɪ z	ə m e ɪ z d	ə m e ɪ z d	ə r a ɪ z d	1	0	vowel_change	reg_d	reg_d
model_sep	s o ʊ k	s o ʊ k t	s o ʊ k t	s t ɔ k	s t ɔ k t	s t ɔ k t	s o ʊ k t	1	1	reg_t	reg_t	reg_t
model_sep	t r æ p	t r æ p t	t r æ p t	t r ɪ p	t r ɪ p t	t r ɪ p t	t r æ p t	1	1	reg_t	reg_t	reg_t
model_sep	p a ɪ l	p a ɪ l d	p a ɪ l d	p a ʊ ɹ̩	p a ʊ ɹ̩ d	p a ʊ ɹ̩ d	p a ɪ l d	1	1	reg_d	reg_d	reg_d
model_sep	ɪ k s p l o ʊ d	ɪ k s p l o ʊ d ə d	ɪ k s p l o ʊ d ə d	ɪ v æ p ɹ̩ e ɪ t	ɪ v æ p ɹ̩ e ɪ t ə d	ɪ v æ p ɹ̩ e ɪ t ə d	ɪ k s p l o ʊ d ə d	1	1	reg_əd	reg_əd	reg_əd
model_sep	b ɔ ɪ l	b ɔ ɪ l d	b ɔ ɪ l d	b o ʊ l	b o ʊ l d	b o ʊ l d	b ɔ ɪ l d	1	1	reg_d	reg_d	reg_d
model_sep	k ə n s ɪ d ɹ̩	k ə n s ɪ d ɹ̩ d	k ə n s ɪ d ɹ̩ d	k ə n k l uː d	k ə n k l uː d ə d	k ə n k l uː d ə d	k ə n s ɪ d ɹ̩ ə d	0	0	reg_d	reg_d	reg_əd
model_sep	s k a ʊ l	s k a ʊ l d	s k a ʊ l d	s ɪ z ə l	s ɪ z ə l d	s ɪ z ə l d	s k a ʊ l d	1	1	reg_d	reg_d	reg_d
model_sep	ɪ ɡ z ɔ s t	ɪ ɡ z ɔ s t ə d	ɪ ɡ z ɔ s t ə d	ɪ ɡ z ɪ s t	ɪ ɡ z ɪ s t ə d	ɪ ɡ z ɪ s t ə d	ɪ ɡ z ɔ s t ə d	1	1	reg_əd	reg_əd	reg_əd
model_sep	s uː p ɹ̩ v a ɪ z	s uː p ɹ̩ v a ɪ z d	s uː p ɹ̩ v a ɪ z d	s ə b t r æ k t	s ə b t r æ k t ə d	s ə b t r æ k t ə d	s uː p ɹ̩ v a ɪ z ə d	0	0	reg_d	reg_d	reg_əd
model_sep	d æ ŋ ɡ ə l	d æ ŋ ɡ ə l d	d æ ŋ ɡ ə l d	d ɪ l ɪ v ɹ̩	d ɪ l ɪ v ɹ̩ d	d ɪ l ɪ v ɹ̩ d	d æ ŋ ɡ ə l d	1	1	reg_d	reg_d	reg_d
model_sep	d͡ʒ ɪ m iː	d͡ʒ ɪ m iː d	d͡ʒ ɪ m iː d	d͡ʒ ɔ ɪ n	d͡ʒ ɔ ɪ n d	d͡ʒ ɔ ɪ n d	d͡ʒ ɪ m iː d	1	1	reg_d	reg_d	reg_d
model_sep	t r ʌ b ə l	t r ʌ b ə l d	t r ʌ b ə l d	t e ɪ b ə l	t e ɪ b ə l d	t e ɪ b ə l d	t r ʌ b ə l d	1	1	reg_d	reg_d	reg_d
model_sep	p e ɪ d͡ʒ	p e ɪ d͡ʒ d	p e ɪ d͡ʒ d	p l ɛ d͡ʒ	p l ɛ d͡ʒ d	p l ɛ d͡ʒ d	p e ɪ d͡ʒ d	1	1	reg_d	reg_d	reg_d
model_sep	t a ʊ ɹ̩	t a ʊ ɹ̩ d	t a ʊ ɹ̩ d	t a ɪ ɹ̩	t a ɪ ɹ̩ d	t a ɪ ɹ̩ d	t a ʊ ɹ̩ d	1	1	reg_d	reg_d	reg_d
model_sep	f ɛ n s	f ɛ n s t	f ɛ n s t	f ɔ r s	f ɔ r s t	f ɔ r s t	f ɛ n s t	1	1	reg_t	reg_t	reg_t
model_sep	d ɛ r	d ɛ r d	d ɛ r d	d ɪ ŋ	d ɪ ŋ d	d ɪ ŋ d	d ɛ r d	1	1	reg_d	reg_d	reg_d
model_sep	b l iː d	b l ɛ d	b l ɛ d ə d	b ɪ l d	b ɪ l t	b ɪ l t	b l iː t	0	0	vowel_change	other	coda_change
model_sep	ɛ n t ɹ̩	ɛ n t ɹ̩ d	ɛ n t ɹ̩ d	ɛ m p t iː	ɛ m p t iː d	ɛ m p t iː d	ɛ n t ɹ̩ d	1	1	reg_d	reg_d	reg_d
model_sep	m e ɪ n t e ɪ n	m e ɪ n t e ɪ n d	m e ɪ n t e ɪ n d	m ɛ z m ɹ̩ a ɪ z	m ɛ z m ɹ̩ a ɪ z d	m ɛ z m ɹ̩ a ɪ z d	m e ɪ n t e ɪ n d	1	1	reg_d	reg_d	reg_d
model_sep	f ɛ r	f ɛ r d	f ɛ r d	f iː r	f iː r d	f iː r d	f ɛ r d	1	1	reg_d	reg_d	reg_d
model_sep	d ɪ p	d ɪ p t	d ɪ p t	d ɪ ʃ	d ɪ ʃ t	d ɪ ʃ t	d ɪ p t	1	1	reg_t	reg_t	reg_t
model_sep	j ɔ n	j ɔ n d	j ɔ n d	j ɛ l	j ɛ l d	j ɛ l d	j ɔ n d	1	1	reg_d	reg_d	reg_d
model_sep	ʃ ʊ ɡ ɹ̩	ʃ ʊ ɡ ɹ̩ d	ʃ ʊ ɡ ɹ̩ d	ʃ ɪ v ɹ̩	ʃ ɪ v ɹ̩ d	ʃ ɪ v ɹ̩ d	ʃ ʊ ɡ ɹ̩ d	1	1	reg_d	reg_d	reg_d
model_sep	d r ɪ f t	d r ɪ f t ə d	d r æ f t ə d	d ɪ f iː t	d ɪ f iː t ə d	d ɪ f iː t ə d	d r ɪ f t ə d	0	1	reg_əd	other	reg_əd
model_sep	ɪ n s p a ɪ ɹ̩	ɪ n s p a ɪ ɹ̩ d	ɪ n s p a ɪ ɹ̩ d	ɪ k s p a ɪ ɹ̩	ɪ k s p a ɪ ɹ̩ d	ɪ k s p a ɪ ɹ̩ d	ɪ n s p a ɪ ɹ̩ d	1	1	reg_d	reg_d	reg_d
model_sep	m ɛ n ʃ ə n	m ɛ n ʃ ə n d	m ɛ n ʃ ə n d	m ɔ ɪ s ə n	m ɔ ɪ s ə n d	m ɔ ɪ s ə n d	m ɛ n ʃ ə n d	1	1	reg_d	reg_d	reg_d
model_sep	s l ɪ p	s l ɪ p t	s l ɪ p t	s l iː p	s l ɛ p t	s l ɛ p t	NA	0	0	reg_t	reg_t	vowel_change_suffix
model_sep	s k ɪ p	s k ɪ p t	s k ɪ p t	s k uː p	s k uː p t	s k uː p t	s k ɪ p t	1	1	reg_t	reg_t	reg_t
model_sep	m ə n ɪ p j ə l e ɪ t	m ə n ɪ p j ə l e ɪ t ə d	m ə n j ə l ə l e ɪ t ə d	m e ɪ t	m e ɪ t ə d	m e ɪ t ə d	m ə n ɪ p j ə l e ɪ t ə d	0	1	reg_əd	other	reg_əd
model_sep	s æ k	s æ k t	s æ k t	s ʌ k	s ʌ k t	s ʌ k t	s æ k t	1	1	reg_t	reg_t	reg_t
model_sep	ɪ n s p ɛ k t	ɪ n s p ɛ k t ə d	ɪ n s p ɛ k t ə d	ɪ k s p ɛ k t	ɪ k s p ɛ k t ə d	ɪ k s p ɛ k t ə d	ɪ n s p ɛ k t ə d	1	1	reg_əd	reg_əd	reg_əd
model_sep	s æ k r ə f a ɪ s	s æ k r ə f a ɪ s t	s æ k r ə f a ɪ s t	s ɛ l ə b r e ɪ t	s ɛ l ə b r e ɪ t ə d	s ɛ l ə b r e ɪ t ə d	s æ k r ə f a ɪ s ə d	0	0	reg_t	reg_t	reg_əd
model_sep	t æ p	t æ p t	t æ p t	t ɪ p	t ɪ p t	t ɪ p t	t æ p t	1	1	reg_t	reg_t	reg_t
model_sep	h ɔ l	h ɔ l d	h ɔ l d	h ɹ̩ l	h ɹ̩ l d	h ɹ̩ l d	h ɔ l d	1	1	reg_d	reg_d	reg_d
model_sep	s k a ʊ t	s k a ʊ t ə d	s k a ʊ t ə d	s k e ɪ t	s k e ɪ t ə d	s k e ɪ t ə d	s k a ʊ t ə d	1	1	reg_əd	reg_əd	reg_əd
model_sep	p ɑː k ə t	p ɑː k ə t ə d	p ɑː k ə t ə d	p e ɪ n t	p e ɪ n t ə d	p e ɪ n t ə d	p ɑː k ə t ə d	1	1	reg_əd	reg_əd	reg_əd
model_sep	h a ʊ l	h a ʊ l d	h a ʊ l d	h o ʊ l	h o ʊ l d	h o ʊ l d	h a ʊ l d	1	1	reg_d	reg_d	reg_d
model_sep	d ɔ n	d ɔ n d	d ɔ n d	d ɑː n	d ɑː n d	d ɑː n d	d ɔ n d	1	1	reg_d	reg_d	reg_d
model_sep	t æ ŋ ɡ ə l	t æ ŋ ɡ ə l d	t æ ŋ ɡ ə l d	t e ɪ b ə l	t e ɪ b ə l d	t e ɪ b ə l d	t æ ŋ ɡ ə l d	1	1	reg_d	reg_d	reg_d
model_sep	ɡ a ɪ d	ɡ a ɪ d ə d	ɡ a ɪ d ə d	ɡ ɑː r d	ɡ ɑː r d ə d	ɡ ɑː r d ə d	ɡ a ɪ d ə d	1	1	reg_əd	reg_əd	reg_əd
model_sep	θ ʌ n d ɹ̩	θ ʌ n d ɹ̩ d	θ ʌ n d ɹ̩ d	θ ʌ m	θ ʌ m d	θ ʌ m d	θ ʌ n d ɹ̩ d	1	1	reg_d	reg_d	reg_d
model_sep	r a ʊ n d	r a ʊ n d ə d	r a ʊ n d ə d	r o ʊ s t	r o ʊ s t ə d	r o ʊ s t ə d	r a ʊ n d ə d	1	1	reg_əd	reg_əd	reg_əd
model_sep	æ b d ʌ k t	æ b d ʌ k t ə d	æ b ʌ k t ə d	æ k s ɛ p t	æ k s ɛ p t ə d	æ k s ɛ p t ə d	æ b d ʌ k t ə d	0	1	reg_əd	other	reg_əd
model_sep	ɡ ʌ m	ɡ ʌ m d	ɡ ʌ m d	ɡ ɪ v	ɡ e ɪ v	ɡ e ɪ v	NA	0	0	reg_d	reg_d	vowel_change
model_sep	l ɛ k t͡ʃ ɹ̩	l ɛ k t͡ʃ ɹ̩ d	l ɛ k t͡ʃ ɹ̩ d	l e ɪ b ɹ̩	l e ɪ b ɹ̩ d	l e ɪ b ɹ̩ d	l ɛ k t͡ʃ ɹ̩ d	1	1	reg_d	reg_d	reg_d
model_sep	d r ɪ b ə l	d r ɪ b ə l d	d r ɪ b ə l d	d ɪ l ɪ v ɹ̩	d ɪ l ɪ v ɹ̩ d	d ɪ l ɪ v ɹ̩ d	d r ɪ b ə l d	1	1	reg_d	reg_d	reg_d
model_sep	d ʌ s t	d ʌ s t ə d	d ʌ s t ə d	d e ɪ t	d e ɪ t ə d	d e ɪ t ə d	d ʌ s t ə d	1	1	reg_əd	reg_əd	reg_əd
model_sep	d͡ʒ æ m	d͡ʒ æ m d	d͡ʒ æ m d	d͡ʒ ɑː ɡ	d͡ʒ ɑː ɡ d	d͡ʒ ɑː ɡ d	d͡ʒ æ m d	1	1	reg_d	reg_d	reg_d
model_sep	t͡ʃ æ n ə l	t͡ʃ æ n ə l d	t͡ʃ æ n ə l d	t͡ʃ ɪ k ə n	t͡ʃ ɪ k ə n d	t͡ʃ ɪ k ə n d	t͡ʃ æ n ə l d	1	1	reg_d	reg_d	reg_d
model_sep	d r e ɪ n	d r e ɪ n d	d r e ɪ n d	d æ m ə d͡ʒ	d æ m ə d͡ʒ d	d æ m ə d͡ʒ d	d r e ɪ n d	1	1	reg_d	reg_d	reg_d
model_sep	w uː n d	w uː n d ə d	w uː n d ə d	w a ɪ ɹ̩	w a ɪ ɹ̩ d	w a ɪ ɹ̩ d	w uː n d d	0	0	reg_əd	reg_əd	reg_d
model_sep	t e ɪ l	t e ɪ l d	t e ɪ l d	t w ɹ̩ l	t w ɹ̩ l d	t w ɹ̩ l d	t e ɪ l d	1	1	reg_d	reg_d	reg_d
model_sep	s l o ʊ	s l o ʊ d	s l o ʊ d	s t e ɪ	s t e ɪ d	s t e ɪ d	s l o ʊ d	1	1	reg_d	reg_d	reg_d
model_sep	s t ɪ ŋ k	s t ʌ ŋ k	s t ɪ ŋ k t	s p a ɪ k	s p a ɪ k t	s p a ɪ k t	s t ɪ ŋ k t	1	0	vowel_change	reg_t	reg_t
model_sep	f iː l d	f iː l d ə d	f iː l d ə d	f e ɪ d	f e ɪ d ə d	f e ɪ d ə d	f iː l d ə d	1	1	reg_əd	reg_əd	reg_əd
model_sep	s p a ɪ	s p a ɪ d	s p a ɪ d	s t e ɪ	s t e ɪ d	s t e ɪ d	s p a ɪ d	1	1	reg_d	reg_d	reg_d
model_sep	s ɪ ɡ n ə l	s ɪ ɡ n ə l d	s ɪ ɡ n ə l d	s n ɑː r ə l	s n ɑː r ə l d	s n ɑː r ə l d	s ɪ ɡ n ə l d	1	1	reg_d	reg_d	reg_d
model_sep	ɛ n k ɹ̩ ɪ d͡ʒ	ɛ n k ɹ̩ ɪ d͡ʒ d	ɛ n k ɹ̩ ɪ d͡ʒ d	ɛ s k ɔ r t	ɛ s k ɔ r t ə d	ɛ s k ɔ r t ə d	ɛ n k ɹ̩ ɪ d͡ʒ ə d	0	0	reg_d	reg_d	reg_əd
model_sep	s æ n ɪ t a ɪ z	s æ n ɪ t a ɪ z d	s æ n ɪ t a ɪ z d	s ə b t r æ k t	s ə b t r æ k t ə d	s ə b t r æ k t ə d	s æ n ɪ t a ɪ z ə d	0	0	reg_d	reg_d	reg_əd
model_sep	f r a ɪ t ə n	f r a ɪ t ə n d	f r a ɪ t ə n d	f ʌ ŋ k ʃ ə n	f ʌ ŋ k ʃ ə n d	f ʌ ŋ k ʃ ə n d	f r a ɪ t ə n d	1	1	reg_d	reg_d	reg_d
model_sep	o ʊ v ɹ̩ k ə m	o ʊ v ɹ̩ k e ɪ m	o ʊ v ɹ̩ k ə m d	o ʊ v ɹ̩ s t e ɪ	o ʊ v ɹ̩ s t e ɪ d	o ʊ v ɹ̩ s t e ɪ d	o ʊ v ɹ̩ k ə m d	1	0	vowel_change	reg_d	reg_d
model_sep	p ɛ p ɹ̩	p ɛ p ɹ̩ d	p ɛ p ɹ̩ d	p ɪ l ɹ̩	p ɪ l ɹ̩ d	p ɪ l ɹ̩ d	p ɛ p ɹ̩ d	1	1	reg_d	reg_d	reg_d
model_sep	b ʌ d͡ʒ	b ʌ d͡ʒ d	b ʌ d͡ʒ d	b iː f	b iː f t	b iː f t	b ʌ d͡ʒ t	0	0	reg_d	reg_d	reg_t
model_sep	ɡ l ɛ r	ɡ l ɛ r d	ɡ l ɛ r d	ɡ æ ð ɹ̩	ɡ æ ð ɹ̩ d	ɡ æ ð ɹ̩ d	ɡ l ɛ r d	1	1	reg_d	reg_d	reg_d
model_sep	ə f ɔ r d	ə f ɔ r d ə d	ə f ɔ r d ə d	ə v ɔ ɪ d	ə v ɔ ɪ d ə d	ə v ɔ ɪ d ə d	ə f ɔ r d ə d	1	1	reg_əd	reg_əd	reg_əd
model_sep	s k o ʊ l d	s k o ʊ l d ə d	s k o ʊ l d ə d	s p r a ʊ t	s p r a ʊ t ə d	s p r a ʊ t ə d	s k o ʊ l d ə d	1	1	reg_əd	reg_əd	reg_əd
model_sep	s ɛ n s	s ɛ n s t	s ɛ n s t	s w ɛ t	s w ɛ t ə d	s w ɛ t ə d	s ɛ n s ə d	0	0	reg_t	reg_t	reg_əd
model_sep	ɛ m f ə s a ɪ z	ɛ m f ə s a ɪ z d	ɛ m f ə s a ɪ z d	ɛ k s ɹ̩ s a ɪ z	ɛ k s ɹ̩ s a ɪ z d	ɛ k s ɹ̩ s a ɪ z d	ɛ m f ə s a ɪ z d	1	1	reg_d	reg_d	reg_d
model_sep	l e ɪ b ə l	l e ɪ b ə l d	l e ɪ b ə l d	l uː s ə n	l uː s ə n d	l uː s ə n d	l e ɪ b ə l d	1	1	reg_d	reg_d	reg_d
model_sep	b a ʊ	b a ʊ d	b ɔ t	b a ɪ	b ɔ t	b ɔ t	NA	0	0	reg_d	vowel_change_suffix	vowel_change_suffix
model_sep	b ʌ n t͡ʃ	b ʌ n t͡ʃ t	b ʌ n t͡ʃ t	b l iː t͡ʃ	b l iː t͡ʃ t	b l iː t͡ʃ t	b ʌ n t͡ʃ t	1	1	reg_t	reg_t	reg_t
model_sep	t ɛ r ə r a ɪ z	t ɛ r ə r a ɪ z d	t ɛ r ə r a ɪ z d	t r æ n z m ɪ t	t r æ n z m ɪ t ə d	t r æ n z m ɪ t ə d	t ɛ r ə r a ɪ z ə d	0	0	reg_d	reg_d	reg_əd
model_sep	ɡ r æ v ə t e ɪ t	ɡ r æ v ə t e ɪ t ə d	ɡ r æ v ə t e ɪ t ə d	ɡ r ʌ m b ə l	ɡ r ʌ m b ə l d	ɡ r ʌ m b ə l d	ɡ r æ v ə t e ɪ t d	0	0	reg_əd	reg_əd	reg_d
model_sep	b l æ s t	b l æ s t ə d	b l æ s t ə d	b o ʊ s t	b o ʊ s t ə d	b o ʊ s t ə d	b l æ s t ə d	1	1	reg_əd	reg_əd	reg_əd
model_sep	ɪ n ɪ ʃ ə l	ɪ n ɪ ʃ ə l d	ɪ n ɪ ʃ ə l d	ɪ m p l ɔ r	ɪ m p l ɔ r d	ɪ m p l ɔ r d	ɪ n ɪ ʃ ə l d	1	1	reg_d	reg_d	reg_d
model_sep	s w ɑː p	s w ɑː p t	s w ɑː p t	s w iː p	s w ɛ p t	s w ɛ p t	NA	0	0	reg_t	reg_t	vowel_change_suffix
model_sep	æ d m a ɪ ɹ̩	æ d m a ɪ ɹ̩ d	æ d m a ɪ ɹ̩ d	æ d v a ɪ z	æ d v a ɪ z d	æ d v a ɪ z d	æ d m a ɪ ɹ̩ d	1	1	reg_d	reg_d	reg_d
model_sep	s ə p ɔ r t	s ə p ɔ r t ə d	s ə p ɔ r t ə d	s ə d͡ʒ ɛ s t	s ə d͡ʒ ɛ s t ə d	s ə d͡ʒ ɛ s t ə d	s ə p ɔ r t ə d	1	1	reg_əd	reg_əd	reg_əd
model_sep	p æ m p ɹ̩	p æ m p ɹ̩ d	p æ m p ɹ̩ d	p ɪ k t͡ʃ ɹ̩	p ɪ k t͡ʃ ɹ̩ d	p ɪ k t͡ʃ ɹ̩ d	p æ m p ɹ̩ d	1	1	reg_d	reg_d	reg_d
model_sep	v ɔ ɪ s	v ɔ ɪ s t	v ɔ ɪ s t	v ɪ z ɪ t	v ɪ z ɪ t ə d	v ɪ z ɪ t ə d	v ɔ ɪ s ə d	0	0	reg_t	reg_t	reg_əd
model_sep	s k ɔ r	s k ɔ r d	s k ɔ r d	s k ɛ r	s k ɛ r d	s k ɛ r d	s k ɔ r d	1	1	reg_d	reg_d	reg_d
model_sep	d ɑː k t ɹ̩	d ɑː k t ɹ̩ d	d ɑː k t ɹ̩ d	d æ m ə d͡ʒ	d æ m ə d͡ʒ d	d æ m ə d͡ʒ d	d ɑː k t ɹ̩ d	1	1	reg_d	reg_d	reg_d
model_sep	r iː v æ m p	r iː v æ m p t	r iː v æ m p t	r ɪ z ɪ s t	r ɪ z ɪ s t ə d	r ɪ z ɪ s t ə d	r iː v æ m p ə d	0	0	reg_t	reg_t	reg_əd
model_sep	l iː s	l iː s t	l iː s t	l uː s	l uː s t	l uː s t	l iː s t	1	1	reg_t	reg_t	reg_t
model_sep	s ə p r ɛ s	s ə p r ɛ s t	s ə p r ɛ s t	s p l a ɪ s	s p l a ɪ s t	s p l a ɪ s t	s ə p r ɛ s t	1	1	reg_t	reg_t	reg_t
model_sep	ə p o ʊ z	ə p o ʊ z d	ə p o ʊ z d	ə m e ɪ z	ə m e ɪ z d	ə m e ɪ z d	ə p o ʊ z d	1	1	reg_d	reg_d	reg_d
model_sep	f l ɑː p	f l ɑː p t	f l ɑː p t	f l æ p	f l æ p t	f l æ p t	f l ɑː p t	1	1	reg_t	reg_t	reg_t
model_sep	b ʌ m	b ʌ m d	b ʌ m d	b uː m	b uː m d	b uː m d	b ʌ m d	1	1	reg_d	reg_d	reg_d
model_sep	s p ɹ̩ t	s p ɹ̩ t ə d	s p ɹ̩ t ə d	s p ɪ t	s p æ t	s p æ t	NA	0	0	reg_əd	reg_əd	vowel_change
model_sep	h uː t	h uː t ə d	h uː t ə d	h ɹ̩ t	h ɹ̩ t	h ɹ̩ t	h uː t	0	0	reg_əd	reg_əd	no_change
model_sep	p ɹ̩ s	p ɹ̩ s t	p ɹ̩ s t	p iː s	p iː s t	p iː s t	p ɹ̩ s t	1	1	reg_t	reg_t	reg_t
model_sep	k l ʌ b	k l ʌ b d	k l ʌ b d	k j uː b	k j uː b d	k j uː b d	k l ʌ b d	1	1	reg_d	reg_d	reg_d
model_sep	p ɪ t iː	p ɪ t iː d	p ɪ t iː d	p r a ɪ	p r a ɪ d	p r a ɪ d	p ɪ t iː d	1	1	reg_d	reg_d	reg_d
model_sep	t r æ m p	t r æ m p t	t r æ m p t	t r ʌ m p	t r ʌ m p t	t r ʌ m p t	t r æ m p t	1	1	reg_t	reg_t	reg_t
model_sep	d͡ʒ ɛ n ɹ̩ e ɪ t	d͡ʒ ɛ n ɹ̩ e ɪ t ə d	d͡ʒ ɛ n ɹ̩ e ɪ t ə d	d͡ʒ ʌ m p	d͡ʒ ʌ m p t	d͡ʒ ʌ m p t	d͡ʒ ɛ n ɹ̩ e ɪ t t	0	0	reg_əd	reg_əd	reg_t
model_sep	t æ t ə l	t æ t ə l d	t æ t ə l d	t ɑː p ə l	t ɑː p ə l d	t ɑː p ə l d	t æ t ə l d	1	1	reg_d	reg_d	reg_d
model_sep	f ʌ m b ə l	f ʌ m b ə l d	f ʌ m b ə l d	f l e ɪ v ɹ̩	f l e ɪ v ɹ̩ d	f l e ɪ v ɹ̩ d	f ʌ m b ə l d	1	1	reg_d	reg_d	reg_d
model_sep	s t æ ʃ	s t æ ʃ t	s t æ ʃ t	s m æ ʃ	s m æ ʃ t	s m æ ʃ t	s t æ ʃ t	1	1	reg_t	reg_t	reg_t
model_sep	ɪ n s ɪ s t	ɪ n s ɪ s t ə d	ɪ n s ɪ s t ə d	ɪ ɡ z ɪ s t	ɪ ɡ z ɪ s t ə d	ɪ ɡ z ɪ s t ə d	ɪ n s ɪ s t ə d	1	1	reg_əd	reg_əd	reg_əd
model_sep	ɪ ɡ z æ m ɪ n	ɪ ɡ z æ m ɪ n d	ɪ ɡ z æ m ɪ n d	ɪ m p a ʊ n d	ɪ m p a ʊ n d ə d	ɪ m p a ʊ n d ə d	ɪ ɡ z æ m ɪ n ə d	0	0	reg_d	reg_d	reg_əd
model_sep	b l ɑː s ə m	b l ɑː s ə m d	b l ɑː s ə m d	b ɪ h e ɪ v	b ɪ h e ɪ v d	b ɪ h e ɪ v d	b l ɑː s ə m d	1	1	reg_d	reg_d	reg_d
model_sep	r o ʊ p	r o ʊ p t	r o ʊ p t	r ɛ n t	r ɛ n t ə d	r ɛ n t ə d	r o ʊ p ə d	0	0	reg_t	reg_t	reg_əd
model_sep	p ɪ ŋ	p ɪ ŋ d	p ɪ ŋ d	p ʊ ʃ	p ʊ ʃ t	p ʊ ʃ t	p ɪ ŋ t	0	0	reg_d	reg_d	reg_t
model_sep	v o ʊ t	v o ʊ t ə d	v o ʊ t ə d	v ɛ r iː	v ɛ r iː d	v ɛ r iː d	v o ʊ t d	0	0	reg_əd	reg_əd	reg_d
model_sep	n iː r	n iː r d	n iː r d	n ɑː d	n ɑː d ə d	n ɑː d ə d	n iː r ə d	0	0	reg_d	reg_d	reg_əd
model_sep	t r ʌ s t	t r ʌ s t ə d	t r ʌ s t ə d	t o ʊ s t	t o ʊ s t ə d	t o ʊ s t ə d	t r ʌ s t ə d	1	1	reg_əd	reg_əd	reg_əd
model_sep	ɪ n t ɹ̩ s p ɹ̩ s	ɪ n t ɹ̩ s p ɹ̩ s t	ɪ n t ɹ̩ s p ɹ̩ s t ɹ̩ s t ɹ̩ t ɹ̩ t	ɪ n t r ə d uː s	ɪ n t r ə d uː s t	ɪ n t r ə d uː s t	ɪ n t ɹ̩ s p ɹ̩ s t	0	1	reg_t	other	reg_t
model_sep	s w uː p	s w uː p t	s w uː p t	s w iː p	s w ɛ p t	s w ɛ p t	NA	0	0	reg_t	reg_t	vowel_change_suffix
model_sep	d͡ʒ e ɪ l	d͡ʒ e ɪ l d	d͡ʒ e ɪ l d	d͡ʒ ɔ ɪ n	d͡ʒ ɔ ɪ n d	d͡ʒ ɔ ɪ n d	d͡ʒ e ɪ l d	1	1	reg_d	reg_d	reg_d
model_sep	f e ɪ l	f e ɪ l d	f e ɪ l d	f a ɪ l	f a ɪ l d	f a ɪ l d	f e ɪ l d	1	1	reg_d	reg_d	reg_d
model_sep	b ʊ k	b ʊ k t	b ʊ k t	b iː f	b iː f t	b iː f t	b ʊ k t	1	1	reg_t	reg_t	reg_t
model_sep	s ɪ f t	s ɪ f t ə d	s ɪ f t ə d	s p ɑː t	s p ɑː t ə d	s p ɑː t ə d	s ɪ f t ə d	1	1	reg_əd	reg_əd	reg_əd
model_sep	k a ʊ t͡ʃ	k a ʊ t͡ʃ t	k a ʊ t͡ʃ t	k ɑː r v	k ɑː r v d	k ɑː r v d	k a ʊ t͡ʃ d	0	0	reg_t	reg_t	reg_d
model_sep	f r ʌ n t	f r ʌ n t ə d	f r ʌ n t ə d	f e ɪ n t	f e ɪ n t ə d	f e ɪ n t ə d	f r ʌ n t ə d	1	1	reg_əd	reg_əd	reg_əd
model_sep	p r ə d uː s	p r ə d uː s t	p r ə d uː s t	p ʌ b l ɪ ʃ	p ʌ b l ɪ ʃ t	p ʌ b l ɪ ʃ t	p r ə d uː s t	1	1	reg_t	reg_t	reg_t
model_sep	ʃ e ɪ d	ʃ e ɪ d ə d	ʃ e ɪ d ə d	ʃ iː l d	ʃ iː l d ə d	ʃ iː l d ə d	ʃ e ɪ d ə d	1	1	reg_əd	reg_əd	reg_əd
model_sep	d r ɛ n t͡ʃ	d r ɛ n t͡ʃ t	d r ɛ n t͡ʃ t	d ɹ̩ a ɪ v	d ɹ̩ a ɪ v d	d ɹ̩ a ɪ v d	d r ɛ n t͡ʃ d	0	0	reg_t	reg_t	reg_d
model_sep	s p l æ t ɹ̩	s p l æ t ɹ̩ d	s p l æ t ɹ̩ d	s ə b m ɹ̩ d͡ʒ	s ə b m ɹ̩ d͡ʒ d	s ə b m ɹ̩ d͡ʒ d	s p l æ t ɹ̩ d	1	1	reg_d	reg_d	reg_d
model_sep	r iː v j uː	r iː v j uː d	r iː v j uː d	r o ʊ s t	r o ʊ s t ə d	r o ʊ s t ə d	r iː v j uː ə d	0	0	reg_d	reg_d	reg_əd
model_sep	b ɔ r	b ɔ r d	b ɔ r d	b ɛ r	b o ʊ r	b o ʊ r	NA	0	0	reg_d	reg_d	vowel_change
model_sep	s iː t	s iː t ə d	s iː t ə d	s ɛ t	s ɛ t	s ɛ t	s iː t	0	0	reg_əd	reg_əd	no_change
model_sep	b ɛ d	b ɛ d ə d	b ɛ d	b iː d	b iː d ə d	b iː d ə d	b ɛ d ə d	0	1	reg_əd	no_change	reg_əd
model_sep	ə n s iː t	ə n s iː t ə d	ə n s iː t ə d	ə w e ɪ t	ə w e ɪ t ə d	ə w e ɪ t ə d	ə n s iː t ə d	1	1	reg_əd	reg_əd	reg_əd
model_sep	m ʌ f ə l	m ʌ f ə l d	m ʌ f ə l d	m ʌ s ə l	m ʌ s ə l d	m ʌ s ə l d	m ʌ f ə l d	1	1	reg_d	reg_d	reg_d
model_sep	s t ʌ m p	s t ʌ m p t	s t ʌ m p t	s t ɑː m p	s t ɑː m p t	s t ɑː m p t	s t ʌ m p t	1	1	reg_t	reg_t	reg_t
model_sep	t r æ n s p l æ n t	t r æ n s p l æ n t ə d	t r æ n s t ə n æ n s t	t r æ n z m ɪ t	t r æ n z m ɪ t ə d	t r æ n z m ɪ t ə d	t r æ n s p l æ n t ə d	0	1	reg_əd	other	reg_əd
model_sep	v ɪ ʒ w ə l a ɪ z	v ɪ ʒ w ə l a ɪ z d	v ɪ v ə l a ɪ z	v e ɪ k e ɪ ʃ ə n	v e ɪ k e ɪ ʃ ə n d	v e ɪ k e ɪ ʃ ə n d	v ɪ ʒ w ə l a ɪ z d	0	1	reg_d	other	reg_d
model_sep	ɡ æ l ə p	ɡ æ l ə p t	ɡ æ l ə p t	ɡ r æ s p	ɡ r æ s p t	ɡ r æ s p t	ɡ æ l ə p t	1	1	reg_t	reg_t	reg_t
model_sep	s ʌ l iː	s ʌ l iː d	s ʌ l iː d	s k ɹ̩ iː	s k ɹ̩ iː d	s k ɹ̩ iː d	s ʌ l iː d	1	1	reg_d	reg_d	reg_d
model_sep	ə n f o ʊ l d	ə n f o ʊ l d ə d	ə n f o ʊ l d ə d	ə n w a ɪ n d	ə n w a ʊ n d	ə n w a ʊ n d	NA	0	0	reg_əd	reg_əd	vowel_change
model_sep	w iː	w iː d	w iː d	w uː	w uː d	w uː d	w iː d	1	1	reg_d	reg_d	reg_d
model_sep	ɪ m ə t e ɪ t	ɪ m ə t e ɪ t ə d	ɪ m ə t e ɪ t ə d	ɪ r ɪ t e ɪ t	ɪ r ɪ t e ɪ t ə d	ɪ r ɪ t e ɪ t ə d	ɪ m ə t e ɪ t ə d	1	1	reg_əd	reg_əd	reg_əd
model_sep	s w ɹ̩ v	s w ɹ̩ v d	s w ɹ̩ v d	s ɑː l v	s ɑː l v d	s ɑː l v d	s w ɹ̩ v d	1	1	reg_d	reg_d	reg_d
model_sep	h iː p	h iː p t	h iː p t	h ɑː p	h ɑː p t	h ɑː p t	h iː p t	1	1	reg_t	reg_t	reg_t
model_sep	r iː f j uː ə l	r iː f j uː ə l d	r iː f j uː ə l d	r ɪ m ɛ m b ɹ̩	r ɪ m ɛ m b ɹ̩ d	r ɪ m ɛ m b ɹ̩ d	r iː f j uː ə l d	1	1	reg_d	reg_d	reg_d
model_sep	t͡ʃ æ n t	t͡ʃ æ n t ə d	t͡ʃ æ n t ə d	t͡ʃ ɑː r d͡ʒ	t͡ʃ ɑː r d͡ʒ d	t͡ʃ ɑː r d͡ʒ d	t͡ʃ æ n t d	0	0	reg_əd	reg_əd	reg_d
model_sep	ɡ r o ʊ s	ɡ r o ʊ s t	ɡ r o ʊ s t	ɡ r e ɪ s	ɡ r e ɪ s t	ɡ r e ɪ s t	ɡ r o ʊ s t	1	1	reg_t	reg_t	reg_t
model_sep	o ʊ v ɹ̩ f l o ʊ	o ʊ v ɹ̩ f l o ʊ d	o ʊ v ɹ̩ f l o ʊ d	o ʊ v ɹ̩ s t e ɪ	o ʊ v ɹ̩ s t e ɪ d	o ʊ v ɹ̩ s t e ɪ d	o ʊ v ɹ̩ f l o ʊ d	1	1	reg_d	reg_d	reg_d
model_sep	s ɔ f ə n	s ɔ f ə n d	s ɔ f ə n d	s t e ɪ n	s t e ɪ n d	s t e ɪ n d	s ɔ f ə n d	1	1	reg_d	reg_d	reg_d
model_sep	ə t ɛ m p t	ə t ɛ m p t ə d	ə t ɛ m p t ə d	ə t r æ k t	ə t r æ k t ə d	ə t r æ k t ə d	ə t ɛ m p t ə d	1	1	reg_əd	reg_əd	reg_əd
model_sep	r ə f ɹ̩	r ə f ɹ̩ d	r ə f ɹ̩ d	r ɛ n t	r ɛ n t ə d	r ɛ n t ə d	r ə f ɹ̩ ə d	0	0	reg_d	reg_d	reg_əd
model_sep	s m iː r	s m iː r d	s m iː r d	s p ɛ r	s p ɛ r d	s p ɛ r d	s m iː r d	1	1	reg_d	reg_d	reg_d
model_sep	ɪ m p r uː v	ɪ m p r uː v d	ɪ m p r uː v d	ɪ n v ɑː l v	ɪ n v ɑː l v d	ɪ n v ɑː l v d	ɪ m p r uː v d	1	1	reg_d	reg_d	reg_d
model_sep	ɡ r o ʊ n	ɡ r o ʊ n d	ɡ r o ʊ n d	ɡ ɪ ɡ ə l	ɡ ɪ ɡ ə l d	ɡ ɪ ɡ ə l d	ɡ r o ʊ n d	1	1	reg_d	reg_d	reg_d
model_sep	s a ɪ k ə l	s a ɪ k ə l d	s a ɪ k ə l d	s p ɛ k ə l	s p ɛ k ə l d	s p ɛ k ə l d	s a ɪ k ə l d	1	1	reg_d	reg_d	reg_d
model_sep	f o ʊ k ə s	f o ʊ k ə s t	f o ʊ k ə s t	f l e ɪ v ɹ̩	f l e ɪ v ɹ̩ d	f l e ɪ v ɹ̩ d	f o ʊ k ə s d	0	0	reg_t	reg_t	reg_d
model_sep	b ɑː s	b ɑː s t	b ɑː s t	b æ ʃ	b æ ʃ t	b æ ʃ t	b ɑː s t	1	1	reg_t	reg_t	reg_t
model_sep	ʃ r ɛ d	ʃ r ɛ d ə d	ʃ r ɛ d ə d	ʃ iː l d	ʃ iː l d ə d	ʃ iː l d ə d	ʃ r ɛ d ə d	1	1	reg_əd	reg_əd	reg_əd
model_sep	o ʊ v ɹ̩ d uː	o ʊ v ɹ̩ d ɪ d	o ʊ v ɹ̩ d uː d	o ʊ p ə n	o ʊ p ə n d	o ʊ p ə n d	o ʊ v ɹ̩ d uː d	1	0	vowel_change_suffix	reg_d	reg_d
model_sep	s k iː	s k iː d	s k iː d	s e ɪ	s ɛ d	s ɛ d	NA	0	0	reg_d	reg_d	vowel_change_suffix
model_sep	k ə n t e ɪ n	k ə n t e ɪ n d	k ə n t e ɪ n d	k w ɛ s t͡ʃ ə n	k w ɛ s t͡ʃ ə n d	k w ɛ s t͡ʃ ə n d	k ə n t e ɪ n d	1	1	reg_d	reg_d	reg_d
model_sep	n æ v ə ɡ e ɪ t	n æ v ə ɡ e ɪ t ə d	n æ v ə ɡ e ɪ t ə d	n ə ɡ l ɛ k t	n ə ɡ l ɛ k t ə d	n ə ɡ l ɛ k t ə d	n æ v ə ɡ e ɪ t ə d	1	1	reg_əd	reg_əd	reg_əd
model_sep	r ɪ p ɛ l	r ɪ p ɛ l d	r ɪ p ɛ l	r ɛ s ə l	r ɛ s ə l d	r ɛ s ə l d	r ɪ p ɛ l d	0	1	reg_d	no_change	reg_d
model_sep	m ʌ t ɹ̩	m ʌ t ɹ̩ d	m ʌ t ɹ̩ d	m æ t ɹ̩	m æ t ɹ̩ d	m æ t ɹ̩ d	m ʌ t ɹ̩ d	1	1	reg_d	reg_d	reg_d
model_sep	b r iː d	b r ɛ d	b r iː d ə d	b r ɛ d	b r ɛ d ə d	b r ɛ d ə d	b r iː d ə d	1	0	vowel_change	reg_əd	reg_əd
model_sep	t æ l iː	t æ l iː d	t æ l iː d	t r a ɪ	t r a ɪ d	t r a ɪ d	t æ l iː d	1	1	reg_d	reg_d	reg_d
model_sep	m æ ɡ n ə f a ɪ	m æ ɡ n ə f a ɪ d	m æ ɡ n ə f a ɪ d	m ɛ z m ɹ̩ a ɪ z	m ɛ z m ɹ̩ a ɪ z d	m ɛ z m ɹ̩ a ɪ z d	m æ ɡ n ə f a ɪ d	1	1	reg_d	reg_d	reg_d
model_sep	w e ɪ d	w e ɪ d ə d	w e ɪ d ə d	w a ɪ ɹ̩	w a ɪ ɹ̩ d	w a ɪ ɹ̩ d	w e ɪ d d	0	0	reg_əd	reg_əd	reg_d
model_sep	l æ p	l æ p t	l æ p t	l iː p	l ɛ p t	l ɛ p t	NA	0	0	reg_t	reg_t	vowel_change_suffix
model_sep	l ɑː p	l ɑː p t	l ɑː p t	l iː p	l ɛ p t	l ɛ p t	NA	0	0	reg_t	reg_t	vowel_change_suffix
model_sep	b ɑː m	b ɑː m d	b ɑː m d	b uː m	b uː m d	b uː m d	b ɑː m d	1	1	reg_d	reg_d	reg_d
model_sep	ə b z ɹ̩ v	ə b z ɹ̩ v d	ə b z ɹ̩ v d	ə m e ɪ z	ə m e ɪ z d	ə m e ɪ z d	ə b z ɹ̩ v d	1	1	reg_d	reg_d	reg_d
model_sep	w iː n	w iː n d	w iː n d	w ɪ n	w ɪ n d	w ʌ n	w iː n d	1	1	reg_d	reg_d	reg_d
model_sep	r iː r	r iː r d	r iː r d	r ɔ r	r ɔ r d	r ɔ r d	r iː r d	1	1	reg_d	reg_d	reg_d
model_sep	r æ ʃ ə n	r æ ʃ ə n d	r æ ʃ ə n d	r ɪ t ɹ̩ n	r ɪ t ɹ̩ n d	r ɪ t ɹ̩ n d	r æ ʃ ə n d	1	1	reg_d	reg_d	reg_d
model_sep	ə d ɪ k t	ə d ɪ k t ə d	ə d ɪ k t ə d	ə d ɑː p t	ə d ɑː p t ə d	ə d ɑː p t ə d	ə d ɪ k t ə d	1	1	reg_əd	reg_əd	reg_əd
model_sep	b ʌ n d ə l	b ʌ n d ə l d	b ʌ n d ə l d	b l ɪ s t ɹ̩	b l ɪ s t ɹ̩ d	b l ɪ s t ɹ̩ d	b ʌ n d ə l d	1	1	reg_d	reg_d	reg_d
model_sep	m ə t j ʊ r	m ə t j ʊ r d	m ə t j ʊ r d	m ɑː r b ə l	m ɑː r b ə l d	m ɑː r b ə l d	m ə t j ʊ r d	1	1	reg_d	reg_d	reg_d
model_sep	f l ɹ̩ t	f l ɹ̩ t ə d	f l ɹ̩ t ə d	f r ɛ t	f r ɛ t ə d	f r ɛ t ə d	f l ɹ̩ t ə d	1	1	reg_əd	reg_əd	reg_əd
model_sep	ɪ n k ɔ r p ɹ̩ e ɪ t	ɪ n k ɔ r p ɹ̩ e ɪ t ə d	ɪ n p ɹ̩ r e ɪ t ə d	ɪ v æ p ɹ̩ e ɪ t	ɪ v æ p ɹ̩ e ɪ t ə d	ɪ v æ p ɹ̩ e ɪ t ə d	ɪ n k ɔ r p ɹ̩ e ɪ t ə d	0	1	reg_əd	other	reg_əd
model_sep	f r ʌ s t r e ɪ t	f r ʌ s t r e ɪ t ə d	f r ʌ s t r e ɪ t ə d	f ɪ k s e ɪ t	f ɪ k s e ɪ t ə d	f ɪ k s e ɪ t ə d	f r ʌ s t r e ɪ t ə d	1	1	reg_əd	reg_əd	reg_əd
model_sep	d ɪ f a ɪ n	d ɪ f a ɪ n d	d ɪ f a ɪ n d	d ɪ z a ɪ n	d ɪ z a ɪ n d	d ɪ z a ɪ n d	d ɪ f a ɪ n d	1	1	reg_d	reg_d	reg_d
model_sep	b r e ɪ v	b r e ɪ v d	b r e ɪ v d	b ɪ l iː v	b ɪ l iː v d	b ɪ l iː v d	b r e ɪ v d	1	1	reg_d	reg_d	reg_d
model_sep	ɪ n k w a ɪ ɹ̩	ɪ n k w a ɪ ɹ̩ d	ɪ n k w a ɪ ɹ̩ d	ɪ k s p a ɪ ɹ̩	ɪ k s p a ɪ ɹ̩ d	ɪ k s p a ɪ ɹ̩ d	ɪ n k w a ɪ ɹ̩ d	1	1	reg_d	reg_d	reg_d
model_sep	b ʌ s	b ʌ s t	b ʌ s t	b æ ʃ	b æ ʃ t	b æ ʃ t	b ʌ s t	1	1	reg_t	reg_t	reg_t
model_sep	p ə z ɪ ʃ ə n	p ə z ɪ ʃ ə n d	p ə z ɪ ʃ ə n d	p ə t ɪ ʃ ə n	p ə t ɪ ʃ ə n d	p ə t ɪ ʃ ə n d	p ə z ɪ ʃ ə n d	1	1	reg_d	reg_d	reg_d
model_mean	iː t	e ɪ t	iː t ə t	r iː ə p iː r	r iː ə p iː r d	r iː ə p iː r d	iː t d	0	0	vowel_change	other	reg_d
model_mean	m e ɪ k	m e ɪ d	m e ɪ k t	m e ɪ t	m e ɪ t ə d	m e ɪ t ə d	m e ɪ k ə d	0	0	coda_change	reg_t	reg_əd
model_mean	n o ʊ	n uː	n o ʊ d	n o ʊ z	n o ʊ z d	n o ʊ z d	n o ʊ d	1	0	vowel_change	reg_d	reg_d
model_mean	f ɔ l	f ɛ l	f ɔ l d	f ɪ l	f ɪ l d	f ɪ l d	f ɔ l d	1	0	vowel_change	reg_d	reg_d
model_mean	b r ɪ ŋ	b r ɔ t	b r ɪ ŋ	b r ɪ d͡ʒ	b r ɪ d͡ʒ d	b r ɪ d͡ʒ d	b r ɪ ŋ d	0	0	rhyme_replaced	no_change	reg_d
model_mean	s t ɑː r t	s t ɑː r t ə d	s t ɑː r t ə d	s t ɑː m p	s t ɑː m p t	s t ɑː m p t	s t ɑː r t t	0	0	reg_əd	reg_əd	reg_t
model_mean	t e ɪ k	t ʊ k	t e ɪ k t	t e ɪ p	t e ɪ p t	t e ɪ p t	t e ɪ k t	1	0	vowel_change	reg_t	reg_t
model_mean	h e ɪ t	h e ɪ t ə d	h e ɪ t ə d	e ɪ k	e ɪ k t	e ɪ k t	h e ɪ t t	0	0	reg_əd	reg_əd	reg_t
model_mean	r a ɪ t	r o ʊ t	r o ʊ t ə d	r a ɪ m	r a ɪ m d	r a ɪ m d	r a ɪ t d	0	0	vowel_change	other	reg_d
model_mean	f ɪ t	f ɪ t	f ɪ t ə d	f ɪ ʃ	f ɪ ʃ t	f ɪ ʃ t	f ɪ t t	0	0	no_change	reg_əd	reg_t
model_mean	d a ɪ n	d a ɪ n d	d a ɪ n d	d a ɪ v	d a ɪ v d	d o ʊ v	d a ɪ n d	1	1	reg_d	reg_d	reg_d
model_mean	m ɪ s	m ɪ s t	m ɪ s t	m ɪ k s	m ɪ k s t	m ɪ k s t	m ɪ s t	1	1	reg_t	reg_t	reg_t
model_mean	n ɑː k	n ɑː k t	n ɑː k t	n ɑː d	n ɑː d ə d	n ɑː d ə d	n ɑː k ə d	0	0	reg_t	reg_t	reg_əd
model_mean	n iː d	n iː d ə d	n iː d ə d	n ɑː d	n ɑː d ə d	n ɑː d ə d	n iː d ə d	1	1	reg_əd	reg_əd	reg_əd
model_mean	m uː v	m uː v d	m uː v d	m æ t͡ʃ	m æ t͡ʃ t	m æ t͡ʃ t	m uː v t	0	0	reg_d	reg_d	reg_t
model_mean	f l ɪ p	f l ɪ p t	f l ɪ p t	f l æ p	f l æ p t	f l æ p t	f l ɪ p t	1	1	reg_t	reg_t	reg_t
model_mean	r ɛ d iː	r ɛ d iː d	r ɛ d iː d	r ɛ n t	r ɛ n t ə d	r ɛ n t ə d	r ɛ d iː ə d	0	0	reg_d	reg_d	reg_əd
model_mean	z ɪ p	z ɪ p t	z ɪ p t	z ɪ p ɹ̩	z ɪ p ɹ̩ d	z ɪ p ɹ̩ d	z ɪ p d	0	0	reg_t	reg_t	reg_d
model_mean	f a ɪ t	f ɔ t	f a ɪ t ə d	f a ɪ n	f a ɪ n d	f a ɪ n d	f a ɪ t d	0	0	vowel_change	reg_əd	reg_d
model_mean	k æ t͡ʃ	k ɔ t	k æ t͡ʃ t	k æ ʃ	k æ ʃ t	k æ ʃ t	k æ t͡ʃ t	1	0	rhyme_replaced	reg_t	reg_t
model_mean	f l o ʊ t	f l o ʊ t ə d	f l o ʊ t ə d	f l o ʊ	f l o ʊ d	f l o ʊ d	f l o ʊ t d	0	0	reg_əd	reg_əd	reg_d
model_mean	w ɪ ʃ	w ɪ ʃ t	w ɪ ʃ t	w ɪ p	w ɪ p t	w ɪ p t	w ɪ ʃ t	1	1	reg_t	reg_t	reg_t
model_mean	ʃ e ɪ k	ʃ ʊ k	ʃ e ɪ k t	ʃ e ɪ p	ʃ e ɪ p t	ʃ e ɪ p t	ʃ e ɪ k t	1	0	vowel_change	reg_t	reg_t
model_mean	k ɪ k	k ɪ k t	k ɪ k t	k ɪ s	k ɪ s t	k ɪ s t	k ɪ k t	1	1	reg_t	reg_t	reg_t
model_mean	t͡ʃ e ɪ n d͡ʒ	t͡ʃ e ɪ n d͡ʒ d	t͡ʃ e ɪ n d͡ʒ d	t͡ʃ e ɪ n	t͡ʃ e ɪ n d	t͡ʃ e ɪ n d	t͡ʃ e ɪ n d͡ʒ d	1	1	reg_d	reg_d	reg_d
model_mean	θ r o ʊ	θ r uː	θ r o ʊ d	o ʊ	o ʊ d	o ʊ d	θ r o ʊ d	1	0	vowel_change	reg_d	reg_d
model_mean	b æ k	b æ k t	b æ k t	b æ ʃ	b æ ʃ t	b æ ʃ t	b æ k t	1	1	reg_t	reg_t	reg_t
model_mean	f l æ ʃ	f l æ ʃ t	f l æ ʃ t	f l æ p	f l æ p t	f l æ p t	f l æ ʃ t	1	1	reg_t	reg_t	reg_t
model_mean	ɡ r o ʊ	ɡ r uː	ɡ r o ʊ d	ɡ o ʊ	w ɛ n t	w ɛ n t	NA	0	0	vowel_change	reg_d	other
model_mean	s m a ɪ l	s m a ɪ l d	s m a ɪ l d	s m ʌ d͡ʒ	s m ʌ d͡ʒ d	s m ʌ d͡ʒ d	s m a ɪ l d	1	1	reg_d	reg_d	reg_d
model_mean	s t ɑː p	s t ɑː p t	s t ɑː p t	s t ɑː k	s t ɑː k t	s t ɑː k t	s t ɑː p t	1	1	reg_t	reg_t	reg_t
model_mean	s t ɹ̩	s t ɹ̩ d	s t ɹ̩ d	s t uː	s t uː d	s t uː d	s t ɹ̩ d	1	1	reg_d	reg_d	reg_d
model_mean	t͡ʃ uː	t͡ʃ uː d	t͡ʃ o ʊ t͡ʃ t	t͡ʃ uː z	t͡ʃ o ʊ z	t͡ʃ o ʊ z	NA	0	0	reg_d	rhyme_replaced	vowel_change
model_mean	d r ɛ s	d r ɛ s t	d r ɛ s t	d r ɔ	d r uː	d r uː	NA	0	0	reg_t	reg_t	vowel_change
model_mean	ə n d ɹ̩ s t æ n d	ə n d ɹ̩ s t ʊ d	ə n d ɹ̩ s t æ n d	ʌ n d ɹ̩ ɛ s t ə m e ɪ t	ʌ n d ɹ̩ ɛ s t ə m e ɪ t ə d	ʌ n d ɹ̩ ɛ s t ə m e ɪ t ə d	ə n d ɹ̩ s t æ n d ə d	0	0	rhyme_replaced	no_change	reg_əd
model_mean	t͡ʃ e ɪ s	t͡ʃ e ɪ s t	t͡ʃ e ɪ s t	t͡ʃ e ɪ n	t͡ʃ e ɪ n d	t͡ʃ e ɪ n d	t͡ʃ e ɪ s d	0	0	reg_t	reg_t	reg_d
model_mean	h ʌ ɡ	h ʌ ɡ d	h ʌ ɡ d	h ʌ f	h ʌ f t	h ʌ f t	h ʌ ɡ t	0	0	reg_d	reg_d	reg_t
model_mean	h ɪ t	h ɪ t	h ɪ t	h iː t	h iː t ə d	h iː t ə d	h ɪ t ə d	0	0	no_change	no_change	reg_əd
model_mean	h æ m ɹ̩	h æ m ɹ̩ d	h æ m ɹ̩ d	h æ v	h æ d	h æ d	NA	0	0	reg_d	reg_d	coda_change
model_mean	w a ɪ n d	w a ɪ n d ə d	w a ʊ n d	w a ɪ t	w a ɪ t ə d	w a ɪ t ə d	w a ɪ n d ə d	0	1	reg_əd	vowel_change	reg_əd
model_mean	k ə n s t r ʌ k t	k ə n s t r ʌ k t ə d	k ə n s t r ʌ k t ə d	k ə n d ʌ k t	k ə n d ʌ k t ə d	k ə n d ʌ k t ə d	k ə n s t r ʌ k t ə d	1	1	reg_əd	reg_əd	reg_əd
model_mean	m iː t	m ɛ t	m iː t ə d	m ɑː p	m ɑː p t	m ɑː p t	m iː t t	0	0	vowel_change	reg_əd	reg_t
model_mean	s w ɪ ʃ	s w ɪ ʃ t	s w ɪ ʃ t	s w ɛ t	s w ɛ t ə d	s w ɛ t ə d	s w ɪ ʃ ə d	0	0	reg_t	reg_t	reg_əd
model_mean	s k w iː z	s k w iː z d	s k w iː z d	s k w ɛ r	s k w ɛ r d	s k w ɛ r d	s k w iː z d	1	1	reg_d	reg_d	reg_d
model_mean	t͡ʃ ʌ ɡ	t͡ʃ ʌ ɡ d	t͡ʃ ʌ ɡ d	t͡ʃ ɹ̩ n	t͡ʃ ɹ̩ n d	t͡ʃ ɹ̩ n d	t͡ʃ ʌ ɡ d	1	1	reg_d	reg_d	reg_d
model_mean	b r æ n t͡ʃ	b r æ n t͡ʃ t	b r æ n t͡ʃ t	b r æ n d	b r æ n d ə d	b r æ n d ə d	b r æ n t͡ʃ ə d	0	0	reg_t	reg_t	reg_əd
model_mean	n o ʊ t ɪ s	n o ʊ t ɪ s t	n o ʊ t ɪ s t	n o ʊ t	n o ʊ t ə d	n o ʊ t ə d	n o ʊ t ɪ s ə d	0	0	reg_t	reg_t	reg_əd
model_mean	b e ɪ k	b e ɪ k t	b e ɪ k t	b e ɪ s	b e ɪ s t	b e ɪ s t	b e ɪ k t	1	1	reg_t	reg_t	reg_t
model_mean	s n æ p	s n æ p t	s n æ p t	s n æ k	s n æ k t	s n æ k t	s n æ p t	1	1	reg_t	reg_t	reg_t
model_mean	s w ɪ m	s w æ m	s w ɪ m d	s w a ɪ p	s w a ɪ p t	s w a ɪ p t	s w ɪ m t	0	0	vowel_change	reg_d	reg_t
model_mean	ʃ ʌ t ə l	ʃ ʌ t ə l d	ʃ ʌ t ə l d	ʃ ʌ t	ʃ ʌ t	ʃ ʌ t	ʃ ʌ t ə l	0	0	reg_d	reg_d	no_change
model_mean	ə p r iː ʃ iː e ɪ t	ə p r iː ʃ iː e ɪ t ə d	ə p r iː ʃ iː e ɪ t ə d	p r ə n a ʊ n s	p r ə n a ʊ n s t	p r ə n a ʊ n s t	ə p r iː ʃ iː e ɪ t t	0	0	reg_əd	reg_əd	reg_t
model_mean	s m uː ð	s m uː ð d	s m uː ð d	s m ʌ d͡ʒ	s m ʌ d͡ʒ d	s m ʌ d͡ʒ d	s m uː ð d	1	1	reg_d	reg_d	reg_d
model_mean	s t ɛ r	s t ɛ r d	s t ɛ r d	s t ɛ p	s t ɛ p t	s t ɛ p t	s t ɛ r t	0	0	reg_d	reg_d	reg_t
model_mean	k ɑː s t uː m	k ɑː s t uː m d	k ɑː s t uː m d	k ɑː s t	k ɑː s t	k ɑː s t	k ɑː s t uː m	0	0	reg_d	reg_d	no_change
model_mean	ɡ uː f	ɡ uː f t	ɡ uː f t	ɡ l uː	ɡ l uː d	ɡ l uː d	ɡ uː f d	0	0	reg_t	reg_t	reg_d
model_mean	d r a ʊ n	d r a ʊ n d	d r a ʊ n d	d r a ɪ	d r a ɪ d	d r a ɪ d	d r a ʊ n d	1	1	reg_d	reg_d	reg_d
model_mean	n ɹ̩ s	n ɹ̩ s t	n ɹ̩ s t	n ɹ̩ ɪ ʃ	n ɹ̩ ɪ ʃ t	n ɹ̩ ɪ ʃ t	n ɹ̩ s t	1	1	reg_t	reg_t	reg_t
model_mean	k r a ɪ	k r a ɪ d	k r a ɪ d	k r ɔ l	k r ɔ l d	k r ɔ l d	k r a ɪ d	1	1	reg_d	reg_d	reg_d
model_mean	iː v ɪ n	iː v ɪ n d	iː v ɪ n d	v iː r	v iː r d	v iː r d	iː v ɪ n d	1	1	reg_d	reg_d	reg_d
model_mean	m a ɪ n	m a ɪ n d	m a ɪ n d	m a ʊ ð	m a ʊ ð d	m a ʊ ð d	m a ɪ n d	1	1	reg_d	reg_d	reg_d
model_mean	b ɪ ɡ ɪ n	b ɪ ɡ æ n	b ɪ ɡ e ɪ n	b l e ɪ m	b l e ɪ m d	b l e ɪ m d	b ɪ ɡ ɪ n d	0	0	vowel_change	vowel_change	reg_d
model_mean	s p æ ŋ k	s p æ ŋ k t	s p æ ŋ k t	s p ɪ t	s p æ t	s p æ t	NA	0	0	reg_t	reg_t	vowel_change
model_mean	t͡ʃ ɪ p	t͡ʃ ɪ p t	t͡ʃ ɪ p t	t͡ʃ ɛ k	t͡ʃ ɛ k t	t͡ʃ ɛ k t	t͡ʃ ɪ p t	1	1	reg_t	reg_t	reg_t
model_mean	s p iː k	s p o ʊ k	s p ɛ k t	s iː k	s ɔ t	s ɔ t	s p ɔ t	0	0	vowel_change	vowel_change_suffix	rhyme_replaced
model_mean	s w ɪ t͡ʃ	s w ɪ t͡ʃ t	s w ɪ t͡ʃ t	s w iː p	s w ɛ p t	s w ɛ p t	NA	0	0	reg_t	reg_t	vowel_change_suffix
model_mean	f a ɪ ɹ̩	f a ɪ ɹ̩ d	f a ɪ ɹ̩ d	f a ɪ l	f a ɪ l d	f a ɪ l d	f a ɪ ɹ̩ d	1	1	reg_d	reg_d	reg_d
model_mean	b ɪ l	b ɪ l d	b ɪ l d	b ɔ l	b ɔ l d	b ɔ l d	b ɪ l d	1	1	reg_d	reg_d	reg_d
model_mean	r iː m a ɪ n d	r iː m a ɪ n d ə d	r iː m a ʊ n d ə d	r iː m uː v	r iː m uː v d	r iː m uː v d	r iː m a ɪ n d d	0	0	reg_əd	other	reg_d
model_mean	s iː d	s iː d ə d	s iː d ə d	s iː p	s iː p t	s iː p t	s iː d t	0	0	reg_əd	reg_əd	reg_t
model_mean	w e ɪ v	w e ɪ v d	w e ɪ v d	w e ɪ k	w e ɪ k t	w o ʊ k	w e ɪ v t	0	0	reg_d	reg_d	reg_t
model_mean	b l uː m	b l uː m d	b l uː m d	b uː m	b uː m d	b uː m d	b l uː m d	1	1	reg_d	reg_d	reg_d
model_mean	s t ɪ ŋ	s t ʌ ŋ	s t ɪ ŋ	s t ɪ l	s t ɪ l d	s t ɪ l d	s t ɪ ŋ d	0	0	vowel_change	no_change	reg_d
model_mean	ə r a ɪ v	ə r a ɪ v d	ə r a ɪ v d	ə ɡ r iː	ə ɡ r iː d	ə ɡ r iː d	ə r a ɪ v d	1	1	reg_d	reg_d	reg_d
model_mean	b l ɛ s	b l ɛ s t	b l ɛ s t	b l ʌ ʃ	b l ʌ ʃ t	b l ʌ ʃ t	b l ɛ s t	1	1	reg_t	reg_t	reg_t
model_mean	ə r ɛ s t	ə r ɛ s t ə d	ə r ɛ s t ə d	r ə k ɔ r d	r ə k ɔ r d ə d	r ə k ɔ r d ə d	ə r ɛ s t ə d	1	1	reg_əd	reg_əd	reg_əd
model_mean	s p ɪ n	s p ʌ n	s p ɪ n d	s p ɪ l	s p ɪ l d	s p ɪ l d	s p ɪ n d	1	0	vowel_change	reg_d	reg_d
model_mean	k ə m p iː t	k ə m p iː t ə d	k ə m p iː t ə d	k ə m p l iː t	k ə m p l iː t ə d	k ə m p l iː t ə d	k ə m p iː t ə d	1	1	reg_əd	reg_əd	reg_əd
model_mean	t r e ɪ n	t r e ɪ n d	t r e ɪ n d	t r e ɪ l	t r e ɪ l d	t r e ɪ l d	t r e ɪ n d	1	1	reg_d	reg_d	reg_d
model_mean	p æ s	p æ s t	p æ s t	p æ k	p æ k t	p æ k t	p æ s t	1	1	reg_t	reg_t	reg_t
model_mean	s ɪ ŋ k	s æ ŋ k	s ɪ ŋ k t	s ɪ ŋ	s æ ŋ	s æ ŋ	NA	0	0	vowel_change	reg_t	vowel_change
model_mean	l uː p	l uː p t	l uː p t	l uː s	l uː s t	l uː s t	l uː p t	1	1	reg_t	reg_t	reg_t
model_mean	s ə l ɛ k t	s ə l ɛ k t ə d	s ə l ɛ k t ə d	s ə d͡ʒ ɛ s t	s ə d͡ʒ ɛ s t ə d	s ə d͡ʒ ɛ s t ə d	s ə l ɛ k t ə d	1	1	reg_əd	reg_əd	reg_əd
model_mean	r ɪ ŋ	r æ ŋ	r ɪ ŋ	r ɔ ŋ	r ɔ ŋ d	r ɔ ŋ d	r ɪ ŋ d	0	0	vowel_change	no_change	reg_d
model_mean	m e ɪ l	m e ɪ l d	m e ɪ l d	m e ɪ t	m e ɪ t ə d	m e ɪ t ə d	m e ɪ l ə d	0	0	reg_d	reg_d	reg_əd
model_mean	p æ t	p æ t ə d	p æ t ə d	p æ d	p æ d ə d	p æ d ə d	p æ t ə d	1	1	reg_əd	reg_əd	reg_əd
model_mean	k ɪ d	k ɪ d ə d	k ɪ d	k ɪ s	k ɪ s t	k ɪ s t	k ɪ d t	0	0	reg_əd	no_change	reg_t
model_mean	p ɑː r d ə n	p ɑː r d ə n d	p ɑː r d ə n d	p ɑː r t iː	p ɑː r t iː d	p ɑː r t iː d	p ɑː r d ə n d	1	1	reg_d	reg_d	reg_d
model_mean	s t iː r	s t iː r d	s t iː r d	s t iː l	s t o ʊ l	s t o ʊ l	NA	0	0	reg_d	reg_d	vowel_change
model_mean	f o ʊ l d	f o ʊ l d ə d	f o ʊ l d ə d	f o ʊ n	f o ʊ n d	f o ʊ n d	f o ʊ l d d	0	0	reg_əd	reg_əd	reg_d
model_mean	s n iː k	s n iː k t	s n iː k t	s n iː z	s n iː z d	s n iː z d	s n iː k d	0	0	reg_t	reg_t	reg_d
model_mean	b e ɪ l	b e ɪ l d	b e ɪ l d	b e ɪ ð	b e ɪ ð d	b e ɪ ð d	b e ɪ l d	1	1	reg_d	reg_d	reg_d
model_mean	b ɛ t ɹ̩	b ɛ t ɹ̩ d	b ɛ t ɹ̩ d	b ɛ t	b ɛ t	b ɛ t	b ɛ t ɹ̩	0	0	reg_d	reg_d	no_change
model_mean	ɡ ɑː r b ə l	ɡ ɑː r b ə l d	ɡ ɑː r b ə l d	ɡ ɑː b ə l	ɡ ɑː b ə l d	ɡ ɑː b ə l d	ɡ ɑː r b ə l d	1	1	reg_d	reg_d	reg_d
model_mean	s k w ɹ̩ t	s k w ɹ̩ t ə d	s k w ɹ̩ t ə d	s k w ɛ r	s k w ɛ r d	s k w ɛ r d	s k w ɹ̩ t d	0	0	reg_əd	reg_əd	reg_d
model_mean	b ɑː k s	b ɑː k s t	b ɑː k s t	b ɑː r k	b ɑː r k t	b ɑː r k t	b ɑː k s t	1	1	reg_t	reg_t	reg_t
model_mean	s iː l	s iː l d	s iː l d	s ɛ l	s o ʊ l d	s o ʊ l d	NA	0	0	reg_d	reg_d	vowel_change_suffix
model_mean	s p r ɛ d	s p r ɛ d	s p r ɛ d ə d	s p r a ʊ t	s p r a ʊ t ə d	s p r a ʊ t ə d	s p r ɛ d ə d	1	0	no_change	reg_əd	reg_əd
model_mean	p r ɑː m ə s	p r ɑː m ə s t	p r ɑː m ə s t	p ɑː r t iː	p ɑː r t iː d	p ɑː r t iː d	p r ɑː m ə s d	0	0	reg_t	reg_t	reg_d
model_mean	b iː t	b iː t	b iː t ə d	b iː d	b iː d ə d	b iː d ə d	b iː t ə d	1	0	no_change	reg_əd	reg_əd
model_mean	h ɪ p n ə t a ɪ z	h ɪ p n ə t a ɪ z d	h ɪ p n ə t a ɪ z d	p ɪ k ə l	p ɪ k ə l d	p ɪ k ə l d	h ɪ p n ə t a ɪ z d	1	1	reg_d	reg_d	reg_d
model_mean	s l æ p	s l æ p t	s l æ p t	s l iː p	s l ɛ p t	s l ɛ p t	NA	0	0	reg_t	reg_t	vowel_change_suffix
model_mean	b ɛ s t	b ɛ s t ə d	b ɛ s t ə d	b ɛ l t	b ɛ l t ə d	b ɛ l t ə d	b ɛ s t ə d	1	1	reg_əd	reg_əd	reg_əd
model_mean	s t æ ɡ ɹ̩	s t æ ɡ ɹ̩ d	s t æ ɡ ɹ̩ d	s t æ n d	s t ʊ d	s t ʊ d	NA	0	0	reg_d	reg_d	rhyme_replaced
model_mean	z æ p	z æ p t	z æ p t	z ɪ p ɹ̩	z ɪ p ɹ̩ d	z ɪ p ɹ̩ d	z æ p d	0	0	reg_t	reg_t	reg_d
model_mean	ə p s ɛ t	ə p s ɛ t	ə p s ɛ t	s ə p l a ɪ	s ə p l a ɪ d	s ə p l a ɪ d	ə p s ɛ t d	0	0	no_change	no_change	reg_d
model_mean	r ɛ s t	r ɛ s t ə d	r ɛ s t ə d	r ɛ n t	r ɛ n t ə d	r ɛ n t ə d	r ɛ s t ə d	1	1	reg_əd	reg_əd	reg_əd
model_mean	s p l æ ʃ	s p l æ ʃ t	s p l æ ʃ t	s p l ɪ t	s p l ɪ t	s p l ɪ t	s p l æ ʃ	0	0	reg_t	reg_t	no_change
model_mean	l a ɪ n	l a ɪ n d	l a ɪ n d	l a ɪ v	l a ɪ v d	l a ɪ v d	l a ɪ n d	1	1	reg_d	reg_d	reg_d
model_mean	ə n d uː	ə n d ɪ d	ə n d uː d	ə n r æ p	ə n r æ p t	ə n r æ p t	ə n d uː t	0	0	vowel_change_suffix	reg_d	reg_t
model_mean	p ɛ n	p ɛ n d	p ɛ n d	p ɛ ɡ	p ɛ ɡ d	p ɛ ɡ d	p ɛ n d	1	1	reg_d	reg_d	reg_d
model_mean	ɛ d ə t	ɛ d ə t ə d	ɛ d ə t ə d	ɛ n d	ɛ n d ə d	ɛ n d ə d	ɛ d ə t ə d	1	1	reg_əd	reg_əd	reg_əd
model_mean	ɪ k s p l ɔ r	ɪ k s p l ɔ r d	ɪ k s p l ɔ r d	ɪ k s p l e ɪ n	ɪ k s p l e ɪ n d	ɪ k s p l e ɪ n d	ɪ k s p l ɔ r d	1	1	reg_d	reg_d	reg_d
model_mean	ə s uː m	ə s uː m d	ə s uː m d	r ə s iː v	r ə s iː v d	r ə s iː v d	ə s uː m d	1	1	reg_d	reg_d	reg_d
model_mean	s p r e ɪ	s p r e ɪ d	s p r e ɪ d	s p r e ɪ n	s p r e ɪ n d	s p r e ɪ n d	s p r e ɪ d	1	1	reg_d	reg_d	reg_d
model_mean	l o ʊ ɹ̩	l o ʊ ɹ̩ d	l o ʊ ɹ̩ d	l o ʊ d	l o ʊ d ə d	l o ʊ d ə d	l o ʊ ɹ̩ ə d	0	0	reg_d	reg_d	reg_əd
model_mean	d æ m	d æ m d	d æ m d	d æ n s	d æ n s t	d æ n s t	d æ m t	0	0	reg_d	reg_d	reg_t
model_mean	r ʌ ʃ	r ʌ ʃ t	r æ ʃ t	r ʌ f	r ʌ f t	r ʌ f t	r ʌ ʃ t	0	1	reg_t	vowel_change_suffix	reg_t
model_mean	p l ʌ ɡ	p l ʌ ɡ d	p l ʌ ɡ d	p l ʌ ŋ k	p l ʌ ŋ k t	p l ʌ ŋ k t	p l ʌ ɡ t	0	0	reg_d	reg_d	reg_t
model_mean	ə d m ɪ t	ə d m ɪ t ə d	ə d m ɪ t ə d	ə m e ɪ z	ə m e ɪ z d	ə m e ɪ z d	ə d m ɪ t d	0	0	reg_əd	reg_əd	reg_d
model_mean	ə n t a ɪ	ə n t a ɪ d	ə n t a ɪ d	ə n p æ k	ə n p æ k t	ə n p æ k t	ə n t a ɪ t	0	0	reg_d	reg_d	reg_t
model_mean	b ʌ k ə l	b ʌ k ə l d	b ʌ k ə l d	b ʌ b ə l	b ʌ b ə l d	b ʌ b ə l d	b ʌ k ə l d	1	1	reg_d	reg_d	reg_d
model_mean	s w uː ʃ	s w uː ʃ t	s w uː ʃ t	s uː t	s uː t ə d	s uː t ə d	s w uː ʃ ə d	0	0	reg_t	reg_t	reg_əd
model_mean	ə r a ɪ z	ə r o ʊ z	ə r a ɪ z d	r ə s iː v	r ə s iː v d	r ə s iː v d	ə r a ɪ z d	1	0	vowel_change	reg_d	reg_d
model_mean	s o ʊ k	s o ʊ k t	s o ʊ k t	s o ʊ	s o ʊ d	s o ʊ d	s o ʊ k d	0	0	reg_t	reg_t	reg_d
model_mean	t r æ p	t r æ p t	t r æ p t	t r æ k	t r æ k t	t r æ k t	t r æ p t	1	1	reg_t	reg_t	reg_t
model_mean	p a ɪ l	p a ɪ l d	p a ɪ l d	p a ɪ p	p a ɪ p t	p a ɪ p t	p a ɪ l t	0	0	reg_d	reg_d	reg_t
model_mean	ɪ k s p l o ʊ d	ɪ k s p l o ʊ d ə d	ɪ k s p l o ʊ d ə d	ɪ k s p æ n d	ɪ k s p æ n d ə d	ɪ k s p æ n d ə d	ɪ k s p l o ʊ d ə d	1	1	reg_əd	reg_əd	reg_əd
model_mean	b ɔ ɪ l	b ɔ ɪ l d	b ɔ ɪ l d	b ɔ l	b ɔ l d	b ɔ l d	b ɔ ɪ l d	1	1	reg_d	reg_d	reg_d
model_mean	k ə n s ɪ d ɹ̩	k ə n s ɪ d ɹ̩ d	k ə n s ɪ d ɹ̩ d	k ə n s ʌ l t	k ə n s ʌ l t ə d	k ə n s ʌ l t ə d	k ə n s ɪ d ɹ̩ ə d	0	0	reg_d	reg_d	reg_əd
model_mean	s k a ʊ l	s k a ʊ l d	s k a ʊ l d	s k ʌ f	s k ʌ f t	s k ʌ f t	s k a ʊ l t	0	0	reg_d	reg_d	reg_t
model_mean	ɪ ɡ z ɔ s t	ɪ ɡ z ɔ s t ə d	ɪ ɡ z ɔ s t ə d	ɪ ɡ z ɪ s t	ɪ ɡ z ɪ s t ə d	ɪ ɡ z ɪ s t ə d	ɪ ɡ z ɔ s t ə d	1	1	reg_əd	reg_əd	reg_əd
model_mean	s uː p ɹ̩ v a ɪ z	s uː p ɹ̩ v a ɪ z d	s uː p ɹ̩ v a ɪ z d	s p l a ɪ s	s p l a ɪ s t	s p l a ɪ s t	s uː p ɹ̩ v a ɪ z t	0	0	reg_d	reg_d	reg_t
model_mean	d æ ŋ ɡ ə l	d æ ŋ ɡ ə l d	d æ ŋ ɡ ə l d	d æ m ə d͡ʒ	d æ m ə d͡ʒ d	d æ m ə d͡ʒ d	d æ ŋ ɡ ə l d	1	1	reg_d	reg_d	reg_d
model_mean	d͡ʒ ɪ m iː	d͡ʒ ɪ m iː d	d͡ʒ ɪ m iː d	d͡ʒ ɑː ɡ	d͡ʒ ɑː ɡ d	d͡ʒ ɑː ɡ d	d͡ʒ ɪ m iː d	1	1	reg_d	reg_d	reg_d
model_mean	t r ʌ b ə l	t r ʌ b ə l d	t r ʌ b ə l d	t r ʌ m p ə t	t r ʌ m p ə t ə d	t r ʌ m p ə t ə d	t r ʌ b ə l ə d	0	0	reg_d	reg_d	reg_əd
model_mean	p e ɪ d͡ʒ	p e ɪ d͡ʒ d	p e ɪ d͡ʒ d	p e ɪ	p e ɪ d	p e ɪ d	p e ɪ d͡ʒ d	1	1	reg_d	reg_d	reg_d
model_mean	t a ʊ ɹ̩	t a ʊ ɹ̩ d	t a ʊ ɹ̩ d	t a ɪ p	t a ɪ p t	t a ɪ p t	t a ʊ ɹ̩ t	0	0	reg_d	reg_d	reg_t
model_mean	f ɛ n s	f ɛ n s t	f ɛ n s t	f ɛ t͡ʃ	f ɛ t͡ʃ t	f ɛ t͡ʃ t	f ɛ n s t	1	1	reg_t	reg_t	reg_t
model_mean	d ɛ r	d ɛ r d	d ɛ r d	d iː l	d ɛ l t	d ɛ l t	NA	0	0	reg_d	reg_d	vowel_change_suffix
model_mean	b l iː d	b l ɛ d	b l ɛ d ə d	b l iː t͡ʃ	b l iː t͡ʃ t	b l iː t͡ʃ t	b l iː d t	0	0	vowel_change	other	reg_t
model_mean	ɛ n t ɹ̩	ɛ n t ɹ̩ d	ɛ n t ɹ̩ d	ɛ n æ k t	ɛ n æ k t ə d	ɛ n æ k t ə d	ɛ n t ɹ̩ ə d	0	0	reg_d	reg_d	reg_əd
model_mean	m e ɪ n t e ɪ n	m e ɪ n t e ɪ n d	m e ɪ n t e ɪ n d	e ɪ m	e ɪ m d	e ɪ m d	m e ɪ n t e ɪ n d	1	1	reg_d	reg_d	reg_d
model_mean	f ɛ r	f ɛ r d	f ɛ r d	f ɛ t͡ʃ	f ɛ t͡ʃ t	f ɛ t͡ʃ t	f ɛ r t	0	0	reg_d	reg_d	reg_t
model_mean	d ɪ p	d ɪ p t	d ɪ p t	d ɪ ʃ	d ɪ ʃ t	d ɪ ʃ t	d ɪ p t	1	1	reg_t	reg_t	reg_t
model_mean	j ɔ n	j ɔ n d	j ɔ n d	j ɛ l	j ɛ l d	j ɛ l d	j ɔ n d	1	1	reg_d	reg_d	reg_d
model_mean	ʃ ʊ ɡ ɹ̩	ʃ ʊ ɡ ɹ̩ d	ʃ ʊ ɡ ɹ̩ d	ʃ a ʊ ɹ̩	ʃ a ʊ ɹ̩ d	ʃ a ʊ ɹ̩ d	ʃ ʊ ɡ ɹ̩ d	1	1	reg_d	reg_d	reg_d
model_mean	d r ɪ f t	d r ɪ f t ə d	d r æ f t ə d	d r ɪ p	d r ɪ p t	d r ɪ p t	d r ɪ f t t	0	0	reg_əd	other	reg_t
model_mean	ɪ n s p a ɪ ɹ̩	ɪ n s p a ɪ ɹ̩ d	ɪ n s p a ɪ ɹ̩ d	ɪ n s t r ʌ k t	ɪ n s t r ʌ k t ə d	ɪ n s t r ʌ k t ə d	ɪ n s p a ɪ ɹ̩ ə d	0	0	reg_d	reg_d	reg_əd
model_mean	m ɛ n ʃ ə n	m ɛ n ʃ ə n d	m ɛ n ʃ ə n d	ɛ m p t iː	ɛ m p t iː d	ɛ m p t iː d	m ɛ n ʃ ə n d	1	1	reg_d	reg_d	reg_d
model_mean	s l ɪ p	s l ɪ p t	s l ɪ p t	s l iː p	s l ɛ p t	s l ɛ p t	NA	0	0	reg_t	reg_t	vowel_change_suffix
model_mean	s k ɪ p	s k ɪ p t	s k ɪ p t	s k ɪ m	s k ɪ m d	s k ɪ m d	s k ɪ p d	0	0	reg_t	reg_t	reg_d
model_mean	m ə n ɪ p j ə l e ɪ t	m ə n ɪ p j ə l e ɪ t ə d	m ə n j ə l ə l e ɪ t ə d	ə n p l ʌ ɡ	ə n p l ʌ ɡ d	ə n p l ʌ ɡ d	m ə n ɪ p j ə l e ɪ t d	0	0	reg_əd	other	reg_d
model_mean	s æ k	s æ k t	s æ k t	s ɪ p	s æ p t	s ɪ p t	NA	0	0	reg_t	reg_t	vowel_change_suffix
model_mean	ɪ n s p ɛ k t	ɪ n s p ɛ k t ə d	ɪ n s p ɛ k t ə d	ɪ n s t r ʌ k t	ɪ n s t r ʌ k t ə d	ɪ n s t r ʌ k t ə d	ɪ n s p ɛ k t ə d	1	1	reg_əd	reg_əd	reg_əd
model_mean	s æ k r ə f a ɪ s	s æ k r ə f a ɪ s t	s æ k r ə f a ɪ s t	s k r æ m b ə l	s k r æ m b ə l d	s k r æ m b ə l d	s æ k r ə f a ɪ s d	0	0	reg_t	reg_t	reg_d
model_mean	t æ p	t æ p t	t æ p t	t æ ɡ	t æ ɡ d	t æ ɡ d	t æ p d	0	0	reg_t	reg_t	reg_d
model_mean	h ɔ l	h ɔ l d	h ɔ l d	h ɹ̩ l	h ɹ̩ l d	h ɹ̩ l d	h ɔ l d	1	1	reg_d	reg_d	reg_d
model_mean	s k a ʊ t	s k a ʊ t ə d	s k a ʊ t ə d	s k ʌ f	s k ʌ f t	s k ʌ f t	s k a ʊ t t	0	0	reg_əd	reg_əd	reg_t
model_mean	p ɑː k ə t	p ɑː k ə t ə d	p ɑː k ə t ə d	p ɑː p	p ɑː p t	p ɑː p t	p ɑː k ə t t	0	0	reg_əd	reg_əd	reg_t
model_mean	h a ʊ l	h a ʊ l d	h a ʊ l d	h a ʊ z	h a ʊ z d	h a ʊ z d	h a ʊ l d	1	1	reg_d	reg_d	reg_d
model_mean	d ɔ n	d ɔ n d	d ɔ n d	d ɔ ɡ	d ɔ ɡ d	d ɔ ɡ d	d ɔ n d	1	1	reg_d	reg_d	reg_d
model_mean	t æ ŋ ɡ ə l	t æ ŋ ɡ ə l d	t æ ŋ ɡ ə l d	t r æ v ə l	t r æ v ə l d	t r æ v ə l d	t æ ŋ ɡ ə l d	1	1	reg_d	reg_d	reg_d
model_mean	ɡ a ɪ d	ɡ a ɪ d ə d	ɡ a ɪ d ə d	ɡ a ʊ d͡ʒ	ɡ a ʊ d͡ʒ d	ɡ a ʊ d͡ʒ d	ɡ a ɪ d d	0	0	reg_əd	reg_əd	reg_d
model_mean	θ ʌ n d ɹ̩	θ ʌ n d ɹ̩ d	θ ʌ n d ɹ̩ d	θ ʌ m p	θ ʌ m p t	θ ʌ m p t	θ ʌ n d ɹ̩ t	0	0	reg_d	reg_d	reg_t
model_mean	r a ʊ n d	r a ʊ n d ə d	r a ʊ n d ə d	r a ɪ m	r a ɪ m d	r a ɪ m d	r a ʊ n d d	0	0	reg_əd	reg_əd	reg_d
model_mean	æ b d ʌ k t	æ b d ʌ k t ə d	æ b ʌ k t ə d	æ d v a ɪ z	æ d v a ɪ z d	æ d v a ɪ z d	æ b d ʌ k t d	0	0	reg_əd	other	reg_d
model_mean	ɡ ʌ m	ɡ ʌ m d	ɡ ʌ m d	ɡ ʌ t	ɡ ʌ t	ɡ ʌ t ə d	ɡ ʌ m	0	0	reg_d	reg_d	no_change
model_mean	l ɛ k t͡ʃ ɹ̩	l ɛ k t͡ʃ ɹ̩ d	l ɛ k t͡ʃ ɹ̩ d	l ɔ n t͡ʃ	l ɔ n t͡ʃ t	l ɔ n t͡ʃ t	l ɛ k t͡ʃ ɹ̩ t	0	0	reg_d	reg_d	reg_t
model_mean	d r ɪ b ə l	d r ɪ b ə l d	d r ɪ b ə l d	d r ɪ ŋ k	d r æ ŋ k	d r æ ŋ k	NA	0	0	reg_d	reg_d	vowel_change
model_mean	d ʌ s t	d ʌ s t ə d	d ʌ s t ə d	d ʌ m p	d ʌ m p t	d ʌ m p t	d ʌ s t t	0	0	reg_əd	reg_əd	reg_t
model_mean	d͡ʒ æ m	d͡ʒ æ m d	d͡ʒ æ m d	d͡ʒ æ k	d͡ʒ æ k t	d͡ʒ æ k t	d͡ʒ æ m t	0	0	reg_d	reg_d	reg_t
model_mean	t͡ʃ æ n ə l	t͡ʃ æ n ə l d	t͡ʃ æ n ə l d	t͡ʃ æ l ə n d͡ʒ	t͡ʃ æ l ə n d͡ʒ d	t͡ʃ æ l ə n d͡ʒ d	t͡ʃ æ n ə l d	1	1	reg_d	reg_d	reg_d
model_mean	d r e ɪ n	d r e ɪ n d	d r e ɪ n d	d r e ɪ p	d r e ɪ p t	d r e ɪ p t	d r e ɪ n t	0	0	reg_d	reg_d	reg_t
model_mean	w uː n d	w uː n d ə d	w uː n d ə d	w a ɪ t	w a ɪ t ə d	w a ɪ t ə d	w uː n d ə d	1	1	reg_əd	reg_əd	reg_əd
model_mean	t e ɪ l	t e ɪ l d	t e ɪ l d	t e ɪ m	t e ɪ m d	t e ɪ m d	t e ɪ l d	1	1	reg_d	reg_d	reg_d
model_mean	s l o ʊ	s l o ʊ d	s l o ʊ d	s o ʊ	s o ʊ d	s o ʊ d	s l o ʊ d	1	1	reg_d	reg_d	reg_d
model_mean	s t ɪ ŋ k	s t ʌ ŋ k	s t ɪ ŋ k t	s t æ k	s t æ k t	s t æ k t	s t ɪ ŋ k t	1	0	vowel_change	reg_t	reg_t
model_mean	f iː l d	f iː l d ə d	f iː l d ə d	f iː d	f ɛ d	f ɛ d	NA	0	0	reg_əd	reg_əd	vowel_change
model_mean	s p a ɪ	s p a ɪ d	s p a ɪ d	s p a ɪ s	s p a ɪ s t	s p a ɪ s t	s p a ɪ t	0	0	reg_d	reg_d	reg_t
model_mean	s ɪ ɡ n ə l	s ɪ ɡ n ə l d	s ɪ ɡ n ə l d	s t ʌ n	s t ʌ n d	s t ʌ n d	s ɪ ɡ n ə l d	1	1	reg_d	reg_d	reg_d
model_mean	ɛ n k ɹ̩ ɪ d͡ʒ	ɛ n k ɹ̩ ɪ d͡ʒ d	ɛ n k ɹ̩ ɪ d͡ʒ d	ɛ n d͡ʒ ɔ ɪ	ɛ n d͡ʒ ɔ ɪ d	ɛ n d͡ʒ ɔ ɪ d	ɛ n k ɹ̩ ɪ d͡ʒ d	1	1	reg_d	reg_d	reg_d
model_mean	s æ n ɪ t a ɪ z	s æ n ɪ t a ɪ z d	s æ n ɪ t a ɪ z d	s æ n d w ɪ t͡ʃ	s æ n d w ɪ t͡ʃ t	s æ n d w ɪ t͡ʃ t	s æ n ɪ t a ɪ z t	0	0	reg_d	reg_d	reg_t
model_mean	f r a ɪ t ə n	f r a ɪ t ə n d	f r a ɪ t ə n d	f r ɛ ʃ ə n	f r ɛ ʃ ə n d	f r ɛ ʃ ə n d	f r a ɪ t ə n d	1	1	reg_d	reg_d	reg_d
model_mean	o ʊ v ɹ̩ k ə m	o ʊ v ɹ̩ k e ɪ m	o ʊ v ɹ̩ k ə m d	o ʊ v ɹ̩ s t e ɪ	o ʊ v ɹ̩ s t e ɪ d	o ʊ v ɹ̩ s t e ɪ d	o ʊ v ɹ̩ k ə m d	1	0	vowel_change	reg_d	reg_d
model_mean	p ɛ p ɹ̩	p ɛ p ɹ̩ d	p ɛ p ɹ̩ d	p ɛ t	p ɛ t	p ɛ t ə d	p ɛ p ɹ̩	0	0	reg_d	reg_d	no_change
model_mean	b ʌ d͡ʒ	b ʌ d͡ʒ d	b ʌ d͡ʒ d	b ʌ ɡ	b ʌ ɡ d	b ʌ ɡ d	b ʌ d͡ʒ d	1	1	reg_d	reg_d	reg_d
model_mean	ɡ l ɛ r	ɡ l ɛ r d	ɡ l ɛ r d	ɡ l ʌ v	ɡ l ʌ v d	ɡ l ʌ v d	ɡ l ɛ r d	1	1	reg_d	reg_d	reg_d
model_mean	ə f ɔ r d	ə f ɔ r d ə d	ə f ɔ r d ə d	ə p l ɔ d	ə p l ɔ d ə d	ə p l ɔ d ə d	ə f ɔ r d ə d	1	1	reg_əd	reg_əd	reg_əd
model_mean	s k o ʊ l d	s k o ʊ l d ə d	s k o ʊ l d ə d	s t o ʊ n	s t o ʊ n d	s t o ʊ n d	s k o ʊ l d d	0	0	reg_əd	reg_əd	reg_d
model_mean	s ɛ n s	s ɛ n s t	s ɛ n s t	s ɛ n d	s ɛ n t	s ɛ n t	NA	0	0	reg_t	reg_t	coda_change
model_mean	ɛ m f ə s a ɪ z	ɛ m f ə s a ɪ z d	ɛ m f ə s a ɪ z d	m ɛ m ɹ̩ a ɪ z	m ɛ m ɹ̩ a ɪ z d	m ɛ m ɹ̩ a ɪ z d	ɛ m f ə s a ɪ z d	1	1	reg_d	reg_d	reg_d
model_mean	l e ɪ b ə l	l e ɪ b ə l d	l e ɪ b ə l d	l e ɪ b ɹ̩	l e ɪ b ɹ̩ d	l e ɪ b ɹ̩ d	l e ɪ b ə l d	1	1	reg_d	reg_d	reg_d
model_mean	b a ʊ	b a ʊ d	b ɔ t	b a ɪ	b ɔ t	b ɔ t	NA	0	0	reg_d	vowel_change_suffix	vowel_change_suffix
model_mean	b ʌ n t͡ʃ	b ʌ n t͡ʃ t	b ʌ n t͡ʃ t	b ʌ ɡ	b ʌ ɡ d	b ʌ ɡ d	b ʌ n t͡ʃ d	0	0	reg_t	reg_t	reg_d
model_mean	t ɛ r ə r a ɪ z	t ɛ r ə r a ɪ z d	t ɛ r ə r a ɪ z d	t r ɛ m b ə l	t r ɛ m b ə l d	t r ɛ m b ə l d	t ɛ r ə r a ɪ z d	1	1	reg_d	reg_d	reg_d
model_mean	ɡ r æ v ə t e ɪ t	ɡ r æ v ə t e ɪ t ə d	ɡ r æ v ə t e ɪ t ə d	æ ɡ r ə v e ɪ t	æ ɡ r ə v e ɪ t ə d	æ ɡ r ə v e ɪ t ə d	ɡ r æ v ə t e ɪ t ə d	1	1	reg_əd	reg_əd	reg_əd
model_mean	b l æ s t	b l æ s t ə d	b l æ s t ə d	b l ɪ ŋ k	b l ɪ ŋ k t	b l ɪ ŋ k t	b l æ s t t	0	0	reg_əd	reg_əd	reg_t
model_mean	ɪ n ɪ ʃ ə l	ɪ n ɪ ʃ ə l d	ɪ n ɪ ʃ ə l d	ɪ n v e ɪ d	ɪ n v e ɪ d ə d	ɪ n v e ɪ d ə d	ɪ n ɪ ʃ ə l ə d	0	0	reg_d	reg_d	reg_əd
model_mean	s w ɑː p	s w ɑː p t	s w ɑː p t	s w ɑː t	s w ɑː t ə d	s w ɑː t ə d	s w ɑː p ə d	0	0	reg_t	reg_t	reg_əd
model_mean	æ d m a ɪ ɹ̩	æ d m a ɪ ɹ̩ d	æ d m a ɪ ɹ̩ d	æ d v a ɪ z	æ d v a ɪ z d	æ d v a ɪ z d	æ d m a ɪ ɹ̩ d	1	1	reg_d	reg_d	reg_d
model_mean	s ə p ɔ r t	s ə p ɔ r t ə d	s ə p ɔ r t ə d	s ə s p ɛ k t	s ə s p ɛ k t ə d	s ə s p ɛ k t ə d	s ə p ɔ r t ə d	1	1	reg_əd	reg_əd	reg_əd
model_mean	p æ m p ɹ̩	p æ m p ɹ̩ d	p æ m p ɹ̩ d	p æ n t	p æ n t ə d	p æ n t ə d	p æ m p ɹ̩ ə d	0	0	reg_d	reg_d	reg_əd
model_mean	v ɔ ɪ s	v ɔ ɪ s t	v ɔ ɪ s t	v iː r	v iː r d	v iː r d	v ɔ ɪ s d	0	0	reg_t	reg_t	reg_d
model_mean	s k ɔ r	s k ɔ r d	s k ɔ r d	s k ɛ r	s k ɛ r d	s k ɛ r d	s k ɔ r d	1	1	reg_d	reg_d	reg_d
model_mean	d ɑː k t ɹ̩	d ɑː k t ɹ̩ d	d ɑː k t ɹ̩ d	d ɑː r t	d ɑː r t ə d	d ɑː r t ə d	d ɑː k t ɹ̩ ə d	0	0	reg_d	reg_d	reg_əd
model_mean	r iː v æ m p	r iː v æ m p t	r iː v æ m p t	r iː æ k t	r iː æ k t ə d	r iː æ k t ə d	r iː v æ m p ə d	0	0	reg_t	reg_t	reg_əd
model_mean	l iː s	l iː s t	l iː s t	l iː p	l ɛ p t	l ɛ p t	NA	0	0	reg_t	reg_t	vowel_change_suffix
model_mean	s ə p r ɛ s	s ə p r ɛ s t	s ə p r ɛ s t	s ə s p ɛ k t	s ə s p ɛ k t ə d	s ə s p ɛ k t ə d	s ə p r ɛ s ə d	0	0	reg_t	reg_t	reg_əd
model_mean	ə p o ʊ z	ə p o ʊ z d	ə p o ʊ z d	ə p r o ʊ t͡ʃ	ə p r o ʊ t͡ʃ t	ə p r o ʊ t͡ʃ t	ə p o ʊ z t	0	0	reg_d	reg_d	reg_t
model_mean	f l ɑː p	f l ɑː p t	f l ɑː p t	f l æ p	f l æ p t	f l æ p t	f l ɑː p t	1	1	reg_t	reg_t	reg_t
model_mean	b ʌ m	b ʌ m d	b ʌ m d	b ʌ ɡ	b ʌ ɡ d	b ʌ ɡ d	b ʌ m d	1	1	reg_d	reg_d	reg_d
model_mean	s p ɹ̩ t	s p ɹ̩ t ə d	s p ɹ̩ t ə d	s ɹ̩ t͡ʃ	s ɹ̩ t͡ʃ t	s ɹ̩ t͡ʃ t	s p ɹ̩ t t	0	0	reg_əd	reg_əd	reg_t
model_mean	h uː t	h uː t ə d	h uː t ə d	h ɹ̩ l	h ɹ̩ l d	h ɹ̩ l d	h uː t d	0	0	reg_əd	reg_əd	reg_d
model_mean	p ɹ̩ s	p ɹ̩ s t	p ɹ̩ s t	p ɹ̩ t͡ʃ	p ɹ̩ t͡ʃ t	p ɹ̩ t͡ʃ t	p ɹ̩ s t	1	1	reg_t	reg_t	reg_t
model_mean	k l ʌ b	k l ʌ b d	k l ʌ b d	k l ɪ p	k l ɪ p t	k l ɪ p t	k l ʌ b t	0	0	reg_d	reg_d	reg_t
model_mean	p ɪ t iː	p ɪ t iː d	p ɪ t iː d	p ɪ t	p ɪ t ə d	p ɪ t ə d	p ɪ t iː ə d	0	0	reg_d	reg_d	reg_əd
model_mean	t r æ m p	t r æ m p t	t r æ m p t	t r ʌ m p	t r ʌ m p t	t r ʌ m p t	t r æ m p t	1	1	reg_t	reg_t	reg_t
model_mean	d͡ʒ ɛ n ɹ̩ e ɪ t	d͡ʒ ɛ n ɹ̩ e ɪ t ə d	d͡ʒ ɛ n ɹ̩ e ɪ t ə d	ɛ n d͡ʒ ɔ ɪ	ɛ n d͡ʒ ɔ ɪ d	ɛ n d͡ʒ ɔ ɪ d	d͡ʒ ɛ n ɹ̩ e ɪ t d	0	0	reg_əd	reg_əd	reg_d
model_mean	t æ t ə l	t æ t ə l d	t æ t ə l d	t æ t uː	t æ t uː d	t æ t uː d	t æ t ə l d	1	1	reg_d	reg_d	reg_d
model_mean	f ʌ m b ə l	f ʌ m b ə l d	f ʌ m b ə l d	d͡ʒ ʌ m p	d͡ʒ ʌ m p t	d͡ʒ ʌ m p t	f ʌ m b ə l t	0	0	reg_d	reg_d	reg_t
model_mean	s t æ ʃ	s t æ ʃ t	s t æ ʃ t	s t æ k	s t æ k t	s t æ k t	s t æ ʃ t	1	1	reg_t	reg_t	reg_t
model_mean	ɪ n s ɪ s t	ɪ n s ɪ s t ə d	ɪ n s ɪ s t ə d	ɪ n s t r ʌ k t	ɪ n s t r ʌ k t ə d	ɪ n s t r ʌ k t ə d	ɪ n s ɪ s t ə d	1	1	reg_əd	reg_əd	reg_əd
model_mean	ɪ ɡ z æ m ɪ n	ɪ ɡ z æ m ɪ n d	ɪ ɡ z æ m ɪ n d	ɪ ɡ z ɪ s t	ɪ ɡ z ɪ s t ə d	ɪ ɡ z ɪ s t ə d	ɪ ɡ z æ m ɪ n ə d	0	0	reg_d	reg_d	reg_əd
model_mean	b l ɑː s ə m	b l ɑː s ə m d	b l ɑː s ə m d	b l ɑː t	b l ɑː t ə d	b l ɑː t ə d	b l ɑː s ə m ə d	0	0	reg_d	reg_d	reg_əd
model_mean	r o ʊ p	r o ʊ p t	r o ʊ p t	r o ʊ l	r o ʊ l d	r o ʊ l d	r o ʊ p d	0	0	reg_t	reg_t	reg_d
model_mean	p ɪ ŋ	p ɪ ŋ d	p ɪ ŋ d	p ɪ n	p ɪ n d	p ɪ n d	p ɪ ŋ d	1	1	reg_d	reg_d	reg_d
model_mean	v o ʊ t	v o ʊ t ə d	v o ʊ t ə d	v ɛ r iː	v ɛ r iː d	v ɛ r iː d	v o ʊ t d	0	0	reg_əd	reg_əd	reg_d
model_mean	n iː r	n iː r d	n iː r d	n iː d ə l	n iː d ə l d	n iː d ə l d	n iː r d	1	1	reg_d	reg_d	reg_d
model_mean	t r ʌ s t	t r ʌ s t ə d	t r ʌ s t ə d	t r ʌ m p	t r ʌ m p t	t r ʌ m p t	t r ʌ s t t	0	0	reg_əd	reg_əd	reg_t
model_mean	ɪ n t ɹ̩ s p ɹ̩ s	ɪ n t ɹ̩ s p ɹ̩ s t	ɪ n t ɹ̩ s p ɹ̩ s t ɹ̩ s t ɹ̩ t ɹ̩ t	ɪ n t ɹ̩ f ɪ r	ɪ n t ɹ̩ f ɪ r d	ɪ n t ɹ̩ f ɪ r d	ɪ n t ɹ̩ s p ɹ̩ s d	0	0	reg_t	other	reg_d
model_mean	s w uː p	s w uː p t	s w uː p t	s uː t	s uː t ə d	s uː t ə d	s w uː p ə d	0	0	reg_t	reg_t	reg_əd
model_mean	d͡ʒ e ɪ l	d͡ʒ e ɪ l d	d͡ʒ e ɪ l d	d͡ʒ ɔ ɪ n	d͡ʒ ɔ ɪ n d	d͡ʒ ɔ ɪ n d	d͡ʒ e ɪ l d	1	1	reg_d	reg_d	reg_d
model_mean	f e ɪ l	f e ɪ l d	f e ɪ l d	f e ɪ k	f e ɪ k t	f e ɪ k t	f e ɪ l t	0	0	reg_d	reg_d	reg_t
model_mean	b ʊ k	b ʊ k t	b ʊ k t	b ʊ t͡ʃ ɹ̩	b ʊ t͡ʃ ɹ̩ d	b ʊ t͡ʃ ɹ̩ d	b ʊ k d	0	0	reg_t	reg_t	reg_d
model_mean	s ɪ f t	s ɪ f t ə d	s ɪ f t ə d	s t e ɪ	s t e ɪ d	s t e ɪ d	s ɪ f t d	0	0	reg_əd	reg_əd	reg_d
model_mean	k a ʊ t͡ʃ	k a ʊ t͡ʃ t	k a ʊ t͡ʃ t	k uː l	k uː l d	k uː l d	k a ʊ t͡ʃ d	0	0	reg_t	reg_t	reg_d
model_mean	f r ʌ n t	f r ʌ n t ə d	f r ʌ n t ə d	f r ɛ t	f r ɛ t ə d	f r ɛ t ə d	f r ʌ n t ə d	1	1	reg_əd	reg_əd	reg_əd
model_mean	p r ə d uː s	p r ə d uː s t	p r ə d uː s t	p r ə s iː d	p r ə s iː d ə d	p r ə s iː d ə d	p r ə d uː s ə d	0	0	reg_t	reg_t	reg_əd
model_mean	ʃ e ɪ d	ʃ e ɪ d ə d	ʃ e ɪ d ə d	ʃ e ɪ v	ʃ e ɪ v d	ʃ e ɪ v d	ʃ e ɪ d d	0	0	reg_əd	reg_əd	reg_d
model_mean	d r ɛ n t͡ʃ	d r ɛ n t͡ʃ t	d r ɛ n t͡ʃ t	d r ɑː p	d r ɑː p t	d r ɑː p t	d r ɛ n t͡ʃ t	1	1	reg_t	reg_t	reg_t
model_mean	s p l æ t ɹ̩	s p l æ t ɹ̩ d	s p l æ t ɹ̩ d	s p l ɪ t	s p l ɪ t	s p l ɪ t	s p l æ t ɹ̩	0	0	reg_d	reg_d	no_change
model_mean	r iː v j uː	r iː v j uː d	r iː v j uː d	r iː m uː v	r iː m uː v d	r iː m uː v d	r iː v j uː d	1	1	reg_d	reg_d	reg_d
model_mean	b ɔ r	b ɔ r d	b ɔ r d	b ɔ l	b ɔ l d	b ɔ l d	b ɔ r d	1	1	reg_d	reg_d	reg_d
model_mean	s iː t	s iː t ə d	s iː t ə d	s iː p	s iː p t	s iː p t	s iː t t	0	0	reg_əd	reg_əd	reg_t
model_mean	b ɛ d	b ɛ d ə d	b ɛ d	b ɛ t	b ɛ t	b ɛ t	b ɛ d	1	0	reg_əd	no_change	no_change
model_mean	ə n s iː t	ə n s iː t ə d	ə n s iː t ə d	ə n r æ p	ə n r æ p t	ə n r æ p t	ə n s iː t t	0	0	reg_əd	reg_əd	reg_t
model_mean	m ʌ f ə l	m ʌ f ə l d	m ʌ f ə l d	m ʌ s ə l	m ʌ s ə l d	m ʌ s ə l d	m ʌ f ə l d	1	1	reg_d	reg_d	reg_d
model_mean	s t ʌ m p	s t ʌ m p t	s t ʌ m p t	s t ʌ f	s t ʌ f t	s t ʌ f t	s t ʌ m p t	1	1	reg_t	reg_t	reg_t
model_mean	t r æ n s p l æ n t	t r æ n s p l æ n t ə d	t r æ n s t ə n æ n s t	t r æ n s f ɔ r m	t r æ n s f ɔ r m d	t r æ n s f ɔ r m d	t r æ n s p l æ n t d	0	0	reg_əd	other	reg_d
model_mean	v ɪ ʒ w ə l a ɪ z	v ɪ ʒ w ə l a ɪ z d	v ɪ v ə l a ɪ z	v ɪ z ɪ t	v ɪ z ɪ t ə d	v ɪ z ɪ t ə d	v ɪ ʒ w ə l a ɪ z ə d	0	0	reg_d	other	reg_əd
model_mean	ɡ æ l ə p	ɡ æ l ə p t	ɡ æ l ə p t	ɡ æ s p	ɡ æ s p t	ɡ æ s p t	ɡ æ l ə p t	1	1	reg_t	reg_t	reg_t
model_mean	s ʌ l iː	s ʌ l iː d	s ʌ l iː d	s l ʌ ɡ	s l ʌ ɡ d	s l ʌ ɡ d	s ʌ l iː d	1	1	reg_d	reg_d	reg_d
model_mean	ə n f o ʊ l d	ə n f o ʊ l d ə d	ə n f o ʊ l d ə d	ə n l o ʊ d	ə n l o ʊ d ə d	ə n l o ʊ d ə d	ə n f o ʊ l d ə d	1	1	reg_əd	reg_əd	reg_əd
model_mean	w iː	w iː d	w iː d	w iː v	w iː v d	w iː v d	w iː d	1	1	reg_d	reg_d	reg_d
model_mean	ɪ m ə t e ɪ t	ɪ m ə t e ɪ t ə d	ɪ m ə t e ɪ t ə d	ɪ m p l ɔ r	ɪ m p l ɔ r d	ɪ m p l ɔ r d	ɪ m ə t e ɪ t d	0	0	reg_əd	reg_əd	reg_d
model_mean	s w ɹ̩ v	s w ɹ̩ v d	s w ɹ̩ v d	s ɹ̩ v	s ɹ̩ v d	s ɹ̩ v d	s w ɹ̩ v d	1	1	reg_d	reg_d	reg_d
model_mean	h iː p	h iː p t	h iː p t	h iː t	h iː t ə d	h iː t ə d	h iː p ə d	0	0	reg_t	reg_t	reg_əd
model_mean	r iː f j uː ə l	r iː f j uː ə l d	r iː f j uː ə l d	r iː f r ɛ ʃ	r iː f r ɛ ʃ t	r iː f r ɛ ʃ t	r iː f j uː ə l t	0	0	reg_d	reg_d	reg_t
model_mean	t͡ʃ æ n t	t͡ʃ æ n t ə d	t͡ʃ æ n t ə d	t͡ʃ ɹ̩ n	t͡ʃ ɹ̩ n d	t͡ʃ ɹ̩ n d	t͡ʃ æ n t d	0	0	reg_əd	reg_əd	reg_d
model_mean	ɡ r o ʊ s	ɡ r o ʊ s t	ɡ r o ʊ s t	ɡ r iː s	ɡ r iː s t	ɡ r iː s t	ɡ r o ʊ s t	1	1	reg_t	reg_t	reg_t
model_mean	o ʊ v ɹ̩ f l o ʊ	o ʊ v ɹ̩ f l o ʊ d	o ʊ v ɹ̩ f l o ʊ d	o ʊ v ɹ̩ s t e ɪ	o ʊ v ɹ̩ s t e ɪ d	o ʊ v ɹ̩ s t e ɪ d	o ʊ v ɹ̩ f l o ʊ d	1	1	reg_d	reg_d	reg_d
model_mean	s ɔ f ə n	s ɔ f ə n d	s ɔ f ə n d	s k ɛ r	s k ɛ r d	s k ɛ r d	s ɔ f ə n d	1	1	reg_d	reg_d	reg_d
model_mean	ə t ɛ m p t	ə t ɛ m p t ə d	ə t ɛ m p t ə d	ə t ɛ n d	ə t ɛ n d ə d	ə t ɛ n d ə d	ə t ɛ m p t ə d	1	1	reg_əd	reg_əd	reg_əd
model_mean	r ə f ɹ̩	r ə f ɹ̩ d	r ə f ɹ̩ d	r ɑː b	r ɑː b d	r ɑː b d	r ə f ɹ̩ d	1	1	reg_d	reg_d	reg_d
model_mean	s m iː r	s m iː r d	s m iː r d	s iː m	s iː m d	s iː m d	s m iː r d	1	1	reg_d	reg_d	reg_d
model_mean	ɪ m p r uː v	ɪ m p r uː v d	ɪ m p r uː v d	ɪ m p r ɛ s	ɪ m p r ɛ s t	ɪ m p r ɛ s t	ɪ m p r uː v t	0	0	reg_d	reg_d	reg_t
model_mean	ɡ r o ʊ n	ɡ r o ʊ n d	ɡ r o ʊ n d	ɡ r iː n	ɡ r iː n d	ɡ r iː n d	ɡ r o ʊ n d	1	1	reg_d	reg_d	reg_d
model_mean	s a ɪ k ə l	s a ɪ k ə l d	s a ɪ k ə l d	s a ɪ z	s a ɪ z d	s a ɪ z d	s a ɪ k ə l d	1	1	reg_d	reg_d	reg_d
model_mean	f o ʊ k ə s	f o ʊ k ə s t	f o ʊ k ə s t	f o ʊ n	f o ʊ n d	f o ʊ n d	f o ʊ k ə s d	0	0	reg_t	reg_t	reg_d
model_mean	b ɑː s	b ɑː s t	b ɑː s t	b ɑː r	b ɑː r d	b ɑː r d	b ɑː s d	0	0	reg_t	reg_t	reg_d
model_mean	ʃ r ɛ d	ʃ r ɛ d ə d	ʃ r ɛ d ə d	ʃ r ɪ ŋ k	ʃ r æ ŋ k	ʃ r æ ŋ k	NA	0	0	reg_əd	reg_əd	vowel_change
model_mean	o ʊ v ɹ̩ d uː	o ʊ v ɹ̩ d ɪ d	o ʊ v ɹ̩ d uː d	o ʊ v ɹ̩ s t e ɪ	o ʊ v ɹ̩ s t e ɪ d	o ʊ v ɹ̩ s t e ɪ d	o ʊ v ɹ̩ d uː d	1	0	vowel_change_suffix	reg_d	reg_d
model_mean	s k iː	s k iː d	s k iː d	s iː k	s ɔ t	s ɔ t	NA	0	0	reg_d	reg_d	rhyme_replaced
model_mean	k ə n t e ɪ n	k ə n t e ɪ n d	k ə n t e ɪ n d	k ə n t ɛ n t	k ə n t ɛ n t ə d	k ə n t ɛ n t ə d	k ə n t e ɪ n ə d	0	0	reg_d	reg_d	reg_əd
model_mean	n æ v ə ɡ e ɪ t	n æ v ə ɡ e ɪ t ə d	n æ v ə ɡ e ɪ t ə d	n æ p	n æ p t	n æ p t	n æ v ə ɡ e ɪ t t	0	0	reg_əd	reg_əd	reg_t
model_mean	r ɪ p ɛ l	r ɪ p ɛ l d	r ɪ p ɛ l	r ɪ p ɛ r	r ɪ p ɛ r d	r ɪ p ɛ r d	r ɪ p ɛ l d	0	1	reg_d	no_change	reg_d
model_mean	m ʌ t ɹ̩	m ʌ t ɹ̩ d	m ʌ t ɹ̩ d	m æ t ɹ̩	m æ t ɹ̩ d	m æ t ɹ̩ d	m ʌ t ɹ̩ d	1	1	reg_d	reg_d	reg_d
model_mean	b r iː d	b r ɛ d	b r iː d ə d	b r ɛ d	b r ɛ d ə d	b r ɛ d ə d	b r iː d ə d	1	0	vowel_change	reg_əd	reg_əd
model_mean	t æ l iː	t æ l iː d	t æ l iː d	t æ n	t æ n d	t æ n d	t æ l iː d	1	1	reg_d	reg_d	reg_d
model_mean	m æ ɡ n ə f a ɪ	m æ ɡ n ə f a ɪ d	m æ ɡ n ə f a ɪ d	m æ n ə d͡ʒ	m æ n ə d͡ʒ d	m æ n ə d͡ʒ d	m æ ɡ n ə f a ɪ d	1	1	reg_d	reg_d	reg_d
model_mean	w e ɪ d	w e ɪ d ə d	w e ɪ d ə d	w e ɪ l	w e ɪ l d	w e ɪ l d	w e ɪ d d	0	0	reg_əd	reg_əd	reg_d
model_mean	l æ p	l æ p t	l æ p t	l æ k	l æ k t	l æ k t	l æ p t	1	1	reg_t	reg_t	reg_t
model_mean	l ɑː p	l ɑː p t	l ɑː p t	l ɑː k	l ɑː k t	l ɑː k t	l ɑː p t	1	1	reg_t	reg_t	reg_t
model_mean	b ɑː m	b ɑː m d	b ɑː m d	b ɑː r	b ɑː r d	b ɑː r d	b ɑː m d	1	1	reg_d	reg_d	reg_d
model_mean	ə b z ɹ̩ v	ə b z ɹ̩ v d	ə b z ɹ̩ v d	r ə f j uː z	r ə f j uː z d	r ə f j uː z d	ə b z ɹ̩ v d	1	1	reg_d	reg_d	reg_d
model_mean	w iː n	w iː n d	w iː n d	w ɪ n	w ɪ n d	w ʌ n	w iː n d	1	1	reg_d	reg_d	reg_d
model_mean	r iː r	r iː r d	r iː r d	r iː d	r ɛ d	r ɛ d	NA	0	0	reg_d	reg_d	vowel_change
model_mean	r æ ʃ ə n	r æ ʃ ə n d	r æ ʃ ə n d	r æ t ə l	r æ t ə l d	r æ t ə l d	r æ ʃ ə n d	1	1	reg_d	reg_d	reg_d
model_mean	ə d ɪ k t	ə d ɪ k t ə d	ə d ɪ k t ə d	ə t æ k	ə t æ k t	ə t æ k t	ə d ɪ k t t	0	0	reg_əd	reg_əd	reg_t
model_mean	b ʌ n d ə l	b ʌ n d ə l d	b ʌ n d ə l d	b ʌ t ə n	b ʌ t ə n d	b ʌ t ə n d	b ʌ n d ə l d	1	1	reg_d	reg_d	reg_d
model_mean	m ə t j ʊ r	m ə t j ʊ r d	m ə t j ʊ r d	m ə ʃ iː n	m ə ʃ iː n d	m ə ʃ iː n d	m ə t j ʊ r d	1	1	reg_d	reg_d	reg_d
model_mean	f l ɹ̩ t	f l ɹ̩ t ə d	f l ɹ̩ t ə d	f l ɹ̩ ɪ ʃ	f l ɹ̩ ɪ ʃ t	f l ɹ̩ ɪ ʃ t	f l ɹ̩ t t	0	0	reg_əd	reg_əd	reg_t
model_mean	ɪ n k ɔ r p ɹ̩ e ɪ t	ɪ n k ɔ r p ɹ̩ e ɪ t ə d	ɪ n p ɹ̩ r e ɪ t ə d	ɪ n k l uː d	ɪ n k l uː d ə d	ɪ n k l uː d ə d	ɪ n k ɔ r p ɹ̩ e ɪ t ə d	0	1	reg_əd	other	reg_əd
model_mean	f r ʌ s t r e ɪ t	f r ʌ s t r e ɪ t ə d	f r ʌ s t r e ɪ t ə d	r ʌ s t	r ʌ s t ə d	r ʌ s t ə d	f r ʌ s t r e ɪ t ə d	1	1	reg_əd	reg_əd	reg_əd
model_mean	d ɪ f a ɪ n	d ɪ f a ɪ n d	d ɪ f a ɪ n d	d ɪ f ɛ n d	d ɪ f ɛ n d ə d	d ɪ f ɛ n d ə d	d ɪ f a ɪ n ə d	0	0	reg_d	reg_d	reg_əd
model_mean	b r e ɪ v	b r e ɪ v d	b r e ɪ v d	b r e ɪ k	b r e ɪ k	b r o ʊ k	b r e ɪ v	0	0	reg_d	reg_d	no_change
model_mean	ɪ n k w a ɪ ɹ̩	ɪ n k w a ɪ ɹ̩ d	ɪ n k w a ɪ ɹ̩ d	ɪ n k l uː d	ɪ n k l uː d ə d	ɪ n k l uː d ə d	ɪ n k w a ɪ ɹ̩ ə d	0	0	reg_d	reg_d	reg_əd
model_mean	b ʌ s	b ʌ s t	b ʌ s t	b ʌ ɡ	b ʌ ɡ d	b ʌ ɡ d	b ʌ s d	0	0	reg_t	reg_t	reg_d
model_mean	p ə z ɪ ʃ ə n	p ə z ɪ ʃ ə n d	p ə z ɪ ʃ ə n d	p ə l uː t	p ə l uː t ə d	p ə l uː t ə d	p ə z ɪ ʃ ə n ə d	0	0	reg_d	reg_d	reg_əd
model_stem	iː t	e ɪ t	iː t ə t	t͡ʃ iː t	t͡ʃ iː t ə d	t͡ʃ iː t ə d	iː t ə d	0	0	vowel_change	other	reg_əd
model_stem	m e ɪ k	m e ɪ d	m e ɪ k t	m æ s k	m æ s k t	m æ s k t	m e ɪ k t	1	0	coda_change	reg_t	reg_t
model_stem	n o ʊ	n uː	n o ʊ d	ɡ o ʊ	w ɛ n t	w ɛ n t	NA	0	0	vowel_change	reg_d	other
model_stem	f ɔ l	f ɛ l	f ɔ l d	f uː l	f uː l d	f uː l d	f ɔ l d	1	0	vowel_change	reg_d	reg_d
model_stem	b r ɪ ŋ	b r ɔ t	b r ɪ ŋ	f l ɪ ŋ	f l ʌ ŋ	f l ʌ ŋ	b r ʌ ŋ	0	0	rhyme_replaced	no_change	vowel_change
model_stem	s t ɑː r t	s t ɑː r t ə d	s t ɑː r t ə d	s m ɑː r t	s m ɑː r t ə d	s m ɑː r t ə d	s t ɑː r t ə d	1	1	reg_əd	reg_əd	reg_əd
model_stem	t e ɪ k	t ʊ k	t e ɪ k t	t r ɪ k	t r ɪ k t	t r ɪ k t	t e ɪ k t	1	0	vowel_change	reg_t	reg_t
model_stem	h e ɪ t	h e ɪ t ə d	h e ɪ t ə d	m e ɪ t	m e ɪ t ə d	m e ɪ t ə d	h e ɪ t ə d	1	1	reg_əd	reg_əd	reg_əd
model_stem	r a ɪ t	r o ʊ t	r o ʊ t ə d	w a ɪ t	w a ɪ t ə d	w a ɪ t ə d	r a ɪ t ə d	0	0	vowel_change	other	reg_əd
model_stem	f ɪ t	f ɪ t	f ɪ t ə d	n ɪ t	n ɪ t ə d	n ɪ t ə d	f ɪ t ə d	1	0	no_change	reg_əd	reg_əd
model_stem	d a ɪ n	d a ɪ n d	d a ɪ n d	s a ɪ n	s a ɪ n d	s a ɪ n d	d a ɪ n d	1	1	reg_d	reg_d	reg_d
model_stem	m ɪ s	m ɪ s t	m ɪ s t	k ɪ s	k ɪ s t	k ɪ s t	m ɪ s t	1	1	reg_t	reg_t	reg_t
model_stem	n ɑː k	n ɑː k t	n ɑː k t	l ɑː k	l ɑː k t	l ɑː k t	n ɑː k t	1	1	reg_t	reg_t	reg_t
model_stem	n iː d	n iː d ə d	n iː d ə d	n ɑː d	n ɑː d ə d	n ɑː d ə d	n iː d ə d	1	1	reg_əd	reg_əd	reg_əd
model_stem	m uː v	m uː v d	m uː v d	h æ v	h æ d	h æ d	m uː d	0	0	reg_d	reg_d	coda_change
model_stem	f l ɪ p	f l ɪ p t	f l ɪ p t	f l æ p	f l æ p t	f l æ p t	f l ɪ p t	1	1	reg_t	reg_t	reg_t
model_stem	r ɛ d iː	r ɛ d iː d	r ɛ d iː d	b ɑː d iː	b ɑː d iː d	b ɑː d iː d	r ɛ d iː d	1	1	reg_d	reg_d	reg_d
model_stem	z ɪ p	z ɪ p t	z ɪ p t	s ɪ p	s æ p t	s ɪ p t	z æ p t	0	0	reg_t	reg_t	vowel_change_suffix
model_stem	f a ɪ t	f ɔ t	f a ɪ t ə d	b a ɪ t	b ɪ t	b ɪ t	f ɪ t	0	0	vowel_change	reg_əd	vowel_change
model_stem	k æ t͡ʃ	k ɔ t	k æ t͡ʃ t	m æ t͡ʃ	m æ t͡ʃ t	m æ t͡ʃ t	k æ t͡ʃ t	1	0	rhyme_replaced	reg_t	reg_t
model_stem	f l o ʊ t	f l o ʊ t ə d	f l o ʊ t ə d	k w o ʊ t	k w o ʊ t ə d	k w o ʊ t ə d	f l o ʊ t ə d	1	1	reg_əd	reg_əd	reg_əd
model_stem	w ɪ ʃ	w ɪ ʃ t	w ɪ ʃ t	d ɪ ʃ	d ɪ ʃ t	d ɪ ʃ t	w ɪ ʃ t	1	1	reg_t	reg_t	reg_t
model_stem	ʃ e ɪ k	ʃ ʊ k	ʃ e ɪ k t	f e ɪ k	f e ɪ k t	f e ɪ k t	ʃ e ɪ k t	1	0	vowel_change	reg_t	reg_t
model_stem	k ɪ k	k ɪ k t	k ɪ k t	e ɪ k	e ɪ k t	e ɪ k t	k ɪ k t	1	1	reg_t	reg_t	reg_t
model_stem	t͡ʃ e ɪ n d͡ʒ	t͡ʃ e ɪ n d͡ʒ d	t͡ʃ e ɪ n d͡ʒ d	s t e ɪ d͡ʒ	s t e ɪ d͡ʒ d	s t e ɪ d͡ʒ d	t͡ʃ e ɪ n d͡ʒ d	1	1	reg_d	reg_d	reg_d
model_stem	θ r o ʊ	θ r uː	θ r o ʊ d	k r o ʊ	k r o ʊ d	k r o ʊ d	θ r o ʊ d	1	0	vowel_change	reg_d	reg_d
model_stem	b æ k	b æ k t	b æ k t	d͡ʒ æ k	d͡ʒ æ k t	d͡ʒ æ k t	b æ k t	1	1	reg_t	reg_t	reg_t
model_stem	f l æ ʃ	f l æ ʃ t	f l æ ʃ t	f l ʌ ʃ	f l ʌ ʃ t	f l ʌ ʃ t	f l æ ʃ t	1	1	reg_t	reg_t	reg_t
model_stem	ɡ r o ʊ	ɡ r uː	ɡ r o ʊ d	b l o ʊ	b l uː	b l uː	ɡ r uː	0	1	vowel_change	reg_d	vowel_change
model_stem	s m a ɪ l	s m a ɪ l d	s m a ɪ l d	s p ɔ ɪ l	s p ɔ ɪ l d	s p ɔ ɪ l d	s m a ɪ l d	1	1	reg_d	reg_d	reg_d
model_stem	s t ɑː p	s t ɑː p t	s t ɑː p t	s w iː p	s w ɛ p t	s w ɛ p t	NA	0	0	reg_t	reg_t	vowel_change_suffix
model_stem	s t ɹ̩	s t ɹ̩ d	s t ɹ̩ d	ɔ f ɹ̩	ɔ f ɹ̩ d	ɔ f ɹ̩ d	s t ɹ̩ d	1	1	reg_d	reg_d	reg_d
model_stem	t͡ʃ uː	t͡ʃ uː d	t͡ʃ o ʊ t͡ʃ t	s uː	s uː d	s uː d	t͡ʃ uː d	0	1	reg_d	rhyme_replaced	reg_d
model_stem	d r ɛ s	d r ɛ s t	d r ɛ s t	p r ɛ s	p r ɛ s t	p r ɛ s t	d r ɛ s t	1	1	reg_t	reg_t	reg_t
model_stem	ə n d ɹ̩ s t æ n d	ə n d ɹ̩ s t ʊ d	ə n d ɹ̩ s t æ n d	ə n w a ɪ n d	ə n w a ʊ n d	ə n w a ʊ n d	NA	0	0	rhyme_replaced	no_change	vowel_change
model_stem	t͡ʃ e ɪ s	t͡ʃ e ɪ s t	t͡ʃ e ɪ s t	b e ɪ s	b e ɪ s t	b e ɪ s t	t͡ʃ e ɪ s t	1	1	reg_t	reg_t	reg_t
model_stem	h ʌ ɡ	h ʌ ɡ d	h ʌ ɡ d	t ʌ ɡ	t ʌ ɡ d	t ʌ ɡ d	h ʌ ɡ d	1	1	reg_d	reg_d	reg_d
model_stem	h ɪ t	h ɪ t	h ɪ t	p ɪ t	p ɪ t ə d	p ɪ t ə d	h ɪ t ə d	0	0	no_change	no_change	reg_əd
model_stem	h æ m ɹ̩	h æ m ɹ̩ d	h æ m ɹ̩ d	æ n s ɹ̩	æ n s ɹ̩ d	æ n s ɹ̩ d	h æ m ɹ̩ d	1	1	reg_d	reg_d	reg_d
model_stem	w a ɪ n d	w a ɪ n d ə d	w a ʊ n d	m a ɪ n d	m a ʊ n d	m a ɪ n d ə d	w a ʊ n d	1	0	reg_əd	vowel_change	vowel_change
model_stem	k ə n s t r ʌ k t	k ə n s t r ʌ k t ə d	k ə n s t r ʌ k t ə d	ɪ l ə s t r e ɪ t	ɪ l ə s t r e ɪ t ə d	ɪ l ə s t r e ɪ t ə d	k ə n s t r ʌ k t ə d	1	1	reg_əd	reg_əd	reg_əd
model_stem	m iː t	m ɛ t	m iː t ə d	h iː t	h iː t ə d	h iː t ə d	m iː t ə d	1	0	vowel_change	reg_əd	reg_əd
model_stem	s w ɪ ʃ	s w ɪ ʃ t	s w ɪ ʃ t	s m æ ʃ	s m æ ʃ t	s m æ ʃ t	s w ɪ ʃ t	1	1	reg_t	reg_t	reg_t
model_stem	s k w iː z	s k w iː z d	s k w iː z d	k l o ʊ z	k l o ʊ z d	k l o ʊ z d	s k w iː z d	1	1	reg_d	reg_d	reg_d
model_stem	t͡ʃ ʌ ɡ	t͡ʃ ʌ ɡ d	t͡ʃ ʌ ɡ d	b æ ɡ	b æ ɡ d	b æ ɡ d	t͡ʃ ʌ ɡ d	1	1	reg_d	reg_d	reg_d
model_stem	b r æ n t͡ʃ	b r æ n t͡ʃ t	b r æ n t͡ʃ t	k r ʌ n t͡ʃ	k r ʌ n t͡ʃ t	k r ʌ n t͡ʃ t	b r æ n t͡ʃ t	1	1	reg_t	reg_t	reg_t
model_stem	n o ʊ t ɪ s	n o ʊ t ɪ s t	n o ʊ t ɪ s t	ə n a ʊ n s	ə n a ʊ n s t	ə n a ʊ n s t	n o ʊ t ɪ s t	1	1	reg_t	reg_t	reg_t
model_stem	b e ɪ k	b e ɪ k t	b e ɪ k t	f e ɪ k	f e ɪ k t	f e ɪ k t	b e ɪ k t	1	1	reg_t	reg_t	reg_t
model_stem	s n æ p	s n æ p t	s n æ p t	s l iː p	s l ɛ p t	s l ɛ p t	NA	0	0	reg_t	reg_t	vowel_change_suffix
model_stem	s w ɪ m	s w æ m	s w ɪ m d	s k ɪ m	s k ɪ m d	s k ɪ m d	s w ɪ m d	1	0	vowel_change	reg_d	reg_d
model_stem	ʃ ʌ t ə l	ʃ ʌ t ə l d	ʃ ʌ t ə l d	k ʌ p ə l	k ʌ p ə l d	k ʌ p ə l d	ʃ ʌ t ə l d	1	1	reg_d	reg_d	reg_d
model_stem	ə p r iː ʃ iː e ɪ t	ə p r iː ʃ iː e ɪ t ə d	ə p r iː ʃ iː e ɪ t ə d	ɪ v æ l j uː e ɪ t	ɪ v æ l j uː e ɪ t ə d	ɪ v æ l j uː e ɪ t ə d	ə p r iː ʃ iː e ɪ t ə d	1	1	reg_əd	reg_əd	reg_əd
model_stem	s m uː ð	s m uː ð d	s m uː ð d	m a ʊ ð	m a ʊ ð d	m a ʊ ð d	s m uː ð d	1	1	reg_d	reg_d	reg_d
model_stem	s t ɛ r	s t ɛ r d	s t ɛ r d	s p ɛ r	s p ɛ r d	s p ɛ r d	s t ɛ r d	1	1	reg_d	reg_d	reg_d
model_stem	k ɑː s t uː m	k ɑː s t uː m d	k ɑː s t uː m d	v æ k j uː m	v æ k j uː m d	v æ k j uː m d	k ɑː s t uː m d	1	1	reg_d	reg_d	reg_d
model_stem	ɡ uː f	ɡ uː f t	ɡ uː f t	p ʌ f	p ʌ f t	p ʌ f t	ɡ uː f t	1	1	reg_t	reg_t	reg_t
model_stem	d r a ʊ n	d r a ʊ n d	d r a ʊ n d	b r a ʊ n	b r a ʊ n d	b r a ʊ n d	d r a ʊ n d	1	1	reg_d	reg_d	reg_d
model_stem	n ɹ̩ s	n ɹ̩ s t	n ɹ̩ s t	k ɹ̩ s	k ɹ̩ s t	k ɹ̩ s t	n ɹ̩ s t	1	1	reg_t	reg_t	reg_t
model_stem	k r a ɪ	k r a ɪ d	k r a ɪ d	f r a ɪ	f r a ɪ d	f r a ɪ d	k r a ɪ d	1	1	reg_d	reg_d	reg_d
model_stem	iː v ɪ n	iː v ɪ n d	iː v ɪ n d	f a ɪ n	f a ɪ n d	f a ɪ n d	iː v ɪ n d	1	1	reg_d	reg_d	reg_d
model_stem	m a ɪ n	m a ɪ n d	m a ɪ n d	ʃ a ɪ n	ʃ a ɪ n d	ʃ a ɪ n d	m a ɪ n d	1	1	reg_d	reg_d	reg_d
model_stem	b ɪ ɡ ɪ n	b ɪ ɡ æ n	b ɪ ɡ e ɪ n	t w a ɪ n	t w a ɪ n d	t w a ɪ n d	b ɪ ɡ ɪ n d	0	0	vowel_change	vowel_change	reg_d
model_stem	s p æ ŋ k	s p æ ŋ k t	s p æ ŋ k t	s m o ʊ k	s m o ʊ k t	s m o ʊ k t	s p æ ŋ k t	1	1	reg_t	reg_t	reg_t
model_stem	t͡ʃ ɪ p	t͡ʃ ɪ p t	t͡ʃ ɪ p t	s ɪ p	s æ p t	s ɪ p t	t͡ʃ æ p t	0	0	reg_t	reg_t	vowel_change_suffix
model_stem	s p iː k	s p o ʊ k	s p ɛ k t	s t ɑː k	s t ɑː k t	s t ɑː k t	s p iː k t	0	0	vowel_change	vowel_change_suffix	reg_t
model_stem	s w ɪ t͡ʃ	s w ɪ t͡ʃ t	s w ɪ t͡ʃ t	t w ɪ t͡ʃ	t w ɪ t͡ʃ t	t w ɪ t͡ʃ t	s w ɪ t͡ʃ t	1	1	reg_t	reg_t	reg_t
model_stem	f a ɪ ɹ̩	f a ɪ ɹ̩ d	f a ɪ ɹ̩ d	b ɑː ð ɹ̩	b ɑː ð ɹ̩ d	b ɑː ð ɹ̩ d	f a ɪ ɹ̩ d	1	1	reg_d	reg_d	reg_d
model_stem	b ɪ l	b ɪ l d	b ɪ l d	w ɪ l	w ɪ l d	w ɪ l d	b ɪ l d	1	1	reg_d	reg_d	reg_d
model_stem	r iː m a ɪ n d	r iː m a ɪ n d ə d	r iː m a ʊ n d ə d	p r ə v a ɪ d	p r ə v a ɪ d ə d	p r ə v a ɪ d ə d	r iː m a ɪ n d ə d	0	1	reg_əd	other	reg_əd
model_stem	s iː d	s iː d ə d	s iː d ə d	w iː d	w iː d ə d	w iː d ə d	s iː d ə d	1	1	reg_əd	reg_əd	reg_əd
model_stem	w e ɪ v	w e ɪ v d	w e ɪ v d	ʃ e ɪ v	ʃ e ɪ v d	ʃ e ɪ v d	w e ɪ v d	1	1	reg_d	reg_d	reg_d
model_stem	b l uː m	b l uː m d	b l uː m d	d r iː m	d r iː m d	d r iː m d	b l uː m d	1	1	reg_d	reg_d	reg_d
model_stem	s t ɪ ŋ	s t ʌ ŋ	s t ɪ ŋ	k l ɪ ŋ	k l ʌ ŋ	k l ʌ ŋ	s t ʌ ŋ	0	1	vowel_change	no_change	vowel_change
model_stem	ə r a ɪ v	ə r a ɪ v d	ə r a ɪ v d	r ə s iː v	r ə s iː v d	r ə s iː v d	ə r a ɪ v d	1	1	reg_d	reg_d	reg_d
model_stem	b l ɛ s	b l ɛ s t	b l ɛ s t	p r ɛ s	p r ɛ s t	p r ɛ s t	b l ɛ s t	1	1	reg_t	reg_t	reg_t
model_stem	ə r ɛ s t	ə r ɛ s t ə d	ə r ɛ s t ə d	ɡ r ʌ n t	ɡ r ʌ n t ə d	ɡ r ʌ n t ə d	ə r ɛ s t ə d	1	1	reg_əd	reg_əd	reg_əd
model_stem	s p ɪ n	s p ʌ n	s p ɪ n d	s t ʌ n	s t ʌ n d	s t ʌ n d	s p ɪ n d	1	0	vowel_change	reg_d	reg_d
model_stem	k ə m p iː t	k ə m p iː t ə d	k ə m p iː t ə d	r iː p ɔ r t	r iː p ɔ r t ə d	r iː p ɔ r t ə d	k ə m p iː t ə d	1	1	reg_əd	reg_əd	reg_əd
model_stem	t r e ɪ n	t r e ɪ n d	t r e ɪ n d	p l e ɪ n	p l e ɪ n d	p l e ɪ n d	t r e ɪ n d	1	1	reg_d	reg_d	reg_d
model_stem	p æ s	p æ s t	p æ s t	ɡ æ s	ɡ æ s t	ɡ æ s t	p æ s t	1	1	reg_t	reg_t	reg_t
model_stem	s ɪ ŋ k	s æ ŋ k	s ɪ ŋ k t	θ ɪ ŋ k	θ ɔ t	θ ɔ t	s ɔ t	0	0	vowel_change	reg_t	rhyme_replaced
model_stem	l uː p	l uː p t	l uː p t	w uː p	w uː p t	w uː p t	l uː p t	1	1	reg_t	reg_t	reg_t
model_stem	s ə l ɛ k t	s ə l ɛ k t ə d	s ə l ɛ k t ə d	k ə l ɛ k t	k ə l ɛ k t ə d	k ə l ɛ k t ə d	s ə l ɛ k t ə d	1	1	reg_əd	reg_əd	reg_əd
model_stem	r ɪ ŋ	r æ ŋ	r ɪ ŋ	s ɪ ŋ	s æ ŋ	s æ ŋ	r æ ŋ	0	1	vowel_change	no_change	vowel_change
model_stem	m e ɪ l	m e ɪ l d	m e ɪ l d	n e ɪ l	n e ɪ l d	n e ɪ l d	m e ɪ l d	1	1	reg_d	reg_d	reg_d
model_stem	p æ t	p æ t ə d	p æ t ə d	b æ t	b æ t ə d	b æ t ə d	p æ t ə d	1	1	reg_əd	reg_əd	reg_əd
model_stem	k ɪ d	k ɪ d ə d	k ɪ d	e ɪ d	e ɪ d ə d	e ɪ d ə d	k ɪ d ə d	0	1	reg_əd	no_change	reg_əd
model_stem	p ɑː r d ə n	p ɑː r d ə n d	p ɑː r d ə n d	ʃ ɑː r p ə n	ʃ ɑː r p ə n d	ʃ ɑː r p ə n d	p ɑː r d ə n d	1	1	reg_d	reg_d	reg_d
model_stem	s t iː r	s t iː r d	s t iː r d	s t ɑː r	s t ɑː r d	s t ɑː r d	s t iː r d	1	1	reg_d	reg_d	reg_d
model_stem	f o ʊ l d	f o ʊ l d ə d	f o ʊ l d ə d	h o ʊ l d	h ɛ l d	h ɛ l d	f ɛ l d	0	0	reg_əd	reg_əd	vowel_change
model_stem	s n iː k	s n iː k t	s n iː k t	s t ɑː k	s t ɑː k t	s t ɑː k t	s n iː k t	1	1	reg_t	reg_t	reg_t
model_stem	b e ɪ l	b e ɪ l d	b e ɪ l d	w e ɪ l	w e ɪ l d	w e ɪ l d	b e ɪ l d	1	1	reg_d	reg_d	reg_d
model_stem	b ɛ t ɹ̩	b ɛ t ɹ̩ d	b ɛ t ɹ̩ d	b æ t ɹ̩	b æ t ɹ̩ d	b æ t ɹ̩ d	b ɛ t ɹ̩ d	1	1	reg_d	reg_d	reg_d
model_stem	ɡ ɑː r b ə l	ɡ ɑː r b ə l d	ɡ ɑː r b ə l d	m ɑː r b ə l	m ɑː r b ə l d	m ɑː r b ə l d	ɡ ɑː r b ə l d	1	1	reg_d	reg_d	reg_d
model_stem	s k w ɹ̩ t	s k w ɹ̩ t ə d	s k w ɹ̩ t ə d	ɪ n s ɹ̩ t	ɪ n s ɹ̩ t ə d	ɪ n s ɹ̩ t ə d	s k w ɹ̩ t ə d	1	1	reg_əd	reg_əd	reg_əd
model_stem	b ɑː k s	b ɑː k s t	b ɑː k s t	w æ k s	w æ k s t	w æ k s t	b ɑː k s t	1	1	reg_t	reg_t	reg_t
model_stem	s iː l	s iː l d	s iː l d	w iː l	w iː l d	w iː l d	s iː l d	1	1	reg_d	reg_d	reg_d
model_stem	s p r ɛ d	s p r ɛ d	s p r ɛ d ə d	b r æ n d	b r æ n d ə d	b r æ n d ə d	s p r ɛ d ə d	1	0	no_change	reg_əd	reg_əd
model_stem	p r ɑː m ə s	p r ɑː m ə s t	p r ɑː m ə s t	h ɑː r n ə s	h ɑː r n ə s t	h ɑː r n ə s t	p r ɑː m ə s t	1	1	reg_t	reg_t	reg_t
model_stem	b iː t	b iː t	b iː t ə d	t͡ʃ iː t	t͡ʃ iː t ə d	t͡ʃ iː t ə d	b iː t ə d	1	0	no_change	reg_əd	reg_əd
model_stem	h ɪ p n ə t a ɪ z	h ɪ p n ə t a ɪ z d	h ɪ p n ə t a ɪ z d	ə p ɑː l ə d͡ʒ a ɪ z	ə p ɑː l ə d͡ʒ a ɪ z d	ə p ɑː l ə d͡ʒ a ɪ z d	h ɪ p n ə t a ɪ z d	1	1	reg_d	reg_d	reg_d
model_stem	s l æ p	s l æ p t	s l æ p t	s l iː p	s l ɛ p t	s l ɛ p t	NA	0	0	reg_t	reg_t	vowel_change_suffix
model_stem	b ɛ s t	b ɛ s t ə d	b ɛ s t ə d	t ɛ s t	t ɛ s t ə d	t ɛ s t ə d	b ɛ s t ə d	1	1	reg_əd	reg_əd	reg_əd
model_stem	s t æ ɡ ɹ̩	s t æ ɡ ɹ̩ d	s t æ ɡ ɹ̩ d	s ɛ n t ɹ̩	s ɛ n t ɹ̩ d	s ɛ n t ɹ̩ d	s t æ ɡ ɹ̩ d	1	1	reg_d	reg_d	reg_d
model_stem	z æ p	z æ p t	z æ p t	k æ p	k æ p t	k æ p t	z æ p t	1	1	reg_t	reg_t	reg_t
model_stem	ə p s ɛ t	ə p s ɛ t	ə p s ɛ t	ɔ f s ɛ t	ɔ f s ɛ t	ɔ f s ɛ t	ə p s ɛ t	1	1	no_change	no_change	no_change
model_stem	r ɛ s t	r ɛ s t ə d	r ɛ s t ə d	r ʌ s t	r ʌ s t ə d	r ʌ s t ə d	r ɛ s t ə d	1	1	reg_əd	reg_əd	reg_əd
model_stem	s p l æ ʃ	s p l æ ʃ t	s p l æ ʃ t	f l ɹ̩ ɪ ʃ	f l ɹ̩ ɪ ʃ t	f l ɹ̩ ɪ ʃ t	s p l æ ʃ t	1	1	reg_t	reg_t	reg_t
model_stem	l a ɪ n	l a ɪ n d	l a ɪ n d	ʃ a ɪ n	ʃ a ɪ n d	ʃ a ɪ n d	l a ɪ n d	1	1	reg_d	reg_d	reg_d
model_stem	ə n d uː	ə n d ɪ d	ə n d uː d	t æ t uː	t æ t uː d	t æ t uː d	ə n d uː d	1	0	vowel_change_suffix	reg_d	reg_d
model_stem	p ɛ n	p ɛ n d	p ɛ n d	p æ n	p æ n d	p æ n d	p ɛ n d	1	1	reg_d	reg_d	reg_d
model_stem	ɛ d ə t	ɛ d ə t ə d	ɛ d ə t ə d	r ɛ n t	r ɛ n t ə d	r ɛ n t ə d	ɛ d ə t ə d	1	1	reg_əd	reg_əd	reg_əd
model_stem	ɪ k s p l ɔ r	ɪ k s p l ɔ r d	ɪ k s p l ɔ r d	ɪ n t ɹ̩ f ɪ r	ɪ n t ɹ̩ f ɪ r d	ɪ n t ɹ̩ f ɪ r d	ɪ k s p l ɔ r d	1	1	reg_d	reg_d	reg_d
model_stem	ə s uː m	ə s uː m d	ə s uː m d	h ɑː r m	h ɑː r m d	h ɑː r m d	ə s uː m d	1	1	reg_d	reg_d	reg_d
model_stem	s p r e ɪ	s p r e ɪ d	s p r e ɪ d	r iː p e ɪ	r iː p e ɪ d	r iː p e ɪ d	s p r e ɪ d	1	1	reg_d	reg_d	reg_d
model_stem	l o ʊ ɹ̩	l o ʊ ɹ̩ d	l o ʊ ɹ̩ d	ʃ a ʊ ɹ̩	ʃ a ʊ ɹ̩ d	ʃ a ʊ ɹ̩ d	l o ʊ ɹ̩ d	1	1	reg_d	reg_d	reg_d
model_stem	d æ m	d æ m d	d æ m d	z uː m	z uː m d	z uː m d	d æ m d	1	1	reg_d	reg_d	reg_d
model_stem	r ʌ ʃ	r ʌ ʃ t	r æ ʃ t	h ʌ ʃ	h ʌ ʃ t	h ʌ ʃ t	r ʌ ʃ t	0	1	reg_t	vowel_change_suffix	reg_t
model_stem	p l ʌ ɡ	p l ʌ ɡ d	p l ʌ ɡ d	s l ʌ ɡ	s l ʌ ɡ d	s l ʌ ɡ d	p l ʌ ɡ d	1	1	reg_d	reg_d	reg_d
model_stem	ə d m ɪ t	ə d m ɪ t ə d	ə d m ɪ t ə d	k ə m ɪ t	k ə m ɪ t ə d	k ə m ɪ t ə d	ə d m ɪ t ə d	1	1	reg_əd	reg_əd	reg_əd
model_stem	ə n t a ɪ	ə n t a ɪ d	ə n t a ɪ d	ə p l a ɪ	ə p l a ɪ d	ə p l a ɪ d	ə n t a ɪ d	1	1	reg_d	reg_d	reg_d
model_stem	b ʌ k ə l	b ʌ k ə l d	b ʌ k ə l d	b ʌ b ə l	b ʌ b ə l d	b ʌ b ə l d	b ʌ k ə l d	1	1	reg_d	reg_d	reg_d
model_stem	s w uː ʃ	s w uː ʃ t	s w uː ʃ t	b l ʌ ʃ	b l ʌ ʃ t	b l ʌ ʃ t	s w uː ʃ t	1	1	reg_t	reg_t	reg_t
model_stem	ə r a ɪ z	ə r o ʊ z	ə r a ɪ z d	ə m e ɪ z	ə m e ɪ z d	ə m e ɪ z d	ə r a ɪ z d	1	0	vowel_change	reg_d	reg_d
model_stem	s o ʊ k	s o ʊ k t	s o ʊ k t	d͡ʒ o ʊ k	d͡ʒ o ʊ k t	d͡ʒ o ʊ k t	s o ʊ k t	1	1	reg_t	reg_t	reg_t
model_stem	t r æ p	t r æ p t	t r æ p t	t r ɪ p	t r ɪ p t	t r ɪ p t	t r æ p t	1	1	reg_t	reg_t	reg_t
model_stem	p a ɪ l	p a ɪ l d	p a ɪ l d	t a ɪ l	t a ɪ l d	t a ɪ l d	p a ɪ l d	1	1	reg_d	reg_d	reg_d
model_stem	ɪ k s p l o ʊ d	ɪ k s p l o ʊ d ə d	ɪ k s p l o ʊ d ə d	d a ʊ n l o ʊ d	d a ʊ n l o ʊ d ə d	d a ʊ n l o ʊ d ə d	ɪ k s p l o ʊ d ə d	1	1	reg_əd	reg_əd	reg_əd
model_stem	b ɔ ɪ l	b ɔ ɪ l d	b ɔ ɪ l d	w e ɪ l	w e ɪ l d	w e ɪ l d	b ɔ ɪ l d	1	1	reg_d	reg_d	reg_d
model_stem	k ə n s ɪ d ɹ̩	k ə n s ɪ d ɹ̩ d	k ə n s ɪ d ɹ̩ d	s p l ɪ n t ɹ̩	s p l ɪ n t ɹ̩ d	s p l ɪ n t ɹ̩ d	k ə n s ɪ d ɹ̩ d	1	1	reg_d	reg_d	reg_d
model_stem	s k a ʊ l	s k a ʊ l d	s k a ʊ l d	ɡ r a ʊ l	ɡ r a ʊ l d	ɡ r a ʊ l d	s k a ʊ l d	1	1	reg_d	reg_d	reg_d
model_stem	ɪ ɡ z ɔ s t	ɪ ɡ z ɔ s t ə d	ɪ ɡ z ɔ s t ə d	ɪ ɡ z ɪ s t	ɪ ɡ z ɪ s t ə d	ɪ ɡ z ɪ s t ə d	ɪ ɡ z ɔ s t ə d	1	1	reg_əd	reg_əd	reg_əd
model_stem	s uː p ɹ̩ v a ɪ z	s uː p ɹ̩ v a ɪ z d	s uː p ɹ̩ v a ɪ z d	ɛ k s ɹ̩ s a ɪ z	ɛ k s ɹ̩ s a ɪ z d	ɛ k s ɹ̩ s a ɪ z d	s uː p ɹ̩ v a ɪ z d	1	1	reg_d	reg_d	reg_d
model_stem	d æ ŋ ɡ ə l	d æ ŋ ɡ ə l d	d æ ŋ ɡ ə l d	s p ɛ k ə l	s p ɛ k ə l d	s p ɛ k ə l d	d æ ŋ ɡ ə l d	1	1	reg_d	reg_d	reg_d
model_stem	d͡ʒ ɪ m iː	d͡ʒ ɪ m iː d	d͡ʒ ɪ m iː d	m ʌ d iː	m ʌ d iː d	m ʌ d iː d	d͡ʒ ɪ m iː d	1	1	reg_d	reg_d	reg_d
model_stem	t r ʌ b ə l	t r ʌ b ə l d	t r ʌ b ə l d	t ʌ m b ə l	t ʌ m b ə l d	t ʌ m b ə l d	t r ʌ b ə l d	1	1	reg_d	reg_d	reg_d
model_stem	p e ɪ d͡ʒ	p e ɪ d͡ʒ d	p e ɪ d͡ʒ d	p l ɛ d͡ʒ	p l ɛ d͡ʒ d	p l ɛ d͡ʒ d	p e ɪ d͡ʒ d	1	1	reg_d	reg_d	reg_d
model_stem	t a ʊ ɹ̩	t a ʊ ɹ̩ d	t a ʊ ɹ̩ d	ʃ a ʊ ɹ̩	ʃ a ʊ ɹ̩ d	ʃ a ʊ ɹ̩ d	t a ʊ ɹ̩ d	1	1	reg_d	reg_d	reg_d
model_stem	f ɛ n s	f ɛ n s t	f ɛ n s t	d æ n s	d æ n s t	d æ n s t	f ɛ n s t	1	1	reg_t	reg_t	reg_t
model_stem	d ɛ r	d ɛ r d	d ɛ r d	b ɛ r	b o ʊ r	b o ʊ r	d o ʊ r	0	0	reg_d	reg_d	vowel_change
model_stem	b l iː d	b l ɛ d	b l ɛ d ə d	b ɛ n d	b ɛ n t	b ɛ n d ə d	b l iː t	0	0	vowel_change	other	coda_change
model_stem	ɛ n t ɹ̩	ɛ n t ɹ̩ d	ɛ n t ɹ̩ d	k ɑː l ɹ̩	k ɑː l ɹ̩ d	k ɑː l ɹ̩ d	ɛ n t ɹ̩ d	1	1	reg_d	reg_d	reg_d
model_stem	m e ɪ n t e ɪ n	m e ɪ n t e ɪ n d	m e ɪ n t e ɪ n d	ɪ k s p l e ɪ n	ɪ k s p l e ɪ n d	ɪ k s p l e ɪ n d	m e ɪ n t e ɪ n d	1	1	reg_d	reg_d	reg_d
model_stem	f ɛ r	f ɛ r d	f ɛ r d	b ɛ r	b o ʊ r	b o ʊ r	f o ʊ r	0	0	reg_d	reg_d	vowel_change
model_stem	d ɪ p	d ɪ p t	d ɪ p t	s ɪ p	s æ p t	s ɪ p t	d æ p t	0	0	reg_t	reg_t	vowel_change_suffix
model_stem	j ɔ n	j ɔ n d	j ɔ n d	t æ n	t æ n d	t æ n d	j ɔ n d	1	1	reg_d	reg_d	reg_d
model_stem	ʃ ʊ ɡ ɹ̩	ʃ ʊ ɡ ɹ̩ d	ʃ ʊ ɡ ɹ̩ d	ʃ a ʊ ɹ̩	ʃ a ʊ ɹ̩ d	ʃ a ʊ ɹ̩ d	ʃ ʊ ɡ ɹ̩ d	1	1	reg_d	reg_d	reg_d
model_stem	d r ɪ f t	d r ɪ f t ə d	d r æ f t ə d	r iː æ k t	r iː æ k t ə d	r iː æ k t ə d	d r ɪ f t ə d	0	1	reg_əd	other	reg_əd
model_stem	ɪ n s p a ɪ ɹ̩	ɪ n s p a ɪ ɹ̩ d	ɪ n s p a ɪ ɹ̩ d	ɪ k s p a ɪ ɹ̩	ɪ k s p a ɪ ɹ̩ d	ɪ k s p a ɪ ɹ̩ d	ɪ n s p a ɪ ɹ̩ d	1	1	reg_d	reg_d	reg_d
model_stem	m ɛ n ʃ ə n	m ɛ n ʃ ə n d	m ɛ n ʃ ə n d	f r ɛ ʃ ə n	f r ɛ ʃ ə n d	f r ɛ ʃ ə n d	m ɛ n ʃ ə n d	1	1	reg_d	reg_d	reg_d
model_stem	s l ɪ p	s l ɪ p t	s l ɪ p t	s l iː p	s l ɛ p t	s l ɛ p t	NA	0	0	reg_t	reg_t	vowel_change_suffix
model_stem	s k ɪ p	s k ɪ p t	s k ɪ p t	s l iː p	s l ɛ p t	s l ɛ p t	NA	0	0	reg_t	reg_t	vowel_change_suffix
model_stem	m ə n ɪ p j ə l e ɪ t	m ə n ɪ p j ə l e ɪ t ə d	m ə n j ə l ə l e ɪ t ə d	r iː ɪ v æ l j uː e ɪ t	r iː ɪ v æ l j uː e ɪ t ə d	r iː ɪ v æ l j uː e ɪ t ə d	m ə n ɪ p j ə l e ɪ t ə d	0	1	reg_əd	other	reg_əd
model_stem	s æ k	s æ k t	s æ k t	d͡ʒ æ k	d͡ʒ æ k t	d͡ʒ æ k t	s æ k t	1	1	reg_t	reg_t	reg_t
model_stem	ɪ n s p ɛ k t	ɪ n s p ɛ k t ə d	ɪ n s p ɛ k t ə d	ɪ k s p ɛ k t	ɪ k s p ɛ k t ə d	ɪ k s p ɛ k t ə d	ɪ n s p ɛ k t ə d	1	1	reg_əd	reg_əd	reg_əd
model_stem	s æ k r ə f a ɪ s	s æ k r ə f a ɪ s t	s æ k r ə f a ɪ s t	k ə l æ p s	k ə l æ p s t	k ə l æ p s t	s æ k r ə f a ɪ s t	1	1	reg_t	reg_t	reg_t
model_stem	t æ p	t æ p t	t æ p t	m æ p	m æ p t	m æ p t	t æ p t	1	1	reg_t	reg_t	reg_t
model_stem	h ɔ l	h ɔ l d	h ɔ l d	h ɹ̩ l	h ɹ̩ l d	h ɹ̩ l d	h ɔ l d	1	1	reg_d	reg_d	reg_d
model_stem	s k a ʊ t	s k a ʊ t ə d	s k a ʊ t ə d	k a ʊ n t	k a ʊ n t ə d	k a ʊ n t ə d	s k a ʊ t ə d	1	1	reg_əd	reg_əd	reg_əd
model_stem	p ɑː k ə t	p ɑː k ə t ə d	p ɑː k ə t ə d	r ɑː k ə t	r ɑː k ə t ə d	r ɑː k ə t ə d	p ɑː k ə t ə d	1	1	reg_əd	reg_əd	reg_əd
model_stem	h a ʊ l	h a ʊ l d	h a ʊ l d	h o ʊ l	h o ʊ l d	h o ʊ l d	h a ʊ l d	1	1	reg_d	reg_d	reg_d
model_stem	d ɔ n	d ɔ n d	d ɔ n d	b ɹ̩ n	b ɹ̩ n d	b ɹ̩ n d	d ɔ n d	1	1	reg_d	reg_d	reg_d
model_stem	t æ ŋ ɡ ə l	t æ ŋ ɡ ə l d	t æ ŋ ɡ ə l d	t ʌ m b ə l	t ʌ m b ə l d	t ʌ m b ə l d	t æ ŋ ɡ ə l d	1	1	reg_d	reg_d	reg_d
model_stem	ɡ a ɪ d	ɡ a ɪ d ə d	ɡ a ɪ d ə d	s a ɪ d	s a ɪ d ə d	s a ɪ d ə d	ɡ a ɪ d ə d	1	1	reg_əd	reg_əd	reg_əd
model_stem	θ ʌ n d ɹ̩	θ ʌ n d ɹ̩ d	θ ʌ n d ɹ̩ d	w ɑː n d ɹ̩	w ɑː n d ɹ̩ d	w ɑː n d ɹ̩ d	θ ʌ n d ɹ̩ d	1	1	reg_d	reg_d	reg_d
model_stem	r a ʊ n d	r a ʊ n d ə d	r a ʊ n d ə d	s a ʊ n d	s a ʊ n d ə d	s a ʊ n d ə d	r a ʊ n d ə d	1	1	reg_əd	reg_əd	reg_əd
model_stem	æ b d ʌ k t	æ b d ʌ k t ə d	æ b ʌ k t ə d	æ k s ɛ p t	æ k s ɛ p t ə d	æ k s ɛ p t ə d	æ b d ʌ k t ə d	0	1	reg_əd	other	reg_əd
model_stem	ɡ ʌ m	ɡ ʌ m d	ɡ ʌ m d	k ʌ m	k ʌ m d	k e ɪ m	ɡ ʌ m d	1	1	reg_d	reg_d	reg_d
model_stem	l ɛ k t͡ʃ ɹ̩	l ɛ k t͡ʃ ɹ̩ d	l ɛ k t͡ʃ ɹ̩ d	k æ p t͡ʃ ɹ̩	k æ p t͡ʃ ɹ̩ d	k æ p t͡ʃ ɹ̩ d	l ɛ k t͡ʃ ɹ̩ d	1	1	reg_d	reg_d	reg_d
model_stem	d r ɪ b ə l	d r ɪ b ə l d	d r ɪ b ə l d	r ɪ ŋ k ə l	r ɪ ŋ k ə l d	r ɪ ŋ k ə l d	d r ɪ b ə l d	1	1	reg_d	reg_d	reg_d
model_stem	d ʌ s t	d ʌ s t ə d	d ʌ s t ə d	b ʌ s t	b ʌ s t ə d	b ʌ s t ə d	d ʌ s t ə d	1	1	reg_əd	reg_əd	reg_əd
model_stem	d͡ʒ æ m	d͡ʒ æ m d	d͡ʒ æ m d	k ʌ m	k ʌ m d	k e ɪ m	d͡ʒ æ m d	1	1	reg_d	reg_d	reg_d
model_stem	t͡ʃ æ n ə l	t͡ʃ æ n ə l d	t͡ʃ æ n ə l d	n ɪ b ə l	n ɪ b ə l d	n ɪ b ə l d	t͡ʃ æ n ə l d	1	1	reg_d	reg_d	reg_d
model_stem	d r e ɪ n	d r e ɪ n d	d r e ɪ n d	s t e ɪ n	s t e ɪ n d	s t e ɪ n d	d r e ɪ n d	1	1	reg_d	reg_d	reg_d
model_stem	w uː n d	w uː n d ə d	w uː n d ə d	h æ n d	h æ n d ə d	h æ n d ə d	w uː n d ə d	1	1	reg_əd	reg_əd	reg_əd
model_stem	t e ɪ l	t e ɪ l d	t e ɪ l d	t a ɪ l	t a ɪ l d	t a ɪ l d	t e ɪ l d	1	1	reg_d	reg_d	reg_d
model_stem	s l o ʊ	s l o ʊ d	s l o ʊ d	b l o ʊ	b l uː	b l uː	s l uː	0	0	reg_d	reg_d	vowel_change
model_stem	s t ɪ ŋ k	s t ʌ ŋ k	s t ɪ ŋ k t	s t e ɪ k	s t e ɪ k t	s t e ɪ k t	s t ɪ ŋ k t	1	0	vowel_change	reg_t	reg_t
model_stem	f iː l d	f iː l d ə d	f iː l d ə d	ʃ iː l d	ʃ iː l d ə d	ʃ iː l d ə d	f iː l d ə d	1	1	reg_əd	reg_əd	reg_əd
model_stem	s p a ɪ	s p a ɪ d	s p a ɪ d	p r a ɪ	p r a ɪ d	p r a ɪ d	s p a ɪ d	1	1	reg_d	reg_d	reg_d
model_stem	s ɪ ɡ n ə l	s ɪ ɡ n ə l d	s ɪ ɡ n ə l d	t r æ v ə l	t r æ v ə l d	t r æ v ə l d	s ɪ ɡ n ə l d	1	1	reg_d	reg_d	reg_d
model_stem	ɛ n k ɹ̩ ɪ d͡ʒ	ɛ n k ɹ̩ ɪ d͡ʒ d	ɛ n k ɹ̩ ɪ d͡ʒ d	b æ n d ɪ d͡ʒ	b æ n d ɪ d͡ʒ d	b æ n d ɪ d͡ʒ d	ɛ n k ɹ̩ ɪ d͡ʒ d	1	1	reg_d	reg_d	reg_d
model_stem	s æ n ɪ t a ɪ z	s æ n ɪ t a ɪ z d	s æ n ɪ t a ɪ z d	ɔ r ɡ ə n a ɪ z	ɔ r ɡ ə n a ɪ z d	ɔ r ɡ ə n a ɪ z d	s æ n ɪ t a ɪ z d	1	1	reg_d	reg_d	reg_d
model_stem	f r a ɪ t ə n	f r a ɪ t ə n d	f r a ɪ t ə n d	b r a ɪ t ə n	b r a ɪ t ə n d	b r a ɪ t ə n d	f r a ɪ t ə n d	1	1	reg_d	reg_d	reg_d
model_stem	o ʊ v ɹ̩ k ə m	o ʊ v ɹ̩ k e ɪ m	o ʊ v ɹ̩ k ə m d	m ʌ ʃ r uː m	m ʌ ʃ r uː m d	m ʌ ʃ r uː m d	o ʊ v ɹ̩ k ə m d	1	0	vowel_change	reg_d	reg_d
model_stem	p ɛ p ɹ̩	p ɛ p ɹ̩ d	p ɛ p ɹ̩ d	p iː t ɹ̩	p iː t ɹ̩ d	p iː t ɹ̩ d	p ɛ p ɹ̩ d	1	1	reg_d	reg_d	reg_d
model_stem	b ʌ d͡ʒ	b ʌ d͡ʒ d	b ʌ d͡ʒ d	f ʌ d͡ʒ	f ʌ d͡ʒ d	f ʌ d͡ʒ d	b ʌ d͡ʒ d	1	1	reg_d	reg_d	reg_d
model_stem	ɡ l ɛ r	ɡ l ɛ r d	ɡ l ɛ r d	k l iː r	k l iː r d	k l iː r d	ɡ l ɛ r d	1	1	reg_d	reg_d	reg_d
model_stem	ə f ɔ r d	ə f ɔ r d ə d	ə f ɔ r d ə d	ə p l ɔ d	ə p l ɔ d ə d	ə p l ɔ d ə d	ə f ɔ r d ə d	1	1	reg_əd	reg_əd	reg_əd
model_stem	s k o ʊ l d	s k o ʊ l d ə d	s k o ʊ l d ə d	r iː l o ʊ d	r iː l o ʊ d ə d	r iː l o ʊ d ə d	s k o ʊ l d ə d	1	1	reg_əd	reg_əd	reg_əd
model_stem	s ɛ n s	s ɛ n s t	s ɛ n s t	d æ n s	d æ n s t	d æ n s t	s ɛ n s t	1	1	reg_t	reg_t	reg_t
model_stem	ɛ m f ə s a ɪ z	ɛ m f ə s a ɪ z d	ɛ m f ə s a ɪ z d	ɛ k s ɹ̩ s a ɪ z	ɛ k s ɹ̩ s a ɪ z d	ɛ k s ɹ̩ s a ɪ z d	ɛ m f ə s a ɪ z d	1	1	reg_d	reg_d	reg_d
model_stem	l e ɪ b ə l	l e ɪ b ə l d	l e ɪ b ə l d	t e ɪ b ə l	t e ɪ b ə l d	t e ɪ b ə l d	l e ɪ b ə l d	1	1	reg_d	reg_d	reg_d
model_stem	b a ʊ	b a ʊ d	b ɔ t	r o ʊ	r o ʊ d	r o ʊ d	b a ʊ d	0	1	reg_d	vowel_change_suffix	reg_d
model_stem	b ʌ n t͡ʃ	b ʌ n t͡ʃ t	b ʌ n t͡ʃ t	m ʌ n t͡ʃ	m ʌ n t͡ʃ t	m ʌ n t͡ʃ t	b ʌ n t͡ʃ t	1	1	reg_t	reg_t	reg_t
model_stem	t ɛ r ə r a ɪ z	t ɛ r ə r a ɪ z d	t ɛ r ə r a ɪ z d	ɔ r ɡ ə n a ɪ z	ɔ r ɡ ə n a ɪ z d	ɔ r ɡ ə n a ɪ z d	t ɛ r ə r a ɪ z d	1	1	reg_d	reg_d	reg_d
model_stem	ɡ r æ v ə t e ɪ t	ɡ r æ v ə t e ɪ t ə d	ɡ r æ v ə t e ɪ t ə d	ɪ v æ l j uː e ɪ t	ɪ v æ l j uː e ɪ t ə d	ɪ v æ l j uː e ɪ t ə d	ɡ r æ v ə t e ɪ t ə d	1	1	reg_əd	reg_əd	reg_əd
model_stem	b l æ s t	b l æ s t ə d	b l æ s t ə d	b o ʊ l t	b o ʊ l t ə d	b o ʊ l t ə d	b l æ s t ə d	1	1	reg_əd	reg_əd	reg_əd
model_stem	ɪ n ɪ ʃ ə l	ɪ n ɪ ʃ ə l d	ɪ n ɪ ʃ ə l d	t ɪ ŋ k ə l	t ɪ ŋ k ə l d	t ɪ ŋ k ə l d	ɪ n ɪ ʃ ə l d	1	1	reg_d	reg_d	reg_d
model_stem	s w ɑː p	s w ɑː p t	s w ɑː p t	s w iː p	s w ɛ p t	s w ɛ p t	NA	0	0	reg_t	reg_t	vowel_change_suffix
model_stem	æ d m a ɪ ɹ̩	æ d m a ɪ ɹ̩ d	æ d m a ɪ ɹ̩ d	r ɪ t a ɪ ɹ̩	r ɪ t a ɪ ɹ̩ d	r ɪ t a ɪ ɹ̩ d	æ d m a ɪ ɹ̩ d	1	1	reg_d	reg_d	reg_d
model_stem	s ə p ɔ r t	s ə p ɔ r t ə d	s ə p ɔ r t ə d	ɛ s k ɔ r t	ɛ s k ɔ r t ə d	ɛ s k ɔ r t ə d	s ə p ɔ r t ə d	1	1	reg_əd	reg_əd	reg_əd
model_stem	p æ m p ɹ̩	p æ m p ɹ̩ d	p æ m p ɹ̩ d	p ɪ k t͡ʃ ɹ̩	p ɪ k t͡ʃ ɹ̩ d	p ɪ k t͡ʃ ɹ̩ d	p æ m p ɹ̩ d	1	1	reg_d	reg_d	reg_d
model_stem	v ɔ ɪ s	v ɔ ɪ s t	v ɔ ɪ s t	k l æ s	k l æ s t	k l æ s t	v ɔ ɪ s t	1	1	reg_t	reg_t	reg_t
model_stem	s k ɔ r	s k ɔ r d	s k ɔ r d	s t ɔ r	s t ɔ r d	s t ɔ r d	s k ɔ r d	1	1	reg_d	reg_d	reg_d
model_stem	d ɑː k t ɹ̩	d ɑː k t ɹ̩ d	d ɑː k t ɹ̩ d	s ɛ n t ɹ̩	s ɛ n t ɹ̩ d	s ɛ n t ɹ̩ d	d ɑː k t ɹ̩ d	1	1	reg_d	reg_d	reg_d
model_stem	r iː v æ m p	r iː v æ m p t	r iː v æ m p t	k ɪ d n æ p	k ɪ d n æ p t	k ɪ d n æ p t	r iː v æ m p t	1	1	reg_t	reg_t	reg_t
model_stem	l iː s	l iː s t	l iː s t	p iː s	p iː s t	p iː s t	l iː s t	1	1	reg_t	reg_t	reg_t
model_stem	s ə p r ɛ s	s ə p r ɛ s t	s ə p r ɛ s t	ɪ m p r ɛ s	ɪ m p r ɛ s t	ɪ m p r ɛ s t	s ə p r ɛ s t	1	1	reg_t	reg_t	reg_t
model_stem	ə p o ʊ z	ə p o ʊ z d	ə p o ʊ z d	k l o ʊ z	k l o ʊ z d	k l o ʊ z d	ə p o ʊ z d	1	1	reg_d	reg_d	reg_d
model_stem	f l ɑː p	f l ɑː p t	f l ɑː p t	f l æ p	f l æ p t	f l æ p t	f l ɑː p t	1	1	reg_t	reg_t	reg_t
model_stem	b ʌ m	b ʌ m d	b ʌ m d	b uː m	b uː m d	b uː m d	b ʌ m d	1	1	reg_d	reg_d	reg_d
model_stem	s p ɹ̩ t	s p ɹ̩ t ə d	s p ɹ̩ t ə d	s w ɛ t	s w ɛ t ə d	s w ɛ t ə d	s p ɹ̩ t ə d	1	1	reg_əd	reg_əd	reg_əd
model_stem	h uː t	h uː t ə d	h uː t ə d	ʃ uː t	ʃ ɑː t	ʃ ɑː t	h ɑː t	0	0	reg_əd	reg_əd	vowel_change
model_stem	p ɹ̩ s	p ɹ̩ s t	p ɹ̩ s t	t ɔ s	t ɔ s t	t ɔ s t	p ɹ̩ s t	1	1	reg_t	reg_t	reg_t
model_stem	k l ʌ b	k l ʌ b d	k l ʌ b d	k j uː b	k j uː b d	k j uː b d	k l ʌ b d	1	1	reg_d	reg_d	reg_d
model_stem	p ɪ t iː	p ɪ t iː d	p ɪ t iː d	m ʌ d iː	m ʌ d iː d	m ʌ d iː d	p ɪ t iː d	1	1	reg_d	reg_d	reg_d
model_stem	t r æ m p	t r æ m p t	t r æ m p t	t r ʌ m p	t r ʌ m p t	t r ʌ m p t	t r æ m p t	1	1	reg_t	reg_t	reg_t
model_stem	d͡ʒ ɛ n ɹ̩ e ɪ t	d͡ʒ ɛ n ɹ̩ e ɪ t ə d	d͡ʒ ɛ n ɹ̩ e ɪ t ə d	f ɪ k s e ɪ t	f ɪ k s e ɪ t ə d	f ɪ k s e ɪ t ə d	d͡ʒ ɛ n ɹ̩ e ɪ t ə d	1	1	reg_əd	reg_əd	reg_əd
model_stem	t æ t ə l	t æ t ə l d	t æ t ə l d	t æ k ə l	t æ k ə l d	t æ k ə l d	t æ t ə l d	1	1	reg_d	reg_d	reg_d
model_stem	f ʌ m b ə l	f ʌ m b ə l d	f ʌ m b ə l d	m ɑː r b ə l	m ɑː r b ə l d	m ɑː r b ə l d	f ʌ m b ə l d	1	1	reg_d	reg_d	reg_d
model_stem	s t æ ʃ	s t æ ʃ t	s t æ ʃ t	s m æ ʃ	s m æ ʃ t	s m æ ʃ t	s t æ ʃ t	1	1	reg_t	reg_t	reg_t
model_stem	ɪ n s ɪ s t	ɪ n s ɪ s t ə d	ɪ n s ɪ s t ə d	ɪ ɡ z ɪ s t	ɪ ɡ z ɪ s t ə d	ɪ ɡ z ɪ s t ə d	ɪ n s ɪ s t ə d	1	1	reg_əd	reg_əd	reg_əd
model_stem	ɪ ɡ z æ m ɪ n	ɪ ɡ z æ m ɪ n d	ɪ ɡ z æ m ɪ n d	d ɪ k l a ɪ n	d ɪ k l a ɪ n d	d ɪ k l a ɪ n d	ɪ ɡ z æ m ɪ n d	1	1	reg_d	reg_d	reg_d
model_stem	b l ɑː s ə m	b l ɑː s ə m d	b l ɑː s ə m d	w ɛ l k ə m	w ɛ l k ə m d	w ɛ l k ə m d	b l ɑː s ə m d	1	1	reg_d	reg_d	reg_d
model_stem	r o ʊ p	r o ʊ p t	r o ʊ p t	d o ʊ p	d o ʊ p t	d o ʊ p t	r o ʊ p t	1	1	reg_t	reg_t	reg_t
model_stem	p ɪ ŋ	p ɪ ŋ d	p ɪ ŋ d	t ʌ ŋ	t ʌ ŋ d	t ʌ ŋ d	p ɪ ŋ d	1	1	reg_d	reg_d	reg_d
model_stem	v o ʊ t	v o ʊ t ə d	v o ʊ t ə d	f r ɛ t	f r ɛ t ə d	f r ɛ t ə d	v o ʊ t ə d	1	1	reg_əd	reg_əd	reg_əd
model_stem	n iː r	n iː r d	n iː r d	p iː r	p iː r d	p iː r d	n iː r d	1	1	reg_d	reg_d	reg_d
model_stem	t r ʌ s t	t r ʌ s t ə d	t r ʌ s t ə d	t ɪ k ə t	t ɪ k ə t ə d	t ɪ k ə t ə d	t r ʌ s t ə d	1	1	reg_əd	reg_əd	reg_əd
model_stem	ɪ n t ɹ̩ s p ɹ̩ s	ɪ n t ɹ̩ s p ɹ̩ s t	ɪ n t ɹ̩ s p ɹ̩ s t ɹ̩ s t ɹ̩ t ɹ̩ t	ɪ n t r ə d uː s	ɪ n t r ə d uː s t	ɪ n t r ə d uː s t	ɪ n t ɹ̩ s p ɹ̩ s t	0	1	reg_t	other	reg_t
model_stem	s w uː p	s w uː p t	s w uː p t	s k uː p	s k uː p t	s k uː p t	s w uː p t	1	1	reg_t	reg_t	reg_t
model_stem	d͡ʒ e ɪ l	d͡ʒ e ɪ l d	d͡ʒ e ɪ l d	n e ɪ l	n e ɪ l d	n e ɪ l d	d͡ʒ e ɪ l d	1	1	reg_d	reg_d	reg_d
model_stem	f e ɪ l	f e ɪ l d	f e ɪ l d	f a ɪ l	f a ɪ l d	f a ɪ l d	f e ɪ l d	1	1	reg_d	reg_d	reg_d
model_stem	b ʊ k	b ʊ k t	b ʊ k t	h ʊ k	h ʊ k t	h ʊ k t	b ʊ k t	1	1	reg_t	reg_t	reg_t
model_stem	s ɪ f t	s ɪ f t ə d	s ɪ f t ə d	ʃ ɪ f t	ʃ ɪ f t ə d	ʃ ɪ f t ə d	s ɪ f t ə d	1	1	reg_əd	reg_əd	reg_əd
model_stem	k a ʊ t͡ʃ	k a ʊ t͡ʃ t	k a ʊ t͡ʃ t	m ɑː r t͡ʃ	m ɑː r t͡ʃ t	m ɑː r t͡ʃ t	k a ʊ t͡ʃ t	1	1	reg_t	reg_t	reg_t
model_stem	f r ʌ n t	f r ʌ n t ə d	f r ʌ n t ə d	ɡ r ʌ n t	ɡ r ʌ n t ə d	ɡ r ʌ n t ə d	f r ʌ n t ə d	1	1	reg_əd	reg_əd	reg_əd
model_stem	p r ə d uː s	p r ə d uː s t	p r ə d uː s t	r ɪ l æ k s	r ɪ l æ k s t	r ɪ l æ k s t	p r ə d uː s t	1	1	reg_t	reg_t	reg_t
model_stem	ʃ e ɪ d	ʃ e ɪ d ə d	ʃ e ɪ d ə d	f e ɪ d	f e ɪ d ə d	f e ɪ d ə d	ʃ e ɪ d ə d	1	1	reg_əd	reg_əd	reg_əd
model_stem	d r ɛ n t͡ʃ	d r ɛ n t͡ʃ t	d r ɛ n t͡ʃ t	s t r ɛ t͡ʃ	s t r ɛ t͡ʃ t	s t r ɛ t͡ʃ t	d r ɛ n t͡ʃ t	1	1	reg_t	reg_t	reg_t
model_stem	s p l æ t ɹ̩	s p l æ t ɹ̩ d	s p l æ t ɹ̩ d	p l æ s t ɹ̩	p l æ s t ɹ̩ d	p l æ s t ɹ̩ d	s p l æ t ɹ̩ d	1	1	reg_d	reg_d	reg_d
model_stem	r iː v j uː	r iː v j uː d	r iː v j uː d	ʃ æ m p uː	ʃ æ m p uː d	ʃ æ m p uː d	r iː v j uː d	1	1	reg_d	reg_d	reg_d
model_stem	b ɔ r	b ɔ r d	b ɔ r d	r ɔ r	r ɔ r d	r ɔ r d	b ɔ r d	1	1	reg_d	reg_d	reg_d
model_stem	s iː t	s iː t ə d	s iː t ə d	h iː t	h iː t ə d	h iː t ə d	s iː t ə d	1	1	reg_əd	reg_əd	reg_əd
model_stem	b ɛ d	b ɛ d ə d	b ɛ d	w ɛ d	w ɛ d	w ɛ d	b ɛ d	1	0	reg_əd	no_change	no_change
model_stem	ə n s iː t	ə n s iː t ə d	ə n s iː t ə d	d ɪ f iː t	d ɪ f iː t ə d	d ɪ f iː t ə d	ə n s iː t ə d	1	1	reg_əd	reg_əd	reg_əd
model_stem	m ʌ f ə l	m ʌ f ə l d	m ʌ f ə l d	n ʌ k ə l	n ʌ k ə l d	n ʌ k ə l d	m ʌ f ə l d	1	1	reg_d	reg_d	reg_d
model_stem	s t ʌ m p	s t ʌ m p t	s t ʌ m p t	s t æ m p	s t æ m p t	s t æ m p t	s t ʌ m p t	1	1	reg_t	reg_t	reg_t
model_stem	t r æ n s p l æ n t	t r æ n s p l æ n t ə d	t r æ n s t ə n æ n s t	r iː ɪ v æ l j uː e ɪ t	r iː ɪ v æ l j uː e ɪ t ə d	r iː ɪ v æ l j uː e ɪ t ə d	t r æ n s p l æ n t ə d	0	1	reg_əd	other	reg_əd
model_stem	v ɪ ʒ w ə l a ɪ z	v ɪ ʒ w ə l a ɪ z d	v ɪ v ə l a ɪ z	s ɪ m b ə l a ɪ z	s ɪ m b ə l a ɪ z d	s ɪ m b ə l a ɪ z d	v ɪ ʒ w ə l a ɪ z d	0	1	reg_d	other	reg_d
model_stem	ɡ æ l ə p	ɡ æ l ə p t	ɡ æ l ə p t	ə n r æ p	ə n r æ p t	ə n r æ p t	ɡ æ l ə p t	1	1	reg_t	reg_t	reg_t
model_stem	s ʌ l iː	s ʌ l iː d	s ʌ l iː d	b ɛ r iː	b ɛ r iː d	b ɛ r iː d	s ʌ l iː d	1	1	reg_d	reg_d	reg_d
model_stem	ə n f o ʊ l d	ə n f o ʊ l d ə d	ə n f o ʊ l d ə d	k ə n k l uː d	k ə n k l uː d ə d	k ə n k l uː d ə d	ə n f o ʊ l d ə d	1	1	reg_əd	reg_əd	reg_əd
model_stem	w iː	w iː d	w iː d	s iː	s ɔ	s ɔ	w ɔ	0	0	reg_d	reg_d	vowel_change
model_stem	ɪ m ə t e ɪ t	ɪ m ə t e ɪ t ə d	ɪ m ə t e ɪ t ə d	ɪ r ɪ t e ɪ t	ɪ r ɪ t e ɪ t ə d	ɪ r ɪ t e ɪ t ə d	ɪ m ə t e ɪ t ə d	1	1	reg_əd	reg_əd	reg_əd
model_stem	s w ɹ̩ v	s w ɹ̩ v d	s w ɹ̩ v d	s ɑː l v	s ɑː l v d	s ɑː l v d	s w ɹ̩ v d	1	1	reg_d	reg_d	reg_d
model_stem	h iː p	h iː p t	h iː p t	b iː p	b iː p t	b iː p t	h iː p t	1	1	reg_t	reg_t	reg_t
model_stem	r iː f j uː ə l	r iː f j uː ə l d	r iː f j uː ə l d	s t r æ d ə l	s t r æ d ə l d	s t r æ d ə l d	r iː f j uː ə l d	1	1	reg_d	reg_d	reg_d
model_stem	t͡ʃ æ n t	t͡ʃ æ n t ə d	t͡ʃ æ n t ə d	p æ n t	p æ n t ə d	p æ n t ə d	t͡ʃ æ n t ə d	1	1	reg_əd	reg_əd	reg_əd
model_stem	ɡ r o ʊ s	ɡ r o ʊ s t	ɡ r o ʊ s t	ɡ r e ɪ s	ɡ r e ɪ s t	ɡ r e ɪ s t	ɡ r o ʊ s t	1	1	reg_t	reg_t	reg_t
model_stem	o ʊ v ɹ̩ f l o ʊ	o ʊ v ɹ̩ f l o ʊ d	o ʊ v ɹ̩ f l o ʊ d	o ʊ	o ʊ d	o ʊ d	o ʊ v ɹ̩ f l o ʊ d	1	1	reg_d	reg_d	reg_d
model_stem	s ɔ f ə n	s ɔ f ə n d	s ɔ f ə n d	s iː z ə n	s iː z ə n d	s iː z ə n d	s ɔ f ə n d	1	1	reg_d	reg_d	reg_d
model_stem	ə t ɛ m p t	ə t ɛ m p t ə d	ə t ɛ m p t ə d	ɪ k s ɛ p t	ɪ k s ɛ p t ə d	ɪ k s ɛ p t ə d	ə t ɛ m p t ə d	1	1	reg_əd	reg_əd	reg_əd
model_stem	r ə f ɹ̩	r ə f ɹ̩ d	r ə f ɹ̩ d	b æ t ɹ̩	b æ t ɹ̩ d	b æ t ɹ̩ d	r ə f ɹ̩ d	1	1	reg_d	reg_d	reg_d
model_stem	s m iː r	s m iː r d	s m iː r d	s k ɑː r	s k ɑː r d	s k ɑː r d	s m iː r d	1	1	reg_d	reg_d	reg_d
model_stem	ɪ m p r uː v	ɪ m p r uː v d	ɪ m p r uː v d	ɪ n v ɑː l v	ɪ n v ɑː l v d	ɪ n v ɑː l v d	ɪ m p r uː v d	1	1	reg_d	reg_d	reg_d
model_stem	ɡ r o ʊ n	ɡ r o ʊ n d	ɡ r o ʊ n d	s t o ʊ n	s t o ʊ n d	s t o ʊ n d	ɡ r o ʊ n d	1	1	reg_d	reg_d	reg_d
model_stem	s a ɪ k ə l	s a ɪ k ə l d	s a ɪ k ə l d	s p ɛ k ə l	s p ɛ k ə l d	s p ɛ k ə l d	s a ɪ k ə l d	1	1	reg_d	reg_d	reg_d
model_stem	f o ʊ k ə s	f o ʊ k ə s t	f o ʊ k ə s t	r ɪ l æ k s	r ɪ l æ k s t	r ɪ l æ k s t	f o ʊ k ə s t	1	1	reg_t	reg_t	reg_t
model_stem	b ɑː s	b ɑː s t	b ɑː s t	l uː s	l uː s t	l uː s t	b ɑː s t	1	1	reg_t	reg_t	reg_t
model_stem	ʃ r ɛ d	ʃ r ɛ d ə d	ʃ r ɛ d ə d	b r ɛ d	b r ɛ d ə d	b r ɛ d ə d	ʃ r ɛ d ə d	1	1	reg_əd	reg_əd	reg_əd
model_stem	o ʊ v ɹ̩ d uː	o ʊ v ɹ̩ d ɪ d	o ʊ v ɹ̩ d uː d	r ɛ s k j uː	r ɛ s k j uː d	r ɛ s k j uː d	o ʊ v ɹ̩ d uː d	1	0	vowel_change_suffix	reg_d	reg_d
model_stem	s k iː	s k iː d	s k iː d	h ɹ̩ iː	h ɹ̩ iː d	h ɹ̩ iː d	s k iː d	1	1	reg_d	reg_d	reg_d
model_stem	k ə n t e ɪ n	k ə n t e ɪ n d	k ə n t e ɪ n d	k ə m b a ɪ n	k ə m b a ɪ n d	k ə m b a ɪ n d	k ə n t e ɪ n d	1	1	reg_d	reg_d	reg_d
model_stem	n æ v ə ɡ e ɪ t	n æ v ə ɡ e ɪ t ə d	n æ v ə ɡ e ɪ t ə d	ɪ n d ə k e ɪ t	ɪ n d ə k e ɪ t ə d	ɪ n d ə k e ɪ t ə d	n æ v ə ɡ e ɪ t ə d	1	1	reg_əd	reg_əd	reg_əd
model_stem	r ɪ p ɛ l	r ɪ p ɛ l d	r ɪ p ɛ l	r iː f ɪ l	r iː f ɪ l d	r iː f ɪ l d	r ɪ p ɛ l d	0	1	reg_d	no_change	reg_d
model_stem	m ʌ t ɹ̩	m ʌ t ɹ̩ d	m ʌ t ɹ̩ d	m æ t ɹ̩	m æ t ɹ̩ d	m æ t ɹ̩ d	m ʌ t ɹ̩ d	1	1	reg_d	reg_d	reg_d
model_stem	b r iː d	b r ɛ d	b r iː d ə d	b iː r d	b iː r d ə d	b iː r d ə d	b r iː d ə d	1	0	vowel_change	reg_əd	reg_əd
model_stem	t æ l iː	t æ l iː d	t æ l iː d	ə ɡ r iː	ə ɡ r iː d	ə ɡ r iː d	t æ l iː d	1	1	reg_d	reg_d	reg_d
model_stem	m æ ɡ n ə f a ɪ	m æ ɡ n ə f a ɪ d	m æ ɡ n ə f a ɪ d	ɡ l ɔ r ə f a ɪ	ɡ l ɔ r ə f a ɪ d	ɡ l ɔ r ə f a ɪ d	m æ ɡ n ə f a ɪ d	1	1	reg_d	reg_d	reg_d
model_stem	w e ɪ d	w e ɪ d ə d	w e ɪ d ə d	r e ɪ d	r e ɪ d ə d	r e ɪ d ə d	w e ɪ d ə d	1	1	reg_əd	reg_əd	reg_əd
model_stem	l æ p	l æ p t	l æ p t	w ɪ p	w ɪ p t	w ɪ p t	l æ p t	1	1	reg_t	reg_t	reg_t
model_stem	l ɑː p	l ɑː p t	l ɑː p t	h ɑː p	h ɑː p t	h ɑː p t	l ɑː p t	1	1	reg_t	reg_t	reg_t
model_stem	b ɑː m	b ɑː m d	b ɑː m d	k ɑː m	k ɑː m d	k ɑː m d	b ɑː m d	1	1	reg_d	reg_d	reg_d
model_stem	ə b z ɹ̩ v	ə b z ɹ̩ v d	ə b z ɹ̩ v d	d ɪ z ɹ̩ v	d ɪ z ɹ̩ v d	d ɪ z ɹ̩ v d	ə b z ɹ̩ v d	1	1	reg_d	reg_d	reg_d
model_stem	w iː n	w iː n d	w iː n d	l iː n	l iː n d	l iː n d	w iː n d	1	1	reg_d	reg_d	reg_d
model_stem	r iː r	r iː r d	r iː r d	v iː r	v iː r d	v iː r d	r iː r d	1	1	reg_d	reg_d	reg_d
model_stem	r æ ʃ ə n	r æ ʃ ə n d	r æ ʃ ə n d	r iː z ə n	r iː z ə n d	r iː z ə n d	r æ ʃ ə n d	1	1	reg_d	reg_d	reg_d
model_stem	ə d ɪ k t	ə d ɪ k t ə d	ə d ɪ k t ə d	ɛ n æ k t	ɛ n æ k t ə d	ɛ n æ k t ə d	ə d ɪ k t ə d	1	1	reg_əd	reg_əd	reg_əd
model_stem	b ʌ n d ə l	b ʌ n d ə l d	b ʌ n d ə l d	ɡ r æ p ə l	ɡ r æ p ə l d	ɡ r æ p ə l d	b ʌ n d ə l d	1	1	reg_d	reg_d	reg_d
model_stem	m ə t j ʊ r	m ə t j ʊ r d	m ə t j ʊ r d	r iː ə ʃ ʊ r	r iː ə ʃ ʊ r d	r iː ə ʃ ʊ r d	m ə t j ʊ r d	1	1	reg_d	reg_d	reg_d
model_stem	f l ɹ̩ t	f l ɹ̩ t ə d	f l ɹ̩ t ə d	b a ɪ t	b ɪ t	b ɪ t	NA	0	0	reg_əd	reg_əd	vowel_change
model_stem	ɪ n k ɔ r p ɹ̩ e ɪ t	ɪ n k ɔ r p ɹ̩ e ɪ t ə d	ɪ n p ɹ̩ r e ɪ t ə d	f ɔ r m j ə l e ɪ t	f ɔ r m j ə l e ɪ t ə d	f ɔ r m j ə l e ɪ t ə d	ɪ n k ɔ r p ɹ̩ e ɪ t ə d	0	1	reg_əd	other	reg_əd
model_stem	f r ʌ s t r e ɪ t	f r ʌ s t r e ɪ t ə d	f r ʌ s t r e ɪ t ə d	ɪ l ə s t r e ɪ t	ɪ l ə s t r e ɪ t ə d	ɪ l ə s t r e ɪ t ə d	f r ʌ s t r e ɪ t ə d	1	1	reg_əd	reg_əd	reg_əd
model_stem	d ɪ f a ɪ n	d ɪ f a ɪ n d	d ɪ f a ɪ n d	d ɪ z a ɪ n	d ɪ z a ɪ n d	d ɪ z a ɪ n d	d ɪ f a ɪ n d	1	1	reg_d	reg_d	reg_d
model_stem	b r e ɪ v	b r e ɪ v d	b r e ɪ v d	r ə s iː v	r ə s iː v d	r ə s iː v d	b r e ɪ v d	1	1	reg_d	reg_d	reg_d
model_stem	ɪ n k w a ɪ ɹ̩	ɪ n k w a ɪ ɹ̩ d	ɪ n k w a ɪ ɹ̩ d	ɪ k s p a ɪ ɹ̩	ɪ k s p a ɪ ɹ̩ d	ɪ k s p a ɪ ɹ̩ d	ɪ n k w a ɪ ɹ̩ d	1	1	reg_d	reg_d	reg_d
model_stem	b ʌ s	b ʌ s t	b ʌ s t	ɡ æ s	ɡ æ s t	ɡ æ s t	b ʌ s t	1	1	reg_t	reg_t	reg_t
model_stem	p ə z ɪ ʃ ə n	p ə z ɪ ʃ ə n d	p ə z ɪ ʃ ə n d	p ə t ɪ ʃ ə n	p ə t ɪ ʃ ə n d	p ə t ɪ ʃ ə n d	p ə z ɪ ʃ ə n d	1	1	reg_d	reg_d	reg_d
model_decision	iː t	e ɪ t	iː t ə t	t͡ʃ iː t	t͡ʃ iː t ə d	t͡ʃ iː t ə d	iː t ə d	0	0	vowel_change	other	reg_əd
model_decision	m e ɪ k	m e ɪ d	m e ɪ k t	m æ s k	m æ s k t	m æ s k t	m e ɪ k t	1	0	coda_change	reg_t	reg_t
model_decision	n o ʊ	n uː	n o ʊ d	t o ʊ	t o ʊ d	t o ʊ d	n o ʊ d	1	0	vowel_change	reg_d	reg_d
model_decision	f ɔ l	f ɛ l	f ɔ l d	f uː l	f uː l d	f uː l d	f ɔ l d	1	0	vowel_change	reg_d	reg_d
model_decision	b r ɪ ŋ	b r ɔ t	b r ɪ ŋ	b ɪ l ɔ ŋ	b ɪ l ɔ ŋ d	b ɪ l ɔ ŋ d	b r ɪ ŋ d	0	0	rhyme_replaced	no_change	reg_d
model_decision	s t ɑː r t	s t ɑː r t ə d	s t ɑː r t ə d	s m ɑː r t	s m ɑː r t ə d	s m ɑː r t ə d	s t ɑː r t ə d	1	1	reg_əd	reg_əd	reg_əd
model_decision	t e ɪ k	t ʊ k	t e ɪ k t	t r ɪ k	t r ɪ k t	t r ɪ k t	t e ɪ k t	1	0	vowel_change	reg_t	reg_t
model_decision	h e ɪ t	h e ɪ t ə d	h e ɪ t ə d	m e ɪ t	m e ɪ t ə d	m e ɪ t ə d	h e ɪ t ə d	1	1	reg_əd	reg_əd	reg_əd
model_decision	r a ɪ t	r o ʊ t	r o ʊ t ə d	r a ɪ z	r o ʊ z	r o ʊ z	NA	0	0	vowel_change	other	vowel_change
model_decision	f ɪ t	f ɪ t	f ɪ t ə d	n ɪ t	n ɪ t ə d	n ɪ t ə d	f ɪ t ə d	1	0	no_change	reg_əd	reg_əd
model_decision	d a ɪ n	d a ɪ n d	d a ɪ n d	s a ɪ n	s a ɪ n d	s a ɪ n d	d a ɪ n d	1	1	reg_d	reg_d	reg_d
model_decision	m ɪ s	m ɪ s t	m ɪ s t	k ɪ s	k ɪ s t	k ɪ s t	m ɪ s t	1	1	reg_t	reg_t	reg_t
model_decision	n ɑː k	n ɑː k t	n ɑː k t	l ɑː k	l ɑː k t	l ɑː k t	n ɑː k t	1	1	reg_t	reg_t	reg_t
model_decision	n iː d	n iː d ə d	n iː d ə d	n ɑː d	n ɑː d ə d	n ɑː d ə d	n iː d ə d	1	1	reg_əd	reg_əd	reg_əd
model_decision	m uː v	m uː v d	m uː v d	s ɹ̩ v	s ɹ̩ v d	s ɹ̩ v d	m uː v d	1	1	reg_d	reg_d	reg_d
model_decision	f l ɪ p	f l ɪ p t	f l ɪ p t	f l æ p	f l æ p t	f l æ p t	f l ɪ p t	1	1	reg_t	reg_t	reg_t
model_decision	r ɛ d iː	r ɛ d iː d	r ɛ d iː d	b ɑː d iː	b ɑː d iː d	b ɑː d iː d	r ɛ d iː d	1	1	reg_d	reg_d	reg_d
model_decision	z ɪ p	z ɪ p t	z ɪ p t	w ɪ p	w ɪ p t	w ɪ p t	z ɪ p t	1	1	reg_t	reg_t	reg_t
model_decision	f a ɪ t	f ɔ t	f a ɪ t ə d	ʃ ɪ f t	ʃ ɪ f t ə d	ʃ ɪ f t ə d	f a ɪ t ə d	1	0	vowel_change	reg_əd	reg_əd
model_decision	k æ t͡ʃ	k ɔ t	k æ t͡ʃ t	m æ t͡ʃ	m æ t͡ʃ t	m æ t͡ʃ t	k æ t͡ʃ t	1	0	rhyme_replaced	reg_t	reg_t
model_decision	f l o ʊ t	f l o ʊ t ə d	f l o ʊ t ə d	k w o ʊ t	k w o ʊ t ə d	k w o ʊ t ə d	f l o ʊ t ə d	1	1	reg_əd	reg_əd	reg_əd
model_decision	w ɪ ʃ	w ɪ ʃ t	w ɪ ʃ t	d ɪ ʃ	d ɪ ʃ t	d ɪ ʃ t	w ɪ ʃ t	1	1	reg_t	reg_t	reg_t
model_decision	ʃ e ɪ k	ʃ ʊ k	ʃ e ɪ k t	f e ɪ k	f e ɪ k t	f e ɪ k t	ʃ e ɪ k t	1	0	vowel_change	reg_t	reg_t
model_decision	k ɪ k	k ɪ k t	k ɪ k t	e ɪ k	e ɪ k t	e ɪ k t	k ɪ k t	1	1	reg_t	reg_t	reg_t
model_decision	t͡ʃ e ɪ n d͡ʒ	t͡ʃ e ɪ n d͡ʒ d	t͡ʃ e ɪ n d͡ʒ d	s t e ɪ d͡ʒ	s t e ɪ d͡ʒ d	s t e ɪ d͡ʒ d	t͡ʃ e ɪ n d͡ʒ d	1	1	reg_d	reg_d	reg_d
model_decision	θ r o ʊ	θ r uː	θ r o ʊ d	k r o ʊ	k r o ʊ d	k r o ʊ d	θ r o ʊ d	1	0	vowel_change	reg_d	reg_d
model_decision	b æ k	b æ k t	b æ k t	d͡ʒ æ k	d͡ʒ æ k t	d͡ʒ æ k t	b æ k t	1	1	reg_t	reg_t	reg_t
model_decision	f l æ ʃ	f l æ ʃ t	f l æ ʃ t	f l ʌ ʃ	f l ʌ ʃ t	f l ʌ ʃ t	f l æ ʃ t	1	1	reg_t	reg_t	reg_t
model_decision	ɡ r o ʊ	ɡ r uː	ɡ r o ʊ d	k r o ʊ	k r o ʊ d	k r o ʊ d	ɡ r o ʊ d	1	0	vowel_change	reg_d	reg_d
model_decision	s m a ɪ l	s m a ɪ l d	s m a ɪ l d	s p ɔ ɪ l	s p ɔ ɪ l d	s p ɔ ɪ l d	s m a ɪ l d	1	1	reg_d	reg_d	reg_d
model_decision	s t ɑː p	s t ɑː p t	s t ɑː p t	d r ɑː p	d r ɑː p t	d r ɑː p t	s t ɑː p t	1	1	reg_t	reg_t	reg_t
model_decision	s t ɹ̩	s t ɹ̩ d	s t ɹ̩ d	ɔ f ɹ̩	ɔ f ɹ̩ d	ɔ f ɹ̩ d	s t ɹ̩ d	1	1	reg_d	reg_d	reg_d
model_decision	t͡ʃ uː	t͡ʃ uː d	t͡ʃ o ʊ t͡ʃ t	t͡ʃ uː z	t͡ʃ o ʊ z	t͡ʃ o ʊ z	NA	0	0	reg_d	rhyme_replaced	vowel_change
model_decision	d r ɛ s	d r ɛ s t	d r ɛ s t	p r ɛ s	p r ɛ s t	p r ɛ s t	d r ɛ s t	1	1	reg_t	reg_t	reg_t
model_decision	ə n d ɹ̩ s t æ n d	ə n d ɹ̩ s t ʊ d	ə n d ɹ̩ s t æ n d	k w ɪ t	k w ɪ t	k w ɪ t	ə n d ɹ̩ s t æ n d	1	0	rhyme_replaced	no_change	no_change
model_decision	t͡ʃ e ɪ s	t͡ʃ e ɪ s t	t͡ʃ e ɪ s t	b e ɪ s	b e ɪ s t	b e ɪ s t	t͡ʃ e ɪ s t	1	1	reg_t	reg_t	reg_t
model_decision	h ʌ ɡ	h ʌ ɡ d	h ʌ ɡ d	t ʌ ɡ	t ʌ ɡ d	t ʌ ɡ d	h ʌ ɡ d	1	1	reg_d	reg_d	reg_d
model_decision	h ɪ t	h ɪ t	h ɪ t	p ɪ t	p ɪ t ə d	p ɪ t ə d	h ɪ t ə d	0	0	no_change	no_change	reg_əd
model_decision	h æ m ɹ̩	h æ m ɹ̩ d	h æ m ɹ̩ d	æ n s ɹ̩	æ n s ɹ̩ d	æ n s ɹ̩ d	h æ m ɹ̩ d	1	1	reg_d	reg_d	reg_d
model_decision	w a ɪ n d	w a ɪ n d ə d	w a ʊ n d	f a ɪ n d	f a ʊ n d	f a ʊ n d	w a ʊ n d	1	0	reg_əd	vowel_change	vowel_change
model_decision	k ə n s t r ʌ k t	k ə n s t r ʌ k t ə d	k ə n s t r ʌ k t ə d	ɪ l ə s t r e ɪ t	ɪ l ə s t r e ɪ t ə d	ɪ l ə s t r e ɪ t ə d	k ə n s t r ʌ k t ə d	1	1	reg_əd	reg_əd	reg_əd
model_decision	m iː t	m ɛ t	m iː t ə d	h iː t	h iː t ə d	h iː t ə d	m iː t ə d	1	0	vowel_change	reg_əd	reg_əd
model_decision	s w ɪ ʃ	s w ɪ ʃ t	s w ɪ ʃ t	s m æ ʃ	s m æ ʃ t	s m æ ʃ t	s w ɪ ʃ t	1	1	reg_t	reg_t	reg_t
model_decision	s k w iː z	s k w iː z d	s k w iː z d	k l o ʊ z	k l o ʊ z d	k l o ʊ z d	s k w iː z d	1	1	reg_d	reg_d	reg_d
model_decision	t͡ʃ ʌ ɡ	t͡ʃ ʌ ɡ d	t͡ʃ ʌ ɡ d	b æ ɡ	b æ ɡ d	b æ ɡ d	t͡ʃ ʌ ɡ d	1	1	reg_d	reg_d	reg_d
model_decision	b r æ n t͡ʃ	b r æ n t͡ʃ t	b r æ n t͡ʃ t	k r ʌ n t͡ʃ	k r ʌ n t͡ʃ t	k r ʌ n t͡ʃ t	b r æ n t͡ʃ t	1	1	reg_t	reg_t	reg_t
model_decision	n o ʊ t ɪ s	n o ʊ t ɪ s t	n o ʊ t ɪ s t	ə n a ʊ n s	ə n a ʊ n s t	ə n a ʊ n s t	n o ʊ t ɪ s t	1	1	reg_t	reg_t	reg_t
model_decision	b e ɪ k	b e ɪ k t	b e ɪ k t	f e ɪ k	f e ɪ k t	f e ɪ k t	b e ɪ k t	1	1	reg_t	reg_t	reg_t
model_decision	s n æ p	s n æ p t	s n æ p t	k l æ p	k l æ p t	k l æ p t	s n æ p t	1	1	reg_t	reg_t	reg_t
model_decision	s w ɪ m	s w æ m	s w ɪ m d	s k ɪ m	s k ɪ m d	s k ɪ m d	s w ɪ m d	1	0	vowel_change	reg_d	reg_d
model_decision	ʃ ʌ t ə l	ʃ ʌ t ə l d	ʃ ʌ t ə l d	k ʌ p ə l	k ʌ p ə l d	k ʌ p ə l d	ʃ ʌ t ə l d	1	1	reg_d	reg_d	reg_d
model_decision	ə p r iː ʃ iː e ɪ t	ə p r iː ʃ iː e ɪ t ə d	ə p r iː ʃ iː e ɪ t ə d	ɪ v æ l j uː e ɪ t	ɪ v æ l j uː e ɪ t ə d	ɪ v æ l j uː e ɪ t ə d	ə p r iː ʃ iː e ɪ t ə d	1	1	reg_əd	reg_əd	reg_əd
model_decision	s m uː ð	s m uː ð d	s m uː ð d	m a ʊ ð	m a ʊ ð d	m a ʊ ð d	s m uː ð d	1	1	reg_d	reg_d	reg_d
model_decision	s t ɛ r	s t ɛ r d	s t ɛ r d	s p ɛ r	s p ɛ r d	s p ɛ r d	s t ɛ r d	1	1	reg_d	reg_d	reg_d
model_decision	k ɑː s t uː m	k ɑː s t uː m d	k ɑː s t uː m d	v æ k j uː m	v æ k j uː m d	v æ k j uː m d	k ɑː s t uː m d	1	1	reg_d	reg_d	reg_d
model_decision	ɡ uː f	ɡ uː f t	ɡ uː f t	p ʌ f	p ʌ f t	p ʌ f t	ɡ uː f t	1	1	reg_t	reg_t	reg_t
model_decision	d r a ʊ n	d r a ʊ n d	d r a ʊ n d	b r a ʊ n	b r a ʊ n d	b r a ʊ n d	d r a ʊ n d	1	1	reg_d	reg_d	reg_d
model_decision	n ɹ̩ s	n ɹ̩ s t	n ɹ̩ s t	k ɹ̩ s	k ɹ̩ s t	k ɹ̩ s t	n ɹ̩ s t	1	1	reg_t	reg_t	reg_t
model_decision	k r a ɪ	k r a ɪ d	k r a ɪ d	f r a ɪ	f r a ɪ d	f r a ɪ d	k r a ɪ d	1	1	reg_d	reg_d	reg_d
model_decision	iː v ɪ n	iː v ɪ n d	iː v ɪ n d	f a ɪ n	f a ɪ n d	f a ɪ n d	iː v ɪ n d	1	1	reg_d	reg_d	reg_d
model_decision	m a ɪ n	m a ɪ n d	m a ɪ n d	ʃ a ɪ n	ʃ a ɪ n d	ʃ a ɪ n d	m a ɪ n d	1	1	reg_d	reg_d	reg_d
model_decision	b ɪ ɡ ɪ n	b ɪ ɡ æ n	b ɪ ɡ e ɪ n	f ɹ̩ ɡ ɪ v	f ɹ̩ ɡ e ɪ v	f ɹ̩ ɡ e ɪ v	NA	0	0	vowel_change	vowel_change	vowel_change
model_decision	s p æ ŋ k	s p æ ŋ k t	s p æ ŋ k t	s m o ʊ k	s m o ʊ k t	s m o ʊ k t	s p æ ŋ k t	1	1	reg_t	reg_t	reg_t
model_decision	t͡ʃ ɪ p	t͡ʃ ɪ p t	t͡ʃ ɪ p t	t ɪ p	t ɪ p t	t ɪ p t	t͡ʃ ɪ p t	1	1	reg_t	reg_t	reg_t
model_decision	s p iː k	s p o ʊ k	s p ɛ k t	s p iː d	s p ɛ d	s p ɛ d	NA	0	0	vowel_change	vowel_change_suffix	vowel_change
model_decision	s w ɪ t͡ʃ	s w ɪ t͡ʃ t	s w ɪ t͡ʃ t	t w ɪ t͡ʃ	t w ɪ t͡ʃ t	t w ɪ t͡ʃ t	s w ɪ t͡ʃ t	1	1	reg_t	reg_t	reg_t
model_decision	f a ɪ ɹ̩	f a ɪ ɹ̩ d	f a ɪ ɹ̩ d	b ɑː ð ɹ̩	b ɑː ð ɹ̩ d	b ɑː ð ɹ̩ d	f a ɪ ɹ̩ d	1	1	reg_d	reg_d	reg_d
model_decision	b ɪ l	b ɪ l d	b ɪ l d	w ɪ l	w ɪ l d	w ɪ l d	b ɪ l d	1	1	reg_d	reg_d	reg_d
model_decision	r iː m a ɪ n d	r iː m a ɪ n d ə d	r iː m a ʊ n d ə d	ə n w a ɪ n d	ə n w a ʊ n d	ə n w a ʊ n d	r iː m a ʊ n d	0	0	reg_əd	other	vowel_change
model_decision	s iː d	s iː d ə d	s iː d ə d	w iː d	w iː d ə d	w iː d ə d	s iː d ə d	1	1	reg_əd	reg_əd	reg_əd
model_decision	w e ɪ v	w e ɪ v d	w e ɪ v d	ʃ e ɪ v	ʃ e ɪ v d	ʃ e ɪ v d	w e ɪ v d	1	1	reg_d	reg_d	reg_d
model_decision	b l uː m	b l uː m d	b l uː m d	d r iː m	d r iː m d	d r iː m d	b l uː m d	1	1	reg_d	reg_d	reg_d
model_decision	s t ɪ ŋ	s t ʌ ŋ	s t ɪ ŋ	h æ ŋ	h æ ŋ	h ʌ ŋ	s t ɪ ŋ	1	0	vowel_change	no_change	no_change
model_decision	ə r a ɪ v	ə r a ɪ v d	ə r a ɪ v d	r ə s iː v	r ə s iː v d	r ə s iː v d	ə r a ɪ v d	1	1	reg_d	reg_d	reg_d
model_decision	b l ɛ s	b l ɛ s t	b l ɛ s t	p r ɛ s	p r ɛ s t	p r ɛ s t	b l ɛ s t	1	1	reg_t	reg_t	reg_t
model_decision	ə r ɛ s t	ə r ɛ s t ə d	ə r ɛ s t ə d	ɡ r ʌ n t	ɡ r ʌ n t ə d	ɡ r ʌ n t ə d	ə r ɛ s t ə d	1	1	reg_əd	reg_əd	reg_əd
model_decision	s p ɪ n	s p ʌ n	s p ɪ n d	s t ʌ n	s t ʌ n d	s t ʌ n d	s p ɪ n d	1	0	vowel_change	reg_d	reg_d
model_decision	k ə m p iː t	k ə m p iː t ə d	k ə m p iː t ə d	r iː p ɔ r t	r iː p ɔ r t ə d	r iː p ɔ r t ə d	k ə m p iː t ə d	1	1	reg_əd	reg_əd	reg_əd
model_decision	t r e ɪ n	t r e ɪ n d	t r e ɪ n d	p l e ɪ n	p l e ɪ n d	p l e ɪ n d	t r e ɪ n d	1	1	reg_d	reg_d	reg_d
model_decision	p æ s	p æ s t	p æ s t	ɡ æ s	ɡ æ s t	ɡ æ s t	p æ s t	1	1	reg_t	reg_t	reg_t
model_decision	s ɪ ŋ k	s æ ŋ k	s ɪ ŋ k t	d ʌ ŋ k	d ʌ ŋ k t	d ʌ ŋ k t	s ɪ ŋ k t	1	0	vowel_change	reg_t	reg_t
model_decision	l uː p	l uː p t	l uː p t	w uː p	w uː p t	w uː p t	l uː p t	1	1	reg_t	reg_t	reg_t
model_decision	s ə l ɛ k t	s ə l ɛ k t ə d	s ə l ɛ k t ə d	k ə l ɛ k t	k ə l ɛ k t ə d	k ə l ɛ k t ə d	s ə l ɛ k t ə d	1	1	reg_əd	reg_əd	reg_əd
model_decision	r ɪ ŋ	r æ ŋ	r ɪ ŋ	d ɪ ŋ	d ɪ ŋ d	d ɪ ŋ d	r ɪ ŋ d	0	0	vowel_change	no_change	reg_d
model_decision	m e ɪ l	m e ɪ l d	m e ɪ l d	n e ɪ l	n e ɪ l d	n e ɪ l d	m e ɪ l d	1	1	reg_d	reg_d	reg_d
model_decision	p æ t	p æ t ə d	p æ t ə d	b æ t	b æ t ə d	b æ t ə d	p æ t ə d	1	1	reg_əd	reg_əd	reg_əd
model_decision	k ɪ d	k ɪ d ə d	k ɪ d	e ɪ d	e ɪ d ə d	e ɪ d ə d	k ɪ d ə d	0	1	reg_əd	no_change	reg_əd
model_decision	p ɑː r d ə n	p ɑː r d ə n d	p ɑː r d ə n d	ʃ ɑː r p ə n	ʃ ɑː r p ə n d	ʃ ɑː r p ə n d	p ɑː r d ə n d	1	1	reg_d	reg_d	reg_d
model_decision	s t iː r	s t iː r d	s t iː r d	s t ɑː r	s t ɑː r d	s t ɑː r d	s t iː r d	1	1	reg_d	reg_d	reg_d
model_decision	f o ʊ l d	f o ʊ l d ə d	f o ʊ l d ə d	m o ʊ l d	m o ʊ l d ə d	m o ʊ l d ə d	f o ʊ l d ə d	1	1	reg_əd	reg_əd	reg_əd
model_decision	s n iː k	s n iː k t	s n iː k t	s t ɑː k	s t ɑː k t	s t ɑː k t	s n iː k t	1	1	reg_t	reg_t	reg_t
model_decision	b e ɪ l	b e ɪ l d	b e ɪ l d	w e ɪ l	w e ɪ l d	w e ɪ l d	b e ɪ l d	1	1	reg_d	reg_d	reg_d
model_decision	b ɛ t ɹ̩	b ɛ t ɹ̩ d	b ɛ t ɹ̩ d	b æ t ɹ̩	b æ t ɹ̩ d	b æ t ɹ̩ d	b ɛ t ɹ̩ d	1	1	reg_d	reg_d	reg_d
model_decision	ɡ ɑː r b ə l	ɡ ɑː r b ə l d	ɡ ɑː r b ə l d	m ɑː r b ə l	m ɑː r b ə l d	m ɑː r b ə l d	ɡ ɑː r b ə l d	1	1	reg_d	reg_d	reg_d
model_decision	s k w ɹ̩ t	s k w ɹ̩ t ə d	s k w ɹ̩ t ə d	ɪ n s ɹ̩ t	ɪ n s ɹ̩ t ə d	ɪ n s ɹ̩ t ə d	s k w ɹ̩ t ə d	1	1	reg_əd	reg_əd	reg_əd
model_decision	b ɑː k s	b ɑː k s t	b ɑː k s t	w æ k s	w æ k s t	w æ k s t	b ɑː k s t	1	1	reg_t	reg_t	reg_t
model_decision	s iː l	s iː l d	s iː l d	w iː l	w iː l d	w iː l d	s iː l d	1	1	reg_d	reg_d	reg_d
model_decision	s p r ɛ d	s p r ɛ d	s p r ɛ d ə d	b r æ n d	b r æ n d ə d	b r æ n d ə d	s p r ɛ d ə d	1	0	no_change	reg_əd	reg_əd
model_decision	p r ɑː m ə s	p r ɑː m ə s t	p r ɑː m ə s t	h ɑː r n ə s	h ɑː r n ə s t	h ɑː r n ə s t	p r ɑː m ə s t	1	1	reg_t	reg_t	reg_t
model_decision	b iː t	b iː t	b iː t ə d	t͡ʃ iː t	t͡ʃ iː t ə d	t͡ʃ iː t ə d	b iː t ə d	1	0	no_change	reg_əd	reg_əd
model_decision	h ɪ p n ə t a ɪ z	h ɪ p n ə t a ɪ z d	h ɪ p n ə t a ɪ z d	ə p ɑː l ə d͡ʒ a ɪ z	ə p ɑː l ə d͡ʒ a ɪ z d	ə p ɑː l ə d͡ʒ a ɪ z d	h ɪ p n ə t a ɪ z d	1	1	reg_d	reg_d	reg_d
model_decision	s l æ p	s l æ p t	s l æ p t	k l æ p	k l æ p t	k l æ p t	s l æ p t	1	1	reg_t	reg_t	reg_t
model_decision	b ɛ s t	b ɛ s t ə d	b ɛ s t ə d	t ɛ s t	t ɛ s t ə d	t ɛ s t ə d	b ɛ s t ə d	1	1	reg_əd	reg_əd	reg_əd
model_decision	s t æ ɡ ɹ̩	s t æ ɡ ɹ̩ d	s t æ ɡ ɹ̩ d	s ɛ n t ɹ̩	s ɛ n t ɹ̩ d	s ɛ n t ɹ̩ d	s t æ ɡ ɹ̩ d	1	1	reg_d	reg_d	reg_d
model_decision	z æ p	z æ p t	z æ p t	k æ p	k æ p t	k æ p t	z æ p t	1	1	reg_t	reg_t	reg_t
model_decision	ə p s ɛ t	ə p s ɛ t	ə p s ɛ t	ɔ f s ɛ t	ɔ f s ɛ t	ɔ f s ɛ t	ə p s ɛ t	1	1	no_change	no_change	no_change
model_decision	r ɛ s t	r ɛ s t ə d	r ɛ s t ə d	r ʌ s t	r ʌ s t ə d	r ʌ s t ə d	r ɛ s t ə d	1	1	reg_əd	reg_əd	reg_əd
model_decision	s p l æ ʃ	s p l æ ʃ t	s p l æ ʃ t	f l ɹ̩ ɪ ʃ	f l ɹ̩ ɪ ʃ t	f l ɹ̩ ɪ ʃ t	s p l æ ʃ t	1	1	reg_t	reg_t	reg_t
model_decision	l a ɪ n	l a ɪ n d	l a ɪ n d	ʃ a ɪ n	ʃ a ɪ n d	ʃ a ɪ n d	l a ɪ n d	1	1	reg_d	reg_d	reg_d
model_decision	ə n d uː	ə n d ɪ d	ə n d uː d	t æ t uː	t æ t uː d	t æ t uː d	ə n d uː d	1	0	vowel_change_suffix	reg_d	reg_d
model_decision	p ɛ n	p ɛ n d	p ɛ n d	p æ n	p æ n d	p æ n d	p ɛ n d	1	1	reg_d	reg_d	reg_d
model_decision	ɛ d ə t	ɛ d ə t ə d	ɛ d ə t ə d	r ɛ n t	r ɛ n t ə d	r ɛ n t ə d	ɛ d ə t ə d	1	1	reg_əd	reg_əd	reg_əd
model_decision	ɪ k s p l ɔ r	ɪ k s p l ɔ r d	ɪ k s p l ɔ r d	ɪ n t ɹ̩ f ɪ r	ɪ n t ɹ̩ f ɪ r d	ɪ n t ɹ̩ f ɪ r d	ɪ k s p l ɔ r d	1	1	reg_d	reg_d	reg_d
model_decision	ə s uː m	ə s uː m d	ə s uː m d	h ɑː r m	h ɑː r m d	h ɑː r m d	ə s uː m d	1	1	reg_d	reg_d	reg_d
model_decision	s p r e ɪ	s p r e ɪ d	s p r e ɪ d	r iː p e ɪ	r iː p e ɪ d	r iː p e ɪ d	s p r e ɪ d	1	1	reg_d	reg_d	reg_d
model_decision	l o ʊ ɹ̩	l o ʊ ɹ̩ d	l o ʊ ɹ̩ d	ʃ a ʊ ɹ̩	ʃ a ʊ ɹ̩ d	ʃ a ʊ ɹ̩ d	l o ʊ ɹ̩ d	1	1	reg_d	reg_d	reg_d
model_decision	d æ m	d æ m d	d æ m d	z uː m	z uː m d	z uː m d	d æ m d	1	1	reg_d	reg_d	reg_d
model_decision	r ʌ ʃ	r ʌ ʃ t	r æ ʃ t	r ʌ n	r æ n	r æ n	NA	0	0	reg_t	vowel_change_suffix	vowel_change
model_decision	p l ʌ ɡ	p l ʌ ɡ d	p l ʌ ɡ d	s l ʌ ɡ	s l ʌ ɡ d	s l ʌ ɡ d	p l ʌ ɡ d	1	1	reg_d	reg_d	reg_d
model_decision	ə d m ɪ t	ə d m ɪ t ə d	ə d m ɪ t ə d	k ə m ɪ t	k ə m ɪ t ə d	k ə m ɪ t ə d	ə d m ɪ t ə d	1	1	reg_əd	reg_əd	reg_əd
model_decision	ə n t a ɪ	ə n t a ɪ d	ə n t a ɪ d	ə p l a ɪ	ə p l a ɪ d	ə p l a ɪ d	ə n t a ɪ d	1	1	reg_d	reg_d	reg_d
model_decision	b ʌ k ə l	b ʌ k ə l d	b ʌ k ə l d	b ʌ b ə l	b ʌ b ə l d	b ʌ b ə l d	b ʌ k ə l d	1	1	reg_d	reg_d	reg_d
model_decision	s w uː ʃ	s w uː ʃ t	s w uː ʃ t	b l ʌ ʃ	b l ʌ ʃ t	b l ʌ ʃ t	s w uː ʃ t	1	1	reg_t	reg_t	reg_t
model_decision	ə r a ɪ z	ə r o ʊ z	ə r a ɪ z d	ə m e ɪ z	ə m e ɪ z d	ə m e ɪ z d	ə r a ɪ z d	1	0	vowel_change	reg_d	reg_d
model_decision	s o ʊ k	s o ʊ k t	s o ʊ k t	d͡ʒ o ʊ k	d͡ʒ o ʊ k t	d͡ʒ o ʊ k t	s o ʊ k t	1	1	reg_t	reg_t	reg_t
model_decision	t r æ p	t r æ p t	t r æ p t	t r ɪ p	t r ɪ p t	t r ɪ p t	t r æ p t	1	1	reg_t	reg_t	reg_t
model_decision	p a ɪ l	p a ɪ l d	p a ɪ l d	t a ɪ l	t a ɪ l d	t a ɪ l d	p a ɪ l d	1	1	reg_d	reg_d	reg_d
model_decision	ɪ k s p l o ʊ d	ɪ k s p l o ʊ d ə d	ɪ k s p l o ʊ d ə d	d a ʊ n l o ʊ d	d a ʊ n l o ʊ d ə d	d a ʊ n l o ʊ d ə d	ɪ k s p l o ʊ d ə d	1	1	reg_əd	reg_əd	reg_əd
model_decision	b ɔ ɪ l	b ɔ ɪ l d	b ɔ ɪ l d	w e ɪ l	w e ɪ l d	w e ɪ l d	b ɔ ɪ l d	1	1	reg_d	reg_d	reg_d
model_decision	k ə n s ɪ d ɹ̩	k ə n s ɪ d ɹ̩ d	k ə n s ɪ d ɹ̩ d	s p l ɪ n t ɹ̩	s p l ɪ n t ɹ̩ d	s p l ɪ n t ɹ̩ d	k ə n s ɪ d ɹ̩ d	1	1	reg_d	reg_d	reg_d
model_decision	s k a ʊ l	s k a ʊ l d	s k a ʊ l d	ɡ r a ʊ l	ɡ r a ʊ l d	ɡ r a ʊ l d	s k a ʊ l d	1	1	reg_d	reg_d	reg_d
model_decision	ɪ ɡ z ɔ s t	ɪ ɡ z ɔ s t ə d	ɪ ɡ z ɔ s t ə d	ɪ ɡ z ɪ s t	ɪ ɡ z ɪ s t ə d	ɪ ɡ z ɪ s t ə d	ɪ ɡ z ɔ s t ə d	1	1	reg_əd	reg_əd	reg_əd
model_decision	s uː p ɹ̩ v a ɪ z	s uː p ɹ̩ v a ɪ z d	s uː p ɹ̩ v a ɪ z d	ɛ k s ɹ̩ s a ɪ z	ɛ k s ɹ̩ s a ɪ z d	ɛ k s ɹ̩ s a ɪ z d	s uː p ɹ̩ v a ɪ z d	1	1	reg_d	reg_d	reg_d
model_decision	d æ ŋ ɡ ə l	d æ ŋ ɡ ə l d	d æ ŋ ɡ ə l d	s p ɛ k ə l	s p ɛ k ə l d	s p ɛ k ə l d	d æ ŋ ɡ ə l d	1	1	reg_d	reg_d	reg_d
model_decision	d͡ʒ ɪ m iː	d͡ʒ ɪ m iː d	d͡ʒ ɪ m iː d	m ʌ d iː	m ʌ d iː d	m ʌ d iː d	d͡ʒ ɪ m iː d	1	1	reg_d	reg_d	reg_d
model_decision	t r ʌ b ə l	t r ʌ b ə l d	t r ʌ b ə l d	t ʌ m b ə l	t ʌ m b ə l d	t ʌ m b ə l d	t r ʌ b ə l d	1	1	reg_d	reg_d	reg_d
model_decision	p e ɪ d͡ʒ	p e ɪ d͡ʒ d	p e ɪ d͡ʒ d	p l ɛ d͡ʒ	p l ɛ d͡ʒ d	p l ɛ d͡ʒ d	p e ɪ d͡ʒ d	1	1	reg_d	reg_d	reg_d
model_decision	t a ʊ ɹ̩	t a ʊ ɹ̩ d	t a ʊ ɹ̩ d	ʃ a ʊ ɹ̩	ʃ a ʊ ɹ̩ d	ʃ a ʊ ɹ̩ d	t a ʊ ɹ̩ d	1	1	reg_d	reg_d	reg_d
model_decision	f ɛ n s	f ɛ n s t	f ɛ n s t	d æ n s	d æ n s t	d æ n s t	f ɛ n s t	1	1	reg_t	reg_t	reg_t
model_decision	d ɛ r	d ɛ r d	d ɛ r d	t͡ʃ ɛ r	t͡ʃ ɛ r d	t͡ʃ ɛ r d	d ɛ r d	1	1	reg_d	reg_d	reg_d
model_decision	b l iː d	b l ɛ d	b l ɛ d ə d	s l iː p	s l ɛ p t	s l ɛ p t	NA	0	0	vowel_change	other	vowel_change_suffix
model_decision	ɛ n t ɹ̩	ɛ n t ɹ̩ d	ɛ n t ɹ̩ d	k ɑː l ɹ̩	k ɑː l ɹ̩ d	k ɑː l ɹ̩ d	ɛ n t ɹ̩ d	1	1	reg_d	reg_d	reg_d
model_decision	m e ɪ n t e ɪ n	m e ɪ n t e ɪ n d	m e ɪ n t e ɪ n d	ɪ k s p l e ɪ n	ɪ k s p l e ɪ n d	ɪ k s p l e ɪ n d	m e ɪ n t e ɪ n d	1	1	reg_d	reg_d	reg_d
model_decision	f ɛ r	f ɛ r d	f ɛ r d	t͡ʃ ɛ r	t͡ʃ ɛ r d	t͡ʃ ɛ r d	f ɛ r d	1	1	reg_d	reg_d	reg_d
model_decision	d ɪ p	d ɪ p t	d ɪ p t	w ɪ p	w ɪ p t	w ɪ p t	d ɪ p t	1	1	reg_t	reg_t	reg_t
model_decision	j ɔ n	j ɔ n d	j ɔ n d	t æ n	t æ n d	t æ n d	j ɔ n d	1	1	reg_d	reg_d	reg_d
model_decision	ʃ ʊ ɡ ɹ̩	ʃ ʊ ɡ ɹ̩ d	ʃ ʊ ɡ ɹ̩ d	ʃ a ʊ ɹ̩	ʃ a ʊ ɹ̩ d	ʃ a ʊ ɹ̩ d	ʃ ʊ ɡ ɹ̩ d	1	1	reg_d	reg_d	reg_d
model_decision	d r ɪ f t	d r ɪ f t ə d	d r æ f t ə d	d r ɪ ŋ k	d r æ ŋ k	d r æ ŋ k	NA	0	0	reg_əd	other	vowel_change
model_decision	ɪ n s p a ɪ ɹ̩	ɪ n s p a ɪ ɹ̩ d	ɪ n s p a ɪ ɹ̩ d	ɪ k s p a ɪ ɹ̩	ɪ k s p a ɪ ɹ̩ d	ɪ k s p a ɪ ɹ̩ d	ɪ n s p a ɪ ɹ̩ d	1	1	reg_d	reg_d	reg_d
model_decision	m ɛ n ʃ ə n	m ɛ n ʃ ə n d	m ɛ n ʃ ə n d	f r ɛ ʃ ə n	f r ɛ ʃ ə n d	f r ɛ ʃ ə n d	m ɛ n ʃ ə n d	1	1	reg_d	reg_d	reg_d
model_decision	s l ɪ p	s l ɪ p t	s l ɪ p t	k l ɪ p	k l ɪ p t	k l ɪ p t	s l ɪ p t	1	1	reg_t	reg_t	reg_t
model_decision	s k ɪ p	s k ɪ p t	s k ɪ p t	k l ɪ p	k l ɪ p t	k l ɪ p t	s k ɪ p t	1	1	reg_t	reg_t	reg_t
model_decision	m ə n ɪ p j ə l e ɪ t	m ə n ɪ p j ə l e ɪ t ə d	m ə n j ə l ə l e ɪ t ə d	ə t r æ k t	ə t r æ k t ə d	ə t r æ k t ə d	m ə n ɪ p j ə l e ɪ t ə d	0	1	reg_əd	other	reg_əd
model_decision	s æ k	s æ k t	s æ k t	d͡ʒ æ k	d͡ʒ æ k t	d͡ʒ æ k t	s æ k t	1	1	reg_t	reg_t	reg_t
model_decision	ɪ n s p ɛ k t	ɪ n s p ɛ k t ə d	ɪ n s p ɛ k t ə d	ɪ k s p ɛ k t	ɪ k s p ɛ k t ə d	ɪ k s p ɛ k t ə d	ɪ n s p ɛ k t ə d	1	1	reg_əd	reg_əd	reg_əd
model_decision	s æ k r ə f a ɪ s	s æ k r ə f a ɪ s t	s æ k r ə f a ɪ s t	k ə l æ p s	k ə l æ p s t	k ə l æ p s t	s æ k r ə f a ɪ s t	1	1	reg_t	reg_t	reg_t
model_decision	t æ p	t æ p t	t æ p t	m æ p	m æ p t	m æ p t	t æ p t	1	1	reg_t	reg_t	reg_t
model_decision	h ɔ l	h ɔ l d	h ɔ l d	h ɹ̩ l	h ɹ̩ l d	h ɹ̩ l d	h ɔ l d	1	1	reg_d	reg_d	reg_d
model_decision	s k a ʊ t	s k a ʊ t ə d	s k a ʊ t ə d	k a ʊ n t	k a ʊ n t ə d	k a ʊ n t ə d	s k a ʊ t ə d	1	1	reg_əd	reg_əd	reg_əd
model_decision	p ɑː k ə t	p ɑː k ə t ə d	p ɑː k ə t ə d	r ɑː k ə t	r ɑː k ə t ə d	r ɑː k ə t ə d	p ɑː k ə t ə d	1	1	reg_əd	reg_əd	reg_əd
model_decision	h a ʊ l	h a ʊ l d	h a ʊ l d	h o ʊ l	h o ʊ l d	h o ʊ l d	h a ʊ l d	1	1	reg_d	reg_d	reg_d
model_decision	d ɔ n	d ɔ n d	d ɔ n d	b ɹ̩ n	b ɹ̩ n d	b ɹ̩ n d	d ɔ n d	1	1	reg_d	reg_d	reg_d
model_decision	t æ ŋ ɡ ə l	t æ ŋ ɡ ə l d	t æ ŋ ɡ ə l d	t ʌ m b ə l	t ʌ m b ə l d	t ʌ m b ə l d	t æ ŋ ɡ ə l d	1	1	reg_d	reg_d	reg_d
model_decision	ɡ a ɪ d	ɡ a ɪ d ə d	ɡ a ɪ d ə d	s a ɪ d	s a ɪ d ə d	s a ɪ d ə d	ɡ a ɪ d ə d	1	1	reg_əd	reg_əd	reg_əd
model_decision	θ ʌ n d ɹ̩	θ ʌ n d ɹ̩ d	θ ʌ n d ɹ̩ d	w ɑː n d ɹ̩	w ɑː n d ɹ̩ d	w ɑː n d ɹ̩ d	θ ʌ n d ɹ̩ d	1	1	reg_d	reg_d	reg_d
model_decision	r a ʊ n d	r a ʊ n d ə d	r a ʊ n d ə d	s a ʊ n d	s a ʊ n d ə d	s a ʊ n d ə d	r a ʊ n d ə d	1	1	reg_əd	reg_əd	reg_əd
model_decision	æ b d ʌ k t	æ b d ʌ k t ə d	æ b ʌ k t ə d	ʌ n d ɹ̩ r a ɪ t	ə n d ɹ̩ r o ʊ t	ə n d ɹ̩ r o ʊ t	NA	0	0	reg_əd	other	other
model_decision	ɡ ʌ m	ɡ ʌ m d	ɡ ʌ m d	k ʌ m	k ʌ m d	k e ɪ m	ɡ ʌ m d	1	1	reg_d	reg_d	reg_d
model_decision	l ɛ k t͡ʃ ɹ̩	l ɛ k t͡ʃ ɹ̩ d	l ɛ k t͡ʃ ɹ̩ d	k æ p t͡ʃ ɹ̩	k æ p t͡ʃ ɹ̩ d	k æ p t͡ʃ ɹ̩ d	l ɛ k t͡ʃ ɹ̩ d	1	1	reg_d	reg_d	reg_d
model_decision	d r ɪ b ə l	d r ɪ b ə l d	d r ɪ b ə l d	r ɪ ŋ k ə l	r ɪ ŋ k ə l d	r ɪ ŋ k ə l d	d r ɪ b ə l d	1	1	reg_d	reg_d	reg_d
model_decision	d ʌ s t	d ʌ s t ə d	d ʌ s t ə d	b ʌ s t	b ʌ s t ə d	b ʌ s t ə d	d ʌ s t ə d	1	1	reg_əd	reg_əd	reg_əd
model_decision	d͡ʒ æ m	d͡ʒ æ m d	d͡ʒ æ m d	k ʌ m	k ʌ m d	k e ɪ m	d͡ʒ æ m d	1	1	reg_d	reg_d	reg_d
model_decision	t͡ʃ æ n ə l	t͡ʃ æ n ə l d	t͡ʃ æ n ə l d	n ɪ b ə l	n ɪ b ə l d	n ɪ b ə l d	t͡ʃ æ n ə l d	1	1	reg_d	reg_d	reg_d
model_decision	d r e ɪ n	d r e ɪ n d	d r e ɪ n d	s t e ɪ n	s t e ɪ n d	s t e ɪ n d	d r e ɪ n d	1	1	reg_d	reg_d	reg_d
model_decision	w uː n d	w uː n d ə d	w uː n d ə d	h æ n d	h æ n d ə d	h æ n d ə d	w uː n d ə d	1	1	reg_əd	reg_əd	reg_əd
model_decision	t e ɪ l	t e ɪ l d	t e ɪ l d	t a ɪ l	t a ɪ l d	t a ɪ l d	t e ɪ l d	1	1	reg_d	reg_d	reg_d
model_decision	s l o ʊ	s l o ʊ d	s l o ʊ d	k r o ʊ	k r o ʊ d	k r o ʊ d	s l o ʊ d	1	1	reg_d	reg_d	reg_d
model_decision	s t ɪ ŋ k	s t ʌ ŋ k	s t ɪ ŋ k t	s t e ɪ k	s t e ɪ k t	s t e ɪ k t	s t ɪ ŋ k t	1	0	vowel_change	reg_t	reg_t
model_decision	f iː l d	f iː l d ə d	f iː l d ə d	ʃ iː l d	ʃ iː l d ə d	ʃ iː l d ə d	f iː l d ə d	1	1	reg_əd	reg_əd	reg_əd
model_decision	s p a ɪ	s p a ɪ d	s p a ɪ d	p r a ɪ	p r a ɪ d	p r a ɪ d	s p a ɪ d	1	1	reg_d	reg_d	reg_d
model_decision	s ɪ ɡ n ə l	s ɪ ɡ n ə l d	s ɪ ɡ n ə l d	t r æ v ə l	t r æ v ə l d	t r æ v ə l d	s ɪ ɡ n ə l d	1	1	reg_d	reg_d	reg_d
model_decision	ɛ n k ɹ̩ ɪ d͡ʒ	ɛ n k ɹ̩ ɪ d͡ʒ d	ɛ n k ɹ̩ ɪ d͡ʒ d	b æ n d ɪ d͡ʒ	b æ n d ɪ d͡ʒ d	b æ n d ɪ d͡ʒ d	ɛ n k ɹ̩ ɪ d͡ʒ d	1	1	reg_d	reg_d	reg_d
model_decision	s æ n ɪ t a ɪ z	s æ n ɪ t a ɪ z d	s æ n ɪ t a ɪ z d	ɔ r ɡ ə n a ɪ z	ɔ r ɡ ə n a ɪ z d	ɔ r ɡ ə n a ɪ z d	s æ n ɪ t a ɪ z d	1	1	reg_d	reg_d	reg_d
model_decision	f r a ɪ t ə n	f r a ɪ t ə n d	f r a ɪ t ə n d	b r a ɪ t ə n	b r a ɪ t ə n d	b r a ɪ t ə n d	f r a ɪ t ə n d	1	1	reg_d	reg_d	reg_d
model_decision	o ʊ v ɹ̩ k ə m	o ʊ v ɹ̩ k e ɪ m	o ʊ v ɹ̩ k ə m d	m ʌ ʃ r uː m	m ʌ ʃ r uː m d	m ʌ ʃ r uː m d	o ʊ v ɹ̩ k ə m d	1	0	vowel_change	reg_d	reg_d
model_decision	p ɛ p ɹ̩	p ɛ p ɹ̩ d	p ɛ p ɹ̩ d	p iː t ɹ̩	p iː t ɹ̩ d	p iː t ɹ̩ d	p ɛ p ɹ̩ d	1	1	reg_d	reg_d	reg_d
model_decision	b ʌ d͡ʒ	b ʌ d͡ʒ d	b ʌ d͡ʒ d	f ʌ d͡ʒ	f ʌ d͡ʒ d	f ʌ d͡ʒ d	b ʌ d͡ʒ d	1	1	reg_d	reg_d	reg_d
model_decision	ɡ l ɛ r	ɡ l ɛ r d	ɡ l ɛ r d	k l iː r	k l iː r d	k l iː r d	ɡ l ɛ r d	1	1	reg_d	reg_d	reg_d
model_decision	ə f ɔ r d	ə f ɔ r d ə d	ə f ɔ r d ə d	ə p l ɔ d	ə p l ɔ d ə d	ə p l ɔ d ə d	ə f ɔ r d ə d	1	1	reg_əd	reg_əd	reg_əd
model_decision	s k o ʊ l d	s k o ʊ l d ə d	s k o ʊ l d ə d	r iː l o ʊ d	r iː l o ʊ d ə d	r iː l o ʊ d ə d	s k o ʊ l d ə d	1	1	reg_əd	reg_əd	reg_əd
model_decision	s ɛ n s	s ɛ n s t	s ɛ n s t	d æ n s	d æ n s t	d æ n s t	s ɛ n s t	1	1	reg_t	reg_t	reg_t
model_decision	ɛ m f ə s a ɪ z	ɛ m f ə s a ɪ z d	ɛ m f ə s a ɪ z d	ɛ k s ɹ̩ s a ɪ z	ɛ k s ɹ̩ s a ɪ z d	ɛ k s ɹ̩ s a ɪ z d	ɛ m f ə s a ɪ z d	1	1	reg_d	reg_d	reg_d
model_decision	l e ɪ b ə l	l e ɪ b ə l d	l e ɪ b ə l d	t e ɪ b ə l	t e ɪ b ə l d	t e ɪ b ə l d	l e ɪ b ə l d	1	1	reg_d	reg_d	reg_d
model_decision	b a ʊ	b a ʊ d	b ɔ t	b a ɪ	b ɔ t	b ɔ t	NA	0	0	reg_d	vowel_change_suffix	vowel_change_suffix
model_decision	b ʌ n t͡ʃ	b ʌ n t͡ʃ t	b ʌ n t͡ʃ t	m ʌ n t͡ʃ	m ʌ n t͡ʃ t	m ʌ n t͡ʃ t	b ʌ n t͡ʃ t	1	1	reg_t	reg_t	reg_t
model_decision	t ɛ r ə r a ɪ z	t ɛ r ə r a ɪ z d	t ɛ r ə r a ɪ z d	ɔ r ɡ ə n a ɪ z	ɔ r ɡ ə n a ɪ z d	ɔ r ɡ ə n a ɪ z d	t ɛ r ə r a ɪ z d	1	1	reg_d	reg_d	reg_d
model_decision	ɡ r æ v ə t e ɪ t	ɡ r æ v ə t e ɪ t ə d	ɡ r æ v ə t e ɪ t ə d	ɪ v æ l j uː e ɪ t	ɪ v æ l j uː e ɪ t ə d	ɪ v æ l j uː e ɪ t ə d	ɡ r æ v ə t e ɪ t ə d	1	1	reg_əd	reg_əd	reg_əd
model_decision	b l æ s t	b l æ s t ə d	b l æ s t ə d	b o ʊ l t	b o ʊ l t ə d	b o ʊ l t ə d	b l æ s t ə d	1	1	reg_əd	reg_əd	reg_əd
model_decision	ɪ n ɪ ʃ ə l	ɪ n ɪ ʃ ə l d	ɪ n ɪ ʃ ə l d	t ɪ ŋ k ə l	t ɪ ŋ k ə l d	t ɪ ŋ k ə l d	ɪ n ɪ ʃ ə l d	1	1	reg_d	reg_d	reg_d
model_decision	s w ɑː p	s w ɑː p t	s w ɑː p t	k r ɑː p	k r ɑː p t	k r ɑː p t	s w ɑː p t	1	1	reg_t	reg_t	reg_t
model_decision	æ d m a ɪ ɹ̩	æ d m a ɪ ɹ̩ d	æ d m a ɪ ɹ̩ d	r ɪ t a ɪ ɹ̩	r ɪ t a ɪ ɹ̩ d	r ɪ t a ɪ ɹ̩ d	æ d m a ɪ ɹ̩ d	1	1	reg_d	reg_d	reg_d
model_decision	s ə p ɔ r t	s ə p ɔ r t ə d	s ə p ɔ r t ə d	ɛ s k ɔ r t	ɛ s k ɔ r t ə d	ɛ s k ɔ r t ə d	s ə p ɔ r t ə d	1	1	reg_əd	reg_əd	reg_əd
model_decision	p æ m p ɹ̩	p æ m p ɹ̩ d	p æ m p ɹ̩ d	p ɪ k t͡ʃ ɹ̩	p ɪ k t͡ʃ ɹ̩ d	p ɪ k t͡ʃ ɹ̩ d	p æ m p ɹ̩ d	1	1	reg_d	reg_d	reg_d
model_decision	v ɔ ɪ s	v ɔ ɪ s t	v ɔ ɪ s t	k l æ s	k l æ s t	k l æ s t	v ɔ ɪ s t	1	1	reg_t	reg_t	reg_t
model_decision	s k ɔ r	s k ɔ r d	s k ɔ r d	s t ɔ r	s t ɔ r d	s t ɔ r d	s k ɔ r d	1	1	reg_d	reg_d	reg_d
model_decision	d ɑː k t ɹ̩	d ɑː k t ɹ̩ d	d ɑː k t ɹ̩ d	s ɛ n t ɹ̩	s ɛ n t ɹ̩ d	s ɛ n t ɹ̩ d	d ɑː k t ɹ̩ d	1	1	reg_d	reg_d	reg_d
model_decision	r iː v æ m p	r iː v æ m p t	r iː v æ m p t	k ɪ d n æ p	k ɪ d n æ p t	k ɪ d n æ p t	r iː v æ m p t	1	1	reg_t	reg_t	reg_t
model_decision	l iː s	l iː s t	l iː s t	p iː s	p iː s t	p iː s t	l iː s t	1	1	reg_t	reg_t	reg_t
model_decision	s ə p r ɛ s	s ə p r ɛ s t	s ə p r ɛ s t	ɪ m p r ɛ s	ɪ m p r ɛ s t	ɪ m p r ɛ s t	s ə p r ɛ s t	1	1	reg_t	reg_t	reg_t
model_decision	ə p o ʊ z	ə p o ʊ z d	ə p o ʊ z d	k l o ʊ z	k l o ʊ z d	k l o ʊ z d	ə p o ʊ z d	1	1	reg_d	reg_d	reg_d
model_decision	f l ɑː p	f l ɑː p t	f l ɑː p t	f l æ p	f l æ p t	f l æ p t	f l ɑː p t	1	1	reg_t	reg_t	reg_t
model_decision	b ʌ m	b ʌ m d	b ʌ m d	b uː m	b uː m d	b uː m d	b ʌ m d	1	1	reg_d	reg_d	reg_d
model_decision	s p ɹ̩ t	s p ɹ̩ t ə d	s p ɹ̩ t ə d	s w ɛ t	s w ɛ t ə d	s w ɛ t ə d	s p ɹ̩ t ə d	1	1	reg_əd	reg_əd	reg_əd
model_decision	h uː t	h uː t ə d	h uː t ə d	s uː t	s uː t ə d	s uː t ə d	h uː t ə d	1	1	reg_əd	reg_əd	reg_əd
model_decision	p ɹ̩ s	p ɹ̩ s t	p ɹ̩ s t	t ɔ s	t ɔ s t	t ɔ s t	p ɹ̩ s t	1	1	reg_t	reg_t	reg_t
model_decision	k l ʌ b	k l ʌ b d	k l ʌ b d	k j uː b	k j uː b d	k j uː b d	k l ʌ b d	1	1	reg_d	reg_d	reg_d
model_decision	p ɪ t iː	p ɪ t iː d	p ɪ t iː d	m ʌ d iː	m ʌ d iː d	m ʌ d iː d	p ɪ t iː d	1	1	reg_d	reg_d	reg_d
model_decision	t r æ m p	t r æ m p t	t r æ m p t	t r ʌ m p	t r ʌ m p t	t r ʌ m p t	t r æ m p t	1	1	reg_t	reg_t	reg_t
model_decision	d͡ʒ ɛ n ɹ̩ e ɪ t	d͡ʒ ɛ n ɹ̩ e ɪ t ə d	d͡ʒ ɛ n ɹ̩ e ɪ t ə d	f ɪ k s e ɪ t	f ɪ k s e ɪ t ə d	f ɪ k s e ɪ t ə d	d͡ʒ ɛ n ɹ̩ e ɪ t ə d	1	1	reg_əd	reg_əd	reg_əd
model_decision	t æ t ə l	t æ t ə l d	t æ t ə l d	t æ k ə l	t æ k ə l d	t æ k ə l d	t æ t ə l d	1	1	reg_d	reg_d	reg_d
model_decision	f ʌ m b ə l	f ʌ m b ə l d	f ʌ m b ə l d	m ɑː r b ə l	m ɑː r b ə l d	m ɑː r b ə l d	f ʌ m b ə l d	1	1	reg_d	reg_d	reg_d
model_decision	s t æ ʃ	s t æ ʃ t	s t æ ʃ t	s m æ ʃ	s m æ ʃ t	s m æ ʃ t	s t æ ʃ t	1	1	reg_t	reg_t	reg_t
model_decision	ɪ n s ɪ s t	ɪ n s ɪ s t ə d	ɪ n s ɪ s t ə d	ɪ ɡ z ɪ s t	ɪ ɡ z ɪ s t ə d	ɪ ɡ z ɪ s t ə d	ɪ n s ɪ s t ə d	1	1	reg_əd	reg_əd	reg_əd
model_decision	ɪ ɡ z æ m ɪ n	ɪ ɡ z æ m ɪ n d	ɪ ɡ z æ m ɪ n d	d ɪ k l a ɪ n	d ɪ k l a ɪ n d	d ɪ k l a ɪ n d	ɪ ɡ z æ m ɪ n d	1	1	reg_d	reg_d	reg_d
model_decision	b l ɑː s ə m	b l ɑː s ə m d	b l ɑː s ə m d	w ɛ l k ə m	w ɛ l k ə m d	w ɛ l k ə m d	b l ɑː s ə m d	1	1	reg_d	reg_d	reg_d
model_decision	r o ʊ p	r o ʊ p t	r o ʊ p t	d o ʊ p	d o ʊ p t	d o ʊ p t	r o ʊ p t	1	1	reg_t	reg_t	reg_t
model_decision	p ɪ ŋ	p ɪ ŋ d	p ɪ ŋ d	t ʌ ŋ	t ʌ ŋ d	t ʌ ŋ d	p ɪ ŋ d	1	1	reg_d	reg_d	reg_d
model_decision	v o ʊ t	v o ʊ t ə d	v o ʊ t ə d	f r ɛ t	f r ɛ t ə d	f r ɛ t ə d	v o ʊ t ə d	1	1	reg_əd	reg_əd	reg_əd
model_decision	n iː r	n iː r d	n iː r d	p iː r	p iː r d	p iː r d	n iː r d	1	1	reg_d	reg_d	reg_d
model_decision	t r ʌ s t	t r ʌ s t ə d	t r ʌ s t ə d	t ɪ k ə t	t ɪ k ə t ə d	t ɪ k ə t ə d	t r ʌ s t ə d	1	1	reg_əd	reg_əd	reg_əd
model_decision	ɪ n t ɹ̩ s p ɹ̩ s	ɪ n t ɹ̩ s p ɹ̩ s t	ɪ n t ɹ̩ s p ɹ̩ s t ɹ̩ s t ɹ̩ t ɹ̩ t	ɪ n t r ə d uː s	ɪ n t r ə d uː s t	ɪ n t r ə d uː s t	ɪ n t ɹ̩ s p ɹ̩ s t	0	1	reg_t	other	reg_t
model_decision	s w uː p	s w uː p t	s w uː p t	s k uː p	s k uː p t	s k uː p t	s w uː p t	1	1	reg_t	reg_t	reg_t
model_decision	d͡ʒ e ɪ l	d͡ʒ e ɪ l d	d͡ʒ e ɪ l d	n e ɪ l	n e ɪ l d	n e ɪ l d	d͡ʒ e ɪ l d	1	1	reg_d	reg_d	reg_d
model_decision	f e ɪ l	f e ɪ l d	f e ɪ l d	f a ɪ l	f a ɪ l d	f a ɪ l d	f e ɪ l d	1	1	reg_d	reg_d	reg_d
model_decision	b ʊ k	b ʊ k t	b ʊ k t	h ʊ k	h ʊ k t	h ʊ k t	b ʊ k t	1	1	reg_t	reg_t	reg_t
model_decision	s ɪ f t	s ɪ f t ə d	s ɪ f t ə d	ʃ ɪ f t	ʃ ɪ f t ə d	ʃ ɪ f t ə d	s ɪ f t ə d	1	1	reg_əd	reg_əd	reg_əd
model_decision	k a ʊ t͡ʃ	k a ʊ t͡ʃ t	k a ʊ t͡ʃ t	m ɑː r t͡ʃ	m ɑː r t͡ʃ t	m ɑː r t͡ʃ t	k a ʊ t͡ʃ t	1	1	reg_t	reg_t	reg_t
model_decision	f r ʌ n t	f r ʌ n t ə d	f r ʌ n t ə d	ɡ r ʌ n t	ɡ r ʌ n t ə d	ɡ r ʌ n t ə d	f r ʌ n t ə d	1	1	reg_əd	reg_əd	reg_əd
model_decision	p r ə d uː s	p r ə d uː s t	p r ə d uː s t	r ɪ l æ k s	r ɪ l æ k s t	r ɪ l æ k s t	p r ə d uː s t	1	1	reg_t	reg_t	reg_t
model_decision	ʃ e ɪ d	ʃ e ɪ d ə d	ʃ e ɪ d ə d	f e ɪ d	f e ɪ d ə d	f e ɪ d ə d	ʃ e ɪ d ə d	1	1	reg_əd	reg_əd	reg_əd
model_decision	d r ɛ n t͡ʃ	d r ɛ n t͡ʃ t	d r ɛ n t͡ʃ t	s t r ɛ t͡ʃ	s t r ɛ t͡ʃ t	s t r ɛ t͡ʃ t	d r ɛ n t͡ʃ t	1	1	reg_t	reg_t	reg_t
model_decision	s p l æ t ɹ̩	s p l æ t ɹ̩ d	s p l æ t ɹ̩ d	p l æ s t ɹ̩	p l æ s t ɹ̩ d	p l æ s t ɹ̩ d	s p l æ t ɹ̩ d	1	1	reg_d	reg_d	reg_d
model_decision	r iː v j uː	r iː v j uː d	r iː v j uː d	ʃ æ m p uː	ʃ æ m p uː d	ʃ æ m p uː d	r iː v j uː d	1	1	reg_d	reg_d	reg_d
model_decision	b ɔ r	b ɔ r d	b ɔ r d	r ɔ r	r ɔ r d	r ɔ r d	b ɔ r d	1	1	reg_d	reg_d	reg_d
model_decision	s iː t	s iː t ə d	s iː t ə d	h iː t	h iː t ə d	h iː t ə d	s iː t ə d	1	1	reg_əd	reg_əd	reg_əd
model_decision	b ɛ d	b ɛ d ə d	b ɛ d	w ɛ d	w ɛ d	w ɛ d	b ɛ d	1	0	reg_əd	no_change	no_change
model_decision	ə n s iː t	ə n s iː t ə d	ə n s iː t ə d	d ɪ f iː t	d ɪ f iː t ə d	d ɪ f iː t ə d	ə n s iː t ə d	1	1	reg_əd	reg_əd	reg_əd
model_decision	m ʌ f ə l	m ʌ f ə l d	m ʌ f ə l d	n ʌ k ə l	n ʌ k ə l d	n ʌ k ə l d	m ʌ f ə l d	1	1	reg_d	reg_d	reg_d
model_decision	s t ʌ m p	s t ʌ m p t	s t ʌ m p t	s t æ m p	s t æ m p t	s t æ m p t	s t ʌ m p t	1	1	reg_t	reg_t	reg_t
model_decision	t r æ n s p l æ n t	t r æ n s p l æ n t ə d	t r æ n s t ə n æ n s t	b æ l ə n s	b æ l ə n s t	b æ l ə n s t	t r æ n s p l æ n t t	0	0	reg_əd	other	reg_t
model_decision	v ɪ ʒ w ə l a ɪ z	v ɪ ʒ w ə l a ɪ z d	v ɪ v ə l a ɪ z	ɡ o ʊ	w ɛ n t	w ɛ n t	NA	0	0	reg_d	other	other
model_decision	ɡ æ l ə p	ɡ æ l ə p t	ɡ æ l ə p t	ə n r æ p	ə n r æ p t	ə n r æ p t	ɡ æ l ə p t	1	1	reg_t	reg_t	reg_t
model_decision	s ʌ l iː	s ʌ l iː d	s ʌ l iː d	b ɛ r iː	b ɛ r iː d	b ɛ r iː d	s ʌ l iː d	1	1	reg_d	reg_d	reg_d
model_decision	ə n f o ʊ l d	ə n f o ʊ l d ə d	ə n f o ʊ l d ə d	k ə n k l uː d	k ə n k l uː d ə d	k ə n k l uː d ə d	ə n f o ʊ l d ə d	1	1	reg_əd	reg_əd	reg_əd
model_decision	w iː	w iː d	w iː d	k iː	k iː d	k iː d	w iː d	1	1	reg_d	reg_d	reg_d
model_decision	ɪ m ə t e ɪ t	ɪ m ə t e ɪ t ə d	ɪ m ə t e ɪ t ə d	ɪ r ɪ t e ɪ t	ɪ r ɪ t e ɪ t ə d	ɪ r ɪ t e ɪ t ə d	ɪ m ə t e ɪ t ə d	1	1	reg_əd	reg_əd	reg_əd
model_decision	s w ɹ̩ v	s w ɹ̩ v d	s w ɹ̩ v d	s ɑː l v	s ɑː l v d	s ɑː l v d	s w ɹ̩ v d	1	1	reg_d	reg_d	reg_d
model_decision	h iː p	h iː p t	h iː p t	b iː p	b iː p t	b iː p t	h iː p t	1	1	reg_t	reg_t	reg_t
model_decision	r iː f j uː ə l	r iː f j uː ə l d	r iː f j uː ə l d	s t r æ d ə l	s t r æ d ə l d	s t r æ d ə l d	r iː f j uː ə l d	1	1	reg_d	reg_d	reg_d
model_decision	t͡ʃ æ n t	t͡ʃ æ n t ə d	t͡ʃ æ n t ə d	p æ n t	p æ n t ə d	p æ n t ə d	t͡ʃ æ n t ə d	1	1	reg_əd	reg_əd	reg_əd
model_decision	ɡ r o ʊ s	ɡ r o ʊ s t	ɡ r o ʊ s t	ɡ r e ɪ s	ɡ r e ɪ s t	ɡ r e ɪ s t	ɡ r o ʊ s t	1	1	reg_t	reg_t	reg_t
model_decision	o ʊ v ɹ̩ f l o ʊ	o ʊ v ɹ̩ f l o ʊ d	o ʊ v ɹ̩ f l o ʊ d	o ʊ	o ʊ d	o ʊ d	o ʊ v ɹ̩ f l o ʊ d	1	1	reg_d	reg_d	reg_d
model_decision	s ɔ f ə n	s ɔ f ə n d	s ɔ f ə n d	s iː z ə n	s iː z ə n d	s iː z ə n d	s ɔ f ə n d	1	1	reg_d	reg_d	reg_d
model_decision	ə t ɛ m p t	ə t ɛ m p t ə d	ə t ɛ m p t ə d	ɪ k s ɛ p t	ɪ k s ɛ p t ə d	ɪ k s ɛ p t ə d	ə t ɛ m p t ə d	1	1	reg_əd	reg_əd	reg_əd
model_decision	r ə f ɹ̩	r ə f ɹ̩ d	r ə f ɹ̩ d	b æ t ɹ̩	b æ t ɹ̩ d	b æ t ɹ̩ d	r ə f ɹ̩ d	1	1	reg_d	reg_d	reg_d
model_decision	s m iː r	s m iː r d	s m iː r d	s k ɑː r	s k ɑː r d	s k ɑː r d	s m iː r d	1	1	reg_d	reg_d	reg_d
model_decision	ɪ m p r uː v	ɪ m p r uː v d	ɪ m p r uː v d	ɪ n v ɑː l v	ɪ n v ɑː l v d	ɪ n v ɑː l v d	ɪ m p r uː v d	1	1	reg_d	reg_d	reg_d
model_decision	ɡ r o ʊ n	ɡ r o ʊ n d	ɡ r o ʊ n d	s t o ʊ n	s t o ʊ n d	s t o ʊ n d	ɡ r o ʊ n d	1	1	reg_d	reg_d	reg_d
model_decision	s a ɪ k ə l	s a ɪ k ə l d	s a ɪ k ə l d	s p ɛ k ə l	s p ɛ k ə l d	s p ɛ k ə l d	s a ɪ k ə l d	1	1	reg_d	reg_d	reg_d
model_decision	f o ʊ k ə s	f o ʊ k ə s t	f o ʊ k ə s t	r ɪ l æ k s	r ɪ l æ k s t	r ɪ l æ k s t	f o ʊ k ə s t	1	1	reg_t	reg_t	reg_t
model_decision	b ɑː s	b ɑː s t	b ɑː s t	l uː s	l uː s t	l uː s t	b ɑː s t	1	1	reg_t	reg_t	reg_t
model_decision	ʃ r ɛ d	ʃ r ɛ d ə d	ʃ r ɛ d ə d	b r ɛ d	b r ɛ d ə d	b r ɛ d ə d	ʃ r ɛ d ə d	1	1	reg_əd	reg_əd	reg_əd
model_decision	o ʊ v ɹ̩ d uː	o ʊ v ɹ̩ d ɪ d	o ʊ v ɹ̩ d uː d	r ɛ s k j uː	r ɛ s k j uː d	r ɛ s k j uː d	o ʊ v ɹ̩ d uː d	1	0	vowel_change_suffix	reg_d	reg_d
model_decision	s k iː	s k iː d	s k iː d	h ɹ̩ iː	h ɹ̩ iː d	h ɹ̩ iː d	s k iː d	1	1	reg_d	reg_d	reg_d
model_decision	k ə n t e ɪ n	k ə n t e ɪ n d	k ə n t e ɪ n d	k ə m b a ɪ n	k ə m b a ɪ n d	k ə m b a ɪ n d	k ə n t e ɪ n d	1	1	reg_d	reg_d	reg_d
model_decision	n æ v ə ɡ e ɪ t	n æ v ə ɡ e ɪ t ə d	n æ v ə ɡ e ɪ t ə d	ɪ n d ə k e ɪ t	ɪ n d ə k e ɪ t ə d	ɪ n d ə k e ɪ t ə d	n æ v ə ɡ e ɪ t ə d	1	1	reg_əd	reg_əd	reg_əd
model_decision	r ɪ p ɛ l	r ɪ p ɛ l d	r ɪ p ɛ l	r iː f ɪ l	r iː f ɪ l d	r iː f ɪ l d	r ɪ p ɛ l d	0	1	reg_d	no_change	reg_d
model_decision	m ʌ t ɹ̩	m ʌ t ɹ̩ d	m ʌ t ɹ̩ d	m æ t ɹ̩	m æ t ɹ̩ d	m æ t ɹ̩ d	m ʌ t ɹ̩ d	1	1	reg_d	reg_d	reg_d
model_decision	b r iː d	b r ɛ d	b r iː d ə d	b iː r d	b iː r d ə d	b iː r d ə d	b r iː d ə d	1	0	vowel_change	reg_əd	reg_əd
model_decision	t æ l iː	t æ l iː d	t æ l iː d	ə ɡ r iː	ə ɡ r iː d	ə ɡ r iː d	t æ l iː d	1	1	reg_d	reg_d	reg_d
model_decision	m æ ɡ n ə f a ɪ	m æ ɡ n ə f a ɪ d	m æ ɡ n ə f a ɪ d	ɡ l ɔ r ə f a ɪ	ɡ l ɔ r ə f a ɪ d	ɡ l ɔ r ə f a ɪ d	m æ ɡ n ə f a ɪ d	1	1	reg_d	reg_d	reg_d
model_decision	w e ɪ d	w e ɪ d ə d	w e ɪ d ə d	r e ɪ d	r e ɪ d ə d	r e ɪ d ə d	w e ɪ d ə d	1	1	reg_əd	reg_əd	reg_əd
model_decision	l æ p	l æ p t	l æ p t	w ɪ p	w ɪ p t	w ɪ p t	l æ p t	1	1	reg_t	reg_t	reg_t
model_decision	l ɑː p	l ɑː p t	l ɑː p t	h ɑː p	h ɑː p t	h ɑː p t	l ɑː p t	1	1	reg_t	reg_t	reg_t
model_decision	b ɑː m	b ɑː m d	b ɑː m d	k ɑː m	k ɑː m d	k ɑː m d	b ɑː m d	1	1	reg_d	reg_d	reg_d
model_decision	ə b z ɹ̩ v	ə b z ɹ̩ v d	ə b z ɹ̩ v d	d ɪ z ɹ̩ v	d ɪ z ɹ̩ v d	d ɪ z ɹ̩ v d	ə b z ɹ̩ v d	1	1	reg_d	reg_d	reg_d
model_decision	w iː n	w iː n d	w iː n d	l iː n	l iː n d	l iː n d	w iː n d	1	1	reg_d	reg_d	reg_d
model_decision	r iː r	r iː r d	r iː r d	v iː r	v iː r d	v iː r d	r iː r d	1	1	reg_d	reg_d	reg_d
model_decision	r æ ʃ ə n	r æ ʃ ə n d	r æ ʃ ə n d	r iː z ə n	r iː z ə n d	r iː z ə n d	r æ ʃ ə n d	1	1	reg_d	reg_d	reg_d
model_decision	ə d ɪ k t	ə d ɪ k t ə d	ə d ɪ k t ə d	ɛ n æ k t	ɛ n æ k t ə d	ɛ n æ k t ə d	ə d ɪ k t ə d	1	1	reg_əd	reg_əd	reg_əd
model_decision	b ʌ n d ə l	b ʌ n d ə l d	b ʌ n d ə l d	ɡ r æ p ə l	ɡ r æ p ə l d	ɡ r æ p ə l d	b ʌ n d ə l d	1	1	reg_d	reg_d	reg_d
model_decision	m ə t j ʊ r	m ə t j ʊ r d	m ə t j ʊ r d	r iː ə ʃ ʊ r	r iː ə ʃ ʊ r d	r iː ə ʃ ʊ r d	m ə t j ʊ r d	1	1	reg_d	reg_d	reg_d
model_decision	f l ɹ̩ t	f l ɹ̩ t ə d	f l ɹ̩ t ə d	l ɪ f t	l ɪ f t ə d	l ɪ f t ə d	f l ɹ̩ t ə d	1	1	reg_əd	reg_əd	reg_əd
model_decision	ɪ n k ɔ r p ɹ̩ e ɪ t	ɪ n k ɔ r p ɹ̩ e ɪ t ə d	ɪ n p ɹ̩ r e ɪ t ə d	k ə l æ p s	k ə l æ p s t	k ə l æ p s t	ɪ n k ɔ r p ɹ̩ e ɪ t t	0	0	reg_əd	other	reg_t
model_decision	f r ʌ s t r e ɪ t	f r ʌ s t r e ɪ t ə d	f r ʌ s t r e ɪ t ə d	ɪ l ə s t r e ɪ t	ɪ l ə s t r e ɪ t ə d	ɪ l ə s t r e ɪ t ə d	f r ʌ s t r e ɪ t ə d	1	1	reg_əd	reg_əd	reg_əd
model_decision	d ɪ f a ɪ n	d ɪ f a ɪ n d	d ɪ f a ɪ n d	d ɪ z a ɪ n	d ɪ z a ɪ n d	d ɪ z a ɪ n d	d ɪ f a ɪ n d	1	1	reg_d	reg_d	reg_d
model_decision	b r e ɪ v	b r e ɪ v d	b r e ɪ v d	r ə s iː v	r ə s iː v d	r ə s iː v d	b r e ɪ v d	1	1	reg_d	reg_d	reg_d
model_decision	ɪ n k w a ɪ ɹ̩	ɪ n k w a ɪ ɹ̩ d	ɪ n k w a ɪ ɹ̩ d	ɪ k s p a ɪ ɹ̩	ɪ k s p a ɪ ɹ̩ d	ɪ k s p a ɪ ɹ̩ d	ɪ n k w a ɪ ɹ̩ d	1	1	reg_d	reg_d	reg_d
model_decision	b ʌ s	b ʌ s t	b ʌ s t	ɡ æ s	ɡ æ s t	ɡ æ s t	b ʌ s t	1	1	reg_t	reg_t	reg_t
model_decision	p ə z ɪ ʃ ə n	p ə z ɪ ʃ ə n d	p ə z ɪ ʃ ə n d	p ə t ɪ ʃ ə n	p ə t ɪ ʃ ə n d	p ə t ɪ ʃ ə n d	p ə z ɪ ʃ ə n d	1	1	reg_d	reg_d	reg_d
model_region	iː t	e ɪ t	iː t ə t	d ɪ l iː t	d ɪ l iː t ə d	d ɪ l iː t ə d	iː t ə d	0	0	vowel_change	other	reg_əd
model_region	m e ɪ k	m e ɪ d	m e ɪ k t	k e ɪ k	k e ɪ k t	k e ɪ k t	m e ɪ k t	1	0	coda_change	reg_t	reg_t
model_region	n o ʊ	n uː	n o ʊ d	r o ʊ	r o ʊ d	r o ʊ d	n o ʊ d	1	0	vowel_change	reg_d	reg_d
model_region	f ɔ l	f ɛ l	f ɔ l d	b ɔ l	b ɔ l d	b ɔ l d	f ɔ l d	1	0	vowel_change	reg_d	reg_d
model_region	b r ɪ ŋ	b r ɔ t	b r ɪ ŋ	b ʊ t͡ʃ ɹ̩	b ʊ t͡ʃ ɹ̩ d	b ʊ t͡ʃ ɹ̩ d	b r ɪ ŋ d	0	0	rhyme_replaced	no_change	reg_d
model_region	s t ɑː r t	s t ɑː r t ə d	s t ɑː r t ə d	s m ɑː r t	s m ɑː r t ə d	s m ɑː r t ə d	s t ɑː r t ə d	1	1	reg_əd	reg_əd	reg_əd
model_region	t e ɪ k	t ʊ k	t e ɪ k t	r e ɪ k	r e ɪ k t	r e ɪ k t	t e ɪ k t	1	0	vowel_change	reg_t	reg_t
model_region	h e ɪ t	h e ɪ t ə d	h e ɪ t ə d	w e ɪ t	w e ɪ t ə d	w e ɪ t ə d	h e ɪ t ə d	1	1	reg_əd	reg_əd	reg_əd
model_region	r a ɪ t	r o ʊ t	r o ʊ t ə d	r a ɪ z	r o ʊ z	r o ʊ z	NA	0	0	vowel_change	other	vowel_change
model_region	f ɪ t	f ɪ t	f ɪ t ə d	n ɪ t	n ɪ t ə d	n ɪ t ə d	f ɪ t ə d	1	0	no_change	reg_əd	reg_əd
model_region	d a ɪ n	d a ɪ n d	d a ɪ n d	s a ɪ n	s a ɪ n d	s a ɪ n d	d a ɪ n d	1	1	reg_d	reg_d	reg_d
model_region	m ɪ s	m ɪ s t	m ɪ s t	a ɪ s	a ɪ s t	a ɪ s t	m ɪ s t	1	1	reg_t	reg_t	reg_t
model_region	n ɑː k	n ɑː k t	n ɑː k t	l ɑː k	l ɑː k t	l ɑː k t	n ɑː k t	1	1	reg_t	reg_t	reg_t
model_region	n iː d	n iː d ə d	n iː d ə d	b iː d	b iː d ə d	b iː d ə d	n iː d ə d	1	1	reg_əd	reg_əd	reg_əd
model_region	m uː v	m uː v d	m uː v d	s ɹ̩ v	s ɹ̩ v d	s ɹ̩ v d	m uː v d	1	1	reg_d	reg_d	reg_d
model_region	f l ɪ p	f l ɪ p t	f l ɪ p t	f l æ p	f l æ p t	f l æ p t	f l ɪ p t	1	1	reg_t	reg_t	reg_t
model_region	r ɛ d iː	r ɛ d iː d	r ɛ d iː d	b ɑː d iː	b ɑː d iː d	b ɑː d iː d	r ɛ d iː d	1	1	reg_d	reg_d	reg_d
model_region	z ɪ p	z ɪ p t	z ɪ p t	w ɪ p	w ɪ p t	w ɪ p t	z ɪ p t	1	1	reg_t	reg_t	reg_t
model_region	f a ɪ t	f ɔ t	f a ɪ t ə d	w a ɪ t	w a ɪ t ə d	w a ɪ t ə d	f a ɪ t ə d	1	0	vowel_change	reg_əd	reg_əd
model_region	k æ t͡ʃ	k ɔ t	k æ t͡ʃ t	m æ t͡ʃ	m æ t͡ʃ t	m æ t͡ʃ t	k æ t͡ʃ t	1	0	rhyme_replaced	reg_t	reg_t
model_region	f l o ʊ t	f l o ʊ t ə d	f l o ʊ t ə d	b l o ʊ t	b l o ʊ t ə d	b l o ʊ t ə d	f l o ʊ t ə d	1	1	reg_əd	reg_əd	reg_əd
model_region	w ɪ ʃ	w ɪ ʃ t	w ɪ ʃ t	d ɪ ʃ	d ɪ ʃ t	d ɪ ʃ t	w ɪ ʃ t	1	1	reg_t	reg_t	reg_t
model_region	ʃ e ɪ k	ʃ ʊ k	ʃ e ɪ k t	w e ɪ k	w e ɪ k t	w o ʊ k	ʃ e ɪ k t	1	0	vowel_change	reg_t	reg_t
model_region	k ɪ k	k ɪ k t	k ɪ k t	e ɪ k	e ɪ k t	e ɪ k t	k ɪ k t	1	1	reg_t	reg_t	reg_t
model_region	t͡ʃ e ɪ n d͡ʒ	t͡ʃ e ɪ n d͡ʒ d	t͡ʃ e ɪ n d͡ʒ d	s t e ɪ d͡ʒ	s t e ɪ d͡ʒ d	s t e ɪ d͡ʒ d	t͡ʃ e ɪ n d͡ʒ d	1	1	reg_d	reg_d	reg_d
model_region	θ r o ʊ	θ r uː	θ r o ʊ d	k r o ʊ	k r o ʊ d	k r o ʊ d	θ r o ʊ d	1	0	vowel_change	reg_d	reg_d
model_region	b æ k	b æ k t	b æ k t	d͡ʒ æ k	d͡ʒ æ k t	d͡ʒ æ k t	b æ k t	1	1	reg_t	reg_t	reg_t
model_region	f l æ ʃ	f l æ ʃ t	f l æ ʃ t	f l ʌ ʃ	f l ʌ ʃ t	f l ʌ ʃ t	f l æ ʃ t	1	1	reg_t	reg_t	reg_t
model_region	ɡ r o ʊ	ɡ r uː	ɡ r o ʊ d	k r o ʊ	k r o ʊ d	k r o ʊ d	ɡ r o ʊ d	1	0	vowel_change	reg_d	reg_d
model_region	s m a ɪ l	s m a ɪ l d	s m a ɪ l d	s p ɔ ɪ l	s p ɔ ɪ l d	s p ɔ ɪ l d	s m a ɪ l d	1	1	reg_d	reg_d	reg_d
model_region	s t ɑː p	s t ɑː p t	s t ɑː p t	d r ɑː p	d r ɑː p t	d r ɑː p t	s t ɑː p t	1	1	reg_t	reg_t	reg_t
model_region	s t ɹ̩	s t ɹ̩ d	s t ɹ̩ d	ɔ f ɹ̩	ɔ f ɹ̩ d	ɔ f ɹ̩ d	s t ɹ̩ d	1	1	reg_d	reg_d	reg_d
model_region	t͡ʃ uː	t͡ʃ uː d	t͡ʃ o ʊ t͡ʃ t	t͡ʃ uː z	t͡ʃ o ʊ z	t͡ʃ o ʊ z	NA	0	0	reg_d	rhyme_replaced	vowel_change
model_region	d r ɛ s	d r ɛ s t	d r ɛ s t	p r ɛ s	p r ɛ s t	p r ɛ s t	d r ɛ s t	1	1	reg_t	reg_t	reg_t
model_region	ə n d ɹ̩ s t æ n d	ə n d ɹ̩ s t ʊ d	ə n d ɹ̩ s t æ n d	k ɑː m p r iː h ɛ n d	k ɑː m p r iː h ɛ n d ə d	k ɑː m p r iː h ɛ n d ə d	ə n d ɹ̩ s t æ n d ə d	0	0	rhyme_replaced	no_change	reg_əd
model_region	t͡ʃ e ɪ s	t͡ʃ e ɪ s t	t͡ʃ e ɪ s t	b e ɪ s	b e ɪ s t	b e ɪ s t	t͡ʃ e ɪ s t	1	1	reg_t	reg_t	reg_t
model_region	h ʌ ɡ	h ʌ ɡ d	h ʌ ɡ d	t ʌ ɡ	t ʌ ɡ d	t ʌ ɡ d	h ʌ ɡ d	1	1	reg_d	reg_d	reg_d
model_region	h ɪ t	h ɪ t	h ɪ t	p ɪ t	p ɪ t ə d	p ɪ t ə d	h ɪ t ə d	0	0	no_change	no_change	reg_əd
model_region	h æ m ɹ̩	h æ m ɹ̩ d	h æ m ɹ̩ d	s ɪ m ɹ̩	s ɪ m ɹ̩ d	s ɪ m ɹ̩ d	h æ m ɹ̩ d	1	1	reg_d	reg_d	reg_d
model_region	w a ɪ n d	w a ɪ n d ə d	w a ʊ n d	m a ɪ n d	m a ʊ n d	m a ɪ n d ə d	w a ʊ n d	1	0	reg_əd	vowel_change	vowel_change
model_region	k ə n s t r ʌ k t	k ə n s t r ʌ k t ə d	k ə n s t r ʌ k t ə d	ɪ l ə s t r e ɪ t	ɪ l ə s t r e ɪ t ə d	ɪ l ə s t r e ɪ t ə d	k ə n s t r ʌ k t ə d	1	1	reg_əd	reg_əd	reg_əd
model_region	m iː t	m ɛ t	m iː t ə d	t͡ʃ iː t	t͡ʃ iː t ə d	t͡ʃ iː t ə d	m iː t ə d	1	0	vowel_change	reg_əd	reg_əd
model_region	s w ɪ ʃ	s w ɪ ʃ t	s w ɪ ʃ t	s m æ ʃ	s m æ ʃ t	s m æ ʃ t	s w ɪ ʃ t	1	1	reg_t	reg_t	reg_t
model_region	s k w iː z	s k w iː z d	s k w iː z d	k l o ʊ z	k l o ʊ z d	k l o ʊ z d	s k w iː z d	1	1	reg_d	reg_d	reg_d
model_region	t͡ʃ ʌ ɡ	t͡ʃ ʌ ɡ d	t͡ʃ ʌ ɡ d	t ʌ ɡ	t ʌ ɡ d	t ʌ ɡ d	t͡ʃ ʌ ɡ d	1	1	reg_d	reg_d	reg_d
model_region	b r æ n t͡ʃ	b r æ n t͡ʃ t	b r æ n t͡ʃ t	s k r æ t͡ʃ	s k r æ t͡ʃ t	s k r æ t͡ʃ t	b r æ n t͡ʃ t	1	1	reg_t	reg_t	reg_t
model_region	n o ʊ t ɪ s	n o ʊ t ɪ s t	n o ʊ t ɪ s t	s p l a ɪ s	s p l a ɪ s t	s p l a ɪ s t	n o ʊ t ɪ s t	1	1	reg_t	reg_t	reg_t
model_region	b e ɪ k	b e ɪ k t	b e ɪ k t	w e ɪ k	w e ɪ k t	w o ʊ k	b e ɪ k t	1	1	reg_t	reg_t	reg_t
model_region	s n æ p	s n æ p t	s n æ p t	k l æ p	k l æ p t	k l æ p t	s n æ p t	1	1	reg_t	reg_t	reg_t
model_region	s w ɪ m	s w æ m	s w ɪ m d	ʃ e ɪ m	ʃ e ɪ m d	ʃ e ɪ m d	s w ɪ m d	1	0	vowel_change	reg_d	reg_d
model_region	ʃ ʌ t ə l	ʃ ʌ t ə l d	ʃ ʌ t ə l d	k ʌ p ə l	k ʌ p ə l d	k ʌ p ə l d	ʃ ʌ t ə l d	1	1	reg_d	reg_d	reg_d
model_region	ə p r iː ʃ iː e ɪ t	ə p r iː ʃ iː e ɪ t ə d	ə p r iː ʃ iː e ɪ t ə d	ɪ v æ l j uː e ɪ t	ɪ v æ l j uː e ɪ t ə d	ɪ v æ l j uː e ɪ t ə d	ə p r iː ʃ iː e ɪ t ə d	1	1	reg_əd	reg_əd	reg_əd
model_region	s m uː ð	s m uː ð d	s m uː ð d	b e ɪ ð	b e ɪ ð d	b e ɪ ð d	s m uː ð d	1	1	reg_d	reg_d	reg_d
model_region	s t ɛ r	s t ɛ r d	s t ɛ r d	s p ɛ r	s p ɛ r d	s p ɛ r d	s t ɛ r d	1	1	reg_d	reg_d	reg_d
model_region	k ɑː s t uː m	k ɑː s t uː m d	k ɑː s t uː m d	v æ k j uː m	v æ k j uː m d	v æ k j uː m d	k ɑː s t uː m d	1	1	reg_d	reg_d	reg_d
model_region	ɡ uː f	ɡ uː f t	ɡ uː f t	l æ f	l æ f t	l æ f t	ɡ uː f t	1	1	reg_t	reg_t	reg_t
model_region	d r a ʊ n	d r a ʊ n d	d r a ʊ n d	b r a ʊ n	b r a ʊ n d	b r a ʊ n d	d r a ʊ n d	1	1	reg_d	reg_d	reg_d
model_region	n ɹ̩ s	n ɹ̩ s t	n ɹ̩ s t	k ɹ̩ s	k ɹ̩ s t	k ɹ̩ s t	n ɹ̩ s t	1	1	reg_t	reg_t	reg_t
model_region	k r a ɪ	k r a ɪ d	k r a ɪ d	f r a ɪ	f r a ɪ d	f r a ɪ d	k r a ɪ d	1	1	reg_d	reg_d	reg_d
model_region	iː v ɪ n	iː v ɪ n d	iː v ɪ n d	t͡ʃ e ɪ n	t͡ʃ e ɪ n d	t͡ʃ e ɪ n d	iː v ɪ n d	1	1	reg_d	reg_d	reg_d
model_region	m a ɪ n	m a ɪ n d	m a ɪ n d	ʃ a ɪ n	ʃ a ɪ n d	ʃ a ɪ n d	m a ɪ n d	1	1	reg_d	reg_d	reg_d
model_region	b ɪ ɡ ɪ n	b ɪ ɡ æ n	b ɪ ɡ e ɪ n	f ɹ̩ ɡ ɪ v	f ɹ̩ ɡ e ɪ v	f ɹ̩ ɡ e ɪ v	NA	0	0	vowel_change	vowel_change	vowel_change
model_region	s p æ ŋ k	s p æ ŋ k t	s p æ ŋ k t	s m o ʊ k	s m o ʊ k t	s m o ʊ k t	s p æ ŋ k t	1	1	reg_t	reg_t	reg_t
model_region	t͡ʃ ɪ p	t͡ʃ ɪ p t	t͡ʃ ɪ p t	t ɪ p	t ɪ p t	t ɪ p t	t͡ʃ ɪ p t	1	1	reg_t	reg_t	reg_t
model_region	s p iː k	s p o ʊ k	s p ɛ k t	s p iː d	s p ɛ d	s p ɛ d	NA	0	0	vowel_change	vowel_change_suffix	vowel_change
model_region	s w ɪ t͡ʃ	s w ɪ t͡ʃ t	s w ɪ t͡ʃ t	t w ɪ t͡ʃ	t w ɪ t͡ʃ t	t w ɪ t͡ʃ t	s w ɪ t͡ʃ t	1	1	reg_t	reg_t	reg_t
model_region	f a ɪ ɹ̩	f a ɪ ɹ̩ d	f a ɪ ɹ̩ d	t a ɪ ɹ̩	t a ɪ ɹ̩ d	t a ɪ ɹ̩ d	f a ɪ ɹ̩ d	1	1	reg_d	reg_d	reg_d
model_region	b ɪ l	b ɪ l d	b ɪ l d	w ɪ l	w ɪ l d	w ɪ l d	b ɪ l d	1	1	reg_d	reg_d	reg_d
model_region	r iː m a ɪ n d	r iː m a ɪ n d ə d	r iː m a ʊ n d ə d	ə n w a ɪ n d	ə n w a ʊ n d	ə n w a ʊ n d	r iː m a ʊ n d	0	0	reg_əd	other	vowel_change
model_region	s iː d	s iː d ə d	s iː d ə d	w iː d	w iː d ə d	w iː d ə d	s iː d ə d	1	1	reg_əd	reg_əd	reg_əd
model_region	w e ɪ v	w e ɪ v d	w e ɪ v d	ʃ e ɪ v	ʃ e ɪ v d	ʃ e ɪ v d	w e ɪ v d	1	1	reg_d	reg_d	reg_d
model_region	b l uː m	b l uː m d	b l uː m d	h ɑː r m	h ɑː r m d	h ɑː r m d	b l uː m d	1	1	reg_d	reg_d	reg_d
model_region	s t ɪ ŋ	s t ʌ ŋ	s t ɪ ŋ	h æ ŋ	h æ ŋ	h ʌ ŋ	s t ɪ ŋ	1	0	vowel_change	no_change	no_change
model_region	ə r a ɪ v	ə r a ɪ v d	ə r a ɪ v d	d ɹ̩ a ɪ v	d ɹ̩ a ɪ v d	d ɹ̩ a ɪ v d	ə r a ɪ v d	1	1	reg_d	reg_d	reg_d
model_region	b l ɛ s	b l ɛ s t	b l ɛ s t	p r ɛ s	p r ɛ s t	p r ɛ s t	b l ɛ s t	1	1	reg_t	reg_t	reg_t
model_region	ə r ɛ s t	ə r ɛ s t ə d	ə r ɛ s t ə d	k r ɛ s t	k r ɛ s t ə d	k r ɛ s t ə d	ə r ɛ s t ə d	1	1	reg_əd	reg_əd	reg_əd
model_region	s p ɪ n	s p ʌ n	s p ɪ n d	t͡ʃ e ɪ n	t͡ʃ e ɪ n d	t͡ʃ e ɪ n d	s p ɪ n d	1	0	vowel_change	reg_d	reg_d
model_region	k ə m p iː t	k ə m p iː t ə d	k ə m p iː t ə d	s p r a ʊ t	s p r a ʊ t ə d	s p r a ʊ t ə d	k ə m p iː t ə d	1	1	reg_əd	reg_əd	reg_əd
model_region	t r e ɪ n	t r e ɪ n d	t r e ɪ n d	p l e ɪ n	p l e ɪ n d	p l e ɪ n d	t r e ɪ n d	1	1	reg_d	reg_d	reg_d
model_region	p æ s	p æ s t	p æ s t	ɡ æ s	ɡ æ s t	ɡ æ s t	p æ s t	1	1	reg_t	reg_t	reg_t
model_region	s ɪ ŋ k	s æ ŋ k	s ɪ ŋ k t	d ʌ ŋ k	d ʌ ŋ k t	d ʌ ŋ k t	s ɪ ŋ k t	1	0	vowel_change	reg_t	reg_t
model_region	l uː p	l uː p t	l uː p t	w uː p	w uː p t	w uː p t	l uː p t	1	1	reg_t	reg_t	reg_t
model_region	s ə l ɛ k t	s ə l ɛ k t ə d	s ə l ɛ k t ə d	k ə l ɛ k t	k ə l ɛ k t ə d	k ə l ɛ k t ə d	s ə l ɛ k t ə d	1	1	reg_əd	reg_əd	reg_əd
model_region	r ɪ ŋ	r æ ŋ	r ɪ ŋ	d ɪ ŋ	d ɪ ŋ d	d ɪ ŋ d	r ɪ ŋ d	0	0	vowel_change	no_change	reg_d
model_region	m e ɪ l	m e ɪ l d	m e ɪ l d	n e ɪ l	n e ɪ l d	n e ɪ l d	m e ɪ l d	1	1	reg_d	reg_d	reg_d
model_region	p æ t	p æ t ə d	p æ t ə d	b æ t	b æ t ə d	b æ t ə d	p æ t ə d	1	1	reg_əd	reg_əd	reg_əd
model_region	k ɪ d	k ɪ d ə d	k ɪ d	e ɪ d	e ɪ d ə d	e ɪ d ə d	k ɪ d ə d	0	1	reg_əd	no_change	reg_əd
model_region	p ɑː r d ə n	p ɑː r d ə n d	p ɑː r d ə n d	p ɔ ɪ z ə n	p ɔ ɪ z ə n d	p ɔ ɪ z ə n d	p ɑː r d ə n d	1	1	reg_d	reg_d	reg_d
model_region	s t iː r	s t iː r d	s t iː r d	k l iː r	k l iː r d	k l iː r d	s t iː r d	1	1	reg_d	reg_d	reg_d
model_region	f o ʊ l d	f o ʊ l d ə d	f o ʊ l d ə d	m o ʊ l d	m o ʊ l d ə d	m o ʊ l d ə d	f o ʊ l d ə d	1	1	reg_əd	reg_əd	reg_əd
model_region	s n iː k	s n iː k t	s n iː k t	f r iː k	f r iː k t	f r iː k t	s n iː k t	1	1	reg_t	reg_t	reg_t
model_region	b e ɪ l	b e ɪ l d	b e ɪ l d	w e ɪ l	w e ɪ l d	w e ɪ l d	b e ɪ l d	1	1	reg_d	reg_d	reg_d
model_region	b ɛ t ɹ̩	b ɛ t ɹ̩ d	b ɛ t ɹ̩ d	b ʌ t ɹ̩	b ʌ t ɹ̩ d	b ʌ t ɹ̩ d	b ɛ t ɹ̩ d	1	1	reg_d	reg_d	reg_d
model_region	ɡ ɑː r b ə l	ɡ ɑː r b ə l d	ɡ ɑː r b ə l d	m ɑː r b ə l	m ɑː r b ə l d	m ɑː r b ə l d	ɡ ɑː r b ə l d	1	1	reg_d	reg_d	reg_d
model_region	s k w ɹ̩ t	s k w ɹ̩ t ə d	s k w ɹ̩ t ə d	ɪ n s ɹ̩ t	ɪ n s ɹ̩ t ə d	ɪ n s ɹ̩ t ə d	s k w ɹ̩ t ə d	1	1	reg_əd	reg_əd	reg_əd
model_region	b ɑː k s	b ɑː k s t	b ɑː k s t	w æ k s	w æ k s t	w æ k s t	b ɑː k s t	1	1	reg_t	reg_t	reg_t
model_region	s iː l	s iː l d	s iː l d	w iː l	w iː l d	w iː l d	s iː l d	1	1	reg_d	reg_d	reg_d
model_region	s p r ɛ d	s p r ɛ d	s p r ɛ d ə d	b r æ n d	b r æ n d ə d	b r æ n d ə d	s p r ɛ d ə d	1	0	no_change	reg_əd	reg_əd
model_region	p r ɑː m ə s	p r ɑː m ə s t	p r ɑː m ə s t	h ɑː r n ə s	h ɑː r n ə s t	h ɑː r n ə s t	p r ɑː m ə s t	1	1	reg_t	reg_t	reg_t
model_region	b iː t	b iː t	b iː t ə d	t͡ʃ iː t	t͡ʃ iː t ə d	t͡ʃ iː t ə d	b iː t ə d	1	0	no_change	reg_əd	reg_əd
model_region	h ɪ p n ə t a ɪ z	h ɪ p n ə t a ɪ z d	h ɪ p n ə t a ɪ z d	s ɪ m b ə l a ɪ z	s ɪ m b ə l a ɪ z d	s ɪ m b ə l a ɪ z d	h ɪ p n ə t a ɪ z d	1	1	reg_d	reg_d	reg_d
model_region	s l æ p	s l æ p t	s l æ p t	k l æ p	k l æ p t	k l æ p t	s l æ p t	1	1	reg_t	reg_t	reg_t
model_region	b ɛ s t	b ɛ s t ə d	b ɛ s t ə d	t ɛ s t	t ɛ s t ə d	t ɛ s t ə d	b ɛ s t ə d	1	1	reg_əd	reg_əd	reg_əd
model_region	s t æ ɡ ɹ̩	s t æ ɡ ɹ̩ d	s t æ ɡ ɹ̩ d	f ɪ ŋ ɡ ɹ̩	f ɪ ŋ ɡ ɹ̩ d	f ɪ ŋ ɡ ɹ̩ d	s t æ ɡ ɹ̩ d	1	1	reg_d	reg_d	reg_d
model_region	z æ p	z æ p t	z æ p t	n æ p	n æ p t	n æ p t	z æ p t	1	1	reg_t	reg_t	reg_t
model_region	ə p s ɛ t	ə p s ɛ t	ə p s ɛ t	ɔ f s ɛ t	ɔ f s ɛ t	ɔ f s ɛ t	ə p s ɛ t	1	1	no_change	no_change	no_change
model_region	r ɛ s t	r ɛ s t ə d	r ɛ s t ə d	r ʌ s t	r ʌ s t ə d	r ʌ s t ə d	r ɛ s t ə d	1	1	reg_əd	reg_əd	reg_əd
model_region	s p l æ ʃ	s p l æ ʃ t	s p l æ ʃ t	f l ɹ̩ ɪ ʃ	f l ɹ̩ ɪ ʃ t	f l ɹ̩ ɪ ʃ t	s p l æ ʃ t	1	1	reg_t	reg_t	reg_t
model_region	l a ɪ n	l a ɪ n d	l a ɪ n d	ʃ a ɪ n	ʃ a ɪ n d	ʃ a ɪ n d	l a ɪ n d	1	1	reg_d	reg_d	reg_d
model_region	ə n d uː	ə n d ɪ d	ə n d uː d	s k r uː	s k r uː d	s k r uː d	ə n d uː d	1	0	vowel_change_suffix	reg_d	reg_d
model_region	p ɛ n	p ɛ n d	p ɛ n d	f æ n	f æ n d	f æ n d	p ɛ n d	1	1	reg_d	reg_d	reg_d
model_region	ɛ d ə t	ɛ d ə t ə d	ɛ d ə t ə d	n ɛ s t	n ɛ s t ə d	n ɛ s t ə d	ɛ d ə t ə d	1	1	reg_əd	reg_əd	reg_əd
model_region	ɪ k s p l ɔ r	ɪ k s p l ɔ r d	ɪ k s p l ɔ r d	d ɪ s ə p iː r	d ɪ s ə p iː r d	d ɪ s ə p iː r d	ɪ k s p l ɔ r d	1	1	reg_d	reg_d	reg_d
model_region	ə s uː m	ə s uː m d	ə s uː m d	t r ɪ m	t r ɪ m d	t r ɪ m d	ə s uː m d	1	1	reg_d	reg_d	reg_d
model_region	s p r e ɪ	s p r e ɪ d	s p r e ɪ d	ə p l a ɪ	ə p l a ɪ d	ə p l a ɪ d	s p r e ɪ d	1	1	reg_d	reg_d	reg_d
model_region	l o ʊ ɹ̩	l o ʊ ɹ̩ d	l o ʊ ɹ̩ d	ʃ a ʊ ɹ̩	ʃ a ʊ ɹ̩ d	ʃ a ʊ ɹ̩ d	l o ʊ ɹ̩ d	1	1	reg_d	reg_d	reg_d
model_region	d æ m	d æ m d	d æ m d	k ʌ m	k ʌ m d	k e ɪ m	d æ m d	1	1	reg_d	reg_d	reg_d
model_region	r ʌ ʃ	r ʌ ʃ t	r æ ʃ t	r ʌ n	r æ n	r æ n	NA	0	0	reg_t	vowel_change_suffix	vowel_change
model_region	p l ʌ ɡ	p l ʌ ɡ d	p l ʌ ɡ d	s l ʌ ɡ	s l ʌ ɡ d	s l ʌ ɡ d	p l ʌ ɡ d	1	1	reg_d	reg_d	reg_d
model_region	ə d m ɪ t	ə d m ɪ t ə d	ə d m ɪ t ə d	ə d ɑː p t	ə d ɑː p t ə d	ə d ɑː p t ə d	ə d m ɪ t ə d	1	1	reg_əd	reg_əd	reg_əd
model_region	ə n t a ɪ	ə n t a ɪ d	ə n t a ɪ d	ɛ n d͡ʒ ɔ ɪ	ɛ n d͡ʒ ɔ ɪ d	ɛ n d͡ʒ ɔ ɪ d	ə n t a ɪ d	1	1	reg_d	reg_d	reg_d
model_region	b ʌ k ə l	b ʌ k ə l d	b ʌ k ə l d	n ʌ k ə l	n ʌ k ə l d	n ʌ k ə l d	b ʌ k ə l d	1	1	reg_d	reg_d	reg_d
model_region	s w uː ʃ	s w uː ʃ t	s w uː ʃ t	s m æ ʃ	s m æ ʃ t	s m æ ʃ t	s w uː ʃ t	1	1	reg_t	reg_t	reg_t
model_region	ə r a ɪ z	ə r o ʊ z	ə r a ɪ z d	p r a ɪ z	p r a ɪ z d	p r a ɪ z d	ə r a ɪ z d	1	0	vowel_change	reg_d	reg_d
model_region	s o ʊ k	s o ʊ k t	s o ʊ k t	p o ʊ k	p o ʊ k t	p o ʊ k t	s o ʊ k t	1	1	reg_t	reg_t	reg_t
model_region	t r æ p	t r æ p t	t r æ p t	t r ɪ p	t r ɪ p t	t r ɪ p t	t r æ p t	1	1	reg_t	reg_t	reg_t
model_region	p a ɪ l	p a ɪ l d	p a ɪ l d	t a ɪ l	t a ɪ l d	t a ɪ l d	p a ɪ l d	1	1	reg_d	reg_d	reg_d
model_region	ɪ k s p l o ʊ d	ɪ k s p l o ʊ d ə d	ɪ k s p l o ʊ d ə d	d a ʊ n l o ʊ d	d a ʊ n l o ʊ d ə d	d a ʊ n l o ʊ d ə d	ɪ k s p l o ʊ d ə d	1	1	reg_əd	reg_əd	reg_əd
model_region	b ɔ ɪ l	b ɔ ɪ l d	b ɔ ɪ l d	s p ɪ l	s p ɪ l d	s p ɪ l d	b ɔ ɪ l d	1	1	reg_d	reg_d	reg_d
model_region	k ə n s ɪ d ɹ̩	k ə n s ɪ d ɹ̩ d	k ə n s ɪ d ɹ̩ d	d ɪ s k ʌ v ɹ̩	d ɪ s k ʌ v ɹ̩ d	d ɪ s k ʌ v ɹ̩ d	k ə n s ɪ d ɹ̩ d	1	1	reg_d	reg_d	reg_d
model_region	s k a ʊ l	s k a ʊ l d	s k a ʊ l d	ɡ r a ʊ l	ɡ r a ʊ l d	ɡ r a ʊ l d	s k a ʊ l d	1	1	reg_d	reg_d	reg_d
model_region	ɪ ɡ z ɔ s t	ɪ ɡ z ɔ s t ə d	ɪ ɡ z ɔ s t ə d	ɪ ɡ z ɪ s t	ɪ ɡ z ɪ s t ə d	ɪ ɡ z ɪ s t ə d	ɪ ɡ z ɔ s t ə d	1	1	reg_əd	reg_əd	reg_əd
model_region	s uː p ɹ̩ v a ɪ z	s uː p ɹ̩ v a ɪ z d	s uː p ɹ̩ v a ɪ z d	ɛ k s ɹ̩ s a ɪ z	ɛ k s ɹ̩ s a ɪ z d	ɛ k s ɹ̩ s a ɪ z d	s uː p ɹ̩ v a ɪ z d	1	1	reg_d	reg_d	reg_d
model_region	d æ ŋ ɡ ə l	d æ ŋ ɡ ə l d	d æ ŋ ɡ ə l d	m æ ŋ ɡ ə l	m æ ŋ ɡ ə l d	m æ ŋ ɡ ə l d	d æ ŋ ɡ ə l d	1	1	reg_d	reg_d	reg_d
model_region	d͡ʒ ɪ m iː	d͡ʒ ɪ m iː d	d͡ʒ ɪ m iː d	ə ɡ r iː	ə ɡ r iː d	ə ɡ r iː d	d͡ʒ ɪ m iː d	1	1	reg_d	reg_d	reg_d
model_region	t r ʌ b ə l	t r ʌ b ə l d	t r ʌ b ə l d	t ʌ m b ə l	t ʌ m b ə l d	t ʌ m b ə l d	t r ʌ b ə l d	1	1	reg_d	reg_d	reg_d
model_region	p e ɪ d͡ʒ	p e ɪ d͡ʒ d	p e ɪ d͡ʒ d	ɡ a ʊ d͡ʒ	ɡ a ʊ d͡ʒ d	ɡ a ʊ d͡ʒ d	p e ɪ d͡ʒ d	1	1	reg_d	reg_d	reg_d
model_region	t a ʊ ɹ̩	t a ʊ ɹ̩ d	t a ʊ ɹ̩ d	ʃ a ʊ ɹ̩	ʃ a ʊ ɹ̩ d	ʃ a ʊ ɹ̩ d	t a ʊ ɹ̩ d	1	1	reg_d	reg_d	reg_d
model_region	f ɛ n s	f ɛ n s t	f ɛ n s t	m ɪ n s	m ɪ n s t	m ɪ n s t	f ɛ n s t	1	1	reg_t	reg_t	reg_t
model_region	d ɛ r	d ɛ r d	d ɛ r d	ʃ ɛ r	ʃ ɛ r d	ʃ ɛ r d	d ɛ r d	1	1	reg_d	reg_d	reg_d
model_region	b l iː d	b l ɛ d	b l ɛ d ə d	s l iː p	s l ɛ p t	s l ɛ p t	NA	0	0	vowel_change	other	vowel_change_suffix
model_region	ɛ n t ɹ̩	ɛ n t ɹ̩ d	ɛ n t ɹ̩ d	m æ t ɹ̩	m æ t ɹ̩ d	m æ t ɹ̩ d	ɛ n t ɹ̩ d	1	1	reg_d	reg_d	reg_d
model_region	m e ɪ n t e ɪ n	m e ɪ n t e ɪ n d	m e ɪ n t e ɪ n d	k ə m p l e ɪ n	k ə m p l e ɪ n d	k ə m p l e ɪ n d	m e ɪ n t e ɪ n d	1	1	reg_d	reg_d	reg_d
model_region	f ɛ r	f ɛ r d	f ɛ r d	ʃ ɛ r	ʃ ɛ r d	ʃ ɛ r d	f ɛ r d	1	1	reg_d	reg_d	reg_d
model_region	d ɪ p	d ɪ p t	d ɪ p t	w ɪ p	w ɪ p t	w ɪ p t	d ɪ p t	1	1	reg_t	reg_t	reg_t
model_region	j ɔ n	j ɔ n d	j ɔ n d	b ɹ̩ n	b ɹ̩ n d	b ɹ̩ n d	j ɔ n d	1	1	reg_d	reg_d	reg_d
model_region	ʃ ʊ ɡ ɹ̩	ʃ ʊ ɡ ɹ̩ d	ʃ ʊ ɡ ɹ̩ d	æ n s ɹ̩	æ n s ɹ̩ d	æ n s ɹ̩ d	ʃ ʊ ɡ ɹ̩ d	1	1	reg_d	reg_d	reg_d
model_region	d r ɪ f t	d r ɪ f t ə d	d r æ f t ə d	d r ɪ ŋ k	d r æ ŋ k	d r æ ŋ k	NA	0	0	reg_əd	other	vowel_change
model_region	ɪ n s p a ɪ ɹ̩	ɪ n s p a ɪ ɹ̩ d	ɪ n s p a ɪ ɹ̩ d	ɪ k s p a ɪ ɹ̩	ɪ k s p a ɪ ɹ̩ d	ɪ k s p a ɪ ɹ̩ d	ɪ n s p a ɪ ɹ̩ d	1	1	reg_d	reg_d	reg_d
model_region	m ɛ n ʃ ə n	m ɛ n ʃ ə n d	m ɛ n ʃ ə n d	f r ɛ ʃ ə n	f r ɛ ʃ ə n d	f r ɛ ʃ ə n d	m ɛ n ʃ ə n d	1	1	reg_d	reg_d	reg_d
model_region	s l ɪ p	s l ɪ p t	s l ɪ p t	k l ɪ p	k l ɪ p t	k l ɪ p t	s l ɪ p t	1	1	reg_t	reg_t	reg_t
model_region	s k ɪ p	s k ɪ p t	s k ɪ p t	t e ɪ p	t e ɪ p t	t e ɪ p t	s k ɪ p t	1	1	reg_t	reg_t	reg_t
model_region	m ə n ɪ p j ə l e ɪ t	m ə n ɪ p j ə l e ɪ t ə d	m ə n j ə l ə l e ɪ t ə d	d ɪ t ɹ̩ m ə n	d ɪ t ɹ̩ m ə n d	d ɪ t ɹ̩ m ə n d	m ə n ɪ p j ə l e ɪ t d	0	0	reg_əd	other	reg_d
model_region	s æ k	s æ k t	s æ k t	d͡ʒ æ k	d͡ʒ æ k t	d͡ʒ æ k t	s æ k t	1	1	reg_t	reg_t	reg_t
model_region	ɪ n s p ɛ k t	ɪ n s p ɛ k t ə d	ɪ n s p ɛ k t ə d	ɪ k s p ɛ k t	ɪ k s p ɛ k t ə d	ɪ k s p ɛ k t ə d	ɪ n s p ɛ k t ə d	1	1	reg_əd	reg_əd	reg_əd
model_region	s æ k r ə f a ɪ s	s æ k r ə f a ɪ s t	s æ k r ə f a ɪ s t	ɪ n t r ə d uː s	ɪ n t r ə d uː s t	ɪ n t r ə d uː s t	s æ k r ə f a ɪ s t	1	1	reg_t	reg_t	reg_t
model_region	t æ p	t æ p t	t æ p t	m æ p	m æ p t	m æ p t	t æ p t	1	1	reg_t	reg_t	reg_t
model_region	h ɔ l	h ɔ l d	h ɔ l d	k ɔ l	k ɔ l d	k ɔ l d	h ɔ l d	1	1	reg_d	reg_d	reg_d
model_region	s k a ʊ t	s k a ʊ t ə d	s k a ʊ t ə d	d ɪ f iː t	d ɪ f iː t ə d	d ɪ f iː t ə d	s k a ʊ t ə d	1	1	reg_əd	reg_əd	reg_əd
model_region	p ɑː k ə t	p ɑː k ə t ə d	p ɑː k ə t ə d	r ɑː k ə t	r ɑː k ə t ə d	r ɑː k ə t ə d	p ɑː k ə t ə d	1	1	reg_əd	reg_əd	reg_əd
model_region	h a ʊ l	h a ʊ l d	h a ʊ l d	h o ʊ l	h o ʊ l d	h o ʊ l d	h a ʊ l d	1	1	reg_d	reg_d	reg_d
model_region	d ɔ n	d ɔ n d	d ɔ n d	b ɹ̩ n	b ɹ̩ n d	b ɹ̩ n d	d ɔ n d	1	1	reg_d	reg_d	reg_d
model_region	t æ ŋ ɡ ə l	t æ ŋ ɡ ə l d	t æ ŋ ɡ ə l d	t ʌ m b ə l	t ʌ m b ə l d	t ʌ m b ə l d	t æ ŋ ɡ ə l d	1	1	reg_d	reg_d	reg_d
model_region	ɡ a ɪ d	ɡ a ɪ d ə d	ɡ a ɪ d ə d	h a ɪ d	h a ɪ d ə d	h ɪ d	ɡ a ɪ d ə d	1	1	reg_əd	reg_əd	reg_əd
model_region	θ ʌ n d ɹ̩	θ ʌ n d ɹ̩ d	θ ʌ n d ɹ̩ d	w ɑː n d ɹ̩	w ɑː n d ɹ̩ d	w ɑː n d ɹ̩ d	θ ʌ n d ɹ̩ d	1	1	reg_d	reg_d	reg_d
model_region	r a ʊ n d	r a ʊ n d ə d	r a ʊ n d ə d	p a ʊ n d	p a ʊ n d ə d	p a ʊ n d ə d	r a ʊ n d ə d	1	1	reg_əd	reg_əd	reg_əd
model_region	æ b d ʌ k t	æ b d ʌ k t ə d	æ b ʌ k t ə d	f ɹ̩ b ɪ d	f ɹ̩ b e ɪ d	f ɹ̩ b e ɪ d	NA	0	0	reg_əd	other	vowel_change
model_region	ɡ ʌ m	ɡ ʌ m d	ɡ ʌ m d	θ ʌ m	θ ʌ m d	θ ʌ m d	ɡ ʌ m d	1	1	reg_d	reg_d	reg_d
model_region	l ɛ k t͡ʃ ɹ̩	l ɛ k t͡ʃ ɹ̩ d	l ɛ k t͡ʃ ɹ̩ d	k æ p t͡ʃ ɹ̩	k æ p t͡ʃ ɹ̩ d	k æ p t͡ʃ ɹ̩ d	l ɛ k t͡ʃ ɹ̩ d	1	1	reg_d	reg_d	reg_d
model_region	d r ɪ b ə l	d r ɪ b ə l d	d r ɪ b ə l d	r ɪ ŋ k ə l	r ɪ ŋ k ə l d	r ɪ ŋ k ə l d	d r ɪ b ə l d	1	1	reg_d	reg_d	reg_d
model_region	d ʌ s t	d ʌ s t ə d	d ʌ s t ə d	b ʌ s t	b ʌ s t ə d	b ʌ s t ə d	d ʌ s t ə d	1	1	reg_əd	reg_əd	reg_əd
model_region	d͡ʒ æ m	d͡ʒ æ m d	d͡ʒ æ m d	k ʌ m	k ʌ m d	k e ɪ m	d͡ʒ æ m d	1	1	reg_d	reg_d	reg_d
model_region	t͡ʃ æ n ə l	t͡ʃ æ n ə l d	t͡ʃ æ n ə l d	r æ t ə l	r æ t ə l d	r æ t ə l d	t͡ʃ æ n ə l d	1	1	reg_d	reg_d	reg_d
model_region	d r e ɪ n	d r e ɪ n d	d r e ɪ n d	s t e ɪ n	s t e ɪ n d	s t e ɪ n d	d r e ɪ n d	1	1	reg_d	reg_d	reg_d
model_region	w uː n d	w uː n d ə d	w uː n d ə d	h æ n d	h æ n d ə d	h æ n d ə d	w uː n d ə d	1	1	reg_əd	reg_əd	reg_əd
model_region	t e ɪ l	t e ɪ l d	t e ɪ l d	n e ɪ l	n e ɪ l d	n e ɪ l d	t e ɪ l d	1	1	reg_d	reg_d	reg_d
model_region	s l o ʊ	s l o ʊ d	s l o ʊ d	f l o ʊ	f l o ʊ d	f l o ʊ d	s l o ʊ d	1	1	reg_d	reg_d	reg_d
model_region	s t ɪ ŋ k	s t ʌ ŋ k	s t ɪ ŋ k t	s t e ɪ k	s t e ɪ k t	s t e ɪ k t	s t ɪ ŋ k t	1	0	vowel_change	reg_t	reg_t
model_region	f iː l d	f iː l d ə d	f iː l d ə d	ʃ iː l d	ʃ iː l d ə d	ʃ iː l d ə d	f iː l d ə d	1	1	reg_əd	reg_əd	reg_əd
model_region	s p a ɪ	s p a ɪ d	s p a ɪ d	p r a ɪ	p r a ɪ d	p r a ɪ d	s p a ɪ d	1	1	reg_d	reg_d	reg_d
model_region	s ɪ ɡ n ə l	s ɪ ɡ n ə l d	s ɪ ɡ n ə l d	m æ ŋ ɡ ə l	m æ ŋ ɡ ə l d	m æ ŋ ɡ ə l d	s ɪ ɡ n ə l d	1	1	reg_d	reg_d	reg_d
model_region	ɛ n k ɹ̩ ɪ d͡ʒ	ɛ n k ɹ̩ ɪ d͡ʒ d	ɛ n k ɹ̩ ɪ d͡ʒ d	b æ n d ɪ d͡ʒ	b æ n d ɪ d͡ʒ d	b æ n d ɪ d͡ʒ d	ɛ n k ɹ̩ ɪ d͡ʒ d	1	1	reg_d	reg_d	reg_d
model_region	s æ n ɪ t a ɪ z	s æ n ɪ t a ɪ z d	s æ n ɪ t a ɪ z d	ɔ r ɡ ə n a ɪ z	ɔ r ɡ ə n a ɪ z d	ɔ r ɡ ə n a ɪ z d	s æ n ɪ t a ɪ z d	1	1	reg_d	reg_d	reg_d
model_region	f r a ɪ t ə n	f r a ɪ t ə n d	f r a ɪ t ə n d	b r a ɪ t ə n	b r a ɪ t ə n d	b r a ɪ t ə n d	f r a ɪ t ə n d	1	1	reg_d	reg_d	reg_d
model_region	o ʊ v ɹ̩ k ə m	o ʊ v ɹ̩ k e ɪ m	o ʊ v ɹ̩ k ə m d	w ɛ l k ə m	w ɛ l k ə m d	w ɛ l k ə m d	o ʊ v ɹ̩ k ə m d	1	0	vowel_change	reg_d	reg_d
model_region	p ɛ p ɹ̩	p ɛ p ɹ̩ d	p ɛ p ɹ̩ d	p iː t ɹ̩	p iː t ɹ̩ d	p iː t ɹ̩ d	p ɛ p ɹ̩ d	1	1	reg_d	reg_d	reg_d
model_region	b ʌ d͡ʒ	b ʌ d͡ʒ d	b ʌ d͡ʒ d	f ʌ d͡ʒ	f ʌ d͡ʒ d	f ʌ d͡ʒ d	b ʌ d͡ʒ d	1	1	reg_d	reg_d	reg_d
model_region	ɡ l ɛ r	ɡ l ɛ r d	ɡ l ɛ r d	s k ɛ r	s k ɛ r d	s k ɛ r d	ɡ l ɛ r d	1	1	reg_d	reg_d	reg_d
model_region	ə f ɔ r d	ə f ɔ r d ə d	ə f ɔ r d ə d	ə v ɔ ɪ d	ə v ɔ ɪ d ə d	ə v ɔ ɪ d ə d	ə f ɔ r d ə d	1	1	reg_əd	reg_əd	reg_əd
model_region	s k o ʊ l d	s k o ʊ l d ə d	s k o ʊ l d ə d	d ɪ f ɛ n d	d ɪ f ɛ n d ə d	d ɪ f ɛ n d ə d	s k o ʊ l d ə d	1	1	reg_əd	reg_əd	reg_əd
model_region	s ɛ n s	s ɛ n s t	s ɛ n s t	m ɪ n s	m ɪ n s t	m ɪ n s t	s ɛ n s t	1	1	reg_t	reg_t	reg_t
model_region	ɛ m f ə s a ɪ z	ɛ m f ə s a ɪ z d	ɛ m f ə s a ɪ z d	ɔ r ɡ ə n a ɪ z	ɔ r ɡ ə n a ɪ z d	ɔ r ɡ ə n a ɪ z d	ɛ m f ə s a ɪ z d	1	1	reg_d	reg_d	reg_d
model_region	l e ɪ b ə l	l e ɪ b ə l d	l e ɪ b ə l d	t e ɪ b ə l	t e ɪ b ə l d	t e ɪ b ə l d	l e ɪ b ə l d	1	1	reg_d	reg_d	reg_d
model_region	b a ʊ	b a ʊ d	b ɔ t	b a ɪ	b ɔ t	b ɔ t	NA	0	0	reg_d	vowel_change_suffix	vowel_change_suffix
model_region	b ʌ n t͡ʃ	b ʌ n t͡ʃ t	b ʌ n t͡ʃ t	p ʌ n t͡ʃ	p ʌ n t͡ʃ t	p ʌ n t͡ʃ t	b ʌ n t͡ʃ t	1	1	reg_t	reg_t	reg_t
model_region	t ɛ r ə r a ɪ z	t ɛ r ə r a ɪ z d	t ɛ r ə r a ɪ z d	m ɛ z m ɹ̩ a ɪ z	m ɛ z m ɹ̩ a ɪ z d	m ɛ z m ɹ̩ a ɪ z d	t ɛ r ə r a ɪ z d	1	1	reg_d	reg_d	reg_d
model_region	ɡ r æ v ə t e ɪ t	ɡ r æ v ə t e ɪ t ə d	ɡ r æ v ə t e ɪ t ə d	ɪ v æ l j uː e ɪ t	ɪ v æ l j uː e ɪ t ə d	ɪ v æ l j uː e ɪ t ə d	ɡ r æ v ə t e ɪ t ə d	1	1	reg_əd	reg_əd	reg_əd
model_region	b l æ s t	b l æ s t ə d	b l æ s t ə d	b o ʊ s t	b o ʊ s t ə d	b o ʊ s t ə d	b l æ s t ə d	1	1	reg_əd	reg_əd	reg_əd
model_region	ɪ n ɪ ʃ ə l	ɪ n ɪ ʃ ə l d	ɪ n ɪ ʃ ə l d	t r ɪ p ə l	t r ɪ p ə l d	t r ɪ p ə l d	ɪ n ɪ ʃ ə l d	1	1	reg_d	reg_d	reg_d
model_region	s w ɑː p	s w ɑː p t	s w ɑː p t	p l ɑː p	p l ɑː p t	p l ɑː p t	s w ɑː p t	1	1	reg_t	reg_t	reg_t
model_region	æ d m a ɪ ɹ̩	æ d m a ɪ ɹ̩ d	æ d m a ɪ ɹ̩ d	r ɪ t a ɪ ɹ̩	r ɪ t a ɪ ɹ̩ d	r ɪ t a ɪ ɹ̩ d	æ d m a ɪ ɹ̩ d	1	1	reg_d	reg_d	reg_d
model_region	s ə p ɔ r t	s ə p ɔ r t ə d	s ə p ɔ r t ə d	ɛ s k ɔ r t	ɛ s k ɔ r t ə d	ɛ s k ɔ r t ə d	s ə p ɔ r t ə d	1	1	reg_əd	reg_əd	reg_əd
model_region	p æ m p ɹ̩	p æ m p ɹ̩ d	p æ m p ɹ̩ d	w ɪ n t ɹ̩	w ɪ n t ɹ̩ d	w ɪ n t ɹ̩ d	p æ m p ɹ̩ d	1	1	reg_d	reg_d	reg_d
model_region	v ɔ ɪ s	v ɔ ɪ s t	v ɔ ɪ s t	k r ɔ s	k r ɔ s t	k r ɔ s t	v ɔ ɪ s t	1	1	reg_t	reg_t	reg_t
model_region	s k ɔ r	s k ɔ r d	s k ɔ r d	s t ɔ r	s t ɔ r d	s t ɔ r d	s k ɔ r d	1	1	reg_d	reg_d	reg_d
model_region	d ɑː k t ɹ̩	d ɑː k t ɹ̩ d	d ɑː k t ɹ̩ d	s ɛ n t ɹ̩	s ɛ n t ɹ̩ d	s ɛ n t ɹ̩ d	d ɑː k t ɹ̩ d	1	1	reg_d	reg_d	reg_d
model_region	r iː v æ m p	r iː v æ m p t	r iː v æ m p t	s t r a ɪ p	s t r a ɪ p t	s t r a ɪ p t	r iː v æ m p t	1	1	reg_t	reg_t	reg_t
model_region	l iː s	l iː s t	l iː s t	p iː s	p iː s t	p iː s t	l iː s t	1	1	reg_t	reg_t	reg_t
model_region	s ə p r ɛ s	s ə p r ɛ s t	s ə p r ɛ s t	ə n d r ɛ s	ə n d r ɛ s t	ə n d r ɛ s t	s ə p r ɛ s t	1	1	reg_t	reg_t	reg_t
model_region	ə p o ʊ z	ə p o ʊ z d	ə p o ʊ z d	k l o ʊ z	k l o ʊ z d	k l o ʊ z d	ə p o ʊ z d	1	1	reg_d	reg_d	reg_d
model_region	f l ɑː p	f l ɑː p t	f l ɑː p t	p l ɑː p	p l ɑː p t	p l ɑː p t	f l ɑː p t	1	1	reg_t	reg_t	reg_t
model_region	b ʌ m	b ʌ m d	b ʌ m d	θ ʌ m	θ ʌ m d	θ ʌ m d	b ʌ m d	1	1	reg_d	reg_d	reg_d
model_region	s p ɹ̩ t	s p ɹ̩ t ə d	s p ɹ̩ t ə d	b ɛ l t	b ɛ l t ə d	b ɛ l t ə d	s p ɹ̩ t ə d	1	1	reg_əd	reg_əd	reg_əd
model_region	h uː t	h uː t ə d	h uː t ə d	s uː t	s uː t ə d	s uː t ə d	h uː t ə d	1	1	reg_əd	reg_əd	reg_əd
model_region	p ɹ̩ s	p ɹ̩ s t	p ɹ̩ s t	k ɹ̩ s	k ɹ̩ s t	k ɹ̩ s t	p ɹ̩ s t	1	1	reg_t	reg_t	reg_t
model_region	k l ʌ b	k l ʌ b d	k l ʌ b d	k j uː b	k j uː b d	k j uː b d	k l ʌ b d	1	1	reg_d	reg_d	reg_d
model_region	p ɪ t iː	p ɪ t iː d	p ɪ t iː d	k ɑː p iː	k ɑː p iː d	k ɑː p iː d	p ɪ t iː d	1	1	reg_d	reg_d	reg_d
model_region	t r æ m p	t r æ m p t	t r æ m p t	s t æ m p	s t æ m p t	s t æ m p t	t r æ m p t	1	1	reg_t	reg_t	reg_t
model_region	d͡ʒ ɛ n ɹ̩ e ɪ t	d͡ʒ ɛ n ɹ̩ e ɪ t ə d	d͡ʒ ɛ n ɹ̩ e ɪ t ə d	s ɛ p ɹ̩ e ɪ t	s ɛ p ɹ̩ e ɪ t ə d	s ɛ p ɹ̩ e ɪ t ə d	d͡ʒ ɛ n ɹ̩ e ɪ t ə d	1	1	reg_əd	reg_əd	reg_əd
model_region	t æ t ə l	t æ t ə l d	t æ t ə l d	b æ t ə l	b æ t ə l d	b æ t ə l d	t æ t ə l d	1	1	reg_d	reg_d	reg_d
model_region	f ʌ m b ə l	f ʌ m b ə l d	f ʌ m b ə l d	s p ɛ k ə l	s p ɛ k ə l d	s p ɛ k ə l d	f ʌ m b ə l d	1	1	reg_d	reg_d	reg_d
model_region	s t æ ʃ	s t æ ʃ t	s t æ ʃ t	s m æ ʃ	s m æ ʃ t	s m æ ʃ t	s t æ ʃ t	1	1	reg_t	reg_t	reg_t
model_region	ɪ n s ɪ s t	ɪ n s ɪ s t ə d	ɪ n s ɪ s t ə d	ɪ ɡ z ɪ s t	ɪ ɡ z ɪ s t ə d	ɪ ɡ z ɪ s t ə d	ɪ n s ɪ s t ə d	1	1	reg_əd	reg_əd	reg_əd
model_region	ɪ ɡ z æ m ɪ n	ɪ ɡ z æ m ɪ n d	ɪ ɡ z æ m ɪ n d	k ə m b a ɪ n	k ə m b a ɪ n d	k ə m b a ɪ n d	ɪ ɡ z æ m ɪ n d	1	1	reg_d	reg_d	reg_d
model_region	b l ɑː s ə m	b l ɑː s ə m d	b l ɑː s ə m d	w ɛ l k ə m	w ɛ l k ə m d	w ɛ l k ə m d	b l ɑː s ə m d	1	1	reg_d	reg_d	reg_d
model_region	r o ʊ p	r o ʊ p t	r o ʊ p t	d o ʊ p	d o ʊ p t	d o ʊ p t	r o ʊ p t	1	1	reg_t	reg_t	reg_t
model_region	p ɪ ŋ	p ɪ ŋ d	p ɪ ŋ d	d ɪ ŋ	d ɪ ŋ d	d ɪ ŋ d	p ɪ ŋ d	1	1	reg_d	reg_d	reg_d
model_region	v o ʊ t	v o ʊ t ə d	v o ʊ t ə d	b o ʊ t	b o ʊ t ə d	b o ʊ t ə d	v o ʊ t ə d	1	1	reg_əd	reg_əd	reg_əd
model_region	n iː r	n iː r d	n iː r d	v iː r	v iː r d	v iː r d	n iː r d	1	1	reg_d	reg_d	reg_d
model_region	t r ʌ s t	t r ʌ s t ə d	t r ʌ s t ə d	t o ʊ s t	t o ʊ s t ə d	t o ʊ s t ə d	t r ʌ s t ə d	1	1	reg_əd	reg_əd	reg_əd
model_region	ɪ n t ɹ̩ s p ɹ̩ s	ɪ n t ɹ̩ s p ɹ̩ s t	ɪ n t ɹ̩ s p ɹ̩ s t ɹ̩ s t ɹ̩ t ɹ̩ t	ɪ n t r ə d uː s	ɪ n t r ə d uː s t	ɪ n t r ə d uː s t	ɪ n t ɹ̩ s p ɹ̩ s t	0	1	reg_t	other	reg_t
model_region	s w uː p	s w uː p t	s w uː p t	f l æ p	f l æ p t	f l æ p t	s w uː p t	1	1	reg_t	reg_t	reg_t
model_region	d͡ʒ e ɪ l	d͡ʒ e ɪ l d	d͡ʒ e ɪ l d	n e ɪ l	n e ɪ l d	n e ɪ l d	d͡ʒ e ɪ l d	1	1	reg_d	reg_d	reg_d
model_region	f e ɪ l	f e ɪ l d	f e ɪ l d	n e ɪ l	n e ɪ l d	n e ɪ l d	f e ɪ l d	1	1	reg_d	reg_d	reg_d
model_region	b ʊ k	b ʊ k t	b ʊ k t	h ʊ k	h ʊ k t	h ʊ k t	b ʊ k t	1	1	reg_t	reg_t	reg_t
model_region	s ɪ f t	s ɪ f t ə d	s ɪ f t ə d	l ɪ f t	l ɪ f t ə d	l ɪ f t ə d	s ɪ f t ə d	1	1	reg_əd	reg_əd	reg_əd
model_region	k a ʊ t͡ʃ	k a ʊ t͡ʃ t	k a ʊ t͡ʃ t	r ɛ n t͡ʃ	r ɛ n t͡ʃ t	r ɛ n t͡ʃ t	k a ʊ t͡ʃ t	1	1	reg_t	reg_t	reg_t
model_region	f r ʌ n t	f r ʌ n t ə d	f r ʌ n t ə d	ɡ r ʌ n t	ɡ r ʌ n t ə d	ɡ r ʌ n t ə d	f r ʌ n t ə d	1	1	reg_əd	reg_əd	reg_əd
model_region	p r ə d uː s	p r ə d uː s t	p r ə d uː s t	k ə l æ p s	k ə l æ p s t	k ə l æ p s t	p r ə d uː s t	1	1	reg_t	reg_t	reg_t
model_region	ʃ e ɪ d	ʃ e ɪ d ə d	ʃ e ɪ d ə d	f e ɪ d	f e ɪ d ə d	f e ɪ d ə d	ʃ e ɪ d ə d	1	1	reg_əd	reg_əd	reg_əd
model_region	d r ɛ n t͡ʃ	d r ɛ n t͡ʃ t	d r ɛ n t͡ʃ t	s k r æ t͡ʃ	s k r æ t͡ʃ t	s k r æ t͡ʃ t	d r ɛ n t͡ʃ t	1	1	reg_t	reg_t	reg_t
model_region	s p l æ t ɹ̩	s p l æ t ɹ̩ d	s p l æ t ɹ̩ d	ʃ o ʊ l d ɹ̩	ʃ o ʊ l d ɹ̩ d	ʃ o ʊ l d ɹ̩ d	s p l æ t ɹ̩ d	1	1	reg_d	reg_d	reg_d
model_region	r iː v j uː	r iː v j uː d	r iː v j uː d	ɑː r ɡ j uː	ɑː r ɡ j uː d	ɑː r ɡ j uː d	r iː v j uː d	1	1	reg_d	reg_d	reg_d
model_region	b ɔ r	b ɔ r d	b ɔ r d	r ɔ r	r ɔ r d	r ɔ r d	b ɔ r d	1	1	reg_d	reg_d	reg_d
model_region	s iː t	s iː t ə d	s iː t ə d	h iː t	h iː t ə d	h iː t ə d	s iː t ə d	1	1	reg_əd	reg_əd	reg_əd
model_region	b ɛ d	b ɛ d ə d	b ɛ d	l ɛ d	l ɛ d	l ɛ d ə d	b ɛ d	1	0	reg_əd	no_change	no_change
model_region	ə n s iː t	ə n s iː t ə d	ə n s iː t ə d	ɔ f s ɛ t	ɔ f s ɛ t	ɔ f s ɛ t	ə n s iː t	0	0	reg_əd	reg_əd	no_change
model_region	m ʌ f ə l	m ʌ f ə l d	m ʌ f ə l d	k ʌ p ə l	k ʌ p ə l d	k ʌ p ə l d	m ʌ f ə l d	1	1	reg_d	reg_d	reg_d
model_region	s t ʌ m p	s t ʌ m p t	s t ʌ m p t	t r ʌ m p	t r ʌ m p t	t r ʌ m p t	s t ʌ m p t	1	1	reg_t	reg_t	reg_t
model_region	t r æ n s p l æ n t	t r æ n s p l æ n t ə d	t r æ n s t ə n æ n s t	ɪ m b ɛ r ə s	ɪ m b ɛ r ə s t	ɪ m b ɛ r ə s t	t r æ n s p l æ n t t	0	0	reg_əd	other	reg_t
model_region	v ɪ ʒ w ə l a ɪ z	v ɪ ʒ w ə l a ɪ z d	v ɪ v ə l a ɪ z	ə n w a ɪ n d	ə n w a ʊ n d	ə n w a ʊ n d	NA	0	0	reg_d	other	vowel_change
model_region	ɡ æ l ə p	ɡ æ l ə p t	ɡ æ l ə p t	ə n r æ p	ə n r æ p t	ə n r æ p t	ɡ æ l ə p t	1	1	reg_t	reg_t	reg_t
model_region	s ʌ l iː	s ʌ l iː d	s ʌ l iː d	h ɛ r iː	h ɛ r iː d	h ɛ r iː d	s ʌ l iː d	1	1	reg_d	reg_d	reg_d
model_region	ə n f o ʊ l d	ə n f o ʊ l d ə d	ə n f o ʊ l d ə d	p r ə v a ɪ d	p r ə v a ɪ d ə d	p r ə v a ɪ d ə d	ə n f o ʊ l d ə d	1	1	reg_əd	reg_əd	reg_əd
model_region	w iː	w iː d	w iː d	p iː	p iː d	p iː d	w iː d	1	1	reg_d	reg_d	reg_d
model_region	ɪ m ə t e ɪ t	ɪ m ə t e ɪ t ə d	ɪ m ə t e ɪ t ə d	ɪ r ɪ t e ɪ t	ɪ r ɪ t e ɪ t ə d	ɪ r ɪ t e ɪ t ə d	ɪ m ə t e ɪ t ə d	1	1	reg_əd	reg_əd	reg_əd
model_region	s w ɹ̩ v	s w ɹ̩ v d	s w ɹ̩ v d	s ɑː l v	s ɑː l v d	s ɑː l v d	s w ɹ̩ v d	1	1	reg_d	reg_d	reg_d
model_region	h iː p	h iː p t	h iː p t	b iː p	b iː p t	b iː p t	h iː p t	1	1	reg_t	reg_t	reg_t
model_region	r iː f j uː ə l	r iː f j uː ə l d	r iː f j uː ə l d	t w ɪ ŋ k ə l	t w ɪ ŋ k ə l d	t w ɪ ŋ k ə l d	r iː f j uː ə l d	1	1	reg_d	reg_d	reg_d
model_region	t͡ʃ æ n t	t͡ʃ æ n t ə d	t͡ʃ æ n t ə d	p æ n t	p æ n t ə d	p æ n t ə d	t͡ʃ æ n t ə d	1	1	reg_əd	reg_əd	reg_əd
model_region	ɡ r o ʊ s	ɡ r o ʊ s t	ɡ r o ʊ s t	ɡ r e ɪ s	ɡ r e ɪ s t	ɡ r e ɪ s t	ɡ r o ʊ s t	1	1	reg_t	reg_t	reg_t
model_region	o ʊ v ɹ̩ f l o ʊ	o ʊ v ɹ̩ f l o ʊ d	o ʊ v ɹ̩ f l o ʊ d	w ɑː l o ʊ	w ɑː l o ʊ d	w ɑː l o ʊ d	o ʊ v ɹ̩ f l o ʊ d	1	1	reg_d	reg_d	reg_d
model_region	s ɔ f ə n	s ɔ f ə n d	s ɔ f ə n d	s iː z ə n	s iː z ə n d	s iː z ə n d	s ɔ f ə n d	1	1	reg_d	reg_d	reg_d
model_region	ə t ɛ m p t	ə t ɛ m p t ə d	ə t ɛ m p t ə d	æ k s ɛ p t	æ k s ɛ p t ə d	æ k s ɛ p t ə d	ə t ɛ m p t ə d	1	1	reg_əd	reg_əd	reg_əd
model_region	r ə f ɹ̩	r ə f ɹ̩ d	r ə f ɹ̩ d	b æ t ɹ̩	b æ t ɹ̩ d	b æ t ɹ̩ d	r ə f ɹ̩ d	1	1	reg_d	reg_d	reg_d
model_region	s m iː r	s m iː r d	s m iː r d	k l iː r	k l iː r d	k l iː r d	s m iː r d	1	1	reg_d	reg_d	reg_d
model_region	ɪ m p r uː v	ɪ m p r uː v d	ɪ m p r uː v d	s ɹ̩ v a ɪ v	s ɹ̩ v a ɪ v d	s ɹ̩ v a ɪ v d	ɪ m p r uː v d	1	1	reg_d	reg_d	reg_d
model_region	ɡ r o ʊ n	ɡ r o ʊ n d	ɡ r o ʊ n d	s t o ʊ n	s t o ʊ n d	s t o ʊ n d	ɡ r o ʊ n d	1	1	reg_d	reg_d	reg_d
model_region	s a ɪ k ə l	s a ɪ k ə l d	s a ɪ k ə l d	p ɛ n s ə l	p ɛ n s ə l d	p ɛ n s ə l d	s a ɪ k ə l d	1	1	reg_d	reg_d	reg_d
model_region	f o ʊ k ə s	f o ʊ k ə s t	f o ʊ k ə s t	h ɑː r n ə s	h ɑː r n ə s t	h ɑː r n ə s t	f o ʊ k ə s t	1	1	reg_t	reg_t	reg_t
model_region	b ɑː s	b ɑː s t	b ɑː s t	l uː s	l uː s t	l uː s t	b ɑː s t	1	1	reg_t	reg_t	reg_t
model_region	ʃ r ɛ d	ʃ r ɛ d ə d	ʃ r ɛ d ə d	b r ɛ d	b r ɛ d ə d	b r ɛ d ə d	ʃ r ɛ d ə d	1	1	reg_əd	reg_əd	reg_əd
model_region	o ʊ v ɹ̩ d uː	o ʊ v ɹ̩ d ɪ d	o ʊ v ɹ̩ d uː d	r ɛ s k j uː	r ɛ s k j uː d	r ɛ s k j uː d	o ʊ v ɹ̩ d uː d	1	0	vowel_change_suffix	reg_d	reg_d
model_region	s k iː	s k iː d	s k iː d	h ɹ̩ iː	h ɹ̩ iː d	h ɹ̩ iː d	s k iː d	1	1	reg_d	reg_d	reg_d
model_region	k ə n t e ɪ n	k ə n t e ɪ n d	k ə n t e ɪ n d	f ʌ ŋ k ʃ ə n	f ʌ ŋ k ʃ ə n d	f ʌ ŋ k ʃ ə n d	k ə n t e ɪ n d	1	1	reg_d	reg_d	reg_d
model_region	n æ v ə ɡ e ɪ t	n æ v ə ɡ e ɪ t ə d	n æ v ə ɡ e ɪ t ə d	ɪ n d ə k e ɪ t	ɪ n d ə k e ɪ t ə d	ɪ n d ə k e ɪ t ə d	n æ v ə ɡ e ɪ t ə d	1	1	reg_əd	reg_əd	reg_əd
model_region	r ɪ p ɛ l	r ɪ p ɛ l d	r ɪ p ɛ l	d a ɪ ə l	d a ɪ ə l d	d a ɪ ə l d	r ɪ p ɛ l d	0	1	reg_d	no_change	reg_d
model_region	m ʌ t ɹ̩	m ʌ t ɹ̩ d	m ʌ t ɹ̩ d	m æ t ɹ̩	m æ t ɹ̩ d	m æ t ɹ̩ d	m ʌ t ɹ̩ d	1	1	reg_d	reg_d	reg_d
model_region	b r iː d	b r ɛ d	b r iː d ə d	b iː r d	b iː r d ə d	b iː r d ə d	b r iː d ə d	1	0	vowel_change	reg_əd	reg_əd
model_region	t æ l iː	t æ l iː d	t æ l iː d	h ɛ r iː	h ɛ r iː d	h ɛ r iː d	t æ l iː d	1	1	reg_d	reg_d	reg_d
model_region	m æ ɡ n ə f a ɪ	m æ ɡ n ə f a ɪ d	m æ ɡ n ə f a ɪ d	ɡ l ɔ r ə f a ɪ	ɡ l ɔ r ə f a ɪ d	ɡ l ɔ r ə f a ɪ d	m æ ɡ n ə f a ɪ d	1	1	reg_d	reg_d	reg_d
model_region	w e ɪ d	w e ɪ d ə d	w e ɪ d ə d	f e ɪ d	f e ɪ d ə d	f e ɪ d ə d	w e ɪ d ə d	1	1	reg_əd	reg_əd	reg_əd
model_region	l æ p	l æ p t	l æ p t	n æ p	n æ p t	n æ p t	l æ p t	1	1	reg_t	reg_t	reg_t
model_region	l ɑː p	l ɑː p t	l ɑː p t	m ɑː p	m ɑː p t	m ɑː p t	l ɑː p t	1	1	reg_t	reg_t	reg_t
model_region	b ɑː m	b ɑː m d	b ɑː m d	k ɑː m	k ɑː m d	k ɑː m d	b ɑː m d	1	1	reg_d	reg_d	reg_d
model_region	ə b z ɹ̩ v	ə b z ɹ̩ v d	ə b z ɹ̩ v d	d ɪ z ɹ̩ v	d ɪ z ɹ̩ v d	d ɪ z ɹ̩ v d	ə b z ɹ̩ v d	1	1	reg_d	reg_d	reg_d
model_region	w iː n	w iː n d	w iː n d	l iː n	l iː n d	l iː n d	w iː n d	1	1	reg_d	reg_d	reg_d
model_region	r iː r	r iː r d	r iː r d	f iː r	f iː r d	f iː r d	r iː r d	1	1	reg_d	reg_d	reg_d
model_region	r æ ʃ ə n	r æ ʃ ə n d	r æ ʃ ə n d	r iː z ə n	r iː z ə n d	r iː z ə n d	r æ ʃ ə n d	1	1	reg_d	reg_d	reg_d
model_region	ə d ɪ k t	ə d ɪ k t ə d	ə d ɪ k t ə d	f e ɪ n t	f e ɪ n t ə d	f e ɪ n t ə d	ə d ɪ k t ə d	1	1	reg_əd	reg_əd	reg_əd
model_region	b ʌ n d ə l	b ʌ n d ə l d	b ʌ n d ə l d	h æ n d ə l	h æ n d ə l d	h æ n d ə l d	b ʌ n d ə l d	1	1	reg_d	reg_d	reg_d
model_region	m ə t j ʊ r	m ə t j ʊ r d	m ə t j ʊ r d	r iː ə ʃ ʊ r	r iː ə ʃ ʊ r d	r iː ə ʃ ʊ r d	m ə t j ʊ r d	1	1	reg_d	reg_d	reg_d
model_region	f l ɹ̩ t	f l ɹ̩ t ə d	f l ɹ̩ t ə d	b ɛ l t	b ɛ l t ə d	b ɛ l t ə d	f l ɹ̩ t ə d	1	1	reg_əd	reg_əd	reg_əd
model_region	ɪ n k ɔ r p ɹ̩ e ɪ t	ɪ n k ɔ r p ɹ̩ e ɪ t ə d	ɪ n p ɹ̩ r e ɪ t ə d	f l æ t ə n	f l æ t ə n d	f l æ t ə n d	ɪ n k ɔ r p ɹ̩ e ɪ t d	0	0	reg_əd	other	reg_d
model_region	f r ʌ s t r e ɪ t	f r ʌ s t r e ɪ t ə d	f r ʌ s t r e ɪ t ə d	k o ʊ ɑː p ɹ̩ e ɪ t	k o ʊ ɑː p ɹ̩ e ɪ t ə d	k o ʊ ɑː p ɹ̩ e ɪ t ə d	f r ʌ s t r e ɪ t ə d	1	1	reg_əd	reg_əd	reg_əd
model_region	d ɪ f a ɪ n	d ɪ f a ɪ n d	d ɪ f a ɪ n d	r ɪ m e ɪ n	r ɪ m e ɪ n d	r ɪ m e ɪ n d	d ɪ f a ɪ n d	1	1	reg_d	reg_d	reg_d
model_region	b r e ɪ v	b r e ɪ v d	b r e ɪ v d	r ə s iː v	r ə s iː v d	r ə s iː v d	b r e ɪ v d	1	1	reg_d	reg_d	reg_d
model_region	ɪ n k w a ɪ ɹ̩	ɪ n k w a ɪ ɹ̩ d	ɪ n k w a ɪ ɹ̩ d	r iː k w a ɪ ɹ̩	r iː k w a ɪ ɹ̩ d	r iː k w a ɪ ɹ̩ d	ɪ n k w a ɪ ɹ̩ d	1	1	reg_d	reg_d	reg_d
model_region	b ʌ s	b ʌ s t	b ʌ s t	f ʌ s	f ʌ s t	f ʌ s t	b ʌ s t	1	1	reg_t	reg_t	reg_t
model_region	p ə z ɪ ʃ ə n	p ə z ɪ ʃ ə n d	p ə z ɪ ʃ ə n d	p ə t ɪ ʃ ə n	p ə t ɪ ʃ ə n d	p ə t ɪ ʃ ə n d	p ə z ɪ ʃ ə n d	1	1	reg_d	reg_d	reg_d
model_template	iː t	e ɪ t	iː t ə t	æ d	æ d ə d	æ d ə d	iː t ə d	0	0	vowel_change	other	reg_əd
model_template	m e ɪ k	m e ɪ d	m e ɪ k t	m æ s k	m æ s k t	m æ s k t	m e ɪ k t	1	0	coda_change	reg_t	reg_t
model_template	n o ʊ	n uː	n o ʊ d	ʃ o ʊ	ʃ o ʊ d	ʃ o ʊ d	n o ʊ d	1	0	vowel_change	reg_d	reg_d
model_template	f ɔ l	f ɛ l	f ɔ l d	f uː l	f uː l d	f uː l d	f ɔ l d	1	0	vowel_change	reg_d	reg_d
model_template	b r ɪ ŋ	b r ɔ t	b r ɪ ŋ	h æ ŋ	h æ ŋ	h ʌ ŋ	b r ɪ ŋ	1	0	rhyme_replaced	no_change	no_change
model_template	s t ɑː r t	s t ɑː r t ə d	s t ɑː r t ə d	s m ɑː r t	s m ɑː r t ə d	s m ɑː r t ə d	s t ɑː r t ə d	1	1	reg_əd	reg_əd	reg_əd
model_template	t e ɪ k	t ʊ k	t e ɪ k t	t r æ k	t r æ k t	t r æ k t	t e ɪ k t	1	0	vowel_change	reg_t	reg_t
model_template	h e ɪ t	h e ɪ t ə d	h e ɪ t ə d	m e ɪ t	m e ɪ t ə d	m e ɪ t ə d	h e ɪ t ə d	1	1	reg_əd	reg_əd	reg_əd
model_template	r a ɪ t	r o ʊ t	r o ʊ t ə d	r a ɪ d	r o ʊ d	r o ʊ d	NA	0	0	vowel_change	other	vowel_change
model_template	f ɪ t	f ɪ t	f ɪ t ə d	n ɪ t	n ɪ t ə d	n ɪ t ə d	f ɪ t ə d	1	0	no_change	reg_əd	reg_əd
model_template	d a ɪ n	d a ɪ n d	d a ɪ n d	f a ɪ n	f a ɪ n d	f a ɪ n d	d a ɪ n d	1	1	reg_d	reg_d	reg_d
model_template	m ɪ s	m ɪ s t	m ɪ s t	ɡ ɛ s	ɡ ɛ s t	ɡ ɛ s t	m ɪ s t	1	1	reg_t	reg_t	reg_t
model_template	n ɑː k	n ɑː k t	n ɑː k t	d ɑː k	d ɑː k t	d ɑː k t	n ɑː k t	1	1	reg_t	reg_t	reg_t
model_template	n iː d	n iː d ə d	n iː d ə d	n ɑː d	n ɑː d ə d	n ɑː d ə d	n iː d ə d	1	1	reg_əd	reg_əd	reg_əd
model_template	m uː v	m uː v d	m uː v d	l ʌ v	l ʌ v d	l ʌ v d	m uː v d	1	1	reg_d	reg_d	reg_d
model_template	f l ɪ p	f l ɪ p t	f l ɪ p t	t r ɪ p	t r ɪ p t	t r ɪ p t	f l ɪ p t	1	1	reg_t	reg_t	reg_t
model_template	r ɛ d iː	r ɛ d iː d	r ɛ d iː d	b ɛ r iː	b ɛ r iː d	b ɛ r iː d	r ɛ d iː d	1	1	reg_d	reg_d	reg_d
model_template	z ɪ p	z ɪ p t	z ɪ p t	w ɪ p	w ɪ p t	w ɪ p t	z ɪ p t	1	1	reg_t	reg_t	reg_t
model_template	f a ɪ t	f ɔ t	f a ɪ t ə d	w a ɪ t	w a ɪ t ə d	w a ɪ t ə d	f a ɪ t ə d	1	0	vowel_change	reg_əd	reg_əd
model_template	k æ t͡ʃ	k ɔ t	k æ t͡ʃ t	h æ t͡ʃ	h æ t͡ʃ t	h æ t͡ʃ t	k æ t͡ʃ t	1	0	rhyme_replaced	reg_t	reg_t
model_template	f l o ʊ t	f l o ʊ t ə d	f l o ʊ t ə d	k w o ʊ t	k w o ʊ t ə d	k w o ʊ t ə d	f l o ʊ t ə d	1	1	reg_əd	reg_əd	reg_əd
model_template	w ɪ ʃ	w ɪ ʃ t	w ɪ ʃ t	w ɑː ʃ	w ɑː ʃ t	w ɑː ʃ t	w ɪ ʃ t	1	1	reg_t	reg_t	reg_t
model_template	ʃ e ɪ k	ʃ ʊ k	ʃ e ɪ k t	w e ɪ k	w e ɪ k t	w o ʊ k	ʃ e ɪ k t	1	0	vowel_change	reg_t	reg_t
model_template	k ɪ k	k ɪ k t	k ɪ k t	e ɪ k	e ɪ k t	e ɪ k t	k ɪ k t	1	1	reg_t	reg_t	reg_t
model_template	t͡ʃ e ɪ n d͡ʒ	t͡ʃ e ɪ n d͡ʒ d	t͡ʃ e ɪ n d͡ʒ d	s t e ɪ d͡ʒ	s t e ɪ d͡ʒ d	s t e ɪ d͡ʒ d	t͡ʃ e ɪ n d͡ʒ d	1	1	reg_d	reg_d	reg_d
model_template	θ r o ʊ	θ r uː	θ r o ʊ d	k r o ʊ	k r o ʊ d	k r o ʊ d	θ r o ʊ d	1	0	vowel_change	reg_d	reg_d
model_template	b æ k	b æ k t	b æ k t	w æ k	w æ k t	w æ k t	b æ k t	1	1	reg_t	reg_t	reg_t
model_template	f l æ ʃ	f l æ ʃ t	f l æ ʃ t	s m æ ʃ	s m æ ʃ t	s m æ ʃ t	f l æ ʃ t	1	1	reg_t	reg_t	reg_t
model_template	ɡ r o ʊ	ɡ r uː	ɡ r o ʊ d	k r o ʊ	k r o ʊ d	k r o ʊ d	ɡ r o ʊ d	1	0	vowel_change	reg_d	reg_d
model_template	s m a ɪ l	s m a ɪ l d	s m a ɪ l d	s p ɔ ɪ l	s p ɔ ɪ l d	s p ɔ ɪ l d	s m a ɪ l d	1	1	reg_d	reg_d	reg_d
model_template	s t ɑː p	s t ɑː p t	s t ɑː p t	ɡ ʌ l p	ɡ ʌ l p t	ɡ ʌ l p t	s t ɑː p t	1	1	reg_t	reg_t	reg_t
model_template	s t ɹ̩	s t ɹ̩ d	s t ɹ̩ d	ɔ f ɹ̩	ɔ f ɹ̩ d	ɔ f ɹ̩ d	s t ɹ̩ d	1	1	reg_d	reg_d	reg_d
model_template	t͡ʃ uː	t͡ʃ uː d	t͡ʃ o ʊ t͡ʃ t	d uː	d ɪ d	d ɪ d	t͡ʃ ɪ d	0	0	reg_d	rhyme_replaced	vowel_change_suffix
model_template	d r ɛ s	d r ɛ s t	d r ɛ s t	d͡ʒ ʌ ŋ k	d͡ʒ ʌ ŋ k t	d͡ʒ ʌ ŋ k t	d r ɛ s t	1	1	reg_t	reg_t	reg_t
model_template	ə n d ɹ̩ s t æ n d	ə n d ɹ̩ s t ʊ d	ə n d ɹ̩ s t æ n d	r ɪ d	r ɪ d	r ɪ d	ə n d ɹ̩ s t æ n d	1	0	rhyme_replaced	no_change	no_change
model_template	t͡ʃ e ɪ s	t͡ʃ e ɪ s t	t͡ʃ e ɪ s t	r e ɪ s	r e ɪ s t	r e ɪ s t	t͡ʃ e ɪ s t	1	1	reg_t	reg_t	reg_t
model_template	h ʌ ɡ	h ʌ ɡ d	h ʌ ɡ d	t ʌ ɡ	t ʌ ɡ d	t ʌ ɡ d	h ʌ ɡ d	1	1	reg_d	reg_d	reg_d
model_template	h ɪ t	h ɪ t	h ɪ t	ʃ ʌ t	ʃ ʌ t	ʃ ʌ t	h ɪ t	1	1	no_change	no_change	no_change
model_template	h æ m ɹ̩	h æ m ɹ̩ d	h æ m ɹ̩ d	l ɪ t ɹ̩	l ɪ t ɹ̩ d	l ɪ t ɹ̩ d	h æ m ɹ̩ d	1	1	reg_d	reg_d	reg_d
model_template	w a ɪ n d	w a ɪ n d ə d	w a ʊ n d	f a ɪ n d	f a ʊ n d	f a ʊ n d	w a ʊ n d	1	0	reg_əd	vowel_change	vowel_change
model_template	k ə n s t r ʌ k t	k ə n s t r ʌ k t ə d	k ə n s t r ʌ k t ə d	ɪ l ə s t r e ɪ t	ɪ l ə s t r e ɪ t ə d	ɪ l ə s t r e ɪ t ə d	k ə n s t r ʌ k t ə d	1	1	reg_əd	reg_əd	reg_əd
model_template	m iː t	m ɛ t	m iː t ə d	h iː t	h iː t ə d	h iː t ə d	m iː t ə d	1	0	vowel_change	reg_əd	reg_əd
model_template	s w ɪ ʃ	s w ɪ ʃ t	s w ɪ ʃ t	b r ʌ ʃ	b r ʌ ʃ t	b r ʌ ʃ t	s w ɪ ʃ t	1	1	reg_t	reg_t	reg_t
model_template	s k w iː z	s k w iː z d	s k w iː z d	k l o ʊ z	k l o ʊ z d	k l o ʊ z d	s k w iː z d	1	1	reg_d	reg_d	reg_d
model_template	t͡ʃ ʌ ɡ	t͡ʃ ʌ ɡ d	t͡ʃ ʌ ɡ d	t ʌ ɡ	t ʌ ɡ d	t ʌ ɡ d	t͡ʃ ʌ ɡ d	1	1	reg_d	reg_d	reg_d
model_template	b r æ n t͡ʃ	b r æ n t͡ʃ t	b r æ n t͡ʃ t	s k r æ t͡ʃ	s k r æ t͡ʃ t	s k r æ t͡ʃ t	b r æ n t͡ʃ t	1	1	reg_t	reg_t	reg_t
model_template	n o ʊ t ɪ s	n o ʊ t ɪ s t	n o ʊ t ɪ s t	s p l a ɪ s	s p l a ɪ s t	s p l a ɪ s t	n o ʊ t ɪ s t	1	1	reg_t	reg_t	reg_t
model_template	b e ɪ k	b e ɪ k t	b e ɪ k t	r e ɪ k	r e ɪ k t	r e ɪ k t	b e ɪ k t	1	1	reg_t	reg_t	reg_t
model_template	s n æ p	s n æ p t	s n æ p t	s m æ k	s m æ k t	s m æ k t	s n æ p t	1	1	reg_t	reg_t	reg_t
model_template	s w ɪ m	s w æ m	s w ɪ m d	ʃ e ɪ m	ʃ e ɪ m d	ʃ e ɪ m d	s w ɪ m d	1	0	vowel_change	reg_d	reg_d
model_template	ʃ ʌ t ə l	ʃ ʌ t ə l d	ʃ ʌ t ə l d	s ɛ t ə l	s ɛ t ə l d	s ɛ t ə l d	ʃ ʌ t ə l d	1	1	reg_d	reg_d	reg_d
model_template	ə p r iː ʃ iː e ɪ t	ə p r iː ʃ iː e ɪ t ə d	ə p r iː ʃ iː e ɪ t ə d	ɪ v æ l j uː e ɪ t	ɪ v æ l j uː e ɪ t ə d	ɪ v æ l j uː e ɪ t ə d	ə p r iː ʃ iː e ɪ t ə d	1	1	reg_əd	reg_əd	reg_əd
model_template	s m uː ð	s m uː ð d	s m uː ð d	æ n s ɹ̩	æ n s ɹ̩ d	æ n s ɹ̩ d	s m uː ð d	1	1	reg_d	reg_d	reg_d
model_template	s t ɛ r	s t ɛ r d	s t ɛ r d	s p ɛ r	s p ɛ r d	s p ɛ r d	s t ɛ r d	1	1	reg_d	reg_d	reg_d
model_template	k ɑː s t uː m	k ɑː s t uː m d	k ɑː s t uː m d	k ə n f ɹ̩ m	k ə n f ɹ̩ m d	k ə n f ɹ̩ m d	k ɑː s t uː m d	1	1	reg_d	reg_d	reg_d
model_template	ɡ uː f	ɡ uː f t	ɡ uː f t	s iː p	s iː p t	s iː p t	ɡ uː f t	1	1	reg_t	reg_t	reg_t
model_template	d r a ʊ n	d r a ʊ n d	d r a ʊ n d	b r a ʊ n	b r a ʊ n d	b r a ʊ n d	d r a ʊ n d	1	1	reg_d	reg_d	reg_d
model_template	n ɹ̩ s	n ɹ̩ s t	n ɹ̩ s t	l uː s	l uː s t	l uː s t	n ɹ̩ s t	1	1	reg_t	reg_t	reg_t
model_template	k r a ɪ	k r a ɪ d	k r a ɪ d	f r a ɪ	f r a ɪ d	f r a ɪ d	k r a ɪ d	1	1	reg_d	reg_d	reg_d
model_template	iː v ɪ n	iː v ɪ n d	iː v ɪ n d	f a ɪ n	f a ɪ n d	f a ɪ n d	iː v ɪ n d	1	1	reg_d	reg_d	reg_d
model_template	m a ɪ n	m a ɪ n d	m a ɪ n d	ʃ a ɪ n	ʃ a ɪ n d	ʃ a ɪ n d	m a ɪ n d	1	1	reg_d	reg_d	reg_d
model_template	b ɪ ɡ ɪ n	b ɪ ɡ æ n	b ɪ ɡ e ɪ n	f ɹ̩ b ɪ d	f ɹ̩ b e ɪ d	f ɹ̩ b e ɪ d	NA	0	0	vowel_change	vowel_change	vowel_change
model_template	s p æ ŋ k	s p æ ŋ k t	s p æ ŋ k t	s k w iː k	s k w iː k t	s k w iː k t	s p æ ŋ k t	1	1	reg_t	reg_t	reg_t
model_template	t͡ʃ ɪ p	t͡ʃ ɪ p t	t͡ʃ ɪ p t	n æ p	n æ p t	n æ p t	t͡ʃ ɪ p t	1	1	reg_t	reg_t	reg_t
model_template	s p iː k	s p o ʊ k	s p ɛ k t	s p iː d	s p ɛ d	s p ɛ d	NA	0	0	vowel_change	vowel_change_suffix	vowel_change
model_template	s w ɪ t͡ʃ	s w ɪ t͡ʃ t	s w ɪ t͡ʃ t	s n æ t͡ʃ	s n æ t͡ʃ t	s n æ t͡ʃ t	s w ɪ t͡ʃ t	1	1	reg_t	reg_t	reg_t
model_template	f a ɪ ɹ̩	f a ɪ ɹ̩ d	f a ɪ ɹ̩ d	æ n s ɹ̩	æ n s ɹ̩ d	æ n s ɹ̩ d	f a ɪ ɹ̩ d	1	1	reg_d	reg_d	reg_d
model_template	b ɪ l	b ɪ l d	b ɪ l d	w ɪ l	w ɪ l d	w ɪ l d	b ɪ l d	1	1	reg_d	reg_d	reg_d
model_template	r iː m a ɪ n d	r iː m a ɪ n d ə d	r iː m a ʊ n d ə d	ə n w a ɪ n d	ə n w a ʊ n d	ə n w a ʊ n d	r iː m a ʊ n d	0	0	reg_əd	other	vowel_change
model_template	s iː d	s iː d ə d	s iː d ə d	w iː d	w iː d ə d	w iː d ə d	s iː d ə d	1	1	reg_əd	reg_əd	reg_əd
model_template	w e ɪ v	w e ɪ v d	w e ɪ v d	s e ɪ v	s e ɪ v d	s e ɪ v d	w e ɪ v d	1	1	reg_d	reg_d	reg_d
model_template	b l uː m	b l uː m d	b l uː m d	k o ʊ m	k o ʊ m d	k o ʊ m d	b l uː m d	1	1	reg_d	reg_d	reg_d
model_template	s t ɪ ŋ	s t ʌ ŋ	s t ɪ ŋ	h æ ŋ	h æ ŋ	h ʌ ŋ	s t ɪ ŋ	1	0	vowel_change	no_change	no_change
model_template	ə r a ɪ v	ə r a ɪ v d	ə r a ɪ v d	d ɹ̩ a ɪ v	d ɹ̩ a ɪ v d	d ɹ̩ a ɪ v d	ə r a ɪ v d	1	1	reg_d	reg_d	reg_d
model_template	b l ɛ s	b l ɛ s t	b l ɛ s t	f ɔ r s	f ɔ r s t	f ɔ r s t	b l ɛ s t	1	1	reg_t	reg_t	reg_t
model_template	ə r ɛ s t	ə r ɛ s t ə d	ə r ɛ s t ə d	t w ɪ s t	t w ɪ s t ə d	t w ɪ s t ə d	ə r ɛ s t ə d	1	1	reg_əd	reg_əd	reg_əd
model_template	s p ɪ n	s p ʌ n	s p ɪ n d	s a ɪ n	s a ɪ n d	s a ɪ n d	s p ɪ n d	1	0	vowel_change	reg_d	reg_d
model_template	k ə m p iː t	k ə m p iː t ə d	k ə m p iː t ə d	m ɑː r k ə t	m ɑː r k ə t ə d	m ɑː r k ə t ə d	k ə m p iː t ə d	1	1	reg_əd	reg_əd	reg_əd
model_template	t r e ɪ n	t r e ɪ n d	t r e ɪ n d	p l e ɪ n	p l e ɪ n d	p l e ɪ n d	t r e ɪ n d	1	1	reg_d	reg_d	reg_d
model_template	p æ s	p æ s t	p æ s t	p iː s	p iː s t	p iː s t	p æ s t	1	1	reg_t	reg_t	reg_t
model_template	s ɪ ŋ k	s æ ŋ k	s ɪ ŋ k t	j æ ŋ k	j æ ŋ k t	j æ ŋ k t	s ɪ ŋ k t	1	0	vowel_change	reg_t	reg_t
model_template	l uː p	l uː p t	l uː p t	t͡ʃ ɑː p	t͡ʃ ɑː p t	t͡ʃ ɑː p t	l uː p t	1	1	reg_t	reg_t	reg_t
model_template	s ə l ɛ k t	s ə l ɛ k t ə d	s ə l ɛ k t ə d	k ə l ɛ k t	k ə l ɛ k t ə d	k ə l ɛ k t ə d	s ə l ɛ k t ə d	1	1	reg_əd	reg_əd	reg_əd
model_template	r ɪ ŋ	r æ ŋ	r ɪ ŋ	h æ ŋ	h æ ŋ	h ʌ ŋ	r ɪ ŋ	1	0	vowel_change	no_change	no_change
model_template	m e ɪ l	m e ɪ l d	m e ɪ l d	n e ɪ l	n e ɪ l d	n e ɪ l d	m e ɪ l d	1	1	reg_d	reg_d	reg_d
model_template	p æ t	p æ t ə d	p æ t ə d	p ɪ t	p ɪ t ə d	p ɪ t ə d	p æ t ə d	1	1	reg_əd	reg_əd	reg_əd
model_template	k ɪ d	k ɪ d ə d	k ɪ d	r ɪ d	r ɪ d	r ɪ d	k ɪ d	1	0	reg_əd	no_change	no_change
model_template	p ɑː r d ə n	p ɑː r d ə n d	p ɑː r d ə n d	m ɔ ɪ s ə n	m ɔ ɪ s ə n d	m ɔ ɪ s ə n d	p ɑː r d ə n d	1	1	reg_d	reg_d	reg_d
model_template	s t iː r	s t iː r d	s t iː r d	s t ɑː r	s t ɑː r d	s t ɑː r d	s t iː r d	1	1	reg_d	reg_d	reg_d
model_template	f o ʊ l d	f o ʊ l d ə d	f o ʊ l d ə d	m o ʊ l d	m o ʊ l d ə d	m o ʊ l d ə d	f o ʊ l d ə d	1	1	reg_əd	reg_əd	reg_əd
model_template	s n iː k	s n iː k t	s n iː k t	s t ɑː k	s t ɑː k t	s t ɑː k t	s n iː k t	1	1	reg_t	reg_t	reg_t
model_template	b e ɪ l	b e ɪ l d	b e ɪ l d	n e ɪ l	n e ɪ l d	n e ɪ l d	b e ɪ l d	1	1	reg_d	reg_d	reg_d
model_template	b ɛ t ɹ̩	b ɛ t ɹ̩ d	b ɛ t ɹ̩ d	b æ t ɹ̩	b æ t ɹ̩ d	b æ t ɹ̩ d	b ɛ t ɹ̩ d	1	1	reg_d	reg_d	reg_d
model_template	ɡ ɑː r b ə l	ɡ ɑː r b ə l d	ɡ ɑː r b ə l d	w ɛ l k ə m	w ɛ l k ə m d	w ɛ l k ə m d	ɡ ɑː r b ə l d	1	1	reg_d	reg_d	reg_d
model_template	s k w ɹ̩ t	s k w ɹ̩ t ə d	s k w ɹ̩ t ə d	ɪ n s ɹ̩ t	ɪ n s ɹ̩ t ə d	ɪ n s ɹ̩ t ə d	s k w ɹ̩ t ə d	1	1	reg_əd	reg_əd	reg_əd
model_template	b ɑː k s	b ɑː k s t	b ɑː k s t	w æ k s	w æ k s t	w æ k s t	b ɑː k s t	1	1	reg_t	reg_t	reg_t
model_template	s iː l	s iː l d	s iː l d	p iː l	p iː l d	p iː l d	s iː l d	1	1	reg_d	reg_d	reg_d
model_template	s p r ɛ d	s p r ɛ d	s p r ɛ d ə d	b r æ n d	b r æ n d ə d	b r æ n d ə d	s p r ɛ d ə d	1	0	no_change	reg_əd	reg_əd
model_template	p r ɑː m ə s	p r ɑː m ə s t	p r ɑː m ə s t	h ɑː r n ə s	h ɑː r n ə s t	h ɑː r n ə s t	p r ɑː m ə s t	1	1	reg_t	reg_t	reg_t
model_template	b iː t	b iː t	b iː t ə d	h iː t	h iː t ə d	h iː t ə d	b iː t ə d	1	0	no_change	reg_əd	reg_əd
model_template	h ɪ p n ə t a ɪ z	h ɪ p n ə t a ɪ z d	h ɪ p n ə t a ɪ z d	r ɛ k ə ɡ n a ɪ z	r ɛ k ə ɡ n a ɪ z d	r ɛ k ə ɡ n a ɪ z d	h ɪ p n ə t a ɪ z d	1	1	reg_d	reg_d	reg_d
model_template	s l æ p	s l æ p t	s l æ p t	k l ɪ p	k l ɪ p t	k l ɪ p t	s l æ p t	1	1	reg_t	reg_t	reg_t
model_template	b ɛ s t	b ɛ s t ə d	b ɛ s t ə d	t ɛ s t	t ɛ s t ə d	t ɛ s t ə d	b ɛ s t ə d	1	1	reg_əd	reg_əd	reg_əd
model_template	s t æ ɡ ɹ̩	s t æ ɡ ɹ̩ d	s t æ ɡ ɹ̩ d	k æ p t͡ʃ ɹ̩	k æ p t͡ʃ ɹ̩ d	k æ p t͡ʃ ɹ̩ d	s t æ ɡ ɹ̩ d	1	1	reg_d	reg_d	reg_d
model_template	z æ p	z æ p t	z æ p t	n æ p	n æ p t	n æ p t	z æ p t	1	1	reg_t	reg_t	reg_t
model_template	ə p s ɛ t	ə p s ɛ t	ə p s ɛ t	ɔ f s ɛ t	ɔ f s ɛ t	ɔ f s ɛ t	ə p s ɛ t	1	1	no_change	no_change	no_change
model_template	r ɛ s t	r ɛ s t ə d	r ɛ s t ə d	r ʌ s t	r ʌ s t ə d	r ʌ s t ə d	r ɛ s t ə d	1	1	reg_əd	reg_əd	reg_əd
model_template	s p l æ ʃ	s p l æ ʃ t	s p l æ ʃ t	f l ɹ̩ ɪ ʃ	f l ɹ̩ ɪ ʃ t	f l ɹ̩ ɪ ʃ t	s p l æ ʃ t	1	1	reg_t	reg_t	reg_t
model_template	l a ɪ n	l a ɪ n d	l a ɪ n d	ʃ a ɪ n	ʃ a ɪ n d	ʃ a ɪ n d	l a ɪ n d	1	1	reg_d	reg_d	reg_d
model_template	ə n d uː	ə n d ɪ d	ə n d uː d	t æ t uː	t æ t uː d	t æ t uː d	ə n d uː d	1	0	vowel_change_suffix	reg_d	reg_d
model_template	p ɛ n	p ɛ n d	p ɛ n d	j ɛ l	j ɛ l d	j ɛ l d	p ɛ n d	1	1	reg_d	reg_d	reg_d
model_template	ɛ d ə t	ɛ d ə t ə d	ɛ d ə t ə d	b l ɑː t	b l ɑː t ə d	b l ɑː t ə d	ɛ d ə t ə d	1	1	reg_əd	reg_əd	reg_əd
model_template	ɪ k s p l ɔ r	ɪ k s p l ɔ r d	ɪ k s p l ɔ r d	v ɑː l ə n t iː r	v ɑː l ə n t iː r d	v ɑː l ə n t iː r d	ɪ k s p l ɔ r d	1	1	reg_d	reg_d	reg_d
model_template	ə s uː m	ə s uː m d	ə s uː m d	d r ʌ m	d r ʌ m d	d r ʌ m d	ə s uː m d	1	1	reg_d	reg_d	reg_d
model_template	s p r e ɪ	s p r e ɪ d	s p r e ɪ d	ə p l a ɪ	ə p l a ɪ d	ə p l a ɪ d	s p r e ɪ d	1	1	reg_d	reg_d	reg_d
model_template	l o ʊ ɹ̩	l o ʊ ɹ̩ d	l o ʊ ɹ̩ d	ʃ a ʊ ɹ̩	ʃ a ʊ ɹ̩ d	ʃ a ʊ ɹ̩ d	l o ʊ ɹ̩ d	1	1	reg_d	reg_d	reg_d
model_template	d æ m	d æ m d	d æ m d	z uː m	z uː m d	z uː m d	d æ m d	1	1	reg_d	reg_d	reg_d
model_template	r ʌ ʃ	r ʌ ʃ t	r æ ʃ t	r ʌ n	r æ n	r æ n	NA	0	0	reg_t	vowel_change_suffix	vowel_change
model_template	p l ʌ ɡ	p l ʌ ɡ d	p l ʌ ɡ d	s l ʌ ɡ	s l ʌ ɡ d	s l ʌ ɡ d	p l ʌ ɡ d	1	1	reg_d	reg_d	reg_d
model_template	ə d m ɪ t	ə d m ɪ t ə d	ə d m ɪ t ə d	k ə m ɪ t	k ə m ɪ t ə d	k ə m ɪ t ə d	ə d m ɪ t ə d	1	1	reg_əd	reg_əd	reg_əd
model_template	ə n t a ɪ	ə n t a ɪ d	ə n t a ɪ d	ə p l a ɪ	ə p l a ɪ d	ə p l a ɪ d	ə n t a ɪ d	1	1	reg_d	reg_d	reg_d
model_template	b ʌ k ə l	b ʌ k ə l d	b ʌ k ə l d	m ʌ s ə l	m ʌ s ə l d	m ʌ s ə l d	b ʌ k ə l d	1	1	reg_d	reg_d	reg_d
model_template	s w uː ʃ	s w uː ʃ t	s w uː ʃ t	s m æ ʃ	s m æ ʃ t	s m æ ʃ t	s w uː ʃ t	1	1	reg_t	reg_t	reg_t
model_template	ə r a ɪ z	ə r o ʊ z	ə r a ɪ z d	p r a ɪ z	p r a ɪ z d	p r a ɪ z d	ə r a ɪ z d	1	0	vowel_change	reg_d	reg_d
model_template	s o ʊ k	s o ʊ k t	s o ʊ k t	t͡ʃ o ʊ k	t͡ʃ o ʊ k t	t͡ʃ o ʊ k t	s o ʊ k t	1	1	reg_t	reg_t	reg_t
model_template	t r æ p	t r æ p t	t r æ p t	f l æ p	f l æ p t	f l æ p t	t r æ p t	1	1	reg_t	reg_t	reg_t
model_template	p a ɪ l	p a ɪ l d	p a ɪ l d	t a ɪ l	t a ɪ l d	t a ɪ l d	p a ɪ l d	1	1	reg_d	reg_d	reg_d
model_template	ɪ k s p l o ʊ d	ɪ k s p l o ʊ d ə d	ɪ k s p l o ʊ d ə d	r ɛ k ə m ɛ n d	r ɛ k ə m ɛ n d ə d	r ɛ k ə m ɛ n d ə d	ɪ k s p l o ʊ d ə d	1	1	reg_əd	reg_əd	reg_əd
model_template	b ɔ ɪ l	b ɔ ɪ l d	b ɔ ɪ l d	w e ɪ l	w e ɪ l d	w e ɪ l d	b ɔ ɪ l d	1	1	reg_d	reg_d	reg_d
model_template	k ə n s ɪ d ɹ̩	k ə n s ɪ d ɹ̩ d	k ə n s ɪ d ɹ̩ d	d ɪ s k ʌ v ɹ̩	d ɪ s k ʌ v ɹ̩ d	d ɪ s k ʌ v ɹ̩ d	k ə n s ɪ d ɹ̩ d	1	1	reg_d	reg_d	reg_d
model_template	s k a ʊ l	s k a ʊ l d	s k a ʊ l d	ɡ r a ʊ l	ɡ r a ʊ l d	ɡ r a ʊ l d	s k a ʊ l d	1	1	reg_d	reg_d	reg_d
model_template	ɪ ɡ z ɔ s t	ɪ ɡ z ɔ s t ə d	ɪ ɡ z ɔ s t ə d	ɪ ɡ z ɪ s t	ɪ ɡ z ɪ s t ə d	ɪ ɡ z ɪ s t ə d	ɪ ɡ z ɔ s t ə d	1	1	reg_əd	reg_əd	reg_əd
model_template	s uː p ɹ̩ v a ɪ z	s uː p ɹ̩ v a ɪ z d	s uː p ɹ̩ v a ɪ z d	ɛ k s ɹ̩ s a ɪ z	ɛ k s ɹ̩ s a ɪ z d	ɛ k s ɹ̩ s a ɪ z d	s uː p ɹ̩ v a ɪ z d	1	1	reg_d	reg_d	reg_d
model_template	d æ ŋ ɡ ə l	d æ ŋ ɡ ə l d	d æ ŋ ɡ ə l d	m æ ŋ ɡ ə l	m æ ŋ ɡ ə l d	m æ ŋ ɡ ə l d	d æ ŋ ɡ ə l d	1	1	reg_d	reg_d	reg_d
model_template	d͡ʒ ɪ m iː	d͡ʒ ɪ m iː d	d͡ʒ ɪ m iː d	ʃ ɪ v ɹ̩	ʃ ɪ v ɹ̩ d	ʃ ɪ v ɹ̩ d	d͡ʒ ɪ m iː d	1	1	reg_d	reg_d	reg_d
model_template	t r ʌ b ə l	t r ʌ b ə l d	t r ʌ b ə l d	t ʌ m b ə l	t ʌ m b ə l d	t ʌ m b ə l d	t r ʌ b ə l d	1	1	reg_d	reg_d	reg_d
model_template	p e ɪ d͡ʒ	p e ɪ d͡ʒ d	p e ɪ d͡ʒ d	b r ɪ d͡ʒ	b r ɪ d͡ʒ d	b r ɪ d͡ʒ d	p e ɪ d͡ʒ d	1	1	reg_d	reg_d	reg_d
model_template	t a ʊ ɹ̩	t a ʊ ɹ̩ d	t a ʊ ɹ̩ d	p a ʊ ɹ̩	p a ʊ ɹ̩ d	p a ʊ ɹ̩ d	t a ʊ ɹ̩ d	1	1	reg_d	reg_d	reg_d
model_template	f ɛ n s	f ɛ n s t	f ɛ n s t	d æ n s	d æ n s t	d æ n s t	f ɛ n s t	1	1	reg_t	reg_t	reg_t
model_template	d ɛ r	d ɛ r d	d ɛ r d	d͡ʒ ɑː r	d͡ʒ ɑː r d	d͡ʒ ɑː r d	d ɛ r d	1	1	reg_d	reg_d	reg_d
model_template	b l iː d	b l ɛ d	b l ɛ d ə d	s l iː p	s l ɛ p t	s l ɛ p t	NA	0	0	vowel_change	other	vowel_change_suffix
model_template	ɛ n t ɹ̩	ɛ n t ɹ̩ d	ɛ n t ɹ̩ d	m æ t ɹ̩	m æ t ɹ̩ d	m æ t ɹ̩ d	ɛ n t ɹ̩ d	1	1	reg_d	reg_d	reg_d
model_template	m e ɪ n t e ɪ n	m e ɪ n t e ɪ n d	m e ɪ n t e ɪ n d	k ə m p l e ɪ n	k ə m p l e ɪ n d	k ə m p l e ɪ n d	m e ɪ n t e ɪ n d	1	1	reg_d	reg_d	reg_d
model_template	f ɛ r	f ɛ r d	f ɛ r d	d͡ʒ ɑː r	d͡ʒ ɑː r d	d͡ʒ ɑː r d	f ɛ r d	1	1	reg_d	reg_d	reg_d
model_template	d ɪ p	d ɪ p t	d ɪ p t	w ɪ p	w ɪ p t	w ɪ p t	d ɪ p t	1	1	reg_t	reg_t	reg_t
model_template	j ɔ n	j ɔ n d	j ɔ n d	t æ n	t æ n d	t æ n d	j ɔ n d	1	1	reg_d	reg_d	reg_d
model_template	ʃ ʊ ɡ ɹ̩	ʃ ʊ ɡ ɹ̩ d	ʃ ʊ ɡ ɹ̩ d	b ʊ t͡ʃ ɹ̩	b ʊ t͡ʃ ɹ̩ d	b ʊ t͡ʃ ɹ̩ d	ʃ ʊ ɡ ɹ̩ d	1	1	reg_d	reg_d	reg_d
model_template	d r ɪ f t	d r ɪ f t ə d	d r æ f t ə d	ʃ r ɪ ŋ k	ʃ r æ ŋ k	ʃ r æ ŋ k	NA	0	0	reg_əd	other	vowel_change
model_template	ɪ n s p a ɪ ɹ̩	ɪ n s p a ɪ ɹ̩ d	ɪ n s p a ɪ ɹ̩ d	b ɪ l e ɪ b ɹ̩	b ɪ l e ɪ b ɹ̩ d	b ɪ l e ɪ b ɹ̩ d	ɪ n s p a ɪ ɹ̩ d	1	1	reg_d	reg_d	reg_d
model_template	m ɛ n ʃ ə n	m ɛ n ʃ ə n d	m ɛ n ʃ ə n d	f r ɛ ʃ ə n	f r ɛ ʃ ə n d	f r ɛ ʃ ə n d	m ɛ n ʃ ə n d	1	1	reg_d	reg_d	reg_d
model_template	s l ɪ p	s l ɪ p t	s l ɪ p t	k l ɪ p	k l ɪ p t	k l ɪ p t	s l ɪ p t	1	1	reg_t	reg_t	reg_t
model_template	s k ɪ p	s k ɪ p t	s k ɪ p t	k l ɪ p	k l ɪ p t	k l ɪ p t	s k ɪ p t	1	1	reg_t	reg_t	reg_t
model_template	m ə n ɪ p j ə l e ɪ t	m ə n ɪ p j ə l e ɪ t ə d	m ə n j ə l ə l e ɪ t ə d	ə k ɑː m p l ɪ ʃ	ə k ɑː m p l ɪ ʃ t	ə k ɑː m p l ɪ ʃ t	m ə n ɪ p j ə l e ɪ t t	0	0	reg_əd	other	reg_t
model_template	s æ k	s æ k t	s æ k t	p æ k	p æ k t	p æ k t	s æ k t	1	1	reg_t	reg_t	reg_t
model_template	ɪ n s p ɛ k t	ɪ n s p ɛ k t ə d	ɪ n s p ɛ k t ə d	ɪ k s p ɛ k t	ɪ k s p ɛ k t ə d	ɪ k s p ɛ k t ə d	ɪ n s p ɛ k t ə d	1	1	reg_əd	reg_əd	reg_əd
model_template	s æ k r ə f a ɪ s	s æ k r ə f a ɪ s t	s æ k r ə f a ɪ s t	p r ə ɡ r ɛ s	p r ə ɡ r ɛ s t	p r ə ɡ r ɛ s t	s æ k r ə f a ɪ s t	1	1	reg_t	reg_t	reg_t
model_template	t æ p	t æ p t	t æ p t	m æ p	m æ p t	m æ p t	t æ p t	1	1	reg_t	reg_t	reg_t
model_template	h ɔ l	h ɔ l d	h ɔ l d	k ɔ l	k ɔ l d	k ɔ l d	h ɔ l d	1	1	reg_d	reg_d	reg_d
model_template	s k a ʊ t	s k a ʊ t ə d	s k a ʊ t ə d	b l o ʊ t	b l o ʊ t ə d	b l o ʊ t ə d	s k a ʊ t ə d	1	1	reg_əd	reg_əd	reg_əd
model_template	p ɑː k ə t	p ɑː k ə t ə d	p ɑː k ə t ə d	r ɑː k ə t	r ɑː k ə t ə d	r ɑː k ə t ə d	p ɑː k ə t ə d	1	1	reg_əd	reg_əd	reg_əd
model_template	h a ʊ l	h a ʊ l d	h a ʊ l d	h o ʊ l	h o ʊ l d	h o ʊ l d	h a ʊ l d	1	1	reg_d	reg_d	reg_d
model_template	d ɔ n	d ɔ n d	d ɔ n d	b ɹ̩ n	b ɹ̩ n d	b ɹ̩ n d	d ɔ n d	1	1	reg_d	reg_d	reg_d
model_template	t æ ŋ ɡ ə l	t æ ŋ ɡ ə l d	t æ ŋ ɡ ə l d	t ʌ m b ə l	t ʌ m b ə l d	t ʌ m b ə l d	t æ ŋ ɡ ə l d	1	1	reg_d	reg_d	reg_d
model_template	ɡ a ɪ d	ɡ a ɪ d ə d	ɡ a ɪ d ə d	h a ɪ d	h a ɪ d ə d	h ɪ d	ɡ a ɪ d ə d	1	1	reg_əd	reg_əd	reg_əd
model_template	θ ʌ n d ɹ̩	θ ʌ n d ɹ̩ d	θ ʌ n d ɹ̩ d	n ʌ m b ɹ̩	n ʌ m b ɹ̩ d	n ʌ m b ɹ̩ d	θ ʌ n d ɹ̩ d	1	1	reg_d	reg_d	reg_d
model_template	r a ʊ n d	r a ʊ n d ə d	r a ʊ n d ə d	p a ʊ n d	p a ʊ n d ə d	p a ʊ n d ə d	r a ʊ n d ə d	1	1	reg_əd	reg_əd	reg_əd
model_template	æ b d ʌ k t	æ b d ʌ k t ə d	æ b ʌ k t ə d	h æ ŋ	h æ ŋ	h ʌ ŋ	æ b d ʌ k t	0	0	reg_əd	other	no_change
model_template	ɡ ʌ m	ɡ ʌ m d	ɡ ʌ m d	k ʌ m	k ʌ m d	k e ɪ m	ɡ ʌ m d	1	1	reg_d	reg_d	reg_d
model_template	l ɛ k t͡ʃ ɹ̩	l ɛ k t͡ʃ ɹ̩ d	l ɛ k t͡ʃ ɹ̩ d	p ɪ k t͡ʃ ɹ̩	p ɪ k t͡ʃ ɹ̩ d	p ɪ k t͡ʃ ɹ̩ d	l ɛ k t͡ʃ ɹ̩ d	1	1	reg_d	reg_d	reg_d
model_template	d r ɪ b ə l	d r ɪ b ə l d	d r ɪ b ə l d	t e ɪ b ə l	t e ɪ b ə l d	t e ɪ b ə l d	d r ɪ b ə l d	1	1	reg_d	reg_d	reg_d
model_template	d ʌ s t	d ʌ s t ə d	d ʌ s t ə d	b ʌ s t	b ʌ s t ə d	b ʌ s t ə d	d ʌ s t ə d	1	1	reg_əd	reg_əd	reg_əd
model_template	d͡ʒ æ m	d͡ʒ æ m d	d͡ʒ æ m d	k ʌ m	k ʌ m d	k e ɪ m	d͡ʒ æ m d	1	1	reg_d	reg_d	reg_d
model_template	t͡ʃ æ n ə l	t͡ʃ æ n ə l d	t͡ʃ æ n ə l d	r æ t ə l	r æ t ə l d	r æ t ə l d	t͡ʃ æ n ə l d	1	1	reg_d	reg_d	reg_d
model_template	d r e ɪ n	d r e ɪ n d	d r e ɪ n d	s t e ɪ n	s t e ɪ n d	s t e ɪ n d	d r e ɪ n d	1	1	reg_d	reg_d	reg_d
model_template	w uː n d	w uː n d ə d	w uː n d ə d	l æ n d	l æ n d ə d	l æ n d ə d	w uː n d ə d	1	1	reg_əd	reg_əd	reg_əd
model_template	t e ɪ l	t e ɪ l d	t e ɪ l d	n e ɪ l	n e ɪ l d	n e ɪ l d	t e ɪ l d	1	1	reg_d	reg_d	reg_d
model_template	s l o ʊ	s l o ʊ d	s l o ʊ d	r a ɪ m	r a ɪ m d	r a ɪ m d	s l o ʊ d	1	1	reg_d	reg_d	reg_d
model_template	s t ɪ ŋ k	s t ʌ ŋ k	s t ɪ ŋ k t	b l ɪ ŋ k	b l ɪ ŋ k t	b l ɪ ŋ k t	s t ɪ ŋ k t	1	0	vowel_change	reg_t	reg_t
model_template	f iː l d	f iː l d ə d	f iː l d ə d	ʃ iː l d	ʃ iː l d ə d	ʃ iː l d ə d	f iː l d ə d	1	1	reg_əd	reg_əd	reg_əd
model_template	s p a ɪ	s p a ɪ d	s p a ɪ d	p l e ɪ	p l e ɪ d	p l e ɪ d	s p a ɪ d	1	1	reg_d	reg_d	reg_d
model_template	s ɪ ɡ n ə l	s ɪ ɡ n ə l d	s ɪ ɡ n ə l d	t r æ v ə l	t r æ v ə l d	t r æ v ə l d	s ɪ ɡ n ə l d	1	1	reg_d	reg_d	reg_d
model_template	ɛ n k ɹ̩ ɪ d͡ʒ	ɛ n k ɹ̩ ɪ d͡ʒ d	ɛ n k ɹ̩ ɪ d͡ʒ d	b æ n d ɪ d͡ʒ	b æ n d ɪ d͡ʒ d	b æ n d ɪ d͡ʒ d	ɛ n k ɹ̩ ɪ d͡ʒ d	1	1	reg_d	reg_d	reg_d
model_template	s æ n ɪ t a ɪ z	s æ n ɪ t a ɪ z d	s æ n ɪ t a ɪ z d	m ɛ z m ɹ̩ a ɪ z	m ɛ z m ɹ̩ a ɪ z d	m ɛ z m ɹ̩ a ɪ z d	s æ n ɪ t a ɪ z d	1	1	reg_d	reg_d	reg_d
model_template	f r a ɪ t ə n	f r a ɪ t ə n d	f r a ɪ t ə n d	ə n b ʌ t ə n	ə n b ʌ t ə n d	ə n b ʌ t ə n d	f r a ɪ t ə n d	1	1	reg_d	reg_d	reg_d
model_template	o ʊ v ɹ̩ k ə m	o ʊ v ɹ̩ k e ɪ m	o ʊ v ɹ̩ k ə m d	k ə n f ɹ̩ m	k ə n f ɹ̩ m d	k ə n f ɹ̩ m d	o ʊ v ɹ̩ k ə m d	1	0	vowel_change	reg_d	reg_d
model_template	p ɛ p ɹ̩	p ɛ p ɹ̩ d	p ɛ p ɹ̩ d	z ɪ p ɹ̩	z ɪ p ɹ̩ d	z ɪ p ɹ̩ d	p ɛ p ɹ̩ d	1	1	reg_d	reg_d	reg_d
model_template	b ʌ d͡ʒ	b ʌ d͡ʒ d	b ʌ d͡ʒ d	f ʌ d͡ʒ	f ʌ d͡ʒ d	f ʌ d͡ʒ d	b ʌ d͡ʒ d	1	1	reg_d	reg_d	reg_d
model_template	ɡ l ɛ r	ɡ l ɛ r d	ɡ l ɛ r d	s t ɔ r	s t ɔ r d	s t ɔ r d	ɡ l ɛ r d	1	1	reg_d	reg_d	reg_d
model_template	ə f ɔ r d	ə f ɔ r d ə d	ə f ɔ r d ə d	ə p l ɔ d	ə p l ɔ d ə d	ə p l ɔ d ə d	ə f ɔ r d ə d	1	1	reg_əd	reg_əd	reg_əd
model_template	s k o ʊ l d	s k o ʊ l d ə d	s k o ʊ l d ə d	r ɪ t ɑː r d	r ɪ t ɑː r d ə d	r ɪ t ɑː r d ə d	s k o ʊ l d ə d	1	1	reg_əd	reg_əd	reg_əd
model_template	s ɛ n s	s ɛ n s t	s ɛ n s t	m ɪ n s	m ɪ n s t	m ɪ n s t	s ɛ n s t	1	1	reg_t	reg_t	reg_t
model_template	ɛ m f ə s a ɪ z	ɛ m f ə s a ɪ z d	ɛ m f ə s a ɪ z d	ɔ r ɡ ə n a ɪ z	ɔ r ɡ ə n a ɪ z d	ɔ r ɡ ə n a ɪ z d	ɛ m f ə s a ɪ z d	1	1	reg_d	reg_d	reg_d
model_template	l e ɪ b ə l	l e ɪ b ə l d	l e ɪ b ə l d	t e ɪ b ə l	t e ɪ b ə l d	t e ɪ b ə l d	l e ɪ b ə l d	1	1	reg_d	reg_d	reg_d
model_template	b a ʊ	b a ʊ d	b ɔ t	b a ɪ	b ɔ t	b ɔ t	NA	0	0	reg_d	vowel_change_suffix	vowel_change_suffix
model_template	b ʌ n t͡ʃ	b ʌ n t͡ʃ t	b ʌ n t͡ʃ t	m ʌ n t͡ʃ	m ʌ n t͡ʃ t	m ʌ n t͡ʃ t	b ʌ n t͡ʃ t	1	1	reg_t	reg_t	reg_t
model_template	t ɛ r ə r a ɪ z	t ɛ r ə r a ɪ z d	t ɛ r ə r a ɪ z d	m ɛ z m ɹ̩ a ɪ z	m ɛ z m ɹ̩ a ɪ z d	m ɛ z m ɹ̩ a ɪ z d	t ɛ r ə r a ɪ z d	1	1	reg_d	reg_d	reg_d
model_template	ɡ r æ v ə t e ɪ t	ɡ r æ v ə t e ɪ t ə d	ɡ r æ v ə t e ɪ t ə d	k o ʊ ɑː p ɹ̩ e ɪ t	k o ʊ ɑː p ɹ̩ e ɪ t ə d	k o ʊ ɑː p ɹ̩ e ɪ t ə d	ɡ r æ v ə t e ɪ t ə d	1	1	reg_əd	reg_əd	reg_əd
model_template	b l æ s t	b l æ s t ə d	b l æ s t ə d	p ɹ̩ v ɹ̩ t	p ɹ̩ v ɹ̩ t ə d	p ɹ̩ v ɹ̩ t ə d	b l æ s t ə d	1	1	reg_əd	reg_əd	reg_əd
model_template	ɪ n ɪ ʃ ə l	ɪ n ɪ ʃ ə l d	ɪ n ɪ ʃ ə l d	m æ ŋ ɡ ə l	m æ ŋ ɡ ə l d	m æ ŋ ɡ ə l d	ɪ n ɪ ʃ ə l d	1	1	reg_d	reg_d	reg_d
model_template	s w ɑː p	s w ɑː p t	s w ɑː p t	s t ɛ p	s t ɛ p t	s t ɛ p t	s w ɑː p t	1	1	reg_t	reg_t	reg_t
model_template	æ d m a ɪ ɹ̩	æ d m a ɪ ɹ̩ d	æ d m a ɪ ɹ̩ d	r ɪ t a ɪ ɹ̩	r ɪ t a ɪ ɹ̩ d	r ɪ t a ɪ ɹ̩ d	æ d m a ɪ ɹ̩ d	1	1	reg_d	reg_d	reg_d
model_template	s ə p ɔ r t	s ə p ɔ r t ə d	s ə p ɔ r t ə d	r iː p ɔ r t	r iː p ɔ r t ə d	r iː p ɔ r t ə d	s ə p ɔ r t ə d	1	1	reg_əd	reg_əd	reg_əd
model_template	p æ m p ɹ̩	p æ m p ɹ̩ d	p æ m p ɹ̩ d	ʃ ɛ l t ɹ̩	ʃ ɛ l t ɹ̩ d	ʃ ɛ l t ɹ̩ d	p æ m p ɹ̩ d	1	1	reg_d	reg_d	reg_d
model_template	v ɔ ɪ s	v ɔ ɪ s t	v ɔ ɪ s t	d a ɪ s	d a ɪ s t	d a ɪ s t	v ɔ ɪ s t	1	1	reg_t	reg_t	reg_t
model_template	s k ɔ r	s k ɔ r d	s k ɔ r d	s t ɔ r	s t ɔ r d	s t ɔ r d	s k ɔ r d	1	1	reg_d	reg_d	reg_d
model_template	d ɑː k t ɹ̩	d ɑː k t ɹ̩ d	d ɑː k t ɹ̩ d	n ʌ m b ɹ̩	n ʌ m b ɹ̩ d	n ʌ m b ɹ̩ d	d ɑː k t ɹ̩ d	1	1	reg_d	reg_d	reg_d
model_template	r iː v æ m p	r iː v æ m p t	r iː v æ m p t	s k æ l ə p	s k æ l ə p t	s k æ l ə p t	r iː v æ m p t	1	1	reg_t	reg_t	reg_t
model_template	l iː s	l iː s t	l iː s t	p iː s	p iː s t	p iː s t	l iː s t	1	1	reg_t	reg_t	reg_t
model_template	s ə p r ɛ s	s ə p r ɛ s t	s ə p r ɛ s t	ɪ m p r ɛ s	ɪ m p r ɛ s t	ɪ m p r ɛ s t	s ə p r ɛ s t	1	1	reg_t	reg_t	reg_t
model_template	ə p o ʊ z	ə p o ʊ z d	ə p o ʊ z d	k l o ʊ z	k l o ʊ z d	k l o ʊ z d	ə p o ʊ z d	1	1	reg_d	reg_d	reg_d
model_template	f l ɑː p	f l ɑː p t	f l ɑː p t	p l ɑː p	p l ɑː p t	p l ɑː p t	f l ɑː p t	1	1	reg_t	reg_t	reg_t
model_template	b ʌ m	b ʌ m d	b ʌ m d	θ ʌ m	θ ʌ m d	θ ʌ m d	b ʌ m d	1	1	reg_d	reg_d	reg_d
model_template	s p ɹ̩ t	s p ɹ̩ t ə d	s p ɹ̩ t ə d	s w ɛ t	s w ɛ t ə d	s w ɛ t ə d	s p ɹ̩ t ə d	1	1	reg_əd	reg_əd	reg_əd
model_template	h uː t	h uː t ə d	h uː t ə d	s uː t	s uː t ə d	s uː t ə d	h uː t ə d	1	1	reg_əd	reg_əd	reg_əd
model_template	p ɹ̩ s	p ɹ̩ s t	p ɹ̩ s t	l uː s	l uː s t	l uː s t	p ɹ̩ s t	1	1	reg_t	reg_t	reg_t
model_template	k l ʌ b	k l ʌ b d	k l ʌ b d	k j uː b	k j uː b d	k j uː b d	k l ʌ b d	1	1	reg_d	reg_d	reg_d
model_template	p ɪ t iː	p ɪ t iː d	p ɪ t iː d	m ɛ r iː	m ɛ r iː d	m ɛ r iː d	p ɪ t iː d	1	1	reg_d	reg_d	reg_d
model_template	t r æ m p	t r æ m p t	t r æ m p t	t r ʌ m p	t r ʌ m p t	t r ʌ m p t	t r æ m p t	1	1	reg_t	reg_t	reg_t
model_template	d͡ʒ ɛ n ɹ̩ e ɪ t	d͡ʒ ɛ n ɹ̩ e ɪ t ə d	d͡ʒ ɛ n ɹ̩ e ɪ t ə d	s ɛ p ɹ̩ e ɪ t	s ɛ p ɹ̩ e ɪ t ə d	s ɛ p ɹ̩ e ɪ t ə d	d͡ʒ ɛ n ɹ̩ e ɪ t ə d	1	1	reg_əd	reg_əd	reg_əd
model_template	t æ t ə l	t æ t ə l d	t æ t ə l d	t æ k ə l	t æ k ə l d	t æ k ə l d	t æ t ə l d	1	1	reg_d	reg_d	reg_d
model_template	f ʌ m b ə l	f ʌ m b ə l d	f ʌ m b ə l d	m ɑː r b ə l	m ɑː r b ə l d	m ɑː r b ə l d	f ʌ m b ə l d	1	1	reg_d	reg_d	reg_d
model_template	s t æ ʃ	s t æ ʃ t	s t æ ʃ t	s m æ ʃ	s m æ ʃ t	s m æ ʃ t	s t æ ʃ t	1	1	reg_t	reg_t	reg_t
model_template	ɪ n s ɪ s t	ɪ n s ɪ s t ə d	ɪ n s ɪ s t ə d	ɪ ɡ z ɪ s t	ɪ ɡ z ɪ s t ə d	ɪ ɡ z ɪ s t ə d	ɪ n s ɪ s t ə d	1	1	reg_əd	reg_əd	reg_əd
model_template	ɪ ɡ z æ m ɪ n	ɪ ɡ z æ m ɪ n d	ɪ ɡ z æ m ɪ n d	d ɪ t ɹ̩ m ə n	d ɪ t ɹ̩ m ə n d	d ɪ t ɹ̩ m ə n d	ɪ ɡ z æ m ɪ n d	1	1	reg_d	reg_d	reg_d
model_template	b l ɑː s ə m	b l ɑː s ə m d	b l ɑː s ə m d	v æ k j uː m	v æ k j uː m d	v æ k j uː m d	b l ɑː s ə m d	1	1	reg_d	reg_d	reg_d
model_template	r o ʊ p	r o ʊ p t	r o ʊ p t	h ɛ l p	h ɛ l p t	h ɛ l p t	r o ʊ p t	1	1	reg_t	reg_t	reg_t
model_template	p ɪ ŋ	p ɪ ŋ d	p ɪ ŋ d	k uː l	k uː l d	k uː l d	p ɪ ŋ d	1	1	reg_d	reg_d	reg_d
model_template	v o ʊ t	v o ʊ t ə d	v o ʊ t ə d	b o ʊ t	b o ʊ t ə d	b o ʊ t ə d	v o ʊ t ə d	1	1	reg_əd	reg_əd	reg_əd
model_template	n iː r	n iː r d	n iː r d	f iː r	f iː r d	f iː r d	n iː r d	1	1	reg_d	reg_d	reg_d
model_template	t r ʌ s t	t r ʌ s t ə d	t r ʌ s t ə d	t ɪ k ə t	t ɪ k ə t ə d	t ɪ k ə t ə d	t r ʌ s t ə d	1	1	reg_əd	reg_əd	reg_əd
model_template	ɪ n t ɹ̩ s p ɹ̩ s	ɪ n t ɹ̩ s p ɹ̩ s t	ɪ n t ɹ̩ s p ɹ̩ s t ɹ̩ s t ɹ̩ t ɹ̩ t	p r ə ɡ r ɛ s	p r ə ɡ r ɛ s t	p r ə ɡ r ɛ s t	ɪ n t ɹ̩ s p ɹ̩ s t	0	1	reg_t	other	reg_t
model_template	s w uː p	s w uː p t	s w uː p t	s k uː p	s k uː p t	s k uː p t	s w uː p t	1	1	reg_t	reg_t	reg_t
model_template	d͡ʒ e ɪ l	d͡ʒ e ɪ l d	d͡ʒ e ɪ l d	n e ɪ l	n e ɪ l d	n e ɪ l d	d͡ʒ e ɪ l d	1	1	reg_d	reg_d	reg_d
model_template	f e ɪ l	f e ɪ l d	f e ɪ l d	n e ɪ l	n e ɪ l d	n e ɪ l d	f e ɪ l d	1	1	reg_d	reg_d	reg_d
model_template	b ʊ k	b ʊ k t	b ʊ k t	l ʊ k	l ʊ k t	l ʊ k t	b ʊ k t	1	1	reg_t	reg_t	reg_t
model_template	s ɪ f t	s ɪ f t ə d	s ɪ f t ə d	ʃ ɪ f t	ʃ ɪ f t ə d	ʃ ɪ f t ə d	s ɪ f t ə d	1	1	reg_əd	reg_əd	reg_əd
model_template	k a ʊ t͡ʃ	k a ʊ t͡ʃ t	k a ʊ t͡ʃ t	r ɛ n t͡ʃ	r ɛ n t͡ʃ t	r ɛ n t͡ʃ t	k a ʊ t͡ʃ t	1	1	reg_t	reg_t	reg_t
model_template	f r ʌ n t	f r ʌ n t ə d	f r ʌ n t ə d	ɡ r æ n t	ɡ r æ n t ə d	ɡ r æ n t ə d	f r ʌ n t ə d	1	1	reg_əd	reg_əd	reg_əd
model_template	p r ə d uː s	p r ə d uː s t	p r ə d uː s t	k ə n f ɛ s	k ə n f ɛ s t	k ə n f ɛ s t	p r ə d uː s t	1	1	reg_t	reg_t	reg_t
model_template	ʃ e ɪ d	ʃ e ɪ d ə d	ʃ e ɪ d ə d	r e ɪ d	r e ɪ d ə d	r e ɪ d ə d	ʃ e ɪ d ə d	1	1	reg_əd	reg_əd	reg_əd
model_template	d r ɛ n t͡ʃ	d r ɛ n t͡ʃ t	d r ɛ n t͡ʃ t	s k r æ t͡ʃ	s k r æ t͡ʃ t	s k r æ t͡ʃ t	d r ɛ n t͡ʃ t	1	1	reg_t	reg_t	reg_t
model_template	s p l æ t ɹ̩	s p l æ t ɹ̩ d	s p l æ t ɹ̩ d	ʃ o ʊ l d ɹ̩	ʃ o ʊ l d ɹ̩ d	ʃ o ʊ l d ɹ̩ d	s p l æ t ɹ̩ d	1	1	reg_d	reg_d	reg_d
model_template	r iː v j uː	r iː v j uː d	r iː v j uː d	ɪ ɡ n ɔ r	ɪ ɡ n ɔ r d	ɪ ɡ n ɔ r d	r iː v j uː d	1	1	reg_d	reg_d	reg_d
model_template	b ɔ r	b ɔ r d	b ɔ r d	p ɔ r	p ɔ r d	p ɔ r d	b ɔ r d	1	1	reg_d	reg_d	reg_d
model_template	s iː t	s iː t ə d	s iː t ə d	h iː t	h iː t ə d	h iː t ə d	s iː t ə d	1	1	reg_əd	reg_əd	reg_əd
model_template	b ɛ d	b ɛ d ə d	b ɛ d	l ɛ d	l ɛ d	l ɛ d ə d	b ɛ d	1	0	reg_əd	no_change	no_change
model_template	ə n s iː t	ə n s iː t ə d	ə n s iː t ə d	ɪ n s ɹ̩ t	ɪ n s ɹ̩ t ə d	ɪ n s ɹ̩ t ə d	ə n s iː t ə d	1	1	reg_əd	reg_əd	reg_əd
model_template	m ʌ f ə l	m ʌ f ə l d	m ʌ f ə l d	s ɛ t ə l	s ɛ t ə l d	s ɛ t ə l d	m ʌ f ə l d	1	1	reg_d	reg_d	reg_d
model_template	s t ʌ m p	s t ʌ m p t	s t ʌ m p t	s t æ m p	s t æ m p t	s t æ m p t	s t ʌ m p t	1	1	reg_t	reg_t	reg_t
model_template	t r æ n s p l æ n t	t r æ n s p l æ n t ə d	t r æ n s t ə n æ n s t	b æ l ə n s	b æ l ə n s t	b æ l ə n s t	t r æ n s p l æ n t t	0	0	reg_əd	other	reg_t
model_template	v ɪ ʒ w ə l a ɪ z	v ɪ ʒ w ə l a ɪ z d	v ɪ v ə l a ɪ z	a ɪ d ɛ n t ə f a ɪ	a ɪ d ɛ n t ə f a ɪ d	a ɪ d ɛ n t ə f a ɪ d	v ɪ ʒ w ə l a ɪ z d	0	1	reg_d	other	reg_d
model_template	ɡ æ l ə p	ɡ æ l ə p t	ɡ æ l ə p t	s t ɑː m p	s t ɑː m p t	s t ɑː m p t	ɡ æ l ə p t	1	1	reg_t	reg_t	reg_t
model_template	s ʌ l iː	s ʌ l iː d	s ʌ l iː d	s k ɹ̩ iː	s k ɹ̩ iː d	s k ɹ̩ iː d	s ʌ l iː d	1	1	reg_d	reg_d	reg_d
model_template	ə n f o ʊ l d	ə n f o ʊ l d ə d	ə n f o ʊ l d ə d	ɪ k s p æ n d	ɪ k s p æ n d ə d	ɪ k s p æ n d ə d	ə n f o ʊ l d ə d	1	1	reg_əd	reg_əd	reg_əd
model_template	w iː	w iː d	w iː d	p iː	p iː d	p iː d	w iː d	1	1	reg_d	reg_d	reg_d
model_template	ɪ m ə t e ɪ t	ɪ m ə t e ɪ t ə d	ɪ m ə t e ɪ t ə d	ɪ r ɪ t e ɪ t	ɪ r ɪ t e ɪ t ə d	ɪ r ɪ t e ɪ t ə d	ɪ m ə t e ɪ t ə d	1	1	reg_əd	reg_əd	reg_əd
model_template	s w ɹ̩ v	s w ɹ̩ v d	s w ɹ̩ v d	s ɑː l v	s ɑː l v d	s ɑː l v d	s w ɹ̩ v d	1	1	reg_d	reg_d	reg_d
model_template	h iː p	h iː p t	h iː p t	b iː p	b iː p t	b iː p t	h iː p t	1	1	reg_t	reg_t	reg_t
model_template	r iː f j uː ə l	r iː f j uː ə l d	r iː f j uː ə l d	ɪ k s k j uː z	ɪ k s k j uː z d	ɪ k s k j uː z d	r iː f j uː ə l d	1	1	reg_d	reg_d	reg_d
model_template	t͡ʃ æ n t	t͡ʃ æ n t ə d	t͡ʃ æ n t ə d	p æ n t	p æ n t ə d	p æ n t ə d	t͡ʃ æ n t ə d	1	1	reg_əd	reg_əd	reg_əd
model_template	ɡ r o ʊ s	ɡ r o ʊ s t	ɡ r o ʊ s t	ɡ r e ɪ s	ɡ r e ɪ s t	ɡ r e ɪ s t	ɡ r o ʊ s t	1	1	reg_t	reg_t	reg_t
model_template	o ʊ v ɹ̩ f l o ʊ	o ʊ v ɹ̩ f l o ʊ d	o ʊ v ɹ̩ f l o ʊ d	r ɪ z ɛ m b ə l	r ɪ z ɛ m b ə l d	r ɪ z ɛ m b ə l d	o ʊ v ɹ̩ f l o ʊ d	1	1	reg_d	reg_d	reg_d
model_template	s ɔ f ə n	s ɔ f ə n d	s ɔ f ə n d	s iː z ə n	s iː z ə n d	s iː z ə n d	s ɔ f ə n d	1	1	reg_d	reg_d	reg_d
model_template	ə t ɛ m p t	ə t ɛ m p t ə d	ə t ɛ m p t ə d	æ k s ɛ p t	æ k s ɛ p t ə d	æ k s ɛ p t ə d	ə t ɛ m p t ə d	1	1	reg_əd	reg_əd	reg_əd
model_template	r ə f ɹ̩	r ə f ɹ̩ d	r ə f ɹ̩ d	æ n s ɹ̩	æ n s ɹ̩ d	æ n s ɹ̩ d	r ə f ɹ̩ d	1	1	reg_d	reg_d	reg_d
model_template	s m iː r	s m iː r d	s m iː r d	s t ɑː r	s t ɑː r d	s t ɑː r d	s m iː r d	1	1	reg_d	reg_d	reg_d
model_template	ɪ m p r uː v	ɪ m p r uː v d	ɪ m p r uː v d	b ɪ h e ɪ v	b ɪ h e ɪ v d	b ɪ h e ɪ v d	ɪ m p r uː v d	1	1	reg_d	reg_d	reg_d
model_template	ɡ r o ʊ n	ɡ r o ʊ n d	ɡ r o ʊ n d	m ə ʃ iː n	m ə ʃ iː n d	m ə ʃ iː n d	ɡ r o ʊ n d	1	1	reg_d	reg_d	reg_d
model_template	s a ɪ k ə l	s a ɪ k ə l d	s a ɪ k ə l d	m æ ŋ ɡ ə l	m æ ŋ ɡ ə l d	m æ ŋ ɡ ə l d	s a ɪ k ə l d	1	1	reg_d	reg_d	reg_d
model_template	f o ʊ k ə s	f o ʊ k ə s t	f o ʊ k ə s t	ɪ m p r ɛ s	ɪ m p r ɛ s t	ɪ m p r ɛ s t	f o ʊ k ə s t	1	1	reg_t	reg_t	reg_t
model_template	b ɑː s	b ɑː s t	b ɑː s t	l uː s	l uː s t	l uː s t	b ɑː s t	1	1	reg_t	reg_t	reg_t
model_template	ʃ r ɛ d	ʃ r ɛ d ə d	ʃ r ɛ d ə d	b r ɛ d	b r ɛ d ə d	b r ɛ d ə d	ʃ r ɛ d ə d	1	1	reg_əd	reg_əd	reg_əd
model_template	o ʊ v ɹ̩ d uː	o ʊ v ɹ̩ d ɪ d	o ʊ v ɹ̩ d uː d	r ɛ s k j uː	r ɛ s k j uː d	r ɛ s k j uː d	o ʊ v ɹ̩ d uː d	1	0	vowel_change_suffix	reg_d	reg_d
model_template	s k iː	s k iː d	s k iː d	h ɹ̩ iː	h ɹ̩ iː d	h ɹ̩ iː d	s k iː d	1	1	reg_d	reg_d	reg_d
model_template	k ə n t e ɪ n	k ə n t e ɪ n d	k ə n t e ɪ n d	ə n b ʌ t ə n	ə n b ʌ t ə n d	ə n b ʌ t ə n d	k ə n t e ɪ n d	1	1	reg_d	reg_d	reg_d
model_template	n æ v ə ɡ e ɪ t	n æ v ə ɡ e ɪ t ə d	n æ v ə ɡ e ɪ t ə d	ɪ n d ə k e ɪ t	ɪ n d ə k e ɪ t ə d	ɪ n d ə k e ɪ t ə d	n æ v ə ɡ e ɪ t ə d	1	1	reg_əd	reg_əd	reg_əd
model_template	r ɪ p ɛ l	r ɪ p ɛ l d	r ɪ p ɛ l	b r e ɪ k	b r e ɪ k	b r o ʊ k	r ɪ p ɛ l	1	0	reg_d	no_change	no_change
model_template	m ʌ t ɹ̩	m ʌ t ɹ̩ d	m ʌ t ɹ̩ d	m æ t ɹ̩	m æ t ɹ̩ d	m æ t ɹ̩ d	m ʌ t ɹ̩ d	1	1	reg_d	reg_d	reg_d
model_template	b r iː d	b r ɛ d	b r iː d ə d	b r ɛ d	b r ɛ d ə d	b r ɛ d ə d	b r iː d ə d	1	0	vowel_change	reg_əd	reg_əd
model_template	t æ l iː	t æ l iː d	t æ l iː d	b ɛ r iː	b ɛ r iː d	b ɛ r iː d	t æ l iː d	1	1	reg_d	reg_d	reg_d
model_template	m æ ɡ n ə f a ɪ	m æ ɡ n ə f a ɪ d	m æ ɡ n ə f a ɪ d	k ə n d ɪ ʃ ə n	k ə n d ɪ ʃ ə n d	k ə n d ɪ ʃ ə n d	m æ ɡ n ə f a ɪ d	1	1	reg_d	reg_d	reg_d
model_template	w e ɪ d	w e ɪ d ə d	w e ɪ d ə d	f e ɪ d	f e ɪ d ə d	f e ɪ d ə d	w e ɪ d ə d	1	1	reg_əd	reg_əd	reg_əd
model_template	l æ p	l æ p t	l æ p t	t͡ʃ ɑː p	t͡ʃ ɑː p t	t͡ʃ ɑː p t	l æ p t	1	1	reg_t	reg_t	reg_t
model_template	l ɑː p	l ɑː p t	l ɑː p t	t ɑː p	t ɑː p t	t ɑː p t	l ɑː p t	1	1	reg_t	reg_t	reg_t
model_template	b ɑː m	b ɑː m d	b ɑː m d	k ɑː m	k ɑː m d	k ɑː m d	b ɑː m d	1	1	reg_d	reg_d	reg_d
model_template	ə b z ɹ̩ v	ə b z ɹ̩ v d	ə b z ɹ̩ v d	d ɪ z ɹ̩ v	d ɪ z ɹ̩ v d	d ɪ z ɹ̩ v d	ə b z ɹ̩ v d	1	1	reg_d	reg_d	reg_d
model_template	w iː n	w iː n d	w iː n d	l iː n	l iː n d	l iː n d	w iː n d	1	1	reg_d	reg_d	reg_d
model_template	r iː r	r iː r d	r iː r d	h iː r	h iː r d	h ɹ̩ d	r iː r d	1	1	reg_d	reg_d	reg_d
model_template	r æ ʃ ə n	r æ ʃ ə n d	r æ ʃ ə n d	m ə ʃ iː n	m ə ʃ iː n d	m ə ʃ iː n d	r æ ʃ ə n d	1	1	reg_d	reg_d	reg_d
model_template	ə d ɪ k t	ə d ɪ k t ə d	ə d ɪ k t ə d	ɪ d͡ʒ ɛ k t	ɪ d͡ʒ ɛ k t ə d	ɪ d͡ʒ ɛ k t ə d	ə d ɪ k t ə d	1	1	reg_əd	reg_əd	reg_əd
model_template	b ʌ n d ə l	b ʌ n d ə l d	b ʌ n d ə l d	ɡ r æ p ə l	ɡ r æ p ə l d	ɡ r æ p ə l d	b ʌ n d ə l d	1	1	reg_d	reg_d	reg_d
model_template	m ə t j ʊ r	m ə t j ʊ r d	m ə t j ʊ r d	r iː ə ʃ ʊ r	r iː ə ʃ ʊ r d	r iː ə ʃ ʊ r d	m ə t j ʊ r d	1	1	reg_d	reg_d	reg_d
model_template	f l ɹ̩ t	f l ɹ̩ t ə d	f l ɹ̩ t ə d	d ɑː r t	d ɑː r t ə d	d ɑː r t ə d	f l ɹ̩ t ə d	1	1	reg_əd	reg_əd	reg_əd
model_template	ɪ n k ɔ r p ɹ̩ e ɪ t	ɪ n k ɔ r p ɹ̩ e ɪ t ə d	ɪ n p ɹ̩ r e ɪ t ə d	h ɛ d͡ʒ	h ɛ d͡ʒ d	h ɛ d͡ʒ d	ɪ n k ɔ r p ɹ̩ e ɪ t d	0	0	reg_əd	other	reg_d
model_template	f r ʌ s t r e ɪ t	f r ʌ s t r e ɪ t ə d	f r ʌ s t r e ɪ t ə d	ɪ l ə s t r e ɪ t	ɪ l ə s t r e ɪ t ə d	ɪ l ə s t r e ɪ t ə d	f r ʌ s t r e ɪ t ə d	1	1	reg_əd	reg_əd	reg_əd
model_template	d ɪ f a ɪ n	d ɪ f a ɪ n d	d ɪ f a ɪ n d	s p r e ɪ n	s p r e ɪ n d	s p r e ɪ n d	d ɪ f a ɪ n d	1	1	reg_d	reg_d	reg_d
model_template	b r e ɪ v	b r e ɪ v d	b r e ɪ v d	d ɹ̩ a ɪ v	d ɹ̩ a ɪ v d	d ɹ̩ a ɪ v d	b r e ɪ v d	1	1	reg_d	reg_d	reg_d
model_template	ɪ n k w a ɪ ɹ̩	ɪ n k w a ɪ ɹ̩ d	ɪ n k w a ɪ ɹ̩ d	ɪ k s p a ɪ ɹ̩	ɪ k s p a ɪ ɹ̩ d	ɪ k s p a ɪ ɹ̩ d	ɪ n k w a ɪ ɹ̩ d	1	1	reg_d	reg_d	reg_d
model_template	b ʌ s	b ʌ s t	b ʌ s t	a ɪ s	a ɪ s t	a ɪ s t	b ʌ s t	1	1	reg_t	reg_t	reg_t
model_template	p ə z ɪ ʃ ə n	p ə z ɪ ʃ ə n d	p ə z ɪ ʃ ə n d	k ə n d ɪ ʃ ə n	k ə n d ɪ ʃ ə n d	k ə n d ɪ ʃ ə n d	p ə z ɪ ʃ ə n d	1	1	reg_d	reg_d	reg_d
model_template_chosen	iː t	e ɪ t	iː t ə t	æ d	æ d ə d	æ d ə d	iː t ə d	0	0	vowel_change	other	reg_əd
model_template_chosen	m e ɪ k	m e ɪ d	m e ɪ k t	r e ɪ k	r e ɪ k t	r e ɪ k t	m e ɪ k t	1	0	coda_change	reg_t	reg_t
model_template_chosen	n o ʊ	n uː	n o ʊ d	s o ʊ	s o ʊ d	s o ʊ d	n o ʊ d	1	0	vowel_change	reg_d	reg_d
model_template_chosen	f ɔ l	f ɛ l	f ɔ l d	f uː l	f uː l d	f uː l d	f ɔ l d	1	0	vowel_change	reg_d	reg_d
model_template_chosen	b r ɪ ŋ	b r ɔ t	b r ɪ ŋ	k w ɪ t	k w ɪ t	k w ɪ t	b r ɪ ŋ	1	0	rhyme_replaced	no_change	no_change
model_template_chosen	s t ɑː r t	s t ɑː r t ə d	s t ɑː r t ə d	s m ɑː r t	s m ɑː r t ə d	s m ɑː r t ə d	s t ɑː r t ə d	1	1	reg_əd	reg_əd	reg_əd
model_template_chosen	t e ɪ k	t ʊ k	t e ɪ k t	r e ɪ k	r e ɪ k t	r e ɪ k t	t e ɪ k t	1	0	vowel_change	reg_t	reg_t
model_template_chosen	h e ɪ t	h e ɪ t ə d	h e ɪ t ə d	w e ɪ t	w e ɪ t ə d	w e ɪ t ə d	h e ɪ t ə d	1	1	reg_əd	reg_əd	reg_əd
model_template_chosen	r a ɪ t	r o ʊ t	r o ʊ t ə d	r a ɪ d	r o ʊ d	r o ʊ d	NA	0	0	vowel_change	other	vowel_change
model_template_chosen	f ɪ t	f ɪ t	f ɪ t ə d	n ɪ t	n ɪ t ə d	n ɪ t ə d	f ɪ t ə d	1	0	no_change	reg_əd	reg_əd
model_template_chosen	d a ɪ n	d a ɪ n d	d a ɪ n d	f a ɪ n	f a ɪ n d	f a ɪ n d	d a ɪ n d	1	1	reg_d	reg_d	reg_d
model_template_chosen	m ɪ s	m ɪ s t	m ɪ s t	k ɪ s	k ɪ s t	k ɪ s t	m ɪ s t	1	1	reg_t	reg_t	reg_t
model_template_chosen	n ɑː k	n ɑː k t	n ɑː k t	l ɑː k	l ɑː k t	l ɑː k t	n ɑː k t	1	1	reg_t	reg_t	reg_t
model_template_chosen	n iː d	n iː d ə d	n iː d ə d	w iː d	w iː d ə d	w iː d ə d	n iː d ə d	1	1	reg_əd	reg_əd	reg_əd
model_template_chosen	m uː v	m uː v d	m uː v d	s ɹ̩ v	s ɹ̩ v d	s ɹ̩ v d	m uː v d	1	1	reg_d	reg_d	reg_d
model_template_chosen	f l ɪ p	f l ɪ p t	f l ɪ p t	f l æ p	f l æ p t	f l æ p t	f l ɪ p t	1	1	reg_t	reg_t	reg_t
model_template_chosen	r ɛ d iː	r ɛ d iː d	r ɛ d iː d	h ɛ r iː	h ɛ r iː d	h ɛ r iː d	r ɛ d iː d	1	1	reg_d	reg_d	reg_d
model_template_chosen	z ɪ p	z ɪ p t	z ɪ p t	w ɪ p	w ɪ p t	w ɪ p t	z ɪ p t	1	1	reg_t	reg_t	reg_t
model_template_chosen	f a ɪ t	f ɔ t	f a ɪ t ə d	w a ɪ t	w a ɪ t ə d	w a ɪ t ə d	f a ɪ t ə d	1	0	vowel_change	reg_əd	reg_əd
model_template_chosen	k æ t͡ʃ	k ɔ t	k æ t͡ʃ t	h æ t͡ʃ	h æ t͡ʃ t	h æ t͡ʃ t	k æ t͡ʃ t	1	0	rhyme_replaced	reg_t	reg_t
model_template_chosen	f l o ʊ t	f l o ʊ t ə d	f l o ʊ t ə d	b l o ʊ t	b l o ʊ t ə d	b l o ʊ t ə d	f l o ʊ t ə d	1	1	reg_əd	reg_əd	reg_əd
model_template_chosen	w ɪ ʃ	w ɪ ʃ t	w ɪ ʃ t	d ɪ ʃ	d ɪ ʃ t	d ɪ ʃ t	w ɪ ʃ t	1	1	reg_t	reg_t	reg_t
model_template_chosen	ʃ e ɪ k	ʃ ʊ k	ʃ e ɪ k t	r e ɪ k	r e ɪ k t	r e ɪ k t	ʃ e ɪ k t	1	0	vowel_change	reg_t	reg_t
model_template_chosen	k ɪ k	k ɪ k t	k ɪ k t	e ɪ k	e ɪ k t	e ɪ k t	k ɪ k t	1	1	reg_t	reg_t	reg_t
model_template_chosen	t͡ʃ e ɪ n d͡ʒ	t͡ʃ e ɪ n d͡ʒ d	t͡ʃ e ɪ n d͡ʒ d	s t e ɪ d͡ʒ	s t e ɪ d͡ʒ d	s t e ɪ d͡ʒ d	t͡ʃ e ɪ n d͡ʒ d	1	1	reg_d	reg_d	reg_d
model_template_chosen	θ r o ʊ	θ r uː	θ r o ʊ d	f l o ʊ	f l o ʊ d	f l o ʊ d	θ r o ʊ d	1	0	vowel_change	reg_d	reg_d
model_template_chosen	b æ k	b æ k t	b æ k t	w æ k	w æ k t	w æ k t	b æ k t	1	1	reg_t	reg_t	reg_t
model_template_chosen	f l æ ʃ	f l æ ʃ t	f l æ ʃ t	f l ʌ ʃ	f l ʌ ʃ t	f l ʌ ʃ t	f l æ ʃ t	1	1	reg_t	reg_t	reg_t
model_template_chosen	ɡ r o ʊ	ɡ r uː	ɡ r o ʊ d	f l o ʊ	f l o ʊ d	f l o ʊ d	ɡ r o ʊ d	1	0	vowel_change	reg_d	reg_d
model_template_chosen	s m a ɪ l	s m a ɪ l d	s m a ɪ l d	s p ɔ ɪ l	s p ɔ ɪ l d	s p ɔ ɪ l d	s m a ɪ l d	1	1	reg_d	reg_d	reg_d
model_template_chosen	s t ɑː p	s t ɑː p t	s t ɑː p t	s t ɛ p	s t ɛ p t	s t ɛ p t	s t ɑː p t	1	1	reg_t	reg_t	reg_t
model_template_chosen	s t ɹ̩	s t ɹ̩ d	s t ɹ̩ d	ɔ f ɹ̩	ɔ f ɹ̩ d	ɔ f ɹ̩ d	s t ɹ̩ d	1	1	reg_d	reg_d	reg_d
model_template_chosen	t͡ʃ uː	t͡ʃ uː d	t͡ʃ o ʊ t͡ʃ t	d r ɔ	d r uː	d r uː	NA	0	0	reg_d	rhyme_replaced	vowel_change
model_template_chosen	d r ɛ s	d r ɛ s t	d r ɛ s t	p r ɛ s	p r ɛ s t	p r ɛ s t	d r ɛ s t	1	1	reg_t	reg_t	reg_t
model_template_chosen	ə n d ɹ̩ s t æ n d	ə n d ɹ̩ s t ʊ d	ə n d ɹ̩ s t æ n d	d ɪ f ɛ n d	d ɪ f ɛ n d ə d	d ɪ f ɛ n d ə d	ə n d ɹ̩ s t æ n d ə d	0	0	rhyme_replaced	no_change	reg_əd
model_template_chosen	t͡ʃ e ɪ s	t͡ʃ e ɪ s t	t͡ʃ e ɪ s t	r e ɪ s	r e ɪ s t	r e ɪ s t	t͡ʃ e ɪ s t	1	1	reg_t	reg_t	reg_t
model_template_chosen	h ʌ ɡ	h ʌ ɡ d	h ʌ ɡ d	t ʌ ɡ	t ʌ ɡ d	t ʌ ɡ d	h ʌ ɡ d	1	1	reg_d	reg_d	reg_d
model_template_chosen	h ɪ t	h ɪ t	h ɪ t	ʃ ʌ t	ʃ ʌ t	ʃ ʌ t	h ɪ t	1	1	no_change	no_change	no_change
model_template_chosen	h æ m ɹ̩	h æ m ɹ̩ d	h æ m ɹ̩ d	s ɪ m ɹ̩	s ɪ m ɹ̩ d	s ɪ m ɹ̩ d	h æ m ɹ̩ d	1	1	reg_d	reg_d	reg_d
model_template_chosen	w a ɪ n d	w a ɪ n d ə d	w a ʊ n d	f a ɪ n d	f a ʊ n d	f a ʊ n d	w a ʊ n d	1	0	reg_əd	vowel_change	vowel_change
model_template_chosen	k ə n s t r ʌ k t	k ə n s t r ʌ k t ə d	k ə n s t r ʌ k t ə d	ɪ l ə s t r e ɪ t	ɪ l ə s t r e ɪ t ə d	ɪ l ə s t r e ɪ t ə d	k ə n s t r ʌ k t ə d	1	1	reg_əd	reg_əd	reg_əd
model_template_chosen	m iː t	m ɛ t	m iː t ə d	h iː t	h iː t ə d	h iː t ə d	m iː t ə d	1	0	vowel_change	reg_əd	reg_əd
model_template_chosen	s w ɪ ʃ	s w ɪ ʃ t	s w ɪ ʃ t	s m æ ʃ	s m æ ʃ t	s m æ ʃ t	s w ɪ ʃ t	1	1	reg_t	reg_t	reg_t
model_template_chosen	s k w iː z	s k w iː z d	s k w iː z d	k l o ʊ z	k l o ʊ z d	k l o ʊ z d	s k w iː z d	1	1	reg_d	reg_d	reg_d
model_template_chosen	t͡ʃ ʌ ɡ	t͡ʃ ʌ ɡ d	t͡ʃ ʌ ɡ d	t ʌ ɡ	t ʌ ɡ d	t ʌ ɡ d	t͡ʃ ʌ ɡ d	1	1	reg_d	reg_d	reg_d
model_template_chosen	b r æ n t͡ʃ	b r æ n t͡ʃ t	b r æ n t͡ʃ t	s k r æ t͡ʃ	s k r æ t͡ʃ t	s k r æ t͡ʃ t	b r æ n t͡ʃ t	1	1	reg_t	reg_t	reg_t
model_template_chosen	n o ʊ t ɪ s	n o ʊ t ɪ s t	n o ʊ t ɪ s t	ə n a ʊ n s	ə n a ʊ n s t	ə n a ʊ n s t	n o ʊ t ɪ s t	1	1	reg_t	reg_t	reg_t
model_template_chosen	b e ɪ k	b e ɪ k t	b e ɪ k t	r e ɪ k	r e ɪ k t	r e ɪ k t	b e ɪ k t	1	1	reg_t	reg_t	reg_t
model_template_chosen	s n æ p	s n æ p t	s n æ p t	s t ɛ p	s t ɛ p t	s t ɛ p t	s n æ p t	1	1	reg_t	reg_t	reg_t
model_template_chosen	s w ɪ m	s w æ m	s w ɪ m d	s k ɪ m	s k ɪ m d	s k ɪ m d	s w ɪ m d	1	0	vowel_change	reg_d	reg_d
model_template_chosen	ʃ ʌ t ə l	ʃ ʌ t ə l d	ʃ ʌ t ə l d	s ɛ t ə l	s ɛ t ə l d	s ɛ t ə l d	ʃ ʌ t ə l d	1	1	reg_d	reg_d	reg_d
model_template_chosen	ə p r iː ʃ iː e ɪ t	ə p r iː ʃ iː e ɪ t ə d	ə p r iː ʃ iː e ɪ t ə d	ɪ v æ l j uː e ɪ t	ɪ v æ l j uː e ɪ t ə d	ɪ v æ l j uː e ɪ t ə d	ə p r iː ʃ iː e ɪ t ə d	1	1	reg_əd	reg_əd	reg_əd
model_template_chosen	s m uː ð	s m uː ð d	s m uː ð d	b e ɪ ð	b e ɪ ð d	b e ɪ ð d	s m uː ð d	1	1	reg_d	reg_d	reg_d
model_template_chosen	s t ɛ r	s t ɛ r d	s t ɛ r d	s p ɛ r	s p ɛ r d	s p ɛ r d	s t ɛ r d	1	1	reg_d	reg_d	reg_d
model_template_chosen	k ɑː s t uː m	k ɑː s t uː m d	k ɑː s t uː m d	m ʌ ʃ r uː m	m ʌ ʃ r uː m d	m ʌ ʃ r uː m d	k ɑː s t uː m d	1	1	reg_d	reg_d	reg_d
model_template_chosen	ɡ uː f	ɡ uː f t	ɡ uː f t	p ʌ f	p ʌ f t	p ʌ f t	ɡ uː f t	1	1	reg_t	reg_t	reg_t
model_template_chosen	d r a ʊ n	d r a ʊ n d	d r a ʊ n d	b r a ʊ n	b r a ʊ n d	b r a ʊ n d	d r a ʊ n d	1	1	reg_d	reg_d	reg_d
model_template_chosen	n ɹ̩ s	n ɹ̩ s t	n ɹ̩ s t	l uː s	l uː s t	l uː s t	n ɹ̩ s t	1	1	reg_t	reg_t	reg_t
model_template_chosen	k r a ɪ	k r a ɪ d	k r a ɪ d	f r a ɪ	f r a ɪ d	f r a ɪ d	k r a ɪ d	1	1	reg_d	reg_d	reg_d
model_template_chosen	iː v ɪ n	iː v ɪ n d	iː v ɪ n d	f a ɪ n	f a ɪ n d	f a ɪ n d	iː v ɪ n d	1	1	reg_d	reg_d	reg_d
model_template_chosen	m a ɪ n	m a ɪ n d	m a ɪ n d	ʃ a ɪ n	ʃ a ɪ n d	ʃ a ɪ n d	m a ɪ n d	1	1	reg_d	reg_d	reg_d
model_template_chosen	b ɪ ɡ ɪ n	b ɪ ɡ æ n	b ɪ ɡ e ɪ n	f ɹ̩ ɡ ɪ v	f ɹ̩ ɡ e ɪ v	f ɹ̩ ɡ e ɪ v	NA	0	0	vowel_change	vowel_change	vowel_change
model_template_chosen	s p æ ŋ k	s p æ ŋ k t	s p æ ŋ k t	s k w iː k	s k w iː k t	s k w iː k t	s p æ ŋ k t	1	1	reg_t	reg_t	reg_t
model_template_chosen	t͡ʃ ɪ p	t͡ʃ ɪ p t	t͡ʃ ɪ p t	w ɪ p	w ɪ p t	w ɪ p t	t͡ʃ ɪ p t	1	1	reg_t	reg_t	reg_t
model_template_chosen	s p iː k	s p o ʊ k	s p ɛ k t	s p iː d	s p ɛ d	s p ɛ d	NA	0	0	vowel_change	vowel_change_suffix	vowel_change
model_template_chosen	s w ɪ t͡ʃ	s w ɪ t͡ʃ t	s w ɪ t͡ʃ t	s n æ t͡ʃ	s n æ t͡ʃ t	s n æ t͡ʃ t	s w ɪ t͡ʃ t	1	1	reg_t	reg_t	reg_t
model_template_chosen	f a ɪ ɹ̩	f a ɪ ɹ̩ d	f a ɪ ɹ̩ d	f ɛ ð ɹ̩	f ɛ ð ɹ̩ d	f ɛ ð ɹ̩ d	f a ɪ ɹ̩ d	1	1	reg_d	reg_d	reg_d
model_template_chosen	b ɪ l	b ɪ l d	b ɪ l d	w ɪ l	w ɪ l d	w ɪ l d	b ɪ l d	1	1	reg_d	reg_d	reg_d
model_template_chosen	r iː m a ɪ n d	r iː m a ɪ n d ə d	r iː m a ʊ n d ə d	ə n w a ɪ n d	ə n w a ʊ n d	ə n w a ʊ n d	r iː m a ʊ n d	0	0	reg_əd	other	vowel_change
model_template_chosen	s iː d	s iː d ə d	s iː d ə d	w iː d	w iː d ə d	w iː d ə d	s iː d ə d	1	1	reg_əd	reg_əd	reg_əd
model_template_chosen	w e ɪ v	w e ɪ v d	w e ɪ v d	s e ɪ v	s e ɪ v d	s e ɪ v d	w e ɪ v d	1	1	reg_d	reg_d	reg_d
model_template_chosen	b l uː m	b l uː m d	b l uː m d	s l æ m	s l æ m d	s l æ m d	b l uː m d	1	1	reg_d	reg_d	reg_d
model_template_chosen	s t ɪ ŋ	s t ʌ ŋ	s t ɪ ŋ	l ɪ s t	l ɪ s t	l ɪ s t	s t ɪ ŋ	1	0	vowel_change	no_change	no_change
model_template_chosen	ə r a ɪ v	ə r a ɪ v d	ə r a ɪ v d	d ɹ̩ a ɪ v	d ɹ̩ a ɪ v d	d ɹ̩ a ɪ v d	ə r a ɪ v d	1	1	reg_d	reg_d	reg_d
model_template_chosen	b l ɛ s	b l ɛ s t	b l ɛ s t	f ɔ r s	f ɔ r s t	f ɔ r s t	b l ɛ s t	1	1	reg_t	reg_t	reg_t
model_template_chosen	ə r ɛ s t	ə r ɛ s t ə d	ə r ɛ s t ə d	t w ɪ s t	t w ɪ s t ə d	t w ɪ s t ə d	ə r ɛ s t ə d	1	1	reg_əd	reg_əd	reg_əd
model_template_chosen	s p ɪ n	s p ʌ n	s p ɪ n d	s t ʌ n	s t ʌ n d	s t ʌ n d	s p ɪ n d	1	0	vowel_change	reg_d	reg_d
model_template_chosen	k ə m p iː t	k ə m p iː t ə d	k ə m p iː t ə d	m ɑː r k ə t	m ɑː r k ə t ə d	m ɑː r k ə t ə d	k ə m p iː t ə d	1	1	reg_əd	reg_əd	reg_əd
model_template_chosen	t r e ɪ n	t r e ɪ n d	t r e ɪ n d	p l e ɪ n	p l e ɪ n d	p l e ɪ n d	t r e ɪ n d	1	1	reg_d	reg_d	reg_d
model_template_chosen	p æ s	p æ s t	p æ s t	ɡ æ s	ɡ æ s t	ɡ æ s t	p æ s t	1	1	reg_t	reg_t	reg_t
model_template_chosen	s ɪ ŋ k	s æ ŋ k	s ɪ ŋ k t	j æ ŋ k	j æ ŋ k t	j æ ŋ k t	s ɪ ŋ k t	1	0	vowel_change	reg_t	reg_t
model_template_chosen	l uː p	l uː p t	l uː p t	w uː p	w uː p t	w uː p t	l uː p t	1	1	reg_t	reg_t	reg_t
model_template_chosen	s ə l ɛ k t	s ə l ɛ k t ə d	s ə l ɛ k t ə d	k ə l ɛ k t	k ə l ɛ k t ə d	k ə l ɛ k t ə d	s ə l ɛ k t ə d	1	1	reg_əd	reg_əd	reg_əd
model_template_chosen	r ɪ ŋ	r æ ŋ	r ɪ ŋ	h æ ŋ	h æ ŋ	h ʌ ŋ	r ɪ ŋ	1	0	vowel_change	no_change	no_change
model_template_chosen	m e ɪ l	m e ɪ l d	m e ɪ l d	w e ɪ l	w e ɪ l d	w e ɪ l d	m e ɪ l d	1	1	reg_d	reg_d	reg_d
model_template_chosen	p æ t	p æ t ə d	p æ t ə d	p ɪ t	p ɪ t ə d	p ɪ t ə d	p æ t ə d	1	1	reg_əd	reg_əd	reg_əd
model_template_chosen	k ɪ d	k ɪ d ə d	k ɪ d	r ɪ d	r ɪ d	r ɪ d	k ɪ d	1	0	reg_əd	no_change	no_change
model_template_chosen	p ɑː r d ə n	p ɑː r d ə n d	p ɑː r d ə n d	p ɔ ɪ z ə n	p ɔ ɪ z ə n d	p ɔ ɪ z ə n d	p ɑː r d ə n d	1	1	reg_d	reg_d	reg_d
model_template_chosen	s t iː r	s t iː r d	s t iː r d	s t ɑː r	s t ɑː r d	s t ɑː r d	s t iː r d	1	1	reg_d	reg_d	reg_d
model_template_chosen	f o ʊ l d	f o ʊ l d ə d	f o ʊ l d ə d	m o ʊ l d	m o ʊ l d ə d	m o ʊ l d ə d	f o ʊ l d ə d	1	1	reg_əd	reg_əd	reg_əd
model_template_chosen	s n iː k	s n iː k t	s n iː k t	s t ɑː k	s t ɑː k t	s t ɑː k t	s n iː k t	1	1	reg_t	reg_t	reg_t
model_template_chosen	b e ɪ l	b e ɪ l d	b e ɪ l d	w e ɪ l	w e ɪ l d	w e ɪ l d	b e ɪ l d	1	1	reg_d	reg_d	reg_d
model_template_chosen	b ɛ t ɹ̩	b ɛ t ɹ̩ d	b ɛ t ɹ̩ d	b ʌ t ɹ̩	b ʌ t ɹ̩ d	b ʌ t ɹ̩ d	b ɛ t ɹ̩ d	1	1	reg_d	reg_d	reg_d
model_template_chosen	ɡ ɑː r b ə l	ɡ ɑː r b ə l d	ɡ ɑː r b ə l d	m ɑː r b ə l	m ɑː r b ə l d	m ɑː r b ə l d	ɡ ɑː r b ə l d	1	1	reg_d	reg_d	reg_d
model_template_chosen	s k w ɹ̩ t	s k w ɹ̩ t ə d	s k w ɹ̩ t ə d	ɪ n s ɹ̩ t	ɪ n s ɹ̩ t ə d	ɪ n s ɹ̩ t ə d	s k w ɹ̩ t ə d	1	1	reg_əd	reg_əd	reg_əd
model_template_chosen	b ɑː k s	b ɑː k s t	b ɑː k s t	w æ k s	w æ k s t	w æ k s t	b ɑː k s t	1	1	reg_t	reg_t	reg_t
model_template_chosen	s iː l	s iː l d	s iː l d	p iː l	p iː l d	p iː l d	s iː l d	1	1	reg_d	reg_d	reg_d
model_template_chosen	s p r ɛ d	s p r ɛ d	s p r ɛ d ə d	b r æ n d	b r æ n d ə d	b r æ n d ə d	s p r ɛ d ə d	1	0	no_change	reg_əd	reg_əd
model_template_chosen	p r ɑː m ə s	p r ɑː m ə s t	p r ɑː m ə s t	h ɑː r n ə s	h ɑː r n ə s t	h ɑː r n ə s t	p r ɑː m ə s t	1	1	reg_t	reg_t	reg_t
model_template_chosen	b iː t	b iː t	b iː t ə d	t͡ʃ iː t	t͡ʃ iː t ə d	t͡ʃ iː t ə d	b iː t ə d	1	0	no_change	reg_əd	reg_əd
model_template_chosen	h ɪ p n ə t a ɪ z	h ɪ p n ə t a ɪ z d	h ɪ p n ə t a ɪ z d	s ɪ m b ə l a ɪ z	s ɪ m b ə l a ɪ z d	s ɪ m b ə l a ɪ z d	h ɪ p n ə t a ɪ z d	1	1	reg_d	reg_d	reg_d
model_template_chosen	s l æ p	s l æ p t	s l æ p t	s t ɛ p	s t ɛ p t	s t ɛ p t	s l æ p t	1	1	reg_t	reg_t	reg_t
model_template_chosen	b ɛ s t	b ɛ s t ə d	b ɛ s t ə d	t ɛ s t	t ɛ s t ə d	t ɛ s t ə d	b ɛ s t ə d	1	1	reg_əd	reg_əd	reg_əd
model_template_chosen	s t æ ɡ ɹ̩	s t æ ɡ ɹ̩ d	s t æ ɡ ɹ̩ d	f ɪ ŋ ɡ ɹ̩	f ɪ ŋ ɡ ɹ̩ d	f ɪ ŋ ɡ ɹ̩ d	s t æ ɡ ɹ̩ d	1	1	reg_d	reg_d	reg_d
model_template_chosen	z æ p	z æ p t	z æ p t	n æ p	n æ p t	n æ p t	z æ p t	1	1	reg_t	reg_t	reg_t
model_template_chosen	ə p s ɛ t	ə p s ɛ t	ə p s ɛ t	ɔ f s ɛ t	ɔ f s ɛ t	ɔ f s ɛ t	ə p s ɛ t	1	1	no_change	no_change	no_change
model_template_chosen	r ɛ s t	r ɛ s t ə d	r ɛ s t ə d	r ʌ s t	r ʌ s t ə d	r ʌ s t ə d	r ɛ s t ə d	1	1	reg_əd	reg_əd	reg_əd
model_template_chosen	s p l æ ʃ	s p l æ ʃ t	s p l æ ʃ t	f l ɹ̩ ɪ ʃ	f l ɹ̩ ɪ ʃ t	f l ɹ̩ ɪ ʃ t	s p l æ ʃ t	1	1	reg_t	reg_t	reg_t
model_template_chosen	l a ɪ n	l a ɪ n d	l a ɪ n d	ʃ a ɪ n	ʃ a ɪ n d	ʃ a ɪ n d	l a ɪ n d	1	1	reg_d	reg_d	reg_d
model_template_chosen	ə n d uː	ə n d ɪ d	ə n d uː d	s k r uː	s k r uː d	s k r uː d	ə n d uː d	1	0	vowel_change_suffix	reg_d	reg_d
model_template_chosen	p ɛ n	p ɛ n d	p ɛ n d	f æ n	f æ n d	f æ n d	p ɛ n d	1	1	reg_d	reg_d	reg_d
model_template_chosen	ɛ d ə t	ɛ d ə t ə d	ɛ d ə t ə d	d a ʊ t	d a ʊ t ə d	d a ʊ t ə d	ɛ d ə t ə d	1	1	reg_əd	reg_əd	reg_əd
model_template_chosen	ɪ k s p l ɔ r	ɪ k s p l ɔ r d	ɪ k s p l ɔ r d	ɪ n t ɹ̩ f ɪ r	ɪ n t ɹ̩ f ɪ r d	ɪ n t ɹ̩ f ɪ r d	ɪ k s p l ɔ r d	1	1	reg_d	reg_d	reg_d
model_template_chosen	ə s uː m	ə s uː m d	ə s uː m d	ʃ e ɪ m	ʃ e ɪ m d	ʃ e ɪ m d	ə s uː m d	1	1	reg_d	reg_d	reg_d
model_template_chosen	s p r e ɪ	s p r e ɪ d	s p r e ɪ d	r iː p e ɪ	r iː p e ɪ d	r iː p e ɪ d	s p r e ɪ d	1	1	reg_d	reg_d	reg_d
model_template_chosen	l o ʊ ɹ̩	l o ʊ ɹ̩ d	l o ʊ ɹ̩ d	p a ʊ ɹ̩	p a ʊ ɹ̩ d	p a ʊ ɹ̩ d	l o ʊ ɹ̩ d	1	1	reg_d	reg_d	reg_d
model_template_chosen	d æ m	d æ m d	d æ m d	θ ʌ m	θ ʌ m d	θ ʌ m d	d æ m d	1	1	reg_d	reg_d	reg_d
model_template_chosen	r ʌ ʃ	r ʌ ʃ t	r æ ʃ t	r ʌ n	r æ n	r æ n	NA	0	0	reg_t	vowel_change_suffix	vowel_change
model_template_chosen	p l ʌ ɡ	p l ʌ ɡ d	p l ʌ ɡ d	s l ʌ ɡ	s l ʌ ɡ d	s l ʌ ɡ d	p l ʌ ɡ d	1	1	reg_d	reg_d	reg_d
model_template_chosen	ə d m ɪ t	ə d m ɪ t ə d	ə d m ɪ t ə d	k ə m ɪ t	k ə m ɪ t ə d	k ə m ɪ t ə d	ə d m ɪ t ə d	1	1	reg_əd	reg_əd	reg_əd
model_template_chosen	ə n t a ɪ	ə n t a ɪ d	ə n t a ɪ d	ɛ n d͡ʒ ɔ ɪ	ɛ n d͡ʒ ɔ ɪ d	ɛ n d͡ʒ ɔ ɪ d	ə n t a ɪ d	1	1	reg_d	reg_d	reg_d
model_template_chosen	b ʌ k ə l	b ʌ k ə l d	b ʌ k ə l d	b ʌ b ə l	b ʌ b ə l d	b ʌ b ə l d	b ʌ k ə l d	1	1	reg_d	reg_d	reg_d
model_template_chosen	s w uː ʃ	s w uː ʃ t	s w uː ʃ t	s m æ ʃ	s m æ ʃ t	s m æ ʃ t	s w uː ʃ t	1	1	reg_t	reg_t	reg_t
model_template_chosen	ə r a ɪ z	ə r o ʊ z	ə r a ɪ z d	p r a ɪ z	p r a ɪ z d	p r a ɪ z d	ə r a ɪ z d	1	0	vowel_change	reg_d	reg_d
model_template_chosen	s o ʊ k	s o ʊ k t	s o ʊ k t	p o ʊ k	p o ʊ k t	p o ʊ k t	s o ʊ k t	1	1	reg_t	reg_t	reg_t
model_template_chosen	t r æ p	t r æ p t	t r æ p t	t r ɪ p	t r ɪ p t	t r ɪ p t	t r æ p t	1	1	reg_t	reg_t	reg_t
model_template_chosen	p a ɪ l	p a ɪ l d	p a ɪ l d	t a ɪ l	t a ɪ l d	t a ɪ l d	p a ɪ l d	1	1	reg_d	reg_d	reg_d
model_template_chosen	ɪ k s p l o ʊ d	ɪ k s p l o ʊ d ə d	ɪ k s p l o ʊ d ə d	d a ʊ n l o ʊ d	d a ʊ n l o ʊ d ə d	d a ʊ n l o ʊ d ə d	ɪ k s p l o ʊ d ə d	1	1	reg_əd	reg_əd	reg_əd
model_template_chosen	b ɔ ɪ l	b ɔ ɪ l d	b ɔ ɪ l d	d r ɪ l	d r ɪ l d	d r ɪ l d	b ɔ ɪ l d	1	1	reg_d	reg_d	reg_d
model_template_chosen	k ə n s ɪ d ɹ̩	k ə n s ɪ d ɹ̩ d	k ə n s ɪ d ɹ̩ d	d ɪ s k ʌ v ɹ̩	d ɪ s k ʌ v ɹ̩ d	d ɪ s k ʌ v ɹ̩ d	k ə n s ɪ d ɹ̩ d	1	1	reg_d	reg_d	reg_d
model_template_chosen	s k a ʊ l	s k a ʊ l d	s k a ʊ l d	ɡ r a ʊ l	ɡ r a ʊ l d	ɡ r a ʊ l d	s k a ʊ l d	1	1	reg_d	reg_d	reg_d
model_template_chosen	ɪ ɡ z ɔ s t	ɪ ɡ z ɔ s t ə d	ɪ ɡ z ɔ s t ə d	ɪ ɡ z ɪ s t	ɪ ɡ z ɪ s t ə d	ɪ ɡ z ɪ s t ə d	ɪ ɡ z ɔ s t ə d	1	1	reg_əd	reg_əd	reg_əd
model_template_chosen	s uː p ɹ̩ v a ɪ z	s uː p ɹ̩ v a ɪ z d	s uː p ɹ̩ v a ɪ z d	ɛ k s ɹ̩ s a ɪ z	ɛ k s ɹ̩ s a ɪ z d	ɛ k s ɹ̩ s a ɪ z d	s uː p ɹ̩ v a ɪ z d	1	1	reg_d	reg_d	reg_d
model_template_chosen	d æ ŋ ɡ ə l	d æ ŋ ɡ ə l d	d æ ŋ ɡ ə l d	m æ ŋ ɡ ə l	m æ ŋ ɡ ə l d	m æ ŋ ɡ ə l d	d æ ŋ ɡ ə l d	1	1	reg_d	reg_d	reg_d
model_template_chosen	d͡ʒ ɪ m iː	d͡ʒ ɪ m iː d	d͡ʒ ɪ m iː d	ə ɡ r iː	ə ɡ r iː d	ə ɡ r iː d	d͡ʒ ɪ m iː d	1	1	reg_d	reg_d	reg_d
model_template_chosen	t r ʌ b ə l	t r ʌ b ə l d	t r ʌ b ə l d	t ʌ m b ə l	t ʌ m b ə l d	t ʌ m b ə l d	t r ʌ b ə l d	1	1	reg_d	reg_d	reg_d
model_template_chosen	p e ɪ d͡ʒ	p e ɪ d͡ʒ d	p e ɪ d͡ʒ d	b r ɪ d͡ʒ	b r ɪ d͡ʒ d	b r ɪ d͡ʒ d	p e ɪ d͡ʒ d	1	1	reg_d	reg_d	reg_d
model_template_chosen	t a ʊ ɹ̩	t a ʊ ɹ̩ d	t a ʊ ɹ̩ d	ʃ a ʊ ɹ̩	ʃ a ʊ ɹ̩ d	ʃ a ʊ ɹ̩ d	t a ʊ ɹ̩ d	1	1	reg_d	reg_d	reg_d
model_template_chosen	f ɛ n s	f ɛ n s t	f ɛ n s t	d æ n s	d æ n s t	d æ n s t	f ɛ n s t	1	1	reg_t	reg_t	reg_t
model_template_chosen	d ɛ r	d ɛ r d	d ɛ r d	t͡ʃ ɛ r	t͡ʃ ɛ r d	t͡ʃ ɛ r d	d ɛ r d	1	1	reg_d	reg_d	reg_d
model_template_chosen	b l iː d	b l ɛ d	b l ɛ d ə d	s l iː p	s l ɛ p t	s l ɛ p t	NA	0	0	vowel_change	other	vowel_change_suffix
model_template_chosen	ɛ n t ɹ̩	ɛ n t ɹ̩ d	ɛ n t ɹ̩ d	m æ t ɹ̩	m æ t ɹ̩ d	m æ t ɹ̩ d	ɛ n t ɹ̩ d	1	1	reg_d	reg_d	reg_d
model_template_chosen	m e ɪ n t e ɪ n	m e ɪ n t e ɪ n d	m e ɪ n t e ɪ n d	ɛ n t ɹ̩ t e ɪ n	ɛ n t ɹ̩ t e ɪ n d	ɛ n t ɹ̩ t e ɪ n d	m e ɪ n t e ɪ n d	1	1	reg_d	reg_d	reg_d
model_template_chosen	f ɛ r	f ɛ r d	f ɛ r d	t͡ʃ ɛ r	t͡ʃ ɛ r d	t͡ʃ ɛ r d	f ɛ r d	1	1	reg_d	reg_d	reg_d
model_template_chosen	d ɪ p	d ɪ p t	d ɪ p t	w ɪ p	w ɪ p t	w ɪ p t	d ɪ p t	1	1	reg_t	reg_t	reg_t
model_template_chosen	j ɔ n	j ɔ n d	j ɔ n d	b ɹ̩ n	b ɹ̩ n d	b ɹ̩ n d	j ɔ n d	1	1	reg_d	reg_d	reg_d
model_template_chosen	ʃ ʊ ɡ ɹ̩	ʃ ʊ ɡ ɹ̩ d	ʃ ʊ ɡ ɹ̩ d	æ n s ɹ̩	æ n s ɹ̩ d	æ n s ɹ̩ d	ʃ ʊ ɡ ɹ̩ d	1	1	reg_d	reg_d	reg_d
model_template_chosen	d r ɪ f t	d r ɪ f t ə d	d r æ f t ə d	d r ɪ ŋ k	d r æ ŋ k	d r æ ŋ k	NA	0	0	reg_əd	other	vowel_change
model_template_chosen	ɪ n s p a ɪ ɹ̩	ɪ n s p a ɪ ɹ̩ d	ɪ n s p a ɪ ɹ̩ d	ɪ k s p a ɪ ɹ̩	ɪ k s p a ɪ ɹ̩ d	ɪ k s p a ɪ ɹ̩ d	ɪ n s p a ɪ ɹ̩ d	1	1	reg_d	reg_d	reg_d
model_template_chosen	m ɛ n ʃ ə n	m ɛ n ʃ ə n d	m ɛ n ʃ ə n d	f r ɛ ʃ ə n	f r ɛ ʃ ə n d	f r ɛ ʃ ə n d	m ɛ n ʃ ə n d	1	1	reg_d	reg_d	reg_d
model_template_chosen	s l ɪ p	s l ɪ p t	s l ɪ p t	k l ɪ p	k l ɪ p t	k l ɪ p t	s l ɪ p t	1	1	reg_t	reg_t	reg_t
model_template_chosen	s k ɪ p	s k ɪ p t	s k ɪ p t	ʃ e ɪ p	ʃ e ɪ p t	ʃ e ɪ p t	s k ɪ p t	1	1	reg_t	reg_t	reg_t
model_template_chosen	m ə n ɪ p j ə l e ɪ t	m ə n ɪ p j ə l e ɪ t ə d	m ə n j ə l ə l e ɪ t ə d	ɡ ʌ l p	ɡ ʌ l p t	ɡ ʌ l p t	m ə n ɪ p j ə l e ɪ t t	0	0	reg_əd	other	reg_t
model_template_chosen	s æ k	s æ k t	s æ k t	w æ k	w æ k t	w æ k t	s æ k t	1	1	reg_t	reg_t	reg_t
model_template_chosen	ɪ n s p ɛ k t	ɪ n s p ɛ k t ə d	ɪ n s p ɛ k t ə d	ɪ k s p ɛ k t	ɪ k s p ɛ k t ə d	ɪ k s p ɛ k t ə d	ɪ n s p ɛ k t ə d	1	1	reg_əd	reg_əd	reg_əd
model_template_chosen	s æ k r ə f a ɪ s	s æ k r ə f a ɪ s t	s æ k r ə f a ɪ s t	ɪ n t r ə d uː s	ɪ n t r ə d uː s t	ɪ n t r ə d uː s t	s æ k r ə f a ɪ s t	1	1	reg_t	reg_t	reg_t
model_template_chosen	t æ p	t æ p t	t æ p t	m æ p	m æ p t	m æ p t	t æ p t	1	1	reg_t	reg_t	reg_t
model_template_chosen	h ɔ l	h ɔ l d	h ɔ l d	h ɹ̩ l	h ɹ̩ l d	h ɹ̩ l d	h ɔ l d	1	1	reg_d	reg_d	reg_d
model_template_chosen	s k a ʊ t	s k a ʊ t ə d	s k a ʊ t ə d	v ɪ z ɪ t	v ɪ z ɪ t ə d	v ɪ z ɪ t ə d	s k a ʊ t ə d	1	1	reg_əd	reg_əd	reg_əd
model_template_chosen	p ɑː k ə t	p ɑː k ə t ə d	p ɑː k ə t ə d	t ɪ k ə t	t ɪ k ə t ə d	t ɪ k ə t ə d	p ɑː k ə t ə d	1	1	reg_əd	reg_əd	reg_əd
model_template_chosen	h a ʊ l	h a ʊ l d	h a ʊ l d	h o ʊ l	h o ʊ l d	h o ʊ l d	h a ʊ l d	1	1	reg_d	reg_d	reg_d
model_template_chosen	d ɔ n	d ɔ n d	d ɔ n d	b ɹ̩ n	b ɹ̩ n d	b ɹ̩ n d	d ɔ n d	1	1	reg_d	reg_d	reg_d
model_template_chosen	t æ ŋ ɡ ə l	t æ ŋ ɡ ə l d	t æ ŋ ɡ ə l d	t ʌ m b ə l	t ʌ m b ə l d	t ʌ m b ə l d	t æ ŋ ɡ ə l d	1	1	reg_d	reg_d	reg_d
model_template_chosen	ɡ a ɪ d	ɡ a ɪ d ə d	ɡ a ɪ d ə d	h a ɪ d	h a ɪ d ə d	h ɪ d	ɡ a ɪ d ə d	1	1	reg_əd	reg_əd	reg_əd
model_template_chosen	θ ʌ n d ɹ̩	θ ʌ n d ɹ̩ d	θ ʌ n d ɹ̩ d	w ʌ n d ɹ̩	w ʌ n d ɹ̩ d	w ʌ n d ɹ̩ d	θ ʌ n d ɹ̩ d	1	1	reg_d	reg_d	reg_d
model_template_chosen	r a ʊ n d	r a ʊ n d ə d	r a ʊ n d ə d	p a ʊ n d	p a ʊ n d ə d	p a ʊ n d ə d	r a ʊ n d ə d	1	1	reg_əd	reg_əd	reg_əd
model_template_chosen	æ b d ʌ k t	æ b d ʌ k t ə d	æ b ʌ k t ə d	s t r ɪ ŋ	s t r ʌ ŋ	s t r ʌ ŋ	NA	0	0	reg_əd	other	vowel_change
model_template_chosen	ɡ ʌ m	ɡ ʌ m d	ɡ ʌ m d	k ʌ m	k ʌ m d	k e ɪ m	ɡ ʌ m d	1	1	reg_d	reg_d	reg_d
model_template_chosen	l ɛ k t͡ʃ ɹ̩	l ɛ k t͡ʃ ɹ̩ d	l ɛ k t͡ʃ ɹ̩ d	p ɪ k t͡ʃ ɹ̩	p ɪ k t͡ʃ ɹ̩ d	p ɪ k t͡ʃ ɹ̩ d	l ɛ k t͡ʃ ɹ̩ d	1	1	reg_d	reg_d	reg_d
model_template_chosen	d r ɪ b ə l	d r ɪ b ə l d	d r ɪ b ə l d	t e ɪ b ə l	t e ɪ b ə l d	t e ɪ b ə l d	d r ɪ b ə l d	1	1	reg_d	reg_d	reg_d
model_template_chosen	d ʌ s t	d ʌ s t ə d	d ʌ s t ə d	b ʌ s t	b ʌ s t ə d	b ʌ s t ə d	d ʌ s t ə d	1	1	reg_əd	reg_əd	reg_əd
model_template_chosen	d͡ʒ æ m	d͡ʒ æ m d	d͡ʒ æ m d	z uː m	z uː m d	z uː m d	d͡ʒ æ m d	1	1	reg_d	reg_d	reg_d
model_template_chosen	t͡ʃ æ n ə l	t͡ʃ æ n ə l d	t͡ʃ æ n ə l d	r æ t ə l	r æ t ə l d	r æ t ə l d	t͡ʃ æ n ə l d	1	1	reg_d	reg_d	reg_d
model_template_chosen	d r e ɪ n	d r e ɪ n d	d r e ɪ n d	s t e ɪ n	s t e ɪ n d	s t e ɪ n d	d r e ɪ n d	1	1	reg_d	reg_d	reg_d
model_template_chosen	w uː n d	w uː n d ə d	w uː n d ə d	l æ n d	l æ n d ə d	l æ n d ə d	w uː n d ə d	1	1	reg_əd	reg_əd	reg_əd
model_template_chosen	t e ɪ l	t e ɪ l d	t e ɪ l d	t a ɪ l	t a ɪ l d	t a ɪ l d	t e ɪ l d	1	1	reg_d	reg_d	reg_d
model_template_chosen	s l o ʊ	s l o ʊ d	s l o ʊ d	f l o ʊ	f l o ʊ d	f l o ʊ d	s l o ʊ d	1	1	reg_d	reg_d	reg_d
model_template_chosen	s t ɪ ŋ k	s t ʌ ŋ k	s t ɪ ŋ k t	s t e ɪ k	s t e ɪ k t	s t e ɪ k t	s t ɪ ŋ k t	1	0	vowel_change	reg_t	reg_t
model_template_chosen	f iː l d	f iː l d ə d	f iː l d ə d	b iː r d	b iː r d ə d	b iː r d ə d	f iː l d ə d	1	1	reg_əd	reg_əd	reg_əd
model_template_chosen	s p a ɪ	s p a ɪ d	s p a ɪ d	s w e ɪ	s w e ɪ d	s w e ɪ d	s p a ɪ d	1	1	reg_d	reg_d	reg_d
model_template_chosen	s ɪ ɡ n ə l	s ɪ ɡ n ə l d	s ɪ ɡ n ə l d	t r æ v ə l	t r æ v ə l d	t r æ v ə l d	s ɪ ɡ n ə l d	1	1	reg_d	reg_d	reg_d
model_template_chosen	ɛ n k ɹ̩ ɪ d͡ʒ	ɛ n k ɹ̩ ɪ d͡ʒ d	ɛ n k ɹ̩ ɪ d͡ʒ d	b æ n d ɪ d͡ʒ	b æ n d ɪ d͡ʒ d	b æ n d ɪ d͡ʒ d	ɛ n k ɹ̩ ɪ d͡ʒ d	1	1	reg_d	reg_d	reg_d
model_template_chosen	s æ n ɪ t a ɪ z	s æ n ɪ t a ɪ z d	s æ n ɪ t a ɪ z d	m ɛ z m ɹ̩ a ɪ z	m ɛ z m ɹ̩ a ɪ z d	m ɛ z m ɹ̩ a ɪ z d	s æ n ɪ t a ɪ z d	1	1	reg_d	reg_d	reg_d
model_template_chosen	f r a ɪ t ə n	f r a ɪ t ə n d	f r a ɪ t ə n d	b r a ɪ t ə n	b r a ɪ t ə n d	b r a ɪ t ə n d	f r a ɪ t ə n d	1	1	reg_d	reg_d	reg_d
model_template_chosen	o ʊ v ɹ̩ k ə m	o ʊ v ɹ̩ k e ɪ m	o ʊ v ɹ̩ k ə m d	b r a ɪ t ə n	b r a ɪ t ə n d	b r a ɪ t ə n d	o ʊ v ɹ̩ k ə m d	1	0	vowel_change	reg_d	reg_d
model_template_chosen	p ɛ p ɹ̩	p ɛ p ɹ̩ d	p ɛ p ɹ̩ d	z ɪ p ɹ̩	z ɪ p ɹ̩ d	z ɪ p ɹ̩ d	p ɛ p ɹ̩ d	1	1	reg_d	reg_d	reg_d
model_template_chosen	b ʌ d͡ʒ	b ʌ d͡ʒ d	b ʌ d͡ʒ d	f ʌ d͡ʒ	f ʌ d͡ʒ d	f ʌ d͡ʒ d	b ʌ d͡ʒ d	1	1	reg_d	reg_d	reg_d
model_template_chosen	ɡ l ɛ r	ɡ l ɛ r d	ɡ l ɛ r d	s p ɛ r	s p ɛ r d	s p ɛ r d	ɡ l ɛ r d	1	1	reg_d	reg_d	reg_d
model_template_chosen	ə f ɔ r d	ə f ɔ r d ə d	ə f ɔ r d ə d	ə p l ɔ d	ə p l ɔ d ə d	ə p l ɔ d ə d	ə f ɔ r d ə d	1	1	reg_əd	reg_əd	reg_əd
model_template_chosen	s k o ʊ l d	s k o ʊ l d ə d	s k o ʊ l d ə d	r ɪ t ɑː r d	r ɪ t ɑː r d ə d	r ɪ t ɑː r d ə d	s k o ʊ l d ə d	1	1	reg_əd	reg_əd	reg_əd
model_template_chosen	s ɛ n s	s ɛ n s t	s ɛ n s t	m ɪ n s	m ɪ n s t	m ɪ n s t	s ɛ n s t	1	1	reg_t	reg_t	reg_t
model_template_chosen	ɛ m f ə s a ɪ z	ɛ m f ə s a ɪ z d	ɛ m f ə s a ɪ z d	ɔ r ɡ ə n a ɪ z	ɔ r ɡ ə n a ɪ z d	ɔ r ɡ ə n a ɪ z d	ɛ m f ə s a ɪ z d	1	1	reg_d	reg_d	reg_d
model_template_chosen	l e ɪ b ə l	l e ɪ b ə l d	l e ɪ b ə l d	t e ɪ b ə l	t e ɪ b ə l d	t e ɪ b ə l d	l e ɪ b ə l d	1	1	reg_d	reg_d	reg_d
model_template_chosen	b a ʊ	b a ʊ d	b ɔ t	b a ɪ	b ɔ t	b ɔ t	NA	0	0	reg_d	vowel_change_suffix	vowel_change_suffix
model_template_chosen	b ʌ n t͡ʃ	b ʌ n t͡ʃ t	b ʌ n t͡ʃ t	l ʌ n t͡ʃ	l ʌ n t͡ʃ t	l ʌ n t͡ʃ t	b ʌ n t͡ʃ t	1	1	reg_t	reg_t	reg_t
model_template_chosen	t ɛ r ə r a ɪ z	t ɛ r ə r a ɪ z d	t ɛ r ə r a ɪ z d	m ɛ z m ɹ̩ a ɪ z	m ɛ z m ɹ̩ a ɪ z d	m ɛ z m ɹ̩ a ɪ z d	t ɛ r ə r a ɪ z d	1	1	reg_d	reg_d	reg_d
model_template_chosen	ɡ r æ v ə t e ɪ t	ɡ r æ v ə t e ɪ t ə d	ɡ r æ v ə t e ɪ t ə d	ɪ v æ l j uː e ɪ t	ɪ v æ l j uː e ɪ t ə d	ɪ v æ l j uː e ɪ t ə d	ɡ r æ v ə t e ɪ t ə d	1	1	reg_əd	reg_əd	reg_əd
model_template_chosen	b l æ s t	b l æ s t ə d	b l æ s t ə d	b o ʊ s t	b o ʊ s t ə d	b o ʊ s t ə d	b l æ s t ə d	1	1	reg_əd	reg_əd	reg_əd
model_template_chosen	ɪ n ɪ ʃ ə l	ɪ n ɪ ʃ ə l d	ɪ n ɪ ʃ ə l d	t r ɪ p ə l	t r ɪ p ə l d	t r ɪ p ə l d	ɪ n ɪ ʃ ə l d	1	1	reg_d	reg_d	reg_d
model_template_chosen	s w ɑː p	s w ɑː p t	s w ɑː p t	s t ɛ p	s t ɛ p t	s t ɛ p t	s w ɑː p t	1	1	reg_t	reg_t	reg_t
model_template_chosen	æ d m a ɪ ɹ̩	æ d m a ɪ ɹ̩ d	æ d m a ɪ ɹ̩ d	r ɪ t a ɪ ɹ̩	r ɪ t a ɪ ɹ̩ d	r ɪ t a ɪ ɹ̩ d	æ d m a ɪ ɹ̩ d	1	1	reg_d	reg_d	reg_d
model_template_chosen	s ə p ɔ r t	s ə p ɔ r t ə d	s ə p ɔ r t ə d	r iː p ɔ r t	r iː p ɔ r t ə d	r iː p ɔ r t ə d	s ə p ɔ r t ə d	1	1	reg_əd	reg_əd	reg_əd
model_template_chosen	p æ m p ɹ̩	p æ m p ɹ̩ d	p æ m p ɹ̩ d	k æ p t͡ʃ ɹ̩	k æ p t͡ʃ ɹ̩ d	k æ p t͡ʃ ɹ̩ d	p æ m p ɹ̩ d	1	1	reg_d	reg_d	reg_d
model_template_chosen	v ɔ ɪ s	v ɔ ɪ s t	v ɔ ɪ s t	d a ɪ s	d a ɪ s t	d a ɪ s t	v ɔ ɪ s t	1	1	reg_t	reg_t	reg_t
model_template_chosen	s k ɔ r	s k ɔ r d	s k ɔ r d	s t ɔ r	s t ɔ r d	s t ɔ r d	s k ɔ r d	1	1	reg_d	reg_d	reg_d
model_template_chosen	d ɑː k t ɹ̩	d ɑː k t ɹ̩ d	d ɑː k t ɹ̩ d	s k æ t ɹ̩	s k æ t ɹ̩ d	s k æ t ɹ̩ d	d ɑː k t ɹ̩ d	1	1	reg_d	reg_d	reg_d
model_template_chosen	r iː v æ m p	r iː v æ m p t	r iː v æ m p t	s t r a ɪ p	s t r a ɪ p t	s t r a ɪ p t	r iː v æ m p t	1	1	reg_t	reg_t	reg_t
model_template_chosen	l iː s	l iː s t	l iː s t	p iː s	p iː s t	p iː s t	l iː s t	1	1	reg_t	reg_t	reg_t
model_template_chosen	s ə p r ɛ s	s ə p r ɛ s t	s ə p r ɛ s t	ɪ m p r ɛ s	ɪ m p r ɛ s t	ɪ m p r ɛ s t	s ə p r ɛ s t	1	1	reg_t	reg_t	reg_t
model_template_chosen	ə p o ʊ z	ə p o ʊ z d	ə p o ʊ z d	k l o ʊ z	k l o ʊ z d	k l o ʊ z d	ə p o ʊ z d	1	1	reg_d	reg_d	reg_d
model_template_chosen	f l ɑː p	f l ɑː p t	f l ɑː p t	d r ɑː p	d r ɑː p t	d r ɑː p t	f l ɑː p t	1	1	reg_t	reg_t	reg_t
model_template_chosen	b ʌ m	b ʌ m d	b ʌ m d	b uː m	b uː m d	b uː m d	b ʌ m d	1	1	reg_d	reg_d	reg_d
model_template_chosen	s p ɹ̩ t	s p ɹ̩ t ə d	s p ɹ̩ t ə d	s w ɛ t	s w ɛ t ə d	s w ɛ t ə d	s p ɹ̩ t ə d	1	1	reg_əd	reg_əd	reg_əd
model_template_chosen	h uː t	h uː t ə d	h uː t ə d	s uː t	s uː t ə d	s uː t ə d	h uː t ə d	1	1	reg_əd	reg_əd	reg_əd
model_template_chosen	p ɹ̩ s	p ɹ̩ s t	p ɹ̩ s t	k ɹ̩ s	k ɹ̩ s t	k ɹ̩ s t	p ɹ̩ s t	1	1	reg_t	reg_t	reg_t
model_template_chosen	k l ʌ b	k l ʌ b d	k l ʌ b d	k j uː b	k j uː b d	k j uː b d	k l ʌ b d	1	1	reg_d	reg_d	reg_d
model_template_chosen	p ɪ t iː	p ɪ t iː d	p ɪ t iː d	ə ɡ r iː	ə ɡ r iː d	ə ɡ r iː d	p ɪ t iː d	1	1	reg_d	reg_d	reg_d
model_template_chosen	t r æ m p	t r æ m p t	t r æ m p t	t r ʌ m p	t r ʌ m p t	t r ʌ m p t	t r æ m p t	1	1	reg_t	reg_t	reg_t
model_template_chosen	d͡ʒ ɛ n ɹ̩ e ɪ t	d͡ʒ ɛ n ɹ̩ e ɪ t ə d	d͡ʒ ɛ n ɹ̩ e ɪ t ə d	s ɛ p ɹ̩ e ɪ t	s ɛ p ɹ̩ e ɪ t ə d	s ɛ p ɹ̩ e ɪ t ə d	d͡ʒ ɛ n ɹ̩ e ɪ t ə d	1	1	reg_əd	reg_əd	reg_əd
model_template_chosen	t æ t ə l	t æ t ə l d	t æ t ə l d	t æ k ə l	t æ k ə l d	t æ k ə l d	t æ t ə l d	1	1	reg_d	reg_d	reg_d
model_template_chosen	f ʌ m b ə l	f ʌ m b ə l d	f ʌ m b ə l d	h æ n d ə l	h æ n d ə l d	h æ n d ə l d	f ʌ m b ə l d	1	1	reg_d	reg_d	reg_d
model_template_chosen	s t æ ʃ	s t æ ʃ t	s t æ ʃ t	s m æ ʃ	s m æ ʃ t	s m æ ʃ t	s t æ ʃ t	1	1	reg_t	reg_t	reg_t
model_template_chosen	ɪ n s ɪ s t	ɪ n s ɪ s t ə d	ɪ n s ɪ s t ə d	ɪ ɡ z ɪ s t	ɪ ɡ z ɪ s t ə d	ɪ ɡ z ɪ s t ə d	ɪ n s ɪ s t ə d	1	1	reg_əd	reg_əd	reg_əd
model_template_chosen	ɪ ɡ z æ m ɪ n	ɪ ɡ z æ m ɪ n d	ɪ ɡ z æ m ɪ n d	d ɪ t ɹ̩ m ə n	d ɪ t ɹ̩ m ə n d	d ɪ t ɹ̩ m ə n d	ɪ ɡ z æ m ɪ n d	1	1	reg_d	reg_d	reg_d
model_template_chosen	b l ɑː s ə m	b l ɑː s ə m d	b l ɑː s ə m d	w ɛ l k ə m	w ɛ l k ə m d	w ɛ l k ə m d	b l ɑː s ə m d	1	1	reg_d	reg_d	reg_d
model_template_chosen	r o ʊ p	r o ʊ p t	r o ʊ p t	h o ʊ p	h o ʊ p t	h o ʊ p t	r o ʊ p t	1	1	reg_t	reg_t	reg_t
model_template_chosen	p ɪ ŋ	p ɪ ŋ d	p ɪ ŋ d	w ɪ ŋ	w ɪ ŋ d	w ɪ ŋ d	p ɪ ŋ d	1	1	reg_d	reg_d	reg_d
model_template_chosen	v o ʊ t	v o ʊ t ə d	v o ʊ t ə d	b o ʊ t	b o ʊ t ə d	b o ʊ t ə d	v o ʊ t ə d	1	1	reg_əd	reg_əd	reg_əd
model_template_chosen	n iː r	n iː r d	n iː r d	p iː r	p iː r d	p iː r d	n iː r d	1	1	reg_d	reg_d	reg_d
model_template_chosen	t r ʌ s t	t r ʌ s t ə d	t r ʌ s t ə d	t o ʊ s t	t o ʊ s t ə d	t o ʊ s t ə d	t r ʌ s t ə d	1	1	reg_əd	reg_əd	reg_əd
model_template_chosen	ɪ n t ɹ̩ s p ɹ̩ s	ɪ n t ɹ̩ s p ɹ̩ s t	ɪ n t ɹ̩ s p ɹ̩ s t ɹ̩ s t ɹ̩ t ɹ̩ t	ɪ n t r ə d uː s	ɪ n t r ə d uː s t	ɪ n t r ə d uː s t	ɪ n t ɹ̩ s p ɹ̩ s t	0	1	reg_t	other	reg_t
model_template_chosen	s w uː p	s w uː p t	s w uː p t	s t ɛ p	s t ɛ p t	s t ɛ p t	s w uː p t	1	1	reg_t	reg_t	reg_t
model_template_chosen	d͡ʒ e ɪ l	d͡ʒ e ɪ l d	d͡ʒ e ɪ l d	f a ɪ l	f a ɪ l d	f a ɪ l d	d͡ʒ e ɪ l d	1	1	reg_d	reg_d	reg_d
model_template_chosen	f e ɪ l	f e ɪ l d	f e ɪ l d	f a ɪ l	f a ɪ l d	f a ɪ l d	f e ɪ l d	1	1	reg_d	reg_d	reg_d
model_template_chosen	b ʊ k	b ʊ k t	b ʊ k t	h ʊ k	h ʊ k t	h ʊ k t	b ʊ k t	1	1	reg_t	reg_t	reg_t
model_template_chosen	s ɪ f t	s ɪ f t ə d	s ɪ f t ə d	ʃ ɪ f t	ʃ ɪ f t ə d	ʃ ɪ f t ə d	s ɪ f t ə d	1	1	reg_əd	reg_əd	reg_əd
model_template_chosen	k a ʊ t͡ʃ	k a ʊ t͡ʃ t	k a ʊ t͡ʃ t	r ɛ n t͡ʃ	r ɛ n t͡ʃ t	r ɛ n t͡ʃ t	k a ʊ t͡ʃ t	1	1	reg_t	reg_t	reg_t
model_template_chosen	f r ʌ n t	f r ʌ n t ə d	f r ʌ n t ə d	ɡ r ʌ n t	ɡ r ʌ n t ə d	ɡ r ʌ n t ə d	f r ʌ n t ə d	1	1	reg_əd	reg_əd	reg_əd
model_template_chosen	p r ə d uː s	p r ə d uː s t	p r ə d uː s t	k ə n f ɛ s	k ə n f ɛ s t	k ə n f ɛ s t	p r ə d uː s t	1	1	reg_t	reg_t	reg_t
model_template_chosen	ʃ e ɪ d	ʃ e ɪ d ə d	ʃ e ɪ d ə d	f e ɪ d	f e ɪ d ə d	f e ɪ d ə d	ʃ e ɪ d ə d	1	1	reg_əd	reg_əd	reg_əd
model_template_chosen	d r ɛ n t͡ʃ	d r ɛ n t͡ʃ t	d r ɛ n t͡ʃ t	s t r ɛ t͡ʃ	s t r ɛ t͡ʃ t	s t r ɛ t͡ʃ t	d r ɛ n t͡ʃ t	1	1	reg_t	reg_t	reg_t
model_template_chosen	s p l æ t ɹ̩	s p l æ t ɹ̩ d	s p l æ t ɹ̩ d	p l æ s t ɹ̩	p l æ s t ɹ̩ d	p l æ s t ɹ̩ d	s p l æ t ɹ̩ d	1	1	reg_d	reg_d	reg_d
model_template_chosen	r iː v j uː	r iː v j uː d	r iː v j uː d	ɑː r ɡ j uː	ɑː r ɡ j uː d	ɑː r ɡ j uː d	r iː v j uː d	1	1	reg_d	reg_d	reg_d
model_template_chosen	b ɔ r	b ɔ r d	b ɔ r d	p ɔ r	p ɔ r d	p ɔ r d	b ɔ r d	1	1	reg_d	reg_d	reg_d
model_template_chosen	s iː t	s iː t ə d	s iː t ə d	h iː t	h iː t ə d	h iː t ə d	s iː t ə d	1	1	reg_əd	reg_əd	reg_əd
model_template_chosen	b ɛ d	b ɛ d ə d	b ɛ d	l ɛ d	l ɛ d	l ɛ d ə d	b ɛ d	1	0	reg_əd	no_change	no_change
model_template_chosen	ə n s iː t	ə n s iː t ə d	ə n s iː t ə d	d ɪ l iː t	d ɪ l iː t ə d	d ɪ l iː t ə d	ə n s iː t ə d	1	1	reg_əd	reg_əd	reg_əd
model_template_chosen	m ʌ f ə l	m ʌ f ə l d	m ʌ f ə l d	s ɛ t ə l	s ɛ t ə l d	s ɛ t ə l d	m ʌ f ə l d	1	1	reg_d	reg_d	reg_d
model_template_chosen	s t ʌ m p	s t ʌ m p t	s t ʌ m p t	s t æ m p	s t æ m p t	s t æ m p t	s t ʌ m p t	1	1	reg_t	reg_t	reg_t
model_template_chosen	t r æ n s p l æ n t	t r æ n s p l æ n t ə d	t r æ n s t ə n æ n s t	ɪ n t r ə d uː s	ɪ n t r ə d uː s t	ɪ n t r ə d uː s t	t r æ n s p l æ n t t	0	0	reg_əd	other	reg_t
model_template_chosen	v ɪ ʒ w ə l a ɪ z	v ɪ ʒ w ə l a ɪ z d	v ɪ v ə l a ɪ z	a ɪ d ɛ n t ə f a ɪ	a ɪ d ɛ n t ə f a ɪ d	a ɪ d ɛ n t ə f a ɪ d	v ɪ ʒ w ə l a ɪ z d	0	1	reg_d	other	reg_d
model_template_chosen	ɡ æ l ə p	ɡ æ l ə p t	ɡ æ l ə p t	ə n r æ p	ə n r æ p t	ə n r æ p t	ɡ æ l ə p t	1	1	reg_t	reg_t	reg_t
model_template_chosen	s ʌ l iː	s ʌ l iː d	s ʌ l iː d	s k ɹ̩ iː	s k ɹ̩ iː d	s k ɹ̩ iː d	s ʌ l iː d	1	1	reg_d	reg_d	reg_d
model_template_chosen	ə n f o ʊ l d	ə n f o ʊ l d ə d	ə n f o ʊ l d ə d	p r ə v a ɪ d	p r ə v a ɪ d ə d	p r ə v a ɪ d ə d	ə n f o ʊ l d ə d	1	1	reg_əd	reg_əd	reg_əd
model_template_chosen	w iː	w iː d	w iː d	p iː	p iː d	p iː d	w iː d	1	1	reg_d	reg_d	reg_d
model_template_chosen	ɪ m ə t e ɪ t	ɪ m ə t e ɪ t ə d	ɪ m ə t e ɪ t ə d	ɪ r ɪ t e ɪ t	ɪ r ɪ t e ɪ t ə d	ɪ r ɪ t e ɪ t ə d	ɪ m ə t e ɪ t ə d	1	1	reg_əd	reg_əd	reg_əd
model_template_chosen	s w ɹ̩ v	s w ɹ̩ v d	s w ɹ̩ v d	s ɑː l v	s ɑː l v d	s ɑː l v d	s w ɹ̩ v d	1	1	reg_d	reg_d	reg_d
model_template_chosen	h iː p	h iː p t	h iː p t	s iː p	s iː p t	s iː p t	h iː p t	1	1	reg_t	reg_t	reg_t
model_template_chosen	r iː f j uː ə l	r iː f j uː ə l d	r iː f j uː ə l d	s k r ɪ b ə l	s k r ɪ b ə l d	s k r ɪ b ə l d	r iː f j uː ə l d	1	1	reg_d	reg_d	reg_d
model_template_chosen	t͡ʃ æ n t	t͡ʃ æ n t ə d	t͡ʃ æ n t ə d	p æ n t	p æ n t ə d	p æ n t ə d	t͡ʃ æ n t ə d	1	1	reg_əd	reg_əd	reg_əd
model_template_chosen	ɡ r o ʊ s	ɡ r o ʊ s t	ɡ r o ʊ s t	r ɪ v ɹ̩ s	r ɪ v ɹ̩ s t	r ɪ v ɹ̩ s t	ɡ r o ʊ s t	1	1	reg_t	reg_t	reg_t
model_template_chosen	o ʊ v ɹ̩ f l o ʊ	o ʊ v ɹ̩ f l o ʊ d	o ʊ v ɹ̩ f l o ʊ d	d ɪ s k r a ɪ b	d ɪ s k r a ɪ b d	d ɪ s k r a ɪ b d	o ʊ v ɹ̩ f l o ʊ d	1	1	reg_d	reg_d	reg_d
model_template_chosen	s ɔ f ə n	s ɔ f ə n d	s ɔ f ə n d	s iː z ə n	s iː z ə n d	s iː z ə n d	s ɔ f ə n d	1	1	reg_d	reg_d	reg_d
model_template_chosen	ə t ɛ m p t	ə t ɛ m p t ə d	ə t ɛ m p t ə d	æ k s ɛ p t	æ k s ɛ p t ə d	æ k s ɛ p t ə d	ə t ɛ m p t ə d	1	1	reg_əd	reg_əd	reg_əd
model_template_chosen	r ə f ɹ̩	r ə f ɹ̩ d	r ə f ɹ̩ d	æ n s ɹ̩	æ n s ɹ̩ d	æ n s ɹ̩ d	r ə f ɹ̩ d	1	1	reg_d	reg_d	reg_d
model_template_chosen	s m iː r	s m iː r d	s m iː r d	s t ɑː r	s t ɑː r d	s t ɑː r d	s m iː r d	1	1	reg_d	reg_d	reg_d
model_template_chosen	ɪ m p r uː v	ɪ m p r uː v d	ɪ m p r uː v d	b ɪ h e ɪ v	b ɪ h e ɪ v d	b ɪ h e ɪ v d	ɪ m p r uː v d	1	1	reg_d	reg_d	reg_d
model_template_chosen	ɡ r o ʊ n	ɡ r o ʊ n d	ɡ r o ʊ n d	s t o ʊ n	s t o ʊ n d	s t o ʊ n d	ɡ r o ʊ n d	1	1	reg_d	reg_d	reg_d
model_template_chosen	s a ɪ k ə l	s a ɪ k ə l d	s a ɪ k ə l d	t r ɪ p ə l	t r ɪ p ə l d	t r ɪ p ə l d	s a ɪ k ə l d	1	1	reg_d	reg_d	reg_d
model_template_chosen	f o ʊ k ə s	f o ʊ k ə s t	f o ʊ k ə s t	r ɪ l æ k s	r ɪ l æ k s t	r ɪ l æ k s t	f o ʊ k ə s t	1	1	reg_t	reg_t	reg_t
model_template_chosen	b ɑː s	b ɑː s t	b ɑː s t	ɡ ɛ s	ɡ ɛ s t	ɡ ɛ s t	b ɑː s t	1	1	reg_t	reg_t	reg_t
model_template_chosen	ʃ r ɛ d	ʃ r ɛ d ə d	ʃ r ɛ d ə d	b r ɛ d	b r ɛ d ə d	b r ɛ d ə d	ʃ r ɛ d ə d	1	1	reg_əd	reg_əd	reg_əd
model_template_chosen	o ʊ v ɹ̩ d uː	o ʊ v ɹ̩ d ɪ d	o ʊ v ɹ̩ d uː d	r ɛ s k j uː	r ɛ s k j uː d	r ɛ s k j uː d	o ʊ v ɹ̩ d uː d	1	0	vowel_change_suffix	reg_d	reg_d
model_template_chosen	s k iː	s k iː d	s k iː d	h ɹ̩ iː	h ɹ̩ iː d	h ɹ̩ iː d	s k iː d	1	1	reg_d	reg_d	reg_d
model_template_chosen	k ə n t e ɪ n	k ə n t e ɪ n d	k ə n t e ɪ n d	f ʌ ŋ k ʃ ə n	f ʌ ŋ k ʃ ə n d	f ʌ ŋ k ʃ ə n d	k ə n t e ɪ n d	1	1	reg_d	reg_d	reg_d
model_template_chosen	n æ v ə ɡ e ɪ t	n æ v ə ɡ e ɪ t ə d	n æ v ə ɡ e ɪ t ə d	ɪ n d ə k e ɪ t	ɪ n d ə k e ɪ t ə d	ɪ n d ə k e ɪ t ə d	n æ v ə ɡ e ɪ t ə d	1	1	reg_əd	reg_əd	reg_əd
model_template_chosen	r ɪ p ɛ l	r ɪ p ɛ l d	r ɪ p ɛ l	b r e ɪ k	b r e ɪ k	b r o ʊ k	r ɪ p ɛ l	1	0	reg_d	no_change	no_change
model_template_chosen	m ʌ t ɹ̩	m ʌ t ɹ̩ d	m ʌ t ɹ̩ d	m æ t ɹ̩	m æ t ɹ̩ d	m æ t ɹ̩ d	m ʌ t ɹ̩ d	1	1	reg_d	reg_d	reg_d
model_template_chosen	b r iː d	b r ɛ d	b r iː d ə d	t ɛ n d	t ɛ n d ə d	t ɛ n d ə d	b r iː d ə d	1	0	vowel_change	reg_əd	reg_əd
model_template_chosen	t æ l iː	t æ l iː d	t æ l iː d	s k ɹ̩ iː	s k ɹ̩ iː d	s k ɹ̩ iː d	t æ l iː d	1	1	reg_d	reg_d	reg_d
model_template_chosen	m æ ɡ n ə f a ɪ	m æ ɡ n ə f a ɪ d	m æ ɡ n ə f a ɪ d	k l ɛ r ə f a ɪ	k l ɛ r ə f a ɪ d	k l ɛ r ə f a ɪ d	m æ ɡ n ə f a ɪ d	1	1	reg_d	reg_d	reg_d
model_template_chosen	w e ɪ d	w e ɪ d ə d	w e ɪ d ə d	f e ɪ d	f e ɪ d ə d	f e ɪ d ə d	w e ɪ d ə d	1	1	reg_əd	reg_əd	reg_əd
model_template_chosen	l æ p	l æ p t	l æ p t	m æ p	m æ p t	m æ p t	l æ p t	1	1	reg_t	reg_t	reg_t
model_template_chosen	l ɑː p	l ɑː p t	l ɑː p t	t ɑː p	t ɑː p t	t ɑː p t	l ɑː p t	1	1	reg_t	reg_t	reg_t
model_template_chosen	b ɑː m	b ɑː m d	b ɑː m d	k ɑː m	k ɑː m d	k ɑː m d	b ɑː m d	1	1	reg_d	reg_d	reg_d
model_template_chosen	ə b z ɹ̩ v	ə b z ɹ̩ v d	ə b z ɹ̩ v d	d ɪ z ɹ̩ v	d ɪ z ɹ̩ v d	d ɪ z ɹ̩ v d	ə b z ɹ̩ v d	1	1	reg_d	reg_d	reg_d
model_template_chosen	w iː n	w iː n d	w iː n d	l iː n	l iː n d	l iː n d	w iː n d	1	1	reg_d	reg_d	reg_d
model_template_chosen	r iː r	r iː r d	r iː r d	f iː r	f iː r d	f iː r d	r iː r d	1	1	reg_d	reg_d	reg_d
model_template_chosen	r æ ʃ ə n	r æ ʃ ə n d	r æ ʃ ə n d	m ə ʃ iː n	m ə ʃ iː n d	m ə ʃ iː n d	r æ ʃ ə n d	1	1	reg_d	reg_d	reg_d
model_template_chosen	ə d ɪ k t	ə d ɪ k t ə d	ə d ɪ k t ə d	ɪ d͡ʒ ɛ k t	ɪ d͡ʒ ɛ k t ə d	ɪ d͡ʒ ɛ k t ə d	ə d ɪ k t ə d	1	1	reg_əd	reg_əd	reg_əd
model_template_chosen	b ʌ n d ə l	b ʌ n d ə l d	b ʌ n d ə l d	h æ n d ə l	h æ n d ə l d	h æ n d ə l d	b ʌ n d ə l d	1	1	reg_d	reg_d	reg_d
model_template_chosen	m ə t j ʊ r	m ə t j ʊ r d	m ə t j ʊ r d	ɪ m p l ɔ r	ɪ m p l ɔ r d	ɪ m p l ɔ r d	m ə t j ʊ r d	1	1	reg_d	reg_d	reg_d
model_template_chosen	f l ɹ̩ t	f l ɹ̩ t ə d	f l ɹ̩ t ə d	d ɑː r t	d ɑː r t ə d	d ɑː r t ə d	f l ɹ̩ t ə d	1	1	reg_əd	reg_əd	reg_əd
model_template_chosen	ɪ n k ɔ r p ɹ̩ e ɪ t	ɪ n k ɔ r p ɹ̩ e ɪ t ə d	ɪ n p ɹ̩ r e ɪ t ə d	l ɪ s ə n	l ɪ s ə n d	l ɪ s ə n d	ɪ n k ɔ r p ɹ̩ e ɪ t d	0	0	reg_əd	other	reg_d
model_template_chosen	f r ʌ s t r e ɪ t	f r ʌ s t r e ɪ t ə d	f r ʌ s t r e ɪ t ə d	ɪ l ə s t r e ɪ t	ɪ l ə s t r e ɪ t ə d	ɪ l ə s t r e ɪ t ə d	f r ʌ s t r e ɪ t ə d	1	1	reg_əd	reg_əd	reg_əd
model_template_chosen	d ɪ f a ɪ n	d ɪ f a ɪ n d	d ɪ f a ɪ n d	r ɪ m e ɪ n	r ɪ m e ɪ n d	r ɪ m e ɪ n d	d ɪ f a ɪ n d	1	1	reg_d	reg_d	reg_d
model_template_chosen	b r e ɪ v	b r e ɪ v d	b r e ɪ v d	d ɹ̩ a ɪ v	d ɹ̩ a ɪ v d	d ɹ̩ a ɪ v d	b r e ɪ v d	1	1	reg_d	reg_d	reg_d
model_template_chosen	ɪ n k w a ɪ ɹ̩	ɪ n k w a ɪ ɹ̩ d	ɪ n k w a ɪ ɹ̩ d	r iː k w a ɪ ɹ̩	r iː k w a ɪ ɹ̩ d	r iː k w a ɪ ɹ̩ d	ɪ n k w a ɪ ɹ̩ d	1	1	reg_d	reg_d	reg_d
model_template_chosen	b ʌ s	b ʌ s t	b ʌ s t	f ʌ s	f ʌ s t	f ʌ s t	b ʌ s t	1	1	reg_t	reg_t	reg_t
model_template_chosen	p ə z ɪ ʃ ə n	p ə z ɪ ʃ ə n d	p ə z ɪ ʃ ə n d	p ə t ɪ ʃ ə n	p ə t ɪ ʃ ə n d	p ə t ɪ ʃ ə n d	p ə z ɪ ʃ ə n d	1	1	reg_d	reg_d	reg_d
model_jacobian	iː t	e ɪ t	iː t ə t	a ɪ	a ɪ d	a ɪ d	iː t d	0	0	vowel_change	other	reg_d
model_jacobian	m e ɪ k	m e ɪ d	m e ɪ k t	r e ɪ k	r e ɪ k t	r e ɪ k t	m e ɪ k t	1	0	coda_change	reg_t	reg_t
model_jacobian	n o ʊ	n uː	n o ʊ d	t o ʊ	t o ʊ d	t o ʊ d	n o ʊ d	1	0	vowel_change	reg_d	reg_d
model_jacobian	f ɔ l	f ɛ l	f ɔ l d	f uː l	f uː l d	f uː l d	f ɔ l d	1	0	vowel_change	reg_d	reg_d
model_jacobian	b r ɪ ŋ	b r ɔ t	b r ɪ ŋ	m a ʊ ð	m a ʊ ð d	m a ʊ ð d	b r ɪ ŋ d	0	0	rhyme_replaced	no_change	reg_d
model_jacobian	s t ɑː r t	s t ɑː r t ə d	s t ɑː r t ə d	s m ɑː r t	s m ɑː r t ə d	s m ɑː r t ə d	s t ɑː r t ə d	1	1	reg_əd	reg_əd	reg_əd
model_jacobian	t e ɪ k	t ʊ k	t e ɪ k t	r e ɪ k	r e ɪ k t	r e ɪ k t	t e ɪ k t	1	0	vowel_change	reg_t	reg_t
model_jacobian	h e ɪ t	h e ɪ t ə d	h e ɪ t ə d	m e ɪ t	m e ɪ t ə d	m e ɪ t ə d	h e ɪ t ə d	1	1	reg_əd	reg_əd	reg_əd
model_jacobian	r a ɪ t	r o ʊ t	r o ʊ t ə d	r a ɪ d	r o ʊ d	r o ʊ d	NA	0	0	vowel_change	other	vowel_change
model_jacobian	f ɪ t	f ɪ t	f ɪ t ə d	n ɪ t	n ɪ t ə d	n ɪ t ə d	f ɪ t ə d	1	0	no_change	reg_əd	reg_əd
model_jacobian	d a ɪ n	d a ɪ n d	d a ɪ n d	f a ɪ n	f a ɪ n d	f a ɪ n d	d a ɪ n d	1	1	reg_d	reg_d	reg_d
model_jacobian	m ɪ s	m ɪ s t	m ɪ s t	a ɪ s	a ɪ s t	a ɪ s t	m ɪ s t	1	1	reg_t	reg_t	reg_t
model_jacobian	n ɑː k	n ɑː k t	n ɑː k t	l ɑː k	l ɑː k t	l ɑː k t	n ɑː k t	1	1	reg_t	reg_t	reg_t
model_jacobian	n iː d	n iː d ə d	n iː d ə d	n ɑː d	n ɑː d ə d	n ɑː d ə d	n iː d ə d	1	1	reg_əd	reg_əd	reg_əd
model_jacobian	m uː v	m uː v d	m uː v d	s ɹ̩ v	s ɹ̩ v d	s ɹ̩ v d	m uː v d	1	1	reg_d	reg_d	reg_d
model_jacobian	f l ɪ p	f l ɪ p t	f l ɪ p t	f l æ p	f l æ p t	f l æ p t	f l ɪ p t	1	1	reg_t	reg_t	reg_t
model_jacobian	r ɛ d iː	r ɛ d iː d	r ɛ d iː d	h ɛ r iː	h ɛ r iː d	h ɛ r iː d	r ɛ d iː d	1	1	reg_d	reg_d	reg_d
model_jacobian	z ɪ p	z ɪ p t	z ɪ p t	w ɪ p	w ɪ p t	w ɪ p t	z ɪ p t	1	1	reg_t	reg_t	reg_t
model_jacobian	f a ɪ t	f ɔ t	f a ɪ t ə d	w a ɪ t	w a ɪ t ə d	w a ɪ t ə d	f a ɪ t ə d	1	0	vowel_change	reg_əd	reg_əd
model_jacobian	k æ t͡ʃ	k ɔ t	k æ t͡ʃ t	m æ t͡ʃ	m æ t͡ʃ t	m æ t͡ʃ t	k æ t͡ʃ t	1	0	rhyme_replaced	reg_t	reg_t
model_jacobian	f l o ʊ t	f l o ʊ t ə d	f l o ʊ t ə d	f r ɔ s t	f r ɔ s t ə d	f r ɔ s t ə d	f l o ʊ t ə d	1	1	reg_əd	reg_əd	reg_əd
model_jacobian	w ɪ ʃ	w ɪ ʃ t	w ɪ ʃ t	d ɪ ʃ	d ɪ ʃ t	d ɪ ʃ t	w ɪ ʃ t	1	1	reg_t	reg_t	reg_t
model_jacobian	ʃ e ɪ k	ʃ ʊ k	ʃ e ɪ k t	r e ɪ k	r e ɪ k t	r e ɪ k t	ʃ e ɪ k t	1	0	vowel_change	reg_t	reg_t
model_jacobian	k ɪ k	k ɪ k t	k ɪ k t	e ɪ k	e ɪ k t	e ɪ k t	k ɪ k t	1	1	reg_t	reg_t	reg_t
model_jacobian	t͡ʃ e ɪ n d͡ʒ	t͡ʃ e ɪ n d͡ʒ d	t͡ʃ e ɪ n d͡ʒ d	s t e ɪ d͡ʒ	s t e ɪ d͡ʒ d	s t e ɪ d͡ʒ d	t͡ʃ e ɪ n d͡ʒ d	1	1	reg_d	reg_d	reg_d
model_jacobian	θ r o ʊ	θ r uː	θ r o ʊ d	f l o ʊ	f l o ʊ d	f l o ʊ d	θ r o ʊ d	1	0	vowel_change	reg_d	reg_d
model_jacobian	b æ k	b æ k t	b æ k t	w æ k	w æ k t	w æ k t	b æ k t	1	1	reg_t	reg_t	reg_t
model_jacobian	f l æ ʃ	f l æ ʃ t	f l æ ʃ t	f l ʌ ʃ	f l ʌ ʃ t	f l ʌ ʃ t	f l æ ʃ t	1	1	reg_t	reg_t	reg_t
model_jacobian	ɡ r o ʊ	ɡ r uː	ɡ r o ʊ d	f l o ʊ	f l o ʊ d	f l o ʊ d	ɡ r o ʊ d	1	0	vowel_change	reg_d	reg_d
model_jacobian	s m a ɪ l	s m a ɪ l d	s m a ɪ l d	s p ɔ ɪ l	s p ɔ ɪ l d	s p ɔ ɪ l d	s m a ɪ l d	1	1	reg_d	reg_d	reg_d
model_jacobian	s t ɑː p	s t ɑː p t	s t ɑː p t	d r ɑː p	d r ɑː p t	d r ɑː p t	s t ɑː p t	1	1	reg_t	reg_t	reg_t
model_jacobian	s t ɹ̩	s t ɹ̩ d	s t ɹ̩ d	ɔ f ɹ̩	ɔ f ɹ̩ d	ɔ f ɹ̩ d	s t ɹ̩ d	1	1	reg_d	reg_d	reg_d
model_jacobian	t͡ʃ uː	t͡ʃ uː d	t͡ʃ o ʊ t͡ʃ t	s iː	s ɔ	s ɔ	NA	0	0	reg_d	rhyme_replaced	vowel_change
model_jacobian	d r ɛ s	d r ɛ s t	d r ɛ s t	p r ɛ s	p r ɛ s t	p r ɛ s t	d r ɛ s t	1	1	reg_t	reg_t	reg_t
model_jacobian	ə n d ɹ̩ s t æ n d	ə n d ɹ̩ s t ʊ d	ə n d ɹ̩ s t æ n d	k ɑː m p r iː h ɛ n d	k ɑː m p r iː h ɛ n d ə d	k ɑː m p r iː h ɛ n d ə d	ə n d ɹ̩ s t æ n d ə d	0	0	rhyme_replaced	no_change	reg_əd
model_jacobian	t͡ʃ e ɪ s	t͡ʃ e ɪ s t	t͡ʃ e ɪ s t	b e ɪ s	b e ɪ s t	b e ɪ s t	t͡ʃ e ɪ s t	1	1	reg_t	reg_t	reg_t
model_jacobian	h ʌ ɡ	h ʌ ɡ d	h ʌ ɡ d	t ʌ ɡ	t ʌ ɡ d	t ʌ ɡ d	h ʌ ɡ d	1	1	reg_d	reg_d	reg_d
model_jacobian	h ɪ t	h ɪ t	h ɪ t	p ɪ t	p ɪ t ə d	p ɪ t ə d	h ɪ t ə d	0	0	no_change	no_change	reg_əd
model_jacobian	h æ m ɹ̩	h æ m ɹ̩ d	h æ m ɹ̩ d	s ɪ m ɹ̩	s ɪ m ɹ̩ d	s ɪ m ɹ̩ d	h æ m ɹ̩ d	1	1	reg_d	reg_d	reg_d
model_jacobian	w a ɪ n d	w a ɪ n d ə d	w a ʊ n d	f a ɪ n d	f a ʊ n d	f a ʊ n d	w a ʊ n d	1	0	reg_əd	vowel_change	vowel_change
model_jacobian	k ə n s t r ʌ k t	k ə n s t r ʌ k t ə d	k ə n s t r ʌ k t ə d	ɪ l ə s t r e ɪ t	ɪ l ə s t r e ɪ t ə d	ɪ l ə s t r e ɪ t ə d	k ə n s t r ʌ k t ə d	1	1	reg_əd	reg_əd	reg_əd
model_jacobian	m iː t	m ɛ t	m iː t ə d	h iː t	h iː t ə d	h iː t ə d	m iː t ə d	1	0	vowel_change	reg_əd	reg_əd
model_jacobian	s w ɪ ʃ	s w ɪ ʃ t	s w ɪ ʃ t	s m æ ʃ	s m æ ʃ t	s m æ ʃ t	s w ɪ ʃ t	1	1	reg_t	reg_t	reg_t
model_jacobian	s k w iː z	s k w iː z d	s k w iː z d	k l o ʊ z	k l o ʊ z d	k l o ʊ z d	s k w iː z d	1	1	reg_d	reg_d	reg_d
model_jacobian	t͡ʃ ʌ ɡ	t͡ʃ ʌ ɡ d	t͡ʃ ʌ ɡ d	t ʌ ɡ	t ʌ ɡ d	t ʌ ɡ d	t͡ʃ ʌ ɡ d	1	1	reg_d	reg_d	reg_d
model_jacobian	b r æ n t͡ʃ	b r æ n t͡ʃ t	b r æ n t͡ʃ t	s t r ɛ t͡ʃ	s t r ɛ t͡ʃ t	s t r ɛ t͡ʃ t	b r æ n t͡ʃ t	1	1	reg_t	reg_t	reg_t
model_jacobian	n o ʊ t ɪ s	n o ʊ t ɪ s t	n o ʊ t ɪ s t	s p l a ɪ s	s p l a ɪ s t	s p l a ɪ s t	n o ʊ t ɪ s t	1	1	reg_t	reg_t	reg_t
model_jacobian	b e ɪ k	b e ɪ k t	b e ɪ k t	r e ɪ k	r e ɪ k t	r e ɪ k t	b e ɪ k t	1	1	reg_t	reg_t	reg_t
model_jacobian	s n æ p	s n æ p t	s n æ p t	s t ɛ p	s t ɛ p t	s t ɛ p t	s n æ p t	1	1	reg_t	reg_t	reg_t
model_jacobian	s w ɪ m	s w æ m	s w ɪ m d	s k ɪ m	s k ɪ m d	s k ɪ m d	s w ɪ m d	1	0	vowel_change	reg_d	reg_d
model_jacobian	ʃ ʌ t ə l	ʃ ʌ t ə l d	ʃ ʌ t ə l d	s ɛ t ə l	s ɛ t ə l d	s ɛ t ə l d	ʃ ʌ t ə l d	1	1	reg_d	reg_d	reg_d
model_jacobian	ə p r iː ʃ iː e ɪ t	ə p r iː ʃ iː e ɪ t ə d	ə p r iː ʃ iː e ɪ t ə d	ɪ v æ l j uː e ɪ t	ɪ v æ l j uː e ɪ t ə d	ɪ v æ l j uː e ɪ t ə d	ə p r iː ʃ iː e ɪ t ə d	1	1	reg_əd	reg_əd	reg_əd
model_jacobian	s m uː ð	s m uː ð d	s m uː ð d	b r iː ð	b r iː ð d	b r iː ð d	s m uː ð d	1	1	reg_d	reg_d	reg_d
model_jacobian	s t ɛ r	s t ɛ r d	s t ɛ r d	s p ɛ r	s p ɛ r d	s p ɛ r d	s t ɛ r d	1	1	reg_d	reg_d	reg_d
model_jacobian	k ɑː s t uː m	k ɑː s t uː m d	k ɑː s t uː m d	v æ k j uː m	v æ k j uː m d	v æ k j uː m d	k ɑː s t uː m d	1	1	reg_d	reg_d	reg_d
model_jacobian	ɡ uː f	ɡ uː f t	ɡ uː f t	p ʌ f	p ʌ f t	p ʌ f t	ɡ uː f t	1	1	reg_t	reg_t	reg_t
model_jacobian	d r a ʊ n	d r a ʊ n d	d r a ʊ n d	b r a ʊ n	b r a ʊ n d	b r a ʊ n d	d r a ʊ n d	1	1	reg_d	reg_d	reg_d
model_jacobian	n ɹ̩ s	n ɹ̩ s t	n ɹ̩ s t	l uː s	l uː s t	l uː s t	n ɹ̩ s t	1	1	reg_t	reg_t	reg_t
model_jacobian	k r a ɪ	k r a ɪ d	k r a ɪ d	f r a ɪ	f r a ɪ d	f r a ɪ d	k r a ɪ d	1	1	reg_d	reg_d	reg_d
model_jacobian	iː v ɪ n	iː v ɪ n d	iː v ɪ n d	f a ɪ n	f a ɪ n d	f a ɪ n d	iː v ɪ n d	1	1	reg_d	reg_d	reg_d
model_jacobian	m a ɪ n	m a ɪ n d	m a ɪ n d	ʃ a ɪ n	ʃ a ɪ n d	ʃ a ɪ n d	m a ɪ n d	1	1	reg_d	reg_d	reg_d
model_jacobian	b ɪ ɡ ɪ n	b ɪ ɡ æ n	b ɪ ɡ e ɪ n	f ɹ̩ ɡ ɪ v	f ɹ̩ ɡ e ɪ v	f ɹ̩ ɡ e ɪ v	NA	0	0	vowel_change	vowel_change	vowel_change
model_jacobian	s p æ ŋ k	s p æ ŋ k t	s p æ ŋ k t	s k w iː k	s k w iː k t	s k w iː k t	s p æ ŋ k t	1	1	reg_t	reg_t	reg_t
model_jacobian	t͡ʃ ɪ p	t͡ʃ ɪ p t	t͡ʃ ɪ p t	w ɪ p	w ɪ p t	w ɪ p t	t͡ʃ ɪ p t	1	1	reg_t	reg_t	reg_t
model_jacobian	s p iː k	s p o ʊ k	s p ɛ k t	s p iː d	s p ɛ d	s p ɛ d	NA	0	0	vowel_change	vowel_change_suffix	vowel_change
model_jacobian	s w ɪ t͡ʃ	s w ɪ t͡ʃ t	s w ɪ t͡ʃ t	s n æ t͡ʃ	s n æ t͡ʃ t	s n æ t͡ʃ t	s w ɪ t͡ʃ t	1	1	reg_t	reg_t	reg_t
model_jacobian	f a ɪ ɹ̩	f a ɪ ɹ̩ d	f a ɪ ɹ̩ d	f ɛ ð ɹ̩	f ɛ ð ɹ̩ d	f ɛ ð ɹ̩ d	f a ɪ ɹ̩ d	1	1	reg_d	reg_d	reg_d
model_jacobian	b ɪ l	b ɪ l d	b ɪ l d	w ɪ l	w ɪ l d	w ɪ l d	b ɪ l d	1	1	reg_d	reg_d	reg_d
model_jacobian	r iː m a ɪ n d	r iː m a ɪ n d ə d	r iː m a ʊ n d ə d	ə n w a ɪ n d	ə n w a ʊ n d	ə n w a ʊ n d	r iː m a ʊ n d	0	0	reg_əd	other	vowel_change
model_jacobian	s iː d	s iː d ə d	s iː d ə d	w iː d	w iː d ə d	w iː d ə d	s iː d ə d	1	1	reg_əd	reg_əd	reg_əd
model_jacobian	w e ɪ v	w e ɪ v d	w e ɪ v d	ʃ e ɪ v	ʃ e ɪ v d	ʃ e ɪ v d	w e ɪ v d	1	1	reg_d	reg_d	reg_d
model_jacobian	b l uː m	b l uː m d	b l uː m d	s l æ m	s l æ m d	s l æ m d	b l uː m d	1	1	reg_d	reg_d	reg_d
model_jacobian	s t ɪ ŋ	s t ʌ ŋ	s t ɪ ŋ	w a ɪ ɹ̩	w a ɪ ɹ̩ d	w a ɪ ɹ̩ d	s t ɪ ŋ d	0	0	vowel_change	no_change	reg_d
model_jacobian	ə r a ɪ v	ə r a ɪ v d	ə r a ɪ v d	d ɹ̩ a ɪ v	d ɹ̩ a ɪ v d	d ɹ̩ a ɪ v d	ə r a ɪ v d	1	1	reg_d	reg_d	reg_d
model_jacobian	b l ɛ s	b l ɛ s t	b l ɛ s t	p r ɛ s	p r ɛ s t	p r ɛ s t	b l ɛ s t	1	1	reg_t	reg_t	reg_t
model_jacobian	ə r ɛ s t	ə r ɛ s t ə d	ə r ɛ s t ə d	t w ɪ s t	t w ɪ s t ə d	t w ɪ s t ə d	ə r ɛ s t ə d	1	1	reg_əd	reg_əd	reg_əd
model_jacobian	s p ɪ n	s p ʌ n	s p ɪ n d	s t ʌ n	s t ʌ n d	s t ʌ n d	s p ɪ n d	1	0	vowel_change	reg_d	reg_d
model_jacobian	k ə m p iː t	k ə m p iː t ə d	k ə m p iː t ə d	m ɑː r k ə t	m ɑː r k ə t ə d	m ɑː r k ə t ə d	k ə m p iː t ə d	1	1	reg_əd	reg_əd	reg_əd
model_jacobian	t r e ɪ n	t r e ɪ n d	t r e ɪ n d	p l e ɪ n	p l e ɪ n d	p l e ɪ n d	t r e ɪ n d	1	1	reg_d	reg_d	reg_d
model_jacobian	p æ s	p æ s t	p æ s t	ɡ æ s	ɡ æ s t	ɡ æ s t	p æ s t	1	1	reg_t	reg_t	reg_t
model_jacobian	s ɪ ŋ k	s æ ŋ k	s ɪ ŋ k t	d ʌ ŋ k	d ʌ ŋ k t	d ʌ ŋ k t	s ɪ ŋ k t	1	0	vowel_change	reg_t	reg_t
model_jacobian	l uː p	l uː p t	l uː p t	w uː p	w uː p t	w uː p t	l uː p t	1	1	reg_t	reg_t	reg_t
model_jacobian	s ə l ɛ k t	s ə l ɛ k t ə d	s ə l ɛ k t ə d	k ə l ɛ k t	k ə l ɛ k t ə d	k ə l ɛ k t ə d	s ə l ɛ k t ə d	1	1	reg_əd	reg_əd	reg_əd
model_jacobian	r ɪ ŋ	r æ ŋ	r ɪ ŋ	d ɪ ŋ	d ɪ ŋ d	d ɪ ŋ d	r ɪ ŋ d	0	0	vowel_change	no_change	reg_d
model_jacobian	m e ɪ l	m e ɪ l d	m e ɪ l d	w e ɪ l	w e ɪ l d	w e ɪ l d	m e ɪ l d	1	1	reg_d	reg_d	reg_d
model_jacobian	p æ t	p æ t ə d	p æ t ə d	p ɪ t	p ɪ t ə d	p ɪ t ə d	p æ t ə d	1	1	reg_əd	reg_əd	reg_əd
model_jacobian	k ɪ d	k ɪ d ə d	k ɪ d	e ɪ d	e ɪ d ə d	e ɪ d ə d	k ɪ d ə d	0	1	reg_əd	no_change	reg_əd
model_jacobian	p ɑː r d ə n	p ɑː r d ə n d	p ɑː r d ə n d	ʃ ɑː r p ə n	ʃ ɑː r p ə n d	ʃ ɑː r p ə n d	p ɑː r d ə n d	1	1	reg_d	reg_d	reg_d
model_jacobian	s t iː r	s t iː r d	s t iː r d	s t ɑː r	s t ɑː r d	s t ɑː r d	s t iː r d	1	1	reg_d	reg_d	reg_d
model_jacobian	f o ʊ l d	f o ʊ l d ə d	f o ʊ l d ə d	m o ʊ l d	m o ʊ l d ə d	m o ʊ l d ə d	f o ʊ l d ə d	1	1	reg_əd	reg_əd	reg_əd
model_jacobian	s n iː k	s n iː k t	s n iː k t	s t ɑː k	s t ɑː k t	s t ɑː k t	s n iː k t	1	1	reg_t	reg_t	reg_t
model_jacobian	b e ɪ l	b e ɪ l d	b e ɪ l d	w e ɪ l	w e ɪ l d	w e ɪ l d	b e ɪ l d	1	1	reg_d	reg_d	reg_d
model_jacobian	b ɛ t ɹ̩	b ɛ t ɹ̩ d	b ɛ t ɹ̩ d	b ʌ t ɹ̩	b ʌ t ɹ̩ d	b ʌ t ɹ̩ d	b ɛ t ɹ̩ d	1	1	reg_d	reg_d	reg_d
model_jacobian	ɡ ɑː r b ə l	ɡ ɑː r b ə l d	ɡ ɑː r b ə l d	m ɑː r b ə l	m ɑː r b ə l d	m ɑː r b ə l d	ɡ ɑː r b ə l d	1	1	reg_d	reg_d	reg_d
model_jacobian	s k w ɹ̩ t	s k w ɹ̩ t ə d	s k w ɹ̩ t ə d	ɪ n s ɹ̩ t	ɪ n s ɹ̩ t ə d	ɪ n s ɹ̩ t ə d	s k w ɹ̩ t ə d	1	1	reg_əd	reg_əd	reg_əd
model_jacobian	b ɑː k s	b ɑː k s t	b ɑː k s t	m æ k s	m æ k s t	m æ k s t	b ɑː k s t	1	1	reg_t	reg_t	reg_t
model_jacobian	s iː l	s iː l d	s iː l d	w iː l	w iː l d	w iː l d	s iː l d	1	1	reg_d	reg_d	reg_d
model_jacobian	s p r ɛ d	s p r ɛ d	s p r ɛ d ə d	b r æ n d	b r æ n d ə d	b r æ n d ə d	s p r ɛ d ə d	1	0	no_change	reg_əd	reg_əd
model_jacobian	p r ɑː m ə s	p r ɑː m ə s t	p r ɑː m ə s t	h ɑː r n ə s	h ɑː r n ə s t	h ɑː r n ə s t	p r ɑː m ə s t	1	1	reg_t	reg_t	reg_t
model_jacobian	b iː t	b iː t	b iː t ə d	t͡ʃ iː t	t͡ʃ iː t ə d	t͡ʃ iː t ə d	b iː t ə d	1	0	no_change	reg_əd	reg_əd
model_jacobian	h ɪ p n ə t a ɪ z	h ɪ p n ə t a ɪ z d	h ɪ p n ə t a ɪ z d	ə p ɑː l ə d͡ʒ a ɪ z	ə p ɑː l ə d͡ʒ a ɪ z d	ə p ɑː l ə d͡ʒ a ɪ z d	h ɪ p n ə t a ɪ z d	1	1	reg_d	reg_d	reg_d
model_jacobian	s l æ p	s l æ p t	s l æ p t	s t ɛ p	s t ɛ p t	s t ɛ p t	s l æ p t	1	1	reg_t	reg_t	reg_t
model_jacobian	b ɛ s t	b ɛ s t ə d	b ɛ s t ə d	t ɛ s t	t ɛ s t ə d	t ɛ s t ə d	b ɛ s t ə d	1	1	reg_əd	reg_əd	reg_əd
model_jacobian	s t æ ɡ ɹ̩	s t æ ɡ ɹ̩ d	s t æ ɡ ɹ̩ d	f ɪ ŋ ɡ ɹ̩	f ɪ ŋ ɡ ɹ̩ d	f ɪ ŋ ɡ ɹ̩ d	s t æ ɡ ɹ̩ d	1	1	reg_d	reg_d	reg_d
model_jacobian	z æ p	z æ p t	z æ p t	n æ p	n æ p t	n æ p t	z æ p t	1	1	reg_t	reg_t	reg_t
model_jacobian	ə p s ɛ t	ə p s ɛ t	ə p s ɛ t	ɔ f s ɛ t	ɔ f s ɛ t	ɔ f s ɛ t	ə p s ɛ t	1	1	no_change	no_change	no_change
model_jacobian	r ɛ s t	r ɛ s t ə d	r ɛ s t ə d	r ʌ s t	r ʌ s t ə d	r ʌ s t ə d	r ɛ s t ə d	1	1	reg_əd	reg_əd	reg_əd
model_jacobian	s p l æ ʃ	s p l æ ʃ t	s p l æ ʃ t	f l ɹ̩ ɪ ʃ	f l ɹ̩ ɪ ʃ t	f l ɹ̩ ɪ ʃ t	s p l æ ʃ t	1	1	reg_t	reg_t	reg_t
model_jacobian	l a ɪ n	l a ɪ n d	l a ɪ n d	ʃ a ɪ n	ʃ a ɪ n d	ʃ a ɪ n d	l a ɪ n d	1	1	reg_d	reg_d	reg_d
model_jacobian	ə n d uː	ə n d ɪ d	ə n d uː d	t æ t uː	t æ t uː d	t æ t uː d	ə n d uː d	1	0	vowel_change_suffix	reg_d	reg_d
model_jacobian	p ɛ n	p ɛ n d	p ɛ n d	p æ n	p æ n d	p æ n d	p ɛ n d	1	1	reg_d	reg_d	reg_d
model_jacobian	ɛ d ə t	ɛ d ə t ə d	ɛ d ə t ə d	b l ɑː t	b l ɑː t ə d	b l ɑː t ə d	ɛ d ə t ə d	1	1	reg_əd	reg_əd	reg_əd
model_jacobian	ɪ k s p l ɔ r	ɪ k s p l ɔ r d	ɪ k s p l ɔ r d	ɪ n t ɹ̩ f ɪ r	ɪ n t ɹ̩ f ɪ r d	ɪ n t ɹ̩ f ɪ r d	ɪ k s p l ɔ r d	1	1	reg_d	reg_d	reg_d
model_jacobian	ə s uː m	ə s uː m d	ə s uː m d	ʃ e ɪ m	ʃ e ɪ m d	ʃ e ɪ m d	ə s uː m d	1	1	reg_d	reg_d	reg_d
model_jacobian	s p r e ɪ	s p r e ɪ d	s p r e ɪ d	ə p l a ɪ	ə p l a ɪ d	ə p l a ɪ d	s p r e ɪ d	1	1	reg_d	reg_d	reg_d
model_jacobian	l o ʊ ɹ̩	l o ʊ ɹ̩ d	l o ʊ ɹ̩ d	ʃ a ʊ ɹ̩	ʃ a ʊ ɹ̩ d	ʃ a ʊ ɹ̩ d	l o ʊ ɹ̩ d	1	1	reg_d	reg_d	reg_d
model_jacobian	d æ m	d æ m d	d æ m d	θ ʌ m	θ ʌ m d	θ ʌ m d	d æ m d	1	1	reg_d	reg_d	reg_d
model_jacobian	r ʌ ʃ	r ʌ ʃ t	r æ ʃ t	r ʌ n	r æ n	r æ n	NA	0	0	reg_t	vowel_change_suffix	vowel_change
model_jacobian	p l ʌ ɡ	p l ʌ ɡ d	p l ʌ ɡ d	s l ʌ ɡ	s l ʌ ɡ d	s l ʌ ɡ d	p l ʌ ɡ d	1	1	reg_d	reg_d	reg_d
model_jacobian	ə d m ɪ t	ə d m ɪ t ə d	ə d m ɪ t ə d	k ə m ɪ t	k ə m ɪ t ə d	k ə m ɪ t ə d	ə d m ɪ t ə d	1	1	reg_əd	reg_əd	reg_əd
model_jacobian	ə n t a ɪ	ə n t a ɪ d	ə n t a ɪ d	ə p l a ɪ	ə p l a ɪ d	ə p l a ɪ d	ə n t a ɪ d	1	1	reg_d	reg_d	reg_d
model_jacobian	b ʌ k ə l	b ʌ k ə l d	b ʌ k ə l d	b ɑː t ə l	b ɑː t ə l d	b ɑː t ə l d	b ʌ k ə l d	1	1	reg_d	reg_d	reg_d
model_jacobian	s w uː ʃ	s w uː ʃ t	s w uː ʃ t	s m æ ʃ	s m æ ʃ t	s m æ ʃ t	s w uː ʃ t	1	1	reg_t	reg_t	reg_t
model_jacobian	ə r a ɪ z	ə r o ʊ z	ə r a ɪ z d	p r a ɪ z	p r a ɪ z d	p r a ɪ z d	ə r a ɪ z d	1	0	vowel_change	reg_d	reg_d
model_jacobian	s o ʊ k	s o ʊ k t	s o ʊ k t	d͡ʒ o ʊ k	d͡ʒ o ʊ k t	d͡ʒ o ʊ k t	s o ʊ k t	1	1	reg_t	reg_t	reg_t
model_jacobian	t r æ p	t r æ p t	t r æ p t	t r ɪ p	t r ɪ p t	t r ɪ p t	t r æ p t	1	1	reg_t	reg_t	reg_t
model_jacobian	p a ɪ l	p a ɪ l d	p a ɪ l d	t a ɪ l	t a ɪ l d	t a ɪ l d	p a ɪ l d	1	1	reg_d	reg_d	reg_d
model_jacobian	ɪ k s p l o ʊ d	ɪ k s p l o ʊ d ə d	ɪ k s p l o ʊ d ə d	d a ʊ n l o ʊ d	d a ʊ n l o ʊ d ə d	d a ʊ n l o ʊ d ə d	ɪ k s p l o ʊ d ə d	1	1	reg_əd	reg_əd	reg_əd
model_jacobian	b ɔ ɪ l	b ɔ ɪ l d	b ɔ ɪ l d	w e ɪ l	w e ɪ l d	w e ɪ l d	b ɔ ɪ l d	1	1	reg_d	reg_d	reg_d
model_jacobian	k ə n s ɪ d ɹ̩	k ə n s ɪ d ɹ̩ d	k ə n s ɪ d ɹ̩ d	d ɪ s k ʌ v ɹ̩	d ɪ s k ʌ v ɹ̩ d	d ɪ s k ʌ v ɹ̩ d	k ə n s ɪ d ɹ̩ d	1	1	reg_d	reg_d	reg_d
model_jacobian	s k a ʊ l	s k a ʊ l d	s k a ʊ l d	ɡ r a ʊ l	ɡ r a ʊ l d	ɡ r a ʊ l d	s k a ʊ l d	1	1	reg_d	reg_d	reg_d
model_jacobian	ɪ ɡ z ɔ s t	ɪ ɡ z ɔ s t ə d	ɪ ɡ z ɔ s t ə d	ɪ ɡ z ɪ s t	ɪ ɡ z ɪ s t ə d	ɪ ɡ z ɪ s t ə d	ɪ ɡ z ɔ s t ə d	1	1	reg_əd	reg_əd	reg_əd
model_jacobian	s uː p ɹ̩ v a ɪ z	s uː p ɹ̩ v a ɪ z d	s uː p ɹ̩ v a ɪ z d	ɛ k s ɹ̩ s a ɪ z	ɛ k s ɹ̩ s a ɪ z d	ɛ k s ɹ̩ s a ɪ z d	s uː p ɹ̩ v a ɪ z d	1	1	reg_d	reg_d	reg_d
model_jacobian	d æ ŋ ɡ ə l	d æ ŋ ɡ ə l d	d æ ŋ ɡ ə l d	m æ ŋ ɡ ə l	m æ ŋ ɡ ə l d	m æ ŋ ɡ ə l d	d æ ŋ ɡ ə l d	1	1	reg_d	reg_d	reg_d
model_jacobian	d͡ʒ ɪ m iː	d͡ʒ ɪ m iː d	d͡ʒ ɪ m iː d	m ɛ r iː	m ɛ r iː d	m ɛ r iː d	d͡ʒ ɪ m iː d	1	1	reg_d	reg_d	reg_d
model_jacobian	t r ʌ b ə l	t r ʌ b ə l d	t r ʌ b ə l d	t ʌ m b ə l	t ʌ m b ə l d	t ʌ m b ə l d	t r ʌ b ə l d	1	1	reg_d	reg_d	reg_d
model_jacobian	p e ɪ d͡ʒ	p e ɪ d͡ʒ d	p e ɪ d͡ʒ d	b r ɪ d͡ʒ	b r ɪ d͡ʒ d	b r ɪ d͡ʒ d	p e ɪ d͡ʒ d	1	1	reg_d	reg_d	reg_d
model_jacobian	t a ʊ ɹ̩	t a ʊ ɹ̩ d	t a ʊ ɹ̩ d	ʃ a ʊ ɹ̩	ʃ a ʊ ɹ̩ d	ʃ a ʊ ɹ̩ d	t a ʊ ɹ̩ d	1	1	reg_d	reg_d	reg_d
model_jacobian	f ɛ n s	f ɛ n s t	f ɛ n s t	d æ n s	d æ n s t	d æ n s t	f ɛ n s t	1	1	reg_t	reg_t	reg_t
model_jacobian	d ɛ r	d ɛ r d	d ɛ r d	t͡ʃ ɛ r	t͡ʃ ɛ r d	t͡ʃ ɛ r d	d ɛ r d	1	1	reg_d	reg_d	reg_d
model_jacobian	b l iː d	b l ɛ d	b l ɛ d ə d	s l iː p	s l ɛ p t	s l ɛ p t	NA	0	0	vowel_change	other	vowel_change_suffix
model_jacobian	ɛ n t ɹ̩	ɛ n t ɹ̩ d	ɛ n t ɹ̩ d	m æ t ɹ̩	m æ t ɹ̩ d	m æ t ɹ̩ d	ɛ n t ɹ̩ d	1	1	reg_d	reg_d	reg_d
model_jacobian	m e ɪ n t e ɪ n	m e ɪ n t e ɪ n d	m e ɪ n t e ɪ n d	r iː s t r e ɪ n	r iː s t r e ɪ n d	r iː s t r e ɪ n d	m e ɪ n t e ɪ n d	1	1	reg_d	reg_d	reg_d
model_jacobian	f ɛ r	f ɛ r d	f ɛ r d	t͡ʃ ɛ r	t͡ʃ ɛ r d	t͡ʃ ɛ r d	f ɛ r d	1	1	reg_d	reg_d	reg_d
model_jacobian	d ɪ p	d ɪ p t	d ɪ p t	w ɪ p	w ɪ p t	w ɪ p t	d ɪ p t	1	1	reg_t	reg_t	reg_t
model_jacobian	j ɔ n	j ɔ n d	j ɔ n d	p æ n	p æ n d	p æ n d	j ɔ n d	1	1	reg_d	reg_d	reg_d
model_jacobian	ʃ ʊ ɡ ɹ̩	ʃ ʊ ɡ ɹ̩ d	ʃ ʊ ɡ ɹ̩ d	æ n s ɹ̩	æ n s ɹ̩ d	æ n s ɹ̩ d	ʃ ʊ ɡ ɹ̩ d	1	1	reg_d	reg_d	reg_d
model_jacobian	d r ɪ f t	d r ɪ f t ə d	d r æ f t ə d	d r ɪ ŋ k	d r æ ŋ k	d r æ ŋ k	NA	0	0	reg_əd	other	vowel_change
model_jacobian	ɪ n s p a ɪ ɹ̩	ɪ n s p a ɪ ɹ̩ d	ɪ n s p a ɪ ɹ̩ d	ɪ k s p a ɪ ɹ̩	ɪ k s p a ɪ ɹ̩ d	ɪ k s p a ɪ ɹ̩ d	ɪ n s p a ɪ ɹ̩ d	1	1	reg_d	reg_d	reg_d
model_jacobian	m ɛ n ʃ ə n	m ɛ n ʃ ə n d	m ɛ n ʃ ə n d	f r ɛ ʃ ə n	f r ɛ ʃ ə n d	f r ɛ ʃ ə n d	m ɛ n ʃ ə n d	1	1	reg_d	reg_d	reg_d
model_jacobian	s l ɪ p	s l ɪ p t	s l ɪ p t	k l ɪ p	k l ɪ p t	k l ɪ p t	s l ɪ p t	1	1	reg_t	reg_t	reg_t
model_jacobian	s k ɪ p	s k ɪ p t	s k ɪ p t	t e ɪ p	t e ɪ p t	t e ɪ p t	s k ɪ p t	1	1	reg_t	reg_t	reg_t
model_jacobian	m ə n ɪ p j ə l e ɪ t	m ə n ɪ p j ə l e ɪ t ə d	m ə n j ə l ə l e ɪ t ə d	a ɪ d ɛ n t ə f a ɪ	a ɪ d ɛ n t ə f a ɪ d	a ɪ d ɛ n t ə f a ɪ d	m ə n ɪ p j ə l e ɪ t d	0	0	reg_əd	other	reg_d
model_jacobian	s æ k	s æ k t	s æ k t	w æ k	w æ k t	w æ k t	s æ k t	1	1	reg_t	reg_t	reg_t
model_jacobian	ɪ n s p ɛ k t	ɪ n s p ɛ k t ə d	ɪ n s p ɛ k t ə d	ɪ k s p ɛ k t	ɪ k s p ɛ k t ə d	ɪ k s p ɛ k t ə d	ɪ n s p ɛ k t ə d	1	1	reg_əd	reg_əd	reg_əd
model_jacobian	s æ k r ə f a ɪ s	s æ k r ə f a ɪ s t	s æ k r ə f a ɪ s t	ɪ n t r ə d uː s	ɪ n t r ə d uː s t	ɪ n t r ə d uː s t	s æ k r ə f a ɪ s t	1	1	reg_t	reg_t	reg_t
model_jacobian	t æ p	t æ p t	t æ p t	m æ p	m æ p t	m æ p t	t æ p t	1	1	reg_t	reg_t	reg_t
model_jacobian	h ɔ l	h ɔ l d	h ɔ l d	h ɹ̩ l	h ɹ̩ l d	h ɹ̩ l d	h ɔ l d	1	1	reg_d	reg_d	reg_d
model_jacobian	s k a ʊ t	s k a ʊ t ə d	s k a ʊ t ə d	s n ɔ r t	s n ɔ r t ə d	s n ɔ r t ə d	s k a ʊ t ə d	1	1	reg_əd	reg_əd	reg_əd
model_jacobian	p ɑː k ə t	p ɑː k ə t ə d	p ɑː k ə t ə d	t ɪ k ə t	t ɪ k ə t ə d	t ɪ k ə t ə d	p ɑː k ə t ə d	1	1	reg_əd	reg_əd	reg_əd
model_jacobian	h a ʊ l	h a ʊ l d	h a ʊ l d	h o ʊ l	h o ʊ l d	h o ʊ l d	h a ʊ l d	1	1	reg_d	reg_d	reg_d
model_jacobian	d ɔ n	d ɔ n d	d ɔ n d	d ɑː n	d ɑː n d	d ɑː n d	d ɔ n d	1	1	reg_d	reg_d	reg_d
model_jacobian	t æ ŋ ɡ ə l	t æ ŋ ɡ ə l d	t æ ŋ ɡ ə l d	t ʌ m b ə l	t ʌ m b ə l d	t ʌ m b ə l d	t æ ŋ ɡ ə l d	1	1	reg_d	reg_d	reg_d
model_jacobian	ɡ a ɪ d	ɡ a ɪ d ə d	ɡ a ɪ d ə d	h a ɪ d	h a ɪ d ə d	h ɪ d	ɡ a ɪ d ə d	1	1	reg_əd	reg_əd	reg_əd
model_jacobian	θ ʌ n d ɹ̩	θ ʌ n d ɹ̩ d	θ ʌ n d ɹ̩ d	w ʌ n d ɹ̩	w ʌ n d ɹ̩ d	w ʌ n d ɹ̩ d	θ ʌ n d ɹ̩ d	1	1	reg_d	reg_d	reg_d
model_jacobian	r a ʊ n d	r a ʊ n d ə d	r a ʊ n d ə d	p a ʊ n d	p a ʊ n d ə d	p a ʊ n d ə d	r a ʊ n d ə d	1	1	reg_əd	reg_əd	reg_əd
model_jacobian	æ b d ʌ k t	æ b d ʌ k t ə d	æ b ʌ k t ə d	d r ɪ ŋ k	d r æ ŋ k	d r æ ŋ k	NA	0	0	reg_əd	other	vowel_change
model_jacobian	ɡ ʌ m	ɡ ʌ m d	ɡ ʌ m d	θ ʌ m	θ ʌ m d	θ ʌ m d	ɡ ʌ m d	1	1	reg_d	reg_d	reg_d
model_jacobian	l ɛ k t͡ʃ ɹ̩	l ɛ k t͡ʃ ɹ̩ d	l ɛ k t͡ʃ ɹ̩ d	p ɪ k t͡ʃ ɹ̩	p ɪ k t͡ʃ ɹ̩ d	p ɪ k t͡ʃ ɹ̩ d	l ɛ k t͡ʃ ɹ̩ d	1	1	reg_d	reg_d	reg_d
model_jacobian	d r ɪ b ə l	d r ɪ b ə l d	d r ɪ b ə l d	t e ɪ b ə l	t e ɪ b ə l d	t e ɪ b ə l d	d r ɪ b ə l d	1	1	reg_d	reg_d	reg_d
model_jacobian	d ʌ s t	d ʌ s t ə d	d ʌ s t ə d	b ʌ s t	b ʌ s t ə d	b ʌ s t ə d	d ʌ s t ə d	1	1	reg_əd	reg_əd	reg_əd
model_jacobian	d͡ʒ æ m	d͡ʒ æ m d	d͡ʒ æ m d	z uː m	z uː m d	z uː m d	d͡ʒ æ m d	1	1	reg_d	reg_d	reg_d
model_jacobian	t͡ʃ æ n ə l	t͡ʃ æ n ə l d	t͡ʃ æ n ə l d	r æ t ə l	r æ t ə l d	r æ t ə l d	t͡ʃ æ n ə l d	1	1	reg_d	reg_d	reg_d
model_jacobian	d r e ɪ n	d r e ɪ n d	d r e ɪ n d	s t e ɪ n	s t e ɪ n d	s t e ɪ n d	d r e ɪ n d	1	1	reg_d	reg_d	reg_d
model_jacobian	w uː n d	w uː n d ə d	w uː n d ə d	l æ n d	l æ n d ə d	l æ n d ə d	w uː n d ə d	1	1	reg_əd	reg_əd	reg_əd
model_jacobian	t e ɪ l	t e ɪ l d	t e ɪ l d	t a ɪ l	t a ɪ l d	t a ɪ l d	t e ɪ l d	1	1	reg_d	reg_d	reg_d
model_jacobian	s l o ʊ	s l o ʊ d	s l o ʊ d	f l o ʊ	f l o ʊ d	f l o ʊ d	s l o ʊ d	1	1	reg_d	reg_d	reg_d
model_jacobian	s t ɪ ŋ k	s t ʌ ŋ k	s t ɪ ŋ k t	s t e ɪ k	s t e ɪ k t	s t e ɪ k t	s t ɪ ŋ k t	1	0	vowel_change	reg_t	reg_t
model_jacobian	f iː l d	f iː l d ə d	f iː l d ə d	ʃ iː l d	ʃ iː l d ə d	ʃ iː l d ə d	f iː l d ə d	1	1	reg_əd	reg_əd	reg_əd
model_jacobian	s p a ɪ	s p a ɪ d	s p a ɪ d	s w e ɪ	s w e ɪ d	s w e ɪ d	s p a ɪ d	1	1	reg_d	reg_d	reg_d
model_jacobian	s ɪ ɡ n ə l	s ɪ ɡ n ə l d	s ɪ ɡ n ə l d	t r æ v ə l	t r æ v ə l d	t r æ v ə l d	s ɪ ɡ n ə l d	1	1	reg_d	reg_d	reg_d
model_jacobian	ɛ n k ɹ̩ ɪ d͡ʒ	ɛ n k ɹ̩ ɪ d͡ʒ d	ɛ n k ɹ̩ ɪ d͡ʒ d	ɪ n ɡ e ɪ d͡ʒ	ɪ n ɡ e ɪ d͡ʒ d	ɪ n ɡ e ɪ d͡ʒ d	ɛ n k ɹ̩ ɪ d͡ʒ d	1	1	reg_d	reg_d	reg_d
model_jacobian	s æ n ɪ t a ɪ z	s æ n ɪ t a ɪ z d	s æ n ɪ t a ɪ z d	ɔ r ɡ ə n a ɪ z	ɔ r ɡ ə n a ɪ z d	ɔ r ɡ ə n a ɪ z d	s æ n ɪ t a ɪ z d	1	1	reg_d	reg_d	reg_d
model_jacobian	f r a ɪ t ə n	f r a ɪ t ə n d	f r a ɪ t ə n d	b r a ɪ t ə n	b r a ɪ t ə n d	b r a ɪ t ə n d	f r a ɪ t ə n d	1	1	reg_d	reg_d	reg_d
model_jacobian	o ʊ v ɹ̩ k ə m	o ʊ v ɹ̩ k e ɪ m	o ʊ v ɹ̩ k ə m d	b r a ɪ t ə n	b r a ɪ t ə n d	b r a ɪ t ə n d	o ʊ v ɹ̩ k ə m d	1	0	vowel_change	reg_d	reg_d
model_jacobian	p ɛ p ɹ̩	p ɛ p ɹ̩ d	p ɛ p ɹ̩ d	p iː t ɹ̩	p iː t ɹ̩ d	p iː t ɹ̩ d	p ɛ p ɹ̩ d	1	1	reg_d	reg_d	reg_d
model_jacobian	b ʌ d͡ʒ	b ʌ d͡ʒ d	b ʌ d͡ʒ d	f ʌ d͡ʒ	f ʌ d͡ʒ d	f ʌ d͡ʒ d	b ʌ d͡ʒ d	1	1	reg_d	reg_d	reg_d
model_jacobian	ɡ l ɛ r	ɡ l ɛ r d	ɡ l ɛ r d	s k ɛ r	s k ɛ r d	s k ɛ r d	ɡ l ɛ r d	1	1	reg_d	reg_d	reg_d
model_jacobian	ə f ɔ r d	ə f ɔ r d ə d	ə f ɔ r d ə d	ə p l ɔ d	ə p l ɔ d ə d	ə p l ɔ d ə d	ə f ɔ r d ə d	1	1	reg_əd	reg_əd	reg_əd
model_jacobian	s k o ʊ l d	s k o ʊ l d ə d	s k o ʊ l d ə d	ɪ n t ɛ n d	ɪ n t ɛ n d ə d	ɪ n t ɛ n d ə d	s k o ʊ l d ə d	1	1	reg_əd	reg_əd	reg_əd
model_jacobian	s ɛ n s	s ɛ n s t	s ɛ n s t	m ɪ n s	m ɪ n s t	m ɪ n s t	s ɛ n s t	1	1	reg_t	reg_t	reg_t
model_jacobian	ɛ m f ə s a ɪ z	ɛ m f ə s a ɪ z d	ɛ m f ə s a ɪ z d	m ɛ z m ɹ̩ a ɪ z	m ɛ z m ɹ̩ a ɪ z d	m ɛ z m ɹ̩ a ɪ z d	ɛ m f ə s a ɪ z d	1	1	reg_d	reg_d	reg_d
model_jacobian	l e ɪ b ə l	l e ɪ b ə l d	l e ɪ b ə l d	t e ɪ b ə l	t e ɪ b ə l d	t e ɪ b ə l d	l e ɪ b ə l d	1	1	reg_d	reg_d	reg_d
model_jacobian	b a ʊ	b a ʊ d	b ɔ t	b a ɪ	b ɔ t	b ɔ t	NA	0	0	reg_d	vowel_change_suffix	vowel_change_suffix
model_jacobian	b ʌ n t͡ʃ	b ʌ n t͡ʃ t	b ʌ n t͡ʃ t	l ʌ n t͡ʃ	l ʌ n t͡ʃ t	l ʌ n t͡ʃ t	b ʌ n t͡ʃ t	1	1	reg_t	reg_t	reg_t
model_jacobian	t ɛ r ə r a ɪ z	t ɛ r ə r a ɪ z d	t ɛ r ə r a ɪ z d	ɔ r ɡ ə n a ɪ z	ɔ r ɡ ə n a ɪ z d	ɔ r ɡ ə n a ɪ z d	t ɛ r ə r a ɪ z d	1	1	reg_d	reg_d	reg_d
model_jacobian	ɡ r æ v ə t e ɪ t	ɡ r æ v ə t e ɪ t ə d	ɡ r æ v ə t e ɪ t ə d	d ɛ v ə s t e ɪ t	d ɛ v ə s t e ɪ t ə d	d ɛ v ə s t e ɪ t ə d	ɡ r æ v ə t e ɪ t ə d	1	1	reg_əd	reg_əd	reg_əd
model_jacobian	b l æ s t	b l æ s t ə d	b l æ s t ə d	b o ʊ s t	b o ʊ s t ə d	b o ʊ s t ə d	b l æ s t ə d	1	1	reg_əd	reg_əd	reg_əd
model_jacobian	ɪ n ɪ ʃ ə l	ɪ n ɪ ʃ ə l d	ɪ n ɪ ʃ ə l d	t r ɪ p ə l	t r ɪ p ə l d	t r ɪ p ə l d	ɪ n ɪ ʃ ə l d	1	1	reg_d	reg_d	reg_d
model_jacobian	s w ɑː p	s w ɑː p t	s w ɑː p t	d r ɑː p	d r ɑː p t	d r ɑː p t	s w ɑː p t	1	1	reg_t	reg_t	reg_t
model_jacobian	æ d m a ɪ ɹ̩	æ d m a ɪ ɹ̩ d	æ d m a ɪ ɹ̩ d	r ɪ t a ɪ ɹ̩	r ɪ t a ɪ ɹ̩ d	r ɪ t a ɪ ɹ̩ d	æ d m a ɪ ɹ̩ d	1	1	reg_d	reg_d	reg_d
model_jacobian	s ə p ɔ r t	s ə p ɔ r t ə d	s ə p ɔ r t ə d	r iː p ɔ r t	r iː p ɔ r t ə d	r iː p ɔ r t ə d	s ə p ɔ r t ə d	1	1	reg_əd	reg_əd	reg_əd
model_jacobian	p æ m p ɹ̩	p æ m p ɹ̩ d	p æ m p ɹ̩ d	p ɪ k t͡ʃ ɹ̩	p ɪ k t͡ʃ ɹ̩ d	p ɪ k t͡ʃ ɹ̩ d	p æ m p ɹ̩ d	1	1	reg_d	reg_d	reg_d
model_jacobian	v ɔ ɪ s	v ɔ ɪ s t	v ɔ ɪ s t	d a ɪ s	d a ɪ s t	d a ɪ s t	v ɔ ɪ s t	1	1	reg_t	reg_t	reg_t
model_jacobian	s k ɔ r	s k ɔ r d	s k ɔ r d	s t ɔ r	s t ɔ r d	s t ɔ r d	s k ɔ r d	1	1	reg_d	reg_d	reg_d
model_jacobian	d ɑː k t ɹ̩	d ɑː k t ɹ̩ d	d ɑː k t ɹ̩ d	s p ʌ t ɹ̩	s p ʌ t ɹ̩ d	s p ʌ t ɹ̩ d	d ɑː k t ɹ̩ d	1	1	reg_d	reg_d	reg_d
model_jacobian	r iː v æ m p	r iː v æ m p t	r iː v æ m p t	s t r a ɪ p	s t r a ɪ p t	s t r a ɪ p t	r iː v æ m p t	1	1	reg_t	reg_t	reg_t
model_jacobian	l iː s	l iː s t	l iː s t	p iː s	p iː s t	p iː s t	l iː s t	1	1	reg_t	reg_t	reg_t
model_jacobian	s ə p r ɛ s	s ə p r ɛ s t	s ə p r ɛ s t	ɪ m p r ɛ s	ɪ m p r ɛ s t	ɪ m p r ɛ s t	s ə p r ɛ s t	1	1	reg_t	reg_t	reg_t
model_jacobian	ə p o ʊ z	ə p o ʊ z d	ə p o ʊ z d	k l o ʊ z	k l o ʊ z d	k l o ʊ z d	ə p o ʊ z d	1	1	reg_d	reg_d	reg_d
model_jacobian	f l ɑː p	f l ɑː p t	f l ɑː p t	p l ɑː p	p l ɑː p t	p l ɑː p t	f l ɑː p t	1	1	reg_t	reg_t	reg_t
model_jacobian	b ʌ m	b ʌ m d	b ʌ m d	b uː m	b uː m d	b uː m d	b ʌ m d	1	1	reg_d	reg_d	reg_d
model_jacobian	s p ɹ̩ t	s p ɹ̩ t ə d	s p ɹ̩ t ə d	s w ɛ t	s w ɛ t ə d	s w ɛ t ə d	s p ɹ̩ t ə d	1	1	reg_əd	reg_əd	reg_əd
model_jacobian	h uː t	h uː t ə d	h uː t ə d	s uː t	s uː t ə d	s uː t ə d	h uː t ə d	1	1	reg_əd	reg_əd	reg_əd
model_jacobian	p ɹ̩ s	p ɹ̩ s t	p ɹ̩ s t	k ɹ̩ s	k ɹ̩ s t	k ɹ̩ s t	p ɹ̩ s t	1	1	reg_t	reg_t	reg_t
model_jacobian	k l ʌ b	k l ʌ b d	k l ʌ b d	k j uː b	k j uː b d	k j uː b d	k l ʌ b d	1	1	reg_d	reg_d	reg_d
model_jacobian	p ɪ t iː	p ɪ t iː d	p ɪ t iː d	ə ɡ r iː	ə ɡ r iː d	ə ɡ r iː d	p ɪ t iː d	1	1	reg_d	reg_d	reg_d
model_jacobian	t r æ m p	t r æ m p t	t r æ m p t	t r ʌ m p	t r ʌ m p t	t r ʌ m p t	t r æ m p t	1	1	reg_t	reg_t	reg_t
model_jacobian	d͡ʒ ɛ n ɹ̩ e ɪ t	d͡ʒ ɛ n ɹ̩ e ɪ t ə d	d͡ʒ ɛ n ɹ̩ e ɪ t ə d	d ɛ k ɹ̩ e ɪ t	d ɛ k ɹ̩ e ɪ t ə d	d ɛ k ɹ̩ e ɪ t ə d	d͡ʒ ɛ n ɹ̩ e ɪ t ə d	1	1	reg_əd	reg_əd	reg_əd
model_jacobian	t æ t ə l	t æ t ə l d	t æ t ə l d	t æ k ə l	t æ k ə l d	t æ k ə l d	t æ t ə l d	1	1	reg_d	reg_d	reg_d
model_jacobian	f ʌ m b ə l	f ʌ m b ə l d	f ʌ m b ə l d	h æ n d ə l	h æ n d ə l d	h æ n d ə l d	f ʌ m b ə l d	1	1	reg_d	reg_d	reg_d
model_jacobian	s t æ ʃ	s t æ ʃ t	s t æ ʃ t	s m æ ʃ	s m æ ʃ t	s m æ ʃ t	s t æ ʃ t	1	1	reg_t	reg_t	reg_t
model_jacobian	ɪ n s ɪ s t	ɪ n s ɪ s t ə d	ɪ n s ɪ s t ə d	ɪ ɡ z ɪ s t	ɪ ɡ z ɪ s t ə d	ɪ ɡ z ɪ s t ə d	ɪ n s ɪ s t ə d	1	1	reg_əd	reg_əd	reg_əd
model_jacobian	ɪ ɡ z æ m ɪ n	ɪ ɡ z æ m ɪ n d	ɪ ɡ z æ m ɪ n d	d ɪ t ɹ̩ m ə n	d ɪ t ɹ̩ m ə n d	d ɪ t ɹ̩ m ə n d	ɪ ɡ z æ m ɪ n d	1	1	reg_d	reg_d	reg_d
model_jacobian	b l ɑː s ə m	b l ɑː s ə m d	b l ɑː s ə m d	w ɛ l k ə m	w ɛ l k ə m d	w ɛ l k ə m d	b l ɑː s ə m d	1	1	reg_d	reg_d	reg_d
model_jacobian	r o ʊ p	r o ʊ p t	r o ʊ p t	h o ʊ p	h o ʊ p t	h o ʊ p t	r o ʊ p t	1	1	reg_t	reg_t	reg_t
model_jacobian	p ɪ ŋ	p ɪ ŋ d	p ɪ ŋ d	w ɪ ŋ	w ɪ ŋ d	w ɪ ŋ d	p ɪ ŋ d	1	1	reg_d	reg_d	reg_d
model_jacobian	v o ʊ t	v o ʊ t ə d	v o ʊ t ə d	b o ʊ t	b o ʊ t ə d	b o ʊ t ə d	v o ʊ t ə d	1	1	reg_əd	reg_əd	reg_əd
model_jacobian	n iː r	n iː r d	n iː r d	h iː r	h iː r d	h ɹ̩ d	n iː r d	1	1	reg_d	reg_d	reg_d
model_jacobian	t r ʌ s t	t r ʌ s t ə d	t r ʌ s t ə d	t o ʊ s t	t o ʊ s t ə d	t o ʊ s t ə d	t r ʌ s t ə d	1	1	reg_əd	reg_əd	reg_əd
model_jacobian	ɪ n t ɹ̩ s p ɹ̩ s	ɪ n t ɹ̩ s p ɹ̩ s t	ɪ n t ɹ̩ s p ɹ̩ s t ɹ̩ s t ɹ̩ t ɹ̩ t	ɪ n t r ə d uː s	ɪ n t r ə d uː s t	ɪ n t r ə d uː s t	ɪ n t ɹ̩ s p ɹ̩ s t	0	1	reg_t	other	reg_t
model_jacobian	s w uː p	s w uː p t	s w uː p t	s k uː p	s k uː p t	s k uː p t	s w uː p t	1	1	reg_t	reg_t	reg_t
model_jacobian	d͡ʒ e ɪ l	d͡ʒ e ɪ l d	d͡ʒ e ɪ l d	f a ɪ l	f a ɪ l d	f a ɪ l d	d͡ʒ e ɪ l d	1	1	reg_d	reg_d	reg_d
model_jacobian	f e ɪ l	f e ɪ l d	f e ɪ l d	f a ɪ l	f a ɪ l d	f a ɪ l d	f e ɪ l d	1	1	reg_d	reg_d	reg_d
model_jacobian	b ʊ k	b ʊ k t	b ʊ k t	h ʊ k	h ʊ k t	h ʊ k t	b ʊ k t	1	1	reg_t	reg_t	reg_t
model_jacobian	s ɪ f t	s ɪ f t ə d	s ɪ f t ə d	ʃ ɪ f t	ʃ ɪ f t ə d	ʃ ɪ f t ə d	s ɪ f t ə d	1	1	reg_əd	reg_əd	reg_əd
model_jacobian	k a ʊ t͡ʃ	k a ʊ t͡ʃ t	k a ʊ t͡ʃ t	r ɛ n t͡ʃ	r ɛ n t͡ʃ t	r ɛ n t͡ʃ t	k a ʊ t͡ʃ t	1	1	reg_t	reg_t	reg_t
model_jacobian	f r ʌ n t	f r ʌ n t ə d	f r ʌ n t ə d	ɡ r æ n t	ɡ r æ n t ə d	ɡ r æ n t ə d	f r ʌ n t ə d	1	1	reg_əd	reg_əd	reg_əd
model_jacobian	p r ə d uː s	p r ə d uː s t	p r ə d uː s t	k ə n f ɛ s	k ə n f ɛ s t	k ə n f ɛ s t	p r ə d uː s t	1	1	reg_t	reg_t	reg_t
model_jacobian	ʃ e ɪ d	ʃ e ɪ d ə d	ʃ e ɪ d ə d	f e ɪ d	f e ɪ d ə d	f e ɪ d ə d	ʃ e ɪ d ə d	1	1	reg_əd	reg_əd	reg_əd
model_jacobian	d r ɛ n t͡ʃ	d r ɛ n t͡ʃ t	d r ɛ n t͡ʃ t	s t r ɛ t͡ʃ	s t r ɛ t͡ʃ t	s t r ɛ t͡ʃ t	d r ɛ n t͡ʃ t	1	1	reg_t	reg_t	reg_t
model_jacobian	s p l æ t ɹ̩	s p l æ t ɹ̩ d	s p l æ t ɹ̩ d	p l æ s t ɹ̩	p l æ s t ɹ̩ d	p l æ s t ɹ̩ d	s p l æ t ɹ̩ d	1	1	reg_d	reg_d	reg_d
model_jacobian	r iː v j uː	r iː v j uː d	r iː v j uː d	ɑː r ɡ j uː	ɑː r ɡ j uː d	ɑː r ɡ j uː d	r iː v j uː d	1	1	reg_d	reg_d	reg_d
model_jacobian	b ɔ r	b ɔ r d	b ɔ r d	r ɔ r	r ɔ r d	r ɔ r d	b ɔ r d	1	1	reg_d	reg_d	reg_d
model_jacobian	s iː t	s iː t ə d	s iː t ə d	h iː t	h iː t ə d	h iː t ə d	s iː t ə d	1	1	reg_əd	reg_əd	reg_əd
model_jacobian	b ɛ d	b ɛ d ə d	b ɛ d	l ɛ d	l ɛ d	l ɛ d ə d	b ɛ d	1	0	reg_əd	no_change	no_change
model_jacobian	ə n s iː t	ə n s iː t ə d	ə n s iː t ə d	ɪ n s ɹ̩ t	ɪ n s ɹ̩ t ə d	ɪ n s ɹ̩ t ə d	ə n s iː t ə d	1	1	reg_əd	reg_əd	reg_əd
model_jacobian	m ʌ f ə l	m ʌ f ə l d	m ʌ f ə l d	m ʌ s ə l	m ʌ s ə l d	m ʌ s ə l d	m ʌ f ə l d	1	1	reg_d	reg_d	reg_d
model_jacobian	s t ʌ m p	s t ʌ m p t	s t ʌ m p t	s t æ m p	s t æ m p t	s t æ m p t	s t ʌ m p t	1	1	reg_t	reg_t	reg_t
model_jacobian	t r æ n s p l æ n t	t r æ n s p l æ n t ə d	t r æ n s t ə n æ n s t	ɪ n t r ə d uː s	ɪ n t r ə d uː s t	ɪ n t r ə d uː s t	t r æ n s p l æ n t t	0	0	reg_əd	other	reg_t
model_jacobian	v ɪ ʒ w ə l a ɪ z	v ɪ ʒ w ə l a ɪ z d	v ɪ v ə l a ɪ z	a ɪ d ɛ n t ə f a ɪ	a ɪ d ɛ n t ə f a ɪ d	a ɪ d ɛ n t ə f a ɪ d	v ɪ ʒ w ə l a ɪ z d	0	1	reg_d	other	reg_d
model_jacobian	ɡ æ l ə p	ɡ æ l ə p t	ɡ æ l ə p t	ə n r æ p	ə n r æ p t	ə n r æ p t	ɡ æ l ə p t	1	1	reg_t	reg_t	reg_t
model_jacobian	s ʌ l iː	s ʌ l iː d	s ʌ l iː d	s k ɹ̩ iː	s k ɹ̩ iː d	s k ɹ̩ iː d	s ʌ l iː d	1	1	reg_d	reg_d	reg_d
model_jacobian	ə n f o ʊ l d	ə n f o ʊ l d ə d	ə n f o ʊ l d ə d	ɪ k s p æ n d	ɪ k s p æ n d ə d	ɪ k s p æ n d ə d	ə n f o ʊ l d ə d	1	1	reg_əd	reg_əd	reg_əd
model_jacobian	w iː	w iː d	w iː d	p iː	p iː d	p iː d	w iː d	1	1	reg_d	reg_d	reg_d
model_jacobian	ɪ m ə t e ɪ t	ɪ m ə t e ɪ t ə d	ɪ m ə t e ɪ t ə d	ɪ r ɪ t e ɪ t	ɪ r ɪ t e ɪ t ə d	ɪ r ɪ t e ɪ t ə d	ɪ m ə t e ɪ t ə d	1	1	reg_əd	reg_əd	reg_əd
model_jacobian	s w ɹ̩ v	s w ɹ̩ v d	s w ɹ̩ v d	s ɑː l v	s ɑː l v d	s ɑː l v d	s w ɹ̩ v d	1	1	reg_d	reg_d	reg_d
model_jacobian	h iː p	h iː p t	h iː p t	s iː p	s iː p t	s iː p t	h iː p t	1	1	reg_t	reg_t	reg_t
model_jacobian	r iː f j uː ə l	r iː f j uː ə l d	r iː f j uː ə l d	t r ɛ m b ə l	t r ɛ m b ə l d	t r ɛ m b ə l d	r iː f j uː ə l d	1	1	reg_d	reg_d	reg_d
model_jacobian	t͡ʃ æ n t	t͡ʃ æ n t ə d	t͡ʃ æ n t ə d	p æ n t	p æ n t ə d	p æ n t ə d	t͡ʃ æ n t ə d	1	1	reg_əd	reg_əd	reg_əd
model_jacobian	ɡ r o ʊ s	ɡ r o ʊ s t	ɡ r o ʊ s t	r ɪ v ɹ̩ s	r ɪ v ɹ̩ s t	r ɪ v ɹ̩ s t	ɡ r o ʊ s t	1	1	reg_t	reg_t	reg_t
model_jacobian	o ʊ v ɹ̩ f l o ʊ	o ʊ v ɹ̩ f l o ʊ d	o ʊ v ɹ̩ f l o ʊ d	s t r e ɪ t ə n	s t r e ɪ t ə n d	s t r e ɪ t ə n d	o ʊ v ɹ̩ f l o ʊ d	1	1	reg_d	reg_d	reg_d
model_jacobian	s ɔ f ə n	s ɔ f ə n d	s ɔ f ə n d	s iː z ə n	s iː z ə n d	s iː z ə n d	s ɔ f ə n d	1	1	reg_d	reg_d	reg_d
model_jacobian	ə t ɛ m p t	ə t ɛ m p t ə d	ə t ɛ m p t ə d	æ k s ɛ p t	æ k s ɛ p t ə d	æ k s ɛ p t ə d	ə t ɛ m p t ə d	1	1	reg_əd	reg_əd	reg_əd
model_jacobian	r ə f ɹ̩	r ə f ɹ̩ d	r ə f ɹ̩ d	ɔ r d ɹ̩	ɔ r d ɹ̩ d	ɔ r d ɹ̩ d	r ə f ɹ̩ d	1	1	reg_d	reg_d	reg_d
model_jacobian	s m iː r	s m iː r d	s m iː r d	s t ɑː r	s t ɑː r d	s t ɑː r d	s m iː r d	1	1	reg_d	reg_d	reg_d
model_jacobian	ɪ m p r uː v	ɪ m p r uː v d	ɪ m p r uː v d	b ɪ h e ɪ v	b ɪ h e ɪ v d	b ɪ h e ɪ v d	ɪ m p r uː v d	1	1	reg_d	reg_d	reg_d
model_jacobian	ɡ r o ʊ n	ɡ r o ʊ n d	ɡ r o ʊ n d	s t o ʊ n	s t o ʊ n d	s t o ʊ n d	ɡ r o ʊ n d	1	1	reg_d	reg_d	reg_d
model_jacobian	s a ɪ k ə l	s a ɪ k ə l d	s a ɪ k ə l d	t r ɪ p ə l	t r ɪ p ə l d	t r ɪ p ə l d	s a ɪ k ə l d	1	1	reg_d	reg_d	reg_d
model_jacobian	f o ʊ k ə s	f o ʊ k ə s t	f o ʊ k ə s t	r ɪ l æ k s	r ɪ l æ k s t	r ɪ l æ k s t	f o ʊ k ə s t	1	1	reg_t	reg_t	reg_t
model_jacobian	b ɑː s	b ɑː s t	b ɑː s t	ɡ ɛ s	ɡ ɛ s t	ɡ ɛ s t	b ɑː s t	1	1	reg_t	reg_t	reg_t
model_jacobian	ʃ r ɛ d	ʃ r ɛ d ə d	ʃ r ɛ d ə d	b r ɛ d	b r ɛ d ə d	b r ɛ d ə d	ʃ r ɛ d ə d	1	1	reg_əd	reg_əd	reg_əd
model_jacobian	o ʊ v ɹ̩ d uː	o ʊ v ɹ̩ d ɪ d	o ʊ v ɹ̩ d uː d	r ɛ s k j uː	r ɛ s k j uː d	r ɛ s k j uː d	o ʊ v ɹ̩ d uː d	1	0	vowel_change_suffix	reg_d	reg_d
model_jacobian	s k iː	s k iː d	s k iː d	h ɹ̩ iː	h ɹ̩ iː d	h ɹ̩ iː d	s k iː d	1	1	reg_d	reg_d	reg_d
model_jacobian	k ə n t e ɪ n	k ə n t e ɪ n d	k ə n t e ɪ n d	f ʌ ŋ k ʃ ə n	f ʌ ŋ k ʃ ə n d	f ʌ ŋ k ʃ ə n d	k ə n t e ɪ n d	1	1	reg_d	reg_d	reg_d
model_jacobian	n æ v ə ɡ e ɪ t	n æ v ə ɡ e ɪ t ə d	n æ v ə ɡ e ɪ t ə d	ɪ n d ə k e ɪ t	ɪ n d ə k e ɪ t ə d	ɪ n d ə k e ɪ t ə d	n æ v ə ɡ e ɪ t ə d	1	1	reg_əd	reg_əd	reg_əd
model_jacobian	r ɪ p ɛ l	r ɪ p ɛ l d	r ɪ p ɛ l	r æ t ə l	r æ t ə l d	r æ t ə l d	r ɪ p ɛ l d	0	1	reg_d	no_change	reg_d
model_jacobian	m ʌ t ɹ̩	m ʌ t ɹ̩ d	m ʌ t ɹ̩ d	m æ t ɹ̩	m æ t ɹ̩ d	m æ t ɹ̩ d	m ʌ t ɹ̩ d	1	1	reg_d	reg_d	reg_d
model_jacobian	b r iː d	b r ɛ d	b r iː d ə d	b r ɛ d	b r ɛ d ə d	b r ɛ d ə d	b r iː d ə d	1	0	vowel_change	reg_əd	reg_əd
model_jacobian	t æ l iː	t æ l iː d	t æ l iː d	s k ɹ̩ iː	s k ɹ̩ iː d	s k ɹ̩ iː d	t æ l iː d	1	1	reg_d	reg_d	reg_d
model_jacobian	m æ ɡ n ə f a ɪ	m æ ɡ n ə f a ɪ d	m æ ɡ n ə f a ɪ d	k l ɛ r ə f a ɪ	k l ɛ r ə f a ɪ d	k l ɛ r ə f a ɪ d	m æ ɡ n ə f a ɪ d	1	1	reg_d	reg_d	reg_d
model_jacobian	w e ɪ d	w e ɪ d ə d	w e ɪ d ə d	f e ɪ d	f e ɪ d ə d	f e ɪ d ə d	w e ɪ d ə d	1	1	reg_əd	reg_əd	reg_əd
model_jacobian	l æ p	l æ p t	l æ p t	r æ p	r æ p t	r æ p t	l æ p t	1	1	reg_t	reg_t	reg_t
model_jacobian	l ɑː p	l ɑː p t	l ɑː p t	t ɑː p	t ɑː p t	t ɑː p t	l ɑː p t	1	1	reg_t	reg_t	reg_t
model_jacobian	b ɑː m	b ɑː m d	b ɑː m d	k ɑː m	k ɑː m d	k ɑː m d	b ɑː m d	1	1	reg_d	reg_d	reg_d
model_jacobian	ə b z ɹ̩ v	ə b z ɹ̩ v d	ə b z ɹ̩ v d	d ɪ z ɹ̩ v	d ɪ z ɹ̩ v d	d ɪ z ɹ̩ v d	ə b z ɹ̩ v d	1	1	reg_d	reg_d	reg_d
model_jacobian	w iː n	w iː n d	w iː n d	l iː n	l iː n d	l iː n d	w iː n d	1	1	reg_d	reg_d	reg_d
model_jacobian	r iː r	r iː r d	r iː r d	v iː r	v iː r d	v iː r d	r iː r d	1	1	reg_d	reg_d	reg_d
model_jacobian	r æ ʃ ə n	r æ ʃ ə n d	r æ ʃ ə n d	r iː z ə n	r iː z ə n d	r iː z ə n d	r æ ʃ ə n d	1	1	reg_d	reg_d	reg_d
model_jacobian	ə d ɪ k t	ə d ɪ k t ə d	ə d ɪ k t ə d	ɪ d͡ʒ ɛ k t	ɪ d͡ʒ ɛ k t ə d	ɪ d͡ʒ ɛ k t ə d	ə d ɪ k t ə d	1	1	reg_əd	reg_əd	reg_əd
model_jacobian	b ʌ n d ə l	b ʌ n d ə l d	b ʌ n d ə l d	h æ n d ə l	h æ n d ə l d	h æ n d ə l d	b ʌ n d ə l d	1	1	reg_d	reg_d	reg_d
model_jacobian	m ə t j ʊ r	m ə t j ʊ r d	m ə t j ʊ r d	ɪ m p l ɔ r	ɪ m p l ɔ r d	ɪ m p l ɔ r d	m ə t j ʊ r d	1	1	reg_d	reg_d	reg_d
model_jacobian	f l ɹ̩ t	f l ɹ̩ t ə d	f l ɹ̩ t ə d	d ɑː r t	d ɑː r t ə d	d ɑː r t ə d	f l ɹ̩ t ə d	1	1	reg_əd	reg_əd	reg_əd
model_jacobian	ɪ n k ɔ r p ɹ̩ e ɪ t	ɪ n k ɔ r p ɹ̩ e ɪ t ə d	ɪ n p ɹ̩ r e ɪ t ə d	ə n b ʌ t ə n	ə n b ʌ t ə n d	ə n b ʌ t ə n d	ɪ n k ɔ r p ɹ̩ e ɪ t d	0	0	reg_əd	other	reg_d
model_jacobian	f r ʌ s t r e ɪ t	f r ʌ s t r e ɪ t ə d	f r ʌ s t r e ɪ t ə d	ɪ l ə s t r e ɪ t	ɪ l ə s t r e ɪ t ə d	ɪ l ə s t r e ɪ t ə d	f r ʌ s t r e ɪ t ə d	1	1	reg_əd	reg_əd	reg_əd
model_jacobian	d ɪ f a ɪ n	d ɪ f a ɪ n d	d ɪ f a ɪ n d	r ɪ m e ɪ n	r ɪ m e ɪ n d	r ɪ m e ɪ n d	d ɪ f a ɪ n d	1	1	reg_d	reg_d	reg_d
model_jacobian	b r e ɪ v	b r e ɪ v d	b r e ɪ v d	r ə s iː v	r ə s iː v d	r ə s iː v d	b r e ɪ v d	1	1	reg_d	reg_d	reg_d
model_jacobian	ɪ n k w a ɪ ɹ̩	ɪ n k w a ɪ ɹ̩ d	ɪ n k w a ɪ ɹ̩ d	r iː k w a ɪ ɹ̩	r iː k w a ɪ ɹ̩ d	r iː k w a ɪ ɹ̩ d	ɪ n k w a ɪ ɹ̩ d	1	1	reg_d	reg_d	reg_d
model_jacobian	b ʌ s	b ʌ s t	b ʌ s t	ɡ ɛ s	ɡ ɛ s t	ɡ ɛ s t	b ʌ s t	1	1	reg_t	reg_t	reg_t
model_jacobian	p ə z ɪ ʃ ə n	p ə z ɪ ʃ ə n d	p ə z ɪ ʃ ə n d	p ə t ɪ ʃ ə n	p ə t ɪ ʃ ə n d	p ə t ɪ ʃ ə n d	p ə z ɪ ʃ ə n d	1	1	reg_d	reg_d	reg_d
string	iː t	e ɪ t	iː t ə t	h iː t	h iː t ə d	h iː t ə d	iː t ə d	0	0	vowel_change	other	reg_əd
string	m e ɪ k	m e ɪ d	m e ɪ k t	e ɪ k	e ɪ k t	e ɪ k t	m e ɪ k t	1	0	coda_change	reg_t	reg_t
string	n o ʊ	n uː	n o ʊ d	n o ʊ t	n o ʊ t ə d	n o ʊ t ə d	n o ʊ ə d	0	0	vowel_change	reg_d	reg_əd
string	f ɔ l	f ɛ l	f ɔ l d	f iː l	f ɛ l t	f ɛ l t	NA	0	0	vowel_change	reg_d	vowel_change_suffix
string	b r ɪ ŋ	b r ɔ t	b r ɪ ŋ	b r ɪ d͡ʒ	b r ɪ d͡ʒ d	b r ɪ d͡ʒ d	b r ɪ ŋ d	0	0	rhyme_replaced	no_change	reg_d
string	s t ɑː r t	s t ɑː r t ə d	s t ɑː r t ə d	s t ɑː r	s t ɑː r d	s t ɑː r d	s t ɑː r t d	0	0	reg_əd	reg_əd	reg_d
string	t e ɪ k	t ʊ k	t e ɪ k t	s t e ɪ k	s t e ɪ k t	s t e ɪ k t	t e ɪ k t	1	0	vowel_change	reg_t	reg_t
string	h e ɪ t	h e ɪ t ə d	h e ɪ t ə d	w e ɪ t	w e ɪ t ə d	w e ɪ t ə d	h e ɪ t ə d	1	1	reg_əd	reg_əd	reg_əd
string	r a ɪ t	r o ʊ t	r o ʊ t ə d	r a ɪ z	r o ʊ z	r o ʊ z	NA	0	0	vowel_change	other	vowel_change
string	f ɪ t	f ɪ t	f ɪ t ə d	s ɪ t	s æ t	s æ t	f æ t	0	0	no_change	reg_əd	vowel_change
string	d a ɪ n	d a ɪ n d	d a ɪ n d	f a ɪ n	f a ɪ n d	f a ɪ n d	d a ɪ n d	1	1	reg_d	reg_d	reg_d
string	m ɪ s	m ɪ s t	m ɪ s t	a ɪ s	a ɪ s t	a ɪ s t	m ɪ s t	1	1	reg_t	reg_t	reg_t
string	n ɑː k	n ɑː k t	n ɑː k t	l ɑː k	l ɑː k t	l ɑː k t	n ɑː k t	1	1	reg_t	reg_t	reg_t
string	n iː d	n iː d ə d	n iː d ə d	n ɑː d	n ɑː d ə d	n ɑː d ə d	n iː d ə d	1	1	reg_əd	reg_əd	reg_əd
string	m uː v	m uː v d	m uː v d	f uː l	f uː l d	f uː l d	m uː v d	1	1	reg_d	reg_d	reg_d
string	f l ɪ p	f l ɪ p t	f l ɪ p t	f l æ p	f l æ p t	f l æ p t	f l ɪ p t	1	1	reg_t	reg_t	reg_t
string	r ɛ d iː	r ɛ d iː d	r ɛ d iː d	v ɛ r iː	v ɛ r iː d	v ɛ r iː d	r ɛ d iː d	1	1	reg_d	reg_d	reg_d
string	z ɪ p	z ɪ p t	z ɪ p t	s ɪ p	s æ p t	s ɪ p t	z æ p t	0	0	reg_t	reg_t	vowel_change_suffix
string	f a ɪ t	f ɔ t	f a ɪ t ə d	f a ɪ n	f a ɪ n d	f a ɪ n d	f a ɪ t d	0	0	vowel_change	reg_əd	reg_d
string	k æ t͡ʃ	k ɔ t	k æ t͡ʃ t	p æ t͡ʃ	p æ t͡ʃ t	p æ t͡ʃ t	k æ t͡ʃ t	1	0	rhyme_replaced	reg_t	reg_t
string	f l o ʊ t	f l o ʊ t ə d	f l o ʊ t ə d	f l o ʊ	f l o ʊ d	f l o ʊ d	f l o ʊ t d	0	0	reg_əd	reg_əd	reg_d
string	w ɪ ʃ	w ɪ ʃ t	w ɪ ʃ t	d ɪ ʃ	d ɪ ʃ t	d ɪ ʃ t	w ɪ ʃ t	1	1	reg_t	reg_t	reg_t
string	ʃ e ɪ k	ʃ ʊ k	ʃ e ɪ k t	ʃ e ɪ v	ʃ e ɪ v d	ʃ e ɪ v d	ʃ e ɪ k d	0	0	vowel_change	reg_t	reg_d
string	k ɪ k	k ɪ k t	k ɪ k t	l ɪ k	l ɪ k t	l ɪ k t	k ɪ k t	1	1	reg_t	reg_t	reg_t
string	t͡ʃ e ɪ n d͡ʒ	t͡ʃ e ɪ n d͡ʒ d	t͡ʃ e ɪ n d͡ʒ d	t͡ʃ e ɪ n	t͡ʃ e ɪ n d	t͡ʃ e ɪ n d	t͡ʃ e ɪ n d͡ʒ d	1	1	reg_d	reg_d	reg_d
string	θ r o ʊ	θ r uː	θ r o ʊ d	k r o ʊ	k r o ʊ d	k r o ʊ d	θ r o ʊ d	1	0	vowel_change	reg_d	reg_d
string	b æ k	b æ k t	b æ k t	b æ ŋ	b æ ŋ d	b æ ŋ d	b æ k d	0	0	reg_t	reg_t	reg_d
string	f l æ ʃ	f l æ ʃ t	f l æ ʃ t	f l ʌ ʃ	f l ʌ ʃ t	f l ʌ ʃ t	f l æ ʃ t	1	1	reg_t	reg_t	reg_t
string	ɡ r o ʊ	ɡ r uː	ɡ r o ʊ d	ɡ o ʊ	w ɛ n t	w ɛ n t	NA	0	0	vowel_change	reg_d	other
string	s m a ɪ l	s m a ɪ l d	s m a ɪ l d	t a ɪ l	t a ɪ l d	t a ɪ l d	s m a ɪ l d	1	1	reg_d	reg_d	reg_d
string	s t ɑː p	s t ɑː p t	s t ɑː p t	s t ɑː m p	s t ɑː m p t	s t ɑː m p t	s t ɑː p t	1	1	reg_t	reg_t	reg_t
string	s t ɹ̩	s t ɹ̩ d	s t ɹ̩ d	s t uː	s t uː d	s t uː d	s t ɹ̩ d	1	1	reg_d	reg_d	reg_d
string	t͡ʃ uː	t͡ʃ uː d	t͡ʃ o ʊ t͡ʃ t	t͡ʃ uː z	t͡ʃ o ʊ z	t͡ʃ o ʊ z	NA	0	0	reg_d	rhyme_replaced	vowel_change
string	d r ɛ s	d r ɛ s t	d r ɛ s t	ə d r ɛ s	ə d r ɛ s t	ə d r ɛ s t	d r ɛ s t	1	1	reg_t	reg_t	reg_t
string	ə n d ɹ̩ s t æ n d	ə n d ɹ̩ s t ʊ d	ə n d ɹ̩ s t æ n d	s t æ n d	s t ʊ d	s t ʊ d	ə n d ɹ̩ s t ʊ d	0	1	rhyme_replaced	no_change	rhyme_replaced
string	t͡ʃ e ɪ s	t͡ʃ e ɪ s t	t͡ʃ e ɪ s t	b e ɪ s	b e ɪ s t	b e ɪ s t	t͡ʃ e ɪ s t	1	1	reg_t	reg_t	reg_t
string	h ʌ ɡ	h ʌ ɡ d	h ʌ ɡ d	h ʌ ʃ	h ʌ ʃ t	h ʌ ʃ t	h ʌ ɡ t	0	0	reg_d	reg_d	reg_t
string	h ɪ t	h ɪ t	h ɪ t	h ɪ n t	h ɪ n t ə d	h ɪ n t ə d	h ɪ t ə d	0	0	no_change	no_change	reg_əd
string	h æ m ɹ̩	h æ m ɹ̩ d	h æ m ɹ̩ d	h æ t͡ʃ	h æ t͡ʃ t	h æ t͡ʃ t	h æ m ɹ̩ t	0	0	reg_d	reg_d	reg_t
string	w a ɪ n d	w a ɪ n d ə d	w a ʊ n d	m a ɪ n d	m a ʊ n d	m a ɪ n d ə d	w a ʊ n d	1	0	reg_əd	vowel_change	vowel_change
string	k ə n s t r ʌ k t	k ə n s t r ʌ k t ə d	k ə n s t r ʌ k t ə d	ɪ n s t r ʌ k t	ɪ n s t r ʌ k t ə d	ɪ n s t r ʌ k t ə d	k ə n s t r ʌ k t ə d	1	1	reg_əd	reg_əd	reg_əd
string	m iː t	m ɛ t	m iː t ə d	h iː t	h iː t ə d	h iː t ə d	m iː t ə d	1	0	vowel_change	reg_əd	reg_əd
string	s w ɪ ʃ	s w ɪ ʃ t	s w ɪ ʃ t	s w iː p	s w ɛ p t	s w ɛ p t	NA	0	0	reg_t	reg_t	vowel_change_suffix
string	s k w iː z	s k w iː z d	s k w iː z d	s k w iː k	s k w iː k t	s k w iː k t	s k w iː z t	0	0	reg_d	reg_d	reg_t
string	t͡ʃ ʌ ɡ	t͡ʃ ʌ ɡ d	t͡ʃ ʌ ɡ d	b ʌ ɡ	b ʌ ɡ d	b ʌ ɡ d	t͡ʃ ʌ ɡ d	1	1	reg_d	reg_d	reg_d
string	b r æ n t͡ʃ	b r æ n t͡ʃ t	b r æ n t͡ʃ t	b r æ n d	b r æ n d ə d	b r æ n d ə d	b r æ n t͡ʃ ə d	0	0	reg_t	reg_t	reg_əd
string	n o ʊ t ɪ s	n o ʊ t ɪ s t	n o ʊ t ɪ s t	n o ʊ t	n o ʊ t ə d	n o ʊ t ə d	n o ʊ t ɪ s ə d	0	0	reg_t	reg_t	reg_əd
string	b e ɪ k	b e ɪ k t	b e ɪ k t	r e ɪ k	r e ɪ k t	r e ɪ k t	b e ɪ k t	1	1	reg_t	reg_t	reg_t
string	s n æ p	s n æ p t	s n æ p t	n æ p	n æ p t	n æ p t	s n æ p t	1	1	reg_t	reg_t	reg_t
string	s w ɪ m	s w æ m	s w ɪ m d	s k ɪ m	s k ɪ m d	s k ɪ m d	s w ɪ m d	1	0	vowel_change	reg_d	reg_d
string	ʃ ʌ t ə l	ʃ ʌ t ə l d	ʃ ʌ t ə l d	ʃ ʌ v ə l	ʃ ʌ v ə l d	ʃ ʌ v ə l d	ʃ ʌ t ə l d	1	1	reg_d	reg_d	reg_d
string	ə p r iː ʃ iː e ɪ t	ə p r iː ʃ iː e ɪ t ə d	ə p r iː ʃ iː e ɪ t ə d	ɪ n ɪ ʃ iː e ɪ t	ɪ n ɪ ʃ iː e ɪ t ə d	ɪ n ɪ ʃ iː e ɪ t ə d	ə p r iː ʃ iː e ɪ t ə d	1	1	reg_əd	reg_əd	reg_əd
string	s m uː ð	s m uː ð d	s m uː ð d	s k uː l	s k uː l d	s k uː l d	s m uː ð d	1	1	reg_d	reg_d	reg_d
string	s t ɛ r	s t ɛ r d	s t ɛ r d	s t ɔ r	s t ɔ r d	s t ɔ r d	s t ɛ r d	1	1	reg_d	reg_d	reg_d
string	k ɑː s t uː m	k ɑː s t uː m d	k ɑː s t uː m d	k ɑː s t	k ɑː s t	k ɑː s t	k ɑː s t uː m	0	0	reg_d	reg_d	no_change
string	ɡ uː f	ɡ uː f t	ɡ uː f t	s uː	s uː d	s uː d	ɡ uː f d	0	0	reg_t	reg_t	reg_d
string	d r a ʊ n	d r a ʊ n d	d r a ʊ n d	d a ʊ n	d a ʊ n d	d a ʊ n d	d r a ʊ n d	1	1	reg_d	reg_d	reg_d
string	n ɹ̩ s	n ɹ̩ s t	n ɹ̩ s t	k ɹ̩ s	k ɹ̩ s t	k ɹ̩ s t	n ɹ̩ s t	1	1	reg_t	reg_t	reg_t
string	k r a ɪ	k r a ɪ d	k r a ɪ d	f r a ɪ	f r a ɪ d	f r a ɪ d	k r a ɪ d	1	1	reg_d	reg_d	reg_d
string	iː v ɪ n	iː v ɪ n d	iː v ɪ n d	f a ɪ n	f a ɪ n d	f a ɪ n d	iː v ɪ n d	1	1	reg_d	reg_d	reg_d
string	m a ɪ n	m a ɪ n d	m a ɪ n d	m a ɪ n d	m a ʊ n d	m a ɪ n d ə d	NA	0	0	reg_d	reg_d	vowel_change
string	b ɪ ɡ ɪ n	b ɪ ɡ æ n	b ɪ ɡ e ɪ n	f a ɪ n	f a ɪ n d	f a ɪ n d	b ɪ ɡ ɪ n d	0	0	vowel_change	vowel_change	reg_d
string	s p æ ŋ k	s p æ ŋ k t	s p æ ŋ k t	s p uː k	s p uː k t	s p uː k t	s p æ ŋ k t	1	1	reg_t	reg_t	reg_t
string	t͡ʃ ɪ p	t͡ʃ ɪ p t	t͡ʃ ɪ p t	s ɪ p	s æ p t	s ɪ p t	t͡ʃ æ p t	0	0	reg_t	reg_t	vowel_change_suffix
string	s p iː k	s p o ʊ k	s p ɛ k t	s p iː d	s p ɛ d	s p ɛ d	NA	0	0	vowel_change	vowel_change_suffix	vowel_change
string	s w ɪ t͡ʃ	s w ɪ t͡ʃ t	s w ɪ t͡ʃ t	t w ɪ t͡ʃ	t w ɪ t͡ʃ t	t w ɪ t͡ʃ t	s w ɪ t͡ʃ t	1	1	reg_t	reg_t	reg_t
string	f a ɪ ɹ̩	f a ɪ ɹ̩ d	f a ɪ ɹ̩ d	t a ɪ ɹ̩	t a ɪ ɹ̩ d	t a ɪ ɹ̩ d	f a ɪ ɹ̩ d	1	1	reg_d	reg_d	reg_d
string	b ɪ l	b ɪ l d	b ɪ l d	b ɔ l	b ɔ l d	b ɔ l d	b ɪ l d	1	1	reg_d	reg_d	reg_d
string	r iː m a ɪ n d	r iː m a ɪ n d ə d	r iː m a ʊ n d ə d	m a ɪ n d	m a ʊ n d	m a ɪ n d ə d	r iː m a ʊ n d	0	0	reg_əd	other	vowel_change
string	s iː d	s iː d ə d	s iː d ə d	s iː r	s iː r d	s iː r d	s iː d d	0	0	reg_əd	reg_əd	reg_d
string	w e ɪ v	w e ɪ v d	w e ɪ v d	w e ɪ k	w e ɪ k t	w o ʊ k	w e ɪ v t	0	0	reg_d	reg_d	reg_t
string	b l uː m	b l uː m d	b l uː m d	b uː m	b uː m d	b uː m d	b l uː m d	1	1	reg_d	reg_d	reg_d
string	s t ɪ ŋ	s t ʌ ŋ	s t ɪ ŋ	s ɪ ŋ	s æ ŋ	s æ ŋ	s t æ ŋ	0	0	vowel_change	no_change	vowel_change
string	ə r a ɪ v	ə r a ɪ v d	ə r a ɪ v d	t r a ɪ	t r a ɪ d	t r a ɪ d	ə r a ɪ v d	1	1	reg_d	reg_d	reg_d
string	b l ɛ s	b l ɛ s t	b l ɛ s t	b l ɛ n d	b l ɛ n d ə d	b l ɛ n d ə d	b l ɛ s ə d	0	0	reg_t	reg_t	reg_əd
string	ə r ɛ s t	ə r ɛ s t ə d	ə r ɛ s t ə d	k r ɛ s t	k r ɛ s t ə d	k r ɛ s t ə d	ə r ɛ s t ə d	1	1	reg_əd	reg_əd	reg_əd
string	s p ɪ n	s p ʌ n	s p ɪ n d	s p ɪ l	s p ɪ l d	s p ɪ l d	s p ɪ n d	1	0	vowel_change	reg_d	reg_d
string	k ə m p iː t	k ə m p iː t ə d	k ə m p iː t ə d	k ə m p l iː t	k ə m p l iː t ə d	k ə m p l iː t ə d	k ə m p iː t ə d	1	1	reg_əd	reg_əd	reg_əd
string	t r e ɪ n	t r e ɪ n d	t r e ɪ n d	r e ɪ n	r e ɪ n d	r e ɪ n d	t r e ɪ n d	1	1	reg_d	reg_d	reg_d
string	p æ s	p æ s t	p æ s t	p iː s	p iː s t	p iː s t	p æ s t	1	1	reg_t	reg_t	reg_t
string	s ɪ ŋ k	s æ ŋ k	s ɪ ŋ k t	θ ɪ ŋ k	θ ɔ t	θ ɔ t	s ɔ t	0	0	vowel_change	reg_t	rhyme_replaced
string	l uː p	l uː p t	l uː p t	w uː p	w uː p t	w uː p t	l uː p t	1	1	reg_t	reg_t	reg_t
string	s ə l ɛ k t	s ə l ɛ k t ə d	s ə l ɛ k t ə d	k ə l ɛ k t	k ə l ɛ k t ə d	k ə l ɛ k t ə d	s ə l ɛ k t ə d	1	1	reg_əd	reg_əd	reg_əd
string	r ɪ ŋ	r æ ŋ	r ɪ ŋ	r ɪ d	r ɪ d	r ɪ d	r ɪ ŋ	1	0	vowel_change	no_change	no_change
string	m e ɪ l	m e ɪ l d	m e ɪ l d	w e ɪ l	w e ɪ l d	w e ɪ l d	m e ɪ l d	1	1	reg_d	reg_d	reg_d
string	p æ t	p æ t ə d	p æ t ə d	p ɛ t	p ɛ t	p ɛ t ə d	p æ t	0	0	reg_əd	reg_əd	no_change
string	k ɪ d	k ɪ d ə d	k ɪ d	k ɪ s	k ɪ s t	k ɪ s t	k ɪ d t	0	0	reg_əd	no_change	reg_t
string	p ɑː r d ə n	p ɑː r d ə n d	p ɑː r d ə n d	ʃ ɑː r p ə n	ʃ ɑː r p ə n d	ʃ ɑː r p ə n d	p ɑː r d ə n d	1	1	reg_d	reg_d	reg_d
string	s t iː r	s t iː r d	s t iː r d	s t iː m	s t iː m d	s t iː m d	s t iː r d	1	1	reg_d	reg_d	reg_d
string	f o ʊ l d	f o ʊ l d ə d	f o ʊ l d ə d	m o ʊ l d	m o ʊ l d ə d	m o ʊ l d ə d	f o ʊ l d ə d	1	1	reg_əd	reg_əd	reg_əd
string	s n iː k	s n iː k t	s n iː k t	s iː k	s ɔ t	s ɔ t	s n ɔ t	0	0	reg_t	reg_t	rhyme_replaced
string	b e ɪ l	b e ɪ l d	b e ɪ l d	s e ɪ l	s e ɪ l d	s e ɪ l d	b e ɪ l d	1	1	reg_d	reg_d	reg_d
string	b ɛ t ɹ̩	b ɛ t ɹ̩ d	b ɛ t ɹ̩ d	b æ t ɹ̩	b æ t ɹ̩ d	b æ t ɹ̩ d	b ɛ t ɹ̩ d	1	1	reg_d	reg_d	reg_d
string	ɡ ɑː r b ə l	ɡ ɑː r b ə l d	ɡ ɑː r b ə l d	ɡ ɑː b ə l	ɡ ɑː b ə l d	ɡ ɑː b ə l d	ɡ ɑː r b ə l d	1	1	reg_d	reg_d	reg_d
string	s k w ɹ̩ t	s k w ɹ̩ t ə d	s k w ɹ̩ t ə d	s k e ɪ t	s k e ɪ t ə d	s k e ɪ t ə d	s k w ɹ̩ t ə d	1	1	reg_əd	reg_əd	reg_əd
string	b ɑː k s	b ɑː k s t	b ɑː k s t	k ɑː k	k ɑː k t	k ɑː k t	b ɑː k s t	1	1	reg_t	reg_t	reg_t
string	s iː l	s iː l d	s iː l d	s iː	s ɔ	s ɔ	NA	0	0	reg_d	reg_d	vowel_change
string	s p r ɛ d	s p r ɛ d	s p r ɛ d ə d	s p ɛ l	s p ɛ l d	s p ɛ l d	s p r ɛ d d	0	0	no_change	reg_əd	reg_d
string	p r ɑː m ə s	p r ɑː m ə s t	p r ɑː m ə s t	p r ɛ s	p r ɛ s t	p r ɛ s t	p r ɑː m ə s t	1	1	reg_t	reg_t	reg_t
string	b iː t	b iː t	b iː t ə d	b æ t	b æ t ə d	b æ t ə d	b iː t ə d	1	0	no_change	reg_əd	reg_əd
string	h ɪ p n ə t a ɪ z	h ɪ p n ə t a ɪ z d	h ɪ p n ə t a ɪ z d	s ɪ m b ə l a ɪ z	s ɪ m b ə l a ɪ z d	s ɪ m b ə l a ɪ z d	h ɪ p n ə t a ɪ z d	1	1	reg_d	reg_d	reg_d
string	s l æ p	s l æ p t	s l æ p t	f l æ p	f l æ p t	f l æ p t	s l æ p t	1	1	reg_t	reg_t	reg_t
string	b ɛ s t	b ɛ s t ə d	b ɛ s t ə d	b ɛ l t	b ɛ l t ə d	b ɛ l t ə d	b ɛ s t ə d	1	1	reg_əd	reg_əd	reg_əd
string	s t æ ɡ ɹ̩	s t æ ɡ ɹ̩ d	s t æ ɡ ɹ̩ d	s n æ ɡ	s n æ ɡ d	s n æ ɡ d	s t æ ɡ ɹ̩ d	1	1	reg_d	reg_d	reg_d
string	z æ p	z æ p t	z æ p t	n æ p	n æ p t	n æ p t	z æ p t	1	1	reg_t	reg_t	reg_t
string	ə p s ɛ t	ə p s ɛ t	ə p s ɛ t	s ɛ t	s ɛ t	s ɛ t	ə p s ɛ t	1	1	no_change	no_change	no_change
string	r ɛ s t	r ɛ s t ə d	r ɛ s t ə d	t ɛ s t	t ɛ s t ə d	t ɛ s t ə d	r ɛ s t ə d	1	1	reg_əd	reg_əd	reg_əd
string	s p l æ ʃ	s p l æ ʃ t	s p l æ ʃ t	s l æ m	s l æ m d	s l æ m d	s p l æ ʃ d	0	0	reg_t	reg_t	reg_d
string	l a ɪ n	l a ɪ n d	l a ɪ n d	ʃ a ɪ n	ʃ a ɪ n d	ʃ a ɪ n d	l a ɪ n d	1	1	reg_d	reg_d	reg_d
string	ə n d uː	ə n d ɪ d	ə n d uː d	ɛ n d	ɛ n d ə d	ɛ n d ə d	ə n d uː ə d	0	0	vowel_change_suffix	reg_d	reg_əd
string	p ɛ n	p ɛ n d	p ɛ n d	p ɪ n	p ɪ n d	p ɪ n d	p ɛ n d	1	1	reg_d	reg_d	reg_d
string	ɛ d ə t	ɛ d ə t ə d	ɛ d ə t ə d	k r ɛ d ə t	k r ɛ d ə t ə d	k r ɛ d ə t ə d	ɛ d ə t ə d	1	1	reg_əd	reg_əd	reg_əd
string	ɪ k s p l ɔ r	ɪ k s p l ɔ r d	ɪ k s p l ɔ r d	ɪ m p l ɔ r	ɪ m p l ɔ r d	ɪ m p l ɔ r d	ɪ k s p l ɔ r d	1	1	reg_d	reg_d	reg_d
string	ə s uː m	ə s uː m d	ə s uː m d	s uː t	s uː t ə d	s uː t ə d	ə s uː m ə d	0	0	reg_d	reg_d	reg_əd
string	s p r e ɪ	s p r e ɪ d	s p r e ɪ d	s p r e ɪ n	s p r e ɪ n d	s p r e ɪ n d	s p r e ɪ d	1	1	reg_d	reg_d	reg_d
string	l o ʊ ɹ̩	l o ʊ ɹ̩ d	l o ʊ ɹ̩ d	l o ʊ d	l o ʊ d ə d	l o ʊ d ə d	l o ʊ ɹ̩ ə d	0	0	reg_d	reg_d	reg_əd
string	d æ m	d æ m d	d æ m d	d æ ʃ	d æ ʃ t	d æ ʃ t	d æ m t	0	0	reg_d	reg_d	reg_t
string	r ʌ ʃ	r ʌ ʃ t	r æ ʃ t	r ʌ b	r ʌ b d	r ʌ b d	r ʌ ʃ d	0	0	reg_t	vowel_change_suffix	reg_d
string	p l ʌ ɡ	p l ʌ ɡ d	p l ʌ ɡ d	s l ʌ ɡ	s l ʌ ɡ d	s l ʌ ɡ d	p l ʌ ɡ d	1	1	reg_d	reg_d	reg_d
string	ə d m ɪ t	ə d m ɪ t ə d	ə d m ɪ t ə d	ə d ɑː p t	ə d ɑː p t ə d	ə d ɑː p t ə d	ə d m ɪ t ə d	1	1	reg_əd	reg_əd	reg_əd
string	ə n t a ɪ	ə n t a ɪ d	ə n t a ɪ d	ə p l a ɪ	ə p l a ɪ d	ə p l a ɪ d	ə n t a ɪ d	1	1	reg_d	reg_d	reg_d
string	b ʌ k ə l	b ʌ k ə l d	b ʌ k ə l d	n ʌ k ə l	n ʌ k ə l d	n ʌ k ə l d	b ʌ k ə l d	1	1	reg_d	reg_d	reg_d
string	s w uː ʃ	s w uː ʃ t	s w uː ʃ t	s w ɹ̩ l	s w ɹ̩ l d	s w ɹ̩ l d	s w uː ʃ d	0	0	reg_t	reg_t	reg_d
string	ə r a ɪ z	ə r o ʊ z	ə r a ɪ z d	p r a ɪ z	p r a ɪ z d	p r a ɪ z d	ə r a ɪ z d	1	0	vowel_change	reg_d	reg_d
string	s o ʊ k	s o ʊ k t	s o ʊ k t	d͡ʒ o ʊ k	d͡ʒ o ʊ k t	d͡ʒ o ʊ k t	s o ʊ k t	1	1	reg_t	reg_t	reg_t
string	t r æ p	t r æ p t	t r æ p t	t r æ ʃ	t r æ ʃ t	t r æ ʃ t	t r æ p t	1	1	reg_t	reg_t	reg_t
string	p a ɪ l	p a ɪ l d	p a ɪ l d	t a ɪ l	t a ɪ l d	t a ɪ l d	p a ɪ l d	1	1	reg_d	reg_d	reg_d
string	ɪ k s p l o ʊ d	ɪ k s p l o ʊ d ə d	ɪ k s p l o ʊ d ə d	ɪ k s p æ n d	ɪ k s p æ n d ə d	ɪ k s p æ n d ə d	ɪ k s p l o ʊ d ə d	1	1	reg_əd	reg_əd	reg_əd
string	b ɔ ɪ l	b ɔ ɪ l d	b ɔ ɪ l d	b ɔ l	b ɔ l d	b ɔ l d	b ɔ ɪ l d	1	1	reg_d	reg_d	reg_d
string	k ə n s ɪ d ɹ̩	k ə n s ɪ d ɹ̩ d	k ə n s ɪ d ɹ̩ d	k ə n v ɪ n s	k ə n v ɪ n s t	k ə n v ɪ n s t	k ə n s ɪ d ɹ̩ t	0	0	reg_d	reg_d	reg_t
string	s k a ʊ l	s k a ʊ l d	s k a ʊ l d	s k uː l	s k uː l d	s k uː l d	s k a ʊ l d	1	1	reg_d	reg_d	reg_d
string	ɪ ɡ z ɔ s t	ɪ ɡ z ɔ s t ə d	ɪ ɡ z ɔ s t ə d	ɪ ɡ z ɪ s t	ɪ ɡ z ɪ s t ə d	ɪ ɡ z ɪ s t ə d	ɪ ɡ z ɔ s t ə d	1	1	reg_əd	reg_əd	reg_əd
string	s uː p ɹ̩ v a ɪ z	s uː p ɹ̩ v a ɪ z d	s uː p ɹ̩ v a ɪ z d	s ɹ̩ p r a ɪ z	s ɹ̩ p r a ɪ z d	s ɹ̩ p r a ɪ z d	s uː p ɹ̩ v a ɪ z d	1	1	reg_d	reg_d	reg_d
string	d æ ŋ ɡ ə l	d æ ŋ ɡ ə l d	d æ ŋ ɡ ə l d	m æ ŋ ɡ ə l	m æ ŋ ɡ ə l d	m æ ŋ ɡ ə l d	d æ ŋ ɡ ə l d	1	1	reg_d	reg_d	reg_d
string	d͡ʒ ɪ m iː	d͡ʒ ɪ m iː d	d͡ʒ ɪ m iː d	s ɪ m ɹ̩	s ɪ m ɹ̩ d	s ɪ m ɹ̩ d	d͡ʒ ɪ m iː d	1	1	reg_d	reg_d	reg_d
string	t r ʌ b ə l	t r ʌ b ə l d	t r ʌ b ə l d	t r æ v ə l	t r æ v ə l d	t r æ v ə l d	t r ʌ b ə l d	1	1	reg_d	reg_d	reg_d
string	p e ɪ d͡ʒ	p e ɪ d͡ʒ d	p e ɪ d͡ʒ d	e ɪ d͡ʒ	e ɪ d͡ʒ d	e ɪ d͡ʒ d	p e ɪ d͡ʒ d	1	1	reg_d	reg_d	reg_d
string	t a ʊ ɹ̩	t a ʊ ɹ̩ d	t a ʊ ɹ̩ d	s a ʊ ɹ̩	s a ʊ ɹ̩ d	s a ʊ ɹ̩ d	t a ʊ ɹ̩ d	1	1	reg_d	reg_d	reg_d
string	f ɛ n s	f ɛ n s t	f ɛ n s t	l ɛ n d	l ɛ n t	l ɛ n t	NA	0	0	reg_t	reg_t	coda_change
string	d ɛ r	d ɛ r d	d ɛ r d	ʃ ɛ r	ʃ ɛ r d	ʃ ɛ r d	d ɛ r d	1	1	reg_d	reg_d	reg_d
string	b l iː d	b l ɛ d	b l ɛ d ə d	b iː d	b iː d ə d	b iː d ə d	b l iː d ə d	0	0	vowel_change	other	reg_əd
string	ɛ n t ɹ̩	ɛ n t ɹ̩ d	ɛ n t ɹ̩ d	s ɛ n t ɹ̩	s ɛ n t ɹ̩ d	s ɛ n t ɹ̩ d	ɛ n t ɹ̩ d	1	1	reg_d	reg_d	reg_d
string	m e ɪ n t e ɪ n	m e ɪ n t e ɪ n d	m e ɪ n t e ɪ n d	r ɪ t e ɪ n	r ɪ t e ɪ n d	r ɪ t e ɪ n d	m e ɪ n t e ɪ n d	1	1	reg_d	reg_d	reg_d
string	f ɛ r	f ɛ r d	f ɛ r d	ɛ r	ɛ r d	ɛ r d	f ɛ r d	1	1	reg_d	reg_d	reg_d
string	d ɪ p	d ɪ p t	d ɪ p t	s ɪ p	s æ p t	s ɪ p t	d æ p t	0	0	reg_t	reg_t	vowel_change_suffix
string	j ɔ n	j ɔ n d	j ɔ n d	m ɔ r n	m ɔ r n d	m ɔ r n d	j ɔ n d	1	1	reg_d	reg_d	reg_d
string	ʃ ʊ ɡ ɹ̩	ʃ ʊ ɡ ɹ̩ d	ʃ ʊ ɡ ɹ̩ d	b ʊ t͡ʃ ɹ̩	b ʊ t͡ʃ ɹ̩ d	b ʊ t͡ʃ ɹ̩ d	ʃ ʊ ɡ ɹ̩ d	1	1	reg_d	reg_d	reg_d
string	d r ɪ f t	d r ɪ f t ə d	d r æ f t ə d	d e ɪ t	d e ɪ t ə d	d e ɪ t ə d	d r ɪ f t ə d	0	1	reg_əd	other	reg_əd
string	ɪ n s p a ɪ ɹ̩	ɪ n s p a ɪ ɹ̩ d	ɪ n s p a ɪ ɹ̩ d	ɪ k s p a ɪ ɹ̩	ɪ k s p a ɪ ɹ̩ d	ɪ k s p a ɪ ɹ̩ d	ɪ n s p a ɪ ɹ̩ d	1	1	reg_d	reg_d	reg_d
string	m ɛ n ʃ ə n	m ɛ n ʃ ə n d	m ɛ n ʃ ə n d	m ə ʃ iː n	m ə ʃ iː n d	m ə ʃ iː n d	m ɛ n ʃ ə n d	1	1	reg_d	reg_d	reg_d
string	s l ɪ p	s l ɪ p t	s l ɪ p t	s l iː p	s l ɛ p t	s l ɛ p t	NA	0	0	reg_t	reg_t	vowel_change_suffix
string	s k ɪ p	s k ɪ p t	s k ɪ p t	s ɪ p	s æ p t	s ɪ p t	s k æ p t	0	0	reg_t	reg_t	vowel_change_suffix
string	m ə n ɪ p j ə l e ɪ t	m ə n ɪ p j ə l e ɪ t ə d	m ə n j ə l ə l e ɪ t ə d	f ɔ r m j ə l e ɪ t	f ɔ r m j ə l e ɪ t ə d	f ɔ r m j ə l e ɪ t ə d	m ə n ɪ p j ə l e ɪ t ə d	0	1	reg_əd	other	reg_əd
string	s æ k	s æ k t	s æ k t	d͡ʒ æ k	d͡ʒ æ k t	d͡ʒ æ k t	s æ k t	1	1	reg_t	reg_t	reg_t
string	ɪ n s p ɛ k t	ɪ n s p ɛ k t ə d	ɪ n s p ɛ k t ə d	ɪ k s p ɛ k t	ɪ k s p ɛ k t ə d	ɪ k s p ɛ k t ə d	ɪ n s p ɛ k t ə d	1	1	reg_əd	reg_əd	reg_əd
string	s æ k r ə f a ɪ s	s æ k r ə f a ɪ s t	s æ k r ə f a ɪ s t	k l ɛ r ə f a ɪ	k l ɛ r ə f a ɪ d	k l ɛ r ə f a ɪ d	s æ k r ə f a ɪ s d	0	0	reg_t	reg_t	reg_d
string	t æ p	t æ p t	t æ p t	t æ n	t æ n d	t æ n d	t æ p d	0	0	reg_t	reg_t	reg_d
string	h ɔ l	h ɔ l d	h ɔ l d	k ɔ l	k ɔ l d	k ɔ l d	h ɔ l d	1	1	reg_d	reg_d	reg_d
string	s k a ʊ t	s k a ʊ t ə d	s k a ʊ t ə d	d a ʊ t	d a ʊ t ə d	d a ʊ t ə d	s k a ʊ t ə d	1	1	reg_əd	reg_əd	reg_əd
string	p ɑː k ə t	p ɑː k ə t ə d	p ɑː k ə t ə d	r ɑː k ə t	r ɑː k ə t ə d	r ɑː k ə t ə d	p ɑː k ə t ə d	1	1	reg_əd	reg_əd	reg_əd
string	h a ʊ l	h a ʊ l d	h a ʊ l d	h a ʊ z	h a ʊ z d	h a ʊ z d	h a ʊ l d	1	1	reg_d	reg_d	reg_d
string	d ɔ n	d ɔ n d	d ɔ n d	d ɑː n	d ɑː n d	d ɑː n d	d ɔ n d	1	1	reg_d	reg_d	reg_d
string	t æ ŋ ɡ ə l	t æ ŋ ɡ ə l d	t æ ŋ ɡ ə l d	m æ ŋ ɡ ə l	m æ ŋ ɡ ə l d	m æ ŋ ɡ ə l d	t æ ŋ ɡ ə l d	1	1	reg_d	reg_d	reg_d
string	ɡ a ɪ d	ɡ a ɪ d ə d	ɡ a ɪ d ə d	s a ɪ d	s a ɪ d ə d	s a ɪ d ə d	ɡ a ɪ d ə d	1	1	reg_əd	reg_əd	reg_əd
string	θ ʌ n d ɹ̩	θ ʌ n d ɹ̩ d	θ ʌ n d ɹ̩ d	w ʌ n d ɹ̩	w ʌ n d ɹ̩ d	w ʌ n d ɹ̩ d	θ ʌ n d ɹ̩ d	1	1	reg_d	reg_d	reg_d
string	r a ʊ n d	r a ʊ n d ə d	r a ʊ n d ə d	s a ʊ n d	s a ʊ n d ə d	s a ʊ n d ə d	r a ʊ n d ə d	1	1	reg_əd	reg_əd	reg_əd
string	æ b d ʌ k t	æ b d ʌ k t ə d	æ b ʌ k t ə d	b ʌ s t	b ʌ s t ə d	b ʌ s t ə d	æ b d ʌ k t ə d	0	1	reg_əd	other	reg_əd
string	ɡ ʌ m	ɡ ʌ m d	ɡ ʌ m d	θ ʌ m	θ ʌ m d	θ ʌ m d	ɡ ʌ m d	1	1	reg_d	reg_d	reg_d
string	l ɛ k t͡ʃ ɹ̩	l ɛ k t͡ʃ ɹ̩ d	l ɛ k t͡ʃ ɹ̩ d	p ɪ k t͡ʃ ɹ̩	p ɪ k t͡ʃ ɹ̩ d	p ɪ k t͡ʃ ɹ̩ d	l ɛ k t͡ʃ ɹ̩ d	1	1	reg_d	reg_d	reg_d
string	d r ɪ b ə l	d r ɪ b ə l d	d r ɪ b ə l d	d ʌ b ə l	d ʌ b ə l d	d ʌ b ə l d	d r ɪ b ə l d	1	1	reg_d	reg_d	reg_d
string	d ʌ s t	d ʌ s t ə d	d ʌ s t ə d	b ʌ s t	b ʌ s t ə d	b ʌ s t ə d	d ʌ s t ə d	1	1	reg_əd	reg_əd	reg_əd
string	d͡ʒ æ m	d͡ʒ æ m d	d͡ʒ æ m d	d͡ʒ æ k	d͡ʒ æ k t	d͡ʒ æ k t	d͡ʒ æ m t	0	0	reg_d	reg_d	reg_t
string	t͡ʃ æ n ə l	t͡ʃ æ n ə l d	t͡ʃ æ n ə l d	b æ t ə l	b æ t ə l d	b æ t ə l d	t͡ʃ æ n ə l d	1	1	reg_d	reg_d	reg_d
string	d r e ɪ n	d r e ɪ n d	d r e ɪ n d	d r e ɪ p	d r e ɪ p t	d r e ɪ p t	d r e ɪ n t	0	0	reg_d	reg_d	reg_t
string	w uː n d	w uː n d ə d	w uː n d ə d	w uː	w uː d	w uː d	w uː n d d	0	0	reg_əd	reg_əd	reg_d
string	t e ɪ l	t e ɪ l d	t e ɪ l d	t r e ɪ l	t r e ɪ l d	t r e ɪ l d	t e ɪ l d	1	1	reg_d	reg_d	reg_d
string	s l o ʊ	s l o ʊ d	s l o ʊ d	s o ʊ	s o ʊ d	s o ʊ d	s l o ʊ d	1	1	reg_d	reg_d	reg_d
string	s t ɪ ŋ k	s t ʌ ŋ k	s t ɪ ŋ k t	ʃ r ɪ ŋ k	ʃ r æ ŋ k	ʃ r æ ŋ k	s t æ ŋ k	0	0	vowel_change	reg_t	vowel_change
string	f iː l d	f iː l d ə d	f iː l d ə d	f iː d	f ɛ d	f ɛ d	NA	0	0	reg_əd	reg_əd	vowel_change
string	s p a ɪ	s p a ɪ d	s p a ɪ d	s p a ɪ k	s p a ɪ k t	s p a ɪ k t	s p a ɪ t	0	0	reg_d	reg_d	reg_t
string	s ɪ ɡ n ə l	s ɪ ɡ n ə l d	s ɪ ɡ n ə l d	ɡ ɪ ɡ ə l	ɡ ɪ ɡ ə l d	ɡ ɪ ɡ ə l d	s ɪ ɡ n ə l d	1	1	reg_d	reg_d	reg_d
string	ɛ n k ɹ̩ ɪ d͡ʒ	ɛ n k ɹ̩ ɪ d͡ʒ d	ɛ n k ɹ̩ ɪ d͡ʒ d	n ɹ̩ ɪ ʃ	n ɹ̩ ɪ ʃ t	n ɹ̩ ɪ ʃ t	ɛ n k ɹ̩ ɪ d͡ʒ t	0	0	reg_d	reg_d	reg_t
string	s æ n ɪ t a ɪ z	s æ n ɪ t a ɪ z d	s æ n ɪ t a ɪ z d	s ɹ̩ p r a ɪ z	s ɹ̩ p r a ɪ z d	s ɹ̩ p r a ɪ z d	s æ n ɪ t a ɪ z d	1	1	reg_d	reg_d	reg_d
string	f r a ɪ t ə n	f r a ɪ t ə n d	f r a ɪ t ə n d	b r a ɪ t ə n	b r a ɪ t ə n d	b r a ɪ t ə n d	f r a ɪ t ə n d	1	1	reg_d	reg_d	reg_d
string	o ʊ v ɹ̩ k ə m	o ʊ v ɹ̩ k e ɪ m	o ʊ v ɹ̩ k ə m d	s ɹ̩ k ə l	s ɹ̩ k ə l d	s ɹ̩ k ə l d	o ʊ v ɹ̩ k ə m d	1	0	vowel_change	reg_d	reg_d
string	p ɛ p ɹ̩	p ɛ p ɹ̩ d	p ɛ p ɹ̩ d	p a ʊ ɹ̩	p a ʊ ɹ̩ d	p a ʊ ɹ̩ d	p ɛ p ɹ̩ d	1	1	reg_d	reg_d	reg_d
string	b ʌ d͡ʒ	b ʌ d͡ʒ d	b ʌ d͡ʒ d	b ʌ ɡ	b ʌ ɡ d	b ʌ ɡ d	b ʌ d͡ʒ d	1	1	reg_d	reg_d	reg_d
string	ɡ l ɛ r	ɡ l ɛ r d	ɡ l ɛ r d	l ɛ t	l ɛ t	l ɛ t	ɡ l ɛ r	0	0	reg_d	reg_d	no_change
string	ə f ɔ r d	ə f ɔ r d ə d	ə f ɔ r d ə d	b ɔ r d	b ɔ r d ə d	b ɔ r d ə d	ə f ɔ r d ə d	1	1	reg_əd	reg_əd	reg_əd
string	s k o ʊ l d	s k o ʊ l d ə d	s k o ʊ l d ə d	h o ʊ l d	h ɛ l d	h ɛ l d	s k ɛ l d	0	0	reg_əd	reg_əd	vowel_change
string	s ɛ n s	s ɛ n s t	s ɛ n s t	s ɛ n d	s ɛ n t	s ɛ n t	NA	0	0	reg_t	reg_t	coda_change
string	ɛ m f ə s a ɪ z	ɛ m f ə s a ɪ z d	ɛ m f ə s a ɪ z d	ɛ k s ɹ̩ s a ɪ z	ɛ k s ɹ̩ s a ɪ z d	ɛ k s ɹ̩ s a ɪ z d	ɛ m f ə s a ɪ z d	1	1	reg_d	reg_d	reg_d
string	l e ɪ b ə l	l e ɪ b ə l d	l e ɪ b ə l d	t e ɪ b ə l	t e ɪ b ə l d	t e ɪ b ə l d	l e ɪ b ə l d	1	1	reg_d	reg_d	reg_d
string	b a ʊ	b a ʊ d	b ɔ t	b a ɪ	b ɔ t	b ɔ t	NA	0	0	reg_d	vowel_change_suffix	vowel_change_suffix
string	b ʌ n t͡ʃ	b ʌ n t͡ʃ t	b ʌ n t͡ʃ t	m ʌ n t͡ʃ	m ʌ n t͡ʃ t	m ʌ n t͡ʃ t	b ʌ n t͡ʃ t	1	1	reg_t	reg_t	reg_t
string	t ɛ r ə r a ɪ z	t ɛ r ə r a ɪ z d	t ɛ r ə r a ɪ z d	r iː ə l a ɪ z	r iː ə l a ɪ z d	r iː ə l a ɪ z d	t ɛ r ə r a ɪ z d	1	1	reg_d	reg_d	reg_d
string	ɡ r æ v ə t e ɪ t	ɡ r æ v ə t e ɪ t ə d	ɡ r æ v ə t e ɪ t ə d	f æ s ə n e ɪ t	f æ s ə n e ɪ t ə d	f æ s ə n e ɪ t ə d	ɡ r æ v ə t e ɪ t ə d	1	1	reg_əd	reg_əd	reg_əd
string	b l æ s t	b l æ s t ə d	b l æ s t ə d	l æ s t	l æ s t ə d	l æ s t ə d	b l æ s t ə d	1	1	reg_əd	reg_əd	reg_əd
string	ɪ n ɪ ʃ ə l	ɪ n ɪ ʃ ə l d	ɪ n ɪ ʃ ə l d	n ɪ b ə l	n ɪ b ə l d	n ɪ b ə l d	ɪ n ɪ ʃ ə l d	1	1	reg_d	reg_d	reg_d
string	s w ɑː p	s w ɑː p t	s w ɑː p t	s w ɑː t	s w ɑː t ə d	s w ɑː t ə d	s w ɑː p ə d	0	0	reg_t	reg_t	reg_əd
string	æ d m a ɪ ɹ̩	æ d m a ɪ ɹ̩ d	æ d m a ɪ ɹ̩ d	æ d v a ɪ z	æ d v a ɪ z d	æ d v a ɪ z d	æ d m a ɪ ɹ̩ d	1	1	reg_d	reg_d	reg_d
string	s ə p ɔ r t	s ə p ɔ r t ə d	s ə p ɔ r t ə d	s p ɔ r t	s p ɔ r t ə d	s p ɔ r t ə d	s ə p ɔ r t ə d	1	1	reg_əd	reg_əd	reg_əd
string	p æ m p ɹ̩	p æ m p ɹ̩ d	p æ m p ɹ̩ d	k æ m p	k æ m p t	k æ m p t	p æ m p ɹ̩ t	0	0	reg_d	reg_d	reg_t
string	v ɔ ɪ s	v ɔ ɪ s t	v ɔ ɪ s t	r e ɪ s	r e ɪ s t	r e ɪ s t	v ɔ ɪ s t	1	1	reg_t	reg_t	reg_t
string	s k ɔ r	s k ɔ r d	s k ɔ r d	s k ɑː r	s k ɑː r d	s k ɑː r d	s k ɔ r d	1	1	reg_d	reg_d	reg_d
string	d ɑː k t ɹ̩	d ɑː k t ɹ̩ d	d ɑː k t ɹ̩ d	d ɑː t	d ɑː t ə d	d ɑː t ə d	d ɑː k t ɹ̩ ə d	0	0	reg_d	reg_d	reg_əd
string	r iː v æ m p	r iː v æ m p t	r iː v æ m p t	r iː k æ p	r iː k æ p t	r iː k æ p t	r iː v æ m p t	1	1	reg_t	reg_t	reg_t
string	l iː s	l iː s t	l iː s t	l iː p	l ɛ p t	l ɛ p t	NA	0	0	reg_t	reg_t	vowel_change_suffix
string	s ə p r ɛ s	s ə p r ɛ s t	s ə p r ɛ s t	ɪ m p r ɛ s	ɪ m p r ɛ s t	ɪ m p r ɛ s t	s ə p r ɛ s t	1	1	reg_t	reg_t	reg_t
string	ə p o ʊ z	ə p o ʊ z d	ə p o ʊ z d	p o ʊ z	p o ʊ z d	p o ʊ z d	ə p o ʊ z d	1	1	reg_d	reg_d	reg_d
string	f l ɑː p	f l ɑː p t	f l ɑː p t	f l æ p	f l æ p t	f l æ p t	f l ɑː p t	1	1	reg_t	reg_t	reg_t
string	b ʌ m	b ʌ m d	b ʌ m d	b uː m	b uː m d	b uː m d	b ʌ m d	1	1	reg_d	reg_d	reg_d
string	s p ɹ̩ t	s p ɹ̩ t ə d	s p ɹ̩ t ə d	s p ɑː t	s p ɑː t ə d	s p ɑː t ə d	s p ɹ̩ t ə d	1	1	reg_əd	reg_əd	reg_əd
string	h uː t	h uː t ə d	h uː t ə d	h ɹ̩ t	h ɹ̩ t	h ɹ̩ t	h uː t	0	0	reg_əd	reg_əd	no_change
string	p ɹ̩ s	p ɹ̩ s t	p ɹ̩ s t	p iː s	p iː s t	p iː s t	p ɹ̩ s t	1	1	reg_t	reg_t	reg_t
string	k l ʌ b	k l ʌ b d	k l ʌ b d	f l ʌ ʃ	f l ʌ ʃ t	f l ʌ ʃ t	k l ʌ b t	0	0	reg_d	reg_d	reg_t
string	p ɪ t iː	p ɪ t iː d	p ɪ t iː d	p ɪ t	p ɪ t ə d	p ɪ t ə d	p ɪ t iː ə d	0	0	reg_d	reg_d	reg_əd
string	t r æ m p	t r æ m p t	t r æ m p t	t r ʌ m p	t r ʌ m p t	t r ʌ m p t	t r æ m p t	1	1	reg_t	reg_t	reg_t
string	d͡ʒ ɛ n ɹ̩ e ɪ t	d͡ʒ ɛ n ɹ̩ e ɪ t ə d	d͡ʒ ɛ n ɹ̩ e ɪ t ə d	d ɛ k ɹ̩ e ɪ t	d ɛ k ɹ̩ e ɪ t ə d	d ɛ k ɹ̩ e ɪ t ə d	d͡ʒ ɛ n ɹ̩ e ɪ t ə d	1	1	reg_əd	reg_əd	reg_əd
string	t æ t ə l	t æ t ə l d	t æ t ə l d	b æ t ə l	b æ t ə l d	b æ t ə l d	t æ t ə l d	1	1	reg_d	reg_d	reg_d
string	f ʌ m b ə l	f ʌ m b ə l d	f ʌ m b ə l d	t ʌ m b ə l	t ʌ m b ə l d	t ʌ m b ə l d	f ʌ m b ə l d	1	1	reg_d	reg_d	reg_d
string	s t æ ʃ	s t æ ʃ t	s t æ ʃ t	s m æ ʃ	s m æ ʃ t	s m æ ʃ t	s t æ ʃ t	1	1	reg_t	reg_t	reg_t
string	ɪ n s ɪ s t	ɪ n s ɪ s t ə d	ɪ n s ɪ s t ə d	ɪ n s ɹ̩ t	ɪ n s ɹ̩ t ə d	ɪ n s ɹ̩ t ə d	ɪ n s ɪ s t ə d	1	1	reg_əd	reg_əd	reg_əd
string	ɪ ɡ z æ m ɪ n	ɪ ɡ z æ m ɪ n d	ɪ ɡ z æ m ɪ n d	d ɪ z a ɪ n	d ɪ z a ɪ n d	d ɪ z a ɪ n d	ɪ ɡ z æ m ɪ n d	1	1	reg_d	reg_d	reg_d
string	b l ɑː s ə m	b l ɑː s ə m d	b l ɑː s ə m d	b ɑː t ə m	b ɑː t ə m d	b ɑː t ə m d	b l ɑː s ə m d	1	1	reg_d	reg_d	reg_d
string	r o ʊ p	r o ʊ p t	r o ʊ p t	r o ʊ l	r o ʊ l d	r o ʊ l d	r o ʊ p d	0	0	reg_t	reg_t	reg_d
string	p ɪ ŋ	p ɪ ŋ d	p ɪ ŋ d	p ɪ t͡ʃ	p ɪ t͡ʃ t	p ɪ t͡ʃ t	p ɪ ŋ t	0	0	reg_d	reg_d	reg_t
string	v o ʊ t	v o ʊ t ə d	v o ʊ t ə d	b o ʊ t	b o ʊ t ə d	b o ʊ t ə d	v o ʊ t ə d	1	1	reg_əd	reg_əd	reg_əd
string	n iː r	n iː r d	n iː r d	s iː r	s iː r d	s iː r d	n iː r d	1	1	reg_d	reg_d	reg_d
string	t r ʌ s t	t r ʌ s t ə d	t r ʌ s t ə d	r ʌ s t	r ʌ s t ə d	r ʌ s t ə d	t r ʌ s t ə d	1	1	reg_əd	reg_əd	reg_əd
string	ɪ n t ɹ̩ s p ɹ̩ s	ɪ n t ɹ̩ s p ɹ̩ s t	ɪ n t ɹ̩ s p ɹ̩ s t ɹ̩ s t ɹ̩ t ɹ̩ t	ɪ n t ɹ̩ ʌ p t	ɪ n t ɹ̩ ʌ p t ə d	ɪ n t ɹ̩ ʌ p t ə d	ɪ n t ɹ̩ s p ɹ̩ s ə d	0	0	reg_t	other	reg_əd
string	s w uː p	s w uː p t	s w uː p t	w uː p	w uː p t	w uː p t	s w uː p t	1	1	reg_t	reg_t	reg_t
string	d͡ʒ e ɪ l	d͡ʒ e ɪ l d	d͡ʒ e ɪ l d	n e ɪ l	n e ɪ l d	n e ɪ l d	d͡ʒ e ɪ l d	1	1	reg_d	reg_d	reg_d
string	f e ɪ l	f e ɪ l d	f e ɪ l d	f ɪ l	f ɪ l d	f ɪ l d	f e ɪ l d	1	1	reg_d	reg_d	reg_d
string	b ʊ k	b ʊ k t	b ʊ k t	h ʊ k	h ʊ k t	h ʊ k t	b ʊ k t	1	1	reg_t	reg_t	reg_t
string	s ɪ f t	s ɪ f t ə d	s ɪ f t ə d	ʃ ɪ f t	ʃ ɪ f t ə d	ʃ ɪ f t ə d	s ɪ f t ə d	1	1	reg_əd	reg_əd	reg_əd
string	k a ʊ t͡ʃ	k a ʊ t͡ʃ t	k a ʊ t͡ʃ t	k r a ʊ t͡ʃ	k r a ʊ t͡ʃ t	k r a ʊ t͡ʃ t	k a ʊ t͡ʃ t	1	1	reg_t	reg_t	reg_t
string	f r ʌ n t	f r ʌ n t ə d	f r ʌ n t ə d	ɡ r ʌ n t	ɡ r ʌ n t ə d	ɡ r ʌ n t ə d	f r ʌ n t ə d	1	1	reg_əd	reg_əd	reg_əd
string	p r ə d uː s	p r ə d uː s t	p r ə d uː s t	r ɪ d uː s	r ɪ d uː s t	r ɪ d uː s t	p r ə d uː s t	1	1	reg_t	reg_t	reg_t
string	ʃ e ɪ d	ʃ e ɪ d ə d	ʃ e ɪ d ə d	r e ɪ d	r e ɪ d ə d	r e ɪ d ə d	ʃ e ɪ d ə d	1	1	reg_əd	reg_əd	reg_əd
string	d r ɛ n t͡ʃ	d r ɛ n t͡ʃ t	d r ɛ n t͡ʃ t	r ɛ n t͡ʃ	r ɛ n t͡ʃ t	r ɛ n t͡ʃ t	d r ɛ n t͡ʃ t	1	1	reg_t	reg_t	reg_t
string	s p l æ t ɹ̩	s p l æ t ɹ̩ d	s p l æ t ɹ̩ d	s p l ɪ n t ɹ̩	s p l ɪ n t ɹ̩ d	s p l ɪ n t ɹ̩ d	s p l æ t ɹ̩ d	1	1	reg_d	reg_d	reg_d
string	r iː v j uː	r iː v j uː d	r iː v j uː d	r iː t͡ʃ	r iː t͡ʃ t	r iː t͡ʃ t	r iː v j uː t	0	0	reg_d	reg_d	reg_t
string	b ɔ r	b ɔ r d	b ɔ r d	b ɔ l	b ɔ l d	b ɔ l d	b ɔ r d	1	1	reg_d	reg_d	reg_d
string	s iː t	s iː t ə d	s iː t ə d	h iː t	h iː t ə d	h iː t ə d	s iː t ə d	1	1	reg_əd	reg_əd	reg_əd
string	b ɛ d	b ɛ d ə d	b ɛ d	b ɛ r	b o ʊ r	b o ʊ r	NA	0	0	reg_əd	no_change	vowel_change
string	ə n s iː t	ə n s iː t ə d	ə n s iː t ə d	ɪ n s ɹ̩ t	ɪ n s ɹ̩ t ə d	ɪ n s ɹ̩ t ə d	ə n s iː t ə d	1	1	reg_əd	reg_əd	reg_əd
string	m ʌ f ə l	m ʌ f ə l d	m ʌ f ə l d	m ʌ s ə l	m ʌ s ə l d	m ʌ s ə l d	m ʌ f ə l d	1	1	reg_d	reg_d	reg_d
string	s t ʌ m p	s t ʌ m p t	s t ʌ m p t	s t ɑː m p	s t ɑː m p t	s t ɑː m p t	s t ʌ m p t	1	1	reg_t	reg_t	reg_t
string	t r æ n s p l æ n t	t r æ n s p l æ n t ə d	t r æ n s t ə n æ n s t	t r æ n z m ɪ t	t r æ n z m ɪ t ə d	t r æ n z m ɪ t ə d	t r æ n s p l æ n t ə d	0	1	reg_əd	other	reg_əd
string	v ɪ ʒ w ə l a ɪ z	v ɪ ʒ w ə l a ɪ z d	v ɪ v ə l a ɪ z	s ɪ m b ə l a ɪ z	s ɪ m b ə l a ɪ z d	s ɪ m b ə l a ɪ z d	v ɪ ʒ w ə l a ɪ z d	0	1	reg_d	other	reg_d
string	ɡ æ l ə p	ɡ æ l ə p t	ɡ æ l ə p t	s k æ l ə p	s k æ l ə p t	s k æ l ə p t	ɡ æ l ə p t	1	1	reg_t	reg_t	reg_t
string	s ʌ l iː	s ʌ l iː d	s ʌ l iː d	k ʌ l ɹ̩	k ʌ l ɹ̩ d	k ʌ l ɹ̩ d	s ʌ l iː d	1	1	reg_d	reg_d	reg_d
string	ə n f o ʊ l d	ə n f o ʊ l d ə d	ə n f o ʊ l d ə d	ə n l o ʊ d	ə n l o ʊ d ə d	ə n l o ʊ d ə d	ə n f o ʊ l d ə d	1	1	reg_əd	reg_əd	reg_əd
string	w iː	w iː d	w iː d	w iː v	w iː v d	w iː v d	w iː d	1	1	reg_d	reg_d	reg_d
string	ɪ m ə t e ɪ t	ɪ m ə t e ɪ t ə d	ɪ m ə t e ɪ t ə d	ɪ r ɪ t e ɪ t	ɪ r ɪ t e ɪ t ə d	ɪ r ɪ t e ɪ t ə d	ɪ m ə t e ɪ t ə d	1	1	reg_əd	reg_əd	reg_əd
string	s w ɹ̩ v	s w ɹ̩ v d	s w ɹ̩ v d	s ɹ̩ v	s ɹ̩ v d	s ɹ̩ v d	s w ɹ̩ v d	1	1	reg_d	reg_d	reg_d
string	h iː p	h iː p t	h iː p t	s iː p	s iː p t	s iː p t	h iː p t	1	1	reg_t	reg_t	reg_t
string	r iː f j uː ə l	r iː f j uː ə l d	r iː f j uː ə l d	f j uː ə l	f j uː ə l d	f j uː ə l d	r iː f j uː ə l d	1	1	reg_d	reg_d	reg_d
string	t͡ʃ æ n t	t͡ʃ æ n t ə d	t͡ʃ æ n t ə d	p æ n t	p æ n t ə d	p æ n t ə d	t͡ʃ æ n t ə d	1	1	reg_əd	reg_əd	reg_əd
string	ɡ r o ʊ s	ɡ r o ʊ s t	ɡ r o ʊ s t	r o ʊ l	r o ʊ l d	r o ʊ l d	ɡ r o ʊ s d	0	0	reg_t	reg_t	reg_d
string	o ʊ v ɹ̩ f l o ʊ	o ʊ v ɹ̩ f l o ʊ d	o ʊ v ɹ̩ f l o ʊ d	o ʊ v ɹ̩ s t e ɪ	o ʊ v ɹ̩ s t e ɪ d	o ʊ v ɹ̩ s t e ɪ d	o ʊ v ɹ̩ f l o ʊ d	1	1	reg_d	reg_d	reg_d
string	s ɔ f ə n	s ɔ f ə n d	s ɔ f ə n d	s iː z ə n	s iː z ə n d	s iː z ə n d	s ɔ f ə n d	1	1	reg_d	reg_d	reg_d
string	ə t ɛ m p t	ə t ɛ m p t ə d	ə t ɛ m p t ə d	ɛ m p t iː	ɛ m p t iː d	ɛ m p t iː d	ə t ɛ m p t d	0	0	reg_əd	reg_əd	reg_d
string	r ə f ɹ̩	r ə f ɹ̩ d	r ə f ɹ̩ d	p r ə f ɹ̩	p r ə f ɹ̩ d	p r ə f ɹ̩ d	r ə f ɹ̩ d	1	1	reg_d	reg_d	reg_d
string	s m iː r	s m iː r d	s m iː r d	s iː r	s iː r d	s iː r d	s m iː r d	1	1	reg_d	reg_d	reg_d
string	ɪ m p r uː v	ɪ m p r uː v d	ɪ m p r uː v d	p r uː v	p r uː v d	p r uː v d	ɪ m p r uː v d	1	1	reg_d	reg_d	reg_d
string	ɡ r o ʊ n	ɡ r o ʊ n d	ɡ r o ʊ n d	p r o ʊ b	p r o ʊ b d	p r o ʊ b d	ɡ r o ʊ n d	1	1	reg_d	reg_d	reg_d
string	s a ɪ k ə l	s a ɪ k ə l d	s a ɪ k ə l d	p ɪ k ə l	p ɪ k ə l d	p ɪ k ə l d	s a ɪ k ə l d	1	1	reg_d	reg_d	reg_d
string	f o ʊ k ə s	f o ʊ k ə s t	f o ʊ k ə s t	k o ʊ k s	k o ʊ k s t	k o ʊ k s t	f o ʊ k ə s t	1	1	reg_t	reg_t	reg_t
string	b ɑː s	b ɑː s t	b ɑː s t	b ɑː r	b ɑː r d	b ɑː r d	b ɑː s d	0	0	reg_t	reg_t	reg_d
string	ʃ r ɛ d	ʃ r ɛ d ə d	ʃ r ɛ d ə d	b r ɛ d	b r ɛ d ə d	b r ɛ d ə d	ʃ r ɛ d ə d	1	1	reg_əd	reg_əd	reg_əd
string	o ʊ v ɹ̩ d uː	o ʊ v ɹ̩ d ɪ d	o ʊ v ɹ̩ d uː d	p ɹ̩ s uː	p ɹ̩ s uː d	p ɹ̩ s uː d	o ʊ v ɹ̩ d uː d	1	0	vowel_change_suffix	reg_d	reg_d
string	s k iː	s k iː d	s k iː d	k iː	k iː d	k iː d	s k iː d	1	1	reg_d	reg_d	reg_d
string	k ə n t e ɪ n	k ə n t e ɪ n d	k ə n t e ɪ n d	k ə m b a ɪ n	k ə m b a ɪ n d	k ə m b a ɪ n d	k ə n t e ɪ n d	1	1	reg_d	reg_d	reg_d
string	n æ v ə ɡ e ɪ t	n æ v ə ɡ e ɪ t ə d	n æ v ə ɡ e ɪ t ə d	f æ s ə n e ɪ t	f æ s ə n e ɪ t ə d	f æ s ə n e ɪ t ə d	n æ v ə ɡ e ɪ t ə d	1	1	reg_əd	reg_əd	reg_əd
string	r ɪ p ɛ l	r ɪ p ɛ l d	r ɪ p ɛ l	r ɪ p ɛ r	r ɪ p ɛ r d	r ɪ p ɛ r d	r ɪ p ɛ l d	0	1	reg_d	no_change	reg_d
string	m ʌ t ɹ̩	m ʌ t ɹ̩ d	m ʌ t ɹ̩ d	b ʌ t ɹ̩	b ʌ t ɹ̩ d	b ʌ t ɹ̩ d	m ʌ t ɹ̩ d	1	1	reg_d	reg_d	reg_d
string	b r iː d	b r ɛ d	b r iː d ə d	b r ɛ d	b r ɛ d ə d	b r ɛ d ə d	b r iː d ə d	1	0	vowel_change	reg_əd	reg_əd
string	t æ l iː	t æ l iː d	t æ l iː d	t ɛ l	t o ʊ l d	t o ʊ l d	NA	0	0	reg_d	reg_d	vowel_change_suffix
string	m æ ɡ n ə f a ɪ	m æ ɡ n ə f a ɪ d	m æ ɡ n ə f a ɪ d	ɡ l ɔ r ə f a ɪ	ɡ l ɔ r ə f a ɪ d	ɡ l ɔ r ə f a ɪ d	m æ ɡ n ə f a ɪ d	1	1	reg_d	reg_d	reg_d
string	w e ɪ d	w e ɪ d ə d	w e ɪ d ə d	w e ɪ l	w e ɪ l d	w e ɪ l d	w e ɪ d d	0	0	reg_əd	reg_əd	reg_d
string	l æ p	l æ p t	l æ p t	r æ p	r æ p t	r æ p t	l æ p t	1	1	reg_t	reg_t	reg_t
string	l ɑː p	l ɑː p t	l ɑː p t	h ɑː p	h ɑː p t	h ɑː p t	l ɑː p t	1	1	reg_t	reg_t	reg_t
string	b ɑː m	b ɑː m d	b ɑː m d	b uː m	b uː m d	b uː m d	b ɑː m d	1	1	reg_d	reg_d	reg_d
string	ə b z ɹ̩ v	ə b z ɹ̩ v d	ə b z ɹ̩ v d	d ɪ z ɹ̩ v	d ɪ z ɹ̩ v d	d ɪ z ɹ̩ v d	ə b z ɹ̩ v d	1	1	reg_d	reg_d	reg_d
string	w iː n	w iː n d	w iː n d	w ɪ n	w ɪ n d	w ʌ n	w iː n d	1	1	reg_d	reg_d	reg_d
string	r iː r	r iː r d	r iː r d	s iː r	s iː r d	s iː r d	r iː r d	1	1	reg_d	reg_d	reg_d
string	r æ ʃ ə n	r æ ʃ ə n d	r æ ʃ ə n d	h æ p ə n	h æ p ə n d	h æ p ə n d	r æ ʃ ə n d	1	1	reg_d	reg_d	reg_d
string	ə d ɪ k t	ə d ɪ k t ə d	ə d ɪ k t ə d	ə f ɛ k t	ə f ɛ k t ə d	ə f ɛ k t ə d	ə d ɪ k t ə d	1	1	reg_əd	reg_əd	reg_əd
string	b ʌ n d ə l	b ʌ n d ə l d	b ʌ n d ə l d	h æ n d ə l	h æ n d ə l d	h æ n d ə l d	b ʌ n d ə l d	1	1	reg_d	reg_d	reg_d
string	m ə t j ʊ r	m ə t j ʊ r d	m ə t j ʊ r d	t ʊ r	t ʊ r d	t ʊ r d	m ə t j ʊ r d	1	1	reg_d	reg_d	reg_d
string	f l ɹ̩ t	f l ɹ̩ t ə d	f l ɹ̩ t ə d	f l iː	f l ɛ d	f l ɛ d	NA	0	0	reg_əd	reg_əd	vowel_change_suffix
string	ɪ n k ɔ r p ɹ̩ e ɪ t	ɪ n k ɔ r p ɹ̩ e ɪ t ə d	ɪ n p ɹ̩ r e ɪ t ə d	ɪ v æ p ɹ̩ e ɪ t	ɪ v æ p ɹ̩ e ɪ t ə d	ɪ v æ p ɹ̩ e ɪ t ə d	ɪ n k ɔ r p ɹ̩ e ɪ t ə d	0	1	reg_əd	other	reg_əd
string	f r ʌ s t r e ɪ t	f r ʌ s t r e ɪ t ə d	f r ʌ s t r e ɪ t ə d	r iː s t r e ɪ n	r iː s t r e ɪ n d	r iː s t r e ɪ n d	f r ʌ s t r e ɪ t d	0	0	reg_əd	reg_əd	reg_d
string	d ɪ f a ɪ n	d ɪ f a ɪ n d	d ɪ f a ɪ n d	d ɪ z a ɪ n	d ɪ z a ɪ n d	d ɪ z a ɪ n d	d ɪ f a ɪ n d	1	1	reg_d	reg_d	reg_d
string	b r e ɪ v	b r e ɪ v d	b r e ɪ v d	b r e ɪ d	b r e ɪ d ə d	b r e ɪ d ə d	b r e ɪ v ə d	0	0	reg_d	reg_d	reg_əd
string	ɪ n k w a ɪ ɹ̩	ɪ n k w a ɪ ɹ̩ d	ɪ n k w a ɪ ɹ̩ d	r iː k w a ɪ ɹ̩	r iː k w a ɪ ɹ̩ d	r iː k w a ɪ ɹ̩ d	ɪ n k w a ɪ ɹ̩ d	1	1	reg_d	reg_d	reg_d
string	b ʌ s	b ʌ s t	b ʌ s t	b ʌ z	b ʌ z d	b ʌ z d	b ʌ s d	0	0	reg_t	reg_t	reg_d
string	p ə z ɪ ʃ ə n	p ə z ɪ ʃ ə n d	p ə z ɪ ʃ ə n d	p ə t ɪ ʃ ə n	p ə t ɪ ʃ ə n d	p ə t ɪ ʃ ə n d	p ə z ɪ ʃ ə n d	1	1	reg_d	reg_d	reg_d
final	iː t	e ɪ t	iː t ə t	r o ʊ t e ɪ t	r o ʊ t e ɪ t ə d	r o ʊ t e ɪ t ə d	iː t ə d	0	0	vowel_change	other	reg_əd
final	m e ɪ k	m e ɪ d	m e ɪ k t	f ɔ r k	f ɔ r k t	f ɔ r k t	m e ɪ k t	1	0	coda_change	reg_t	reg_t
final	n o ʊ	n uː	n o ʊ d	a ʊ t ɡ r o ʊ	a ʊ t ɡ r uː	a ʊ t ɡ r uː	n uː	0	1	vowel_change	reg_d	vowel_change
final	f ɔ l	f ɛ l	f ɔ l d	f uː l	f uː l d	f uː l d	f ɔ l d	1	0	vowel_change	reg_d	reg_d
final	b r ɪ ŋ	b r ɔ t	b r ɪ ŋ	b æ ŋ	b æ ŋ d	b æ ŋ d	b r ɪ ŋ d	0	0	rhyme_replaced	no_change	reg_d
final	s t ɑː r t	s t ɑː r t ə d	s t ɑː r t ə d	k ɑː n s ə n t r e ɪ t	k ɑː n s ə n t r e ɪ t ə d	k ɑː n s ə n t r e ɪ t ə d	s t ɑː r t ə d	1	1	reg_əd	reg_əd	reg_əd
final	t e ɪ k	t ʊ k	t e ɪ k t	k r æ k	k r æ k t	k r æ k t	t e ɪ k t	1	0	vowel_change	reg_t	reg_t
final	h e ɪ t	h e ɪ t ə d	h e ɪ t ə d	r e ɪ t	r e ɪ t ə d	r e ɪ t ə d	h e ɪ t ə d	1	1	reg_əd	reg_əd	reg_əd
final	r a ɪ t	r o ʊ t	r o ʊ t ə d	ɪ m p l ə m ɛ n t	ɪ m p l ə m ɛ n t ə d	ɪ m p l ə m ɛ n t ə d	r a ɪ t ə d	0	0	vowel_change	other	reg_əd
final	f ɪ t	f ɪ t	f ɪ t ə d	k w ɪ t	k w ɪ t	k w ɪ t	f ɪ t	0	1	no_change	reg_əd	no_change
final	d a ɪ n	d a ɪ n d	d a ɪ n d	θ r ɛ t ə n	θ r ɛ t ə n d	θ r ɛ t ə n d	d a ɪ n d	1	1	reg_d	reg_d	reg_d
final	m ɪ s	m ɪ s t	m ɪ s t	ɡ ɛ s	ɡ ɛ s t	ɡ ɛ s t	m ɪ s t	1	1	reg_t	reg_t	reg_t
final	n ɑː k	n ɑː k t	n ɑː k t	k r æ k	k r æ k t	k r æ k t	n ɑː k t	1	1	reg_t	reg_t	reg_t
final	n iː d	n iː d ə d	n iː d ə d	r ɛ k ə m ɛ n d	r ɛ k ə m ɛ n d ə d	r ɛ k ə m ɛ n d ə d	n iː d ə d	1	1	reg_əd	reg_əd	reg_əd
final	m uː v	m uː v d	m uː v d	k ɑː r v	k ɑː r v d	k ɑː r v d	m uː v d	1	1	reg_d	reg_d	reg_d
final	f l ɪ p	f l ɪ p t	f l ɪ p t	w ɪ p	w ɪ p t	w ɪ p t	f l ɪ p t	1	1	reg_t	reg_t	reg_t
final	r ɛ d iː	r ɛ d iː d	r ɛ d iː d	k iː	k iː d	k iː d	r ɛ d iː d	1	1	reg_d	reg_d	reg_d
final	z ɪ p	z ɪ p t	z ɪ p t	ɡ ʌ l p	ɡ ʌ l p t	ɡ ʌ l p t	z ɪ p t	1	1	reg_t	reg_t	reg_t
final	f a ɪ t	f ɔ t	f a ɪ t ə d	b o ʊ l t	b o ʊ l t ə d	b o ʊ l t ə d	f a ɪ t ə d	1	0	vowel_change	reg_əd	reg_əd
final	k æ t͡ʃ	k ɔ t	k æ t͡ʃ t	r iː ə t æ t͡ʃ	r iː ə t æ t͡ʃ t	r iː ə t æ t͡ʃ t	k æ t͡ʃ t	1	0	rhyme_replaced	reg_t	reg_t
final	f l o ʊ t	f l o ʊ t ə d	f l o ʊ t ə d	ə d͡ʒ ʌ s t	ə d͡ʒ ʌ s t ə d	ə d͡ʒ ʌ s t ə d	f l o ʊ t ə d	1	1	reg_əd	reg_əd	reg_əd
final	w ɪ ʃ	w ɪ ʃ t	w ɪ ʃ t	d æ ʃ	d æ ʃ t	d æ ʃ t	w ɪ ʃ t	1	1	reg_t	reg_t	reg_t
final	ʃ e ɪ k	ʃ ʊ k	ʃ e ɪ k t	w ɔ k	w ɔ k t	w ɔ k t	ʃ e ɪ k t	1	0	vowel_change	reg_t	reg_t
final	k ɪ k	k ɪ k t	k ɪ k t	p iː k	p iː k t	p iː k t	k ɪ k t	1	1	reg_t	reg_t	reg_t
final	t͡ʃ e ɪ n d͡ʒ	t͡ʃ e ɪ n d͡ʒ d	t͡ʃ e ɪ n d͡ʒ d	ə r e ɪ n d͡ʒ	ə r e ɪ n d͡ʒ d	ə r e ɪ n d͡ʒ d	t͡ʃ e ɪ n d͡ʒ d	1	1	reg_d	reg_d	reg_d
final	θ r o ʊ	θ r uː	θ r o ʊ d	ʃ æ d o ʊ	ʃ æ d o ʊ d	ʃ æ d o ʊ d	θ r o ʊ d	1	0	vowel_change	reg_d	reg_d
final	b æ k	b æ k t	b æ k t	s m o ʊ k	s m o ʊ k t	s m o ʊ k t	b æ k t	1	1	reg_t	reg_t	reg_t
final	f l æ ʃ	f l æ ʃ t	f l æ ʃ t	b l ʌ ʃ	b l ʌ ʃ t	b l ʌ ʃ t	f l æ ʃ t	1	1	reg_t	reg_t	reg_t
final	ɡ r o ʊ	ɡ r uː	ɡ r o ʊ d	ɡ o ʊ	w ɛ n t	w ɛ n t	NA	0	0	vowel_change	reg_d	other
final	s m a ɪ l	s m a ɪ l d	s m a ɪ l d	t ɪ ŋ k ə l	t ɪ ŋ k ə l d	t ɪ ŋ k ə l d	s m a ɪ l d	1	1	reg_d	reg_d	reg_d
final	s t ɑː p	s t ɑː p t	s t ɑː p t	h o ʊ p	h o ʊ p t	h o ʊ p t	s t ɑː p t	1	1	reg_t	reg_t	reg_t
final	s t ɹ̩	s t ɹ̩ d	s t ɹ̩ d	m ɛ ʒ ɹ̩	m ɛ ʒ ɹ̩ d	m ɛ ʒ ɹ̩ d	s t ɹ̩ d	1	1	reg_d	reg_d	reg_d
final	t͡ʃ uː	t͡ʃ uː d	t͡ʃ o ʊ t͡ʃ t	s k r uː	s k r uː d	s k r uː d	t͡ʃ uː d	0	1	reg_d	rhyme_replaced	reg_d
final	d r ɛ s	d r ɛ s t	d r ɛ s t	ə n d r ɛ s	ə n d r ɛ s t	ə n d r ɛ s t	d r ɛ s t	1	1	reg_t	reg_t	reg_t
final	ə n d ɹ̩ s t æ n d	ə n d ɹ̩ s t ʊ d	ə n d ɹ̩ s t æ n d	f iː d	f ɛ d	f ɛ d	NA	0	0	rhyme_replaced	no_change	vowel_change
final	t͡ʃ e ɪ s	t͡ʃ e ɪ s t	t͡ʃ e ɪ s t	l uː s	l uː s t	l uː s t	t͡ʃ e ɪ s t	1	1	reg_t	reg_t	reg_t
final	h ʌ ɡ	h ʌ ɡ d	h ʌ ɡ d	b r æ ɡ	b r æ ɡ d	b r æ ɡ d	h ʌ ɡ d	1	1	reg_d	reg_d	reg_d
final	h ɪ t	h ɪ t	h ɪ t	ɪ v æ l j uː e ɪ t	ɪ v æ l j uː e ɪ t ə d	ɪ v æ l j uː e ɪ t ə d	h ɪ t ə d	0	0	no_change	no_change	reg_əd
final	h æ m ɹ̩	h æ m ɹ̩ d	h æ m ɹ̩ d	s p ʌ t ɹ̩	s p ʌ t ɹ̩ d	s p ʌ t ɹ̩ d	h æ m ɹ̩ d	1	1	reg_d	reg_d	reg_d
final	w a ɪ n d	w a ɪ n d ə d	w a ʊ n d	ə p l ɔ d	ə p l ɔ d ə d	ə p l ɔ d ə d	w a ɪ n d ə d	0	1	reg_əd	vowel_change	reg_əd
final	k ə n s t r ʌ k t	k ə n s t r ʌ k t ə d	k ə n s t r ʌ k t ə d	ə d͡ʒ ʌ s t	ə d͡ʒ ʌ s t ə d	ə d͡ʒ ʌ s t ə d	k ə n s t r ʌ k t ə d	1	1	reg_əd	reg_əd	reg_əd
final	m iː t	m ɛ t	m iː t ə d	ɡ ʌ t	ɡ ʌ t	ɡ ʌ t ə d	m iː t	0	0	vowel_change	reg_əd	no_change
final	s w ɪ ʃ	s w ɪ ʃ t	s w ɪ ʃ t	s k w ɑː ʃ	s k w ɑː ʃ t	s k w ɑː ʃ t	s w ɪ ʃ t	1	1	reg_t	reg_t	reg_t
final	s k w iː z	s k w iː z d	s k w iː z d	p r a ɪ z	p r a ɪ z d	p r a ɪ z d	s k w iː z d	1	1	reg_d	reg_d	reg_d
final	t͡ʃ ʌ ɡ	t͡ʃ ʌ ɡ d	t͡ʃ ʌ ɡ d	t æ ɡ	t æ ɡ d	t æ ɡ d	t͡ʃ ʌ ɡ d	1	1	reg_d	reg_d	reg_d
final	b r æ n t͡ʃ	b r æ n t͡ʃ t	b r æ n t͡ʃ t	r ɛ n t͡ʃ	r ɛ n t͡ʃ t	r ɛ n t͡ʃ t	b r æ n t͡ʃ t	1	1	reg_t	reg_t	reg_t
final	n o ʊ t ɪ s	n o ʊ t ɪ s t	n o ʊ t ɪ s t	b e ɪ s	b e ɪ s t	b e ɪ s t	n o ʊ t ɪ s t	1	1	reg_t	reg_t	reg_t
final	b e ɪ k	b e ɪ k t	b e ɪ k t	d r ɪ ŋ k	d r æ ŋ k	d r æ ŋ k	NA	0	0	reg_t	reg_t	vowel_change
final	s n æ p	s n æ p t	s n æ p t	w uː p	w uː p t	w uː p t	s n æ p t	1	1	reg_t	reg_t	reg_t
final	s w ɪ m	s w æ m	s w ɪ m d	b ɪ k ʌ m	b ɪ k e ɪ m	b ɪ k e ɪ m	NA	0	0	vowel_change	reg_d	vowel_change
final	ʃ ʌ t ə l	ʃ ʌ t ə l d	ʃ ʌ t ə l d	s ɹ̩ k ə l	s ɹ̩ k ə l d	s ɹ̩ k ə l d	ʃ ʌ t ə l d	1	1	reg_d	reg_d	reg_d
final	ə p r iː ʃ iː e ɪ t	ə p r iː ʃ iː e ɪ t ə d	ə p r iː ʃ iː e ɪ t ə d	s p ɔ r t	s p ɔ r t ə d	s p ɔ r t ə d	ə p r iː ʃ iː e ɪ t ə d	1	1	reg_əd	reg_əd	reg_əd
final	s m uː ð	s m uː ð d	s m uː ð d	m a ʊ ð	m a ʊ ð d	m a ʊ ð d	s m uː ð d	1	1	reg_d	reg_d	reg_d
final	s t ɛ r	s t ɛ r d	s t ɛ r d	s p ɛ r	s p ɛ r d	s p ɛ r d	s t ɛ r d	1	1	reg_d	reg_d	reg_d
final	k ɑː s t uː m	k ɑː s t uː m d	k ɑː s t uː m d	s k ɪ m	s k ɪ m d	s k ɪ m d	k ɑː s t uː m d	1	1	reg_d	reg_d	reg_d
final	ɡ uː f	ɡ uː f t	ɡ uː f t	p ʌ f	p ʌ f t	p ʌ f t	ɡ uː f t	1	1	reg_t	reg_t	reg_t
final	d r a ʊ n	d r a ʊ n d	d r a ʊ n d	s t r e ɪ n	s t r e ɪ n d	s t r e ɪ n d	d r a ʊ n d	1	1	reg_d	reg_d	reg_d
final	n ɹ̩ s	n ɹ̩ s t	n ɹ̩ s t	p l e ɪ s	p l e ɪ s t	p l e ɪ s t	n ɹ̩ s t	1	1	reg_t	reg_t	reg_t
final	k r a ɪ	k r a ɪ d	k r a ɪ d	r ɪ l a ɪ	r ɪ l a ɪ d	r ɪ l a ɪ d	k r a ɪ d	1	1	reg_d	reg_d	reg_d
final	iː v ɪ n	iː v ɪ n d	iː v ɪ n d	s t r e ɪ t ə n	s t r e ɪ t ə n d	s t r e ɪ t ə n d	iː v ɪ n d	1	1	reg_d	reg_d	reg_d
final	m a ɪ n	m a ɪ n d	m a ɪ n d	t͡ʃ e ɪ n	t͡ʃ e ɪ n d	t͡ʃ e ɪ n d	m a ɪ n d	1	1	reg_d	reg_d	reg_d
final	b ɪ ɡ ɪ n	b ɪ ɡ æ n	b ɪ ɡ e ɪ n	t æ n	t æ n d	t æ n d	b ɪ ɡ ɪ n d	0	0	vowel_change	vowel_change	reg_d
final	s p æ ŋ k	s p æ ŋ k t	s p æ ŋ k t	t͡ʃ o ʊ k	t͡ʃ o ʊ k t	t͡ʃ o ʊ k t	s p æ ŋ k t	1	1	reg_t	reg_t	reg_t
final	t͡ʃ ɪ p	t͡ʃ ɪ p t	t͡ʃ ɪ p t	w ɪ p	w ɪ p t	w ɪ p t	t͡ʃ ɪ p t	1	1	reg_t	reg_t	reg_t
final	s p iː k	s p o ʊ k	s p ɛ k t	d͡ʒ ɹ̩ k	d͡ʒ ɹ̩ k t	d͡ʒ ɹ̩ k t	s p iː k t	0	0	vowel_change	vowel_change_suffix	reg_t
final	s w ɪ t͡ʃ	s w ɪ t͡ʃ t	s w ɪ t͡ʃ t	t ʌ t͡ʃ	t ʌ t͡ʃ t	t ʌ t͡ʃ t	s w ɪ t͡ʃ t	1	1	reg_t	reg_t	reg_t
final	f a ɪ ɹ̩	f a ɪ ɹ̩ d	f a ɪ ɹ̩ d	p a ʊ d ɹ̩	p a ʊ d ɹ̩ d	p a ʊ d ɹ̩ d	f a ɪ ɹ̩ d	1	1	reg_d	reg_d	reg_d
final	b ɪ l	b ɪ l d	b ɪ l d	ʃ ʌ v ə l	ʃ ʌ v ə l d	ʃ ʌ v ə l d	b ɪ l d	1	1	reg_d	reg_d	reg_d
final	r iː m a ɪ n d	r iː m a ɪ n d ə d	r iː m a ʊ n d ə d	p l ɑː d	p l ɑː d ə d	p l ɑː d ə d	r iː m a ɪ n d ə d	0	1	reg_əd	other	reg_əd
final	s iː d	s iː d ə d	s iː d ə d	m a ɪ n d	m a ʊ n d	m a ɪ n d ə d	NA	0	0	reg_əd	reg_əd	vowel_change
final	w e ɪ v	w e ɪ v d	w e ɪ v d	w iː v	w iː v d	w iː v d	w e ɪ v d	1	1	reg_d	reg_d	reg_d
final	b l uː m	b l uː m d	b l uː m d	b iː m	b iː m d	b iː m d	b l uː m d	1	1	reg_d	reg_d	reg_d
final	s t ɪ ŋ	s t ʌ ŋ	s t ɪ ŋ	l ɔ ŋ	l ɔ ŋ d	l ɔ ŋ d	s t ɪ ŋ d	0	0	vowel_change	no_change	reg_d
final	ə r a ɪ v	ə r a ɪ v d	ə r a ɪ v d	s ɑː l v	s ɑː l v d	s ɑː l v d	ə r a ɪ v d	1	1	reg_d	reg_d	reg_d
final	b l ɛ s	b l ɛ s t	b l ɛ s t	ɡ æ s	ɡ æ s t	ɡ æ s t	b l ɛ s t	1	1	reg_t	reg_t	reg_t
final	ə r ɛ s t	ə r ɛ s t ə d	ə r ɛ s t ə d	p ɛ r ə ʃ uː t	p ɛ r ə ʃ uː t ə d	p ɛ r ə ʃ uː t ə d	ə r ɛ s t ə d	1	1	reg_əd	reg_əd	reg_əd
final	s p ɪ n	s p ʌ n	s p ɪ n d	f a ɪ n	f a ɪ n d	f a ɪ n d	s p ɪ n d	1	0	vowel_change	reg_d	reg_d
final	k ə m p iː t	k ə m p iː t ə d	k ə m p iː t ə d	p ɔ ɪ n t	p ɔ ɪ n t ə d	p ɔ ɪ n t ə d	k ə m p iː t ə d	1	1	reg_əd	reg_əd	reg_əd
final	t r e ɪ n	t r e ɪ n d	t r e ɪ n d	s p r e ɪ n	s p r e ɪ n d	s p r e ɪ n d	t r e ɪ n d	1	1	reg_d	reg_d	reg_d
final	p æ s	p æ s t	p æ s t	l uː s	l uː s t	l uː s t	p æ s t	1	1	reg_t	reg_t	reg_t
final	s ɪ ŋ k	s æ ŋ k	s ɪ ŋ k t	b l ɑː k	b l ɑː k t	b l ɑː k t	s ɪ ŋ k t	1	0	vowel_change	reg_t	reg_t
final	l uː p	l uː p t	l uː p t	b ʌ m p	b ʌ m p t	b ʌ m p t	l uː p t	1	1	reg_t	reg_t	reg_t
final	s ə l ɛ k t	s ə l ɛ k t ə d	s ə l ɛ k t ə d	k w ɪ t	k w ɪ t	k w ɪ t	s ə l ɛ k t	0	0	reg_əd	reg_əd	no_change
final	r ɪ ŋ	r æ ŋ	r ɪ ŋ	r ɔ ŋ	r ɔ ŋ d	r ɔ ŋ d	r ɪ ŋ d	0	0	vowel_change	no_change	reg_d
final	m e ɪ l	m e ɪ l d	m e ɪ l d	t r e ɪ l	t r e ɪ l d	t r e ɪ l d	m e ɪ l d	1	1	reg_d	reg_d	reg_d
final	p æ t	p æ t ə d	p æ t ə d	r ɑː k ə t	r ɑː k ə t ə d	r ɑː k ə t ə d	p æ t ə d	1	1	reg_əd	reg_əd	reg_əd
final	k ɪ d	k ɪ d ə d	k ɪ d	m o ʊ l d	m o ʊ l d ə d	m o ʊ l d ə d	k ɪ d ə d	0	1	reg_əd	no_change	reg_əd
final	p ɑː r d ə n	p ɑː r d ə n d	p ɑː r d ə n d	l ɹ̩ n	l ɹ̩ n d	l ɹ̩ n d	p ɑː r d ə n d	1	1	reg_d	reg_d	reg_d
final	s t iː r	s t iː r d	s t iː r d	ɛ r	ɛ r d	ɛ r d	s t iː r d	1	1	reg_d	reg_d	reg_d
final	f o ʊ l d	f o ʊ l d ə d	f o ʊ l d ə d	r a ɪ d	r o ʊ d	r o ʊ d	NA	0	0	reg_əd	reg_əd	vowel_change
final	s n iː k	s n iː k t	s n iː k t	t͡ʃ o ʊ k	t͡ʃ o ʊ k t	t͡ʃ o ʊ k t	s n iː k t	1	1	reg_t	reg_t	reg_t
final	b e ɪ l	b e ɪ l d	b e ɪ l d	w e ɪ l	w e ɪ l d	w e ɪ l d	b e ɪ l d	1	1	reg_d	reg_d	reg_d
final	b ɛ t ɹ̩	b ɛ t ɹ̩ d	b ɛ t ɹ̩ d	w ɔ t ɹ̩	w ɔ t ɹ̩ d	w ɔ t ɹ̩ d	b ɛ t ɹ̩ d	1	1	reg_d	reg_d	reg_d
final	ɡ ɑː r b ə l	ɡ ɑː r b ə l d	ɡ ɑː r b ə l d	p ʊ l	p ʊ l d	p ʊ l d	ɡ ɑː r b ə l d	1	1	reg_d	reg_d	reg_d
final	s k w ɹ̩ t	s k w ɹ̩ t ə d	s k w ɹ̩ t ə d	d a ɪ d͡ʒ ɛ s t	d a ɪ d͡ʒ ɛ s t ə d	d a ɪ d͡ʒ ɛ s t ə d	s k w ɹ̩ t ə d	1	1	reg_əd	reg_əd	reg_əd
final	b ɑː k s	b ɑː k s t	b ɑː k s t	b r e ɪ s	b r e ɪ s t	b r e ɪ s t	b ɑː k s t	1	1	reg_t	reg_t	reg_t
final	s iː l	s iː l d	s iː l d	s k uː l	s k uː l d	s k uː l d	s iː l d	1	1	reg_d	reg_d	reg_d
final	s p r ɛ d	s p r ɛ d	s p r ɛ d ə d	ə t ɛ n d	ə t ɛ n d ə d	ə t ɛ n d ə d	s p r ɛ d ə d	1	0	no_change	reg_əd	reg_əd
final	p r ɑː m ə s	p r ɑː m ə s t	p r ɑː m ə s t	s p l a ɪ s	s p l a ɪ s t	s p l a ɪ s t	p r ɑː m ə s t	1	1	reg_t	reg_t	reg_t
final	b iː t	b iː t	b iː t ə d	w e ɪ t	w e ɪ t ə d	w e ɪ t ə d	b iː t ə d	1	0	no_change	reg_əd	reg_əd
final	h ɪ p n ə t a ɪ z	h ɪ p n ə t a ɪ z d	h ɪ p n ə t a ɪ z d	æ k s ɛ s ɹ̩ a ɪ z	æ k s ɛ s ɹ̩ a ɪ z d	æ k s ɛ s ɹ̩ a ɪ z d	h ɪ p n ə t a ɪ z d	1	1	reg_d	reg_d	reg_d
final	s l æ p	s l æ p t	s l æ p t	s l iː p	s l ɛ p t	s l ɛ p t	NA	0	0	reg_t	reg_t	vowel_change_suffix
final	b ɛ s t	b ɛ s t ə d	b ɛ s t ə d	d ɪ s t r æ k t	d ɪ s t r æ k t ə d	d ɪ s t r æ k t ə d	b ɛ s t ə d	1	1	reg_əd	reg_əd	reg_əd
final	s t æ ɡ ɹ̩	s t æ ɡ ɹ̩ d	s t æ ɡ ɹ̩ d	m ɹ̩ d ɹ̩	m ɹ̩ d ɹ̩ d	m ɹ̩ d ɹ̩ d	s t æ ɡ ɹ̩ d	1	1	reg_d	reg_d	reg_d
final	z æ p	z æ p t	z æ p t	ɪ s k e ɪ p	ɪ s k e ɪ p t	ɪ s k e ɪ p t	z æ p t	1	1	reg_t	reg_t	reg_t
final	ə p s ɛ t	ə p s ɛ t	ə p s ɛ t	ə p r o ʊ p r iː e ɪ t	ə p r o ʊ p r iː e ɪ t ə d	ə p r o ʊ p r iː e ɪ t ə d	ə p s ɛ t ə d	0	0	no_change	no_change	reg_əd
final	r ɛ s t	r ɛ s t ə d	r ɛ s t ə d	r o ʊ t e ɪ t	r o ʊ t e ɪ t ə d	r o ʊ t e ɪ t ə d	r ɛ s t ə d	1	1	reg_əd	reg_əd	reg_əd
final	s p l æ ʃ	s p l æ ʃ t	s p l æ ʃ t	p ʊ ʃ	p ʊ ʃ t	p ʊ ʃ t	s p l æ ʃ t	1	1	reg_t	reg_t	reg_t
final	l a ɪ n	l a ɪ n d	l a ɪ n d	r iː p ə z ɪ ʃ ə n	r iː p ə z ɪ ʃ ə n d	r iː p ə z ɪ ʃ ə n d	l a ɪ n d	1	1	reg_d	reg_d	reg_d
final	ə n d uː	ə n d ɪ d	ə n d uː d	d uː	d ɪ d	d ɪ d	ə n d ɪ d	0	1	vowel_change_suffix	reg_d	vowel_change_suffix
final	p ɛ n	p ɛ n d	p ɛ n d	r ɪ t e ɪ n	r ɪ t e ɪ n d	r ɪ t e ɪ n d	p ɛ n d	1	1	reg_d	reg_d	reg_d
final	ɛ d ə t	ɛ d ə t ə d	ɛ d ə t ə d	ɪ n v a ɪ t	ɪ n v a ɪ t ə d	ɪ n v a ɪ t ə d	ɛ d ə t ə d	1	1	reg_əd	reg_əd	reg_əd
final	ɪ k s p l ɔ r	ɪ k s p l ɔ r d	ɪ k s p l ɔ r d	v iː r	v iː r d	v iː r d	ɪ k s p l ɔ r d	1	1	reg_d	reg_d	reg_d
final	ə s uː m	ə s uː m d	ə s uː m d	f r e ɪ m	f r e ɪ m d	f r e ɪ m d	ə s uː m d	1	1	reg_d	reg_d	reg_d
final	s p r e ɪ	s p r e ɪ d	s p r e ɪ d	t r a ɪ	t r a ɪ d	t r a ɪ d	s p r e ɪ d	1	1	reg_d	reg_d	reg_d
final	l o ʊ ɹ̩	l o ʊ ɹ̩ d	l o ʊ ɹ̩ d	k æ p t͡ʃ ɹ̩	k æ p t͡ʃ ɹ̩ d	k æ p t͡ʃ ɹ̩ d	l o ʊ ɹ̩ d	1	1	reg_d	reg_d	reg_d
final	d æ m	d æ m d	d æ m d	b ɑː t ə m	b ɑː t ə m d	b ɑː t ə m d	d æ m d	1	1	reg_d	reg_d	reg_d
final	r ʌ ʃ	r ʌ ʃ t	r æ ʃ t	t r æ ʃ	t r æ ʃ t	t r æ ʃ t	r ʌ ʃ t	0	1	reg_t	vowel_change_suffix	reg_t
final	p l ʌ ɡ	p l ʌ ɡ d	p l ʌ ɡ d	l ɔ ɡ	l ɔ ɡ d	l ɔ ɡ d	p l ʌ ɡ d	1	1	reg_d	reg_d	reg_d
final	ə d m ɪ t	ə d m ɪ t ə d	ə d m ɪ t ə d	r ɪ ɡ r ɛ t	r ɪ ɡ r ɛ t ə d	r ɪ ɡ r ɛ t ə d	ə d m ɪ t ə d	1	1	reg_əd	reg_əd	reg_əd
final	ə n t a ɪ	ə n t a ɪ d	ə n t a ɪ d	t a ɪ	t a ɪ d	t a ɪ d	ə n t a ɪ d	1	1	reg_d	reg_d	reg_d
final	b ʌ k ə l	b ʌ k ə l d	b ʌ k ə l d	d w ɛ l	d w ɛ l d	d w ɛ l d	b ʌ k ə l d	1	1	reg_d	reg_d	reg_d
final	s w uː ʃ	s w uː ʃ t	s w uː ʃ t	p ʊ ʃ	p ʊ ʃ t	p ʊ ʃ t	s w uː ʃ t	1	1	reg_t	reg_t	reg_t
final	ə r a ɪ z	ə r o ʊ z	ə r a ɪ z d	p o ʊ z	p o ʊ z d	p o ʊ z d	ə r a ɪ z d	1	0	vowel_change	reg_d	reg_d
final	s o ʊ k	s o ʊ k t	s o ʊ k t	f ʌ k	f ʌ k t	f ʌ k t	s o ʊ k t	1	1	reg_t	reg_t	reg_t
final	t r æ p	t r æ p t	t r æ p t	t ɑː p	t ɑː p t	t ɑː p t	t r æ p t	1	1	reg_t	reg_t	reg_t
final	p a ɪ l	p a ɪ l d	p a ɪ l d	k ɹ̩ l	k ɹ̩ l d	k ɹ̩ l d	p a ɪ l d	1	1	reg_d	reg_d	reg_d
final	ɪ k s p l o ʊ d	ɪ k s p l o ʊ d ə d	ɪ k s p l o ʊ d ə d	t ɛ n d	t ɛ n d ə d	t ɛ n d ə d	ɪ k s p l o ʊ d ə d	1	1	reg_əd	reg_əd	reg_əd
final	b ɔ ɪ l	b ɔ ɪ l d	b ɔ ɪ l d	s ɛ t ə l	s ɛ t ə l d	s ɛ t ə l d	b ɔ ɪ l d	1	1	reg_d	reg_d	reg_d
final	k ə n s ɪ d ɹ̩	k ə n s ɪ d ɹ̩ d	k ə n s ɪ d ɹ̩ d	w ɪ n t ɹ̩	w ɪ n t ɹ̩ d	w ɪ n t ɹ̩ d	k ə n s ɪ d ɹ̩ d	1	1	reg_d	reg_d	reg_d
final	s k a ʊ l	s k a ʊ l d	s k a ʊ l d	t ɑː p ə l	t ɑː p ə l d	t ɑː p ə l d	s k a ʊ l d	1	1	reg_d	reg_d	reg_d
final	ɪ ɡ z ɔ s t	ɪ ɡ z ɔ s t ə d	ɪ ɡ z ɔ s t ə d	ə s o ʊ s iː e ɪ t	ə s o ʊ s iː e ɪ t ə d	ə s o ʊ s iː e ɪ t ə d	ɪ ɡ z ɔ s t ə d	1	1	reg_əd	reg_əd	reg_əd
final	s uː p ɹ̩ v a ɪ z	s uː p ɹ̩ v a ɪ z d	s uː p ɹ̩ v a ɪ z d	b ʌ z	b ʌ z d	b ʌ z d	s uː p ɹ̩ v a ɪ z d	1	1	reg_d	reg_d	reg_d
final	d æ ŋ ɡ ə l	d æ ŋ ɡ ə l d	d æ ŋ ɡ ə l d	n iː d ə l	n iː d ə l d	n iː d ə l d	d æ ŋ ɡ ə l d	1	1	reg_d	reg_d	reg_d
final	d͡ʒ ɪ m iː	d͡ʒ ɪ m iː d	d͡ʒ ɪ m iː d	f l iː	f l ɛ d	f l ɛ d	d͡ʒ ɪ m ɛ d	0	0	reg_d	reg_d	vowel_change_suffix
final	t r ʌ b ə l	t r ʌ b ə l d	t r ʌ b ə l d	s k ɛ d͡ʒ ʊ l	s k ɛ d͡ʒ ʊ l d	s k ɛ d͡ʒ ʊ l d	t r ʌ b ə l d	1	1	reg_d	reg_d	reg_d
final	p e ɪ d͡ʒ	p e ɪ d͡ʒ d	p e ɪ d͡ʒ d	s t e ɪ d͡ʒ	s t e ɪ d͡ʒ d	s t e ɪ d͡ʒ d	p e ɪ d͡ʒ d	1	1	reg_d	reg_d	reg_d
final	t a ʊ ɹ̩	t a ʊ ɹ̩ d	t a ʊ ɹ̩ d	p r ə f ɹ̩	p r ə f ɹ̩ d	p r ə f ɹ̩ d	t a ʊ ɹ̩ d	1	1	reg_d	reg_d	reg_d
final	f ɛ n s	f ɛ n s t	f ɛ n s t	l uː s	l uː s t	l uː s t	f ɛ n s t	1	1	reg_t	reg_t	reg_t
final	d ɛ r	d ɛ r d	d ɛ r d	s p ɛ r	s p ɛ r d	s p ɛ r d	d ɛ r d	1	1	reg_d	reg_d	reg_d
final	b l iː d	b l ɛ d	b l ɛ d ə d	ɪ k s t ɛ n d	ɪ k s t ɛ n d ə d	ɪ k s t ɛ n d ə d	b l iː d ə d	0	0	vowel_change	other	reg_əd
final	ɛ n t ɹ̩	ɛ n t ɹ̩ d	ɛ n t ɹ̩ d	ɛ m b r ɔ ɪ d ɹ̩	ɛ m b r ɔ ɪ d ɹ̩ d	ɛ m b r ɔ ɪ d ɹ̩ d	ɛ n t ɹ̩ d	1	1	reg_d	reg_d	reg_d
final	m e ɪ n t e ɪ n	m e ɪ n t e ɪ n d	m e ɪ n t e ɪ n d	t ɛ l ə f o ʊ n	t ɛ l ə f o ʊ n d	t ɛ l ə f o ʊ n d	m e ɪ n t e ɪ n d	1	1	reg_d	reg_d	reg_d
final	f ɛ r	f ɛ r d	f ɛ r d	s p ɛ r	s p ɛ r d	s p ɛ r d	f ɛ r d	1	1	reg_d	reg_d	reg_d
final	d ɪ p	d ɪ p t	d ɪ p t	p uː p	p uː p t	p uː p t	d ɪ p t	1	1	reg_t	reg_t	reg_t
final	j ɔ n	j ɔ n d	j ɔ n d	f æ n	f æ n d	f æ n d	j ɔ n d	1	1	reg_d	reg_d	reg_d
final	ʃ ʊ ɡ ɹ̩	ʃ ʊ ɡ ɹ̩ d	ʃ ʊ ɡ ɹ̩ d	p l æ s t ɹ̩	p l æ s t ɹ̩ d	p l æ s t ɹ̩ d	ʃ ʊ ɡ ɹ̩ d	1	1	reg_d	reg_d	reg_d
final	d r ɪ f t	d r ɪ f t ə d	d r æ f t ə d	d ɪ t ɛ k t	d ɪ t ɛ k t ə d	d ɪ t ɛ k t ə d	d r ɪ f t ə d	0	1	reg_əd	other	reg_əd
final	ɪ n s p a ɪ ɹ̩	ɪ n s p a ɪ ɹ̩ d	ɪ n s p a ɪ ɹ̩ d	w a ɪ ɹ̩	w a ɪ ɹ̩ d	w a ɪ ɹ̩ d	ɪ n s p a ɪ ɹ̩ d	1	1	reg_d	reg_d	reg_d
final	m ɛ n ʃ ə n	m ɛ n ʃ ə n d	m ɛ n ʃ ə n d	l ɪ s ə n	l ɪ s ə n d	l ɪ s ə n d	m ɛ n ʃ ə n d	1	1	reg_d	reg_d	reg_d
final	s l ɪ p	s l ɪ p t	s l ɪ p t	w ɹ̩ ʃ ɪ p	w ɹ̩ ʃ ɪ p t	w ɹ̩ ʃ ɪ p t	s l ɪ p t	1	1	reg_t	reg_t	reg_t
final	s k ɪ p	s k ɪ p t	s k ɪ p t	s k r æ p	s k r æ p t	s k r æ p t	s k ɪ p t	1	1	reg_t	reg_t	reg_t
final	m ə n ɪ p j ə l e ɪ t	m ə n ɪ p j ə l e ɪ t ə d	m ə n j ə l ə l e ɪ t ə d	s ɪ t	s æ t	s æ t	m ə n ɪ p j ə l e æ t	0	0	reg_əd	other	vowel_change
final	s æ k	s æ k t	s æ k t	r ɛ k	r ɛ k t	r ɛ k t	s æ k t	1	1	reg_t	reg_t	reg_t
final	ɪ n s p ɛ k t	ɪ n s p ɛ k t ə d	ɪ n s p ɛ k t ə d	ɡ r æ n t	ɡ r æ n t ə d	ɡ r æ n t ə d	ɪ n s p ɛ k t ə d	1	1	reg_əd	reg_əd	reg_əd
final	s æ k r ə f a ɪ s	s æ k r ə f a ɪ s t	s æ k r ə f a ɪ s t	t r e ɪ s	t r e ɪ s t	t r e ɪ s t	s æ k r ə f a ɪ s t	1	1	reg_t	reg_t	reg_t
final	t æ p	t æ p t	t æ p t	b iː p	b iː p t	b iː p t	t æ p t	1	1	reg_t	reg_t	reg_t
final	h ɔ l	h ɔ l d	h ɔ l d	b ɪ f ɔ l	b ɪ f ɛ l	b ɪ f ɛ l	h ɛ l	0	0	reg_d	reg_d	vowel_change
final	s k a ʊ t	s k a ʊ t ə d	s k a ʊ t ə d	r e ɪ t	r e ɪ t ə d	r e ɪ t ə d	s k a ʊ t ə d	1	1	reg_əd	reg_əd	reg_əd
final	p ɑː k ə t	p ɑː k ə t ə d	p ɑː k ə t ə d	k o ʊ ɑː p ɹ̩ e ɪ t	k o ʊ ɑː p ɹ̩ e ɪ t ə d	k o ʊ ɑː p ɹ̩ e ɪ t ə d	p ɑː k ə t ə d	1	1	reg_əd	reg_əd	reg_əd
final	h a ʊ l	h a ʊ l d	h a ʊ l d	s w ɛ l	s w ɛ l d	s w ɛ l d	h a ʊ l d	1	1	reg_d	reg_d	reg_d
final	d ɔ n	d ɔ n d	d ɔ n d	d ɑː n	d ɑː n d	d ɑː n d	d ɔ n d	1	1	reg_d	reg_d	reg_d
final	t æ ŋ ɡ ə l	t æ ŋ ɡ ə l d	t æ ŋ ɡ ə l d	b æ t ə l	b æ t ə l d	b æ t ə l d	t æ ŋ ɡ ə l d	1	1	reg_d	reg_d	reg_d
final	ɡ a ɪ d	ɡ a ɪ d ə d	ɡ a ɪ d ə d	p a ʊ n d	p a ʊ n d ə d	p a ʊ n d ə d	ɡ a ɪ d ə d	1	1	reg_əd	reg_əd	reg_əd
final	θ ʌ n d ɹ̩	θ ʌ n d ɹ̩ d	θ ʌ n d ɹ̩ d	p a ʊ d ɹ̩	p a ʊ d ɹ̩ d	p a ʊ d ɹ̩ d	θ ʌ n d ɹ̩ d	1	1	reg_d	reg_d	reg_d
final	r a ʊ n d	r a ʊ n d ə d	r a ʊ n d ə d	r ɪ t ɑː r d	r ɪ t ɑː r d ə d	r ɪ t ɑː r d ə d	r a ʊ n d ə d	1	1	reg_əd	reg_əd	reg_əd
final	æ b d ʌ k t	æ b d ʌ k t ə d	æ b ʌ k t ə d	s ɪ t	s æ t	s æ t	NA	0	0	reg_əd	other	vowel_change
final	ɡ ʌ m	ɡ ʌ m d	ɡ ʌ m d	d r ʌ m	d r ʌ m d	d r ʌ m d	ɡ ʌ m d	1	1	reg_d	reg_d	reg_d
final	l ɛ k t͡ʃ ɹ̩	l ɛ k t͡ʃ ɹ̩ d	l ɛ k t͡ʃ ɹ̩ d	w ʌ n d ɹ̩	w ʌ n d ɹ̩ d	w ʌ n d ɹ̩ d	l ɛ k t͡ʃ ɹ̩ d	1	1	reg_d	reg_d	reg_d
final	d r ɪ b ə l	d r ɪ b ə l d	d r ɪ b ə l d	b æ t ə l	b æ t ə l d	b æ t ə l d	d r ɪ b ə l d	1	1	reg_d	reg_d	reg_d
final	d ʌ s t	d ʌ s t ə d	d ʌ s t ə d	s ɪ t	s æ t	s æ t	NA	0	0	reg_əd	reg_əd	vowel_change
final	d͡ʒ æ m	d͡ʒ æ m d	d͡ʒ æ m d	h ɑː r m	h ɑː r m d	h ɑː r m d	d͡ʒ æ m d	1	1	reg_d	reg_d	reg_d
final	t͡ʃ æ n ə l	t͡ʃ æ n ə l d	t͡ʃ æ n ə l d	r ɛ s ə l	r ɛ s ə l d	r ɛ s ə l d	t͡ʃ æ n ə l d	1	1	reg_d	reg_d	reg_d
final	d r e ɪ n	d r e ɪ n d	d r e ɪ n d	r iː z ə n	r iː z ə n d	r iː z ə n d	d r e ɪ n d	1	1	reg_d	reg_d	reg_d
final	w uː n d	w uː n d ə d	w uː n d ə d	ə n w a ɪ n d	ə n w a ʊ n d	ə n w a ʊ n d	NA	0	0	reg_əd	reg_əd	vowel_change
final	t e ɪ l	t e ɪ l d	t e ɪ l d	n e ɪ l	n e ɪ l d	n e ɪ l d	t e ɪ l d	1	1	reg_d	reg_d	reg_d
final	s l o ʊ	s l o ʊ d	s l o ʊ d	w ɑː l o ʊ	w ɑː l o ʊ d	w ɑː l o ʊ d	s l o ʊ d	1	1	reg_d	reg_d	reg_d
final	s t ɪ ŋ k	s t ʌ ŋ k	s t ɪ ŋ k t	p æ n k e ɪ k	p æ n k e ɪ k t	p æ n k e ɪ k t	s t ɪ ŋ k t	1	0	vowel_change	reg_t	reg_t
final	f iː l d	f iː l d ə d	f iː l d ə d	ə n l o ʊ d	ə n l o ʊ d ə d	ə n l o ʊ d ə d	f iː l d ə d	1	1	reg_əd	reg_əd	reg_əd
final	s p a ɪ	s p a ɪ d	s p a ɪ d	p e ɪ	p e ɪ d	p e ɪ d	s p a ɪ d	1	1	reg_d	reg_d	reg_d
final	s ɪ ɡ n ə l	s ɪ ɡ n ə l d	s ɪ ɡ n ə l d	p ʌ z ə l	p ʌ z ə l d	p ʌ z ə l d	s ɪ ɡ n ə l d	1	1	reg_d	reg_d	reg_d
final	ɛ n k ɹ̩ ɪ d͡ʒ	ɛ n k ɹ̩ ɪ d͡ʒ d	ɛ n k ɹ̩ ɪ d͡ʒ d	m æ n ə d͡ʒ	m æ n ə d͡ʒ d	m æ n ə d͡ʒ d	ɛ n k ɹ̩ ɪ d͡ʒ d	1	1	reg_d	reg_d	reg_d
final	s æ n ɪ t a ɪ z	s æ n ɪ t a ɪ z d	s æ n ɪ t a ɪ z d	s t e ɪ b ə l a ɪ z	s t e ɪ b ə l a ɪ z d	s t e ɪ b ə l a ɪ z d	s æ n ɪ t a ɪ z d	1	1	reg_d	reg_d	reg_d
final	f r a ɪ t ə n	f r a ɪ t ə n d	f r a ɪ t ə n d	p ɪ n	p ɪ n d	p ɪ n d	f r a ɪ t ə n d	1	1	reg_d	reg_d	reg_d
final	o ʊ v ɹ̩ k ə m	o ʊ v ɹ̩ k e ɪ m	o ʊ v ɹ̩ k ə m d	m ʌ ʃ r uː m	m ʌ ʃ r uː m d	m ʌ ʃ r uː m d	o ʊ v ɹ̩ k ə m d	1	0	vowel_change	reg_d	reg_d
final	p ɛ p ɹ̩	p ɛ p ɹ̩ d	p ɛ p ɹ̩ d	s p l ɪ n t ɹ̩	s p l ɪ n t ɹ̩ d	s p l ɪ n t ɹ̩ d	p ɛ p ɹ̩ d	1	1	reg_d	reg_d	reg_d
final	b ʌ d͡ʒ	b ʌ d͡ʒ d	b ʌ d͡ʒ d	e ɪ d͡ʒ	e ɪ d͡ʒ d	e ɪ d͡ʒ d	b ʌ d͡ʒ d	1	1	reg_d	reg_d	reg_d
final	ɡ l ɛ r	ɡ l ɛ r d	ɡ l ɛ r d	s k w ɛ r	s k w ɛ r d	s k w ɛ r d	ɡ l ɛ r d	1	1	reg_d	reg_d	reg_d
final	ə f ɔ r d	ə f ɔ r d ə d	ə f ɔ r d ə d	s p ɛ n d	s p ɛ n t	s p ɛ n t	ə f ɔ r t	0	0	reg_əd	reg_əd	coda_change
final	s k o ʊ l d	s k o ʊ l d ə d	s k o ʊ l d ə d	f iː d	f ɛ d	f ɛ d	NA	0	0	reg_əd	reg_əd	vowel_change
final	s ɛ n s	s ɛ n s t	s ɛ n s t	ɪ k s p r ɛ s	ɪ k s p r ɛ s t	ɪ k s p r ɛ s t	s ɛ n s t	1	1	reg_t	reg_t	reg_t
final	ɛ m f ə s a ɪ z	ɛ m f ə s a ɪ z d	ɛ m f ə s a ɪ z d	ɡ l e ɪ z	ɡ l e ɪ z d	ɡ l e ɪ z d	ɛ m f ə s a ɪ z d	1	1	reg_d	reg_d	reg_d
final	l e ɪ b ə l	l e ɪ b ə l d	l e ɪ b ə l d	t e ɪ b ə l	t e ɪ b ə l d	t e ɪ b ə l d	l e ɪ b ə l d	1	1	reg_d	reg_d	reg_d
final	b a ʊ	b a ʊ d	b ɔ t	b ɑː r o ʊ	b ɑː r o ʊ d	b ɑː r o ʊ d	b a ʊ d	0	1	reg_d	vowel_change_suffix	reg_d
final	b ʌ n t͡ʃ	b ʌ n t͡ʃ t	b ʌ n t͡ʃ t	s ɹ̩ t͡ʃ	s ɹ̩ t͡ʃ t	s ɹ̩ t͡ʃ t	b ʌ n t͡ʃ t	1	1	reg_t	reg_t	reg_t
final	t ɛ r ə r a ɪ z	t ɛ r ə r a ɪ z d	t ɛ r ə r a ɪ z d	n o ʊ z	n o ʊ z d	n o ʊ z d	t ɛ r ə r a ɪ z d	1	1	reg_d	reg_d	reg_d
final	ɡ r æ v ə t e ɪ t	ɡ r æ v ə t e ɪ t ə d	ɡ r æ v ə t e ɪ t ə d	b ɛ l t	b ɛ l t ə d	b ɛ l t ə d	ɡ r æ v ə t e ɪ t ə d	1	1	reg_əd	reg_əd	reg_əd
final	b l æ s t	b l æ s t ə d	b l æ s t ə d	k ə m p l iː t	k ə m p l iː t ə d	k ə m p l iː t ə d	b l æ s t ə d	1	1	reg_əd	reg_əd	reg_əd
final	ɪ n ɪ ʃ ə l	ɪ n ɪ ʃ ə l d	ɪ n ɪ ʃ ə l d	b æ t ə l	b æ t ə l d	b æ t ə l d	ɪ n ɪ ʃ ə l d	1	1	reg_d	reg_d	reg_d
final	s w ɑː p	s w ɑː p t	s w ɑː p t	ə n r æ p	ə n r æ p t	ə n r æ p t	s w ɑː p t	1	1	reg_t	reg_t	reg_t
final	æ d m a ɪ ɹ̩	æ d m a ɪ ɹ̩ d	æ d m a ɪ ɹ̩ d	f l a ʊ ɹ̩	f l a ʊ ɹ̩ d	f l a ʊ ɹ̩ d	æ d m a ɪ ɹ̩ d	1	1	reg_d	reg_d	reg_d
final	s ə p ɔ r t	s ə p ɔ r t ə d	s ə p ɔ r t ə d	f ɪ k s e ɪ t	f ɪ k s e ɪ t ə d	f ɪ k s e ɪ t ə d	s ə p ɔ r t ə d	1	1	reg_əd	reg_əd	reg_əd
final	p æ m p ɹ̩	p æ m p ɹ̩ d	p æ m p ɹ̩ d	s ɛ n t ɹ̩	s ɛ n t ɹ̩ d	s ɛ n t ɹ̩ d	p æ m p ɹ̩ d	1	1	reg_d	reg_d	reg_d
final	v ɔ ɪ s	v ɔ ɪ s t	v ɔ ɪ s t	m æ k s	m æ k s t	m æ k s t	v ɔ ɪ s t	1	1	reg_t	reg_t	reg_t
final	s k ɔ r	s k ɔ r d	s k ɔ r d	b ɑː r	b ɑː r d	b ɑː r d	s k ɔ r d	1	1	reg_d	reg_d	reg_d
final	d ɑː k t ɹ̩	d ɑː k t ɹ̩ d	d ɑː k t ɹ̩ d	s k æ t ɹ̩	s k æ t ɹ̩ d	s k æ t ɹ̩ d	d ɑː k t ɹ̩ d	1	1	reg_d	reg_d	reg_d
final	r iː v æ m p	r iː v æ m p t	r iː v æ m p t	k l ɪ p	k l ɪ p t	k l ɪ p t	r iː v æ m p t	1	1	reg_t	reg_t	reg_t
final	l iː s	l iː s t	l iː s t	a ɪ s	a ɪ s t	a ɪ s t	l iː s t	1	1	reg_t	reg_t	reg_t
final	s ə p r ɛ s	s ə p r ɛ s t	s ə p r ɛ s t	w æ k s	w æ k s t	w æ k s t	s ə p r ɛ s t	1	1	reg_t	reg_t	reg_t
final	ə p o ʊ z	ə p o ʊ z d	ə p o ʊ z d	p ɔ z	p ɔ z d	p ɔ z d	ə p o ʊ z d	1	1	reg_d	reg_d	reg_d
final	f l ɑː p	f l ɑː p t	f l ɑː p t	p ʌ m p	p ʌ m p t	p ʌ m p t	f l ɑː p t	1	1	reg_t	reg_t	reg_t
final	b ʌ m	b ʌ m d	b ʌ m d	s t ɛ m	s t ɛ m d	s t ɛ m d	b ʌ m d	1	1	reg_d	reg_d	reg_d
final	s p ɹ̩ t	s p ɹ̩ t ə d	s p ɹ̩ t ə d	ɪ l ə s t r e ɪ t	ɪ l ə s t r e ɪ t ə d	ɪ l ə s t r e ɪ t ə d	s p ɹ̩ t ə d	1	1	reg_əd	reg_əd	reg_əd
final	h uː t	h uː t ə d	h uː t ə d	b ʌ s t	b ʌ s t ə d	b ʌ s t ə d	h uː t ə d	1	1	reg_əd	reg_əd	reg_əd
final	p ɹ̩ s	p ɹ̩ s t	p ɹ̩ s t	k r ɔ s	k r ɔ s t	k r ɔ s t	p ɹ̩ s t	1	1	reg_t	reg_t	reg_t
final	k l ʌ b	k l ʌ b d	k l ʌ b d	ɡ r æ b	ɡ r æ b d	ɡ r æ b d	k l ʌ b d	1	1	reg_d	reg_d	reg_d
final	p ɪ t iː	p ɪ t iː d	p ɪ t iː d	k æ r iː	k æ r iː d	k æ r iː d	p ɪ t iː d	1	1	reg_d	reg_d	reg_d
final	t r æ m p	t r æ m p t	t r æ m p t	p a ɪ p	p a ɪ p t	p a ɪ p t	t r æ m p t	1	1	reg_t	reg_t	reg_t
final	d͡ʒ ɛ n ɹ̩ e ɪ t	d͡ʒ ɛ n ɹ̩ e ɪ t ə d	d͡ʒ ɛ n ɹ̩ e ɪ t ə d	r ɪ v ə t	r ɪ v ə t ə d	r ɪ v ə t ə d	d͡ʒ ɛ n ɹ̩ e ɪ t ə d	1	1	reg_əd	reg_əd	reg_əd
final	t æ t ə l	t æ t ə l d	t æ t ə l d	t ʌ m b ə l	t ʌ m b ə l d	t ʌ m b ə l d	t æ t ə l d	1	1	reg_d	reg_d	reg_d
final	f ʌ m b ə l	f ʌ m b ə l d	f ʌ m b ə l d	d ʌ b ə l	d ʌ b ə l d	d ʌ b ə l d	f ʌ m b ə l d	1	1	reg_d	reg_d	reg_d
final	s t æ ʃ	s t æ ʃ t	s t æ ʃ t	n ɹ̩ ɪ ʃ	n ɹ̩ ɪ ʃ t	n ɹ̩ ɪ ʃ t	s t æ ʃ t	1	1	reg_t	reg_t	reg_t
final	ɪ n s ɪ s t	ɪ n s ɪ s t ə d	ɪ n s ɪ s t ə d	ɪ n ɪ ʃ iː e ɪ t	ɪ n ɪ ʃ iː e ɪ t ə d	ɪ n ɪ ʃ iː e ɪ t ə d	ɪ n s ɪ s t ə d	1	1	reg_əd	reg_əd	reg_əd
final	ɪ ɡ z æ m ɪ n	ɪ ɡ z æ m ɪ n d	ɪ ɡ z æ m ɪ n d	m ɔ r n	m ɔ r n d	m ɔ r n d	ɪ ɡ z æ m ɪ n d	1	1	reg_d	reg_d	reg_d
final	b l ɑː s ə m	b l ɑː s ə m d	b l ɑː s ə m d	t r æ n s f ɔ r m	t r æ n s f ɔ r m d	t r æ n s f ɔ r m d	b l ɑː s ə m d	1	1	reg_d	reg_d	reg_d
final	r o ʊ p	r o ʊ p t	r o ʊ p t	s t r ɪ p	s t r ɪ p t	s t r ɪ p t	r o ʊ p t	1	1	reg_t	reg_t	reg_t
final	p ɪ ŋ	p ɪ ŋ d	p ɪ ŋ d	t ʌ ŋ	t ʌ ŋ d	t ʌ ŋ d	p ɪ ŋ d	1	1	reg_d	reg_d	reg_d
final	v o ʊ t	v o ʊ t ə d	v o ʊ t ə d	s w ɛ t	s w ɛ t ə d	s w ɛ t ə d	v o ʊ t ə d	1	1	reg_əd	reg_əd	reg_əd
final	n iː r	n iː r d	n iː r d	s k ɛ r	s k ɛ r d	s k ɛ r d	n iː r d	1	1	reg_d	reg_d	reg_d
final	t r ʌ s t	t r ʌ s t ə d	t r ʌ s t ə d	r ɪ k w ɛ s t	r ɪ k w ɛ s t ə d	r ɪ k w ɛ s t ə d	t r ʌ s t ə d	1	1	reg_əd	reg_əd	reg_əd
final	ɪ n t ɹ̩ s p ɹ̩ s	ɪ n t ɹ̩ s p ɹ̩ s t	ɪ n t ɹ̩ s p ɹ̩ s t ɹ̩ s t ɹ̩ t ɹ̩ t	ɡ r iː s	ɡ r iː s t	ɡ r iː s t	ɪ n t ɹ̩ s p ɹ̩ s t	0	1	reg_t	other	reg_t
final	s w uː p	s w uː p t	s w uː p t	p ɑː p	p ɑː p t	p ɑː p t	s w uː p t	1	1	reg_t	reg_t	reg_t
final	d͡ʒ e ɪ l	d͡ʒ e ɪ l d	d͡ʒ e ɪ l d	t æ k ə l	t æ k ə l d	t æ k ə l d	d͡ʒ e ɪ l d	1	1	reg_d	reg_d	reg_d
final	f e ɪ l	f e ɪ l d	f e ɪ l d	s p r ɪ ŋ k ə l	s p r ɪ ŋ k ə l d	s p r ɪ ŋ k ə l d	f e ɪ l d	1	1	reg_d	reg_d	reg_d
final	b ʊ k	b ʊ k t	b ʊ k t	d͡ʒ o ʊ k	d͡ʒ o ʊ k t	d͡ʒ o ʊ k t	b ʊ k t	1	1	reg_t	reg_t	reg_t
final	s ɪ f t	s ɪ f t ə d	s ɪ f t ə d	k ə n s ʌ l t	k ə n s ʌ l t ə d	k ə n s ʌ l t ə d	s ɪ f t ə d	1	1	reg_əd	reg_əd	reg_əd
final	k a ʊ t͡ʃ	k a ʊ t͡ʃ t	k a ʊ t͡ʃ t	s ɹ̩ t͡ʃ	s ɹ̩ t͡ʃ t	s ɹ̩ t͡ʃ t	k a ʊ t͡ʃ t	1	1	reg_t	reg_t	reg_t
final	f r ʌ n t	f r ʌ n t ə d	f r ʌ n t ə d	d ɪ s ə p ɔ ɪ n t	d ɪ s ə p ɔ ɪ n t ə d	d ɪ s ə p ɔ ɪ n t ə d	f r ʌ n t ə d	1	1	reg_əd	reg_əd	reg_əd
final	p r ə d uː s	p r ə d uː s t	p r ə d uː s t	ɡ r iː s	ɡ r iː s t	ɡ r iː s t	p r ə d uː s t	1	1	reg_t	reg_t	reg_t
final	ʃ e ɪ d	ʃ e ɪ d ə d	ʃ e ɪ d ə d	ɪ k s t ɛ n d	ɪ k s t ɛ n d ə d	ɪ k s t ɛ n d ə d	ʃ e ɪ d ə d	1	1	reg_əd	reg_əd	reg_əd
final	d r ɛ n t͡ʃ	d r ɛ n t͡ʃ t	d r ɛ n t͡ʃ t	t w ɪ t͡ʃ	t w ɪ t͡ʃ t	t w ɪ t͡ʃ t	d r ɛ n t͡ʃ t	1	1	reg_t	reg_t	reg_t
final	s p l æ t ɹ̩	s p l æ t ɹ̩ d	s p l æ t ɹ̩ d	ə n k ʌ v ɹ̩	ə n k ʌ v ɹ̩ d	ə n k ʌ v ɹ̩ d	s p l æ t ɹ̩ d	1	1	reg_d	reg_d	reg_d
final	r iː v j uː	r iː v j uː d	r iː v j uː d	b r uː	b r uː d	b r uː d	r iː v j uː d	1	1	reg_d	reg_d	reg_d
final	b ɔ r	b ɔ r d	b ɔ r d	p ɛ r	p ɛ r d	p ɛ r d	b ɔ r d	1	1	reg_d	reg_d	reg_d
final	s iː t	s iː t ə d	s iː t ə d	k ə n t ɛ n t	k ə n t ɛ n t ə d	k ə n t ɛ n t ə d	s iː t ə d	1	1	reg_əd	reg_əd	reg_əd
final	b ɛ d	b ɛ d ə d	b ɛ d	l o ʊ d	l o ʊ d ə d	l o ʊ d ə d	b ɛ d ə d	0	1	reg_əd	no_change	reg_əd
final	ə n s iː t	ə n s iː t ə d	ə n s iː t ə d	ɪ k s p ɛ k t	ɪ k s p ɛ k t ə d	ɪ k s p ɛ k t ə d	ə n s iː t ə d	1	1	reg_əd	reg_əd	reg_əd
final	m ʌ f ə l	m ʌ f ə l d	m ʌ f ə l d	s n ɑː r ə l	s n ɑː r ə l d	s n ɑː r ə l d	m ʌ f ə l d	1	1	reg_d	reg_d	reg_d
final	s t ʌ m p	s t ʌ m p t	s t ʌ m p t	t ɪ p	t ɪ p t	t ɪ p t	s t ʌ m p t	1	1	reg_t	reg_t	reg_t
final	t r æ n s p l æ n t	t r æ n s p l æ n t ə d	t r æ n s t ə n æ n s t	w ɔ n t	w ɔ n t ə d	w ɔ n t ə d	t r æ n s p l æ n t ə d	0	1	reg_əd	other	reg_əd
final	v ɪ ʒ w ə l a ɪ z	v ɪ ʒ w ə l a ɪ z d	v ɪ v ə l a ɪ z	ə m e ɪ z	ə m e ɪ z d	ə m e ɪ z d	v ɪ ʒ w ə l a ɪ z d	0	1	reg_d	other	reg_d
final	ɡ æ l ə p	ɡ æ l ə p t	ɡ æ l ə p t	d r e ɪ p	d r e ɪ p t	d r e ɪ p t	ɡ æ l ə p t	1	1	reg_t	reg_t	reg_t
final	s ʌ l iː	s ʌ l iː d	s ʌ l iː d	k ɑː p iː	k ɑː p iː d	k ɑː p iː d	s ʌ l iː d	1	1	reg_d	reg_d	reg_d
final	ə n f o ʊ l d	ə n f o ʊ l d ə d	ə n f o ʊ l d ə d	b ɔ r d	b ɔ r d ə d	b ɔ r d ə d	ə n f o ʊ l d ə d	1	1	reg_əd	reg_əd	reg_əd
final	w iː	w iː d	w iː d	s t ɔ r iː	s t ɔ r iː d	s t ɔ r iː d	w iː d	1	1	reg_d	reg_d	reg_d
final	ɪ m ə t e ɪ t	ɪ m ə t e ɪ t ə d	ɪ m ə t e ɪ t ə d	k ə n ɛ k t	k ə n ɛ k t ə d	k ə n ɛ k t ə d	ɪ m ə t e ɪ t ə d	1	1	reg_əd	reg_əd	reg_əd
final	s w ɹ̩ v	s w ɹ̩ v d	s w ɹ̩ v d	ɡ ɪ v	ɡ e ɪ v	ɡ e ɪ v	NA	0	0	reg_d	reg_d	vowel_change
final	h iː p	h iː p t	h iː p t	s t æ m p	s t æ m p t	s t æ m p t	h iː p t	1	1	reg_t	reg_t	reg_t
final	r iː f j uː ə l	r iː f j uː ə l d	r iː f j uː ə l d	m ʌ s ə l	m ʌ s ə l d	m ʌ s ə l d	r iː f j uː ə l d	1	1	reg_d	reg_d	reg_d
final	t͡ʃ æ n t	t͡ʃ æ n t ə d	t͡ʃ æ n t ə d	t r ɑː t	t r ɑː t ə d	t r ɑː t ə d	t͡ʃ æ n t ə d	1	1	reg_əd	reg_əd	reg_əd
final	ɡ r o ʊ s	ɡ r o ʊ s t	ɡ r o ʊ s t	s p a ɪ s	s p a ɪ s t	s p a ɪ s t	ɡ r o ʊ s t	1	1	reg_t	reg_t	reg_t
final	o ʊ v ɹ̩ f l o ʊ	o ʊ v ɹ̩ f l o ʊ d	o ʊ v ɹ̩ f l o ʊ d	a ʊ t ɡ r o ʊ	a ʊ t ɡ r uː	a ʊ t ɡ r uː	o ʊ v ɹ̩ f l uː	0	0	reg_d	reg_d	vowel_change
final	s ɔ f ə n	s ɔ f ə n d	s ɔ f ə n d	d a ʊ n	d a ʊ n d	d a ʊ n d	s ɔ f ə n d	1	1	reg_d	reg_d	reg_d
final	ə t ɛ m p t	ə t ɛ m p t ə d	ə t ɛ m p t ə d	r iː p ɔ r t	r iː p ɔ r t ə d	r iː p ɔ r t ə d	ə t ɛ m p t ə d	1	1	reg_əd	reg_əd	reg_əd
final	r ə f ɹ̩	r ə f ɹ̩ d	r ə f ɹ̩ d	k ʌ v ɹ̩	k ʌ v ɹ̩ d	k ʌ v ɹ̩ d	r ə f ɹ̩ d	1	1	reg_d	reg_d	reg_d
final	s m iː r	s m iː r d	s m iː r d	t͡ʃ ɛ r	t͡ʃ ɛ r d	t͡ʃ ɛ r d	s m iː r d	1	1	reg_d	reg_d	reg_d
final	ɪ m p r uː v	ɪ m p r uː v d	ɪ m p r uː v d	s ɹ̩ v	s ɹ̩ v d	s ɹ̩ v d	ɪ m p r uː v d	1	1	reg_d	reg_d	reg_d
final	ɡ r o ʊ n	ɡ r o ʊ n d	ɡ r o ʊ n d	f o ʊ n	f o ʊ n d	f o ʊ n d	ɡ r o ʊ n d	1	1	reg_d	reg_d	reg_d
final	s a ɪ k ə l	s a ɪ k ə l d	s a ɪ k ə l d	d ʌ b ə l	d ʌ b ə l d	d ʌ b ə l d	s a ɪ k ə l d	1	1	reg_d	reg_d	reg_d
final	f o ʊ k ə s	f o ʊ k ə s t	f o ʊ k ə s t	r ɪ l æ k s	r ɪ l æ k s t	r ɪ l æ k s t	f o ʊ k ə s t	1	1	reg_t	reg_t	reg_t
final	b ɑː s	b ɑː s t	b ɑː s t	k ɪ s	k ɪ s t	k ɪ s t	b ɑː s t	1	1	reg_t	reg_t	reg_t
final	ʃ r ɛ d	ʃ r ɛ d ə d	ʃ r ɛ d ə d	l o ʊ d	l o ʊ d ə d	l o ʊ d ə d	ʃ r ɛ d ə d	1	1	reg_əd	reg_əd	reg_əd
final	o ʊ v ɹ̩ d uː	o ʊ v ɹ̩ d ɪ d	o ʊ v ɹ̩ d uː d	k ə n t ɪ n j uː	k ə n t ɪ n j uː d	k ə n t ɪ n j uː d	o ʊ v ɹ̩ d uː d	1	0	vowel_change_suffix	reg_d	reg_d
final	s k iː	s k iː d	s k iː d	k ɑː p iː	k ɑː p iː d	k ɑː p iː d	s k iː d	1	1	reg_d	reg_d	reg_d
final	k ə n t e ɪ n	k ə n t e ɪ n d	k ə n t e ɪ n d	s t e ɪ n	s t e ɪ n d	s t e ɪ n d	k ə n t e ɪ n d	1	1	reg_d	reg_d	reg_d
final	n æ v ə ɡ e ɪ t	n æ v ə ɡ e ɪ t ə d	n æ v ə ɡ e ɪ t ə d	k ʌ t	k ʌ t	k ʌ t	n æ v ə ɡ e ɪ t	0	0	reg_əd	reg_əd	no_change
final	r ɪ p ɛ l	r ɪ p ɛ l d	r ɪ p ɛ l	k ɔ l	k ɔ l d	k ɔ l d	r ɪ p ɛ l d	0	1	reg_d	no_change	reg_d
final	m ʌ t ɹ̩	m ʌ t ɹ̩ d	m ʌ t ɹ̩ d	k ɑː l ɹ̩	k ɑː l ɹ̩ d	k ɑː l ɹ̩ d	m ʌ t ɹ̩ d	1	1	reg_d	reg_d	reg_d
final	b r iː d	b r ɛ d	b r iː d ə d	h a ɪ d	h a ɪ d ə d	h ɪ d	b r iː d ə d	1	0	vowel_change	reg_əd	reg_əd
final	t æ l iː	t æ l iː d	t æ l iː d	s t ʌ d iː	s t ʌ d iː d	s t ʌ d iː d	t æ l iː d	1	1	reg_d	reg_d	reg_d
final	m æ ɡ n ə f a ɪ	m æ ɡ n ə f a ɪ d	m æ ɡ n ə f a ɪ d	s w e ɪ	s w e ɪ d	s w e ɪ d	m æ ɡ n ə f a ɪ d	1	1	reg_d	reg_d	reg_d
final	w e ɪ d	w e ɪ d ə d	w e ɪ d ə d	d ɪ f ɛ n d	d ɪ f ɛ n d ə d	d ɪ f ɛ n d ə d	w e ɪ d ə d	1	1	reg_əd	reg_əd	reg_əd
final	l æ p	l æ p t	l æ p t	k l æ p	k l æ p t	k l æ p t	l æ p t	1	1	reg_t	reg_t	reg_t
final	l ɑː p	l ɑː p t	l ɑː p t	h ɑː p	h ɑː p t	h ɑː p t	l ɑː p t	1	1	reg_t	reg_t	reg_t
final	b ɑː m	b ɑː m d	b ɑː m d	k ɑː m	k ɑː m d	k ɑː m d	b ɑː m d	1	1	reg_d	reg_d	reg_d
final	ə b z ɹ̩ v	ə b z ɹ̩ v d	ə b z ɹ̩ v d	k ɑː r v	k ɑː r v d	k ɑː r v d	ə b z ɹ̩ v d	1	1	reg_d	reg_d	reg_d
final	w iː n	w iː n d	w iː n d	ɡ r ɪ n	ɡ r ɪ n d	ɡ r ɪ n d	w iː n d	1	1	reg_d	reg_d	reg_d
final	r iː r	r iː r d	r iː r d	m ʊ r	m ʊ r d	m ʊ r d	r iː r d	1	1	reg_d	reg_d	reg_d
final	r æ ʃ ə n	r æ ʃ ə n d	r æ ʃ ə n d	ɡ e ɪ n	ɡ e ɪ n d	ɡ e ɪ n d	r æ ʃ ə n d	1	1	reg_d	reg_d	reg_d
final	ə d ɪ k t	ə d ɪ k t ə d	ə d ɪ k t ə d	b o ʊ t	b o ʊ t ə d	b o ʊ t ə d	ə d ɪ k t ə d	1	1	reg_əd	reg_əd	reg_əd
final	b ʌ n d ə l	b ʌ n d ə l d	b ʌ n d ə l d	d iː l	d ɛ l t	d ɛ l t	NA	0	0	reg_d	reg_d	vowel_change_suffix
final	m ə t j ʊ r	m ə t j ʊ r d	m ə t j ʊ r d	b ɛ r	b o ʊ r	b o ʊ r	NA	0	0	reg_d	reg_d	vowel_change
final	f l ɹ̩ t	f l ɹ̩ t ə d	f l ɹ̩ t ə d	b uː t	b uː t ə d	b uː t ə d	f l ɹ̩ t ə d	1	1	reg_əd	reg_əd	reg_əd
final	ɪ n k ɔ r p ɹ̩ e ɪ t	ɪ n k ɔ r p ɹ̩ e ɪ t ə d	ɪ n p ɹ̩ r e ɪ t ə d	b o ʊ l t	b o ʊ l t ə d	b o ʊ l t ə d	ɪ n k ɔ r p ɹ̩ e ɪ t ə d	0	1	reg_əd	other	reg_əd
final	f r ʌ s t r e ɪ t	f r ʌ s t r e ɪ t ə d	f r ʌ s t r e ɪ t ə d	ɪ n s t r ʌ k t	ɪ n s t r ʌ k t ə d	ɪ n s t r ʌ k t ə d	f r ʌ s t r e ɪ t ə d	1	1	reg_əd	reg_əd	reg_əd
final	d ɪ f a ɪ n	d ɪ f a ɪ n d	d ɪ f a ɪ n d	b ɹ̩ n	b ɹ̩ n d	b ɹ̩ n d	d ɪ f a ɪ n d	1	1	reg_d	reg_d	reg_d
final	b r e ɪ v	b r e ɪ v d	b r e ɪ v d	b ɪ h e ɪ v	b ɪ h e ɪ v d	b ɪ h e ɪ v d	b r e ɪ v d	1	1	reg_d	reg_d	reg_d
final	ɪ n k w a ɪ ɹ̩	ɪ n k w a ɪ ɹ̩ d	ɪ n k w a ɪ ɹ̩ d	d ɪ s k ʌ v ɹ̩	d ɪ s k ʌ v ɹ̩ d	d ɪ s k ʌ v ɹ̩ d	ɪ n k w a ɪ ɹ̩ d	1	1	reg_d	reg_d	reg_d
final	b ʌ s	b ʌ s t	b ʌ s t	d ɪ s k ʌ s	d ɪ s k ʌ s t	d ɪ s k ʌ s t	b ʌ s t	1	1	reg_t	reg_t	reg_t
final	p ə z ɪ ʃ ə n	p ə z ɪ ʃ ə n d	p ə z ɪ ʃ ə n d	f o ʊ n	f o ʊ n d	f o ʊ n d	p ə z ɪ ʃ ə n d	1	1	reg_d	reg_d	reg_d
majority	iː t	e ɪ t	iː t ə t	ɡ ɑː b ə l	ɡ ɑː b ə l d	ɡ ɑː b ə l d	iː t d	0	0	vowel_change	other	reg_d
majority	m e ɪ k	m e ɪ d	m e ɪ k t	r iː s t r e ɪ n	r iː s t r e ɪ n d	r iː s t r e ɪ n d	m e ɪ k d	0	0	coda_change	reg_t	reg_d
majority	n o ʊ	n uː	n o ʊ d	b ɑː ð ɹ̩	b ɑː ð ɹ̩ d	b ɑː ð ɹ̩ d	n o ʊ d	1	0	vowel_change	reg_d	reg_d
majority	f ɔ l	f ɛ l	f ɔ l d	s k ɑː r	s k ɑː r d	s k ɑː r d	f ɔ l d	1	0	vowel_change	reg_d	reg_d
majority	b r ɪ ŋ	b r ɔ t	b r ɪ ŋ	r ɪ p l a ɪ	r ɪ p l a ɪ d	r ɪ p l a ɪ d	b r ɪ ŋ d	0	0	rhyme_replaced	no_change	reg_d
majority	s t ɑː r t	s t ɑː r t ə d	s t ɑː r t ə d	r o ʊ l	r o ʊ l d	r o ʊ l d	s t ɑː r t d	0	0	reg_əd	reg_əd	reg_d
majority	t e ɪ k	t ʊ k	t e ɪ k t	f ɪ ɡ j ɹ̩	f ɪ ɡ j ɹ̩ d	f ɪ ɡ j ɹ̩ d	t e ɪ k d	0	0	vowel_change	reg_t	reg_d
majority	h e ɪ t	h e ɪ t ə d	h e ɪ t ə d	ʃ æ d o ʊ	ʃ æ d o ʊ d	ʃ æ d o ʊ d	h e ɪ t d	0	0	reg_əd	reg_əd	reg_d
majority	r a ɪ t	r o ʊ t	r o ʊ t ə d	d ɪ s k ʌ v ɹ̩	d ɪ s k ʌ v ɹ̩ d	d ɪ s k ʌ v ɹ̩ d	r a ɪ t d	0	0	vowel_change	other	reg_d
majority	f ɪ t	f ɪ t	f ɪ t ə d	f l e ɪ v ɹ̩	f l e ɪ v ɹ̩ d	f l e ɪ v ɹ̩ d	f ɪ t d	0	0	no_change	reg_əd	reg_d
majority	d a ɪ n	d a ɪ n d	d a ɪ n d	f ɔ r m	f ɔ r m d	f ɔ r m d	d a ɪ n d	1	1	reg_d	reg_d	reg_d
majority	m ɪ s	m ɪ s t	m ɪ s t	ɪ ɡ n ɔ r	ɪ ɡ n ɔ r d	ɪ ɡ n ɔ r d	m ɪ s d	0	0	reg_t	reg_t	reg_d
majority	n ɑː k	n ɑː k t	n ɑː k t	b ɑː ɡ	b ɑː ɡ d	b ɑː ɡ d	n ɑː k d	0	0	reg_t	reg_t	reg_d
majority	n iː d	n iː d ə d	n iː d ə d	ɡ a ʊ d͡ʒ	ɡ a ʊ d͡ʒ d	ɡ a ʊ d͡ʒ d	n iː d d	0	0	reg_əd	reg_əd	reg_d
majority	m uː v	m uː v d	m uː v d	l ɔ ɡ	l ɔ ɡ d	l ɔ ɡ d	m uː v d	1	1	reg_d	reg_d	reg_d
majority	f l ɪ p	f l ɪ p t	f l ɪ p t	ə k ɹ̩	ə k ɹ̩ d	ə k ɹ̩ d	f l ɪ p d	0	0	reg_t	reg_t	reg_d
majority	r ɛ d iː	r ɛ d iː d	r ɛ d iː d	ɡ æ ɡ	ɡ æ ɡ d	ɡ æ ɡ d	r ɛ d iː d	1	1	reg_d	reg_d	reg_d
majority	z ɪ p	z ɪ p t	z ɪ p t	d æ z ə l	d æ z ə l d	d æ z ə l d	z ɪ p d	0	0	reg_t	reg_t	reg_d
majority	f a ɪ t	f ɔ t	f a ɪ t ə d	s p ɑː r k ə l	s p ɑː r k ə l d	s p ɑː r k ə l d	f a ɪ t d	0	0	vowel_change	reg_əd	reg_d
majority	k æ t͡ʃ	k ɔ t	k æ t͡ʃ t	b uː m	b uː m d	b uː m d	k æ t͡ʃ d	0	0	rhyme_replaced	reg_t	reg_d
majority	f l o ʊ t	f l o ʊ t ə d	f l o ʊ t ə d	æ d v a ɪ z	æ d v a ɪ z d	æ d v a ɪ z d	f l o ʊ t d	0	0	reg_əd	reg_əd	reg_d
majority	w ɪ ʃ	w ɪ ʃ t	w ɪ ʃ t	s t o ʊ n	s t o ʊ n d	s t o ʊ n d	w ɪ ʃ d	0	0	reg_t	reg_t	reg_d
majority	ʃ e ɪ k	ʃ ʊ k	ʃ e ɪ k t	a ɪ	a ɪ d	a ɪ d	ʃ e ɪ k d	0	0	vowel_change	reg_t	reg_d
majority	k ɪ k	k ɪ k t	k ɪ k t	m æ n	m æ n d	m æ n d	k ɪ k d	0	0	reg_t	reg_t	reg_d
majority	t͡ʃ e ɪ n d͡ʒ	t͡ʃ e ɪ n d͡ʒ d	t͡ʃ e ɪ n d͡ʒ d	r ɪ t a ɪ ɹ̩	r ɪ t a ɪ ɹ̩ d	r ɪ t a ɪ ɹ̩ d	t͡ʃ e ɪ n d͡ʒ d	1	1	reg_d	reg_d	reg_d
majority	θ r o ʊ	θ r uː	θ r o ʊ d	w ɹ̩ iː	w ɹ̩ iː d	w ɹ̩ iː d	θ r o ʊ d	1	0	vowel_change	reg_d	reg_d
majority	b æ k	b æ k t	b æ k t	r o ʊ m	r o ʊ m d	r o ʊ m d	b æ k d	0	0	reg_t	reg_t	reg_d
majority	f l æ ʃ	f l æ ʃ t	f l æ ʃ t	ʃ ɑː r p ə n	ʃ ɑː r p ə n d	ʃ ɑː r p ə n d	f l æ ʃ d	0	0	reg_t	reg_t	reg_d
majority	ɡ r o ʊ	ɡ r uː	ɡ r o ʊ d	l ɔ ŋ	l ɔ ŋ d	l ɔ ŋ d	ɡ r o ʊ d	1	0	vowel_change	reg_d	reg_d
majority	s m a ɪ l	s m a ɪ l d	s m a ɪ l d	ɹ̩ n	ɹ̩ n d	ɹ̩ n d	s m a ɪ l d	1	1	reg_d	reg_d	reg_d
majority	s t ɑː p	s t ɑː p t	s t ɑː p t	k ɑː m	k ɑː m d	k ɑː m d	s t ɑː p d	0	0	reg_t	reg_t	reg_d
majority	s t ɹ̩	s t ɹ̩ d	s t ɹ̩ d	ə s ɛ m b ə l	ə s ɛ m b ə l d	ə s ɛ m b ə l d	s t ɹ̩ d	1	1	reg_d	reg_d	reg_d
majority	t͡ʃ uː	t͡ʃ uː d	t͡ʃ o ʊ t͡ʃ t	w a ɪ ɹ̩	w a ɪ ɹ̩ d	w a ɪ ɹ̩ d	t͡ʃ uː d	0	1	reg_d	rhyme_replaced	reg_d
majority	d r ɛ s	d r ɛ s t	d r ɛ s t	n ʌ k ə l	n ʌ k ə l d	n ʌ k ə l d	d r ɛ s d	0	0	reg_t	reg_t	reg_d
majority	ə n d ɹ̩ s t æ n d	ə n d ɹ̩ s t ʊ d	ə n d ɹ̩ s t æ n d	k o ʊ m	k o ʊ m d	k o ʊ m d	ə n d ɹ̩ s t æ n d d	0	0	rhyme_replaced	no_change	reg_d
majority	t͡ʃ e ɪ s	t͡ʃ e ɪ s t	t͡ʃ e ɪ s t	w ɪ ŋ	w ɪ ŋ d	w ɪ ŋ d	t͡ʃ e ɪ s d	0	0	reg_t	reg_t	reg_d
majority	h ʌ ɡ	h ʌ ɡ d	h ʌ ɡ d	b ʌ b ə l	b ʌ b ə l d	b ʌ b ə l d	h ʌ ɡ d	1	1	reg_d	reg_d	reg_d
majority	h ɪ t	h ɪ t	h ɪ t	s iː m	s iː m d	s iː m d	h ɪ t d	0	0	no_change	no_change	reg_d
majority	h æ m ɹ̩	h æ m ɹ̩ d	h æ m ɹ̩ d	s a ʊ ɹ̩	s a ʊ ɹ̩ d	s a ʊ ɹ̩ d	h æ m ɹ̩ d	1	1	reg_d	reg_d	reg_d
majority	w a ɪ n d	w a ɪ n d ə d	w a ʊ n d	ɪ n t ɹ̩ f ɪ r	ɪ n t ɹ̩ f ɪ r d	ɪ n t ɹ̩ f ɪ r d	w a ɪ n d d	0	0	reg_əd	vowel_change	reg_d
majority	k ə n s t r ʌ k t	k ə n s t r ʌ k t ə d	k ə n s t r ʌ k t ə d	n ɔ	n ɔ d	n ɔ d	k ə n s t r ʌ k t d	0	0	reg_əd	reg_əd	reg_d
majority	m iː t	m ɛ t	m iː t ə d	k r æ k ə l	k r æ k ə l d	k r æ k ə l d	m iː t d	0	0	vowel_change	reg_əd	reg_d
majority	s w ɪ ʃ	s w ɪ ʃ t	s w ɪ ʃ t	iː k w ə l	iː k w ə l d	iː k w ə l d	s w ɪ ʃ d	0	0	reg_t	reg_t	reg_d
majority	s k w iː z	s k w iː z d	s k w iː z d	r o ʊ m	r o ʊ m d	r o ʊ m d	s k w iː z d	1	1	reg_d	reg_d	reg_d
majority	t͡ʃ ʌ ɡ	t͡ʃ ʌ ɡ d	t͡ʃ ʌ ɡ d	b l ɪ s t ɹ̩	b l ɪ s t ɹ̩ d	b l ɪ s t ɹ̩ d	t͡ʃ ʌ ɡ d	1	1	reg_d	reg_d	reg_d
majority	b r æ n t͡ʃ	b r æ n t͡ʃ t	b r æ n t͡ʃ t	p ɔ	p ɔ d	p ɔ d	b r æ n t͡ʃ d	0	0	reg_t	reg_t	reg_d
majority	n o ʊ t ɪ s	n o ʊ t ɪ s t	n o ʊ t ɪ s t	s t ɔ r iː	s t ɔ r iː d	s t ɔ r iː d	n o ʊ t ɪ s d	0	0	reg_t	reg_t	reg_d
majority	b e ɪ k	b e ɪ k t	b e ɪ k t	f l a ʊ n d ɹ̩	f l a ʊ n d ɹ̩ d	f l a ʊ n d ɹ̩ d	b e ɪ k d	0	0	reg_t	reg_t	reg_d
majority	s n æ p	s n æ p t	s n æ p t	w e ɪ l	w e ɪ l d	w e ɪ l d	s n æ p d	0	0	reg_t	reg_t	reg_d
majority	s w ɪ m	s w æ m	s w ɪ m d	r ɛ d͡ʒ ɪ s t ɹ̩	r ɛ d͡ʒ ɪ s t ɹ̩ d	r ɛ d͡ʒ ɪ s t ɹ̩ d	s w ɪ m d	1	0	vowel_change	reg_d	reg_d
majority	ʃ ʌ t ə l	ʃ ʌ t ə l d	ʃ ʌ t ə l d	s p ɑː r k ə l	s p ɑː r k ə l d	s p ɑː r k ə l d	ʃ ʌ t ə l d	1	1	reg_d	reg_d	reg_d
majority	ə p r iː ʃ iː e ɪ t	ə p r iː ʃ iː e ɪ t ə d	ə p r iː ʃ iː e ɪ t ə d	ɔ f ɹ̩	ɔ f ɹ̩ d	ɔ f ɹ̩ d	ə p r iː ʃ iː e ɪ t d	0	0	reg_əd	reg_əd	reg_d
majority	s m uː ð	s m uː ð d	s m uː ð d	s t e ɪ	s t e ɪ d	s t e ɪ d	s m uː ð d	1	1	reg_d	reg_d	reg_d
majority	s t ɛ r	s t ɛ r d	s t ɛ r d	h ɑː r m	h ɑː r m d	h ɑː r m d	s t ɛ r d	1	1	reg_d	reg_d	reg_d
majority	k ɑː s t uː m	k ɑː s t uː m d	k ɑː s t uː m d	r e ɪ n	r e ɪ n d	r e ɪ n d	k ɑː s t uː m d	1	1	reg_d	reg_d	reg_d
majority	ɡ uː f	ɡ uː f t	ɡ uː f t	p r e ɪ z	p r e ɪ z d	p r e ɪ z d	ɡ uː f d	0	0	reg_t	reg_t	reg_d
majority	d r a ʊ n	d r a ʊ n d	d r a ʊ n d	t͡ʃ ɹ̩ n	t͡ʃ ɹ̩ n d	t͡ʃ ɹ̩ n d	d r a ʊ n d	1	1	reg_d	reg_d	reg_d
majority	n ɹ̩ s	n ɹ̩ s t	n ɹ̩ s t	f o ʊ n	f o ʊ n d	f o ʊ n d	n ɹ̩ s d	0	0	reg_t	reg_t	reg_d
majority	k r a ɪ	k r a ɪ d	k r a ɪ d	p r uː v	p r uː v d	p r uː v d	k r a ɪ d	1	1	reg_d	reg_d	reg_d
majority	iː v ɪ n	iː v ɪ n d	iː v ɪ n d	a ɪ d ɛ n t ə f a ɪ	a ɪ d ɛ n t ə f a ɪ d	a ɪ d ɛ n t ə f a ɪ d	iː v ɪ n d	1	1	reg_d	reg_d	reg_d
majority	m a ɪ n	m a ɪ n d	m a ɪ n d	r ɪ p ɛ r	r ɪ p ɛ r d	r ɪ p ɛ r d	m a ɪ n d	1	1	reg_d	reg_d	reg_d
majority	b ɪ ɡ ɪ n	b ɪ ɡ æ n	b ɪ ɡ e ɪ n	p ɪ k t͡ʃ ɹ̩	p ɪ k t͡ʃ ɹ̩ d	p ɪ k t͡ʃ ɹ̩ d	b ɪ ɡ ɪ n d	0	0	vowel_change	vowel_change	reg_d
majority	s p æ ŋ k	s p æ ŋ k t	s p æ ŋ k t	t iː	t iː d	t iː d	s p æ ŋ k d	0	0	reg_t	reg_t	reg_d
majority	t͡ʃ ɪ p	t͡ʃ ɪ p t	t͡ʃ ɪ p t	ɡ e ɪ n	ɡ e ɪ n d	ɡ e ɪ n d	t͡ʃ ɪ p d	0	0	reg_t	reg_t	reg_d
majority	s p iː k	s p o ʊ k	s p ɛ k t	t ʊ r	t ʊ r d	t ʊ r d	s p iː k d	0	0	vowel_change	vowel_change_suffix	reg_d
majority	s w ɪ t͡ʃ	s w ɪ t͡ʃ t	s w ɪ t͡ʃ t	p l iː z	p l iː z d	p l iː z d	s w ɪ t͡ʃ d	0	0	reg_t	reg_t	reg_d
majority	f a ɪ ɹ̩	f a ɪ ɹ̩ d	f a ɪ ɹ̩ d	s a ɪ z	s a ɪ z d	s a ɪ z d	f a ɪ ɹ̩ d	1	1	reg_d	reg_d	reg_d
majority	b ɪ l	b ɪ l d	b ɪ l d	s p ɪ l	s p ɪ l d	s p ɪ l d	b ɪ l d	1	1	reg_d	reg_d	reg_d
majority	r iː m a ɪ n d	r iː m a ɪ n d ə d	r iː m a ʊ n d ə d	ʃ a ʊ ɹ̩	ʃ a ʊ ɹ̩ d	ʃ a ʊ ɹ̩ d	r iː m a ɪ n d d	0	0	reg_əd	other	reg_d
majority	s iː d	s iː d ə d	s iː d ə d	d æ z ə l	d æ z ə l d	d æ z ə l d	s iː d d	0	0	reg_əd	reg_əd	reg_d
majority	w e ɪ v	w e ɪ v d	w e ɪ v d	k l o ʊ z	k l o ʊ z d	k l o ʊ z d	w e ɪ v d	1	1	reg_d	reg_d	reg_d
majority	b l uː m	b l uː m d	b l uː m d	m ʌ d iː	m ʌ d iː d	m ʌ d iː d	b l uː m d	1	1	reg_d	reg_d	reg_d
majority	s t ɪ ŋ	s t ʌ ŋ	s t ɪ ŋ	ə s ɛ m b ə l	ə s ɛ m b ə l d	ə s ɛ m b ə l d	s t ɪ ŋ d	0	0	vowel_change	no_change	reg_d
majority	ə r a ɪ v	ə r a ɪ v d	ə r a ɪ v d	ɛ k s ɹ̩ s a ɪ z	ɛ k s ɹ̩ s a ɪ z d	ɛ k s ɹ̩ s a ɪ z d	ə r a ɪ v d	1	1	reg_d	reg_d	reg_d
majority	b l ɛ s	b l ɛ s t	b l ɛ s t	k ə m p ɛ r	k ə m p ɛ r d	k ə m p ɛ r d	b l ɛ s d	0	0	reg_t	reg_t	reg_d
majority	ə r ɛ s t	ə r ɛ s t ə d	ə r ɛ s t ə d	n e ɪ m	n e ɪ m d	n e ɪ m d	ə r ɛ s t d	0	0	reg_əd	reg_əd	reg_d
majority	s p ɪ n	s p ʌ n	s p ɪ n d	ʃ o ʊ	ʃ o ʊ d	ʃ o ʊ d	s p ɪ n d	1	0	vowel_change	reg_d	reg_d
majority	k ə m p iː t	k ə m p iː t ə d	k ə m p iː t ə d	r ɪ t ɹ̩ n	r ɪ t ɹ̩ n d	r ɪ t ɹ̩ n d	k ə m p iː t d	0	0	reg_əd	reg_əd	reg_d
majority	t r e ɪ n	t r e ɪ n d	t r e ɪ n d	ɪ n v ɑː l v	ɪ n v ɑː l v d	ɪ n v ɑː l v d	t r e ɪ n d	1	1	reg_d	reg_d	reg_d
majority	p æ s	p æ s t	p æ s t	f l e ɪ v ɹ̩	f l e ɪ v ɹ̩ d	f l e ɪ v ɹ̩ d	p æ s d	0	0	reg_t	reg_t	reg_d
majority	s ɪ ŋ k	s æ ŋ k	s ɪ ŋ k t	l ʊ r	l ʊ r d	l ʊ r d	s ɪ ŋ k d	0	0	vowel_change	reg_t	reg_d
majority	l uː p	l uː p t	l uː p t	f ʌ ŋ k ʃ ə n	f ʌ ŋ k ʃ ə n d	f ʌ ŋ k ʃ ə n d	l uː p d	0	0	reg_t	reg_t	reg_d
majority	s ə l ɛ k t	s ə l ɛ k t ə d	s ə l ɛ k t ə d	t ɛ l ə f o ʊ n	t ɛ l ə f o ʊ n d	t ɛ l ə f o ʊ n d	s ə l ɛ k t d	0	0	reg_əd	reg_əd	reg_d
majority	r ɪ ŋ	r æ ŋ	r ɪ ŋ	s iː m	s iː m d	s iː m d	r ɪ ŋ d	0	0	vowel_change	no_change	reg_d
majority	m e ɪ l	m e ɪ l d	m e ɪ l d	s e ɪ l	s e ɪ l d	s e ɪ l d	m e ɪ l d	1	1	reg_d	reg_d	reg_d
majority	p æ t	p æ t ə d	p æ t ə d	t r a ɪ	t r a ɪ d	t r a ɪ d	p æ t d	0	0	reg_əd	reg_əd	reg_d
majority	k ɪ d	k ɪ d ə d	k ɪ d	t ɔ ɪ	t ɔ ɪ d	t ɔ ɪ d	k ɪ d d	0	0	reg_əd	no_change	reg_d
majority	p ɑː r d ə n	p ɑː r d ə n d	p ɑː r d ə n d	p r ə f ɹ̩	p r ə f ɹ̩ d	p r ə f ɹ̩ d	p ɑː r d ə n d	1	1	reg_d	reg_d	reg_d
majority	s t iː r	s t iː r d	s t iː r d	b r a ɪ t ə n	b r a ɪ t ə n d	b r a ɪ t ə n d	s t iː r d	1	1	reg_d	reg_d	reg_d
majority	f o ʊ l d	f o ʊ l d ə d	f o ʊ l d ə d	r æ t ə l	r æ t ə l d	r æ t ə l d	f o ʊ l d d	0	0	reg_əd	reg_əd	reg_d
majority	s n iː k	s n iː k t	s n iː k t	p r ə z ɹ̩ v	p r ə z ɹ̩ v d	p r ə z ɹ̩ v d	s n iː k d	0	0	reg_t	reg_t	reg_d
majority	b e ɪ l	b e ɪ l d	b e ɪ l d	r ɛ d͡ʒ ɪ s t ɹ̩	r ɛ d͡ʒ ɪ s t ɹ̩ d	r ɛ d͡ʒ ɪ s t ɹ̩ d	b e ɪ l d	1	1	reg_d	reg_d	reg_d
majority	b ɛ t ɹ̩	b ɛ t ɹ̩ d	b ɛ t ɹ̩ d	ə p iː r	ə p iː r d	ə p iː r d	b ɛ t ɹ̩ d	1	1	reg_d	reg_d	reg_d
majority	ɡ ɑː r b ə l	ɡ ɑː r b ə l d	ɡ ɑː r b ə l d	p iː t ɹ̩	p iː t ɹ̩ d	p iː t ɹ̩ d	ɡ ɑː r b ə l d	1	1	reg_d	reg_d	reg_d
majority	s k w ɹ̩ t	s k w ɹ̩ t ə d	s k w ɹ̩ t ə d	ʃ a ɪ n	ʃ a ɪ n d	ʃ a ɪ n d	s k w ɹ̩ t d	0	0	reg_əd	reg_əd	reg_d
majority	b ɑː k s	b ɑː k s t	b ɑː k s t	w ɹ̩ iː	w ɹ̩ iː d	w ɹ̩ iː d	b ɑː k s d	0	0	reg_t	reg_t	reg_d
majority	s iː l	s iː l d	s iː l d	l uː s ə n	l uː s ə n d	l uː s ə n d	s iː l d	1	1	reg_d	reg_d	reg_d
majority	s p r ɛ d	s p r ɛ d	s p r ɛ d ə d	k æ n s ə l	k æ n s ə l d	k æ n s ə l d	s p r ɛ d d	0	0	no_change	reg_əd	reg_d
majority	p r ɑː m ə s	p r ɑː m ə s t	p r ɑː m ə s t	b æ r ə l	b æ r ə l d	b æ r ə l d	p r ɑː m ə s d	0	0	reg_t	reg_t	reg_d
majority	b iː t	b iː t	b iː t ə d	k uː l	k uː l d	k uː l d	b iː t d	0	0	no_change	reg_əd	reg_d
majority	h ɪ p n ə t a ɪ z	h ɪ p n ə t a ɪ z d	h ɪ p n ə t a ɪ z d	r ɪ t ɹ̩ n	r ɪ t ɹ̩ n d	r ɪ t ɹ̩ n d	h ɪ p n ə t a ɪ z d	1	1	reg_d	reg_d	reg_d
majority	s l æ p	s l æ p t	s l æ p t	d ɪ s p o ʊ z	d ɪ s p o ʊ z d	d ɪ s p o ʊ z d	s l æ p d	0	0	reg_t	reg_t	reg_d
majority	b ɛ s t	b ɛ s t ə d	b ɛ s t ə d	b r æ ɡ	b r æ ɡ d	b r æ ɡ d	b ɛ s t d	0	0	reg_əd	reg_əd	reg_d
majority	s t æ ɡ ɹ̩	s t æ ɡ ɹ̩ d	s t æ ɡ ɹ̩ d	f a ɪ n	f a ɪ n d	f a ɪ n d	s t æ ɡ ɹ̩ d	1	1	reg_d	reg_d	reg_d
majority	z æ p	z æ p t	z æ p t	s t ɔ r iː	s t ɔ r iː d	s t ɔ r iː d	z æ p d	0	0	reg_t	reg_t	reg_d
majority	ə p s ɛ t	ə p s ɛ t	ə p s ɛ t	s k r uː	s k r uː d	s k r uː d	ə p s ɛ t d	0	0	no_change	no_change	reg_d
majority	r ɛ s t	r ɛ s t ə d	r ɛ s t ə d	p ɔ	p ɔ d	p ɔ d	r ɛ s t d	0	0	reg_əd	reg_əd	reg_d
majority	s p l æ ʃ	s p l æ ʃ t	s p l æ ʃ t	f ɑː r m	f ɑː r m d	f ɑː r m d	s p l æ ʃ d	0	0	reg_t	reg_t	reg_d
majority	l a ɪ n	l a ɪ n d	l a ɪ n d	h ɛ d͡ʒ	h ɛ d͡ʒ d	h ɛ d͡ʒ d	l a ɪ n d	1	1	reg_d	reg_d	reg_d
majority	ə n d uː	ə n d ɪ d	ə n d uː d	ɡ ɑː b ə l	ɡ ɑː b ə l d	ɡ ɑː b ə l d	ə n d uː d	1	0	vowel_change_suffix	reg_d	reg_d
majority	p ɛ n	p ɛ n d	p ɛ n d	r o ʊ m	r o ʊ m d	r o ʊ m d	p ɛ n d	1	1	reg_d	reg_d	reg_d
majority	ɛ d ə t	ɛ d ə t ə d	ɛ d ə t ə d	s iː z ə n	s iː z ə n d	s iː z ə n d	ɛ d ə t d	0	0	reg_əd	reg_əd	reg_d
majority	ɪ k s p l ɔ r	ɪ k s p l ɔ r d	ɪ k s p l ɔ r d	k r æ k ə l	k r æ k ə l d	k r æ k ə l d	ɪ k s p l ɔ r d	1	1	reg_d	reg_d	reg_d
majority	ə s uː m	ə s uː m d	ə s uː m d	m ɔ ɪ s ə n	m ɔ ɪ s ə n d	m ɔ ɪ s ə n d	ə s uː m d	1	1	reg_d	reg_d	reg_d
majority	s p r e ɪ	s p r e ɪ d	s p r e ɪ d	b ɛ ɡ	b ɛ ɡ d	b ɛ ɡ d	s p r e ɪ d	1	1	reg_d	reg_d	reg_d
majority	l o ʊ ɹ̩	l o ʊ ɹ̩ d	l o ʊ ɹ̩ d	b æ n d ɪ d͡ʒ	b æ n d ɪ d͡ʒ d	b æ n d ɪ d͡ʒ d	l o ʊ ɹ̩ d	1	1	reg_d	reg_d	reg_d
majority	d æ m	d æ m d	d æ m d	l uː s ə n	l uː s ə n d	l uː s ə n d	d æ m d	1	1	reg_d	reg_d	reg_d
majority	r ʌ ʃ	r ʌ ʃ t	r æ ʃ t	d ɔ ɡ	d ɔ ɡ d	d ɔ ɡ d	r ʌ ʃ d	0	0	reg_t	vowel_change_suffix	reg_d
majority	p l ʌ ɡ	p l ʌ ɡ d	p l ʌ ɡ d	ɛ k s ɹ̩ s a ɪ z	ɛ k s ɹ̩ s a ɪ z d	ɛ k s ɹ̩ s a ɪ z d	p l ʌ ɡ d	1	1	reg_d	reg_d	reg_d
majority	ə d m ɪ t	ə d m ɪ t ə d	ə d m ɪ t ə d	b ɪ z iː	b ɪ z iː d	b ɪ z iː d	ə d m ɪ t d	0	0	reg_əd	reg_əd	reg_d
majority	ə n t a ɪ	ə n t a ɪ d	ə n t a ɪ d	k l o ʊ z	k l o ʊ z d	k l o ʊ z d	ə n t a ɪ d	1	1	reg_d	reg_d	reg_d
majority	b ʌ k ə l	b ʌ k ə l d	b ʌ k ə l d	d ɪ s p o ʊ z	d ɪ s p o ʊ z d	d ɪ s p o ʊ z d	b ʌ k ə l d	1	1	reg_d	reg_d	reg_d
majority	s w uː ʃ	s w uː ʃ t	s w uː ʃ t	ɡ r a ʊ l	ɡ r a ʊ l d	ɡ r a ʊ l d	s w uː ʃ d	0	0	reg_t	reg_t	reg_d
majority	ə r a ɪ z	ə r o ʊ z	ə r a ɪ z d	r iː ə l a ɪ z	r iː ə l a ɪ z d	r iː ə l a ɪ z d	ə r a ɪ z d	1	0	vowel_change	reg_d	reg_d
majority	s o ʊ k	s o ʊ k t	s o ʊ k t	s t r e ɪ n	s t r e ɪ n d	s t r e ɪ n d	s o ʊ k d	0	0	reg_t	reg_t	reg_d
majority	t r æ p	t r æ p t	t r æ p t	l e ɪ b ɹ̩	l e ɪ b ɹ̩ d	l e ɪ b ɹ̩ d	t r æ p d	0	0	reg_t	reg_t	reg_d
majority	p a ɪ l	p a ɪ l d	p a ɪ l d	b uː	b uː d	b uː d	p a ɪ l d	1	1	reg_d	reg_d	reg_d
majority	ɪ k s p l o ʊ d	ɪ k s p l o ʊ d ə d	ɪ k s p l o ʊ d ə d	b uː	b uː d	b uː d	ɪ k s p l o ʊ d d	0	0	reg_əd	reg_əd	reg_d
majority	b ɔ ɪ l	b ɔ ɪ l d	b ɔ ɪ l d	l ʊ r	l ʊ r d	l ʊ r d	b ɔ ɪ l d	1	1	reg_d	reg_d	reg_d
majority	k ə n s ɪ d ɹ̩	k ə n s ɪ d ɹ̩ d	k ə n s ɪ d ɹ̩ d	p r o ʊ ɡ r æ m	p r o ʊ ɡ r æ m d	p r o ʊ ɡ r æ m d	k ə n s ɪ d ɹ̩ d	1	1	reg_d	reg_d	reg_d
majority	s k a ʊ l	s k a ʊ l d	s k a ʊ l d	l ʌ v	l ʌ v d	l ʌ v d	s k a ʊ l d	1	1	reg_d	reg_d	reg_d
majority	ɪ ɡ z ɔ s t	ɪ ɡ z ɔ s t ə d	ɪ ɡ z ɔ s t ə d	k l a ɪ m	k l a ɪ m d	k l a ɪ m d	ɪ ɡ z ɔ s t d	0	0	reg_əd	reg_əd	reg_d
majority	s uː p ɹ̩ v a ɪ z	s uː p ɹ̩ v a ɪ z d	s uː p ɹ̩ v a ɪ z d	r ɪ m ɛ m b ɹ̩	r ɪ m ɛ m b ɹ̩ d	r ɪ m ɛ m b ɹ̩ d	s uː p ɹ̩ v a ɪ z d	1	1	reg_d	reg_d	reg_d
majority	d æ ŋ ɡ ə l	d æ ŋ ɡ ə l d	d æ ŋ ɡ ə l d	s k ɑː r	s k ɑː r d	s k ɑː r d	d æ ŋ ɡ ə l d	1	1	reg_d	reg_d	reg_d
majority	d͡ʒ ɪ m iː	d͡ʒ ɪ m iː d	d͡ʒ ɪ m iː d	s a ɪ n	s a ɪ n d	s a ɪ n d	d͡ʒ ɪ m iː d	1	1	reg_d	reg_d	reg_d
majority	t r ʌ b ə l	t r ʌ b ə l d	t r ʌ b ə l d	d ʌ b ə l	d ʌ b ə l d	d ʌ b ə l d	t r ʌ b ə l d	1	1	reg_d	reg_d	reg_d
majority	p e ɪ d͡ʒ	p e ɪ d͡ʒ d	p e ɪ d͡ʒ d	d ɪ n a ɪ	d ɪ n a ɪ d	d ɪ n a ɪ d	p e ɪ d͡ʒ d	1	1	reg_d	reg_d	reg_d
majority	t a ʊ ɹ̩	t a ʊ ɹ̩ d	t a ʊ ɹ̩ d	p r a ɪ	p r a ɪ d	p r a ɪ d	t a ʊ ɹ̩ d	1	1	reg_d	reg_d	reg_d
majority	f ɛ n s	f ɛ n s t	f ɛ n s t	ɛ m p t iː	ɛ m p t iː d	ɛ m p t iː d	f ɛ n s d	0	0	reg_t	reg_t	reg_d
majority	d ɛ r	d ɛ r d	d ɛ r d	k r o ʊ	k r o ʊ d	k r o ʊ d	d ɛ r d	1	1	reg_d	reg_d	reg_d
majority	b l iː d	b l ɛ d	b l ɛ d ə d	k æ p t͡ʃ ɹ̩	k æ p t͡ʃ ɹ̩ d	k æ p t͡ʃ ɹ̩ d	b l iː d d	0	0	vowel_change	other	reg_d
majority	ɛ n t ɹ̩	ɛ n t ɹ̩ d	ɛ n t ɹ̩ d	ɡ æ ð ɹ̩	ɡ æ ð ɹ̩ d	ɡ æ ð ɹ̩ d	ɛ n t ɹ̩ d	1	1	reg_d	reg_d	reg_d
majority	m e ɪ n t e ɪ n	m e ɪ n t e ɪ n d	m e ɪ n t e ɪ n d	s k ɑː r	s k ɑː r d	s k ɑː r d	m e ɪ n t e ɪ n d	1	1	reg_d	reg_d	reg_d
majority	f ɛ r	f ɛ r d	f ɛ r d	k ɑː p iː	k ɑː p iː d	k ɑː p iː d	f ɛ r d	1	1	reg_d	reg_d	reg_d
majority	d ɪ p	d ɪ p t	d ɪ p t	r ə s iː v	r ə s iː v d	r ə s iː v d	d ɪ p d	0	0	reg_t	reg_t	reg_d
majority	j ɔ n	j ɔ n d	j ɔ n d	r ɪ t ɹ̩ n	r ɪ t ɹ̩ n d	r ɪ t ɹ̩ n d	j ɔ n d	1	1	reg_d	reg_d	reg_d
majority	ʃ ʊ ɡ ɹ̩	ʃ ʊ ɡ ɹ̩ d	ʃ ʊ ɡ ɹ̩ d	n ɪ b ə l	n ɪ b ə l d	n ɪ b ə l d	ʃ ʊ ɡ ɹ̩ d	1	1	reg_d	reg_d	reg_d
majority	d r ɪ f t	d r ɪ f t ə d	d r æ f t ə d	ʃ ɛ r	ʃ ɛ r d	ʃ ɛ r d	d r ɪ f t d	0	0	reg_əd	other	reg_d
majority	ɪ n s p a ɪ ɹ̩	ɪ n s p a ɪ ɹ̩ d	ɪ n s p a ɪ ɹ̩ d	f r a ɪ	f r a ɪ d	f r a ɪ d	ɪ n s p a ɪ ɹ̩ d	1	1	reg_d	reg_d	reg_d
majority	m ɛ n ʃ ə n	m ɛ n ʃ ə n d	m ɛ n ʃ ə n d	s e ɪ l	s e ɪ l d	s e ɪ l d	m ɛ n ʃ ə n d	1	1	reg_d	reg_d	reg_d
majority	s l ɪ p	s l ɪ p t	s l ɪ p t	d æ m ə d͡ʒ	d æ m ə d͡ʒ d	d æ m ə d͡ʒ d	s l ɪ p d	0	0	reg_t	reg_t	reg_d
majority	s k ɪ p	s k ɪ p t	s k ɪ p t	k ə n t ɪ n j uː	k ə n t ɪ n j uː d	k ə n t ɪ n j uː d	s k ɪ p d	0	0	reg_t	reg_t	reg_d
majority	m ə n ɪ p j ə l e ɪ t	m ə n ɪ p j ə l e ɪ t ə d	m ə n j ə l ə l e ɪ t ə d	l ɔ ŋ	l ɔ ŋ d	l ɔ ŋ d	m ə n ɪ p j ə l e ɪ t d	0	0	reg_əd	other	reg_d
majority	s æ k	s æ k t	s æ k t	b ɑː r	b ɑː r d	b ɑː r d	s æ k d	0	0	reg_t	reg_t	reg_d
majority	ɪ n s p ɛ k t	ɪ n s p ɛ k t ə d	ɪ n s p ɛ k t ə d	w iː v	w iː v d	w iː v d	ɪ n s p ɛ k t d	0	0	reg_əd	reg_əd	reg_d
majority	s æ k r ə f a ɪ s	s æ k r ə f a ɪ s t	s æ k r ə f a ɪ s t	θ ʌ m	θ ʌ m d	θ ʌ m d	s æ k r ə f a ɪ s d	0	0	reg_t	reg_t	reg_d
majority	t æ p	t æ p t	t æ p t	s iː s ɔ	s iː s ɔ d	s iː s ɔ d	t æ p d	0	0	reg_t	reg_t	reg_d
majority	h ɔ l	h ɔ l d	h ɔ l d	b ʌ b ə l	b ʌ b ə l d	b ʌ b ə l d	h ɔ l d	1	1	reg_d	reg_d	reg_d
majority	s k a ʊ t	s k a ʊ t ə d	s k a ʊ t ə d	ə p ɑː l ə d͡ʒ a ɪ z	ə p ɑː l ə d͡ʒ a ɪ z d	ə p ɑː l ə d͡ʒ a ɪ z d	s k a ʊ t d	0	0	reg_əd	reg_əd	reg_d
majority	p ɑː k ə t	p ɑː k ə t ə d	p ɑː k ə t ə d	s p l ɪ n t ɹ̩	s p l ɪ n t ɹ̩ d	s p l ɪ n t ɹ̩ d	p ɑː k ə t d	0	0	reg_əd	reg_əd	reg_d
majority	h a ʊ l	h a ʊ l d	h a ʊ l d	t͡ʃ a ɪ m	t͡ʃ a ɪ m d	t͡ʃ a ɪ m d	h a ʊ l d	1	1	reg_d	reg_d	reg_d
majority	d ɔ n	d ɔ n d	d ɔ n d	d ɪ s t ɹ̩ b	d ɪ s t ɹ̩ b d	d ɪ s t ɹ̩ b d	d ɔ n d	1	1	reg_d	reg_d	reg_d
majority	t æ ŋ ɡ ə l	t æ ŋ ɡ ə l d	t æ ŋ ɡ ə l d	d a ɪ v	d a ɪ v d	d o ʊ v	t æ ŋ ɡ ə l d	1	1	reg_d	reg_d	reg_d
majority	ɡ a ɪ d	ɡ a ɪ d ə d	ɡ a ɪ d ə d	ʃ ʌ v	ʃ ʌ v d	ʃ ʌ v d	ɡ a ɪ d d	0	0	reg_əd	reg_əd	reg_d
majority	θ ʌ n d ɹ̩	θ ʌ n d ɹ̩ d	θ ʌ n d ɹ̩ d	ɪ k s k j uː z	ɪ k s k j uː z d	ɪ k s k j uː z d	θ ʌ n d ɹ̩ d	1	1	reg_d	reg_d	reg_d
majority	r a ʊ n d	r a ʊ n d ə d	r a ʊ n d ə d	ɔ f ɹ̩	ɔ f ɹ̩ d	ɔ f ɹ̩ d	r a ʊ n d d	0	0	reg_əd	reg_əd	reg_d
majority	æ b d ʌ k t	æ b d ʌ k t ə d	æ b ʌ k t ə d	d ɪ z ɑː l v	d ɪ z ɑː l v d	d ɪ z ɑː l v d	æ b d ʌ k t d	0	0	reg_əd	other	reg_d
majority	ɡ ʌ m	ɡ ʌ m d	ɡ ʌ m d	ɡ e ɪ z	ɡ e ɪ z d	ɡ e ɪ z d	ɡ ʌ m d	1	1	reg_d	reg_d	reg_d
majority	l ɛ k t͡ʃ ɹ̩	l ɛ k t͡ʃ ɹ̩ d	l ɛ k t͡ʃ ɹ̩ d	f ɑː r m	f ɑː r m d	f ɑː r m d	l ɛ k t͡ʃ ɹ̩ d	1	1	reg_d	reg_d	reg_d
majority	d r ɪ b ə l	d r ɪ b ə l d	d r ɪ b ə l d	s p ɛ k ə l	s p ɛ k ə l d	s p ɛ k ə l d	d r ɪ b ə l d	1	1	reg_d	reg_d	reg_d
majority	d ʌ s t	d ʌ s t ə d	d ʌ s t ə d	n ʌ m b ɹ̩	n ʌ m b ɹ̩ d	n ʌ m b ɹ̩ d	d ʌ s t d	0	0	reg_əd	reg_əd	reg_d
majority	d͡ʒ æ m	d͡ʒ æ m d	d͡ʒ æ m d	h iː r	h iː r d	h ɹ̩ d	d͡ʒ æ m d	1	1	reg_d	reg_d	reg_d
majority	t͡ʃ æ n ə l	t͡ʃ æ n ə l d	t͡ʃ æ n ə l d	s m ʌ d͡ʒ	s m ʌ d͡ʒ d	s m ʌ d͡ʒ d	t͡ʃ æ n ə l d	1	1	reg_d	reg_d	reg_d
majority	d r e ɪ n	d r e ɪ n d	d r e ɪ n d	d r iː m	d r iː m d	d r iː m d	d r e ɪ n d	1	1	reg_d	reg_d	reg_d
majority	w uː n d	w uː n d ə d	w uː n d ə d	b ɪ z iː	b ɪ z iː d	b ɪ z iː d	w uː n d d	0	0	reg_əd	reg_əd	reg_d
majority	t e ɪ l	t e ɪ l d	t e ɪ l d	r uː ə n	r uː ə n d	r uː ə n d	t e ɪ l d	1	1	reg_d	reg_d	reg_d
majority	s l o ʊ	s l o ʊ d	s l o ʊ d	l ʊ r	l ʊ r d	l ʊ r d	s l o ʊ d	1	1	reg_d	reg_d	reg_d
majority	s t ɪ ŋ k	s t ʌ ŋ k	s t ɪ ŋ k t	t a ɪ t ə n	t a ɪ t ə n d	t a ɪ t ə n d	s t ɪ ŋ k d	0	0	vowel_change	reg_t	reg_d
majority	f iː l d	f iː l d ə d	f iː l d ə d	l e ɪ	l e ɪ d	l e ɪ d	f iː l d d	0	0	reg_əd	reg_əd	reg_d
majority	s p a ɪ	s p a ɪ d	s p a ɪ d	a ɪ ɹ̩ n	a ɪ ɹ̩ n d	a ɪ ɹ̩ n d	s p a ɪ d	1	1	reg_d	reg_d	reg_d
majority	s ɪ ɡ n ə l	s ɪ ɡ n ə l d	s ɪ ɡ n ə l d	k iː	k iː d	k iː d	s ɪ ɡ n ə l d	1	1	reg_d	reg_d	reg_d
majority	ɛ n k ɹ̩ ɪ d͡ʒ	ɛ n k ɹ̩ ɪ d͡ʒ d	ɛ n k ɹ̩ ɪ d͡ʒ d	b l ɪ s t ɹ̩	b l ɪ s t ɹ̩ d	b l ɪ s t ɹ̩ d	ɛ n k ɹ̩ ɪ d͡ʒ d	1	1	reg_d	reg_d	reg_d
majority	s æ n ɪ t a ɪ z	s æ n ɪ t a ɪ z d	s æ n ɪ t a ɪ z d	ə p iː r	ə p iː r d	ə p iː r d	s æ n ɪ t a ɪ z d	1	1	reg_d	reg_d	reg_d
majority	f r a ɪ t ə n	f r a ɪ t ə n d	f r a ɪ t ə n d	b ʊ t͡ʃ ɹ̩	b ʊ t͡ʃ ɹ̩ d	b ʊ t͡ʃ ɹ̩ d	f r a ɪ t ə n d	1	1	reg_d	reg_d	reg_d
majority	o ʊ v ɹ̩ k ə m	o ʊ v ɹ̩ k e ɪ m	o ʊ v ɹ̩ k ə m d	f ɑː r m	f ɑː r m d	f ɑː r m d	o ʊ v ɹ̩ k ə m d	1	0	vowel_change	reg_d	reg_d
majority	p ɛ p ɹ̩	p ɛ p ɹ̩ d	p ɛ p ɹ̩ d	b r uː	b r uː d	b r uː d	p ɛ p ɹ̩ d	1	1	reg_d	reg_d	reg_d
majority	b ʌ d͡ʒ	b ʌ d͡ʒ d	b ʌ d͡ʒ d	k ʌ d ə l	k ʌ d ə l d	k ʌ d ə l d	b ʌ d͡ʒ d	1	1	reg_d	reg_d	reg_d
majority	ɡ l ɛ r	ɡ l ɛ r d	ɡ l ɛ r d	s t ɛ m	s t ɛ m d	s t ɛ m d	ɡ l ɛ r d	1	1	reg_d	reg_d	reg_d
majority	ə f ɔ r d	ə f ɔ r d ə d	ə f ɔ r d ə d	b æ f ə l	b æ f ə l d	b æ f ə l d	ə f ɔ r d d	0	0	reg_əd	reg_əd	reg_d
majority	s k o ʊ l d	s k o ʊ l d ə d	s k o ʊ l d ə d	k ʌ p ə l	k ʌ p ə l d	k ʌ p ə l d	s k o ʊ l d d	0	0	reg_əd	reg_əd	reg_d
majority	s ɛ n s	s ɛ n s t	s ɛ n s t	ə n ɔ ɪ	ə n ɔ ɪ d	ə n ɔ ɪ d	s ɛ n s d	0	0	reg_t	reg_t	reg_d
majority	ɛ m f ə s a ɪ z	ɛ m f ə s a ɪ z d	ɛ m f ə s a ɪ z d	s iː m	s iː m d	s iː m d	ɛ m f ə s a ɪ z d	1	1	reg_d	reg_d	reg_d
majority	l e ɪ b ə l	l e ɪ b ə l d	l e ɪ b ə l d	s uː	s uː d	s uː d	l e ɪ b ə l d	1	1	reg_d	reg_d	reg_d
majority	b a ʊ	b a ʊ d	b ɔ t	ʃ a ɪ n	ʃ a ɪ n d	ʃ a ɪ n d	b a ʊ d	0	1	reg_d	vowel_change_suffix	reg_d
majority	b ʌ n t͡ʃ	b ʌ n t͡ʃ t	b ʌ n t͡ʃ t	ʃ e ɪ v	ʃ e ɪ v d	ʃ e ɪ v d	b ʌ n t͡ʃ d	0	0	reg_t	reg_t	reg_d
majority	t ɛ r ə r a ɪ z	t ɛ r ə r a ɪ z d	t ɛ r ə r a ɪ z d	k ɔ l	k ɔ l d	k ɔ l d	t ɛ r ə r a ɪ z d	1	1	reg_d	reg_d	reg_d
majority	ɡ r æ v ə t e ɪ t	ɡ r æ v ə t e ɪ t ə d	ɡ r æ v ə t e ɪ t ə d	b æ b ə l	b æ b ə l d	b æ b ə l d	ɡ r æ v ə t e ɪ t d	0	0	reg_əd	reg_əd	reg_d
majority	b l æ s t	b l æ s t ə d	b l æ s t ə d	p ɛ r	p ɛ r d	p ɛ r d	b l æ s t d	0	0	reg_əd	reg_əd	reg_d
majority	ɪ n ɪ ʃ ə l	ɪ n ɪ ʃ ə l d	ɪ n ɪ ʃ ə l d	s ɹ̩ v a ɪ v	s ɹ̩ v a ɪ v d	s ɹ̩ v a ɪ v d	ɪ n ɪ ʃ ə l d	1	1	reg_d	reg_d	reg_d
majority	s w ɑː p	s w ɑː p t	s w ɑː p t	k ə n t ɪ n j uː	k ə n t ɪ n j uː d	k ə n t ɪ n j uː d	s w ɑː p d	0	0	reg_t	reg_t	reg_d
majority	æ d m a ɪ ɹ̩	æ d m a ɪ ɹ̩ d	æ d m a ɪ ɹ̩ d	j uː z	j uː z d	j uː z d	æ d m a ɪ ɹ̩ d	1	1	reg_d	reg_d	reg_d
majority	s ə p ɔ r t	s ə p ɔ r t ə d	s ə p ɔ r t ə d	d ʌ b ə l	d ʌ b ə l d	d ʌ b ə l d	s ə p ɔ r t d	0	0	reg_əd	reg_əd	reg_d
majority	p æ m p ɹ̩	p æ m p ɹ̩ d	p æ m p ɹ̩ d	ɪ k s p a ɪ ɹ̩	ɪ k s p a ɪ ɹ̩ d	ɪ k s p a ɪ ɹ̩ d	p æ m p ɹ̩ d	1	1	reg_d	reg_d	reg_d
majority	v ɔ ɪ s	v ɔ ɪ s t	v ɔ ɪ s t	t e ɪ b ə l	t e ɪ b ə l d	t e ɪ b ə l d	v ɔ ɪ s d	0	0	reg_t	reg_t	reg_d
majority	s k ɔ r	s k ɔ r d	s k ɔ r d	k l æ s ə f a ɪ	k l æ s ə f a ɪ d	k l æ s ə f a ɪ d	s k ɔ r d	1	1	reg_d	reg_d	reg_d
majority	d ɑː k t ɹ̩	d ɑː k t ɹ̩ d	d ɑː k t ɹ̩ d	k ə m b a ɪ n	k ə m b a ɪ n d	k ə m b a ɪ n d	d ɑː k t ɹ̩ d	1	1	reg_d	reg_d	reg_d
majority	r iː v æ m p	r iː v æ m p t	r iː v æ m p t	l iː n	l iː n d	l iː n d	r iː v æ m p d	0	0	reg_t	reg_t	reg_d
majority	l iː s	l iː s t	l iː s t	s p ɔ ɪ l	s p ɔ ɪ l d	s p ɔ ɪ l d	l iː s d	0	0	reg_t	reg_t	reg_d
majority	s ə p r ɛ s	s ə p r ɛ s t	s ə p r ɛ s t	ɡ l ʌ v	ɡ l ʌ v d	ɡ l ʌ v d	s ə p r ɛ s d	0	0	reg_t	reg_t	reg_d
majority	ə p o ʊ z	ə p o ʊ z d	ə p o ʊ z d	t a ɪ l	t a ɪ l d	t a ɪ l d	ə p o ʊ z d	1	1	reg_d	reg_d	reg_d
majority	f l ɑː p	f l ɑː p t	f l ɑː p t	d ɪ s ə p iː r	d ɪ s ə p iː r d	d ɪ s ə p iː r d	f l ɑː p d	0	0	reg_t	reg_t	reg_d
majority	b ʌ m	b ʌ m d	b ʌ m d	ʃ o ʊ	ʃ o ʊ d	ʃ o ʊ d	b ʌ m d	1	1	reg_d	reg_d	reg_d
majority	s p ɹ̩ t	s p ɹ̩ t ə d	s p ɹ̩ t ə d	k r ɔ l	k r ɔ l d	k r ɔ l d	s p ɹ̩ t d	0	0	reg_əd	reg_əd	reg_d
majority	h uː t	h uː t ə d	h uː t ə d	r iː p e ɪ	r iː p e ɪ d	r iː p e ɪ d	h uː t d	0	0	reg_əd	reg_əd	reg_d
majority	p ɹ̩ s	p ɹ̩ s t	p ɹ̩ s t	b ə l uː n	b ə l uː n d	b ə l uː n d	p ɹ̩ s d	0	0	reg_t	reg_t	reg_d
majority	k l ʌ b	k l ʌ b d	k l ʌ b d	h ɛ d k w ɔ r t ɹ̩	h ɛ d k w ɔ r t ɹ̩ d	h ɛ d k w ɔ r t ɹ̩ d	k l ʌ b d	1	1	reg_d	reg_d	reg_d
majority	p ɪ t iː	p ɪ t iː d	p ɪ t iː d	ɔ r d ɹ̩	ɔ r d ɹ̩ d	ɔ r d ɹ̩ d	p ɪ t iː d	1	1	reg_d	reg_d	reg_d
majority	t r æ m p	t r æ m p t	t r æ m p t	f ɪ ɡ j ɹ̩	f ɪ ɡ j ɹ̩ d	f ɪ ɡ j ɹ̩ d	t r æ m p d	0	0	reg_t	reg_t	reg_d
majority	d͡ʒ ɛ n ɹ̩ e ɪ t	d͡ʒ ɛ n ɹ̩ e ɪ t ə d	d͡ʒ ɛ n ɹ̩ e ɪ t ə d	θ r ɛ t ə n	θ r ɛ t ə n d	θ r ɛ t ə n d	d͡ʒ ɛ n ɹ̩ e ɪ t d	0	0	reg_əd	reg_əd	reg_d
majority	t æ t ə l	t æ t ə l d	t æ t ə l d	n ʌ m b ɹ̩	n ʌ m b ɹ̩ d	n ʌ m b ɹ̩ d	t æ t ə l d	1	1	reg_d	reg_d	reg_d
majority	f ʌ m b ə l	f ʌ m b ə l d	f ʌ m b ə l d	n o ʊ z	n o ʊ z d	n o ʊ z d	f ʌ m b ə l d	1	1	reg_d	reg_d	reg_d
majority	s t æ ʃ	s t æ ʃ t	s t æ ʃ t	r iː ə p iː r	r iː ə p iː r d	r iː ə p iː r d	s t æ ʃ d	0	0	reg_t	reg_t	reg_d
majority	ɪ n s ɪ s t	ɪ n s ɪ s t ə d	ɪ n s ɪ s t ə d	r ə s iː v	r ə s iː v d	r ə s iː v d	ɪ n s ɪ s t d	0	0	reg_əd	reg_əd	reg_d
majority	ɪ ɡ z æ m ɪ n	ɪ ɡ z æ m ɪ n d	ɪ ɡ z æ m ɪ n d	b ɑː r	b ɑː r d	b ɑː r d	ɪ ɡ z æ m ɪ n d	1	1	reg_d	reg_d	reg_d
majority	b l ɑː s ə m	b l ɑː s ə m d	b l ɑː s ə m d	k l o ʊ z	k l o ʊ z d	k l o ʊ z d	b l ɑː s ə m d	1	1	reg_d	reg_d	reg_d
majority	r o ʊ p	r o ʊ p t	r o ʊ p t	p r uː n	p r uː n d	p r uː n d	r o ʊ p d	0	0	reg_t	reg_t	reg_d
majority	p ɪ ŋ	p ɪ ŋ d	p ɪ ŋ d	s l ʌ ɡ	s l ʌ ɡ d	s l ʌ ɡ d	p ɪ ŋ d	1	1	reg_d	reg_d	reg_d
majority	v o ʊ t	v o ʊ t ə d	v o ʊ t ə d	s uː	s uː d	s uː d	v o ʊ t d	0	0	reg_əd	reg_əd	reg_d
majority	n iː r	n iː r d	n iː r d	b o ʊ l	b o ʊ l d	b o ʊ l d	n iː r d	1	1	reg_d	reg_d	reg_d
majority	t r ʌ s t	t r ʌ s t ə d	t r ʌ s t ə d	w ɔ r m	w ɔ r m d	w ɔ r m d	t r ʌ s t d	0	0	reg_əd	reg_əd	reg_d
majority	ɪ n t ɹ̩ s p ɹ̩ s	ɪ n t ɹ̩ s p ɹ̩ s t	ɪ n t ɹ̩ s p ɹ̩ s t ɹ̩ s t ɹ̩ t ɹ̩ t	k ə m b a ɪ n	k ə m b a ɪ n d	k ə m b a ɪ n d	ɪ n t ɹ̩ s p ɹ̩ s d	0	0	reg_t	other	reg_d
majority	s w uː p	s w uː p t	s w uː p t	ɔ ɪ l	ɔ ɪ l d	ɔ ɪ l d	s w uː p d	0	0	reg_t	reg_t	reg_d
majority	d͡ʒ e ɪ l	d͡ʒ e ɪ l d	d͡ʒ e ɪ l d	s w ɛ l	s w ɛ l d	s w ɛ l d	d͡ʒ e ɪ l d	1	1	reg_d	reg_d	reg_d
majority	f e ɪ l	f e ɪ l d	f e ɪ l d	ɡ a ʊ d͡ʒ	ɡ a ʊ d͡ʒ d	ɡ a ʊ d͡ʒ d	f e ɪ l d	1	1	reg_d	reg_d	reg_d
majority	b ʊ k	b ʊ k t	b ʊ k t	b æ b ə l	b æ b ə l d	b æ b ə l d	b ʊ k d	0	0	reg_t	reg_t	reg_d
majority	s ɪ f t	s ɪ f t ə d	s ɪ f t ə d	k l a ɪ m	k l a ɪ m d	k l a ɪ m d	s ɪ f t d	0	0	reg_əd	reg_əd	reg_d
majority	k a ʊ t͡ʃ	k a ʊ t͡ʃ t	k a ʊ t͡ʃ t	ɪ m p l ɔ r	ɪ m p l ɔ r d	ɪ m p l ɔ r d	k a ʊ t͡ʃ d	0	0	reg_t	reg_t	reg_d
majority	f r ʌ n t	f r ʌ n t ə d	f r ʌ n t ə d	p l æ n	p l æ n d	p l æ n d	f r ʌ n t d	0	0	reg_əd	reg_əd	reg_d
majority	p r ə d uː s	p r ə d uː s t	p r ə d uː s t	p r ə z ɹ̩ v	p r ə z ɹ̩ v d	p r ə z ɹ̩ v d	p r ə d uː s d	0	0	reg_t	reg_t	reg_d
majority	ʃ e ɪ d	ʃ e ɪ d ə d	ʃ e ɪ d ə d	ə n b ʌ t ə n	ə n b ʌ t ə n d	ə n b ʌ t ə n d	ʃ e ɪ d d	0	0	reg_əd	reg_əd	reg_d
majority	d r ɛ n t͡ʃ	d r ɛ n t͡ʃ t	d r ɛ n t͡ʃ t	ɪ ʃ uː	ɪ ʃ uː d	ɪ ʃ uː d	d r ɛ n t͡ʃ d	0	0	reg_t	reg_t	reg_d
majority	s p l æ t ɹ̩	s p l æ t ɹ̩ d	s p l æ t ɹ̩ d	t a ɪ l	t a ɪ l d	t a ɪ l d	s p l æ t ɹ̩ d	1	1	reg_d	reg_d	reg_d
majority	r iː v j uː	r iː v j uː d	r iː v j uː d	n o ʊ z	n o ʊ z d	n o ʊ z d	r iː v j uː d	1	1	reg_d	reg_d	reg_d
majority	b ɔ r	b ɔ r d	b ɔ r d	r ɪ l iː v	r ɪ l iː v d	r ɪ l iː v d	b ɔ r d	1	1	reg_d	reg_d	reg_d
majority	s iː t	s iː t ə d	s iː t ə d	b ɛ r iː	b ɛ r iː d	b ɛ r iː d	s iː t d	0	0	reg_əd	reg_əd	reg_d
majority	b ɛ d	b ɛ d ə d	b ɛ d	h o ʊ l	h o ʊ l d	h o ʊ l d	b ɛ d d	0	0	reg_əd	no_change	reg_d
majority	ə n s iː t	ə n s iː t ə d	ə n s iː t ə d	t r a ɪ	t r a ɪ d	t r a ɪ d	ə n s iː t d	0	0	reg_əd	reg_əd	reg_d
majority	m ʌ f ə l	m ʌ f ə l d	m ʌ f ə l d	r iː s k ɛ d͡ʒ uː l	r iː s k ɛ d͡ʒ uː l d	r iː s k ɛ d͡ʒ uː l d	m ʌ f ə l d	1	1	reg_d	reg_d	reg_d
majority	s t ʌ m p	s t ʌ m p t	s t ʌ m p t	f ɛ ð ɹ̩	f ɛ ð ɹ̩ d	f ɛ ð ɹ̩ d	s t ʌ m p d	0	0	reg_t	reg_t	reg_d
majority	t r æ n s p l æ n t	t r æ n s p l æ n t ə d	t r æ n s t ə n æ n s t	t a ɪ ɹ̩	t a ɪ ɹ̩ d	t a ɪ ɹ̩ d	t r æ n s p l æ n t d	0	0	reg_əd	other	reg_d
majority	v ɪ ʒ w ə l a ɪ z	v ɪ ʒ w ə l a ɪ z d	v ɪ v ə l a ɪ z	f ɑː r m	f ɑː r m d	f ɑː r m d	v ɪ ʒ w ə l a ɪ z d	0	1	reg_d	other	reg_d
majority	ɡ æ l ə p	ɡ æ l ə p t	ɡ æ l ə p t	b ɑː t ə l	b ɑː t ə l d	b ɑː t ə l d	ɡ æ l ə p d	0	0	reg_t	reg_t	reg_d
majority	s ʌ l iː	s ʌ l iː d	s ʌ l iː d	l ɔ ŋ	l ɔ ŋ d	l ɔ ŋ d	s ʌ l iː d	1	1	reg_d	reg_d	reg_d
majority	ə n f o ʊ l d	ə n f o ʊ l d ə d	ə n f o ʊ l d ə d	k ɑː l ɹ̩	k ɑː l ɹ̩ d	k ɑː l ɹ̩ d	ə n f o ʊ l d d	0	0	reg_əd	reg_əd	reg_d
majority	w iː	w iː d	w iː d	f a ɪ n	f a ɪ n d	f a ɪ n d	w iː d	1	1	reg_d	reg_d	reg_d
majority	ɪ m ə t e ɪ t	ɪ m ə t e ɪ t ə d	ɪ m ə t e ɪ t ə d	b r ɪ d͡ʒ	b r ɪ d͡ʒ d	b r ɪ d͡ʒ d	ɪ m ə t e ɪ t d	0	0	reg_əd	reg_əd	reg_d
majority	s w ɹ̩ v	s w ɹ̩ v d	s w ɹ̩ v d	z ɪ p ɹ̩	z ɪ p ɹ̩ d	z ɪ p ɹ̩ d	s w ɹ̩ v d	1	1	reg_d	reg_d	reg_d
majority	h iː p	h iː p t	h iː p t	ɹ̩ n	ɹ̩ n d	ɹ̩ n d	h iː p d	0	0	reg_t	reg_t	reg_d
majority	r iː f j uː ə l	r iː f j uː ə l d	r iː f j uː ə l d	z iː r o ʊ	z iː r o ʊ d	z iː r o ʊ d	r iː f j uː ə l d	1	1	reg_d	reg_d	reg_d
majority	t͡ʃ æ n t	t͡ʃ æ n t ə d	t͡ʃ æ n t ə d	p l e ɪ	p l e ɪ d	p l e ɪ d	t͡ʃ æ n t d	0	0	reg_əd	reg_əd	reg_d
majority	ɡ r o ʊ s	ɡ r o ʊ s t	ɡ r o ʊ s t	s m ɛ l	s m ɛ l d	s m ɛ l d	ɡ r o ʊ s d	0	0	reg_t	reg_t	reg_d
majority	o ʊ v ɹ̩ f l o ʊ	o ʊ v ɹ̩ f l o ʊ d	o ʊ v ɹ̩ f l o ʊ d	ʃ ɛ l	ʃ ɛ l d	ʃ ɛ l d	o ʊ v ɹ̩ f l o ʊ d	1	1	reg_d	reg_d	reg_d
majority	s ɔ f ə n	s ɔ f ə n d	s ɔ f ə n d	r iː m uː v	r iː m uː v d	r iː m uː v d	s ɔ f ə n d	1	1	reg_d	reg_d	reg_d
majority	ə t ɛ m p t	ə t ɛ m p t ə d	ə t ɛ m p t ə d	p ɪ k t͡ʃ ɹ̩	p ɪ k t͡ʃ ɹ̩ d	p ɪ k t͡ʃ ɹ̩ d	ə t ɛ m p t d	0	0	reg_əd	reg_əd	reg_d
majority	r ə f ɹ̩	r ə f ɹ̩ d	r ə f ɹ̩ d	t a ɪ ɹ̩	t a ɪ ɹ̩ d	t a ɪ ɹ̩ d	r ə f ɹ̩ d	1	1	reg_d	reg_d	reg_d
majority	s m iː r	s m iː r d	s m iː r d	w ɪ n	w ɪ n d	w ʌ n	s m iː r d	1	1	reg_d	reg_d	reg_d
majority	ɪ m p r uː v	ɪ m p r uː v d	ɪ m p r uː v d	s t r æ d ə l	s t r æ d ə l d	s t r æ d ə l d	ɪ m p r uː v d	1	1	reg_d	reg_d	reg_d
majority	ɡ r o ʊ n	ɡ r o ʊ n d	ɡ r o ʊ n d	j uː z	j uː z d	j uː z d	ɡ r o ʊ n d	1	1	reg_d	reg_d	reg_d
majority	s a ɪ k ə l	s a ɪ k ə l d	s a ɪ k ə l d	s k ɛ r	s k ɛ r d	s k ɛ r d	s a ɪ k ə l d	1	1	reg_d	reg_d	reg_d
majority	f o ʊ k ə s	f o ʊ k ə s t	f o ʊ k ə s t	m æ ŋ ɡ ə l	m æ ŋ ɡ ə l d	m æ ŋ ɡ ə l d	f o ʊ k ə s d	0	0	reg_t	reg_t	reg_d
majority	b ɑː s	b ɑː s t	b ɑː s t	r ɪ l a ɪ	r ɪ l a ɪ d	r ɪ l a ɪ d	b ɑː s d	0	0	reg_t	reg_t	reg_d
majority	ʃ r ɛ d	ʃ r ɛ d ə d	ʃ r ɛ d ə d	p r o ʊ ɡ r æ m	p r o ʊ ɡ r æ m d	p r o ʊ ɡ r æ m d	ʃ r ɛ d d	0	0	reg_əd	reg_əd	reg_d
majority	o ʊ v ɹ̩ d uː	o ʊ v ɹ̩ d ɪ d	o ʊ v ɹ̩ d uː d	ɛ r	ɛ r d	ɛ r d	o ʊ v ɹ̩ d uː d	1	0	vowel_change_suffix	reg_d	reg_d
majority	s k iː	s k iː d	s k iː d	m ɔ r n	m ɔ r n d	m ɔ r n d	s k iː d	1	1	reg_d	reg_d	reg_d
majority	k ə n t e ɪ n	k ə n t e ɪ n d	k ə n t e ɪ n d	b ɪ z iː	b ɪ z iː d	b ɪ z iː d	k ə n t e ɪ n d	1	1	reg_d	reg_d	reg_d
majority	n æ v ə ɡ e ɪ t	n æ v ə ɡ e ɪ t ə d	n æ v ə ɡ e ɪ t ə d	w ʌ n d ɹ̩	w ʌ n d ɹ̩ d	w ʌ n d ɹ̩ d	n æ v ə ɡ e ɪ t d	0	0	reg_əd	reg_əd	reg_d
majority	r ɪ p ɛ l	r ɪ p ɛ l d	r ɪ p ɛ l	f l a ʊ n d ɹ̩	f l a ʊ n d ɹ̩ d	f l a ʊ n d ɹ̩ d	r ɪ p ɛ l d	0	1	reg_d	no_change	reg_d
majority	m ʌ t ɹ̩	m ʌ t ɹ̩ d	m ʌ t ɹ̩ d	s t ɔ r iː	s t ɔ r iː d	s t ɔ r iː d	m ʌ t ɹ̩ d	1	1	reg_d	reg_d	reg_d
majority	b r iː d	b r ɛ d	b r iː d ə d	b æ t ə l	b æ t ə l d	b æ t ə l d	b r iː d d	0	0	vowel_change	reg_əd	reg_d
majority	t æ l iː	t æ l iː d	t æ l iː d	d ɪ s k r a ɪ b	d ɪ s k r a ɪ b d	d ɪ s k r a ɪ b d	t æ l iː d	1	1	reg_d	reg_d	reg_d
majority	m æ ɡ n ə f a ɪ	m æ ɡ n ə f a ɪ d	m æ ɡ n ə f a ɪ d	ə n k ʌ v ɹ̩	ə n k ʌ v ɹ̩ d	ə n k ʌ v ɹ̩ d	m æ ɡ n ə f a ɪ d	1	1	reg_d	reg_d	reg_d
majority	w e ɪ d	w e ɪ d ə d	w e ɪ d ə d	b iː m	b iː m d	b iː m d	w e ɪ d d	0	0	reg_əd	reg_əd	reg_d
majority	l æ p	l æ p t	l æ p t	d r iː m	d r iː m d	d r iː m d	l æ p d	0	0	reg_t	reg_t	reg_d
majority	l ɑː p	l ɑː p t	l ɑː p t	p ɛ d ə l	p ɛ d ə l d	p ɛ d ə l d	l ɑː p d	0	0	reg_t	reg_t	reg_d
majority	b ɑː m	b ɑː m d	b ɑː m d	s k uː l	s k uː l d	s k uː l d	b ɑː m d	1	1	reg_d	reg_d	reg_d
majority	ə b z ɹ̩ v	ə b z ɹ̩ v d	ə b z ɹ̩ v d	d a ɪ	d a ɪ d	d a ɪ d	ə b z ɹ̩ v d	1	1	reg_d	reg_d	reg_d
majority	w iː n	w iː n d	w iː n d	k ɪ l	k ɪ l d	k ɪ l d	w iː n d	1	1	reg_d	reg_d	reg_d
majority	r iː r	r iː r d	r iː r d	l ɪ s ə n	l ɪ s ə n d	l ɪ s ə n d	r iː r d	1	1	reg_d	reg_d	reg_d
majority	r æ ʃ ə n	r æ ʃ ə n d	r æ ʃ ə n d	t ɪ ŋ k ə l	t ɪ ŋ k ə l d	t ɪ ŋ k ə l d	r æ ʃ ə n d	1	1	reg_d	reg_d	reg_d
majority	ə d ɪ k t	ə d ɪ k t ə d	ə d ɪ k t ə d	ɪ k s k j uː z	ɪ k s k j uː z d	ɪ k s k j uː z d	ə d ɪ k t d	0	0	reg_əd	reg_əd	reg_d
majority	b ʌ n d ə l	b ʌ n d ə l d	b ʌ n d ə l d	t æ t uː	t æ t uː d	t æ t uː d	b ʌ n d ə l d	1	1	reg_d	reg_d	reg_d
majority	m ə t j ʊ r	m ə t j ʊ r d	m ə t j ʊ r d	w ɹ̩ iː	w ɹ̩ iː d	w ɹ̩ iː d	m ə t j ʊ r d	1	1	reg_d	reg_d	reg_d
majority	f l ɹ̩ t	f l ɹ̩ t ə d	f l ɹ̩ t ə d	b æ t ɹ̩	b æ t ɹ̩ d	b æ t ɹ̩ d	f l ɹ̩ t d	0	0	reg_əd	reg_əd	reg_d
majority	ɪ n k ɔ r p ɹ̩ e ɪ t	ɪ n k ɔ r p ɹ̩ e ɪ t ə d	ɪ n p ɹ̩ r e ɪ t ə d	b r æ ɡ	b r æ ɡ d	b r æ ɡ d	ɪ n k ɔ r p ɹ̩ e ɪ t d	0	0	reg_əd	other	reg_d
majority	f r ʌ s t r e ɪ t	f r ʌ s t r e ɪ t ə d	f r ʌ s t r e ɪ t ə d	t͡ʃ ɹ̩ n	t͡ʃ ɹ̩ n d	t͡ʃ ɹ̩ n d	f r ʌ s t r e ɪ t d	0	0	reg_əd	reg_əd	reg_d
majority	d ɪ f a ɪ n	d ɪ f a ɪ n d	d ɪ f a ɪ n d	t ɪ ŋ k ə l	t ɪ ŋ k ə l d	t ɪ ŋ k ə l d	d ɪ f a ɪ n d	1	1	reg_d	reg_d	reg_d
majority	b r e ɪ v	b r e ɪ v d	b r e ɪ v d	t ɪ k ə l	t ɪ k ə l d	t ɪ k ə l d	b r e ɪ v d	1	1	reg_d	reg_d	reg_d
majority	ɪ n k w a ɪ ɹ̩	ɪ n k w a ɪ ɹ̩ d	ɪ n k w a ɪ ɹ̩ d	h ɛ d͡ʒ	h ɛ d͡ʒ d	h ɛ d͡ʒ d	ɪ n k w a ɪ ɹ̩ d	1	1	reg_d	reg_d	reg_d
majority	b ʌ s	b ʌ s t	b ʌ s t	b o ʊ l	b o ʊ l d	b o ʊ l d	b ʌ s d	0	0	reg_t	reg_t	reg_d
majority	p ə z ɪ ʃ ə n	p ə z ɪ ʃ ə n d	p ə z ɪ ʃ ə n d	n iː d ə l	n iː d ə l d	n iː d ə l d	p ə z ɪ ʃ ə n d	1	1	reg_d	reg_d	reg_d
random	iː t	e ɪ t	iː t ə t	r uː l	r uː l d	r uː l d	iː t d	0	0	vowel_change	other	reg_d
random	m e ɪ k	m e ɪ d	m e ɪ k t	k r ɛ s t	k r ɛ s t ə d	k r ɛ s t ə d	m e ɪ k ə d	0	0	coda_change	reg_t	reg_əd
random	n o ʊ	n uː	n o ʊ d	k ɹ̩ ɛ k t	k ɹ̩ ɛ k t ə d	k ɹ̩ ɛ k t ə d	n o ʊ ə d	0	0	vowel_change	reg_d	reg_əd
random	f ɔ l	f ɛ l	f ɔ l d	d ɪ s ə p ɔ ɪ n t	d ɪ s ə p ɔ ɪ n t ə d	d ɪ s ə p ɔ ɪ n t ə d	f ɔ l ə d	0	0	vowel_change	reg_d	reg_əd
random	b r ɪ ŋ	b r ɔ t	b r ɪ ŋ	r ɪ v ɹ̩ s	r ɪ v ɹ̩ s t	r ɪ v ɹ̩ s t	b r ɪ ŋ t	0	0	rhyme_replaced	no_change	reg_t
random	s t ɑː r t	s t ɑː r t ə d	s t ɑː r t ə d	n ɹ̩ ɪ ʃ	n ɹ̩ ɪ ʃ t	n ɹ̩ ɪ ʃ t	s t ɑː r t t	0	0	reg_əd	reg_əd	reg_t
random	t e ɪ k	t ʊ k	t e ɪ k t	b ɹ̩ n	b ɹ̩ n d	b ɹ̩ n d	t e ɪ k d	0	0	vowel_change	reg_t	reg_d
random	h e ɪ t	h e ɪ t ə d	h e ɪ t ə d	l a ɪ v	l a ɪ v d	l a ɪ v d	h e ɪ t d	0	0	reg_əd	reg_əd	reg_d
random	r a ɪ t	r o ʊ t	r o ʊ t ə d	b ɪ l e ɪ b ɹ̩	b ɪ l e ɪ b ɹ̩ d	b ɪ l e ɪ b ɹ̩ d	r a ɪ t d	0	0	vowel_change	other	reg_d
random	f ɪ t	f ɪ t	f ɪ t ə d	b ɑː r	b ɑː r d	b ɑː r d	f ɪ t d	0	0	no_change	reg_əd	reg_d
random	d a ɪ n	d a ɪ n d	d a ɪ n d	v iː r	v iː r d	v iː r d	d a ɪ n d	1	1	reg_d	reg_d	reg_d
random	m ɪ s	m ɪ s t	m ɪ s t	r ɑː b	r ɑː b d	r ɑː b d	m ɪ s d	0	0	reg_t	reg_t	reg_d
random	n ɑː k	n ɑː k t	n ɑː k t	r ʌ f	r ʌ f t	r ʌ f t	n ɑː k t	1	1	reg_t	reg_t	reg_t
random	n iː d	n iː d ə d	n iː d ə d	p ɛ n s ə l	p ɛ n s ə l d	p ɛ n s ə l d	n iː d d	0	0	reg_əd	reg_əd	reg_d
random	m uː v	m uː v d	m uː v d	p r ɪ s iː d	p r ɪ s iː d ə d	p r ɪ s iː d ə d	m uː v ə d	0	0	reg_d	reg_d	reg_əd
random	f l ɪ p	f l ɪ p t	f l ɪ p t	m ɔ ɪ s ə n	m ɔ ɪ s ə n d	m ɔ ɪ s ə n d	f l ɪ p d	0	0	reg_t	reg_t	reg_d
random	r ɛ d iː	r ɛ d iː d	r ɛ d iː d	s t e ɪ n	s t e ɪ n d	s t e ɪ n d	r ɛ d iː d	1	1	reg_d	reg_d	reg_d
random	z ɪ p	z ɪ p t	z ɪ p t	w ɪ ŋ	w ɪ ŋ d	w ɪ ŋ d	z ɪ p d	0	0	reg_t	reg_t	reg_d
random	f a ɪ t	f ɔ t	f a ɪ t ə d	p iː k	p iː k t	p iː k t	f a ɪ t t	0	0	vowel_change	reg_əd	reg_t
random	k æ t͡ʃ	k ɔ t	k æ t͡ʃ t	s t r ɛ t͡ʃ	s t r ɛ t͡ʃ t	s t r ɛ t͡ʃ t	k æ t͡ʃ t	1	0	rhyme_replaced	reg_t	reg_t
random	f l o ʊ t	f l o ʊ t ə d	f l o ʊ t ə d	k o ʊ m	k o ʊ m d	k o ʊ m d	f l o ʊ t d	0	0	reg_əd	reg_əd	reg_d
random	w ɪ ʃ	w ɪ ʃ t	w ɪ ʃ t	ə w e ɪ t	ə w e ɪ t ə d	ə w e ɪ t ə d	w ɪ ʃ ə d	0	0	reg_t	reg_t	reg_əd
random	ʃ e ɪ k	ʃ ʊ k	ʃ e ɪ k t	ɪ n d ə k e ɪ t	ɪ n d ə k e ɪ t ə d	ɪ n d ə k e ɪ t ə d	ʃ e ɪ k ə d	0	0	vowel_change	reg_t	reg_əd
random	k ɪ k	k ɪ k t	k ɪ k t	f iː d	f ɛ d	f ɛ d	NA	0	0	reg_t	reg_t	vowel_change
random	t͡ʃ e ɪ n d͡ʒ	t͡ʃ e ɪ n d͡ʒ d	t͡ʃ e ɪ n d͡ʒ d	k w ɪ t	k w ɪ t	k w ɪ t	t͡ʃ e ɪ n d͡ʒ	0	0	reg_d	reg_d	no_change
random	θ r o ʊ	θ r uː	θ r o ʊ d	s ɛ p ɹ̩ e ɪ t	s ɛ p ɹ̩ e ɪ t ə d	s ɛ p ɹ̩ e ɪ t ə d	θ r o ʊ ə d	0	0	vowel_change	reg_d	reg_əd
random	b æ k	b æ k t	b æ k t	r æ t ə l	r æ t ə l d	r æ t ə l d	b æ k d	0	0	reg_t	reg_t	reg_d
random	f l æ ʃ	f l æ ʃ t	f l æ ʃ t	s ɹ̩ k ə l	s ɹ̩ k ə l d	s ɹ̩ k ə l d	f l æ ʃ d	0	0	reg_t	reg_t	reg_d
random	ɡ r o ʊ	ɡ r uː	ɡ r o ʊ d	æ s k	æ s k t	æ s k t	ɡ r o ʊ t	0	0	vowel_change	reg_d	reg_t
random	s m a ɪ l	s m a ɪ l d	s m a ɪ l d	k e ɪ k	k e ɪ k t	k e ɪ k t	s m a ɪ l t	0	0	reg_d	reg_d	reg_t
random	s t ɑː p	s t ɑː p t	s t ɑː p t	ʃ ɑː p	ʃ ɑː p t	ʃ ɑː p t	s t ɑː p t	1	1	reg_t	reg_t	reg_t
random	s t ɹ̩	s t ɹ̩ d	s t ɹ̩ d	p æ d ə l	p æ d ə l d	p æ d ə l d	s t ɹ̩ d	1	1	reg_d	reg_d	reg_d
random	t͡ʃ uː	t͡ʃ uː d	t͡ʃ o ʊ t͡ʃ t	w a ɪ ɹ̩	w a ɪ ɹ̩ d	w a ɪ ɹ̩ d	t͡ʃ uː d	0	1	reg_d	rhyme_replaced	reg_d
random	d r ɛ s	d r ɛ s t	d r ɛ s t	b ɪ f ɔ l	b ɪ f ɛ l	b ɪ f ɛ l	NA	0	0	reg_t	reg_t	vowel_change
random	ə n d ɹ̩ s t æ n d	ə n d ɹ̩ s t ʊ d	ə n d ɹ̩ s t æ n d	s w ɹ̩ l	s w ɹ̩ l d	s w ɹ̩ l d	ə n d ɹ̩ s t æ n d d	0	0	rhyme_replaced	no_change	reg_d
random	t͡ʃ e ɪ s	t͡ʃ e ɪ s t	t͡ʃ e ɪ s t	t ɑː l ɹ̩ e ɪ t	t ɑː l ɹ̩ e ɪ t ə d	t ɑː l ɹ̩ e ɪ t ə d	t͡ʃ e ɪ s ə d	0	0	reg_t	reg_t	reg_əd
random	h ʌ ɡ	h ʌ ɡ d	h ʌ ɡ d	d ɛ k ɹ̩ e ɪ t	d ɛ k ɹ̩ e ɪ t ə d	d ɛ k ɹ̩ e ɪ t ə d	h ʌ ɡ ə d	0	0	reg_d	reg_d	reg_əd
random	h ɪ t	h ɪ t	h ɪ t	d͡ʒ o ʊ k	d͡ʒ o ʊ k t	d͡ʒ o ʊ k t	h ɪ t t	0	0	no_change	no_change	reg_t
random	h æ m ɹ̩	h æ m ɹ̩ d	h æ m ɹ̩ d	l ɪ k	l ɪ k t	l ɪ k t	h æ m ɹ̩ t	0	0	reg_d	reg_d	reg_t
random	w a ɪ n d	w a ɪ n d ə d	w a ʊ n d	t͡ʃ ɛ k	t͡ʃ ɛ k t	t͡ʃ ɛ k t	w a ɪ n d t	0	0	reg_əd	vowel_change	reg_t
random	k ə n s t r ʌ k t	k ə n s t r ʌ k t ə d	k ə n s t r ʌ k t ə d	n ʌ m b ɹ̩	n ʌ m b ɹ̩ d	n ʌ m b ɹ̩ d	k ə n s t r ʌ k t d	0	0	reg_əd	reg_əd	reg_d
random	m iː t	m ɛ t	m iː t ə d	d a ʊ n l o ʊ d	d a ʊ n l o ʊ d ə d	d a ʊ n l o ʊ d ə d	m iː t ə d	1	0	vowel_change	reg_əd	reg_əd
random	s w ɪ ʃ	s w ɪ ʃ t	s w ɪ ʃ t	b ə l uː n	b ə l uː n d	b ə l uː n d	s w ɪ ʃ d	0	0	reg_t	reg_t	reg_d
random	s k w iː z	s k w iː z d	s k w iː z d	p ɹ̩ f ɛ k t	p ɹ̩ f ɛ k t ə d	p ɹ̩ f ɛ k t ə d	s k w iː z ə d	0	0	reg_d	reg_d	reg_əd
random	t͡ʃ ʌ ɡ	t͡ʃ ʌ ɡ d	t͡ʃ ʌ ɡ d	d ɪ t ɛ k t	d ɪ t ɛ k t ə d	d ɪ t ɛ k t ə d	t͡ʃ ʌ ɡ ə d	0	0	reg_d	reg_d	reg_əd
random	b r æ n t͡ʃ	b r æ n t͡ʃ t	b r æ n t͡ʃ t	s ɹ̩ k ə l	s ɹ̩ k ə l d	s ɹ̩ k ə l d	b r æ n t͡ʃ d	0	0	reg_t	reg_t	reg_d
random	n o ʊ t ɪ s	n o ʊ t ɪ s t	n o ʊ t ɪ s t	k ɑː m	k ɑː m d	k ɑː m d	n o ʊ t ɪ s d	0	0	reg_t	reg_t	reg_d
random	b e ɪ k	b e ɪ k t	b e ɪ k t	d r e ɪ p	d r e ɪ p t	d r e ɪ p t	b e ɪ k t	1	1	reg_t	reg_t	reg_t
random	s n æ p	s n æ p t	s n æ p t	t r ʌ m p	t r ʌ m p t	t r ʌ m p t	s n æ p t	1	1	reg_t	reg_t	reg_t
random	s w ɪ m	s w æ m	s w ɪ m d	r iː s t r e ɪ n	r iː s t r e ɪ n d	r iː s t r e ɪ n d	s w ɪ m d	1	0	vowel_change	reg_d	reg_d
random	ʃ ʌ t ə l	ʃ ʌ t ə l d	ʃ ʌ t ə l d	s p l ɪ t	s p l ɪ t	s p l ɪ t	ʃ ʌ t ə l	0	0	reg_d	reg_d	no_change
random	ə p r iː ʃ iː e ɪ t	ə p r iː ʃ iː e ɪ t ə d	ə p r iː ʃ iː e ɪ t ə d	r iː z ə n	r iː z ə n d	r iː z ə n d	ə p r iː ʃ iː e ɪ t d	0	0	reg_əd	reg_əd	reg_d
random	s m uː ð	s m uː ð d	s m uː ð d	s k ʌ f	s k ʌ f t	s k ʌ f t	s m uː ð t	0	0	reg_d	reg_d	reg_t
random	s t ɛ r	s t ɛ r d	s t ɛ r d	s w iː p	s w ɛ p t	s w ɛ p t	NA	0	0	reg_d	reg_d	vowel_change_suffix
random	k ɑː s t uː m	k ɑː s t uː m d	k ɑː s t uː m d	k ɔ r ə l e ɪ t	k ɔ r ə l e ɪ t ə d	k ɔ r ə l e ɪ t ə d	k ɑː s t uː m ə d	0	0	reg_d	reg_d	reg_əd
random	ɡ uː f	ɡ uː f t	ɡ uː f t	l ɔ n t͡ʃ	l ɔ n t͡ʃ t	l ɔ n t͡ʃ t	ɡ uː f t	1	1	reg_t	reg_t	reg_t
random	d r a ʊ n	d r a ʊ n d	d r a ʊ n d	k æ n s ə l	k æ n s ə l d	k æ n s ə l d	d r a ʊ n d	1	1	reg_d	reg_d	reg_d
random	n ɹ̩ s	n ɹ̩ s t	n ɹ̩ s t	b ʌ t ə n	b ʌ t ə n d	b ʌ t ə n d	n ɹ̩ s d	0	0	reg_t	reg_t	reg_d
random	k r a ɪ	k r a ɪ d	k r a ɪ d	ɛ s k ɔ r t	ɛ s k ɔ r t ə d	ɛ s k ɔ r t ə d	k r a ɪ ə d	0	0	reg_d	reg_d	reg_əd
random	iː v ɪ n	iː v ɪ n d	iː v ɪ n d	m ɛ ʒ ɹ̩	m ɛ ʒ ɹ̩ d	m ɛ ʒ ɹ̩ d	iː v ɪ n d	1	1	reg_d	reg_d	reg_d
random	m a ɪ n	m a ɪ n d	m a ɪ n d	ə d͡ʒ ʌ s t	ə d͡ʒ ʌ s t ə d	ə d͡ʒ ʌ s t ə d	m a ɪ n ə d	0	0	reg_d	reg_d	reg_əd
random	b ɪ ɡ ɪ n	b ɪ ɡ æ n	b ɪ ɡ e ɪ n	ɡ l æ n s	ɡ l æ n s t	ɡ l æ n s t	b ɪ ɡ ɪ n t	0	0	vowel_change	vowel_change	reg_t
random	s p æ ŋ k	s p æ ŋ k t	s p æ ŋ k t	k l æ s ə f a ɪ	k l æ s ə f a ɪ d	k l æ s ə f a ɪ d	s p æ ŋ k d	0	0	reg_t	reg_t	reg_d
random	t͡ʃ ɪ p	t͡ʃ ɪ p t	t͡ʃ ɪ p t	ɡ a ʊ d͡ʒ	ɡ a ʊ d͡ʒ d	ɡ a ʊ d͡ʒ d	t͡ʃ ɪ p d	0	0	reg_t	reg_t	reg_d
random	s p iː k	s p o ʊ k	s p ɛ k t	k r æ ʃ	k r æ ʃ t	k r æ ʃ t	s p iː k t	0	0	vowel_change	vowel_change_suffix	reg_t
random	s w ɪ t͡ʃ	s w ɪ t͡ʃ t	s w ɪ t͡ʃ t	d r iː m	d r iː m d	d r iː m d	s w ɪ t͡ʃ d	0	0	reg_t	reg_t	reg_d
random	f a ɪ ɹ̩	f a ɪ ɹ̩ d	f a ɪ ɹ̩ d	k w ɪ l t	k w ɪ l t ə d	k w ɪ l t ə d	f a ɪ ɹ̩ ə d	0	0	reg_d	reg_d	reg_əd
random	b ɪ l	b ɪ l d	b ɪ l d	s t æ b	s t æ b d	s t æ b d	b ɪ l d	1	1	reg_d	reg_d	reg_d
random	r iː m a ɪ n d	r iː m a ɪ n d ə d	r iː m a ʊ n d ə d	ɡ r a ʊ n d	ɡ r a ʊ n d ə d	ɡ r a ʊ n d ə d	r iː m a ɪ n d ə d	0	1	reg_əd	other	reg_əd
random	s iː d	s iː d ə d	s iː d ə d	ɡ r æ b	ɡ r æ b d	ɡ r æ b d	s iː d d	0	0	reg_əd	reg_əd	reg_d
random	w e ɪ v	w e ɪ v d	w e ɪ v d	h ɹ̩ t	h ɹ̩ t	h ɹ̩ t	w e ɪ v	0	0	reg_d	reg_d	no_change
random	b l uː m	b l uː m d	b l uː m d	r ɪ ŋ k ə l	r ɪ ŋ k ə l d	r ɪ ŋ k ə l d	b l uː m d	1	1	reg_d	reg_d	reg_d
random	s t ɪ ŋ	s t ʌ ŋ	s t ɪ ŋ	k ə n k l uː d	k ə n k l uː d ə d	k ə n k l uː d ə d	s t ɪ ŋ ə d	0	0	vowel_change	no_change	reg_əd
random	ə r a ɪ v	ə r a ɪ v d	ə r a ɪ v d	ə d r ɛ s	ə d r ɛ s t	ə d r ɛ s t	ə r a ɪ v t	0	0	reg_d	reg_d	reg_t
random	b l ɛ s	b l ɛ s t	b l ɛ s t	k ɑː k	k ɑː k t	k ɑː k t	b l ɛ s t	1	1	reg_t	reg_t	reg_t
random	ə r ɛ s t	ə r ɛ s t ə d	ə r ɛ s t ə d	w e ɪ	w e ɪ d	w e ɪ d	ə r ɛ s t d	0	0	reg_əd	reg_əd	reg_d
random	s p ɪ n	s p ʌ n	s p ɪ n d	b æ t ɹ̩	b æ t ɹ̩ d	b æ t ɹ̩ d	s p ɪ n d	1	0	vowel_change	reg_d	reg_d
random	k ə m p iː t	k ə m p iː t ə d	k ə m p iː t ə d	p iː k	p iː k t	p iː k t	k ə m p iː t t	0	0	reg_əd	reg_əd	reg_t
random	t r e ɪ n	t r e ɪ n d	t r e ɪ n d	p ɑː r k	p ɑː r k t	p ɑː r k t	t r e ɪ n t	0	0	reg_d	reg_d	reg_t
random	p æ s	p æ s t	p æ s t	ɪ k s a ɪ t	ɪ k s a ɪ t ə d	ɪ k s a ɪ t ə d	p æ s ə d	0	0	reg_t	reg_t	reg_əd
random	s ɪ ŋ k	s æ ŋ k	s ɪ ŋ k t	w a ɪ ɹ̩	w a ɪ ɹ̩ d	w a ɪ ɹ̩ d	s ɪ ŋ k d	0	0	vowel_change	reg_t	reg_d
random	l uː p	l uː p t	l uː p t	t ɪ ŋ k ə l	t ɪ ŋ k ə l d	t ɪ ŋ k ə l d	l uː p d	0	0	reg_t	reg_t	reg_d
random	s ə l ɛ k t	s ə l ɛ k t ə d	s ə l ɛ k t ə d	f o ʊ n	f o ʊ n d	f o ʊ n d	s ə l ɛ k t d	0	0	reg_əd	reg_əd	reg_d
random	r ɪ ŋ	r æ ŋ	r ɪ ŋ	h iː r	h iː r d	h ɹ̩ d	r ɪ ŋ d	0	0	vowel_change	no_change	reg_d
random	m e ɪ l	m e ɪ l d	m e ɪ l d	w ɹ̩ k	w ɹ̩ k t	w ɹ̩ k t	m e ɪ l t	0	0	reg_d	reg_d	reg_t
random	p æ t	p æ t ə d	p æ t ə d	ʃ ʌ v ə l	ʃ ʌ v ə l d	ʃ ʌ v ə l d	p æ t d	0	0	reg_əd	reg_əd	reg_d
random	k ɪ d	k ɪ d ə d	k ɪ d	d ɪ s k r a ɪ b	d ɪ s k r a ɪ b d	d ɪ s k r a ɪ b d	k ɪ d d	0	0	reg_əd	no_change	reg_d
random	p ɑː r d ə n	p ɑː r d ə n d	p ɑː r d ə n d	v iː r	v iː r d	v iː r d	p ɑː r d ə n d	1	1	reg_d	reg_d	reg_d
random	s t iː r	s t iː r d	s t iː r d	k r æ k ə l	k r æ k ə l d	k r æ k ə l d	s t iː r d	1	1	reg_d	reg_d	reg_d
random	f o ʊ l d	f o ʊ l d ə d	f o ʊ l d ə d	ɔ r ɡ ə n a ɪ z	ɔ r ɡ ə n a ɪ z d	ɔ r ɡ ə n a ɪ z d	f o ʊ l d d	0	0	reg_əd	reg_əd	reg_d
random	s n iː k	s n iː k t	s n iː k t	b uː t	b uː t ə d	b uː t ə d	s n iː k ə d	0	0	reg_t	reg_t	reg_əd
random	b e ɪ l	b e ɪ l d	b e ɪ l d	t͡ʃ ɛ k	t͡ʃ ɛ k t	t͡ʃ ɛ k t	b e ɪ l t	0	0	reg_d	reg_d	reg_t
random	b ɛ t ɹ̩	b ɛ t ɹ̩ d	b ɛ t ɹ̩ d	d ɪ s t r ɔ ɪ	d ɪ s t r ɔ ɪ d	d ɪ s t r ɔ ɪ d	b ɛ t ɹ̩ d	1	1	reg_d	reg_d	reg_d
random	ɡ ɑː r b ə l	ɡ ɑː r b ə l d	ɡ ɑː r b ə l d	b ɪ l d	b ɪ l t	b ɪ l t	NA	0	0	reg_d	reg_d	coda_change
random	s k w ɹ̩ t	s k w ɹ̩ t ə d	s k w ɹ̩ t ə d	r ɪ t e ɪ n	r ɪ t e ɪ n d	r ɪ t e ɪ n d	s k w ɹ̩ t d	0	0	reg_əd	reg_əd	reg_d
random	b ɑː k s	b ɑː k s t	b ɑː k s t	h ɹ̩ iː	h ɹ̩ iː d	h ɹ̩ iː d	b ɑː k s d	0	0	reg_t	reg_t	reg_d
random	s iː l	s iː l d	s iː l d	k ə l æ p s	k ə l æ p s t	k ə l æ p s t	s iː l t	0	0	reg_d	reg_d	reg_t
random	s p r ɛ d	s p r ɛ d	s p r ɛ d ə d	r ɪ m ɛ m b ɹ̩	r ɪ m ɛ m b ɹ̩ d	r ɪ m ɛ m b ɹ̩ d	s p r ɛ d d	0	0	no_change	reg_əd	reg_d
random	p r ɑː m ə s	p r ɑː m ə s t	p r ɑː m ə s t	r ɛ k ə m ɛ n d	r ɛ k ə m ɛ n d ə d	r ɛ k ə m ɛ n d ə d	p r ɑː m ə s ə d	0	0	reg_t	reg_t	reg_əd
random	b iː t	b iː t	b iː t ə d	t w a ɪ n	t w a ɪ n d	t w a ɪ n d	b iː t d	0	0	no_change	reg_əd	reg_d
random	h ɪ p n ə t a ɪ z	h ɪ p n ə t a ɪ z d	h ɪ p n ə t a ɪ z d	ə n l ɑː k	ə n l ɑː k t	ə n l ɑː k t	h ɪ p n ə t a ɪ z t	0	0	reg_d	reg_d	reg_t
random	s l æ p	s l æ p t	s l æ p t	r ɪ z ɛ m b ə l	r ɪ z ɛ m b ə l d	r ɪ z ɛ m b ə l d	s l æ p d	0	0	reg_t	reg_t	reg_d
random	b ɛ s t	b ɛ s t ə d	b ɛ s t ə d	w æ ɡ	w æ ɡ d	w æ ɡ d	b ɛ s t d	0	0	reg_əd	reg_əd	reg_d
random	s t æ ɡ ɹ̩	s t æ ɡ ɹ̩ d	s t æ ɡ ɹ̩ d	ʃ ɑː r p ə n	ʃ ɑː r p ə n d	ʃ ɑː r p ə n d	s t æ ɡ ɹ̩ d	1	1	reg_d	reg_d	reg_d
random	z æ p	z æ p t	z æ p t	s t r æ p	s t r æ p t	s t r æ p t	z æ p t	1	1	reg_t	reg_t	reg_t
random	ə p s ɛ t	ə p s ɛ t	ə p s ɛ t	ə n d r ɛ s	ə n d r ɛ s t	ə n d r ɛ s t	ə p s ɛ t t	0	0	no_change	no_change	reg_t
random	r ɛ s t	r ɛ s t ə d	r ɛ s t ə d	b ʌ z	b ʌ z d	b ʌ z d	r ɛ s t d	0	0	reg_əd	reg_əd	reg_d
random	s p l æ ʃ	s p l æ ʃ t	s p l æ ʃ t	d a ɪ	d a ɪ d	d a ɪ d	s p l æ ʃ d	0	0	reg_t	reg_t	reg_d
random	l a ɪ n	l a ɪ n d	l a ɪ n d	ʃ ʌ v ə l	ʃ ʌ v ə l d	ʃ ʌ v ə l d	l a ɪ n d	1	1	reg_d	reg_d	reg_d
random	ə n d uː	ə n d ɪ d	ə n d uː d	b ɔ l	b ɔ l d	b ɔ l d	ə n d uː d	1	0	vowel_change_suffix	reg_d	reg_d
random	p ɛ n	p ɛ n d	p ɛ n d	ʃ ɔ r t ə n	ʃ ɔ r t ə n d	ʃ ɔ r t ə n d	p ɛ n d	1	1	reg_d	reg_d	reg_d
random	ɛ d ə t	ɛ d ə t ə d	ɛ d ə t ə d	r iː s k ɛ d͡ʒ uː l	r iː s k ɛ d͡ʒ uː l d	r iː s k ɛ d͡ʒ uː l d	ɛ d ə t d	0	0	reg_əd	reg_əd	reg_d
random	ɪ k s p l ɔ r	ɪ k s p l ɔ r d	ɪ k s p l ɔ r d	t r ʌ m p	t r ʌ m p t	t r ʌ m p t	ɪ k s p l ɔ r t	0	0	reg_d	reg_d	reg_t
random	ə s uː m	ə s uː m d	ə s uː m d	m ɪ n s	m ɪ n s t	m ɪ n s t	ə s uː m t	0	0	reg_d	reg_d	reg_t
random	s p r e ɪ	s p r e ɪ d	s p r e ɪ d	s k ɛ r	s k ɛ r d	s k ɛ r d	s p r e ɪ d	1	1	reg_d	reg_d	reg_d
random	l o ʊ ɹ̩	l o ʊ ɹ̩ d	l o ʊ ɹ̩ d	d r e ɪ p	d r e ɪ p t	d r e ɪ p t	l o ʊ ɹ̩ t	0	0	reg_d	reg_d	reg_t
random	d æ m	d æ m d	d æ m d	b ɑː t ə l	b ɑː t ə l d	b ɑː t ə l d	d æ m d	1	1	reg_d	reg_d	reg_d
random	r ʌ ʃ	r ʌ ʃ t	r æ ʃ t	f ɛ ð ɹ̩	f ɛ ð ɹ̩ d	f ɛ ð ɹ̩ d	r ʌ ʃ d	0	0	reg_t	vowel_change_suffix	reg_d
random	p l ʌ ɡ	p l ʌ ɡ d	p l ʌ ɡ d	æ ɡ r ə v e ɪ t	æ ɡ r ə v e ɪ t ə d	æ ɡ r ə v e ɪ t ə d	p l ʌ ɡ ə d	0	0	reg_d	reg_d	reg_əd
random	ə d m ɪ t	ə d m ɪ t ə d	ə d m ɪ t ə d	s ɹ̩ k ə l	s ɹ̩ k ə l d	s ɹ̩ k ə l d	ə d m ɪ t d	0	0	reg_əd	reg_əd	reg_d
random	ə n t a ɪ	ə n t a ɪ d	ə n t a ɪ d	b æ n d iː	b æ n d iː d	b æ n d iː d	ə n t a ɪ d	1	1	reg_d	reg_d	reg_d
random	b ʌ k ə l	b ʌ k ə l d	b ʌ k ə l d	p ɹ̩ f ɛ k t	p ɹ̩ f ɛ k t ə d	p ɹ̩ f ɛ k t ə d	b ʌ k ə l ə d	0	0	reg_d	reg_d	reg_əd
random	s w uː ʃ	s w uː ʃ t	s w uː ʃ t	p r o ʊ ɡ r æ m	p r o ʊ ɡ r æ m d	p r o ʊ ɡ r æ m d	s w uː ʃ d	0	0	reg_t	reg_t	reg_d
random	ə r a ɪ z	ə r o ʊ z	ə r a ɪ z d	h ɑː r m	h ɑː r m d	h ɑː r m d	ə r a ɪ z d	1	0	vowel_change	reg_d	reg_d
random	s o ʊ k	s o ʊ k t	s o ʊ k t	ɑː p ɹ̩ e ɪ t	ɑː p ɹ̩ e ɪ t ə d	ɑː p ɹ̩ e ɪ t ə d	s o ʊ k ə d	0	0	reg_t	reg_t	reg_əd
random	t r æ p	t r æ p t	t r æ p t	s p r a ʊ t	s p r a ʊ t ə d	s p r a ʊ t ə d	t r æ p ə d	0	0	reg_t	reg_t	reg_əd
random	p a ɪ l	p a ɪ l d	p a ɪ l d	d r ɑː p	d r ɑː p t	d r ɑː p t	p a ɪ l t	0	0	reg_d	reg_d	reg_t
random	ɪ k s p l o ʊ d	ɪ k s p l o ʊ d ə d	ɪ k s p l o ʊ d ə d	t ɪ ŋ k ə l	t ɪ ŋ k ə l d	t ɪ ŋ k ə l d	ɪ k s p l o ʊ d d	0	0	reg_əd	reg_əd	reg_d
random	b ɔ ɪ l	b ɔ ɪ l d	b ɔ ɪ l d	p æ t ɹ̩ n	p æ t ɹ̩ n d	p æ t ɹ̩ n d	b ɔ ɪ l d	1	1	reg_d	reg_d	reg_d
random	k ə n s ɪ d ɹ̩	k ə n s ɪ d ɹ̩ d	k ə n s ɪ d ɹ̩ d	p a ʊ n d	p a ʊ n d ə d	p a ʊ n d ə d	k ə n s ɪ d ɹ̩ ə d	0	0	reg_d	reg_d	reg_əd
random	s k a ʊ l	s k a ʊ l d	s k a ʊ l d	p ɑː r k	p ɑː r k t	p ɑː r k t	s k a ʊ l t	0	0	reg_d	reg_d	reg_t
random	ɪ ɡ z ɔ s t	ɪ ɡ z ɔ s t ə d	ɪ ɡ z ɔ s t ə d	b ɔ l	b ɔ l d	b ɔ l d	ɪ ɡ z ɔ s t d	0	0	reg_əd	reg_əd	reg_d
random	s uː p ɹ̩ v a ɪ z	s uː p ɹ̩ v a ɪ z d	s uː p ɹ̩ v a ɪ z d	k l ɑː z ə t	k l ɑː z ə t ə d	k l ɑː z ə t ə d	s uː p ɹ̩ v a ɪ z ə d	0	0	reg_d	reg_d	reg_əd
random	d æ ŋ ɡ ə l	d æ ŋ ɡ ə l d	d æ ŋ ɡ ə l d	f iː l	f ɛ l t	f ɛ l t	NA	0	0	reg_d	reg_d	vowel_change_suffix
random	d͡ʒ ɪ m iː	d͡ʒ ɪ m iː d	d͡ʒ ɪ m iː d	b ɑː t ə m	b ɑː t ə m d	b ɑː t ə m d	d͡ʒ ɪ m iː d	1	1	reg_d	reg_d	reg_d
random	t r ʌ b ə l	t r ʌ b ə l d	t r ʌ b ə l d	s iː z ə n	s iː z ə n d	s iː z ə n d	t r ʌ b ə l d	1	1	reg_d	reg_d	reg_d
random	p e ɪ d͡ʒ	p e ɪ d͡ʒ d	p e ɪ d͡ʒ d	d ɪ ʃ	d ɪ ʃ t	d ɪ ʃ t	p e ɪ d͡ʒ t	0	0	reg_d	reg_d	reg_t
random	t a ʊ ɹ̩	t a ʊ ɹ̩ d	t a ʊ ɹ̩ d	d ɪ ʃ	d ɪ ʃ t	d ɪ ʃ t	t a ʊ ɹ̩ t	0	0	reg_d	reg_d	reg_t
random	f ɛ n s	f ɛ n s t	f ɛ n s t	k r æ k ə l	k r æ k ə l d	k r æ k ə l d	f ɛ n s d	0	0	reg_t	reg_t	reg_d
random	d ɛ r	d ɛ r d	d ɛ r d	n ɛ r o ʊ	n ɛ r o ʊ d	n ɛ r o ʊ d	d ɛ r d	1	1	reg_d	reg_d	reg_d
random	b l iː d	b l ɛ d	b l ɛ d ə d	b l e ɪ m	b l e ɪ m d	b l e ɪ m d	b l iː d d	0	0	vowel_change	other	reg_d
random	ɛ n t ɹ̩	ɛ n t ɹ̩ d	ɛ n t ɹ̩ d	h ɛ l p	h ɛ l p t	h ɛ l p t	ɛ n t ɹ̩ t	0	0	reg_d	reg_d	reg_t
random	m e ɪ n t e ɪ n	m e ɪ n t e ɪ n d	m e ɪ n t e ɪ n d	w ɑː t͡ʃ	w ɑː t͡ʃ t	w ɑː t͡ʃ t	m e ɪ n t e ɪ n t	0	0	reg_d	reg_d	reg_t
random	f ɛ r	f ɛ r d	f ɛ r d	ə t ɛ n d	ə t ɛ n d ə d	ə t ɛ n d ə d	f ɛ r ə d	0	0	reg_d	reg_d	reg_əd
random	d ɪ p	d ɪ p t	d ɪ p t	f ɔ r m	f ɔ r m d	f ɔ r m d	d ɪ p d	0	0	reg_t	reg_t	reg_d
random	j ɔ n	j ɔ n d	j ɔ n d	f r iː k	f r iː k t	f r iː k t	j ɔ n t	0	0	reg_d	reg_d	reg_t
random	ʃ ʊ ɡ ɹ̩	ʃ ʊ ɡ ɹ̩ d	ʃ ʊ ɡ ɹ̩ d	ə k ɑː m p l ɪ ʃ	ə k ɑː m p l ɪ ʃ t	ə k ɑː m p l ɪ ʃ t	ʃ ʊ ɡ ɹ̩ t	0	0	reg_d	reg_d	reg_t
random	d r ɪ f t	d r ɪ f t ə d	d r æ f t ə d	w ɛ t	w ɛ t	w ɛ t	d r ɪ f t	0	0	reg_əd	other	no_change
random	ɪ n s p a ɪ ɹ̩	ɪ n s p a ɪ ɹ̩ d	ɪ n s p a ɪ ɹ̩ d	m ɔ r n	m ɔ r n d	m ɔ r n d	ɪ n s p a ɪ ɹ̩ d	1	1	reg_d	reg_d	reg_d
random	m ɛ n ʃ ə n	m ɛ n ʃ ə n d	m ɛ n ʃ ə n d	t ɛ n d	t ɛ n d ə d	t ɛ n d ə d	m ɛ n ʃ ə n ə d	0	0	reg_d	reg_d	reg_əd
random	s l ɪ p	s l ɪ p t	s l ɪ p t	l a ɪ	l e ɪ	l e ɪ	NA	0	0	reg_t	reg_t	vowel_change
random	s k ɪ p	s k ɪ p t	s k ɪ p t	t e ɪ b ə l	t e ɪ b ə l d	t e ɪ b ə l d	s k ɪ p d	0	0	reg_t	reg_t	reg_d
random	m ə n ɪ p j ə l e ɪ t	m ə n ɪ p j ə l e ɪ t ə d	m ə n j ə l ə l e ɪ t ə d	ə t ɛ n d	ə t ɛ n d ə d	ə t ɛ n d ə d	m ə n ɪ p j ə l e ɪ t ə d	0	1	reg_əd	other	reg_əd
random	s æ k	s æ k t	s æ k t	ɑː r m	ɑː r m d	ɑː r m d	s æ k d	0	0	reg_t	reg_t	reg_d
random	ɪ n s p ɛ k t	ɪ n s p ɛ k t ə d	ɪ n s p ɛ k t ə d	ɛ m b r ɔ ɪ d ɹ̩	ɛ m b r ɔ ɪ d ɹ̩ d	ɛ m b r ɔ ɪ d ɹ̩ d	ɪ n s p ɛ k t d	0	0	reg_əd	reg_əd	reg_d
random	s æ k r ə f a ɪ s	s æ k r ə f a ɪ s t	s æ k r ə f a ɪ s t	r a ɪ z	r o ʊ z	r o ʊ z	NA	0	0	reg_t	reg_t	vowel_change
random	t æ p	t æ p t	t æ p t	k l ɪ ŋ	k l ʌ ŋ	k l ʌ ŋ	NA	0	0	reg_t	reg_t	vowel_change
random	h ɔ l	h ɔ l d	h ɔ l d	h o ʊ l d	h ɛ l d	h ɛ l d	NA	0	0	reg_d	reg_d	vowel_change
random	s k a ʊ t	s k a ʊ t ə d	s k a ʊ t ə d	ɡ a ʊ d͡ʒ	ɡ a ʊ d͡ʒ d	ɡ a ʊ d͡ʒ d	s k a ʊ t d	0	0	reg_əd	reg_əd	reg_d
random	p ɑː k ə t	p ɑː k ə t ə d	p ɑː k ə t ə d	b e ɪ ð	b e ɪ ð d	b e ɪ ð d	p ɑː k ə t d	0	0	reg_əd	reg_əd	reg_d
random	h a ʊ l	h a ʊ l d	h a ʊ l d	d ɪ s t r ɔ ɪ	d ɪ s t r ɔ ɪ d	d ɪ s t r ɔ ɪ d	h a ʊ l d	1	1	reg_d	reg_d	reg_d
random	d ɔ n	d ɔ n d	d ɔ n d	s ɛ n t ə n s	s ɛ n t ə n s t	s ɛ n t ə n s t	d ɔ n t	0	0	reg_d	reg_d	reg_t
random	t æ ŋ ɡ ə l	t æ ŋ ɡ ə l d	t æ ŋ ɡ ə l d	p ʌ z ə l	p ʌ z ə l d	p ʌ z ə l d	t æ ŋ ɡ ə l d	1	1	reg_d	reg_d	reg_d
random	ɡ a ɪ d	ɡ a ɪ d ə d	ɡ a ɪ d ə d	k e ɪ k	k e ɪ k t	k e ɪ k t	ɡ a ɪ d t	0	0	reg_əd	reg_əd	reg_t
random	θ ʌ n d ɹ̩	θ ʌ n d ɹ̩ d	θ ʌ n d ɹ̩ d	p l æ n	p l æ n d	p l æ n d	θ ʌ n d ɹ̩ d	1	1	reg_d	reg_d	reg_d
random	r a ʊ n d	r a ʊ n d ə d	r a ʊ n d ə d	n o ʊ t	n o ʊ t ə d	n o ʊ t ə d	r a ʊ n d ə d	1	1	reg_əd	reg_əd	reg_əd
random	æ b d ʌ k t	æ b d ʌ k t ə d	æ b ʌ k t ə d	t ʌ ɡ	t ʌ ɡ d	t ʌ ɡ d	æ b d ʌ k t d	0	0	reg_əd	other	reg_d
random	ɡ ʌ m	ɡ ʌ m d	ɡ ʌ m d	h ɹ̩ l	h ɹ̩ l d	h ɹ̩ l d	ɡ ʌ m d	1	1	reg_d	reg_d	reg_d
random	l ɛ k t͡ʃ ɹ̩	l ɛ k t͡ʃ ɹ̩ d	l ɛ k t͡ʃ ɹ̩ d	t r ʌ k	t r ʌ k t	t r ʌ k t	l ɛ k t͡ʃ ɹ̩ t	0	0	reg_d	reg_d	reg_t
random	d r ɪ b ə l	d r ɪ b ə l d	d r ɪ b ə l d	k ə m p l e ɪ n	k ə m p l e ɪ n d	k ə m p l e ɪ n d	d r ɪ b ə l d	1	1	reg_d	reg_d	reg_d
random	d ʌ s t	d ʌ s t ə d	d ʌ s t ə d	p ɔ ɪ z ə n	p ɔ ɪ z ə n d	p ɔ ɪ z ə n d	d ʌ s t d	0	0	reg_əd	reg_əd	reg_d
random	d͡ʒ æ m	d͡ʒ æ m d	d͡ʒ æ m d	s e ɪ l	s e ɪ l d	s e ɪ l d	d͡ʒ æ m d	1	1	reg_d	reg_d	reg_d
random	t͡ʃ æ n ə l	t͡ʃ æ n ə l d	t͡ʃ æ n ə l d	b r e ɪ d	b r e ɪ d ə d	b r e ɪ d ə d	t͡ʃ æ n ə l ə d	0	0	reg_d	reg_d	reg_əd
random	d r e ɪ n	d r e ɪ n d	d r e ɪ n d	f r e ɪ m	f r e ɪ m d	f r e ɪ m d	d r e ɪ n d	1	1	reg_d	reg_d	reg_d
random	w uː n d	w uː n d ə d	w uː n d ə d	k l æ p	k l æ p t	k l æ p t	w uː n d t	0	0	reg_əd	reg_əd	reg_t
random	t e ɪ l	t e ɪ l d	t e ɪ l d	t iː	t iː d	t iː d	t e ɪ l d	1	1	reg_d	reg_d	reg_d
random	s l o ʊ	s l o ʊ d	s l o ʊ d	k æ n s ə l	k æ n s ə l d	k æ n s ə l d	s l o ʊ d	1	1	reg_d	reg_d	reg_d
random	s t ɪ ŋ k	s t ʌ ŋ k	s t ɪ ŋ k t	ɡ r e ɪ s	ɡ r e ɪ s t	ɡ r e ɪ s t	s t ɪ ŋ k t	1	0	vowel_change	reg_t	reg_t
random	f iː l d	f iː l d ə d	f iː l d ə d	ɪ n t ɛ n d	ɪ n t ɛ n d ə d	ɪ n t ɛ n d ə d	f iː l d ə d	1	1	reg_əd	reg_əd	reg_əd
random	s p a ɪ	s p a ɪ d	s p a ɪ d	s t uː	s t uː d	s t uː d	s p a ɪ d	1	1	reg_d	reg_d	reg_d
random	s ɪ ɡ n ə l	s ɪ ɡ n ə l d	s ɪ ɡ n ə l d	s m o ʊ k	s m o ʊ k t	s m o ʊ k t	s ɪ ɡ n ə l t	0	0	reg_d	reg_d	reg_t
random	ɛ n k ɹ̩ ɪ d͡ʒ	ɛ n k ɹ̩ ɪ d͡ʒ d	ɛ n k ɹ̩ ɪ d͡ʒ d	r e ɪ s	r e ɪ s t	r e ɪ s t	ɛ n k ɹ̩ ɪ d͡ʒ t	0	0	reg_d	reg_d	reg_t
random	s æ n ɪ t a ɪ z	s æ n ɪ t a ɪ z d	s æ n ɪ t a ɪ z d	f l a ʊ ɹ̩	f l a ʊ ɹ̩ d	f l a ʊ ɹ̩ d	s æ n ɪ t a ɪ z d	1	1	reg_d	reg_d	reg_d
random	f r a ɪ t ə n	f r a ɪ t ə n d	f r a ɪ t ə n d	t iː z	t iː z d	t iː z d	f r a ɪ t ə n d	1	1	reg_d	reg_d	reg_d
random	o ʊ v ɹ̩ k ə m	o ʊ v ɹ̩ k e ɪ m	o ʊ v ɹ̩ k ə m d	r iː p l e ɪ	r iː p l e ɪ d	r iː p l e ɪ d	o ʊ v ɹ̩ k ə m d	1	0	vowel_change	reg_d	reg_d
random	p ɛ p ɹ̩	p ɛ p ɹ̩ d	p ɛ p ɹ̩ d	t r e ɪ d	t r e ɪ d ə d	t r e ɪ d ə d	p ɛ p ɹ̩ ə d	0	0	reg_d	reg_d	reg_əd
random	b ʌ d͡ʒ	b ʌ d͡ʒ d	b ʌ d͡ʒ d	s t ʌ n t	s t ʌ n t ə d	s t ʌ n t ə d	b ʌ d͡ʒ ə d	0	0	reg_d	reg_d	reg_əd
random	ɡ l ɛ r	ɡ l ɛ r d	ɡ l ɛ r d	k l ɔ	k l ɔ d	k l ɔ d	ɡ l ɛ r d	1	1	reg_d	reg_d	reg_d
random	ə f ɔ r d	ə f ɔ r d ə d	ə f ɔ r d ə d	r ɪ v ə t	r ɪ v ə t ə d	r ɪ v ə t ə d	ə f ɔ r d ə d	1	1	reg_əd	reg_əd	reg_əd
random	s k o ʊ l d	s k o ʊ l d ə d	s k o ʊ l d ə d	ɡ l e ɪ z	ɡ l e ɪ z d	ɡ l e ɪ z d	s k o ʊ l d d	0	0	reg_əd	reg_əd	reg_d
random	s ɛ n s	s ɛ n s t	s ɛ n s t	ɛ r	ɛ r d	ɛ r d	s ɛ n s d	0	0	reg_t	reg_t	reg_d
random	ɛ m f ə s a ɪ z	ɛ m f ə s a ɪ z d	ɛ m f ə s a ɪ z d	h a ɪ d	h a ɪ d ə d	h ɪ d	ɛ m f ə s a ɪ z ə d	0	0	reg_d	reg_d	reg_əd
random	l e ɪ b ə l	l e ɪ b ə l d	l e ɪ b ə l d	z iː r o ʊ	z iː r o ʊ d	z iː r o ʊ d	l e ɪ b ə l d	1	1	reg_d	reg_d	reg_d
random	b a ʊ	b a ʊ d	b ɔ t	r ɛ n t͡ʃ	r ɛ n t͡ʃ t	r ɛ n t͡ʃ t	b a ʊ t	0	0	reg_d	vowel_change_suffix	reg_t
random	b ʌ n t͡ʃ	b ʌ n t͡ʃ t	b ʌ n t͡ʃ t	k ɑː m	k ɑː m d	k ɑː m d	b ʌ n t͡ʃ d	0	0	reg_t	reg_t	reg_d
random	t ɛ r ə r a ɪ z	t ɛ r ə r a ɪ z d	t ɛ r ə r a ɪ z d	ə n l ɑː k	ə n l ɑː k t	ə n l ɑː k t	t ɛ r ə r a ɪ z t	0	0	reg_d	reg_d	reg_t
random	ɡ r æ v ə t e ɪ t	ɡ r æ v ə t e ɪ t ə d	ɡ r æ v ə t e ɪ t ə d	e ɪ d͡ʒ	e ɪ d͡ʒ d	e ɪ d͡ʒ d	ɡ r æ v ə t e ɪ t d	0	0	reg_əd	reg_əd	reg_d
random	b l æ s t	b l æ s t ə d	b l æ s t ə d	b ɑː t ə l	b ɑː t ə l d	b ɑː t ə l d	b l æ s t d	0	0	reg_əd	reg_əd	reg_d
random	ɪ n ɪ ʃ ə l	ɪ n ɪ ʃ ə l d	ɪ n ɪ ʃ ə l d	iː k w ə l	iː k w ə l d	iː k w ə l d	ɪ n ɪ ʃ ə l d	1	1	reg_d	reg_d	reg_d
random	s w ɑː p	s w ɑː p t	s w ɑː p t	t r æ v ə l	t r æ v ə l d	t r æ v ə l d	s w ɑː p d	0	0	reg_t	reg_t	reg_d
random	æ d m a ɪ ɹ̩	æ d m a ɪ ɹ̩ d	æ d m a ɪ ɹ̩ d	p æ n k e ɪ k	p æ n k e ɪ k t	p æ n k e ɪ k t	æ d m a ɪ ɹ̩ t	0	0	reg_d	reg_d	reg_t
random	s ə p ɔ r t	s ə p ɔ r t ə d	s ə p ɔ r t ə d	l ɔ ŋ	l ɔ ŋ d	l ɔ ŋ d	s ə p ɔ r t d	0	0	reg_əd	reg_əd	reg_d
random	p æ m p ɹ̩	p æ m p ɹ̩ d	p æ m p ɹ̩ d	k ə m p o ʊ z	k ə m p o ʊ z d	k ə m p o ʊ z d	p æ m p ɹ̩ d	1	1	reg_d	reg_d	reg_d
random	v ɔ ɪ s	v ɔ ɪ s t	v ɔ ɪ s t	ɪ v æ p ɹ̩ e ɪ t	ɪ v æ p ɹ̩ e ɪ t ə d	ɪ v æ p ɹ̩ e ɪ t ə d	v ɔ ɪ s ə d	0	0	reg_t	reg_t	reg_əd
random	s k ɔ r	s k ɔ r d	s k ɔ r d	p r ə v a ɪ d	p r ə v a ɪ d ə d	p r ə v a ɪ d ə d	s k ɔ r ə d	0	0	reg_d	reg_d	reg_əd
random	d ɑː k t ɹ̩	d ɑː k t ɹ̩ d	d ɑː k t ɹ̩ d	ʃ ɛ r	ʃ ɛ r d	ʃ ɛ r d	d ɑː k t ɹ̩ d	1	1	reg_d	reg_d	reg_d
random	r iː v æ m p	r iː v æ m p t	r iː v æ m p t	f a ɪ l	f a ɪ l d	f a ɪ l d	r iː v æ m p d	0	0	reg_t	reg_t	reg_d
random	l iː s	l iː s t	l iː s t	w æ ɡ	w æ ɡ d	w æ ɡ d	l iː s d	0	0	reg_t	reg_t	reg_d
random	s ə p r ɛ s	s ə p r ɛ s t	s ə p r ɛ s t	m a ʊ ð	m a ʊ ð d	m a ʊ ð d	s ə p r ɛ s d	0	0	reg_t	reg_t	reg_d
random	ə p o ʊ z	ə p o ʊ z d	ə p o ʊ z d	ɡ ɪ v	ɡ e ɪ v	ɡ e ɪ v	NA	0	0	reg_d	reg_d	vowel_change
random	f l ɑː p	f l ɑː p t	f l ɑː p t	ɡ e ɪ z	ɡ e ɪ z d	ɡ e ɪ z d	f l ɑː p d	0	0	reg_t	reg_t	reg_d
random	b ʌ m	b ʌ m d	b ʌ m d	ə v ɔ ɪ d	ə v ɔ ɪ d ə d	ə v ɔ ɪ d ə d	b ʌ m ə d	0	0	reg_d	reg_d	reg_əd
random	s p ɹ̩ t	s p ɹ̩ t ə d	s p ɹ̩ t ə d	b o ʊ l t	b o ʊ l t ə d	b o ʊ l t ə d	s p ɹ̩ t ə d	1	1	reg_əd	reg_əd	reg_əd
random	h uː t	h uː t ə d	h uː t ə d	p ɪ l ɹ̩	p ɪ l ɹ̩ d	p ɪ l ɹ̩ d	h uː t d	0	0	reg_əd	reg_əd	reg_d
random	p ɹ̩ s	p ɹ̩ s t	p ɹ̩ s t	s n æ ɡ	s n æ ɡ d	s n æ ɡ d	p ɹ̩ s d	0	0	reg_t	reg_t	reg_d
random	k l ʌ b	k l ʌ b d	k l ʌ b d	l ʌ v	l ʌ v d	l ʌ v d	k l ʌ b d	1	1	reg_d	reg_d	reg_d
random	p ɪ t iː	p ɪ t iː d	p ɪ t iː d	s k w ɛ l t͡ʃ	s k w ɛ l t͡ʃ t	s k w ɛ l t͡ʃ t	p ɪ t iː t	0	0	reg_d	reg_d	reg_t
random	t r æ m p	t r æ m p t	t r æ m p t	p ɹ̩ t͡ʃ	p ɹ̩ t͡ʃ t	p ɹ̩ t͡ʃ t	t r æ m p t	1	1	reg_t	reg_t	reg_t
random	d͡ʒ ɛ n ɹ̩ e ɪ t	d͡ʒ ɛ n ɹ̩ e ɪ t ə d	d͡ʒ ɛ n ɹ̩ e ɪ t ə d	k o ʊ ɑː p ɹ̩ e ɪ t	k o ʊ ɑː p ɹ̩ e ɪ t ə d	k o ʊ ɑː p ɹ̩ e ɪ t ə d	d͡ʒ ɛ n ɹ̩ e ɪ t ə d	1	1	reg_əd	reg_əd	reg_əd
random	t æ t ə l	t æ t ə l d	t æ t ə l d	d ɪ s ɡ a ɪ z	d ɪ s ɡ a ɪ z d	d ɪ s ɡ a ɪ z d	t æ t ə l d	1	1	reg_d	reg_d	reg_d
random	f ʌ m b ə l	f ʌ m b ə l d	f ʌ m b ə l d	ɡ r ɪ n	ɡ r ɪ n d	ɡ r ɪ n d	f ʌ m b ə l d	1	1	reg_d	reg_d	reg_d
random	s t æ ʃ	s t æ ʃ t	s t æ ʃ t	f ʌ s	f ʌ s t	f ʌ s t	s t æ ʃ t	1	1	reg_t	reg_t	reg_t
random	ɪ n s ɪ s t	ɪ n s ɪ s t ə d	ɪ n s ɪ s t ə d	w a ɪ p	w a ɪ p t	w a ɪ p t	ɪ n s ɪ s t t	0	0	reg_əd	reg_əd	reg_t
random	ɪ ɡ z æ m ɪ n	ɪ ɡ z æ m ɪ n d	ɪ ɡ z æ m ɪ n d	s k w iː k	s k w iː k t	s k w iː k t	ɪ ɡ z æ m ɪ n t	0	0	reg_d	reg_d	reg_t
random	b l ɑː s ə m	b l ɑː s ə m d	b l ɑː s ə m d	n ɪ b ə l	n ɪ b ə l d	n ɪ b ə l d	b l ɑː s ə m d	1	1	reg_d	reg_d	reg_d
random	r o ʊ p	r o ʊ p t	r o ʊ p t	r ɛ s k j uː	r ɛ s k j uː d	r ɛ s k j uː d	r o ʊ p d	0	0	reg_t	reg_t	reg_d
random	p ɪ ŋ	p ɪ ŋ d	p ɪ ŋ d	w ɹ̩ k	w ɹ̩ k t	w ɹ̩ k t	p ɪ ŋ t	0	0	reg_d	reg_d	reg_t
random	v o ʊ t	v o ʊ t ə d	v o ʊ t ə d	s e ɪ v	s e ɪ v d	s e ɪ v d	v o ʊ t d	0	0	reg_əd	reg_əd	reg_d
random	n iː r	n iː r d	n iː r d	m ʌ s ə l	m ʌ s ə l d	m ʌ s ə l d	n iː r d	1	1	reg_d	reg_d	reg_d
random	t r ʌ s t	t r ʌ s t ə d	t r ʌ s t ə d	k r a ʊ t͡ʃ	k r a ʊ t͡ʃ t	k r a ʊ t͡ʃ t	t r ʌ s t t	0	0	reg_əd	reg_əd	reg_t
random	ɪ n t ɹ̩ s p ɹ̩ s	ɪ n t ɹ̩ s p ɹ̩ s t	ɪ n t ɹ̩ s p ɹ̩ s t ɹ̩ s t ɹ̩ t ɹ̩ t	d w ɛ l	d w ɛ l d	d w ɛ l d	ɪ n t ɹ̩ s p ɹ̩ s d	0	0	reg_t	other	reg_d
random	s w uː p	s w uː p t	s w uː p t	s w ɹ̩ l	s w ɹ̩ l d	s w ɹ̩ l d	s w uː p d	0	0	reg_t	reg_t	reg_d
random	d͡ʒ e ɪ l	d͡ʒ e ɪ l d	d͡ʒ e ɪ l d	s ə p o ʊ z	s ə p o ʊ z d	s ə p o ʊ z d	d͡ʒ e ɪ l d	1	1	reg_d	reg_d	reg_d
random	f e ɪ l	f e ɪ l d	f e ɪ l d	l a ɪ v	l a ɪ v d	l a ɪ v d	f e ɪ l d	1	1	reg_d	reg_d	reg_d
random	b ʊ k	b ʊ k t	b ʊ k t	r iː l o ʊ d	r iː l o ʊ d ə d	r iː l o ʊ d ə d	b ʊ k ə d	0	0	reg_t	reg_t	reg_əd
random	s ɪ f t	s ɪ f t ə d	s ɪ f t ə d	f l a ʊ ɹ̩	f l a ʊ ɹ̩ d	f l a ʊ ɹ̩ d	s ɪ f t d	0	0	reg_əd	reg_əd	reg_d
random	k a ʊ t͡ʃ	k a ʊ t͡ʃ t	k a ʊ t͡ʃ t	s p iː d	s p ɛ d	s p ɛ d	NA	0	0	reg_t	reg_t	vowel_change
random	f r ʌ n t	f r ʌ n t ə d	f r ʌ n t ə d	ɹ̩ n	ɹ̩ n d	ɹ̩ n d	f r ʌ n t d	0	0	reg_əd	reg_əd	reg_d
random	p r ə d uː s	p r ə d uː s t	p r ə d uː s t	b iː f	b iː f t	b iː f t	p r ə d uː s t	1	1	reg_t	reg_t	reg_t
random	ʃ e ɪ d	ʃ e ɪ d ə d	ʃ e ɪ d ə d	k ə n t ɪ n j uː	k ə n t ɪ n j uː d	k ə n t ɪ n j uː d	ʃ e ɪ d d	0	0	reg_əd	reg_əd	reg_d
random	d r ɛ n t͡ʃ	d r ɛ n t͡ʃ t	d r ɛ n t͡ʃ t	d ɪ ŋ	d ɪ ŋ d	d ɪ ŋ d	d r ɛ n t͡ʃ d	0	0	reg_t	reg_t	reg_d
random	s p l æ t ɹ̩	s p l æ t ɹ̩ d	s p l æ t ɹ̩ d	w ɪ ŋ k	w ɪ ŋ k t	w ɪ ŋ k t	s p l æ t ɹ̩ t	0	0	reg_d	reg_d	reg_t
random	r iː v j uː	r iː v j uː d	r iː v j uː d	b l æ k	b l æ k t	b l æ k t	r iː v j uː t	0	0	reg_d	reg_d	reg_t
random	b ɔ r	b ɔ r d	b ɔ r d	ɡ ɪ ɡ ə l	ɡ ɪ ɡ ə l d	ɡ ɪ ɡ ə l d	b ɔ r d	1	1	reg_d	reg_d	reg_d
random	s iː t	s iː t ə d	s iː t ə d	t ɪ k ə l	t ɪ k ə l d	t ɪ k ə l d	s iː t d	0	0	reg_əd	reg_əd	reg_d
random	b ɛ d	b ɛ d ə d	b ɛ d	æ d	æ d ə d	æ d ə d	b ɛ d ə d	0	1	reg_əd	no_change	reg_əd
random	ə n s iː t	ə n s iː t ə d	ə n s iː t ə d	b l ɑː t	b l ɑː t ə d	b l ɑː t ə d	ə n s iː t ə d	1	1	reg_əd	reg_əd	reg_əd
random	m ʌ f ə l	m ʌ f ə l d	m ʌ f ə l d	s p ɛ l	s p ɛ l d	s p ɛ l d	m ʌ f ə l d	1	1	reg_d	reg_d	reg_d
random	s t ʌ m p	s t ʌ m p t	s t ʌ m p t	d ɑː t	d ɑː t ə d	d ɑː t ə d	s t ʌ m p ə d	0	0	reg_t	reg_t	reg_əd
random	t r æ n s p l æ n t	t r æ n s p l æ n t ə d	t r æ n s t ə n æ n s t	p r ɪ s iː d	p r ɪ s iː d ə d	p r ɪ s iː d ə d	t r æ n s p l æ n t ə d	0	1	reg_əd	other	reg_əd
random	v ɪ ʒ w ə l a ɪ z	v ɪ ʒ w ə l a ɪ z d	v ɪ v ə l a ɪ z	ɡ e ɪ z	ɡ e ɪ z d	ɡ e ɪ z d	v ɪ ʒ w ə l a ɪ z d	0	1	reg_d	other	reg_d
random	ɡ æ l ə p	ɡ æ l ə p t	ɡ æ l ə p t	k ɪ s	k ɪ s t	k ɪ s t	ɡ æ l ə p t	1	1	reg_t	reg_t	reg_t
random	s ʌ l iː	s ʌ l iː d	s ʌ l iː d	ɡ r e ɪ t	ɡ r e ɪ t ə d	ɡ r e ɪ t ə d	s ʌ l iː ə d	0	0	reg_d	reg_d	reg_əd
random	ə n f o ʊ l d	ə n f o ʊ l d ə d	ə n f o ʊ l d ə d	s n iː z	s n iː z d	s n iː z d	ə n f o ʊ l d d	0	0	reg_əd	reg_əd	reg_d
random	w iː	w iː d	w iː d	r ɛ k ə m ɛ n d	r ɛ k ə m ɛ n d ə d	r ɛ k ə m ɛ n d ə d	w iː ə d	0	0	reg_d	reg_d	reg_əd
random	ɪ m ə t e ɪ t	ɪ m ə t e ɪ t ə d	ɪ m ə t e ɪ t ə d	b ɛ n d	b ɛ n t	b ɛ n d ə d	NA	0	0	reg_əd	reg_əd	coda_change
random	s w ɹ̩ v	s w ɹ̩ v d	s w ɹ̩ v d	p l ʌ ŋ k	p l ʌ ŋ k t	p l ʌ ŋ k t	s w ɹ̩ v t	0	0	reg_d	reg_d	reg_t
random	h iː p	h iː p t	h iː p t	ɪ n v a ɪ t	ɪ n v a ɪ t ə d	ɪ n v a ɪ t ə d	h iː p ə d	0	0	reg_t	reg_t	reg_əd
random	r iː f j uː ə l	r iː f j uː ə l d	r iː f j uː ə l d	s t r a ɪ p	s t r a ɪ p t	s t r a ɪ p t	r iː f j uː ə l t	0	0	reg_d	reg_d	reg_t
random	t͡ʃ æ n t	t͡ʃ æ n t ə d	t͡ʃ æ n t ə d	w ɑː f ə l	w ɑː f ə l d	w ɑː f ə l d	t͡ʃ æ n t d	0	0	reg_əd	reg_əd	reg_d
random	ɡ r o ʊ s	ɡ r o ʊ s t	ɡ r o ʊ s t	s m æ ʃ	s m æ ʃ t	s m æ ʃ t	ɡ r o ʊ s t	1	1	reg_t	reg_t	reg_t
random	o ʊ v ɹ̩ f l o ʊ	o ʊ v ɹ̩ f l o ʊ d	o ʊ v ɹ̩ f l o ʊ d	s k r iː m	s k r iː m d	s k r iː m d	o ʊ v ɹ̩ f l o ʊ d	1	1	reg_d	reg_d	reg_d
random	s ɔ f ə n	s ɔ f ə n d	s ɔ f ə n d	p ʊ t	p ʊ t	p ʊ t	s ɔ f ə n	0	0	reg_d	reg_d	no_change
random	ə t ɛ m p t	ə t ɛ m p t ə d	ə t ɛ m p t ə d	b l iː t͡ʃ	b l iː t͡ʃ t	b l iː t͡ʃ t	ə t ɛ m p t t	0	0	reg_əd	reg_əd	reg_t
random	r ə f ɹ̩	r ə f ɹ̩ d	r ə f ɹ̩ d	w ɑː l o ʊ	w ɑː l o ʊ d	w ɑː l o ʊ d	r ə f ɹ̩ d	1	1	reg_d	reg_d	reg_d
random	s m iː r	s m iː r d	s m iː r d	l ɛ n d	l ɛ n t	l ɛ n t	NA	0	0	reg_d	reg_d	coda_change
random	ɪ m p r uː v	ɪ m p r uː v d	ɪ m p r uː v d	d r a ɪ	d r a ɪ d	d r a ɪ d	ɪ m p r uː v d	1	1	reg_d	reg_d	reg_d
random	ɡ r o ʊ n	ɡ r o ʊ n d	ɡ r o ʊ n d	b ɑː t ə l	b ɑː t ə l d	b ɑː t ə l d	ɡ r o ʊ n d	1	1	reg_d	reg_d	reg_d
random	s a ɪ k ə l	s a ɪ k ə l d	s a ɪ k ə l d	t æ k ə l	t æ k ə l d	t æ k ə l d	s a ɪ k ə l d	1	1	reg_d	reg_d	reg_d
random	f o ʊ k ə s	f o ʊ k ə s t	f o ʊ k ə s t	s k æ n	s k æ n d	s k æ n d	f o ʊ k ə s d	0	0	reg_t	reg_t	reg_d
random	b ɑː s	b ɑː s t	b ɑː s t	k ɹ̩ s	k ɹ̩ s t	k ɹ̩ s t	b ɑː s t	1	1	reg_t	reg_t	reg_t
random	ʃ r ɛ d	ʃ r ɛ d ə d	ʃ r ɛ d ə d	s p ɑː r k	s p ɑː r k t	s p ɑː r k t	ʃ r ɛ d t	0	0	reg_əd	reg_əd	reg_t
random	o ʊ v ɹ̩ d uː	o ʊ v ɹ̩ d ɪ d	o ʊ v ɹ̩ d uː d	p r ɪ v ɪ l ɪ d͡ʒ	p r ɪ v ɪ l ɪ d͡ʒ d	p r ɪ v ɪ l ɪ d͡ʒ d	o ʊ v ɹ̩ d uː d	1	0	vowel_change_suffix	reg_d	reg_d
random	s k iː	s k iː d	s k iː d	w e ɪ k	w e ɪ k t	w o ʊ k	s k iː t	0	0	reg_d	reg_d	reg_t
random	k ə n t e ɪ n	k ə n t e ɪ n d	k ə n t e ɪ n d	ʃ ɑː p	ʃ ɑː p t	ʃ ɑː p t	k ə n t e ɪ n t	0	0	reg_d	reg_d	reg_t
random	n æ v ə ɡ e ɪ t	n æ v ə ɡ e ɪ t ə d	n æ v ə ɡ e ɪ t ə d	b l æ ŋ k ə t	b l æ ŋ k ə t ə d	b l æ ŋ k ə t ə d	n æ v ə ɡ e ɪ t ə d	1	1	reg_əd	reg_əd	reg_əd
random	r ɪ p ɛ l	r ɪ p ɛ l d	r ɪ p ɛ l	d æ n s	d æ n s t	d æ n s t	r ɪ p ɛ l t	0	0	reg_d	no_change	reg_t
random	m ʌ t ɹ̩	m ʌ t ɹ̩ d	m ʌ t ɹ̩ d	d ʌ m p	d ʌ m p t	d ʌ m p t	m ʌ t ɹ̩ t	0	0	reg_d	reg_d	reg_t
random	b r iː d	b r ɛ d	b r iː d ə d	p l e ɪ n	p l e ɪ n d	p l e ɪ n d	b r iː d d	0	0	vowel_change	reg_əd	reg_d
random	t æ l iː	t æ l iː d	t æ l iː d	s iː m	s iː m d	s iː m d	t æ l iː d	1	1	reg_d	reg_d	reg_d
random	m æ ɡ n ə f a ɪ	m æ ɡ n ə f a ɪ d	m æ ɡ n ə f a ɪ d	s l a ɪ d	s l ɪ d	s l ɪ d	NA	0	0	reg_d	reg_d	vowel_change
random	w e ɪ d	w e ɪ d ə d	w e ɪ d ə d	d r a ɪ	d r a ɪ d	d r a ɪ d	w e ɪ d d	0	0	reg_əd	reg_əd	reg_d
random	l æ p	l æ p t	l æ p t	b iː d	b iː d ə d	b iː d ə d	l æ p ə d	0	0	reg_t	reg_t	reg_əd
random	l ɑː p	l ɑː p t	l ɑː p t	e ɪ d	e ɪ d ə d	e ɪ d ə d	l ɑː p ə d	0	0	reg_t	reg_t	reg_əd
random	b ɑː m	b ɑː m d	b ɑː m d	o ʊ p ə n	o ʊ p ə n d	o ʊ p ə n d	b ɑː m d	1	1	reg_d	reg_d	reg_d
random	ə b z ɹ̩ v	ə b z ɹ̩ v d	ə b z ɹ̩ v d	s p ɔ ɪ l	s p ɔ ɪ l d	s p ɔ ɪ l d	ə b z ɹ̩ v d	1	1	reg_d	reg_d	reg_d
random	w iː n	w iː n d	w iː n d	s ə s p ɛ k t	s ə s p ɛ k t ə d	s ə s p ɛ k t ə d	w iː n ə d	0	0	reg_d	reg_d	reg_əd
random	r iː r	r iː r d	r iː r d	p r ɪ k	p r ɪ k t	p r ɪ k t	r iː r t	0	0	reg_d	reg_d	reg_t
random	r æ ʃ ə n	r æ ʃ ə n d	r æ ʃ ə n d	m a ʊ n t	m a ʊ n t ə d	m a ʊ n t ə d	r æ ʃ ə n ə d	0	0	reg_d	reg_d	reg_əd
random	ə d ɪ k t	ə d ɪ k t ə d	ə d ɪ k t ə d	d ɪ s t r æ k t	d ɪ s t r æ k t ə d	d ɪ s t r æ k t ə d	ə d ɪ k t ə d	1	1	reg_əd	reg_əd	reg_əd
random	b ʌ n d ə l	b ʌ n d ə l d	b ʌ n d ə l d	p o ʊ k	p o ʊ k t	p o ʊ k t	b ʌ n d ə l t	0	0	reg_d	reg_d	reg_t
random	m ə t j ʊ r	m ə t j ʊ r d	m ə t j ʊ r d	p a ʊ n d	p a ʊ n d ə d	p a ʊ n d ə d	m ə t j ʊ r ə d	0	0	reg_d	reg_d	reg_əd
random	f l ɹ̩ t	f l ɹ̩ t ə d	f l ɹ̩ t ə d	k l iː n	k l iː n d	k l iː n d	f l ɹ̩ t d	0	0	reg_əd	reg_əd	reg_d
random	ɪ n k ɔ r p ɹ̩ e ɪ t	ɪ n k ɔ r p ɹ̩ e ɪ t ə d	ɪ n p ɹ̩ r e ɪ t ə d	m æ k s	m æ k s t	m æ k s t	ɪ n k ɔ r p ɹ̩ e ɪ t t	0	0	reg_əd	other	reg_t
random	f r ʌ s t r e ɪ t	f r ʌ s t r e ɪ t ə d	f r ʌ s t r e ɪ t ə d	t r ʌ m p	t r ʌ m p t	t r ʌ m p t	f r ʌ s t r e ɪ t t	0	0	reg_əd	reg_əd	reg_t
random	d ɪ f a ɪ n	d ɪ f a ɪ n d	d ɪ f a ɪ n d	ə f ɛ k t	ə f ɛ k t ə d	ə f ɛ k t ə d	d ɪ f a ɪ n ə d	0	0	reg_d	reg_d	reg_əd
random	b r e ɪ v	b r e ɪ v d	b r e ɪ v d	l æ k	l æ k t	l æ k t	b r e ɪ v t	0	0	reg_d	reg_d	reg_t
random	ɪ n k w a ɪ ɹ̩	ɪ n k w a ɪ ɹ̩ d	ɪ n k w a ɪ ɹ̩ d	l uː s ə n	l uː s ə n d	l uː s ə n d	ɪ n k w a ɪ ɹ̩ d	1	1	reg_d	reg_d	reg_d
random	b ʌ s	b ʌ s t	b ʌ s t	s t e ɪ t	s t e ɪ t ə d	s t e ɪ t ə d	b ʌ s ə d	0	0	reg_t	reg_t	reg_əd
random	p ə z ɪ ʃ ə n	p ə z ɪ ʃ ə n d	p ə z ɪ ʃ ə n d	d ʌ ŋ k	d ʌ ŋ k t	d ʌ ŋ k t	p ə z ɪ ʃ ə n t	0	0	reg_d	reg_d	reg_t
