neighbors	src	gold	pred	neighbor_src	neighbor_tgt	analogy	regular	matches_pred	matches_gold
model_sep	d uː	d ɪ d	d	d a ɪ	d a ɪ d	d uː d	0	0	0
model_sep	θ æ ŋ k	θ æ ŋ k t	θ æ ŋ k t	θ r ɛ d	θ r ɛ d ə d	θ æ ŋ k ə d	1	0	0
model_sep	f ɔ l	f ɛ l	f ɔ l d	f iː l	f ɛ l t	NA	0	0	0
model_sep	r ɪ m ɛ m b ɹ̩	r ɪ m ɛ m b ɹ̩ d	r ɪ m ɛ m b ɹ̩ d	r o ʊ t e ɪ t	r o ʊ t e ɪ t ə d	r ɪ m ɛ m b ɹ̩ ə d	1	0	0
model_sep	ɡ ɪ v	ɡ e ɪ v	ɡ ɪ v d	ɡ ʌ m	ɡ ʌ m d	ɡ ɪ v d	0	1	0
model_sep	o ʊ p ə n	o ʊ p ə n d	o ʊ p ə n d	o ʊ v ɹ̩ k ə m	o ʊ v ɹ̩ k e ɪ m	NA	1	0	0
model_sep	h æ p ə n	h æ p ə n d	h æ p ə n d	h ʌ d ə l	h ʌ d ə l d	h æ p ə n d	1	1	1
model_sep	t ɛ l	t o ʊ l d	t ɛ l d	t ʌ ɡ	t ʌ ɡ d	t ɛ l d	0	1	0
model_sep	r æ p	r æ p t	r æ p t	r ʌ ʃ	r ʌ ʃ t	r æ p t	1	1	1
model_sep	l ʊ k	l ʊ k t	l ʊ k t	l ɑː k	l ɑː k t	l ʊ k t	1	1	1
model_sep	ɡ ɛ s	ɡ ɛ s t	ɡ ɛ s t	ɡ æ s	ɡ æ s t	ɡ ɛ s t	1	1	1
model_sep	r ɛ d iː	r ɛ d iː d	r ɛ d iː d	r ɛ n t	r ɛ n t ə d	r ɛ d iː ə d	1	0	0
model_sep	r ɑː b	r ɑː b d	r ɑː b d	r ʌ b	r ʌ b d	r ɑː b d	1	1	1
model_sep	s ɪ t	s æ t	s ɪ t	s ɛ t	s ɛ t	s ɪ t	0	1	0
model_sep	l a ɪ v	l a ɪ v d	l ɪ v	l a ɪ t	l ɪ t	NA	1	0	0
model_sep	b ɪ l ɔ ŋ	b ɪ l ɔ ŋ d	b ɪ l ɔ ŋ	b ɪ l iː v	b ɪ l iː v d	b ɪ l ɔ ŋ d	1	0	1
model_sep	m æ t ɹ̩	m æ t ɹ̩ d	m æ t ɹ̩ d	m æ k s	m æ k s t	m æ t ɹ̩ t	1	0	0
model_sep	p æ s	p æ s t	p æ s t	p ɪ t	p ɪ t ə d	p æ s ə d	1	0	0
model_sep	ɡ r æ b	ɡ r æ b d	ɡ r æ b d	ɡ r ɪ n	ɡ r ɪ n d	ɡ r æ b d	1	1	1
model_sep	o ʊ n	o ʊ n d	o ʊ n d	o ʊ	o ʊ d	o ʊ n d	1	1	1
model_sep	d͡ʒ ʌ m p	d͡ʒ ʌ m p t	d͡ʒ ʌ m p t	d͡ʒ ʌ ŋ k	d͡ʒ ʌ ŋ k t	d͡ʒ ʌ m p t	1	1	1
model_sep	w ɑː t͡ʃ	w ɑː t͡ʃ t	w ɑː t͡ʃ t	w ɑː ʃ	w ɑː ʃ t	w ɑː t͡ʃ t	1	1	1
model_sep	w ɹ̩ k	w ɹ̩ k t	w ɹ̩ k t	w æ k	w æ k t	w ɹ̩ k t	1	1	1
model_sep	s t e ɪ	s t e ɪ d	s t e ɪ d	s p a ɪ	s p a ɪ d	s t e ɪ d	1	1	1
model_sep	b r e ɪ k	b r o ʊ k	b r e ɪ k t	b r e ɪ v	b r e ɪ v d	b r e ɪ k d	0	0	0
model_sep	f ɪ l	f ɪ l d	f ɪ l d	f iː l	f ɛ l t	NA	1	0	0
model_sep	m uː v	m uː v d	m uː v d	m æ ʃ	m æ ʃ t	m uː v t	1	0	0
model_sep	r ɛ k ə m ɛ n d	r ɛ k ə m ɛ n d ə d	r ɛ k ə m ɛ n d	r iː s a ɪ k ə l	r iː s a ɪ k ə l d	r ɛ k ə m ɛ n d d	1	0	0
model_sep	s ɔ	s ɔ d	s ɔ d	s uː	s uː d	s ɔ d	1	1	1
model_sep	p æ t͡ʃ	p æ t͡ʃ t	p æ t͡ʃ t	p ɪ t͡ʃ	p ɪ t͡ʃ t	p æ t͡ʃ t	1	1	1
model_sep	ə n ɔ ɪ	ə n ɔ ɪ d	ə n ɔ ɪ d	ə s uː m	ə s uː m d	ə n ɔ ɪ d	1	1	1
model_sep	r a ɪ d	r o ʊ d	r a ɪ d ə d	r a ɪ t	r o ʊ t	NA	0	0	0
model_sep	m ɛ ʒ ɹ̩	m ɛ ʒ ɹ̩ d	m ɛ m ɹ̩ d	m ɛ r iː	m ɛ r iː d	m ɛ ʒ ɹ̩ d	1	0	1
model_sep	t w ɪ s t	t w ɪ s t ə d	t w ɪ s t ə d	t æ t ə l	t æ t ə l d	t w ɪ s t d	1	0	0
model_sep	t ɪ p	t ɪ p t	t ɪ p t	t æ p	t æ p t	t ɪ p t	1	1	1
model_sep	k ə n ɛ k t	k ə n ɛ k t ə d	k ə n ɛ k t ə d	k ə n f ɹ̩ m	k ə n f ɹ̩ m d	k ə n ɛ k t d	1	0	0
model_sep	b a ɪ	b ɔ t	b a ɪ d	b a ʊ	b a ʊ d	b a ɪ d	0	1	0
model_sep	m æ n	m æ n d	m æ n d	m æ ʃ	m æ ʃ t	m æ n t	1	0	0
model_sep	f e ɪ l	f e ɪ l d	f e ɪ l d	f a ɪ l	f a ɪ l d	f e ɪ l d	1	1	1
model_sep	s ɪ ŋ	s æ ŋ	s ɪ ŋ d	s o ʊ	s o ʊ d	s ɪ ŋ d	0	1	0
model_sep	h æ n d	h æ n d ə d	h æ n d ə d	h æ m ɹ̩	h æ m ɹ̩ d	h æ n d d	1	0	0
model_sep	t͡ʃ iː r	t͡ʃ iː r d	t͡ʃ iː r d	t͡ʃ ɛ r	t͡ʃ ɛ r d	t͡ʃ iː r d	1	1	1
model_sep	s p ɑː t	s p ɑː t ə d	s p ɑː t ə d	s t ɑː p	s t ɑː p t	s p ɑː t t	1	0	0
model_sep	p o ʊ k	p o ʊ k t	p o ʊ k t	p ʌ n t͡ʃ	p ʌ n t͡ʃ t	p o ʊ k t	1	1	1
model_sep	t a ɪ ɹ̩	t a ɪ ɹ̩ d	t a ɪ ɹ̩ d	t a ʊ ɹ̩	t a ʊ ɹ̩ d	t a ɪ ɹ̩ d	1	1	1
model_sep	k ɪ d	k ɪ d ə d	k ɪ d	k ɹ̩ v	k ɹ̩ v d	k ɪ d d	1	0	0
model_sep	t͡ʃ uː z	t͡ʃ o ʊ z	t͡ʃ uː z d	t͡ʃ iː t	t͡ʃ iː t ə d	t͡ʃ uː z ə d	0	0	0
model_sep	p ɛ p ɹ̩	p ɛ p ɹ̩ d	p ɛ p ɹ̩ d	p a ʊ ɹ̩	p a ʊ ɹ̩ d	p ɛ p ɹ̩ d	1	1	1
model_sep	b l ɪ ŋ k	b l ɪ ŋ k t	b l æ ŋ k	b l ɛ n d	b l ɛ n d ə d	b l ɪ ŋ k ə d	1	0	0
model_sep	p ɹ̩ f ɔ r m	p ɹ̩ f ɔ r m d	p ɹ̩ f ɔ r m d	p ɹ̩ f ɛ k t	p ɹ̩ f ɛ k t ə d	p ɹ̩ f ɔ r m ə d	1	0	0
model_sep	p e ɪ	p e ɪ d	p e ɪ d	p ɪ ŋ	p ɪ ŋ d	p e ɪ d	1	1	1
model_sep	t͡ʃ uː	t͡ʃ uː d	t͡ʃ uː d	t͡ʃ ʌ ɡ	t͡ʃ ʌ ɡ d	t͡ʃ uː d	1	1	1
model_sep	p iː l	p iː l d	p iː l d	p ʊ l	p ʊ l d	p iː l d	1	1	1
model_sep	s n iː k	s n iː k t	s n iː k t	s n æ t͡ʃ	s n æ t͡ʃ t	s n iː k t	1	1	1
model_sep	r iː t͡ʃ	r iː t͡ʃ t	r iː t͡ʃ t	r ʌ ʃ	r ʌ ʃ t	r iː t͡ʃ t	1	1	1
model_sep	r ɪ p	r ɪ p t	r ɪ p t	r ʌ f	r ʌ f t	r ɪ p t	1	1	1
model_sep	w ɔ t ɹ̩	w ɔ t ɹ̩ d	w ɔ t ɹ̩ d	w ɔ n t	w ɔ n t ə d	w ɔ t ɹ̩ ə d	1	0	0
model_sep	k l a ɪ m	k l a ɪ m d	k l a ɪ m d	k l a ʊ d	k l a ʊ d ə d	k l a ɪ m ə d	1	0	0
model_sep	ɪ n v ɛ s t ə ɡ e ɪ t	ɪ n v ɛ s t ə ɡ e ɪ t ə d	ɪ d ɛ s t ə ɡ ə d	ɪ k s p ɛ r ə m ə n t	ɪ k s p ɛ r ə m ə n t ə d	ɪ n v ɛ s t ə ɡ e ɪ t ə d	1	0	1
model_sep	a ɪ	a ɪ d	a ɪ d	a ɪ s	a ɪ s t	a ɪ t	1	0	0
model_sep	k ʊ k	k ʊ k t	k ʊ k t	k ɑː k	k ɑː k t	k ʊ k t	1	1	1
model_sep	p r e ɪ	p r e ɪ d	p r e ɪ d	p r a ɪ	p r a ɪ d	p r e ɪ d	1	1	1
model_sep	ɪ r ʌ p t	ɪ r ʌ p t ə d	ɪ r ʌ p t ə d	ɪ r e ɪ s	ɪ r e ɪ s t	ɪ r ʌ p t t	1	0	0
model_sep	w a ɪ p	w a ɪ p t	w a ɪ p t	w a ɪ t	w a ɪ t ə d	w a ɪ p ə d	1	0	0
model_sep	s t ʌ f	s t ʌ f t	s t ʌ f t	s t ɪ t͡ʃ	s t ɪ t͡ʃ t	s t ʌ f t	1	1	1
model_sep	s p iː k	s p o ʊ k	s p iː k t	s t æ k	s t æ k t	s p iː k t	0	1	0
model_sep	l a ɪ n	l a ɪ n d	l a ɪ n d	l a ɪ t	l ɪ t	NA	1	0	0
model_sep	b o ʊ l	b o ʊ l d	b o ʊ l d	b o ʊ n	b o ʊ n d	b o ʊ l d	1	1	1
model_sep	s p l æ ʃ	s p l æ ʃ t	s p l æ ʃ t	s p l ɪ t	s p l ɪ t	s p l æ ʃ	1	0	0
model_sep	s k w iː z	s k w iː z d	s k w iː z d	s k w iː k	s k w iː k t	s k w iː z t	1	0	0
model_sep	t͡ʃ ɑː r d͡ʒ	t͡ʃ ɑː r d͡ʒ d	t͡ʃ ɑː r d͡ʒ d	t͡ʃ o ʊ k	t͡ʃ o ʊ k t	t͡ʃ ɑː r d͡ʒ t	1	0	0
model_sep	b æ ŋ	b æ ŋ d	b æ ŋ d	b æ ʃ	b æ ʃ t	b æ ŋ t	1	0	0
model_sep	s t r e ɪ t ə n	s t r e ɪ t ə n d	s e ɪ t ə d ə n d	s t r æ ŋ ɡ ə l	s t r æ ŋ ɡ ə l d	s t r e ɪ t ə n d	1	0	1
model_sep	d ɪ ʃ	d ɪ ʃ t	d ɪ ʃ t	d ɑː t	d ɑː t ə d	d ɪ ʃ ə d	1	0	0
model_sep	b a ɪ s ɪ k ə l	b a ɪ s ɪ k ə l d	b a ɪ s k ə k ə l a ɪ k ə d	b l ɑː s ə m	b l ɑː s ə m d	b a ɪ s ɪ k ə l d	1	0	1
model_sep	b ʌ t ɹ̩	b ʌ t ɹ̩ d	b ʌ t ɹ̩ d	b ʌ n t͡ʃ	b ʌ n t͡ʃ t	b ʌ t ɹ̩ t	1	0	0
model_sep	w ɹ̩ iː	w ɹ̩ iː d	w ɹ̩ iː d	w ɪ ʃ	w ɪ ʃ t	w ɹ̩ iː t	1	0	0
model_sep	f ɪ ʃ	f ɪ ʃ t	f ɪ ʃ t	f ɛ t͡ʃ	f ɛ t͡ʃ t	f ɪ ʃ t	1	1	1
model_sep	p l ʌ n d͡ʒ	p l ʌ n d͡ʒ d	p l ʌ n d͡ʒ d	p l ʌ ŋ k	p l ʌ ŋ k t	p l ʌ n d͡ʒ t	1	0	0
model_sep	p a ʊ n d	p a ʊ n d ə d	p a ʊ n d ə d	p a ʊ n s	p a ʊ n s t	p a ʊ n d t	1	0	0
model_sep	s w ɪ t͡ʃ	s w ɪ t͡ʃ t	s w ɪ t͡ʃ t	s w ɪ m	s w æ m	NA	1	0	0
model_sep	p r iː p ɛ r	p r iː p ɛ r d	p r iː p ɛ r d	p r ə s iː d	p r ə s iː d ə d	p r iː p ɛ r ə d	1	0	0
model_sep	t r æ ʃ	t r æ ʃ t	t r æ ʃ t	t r iː t	t r iː t ə d	t r æ ʃ ə d	1	0	0
model_sep	s iː d	s iː d ə d	s iː d ə d	s o ʊ	s o ʊ d	s iː d d	1	0	0
model_sep	s n iː z	s n iː z d	s n iː z d	s n æ p	s n æ p t	s n iː z t	1	0	0
model_sep	k r ʌ n t͡ʃ	k r ʌ n t͡ʃ t	k r ʌ n t͡ʃ t	k r ɛ s t	k r ɛ s t ə d	k r ʌ n t͡ʃ ə d	1	0	0
model_sep	o ʊ v ɹ̩ f l o ʊ	o ʊ v ɹ̩ f l o ʊ d	o ʊ v ɹ̩ f l o ʊ l o ʊ v o ʊ l o ʊ v o	o ʊ v ɹ̩ k ə m	o ʊ v ɹ̩ k e ɪ m	NA	1	0	0
model_sep	r ɪ p iː t	r ɪ p iː t ə d	r ɪ p iː t ə d	r ɪ p ɛ l	r ɪ p ɛ l d	r ɪ p iː t d	1	0	0
model_sep	ə v ɔ ɪ d	ə v ɔ ɪ d ə d	ə v ɔ ɪ d ə d	ə d ɑː p t	ə d ɑː p t ə d	ə v ɔ ɪ d ə d	1	1	1
model_sep	n o ʊ t	n o ʊ t ə d	n o ʊ t ə d	n o ʊ z	n o ʊ z d	n o ʊ t d	1	0	0
model_sep	p ʌ m p	p ʌ m p t	p ʌ m p t	p ʌ n t͡ʃ	p ʌ n t͡ʃ t	p ʌ m p t	1	1	1
model_sep	f l iː	f l ɛ d	f l iː d	f ʌ d͡ʒ	f ʌ d͡ʒ d	f l iː d	0	1	0
model_sep	ə n f o ʊ l d	ə n f o ʊ l d ə d	ə n f o ʊ l d ə d	ə n b ʌ t ə n	ə n b ʌ t ə n d	ə n f o ʊ l d d	1	0	0
model_sep	b ɔ k	b ɔ k t	b ɔ k t	b æ k	b æ k t	b ɔ k t	1	1	1
model_sep	h iː t	h iː t ə d	h iː t ə d	h ɹ̩ t	h ɹ̩ t	h iː t	1	0	0
model_sep	m ɪ l k	m ɪ l k t	m ɪ l k t	m ɪ k s	m ɪ k s t	m ɪ l k t	1	1	1
model_sep	ʃ uː	ʃ uː d	ʃ uː d	ʃ o ʊ	ʃ o ʊ d	ʃ uː d	1	1	1
model_sep	h ɑː l ɹ̩	h ɑː l ɹ̩ d	h ɑː l ɹ̩ d	h ɑː r m	h ɑː r m d	h ɑː l ɹ̩ d	1	1	1
model_sep	t r ɪ p	t r ɪ p t	t r ɪ p t	t r æ p	t r æ p t	t r ɪ p t	1	1	1
model_sep	ɪ k s ɛ p t	ɪ k s ɛ p t ə d	ɪ k s ɛ p t ə d	ɪ m p r ɛ s	ɪ m p r ɛ s t	ɪ k s ɛ p t t	1	0	0
model_sep	b a ʊ n s	b a ʊ n s t	b a ʊ n s t	b ʌ b ə l	b ʌ b ə l d	b a ʊ n s d	1	0	0
model_sep	s k uː l	s k uː l d	s k uː l d	s k uː p	s k uː p t	s k uː l t	1	0	0
model_sep	t r e ɪ s	t r e ɪ s t	t r e ɪ s t	t r e ɪ n	t r e ɪ n d	t r e ɪ s d	1	0	0
model_sep	d a ʊ n	d a ʊ n d	d a ʊ n d	d a ʊ t	d a ʊ t ə d	d a ʊ n ə d	1	0	0
model_sep	ə r e ɪ n d͡ʒ	ə r e ɪ n d͡ʒ d	ə r e ɪ n d͡ʒ d	ə p r o ʊ t͡ʃ	ə p r o ʊ t͡ʃ t	ə r e ɪ n d͡ʒ t	1	0	0
model_sep	d ɛ r	d ɛ r d	d ɛ r d	d ɪ p	d ɪ p t	d ɛ r t	1	0	0
model_sep	æ d	æ d ə d	æ d	æ s k	æ s k t	æ d t	1	0	0
model_sep	t r ɛ ʒ ɹ̩	t r ɛ ʒ ɹ̩ d	t r ɛ ŋ ɹ̩ d	t r ʌ s t	t r ʌ s t ə d	t r ɛ ʒ ɹ̩ ə d	1	0	0
model_sep	w ɑː b ə l	w ɑː b ə l d	w ɑː b ə l d	w ɑː f ə l	w ɑː f ə l d	w ɑː b ə l d	1	1	1
model_sep	p iː s	p iː s t	p iː s t	p ɪ t	p ɪ t ə d	p iː s ə d	1	0	0
model_sep	n æ p	n æ p t	n æ p t	n ɪ p	n ɪ p t	n æ p t	1	1	1
model_sep	p o ʊ z	p o ʊ z d	p o ʊ z d	p ʌ n t͡ʃ	p ʌ n t͡ʃ t	p o ʊ z t	1	0	0
model_sep	ə n p æ k	ə n p æ k t	ə n p æ k t	ə n z ɪ p	ə n z ɪ p t	ə n p æ k t	1	1	1
model_sep	r iː ə l a ɪ z	r iː ə l a ɪ z d	r iː ə l a ɪ z d	r iː p l e ɪ s	r iː p l e ɪ s t	r iː ə l a ɪ z t	1	0	0
model_sep	b ʌ ɡ	b ʌ ɡ d	b ʌ ɡ d	b ɛ ɡ	b ɛ ɡ d	b ʌ ɡ d	1	1	1
model_sep	b ʊ t͡ʃ ɹ̩	b ʊ t͡ʃ ɹ̩ d	b ʊ t͡ʃ ɹ̩ d	b l ɹ̩ t	b l ɹ̩ t ə d	b ʊ t͡ʃ ɹ̩ ə d	1	0	0
model_sep	m ʌ f ə l	m ʌ f ə l d	m ʌ f ə l d	m ʌ s ə l	m ʌ s ə l d	m ʌ f ə l d	1	1	1
model_sep	r ɪ p ɛ r	r ɪ p ɛ r d	r ɪ p ɛ r d	r ɪ p ɛ l	r ɪ p ɛ l d	r ɪ p ɛ r d	1	1	1
model_sep	s t ɪ ŋ k	s t ʌ ŋ k	s t ɪ ŋ k	s p ʌ t ɹ̩	s p ʌ t ɹ̩ d	s t ɪ ŋ k d	0	0	0
model_sep	ɡ æ ð ɹ̩	ɡ æ ð ɹ̩ d	ɡ æ ð ɹ̩ d	ɡ l o ʊ	ɡ l o ʊ d	ɡ æ ð ɹ̩ d	1	1	1
model_sep	b ɑː t ə l	b ɑː t ə l d	b ɑː t ə l d	b ʌ t ə n	b ʌ t ə n d	b ɑː t ə l d	1	1	1
model_sep	b iː m	b iː m d	b iː m d	b ɑː m	b ɑː m d	b iː m d	1	1	1
model_sep	k ə m p l e ɪ n	k ə m p l e ɪ n d	k ə m p l e ɪ n d	k ə n t ɪ n j uː	k ə n t ɪ n j uː d	k ə m p l e ɪ n d	1	1	1
model_sep	ə n l ɑː k	ə n l ɑː k t	ə n l ɑː k t	ə n r æ p	ə n r æ p t	ə n l ɑː k t	1	1	1
model_sep	b a ɪ k	b a ɪ k t	b a ɪ k t	b a ɪ t	b ɪ t	NA	1	0	0
model_sep	h ɔ k	h ɔ k t	h ɔ k t	h ʊ k	h ʊ k t	h ɔ k t	1	1	1
model_sep	f æ s ə n	f æ s ə n d	f æ s ə n d	f ɪ ŋ ɡ ɹ̩	f ɪ ŋ ɡ ɹ̩ d	f æ s ə n d	1	1	1
model_sep	ɪ k s p ɛ k t	ɪ k s p ɛ k t ə d	ɪ k s p ɛ k t ə d	ɪ k s p æ n d	ɪ k s p æ n d ə d	ɪ k s p ɛ k t ə d	1	1	1
model_sep	l ɛ v ə l	l ɛ v ə l d	l ɛ v ə l d	l uː s ə n	l uː s ə n d	l ɛ v ə l d	1	1	1
model_sep	f ɔ r m	f ɔ r m d	f ɔ r m d	f ɔ r k	f ɔ r k t	f ɔ r m t	1	0	0
model_sep	w æ ɡ	w æ ɡ d	w æ ɡ d	w iː l	w iː l d	w æ ɡ d	1	1	1
model_sep	f ʌ s	f ʌ s t	f ʌ s t	f ɪ t	f ɪ t	f ʌ s	1	0	0
model_sep	s m o ʊ k	s m o ʊ k t	s m o ʊ k t	s t o ʊ n	s t o ʊ n d	s m o ʊ k d	1	0	0
model_sep	ɪ n ɪ ʃ ə l	ɪ n ɪ ʃ ə l d	ɪ n ɪ ʃ ə l d	ɪ n s ɪ s t	ɪ n s ɪ s t ə d	ɪ n ɪ ʃ ə l ə d	1	0	0
model_sep	r iː b a ʊ n d	r iː b a ʊ n d ə d	r iː b a ʊ n d ə d	r iː m a ɪ n d	r iː m a ɪ n d ə d	r iː b a ʊ n d ə d	1	1	1
model_sep	b ɪ z iː	b ɪ z iː d	b ɪ z iː d	b ɪ l d	b ɪ l t	NA	1	0	0
model_sep	b ɔ r d	b ɔ r d ə d	b ɔ r d ə d	b ɔ ɪ l	b ɔ ɪ l d	b ɔ r d d	1	0	0
model_sep	s n æ k	s n æ k t	s n æ k t	s n æ t͡ʃ	s n æ t͡ʃ t	s n æ k t	1	1	1
model_sep	d r a ʊ n	d r a ʊ n d	d r a ʊ n d	d r ɪ ŋ k	d r æ ŋ k	NA	1	0	0
model_sep	b ɑː t ə m	b ɑː t ə m d	b ɑː t ə m d	b ʌ t ə n	b ʌ t ə n d	b ɑː t ə m d	1	1	1
model_sep	r iː t r iː v	r iː t r iː v d	r iː t r iː v d	r ɛ s k j uː	r ɛ s k j uː d	r iː t r iː v d	1	1	1
model_sep	s k r ɪ b ə l	s k r ɪ b ə l d	s k r ɪ b ə l d	s ɪ t͡ʃ uː e ɪ t	s ɪ t͡ʃ uː e ɪ t ə d	s k r ɪ b ə l ə d	1	0	0
model_sep	t ɛ n d	t ɛ n d ə d	t ɛ n d ə d	t o ʊ n	t o ʊ n d	t ɛ n d d	1	0	0
model_sep	ɔ r iː ɛ n t	ɔ r iː ɛ n t ə d	ɔ r iː ɛ n t ə d	ɔ t ə m e ɪ t	ɔ t ə m e ɪ t ə d	ɔ r iː ɛ n t ə d	1	1	1
model_sep	t uː l	t uː l d	t uː l d	t ʌ ɡ	t ʌ ɡ d	t uː l d	1	1	1
model_sep	ɡ æ l ə p	ɡ æ l ə p t	ɡ æ l ə p t	ɡ ɪ ɡ ə l	ɡ ɪ ɡ ə l d	ɡ æ l ə p d	1	0	0
model_sep	t a ɪ p	t a ɪ p t	t a ɪ p t	t a ɪ m	t a ɪ m d	t a ɪ p d	1	0	0
model_sep	l æ n d s k e ɪ p	l æ n d s k e ɪ p t	l d	l uː s ə n	l uː s ə n d	l æ n d s k e ɪ p d	1	0	0
model_sep	ə n d uː	ə n d ɪ d	ə n d uː d	ə l a ʊ	ə l a ʊ d	ə n d uː d	0	1	0
model_sep	r o ʊ p	r o ʊ p t	r o ʊ p t	r o ʊ m	r o ʊ m d	r o ʊ p d	1	0	0
model_sep	f ʌ m b ə l	f ʌ m b ə l d	f ʌ m b ə l d	f r ɛ ʃ ə n	f r ɛ ʃ ə n d	f ʌ m b ə l d	1	1	1
model_sep	ə n a ʊ n s	ə n a ʊ n s t	ə n a ʊ n s t	ə t r æ k t	ə t r æ k t ə d	ə n a ʊ n s ə d	1	0	0
model_sep	ʃ ʌ t ə l	ʃ ʌ t ə l d	ʃ ʌ t ə l d	ʃ ʌ f ə l	ʃ ʌ f ə l d	ʃ ʌ t ə l d	1	1	1
model_sep	f l æ t ə n	f l æ t ə n d	f l æ t ə n d	f r ɛ ʃ ə n	f r ɛ ʃ ə n d	f l æ t ə n d	1	1	1
model_sep	ə d r ɛ s	ə d r ɛ s t	ə d r ɛ s t	ə p r uː v	ə p r uː v d	ə d r ɛ s d	1	0	0
model_sep	d ɪ s p o ʊ z	d ɪ s p o ʊ z d	d ɪ s p o ʊ z d	d ɪ s p l e ɪ	d ɪ s p l e ɪ d	d ɪ s p o ʊ z d	1	1	1
model_sep	t æ ɡ	t æ ɡ d	t æ ɡ d	t ʌ ɡ	t ʌ ɡ d	t æ ɡ d	1	1	1
model_sep	p iː t ɹ̩	p iː t ɹ̩ d	p iː t ɹ̩ d	p l iː z	p l iː z d	p iː t ɹ̩ d	1	1	1
model_sep	l e ɪ s	l e ɪ s t	l e ɪ s t	l o ʊ d	l o ʊ d ə d	l e ɪ s ə d	1	0	0
model_sep	ɔ ɪ l	ɔ ɪ l d	ɔ ɪ l d	ɔ f ɹ̩	ɔ f ɹ̩ d	ɔ ɪ l d	1	1	1
model_sep	t ɑː p	t ɑː p t	t ɑː p t	t æ p	t æ p t	t ɑː p t	1	1	1
model_sep	k æ p	k æ p t	k æ p t	k iː p	k ɛ p t	NA	1	0	0
model_sep	ʃ a ɪ n	ʃ a ɪ n d	ʃ a ɪ n d	ʃ a ʊ t	ʃ a ʊ t ə d	ʃ a ɪ n ə d	1	0	0
model_sep	m ɑː r	m ɑː r d	m ɑː r d	m æ t͡ʃ	m æ t͡ʃ t	m ɑː r t	1	0	0
model_sep	s a ɪ n	s a ɪ n d	s a ɪ n d	s a ɪ d	s a ɪ d ə d	s a ɪ n ə d	1	0	0
model_sep	v ɔ ɪ s	v ɔ ɪ s t	v ɔ ɪ s t	v ɛ r iː	v ɛ r iː d	v ɔ ɪ s d	1	0	0
model_sep	ɪ ɡ n ɔ r	ɪ ɡ n ɔ r d	ɪ ɡ n ɔ r d	ɪ ɡ z ɹ̩ t	ɪ ɡ z ɹ̩ t ə d	ɪ ɡ n ɔ r ə d	1	0	0
model_sep	ɡ æ s p	ɡ æ s p t	ɡ æ s p t	ɡ l o ʊ	ɡ l o ʊ d	ɡ æ s p d	1	0	0
model_sep	l uː s	l uː s t	l uː s t	l ɛ t	l ɛ t	l uː s	1	0	0
model_sep	ʃ o ʊ l d ɹ̩	ʃ o ʊ l d ɹ̩ d	ʃ o ʊ l d ɹ̩ d	ʃ ɑː r p ə n	ʃ ɑː r p ə n d	ʃ o ʊ l d ɹ̩ d	1	1	1
model_sep	t͡ʃ ɪ p	t͡ʃ ɪ p t	t͡ʃ ɪ p t	t͡ʃ ɑː p	t͡ʃ ɑː p t	t͡ʃ ɪ p t	1	1	1
model_sep	ɡ ɑː l f	ɡ ɑː l f t	ɡ ɑː l f t	ɡ ɑː r d	ɡ ɑː r d ə d	ɡ ɑː l f ə d	1	0	0
model_sep	s t ɪ ŋ	s t ʌ ŋ	s t ɪ ŋ	s t æ ʃ	s t æ ʃ t	s t ɪ ŋ t	0	0	0
model_sep	e ɪ d	e ɪ d ə d	e ɪ d	e ɪ d͡ʒ	e ɪ d͡ʒ d	e ɪ d d	1	0	0
model_sep	f ɹ̩ m ɛ n t	f ɹ̩ m ɛ n t ə d	f ɹ̩ m ɛ n t ə d	f r ɛ ʃ ə n	f r ɛ ʃ ə n d	f ɹ̩ m ɛ n t d	1	0	0
model_sep	d͡ʒ o ʊ k	d͡ʒ o ʊ k t	d͡ʒ o ʊ k t	d͡ʒ ʌ ŋ k	d͡ʒ ʌ ŋ k t	d͡ʒ o ʊ k t	1	1	1
model_sep	ʃ ɑː k	ʃ ɑː k t	ʃ ɑː k t	ʃ uː t	ʃ ɑː t	NA	1	0	0
model_sep	ɪ n t ɹ̩ ʌ p t	ɪ n t ɹ̩ ʌ p t ə d	ɪ n t ɹ̩ ʌ p t ə d	ɪ n t ɹ̩ æ k t	ɪ n t ɹ̩ æ k t ə d	ɪ n t ɹ̩ ʌ p t ə d	1	1	1
model_sep	k ə n f ɛ s	k ə n f ɛ s t	k ə n f ɛ s t	k ə n f ɹ̩ m	k ə n f ɹ̩ m d	k ə n f ɛ s d	1	0	0
model_sep	k o ʊ ɔ r d ə n e ɪ t	k o ʊ ɔ r d ə n e ɪ t ə d	k ə d ə n d	k ɑː n s ə n t r e ɪ t	k ɑː n s ə n t r e ɪ t ə d	k o ʊ ɔ r d ə n e ɪ t ə d	1	0	1
model_sep	ɛ n t ɹ̩	ɛ n t ɹ̩ d	ɛ n t ɹ̩ d	ɛ k o ʊ	ɛ k o ʊ d	ɛ n t ɹ̩ d	1	1	1
model_sep	ɑː r m	ɑː r m d	ɑː r m d	ɑː r ɡ j uː	ɑː r ɡ j uː d	ɑː r m d	1	1	1
model_sep	θ ʌ m p	θ ʌ m p t	θ ʌ m p t	θ ɪ ŋ k	θ ɔ t	NA	1	0	0
model_sep	b l ʌ d	b l ʌ d ə d	b l ʌ d ə d	b l iː d	b l ɛ d	NA	1	0	0
model_sep	m o ʊ	m o ʊ d	m o ʊ d	m ɑː p	m ɑː p t	m o ʊ t	1	0	0
model_sep	t r æ n s k r a ɪ b	t r æ n s k r a ɪ b d	t k s k r a ɪ z d	t ɑː p ə l	t ɑː p ə l d	t r æ n s k r a ɪ b d	1	0	1
model_sep	k ə m p l iː t	k ə m p l iː t ə d	k ə m p l iː t ə d	k ə n f j uː z	k ə n f j uː z d	k ə m p l iː t d	1	0	0
model_sep	t ɔ r t͡ʃ ɹ̩	t ɔ r t͡ʃ ɹ̩ d	t ɔ r t͡ʃ ɹ̩ d	t æ t ə l	t æ t ə l d	t ɔ r t͡ʃ ɹ̩ d	1	1	1
model_sep	r iː p ə z ɪ ʃ ə n	r iː p ə z ɪ ʃ ə n d	r iː z ə z d	r iː ə s ɛ m b ə l	r iː ə s ɛ m b ə l d	r iː p ə z ɪ ʃ ə n d	1	0	1
model_sep	k ɑː n	k ɑː n d	k ɑː n d	k l ɔ	k l ɔ d	k ɑː n d	1	1	1
model_sep	b ɔ l	b ɔ l d	b ɔ l d	b ɪ l	b ɪ l d	b ɔ l d	1	1	1
model_sep	k r iː k	k r iː k t	k r iː k t	k r æ k	k r æ k t	k r iː k t	1	1	1
model_sep	s ɔ f ə n	s ɔ f ə n d	s ɔ f ə n d	s p ɔ ɪ l	s p ɔ ɪ l d	s ɔ f ə n d	1	1	1
model_sep	f l ɹ̩ t	f l ɹ̩ t ə d	f l ɹ̩ t ə d	f l æ ʃ	f l æ ʃ t	f l ɹ̩ t t	1	0	0
model_sep	z ɪ ɡ z æ ɡ	z ɪ ɡ z æ ɡ d	z ɪ ɡ z æ ɡ d	z iː r o ʊ	z iː r o ʊ d	z ɪ ɡ z æ ɡ d	1	1	1
model_sep	s ɪ v ə l a ɪ z	s ɪ v ə l a ɪ z d	s ɪ v a ɪ z d	s t r æ ŋ ɡ ə l	s t r æ ŋ ɡ ə l d	s ɪ v ə l a ɪ z d	1	0	1
model_sep	w ɪ ŋ	w ɪ ŋ d	w ɪ ŋ d	w ɪ ʃ	w ɪ ʃ t	w ɪ ŋ t	1	0	0
model_sep	p ɔ z	p ɔ z d	p ɔ z d	p ɪ t͡ʃ	p ɪ t͡ʃ t	p ɔ z t	1	0	0
model_sep	ɪ n t͡ʃ	ɪ n t͡ʃ t	ɪ n t͡ʃ t	ɪ f ɛ k t	ɪ f ɛ k t ə d	ɪ n t͡ʃ ə d	1	0	0
model_sep	ə t͡ʃ iː v	ə t͡ʃ iː v d	ə t͡ʃ iː v d	ə l a ʊ	ə l a ʊ d	ə t͡ʃ iː v d	1	1	1
model_sep	m ə s ɑː ʒ	m ə s ɑː ʒ d	m ə s ɑː f t	m ə ʃ iː n	m ə ʃ iː n d	m ə s ɑː ʒ d	1	0	1
model_sep	s ɪ ŋ k	s æ ŋ k	s ɪ ŋ k t	s ɪ m ɹ̩	s ɪ m ɹ̩ d	s ɪ ŋ k d	0	0	0
model_sep	s k o ʊ l d	s k o ʊ l d ə d	s k o ʊ l d ə d	s k æ l ə p	s k æ l ə p t	s k o ʊ l d t	1	0	0
model_sep	w ɪ n t ɹ̩	w ɪ n t ɹ̩ d	w ɪ n t ɹ̩ d	w ʌ n d ɹ̩	w ʌ n d ɹ̩ d	w ɪ n t ɹ̩ d	1	1	1
model_sep	t͡ʃ ɹ̩ n	t͡ʃ ɹ̩ n d	t͡ʃ ɹ̩ n d	t͡ʃ ɛ k	t͡ʃ ɛ k t	t͡ʃ ɹ̩ n t	1	0	0
model_sep	ʃ ɪ p	ʃ ɪ p t	ʃ ɪ p t	ʃ uː t	ʃ ɑː t	NA	1	0	0
model_sep	l uː p	l uː p t	l uː p t	l æ p	l æ p t	l uː p t	1	1	1
model_sep	k ɔ ɪ n	k ɔ ɪ n d	k ɔ ɪ n d	k o ʊ m	k o ʊ m d	k ɔ ɪ n d	1	1	1
model_sep	p l æ s t ɹ̩	p l æ s t ɹ̩ d	p l æ s t ɹ̩ d	p r ə s iː d	p r ə s iː d ə d	p l æ s t ɹ̩ ə d	1	0	0
model_sep	k ə n s ɪ d ɹ̩	k ə n s ɪ d ɹ̩ d	k ə n s t ɹ̩ d	k ə n s ʌ l t	k ə n s ʌ l t ə d	k ə n s ɪ d ɹ̩ ə d	1	0	0
model_sep	f ɛ ð ɹ̩	f ɛ ð ɹ̩ d	f ɛ ð ɹ̩ d	f ɹ̩ ð ɹ̩	f ɹ̩ ð ɹ̩ d	f ɛ ð ɹ̩ d	1	1	1
model_sep	s t iː m	s t iː m d	s t iː m d	s t æ b	s t æ b d	s t iː m d	1	1	1
model_sep	b l æ ŋ k ə t	b l æ ŋ k ə t ə d	b æ ŋ k ə k t ə d	b ɪ h e ɪ v	b ɪ h e ɪ v d	b l æ ŋ k ə t d	1	0	0
model_sep	k æ l k j ə l e ɪ t	k æ l k j ə l e ɪ t ə d	k j ə l d	k ə n t r ɪ b j uː t	k ə n t r ɪ b j uː t ə d	k æ l k j ə l e ɪ t ə d	1	0	1
model_sep	d͡ʒ ɛ s t͡ʃ ɹ̩	d͡ʒ ɛ s t͡ʃ ɹ̩ d	d͡ʒ ɛ s t͡ʃ ɹ̩ d	d͡ʒ ʌ ɡ ə l	d͡ʒ ʌ ɡ ə l d	d͡ʒ ɛ s t͡ʃ ɹ̩ d	1	1	1
model_sep	w ɛ d͡ʒ	w ɛ d͡ʒ d	w ɛ d͡ʒ d	w ɑː ʃ	w ɑː ʃ t	w ɛ d͡ʒ t	1	0	0
model_sep	t r ɪ p ə l	t r ɪ p ə l d	t r ɪ p ə l d	t r ʌ b ə l	t r ʌ b ə l d	t r ɪ p ə l d	1	1	1
model_sep	p ɑː r t	p ɑː r t ə d	p ɑː r t ə d	p ɑː r k	p ɑː r k t	p ɑː r t t	1	0	0
model_sep	h æ l o ʊ	h æ l o ʊ d	h æ l o ʊ d	h ʌ d ə l	h ʌ d ə l d	h æ l o ʊ d	1	1	1
model_sep	s p ɔ r t	s p ɔ r t ə d	s p ɔ r t ə d	s t ɔ r m	s t ɔ r m d	s p ɔ r t d	1	0	0
model_sep	d ɑː r t	d ɑː r t ə d	d ɑː r t ə d	d ɑː r n	d ɑː r n d	d ɑː r t d	1	0	0
model_sep	ʃ ɪ v ɹ̩	ʃ ɪ v ɹ̩ d	ʃ ɪ v ɹ̩ d	ʃ a ʊ t	ʃ a ʊ t ə d	ʃ ɪ v ɹ̩ ə d	1	0	0
model_sep	ɡ r e ɪ z	ɡ r e ɪ z d	ɡ r e ɪ z d	ɡ r e ɪ t	ɡ r e ɪ t ə d	ɡ r e ɪ z ə d	1	0	0
model_sep	s o ʊ k	s o ʊ k t	s o ʊ k t	s t o ʊ	s t o ʊ d	s o ʊ k d	1	0	0
model_sep	b l o ʊ t	b l o ʊ t ə d	b l o ʊ t ə d	b l æ s t	b l æ s t ə d	b l o ʊ t ə d	1	1	1
model_sep	s p l ɪ n t ɹ̩	s p l ɪ n t ɹ̩ d	s p l ɪ n t ɹ̩ d	s ɛ n t ə n s	s ɛ n t ə n s t	s p l ɪ n t ɹ̩ t	1	0	0
model_sep	w iː	w iː d	w iː d	w uː	w uː d	w iː d	1	1	1
model_sep	ɡ iː r	ɡ iː r d	ɡ iː r d	ɡ uː f	ɡ uː f t	ɡ iː r t	1	0	0
model_sep	ə b z ɹ̩ v	ə b z ɹ̩ v d	ə b z ɹ̩ v d	ə d ɑː p t	ə d ɑː p t ə d	ə b z ɹ̩ v ə d	1	0	0
model_sep	s æ n d w ɪ t͡ʃ	s æ n d w ɪ t͡ʃ t	s æ n d w ɛ t͡ʃ t	s ɛ n t ə n s	s ɛ n t ə n s t	s æ n d w ɪ t͡ʃ t	1	0	1
model_sep	ɪ n k l uː d	ɪ n k l uː d ə d	ɪ n k l uː d ə d	ɪ n v ɛ n t	ɪ n v ɛ n t ə d	ɪ n k l uː d ə d	1	1	1
model_sep	v o ʊ t	v o ʊ t ə d	v o ʊ t ə d	v ɛ r iː	v ɛ r iː d	v o ʊ t d	1	0	0
model_sep	k e ɪ v	k e ɪ v d	k e ɪ v d	k e ɪ k	k e ɪ k t	k e ɪ v t	1	0	0
model_sep	s p e ɪ	s p e ɪ d	s p e ɪ d	s p a ɪ	s p a ɪ d	s p e ɪ d	1	1	1
model_sep	t æ t uː	t æ t uː d	t æ t uː d	t æ t ɹ̩	t æ t ɹ̩ d	t æ t uː d	1	1	1
model_sep	p ɹ̩ s	p ɹ̩ s t	p ɹ̩ s t	p ɪ t͡ʃ	p ɪ t͡ʃ t	p ɹ̩ s t	1	1	1
model_sep	r ɪ ɡ r ɛ t	r ɪ ɡ r ɛ t ə d	r ɪ ɡ r ɛ t ə d	r ɪ l e ɪ t	r ɪ l e ɪ t ə d	r ɪ ɡ r ɛ t ə d	1	1	1
model_sep	k l ʌ t ɹ̩	k l ʌ t ɹ̩ d	k l ʌ t ɹ̩ d	k l o ʊ z	k l o ʊ z d	k l ʌ t ɹ̩ d	1	1	1
model_sep	d r ɛ n t͡ʃ	d r ɛ n t͡ʃ t	d r ɛ n t͡ʃ t	d r ɪ ŋ k	d r æ ŋ k	NA	1	0	0
model_sep	k l e ɪ m	k l e ɪ m d	k l e ɪ m d	k l o ʊ z	k l o ʊ z d	k l e ɪ m d	1	1	1
model_sep	f r a ʊ n	f r a ʊ n d	f r a ʊ n d	f l a ʊ ɹ̩	f l a ʊ ɹ̩ d	f r a ʊ n d	1	1	1
model_sep	r iː n e ɪ m	r iː n e ɪ m d	r iː n e ɪ m d	r ɪ d͡ʒ ɔ ɪ s	r ɪ d͡ʒ ɔ ɪ s t	r iː n e ɪ m t	1	0	0
model_sep	ɛ n k ɹ̩ ɪ d͡ʒ	ɛ n k ɹ̩ ɪ d͡ʒ d	ɛ n k ɹ̩ ɪ d͡ʒ d	ɛ m p t iː	ɛ m p t iː d	ɛ n k ɹ̩ ɪ d͡ʒ d	1	1	1
model_sep	d ɪ l ɪ n iː e ɪ t	d ɪ l ɪ n iː e ɪ t ə d	d ɪ n ɪ n d	d ɪ s k ə n ɛ k t	d ɪ s k ə n ɛ k t ə d	d ɪ l ɪ n iː e ɪ t ə d	1	0	1
model_sep	f iː t͡ʃ ɹ̩	f iː t͡ʃ ɹ̩ d	f iː t͡ʃ ɹ̩ d	f ɹ̩ ð ɹ̩	f ɹ̩ ð ɹ̩ d	f iː t͡ʃ ɹ̩ d	1	1	1
model_sep	p ɛ ɡ	p ɛ ɡ d	p ɛ ɡ d	p ʊ l	p ʊ l d	p ɛ ɡ d	1	1	1
model_sep	m ɑː d ə f a ɪ	m ɑː d ə f a ɪ d	m ə d ə f a ɪ d	m ɛ m ɹ̩ a ɪ z	m ɛ m ɹ̩ a ɪ z d	m ɑː d ə f a ɪ d	1	0	1
model_sep	s l ɪ t	s l ɪ t	s l ɪ t ə d	s l ɪ p	s l ɪ p t	s l ɪ t t	0	0	0
model_sep	k ə n v ɪ n s	k ə n v ɪ n s t	k ə n v ɪ n s t	k ə n f j uː z	k ə n f j uː z d	k ə n v ɪ n s d	1	0	0
model_sep	s m uː ð	s m uː ð d	s m uː ð d	s m æ ʃ	s m æ ʃ t	s m uː ð t	1	0	0
model_sep	t æ k ə l	t æ k ə l d	t æ k ə l d	t ɪ k ə l	t ɪ k ə l d	t æ k ə l d	1	1	1
model_sep	k ə m j uː n ə k e ɪ t	k ə m j uː n ə k e ɪ t ə d	k ə n d	k ɑː n s ə n t r e ɪ t	k ɑː n s ə n t r e ɪ t ə d	k ə m j uː n ə k e ɪ t ə d	1	0	1
model_sep	t r ɑː t	t r ɑː t ə d	t r ɑː t ə d	t w iː k	t w iː k t	t r ɑː t t	1	0	0
model_sep	s t r æ d ə l	s t r æ d ə l d	s t r æ d ə l d	s ɛ p ɹ̩ e ɪ t	s ɛ p ɹ̩ e ɪ t ə d	s t r æ d ə l ə d	1	0	0
model_sep	θ ʌ n d ɹ̩	θ ʌ n d ɹ̩ d	θ ʌ n d ɹ̩ d	θ ɪ ŋ k	θ ɔ t	NA	1	0	0
model_sep	ɪ n s p a ɪ ɹ̩	ɪ n s p a ɪ ɹ̩ d	ɪ n s p a ɪ ɹ̩ d	ɪ n s p ɛ k t	ɪ n s p ɛ k t ə d	ɪ n s p a ɪ ɹ̩ ə d	1	0	0
model_sep	l e ɪ b ɹ̩	l e ɪ b ɹ̩ d	l e ɪ b ɹ̩ d	l uː s ə n	l uː s ə n d	l e ɪ b ɹ̩ d	1	1	1
model_sep	ə k ɹ̩	ə k ɹ̩ d	ə k ɹ̩ d	ə t æ t͡ʃ	ə t æ t͡ʃ t	ə k ɹ̩ t	1	0	0
model_sep	b r uː z	b r uː z d	b r uː z d	b r iː ð	b r iː ð d	b r uː z d	1	1	1
model_sep	t͡ʃ æ t	t͡ʃ æ t ə d	t͡ʃ æ t ə d	t͡ʃ iː t	t͡ʃ iː t ə d	t͡ʃ æ t ə d	1	1	1
model_mean	d uː	d ɪ d	d	d ɪ ŋ	d ɪ ŋ d	d uː d	0	0	0
model_mean	θ æ ŋ k	θ æ ŋ k t	θ æ ŋ k t	θ ɪ ŋ k	θ ɔ t	NA	1	0	0
model_mean	f ɔ l	f ɛ l	f ɔ l d	f ɔ r s	f ɔ r s t	f ɔ l t	0	0	0
model_mean	r ɪ m ɛ m b ɹ̩	r ɪ m ɛ m b ɹ̩ d	r ɪ m ɛ m b ɹ̩ d	r ɪ m e ɪ n	r ɪ m e ɪ n d	r ɪ m ɛ m b ɹ̩ d	1	1	1
model_mean	ɡ ɪ v	ɡ e ɪ v	ɡ ɪ v d	ɡ ʌ m	ɡ ʌ m d	ɡ ɪ v d	0	1	0
model_mean	o ʊ p ə n	o ʊ p ə n d	o ʊ p ə n d	p o ʊ s t	p o ʊ s t ə d	o ʊ p ə n ə d	1	0	0
model_mean	h æ p ə n	h æ p ə n d	h æ p ə n d	h æ m ɹ̩	h æ m ɹ̩ d	h æ p ə n d	1	1	1
model_mean	t ɛ l	t o ʊ l d	t ɛ l d	t ɔ s	t ɔ s t	t ɛ l t	0	0	0
model_mean	r æ p	r æ p t	r æ p t	r æ ŋ k	r æ ŋ k t	r æ p t	1	1	1
model_mean	l ʊ k	l ʊ k t	l ʊ k t	l ʊ r	l ʊ r d	l ʊ k d	1	0	0
model_mean	ɡ ɛ s	ɡ ɛ s t	ɡ ɛ s t	ɡ ɛ t	ɡ ɑː t	NA	1	0	0
model_mean	r ɛ d iː	r ɛ d iː d	r ɛ d iː d	r ɛ k	r ɛ k t	r ɛ d iː t	1	0	0
model_mean	r ɑː b	r ɑː b d	r ɑː b d	r ɑː t	r ɑː t ə d	r ɑː b ə d	1	0	0
model_mean	s ɪ t	s æ t	s ɪ t	s ɪ p	s ɪ p t	s ɪ t t	0	0	0
model_mean	l a ɪ v	l a ɪ v d	l ɪ v	l a ɪ t	l ɪ t	NA	1	0	0
model_mean	b ɪ l ɔ ŋ	b ɪ l ɔ ŋ d	b ɪ l ɔ ŋ	b ɪ l iː v	b ɪ l iː v d	b ɪ l ɔ ŋ d	1	0	1
model_mean	m æ t ɹ̩	m æ t ɹ̩ d	m æ t ɹ̩ d	m æ k s	m æ k s t	m æ t ɹ̩ t	1	0	0
model_mean	p æ s	p æ s t	p æ s t	p æ k	p æ k t	p æ s t	1	1	1
model_mean	ɡ r æ b	ɡ r æ b d	ɡ r æ b d	ɡ r æ s p	ɡ r æ s p t	ɡ r æ b t	1	0	0
model_mean	o ʊ n	o ʊ n d	o ʊ n d	o ʊ	o ʊ d	o ʊ n d	1	1	1
model_mean	d͡ʒ ʌ m p	d͡ʒ ʌ m p t	d͡ʒ ʌ m p t	d͡ʒ ʌ ŋ k	d͡ʒ ʌ ŋ k t	d͡ʒ ʌ m p t	1	1	1
model_mean	w ɑː t͡ʃ	w ɑː t͡ʃ t	w ɑː t͡ʃ t	w ɑː ʃ	w ɑː ʃ t	w ɑː t͡ʃ t	1	1	1
model_mean	w ɹ̩ k	w ɹ̩ k t	w ɹ̩ k t	w ɪ p	w ɪ p t	w ɹ̩ k t	1	1	1
model_mean	s t e ɪ	s t e ɪ d	s t e ɪ d	s t ɪ l	s t ɪ l d	s t e ɪ d	1	1	1
model_mean	b r e ɪ k	b r o ʊ k	b r e ɪ k t	b r e ɪ d	b r e ɪ d ə d	b r e ɪ k ə d	0	0	0
model_mean	f ɪ l	f ɪ l d	f ɪ l d	f ɪ t	f ɪ t	f ɪ l	1	0	0
model_mean	m uː v	m uː v d	m uː v d	m ʌ d iː	m ʌ d iː d	m uː v d	1	1	1
model_mean	r ɛ k ə m ɛ n d	r ɛ k ə m ɛ n d ə d	r ɛ k ə m ɛ n d	r ɛ k ə ɡ n a ɪ z	r ɛ k ə ɡ n a ɪ z d	r ɛ k ə m ɛ n d d	1	0	0
model_mean	s ɔ	s ɔ d	s ɔ d	s uː	s uː d	s ɔ d	1	1	1
model_mean	p æ t͡ʃ	p æ t͡ʃ t	p æ t͡ʃ t	p æ k	p æ k t	p æ t͡ʃ t	1	1	1
model_mean	ə n ɔ ɪ	ə n ɔ ɪ d	ə n ɔ ɪ d	ə n z ɪ p	ə n z ɪ p t	ə n ɔ ɪ t	1	0	0
model_mean	r a ɪ d	r o ʊ d	r a ɪ d ə d	r a ɪ t	r o ʊ t	NA	0	0	0
model_mean	m ɛ ʒ ɹ̩	m ɛ ʒ ɹ̩ d	m ɛ m ɹ̩ d	m ɛ l t	m ɛ l t ə d	m ɛ ʒ ɹ̩ ə d	1	0	0
model_mean	t w ɪ s t	t w ɪ s t ə d	t w ɪ s t ə d	t w a ɪ n	t w a ɪ n d	t w ɪ s t d	1	0	0
model_mean	t ɪ p	t ɪ p t	t ɪ p t	t ɪ k	t ɪ k t	t ɪ p t	1	1	1
model_mean	k ə n ɛ k t	k ə n ɛ k t ə d	k ə n ɛ k t ə d	k ə n t ɛ s t	k ə n t ɛ s t ə d	k ə n ɛ k t ə d	1	1	1
model_mean	b a ɪ	b ɔ t	b a ɪ d	b a ʊ	b a ʊ d	b a ɪ d	0	1	0
model_mean	m æ n	m æ n d	m æ n d	m æ t͡ʃ	m æ t͡ʃ t	m æ n t	1	0	0
model_mean	f e ɪ l	f e ɪ l d	f e ɪ l d	f e ɪ s	f e ɪ s t	f e ɪ l t	1	0	0
model_mean	s ɪ ŋ	s æ ŋ	s ɪ ŋ d	s uː	s uː d	s ɪ ŋ d	0	1	0
model_mean	h æ n d	h æ n d ə d	h æ n d ə d	h æ m ɹ̩	h æ m ɹ̩ d	h æ n d d	1	0	0
model_mean	t͡ʃ iː r	t͡ʃ iː r d	t͡ʃ iː r d	t͡ʃ iː t	t͡ʃ iː t ə d	t͡ʃ iː r ə d	1	0	0
model_mean	s p ɑː t	s p ɑː t ə d	s p ɑː t ə d	s ɑː k	s ɑː k t	s p ɑː t t	1	0	0
model_mean	p o ʊ k	p o ʊ k t	p o ʊ k t	p o ʊ s t	p o ʊ s t ə d	p o ʊ k ə d	1	0	0
model_mean	t a ɪ ɹ̩	t a ɪ ɹ̩ d	t a ɪ ɹ̩ d	t a ɪ m	t a ɪ m d	t a ɪ ɹ̩ d	1	1	1
model_mean	k ɪ d	k ɪ d ə d	k ɪ d	k ɪ s	k ɪ s t	k ɪ d t	1	0	0
model_mean	t͡ʃ uː z	t͡ʃ o ʊ z	t͡ʃ uː z d	p uː l	p uː l d	t͡ʃ uː z d	0	1	0
model_mean	p ɛ p ɹ̩	p ɛ p ɹ̩ d	p ɛ p ɹ̩ d	p ɛ r	p ɛ r d	p ɛ p ɹ̩ d	1	1	1
model_mean	b l ɪ ŋ k	b l ɪ ŋ k t	b l æ ŋ k	b l æ s t	b l æ s t ə d	b l ɪ ŋ k ə d	1	0	0
model_mean	p ɹ̩ f ɔ r m	p ɹ̩ f ɔ r m d	p ɹ̩ f ɔ r m d	p ɹ̩ f ɛ k t	p ɹ̩ f ɛ k t ə d	p ɹ̩ f ɔ r m ə d	1	0	0
model_mean	p e ɪ	p e ɪ d	p e ɪ d	p ɪ t͡ʃ	p ɪ t͡ʃ t	p e ɪ t	1	0	0
model_mean	t͡ʃ uː	t͡ʃ uː d	t͡ʃ uː d	t͡ʃ ɪ l	t͡ʃ ɪ l d	t͡ʃ uː d	1	1	1
model_mean	p iː l	p iː l d	p iː l d	p iː r	p iː r d	p iː l d	1	1	1
model_mean	s n iː k	s n iː k t	s n iː k t	s n ɪ f	s n ɪ f t	s n iː k t	1	1	1
model_mean	r iː t͡ʃ	r iː t͡ʃ t	r iː t͡ʃ t	r iː d	r ɛ d	NA	1	0	0
model_mean	r ɪ p	r ɪ p t	r ɪ p t	r ɪ d	r ɪ d	r ɪ p	1	0	0
model_mean	w ɔ t ɹ̩	w ɔ t ɹ̩ d	w ɔ t ɹ̩ d	w ɔ k	w ɔ k t	w ɔ t ɹ̩ t	1	0	0
model_mean	k l a ɪ m	k l a ɪ m d	k l a ɪ m d	k l a ʊ d	k l a ʊ d ə d	k l a ɪ m ə d	1	0	0
model_mean	ɪ n v ɛ s t ə ɡ e ɪ t	ɪ n v ɛ s t ə ɡ e ɪ t ə d	ɪ d ɛ s t ə ɡ ə d	ɪ n t ɹ̩ æ k t	ɪ n t ɹ̩ æ k t ə d	ɪ n v ɛ s t ə ɡ e ɪ t ə d	1	0	1
model_mean	a ɪ	a ɪ d	a ɪ d	p a ɪ l	p a ɪ l d	a ɪ d	1	1	1
model_mean	k ʊ k	k ʊ k t	k ʊ k t	k ʌ t	k ʌ t	k ʊ k	1	0	0
model_mean	p r e ɪ	p r e ɪ d	p r e ɪ d	p r a ɪ	p r a ɪ d	p r e ɪ d	1	1	1
model_mean	ɪ r ʌ p t	ɪ r ʌ p t ə d	ɪ r ʌ p t ə d	ɪ r e ɪ s	ɪ r e ɪ s t	ɪ r ʌ p t t	1	0	0
model_mean	w a ɪ p	w a ɪ p t	w a ɪ p t	w a ɪ t	w a ɪ t ə d	w a ɪ p ə d	1	0	0
model_mean	s t ʌ f	s t ʌ f t	s t ʌ f t	s t ʌ n	s t ʌ n d	s t ʌ f d	1	0	0
model_mean	s p iː k	s p o ʊ k	s p iː k t	s p iː d	s p ɛ d	NA	0	0	0
model_mean	l a ɪ n	l a ɪ n d	l a ɪ n d	l a ɪ k	l a ɪ k t	l a ɪ n t	1	0	0
model_mean	b o ʊ l	b o ʊ l d	b o ʊ l d	b o ʊ n	b o ʊ n d	b o ʊ l d	1	1	1
model_mean	s p l æ ʃ	s p l æ ʃ t	s p l æ ʃ t	s p l ɪ t	s p l ɪ t	s p l æ ʃ	1	0	0
model_mean	s k w iː z	s k w iː z d	s k w iː z d	s k w ɛ r	s k w ɛ r d	s k w iː z d	1	1	1
model_mean	t͡ʃ ɑː r d͡ʒ	t͡ʃ ɑː r d͡ʒ d	t͡ʃ ɑː r d͡ʒ d	t͡ʃ ɑː p	t͡ʃ ɑː p t	t͡ʃ ɑː r d͡ʒ t	1	0	0
model_mean	b æ ŋ	b æ ŋ d	b æ ŋ d	b æ ɡ	b æ ɡ d	b æ ŋ d	1	1	1
model_mean	s t r e ɪ t ə n	s t r e ɪ t ə n d	s e ɪ t ə d ə n d	s t r iː m l a ɪ n	s t r iː m l a ɪ n d	s t r e ɪ t ə n d	1	0	1
model_mean	d ɪ ʃ	d ɪ ʃ t	d ɪ ʃ t	d ɪ p	d ɪ p t	d ɪ ʃ t	1	1	1
model_mean	b a ɪ s ɪ k ə l	b a ɪ s ɪ k ə l d	b a ɪ s k ə k ə l a ɪ k ə d	l a ɪ t ə n	l a ɪ t ə n d	b a ɪ s ɪ k ə l d	1	0	1
model_mean	b ʌ t ɹ̩	b ʌ t ɹ̩ d	b ʌ t ɹ̩ d	b ʌ s t	b ʌ s t ə d	b ʌ t ɹ̩ ə d	1	0	0
model_mean	w ɹ̩ iː	w ɹ̩ iː d	w ɹ̩ iː d	w ɪ l	w ɪ l d	w ɹ̩ iː d	1	1	1
model_mean	f ɪ ʃ	f ɪ ʃ t	f ɪ ʃ t	f ɪ t	f ɪ t	f ɪ ʃ	1	0	0
model_mean	p l ʌ n d͡ʒ	p l ʌ n d͡ʒ d	p l ʌ n d͡ʒ d	p l ʌ k	p l ʌ k t	p l ʌ n d͡ʒ t	1	0	0
model_mean	p a ʊ n d	p a ʊ n d ə d	p a ʊ n d ə d	p a ʊ n s	p a ʊ n s t	p a ʊ n d t	1	0	0
model_mean	s w ɪ t͡ʃ	s w ɪ t͡ʃ t	s w ɪ t͡ʃ t	s w ɪ m	s w æ m	NA	1	0	0
model_mean	p r iː p ɛ r	p r iː p ɛ r d	p r iː p ɛ r d	p r ɛ ʃ ɹ̩	p r ɛ ʃ ɹ̩ d	p r iː p ɛ r d	1	1	1
model_mean	t r æ ʃ	t r æ ʃ t	t r æ ʃ t	t r æ p	t r æ p t	t r æ ʃ t	1	1	1
model_mean	s iː d	s iː d ə d	s iː d ə d	s iː t	s iː t ə d	s iː d ə d	1	1	1
model_mean	s n iː z	s n iː z d	s n iː z d	s n ɪ f	s n ɪ f t	s n iː z t	1	0	0
model_mean	k r ʌ n t͡ʃ	k r ʌ n t͡ʃ t	k r ʌ n t͡ʃ t	k r a ʊ t͡ʃ	k r a ʊ t͡ʃ t	k r ʌ n t͡ʃ t	1	1	1
model_mean	o ʊ v ɹ̩ f l o ʊ	o ʊ v ɹ̩ f l o ʊ d	o ʊ v ɹ̩ f l o ʊ l o ʊ v o ʊ l o ʊ v o	o ʊ v ɹ̩ k ə m	o ʊ v ɹ̩ k e ɪ m	NA	1	0	0
model_mean	r ɪ p iː t	r ɪ p iː t ə d	r ɪ p iː t ə d	r ɪ p ɛ l	r ɪ p ɛ l d	r ɪ p iː t d	1	0	0
model_mean	ə v ɔ ɪ d	ə v ɔ ɪ d ə d	ə v ɔ ɪ d ə d	ə r a ɪ v	ə r a ɪ v d	ə v ɔ ɪ d d	1	0	0
model_mean	n o ʊ t	n o ʊ t ə d	n o ʊ t ə d	n o ʊ z	n o ʊ z d	n o ʊ t d	1	0	0
model_mean	p ʌ m p	p ʌ m p t	p ʌ m p t	p ʌ n t͡ʃ	p ʌ n t͡ʃ t	p ʌ m p t	1	1	1
model_mean	f l iː	f l ɛ d	f l iː d	f uː l	f uː l d	f l iː d	0	1	0
model_mean	ə n f o ʊ l d	ə n f o ʊ l d ə d	ə n f o ʊ l d ə d	ə n t a ɪ	ə n t a ɪ d	ə n f o ʊ l d d	1	0	0
model_mean	b ɔ k	b ɔ k t	b ɔ k t	b ɔ r	b ɔ r d	b ɔ k d	1	0	0
model_mean	h iː t	h iː t ə d	h iː t ə d	h iː r	h ɹ̩ d	NA	1	0	0
model_mean	m ɪ l k	m ɪ l k t	m ɪ l k t	m ɪ n s	m ɪ n s t	m ɪ l k t	1	1	1
model_mean	ʃ uː	ʃ uː d	ʃ uː d	ʃ uː t	ʃ ɑː t	NA	1	0	0
model_mean	h ɑː l ɹ̩	h ɑː l ɹ̩ d	h ɑː l ɹ̩ d	h ɑː p	h ɑː p t	h ɑː l ɹ̩ t	1	0	0
model_mean	t r ɪ p	t r ɪ p t	t r ɪ p t	t r ɪ k	t r ɪ k t	t r ɪ p t	1	1	1
model_mean	ɪ k s ɛ p t	ɪ k s ɛ p t ə d	ɪ k s ɛ p t ə d	ɪ k s p r ɛ s	ɪ k s p r ɛ s t	ɪ k s ɛ p t t	1	0	0
model_mean	b a ʊ n s	b a ʊ n s t	b a ʊ n s t	b a ɪ t	b ɪ t	NA	1	0	0
model_mean	s k uː l	s k uː l d	s k uː l d	s k uː p	s k uː p t	s k uː l t	1	0	0
model_mean	t r e ɪ s	t r e ɪ s t	t r e ɪ s t	t r e ɪ d	t r e ɪ d ə d	t r e ɪ s ə d	1	0	0
model_mean	d a ʊ n	d a ʊ n d	d a ʊ n d	d a ʊ t	d a ʊ t ə d	d a ʊ n ə d	1	0	0
model_mean	ə r e ɪ n d͡ʒ	ə r e ɪ n d͡ʒ d	ə r e ɪ n d͡ʒ d	ə r a ɪ v	ə r a ɪ v d	ə r e ɪ n d͡ʒ d	1	1	1
model_mean	d ɛ r	d ɛ r d	d ɛ r d	d ɔ ɡ	d ɔ ɡ d	d ɛ r d	1	1	1
model_mean	æ d	æ d ə d	æ d	p æ n t	p æ n t ə d	æ d ə d	1	0	1
model_mean	t r ɛ ʒ ɹ̩	t r ɛ ʒ ɹ̩ d	t r ɛ ŋ ɹ̩ d	t r ɪ k	t r ɪ k t	t r ɛ ʒ ɹ̩ t	1	0	0
model_mean	w ɑː b ə l	w ɑː b ə l d	w ɑː b ə l d	w ɑː f ə l	w ɑː f ə l d	w ɑː b ə l d	1	1	1
model_mean	p iː s	p iː s t	p iː s t	p iː k	p iː k t	p iː s t	1	1	1
model_mean	n æ p	n æ p t	n æ p t	æ n s ɹ̩	æ n s ɹ̩ d	n æ p d	1	0	0
model_mean	p o ʊ z	p o ʊ z d	p o ʊ z d	p o ʊ s t	p o ʊ s t ə d	p o ʊ z ə d	1	0	0
model_mean	ə n p æ k	ə n p æ k t	ə n p æ k t	ə n r æ p	ə n r æ p t	ə n p æ k t	1	1	1
model_mean	r iː ə l a ɪ z	r iː ə l a ɪ z d	r iː ə l a ɪ z d	r iː ə t æ t͡ʃ	r iː ə t æ t͡ʃ t	r iː ə l a ɪ z t	1	0	0
model_mean	b ʌ ɡ	b ʌ ɡ d	b ʌ ɡ d	b ʌ d͡ʒ	b ʌ d͡ʒ d	b ʌ ɡ d	1	1	1
model_mean	b ʊ t͡ʃ ɹ̩	b ʊ t͡ʃ ɹ̩ d	b ʊ t͡ʃ ɹ̩ d	b l o ʊ	b l uː	NA	1	0	0
model_mean	m ʌ f ə l	m ʌ f ə l d	m ʌ f ə l d	m ʌ s ə l	m ʌ s ə l d	m ʌ f ə l d	1	1	1
model_mean	r ɪ p ɛ r	r ɪ p ɛ r d	r ɪ p ɛ r d	r ɪ p ɛ l	r ɪ p ɛ l d	r ɪ p ɛ r d	1	1	1
model_mean	s t ɪ ŋ k	s t ʌ ŋ k	s t ɪ ŋ k	s t r ɪ ŋ	s t r ʌ ŋ	NA	0	0	0
model_mean	ɡ æ ð ɹ̩	ɡ æ ð ɹ̩ d	ɡ æ ð ɹ̩ d	ɡ æ s	ɡ æ s t	ɡ æ ð ɹ̩ t	1	0	0
model_mean	b ɑː t ə l	b ɑː t ə l d	b ɑː t ə l d	b ɑː r k	b ɑː r k t	b ɑː t ə l t	1	0	0
model_mean	b iː m	b iː m d	b iː m d	b iː f	b iː f t	b iː m t	1	0	0
model_mean	k ə m p l e ɪ n	k ə m p l e ɪ n d	k ə m p l e ɪ n d	k ə m p ɛ r	k ə m p ɛ r d	k ə m p l e ɪ n d	1	1	1
model_mean	ə n l ɑː k	ə n l ɑː k t	ə n l ɑː k t	ə n p l ʌ ɡ	ə n p l ʌ ɡ d	ə n l ɑː k d	1	0	0
model_mean	b a ɪ k	b a ɪ k t	b a ɪ k t	b a ɪ t	b ɪ t	NA	1	0	0
model_mean	h ɔ k	h ɔ k t	h ɔ k t	h ɔ l	h ɔ l d	h ɔ k d	1	0	0
model_mean	f æ s ə n	f æ s ə n d	f æ s ə n d	f æ s ə n e ɪ t	f æ s ə n e ɪ t ə d	f æ s ə n ə d	1	0	0
model_mean	ɪ k s p ɛ k t	ɪ k s p ɛ k t ə d	ɪ k s p ɛ k t ə d	ɪ k s p æ n d	ɪ k s p æ n d ə d	ɪ k s p ɛ k t ə d	1	1	1
model_mean	l ɛ v ə l	l ɛ v ə l d	l ɛ v ə l d	l ɛ n d	l ɛ n t	NA	1	0	0
model_mean	f ɔ r m	f ɔ r m d	f ɔ r m d	f ɔ r s	f ɔ r s t	f ɔ r m t	1	0	0
model_mean	w æ ɡ	w æ ɡ d	w æ ɡ d	w æ k	w æ k t	w æ ɡ t	1	0	0
model_mean	f ʌ s	f ʌ s t	f ʌ s t	f ʌ k	f ʌ k t	f ʌ s t	1	1	1
model_mean	s m o ʊ k	s m o ʊ k t	s m o ʊ k t	s m æ ʃ	s m æ ʃ t	s m o ʊ k t	1	1	1
model_mean	ɪ n ɪ ʃ ə l	ɪ n ɪ ʃ ə l d	ɪ n ɪ ʃ ə l d	ɪ n v a ɪ t	ɪ n v a ɪ t ə d	ɪ n ɪ ʃ ə l ə d	1	0	0
model_mean	r iː b a ʊ n d	r iː b a ʊ n d ə d	r iː b a ʊ n d ə d	r iː m a ɪ n d	r iː m a ɪ n d ə d	r iː b a ʊ n d ə d	1	1	1
model_mean	b ɪ z iː	b ɪ z iː d	b ɪ z iː d	b ɪ l	b ɪ l d	b ɪ z iː d	1	1	1
model_mean	b ɔ r d	b ɔ r d ə d	b ɔ r d ə d	b ɔ r	b ɔ r d	b ɔ r d d	1	0	0
model_mean	s n æ k	s n æ k t	s n æ k t	s n æ p	s n æ p t	s n æ k t	1	1	1
model_mean	d r a ʊ n	d r a ʊ n d	d r a ʊ n d	d r e ɪ n	d r e ɪ n d	d r a ʊ n d	1	1	1
model_mean	b ɑː t ə m	b ɑː t ə m d	b ɑː t ə m d	b ɑː r k	b ɑː r k t	b ɑː t ə m t	1	0	0
model_mean	r iː t r iː v	r iː t r iː v d	r iː t r iː v d	r iː p ɔ r t	r iː p ɔ r t ə d	r iː t r iː v ə d	1	0	0
model_mean	s k r ɪ b ə l	s k r ɪ b ə l d	s k r ɪ b ə l d	s k r æ m b ə l	s k r æ m b ə l d	s k r ɪ b ə l d	1	1	1
model_mean	t ɛ n d	t ɛ n d ə d	t ɛ n d ə d	t ɛ s t	t ɛ s t ə d	t ɛ n d ə d	1	1	1
model_mean	ɔ r iː ɛ n t	ɔ r iː ɛ n t ə d	ɔ r iː ɛ n t ə d	θ r ɛ t ə n	θ r ɛ t ə n d	ɔ r iː ɛ n t d	1	0	0
model_mean	t uː l	t uː l d	t uː l d	t ʊ r	t ʊ r d	t uː l d	1	1	1
model_mean	ɡ æ l ə p	ɡ æ l ə p t	ɡ æ l ə p t	ɡ æ s	ɡ æ s t	ɡ æ l ə p t	1	1	1
model_mean	t a ɪ p	t a ɪ p t	t a ɪ p t	t a ɪ m	t a ɪ m d	t a ɪ p d	1	0	0
model_mean	l æ n d s k e ɪ p	l æ n d s k e ɪ p t	l d	h æ n d ə l	h æ n d ə l d	l æ n d s k e ɪ p d	1	0	0
model_mean	ə n d uː	ə n d ɪ d	ə n d uː d	ə n d r ɛ s	ə n d r ɛ s t	ə n d uː t	0	0	0
model_mean	r o ʊ p	r o ʊ p t	r o ʊ p t	r o ʊ l	r o ʊ l d	r o ʊ p d	1	0	0
model_mean	f ʌ m b ə l	f ʌ m b ə l d	f ʌ m b ə l d	f ʌ ŋ k ʃ ə n	f ʌ ŋ k ʃ ə n d	f ʌ m b ə l d	1	1	1
model_mean	ə n a ʊ n s	ə n a ʊ n s t	ə n a ʊ n s t	ə n t a ɪ	ə n t a ɪ d	ə n a ʊ n s d	1	0	0
model_mean	ʃ ʌ t ə l	ʃ ʌ t ə l d	ʃ ʌ t ə l d	ʃ ʌ f ə l	ʃ ʌ f ə l d	ʃ ʌ t ə l d	1	1	1
model_mean	f l æ t ə n	f l æ t ə n d	f l æ t ə n d	f l æ ɡ	f l æ ɡ d	f l æ t ə n d	1	1	1
model_mean	ə d r ɛ s	ə d r ɛ s t	ə d r ɛ s t	ə d ɑː p t	ə d ɑː p t ə d	ə d r ɛ s ə d	1	0	0
model_mean	d ɪ s p o ʊ z	d ɪ s p o ʊ z d	d ɪ s p o ʊ z d	d ɪ s p l e ɪ	d ɪ s p l e ɪ d	d ɪ s p o ʊ z d	1	1	1
model_mean	t æ ɡ	t æ ɡ d	t æ ɡ d	t æ p	t æ p t	t æ ɡ t	1	0	0
model_mean	p iː t ɹ̩	p iː t ɹ̩ d	p iː t ɹ̩ d	p iː k	p iː k t	p iː t ɹ̩ t	1	0	0
model_mean	l e ɪ s	l e ɪ s t	l e ɪ s t	l e ɪ	l e ɪ d	l e ɪ s d	1	0	0
model_mean	ɔ ɪ l	ɔ ɪ l d	ɔ ɪ l d	p ɔ ɪ n t	p ɔ ɪ n t ə d	ɔ ɪ l ə d	1	0	0
model_mean	t ɑː p	t ɑː p t	t ɑː p t	t iː	t iː d	t ɑː p d	1	0	0
model_mean	k æ p	k æ p t	k æ p t	k æ t͡ʃ	k ɔ t	NA	1	0	0
model_mean	ʃ a ɪ n	ʃ a ɪ n d	ʃ a ɪ n d	ʃ a ɪ	ʃ a ɪ d	ʃ a ɪ n d	1	1	1
model_mean	m ɑː r	m ɑː r d	m ɑː r d	m ɑː p	m ɑː p t	m ɑː r t	1	0	0
model_mean	s a ɪ n	s a ɪ n d	s a ɪ n d	s a ɪ d	s a ɪ d ə d	s a ɪ n ə d	1	0	0
model_mean	v ɔ ɪ s	v ɔ ɪ s t	v ɔ ɪ s t	v ɛ r iː	v ɛ r iː d	v ɔ ɪ s d	1	0	0
model_mean	ɪ ɡ n ɔ r	ɪ ɡ n ɔ r d	ɪ ɡ n ɔ r d	ɪ ɡ z ɹ̩ t	ɪ ɡ z ɹ̩ t ə d	ɪ ɡ n ɔ r ə d	1	0	0
model_mean	ɡ æ s p	ɡ æ s p t	ɡ æ s p t	ɡ æ s	ɡ æ s t	ɡ æ s p t	1	1	1
model_mean	l uː s	l uː s t	l uː s t	l uː z	l ɔ s t	NA	1	0	0
model_mean	ʃ o ʊ l d ɹ̩	ʃ o ʊ l d ɹ̩ d	ʃ o ʊ l d ɹ̩ d	h o ʊ l d	h ɛ l d	NA	1	0	0
model_mean	t͡ʃ ɪ p	t͡ʃ ɪ p t	t͡ʃ ɪ p t	t͡ʃ ɪ l	t͡ʃ ɪ l d	t͡ʃ ɪ p d	1	0	0
model_mean	ɡ ɑː l f	ɡ ɑː l f t	ɡ ɑː l f t	ɡ ɑː r d	ɡ ɑː r d ə d	ɡ ɑː l f ə d	1	0	0
model_mean	s t ɪ ŋ	s t ʌ ŋ	s t ɪ ŋ	s t ɪ t͡ʃ	s t ɪ t͡ʃ t	s t ɪ ŋ t	0	0	0
model_mean	e ɪ d	e ɪ d ə d	e ɪ d	e ɪ k	e ɪ k t	e ɪ d t	1	0	0
model_mean	f ɹ̩ m ɛ n t	f ɹ̩ m ɛ n t ə d	f ɹ̩ m ɛ n t ə d	p ɹ̩ f ɛ k t	p ɹ̩ f ɛ k t ə d	f ɹ̩ m ɛ n t ə d	1	1	1
model_mean	d͡ʒ o ʊ k	d͡ʒ o ʊ k t	d͡ʒ o ʊ k t	d͡ʒ æ k	d͡ʒ æ k t	d͡ʒ o ʊ k t	1	1	1
model_mean	ʃ ɑː k	ʃ ɑː k t	ʃ ɑː k t	ʃ ɛ l	ʃ ɛ l d	ʃ ɑː k d	1	0	0
model_mean	ɪ n t ɹ̩ ʌ p t	ɪ n t ɹ̩ ʌ p t ə d	ɪ n t ɹ̩ ʌ p t ə d	ɪ n t ɹ̩ æ k t	ɪ n t ɹ̩ æ k t ə d	ɪ n t ɹ̩ ʌ p t ə d	1	1	1
model_mean	k ə n f ɛ s	k ə n f ɛ s t	k ə n f ɛ s t	k ə n s ɹ̩ n	k ə n s ɹ̩ n d	k ə n f ɛ s d	1	0	0
model_mean	k o ʊ ɔ r d ə n e ɪ t	k o ʊ ɔ r d ə n e ɪ t ə d	k ə d ə n d	k o ʊ ɑː p ɹ̩ e ɪ t	k o ʊ ɑː p ɹ̩ e ɪ t ə d	k o ʊ ɔ r d ə n e ɪ t ə d	1	0	1
model_mean	ɛ n t ɹ̩	ɛ n t ɹ̩ d	ɛ n t ɹ̩ d	n ɛ s t	n ɛ s t ə d	ɛ n t ɹ̩ ə d	1	0	0
model_mean	ɑː r m	ɑː r m d	ɑː r m d	p ɑː r k	p ɑː r k t	ɑː r m t	1	0	0
model_mean	θ ʌ m p	θ ʌ m p t	θ ʌ m p t	θ ʌ m	θ ʌ m d	θ ʌ m p d	1	0	0
model_mean	b l ʌ d	b l ʌ d ə d	b l ʌ d ə d	b l ʌ ʃ	b l ʌ ʃ t	b l ʌ d t	1	0	0
model_mean	m o ʊ	m o ʊ d	m o ʊ d	m o ʊ n	m o ʊ n d	m o ʊ d	1	1	1
model_mean	t r æ n s k r a ɪ b	t r æ n s k r a ɪ b d	t k s k r a ɪ z d	t r æ n s f ɔ r m	t r æ n s f ɔ r m d	t r æ n s k r a ɪ b d	1	0	1
model_mean	k ə m p l iː t	k ə m p l iː t ə d	k ə m p l iː t ə d	k ə m p iː t	k ə m p iː t ə d	k ə m p l iː t ə d	1	1	1
model_mean	t ɔ r t͡ʃ ɹ̩	t ɔ r t͡ʃ ɹ̩ d	t ɔ r t͡ʃ ɹ̩ d	ɔ l t ɹ̩	ɔ l t ɹ̩ d	t ɔ r t͡ʃ ɹ̩ d	1	1	1
model_mean	r iː p ə z ɪ ʃ ə n	r iː p ə z ɪ ʃ ə n d	r iː z ə z d	r iː p l e ɪ s	r iː p l e ɪ s t	r iː p ə z ɪ ʃ ə n t	1	0	0
model_mean	k ɑː n	k ɑː n d	k ɑː n d	k ɑː m	k ɑː m d	k ɑː n d	1	1	1
model_mean	b ɔ l	b ɔ l d	b ɔ l d	b ɔ r	b ɔ r d	b ɔ l d	1	1	1
model_mean	k r iː k	k r iː k t	k r iː k t	k r iː m	k r iː m d	k r iː k d	1	0	0
model_mean	s ɔ f ə n	s ɔ f ə n d	s ɔ f ə n d	s ɔ r t	s ɔ r t ə d	s ɔ f ə n ə d	1	0	0
model_mean	f l ɹ̩ t	f l ɹ̩ t ə d	f l ɹ̩ t ə d	f l ʌ ʃ	f l ʌ ʃ t	f l ɹ̩ t t	1	0	0
model_mean	z ɪ ɡ z æ ɡ	z ɪ ɡ z æ ɡ d	z ɪ ɡ z æ ɡ d	r ɪ z ɛ m b ə l	r ɪ z ɛ m b ə l d	z ɪ ɡ z æ ɡ d	1	1	1
model_mean	s ɪ v ə l a ɪ z	s ɪ v ə l a ɪ z d	s ɪ v a ɪ z d	r ɪ v a ɪ z	r ɪ v a ɪ z d	s ɪ v ə l a ɪ z d	1	0	1
model_mean	w ɪ ŋ	w ɪ ŋ d	w ɪ ŋ d	w ɪ z	w ɪ z d	w ɪ ŋ d	1	1	1
model_mean	p ɔ z	p ɔ z d	p ɔ z d	p ɔ r	p ɔ r d	p ɔ z d	1	1	1
model_mean	ɪ n t͡ʃ	ɪ n t͡ʃ t	ɪ n t͡ʃ t	n ɪ p	n ɪ p t	ɪ n t͡ʃ t	1	1	1
model_mean	ə t͡ʃ iː v	ə t͡ʃ iː v d	ə t͡ʃ iː v d	ə p iː r	ə p iː r d	ə t͡ʃ iː v d	1	1	1
model_mean	m ə s ɑː ʒ	m ə s ɑː ʒ d	m ə s ɑː f t	m ə ʃ iː n	m ə ʃ iː n d	m ə s ɑː ʒ d	1	0	1
model_mean	s ɪ ŋ k	s æ ŋ k	s ɪ ŋ k t	s ɪ p	s ɪ p t	s ɪ ŋ k t	0	1	0
model_mean	s k o ʊ l d	s k o ʊ l d ə d	s k o ʊ l d ə d	s k e ɪ t	s k e ɪ t ə d	s k o ʊ l d ə d	1	1	1
model_mean	w ɪ n t ɹ̩	w ɪ n t ɹ̩ d	w ɪ n t ɹ̩ d	w ɪ s p ɹ̩	w ɪ s p ɹ̩ d	w ɪ n t ɹ̩ d	1	1	1
model_mean	t͡ʃ ɹ̩ n	t͡ʃ ɹ̩ n d	t͡ʃ ɹ̩ n d	t͡ʃ ɪ l	t͡ʃ ɪ l d	t͡ʃ ɹ̩ n d	1	1	1
model_mean	ʃ ɪ p	ʃ ɪ p t	ʃ ɪ p t	ʃ a ɪ	ʃ a ɪ d	ʃ ɪ p d	1	0	0
model_mean	l uː p	l uː p t	l uː p t	l uː z	l ɔ s t	NA	1	0	0
model_mean	k ɔ ɪ n	k ɔ ɪ n d	k ɔ ɪ n d	k r ɔ l	k r ɔ l d	k ɔ ɪ n d	1	1	1
model_mean	p l æ s t ɹ̩	p l æ s t ɹ̩ d	p l æ s t ɹ̩ d	p l ʌ ŋ k	p l ʌ ŋ k t	p l æ s t ɹ̩ t	1	0	0
model_mean	k ə n s ɪ d ɹ̩	k ə n s ɪ d ɹ̩ d	k ə n s t ɹ̩ d	k ə n s ʌ l t	k ə n s ʌ l t ə d	k ə n s ɪ d ɹ̩ ə d	1	0	0
model_mean	f ɛ ð ɹ̩	f ɛ ð ɹ̩ d	f ɛ ð ɹ̩ d	f ɛ n s	f ɛ n s t	f ɛ ð ɹ̩ t	1	0	0
model_mean	s t iː m	s t iː m d	s t iː m d	s t iː l	s t o ʊ l	NA	1	0	0
model_mean	b l æ ŋ k ə t	b l æ ŋ k ə t ə d	b æ ŋ k ə k t ə d	b l ɑː s ə m	b l ɑː s ə m d	b l æ ŋ k ə t d	1	0	0
model_mean	k æ l k j ə l e ɪ t	k æ l k j ə l e ɪ t ə d	k j ə l d	æ k l ə m e ɪ t	æ k l ə m e ɪ t ə d	k æ l k j ə l e ɪ t ə d	1	0	1
model_mean	d͡ʒ ɛ s t͡ʃ ɹ̩	d͡ʒ ɛ s t͡ʃ ɹ̩ d	d͡ʒ ɛ s t͡ʃ ɹ̩ d	d͡ʒ ɛ l iː	d͡ʒ ɛ l iː d	d͡ʒ ɛ s t͡ʃ ɹ̩ d	1	1	1
model_mean	w ɛ d͡ʒ	w ɛ d͡ʒ d	w ɛ d͡ʒ d	w ɛ t	w ɛ t	w ɛ d͡ʒ	1	0	0
model_mean	t r ɪ p ə l	t r ɪ p ə l d	t r ɪ p ə l d	t r ʌ b ə l	t r ʌ b ə l d	t r ɪ p ə l d	1	1	1
model_mean	p ɑː r t	p ɑː r t ə d	p ɑː r t ə d	p ɑː r k	p ɑː r k t	p ɑː r t t	1	0	0
model_mean	h æ l o ʊ	h æ l o ʊ d	h æ l o ʊ d	h æ m ɹ̩	h æ m ɹ̩ d	h æ l o ʊ d	1	1	1
model_mean	s p ɔ r t	s p ɔ r t ə d	s p ɔ r t ə d	s p ɔ ɪ l	s p ɔ ɪ l d	s p ɔ r t d	1	0	0
model_mean	d ɑː r t	d ɑː r t ə d	d ɑː r t ə d	d ɑː r n	d ɑː r n d	d ɑː r t d	1	0	0
model_mean	ʃ ɪ v ɹ̩	ʃ ɪ v ɹ̩ d	ʃ ɪ v ɹ̩ d	ʃ ʌ v	ʃ ʌ v d	ʃ ɪ v ɹ̩ d	1	1	1
model_mean	ɡ r e ɪ z	ɡ r e ɪ z d	ɡ r e ɪ z d	ɡ r e ɪ t	ɡ r e ɪ t ə d	ɡ r e ɪ z ə d	1	0	0
model_mean	s o ʊ k	s o ʊ k t	s o ʊ k t	s o ʊ	s o ʊ d	s o ʊ k d	1	0	0
model_mean	b l o ʊ t	b l o ʊ t ə d	b l o ʊ t ə d	b l o ʊ	b l uː	NA	1	0	0
model_mean	s p l ɪ n t ɹ̩	s p l ɪ n t ɹ̩ d	s p l ɪ n t ɹ̩ d	s p l ɪ t	s p l ɪ t	s p l ɪ n t ɹ̩	1	0	0
model_mean	w iː	w iː d	w iː d	w uː	w uː d	w iː d	1	1	1
model_mean	ɡ iː r	ɡ iː r d	ɡ iː r d	ɡ r iː n	ɡ r iː n d	ɡ iː r d	1	1	1
model_mean	ə b z ɹ̩ v	ə b z ɹ̩ v d	ə b z ɹ̩ v d	ə b z ɔ r b	ə b z ɔ r b d	ə b z ɹ̩ v d	1	1	1
model_mean	s æ n d w ɪ t͡ʃ	s æ n d w ɪ t͡ʃ t	s æ n d w ɛ t͡ʃ t	s æ d ə l	s æ d ə l d	s æ n d w ɪ t͡ʃ d	1	0	0
model_mean	ɪ n k l uː d	ɪ n k l uː d ə d	ɪ n k l uː d ə d	ɪ n k w a ɪ ɹ̩	ɪ n k w a ɪ ɹ̩ d	ɪ n k l uː d d	1	0	0
model_mean	v o ʊ t	v o ʊ t ə d	v o ʊ t ə d	v ɛ r iː	v ɛ r iː d	v o ʊ t d	1	0	0
model_mean	k e ɪ v	k e ɪ v d	k e ɪ v d	k e ɪ k	k e ɪ k t	k e ɪ v t	1	0	0
model_mean	s p e ɪ	s p e ɪ d	s p e ɪ d	s p a ɪ	s p a ɪ d	s p e ɪ d	1	1	1
model_mean	t æ t uː	t æ t uː d	t æ t uː d	t æ t ɹ̩	t æ t ɹ̩ d	t æ t uː d	1	1	1
model_mean	p ɹ̩ s	p ɹ̩ s t	p ɹ̩ s t	p ɑː p	p ɑː p t	p ɹ̩ s t	1	1	1
model_mean	r ɪ ɡ r ɛ t	r ɪ ɡ r ɛ t ə d	r ɪ ɡ r ɛ t ə d	r ɪ z ɪ s t	r ɪ z ɪ s t ə d	r ɪ ɡ r ɛ t ə d	1	1	1
model_mean	k l ʌ t ɹ̩	k l ʌ t ɹ̩ d	k l ʌ t ɹ̩ d	k l æ m p	k l æ m p t	k l ʌ t ɹ̩ t	1	0	0
model_mean	d r ɛ n t͡ʃ	d r ɛ n t͡ʃ t	d r ɛ n t͡ʃ t	d r ɪ ŋ k	d r æ ŋ k	NA	1	0	0
model_mean	k l e ɪ m	k l e ɪ m d	k l e ɪ m d	k l ɪ k	k l ɪ k t	k l e ɪ m t	1	0	0
model_mean	f r a ʊ n	f r a ʊ n d	f r a ʊ n d	f r ʌ n t	f r ʌ n t ə d	f r a ʊ n ə d	1	0	0
model_mean	r iː n e ɪ m	r iː n e ɪ m d	r iː n e ɪ m d	r iː v j uː	r iː v j uː d	r iː n e ɪ m d	1	1	1
model_mean	ɛ n k ɹ̩ ɪ d͡ʒ	ɛ n k ɹ̩ ɪ d͡ʒ d	ɛ n k ɹ̩ ɪ d͡ʒ d	ɛ n d͡ʒ ɔ ɪ	ɛ n d͡ʒ ɔ ɪ d	ɛ n k ɹ̩ ɪ d͡ʒ d	1	1	1
model_mean	d ɪ l ɪ n iː e ɪ t	d ɪ l ɪ n iː e ɪ t ə d	d ɪ n ɪ n d	d ɪ l ɪ v ɹ̩	d ɪ l ɪ v ɹ̩ d	d ɪ l ɪ n iː e ɪ t d	1	0	0
model_mean	f iː t͡ʃ ɹ̩	f iː t͡ʃ ɹ̩ d	f iː t͡ʃ ɹ̩ d	f iː l d	f iː l d ə d	f iː t͡ʃ ɹ̩ ə d	1	0	0
model_mean	p ɛ ɡ	p ɛ ɡ d	p ɛ ɡ d	p ɛ r	p ɛ r d	p ɛ ɡ d	1	1	1
model_mean	m ɑː d ə f a ɪ	m ɑː d ə f a ɪ d	m ə d ə f a ɪ d	m ɑː r k ə t	m ɑː r k ə t ə d	m ɑː d ə f a ɪ ə d	1	0	0
model_mean	s l ɪ t	s l ɪ t	s l ɪ t ə d	s l ɪ p	s l ɪ p t	s l ɪ t t	0	0	0
model_mean	k ə n v ɪ n s	k ə n v ɪ n s t	k ə n v ɪ n s t	k ə n s ɹ̩ n	k ə n s ɹ̩ n d	k ə n v ɪ n s d	1	0	0
model_mean	s m uː ð	s m uː ð d	s m uː ð d	s m ɛ l	s m ɛ l d	s m uː ð d	1	1	1
model_mean	t æ k ə l	t æ k ə l d	t æ k ə l d	t æ t ə l	t æ t ə l d	t æ k ə l d	1	1	1
model_mean	k ə m j uː n ə k e ɪ t	k ə m j uː n ə k e ɪ t ə d	k ə n d	k ə m p iː t	k ə m p iː t ə d	k ə m j uː n ə k e ɪ t ə d	1	0	1
model_mean	t r ɑː t	t r ɑː t ə d	t r ɑː t ə d	t r ɪ k	t r ɪ k t	t r ɑː t t	1	0	0
model_mean	s t r æ d ə l	s t r æ d ə l d	s t r æ d ə l d	s t r a ɪ k	s t r ʌ k	NA	1	0	0
model_mean	θ ʌ n d ɹ̩	θ ʌ n d ɹ̩ d	θ ʌ n d ɹ̩ d	p ʌ n ɪ ʃ	p ʌ n ɪ ʃ t	θ ʌ n d ɹ̩ t	1	0	0
model_mean	ɪ n s p a ɪ ɹ̩	ɪ n s p a ɪ ɹ̩ d	ɪ n s p a ɪ ɹ̩ d	ɪ n s ɹ̩ t	ɪ n s ɹ̩ t ə d	ɪ n s p a ɪ ɹ̩ ə d	1	0	0
model_mean	l e ɪ b ɹ̩	l e ɪ b ɹ̩ d	l e ɪ b ɹ̩ d	l o ʊ ɹ̩	l o ʊ ɹ̩ d	l e ɪ b ɹ̩ d	1	1	1
model_mean	ə k ɹ̩	ə k ɹ̩ d	ə k ɹ̩ d	ə p iː r	ə p iː r d	ə k ɹ̩ d	1	1	1
model_mean	b r uː z	b r uː z d	b r uː z d	b r ʌ ʃ	b r ʌ ʃ t	b r uː z t	1	0	0
model_mean	t͡ʃ æ t	t͡ʃ æ t ə d	t͡ʃ æ t ə d	t͡ʃ ʌ ɡ	t͡ʃ ʌ ɡ d	t͡ʃ æ t d	1	0	0
model_stem	d uː	d ɪ d	d	b uː	b uː d	d uː d	0	0	0
model_stem	θ æ ŋ k	θ æ ŋ k t	θ æ ŋ k t	θ ɪ ŋ k	θ ɔ t	NA	1	0	0
model_stem	f ɔ l	f ɛ l	f ɔ l d	k ɔ l	k ɔ l d	f ɔ l d	0	1	0
model_stem	r ɪ m ɛ m b ɹ̩	r ɪ m ɛ m b ɹ̩ d	r ɪ m ɛ m b ɹ̩ d	o ʊ v ɹ̩ k ə m	o ʊ v ɹ̩ k e ɪ m	NA	1	0	0
model_stem	ɡ ɪ v	ɡ e ɪ v	ɡ ɪ v d	d a ɪ v	d o ʊ v	NA	0	0	0
model_stem	o ʊ p ə n	o ʊ p ə n d	o ʊ p ə n d	k ʊ ʃ ə n	k ʊ ʃ ə n d	o ʊ p ə n d	1	1	1
model_stem	h æ p ə n	h æ p ə n d	h æ p ə n d	r æ ʃ ə n	r æ ʃ ə n d	h æ p ə n d	1	1	1
model_stem	t ɛ l	t o ʊ l d	t ɛ l d	s ɛ l	s o ʊ l d	t o ʊ l d	0	0	1
model_stem	r æ p	r æ p t	r æ p t	z æ p	z æ p t	r æ p t	1	1	1
model_stem	l ʊ k	l ʊ k t	l ʊ k t	h ʊ k	h ʊ k t	l ʊ k t	1	1	1
model_stem	ɡ ɛ s	ɡ ɛ s t	ɡ ɛ s t	a ɪ s	a ɪ s t	ɡ ɛ s t	1	1	1
model_stem	r ɛ d iː	r ɛ d iː d	r ɛ d iː d	m ʌ d iː	m ʌ d iː d	r ɛ d iː d	1	1	1
model_stem	r ɑː b	r ɑː b d	r ɑː b d	s t ɑː r	s t ɑː r d	r ɑː b d	1	1	1
model_stem	s ɪ t	s æ t	s ɪ t	h ɪ t	h ɪ t	s ɪ t	0	1	0
model_stem	l a ɪ v	l a ɪ v d	l ɪ v	d a ɪ v	d o ʊ v	l o ʊ v	1	0	0
model_stem	b ɪ l ɔ ŋ	b ɪ l ɔ ŋ d	b ɪ l ɔ ŋ	s t r ɪ ŋ	s t r ʌ ŋ	NA	1	0	0
model_stem	m æ t ɹ̩	m æ t ɹ̩ d	m æ t ɹ̩ d	m iː t ɹ̩	m iː t ɹ̩ d	m æ t ɹ̩ d	1	1	1
model_stem	p æ s	p æ s t	p æ s t	a ɪ s	a ɪ s t	p æ s t	1	1	1
model_stem	ɡ r æ b	ɡ r æ b d	ɡ r æ b d	s t æ b	s t æ b d	ɡ r æ b d	1	1	1
model_stem	o ʊ n	o ʊ n d	o ʊ n d	d ɑː n	d ɑː n d	o ʊ n d	1	1	1
model_stem	d͡ʒ ʌ m p	d͡ʒ ʌ m p t	d͡ʒ ʌ m p t	b ʌ m p	b ʌ m p t	d͡ʒ ʌ m p t	1	1	1
model_stem	w ɑː t͡ʃ	w ɑː t͡ʃ t	w ɑː t͡ʃ t	l ɹ̩ t͡ʃ	l ɹ̩ t͡ʃ t	w ɑː t͡ʃ t	1	1	1
model_stem	w ɹ̩ k	w ɹ̩ k t	w ɹ̩ k t	w æ k	w æ k t	w ɹ̩ k t	1	1	1
model_stem	s t e ɪ	s t e ɪ d	s t e ɪ d	s w e ɪ	s w e ɪ d	s t e ɪ d	1	1	1
model_stem	b r e ɪ k	b r o ʊ k	b r e ɪ k t	f r ɪ s k	f r ɪ s k t	b r e ɪ k t	0	1	0
model_stem	f ɪ l	f ɪ l d	f ɪ l d	k ɪ l	k ɪ l d	f ɪ l d	1	1	1
model_stem	m uː v	m uː v d	m uː v d	l ʌ v	l ʌ v d	m uː v d	1	1	1
model_stem	r ɛ k ə m ɛ n d	r ɛ k ə m ɛ n d ə d	r ɛ k ə m ɛ n d	ɪ k s p l o ʊ d	ɪ k s p l o ʊ d ə d	r ɛ k ə m ɛ n d ə d	1	0	1
model_stem	s ɔ	s ɔ d	s ɔ d	p ɔ	p ɔ d	s ɔ d	1	1	1
model_stem	p æ t͡ʃ	p æ t͡ʃ t	p æ t͡ʃ t	k æ t͡ʃ	k ɔ t	p ɔ t	1	0	0
model_stem	ə n ɔ ɪ	ə n ɔ ɪ d	ə n ɔ ɪ d	ɛ n d͡ʒ ɔ ɪ	ɛ n d͡ʒ ɔ ɪ d	ə n ɔ ɪ d	1	1	1
model_stem	r a ɪ d	r o ʊ d	r a ɪ d ə d	h a ɪ d	h ɪ d	r ɪ d	0	0	0
model_stem	m ɛ ʒ ɹ̩	m ɛ ʒ ɹ̩ d	m ɛ m ɹ̩ d	p a ʊ ɹ̩	p a ʊ ɹ̩ d	m ɛ ʒ ɹ̩ d	1	0	1
model_stem	t w ɪ s t	t w ɪ s t ə d	t w ɪ s t ə d	t r ʌ s t	t r ʌ s t ə d	t w ɪ s t ə d	1	1	1
model_stem	t ɪ p	t ɪ p t	t ɪ p t	s ɪ p	s ɪ p t	t ɪ p t	1	1	1
model_stem	k ə n ɛ k t	k ə n ɛ k t ə d	k ə n ɛ k t ə d	k ə l ɛ k t	k ə l ɛ k t ə d	k ə n ɛ k t ə d	1	1	1
model_stem	b a ɪ	b ɔ t	b a ɪ d	t a ɪ	t a ɪ d	b a ɪ d	0	1	0
model_stem	m æ n	m æ n d	m æ n d	t æ n	t æ n d	m æ n d	1	1	1
model_stem	f e ɪ l	f e ɪ l d	f e ɪ l d	m e ɪ l	m e ɪ l d	f e ɪ l d	1	1	1
model_stem	s ɪ ŋ	s æ ŋ	s ɪ ŋ d	r ɪ ŋ	r æ ŋ	s æ ŋ	0	0	1
model_stem	h æ n d	h æ n d ə d	h æ n d ə d	b æ n d	b æ n d ə d	h æ n d ə d	1	1	1
model_stem	t͡ʃ iː r	t͡ʃ iː r d	t͡ʃ iː r d	h iː r	h ɹ̩ d	t͡ʃ ɹ̩ d	1	0	0
model_stem	s p ɑː t	s p ɑː t ə d	s p ɑː t ə d	b l ɑː t	b l ɑː t ə d	s p ɑː t ə d	1	1	1
model_stem	p o ʊ k	p o ʊ k t	p o ʊ k t	t͡ʃ o ʊ k	t͡ʃ o ʊ k t	p o ʊ k t	1	1	1
model_stem	t a ɪ ɹ̩	t a ɪ ɹ̩ d	t a ɪ ɹ̩ d	h a ɪ ɹ̩	h a ɪ ɹ̩ d	t a ɪ ɹ̩ d	1	1	1
model_stem	k ɪ d	k ɪ d ə d	k ɪ d	b ɪ d	b e ɪ d	k e ɪ d	1	0	0
model_stem	t͡ʃ uː z	t͡ʃ o ʊ z	t͡ʃ uː z d	b ʌ z	b ʌ z d	t͡ʃ uː z d	0	1	0
model_stem	p ɛ p ɹ̩	p ɛ p ɹ̩ d	p ɛ p ɹ̩ d	z ɪ p ɹ̩	z ɪ p ɹ̩ d	p ɛ p ɹ̩ d	1	1	1
model_stem	b l ɪ ŋ k	b l ɪ ŋ k t	b l æ ŋ k	p l ʌ ŋ k	p l ʌ ŋ k t	b l ɪ ŋ k t	1	0	1
model_stem	p ɹ̩ f ɔ r m	p ɹ̩ f ɔ r m d	p ɹ̩ f ɔ r m d	ə b z ɔ r b	ə b z ɔ r b d	p ɹ̩ f ɔ r m d	1	1	1
model_stem	p e ɪ	p e ɪ d	p e ɪ d	s e ɪ	s ɛ d	p ɛ d	1	0	0
model_stem	t͡ʃ uː	t͡ʃ uː d	t͡ʃ uː d	b uː	b uː d	t͡ʃ uː d	1	1	1
model_stem	p iː l	p iː l d	p iː l d	h iː l	h iː l d	p iː l d	1	1	1
model_stem	s n iː k	s n iː k t	s n iː k t	t w iː k	t w iː k t	s n iː k t	1	1	1
model_stem	r iː t͡ʃ	r iː t͡ʃ t	r iː t͡ʃ t	b iː t͡ʃ	b iː t͡ʃ t	r iː t͡ʃ t	1	1	1
model_stem	r ɪ p	r ɪ p t	r ɪ p t	n ɪ p	n ɪ p t	r ɪ p t	1	1	1
model_stem	w ɔ t ɹ̩	w ɔ t ɹ̩ d	w ɔ t ɹ̩ d	b ɛ t ɹ̩	b ɛ t ɹ̩ d	w ɔ t ɹ̩ d	1	1	1
model_stem	k l a ɪ m	k l a ɪ m d	k l a ɪ m d	t a ɪ m	t a ɪ m d	k l a ɪ m d	1	1	1
model_stem	ɪ n v ɛ s t ə ɡ e ɪ t	ɪ n v ɛ s t ə ɡ e ɪ t ə d	ɪ d ɛ s t ə ɡ ə d	m ə n ɪ p j ə l e ɪ t	m ə n ɪ p j ə l e ɪ t ə d	ɪ n v ɛ s t ə ɡ e ɪ t ə d	1	0	1
model_stem	a ɪ	a ɪ d	a ɪ d	s p a ɪ	s p a ɪ d	a ɪ d	1	1	1
model_stem	k ʊ k	k ʊ k t	k ʊ k t	k ɑː k	k ɑː k t	k ʊ k t	1	1	1
model_stem	p r e ɪ	p r e ɪ d	p r e ɪ d	p l e ɪ	p l e ɪ d	p r e ɪ d	1	1	1
model_stem	ɪ r ʌ p t	ɪ r ʌ p t ə d	ɪ r ʌ p t ə d	b l æ s t	b l æ s t ə d	ɪ r ʌ p t ə d	1	1	1
model_stem	w a ɪ p	w a ɪ p t	w a ɪ p t	s l ɪ p	s l ɪ p t	w a ɪ p t	1	1	1
model_stem	s t ʌ f	s t ʌ f t	s t ʌ f t	s n ʌ f	s n ʌ f t	s t ʌ f t	1	1	1
model_stem	s p iː k	s p o ʊ k	s p iː k t	t w iː k	t w iː k t	s p iː k t	0	1	0
model_stem	l a ɪ n	l a ɪ n d	l a ɪ n d	m a ɪ n	m a ɪ n d	l a ɪ n d	1	1	1
model_stem	b o ʊ l	b o ʊ l d	b o ʊ l d	h o ʊ l	h o ʊ l d	b o ʊ l d	1	1	1
model_stem	s p l æ ʃ	s p l æ ʃ t	s p l æ ʃ t	s k w ɑː ʃ	s k w ɑː ʃ t	s p l æ ʃ t	1	1	1
model_stem	s k w iː z	s k w iː z d	s k w iː z d	p l iː z	p l iː z d	s k w iː z d	1	1	1
model_stem	t͡ʃ ɑː r d͡ʒ	t͡ʃ ɑː r d͡ʒ d	t͡ʃ ɑː r d͡ʒ d	p e ɪ d͡ʒ	p e ɪ d͡ʒ d	t͡ʃ ɑː r d͡ʒ d	1	1	1
model_stem	b æ ŋ	b æ ŋ d	b æ ŋ d	t ʌ ŋ	t ʌ ŋ d	b æ ŋ d	1	1	1
model_stem	s t r e ɪ t ə n	s t r e ɪ t ə n d	s e ɪ t ə d ə n d	m e ɪ n t e ɪ n	m e ɪ n t e ɪ n d	s t r e ɪ t ə n d	1	0	1
model_stem	d ɪ ʃ	d ɪ ʃ t	d ɪ ʃ t	w ɪ ʃ	w ɪ ʃ t	d ɪ ʃ t	1	1	1
model_stem	b a ɪ s ɪ k ə l	b a ɪ s ɪ k ə l d	b a ɪ s k ə k ə l a ɪ k ə d	r iː s a ɪ k ə l	r iː s a ɪ k ə l d	b a ɪ s ɪ k ə l d	1	0	1
model_stem	b ʌ t ɹ̩	b ʌ t ɹ̩ d	b ʌ t ɹ̩ d	b ɛ t ɹ̩	b ɛ t ɹ̩ d	b ʌ t ɹ̩ d	1	1	1
model_stem	w ɹ̩ iː	w ɹ̩ iː d	w ɹ̩ iː d	h ɹ̩ iː	h ɹ̩ iː d	w ɹ̩ iː d	1	1	1
model_stem	f ɪ ʃ	f ɪ ʃ t	f ɪ ʃ t	w ɑː ʃ	w ɑː ʃ t	f ɪ ʃ t	1	1	1
model_stem	p l ʌ n d͡ʒ	p l ʌ n d͡ʒ d	p l ʌ n d͡ʒ d	r e ɪ n d͡ʒ	r e ɪ n d͡ʒ d	p l ʌ n d͡ʒ d	1	1	1
model_stem	p a ʊ n d	p a ʊ n d ə d	p a ʊ n d ə d	w a ɪ n d	w a ɪ n d ə d	p a ʊ n d ə d	1	1	1
model_stem	s w ɪ t͡ʃ	s w ɪ t͡ʃ t	s w ɪ t͡ʃ t	s t ɪ t͡ʃ	s t ɪ t͡ʃ t	s w ɪ t͡ʃ t	1	1	1
model_stem	p r iː p ɛ r	p r iː p ɛ r d	p r iː p ɛ r d	k ə m p ɛ r	k ə m p ɛ r d	p r iː p ɛ r d	1	1	1
model_stem	t r æ ʃ	t r æ ʃ t	t r æ ʃ t	k r æ ʃ	k r æ ʃ t	t r æ ʃ t	1	1	1
model_stem	s iː d	s iː d ə d	s iː d ə d	b iː d	b iː d ə d	s iː d ə d	1	1	1
model_stem	s n iː z	s n iː z d	s n iː z d	f r iː z	f r o ʊ z	s n o ʊ z	1	0	0
model_stem	k r ʌ n t͡ʃ	k r ʌ n t͡ʃ t	k r ʌ n t͡ʃ t	k r a ʊ t͡ʃ	k r a ʊ t͡ʃ t	k r ʌ n t͡ʃ t	1	1	1
model_stem	o ʊ v ɹ̩ f l o ʊ	o ʊ v ɹ̩ f l o ʊ d	o ʊ v ɹ̩ f l o ʊ l o ʊ v o ʊ l o ʊ v o	s w ɑː l o ʊ	s w ɑː l o ʊ d	o ʊ v ɹ̩ f l o ʊ d	1	0	1
model_stem	r ɪ p iː t	r ɪ p iː t ə d	r ɪ p iː t ə d	f l o ʊ t	f l o ʊ t ə d	r ɪ p iː t ə d	1	1	1
model_stem	ə v ɔ ɪ d	ə v ɔ ɪ d ə d	ə v ɔ ɪ d ə d	b r e ɪ d	b r e ɪ d ə d	ə v ɔ ɪ d ə d	1	1	1
model_stem	n o ʊ t	n o ʊ t ə d	n o ʊ t ə d	b o ʊ t	b o ʊ t ə d	n o ʊ t ə d	1	1	1
model_stem	p ʌ m p	p ʌ m p t	p ʌ m p t	b ʌ m p	b ʌ m p t	p ʌ m p t	1	1	1
model_stem	f l iː	f l ɛ d	f l iː d	s k iː	s k iː d	f l iː d	0	1	0
model_stem	ə n f o ʊ l d	ə n f o ʊ l d ə d	ə n f o ʊ l d ə d	r iː m a ɪ n d	r iː m a ɪ n d ə d	ə n f o ʊ l d ə d	1	1	1
model_stem	b ɔ k	b ɔ k t	b ɔ k t	t͡ʃ ɔ k	t͡ʃ ɔ k t	b ɔ k t	1	1	1
model_stem	h iː t	h iː t ə d	h iː t ə d	s iː t	s iː t ə d	h iː t ə d	1	1	1
model_stem	m ɪ l k	m ɪ l k t	m ɪ l k t	m ɑː r k	m ɑː r k t	m ɪ l k t	1	1	1
model_stem	ʃ uː	ʃ uː d	ʃ uː d	s uː	s uː d	ʃ uː d	1	1	1
model_stem	h ɑː l ɹ̩	h ɑː l ɹ̩ d	h ɑː l ɹ̩ d	t a ʊ ɹ̩	t a ʊ ɹ̩ d	h ɑː l ɹ̩ d	1	1	1
model_stem	t r ɪ p	t r ɪ p t	t r ɪ p t	t r æ p	t r æ p t	t r ɪ p t	1	1	1
model_stem	ɪ k s ɛ p t	ɪ k s ɛ p t ə d	ɪ k s ɛ p t ə d	æ k s ɛ p t	æ k s ɛ p t ə d	ɪ k s ɛ p t ə d	1	1	1
model_stem	b a ʊ n s	b a ʊ n s t	b a ʊ n s t	p a ʊ n s	p a ʊ n s t	b a ʊ n s t	1	1	1
model_stem	s k uː l	s k uː l d	s k uː l d	p uː l	p uː l d	s k uː l d	1	1	1
model_stem	t r e ɪ s	t r e ɪ s t	t r e ɪ s t	ɪ r e ɪ s	ɪ r e ɪ s t	t r e ɪ s t	1	1	1
model_stem	d a ʊ n	d a ʊ n d	d a ʊ n d	m o ʊ n	m o ʊ n d	d a ʊ n d	1	1	1
model_stem	ə r e ɪ n d͡ʒ	ə r e ɪ n d͡ʒ d	ə r e ɪ n d͡ʒ d	ɪ n ɡ e ɪ d͡ʒ	ɪ n ɡ e ɪ d͡ʒ d	ə r e ɪ n d͡ʒ d	1	1	1
model_stem	d ɛ r	d ɛ r d	d ɛ r d	t͡ʃ ɛ r	t͡ʃ ɛ r d	d ɛ r d	1	1	1
model_stem	æ d	æ d ə d	æ d	iː t	e ɪ t	NA	1	0	0
model_stem	t r ɛ ʒ ɹ̩	t r ɛ ʒ ɹ̩ d	t r ɛ ŋ ɹ̩ d	p r ɛ ʃ ɹ̩	p r ɛ ʃ ɹ̩ d	t r ɛ ʒ ɹ̩ d	1	0	1
model_stem	w ɑː b ə l	w ɑː b ə l d	w ɑː b ə l d	b æ b ə l	b æ b ə l d	w ɑː b ə l d	1	1	1
model_stem	p iː s	p iː s t	p iː s t	k ɪ s	k ɪ s t	p iː s t	1	1	1
model_stem	n æ p	n æ p t	n æ p t	l æ p	l æ p t	n æ p t	1	1	1
model_stem	p o ʊ z	p o ʊ z d	p o ʊ z d	h a ʊ z	h a ʊ z d	p o ʊ z d	1	1	1
model_stem	ə n p æ k	ə n p æ k t	ə n p æ k t	p æ n ɪ k	p æ n ɪ k t	ə n p æ k t	1	1	1
model_stem	r iː ə l a ɪ z	r iː ə l a ɪ z d	r iː ə l a ɪ z d	s ɹ̩ p r a ɪ z	s ɹ̩ p r a ɪ z d	r iː ə l a ɪ z d	1	1	1
model_stem	b ʌ ɡ	b ʌ ɡ d	b ʌ ɡ d	t͡ʃ ʌ ɡ	t͡ʃ ʌ ɡ d	b ʌ ɡ d	1	1	1
model_stem	b ʊ t͡ʃ ɹ̩	b ʊ t͡ʃ ɹ̩ d	b ʊ t͡ʃ ɹ̩ d	m ɹ̩ d ɹ̩	m ɹ̩ d ɹ̩ d	b ʊ t͡ʃ ɹ̩ d	1	1	1
model_stem	m ʌ f ə l	m ʌ f ə l d	m ʌ f ə l d	b æ f ə l	b æ f ə l d	m ʌ f ə l d	1	1	1
model_stem	r ɪ p ɛ r	r ɪ p ɛ r d	r ɪ p ɛ r d	s k w ɛ r	s k w ɛ r d	r ɪ p ɛ r d	1	1	1
model_stem	s t ɪ ŋ k	s t ʌ ŋ k	s t ɪ ŋ k	s p æ ŋ k	s p æ ŋ k t	s t ɪ ŋ k t	0	0	0
model_stem	ɡ æ ð ɹ̩	ɡ æ ð ɹ̩ d	ɡ æ ð ɹ̩ d	b ɑː ð ɹ̩	b ɑː ð ɹ̩ d	ɡ æ ð ɹ̩ d	1	1	1
model_stem	b ɑː t ə l	b ɑː t ə l d	b ɑː t ə l d	b æ b ə l	b æ b ə l d	b ɑː t ə l d	1	1	1
model_stem	b iː m	b iː m d	b iː m d	s iː m	s iː m d	b iː m d	1	1	1
model_stem	k ə m p l e ɪ n	k ə m p l e ɪ n d	k ə m p l e ɪ n d	ɪ k s p l e ɪ n	ɪ k s p l e ɪ n d	k ə m p l e ɪ n d	1	1	1
model_stem	ə n l ɑː k	ə n l ɑː k t	ə n l ɑː k t	p æ n ɪ k	p æ n ɪ k t	ə n l ɑː k t	1	1	1
model_stem	b a ɪ k	b a ɪ k t	b a ɪ k t	h a ɪ k	h a ɪ k t	b a ɪ k t	1	1	1
model_stem	h ɔ k	h ɔ k t	h ɔ k t	t ɔ k	t ɔ k t	h ɔ k t	1	1	1
model_stem	f æ s ə n	f æ s ə n d	f æ s ə n d	k ʊ ʃ ə n	k ʊ ʃ ə n d	f æ s ə n d	1	1	1
model_stem	ɪ k s p ɛ k t	ɪ k s p ɛ k t ə d	ɪ k s p ɛ k t ə d	ɪ n s p ɛ k t	ɪ n s p ɛ k t ə d	ɪ k s p ɛ k t ə d	1	1	1
model_stem	l ɛ v ə l	l ɛ v ə l d	l ɛ v ə l d	n ɛ s ə l	n ɛ s ə l d	l ɛ v ə l d	1	1	1
model_stem	f ɔ r m	f ɔ r m d	f ɔ r m d	w ɔ r m	w ɔ r m d	f ɔ r m d	1	1	1
model_stem	w æ ɡ	w æ ɡ d	w æ ɡ d	b æ ɡ	b æ ɡ d	w æ ɡ d	1	1	1
model_stem	f ʌ s	f ʌ s t	f ʌ s t	m ɪ s	m ɪ s t	f ʌ s t	1	1	1
model_stem	s m o ʊ k	s m o ʊ k t	s m o ʊ k t	s p a ɪ k	s p a ɪ k t	s m o ʊ k t	1	1	1
model_stem	ɪ n ɪ ʃ ə l	ɪ n ɪ ʃ ə l d	ɪ n ɪ ʃ ə l d	d r ɪ b ə l	d r ɪ b ə l d	ɪ n ɪ ʃ ə l d	1	1	1
model_stem	r iː b a ʊ n d	r iː b a ʊ n d ə d	r iː b a ʊ n d ə d	r iː m a ɪ n d	r iː m a ɪ n d ə d	r iː b a ʊ n d ə d	1	1	1
model_stem	b ɪ z iː	b ɪ z iː d	b ɪ z iː d	d͡ʒ ɪ m iː	d͡ʒ ɪ m iː d	b ɪ z iː d	1	1	1
model_stem	b ɔ r d	b ɔ r d ə d	b ɔ r d ə d	ɡ ɑː r d	ɡ ɑː r d ə d	b ɔ r d ə d	1	1	1
model_stem	s n æ k	s n æ k t	s n æ k t	s m æ k	s m æ k t	s n æ k t	1	1	1
model_stem	d r a ʊ n	d r a ʊ n d	d r a ʊ n d	b r a ʊ n	b r a ʊ n d	d r a ʊ n d	1	1	1
model_stem	b ɑː t ə m	b ɑː t ə m d	b ɑː t ə m d	b æ b ə l	b æ b ə l d	b ɑː t ə m d	1	1	1
model_stem	r iː t r iː v	r iː t r iː v d	r iː t r iː v d	d ɪ s iː v	d ɪ s iː v d	r iː t r iː v d	1	1	1
model_stem	s k r ɪ b ə l	s k r ɪ b ə l d	s k r ɪ b ə l d	t r ɛ m b ə l	t r ɛ m b ə l d	s k r ɪ b ə l d	1	1	1
model_stem	t ɛ n d	t ɛ n d ə d	t ɛ n d ə d	m ɛ n d	m ɛ n d ə d	t ɛ n d ə d	1	1	1
model_stem	ɔ r iː ɛ n t	ɔ r iː ɛ n t ə d	ɔ r iː ɛ n t ə d	r iː p ɔ r t	r iː p ɔ r t ə d	ɔ r iː ɛ n t ə d	1	1	1
model_stem	t uː l	t uː l d	t uː l d	p uː l	p uː l d	t uː l d	1	1	1
model_stem	ɡ æ l ə p	ɡ æ l ə p t	ɡ æ l ə p t	ɡ r æ s p	ɡ r æ s p t	ɡ æ l ə p t	1	1	1
model_stem	t a ɪ p	t a ɪ p t	t a ɪ p t	s l ɪ p	s l ɪ p t	t a ɪ p t	1	1	1
model_stem	l æ n d s k e ɪ p	l æ n d s k e ɪ p t	l d	k ɪ d n æ p	k ɪ d n æ p t	l æ n d s k e ɪ p t	1	0	1
model_stem	ə n d uː	ə n d ɪ d	ə n d uː d	p r a ɪ	p r a ɪ d	ə n d uː d	0	1	0
model_stem	r o ʊ p	r o ʊ p t	r o ʊ p t	h o ʊ p	h o ʊ p t	r o ʊ p t	1	1	1
model_stem	f ʌ m b ə l	f ʌ m b ə l d	f ʌ m b ə l d	t ʌ m b ə l	t ʌ m b ə l d	f ʌ m b ə l d	1	1	1
model_stem	ə n a ʊ n s	ə n a ʊ n s t	ə n a ʊ n s t	b æ l ə n s	b æ l ə n s t	ə n a ʊ n s t	1	1	1
model_stem	ʃ ʌ t ə l	ʃ ʌ t ə l d	ʃ ʌ t ə l d	k ʌ d ə l	k ʌ d ə l d	ʃ ʌ t ə l d	1	1	1
model_stem	f l æ t ə n	f l æ t ə n d	f l æ t ə n d	ɪ m æ d͡ʒ ə n	ɪ m æ d͡ʒ ə n d	f l æ t ə n d	1	1	1
model_stem	ə d r ɛ s	ə d r ɛ s t	ə d r ɛ s t	s t r ɛ s	s t r ɛ s t	ə d r ɛ s t	1	1	1
model_stem	d ɪ s p o ʊ z	d ɪ s p o ʊ z d	d ɪ s p o ʊ z d	s ɹ̩ p r a ɪ z	s ɹ̩ p r a ɪ z d	d ɪ s p o ʊ z d	1	1	1
model_stem	t æ ɡ	t æ ɡ d	t æ ɡ d	b æ ɡ	b æ ɡ d	t æ ɡ d	1	1	1
model_stem	p iː t ɹ̩	p iː t ɹ̩ d	p iː t ɹ̩ d	t æ t ɹ̩	t æ t ɹ̩ d	p iː t ɹ̩ d	1	1	1
model_stem	l e ɪ s	l e ɪ s t	l e ɪ s t	r e ɪ s	r e ɪ s t	l e ɪ s t	1	1	1
model_stem	ɔ ɪ l	ɔ ɪ l d	ɔ ɪ l d	t͡ʃ ɪ l	t͡ʃ ɪ l d	ɔ ɪ l d	1	1	1
model_stem	t ɑː p	t ɑː p t	t ɑː p t	p ɑː p	p ɑː p t	t ɑː p t	1	1	1
model_stem	k æ p	k æ p t	k æ p t	t æ p	t æ p t	k æ p t	1	1	1
model_stem	ʃ a ɪ n	ʃ a ɪ n d	ʃ a ɪ n d	m a ɪ n	m a ɪ n d	ʃ a ɪ n d	1	1	1
model_stem	m ɑː r	m ɑː r d	m ɑː r d	d͡ʒ ɑː r	d͡ʒ ɑː r d	m ɑː r d	1	1	1
model_stem	s a ɪ n	s a ɪ n d	s a ɪ n d	m a ɪ n	m a ɪ n d	s a ɪ n d	1	1	1
model_stem	v ɔ ɪ s	v ɔ ɪ s t	v ɔ ɪ s t	m ɪ n s	m ɪ n s t	v ɔ ɪ s t	1	1	1
model_stem	ɪ ɡ n ɔ r	ɪ ɡ n ɔ r d	ɪ ɡ n ɔ r d	m æ n ə d͡ʒ	m æ n ə d͡ʒ d	ɪ ɡ n ɔ r d	1	1	1
model_stem	ɡ æ s p	ɡ æ s p t	ɡ æ s p t	s l ɪ p	s l ɪ p t	ɡ æ s p t	1	1	1
model_stem	l uː s	l uː s t	l uː s t	m ɪ s	m ɪ s t	l uː s t	1	1	1
model_stem	ʃ o ʊ l d ɹ̩	ʃ o ʊ l d ɹ̩ d	ʃ o ʊ l d ɹ̩ d	s k æ m p ɹ̩	s k æ m p ɹ̩ d	ʃ o ʊ l d ɹ̩ d	1	1	1
model_stem	t͡ʃ ɪ p	t͡ʃ ɪ p t	t͡ʃ ɪ p t	d ɪ p	d ɪ p t	t͡ʃ ɪ p t	1	1	1
model_stem	ɡ ɑː l f	ɡ ɑː l f t	ɡ ɑː l f t	s n ʌ f	s n ʌ f t	ɡ ɑː l f t	1	1	1
model_stem	s t ɪ ŋ	s t ʌ ŋ	s t ɪ ŋ	b r ɪ ŋ	b r ɔ t	s t ɔ t	0	0	0
model_stem	e ɪ d	e ɪ d ə d	e ɪ d	r ɪ d	r ɪ d	e ɪ d	1	1	0
model_stem	f ɹ̩ m ɛ n t	f ɹ̩ m ɛ n t ə d	f ɹ̩ m ɛ n t ə d	k ɑː m ɛ n t	k ɑː m ɛ n t ə d	f ɹ̩ m ɛ n t ə d	1	1	1
model_stem	d͡ʒ o ʊ k	d͡ʒ o ʊ k t	d͡ʒ o ʊ k t	t͡ʃ o ʊ k	t͡ʃ o ʊ k t	d͡ʒ o ʊ k t	1	1	1
model_stem	ʃ ɑː k	ʃ ɑː k t	ʃ ɑː k t	k ɑː k	k ɑː k t	ʃ ɑː k t	1	1	1
model_stem	ɪ n t ɹ̩ ʌ p t	ɪ n t ɹ̩ ʌ p t ə d	ɪ n t ɹ̩ ʌ p t ə d	ɪ n t ɹ̩ æ k t	ɪ n t ɹ̩ æ k t ə d	ɪ n t ɹ̩ ʌ p t ə d	1	1	1
model_stem	k ə n f ɛ s	k ə n f ɛ s t	k ə n f ɛ s t	ə n d r ɛ s	ə n d r ɛ s t	k ə n f ɛ s t	1	1	1
model_stem	k o ʊ ɔ r d ə n e ɪ t	k o ʊ ɔ r d ə n e ɪ t ə d	k ə d ə n d	m ə n ɪ p j ə l e ɪ t	m ə n ɪ p j ə l e ɪ t ə d	k o ʊ ɔ r d ə n e ɪ t ə d	1	0	1
model_stem	ɛ n t ɹ̩	ɛ n t ɹ̩ d	ɛ n t ɹ̩ d	m iː t ɹ̩	m iː t ɹ̩ d	ɛ n t ɹ̩ d	1	1	1
model_stem	ɑː r m	ɑː r m d	ɑː r m d	b ɑː m	b ɑː m d	ɑː r m d	1	1	1
model_stem	θ ʌ m p	θ ʌ m p t	θ ʌ m p t	b ʌ m p	b ʌ m p t	θ ʌ m p t	1	1	1
model_stem	b l ʌ d	b l ʌ d ə d	b l ʌ d ə d	b ɪ l d	b ɪ l t	b l ʌ t	1	0	0
model_stem	m o ʊ	m o ʊ d	m o ʊ d	r o ʊ	r o ʊ d	m o ʊ d	1	1	1
model_stem	t r æ n s k r a ɪ b	t r æ n s k r a ɪ b d	t k s k r a ɪ z d	d r ɔ	d r uː	NA	1	0	0
model_stem	k ə m p l iː t	k ə m p l iː t ə d	k ə m p l iː t ə d	r iː d ɹ̩ ɛ k t	r iː d ɹ̩ ɛ k t ə d	k ə m p l iː t ə d	1	1	1
model_stem	t ɔ r t͡ʃ ɹ̩	t ɔ r t͡ʃ ɹ̩ d	t ɔ r t͡ʃ ɹ̩ d	k æ p t͡ʃ ɹ̩	k æ p t͡ʃ ɹ̩ d	t ɔ r t͡ʃ ɹ̩ d	1	1	1
model_stem	r iː p ə z ɪ ʃ ə n	r iː p ə z ɪ ʃ ə n d	r iː z ə z d	ɪ m p r ɪ z ə n	ɪ m p r ɪ z ə n d	r iː p ə z ɪ ʃ ə n d	1	0	1
model_stem	k ɑː n	k ɑː n d	k ɑː n d	p ɛ n	p ɛ n d	k ɑː n d	1	1	1
model_stem	b ɔ l	b ɔ l d	b ɔ l d	h ɔ l	h ɔ l d	b ɔ l d	1	1	1
model_stem	k r iː k	k r iː k t	k r iː k t	k e ɪ k	k e ɪ k t	k r iː k t	1	1	1
model_stem	s ɔ f ə n	s ɔ f ə n d	s ɔ f ə n d	l ɪ s ə n	l ɪ s ə n d	s ɔ f ə n d	1	1	1
model_stem	f l ɹ̩ t	f l ɹ̩ t ə d	f l ɹ̩ t ə d	b l ɹ̩ t	b l ɹ̩ t ə d	f l ɹ̩ t ə d	1	1	1
model_stem	z ɪ ɡ z æ ɡ	z ɪ ɡ z æ ɡ d	z ɪ ɡ z æ ɡ d	r ɪ z a ɪ n	r ɪ z a ɪ n d	z ɪ ɡ z æ ɡ d	1	1	1
model_stem	s ɪ v ə l a ɪ z	s ɪ v ə l a ɪ z d	s ɪ v a ɪ z d	ɛ m f ə s a ɪ z	ɛ m f ə s a ɪ z d	s ɪ v ə l a ɪ z d	1	0	1
model_stem	w ɪ ŋ	w ɪ ŋ d	w ɪ ŋ d	r ɪ ŋ	r æ ŋ	w æ ŋ	1	0	0
model_stem	p ɔ z	p ɔ z d	p ɔ z d	k ɑː z	k ɑː z d	p ɔ z d	1	1	1
model_stem	ɪ n t͡ʃ	ɪ n t͡ʃ t	ɪ n t͡ʃ t	b iː t͡ʃ	b iː t͡ʃ t	ɪ n t͡ʃ t	1	1	1
model_stem	ə t͡ʃ iː v	ə t͡ʃ iː v d	ə t͡ʃ iː v d	ə p iː r	ə p iː r d	ə t͡ʃ iː v d	1	1	1
model_stem	m ə s ɑː ʒ	m ə s ɑː ʒ d	m ə s ɑː f t	t æ t ə l	t æ t ə l d	m ə s ɑː ʒ d	1	0	1
model_stem	s ɪ ŋ k	s æ ŋ k	s ɪ ŋ k t	d͡ʒ ʌ ŋ k	d͡ʒ ʌ ŋ k t	s ɪ ŋ k t	0	1	0
model_stem	s k o ʊ l d	s k o ʊ l d ə d	s k o ʊ l d ə d	s ɹ̩ a ʊ n d	s ɹ̩ a ʊ n d ə d	s k o ʊ l d ə d	1	1	1
model_stem	w ɪ n t ɹ̩	w ɪ n t ɹ̩ d	w ɪ n t ɹ̩ d	w ɪ s p ɹ̩	w ɪ s p ɹ̩ d	w ɪ n t ɹ̩ d	1	1	1
model_stem	t͡ʃ ɹ̩ n	t͡ʃ ɹ̩ n d	t͡ʃ ɹ̩ n d	b ɹ̩ n	b ɹ̩ n d	t͡ʃ ɹ̩ n d	1	1	1
model_stem	ʃ ɪ p	ʃ ɪ p t	ʃ ɪ p t	z ɪ p	z ɪ p t	ʃ ɪ p t	1	1	1
model_stem	l uː p	l uː p t	l uː p t	w uː p	w uː p t	l uː p t	1	1	1
model_stem	k ɔ ɪ n	k ɔ ɪ n d	k ɔ ɪ n d	d͡ʒ ɔ ɪ n	d͡ʒ ɔ ɪ n d	k ɔ ɪ n d	1	1	1
model_stem	p l æ s t ɹ̩	p l æ s t ɹ̩ d	p l æ s t ɹ̩ d	s k æ m p ɹ̩	s k æ m p ɹ̩ d	p l æ s t ɹ̩ d	1	1	1
model_stem	k ə n s ɪ d ɹ̩	k ə n s ɪ d ɹ̩ d	k ə n s t ɹ̩ d	r iː k w a ɪ ɹ̩	r iː k w a ɪ ɹ̩ d	k ə n s ɪ d ɹ̩ d	1	0	1
model_stem	f ɛ ð ɹ̩	f ɛ ð ɹ̩ d	f ɛ ð ɹ̩ d	f ɹ̩ ð ɹ̩	f ɹ̩ ð ɹ̩ d	f ɛ ð ɹ̩ d	1	1	1
model_stem	s t iː m	s t iː m d	s t iː m d	k r iː m	k r iː m d	s t iː m d	1	1	1
model_stem	b l æ ŋ k ə t	b l æ ŋ k ə t ə d	b æ ŋ k ə k t ə d	k ə n s ʌ l t	k ə n s ʌ l t ə d	b l æ ŋ k ə t ə d	1	0	1
model_stem	k æ l k j ə l e ɪ t	k æ l k j ə l e ɪ t ə d	k j ə l d	k ə n t r ɪ b j uː t	k ə n t r ɪ b j uː t ə d	k æ l k j ə l e ɪ t ə d	1	0	1
model_stem	d͡ʒ ɛ s t͡ʃ ɹ̩	d͡ʒ ɛ s t͡ʃ ɹ̩ d	d͡ʒ ɛ s t͡ʃ ɹ̩ d	v ɛ n t͡ʃ ɹ̩	v ɛ n t͡ʃ ɹ̩ d	d͡ʒ ɛ s t͡ʃ ɹ̩ d	1	1	1
model_stem	w ɛ d͡ʒ	w ɛ d͡ʒ d	w ɛ d͡ʒ d	b ʌ d͡ʒ	b ʌ d͡ʒ d	w ɛ d͡ʒ d	1	1	1
model_stem	t r ɪ p ə l	t r ɪ p ə l d	t r ɪ p ə l d	d r ɪ b ə l	d r ɪ b ə l d	t r ɪ p ə l d	1	1	1
model_stem	p ɑː r t	p ɑː r t ə d	p ɑː r t ə d	p æ n t	p æ n t ə d	p ɑː r t ə d	1	1	1
model_stem	h æ l o ʊ	h æ l o ʊ d	h æ l o ʊ d	m ɛ l o ʊ	m ɛ l o ʊ d	h æ l o ʊ d	1	1	1
model_stem	s p ɔ r t	s p ɔ r t ə d	s p ɔ r t ə d	s m ɑː r t	s m ɑː r t ə d	s p ɔ r t ə d	1	1	1
model_stem	d ɑː r t	d ɑː r t ə d	d ɑː r t ə d	h ʌ n t	h ʌ n t ə d	d ɑː r t ə d	1	1	1
model_stem	ʃ ɪ v ɹ̩	ʃ ɪ v ɹ̩ d	ʃ ɪ v ɹ̩ d	k ʌ v ɹ̩	k ʌ v ɹ̩ d	ʃ ɪ v ɹ̩ d	1	1	1
model_stem	ɡ r e ɪ z	ɡ r e ɪ z d	ɡ r e ɪ z d	p r e ɪ z	p r e ɪ z d	ɡ r e ɪ z d	1	1	1
model_stem	s o ʊ k	s o ʊ k t	s o ʊ k t	t͡ʃ o ʊ k	t͡ʃ o ʊ k t	s o ʊ k t	1	1	1
model_stem	b l o ʊ t	b l o ʊ t ə d	b l o ʊ t ə d	b o ʊ l t	b o ʊ l t ə d	b l o ʊ t ə d	1	1	1
model_stem	s p l ɪ n t ɹ̩	s p l ɪ n t ɹ̩ d	s p l ɪ n t ɹ̩ d	f l a ʊ n d ɹ̩	f l a ʊ n d ɹ̩ d	s p l ɪ n t ɹ̩ d	1	1	1
model_stem	w iː	w iː d	w iː d	s iː	s ɔ	w ɔ	1	0	0
model_stem	ɡ iː r	ɡ iː r d	ɡ iː r d	h iː r	h ɹ̩ d	ɡ ɹ̩ d	1	0	0
model_stem	ə b z ɹ̩ v	ə b z ɹ̩ v d	ə b z ɹ̩ v d	d ɪ z ɹ̩ v	d ɪ z ɹ̩ v d	ə b z ɹ̩ v d	1	1	1
model_stem	s æ n d w ɪ t͡ʃ	s æ n d w ɪ t͡ʃ t	s æ n d w ɛ t͡ʃ t	w ɹ̩ ʃ ɪ p	w ɹ̩ ʃ ɪ p t	s æ n d w ɪ t͡ʃ t	1	0	1
model_stem	ɪ n k l uː d	ɪ n k l uː d ə d	ɪ n k l uː d ə d	d ɪ m æ n d	d ɪ m æ n d ə d	ɪ n k l uː d ə d	1	1	1
model_stem	v o ʊ t	v o ʊ t ə d	v o ʊ t ə d	b o ʊ t	b o ʊ t ə d	v o ʊ t ə d	1	1	1
model_stem	k e ɪ v	k e ɪ v d	k e ɪ v d	ʃ e ɪ v	ʃ e ɪ v d	k e ɪ v d	1	1	1
model_stem	s p e ɪ	s p e ɪ d	s p e ɪ d	s w e ɪ	s w e ɪ d	s p e ɪ d	1	1	1
model_stem	t æ t uː	t æ t uː d	t æ t uː d	s k r uː	s k r uː d	t æ t uː d	1	1	1
model_stem	p ɹ̩ s	p ɹ̩ s t	p ɹ̩ s t	n ɹ̩ s	n ɹ̩ s t	p ɹ̩ s t	1	1	1
model_stem	r ɪ ɡ r ɛ t	r ɪ ɡ r ɛ t ə d	r ɪ ɡ r ɛ t ə d	r ɪ d͡ʒ ɛ k t	r ɪ d͡ʒ ɛ k t ə d	r ɪ ɡ r ɛ t ə d	1	1	1
model_stem	k l ʌ t ɹ̩	k l ʌ t ɹ̩ d	k l ʌ t ɹ̩ d	f ɪ l t ɹ̩	f ɪ l t ɹ̩ d	k l ʌ t ɹ̩ d	1	1	1
model_stem	d r ɛ n t͡ʃ	d r ɛ n t͡ʃ t	d r ɛ n t͡ʃ t	k r a ʊ t͡ʃ	k r a ʊ t͡ʃ t	d r ɛ n t͡ʃ t	1	1	1
model_stem	k l e ɪ m	k l e ɪ m d	k l e ɪ m d	b l e ɪ m	b l e ɪ m d	k l e ɪ m d	1	1	1
model_stem	f r a ʊ n	f r a ʊ n d	f r a ʊ n d	b r a ʊ n	b r a ʊ n d	f r a ʊ n d	1	1	1
model_stem	r iː n e ɪ m	r iː n e ɪ m d	r iː n e ɪ m d	t e ɪ b ə l	t e ɪ b ə l d	r iː n e ɪ m d	1	1	1
model_stem	ɛ n k ɹ̩ ɪ d͡ʒ	ɛ n k ɹ̩ ɪ d͡ʒ d	ɛ n k ɹ̩ ɪ d͡ʒ d	ɪ n ɡ e ɪ d͡ʒ	ɪ n ɡ e ɪ d͡ʒ d	ɛ n k ɹ̩ ɪ d͡ʒ d	1	1	1
model_stem	d ɪ l ɪ n iː e ɪ t	d ɪ l ɪ n iː e ɪ t ə d	d ɪ n ɪ n d	s ɛ l ə b r e ɪ t	s ɛ l ə b r e ɪ t ə d	d ɪ l ɪ n iː e ɪ t ə d	1	0	1
model_stem	f iː t͡ʃ ɹ̩	f iː t͡ʃ ɹ̩ d	f iː t͡ʃ ɹ̩ d	ɔ r d ɹ̩	ɔ r d ɹ̩ d	f iː t͡ʃ ɹ̩ d	1	1	1
model_stem	p ɛ ɡ	p ɛ ɡ d	p ɛ ɡ d	b ɛ ɡ	b ɛ ɡ d	p ɛ ɡ d	1	1	1
model_stem	m ɑː d ə f a ɪ	m ɑː d ə f a ɪ d	m ə d ə f a ɪ d	d ɪ s t r ɔ ɪ	d ɪ s t r ɔ ɪ d	m ɑː d ə f a ɪ d	1	0	1
model_stem	s l ɪ t	s l ɪ t	s l ɪ t ə d	s p ɪ t	s p æ t	s l æ t	0	0	0
model_stem	k ə n v ɪ n s	k ə n v ɪ n s t	k ə n v ɪ n s t	s ɛ n t ə n s	s ɛ n t ə n s t	k ə n v ɪ n s t	1	1	1
model_stem	s m uː ð	s m uː ð d	s m uː ð d	m a ʊ ð	m a ʊ ð d	s m uː ð d	1	1	1
model_stem	t æ k ə l	t æ k ə l d	t æ k ə l d	t æ t ə l	t æ t ə l d	t æ k ə l d	1	1	1
model_stem	k ə m j uː n ə k e ɪ t	k ə m j uː n ə k e ɪ t ə d	k ə n d	m ə n ɪ p j ə l e ɪ t	m ə n ɪ p j ə l e ɪ t ə d	k ə m j uː n ə k e ɪ t ə d	1	0	1
model_stem	t r ɑː t	t r ɑː t ə d	t r ɑː t ə d	b l ɑː t	b l ɑː t ə d	t r ɑː t ə d	1	1	1
model_stem	s t r æ d ə l	s t r æ d ə l d	s t r æ d ə l d	s t e ɪ p ə l	s t e ɪ p ə l d	s t r æ d ə l d	1	1	1
model_stem	θ ʌ n d ɹ̩	θ ʌ n d ɹ̩ d	θ ʌ n d ɹ̩ d	t ɛ n d ɹ̩	t ɛ n d ɹ̩ d	θ ʌ n d ɹ̩ d	1	1	1
model_stem	ɪ n s p a ɪ ɹ̩	ɪ n s p a ɪ ɹ̩ d	ɪ n s p a ɪ ɹ̩ d	ɪ n k w a ɪ ɹ̩	ɪ n k w a ɪ ɹ̩ d	ɪ n s p a ɪ ɹ̩ d	1	1	1
model_stem	l e ɪ b ɹ̩	l e ɪ b ɹ̩ d	l e ɪ b ɹ̩ d	p æ m p ɹ̩	p æ m p ɹ̩ d	l e ɪ b ɹ̩ d	1	1	1
model_stem	ə k ɹ̩	ə k ɹ̩ d	ə k ɹ̩ d	s t ɹ̩	s t ɹ̩ d	ə k ɹ̩ d	1	1	1
model_stem	b r uː z	b r uː z d	b r uː z d	f r iː z	f r o ʊ z	NA	1	0	0
model_stem	t͡ʃ æ t	t͡ʃ æ t ə d	t͡ʃ æ t ə d	b æ t	b æ t ə d	t͡ʃ æ t ə d	1	1	1
string	d uː	d ɪ d	d	s uː	s uː d	d uː d	0	0	0
string	θ æ ŋ k	θ æ ŋ k t	θ æ ŋ k t	θ ɪ ŋ k	θ ɔ t	NA	1	0	0
string	f ɔ l	f ɛ l	f ɔ l d	h ɔ l	h ɔ l d	f ɔ l d	0	1	0
string	r ɪ m ɛ m b ɹ̩	r ɪ m ɛ m b ɹ̩ d	r ɪ m ɛ m b ɹ̩ d	r ɪ z ɛ m b ə l	r ɪ z ɛ m b ə l d	r ɪ m ɛ m b ɹ̩ d	1	1	1
string	ɡ ɪ v	ɡ e ɪ v	ɡ ɪ v d	w ɪ l	w ɪ l d	ɡ ɪ v d	0	1	0
string	o ʊ p ə n	o ʊ p ə n d	o ʊ p ə n d	k ʊ ʃ ə n	k ʊ ʃ ə n d	o ʊ p ə n d	1	1	1
string	h æ p ə n	h æ p ə n d	h æ p ə n d	r æ ʃ ə n	r æ ʃ ə n d	h æ p ə n d	1	1	1
string	t ɛ l	t o ʊ l d	t ɛ l d	ʃ ɛ l	ʃ ɛ l d	t ɛ l d	0	1	0
string	r æ p	r æ p t	r æ p t	l æ p	l æ p t	r æ p t	1	1	1
string	l ʊ k	l ʊ k t	l ʊ k t	l ɑː k	l ɑː k t	l ʊ k t	1	1	1
string	ɡ ɛ s	ɡ ɛ s t	ɡ ɛ s t	m ɛ s	m ɛ s t	ɡ ɛ s t	1	1	1
string	r ɛ d iː	r ɛ d iː d	r ɛ d iː d	r iː d	r ɛ d	NA	1	0	0
string	r ɑː b	r ɑː b d	r ɑː b d	r ɑː k	r ɑː k t	r ɑː b t	1	0	0
string	s ɪ t	s æ t	s ɪ t	s ɪ p	s ɪ p t	s ɪ t t	0	0	0
string	l a ɪ v	l a ɪ v d	l ɪ v	l a ɪ t	l ɪ t	NA	1	0	0
string	b ɪ l ɔ ŋ	b ɪ l ɔ ŋ d	b ɪ l ɔ ŋ	b ɪ l	b ɪ l d	b ɪ l ɔ ŋ d	1	0	1
string	m æ t ɹ̩	m æ t ɹ̩ d	m æ t ɹ̩ d	t æ t ɹ̩	t æ t ɹ̩ d	m æ t ɹ̩ d	1	1	1
string	p æ s	p æ s t	p æ s t	p æ k	p æ k t	p æ s t	1	1	1
string	ɡ r æ b	ɡ r æ b d	ɡ r æ b d	r ʌ b	r ʌ b d	ɡ r æ b d	1	1	1
string	o ʊ n	o ʊ n d	o ʊ n d	l o ʊ n	l o ʊ n d	o ʊ n d	1	1	1
string	d͡ʒ ʌ m p	d͡ʒ ʌ m p t	d͡ʒ ʌ m p t	b ʌ m p	b ʌ m p t	d͡ʒ ʌ m p t	1	1	1
string	w ɑː t͡ʃ	w ɑː t͡ʃ t	w ɑː t͡ʃ t	w ɑː ʃ	w ɑː ʃ t	w ɑː t͡ʃ t	1	1	1
string	w ɹ̩ k	w ɹ̩ k t	w ɹ̩ k t	w æ k	w æ k t	w ɹ̩ k t	1	1	1
string	s t e ɪ	s t e ɪ d	s t e ɪ d	s t e ɪ n	s t e ɪ n d	s t e ɪ d	1	1	1
string	b r e ɪ k	b r o ʊ k	b r e ɪ k t	b r e ɪ d	b r e ɪ d ə d	b r e ɪ k ə d	0	0	0
string	f ɪ l	f ɪ l d	f ɪ l d	f a ɪ l	f a ɪ l d	f ɪ l d	1	1	1
string	m uː v	m uː v d	m uː v d	r uː l	r uː l d	m uː v d	1	1	1
string	r ɛ k ə m ɛ n d	r ɛ k ə m ɛ n d ə d	r ɛ k ə m ɛ n d	m ɛ n d	m ɛ n d ə d	r ɛ k ə m ɛ n d ə d	1	0	1
string	s ɔ	s ɔ d	s ɔ d	θ ɔ	θ ɔ d	s ɔ d	1	1	1
string	p æ t͡ʃ	p æ t͡ʃ t	p æ t͡ʃ t	h æ t͡ʃ	h æ t͡ʃ t	p æ t͡ʃ t	1	1	1
string	ə n ɔ ɪ	ə n ɔ ɪ d	ə n ɔ ɪ d	ɛ n d͡ʒ ɔ ɪ	ɛ n d͡ʒ ɔ ɪ d	ə n ɔ ɪ d	1	1	1
string	r a ɪ d	r o ʊ d	r a ɪ d ə d	s a ɪ d	s a ɪ d ə d	r a ɪ d ə d	0	1	0
string	m ɛ ʒ ɹ̩	m ɛ ʒ ɹ̩ d	m ɛ m ɹ̩ d	m ɹ̩ d ɹ̩	m ɹ̩ d ɹ̩ d	m ɛ ʒ ɹ̩ d	1	0	1
string	t w ɪ s t	t w ɪ s t ə d	t w ɪ s t ə d	t e ɪ s t	t e ɪ s t ə d	t w ɪ s t ə d	1	1	1
string	t ɪ p	t ɪ p t	t ɪ p t	z ɪ p	z ɪ p t	t ɪ p t	1	1	1
string	k ə n ɛ k t	k ə n ɛ k t ə d	k ə n ɛ k t ə d	k ə l ɛ k t	k ə l ɛ k t ə d	k ə n ɛ k t ə d	1	1	1
string	b a ɪ	b ɔ t	b a ɪ d	b a ʊ	b a ʊ d	b a ɪ d	0	1	0
string	m æ n	m æ n d	m æ n d	f æ n	f æ n d	m æ n d	1	1	1
string	f e ɪ l	f e ɪ l d	f e ɪ l d	f a ɪ l	f a ɪ l d	f e ɪ l d	1	1	1
string	s ɪ ŋ	s æ ŋ	s ɪ ŋ d	r ɪ ŋ	r æ ŋ	s æ ŋ	0	0	1
string	h æ n d	h æ n d ə d	h æ n d ə d	s æ n d	s æ n d ə d	h æ n d ə d	1	1	1
string	t͡ʃ iː r	t͡ʃ iː r d	t͡ʃ iː r d	f iː r	f iː r d	t͡ʃ iː r d	1	1	1
string	s p ɑː t	s p ɑː t ə d	s p ɑː t ə d	p ɑː t	p ɑː t ə d	s p ɑː t ə d	1	1	1
string	p o ʊ k	p o ʊ k t	p o ʊ k t	t͡ʃ o ʊ k	t͡ʃ o ʊ k t	p o ʊ k t	1	1	1
string	t a ɪ ɹ̩	t a ɪ ɹ̩ d	t a ɪ ɹ̩ d	t a ɪ m	t a ɪ m d	t a ɪ ɹ̩ d	1	1	1
string	k ɪ d	k ɪ d ə d	k ɪ d	b ɪ d	b e ɪ d	k e ɪ d	1	0	0
string	t͡ʃ uː z	t͡ʃ o ʊ z	t͡ʃ uː z d	l uː z	l ɔ s t	t͡ʃ ɔ s t	0	0	0
string	p ɛ p ɹ̩	p ɛ p ɹ̩ d	p ɛ p ɹ̩ d	z ɪ p ɹ̩	z ɪ p ɹ̩ d	p ɛ p ɹ̩ d	1	1	1
string	b l ɪ ŋ k	b l ɪ ŋ k t	b l æ ŋ k	k l ɪ k	k l ɪ k t	b l ɪ ŋ k t	1	0	1
string	p ɹ̩ f ɔ r m	p ɹ̩ f ɔ r m d	p ɹ̩ f ɔ r m d	w ɔ r m	w ɔ r m d	p ɹ̩ f ɔ r m d	1	1	1
string	p e ɪ	p e ɪ d	p e ɪ d	p l e ɪ	p l e ɪ d	p e ɪ d	1	1	1
string	t͡ʃ uː	t͡ʃ uː d	t͡ʃ uː d	s uː	s uː d	t͡ʃ uː d	1	1	1
string	p iː l	p iː l d	p iː l d	s iː l	s iː l d	p iː l d	1	1	1
string	s n iː k	s n iː k t	s n iː k t	s iː k	s ɔ t	s n ɔ t	1	0	0
string	r iː t͡ʃ	r iː t͡ʃ t	r iː t͡ʃ t	r iː d	r ɛ d	NA	1	0	0
string	r ɪ p	r ɪ p t	r ɪ p t	d ɪ p	d ɪ p t	r ɪ p t	1	1	1
string	w ɔ t ɹ̩	w ɔ t ɹ̩ d	w ɔ t ɹ̩ d	w ɔ r m	w ɔ r m d	w ɔ t ɹ̩ d	1	1	1
string	k l a ɪ m	k l a ɪ m d	k l a ɪ m d	t͡ʃ a ɪ m	t͡ʃ a ɪ m d	k l a ɪ m d	1	1	1
string	ɪ n v ɛ s t ə ɡ e ɪ t	ɪ n v ɛ s t ə ɡ e ɪ t ə d	ɪ d ɛ s t ə ɡ ə d	ɪ n v a ɪ t	ɪ n v a ɪ t ə d	ɪ n v ɛ s t ə ɡ e ɪ t ə d	1	0	1
string	a ɪ	a ɪ d	a ɪ d	ʃ a ɪ	ʃ a ɪ d	a ɪ d	1	1	1
string	k ʊ k	k ʊ k t	k ʊ k t	h ʊ k	h ʊ k t	k ʊ k t	1	1	1
string	p r e ɪ	p r e ɪ d	p r e ɪ d	p r e ɪ z	p r e ɪ z d	p r e ɪ d	1	1	1
string	ɪ r ʌ p t	ɪ r ʌ p t ə d	ɪ r ʌ p t ə d	t r ʌ s t	t r ʌ s t ə d	ɪ r ʌ p t ə d	1	1	1
string	w a ɪ p	w a ɪ p t	w a ɪ p t	w a ɪ t	w a ɪ t ə d	w a ɪ p ə d	1	0	0
string	s t ʌ f	s t ʌ f t	s t ʌ f t	s n ʌ f	s n ʌ f t	s t ʌ f t	1	1	1
string	s p iː k	s p o ʊ k	s p iː k t	s p iː d	s p ɛ d	NA	0	0	0
string	l a ɪ n	l a ɪ n d	l a ɪ n d	l a ɪ k	l a ɪ k t	l a ɪ n t	1	0	0
string	b o ʊ l	b o ʊ l d	b o ʊ l d	h o ʊ l	h o ʊ l d	b o ʊ l d	1	1	1
string	s p l æ ʃ	s p l æ ʃ t	s p l æ ʃ t	s t æ ʃ	s t æ ʃ t	s p l æ ʃ t	1	1	1
string	s k w iː z	s k w iː z d	s k w iː z d	s k w iː k	s k w iː k t	s k w iː z t	1	0	0
string	t͡ʃ ɑː r d͡ʒ	t͡ʃ ɑː r d͡ʒ d	t͡ʃ ɑː r d͡ʒ d	p ɑː r k	p ɑː r k t	t͡ʃ ɑː r d͡ʒ t	1	0	0
string	b æ ŋ	b æ ŋ d	b æ ŋ d	b æ ʃ	b æ ʃ t	b æ ŋ t	1	0	0
string	s t r e ɪ t ə n	s t r e ɪ t ə n d	s e ɪ t ə d ə n d	s t e ɪ ʃ ə n	s t e ɪ ʃ ə n d	s t r e ɪ t ə n d	1	0	1
string	d ɪ ʃ	d ɪ ʃ t	d ɪ ʃ t	d ɪ ɡ	d ʌ ɡ	NA	1	0	0
string	b a ɪ s ɪ k ə l	b a ɪ s ɪ k ə l d	b a ɪ s k ə k ə l a ɪ k ə d	r ɪ ŋ k ə l	r ɪ ŋ k ə l d	b a ɪ s ɪ k ə l d	1	0	1
string	b ʌ t ɹ̩	b ʌ t ɹ̩ d	b ʌ t ɹ̩ d	b ɛ t ɹ̩	b ɛ t ɹ̩ d	b ʌ t ɹ̩ d	1	1	1
string	w ɹ̩ iː	w ɹ̩ iː d	w ɹ̩ iː d	h ɹ̩ iː	h ɹ̩ iː d	w ɹ̩ iː d	1	1	1
string	f ɪ ʃ	f ɪ ʃ t	f ɪ ʃ t	w ɪ ʃ	w ɪ ʃ t	f ɪ ʃ t	1	1	1
string	p l ʌ n d͡ʒ	p l ʌ n d͡ʒ d	p l ʌ n d͡ʒ d	l ʌ n t͡ʃ	l ʌ n t͡ʃ t	p l ʌ n d͡ʒ t	1	0	0
string	p a ʊ n d	p a ʊ n d ə d	p a ʊ n d ə d	r a ʊ n d	r a ʊ n d ə d	p a ʊ n d ə d	1	1	1
string	s w ɪ t͡ʃ	s w ɪ t͡ʃ t	s w ɪ t͡ʃ t	s w ɪ m	s w æ m	NA	1	0	0
string	p r iː p ɛ r	p r iː p ɛ r d	p r iː p ɛ r d	p r iː z ɛ n t	p r iː z ɛ n t ə d	p r iː p ɛ r ə d	1	0	0
string	t r æ ʃ	t r æ ʃ t	t r æ ʃ t	k r æ ʃ	k r æ ʃ t	t r æ ʃ t	1	1	1
string	s iː d	s iː d ə d	s iː d ə d	s iː p	s iː p t	s iː d t	1	0	0
string	s n iː z	s n iː z d	s n iː z d	s n æ p	s n æ p t	s n iː z t	1	0	0
string	k r ʌ n t͡ʃ	k r ʌ n t͡ʃ t	k r ʌ n t͡ʃ t	r ɛ n t͡ʃ	r ɛ n t͡ʃ t	k r ʌ n t͡ʃ t	1	1	1
string	o ʊ v ɹ̩ f l o ʊ	o ʊ v ɹ̩ f l o ʊ d	o ʊ v ɹ̩ f l o ʊ l o ʊ v o ʊ l o ʊ v o	o ʊ v ɹ̩ k ə m	o ʊ v ɹ̩ k e ɪ m	NA	1	0	0
string	r ɪ p iː t	r ɪ p iː t ə d	r ɪ p iː t ə d	r ɪ p ɛ l	r ɪ p ɛ l d	r ɪ p iː t d	1	0	0
string	ə v ɔ ɪ d	ə v ɔ ɪ d ə d	ə v ɔ ɪ d ə d	ə f ɔ r d	ə f ɔ r d ə d	ə v ɔ ɪ d ə d	1	1	1
string	n o ʊ t	n o ʊ t ə d	n o ʊ t ə d	b o ʊ t	b o ʊ t ə d	n o ʊ t ə d	1	1	1
string	p ʌ m p	p ʌ m p t	p ʌ m p t	b ʌ m p	b ʌ m p t	p ʌ m p t	1	1	1
string	f l iː	f l ɛ d	f l iː d	l iː p	l ɛ p t	NA	0	0	0
string	ə n f o ʊ l d	ə n f o ʊ l d ə d	ə n f o ʊ l d ə d	f o ʊ l d	f o ʊ l d ə d	ə n f o ʊ l d ə d	1	1	1
string	b ɔ k	b ɔ k t	b ɔ k t	b ɔ r	b ɔ r d	b ɔ k d	1	0	0
string	h iː t	h iː t ə d	h iː t ə d	h iː v	h iː v d	h iː t d	1	0	0
string	m ɪ l k	m ɪ l k t	m ɪ l k t	f ɪ l m	f ɪ l m d	m ɪ l k d	1	0	0
string	ʃ uː	ʃ uː d	ʃ uː d	w uː	w uː d	ʃ uː d	1	1	1
string	h ɑː l ɹ̩	h ɑː l ɹ̩ d	h ɑː l ɹ̩ d	h ɑː r m	h ɑː r m d	h ɑː l ɹ̩ d	1	1	1
string	t r ɪ p	t r ɪ p t	t r ɪ p t	t r æ p	t r æ p t	t r ɪ p t	1	1	1
string	ɪ k s ɛ p t	ɪ k s ɛ p t ə d	ɪ k s ɛ p t ə d	æ k s ɛ p t	æ k s ɛ p t ə d	ɪ k s ɛ p t ə d	1	1	1
string	b a ʊ n s	b a ʊ n s t	b a ʊ n s t	p a ʊ n s	p a ʊ n s t	b a ʊ n s t	1	1	1
string	s k uː l	s k uː l d	s k uː l d	s k uː p	s k uː p t	s k uː l t	1	0	0
string	t r e ɪ s	t r e ɪ s t	t r e ɪ s t	t r e ɪ d	t r e ɪ d ə d	t r e ɪ s ə d	1	0	0
string	d a ʊ n	d a ʊ n d	d a ʊ n d	d a ʊ t	d a ʊ t ə d	d a ʊ n ə d	1	0	0
string	ə r e ɪ n d͡ʒ	ə r e ɪ n d͡ʒ d	ə r e ɪ n d͡ʒ d	r e ɪ n d͡ʒ	r e ɪ n d͡ʒ d	ə r e ɪ n d͡ʒ d	1	1	1
string	d ɛ r	d ɛ r d	d ɛ r d	k ɛ r	k ɛ r d	d ɛ r d	1	1	1
string	æ d	æ d ə d	æ d	æ k t	æ k t ə d	æ d ə d	1	0	1
string	t r ɛ ʒ ɹ̩	t r ɛ ʒ ɹ̩ d	t r ɛ ŋ ɹ̩ d	p r ɛ ʃ ɹ̩	p r ɛ ʃ ɹ̩ d	t r ɛ ʒ ɹ̩ d	1	0	1
string	w ɑː b ə l	w ɑː b ə l d	w ɑː b ə l d	w ɑː f ə l	w ɑː f ə l d	w ɑː b ə l d	1	1	1
string	p iː s	p iː s t	p iː s t	p iː r	p iː r d	p iː s d	1	0	0
string	n æ p	n æ p t	n æ p t	s n æ p	s n æ p t	n æ p t	1	1	1
string	p o ʊ z	p o ʊ z d	p o ʊ z d	n o ʊ z	n o ʊ z d	p o ʊ z d	1	1	1
string	ə n p æ k	ə n p æ k t	ə n p æ k t	ə n r æ p	ə n r æ p t	ə n p æ k t	1	1	1
string	r iː ə l a ɪ z	r iː ə l a ɪ z d	r iː ə l a ɪ z d	r ɪ p l a ɪ	r ɪ p l a ɪ d	r iː ə l a ɪ z d	1	1	1
string	b ʌ ɡ	b ʌ ɡ d	b ʌ ɡ d	b ɛ ɡ	b ɛ ɡ d	b ʌ ɡ d	1	1	1
string	b ʊ t͡ʃ ɹ̩	b ʊ t͡ʃ ɹ̩ d	b ʊ t͡ʃ ɹ̩ d	b iː t͡ʃ	b iː t͡ʃ t	b ʊ t͡ʃ ɹ̩ t	1	0	0
string	m ʌ f ə l	m ʌ f ə l d	m ʌ f ə l d	ʃ ʌ f ə l	ʃ ʌ f ə l d	m ʌ f ə l d	1	1	1
string	r ɪ p ɛ r	r ɪ p ɛ r d	r ɪ p ɛ r d	r ɪ p ɛ l	r ɪ p ɛ l d	r ɪ p ɛ r d	1	1	1
string	s t ɪ ŋ k	s t ʌ ŋ k	s t ɪ ŋ k	t ɪ k	t ɪ k t	s t ɪ ŋ k t	0	0	0
string	ɡ æ ð ɹ̩	ɡ æ ð ɹ̩ d	ɡ æ ð ɹ̩ d	f ɹ̩ ð ɹ̩	f ɹ̩ ð ɹ̩ d	ɡ æ ð ɹ̩ d	1	1	1
string	b ɑː t ə l	b ɑː t ə l d	b ɑː t ə l d	t ɑː p ə l	t ɑː p ə l d	b ɑː t ə l d	1	1	1
string	b iː m	b iː m d	b iː m d	b iː f	b iː f t	b iː m t	1	0	0
string	k ə m p l e ɪ n	k ə m p l e ɪ n d	k ə m p l e ɪ n d	k ə n t e ɪ n	k ə n t e ɪ n d	k ə m p l e ɪ n d	1	1	1
string	ə n l ɑː k	ə n l ɑː k t	ə n l ɑː k t	k l ɑː k	k l ɑː k t	ə n l ɑː k t	1	1	1
string	b a ɪ k	b a ɪ k t	b a ɪ k t	h a ɪ k	h a ɪ k t	b a ɪ k t	1	1	1
string	h ɔ k	h ɔ k t	h ɔ k t	h ʊ k	h ʊ k t	h ɔ k t	1	1	1
string	f æ s ə n	f æ s ə n d	f æ s ə n d	r æ ʃ ə n	r æ ʃ ə n d	f æ s ə n d	1	1	1
string	ɪ k s p ɛ k t	ɪ k s p ɛ k t ə d	ɪ k s p ɛ k t ə d	ɪ n s p ɛ k t	ɪ n s p ɛ k t ə d	ɪ k s p ɛ k t ə d	1	1	1
string	l ɛ v ə l	l ɛ v ə l d	l ɛ v ə l d	p ɛ d ə l	p ɛ d ə l d	l ɛ v ə l d	1	1	1
string	f ɔ r m	f ɔ r m d	f ɔ r m d	f ɔ r s	f ɔ r s t	f ɔ r m t	1	0	0
string	w æ ɡ	w æ ɡ d	w æ ɡ d	w æ k	w æ k t	w æ ɡ t	1	0	0
string	f ʌ s	f ʌ s t	f ʌ s t	f ʌ d͡ʒ	f ʌ d͡ʒ d	f ʌ s d	1	0	0
string	s m o ʊ k	s m o ʊ k t	s m o ʊ k t	m o ʊ n	m o ʊ n d	s m o ʊ k d	1	0	0
string	ɪ n ɪ ʃ ə l	ɪ n ɪ ʃ ə l d	ɪ n ɪ ʃ ə l d	n ɪ b ə l	n ɪ b ə l d	ɪ n ɪ ʃ ə l d	1	1	1
string	r iː b a ʊ n d	r iː b a ʊ n d ə d	r iː b a ʊ n d ə d	r a ʊ n d	r a ʊ n d ə d	r iː b a ʊ n d ə d	1	1	1
string	b ɪ z iː	b ɪ z iː d	b ɪ z iː d	b ɪ d	b e ɪ d	NA	1	0	0
string	b ɔ r d	b ɔ r d ə d	b ɔ r d ə d	b ɔ r	b ɔ r d	b ɔ r d d	1	0	0
string	s n æ k	s n æ k t	s n æ k t	s n æ t͡ʃ	s n æ t͡ʃ t	s n æ k t	1	1	1
string	d r a ʊ n	d r a ʊ n d	d r a ʊ n d	b r a ʊ n	b r a ʊ n d	d r a ʊ n d	1	1	1
string	b ɑː t ə m	b ɑː t ə m d	b ɑː t ə m d	b l ɑː s ə m	b l ɑː s ə m d	b ɑː t ə m d	1	1	1
string	r iː t r iː v	r iː t r iː v d	r iː t r iː v d	r iː m uː v	r iː m uː v d	r iː t r iː v d	1	1	1
string	s k r ɪ b ə l	s k r ɪ b ə l d	s k r ɪ b ə l d	k e ɪ b ə l	k e ɪ b ə l d	s k r ɪ b ə l d	1	1	1
string	t ɛ n d	t ɛ n d ə d	t ɛ n d ə d	m ɛ n d	m ɛ n d ə d	t ɛ n d ə d	1	1	1
string	ɔ r iː ɛ n t	ɔ r iː ɛ n t ə d	ɔ r iː ɛ n t ə d	r ɛ n t	r ɛ n t ə d	ɔ r iː ɛ n t ə d	1	1	1
string	t uː l	t uː l d	t uː l d	r uː l	r uː l d	t uː l d	1	1	1
string	ɡ æ l ə p	ɡ æ l ə p t	ɡ æ l ə p t	s k æ l ə p	s k æ l ə p t	ɡ æ l ə p t	1	1	1
string	t a ɪ p	t a ɪ p t	t a ɪ p t	t a ɪ	t a ɪ d	t a ɪ p d	1	0	0
string	l æ n d s k e ɪ p	l æ n d s k e ɪ p t	l d	p æ n k e ɪ k	p æ n k e ɪ k t	l æ n d s k e ɪ p t	1	0	1
string	ə n d uː	ə n d ɪ d	ə n d uː d	ɛ n d	ɛ n d ə d	ə n d uː ə d	0	0	0
string	r o ʊ p	r o ʊ p t	r o ʊ p t	r o ʊ m	r o ʊ m d	r o ʊ p d	1	0	0
string	f ʌ m b ə l	f ʌ m b ə l d	f ʌ m b ə l d	m ʌ m b ə l	m ʌ m b ə l d	f ʌ m b ə l d	1	1	1
string	ə n a ʊ n s	ə n a ʊ n s t	ə n a ʊ n s t	p a ʊ n s	p a ʊ n s t	ə n a ʊ n s t	1	1	1
string	ʃ ʌ t ə l	ʃ ʌ t ə l d	ʃ ʌ t ə l d	ʃ ʌ v ə l	ʃ ʌ v ə l d	ʃ ʌ t ə l d	1	1	1
string	f l æ t ə n	f l æ t ə n d	f l æ t ə n d	b ʌ t ə n	b ʌ t ə n d	f l æ t ə n d	1	1	1
string	ə d r ɛ s	ə d r ɛ s t	ə d r ɛ s t	d r ɛ s	d r ɛ s t	ə d r ɛ s t	1	1	1
string	d ɪ s p o ʊ z	d ɪ s p o ʊ z d	d ɪ s p o ʊ z d	s ə p o ʊ z	s ə p o ʊ z d	d ɪ s p o ʊ z d	1	1	1
string	t æ ɡ	t æ ɡ d	t æ ɡ d	t ʌ ɡ	t ʌ ɡ d	t æ ɡ d	1	1	1
string	p iː t ɹ̩	p iː t ɹ̩ d	p iː t ɹ̩ d	m iː t ɹ̩	m iː t ɹ̩ d	p iː t ɹ̩ d	1	1	1
string	l e ɪ s	l e ɪ s t	l e ɪ s t	f e ɪ s	f e ɪ s t	l e ɪ s t	1	1	1
string	ɔ ɪ l	ɔ ɪ l d	ɔ ɪ l d	b ɪ l	b ɪ l d	ɔ ɪ l d	1	1	1
string	t ɑː p	t ɑː p t	t ɑː p t	s t ɑː p	s t ɑː p t	t ɑː p t	1	1	1
string	k æ p	k æ p t	k æ p t	t æ p	t æ p t	k æ p t	1	1	1
string	ʃ a ɪ n	ʃ a ɪ n d	ʃ a ɪ n d	m a ɪ n	m a ɪ n d	ʃ a ɪ n d	1	1	1
string	m ɑː r	m ɑː r d	m ɑː r d	b ɑː r	b ɑː r d	m ɑː r d	1	1	1
string	s a ɪ n	s a ɪ n d	s a ɪ n d	m a ɪ n	m a ɪ n d	s a ɪ n d	1	1	1
string	v ɔ ɪ s	v ɔ ɪ s t	v ɔ ɪ s t	t ɔ ɪ	t ɔ ɪ d	v ɔ ɪ s d	1	0	0
string	ɪ ɡ n ɔ r	ɪ ɡ n ɔ r d	ɪ ɡ n ɔ r d	s k ɔ r	s k ɔ r d	ɪ ɡ n ɔ r d	1	1	1
string	ɡ æ s p	ɡ æ s p t	ɡ æ s p t	ɡ æ s	ɡ æ s t	ɡ æ s p t	1	1	1
string	l uː s	l uː s t	l uː s t	l uː z	l ɔ s t	NA	1	0	0
string	ʃ o ʊ l d ɹ̩	ʃ o ʊ l d ɹ̩ d	ʃ o ʊ l d ɹ̩ d	h o ʊ l d	h ɛ l d	NA	1	0	0
string	t͡ʃ ɪ p	t͡ʃ ɪ p t	t͡ʃ ɪ p t	z ɪ p	z ɪ p t	t͡ʃ ɪ p t	1	1	1
string	ɡ ɑː l f	ɡ ɑː l f t	ɡ ɑː l f t	ɡ ɑː r d	ɡ ɑː r d ə d	ɡ ɑː l f ə d	1	0	0
string	s t ɪ ŋ	s t ʌ ŋ	s t ɪ ŋ	s t r ɪ ŋ	s t r ʌ ŋ	s t ʌ ŋ	0	0	1
string	e ɪ d	e ɪ d ə d	e ɪ d	e ɪ m	e ɪ m d	e ɪ d d	1	0	0
string	f ɹ̩ m ɛ n t	f ɹ̩ m ɛ n t ə d	f ɹ̩ m ɛ n t ə d	k ɑː m ɛ n t	k ɑː m ɛ n t ə d	f ɹ̩ m ɛ n t ə d	1	1	1
string	d͡ʒ o ʊ k	d͡ʒ o ʊ k t	d͡ʒ o ʊ k t	t͡ʃ o ʊ k	t͡ʃ o ʊ k t	d͡ʒ o ʊ k t	1	1	1
string	ʃ ɑː k	ʃ ɑː k t	ʃ ɑː k t	l ɑː k	l ɑː k t	ʃ ɑː k t	1	1	1
string	ɪ n t ɹ̩ ʌ p t	ɪ n t ɹ̩ ʌ p t ə d	ɪ n t ɹ̩ ʌ p t ə d	ɪ n t ɹ̩ æ k t	ɪ n t ɹ̩ æ k t ə d	ɪ n t ɹ̩ ʌ p t ə d	1	1	1
string	k ə n f ɛ s	k ə n f ɛ s t	k ə n f ɛ s t	k ə n t ɛ s t	k ə n t ɛ s t ə d	k ə n f ɛ s ə d	1	0	0
string	k o ʊ ɔ r d ə n e ɪ t	k o ʊ ɔ r d ə n e ɪ t ə d	k ə d ə n d	k o ʊ ɑː p ɹ̩ e ɪ t	k o ʊ ɑː p ɹ̩ e ɪ t ə d	k o ʊ ɔ r d ə n e ɪ t ə d	1	0	1
string	ɛ n t ɹ̩	ɛ n t ɹ̩ d	ɛ n t ɹ̩ d	s ɛ n t ɹ̩	s ɛ n t ɹ̩ d	ɛ n t ɹ̩ d	1	1	1
string	ɑː r m	ɑː r m d	ɑː r m d	h ɑː r m	h ɑː r m d	ɑː r m d	1	1	1
string	θ ʌ m p	θ ʌ m p t	θ ʌ m p t	θ ʌ m	θ ʌ m d	θ ʌ m p d	1	0	0
string	b l ʌ d	b l ʌ d ə d	b l ʌ d ə d	b l ʌ ʃ	b l ʌ ʃ t	b l ʌ d t	1	0	0
string	m o ʊ	m o ʊ d	m o ʊ d	m o ʊ n	m o ʊ n d	m o ʊ d	1	1	1
string	t r æ n s k r a ɪ b	t r æ n s k r a ɪ b d	t k s k r a ɪ z d	d ɪ s k r a ɪ b	d ɪ s k r a ɪ b d	t r æ n s k r a ɪ b d	1	0	1
string	k ə m p l iː t	k ə m p l iː t ə d	k ə m p l iː t ə d	k ə m p iː t	k ə m p iː t ə d	k ə m p l iː t ə d	1	1	1
string	t ɔ r t͡ʃ ɹ̩	t ɔ r t͡ʃ ɹ̩ d	t ɔ r t͡ʃ ɹ̩ d	ɔ r d ɹ̩	ɔ r d ɹ̩ d	t ɔ r t͡ʃ ɹ̩ d	1	1	1
string	r iː p ə z ɪ ʃ ə n	r iː p ə z ɪ ʃ ə n d	r iː z ə z d	r æ ʃ ə n	r æ ʃ ə n d	r iː p ə z ɪ ʃ ə n d	1	0	1
string	k ɑː n	k ɑː n d	k ɑː n d	k ɑː k	k ɑː k t	k ɑː n t	1	0	0
string	b ɔ l	b ɔ l d	b ɔ l d	h ɔ l	h ɔ l d	b ɔ l d	1	1	1
string	k r iː k	k r iː k t	k r iː k t	k r iː m	k r iː m d	k r iː k d	1	0	0
string	s ɔ f ə n	s ɔ f ə n d	s ɔ f ə n d	s ʌ f ɹ̩	s ʌ f ɹ̩ d	s ɔ f ə n d	1	1	1
string	f l ɹ̩ t	f l ɹ̩ t ə d	f l ɹ̩ t ə d	b l ɹ̩ t	b l ɹ̩ t ə d	f l ɹ̩ t ə d	1	1	1
string	z ɪ ɡ z æ ɡ	z ɪ ɡ z æ ɡ d	z ɪ ɡ z æ ɡ d	ɪ ɡ z ɹ̩ t	ɪ ɡ z ɹ̩ t ə d	z ɪ ɡ z æ ɡ ə d	1	0	0
string	s ɪ v ə l a ɪ z	s ɪ v ə l a ɪ z d	s ɪ v a ɪ z d	s ɪ m b ə l a ɪ z	s ɪ m b ə l a ɪ z d	s ɪ v ə l a ɪ z d	1	0	1
string	w ɪ ŋ	w ɪ ŋ d	w ɪ ŋ d	p ɪ ŋ	p ɪ ŋ d	w ɪ ŋ d	1	1	1
string	p ɔ z	p ɔ z d	p ɔ z d	p ɔ r	p ɔ r d	p ɔ z d	1	1	1
string	ɪ n t͡ʃ	ɪ n t͡ʃ t	ɪ n t͡ʃ t	p ɪ n t͡ʃ	p ɪ n t͡ʃ t	ɪ n t͡ʃ t	1	1	1
string	ə t͡ʃ iː v	ə t͡ʃ iː v d	ə t͡ʃ iː v d	t͡ʃ iː t	t͡ʃ iː t ə d	ə t͡ʃ iː v ə d	1	0	0
string	m ə s ɑː ʒ	m ə s ɑː ʒ d	m ə s ɑː f t	m ɑː p	m ɑː p t	m ə s ɑː ʒ t	1	0	0
string	s ɪ ŋ k	s æ ŋ k	s ɪ ŋ k t	θ ɪ ŋ k	θ ɔ t	s ɔ t	0	0	0
string	s k o ʊ l d	s k o ʊ l d ə d	s k o ʊ l d ə d	h o ʊ l d	h ɛ l d	s k ɛ l d	1	0	0
string	w ɪ n t ɹ̩	w ɪ n t ɹ̩ d	w ɪ n t ɹ̩ d	l ɪ t ɹ̩	l ɪ t ɹ̩ d	w ɪ n t ɹ̩ d	1	1	1
string	t͡ʃ ɹ̩ n	t͡ʃ ɹ̩ n d	t͡ʃ ɹ̩ n d	b ɹ̩ n	b ɹ̩ n d	t͡ʃ ɹ̩ n d	1	1	1
string	ʃ ɪ p	ʃ ɪ p t	ʃ ɪ p t	d ɪ p	d ɪ p t	ʃ ɪ p t	1	1	1
string	l uː p	l uː p t	l uː p t	l æ p	l æ p t	l uː p t	1	1	1
string	k ɔ ɪ n	k ɔ ɪ n d	k ɔ ɪ n d	d͡ʒ ɔ ɪ n	d͡ʒ ɔ ɪ n d	k ɔ ɪ n d	1	1	1
string	p l æ s t ɹ̩	p l æ s t ɹ̩ d	p l æ s t ɹ̩ d	l æ s t	l æ s t ə d	p l æ s t ɹ̩ ə d	1	0	0
string	k ə n s ɪ d ɹ̩	k ə n s ɪ d ɹ̩ d	k ə n s t ɹ̩ d	k ə n s ɹ̩ n	k ə n s ɹ̩ n d	k ə n s ɪ d ɹ̩ d	1	0	1
string	f ɛ ð ɹ̩	f ɛ ð ɹ̩ d	f ɛ ð ɹ̩ d	f ɹ̩ ð ɹ̩	f ɹ̩ ð ɹ̩ d	f ɛ ð ɹ̩ d	1	1	1
string	s t iː m	s t iː m d	s t iː m d	s iː m	s iː m d	s t iː m d	1	1	1
string	b l æ ŋ k ə t	b l æ ŋ k ə t ə d	b æ ŋ k ə k t ə d	b l æ s t	b l æ s t ə d	b l æ ŋ k ə t ə d	1	0	1
string	k æ l k j ə l e ɪ t	k æ l k j ə l e ɪ t ə d	k j ə l d	æ k l ə m e ɪ t	æ k l ə m e ɪ t ə d	k æ l k j ə l e ɪ t ə d	1	0	1
string	d͡ʒ ɛ s t͡ʃ ɹ̩	d͡ʒ ɛ s t͡ʃ ɹ̩ d	d͡ʒ ɛ s t͡ʃ ɹ̩ d	v ɛ n t͡ʃ ɹ̩	v ɛ n t͡ʃ ɹ̩ d	d͡ʒ ɛ s t͡ʃ ɹ̩ d	1	1	1
string	w ɛ d͡ʒ	w ɛ d͡ʒ d	w ɛ d͡ʒ d	w ɛ t	w ɛ t	w ɛ d͡ʒ	1	0	0
string	t r ɪ p ə l	t r ɪ p ə l d	t r ɪ p ə l d	s t e ɪ p ə l	s t e ɪ p ə l d	t r ɪ p ə l d	1	1	1
string	p ɑː r t	p ɑː r t ə d	p ɑː r t ə d	p ɑː t	p ɑː t ə d	p ɑː r t ə d	1	1	1
string	h æ l o ʊ	h æ l o ʊ d	h æ l o ʊ d	f l o ʊ	f l o ʊ d	h æ l o ʊ d	1	1	1
string	s p ɔ r t	s p ɔ r t ə d	s p ɔ r t ə d	s ɔ r t	s ɔ r t ə d	s p ɔ r t ə d	1	1	1
string	d ɑː r t	d ɑː r t ə d	d ɑː r t ə d	d ɑː r n	d ɑː r n d	d ɑː r t d	1	0	0
string	ʃ ɪ v ɹ̩	ʃ ɪ v ɹ̩ d	ʃ ɪ v ɹ̩ d	s ɪ m ɹ̩	s ɪ m ɹ̩ d	ʃ ɪ v ɹ̩ d	1	1	1
string	ɡ r e ɪ z	ɡ r e ɪ z d	ɡ r e ɪ z d	r e ɪ z	r e ɪ z d	ɡ r e ɪ z d	1	1	1
string	s o ʊ k	s o ʊ k t	s o ʊ k t	s o ʊ	s o ʊ d	s o ʊ k d	1	0	0
string	b l o ʊ t	b l o ʊ t ə d	b l o ʊ t ə d	f l o ʊ t	f l o ʊ t ə d	b l o ʊ t ə d	1	1	1
string	s p l ɪ n t ɹ̩	s p l ɪ n t ɹ̩ d	s p l ɪ n t ɹ̩ d	s p l ɪ t	s p l ɪ t	s p l ɪ n t ɹ̩	1	0	0
string	w iː	w iː d	w iː d	p iː	p iː d	w iː d	1	1	1
string	ɡ iː r	ɡ iː r d	ɡ iː r d	h iː r	h ɹ̩ d	ɡ ɹ̩ d	1	0	0
string	ə b z ɹ̩ v	ə b z ɹ̩ v d	ə b z ɹ̩ v d	d ɪ z ɹ̩ v	d ɪ z ɹ̩ v d	ə b z ɹ̩ v d	1	1	1
string	s æ n d w ɪ t͡ʃ	s æ n d w ɪ t͡ʃ t	s æ n d w ɛ t͡ʃ t	s æ n d	s æ n d ə d	s æ n d w ɪ t͡ʃ ə d	1	0	0
string	ɪ n k l uː d	ɪ n k l uː d ə d	ɪ n k l uː d ə d	ɪ s k e ɪ p	ɪ s k e ɪ p t	ɪ n k l uː d t	1	0	0
string	v o ʊ t	v o ʊ t ə d	v o ʊ t ə d	b o ʊ t	b o ʊ t ə d	v o ʊ t ə d	1	1	1
string	k e ɪ v	k e ɪ v d	k e ɪ v d	w e ɪ v	w e ɪ v d	k e ɪ v d	1	1	1
string	s p e ɪ	s p e ɪ d	s p e ɪ d	s p r e ɪ	s p r e ɪ d	s p e ɪ d	1	1	1
string	t æ t uː	t æ t uː d	t æ t uː d	t æ t ɹ̩	t æ t ɹ̩ d	t æ t uː d	1	1	1
string	p ɹ̩ s	p ɹ̩ s t	p ɹ̩ s t	n ɹ̩ s	n ɹ̩ s t	p ɹ̩ s t	1	1	1
string	r ɪ ɡ r ɛ t	r ɪ ɡ r ɛ t ə d	r ɪ ɡ r ɛ t ə d	ɡ ɛ t	ɡ ɑː t	r ɪ ɡ r ɑː t	1	0	0
string	k l ʌ t ɹ̩	k l ʌ t ɹ̩ d	k l ʌ t ɹ̩ d	k ʌ v ɹ̩	k ʌ v ɹ̩ d	k l ʌ t ɹ̩ d	1	1	1
string	d r ɛ n t͡ʃ	d r ɛ n t͡ʃ t	d r ɛ n t͡ʃ t	r ɛ n t͡ʃ	r ɛ n t͡ʃ t	d r ɛ n t͡ʃ t	1	1	1
string	k l e ɪ m	k l e ɪ m d	k l e ɪ m d	b l e ɪ m	b l e ɪ m d	k l e ɪ m d	1	1	1
string	f r a ʊ n	f r a ʊ n d	f r a ʊ n d	b r a ʊ n	b r a ʊ n d	f r a ʊ n d	1	1	1
string	r iː n e ɪ m	r iː n e ɪ m d	r iː n e ɪ m d	n e ɪ m	n e ɪ m d	r iː n e ɪ m d	1	1	1
string	ɛ n k ɹ̩ ɪ d͡ʒ	ɛ n k ɹ̩ ɪ d͡ʒ d	ɛ n k ɹ̩ ɪ d͡ʒ d	ɪ n ɡ e ɪ d͡ʒ	ɪ n ɡ e ɪ d͡ʒ d	ɛ n k ɹ̩ ɪ d͡ʒ d	1	1	1
string	d ɪ l ɪ n iː e ɪ t	d ɪ l ɪ n iː e ɪ t ə d	d ɪ n ɪ n d	ɪ n ɪ ʃ iː e ɪ t	ɪ n ɪ ʃ iː e ɪ t ə d	d ɪ l ɪ n iː e ɪ t ə d	1	0	1
string	f iː t͡ʃ ɹ̩	f iː t͡ʃ ɹ̩ d	f iː t͡ʃ ɹ̩ d	f a ɪ ɹ̩	f a ɪ ɹ̩ d	f iː t͡ʃ ɹ̩ d	1	1	1
string	p ɛ ɡ	p ɛ ɡ d	p ɛ ɡ d	b ɛ ɡ	b ɛ ɡ d	p ɛ ɡ d	1	1	1
string	m ɑː d ə f a ɪ	m ɑː d ə f a ɪ d	m ə d ə f a ɪ d	v ɛ r ə f a ɪ	v ɛ r ə f a ɪ d	m ɑː d ə f a ɪ d	1	0	1
string	s l ɪ t	s l ɪ t	s l ɪ t ə d	s l ɪ p	s l ɪ p t	s l ɪ t t	0	0	0
string	k ə n v ɪ n s	k ə n v ɪ n s t	k ə n v ɪ n s t	k ə n s ɹ̩ n	k ə n s ɹ̩ n d	k ə n v ɪ n s d	1	0	0
string	s m uː ð	s m uː ð d	s m uː ð d	s m æ ʃ	s m æ ʃ t	s m uː ð t	1	0	0
string	t æ k ə l	t æ k ə l d	t æ k ə l d	t æ t ə l	t æ t ə l d	t æ k ə l d	1	1	1
string	k ə m j uː n ə k e ɪ t	k ə m j uː n ə k e ɪ t ə d	k ə n d	k ə n t e ɪ n	k ə n t e ɪ n d	k ə m j uː n ə k e ɪ t d	1	0	0
string	t r ɑː t	t r ɑː t ə d	t r ɑː t ə d	r ɑː t	r ɑː t ə d	t r ɑː t ə d	1	1	1
string	s t r æ d ə l	s t r æ d ə l d	s t r æ d ə l d	s t r æ ŋ ɡ ə l	s t r æ ŋ ɡ ə l d	s t r æ d ə l d	1	1	1
string	θ ʌ n d ɹ̩	θ ʌ n d ɹ̩ d	θ ʌ n d ɹ̩ d	w ʌ n d ɹ̩	w ʌ n d ɹ̩ d	θ ʌ n d ɹ̩ d	1	1	1
string	ɪ n s p a ɪ ɹ̩	ɪ n s p a ɪ ɹ̩ d	ɪ n s p a ɪ ɹ̩ d	ɪ n k w a ɪ ɹ̩	ɪ n k w a ɪ ɹ̩ d	ɪ n s p a ɪ ɹ̩ d	1	1	1
string	l e ɪ b ɹ̩	l e ɪ b ɹ̩ d	l e ɪ b ɹ̩ d	l e ɪ	l e ɪ d	l e ɪ b ɹ̩ d	1	1	1
string	ə k ɹ̩	ə k ɹ̩ d	ə k ɹ̩ d	k ɹ̩ v	k ɹ̩ v d	ə k ɹ̩ d	1	1	1
string	b r uː z	b r uː z d	b r uː z d	b l uː m	b l uː m d	b r uː z d	1	1	1
string	t͡ʃ æ t	t͡ʃ æ t ə d	t͡ʃ æ t ə d	p æ t	p æ t ə d	t͡ʃ æ t ə d	1	1	1
random	d uː	d ɪ d	d	d ɪ p ɛ n d	d ɪ p ɛ n d ə d	d uː ə d	0	0	0
random	θ æ ŋ k	θ æ ŋ k t	θ æ ŋ k t	k l ɑː z ə t	k l ɑː z ə t ə d	θ æ ŋ k ə d	1	0	0
random	f ɔ l	f ɛ l	f ɔ l d	ə n d r ɛ s	ə n d r ɛ s t	f ɔ l t	0	0	0
random	r ɪ m ɛ m b ɹ̩	r ɪ m ɛ m b ɹ̩ d	r ɪ m ɛ m b ɹ̩ d	k ɪ s	k ɪ s t	r ɪ m ɛ m b ɹ̩ t	1	0	0
random	ɡ ɪ v	ɡ e ɪ v	ɡ ɪ v d	s iː	s ɔ	NA	0	0	0
random	o ʊ p ə n	o ʊ p ə n d	o ʊ p ə n d	f a ɪ ɹ̩	f a ɪ ɹ̩ d	o ʊ p ə n d	1	1	1
random	h æ p ə n	h æ p ə n d	h æ p ə n d	s a ʊ ɹ̩	s a ʊ ɹ̩ d	h æ p ə n d	1	1	1
random	t ɛ l	t o ʊ l d	t ɛ l d	b ɑː m	b ɑː m d	t ɛ l d	0	1	0
random	r æ p	r æ p t	r æ p t	ɑː p ɹ̩ e ɪ t	ɑː p ɹ̩ e ɪ t ə d	r æ p ə d	1	0	0
random	l ʊ k	l ʊ k t	l ʊ k t	w e ɪ k	w o ʊ k	NA	1	0	0
random	ɡ ɛ s	ɡ ɛ s t	ɡ ɛ s t	r e ɪ n d͡ʒ	r e ɪ n d͡ʒ d	ɡ ɛ s d	1	0	0
random	r ɛ d iː	r ɛ d iː d	r ɛ d iː d	v ɛ r iː	v ɛ r iː d	r ɛ d iː d	1	1	1
random	r ɑː b	r ɑː b d	r ɑː b d	b ɪ d	b e ɪ d	NA	1	0	0
random	s ɪ t	s æ t	s ɪ t	p a ʊ n s	p a ʊ n s t	s ɪ t t	0	0	0
random	l a ɪ v	l a ɪ v d	l ɪ v	f ɑː l o ʊ	f ɑː l o ʊ d	l a ɪ v d	1	0	1
random	b ɪ l ɔ ŋ	b ɪ l ɔ ŋ d	b ɪ l ɔ ŋ	r o ʊ m	r o ʊ m d	b ɪ l ɔ ŋ d	1	0	1
random	m æ t ɹ̩	m æ t ɹ̩ d	m æ t ɹ̩ d	k ə n t r ɪ b j uː t	k ə n t r ɪ b j uː t ə d	m æ t ɹ̩ ə d	1	0	0
random	p æ s	p æ s t	p æ s t	d ɔ ɡ	d ɔ ɡ d	p æ s d	1	0	0
random	ɡ r æ b	ɡ r æ b d	ɡ r æ b d	f r æ ŋ k	f r æ ŋ k t	ɡ r æ b t	1	0	0
random	o ʊ n	o ʊ n d	o ʊ n d	ə n w a ɪ n d	ə n w a ʊ n d	NA	1	0	0
random	d͡ʒ ʌ m p	d͡ʒ ʌ m p t	d͡ʒ ʌ m p t	k uː l	k uː l d	d͡ʒ ʌ m p d	1	0	0
random	w ɑː t͡ʃ	w ɑː t͡ʃ t	w ɑː t͡ʃ t	s k æ m p ɹ̩	s k æ m p ɹ̩ d	w ɑː t͡ʃ d	1	0	0
random	w ɹ̩ k	w ɹ̩ k t	w ɹ̩ k t	ɛ n t ɹ̩ t e ɪ n	ɛ n t ɹ̩ t e ɪ n d	w ɹ̩ k d	1	0	0
random	s t e ɪ	s t e ɪ d	s t e ɪ d	f uː l	f uː l d	s t e ɪ d	1	1	1
random	b r e ɪ k	b r o ʊ k	b r e ɪ k t	m o ʊ n	m o ʊ n d	b r e ɪ k d	0	0	0
random	f ɪ l	f ɪ l d	f ɪ l d	f ɑː l o ʊ	f ɑː l o ʊ d	f ɪ l d	1	1	1
random	m uː v	m uː v d	m uː v d	m æ ʃ	m æ ʃ t	m uː v t	1	0	0
random	r ɛ k ə m ɛ n d	r ɛ k ə m ɛ n d ə d	r ɛ k ə m ɛ n d	k o ʊ t	k o ʊ t ə d	r ɛ k ə m ɛ n d ə d	1	0	1
random	s ɔ	s ɔ d	s ɔ d	t e ɪ s t	t e ɪ s t ə d	s ɔ ə d	1	0	0
random	p æ t͡ʃ	p æ t͡ʃ t	p æ t͡ʃ t	p ɪ t͡ʃ	p ɪ t͡ʃ t	p æ t͡ʃ t	1	1	1
random	ə n ɔ ɪ	ə n ɔ ɪ d	ə n ɔ ɪ d	ɪ k s p æ n d	ɪ k s p æ n d ə d	ə n ɔ ɪ ə d	1	0	0
random	r a ɪ d	r o ʊ d	r a ɪ d ə d	f l æ ʃ	f l æ ʃ t	r a ɪ d t	0	0	0
random	m ɛ ʒ ɹ̩	m ɛ ʒ ɹ̩ d	m ɛ m ɹ̩ d	f r ɛ ʃ ə n	f r ɛ ʃ ə n d	m ɛ ʒ ɹ̩ d	1	0	1
random	t w ɪ s t	t w ɪ s t ə d	t w ɪ s t ə d	ɪ n ɪ ʃ iː e ɪ t	ɪ n ɪ ʃ iː e ɪ t ə d	t w ɪ s t ə d	1	1	1
random	t ɪ p	t ɪ p t	t ɪ p t	t w a ɪ n	t w a ɪ n d	t ɪ p d	1	0	0
random	k ə n ɛ k t	k ə n ɛ k t ə d	k ə n ɛ k t ə d	r iː d	r ɛ d	NA	1	0	0
random	b a ɪ	b ɔ t	b a ɪ d	s ɛ n t ɹ̩	s ɛ n t ɹ̩ d	b a ɪ d	0	1	0
random	m æ n	m æ n d	m æ n d	m a ʊ ð	m a ʊ ð d	m æ n d	1	1	1
random	f e ɪ l	f e ɪ l d	f e ɪ l d	b l iː t͡ʃ	b l iː t͡ʃ t	f e ɪ l t	1	0	0
random	s ɪ ŋ	s æ ŋ	s ɪ ŋ d	ə f ɛ k t	ə f ɛ k t ə d	s ɪ ŋ ə d	0	0	0
random	h æ n d	h æ n d ə d	h æ n d ə d	s p ɔ ɪ l	s p ɔ ɪ l d	h æ n d d	1	0	0
random	t͡ʃ iː r	t͡ʃ iː r d	t͡ʃ iː r d	p r æ k t ɪ s	p r æ k t ɪ s t	t͡ʃ iː r t	1	0	0
random	s p ɑː t	s p ɑː t ə d	s p ɑː t ə d	p ɛ t	p ɛ t ə d	s p ɑː t ə d	1	1	1
random	p o ʊ k	p o ʊ k t	p o ʊ k t	p e ɪ p ɹ̩	p e ɪ p ɹ̩ d	p o ʊ k d	1	0	0
random	t a ɪ ɹ̩	t a ɪ ɹ̩ d	t a ɪ ɹ̩ d	ʃ ɛ d	ʃ ɛ d ə d	t a ɪ ɹ̩ ə d	1	0	0
random	k ɪ d	k ɪ d ə d	k ɪ d	n ɪ t	n ɪ t ə d	k ɪ d ə d	1	0	1
random	t͡ʃ uː z	t͡ʃ o ʊ z	t͡ʃ uː z d	w ɪ s ə l	w ɪ s ə l d	t͡ʃ uː z d	0	1	0
random	p ɛ p ɹ̩	p ɛ p ɹ̩ d	p ɛ p ɹ̩ d	t ɛ l ə f o ʊ n	t ɛ l ə f o ʊ n d	p ɛ p ɹ̩ d	1	1	1
random	b l ɪ ŋ k	b l ɪ ŋ k t	b l æ ŋ k	s l ɪ p	s l ɪ p t	b l ɪ ŋ k t	1	0	1
random	p ɹ̩ f ɔ r m	p ɹ̩ f ɔ r m d	p ɹ̩ f ɔ r m d	p e ɪ d͡ʒ	p e ɪ d͡ʒ d	p ɹ̩ f ɔ r m d	1	1	1
random	p e ɪ	p e ɪ d	p e ɪ d	r ɪ v a ɪ z	r ɪ v a ɪ z d	p e ɪ d	1	1	1
random	t͡ʃ uː	t͡ʃ uː d	t͡ʃ uː d	k ɑː r v	k ɑː r v d	t͡ʃ uː d	1	1	1
random	p iː l	p iː l d	p iː l d	ɡ ʌ m	ɡ ʌ m d	p iː l d	1	1	1
random	s n iː k	s n iː k t	s n iː k t	k l ɪ p	k l ɪ p t	s n iː k t	1	1	1
random	r iː t͡ʃ	r iː t͡ʃ t	r iː t͡ʃ t	k ɔ l	k ɔ l d	r iː t͡ʃ d	1	0	0
random	r ɪ p	r ɪ p t	r ɪ p t	j ɛ l	j ɛ l d	r ɪ p d	1	0	0
random	w ɔ t ɹ̩	w ɔ t ɹ̩ d	w ɔ t ɹ̩ d	b æ n d	b æ n d ə d	w ɔ t ɹ̩ ə d	1	0	0
random	k l a ɪ m	k l a ɪ m d	k l a ɪ m d	k l iː n	k l iː n d	k l a ɪ m d	1	1	1
random	ɪ n v ɛ s t ə ɡ e ɪ t	ɪ n v ɛ s t ə ɡ e ɪ t ə d	ɪ d ɛ s t ə ɡ ə d	ɛ k s ɹ̩ s a ɪ z	ɛ k s ɹ̩ s a ɪ z d	ɪ n v ɛ s t ə ɡ e ɪ t d	1	0	0
random	a ɪ	a ɪ d	a ɪ d	f a ɪ l	f a ɪ l d	a ɪ d	1	1	1
random	k ʊ k	k ʊ k t	k ʊ k t	h iː l	h iː l d	k ʊ k d	1	0	0
random	p r e ɪ	p r e ɪ d	p r e ɪ d	p ɔ	p ɔ d	p r e ɪ d	1	1	1
random	ɪ r ʌ p t	ɪ r ʌ p t ə d	ɪ r ʌ p t ə d	b ʌ m	b ʌ m d	ɪ r ʌ p t d	1	0	0
random	w a ɪ p	w a ɪ p t	w a ɪ p t	k ə m p iː t	k ə m p iː t ə d	w a ɪ p ə d	1	0	0
random	s t ʌ f	s t ʌ f t	s t ʌ f t	r ɪ t ɹ̩ n	r ɪ t ɹ̩ n d	s t ʌ f d	1	0	0
random	s p iː k	s p o ʊ k	s p iː k t	m iː t ɹ̩	m iː t ɹ̩ d	s p iː k d	0	0	0
random	l a ɪ n	l a ɪ n d	l a ɪ n d	s m ɛ l	s m ɛ l d	l a ɪ n d	1	1	1
random	b o ʊ l	b o ʊ l d	b o ʊ l d	k r ɛ s t	k r ɛ s t ə d	b o ʊ l ə d	1	0	0
random	s p l æ ʃ	s p l æ ʃ t	s p l æ ʃ t	s p ɛ ʃ ə l a ɪ z	s p ɛ ʃ ə l a ɪ z d	s p l æ ʃ d	1	0	0
random	s k w iː z	s k w iː z d	s k w iː z d	l uː s ə n	l uː s ə n d	s k w iː z d	1	1	1
random	t͡ʃ ɑː r d͡ʒ	t͡ʃ ɑː r d͡ʒ d	t͡ʃ ɑː r d͡ʒ d	d ɪ s a ɪ d	d ɪ s a ɪ d ə d	t͡ʃ ɑː r d͡ʒ ə d	1	0	0
random	b æ ŋ	b æ ŋ d	b æ ŋ d	b æ n d iː	b æ n d iː d	b æ ŋ d	1	1	1
random	s t r e ɪ t ə n	s t r e ɪ t ə n d	s e ɪ t ə d ə n d	b æ ɡ	b æ ɡ d	s t r e ɪ t ə n d	1	0	1
random	d ɪ ʃ	d ɪ ʃ t	d ɪ ʃ t	l e ɪ	l e ɪ d	d ɪ ʃ d	1	0	0
random	b a ɪ s ɪ k ə l	b a ɪ s ɪ k ə l d	b a ɪ s k ə k ə l a ɪ k ə d	s uː t	s uː t ə d	b a ɪ s ɪ k ə l ə d	1	0	0
random	b ʌ t ɹ̩	b ʌ t ɹ̩ d	b ʌ t ɹ̩ d	s k ɛ d͡ʒ ʊ l	s k ɛ d͡ʒ ʊ l d	b ʌ t ɹ̩ d	1	1	1
random	w ɹ̩ iː	w ɹ̩ iː d	w ɹ̩ iː d	b a ʊ	b a ʊ d	w ɹ̩ iː d	1	1	1
random	f ɪ ʃ	f ɪ ʃ t	f ɪ ʃ t	l a ɪ	l e ɪ	NA	1	0	0
random	p l ʌ n d͡ʒ	p l ʌ n d͡ʒ d	p l ʌ n d͡ʒ d	s a ɪ z	s a ɪ z d	p l ʌ n d͡ʒ d	1	1	1
random	p a ʊ n d	p a ʊ n d ə d	p a ʊ n d ə d	f iː r	f iː r d	p a ʊ n d d	1	0	0
random	s w ɪ t͡ʃ	s w ɪ t͡ʃ t	s w ɪ t͡ʃ t	s p a ɪ	s p a ɪ d	s w ɪ t͡ʃ d	1	0	0
random	p r iː p ɛ r	p r iː p ɛ r d	p r iː p ɛ r d	p l ʌ k	p l ʌ k t	p r iː p ɛ r t	1	0	0
random	t r æ ʃ	t r æ ʃ t	t r æ ʃ t	s ə d͡ʒ ɛ s t	s ə d͡ʒ ɛ s t ə d	t r æ ʃ ə d	1	0	0
random	s iː d	s iː d ə d	s iː d ə d	s m æ k	s m æ k t	s iː d t	1	0	0
random	s n iː z	s n iː z d	s n iː z d	r iː d ɹ̩ ɛ k t	r iː d ɹ̩ ɛ k t ə d	s n iː z ə d	1	0	0
random	k r ʌ n t͡ʃ	k r ʌ n t͡ʃ t	k r ʌ n t͡ʃ t	ɡ r æ s p	ɡ r æ s p t	k r ʌ n t͡ʃ t	1	1	1
random	o ʊ v ɹ̩ f l o ʊ	o ʊ v ɹ̩ f l o ʊ d	o ʊ v ɹ̩ f l o ʊ l o ʊ v o ʊ l o ʊ v o	t ɛ n d ɹ̩	t ɛ n d ɹ̩ d	o ʊ v ɹ̩ f l o ʊ d	1	0	1
random	r ɪ p iː t	r ɪ p iː t ə d	r ɪ p iː t ə d	t ʌ ɡ	t ʌ ɡ d	r ɪ p iː t d	1	0	0
random	ə v ɔ ɪ d	ə v ɔ ɪ d ə d	ə v ɔ ɪ d ə d	ə n t a ɪ	ə n t a ɪ d	ə v ɔ ɪ d d	1	0	0
random	n o ʊ t	n o ʊ t ə d	n o ʊ t ə d	w e ɪ k	w o ʊ k	NA	1	0	0
random	p ʌ m p	p ʌ m p t	p ʌ m p t	t͡ʃ e ɪ n d͡ʒ	t͡ʃ e ɪ n d͡ʒ d	p ʌ m p d	1	0	0
random	f l iː	f l ɛ d	f l iː d	t r e ɪ d	t r e ɪ d ə d	f l iː ə d	0	0	0
random	ə n f o ʊ l d	ə n f o ʊ l d ə d	ə n f o ʊ l d ə d	k r ʌ m b ə l	k r ʌ m b ə l d	ə n f o ʊ l d d	1	0	0
random	b ɔ k	b ɔ k t	b ɔ k t	r ə k ɔ r d	r ə k ɔ r d ə d	b ɔ k ə d	1	0	0
random	h iː t	h iː t ə d	h iː t ə d	ɪ f ɛ k t	ɪ f ɛ k t ə d	h iː t ə d	1	1	1
random	m ɪ l k	m ɪ l k t	m ɪ l k t	t͡ʃ ɪ l	t͡ʃ ɪ l d	m ɪ l k d	1	0	0
random	ʃ uː	ʃ uː d	ʃ uː d	ɡ r æ s p	ɡ r æ s p t	ʃ uː t	1	0	0
random	h ɑː l ɹ̩	h ɑː l ɹ̩ d	h ɑː l ɹ̩ d	s l a ɪ s	s l a ɪ s t	h ɑː l ɹ̩ t	1	0	0
random	t r ɪ p	t r ɪ p t	t r ɪ p t	d ʌ ŋ k	d ʌ ŋ k t	t r ɪ p t	1	1	1
random	ɪ k s ɛ p t	ɪ k s ɛ p t ə d	ɪ k s ɛ p t ə d	m ɑː r t͡ʃ	m ɑː r t͡ʃ t	ɪ k s ɛ p t t	1	0	0
random	b a ʊ n s	b a ʊ n s t	b a ʊ n s t	p o ʊ s t	p o ʊ s t ə d	b a ʊ n s ə d	1	0	0
random	s k uː l	s k uː l d	s k uː l d	ɔ t ə m e ɪ t	ɔ t ə m e ɪ t ə d	s k uː l ə d	1	0	0
random	t r e ɪ s	t r e ɪ s t	t r e ɪ s t	w ɪ s ə l	w ɪ s ə l d	t r e ɪ s d	1	0	0
random	d a ʊ n	d a ʊ n d	d a ʊ n d	m ə n ɪ p j ə l e ɪ t	m ə n ɪ p j ə l e ɪ t ə d	d a ʊ n ə d	1	0	0
random	ə r e ɪ n d͡ʒ	ə r e ɪ n d͡ʒ d	ə r e ɪ n d͡ʒ d	ɡ l ɔ r ə f a ɪ	ɡ l ɔ r ə f a ɪ d	ə r e ɪ n d͡ʒ d	1	1	1
random	d ɛ r	d ɛ r d	d ɛ r d	ə t ɛ n d	ə t ɛ n d ə d	d ɛ r ə d	1	0	0
random	æ d	æ d ə d	æ d	k ɪ l	k ɪ l d	æ d d	1	0	0
random	t r ɛ ʒ ɹ̩	t r ɛ ʒ ɹ̩ d	t r ɛ ŋ ɹ̩ d	k ə n s ɹ̩ n	k ə n s ɹ̩ n d	t r ɛ ʒ ɹ̩ d	1	0	1
random	w ɑː b ə l	w ɑː b ə l d	w ɑː b ə l d	t͡ʃ ɛ r	t͡ʃ ɛ r d	w ɑː b ə l d	1	1	1
random	p iː s	p iː s t	p iː s t	f a ɪ l	f a ɪ l d	p iː s d	1	0	0
random	n æ p	n æ p t	n æ p t	ə n l o ʊ d	ə n l o ʊ d ə d	n æ p ə d	1	0	0
random	p o ʊ z	p o ʊ z d	p o ʊ z d	ɪ r ɪ t e ɪ t	ɪ r ɪ t e ɪ t ə d	p o ʊ z ə d	1	0	0
random	ə n p æ k	ə n p æ k t	ə n p æ k t	k r a ʊ t͡ʃ	k r a ʊ t͡ʃ t	ə n p æ k t	1	1	1
random	r iː ə l a ɪ z	r iː ə l a ɪ z d	r iː ə l a ɪ z d	h æ m ɹ̩	h æ m ɹ̩ d	r iː ə l a ɪ z d	1	1	1
random	b ʌ ɡ	b ʌ ɡ d	b ʌ ɡ d	s t ɔ k	s t ɔ k t	b ʌ ɡ t	1	0	0
random	b ʊ t͡ʃ ɹ̩	b ʊ t͡ʃ ɹ̩ d	b ʊ t͡ʃ ɹ̩ d	r iː d ɹ̩ ɛ k t	r iː d ɹ̩ ɛ k t ə d	b ʊ t͡ʃ ɹ̩ ə d	1	0	0
random	m ʌ f ə l	m ʌ f ə l d	m ʌ f ə l d	k ə l ɛ k t	k ə l ɛ k t ə d	m ʌ f ə l ə d	1	0	0
random	r ɪ p ɛ r	r ɪ p ɛ r d	r ɪ p ɛ r d	d ɪ s k ʌ s	d ɪ s k ʌ s t	r ɪ p ɛ r t	1	0	0
random	s t ɪ ŋ k	s t ʌ ŋ k	s t ɪ ŋ k	p a ʊ t	p a ʊ t ə d	s t ɪ ŋ k ə d	0	0	0
random	ɡ æ ð ɹ̩	ɡ æ ð ɹ̩ d	ɡ æ ð ɹ̩ d	ə p r iː ʃ iː e ɪ t	ə p r iː ʃ iː e ɪ t ə d	ɡ æ ð ɹ̩ ə d	1	0	0
random	b ɑː t ə l	b ɑː t ə l d	b ɑː t ə l d	t ɪ k	t ɪ k t	b ɑː t ə l t	1	0	0
random	b iː m	b iː m d	b iː m d	k ʌ m	k e ɪ m	NA	1	0	0
random	k ə m p l e ɪ n	k ə m p l e ɪ n d	k ə m p l e ɪ n d	h ɪ s	h ɪ s t	k ə m p l e ɪ n t	1	0	0
random	ə n l ɑː k	ə n l ɑː k t	ə n l ɑː k t	s ɹ̩ v	s ɹ̩ v d	ə n l ɑː k d	1	0	0
random	b a ɪ k	b a ɪ k t	b a ɪ k t	m ɪ n s	m ɪ n s t	b a ɪ k t	1	1	1
random	h ɔ k	h ɔ k t	h ɔ k t	f ɪ k s	f ɪ k s t	h ɔ k t	1	1	1
random	f æ s ə n	f æ s ə n d	f æ s ə n d	b r ʌ ʃ	b r ʌ ʃ t	f æ s ə n t	1	0	0
random	ɪ k s p ɛ k t	ɪ k s p ɛ k t ə d	ɪ k s p ɛ k t ə d	l ʌ n t͡ʃ	l ʌ n t͡ʃ t	ɪ k s p ɛ k t t	1	0	0
random	l ɛ v ə l	l ɛ v ə l d	l ɛ v ə l d	s k æ m p ɹ̩	s k æ m p ɹ̩ d	l ɛ v ə l d	1	1	1
random	f ɔ r m	f ɔ r m d	f ɔ r m d	p iː p	p iː p t	f ɔ r m t	1	0	0
random	w æ ɡ	w æ ɡ d	w æ ɡ d	ɪ m p r uː v	ɪ m p r uː v d	w æ ɡ d	1	1	1
random	f ʌ s	f ʌ s t	f ʌ s t	p l ɑː p	p l ɑː p t	f ʌ s t	1	1	1
random	s m o ʊ k	s m o ʊ k t	s m o ʊ k t	s ɹ̩ p r a ɪ z	s ɹ̩ p r a ɪ z d	s m o ʊ k d	1	0	0
random	ɪ n ɪ ʃ ə l	ɪ n ɪ ʃ ə l d	ɪ n ɪ ʃ ə l d	d ɑː r n	d ɑː r n d	ɪ n ɪ ʃ ə l d	1	1	1
random	r iː b a ʊ n d	r iː b a ʊ n d ə d	r iː b a ʊ n d ə d	s e ɪ	s ɛ d	NA	1	0	0
random	b ɪ z iː	b ɪ z iː d	b ɪ z iː d	b ʌ n t͡ʃ	b ʌ n t͡ʃ t	b ɪ z iː t	1	0	0
random	b ɔ r d	b ɔ r d ə d	b ɔ r d ə d	b o ʊ l t	b o ʊ l t ə d	b ɔ r d ə d	1	1	1
random	s n æ k	s n æ k t	s n æ k t	ɡ ɑː r d	ɡ ɑː r d ə d	s n æ k ə d	1	0	0
random	d r a ʊ n	d r a ʊ n d	d r a ʊ n d	s t o ʊ n	s t o ʊ n d	d r a ʊ n d	1	1	1
random	b ɑː t ə m	b ɑː t ə m d	b ɑː t ə m d	ɡ r ʌ m b ə l	ɡ r ʌ m b ə l d	b ɑː t ə m d	1	1	1
random	r iː t r iː v	r iː t r iː v d	r iː t r iː v d	s p ɛ n d	s p ɛ n t	NA	1	0	0
random	s k r ɪ b ə l	s k r ɪ b ə l d	s k r ɪ b ə l d	l ʌ n t͡ʃ	l ʌ n t͡ʃ t	s k r ɪ b ə l t	1	0	0
random	t ɛ n d	t ɛ n d ə d	t ɛ n d ə d	s k æ m p ɹ̩	s k æ m p ɹ̩ d	t ɛ n d d	1	0	0
random	ɔ r iː ɛ n t	ɔ r iː ɛ n t ə d	ɔ r iː ɛ n t ə d	d w ɔ r f	d w ɔ r f t	ɔ r iː ɛ n t t	1	0	0
random	t uː l	t uː l d	t uː l d	r iː m uː v	r iː m uː v d	t uː l d	1	1	1
random	ɡ æ l ə p	ɡ æ l ə p t	ɡ æ l ə p t	ɪ s k e ɪ p	ɪ s k e ɪ p t	ɡ æ l ə p t	1	1	1
random	t a ɪ p	t a ɪ p t	t a ɪ p t	w ɪ z	w ɪ z d	t a ɪ p d	1	0	0
random	l æ n d s k e ɪ p	l æ n d s k e ɪ p t	l d	w e ɪ t	w e ɪ t ə d	l æ n d s k e ɪ p ə d	1	0	0
random	ə n d uː	ə n d ɪ d	ə n d uː d	t e ɪ s t	t e ɪ s t ə d	ə n d uː ə d	0	0	0
random	r o ʊ p	r o ʊ p t	r o ʊ p t	p æ n t	p æ n t ə d	r o ʊ p ə d	1	0	0
random	f ʌ m b ə l	f ʌ m b ə l d	f ʌ m b ə l d	ɪ n t r ə d uː s	ɪ n t r ə d uː s t	f ʌ m b ə l t	1	0	0
random	ə n a ʊ n s	ə n a ʊ n s t	ə n a ʊ n s t	ɡ r æ d͡ʒ ə w e ɪ t	ɡ r æ d͡ʒ ə w e ɪ t ə d	ə n a ʊ n s ə d	1	0	0
random	ʃ ʌ t ə l	ʃ ʌ t ə l d	ʃ ʌ t ə l d	ɪ n t ɹ̩ m ɪ k s	ɪ n t ɹ̩ m ɪ k s t	ʃ ʌ t ə l t	1	0	0
random	f l æ t ə n	f l æ t ə n d	f l æ t ə n d	s ɛ n d	s ɛ n t	NA	1	0	0
random	ə d r ɛ s	ə d r ɛ s t	ə d r ɛ s t	k ɑː z	k ɑː z d	ə d r ɛ s d	1	0	0
random	d ɪ s p o ʊ z	d ɪ s p o ʊ z d	d ɪ s p o ʊ z d	f l a ʊ ɹ̩	f l a ʊ ɹ̩ d	d ɪ s p o ʊ z d	1	1	1
random	t æ ɡ	t æ ɡ d	t æ ɡ d	b a ɪ t	b ɪ t	NA	1	0	0
random	p iː t ɹ̩	p iː t ɹ̩ d	p iː t ɹ̩ d	k r ʌ ʃ	k r ʌ ʃ t	p iː t ɹ̩ t	1	0	0
random	l e ɪ s	l e ɪ s t	l e ɪ s t	k ə n t r ɪ b j uː t	k ə n t r ɪ b j uː t ə d	l e ɪ s ə d	1	0	0
random	ɔ ɪ l	ɔ ɪ l d	ɔ ɪ l d	s k w ɛ r	s k w ɛ r d	ɔ ɪ l d	1	1	1
random	t ɑː p	t ɑː p t	t ɑː p t	b iː t͡ʃ	b iː t͡ʃ t	t ɑː p t	1	1	1
random	k æ p	k æ p t	k æ p t	s p ɪ l	s p ɪ l d	k æ p d	1	0	0
random	ʃ a ɪ n	ʃ a ɪ n d	ʃ a ɪ n d	h iː v	h iː v d	ʃ a ɪ n d	1	1	1
random	m ɑː r	m ɑː r d	m ɑː r d	j ɛ l	j ɛ l d	m ɑː r d	1	1	1
random	s a ɪ n	s a ɪ n d	s a ɪ n d	f o ʊ n	f o ʊ n d	s a ɪ n d	1	1	1
random	v ɔ ɪ s	v ɔ ɪ s t	v ɔ ɪ s t	ʌ p	ʌ p t	v ɔ ɪ s t	1	1	1
random	ɪ ɡ n ɔ r	ɪ ɡ n ɔ r d	ɪ ɡ n ɔ r d	k ə n ɡ r æ t͡ʃ ə l e ɪ t	k ə n ɡ r æ t͡ʃ ə l e ɪ t ə d	ɪ ɡ n ɔ r ə d	1	0	0
random	ɡ æ s p	ɡ æ s p t	ɡ æ s p t	s k ɛ d͡ʒ ʊ l	s k ɛ d͡ʒ ʊ l d	ɡ æ s p d	1	0	0
random	l uː s	l uː s t	l uː s t	s ɪ m b ə l a ɪ z	s ɪ m b ə l a ɪ z d	l uː s d	1	0	0
random	ʃ o ʊ l d ɹ̩	ʃ o ʊ l d ɹ̩ d	ʃ o ʊ l d ɹ̩ d	ɡ r e ɪ s	ɡ r e ɪ s t	ʃ o ʊ l d ɹ̩ t	1	0	0
random	t͡ʃ ɪ p	t͡ʃ ɪ p t	t͡ʃ ɪ p t	r ɪ m e ɪ n	r ɪ m e ɪ n d	t͡ʃ ɪ p d	1	0	0
random	ɡ ɑː l f	ɡ ɑː l f t	ɡ ɑː l f t	s ɛ n t ə n s	s ɛ n t ə n s t	ɡ ɑː l f t	1	1	1
random	s t ɪ ŋ	s t ʌ ŋ	s t ɪ ŋ	ə p s ɛ t	ə p s ɛ t	s t ɪ ŋ	0	1	0
random	e ɪ d	e ɪ d ə d	e ɪ d	ɪ k s p r ɛ s	ɪ k s p r ɛ s t	e ɪ d t	1	0	0
random	f ɹ̩ m ɛ n t	f ɹ̩ m ɛ n t ə d	f ɹ̩ m ɛ n t ə d	d ʌ s t	d ʌ s t ə d	f ɹ̩ m ɛ n t ə d	1	1	1
random	d͡ʒ o ʊ k	d͡ʒ o ʊ k t	d͡ʒ o ʊ k t	s a ʊ n d	s a ʊ n d ə d	d͡ʒ o ʊ k ə d	1	0	0
random	ʃ ɑː k	ʃ ɑː k t	ʃ ɑː k t	b a ɪ t	b ɪ t	NA	1	0	0
random	ɪ n t ɹ̩ ʌ p t	ɪ n t ɹ̩ ʌ p t ə d	ɪ n t ɹ̩ ʌ p t ə d	p e ɪ s t	p e ɪ s t ə d	ɪ n t ɹ̩ ʌ p t ə d	1	1	1
random	k ə n f ɛ s	k ə n f ɛ s t	k ə n f ɛ s t	k ɑː m	k ɑː m d	k ə n f ɛ s d	1	0	0
random	k o ʊ ɔ r d ə n e ɪ t	k o ʊ ɔ r d ə n e ɪ t ə d	k ə d ə n d	r a ɪ m	r a ɪ m d	k o ʊ ɔ r d ə n e ɪ t d	1	0	0
random	ɛ n t ɹ̩	ɛ n t ɹ̩ d	ɛ n t ɹ̩ d	a ɪ d ɛ n t ə f a ɪ	a ɪ d ɛ n t ə f a ɪ d	ɛ n t ɹ̩ d	1	1	1
random	ɑː r m	ɑː r m d	ɑː r m d	ɪ n s t r ʌ k t	ɪ n s t r ʌ k t ə d	ɑː r m ə d	1	0	0
random	θ ʌ m p	θ ʌ m p t	θ ʌ m p t	ɡ l ʌ v	ɡ l ʌ v d	θ ʌ m p d	1	0	0
random	b l ʌ d	b l ʌ d ə d	b l ʌ d ə d	s t æ b	s t æ b d	b l ʌ d d	1	0	0
random	m o ʊ	m o ʊ d	m o ʊ d	p r a ɪ	p r a ɪ d	m o ʊ d	1	1	1
random	t r æ n s k r a ɪ b	t r æ n s k r a ɪ b d	t k s k r a ɪ z d	b l ɑː k	b l ɑː k t	t r æ n s k r a ɪ b t	1	0	0
random	k ə m p l iː t	k ə m p l iː t ə d	k ə m p l iː t ə d	s ə d͡ʒ ɛ s t	s ə d͡ʒ ɛ s t ə d	k ə m p l iː t ə d	1	1	1
random	t ɔ r t͡ʃ ɹ̩	t ɔ r t͡ʃ ɹ̩ d	t ɔ r t͡ʃ ɹ̩ d	k æ m p	k æ m p t	t ɔ r t͡ʃ ɹ̩ t	1	0	0
random	r iː p ə z ɪ ʃ ə n	r iː p ə z ɪ ʃ ə n d	r iː z ə z d	b ʌ z	b ʌ z d	r iː p ə z ɪ ʃ ə n d	1	0	1
random	k ɑː n	k ɑː n d	k ɑː n d	r ɪ ŋ	r æ ŋ	NA	1	0	0
random	b ɔ l	b ɔ l d	b ɔ l d	s ɑː k	s ɑː k t	b ɔ l t	1	0	0
random	k r iː k	k r iː k t	k r iː k t	θ r ɛ d	θ r ɛ d ə d	k r iː k ə d	1	0	0
random	s ɔ f ə n	s ɔ f ə n d	s ɔ f ə n d	d ɪ z ɹ̩ v	d ɪ z ɹ̩ v d	s ɔ f ə n d	1	1	1
random	f l ɹ̩ t	f l ɹ̩ t ə d	f l ɹ̩ t ə d	b l ɑː k	b l ɑː k t	f l ɹ̩ t t	1	0	0
random	z ɪ ɡ z æ ɡ	z ɪ ɡ z æ ɡ d	z ɪ ɡ z æ ɡ d	k æ t͡ʃ	k ɔ t	NA	1	0	0
random	s ɪ v ə l a ɪ z	s ɪ v ə l a ɪ z d	s ɪ v a ɪ z d	t͡ʃ ɑː p	t͡ʃ ɑː p t	s ɪ v ə l a ɪ z t	1	0	0
random	w ɪ ŋ	w ɪ ŋ d	w ɪ ŋ d	s t æ ʃ	s t æ ʃ t	w ɪ ŋ t	1	0	0
random	p ɔ z	p ɔ z d	p ɔ z d	a ɪ s	a ɪ s t	p ɔ z t	1	0	0
random	ɪ n t͡ʃ	ɪ n t͡ʃ t	ɪ n t͡ʃ t	ʃ e ɪ k	ʃ ʊ k	NA	1	0	0
random	ə t͡ʃ iː v	ə t͡ʃ iː v d	ə t͡ʃ iː v d	r e ɪ s	r e ɪ s t	ə t͡ʃ iː v t	1	0	0
random	m ə s ɑː ʒ	m ə s ɑː ʒ d	m ə s ɑː f t	b æ k	b æ k t	m ə s ɑː ʒ t	1	0	0
random	s ɪ ŋ k	s æ ŋ k	s ɪ ŋ k t	r iː l iː s	r iː l iː s t	s ɪ ŋ k t	0	1	0
random	s k o ʊ l d	s k o ʊ l d ə d	s k o ʊ l d ə d	d ɪ s ə p iː r	d ɪ s ə p iː r d	s k o ʊ l d d	1	0	0
random	w ɪ n t ɹ̩	w ɪ n t ɹ̩ d	w ɪ n t ɹ̩ d	m ʌ m b ə l	m ʌ m b ə l d	w ɪ n t ɹ̩ d	1	1	1
random	t͡ʃ ɹ̩ n	t͡ʃ ɹ̩ n d	t͡ʃ ɹ̩ n d	m ɛ r ɪ t	m ɛ r ɪ t ə d	t͡ʃ ɹ̩ n ə d	1	0	0
random	ʃ ɪ p	ʃ ɪ p t	ʃ ɪ p t	p ɑː r k	p ɑː r k t	ʃ ɪ p t	1	1	1
random	l uː p	l uː p t	l uː p t	ɪ r e ɪ s	ɪ r e ɪ s t	l uː p t	1	1	1
random	k ɔ ɪ n	k ɔ ɪ n d	k ɔ ɪ n d	r ɛ n t͡ʃ	r ɛ n t͡ʃ t	k ɔ ɪ n t	1	0	0
random	p l æ s t ɹ̩	p l æ s t ɹ̩ d	p l æ s t ɹ̩ d	b ɛ l t	b ɛ l t ə d	p l æ s t ɹ̩ ə d	1	0	0
random	k ə n s ɪ d ɹ̩	k ə n s ɪ d ɹ̩ d	k ə n s t ɹ̩ d	ʃ ʌ t	ʃ ʌ t	k ə n s ɪ d ɹ̩	1	0	0
random	f ɛ ð ɹ̩	f ɛ ð ɹ̩ d	f ɛ ð ɹ̩ d	h ʌ d ə l	h ʌ d ə l d	f ɛ ð ɹ̩ d	1	1	1
random	s t iː m	s t iː m d	s t iː m d	e ɪ m	e ɪ m d	s t iː m d	1	1	1
random	b l æ ŋ k ə t	b l æ ŋ k ə t ə d	b æ ŋ k ə k t ə d	m a ɪ n d	m a ɪ n d ə d	b l æ ŋ k ə t ə d	1	0	1
random	k æ l k j ə l e ɪ t	k æ l k j ə l e ɪ t ə d	k j ə l d	l ɔ ŋ	l ɔ ŋ d	k æ l k j ə l e ɪ t d	1	0	0
random	d͡ʒ ɛ s t͡ʃ ɹ̩	d͡ʒ ɛ s t͡ʃ ɹ̩ d	d͡ʒ ɛ s t͡ʃ ɹ̩ d	d ɛ k ɹ̩ e ɪ t	d ɛ k ɹ̩ e ɪ t ə d	d͡ʒ ɛ s t͡ʃ ɹ̩ ə d	1	0	0
random	w ɛ d͡ʒ	w ɛ d͡ʒ d	w ɛ d͡ʒ d	s t ʌ n	s t ʌ n d	w ɛ d͡ʒ d	1	1	1
random	t r ɪ p ə l	t r ɪ p ə l d	t r ɪ p ə l d	v j uː	v j uː d	t r ɪ p ə l d	1	1	1
random	p ɑː r t	p ɑː r t ə d	p ɑː r t ə d	k ɑː r v	k ɑː r v d	p ɑː r t d	1	0	0
random	h æ l o ʊ	h æ l o ʊ d	h æ l o ʊ d	æ n s ɹ̩	æ n s ɹ̩ d	h æ l o ʊ d	1	1	1
random	s p ɔ r t	s p ɔ r t ə d	s p ɔ r t ə d	k r ɔ l	k r ɔ l d	s p ɔ r t d	1	0	0
random	d ɑː r t	d ɑː r t ə d	d ɑː r t ə d	k r uː s ə f a ɪ	k r uː s ə f a ɪ d	d ɑː r t d	1	0	0
random	ʃ ɪ v ɹ̩	ʃ ɪ v ɹ̩ d	ʃ ɪ v ɹ̩ d	ɛ n d	ɛ n d ə d	ʃ ɪ v ɹ̩ ə d	1	0	0
random	ɡ r e ɪ z	ɡ r e ɪ z d	ɡ r e ɪ z d	s w uː p	s w uː p t	ɡ r e ɪ z t	1	0	0
random	s o ʊ k	s o ʊ k t	s o ʊ k t	p ɹ̩ v ɹ̩ t	p ɹ̩ v ɹ̩ t ə d	s o ʊ k ə d	1	0	0
random	b l o ʊ t	b l o ʊ t ə d	b l o ʊ t ə d	w ɔ n t	w ɔ n t ə d	b l o ʊ t ə d	1	1	1
random	s p l ɪ n t ɹ̩	s p l ɪ n t ɹ̩ d	s p l ɪ n t ɹ̩ d	b ʌ d͡ʒ	b ʌ d͡ʒ d	s p l ɪ n t ɹ̩ d	1	1	1
random	w iː	w iː d	w iː d	t ʌ m b ə l	t ʌ m b ə l d	w iː d	1	1	1
random	ɡ iː r	ɡ iː r d	ɡ iː r d	ʃ e ɪ p	ʃ e ɪ p t	ɡ iː r t	1	0	0
random	ə b z ɹ̩ v	ə b z ɹ̩ v d	ə b z ɹ̩ v d	f ɪ l m	f ɪ l m d	ə b z ɹ̩ v d	1	1	1
random	s æ n d w ɪ t͡ʃ	s æ n d w ɪ t͡ʃ t	s æ n d w ɛ t͡ʃ t	b æ n d iː	b æ n d iː d	s æ n d w ɪ t͡ʃ d	1	0	0
random	ɪ n k l uː d	ɪ n k l uː d ə d	ɪ n k l uː d ə d	h ɹ̩ iː	h ɹ̩ iː d	ɪ n k l uː d d	1	0	0
random	v o ʊ t	v o ʊ t ə d	v o ʊ t ə d	l uː s ə n	l uː s ə n d	v o ʊ t d	1	0	0
random	k e ɪ v	k e ɪ v d	k e ɪ v d	p r ɑː m ə s	p r ɑː m ə s t	k e ɪ v t	1	0	0
random	s p e ɪ	s p e ɪ d	s p e ɪ d	ʃ a ɪ	ʃ a ɪ d	s p e ɪ d	1	1	1
random	t æ t uː	t æ t uː d	t æ t uː d	s p e ɪ s	s p e ɪ s t	t æ t uː t	1	0	0
random	p ɹ̩ s	p ɹ̩ s t	p ɹ̩ s t	s t e ɪ p ə l	s t e ɪ p ə l d	p ɹ̩ s d	1	0	0
random	r ɪ ɡ r ɛ t	r ɪ ɡ r ɛ t ə d	r ɪ ɡ r ɛ t ə d	k r ɛ s t	k r ɛ s t ə d	r ɪ ɡ r ɛ t ə d	1	1	1
random	k l ʌ t ɹ̩	k l ʌ t ɹ̩ d	k l ʌ t ɹ̩ d	t ɛ s t	t ɛ s t ə d	k l ʌ t ɹ̩ ə d	1	0	0
random	d r ɛ n t͡ʃ	d r ɛ n t͡ʃ t	d r ɛ n t͡ʃ t	s o ʊ	s o ʊ d	d r ɛ n t͡ʃ d	1	0	0
random	k l e ɪ m	k l e ɪ m d	k l e ɪ m d	k ɹ̩ l	k ɹ̩ l d	k l e ɪ m d	1	1	1
random	f r a ʊ n	f r a ʊ n d	f r a ʊ n d	k w ɛ s t͡ʃ ə n	k w ɛ s t͡ʃ ə n d	f r a ʊ n d	1	1	1
random	r iː n e ɪ m	r iː n e ɪ m d	r iː n e ɪ m d	b ɪ ɡ ɪ n	b ɪ ɡ æ n	NA	1	0	0
random	ɛ n k ɹ̩ ɪ d͡ʒ	ɛ n k ɹ̩ ɪ d͡ʒ d	ɛ n k ɹ̩ ɪ d͡ʒ d	s p r ɛ d	s p r ɛ d	ɛ n k ɹ̩ ɪ d͡ʒ	1	0	0
random	d ɪ l ɪ n iː e ɪ t	d ɪ l ɪ n iː e ɪ t ə d	d ɪ n ɪ n d	k ɔ l	k ɔ l d	d ɪ l ɪ n iː e ɪ t d	1	0	0
random	f iː t͡ʃ ɹ̩	f iː t͡ʃ ɹ̩ d	f iː t͡ʃ ɹ̩ d	æ s k	æ s k t	f iː t͡ʃ ɹ̩ t	1	0	0
random	p ɛ ɡ	p ɛ ɡ d	p ɛ ɡ d	k r ʌ m p ə l	k r ʌ m p ə l d	p ɛ ɡ d	1	1	1
random	m ɑː d ə f a ɪ	m ɑː d ə f a ɪ d	m ə d ə f a ɪ d	r e ɪ n	r e ɪ n d	m ɑː d ə f a ɪ d	1	0	1
random	s l ɪ t	s l ɪ t	s l ɪ t ə d	w ɔ r m	w ɔ r m d	s l ɪ t d	0	0	0
random	k ə n v ɪ n s	k ə n v ɪ n s t	k ə n v ɪ n s t	s p ɛ n d	s p ɛ n t	NA	1	0	0
random	s m uː ð	s m uː ð d	s m uː ð d	m æ ŋ ɡ ə l	m æ ŋ ɡ ə l d	s m uː ð d	1	1	1
random	t æ k ə l	t æ k ə l d	t æ k ə l d	b l ɑː k	b l ɑː k t	t æ k ə l t	1	0	0
random	k ə m j uː n ə k e ɪ t	k ə m j uː n ə k e ɪ t ə d	k ə n d	m ɛ l t	m ɛ l t ə d	k ə m j uː n ə k e ɪ t ə d	1	0	1
random	t r ɑː t	t r ɑː t ə d	t r ɑː t ə d	s p l ɪ t	s p l ɪ t	t r ɑː t	1	0	0
random	s t r æ d ə l	s t r æ d ə l d	s t r æ d ə l d	b æ f ə l	b æ f ə l d	s t r æ d ə l d	1	1	1
random	θ ʌ n d ɹ̩	θ ʌ n d ɹ̩ d	θ ʌ n d ɹ̩ d	s n æ p	s n æ p t	θ ʌ n d ɹ̩ t	1	0	0
random	ɪ n s p a ɪ ɹ̩	ɪ n s p a ɪ ɹ̩ d	ɪ n s p a ɪ ɹ̩ d	w æ k	w æ k t	ɪ n s p a ɪ ɹ̩ t	1	0	0
random	l e ɪ b ɹ̩	l e ɪ b ɹ̩ d	l e ɪ b ɹ̩ d	t͡ʃ ɛ k	t͡ʃ ɛ k t	l e ɪ b ɹ̩ t	1	0	0
random	ə k ɹ̩	ə k ɹ̩ d	ə k ɹ̩ d	f iː r	f iː r d	ə k ɹ̩ d	1	1	1
random	b r uː z	b r uː z d	b r uː z d	ʃ e ɪ k	ʃ ʊ k	NA	1	0	0
random	t͡ʃ æ t	t͡ʃ æ t ə d	t͡ʃ æ t ə d	ʃ o ʊ	ʃ o ʊ d	t͡ʃ æ t d	1	0	0
