neighbors	src	gold	pred	neighbor_src	neighbor_out	neighbor_gold	analogy	matches_pred	matches_gold	class_gold	class_pred	class_neighbor
model_sep	s e ɪ	s ɛ d	s e ɪ d	s a ɪ	s a ɪ d	s a ɪ d	s e ɪ d	1	0	vowel_change_suffix	reg_d	reg_d
model_sep	ɡ o ʊ	w ɛ n t	ɡ o ʊ d	ɡ æ ɡ	ɡ æ ɡ d	ɡ æ ɡ d	ɡ o ʊ d	1	0	other	reg_d	reg_d
model_sep	h æ p ə n	h æ p ə n d	h æ p ə n d	h o ʊ l d	h ɛ l d	h ɛ l d	NA	0	0	reg_d	reg_d	vowel_change
model_sep	k æ t͡ʃ	k ɔ t	k æ t͡ʃ t	k ɪ d	k ɪ d ə d	k ɪ d ə d	k æ t͡ʃ ə d	0	0	rhyme_replaced	reg_t	reg_əd
model_sep	l ʌ v	l ʌ v d	l ʌ v d	l ɔ ŋ	l ɔ ŋ d	l ɔ ŋ d	l ʌ v d	1	1	reg_d	reg_d	reg_d
model_sep	w ɹ̩ k	w ɹ̩ k t	w ɹ̩ k t	w uː p	w uː p t	w uː p t	w ɹ̩ k t	1	1	reg_t	reg_t	reg_t
model_sep	k ʌ t	k ʌ t	k e ɪ t	k ɪ d	k ɪ d ə d	k ɪ d ə d	k ʌ t ə d	0	0	no_change	vowel_change	reg_əd
model_sep	n iː d	n iː d ə d	n iː d ə d	n ɑː d	n ɑː d ə d	n ɑː d ə d	n iː d ə d	1	1	reg_əd	reg_əd	reg_əd
model_sep	z ɪ p ɹ̩	z ɪ p ɹ̩ d	z ɪ p ɹ̩ d	z uː m	z uː m d	z uː m d	z ɪ p ɹ̩ d	1	1	reg_d	reg_d	reg_d
model_sep	b a ɪ	b ɔ t	b a ɪ d	b iː p	b iː p t	b iː p t	b a ɪ t	0	0	vowel_change_suffix	reg_d	reg_t
model_sep	m iː t	m ɛ t	m iː t ə d	m uː v	m uː v d	m uː v d	m iː t d	0	0	vowel_change	reg_əd	reg_d
model_sep	m e ɪ l	m e ɪ l d	m e ɪ l d	m a ɪ n	m a ɪ n d	m a ɪ n d	m e ɪ l d	1	1	reg_d	reg_d	reg_d
model_sep	t iː t͡ʃ	t ɔ t	t iː t͡ʃ t	t ʌ t͡ʃ	t ʌ t͡ʃ t	t ʌ t͡ʃ t	t iː t͡ʃ t	1	0	rhyme_replaced	reg_t	reg_t
model_sep	s p ɛ n d	s p ɛ n t	s p ɛ n d ə d	s p r ɛ d	s p r ɛ d	s p r ɛ d	s p ɛ n d	0	0	coda_change	reg_əd	no_change
model_sep	h æ n d	h æ n d ə d	h æ n d ə d	h a ɪ d	h a ɪ d ə d	h ɪ d	h æ n d ə d	1	1	reg_əd	reg_əd	reg_əd
model_sep	m ɛ r iː	m ɛ r iː d	m ɛ r iː d	m ʌ d iː	m ʌ d iː d	m ʌ d iː d	m ɛ r iː d	1	1	reg_d	reg_d	reg_d
model_sep	r ɛ d iː	r ɛ d iː d	r ɛ d iː d	r a ɪ z	r o ʊ z	r o ʊ z	NA	0	0	reg_d	reg_d	vowel_change
model_sep	f l o ʊ t	f l o ʊ t ə d	f l o ʊ t ə d	f e ɪ n t	f e ɪ n t ə d	f e ɪ n t ə d	f l o ʊ t ə d	1	1	reg_əd	reg_əd	reg_əd
model_sep	s k w ɹ̩ t	s k w ɹ̩ t ə d	s k w ɹ̩ t ə d	s k e ɪ t	s k e ɪ t ə d	s k e ɪ t ə d	s k w ɹ̩ t ə d	1	1	reg_əd	reg_əd	reg_əd
model_sep	w ɔ k	w ɔ k t	w ɔ k t	w uː p	w uː p t	w uː p t	w ɔ k t	1	1	reg_t	reg_t	reg_t
model_sep	f ɪ k s	f ɪ k s t	f ɪ k s t	f e ɪ s	f e ɪ s t	f e ɪ s t	f ɪ k s t	1	1	reg_t	reg_t	reg_t
model_sep	p r æ k t ɪ s	p r æ k t ɪ s t	p r æ k t ɪ s t	p r iː t ɛ n d	p r iː t ɛ n d ə d	p r iː t ɛ n d ə d	p r æ k t ɪ s ə d	0	0	reg_t	reg_t	reg_əd
model_sep	k iː p	k ɛ p t	k iː p t	k æ p	k æ p t	k æ p t	k iː p t	1	0	vowel_change_suffix	reg_t	reg_t
model_sep	n ɪ b ə l	n ɪ b ə l d	n ɪ b ə l d	n ʌ k ə l	n ʌ k ə l d	n ʌ k ə l d	n ɪ b ə l d	1	1	reg_d	reg_d	reg_d
model_sep	w uː	w uː d	w uː d	w iː	w iː d	w iː d	w uː d	1	1	reg_d	reg_d	reg_d
model_sep	k ɪ l	k ɪ l d	k ɪ l d	k uː l	k uː l d	k uː l d	k ɪ l d	1	1	reg_d	reg_d	reg_d
model_sep	k æ r iː	k æ r iː d	k æ r iː d	k ɑː p iː	k ɑː p iː d	k ɑː p iː d	k æ r iː d	1	1	reg_d	reg_d	reg_d
model_sep	ɹ̩ n	ɹ̩ n d	ɹ̩ n d	d͡ʒ ɔ ɪ n	d͡ʒ ɔ ɪ n d	d͡ʒ ɔ ɪ n d	ɹ̩ n d	1	1	reg_d	reg_d	reg_d
model_sep	k ə l ɛ k t	k ə l ɛ k t ə d	k ə l ɛ k t ə d	k ə n ɛ k t	k ə n ɛ k t ə d	k ə n ɛ k t ə d	k ə l ɛ k t ə d	1	1	reg_əd	reg_əd	reg_əd
model_sep	d æ n s	d æ n s t	d æ n s t	d r æ ɡ	d r æ ɡ d	d r æ ɡ d	d æ n s d	0	0	reg_t	reg_t	reg_d
model_sep	d r ɔ	d r uː	d r ɔ d	d ʌ b	d ʌ b d	d ʌ b d	d r ɔ d	1	0	vowel_change	reg_d	reg_d
model_sep	p r a ɪ	p r a ɪ d	p r a ɪ d	p l a ɪ	p l a ɪ d	p l a ɪ d	p r a ɪ d	1	1	reg_d	reg_d	reg_d
model_sep	ɪ n v a ɪ t	ɪ n v a ɪ t ə d	ɪ n v a ɪ t ə d	ɪ n v ɛ n t	ɪ n v ɛ n t ə d	ɪ n v ɛ n t ə d	ɪ n v a ɪ t ə d	1	1	reg_əd	reg_əd	reg_əd
model_sep	r iː ə l a ɪ z	r iː ə l a ɪ z d	r iː ə l a ɪ z d	r iː b a ʊ n d	r iː b a ʊ n d ə d	r iː b a ʊ n d ə d	r iː ə l a ɪ z ə d	0	0	reg_d	reg_d	reg_əd
model_sep	d r ɛ s	d r ɛ s t	d r ɛ s t	d r æ ɡ	d r æ ɡ d	d r æ ɡ d	d r ɛ s d	0	0	reg_t	reg_t	reg_d
model_sep	t r æ n z m ɪ t	t r æ n z m ɪ t ə d	t r æ n m e ɪ t ə d	t ɹ̩ m ə n e ɪ t	t ɹ̩ m ə n e ɪ t ə d	t ɹ̩ m ə n e ɪ t ə d	t r æ n z m ɪ t ə d	0	1	reg_əd	other	reg_əd
model_sep	ʃ uː	ʃ uː d	ʃ uː	ʃ ɛ r	ʃ ɛ r d	ʃ ɛ r d	ʃ uː d	0	1	reg_d	no_change	reg_d
model_sep	p iː s	p iː s t	p iː s t	p æ s	p æ s t	p æ s t	p iː s t	1	1	reg_t	reg_t	reg_t
model_sep	d ɛ r	d ɛ r d	d ɛ r d	d iː l	d ɛ l t	d ɛ l t	NA	0	0	reg_d	reg_d	vowel_change_suffix
model_sep	b ɪ l d	b ɪ l t	b ɪ l d ə d	b ɔ r d	b ɔ r d ə d	b ɔ r d ə d	b ɪ l d ə d	1	0	coda_change	reg_əd	reg_əd
model_sep	w ɪ n	w ʌ n	w ɪ n d	w ɪ l	w ɪ l d	w ɪ l d	w ɪ n d	1	0	vowel_change	reg_d	reg_d
model_sep	k l a ɪ m	k l a ɪ m d	k l a ɪ m d	k r ʌ n t͡ʃ	k r ʌ n t͡ʃ t	k r ʌ n t͡ʃ t	k l a ɪ m t	0	0	reg_d	reg_d	reg_t
model_sep	s t ʌ f	s t ʌ f t	s t ʌ f t	s t ɪ ŋ	s t ʌ ŋ	s t ʌ ŋ	NA	0	0	reg_t	reg_t	vowel_change
model_sep	s t æ n d	s t ʊ d	s t æ n d ə d	s a ʊ n d	s a ʊ n d ə d	s a ʊ n d ə d	s t æ n d ə d	1	0	rhyme_replaced	reg_əd	reg_əd
model_sep	d a ɪ s	d a ɪ s t	d o ʊ s t	d r æ ɡ	d r æ ɡ d	d r æ ɡ d	d a ɪ s d	0	0	reg_t	vowel_change_suffix	reg_d
model_sep	k o ʊ m	k o ʊ m d	k o ʊ m d	k r iː m	k r iː m d	k r iː m d	k o ʊ m d	1	1	reg_d	reg_d	reg_d
model_sep	ɡ r o ʊ	ɡ r uː	ɡ r o ʊ d	ɡ l o ʊ	ɡ l o ʊ d	ɡ l o ʊ d	ɡ r o ʊ d	1	0	vowel_change	reg_d	reg_d
model_sep	b ʌ t ɹ̩	b ʌ t ɹ̩ d	b ʌ t ɹ̩ d	b ɛ t ɹ̩	b ɛ t ɹ̩ d	b ɛ t ɹ̩ d	b ʌ t ɹ̩ d	1	1	reg_d	reg_d	reg_d
model_sep	ə p s ɛ t	ə p s ɛ t	ə p s ɛ t ə d	ə f ɛ k t	ə f ɛ k t ə d	ə f ɛ k t ə d	ə p s ɛ t ə d	1	0	no_change	reg_əd	reg_əd
model_sep	b ɑː r	b ɑː r d	b ɑː r d	b ɔ r	b ɔ r d	b ɔ r d	b ɑː r d	1	1	reg_d	reg_d	reg_d
model_sep	m ɪ k s	m ɪ k s t	m ɪ k s t	m æ k s	m æ k s t	m æ k s t	m ɪ k s t	1	1	reg_t	reg_t	reg_t
model_sep	l ɹ̩ n	l ɹ̩ n d	l ɹ̩ n d	l ɔ ŋ	l ɔ ŋ d	l ɔ ŋ d	l ɹ̩ n d	1	1	reg_d	reg_d	reg_d
model_sep	r æ t ə l	r æ t ə l d	r æ t ə l d	r iː f ɪ l	r iː f ɪ l d	r iː f ɪ l d	r æ t ə l d	1	1	reg_d	reg_d	reg_d
model_sep	l uː z	l ɔ s t	l uː z d	l ɛ d	l ɛ d ə d	l ɛ d ə d	l uː z ə d	0	0	rhyme_replaced	reg_d	reg_əd
model_sep	p ɔ r	p ɔ r d	p ɔ r d	p iː r	p iː r d	p iː r d	p ɔ r d	1	1	reg_d	reg_d	reg_d
model_sep	m æ n	m æ n d	m æ n d	m uː v	m uː v d	m uː v d	m æ n d	1	1	reg_d	reg_d	reg_d
model_sep	m æ t͡ʃ	m æ t͡ʃ t	m æ t͡ʃ t	m uː v	m uː v d	m uː v d	m æ t͡ʃ d	0	0	reg_t	reg_t	reg_d
model_sep	w ɑː n d ɹ̩	w ɑː n d ɹ̩ d	w ɑː n d ɹ̩ d	w ʌ n d ɹ̩	w ʌ n d ɹ̩ d	w ʌ n d ɹ̩ d	w ɑː n d ɹ̩ d	1	1	reg_d	reg_d	reg_d
model_sep	r iː m a ɪ n d	r iː m a ɪ n d ə d	r iː m a ɪ n d ə d	r ɪ s p ɑː n d	r ɪ s p ɑː n d ə d	r ɪ s p ɑː n d ə d	r iː m a ɪ n d ə d	1	1	reg_əd	reg_əd	reg_əd
model_sep	s n ɪ f	s n ɪ f t	s n ɪ f t	s n ʌ f	s n ʌ f t	s n ʌ f t	s n ɪ f t	1	1	reg_t	reg_t	reg_t
model_sep	p iː k	p iː k t	p iː k t	p æ k	p æ k t	p æ k t	p iː k t	1	1	reg_t	reg_t	reg_t
model_sep	p l iː z	p l iː z d	p l iː z d	p iː t ɹ̩	p iː t ɹ̩ d	p iː t ɹ̩ d	p l iː z d	1	1	reg_d	reg_d	reg_d
model_sep	b e ɪ k	b e ɪ k t	b e ɪ k t	b ɑː r k	b ɑː r k t	b ɑː r k t	b e ɪ k t	1	1	reg_t	reg_t	reg_t
model_sep	r ɪ p	r ɪ p t	r ɪ p t	r æ p	r æ p t	r æ p t	r ɪ p t	1	1	reg_t	reg_t	reg_t
model_sep	t͡ʃ e ɪ n d͡ʒ	t͡ʃ e ɪ n d͡ʒ d	t͡ʃ e ɪ n d͡ʒ d	t͡ʃ æ l ə n d͡ʒ	t͡ʃ æ l ə n d͡ʒ d	t͡ʃ æ l ə n d͡ʒ d	t͡ʃ e ɪ n d͡ʒ d	1	1	reg_d	reg_d	reg_d
model_sep	ɔ r d ɹ̩	ɔ r d ɹ̩ d	ɔ r d ɹ̩ d	ɔ l t ɹ̩	ɔ l t ɹ̩ d	ɔ l t ɹ̩ d	ɔ r d ɹ̩ d	1	1	reg_d	reg_d	reg_d
model_sep	h o ʊ p	h o ʊ p t	h o ʊ p t	h ɛ l p	h ɛ l p t	h ɛ l p t	h o ʊ p t	1	1	reg_t	reg_t	reg_t
model_sep	p ɛ p ɹ̩	p ɛ p ɹ̩ d	p ɛ p ɹ̩ d	p iː t ɹ̩	p iː t ɹ̩ d	p iː t ɹ̩ d	p ɛ p ɹ̩ d	1	1	reg_d	reg_d	reg_d
model_sep	m ʌ n t͡ʃ	m ʌ n t͡ʃ t	m ʌ n t͡ʃ t	m ɑː r t͡ʃ	m ɑː r t͡ʃ t	m ɑː r t͡ʃ t	m ʌ n t͡ʃ t	1	1	reg_t	reg_t	reg_t
model_sep	p l æ s t ɹ̩	p l æ s t ɹ̩ d	p l æ s t ɹ̩ d	p ɔ ɪ z ə n	p ɔ ɪ z ə n d	p ɔ ɪ z ə n d	p l æ s t ɹ̩ d	1	1	reg_d	reg_d	reg_d
model_sep	f a ɪ t	f ɔ t	f a ɪ t ə d	f ɑː r m	f ɑː r m d	f ɑː r m d	f a ɪ t d	0	0	vowel_change	reg_əd	reg_d
model_sep	t r æ k	t r æ k t	t r æ k t	t r ɪ k	t r ɪ k t	t r ɪ k t	t r æ k t	1	1	reg_t	reg_t	reg_t
model_sep	s o ʊ	s o ʊ d	s o ʊ d	s ɪ ŋ	s æ ŋ	s æ ŋ	NA	0	0	reg_d	reg_d	vowel_change
model_sep	m ɛ l t	m ɛ l t ə d	m ɛ l t ə d	m ɔ l t	m ɔ l t ə d	m ɔ l t ə d	m ɛ l t ə d	1	1	reg_əd	reg_əd	reg_əd
model_sep	ɡ l ʌ v	ɡ l ʌ v d	ɡ l ʌ v d	ɡ ɑː l f	ɡ ɑː l f t	ɡ ɑː l f t	ɡ l ʌ v t	0	0	reg_d	reg_d	reg_t
model_sep	t͡ʃ ɑː r d͡ʒ	t͡ʃ ɑː r d͡ʒ d	t͡ʃ ɑː r d͡ʒ d	t͡ʃ æ n t	t͡ʃ æ n t ə d	t͡ʃ æ n t ə d	t͡ʃ ɑː r d͡ʒ ə d	0	0	reg_d	reg_d	reg_əd
model_sep	l ɪ k	l ɪ k t	l ɪ k t	l ʊ k	l ʊ k t	l ʊ k t	l ɪ k t	1	1	reg_t	reg_t	reg_t
model_sep	d ɪ l ɪ v ɹ̩	d ɪ l ɪ v ɹ̩ d	d ɪ l ɪ v ɹ̩ d	d ɪ s k ʌ s	d ɪ s k ʌ s t	d ɪ s k ʌ s t	d ɪ l ɪ v ɹ̩ t	0	0	reg_d	reg_d	reg_t
model_sep	b ʌ m p	b ʌ m p t	b ʌ m p t	b ɑː r k	b ɑː r k t	b ɑː r k t	b ʌ m p t	1	1	reg_t	reg_t	reg_t
model_sep	a ɪ	a ɪ d	a ɪ d	a ɪ s	a ɪ s t	a ɪ s t	a ɪ t	0	0	reg_d	reg_d	reg_t
model_sep	k iː	k iː d	k iː d	k ɑː z	k ɑː z d	k ɑː z d	k iː d	1	1	reg_d	reg_d	reg_d
model_sep	s ɪ z ə l	s ɪ z ə l d	s ɪ z ə l d	s ɹ̩ k ə l	s ɹ̩ k ə l d	s ɹ̩ k ə l d	s ɪ z ə l d	1	1	reg_d	reg_d	reg_d
model_sep	ɪ r e ɪ s	ɪ r e ɪ s t	ɪ r e ɪ s t	ɪ r ʌ p t	ɪ r ʌ p t ə d	ɪ r ʌ p t ə d	ɪ r e ɪ s ə d	0	0	reg_t	reg_t	reg_əd
model_sep	s ɹ̩ a ʊ n d	s ɹ̩ a ʊ n d ə d	s ɹ̩ a ʊ n d ə d	s k o ʊ l d	s k o ʊ l d ə d	s k o ʊ l d ə d	s ɹ̩ a ʊ n d ə d	1	1	reg_əd	reg_əd	reg_əd
model_sep	s k ɪ p	s k ɪ p t	s k ɪ p t	s k uː p	s k uː p t	s k uː p t	s k ɪ p t	1	1	reg_t	reg_t	reg_t
model_sep	d ɑː k t ɹ̩	d ɑː k t ɹ̩ d	d ɑː k t ɹ̩ d	d r a ʊ n	d r a ʊ n d	d r a ʊ n d	d ɑː k t ɹ̩ d	1	1	reg_d	reg_d	reg_d
model_sep	s e ɪ l	s e ɪ l d	s e ɪ l d	s t ɔ l	s t ɔ l d	s t ɔ l d	s e ɪ l d	1	1	reg_d	reg_d	reg_d
model_sep	ɪ n t ə r ɛ s t	ɪ n t ə r ɛ s t ə d	ɪ n t ə r ɛ s t ə d	ɪ n t r ə d uː s	ɪ n t r ə d uː s t	ɪ n t r ə d uː s t	ɪ n t ə r ɛ s t t	0	0	reg_əd	reg_əd	reg_t
model_sep	t r e ɪ s	t r e ɪ s t	t r e ɪ s t	t w ɪ s t	t w ɪ s t ə d	t w ɪ s t ə d	t r e ɪ s ə d	0	0	reg_t	reg_t	reg_əd
model_sep	a ɪ ɹ̩ n	a ɪ ɹ̩ n d	a ɪ ɹ̩ n d	a ɪ s	a ɪ s t	a ɪ s t	a ɪ ɹ̩ n t	0	0	reg_d	reg_d	reg_t
model_sep	iː v ɪ n	iː v ɪ n d	iː v ɪ n d	iː k w ə l	iː k w ə l d	iː k w ə l d	iː v ɪ n d	1	1	reg_d	reg_d	reg_d
model_sep	k o ʊ k s	k o ʊ k s t	k o ʊ k s t	k l a ʊ d	k l a ʊ d ə d	k l a ʊ d ə d	k o ʊ k s ə d	0	0	reg_t	reg_t	reg_əd
model_sep	z ɪ r ɑː k s	z ɪ r ɑː k s t	z ɪ r ɑː k s t	z uː m	z uː m d	z uː m d	z ɪ r ɑː k s d	0	0	reg_t	reg_t	reg_d
model_sep	b ɛ n d	b ɛ n d ə d	b ɛ n t	b r ɛ d	b r ɛ d ə d	b r ɛ d ə d	b ɛ n d ə d	0	1	reg_əd	coda_change	reg_əd
model_sep	p o ʊ z	p o ʊ z d	p o ʊ z d	p iː t ɹ̩	p iː t ɹ̩ d	p iː t ɹ̩ d	p o ʊ z d	1	1	reg_d	reg_d	reg_d
model_sep	p ɑː k ə t	p ɑː k ə t ə d	p ɑː k ə t ə d	p ɔ ɪ n t	p ɔ ɪ n t ə d	p ɔ ɪ n t ə d	p ɑː k ə t ə d	1	1	reg_əd	reg_əd	reg_əd
model_sep	f r a ɪ	f r a ɪ d	f r a ɪ d	f l a ɪ	f l uː	f l uː	f r uː	0	0	reg_d	reg_d	vowel_change
model_sep	h æ n d ə l	h æ n d ə l d	h æ n d ə l d	h ɑː r n ə s	h ɑː r n ə s t	h ɑː r n ə s t	h æ n d ə l t	0	0	reg_d	reg_d	reg_t
model_sep	ə s o ʊ s iː e ɪ t	ə s o ʊ s iː e ɪ t ə d	ə s ʊ s æ k e ɪ t ə d	ə n d ɹ̩ s t æ n d	ə n d ɹ̩ s t ʊ d	ə n d ɹ̩ s t ʊ d	NA	0	0	reg_əd	other	rhyme_replaced
model_sep	æ k t	æ k t ə d	æ k t ə d	æ s k	æ s k t	æ s k t	æ k t t	0	0	reg_əd	reg_əd	reg_t
model_sep	r iː m uː v	r iː m uː v d	r iː m uː v d	r ə s iː v	r ə s iː v d	r ə s iː v d	r iː m uː v d	1	1	reg_d	reg_d	reg_d
model_sep	s l o ʊ	s l o ʊ d	s l o ʊ d	s w ɪ ʃ	s w ɪ ʃ t	s w ɪ ʃ t	s l o ʊ t	0	0	reg_d	reg_d	reg_t
model_sep	s t r æ p	s t r æ p t	s t r æ p t	s t r ɪ p	s t r ɪ p t	s t r ɪ p t	s t r æ p t	1	1	reg_t	reg_t	reg_t
model_sep	d r e ɪ n	d r e ɪ n d	d r e ɪ n d	d r a ʊ n	d r a ʊ n d	d r a ʊ n d	d r e ɪ n d	1	1	reg_d	reg_d	reg_d
model_sep	p ɛ ɡ	p ɛ ɡ d	p ɛ ɡ d	p æ s	p æ s t	p æ s t	p ɛ ɡ t	0	0	reg_d	reg_d	reg_t
model_sep	k ə m p l e ɪ n	k ə m p l e ɪ n d	k ə m p l e ɪ n d	k ə n t ɪ n j uː	k ə n t ɪ n j uː d	k ə n t ɪ n j uː d	k ə m p l e ɪ n d	1	1	reg_d	reg_d	reg_d
model_sep	f ɛ n s	f ɛ n s t	f ɛ n s t	f e ɪ s	f e ɪ s t	f e ɪ s t	f ɛ n s t	1	1	reg_t	reg_t	reg_t
model_sep	k r iː e ɪ t	k r iː e ɪ t ə d	k r iː e ɪ t ə d	k ə n ɛ k t	k ə n ɛ k t ə d	k ə n ɛ k t ə d	k r iː e ɪ t ə d	1	1	reg_əd	reg_əd	reg_əd
model_sep	f l ʌ ʃ	f l ʌ ʃ t	f l ʌ ʃ t	f l æ ʃ	f l æ ʃ t	f l æ ʃ t	f l ʌ ʃ t	1	1	reg_t	reg_t	reg_t
model_sep	ɡ ɑː r d	ɡ ɑː r d ə d	ɡ ɑː r d ə d	ɡ a ɪ d	ɡ a ɪ d ə d	ɡ a ɪ d ə d	ɡ ɑː r d ə d	1	1	reg_əd	reg_əd	reg_əd
model_sep	r ɪ ŋ k ə l	r ɪ ŋ k ə l d	r ɪ ŋ k ə l d	r a ɪ p ə n	r a ɪ p ə n d	r a ɪ p ə n d	r ɪ ŋ k ə l d	1	1	reg_d	reg_d	reg_d
model_sep	s w iː p	s w ɛ p t	s w iː p t	s w uː p	s w uː p t	s w uː p t	s w iː p t	1	0	vowel_change_suffix	reg_t	reg_t
model_sep	s k ɛ d͡ʒ ʊ l	s k ɛ d͡ʒ ʊ l d	s k ɛ d͡ʒ ʊ l d	s ɪ ɡ n ə l	s ɪ ɡ n ə l d	s ɪ ɡ n ə l d	s k ɛ d͡ʒ ʊ l d	1	1	reg_d	reg_d	reg_d
model_sep	f ɹ̩ m ɛ n t	f ɹ̩ m ɛ n t ə d	f ɹ̩ m ɛ n t ə d	f o ʊ k ə s	f o ʊ k ə s t	f o ʊ k ə s t	f ɹ̩ m ɛ n t t	0	0	reg_əd	reg_əd	reg_t
model_sep	p ʌ z ə l	p ʌ z ə l d	p ʌ z ə l d	p ɪ k ə l	p ɪ k ə l d	p ɪ k ə l d	p ʌ z ə l d	1	1	reg_d	reg_d	reg_d
model_sep	k l ɑː b ɹ̩	k l ɑː b ɹ̩ d	k l ɑː b ɹ̩ d	k l ʌ t ɹ̩	k l ʌ t ɹ̩ d	k l ʌ t ɹ̩ d	k l ɑː b ɹ̩ d	1	1	reg_d	reg_d	reg_d
model_sep	d ɪ n a ɪ	d ɪ n a ɪ d	d ɪ n a ɪ d	d r e ɪ p	d r e ɪ p t	d r e ɪ p t	d ɪ n a ɪ t	0	0	reg_d	reg_d	reg_t
model_sep	e ɪ k	e ɪ k t	e ɪ k t	e ɪ m	e ɪ m d	e ɪ m d	e ɪ k d	0	0	reg_t	reg_t	reg_d
model_sep	l iː n	l iː n d	l ɛ n t	l ɔ ŋ	l ɔ ŋ d	l ɔ ŋ d	l iː n d	0	1	reg_d	vowel_change_suffix	reg_d
model_sep	ʃ ɪ v ɹ̩	ʃ ɪ v ɹ̩ d	ʃ ɪ v ɹ̩ d	ʃ ʊ ɡ ɹ̩	ʃ ʊ ɡ ɹ̩ d	ʃ ʊ ɡ ɹ̩ d	ʃ ɪ v ɹ̩ d	1	1	reg_d	reg_d	reg_d
model_sep	f l ʌ d	f l ʌ d ə d	f l ʌ d ə d	f e ɪ d	f e ɪ d ə d	f e ɪ d ə d	f l ʌ d ə d	1	1	reg_əd	reg_əd	reg_əd
model_sep	w ɪ s k	w ɪ s k t	w ɪ s k t	w ɪ ŋ k	w ɪ ŋ k t	w ɪ ŋ k t	w ɪ s k t	1	1	reg_t	reg_t	reg_t
model_sep	k ə n t r o ʊ l	k ə n t r o ʊ l d	k ə n t r o ʊ l d	k ə n t ɪ n j uː	k ə n t ɪ n j uː d	k ə n t ɪ n j uː d	k ə n t r o ʊ l d	1	1	reg_d	reg_d	reg_d
model_sep	b ɑː t ə m	b ɑː t ə m d	b ɑː t ə m d	b ɪ k ʌ m	b ɪ k e ɪ m	b ɪ k e ɪ m	NA	0	0	reg_d	reg_d	vowel_change
model_sep	w ɔ r n	w ɔ r n d	w ɔ r n d	w a ɪ ɹ̩	w a ɪ ɹ̩ d	w a ɪ ɹ̩ d	w ɔ r n d	1	1	reg_d	reg_d	reg_d
model_sep	b ɛ r iː	b ɛ r iː d	b ɛ r iː d	b ɪ z iː	b ɪ z iː d	b ɪ z iː d	b ɛ r iː d	1	1	reg_d	reg_d	reg_d
model_sep	ɔ f ɹ̩	ɔ f ɹ̩ d	ɔ f ɹ̩ d	ɔ l t ɹ̩	ɔ l t ɹ̩ d	ɔ l t ɹ̩ d	ɔ f ɹ̩ d	1	1	reg_d	reg_d	reg_d
model_sep	b ɛ r	b o ʊ r	b ɛ r d	b ɔ r	b ɔ r d	b ɔ r d	b ɛ r d	1	0	vowel_change	reg_d	reg_d
model_sep	s l ɪ p	s l ɪ p t	s l ɪ p t	s l iː p	s l ɛ p t	s l ɛ p t	NA	0	0	reg_t	reg_t	vowel_change_suffix
model_sep	t͡ʃ iː r	t͡ʃ iː r d	t͡ʃ iː r d	t͡ʃ ɛ r	t͡ʃ ɛ r d	t͡ʃ ɛ r d	t͡ʃ iː r d	1	1	reg_d	reg_d	reg_d
model_sep	r ɪ s k	r ɪ s k t	r ɪ s k t	r o ʊ p	r o ʊ p t	r o ʊ p t	r ɪ s k t	1	1	reg_t	reg_t	reg_t
model_sep	p ɛ t	p ɛ t ə d	p ɛ t	p ʊ t	p ʊ t	p ʊ t	p ɛ t	1	0	reg_əd	no_change	no_change
model_sep	t r ʌ s t	t r ʌ s t ə d	t r ʌ s t ə d	t o ʊ s t	t o ʊ s t ə d	t o ʊ s t ə d	t r ʌ s t ə d	1	1	reg_əd	reg_əd	reg_əd
model_sep	ɪ n s t r ʌ k t	ɪ n s t r ʌ k t ə d	ɪ n s t r ʌ k t ə d	ɪ k s k l e ɪ m	ɪ k s k l e ɪ m d	ɪ k s k l e ɪ m d	ɪ n s t r ʌ k t d	0	0	reg_əd	reg_əd	reg_d
model_sep	t͡ʃ ɪ k ə n	t͡ʃ ɪ k ə n d	t͡ʃ ɪ k ə n d	t͡ʃ æ l ə n d͡ʒ	t͡ʃ æ l ə n d͡ʒ d	t͡ʃ æ l ə n d͡ʒ d	t͡ʃ ɪ k ə n d	1	1	reg_d	reg_d	reg_d
model_sep	p r iː p ɛ r	p r iː p ɛ r d	p r iː p ɛ r d	p ɑː r d ə n	p ɑː r d ə n d	p ɑː r d ə n d	p r iː p ɛ r d	1	1	reg_d	reg_d	reg_d
model_sep	h æ m ɹ̩	h æ m ɹ̩ d	h æ m ɹ̩ d	h ɑː l ɹ̩	h ɑː l ɹ̩ d	h ɑː l ɹ̩ d	h æ m ɹ̩ d	1	1	reg_d	reg_d	reg_d
model_sep	s p r ɪ ŋ k ə l	s p r ɪ ŋ k ə l d	s p r æ ŋ k ə l d	s t r e ɪ t ə n	s t r e ɪ t ə n d	s t r e ɪ t ə n d	s p r ɪ ŋ k ə l d	0	1	reg_d	other	reg_d
model_sep	r ɛ s ə l	r ɛ s ə l d	r ɛ s ə l d	r iː f ɪ l	r iː f ɪ l d	r iː f ɪ l d	r ɛ s ə l d	1	1	reg_d	reg_d	reg_d
model_sep	h ɛ m	h ɛ m d	h ɛ m d	h ɹ̩ iː	h ɹ̩ iː d	h ɹ̩ iː d	h ɛ m d	1	1	reg_d	reg_d	reg_d
model_sep	p l æ n	p l æ n d	p l æ n d	p iː t ɹ̩	p iː t ɹ̩ d	p iː t ɹ̩ d	p l æ n d	1	1	reg_d	reg_d	reg_d
model_sep	s t æ ʃ	s t æ ʃ t	s t æ ʃ t	s m æ ʃ	s m æ ʃ t	s m æ ʃ t	s t æ ʃ t	1	1	reg_t	reg_t	reg_t
model_sep	m ɑː r k	m ɑː r k t	m ɑː r k t	m ɪ l k	m ɪ l k t	m ɪ l k t	m ɑː r k t	1	1	reg_t	reg_t	reg_t
model_sep	k e ɪ v	k e ɪ v d	k e ɪ v d	k ɑː r v	k ɑː r v d	k ɑː r v d	k e ɪ v d	1	1	reg_d	reg_d	reg_d
model_sep	k ɹ̩ l	k ɹ̩ l d	k ɹ̩ l d	k uː l	k uː l d	k uː l d	k ɹ̩ l d	1	1	reg_d	reg_d	reg_d
model_sep	p r e ɪ z	p r e ɪ z d	p r e ɪ z d	p r ə f ɹ̩	p r ə f ɹ̩ d	p r ə f ɹ̩ d	p r e ɪ z d	1	1	reg_d	reg_d	reg_d
model_sep	d æ m	d æ m d	d æ m d	d ʌ b	d ʌ b d	d ʌ b d	d æ m d	1	1	reg_d	reg_d	reg_d
model_sep	f l ʌ t ɹ̩	f l ʌ t ɹ̩ d	f l ʌ t ɹ̩ d	f l a ʊ ɹ̩	f l a ʊ ɹ̩ d	f l a ʊ ɹ̩ d	f l ʌ t ɹ̩ d	1	1	reg_d	reg_d	reg_d
model_sep	b ɛ l t	b ɛ l t ə d	b ɛ l t ə d	b ɛ s t	b ɛ s t ə d	b ɛ s t ə d	b ɛ l t ə d	1	1	reg_əd	reg_əd	reg_əd
model_sep	b ɔ l	b ɔ l d	b ɔ l d	b ɪ l	b ɪ l d	b ɪ l d	b ɔ l d	1	1	reg_d	reg_d	reg_d
model_sep	s k æ l ə p	s k æ l ə p t	s k æ l ə p t	s k r e ɪ p	s k r e ɪ p t	s k r e ɪ p t	s k æ l ə p t	1	1	reg_t	reg_t	reg_t
model_sep	k ə m p ɛ r	k ə m p ɛ r d	k ə m p ɛ r d	k ə n ɛ k t	k ə n ɛ k t ə d	k ə n ɛ k t ə d	k ə m p ɛ r ə d	0	0	reg_d	reg_d	reg_əd
model_sep	b ɔ ɪ l	b ɔ ɪ l d	b ɔ ɪ l d	b o ʊ l	b o ʊ l d	b o ʊ l d	b ɔ ɪ l d	1	1	reg_d	reg_d	reg_d
model_sep	s k æ n	s k æ n d	s k æ n d	s p ɪ n	s p ʌ n	s p ʌ n	NA	0	0	reg_d	reg_d	vowel_change
model_sep	r ɛ k ə m ɛ n d	r ɛ k ə m ɛ n d ə d	r ɛ k ə m ɛ n d	r iː s t r e ɪ n	r iː s t r e ɪ n d	r iː s t r e ɪ n d	r ɛ k ə m ɛ n d d	0	0	reg_əd	no_change	reg_d
model_sep	t o ʊ	t o ʊ d	t o ʊ d	t æ ɡ	t æ ɡ d	t æ ɡ d	t o ʊ d	1	1	reg_d	reg_d	reg_d
model_sep	s t r ɛ s	s t r ɛ s t	s t r ɛ s t	s p a ɪ s	s p a ɪ s t	s p a ɪ s t	s t r ɛ s t	1	1	reg_t	reg_t	reg_t
model_sep	b æ n d	b æ n d ə d	b æ n d ə d	b ɔ r d	b ɔ r d ə d	b ɔ r d ə d	b æ n d ə d	1	1	reg_əd	reg_əd	reg_əd
model_sep	b o ʊ s t	b o ʊ s t ə d	b o ʊ s t ə d	b o ʊ l t	b o ʊ l t ə d	b o ʊ l t ə d	b o ʊ s t ə d	1	1	reg_əd	reg_əd	reg_əd
model_sep	r ɛ s k j uː	r ɛ s k j uː d	r ɛ s k j uː d	r ə k ɔ r d	r ə k ɔ r d ə d	r ə k ɔ r d ə d	r ɛ s k j uː ə d	0	0	reg_d	reg_d	reg_əd
model_sep	b ʌ s	b ʌ s t	b ʌ s t	b ɛ ɡ	b ɛ ɡ d	b ɛ ɡ d	b ʌ s d	0	0	reg_t	reg_t	reg_d
model_sep	m ɑː r	m ɑː r d	m ɑː r d	m uː v	m uː v d	m uː v d	m ɑː r d	1	1	reg_d	reg_d	reg_d
model_sep	t ʌ m b ə l	t ʌ m b ə l d	t ʌ m b ə l d	t ɪ ŋ k ə l	t ɪ ŋ k ə l d	t ɪ ŋ k ə l d	t ʌ m b ə l d	1	1	reg_d	reg_d	reg_d
model_sep	d ɪ s t r ɔ ɪ	d ɪ s t r ɔ ɪ d	d ɪ s t r ɔ r d	d ɪ s ə p iː r	d ɪ s ə p iː r d	d ɪ s ə p iː r d	d ɪ s t r ɔ ɪ d	0	1	reg_d	rhyme_replaced	reg_d
model_sep	w æ ɡ	w æ ɡ d	w æ ɡ d	w iː v	w iː v d	w iː v d	w æ ɡ d	1	1	reg_d	reg_d	reg_d
model_sep	p a ʊ ɹ̩	p a ʊ ɹ̩ d	p a ʊ ɹ̩ d	p iː t ɹ̩	p iː t ɹ̩ d	p iː t ɹ̩ d	p a ʊ ɹ̩ d	1	1	reg_d	reg_d	reg_d
model_sep	b l iː t͡ʃ	b l iː t͡ʃ t	b l ɛ t͡ʃ t	b ɑː r b	b ɑː r b d	b ɑː r b d	b l iː t͡ʃ d	0	0	reg_t	vowel_change_suffix	reg_d
model_sep	t æ ŋ ɡ ə l	t æ ŋ ɡ ə l d	t æ ŋ ɡ ə l d	t ɪ ŋ k ə l	t ɪ ŋ k ə l d	t ɪ ŋ k ə l d	t æ ŋ ɡ ə l d	1	1	reg_d	reg_d	reg_d
model_sep	n ɔ	n ɔ d	n ɔ d	n ɑː k	n ɑː k t	n ɑː k t	n ɔ t	0	0	reg_d	reg_d	reg_t
model_sep	r o ʊ m	r o ʊ m d	r o ʊ m d	r a ɪ m	r o ʊ m	r a ɪ m d	NA	0	0	reg_d	reg_d	vowel_change
model_sep	b l ɪ ŋ k	b l ɪ ŋ k t	b l æ ŋ k	b r e ɪ k	b r o ʊ k	b r o ʊ k	NA	0	0	reg_t	vowel_change	vowel_change
model_sep	t w ɹ̩ l	t w ɹ̩ l d	t w ɹ̩ l d	t a ɪ l	t a ɪ l d	t a ɪ l d	t w ɹ̩ l d	1	1	reg_d	reg_d	reg_d
model_sep	ə n b ʌ t ə n	ə n b ʌ t ə n d	ə n b ʌ t ə n d	ə n w a ɪ n d	ə n w a ʊ n d	ə n w a ʊ n d	NA	0	0	reg_d	reg_d	vowel_change
model_sep	θ r ɛ t ə n	θ r ɛ t ə n d	θ r ɛ t ə n d	θ r ɛ d	θ r ɛ d ə d	θ r ɛ d ə d	θ r ɛ t ə n ə d	0	0	reg_d	reg_d	reg_əd
model_sep	b ɛ l o ʊ	b ɛ l o ʊ d	b ɛ l o ʊ d	b ɑː r o ʊ	b ɑː r o ʊ d	b ɑː r o ʊ d	b ɛ l o ʊ d	1	1	reg_d	reg_d	reg_d
model_sep	s p ɛ ʃ ə l a ɪ z	s p ɛ ʃ ə l a ɪ z d	s p ɛ ʃ ə l a ɪ z d	s ɛ l ə b r e ɪ t	s ɛ l ə b r e ɪ t ə d	s ɛ l ə b r e ɪ t ə d	s p ɛ ʃ ə l a ɪ z ə d	0	0	reg_d	reg_d	reg_əd
model_sep	ɪ n ɪ ʃ iː e ɪ t	ɪ n ɪ ʃ iː e ɪ t ə d	ɪ n ɪ ʃ ɪ e ɪ t ə d	ɪ n t r ə d uː s	ɪ n t r ə d uː s t	ɪ n t r ə d uː s t	ɪ n ɪ ʃ iː e ɪ t t	0	0	reg_əd	other	reg_t
model_sep	p iː p	p iː p t	p iː p t	p uː p	p uː p t	p uː p t	p iː p t	1	1	reg_t	reg_t	reg_t
model_sep	ʃ ʌ f ə l	ʃ ʌ f ə l d	ʃ ʌ f ə l d	ʃ ʌ t ə l	ʃ ʌ t ə l d	ʃ ʌ t ə l d	ʃ ʌ f ə l d	1	1	reg_d	reg_d	reg_d
model_sep	ɪ n f l uː ə n s	ɪ n f l uː ə n s t	ɪ n f l uː n ə n d	ɪ n t r ə d uː s	ɪ n t r ə d uː s t	ɪ n t r ə d uː s t	ɪ n f l uː ə n s t	0	1	reg_t	other	reg_t
model_sep	d a ʊ n	d a ʊ n d	d a ʊ n d	d ɑː r n	d ɑː r n d	d ɑː r n d	d a ʊ n d	1	1	reg_d	reg_d	reg_d
model_sep	d ɪ v ɛ l ə p	d ɪ v ɛ l ə p t	d ɪ v ɛ l ə p ə d	d ɛ k ɹ̩ e ɪ t	d ɛ k ɹ̩ e ɪ t ə d	d ɛ k ɹ̩ e ɪ t ə d	d ɪ v ɛ l ə p ə d	1	0	reg_t	reg_əd	reg_əd
model_sep	s p e ɪ	s p e ɪ d	s p e ɪ d	s p a ɪ	s p a ɪ d	s p a ɪ d	s p e ɪ d	1	1	reg_d	reg_d	reg_d
model_sep	r iː p l e ɪ s	r iː p l e ɪ s t	r iː p l e ɪ s t	r ɪ s p ɑː n d	r ɪ s p ɑː n d ə d	r ɪ s p ɑː n d ə d	r iː p l e ɪ s ə d	0	0	reg_t	reg_t	reg_əd
model_sep	s p ɔ ɪ l	s p ɔ ɪ l d	s p ɔ ɪ l d	s ɛ t ə l	s ɛ t ə l d	s ɛ t ə l d	s p ɔ ɪ l d	1	1	reg_d	reg_d	reg_d
model_sep	l e ɪ b ə l	l e ɪ b ə l d	l e ɪ b ə l d	l uː s ə n	l uː s ə n d	l uː s ə n d	l e ɪ b ə l d	1	1	reg_d	reg_d	reg_d
model_sep	d r ɪ b ə l	d r ɪ b ə l d	d r ɪ b ə l d	d æ ŋ ɡ ə l	d æ ŋ ɡ ə l d	d æ ŋ ɡ ə l d	d r ɪ b ə l d	1	1	reg_d	reg_d	reg_d
model_sep	t͡ʃ æ n ə l	t͡ʃ æ n ə l d	t͡ʃ æ n ə l d	t͡ʃ æ l ə n d͡ʒ	t͡ʃ æ l ə n d͡ʒ d	t͡ʃ æ l ə n d͡ʒ d	t͡ʃ æ n ə l d	1	1	reg_d	reg_d	reg_d
model_sep	ɪ m p r uː v	ɪ m p r uː v d	ɪ m p r uː v d	ɪ m p r ɛ s	ɪ m p r ɛ s t	ɪ m p r ɛ s t	ɪ m p r uː v t	0	0	reg_d	reg_d	reg_t
model_sep	p r e ɪ	p r e ɪ d	p r e ɪ d	p l e ɪ	p l e ɪ d	p l e ɪ d	p r e ɪ d	1	1	reg_d	reg_d	reg_d
model_sep	w ɛ t	w ɛ t	w ɛ t	w ɑː t͡ʃ	w ɑː t͡ʃ t	w ɑː t͡ʃ t	w ɛ t t	0	0	no_change	no_change	reg_t
model_sep	s t r e ɪ n	s t r e ɪ n d	s t r e ɪ n d	s ɪ ɡ n ə l	s ɪ ɡ n ə l d	s ɪ ɡ n ə l d	s t r e ɪ n d	1	1	reg_d	reg_d	reg_d
model_sep	m ɑː r b ə l	m ɑː r b ə l d	m ɑː r b ə l d	m æ ŋ ɡ ə l	m æ ŋ ɡ ə l d	m æ ŋ ɡ ə l d	m ɑː r b ə l d	1	1	reg_d	reg_d	reg_d
model_sep	ʃ ɛ l	ʃ ɛ l d	ʃ o ʊ l d	ʃ ɛ r	ʃ ɛ r d	ʃ ɛ r d	ʃ ɛ l d	0	1	reg_d	vowel_change_suffix	reg_d
model_sep	k o ʊ ɑː p ɹ̩ e ɪ t	k o ʊ ɑː p ɹ̩ e ɪ t ə d	k o ʊ ɑː p ɹ̩ e ɪ t ə d	k ə m p l iː t	k ə m p l iː t ə d	k ə m p l iː t ə d	k o ʊ ɑː p ɹ̩ e ɪ t ə d	1	1	reg_əd	reg_əd	reg_əd
model_sep	ɡ r e ɪ t	ɡ r e ɪ t ə d	ɡ r e ɪ t ə d	ɡ r æ n t	ɡ r æ n t ə d	ɡ r æ n t ə d	ɡ r e ɪ t ə d	1	1	reg_əd	reg_əd	reg_əd
model_sep	f ɔ r m j ə l e ɪ t	f ɔ r m j ə l e ɪ t ə d	f ɔ r b ə l j ə l e ɪ t ə d	f r ʌ s t r e ɪ t	f r ʌ s t r e ɪ t ə d	f r ʌ s t r e ɪ t ə d	f ɔ r m j ə l e ɪ t ə d	0	1	reg_əd	other	reg_əd
model_sep	k æ n s ə l	k æ n s ə l d	k æ n s ə l d	k ə n ɛ k t	k ə n ɛ k t ə d	k ə n ɛ k t ə d	k æ n s ə l ə d	0	0	reg_d	reg_d	reg_əd
model_sep	d ɪ s k ʌ v ɹ̩	d ɪ s k ʌ v ɹ̩ d	d ɪ s k ʌ v ɹ̩ d	d ɪ t ɹ̩ m ə n	d ɪ t ɹ̩ m ə n d	d ɪ t ɹ̩ m ə n d	d ɪ s k ʌ v ɹ̩ d	1	1	reg_d	reg_d	reg_d
model_sep	ə m e ɪ z	ə m e ɪ z d	ə m e ɪ z d	ə v ɔ ɪ d	ə v ɔ ɪ d ə d	ə v ɔ ɪ d ə d	ə m e ɪ z ə d	0	0	reg_d	reg_d	reg_əd
model_sep	f æ n s iː	f æ n s iː d	f æ n s iː d	f a ɪ n d	f a ʊ n d	f a ʊ n d	NA	0	0	reg_d	reg_d	vowel_change
model_sep	æ n ə l a ɪ z	æ n ə l a ɪ z d	æ n ə l a ɪ z d	æ k n ɑː l ɪ d͡ʒ	æ k n ɑː l ɪ d͡ʒ d	æ k n ɑː l ɪ d͡ʒ d	æ n ə l a ɪ z d	1	1	reg_d	reg_d	reg_d
model_sep	t e ɪ l ɹ̩	t e ɪ l ɹ̩ d	t e ɪ l ɹ̩ d	t r ɪ ɡ ɹ̩	t r ɪ ɡ ɹ̩ d	t r ɪ ɡ ɹ̩ d	t e ɪ l ɹ̩ d	1	1	reg_d	reg_d	reg_d
model_sep	p ɑː r t͡ʃ	p ɑː r t͡ʃ t	p ɑː r t͡ʃ t	p ɑː r t	p ɑː r t ə d	p ɑː r t ə d	p ɑː r t͡ʃ ə d	0	0	reg_t	reg_t	reg_əd
model_sep	b ɪ d	b e ɪ d	b ɪ d ə d	b iː d	b iː d ə d	b iː d ə d	b ɪ d ə d	1	0	vowel_change	reg_əd	reg_əd
model_sep	s o ʊ k	s o ʊ k t	s o ʊ k t	s p iː k	s p o ʊ k	s p o ʊ k	NA	0	0	reg_t	reg_t	vowel_change
model_sep	s uː	s uː d	s uː d	s iː	s ɔ	s ɔ	NA	0	0	reg_d	reg_d	vowel_change
model_sep	f æ n	f æ n d	f æ n d	f ɪ l	f ɪ l d	f ɪ l d	f æ n d	1	1	reg_d	reg_d	reg_d
model_sep	f r ɛ k ə l	f r ɛ k ə l d	f r ɛ k ə l d	f ʊ l f ɪ l	f ʊ l f ɪ l d	f ʊ l f ɪ l d	f r ɛ k ə l d	1	1	reg_d	reg_d	reg_d
model_sep	ə n d uː	ə n d ɪ d	ə n d uː d	ə p iː r	ə p iː r d	ə p iː r d	ə n d uː d	1	0	vowel_change_suffix	reg_d	reg_d
model_sep	θ ʌ m p	θ ʌ m p t	θ ʌ m p t	θ æ ŋ k	θ æ ŋ k t	θ æ ŋ k t	θ ʌ m p t	1	1	reg_t	reg_t	reg_t
model_sep	w ɑː b ə l	w ɑː b ə l d	w ɑː b ə l d	w ɑː f ə l	w ɑː f ə l d	w ɑː f ə l d	w ɑː b ə l d	1	1	reg_d	reg_d	reg_d
model_sep	ɡ r ɪ l	ɡ r ɪ l d	ɡ r ɪ l d	ɡ l ɛ r	ɡ l ɛ r d	ɡ l ɛ r d	ɡ r ɪ l d	1	1	reg_d	reg_d	reg_d
model_sep	ə s uː m	ə s uː m d	ə s uː m d	ə p iː r	ə p iː r d	ə p iː r d	ə s uː m d	1	1	reg_d	reg_d	reg_d
model_sep	z ɪ ɡ z æ ɡ	z ɪ ɡ z æ ɡ d	z ɪ ɡ z æ ɡ d	z uː m	z uː m d	z uː m d	z ɪ ɡ z æ ɡ d	1	1	reg_d	reg_d	reg_d
model_sep	p ɛ r ə ʃ uː t	p ɛ r ə ʃ uː t ə d	p ɛ r ə ʃ ə t ə d	p r ɑː d͡ʒ ɛ k t	p r ɑː d͡ʒ ɛ k t ə d	p r ɑː d͡ʒ ɛ k t ə d	p ɛ r ə ʃ uː t ə d	0	1	reg_əd	other	reg_əd
model_sep	ɛ ɡ	ɛ ɡ d	ɛ ɡ d	ɛ r	ɛ r d	ɛ r d	ɛ ɡ d	1	1	reg_d	reg_d	reg_d
model_sep	l o ʊ k e ɪ t	l o ʊ k e ɪ t ə d	l o ʊ k e ɪ t ə d	l æ m ə n e ɪ t	l æ m ə n e ɪ t ə d	l æ m ə n e ɪ t ə d	l o ʊ k e ɪ t ə d	1	1	reg_əd	reg_əd	reg_əd
model_sep	n e ɪ l	n e ɪ l d	n e ɪ l d	n e ɪ m	n e ɪ m d	n e ɪ m d	n e ɪ l d	1	1	reg_d	reg_d	reg_d
model_sep	f a ɪ n	f a ɪ n d	f a ɪ n d	f o ʊ n	f o ʊ n d	f o ʊ n d	f a ɪ n d	1	1	reg_d	reg_d	reg_d
model_sep	ʃ r ɪ v ə l	ʃ r ɪ v ə l d	ʃ r ɪ v ə l d	ʃ ɑː r p ə n	ʃ ɑː r p ə n d	ʃ ɑː r p ə n d	ʃ r ɪ v ə l d	1	1	reg_d	reg_d	reg_d
model_sep	t͡ʃ a ɪ m	t͡ʃ a ɪ m d	t͡ʃ a ɪ m d	t͡ʃ æ n t	t͡ʃ æ n t ə d	t͡ʃ æ n t ə d	t͡ʃ a ɪ m ə d	0	0	reg_d	reg_d	reg_əd
model_sep	ɪ v æ p ɹ̩ e ɪ t	ɪ v æ p ɹ̩ e ɪ t ə d	ɪ v æ p ɹ̩ e ɪ t ə d	ɪ k s k l e ɪ m	ɪ k s k l e ɪ m d	ɪ k s k l e ɪ m d	ɪ v æ p ɹ̩ e ɪ t d	0	0	reg_əd	reg_əd	reg_d
model_sep	ɑː k j ə p a ɪ	ɑː k j ə p a ɪ d	ɑː k j ə p a ɪ d	ɑː r ɡ j uː	ɑː r ɡ j uː d	ɑː r ɡ j uː d	ɑː k j ə p a ɪ d	1	1	reg_d	reg_d	reg_d
model_sep	k l ɑː ɡ	k l ɑː ɡ d	k l ɑː ɡ d	k ɑː r v	k ɑː r v d	k ɑː r v d	k l ɑː ɡ d	1	1	reg_d	reg_d	reg_d
model_sep	m æ p	m æ p t	m æ p t	m ɑː p	m ɑː p t	m ɑː p t	m æ p t	1	1	reg_t	reg_t	reg_t
model_sep	ɡ e ɪ z	ɡ e ɪ z d	ɡ e ɪ z d	ɡ e ɪ n	ɡ e ɪ n d	ɡ e ɪ n d	ɡ e ɪ z d	1	1	reg_d	reg_d	reg_d
model_sep	s k æ t ɹ̩	s k æ t ɹ̩ d	s k æ t ɹ̩ d	s k w iː z	s k w iː z d	s k w iː z d	s k æ t ɹ̩ d	1	1	reg_d	reg_d	reg_d
model_sep	s n ɑː r ə l	s n ɑː r ə l d	s n ɑː r ə l d	s ɪ ɡ n ə l	s ɪ ɡ n ə l d	s ɪ ɡ n ə l d	s n ɑː r ə l d	1	1	reg_d	reg_d	reg_d
model_sep	f l e ɪ v ɹ̩	f l e ɪ v ɹ̩ d	f l e ɪ v ɹ̩ d	f o ʊ k ə s	f o ʊ k ə s t	f o ʊ k ə s t	f l e ɪ v ɹ̩ t	0	0	reg_d	reg_d	reg_t
model_sep	ɪ d͡ʒ ɛ k t	ɪ d͡ʒ ɛ k t ə d	ɪ d͡ʒ ɛ k t ə d	ɪ r ʌ p t	ɪ r ʌ p t ə d	ɪ r ʌ p t ə d	ɪ d͡ʒ ɛ k t ə d	1	1	reg_əd	reg_əd	reg_əd
model_sep	r iː æ k t	r iː æ k t ə d	r iː æ k t ə d	r ɪ p iː t	r ɪ p iː t ə d	r ɪ p iː t ə d	r iː æ k t ə d	1	1	reg_əd	reg_əd	reg_əd
model_sep	s t e ɪ p ə l	s t e ɪ p ə l d	s t e ɪ p ə l d	s ɛ p ɹ̩ e ɪ t	s ɛ p ɹ̩ e ɪ t ə d	s ɛ p ɹ̩ e ɪ t ə d	s t e ɪ p ə l ə d	0	0	reg_d	reg_d	reg_əd
model_sep	ɪ k s p l o ʊ d	ɪ k s p l o ʊ d ə d	ɪ k s p l o ʊ d	ɪ k s k l e ɪ m	ɪ k s k l e ɪ m d	ɪ k s k l e ɪ m d	ɪ k s p l o ʊ d d	0	0	reg_əd	no_change	reg_d
model_sep	r ɪ z ɛ m b ə l	r ɪ z ɛ m b ə l d	r ɪ z ɛ m b ə l d	r iː s t r e ɪ n	r iː s t r e ɪ n d	r iː s t r e ɪ n d	r ɪ z ɛ m b ə l d	1	1	reg_d	reg_d	reg_d
model_sep	s w ɪ v ə l	s w ɪ v ə l d	s w ɪ v ə l d	s ɪ ɡ n ə l	s ɪ ɡ n ə l d	s ɪ ɡ n ə l d	s w ɪ v ə l d	1	1	reg_d	reg_d	reg_d
model_sep	w æ k s	w æ k s t	w æ k s t	w iː l d	w iː l d ə d	w iː l d ə d	w æ k s ə d	0	0	reg_t	reg_t	reg_əd
model_sep	s k r a ʊ n d͡ʒ	s k r a ʊ n d͡ʒ d	s k r a ʊ n d͡ʒ d	s p l ɪ n t ɹ̩	s p l ɪ n t ɹ̩ d	s p l ɪ n t ɹ̩ d	s k r a ʊ n d͡ʒ d	1	1	reg_d	reg_d	reg_d
model_sep	ɔ r ɡ ə n a ɪ z	ɔ r ɡ ə n a ɪ z d	ɔ r ɡ ə n a ɪ z d	ɔ l t ɹ̩	ɔ l t ɹ̩ d	ɔ l t ɹ̩ d	ɔ r ɡ ə n a ɪ z d	1	1	reg_d	reg_d	reg_d
model_sep	d ɪ z a ɪ n	d ɪ z a ɪ n d	d ɪ z a ɪ n d	d æ ŋ ɡ ə l	d æ ŋ ɡ ə l d	d æ ŋ ɡ ə l d	d ɪ z a ɪ n d	1	1	reg_d	reg_d	reg_d
model_mean	s e ɪ	s ɛ d	s e ɪ d	s a ɪ	s a ɪ d	s a ɪ d	s e ɪ d	1	0	vowel_change_suffix	reg_d	reg_d
model_mean	ɡ o ʊ	w ɛ n t	ɡ o ʊ d	ɡ l o ʊ	ɡ l o ʊ d	ɡ l o ʊ d	ɡ o ʊ d	1	0	other	reg_d	reg_d
model_mean	h æ p ə n	h æ p ə n d	h æ p ə n d	p æ t ɹ̩ n	p æ t ɹ̩ n d	p æ t ɹ̩ n d	h æ p ə n d	1	1	reg_d	reg_d	reg_d
model_mean	k æ t͡ʃ	k ɔ t	k æ t͡ʃ t	k æ p	k æ p t	k æ p t	k æ t͡ʃ t	1	0	rhyme_replaced	reg_t	reg_t
model_mean	l ʌ v	l ʌ v d	l ʌ v d	l ɪ ŋ ɡ ɹ̩	l ɪ ŋ ɡ ɹ̩ d	l ɪ ŋ ɡ ɹ̩ d	l ʌ v d	1	1	reg_d	reg_d	reg_d
model_mean	w ɹ̩ k	w ɹ̩ k t	w ɹ̩ k t	w ɹ̩ l	w ɹ̩ l d	w ɹ̩ l d	w ɹ̩ k d	0	0	reg_t	reg_t	reg_d
model_mean	k ʌ t	k ʌ t	k e ɪ t	k ʌ m	k e ɪ m	k e ɪ m	NA	0	0	no_change	vowel_change	vowel_change
model_mean	n iː d	n iː d ə d	n iː d ə d	n ɪ t	n ɪ t ə d	n ɪ t ə d	n iː d ə d	1	1	reg_əd	reg_əd	reg_əd
model_mean	z ɪ p ɹ̩	z ɪ p ɹ̩ d	z ɪ p ɹ̩ d	z ɪ p	z ɪ p t	z ɪ p t	z ɪ p ɹ̩ t	0	0	reg_d	reg_d	reg_t
model_mean	b a ɪ	b ɔ t	b a ɪ d	b a ʊ	b a ʊ d	b a ʊ d	b a ɪ d	1	0	vowel_change_suffix	reg_d	reg_d
model_mean	m iː t	m ɛ t	m iː t ə d	m ɪ n t	m ɪ n t ə d	m ɪ n t ə d	m iː t ə d	1	0	vowel_change	reg_əd	reg_əd
model_mean	m e ɪ l	m e ɪ l d	m e ɪ l d	m e ɪ k	m e ɪ d	m e ɪ d	NA	0	0	reg_d	reg_d	coda_change
model_mean	t iː t͡ʃ	t ɔ t	t iː t͡ʃ t	t ɛ l	t o ʊ l d	t o ʊ l d	NA	0	0	rhyme_replaced	reg_t	vowel_change_suffix
model_mean	s p ɛ n d	s p ɛ n t	s p ɛ n d ə d	s k ɛ r	s k ɛ r d	s k ɛ r d	s p ɛ n d d	0	0	coda_change	reg_əd	reg_d
model_mean	h æ n d	h æ n d ə d	h æ n d ə d	h æ v	h æ d	h æ d	NA	0	0	reg_əd	reg_əd	coda_change
model_mean	m ɛ r iː	m ɛ r iː d	m ɛ r iː d	m ɔ r n	m ɔ r n d	m ɔ r n d	m ɛ r iː d	1	1	reg_d	reg_d	reg_d
model_mean	r ɛ d iː	r ɛ d iː d	r ɛ d iː d	r ɛ n t	r ɛ n t ə d	r ɛ n t ə d	r ɛ d iː ə d	0	0	reg_d	reg_d	reg_əd
model_mean	f l o ʊ t	f l o ʊ t ə d	f l o ʊ t ə d	f l o ʊ	f l o ʊ d	f l o ʊ d	f l o ʊ t d	0	0	reg_əd	reg_əd	reg_d
model_mean	s k w ɹ̩ t	s k w ɹ̩ t ə d	s k w ɹ̩ t ə d	s k w iː z	s k w iː z d	s k w iː z d	s k w ɹ̩ t d	0	0	reg_əd	reg_əd	reg_d
model_mean	w ɔ k	w ɔ k t	w ɔ k t	w uː p	w uː p t	w uː p t	w ɔ k t	1	1	reg_t	reg_t	reg_t
model_mean	f ɪ k s	f ɪ k s t	f ɪ k s t	f ɪ ʃ	f ɪ ʃ t	f ɪ ʃ t	f ɪ k s t	1	1	reg_t	reg_t	reg_t
model_mean	p r æ k t ɪ s	p r æ k t ɪ s t	p r æ k t ɪ s t	p r ə t ɛ k t	p r ə t ɛ k t ə d	p r ə t ɛ k t ə d	p r æ k t ɪ s ə d	0	0	reg_t	reg_t	reg_əd
model_mean	k iː p	k ɛ p t	k iː p t	k ɑː z	k ɑː z d	k ɑː z d	k iː p d	0	0	vowel_change_suffix	reg_t	reg_d
model_mean	n ɪ b ə l	n ɪ b ə l d	n ɪ b ə l d	ɪ n v ɛ n t	ɪ n v ɛ n t ə d	ɪ n v ɛ n t ə d	n ɪ b ə l ə d	0	0	reg_d	reg_d	reg_əd
model_mean	w uː	w uː d	w uː d	w uː p	w uː p t	w uː p t	w uː t	0	0	reg_d	reg_d	reg_t
model_mean	k ɪ l	k ɪ l d	k ɪ l d	k ɪ s	k ɪ s t	k ɪ s t	k ɪ l t	0	0	reg_d	reg_d	reg_t
model_mean	k æ r iː	k æ r iː d	k æ r iː d	k r æ k	k r æ k t	k r æ k t	k æ r iː t	0	0	reg_d	reg_d	reg_t
model_mean	ɹ̩ n	ɹ̩ n d	ɹ̩ n d	d͡ʒ ɹ̩ k	d͡ʒ ɹ̩ k t	d͡ʒ ɹ̩ k t	ɹ̩ n t	0	0	reg_d	reg_d	reg_t
model_mean	k ə l ɛ k t	k ə l ɛ k t ə d	k ə l ɛ k t ə d	k ə n ɛ k t	k ə n ɛ k t ə d	k ə n ɛ k t ə d	k ə l ɛ k t ə d	1	1	reg_əd	reg_əd	reg_əd
model_mean	d æ n s	d æ n s t	d æ n s t	d æ ʃ	d æ ʃ t	d æ ʃ t	d æ n s t	1	1	reg_t	reg_t	reg_t
model_mean	d r ɔ	d r uː	d r ɔ d	d ɔ ɡ	d ɔ ɡ d	d ɔ ɡ d	d r ɔ d	1	0	vowel_change	reg_d	reg_d
model_mean	p r a ɪ	p r a ɪ d	p r a ɪ d	p a ɪ l	p a ɪ l d	p a ɪ l d	p r a ɪ d	1	1	reg_d	reg_d	reg_d
model_mean	ɪ n v a ɪ t	ɪ n v a ɪ t ə d	ɪ n v a ɪ t ə d	ɪ n v ɛ n t	ɪ n v ɛ n t ə d	ɪ n v ɛ n t ə d	ɪ n v a ɪ t ə d	1	1	reg_əd	reg_əd	reg_əd
model_mean	r iː ə l a ɪ z	r iː ə l a ɪ z d	r iː ə l a ɪ z d	r ə f j uː z	r ə f j uː z d	r ə f j uː z d	r iː ə l a ɪ z d	1	1	reg_d	reg_d	reg_d
model_mean	d r ɛ s	d r ɛ s t	d r ɛ s t	d ɑː r n	d ɑː r n d	d ɑː r n d	d r ɛ s d	0	0	reg_t	reg_t	reg_d
model_mean	t r æ n z m ɪ t	t r æ n z m ɪ t ə d	t r æ n m e ɪ t ə d	t r æ n s k r a ɪ b	t r æ n s k r a ɪ b d	t r æ n s k r a ɪ b d	t r æ n z m ɪ t d	0	0	reg_əd	other	reg_d
model_mean	ʃ uː	ʃ uː d	ʃ uː	ʃ uː t	ʃ ɑː t	ʃ ɑː t	NA	0	0	reg_d	no_change	vowel_change
model_mean	p iː s	p iː s t	p iː s t	p iː l	p iː l d	p iː l d	p iː s d	0	0	reg_t	reg_t	reg_d
model_mean	d ɛ r	d ɛ r d	d ɛ r d	d ɪ ʃ	d ɪ ʃ t	d ɪ ʃ t	d ɛ r t	0	0	reg_d	reg_d	reg_t
model_mean	b ɪ l d	b ɪ l t	b ɪ l d ə d	b ɪ l	b ɪ l d	b ɪ l d	b ɪ l d d	0	0	coda_change	reg_əd	reg_d
model_mean	w ɪ n	w ʌ n	w ɪ n d	w ɪ l	w ɪ l d	w ɪ l d	w ɪ n d	1	0	vowel_change	reg_d	reg_d
model_mean	k l a ɪ m	k l a ɪ m d	k l a ɪ m d	k l a ʊ d	k l a ʊ d ə d	k l a ʊ d ə d	k l a ɪ m ə d	0	0	reg_d	reg_d	reg_əd
model_mean	s t ʌ f	s t ʌ f t	s t ʌ f t	s t æ k	s t æ k t	s t æ k t	s t ʌ f t	1	1	reg_t	reg_t	reg_t
model_mean	s t æ n d	s t ʊ d	s t æ n d ə d	s t æ m p	s t æ m p t	s t æ m p t	s t æ n d t	0	0	rhyme_replaced	reg_əd	reg_t
model_mean	d a ɪ s	d a ɪ s t	d o ʊ s t	d a ɪ	d a ɪ d	d a ɪ d	d a ɪ s d	0	0	reg_t	vowel_change_suffix	reg_d
model_mean	k o ʊ m	k o ʊ m d	k o ʊ m d	k o ʊ t	k o ʊ t ə d	k o ʊ t ə d	k o ʊ m ə d	0	0	reg_d	reg_d	reg_əd
model_mean	ɡ r o ʊ	ɡ r uː	ɡ r o ʊ d	ɡ r o ʊ n	ɡ r o ʊ n d	ɡ r o ʊ n d	ɡ r o ʊ d	1	0	vowel_change	reg_d	reg_d
model_mean	b ʌ t ɹ̩	b ʌ t ɹ̩ d	b ʌ t ɹ̩ d	b ʌ z	b ʌ z d	b ʌ z d	b ʌ t ɹ̩ d	1	1	reg_d	reg_d	reg_d
model_mean	ə p s ɛ t	ə p s ɛ t	ə p s ɛ t ə d	ə p l a ɪ	ə p l a ɪ d	ə p l a ɪ d	ə p s ɛ t d	0	0	no_change	reg_əd	reg_d
model_mean	b ɑː r	b ɑː r d	b ɑː r d	b iː p	b iː p t	b iː p t	b ɑː r t	0	0	reg_d	reg_d	reg_t
model_mean	m ɪ k s	m ɪ k s t	m ɪ k s t	m ɪ s	m ɪ s t	m ɪ s t	m ɪ k s t	1	1	reg_t	reg_t	reg_t
model_mean	l ɹ̩ n	l ɹ̩ n d	l ɹ̩ n d	l iː p	l ɛ p t	l ɛ p t	NA	0	0	reg_d	reg_d	vowel_change_suffix
model_mean	r æ t ə l	r æ t ə l d	r æ t ə l d	t r æ v ə l	t r æ v ə l d	t r æ v ə l d	r æ t ə l d	1	1	reg_d	reg_d	reg_d
model_mean	l uː z	l ɔ s t	l uː z d	l uː p	l uː p t	l uː p t	l uː z t	0	0	rhyme_replaced	reg_d	reg_t
model_mean	p ɔ r	p ɔ r d	p ɔ r d	p uː l	p uː l d	p uː l d	p ɔ r d	1	1	reg_d	reg_d	reg_d
model_mean	m æ n	m æ n d	m æ n d	m æ ʃ	m æ ʃ t	m æ ʃ t	m æ n t	0	0	reg_d	reg_d	reg_t
model_mean	m æ t͡ʃ	m æ t͡ʃ t	m æ t͡ʃ t	m æ ʃ	m æ ʃ t	m æ ʃ t	m æ t͡ʃ t	1	1	reg_t	reg_t	reg_t
model_mean	w ɑː n d ɹ̩	w ɑː n d ɹ̩ d	w ɑː n d ɹ̩ d	w ɪ n t ɹ̩	w ɪ n t ɹ̩ d	w ɪ n t ɹ̩ d	w ɑː n d ɹ̩ d	1	1	reg_d	reg_d	reg_d
model_mean	r iː m a ɪ n d	r iː m a ɪ n d ə d	r iː m a ɪ n d ə d	m ɔ r n	m ɔ r n d	m ɔ r n d	r iː m a ɪ n d d	0	0	reg_əd	reg_əd	reg_d
model_mean	s n ɪ f	s n ɪ f t	s n ɪ f t	s n ʌ f	s n ʌ f t	s n ʌ f t	s n ɪ f t	1	1	reg_t	reg_t	reg_t
model_mean	p iː k	p iː k t	p iː k t	p iː r	p iː r d	p iː r d	p iː k d	0	0	reg_t	reg_t	reg_d
model_mean	p l iː z	p l iː z d	p l iː z d	p l iː d	p l iː d ə d	p l iː d ə d	p l iː z ə d	0	0	reg_d	reg_d	reg_əd
model_mean	b e ɪ k	b e ɪ k t	b e ɪ k t	b e ɪ ð	b e ɪ ð d	b e ɪ ð d	b e ɪ k d	0	0	reg_t	reg_t	reg_d
model_mean	r ɪ p	r ɪ p t	r ɪ p t	r iː t͡ʃ	r iː t͡ʃ t	r iː t͡ʃ t	r ɪ p t	1	1	reg_t	reg_t	reg_t
model_mean	t͡ʃ e ɪ n d͡ʒ	t͡ʃ e ɪ n d͡ʒ d	t͡ʃ e ɪ n d͡ʒ d	t͡ʃ e ɪ n	t͡ʃ e ɪ n d	t͡ʃ e ɪ n d	t͡ʃ e ɪ n d͡ʒ d	1	1	reg_d	reg_d	reg_d
model_mean	ɔ r d ɹ̩	ɔ r d ɹ̩ d	ɔ r d ɹ̩ d	ɔ l t ɹ̩	ɔ l t ɹ̩ d	ɔ l t ɹ̩ d	ɔ r d ɹ̩ d	1	1	reg_d	reg_d	reg_d
model_mean	h o ʊ p	h o ʊ p t	h o ʊ p t	h o ʊ l	h o ʊ l d	h o ʊ l d	h o ʊ p d	0	0	reg_t	reg_t	reg_d
model_mean	p ɛ p ɹ̩	p ɛ p ɹ̩ d	p ɛ p ɹ̩ d	p r ɛ s	p r ɛ s t	p r ɛ s t	p ɛ p ɹ̩ t	0	0	reg_d	reg_d	reg_t
model_mean	m ʌ n t͡ʃ	m ʌ n t͡ʃ t	m ʌ n t͡ʃ t	m ʌ d iː	m ʌ d iː d	m ʌ d iː d	m ʌ n t͡ʃ d	0	0	reg_t	reg_t	reg_d
model_mean	p l æ s t ɹ̩	p l æ s t ɹ̩ d	p l æ s t ɹ̩ d	p l æ n t	p l æ n t ə d	p l æ n t ə d	p l æ s t ɹ̩ ə d	0	0	reg_d	reg_d	reg_əd
model_mean	f a ɪ t	f ɔ t	f a ɪ t ə d	f a ɪ l	f a ɪ l d	f a ɪ l d	f a ɪ t d	0	0	vowel_change	reg_əd	reg_d
model_mean	t r æ k	t r æ k t	t r æ k t	t r ʌ k	t r ʌ k t	t r ʌ k t	t r æ k t	1	1	reg_t	reg_t	reg_t
model_mean	s o ʊ	s o ʊ d	s o ʊ d	s a ɪ	s a ɪ d	s a ɪ d	s o ʊ d	1	1	reg_d	reg_d	reg_d
model_mean	m ɛ l t	m ɛ l t ə d	m ɛ l t ə d	m ɔ l t	m ɔ l t ə d	m ɔ l t ə d	m ɛ l t ə d	1	1	reg_əd	reg_əd	reg_əd
model_mean	ɡ l ʌ v	ɡ l ʌ v d	ɡ l ʌ v d	ɡ ʌ l p	ɡ ʌ l p t	ɡ ʌ l p t	ɡ l ʌ v t	0	0	reg_d	reg_d	reg_t
model_mean	t͡ʃ ɑː r d͡ʒ	t͡ʃ ɑː r d͡ʒ d	t͡ʃ ɑː r d͡ʒ d	t͡ʃ ɑː r t	t͡ʃ ɑː r t ə d	t͡ʃ ɑː r t ə d	t͡ʃ ɑː r d͡ʒ ə d	0	0	reg_d	reg_d	reg_əd
model_mean	l ɪ k	l ɪ k t	l ɪ k t	l a ɪ k	l a ɪ k t	l a ɪ k t	l ɪ k t	1	1	reg_t	reg_t	reg_t
model_mean	d ɪ l ɪ v ɹ̩	d ɪ l ɪ v ɹ̩ d	d ɪ l ɪ v ɹ̩ d	d ɪ l ɪ n iː e ɪ t	d ɪ l ɪ n iː e ɪ t ə d	d ɪ l ɪ n iː e ɪ t ə d	d ɪ l ɪ v ɹ̩ ə d	0	0	reg_d	reg_d	reg_əd
model_mean	b ʌ m p	b ʌ m p t	b ʌ m p t	b ʌ ɡ	b ʌ ɡ d	b ʌ ɡ d	b ʌ m p d	0	0	reg_t	reg_t	reg_d
model_mean	a ɪ	a ɪ d	a ɪ d	a ɪ s	a ɪ s t	a ɪ s t	a ɪ t	0	0	reg_d	reg_d	reg_t
model_mean	k iː	k iː d	k iː d	k uː l	k uː l d	k uː l d	k iː d	1	1	reg_d	reg_d	reg_d
model_mean	s ɪ z ə l	s ɪ z ə l d	s ɪ z ə l d	s a ɪ z	s a ɪ z d	s a ɪ z d	s ɪ z ə l d	1	1	reg_d	reg_d	reg_d
model_mean	ɪ r e ɪ s	ɪ r e ɪ s t	ɪ r e ɪ s t	ɪ r ʌ p t	ɪ r ʌ p t ə d	ɪ r ʌ p t ə d	ɪ r e ɪ s ə d	0	0	reg_t	reg_t	reg_əd
model_mean	s ɹ̩ a ʊ n d	s ɹ̩ a ʊ n d ə d	s ɹ̩ a ʊ n d ə d	s a ʊ n d	s a ʊ n d ə d	s a ʊ n d ə d	s ɹ̩ a ʊ n d ə d	1	1	reg_əd	reg_əd	reg_əd
model_mean	s k ɪ p	s k ɪ p t	s k ɪ p t	s k ɪ d	s k ɪ d ə d	s k ɪ d ə d	s k ɪ p ə d	0	0	reg_t	reg_t	reg_əd
model_mean	d ɑː k t ɹ̩	d ɑː k t ɹ̩ d	d ɑː k t ɹ̩ d	d ɑː r t	d ɑː r t ə d	d ɑː r t ə d	d ɑː k t ɹ̩ ə d	0	0	reg_d	reg_d	reg_əd
model_mean	s e ɪ l	s e ɪ l d	s e ɪ l d	s e ɪ v	s e ɪ v d	s e ɪ v d	s e ɪ l d	1	1	reg_d	reg_d	reg_d
model_mean	ɪ n t ə r ɛ s t	ɪ n t ə r ɛ s t ə d	ɪ n t ə r ɛ s t ə d	ɪ n t r ə d uː s	ɪ n t r ə d uː s t	ɪ n t r ə d uː s t	ɪ n t ə r ɛ s t t	0	0	reg_əd	reg_əd	reg_t
model_mean	t r e ɪ s	t r e ɪ s t	t r e ɪ s t	t r e ɪ n	t r e ɪ n d	t r e ɪ n d	t r e ɪ s d	0	0	reg_t	reg_t	reg_d
model_mean	a ɪ ɹ̩ n	a ɪ ɹ̩ n d	a ɪ ɹ̩ n d	a ɪ s	a ɪ s t	a ɪ s t	a ɪ ɹ̩ n t	0	0	reg_d	reg_d	reg_t
model_mean	iː v ɪ n	iː v ɪ n d	iː v ɪ n d	v ɪ z ɪ t	v ɪ z ɪ t ə d	v ɪ z ɪ t ə d	iː v ɪ n ə d	0	0	reg_d	reg_d	reg_əd
model_mean	k o ʊ k s	k o ʊ k s t	k o ʊ k s t	k r o ʊ	k r o ʊ d	k r o ʊ d	k o ʊ k s d	0	0	reg_t	reg_t	reg_d
model_mean	z ɪ r ɑː k s	z ɪ r ɑː k s t	z ɪ r ɑː k s t	r ɪ z ɪ s t	r ɪ z ɪ s t ə d	r ɪ z ɪ s t ə d	z ɪ r ɑː k s ə d	0	0	reg_t	reg_t	reg_əd
model_mean	b ɛ n d	b ɛ n d ə d	b ɛ n t	b ɛ t ɹ̩	b ɛ t ɹ̩ d	b ɛ t ɹ̩ d	b ɛ n d d	0	0	reg_əd	coda_change	reg_d
model_mean	p o ʊ z	p o ʊ z d	p o ʊ z d	p o ʊ k	p o ʊ k t	p o ʊ k t	p o ʊ z t	0	0	reg_d	reg_d	reg_t
model_mean	p ɑː k ə t	p ɑː k ə t ə d	p ɑː k ə t ə d	p ɑː p	p ɑː p t	p ɑː p t	p ɑː k ə t t	0	0	reg_əd	reg_əd	reg_t
model_mean	f r a ɪ	f r a ɪ d	f r a ɪ d	f r a ʊ n	f r a ʊ n d	f r a ʊ n d	f r a ɪ d	1	1	reg_d	reg_d	reg_d
model_mean	h æ n d ə l	h æ n d ə l d	h æ n d ə l d	d a ɪ	d a ɪ d	d a ɪ d	h æ n d ə l d	1	1	reg_d	reg_d	reg_d
model_mean	ə s o ʊ s iː e ɪ t	ə s o ʊ s iː e ɪ t ə d	ə s ʊ s æ k e ɪ t ə d	s ə s t e ɪ n	s ə s t e ɪ n d	s ə s t e ɪ n d	ə s o ʊ s iː e ɪ t d	0	0	reg_əd	other	reg_d
model_mean	æ k t	æ k t ə d	æ k t ə d	æ d	æ d ə d	æ d ə d	æ k t ə d	1	1	reg_əd	reg_əd	reg_əd
model_mean	r iː m uː v	r iː m uː v d	r iː m uː v d	r iː v j uː	r iː v j uː d	r iː v j uː d	r iː m uː v d	1	1	reg_d	reg_d	reg_d
model_mean	s l o ʊ	s l o ʊ d	s l o ʊ d	s l a ɪ s	s l ɪ s ɪ s	s l a ɪ s t	NA	0	0	reg_d	reg_d	other
model_mean	s t r æ p	s t r æ p t	s t r æ p t	s t r ɪ p	s t r ɪ p t	s t r ɪ p t	s t r æ p t	1	1	reg_t	reg_t	reg_t
model_mean	d r e ɪ n	d r e ɪ n d	d r e ɪ n d	d r e ɪ p	d r e ɪ p t	d r e ɪ p t	d r e ɪ n t	0	0	reg_d	reg_d	reg_t
model_mean	p ɛ ɡ	p ɛ ɡ d	p ɛ ɡ d	p ɛ n	p ɛ n d	p ɛ n d	p ɛ ɡ d	1	1	reg_d	reg_d	reg_d
model_mean	k ə m p l e ɪ n	k ə m p l e ɪ n d	k ə m p l e ɪ n d	k ə m p l iː t	k ə m p l iː t ə d	k ə m p l iː t ə d	k ə m p l e ɪ n ə d	0	0	reg_d	reg_d	reg_əd
model_mean	f ɛ n s	f ɛ n s t	f ɛ n s t	f ɛ r	f ɛ r d	f ɛ r d	f ɛ n s d	0	0	reg_t	reg_t	reg_d
model_mean	k r iː e ɪ t	k r iː e ɪ t ə d	k r iː e ɪ t ə d	k r æ ŋ k	k r æ ŋ k t	k r æ ŋ k t	k r iː e ɪ t t	0	0	reg_əd	reg_əd	reg_t
model_mean	f l ʌ ʃ	f l ʌ ʃ t	f l ʌ ʃ t	f l æ ʃ	f l æ ʃ t	f l æ ʃ t	f l ʌ ʃ t	1	1	reg_t	reg_t	reg_t
model_mean	ɡ ɑː r d	ɡ ɑː r d ə d	ɡ ɑː r d ə d	ɡ r æ b	ɡ r æ b d	ɡ r æ b d	ɡ ɑː r d d	0	0	reg_əd	reg_əd	reg_d
model_mean	r ɪ ŋ k ə l	r ɪ ŋ k ə l d	r ɪ ŋ k ə l d	r ɪ t ɹ̩ n	r ɪ t ɹ̩ n d	r ɪ t ɹ̩ n d	r ɪ ŋ k ə l d	1	1	reg_d	reg_d	reg_d
model_mean	s w iː p	s w ɛ p t	s w iː p t	s w uː p	s w uː p t	s w uː p t	s w iː p t	1	0	vowel_change_suffix	reg_t	reg_t
model_mean	s k ɛ d͡ʒ ʊ l	s k ɛ d͡ʒ ʊ l d	s k ɛ d͡ʒ ʊ l d	s k ɛ r	s k ɛ r d	s k ɛ r d	s k ɛ d͡ʒ ʊ l d	1	1	reg_d	reg_d	reg_d
model_mean	f ɹ̩ m ɛ n t	f ɹ̩ m ɛ n t ə d	f ɹ̩ m ɛ n t ə d	f ɛ ð ɹ̩	f ɛ ð ɹ̩ d	f ɛ ð ɹ̩ d	f ɹ̩ m ɛ n t d	0	0	reg_əd	reg_əd	reg_d
model_mean	p ʌ z ə l	p ʌ z ə l d	p ʌ z ə l d	p uː l	p uː l d	p uː l d	p ʌ z ə l d	1	1	reg_d	reg_d	reg_d
model_mean	k l ɑː b ɹ̩	k l ɑː b ɹ̩ d	k l ɑː b ɹ̩ d	b l ɛ s	b l ɛ s t	b l ɛ s t	k l ɑː b ɹ̩ t	0	0	reg_d	reg_d	reg_t
model_mean	d ɪ n a ɪ	d ɪ n a ɪ d	d ɪ n a ɪ d	d a ɪ	d a ɪ d	d a ɪ d	d ɪ n a ɪ d	1	1	reg_d	reg_d	reg_d
model_mean	e ɪ k	e ɪ k t	e ɪ k t	e ɪ m	e ɪ m d	e ɪ m d	e ɪ k d	0	0	reg_t	reg_t	reg_d
model_mean	l iː n	l iː n d	l ɛ n t	l iː p	l ɛ p t	l ɛ p t	NA	0	0	reg_d	vowel_change_suffix	vowel_change_suffix
model_mean	ʃ ɪ v ɹ̩	ʃ ɪ v ɹ̩ d	ʃ ɪ v ɹ̩ d	ʃ a ɪ n	ʃ a ɪ n d	ʃ a ɪ n d	ʃ ɪ v ɹ̩ d	1	1	reg_d	reg_d	reg_d
model_mean	f l ʌ d	f l ʌ d ə d	f l ʌ d ə d	f iː l d	f iː l d ə d	f iː l d ə d	f l ʌ d ə d	1	1	reg_əd	reg_əd	reg_əd
model_mean	w ɪ s k	w ɪ s k t	w ɪ s k t	w ɪ ʃ	w ɪ ʃ t	w ɪ ʃ t	w ɪ s k t	1	1	reg_t	reg_t	reg_t
model_mean	k ə n t r o ʊ l	k ə n t r o ʊ l d	k ə n t r o ʊ l d	k ə n t e ɪ n	k ə n t e ɪ n d	k ə n t e ɪ n d	k ə n t r o ʊ l d	1	1	reg_d	reg_d	reg_d
model_mean	b ɑː t ə m	b ɑː t ə m d	b ɑː t ə m d	b ɑː t ə l	b ɑː t ə l d	b ɑː t ə l d	b ɑː t ə m d	1	1	reg_d	reg_d	reg_d
model_mean	w ɔ r n	w ɔ r n d	w ɔ r n d	w ɔ r m	w ɔ r m d	w ɔ r m d	w ɔ r n d	1	1	reg_d	reg_d	reg_d
model_mean	b ɛ r iː	b ɛ r iː d	b ɛ r iː d	b ɛ ɡ	b ɛ ɡ d	b ɛ ɡ d	b ɛ r iː d	1	1	reg_d	reg_d	reg_d
model_mean	ɔ f ɹ̩	ɔ f ɹ̩ d	ɔ f ɹ̩ d	ɔ l t ɹ̩	ɔ l t ɹ̩ d	ɔ l t ɹ̩ d	ɔ f ɹ̩ d	1	1	reg_d	reg_d	reg_d
model_mean	b ɛ r	b o ʊ r	b ɛ r d	b ɛ ɡ	b ɛ ɡ d	b ɛ ɡ d	b ɛ r d	1	0	vowel_change	reg_d	reg_d
model_mean	s l ɪ p	s l ɪ p t	s l ɪ p t	s l æ p	s l æ p t	s l æ p t	s l ɪ p t	1	1	reg_t	reg_t	reg_t
model_mean	t͡ʃ iː r	t͡ʃ iː r d	t͡ʃ iː r d	t͡ʃ iː t	t͡ʃ iː t ə d	t͡ʃ iː t ə d	t͡ʃ iː r ə d	0	0	reg_d	reg_d	reg_əd
model_mean	r ɪ s k	r ɪ s k t	r ɪ s k t	r e ɪ s	r e ɪ s t	r e ɪ s t	r ɪ s k t	1	1	reg_t	reg_t	reg_t
model_mean	p ɛ t	p ɛ t ə d	p ɛ t	p ɑː t	p ɑː t ə d	p ɑː t ə d	p ɛ t ə d	0	1	reg_əd	no_change	reg_əd
model_mean	t r ʌ s t	t r ʌ s t ə d	t r ʌ s t ə d	t r æ p	t r æ p t	t r æ p t	t r ʌ s t t	0	0	reg_əd	reg_əd	reg_t
model_mean	ɪ n s t r ʌ k t	ɪ n s t r ʌ k t ə d	ɪ n s t r ʌ k t ə d	ɪ n s ɪ s t	ɪ n s ɪ s t ə d	ɪ n s ɪ s t ə d	ɪ n s t r ʌ k t ə d	1	1	reg_əd	reg_əd	reg_əd
model_mean	t͡ʃ ɪ k ə n	t͡ʃ ɪ k ə n d	t͡ʃ ɪ k ə n d	t͡ʃ e ɪ s	t͡ʃ e ɪ s t	t͡ʃ e ɪ s t	t͡ʃ ɪ k ə n t	0	0	reg_d	reg_d	reg_t
model_mean	p r iː p ɛ r	p r iː p ɛ r d	p r iː p ɛ r d	p r iː t ɛ n d	p r iː t ɛ n d ə d	p r iː t ɛ n d ə d	p r iː p ɛ r ə d	0	0	reg_d	reg_d	reg_əd
model_mean	h æ m ɹ̩	h æ m ɹ̩ d	h æ m ɹ̩ d	h æ v	h æ d	h æ d	NA	0	0	reg_d	reg_d	coda_change
model_mean	s p r ɪ ŋ k ə l	s p r ɪ ŋ k ə l d	s p r æ ŋ k ə l d	s p r e ɪ	s p r e ɪ d	s p r e ɪ d	s p r ɪ ŋ k ə l d	0	1	reg_d	other	reg_d
model_mean	r ɛ s ə l	r ɛ s ə l d	r ɛ s ə l d	r ɛ n t͡ʃ	r ɛ n t͡ʃ t	r ɛ n t͡ʃ t	r ɛ s ə l t	0	0	reg_d	reg_d	reg_t
model_mean	h ɛ m	h ɛ m d	h ɛ m d	h ɛ d	h ɛ d ə d	h ɛ d ə d	h ɛ m ə d	0	0	reg_d	reg_d	reg_əd
model_mean	p l æ n	p l æ n d	p l æ n d	p l æ n t	p l æ n t ə d	p l æ n t ə d	p l æ n ə d	0	0	reg_d	reg_d	reg_əd
model_mean	s t æ ʃ	s t æ ʃ t	s t æ ʃ t	s t æ k	s t æ k t	s t æ k t	s t æ ʃ t	1	1	reg_t	reg_t	reg_t
model_mean	m ɑː r k	m ɑː r k t	m ɑː r k t	m ɑː r t͡ʃ	m ɑː r t͡ʃ t	m ɑː r t͡ʃ t	m ɑː r k t	1	1	reg_t	reg_t	reg_t
model_mean	k e ɪ v	k e ɪ v d	k e ɪ v d	k e ɪ k	k e ɪ k t	k e ɪ k t	k e ɪ v t	0	0	reg_d	reg_d	reg_t
model_mean	k ɹ̩ l	k ɹ̩ l d	k ɹ̩ l d	k ɹ̩ v	k ɹ̩ v d	k ɹ̩ v d	k ɹ̩ l d	1	1	reg_d	reg_d	reg_d
model_mean	p r e ɪ z	p r e ɪ z d	p r e ɪ z d	p e ɪ d͡ʒ	p e ɪ d͡ʒ d	p e ɪ d͡ʒ d	p r e ɪ z d	1	1	reg_d	reg_d	reg_d
model_mean	d æ m	d æ m d	d æ m d	d ɪ ʃ	d ɪ ʃ t	d ɪ ʃ t	d æ m t	0	0	reg_d	reg_d	reg_t
model_mean	f l ʌ t ɹ̩	f l ʌ t ɹ̩ d	f l ʌ t ɹ̩ d	f iː l d	f iː l d ə d	f iː l d ə d	f l ʌ t ɹ̩ ə d	0	0	reg_d	reg_d	reg_əd
model_mean	b ɛ l t	b ɛ l t ə d	b ɛ l t ə d	b l ɑː t	b l ɑː t ə d	b l ɑː t ə d	b ɛ l t ə d	1	1	reg_əd	reg_əd	reg_əd
model_mean	b ɔ l	b ɔ l d	b ɔ l d	b ɔ r	b ɔ r d	b ɔ r d	b ɔ l d	1	1	reg_d	reg_d	reg_d
model_mean	s k æ l ə p	s k æ l ə p t	s k æ l ə p t	s p l æ ʃ	s p l æ ʃ t	s p l æ ʃ t	s k æ l ə p t	1	1	reg_t	reg_t	reg_t
model_mean	k ə m p ɛ r	k ə m p ɛ r d	k ə m p ɛ r d	k ə m p l iː t	k ə m p l iː t ə d	k ə m p l iː t ə d	k ə m p ɛ r ə d	0	0	reg_d	reg_d	reg_əd
model_mean	b ɔ ɪ l	b ɔ ɪ l d	b ɔ ɪ l d	b ɔ r	b ɔ r d	b ɔ r d	b ɔ ɪ l d	1	1	reg_d	reg_d	reg_d
model_mean	s k æ n	s k æ n d	s k æ n d	s ɛ l	s o ʊ l d	s o ʊ l d	NA	0	0	reg_d	reg_d	vowel_change_suffix
model_mean	r ɛ k ə m ɛ n d	r ɛ k ə m ɛ n d ə d	r ɛ k ə m ɛ n d	r ɛ k ə ɡ n a ɪ z	r ɛ k ə ɡ n a ɪ z d	r ɛ k ə ɡ n a ɪ z d	r ɛ k ə m ɛ n d d	0	0	reg_əd	no_change	reg_d
model_mean	t o ʊ	t o ʊ d	t o ʊ d	t a ɪ	t a ɪ d	t a ɪ d	t o ʊ d	1	1	reg_d	reg_d	reg_d
model_mean	s t r ɛ s	s t r ɛ s t	s t r ɛ s t	s t æ k	s t æ k t	s t æ k t	s t r ɛ s t	1	1	reg_t	reg_t	reg_t
model_mean	b æ n d	b æ n d ə d	b æ n d ə d	b æ t	b æ t ə d	b æ t ə d	b æ n d ə d	1	1	reg_əd	reg_əd	reg_əd
model_mean	b o ʊ s t	b o ʊ s t ə d	b o ʊ s t ə d	o ʊ b e ɪ	o ʊ b e ɪ d	o ʊ b e ɪ d	b o ʊ s t d	0	0	reg_əd	reg_əd	reg_d
model_mean	r ɛ s k j uː	r ɛ s k j uː d	r ɛ s k j uː d	r ɛ n t͡ʃ	r ɛ n t͡ʃ t	r ɛ n t͡ʃ t	r ɛ s k j uː t	0	0	reg_d	reg_d	reg_t
model_mean	b ʌ s	b ʌ s t	b ʌ s t	b æ k	b æ k t	b æ k t	b ʌ s t	1	1	reg_t	reg_t	reg_t
model_mean	m ɑː r	m ɑː r d	m ɑː r d	m ɑː r t͡ʃ	m ɑː r t͡ʃ t	m ɑː r t͡ʃ t	m ɑː r t	0	0	reg_d	reg_d	reg_t
model_mean	t ʌ m b ə l	t ʌ m b ə l d	t ʌ m b ə l d	t r ʌ b ə l	t r ʌ b ə l d	t r ʌ b ə l d	t ʌ m b ə l d	1	1	reg_d	reg_d	reg_d
model_mean	d ɪ s t r ɔ ɪ	d ɪ s t r ɔ ɪ d	d ɪ s t r ɔ r d	d ɪ s t r æ k t	d ɪ s t r æ k t ə d	d ɪ s t r æ k t ə d	d ɪ s t r ɔ ɪ ə d	0	0	reg_d	rhyme_replaced	reg_əd
model_mean	w æ ɡ	w æ ɡ d	w æ ɡ d	w ɪ p	w ɪ p t	w ɪ p t	w æ ɡ t	0	0	reg_d	reg_d	reg_t
model_mean	p a ʊ ɹ̩	p a ʊ ɹ̩ d	p a ʊ ɹ̩ d	p a ʊ d ɹ̩	p a ʊ d ɹ̩ d	p a ʊ d ɹ̩ d	p a ʊ ɹ̩ d	1	1	reg_d	reg_d	reg_d
model_mean	b l iː t͡ʃ	b l iː t͡ʃ t	b l ɛ t͡ʃ t	b l ɑː k	b l ɑː k t	b l ɑː k t	b l iː t͡ʃ t	0	1	reg_t	vowel_change_suffix	reg_t
model_mean	t æ ŋ ɡ ə l	t æ ŋ ɡ ə l d	t æ ŋ ɡ ə l d	t æ ɡ	t æ ɡ d	t æ ɡ d	t æ ŋ ɡ ə l d	1	1	reg_d	reg_d	reg_d
model_mean	n ɔ	n ɔ d	n ɔ d	n ɪ t	n ɪ t ə d	n ɪ t ə d	n ɔ ə d	0	0	reg_d	reg_d	reg_əd
model_mean	r o ʊ m	r o ʊ m d	r o ʊ m d	r o ʊ l	r o ʊ l d	r o ʊ l d	r o ʊ m d	1	1	reg_d	reg_d	reg_d
model_mean	b l ɪ ŋ k	b l ɪ ŋ k t	b l æ ŋ k	b l e ɪ m	b l e ɪ m d	b l e ɪ m d	b l ɪ ŋ k d	0	0	reg_t	vowel_change	reg_d
model_mean	t w ɹ̩ l	t w ɹ̩ l d	t w ɹ̩ l d	t a ʊ ɹ̩	t a ʊ ɹ̩ d	t a ʊ ɹ̩ d	t w ɹ̩ l d	1	1	reg_d	reg_d	reg_d
model_mean	ə n b ʌ t ə n	ə n b ʌ t ə n d	ə n b ʌ t ə n d	ə n l o ʊ d	ə n l o ʊ d ə d	ə n l o ʊ d ə d	ə n b ʌ t ə n ə d	0	0	reg_d	reg_d	reg_əd
model_mean	θ r ɛ t ə n	θ r ɛ t ə n d	θ r ɛ t ə n d	θ r ɛ d	θ r ɛ d ə d	θ r ɛ d ə d	θ r ɛ t ə n ə d	0	0	reg_d	reg_d	reg_əd
model_mean	b ɛ l o ʊ	b ɛ l o ʊ d	b ɛ l o ʊ d	b l o ʊ	b l uː	b l uː	b ɛ l uː	0	0	reg_d	reg_d	vowel_change
model_mean	s p ɛ ʃ ə l a ɪ z	s p ɛ ʃ ə l a ɪ z d	s p ɛ ʃ ə l a ɪ z d	s ɛ p ɹ̩ e ɪ t	s ɛ p ɹ̩ e ɪ t ə d	s ɛ p ɹ̩ e ɪ t ə d	s p ɛ ʃ ə l a ɪ z ə d	0	0	reg_d	reg_d	reg_əd
model_mean	ɪ n ɪ ʃ iː e ɪ t	ɪ n ɪ ʃ iː e ɪ t ə d	ɪ n ɪ ʃ ɪ e ɪ t ə d	ɪ n s ɪ s t	ɪ n s ɪ s t ə d	ɪ n s ɪ s t ə d	ɪ n ɪ ʃ iː e ɪ t ə d	0	1	reg_əd	other	reg_əd
model_mean	p iː p	p iː p t	p iː p t	p iː t ɹ̩	p iː t ɹ̩ d	p iː t ɹ̩ d	p iː p d	0	0	reg_t	reg_t	reg_d
model_mean	ʃ ʌ f ə l	ʃ ʌ f ə l d	ʃ ʌ f ə l d	ʃ ʌ t ə l	ʃ ʌ t ə l d	ʃ ʌ t ə l d	ʃ ʌ f ə l d	1	1	reg_d	reg_d	reg_d
model_mean	ɪ n f l uː ə n s	ɪ n f l uː ə n s t	ɪ n f l uː n ə n d	f e ɪ n t	f e ɪ n t ə d	f e ɪ n t ə d	ɪ n f l uː ə n s ə d	0	0	reg_t	other	reg_əd
model_mean	d a ʊ n	d a ʊ n d	d a ʊ n d	d a ɪ	d a ɪ d	d a ɪ d	d a ʊ n d	1	1	reg_d	reg_d	reg_d
model_mean	d ɪ v ɛ l ə p	d ɪ v ɛ l ə p t	d ɪ v ɛ l ə p ə d	d ɪ z ɹ̩ v	d ɪ z ɹ̩ v d	d ɪ z ɹ̩ v d	d ɪ v ɛ l ə p d	0	0	reg_t	reg_əd	reg_d
model_mean	s p e ɪ	s p e ɪ d	s p e ɪ d	s p e ɪ s	s p e ɪ s t	s p e ɪ s t	s p e ɪ t	0	0	reg_d	reg_d	reg_t
model_mean	r iː p l e ɪ s	r iː p l e ɪ s t	r iː p l e ɪ s t	r iː p ɔ r t	r iː p ɔ r t ə d	r iː p ɔ r t ə d	r iː p l e ɪ s ə d	0	0	reg_t	reg_t	reg_əd
model_mean	s p ɔ ɪ l	s p ɔ ɪ l d	s p ɔ ɪ l d	s p ɔ r t	s p ɔ r t ə d	s p ɔ r t ə d	s p ɔ ɪ l ə d	0	0	reg_d	reg_d	reg_əd
model_mean	l e ɪ b ə l	l e ɪ b ə l d	l e ɪ b ə l d	l ɪ t ɹ̩	l ɪ t ɹ̩ d	l ɪ t ɹ̩ d	l e ɪ b ə l d	1	1	reg_d	reg_d	reg_d
model_mean	d r ɪ b ə l	d r ɪ b ə l d	d r ɪ b ə l d	d r ɪ l	d r ɪ l d	d r ɪ l d	d r ɪ b ə l d	1	1	reg_d	reg_d	reg_d
model_mean	t͡ʃ æ n ə l	t͡ʃ æ n ə l d	t͡ʃ æ n ə l d	t͡ʃ æ n t	t͡ʃ æ n t ə d	t͡ʃ æ n t ə d	t͡ʃ æ n ə l ə d	0	0	reg_d	reg_d	reg_əd
model_mean	ɪ m p r uː v	ɪ m p r uː v d	ɪ m p r uː v d	ɪ m p r ɛ s	ɪ m p r ɛ s t	ɪ m p r ɛ s t	ɪ m p r uː v t	0	0	reg_d	reg_d	reg_t
model_mean	p r e ɪ	p r e ɪ d	p r e ɪ d	p r ɪ k	p r ɪ k t	p r ɪ k t	p r e ɪ t	0	0	reg_d	reg_d	reg_t
model_mean	w ɛ t	w ɛ t	w ɛ t	w ɪ ŋ	w ɪ ŋ d	w ɪ ŋ d	w ɛ t d	0	0	no_change	no_change	reg_d
model_mean	s t r e ɪ n	s t r e ɪ n d	s t r e ɪ n d	s t r ɪ p	s t r ɪ p t	s t r ɪ p t	s t r e ɪ n t	0	0	reg_d	reg_d	reg_t
model_mean	m ɑː r b ə l	m ɑː r b ə l d	m ɑː r b ə l d	m ɑː r k ə t	m ɑː r k ə t ə d	m ɑː r k ə t ə d	m ɑː r b ə l ə d	0	0	reg_d	reg_d	reg_əd
model_mean	ʃ ɛ l	ʃ ɛ l d	ʃ o ʊ l d	ʃ ɛ r	ʃ ɛ r d	ʃ ɛ r d	ʃ ɛ l d	0	1	reg_d	vowel_change_suffix	reg_d
model_mean	k o ʊ ɑː p ɹ̩ e ɪ t	k o ʊ ɑː p ɹ̩ e ɪ t ə d	k o ʊ ɑː p ɹ̩ e ɪ t ə d	h o ʊ l d	h ɛ l d	h ɛ l d	NA	0	0	reg_əd	reg_əd	vowel_change
model_mean	ɡ r e ɪ t	ɡ r e ɪ t ə d	ɡ r e ɪ t ə d	ɡ r e ɪ d	ɡ r e ɪ d ə d	ɡ r e ɪ d ə d	ɡ r e ɪ t ə d	1	1	reg_əd	reg_əd	reg_əd
model_mean	f ɔ r m j ə l e ɪ t	f ɔ r m j ə l e ɪ t ə d	f ɔ r b ə l j ə l e ɪ t ə d	f r ɔ s t	f r ɔ s t ə d	f r ɔ s t ə d	f ɔ r m j ə l e ɪ t ə d	0	1	reg_əd	other	reg_əd
model_mean	k æ n s ə l	k æ n s ə l d	k æ n s ə l d	æ k s ɛ n t	æ k s ɛ n t ə d	æ k s ɛ n t ə d	k æ n s ə l ə d	0	0	reg_d	reg_d	reg_əd
model_mean	d ɪ s k ʌ v ɹ̩	d ɪ s k ʌ v ɹ̩ d	d ɪ s k ʌ v ɹ̩ d	d ɪ s ə p iː r	d ɪ s ə p iː r d	d ɪ s ə p iː r d	d ɪ s k ʌ v ɹ̩ d	1	1	reg_d	reg_d	reg_d
model_mean	ə m e ɪ z	ə m e ɪ z d	ə m e ɪ z d	ə d m ɪ t	ə d m ɪ t ə d	ə d m ɪ t ə d	ə m e ɪ z ə d	0	0	reg_d	reg_d	reg_əd
model_mean	f æ n s iː	f æ n s iː d	f æ n s iː d	f æ s ə n	f æ s ə n d	f æ s ə n d	f æ n s iː d	1	1	reg_d	reg_d	reg_d
model_mean	æ n ə l a ɪ z	æ n ə l a ɪ z d	æ n ə l a ɪ z d	ə n t a ɪ	ə n t a ɪ d	ə n t a ɪ d	æ n ə l a ɪ z d	1	1	reg_d	reg_d	reg_d
model_mean	t e ɪ l ɹ̩	t e ɪ l ɹ̩ d	t e ɪ l ɹ̩ d	t a ɪ ɹ̩	t a ɪ ɹ̩ d	t a ɪ ɹ̩ d	t e ɪ l ɹ̩ d	1	1	reg_d	reg_d	reg_d
model_mean	p ɑː r t͡ʃ	p ɑː r t͡ʃ t	p ɑː r t͡ʃ t	p ɑː r k	p ɑː r k t	p ɑː r k t	p ɑː r t͡ʃ t	1	1	reg_t	reg_t	reg_t
model_mean	b ɪ d	b e ɪ d	b ɪ d ə d	b iː d	b iː d ə d	b iː d ə d	b ɪ d ə d	1	0	vowel_change	reg_əd	reg_əd
model_mean	s o ʊ k	s o ʊ k t	s o ʊ k t	s p iː k	s p o ʊ k	s p o ʊ k	NA	0	0	reg_t	reg_t	vowel_change
model_mean	s uː	s uː d	s uː d	s iː	s ɔ	s ɔ	NA	0	0	reg_d	reg_d	vowel_change
model_mean	f æ n	f æ n d	f æ n d	f ʌ d͡ʒ	f ʌ d͡ʒ d	f ʌ d͡ʒ d	f æ n d	1	1	reg_d	reg_d	reg_d
model_mean	f r ɛ k ə l	f r ɛ k ə l d	f r ɛ k ə l d	f r ɔ s t	f r ɔ s t ə d	f r ɔ s t ə d	f r ɛ k ə l ə d	0	0	reg_d	reg_d	reg_əd
model_mean	ə n d uː	ə n d ɪ d	ə n d uː d	ə n z ɪ p	ə n z ɪ p t	ə n z ɪ p t	ə n d uː t	0	0	vowel_change_suffix	reg_d	reg_t
model_mean	θ ʌ m p	θ ʌ m p t	θ ʌ m p t	θ ʌ m	θ ʌ m d	θ ʌ m d	θ ʌ m p d	0	0	reg_t	reg_t	reg_d
model_mean	w ɑː b ə l	w ɑː b ə l d	w ɑː b ə l d	w ɑː f ə l	w ɑː f ə l d	w ɑː f ə l d	w ɑː b ə l d	1	1	reg_d	reg_d	reg_d
model_mean	ɡ r ɪ l	ɡ r ɪ l d	ɡ r ɪ l d	ɡ ɪ v	ɡ e ɪ v	ɡ e ɪ v	NA	0	0	reg_d	reg_d	vowel_change
model_mean	ə s uː m	ə s uː m d	ə s uː m d	ə k ɹ̩	ə k ɹ̩ d	ə k ɹ̩ d	ə s uː m d	1	1	reg_d	reg_d	reg_d
model_mean	z ɪ ɡ z æ ɡ	z ɪ ɡ z æ ɡ d	z ɪ ɡ z æ ɡ d	z ɪ p	z ɪ p t	z ɪ p t	z ɪ ɡ z æ ɡ t	0	0	reg_d	reg_d	reg_t
model_mean	p ɛ r ə ʃ uː t	p ɛ r ə ʃ uː t ə d	p ɛ r ə ʃ ə t ə d	p ɑː r d ə n	p ɑː r d ə n d	p ɑː r d ə n d	p ɛ r ə ʃ uː t d	0	0	reg_əd	other	reg_d
model_mean	ɛ ɡ	ɛ ɡ d	ɛ ɡ d	ɛ r	ɛ r d	ɛ r d	ɛ ɡ d	1	1	reg_d	reg_d	reg_d
model_mean	l o ʊ k e ɪ t	l o ʊ k e ɪ t ə d	l o ʊ k e ɪ t ə d	l o ʊ d	l o ʊ d ə d	l o ʊ d ə d	l o ʊ k e ɪ t ə d	1	1	reg_əd	reg_əd	reg_əd
model_mean	n e ɪ l	n e ɪ l d	n e ɪ l d	n e ɪ m	n e ɪ m d	n e ɪ m d	n e ɪ l d	1	1	reg_d	reg_d	reg_d
model_mean	f a ɪ n	f a ɪ n d	f a ɪ n d	f a ɪ l	f a ɪ l d	f a ɪ l d	f a ɪ n d	1	1	reg_d	reg_d	reg_d
model_mean	ʃ r ɪ v ə l	ʃ r ɪ v ə l d	ʃ r ɪ v ə l d	r e ɪ s	r e ɪ s t	r e ɪ s t	ʃ r ɪ v ə l t	0	0	reg_d	reg_d	reg_t
model_mean	t͡ʃ a ɪ m	t͡ʃ a ɪ m d	t͡ʃ a ɪ m d	t͡ʃ ɪ p	t͡ʃ ɪ p t	t͡ʃ ɪ p t	t͡ʃ a ɪ m t	0	0	reg_d	reg_d	reg_t
model_mean	ɪ v æ p ɹ̩ e ɪ t	ɪ v æ p ɹ̩ e ɪ t ə d	ɪ v æ p ɹ̩ e ɪ t ə d	v æ k j uː m	v æ k j uː m d	v æ k j uː m d	ɪ v æ p ɹ̩ e ɪ t d	0	0	reg_əd	reg_əd	reg_d
model_mean	ɑː k j ə p a ɪ	ɑː k j ə p a ɪ d	ɑː k j ə p a ɪ d	k ɑː ŋ k ɹ̩	k ɑː ŋ k ɹ̩ d	k ɑː ŋ k ɹ̩ d	ɑː k j ə p a ɪ d	1	1	reg_d	reg_d	reg_d
model_mean	k l ɑː ɡ	k l ɑː ɡ d	k l ɑː ɡ d	k l ɑː k	k l ɑː k t	k l ɑː k t	k l ɑː ɡ t	0	0	reg_d	reg_d	reg_t
model_mean	m æ p	m æ p t	m æ p t	m æ ʃ	m æ ʃ t	m æ ʃ t	m æ p t	1	1	reg_t	reg_t	reg_t
model_mean	ɡ e ɪ z	ɡ e ɪ z d	ɡ e ɪ z d	ɡ e ɪ n	ɡ e ɪ n d	ɡ e ɪ n d	ɡ e ɪ z d	1	1	reg_d	reg_d	reg_d
model_mean	s k æ t ɹ̩	s k æ t ɹ̩ d	s k æ t ɹ̩ d	s k ɹ̩ t	s k ɹ̩ t ə d	s k ɹ̩ t ə d	s k æ t ɹ̩ ə d	0	0	reg_d	reg_d	reg_əd
model_mean	s n ɑː r ə l	s n ɑː r ə l d	s n ɑː r ə l d	s n ɔ r t	s n ɔ r t ə d	s n ɔ r t ə d	s n ɑː r ə l ə d	0	0	reg_d	reg_d	reg_əd
model_mean	f l e ɪ v ɹ̩	f l e ɪ v ɹ̩ d	f l e ɪ v ɹ̩ d	f l ɹ̩ ɪ ʃ	f l ɹ̩ ɪ ʃ t	f l ɹ̩ ɪ ʃ t	f l e ɪ v ɹ̩ t	0	0	reg_d	reg_d	reg_t
model_mean	ɪ d͡ʒ ɛ k t	ɪ d͡ʒ ɛ k t ə d	ɪ d͡ʒ ɛ k t ə d	ɪ n t͡ʃ	ɪ n t͡ʃ t	ɪ n t͡ʃ t	ɪ d͡ʒ ɛ k t t	0	0	reg_əd	reg_əd	reg_t
model_mean	r iː æ k t	r iː æ k t ə d	r iː æ k t ə d	r ɪ p iː t	r ɪ p iː t ə d	r ɪ p iː t ə d	r iː æ k t ə d	1	1	reg_əd	reg_əd	reg_əd
model_mean	s t e ɪ p ə l	s t e ɪ p ə l d	s t e ɪ p ə l d	s t e ɪ t	s t e ɪ t ə d	s t e ɪ t ə d	s t e ɪ p ə l ə d	0	0	reg_d	reg_d	reg_əd
model_mean	ɪ k s p l o ʊ d	ɪ k s p l o ʊ d ə d	ɪ k s p l o ʊ d	ɪ k s k l e ɪ m	ɪ k s k l e ɪ m d	ɪ k s k l e ɪ m d	ɪ k s p l o ʊ d d	0	0	reg_əd	no_change	reg_d
model_mean	r ɪ z ɛ m b ə l	r ɪ z ɛ m b ə l d	r ɪ z ɛ m b ə l d	r ɪ z ɪ s t	r ɪ z ɪ s t ə d	r ɪ z ɪ s t ə d	r ɪ z ɛ m b ə l ə d	0	0	reg_d	reg_d	reg_əd
model_mean	s w ɪ v ə l	s w ɪ v ə l d	s w ɪ v ə l d	s w ɪ m	s w æ m	s w æ m	NA	0	0	reg_d	reg_d	vowel_change
model_mean	w æ k s	w æ k s t	w æ k s t	w ɪ ʃ	w ɪ ʃ t	w ɪ ʃ t	w æ k s t	1	1	reg_t	reg_t	reg_t
model_mean	s k r a ʊ n d͡ʒ	s k r a ʊ n d͡ʒ d	s k r a ʊ n d͡ʒ d	s k r e ɪ p	s k r e ɪ p t	s k r e ɪ p t	s k r a ʊ n d͡ʒ t	0	0	reg_d	reg_d	reg_t
model_mean	ɔ r ɡ ə n a ɪ z	ɔ r ɡ ə n a ɪ z d	ɔ r ɡ ə n a ɪ z d	r iː z ə n	r iː z ə n d	r iː z ə n d	ɔ r ɡ ə n a ɪ z d	1	1	reg_d	reg_d	reg_d
model_mean	d ɪ z a ɪ n	d ɪ z a ɪ n d	d ɪ z a ɪ n d	d ɪ z ɹ̩ v	d ɪ z ɹ̩ v d	d ɪ z ɹ̩ v d	d ɪ z a ɪ n d	1	1	reg_d	reg_d	reg_d
model_stem	s e ɪ	s ɛ d	s e ɪ d	s a ɪ	s a ɪ d	s a ɪ d	s e ɪ d	1	0	vowel_change_suffix	reg_d	reg_d
model_stem	ɡ o ʊ	w ɛ n t	ɡ o ʊ d	ʃ o ʊ	ʃ o ʊ d	ʃ o ʊ d	ɡ o ʊ d	1	0	other	reg_d	reg_d
model_stem	h æ p ə n	h æ p ə n d	h æ p ə n d	o ʊ p ə n	o ʊ p ə n d	o ʊ p ə n d	h æ p ə n d	1	1	reg_d	reg_d	reg_d
model_stem	k æ t͡ʃ	k ɔ t	k æ t͡ʃ t	h æ t͡ʃ	h æ t͡ʃ t	h æ t͡ʃ t	k æ t͡ʃ t	1	0	rhyme_replaced	reg_t	reg_t
model_stem	l ʌ v	l ʌ v d	l ʌ v d	ɡ ɪ v	ɡ e ɪ v	ɡ e ɪ v	NA	0	0	reg_d	reg_d	vowel_change
model_stem	w ɹ̩ k	w ɹ̩ k t	w ɹ̩ k t	d͡ʒ ɹ̩ k	d͡ʒ ɹ̩ k t	d͡ʒ ɹ̩ k t	w ɹ̩ k t	1	1	reg_t	reg_t	reg_t
model_stem	k ʌ t	k ʌ t	k e ɪ t	n ɪ t	n ɪ t ə d	n ɪ t ə d	k ʌ t ə d	0	0	no_change	vowel_change	reg_əd
model_stem	n iː d	n iː d ə d	n iː d ə d	b iː d	b iː d ə d	b iː d ə d	n iː d ə d	1	1	reg_əd	reg_əd	reg_əd
model_stem	z ɪ p ɹ̩	z ɪ p ɹ̩ d	z ɪ p ɹ̩ d	l ɪ t ɹ̩	l ɪ t ɹ̩ d	l ɪ t ɹ̩ d	z ɪ p ɹ̩ d	1	1	reg_d	reg_d	reg_d
model_stem	b a ɪ	b ɔ t	b a ɪ d	l a ɪ	l e ɪ d	l e ɪ	b e ɪ d	0	0	vowel_change_suffix	reg_d	vowel_change_suffix
model_stem	m iː t	m ɛ t	m iː t ə d	h iː t	h iː t ə d	h iː t ə d	m iː t ə d	1	0	vowel_change	reg_əd	reg_əd
model_stem	m e ɪ l	m e ɪ l d	m e ɪ l d	d͡ʒ e ɪ l	d͡ʒ e ɪ l d	d͡ʒ e ɪ l d	m e ɪ l d	1	1	reg_d	reg_d	reg_d
model_stem	t iː t͡ʃ	t ɔ t	t iː t͡ʃ t	t ʌ t͡ʃ	t ʌ t͡ʃ t	t ʌ t͡ʃ t	t iː t͡ʃ t	1	0	rhyme_replaced	reg_t	reg_t
model_stem	s p ɛ n d	s p ɛ n t	s p ɛ n d ə d	s a ʊ n d	s a ʊ n d ə d	s a ʊ n d ə d	s p ɛ n d ə d	1	0	coda_change	reg_əd	reg_əd
model_stem	h æ n d	h æ n d ə d	h æ n d ə d	s æ n d	s æ n d ə d	s æ n d ə d	h æ n d ə d	1	1	reg_əd	reg_əd	reg_əd
model_stem	m ɛ r iː	m ɛ r iː d	m ɛ r iː d	h ɛ r iː	h ɛ r iː d	h ɛ r iː d	m ɛ r iː d	1	1	reg_d	reg_d	reg_d
model_stem	r ɛ d iː	r ɛ d iː d	r ɛ d iː d	m ʌ d iː	m ʌ d iː d	m ʌ d iː d	r ɛ d iː d	1	1	reg_d	reg_d	reg_d
model_stem	f l o ʊ t	f l o ʊ t ə d	f l o ʊ t ə d	k w o ʊ t	k w o ʊ t ə d	k w o ʊ t ə d	f l o ʊ t ə d	1	1	reg_əd	reg_əd	reg_əd
model_stem	s k w ɹ̩ t	s k w ɹ̩ t ə d	s k w ɹ̩ t ə d	v ɪ z ɪ t	v ɪ z ɪ t ə d	v ɪ z ɪ t ə d	s k w ɹ̩ t ə d	1	1	reg_əd	reg_əd	reg_əd
model_stem	w ɔ k	w ɔ k t	w ɔ k t	t͡ʃ ɔ k	t͡ʃ ɔ k t	t͡ʃ ɔ k t	w ɔ k t	1	1	reg_t	reg_t	reg_t
model_stem	f ɪ k s	f ɪ k s t	f ɪ k s t	b ɑː k s	b ɑː k s t	b ɑː k s t	f ɪ k s t	1	1	reg_t	reg_t	reg_t
model_stem	p r æ k t ɪ s	p r æ k t ɪ s t	p r æ k t ɪ s t	k ə n v ɪ n s	k ə n v ɪ n s t	k ə n v ɪ n s t	p r æ k t ɪ s t	1	1	reg_t	reg_t	reg_t
model_stem	k iː p	k ɛ p t	k iː p t	s iː p	s iː p t	s iː p t	k iː p t	1	0	vowel_change_suffix	reg_t	reg_t
model_stem	n ɪ b ə l	n ɪ b ə l d	n ɪ b ə l d	n ʌ k ə l	n ʌ k ə l d	n ʌ k ə l d	n ɪ b ə l d	1	1	reg_d	reg_d	reg_d
model_stem	w uː	w uː d	w uː d	t͡ʃ uː	t͡ʃ uː d	t͡ʃ uː d	w uː d	1	1	reg_d	reg_d	reg_d
model_stem	k ɪ l	k ɪ l d	k ɪ l d	k uː l	k uː l d	k uː l d	k ɪ l d	1	1	reg_d	reg_d	reg_d
model_stem	k æ r iː	k æ r iː d	k æ r iː d	h ɛ r iː	h ɛ r iː d	h ɛ r iː d	k æ r iː d	1	1	reg_d	reg_d	reg_d
model_stem	ɹ̩ n	ɹ̩ n d	ɹ̩ n d	b ɹ̩ n	b ɹ̩ n d	b ɹ̩ n d	ɹ̩ n d	1	1	reg_d	reg_d	reg_d
model_stem	k ə l ɛ k t	k ə l ɛ k t ə d	k ə l ɛ k t ə d	k ə n ɛ k t	k ə n ɛ k t ə d	k ə n ɛ k t ə d	k ə l ɛ k t ə d	1	1	reg_əd	reg_əd	reg_əd
model_stem	d æ n s	d æ n s t	d æ n s t	b e ɪ s	b e ɪ s t	b e ɪ s t	d æ n s t	1	1	reg_t	reg_t	reg_t
model_stem	d r ɔ	d r uː	d r ɔ d	k l ɔ	k l ɔ d	k l ɔ d	d r ɔ d	1	0	vowel_change	reg_d	reg_d
model_stem	p r a ɪ	p r a ɪ d	p r a ɪ d	p l a ɪ	p l a ɪ d	p l a ɪ d	p r a ɪ d	1	1	reg_d	reg_d	reg_d
model_stem	ɪ n v a ɪ t	ɪ n v a ɪ t ə d	ɪ n v a ɪ t ə d	ɪ k s a ɪ t	ɪ k s a ɪ t ə d	ɪ k s a ɪ t ə d	ɪ n v a ɪ t ə d	1	1	reg_əd	reg_əd	reg_əd
model_stem	r iː ə l a ɪ z	r iː ə l a ɪ z d	r iː ə l a ɪ z d	m ɛ m ɹ̩ a ɪ z	m ɛ m ɹ̩ a ɪ z d	m ɛ m ɹ̩ a ɪ z d	r iː ə l a ɪ z d	1	1	reg_d	reg_d	reg_d
model_stem	d r ɛ s	d r ɛ s t	d r ɛ s t	b l ɛ s	b l ɛ s t	b l ɛ s t	d r ɛ s t	1	1	reg_t	reg_t	reg_t
model_stem	t r æ n z m ɪ t	t r æ n z m ɪ t ə d	t r æ n m e ɪ t ə d	t ɹ̩ m ə n e ɪ t	t ɹ̩ m ə n e ɪ t ə d	t ɹ̩ m ə n e ɪ t ə d	t r æ n z m ɪ t ə d	0	1	reg_əd	other	reg_əd
model_stem	ʃ uː	ʃ uː d	ʃ uː	s iː	s ɔ	s ɔ	NA	0	0	reg_d	no_change	vowel_change
model_stem	p iː s	p iː s t	p iː s t	l uː s	l uː s t	l uː s t	p iː s t	1	1	reg_t	reg_t	reg_t
model_stem	d ɛ r	d ɛ r d	d ɛ r d	k ɛ r	k ɛ r d	k ɛ r d	d ɛ r d	1	1	reg_d	reg_d	reg_d
model_stem	b ɪ l d	b ɪ l t	b ɪ l d ə d	b iː r d	b iː r d ə d	b iː r d ə d	b ɪ l d ə d	1	0	coda_change	reg_əd	reg_əd
model_stem	w ɪ n	w ʌ n	w ɪ n d	o ʊ n	o ʊ n d	o ʊ n d	w ɪ n d	1	0	vowel_change	reg_d	reg_d
model_stem	k l a ɪ m	k l a ɪ m d	k l a ɪ m d	s k r iː m	s k r iː m d	s k r iː m d	k l a ɪ m d	1	1	reg_d	reg_d	reg_d
model_stem	s t ʌ f	s t ʌ f t	s t ʌ f t	s n ʌ f	s n ʌ f t	s n ʌ f t	s t ʌ f t	1	1	reg_t	reg_t	reg_t
model_stem	s t æ n d	s t ʊ d	s t æ n d ə d	s a ʊ n d	s a ʊ n d ə d	s a ʊ n d ə d	s t æ n d ə d	1	0	rhyme_replaced	reg_əd	reg_əd
model_stem	d a ɪ s	d a ɪ s t	d o ʊ s t	b e ɪ s	b e ɪ s t	b e ɪ s t	d a ɪ s t	0	1	reg_t	vowel_change_suffix	reg_t
model_stem	k o ʊ m	k o ʊ m d	k o ʊ m d	s l æ m	s l æ m d	s l æ m d	k o ʊ m d	1	1	reg_d	reg_d	reg_d
model_stem	ɡ r o ʊ	ɡ r uː	ɡ r o ʊ d	ɡ l o ʊ	ɡ l o ʊ d	ɡ l o ʊ d	ɡ r o ʊ d	1	0	vowel_change	reg_d	reg_d
model_stem	b ʌ t ɹ̩	b ʌ t ɹ̩ d	b ʌ t ɹ̩ d	b ɛ t ɹ̩	b ɛ t ɹ̩ d	b ɛ t ɹ̩ d	b ʌ t ɹ̩ d	1	1	reg_d	reg_d	reg_d
model_stem	ə p s ɛ t	ə p s ɛ t	ə p s ɛ t ə d	ə d͡ʒ ʌ s t	ə d͡ʒ ʌ s t ə d	ə d͡ʒ ʌ s t ə d	ə p s ɛ t ə d	1	0	no_change	reg_əd	reg_əd
model_stem	b ɑː r	b ɑː r d	b ɑː r d	b ɔ r	b ɔ r d	b ɔ r d	b ɑː r d	1	1	reg_d	reg_d	reg_d
model_stem	m ɪ k s	m ɪ k s t	m ɪ k s t	m æ k s	m æ k s t	m æ k s t	m ɪ k s t	1	1	reg_t	reg_t	reg_t
model_stem	l ɹ̩ n	l ɹ̩ n d	l ɹ̩ n d	b ɹ̩ n	b ɹ̩ n d	b ɹ̩ n d	l ɹ̩ n d	1	1	reg_d	reg_d	reg_d
model_stem	r æ t ə l	r æ t ə l d	r æ t ə l d	s ɛ t ə l	s ɛ t ə l d	s ɛ t ə l d	r æ t ə l d	1	1	reg_d	reg_d	reg_d
model_stem	l uː z	l ɔ s t	l uː z d	b ʌ z	b ʌ z d	b ʌ z d	l uː z d	1	0	rhyme_replaced	reg_d	reg_d
model_stem	p ɔ r	p ɔ r d	p ɔ r d	p iː r	p iː r d	p iː r d	p ɔ r d	1	1	reg_d	reg_d	reg_d
model_stem	m æ n	m æ n d	m æ n d	r ʌ n	r æ n	r æ n	NA	0	0	reg_d	reg_d	vowel_change
model_stem	m æ t͡ʃ	m æ t͡ʃ t	m æ t͡ʃ t	h æ t͡ʃ	h æ t͡ʃ t	h æ t͡ʃ t	m æ t͡ʃ t	1	1	reg_t	reg_t	reg_t
model_stem	w ɑː n d ɹ̩	w ɑː n d ɹ̩ d	w ɑː n d ɹ̩ d	w ʌ n d ɹ̩	w ʌ n d ɹ̩ d	w ʌ n d ɹ̩ d	w ɑː n d ɹ̩ d	1	1	reg_d	reg_d	reg_d
model_stem	r iː m a ɪ n d	r iː m a ɪ n d ə d	r iː m a ɪ n d ə d	r ɪ s p ɑː n d	r ɪ s p ɑː n d ə d	r ɪ s p ɑː n d ə d	r iː m a ɪ n d ə d	1	1	reg_əd	reg_əd	reg_əd
model_stem	s n ɪ f	s n ɪ f t	s n ɪ f t	n a ɪ f	n a ɪ f t	n a ɪ f t	s n ɪ f t	1	1	reg_t	reg_t	reg_t
model_stem	p iː k	p iː k t	p iː k t	l iː k	l iː k t	l iː k t	p iː k t	1	1	reg_t	reg_t	reg_t
model_stem	p l iː z	p l iː z d	p l iː z d	f r iː z	f r o ʊ z	f r o ʊ z	p l o ʊ z	0	0	reg_d	reg_d	vowel_change
model_stem	b e ɪ k	b e ɪ k t	b e ɪ k t	f e ɪ k	f e ɪ k t	f e ɪ k t	b e ɪ k t	1	1	reg_t	reg_t	reg_t
model_stem	r ɪ p	r ɪ p t	r ɪ p t	w ɪ p	w ɪ p t	w ɪ p t	r ɪ p t	1	1	reg_t	reg_t	reg_t
model_stem	t͡ʃ e ɪ n d͡ʒ	t͡ʃ e ɪ n d͡ʒ d	t͡ʃ e ɪ n d͡ʒ d	m æ n ə d͡ʒ	m æ n ə d͡ʒ d	m æ n ə d͡ʒ d	t͡ʃ e ɪ n d͡ʒ d	1	1	reg_d	reg_d	reg_d
model_stem	ɔ r d ɹ̩	ɔ r d ɹ̩ d	ɔ r d ɹ̩ d	m ɹ̩ d ɹ̩	m ɹ̩ d ɹ̩ d	m ɹ̩ d ɹ̩ d	ɔ r d ɹ̩ d	1	1	reg_d	reg_d	reg_d
model_stem	h o ʊ p	h o ʊ p t	h o ʊ p t	r o ʊ p	r o ʊ p t	r o ʊ p t	h o ʊ p t	1	1	reg_t	reg_t	reg_t
model_stem	p ɛ p ɹ̩	p ɛ p ɹ̩ d	p ɛ p ɹ̩ d	p iː t ɹ̩	p iː t ɹ̩ d	p iː t ɹ̩ d	p ɛ p ɹ̩ d	1	1	reg_d	reg_d	reg_d
model_stem	m ʌ n t͡ʃ	m ʌ n t͡ʃ t	m ʌ n t͡ʃ t	l ʌ n t͡ʃ	l ʌ n t͡ʃ t	l ʌ n t͡ʃ t	m ʌ n t͡ʃ t	1	1	reg_t	reg_t	reg_t
model_stem	p l æ s t ɹ̩	p l æ s t ɹ̩ d	p l æ s t ɹ̩ d	ʃ o ʊ l d ɹ̩	ʃ o ʊ l d ɹ̩ d	ʃ o ʊ l d ɹ̩ d	p l æ s t ɹ̩ d	1	1	reg_d	reg_d	reg_d
model_stem	f a ɪ t	f ɔ t	f a ɪ t ə d	b a ɪ t	b ɪ t	b ɪ t	f ɪ t	0	0	vowel_change	reg_əd	vowel_change
model_stem	t r æ k	t r æ k t	t r æ k t	ə t æ k	ə t æ k t	ə t æ k t	t r æ k t	1	1	reg_t	reg_t	reg_t
model_stem	s o ʊ	s o ʊ d	s o ʊ d	r o ʊ	r o ʊ d	r o ʊ d	s o ʊ d	1	1	reg_d	reg_d	reg_d
model_stem	m ɛ l t	m ɛ l t ə d	m ɛ l t ə d	s p ɑː t	s p ɑː t ə d	s p ɑː t ə d	m ɛ l t ə d	1	1	reg_əd	reg_əd	reg_əd
model_stem	ɡ l ʌ v	ɡ l ʌ v d	ɡ l ʌ v d	d a ɪ v	d o ʊ v	d o ʊ v	NA	0	0	reg_d	reg_d	vowel_change
model_stem	t͡ʃ ɑː r d͡ʒ	t͡ʃ ɑː r d͡ʒ d	t͡ʃ ɑː r d͡ʒ d	b r ɪ d͡ʒ	b r ɪ d͡ʒ d	b r ɪ d͡ʒ d	t͡ʃ ɑː r d͡ʒ d	1	1	reg_d	reg_d	reg_d
model_stem	l ɪ k	l ɪ k t	l ɪ k t	k ɪ k	k ɪ k t	k ɪ k t	l ɪ k t	1	1	reg_t	reg_t	reg_t
model_stem	d ɪ l ɪ v ɹ̩	d ɪ l ɪ v ɹ̩ d	d ɪ l ɪ v ɹ̩ d	r ɪ t a ɪ ɹ̩	r ɪ t a ɪ ɹ̩ d	r ɪ t a ɪ ɹ̩ d	d ɪ l ɪ v ɹ̩ d	1	1	reg_d	reg_d	reg_d
model_stem	b ʌ m p	b ʌ m p t	b ʌ m p t	d ʌ m p	d ʌ m p t	d ʌ m p t	b ʌ m p t	1	1	reg_t	reg_t	reg_t
model_stem	a ɪ	a ɪ d	a ɪ d	ʃ a ɪ	ʃ a ɪ d	ʃ a ɪ d	a ɪ d	1	1	reg_d	reg_d	reg_d
model_stem	k iː	k iː d	k iː d	p iː	p iː d	p iː d	k iː d	1	1	reg_d	reg_d	reg_d
model_stem	s ɪ z ə l	s ɪ z ə l d	s ɪ z ə l d	s ɛ t ə l	s ɛ t ə l d	s ɛ t ə l d	s ɪ z ə l d	1	1	reg_d	reg_d	reg_d
model_stem	ɪ r e ɪ s	ɪ r e ɪ s t	ɪ r e ɪ s t	ɡ r e ɪ s	ɡ r e ɪ s t	ɡ r e ɪ s t	ɪ r e ɪ s t	1	1	reg_t	reg_t	reg_t
model_stem	s ɹ̩ a ʊ n d	s ɹ̩ a ʊ n d ə d	s ɹ̩ a ʊ n d ə d	s k o ʊ l d	s k o ʊ l d ə d	s k o ʊ l d ə d	s ɹ̩ a ʊ n d ə d	1	1	reg_əd	reg_əd	reg_əd
model_stem	s k ɪ p	s k ɪ p t	s k ɪ p t	k l ɪ p	k l ɪ p t	k l ɪ p t	s k ɪ p t	1	1	reg_t	reg_t	reg_t
model_stem	d ɑː k t ɹ̩	d ɑː k t ɹ̩ d	d ɑː k t ɹ̩ d	k l ʌ t ɹ̩	k l ʌ t ɹ̩ d	k l ʌ t ɹ̩ d	d ɑː k t ɹ̩ d	1	1	reg_d	reg_d	reg_d
model_stem	s e ɪ l	s e ɪ l d	s e ɪ l d	d͡ʒ e ɪ l	d͡ʒ e ɪ l d	d͡ʒ e ɪ l d	s e ɪ l d	1	1	reg_d	reg_d	reg_d
model_stem	ɪ n t ə r ɛ s t	ɪ n t ə r ɛ s t ə d	ɪ n t ə r ɛ s t ə d	d ɪ s t r ʌ k t	d ɪ s t r ʌ k t ə d	d ɪ s t r ʌ k t ə d	ɪ n t ə r ɛ s t ə d	1	1	reg_əd	reg_əd	reg_əd
model_stem	t r e ɪ s	t r e ɪ s t	t r e ɪ s t	p l e ɪ s	p l e ɪ s t	p l e ɪ s t	t r e ɪ s t	1	1	reg_t	reg_t	reg_t
model_stem	a ɪ ɹ̩ n	a ɪ ɹ̩ n d	a ɪ ɹ̩ n d	d ɑː r n	d ɑː r n d	d ɑː r n d	a ɪ ɹ̩ n d	1	1	reg_d	reg_d	reg_d
model_stem	iː v ɪ n	iː v ɪ n d	iː v ɪ n d	m a ɪ n	m a ɪ n d	m a ɪ n d	iː v ɪ n d	1	1	reg_d	reg_d	reg_d
model_stem	k o ʊ k s	k o ʊ k s t	k o ʊ k s t	r iː l iː s	r iː l iː s t	r iː l iː s t	k o ʊ k s t	1	1	reg_t	reg_t	reg_t
model_stem	z ɪ r ɑː k s	z ɪ r ɑː k s t	z ɪ r ɑː k s t	r ɪ l æ k s	r ɪ l æ k s t	r ɪ l æ k s t	z ɪ r ɑː k s t	1	1	reg_t	reg_t	reg_t
model_stem	b ɛ n d	b ɛ n d ə d	b ɛ n t	b iː r d	b iː r d ə d	b iː r d ə d	b ɛ n d ə d	0	1	reg_əd	coda_change	reg_əd
model_stem	p o ʊ z	p o ʊ z d	p o ʊ z d	n o ʊ z	n o ʊ z d	n o ʊ z d	p o ʊ z d	1	1	reg_d	reg_d	reg_d
model_stem	p ɑː k ə t	p ɑː k ə t ə d	p ɑː k ə t ə d	p ɔ ɪ n t	p ɔ ɪ n t ə d	p ɔ ɪ n t ə d	p ɑː k ə t ə d	1	1	reg_əd	reg_əd	reg_əd
model_stem	f r a ɪ	f r a ɪ d	f r a ɪ d	f l a ɪ	f l uː	f l uː	f r uː	0	0	reg_d	reg_d	vowel_change
model_stem	h æ n d ə l	h æ n d ə l d	h æ n d ə l d	t ɪ ŋ k ə l	t ɪ ŋ k ə l d	t ɪ ŋ k ə l d	h æ n d ə l d	1	1	reg_d	reg_d	reg_d
model_stem	ə s o ʊ s iː e ɪ t	ə s o ʊ s iː e ɪ t ə d	ə s ʊ s æ k e ɪ t ə d	ɡ r æ v ə t e ɪ t	ɡ r æ v ə t e ɪ t ə d	ɡ r æ v ə t e ɪ t ə d	ə s o ʊ s iː e ɪ t ə d	0	1	reg_əd	other	reg_əd
model_stem	æ k t	æ k t ə d	æ k t ə d	p ɑː t	p ɑː t ə d	p ɑː t ə d	æ k t ə d	1	1	reg_əd	reg_əd	reg_əd
model_stem	r iː m uː v	r iː m uː v d	r iː m uː v d	r ɪ l iː v	r ɪ l iː v d	r ɪ l iː v d	r iː m uː v d	1	1	reg_d	reg_d	reg_d
model_stem	s l o ʊ	s l o ʊ d	s l o ʊ d	f l o ʊ	f l o ʊ d	f l o ʊ d	s l o ʊ d	1	1	reg_d	reg_d	reg_d
model_stem	s t r æ p	s t r æ p t	s t r æ p t	s t r ɪ p	s t r ɪ p t	s t r ɪ p t	s t r æ p t	1	1	reg_t	reg_t	reg_t
model_stem	d r e ɪ n	d r e ɪ n d	d r e ɪ n d	s t e ɪ n	s t e ɪ n d	s t e ɪ n d	d r e ɪ n d	1	1	reg_d	reg_d	reg_d
model_stem	p ɛ ɡ	p ɛ ɡ d	p ɛ ɡ d	b ɛ ɡ	b ɛ ɡ d	b ɛ ɡ d	p ɛ ɡ d	1	1	reg_d	reg_d	reg_d
model_stem	k ə m p l e ɪ n	k ə m p l e ɪ n d	k ə m p l e ɪ n d	ɪ k s p l e ɪ n	ɪ k s p l e ɪ n d	ɪ k s p l e ɪ n d	k ə m p l e ɪ n d	1	1	reg_d	reg_d	reg_d
model_stem	f ɛ n s	f ɛ n s t	f ɛ n s t	f e ɪ s	f e ɪ s t	f e ɪ s t	f ɛ n s t	1	1	reg_t	reg_t	reg_t
model_stem	k r iː e ɪ t	k r iː e ɪ t ə d	k r iː e ɪ t ə d	ɪ k w e ɪ t	ɪ k w e ɪ t ə d	ɪ k w e ɪ t ə d	k r iː e ɪ t ə d	1	1	reg_əd	reg_əd	reg_əd
model_stem	f l ʌ ʃ	f l ʌ ʃ t	f l ʌ ʃ t	b l ʌ ʃ	b l ʌ ʃ t	b l ʌ ʃ t	f l ʌ ʃ t	1	1	reg_t	reg_t	reg_t
model_stem	ɡ ɑː r d	ɡ ɑː r d ə d	ɡ ɑː r d ə d	l ɛ n d	l ɛ n t	l ɛ n t	ɡ ɑː r t	0	0	reg_əd	reg_əd	coda_change
model_stem	r ɪ ŋ k ə l	r ɪ ŋ k ə l d	r ɪ ŋ k ə l d	t ɪ ŋ k ə l	t ɪ ŋ k ə l d	t ɪ ŋ k ə l d	r ɪ ŋ k ə l d	1	1	reg_d	reg_d	reg_d
model_stem	s w iː p	s w ɛ p t	s w iː p t	s w uː p	s w uː p t	s w uː p t	s w iː p t	1	0	vowel_change_suffix	reg_t	reg_t
model_stem	s k ɛ d͡ʒ ʊ l	s k ɛ d͡ʒ ʊ l d	s k ɛ d͡ʒ ʊ l d	s ɪ ɡ n ə l	s ɪ ɡ n ə l d	s ɪ ɡ n ə l d	s k ɛ d͡ʒ ʊ l d	1	1	reg_d	reg_d	reg_d
model_stem	f ɹ̩ m ɛ n t	f ɹ̩ m ɛ n t ə d	f ɹ̩ m ɛ n t ə d	æ k s ɛ n t	æ k s ɛ n t ə d	æ k s ɛ n t ə d	f ɹ̩ m ɛ n t ə d	1	1	reg_əd	reg_əd	reg_əd
model_stem	p ʌ z ə l	p ʌ z ə l d	p ʌ z ə l d	p æ d ə l	p æ d ə l d	p æ d ə l d	p ʌ z ə l d	1	1	reg_d	reg_d	reg_d
model_stem	k l ɑː b ɹ̩	k l ɑː b ɹ̩ d	k l ɑː b ɹ̩ d	n ʌ m b ɹ̩	n ʌ m b ɹ̩ d	n ʌ m b ɹ̩ d	k l ɑː b ɹ̩ d	1	1	reg_d	reg_d	reg_d
model_stem	d ɪ n a ɪ	d ɪ n a ɪ d	d ɪ n a ɪ d	ə p l a ɪ	ə p l a ɪ d	ə p l a ɪ d	d ɪ n a ɪ d	1	1	reg_d	reg_d	reg_d
model_stem	e ɪ k	e ɪ k t	e ɪ k t	p ɪ k	p ɪ k t	p ɪ k t	e ɪ k t	1	1	reg_t	reg_t	reg_t
model_stem	l iː n	l iː n d	l ɛ n t	b ɹ̩ n	b ɹ̩ n d	b ɹ̩ n d	l iː n d	0	1	reg_d	vowel_change_suffix	reg_d
model_stem	ʃ ɪ v ɹ̩	ʃ ɪ v ɹ̩ d	ʃ ɪ v ɹ̩ d	w ɛ ð ɹ̩	w ɛ ð ɹ̩ d	w ɛ ð ɹ̩ d	ʃ ɪ v ɹ̩ d	1	1	reg_d	reg_d	reg_d
model_stem	f l ʌ d	f l ʌ d ə d	f l ʌ d ə d	f e ɪ d	f e ɪ d ə d	f e ɪ d ə d	f l ʌ d ə d	1	1	reg_əd	reg_əd	reg_əd
model_stem	w ɪ s k	w ɪ s k t	w ɪ s k t	w ɪ ŋ k	w ɪ ŋ k t	w ɪ ŋ k t	w ɪ s k t	1	1	reg_t	reg_t	reg_t
model_stem	k ə n t r o ʊ l	k ə n t r o ʊ l d	k ə n t r o ʊ l d	b a ɪ s ɪ k ə l	b a ɪ s ɪ k ə l d	b a ɪ s ɪ k ə l d	k ə n t r o ʊ l d	1	1	reg_d	reg_d	reg_d
model_stem	b ɑː t ə m	b ɑː t ə m d	b ɑː t ə m d	s k r iː m	s k r iː m d	s k r iː m d	b ɑː t ə m d	1	1	reg_d	reg_d	reg_d
model_stem	w ɔ r n	w ɔ r n d	w ɔ r n d	m ɔ r n	m ɔ r n d	m ɔ r n d	w ɔ r n d	1	1	reg_d	reg_d	reg_d
model_stem	b ɛ r iː	b ɛ r iː d	b ɛ r iː d	h ɛ r iː	h ɛ r iː d	h ɛ r iː d	b ɛ r iː d	1	1	reg_d	reg_d	reg_d
model_stem	ɔ f ɹ̩	ɔ f ɹ̩ d	ɔ f ɹ̩ d	s t ɹ̩	s t ɹ̩ d	s t ɹ̩ d	ɔ f ɹ̩ d	1	1	reg_d	reg_d	reg_d
model_stem	b ɛ r	b o ʊ r	b ɛ r d	k ɛ r	k ɛ r d	k ɛ r d	b ɛ r d	1	0	vowel_change	reg_d	reg_d
model_stem	s l ɪ p	s l ɪ p t	s l ɪ p t	t a ɪ p	t a ɪ p t	t a ɪ p t	s l ɪ p t	1	1	reg_t	reg_t	reg_t
model_stem	t͡ʃ iː r	t͡ʃ iː r d	t͡ʃ iː r d	p iː r	p iː r d	p iː r d	t͡ʃ iː r d	1	1	reg_d	reg_d	reg_d
model_stem	r ɪ s k	r ɪ s k t	r ɪ s k t	θ æ ŋ k	θ æ ŋ k t	θ æ ŋ k t	r ɪ s k t	1	1	reg_t	reg_t	reg_t
model_stem	p ɛ t	p ɛ t ə d	p ɛ t	b ɛ t	b ɛ t	b ɛ t	p ɛ t	1	0	reg_əd	no_change	no_change
model_stem	t r ʌ s t	t r ʌ s t ə d	t r ʌ s t ə d	ə d͡ʒ ʌ s t	ə d͡ʒ ʌ s t ə d	ə d͡ʒ ʌ s t ə d	t r ʌ s t ə d	1	1	reg_əd	reg_əd	reg_əd
model_stem	ɪ n s t r ʌ k t	ɪ n s t r ʌ k t ə d	ɪ n s t r ʌ k t ə d	d ɪ s t r ʌ k t	d ɪ s t r ʌ k t ə d	d ɪ s t r ʌ k t ə d	ɪ n s t r ʌ k t ə d	1	1	reg_əd	reg_əd	reg_əd
model_stem	t͡ʃ ɪ k ə n	t͡ʃ ɪ k ə n d	t͡ʃ ɪ k ə n d	w iː k ə n	w iː k ə n d	w iː k ə n d	t͡ʃ ɪ k ə n d	1	1	reg_d	reg_d	reg_d
model_stem	p r iː p ɛ r	p r iː p ɛ r d	p r iː p ɛ r d	ɪ m p l ɔ r	ɪ m p l ɔ r d	ɪ m p l ɔ r d	p r iː p ɛ r d	1	1	reg_d	reg_d	reg_d
model_stem	h æ m ɹ̩	h æ m ɹ̩ d	h æ m ɹ̩ d	m ɹ̩ d ɹ̩	m ɹ̩ d ɹ̩ d	m ɹ̩ d ɹ̩ d	h æ m ɹ̩ d	1	1	reg_d	reg_d	reg_d
model_stem	s p r ɪ ŋ k ə l	s p r ɪ ŋ k ə l d	s p r æ ŋ k ə l d	b a ɪ s ɪ k ə l	b a ɪ s ɪ k ə l d	b a ɪ s ɪ k ə l d	s p r ɪ ŋ k ə l d	0	1	reg_d	other	reg_d
model_stem	r ɛ s ə l	r ɛ s ə l d	r ɛ s ə l d	f ɪ d ə l	f ɪ d ə l d	f ɪ d ə l d	r ɛ s ə l d	1	1	reg_d	reg_d	reg_d
model_stem	h ɛ m	h ɛ m d	h ɛ m d	θ ʌ m	θ ʌ m d	θ ʌ m d	h ɛ m d	1	1	reg_d	reg_d	reg_d
model_stem	p l æ n	p l æ n d	p l æ n d	m o ʊ n	m o ʊ n d	m o ʊ n d	p l æ n d	1	1	reg_d	reg_d	reg_d
model_stem	s t æ ʃ	s t æ ʃ t	s t æ ʃ t	s m æ ʃ	s m æ ʃ t	s m æ ʃ t	s t æ ʃ t	1	1	reg_t	reg_t	reg_t
model_stem	m ɑː r k	m ɑː r k t	m ɑː r k t	b ɑː r k	b ɑː r k t	b ɑː r k t	m ɑː r k t	1	1	reg_t	reg_t	reg_t
model_stem	k e ɪ v	k e ɪ v d	k e ɪ v d	s e ɪ v	s e ɪ v d	s e ɪ v d	k e ɪ v d	1	1	reg_d	reg_d	reg_d
model_stem	k ɹ̩ l	k ɹ̩ l d	k ɹ̩ l d	s iː l	s iː l d	s iː l d	k ɹ̩ l d	1	1	reg_d	reg_d	reg_d
model_stem	p r e ɪ z	p r e ɪ z d	p r e ɪ z d	b r e ɪ v	b r e ɪ v d	b r e ɪ v d	p r e ɪ z d	1	1	reg_d	reg_d	reg_d
model_stem	d æ m	d æ m d	d æ m d	k ʌ m	k e ɪ m	k e ɪ m	NA	0	0	reg_d	reg_d	vowel_change
model_stem	f l ʌ t ɹ̩	f l ʌ t ɹ̩ d	f l ʌ t ɹ̩ d	f ɪ l t ɹ̩	f ɪ l t ɹ̩ d	f ɪ l t ɹ̩ d	f l ʌ t ɹ̩ d	1	1	reg_d	reg_d	reg_d
model_stem	b ɛ l t	b ɛ l t ə d	b ɛ l t ə d	b l ɑː t	b l ɑː t ə d	b l ɑː t ə d	b ɛ l t ə d	1	1	reg_əd	reg_əd	reg_əd
model_stem	b ɔ l	b ɔ l d	b ɔ l d	k ɔ l	k ɔ l d	k ɔ l d	b ɔ l d	1	1	reg_d	reg_d	reg_d
model_stem	s k æ l ə p	s k æ l ə p t	s k æ l ə p t	s k r e ɪ p	s k r e ɪ p t	s k r e ɪ p t	s k æ l ə p t	1	1	reg_t	reg_t	reg_t
model_stem	k ə m p ɛ r	k ə m p ɛ r d	k ə m p ɛ r d	ɪ m p l ɔ r	ɪ m p l ɔ r d	ɪ m p l ɔ r d	k ə m p ɛ r d	1	1	reg_d	reg_d	reg_d
model_stem	b ɔ ɪ l	b ɔ ɪ l d	b ɔ ɪ l d	d r ɪ l	d r ɪ l d	d r ɪ l d	b ɔ ɪ l d	1	1	reg_d	reg_d	reg_d
model_stem	s k æ n	s k æ n d	s k æ n d	m o ʊ n	m o ʊ n d	m o ʊ n d	s k æ n d	1	1	reg_d	reg_d	reg_d
model_stem	r ɛ k ə m ɛ n d	r ɛ k ə m ɛ n d ə d	r ɛ k ə m ɛ n d	f a ɪ n d	f a ʊ n d	f a ʊ n d	NA	0	0	reg_əd	no_change	vowel_change
model_stem	t o ʊ	t o ʊ d	t o ʊ d	ʃ o ʊ	ʃ o ʊ d	ʃ o ʊ d	t o ʊ d	1	1	reg_d	reg_d	reg_d
model_stem	s t r ɛ s	s t r ɛ s t	s t r ɛ s t	s l a ɪ s	s l ɪ s ɪ s	s l a ɪ s t	NA	0	0	reg_t	reg_t	other
model_stem	b æ n d	b æ n d ə d	b æ n d ə d	b iː r d	b iː r d ə d	b iː r d ə d	b æ n d ə d	1	1	reg_əd	reg_əd	reg_əd
model_stem	b o ʊ s t	b o ʊ s t ə d	b o ʊ s t ə d	r o ʊ s t	r o ʊ s t ə d	r o ʊ s t ə d	b o ʊ s t ə d	1	1	reg_əd	reg_əd	reg_əd
model_stem	r ɛ s k j uː	r ɛ s k j uː d	r ɛ s k j uː d	s ə p o ʊ z	s ə p o ʊ z d	s ə p o ʊ z d	r ɛ s k j uː d	1	1	reg_d	reg_d	reg_d
model_stem	b ʌ s	b ʌ s t	b ʌ s t	m ɛ s	m ɛ s t	m ɛ s t	b ʌ s t	1	1	reg_t	reg_t	reg_t
model_stem	m ɑː r	m ɑː r d	m ɑː r d	f iː r	f iː r d	f iː r d	m ɑː r d	1	1	reg_d	reg_d	reg_d
model_stem	t ʌ m b ə l	t ʌ m b ə l d	t ʌ m b ə l d	t r ʌ b ə l	t r ʌ b ə l d	t r ʌ b ə l d	t ʌ m b ə l d	1	1	reg_d	reg_d	reg_d
model_stem	d ɪ s t r ɔ ɪ	d ɪ s t r ɔ ɪ d	d ɪ s t r ɔ r d	ɪ k s p l ɔ r	ɪ k s p l ɔ r d	ɪ k s p l ɔ r d	d ɪ s t r ɔ ɪ d	0	1	reg_d	rhyme_replaced	reg_d
model_stem	w æ ɡ	w æ ɡ d	w æ ɡ d	b æ ɡ	b æ ɡ d	b æ ɡ d	w æ ɡ d	1	1	reg_d	reg_d	reg_d
model_stem	p a ʊ ɹ̩	p a ʊ ɹ̩ d	p a ʊ ɹ̩ d	t a ʊ ɹ̩	t a ʊ ɹ̩ d	t a ʊ ɹ̩ d	p a ʊ ɹ̩ d	1	1	reg_d	reg_d	reg_d
model_stem	b l iː t͡ʃ	b l iː t͡ʃ t	b l ɛ t͡ʃ t	m ɑː r t͡ʃ	m ɑː r t͡ʃ t	m ɑː r t͡ʃ t	b l iː t͡ʃ t	0	1	reg_t	vowel_change_suffix	reg_t
model_stem	t æ ŋ ɡ ə l	t æ ŋ ɡ ə l d	t æ ŋ ɡ ə l d	d æ ŋ ɡ ə l	d æ ŋ ɡ ə l d	d æ ŋ ɡ ə l d	t æ ŋ ɡ ə l d	1	1	reg_d	reg_d	reg_d
model_stem	n ɔ	n ɔ d	n ɔ d	s ɔ	s ɔ d	s ɔ d	n ɔ d	1	1	reg_d	reg_d	reg_d
model_stem	r o ʊ m	r o ʊ m d	r o ʊ m d	t a ɪ m	t a ɪ m d	t a ɪ m d	r o ʊ m d	1	1	reg_d	reg_d	reg_d
model_stem	b l ɪ ŋ k	b l ɪ ŋ k t	b l æ ŋ k	d r ɪ ŋ k	d r æ ŋ k	d r æ ŋ k	b l æ ŋ k	1	0	reg_t	vowel_change	vowel_change
model_stem	t w ɹ̩ l	t w ɹ̩ l d	t w ɹ̩ l d	b o ʊ l	b o ʊ l d	b o ʊ l d	t w ɹ̩ l d	1	1	reg_d	reg_d	reg_d
model_stem	ə n b ʌ t ə n	ə n b ʌ t ə n d	ə n b ʌ t ə n d	f r a ɪ t ə n	f r a ɪ t ə n d	f r a ɪ t ə n d	ə n b ʌ t ə n d	1	1	reg_d	reg_d	reg_d
model_stem	θ r ɛ t ə n	θ r ɛ t ə n d	θ r ɛ t ə n d	ʃ ɑː r p ə n	ʃ ɑː r p ə n d	ʃ ɑː r p ə n d	θ r ɛ t ə n d	1	1	reg_d	reg_d	reg_d
model_stem	b ɛ l o ʊ	b ɛ l o ʊ d	b ɛ l o ʊ d	f ɑː l o ʊ	f ɑː l o ʊ d	f ɑː l o ʊ d	b ɛ l o ʊ d	1	1	reg_d	reg_d	reg_d
model_stem	s p ɛ ʃ ə l a ɪ z	s p ɛ ʃ ə l a ɪ z d	s p ɛ ʃ ə l a ɪ z d	æ k s ɛ s ɹ̩ a ɪ z	æ k s ɛ s ɹ̩ a ɪ z d	æ k s ɛ s ɹ̩ a ɪ z d	s p ɛ ʃ ə l a ɪ z d	1	1	reg_d	reg_d	reg_d
model_stem	ɪ n ɪ ʃ iː e ɪ t	ɪ n ɪ ʃ iː e ɪ t ə d	ɪ n ɪ ʃ ɪ e ɪ t ə d	f æ s ə n e ɪ t	f æ s ə n e ɪ t ə d	f æ s ə n e ɪ t ə d	ɪ n ɪ ʃ iː e ɪ t ə d	0	1	reg_əd	other	reg_əd
model_stem	p iː p	p iː p t	p iː p t	p ɑː p	p ɑː p t	p ɑː p t	p iː p t	1	1	reg_t	reg_t	reg_t
model_stem	ʃ ʌ f ə l	ʃ ʌ f ə l d	ʃ ʌ f ə l d	d͡ʒ ʌ ɡ ə l	d͡ʒ ʌ ɡ ə l d	d͡ʒ ʌ ɡ ə l d	ʃ ʌ f ə l d	1	1	reg_d	reg_d	reg_d
model_stem	ɪ n f l uː ə n s	ɪ n f l uː ə n s t	ɪ n f l uː n ə n d	p r ə n a ʊ n s	p r ə n a ʊ n s t	p r ə n a ʊ n s t	ɪ n f l uː ə n s t	0	1	reg_t	other	reg_t
model_stem	d a ʊ n	d a ʊ n d	d a ʊ n d	m o ʊ n	m o ʊ n d	m o ʊ n d	d a ʊ n d	1	1	reg_d	reg_d	reg_d
model_stem	d ɪ v ɛ l ə p	d ɪ v ɛ l ə p t	d ɪ v ɛ l ə p ə d	o ʊ v ɹ̩ l æ p	o ʊ v ɹ̩ l æ p t	o ʊ v ɹ̩ l æ p t	d ɪ v ɛ l ə p t	0	1	reg_t	reg_əd	reg_t
model_stem	s p e ɪ	s p e ɪ d	s p e ɪ d	s t e ɪ	s t e ɪ d	s t e ɪ d	s p e ɪ d	1	1	reg_d	reg_d	reg_d
model_stem	r iː p l e ɪ s	r iː p l e ɪ s t	r iː p l e ɪ s t	k ə n v ɪ n s	k ə n v ɪ n s t	k ə n v ɪ n s t	r iː p l e ɪ s t	1	1	reg_t	reg_t	reg_t
model_stem	s p ɔ ɪ l	s p ɔ ɪ l d	s p ɔ ɪ l d	s m a ɪ l	s m a ɪ l d	s m a ɪ l d	s p ɔ ɪ l d	1	1	reg_d	reg_d	reg_d
model_stem	l e ɪ b ə l	l e ɪ b ə l d	l e ɪ b ə l d	t e ɪ b ə l	t e ɪ b ə l d	t e ɪ b ə l d	l e ɪ b ə l d	1	1	reg_d	reg_d	reg_d
model_stem	d r ɪ b ə l	d r ɪ b ə l d	d r ɪ b ə l d	t r ʌ b ə l	t r ʌ b ə l d	t r ʌ b ə l d	d r ɪ b ə l d	1	1	reg_d	reg_d	reg_d
model_stem	t͡ʃ æ n ə l	t͡ʃ æ n ə l d	t͡ʃ æ n ə l d	w ɑː f ə l	w ɑː f ə l d	w ɑː f ə l d	t͡ʃ æ n ə l d	1	1	reg_d	reg_d	reg_d
model_stem	ɪ m p r uː v	ɪ m p r uː v d	ɪ m p r uː v d	b ɪ h e ɪ v	b ɪ h e ɪ v d	b ɪ h e ɪ v d	ɪ m p r uː v d	1	1	reg_d	reg_d	reg_d
model_stem	p r e ɪ	p r e ɪ d	p r e ɪ d	p l e ɪ	p l e ɪ d	p l e ɪ d	p r e ɪ d	1	1	reg_d	reg_d	reg_d
model_stem	w ɛ t	w ɛ t	w ɛ t	s ɛ t	s ɛ t	s ɛ t	w ɛ t	1	1	no_change	no_change	no_change
model_stem	s t r e ɪ n	s t r e ɪ n d	s t r e ɪ n d	p ɑː r d ə n	p ɑː r d ə n d	p ɑː r d ə n d	s t r e ɪ n d	1	1	reg_d	reg_d	reg_d
model_stem	m ɑː r b ə l	m ɑː r b ə l d	m ɑː r b ə l d	t r ʌ b ə l	t r ʌ b ə l d	t r ʌ b ə l d	m ɑː r b ə l d	1	1	reg_d	reg_d	reg_d
model_stem	ʃ ɛ l	ʃ ɛ l d	ʃ o ʊ l d	s ɛ l	s o ʊ l d	s o ʊ l d	ʃ o ʊ l d	1	0	reg_d	vowel_change_suffix	vowel_change_suffix
model_stem	k o ʊ ɑː p ɹ̩ e ɪ t	k o ʊ ɑː p ɹ̩ e ɪ t ə d	k o ʊ ɑː p ɹ̩ e ɪ t ə d	d uː p l ə k e ɪ t	d uː p l ə k e ɪ t ə d	d uː p l ə k e ɪ t ə d	k o ʊ ɑː p ɹ̩ e ɪ t ə d	1	1	reg_əd	reg_əd	reg_əd
model_stem	ɡ r e ɪ t	ɡ r e ɪ t ə d	ɡ r e ɪ t ə d	s t e ɪ t	s t e ɪ t ə d	s t e ɪ t ə d	ɡ r e ɪ t ə d	1	1	reg_əd	reg_əd	reg_əd
model_stem	f ɔ r m j ə l e ɪ t	f ɔ r m j ə l e ɪ t ə d	f ɔ r b ə l j ə l e ɪ t ə d	æ n t ɪ s ə p e ɪ t	æ n t ɪ s ə p e ɪ t ə d	æ n t ɪ s ə p e ɪ t ə d	f ɔ r m j ə l e ɪ t ə d	0	1	reg_əd	other	reg_əd
model_stem	k æ n s ə l	k æ n s ə l d	k æ n s ə l d	t r æ v ə l	t r æ v ə l d	t r æ v ə l d	k æ n s ə l d	1	1	reg_d	reg_d	reg_d
model_stem	d ɪ s k ʌ v ɹ̩	d ɪ s k ʌ v ɹ̩ d	d ɪ s k ʌ v ɹ̩ d	r ɛ d͡ʒ ɪ s t ɹ̩	r ɛ d͡ʒ ɪ s t ɹ̩ d	r ɛ d͡ʒ ɪ s t ɹ̩ d	d ɪ s k ʌ v ɹ̩ d	1	1	reg_d	reg_d	reg_d
model_stem	ə m e ɪ z	ə m e ɪ z d	ə m e ɪ z d	k l o ʊ z	k l o ʊ z d	k l o ʊ z d	ə m e ɪ z d	1	1	reg_d	reg_d	reg_d
model_stem	f æ n s iː	f æ n s iː d	f æ n s iː d	p ɑː r t iː	p ɑː r t iː d	p ɑː r t iː d	f æ n s iː d	1	1	reg_d	reg_d	reg_d
model_stem	æ n ə l a ɪ z	æ n ə l a ɪ z d	æ n ə l a ɪ z d	m ɛ m ɹ̩ a ɪ z	m ɛ m ɹ̩ a ɪ z d	m ɛ m ɹ̩ a ɪ z d	æ n ə l a ɪ z d	1	1	reg_d	reg_d	reg_d
model_stem	t e ɪ l ɹ̩	t e ɪ l ɹ̩ d	t e ɪ l ɹ̩ d	f e ɪ v ɹ̩	f e ɪ v ɹ̩ d	f e ɪ v ɹ̩ d	t e ɪ l ɹ̩ d	1	1	reg_d	reg_d	reg_d
model_stem	p ɑː r t͡ʃ	p ɑː r t͡ʃ t	p ɑː r t͡ʃ t	m ɑː r t͡ʃ	m ɑː r t͡ʃ t	m ɑː r t͡ʃ t	p ɑː r t͡ʃ t	1	1	reg_t	reg_t	reg_t
model_stem	b ɪ d	b e ɪ d	b ɪ d ə d	k ɪ d	k ɪ d ə d	k ɪ d ə d	b ɪ d ə d	1	0	vowel_change	reg_əd	reg_əd
model_stem	s o ʊ k	s o ʊ k t	s o ʊ k t	m e ɪ k	m e ɪ d	m e ɪ d	s o ʊ d	0	0	reg_t	reg_t	coda_change
model_stem	s uː	s uː d	s uː d	s iː	s ɔ	s ɔ	NA	0	0	reg_d	reg_d	vowel_change
model_stem	f æ n	f æ n d	f æ n d	r ʌ n	r æ n	r æ n	NA	0	0	reg_d	reg_d	vowel_change
model_stem	f r ɛ k ə l	f r ɛ k ə l d	f r ɛ k ə l d	t r ʌ b ə l	t r ʌ b ə l d	t r ʌ b ə l d	f r ɛ k ə l d	1	1	reg_d	reg_d	reg_d
model_stem	ə n d uː	ə n d ɪ d	ə n d uː d	s k r uː	s k r uː d	s k r uː d	ə n d uː d	1	0	vowel_change_suffix	reg_d	reg_d
model_stem	θ ʌ m p	θ ʌ m p t	θ ʌ m p t	d ʌ m p	d ʌ m p t	d ʌ m p t	θ ʌ m p t	1	1	reg_t	reg_t	reg_t
model_stem	w ɑː b ə l	w ɑː b ə l d	w ɑː b ə l d	b ʌ b ə l	b ʌ b ə l d	b ʌ b ə l d	w ɑː b ə l d	1	1	reg_d	reg_d	reg_d
model_stem	ɡ r ɪ l	ɡ r ɪ l d	ɡ r ɪ l d	d͡ʒ e ɪ l	d͡ʒ e ɪ l d	d͡ʒ e ɪ l d	ɡ r ɪ l d	1	1	reg_d	reg_d	reg_d
model_stem	ə s uː m	ə s uː m d	ə s uː m d	s t iː m	s t iː m d	s t iː m d	ə s uː m d	1	1	reg_d	reg_d	reg_d
model_stem	z ɪ ɡ z æ ɡ	z ɪ ɡ z æ ɡ d	z ɪ ɡ z æ ɡ d	ə n p l ʌ ɡ	ə n p l ʌ ɡ d	ə n p l ʌ ɡ d	z ɪ ɡ z æ ɡ d	1	1	reg_d	reg_d	reg_d
model_stem	p ɛ r ə ʃ uː t	p ɛ r ə ʃ uː t ə d	p ɛ r ə ʃ ə t ə d	r ɪ k w ɛ s t	r ɪ k w ɛ s t ə d	r ɪ k w ɛ s t ə d	p ɛ r ə ʃ uː t ə d	0	1	reg_əd	other	reg_əd
model_stem	ɛ ɡ	ɛ ɡ d	ɛ ɡ d	b ɛ ɡ	b ɛ ɡ d	b ɛ ɡ d	ɛ ɡ d	1	1	reg_d	reg_d	reg_d
model_stem	l o ʊ k e ɪ t	l o ʊ k e ɪ t ə d	l o ʊ k e ɪ t ə d	d o ʊ n e ɪ t	d o ʊ n e ɪ t ə d	d o ʊ n e ɪ t ə d	l o ʊ k e ɪ t ə d	1	1	reg_əd	reg_əd	reg_əd
model_stem	n e ɪ l	n e ɪ l d	n e ɪ l d	d͡ʒ e ɪ l	d͡ʒ e ɪ l d	d͡ʒ e ɪ l d	n e ɪ l d	1	1	reg_d	reg_d	reg_d
model_stem	f a ɪ n	f a ɪ n d	f a ɪ n d	l a ɪ n	l a ɪ n d	l a ɪ n d	f a ɪ n d	1	1	reg_d	reg_d	reg_d
model_stem	ʃ r ɪ v ə l	ʃ r ɪ v ə l d	ʃ r ɪ v ə l d	t r æ v ə l	t r æ v ə l d	t r æ v ə l d	ʃ r ɪ v ə l d	1	1	reg_d	reg_d	reg_d
model_stem	t͡ʃ a ɪ m	t͡ʃ a ɪ m d	t͡ʃ a ɪ m d	t a ɪ m	t a ɪ m d	t a ɪ m d	t͡ʃ a ɪ m d	1	1	reg_d	reg_d	reg_d
model_stem	ɪ v æ p ɹ̩ e ɪ t	ɪ v æ p ɹ̩ e ɪ t ə d	ɪ v æ p ɹ̩ e ɪ t ə d	l æ m ə n e ɪ t	l æ m ə n e ɪ t ə d	l æ m ə n e ɪ t ə d	ɪ v æ p ɹ̩ e ɪ t ə d	1	1	reg_əd	reg_əd	reg_əd
model_stem	ɑː k j ə p a ɪ	ɑː k j ə p a ɪ d	ɑː k j ə p a ɪ d	k r uː s ə f a ɪ	k r uː s ə f a ɪ d	k r uː s ə f a ɪ d	ɑː k j ə p a ɪ d	1	1	reg_d	reg_d	reg_d
model_stem	k l ɑː ɡ	k l ɑː ɡ d	k l ɑː ɡ d	s n æ ɡ	s n æ ɡ d	s n æ ɡ d	k l ɑː ɡ d	1	1	reg_d	reg_d	reg_d
model_stem	m æ p	m æ p t	m æ p t	k æ p	k æ p t	k æ p t	m æ p t	1	1	reg_t	reg_t	reg_t
model_stem	ɡ e ɪ z	ɡ e ɪ z d	ɡ e ɪ z d	r e ɪ z	r e ɪ z d	r e ɪ z d	ɡ e ɪ z d	1	1	reg_d	reg_d	reg_d
model_stem	s k æ t ɹ̩	s k æ t ɹ̩ d	s k æ t ɹ̩ d	k l ʌ t ɹ̩	k l ʌ t ɹ̩ d	k l ʌ t ɹ̩ d	s k æ t ɹ̩ d	1	1	reg_d	reg_d	reg_d
model_stem	s n ɑː r ə l	s n ɑː r ə l d	s n ɑː r ə l d	s ɪ ɡ n ə l	s ɪ ɡ n ə l d	s ɪ ɡ n ə l d	s n ɑː r ə l d	1	1	reg_d	reg_d	reg_d
model_stem	f l e ɪ v ɹ̩	f l e ɪ v ɹ̩ d	f l e ɪ v ɹ̩ d	r ɪ t a ɪ ɹ̩	r ɪ t a ɪ ɹ̩ d	r ɪ t a ɪ ɹ̩ d	f l e ɪ v ɹ̩ d	1	1	reg_d	reg_d	reg_d
model_stem	ɪ d͡ʒ ɛ k t	ɪ d͡ʒ ɛ k t ə d	ɪ d͡ʒ ɛ k t ə d	ə f ɛ k t	ə f ɛ k t ə d	ə f ɛ k t ə d	ɪ d͡ʒ ɛ k t ə d	1	1	reg_əd	reg_əd	reg_əd
model_stem	r iː æ k t	r iː æ k t ə d	r iː æ k t ə d	b l æ s t	b l æ s t ə d	b l æ s t ə d	r iː æ k t ə d	1	1	reg_əd	reg_əd	reg_əd
model_stem	s t e ɪ p ə l	s t e ɪ p ə l d	s t e ɪ p ə l d	s k r ɪ b ə l	s k r ɪ b ə l d	s k r ɪ b ə l d	s t e ɪ p ə l d	1	1	reg_d	reg_d	reg_d
model_stem	ɪ k s p l o ʊ d	ɪ k s p l o ʊ d ə d	ɪ k s p l o ʊ d	f a ɪ n d	f a ʊ n d	f a ʊ n d	NA	0	0	reg_əd	no_change	vowel_change
model_stem	r ɪ z ɛ m b ə l	r ɪ z ɛ m b ə l d	r ɪ z ɛ m b ə l d	s k r æ m b ə l	s k r æ m b ə l d	s k r æ m b ə l d	r ɪ z ɛ m b ə l d	1	1	reg_d	reg_d	reg_d
model_stem	s w ɪ v ə l	s w ɪ v ə l d	s w ɪ v ə l d	s ɪ ɡ n ə l	s ɪ ɡ n ə l d	s ɪ ɡ n ə l d	s w ɪ v ə l d	1	1	reg_d	reg_d	reg_d
model_stem	w æ k s	w æ k s t	w æ k s t	m æ k s	m æ k s t	m æ k s t	w æ k s t	1	1	reg_t	reg_t	reg_t
model_stem	s k r a ʊ n d͡ʒ	s k r a ʊ n d͡ʒ d	s k r a ʊ n d͡ʒ d	r iː ɹ̩ e ɪ n d͡ʒ	r iː ɹ̩ e ɪ n d͡ʒ d	r iː ɹ̩ e ɪ n d͡ʒ d	s k r a ʊ n d͡ʒ d	1	1	reg_d	reg_d	reg_d
model_stem	ɔ r ɡ ə n a ɪ z	ɔ r ɡ ə n a ɪ z d	ɔ r ɡ ə n a ɪ z d	ɛ k s ɹ̩ s a ɪ z	ɛ k s ɹ̩ s a ɪ z d	ɛ k s ɹ̩ s a ɪ z d	ɔ r ɡ ə n a ɪ z d	1	1	reg_d	reg_d	reg_d
model_stem	d ɪ z a ɪ n	d ɪ z a ɪ n d	d ɪ z a ɪ n d	p ɔ ɪ z ə n	p ɔ ɪ z ə n d	p ɔ ɪ z ə n d	d ɪ z a ɪ n d	1	1	reg_d	reg_d	reg_d
model_decision	s e ɪ	s ɛ d	s e ɪ d	s a ɪ	s a ɪ d	s a ɪ d	s e ɪ d	1	0	vowel_change_suffix	reg_d	reg_d
model_decision	ɡ o ʊ	w ɛ n t	ɡ o ʊ d	ʃ o ʊ	ʃ o ʊ d	ʃ o ʊ d	ɡ o ʊ d	1	0	other	reg_d	reg_d
model_decision	h æ p ə n	h æ p ə n d	h æ p ə n d	o ʊ p ə n	o ʊ p ə n d	o ʊ p ə n d	h æ p ə n d	1	1	reg_d	reg_d	reg_d
model_decision	k æ t͡ʃ	k ɔ t	k æ t͡ʃ t	h æ t͡ʃ	h æ t͡ʃ t	h æ t͡ʃ t	k æ t͡ʃ t	1	0	rhyme_replaced	reg_t	reg_t
model_decision	l ʌ v	l ʌ v d	l ʌ v d	ʃ ʌ v	ʃ ʌ v d	ʃ ʌ v d	l ʌ v d	1	1	reg_d	reg_d	reg_d
model_decision	w ɹ̩ k	w ɹ̩ k t	w ɹ̩ k t	d͡ʒ ɹ̩ k	d͡ʒ ɹ̩ k t	d͡ʒ ɹ̩ k t	w ɹ̩ k t	1	1	reg_t	reg_t	reg_t
model_decision	k ʌ t	k ʌ t	k e ɪ t	k ʌ m	k e ɪ m	k e ɪ m	NA	0	0	no_change	vowel_change	vowel_change
model_decision	n iː d	n iː d ə d	n iː d ə d	b iː d	b iː d ə d	b iː d ə d	n iː d ə d	1	1	reg_əd	reg_əd	reg_əd
model_decision	z ɪ p ɹ̩	z ɪ p ɹ̩ d	z ɪ p ɹ̩ d	l ɪ t ɹ̩	l ɪ t ɹ̩ d	l ɪ t ɹ̩ d	z ɪ p ɹ̩ d	1	1	reg_d	reg_d	reg_d
model_decision	b a ɪ	b ɔ t	b a ɪ d	l e ɪ	l e ɪ d	l e ɪ d	b a ɪ d	1	0	vowel_change_suffix	reg_d	reg_d
model_decision	m iː t	m ɛ t	m iː t ə d	h iː t	h iː t ə d	h iː t ə d	m iː t ə d	1	0	vowel_change	reg_əd	reg_əd
model_decision	m e ɪ l	m e ɪ l d	m e ɪ l d	d͡ʒ e ɪ l	d͡ʒ e ɪ l d	d͡ʒ e ɪ l d	m e ɪ l d	1	1	reg_d	reg_d	reg_d
model_decision	t iː t͡ʃ	t ɔ t	t iː t͡ʃ t	t ʌ t͡ʃ	t ʌ t͡ʃ t	t ʌ t͡ʃ t	t iː t͡ʃ t	1	0	rhyme_replaced	reg_t	reg_t
model_decision	s p ɛ n d	s p ɛ n t	s p ɛ n d ə d	s a ʊ n d	s a ʊ n d ə d	s a ʊ n d ə d	s p ɛ n d ə d	1	0	coda_change	reg_əd	reg_əd
model_decision	h æ n d	h æ n d ə d	h æ n d ə d	s æ n d	s æ n d ə d	s æ n d ə d	h æ n d ə d	1	1	reg_əd	reg_əd	reg_əd
model_decision	m ɛ r iː	m ɛ r iː d	m ɛ r iː d	h ɛ r iː	h ɛ r iː d	h ɛ r iː d	m ɛ r iː d	1	1	reg_d	reg_d	reg_d
model_decision	r ɛ d iː	r ɛ d iː d	r ɛ d iː d	m ʌ d iː	m ʌ d iː d	m ʌ d iː d	r ɛ d iː d	1	1	reg_d	reg_d	reg_d
model_decision	f l o ʊ t	f l o ʊ t ə d	f l o ʊ t ə d	k w o ʊ t	k w o ʊ t ə d	k w o ʊ t ə d	f l o ʊ t ə d	1	1	reg_əd	reg_əd	reg_əd
model_decision	s k w ɹ̩ t	s k w ɹ̩ t ə d	s k w ɹ̩ t ə d	v ɪ z ɪ t	v ɪ z ɪ t ə d	v ɪ z ɪ t ə d	s k w ɹ̩ t ə d	1	1	reg_əd	reg_əd	reg_əd
model_decision	w ɔ k	w ɔ k t	w ɔ k t	t͡ʃ ɔ k	t͡ʃ ɔ k t	t͡ʃ ɔ k t	w ɔ k t	1	1	reg_t	reg_t	reg_t
model_decision	f ɪ k s	f ɪ k s t	f ɪ k s t	b ɑː k s	b ɑː k s t	b ɑː k s t	f ɪ k s t	1	1	reg_t	reg_t	reg_t
model_decision	p r æ k t ɪ s	p r æ k t ɪ s t	p r æ k t ɪ s t	k ə n v ɪ n s	k ə n v ɪ n s t	k ə n v ɪ n s t	p r æ k t ɪ s t	1	1	reg_t	reg_t	reg_t
model_decision	k iː p	k ɛ p t	k iː p t	s iː p	s iː p t	s iː p t	k iː p t	1	0	vowel_change_suffix	reg_t	reg_t
model_decision	n ɪ b ə l	n ɪ b ə l d	n ɪ b ə l d	n ʌ k ə l	n ʌ k ə l d	n ʌ k ə l d	n ɪ b ə l d	1	1	reg_d	reg_d	reg_d
model_decision	w uː	w uː d	w uː d	t͡ʃ uː	t͡ʃ uː d	t͡ʃ uː d	w uː d	1	1	reg_d	reg_d	reg_d
model_decision	k ɪ l	k ɪ l d	k ɪ l d	k uː l	k uː l d	k uː l d	k ɪ l d	1	1	reg_d	reg_d	reg_d
model_decision	k æ r iː	k æ r iː d	k æ r iː d	h ɛ r iː	h ɛ r iː d	h ɛ r iː d	k æ r iː d	1	1	reg_d	reg_d	reg_d
model_decision	ɹ̩ n	ɹ̩ n d	ɹ̩ n d	b ɹ̩ n	b ɹ̩ n d	b ɹ̩ n d	ɹ̩ n d	1	1	reg_d	reg_d	reg_d
model_decision	k ə l ɛ k t	k ə l ɛ k t ə d	k ə l ɛ k t ə d	k ə n ɛ k t	k ə n ɛ k t ə d	k ə n ɛ k t ə d	k ə l ɛ k t ə d	1	1	reg_əd	reg_əd	reg_əd
model_decision	d æ n s	d æ n s t	d æ n s t	b e ɪ s	b e ɪ s t	b e ɪ s t	d æ n s t	1	1	reg_t	reg_t	reg_t
model_decision	d r ɔ	d r uː	d r ɔ d	k l ɔ	k l ɔ d	k l ɔ d	d r ɔ d	1	0	vowel_change	reg_d	reg_d
model_decision	p r a ɪ	p r a ɪ d	p r a ɪ d	p l a ɪ	p l a ɪ d	p l a ɪ d	p r a ɪ d	1	1	reg_d	reg_d	reg_d
model_decision	ɪ n v a ɪ t	ɪ n v a ɪ t ə d	ɪ n v a ɪ t ə d	ɪ k s a ɪ t	ɪ k s a ɪ t ə d	ɪ k s a ɪ t ə d	ɪ n v a ɪ t ə d	1	1	reg_əd	reg_əd	reg_əd
model_decision	r iː ə l a ɪ z	r iː ə l a ɪ z d	r iː ə l a ɪ z d	m ɛ m ɹ̩ a ɪ z	m ɛ m ɹ̩ a ɪ z d	m ɛ m ɹ̩ a ɪ z d	r iː ə l a ɪ z d	1	1	reg_d	reg_d	reg_d
model_decision	d r ɛ s	d r ɛ s t	d r ɛ s t	b l ɛ s	b l ɛ s t	b l ɛ s t	d r ɛ s t	1	1	reg_t	reg_t	reg_t
model_decision	t r æ n z m ɪ t	t r æ n z m ɪ t ə d	t r æ n m e ɪ t ə d	r iː d	r ɛ d	r ɛ d	NA	0	0	reg_əd	other	vowel_change
model_decision	ʃ uː	ʃ uː d	ʃ uː	ɛ r	ɛ r d	ɛ r d	ʃ uː d	0	1	reg_d	no_change	reg_d
model_decision	p iː s	p iː s t	p iː s t	l uː s	l uː s t	l uː s t	p iː s t	1	1	reg_t	reg_t	reg_t
model_decision	d ɛ r	d ɛ r d	d ɛ r d	k ɛ r	k ɛ r d	k ɛ r d	d ɛ r d	1	1	reg_d	reg_d	reg_d
model_decision	b ɪ l d	b ɪ l t	b ɪ l d ə d	b iː r d	b iː r d ə d	b iː r d ə d	b ɪ l d ə d	1	0	coda_change	reg_əd	reg_əd
model_decision	w ɪ n	w ʌ n	w ɪ n d	o ʊ n	o ʊ n d	o ʊ n d	w ɪ n d	1	0	vowel_change	reg_d	reg_d
model_decision	k l a ɪ m	k l a ɪ m d	k l a ɪ m d	s k r iː m	s k r iː m d	s k r iː m d	k l a ɪ m d	1	1	reg_d	reg_d	reg_d
model_decision	s t ʌ f	s t ʌ f t	s t ʌ f t	s n ʌ f	s n ʌ f t	s n ʌ f t	s t ʌ f t	1	1	reg_t	reg_t	reg_t
model_decision	s t æ n d	s t ʊ d	s t æ n d ə d	s a ʊ n d	s a ʊ n d ə d	s a ʊ n d ə d	s t æ n d ə d	1	0	rhyme_replaced	reg_əd	reg_əd
model_decision	d a ɪ s	d a ɪ s t	d o ʊ s t	d a ɪ v	d o ʊ v	d o ʊ v	NA	0	0	reg_t	vowel_change_suffix	vowel_change
model_decision	k o ʊ m	k o ʊ m d	k o ʊ m d	s l æ m	s l æ m d	s l æ m d	k o ʊ m d	1	1	reg_d	reg_d	reg_d
model_decision	ɡ r o ʊ	ɡ r uː	ɡ r o ʊ d	ɡ l o ʊ	ɡ l o ʊ d	ɡ l o ʊ d	ɡ r o ʊ d	1	0	vowel_change	reg_d	reg_d
model_decision	b ʌ t ɹ̩	b ʌ t ɹ̩ d	b ʌ t ɹ̩ d	b ɛ t ɹ̩	b ɛ t ɹ̩ d	b ɛ t ɹ̩ d	b ʌ t ɹ̩ d	1	1	reg_d	reg_d	reg_d
model_decision	ə p s ɛ t	ə p s ɛ t	ə p s ɛ t ə d	ə d͡ʒ ʌ s t	ə d͡ʒ ʌ s t ə d	ə d͡ʒ ʌ s t ə d	ə p s ɛ t ə d	1	0	no_change	reg_əd	reg_əd
model_decision	b ɑː r	b ɑː r d	b ɑː r d	b ɔ r	b ɔ r d	b ɔ r d	b ɑː r d	1	1	reg_d	reg_d	reg_d
model_decision	m ɪ k s	m ɪ k s t	m ɪ k s t	m æ k s	m æ k s t	m æ k s t	m ɪ k s t	1	1	reg_t	reg_t	reg_t
model_decision	l ɹ̩ n	l ɹ̩ n d	l ɹ̩ n d	b ɹ̩ n	b ɹ̩ n d	b ɹ̩ n d	l ɹ̩ n d	1	1	reg_d	reg_d	reg_d
model_decision	r æ t ə l	r æ t ə l d	r æ t ə l d	s ɛ t ə l	s ɛ t ə l d	s ɛ t ə l d	r æ t ə l d	1	1	reg_d	reg_d	reg_d
model_decision	l uː z	l ɔ s t	l uː z d	b ʌ z	b ʌ z d	b ʌ z d	l uː z d	1	0	rhyme_replaced	reg_d	reg_d
model_decision	p ɔ r	p ɔ r d	p ɔ r d	p iː r	p iː r d	p iː r d	p ɔ r d	1	1	reg_d	reg_d	reg_d
model_decision	m æ n	m æ n d	m æ n d	θ ɪ n	θ ɪ n d	θ ɪ n d	m æ n d	1	1	reg_d	reg_d	reg_d
model_decision	m æ t͡ʃ	m æ t͡ʃ t	m æ t͡ʃ t	h æ t͡ʃ	h æ t͡ʃ t	h æ t͡ʃ t	m æ t͡ʃ t	1	1	reg_t	reg_t	reg_t
model_decision	w ɑː n d ɹ̩	w ɑː n d ɹ̩ d	w ɑː n d ɹ̩ d	w ʌ n d ɹ̩	w ʌ n d ɹ̩ d	w ʌ n d ɹ̩ d	w ɑː n d ɹ̩ d	1	1	reg_d	reg_d	reg_d
model_decision	r iː m a ɪ n d	r iː m a ɪ n d ə d	r iː m a ɪ n d ə d	r ɪ s p ɑː n d	r ɪ s p ɑː n d ə d	r ɪ s p ɑː n d ə d	r iː m a ɪ n d ə d	1	1	reg_əd	reg_əd	reg_əd
model_decision	s n ɪ f	s n ɪ f t	s n ɪ f t	n a ɪ f	n a ɪ f t	n a ɪ f t	s n ɪ f t	1	1	reg_t	reg_t	reg_t
model_decision	p iː k	p iː k t	p iː k t	l iː k	l iː k t	l iː k t	p iː k t	1	1	reg_t	reg_t	reg_t
model_decision	p l iː z	p l iː z d	p l iː z d	s n iː z	s n iː z d	s n iː z d	p l iː z d	1	1	reg_d	reg_d	reg_d
model_decision	b e ɪ k	b e ɪ k t	b e ɪ k t	f e ɪ k	f e ɪ k t	f e ɪ k t	b e ɪ k t	1	1	reg_t	reg_t	reg_t
model_decision	r ɪ p	r ɪ p t	r ɪ p t	w ɪ p	w ɪ p t	w ɪ p t	r ɪ p t	1	1	reg_t	reg_t	reg_t
model_decision	t͡ʃ e ɪ n d͡ʒ	t͡ʃ e ɪ n d͡ʒ d	t͡ʃ e ɪ n d͡ʒ d	m æ n ə d͡ʒ	m æ n ə d͡ʒ d	m æ n ə d͡ʒ d	t͡ʃ e ɪ n d͡ʒ d	1	1	reg_d	reg_d	reg_d
model_decision	ɔ r d ɹ̩	ɔ r d ɹ̩ d	ɔ r d ɹ̩ d	m ɹ̩ d ɹ̩	m ɹ̩ d ɹ̩ d	m ɹ̩ d ɹ̩ d	ɔ r d ɹ̩ d	1	1	reg_d	reg_d	reg_d
model_decision	h o ʊ p	h o ʊ p t	h o ʊ p t	r o ʊ p	r o ʊ p t	r o ʊ p t	h o ʊ p t	1	1	reg_t	reg_t	reg_t
model_decision	p ɛ p ɹ̩	p ɛ p ɹ̩ d	p ɛ p ɹ̩ d	p iː t ɹ̩	p iː t ɹ̩ d	p iː t ɹ̩ d	p ɛ p ɹ̩ d	1	1	reg_d	reg_d	reg_d
model_decision	m ʌ n t͡ʃ	m ʌ n t͡ʃ t	m ʌ n t͡ʃ t	l ʌ n t͡ʃ	l ʌ n t͡ʃ t	l ʌ n t͡ʃ t	m ʌ n t͡ʃ t	1	1	reg_t	reg_t	reg_t
model_decision	p l æ s t ɹ̩	p l æ s t ɹ̩ d	p l æ s t ɹ̩ d	ʃ o ʊ l d ɹ̩	ʃ o ʊ l d ɹ̩ d	ʃ o ʊ l d ɹ̩ d	p l æ s t ɹ̩ d	1	1	reg_d	reg_d	reg_d
model_decision	f a ɪ t	f ɔ t	f a ɪ t ə d	l a ɪ t	l a ɪ t ə d	l ɪ t	f a ɪ t ə d	1	0	vowel_change	reg_əd	reg_əd
model_decision	t r æ k	t r æ k t	t r æ k t	ə t æ k	ə t æ k t	ə t æ k t	t r æ k t	1	1	reg_t	reg_t	reg_t
model_decision	s o ʊ	s o ʊ d	s o ʊ d	r o ʊ	r o ʊ d	r o ʊ d	s o ʊ d	1	1	reg_d	reg_d	reg_d
model_decision	m ɛ l t	m ɛ l t ə d	m ɛ l t ə d	s p ɑː t	s p ɑː t ə d	s p ɑː t ə d	m ɛ l t ə d	1	1	reg_əd	reg_əd	reg_əd
model_decision	ɡ l ʌ v	ɡ l ʌ v d	ɡ l ʌ v d	l a ɪ v	l a ɪ v d	l a ɪ v d	ɡ l ʌ v d	1	1	reg_d	reg_d	reg_d
model_decision	t͡ʃ ɑː r d͡ʒ	t͡ʃ ɑː r d͡ʒ d	t͡ʃ ɑː r d͡ʒ d	b r ɪ d͡ʒ	b r ɪ d͡ʒ d	b r ɪ d͡ʒ d	t͡ʃ ɑː r d͡ʒ d	1	1	reg_d	reg_d	reg_d
model_decision	l ɪ k	l ɪ k t	l ɪ k t	k ɪ k	k ɪ k t	k ɪ k t	l ɪ k t	1	1	reg_t	reg_t	reg_t
model_decision	d ɪ l ɪ v ɹ̩	d ɪ l ɪ v ɹ̩ d	d ɪ l ɪ v ɹ̩ d	r ɪ t a ɪ ɹ̩	r ɪ t a ɪ ɹ̩ d	r ɪ t a ɪ ɹ̩ d	d ɪ l ɪ v ɹ̩ d	1	1	reg_d	reg_d	reg_d
model_decision	b ʌ m p	b ʌ m p t	b ʌ m p t	d ʌ m p	d ʌ m p t	d ʌ m p t	b ʌ m p t	1	1	reg_t	reg_t	reg_t
model_decision	a ɪ	a ɪ d	a ɪ d	ʃ a ɪ	ʃ a ɪ d	ʃ a ɪ d	a ɪ d	1	1	reg_d	reg_d	reg_d
model_decision	k iː	k iː d	k iː d	p iː	p iː d	p iː d	k iː d	1	1	reg_d	reg_d	reg_d
model_decision	s ɪ z ə l	s ɪ z ə l d	s ɪ z ə l d	s ɛ t ə l	s ɛ t ə l d	s ɛ t ə l d	s ɪ z ə l d	1	1	reg_d	reg_d	reg_d
model_decision	ɪ r e ɪ s	ɪ r e ɪ s t	ɪ r e ɪ s t	ɡ r e ɪ s	ɡ r e ɪ s t	ɡ r e ɪ s t	ɪ r e ɪ s t	1	1	reg_t	reg_t	reg_t
model_decision	s ɹ̩ a ʊ n d	s ɹ̩ a ʊ n d ə d	s ɹ̩ a ʊ n d ə d	s k o ʊ l d	s k o ʊ l d ə d	s k o ʊ l d ə d	s ɹ̩ a ʊ n d ə d	1	1	reg_əd	reg_əd	reg_əd
model_decision	s k ɪ p	s k ɪ p t	s k ɪ p t	k l ɪ p	k l ɪ p t	k l ɪ p t	s k ɪ p t	1	1	reg_t	reg_t	reg_t
model_decision	d ɑː k t ɹ̩	d ɑː k t ɹ̩ d	d ɑː k t ɹ̩ d	k l ʌ t ɹ̩	k l ʌ t ɹ̩ d	k l ʌ t ɹ̩ d	d ɑː k t ɹ̩ d	1	1	reg_d	reg_d	reg_d
model_decision	s e ɪ l	s e ɪ l d	s e ɪ l d	d͡ʒ e ɪ l	d͡ʒ e ɪ l d	d͡ʒ e ɪ l d	s e ɪ l d	1	1	reg_d	reg_d	reg_d
model_decision	ɪ n t ə r ɛ s t	ɪ n t ə r ɛ s t ə d	ɪ n t ə r ɛ s t ə d	d ɪ s t r ʌ k t	d ɪ s t r ʌ k t ə d	d ɪ s t r ʌ k t ə d	ɪ n t ə r ɛ s t ə d	1	1	reg_əd	reg_əd	reg_əd
model_decision	t r e ɪ s	t r e ɪ s t	t r e ɪ s t	p l e ɪ s	p l e ɪ s t	p l e ɪ s t	t r e ɪ s t	1	1	reg_t	reg_t	reg_t
model_decision	a ɪ ɹ̩ n	a ɪ ɹ̩ n d	a ɪ ɹ̩ n d	d ɑː r n	d ɑː r n d	d ɑː r n d	a ɪ ɹ̩ n d	1	1	reg_d	reg_d	reg_d
model_decision	iː v ɪ n	iː v ɪ n d	iː v ɪ n d	m a ɪ n	m a ɪ n d	m a ɪ n d	iː v ɪ n d	1	1	reg_d	reg_d	reg_d
model_decision	k o ʊ k s	k o ʊ k s t	k o ʊ k s t	r iː l iː s	r iː l iː s t	r iː l iː s t	k o ʊ k s t	1	1	reg_t	reg_t	reg_t
model_decision	z ɪ r ɑː k s	z ɪ r ɑː k s t	z ɪ r ɑː k s t	r ɪ l æ k s	r ɪ l æ k s t	r ɪ l æ k s t	z ɪ r ɑː k s t	1	1	reg_t	reg_t	reg_t
model_decision	b ɛ n d	b ɛ n d ə d	b ɛ n t	l ɛ n d	l ɛ n t	l ɛ n t	b ɛ n t	1	0	reg_əd	coda_change	coda_change
model_decision	p o ʊ z	p o ʊ z d	p o ʊ z d	n o ʊ z	n o ʊ z d	n o ʊ z d	p o ʊ z d	1	1	reg_d	reg_d	reg_d
model_decision	p ɑː k ə t	p ɑː k ə t ə d	p ɑː k ə t ə d	p ɔ ɪ n t	p ɔ ɪ n t ə d	p ɔ ɪ n t ə d	p ɑː k ə t ə d	1	1	reg_əd	reg_əd	reg_əd
model_decision	f r a ɪ	f r a ɪ d	f r a ɪ d	s p a ɪ	s p a ɪ d	s p a ɪ d	f r a ɪ d	1	1	reg_d	reg_d	reg_d
model_decision	h æ n d ə l	h æ n d ə l d	h æ n d ə l d	t ɪ ŋ k ə l	t ɪ ŋ k ə l d	t ɪ ŋ k ə l d	h æ n d ə l d	1	1	reg_d	reg_d	reg_d
model_decision	ə s o ʊ s iː e ɪ t	ə s o ʊ s iː e ɪ t ə d	ə s ʊ s æ k e ɪ t ə d	ə n w a ɪ n d	ə n w a ʊ n d	ə n w a ʊ n d	NA	0	0	reg_əd	other	vowel_change
model_decision	æ k t	æ k t ə d	æ k t ə d	p ɑː t	p ɑː t ə d	p ɑː t ə d	æ k t ə d	1	1	reg_əd	reg_əd	reg_əd
model_decision	r iː m uː v	r iː m uː v d	r iː m uː v d	r ɪ l iː v	r ɪ l iː v d	r ɪ l iː v d	r iː m uː v d	1	1	reg_d	reg_d	reg_d
model_decision	s l o ʊ	s l o ʊ d	s l o ʊ d	f l o ʊ	f l o ʊ d	f l o ʊ d	s l o ʊ d	1	1	reg_d	reg_d	reg_d
model_decision	s t r æ p	s t r æ p t	s t r æ p t	s t r ɪ p	s t r ɪ p t	s t r ɪ p t	s t r æ p t	1	1	reg_t	reg_t	reg_t
model_decision	d r e ɪ n	d r e ɪ n d	d r e ɪ n d	s t e ɪ n	s t e ɪ n d	s t e ɪ n d	d r e ɪ n d	1	1	reg_d	reg_d	reg_d
model_decision	p ɛ ɡ	p ɛ ɡ d	p ɛ ɡ d	b ɛ ɡ	b ɛ ɡ d	b ɛ ɡ d	p ɛ ɡ d	1	1	reg_d	reg_d	reg_d
model_decision	k ə m p l e ɪ n	k ə m p l e ɪ n d	k ə m p l e ɪ n d	ɪ k s p l e ɪ n	ɪ k s p l e ɪ n d	ɪ k s p l e ɪ n d	k ə m p l e ɪ n d	1	1	reg_d	reg_d	reg_d
model_decision	f ɛ n s	f ɛ n s t	f ɛ n s t	f e ɪ s	f e ɪ s t	f e ɪ s t	f ɛ n s t	1	1	reg_t	reg_t	reg_t
model_decision	k r iː e ɪ t	k r iː e ɪ t ə d	k r iː e ɪ t ə d	ɪ k w e ɪ t	ɪ k w e ɪ t ə d	ɪ k w e ɪ t ə d	k r iː e ɪ t ə d	1	1	reg_əd	reg_əd	reg_əd
model_decision	f l ʌ ʃ	f l ʌ ʃ t	f l ʌ ʃ t	b l ʌ ʃ	b l ʌ ʃ t	b l ʌ ʃ t	f l ʌ ʃ t	1	1	reg_t	reg_t	reg_t
model_decision	ɡ ɑː r d	ɡ ɑː r d ə d	ɡ ɑː r d ə d	l æ n d	l æ n d ə d	l æ n d ə d	ɡ ɑː r d ə d	1	1	reg_əd	reg_əd	reg_əd
model_decision	r ɪ ŋ k ə l	r ɪ ŋ k ə l d	r ɪ ŋ k ə l d	t ɪ ŋ k ə l	t ɪ ŋ k ə l d	t ɪ ŋ k ə l d	r ɪ ŋ k ə l d	1	1	reg_d	reg_d	reg_d
model_decision	s w iː p	s w ɛ p t	s w iː p t	s w uː p	s w uː p t	s w uː p t	s w iː p t	1	0	vowel_change_suffix	reg_t	reg_t
model_decision	s k ɛ d͡ʒ ʊ l	s k ɛ d͡ʒ ʊ l d	s k ɛ d͡ʒ ʊ l d	s ɪ ɡ n ə l	s ɪ ɡ n ə l d	s ɪ ɡ n ə l d	s k ɛ d͡ʒ ʊ l d	1	1	reg_d	reg_d	reg_d
model_decision	f ɹ̩ m ɛ n t	f ɹ̩ m ɛ n t ə d	f ɹ̩ m ɛ n t ə d	æ k s ɛ n t	æ k s ɛ n t ə d	æ k s ɛ n t ə d	f ɹ̩ m ɛ n t ə d	1	1	reg_əd	reg_əd	reg_əd
model_decision	p ʌ z ə l	p ʌ z ə l d	p ʌ z ə l d	p æ d ə l	p æ d ə l d	p æ d ə l d	p ʌ z ə l d	1	1	reg_d	reg_d	reg_d
model_decision	k l ɑː b ɹ̩	k l ɑː b ɹ̩ d	k l ɑː b ɹ̩ d	n ʌ m b ɹ̩	n ʌ m b ɹ̩ d	n ʌ m b ɹ̩ d	k l ɑː b ɹ̩ d	1	1	reg_d	reg_d	reg_d
model_decision	d ɪ n a ɪ	d ɪ n a ɪ d	d ɪ n a ɪ d	ə p l a ɪ	ə p l a ɪ d	ə p l a ɪ d	d ɪ n a ɪ d	1	1	reg_d	reg_d	reg_d
model_decision	e ɪ k	e ɪ k t	e ɪ k t	p ɪ k	p ɪ k t	p ɪ k t	e ɪ k t	1	1	reg_t	reg_t	reg_t
model_decision	l iː n	l iː n d	l ɛ n t	l iː p	l ɛ p t	l ɛ p t	NA	0	0	reg_d	vowel_change_suffix	vowel_change_suffix
model_decision	ʃ ɪ v ɹ̩	ʃ ɪ v ɹ̩ d	ʃ ɪ v ɹ̩ d	w ɛ ð ɹ̩	w ɛ ð ɹ̩ d	w ɛ ð ɹ̩ d	ʃ ɪ v ɹ̩ d	1	1	reg_d	reg_d	reg_d
model_decision	f l ʌ d	f l ʌ d ə d	f l ʌ d ə d	f e ɪ d	f e ɪ d ə d	f e ɪ d ə d	f l ʌ d ə d	1	1	reg_əd	reg_əd	reg_əd
model_decision	w ɪ s k	w ɪ s k t	w ɪ s k t	w ɪ ŋ k	w ɪ ŋ k t	w ɪ ŋ k t	w ɪ s k t	1	1	reg_t	reg_t	reg_t
model_decision	k ə n t r o ʊ l	k ə n t r o ʊ l d	k ə n t r o ʊ l d	b a ɪ s ɪ k ə l	b a ɪ s ɪ k ə l d	b a ɪ s ɪ k ə l d	k ə n t r o ʊ l d	1	1	reg_d	reg_d	reg_d
model_decision	b ɑː t ə m	b ɑː t ə m d	b ɑː t ə m d	s k r iː m	s k r iː m d	s k r iː m d	b ɑː t ə m d	1	1	reg_d	reg_d	reg_d
model_decision	w ɔ r n	w ɔ r n d	w ɔ r n d	m ɔ r n	m ɔ r n d	m ɔ r n d	w ɔ r n d	1	1	reg_d	reg_d	reg_d
model_decision	b ɛ r iː	b ɛ r iː d	b ɛ r iː d	h ɛ r iː	h ɛ r iː d	h ɛ r iː d	b ɛ r iː d	1	1	reg_d	reg_d	reg_d
model_decision	ɔ f ɹ̩	ɔ f ɹ̩ d	ɔ f ɹ̩ d	s t ɹ̩	s t ɹ̩ d	s t ɹ̩ d	ɔ f ɹ̩ d	1	1	reg_d	reg_d	reg_d
model_decision	b ɛ r	b o ʊ r	b ɛ r d	k ɛ r	k ɛ r d	k ɛ r d	b ɛ r d	1	0	vowel_change	reg_d	reg_d
model_decision	s l ɪ p	s l ɪ p t	s l ɪ p t	t a ɪ p	t a ɪ p t	t a ɪ p t	s l ɪ p t	1	1	reg_t	reg_t	reg_t
model_decision	t͡ʃ iː r	t͡ʃ iː r d	t͡ʃ iː r d	p iː r	p iː r d	p iː r d	t͡ʃ iː r d	1	1	reg_d	reg_d	reg_d
model_decision	r ɪ s k	r ɪ s k t	r ɪ s k t	θ æ ŋ k	θ æ ŋ k t	θ æ ŋ k t	r ɪ s k t	1	1	reg_t	reg_t	reg_t
model_decision	p ɛ t	p ɛ t ə d	p ɛ t	b ɛ t	b ɛ t	b ɛ t	p ɛ t	1	0	reg_əd	no_change	no_change
model_decision	t r ʌ s t	t r ʌ s t ə d	t r ʌ s t ə d	ə d͡ʒ ʌ s t	ə d͡ʒ ʌ s t ə d	ə d͡ʒ ʌ s t ə d	t r ʌ s t ə d	1	1	reg_əd	reg_əd	reg_əd
model_decision	ɪ n s t r ʌ k t	ɪ n s t r ʌ k t ə d	ɪ n s t r ʌ k t ə d	d ɪ s t r ʌ k t	d ɪ s t r ʌ k t ə d	d ɪ s t r ʌ k t ə d	ɪ n s t r ʌ k t ə d	1	1	reg_əd	reg_əd	reg_əd
model_decision	t͡ʃ ɪ k ə n	t͡ʃ ɪ k ə n d	t͡ʃ ɪ k ə n d	w iː k ə n	w iː k ə n d	w iː k ə n d	t͡ʃ ɪ k ə n d	1	1	reg_d	reg_d	reg_d
model_decision	p r iː p ɛ r	p r iː p ɛ r d	p r iː p ɛ r d	ɪ m p l ɔ r	ɪ m p l ɔ r d	ɪ m p l ɔ r d	p r iː p ɛ r d	1	1	reg_d	reg_d	reg_d
model_decision	h æ m ɹ̩	h æ m ɹ̩ d	h æ m ɹ̩ d	m ɹ̩ d ɹ̩	m ɹ̩ d ɹ̩ d	m ɹ̩ d ɹ̩ d	h æ m ɹ̩ d	1	1	reg_d	reg_d	reg_d
model_decision	s p r ɪ ŋ k ə l	s p r ɪ ŋ k ə l d	s p r æ ŋ k ə l d	s t r ɪ ŋ	s t r ʌ ŋ	s t r ʌ ŋ	NA	0	0	reg_d	other	vowel_change
model_decision	r ɛ s ə l	r ɛ s ə l d	r ɛ s ə l d	f ɪ d ə l	f ɪ d ə l d	f ɪ d ə l d	r ɛ s ə l d	1	1	reg_d	reg_d	reg_d
model_decision	h ɛ m	h ɛ m d	h ɛ m d	θ ʌ m	θ ʌ m d	θ ʌ m d	h ɛ m d	1	1	reg_d	reg_d	reg_d
model_decision	p l æ n	p l æ n d	p l æ n d	m o ʊ n	m o ʊ n d	m o ʊ n d	p l æ n d	1	1	reg_d	reg_d	reg_d
model_decision	s t æ ʃ	s t æ ʃ t	s t æ ʃ t	s m æ ʃ	s m æ ʃ t	s m æ ʃ t	s t æ ʃ t	1	1	reg_t	reg_t	reg_t
model_decision	m ɑː r k	m ɑː r k t	m ɑː r k t	b ɑː r k	b ɑː r k t	b ɑː r k t	m ɑː r k t	1	1	reg_t	reg_t	reg_t
model_decision	k e ɪ v	k e ɪ v d	k e ɪ v d	s e ɪ v	s e ɪ v d	s e ɪ v d	k e ɪ v d	1	1	reg_d	reg_d	reg_d
model_decision	k ɹ̩ l	k ɹ̩ l d	k ɹ̩ l d	s iː l	s iː l d	s iː l d	k ɹ̩ l d	1	1	reg_d	reg_d	reg_d
model_decision	p r e ɪ z	p r e ɪ z d	p r e ɪ z d	b r e ɪ v	b r e ɪ v d	b r e ɪ v d	p r e ɪ z d	1	1	reg_d	reg_d	reg_d
model_decision	d æ m	d æ m d	d æ m d	θ ʌ m	θ ʌ m d	θ ʌ m d	d æ m d	1	1	reg_d	reg_d	reg_d
model_decision	f l ʌ t ɹ̩	f l ʌ t ɹ̩ d	f l ʌ t ɹ̩ d	f ɪ l t ɹ̩	f ɪ l t ɹ̩ d	f ɪ l t ɹ̩ d	f l ʌ t ɹ̩ d	1	1	reg_d	reg_d	reg_d
model_decision	b ɛ l t	b ɛ l t ə d	b ɛ l t ə d	b l ɑː t	b l ɑː t ə d	b l ɑː t ə d	b ɛ l t ə d	1	1	reg_əd	reg_əd	reg_əd
model_decision	b ɔ l	b ɔ l d	b ɔ l d	k ɔ l	k ɔ l d	k ɔ l d	b ɔ l d	1	1	reg_d	reg_d	reg_d
model_decision	s k æ l ə p	s k æ l ə p t	s k æ l ə p t	s k r e ɪ p	s k r e ɪ p t	s k r e ɪ p t	s k æ l ə p t	1	1	reg_t	reg_t	reg_t
model_decision	k ə m p ɛ r	k ə m p ɛ r d	k ə m p ɛ r d	ɪ m p l ɔ r	ɪ m p l ɔ r d	ɪ m p l ɔ r d	k ə m p ɛ r d	1	1	reg_d	reg_d	reg_d
model_decision	b ɔ ɪ l	b ɔ ɪ l d	b ɔ ɪ l d	d r ɪ l	d r ɪ l d	d r ɪ l d	b ɔ ɪ l d	1	1	reg_d	reg_d	reg_d
model_decision	s k æ n	s k æ n d	s k æ n d	m o ʊ n	m o ʊ n d	m o ʊ n d	s k æ n d	1	1	reg_d	reg_d	reg_d
model_decision	r ɛ k ə m ɛ n d	r ɛ k ə m ɛ n d ə d	r ɛ k ə m ɛ n d	s p r ɛ d	s p r ɛ d	s p r ɛ d	r ɛ k ə m ɛ n d	1	0	reg_əd	no_change	no_change
model_decision	t o ʊ	t o ʊ d	t o ʊ d	ʃ o ʊ	ʃ o ʊ d	ʃ o ʊ d	t o ʊ d	1	1	reg_d	reg_d	reg_d
model_decision	s t r ɛ s	s t r ɛ s t	s t r ɛ s t	s p a ɪ s	s p a ɪ s t	s p a ɪ s t	s t r ɛ s t	1	1	reg_t	reg_t	reg_t
model_decision	b æ n d	b æ n d ə d	b æ n d ə d	b iː r d	b iː r d ə d	b iː r d ə d	b æ n d ə d	1	1	reg_əd	reg_əd	reg_əd
model_decision	b o ʊ s t	b o ʊ s t ə d	b o ʊ s t ə d	r o ʊ s t	r o ʊ s t ə d	r o ʊ s t ə d	b o ʊ s t ə d	1	1	reg_əd	reg_əd	reg_əd
model_decision	r ɛ s k j uː	r ɛ s k j uː d	r ɛ s k j uː d	s ə p o ʊ z	s ə p o ʊ z d	s ə p o ʊ z d	r ɛ s k j uː d	1	1	reg_d	reg_d	reg_d
model_decision	b ʌ s	b ʌ s t	b ʌ s t	m ɛ s	m ɛ s t	m ɛ s t	b ʌ s t	1	1	reg_t	reg_t	reg_t
model_decision	m ɑː r	m ɑː r d	m ɑː r d	f iː r	f iː r d	f iː r d	m ɑː r d	1	1	reg_d	reg_d	reg_d
model_decision	t ʌ m b ə l	t ʌ m b ə l d	t ʌ m b ə l d	t r ʌ b ə l	t r ʌ b ə l d	t r ʌ b ə l d	t ʌ m b ə l d	1	1	reg_d	reg_d	reg_d
model_decision	d ɪ s t r ɔ ɪ	d ɪ s t r ɔ ɪ d	d ɪ s t r ɔ r d	s l a ɪ d	s l ɪ d	s l ɪ d	NA	0	0	reg_d	rhyme_replaced	vowel_change
model_decision	w æ ɡ	w æ ɡ d	w æ ɡ d	b æ ɡ	b æ ɡ d	b æ ɡ d	w æ ɡ d	1	1	reg_d	reg_d	reg_d
model_decision	p a ʊ ɹ̩	p a ʊ ɹ̩ d	p a ʊ ɹ̩ d	t a ʊ ɹ̩	t a ʊ ɹ̩ d	t a ʊ ɹ̩ d	p a ʊ ɹ̩ d	1	1	reg_d	reg_d	reg_d
model_decision	b l iː t͡ʃ	b l iː t͡ʃ t	b l ɛ t͡ʃ t	b l iː d	b l ɛ d	b l ɛ d	NA	0	0	reg_t	vowel_change_suffix	vowel_change
model_decision	t æ ŋ ɡ ə l	t æ ŋ ɡ ə l d	t æ ŋ ɡ ə l d	d æ ŋ ɡ ə l	d æ ŋ ɡ ə l d	d æ ŋ ɡ ə l d	t æ ŋ ɡ ə l d	1	1	reg_d	reg_d	reg_d
model_decision	n ɔ	n ɔ d	n ɔ d	s ɔ	s ɔ d	s ɔ d	n ɔ d	1	1	reg_d	reg_d	reg_d
model_decision	r o ʊ m	r o ʊ m d	r o ʊ m d	t a ɪ m	t a ɪ m d	t a ɪ m d	r o ʊ m d	1	1	reg_d	reg_d	reg_d
model_decision	b l ɪ ŋ k	b l ɪ ŋ k t	b l æ ŋ k	f l ɪ ŋ	f l ʌ ŋ	f l ʌ ŋ	NA	0	0	reg_t	vowel_change	vowel_change
model_decision	t w ɹ̩ l	t w ɹ̩ l d	t w ɹ̩ l d	b o ʊ l	b o ʊ l d	b o ʊ l d	t w ɹ̩ l d	1	1	reg_d	reg_d	reg_d
model_decision	ə n b ʌ t ə n	ə n b ʌ t ə n d	ə n b ʌ t ə n d	f r a ɪ t ə n	f r a ɪ t ə n d	f r a ɪ t ə n d	ə n b ʌ t ə n d	1	1	reg_d	reg_d	reg_d
model_decision	θ r ɛ t ə n	θ r ɛ t ə n d	θ r ɛ t ə n d	ʃ ɑː r p ə n	ʃ ɑː r p ə n d	ʃ ɑː r p ə n d	θ r ɛ t ə n d	1	1	reg_d	reg_d	reg_d
model_decision	b ɛ l o ʊ	b ɛ l o ʊ d	b ɛ l o ʊ d	f ɑː l o ʊ	f ɑː l o ʊ d	f ɑː l o ʊ d	b ɛ l o ʊ d	1	1	reg_d	reg_d	reg_d
model_decision	s p ɛ ʃ ə l a ɪ z	s p ɛ ʃ ə l a ɪ z d	s p ɛ ʃ ə l a ɪ z d	æ k s ɛ s ɹ̩ a ɪ z	æ k s ɛ s ɹ̩ a ɪ z d	æ k s ɛ s ɹ̩ a ɪ z d	s p ɛ ʃ ə l a ɪ z d	1	1	reg_d	reg_d	reg_d
model_decision	ɪ n ɪ ʃ iː e ɪ t	ɪ n ɪ ʃ iː e ɪ t ə d	ɪ n ɪ ʃ ɪ e ɪ t ə d	l iː p	l ɛ p t	l ɛ p t	NA	0	0	reg_əd	other	vowel_change_suffix
model_decision	p iː p	p iː p t	p iː p t	p ɑː p	p ɑː p t	p ɑː p t	p iː p t	1	1	reg_t	reg_t	reg_t
model_decision	ʃ ʌ f ə l	ʃ ʌ f ə l d	ʃ ʌ f ə l d	d͡ʒ ʌ ɡ ə l	d͡ʒ ʌ ɡ ə l d	d͡ʒ ʌ ɡ ə l d	ʃ ʌ f ə l d	1	1	reg_d	reg_d	reg_d
model_decision	ɪ n f l uː ə n s	ɪ n f l uː ə n s t	ɪ n f l uː n ə n d	k ə n t ɪ n j uː	k ə n t ɪ n j uː d	k ə n t ɪ n j uː d	ɪ n f l uː ə n s d	0	0	reg_t	other	reg_d
model_decision	d a ʊ n	d a ʊ n d	d a ʊ n d	m o ʊ n	m o ʊ n d	m o ʊ n d	d a ʊ n d	1	1	reg_d	reg_d	reg_d
model_decision	d ɪ v ɛ l ə p	d ɪ v ɛ l ə p t	d ɪ v ɛ l ə p ə d	o ʊ v ɹ̩ l æ p	o ʊ v ɹ̩ l æ p t	o ʊ v ɹ̩ l æ p t	d ɪ v ɛ l ə p t	0	1	reg_t	reg_əd	reg_t
model_decision	s p e ɪ	s p e ɪ d	s p e ɪ d	s t e ɪ	s t e ɪ d	s t e ɪ d	s p e ɪ d	1	1	reg_d	reg_d	reg_d
model_decision	r iː p l e ɪ s	r iː p l e ɪ s t	r iː p l e ɪ s t	k ə n v ɪ n s	k ə n v ɪ n s t	k ə n v ɪ n s t	r iː p l e ɪ s t	1	1	reg_t	reg_t	reg_t
model_decision	s p ɔ ɪ l	s p ɔ ɪ l d	s p ɔ ɪ l d	s m a ɪ l	s m a ɪ l d	s m a ɪ l d	s p ɔ ɪ l d	1	1	reg_d	reg_d	reg_d
model_decision	l e ɪ b ə l	l e ɪ b ə l d	l e ɪ b ə l d	t e ɪ b ə l	t e ɪ b ə l d	t e ɪ b ə l d	l e ɪ b ə l d	1	1	reg_d	reg_d	reg_d
model_decision	d r ɪ b ə l	d r ɪ b ə l d	d r ɪ b ə l d	t r ʌ b ə l	t r ʌ b ə l d	t r ʌ b ə l d	d r ɪ b ə l d	1	1	reg_d	reg_d	reg_d
model_decision	t͡ʃ æ n ə l	t͡ʃ æ n ə l d	t͡ʃ æ n ə l d	w ɑː f ə l	w ɑː f ə l d	w ɑː f ə l d	t͡ʃ æ n ə l d	1	1	reg_d	reg_d	reg_d
model_decision	ɪ m p r uː v	ɪ m p r uː v d	ɪ m p r uː v d	b ɪ h e ɪ v	b ɪ h e ɪ v d	b ɪ h e ɪ v d	ɪ m p r uː v d	1	1	reg_d	reg_d	reg_d
model_decision	p r e ɪ	p r e ɪ d	p r e ɪ d	p l e ɪ	p l e ɪ d	p l e ɪ d	p r e ɪ d	1	1	reg_d	reg_d	reg_d
model_decision	w ɛ t	w ɛ t	w ɛ t	s ɛ t	s ɛ t	s ɛ t	w ɛ t	1	1	no_change	no_change	no_change
model_decision	s t r e ɪ n	s t r e ɪ n d	s t r e ɪ n d	p ɑː r d ə n	p ɑː r d ə n d	p ɑː r d ə n d	s t r e ɪ n d	1	1	reg_d	reg_d	reg_d
model_decision	m ɑː r b ə l	m ɑː r b ə l d	m ɑː r b ə l d	t r ʌ b ə l	t r ʌ b ə l d	t r ʌ b ə l d	m ɑː r b ə l d	1	1	reg_d	reg_d	reg_d
model_decision	ʃ ɛ l	ʃ ɛ l d	ʃ o ʊ l d	t ɛ l	t o ʊ l d	t o ʊ l d	ʃ o ʊ l d	1	0	reg_d	vowel_change_suffix	vowel_change_suffix
model_decision	k o ʊ ɑː p ɹ̩ e ɪ t	k o ʊ ɑː p ɹ̩ e ɪ t ə d	k o ʊ ɑː p ɹ̩ e ɪ t ə d	d uː p l ə k e ɪ t	d uː p l ə k e ɪ t ə d	d uː p l ə k e ɪ t ə d	k o ʊ ɑː p ɹ̩ e ɪ t ə d	1	1	reg_əd	reg_əd	reg_əd
model_decision	ɡ r e ɪ t	ɡ r e ɪ t ə d	ɡ r e ɪ t ə d	s t e ɪ t	s t e ɪ t ə d	s t e ɪ t ə d	ɡ r e ɪ t ə d	1	1	reg_əd	reg_əd	reg_əd
model_decision	f ɔ r m j ə l e ɪ t	f ɔ r m j ə l e ɪ t ə d	f ɔ r b ə l j ə l e ɪ t ə d	b r e ɪ k	b r o ʊ k	b r o ʊ k	NA	0	0	reg_əd	other	vowel_change
model_decision	k æ n s ə l	k æ n s ə l d	k æ n s ə l d	t r æ v ə l	t r æ v ə l d	t r æ v ə l d	k æ n s ə l d	1	1	reg_d	reg_d	reg_d
model_decision	d ɪ s k ʌ v ɹ̩	d ɪ s k ʌ v ɹ̩ d	d ɪ s k ʌ v ɹ̩ d	r ɛ d͡ʒ ɪ s t ɹ̩	r ɛ d͡ʒ ɪ s t ɹ̩ d	r ɛ d͡ʒ ɪ s t ɹ̩ d	d ɪ s k ʌ v ɹ̩ d	1	1	reg_d	reg_d	reg_d
model_decision	ə m e ɪ z	ə m e ɪ z d	ə m e ɪ z d	k l o ʊ z	k l o ʊ z d	k l o ʊ z d	ə m e ɪ z d	1	1	reg_d	reg_d	reg_d
model_decision	f æ n s iː	f æ n s iː d	f æ n s iː d	p ɑː r t iː	p ɑː r t iː d	p ɑː r t iː d	f æ n s iː d	1	1	reg_d	reg_d	reg_d
model_decision	æ n ə l a ɪ z	æ n ə l a ɪ z d	æ n ə l a ɪ z d	m ɛ m ɹ̩ a ɪ z	m ɛ m ɹ̩ a ɪ z d	m ɛ m ɹ̩ a ɪ z d	æ n ə l a ɪ z d	1	1	reg_d	reg_d	reg_d
model_decision	t e ɪ l ɹ̩	t e ɪ l ɹ̩ d	t e ɪ l ɹ̩ d	f e ɪ v ɹ̩	f e ɪ v ɹ̩ d	f e ɪ v ɹ̩ d	t e ɪ l ɹ̩ d	1	1	reg_d	reg_d	reg_d
model_decision	p ɑː r t͡ʃ	p ɑː r t͡ʃ t	p ɑː r t͡ʃ t	m ɑː r t͡ʃ	m ɑː r t͡ʃ t	m ɑː r t͡ʃ t	p ɑː r t͡ʃ t	1	1	reg_t	reg_t	reg_t
model_decision	b ɪ d	b e ɪ d	b ɪ d ə d	k ɪ d	k ɪ d ə d	k ɪ d ə d	b ɪ d ə d	1	0	vowel_change	reg_əd	reg_əd
model_decision	s o ʊ k	s o ʊ k t	s o ʊ k t	l a ɪ k	l a ɪ k t	l a ɪ k t	s o ʊ k t	1	1	reg_t	reg_t	reg_t
model_decision	s uː	s uː d	s uː d	t͡ʃ uː	t͡ʃ uː d	t͡ʃ uː d	s uː d	1	1	reg_d	reg_d	reg_d
model_decision	f æ n	f æ n d	f æ n d	o ʊ n	o ʊ n d	o ʊ n d	f æ n d	1	1	reg_d	reg_d	reg_d
model_decision	f r ɛ k ə l	f r ɛ k ə l d	f r ɛ k ə l d	t r ʌ b ə l	t r ʌ b ə l d	t r ʌ b ə l d	f r ɛ k ə l d	1	1	reg_d	reg_d	reg_d
model_decision	ə n d uː	ə n d ɪ d	ə n d uː d	s k r uː	s k r uː d	s k r uː d	ə n d uː d	1	0	vowel_change_suffix	reg_d	reg_d
model_decision	θ ʌ m p	θ ʌ m p t	θ ʌ m p t	d ʌ m p	d ʌ m p t	d ʌ m p t	θ ʌ m p t	1	1	reg_t	reg_t	reg_t
model_decision	w ɑː b ə l	w ɑː b ə l d	w ɑː b ə l d	b ʌ b ə l	b ʌ b ə l d	b ʌ b ə l d	w ɑː b ə l d	1	1	reg_d	reg_d	reg_d
model_decision	ɡ r ɪ l	ɡ r ɪ l d	ɡ r ɪ l d	d͡ʒ e ɪ l	d͡ʒ e ɪ l d	d͡ʒ e ɪ l d	ɡ r ɪ l d	1	1	reg_d	reg_d	reg_d
model_decision	ə s uː m	ə s uː m d	ə s uː m d	s t iː m	s t iː m d	s t iː m d	ə s uː m d	1	1	reg_d	reg_d	reg_d
model_decision	z ɪ ɡ z æ ɡ	z ɪ ɡ z æ ɡ d	z ɪ ɡ z æ ɡ d	ə n p l ʌ ɡ	ə n p l ʌ ɡ d	ə n p l ʌ ɡ d	z ɪ ɡ z æ ɡ d	1	1	reg_d	reg_d	reg_d
model_decision	p ɛ r ə ʃ uː t	p ɛ r ə ʃ uː t ə d	p ɛ r ə ʃ ə t ə d	r ɪ k w ɛ s t	r ɪ k w ɛ s t ə d	r ɪ k w ɛ s t ə d	p ɛ r ə ʃ uː t ə d	0	1	reg_əd	other	reg_əd
model_decision	ɛ ɡ	ɛ ɡ d	ɛ ɡ d	b ɛ ɡ	b ɛ ɡ d	b ɛ ɡ d	ɛ ɡ d	1	1	reg_d	reg_d	reg_d
model_decision	l o ʊ k e ɪ t	l o ʊ k e ɪ t ə d	l o ʊ k e ɪ t ə d	d o ʊ n e ɪ t	d o ʊ n e ɪ t ə d	d o ʊ n e ɪ t ə d	l o ʊ k e ɪ t ə d	1	1	reg_əd	reg_əd	reg_əd
model_decision	n e ɪ l	n e ɪ l d	n e ɪ l d	d͡ʒ e ɪ l	d͡ʒ e ɪ l d	d͡ʒ e ɪ l d	n e ɪ l d	1	1	reg_d	reg_d	reg_d
model_decision	f a ɪ n	f a ɪ n d	f a ɪ n d	l a ɪ n	l a ɪ n d	l a ɪ n d	f a ɪ n d	1	1	reg_d	reg_d	reg_d
model_decision	ʃ r ɪ v ə l	ʃ r ɪ v ə l d	ʃ r ɪ v ə l d	t r æ v ə l	t r æ v ə l d	t r æ v ə l d	ʃ r ɪ v ə l d	1	1	reg_d	reg_d	reg_d
model_decision	t͡ʃ a ɪ m	t͡ʃ a ɪ m d	t͡ʃ a ɪ m d	t a ɪ m	t a ɪ m d	t a ɪ m d	t͡ʃ a ɪ m d	1	1	reg_d	reg_d	reg_d
model_decision	ɪ v æ p ɹ̩ e ɪ t	ɪ v æ p ɹ̩ e ɪ t ə d	ɪ v æ p ɹ̩ e ɪ t ə d	l æ m ə n e ɪ t	l æ m ə n e ɪ t ə d	l æ m ə n e ɪ t ə d	ɪ v æ p ɹ̩ e ɪ t ə d	1	1	reg_əd	reg_əd	reg_əd
model_decision	ɑː k j ə p a ɪ	ɑː k j ə p a ɪ d	ɑː k j ə p a ɪ d	k r uː s ə f a ɪ	k r uː s ə f a ɪ d	k r uː s ə f a ɪ d	ɑː k j ə p a ɪ d	1	1	reg_d	reg_d	reg_d
model_decision	k l ɑː ɡ	k l ɑː ɡ d	k l ɑː ɡ d	s n æ ɡ	s n æ ɡ d	s n æ ɡ d	k l ɑː ɡ d	1	1	reg_d	reg_d	reg_d
model_decision	m æ p	m æ p t	m æ p t	k æ p	k æ p t	k æ p t	m æ p t	1	1	reg_t	reg_t	reg_t
model_decision	ɡ e ɪ z	ɡ e ɪ z d	ɡ e ɪ z d	r e ɪ z	r e ɪ z d	r e ɪ z d	ɡ e ɪ z d	1	1	reg_d	reg_d	reg_d
model_decision	s k æ t ɹ̩	s k æ t ɹ̩ d	s k æ t ɹ̩ d	k l ʌ t ɹ̩	k l ʌ t ɹ̩ d	k l ʌ t ɹ̩ d	s k æ t ɹ̩ d	1	1	reg_d	reg_d	reg_d
model_decision	s n ɑː r ə l	s n ɑː r ə l d	s n ɑː r ə l d	s ɪ ɡ n ə l	s ɪ ɡ n ə l d	s ɪ ɡ n ə l d	s n ɑː r ə l d	1	1	reg_d	reg_d	reg_d
model_decision	f l e ɪ v ɹ̩	f l e ɪ v ɹ̩ d	f l e ɪ v ɹ̩ d	r ɪ t a ɪ ɹ̩	r ɪ t a ɪ ɹ̩ d	r ɪ t a ɪ ɹ̩ d	f l e ɪ v ɹ̩ d	1	1	reg_d	reg_d	reg_d
model_decision	ɪ d͡ʒ ɛ k t	ɪ d͡ʒ ɛ k t ə d	ɪ d͡ʒ ɛ k t ə d	ə f ɛ k t	ə f ɛ k t ə d	ə f ɛ k t ə d	ɪ d͡ʒ ɛ k t ə d	1	1	reg_əd	reg_əd	reg_əd
model_decision	r iː æ k t	r iː æ k t ə d	r iː æ k t ə d	b l æ s t	b l æ s t ə d	b l æ s t ə d	r iː æ k t ə d	1	1	reg_əd	reg_əd	reg_əd
model_decision	s t e ɪ p ə l	s t e ɪ p ə l d	s t e ɪ p ə l d	s k r ɪ b ə l	s k r ɪ b ə l d	s k r ɪ b ə l d	s t e ɪ p ə l d	1	1	reg_d	reg_d	reg_d
model_decision	ɪ k s p l o ʊ d	ɪ k s p l o ʊ d ə d	ɪ k s p l o ʊ d	s p r ɛ d	s p r ɛ d	s p r ɛ d	ɪ k s p l o ʊ d	1	0	reg_əd	no_change	no_change
model_decision	r ɪ z ɛ m b ə l	r ɪ z ɛ m b ə l d	r ɪ z ɛ m b ə l d	s k r æ m b ə l	s k r æ m b ə l d	s k r æ m b ə l d	r ɪ z ɛ m b ə l d	1	1	reg_d	reg_d	reg_d
model_decision	s w ɪ v ə l	s w ɪ v ə l d	s w ɪ v ə l d	s ɪ ɡ n ə l	s ɪ ɡ n ə l d	s ɪ ɡ n ə l d	s w ɪ v ə l d	1	1	reg_d	reg_d	reg_d
model_decision	w æ k s	w æ k s t	w æ k s t	m æ k s	m æ k s t	m æ k s t	w æ k s t	1	1	reg_t	reg_t	reg_t
model_decision	s k r a ʊ n d͡ʒ	s k r a ʊ n d͡ʒ d	s k r a ʊ n d͡ʒ d	r iː ɹ̩ e ɪ n d͡ʒ	r iː ɹ̩ e ɪ n d͡ʒ d	r iː ɹ̩ e ɪ n d͡ʒ d	s k r a ʊ n d͡ʒ d	1	1	reg_d	reg_d	reg_d
model_decision	ɔ r ɡ ə n a ɪ z	ɔ r ɡ ə n a ɪ z d	ɔ r ɡ ə n a ɪ z d	ɛ k s ɹ̩ s a ɪ z	ɛ k s ɹ̩ s a ɪ z d	ɛ k s ɹ̩ s a ɪ z d	ɔ r ɡ ə n a ɪ z d	1	1	reg_d	reg_d	reg_d
model_decision	d ɪ z a ɪ n	d ɪ z a ɪ n d	d ɪ z a ɪ n d	p ɔ ɪ z ə n	p ɔ ɪ z ə n d	p ɔ ɪ z ə n d	d ɪ z a ɪ n d	1	1	reg_d	reg_d	reg_d
model_region	s e ɪ	s ɛ d	s e ɪ d	w e ɪ	w e ɪ d	w e ɪ d	s e ɪ d	1	0	vowel_change_suffix	reg_d	reg_d
model_region	ɡ o ʊ	w ɛ n t	ɡ o ʊ d	ʃ o ʊ	ʃ o ʊ d	ʃ o ʊ d	ɡ o ʊ d	1	0	other	reg_d	reg_d
model_region	h æ p ə n	h æ p ə n d	h æ p ə n d	o ʊ p ə n	o ʊ p ə n d	o ʊ p ə n d	h æ p ə n d	1	1	reg_d	reg_d	reg_d
model_region	k æ t͡ʃ	k ɔ t	k æ t͡ʃ t	p æ t͡ʃ	p æ t͡ʃ t	p æ t͡ʃ t	k æ t͡ʃ t	1	0	rhyme_replaced	reg_t	reg_t
model_region	l ʌ v	l ʌ v d	l ʌ v d	ʃ ʌ v	ʃ ʌ v d	ʃ ʌ v d	l ʌ v d	1	1	reg_d	reg_d	reg_d
model_region	w ɹ̩ k	w ɹ̩ k t	w ɹ̩ k t	d͡ʒ ɹ̩ k	d͡ʒ ɹ̩ k t	d͡ʒ ɹ̩ k t	w ɹ̩ k t	1	1	reg_t	reg_t	reg_t
model_region	k ʌ t	k ʌ t	k e ɪ t	k ʌ m	k e ɪ m	k e ɪ m	NA	0	0	no_change	vowel_change	vowel_change
model_region	n iː d	n iː d ə d	n iː d ə d	b iː d	b iː d ə d	b iː d ə d	n iː d ə d	1	1	reg_əd	reg_əd	reg_əd
model_region	z ɪ p ɹ̩	z ɪ p ɹ̩ d	z ɪ p ɹ̩ d	w a ɪ ɹ̩	w a ɪ ɹ̩ d	w a ɪ ɹ̩ d	z ɪ p ɹ̩ d	1	1	reg_d	reg_d	reg_d
model_region	b a ɪ	b ɔ t	b a ɪ d	t a ɪ	t a ɪ d	t a ɪ d	b a ɪ d	1	0	vowel_change_suffix	reg_d	reg_d
model_region	m iː t	m ɛ t	m iː t ə d	h iː t	h iː t ə d	h iː t ə d	m iː t ə d	1	0	vowel_change	reg_əd	reg_əd
model_region	m e ɪ l	m e ɪ l d	m e ɪ l d	d͡ʒ e ɪ l	d͡ʒ e ɪ l d	d͡ʒ e ɪ l d	m e ɪ l d	1	1	reg_d	reg_d	reg_d
model_region	t iː t͡ʃ	t ɔ t	t iː t͡ʃ t	r iː t͡ʃ	r iː t͡ʃ t	r iː t͡ʃ t	t iː t͡ʃ t	1	0	rhyme_replaced	reg_t	reg_t
model_region	s p ɛ n d	s p ɛ n t	s p ɛ n d ə d	w a ɪ n d	w a ɪ n d ə d	w a ɪ n d ə d	s p ɛ n d ə d	1	0	coda_change	reg_əd	reg_əd
model_region	h æ n d	h æ n d ə d	h æ n d ə d	l æ n d	l æ n d ə d	l æ n d ə d	h æ n d ə d	1	1	reg_əd	reg_əd	reg_əd
model_region	m ɛ r iː	m ɛ r iː d	m ɛ r iː d	h ɛ r iː	h ɛ r iː d	h ɛ r iː d	m ɛ r iː d	1	1	reg_d	reg_d	reg_d
model_region	r ɛ d iː	r ɛ d iː d	r ɛ d iː d	m ʌ d iː	m ʌ d iː d	m ʌ d iː d	r ɛ d iː d	1	1	reg_d	reg_d	reg_d
model_region	f l o ʊ t	f l o ʊ t ə d	f l o ʊ t ə d	k w o ʊ t	k w o ʊ t ə d	k w o ʊ t ə d	f l o ʊ t ə d	1	1	reg_əd	reg_əd	reg_əd
model_region	s k w ɹ̩ t	s k w ɹ̩ t ə d	s k w ɹ̩ t ə d	k w ɪ l t	k w ɪ l t ə d	k w ɪ l t ə d	s k w ɹ̩ t ə d	1	1	reg_əd	reg_əd	reg_əd
model_region	w ɔ k	w ɔ k t	w ɔ k t	t͡ʃ ɔ k	t͡ʃ ɔ k t	t͡ʃ ɔ k t	w ɔ k t	1	1	reg_t	reg_t	reg_t
model_region	f ɪ k s	f ɪ k s t	f ɪ k s t	b ɑː k s	b ɑː k s t	b ɑː k s t	f ɪ k s t	1	1	reg_t	reg_t	reg_t
model_region	p r æ k t ɪ s	p r æ k t ɪ s t	p r æ k t ɪ s t	k ə n v ɪ n s	k ə n v ɪ n s t	k ə n v ɪ n s t	p r æ k t ɪ s t	1	1	reg_t	reg_t	reg_t
model_region	k iː p	k ɛ p t	k iː p t	b iː p	b iː p t	b iː p t	k iː p t	1	0	vowel_change_suffix	reg_t	reg_t
model_region	n ɪ b ə l	n ɪ b ə l d	n ɪ b ə l d	n ʌ k ə l	n ʌ k ə l d	n ʌ k ə l d	n ɪ b ə l d	1	1	reg_d	reg_d	reg_d
model_region	w uː	w uː d	w uː d	t͡ʃ uː	t͡ʃ uː d	t͡ʃ uː d	w uː d	1	1	reg_d	reg_d	reg_d
model_region	k ɪ l	k ɪ l d	k ɪ l d	b ɪ l	b ɪ l d	b ɪ l d	k ɪ l d	1	1	reg_d	reg_d	reg_d
model_region	k æ r iː	k æ r iː d	k æ r iː d	ə ɡ r iː	ə ɡ r iː d	ə ɡ r iː d	k æ r iː d	1	1	reg_d	reg_d	reg_d
model_region	ɹ̩ n	ɹ̩ n d	ɹ̩ n d	n o ʊ	n uː	n uː	NA	0	0	reg_d	reg_d	vowel_change
model_region	k ə l ɛ k t	k ə l ɛ k t ə d	k ə l ɛ k t ə d	k ə n ɛ k t	k ə n ɛ k t ə d	k ə n ɛ k t ə d	k ə l ɛ k t ə d	1	1	reg_əd	reg_əd	reg_əd
model_region	d æ n s	d æ n s t	d æ n s t	b e ɪ s	b e ɪ s t	b e ɪ s t	d æ n s t	1	1	reg_t	reg_t	reg_t
model_region	d r ɔ	d r uː	d r ɔ d	k l ɔ	k l ɔ d	k l ɔ d	d r ɔ d	1	0	vowel_change	reg_d	reg_d
model_region	p r a ɪ	p r a ɪ d	p r a ɪ d	p l a ɪ	p l a ɪ d	p l a ɪ d	p r a ɪ d	1	1	reg_d	reg_d	reg_d
model_region	ɪ n v a ɪ t	ɪ n v a ɪ t ə d	ɪ n v a ɪ t ə d	ɪ k s a ɪ t	ɪ k s a ɪ t ə d	ɪ k s a ɪ t ə d	ɪ n v a ɪ t ə d	1	1	reg_əd	reg_əd	reg_əd
model_region	r iː ə l a ɪ z	r iː ə l a ɪ z d	r iː ə l a ɪ z d	s ɹ̩ p r a ɪ z	s ɹ̩ p r a ɪ z d	s ɹ̩ p r a ɪ z d	r iː ə l a ɪ z d	1	1	reg_d	reg_d	reg_d
model_region	d r ɛ s	d r ɛ s t	d r ɛ s t	b l ɛ s	b l ɛ s t	b l ɛ s t	d r ɛ s t	1	1	reg_t	reg_t	reg_t
model_region	t r æ n z m ɪ t	t r æ n z m ɪ t ə d	t r æ n m e ɪ t ə d	ɪ m æ d͡ʒ ə n	ɪ m æ d͡ʒ ə n d	ɪ m æ d͡ʒ ə n d	t r æ n z m ɪ t d	0	0	reg_əd	other	reg_d
model_region	ʃ uː	ʃ uː d	ʃ uː	t͡ʃ uː	t͡ʃ uː d	t͡ʃ uː d	ʃ uː d	0	1	reg_d	no_change	reg_d
model_region	p iː s	p iː s t	p iː s t	l uː s	l uː s t	l uː s t	p iː s t	1	1	reg_t	reg_t	reg_t
model_region	d ɛ r	d ɛ r d	d ɛ r d	k ɛ r	k ɛ r d	k ɛ r d	d ɛ r d	1	1	reg_d	reg_d	reg_d
model_region	b ɪ l d	b ɪ l t	b ɪ l d ə d	w iː l d	w iː l d ə d	w iː l d ə d	b ɪ l d ə d	1	0	coda_change	reg_əd	reg_əd
model_region	w ɪ n	w ʌ n	w ɪ n d	θ ɪ n	θ ɪ n d	θ ɪ n d	w ɪ n d	1	0	vowel_change	reg_d	reg_d
model_region	k l a ɪ m	k l a ɪ m d	k l a ɪ m d	b l e ɪ m	b l e ɪ m d	b l e ɪ m d	k l a ɪ m d	1	1	reg_d	reg_d	reg_d
model_region	s t ʌ f	s t ʌ f t	s t ʌ f t	s n ʌ f	s n ʌ f t	s n ʌ f t	s t ʌ f t	1	1	reg_t	reg_t	reg_t
model_region	s t æ n d	s t ʊ d	s t æ n d ə d	s a ʊ n d	s a ʊ n d ə d	s a ʊ n d ə d	s t æ n d ə d	1	0	rhyme_replaced	reg_əd	reg_əd
model_region	d a ɪ s	d a ɪ s t	d o ʊ s t	d a ɪ v	d o ʊ v	d o ʊ v	NA	0	0	reg_t	vowel_change_suffix	vowel_change
model_region	k o ʊ m	k o ʊ m d	k o ʊ m d	s l æ m	s l æ m d	s l æ m d	k o ʊ m d	1	1	reg_d	reg_d	reg_d
model_region	ɡ r o ʊ	ɡ r uː	ɡ r o ʊ d	ɡ l o ʊ	ɡ l o ʊ d	ɡ l o ʊ d	ɡ r o ʊ d	1	0	vowel_change	reg_d	reg_d
model_region	b ʌ t ɹ̩	b ʌ t ɹ̩ d	b ʌ t ɹ̩ d	ɔ l t ɹ̩	ɔ l t ɹ̩ d	ɔ l t ɹ̩ d	b ʌ t ɹ̩ d	1	1	reg_d	reg_d	reg_d
model_region	ə p s ɛ t	ə p s ɛ t	ə p s ɛ t ə d	t w ɪ s t	t w ɪ s t ə d	t w ɪ s t ə d	ə p s ɛ t ə d	1	0	no_change	reg_əd	reg_əd
model_region	b ɑː r	b ɑː r d	b ɑː r d	b ɔ r	b ɔ r d	b ɔ r d	b ɑː r d	1	1	reg_d	reg_d	reg_d
model_region	m ɪ k s	m ɪ k s t	m ɪ k s t	m æ k s	m æ k s t	m æ k s t	m ɪ k s t	1	1	reg_t	reg_t	reg_t
model_region	l ɹ̩ n	l ɹ̩ n d	l ɹ̩ n d	b ɹ̩ n	b ɹ̩ n d	b ɹ̩ n d	l ɹ̩ n d	1	1	reg_d	reg_d	reg_d
model_region	r æ t ə l	r æ t ə l d	r æ t ə l d	b ɑː t ə l	b ɑː t ə l d	b ɑː t ə l d	r æ t ə l d	1	1	reg_d	reg_d	reg_d
model_region	l uː z	l ɔ s t	l uː z d	b ʌ z	b ʌ z d	b ʌ z d	l uː z d	1	0	rhyme_replaced	reg_d	reg_d
model_region	p ɔ r	p ɔ r d	p ɔ r d	b ɔ r	b ɔ r d	b ɔ r d	p ɔ r d	1	1	reg_d	reg_d	reg_d
model_region	m æ n	m æ n d	m æ n d	p ɛ n	p ɛ n d	p ɛ n d	m æ n d	1	1	reg_d	reg_d	reg_d
model_region	m æ t͡ʃ	m æ t͡ʃ t	m æ t͡ʃ t	h æ t͡ʃ	h æ t͡ʃ t	h æ t͡ʃ t	m æ t͡ʃ t	1	1	reg_t	reg_t	reg_t
model_region	w ɑː n d ɹ̩	w ɑː n d ɹ̩ d	w ɑː n d ɹ̩ d	w ʌ n d ɹ̩	w ʌ n d ɹ̩ d	w ʌ n d ɹ̩ d	w ɑː n d ɹ̩ d	1	1	reg_d	reg_d	reg_d
model_region	r iː m a ɪ n d	r iː m a ɪ n d ə d	r iː m a ɪ n d ə d	p ɹ̩ s w e ɪ d	p ɹ̩ s w e ɪ d ə d	p ɹ̩ s w e ɪ d ə d	r iː m a ɪ n d ə d	1	1	reg_əd	reg_əd	reg_əd
model_region	s n ɪ f	s n ɪ f t	s n ɪ f t	n a ɪ f	n a ɪ f t	n a ɪ f t	s n ɪ f t	1	1	reg_t	reg_t	reg_t
model_region	p iː k	p iː k t	p iː k t	l iː k	l iː k t	l iː k t	p iː k t	1	1	reg_t	reg_t	reg_t
model_region	p l iː z	p l iː z d	p l iː z d	s n iː z	s n iː z d	s n iː z d	p l iː z d	1	1	reg_d	reg_d	reg_d
model_region	b e ɪ k	b e ɪ k t	b e ɪ k t	r e ɪ k	r e ɪ k t	r e ɪ k t	b e ɪ k t	1	1	reg_t	reg_t	reg_t
model_region	r ɪ p	r ɪ p t	r ɪ p t	w ɪ p	w ɪ p t	w ɪ p t	r ɪ p t	1	1	reg_t	reg_t	reg_t
model_region	t͡ʃ e ɪ n d͡ʒ	t͡ʃ e ɪ n d͡ʒ d	t͡ʃ e ɪ n d͡ʒ d	m æ n ə d͡ʒ	m æ n ə d͡ʒ d	m æ n ə d͡ʒ d	t͡ʃ e ɪ n d͡ʒ d	1	1	reg_d	reg_d	reg_d
model_region	ɔ r d ɹ̩	ɔ r d ɹ̩ d	ɔ r d ɹ̩ d	m ɹ̩ d ɹ̩	m ɹ̩ d ɹ̩ d	m ɹ̩ d ɹ̩ d	ɔ r d ɹ̩ d	1	1	reg_d	reg_d	reg_d
model_region	h o ʊ p	h o ʊ p t	h o ʊ p t	r o ʊ p	r o ʊ p t	r o ʊ p t	h o ʊ p t	1	1	reg_t	reg_t	reg_t
model_region	p ɛ p ɹ̩	p ɛ p ɹ̩ d	p ɛ p ɹ̩ d	p iː t ɹ̩	p iː t ɹ̩ d	p iː t ɹ̩ d	p ɛ p ɹ̩ d	1	1	reg_d	reg_d	reg_d
model_region	m ʌ n t͡ʃ	m ʌ n t͡ʃ t	m ʌ n t͡ʃ t	p ʌ n t͡ʃ	p ʌ n t͡ʃ t	p ʌ n t͡ʃ t	m ʌ n t͡ʃ t	1	1	reg_t	reg_t	reg_t
model_region	p l æ s t ɹ̩	p l æ s t ɹ̩ d	p l æ s t ɹ̩ d	ʃ o ʊ l d ɹ̩	ʃ o ʊ l d ɹ̩ d	ʃ o ʊ l d ɹ̩ d	p l æ s t ɹ̩ d	1	1	reg_d	reg_d	reg_d
model_region	f a ɪ t	f ɔ t	f a ɪ t ə d	l a ɪ t	l a ɪ t ə d	l ɪ t	f a ɪ t ə d	1	0	vowel_change	reg_əd	reg_əd
model_region	t r æ k	t r æ k t	t r æ k t	ə t æ k	ə t æ k t	ə t æ k t	t r æ k t	1	1	reg_t	reg_t	reg_t
model_region	s o ʊ	s o ʊ d	s o ʊ d	ʃ o ʊ	ʃ o ʊ d	ʃ o ʊ d	s o ʊ d	1	1	reg_d	reg_d	reg_d
model_region	m ɛ l t	m ɛ l t ə d	m ɛ l t ə d	w ɔ n t	w ɔ n t ə d	w ɔ n t ə d	m ɛ l t ə d	1	1	reg_əd	reg_əd	reg_əd
model_region	ɡ l ʌ v	ɡ l ʌ v d	ɡ l ʌ v d	w e ɪ v	w e ɪ v d	w e ɪ v d	ɡ l ʌ v d	1	1	reg_d	reg_d	reg_d
model_region	t͡ʃ ɑː r d͡ʒ	t͡ʃ ɑː r d͡ʒ d	t͡ʃ ɑː r d͡ʒ d	b r ɪ d͡ʒ	b r ɪ d͡ʒ d	b r ɪ d͡ʒ d	t͡ʃ ɑː r d͡ʒ d	1	1	reg_d	reg_d	reg_d
model_region	l ɪ k	l ɪ k t	l ɪ k t	k ɪ k	k ɪ k t	k ɪ k t	l ɪ k t	1	1	reg_t	reg_t	reg_t
model_region	d ɪ l ɪ v ɹ̩	d ɪ l ɪ v ɹ̩ d	d ɪ l ɪ v ɹ̩ d	ʃ o ʊ l d ɹ̩	ʃ o ʊ l d ɹ̩ d	ʃ o ʊ l d ɹ̩ d	d ɪ l ɪ v ɹ̩ d	1	1	reg_d	reg_d	reg_d
model_region	b ʌ m p	b ʌ m p t	b ʌ m p t	d ʌ m p	d ʌ m p t	d ʌ m p t	b ʌ m p t	1	1	reg_t	reg_t	reg_t
model_region	a ɪ	a ɪ d	a ɪ d	o ʊ	o ʊ d	o ʊ d	a ɪ d	1	1	reg_d	reg_d	reg_d
model_region	k iː	k iː d	k iː d	p iː	p iː d	p iː d	k iː d	1	1	reg_d	reg_d	reg_d
model_region	s ɪ z ə l	s ɪ z ə l d	s ɪ z ə l d	s ɛ t ə l	s ɛ t ə l d	s ɛ t ə l d	s ɪ z ə l d	1	1	reg_d	reg_d	reg_d
model_region	ɪ r e ɪ s	ɪ r e ɪ s t	ɪ r e ɪ s t	ɡ r e ɪ s	ɡ r e ɪ s t	ɡ r e ɪ s t	ɪ r e ɪ s t	1	1	reg_t	reg_t	reg_t
model_region	s ɹ̩ a ʊ n d	s ɹ̩ a ʊ n d ə d	s ɹ̩ a ʊ n d ə d	ə n l o ʊ d	ə n l o ʊ d ə d	ə n l o ʊ d ə d	s ɹ̩ a ʊ n d ə d	1	1	reg_əd	reg_əd	reg_əd
model_region	s k ɪ p	s k ɪ p t	s k ɪ p t	k l ɪ p	k l ɪ p t	k l ɪ p t	s k ɪ p t	1	1	reg_t	reg_t	reg_t
model_region	d ɑː k t ɹ̩	d ɑː k t ɹ̩ d	d ɑː k t ɹ̩ d	k l ʌ t ɹ̩	k l ʌ t ɹ̩ d	k l ʌ t ɹ̩ d	d ɑː k t ɹ̩ d	1	1	reg_d	reg_d	reg_d
model_region	s e ɪ l	s e ɪ l d	s e ɪ l d	s t ɪ l	s t ɪ l d	s t ɪ l d	s e ɪ l d	1	1	reg_d	reg_d	reg_d
model_region	ɪ n t ə r ɛ s t	ɪ n t ə r ɛ s t ə d	ɪ n t ə r ɛ s t ə d	d ɪ s t r ʌ k t	d ɪ s t r ʌ k t ə d	d ɪ s t r ʌ k t ə d	ɪ n t ə r ɛ s t ə d	1	1	reg_əd	reg_əd	reg_əd
model_region	t r e ɪ s	t r e ɪ s t	t r e ɪ s t	ɡ r e ɪ s	ɡ r e ɪ s t	ɡ r e ɪ s t	t r e ɪ s t	1	1	reg_t	reg_t	reg_t
model_region	a ɪ ɹ̩ n	a ɪ ɹ̩ n d	a ɪ ɹ̩ n d	d ɑː r n	d ɑː r n d	d ɑː r n d	a ɪ ɹ̩ n d	1	1	reg_d	reg_d	reg_d
model_region	iː v ɪ n	iː v ɪ n d	iː v ɪ n d	m a ɪ n	m a ɪ n d	m a ɪ n d	iː v ɪ n d	1	1	reg_d	reg_d	reg_d
model_region	k o ʊ k s	k o ʊ k s t	k o ʊ k s t	p a ʊ n s	p a ʊ n s t	p a ʊ n s t	k o ʊ k s t	1	1	reg_t	reg_t	reg_t
model_region	z ɪ r ɑː k s	z ɪ r ɑː k s t	z ɪ r ɑː k s t	d ɪ s k ʌ s	d ɪ s k ʌ s t	d ɪ s k ʌ s t	z ɪ r ɑː k s t	1	1	reg_t	reg_t	reg_t
model_region	b ɛ n d	b ɛ n d ə d	b ɛ n t	l ɛ n d	l ɛ n t	l ɛ n t	b ɛ n t	1	0	reg_əd	coda_change	coda_change
model_region	p o ʊ z	p o ʊ z d	p o ʊ z d	n o ʊ z	n o ʊ z d	n o ʊ z d	p o ʊ z d	1	1	reg_d	reg_d	reg_d
model_region	p ɑː k ə t	p ɑː k ə t ə d	p ɑː k ə t ə d	p ɔ ɪ n t	p ɔ ɪ n t ə d	p ɔ ɪ n t ə d	p ɑː k ə t ə d	1	1	reg_əd	reg_əd	reg_əd
model_region	f r a ɪ	f r a ɪ d	f r a ɪ d	s p a ɪ	s p a ɪ d	s p a ɪ d	f r a ɪ d	1	1	reg_d	reg_d	reg_d
model_region	h æ n d ə l	h æ n d ə l d	h æ n d ə l d	m æ ŋ ɡ ə l	m æ ŋ ɡ ə l d	m æ ŋ ɡ ə l d	h æ n d ə l d	1	1	reg_d	reg_d	reg_d
model_region	ə s o ʊ s iː e ɪ t	ə s o ʊ s iː e ɪ t ə d	ə s ʊ s æ k e ɪ t ə d	ə n w a ɪ n d	ə n w a ʊ n d	ə n w a ʊ n d	NA	0	0	reg_əd	other	vowel_change
model_region	æ k t	æ k t ə d	æ k t ə d	p ɑː t	p ɑː t ə d	p ɑː t ə d	æ k t ə d	1	1	reg_əd	reg_əd	reg_əd
model_region	r iː m uː v	r iː m uː v d	r iː m uː v d	r ɪ l iː v	r ɪ l iː v d	r ɪ l iː v d	r iː m uː v d	1	1	reg_d	reg_d	reg_d
model_region	s l o ʊ	s l o ʊ d	s l o ʊ d	f l o ʊ	f l o ʊ d	f l o ʊ d	s l o ʊ d	1	1	reg_d	reg_d	reg_d
model_region	s t r æ p	s t r æ p t	s t r æ p t	s t r ɪ p	s t r ɪ p t	s t r ɪ p t	s t r æ p t	1	1	reg_t	reg_t	reg_t
model_region	d r e ɪ n	d r e ɪ n d	d r e ɪ n d	s t e ɪ n	s t e ɪ n d	s t e ɪ n d	d r e ɪ n d	1	1	reg_d	reg_d	reg_d
model_region	p ɛ ɡ	p ɛ ɡ d	p ɛ ɡ d	b ɛ ɡ	b ɛ ɡ d	b ɛ ɡ d	p ɛ ɡ d	1	1	reg_d	reg_d	reg_d
model_region	k ə m p l e ɪ n	k ə m p l e ɪ n d	k ə m p l e ɪ n d	ɪ k s p l e ɪ n	ɪ k s p l e ɪ n d	ɪ k s p l e ɪ n d	k ə m p l e ɪ n d	1	1	reg_d	reg_d	reg_d
model_region	f ɛ n s	f ɛ n s t	f ɛ n s t	f e ɪ s	f e ɪ s t	f e ɪ s t	f ɛ n s t	1	1	reg_t	reg_t	reg_t
model_region	k r iː e ɪ t	k r iː e ɪ t ə d	k r iː e ɪ t ə d	r ɪ l e ɪ t	r ɪ l e ɪ t ə d	r ɪ l e ɪ t ə d	k r iː e ɪ t ə d	1	1	reg_əd	reg_əd	reg_əd
model_region	f l ʌ ʃ	f l ʌ ʃ t	f l ʌ ʃ t	b r ʌ ʃ	b r ʌ ʃ t	b r ʌ ʃ t	f l ʌ ʃ t	1	1	reg_t	reg_t	reg_t
model_region	ɡ ɑː r d	ɡ ɑː r d ə d	ɡ ɑː r d ə d	f iː l d	f iː l d ə d	f iː l d ə d	ɡ ɑː r d ə d	1	1	reg_əd	reg_əd	reg_əd
model_region	r ɪ ŋ k ə l	r ɪ ŋ k ə l d	r ɪ ŋ k ə l d	t ɪ ŋ k ə l	t ɪ ŋ k ə l d	t ɪ ŋ k ə l d	r ɪ ŋ k ə l d	1	1	reg_d	reg_d	reg_d
model_region	s w iː p	s w ɛ p t	s w iː p t	s w uː p	s w uː p t	s w uː p t	s w iː p t	1	0	vowel_change_suffix	reg_t	reg_t
model_region	s k ɛ d͡ʒ ʊ l	s k ɛ d͡ʒ ʊ l d	s k ɛ d͡ʒ ʊ l d	s ɪ ɡ n ə l	s ɪ ɡ n ə l d	s ɪ ɡ n ə l d	s k ɛ d͡ʒ ʊ l d	1	1	reg_d	reg_d	reg_d
model_region	f ɹ̩ m ɛ n t	f ɹ̩ m ɛ n t ə d	f ɹ̩ m ɛ n t ə d	ə t ɛ m p t	ə t ɛ m p t ə d	ə t ɛ m p t ə d	f ɹ̩ m ɛ n t ə d	1	1	reg_əd	reg_əd	reg_əd
model_region	p ʌ z ə l	p ʌ z ə l d	p ʌ z ə l d	p ɪ k ə l	p ɪ k ə l d	p ɪ k ə l d	p ʌ z ə l d	1	1	reg_d	reg_d	reg_d
model_region	k l ɑː b ɹ̩	k l ɑː b ɹ̩ d	k l ɑː b ɹ̩ d	n ʌ m b ɹ̩	n ʌ m b ɹ̩ d	n ʌ m b ɹ̩ d	k l ɑː b ɹ̩ d	1	1	reg_d	reg_d	reg_d
model_region	d ɪ n a ɪ	d ɪ n a ɪ d	d ɪ n a ɪ d	o ʊ b e ɪ	o ʊ b e ɪ d	o ʊ b e ɪ d	d ɪ n a ɪ d	1	1	reg_d	reg_d	reg_d
model_region	e ɪ k	e ɪ k t	e ɪ k t	p ɪ k	p ɪ k t	p ɪ k t	e ɪ k t	1	1	reg_t	reg_t	reg_t
model_region	l iː n	l iː n d	l ɛ n t	l iː p	l ɛ p t	l ɛ p t	NA	0	0	reg_d	vowel_change_suffix	vowel_change_suffix
model_region	ʃ ɪ v ɹ̩	ʃ ɪ v ɹ̩ d	ʃ ɪ v ɹ̩ d	k ʌ v ɹ̩	k ʌ v ɹ̩ d	k ʌ v ɹ̩ d	ʃ ɪ v ɹ̩ d	1	1	reg_d	reg_d	reg_d
model_region	f l ʌ d	f l ʌ d ə d	f l ʌ d ə d	l o ʊ d	l o ʊ d ə d	l o ʊ d ə d	f l ʌ d ə d	1	1	reg_əd	reg_əd	reg_əd
model_region	w ɪ s k	w ɪ s k t	w ɪ s k t	d ʌ ŋ k	d ʌ ŋ k t	d ʌ ŋ k t	w ɪ s k t	1	1	reg_t	reg_t	reg_t
model_region	k ə n t r o ʊ l	k ə n t r o ʊ l d	k ə n t r o ʊ l d	s k r æ m b ə l	s k r æ m b ə l d	s k r æ m b ə l d	k ə n t r o ʊ l d	1	1	reg_d	reg_d	reg_d
model_region	b ɑː t ə m	b ɑː t ə m d	b ɑː t ə m d	b l e ɪ m	b l e ɪ m d	b l e ɪ m d	b ɑː t ə m d	1	1	reg_d	reg_d	reg_d
model_region	w ɔ r n	w ɔ r n d	w ɔ r n d	d ɑː r n	d ɑː r n d	d ɑː r n d	w ɔ r n d	1	1	reg_d	reg_d	reg_d
model_region	b ɛ r iː	b ɛ r iː d	b ɛ r iː d	v ɛ r iː	v ɛ r iː d	v ɛ r iː d	b ɛ r iː d	1	1	reg_d	reg_d	reg_d
model_region	ɔ f ɹ̩	ɔ f ɹ̩ d	ɔ f ɹ̩ d	s t ɹ̩	s t ɹ̩ d	s t ɹ̩ d	ɔ f ɹ̩ d	1	1	reg_d	reg_d	reg_d
model_region	b ɛ r	b o ʊ r	b ɛ r d	k ɛ r	k ɛ r d	k ɛ r d	b ɛ r d	1	0	vowel_change	reg_d	reg_d
model_region	s l ɪ p	s l ɪ p t	s l ɪ p t	k l ɪ p	k l ɪ p t	k l ɪ p t	s l ɪ p t	1	1	reg_t	reg_t	reg_t
model_region	t͡ʃ iː r	t͡ʃ iː r d	t͡ʃ iː r d	p iː r	p iː r d	p iː r d	t͡ʃ iː r d	1	1	reg_d	reg_d	reg_d
model_region	r ɪ s k	r ɪ s k t	r ɪ s k t	d ʌ ŋ k	d ʌ ŋ k t	d ʌ ŋ k t	r ɪ s k t	1	1	reg_t	reg_t	reg_t
model_region	p ɛ t	p ɛ t ə d	p ɛ t	l ɛ t	l ɛ t	l ɛ t	p ɛ t	1	0	reg_əd	no_change	no_change
model_region	t r ʌ s t	t r ʌ s t ə d	t r ʌ s t ə d	ə d͡ʒ ʌ s t	ə d͡ʒ ʌ s t ə d	ə d͡ʒ ʌ s t ə d	t r ʌ s t ə d	1	1	reg_əd	reg_əd	reg_əd
model_region	ɪ n s t r ʌ k t	ɪ n s t r ʌ k t ə d	ɪ n s t r ʌ k t ə d	d ɪ s t r ʌ k t	d ɪ s t r ʌ k t ə d	d ɪ s t r ʌ k t ə d	ɪ n s t r ʌ k t ə d	1	1	reg_əd	reg_əd	reg_əd
model_region	t͡ʃ ɪ k ə n	t͡ʃ ɪ k ə n d	t͡ʃ ɪ k ə n d	w iː k ə n	w iː k ə n d	w iː k ə n d	t͡ʃ ɪ k ə n d	1	1	reg_d	reg_d	reg_d
model_region	p r iː p ɛ r	p r iː p ɛ r d	p r iː p ɛ r d	ɪ m p l ɔ r	ɪ m p l ɔ r d	ɪ m p l ɔ r d	p r iː p ɛ r d	1	1	reg_d	reg_d	reg_d
model_region	h æ m ɹ̩	h æ m ɹ̩ d	h æ m ɹ̩ d	s ɪ m ɹ̩	s ɪ m ɹ̩ d	s ɪ m ɹ̩ d	h æ m ɹ̩ d	1	1	reg_d	reg_d	reg_d
model_region	s p r ɪ ŋ k ə l	s p r ɪ ŋ k ə l d	s p r æ ŋ k ə l d	d r ɪ ŋ k	d r æ ŋ k	d r æ ŋ k	NA	0	0	reg_d	other	vowel_change
model_region	r ɛ s ə l	r ɛ s ə l d	r ɛ s ə l d	w ɪ s ə l	w ɪ s ə l d	w ɪ s ə l d	r ɛ s ə l d	1	1	reg_d	reg_d	reg_d
model_region	h ɛ m	h ɛ m d	h ɛ m d	θ ʌ m	θ ʌ m d	θ ʌ m d	h ɛ m d	1	1	reg_d	reg_d	reg_d
model_region	p l æ n	p l æ n d	p l æ n d	m o ʊ n	m o ʊ n d	m o ʊ n d	p l æ n d	1	1	reg_d	reg_d	reg_d
model_region	s t æ ʃ	s t æ ʃ t	s t æ ʃ t	s m æ ʃ	s m æ ʃ t	s m æ ʃ t	s t æ ʃ t	1	1	reg_t	reg_t	reg_t
model_region	m ɑː r k	m ɑː r k t	m ɑː r k t	b ɑː r k	b ɑː r k t	b ɑː r k t	m ɑː r k t	1	1	reg_t	reg_t	reg_t
model_region	k e ɪ v	k e ɪ v d	k e ɪ v d	s e ɪ v	s e ɪ v d	s e ɪ v d	k e ɪ v d	1	1	reg_d	reg_d	reg_d
model_region	k ɹ̩ l	k ɹ̩ l d	k ɹ̩ l d	w ɹ̩ l	w ɹ̩ l d	w ɹ̩ l d	k ɹ̩ l d	1	1	reg_d	reg_d	reg_d
model_region	p r e ɪ z	p r e ɪ z d	p r e ɪ z d	k l o ʊ z	k l o ʊ z d	k l o ʊ z d	p r e ɪ z d	1	1	reg_d	reg_d	reg_d
model_region	d æ m	d æ m d	d æ m d	z uː m	z uː m d	z uː m d	d æ m d	1	1	reg_d	reg_d	reg_d
model_region	f l ʌ t ɹ̩	f l ʌ t ɹ̩ d	f l ʌ t ɹ̩ d	k l ʌ t ɹ̩	k l ʌ t ɹ̩ d	k l ʌ t ɹ̩ d	f l ʌ t ɹ̩ d	1	1	reg_d	reg_d	reg_d
model_region	b ɛ l t	b ɛ l t ə d	b ɛ l t ə d	w ɔ n t	w ɔ n t ə d	w ɔ n t ə d	b ɛ l t ə d	1	1	reg_əd	reg_əd	reg_əd
model_region	b ɔ l	b ɔ l d	b ɔ l d	k ɔ l	k ɔ l d	k ɔ l d	b ɔ l d	1	1	reg_d	reg_d	reg_d
model_region	s k æ l ə p	s k æ l ə p t	s k æ l ə p t	s k r e ɪ p	s k r e ɪ p t	s k r e ɪ p t	s k æ l ə p t	1	1	reg_t	reg_t	reg_t
model_region	k ə m p ɛ r	k ə m p ɛ r d	k ə m p ɛ r d	ɪ m p l ɔ r	ɪ m p l ɔ r d	ɪ m p l ɔ r d	k ə m p ɛ r d	1	1	reg_d	reg_d	reg_d
model_region	b ɔ ɪ l	b ɔ ɪ l d	b ɔ ɪ l d	p a ɪ l	p a ɪ l d	p a ɪ l d	b ɔ ɪ l d	1	1	reg_d	reg_d	reg_d
model_region	s k æ n	s k æ n d	s k æ n d	m o ʊ n	m o ʊ n d	m o ʊ n d	s k æ n d	1	1	reg_d	reg_d	reg_d
model_region	r ɛ k ə m ɛ n d	r ɛ k ə m ɛ n d ə d	r ɛ k ə m ɛ n d	p ɹ̩ s w e ɪ d	p ɹ̩ s w e ɪ d ə d	p ɹ̩ s w e ɪ d ə d	r ɛ k ə m ɛ n d ə d	0	1	reg_əd	no_change	reg_əd
model_region	t o ʊ	t o ʊ d	t o ʊ d	ʃ o ʊ	ʃ o ʊ d	ʃ o ʊ d	t o ʊ d	1	1	reg_d	reg_d	reg_d
model_region	s t r ɛ s	s t r ɛ s t	s t r ɛ s t	ə d r ɛ s	ə d r ɛ s t	ə d r ɛ s t	s t r ɛ s t	1	1	reg_t	reg_t	reg_t
model_region	b æ n d	b æ n d ə d	b æ n d ə d	l æ n d	l æ n d ə d	l æ n d ə d	b æ n d ə d	1	1	reg_əd	reg_əd	reg_əd
model_region	b o ʊ s t	b o ʊ s t ə d	b o ʊ s t ə d	r o ʊ s t	r o ʊ s t ə d	r o ʊ s t ə d	b o ʊ s t ə d	1	1	reg_əd	reg_əd	reg_əd
model_region	r ɛ s k j uː	r ɛ s k j uː d	r ɛ s k j uː d	ɑː r ɡ j uː	ɑː r ɡ j uː d	ɑː r ɡ j uː d	r ɛ s k j uː d	1	1	reg_d	reg_d	reg_d
model_region	b ʌ s	b ʌ s t	b ʌ s t	f ʌ s	f ʌ s t	f ʌ s t	b ʌ s t	1	1	reg_t	reg_t	reg_t
model_region	m ɑː r	m ɑː r d	m ɑː r d	r ɔ r	r ɔ r d	r ɔ r d	m ɑː r d	1	1	reg_d	reg_d	reg_d
model_region	t ʌ m b ə l	t ʌ m b ə l d	t ʌ m b ə l d	t e ɪ b ə l	t e ɪ b ə l d	t e ɪ b ə l d	t ʌ m b ə l d	1	1	reg_d	reg_d	reg_d
model_region	d ɪ s t r ɔ ɪ	d ɪ s t r ɔ ɪ d	d ɪ s t r ɔ r d	r a ɪ m	r o ʊ m	r a ɪ m d	NA	0	0	reg_d	rhyme_replaced	vowel_change
model_region	w æ ɡ	w æ ɡ d	w æ ɡ d	b æ ɡ	b æ ɡ d	b æ ɡ d	w æ ɡ d	1	1	reg_d	reg_d	reg_d
model_region	p a ʊ ɹ̩	p a ʊ ɹ̩ d	p a ʊ ɹ̩ d	t a ʊ ɹ̩	t a ʊ ɹ̩ d	t a ʊ ɹ̩ d	p a ʊ ɹ̩ d	1	1	reg_d	reg_d	reg_d
model_region	b l iː t͡ʃ	b l iː t͡ʃ t	b l ɛ t͡ʃ t	b l iː d	b l ɛ d	b l ɛ d	NA	0	0	reg_t	vowel_change_suffix	vowel_change
model_region	t æ ŋ ɡ ə l	t æ ŋ ɡ ə l d	t æ ŋ ɡ ə l d	d æ ŋ ɡ ə l	d æ ŋ ɡ ə l d	d æ ŋ ɡ ə l d	t æ ŋ ɡ ə l d	1	1	reg_d	reg_d	reg_d
model_region	n ɔ	n ɔ d	n ɔ d	s ɔ	s ɔ d	s ɔ d	n ɔ d	1	1	reg_d	reg_d	reg_d
model_region	r o ʊ m	r o ʊ m d	r o ʊ m d	f ɪ l m	f ɪ l m d	f ɪ l m d	r o ʊ m d	1	1	reg_d	reg_d	reg_d
model_region	b l ɪ ŋ k	b l ɪ ŋ k t	b l æ ŋ k	f l ɪ ŋ	f l ʌ ŋ	f l ʌ ŋ	NA	0	0	reg_t	vowel_change	vowel_change
model_region	t w ɹ̩ l	t w ɹ̩ l d	t w ɹ̩ l d	s t ɔ l	s t ɔ l d	s t ɔ l d	t w ɹ̩ l d	1	1	reg_d	reg_d	reg_d
model_region	ə n b ʌ t ə n	ə n b ʌ t ə n d	ə n b ʌ t ə n d	f r a ɪ t ə n	f r a ɪ t ə n d	f r a ɪ t ə n d	ə n b ʌ t ə n d	1	1	reg_d	reg_d	reg_d
model_region	θ r ɛ t ə n	θ r ɛ t ə n d	θ r ɛ t ə n d	p ɔ ɪ z ə n	p ɔ ɪ z ə n d	p ɔ ɪ z ə n d	θ r ɛ t ə n d	1	1	reg_d	reg_d	reg_d
model_region	b ɛ l o ʊ	b ɛ l o ʊ d	b ɛ l o ʊ d	f ɑː l o ʊ	f ɑː l o ʊ d	f ɑː l o ʊ d	b ɛ l o ʊ d	1	1	reg_d	reg_d	reg_d
model_region	s p ɛ ʃ ə l a ɪ z	s p ɛ ʃ ə l a ɪ z d	s p ɛ ʃ ə l a ɪ z d	æ k s ɛ s ɹ̩ a ɪ z	æ k s ɛ s ɹ̩ a ɪ z d	æ k s ɛ s ɹ̩ a ɪ z d	s p ɛ ʃ ə l a ɪ z d	1	1	reg_d	reg_d	reg_d
model_region	ɪ n ɪ ʃ iː e ɪ t	ɪ n ɪ ʃ iː e ɪ t ə d	ɪ n ɪ ʃ ɪ e ɪ t ə d	ʃ e ɪ k	ʃ ʊ k	ʃ ʊ k	NA	0	0	reg_əd	other	vowel_change
model_region	p iː p	p iː p t	p iː p t	s iː p	s iː p t	s iː p t	p iː p t	1	1	reg_t	reg_t	reg_t
model_region	ʃ ʌ f ə l	ʃ ʌ f ə l d	ʃ ʌ f ə l d	w ɑː f ə l	w ɑː f ə l d	w ɑː f ə l d	ʃ ʌ f ə l d	1	1	reg_d	reg_d	reg_d
model_region	ɪ n f l uː ə n s	ɪ n f l uː ə n s t	ɪ n f l uː n ə n d	k ə n t ɪ n j uː	k ə n t ɪ n j uː d	k ə n t ɪ n j uː d	ɪ n f l uː ə n s d	0	0	reg_t	other	reg_d
model_region	d a ʊ n	d a ʊ n d	d a ʊ n d	m o ʊ n	m o ʊ n d	m o ʊ n d	d a ʊ n d	1	1	reg_d	reg_d	reg_d
model_region	d ɪ v ɛ l ə p	d ɪ v ɛ l ə p t	d ɪ v ɛ l ə p ə d	o ʊ v ɹ̩ l æ p	o ʊ v ɹ̩ l æ p t	o ʊ v ɹ̩ l æ p t	d ɪ v ɛ l ə p t	0	1	reg_t	reg_əd	reg_t
model_region	s p e ɪ	s p e ɪ d	s p e ɪ d	s t e ɪ	s t e ɪ d	s t e ɪ d	s p e ɪ d	1	1	reg_d	reg_d	reg_d
model_region	r iː p l e ɪ s	r iː p l e ɪ s t	r iː p l e ɪ s t	k ə n v ɪ n s	k ə n v ɪ n s t	k ə n v ɪ n s t	r iː p l e ɪ s t	1	1	reg_t	reg_t	reg_t
model_region	s p ɔ ɪ l	s p ɔ ɪ l d	s p ɔ ɪ l d	s m a ɪ l	s m a ɪ l d	s m a ɪ l d	s p ɔ ɪ l d	1	1	reg_d	reg_d	reg_d
model_region	l e ɪ b ə l	l e ɪ b ə l d	l e ɪ b ə l d	t e ɪ b ə l	t e ɪ b ə l d	t e ɪ b ə l d	l e ɪ b ə l d	1	1	reg_d	reg_d	reg_d
model_region	d r ɪ b ə l	d r ɪ b ə l d	d r ɪ b ə l d	t r ʌ b ə l	t r ʌ b ə l d	t r ʌ b ə l d	d r ɪ b ə l d	1	1	reg_d	reg_d	reg_d
model_region	t͡ʃ æ n ə l	t͡ʃ æ n ə l d	t͡ʃ æ n ə l d	k ʌ d ə l	k ʌ d ə l d	k ʌ d ə l d	t͡ʃ æ n ə l d	1	1	reg_d	reg_d	reg_d
model_region	ɪ m p r uː v	ɪ m p r uː v d	ɪ m p r uː v d	ɪ n v ɑː l v	ɪ n v ɑː l v d	ɪ n v ɑː l v d	ɪ m p r uː v d	1	1	reg_d	reg_d	reg_d
model_region	p r e ɪ	p r e ɪ d	p r e ɪ d	p l e ɪ	p l e ɪ d	p l e ɪ d	p r e ɪ d	1	1	reg_d	reg_d	reg_d
model_region	w ɛ t	w ɛ t	w ɛ t	l ɛ t	l ɛ t	l ɛ t	w ɛ t	1	1	no_change	no_change	no_change
model_region	s t r e ɪ n	s t r e ɪ n d	s t r e ɪ n d	p ɑː r d ə n	p ɑː r d ə n d	p ɑː r d ə n d	s t r e ɪ n d	1	1	reg_d	reg_d	reg_d
model_region	m ɑː r b ə l	m ɑː r b ə l d	m ɑː r b ə l d	t r ʌ b ə l	t r ʌ b ə l d	t r ʌ b ə l d	m ɑː r b ə l d	1	1	reg_d	reg_d	reg_d
model_region	ʃ ɛ l	ʃ ɛ l d	ʃ o ʊ l d	ʃ uː t	ʃ ɑː t	ʃ ɑː t	NA	0	0	reg_d	vowel_change_suffix	vowel_change
model_region	k o ʊ ɑː p ɹ̩ e ɪ t	k o ʊ ɑː p ɹ̩ e ɪ t ə d	k o ʊ ɑː p ɹ̩ e ɪ t ə d	d uː p l ə k e ɪ t	d uː p l ə k e ɪ t ə d	d uː p l ə k e ɪ t ə d	k o ʊ ɑː p ɹ̩ e ɪ t ə d	1	1	reg_əd	reg_əd	reg_əd
model_region	ɡ r e ɪ t	ɡ r e ɪ t ə d	ɡ r e ɪ t ə d	s t e ɪ t	s t e ɪ t ə d	s t e ɪ t ə d	ɡ r e ɪ t ə d	1	1	reg_əd	reg_əd	reg_əd
model_region	f ɔ r m j ə l e ɪ t	f ɔ r m j ə l e ɪ t ə d	f ɔ r b ə l j ə l e ɪ t ə d	b r e ɪ k	b r o ʊ k	b r o ʊ k	NA	0	0	reg_əd	other	vowel_change
model_region	k æ n s ə l	k æ n s ə l d	k æ n s ə l d	m æ ŋ ɡ ə l	m æ ŋ ɡ ə l d	m æ ŋ ɡ ə l d	k æ n s ə l d	1	1	reg_d	reg_d	reg_d
model_region	d ɪ s k ʌ v ɹ̩	d ɪ s k ʌ v ɹ̩ d	d ɪ s k ʌ v ɹ̩ d	s p l ɪ n t ɹ̩	s p l ɪ n t ɹ̩ d	s p l ɪ n t ɹ̩ d	d ɪ s k ʌ v ɹ̩ d	1	1	reg_d	reg_d	reg_d
model_region	ə m e ɪ z	ə m e ɪ z d	ə m e ɪ z d	k l o ʊ z	k l o ʊ z d	k l o ʊ z d	ə m e ɪ z d	1	1	reg_d	reg_d	reg_d
model_region	f æ n s iː	f æ n s iː d	f æ n s iː d	s t ʌ d iː	s t ʌ d iː d	s t ʌ d iː d	f æ n s iː d	1	1	reg_d	reg_d	reg_d
model_region	æ n ə l a ɪ z	æ n ə l a ɪ z d	æ n ə l a ɪ z d	m ɛ m ɹ̩ a ɪ z	m ɛ m ɹ̩ a ɪ z d	m ɛ m ɹ̩ a ɪ z d	æ n ə l a ɪ z d	1	1	reg_d	reg_d	reg_d
model_region	t e ɪ l ɹ̩	t e ɪ l ɹ̩ d	t e ɪ l ɹ̩ d	t r ɪ ɡ ɹ̩	t r ɪ ɡ ɹ̩ d	t r ɪ ɡ ɹ̩ d	t e ɪ l ɹ̩ d	1	1	reg_d	reg_d	reg_d
model_region	p ɑː r t͡ʃ	p ɑː r t͡ʃ t	p ɑː r t͡ʃ t	m ɑː r t͡ʃ	m ɑː r t͡ʃ t	m ɑː r t͡ʃ t	p ɑː r t͡ʃ t	1	1	reg_t	reg_t	reg_t
model_region	b ɪ d	b e ɪ d	b ɪ d ə d	k ɪ d	k ɪ d ə d	k ɪ d ə d	b ɪ d ə d	1	0	vowel_change	reg_əd	reg_əd
model_region	s o ʊ k	s o ʊ k t	s o ʊ k t	t͡ʃ o ʊ k	t͡ʃ o ʊ k t	t͡ʃ o ʊ k t	s o ʊ k t	1	1	reg_t	reg_t	reg_t
model_region	s uː	s uː d	s uː d	t͡ʃ uː	t͡ʃ uː d	t͡ʃ uː d	s uː d	1	1	reg_d	reg_d	reg_d
model_region	f æ n	f æ n d	f æ n d	o ʊ n	o ʊ n d	o ʊ n d	f æ n d	1	1	reg_d	reg_d	reg_d
model_region	f r ɛ k ə l	f r ɛ k ə l d	f r ɛ k ə l d	t r ʌ b ə l	t r ʌ b ə l d	t r ʌ b ə l d	f r ɛ k ə l d	1	1	reg_d	reg_d	reg_d
model_region	ə n d uː	ə n d ɪ d	ə n d uː d	s k r uː	s k r uː d	s k r uː d	ə n d uː d	1	0	vowel_change_suffix	reg_d	reg_d
model_region	θ ʌ m p	θ ʌ m p t	θ ʌ m p t	d ʌ m p	d ʌ m p t	d ʌ m p t	θ ʌ m p t	1	1	reg_t	reg_t	reg_t
model_region	w ɑː b ə l	w ɑː b ə l d	w ɑː b ə l d	ɡ ɑː b ə l	ɡ ɑː b ə l d	ɡ ɑː b ə l d	w ɑː b ə l d	1	1	reg_d	reg_d	reg_d
model_region	ɡ r ɪ l	ɡ r ɪ l d	ɡ r ɪ l d	d r ɪ l	d r ɪ l d	d r ɪ l d	ɡ r ɪ l d	1	1	reg_d	reg_d	reg_d
model_region	ə s uː m	ə s uː m d	ə s uː m d	d r iː m	d r iː m d	d r iː m d	ə s uː m d	1	1	reg_d	reg_d	reg_d
model_region	z ɪ ɡ z æ ɡ	z ɪ ɡ z æ ɡ d	z ɪ ɡ z æ ɡ d	ə n p l ʌ ɡ	ə n p l ʌ ɡ d	ə n p l ʌ ɡ d	z ɪ ɡ z æ ɡ d	1	1	reg_d	reg_d	reg_d
model_region	p ɛ r ə ʃ uː t	p ɛ r ə ʃ uː t ə d	p ɛ r ə ʃ ə t ə d	r iː f r ɛ ʃ	r iː f r ɛ ʃ t	r iː f r ɛ ʃ t	p ɛ r ə ʃ uː t t	0	0	reg_əd	other	reg_t
model_region	ɛ ɡ	ɛ ɡ d	ɛ ɡ d	ɡ ɛ t	ɡ ɑː t	ɡ ɑː t	NA	0	0	reg_d	reg_d	vowel_change
model_region	l o ʊ k e ɪ t	l o ʊ k e ɪ t ə d	l o ʊ k e ɪ t ə d	d o ʊ n e ɪ t	d o ʊ n e ɪ t ə d	d o ʊ n e ɪ t ə d	l o ʊ k e ɪ t ə d	1	1	reg_əd	reg_əd	reg_əd
model_region	n e ɪ l	n e ɪ l d	n e ɪ l d	d͡ʒ e ɪ l	d͡ʒ e ɪ l d	d͡ʒ e ɪ l d	n e ɪ l d	1	1	reg_d	reg_d	reg_d
model_region	f a ɪ n	f a ɪ n d	f a ɪ n d	r e ɪ n	r e ɪ n d	r e ɪ n d	f a ɪ n d	1	1	reg_d	reg_d	reg_d
model_region	ʃ r ɪ v ə l	ʃ r ɪ v ə l d	ʃ r ɪ v ə l d	t r æ v ə l	t r æ v ə l d	t r æ v ə l d	ʃ r ɪ v ə l d	1	1	reg_d	reg_d	reg_d
model_region	t͡ʃ a ɪ m	t͡ʃ a ɪ m d	t͡ʃ a ɪ m d	t a ɪ m	t a ɪ m d	t a ɪ m d	t͡ʃ a ɪ m d	1	1	reg_d	reg_d	reg_d
model_region	ɪ v æ p ɹ̩ e ɪ t	ɪ v æ p ɹ̩ e ɪ t ə d	ɪ v æ p ɹ̩ e ɪ t ə d	f æ s ə n e ɪ t	f æ s ə n e ɪ t ə d	f æ s ə n e ɪ t ə d	ɪ v æ p ɹ̩ e ɪ t ə d	1	1	reg_əd	reg_əd	reg_əd
model_region	ɑː k j ə p a ɪ	ɑː k j ə p a ɪ d	ɑː k j ə p a ɪ d	f r a ɪ t ə n	f r a ɪ t ə n d	f r a ɪ t ə n d	ɑː k j ə p a ɪ d	1	1	reg_d	reg_d	reg_d
model_region	k l ɑː ɡ	k l ɑː ɡ d	k l ɑː ɡ d	s n æ ɡ	s n æ ɡ d	s n æ ɡ d	k l ɑː ɡ d	1	1	reg_d	reg_d	reg_d
model_region	m æ p	m æ p t	m æ p t	z æ p	z æ p t	z æ p t	m æ p t	1	1	reg_t	reg_t	reg_t
model_region	ɡ e ɪ z	ɡ e ɪ z d	ɡ e ɪ z d	r e ɪ z	r e ɪ z d	r e ɪ z d	ɡ e ɪ z d	1	1	reg_d	reg_d	reg_d
model_region	s k æ t ɹ̩	s k æ t ɹ̩ d	s k æ t ɹ̩ d	f ɪ l t ɹ̩	f ɪ l t ɹ̩ d	f ɪ l t ɹ̩ d	s k æ t ɹ̩ d	1	1	reg_d	reg_d	reg_d
model_region	s n ɑː r ə l	s n ɑː r ə l d	s n ɑː r ə l d	s ɪ ɡ n ə l	s ɪ ɡ n ə l d	s ɪ ɡ n ə l d	s n ɑː r ə l d	1	1	reg_d	reg_d	reg_d
model_region	f l e ɪ v ɹ̩	f l e ɪ v ɹ̩ d	f l e ɪ v ɹ̩ d	r ɪ t a ɪ ɹ̩	r ɪ t a ɪ ɹ̩ d	r ɪ t a ɪ ɹ̩ d	f l e ɪ v ɹ̩ d	1	1	reg_d	reg_d	reg_d
model_region	ɪ d͡ʒ ɛ k t	ɪ d͡ʒ ɛ k t ə d	ɪ d͡ʒ ɛ k t ə d	k ɹ̩ ɛ k t	k ɹ̩ ɛ k t ə d	k ɹ̩ ɛ k t ə d	ɪ d͡ʒ ɛ k t ə d	1	1	reg_əd	reg_əd	reg_əd
model_region	r iː æ k t	r iː æ k t ə d	r iː æ k t ə d	b l æ s t	b l æ s t ə d	b l æ s t ə d	r iː æ k t ə d	1	1	reg_əd	reg_əd	reg_əd
model_region	s t e ɪ p ə l	s t e ɪ p ə l d	s t e ɪ p ə l d	s k r ɪ b ə l	s k r ɪ b ə l d	s k r ɪ b ə l d	s t e ɪ p ə l d	1	1	reg_d	reg_d	reg_d
model_region	ɪ k s p l o ʊ d	ɪ k s p l o ʊ d ə d	ɪ k s p l o ʊ d	p ɹ̩ s w e ɪ d	p ɹ̩ s w e ɪ d ə d	p ɹ̩ s w e ɪ d ə d	ɪ k s p l o ʊ d ə d	0	1	reg_əd	no_change	reg_əd
model_region	r ɪ z ɛ m b ə l	r ɪ z ɛ m b ə l d	r ɪ z ɛ m b ə l d	s k r æ m b ə l	s k r æ m b ə l d	s k r æ m b ə l d	r ɪ z ɛ m b ə l d	1	1	reg_d	reg_d	reg_d
model_region	s w ɪ v ə l	s w ɪ v ə l d	s w ɪ v ə l d	s ɪ ɡ n ə l	s ɪ ɡ n ə l d	s ɪ ɡ n ə l d	s w ɪ v ə l d	1	1	reg_d	reg_d	reg_d
model_region	w æ k s	w æ k s t	w æ k s t	m æ k s	m æ k s t	m æ k s t	w æ k s t	1	1	reg_t	reg_t	reg_t
model_region	s k r a ʊ n d͡ʒ	s k r a ʊ n d͡ʒ d	s k r a ʊ n d͡ʒ d	r iː ɹ̩ e ɪ n d͡ʒ	r iː ɹ̩ e ɪ n d͡ʒ d	r iː ɹ̩ e ɪ n d͡ʒ d	s k r a ʊ n d͡ʒ d	1	1	reg_d	reg_d	reg_d
model_region	ɔ r ɡ ə n a ɪ z	ɔ r ɡ ə n a ɪ z d	ɔ r ɡ ə n a ɪ z d	ɛ k s ɹ̩ s a ɪ z	ɛ k s ɹ̩ s a ɪ z d	ɛ k s ɹ̩ s a ɪ z d	ɔ r ɡ ə n a ɪ z d	1	1	reg_d	reg_d	reg_d
model_region	d ɪ z a ɪ n	d ɪ z a ɪ n d	d ɪ z a ɪ n d	p ɔ ɪ z ə n	p ɔ ɪ z ə n d	p ɔ ɪ z ə n d	d ɪ z a ɪ n d	1	1	reg_d	reg_d	reg_d
model_template	s e ɪ	s ɛ d	s e ɪ d	l e ɪ	l e ɪ d	l e ɪ d	s e ɪ d	1	0	vowel_change_suffix	reg_d	reg_d
model_template	ɡ o ʊ	w ɛ n t	ɡ o ʊ d	r o ʊ	r o ʊ d	r o ʊ d	ɡ o ʊ d	1	0	other	reg_d	reg_d
model_template	h æ p ə n	h æ p ə n d	h æ p ə n d	o ʊ p ə n	o ʊ p ə n d	o ʊ p ə n d	h æ p ə n d	1	1	reg_d	reg_d	reg_d
model_template	k æ t͡ʃ	k ɔ t	k æ t͡ʃ t	p æ t͡ʃ	p æ t͡ʃ t	p æ t͡ʃ t	k æ t͡ʃ t	1	0	rhyme_replaced	reg_t	reg_t
model_template	l ʌ v	l ʌ v d	l ʌ v d	m uː v	m uː v d	m uː v d	l ʌ v d	1	1	reg_d	reg_d	reg_d
model_template	w ɹ̩ k	w ɹ̩ k t	w ɹ̩ k t	d͡ʒ ɹ̩ k	d͡ʒ ɹ̩ k t	d͡ʒ ɹ̩ k t	w ɹ̩ k t	1	1	reg_t	reg_t	reg_t
model_template	k ʌ t	k ʌ t	k e ɪ t	k ʌ m	k e ɪ m	k e ɪ m	NA	0	0	no_change	vowel_change	vowel_change
model_template	n iː d	n iː d ə d	n iː d ə d	b iː d	b iː d ə d	b iː d ə d	n iː d ə d	1	1	reg_əd	reg_əd	reg_əd
model_template	z ɪ p ɹ̩	z ɪ p ɹ̩ d	z ɪ p ɹ̩ d	l ɪ t ɹ̩	l ɪ t ɹ̩ d	l ɪ t ɹ̩ d	z ɪ p ɹ̩ d	1	1	reg_d	reg_d	reg_d
model_template	b a ɪ	b ɔ t	b a ɪ d	s a ɪ	s a ɪ d	s a ɪ d	b a ɪ d	1	0	vowel_change_suffix	reg_d	reg_d
model_template	m iː t	m ɛ t	m iː t ə d	p r iː z ɛ n t	p r iː z ɛ n t ə d	p r iː z ɛ n t ə d	m iː t ə d	1	0	vowel_change	reg_əd	reg_əd
model_template	m e ɪ l	m e ɪ l d	m e ɪ l d	d͡ʒ e ɪ l	d͡ʒ e ɪ l d	d͡ʒ e ɪ l d	m e ɪ l d	1	1	reg_d	reg_d	reg_d
model_template	t iː t͡ʃ	t ɔ t	t iː t͡ʃ t	t ʌ t͡ʃ	t ʌ t͡ʃ t	t ʌ t͡ʃ t	t iː t͡ʃ t	1	0	rhyme_replaced	reg_t	reg_t
model_template	s p ɛ n d	s p ɛ n t	s p ɛ n d ə d	m a ɪ n d	m a ɪ n d ə d	m a ɪ n d ə d	s p ɛ n d ə d	1	0	coda_change	reg_əd	reg_əd
model_template	h æ n d	h æ n d ə d	h æ n d ə d	s æ n d	s æ n d ə d	s æ n d ə d	h æ n d ə d	1	1	reg_əd	reg_əd	reg_əd
model_template	m ɛ r iː	m ɛ r iː d	m ɛ r iː d	h ɛ r iː	h ɛ r iː d	h ɛ r iː d	m ɛ r iː d	1	1	reg_d	reg_d	reg_d
model_template	r ɛ d iː	r ɛ d iː d	r ɛ d iː d	m ʌ d iː	m ʌ d iː d	m ʌ d iː d	r ɛ d iː d	1	1	reg_d	reg_d	reg_d
model_template	f l o ʊ t	f l o ʊ t ə d	f l o ʊ t ə d	k w o ʊ t	k w o ʊ t ə d	k w o ʊ t ə d	f l o ʊ t ə d	1	1	reg_əd	reg_əd	reg_əd
model_template	s k w ɹ̩ t	s k w ɹ̩ t ə d	s k w ɹ̩ t ə d	s t ʌ n t	s t ʌ n t ə d	s t ʌ n t ə d	s k w ɹ̩ t ə d	1	1	reg_əd	reg_əd	reg_əd
model_template	w ɔ k	w ɔ k t	w ɔ k t	t͡ʃ ɔ k	t͡ʃ ɔ k t	t͡ʃ ɔ k t	w ɔ k t	1	1	reg_t	reg_t	reg_t
model_template	f ɪ k s	f ɪ k s t	f ɪ k s t	b ɑː k s	b ɑː k s t	b ɑː k s t	f ɪ k s t	1	1	reg_t	reg_t	reg_t
model_template	p r æ k t ɪ s	p r æ k t ɪ s t	p r æ k t ɪ s t	k ə n v ɪ n s	k ə n v ɪ n s t	k ə n v ɪ n s t	p r æ k t ɪ s t	1	1	reg_t	reg_t	reg_t
model_template	k iː p	k ɛ p t	k iː p t	p uː p	p uː p t	p uː p t	k iː p t	1	0	vowel_change_suffix	reg_t	reg_t
model_template	n ɪ b ə l	n ɪ b ə l d	n ɪ b ə l d	b ʌ b ə l	b ʌ b ə l d	b ʌ b ə l d	n ɪ b ə l d	1	1	reg_d	reg_d	reg_d
model_template	w uː	w uː d	w uː d	t͡ʃ uː	t͡ʃ uː d	t͡ʃ uː d	w uː d	1	1	reg_d	reg_d	reg_d
model_template	k ɪ l	k ɪ l d	k ɪ l d	b ɪ l	b ɪ l d	b ɪ l d	k ɪ l d	1	1	reg_d	reg_d	reg_d
model_template	k æ r iː	k æ r iː d	k æ r iː d	h ɛ r iː	h ɛ r iː d	h ɛ r iː d	k æ r iː d	1	1	reg_d	reg_d	reg_d
model_template	ɹ̩ n	ɹ̩ n d	ɹ̩ n d	ɛ r	ɛ r d	ɛ r d	ɹ̩ n d	1	1	reg_d	reg_d	reg_d
model_template	k ə l ɛ k t	k ə l ɛ k t ə d	k ə l ɛ k t ə d	k ə n ɛ k t	k ə n ɛ k t ə d	k ə n ɛ k t ə d	k ə l ɛ k t ə d	1	1	reg_əd	reg_əd	reg_əd
model_template	d æ n s	d æ n s t	d æ n s t	p ɪ r s	p ɪ r s t	p ɪ r s t	d æ n s t	1	1	reg_t	reg_t	reg_t
model_template	d r ɔ	d r uː	d r ɔ d	f iː r	f iː r d	f iː r d	d r ɔ d	1	0	vowel_change	reg_d	reg_d
model_template	p r a ɪ	p r a ɪ d	p r a ɪ d	k r a ɪ	k r a ɪ d	k r a ɪ d	p r a ɪ d	1	1	reg_d	reg_d	reg_d
model_template	ɪ n v a ɪ t	ɪ n v a ɪ t ə d	ɪ n v a ɪ t ə d	ɪ k s a ɪ t	ɪ k s a ɪ t ə d	ɪ k s a ɪ t ə d	ɪ n v a ɪ t ə d	1	1	reg_əd	reg_əd	reg_əd
model_template	r iː ə l a ɪ z	r iː ə l a ɪ z d	r iː ə l a ɪ z d	m ɛ m ɹ̩ a ɪ z	m ɛ m ɹ̩ a ɪ z d	m ɛ m ɹ̩ a ɪ z d	r iː ə l a ɪ z d	1	1	reg_d	reg_d	reg_d
model_template	d r ɛ s	d r ɛ s t	d r ɛ s t	b l ɛ s	b l ɛ s t	b l ɛ s t	d r ɛ s t	1	1	reg_t	reg_t	reg_t
model_template	t r æ n z m ɪ t	t r æ n z m ɪ t ə d	t r æ n m e ɪ t ə d	s t ɪ ŋ k	s t ʌ ŋ k	s t ʌ ŋ k	NA	0	0	reg_əd	other	vowel_change
model_template	ʃ uː	ʃ uː d	ʃ uː	h j uː	h j uː	h j uː	ʃ uː	1	0	reg_d	no_change	no_change
model_template	p iː s	p iː s t	p iː s t	t ɔ s	t ɔ s t	t ɔ s t	p iː s t	1	1	reg_t	reg_t	reg_t
model_template	d ɛ r	d ɛ r d	d ɛ r d	k ɛ r	k ɛ r d	k ɛ r d	d ɛ r d	1	1	reg_d	reg_d	reg_d
model_template	b ɪ l d	b ɪ l t	b ɪ l d ə d	b ɔ r d	b ɔ r d ə d	b ɔ r d ə d	b ɪ l d ə d	1	0	coda_change	reg_əd	reg_əd
model_template	w ɪ n	w ʌ n	w ɪ n d	θ ɪ n	θ ɪ n d	θ ɪ n d	w ɪ n d	1	0	vowel_change	reg_d	reg_d
model_template	k l a ɪ m	k l a ɪ m d	k l a ɪ m d	b l e ɪ m	b l e ɪ m d	b l e ɪ m d	k l a ɪ m d	1	1	reg_d	reg_d	reg_d
model_template	s t ʌ f	s t ʌ f t	s t ʌ f t	s n ʌ f	s n ʌ f t	s n ʌ f t	s t ʌ f t	1	1	reg_t	reg_t	reg_t
model_template	s t æ n d	s t ʊ d	s t æ n d ə d	s a ʊ n d	s a ʊ n d ə d	s a ʊ n d ə d	s t æ n d ə d	1	0	rhyme_replaced	reg_əd	reg_əd
model_template	d a ɪ s	d a ɪ s t	d o ʊ s t	d a ɪ v	d o ʊ v	d o ʊ v	NA	0	0	reg_t	vowel_change_suffix	vowel_change
model_template	k o ʊ m	k o ʊ m d	k o ʊ m d	m o ʊ n	m o ʊ n d	m o ʊ n d	k o ʊ m d	1	1	reg_d	reg_d	reg_d
model_template	ɡ r o ʊ	ɡ r uː	ɡ r o ʊ d	ɡ l o ʊ	ɡ l o ʊ d	ɡ l o ʊ d	ɡ r o ʊ d	1	0	vowel_change	reg_d	reg_d
model_template	b ʌ t ɹ̩	b ʌ t ɹ̩ d	b ʌ t ɹ̩ d	b ɛ t ɹ̩	b ɛ t ɹ̩ d	b ɛ t ɹ̩ d	b ʌ t ɹ̩ d	1	1	reg_d	reg_d	reg_d
model_template	ə p s ɛ t	ə p s ɛ t	ə p s ɛ t ə d	d r ɪ f t	d r ɪ f t ə d	d r ɪ f t ə d	ə p s ɛ t ə d	1	0	no_change	reg_əd	reg_əd
model_template	b ɑː r	b ɑː r d	b ɑː r d	b ɔ r	b ɔ r d	b ɔ r d	b ɑː r d	1	1	reg_d	reg_d	reg_d
model_template	m ɪ k s	m ɪ k s t	m ɪ k s t	m æ k s	m æ k s t	m æ k s t	m ɪ k s t	1	1	reg_t	reg_t	reg_t
model_template	l ɹ̩ n	l ɹ̩ n d	l ɹ̩ n d	b ɹ̩ n	b ɹ̩ n d	b ɹ̩ n d	l ɹ̩ n d	1	1	reg_d	reg_d	reg_d
model_template	r æ t ə l	r æ t ə l d	r æ t ə l d	ʃ ʌ t ə l	ʃ ʌ t ə l d	ʃ ʌ t ə l d	r æ t ə l d	1	1	reg_d	reg_d	reg_d
model_template	l uː z	l ɔ s t	l uː z d	b ʌ z	b ʌ z d	b ʌ z d	l uː z d	1	0	rhyme_replaced	reg_d	reg_d
model_template	p ɔ r	p ɔ r d	p ɔ r d	ʃ o ʊ	ʃ o ʊ d	ʃ o ʊ d	p ɔ r d	1	1	reg_d	reg_d	reg_d
model_template	m æ n	m æ n d	m æ n d	p ɛ n	p ɛ n d	p ɛ n d	m æ n d	1	1	reg_d	reg_d	reg_d
model_template	m æ t͡ʃ	m æ t͡ʃ t	m æ t͡ʃ t	w uː p	w uː p t	w uː p t	m æ t͡ʃ t	1	1	reg_t	reg_t	reg_t
model_template	w ɑː n d ɹ̩	w ɑː n d ɹ̩ d	w ɑː n d ɹ̩ d	w ʌ n d ɹ̩	w ʌ n d ɹ̩ d	w ʌ n d ɹ̩ d	w ɑː n d ɹ̩ d	1	1	reg_d	reg_d	reg_d
model_template	r iː m a ɪ n d	r iː m a ɪ n d ə d	r iː m a ɪ n d ə d	r ɪ s p ɑː n d	r ɪ s p ɑː n d ə d	r ɪ s p ɑː n d ə d	r iː m a ɪ n d ə d	1	1	reg_əd	reg_əd	reg_əd
model_template	s n ɪ f	s n ɪ f t	s n ɪ f t	n a ɪ f	n a ɪ f t	n a ɪ f t	s n ɪ f t	1	1	reg_t	reg_t	reg_t
model_template	p iː k	p iː k t	p iː k t	l iː k	l iː k t	l iː k t	p iː k t	1	1	reg_t	reg_t	reg_t
model_template	p l iː z	p l iː z d	p l iː z d	s n iː z	s n iː z d	s n iː z d	p l iː z d	1	1	reg_d	reg_d	reg_d
model_template	b e ɪ k	b e ɪ k t	b e ɪ k t	f e ɪ k	f e ɪ k t	f e ɪ k t	b e ɪ k t	1	1	reg_t	reg_t	reg_t
model_template	r ɪ p	r ɪ p t	r ɪ p t	ʃ ɪ p	ʃ ɪ p t	ʃ ɪ p t	r ɪ p t	1	1	reg_t	reg_t	reg_t
model_template	t͡ʃ e ɪ n d͡ʒ	t͡ʃ e ɪ n d͡ʒ d	t͡ʃ e ɪ n d͡ʒ d	m æ n ə d͡ʒ	m æ n ə d͡ʒ d	m æ n ə d͡ʒ d	t͡ʃ e ɪ n d͡ʒ d	1	1	reg_d	reg_d	reg_d
model_template	ɔ r d ɹ̩	ɔ r d ɹ̩ d	ɔ r d ɹ̩ d	m ɹ̩ d ɹ̩	m ɹ̩ d ɹ̩ d	m ɹ̩ d ɹ̩ d	ɔ r d ɹ̩ d	1	1	reg_d	reg_d	reg_d
model_template	h o ʊ p	h o ʊ p t	h o ʊ p t	s n æ p	s n æ p t	s n æ p t	h o ʊ p t	1	1	reg_t	reg_t	reg_t
model_template	p ɛ p ɹ̩	p ɛ p ɹ̩ d	p ɛ p ɹ̩ d	p iː t ɹ̩	p iː t ɹ̩ d	p iː t ɹ̩ d	p ɛ p ɹ̩ d	1	1	reg_d	reg_d	reg_d
model_template	m ʌ n t͡ʃ	m ʌ n t͡ʃ t	m ʌ n t͡ʃ t	p ʌ n t͡ʃ	p ʌ n t͡ʃ t	p ʌ n t͡ʃ t	m ʌ n t͡ʃ t	1	1	reg_t	reg_t	reg_t
model_template	p l æ s t ɹ̩	p l æ s t ɹ̩ d	p l æ s t ɹ̩ d	ʃ o ʊ l d ɹ̩	ʃ o ʊ l d ɹ̩ d	ʃ o ʊ l d ɹ̩ d	p l æ s t ɹ̩ d	1	1	reg_d	reg_d	reg_d
model_template	f a ɪ t	f ɔ t	f a ɪ t ə d	l a ɪ t	l a ɪ t ə d	l ɪ t	f a ɪ t ə d	1	0	vowel_change	reg_əd	reg_əd
model_template	t r æ k	t r æ k t	t r æ k t	r o ʊ p	r o ʊ p t	r o ʊ p t	t r æ k t	1	1	reg_t	reg_t	reg_t
model_template	s o ʊ	s o ʊ d	s o ʊ d	r o ʊ	r o ʊ d	r o ʊ d	s o ʊ d	1	1	reg_d	reg_d	reg_d
model_template	m ɛ l t	m ɛ l t ə d	m ɛ l t ə d	p æ n t	p æ n t ə d	p æ n t ə d	m ɛ l t ə d	1	1	reg_əd	reg_əd	reg_əd
model_template	ɡ l ʌ v	ɡ l ʌ v d	ɡ l ʌ v d	h a ʊ z	h a ʊ z d	h a ʊ z d	ɡ l ʌ v d	1	1	reg_d	reg_d	reg_d
model_template	t͡ʃ ɑː r d͡ʒ	t͡ʃ ɑː r d͡ʒ d	t͡ʃ ɑː r d͡ʒ d	p e ɪ d͡ʒ	p e ɪ d͡ʒ d	p e ɪ d͡ʒ d	t͡ʃ ɑː r d͡ʒ d	1	1	reg_d	reg_d	reg_d
model_template	l ɪ k	l ɪ k t	l ɪ k t	k ɪ k	k ɪ k t	k ɪ k t	l ɪ k t	1	1	reg_t	reg_t	reg_t
model_template	d ɪ l ɪ v ɹ̩	d ɪ l ɪ v ɹ̩ d	d ɪ l ɪ v ɹ̩ d	ʃ o ʊ l d ɹ̩	ʃ o ʊ l d ɹ̩ d	ʃ o ʊ l d ɹ̩ d	d ɪ l ɪ v ɹ̩ d	1	1	reg_d	reg_d	reg_d
model_template	b ʌ m p	b ʌ m p t	b ʌ m p t	d ʌ m p	d ʌ m p t	d ʌ m p t	b ʌ m p t	1	1	reg_t	reg_t	reg_t
model_template	a ɪ	a ɪ d	a ɪ d	ɛ r	ɛ r d	ɛ r d	a ɪ d	1	1	reg_d	reg_d	reg_d
model_template	k iː	k iː d	k iː d	p iː	p iː d	p iː d	k iː d	1	1	reg_d	reg_d	reg_d
model_template	s ɪ z ə l	s ɪ z ə l d	s ɪ z ə l d	s ɛ t ə l	s ɛ t ə l d	s ɛ t ə l d	s ɪ z ə l d	1	1	reg_d	reg_d	reg_d
model_template	ɪ r e ɪ s	ɪ r e ɪ s t	ɪ r e ɪ s t	ɡ r e ɪ s	ɡ r e ɪ s t	ɡ r e ɪ s t	ɪ r e ɪ s t	1	1	reg_t	reg_t	reg_t
model_template	s ɹ̩ a ʊ n d	s ɹ̩ a ʊ n d ə d	s ɹ̩ a ʊ n d ə d	s k o ʊ l d	s k o ʊ l d ə d	s k o ʊ l d ə d	s ɹ̩ a ʊ n d ə d	1	1	reg_əd	reg_əd	reg_əd
model_template	s k ɪ p	s k ɪ p t	s k ɪ p t	k l ɪ p	k l ɪ p t	k l ɪ p t	s k ɪ p t	1	1	reg_t	reg_t	reg_t
model_template	d ɑː k t ɹ̩	d ɑː k t ɹ̩ d	d ɑː k t ɹ̩ d	k l ʌ t ɹ̩	k l ʌ t ɹ̩ d	k l ʌ t ɹ̩ d	d ɑː k t ɹ̩ d	1	1	reg_d	reg_d	reg_d
model_template	s e ɪ l	s e ɪ l d	s e ɪ l d	p a ɪ l	p a ɪ l d	p a ɪ l d	s e ɪ l d	1	1	reg_d	reg_d	reg_d
model_template	ɪ n t ə r ɛ s t	ɪ n t ə r ɛ s t ə d	ɪ n t ə r ɛ s t ə d	s ə b t r æ k t	s ə b t r æ k t ə d	s ə b t r æ k t ə d	ɪ n t ə r ɛ s t ə d	1	1	reg_əd	reg_əd	reg_əd
model_template	t r e ɪ s	t r e ɪ s t	t r e ɪ s t	p l e ɪ s	p l e ɪ s t	p l e ɪ s t	t r e ɪ s t	1	1	reg_t	reg_t	reg_t
model_template	a ɪ ɹ̩ n	a ɪ ɹ̩ n d	a ɪ ɹ̩ n d	f o ʊ n	f o ʊ n d	f o ʊ n d	a ɪ ɹ̩ n d	1	1	reg_d	reg_d	reg_d
model_template	iː v ɪ n	iː v ɪ n d	iː v ɪ n d	d͡ʒ ɔ ɪ n	d͡ʒ ɔ ɪ n d	d͡ʒ ɔ ɪ n d	iː v ɪ n d	1	1	reg_d	reg_d	reg_d
model_template	k o ʊ k s	k o ʊ k s t	k o ʊ k s t	s p e ɪ s	s p e ɪ s t	s p e ɪ s t	k o ʊ k s t	1	1	reg_t	reg_t	reg_t
model_template	z ɪ r ɑː k s	z ɪ r ɑː k s t	z ɪ r ɑː k s t	r ɪ l æ k s	r ɪ l æ k s t	r ɪ l æ k s t	z ɪ r ɑː k s t	1	1	reg_t	reg_t	reg_t
model_template	b ɛ n d	b ɛ n d ə d	b ɛ n t	l ɛ n d	l ɛ n t	l ɛ n t	b ɛ n t	1	0	reg_əd	coda_change	coda_change
model_template	p o ʊ z	p o ʊ z d	p o ʊ z d	n o ʊ z	n o ʊ z d	n o ʊ z d	p o ʊ z d	1	1	reg_d	reg_d	reg_d
model_template	p ɑː k ə t	p ɑː k ə t ə d	p ɑː k ə t ə d	p ɔ ɪ n t	p ɔ ɪ n t ə d	p ɔ ɪ n t ə d	p ɑː k ə t ə d	1	1	reg_əd	reg_əd	reg_əd
model_template	f r a ɪ	f r a ɪ d	f r a ɪ d	d r a ɪ	d r a ɪ d	d r a ɪ d	f r a ɪ d	1	1	reg_d	reg_d	reg_d
model_template	h æ n d ə l	h æ n d ə l d	h æ n d ə l d	t ɪ ŋ k ə l	t ɪ ŋ k ə l d	t ɪ ŋ k ə l d	h æ n d ə l d	1	1	reg_d	reg_d	reg_d
model_template	ə s o ʊ s iː e ɪ t	ə s o ʊ s iː e ɪ t ə d	ə s ʊ s æ k e ɪ t ə d	ə n w a ɪ n d	ə n w a ʊ n d	ə n w a ʊ n d	NA	0	0	reg_əd	other	vowel_change
model_template	æ k t	æ k t ə d	æ k t ə d	p ɑː t	p ɑː t ə d	p ɑː t ə d	æ k t ə d	1	1	reg_əd	reg_əd	reg_əd
model_template	r iː m uː v	r iː m uː v d	r iː m uː v d	b ɪ l iː v	b ɪ l iː v d	b ɪ l iː v d	r iː m uː v d	1	1	reg_d	reg_d	reg_d
model_template	s l o ʊ	s l o ʊ d	s l o ʊ d	f l o ʊ	f l o ʊ d	f l o ʊ d	s l o ʊ d	1	1	reg_d	reg_d	reg_d
model_template	s t r æ p	s t r æ p t	s t r æ p t	s t r ɪ p	s t r ɪ p t	s t r ɪ p t	s t r æ p t	1	1	reg_t	reg_t	reg_t
model_template	d r e ɪ n	d r e ɪ n d	d r e ɪ n d	d r a ʊ n	d r a ʊ n d	d r a ʊ n d	d r e ɪ n d	1	1	reg_d	reg_d	reg_d
model_template	p ɛ ɡ	p ɛ ɡ d	p ɛ ɡ d	b æ ɡ	b æ ɡ d	b æ ɡ d	p ɛ ɡ d	1	1	reg_d	reg_d	reg_d
model_template	k ə m p l e ɪ n	k ə m p l e ɪ n d	k ə m p l e ɪ n d	ɪ k s p l e ɪ n	ɪ k s p l e ɪ n d	ɪ k s p l e ɪ n d	k ə m p l e ɪ n d	1	1	reg_d	reg_d	reg_d
model_template	f ɛ n s	f ɛ n s t	f ɛ n s t	f e ɪ s	f e ɪ s t	f e ɪ s t	f ɛ n s t	1	1	reg_t	reg_t	reg_t
model_template	k r iː e ɪ t	k r iː e ɪ t ə d	k r iː e ɪ t ə d	r ɪ l e ɪ t	r ɪ l e ɪ t ə d	r ɪ l e ɪ t ə d	k r iː e ɪ t ə d	1	1	reg_əd	reg_əd	reg_əd
model_template	f l ʌ ʃ	f l ʌ ʃ t	f l ʌ ʃ t	k r ʌ ʃ	k r ʌ ʃ t	k r ʌ ʃ t	f l ʌ ʃ t	1	1	reg_t	reg_t	reg_t
model_template	ɡ ɑː r d	ɡ ɑː r d ə d	ɡ ɑː r d ə d	t ɛ n d	t ɛ n d ə d	t ɛ n d ə d	ɡ ɑː r d ə d	1	1	reg_əd	reg_əd	reg_əd
model_template	r ɪ ŋ k ə l	r ɪ ŋ k ə l d	r ɪ ŋ k ə l d	t ɪ ŋ k ə l	t ɪ ŋ k ə l d	t ɪ ŋ k ə l d	r ɪ ŋ k ə l d	1	1	reg_d	reg_d	reg_d
model_template	s w iː p	s w ɛ p t	s w iː p t	s w uː p	s w uː p t	s w uː p t	s w iː p t	1	0	vowel_change_suffix	reg_t	reg_t
model_template	s k ɛ d͡ʒ ʊ l	s k ɛ d͡ʒ ʊ l d	s k ɛ d͡ʒ ʊ l d	s ɪ ɡ n ə l	s ɪ ɡ n ə l d	s ɪ ɡ n ə l d	s k ɛ d͡ʒ ʊ l d	1	1	reg_d	reg_d	reg_d
model_template	f ɹ̩ m ɛ n t	f ɹ̩ m ɛ n t ə d	f ɹ̩ m ɛ n t ə d	k ə n ɛ k t	k ə n ɛ k t ə d	k ə n ɛ k t ə d	f ɹ̩ m ɛ n t ə d	1	1	reg_əd	reg_əd	reg_əd
model_template	p ʌ z ə l	p ʌ z ə l d	p ʌ z ə l d	p æ d ə l	p æ d ə l d	p æ d ə l d	p ʌ z ə l d	1	1	reg_d	reg_d	reg_d
model_template	k l ɑː b ɹ̩	k l ɑː b ɹ̩ d	k l ɑː b ɹ̩ d	n ʌ m b ɹ̩	n ʌ m b ɹ̩ d	n ʌ m b ɹ̩ d	k l ɑː b ɹ̩ d	1	1	reg_d	reg_d	reg_d
model_template	d ɪ n a ɪ	d ɪ n a ɪ d	d ɪ n a ɪ d	o ʊ b e ɪ	o ʊ b e ɪ d	o ʊ b e ɪ d	d ɪ n a ɪ d	1	1	reg_d	reg_d	reg_d
model_template	e ɪ k	e ɪ k t	e ɪ k t	p ɪ k	p ɪ k t	p ɪ k t	e ɪ k t	1	1	reg_t	reg_t	reg_t
model_template	l iː n	l iː n d	l ɛ n t	l iː p	l ɛ p t	l ɛ p t	NA	0	0	reg_d	vowel_change_suffix	vowel_change_suffix
model_template	ʃ ɪ v ɹ̩	ʃ ɪ v ɹ̩ d	ʃ ɪ v ɹ̩ d	ɡ æ ð ɹ̩	ɡ æ ð ɹ̩ d	ɡ æ ð ɹ̩ d	ʃ ɪ v ɹ̩ d	1	1	reg_d	reg_d	reg_d
model_template	f l ʌ d	f l ʌ d ə d	f l ʌ d ə d	d r ɛ d	d r ɛ d ə d	d r ɛ d ə d	f l ʌ d ə d	1	1	reg_əd	reg_əd	reg_əd
model_template	w ɪ s k	w ɪ s k t	w ɪ s k t	w ɪ ŋ k	w ɪ ŋ k t	w ɪ ŋ k t	w ɪ s k t	1	1	reg_t	reg_t	reg_t
model_template	k ə n t r o ʊ l	k ə n t r o ʊ l d	k ə n t r o ʊ l d	s k r æ m b ə l	s k r æ m b ə l d	s k r æ m b ə l d	k ə n t r o ʊ l d	1	1	reg_d	reg_d	reg_d
model_template	b ɑː t ə m	b ɑː t ə m d	b ɑː t ə m d	b l e ɪ m	b l e ɪ m d	b l e ɪ m d	b ɑː t ə m d	1	1	reg_d	reg_d	reg_d
model_template	w ɔ r n	w ɔ r n d	w ɔ r n d	f o ʊ n	f o ʊ n d	f o ʊ n d	w ɔ r n d	1	1	reg_d	reg_d	reg_d
model_template	b ɛ r iː	b ɛ r iː d	b ɛ r iː d	h ɛ r iː	h ɛ r iː d	h ɛ r iː d	b ɛ r iː d	1	1	reg_d	reg_d	reg_d
model_template	ɔ f ɹ̩	ɔ f ɹ̩ d	ɔ f ɹ̩ d	s t ɹ̩	s t ɹ̩ d	s t ɹ̩ d	ɔ f ɹ̩ d	1	1	reg_d	reg_d	reg_d
model_template	b ɛ r	b o ʊ r	b ɛ r d	k ɛ r	k ɛ r d	k ɛ r d	b ɛ r d	1	0	vowel_change	reg_d	reg_d
model_template	s l ɪ p	s l ɪ p t	s l ɪ p t	k l ɪ p	k l ɪ p t	k l ɪ p t	s l ɪ p t	1	1	reg_t	reg_t	reg_t
model_template	t͡ʃ iː r	t͡ʃ iː r d	t͡ʃ iː r d	f iː r	f iː r d	f iː r d	t͡ʃ iː r d	1	1	reg_d	reg_d	reg_d
model_template	r ɪ s k	r ɪ s k t	r ɪ s k t	w ɪ ŋ k	w ɪ ŋ k t	w ɪ ŋ k t	r ɪ s k t	1	1	reg_t	reg_t	reg_t
model_template	p ɛ t	p ɛ t ə d	p ɛ t	s ɛ t	s ɛ t	s ɛ t	p ɛ t	1	0	reg_əd	no_change	no_change
model_template	t r ʌ s t	t r ʌ s t ə d	t r ʌ s t ə d	ə d͡ʒ ʌ s t	ə d͡ʒ ʌ s t ə d	ə d͡ʒ ʌ s t ə d	t r ʌ s t ə d	1	1	reg_əd	reg_əd	reg_əd
model_template	ɪ n s t r ʌ k t	ɪ n s t r ʌ k t ə d	ɪ n s t r ʌ k t ə d	d ɪ s t r ʌ k t	d ɪ s t r ʌ k t ə d	d ɪ s t r ʌ k t ə d	ɪ n s t r ʌ k t ə d	1	1	reg_əd	reg_əd	reg_əd
model_template	t͡ʃ ɪ k ə n	t͡ʃ ɪ k ə n d	t͡ʃ ɪ k ə n d	w iː k ə n	w iː k ə n d	w iː k ə n d	t͡ʃ ɪ k ə n d	1	1	reg_d	reg_d	reg_d
model_template	p r iː p ɛ r	p r iː p ɛ r d	p r iː p ɛ r d	ɪ m p l ɔ r	ɪ m p l ɔ r d	ɪ m p l ɔ r d	p r iː p ɛ r d	1	1	reg_d	reg_d	reg_d
model_template	h æ m ɹ̩	h æ m ɹ̩ d	h æ m ɹ̩ d	m ɛ ʒ ɹ̩	m ɛ ʒ ɹ̩ d	m ɛ ʒ ɹ̩ d	h æ m ɹ̩ d	1	1	reg_d	reg_d	reg_d
model_template	s p r ɪ ŋ k ə l	s p r ɪ ŋ k ə l d	s p r æ ŋ k ə l d	s p ɪ t	s p æ t	s p æ t	NA	0	0	reg_d	other	vowel_change
model_template	r ɛ s ə l	r ɛ s ə l d	r ɛ s ə l d	d͡ʒ ʌ ɡ ə l	d͡ʒ ʌ ɡ ə l d	d͡ʒ ʌ ɡ ə l d	r ɛ s ə l d	1	1	reg_d	reg_d	reg_d
model_template	h ɛ m	h ɛ m d	h ɛ m d	s iː m	s iː m d	s iː m d	h ɛ m d	1	1	reg_d	reg_d	reg_d
model_template	p l æ n	p l æ n d	p l æ n d	d ɑː r n	d ɑː r n d	d ɑː r n d	p l æ n d	1	1	reg_d	reg_d	reg_d
model_template	s t æ ʃ	s t æ ʃ t	s t æ ʃ t	s m æ ʃ	s m æ ʃ t	s m æ ʃ t	s t æ ʃ t	1	1	reg_t	reg_t	reg_t
model_template	m ɑː r k	m ɑː r k t	m ɑː r k t	b ɑː r k	b ɑː r k t	b ɑː r k t	m ɑː r k t	1	1	reg_t	reg_t	reg_t
model_template	k e ɪ v	k e ɪ v d	k e ɪ v d	s e ɪ v	s e ɪ v d	s e ɪ v d	k e ɪ v d	1	1	reg_d	reg_d	reg_d
model_template	k ɹ̩ l	k ɹ̩ l d	k ɹ̩ l d	w ɹ̩ l	w ɹ̩ l d	w ɹ̩ l d	k ɹ̩ l d	1	1	reg_d	reg_d	reg_d
model_template	p r e ɪ z	p r e ɪ z d	p r e ɪ z d	b l e ɪ m	b l e ɪ m d	b l e ɪ m d	p r e ɪ z d	1	1	reg_d	reg_d	reg_d
model_template	d æ m	d æ m d	d æ m d	t iː m	t iː m d	t iː m d	d æ m d	1	1	reg_d	reg_d	reg_d
model_template	f l ʌ t ɹ̩	f l ʌ t ɹ̩ d	f l ʌ t ɹ̩ d	f ɪ l t ɹ̩	f ɪ l t ɹ̩ d	f ɪ l t ɹ̩ d	f l ʌ t ɹ̩ d	1	1	reg_d	reg_d	reg_d
model_template	b ɛ l t	b ɛ l t ə d	b ɛ l t ə d	p æ n t	p æ n t ə d	p æ n t ə d	b ɛ l t ə d	1	1	reg_əd	reg_əd	reg_əd
model_template	b ɔ l	b ɔ l d	b ɔ l d	h ɔ l	h ɔ l d	h ɔ l d	b ɔ l d	1	1	reg_d	reg_d	reg_d
model_template	s k æ l ə p	s k æ l ə p t	s k æ l ə p t	s t æ m p	s t æ m p t	s t æ m p t	s k æ l ə p t	1	1	reg_t	reg_t	reg_t
model_template	k ə m p ɛ r	k ə m p ɛ r d	k ə m p ɛ r d	ɪ m p l ɔ r	ɪ m p l ɔ r d	ɪ m p l ɔ r d	k ə m p ɛ r d	1	1	reg_d	reg_d	reg_d
model_template	b ɔ ɪ l	b ɔ ɪ l d	b ɔ ɪ l d	d r ɪ l	d r ɪ l d	d r ɪ l d	b ɔ ɪ l d	1	1	reg_d	reg_d	reg_d
model_template	s k æ n	s k æ n d	s k æ n d	d ɑː r n	d ɑː r n d	d ɑː r n d	s k æ n d	1	1	reg_d	reg_d	reg_d
model_template	r ɛ k ə m ɛ n d	r ɛ k ə m ɛ n d ə d	r ɛ k ə m ɛ n d	s p r ɛ d	s p r ɛ d	s p r ɛ d	r ɛ k ə m ɛ n d	1	0	reg_əd	no_change	no_change
model_template	t o ʊ	t o ʊ d	t o ʊ d	ʃ o ʊ	ʃ o ʊ d	ʃ o ʊ d	t o ʊ d	1	1	reg_d	reg_d	reg_d
model_template	s t r ɛ s	s t r ɛ s t	s t r ɛ s t	s p a ɪ s	s p a ɪ s t	s p a ɪ s t	s t r ɛ s t	1	1	reg_t	reg_t	reg_t
model_template	b æ n d	b æ n d ə d	b æ n d ə d	t ɛ n d	t ɛ n d ə d	t ɛ n d ə d	b æ n d ə d	1	1	reg_əd	reg_əd	reg_əd
model_template	b o ʊ s t	b o ʊ s t ə d	b o ʊ s t ə d	r o ʊ s t	r o ʊ s t ə d	r o ʊ s t ə d	b o ʊ s t ə d	1	1	reg_əd	reg_əd	reg_əd
model_template	r ɛ s k j uː	r ɛ s k j uː d	r ɛ s k j uː d	b ʌ n d ə l	b ʌ n d ə l d	b ʌ n d ə l d	r ɛ s k j uː d	1	1	reg_d	reg_d	reg_d
model_template	b ʌ s	b ʌ s t	b ʌ s t	p æ s	p æ s t	p æ s t	b ʌ s t	1	1	reg_t	reg_t	reg_t
model_template	m ɑː r	m ɑː r d	m ɑː r d	b ɔ r	b ɔ r d	b ɔ r d	m ɑː r d	1	1	reg_d	reg_d	reg_d
model_template	t ʌ m b ə l	t ʌ m b ə l d	t ʌ m b ə l d	t r ʌ b ə l	t r ʌ b ə l d	t r ʌ b ə l d	t ʌ m b ə l d	1	1	reg_d	reg_d	reg_d
model_template	d ɪ s t r ɔ ɪ	d ɪ s t r ɔ ɪ d	d ɪ s t r ɔ r d	b ʌ n d ə l	b ʌ n d ə l d	b ʌ n d ə l d	d ɪ s t r ɔ ɪ d	0	1	reg_d	rhyme_replaced	reg_d
model_template	w æ ɡ	w æ ɡ d	w æ ɡ d	b æ ɡ	b æ ɡ d	b æ ɡ d	w æ ɡ d	1	1	reg_d	reg_d	reg_d
model_template	p a ʊ ɹ̩	p a ʊ ɹ̩ d	p a ʊ ɹ̩ d	l o ʊ ɹ̩	l o ʊ ɹ̩ d	l o ʊ ɹ̩ d	p a ʊ ɹ̩ d	1	1	reg_d	reg_d	reg_d
model_template	b l iː t͡ʃ	b l iː t͡ʃ t	b l ɛ t͡ʃ t	b l iː d	b l ɛ d	b l ɛ d	NA	0	0	reg_t	vowel_change_suffix	vowel_change
model_template	t æ ŋ ɡ ə l	t æ ŋ ɡ ə l d	t æ ŋ ɡ ə l d	d æ ŋ ɡ ə l	d æ ŋ ɡ ə l d	d æ ŋ ɡ ə l d	t æ ŋ ɡ ə l d	1	1	reg_d	reg_d	reg_d
model_template	n ɔ	n ɔ d	n ɔ d	uː z	uː z d	uː z d	n ɔ d	1	1	reg_d	reg_d	reg_d
model_template	r o ʊ m	r o ʊ m d	r o ʊ m d	m o ʊ n	m o ʊ n d	m o ʊ n d	r o ʊ m d	1	1	reg_d	reg_d	reg_d
model_template	b l ɪ ŋ k	b l ɪ ŋ k t	b l æ ŋ k	s p ɪ t	s p æ t	s p æ t	NA	0	0	reg_t	vowel_change	vowel_change
model_template	t w ɹ̩ l	t w ɹ̩ l d	t w ɹ̩ l d	k r ɔ l	k r ɔ l d	k r ɔ l d	t w ɹ̩ l d	1	1	reg_d	reg_d	reg_d
model_template	ə n b ʌ t ə n	ə n b ʌ t ə n d	ə n b ʌ t ə n d	f r a ɪ t ə n	f r a ɪ t ə n d	f r a ɪ t ə n d	ə n b ʌ t ə n d	1	1	reg_d	reg_d	reg_d
model_template	θ r ɛ t ə n	θ r ɛ t ə n d	θ r ɛ t ə n d	ʃ ɑː r p ə n	ʃ ɑː r p ə n d	ʃ ɑː r p ə n d	θ r ɛ t ə n d	1	1	reg_d	reg_d	reg_d
model_template	b ɛ l o ʊ	b ɛ l o ʊ d	b ɛ l o ʊ d	f ɑː l o ʊ	f ɑː l o ʊ d	f ɑː l o ʊ d	b ɛ l o ʊ d	1	1	reg_d	reg_d	reg_d
model_template	s p ɛ ʃ ə l a ɪ z	s p ɛ ʃ ə l a ɪ z d	s p ɛ ʃ ə l a ɪ z d	æ k s ɛ s ɹ̩ a ɪ z	æ k s ɛ s ɹ̩ a ɪ z d	æ k s ɛ s ɹ̩ a ɪ z d	s p ɛ ʃ ə l a ɪ z d	1	1	reg_d	reg_d	reg_d
model_template	ɪ n ɪ ʃ iː e ɪ t	ɪ n ɪ ʃ iː e ɪ t ə d	ɪ n ɪ ʃ ɪ e ɪ t ə d	k ə m p l iː t	k ə m p l iː t ə d	k ə m p l iː t ə d	ɪ n ɪ ʃ iː e ɪ t ə d	0	1	reg_əd	other	reg_əd
model_template	p iː p	p iː p t	p iː p t	p uː p	p uː p t	p uː p t	p iː p t	1	1	reg_t	reg_t	reg_t
model_template	ʃ ʌ f ə l	ʃ ʌ f ə l d	ʃ ʌ f ə l d	d͡ʒ ʌ ɡ ə l	d͡ʒ ʌ ɡ ə l d	d͡ʒ ʌ ɡ ə l d	ʃ ʌ f ə l d	1	1	reg_d	reg_d	reg_d
model_template	ɪ n f l uː ə n s	ɪ n f l uː ə n s t	ɪ n f l uː n ə n d	b ɪ k ʌ m	b ɪ k e ɪ m	b ɪ k e ɪ m	NA	0	0	reg_t	other	vowel_change
model_template	d a ʊ n	d a ʊ n d	d a ʊ n d	t a ʊ ɹ̩	t a ʊ ɹ̩ d	t a ʊ ɹ̩ d	d a ʊ n d	1	1	reg_d	reg_d	reg_d
model_template	d ɪ v ɛ l ə p	d ɪ v ɛ l ə p t	d ɪ v ɛ l ə p ə d	ə t ɛ m p t	ə t ɛ m p t ə d	ə t ɛ m p t ə d	d ɪ v ɛ l ə p ə d	1	0	reg_t	reg_əd	reg_əd
model_template	s p e ɪ	s p e ɪ d	s p e ɪ d	k r a ɪ	k r a ɪ d	k r a ɪ d	s p e ɪ d	1	1	reg_d	reg_d	reg_d
model_template	r iː p l e ɪ s	r iː p l e ɪ s t	r iː p l e ɪ s t	k ə n v ɪ n s	k ə n v ɪ n s t	k ə n v ɪ n s t	r iː p l e ɪ s t	1	1	reg_t	reg_t	reg_t
model_template	s p ɔ ɪ l	s p ɔ ɪ l d	s p ɔ ɪ l d	s m a ɪ l	s m a ɪ l d	s m a ɪ l d	s p ɔ ɪ l d	1	1	reg_d	reg_d	reg_d
model_template	l e ɪ b ə l	l e ɪ b ə l d	l e ɪ b ə l d	t e ɪ b ə l	t e ɪ b ə l d	t e ɪ b ə l d	l e ɪ b ə l d	1	1	reg_d	reg_d	reg_d
model_template	d r ɪ b ə l	d r ɪ b ə l d	d r ɪ b ə l d	t e ɪ b ə l	t e ɪ b ə l d	t e ɪ b ə l d	d r ɪ b ə l d	1	1	reg_d	reg_d	reg_d
model_template	t͡ʃ æ n ə l	t͡ʃ æ n ə l d	t͡ʃ æ n ə l d	b æ r ə l	b æ r ə l d	b æ r ə l d	t͡ʃ æ n ə l d	1	1	reg_d	reg_d	reg_d
model_template	ɪ m p r uː v	ɪ m p r uː v d	ɪ m p r uː v d	ɪ n v ɑː l v	ɪ n v ɑː l v d	ɪ n v ɑː l v d	ɪ m p r uː v d	1	1	reg_d	reg_d	reg_d
model_template	p r e ɪ	p r e ɪ d	p r e ɪ d	p l e ɪ	p l e ɪ d	p l e ɪ d	p r e ɪ d	1	1	reg_d	reg_d	reg_d
model_template	w ɛ t	w ɛ t	w ɛ t	s ɛ t	s ɛ t	s ɛ t	w ɛ t	1	1	no_change	no_change	no_change
model_template	s t r e ɪ n	s t r e ɪ n d	s t r e ɪ n d	b æ n d ɪ d͡ʒ	b æ n d ɪ d͡ʒ d	b æ n d ɪ d͡ʒ d	s t r e ɪ n d	1	1	reg_d	reg_d	reg_d
model_template	m ɑː r b ə l	m ɑː r b ə l d	m ɑː r b ə l d	m æ ŋ ɡ ə l	m æ ŋ ɡ ə l d	m æ ŋ ɡ ə l d	m ɑː r b ə l d	1	1	reg_d	reg_d	reg_d
model_template	ʃ ɛ l	ʃ ɛ l d	ʃ o ʊ l d	s ɛ l	s o ʊ l d	s o ʊ l d	ʃ o ʊ l d	1	0	reg_d	vowel_change_suffix	vowel_change_suffix
model_template	k o ʊ ɑː p ɹ̩ e ɪ t	k o ʊ ɑː p ɹ̩ e ɪ t ə d	k o ʊ ɑː p ɹ̩ e ɪ t ə d	d uː p l ə k e ɪ t	d uː p l ə k e ɪ t ə d	d uː p l ə k e ɪ t ə d	k o ʊ ɑː p ɹ̩ e ɪ t ə d	1	1	reg_əd	reg_əd	reg_əd
model_template	ɡ r e ɪ t	ɡ r e ɪ t ə d	ɡ r e ɪ t ə d	s k e ɪ t	s k e ɪ t ə d	s k e ɪ t ə d	ɡ r e ɪ t ə d	1	1	reg_əd	reg_əd	reg_əd
model_template	f ɔ r m j ə l e ɪ t	f ɔ r m j ə l e ɪ t ə d	f ɔ r b ə l j ə l e ɪ t ə d	a ɪ d ɛ n t ə f a ɪ	a ɪ d ɛ n t ə f a ɪ d	a ɪ d ɛ n t ə f a ɪ d	f ɔ r m j ə l e ɪ t d	0	0	reg_əd	other	reg_d
model_template	k æ n s ə l	k æ n s ə l d	k æ n s ə l d	t r æ v ə l	t r æ v ə l d	t r æ v ə l d	k æ n s ə l d	1	1	reg_d	reg_d	reg_d
model_template	d ɪ s k ʌ v ɹ̩	d ɪ s k ʌ v ɹ̩ d	d ɪ s k ʌ v ɹ̩ d	r ɪ m ɛ m b ɹ̩	r ɪ m ɛ m b ɹ̩ d	r ɪ m ɛ m b ɹ̩ d	d ɪ s k ʌ v ɹ̩ d	1	1	reg_d	reg_d	reg_d
model_template	ə m e ɪ z	ə m e ɪ z d	ə m e ɪ z d	b l e ɪ m	b l e ɪ m d	b l e ɪ m d	ə m e ɪ z d	1	1	reg_d	reg_d	reg_d
model_template	f æ n s iː	f æ n s iː d	f æ n s iː d	p ɑː r t iː	p ɑː r t iː d	p ɑː r t iː d	f æ n s iː d	1	1	reg_d	reg_d	reg_d
model_template	æ n ə l a ɪ z	æ n ə l a ɪ z d	æ n ə l a ɪ z d	m ɛ m ɹ̩ a ɪ z	m ɛ m ɹ̩ a ɪ z d	m ɛ m ɹ̩ a ɪ z d	æ n ə l a ɪ z d	1	1	reg_d	reg_d	reg_d
model_template	t e ɪ l ɹ̩	t e ɪ l ɹ̩ d	t e ɪ l ɹ̩ d	t r ɪ ɡ ɹ̩	t r ɪ ɡ ɹ̩ d	t r ɪ ɡ ɹ̩ d	t e ɪ l ɹ̩ d	1	1	reg_d	reg_d	reg_d
model_template	p ɑː r t͡ʃ	p ɑː r t͡ʃ t	p ɑː r t͡ʃ t	m ɑː r t͡ʃ	m ɑː r t͡ʃ t	m ɑː r t͡ʃ t	p ɑː r t͡ʃ t	1	1	reg_t	reg_t	reg_t
model_template	b ɪ d	b e ɪ d	b ɪ d ə d	k ɪ d	k ɪ d ə d	k ɪ d ə d	b ɪ d ə d	1	0	vowel_change	reg_əd	reg_əd
model_template	s o ʊ k	s o ʊ k t	s o ʊ k t	t͡ʃ o ʊ k	t͡ʃ o ʊ k t	t͡ʃ o ʊ k t	s o ʊ k t	1	1	reg_t	reg_t	reg_t
model_template	s uː	s uː d	s uː d	t͡ʃ uː	t͡ʃ uː d	t͡ʃ uː d	s uː d	1	1	reg_d	reg_d	reg_d
model_template	f æ n	f æ n d	f æ n d	p ɛ n	p ɛ n d	p ɛ n d	f æ n d	1	1	reg_d	reg_d	reg_d
model_template	f r ɛ k ə l	f r ɛ k ə l d	f r ɛ k ə l d	f ʊ l f ɪ l	f ʊ l f ɪ l d	f ʊ l f ɪ l d	f r ɛ k ə l d	1	1	reg_d	reg_d	reg_d
model_template	ə n d uː	ə n d ɪ d	ə n d uː d	s k r uː	s k r uː d	s k r uː d	ə n d uː d	1	0	vowel_change_suffix	reg_d	reg_d
model_template	θ ʌ m p	θ ʌ m p t	θ ʌ m p t	d ʌ m p	d ʌ m p t	d ʌ m p t	θ ʌ m p t	1	1	reg_t	reg_t	reg_t
model_template	w ɑː b ə l	w ɑː b ə l d	w ɑː b ə l d	d æ z ə l	d æ z ə l d	d æ z ə l d	w ɑː b ə l d	1	1	reg_d	reg_d	reg_d
model_template	ɡ r ɪ l	ɡ r ɪ l d	ɡ r ɪ l d	d r ɪ l	d r ɪ l d	d r ɪ l d	ɡ r ɪ l d	1	1	reg_d	reg_d	reg_d
model_template	ə s uː m	ə s uː m d	ə s uː m d	d r iː m	d r iː m d	d r iː m d	ə s uː m d	1	1	reg_d	reg_d	reg_d
model_template	z ɪ ɡ z æ ɡ	z ɪ ɡ z æ ɡ d	z ɪ ɡ z æ ɡ d	t͡ʃ æ l ə n d͡ʒ	t͡ʃ æ l ə n d͡ʒ d	t͡ʃ æ l ə n d͡ʒ d	z ɪ ɡ z æ ɡ d	1	1	reg_d	reg_d	reg_d
model_template	p ɛ r ə ʃ uː t	p ɛ r ə ʃ uː t ə d	p ɛ r ə ʃ ə t ə d	k ɑː n s ə n t r e ɪ t	k ɑː n s ə n t r e ɪ t ə d	k ɑː n s ə n t r e ɪ t ə d	p ɛ r ə ʃ uː t ə d	0	1	reg_əd	other	reg_əd
model_template	ɛ ɡ	ɛ ɡ d	ɛ ɡ d	b uː	b uː d	b uː d	ɛ ɡ d	1	1	reg_d	reg_d	reg_d
model_template	l o ʊ k e ɪ t	l o ʊ k e ɪ t ə d	l o ʊ k e ɪ t ə d	d o ʊ n e ɪ t	d o ʊ n e ɪ t ə d	d o ʊ n e ɪ t ə d	l o ʊ k e ɪ t ə d	1	1	reg_əd	reg_əd	reg_əd
model_template	n e ɪ l	n e ɪ l d	n e ɪ l d	d͡ʒ e ɪ l	d͡ʒ e ɪ l d	d͡ʒ e ɪ l d	n e ɪ l d	1	1	reg_d	reg_d	reg_d
model_template	f a ɪ n	f a ɪ n d	f a ɪ n d	ʃ a ɪ n	ʃ a ɪ n d	ʃ a ɪ n d	f a ɪ n d	1	1	reg_d	reg_d	reg_d
model_template	ʃ r ɪ v ə l	ʃ r ɪ v ə l d	ʃ r ɪ v ə l d	t r æ v ə l	t r æ v ə l d	t r æ v ə l d	ʃ r ɪ v ə l d	1	1	reg_d	reg_d	reg_d
model_template	t͡ʃ a ɪ m	t͡ʃ a ɪ m d	t͡ʃ a ɪ m d	t a ɪ m	t a ɪ m d	t a ɪ m d	t͡ʃ a ɪ m d	1	1	reg_d	reg_d	reg_d
model_template	ɪ v æ p ɹ̩ e ɪ t	ɪ v æ p ɹ̩ e ɪ t ə d	ɪ v æ p ɹ̩ e ɪ t ə d	s ʌ f ə k e ɪ t	s ʌ f ə k e ɪ t ə d	s ʌ f ə k e ɪ t ə d	ɪ v æ p ɹ̩ e ɪ t ə d	1	1	reg_əd	reg_əd	reg_əd
model_template	ɑː k j ə p a ɪ	ɑː k j ə p a ɪ d	ɑː k j ə p a ɪ d	ə r e ɪ n d͡ʒ	ə r e ɪ n d͡ʒ d	ə r e ɪ n d͡ʒ d	ɑː k j ə p a ɪ d	1	1	reg_d	reg_d	reg_d
model_template	k l ɑː ɡ	k l ɑː ɡ d	k l ɑː ɡ d	d r æ ɡ	d r æ ɡ d	d r æ ɡ d	k l ɑː ɡ d	1	1	reg_d	reg_d	reg_d
model_template	m æ p	m æ p t	m æ p t	k æ p	k æ p t	k æ p t	m æ p t	1	1	reg_t	reg_t	reg_t
model_template	ɡ e ɪ z	ɡ e ɪ z d	ɡ e ɪ z d	r e ɪ z	r e ɪ z d	r e ɪ z d	ɡ e ɪ z d	1	1	reg_d	reg_d	reg_d
model_template	s k æ t ɹ̩	s k æ t ɹ̩ d	s k æ t ɹ̩ d	k æ p t͡ʃ ɹ̩	k æ p t͡ʃ ɹ̩ d	k æ p t͡ʃ ɹ̩ d	s k æ t ɹ̩ d	1	1	reg_d	reg_d	reg_d
model_template	s n ɑː r ə l	s n ɑː r ə l d	s n ɑː r ə l d	s ɪ ɡ n ə l	s ɪ ɡ n ə l d	s ɪ ɡ n ə l d	s n ɑː r ə l d	1	1	reg_d	reg_d	reg_d
model_template	f l e ɪ v ɹ̩	f l e ɪ v ɹ̩ d	f l e ɪ v ɹ̩ d	r ɪ t a ɪ ɹ̩	r ɪ t a ɪ ɹ̩ d	r ɪ t a ɪ ɹ̩ d	f l e ɪ v ɹ̩ d	1	1	reg_d	reg_d	reg_d
model_template	ɪ d͡ʒ ɛ k t	ɪ d͡ʒ ɛ k t ə d	ɪ d͡ʒ ɛ k t ə d	ɡ r æ n t	ɡ r æ n t ə d	ɡ r æ n t ə d	ɪ d͡ʒ ɛ k t ə d	1	1	reg_əd	reg_əd	reg_əd
model_template	r iː æ k t	r iː æ k t ə d	r iː æ k t ə d	b l æ s t	b l æ s t ə d	b l æ s t ə d	r iː æ k t ə d	1	1	reg_əd	reg_əd	reg_əd
model_template	s t e ɪ p ə l	s t e ɪ p ə l d	s t e ɪ p ə l d	s k r ɪ b ə l	s k r ɪ b ə l d	s k r ɪ b ə l d	s t e ɪ p ə l d	1	1	reg_d	reg_d	reg_d
model_template	ɪ k s p l o ʊ d	ɪ k s p l o ʊ d ə d	ɪ k s p l o ʊ d	s p r ɛ d	s p r ɛ d	s p r ɛ d	ɪ k s p l o ʊ d	1	0	reg_əd	no_change	no_change
model_template	r ɪ z ɛ m b ə l	r ɪ z ɛ m b ə l d	r ɪ z ɛ m b ə l d	s k r æ m b ə l	s k r æ m b ə l d	s k r æ m b ə l d	r ɪ z ɛ m b ə l d	1	1	reg_d	reg_d	reg_d
model_template	s w ɪ v ə l	s w ɪ v ə l d	s w ɪ v ə l d	s ɪ ɡ n ə l	s ɪ ɡ n ə l d	s ɪ ɡ n ə l d	s w ɪ v ə l d	1	1	reg_d	reg_d	reg_d
model_template	w æ k s	w æ k s t	w æ k s t	m æ k s	m æ k s t	m æ k s t	w æ k s t	1	1	reg_t	reg_t	reg_t
model_template	s k r a ʊ n d͡ʒ	s k r a ʊ n d͡ʒ d	s k r a ʊ n d͡ʒ d	r iː ɹ̩ e ɪ n d͡ʒ	r iː ɹ̩ e ɪ n d͡ʒ d	r iː ɹ̩ e ɪ n d͡ʒ d	s k r a ʊ n d͡ʒ d	1	1	reg_d	reg_d	reg_d
model_template	ɔ r ɡ ə n a ɪ z	ɔ r ɡ ə n a ɪ z d	ɔ r ɡ ə n a ɪ z d	ɛ k s ɹ̩ s a ɪ z	ɛ k s ɹ̩ s a ɪ z d	ɛ k s ɹ̩ s a ɪ z d	ɔ r ɡ ə n a ɪ z d	1	1	reg_d	reg_d	reg_d
model_template	d ɪ z a ɪ n	d ɪ z a ɪ n d	d ɪ z a ɪ n d	b æ n d ɪ d͡ʒ	b æ n d ɪ d͡ʒ d	b æ n d ɪ d͡ʒ d	d ɪ z a ɪ n d	1	1	reg_d	reg_d	reg_d
model_template_chosen	s e ɪ	s ɛ d	s e ɪ d	l e ɪ	l e ɪ d	l e ɪ d	s e ɪ d	1	0	vowel_change_suffix	reg_d	reg_d
model_template_chosen	ɡ o ʊ	w ɛ n t	ɡ o ʊ d	ʃ o ʊ	ʃ o ʊ d	ʃ o ʊ d	ɡ o ʊ d	1	0	other	reg_d	reg_d
model_template_chosen	h æ p ə n	h æ p ə n d	h æ p ə n d	o ʊ p ə n	o ʊ p ə n d	o ʊ p ə n d	h æ p ə n d	1	1	reg_d	reg_d	reg_d
model_template_chosen	k æ t͡ʃ	k ɔ t	k æ t͡ʃ t	h æ t͡ʃ	h æ t͡ʃ t	h æ t͡ʃ t	k æ t͡ʃ t	1	0	rhyme_replaced	reg_t	reg_t
model_template_chosen	l ʌ v	l ʌ v d	l ʌ v d	ʃ ʌ v	ʃ ʌ v d	ʃ ʌ v d	l ʌ v d	1	1	reg_d	reg_d	reg_d
model_template_chosen	w ɹ̩ k	w ɹ̩ k t	w ɹ̩ k t	d͡ʒ ɹ̩ k	d͡ʒ ɹ̩ k t	d͡ʒ ɹ̩ k t	w ɹ̩ k t	1	1	reg_t	reg_t	reg_t
model_template_chosen	k ʌ t	k ʌ t	k e ɪ t	k ʌ m	k e ɪ m	k e ɪ m	NA	0	0	no_change	vowel_change	vowel_change
model_template_chosen	n iː d	n iː d ə d	n iː d ə d	b iː d	b iː d ə d	b iː d ə d	n iː d ə d	1	1	reg_əd	reg_əd	reg_əd
model_template_chosen	z ɪ p ɹ̩	z ɪ p ɹ̩ d	z ɪ p ɹ̩ d	s ɪ m ɹ̩	s ɪ m ɹ̩ d	s ɪ m ɹ̩ d	z ɪ p ɹ̩ d	1	1	reg_d	reg_d	reg_d
model_template_chosen	b a ɪ	b ɔ t	b a ɪ d	s a ɪ	s a ɪ d	s a ɪ d	b a ɪ d	1	0	vowel_change_suffix	reg_d	reg_d
model_template_chosen	m iː t	m ɛ t	m iː t ə d	h iː t	h iː t ə d	h iː t ə d	m iː t ə d	1	0	vowel_change	reg_əd	reg_əd
model_template_chosen	m e ɪ l	m e ɪ l d	m e ɪ l d	d͡ʒ e ɪ l	d͡ʒ e ɪ l d	d͡ʒ e ɪ l d	m e ɪ l d	1	1	reg_d	reg_d	reg_d
model_template_chosen	t iː t͡ʃ	t ɔ t	t iː t͡ʃ t	r iː t͡ʃ	r iː t͡ʃ t	r iː t͡ʃ t	t iː t͡ʃ t	1	0	rhyme_replaced	reg_t	reg_t
model_template_chosen	s p ɛ n d	s p ɛ n t	s p ɛ n d ə d	s a ʊ n d	s a ʊ n d ə d	s a ʊ n d ə d	s p ɛ n d ə d	1	0	coda_change	reg_əd	reg_əd
model_template_chosen	h æ n d	h æ n d ə d	h æ n d ə d	t ɛ n d	t ɛ n d ə d	t ɛ n d ə d	h æ n d ə d	1	1	reg_əd	reg_əd	reg_əd
model_template_chosen	m ɛ r iː	m ɛ r iː d	m ɛ r iː d	h ɛ r iː	h ɛ r iː d	h ɛ r iː d	m ɛ r iː d	1	1	reg_d	reg_d	reg_d
model_template_chosen	r ɛ d iː	r ɛ d iː d	r ɛ d iː d	m ʌ d iː	m ʌ d iː d	m ʌ d iː d	r ɛ d iː d	1	1	reg_d	reg_d	reg_d
model_template_chosen	f l o ʊ t	f l o ʊ t ə d	f l o ʊ t ə d	k w o ʊ t	k w o ʊ t ə d	k w o ʊ t ə d	f l o ʊ t ə d	1	1	reg_əd	reg_əd	reg_əd
model_template_chosen	s k w ɹ̩ t	s k w ɹ̩ t ə d	s k w ɹ̩ t ə d	s t ʌ n t	s t ʌ n t ə d	s t ʌ n t ə d	s k w ɹ̩ t ə d	1	1	reg_əd	reg_əd	reg_əd
model_template_chosen	w ɔ k	w ɔ k t	w ɔ k t	t͡ʃ ɔ k	t͡ʃ ɔ k t	t͡ʃ ɔ k t	w ɔ k t	1	1	reg_t	reg_t	reg_t
model_template_chosen	f ɪ k s	f ɪ k s t	f ɪ k s t	m æ k s	m æ k s t	m æ k s t	f ɪ k s t	1	1	reg_t	reg_t	reg_t
model_template_chosen	p r æ k t ɪ s	p r æ k t ɪ s t	p r æ k t ɪ s t	s ɛ n t ə n s	s ɛ n t ə n s t	s ɛ n t ə n s t	p r æ k t ɪ s t	1	1	reg_t	reg_t	reg_t
model_template_chosen	k iː p	k ɛ p t	k iː p t	s iː p	s iː p t	s iː p t	k iː p t	1	0	vowel_change_suffix	reg_t	reg_t
model_template_chosen	n ɪ b ə l	n ɪ b ə l d	n ɪ b ə l d	n ʌ k ə l	n ʌ k ə l d	n ʌ k ə l d	n ɪ b ə l d	1	1	reg_d	reg_d	reg_d
model_template_chosen	w uː	w uː d	w uː d	b uː	b uː d	b uː d	w uː d	1	1	reg_d	reg_d	reg_d
model_template_chosen	k ɪ l	k ɪ l d	k ɪ l d	b ɪ l	b ɪ l d	b ɪ l d	k ɪ l d	1	1	reg_d	reg_d	reg_d
model_template_chosen	k æ r iː	k æ r iː d	k æ r iː d	h ɛ r iː	h ɛ r iː d	h ɛ r iː d	k æ r iː d	1	1	reg_d	reg_d	reg_d
model_template_chosen	ɹ̩ n	ɹ̩ n d	ɹ̩ n d	o ʊ	o ʊ d	o ʊ d	ɹ̩ n d	1	1	reg_d	reg_d	reg_d
model_template_chosen	k ə l ɛ k t	k ə l ɛ k t ə d	k ə l ɛ k t ə d	s ə l ɛ k t	s ə l ɛ k t ə d	s ə l ɛ k t ə d	k ə l ɛ k t ə d	1	1	reg_əd	reg_əd	reg_əd
model_template_chosen	d æ n s	d æ n s t	d æ n s t	m æ k s	m æ k s t	m æ k s t	d æ n s t	1	1	reg_t	reg_t	reg_t
model_template_chosen	d r ɔ	d r uː	d r ɔ d	k l ɔ	k l ɔ d	k l ɔ d	d r ɔ d	1	0	vowel_change	reg_d	reg_d
model_template_chosen	p r a ɪ	p r a ɪ d	p r a ɪ d	p l a ɪ	p l a ɪ d	p l a ɪ d	p r a ɪ d	1	1	reg_d	reg_d	reg_d
model_template_chosen	ɪ n v a ɪ t	ɪ n v a ɪ t ə d	ɪ n v a ɪ t ə d	ɪ n v ɛ n t	ɪ n v ɛ n t ə d	ɪ n v ɛ n t ə d	ɪ n v a ɪ t ə d	1	1	reg_əd	reg_əd	reg_əd
model_template_chosen	r iː ə l a ɪ z	r iː ə l a ɪ z d	r iː ə l a ɪ z d	s ɹ̩ p r a ɪ z	s ɹ̩ p r a ɪ z d	s ɹ̩ p r a ɪ z d	r iː ə l a ɪ z d	1	1	reg_d	reg_d	reg_d
model_template_chosen	d r ɛ s	d r ɛ s t	d r ɛ s t	b l ɛ s	b l ɛ s t	b l ɛ s t	d r ɛ s t	1	1	reg_t	reg_t	reg_t
model_template_chosen	t r æ n z m ɪ t	t r æ n z m ɪ t ə d	t r æ n m e ɪ t ə d	r æ p	r æ p t	r æ p t	t r æ n z m ɪ t t	0	0	reg_əd	other	reg_t
model_template_chosen	ʃ uː	ʃ uː d	ʃ uː	h j uː	h j uː	h j uː	ʃ uː	1	0	reg_d	no_change	no_change
model_template_chosen	p iː s	p iː s t	p iː s t	l uː s	l uː s t	l uː s t	p iː s t	1	1	reg_t	reg_t	reg_t
model_template_chosen	d ɛ r	d ɛ r d	d ɛ r d	k ɛ r	k ɛ r d	k ɛ r d	d ɛ r d	1	1	reg_d	reg_d	reg_d
model_template_chosen	b ɪ l d	b ɪ l t	b ɪ l d ə d	b iː r d	b iː r d ə d	b iː r d ə d	b ɪ l d ə d	1	0	coda_change	reg_əd	reg_əd
model_template_chosen	w ɪ n	w ʌ n	w ɪ n d	θ ɪ n	θ ɪ n d	θ ɪ n d	w ɪ n d	1	0	vowel_change	reg_d	reg_d
model_template_chosen	k l a ɪ m	k l a ɪ m d	k l a ɪ m d	b l e ɪ m	b l e ɪ m d	b l e ɪ m d	k l a ɪ m d	1	1	reg_d	reg_d	reg_d
model_template_chosen	s t ʌ f	s t ʌ f t	s t ʌ f t	s n ʌ f	s n ʌ f t	s n ʌ f t	s t ʌ f t	1	1	reg_t	reg_t	reg_t
model_template_chosen	s t æ n d	s t ʊ d	s t æ n d ə d	s a ʊ n d	s a ʊ n d ə d	s a ʊ n d ə d	s t æ n d ə d	1	0	rhyme_replaced	reg_əd	reg_əd
model_template_chosen	d a ɪ s	d a ɪ s t	d o ʊ s t	d a ɪ v	d o ʊ v	d o ʊ v	NA	0	0	reg_t	vowel_change_suffix	vowel_change
model_template_chosen	k o ʊ m	k o ʊ m d	k o ʊ m d	m o ʊ n	m o ʊ n d	m o ʊ n d	k o ʊ m d	1	1	reg_d	reg_d	reg_d
model_template_chosen	ɡ r o ʊ	ɡ r uː	ɡ r o ʊ d	ɡ l o ʊ	ɡ l o ʊ d	ɡ l o ʊ d	ɡ r o ʊ d	1	0	vowel_change	reg_d	reg_d
model_template_chosen	b ʌ t ɹ̩	b ʌ t ɹ̩ d	b ʌ t ɹ̩ d	b ɛ t ɹ̩	b ɛ t ɹ̩ d	b ɛ t ɹ̩ d	b ʌ t ɹ̩ d	1	1	reg_d	reg_d	reg_d
model_template_chosen	ə p s ɛ t	ə p s ɛ t	ə p s ɛ t ə d	ə d ɪ k t	ə d ɪ k t ə d	ə d ɪ k t ə d	ə p s ɛ t ə d	1	0	no_change	reg_əd	reg_əd
model_template_chosen	b ɑː r	b ɑː r d	b ɑː r d	b ɔ r	b ɔ r d	b ɔ r d	b ɑː r d	1	1	reg_d	reg_d	reg_d
model_template_chosen	m ɪ k s	m ɪ k s t	m ɪ k s t	m æ k s	m æ k s t	m æ k s t	m ɪ k s t	1	1	reg_t	reg_t	reg_t
model_template_chosen	l ɹ̩ n	l ɹ̩ n d	l ɹ̩ n d	b ɹ̩ n	b ɹ̩ n d	b ɹ̩ n d	l ɹ̩ n d	1	1	reg_d	reg_d	reg_d
model_template_chosen	r æ t ə l	r æ t ə l d	r æ t ə l d	ʃ ʌ t ə l	ʃ ʌ t ə l d	ʃ ʌ t ə l d	r æ t ə l d	1	1	reg_d	reg_d	reg_d
model_template_chosen	l uː z	l ɔ s t	l uː z d	s iː z	s iː z d	s iː z d	l uː z d	1	0	rhyme_replaced	reg_d	reg_d
model_template_chosen	p ɔ r	p ɔ r d	p ɔ r d	b ɔ r	b ɔ r d	b ɔ r d	p ɔ r d	1	1	reg_d	reg_d	reg_d
model_template_chosen	m æ n	m æ n d	m æ n d	p ɛ n	p ɛ n d	p ɛ n d	m æ n d	1	1	reg_d	reg_d	reg_d
model_template_chosen	m æ t͡ʃ	m æ t͡ʃ t	m æ t͡ʃ t	h æ t͡ʃ	h æ t͡ʃ t	h æ t͡ʃ t	m æ t͡ʃ t	1	1	reg_t	reg_t	reg_t
model_template_chosen	w ɑː n d ɹ̩	w ɑː n d ɹ̩ d	w ɑː n d ɹ̩ d	w ʌ n d ɹ̩	w ʌ n d ɹ̩ d	w ʌ n d ɹ̩ d	w ɑː n d ɹ̩ d	1	1	reg_d	reg_d	reg_d
model_template_chosen	r iː m a ɪ n d	r iː m a ɪ n d ə d	r iː m a ɪ n d ə d	r ɪ s p ɑː n d	r ɪ s p ɑː n d ə d	r ɪ s p ɑː n d ə d	r iː m a ɪ n d ə d	1	1	reg_əd	reg_əd	reg_əd
model_template_chosen	s n ɪ f	s n ɪ f t	s n ɪ f t	n a ɪ f	n a ɪ f t	n a ɪ f t	s n ɪ f t	1	1	reg_t	reg_t	reg_t
model_template_chosen	p iː k	p iː k t	p iː k t	l iː k	l iː k t	l iː k t	p iː k t	1	1	reg_t	reg_t	reg_t
model_template_chosen	p l iː z	p l iː z d	p l iː z d	s n iː z	s n iː z d	s n iː z d	p l iː z d	1	1	reg_d	reg_d	reg_d
model_template_chosen	b e ɪ k	b e ɪ k t	b e ɪ k t	f e ɪ k	f e ɪ k t	f e ɪ k t	b e ɪ k t	1	1	reg_t	reg_t	reg_t
model_template_chosen	r ɪ p	r ɪ p t	r ɪ p t	ʃ ɪ p	ʃ ɪ p t	ʃ ɪ p t	r ɪ p t	1	1	reg_t	reg_t	reg_t
model_template_chosen	t͡ʃ e ɪ n d͡ʒ	t͡ʃ e ɪ n d͡ʒ d	t͡ʃ e ɪ n d͡ʒ d	m æ n ə d͡ʒ	m æ n ə d͡ʒ d	m æ n ə d͡ʒ d	t͡ʃ e ɪ n d͡ʒ d	1	1	reg_d	reg_d	reg_d
model_template_chosen	ɔ r d ɹ̩	ɔ r d ɹ̩ d	ɔ r d ɹ̩ d	m ɹ̩ d ɹ̩	m ɹ̩ d ɹ̩ d	m ɹ̩ d ɹ̩ d	ɔ r d ɹ̩ d	1	1	reg_d	reg_d	reg_d
model_template_chosen	h o ʊ p	h o ʊ p t	h o ʊ p t	r o ʊ p	r o ʊ p t	r o ʊ p t	h o ʊ p t	1	1	reg_t	reg_t	reg_t
model_template_chosen	p ɛ p ɹ̩	p ɛ p ɹ̩ d	p ɛ p ɹ̩ d	p iː t ɹ̩	p iː t ɹ̩ d	p iː t ɹ̩ d	p ɛ p ɹ̩ d	1	1	reg_d	reg_d	reg_d
model_template_chosen	m ʌ n t͡ʃ	m ʌ n t͡ʃ t	m ʌ n t͡ʃ t	l ʌ n t͡ʃ	l ʌ n t͡ʃ t	l ʌ n t͡ʃ t	m ʌ n t͡ʃ t	1	1	reg_t	reg_t	reg_t
model_template_chosen	p l æ s t ɹ̩	p l æ s t ɹ̩ d	p l æ s t ɹ̩ d	ʃ o ʊ l d ɹ̩	ʃ o ʊ l d ɹ̩ d	ʃ o ʊ l d ɹ̩ d	p l æ s t ɹ̩ d	1	1	reg_d	reg_d	reg_d
model_template_chosen	f a ɪ t	f ɔ t	f a ɪ t ə d	l a ɪ t	l a ɪ t ə d	l ɪ t	f a ɪ t ə d	1	0	vowel_change	reg_əd	reg_əd
model_template_chosen	t r æ k	t r æ k t	t r æ k t	t r ʌ k	t r ʌ k t	t r ʌ k t	t r æ k t	1	1	reg_t	reg_t	reg_t
model_template_chosen	s o ʊ	s o ʊ d	s o ʊ d	r o ʊ	r o ʊ d	r o ʊ d	s o ʊ d	1	1	reg_d	reg_d	reg_d
model_template_chosen	m ɛ l t	m ɛ l t ə d	m ɛ l t ə d	m ɪ n t	m ɪ n t ə d	m ɪ n t ə d	m ɛ l t ə d	1	1	reg_əd	reg_əd	reg_əd
model_template_chosen	ɡ l ʌ v	ɡ l ʌ v d	ɡ l ʌ v d	s l æ m	s l æ m d	s l æ m d	ɡ l ʌ v d	1	1	reg_d	reg_d	reg_d
model_template_chosen	t͡ʃ ɑː r d͡ʒ	t͡ʃ ɑː r d͡ʒ d	t͡ʃ ɑː r d͡ʒ d	d ɑː r n	d ɑː r n d	d ɑː r n d	t͡ʃ ɑː r d͡ʒ d	1	1	reg_d	reg_d	reg_d
model_template_chosen	l ɪ k	l ɪ k t	l ɪ k t	k ɪ k	k ɪ k t	k ɪ k t	l ɪ k t	1	1	reg_t	reg_t	reg_t
model_template_chosen	d ɪ l ɪ v ɹ̩	d ɪ l ɪ v ɹ̩ d	d ɪ l ɪ v ɹ̩ d	r ɪ t a ɪ ɹ̩	r ɪ t a ɪ ɹ̩ d	r ɪ t a ɪ ɹ̩ d	d ɪ l ɪ v ɹ̩ d	1	1	reg_d	reg_d	reg_d
model_template_chosen	b ʌ m p	b ʌ m p t	b ʌ m p t	d ʌ m p	d ʌ m p t	d ʌ m p t	b ʌ m p t	1	1	reg_t	reg_t	reg_t
model_template_chosen	a ɪ	a ɪ d	a ɪ d	o ʊ	o ʊ d	o ʊ d	a ɪ d	1	1	reg_d	reg_d	reg_d
model_template_chosen	k iː	k iː d	k iː d	p iː	p iː d	p iː d	k iː d	1	1	reg_d	reg_d	reg_d
model_template_chosen	s ɪ z ə l	s ɪ z ə l d	s ɪ z ə l d	s ɛ t ə l	s ɛ t ə l d	s ɛ t ə l d	s ɪ z ə l d	1	1	reg_d	reg_d	reg_d
model_template_chosen	ɪ r e ɪ s	ɪ r e ɪ s t	ɪ r e ɪ s t	ɡ r e ɪ s	ɡ r e ɪ s t	ɡ r e ɪ s t	ɪ r e ɪ s t	1	1	reg_t	reg_t	reg_t
model_template_chosen	s ɹ̩ a ʊ n d	s ɹ̩ a ʊ n d ə d	s ɹ̩ a ʊ n d ə d	s k o ʊ l d	s k o ʊ l d ə d	s k o ʊ l d ə d	s ɹ̩ a ʊ n d ə d	1	1	reg_əd	reg_əd	reg_əd
model_template_chosen	s k ɪ p	s k ɪ p t	s k ɪ p t	k l ɪ p	k l ɪ p t	k l ɪ p t	s k ɪ p t	1	1	reg_t	reg_t	reg_t
model_template_chosen	d ɑː k t ɹ̩	d ɑː k t ɹ̩ d	d ɑː k t ɹ̩ d	k l ʌ t ɹ̩	k l ʌ t ɹ̩ d	k l ʌ t ɹ̩ d	d ɑː k t ɹ̩ d	1	1	reg_d	reg_d	reg_d
model_template_chosen	s e ɪ l	s e ɪ l d	s e ɪ l d	d͡ʒ e ɪ l	d͡ʒ e ɪ l d	d͡ʒ e ɪ l d	s e ɪ l d	1	1	reg_d	reg_d	reg_d
model_template_chosen	ɪ n t ə r ɛ s t	ɪ n t ə r ɛ s t ə d	ɪ n t ə r ɛ s t ə d	s ə b t r æ k t	s ə b t r æ k t ə d	s ə b t r æ k t ə d	ɪ n t ə r ɛ s t ə d	1	1	reg_əd	reg_əd	reg_əd
model_template_chosen	t r e ɪ s	t r e ɪ s t	t r e ɪ s t	p l e ɪ s	p l e ɪ s t	p l e ɪ s t	t r e ɪ s t	1	1	reg_t	reg_t	reg_t
model_template_chosen	a ɪ ɹ̩ n	a ɪ ɹ̩ n d	a ɪ ɹ̩ n d	f o ʊ n	f o ʊ n d	f o ʊ n d	a ɪ ɹ̩ n d	1	1	reg_d	reg_d	reg_d
model_template_chosen	iː v ɪ n	iː v ɪ n d	iː v ɪ n d	m a ɪ n	m a ɪ n d	m a ɪ n d	iː v ɪ n d	1	1	reg_d	reg_d	reg_d
model_template_chosen	k o ʊ k s	k o ʊ k s t	k o ʊ k s t	p a ʊ n s	p a ʊ n s t	p a ʊ n s t	k o ʊ k s t	1	1	reg_t	reg_t	reg_t
model_template_chosen	z ɪ r ɑː k s	z ɪ r ɑː k s t	z ɪ r ɑː k s t	h ɑː r n ə s	h ɑː r n ə s t	h ɑː r n ə s t	z ɪ r ɑː k s t	1	1	reg_t	reg_t	reg_t
model_template_chosen	b ɛ n d	b ɛ n d ə d	b ɛ n t	l ɛ n d	l ɛ n t	l ɛ n t	b ɛ n t	1	0	reg_əd	coda_change	coda_change
model_template_chosen	p o ʊ z	p o ʊ z d	p o ʊ z d	n o ʊ z	n o ʊ z d	n o ʊ z d	p o ʊ z d	1	1	reg_d	reg_d	reg_d
model_template_chosen	p ɑː k ə t	p ɑː k ə t ə d	p ɑː k ə t ə d	p ɔ ɪ n t	p ɔ ɪ n t ə d	p ɔ ɪ n t ə d	p ɑː k ə t ə d	1	1	reg_əd	reg_əd	reg_əd
model_template_chosen	f r a ɪ	f r a ɪ d	f r a ɪ d	s p a ɪ	s p a ɪ d	s p a ɪ d	f r a ɪ d	1	1	reg_d	reg_d	reg_d
model_template_chosen	h æ n d ə l	h æ n d ə l d	h æ n d ə l d	t r ʌ b ə l	t r ʌ b ə l d	t r ʌ b ə l d	h æ n d ə l d	1	1	reg_d	reg_d	reg_d
model_template_chosen	ə s o ʊ s iː e ɪ t	ə s o ʊ s iː e ɪ t ə d	ə s ʊ s æ k e ɪ t ə d	ə n w a ɪ n d	ə n w a ʊ n d	ə n w a ʊ n d	NA	0	0	reg_əd	other	vowel_change
model_template_chosen	æ k t	æ k t ə d	æ k t ə d	p ɑː t	p ɑː t ə d	p ɑː t ə d	æ k t ə d	1	1	reg_əd	reg_əd	reg_əd
model_template_chosen	r iː m uː v	r iː m uː v d	r iː m uː v d	r ɪ l iː v	r ɪ l iː v d	r ɪ l iː v d	r iː m uː v d	1	1	reg_d	reg_d	reg_d
model_template_chosen	s l o ʊ	s l o ʊ d	s l o ʊ d	ɡ l o ʊ	ɡ l o ʊ d	ɡ l o ʊ d	s l o ʊ d	1	1	reg_d	reg_d	reg_d
model_template_chosen	s t r æ p	s t r æ p t	s t r æ p t	s t r ɪ p	s t r ɪ p t	s t r ɪ p t	s t r æ p t	1	1	reg_t	reg_t	reg_t
model_template_chosen	d r e ɪ n	d r e ɪ n d	d r e ɪ n d	t r e ɪ n	t r e ɪ n d	t r e ɪ n d	d r e ɪ n d	1	1	reg_d	reg_d	reg_d
model_template_chosen	p ɛ ɡ	p ɛ ɡ d	p ɛ ɡ d	b æ ɡ	b æ ɡ d	b æ ɡ d	p ɛ ɡ d	1	1	reg_d	reg_d	reg_d
model_template_chosen	k ə m p l e ɪ n	k ə m p l e ɪ n d	k ə m p l e ɪ n d	ɪ k s p l e ɪ n	ɪ k s p l e ɪ n d	ɪ k s p l e ɪ n d	k ə m p l e ɪ n d	1	1	reg_d	reg_d	reg_d
model_template_chosen	f ɛ n s	f ɛ n s t	f ɛ n s t	f e ɪ s	f e ɪ s t	f e ɪ s t	f ɛ n s t	1	1	reg_t	reg_t	reg_t
model_template_chosen	k r iː e ɪ t	k r iː e ɪ t ə d	k r iː e ɪ t ə d	ɑː p ɹ̩ e ɪ t	ɑː p ɹ̩ e ɪ t ə d	ɑː p ɹ̩ e ɪ t ə d	k r iː e ɪ t ə d	1	1	reg_əd	reg_əd	reg_əd
model_template_chosen	f l ʌ ʃ	f l ʌ ʃ t	f l ʌ ʃ t	b l ʌ ʃ	b l ʌ ʃ t	b l ʌ ʃ t	f l ʌ ʃ t	1	1	reg_t	reg_t	reg_t
model_template_chosen	ɡ ɑː r d	ɡ ɑː r d ə d	ɡ ɑː r d ə d	l æ n d	l æ n d ə d	l æ n d ə d	ɡ ɑː r d ə d	1	1	reg_əd	reg_əd	reg_əd
model_template_chosen	r ɪ ŋ k ə l	r ɪ ŋ k ə l d	r ɪ ŋ k ə l d	t ɪ ŋ k ə l	t ɪ ŋ k ə l d	t ɪ ŋ k ə l d	r ɪ ŋ k ə l d	1	1	reg_d	reg_d	reg_d
model_template_chosen	s w iː p	s w ɛ p t	s w iː p t	s w uː p	s w uː p t	s w uː p t	s w iː p t	1	0	vowel_change_suffix	reg_t	reg_t
model_template_chosen	s k ɛ d͡ʒ ʊ l	s k ɛ d͡ʒ ʊ l d	s k ɛ d͡ʒ ʊ l d	s ɪ ɡ n ə l	s ɪ ɡ n ə l d	s ɪ ɡ n ə l d	s k ɛ d͡ʒ ʊ l d	1	1	reg_d	reg_d	reg_d
model_template_chosen	f ɹ̩ m ɛ n t	f ɹ̩ m ɛ n t ə d	f ɹ̩ m ɛ n t ə d	s ə d͡ʒ ɛ s t	s ə d͡ʒ ɛ s t ə d	s ə d͡ʒ ɛ s t ə d	f ɹ̩ m ɛ n t ə d	1	1	reg_əd	reg_əd	reg_əd
model_template_chosen	p ʌ z ə l	p ʌ z ə l d	p ʌ z ə l d	p ɪ k ə l	p ɪ k ə l d	p ɪ k ə l d	p ʌ z ə l d	1	1	reg_d	reg_d	reg_d
model_template_chosen	k l ɑː b ɹ̩	k l ɑː b ɹ̩ d	k l ɑː b ɹ̩ d	n ʌ m b ɹ̩	n ʌ m b ɹ̩ d	n ʌ m b ɹ̩ d	k l ɑː b ɹ̩ d	1	1	reg_d	reg_d	reg_d
model_template_chosen	d ɪ n a ɪ	d ɪ n a ɪ d	d ɪ n a ɪ d	ə n t a ɪ	ə n t a ɪ d	ə n t a ɪ d	d ɪ n a ɪ d	1	1	reg_d	reg_d	reg_d
model_template_chosen	e ɪ k	e ɪ k t	e ɪ k t	p ɪ k	p ɪ k t	p ɪ k t	e ɪ k t	1	1	reg_t	reg_t	reg_t
model_template_chosen	l iː n	l iː n d	l ɛ n t	l iː p	l ɛ p t	l ɛ p t	NA	0	0	reg_d	vowel_change_suffix	vowel_change_suffix
model_template_chosen	ʃ ɪ v ɹ̩	ʃ ɪ v ɹ̩ d	ʃ ɪ v ɹ̩ d	w ɛ ð ɹ̩	w ɛ ð ɹ̩ d	w ɛ ð ɹ̩ d	ʃ ɪ v ɹ̩ d	1	1	reg_d	reg_d	reg_d
model_template_chosen	f l ʌ d	f l ʌ d ə d	f l ʌ d ə d	d r ɛ d	d r ɛ d ə d	d r ɛ d ə d	f l ʌ d ə d	1	1	reg_əd	reg_əd	reg_əd
model_template_chosen	w ɪ s k	w ɪ s k t	w ɪ s k t	w ɪ ŋ k	w ɪ ŋ k t	w ɪ ŋ k t	w ɪ s k t	1	1	reg_t	reg_t	reg_t
model_template_chosen	k ə n t r o ʊ l	k ə n t r o ʊ l d	k ə n t r o ʊ l d	b a ɪ s ɪ k ə l	b a ɪ s ɪ k ə l d	b a ɪ s ɪ k ə l d	k ə n t r o ʊ l d	1	1	reg_d	reg_d	reg_d
model_template_chosen	b ɑː t ə m	b ɑː t ə m d	b ɑː t ə m d	b l e ɪ m	b l e ɪ m d	b l e ɪ m d	b ɑː t ə m d	1	1	reg_d	reg_d	reg_d
model_template_chosen	w ɔ r n	w ɔ r n d	w ɔ r n d	m ɔ r n	m ɔ r n d	m ɔ r n d	w ɔ r n d	1	1	reg_d	reg_d	reg_d
model_template_chosen	b ɛ r iː	b ɛ r iː d	b ɛ r iː d	v ɛ r iː	v ɛ r iː d	v ɛ r iː d	b ɛ r iː d	1	1	reg_d	reg_d	reg_d
model_template_chosen	ɔ f ɹ̩	ɔ f ɹ̩ d	ɔ f ɹ̩ d	s t ɹ̩	s t ɹ̩ d	s t ɹ̩ d	ɔ f ɹ̩ d	1	1	reg_d	reg_d	reg_d
model_template_chosen	b ɛ r	b o ʊ r	b ɛ r d	k ɛ r	k ɛ r d	k ɛ r d	b ɛ r d	1	0	vowel_change	reg_d	reg_d
model_template_chosen	s l ɪ p	s l ɪ p t	s l ɪ p t	k l ɪ p	k l ɪ p t	k l ɪ p t	s l ɪ p t	1	1	reg_t	reg_t	reg_t
model_template_chosen	t͡ʃ iː r	t͡ʃ iː r d	t͡ʃ iː r d	p iː r	p iː r d	p iː r d	t͡ʃ iː r d	1	1	reg_d	reg_d	reg_d
model_template_chosen	r ɪ s k	r ɪ s k t	r ɪ s k t	d ʌ ŋ k	d ʌ ŋ k t	d ʌ ŋ k t	r ɪ s k t	1	1	reg_t	reg_t	reg_t
model_template_chosen	p ɛ t	p ɛ t ə d	p ɛ t	s ɛ t	s ɛ t	s ɛ t	p ɛ t	1	0	reg_əd	no_change	no_change
model_template_chosen	t r ʌ s t	t r ʌ s t ə d	t r ʌ s t ə d	ə d͡ʒ ʌ s t	ə d͡ʒ ʌ s t ə d	ə d͡ʒ ʌ s t ə d	t r ʌ s t ə d	1	1	reg_əd	reg_əd	reg_əd
model_template_chosen	ɪ n s t r ʌ k t	ɪ n s t r ʌ k t ə d	ɪ n s t r ʌ k t ə d	d ɪ s t r ʌ k t	d ɪ s t r ʌ k t ə d	d ɪ s t r ʌ k t ə d	ɪ n s t r ʌ k t ə d	1	1	reg_əd	reg_əd	reg_əd
model_template_chosen	t͡ʃ ɪ k ə n	t͡ʃ ɪ k ə n d	t͡ʃ ɪ k ə n d	w iː k ə n	w iː k ə n d	w iː k ə n d	t͡ʃ ɪ k ə n d	1	1	reg_d	reg_d	reg_d
model_template_chosen	p r iː p ɛ r	p r iː p ɛ r d	p r iː p ɛ r d	ɪ m p l ɔ r	ɪ m p l ɔ r d	ɪ m p l ɔ r d	p r iː p ɛ r d	1	1	reg_d	reg_d	reg_d
model_template_chosen	h æ m ɹ̩	h æ m ɹ̩ d	h æ m ɹ̩ d	m ɛ ʒ ɹ̩	m ɛ ʒ ɹ̩ d	m ɛ ʒ ɹ̩ d	h æ m ɹ̩ d	1	1	reg_d	reg_d	reg_d
model_template_chosen	s p r ɪ ŋ k ə l	s p r ɪ ŋ k ə l d	s p r æ ŋ k ə l d	d r ɪ ŋ k	d r æ ŋ k	d r æ ŋ k	NA	0	0	reg_d	other	vowel_change
model_template_chosen	r ɛ s ə l	r ɛ s ə l d	r ɛ s ə l d	w ɪ s ə l	w ɪ s ə l d	w ɪ s ə l d	r ɛ s ə l d	1	1	reg_d	reg_d	reg_d
model_template_chosen	h ɛ m	h ɛ m d	h ɛ m d	b ɑː m	b ɑː m d	b ɑː m d	h ɛ m d	1	1	reg_d	reg_d	reg_d
model_template_chosen	p l æ n	p l æ n d	p l æ n d	m ɔ r n	m ɔ r n d	m ɔ r n d	p l æ n d	1	1	reg_d	reg_d	reg_d
model_template_chosen	s t æ ʃ	s t æ ʃ t	s t æ ʃ t	s m æ ʃ	s m æ ʃ t	s m æ ʃ t	s t æ ʃ t	1	1	reg_t	reg_t	reg_t
model_template_chosen	m ɑː r k	m ɑː r k t	m ɑː r k t	b ɑː r k	b ɑː r k t	b ɑː r k t	m ɑː r k t	1	1	reg_t	reg_t	reg_t
model_template_chosen	k e ɪ v	k e ɪ v d	k e ɪ v d	s e ɪ v	s e ɪ v d	s e ɪ v d	k e ɪ v d	1	1	reg_d	reg_d	reg_d
model_template_chosen	k ɹ̩ l	k ɹ̩ l d	k ɹ̩ l d	w ɹ̩ l	w ɹ̩ l d	w ɹ̩ l d	k ɹ̩ l d	1	1	reg_d	reg_d	reg_d
model_template_chosen	p r e ɪ z	p r e ɪ z d	p r e ɪ z d	b l e ɪ m	b l e ɪ m d	b l e ɪ m d	p r e ɪ z d	1	1	reg_d	reg_d	reg_d
model_template_chosen	d æ m	d æ m d	d æ m d	k ɑː m	k ɑː m d	k ɑː m d	d æ m d	1	1	reg_d	reg_d	reg_d
model_template_chosen	f l ʌ t ɹ̩	f l ʌ t ɹ̩ d	f l ʌ t ɹ̩ d	f ɪ l t ɹ̩	f ɪ l t ɹ̩ d	f ɪ l t ɹ̩ d	f l ʌ t ɹ̩ d	1	1	reg_d	reg_d	reg_d
model_template_chosen	b ɛ l t	b ɛ l t ə d	b ɛ l t ə d	p æ n t	p æ n t ə d	p æ n t ə d	b ɛ l t ə d	1	1	reg_əd	reg_əd	reg_əd
model_template_chosen	b ɔ l	b ɔ l d	b ɔ l d	h ɔ l	h ɔ l d	h ɔ l d	b ɔ l d	1	1	reg_d	reg_d	reg_d
model_template_chosen	s k æ l ə p	s k æ l ə p t	s k æ l ə p t	o ʊ v ɹ̩ l æ p	o ʊ v ɹ̩ l æ p t	o ʊ v ɹ̩ l æ p t	s k æ l ə p t	1	1	reg_t	reg_t	reg_t
model_template_chosen	k ə m p ɛ r	k ə m p ɛ r d	k ə m p ɛ r d	ɪ m p l ɔ r	ɪ m p l ɔ r d	ɪ m p l ɔ r d	k ə m p ɛ r d	1	1	reg_d	reg_d	reg_d
model_template_chosen	b ɔ ɪ l	b ɔ ɪ l d	b ɔ ɪ l d	t a ɪ l	t a ɪ l d	t a ɪ l d	b ɔ ɪ l d	1	1	reg_d	reg_d	reg_d
model_template_chosen	s k æ n	s k æ n d	s k æ n d	m ɔ r n	m ɔ r n d	m ɔ r n d	s k æ n d	1	1	reg_d	reg_d	reg_d
model_template_chosen	r ɛ k ə m ɛ n d	r ɛ k ə m ɛ n d ə d	r ɛ k ə m ɛ n d	s p r ɛ d	s p r ɛ d	s p r ɛ d	r ɛ k ə m ɛ n d	1	0	reg_əd	no_change	no_change
model_template_chosen	t o ʊ	t o ʊ d	t o ʊ d	ʃ o ʊ	ʃ o ʊ d	ʃ o ʊ d	t o ʊ d	1	1	reg_d	reg_d	reg_d
model_template_chosen	s t r ɛ s	s t r ɛ s t	s t r ɛ s t	ə d r ɛ s	ə d r ɛ s t	ə d r ɛ s t	s t r ɛ s t	1	1	reg_t	reg_t	reg_t
model_template_chosen	b æ n d	b æ n d ə d	b æ n d ə d	t ɛ n d	t ɛ n d ə d	t ɛ n d ə d	b æ n d ə d	1	1	reg_əd	reg_əd	reg_əd
model_template_chosen	b o ʊ s t	b o ʊ s t ə d	b o ʊ s t ə d	r o ʊ s t	r o ʊ s t ə d	r o ʊ s t ə d	b o ʊ s t ə d	1	1	reg_əd	reg_əd	reg_əd
model_template_chosen	r ɛ s k j uː	r ɛ s k j uː d	r ɛ s k j uː d	m ɛ n ʃ ə n	m ɛ n ʃ ə n d	m ɛ n ʃ ə n d	r ɛ s k j uː d	1	1	reg_d	reg_d	reg_d
model_template_chosen	b ʌ s	b ʌ s t	b ʌ s t	p æ s	p æ s t	p æ s t	b ʌ s t	1	1	reg_t	reg_t	reg_t
model_template_chosen	m ɑː r	m ɑː r d	m ɑː r d	r ɔ r	r ɔ r d	r ɔ r d	m ɑː r d	1	1	reg_d	reg_d	reg_d
model_template_chosen	t ʌ m b ə l	t ʌ m b ə l d	t ʌ m b ə l d	t r ʌ b ə l	t r ʌ b ə l d	t r ʌ b ə l d	t ʌ m b ə l d	1	1	reg_d	reg_d	reg_d
model_template_chosen	d ɪ s t r ɔ ɪ	d ɪ s t r ɔ ɪ d	d ɪ s t r ɔ r d	h ɛ d k w ɔ r t ɹ̩	h ɛ d k w ɔ r t ɹ̩ d	h ɛ d k w ɔ r t ɹ̩ d	d ɪ s t r ɔ ɪ d	0	1	reg_d	rhyme_replaced	reg_d
model_template_chosen	w æ ɡ	w æ ɡ d	w æ ɡ d	ɡ æ ɡ	ɡ æ ɡ d	ɡ æ ɡ d	w æ ɡ d	1	1	reg_d	reg_d	reg_d
model_template_chosen	p a ʊ ɹ̩	p a ʊ ɹ̩ d	p a ʊ ɹ̩ d	t a ʊ ɹ̩	t a ʊ ɹ̩ d	t a ʊ ɹ̩ d	p a ʊ ɹ̩ d	1	1	reg_d	reg_d	reg_d
model_template_chosen	b l iː t͡ʃ	b l iː t͡ʃ t	b l ɛ t͡ʃ t	b l iː d	b l ɛ d	b l ɛ d	NA	0	0	reg_t	vowel_change_suffix	vowel_change
model_template_chosen	t æ ŋ ɡ ə l	t æ ŋ ɡ ə l d	t æ ŋ ɡ ə l d	d æ ŋ ɡ ə l	d æ ŋ ɡ ə l d	d æ ŋ ɡ ə l d	t æ ŋ ɡ ə l d	1	1	reg_d	reg_d	reg_d
model_template_chosen	n ɔ	n ɔ d	n ɔ d	uː z	uː z d	uː z d	n ɔ d	1	1	reg_d	reg_d	reg_d
model_template_chosen	r o ʊ m	r o ʊ m d	r o ʊ m d	f o ʊ n	f o ʊ n d	f o ʊ n d	r o ʊ m d	1	1	reg_d	reg_d	reg_d
model_template_chosen	b l ɪ ŋ k	b l ɪ ŋ k t	b l æ ŋ k	d r ɪ ŋ k	d r æ ŋ k	d r æ ŋ k	b l æ ŋ k	1	0	reg_t	vowel_change	vowel_change
model_template_chosen	t w ɹ̩ l	t w ɹ̩ l d	t w ɹ̩ l d	h o ʊ l	h o ʊ l d	h o ʊ l d	t w ɹ̩ l d	1	1	reg_d	reg_d	reg_d
model_template_chosen	ə n b ʌ t ə n	ə n b ʌ t ə n d	ə n b ʌ t ə n d	f r a ɪ t ə n	f r a ɪ t ə n d	f r a ɪ t ə n d	ə n b ʌ t ə n d	1	1	reg_d	reg_d	reg_d
model_template_chosen	θ r ɛ t ə n	θ r ɛ t ə n d	θ r ɛ t ə n d	m ɛ n ʃ ə n	m ɛ n ʃ ə n d	m ɛ n ʃ ə n d	θ r ɛ t ə n d	1	1	reg_d	reg_d	reg_d
model_template_chosen	b ɛ l o ʊ	b ɛ l o ʊ d	b ɛ l o ʊ d	f ɑː l o ʊ	f ɑː l o ʊ d	f ɑː l o ʊ d	b ɛ l o ʊ d	1	1	reg_d	reg_d	reg_d
model_template_chosen	s p ɛ ʃ ə l a ɪ z	s p ɛ ʃ ə l a ɪ z d	s p ɛ ʃ ə l a ɪ z d	æ k s ɛ s ɹ̩ a ɪ z	æ k s ɛ s ɹ̩ a ɪ z d	æ k s ɛ s ɹ̩ a ɪ z d	s p ɛ ʃ ə l a ɪ z d	1	1	reg_d	reg_d	reg_d
model_template_chosen	ɪ n ɪ ʃ iː e ɪ t	ɪ n ɪ ʃ iː e ɪ t ə d	ɪ n ɪ ʃ ɪ e ɪ t ə d	s l a ɪ d	s l ɪ d	s l ɪ d	NA	0	0	reg_əd	other	vowel_change
model_template_chosen	p iː p	p iː p t	p iː p t	s iː p	s iː p t	s iː p t	p iː p t	1	1	reg_t	reg_t	reg_t
model_template_chosen	ʃ ʌ f ə l	ʃ ʌ f ə l d	ʃ ʌ f ə l d	w ɑː f ə l	w ɑː f ə l d	w ɑː f ə l d	ʃ ʌ f ə l d	1	1	reg_d	reg_d	reg_d
model_template_chosen	ɪ n f l uː ə n s	ɪ n f l uː ə n s t	ɪ n f l uː n ə n d	ə n d ɹ̩ s t æ n d	ə n d ɹ̩ s t ʊ d	ə n d ɹ̩ s t ʊ d	NA	0	0	reg_t	other	rhyme_replaced
model_template_chosen	d a ʊ n	d a ʊ n d	d a ʊ n d	f o ʊ n	f o ʊ n d	f o ʊ n d	d a ʊ n d	1	1	reg_d	reg_d	reg_d
model_template_chosen	d ɪ v ɛ l ə p	d ɪ v ɛ l ə p t	d ɪ v ɛ l ə p ə d	s ɪ t͡ʃ uː e ɪ t	s ɪ t͡ʃ uː e ɪ t ə d	s ɪ t͡ʃ uː e ɪ t ə d	d ɪ v ɛ l ə p ə d	1	0	reg_t	reg_əd	reg_əd
model_template_chosen	s p e ɪ	s p e ɪ d	s p e ɪ d	s t e ɪ	s t e ɪ d	s t e ɪ d	s p e ɪ d	1	1	reg_d	reg_d	reg_d
model_template_chosen	r iː p l e ɪ s	r iː p l e ɪ s t	r iː p l e ɪ s t	s ɛ n t ə n s	s ɛ n t ə n s t	s ɛ n t ə n s t	r iː p l e ɪ s t	1	1	reg_t	reg_t	reg_t
model_template_chosen	s p ɔ ɪ l	s p ɔ ɪ l d	s p ɔ ɪ l d	s m a ɪ l	s m a ɪ l d	s m a ɪ l d	s p ɔ ɪ l d	1	1	reg_d	reg_d	reg_d
model_template_chosen	l e ɪ b ə l	l e ɪ b ə l d	l e ɪ b ə l d	t e ɪ b ə l	t e ɪ b ə l d	t e ɪ b ə l d	l e ɪ b ə l d	1	1	reg_d	reg_d	reg_d
model_template_chosen	d r ɪ b ə l	d r ɪ b ə l d	d r ɪ b ə l d	t e ɪ b ə l	t e ɪ b ə l d	t e ɪ b ə l d	d r ɪ b ə l d	1	1	reg_d	reg_d	reg_d
model_template_chosen	t͡ʃ æ n ə l	t͡ʃ æ n ə l d	t͡ʃ æ n ə l d	w ɪ s ə l	w ɪ s ə l d	w ɪ s ə l d	t͡ʃ æ n ə l d	1	1	reg_d	reg_d	reg_d
model_template_chosen	ɪ m p r uː v	ɪ m p r uː v d	ɪ m p r uː v d	ɪ n v ɑː l v	ɪ n v ɑː l v d	ɪ n v ɑː l v d	ɪ m p r uː v d	1	1	reg_d	reg_d	reg_d
model_template_chosen	p r e ɪ	p r e ɪ d	p r e ɪ d	p l e ɪ	p l e ɪ d	p l e ɪ d	p r e ɪ d	1	1	reg_d	reg_d	reg_d
model_template_chosen	w ɛ t	w ɛ t	w ɛ t	s ɛ t	s ɛ t	s ɛ t	w ɛ t	1	1	no_change	no_change	no_change
model_template_chosen	s t r e ɪ n	s t r e ɪ n d	s t r e ɪ n d	ɪ n ɡ e ɪ d͡ʒ	ɪ n ɡ e ɪ d͡ʒ d	ɪ n ɡ e ɪ d͡ʒ d	s t r e ɪ n d	1	1	reg_d	reg_d	reg_d
model_template_chosen	m ɑː r b ə l	m ɑː r b ə l d	m ɑː r b ə l d	t r ʌ b ə l	t r ʌ b ə l d	t r ʌ b ə l d	m ɑː r b ə l d	1	1	reg_d	reg_d	reg_d
model_template_chosen	ʃ ɛ l	ʃ ɛ l d	ʃ o ʊ l d	t ɛ l	t o ʊ l d	t o ʊ l d	ʃ o ʊ l d	1	0	reg_d	vowel_change_suffix	vowel_change_suffix
model_template_chosen	k o ʊ ɑː p ɹ̩ e ɪ t	k o ʊ ɑː p ɹ̩ e ɪ t ə d	k o ʊ ɑː p ɹ̩ e ɪ t ə d	d uː p l ə k e ɪ t	d uː p l ə k e ɪ t ə d	d uː p l ə k e ɪ t ə d	k o ʊ ɑː p ɹ̩ e ɪ t ə d	1	1	reg_əd	reg_əd	reg_əd
model_template_chosen	ɡ r e ɪ t	ɡ r e ɪ t ə d	ɡ r e ɪ t ə d	s t e ɪ t	s t e ɪ t ə d	s t e ɪ t ə d	ɡ r e ɪ t ə d	1	1	reg_əd	reg_əd	reg_əd
model_template_chosen	f ɔ r m j ə l e ɪ t	f ɔ r m j ə l e ɪ t ə d	f ɔ r b ə l j ə l e ɪ t ə d	θ r o ʊ	θ r uː	θ r uː	NA	0	0	reg_əd	other	vowel_change
model_template_chosen	k æ n s ə l	k æ n s ə l d	k æ n s ə l d	t r æ v ə l	t r æ v ə l d	t r æ v ə l d	k æ n s ə l d	1	1	reg_d	reg_d	reg_d
model_template_chosen	d ɪ s k ʌ v ɹ̩	d ɪ s k ʌ v ɹ̩ d	d ɪ s k ʌ v ɹ̩ d	r ɪ m ɛ m b ɹ̩	r ɪ m ɛ m b ɹ̩ d	r ɪ m ɛ m b ɹ̩ d	d ɪ s k ʌ v ɹ̩ d	1	1	reg_d	reg_d	reg_d
model_template_chosen	ə m e ɪ z	ə m e ɪ z d	ə m e ɪ z d	b l e ɪ m	b l e ɪ m d	b l e ɪ m d	ə m e ɪ z d	1	1	reg_d	reg_d	reg_d
model_template_chosen	f æ n s iː	f æ n s iː d	f æ n s iː d	p ɑː r t iː	p ɑː r t iː d	p ɑː r t iː d	f æ n s iː d	1	1	reg_d	reg_d	reg_d
model_template_chosen	æ n ə l a ɪ z	æ n ə l a ɪ z d	æ n ə l a ɪ z d	s ɹ̩ p r a ɪ z	s ɹ̩ p r a ɪ z d	s ɹ̩ p r a ɪ z d	æ n ə l a ɪ z d	1	1	reg_d	reg_d	reg_d
model_template_chosen	t e ɪ l ɹ̩	t e ɪ l ɹ̩ d	t e ɪ l ɹ̩ d	t r ɪ ɡ ɹ̩	t r ɪ ɡ ɹ̩ d	t r ɪ ɡ ɹ̩ d	t e ɪ l ɹ̩ d	1	1	reg_d	reg_d	reg_d
model_template_chosen	p ɑː r t͡ʃ	p ɑː r t͡ʃ t	p ɑː r t͡ʃ t	m ɑː r t͡ʃ	m ɑː r t͡ʃ t	m ɑː r t͡ʃ t	p ɑː r t͡ʃ t	1	1	reg_t	reg_t	reg_t
model_template_chosen	b ɪ d	b e ɪ d	b ɪ d ə d	k ɪ d	k ɪ d ə d	k ɪ d ə d	b ɪ d ə d	1	0	vowel_change	reg_əd	reg_əd
model_template_chosen	s o ʊ k	s o ʊ k t	s o ʊ k t	s n iː k	s n iː k t	s n iː k t	s o ʊ k t	1	1	reg_t	reg_t	reg_t
model_template_chosen	s uː	s uː d	s uː d	b uː	b uː d	b uː d	s uː d	1	1	reg_d	reg_d	reg_d
model_template_chosen	f æ n	f æ n d	f æ n d	p ɛ n	p ɛ n d	p ɛ n d	f æ n d	1	1	reg_d	reg_d	reg_d
model_template_chosen	f r ɛ k ə l	f r ɛ k ə l d	f r ɛ k ə l d	m æ ŋ ɡ ə l	m æ ŋ ɡ ə l d	m æ ŋ ɡ ə l d	f r ɛ k ə l d	1	1	reg_d	reg_d	reg_d
model_template_chosen	ə n d uː	ə n d ɪ d	ə n d uː d	s k r uː	s k r uː d	s k r uː d	ə n d uː d	1	0	vowel_change_suffix	reg_d	reg_d
model_template_chosen	θ ʌ m p	θ ʌ m p t	θ ʌ m p t	d ʌ m p	d ʌ m p t	d ʌ m p t	θ ʌ m p t	1	1	reg_t	reg_t	reg_t
model_template_chosen	w ɑː b ə l	w ɑː b ə l d	w ɑː b ə l d	b ʌ b ə l	b ʌ b ə l d	b ʌ b ə l d	w ɑː b ə l d	1	1	reg_d	reg_d	reg_d
model_template_chosen	ɡ r ɪ l	ɡ r ɪ l d	ɡ r ɪ l d	d r ɪ l	d r ɪ l d	d r ɪ l d	ɡ r ɪ l d	1	1	reg_d	reg_d	reg_d
model_template_chosen	ə s uː m	ə s uː m d	ə s uː m d	s l æ m	s l æ m d	s l æ m d	ə s uː m d	1	1	reg_d	reg_d	reg_d
model_template_chosen	z ɪ ɡ z æ ɡ	z ɪ ɡ z æ ɡ d	z ɪ ɡ z æ ɡ d	ə n p l ʌ ɡ	ə n p l ʌ ɡ d	ə n p l ʌ ɡ d	z ɪ ɡ z æ ɡ d	1	1	reg_d	reg_d	reg_d
model_template_chosen	p ɛ r ə ʃ uː t	p ɛ r ə ʃ uː t ə d	p ɛ r ə ʃ ə t ə d	p ɹ̩ s w e ɪ d	p ɹ̩ s w e ɪ d ə d	p ɹ̩ s w e ɪ d ə d	p ɛ r ə ʃ uː t ə d	0	1	reg_əd	other	reg_əd
model_template_chosen	ɛ ɡ	ɛ ɡ d	ɛ ɡ d	t͡ʃ uː	t͡ʃ uː d	t͡ʃ uː d	ɛ ɡ d	1	1	reg_d	reg_d	reg_d
model_template_chosen	l o ʊ k e ɪ t	l o ʊ k e ɪ t ə d	l o ʊ k e ɪ t ə d	d o ʊ n e ɪ t	d o ʊ n e ɪ t ə d	d o ʊ n e ɪ t ə d	l o ʊ k e ɪ t ə d	1	1	reg_əd	reg_əd	reg_əd
model_template_chosen	n e ɪ l	n e ɪ l d	n e ɪ l d	d͡ʒ e ɪ l	d͡ʒ e ɪ l d	d͡ʒ e ɪ l d	n e ɪ l d	1	1	reg_d	reg_d	reg_d
model_template_chosen	f a ɪ n	f a ɪ n d	f a ɪ n d	ʃ a ɪ n	ʃ a ɪ n d	ʃ a ɪ n d	f a ɪ n d	1	1	reg_d	reg_d	reg_d
model_template_chosen	ʃ r ɪ v ə l	ʃ r ɪ v ə l d	ʃ r ɪ v ə l d	t r æ v ə l	t r æ v ə l d	t r æ v ə l d	ʃ r ɪ v ə l d	1	1	reg_d	reg_d	reg_d
model_template_chosen	t͡ʃ a ɪ m	t͡ʃ a ɪ m d	t͡ʃ a ɪ m d	t a ɪ m	t a ɪ m d	t a ɪ m d	t͡ʃ a ɪ m d	1	1	reg_d	reg_d	reg_d
model_template_chosen	ɪ v æ p ɹ̩ e ɪ t	ɪ v æ p ɹ̩ e ɪ t ə d	ɪ v æ p ɹ̩ e ɪ t ə d	l æ m ə n e ɪ t	l æ m ə n e ɪ t ə d	l æ m ə n e ɪ t ə d	ɪ v æ p ɹ̩ e ɪ t ə d	1	1	reg_əd	reg_əd	reg_əd
model_template_chosen	ɑː k j ə p a ɪ	ɑː k j ə p a ɪ d	ɑː k j ə p a ɪ d	ɡ ɛ r ə n t iː	ɡ ɛ r ə n t iː d	ɡ ɛ r ə n t iː d	ɑː k j ə p a ɪ d	1	1	reg_d	reg_d	reg_d
model_template_chosen	k l ɑː ɡ	k l ɑː ɡ d	k l ɑː ɡ d	s n æ ɡ	s n æ ɡ d	s n æ ɡ d	k l ɑː ɡ d	1	1	reg_d	reg_d	reg_d
model_template_chosen	m æ p	m æ p t	m æ p t	z æ p	z æ p t	z æ p t	m æ p t	1	1	reg_t	reg_t	reg_t
model_template_chosen	ɡ e ɪ z	ɡ e ɪ z d	ɡ e ɪ z d	r e ɪ z	r e ɪ z d	r e ɪ z d	ɡ e ɪ z d	1	1	reg_d	reg_d	reg_d
model_template_chosen	s k æ t ɹ̩	s k æ t ɹ̩ d	s k æ t ɹ̩ d	k l ʌ t ɹ̩	k l ʌ t ɹ̩ d	k l ʌ t ɹ̩ d	s k æ t ɹ̩ d	1	1	reg_d	reg_d	reg_d
model_template_chosen	s n ɑː r ə l	s n ɑː r ə l d	s n ɑː r ə l d	s ɪ ɡ n ə l	s ɪ ɡ n ə l d	s ɪ ɡ n ə l d	s n ɑː r ə l d	1	1	reg_d	reg_d	reg_d
model_template_chosen	f l e ɪ v ɹ̩	f l e ɪ v ɹ̩ d	f l e ɪ v ɹ̩ d	m ʌ ʃ r uː m	m ʌ ʃ r uː m d	m ʌ ʃ r uː m d	f l e ɪ v ɹ̩ d	1	1	reg_d	reg_d	reg_d
model_template_chosen	ɪ d͡ʒ ɛ k t	ɪ d͡ʒ ɛ k t ə d	ɪ d͡ʒ ɛ k t ə d	ɪ r ʌ p t	ɪ r ʌ p t ə d	ɪ r ʌ p t ə d	ɪ d͡ʒ ɛ k t ə d	1	1	reg_əd	reg_əd	reg_əd
model_template_chosen	r iː æ k t	r iː æ k t ə d	r iː æ k t ə d	b l æ s t	b l æ s t ə d	b l æ s t ə d	r iː æ k t ə d	1	1	reg_əd	reg_əd	reg_əd
model_template_chosen	s t e ɪ p ə l	s t e ɪ p ə l d	s t e ɪ p ə l d	s k r ɪ b ə l	s k r ɪ b ə l d	s k r ɪ b ə l d	s t e ɪ p ə l d	1	1	reg_d	reg_d	reg_d
model_template_chosen	ɪ k s p l o ʊ d	ɪ k s p l o ʊ d ə d	ɪ k s p l o ʊ d	s p r ɛ d	s p r ɛ d	s p r ɛ d	ɪ k s p l o ʊ d	1	0	reg_əd	no_change	no_change
model_template_chosen	r ɪ z ɛ m b ə l	r ɪ z ɛ m b ə l d	r ɪ z ɛ m b ə l d	s k r æ m b ə l	s k r æ m b ə l d	s k r æ m b ə l d	r ɪ z ɛ m b ə l d	1	1	reg_d	reg_d	reg_d
model_template_chosen	s w ɪ v ə l	s w ɪ v ə l d	s w ɪ v ə l d	s ɪ ɡ n ə l	s ɪ ɡ n ə l d	s ɪ ɡ n ə l d	s w ɪ v ə l d	1	1	reg_d	reg_d	reg_d
model_template_chosen	w æ k s	w æ k s t	w æ k s t	m æ k s	m æ k s t	m æ k s t	w æ k s t	1	1	reg_t	reg_t	reg_t
model_template_chosen	s k r a ʊ n d͡ʒ	s k r a ʊ n d͡ʒ d	s k r a ʊ n d͡ʒ d	æ k n ɑː l ɪ d͡ʒ	æ k n ɑː l ɪ d͡ʒ d	æ k n ɑː l ɪ d͡ʒ d	s k r a ʊ n d͡ʒ d	1	1	reg_d	reg_d	reg_d
model_template_chosen	ɔ r ɡ ə n a ɪ z	ɔ r ɡ ə n a ɪ z d	ɔ r ɡ ə n a ɪ z d	ɛ k s ɹ̩ s a ɪ z	ɛ k s ɹ̩ s a ɪ z d	ɛ k s ɹ̩ s a ɪ z d	ɔ r ɡ ə n a ɪ z d	1	1	reg_d	reg_d	reg_d
model_template_chosen	d ɪ z a ɪ n	d ɪ z a ɪ n d	d ɪ z a ɪ n d	b æ n d ɪ d͡ʒ	b æ n d ɪ d͡ʒ d	b æ n d ɪ d͡ʒ d	d ɪ z a ɪ n d	1	1	reg_d	reg_d	reg_d
model_jacobian	s e ɪ	s ɛ d	s e ɪ d	s a ɪ	s a ɪ d	s a ɪ d	s e ɪ d	1	0	vowel_change_suffix	reg_d	reg_d
model_jacobian	ɡ o ʊ	w ɛ n t	ɡ o ʊ d	ʃ o ʊ	ʃ o ʊ d	ʃ o ʊ d	ɡ o ʊ d	1	0	other	reg_d	reg_d
model_jacobian	h æ p ə n	h æ p ə n d	h æ p ə n d	o ʊ p ə n	o ʊ p ə n d	o ʊ p ə n d	h æ p ə n d	1	1	reg_d	reg_d	reg_d
model_jacobian	k æ t͡ʃ	k ɔ t	k æ t͡ʃ t	h æ t͡ʃ	h æ t͡ʃ t	h æ t͡ʃ t	k æ t͡ʃ t	1	0	rhyme_replaced	reg_t	reg_t
model_jacobian	l ʌ v	l ʌ v d	l ʌ v d	ʃ ʌ v	ʃ ʌ v d	ʃ ʌ v d	l ʌ v d	1	1	reg_d	reg_d	reg_d
model_jacobian	w ɹ̩ k	w ɹ̩ k t	w ɹ̩ k t	d͡ʒ ɹ̩ k	d͡ʒ ɹ̩ k t	d͡ʒ ɹ̩ k t	w ɹ̩ k t	1	1	reg_t	reg_t	reg_t
model_jacobian	k ʌ t	k ʌ t	k e ɪ t	k ʌ m	k e ɪ m	k e ɪ m	NA	0	0	no_change	vowel_change	vowel_change
model_jacobian	n iː d	n iː d ə d	n iː d ə d	b iː d	b iː d ə d	b iː d ə d	n iː d ə d	1	1	reg_əd	reg_əd	reg_əd
model_jacobian	z ɪ p ɹ̩	z ɪ p ɹ̩ d	z ɪ p ɹ̩ d	l ɪ t ɹ̩	l ɪ t ɹ̩ d	l ɪ t ɹ̩ d	z ɪ p ɹ̩ d	1	1	reg_d	reg_d	reg_d
model_jacobian	b a ɪ	b ɔ t	b a ɪ d	s a ɪ	s a ɪ d	s a ɪ d	b a ɪ d	1	0	vowel_change_suffix	reg_d	reg_d
model_jacobian	m iː t	m ɛ t	m iː t ə d	h iː t	h iː t ə d	h iː t ə d	m iː t ə d	1	0	vowel_change	reg_əd	reg_əd
model_jacobian	m e ɪ l	m e ɪ l d	m e ɪ l d	d͡ʒ e ɪ l	d͡ʒ e ɪ l d	d͡ʒ e ɪ l d	m e ɪ l d	1	1	reg_d	reg_d	reg_d
model_jacobian	t iː t͡ʃ	t ɔ t	t iː t͡ʃ t	t ʌ t͡ʃ	t ʌ t͡ʃ t	t ʌ t͡ʃ t	t iː t͡ʃ t	1	0	rhyme_replaced	reg_t	reg_t
model_jacobian	s p ɛ n d	s p ɛ n t	s p ɛ n d ə d	s a ʊ n d	s a ʊ n d ə d	s a ʊ n d ə d	s p ɛ n d ə d	1	0	coda_change	reg_əd	reg_əd
model_jacobian	h æ n d	h æ n d ə d	h æ n d ə d	l æ n d	l æ n d ə d	l æ n d ə d	h æ n d ə d	1	1	reg_əd	reg_əd	reg_əd
model_jacobian	m ɛ r iː	m ɛ r iː d	m ɛ r iː d	h ɛ r iː	h ɛ r iː d	h ɛ r iː d	m ɛ r iː d	1	1	reg_d	reg_d	reg_d
model_jacobian	r ɛ d iː	r ɛ d iː d	r ɛ d iː d	m ʌ d iː	m ʌ d iː d	m ʌ d iː d	r ɛ d iː d	1	1	reg_d	reg_d	reg_d
model_jacobian	f l o ʊ t	f l o ʊ t ə d	f l o ʊ t ə d	k w o ʊ t	k w o ʊ t ə d	k w o ʊ t ə d	f l o ʊ t ə d	1	1	reg_əd	reg_əd	reg_əd
model_jacobian	s k w ɹ̩ t	s k w ɹ̩ t ə d	s k w ɹ̩ t ə d	s t ʌ n t	s t ʌ n t ə d	s t ʌ n t ə d	s k w ɹ̩ t ə d	1	1	reg_əd	reg_əd	reg_əd
model_jacobian	w ɔ k	w ɔ k t	w ɔ k t	t͡ʃ ɔ k	t͡ʃ ɔ k t	t͡ʃ ɔ k t	w ɔ k t	1	1	reg_t	reg_t	reg_t
model_jacobian	f ɪ k s	f ɪ k s t	f ɪ k s t	m æ k s	m æ k s t	m æ k s t	f ɪ k s t	1	1	reg_t	reg_t	reg_t
model_jacobian	p r æ k t ɪ s	p r æ k t ɪ s t	p r æ k t ɪ s t	ɪ ɡ z æ m ɪ n	ɪ ɡ z æ m ɪ n d	ɪ ɡ z æ m ɪ n d	p r æ k t ɪ s d	0	0	reg_t	reg_t	reg_d
model_jacobian	k iː p	k ɛ p t	k iː p t	s iː p	s iː p t	s iː p t	k iː p t	1	0	vowel_change_suffix	reg_t	reg_t
model_jacobian	n ɪ b ə l	n ɪ b ə l d	n ɪ b ə l d	n ʌ k ə l	n ʌ k ə l d	n ʌ k ə l d	n ɪ b ə l d	1	1	reg_d	reg_d	reg_d
model_jacobian	w uː	w uː d	w uː d	b uː	b uː d	b uː d	w uː d	1	1	reg_d	reg_d	reg_d
model_jacobian	k ɪ l	k ɪ l d	k ɪ l d	w ɪ l	w ɪ l d	w ɪ l d	k ɪ l d	1	1	reg_d	reg_d	reg_d
model_jacobian	k æ r iː	k æ r iː d	k æ r iː d	ə ɡ r iː	ə ɡ r iː d	ə ɡ r iː d	k æ r iː d	1	1	reg_d	reg_d	reg_d
model_jacobian	ɹ̩ n	ɹ̩ n d	ɹ̩ n d	ɛ r	ɛ r d	ɛ r d	ɹ̩ n d	1	1	reg_d	reg_d	reg_d
model_jacobian	k ə l ɛ k t	k ə l ɛ k t ə d	k ə l ɛ k t ə d	k ə n ɛ k t	k ə n ɛ k t ə d	k ə n ɛ k t ə d	k ə l ɛ k t ə d	1	1	reg_əd	reg_əd	reg_əd
model_jacobian	d æ n s	d æ n s t	d æ n s t	m æ k s	m æ k s t	m æ k s t	d æ n s t	1	1	reg_t	reg_t	reg_t
model_jacobian	d r ɔ	d r uː	d r ɔ d	k l ɔ	k l ɔ d	k l ɔ d	d r ɔ d	1	0	vowel_change	reg_d	reg_d
model_jacobian	p r a ɪ	p r a ɪ d	p r a ɪ d	p l a ɪ	p l a ɪ d	p l a ɪ d	p r a ɪ d	1	1	reg_d	reg_d	reg_d
model_jacobian	ɪ n v a ɪ t	ɪ n v a ɪ t ə d	ɪ n v a ɪ t ə d	ɪ n v ɛ n t	ɪ n v ɛ n t ə d	ɪ n v ɛ n t ə d	ɪ n v a ɪ t ə d	1	1	reg_əd	reg_əd	reg_əd
model_jacobian	r iː ə l a ɪ z	r iː ə l a ɪ z d	r iː ə l a ɪ z d	m ɛ m ɹ̩ a ɪ z	m ɛ m ɹ̩ a ɪ z d	m ɛ m ɹ̩ a ɪ z d	r iː ə l a ɪ z d	1	1	reg_d	reg_d	reg_d
model_jacobian	d r ɛ s	d r ɛ s t	d r ɛ s t	b l ɛ s	b l ɛ s t	b l ɛ s t	d r ɛ s t	1	1	reg_t	reg_t	reg_t
model_jacobian	t r æ n z m ɪ t	t r æ n z m ɪ t ə d	t r æ n m e ɪ t ə d	s w ɑː l o ʊ	s w ɑː l o ʊ d	s w ɑː l o ʊ d	t r æ n z m ɪ t d	0	0	reg_əd	other	reg_d
model_jacobian	ʃ uː	ʃ uː d	ʃ uː	t͡ʃ uː	t͡ʃ uː d	t͡ʃ uː d	ʃ uː d	0	1	reg_d	no_change	reg_d
model_jacobian	p iː s	p iː s t	p iː s t	k ɪ s	k ɪ s t	k ɪ s t	p iː s t	1	1	reg_t	reg_t	reg_t
model_jacobian	d ɛ r	d ɛ r d	d ɛ r d	k ɛ r	k ɛ r d	k ɛ r d	d ɛ r d	1	1	reg_d	reg_d	reg_d
model_jacobian	b ɪ l d	b ɪ l t	b ɪ l d ə d	b iː r d	b iː r d ə d	b iː r d ə d	b ɪ l d ə d	1	0	coda_change	reg_əd	reg_əd
model_jacobian	w ɪ n	w ʌ n	w ɪ n d	θ ɪ n	θ ɪ n d	θ ɪ n d	w ɪ n d	1	0	vowel_change	reg_d	reg_d
model_jacobian	k l a ɪ m	k l a ɪ m d	k l a ɪ m d	b l e ɪ m	b l e ɪ m d	b l e ɪ m d	k l a ɪ m d	1	1	reg_d	reg_d	reg_d
model_jacobian	s t ʌ f	s t ʌ f t	s t ʌ f t	s n ʌ f	s n ʌ f t	s n ʌ f t	s t ʌ f t	1	1	reg_t	reg_t	reg_t
model_jacobian	s t æ n d	s t ʊ d	s t æ n d ə d	s a ʊ n d	s a ʊ n d ə d	s a ʊ n d ə d	s t æ n d ə d	1	0	rhyme_replaced	reg_əd	reg_əd
model_jacobian	d a ɪ s	d a ɪ s t	d o ʊ s t	d a ɪ v	d o ʊ v	d o ʊ v	NA	0	0	reg_t	vowel_change_suffix	vowel_change
model_jacobian	k o ʊ m	k o ʊ m d	k o ʊ m d	m o ʊ n	m o ʊ n d	m o ʊ n d	k o ʊ m d	1	1	reg_d	reg_d	reg_d
model_jacobian	ɡ r o ʊ	ɡ r uː	ɡ r o ʊ d	ɡ l o ʊ	ɡ l o ʊ d	ɡ l o ʊ d	ɡ r o ʊ d	1	0	vowel_change	reg_d	reg_d
model_jacobian	b ʌ t ɹ̩	b ʌ t ɹ̩ d	b ʌ t ɹ̩ d	b ɛ t ɹ̩	b ɛ t ɹ̩ d	b ɛ t ɹ̩ d	b ʌ t ɹ̩ d	1	1	reg_d	reg_d	reg_d
model_jacobian	ə p s ɛ t	ə p s ɛ t	ə p s ɛ t ə d	d r ɪ f t	d r ɪ f t ə d	d r ɪ f t ə d	ə p s ɛ t ə d	1	0	no_change	reg_əd	reg_əd
model_jacobian	b ɑː r	b ɑː r d	b ɑː r d	b ɔ r	b ɔ r d	b ɔ r d	b ɑː r d	1	1	reg_d	reg_d	reg_d
model_jacobian	m ɪ k s	m ɪ k s t	m ɪ k s t	m æ k s	m æ k s t	m æ k s t	m ɪ k s t	1	1	reg_t	reg_t	reg_t
model_jacobian	l ɹ̩ n	l ɹ̩ n d	l ɹ̩ n d	b ɹ̩ n	b ɹ̩ n d	b ɹ̩ n d	l ɹ̩ n d	1	1	reg_d	reg_d	reg_d
model_jacobian	r æ t ə l	r æ t ə l d	r æ t ə l d	ʃ ʌ t ə l	ʃ ʌ t ə l d	ʃ ʌ t ə l d	r æ t ə l d	1	1	reg_d	reg_d	reg_d
model_jacobian	l uː z	l ɔ s t	l uː z d	b ʌ z	b ʌ z d	b ʌ z d	l uː z d	1	0	rhyme_replaced	reg_d	reg_d
model_jacobian	p ɔ r	p ɔ r d	p ɔ r d	p iː r	p iː r d	p iː r d	p ɔ r d	1	1	reg_d	reg_d	reg_d
model_jacobian	m æ n	m æ n d	m æ n d	j ɔ n	j ɔ n d	j ɔ n d	m æ n d	1	1	reg_d	reg_d	reg_d
model_jacobian	m æ t͡ʃ	m æ t͡ʃ t	m æ t͡ʃ t	h æ t͡ʃ	h æ t͡ʃ t	h æ t͡ʃ t	m æ t͡ʃ t	1	1	reg_t	reg_t	reg_t
model_jacobian	w ɑː n d ɹ̩	w ɑː n d ɹ̩ d	w ɑː n d ɹ̩ d	w ʌ n d ɹ̩	w ʌ n d ɹ̩ d	w ʌ n d ɹ̩ d	w ɑː n d ɹ̩ d	1	1	reg_d	reg_d	reg_d
model_jacobian	r iː m a ɪ n d	r iː m a ɪ n d ə d	r iː m a ɪ n d ə d	ɪ k s p æ n d	ɪ k s p æ n d ə d	ɪ k s p æ n d ə d	r iː m a ɪ n d ə d	1	1	reg_əd	reg_əd	reg_əd
model_jacobian	s n ɪ f	s n ɪ f t	s n ɪ f t	n a ɪ f	n a ɪ f t	n a ɪ f t	s n ɪ f t	1	1	reg_t	reg_t	reg_t
model_jacobian	p iː k	p iː k t	p iː k t	l iː k	l iː k t	l iː k t	p iː k t	1	1	reg_t	reg_t	reg_t
model_jacobian	p l iː z	p l iː z d	p l iː z d	s n iː z	s n iː z d	s n iː z d	p l iː z d	1	1	reg_d	reg_d	reg_d
model_jacobian	b e ɪ k	b e ɪ k t	b e ɪ k t	f e ɪ k	f e ɪ k t	f e ɪ k t	b e ɪ k t	1	1	reg_t	reg_t	reg_t
model_jacobian	r ɪ p	r ɪ p t	r ɪ p t	r æ p	r æ p t	r æ p t	r ɪ p t	1	1	reg_t	reg_t	reg_t
model_jacobian	t͡ʃ e ɪ n d͡ʒ	t͡ʃ e ɪ n d͡ʒ d	t͡ʃ e ɪ n d͡ʒ d	m æ n ə d͡ʒ	m æ n ə d͡ʒ d	m æ n ə d͡ʒ d	t͡ʃ e ɪ n d͡ʒ d	1	1	reg_d	reg_d	reg_d
model_jacobian	ɔ r d ɹ̩	ɔ r d ɹ̩ d	ɔ r d ɹ̩ d	m ɹ̩ d ɹ̩	m ɹ̩ d ɹ̩ d	m ɹ̩ d ɹ̩ d	ɔ r d ɹ̩ d	1	1	reg_d	reg_d	reg_d
model_jacobian	h o ʊ p	h o ʊ p t	h o ʊ p t	r o ʊ p	r o ʊ p t	r o ʊ p t	h o ʊ p t	1	1	reg_t	reg_t	reg_t
model_jacobian	p ɛ p ɹ̩	p ɛ p ɹ̩ d	p ɛ p ɹ̩ d	p iː t ɹ̩	p iː t ɹ̩ d	p iː t ɹ̩ d	p ɛ p ɹ̩ d	1	1	reg_d	reg_d	reg_d
model_jacobian	m ʌ n t͡ʃ	m ʌ n t͡ʃ t	m ʌ n t͡ʃ t	l ʌ n t͡ʃ	l ʌ n t͡ʃ t	l ʌ n t͡ʃ t	m ʌ n t͡ʃ t	1	1	reg_t	reg_t	reg_t
model_jacobian	p l æ s t ɹ̩	p l æ s t ɹ̩ d	p l æ s t ɹ̩ d	ʃ o ʊ l d ɹ̩	ʃ o ʊ l d ɹ̩ d	ʃ o ʊ l d ɹ̩ d	p l æ s t ɹ̩ d	1	1	reg_d	reg_d	reg_d
model_jacobian	f a ɪ t	f ɔ t	f a ɪ t ə d	l a ɪ t	l a ɪ t ə d	l ɪ t	f a ɪ t ə d	1	0	vowel_change	reg_əd	reg_əd
model_jacobian	t r æ k	t r æ k t	t r æ k t	t r ʌ k	t r ʌ k t	t r ʌ k t	t r æ k t	1	1	reg_t	reg_t	reg_t
model_jacobian	s o ʊ	s o ʊ d	s o ʊ d	ʃ o ʊ	ʃ o ʊ d	ʃ o ʊ d	s o ʊ d	1	1	reg_d	reg_d	reg_d
model_jacobian	m ɛ l t	m ɛ l t ə d	m ɛ l t ə d	p æ n t	p æ n t ə d	p æ n t ə d	m ɛ l t ə d	1	1	reg_əd	reg_əd	reg_əd
model_jacobian	ɡ l ʌ v	ɡ l ʌ v d	ɡ l ʌ v d	s l æ m	s l æ m d	s l æ m d	ɡ l ʌ v d	1	1	reg_d	reg_d	reg_d
model_jacobian	t͡ʃ ɑː r d͡ʒ	t͡ʃ ɑː r d͡ʒ d	t͡ʃ ɑː r d͡ʒ d	d ɑː r n	d ɑː r n d	d ɑː r n d	t͡ʃ ɑː r d͡ʒ d	1	1	reg_d	reg_d	reg_d
model_jacobian	l ɪ k	l ɪ k t	l ɪ k t	k ɪ k	k ɪ k t	k ɪ k t	l ɪ k t	1	1	reg_t	reg_t	reg_t
model_jacobian	d ɪ l ɪ v ɹ̩	d ɪ l ɪ v ɹ̩ d	d ɪ l ɪ v ɹ̩ d	t͡ʃ æ l ə n d͡ʒ	t͡ʃ æ l ə n d͡ʒ d	t͡ʃ æ l ə n d͡ʒ d	d ɪ l ɪ v ɹ̩ d	1	1	reg_d	reg_d	reg_d
model_jacobian	b ʌ m p	b ʌ m p t	b ʌ m p t	d ʌ m p	d ʌ m p t	d ʌ m p t	b ʌ m p t	1	1	reg_t	reg_t	reg_t
model_jacobian	a ɪ	a ɪ d	a ɪ d	ɛ r	ɛ r d	ɛ r d	a ɪ d	1	1	reg_d	reg_d	reg_d
model_jacobian	k iː	k iː d	k iː d	p iː	p iː d	p iː d	k iː d	1	1	reg_d	reg_d	reg_d
model_jacobian	s ɪ z ə l	s ɪ z ə l d	s ɪ z ə l d	s ɛ t ə l	s ɛ t ə l d	s ɛ t ə l d	s ɪ z ə l d	1	1	reg_d	reg_d	reg_d
model_jacobian	ɪ r e ɪ s	ɪ r e ɪ s t	ɪ r e ɪ s t	ɡ r e ɪ s	ɡ r e ɪ s t	ɡ r e ɪ s t	ɪ r e ɪ s t	1	1	reg_t	reg_t	reg_t
model_jacobian	s ɹ̩ a ʊ n d	s ɹ̩ a ʊ n d ə d	s ɹ̩ a ʊ n d ə d	d ɪ p ɛ n d	d ɪ p ɛ n d ə d	d ɪ p ɛ n d ə d	s ɹ̩ a ʊ n d ə d	1	1	reg_əd	reg_əd	reg_əd
model_jacobian	s k ɪ p	s k ɪ p t	s k ɪ p t	k l ɪ p	k l ɪ p t	k l ɪ p t	s k ɪ p t	1	1	reg_t	reg_t	reg_t
model_jacobian	d ɑː k t ɹ̩	d ɑː k t ɹ̩ d	d ɑː k t ɹ̩ d	w ɪ n t ɹ̩	w ɪ n t ɹ̩ d	w ɪ n t ɹ̩ d	d ɑː k t ɹ̩ d	1	1	reg_d	reg_d	reg_d
model_jacobian	s e ɪ l	s e ɪ l d	s e ɪ l d	d͡ʒ e ɪ l	d͡ʒ e ɪ l d	d͡ʒ e ɪ l d	s e ɪ l d	1	1	reg_d	reg_d	reg_d
model_jacobian	ɪ n t ə r ɛ s t	ɪ n t ə r ɛ s t ə d	ɪ n t ə r ɛ s t ə d	s ə b t r æ k t	s ə b t r æ k t ə d	s ə b t r æ k t ə d	ɪ n t ə r ɛ s t ə d	1	1	reg_əd	reg_əd	reg_əd
model_jacobian	t r e ɪ s	t r e ɪ s t	t r e ɪ s t	p l e ɪ s	p l e ɪ s t	p l e ɪ s t	t r e ɪ s t	1	1	reg_t	reg_t	reg_t
model_jacobian	a ɪ ɹ̩ n	a ɪ ɹ̩ n d	a ɪ ɹ̩ n d	m ɔ r n	m ɔ r n d	m ɔ r n d	a ɪ ɹ̩ n d	1	1	reg_d	reg_d	reg_d
model_jacobian	iː v ɪ n	iː v ɪ n d	iː v ɪ n d	m a ɪ n	m a ɪ n d	m a ɪ n d	iː v ɪ n d	1	1	reg_d	reg_d	reg_d
model_jacobian	k o ʊ k s	k o ʊ k s t	k o ʊ k s t	p a ʊ n s	p a ʊ n s t	p a ʊ n s t	k o ʊ k s t	1	1	reg_t	reg_t	reg_t
model_jacobian	z ɪ r ɑː k s	z ɪ r ɑː k s t	z ɪ r ɑː k s t	h ɑː r n ə s	h ɑː r n ə s t	h ɑː r n ə s t	z ɪ r ɑː k s t	1	1	reg_t	reg_t	reg_t
model_jacobian	b ɛ n d	b ɛ n d ə d	b ɛ n t	l ɛ n d	l ɛ n t	l ɛ n t	b ɛ n t	1	0	reg_əd	coda_change	coda_change
model_jacobian	p o ʊ z	p o ʊ z d	p o ʊ z d	n o ʊ z	n o ʊ z d	n o ʊ z d	p o ʊ z d	1	1	reg_d	reg_d	reg_d
model_jacobian	p ɑː k ə t	p ɑː k ə t ə d	p ɑː k ə t ə d	p ɔ ɪ n t	p ɔ ɪ n t ə d	p ɔ ɪ n t ə d	p ɑː k ə t ə d	1	1	reg_əd	reg_əd	reg_əd
model_jacobian	f r a ɪ	f r a ɪ d	f r a ɪ d	s p a ɪ	s p a ɪ d	s p a ɪ d	f r a ɪ d	1	1	reg_d	reg_d	reg_d
model_jacobian	h æ n d ə l	h æ n d ə l d	h æ n d ə l d	t ɪ ŋ k ə l	t ɪ ŋ k ə l d	t ɪ ŋ k ə l d	h æ n d ə l d	1	1	reg_d	reg_d	reg_d
model_jacobian	ə s o ʊ s iː e ɪ t	ə s o ʊ s iː e ɪ t ə d	ə s ʊ s æ k e ɪ t ə d	ə n w a ɪ n d	ə n w a ʊ n d	ə n w a ʊ n d	NA	0	0	reg_əd	other	vowel_change
model_jacobian	æ k t	æ k t ə d	æ k t ə d	p ɑː t	p ɑː t ə d	p ɑː t ə d	æ k t ə d	1	1	reg_əd	reg_əd	reg_əd
model_jacobian	r iː m uː v	r iː m uː v d	r iː m uː v d	r ɪ l iː v	r ɪ l iː v d	r ɪ l iː v d	r iː m uː v d	1	1	reg_d	reg_d	reg_d
model_jacobian	s l o ʊ	s l o ʊ d	s l o ʊ d	ɡ l o ʊ	ɡ l o ʊ d	ɡ l o ʊ d	s l o ʊ d	1	1	reg_d	reg_d	reg_d
model_jacobian	s t r æ p	s t r æ p t	s t r æ p t	s t r ɪ p	s t r ɪ p t	s t r ɪ p t	s t r æ p t	1	1	reg_t	reg_t	reg_t
model_jacobian	d r e ɪ n	d r e ɪ n d	d r e ɪ n d	t r e ɪ n	t r e ɪ n d	t r e ɪ n d	d r e ɪ n d	1	1	reg_d	reg_d	reg_d
model_jacobian	p ɛ ɡ	p ɛ ɡ d	p ɛ ɡ d	b æ ɡ	b æ ɡ d	b æ ɡ d	p ɛ ɡ d	1	1	reg_d	reg_d	reg_d
model_jacobian	k ə m p l e ɪ n	k ə m p l e ɪ n d	k ə m p l e ɪ n d	ɪ k s p l e ɪ n	ɪ k s p l e ɪ n d	ɪ k s p l e ɪ n d	k ə m p l e ɪ n d	1	1	reg_d	reg_d	reg_d
model_jacobian	f ɛ n s	f ɛ n s t	f ɛ n s t	f e ɪ s	f e ɪ s t	f e ɪ s t	f ɛ n s t	1	1	reg_t	reg_t	reg_t
model_jacobian	k r iː e ɪ t	k r iː e ɪ t ə d	k r iː e ɪ t ə d	ɑː p ɹ̩ e ɪ t	ɑː p ɹ̩ e ɪ t ə d	ɑː p ɹ̩ e ɪ t ə d	k r iː e ɪ t ə d	1	1	reg_əd	reg_əd	reg_əd
model_jacobian	f l ʌ ʃ	f l ʌ ʃ t	f l ʌ ʃ t	b l ʌ ʃ	b l ʌ ʃ t	b l ʌ ʃ t	f l ʌ ʃ t	1	1	reg_t	reg_t	reg_t
model_jacobian	ɡ ɑː r d	ɡ ɑː r d ə d	ɡ ɑː r d ə d	l æ n d	l æ n d ə d	l æ n d ə d	ɡ ɑː r d ə d	1	1	reg_əd	reg_əd	reg_əd
model_jacobian	r ɪ ŋ k ə l	r ɪ ŋ k ə l d	r ɪ ŋ k ə l d	t ɪ ŋ k ə l	t ɪ ŋ k ə l d	t ɪ ŋ k ə l d	r ɪ ŋ k ə l d	1	1	reg_d	reg_d	reg_d
model_jacobian	s w iː p	s w ɛ p t	s w iː p t	s w uː p	s w uː p t	s w uː p t	s w iː p t	1	0	vowel_change_suffix	reg_t	reg_t
model_jacobian	s k ɛ d͡ʒ ʊ l	s k ɛ d͡ʒ ʊ l d	s k ɛ d͡ʒ ʊ l d	s ɪ ɡ n ə l	s ɪ ɡ n ə l d	s ɪ ɡ n ə l d	s k ɛ d͡ʒ ʊ l d	1	1	reg_d	reg_d	reg_d
model_jacobian	f ɹ̩ m ɛ n t	f ɹ̩ m ɛ n t ə d	f ɹ̩ m ɛ n t ə d	k ə n ɛ k t	k ə n ɛ k t ə d	k ə n ɛ k t ə d	f ɹ̩ m ɛ n t ə d	1	1	reg_əd	reg_əd	reg_əd
model_jacobian	p ʌ z ə l	p ʌ z ə l d	p ʌ z ə l d	p ɪ k ə l	p ɪ k ə l d	p ɪ k ə l d	p ʌ z ə l d	1	1	reg_d	reg_d	reg_d
model_jacobian	k l ɑː b ɹ̩	k l ɑː b ɹ̩ d	k l ɑː b ɹ̩ d	n ʌ m b ɹ̩	n ʌ m b ɹ̩ d	n ʌ m b ɹ̩ d	k l ɑː b ɹ̩ d	1	1	reg_d	reg_d	reg_d
model_jacobian	d ɪ n a ɪ	d ɪ n a ɪ d	d ɪ n a ɪ d	o ʊ b e ɪ	o ʊ b e ɪ d	o ʊ b e ɪ d	d ɪ n a ɪ d	1	1	reg_d	reg_d	reg_d
model_jacobian	e ɪ k	e ɪ k t	e ɪ k t	p ɪ k	p ɪ k t	p ɪ k t	e ɪ k t	1	1	reg_t	reg_t	reg_t
model_jacobian	l iː n	l iː n d	l ɛ n t	l iː p	l ɛ p t	l ɛ p t	NA	0	0	reg_d	vowel_change_suffix	vowel_change_suffix
model_jacobian	ʃ ɪ v ɹ̩	ʃ ɪ v ɹ̩ d	ʃ ɪ v ɹ̩ d	k ʌ v ɹ̩	k ʌ v ɹ̩ d	k ʌ v ɹ̩ d	ʃ ɪ v ɹ̩ d	1	1	reg_d	reg_d	reg_d
model_jacobian	f l ʌ d	f l ʌ d ə d	f l ʌ d ə d	d r ɛ d	d r ɛ d ə d	d r ɛ d ə d	f l ʌ d ə d	1	1	reg_əd	reg_əd	reg_əd
model_jacobian	w ɪ s k	w ɪ s k t	w ɪ s k t	w ɪ ŋ k	w ɪ ŋ k t	w ɪ ŋ k t	w ɪ s k t	1	1	reg_t	reg_t	reg_t
model_jacobian	k ə n t r o ʊ l	k ə n t r o ʊ l d	k ə n t r o ʊ l d	s k r æ m b ə l	s k r æ m b ə l d	s k r æ m b ə l d	k ə n t r o ʊ l d	1	1	reg_d	reg_d	reg_d
model_jacobian	b ɑː t ə m	b ɑː t ə m d	b ɑː t ə m d	b l e ɪ m	b l e ɪ m d	b l e ɪ m d	b ɑː t ə m d	1	1	reg_d	reg_d	reg_d
model_jacobian	w ɔ r n	w ɔ r n d	w ɔ r n d	m ɔ r n	m ɔ r n d	m ɔ r n d	w ɔ r n d	1	1	reg_d	reg_d	reg_d
model_jacobian	b ɛ r iː	b ɛ r iː d	b ɛ r iː d	v ɛ r iː	v ɛ r iː d	v ɛ r iː d	b ɛ r iː d	1	1	reg_d	reg_d	reg_d
model_jacobian	ɔ f ɹ̩	ɔ f ɹ̩ d	ɔ f ɹ̩ d	s t ɹ̩	s t ɹ̩ d	s t ɹ̩ d	ɔ f ɹ̩ d	1	1	reg_d	reg_d	reg_d
model_jacobian	b ɛ r	b o ʊ r	b ɛ r d	k ɛ r	k ɛ r d	k ɛ r d	b ɛ r d	1	0	vowel_change	reg_d	reg_d
model_jacobian	s l ɪ p	s l ɪ p t	s l ɪ p t	k l ɪ p	k l ɪ p t	k l ɪ p t	s l ɪ p t	1	1	reg_t	reg_t	reg_t
model_jacobian	t͡ʃ iː r	t͡ʃ iː r d	t͡ʃ iː r d	p iː r	p iː r d	p iː r d	t͡ʃ iː r d	1	1	reg_d	reg_d	reg_d
model_jacobian	r ɪ s k	r ɪ s k t	r ɪ s k t	w ɪ ŋ k	w ɪ ŋ k t	w ɪ ŋ k t	r ɪ s k t	1	1	reg_t	reg_t	reg_t
model_jacobian	p ɛ t	p ɛ t ə d	p ɛ t	s ɛ t	s ɛ t	s ɛ t	p ɛ t	1	0	reg_əd	no_change	no_change
model_jacobian	t r ʌ s t	t r ʌ s t ə d	t r ʌ s t ə d	ə d͡ʒ ʌ s t	ə d͡ʒ ʌ s t ə d	ə d͡ʒ ʌ s t ə d	t r ʌ s t ə d	1	1	reg_əd	reg_əd	reg_əd
model_jacobian	ɪ n s t r ʌ k t	ɪ n s t r ʌ k t ə d	ɪ n s t r ʌ k t ə d	d ɪ s t r ʌ k t	d ɪ s t r ʌ k t ə d	d ɪ s t r ʌ k t ə d	ɪ n s t r ʌ k t ə d	1	1	reg_əd	reg_əd	reg_əd
model_jacobian	t͡ʃ ɪ k ə n	t͡ʃ ɪ k ə n d	t͡ʃ ɪ k ə n d	w iː k ə n	w iː k ə n d	w iː k ə n d	t͡ʃ ɪ k ə n d	1	1	reg_d	reg_d	reg_d
model_jacobian	p r iː p ɛ r	p r iː p ɛ r d	p r iː p ɛ r d	ɪ m p l ɔ r	ɪ m p l ɔ r d	ɪ m p l ɔ r d	p r iː p ɛ r d	1	1	reg_d	reg_d	reg_d
model_jacobian	h æ m ɹ̩	h æ m ɹ̩ d	h æ m ɹ̩ d	m ɛ ʒ ɹ̩	m ɛ ʒ ɹ̩ d	m ɛ ʒ ɹ̩ d	h æ m ɹ̩ d	1	1	reg_d	reg_d	reg_d
model_jacobian	s p r ɪ ŋ k ə l	s p r ɪ ŋ k ə l d	s p r æ ŋ k ə l d	ə n w a ɪ n d	ə n w a ʊ n d	ə n w a ʊ n d	NA	0	0	reg_d	other	vowel_change
model_jacobian	r ɛ s ə l	r ɛ s ə l d	r ɛ s ə l d	ʃ ʌ v ə l	ʃ ʌ v ə l d	ʃ ʌ v ə l d	r ɛ s ə l d	1	1	reg_d	reg_d	reg_d
model_jacobian	h ɛ m	h ɛ m d	h ɛ m d	b ɑː m	b ɑː m d	b ɑː m d	h ɛ m d	1	1	reg_d	reg_d	reg_d
model_jacobian	p l æ n	p l æ n d	p l æ n d	m ɔ r n	m ɔ r n d	m ɔ r n d	p l æ n d	1	1	reg_d	reg_d	reg_d
model_jacobian	s t æ ʃ	s t æ ʃ t	s t æ ʃ t	s m æ ʃ	s m æ ʃ t	s m æ ʃ t	s t æ ʃ t	1	1	reg_t	reg_t	reg_t
model_jacobian	m ɑː r k	m ɑː r k t	m ɑː r k t	b ɑː r k	b ɑː r k t	b ɑː r k t	m ɑː r k t	1	1	reg_t	reg_t	reg_t
model_jacobian	k e ɪ v	k e ɪ v d	k e ɪ v d	s e ɪ v	s e ɪ v d	s e ɪ v d	k e ɪ v d	1	1	reg_d	reg_d	reg_d
model_jacobian	k ɹ̩ l	k ɹ̩ l d	k ɹ̩ l d	k ɔ l	k ɔ l d	k ɔ l d	k ɹ̩ l d	1	1	reg_d	reg_d	reg_d
model_jacobian	p r e ɪ z	p r e ɪ z d	p r e ɪ z d	b l e ɪ m	b l e ɪ m d	b l e ɪ m d	p r e ɪ z d	1	1	reg_d	reg_d	reg_d
model_jacobian	d æ m	d æ m d	d æ m d	k ɑː m	k ɑː m d	k ɑː m d	d æ m d	1	1	reg_d	reg_d	reg_d
model_jacobian	f l ʌ t ɹ̩	f l ʌ t ɹ̩ d	f l ʌ t ɹ̩ d	f ɪ l t ɹ̩	f ɪ l t ɹ̩ d	f ɪ l t ɹ̩ d	f l ʌ t ɹ̩ d	1	1	reg_d	reg_d	reg_d
model_jacobian	b ɛ l t	b ɛ l t ə d	b ɛ l t ə d	p æ n t	p æ n t ə d	p æ n t ə d	b ɛ l t ə d	1	1	reg_əd	reg_əd	reg_əd
model_jacobian	b ɔ l	b ɔ l d	b ɔ l d	k ɔ l	k ɔ l d	k ɔ l d	b ɔ l d	1	1	reg_d	reg_d	reg_d
model_jacobian	s k æ l ə p	s k æ l ə p t	s k æ l ə p t	r ɪ p l a ɪ	r ɪ p l a ɪ d	r ɪ p l a ɪ d	s k æ l ə p d	0	0	reg_t	reg_t	reg_d
model_jacobian	k ə m p ɛ r	k ə m p ɛ r d	k ə m p ɛ r d	ɪ m p l ɔ r	ɪ m p l ɔ r d	ɪ m p l ɔ r d	k ə m p ɛ r d	1	1	reg_d	reg_d	reg_d
model_jacobian	b ɔ ɪ l	b ɔ ɪ l d	b ɔ ɪ l d	p a ɪ l	p a ɪ l d	p a ɪ l d	b ɔ ɪ l d	1	1	reg_d	reg_d	reg_d
model_jacobian	s k æ n	s k æ n d	s k æ n d	m ɔ r n	m ɔ r n d	m ɔ r n d	s k æ n d	1	1	reg_d	reg_d	reg_d
model_jacobian	r ɛ k ə m ɛ n d	r ɛ k ə m ɛ n d ə d	r ɛ k ə m ɛ n d	r ɪ s p ɑː n d	r ɪ s p ɑː n d ə d	r ɪ s p ɑː n d ə d	r ɛ k ə m ɛ n d ə d	0	1	reg_əd	no_change	reg_əd
model_jacobian	t o ʊ	t o ʊ d	t o ʊ d	v a ʊ	v a ʊ d	v a ʊ d	t o ʊ d	1	1	reg_d	reg_d	reg_d
model_jacobian	s t r ɛ s	s t r ɛ s t	s t r ɛ s t	ə d r ɛ s	ə d r ɛ s t	ə d r ɛ s t	s t r ɛ s t	1	1	reg_t	reg_t	reg_t
model_jacobian	b æ n d	b æ n d ə d	b æ n d ə d	s æ n d	s æ n d ə d	s æ n d ə d	b æ n d ə d	1	1	reg_əd	reg_əd	reg_əd
model_jacobian	b o ʊ s t	b o ʊ s t ə d	b o ʊ s t ə d	r o ʊ s t	r o ʊ s t ə d	r o ʊ s t ə d	b o ʊ s t ə d	1	1	reg_əd	reg_əd	reg_əd
model_jacobian	r ɛ s k j uː	r ɛ s k j uː d	r ɛ s k j uː d	m ɛ n ʃ ə n	m ɛ n ʃ ə n d	m ɛ n ʃ ə n d	r ɛ s k j uː d	1	1	reg_d	reg_d	reg_d
model_jacobian	b ʌ s	b ʌ s t	b ʌ s t	p æ s	p æ s t	p æ s t	b ʌ s t	1	1	reg_t	reg_t	reg_t
model_jacobian	m ɑː r	m ɑː r d	m ɑː r d	r ɔ r	r ɔ r d	r ɔ r d	m ɑː r d	1	1	reg_d	reg_d	reg_d
model_jacobian	t ʌ m b ə l	t ʌ m b ə l d	t ʌ m b ə l d	t r ʌ b ə l	t r ʌ b ə l d	t r ʌ b ə l d	t ʌ m b ə l d	1	1	reg_d	reg_d	reg_d
model_jacobian	d ɪ s t r ɔ ɪ	d ɪ s t r ɔ ɪ d	d ɪ s t r ɔ r d	t r æ n s f ɔ r m	t r æ n s f ɔ r m d	t r æ n s f ɔ r m d	d ɪ s t r ɔ ɪ d	0	1	reg_d	rhyme_replaced	reg_d
model_jacobian	w æ ɡ	w æ ɡ d	w æ ɡ d	ɡ æ ɡ	ɡ æ ɡ d	ɡ æ ɡ d	w æ ɡ d	1	1	reg_d	reg_d	reg_d
model_jacobian	p a ʊ ɹ̩	p a ʊ ɹ̩ d	p a ʊ ɹ̩ d	t a ʊ ɹ̩	t a ʊ ɹ̩ d	t a ʊ ɹ̩ d	p a ʊ ɹ̩ d	1	1	reg_d	reg_d	reg_d
model_jacobian	b l iː t͡ʃ	b l iː t͡ʃ t	b l ɛ t͡ʃ t	b l iː d	b l ɛ d	b l ɛ d	NA	0	0	reg_t	vowel_change_suffix	vowel_change
model_jacobian	t æ ŋ ɡ ə l	t æ ŋ ɡ ə l d	t æ ŋ ɡ ə l d	d æ ŋ ɡ ə l	d æ ŋ ɡ ə l d	d æ ŋ ɡ ə l d	t æ ŋ ɡ ə l d	1	1	reg_d	reg_d	reg_d
model_jacobian	n ɔ	n ɔ d	n ɔ d	uː z	uː z d	uː z d	n ɔ d	1	1	reg_d	reg_d	reg_d
model_jacobian	r o ʊ m	r o ʊ m d	r o ʊ m d	f o ʊ n	f o ʊ n d	f o ʊ n d	r o ʊ m d	1	1	reg_d	reg_d	reg_d
model_jacobian	b l ɪ ŋ k	b l ɪ ŋ k t	b l æ ŋ k	d r ɪ ŋ k	d r æ ŋ k	d r æ ŋ k	b l æ ŋ k	1	0	reg_t	vowel_change	vowel_change
model_jacobian	t w ɹ̩ l	t w ɹ̩ l d	t w ɹ̩ l d	b o ʊ l	b o ʊ l d	b o ʊ l d	t w ɹ̩ l d	1	1	reg_d	reg_d	reg_d
model_jacobian	ə n b ʌ t ə n	ə n b ʌ t ə n d	ə n b ʌ t ə n d	f r a ɪ t ə n	f r a ɪ t ə n d	f r a ɪ t ə n d	ə n b ʌ t ə n d	1	1	reg_d	reg_d	reg_d
model_jacobian	θ r ɛ t ə n	θ r ɛ t ə n d	θ r ɛ t ə n d	m ɛ n ʃ ə n	m ɛ n ʃ ə n d	m ɛ n ʃ ə n d	θ r ɛ t ə n d	1	1	reg_d	reg_d	reg_d
model_jacobian	b ɛ l o ʊ	b ɛ l o ʊ d	b ɛ l o ʊ d	f ɑː l o ʊ	f ɑː l o ʊ d	f ɑː l o ʊ d	b ɛ l o ʊ d	1	1	reg_d	reg_d	reg_d
model_jacobian	s p ɛ ʃ ə l a ɪ z	s p ɛ ʃ ə l a ɪ z d	s p ɛ ʃ ə l a ɪ z d	æ k s ɛ s ɹ̩ a ɪ z	æ k s ɛ s ɹ̩ a ɪ z d	æ k s ɛ s ɹ̩ a ɪ z d	s p ɛ ʃ ə l a ɪ z d	1	1	reg_d	reg_d	reg_d
model_jacobian	ɪ n ɪ ʃ iː e ɪ t	ɪ n ɪ ʃ iː e ɪ t ə d	ɪ n ɪ ʃ ɪ e ɪ t ə d	h o ʊ l d	h ɛ l d	h ɛ l d	NA	0	0	reg_əd	other	vowel_change
model_jacobian	p iː p	p iː p t	p iː p t	p uː p	p uː p t	p uː p t	p iː p t	1	1	reg_t	reg_t	reg_t
model_jacobian	ʃ ʌ f ə l	ʃ ʌ f ə l d	ʃ ʌ f ə l d	d͡ʒ ʌ ɡ ə l	d͡ʒ ʌ ɡ ə l d	d͡ʒ ʌ ɡ ə l d	ʃ ʌ f ə l d	1	1	reg_d	reg_d	reg_d
model_jacobian	ɪ n f l uː ə n s	ɪ n f l uː ə n s t	ɪ n f l uː n ə n d	d ɪ s ə p iː r	d ɪ s ə p iː r d	d ɪ s ə p iː r d	ɪ n f l uː ə n s d	0	0	reg_t	other	reg_d
model_jacobian	d a ʊ n	d a ʊ n d	d a ʊ n d	f o ʊ n	f o ʊ n d	f o ʊ n d	d a ʊ n d	1	1	reg_d	reg_d	reg_d
model_jacobian	d ɪ v ɛ l ə p	d ɪ v ɛ l ə p t	d ɪ v ɛ l ə p ə d	o ʊ v ɹ̩ l æ p	o ʊ v ɹ̩ l æ p t	o ʊ v ɹ̩ l æ p t	d ɪ v ɛ l ə p t	0	1	reg_t	reg_əd	reg_t
model_jacobian	s p e ɪ	s p e ɪ d	s p e ɪ d	s t e ɪ	s t e ɪ d	s t e ɪ d	s p e ɪ d	1	1	reg_d	reg_d	reg_d
model_jacobian	r iː p l e ɪ s	r iː p l e ɪ s t	r iː p l e ɪ s t	k ə n t e ɪ n	k ə n t e ɪ n d	k ə n t e ɪ n d	r iː p l e ɪ s d	0	0	reg_t	reg_t	reg_d
model_jacobian	s p ɔ ɪ l	s p ɔ ɪ l d	s p ɔ ɪ l d	s m a ɪ l	s m a ɪ l d	s m a ɪ l d	s p ɔ ɪ l d	1	1	reg_d	reg_d	reg_d
model_jacobian	l e ɪ b ə l	l e ɪ b ə l d	l e ɪ b ə l d	t e ɪ b ə l	t e ɪ b ə l d	t e ɪ b ə l d	l e ɪ b ə l d	1	1	reg_d	reg_d	reg_d
model_jacobian	d r ɪ b ə l	d r ɪ b ə l d	d r ɪ b ə l d	t e ɪ b ə l	t e ɪ b ə l d	t e ɪ b ə l d	d r ɪ b ə l d	1	1	reg_d	reg_d	reg_d
model_jacobian	t͡ʃ æ n ə l	t͡ʃ æ n ə l d	t͡ʃ æ n ə l d	k ʌ d ə l	k ʌ d ə l d	k ʌ d ə l d	t͡ʃ æ n ə l d	1	1	reg_d	reg_d	reg_d
model_jacobian	ɪ m p r uː v	ɪ m p r uː v d	ɪ m p r uː v d	ɪ n v ɑː l v	ɪ n v ɑː l v d	ɪ n v ɑː l v d	ɪ m p r uː v d	1	1	reg_d	reg_d	reg_d
model_jacobian	p r e ɪ	p r e ɪ d	p r e ɪ d	p l e ɪ	p l e ɪ d	p l e ɪ d	p r e ɪ d	1	1	reg_d	reg_d	reg_d
model_jacobian	w ɛ t	w ɛ t	w ɛ t	s ɛ t	s ɛ t	s ɛ t	w ɛ t	1	1	no_change	no_change	no_change
model_jacobian	s t r e ɪ n	s t r e ɪ n d	s t r e ɪ n d	ɪ n ɡ e ɪ d͡ʒ	ɪ n ɡ e ɪ d͡ʒ d	ɪ n ɡ e ɪ d͡ʒ d	s t r e ɪ n d	1	1	reg_d	reg_d	reg_d
model_jacobian	m ɑː r b ə l	m ɑː r b ə l d	m ɑː r b ə l d	t r ʌ b ə l	t r ʌ b ə l d	t r ʌ b ə l d	m ɑː r b ə l d	1	1	reg_d	reg_d	reg_d
model_jacobian	ʃ ɛ l	ʃ ɛ l d	ʃ o ʊ l d	s ɛ l	s o ʊ l d	s o ʊ l d	ʃ o ʊ l d	1	0	reg_d	vowel_change_suffix	vowel_change_suffix
model_jacobian	k o ʊ ɑː p ɹ̩ e ɪ t	k o ʊ ɑː p ɹ̩ e ɪ t ə d	k o ʊ ɑː p ɹ̩ e ɪ t ə d	d uː p l ə k e ɪ t	d uː p l ə k e ɪ t ə d	d uː p l ə k e ɪ t ə d	k o ʊ ɑː p ɹ̩ e ɪ t ə d	1	1	reg_əd	reg_əd	reg_əd
model_jacobian	ɡ r e ɪ t	ɡ r e ɪ t ə d	ɡ r e ɪ t ə d	b o ʊ l t	b o ʊ l t ə d	b o ʊ l t ə d	ɡ r e ɪ t ə d	1	1	reg_əd	reg_əd	reg_əd
model_jacobian	f ɔ r m j ə l e ɪ t	f ɔ r m j ə l e ɪ t ə d	f ɔ r b ə l j ə l e ɪ t ə d	h ɛ d k w ɔ r t ɹ̩	h ɛ d k w ɔ r t ɹ̩ d	h ɛ d k w ɔ r t ɹ̩ d	f ɔ r m j ə l e ɪ t d	0	0	reg_əd	other	reg_d
model_jacobian	k æ n s ə l	k æ n s ə l d	k æ n s ə l d	t r æ v ə l	t r æ v ə l d	t r æ v ə l d	k æ n s ə l d	1	1	reg_d	reg_d	reg_d
model_jacobian	d ɪ s k ʌ v ɹ̩	d ɪ s k ʌ v ɹ̩ d	d ɪ s k ʌ v ɹ̩ d	r ɪ m ɛ m b ɹ̩	r ɪ m ɛ m b ɹ̩ d	r ɪ m ɛ m b ɹ̩ d	d ɪ s k ʌ v ɹ̩ d	1	1	reg_d	reg_d	reg_d
model_jacobian	ə m e ɪ z	ə m e ɪ z d	ə m e ɪ z d	b l e ɪ m	b l e ɪ m d	b l e ɪ m d	ə m e ɪ z d	1	1	reg_d	reg_d	reg_d
model_jacobian	f æ n s iː	f æ n s iː d	f æ n s iː d	s t ʌ d iː	s t ʌ d iː d	s t ʌ d iː d	f æ n s iː d	1	1	reg_d	reg_d	reg_d
model_jacobian	æ n ə l a ɪ z	æ n ə l a ɪ z d	æ n ə l a ɪ z d	s ɹ̩ p r a ɪ z	s ɹ̩ p r a ɪ z d	s ɹ̩ p r a ɪ z d	æ n ə l a ɪ z d	1	1	reg_d	reg_d	reg_d
model_jacobian	t e ɪ l ɹ̩	t e ɪ l ɹ̩ d	t e ɪ l ɹ̩ d	t r ɪ ɡ ɹ̩	t r ɪ ɡ ɹ̩ d	t r ɪ ɡ ɹ̩ d	t e ɪ l ɹ̩ d	1	1	reg_d	reg_d	reg_d
model_jacobian	p ɑː r t͡ʃ	p ɑː r t͡ʃ t	p ɑː r t͡ʃ t	m ɑː r t͡ʃ	m ɑː r t͡ʃ t	m ɑː r t͡ʃ t	p ɑː r t͡ʃ t	1	1	reg_t	reg_t	reg_t
model_jacobian	b ɪ d	b e ɪ d	b ɪ d ə d	k ɪ d	k ɪ d ə d	k ɪ d ə d	b ɪ d ə d	1	0	vowel_change	reg_əd	reg_əd
model_jacobian	s o ʊ k	s o ʊ k t	s o ʊ k t	s n æ k	s n æ k t	s n æ k t	s o ʊ k t	1	1	reg_t	reg_t	reg_t
model_jacobian	s uː	s uː d	s uː d	b uː	b uː d	b uː d	s uː d	1	1	reg_d	reg_d	reg_d
model_jacobian	f æ n	f æ n d	f æ n d	j ɔ n	j ɔ n d	j ɔ n d	f æ n d	1	1	reg_d	reg_d	reg_d
model_jacobian	f r ɛ k ə l	f r ɛ k ə l d	f r ɛ k ə l d	b ʌ n d ə l	b ʌ n d ə l d	b ʌ n d ə l d	f r ɛ k ə l d	1	1	reg_d	reg_d	reg_d
model_jacobian	ə n d uː	ə n d ɪ d	ə n d uː d	s k r uː	s k r uː d	s k r uː d	ə n d uː d	1	0	vowel_change_suffix	reg_d	reg_d
model_jacobian	θ ʌ m p	θ ʌ m p t	θ ʌ m p t	d ʌ m p	d ʌ m p t	d ʌ m p t	θ ʌ m p t	1	1	reg_t	reg_t	reg_t
model_jacobian	w ɑː b ə l	w ɑː b ə l d	w ɑː b ə l d	b ʌ b ə l	b ʌ b ə l d	b ʌ b ə l d	w ɑː b ə l d	1	1	reg_d	reg_d	reg_d
model_jacobian	ɡ r ɪ l	ɡ r ɪ l d	ɡ r ɪ l d	d r ɪ l	d r ɪ l d	d r ɪ l d	ɡ r ɪ l d	1	1	reg_d	reg_d	reg_d
model_jacobian	ə s uː m	ə s uː m d	ə s uː m d	d r iː m	d r iː m d	d r iː m d	ə s uː m d	1	1	reg_d	reg_d	reg_d
model_jacobian	z ɪ ɡ z æ ɡ	z ɪ ɡ z æ ɡ d	z ɪ ɡ z æ ɡ d	ə n p l ʌ ɡ	ə n p l ʌ ɡ d	ə n p l ʌ ɡ d	z ɪ ɡ z æ ɡ d	1	1	reg_d	reg_d	reg_d
model_jacobian	p ɛ r ə ʃ uː t	p ɛ r ə ʃ uː t ə d	p ɛ r ə ʃ ə t ə d	a ʊ t ɡ r o ʊ	a ʊ t ɡ r uː	a ʊ t ɡ r uː	NA	0	0	reg_əd	other	vowel_change
model_jacobian	ɛ ɡ	ɛ ɡ d	ɛ ɡ d	uː z	uː z d	uː z d	ɛ ɡ d	1	1	reg_d	reg_d	reg_d
model_jacobian	l o ʊ k e ɪ t	l o ʊ k e ɪ t ə d	l o ʊ k e ɪ t ə d	d o ʊ n e ɪ t	d o ʊ n e ɪ t ə d	d o ʊ n e ɪ t ə d	l o ʊ k e ɪ t ə d	1	1	reg_əd	reg_əd	reg_əd
model_jacobian	n e ɪ l	n e ɪ l d	n e ɪ l d	d͡ʒ e ɪ l	d͡ʒ e ɪ l d	d͡ʒ e ɪ l d	n e ɪ l d	1	1	reg_d	reg_d	reg_d
model_jacobian	f a ɪ n	f a ɪ n d	f a ɪ n d	ʃ a ɪ n	ʃ a ɪ n d	ʃ a ɪ n d	f a ɪ n d	1	1	reg_d	reg_d	reg_d
model_jacobian	ʃ r ɪ v ə l	ʃ r ɪ v ə l d	ʃ r ɪ v ə l d	t r æ v ə l	t r æ v ə l d	t r æ v ə l d	ʃ r ɪ v ə l d	1	1	reg_d	reg_d	reg_d
model_jacobian	t͡ʃ a ɪ m	t͡ʃ a ɪ m d	t͡ʃ a ɪ m d	t a ɪ m	t a ɪ m d	t a ɪ m d	t͡ʃ a ɪ m d	1	1	reg_d	reg_d	reg_d
model_jacobian	ɪ v æ p ɹ̩ e ɪ t	ɪ v æ p ɹ̩ e ɪ t ə d	ɪ v æ p ɹ̩ e ɪ t ə d	f æ s ə n e ɪ t	f æ s ə n e ɪ t ə d	f æ s ə n e ɪ t ə d	ɪ v æ p ɹ̩ e ɪ t ə d	1	1	reg_əd	reg_əd	reg_əd
model_jacobian	ɑː k j ə p a ɪ	ɑː k j ə p a ɪ d	ɑː k j ə p a ɪ d	ɡ ɛ r ə n t iː	ɡ ɛ r ə n t iː d	ɡ ɛ r ə n t iː d	ɑː k j ə p a ɪ d	1	1	reg_d	reg_d	reg_d
model_jacobian	k l ɑː ɡ	k l ɑː ɡ d	k l ɑː ɡ d	s n æ ɡ	s n æ ɡ d	s n æ ɡ d	k l ɑː ɡ d	1	1	reg_d	reg_d	reg_d
model_jacobian	m æ p	m æ p t	m æ p t	z æ p	z æ p t	z æ p t	m æ p t	1	1	reg_t	reg_t	reg_t
model_jacobian	ɡ e ɪ z	ɡ e ɪ z d	ɡ e ɪ z d	r e ɪ z	r e ɪ z d	r e ɪ z d	ɡ e ɪ z d	1	1	reg_d	reg_d	reg_d
model_jacobian	s k æ t ɹ̩	s k æ t ɹ̩ d	s k æ t ɹ̩ d	f ɪ l t ɹ̩	f ɪ l t ɹ̩ d	f ɪ l t ɹ̩ d	s k æ t ɹ̩ d	1	1	reg_d	reg_d	reg_d
model_jacobian	s n ɑː r ə l	s n ɑː r ə l d	s n ɑː r ə l d	s ɪ ɡ n ə l	s ɪ ɡ n ə l d	s ɪ ɡ n ə l d	s n ɑː r ə l d	1	1	reg_d	reg_d	reg_d
model_jacobian	f l e ɪ v ɹ̩	f l e ɪ v ɹ̩ d	f l e ɪ v ɹ̩ d	b ʌ n d ə l	b ʌ n d ə l d	b ʌ n d ə l d	f l e ɪ v ɹ̩ d	1	1	reg_d	reg_d	reg_d
model_jacobian	ɪ d͡ʒ ɛ k t	ɪ d͡ʒ ɛ k t ə d	ɪ d͡ʒ ɛ k t ə d	ɡ r æ n t	ɡ r æ n t ə d	ɡ r æ n t ə d	ɪ d͡ʒ ɛ k t ə d	1	1	reg_əd	reg_əd	reg_əd
model_jacobian	r iː æ k t	r iː æ k t ə d	r iː æ k t ə d	ɡ r æ n t	ɡ r æ n t ə d	ɡ r æ n t ə d	r iː æ k t ə d	1	1	reg_əd	reg_əd	reg_əd
model_jacobian	s t e ɪ p ə l	s t e ɪ p ə l d	s t e ɪ p ə l d	s k r ɪ b ə l	s k r ɪ b ə l d	s k r ɪ b ə l d	s t e ɪ p ə l d	1	1	reg_d	reg_d	reg_d
model_jacobian	ɪ k s p l o ʊ d	ɪ k s p l o ʊ d ə d	ɪ k s p l o ʊ d	r ɪ s p ɑː n d	r ɪ s p ɑː n d ə d	r ɪ s p ɑː n d ə d	ɪ k s p l o ʊ d ə d	0	1	reg_əd	no_change	reg_əd
model_jacobian	r ɪ z ɛ m b ə l	r ɪ z ɛ m b ə l d	r ɪ z ɛ m b ə l d	s k r æ m b ə l	s k r æ m b ə l d	s k r æ m b ə l d	r ɪ z ɛ m b ə l d	1	1	reg_d	reg_d	reg_d
model_jacobian	s w ɪ v ə l	s w ɪ v ə l d	s w ɪ v ə l d	s ɪ ɡ n ə l	s ɪ ɡ n ə l d	s ɪ ɡ n ə l d	s w ɪ v ə l d	1	1	reg_d	reg_d	reg_d
model_jacobian	w æ k s	w æ k s t	w æ k s t	m æ k s	m æ k s t	m æ k s t	w æ k s t	1	1	reg_t	reg_t	reg_t
model_jacobian	s k r a ʊ n d͡ʒ	s k r a ʊ n d͡ʒ d	s k r a ʊ n d͡ʒ d	æ k n ɑː l ɪ d͡ʒ	æ k n ɑː l ɪ d͡ʒ d	æ k n ɑː l ɪ d͡ʒ d	s k r a ʊ n d͡ʒ d	1	1	reg_d	reg_d	reg_d
model_jacobian	ɔ r ɡ ə n a ɪ z	ɔ r ɡ ə n a ɪ z d	ɔ r ɡ ə n a ɪ z d	ɛ k s ɹ̩ s a ɪ z	ɛ k s ɹ̩ s a ɪ z d	ɛ k s ɹ̩ s a ɪ z d	ɔ r ɡ ə n a ɪ z d	1	1	reg_d	reg_d	reg_d
model_jacobian	d ɪ z a ɪ n	d ɪ z a ɪ n d	d ɪ z a ɪ n d	b æ n d ɪ d͡ʒ	b æ n d ɪ d͡ʒ d	b æ n d ɪ d͡ʒ d	d ɪ z a ɪ n d	1	1	reg_d	reg_d	reg_d
string	s e ɪ	s ɛ d	s e ɪ d	w e ɪ	w e ɪ d	w e ɪ d	s e ɪ d	1	0	vowel_change_suffix	reg_d	reg_d
string	ɡ o ʊ	w ɛ n t	ɡ o ʊ d	m o ʊ	m o ʊ d	m o ʊ d	ɡ o ʊ d	1	0	other	reg_d	reg_d
string	h æ p ə n	h æ p ə n d	h æ p ə n d	f æ s ə n	f æ s ə n d	f æ s ə n d	h æ p ə n d	1	1	reg_d	reg_d	reg_d
string	k æ t͡ʃ	k ɔ t	k æ t͡ʃ t	h æ t͡ʃ	h æ t͡ʃ t	h æ t͡ʃ t	k æ t͡ʃ t	1	0	rhyme_replaced	reg_t	reg_t
string	l ʌ v	l ʌ v d	l ʌ v d	ʃ ʌ v	ʃ ʌ v d	ʃ ʌ v d	l ʌ v d	1	1	reg_d	reg_d	reg_d
string	w ɹ̩ k	w ɹ̩ k t	w ɹ̩ k t	w ɹ̩ iː	w ɹ̩ iː d	w ɹ̩ iː d	w ɹ̩ k d	0	0	reg_t	reg_t	reg_d
string	k ʌ t	k ʌ t	k e ɪ t	k ʌ m	k e ɪ m	k e ɪ m	NA	0	0	no_change	vowel_change	vowel_change
string	n iː d	n iː d ə d	n iː d ə d	r iː d	r ɛ d	r ɛ d	n ɛ d	0	0	reg_əd	reg_əd	vowel_change
string	z ɪ p ɹ̩	z ɪ p ɹ̩ d	z ɪ p ɹ̩ d	z ɪ p	z ɪ p t	z ɪ p t	z ɪ p ɹ̩ t	0	0	reg_d	reg_d	reg_t
string	b a ɪ	b ɔ t	b a ɪ d	l a ɪ	l e ɪ d	l e ɪ	b e ɪ d	0	0	vowel_change_suffix	reg_d	vowel_change_suffix
string	m iː t	m ɛ t	m iː t ə d	t͡ʃ iː t	t͡ʃ iː t ə d	t͡ʃ iː t ə d	m iː t ə d	1	0	vowel_change	reg_əd	reg_əd
string	m e ɪ l	m e ɪ l d	m e ɪ l d	f e ɪ l	f e ɪ l d	f e ɪ l d	m e ɪ l d	1	1	reg_d	reg_d	reg_d
string	t iː t͡ʃ	t ɔ t	t iː t͡ʃ t	t iː m	t iː m d	t iː m d	t iː t͡ʃ d	0	0	rhyme_replaced	reg_t	reg_d
string	s p ɛ n d	s p ɛ n t	s p ɛ n d ə d	s ɛ n d	s ɛ n t	s ɛ n t	s p ɛ n t	0	1	coda_change	reg_əd	coda_change
string	h æ n d	h æ n d ə d	h æ n d ə d	l æ n d	l æ n d ə d	l æ n d ə d	h æ n d ə d	1	1	reg_əd	reg_əd	reg_əd
string	m ɛ r iː	m ɛ r iː d	m ɛ r iː d	h ɛ r iː	h ɛ r iː d	h ɛ r iː d	m ɛ r iː d	1	1	reg_d	reg_d	reg_d
string	r ɛ d iː	r ɛ d iː d	r ɛ d iː d	h ɛ r iː	h ɛ r iː d	h ɛ r iː d	r ɛ d iː d	1	1	reg_d	reg_d	reg_d
string	f l o ʊ t	f l o ʊ t ə d	f l o ʊ t ə d	f l o ʊ	f l o ʊ d	f l o ʊ d	f l o ʊ t d	0	0	reg_əd	reg_əd	reg_d
string	s k w ɹ̩ t	s k w ɹ̩ t ə d	s k w ɹ̩ t ə d	s k ɹ̩ t	s k ɹ̩ t ə d	s k ɹ̩ t ə d	s k w ɹ̩ t ə d	1	1	reg_əd	reg_əd	reg_əd
string	w ɔ k	w ɔ k t	w ɔ k t	h ɔ k	h ɔ k t	h ɔ k t	w ɔ k t	1	1	reg_t	reg_t	reg_t
string	f ɪ k s	f ɪ k s t	f ɪ k s t	n ɪ k s	n ɪ k s t	n ɪ k s t	f ɪ k s t	1	1	reg_t	reg_t	reg_t
string	p r æ k t ɪ s	p r æ k t ɪ s t	p r æ k t ɪ s t	p l e ɪ s	p l e ɪ s t	p l e ɪ s t	p r æ k t ɪ s t	1	1	reg_t	reg_t	reg_t
string	k iː p	k ɛ p t	k iː p t	b iː p	b iː p t	b iː p t	k iː p t	1	0	vowel_change_suffix	reg_t	reg_t
string	n ɪ b ə l	n ɪ b ə l d	n ɪ b ə l d	t ɪ k ə l	t ɪ k ə l d	t ɪ k ə l d	n ɪ b ə l d	1	1	reg_d	reg_d	reg_d
string	w uː	w uː d	w uː d	t͡ʃ uː	t͡ʃ uː d	t͡ʃ uː d	w uː d	1	1	reg_d	reg_d	reg_d
string	k ɪ l	k ɪ l d	k ɪ l d	k ɪ d	k ɪ d ə d	k ɪ d ə d	k ɪ l ə d	0	0	reg_d	reg_d	reg_əd
string	k æ r iː	k æ r iː d	k æ r iː d	k æ m p	k æ m p t	k æ m p t	k æ r iː t	0	0	reg_d	reg_d	reg_t
string	ɹ̩ n	ɹ̩ n d	ɹ̩ n d	t ɹ̩ n	t ɹ̩ n d	t ɹ̩ n d	ɹ̩ n d	1	1	reg_d	reg_d	reg_d
string	k ə l ɛ k t	k ə l ɛ k t ə d	k ə l ɛ k t ə d	k ə n ɛ k t	k ə n ɛ k t ə d	k ə n ɛ k t ə d	k ə l ɛ k t ə d	1	1	reg_əd	reg_əd	reg_əd
string	d æ n s	d æ n s t	d æ n s t	æ n s ɹ̩	æ n s ɹ̩ d	æ n s ɹ̩ d	d æ n s d	0	0	reg_t	reg_t	reg_d
string	d r ɔ	d r uː	d r ɔ d	d ɔ ɡ	d ɔ ɡ d	d ɔ ɡ d	d r ɔ d	1	0	vowel_change	reg_d	reg_d
string	p r a ɪ	p r a ɪ d	p r a ɪ d	t r a ɪ	t r a ɪ d	t r a ɪ d	p r a ɪ d	1	1	reg_d	reg_d	reg_d
string	ɪ n v a ɪ t	ɪ n v a ɪ t ə d	ɪ n v a ɪ t ə d	ɪ k s a ɪ t	ɪ k s a ɪ t ə d	ɪ k s a ɪ t ə d	ɪ n v a ɪ t ə d	1	1	reg_əd	reg_əd	reg_əd
string	r iː ə l a ɪ z	r iː ə l a ɪ z d	r iː ə l a ɪ z d	r ɪ l a ɪ	r ɪ l a ɪ d	r ɪ l a ɪ d	r iː ə l a ɪ z d	1	1	reg_d	reg_d	reg_d
string	d r ɛ s	d r ɛ s t	d r ɛ s t	d r ɛ d	d r ɛ d ə d	d r ɛ d ə d	d r ɛ s ə d	0	0	reg_t	reg_t	reg_əd
string	t r æ n z m ɪ t	t r æ n z m ɪ t ə d	t r æ n m e ɪ t ə d	ɡ r æ n t	ɡ r æ n t ə d	ɡ r æ n t ə d	t r æ n z m ɪ t ə d	0	1	reg_əd	other	reg_əd
string	ʃ uː	ʃ uː d	ʃ uː	t͡ʃ uː	t͡ʃ uː d	t͡ʃ uː d	ʃ uː d	0	1	reg_d	no_change	reg_d
string	p iː s	p iː s t	p iː s t	p iː l	p iː l d	p iː l d	p iː s d	0	0	reg_t	reg_t	reg_d
string	d ɛ r	d ɛ r d	d ɛ r d	ʃ ɛ r	ʃ ɛ r d	ʃ ɛ r d	d ɛ r d	1	1	reg_d	reg_d	reg_d
string	b ɪ l d	b ɪ l t	b ɪ l d ə d	b ɪ l	b ɪ l d	b ɪ l d	b ɪ l d d	0	0	coda_change	reg_əd	reg_d
string	w ɪ n	w ʌ n	w ɪ n d	w ɪ ʃ	w ɪ ʃ t	w ɪ ʃ t	w ɪ n t	0	0	vowel_change	reg_d	reg_t
string	k l a ɪ m	k l a ɪ m d	k l a ɪ m d	s l a ɪ d	s l ɪ d	s l ɪ d	NA	0	0	reg_d	reg_d	vowel_change
string	s t ʌ f	s t ʌ f t	s t ʌ f t	s t ʌ b	s t ʌ b d	s t ʌ b d	s t ʌ f d	0	0	reg_t	reg_t	reg_d
string	s t æ n d	s t ʊ d	s t æ n d ə d	s æ n d	s æ n d ə d	s æ n d ə d	s t æ n d ə d	1	0	rhyme_replaced	reg_əd	reg_əd
string	d a ɪ s	d a ɪ s t	d o ʊ s t	d a ɪ v	d o ʊ v	d o ʊ v	NA	0	0	reg_t	vowel_change_suffix	vowel_change
string	k o ʊ m	k o ʊ m d	k o ʊ m d	k o ʊ t	k o ʊ t ə d	k o ʊ t ə d	k o ʊ m ə d	0	0	reg_d	reg_d	reg_əd
string	ɡ r o ʊ	ɡ r uː	ɡ r o ʊ d	k r o ʊ	k r o ʊ d	k r o ʊ d	ɡ r o ʊ d	1	0	vowel_change	reg_d	reg_d
string	b ʌ t ɹ̩	b ʌ t ɹ̩ d	b ʌ t ɹ̩ d	b æ t ɹ̩	b æ t ɹ̩ d	b æ t ɹ̩ d	b ʌ t ɹ̩ d	1	1	reg_d	reg_d	reg_d
string	ə p s ɛ t	ə p s ɛ t	ə p s ɛ t ə d	s ɛ t	s ɛ t	s ɛ t	ə p s ɛ t	0	1	no_change	reg_əd	no_change
string	b ɑː r	b ɑː r d	b ɑː r d	b ɑː m	b ɑː m d	b ɑː m d	b ɑː r d	1	1	reg_d	reg_d	reg_d
string	m ɪ k s	m ɪ k s t	m ɪ k s t	m æ k s	m æ k s t	m æ k s t	m ɪ k s t	1	1	reg_t	reg_t	reg_t
string	l ɹ̩ n	l ɹ̩ n d	l ɹ̩ n d	t ɹ̩ n	t ɹ̩ n d	t ɹ̩ n d	l ɹ̩ n d	1	1	reg_d	reg_d	reg_d
string	r æ t ə l	r æ t ə l d	r æ t ə l d	p æ d ə l	p æ d ə l d	p æ d ə l d	r æ t ə l d	1	1	reg_d	reg_d	reg_d
string	l uː z	l ɔ s t	l uː z d	l uː s	l uː s t	l uː s t	l uː z t	0	0	rhyme_replaced	reg_d	reg_t
string	p ɔ r	p ɔ r d	p ɔ r d	r ɔ r	r ɔ r d	r ɔ r d	p ɔ r d	1	1	reg_d	reg_d	reg_d
string	m æ n	m æ n d	m æ n d	m æ ʃ	m æ ʃ t	m æ ʃ t	m æ n t	0	0	reg_d	reg_d	reg_t
string	m æ t͡ʃ	m æ t͡ʃ t	m æ t͡ʃ t	h æ t͡ʃ	h æ t͡ʃ t	h æ t͡ʃ t	m æ t͡ʃ t	1	1	reg_t	reg_t	reg_t
string	w ɑː n d ɹ̩	w ɑː n d ɹ̩ d	w ɑː n d ɹ̩ d	w ʌ n d ɹ̩	w ʌ n d ɹ̩ d	w ʌ n d ɹ̩ d	w ɑː n d ɹ̩ d	1	1	reg_d	reg_d	reg_d
string	r iː m a ɪ n d	r iː m a ɪ n d ə d	r iː m a ɪ n d ə d	r iː b a ʊ n d	r iː b a ʊ n d ə d	r iː b a ʊ n d ə d	r iː m a ɪ n d ə d	1	1	reg_əd	reg_əd	reg_əd
string	s n ɪ f	s n ɪ f t	s n ɪ f t	s n ʌ f	s n ʌ f t	s n ʌ f t	s n ɪ f t	1	1	reg_t	reg_t	reg_t
string	p iː k	p iː k t	p iː k t	p iː	p iː d	p iː d	p iː k d	0	0	reg_t	reg_t	reg_d
string	p l iː z	p l iː z d	p l iː z d	p l iː d	p l iː d ə d	p l iː d ə d	p l iː z ə d	0	0	reg_d	reg_d	reg_əd
string	b e ɪ k	b e ɪ k t	b e ɪ k t	f e ɪ k	f e ɪ k t	f e ɪ k t	b e ɪ k t	1	1	reg_t	reg_t	reg_t
string	r ɪ p	r ɪ p t	r ɪ p t	ʃ ɪ p	ʃ ɪ p t	ʃ ɪ p t	r ɪ p t	1	1	reg_t	reg_t	reg_t
string	t͡ʃ e ɪ n d͡ʒ	t͡ʃ e ɪ n d͡ʒ d	t͡ʃ e ɪ n d͡ʒ d	t͡ʃ e ɪ n	t͡ʃ e ɪ n d	t͡ʃ e ɪ n d	t͡ʃ e ɪ n d͡ʒ d	1	1	reg_d	reg_d	reg_d
string	ɔ r d ɹ̩	ɔ r d ɹ̩ d	ɔ r d ɹ̩ d	b ɔ r d	b ɔ r d ə d	b ɔ r d ə d	ɔ r d ɹ̩ ə d	0	0	reg_d	reg_d	reg_əd
string	h o ʊ p	h o ʊ p t	h o ʊ p t	h o ʊ l	h o ʊ l d	h o ʊ l d	h o ʊ p d	0	0	reg_t	reg_t	reg_d
string	p ɛ p ɹ̩	p ɛ p ɹ̩ d	p ɛ p ɹ̩ d	m ɛ ʒ ɹ̩	m ɛ ʒ ɹ̩ d	m ɛ ʒ ɹ̩ d	p ɛ p ɹ̩ d	1	1	reg_d	reg_d	reg_d
string	m ʌ n t͡ʃ	m ʌ n t͡ʃ t	m ʌ n t͡ʃ t	l ʌ n t͡ʃ	l ʌ n t͡ʃ t	l ʌ n t͡ʃ t	m ʌ n t͡ʃ t	1	1	reg_t	reg_t	reg_t
string	p l æ s t ɹ̩	p l æ s t ɹ̩ d	p l æ s t ɹ̩ d	l æ s t	l æ s t ə d	l æ s t ə d	p l æ s t ɹ̩ ə d	0	0	reg_d	reg_d	reg_əd
string	f a ɪ t	f ɔ t	f a ɪ t ə d	r a ɪ t	r o ʊ t	r o ʊ t	f o ʊ t	0	0	vowel_change	reg_əd	vowel_change
string	t r æ k	t r æ k t	t r æ k t	t r æ ʃ	t r æ ʃ t	t r æ ʃ t	t r æ k t	1	1	reg_t	reg_t	reg_t
string	s o ʊ	s o ʊ d	s o ʊ d	o ʊ	o ʊ d	o ʊ d	s o ʊ d	1	1	reg_d	reg_d	reg_d
string	m ɛ l t	m ɛ l t ə d	m ɛ l t ə d	m ɔ l t	m ɔ l t ə d	m ɔ l t ə d	m ɛ l t ə d	1	1	reg_əd	reg_əd	reg_əd
string	ɡ l ʌ v	ɡ l ʌ v d	ɡ l ʌ v d	ʃ ʌ v	ʃ ʌ v d	ʃ ʌ v d	ɡ l ʌ v d	1	1	reg_d	reg_d	reg_d
string	t͡ʃ ɑː r d͡ʒ	t͡ʃ ɑː r d͡ʒ d	t͡ʃ ɑː r d͡ʒ d	t͡ʃ ɑː r t	t͡ʃ ɑː r t ə d	t͡ʃ ɑː r t ə d	t͡ʃ ɑː r d͡ʒ ə d	0	0	reg_d	reg_d	reg_əd
string	l ɪ k	l ɪ k t	l ɪ k t	t ɪ k	t ɪ k t	t ɪ k t	l ɪ k t	1	1	reg_t	reg_t	reg_t
string	d ɪ l ɪ v ɹ̩	d ɪ l ɪ v ɹ̩ d	d ɪ l ɪ v ɹ̩ d	b ɪ l iː v	b ɪ l iː v d	b ɪ l iː v d	d ɪ l ɪ v ɹ̩ d	1	1	reg_d	reg_d	reg_d
string	b ʌ m p	b ʌ m p t	b ʌ m p t	p ʌ m p	p ʌ m p t	p ʌ m p t	b ʌ m p t	1	1	reg_t	reg_t	reg_t
string	a ɪ	a ɪ d	a ɪ d	l a ɪ	l e ɪ d	l e ɪ	e ɪ d	0	0	reg_d	reg_d	vowel_change_suffix
string	k iː	k iː d	k iː d	p iː	p iː d	p iː d	k iː d	1	1	reg_d	reg_d	reg_d
string	s ɪ z ə l	s ɪ z ə l d	s ɪ z ə l d	w ɪ s ə l	w ɪ s ə l d	w ɪ s ə l d	s ɪ z ə l d	1	1	reg_d	reg_d	reg_d
string	ɪ r e ɪ s	ɪ r e ɪ s t	ɪ r e ɪ s t	ɡ r e ɪ s	ɡ r e ɪ s t	ɡ r e ɪ s t	ɪ r e ɪ s t	1	1	reg_t	reg_t	reg_t
string	s ɹ̩ a ʊ n d	s ɹ̩ a ʊ n d ə d	s ɹ̩ a ʊ n d ə d	s a ʊ n d	s a ʊ n d ə d	s a ʊ n d ə d	s ɹ̩ a ʊ n d ə d	1	1	reg_əd	reg_əd	reg_əd
string	s k ɪ p	s k ɪ p t	s k ɪ p t	s ɪ p	s ɪ p t	s ɪ p t	s k ɪ p t	1	1	reg_t	reg_t	reg_t
string	d ɑː k t ɹ̩	d ɑː k t ɹ̩ d	d ɑː k t ɹ̩ d	d ɑː t	d ɑː t ə d	d ɑː t ə d	d ɑː k t ɹ̩ ə d	0	0	reg_d	reg_d	reg_əd
string	s e ɪ l	s e ɪ l d	s e ɪ l d	d͡ʒ e ɪ l	d͡ʒ e ɪ l d	d͡ʒ e ɪ l d	s e ɪ l d	1	1	reg_d	reg_d	reg_d
string	ɪ n t ə r ɛ s t	ɪ n t ə r ɛ s t ə d	ɪ n t ə r ɛ s t ə d	t ɛ s t	t ɛ s t ə d	t ɛ s t ə d	ɪ n t ə r ɛ s t ə d	1	1	reg_əd	reg_əd	reg_əd
string	t r e ɪ s	t r e ɪ s t	t r e ɪ s t	r e ɪ s	r e ɪ s t	r e ɪ s t	t r e ɪ s t	1	1	reg_t	reg_t	reg_t
string	a ɪ ɹ̩ n	a ɪ ɹ̩ n d	a ɪ ɹ̩ n d	b ɹ̩ n	b ɹ̩ n d	b ɹ̩ n d	a ɪ ɹ̩ n d	1	1	reg_d	reg_d	reg_d
string	iː v ɪ n	iː v ɪ n d	iː v ɪ n d	t͡ʃ e ɪ n	t͡ʃ e ɪ n d	t͡ʃ e ɪ n d	iː v ɪ n d	1	1	reg_d	reg_d	reg_d
string	k o ʊ k s	k o ʊ k s t	k o ʊ k s t	k o ʊ t	k o ʊ t ə d	k o ʊ t ə d	k o ʊ k s ə d	0	0	reg_t	reg_t	reg_əd
string	z ɪ r ɑː k s	z ɪ r ɑː k s t	z ɪ r ɑː k s t	r ɪ l æ k s	r ɪ l æ k s t	r ɪ l æ k s t	z ɪ r ɑː k s t	1	1	reg_t	reg_t	reg_t
string	b ɛ n d	b ɛ n d ə d	b ɛ n t	t ɛ n d	t ɛ n d ə d	t ɛ n d ə d	b ɛ n d ə d	0	1	reg_əd	coda_change	reg_əd
string	p o ʊ z	p o ʊ z d	p o ʊ z d	p o ʊ k	p o ʊ k t	p o ʊ k t	p o ʊ z t	0	0	reg_d	reg_d	reg_t
string	p ɑː k ə t	p ɑː k ə t ə d	p ɑː k ə t ə d	r ɑː k ə t	r ɑː k ə t ə d	r ɑː k ə t ə d	p ɑː k ə t ə d	1	1	reg_əd	reg_əd	reg_əd
string	f r a ɪ	f r a ɪ d	f r a ɪ d	k r a ɪ	k r a ɪ d	k r a ɪ d	f r a ɪ d	1	1	reg_d	reg_d	reg_d
string	h æ n d ə l	h æ n d ə l d	h æ n d ə l d	p æ d ə l	p æ d ə l d	p æ d ə l d	h æ n d ə l d	1	1	reg_d	reg_d	reg_d
string	ə s o ʊ s iː e ɪ t	ə s o ʊ s iː e ɪ t ə d	ə s ʊ s æ k e ɪ t ə d	d o ʊ n e ɪ t	d o ʊ n e ɪ t ə d	d o ʊ n e ɪ t ə d	ə s o ʊ s iː e ɪ t ə d	0	1	reg_əd	other	reg_əd
string	æ k t	æ k t ə d	æ k t ə d	m æ k s	m æ k s t	m æ k s t	æ k t t	0	0	reg_əd	reg_əd	reg_t
string	r iː m uː v	r iː m uː v d	r iː m uː v d	m uː v	m uː v d	m uː v d	r iː m uː v d	1	1	reg_d	reg_d	reg_d
string	s l o ʊ	s l o ʊ d	s l o ʊ d	b l o ʊ	b l uː	b l uː	s l uː	0	0	reg_d	reg_d	vowel_change
string	s t r æ p	s t r æ p t	s t r æ p t	s t r ɪ p	s t r ɪ p t	s t r ɪ p t	s t r æ p t	1	1	reg_t	reg_t	reg_t
string	d r e ɪ n	d r e ɪ n d	d r e ɪ n d	r e ɪ n	r e ɪ n d	r e ɪ n d	d r e ɪ n d	1	1	reg_d	reg_d	reg_d
string	p ɛ ɡ	p ɛ ɡ d	p ɛ ɡ d	p ɛ n	p ɛ n d	p ɛ n d	p ɛ ɡ d	1	1	reg_d	reg_d	reg_d
string	k ə m p l e ɪ n	k ə m p l e ɪ n d	k ə m p l e ɪ n d	k ə m p l iː t	k ə m p l iː t ə d	k ə m p l iː t ə d	k ə m p l e ɪ n ə d	0	0	reg_d	reg_d	reg_əd
string	f ɛ n s	f ɛ n s t	f ɛ n s t	f ɛ ð ɹ̩	f ɛ ð ɹ̩ d	f ɛ ð ɹ̩ d	f ɛ n s d	0	0	reg_t	reg_t	reg_d
string	k r iː e ɪ t	k r iː e ɪ t ə d	k r iː e ɪ t ə d	ɡ r e ɪ s	ɡ r e ɪ s t	ɡ r e ɪ s t	k r iː e ɪ t t	0	0	reg_əd	reg_əd	reg_t
string	f l ʌ ʃ	f l ʌ ʃ t	f l ʌ ʃ t	f l æ ʃ	f l æ ʃ t	f l æ ʃ t	f l ʌ ʃ t	1	1	reg_t	reg_t	reg_t
string	ɡ ɑː r d	ɡ ɑː r d ə d	ɡ ɑː r d ə d	m ɑː r t͡ʃ	m ɑː r t͡ʃ t	m ɑː r t͡ʃ t	ɡ ɑː r d t	0	0	reg_əd	reg_əd	reg_t
string	r ɪ ŋ k ə l	r ɪ ŋ k ə l d	r ɪ ŋ k ə l d	t ɪ ŋ k ə l	t ɪ ŋ k ə l d	t ɪ ŋ k ə l d	r ɪ ŋ k ə l d	1	1	reg_d	reg_d	reg_d
string	s w iː p	s w ɛ p t	s w iː p t	s w uː p	s w uː p t	s w uː p t	s w iː p t	1	0	vowel_change_suffix	reg_t	reg_t
string	s k ɛ d͡ʒ ʊ l	s k ɛ d͡ʒ ʊ l d	s k ɛ d͡ʒ ʊ l d	s w ɛ l	s w ɛ l d	s w ɛ l d	s k ɛ d͡ʒ ʊ l d	1	1	reg_d	reg_d	reg_d
string	f ɹ̩ m ɛ n t	f ɹ̩ m ɛ n t ə d	f ɹ̩ m ɛ n t ə d	ɪ n v ɛ n t	ɪ n v ɛ n t ə d	ɪ n v ɛ n t ə d	f ɹ̩ m ɛ n t ə d	1	1	reg_əd	reg_əd	reg_əd
string	p ʌ z ə l	p ʌ z ə l d	p ʌ z ə l d	n ʌ k ə l	n ʌ k ə l d	n ʌ k ə l d	p ʌ z ə l d	1	1	reg_d	reg_d	reg_d
string	k l ɑː b ɹ̩	k l ɑː b ɹ̩ d	k l ɑː b ɹ̩ d	l ɑː b iː	l ɑː b iː d	l ɑː b iː d	k l ɑː b ɹ̩ d	1	1	reg_d	reg_d	reg_d
string	d ɪ n a ɪ	d ɪ n a ɪ d	d ɪ n a ɪ d	r ɪ l a ɪ	r ɪ l a ɪ d	r ɪ l a ɪ d	d ɪ n a ɪ d	1	1	reg_d	reg_d	reg_d
string	e ɪ k	e ɪ k t	e ɪ k t	p ɪ k	p ɪ k t	p ɪ k t	e ɪ k t	1	1	reg_t	reg_t	reg_t
string	l iː n	l iː n d	l ɛ n t	l iː p	l ɛ p t	l ɛ p t	NA	0	0	reg_d	vowel_change_suffix	vowel_change_suffix
string	ʃ ɪ v ɹ̩	ʃ ɪ v ɹ̩ d	ʃ ɪ v ɹ̩ d	ɡ ɪ v	ɡ e ɪ v	ɡ e ɪ v	NA	0	0	reg_d	reg_d	vowel_change
string	f l ʌ d	f l ʌ d ə d	f l ʌ d ə d	f l ʌ f	f l ʌ f t	f l ʌ f t	f l ʌ d t	0	0	reg_əd	reg_əd	reg_t
string	w ɪ s k	w ɪ s k t	w ɪ s k t	w ɪ ŋ k	w ɪ ŋ k t	w ɪ ŋ k t	w ɪ s k t	1	1	reg_t	reg_t	reg_t
string	k ə n t r o ʊ l	k ə n t r o ʊ l d	k ə n t r o ʊ l d	r o ʊ l	r o ʊ l d	r o ʊ l d	k ə n t r o ʊ l d	1	1	reg_d	reg_d	reg_d
string	b ɑː t ə m	b ɑː t ə m d	b ɑː t ə m d	b ɑː t ə l	b ɑː t ə l d	b ɑː t ə l d	b ɑː t ə m d	1	1	reg_d	reg_d	reg_d
string	w ɔ r n	w ɔ r n d	w ɔ r n d	m ɔ r n	m ɔ r n d	m ɔ r n d	w ɔ r n d	1	1	reg_d	reg_d	reg_d
string	b ɛ r iː	b ɛ r iː d	b ɛ r iː d	v ɛ r iː	v ɛ r iː d	v ɛ r iː d	b ɛ r iː d	1	1	reg_d	reg_d	reg_d
string	ɔ f ɹ̩	ɔ f ɹ̩ d	ɔ f ɹ̩ d	ɔ l t ɹ̩	ɔ l t ɹ̩ d	ɔ l t ɹ̩ d	ɔ f ɹ̩ d	1	1	reg_d	reg_d	reg_d
string	b ɛ r	b o ʊ r	b ɛ r d	ɛ r	ɛ r d	ɛ r d	b ɛ r d	1	0	vowel_change	reg_d	reg_d
string	s l ɪ p	s l ɪ p t	s l ɪ p t	f l ɪ p	f l ɪ p t	f l ɪ p t	s l ɪ p t	1	1	reg_t	reg_t	reg_t
string	t͡ʃ iː r	t͡ʃ iː r d	t͡ʃ iː r d	h iː r	h ɹ̩ d	h ɹ̩ d	t͡ʃ ɹ̩ d	0	0	reg_d	reg_d	rhyme_replaced
string	r ɪ s k	r ɪ s k t	r ɪ s k t	t ɪ k	t ɪ k t	t ɪ k t	r ɪ s k t	1	1	reg_t	reg_t	reg_t
string	p ɛ t	p ɛ t ə d	p ɛ t	ɡ ɛ t	ɡ ɑː t	ɡ ɑː t	p ɑː t	0	0	reg_əd	no_change	vowel_change
string	t r ʌ s t	t r ʌ s t ə d	t r ʌ s t ə d	f r ʌ n t	f r ʌ n t ə d	f r ʌ n t ə d	t r ʌ s t ə d	1	1	reg_əd	reg_əd	reg_əd
string	ɪ n s t r ʌ k t	ɪ n s t r ʌ k t ə d	ɪ n s t r ʌ k t ə d	d ɪ s t r ʌ k t	d ɪ s t r ʌ k t ə d	d ɪ s t r ʌ k t ə d	ɪ n s t r ʌ k t ə d	1	1	reg_əd	reg_əd	reg_əd
string	t͡ʃ ɪ k ə n	t͡ʃ ɪ k ə n d	t͡ʃ ɪ k ə n d	p ɪ k ə l	p ɪ k ə l d	p ɪ k ə l d	t͡ʃ ɪ k ə n d	1	1	reg_d	reg_d	reg_d
string	p r iː p ɛ r	p r iː p ɛ r d	p r iː p ɛ r d	r ɪ p ɛ r	r ɪ p ɛ r d	r ɪ p ɛ r d	p r iː p ɛ r d	1	1	reg_d	reg_d	reg_d
string	h æ m ɹ̩	h æ m ɹ̩ d	h æ m ɹ̩ d	ɡ æ ð ɹ̩	ɡ æ ð ɹ̩ d	ɡ æ ð ɹ̩ d	h æ m ɹ̩ d	1	1	reg_d	reg_d	reg_d
string	s p r ɪ ŋ k ə l	s p r ɪ ŋ k ə l d	s p r æ ŋ k ə l d	t ɪ ŋ k ə l	t ɪ ŋ k ə l d	t ɪ ŋ k ə l d	s p r ɪ ŋ k ə l d	0	1	reg_d	other	reg_d
string	r ɛ s ə l	r ɛ s ə l d	r ɛ s ə l d	p ɛ d ə l	p ɛ d ə l d	p ɛ d ə l d	r ɛ s ə l d	1	1	reg_d	reg_d	reg_d
string	h ɛ m	h ɛ m d	h ɛ m d	h ɛ d	h ɛ d ə d	h ɛ d ə d	h ɛ m ə d	0	0	reg_d	reg_d	reg_əd
string	p l æ n	p l æ n d	p l æ n d	p l æ n t	p l æ n t ə d	p l æ n t ə d	p l æ n ə d	0	0	reg_d	reg_d	reg_əd
string	s t æ ʃ	s t æ ʃ t	s t æ ʃ t	s t æ k	s t æ k t	s t æ k t	s t æ ʃ t	1	1	reg_t	reg_t	reg_t
string	m ɑː r k	m ɑː r k t	m ɑː r k t	m ɑː r t͡ʃ	m ɑː r t͡ʃ t	m ɑː r t͡ʃ t	m ɑː r k t	1	1	reg_t	reg_t	reg_t
string	k e ɪ v	k e ɪ v d	k e ɪ v d	k e ɪ k	k e ɪ k t	k e ɪ k t	k e ɪ v t	0	0	reg_d	reg_d	reg_t
string	k ɹ̩ l	k ɹ̩ l d	k ɹ̩ l d	k uː l	k uː l d	k uː l d	k ɹ̩ l d	1	1	reg_d	reg_d	reg_d
string	p r e ɪ z	p r e ɪ z d	p r e ɪ z d	r e ɪ z	r e ɪ z d	r e ɪ z d	p r e ɪ z d	1	1	reg_d	reg_d	reg_d
string	d æ m	d æ m d	d æ m d	d æ ʃ	d æ ʃ t	d æ ʃ t	d æ m t	0	0	reg_d	reg_d	reg_t
string	f l ʌ t ɹ̩	f l ʌ t ɹ̩ d	f l ʌ t ɹ̩ d	k l ʌ t ɹ̩	k l ʌ t ɹ̩ d	k l ʌ t ɹ̩ d	f l ʌ t ɹ̩ d	1	1	reg_d	reg_d	reg_d
string	b ɛ l t	b ɛ l t ə d	b ɛ l t ə d	b ɛ s t	b ɛ s t ə d	b ɛ s t ə d	b ɛ l t ə d	1	1	reg_əd	reg_əd	reg_əd
string	b ɔ l	b ɔ l d	b ɔ l d	b ɔ r	b ɔ r d	b ɔ r d	b ɔ l d	1	1	reg_d	reg_d	reg_d
string	s k æ l ə p	s k æ l ə p t	s k æ l ə p t	k æ m p	k æ m p t	k æ m p t	s k æ l ə p t	1	1	reg_t	reg_t	reg_t
string	k ə m p ɛ r	k ə m p ɛ r d	k ə m p ɛ r d	r ɪ p ɛ r	r ɪ p ɛ r d	r ɪ p ɛ r d	k ə m p ɛ r d	1	1	reg_d	reg_d	reg_d
string	b ɔ ɪ l	b ɔ ɪ l d	b ɔ ɪ l d	b ɪ l	b ɪ l d	b ɪ l d	b ɔ ɪ l d	1	1	reg_d	reg_d	reg_d
string	s k æ n	s k æ n d	s k æ n d	s k ɔ r	s k ɔ r d	s k ɔ r d	s k æ n d	1	1	reg_d	reg_d	reg_d
string	r ɛ k ə m ɛ n d	r ɛ k ə m ɛ n d ə d	r ɛ k ə m ɛ n d	ɪ k s t ɛ n d	ɪ k s t ɛ n d ə d	ɪ k s t ɛ n d ə d	r ɛ k ə m ɛ n d ə d	0	1	reg_əd	no_change	reg_əd
string	t o ʊ	t o ʊ d	t o ʊ d	o ʊ	o ʊ d	o ʊ d	t o ʊ d	1	1	reg_d	reg_d	reg_d
string	s t r ɛ s	s t r ɛ s t	s t r ɛ s t	s t r ɛ t͡ʃ	s t r ɛ t͡ʃ t	s t r ɛ t͡ʃ t	s t r ɛ s t	1	1	reg_t	reg_t	reg_t
string	b æ n d	b æ n d ə d	b æ n d ə d	s æ n d	s æ n d ə d	s æ n d ə d	b æ n d ə d	1	1	reg_əd	reg_əd	reg_əd
string	b o ʊ s t	b o ʊ s t ə d	b o ʊ s t ə d	b o ʊ l t	b o ʊ l t ə d	b o ʊ l t ə d	b o ʊ s t ə d	1	1	reg_əd	reg_əd	reg_əd
string	r ɛ s k j uː	r ɛ s k j uː d	r ɛ s k j uː d	s k r uː	s k r uː d	s k r uː d	r ɛ s k j uː d	1	1	reg_d	reg_d	reg_d
string	b ʌ s	b ʌ s t	b ʌ s t	f ʌ s	f ʌ s t	f ʌ s t	b ʌ s t	1	1	reg_t	reg_t	reg_t
string	m ɑː r	m ɑː r d	m ɑː r d	m ɑː r t͡ʃ	m ɑː r t͡ʃ t	m ɑː r t͡ʃ t	m ɑː r t	0	0	reg_d	reg_d	reg_t
string	t ʌ m b ə l	t ʌ m b ə l d	t ʌ m b ə l d	ɡ r ʌ m b ə l	ɡ r ʌ m b ə l d	ɡ r ʌ m b ə l d	t ʌ m b ə l d	1	1	reg_d	reg_d	reg_d
string	d ɪ s t r ɔ ɪ	d ɪ s t r ɔ ɪ d	d ɪ s t r ɔ r d	d ɪ s t r æ k t	d ɪ s t r æ k t ə d	d ɪ s t r æ k t ə d	d ɪ s t r ɔ ɪ ə d	0	0	reg_d	rhyme_replaced	reg_əd
string	w æ ɡ	w æ ɡ d	w æ ɡ d	t æ ɡ	t æ ɡ d	t æ ɡ d	w æ ɡ d	1	1	reg_d	reg_d	reg_d
string	p a ʊ ɹ̩	p a ʊ ɹ̩ d	p a ʊ ɹ̩ d	t a ʊ ɹ̩	t a ʊ ɹ̩ d	t a ʊ ɹ̩ d	p a ʊ ɹ̩ d	1	1	reg_d	reg_d	reg_d
string	b l iː t͡ʃ	b l iː t͡ʃ t	b l ɛ t͡ʃ t	b l iː d	b l ɛ d	b l ɛ d	NA	0	0	reg_t	vowel_change_suffix	vowel_change
string	t æ ŋ ɡ ə l	t æ ŋ ɡ ə l d	t æ ŋ ɡ ə l d	m æ ŋ ɡ ə l	m æ ŋ ɡ ə l d	m æ ŋ ɡ ə l d	t æ ŋ ɡ ə l d	1	1	reg_d	reg_d	reg_d
string	n ɔ	n ɔ d	n ɔ d	s ɔ	s ɔ d	s ɔ d	n ɔ d	1	1	reg_d	reg_d	reg_d
string	r o ʊ m	r o ʊ m d	r o ʊ m d	r o ʊ p	r o ʊ p t	r o ʊ p t	r o ʊ m t	0	0	reg_d	reg_d	reg_t
string	b l ɪ ŋ k	b l ɪ ŋ k t	b l æ ŋ k	l ɪ ŋ k	l ɪ ŋ k t	l ɪ ŋ k t	b l ɪ ŋ k t	0	1	reg_t	vowel_change	reg_t
string	t w ɹ̩ l	t w ɹ̩ l d	t w ɹ̩ l d	w ɹ̩ l	w ɹ̩ l d	w ɹ̩ l d	t w ɹ̩ l d	1	1	reg_d	reg_d	reg_d
string	ə n b ʌ t ə n	ə n b ʌ t ə n d	ə n b ʌ t ə n d	b ʌ t ə n	b ʌ t ə n d	b ʌ t ə n d	ə n b ʌ t ə n d	1	1	reg_d	reg_d	reg_d
string	θ r ɛ t ə n	θ r ɛ t ə n d	θ r ɛ t ə n d	f r a ɪ t ə n	f r a ɪ t ə n d	f r a ɪ t ə n d	θ r ɛ t ə n d	1	1	reg_d	reg_d	reg_d
string	b ɛ l o ʊ	b ɛ l o ʊ d	b ɛ l o ʊ d	b l o ʊ	b l uː	b l uː	b ɛ l uː	0	0	reg_d	reg_d	vowel_change
string	s p ɛ ʃ ə l a ɪ z	s p ɛ ʃ ə l a ɪ z d	s p ɛ ʃ ə l a ɪ z d	s p l a ɪ s	s p l a ɪ s t	s p l a ɪ s t	s p ɛ ʃ ə l a ɪ z t	0	0	reg_d	reg_d	reg_t
string	ɪ n ɪ ʃ iː e ɪ t	ɪ n ɪ ʃ iː e ɪ t ə d	ɪ n ɪ ʃ ɪ e ɪ t ə d	d ɪ l ɪ n iː e ɪ t	d ɪ l ɪ n iː e ɪ t ə d	d ɪ l ɪ n iː e ɪ t ə d	ɪ n ɪ ʃ iː e ɪ t ə d	0	1	reg_əd	other	reg_əd
string	p iː p	p iː p t	p iː p t	p uː p	p uː p t	p uː p t	p iː p t	1	1	reg_t	reg_t	reg_t
string	ʃ ʌ f ə l	ʃ ʌ f ə l d	ʃ ʌ f ə l d	ʃ ʌ v ə l	ʃ ʌ v ə l d	ʃ ʌ v ə l d	ʃ ʌ f ə l d	1	1	reg_d	reg_d	reg_d
string	ɪ n f l uː ə n s	ɪ n f l uː ə n s t	ɪ n f l uː n ə n d	ɪ n k l uː d	ɪ n k l uː d ə d	ɪ n k l uː d ə d	ɪ n f l uː ə n s ə d	0	0	reg_t	other	reg_əd
string	d a ʊ n	d a ʊ n d	d a ʊ n d	d a ʊ t	d a ʊ t ə d	d a ʊ t ə d	d a ʊ n ə d	0	0	reg_d	reg_d	reg_əd
string	d ɪ v ɛ l ə p	d ɪ v ɛ l ə p t	d ɪ v ɛ l ə p ə d	d ɪ p	d ɪ p t	d ɪ p t	d ɪ v ɛ l ə p t	0	1	reg_t	reg_əd	reg_t
string	s p e ɪ	s p e ɪ d	s p e ɪ d	s p e ɪ s	s p e ɪ s t	s p e ɪ s t	s p e ɪ t	0	0	reg_d	reg_d	reg_t
string	r iː p l e ɪ s	r iː p l e ɪ s t	r iː p l e ɪ s t	p l e ɪ s	p l e ɪ s t	p l e ɪ s t	r iː p l e ɪ s t	1	1	reg_t	reg_t	reg_t
string	s p ɔ ɪ l	s p ɔ ɪ l d	s p ɔ ɪ l d	s p ɪ l	s p ɪ l d	s p ɪ l d	s p ɔ ɪ l d	1	1	reg_d	reg_d	reg_d
string	l e ɪ b ə l	l e ɪ b ə l d	l e ɪ b ə l d	t e ɪ b ə l	t e ɪ b ə l d	t e ɪ b ə l d	l e ɪ b ə l d	1	1	reg_d	reg_d	reg_d
string	d r ɪ b ə l	d r ɪ b ə l d	d r ɪ b ə l d	d r ɪ l	d r ɪ l d	d r ɪ l d	d r ɪ b ə l d	1	1	reg_d	reg_d	reg_d
string	t͡ʃ æ n ə l	t͡ʃ æ n ə l d	t͡ʃ æ n ə l d	b æ r ə l	b æ r ə l d	b æ r ə l d	t͡ʃ æ n ə l d	1	1	reg_d	reg_d	reg_d
string	ɪ m p r uː v	ɪ m p r uː v d	ɪ m p r uː v d	ɪ m p r ɛ s	ɪ m p r ɛ s t	ɪ m p r ɛ s t	ɪ m p r uː v t	0	0	reg_d	reg_d	reg_t
string	p r e ɪ	p r e ɪ d	p r e ɪ d	p e ɪ	p e ɪ d	p e ɪ d	p r e ɪ d	1	1	reg_d	reg_d	reg_d
string	w ɛ t	w ɛ t	w ɛ t	b ɛ t	b ɛ t	b ɛ t	w ɛ t	1	1	no_change	no_change	no_change
string	s t r e ɪ n	s t r e ɪ n d	s t r e ɪ n d	s t e ɪ n	s t e ɪ n d	s t e ɪ n d	s t r e ɪ n d	1	1	reg_d	reg_d	reg_d
string	m ɑː r b ə l	m ɑː r b ə l d	m ɑː r b ə l d	m ɑː r k ə t	m ɑː r k ə t ə d	m ɑː r k ə t ə d	m ɑː r b ə l ə d	0	0	reg_d	reg_d	reg_əd
string	ʃ ɛ l	ʃ ɛ l d	ʃ o ʊ l d	ʃ ɛ r	ʃ ɛ r d	ʃ ɛ r d	ʃ ɛ l d	0	1	reg_d	vowel_change_suffix	reg_d
string	k o ʊ ɑː p ɹ̩ e ɪ t	k o ʊ ɑː p ɹ̩ e ɪ t ə d	k o ʊ ɑː p ɹ̩ e ɪ t ə d	ɑː p ɹ̩ e ɪ t	ɑː p ɹ̩ e ɪ t ə d	ɑː p ɹ̩ e ɪ t ə d	k o ʊ ɑː p ɹ̩ e ɪ t ə d	1	1	reg_əd	reg_əd	reg_əd
string	ɡ r e ɪ t	ɡ r e ɪ t ə d	ɡ r e ɪ t ə d	ɡ r e ɪ d	ɡ r e ɪ d ə d	ɡ r e ɪ d ə d	ɡ r e ɪ t ə d	1	1	reg_əd	reg_əd	reg_əd
string	f ɔ r m j ə l e ɪ t	f ɔ r m j ə l e ɪ t ə d	f ɔ r b ə l j ə l e ɪ t ə d	r ɛ ɡ j ə l e ɪ t	r ɛ ɡ j ə l e ɪ t ə d	r ɛ ɡ j ə l e ɪ t ə d	f ɔ r m j ə l e ɪ t ə d	0	1	reg_əd	other	reg_əd
string	k æ n s ə l	k æ n s ə l d	k æ n s ə l d	d æ z ə l	d æ z ə l d	d æ z ə l d	k æ n s ə l d	1	1	reg_d	reg_d	reg_d
string	d ɪ s k ʌ v ɹ̩	d ɪ s k ʌ v ɹ̩ d	d ɪ s k ʌ v ɹ̩ d	d ɪ s k ʌ s	d ɪ s k ʌ s t	d ɪ s k ʌ s t	d ɪ s k ʌ v ɹ̩ t	0	0	reg_d	reg_d	reg_t
string	ə m e ɪ z	ə m e ɪ z d	ə m e ɪ z d	m e ɪ t	m e ɪ t ə d	m e ɪ t ə d	ə m e ɪ z ə d	0	0	reg_d	reg_d	reg_əd
string	f æ n s iː	f æ n s iː d	f æ n s iː d	æ n s ɹ̩	æ n s ɹ̩ d	æ n s ɹ̩ d	f æ n s iː d	1	1	reg_d	reg_d	reg_d
string	æ n ə l a ɪ z	æ n ə l a ɪ z d	æ n ə l a ɪ z d	æ d v ɹ̩ t a ɪ z	æ d v ɹ̩ t a ɪ z d	æ d v ɹ̩ t a ɪ z d	æ n ə l a ɪ z d	1	1	reg_d	reg_d	reg_d
string	t e ɪ l ɹ̩	t e ɪ l ɹ̩ d	t e ɪ l ɹ̩ d	f e ɪ l	f e ɪ l d	f e ɪ l d	t e ɪ l ɹ̩ d	1	1	reg_d	reg_d	reg_d
string	p ɑː r t͡ʃ	p ɑː r t͡ʃ t	p ɑː r t͡ʃ t	p ɑː r t	p ɑː r t ə d	p ɑː r t ə d	p ɑː r t͡ʃ ə d	0	0	reg_t	reg_t	reg_əd
string	b ɪ d	b e ɪ d	b ɪ d ə d	b ɪ l	b ɪ l d	b ɪ l d	b ɪ d d	0	0	vowel_change	reg_əd	reg_d
string	s o ʊ k	s o ʊ k t	s o ʊ k t	p o ʊ k	p o ʊ k t	p o ʊ k t	s o ʊ k t	1	1	reg_t	reg_t	reg_t
string	s uː	s uː d	s uː d	b uː	b uː d	b uː d	s uː d	1	1	reg_d	reg_d	reg_d
string	f æ n	f æ n d	f æ n d	z æ p	z æ p t	z æ p t	f æ n t	0	0	reg_d	reg_d	reg_t
string	f r ɛ k ə l	f r ɛ k ə l d	f r ɛ k ə l d	n ʌ k ə l	n ʌ k ə l d	n ʌ k ə l d	f r ɛ k ə l d	1	1	reg_d	reg_d	reg_d
string	ə n d uː	ə n d ɪ d	ə n d uː d	ɛ n d	ɛ n d ə d	ɛ n d ə d	ə n d uː ə d	0	0	vowel_change_suffix	reg_d	reg_əd
string	θ ʌ m p	θ ʌ m p t	θ ʌ m p t	d͡ʒ ʌ m p	d͡ʒ ʌ m p t	d͡ʒ ʌ m p t	θ ʌ m p t	1	1	reg_t	reg_t	reg_t
string	w ɑː b ə l	w ɑː b ə l d	w ɑː b ə l d	w ɑː f ə l	w ɑː f ə l d	w ɑː f ə l d	w ɑː b ə l d	1	1	reg_d	reg_d	reg_d
string	ɡ r ɪ l	ɡ r ɪ l d	ɡ r ɪ l d	d r ɪ l	d r ɪ l d	d r ɪ l d	ɡ r ɪ l d	1	1	reg_d	reg_d	reg_d
string	ə s uː m	ə s uː m d	ə s uː m d	s uː t	s uː t ə d	s uː t ə d	ə s uː m ə d	0	0	reg_d	reg_d	reg_əd
string	z ɪ ɡ z æ ɡ	z ɪ ɡ z æ ɡ d	z ɪ ɡ z æ ɡ d	ɪ ɡ z æ k t	ɪ ɡ z æ k t ə d	ɪ ɡ z æ k t ə d	z ɪ ɡ z æ ɡ ə d	0	0	reg_d	reg_d	reg_əd
string	p ɛ r ə ʃ uː t	p ɛ r ə ʃ uː t ə d	p ɛ r ə ʃ ə t ə d	p ɑː r t	p ɑː r t ə d	p ɑː r t ə d	p ɛ r ə ʃ uː t ə d	0	1	reg_əd	other	reg_əd
string	ɛ ɡ	ɛ ɡ d	ɛ ɡ d	b ɛ ɡ	b ɛ ɡ d	b ɛ ɡ d	ɛ ɡ d	1	1	reg_d	reg_d	reg_d
string	l o ʊ k e ɪ t	l o ʊ k e ɪ t ə d	l o ʊ k e ɪ t ə d	d o ʊ n e ɪ t	d o ʊ n e ɪ t ə d	d o ʊ n e ɪ t ə d	l o ʊ k e ɪ t ə d	1	1	reg_əd	reg_əd	reg_əd
string	n e ɪ l	n e ɪ l d	n e ɪ l d	f e ɪ l	f e ɪ l d	f e ɪ l d	n e ɪ l d	1	1	reg_d	reg_d	reg_d
string	f a ɪ n	f a ɪ n d	f a ɪ n d	m a ɪ n	m a ɪ n d	m a ɪ n d	f a ɪ n d	1	1	reg_d	reg_d	reg_d
string	ʃ r ɪ v ə l	ʃ r ɪ v ə l d	ʃ r ɪ v ə l d	ʃ ʌ v ə l	ʃ ʌ v ə l d	ʃ ʌ v ə l d	ʃ r ɪ v ə l d	1	1	reg_d	reg_d	reg_d
string	t͡ʃ a ɪ m	t͡ʃ a ɪ m d	t͡ʃ a ɪ m d	t a ɪ m	t a ɪ m d	t a ɪ m d	t͡ʃ a ɪ m d	1	1	reg_d	reg_d	reg_d
string	ɪ v æ p ɹ̩ e ɪ t	ɪ v æ p ɹ̩ e ɪ t ə d	ɪ v æ p ɹ̩ e ɪ t ə d	s ɛ p ɹ̩ e ɪ t	s ɛ p ɹ̩ e ɪ t ə d	s ɛ p ɹ̩ e ɪ t ə d	ɪ v æ p ɹ̩ e ɪ t ə d	1	1	reg_əd	reg_əd	reg_əd
string	ɑː k j ə p a ɪ	ɑː k j ə p a ɪ d	ɑː k j ə p a ɪ d	ə p l a ɪ	ə p l a ɪ d	ə p l a ɪ d	ɑː k j ə p a ɪ d	1	1	reg_d	reg_d	reg_d
string	k l ɑː ɡ	k l ɑː ɡ d	k l ɑː ɡ d	k l ɑː k	k l ɑː k t	k l ɑː k t	k l ɑː ɡ t	0	0	reg_d	reg_d	reg_t
string	m æ p	m æ p t	m æ p t	r æ p	r æ p t	r æ p t	m æ p t	1	1	reg_t	reg_t	reg_t
string	ɡ e ɪ z	ɡ e ɪ z d	ɡ e ɪ z d	ɡ e ɪ n	ɡ e ɪ n d	ɡ e ɪ n d	ɡ e ɪ z d	1	1	reg_d	reg_d	reg_d
string	s k æ t ɹ̩	s k æ t ɹ̩ d	s k æ t ɹ̩ d	m æ t ɹ̩	m æ t ɹ̩ d	m æ t ɹ̩ d	s k æ t ɹ̩ d	1	1	reg_d	reg_d	reg_d
string	s n ɑː r ə l	s n ɑː r ə l d	s n ɑː r ə l d	s p ɑː r k ə l	s p ɑː r k ə l d	s p ɑː r k ə l d	s n ɑː r ə l d	1	1	reg_d	reg_d	reg_d
string	f l e ɪ v ɹ̩	f l e ɪ v ɹ̩ d	f l e ɪ v ɹ̩ d	f e ɪ v ɹ̩	f e ɪ v ɹ̩ d	f e ɪ v ɹ̩ d	f l e ɪ v ɹ̩ d	1	1	reg_d	reg_d	reg_d
string	ɪ d͡ʒ ɛ k t	ɪ d͡ʒ ɛ k t ə d	ɪ d͡ʒ ɛ k t ə d	r ɪ d͡ʒ ɛ k t	r ɪ d͡ʒ ɛ k t ə d	r ɪ d͡ʒ ɛ k t ə d	ɪ d͡ʒ ɛ k t ə d	1	1	reg_əd	reg_əd	reg_əd
string	r iː æ k t	r iː æ k t ə d	r iː æ k t ə d	p æ n t	p æ n t ə d	p æ n t ə d	r iː æ k t ə d	1	1	reg_əd	reg_əd	reg_əd
string	s t e ɪ p ə l	s t e ɪ p ə l d	s t e ɪ p ə l d	t e ɪ b ə l	t e ɪ b ə l d	t e ɪ b ə l d	s t e ɪ p ə l d	1	1	reg_d	reg_d	reg_d
string	ɪ k s p l o ʊ d	ɪ k s p l o ʊ d ə d	ɪ k s p l o ʊ d	ɪ k s p l e ɪ n	ɪ k s p l e ɪ n d	ɪ k s p l e ɪ n d	ɪ k s p l o ʊ d d	0	0	reg_əd	no_change	reg_d
string	r ɪ z ɛ m b ə l	r ɪ z ɛ m b ə l d	r ɪ z ɛ m b ə l d	r ɪ m ɛ m b ɹ̩	r ɪ m ɛ m b ɹ̩ d	r ɪ m ɛ m b ɹ̩ d	r ɪ z ɛ m b ə l d	1	1	reg_d	reg_d	reg_d
string	s w ɪ v ə l	s w ɪ v ə l d	s w ɪ v ə l d	w ɪ s ə l	w ɪ s ə l d	w ɪ s ə l d	s w ɪ v ə l d	1	1	reg_d	reg_d	reg_d
string	w æ k s	w æ k s t	w æ k s t	m æ k s	m æ k s t	m æ k s t	w æ k s t	1	1	reg_t	reg_t	reg_t
string	s k r a ʊ n d͡ʒ	s k r a ʊ n d͡ʒ d	s k r a ʊ n d͡ʒ d	s p r a ʊ t	s p r a ʊ t ə d	s p r a ʊ t ə d	s k r a ʊ n d͡ʒ ə d	0	0	reg_d	reg_d	reg_əd
string	ɔ r ɡ ə n a ɪ z	ɔ r ɡ ə n a ɪ z d	ɔ r ɡ ə n a ɪ z d	r ɛ k ə ɡ n a ɪ z	r ɛ k ə ɡ n a ɪ z d	r ɛ k ə ɡ n a ɪ z d	ɔ r ɡ ə n a ɪ z d	1	1	reg_d	reg_d	reg_d
string	d ɪ z a ɪ n	d ɪ z a ɪ n d	d ɪ z a ɪ n d	d ɪ s a ɪ d	d ɪ s a ɪ d ə d	d ɪ s a ɪ d ə d	d ɪ z a ɪ n ə d	0	0	reg_d	reg_d	reg_əd
final	s e ɪ	s ɛ d	s e ɪ d	ə n t a ɪ	ə n t a ɪ d	ə n t a ɪ d	s e ɪ d	1	0	vowel_change_suffix	reg_d	reg_d
final	ɡ o ʊ	w ɛ n t	ɡ o ʊ d	m o ʊ	m o ʊ d	m o ʊ d	ɡ o ʊ d	1	0	other	reg_d	reg_d
final	h æ p ə n	h æ p ə n d	h æ p ə n d	w iː k ə n	w iː k ə n d	w iː k ə n d	h æ p ə n d	1	1	reg_d	reg_d	reg_d
final	k æ t͡ʃ	k ɔ t	k æ t͡ʃ t	d r ɛ n t͡ʃ	d r ɛ n t͡ʃ t	d r ɛ n t͡ʃ t	k æ t͡ʃ t	1	0	rhyme_replaced	reg_t	reg_t
final	l ʌ v	l ʌ v d	l ʌ v d	b ɪ h e ɪ v	b ɪ h e ɪ v d	b ɪ h e ɪ v d	l ʌ v d	1	1	reg_d	reg_d	reg_d
final	w ɹ̩ k	w ɹ̩ k t	w ɹ̩ k t	l ʊ k	l ʊ k t	l ʊ k t	w ɹ̩ k t	1	1	reg_t	reg_t	reg_t
final	k ʌ t	k ʌ t	k e ɪ t	ɪ n t ɹ̩ ʌ p t	ɪ n t ɹ̩ ʌ p t ə d	ɪ n t ɹ̩ ʌ p t ə d	k ʌ t ə d	0	0	no_change	vowel_change	reg_əd
final	n iː d	n iː d ə d	n iː d ə d	k ɪ d	k ɪ d ə d	k ɪ d ə d	n iː d ə d	1	1	reg_əd	reg_əd	reg_əd
final	z ɪ p ɹ̩	z ɪ p ɹ̩ d	z ɪ p ɹ̩ d	r iː k w a ɪ ɹ̩	r iː k w a ɪ ɹ̩ d	r iː k w a ɪ ɹ̩ d	z ɪ p ɹ̩ d	1	1	reg_d	reg_d	reg_d
final	b a ɪ	b ɔ t	b a ɪ d	s t e ɪ	s t e ɪ d	s t e ɪ d	b a ɪ d	1	0	vowel_change_suffix	reg_d	reg_d
final	m iː t	m ɛ t	m iː t ə d	s ɔ r t	s ɔ r t ə d	s ɔ r t ə d	m iː t ə d	1	0	vowel_change	reg_əd	reg_əd
final	m e ɪ l	m e ɪ l d	m e ɪ l d	s m a ɪ l	s m a ɪ l d	s m a ɪ l d	m e ɪ l d	1	1	reg_d	reg_d	reg_d
final	t iː t͡ʃ	t ɔ t	t iː t͡ʃ t	ɪ n t͡ʃ	ɪ n t͡ʃ t	ɪ n t͡ʃ t	t iː t͡ʃ t	1	0	rhyme_replaced	reg_t	reg_t
final	s p ɛ n d	s p ɛ n t	s p ɛ n d ə d	ə k ɔ r d	ə k ɔ r d ə d	ə k ɔ r d ə d	s p ɛ n d ə d	1	0	coda_change	reg_əd	reg_əd
final	h æ n d	h æ n d ə d	h æ n d ə d	k ɪ d	k ɪ d ə d	k ɪ d ə d	h æ n d ə d	1	1	reg_əd	reg_əd	reg_əd
final	m ɛ r iː	m ɛ r iː d	m ɛ r iː d	s k ɹ̩ iː	s k ɹ̩ iː d	s k ɹ̩ iː d	m ɛ r iː d	1	1	reg_d	reg_d	reg_d
final	r ɛ d iː	r ɛ d iː d	r ɛ d iː d	f r iː	f r iː d	f r iː d	r ɛ d iː d	1	1	reg_d	reg_d	reg_d
final	f l o ʊ t	f l o ʊ t ə d	f l o ʊ t ə d	n ɪ t	n ɪ t ə d	n ɪ t ə d	f l o ʊ t ə d	1	1	reg_əd	reg_əd	reg_əd
final	s k w ɹ̩ t	s k w ɹ̩ t ə d	s k w ɹ̩ t ə d	ɡ r æ n t	ɡ r æ n t ə d	ɡ r æ n t ə d	s k w ɹ̩ t ə d	1	1	reg_əd	reg_əd	reg_əd
final	w ɔ k	w ɔ k t	w ɔ k t	s t ɔ k	s t ɔ k t	s t ɔ k t	w ɔ k t	1	1	reg_t	reg_t	reg_t
final	f ɪ k s	f ɪ k s t	f ɪ k s t	ɡ ɛ s	ɡ ɛ s t	ɡ ɛ s t	f ɪ k s t	1	1	reg_t	reg_t	reg_t
final	p r æ k t ɪ s	p r æ k t ɪ s t	p r æ k t ɪ s t	r iː l iː s	r iː l iː s t	r iː l iː s t	p r æ k t ɪ s t	1	1	reg_t	reg_t	reg_t
final	k iː p	k ɛ p t	k iː p t	d r ɪ p	d r ɪ p t	d r ɪ p t	k iː p t	1	0	vowel_change_suffix	reg_t	reg_t
final	n ɪ b ə l	n ɪ b ə l d	n ɪ b ə l d	s p ɑː r k ə l	s p ɑː r k ə l d	s p ɑː r k ə l d	n ɪ b ə l d	1	1	reg_d	reg_d	reg_d
final	w uː	w uː d	w uː d	ɡ l uː	ɡ l uː d	ɡ l uː d	w uː d	1	1	reg_d	reg_d	reg_d
final	k ɪ l	k ɪ l d	k ɪ l d	w ɪ s ə l	w ɪ s ə l d	w ɪ s ə l d	k ɪ l d	1	1	reg_d	reg_d	reg_d
final	k æ r iː	k æ r iː d	k æ r iː d	s k ɹ̩ iː	s k ɹ̩ iː d	s k ɹ̩ iː d	k æ r iː d	1	1	reg_d	reg_d	reg_d
final	ɹ̩ n	ɹ̩ n d	ɹ̩ n d	ɪ ɡ z æ m ɪ n	ɪ ɡ z æ m ɪ n d	ɪ ɡ z æ m ɪ n d	ɹ̩ n d	1	1	reg_d	reg_d	reg_d
final	k ə l ɛ k t	k ə l ɛ k t ə d	k ə l ɛ k t ə d	t e ɪ s t	t e ɪ s t ə d	t e ɪ s t ə d	k ə l ɛ k t ə d	1	1	reg_əd	reg_əd	reg_əd
final	d æ n s	d æ n s t	d æ n s t	p r ɑː m ə s	p r ɑː m ə s t	p r ɑː m ə s t	d æ n s t	1	1	reg_t	reg_t	reg_t
final	d r ɔ	d r uː	d r ɔ d	k l ɔ	k l ɔ d	k l ɔ d	d r ɔ d	1	0	vowel_change	reg_d	reg_d
final	p r a ɪ	p r a ɪ d	p r a ɪ d	ə n t a ɪ	ə n t a ɪ d	ə n t a ɪ d	p r a ɪ d	1	1	reg_d	reg_d	reg_d
final	ɪ n v a ɪ t	ɪ n v a ɪ t ə d	ɪ n v a ɪ t ə d	ɑː p ɹ̩ e ɪ t	ɑː p ɹ̩ e ɪ t ə d	ɑː p ɹ̩ e ɪ t ə d	ɪ n v a ɪ t ə d	1	1	reg_əd	reg_əd	reg_əd
final	r iː ə l a ɪ z	r iː ə l a ɪ z d	r iː ə l a ɪ z d	r a ɪ z	r o ʊ z	r o ʊ z	r iː ə l o ʊ z	0	0	reg_d	reg_d	vowel_change
final	d r ɛ s	d r ɛ s t	d r ɛ s t	p r ɑː m ə s	p r ɑː m ə s t	p r ɑː m ə s t	d r ɛ s t	1	1	reg_t	reg_t	reg_t
final	t r æ n z m ɪ t	t r æ n z m ɪ t ə d	t r æ n m e ɪ t ə d	ɡ ɛ t	ɡ ɑː t	ɡ ɑː t	NA	0	0	reg_əd	other	vowel_change
final	ʃ uː	ʃ uː d	ʃ uː	d uː	d ɪ d	d ɪ d	ʃ ɪ d	0	0	reg_d	no_change	vowel_change_suffix
final	p iː s	p iː s t	p iː s t	m ɛ s	m ɛ s t	m ɛ s t	p iː s t	1	1	reg_t	reg_t	reg_t
final	d ɛ r	d ɛ r d	d ɛ r d	ɡ l ɛ r	ɡ l ɛ r d	ɡ l ɛ r d	d ɛ r d	1	1	reg_d	reg_d	reg_d
final	b ɪ l d	b ɪ l t	b ɪ l d ə d	p ɹ̩ s w e ɪ d	p ɹ̩ s w e ɪ d ə d	p ɹ̩ s w e ɪ d ə d	b ɪ l d ə d	1	0	coda_change	reg_əd	reg_əd
final	w ɪ n	w ʌ n	w ɪ n d	p ɪ n	p ɪ n d	p ɪ n d	w ɪ n d	1	0	vowel_change	reg_d	reg_d
final	k l a ɪ m	k l a ɪ m d	k l a ɪ m d	v æ k j uː m	v æ k j uː m d	v æ k j uː m d	k l a ɪ m d	1	1	reg_d	reg_d	reg_d
final	s t ʌ f	s t ʌ f t	s t ʌ f t	n a ɪ f	n a ɪ f t	n a ɪ f t	s t ʌ f t	1	1	reg_t	reg_t	reg_t
final	s t æ n d	s t ʊ d	s t æ n d ə d	l o ʊ d	l o ʊ d ə d	l o ʊ d ə d	s t æ n d ə d	1	0	rhyme_replaced	reg_əd	reg_əd
final	d a ɪ s	d a ɪ s t	d o ʊ s t	p r ə n a ʊ n s	p r ə n a ʊ n s t	p r ə n a ʊ n s t	d a ɪ s t	0	1	reg_t	vowel_change_suffix	reg_t
final	k o ʊ m	k o ʊ m d	k o ʊ m d	z uː m	z uː m d	z uː m d	k o ʊ m d	1	1	reg_d	reg_d	reg_d
final	ɡ r o ʊ	ɡ r uː	ɡ r o ʊ d	f ɑː l o ʊ	f ɑː l o ʊ d	f ɑː l o ʊ d	ɡ r o ʊ d	1	0	vowel_change	reg_d	reg_d
final	b ʌ t ɹ̩	b ʌ t ɹ̩ d	b ʌ t ɹ̩ d	t iː t ɹ̩	t iː t ɹ̩ d	t iː t ɹ̩ d	b ʌ t ɹ̩ d	1	1	reg_d	reg_d	reg_d
final	ə p s ɛ t	ə p s ɛ t	ə p s ɛ t ə d	p r ə t ɛ k t	p r ə t ɛ k t ə d	p r ə t ɛ k t ə d	ə p s ɛ t ə d	1	0	no_change	reg_əd	reg_əd
final	b ɑː r	b ɑː r d	b ɑː r d	s t ɑː r	s t ɑː r d	s t ɑː r d	b ɑː r d	1	1	reg_d	reg_d	reg_d
final	m ɪ k s	m ɪ k s t	m ɪ k s t	f e ɪ s	f e ɪ s t	f e ɪ s t	m ɪ k s t	1	1	reg_t	reg_t	reg_t
final	l ɹ̩ n	l ɹ̩ n d	l ɹ̩ n d	t ɹ̩ n	t ɹ̩ n d	t ɹ̩ n d	l ɹ̩ n d	1	1	reg_d	reg_d	reg_d
final	r æ t ə l	r æ t ə l d	r æ t ə l d	f j uː ə l	f j uː ə l d	f j uː ə l d	r æ t ə l d	1	1	reg_d	reg_d	reg_d
final	l uː z	l ɔ s t	l uː z d	n o ʊ z	n o ʊ z d	n o ʊ z d	l uː z d	1	0	rhyme_replaced	reg_d	reg_d
final	p ɔ r	p ɔ r d	p ɔ r d	ɪ ɡ n ɔ r	ɪ ɡ n ɔ r d	ɪ ɡ n ɔ r d	p ɔ r d	1	1	reg_d	reg_d	reg_d
final	m æ n	m æ n d	m æ n d	b r a ʊ n	b r a ʊ n d	b r a ʊ n d	m æ n d	1	1	reg_d	reg_d	reg_d
final	m æ t͡ʃ	m æ t͡ʃ t	m æ t͡ʃ t	s n æ t͡ʃ	s n æ t͡ʃ t	s n æ t͡ʃ t	m æ t͡ʃ t	1	1	reg_t	reg_t	reg_t
final	w ɑː n d ɹ̩	w ɑː n d ɹ̩ d	w ɑː n d ɹ̩ d	m ɛ ʒ ɹ̩	m ɛ ʒ ɹ̩ d	m ɛ ʒ ɹ̩ d	w ɑː n d ɹ̩ d	1	1	reg_d	reg_d	reg_d
final	r iː m a ɪ n d	r iː m a ɪ n d ə d	r iː m a ɪ n d ə d	r ɪ s p ɑː n d	r ɪ s p ɑː n d ə d	r ɪ s p ɑː n d ə d	r iː m a ɪ n d ə d	1	1	reg_əd	reg_əd	reg_əd
final	s n ɪ f	s n ɪ f t	s n ɪ f t	n a ɪ f	n a ɪ f t	n a ɪ f t	s n ɪ f t	1	1	reg_t	reg_t	reg_t
final	p iː k	p iː k t	p iː k t	θ ɪ ŋ k	θ ɔ t	θ ɔ t	NA	0	0	reg_t	reg_t	rhyme_replaced
final	p l iː z	p l iː z d	p l iː z d	t iː z	t iː z d	t iː z d	p l iː z d	1	1	reg_d	reg_d	reg_d
final	b e ɪ k	b e ɪ k t	b e ɪ k t	s t æ k	s t æ k t	s t æ k t	b e ɪ k t	1	1	reg_t	reg_t	reg_t
final	r ɪ p	r ɪ p t	r ɪ p t	s t ɛ p	s t ɛ p t	s t ɛ p t	r ɪ p t	1	1	reg_t	reg_t	reg_t
final	t͡ʃ e ɪ n d͡ʒ	t͡ʃ e ɪ n d͡ʒ d	t͡ʃ e ɪ n d͡ʒ d	b r ɪ d͡ʒ	b r ɪ d͡ʒ d	b r ɪ d͡ʒ d	t͡ʃ e ɪ n d͡ʒ d	1	1	reg_d	reg_d	reg_d
final	ɔ r d ɹ̩	ɔ r d ɹ̩ d	ɔ r d ɹ̩ d	f ɪ ŋ ɡ ɹ̩	f ɪ ŋ ɡ ɹ̩ d	f ɪ ŋ ɡ ɹ̩ d	ɔ r d ɹ̩ d	1	1	reg_d	reg_d	reg_d
final	h o ʊ p	h o ʊ p t	h o ʊ p t	s l æ p	s l æ p t	s l æ p t	h o ʊ p t	1	1	reg_t	reg_t	reg_t
final	p ɛ p ɹ̩	p ɛ p ɹ̩ d	p ɛ p ɹ̩ d	f l a ʊ ɹ̩	f l a ʊ ɹ̩ d	f l a ʊ ɹ̩ d	p ɛ p ɹ̩ d	1	1	reg_d	reg_d	reg_d
final	m ʌ n t͡ʃ	m ʌ n t͡ʃ t	m ʌ n t͡ʃ t	m ɑː r t͡ʃ	m ɑː r t͡ʃ t	m ɑː r t͡ʃ t	m ʌ n t͡ʃ t	1	1	reg_t	reg_t	reg_t
final	p l æ s t ɹ̩	p l æ s t ɹ̩ d	p l æ s t ɹ̩ d	w a ɪ ɹ̩	w a ɪ ɹ̩ d	w a ɪ ɹ̩ d	p l æ s t ɹ̩ d	1	1	reg_d	reg_d	reg_d
final	f a ɪ t	f ɔ t	f a ɪ t ə d	r iː p ɔ r t	r iː p ɔ r t ə d	r iː p ɔ r t ə d	f a ɪ t ə d	1	0	vowel_change	reg_əd	reg_əd
final	t r æ k	t r æ k t	t r æ k t	ʃ r ɪ ŋ k	ʃ r æ ŋ k	ʃ r æ ŋ k	NA	0	0	reg_t	reg_t	vowel_change
final	s o ʊ	s o ʊ d	s o ʊ d	f ɑː l o ʊ	f ɑː l o ʊ d	f ɑː l o ʊ d	s o ʊ d	1	1	reg_d	reg_d	reg_d
final	m ɛ l t	m ɛ l t ə d	m ɛ l t ə d	s ə b t r æ k t	s ə b t r æ k t ə d	s ə b t r æ k t ə d	m ɛ l t ə d	1	1	reg_əd	reg_əd	reg_əd
final	ɡ l ʌ v	ɡ l ʌ v d	ɡ l ʌ v d	ʃ e ɪ v	ʃ e ɪ v d	ʃ e ɪ v d	ɡ l ʌ v d	1	1	reg_d	reg_d	reg_d
final	t͡ʃ ɑː r d͡ʒ	t͡ʃ ɑː r d͡ʒ d	t͡ʃ ɑː r d͡ʒ d	m æ n ə d͡ʒ	m æ n ə d͡ʒ d	m æ n ə d͡ʒ d	t͡ʃ ɑː r d͡ʒ d	1	1	reg_d	reg_d	reg_d
final	l ɪ k	l ɪ k t	l ɪ k t	s iː k	s ɔ t	s ɔ t	NA	0	0	reg_t	reg_t	rhyme_replaced
final	d ɪ l ɪ v ɹ̩	d ɪ l ɪ v ɹ̩ d	d ɪ l ɪ v ɹ̩ d	s p l ɪ n t ɹ̩	s p l ɪ n t ɹ̩ d	s p l ɪ n t ɹ̩ d	d ɪ l ɪ v ɹ̩ d	1	1	reg_d	reg_d	reg_d
final	b ʌ m p	b ʌ m p t	b ʌ m p t	p uː p	p uː p t	p uː p t	b ʌ m p t	1	1	reg_t	reg_t	reg_t
final	a ɪ	a ɪ d	a ɪ d	p l e ɪ	p l e ɪ d	p l e ɪ d	a ɪ d	1	1	reg_d	reg_d	reg_d
final	k iː	k iː d	k iː d	f r iː	f r iː d	f r iː d	k iː d	1	1	reg_d	reg_d	reg_d
final	s ɪ z ə l	s ɪ z ə l d	s ɪ z ə l d	s ɪ ɡ n ə l	s ɪ ɡ n ə l d	s ɪ ɡ n ə l d	s ɪ z ə l d	1	1	reg_d	reg_d	reg_d
final	ɪ r e ɪ s	ɪ r e ɪ s t	ɪ r e ɪ s t	r e ɪ s	r e ɪ s t	r e ɪ s t	ɪ r e ɪ s t	1	1	reg_t	reg_t	reg_t
final	s ɹ̩ a ʊ n d	s ɹ̩ a ʊ n d ə d	s ɹ̩ a ʊ n d ə d	p l iː d	p l iː d ə d	p l iː d ə d	s ɹ̩ a ʊ n d ə d	1	1	reg_əd	reg_əd	reg_əd
final	s k ɪ p	s k ɪ p t	s k ɪ p t	s t ɑː p	s t ɑː p t	s t ɑː p t	s k ɪ p t	1	1	reg_t	reg_t	reg_t
final	d ɑː k t ɹ̩	d ɑː k t ɹ̩ d	d ɑː k t ɹ̩ d	ɛ n t ɹ̩	ɛ n t ɹ̩ d	ɛ n t ɹ̩ d	d ɑː k t ɹ̩ d	1	1	reg_d	reg_d	reg_d
final	s e ɪ l	s e ɪ l d	s e ɪ l d	s m ɛ l	s m ɛ l d	s m ɛ l d	s e ɪ l d	1	1	reg_d	reg_d	reg_d
final	ɪ n t ə r ɛ s t	ɪ n t ə r ɛ s t ə d	ɪ n t ə r ɛ s t ə d	t o ʊ s t	t o ʊ s t ə d	t o ʊ s t ə d	ɪ n t ə r ɛ s t ə d	1	1	reg_əd	reg_əd	reg_əd
final	t r e ɪ s	t r e ɪ s t	t r e ɪ s t	s p a ɪ s	s p a ɪ s t	s p a ɪ s t	t r e ɪ s t	1	1	reg_t	reg_t	reg_t
final	a ɪ ɹ̩ n	a ɪ ɹ̩ n d	a ɪ ɹ̩ n d	k w ɛ s t͡ʃ ə n	k w ɛ s t͡ʃ ə n d	k w ɛ s t͡ʃ ə n d	a ɪ ɹ̩ n d	1	1	reg_d	reg_d	reg_d
final	iː v ɪ n	iː v ɪ n d	iː v ɪ n d	d͡ʒ ɔ ɪ n	d͡ʒ ɔ ɪ n d	d͡ʒ ɔ ɪ n d	iː v ɪ n d	1	1	reg_d	reg_d	reg_d
final	k o ʊ k s	k o ʊ k s t	k o ʊ k s t	v ɔ ɪ s	v ɔ ɪ s t	v ɔ ɪ s t	k o ʊ k s t	1	1	reg_t	reg_t	reg_t
final	z ɪ r ɑː k s	z ɪ r ɑː k s t	z ɪ r ɑː k s t	n ɹ̩ s	n ɹ̩ s t	n ɹ̩ s t	z ɪ r ɑː k s t	1	1	reg_t	reg_t	reg_t
final	b ɛ n d	b ɛ n d ə d	b ɛ n t	s k ɪ d	s k ɪ d ə d	s k ɪ d ə d	b ɛ n d ə d	0	1	reg_əd	coda_change	reg_əd
final	p o ʊ z	p o ʊ z d	p o ʊ z d	r ɛ k ə ɡ n a ɪ z	r ɛ k ə ɡ n a ɪ z d	r ɛ k ə ɡ n a ɪ z d	p o ʊ z d	1	1	reg_d	reg_d	reg_d
final	p ɑː k ə t	p ɑː k ə t ə d	p ɑː k ə t ə d	w a ɪ t	w a ɪ t ə d	w a ɪ t ə d	p ɑː k ə t ə d	1	1	reg_əd	reg_əd	reg_əd
final	f r a ɪ	f r a ɪ d	f r a ɪ d	w e ɪ	w e ɪ d	w e ɪ d	f r a ɪ d	1	1	reg_d	reg_d	reg_d
final	h æ n d ə l	h æ n d ə l d	h æ n d ə l d	t a ɪ t ə l	t a ɪ t ə l d	t a ɪ t ə l d	h æ n d ə l d	1	1	reg_d	reg_d	reg_d
final	ə s o ʊ s iː e ɪ t	ə s o ʊ s iː e ɪ t ə d	ə s ʊ s æ k e ɪ t ə d	p l æ n t	p l æ n t ə d	p l æ n t ə d	ə s o ʊ s iː e ɪ t ə d	0	1	reg_əd	other	reg_əd
final	æ k t	æ k t ə d	æ k t ə d	d ɪ l ɪ n iː e ɪ t	d ɪ l ɪ n iː e ɪ t ə d	d ɪ l ɪ n iː e ɪ t ə d	æ k t ə d	1	1	reg_əd	reg_əd	reg_əd
final	r iː m uː v	r iː m uː v d	r iː m uː v d	l a ɪ v	l a ɪ v d	l a ɪ v d	r iː m uː v d	1	1	reg_d	reg_d	reg_d
final	s l o ʊ	s l o ʊ d	s l o ʊ d	v a ʊ	v a ʊ d	v a ʊ d	s l o ʊ d	1	1	reg_d	reg_d	reg_d
final	s t r æ p	s t r æ p t	s t r æ p t	l uː p	l uː p t	l uː p t	s t r æ p t	1	1	reg_t	reg_t	reg_t
final	d r e ɪ n	d r e ɪ n d	d r e ɪ n d	o ʊ p ə n	o ʊ p ə n d	o ʊ p ə n d	d r e ɪ n d	1	1	reg_d	reg_d	reg_d
final	p ɛ ɡ	p ɛ ɡ d	p ɛ ɡ d	d r æ ɡ	d r æ ɡ d	d r æ ɡ d	p ɛ ɡ d	1	1	reg_d	reg_d	reg_d
final	k ə m p l e ɪ n	k ə m p l e ɪ n d	k ə m p l e ɪ n d	t r e ɪ n	t r e ɪ n d	t r e ɪ n d	k ə m p l e ɪ n d	1	1	reg_d	reg_d	reg_d
final	f ɛ n s	f ɛ n s t	f ɛ n s t	m ɛ s	m ɛ s t	m ɛ s t	f ɛ n s t	1	1	reg_t	reg_t	reg_t
final	k r iː e ɪ t	k r iː e ɪ t ə d	k r iː e ɪ t ə d	d ɪ s k ə n ɛ k t	d ɪ s k ə n ɛ k t ə d	d ɪ s k ə n ɛ k t ə d	k r iː e ɪ t ə d	1	1	reg_əd	reg_əd	reg_əd
final	f l ʌ ʃ	f l ʌ ʃ t	f l ʌ ʃ t	t r æ ʃ	t r æ ʃ t	t r æ ʃ t	f l ʌ ʃ t	1	1	reg_t	reg_t	reg_t
final	ɡ ɑː r d	ɡ ɑː r d ə d	ɡ ɑː r d ə d	n ɑː d	n ɑː d ə d	n ɑː d ə d	ɡ ɑː r d ə d	1	1	reg_əd	reg_əd	reg_əd
final	r ɪ ŋ k ə l	r ɪ ŋ k ə l d	r ɪ ŋ k ə l d	s w ɛ l	s w ɛ l d	s w ɛ l d	r ɪ ŋ k ə l d	1	1	reg_d	reg_d	reg_d
final	s w iː p	s w ɛ p t	s w iː p t	s k uː p	s k uː p t	s k uː p t	s w iː p t	1	0	vowel_change_suffix	reg_t	reg_t
final	s k ɛ d͡ʒ ʊ l	s k ɛ d͡ʒ ʊ l d	s k ɛ d͡ʒ ʊ l d	w ɹ̩ l	w ɹ̩ l d	w ɹ̩ l d	s k ɛ d͡ʒ ʊ l d	1	1	reg_d	reg_d	reg_d
final	f ɹ̩ m ɛ n t	f ɹ̩ m ɛ n t ə d	f ɹ̩ m ɛ n t ə d	p ɑː t	p ɑː t ə d	p ɑː t ə d	f ɹ̩ m ɛ n t ə d	1	1	reg_əd	reg_əd	reg_əd
final	p ʌ z ə l	p ʌ z ə l d	p ʌ z ə l d	f ɪ l	f ɪ l d	f ɪ l d	p ʌ z ə l d	1	1	reg_d	reg_d	reg_d
final	k l ɑː b ɹ̩	k l ɑː b ɹ̩ d	k l ɑː b ɹ̩ d	r iː k ə n s ɪ d ɹ̩	r iː k ə n s ɪ d ɹ̩ d	r iː k ə n s ɪ d ɹ̩ d	k l ɑː b ɹ̩ d	1	1	reg_d	reg_d	reg_d
final	d ɪ n a ɪ	d ɪ n a ɪ d	d ɪ n a ɪ d	k r uː s ə f a ɪ	k r uː s ə f a ɪ d	k r uː s ə f a ɪ d	d ɪ n a ɪ d	1	1	reg_d	reg_d	reg_d
final	e ɪ k	e ɪ k t	e ɪ k t	d ʌ ŋ k	d ʌ ŋ k t	d ʌ ŋ k t	e ɪ k t	1	1	reg_t	reg_t	reg_t
final	l iː n	l iː n d	l ɛ n t	f æ s ə n	f æ s ə n d	f æ s ə n d	l iː n d	0	1	reg_d	vowel_change_suffix	reg_d
final	ʃ ɪ v ɹ̩	ʃ ɪ v ɹ̩ d	ʃ ɪ v ɹ̩ d	w a ɪ ɹ̩	w a ɪ ɹ̩ d	w a ɪ ɹ̩ d	ʃ ɪ v ɹ̩ d	1	1	reg_d	reg_d	reg_d
final	f l ʌ d	f l ʌ d ə d	f l ʌ d ə d	s a ɪ d	s a ɪ d ə d	s a ɪ d ə d	f l ʌ d ə d	1	1	reg_əd	reg_əd	reg_əd
final	w ɪ s k	w ɪ s k t	w ɪ s k t	h ʊ k	h ʊ k t	h ʊ k t	w ɪ s k t	1	1	reg_t	reg_t	reg_t
final	k ə n t r o ʊ l	k ə n t r o ʊ l d	k ə n t r o ʊ l d	ɡ ɪ ɡ ə l	ɡ ɪ ɡ ə l d	ɡ ɪ ɡ ə l d	k ə n t r o ʊ l d	1	1	reg_d	reg_d	reg_d
final	b ɑː t ə m	b ɑː t ə m d	b ɑː t ə m d	r a ɪ m	r o ʊ m	r a ɪ m d	NA	0	0	reg_d	reg_d	vowel_change
final	w ɔ r n	w ɔ r n d	w ɔ r n d	j ɔ n	j ɔ n d	j ɔ n d	w ɔ r n d	1	1	reg_d	reg_d	reg_d
final	b ɛ r iː	b ɛ r iː d	b ɛ r iː d	p iː	p iː d	p iː d	b ɛ r iː d	1	1	reg_d	reg_d	reg_d
final	ɔ f ɹ̩	ɔ f ɹ̩ d	ɔ f ɹ̩ d	s ɪ m ɹ̩	s ɪ m ɹ̩ d	s ɪ m ɹ̩ d	ɔ f ɹ̩ d	1	1	reg_d	reg_d	reg_d
final	b ɛ r	b o ʊ r	b ɛ r d	h iː r	h ɹ̩ d	h ɹ̩ d	NA	0	0	vowel_change	reg_d	rhyme_replaced
final	s l ɪ p	s l ɪ p t	s l ɪ p t	d ʌ m p	d ʌ m p t	d ʌ m p t	s l ɪ p t	1	1	reg_t	reg_t	reg_t
final	t͡ʃ iː r	t͡ʃ iː r d	t͡ʃ iː r d	b ɔ r	b ɔ r d	b ɔ r d	t͡ʃ iː r d	1	1	reg_d	reg_d	reg_d
final	r ɪ s k	r ɪ s k t	r ɪ s k t	ə n p æ k	ə n p æ k t	ə n p æ k t	r ɪ s k t	1	1	reg_t	reg_t	reg_t
final	p ɛ t	p ɛ t ə d	p ɛ t	f r ʌ s t r e ɪ t	f r ʌ s t r e ɪ t ə d	f r ʌ s t r e ɪ t ə d	p ɛ t ə d	0	1	reg_əd	no_change	reg_əd
final	t r ʌ s t	t r ʌ s t ə d	t r ʌ s t ə d	l a ɪ t	l a ɪ t ə d	l ɪ t	t r ʌ s t ə d	1	1	reg_əd	reg_əd	reg_əd
final	ɪ n s t r ʌ k t	ɪ n s t r ʌ k t ə d	ɪ n s t r ʌ k t ə d	v o ʊ t	v o ʊ t ə d	v o ʊ t ə d	ɪ n s t r ʌ k t ə d	1	1	reg_əd	reg_əd	reg_əd
final	t͡ʃ ɪ k ə n	t͡ʃ ɪ k ə n d	t͡ʃ ɪ k ə n d	v e ɪ k e ɪ ʃ ə n	v e ɪ k e ɪ ʃ ə n d	v e ɪ k e ɪ ʃ ə n d	t͡ʃ ɪ k ə n d	1	1	reg_d	reg_d	reg_d
final	p r iː p ɛ r	p r iː p ɛ r d	p r iː p ɛ r d	p iː r	p iː r d	p iː r d	p r iː p ɛ r d	1	1	reg_d	reg_d	reg_d
final	h æ m ɹ̩	h æ m ɹ̩ d	h æ m ɹ̩ d	w ɪ s p ɹ̩	w ɪ s p ɹ̩ d	w ɪ s p ɹ̩ d	h æ m ɹ̩ d	1	1	reg_d	reg_d	reg_d
final	s p r ɪ ŋ k ə l	s p r ɪ ŋ k ə l d	s p r æ ŋ k ə l d	r iː s a ɪ k ə l	r iː s a ɪ k ə l d	r iː s a ɪ k ə l d	s p r ɪ ŋ k ə l d	0	1	reg_d	other	reg_d
final	r ɛ s ə l	r ɛ s ə l d	r ɛ s ə l d	s ɪ ɡ n ə l	s ɪ ɡ n ə l d	s ɪ ɡ n ə l d	r ɛ s ə l d	1	1	reg_d	reg_d	reg_d
final	h ɛ m	h ɛ m d	h ɛ m d	n e ɪ m	n e ɪ m d	n e ɪ m d	h ɛ m d	1	1	reg_d	reg_d	reg_d
final	p l æ n	p l æ n d	p l æ n d	b ɹ̩ n	b ɹ̩ n d	b ɹ̩ n d	p l æ n d	1	1	reg_d	reg_d	reg_d
final	s t æ ʃ	s t æ ʃ t	s t æ ʃ t	ɡ ʌ ʃ	ɡ ʌ ʃ t	ɡ ʌ ʃ t	s t æ ʃ t	1	1	reg_t	reg_t	reg_t
final	m ɑː r k	m ɑː r k t	m ɑː r k t	m e ɪ k	m e ɪ d	m e ɪ d	m ɑː r d	0	0	reg_t	reg_t	coda_change
final	k e ɪ v	k e ɪ v d	k e ɪ v d	p r uː v	p r uː v d	p r uː v d	k e ɪ v d	1	1	reg_d	reg_d	reg_d
final	k ɹ̩ l	k ɹ̩ l d	k ɹ̩ l d	d͡ʒ ʌ ɡ ə l	d͡ʒ ʌ ɡ ə l d	d͡ʒ ʌ ɡ ə l d	k ɹ̩ l d	1	1	reg_d	reg_d	reg_d
final	p r e ɪ z	p r e ɪ z d	p r e ɪ z d	m ɛ m ɹ̩ a ɪ z	m ɛ m ɹ̩ a ɪ z d	m ɛ m ɹ̩ a ɪ z d	p r e ɪ z d	1	1	reg_d	reg_d	reg_d
final	d æ m	d æ m d	d æ m d	z uː m	z uː m d	z uː m d	d æ m d	1	1	reg_d	reg_d	reg_d
final	f l ʌ t ɹ̩	f l ʌ t ɹ̩ d	f l ʌ t ɹ̩ d	b ɑː ð ɹ̩	b ɑː ð ɹ̩ d	b ɑː ð ɹ̩ d	f l ʌ t ɹ̩ d	1	1	reg_d	reg_d	reg_d
final	b ɛ l t	b ɛ l t ə d	b ɛ l t ə d	s ɔ l t	s ɔ l t ə d	s ɔ l t ə d	b ɛ l t ə d	1	1	reg_əd	reg_əd	reg_əd
final	b ɔ l	b ɔ l d	b ɔ l d	k ʌ d ə l	k ʌ d ə l d	k ʌ d ə l d	b ɔ l d	1	1	reg_d	reg_d	reg_d
final	s k æ l ə p	s k æ l ə p t	s k æ l ə p t	s ɪ p	s ɪ p t	s ɪ p t	s k æ l ə p t	1	1	reg_t	reg_t	reg_t
final	k ə m p ɛ r	k ə m p ɛ r d	k ə m p ɛ r d	r ɔ r	r ɔ r d	r ɔ r d	k ə m p ɛ r d	1	1	reg_d	reg_d	reg_d
final	b ɔ ɪ l	b ɔ ɪ l d	b ɔ ɪ l d	b a ɪ s ɪ k ə l	b a ɪ s ɪ k ə l d	b a ɪ s ɪ k ə l d	b ɔ ɪ l d	1	1	reg_d	reg_d	reg_d
final	s k æ n	s k æ n d	s k æ n d	d ɪ t ɹ̩ m ə n	d ɪ t ɹ̩ m ə n d	d ɪ t ɹ̩ m ə n d	s k æ n d	1	1	reg_d	reg_d	reg_d
final	r ɛ k ə m ɛ n d	r ɛ k ə m ɛ n d ə d	r ɛ k ə m ɛ n d	ɪ k s p æ n d	ɪ k s p æ n d ə d	ɪ k s p æ n d ə d	r ɛ k ə m ɛ n d ə d	0	1	reg_əd	no_change	reg_əd
final	t o ʊ	t o ʊ d	t o ʊ d	s w ɑː l o ʊ	s w ɑː l o ʊ d	s w ɑː l o ʊ d	t o ʊ d	1	1	reg_d	reg_d	reg_d
final	s t r ɛ s	s t r ɛ s t	s t r ɛ s t	m ɪ s	m ɪ s t	m ɪ s t	s t r ɛ s t	1	1	reg_t	reg_t	reg_t
final	b æ n d	b æ n d ə d	b æ n d ə d	r iː b a ʊ n d	r iː b a ʊ n d ə d	r iː b a ʊ n d ə d	b æ n d ə d	1	1	reg_əd	reg_əd	reg_əd
final	b o ʊ s t	b o ʊ s t ə d	b o ʊ s t ə d	s ə p ɔ r t	s ə p ɔ r t ə d	s ə p ɔ r t ə d	b o ʊ s t ə d	1	1	reg_əd	reg_əd	reg_əd
final	r ɛ s k j uː	r ɛ s k j uː d	r ɛ s k j uː d	ʃ æ m p uː	ʃ æ m p uː d	ʃ æ m p uː d	r ɛ s k j uː d	1	1	reg_d	reg_d	reg_d
final	b ʌ s	b ʌ s t	b ʌ s t	a ɪ s	a ɪ s t	a ɪ s t	b ʌ s t	1	1	reg_t	reg_t	reg_t
final	m ɑː r	m ɑː r d	m ɑː r d	b ɔ r	b ɔ r d	b ɔ r d	m ɑː r d	1	1	reg_d	reg_d	reg_d
final	t ʌ m b ə l	t ʌ m b ə l d	t ʌ m b ə l d	b a ɪ s ɪ k ə l	b a ɪ s ɪ k ə l d	b a ɪ s ɪ k ə l d	t ʌ m b ə l d	1	1	reg_d	reg_d	reg_d
final	d ɪ s t r ɔ ɪ	d ɪ s t r ɔ ɪ d	d ɪ s t r ɔ r d	ə p l a ɪ	ə p l a ɪ d	ə p l a ɪ d	d ɪ s t r ɔ ɪ d	0	1	reg_d	rhyme_replaced	reg_d
final	w æ ɡ	w æ ɡ d	w æ ɡ d	k æ t ə l ɔ ɡ	k æ t ə l ɔ ɡ d	k æ t ə l ɔ ɡ d	w æ ɡ d	1	1	reg_d	reg_d	reg_d
final	p a ʊ ɹ̩	p a ʊ ɹ̩ d	p a ʊ ɹ̩ d	k l ʌ t ɹ̩	k l ʌ t ɹ̩ d	k l ʌ t ɹ̩ d	p a ʊ ɹ̩ d	1	1	reg_d	reg_d	reg_d
final	b l iː t͡ʃ	b l iː t͡ʃ t	b l ɛ t͡ʃ t	m ɑː r t͡ʃ	m ɑː r t͡ʃ t	m ɑː r t͡ʃ t	b l iː t͡ʃ t	0	1	reg_t	vowel_change_suffix	reg_t
final	t æ ŋ ɡ ə l	t æ ŋ ɡ ə l d	t æ ŋ ɡ ə l d	s t ɑː r t ə l	s t ɑː r t ə l d	s t ɑː r t ə l d	t æ ŋ ɡ ə l d	1	1	reg_d	reg_d	reg_d
final	n ɔ	n ɔ d	n ɔ d	s iː s ɔ	s iː s ɔ d	s iː s ɔ d	n ɔ d	1	1	reg_d	reg_d	reg_d
final	r o ʊ m	r o ʊ m d	r o ʊ m d	t r æ n s f ɔ r m	t r æ n s f ɔ r m d	t r æ n s f ɔ r m d	r o ʊ m d	1	1	reg_d	reg_d	reg_d
final	b l ɪ ŋ k	b l ɪ ŋ k t	b l æ ŋ k	ʃ r ɪ ŋ k	ʃ r æ ŋ k	ʃ r æ ŋ k	b l æ ŋ k	1	0	reg_t	vowel_change	vowel_change
final	t w ɹ̩ l	t w ɹ̩ l d	t w ɹ̩ l d	k r ʌ m b ə l	k r ʌ m b ə l d	k r ʌ m b ə l d	t w ɹ̩ l d	1	1	reg_d	reg_d	reg_d
final	ə n b ʌ t ə n	ə n b ʌ t ə n d	ə n b ʌ t ə n d	b r a ʊ n	b r a ʊ n d	b r a ʊ n d	ə n b ʌ t ə n d	1	1	reg_d	reg_d	reg_d
final	θ r ɛ t ə n	θ r ɛ t ə n d	θ r ɛ t ə n d	ɪ m æ d͡ʒ ə n	ɪ m æ d͡ʒ ə n d	ɪ m æ d͡ʒ ə n d	θ r ɛ t ə n d	1	1	reg_d	reg_d	reg_d
final	b ɛ l o ʊ	b ɛ l o ʊ d	b ɛ l o ʊ d	r o ʊ	r o ʊ d	r o ʊ d	b ɛ l o ʊ d	1	1	reg_d	reg_d	reg_d
final	s p ɛ ʃ ə l a ɪ z	s p ɛ ʃ ə l a ɪ z d	s p ɛ ʃ ə l a ɪ z d	m ɛ m ɹ̩ a ɪ z	m ɛ m ɹ̩ a ɪ z d	m ɛ m ɹ̩ a ɪ z d	s p ɛ ʃ ə l a ɪ z d	1	1	reg_d	reg_d	reg_d
final	ɪ n ɪ ʃ iː e ɪ t	ɪ n ɪ ʃ iː e ɪ t ə d	ɪ n ɪ ʃ ɪ e ɪ t ə d	l æ m ə n e ɪ t	l æ m ə n e ɪ t ə d	l æ m ə n e ɪ t ə d	ɪ n ɪ ʃ iː e ɪ t ə d	0	1	reg_əd	other	reg_əd
final	p iː p	p iː p t	p iː p t	t r ɪ p	t r ɪ p t	t r ɪ p t	p iː p t	1	1	reg_t	reg_t	reg_t
final	ʃ ʌ f ə l	ʃ ʌ f ə l d	ʃ ʌ f ə l d	k ʌ p ə l	k ʌ p ə l d	k ʌ p ə l d	ʃ ʌ f ə l d	1	1	reg_d	reg_d	reg_d
final	ɪ n f l uː ə n s	ɪ n f l uː ə n s t	ɪ n f l uː n ə n d	d ɪ s k ʌ s	d ɪ s k ʌ s t	d ɪ s k ʌ s t	ɪ n f l uː ə n s t	0	1	reg_t	other	reg_t
final	d a ʊ n	d a ʊ n d	d a ʊ n d	f r a ʊ n	f r a ʊ n d	f r a ʊ n d	d a ʊ n d	1	1	reg_d	reg_d	reg_d
final	d ɪ v ɛ l ə p	d ɪ v ɛ l ə p t	d ɪ v ɛ l ə p ə d	z æ p	z æ p t	z æ p t	d ɪ v ɛ l ə p t	0	1	reg_t	reg_əd	reg_t
final	s p e ɪ	s p e ɪ d	s p e ɪ d	k r a ɪ	k r a ɪ d	k r a ɪ d	s p e ɪ d	1	1	reg_d	reg_d	reg_d
final	r iː p l e ɪ s	r iː p l e ɪ s t	r iː p l e ɪ s t	d ɪ s k ʌ s	d ɪ s k ʌ s t	d ɪ s k ʌ s t	r iː p l e ɪ s t	1	1	reg_t	reg_t	reg_t
final	s p ɔ ɪ l	s p ɔ ɪ l d	s p ɔ ɪ l d	p iː l	p iː l d	p iː l d	s p ɔ ɪ l d	1	1	reg_d	reg_d	reg_d
final	l e ɪ b ə l	l e ɪ b ə l d	l e ɪ b ə l d	s k uː l	s k uː l d	s k uː l d	l e ɪ b ə l d	1	1	reg_d	reg_d	reg_d
final	d r ɪ b ə l	d r ɪ b ə l d	d r ɪ b ə l d	ɪ n h e ɪ l	ɪ n h e ɪ l d	ɪ n h e ɪ l d	d r ɪ b ə l d	1	1	reg_d	reg_d	reg_d
final	t͡ʃ æ n ə l	t͡ʃ æ n ə l d	t͡ʃ æ n ə l d	p ɛ d ə l	p ɛ d ə l d	p ɛ d ə l d	t͡ʃ æ n ə l d	1	1	reg_d	reg_d	reg_d
final	ɪ m p r uː v	ɪ m p r uː v d	ɪ m p r uː v d	w iː v	w iː v d	w iː v d	ɪ m p r uː v d	1	1	reg_d	reg_d	reg_d
final	p r e ɪ	p r e ɪ d	p r e ɪ d	k r a ɪ	k r a ɪ d	k r a ɪ d	p r e ɪ d	1	1	reg_d	reg_d	reg_d
final	w ɛ t	w ɛ t	w ɛ t	d ɑː t	d ɑː t ə d	d ɑː t ə d	w ɛ t ə d	0	0	no_change	no_change	reg_əd
final	s t r e ɪ n	s t r e ɪ n d	s t r e ɪ n d	o ʊ p ə n	o ʊ p ə n d	o ʊ p ə n d	s t r e ɪ n d	1	1	reg_d	reg_d	reg_d
final	m ɑː r b ə l	m ɑː r b ə l d	m ɑː r b ə l d	t r æ v ə l	t r æ v ə l d	t r æ v ə l d	m ɑː r b ə l d	1	1	reg_d	reg_d	reg_d
final	ʃ ɛ l	ʃ ɛ l d	ʃ o ʊ l d	f j uː ə l	f j uː ə l d	f j uː ə l d	ʃ ɛ l d	0	1	reg_d	vowel_change_suffix	reg_d
final	k o ʊ ɑː p ɹ̩ e ɪ t	k o ʊ ɑː p ɹ̩ e ɪ t ə d	k o ʊ ɑː p ɹ̩ e ɪ t ə d	a ʊ t f ɪ t	a ʊ t f ɪ t ə d	a ʊ t f ɪ t ə d	k o ʊ ɑː p ɹ̩ e ɪ t ə d	1	1	reg_əd	reg_əd	reg_əd
final	ɡ r e ɪ t	ɡ r e ɪ t ə d	ɡ r e ɪ t ə d	ɪ k w e ɪ t	ɪ k w e ɪ t ə d	ɪ k w e ɪ t ə d	ɡ r e ɪ t ə d	1	1	reg_əd	reg_əd	reg_əd
final	f ɔ r m j ə l e ɪ t	f ɔ r m j ə l e ɪ t ə d	f ɔ r b ə l j ə l e ɪ t ə d	s m ɑː r t	s m ɑː r t ə d	s m ɑː r t ə d	f ɔ r m j ə l e ɪ t ə d	0	1	reg_əd	other	reg_əd
final	k æ n s ə l	k æ n s ə l d	k æ n s ə l d	s ɹ̩ k ə l	s ɹ̩ k ə l d	s ɹ̩ k ə l d	k æ n s ə l d	1	1	reg_d	reg_d	reg_d
final	d ɪ s k ʌ v ɹ̩	d ɪ s k ʌ v ɹ̩ d	d ɪ s k ʌ v ɹ̩ d	p æ m p ɹ̩	p æ m p ɹ̩ d	p æ m p ɹ̩ d	d ɪ s k ʌ v ɹ̩ d	1	1	reg_d	reg_d	reg_d
final	ə m e ɪ z	ə m e ɪ z d	ə m e ɪ z d	s a ɪ z	s a ɪ z d	s a ɪ z d	ə m e ɪ z d	1	1	reg_d	reg_d	reg_d
final	f æ n s iː	f æ n s iː d	f æ n s iː d	b ɪ z iː	b ɪ z iː d	b ɪ z iː d	f æ n s iː d	1	1	reg_d	reg_d	reg_d
final	æ n ə l a ɪ z	æ n ə l a ɪ z d	æ n ə l a ɪ z d	s ɹ̩ p r a ɪ z	s ɹ̩ p r a ɪ z d	s ɹ̩ p r a ɪ z d	æ n ə l a ɪ z d	1	1	reg_d	reg_d	reg_d
final	t e ɪ l ɹ̩	t e ɪ l ɹ̩ d	t e ɪ l ɹ̩ d	r iː k w a ɪ ɹ̩	r iː k w a ɪ ɹ̩ d	r iː k w a ɪ ɹ̩ d	t e ɪ l ɹ̩ d	1	1	reg_d	reg_d	reg_d
final	p ɑː r t͡ʃ	p ɑː r t͡ʃ t	p ɑː r t͡ʃ t	s w ɪ t͡ʃ	s w ɪ t͡ʃ t	s w ɪ t͡ʃ t	p ɑː r t͡ʃ t	1	1	reg_t	reg_t	reg_t
final	b ɪ d	b e ɪ d	b ɪ d ə d	d ɪ s a ɪ d	d ɪ s a ɪ d ə d	d ɪ s a ɪ d ə d	b ɪ d ə d	1	0	vowel_change	reg_əd	reg_əd
final	s o ʊ k	s o ʊ k t	s o ʊ k t	ʃ r ɪ ŋ k	ʃ r æ ŋ k	ʃ r æ ŋ k	NA	0	0	reg_t	reg_t	vowel_change
final	s uː	s uː d	s uː d	ɑː r ɡ j uː	ɑː r ɡ j uː d	ɑː r ɡ j uː d	s uː d	1	1	reg_d	reg_d	reg_d
final	f æ n	f æ n d	f æ n d	f l æ t ə n	f l æ t ə n d	f l æ t ə n d	f æ n d	1	1	reg_d	reg_d	reg_d
final	f r ɛ k ə l	f r ɛ k ə l d	f r ɛ k ə l d	w ɑː f ə l	w ɑː f ə l d	w ɑː f ə l d	f r ɛ k ə l d	1	1	reg_d	reg_d	reg_d
final	ə n d uː	ə n d ɪ d	ə n d uː d	h j uː	h j uː	h j uː	ə n d uː	0	0	vowel_change_suffix	reg_d	no_change
final	θ ʌ m p	θ ʌ m p t	θ ʌ m p t	t͡ʃ ɪ p	t͡ʃ ɪ p t	t͡ʃ ɪ p t	θ ʌ m p t	1	1	reg_t	reg_t	reg_t
final	w ɑː b ə l	w ɑː b ə l d	w ɑː b ə l d	r ɪ k ɔ l	r ɪ k ɔ l d	r ɪ k ɔ l d	w ɑː b ə l d	1	1	reg_d	reg_d	reg_d
final	ɡ r ɪ l	ɡ r ɪ l d	ɡ r ɪ l d	b ʌ k ə l	b ʌ k ə l d	b ʌ k ə l d	ɡ r ɪ l d	1	1	reg_d	reg_d	reg_d
final	ə s uː m	ə s uː m d	ə s uː m d	b ɑː m	b ɑː m d	b ɑː m d	ə s uː m d	1	1	reg_d	reg_d	reg_d
final	z ɪ ɡ z æ ɡ	z ɪ ɡ z æ ɡ d	z ɪ ɡ z æ ɡ d	l ɔ ɡ	l ɔ ɡ d	l ɔ ɡ d	z ɪ ɡ z æ ɡ d	1	1	reg_d	reg_d	reg_d
final	p ɛ r ə ʃ uː t	p ɛ r ə ʃ uː t ə d	p ɛ r ə ʃ ə t ə d	t ɪ l t	t ɪ l t ə d	t ɪ l t ə d	p ɛ r ə ʃ uː t ə d	0	1	reg_əd	other	reg_əd
final	ɛ ɡ	ɛ ɡ d	ɛ ɡ d	n æ ɡ	n æ ɡ d	n æ ɡ d	ɛ ɡ d	1	1	reg_d	reg_d	reg_d
final	l o ʊ k e ɪ t	l o ʊ k e ɪ t ə d	l o ʊ k e ɪ t ə d	k ə m j uː n ə k e ɪ t	k ə m j uː n ə k e ɪ t ə d	k ə m j uː n ə k e ɪ t ə d	l o ʊ k e ɪ t ə d	1	1	reg_əd	reg_əd	reg_əd
final	n e ɪ l	n e ɪ l d	n e ɪ l d	p a ɪ l	p a ɪ l d	p a ɪ l d	n e ɪ l d	1	1	reg_d	reg_d	reg_d
final	f a ɪ n	f a ɪ n d	f a ɪ n d	p ɛ n	p ɛ n d	p ɛ n d	f a ɪ n d	1	1	reg_d	reg_d	reg_d
final	ʃ r ɪ v ə l	ʃ r ɪ v ə l d	ʃ r ɪ v ə l d	p a ɪ l	p a ɪ l d	p a ɪ l d	ʃ r ɪ v ə l d	1	1	reg_d	reg_d	reg_d
final	t͡ʃ a ɪ m	t͡ʃ a ɪ m d	t͡ʃ a ɪ m d	f ɔ r m	f ɔ r m d	f ɔ r m d	t͡ʃ a ɪ m d	1	1	reg_d	reg_d	reg_d
final	ɪ v æ p ɹ̩ e ɪ t	ɪ v æ p ɹ̩ e ɪ t ə d	ɪ v æ p ɹ̩ e ɪ t ə d	m ɑː r k ə t	m ɑː r k ə t ə d	m ɑː r k ə t ə d	ɪ v æ p ɹ̩ e ɪ t ə d	1	1	reg_əd	reg_əd	reg_əd
final	ɑː k j ə p a ɪ	ɑː k j ə p a ɪ d	ɑː k j ə p a ɪ d	w e ɪ	w e ɪ d	w e ɪ d	ɑː k j ə p a ɪ d	1	1	reg_d	reg_d	reg_d
final	k l ɑː ɡ	k l ɑː ɡ d	k l ɑː ɡ d	s n æ ɡ	s n æ ɡ d	s n æ ɡ d	k l ɑː ɡ d	1	1	reg_d	reg_d	reg_d
final	m æ p	m æ p t	m æ p t	s n æ p	s n æ p t	s n æ p t	m æ p t	1	1	reg_t	reg_t	reg_t
final	ɡ e ɪ z	ɡ e ɪ z d	ɡ e ɪ z d	h a ʊ z	h a ʊ z d	h a ʊ z d	ɡ e ɪ z d	1	1	reg_d	reg_d	reg_d
final	s k æ t ɹ̩	s k æ t ɹ̩ d	s k æ t ɹ̩ d	w ɔ t ɹ̩	w ɔ t ɹ̩ d	w ɔ t ɹ̩ d	s k æ t ɹ̩ d	1	1	reg_d	reg_d	reg_d
final	s n ɑː r ə l	s n ɑː r ə l d	s n ɑː r ə l d	s t ɪ l	s t ɪ l d	s t ɪ l d	s n ɑː r ə l d	1	1	reg_d	reg_d	reg_d
final	f l e ɪ v ɹ̩	f l e ɪ v ɹ̩ d	f l e ɪ v ɹ̩ d	h ɛ d k w ɔ r t ɹ̩	h ɛ d k w ɔ r t ɹ̩ d	h ɛ d k w ɔ r t ɹ̩ d	f l e ɪ v ɹ̩ d	1	1	reg_d	reg_d	reg_d
final	ɪ d͡ʒ ɛ k t	ɪ d͡ʒ ɛ k t ə d	ɪ d͡ʒ ɛ k t ə d	æ k s ɛ n t	æ k s ɛ n t ə d	æ k s ɛ n t ə d	ɪ d͡ʒ ɛ k t ə d	1	1	reg_əd	reg_əd	reg_əd
final	r iː æ k t	r iː æ k t ə d	r iː æ k t ə d	b l æ s t	b l æ s t ə d	b l æ s t ə d	r iː æ k t ə d	1	1	reg_əd	reg_əd	reg_əd
final	s t e ɪ p ə l	s t e ɪ p ə l d	s t e ɪ p ə l d	b ʌ k ə l	b ʌ k ə l d	b ʌ k ə l d	s t e ɪ p ə l d	1	1	reg_d	reg_d	reg_d
final	ɪ k s p l o ʊ d	ɪ k s p l o ʊ d ə d	ɪ k s p l o ʊ d	s a ɪ d	s a ɪ d ə d	s a ɪ d ə d	ɪ k s p l o ʊ d ə d	0	1	reg_əd	no_change	reg_əd
final	r ɪ z ɛ m b ə l	r ɪ z ɛ m b ə l d	r ɪ z ɛ m b ə l d	r iː f ɪ l	r iː f ɪ l d	r iː f ɪ l d	r ɪ z ɛ m b ə l d	1	1	reg_d	reg_d	reg_d
final	s w ɪ v ə l	s w ɪ v ə l d	s w ɪ v ə l d	s ɪ ɡ n ə l	s ɪ ɡ n ə l d	s ɪ ɡ n ə l d	s w ɪ v ə l d	1	1	reg_d	reg_d	reg_d
final	w æ k s	w æ k s t	w æ k s t	t͡ʃ e ɪ s	t͡ʃ e ɪ s t	t͡ʃ e ɪ s t	w æ k s t	1	1	reg_t	reg_t	reg_t
final	s k r a ʊ n d͡ʒ	s k r a ʊ n d͡ʒ d	s k r a ʊ n d͡ʒ d	t͡ʃ æ l ə n d͡ʒ	t͡ʃ æ l ə n d͡ʒ d	t͡ʃ æ l ə n d͡ʒ d	s k r a ʊ n d͡ʒ d	1	1	reg_d	reg_d	reg_d
final	ɔ r ɡ ə n a ɪ z	ɔ r ɡ ə n a ɪ z d	ɔ r ɡ ə n a ɪ z d	s iː z	s iː z d	s iː z d	ɔ r ɡ ə n a ɪ z d	1	1	reg_d	reg_d	reg_d
final	d ɪ z a ɪ n	d ɪ z a ɪ n d	d ɪ z a ɪ n d	r iː s t r e ɪ n	r iː s t r e ɪ n d	r iː s t r e ɪ n d	d ɪ z a ɪ n d	1	1	reg_d	reg_d	reg_d
majority	s e ɪ	s ɛ d	s e ɪ d	m o ʊ n	m o ʊ n d	m o ʊ n d	s e ɪ d	1	0	vowel_change_suffix	reg_d	reg_d
majority	ɡ o ʊ	w ɛ n t	ɡ o ʊ d	p iː	p iː d	p iː d	ɡ o ʊ d	1	0	other	reg_d	reg_d
majority	h æ p ə n	h æ p ə n d	h æ p ə n d	ɪ k s k l e ɪ m	ɪ k s k l e ɪ m d	ɪ k s k l e ɪ m d	h æ p ə n d	1	1	reg_d	reg_d	reg_d
majority	k æ t͡ʃ	k ɔ t	k æ t͡ʃ t	p a ʊ d ɹ̩	p a ʊ d ɹ̩ d	p a ʊ d ɹ̩ d	k æ t͡ʃ d	0	0	rhyme_replaced	reg_t	reg_d
majority	l ʌ v	l ʌ v d	l ʌ v d	r iː f ɪ l	r iː f ɪ l d	r iː f ɪ l d	l ʌ v d	1	1	reg_d	reg_d	reg_d
majority	w ɹ̩ k	w ɹ̩ k t	w ɹ̩ k t	ɡ l a ʊ ɹ̩	ɡ l a ʊ ɹ̩ d	ɡ l a ʊ ɹ̩ d	w ɹ̩ k d	0	0	reg_t	reg_t	reg_d
majority	k ʌ t	k ʌ t	k e ɪ t	t a ɪ l	t a ɪ l d	t a ɪ l d	k ʌ t d	0	0	no_change	vowel_change	reg_d
majority	n iː d	n iː d ə d	n iː d ə d	s iː l	s iː l d	s iː l d	n iː d d	0	0	reg_əd	reg_əd	reg_d
majority	z ɪ p ɹ̩	z ɪ p ɹ̩ d	z ɪ p ɹ̩ d	m ɹ̩ d ɹ̩	m ɹ̩ d ɹ̩ d	m ɹ̩ d ɹ̩ d	z ɪ p ɹ̩ d	1	1	reg_d	reg_d	reg_d
majority	b a ɪ	b ɔ t	b a ɪ d	b ɪ h e ɪ v	b ɪ h e ɪ v d	b ɪ h e ɪ v d	b a ɪ d	1	0	vowel_change_suffix	reg_d	reg_d
majority	m iː t	m ɛ t	m iː t ə d	b ɪ l ɔ ŋ	b ɪ l ɔ ŋ d	b ɪ l ɔ ŋ d	m iː t d	0	0	vowel_change	reg_əd	reg_d
majority	m e ɪ l	m e ɪ l d	m e ɪ l d	t a ɪ l	t a ɪ l d	t a ɪ l d	m e ɪ l d	1	1	reg_d	reg_d	reg_d
majority	t iː t͡ʃ	t ɔ t	t iː t͡ʃ t	s k ɔ r	s k ɔ r d	s k ɔ r d	t iː t͡ʃ d	0	0	rhyme_replaced	reg_t	reg_d
majority	s p ɛ n d	s p ɛ n t	s p ɛ n d ə d	s ɹ̩ v e ɪ	s ɹ̩ v e ɪ d	s ɹ̩ v e ɪ d	s p ɛ n d d	0	0	coda_change	reg_əd	reg_d
majority	h æ n d	h æ n d ə d	h æ n d ə d	r iː k ə n s ɪ d ɹ̩	r iː k ə n s ɪ d ɹ̩ d	r iː k ə n s ɪ d ɹ̩ d	h æ n d d	0	0	reg_əd	reg_əd	reg_d
majority	m ɛ r iː	m ɛ r iː d	m ɛ r iː d	t r ɪ ɡ ɹ̩	t r ɪ ɡ ɹ̩ d	t r ɪ ɡ ɹ̩ d	m ɛ r iː d	1	1	reg_d	reg_d	reg_d
majority	r ɛ d iː	r ɛ d iː d	r ɛ d iː d	ʃ o ʊ	ʃ o ʊ d	ʃ o ʊ d	r ɛ d iː d	1	1	reg_d	reg_d	reg_d
majority	f l o ʊ t	f l o ʊ t ə d	f l o ʊ t ə d	s w ɛ l	s w ɛ l d	s w ɛ l d	f l o ʊ t d	0	0	reg_əd	reg_əd	reg_d
majority	s k w ɹ̩ t	s k w ɹ̩ t ə d	s k w ɹ̩ t ə d	d ɔ ɡ	d ɔ ɡ d	d ɔ ɡ d	s k w ɹ̩ t d	0	0	reg_əd	reg_əd	reg_d
majority	w ɔ k	w ɔ k t	w ɔ k t	f l a ʊ n d ɹ̩	f l a ʊ n d ɹ̩ d	f l a ʊ n d ɹ̩ d	w ɔ k d	0	0	reg_t	reg_t	reg_d
majority	f ɪ k s	f ɪ k s t	f ɪ k s t	θ ʌ m	θ ʌ m d	θ ʌ m d	f ɪ k s d	0	0	reg_t	reg_t	reg_d
majority	p r æ k t ɪ s	p r æ k t ɪ s t	p r æ k t ɪ s t	k ə n f j uː z	k ə n f j uː z d	k ə n f j uː z d	p r æ k t ɪ s d	0	0	reg_t	reg_t	reg_d
majority	k iː p	k ɛ p t	k iː p t	h ɔ l	h ɔ l d	h ɔ l d	k iː p d	0	0	vowel_change_suffix	reg_t	reg_d
majority	n ɪ b ə l	n ɪ b ə l d	n ɪ b ə l d	r ə s iː v	r ə s iː v d	r ə s iː v d	n ɪ b ə l d	1	1	reg_d	reg_d	reg_d
majority	w uː	w uː d	w uː d	s iː m	s iː m d	s iː m d	w uː d	1	1	reg_d	reg_d	reg_d
majority	k ɪ l	k ɪ l d	k ɪ l d	r iː z ə n	r iː z ə n d	r iː z ə n d	k ɪ l d	1	1	reg_d	reg_d	reg_d
majority	k æ r iː	k æ r iː d	k æ r iː d	r iː k ə n s ɪ d ɹ̩	r iː k ə n s ɪ d ɹ̩ d	r iː k ə n s ɪ d ɹ̩ d	k æ r iː d	1	1	reg_d	reg_d	reg_d
majority	ɹ̩ n	ɹ̩ n d	ɹ̩ n d	s k r ɪ b ə l	s k r ɪ b ə l d	s k r ɪ b ə l d	ɹ̩ n d	1	1	reg_d	reg_d	reg_d
majority	k ə l ɛ k t	k ə l ɛ k t ə d	k ə l ɛ k t ə d	ə n p l ʌ ɡ	ə n p l ʌ ɡ d	ə n p l ʌ ɡ d	k ə l ɛ k t d	0	0	reg_əd	reg_əd	reg_d
majority	d æ n s	d æ n s t	d æ n s t	v æ k j uː m	v æ k j uː m d	v æ k j uː m d	d æ n s d	0	0	reg_t	reg_t	reg_d
majority	d r ɔ	d r uː	d r ɔ d	b ɪ z iː	b ɪ z iː d	b ɪ z iː d	d r ɔ d	1	0	vowel_change	reg_d	reg_d
majority	p r a ɪ	p r a ɪ d	p r a ɪ d	d r iː m	d r iː m d	d r iː m d	p r a ɪ d	1	1	reg_d	reg_d	reg_d
majority	ɪ n v a ɪ t	ɪ n v a ɪ t ə d	ɪ n v a ɪ t ə d	ʃ ɛ r	ʃ ɛ r d	ʃ ɛ r d	ɪ n v a ɪ t d	0	0	reg_əd	reg_əd	reg_d
majority	r iː ə l a ɪ z	r iː ə l a ɪ z d	r iː ə l a ɪ z d	b e ɪ ð	b e ɪ ð d	b e ɪ ð d	r iː ə l a ɪ z d	1	1	reg_d	reg_d	reg_d
majority	d r ɛ s	d r ɛ s t	d r ɛ s t	r e ɪ n	r e ɪ n d	r e ɪ n d	d r ɛ s d	0	0	reg_t	reg_t	reg_d
majority	t r æ n z m ɪ t	t r æ n z m ɪ t ə d	t r æ n m e ɪ t ə d	d ɪ ɡ	d ɪ ɡ d	d ʌ ɡ	t r æ n z m ɪ t d	0	0	reg_əd	other	reg_d
majority	ʃ uː	ʃ uː d	ʃ uː	o ʊ b e ɪ	o ʊ b e ɪ d	o ʊ b e ɪ d	ʃ uː d	0	1	reg_d	no_change	reg_d
majority	p iː s	p iː s t	p iː s t	b æ n d ɪ d͡ʒ	b æ n d ɪ d͡ʒ d	b æ n d ɪ d͡ʒ d	p iː s d	0	0	reg_t	reg_t	reg_d
majority	d ɛ r	d ɛ r d	d ɛ r d	r ɔ r	r ɔ r d	r ɔ r d	d ɛ r d	1	1	reg_d	reg_d	reg_d
majority	b ɪ l d	b ɪ l t	b ɪ l d ə d	s w ɑː l o ʊ	s w ɑː l o ʊ d	s w ɑː l o ʊ d	b ɪ l d d	0	0	coda_change	reg_əd	reg_d
majority	w ɪ n	w ʌ n	w ɪ n d	b a ʊ	b a ʊ d	b a ʊ d	w ɪ n d	1	0	vowel_change	reg_d	reg_d
majority	k l a ɪ m	k l a ɪ m d	k l a ɪ m d	b a ʊ	b a ʊ d	b a ʊ d	k l a ɪ m d	1	1	reg_d	reg_d	reg_d
majority	s t ʌ f	s t ʌ f t	s t ʌ f t	uː z	uː z d	uː z d	s t ʌ f d	0	0	reg_t	reg_t	reg_d
majority	s t æ n d	s t ʊ d	s t æ n d ə d	w ɹ̩ iː	w ɹ̩ iː d	w ɹ̩ iː d	s t æ n d d	0	0	rhyme_replaced	reg_əd	reg_d
majority	d a ɪ s	d a ɪ s t	d o ʊ s t	w ɔ t ɹ̩	w ɔ t ɹ̩ d	w ɔ t ɹ̩ d	d a ɪ s d	0	0	reg_t	vowel_change_suffix	reg_d
majority	k o ʊ m	k o ʊ m d	k o ʊ m d	p l e ɪ	p l e ɪ d	p l e ɪ d	k o ʊ m d	1	1	reg_d	reg_d	reg_d
majority	ɡ r o ʊ	ɡ r uː	ɡ r o ʊ d	p ʊ l	p ʊ l d	p ʊ l d	ɡ r o ʊ d	1	0	vowel_change	reg_d	reg_d
majority	b ʌ t ɹ̩	b ʌ t ɹ̩ d	b ʌ t ɹ̩ d	d a ɪ ə l	d a ɪ ə l d	d a ɪ ə l d	b ʌ t ɹ̩ d	1	1	reg_d	reg_d	reg_d
majority	ə p s ɛ t	ə p s ɛ t	ə p s ɛ t ə d	b r e ɪ v	b r e ɪ v d	b r e ɪ v d	ə p s ɛ t d	0	0	no_change	reg_əd	reg_d
majority	b ɑː r	b ɑː r d	b ɑː r d	v æ k j uː m	v æ k j uː m d	v æ k j uː m d	b ɑː r d	1	1	reg_d	reg_d	reg_d
majority	m ɪ k s	m ɪ k s t	m ɪ k s t	s p ɛ l	s p ɛ l d	s p ɛ l d	m ɪ k s d	0	0	reg_t	reg_t	reg_d
majority	l ɹ̩ n	l ɹ̩ n d	l ɹ̩ n d	f e ɪ l	f e ɪ l d	f e ɪ l d	l ɹ̩ n d	1	1	reg_d	reg_d	reg_d
majority	r æ t ə l	r æ t ə l d	r æ t ə l d	s k r uː	s k r uː d	s k r uː d	r æ t ə l d	1	1	reg_d	reg_d	reg_d
majority	l uː z	l ɔ s t	l uː z d	f ɪ ŋ ɡ ɹ̩	f ɪ ŋ ɡ ɹ̩ d	f ɪ ŋ ɡ ɹ̩ d	l uː z d	1	0	rhyme_replaced	reg_d	reg_d
majority	p ɔ r	p ɔ r d	p ɔ r d	t r e ɪ n	t r e ɪ n d	t r e ɪ n d	p ɔ r d	1	1	reg_d	reg_d	reg_d
majority	m æ n	m æ n d	m æ n d	ə ɡ r iː	ə ɡ r iː d	ə ɡ r iː d	m æ n d	1	1	reg_d	reg_d	reg_d
majority	m æ t͡ʃ	m æ t͡ʃ t	m æ t͡ʃ t	o ʊ v ɹ̩ s t e ɪ	o ʊ v ɹ̩ s t e ɪ d	o ʊ v ɹ̩ s t e ɪ d	m æ t͡ʃ d	0	0	reg_t	reg_t	reg_d
majority	w ɑː n d ɹ̩	w ɑː n d ɹ̩ d	w ɑː n d ɹ̩ d	r iː k w a ɪ ɹ̩	r iː k w a ɪ ɹ̩ d	r iː k w a ɪ ɹ̩ d	w ɑː n d ɹ̩ d	1	1	reg_d	reg_d	reg_d
majority	r iː m a ɪ n d	r iː m a ɪ n d ə d	r iː m a ɪ n d ə d	f uː l	f uː l d	f uː l d	r iː m a ɪ n d d	0	0	reg_əd	reg_əd	reg_d
majority	s n ɪ f	s n ɪ f t	s n ɪ f t	ʃ ɛ r	ʃ ɛ r d	ʃ ɛ r d	s n ɪ f d	0	0	reg_t	reg_t	reg_d
majority	p iː k	p iː k t	p iː k t	ɡ l a ʊ ɹ̩	ɡ l a ʊ ɹ̩ d	ɡ l a ʊ ɹ̩ d	p iː k d	0	0	reg_t	reg_t	reg_d
majority	p l iː z	p l iː z d	p l iː z d	s t e ɪ b ə l a ɪ z	s t e ɪ b ə l a ɪ z d	s t e ɪ b ə l a ɪ z d	p l iː z d	1	1	reg_d	reg_d	reg_d
majority	b e ɪ k	b e ɪ k t	b e ɪ k t	s t ɑː r	s t ɑː r d	s t ɑː r d	b e ɪ k d	0	0	reg_t	reg_t	reg_d
majority	r ɪ p	r ɪ p t	r ɪ p t	z uː m	z uː m d	z uː m d	r ɪ p d	0	0	reg_t	reg_t	reg_d
majority	t͡ʃ e ɪ n d͡ʒ	t͡ʃ e ɪ n d͡ʒ d	t͡ʃ e ɪ n d͡ʒ d	k l iː n	k l iː n d	k l iː n d	t͡ʃ e ɪ n d͡ʒ d	1	1	reg_d	reg_d	reg_d
majority	ɔ r d ɹ̩	ɔ r d ɹ̩ d	ɔ r d ɹ̩ d	s t ʌ d iː	s t ʌ d iː d	s t ʌ d iː d	ɔ r d ɹ̩ d	1	1	reg_d	reg_d	reg_d
majority	h o ʊ p	h o ʊ p t	h o ʊ p t	h a ʊ z	h a ʊ z d	h a ʊ z d	h o ʊ p d	0	0	reg_t	reg_t	reg_d
majority	p ɛ p ɹ̩	p ɛ p ɹ̩ d	p ɛ p ɹ̩ d	s p ɛ l	s p ɛ l d	s p ɛ l d	p ɛ p ɹ̩ d	1	1	reg_d	reg_d	reg_d
majority	m ʌ n t͡ʃ	m ʌ n t͡ʃ t	m ʌ n t͡ʃ t	w a ɪ ɹ̩	w a ɪ ɹ̩ d	w a ɪ ɹ̩ d	m ʌ n t͡ʃ d	0	0	reg_t	reg_t	reg_d
majority	p l æ s t ɹ̩	p l æ s t ɹ̩ d	p l æ s t ɹ̩ d	p e ɪ d͡ʒ	p e ɪ d͡ʒ d	p e ɪ d͡ʒ d	p l æ s t ɹ̩ d	1	1	reg_d	reg_d	reg_d
majority	f a ɪ t	f ɔ t	f a ɪ t ə d	f ɪ l	f ɪ l d	f ɪ l d	f a ɪ t d	0	0	vowel_change	reg_əd	reg_d
majority	t r æ k	t r æ k t	t r æ k t	s p r e ɪ	s p r e ɪ d	s p r e ɪ d	t r æ k d	0	0	reg_t	reg_t	reg_d
majority	s o ʊ	s o ʊ d	s o ʊ d	ɪ n ɡ e ɪ d͡ʒ	ɪ n ɡ e ɪ d͡ʒ d	ɪ n ɡ e ɪ d͡ʒ d	s o ʊ d	1	1	reg_d	reg_d	reg_d
majority	m ɛ l t	m ɛ l t ə d	m ɛ l t ə d	k l ɔ	k l ɔ d	k l ɔ d	m ɛ l t d	0	0	reg_əd	reg_əd	reg_d
majority	ɡ l ʌ v	ɡ l ʌ v d	ɡ l ʌ v d	b o ʊ l	b o ʊ l d	b o ʊ l d	ɡ l ʌ v d	1	1	reg_d	reg_d	reg_d
majority	t͡ʃ ɑː r d͡ʒ	t͡ʃ ɑː r d͡ʒ d	t͡ʃ ɑː r d͡ʒ d	f iː r	f iː r d	f iː r d	t͡ʃ ɑː r d͡ʒ d	1	1	reg_d	reg_d	reg_d
majority	l ɪ k	l ɪ k t	l ɪ k t	k l o ʊ z	k l o ʊ z d	k l o ʊ z d	l ɪ k d	0	0	reg_t	reg_t	reg_d
majority	d ɪ l ɪ v ɹ̩	d ɪ l ɪ v ɹ̩ d	d ɪ l ɪ v ɹ̩ d	r ɪ p l a ɪ	r ɪ p l a ɪ d	r ɪ p l a ɪ d	d ɪ l ɪ v ɹ̩ d	1	1	reg_d	reg_d	reg_d
majority	b ʌ m p	b ʌ m p t	b ʌ m p t	o ʊ v ɹ̩ s t e ɪ	o ʊ v ɹ̩ s t e ɪ d	o ʊ v ɹ̩ s t e ɪ d	b ʌ m p d	0	0	reg_t	reg_t	reg_d
majority	a ɪ	a ɪ d	a ɪ d	t r ʌ b ə l	t r ʌ b ə l d	t r ʌ b ə l d	a ɪ d	1	1	reg_d	reg_d	reg_d
majority	k iː	k iː d	k iː d	k æ p t͡ʃ ɹ̩	k æ p t͡ʃ ɹ̩ d	k æ p t͡ʃ ɹ̩ d	k iː d	1	1	reg_d	reg_d	reg_d
majority	s ɪ z ə l	s ɪ z ə l d	s ɪ z ə l d	f ɪ l	f ɪ l d	f ɪ l d	s ɪ z ə l d	1	1	reg_d	reg_d	reg_d
majority	ɪ r e ɪ s	ɪ r e ɪ s t	ɪ r e ɪ s t	ɡ l uː	ɡ l uː d	ɡ l uː d	ɪ r e ɪ s d	0	0	reg_t	reg_t	reg_d
majority	s ɹ̩ a ʊ n d	s ɹ̩ a ʊ n d ə d	s ɹ̩ a ʊ n d ə d	ə p l a ɪ	ə p l a ɪ d	ə p l a ɪ d	s ɹ̩ a ʊ n d d	0	0	reg_əd	reg_əd	reg_d
majority	s k ɪ p	s k ɪ p t	s k ɪ p t	ʃ ɛ l t ɹ̩	ʃ ɛ l t ɹ̩ d	ʃ ɛ l t ɹ̩ d	s k ɪ p d	0	0	reg_t	reg_t	reg_d
majority	d ɑː k t ɹ̩	d ɑː k t ɹ̩ d	d ɑː k t ɹ̩ d	s k r æ m b ə l	s k r æ m b ə l d	s k r æ m b ə l d	d ɑː k t ɹ̩ d	1	1	reg_d	reg_d	reg_d
majority	s e ɪ l	s e ɪ l d	s e ɪ l d	r e ɪ z	r e ɪ z d	r e ɪ z d	s e ɪ l d	1	1	reg_d	reg_d	reg_d
majority	ɪ n t ə r ɛ s t	ɪ n t ə r ɛ s t ə d	ɪ n t ə r ɛ s t ə d	h ɑː l ɹ̩	h ɑː l ɹ̩ d	h ɑː l ɹ̩ d	ɪ n t ə r ɛ s t d	0	0	reg_əd	reg_əd	reg_d
majority	t r e ɪ s	t r e ɪ s t	t r e ɪ s t	k ə n t ɪ n j uː	k ə n t ɪ n j uː d	k ə n t ɪ n j uː d	t r e ɪ s d	0	0	reg_t	reg_t	reg_d
majority	a ɪ ɹ̩ n	a ɪ ɹ̩ n d	a ɪ ɹ̩ n d	w ɪ s ə l	w ɪ s ə l d	w ɪ s ə l d	a ɪ ɹ̩ n d	1	1	reg_d	reg_d	reg_d
majority	iː v ɪ n	iː v ɪ n d	iː v ɪ n d	r e ɪ z	r e ɪ z d	r e ɪ z d	iː v ɪ n d	1	1	reg_d	reg_d	reg_d
majority	k o ʊ k s	k o ʊ k s t	k o ʊ k s t	o ʊ n	o ʊ n d	o ʊ n d	k o ʊ k s d	0	0	reg_t	reg_t	reg_d
majority	z ɪ r ɑː k s	z ɪ r ɑː k s t	z ɪ r ɑː k s t	d ɑː r n	d ɑː r n d	d ɑː r n d	z ɪ r ɑː k s d	0	0	reg_t	reg_t	reg_d
majority	b ɛ n d	b ɛ n d ə d	b ɛ n t	f r a ɪ t ə n	f r a ɪ t ə n d	f r a ɪ t ə n d	b ɛ n d d	0	0	reg_əd	coda_change	reg_d
majority	p o ʊ z	p o ʊ z d	p o ʊ z d	ə r a ɪ v	ə r a ɪ v d	ə r a ɪ v d	p o ʊ z d	1	1	reg_d	reg_d	reg_d
majority	p ɑː k ə t	p ɑː k ə t ə d	p ɑː k ə t ə d	w iː l	w iː l d	w iː l d	p ɑː k ə t d	0	0	reg_əd	reg_əd	reg_d
majority	f r a ɪ	f r a ɪ d	f r a ɪ d	k l iː n	k l iː n d	k l iː n d	f r a ɪ d	1	1	reg_d	reg_d	reg_d
majority	h æ n d ə l	h æ n d ə l d	h æ n d ə l d	ʃ ʌ v ə l	ʃ ʌ v ə l d	ʃ ʌ v ə l d	h æ n d ə l d	1	1	reg_d	reg_d	reg_d
majority	ə s o ʊ s iː e ɪ t	ə s o ʊ s iː e ɪ t ə d	ə s ʊ s æ k e ɪ t ə d	p a ʊ d ɹ̩	p a ʊ d ɹ̩ d	p a ʊ d ɹ̩ d	ə s o ʊ s iː e ɪ t d	0	0	reg_əd	other	reg_d
majority	æ k t	æ k t ə d	æ k t ə d	t͡ʃ ʌ ɡ	t͡ʃ ʌ ɡ d	t͡ʃ ʌ ɡ d	æ k t d	0	0	reg_əd	reg_əd	reg_d
majority	r iː m uː v	r iː m uː v d	r iː m uː v d	w ɪ l	w ɪ l d	w ɪ l d	r iː m uː v d	1	1	reg_d	reg_d	reg_d
majority	s l o ʊ	s l o ʊ d	s l o ʊ d	v a ʊ	v a ʊ d	v a ʊ d	s l o ʊ d	1	1	reg_d	reg_d	reg_d
majority	s t r æ p	s t r æ p t	s t r æ p t	ɪ m b a ɪ b	ɪ m b a ɪ b d	ɪ m b a ɪ b d	s t r æ p d	0	0	reg_t	reg_t	reg_d
majority	d r e ɪ n	d r e ɪ n d	d r e ɪ n d	k ɑː n	k ɑː n d	k ɑː n d	d r e ɪ n d	1	1	reg_d	reg_d	reg_d
majority	p ɛ ɡ	p ɛ ɡ d	p ɛ ɡ d	p a ɪ l	p a ɪ l d	p a ɪ l d	p ɛ ɡ d	1	1	reg_d	reg_d	reg_d
majority	k ə m p l e ɪ n	k ə m p l e ɪ n d	k ə m p l e ɪ n d	o ʊ	o ʊ d	o ʊ d	k ə m p l e ɪ n d	1	1	reg_d	reg_d	reg_d
majority	f ɛ n s	f ɛ n s t	f ɛ n s t	θ ɪ n	θ ɪ n d	θ ɪ n d	f ɛ n s d	0	0	reg_t	reg_t	reg_d
majority	k r iː e ɪ t	k r iː e ɪ t ə d	k r iː e ɪ t ə d	t a ɪ l	t a ɪ l d	t a ɪ l d	k r iː e ɪ t d	0	0	reg_əd	reg_əd	reg_d
majority	f l ʌ ʃ	f l ʌ ʃ t	f l ʌ ʃ t	w ʌ n d ɹ̩	w ʌ n d ɹ̩ d	w ʌ n d ɹ̩ d	f l ʌ ʃ d	0	0	reg_t	reg_t	reg_d
majority	ɡ ɑː r d	ɡ ɑː r d ə d	ɡ ɑː r d ə d	ʃ a ɪ	ʃ a ɪ d	ʃ a ɪ d	ɡ ɑː r d d	0	0	reg_əd	reg_əd	reg_d
majority	r ɪ ŋ k ə l	r ɪ ŋ k ə l d	r ɪ ŋ k ə l d	o ʊ p ə n	o ʊ p ə n d	o ʊ p ə n d	r ɪ ŋ k ə l d	1	1	reg_d	reg_d	reg_d
majority	s w iː p	s w ɛ p t	s w iː p t	t r ʌ b ə l	t r ʌ b ə l d	t r ʌ b ə l d	s w iː p d	0	0	vowel_change_suffix	reg_t	reg_d
majority	s k ɛ d͡ʒ ʊ l	s k ɛ d͡ʒ ʊ l d	s k ɛ d͡ʒ ʊ l d	t ɪ ŋ k ə l	t ɪ ŋ k ə l d	t ɪ ŋ k ə l d	s k ɛ d͡ʒ ʊ l d	1	1	reg_d	reg_d	reg_d
majority	f ɹ̩ m ɛ n t	f ɹ̩ m ɛ n t ə d	f ɹ̩ m ɛ n t ə d	t iː m	t iː m d	t iː m d	f ɹ̩ m ɛ n t d	0	0	reg_əd	reg_əd	reg_d
majority	p ʌ z ə l	p ʌ z ə l d	p ʌ z ə l d	s t e ɪ b ə l a ɪ z	s t e ɪ b ə l a ɪ z d	s t e ɪ b ə l a ɪ z d	p ʌ z ə l d	1	1	reg_d	reg_d	reg_d
majority	k l ɑː b ɹ̩	k l ɑː b ɹ̩ d	k l ɑː b ɹ̩ d	p r ə f ɹ̩	p r ə f ɹ̩ d	p r ə f ɹ̩ d	k l ɑː b ɹ̩ d	1	1	reg_d	reg_d	reg_d
majority	d ɪ n a ɪ	d ɪ n a ɪ d	d ɪ n a ɪ d	h o ʊ l	h o ʊ l d	h o ʊ l d	d ɪ n a ɪ d	1	1	reg_d	reg_d	reg_d
majority	e ɪ k	e ɪ k t	e ɪ k t	b r a ʊ n	b r a ʊ n d	b r a ʊ n d	e ɪ k d	0	0	reg_t	reg_t	reg_d
majority	l iː n	l iː n d	l ɛ n t	ʃ ɛ l t ɹ̩	ʃ ɛ l t ɹ̩ d	ʃ ɛ l t ɹ̩ d	l iː n d	0	1	reg_d	vowel_change_suffix	reg_d
majority	ʃ ɪ v ɹ̩	ʃ ɪ v ɹ̩ d	ʃ ɪ v ɹ̩ d	s a ɪ	s a ɪ d	s a ɪ d	ʃ ɪ v ɹ̩ d	1	1	reg_d	reg_d	reg_d
majority	f l ʌ d	f l ʌ d ə d	f l ʌ d ə d	n ɛ r o ʊ	n ɛ r o ʊ d	n ɛ r o ʊ d	f l ʌ d d	0	0	reg_əd	reg_əd	reg_d
majority	w ɪ s k	w ɪ s k t	w ɪ s k t	f æ s ə n	f æ s ə n d	f æ s ə n d	w ɪ s k d	0	0	reg_t	reg_t	reg_d
majority	k ə n t r o ʊ l	k ə n t r o ʊ l d	k ə n t r o ʊ l d	ə p l a ɪ	ə p l a ɪ d	ə p l a ɪ d	k ə n t r o ʊ l d	1	1	reg_d	reg_d	reg_d
majority	b ɑː t ə m	b ɑː t ə m d	b ɑː t ə m d	r ɪ k ɔ l	r ɪ k ɔ l d	r ɪ k ɔ l d	b ɑː t ə m d	1	1	reg_d	reg_d	reg_d
majority	w ɔ r n	w ɔ r n d	w ɔ r n d	ɪ ɡ n ɔ r	ɪ ɡ n ɔ r d	ɪ ɡ n ɔ r d	w ɔ r n d	1	1	reg_d	reg_d	reg_d
majority	b ɛ r iː	b ɛ r iː d	b ɛ r iː d	s ɹ̩ v e ɪ	s ɹ̩ v e ɪ d	s ɹ̩ v e ɪ d	b ɛ r iː d	1	1	reg_d	reg_d	reg_d
majority	ɔ f ɹ̩	ɔ f ɹ̩ d	ɔ f ɹ̩ d	s a ɪ	s a ɪ d	s a ɪ d	ɔ f ɹ̩ d	1	1	reg_d	reg_d	reg_d
majority	b ɛ r	b o ʊ r	b ɛ r d	t͡ʃ uː	t͡ʃ uː d	t͡ʃ uː d	b ɛ r d	1	0	vowel_change	reg_d	reg_d
majority	s l ɪ p	s l ɪ p t	s l ɪ p t	b ʌ z	b ʌ z d	b ʌ z d	s l ɪ p d	0	0	reg_t	reg_t	reg_d
majority	t͡ʃ iː r	t͡ʃ iː r d	t͡ʃ iː r d	ʃ ʌ v ə l	ʃ ʌ v ə l d	ʃ ʌ v ə l d	t͡ʃ iː r d	1	1	reg_d	reg_d	reg_d
majority	r ɪ s k	r ɪ s k t	r ɪ s k t	t æ ɡ	t æ ɡ d	t æ ɡ d	r ɪ s k d	0	0	reg_t	reg_t	reg_d
majority	p ɛ t	p ɛ t ə d	p ɛ t	b æ n d ɪ d͡ʒ	b æ n d ɪ d͡ʒ d	b æ n d ɪ d͡ʒ d	p ɛ t d	0	0	reg_əd	no_change	reg_d
majority	t r ʌ s t	t r ʌ s t ə d	t r ʌ s t ə d	p uː l	p uː l d	p uː l d	t r ʌ s t d	0	0	reg_əd	reg_əd	reg_d
majority	ɪ n s t r ʌ k t	ɪ n s t r ʌ k t ə d	ɪ n s t r ʌ k t ə d	w ɪ n t ɹ̩	w ɪ n t ɹ̩ d	w ɪ n t ɹ̩ d	ɪ n s t r ʌ k t d	0	0	reg_əd	reg_əd	reg_d
majority	t͡ʃ ɪ k ə n	t͡ʃ ɪ k ə n d	t͡ʃ ɪ k ə n d	ɡ r iː n	ɡ r iː n d	ɡ r iː n d	t͡ʃ ɪ k ə n d	1	1	reg_d	reg_d	reg_d
majority	p r iː p ɛ r	p r iː p ɛ r d	p r iː p ɛ r d	r iː v j uː	r iː v j uː d	r iː v j uː d	p r iː p ɛ r d	1	1	reg_d	reg_d	reg_d
majority	h æ m ɹ̩	h æ m ɹ̩ d	h æ m ɹ̩ d	b ʌ ɡ	b ʌ ɡ d	b ʌ ɡ d	h æ m ɹ̩ d	1	1	reg_d	reg_d	reg_d
majority	s p r ɪ ŋ k ə l	s p r ɪ ŋ k ə l d	s p r æ ŋ k ə l d	s t e ɪ n	s t e ɪ n d	s t e ɪ n d	s p r ɪ ŋ k ə l d	0	1	reg_d	other	reg_d
majority	r ɛ s ə l	r ɛ s ə l d	r ɛ s ə l d	s ɹ̩ v	s ɹ̩ v d	s ɹ̩ v d	r ɛ s ə l d	1	1	reg_d	reg_d	reg_d
majority	h ɛ m	h ɛ m d	h ɛ m d	f æ s ə n	f æ s ə n d	f æ s ə n d	h ɛ m d	1	1	reg_d	reg_d	reg_d
majority	p l æ n	p l æ n d	p l æ n d	k r iː m	k r iː m d	k r iː m d	p l æ n d	1	1	reg_d	reg_d	reg_d
majority	s t æ ʃ	s t æ ʃ t	s t æ ʃ t	s k r ʌ b	s k r ʌ b d	s k r ʌ b d	s t æ ʃ d	0	0	reg_t	reg_t	reg_d
majority	m ɑː r k	m ɑː r k t	m ɑː r k t	k ʌ d ə l	k ʌ d ə l d	k ʌ d ə l d	m ɑː r k d	0	0	reg_t	reg_t	reg_d
majority	k e ɪ v	k e ɪ v d	k e ɪ v d	s ɹ̩ v	s ɹ̩ v d	s ɹ̩ v d	k e ɪ v d	1	1	reg_d	reg_d	reg_d
majority	k ɹ̩ l	k ɹ̩ l d	k ɹ̩ l d	ə p iː r	ə p iː r d	ə p iː r d	k ɹ̩ l d	1	1	reg_d	reg_d	reg_d
majority	p r e ɪ z	p r e ɪ z d	p r e ɪ z d	p æ m p ɹ̩	p æ m p ɹ̩ d	p æ m p ɹ̩ d	p r e ɪ z d	1	1	reg_d	reg_d	reg_d
majority	d æ m	d æ m d	d æ m d	s ə s t e ɪ n	s ə s t e ɪ n d	s ə s t e ɪ n d	d æ m d	1	1	reg_d	reg_d	reg_d
majority	f l ʌ t ɹ̩	f l ʌ t ɹ̩ d	f l ʌ t ɹ̩ d	j uː z	j uː z d	j uː z d	f l ʌ t ɹ̩ d	1	1	reg_d	reg_d	reg_d
majority	b ɛ l t	b ɛ l t ə d	b ɛ l t ə d	ɛ n d͡ʒ ɔ ɪ	ɛ n d͡ʒ ɔ ɪ d	ɛ n d͡ʒ ɔ ɪ d	b ɛ l t d	0	0	reg_əd	reg_əd	reg_d
majority	b ɔ l	b ɔ l d	b ɔ l d	s ɪ m ɹ̩	s ɪ m ɹ̩ d	s ɪ m ɹ̩ d	b ɔ l d	1	1	reg_d	reg_d	reg_d
majority	s k æ l ə p	s k æ l ə p t	s k æ l ə p t	s ɑː l v	s ɑː l v d	s ɑː l v d	s k æ l ə p d	0	0	reg_t	reg_t	reg_d
majority	k ə m p ɛ r	k ə m p ɛ r d	k ə m p ɛ r d	s k r æ m b ə l	s k r æ m b ə l d	s k r æ m b ə l d	k ə m p ɛ r d	1	1	reg_d	reg_d	reg_d
majority	b ɔ ɪ l	b ɔ ɪ l d	b ɔ ɪ l d	f r a ɪ t ə n	f r a ɪ t ə n d	f r a ɪ t ə n d	b ɔ ɪ l d	1	1	reg_d	reg_d	reg_d
majority	s k æ n	s k æ n d	s k æ n d	b æ n d ɪ d͡ʒ	b æ n d ɪ d͡ʒ d	b æ n d ɪ d͡ʒ d	s k æ n d	1	1	reg_d	reg_d	reg_d
majority	r ɛ k ə m ɛ n d	r ɛ k ə m ɛ n d ə d	r ɛ k ə m ɛ n d	l ɪ s ə n	l ɪ s ə n d	l ɪ s ə n d	r ɛ k ə m ɛ n d d	0	0	reg_əd	no_change	reg_d
majority	t o ʊ	t o ʊ d	t o ʊ d	r iː k w a ɪ ɹ̩	r iː k w a ɪ ɹ̩ d	r iː k w a ɪ ɹ̩ d	t o ʊ d	1	1	reg_d	reg_d	reg_d
majority	s t r ɛ s	s t r ɛ s t	s t r ɛ s t	s k r iː m	s k r iː m d	s k r iː m d	s t r ɛ s d	0	0	reg_t	reg_t	reg_d
majority	b æ n d	b æ n d ə d	b æ n d ə d	ɡ l o ʊ	ɡ l o ʊ d	ɡ l o ʊ d	b æ n d d	0	0	reg_əd	reg_əd	reg_d
majority	b o ʊ s t	b o ʊ s t ə d	b o ʊ s t ə d	ɡ r a ʊ l	ɡ r a ʊ l d	ɡ r a ʊ l d	b o ʊ s t d	0	0	reg_əd	reg_əd	reg_d
majority	r ɛ s k j uː	r ɛ s k j uː d	r ɛ s k j uː d	ɡ l uː	ɡ l uː d	ɡ l uː d	r ɛ s k j uː d	1	1	reg_d	reg_d	reg_d
majority	b ʌ s	b ʌ s t	b ʌ s t	s ɪ ɡ n ə l	s ɪ ɡ n ə l d	s ɪ ɡ n ə l d	b ʌ s d	0	0	reg_t	reg_t	reg_d
majority	m ɑː r	m ɑː r d	m ɑː r d	l o ʊ ɹ̩	l o ʊ ɹ̩ d	l o ʊ ɹ̩ d	m ɑː r d	1	1	reg_d	reg_d	reg_d
majority	t ʌ m b ə l	t ʌ m b ə l d	t ʌ m b ə l d	p ɹ̩ f ɔ r m	p ɹ̩ f ɔ r m d	p ɹ̩ f ɔ r m d	t ʌ m b ə l d	1	1	reg_d	reg_d	reg_d
majority	d ɪ s t r ɔ ɪ	d ɪ s t r ɔ ɪ d	d ɪ s t r ɔ r d	w ɪ ŋ	w ɪ ŋ d	w ɪ ŋ d	d ɪ s t r ɔ ɪ d	0	1	reg_d	rhyme_replaced	reg_d
majority	w æ ɡ	w æ ɡ d	w æ ɡ d	r o ʊ l	r o ʊ l d	r o ʊ l d	w æ ɡ d	1	1	reg_d	reg_d	reg_d
majority	p a ʊ ɹ̩	p a ʊ ɹ̩ d	p a ʊ ɹ̩ d	k ɑː ŋ k ɹ̩	k ɑː ŋ k ɹ̩ d	k ɑː ŋ k ɹ̩ d	p a ʊ ɹ̩ d	1	1	reg_d	reg_d	reg_d
majority	b l iː t͡ʃ	b l iː t͡ʃ t	b l ɛ t͡ʃ t	f ɛ ð ɹ̩	f ɛ ð ɹ̩ d	f ɛ ð ɹ̩ d	b l iː t͡ʃ d	0	0	reg_t	vowel_change_suffix	reg_d
majority	t æ ŋ ɡ ə l	t æ ŋ ɡ ə l d	t æ ŋ ɡ ə l d	s t ɛ r	s t ɛ r d	s t ɛ r d	t æ ŋ ɡ ə l d	1	1	reg_d	reg_d	reg_d
majority	n ɔ	n ɔ d	n ɔ d	æ n s ɹ̩	æ n s ɹ̩ d	æ n s ɹ̩ d	n ɔ d	1	1	reg_d	reg_d	reg_d
majority	r o ʊ m	r o ʊ m d	r o ʊ m d	s k w iː z	s k w iː z d	s k w iː z d	r o ʊ m d	1	1	reg_d	reg_d	reg_d
majority	b l ɪ ŋ k	b l ɪ ŋ k t	b l æ ŋ k	ɪ k s k l e ɪ m	ɪ k s k l e ɪ m d	ɪ k s k l e ɪ m d	b l ɪ ŋ k d	0	0	reg_t	vowel_change	reg_d
majority	t w ɹ̩ l	t w ɹ̩ l d	t w ɹ̩ l d	k r uː s ə f a ɪ	k r uː s ə f a ɪ d	k r uː s ə f a ɪ d	t w ɹ̩ l d	1	1	reg_d	reg_d	reg_d
majority	ə n b ʌ t ə n	ə n b ʌ t ə n d	ə n b ʌ t ə n d	n ɛ r o ʊ	n ɛ r o ʊ d	n ɛ r o ʊ d	ə n b ʌ t ə n d	1	1	reg_d	reg_d	reg_d
majority	θ r ɛ t ə n	θ r ɛ t ə n d	θ r ɛ t ə n d	s ɹ̩ v a ɪ v	s ɹ̩ v a ɪ v d	s ɹ̩ v a ɪ v d	θ r ɛ t ə n d	1	1	reg_d	reg_d	reg_d
majority	b ɛ l o ʊ	b ɛ l o ʊ d	b ɛ l o ʊ d	ɪ ɡ n ɔ r	ɪ ɡ n ɔ r d	ɪ ɡ n ɔ r d	b ɛ l o ʊ d	1	1	reg_d	reg_d	reg_d
majority	s p ɛ ʃ ə l a ɪ z	s p ɛ ʃ ə l a ɪ z d	s p ɛ ʃ ə l a ɪ z d	f l æ ɡ	f l æ ɡ d	f l æ ɡ d	s p ɛ ʃ ə l a ɪ z d	1	1	reg_d	reg_d	reg_d
majority	ɪ n ɪ ʃ iː e ɪ t	ɪ n ɪ ʃ iː e ɪ t ə d	ɪ n ɪ ʃ ɪ e ɪ t ə d	m ɹ̩ d ɹ̩	m ɹ̩ d ɹ̩ d	m ɹ̩ d ɹ̩ d	ɪ n ɪ ʃ iː e ɪ t d	0	0	reg_əd	other	reg_d
majority	p iː p	p iː p t	p iː p t	p r uː v	p r uː v d	p r uː v d	p iː p d	0	0	reg_t	reg_t	reg_d
majority	ʃ ʌ f ə l	ʃ ʌ f ə l d	ʃ ʌ f ə l d	w a ɪ ɹ̩	w a ɪ ɹ̩ d	w a ɪ ɹ̩ d	ʃ ʌ f ə l d	1	1	reg_d	reg_d	reg_d
majority	ɪ n f l uː ə n s	ɪ n f l uː ə n s t	ɪ n f l uː n ə n d	l a ɪ v	l a ɪ v d	l a ɪ v d	ɪ n f l uː ə n s d	0	0	reg_t	other	reg_d
majority	d a ʊ n	d a ʊ n d	d a ʊ n d	w iː	w iː d	w iː d	d a ʊ n d	1	1	reg_d	reg_d	reg_d
majority	d ɪ v ɛ l ə p	d ɪ v ɛ l ə p t	d ɪ v ɛ l ə p ə d	æ n s ɹ̩	æ n s ɹ̩ d	æ n s ɹ̩ d	d ɪ v ɛ l ə p d	0	0	reg_t	reg_əd	reg_d
majority	s p e ɪ	s p e ɪ d	s p e ɪ d	r iː l	r iː l d	r iː l d	s p e ɪ d	1	1	reg_d	reg_d	reg_d
majority	r iː p l e ɪ s	r iː p l e ɪ s t	r iː p l e ɪ s t	m ʌ d iː	m ʌ d iː d	m ʌ d iː d	r iː p l e ɪ s d	0	0	reg_t	reg_t	reg_d
majority	s p ɔ ɪ l	s p ɔ ɪ l d	s p ɔ ɪ l d	s t iː m	s t iː m d	s t iː m d	s p ɔ ɪ l d	1	1	reg_d	reg_d	reg_d
majority	l e ɪ b ə l	l e ɪ b ə l d	l e ɪ b ə l d	ə r e ɪ n d͡ʒ	ə r e ɪ n d͡ʒ d	ə r e ɪ n d͡ʒ d	l e ɪ b ə l d	1	1	reg_d	reg_d	reg_d
majority	d r ɪ b ə l	d r ɪ b ə l d	d r ɪ b ə l d	s t e ɪ n	s t e ɪ n d	s t e ɪ n d	d r ɪ b ə l d	1	1	reg_d	reg_d	reg_d
majority	t͡ʃ æ n ə l	t͡ʃ æ n ə l d	t͡ʃ æ n ə l d	ɡ æ ɡ	ɡ æ ɡ d	ɡ æ ɡ d	t͡ʃ æ n ə l d	1	1	reg_d	reg_d	reg_d
majority	ɪ m p r uː v	ɪ m p r uː v d	ɪ m p r uː v d	ə n p l ʌ ɡ	ə n p l ʌ ɡ d	ə n p l ʌ ɡ d	ɪ m p r uː v d	1	1	reg_d	reg_d	reg_d
majority	p r e ɪ	p r e ɪ d	p r e ɪ d	w iː k ə n	w iː k ə n d	w iː k ə n d	p r e ɪ d	1	1	reg_d	reg_d	reg_d
majority	w ɛ t	w ɛ t	w ɛ t	w ɔ t ɹ̩	w ɔ t ɹ̩ d	w ɔ t ɹ̩ d	w ɛ t d	0	0	no_change	no_change	reg_d
majority	s t r e ɪ n	s t r e ɪ n d	s t r e ɪ n d	r iː ɹ̩ e ɪ n d͡ʒ	r iː ɹ̩ e ɪ n d͡ʒ d	r iː ɹ̩ e ɪ n d͡ʒ d	s t r e ɪ n d	1	1	reg_d	reg_d	reg_d
majority	m ɑː r b ə l	m ɑː r b ə l d	m ɑː r b ə l d	ɪ m b a ɪ b	ɪ m b a ɪ b d	ɪ m b a ɪ b d	m ɑː r b ə l d	1	1	reg_d	reg_d	reg_d
majority	ʃ ɛ l	ʃ ɛ l d	ʃ o ʊ l d	s ɛ t ə l	s ɛ t ə l d	s ɛ t ə l d	ʃ ɛ l d	0	1	reg_d	vowel_change_suffix	reg_d
majority	k o ʊ ɑː p ɹ̩ e ɪ t	k o ʊ ɑː p ɹ̩ e ɪ t ə d	k o ʊ ɑː p ɹ̩ e ɪ t ə d	t a ɪ m	t a ɪ m d	t a ɪ m d	k o ʊ ɑː p ɹ̩ e ɪ t d	0	0	reg_əd	reg_əd	reg_d
majority	ɡ r e ɪ t	ɡ r e ɪ t ə d	ɡ r e ɪ t ə d	b a ɪ s ɪ k ə l	b a ɪ s ɪ k ə l d	b a ɪ s ɪ k ə l d	ɡ r e ɪ t d	0	0	reg_əd	reg_əd	reg_d
majority	f ɔ r m j ə l e ɪ t	f ɔ r m j ə l e ɪ t ə d	f ɔ r b ə l j ə l e ɪ t ə d	l ɑː b iː	l ɑː b iː d	l ɑː b iː d	f ɔ r m j ə l e ɪ t d	0	0	reg_əd	other	reg_d
majority	k æ n s ə l	k æ n s ə l d	k æ n s ə l d	f l a ʊ n d ɹ̩	f l a ʊ n d ɹ̩ d	f l a ʊ n d ɹ̩ d	k æ n s ə l d	1	1	reg_d	reg_d	reg_d
majority	d ɪ s k ʌ v ɹ̩	d ɪ s k ʌ v ɹ̩ d	d ɪ s k ʌ v ɹ̩ d	s k r iː m	s k r iː m d	s k r iː m d	d ɪ s k ʌ v ɹ̩ d	1	1	reg_d	reg_d	reg_d
majority	ə m e ɪ z	ə m e ɪ z d	ə m e ɪ z d	m uː v	m uː v d	m uː v d	ə m e ɪ z d	1	1	reg_d	reg_d	reg_d
majority	f æ n s iː	f æ n s iː d	f æ n s iː d	p r uː v	p r uː v d	p r uː v d	f æ n s iː d	1	1	reg_d	reg_d	reg_d
majority	æ n ə l a ɪ z	æ n ə l a ɪ z d	æ n ə l a ɪ z d	ɪ n v ɑː l v	ɪ n v ɑː l v d	ɪ n v ɑː l v d	æ n ə l a ɪ z d	1	1	reg_d	reg_d	reg_d
majority	t e ɪ l ɹ̩	t e ɪ l ɹ̩ d	t e ɪ l ɹ̩ d	ɡ r æ b	ɡ r æ b d	ɡ r æ b d	t e ɪ l ɹ̩ d	1	1	reg_d	reg_d	reg_d
majority	p ɑː r t͡ʃ	p ɑː r t͡ʃ t	p ɑː r t͡ʃ t	w ɪ s p ɹ̩	w ɪ s p ɹ̩ d	w ɪ s p ɹ̩ d	p ɑː r t͡ʃ d	0	0	reg_t	reg_t	reg_d
majority	b ɪ d	b e ɪ d	b ɪ d ə d	p æ d ə l	p æ d ə l d	p æ d ə l d	b ɪ d d	0	0	vowel_change	reg_əd	reg_d
majority	s o ʊ k	s o ʊ k t	s o ʊ k t	b a ɪ s ɪ k ə l	b a ɪ s ɪ k ə l d	b a ɪ s ɪ k ə l d	s o ʊ k d	0	0	reg_t	reg_t	reg_d
majority	s uː	s uː d	s uː d	ʃ o ʊ l d ɹ̩	ʃ o ʊ l d ɹ̩ d	ʃ o ʊ l d ɹ̩ d	s uː d	1	1	reg_d	reg_d	reg_d
majority	f æ n	f æ n d	f æ n d	w ɪ s p ɹ̩	w ɪ s p ɹ̩ d	w ɪ s p ɹ̩ d	f æ n d	1	1	reg_d	reg_d	reg_d
majority	f r ɛ k ə l	f r ɛ k ə l d	f r ɛ k ə l d	b æ r ə l	b æ r ə l d	b æ r ə l d	f r ɛ k ə l d	1	1	reg_d	reg_d	reg_d
majority	ə n d uː	ə n d ɪ d	ə n d uː d	ɡ r a ʊ l	ɡ r a ʊ l d	ɡ r a ʊ l d	ə n d uː d	1	0	vowel_change_suffix	reg_d	reg_d
majority	θ ʌ m p	θ ʌ m p t	θ ʌ m p t	s t ɔ l	s t ɔ l d	s t ɔ l d	θ ʌ m p d	0	0	reg_t	reg_t	reg_d
majority	w ɑː b ə l	w ɑː b ə l d	w ɑː b ə l d	s ɑː l v	s ɑː l v d	s ɑː l v d	w ɑː b ə l d	1	1	reg_d	reg_d	reg_d
majority	ɡ r ɪ l	ɡ r ɪ l d	ɡ r ɪ l d	s p ɑː r k ə l	s p ɑː r k ə l d	s p ɑː r k ə l d	ɡ r ɪ l d	1	1	reg_d	reg_d	reg_d
majority	ə s uː m	ə s uː m d	ə s uː m d	s t iː r	s t iː r d	s t iː r d	ə s uː m d	1	1	reg_d	reg_d	reg_d
majority	z ɪ ɡ z æ ɡ	z ɪ ɡ z æ ɡ d	z ɪ ɡ z æ ɡ d	b ɪ l	b ɪ l d	b ɪ l d	z ɪ ɡ z æ ɡ d	1	1	reg_d	reg_d	reg_d
majority	p ɛ r ə ʃ uː t	p ɛ r ə ʃ uː t ə d	p ɛ r ə ʃ ə t ə d	θ ʌ m	θ ʌ m d	θ ʌ m d	p ɛ r ə ʃ uː t d	0	0	reg_əd	other	reg_d
majority	ɛ ɡ	ɛ ɡ d	ɛ ɡ d	t͡ʃ ʌ ɡ	t͡ʃ ʌ ɡ d	t͡ʃ ʌ ɡ d	ɛ ɡ d	1	1	reg_d	reg_d	reg_d
majority	l o ʊ k e ɪ t	l o ʊ k e ɪ t ə d	l o ʊ k e ɪ t ə d	k ʌ d ə l	k ʌ d ə l d	k ʌ d ə l d	l o ʊ k e ɪ t d	0	0	reg_əd	reg_əd	reg_d
majority	n e ɪ l	n e ɪ l d	n e ɪ l d	d ɔ ɡ	d ɔ ɡ d	d ɔ ɡ d	n e ɪ l d	1	1	reg_d	reg_d	reg_d
majority	f a ɪ n	f a ɪ n d	f a ɪ n d	p ɔ ɪ z ə n	p ɔ ɪ z ə n d	p ɔ ɪ z ə n d	f a ɪ n d	1	1	reg_d	reg_d	reg_d
majority	ʃ r ɪ v ə l	ʃ r ɪ v ə l d	ʃ r ɪ v ə l d	r a ɪ p ə n	r a ɪ p ə n d	r a ɪ p ə n d	ʃ r ɪ v ə l d	1	1	reg_d	reg_d	reg_d
majority	t͡ʃ a ɪ m	t͡ʃ a ɪ m d	t͡ʃ a ɪ m d	f o ʊ n	f o ʊ n d	f o ʊ n d	t͡ʃ a ɪ m d	1	1	reg_d	reg_d	reg_d
majority	ɪ v æ p ɹ̩ e ɪ t	ɪ v æ p ɹ̩ e ɪ t ə d	ɪ v æ p ɹ̩ e ɪ t ə d	t ɔ ɪ	t ɔ ɪ d	t ɔ ɪ d	ɪ v æ p ɹ̩ e ɪ t d	0	0	reg_əd	reg_əd	reg_d
majority	ɑː k j ə p a ɪ	ɑː k j ə p a ɪ d	ɑː k j ə p a ɪ d	b ɑː t ə l	b ɑː t ə l d	b ɑː t ə l d	ɑː k j ə p a ɪ d	1	1	reg_d	reg_d	reg_d
majority	k l ɑː ɡ	k l ɑː ɡ d	k l ɑː ɡ d	s t ʌ b	s t ʌ b d	s t ʌ b d	k l ɑː ɡ d	1	1	reg_d	reg_d	reg_d
majority	m æ p	m æ p t	m æ p t	k æ p t͡ʃ ɹ̩	k æ p t͡ʃ ɹ̩ d	k æ p t͡ʃ ɹ̩ d	m æ p d	0	0	reg_t	reg_t	reg_d
majority	ɡ e ɪ z	ɡ e ɪ z d	ɡ e ɪ z d	t ɪ ŋ k ə l	t ɪ ŋ k ə l d	t ɪ ŋ k ə l d	ɡ e ɪ z d	1	1	reg_d	reg_d	reg_d
majority	s k æ t ɹ̩	s k æ t ɹ̩ d	s k æ t ɹ̩ d	b æ ɡ	b æ ɡ d	b æ ɡ d	s k æ t ɹ̩ d	1	1	reg_d	reg_d	reg_d
majority	s n ɑː r ə l	s n ɑː r ə l d	s n ɑː r ə l d	k l iː r	k l iː r d	k l iː r d	s n ɑː r ə l d	1	1	reg_d	reg_d	reg_d
majority	f l e ɪ v ɹ̩	f l e ɪ v ɹ̩ d	f l e ɪ v ɹ̩ d	ʃ e ɪ v	ʃ e ɪ v d	ʃ e ɪ v d	f l e ɪ v ɹ̩ d	1	1	reg_d	reg_d	reg_d
majority	ɪ d͡ʒ ɛ k t	ɪ d͡ʒ ɛ k t ə d	ɪ d͡ʒ ɛ k t ə d	s k ɹ̩ iː	s k ɹ̩ iː d	s k ɹ̩ iː d	ɪ d͡ʒ ɛ k t d	0	0	reg_əd	reg_əd	reg_d
majority	r iː æ k t	r iː æ k t ə d	r iː æ k t ə d	b ɑː m	b ɑː m d	b ɑː m d	r iː æ k t d	0	0	reg_əd	reg_əd	reg_d
majority	s t e ɪ p ə l	s t e ɪ p ə l d	s t e ɪ p ə l d	s l æ m	s l æ m d	s l æ m d	s t e ɪ p ə l d	1	1	reg_d	reg_d	reg_d
majority	ɪ k s p l o ʊ d	ɪ k s p l o ʊ d ə d	ɪ k s p l o ʊ d	s n æ ɡ	s n æ ɡ d	s n æ ɡ d	ɪ k s p l o ʊ d d	0	0	reg_əd	no_change	reg_d
majority	r ɪ z ɛ m b ə l	r ɪ z ɛ m b ə l d	r ɪ z ɛ m b ə l d	s t ʌ d iː	s t ʌ d iː d	s t ʌ d iː d	r ɪ z ɛ m b ə l d	1	1	reg_d	reg_d	reg_d
majority	s w ɪ v ə l	s w ɪ v ə l d	s w ɪ v ə l d	b ʌ b ə l	b ʌ b ə l d	b ʌ b ə l d	s w ɪ v ə l d	1	1	reg_d	reg_d	reg_d
majority	w æ k s	w æ k s t	w æ k s t	b ɑː r b	b ɑː r b d	b ɑː r b d	w æ k s d	0	0	reg_t	reg_t	reg_d
majority	s k r a ʊ n d͡ʒ	s k r a ʊ n d͡ʒ d	s k r a ʊ n d͡ʒ d	r iː f ɪ l	r iː f ɪ l d	r iː f ɪ l d	s k r a ʊ n d͡ʒ d	1	1	reg_d	reg_d	reg_d
majority	ɔ r ɡ ə n a ɪ z	ɔ r ɡ ə n a ɪ z d	ɔ r ɡ ə n a ɪ z d	b r e ɪ v	b r e ɪ v d	b r e ɪ v d	ɔ r ɡ ə n a ɪ z d	1	1	reg_d	reg_d	reg_d
majority	d ɪ z a ɪ n	d ɪ z a ɪ n d	d ɪ z a ɪ n d	s m uː ð	s m uː ð d	s m uː ð d	d ɪ z a ɪ n d	1	1	reg_d	reg_d	reg_d
random	s e ɪ	s ɛ d	s e ɪ d	ɪ n t ɹ̩ æ k t	ɪ n t ɹ̩ æ k t ə d	ɪ n t ɹ̩ æ k t ə d	s e ɪ ə d	0	0	vowel_change_suffix	reg_d	reg_əd
random	ɡ o ʊ	w ɛ n t	ɡ o ʊ d	f ɪ ɡ j ɹ̩	f ɪ ɡ j ɹ̩ d	f ɪ ɡ j ɹ̩ d	ɡ o ʊ d	1	0	other	reg_d	reg_d
random	h æ p ə n	h æ p ə n d	h æ p ə n d	m ɹ̩ d ɹ̩	m ɹ̩ d ɹ̩ d	m ɹ̩ d ɹ̩ d	h æ p ə n d	1	1	reg_d	reg_d	reg_d
random	k æ t͡ʃ	k ɔ t	k æ t͡ʃ t	p æ s	p æ s t	p æ s t	k æ t͡ʃ t	1	0	rhyme_replaced	reg_t	reg_t
random	l ʌ v	l ʌ v d	l ʌ v d	d ɑː r n	d ɑː r n d	d ɑː r n d	l ʌ v d	1	1	reg_d	reg_d	reg_d
random	w ɹ̩ k	w ɹ̩ k t	w ɹ̩ k t	k ɑː ŋ k ɹ̩	k ɑː ŋ k ɹ̩ d	k ɑː ŋ k ɹ̩ d	w ɹ̩ k d	0	0	reg_t	reg_t	reg_d
random	k ʌ t	k ʌ t	k e ɪ t	h o ʊ l	h o ʊ l d	h o ʊ l d	k ʌ t d	0	0	no_change	vowel_change	reg_d
random	n iː d	n iː d ə d	n iː d ə d	r ɪ l e ɪ t	r ɪ l e ɪ t ə d	r ɪ l e ɪ t ə d	n iː d ə d	1	1	reg_əd	reg_əd	reg_əd
random	z ɪ p ɹ̩	z ɪ p ɹ̩ d	z ɪ p ɹ̩ d	s t ʌ n t	s t ʌ n t ə d	s t ʌ n t ə d	z ɪ p ɹ̩ ə d	0	0	reg_d	reg_d	reg_əd
random	b a ɪ	b ɔ t	b a ɪ d	æ k s ɛ s ɹ̩ a ɪ z	æ k s ɛ s ɹ̩ a ɪ z d	æ k s ɛ s ɹ̩ a ɪ z d	b a ɪ d	1	0	vowel_change_suffix	reg_d	reg_d
random	m iː t	m ɛ t	m iː t ə d	t r ɪ m	t r ɪ m d	t r ɪ m d	m iː t d	0	0	vowel_change	reg_əd	reg_d
random	m e ɪ l	m e ɪ l d	m e ɪ l d	iː t	e ɪ t	e ɪ t	NA	0	0	reg_d	reg_d	vowel_change
random	t iː t͡ʃ	t ɔ t	t iː t͡ʃ t	ɡ r æ v ə t e ɪ t	ɡ r æ v ə t e ɪ t ə d	ɡ r æ v ə t e ɪ t ə d	t iː t͡ʃ ə d	0	0	rhyme_replaced	reg_t	reg_əd
random	s p ɛ n d	s p ɛ n t	s p ɛ n d ə d	p ɑː r t iː	p ɑː r t iː d	p ɑː r t iː d	s p ɛ n d d	0	0	coda_change	reg_əd	reg_d
random	h æ n d	h æ n d ə d	h æ n d ə d	n ɪ k s	n ɪ k s t	n ɪ k s t	h æ n d t	0	0	reg_əd	reg_əd	reg_t
random	m ɛ r iː	m ɛ r iː d	m ɛ r iː d	k ɪ k	k ɪ k t	k ɪ k t	m ɛ r iː t	0	0	reg_d	reg_d	reg_t
random	r ɛ d iː	r ɛ d iː d	r ɛ d iː d	s t r a ɪ k	s t r a ɪ k t	s t r ʌ k	r ɛ d iː t	0	0	reg_d	reg_d	reg_t
random	f l o ʊ t	f l o ʊ t ə d	f l o ʊ t ə d	s p ɪ n	s p ʌ n	s p ʌ n	NA	0	0	reg_əd	reg_əd	vowel_change
random	s k w ɹ̩ t	s k w ɹ̩ t ə d	s k w ɹ̩ t ə d	v ɔ ɪ s	v ɔ ɪ s t	v ɔ ɪ s t	s k w ɹ̩ t t	0	0	reg_əd	reg_əd	reg_t
random	w ɔ k	w ɔ k t	w ɔ k t	r ʌ n	r æ n	r æ n	NA	0	0	reg_t	reg_t	vowel_change
random	f ɪ k s	f ɪ k s t	f ɪ k s t	t w ɪ s t	t w ɪ s t ə d	t w ɪ s t ə d	f ɪ k s ə d	0	0	reg_t	reg_t	reg_əd
random	p r æ k t ɪ s	p r æ k t ɪ s t	p r æ k t ɪ s t	t ɹ̩ m ə n e ɪ t	t ɹ̩ m ə n e ɪ t ə d	t ɹ̩ m ə n e ɪ t ə d	p r æ k t ɪ s ə d	0	0	reg_t	reg_t	reg_əd
random	k iː p	k ɛ p t	k iː p t	r ɪ l a ɪ	r ɪ l a ɪ d	r ɪ l a ɪ d	k iː p d	0	0	vowel_change_suffix	reg_t	reg_d
random	n ɪ b ə l	n ɪ b ə l d	n ɪ b ə l d	k æ t ə l ɔ ɡ	k æ t ə l ɔ ɡ d	k æ t ə l ɔ ɡ d	n ɪ b ə l d	1	1	reg_d	reg_d	reg_d
random	w uː	w uː d	w uː d	k e ɪ k	k e ɪ k t	k e ɪ k t	w uː t	0	0	reg_d	reg_d	reg_t
random	k ɪ l	k ɪ l d	k ɪ l d	s w ɪ ʃ	s w ɪ ʃ t	s w ɪ ʃ t	k ɪ l t	0	0	reg_d	reg_d	reg_t
random	k æ r iː	k æ r iː d	k æ r iː d	t ɪ l t	t ɪ l t ə d	t ɪ l t ə d	k æ r iː ə d	0	0	reg_d	reg_d	reg_əd
random	ɹ̩ n	ɹ̩ n d	ɹ̩ n d	p e ɪ	p e ɪ d	p e ɪ d	ɹ̩ n d	1	1	reg_d	reg_d	reg_d
random	k ə l ɛ k t	k ə l ɛ k t ə d	k ə l ɛ k t ə d	f ɛ t͡ʃ	f ɛ t͡ʃ t	f ɛ t͡ʃ t	k ə l ɛ k t t	0	0	reg_əd	reg_əd	reg_t
random	d æ n s	d æ n s t	d æ n s t	k ɪ k	k ɪ k t	k ɪ k t	d æ n s t	1	1	reg_t	reg_t	reg_t
random	d r ɔ	d r uː	d r ɔ d	d r ɪ ŋ k	d r æ ŋ k	d r æ ŋ k	NA	0	0	vowel_change	reg_d	vowel_change
random	p r a ɪ	p r a ɪ d	p r a ɪ d	ɡ ɛ r ə n t iː	ɡ ɛ r ə n t iː d	ɡ ɛ r ə n t iː d	p r a ɪ d	1	1	reg_d	reg_d	reg_d
random	ɪ n v a ɪ t	ɪ n v a ɪ t ə d	ɪ n v a ɪ t ə d	ɪ k s ɛ p t	ɪ k s ɛ p t ə d	ɪ k s ɛ p t ə d	ɪ n v a ɪ t ə d	1	1	reg_əd	reg_əd	reg_əd
random	r iː ə l a ɪ z	r iː ə l a ɪ z d	r iː ə l a ɪ z d	w e ɪ s t	w e ɪ s t ə d	w e ɪ s t ə d	r iː ə l a ɪ z ə d	0	0	reg_d	reg_d	reg_əd
random	d r ɛ s	d r ɛ s t	d r ɛ s t	n ɹ̩ s	n ɹ̩ s t	n ɹ̩ s t	d r ɛ s t	1	1	reg_t	reg_t	reg_t
random	t r æ n z m ɪ t	t r æ n z m ɪ t ə d	t r æ n m e ɪ t ə d	r ɪ ŋ	r æ ŋ	r æ ŋ	NA	0	0	reg_əd	other	vowel_change
random	ʃ uː	ʃ uː d	ʃ uː	ʃ ɪ p	ʃ ɪ p t	ʃ ɪ p t	ʃ uː t	0	0	reg_d	no_change	reg_t
random	p iː s	p iː s t	p iː s t	f l ɪ ŋ	f l ʌ ŋ	f l ʌ ŋ	NA	0	0	reg_t	reg_t	vowel_change
random	d ɛ r	d ɛ r d	d ɛ r d	ə f ɔ r d	ə f ɔ r d ə d	ə f ɔ r d ə d	d ɛ r ə d	0	0	reg_d	reg_d	reg_əd
random	b ɪ l d	b ɪ l t	b ɪ l d ə d	v o ʊ t	v o ʊ t ə d	v o ʊ t ə d	b ɪ l d ə d	1	0	coda_change	reg_əd	reg_əd
random	w ɪ n	w ʌ n	w ɪ n d	p æ n t	p æ n t ə d	p æ n t ə d	w ɪ n ə d	0	0	vowel_change	reg_d	reg_əd
random	k l a ɪ m	k l a ɪ m d	k l a ɪ m d	s iː s ɔ	s iː s ɔ d	s iː s ɔ d	k l a ɪ m d	1	1	reg_d	reg_d	reg_d
random	s t ʌ f	s t ʌ f t	s t ʌ f t	d r ɪ f t	d r ɪ f t ə d	d r ɪ f t ə d	s t ʌ f ə d	0	0	reg_t	reg_t	reg_əd
random	s t æ n d	s t ʊ d	s t æ n d ə d	m ɪ s	m ɪ s t	m ɪ s t	s t æ n d t	0	0	rhyme_replaced	reg_əd	reg_t
random	d a ɪ s	d a ɪ s t	d o ʊ s t	f ɪ l m	f ɪ l m d	f ɪ l m d	d a ɪ s d	0	0	reg_t	vowel_change_suffix	reg_d
random	k o ʊ m	k o ʊ m d	k o ʊ m d	ʃ o ʊ l d ɹ̩	ʃ o ʊ l d ɹ̩ d	ʃ o ʊ l d ɹ̩ d	k o ʊ m d	1	1	reg_d	reg_d	reg_d
random	ɡ r o ʊ	ɡ r uː	ɡ r o ʊ d	ʃ o ʊ l d ɹ̩	ʃ o ʊ l d ɹ̩ d	ʃ o ʊ l d ɹ̩ d	ɡ r o ʊ d	1	0	vowel_change	reg_d	reg_d
random	b ʌ t ɹ̩	b ʌ t ɹ̩ d	b ʌ t ɹ̩ d	s k r ʌ b	s k r ʌ b d	s k r ʌ b d	b ʌ t ɹ̩ d	1	1	reg_d	reg_d	reg_d
random	ə p s ɛ t	ə p s ɛ t	ə p s ɛ t ə d	s w ɪ m	s w æ m	s w æ m	NA	0	0	no_change	reg_əd	vowel_change
random	b ɑː r	b ɑː r d	b ɑː r d	h iː t	h iː t ə d	h iː t ə d	b ɑː r ə d	0	0	reg_d	reg_d	reg_əd
random	m ɪ k s	m ɪ k s t	m ɪ k s t	k ʌ m	k e ɪ m	k e ɪ m	NA	0	0	reg_t	reg_t	vowel_change
random	l ɹ̩ n	l ɹ̩ n d	l ɹ̩ n d	f e ɪ n t	f e ɪ n t ə d	f e ɪ n t ə d	l ɹ̩ n ə d	0	0	reg_d	reg_d	reg_əd
random	r æ t ə l	r æ t ə l d	r æ t ə l d	r a ɪ t	r o ʊ t	r o ʊ t	NA	0	0	reg_d	reg_d	vowel_change
random	l uː z	l ɔ s t	l uː z d	b a ɪ s ɪ k ə l	b a ɪ s ɪ k ə l d	b a ɪ s ɪ k ə l d	l uː z d	1	0	rhyme_replaced	reg_d	reg_d
random	p ɔ r	p ɔ r d	p ɔ r d	r o ʊ s t	r o ʊ s t ə d	r o ʊ s t ə d	p ɔ r ə d	0	0	reg_d	reg_d	reg_əd
random	m æ n	m æ n d	m æ n d	w ɪ p	w ɪ p t	w ɪ p t	m æ n t	0	0	reg_d	reg_d	reg_t
random	m æ t͡ʃ	m æ t͡ʃ t	m æ t͡ʃ t	b l ɛ s	b l ɛ s t	b l ɛ s t	m æ t͡ʃ t	1	1	reg_t	reg_t	reg_t
random	w ɑː n d ɹ̩	w ɑː n d ɹ̩ d	w ɑː n d ɹ̩ d	p l ʌ m p	p l ʌ m p t	p l ʌ m p t	w ɑː n d ɹ̩ t	0	0	reg_d	reg_d	reg_t
random	r iː m a ɪ n d	r iː m a ɪ n d ə d	r iː m a ɪ n d ə d	b ɑː ð ɹ̩	b ɑː ð ɹ̩ d	b ɑː ð ɹ̩ d	r iː m a ɪ n d d	0	0	reg_əd	reg_əd	reg_d
random	s n ɪ f	s n ɪ f t	s n ɪ f t	w e ɪ	w e ɪ d	w e ɪ d	s n ɪ f d	0	0	reg_t	reg_t	reg_d
random	p iː k	p iː k t	p iː k t	s ɛ n d	s ɛ n t	s ɛ n t	NA	0	0	reg_t	reg_t	coda_change
random	p l iː z	p l iː z d	p l iː z d	b r ʌ ʃ	b r ʌ ʃ t	b r ʌ ʃ t	p l iː z t	0	0	reg_d	reg_d	reg_t
random	b e ɪ k	b e ɪ k t	b e ɪ k t	w ɪ s p ɹ̩	w ɪ s p ɹ̩ d	w ɪ s p ɹ̩ d	b e ɪ k d	0	0	reg_t	reg_t	reg_d
random	r ɪ p	r ɪ p t	r ɪ p t	k w ɪ l t	k w ɪ l t ə d	k w ɪ l t ə d	r ɪ p ə d	0	0	reg_t	reg_t	reg_əd
random	t͡ʃ e ɪ n d͡ʒ	t͡ʃ e ɪ n d͡ʒ d	t͡ʃ e ɪ n d͡ʒ d	b ʌ z	b ʌ z d	b ʌ z d	t͡ʃ e ɪ n d͡ʒ d	1	1	reg_d	reg_d	reg_d
random	ɔ r d ɹ̩	ɔ r d ɹ̩ d	ɔ r d ɹ̩ d	b ɪ h e ɪ v	b ɪ h e ɪ v d	b ɪ h e ɪ v d	ɔ r d ɹ̩ d	1	1	reg_d	reg_d	reg_d
random	h o ʊ p	h o ʊ p t	h o ʊ p t	s p ɛ l	s p ɛ l d	s p ɛ l d	h o ʊ p d	0	0	reg_t	reg_t	reg_d
random	p ɛ p ɹ̩	p ɛ p ɹ̩ d	p ɛ p ɹ̩ d	r ɪ ŋ	r æ ŋ	r æ ŋ	NA	0	0	reg_d	reg_d	vowel_change
random	m ʌ n t͡ʃ	m ʌ n t͡ʃ t	m ʌ n t͡ʃ t	k ɑː ŋ k ɹ̩	k ɑː ŋ k ɹ̩ d	k ɑː ŋ k ɹ̩ d	m ʌ n t͡ʃ d	0	0	reg_t	reg_t	reg_d
random	p l æ s t ɹ̩	p l æ s t ɹ̩ d	p l æ s t ɹ̩ d	k a ʊ n t	k a ʊ n t ə d	k a ʊ n t ə d	p l æ s t ɹ̩ ə d	0	0	reg_d	reg_d	reg_əd
random	f a ɪ t	f ɔ t	f a ɪ t ə d	b æ n d ɪ d͡ʒ	b æ n d ɪ d͡ʒ d	b æ n d ɪ d͡ʒ d	f a ɪ t d	0	0	vowel_change	reg_əd	reg_d
random	t r æ k	t r æ k t	t r æ k t	t r æ v ə l	t r æ v ə l d	t r æ v ə l d	t r æ k d	0	0	reg_t	reg_t	reg_d
random	s o ʊ	s o ʊ d	s o ʊ d	b ɪ ɡ ɪ n	b ɪ ɡ æ n	b ɪ ɡ æ n	NA	0	0	reg_d	reg_d	vowel_change
random	m ɛ l t	m ɛ l t ə d	m ɛ l t ə d	w ɑː t͡ʃ	w ɑː t͡ʃ t	w ɑː t͡ʃ t	m ɛ l t t	0	0	reg_əd	reg_əd	reg_t
random	ɡ l ʌ v	ɡ l ʌ v d	ɡ l ʌ v d	d a ɪ	d a ɪ d	d a ɪ d	ɡ l ʌ v d	1	1	reg_d	reg_d	reg_d
random	t͡ʃ ɑː r d͡ʒ	t͡ʃ ɑː r d͡ʒ d	t͡ʃ ɑː r d͡ʒ d	p ɪ n t͡ʃ	p ɪ n t͡ʃ t	p ɪ n t͡ʃ t	t͡ʃ ɑː r d͡ʒ t	0	0	reg_d	reg_d	reg_t
random	l ɪ k	l ɪ k t	l ɪ k t	b l ɛ s	b l ɛ s t	b l ɛ s t	l ɪ k t	1	1	reg_t	reg_t	reg_t
random	d ɪ l ɪ v ɹ̩	d ɪ l ɪ v ɹ̩ d	d ɪ l ɪ v ɹ̩ d	k ɑː n t æ k t	k ɑː n t æ k t ə d	k ɑː n t æ k t ə d	d ɪ l ɪ v ɹ̩ ə d	0	0	reg_d	reg_d	reg_əd
random	b ʌ m p	b ʌ m p t	b ʌ m p t	t ɪ k ə l	t ɪ k ə l d	t ɪ k ə l d	b ʌ m p d	0	0	reg_t	reg_t	reg_d
random	a ɪ	a ɪ d	a ɪ d	m æ n ə d͡ʒ	m æ n ə d͡ʒ d	m æ n ə d͡ʒ d	a ɪ d	1	1	reg_d	reg_d	reg_d
random	k iː	k iː d	k iː d	f iː l	f ɛ l t	f ɛ l t	NA	0	0	reg_d	reg_d	vowel_change_suffix
random	s ɪ z ə l	s ɪ z ə l d	s ɪ z ə l d	s ɹ̩ k ə l	s ɹ̩ k ə l d	s ɹ̩ k ə l d	s ɪ z ə l d	1	1	reg_d	reg_d	reg_d
random	ɪ r e ɪ s	ɪ r e ɪ s t	ɪ r e ɪ s t	m e ɪ t	m e ɪ t ə d	m e ɪ t ə d	ɪ r e ɪ s ə d	0	0	reg_t	reg_t	reg_əd
random	s ɹ̩ a ʊ n d	s ɹ̩ a ʊ n d ə d	s ɹ̩ a ʊ n d ə d	b ʌ n d ə l	b ʌ n d ə l d	b ʌ n d ə l d	s ɹ̩ a ʊ n d d	0	0	reg_əd	reg_əd	reg_d
random	s k ɪ p	s k ɪ p t	s k ɪ p t	ɑː r ɡ j uː	ɑː r ɡ j uː d	ɑː r ɡ j uː d	s k ɪ p d	0	0	reg_t	reg_t	reg_d
random	d ɑː k t ɹ̩	d ɑː k t ɹ̩ d	d ɑː k t ɹ̩ d	n ɑː d	n ɑː d ə d	n ɑː d ə d	d ɑː k t ɹ̩ ə d	0	0	reg_d	reg_d	reg_əd
random	s e ɪ l	s e ɪ l d	s e ɪ l d	ɡ ɛ t	ɡ ɑː t	ɡ ɑː t	NA	0	0	reg_d	reg_d	vowel_change
random	ɪ n t ə r ɛ s t	ɪ n t ə r ɛ s t ə d	ɪ n t ə r ɛ s t ə d	s n æ ɡ	s n æ ɡ d	s n æ ɡ d	ɪ n t ə r ɛ s t d	0	0	reg_əd	reg_əd	reg_d
random	t r e ɪ s	t r e ɪ s t	t r e ɪ s t	b ʌ z	b ʌ z d	b ʌ z d	t r e ɪ s d	0	0	reg_t	reg_t	reg_d
random	a ɪ ɹ̩ n	a ɪ ɹ̩ n d	a ɪ ɹ̩ n d	ɡ ʌ m	ɡ ʌ m d	ɡ ʌ m d	a ɪ ɹ̩ n d	1	1	reg_d	reg_d	reg_d
random	iː v ɪ n	iː v ɪ n d	iː v ɪ n d	s p r ɛ d	s p r ɛ d	s p r ɛ d	iː v ɪ n	0	0	reg_d	reg_d	no_change
random	k o ʊ k s	k o ʊ k s t	k o ʊ k s t	h ʌ ɡ	h ʌ ɡ d	h ʌ ɡ d	k o ʊ k s d	0	0	reg_t	reg_t	reg_d
random	z ɪ r ɑː k s	z ɪ r ɑː k s t	z ɪ r ɑː k s t	s ɹ̩ p r a ɪ z	s ɹ̩ p r a ɪ z d	s ɹ̩ p r a ɪ z d	z ɪ r ɑː k s d	0	0	reg_t	reg_t	reg_d
random	b ɛ n d	b ɛ n d ə d	b ɛ n t	ɛ m p t iː	ɛ m p t iː d	ɛ m p t iː d	b ɛ n d d	0	0	reg_əd	coda_change	reg_d
random	p o ʊ z	p o ʊ z d	p o ʊ z d	ɡ ʌ l p	ɡ ʌ l p t	ɡ ʌ l p t	p o ʊ z t	0	0	reg_d	reg_d	reg_t
random	p ɑː k ə t	p ɑː k ə t ə d	p ɑː k ə t ə d	z æ p	z æ p t	z æ p t	p ɑː k ə t t	0	0	reg_əd	reg_əd	reg_t
random	f r a ɪ	f r a ɪ d	f r a ɪ d	l uː p	l uː p t	l uː p t	f r a ɪ t	0	0	reg_d	reg_d	reg_t
random	h æ n d ə l	h æ n d ə l d	h æ n d ə l d	r iː f r ɛ ʃ	r iː f r ɛ ʃ t	r iː f r ɛ ʃ t	h æ n d ə l t	0	0	reg_d	reg_d	reg_t
random	ə s o ʊ s iː e ɪ t	ə s o ʊ s iː e ɪ t ə d	ə s ʊ s æ k e ɪ t ə d	k ə n f j uː z	k ə n f j uː z d	k ə n f j uː z d	ə s o ʊ s iː e ɪ t d	0	0	reg_əd	other	reg_d
random	æ k t	æ k t ə d	æ k t ə d	t ɑː p	t ɑː p t	t ɑː p t	æ k t t	0	0	reg_əd	reg_əd	reg_t
random	r iː m uː v	r iː m uː v d	r iː m uː v d	l uː p	l uː p t	l uː p t	r iː m uː v t	0	0	reg_d	reg_d	reg_t
random	s l o ʊ	s l o ʊ d	s l o ʊ d	t r ʌ k	t r ʌ k t	t r ʌ k t	s l o ʊ t	0	0	reg_d	reg_d	reg_t
random	s t r æ p	s t r æ p t	s t r æ p t	ə d ɑː p t	ə d ɑː p t ə d	ə d ɑː p t ə d	s t r æ p ə d	0	0	reg_t	reg_t	reg_əd
random	d r e ɪ n	d r e ɪ n d	d r e ɪ n d	p r ɑː m ə s	p r ɑː m ə s t	p r ɑː m ə s t	d r e ɪ n t	0	0	reg_d	reg_d	reg_t
random	p ɛ ɡ	p ɛ ɡ d	p ɛ ɡ d	l æ f	l æ f t	l æ f t	p ɛ ɡ t	0	0	reg_d	reg_d	reg_t
random	k ə m p l e ɪ n	k ə m p l e ɪ n d	k ə m p l e ɪ n d	p r ɪ n t	p r ɪ n t ə d	p r ɪ n t ə d	k ə m p l e ɪ n ə d	0	0	reg_d	reg_d	reg_əd
random	f ɛ n s	f ɛ n s t	f ɛ n s t	m e ɪ k	m e ɪ d	m e ɪ d	NA	0	0	reg_t	reg_t	coda_change
random	k r iː e ɪ t	k r iː e ɪ t ə d	k r iː e ɪ t ə d	r iː s t r e ɪ n	r iː s t r e ɪ n d	r iː s t r e ɪ n d	k r iː e ɪ t d	0	0	reg_əd	reg_əd	reg_d
random	f l ʌ ʃ	f l ʌ ʃ t	f l ʌ ʃ t	d ʌ ŋ k	d ʌ ŋ k t	d ʌ ŋ k t	f l ʌ ʃ t	1	1	reg_t	reg_t	reg_t
random	ɡ ɑː r d	ɡ ɑː r d ə d	ɡ ɑː r d ə d	f ʌ d͡ʒ	f ʌ d͡ʒ d	f ʌ d͡ʒ d	ɡ ɑː r d d	0	0	reg_əd	reg_əd	reg_d
random	r ɪ ŋ k ə l	r ɪ ŋ k ə l d	r ɪ ŋ k ə l d	s k r e ɪ p	s k r e ɪ p t	s k r e ɪ p t	r ɪ ŋ k ə l t	0	0	reg_d	reg_d	reg_t
random	s w iː p	s w ɛ p t	s w iː p t	p l e ɪ	p l e ɪ d	p l e ɪ d	s w iː p d	0	0	vowel_change_suffix	reg_t	reg_d
random	s k ɛ d͡ʒ ʊ l	s k ɛ d͡ʒ ʊ l d	s k ɛ d͡ʒ ʊ l d	ə n t a ɪ	ə n t a ɪ d	ə n t a ɪ d	s k ɛ d͡ʒ ʊ l d	1	1	reg_d	reg_d	reg_d
random	f ɹ̩ m ɛ n t	f ɹ̩ m ɛ n t ə d	f ɹ̩ m ɛ n t ə d	m ɑː k	m ɑː k t	m ɑː k t	f ɹ̩ m ɛ n t t	0	0	reg_əd	reg_əd	reg_t
random	p ʌ z ə l	p ʌ z ə l d	p ʌ z ə l d	k l ɪ p	k l ɪ p t	k l ɪ p t	p ʌ z ə l t	0	0	reg_d	reg_d	reg_t
random	k l ɑː b ɹ̩	k l ɑː b ɹ̩ d	k l ɑː b ɹ̩ d	s ɑː k	s ɑː k t	s ɑː k t	k l ɑː b ɹ̩ t	0	0	reg_d	reg_d	reg_t
random	d ɪ n a ɪ	d ɪ n a ɪ d	d ɪ n a ɪ d	s t r a ɪ p	s t r a ɪ p t	s t r a ɪ p t	d ɪ n a ɪ t	0	0	reg_d	reg_d	reg_t
random	e ɪ k	e ɪ k t	e ɪ k t	a ɪ s	a ɪ s t	a ɪ s t	e ɪ k t	1	1	reg_t	reg_t	reg_t
random	l iː n	l iː n d	l ɛ n t	h o ʊ l	h o ʊ l d	h o ʊ l d	l iː n d	0	1	reg_d	vowel_change_suffix	reg_d
random	ʃ ɪ v ɹ̩	ʃ ɪ v ɹ̩ d	ʃ ɪ v ɹ̩ d	s iː	s ɔ	s ɔ	NA	0	0	reg_d	reg_d	vowel_change
random	f l ʌ d	f l ʌ d ə d	f l ʌ d ə d	b æ t	b æ t ə d	b æ t ə d	f l ʌ d ə d	1	1	reg_əd	reg_əd	reg_əd
random	w ɪ s k	w ɪ s k t	w ɪ s k t	s l iː p	s l ɛ p t	s l ɛ p t	NA	0	0	reg_t	reg_t	vowel_change_suffix
random	k ə n t r o ʊ l	k ə n t r o ʊ l d	k ə n t r o ʊ l d	ɡ ʌ m	ɡ ʌ m d	ɡ ʌ m d	k ə n t r o ʊ l d	1	1	reg_d	reg_d	reg_d
random	b ɑː t ə m	b ɑː t ə m d	b ɑː t ə m d	s a ʊ n d	s a ʊ n d ə d	s a ʊ n d ə d	b ɑː t ə m ə d	0	0	reg_d	reg_d	reg_əd
random	w ɔ r n	w ɔ r n d	w ɔ r n d	r uː f	r uː f t	r uː f t	w ɔ r n t	0	0	reg_d	reg_d	reg_t
random	b ɛ r iː	b ɛ r iː d	b ɛ r iː d	k a ʊ n t	k a ʊ n t ə d	k a ʊ n t ə d	b ɛ r iː ə d	0	0	reg_d	reg_d	reg_əd
random	ɔ f ɹ̩	ɔ f ɹ̩ d	ɔ f ɹ̩ d	t ɑː l ɹ̩ e ɪ t	t ɑː l ɹ̩ e ɪ t ə d	t ɑː l ɹ̩ e ɪ t ə d	ɔ f ɹ̩ ə d	0	0	reg_d	reg_d	reg_əd
random	b ɛ r	b o ʊ r	b ɛ r d	b l e ɪ m	b l e ɪ m d	b l e ɪ m d	b ɛ r d	1	0	vowel_change	reg_d	reg_d
random	s l ɪ p	s l ɪ p t	s l ɪ p t	f a ɪ n d	f a ʊ n d	f a ʊ n d	NA	0	0	reg_t	reg_t	vowel_change
random	t͡ʃ iː r	t͡ʃ iː r d	t͡ʃ iː r d	s t e ɪ t	s t e ɪ t ə d	s t e ɪ t ə d	t͡ʃ iː r ə d	0	0	reg_d	reg_d	reg_əd
random	r ɪ s k	r ɪ s k t	r ɪ s k t	ɛ n t ɹ̩ t e ɪ n	ɛ n t ɹ̩ t e ɪ n d	ɛ n t ɹ̩ t e ɪ n d	r ɪ s k d	0	0	reg_t	reg_t	reg_d
random	p ɛ t	p ɛ t ə d	p ɛ t	s n iː z	s n iː z d	s n iː z d	p ɛ t d	0	0	reg_əd	no_change	reg_d
random	t r ʌ s t	t r ʌ s t ə d	t r ʌ s t ə d	p ɹ̩ s w e ɪ d	p ɹ̩ s w e ɪ d ə d	p ɹ̩ s w e ɪ d ə d	t r ʌ s t ə d	1	1	reg_əd	reg_əd	reg_əd
random	ɪ n s t r ʌ k t	ɪ n s t r ʌ k t ə d	ɪ n s t r ʌ k t ə d	l ɑː b iː	l ɑː b iː d	l ɑː b iː d	ɪ n s t r ʌ k t d	0	0	reg_əd	reg_əd	reg_d
random	t͡ʃ ɪ k ə n	t͡ʃ ɪ k ə n d	t͡ʃ ɪ k ə n d	ɛ m p t iː	ɛ m p t iː d	ɛ m p t iː d	t͡ʃ ɪ k ə n d	1	1	reg_d	reg_d	reg_d
random	p r iː p ɛ r	p r iː p ɛ r d	p r iː p ɛ r d	r iː f ɪ l	r iː f ɪ l d	r iː f ɪ l d	p r iː p ɛ r d	1	1	reg_d	reg_d	reg_d
random	h æ m ɹ̩	h æ m ɹ̩ d	h æ m ɹ̩ d	s m o ʊ k	s m o ʊ k t	s m o ʊ k t	h æ m ɹ̩ t	0	0	reg_d	reg_d	reg_t
random	s p r ɪ ŋ k ə l	s p r ɪ ŋ k ə l d	s p r æ ŋ k ə l d	s t ɪ l	s t ɪ l d	s t ɪ l d	s p r ɪ ŋ k ə l d	0	1	reg_d	other	reg_d
random	r ɛ s ə l	r ɛ s ə l d	r ɛ s ə l d	n ɪ k s	n ɪ k s t	n ɪ k s t	r ɛ s ə l t	0	0	reg_d	reg_d	reg_t
random	h ɛ m	h ɛ m d	h ɛ m d	s n iː z	s n iː z d	s n iː z d	h ɛ m d	1	1	reg_d	reg_d	reg_d
random	p l æ n	p l æ n d	p l æ n d	k ɔ f	k ɔ f t	k ɔ f t	p l æ n t	0	0	reg_d	reg_d	reg_t
random	s t æ ʃ	s t æ ʃ t	s t æ ʃ t	ʃ r ɪ ŋ k	ʃ r æ ŋ k	ʃ r æ ŋ k	NA	0	0	reg_t	reg_t	vowel_change
random	m ɑː r k	m ɑː r k t	m ɑː r k t	ɪ n s ɪ s t	ɪ n s ɪ s t ə d	ɪ n s ɪ s t ə d	m ɑː r k ə d	0	0	reg_t	reg_t	reg_əd
random	k e ɪ v	k e ɪ v d	k e ɪ v d	ɡ l a ʊ ɹ̩	ɡ l a ʊ ɹ̩ d	ɡ l a ʊ ɹ̩ d	k e ɪ v d	1	1	reg_d	reg_d	reg_d
random	k ɹ̩ l	k ɹ̩ l d	k ɹ̩ l d	d r ɪ f t	d r ɪ f t ə d	d r ɪ f t ə d	k ɹ̩ l ə d	0	0	reg_d	reg_d	reg_əd
random	p r e ɪ z	p r e ɪ z d	p r e ɪ z d	k r æ ʃ	k r æ ʃ t	k r æ ʃ t	p r e ɪ z t	0	0	reg_d	reg_d	reg_t
random	d æ m	d æ m d	d æ m d	s p ɔ r t	s p ɔ r t ə d	s p ɔ r t ə d	d æ m ə d	0	0	reg_d	reg_d	reg_əd
random	f l ʌ t ɹ̩	f l ʌ t ɹ̩ d	f l ʌ t ɹ̩ d	s w ɪ t͡ʃ	s w ɪ t͡ʃ t	s w ɪ t͡ʃ t	f l ʌ t ɹ̩ t	0	0	reg_d	reg_d	reg_t
random	b ɛ l t	b ɛ l t ə d	b ɛ l t ə d	w ɪ l	w ɪ l d	w ɪ l d	b ɛ l t d	0	0	reg_əd	reg_əd	reg_d
random	b ɔ l	b ɔ l d	b ɔ l d	ɪ k w e ɪ t	ɪ k w e ɪ t ə d	ɪ k w e ɪ t ə d	b ɔ l ə d	0	0	reg_d	reg_d	reg_əd
random	s k æ l ə p	s k æ l ə p t	s k æ l ə p t	h o ʊ l d	h ɛ l d	h ɛ l d	NA	0	0	reg_t	reg_t	vowel_change
random	k ə m p ɛ r	k ə m p ɛ r d	k ə m p ɛ r d	f e ɪ l	f e ɪ l d	f e ɪ l d	k ə m p ɛ r d	1	1	reg_d	reg_d	reg_d
random	b ɔ ɪ l	b ɔ ɪ l d	b ɔ ɪ l d	o ʊ v ɹ̩ l æ p	o ʊ v ɹ̩ l æ p t	o ʊ v ɹ̩ l æ p t	b ɔ ɪ l t	0	0	reg_d	reg_d	reg_t
random	s k æ n	s k æ n d	s k æ n d	k ɹ̩ ɛ k t	k ɹ̩ ɛ k t ə d	k ɹ̩ ɛ k t ə d	s k æ n ə d	0	0	reg_d	reg_d	reg_əd
random	r ɛ k ə m ɛ n d	r ɛ k ə m ɛ n d ə d	r ɛ k ə m ɛ n d	d iː l	d ɛ l t	d ɛ l t	NA	0	0	reg_əd	no_change	vowel_change_suffix
random	t o ʊ	t o ʊ d	t o ʊ d	ɡ r e ɪ d	ɡ r e ɪ d ə d	ɡ r e ɪ d ə d	t o ʊ ə d	0	0	reg_d	reg_d	reg_əd
random	s t r ɛ s	s t r ɛ s t	s t r ɛ s t	p ʌ m p	p ʌ m p t	p ʌ m p t	s t r ɛ s t	1	1	reg_t	reg_t	reg_t
random	b æ n d	b æ n d ə d	b æ n d ə d	t a ɪ m	t a ɪ m d	t a ɪ m d	b æ n d d	0	0	reg_əd	reg_əd	reg_d
random	b o ʊ s t	b o ʊ s t ə d	b o ʊ s t ə d	o ʊ v ɹ̩ l æ p	o ʊ v ɹ̩ l æ p t	o ʊ v ɹ̩ l æ p t	b o ʊ s t t	0	0	reg_əd	reg_əd	reg_t
random	r ɛ s k j uː	r ɛ s k j uː d	r ɛ s k j uː d	t ɪ p	t ɪ p t	t ɪ p t	r ɛ s k j uː t	0	0	reg_d	reg_d	reg_t
random	b ʌ s	b ʌ s t	b ʌ s t	s ə l ɛ k t	s ə l ɛ k t ə d	s ə l ɛ k t ə d	b ʌ s ə d	0	0	reg_t	reg_t	reg_əd
random	m ɑː r	m ɑː r d	m ɑː r d	ɪ k s t ɛ n d	ɪ k s t ɛ n d ə d	ɪ k s t ɛ n d ə d	m ɑː r ə d	0	0	reg_d	reg_d	reg_əd
random	t ʌ m b ə l	t ʌ m b ə l d	t ʌ m b ə l d	n a ɪ f	n a ɪ f t	n a ɪ f t	t ʌ m b ə l t	0	0	reg_d	reg_d	reg_t
random	d ɪ s t r ɔ ɪ	d ɪ s t r ɔ ɪ d	d ɪ s t r ɔ r d	t a ɪ	t a ɪ d	t a ɪ d	d ɪ s t r ɔ ɪ d	0	1	reg_d	rhyme_replaced	reg_d
random	w æ ɡ	w æ ɡ d	w æ ɡ d	r ɛ k ə ɡ n a ɪ z	r ɛ k ə ɡ n a ɪ z d	r ɛ k ə ɡ n a ɪ z d	w æ ɡ d	1	1	reg_d	reg_d	reg_d
random	p a ʊ ɹ̩	p a ʊ ɹ̩ d	p a ʊ ɹ̩ d	s w uː p	s w uː p t	s w uː p t	p a ʊ ɹ̩ t	0	0	reg_d	reg_d	reg_t
random	b l iː t͡ʃ	b l iː t͡ʃ t	b l ɛ t͡ʃ t	t r e ɪ d	t r e ɪ d ə d	t r e ɪ d ə d	b l iː t͡ʃ ə d	0	0	reg_t	vowel_change_suffix	reg_əd
random	t æ ŋ ɡ ə l	t æ ŋ ɡ ə l d	t æ ŋ ɡ ə l d	z æ p	z æ p t	z æ p t	t æ ŋ ɡ ə l t	0	0	reg_d	reg_d	reg_t
random	n ɔ	n ɔ d	n ɔ d	l uː s	l uː s t	l uː s t	n ɔ t	0	0	reg_d	reg_d	reg_t
random	r o ʊ m	r o ʊ m d	r o ʊ m d	t r ʌ b ə l	t r ʌ b ə l d	t r ʌ b ə l d	r o ʊ m d	1	1	reg_d	reg_d	reg_d
random	b l ɪ ŋ k	b l ɪ ŋ k t	b l æ ŋ k	p ɪ k t͡ʃ ɹ̩	p ɪ k t͡ʃ ɹ̩ d	p ɪ k t͡ʃ ɹ̩ d	b l ɪ ŋ k d	0	0	reg_t	vowel_change	reg_d
random	t w ɹ̩ l	t w ɹ̩ l d	t w ɹ̩ l d	f r ʌ s t r e ɪ t	f r ʌ s t r e ɪ t ə d	f r ʌ s t r e ɪ t ə d	t w ɹ̩ l ə d	0	0	reg_d	reg_d	reg_əd
random	ə n b ʌ t ə n	ə n b ʌ t ə n d	ə n b ʌ t ə n d	k r æ k	k r æ k t	k r æ k t	ə n b ʌ t ə n t	0	0	reg_d	reg_d	reg_t
random	θ r ɛ t ə n	θ r ɛ t ə n d	θ r ɛ t ə n d	s a ɪ z	s a ɪ z d	s a ɪ z d	θ r ɛ t ə n d	1	1	reg_d	reg_d	reg_d
random	b ɛ l o ʊ	b ɛ l o ʊ d	b ɛ l o ʊ d	r ɪ p iː t	r ɪ p iː t ə d	r ɪ p iː t ə d	b ɛ l o ʊ ə d	0	0	reg_d	reg_d	reg_əd
random	s p ɛ ʃ ə l a ɪ z	s p ɛ ʃ ə l a ɪ z d	s p ɛ ʃ ə l a ɪ z d	p r ə t ɛ k t	p r ə t ɛ k t ə d	p r ə t ɛ k t ə d	s p ɛ ʃ ə l a ɪ z ə d	0	0	reg_d	reg_d	reg_əd
random	ɪ n ɪ ʃ iː e ɪ t	ɪ n ɪ ʃ iː e ɪ t ə d	ɪ n ɪ ʃ ɪ e ɪ t ə d	s t ɛ r	s t ɛ r d	s t ɛ r d	ɪ n ɪ ʃ iː e ɪ t d	0	0	reg_əd	other	reg_d
random	p iː p	p iː p t	p iː p t	d ʌ m p	d ʌ m p t	d ʌ m p t	p iː p t	1	1	reg_t	reg_t	reg_t
random	ʃ ʌ f ə l	ʃ ʌ f ə l d	ʃ ʌ f ə l d	r iː ɹ̩ e ɪ n d͡ʒ	r iː ɹ̩ e ɪ n d͡ʒ d	r iː ɹ̩ e ɪ n d͡ʒ d	ʃ ʌ f ə l d	1	1	reg_d	reg_d	reg_d
random	ɪ n f l uː ə n s	ɪ n f l uː ə n s t	ɪ n f l uː n ə n d	θ æ ŋ k	θ æ ŋ k t	θ æ ŋ k t	ɪ n f l uː ə n s t	0	1	reg_t	other	reg_t
random	d a ʊ n	d a ʊ n d	d a ʊ n d	f l a ɪ	f l uː	f l uː	NA	0	0	reg_d	reg_d	vowel_change
random	d ɪ v ɛ l ə p	d ɪ v ɛ l ə p t	d ɪ v ɛ l ə p ə d	iː k w ə l	iː k w ə l d	iː k w ə l d	d ɪ v ɛ l ə p d	0	0	reg_t	reg_əd	reg_d
random	s p e ɪ	s p e ɪ d	s p e ɪ d	r uː l	r uː l d	r uː l d	s p e ɪ d	1	1	reg_d	reg_d	reg_d
random	r iː p l e ɪ s	r iː p l e ɪ s t	r iː p l e ɪ s t	ə d ɪ k t	ə d ɪ k t ə d	ə d ɪ k t ə d	r iː p l e ɪ s ə d	0	0	reg_t	reg_t	reg_əd
random	s p ɔ ɪ l	s p ɔ ɪ l d	s p ɔ ɪ l d	n o ʊ z	n o ʊ z d	n o ʊ z d	s p ɔ ɪ l d	1	1	reg_d	reg_d	reg_d
random	l e ɪ b ə l	l e ɪ b ə l d	l e ɪ b ə l d	k ʊ k	k ʊ k t	k ʊ k t	l e ɪ b ə l t	0	0	reg_d	reg_d	reg_t
random	d r ɪ b ə l	d r ɪ b ə l d	d r ɪ b ə l d	k æ m p	k æ m p t	k æ m p t	d r ɪ b ə l t	0	0	reg_d	reg_d	reg_t
random	t͡ʃ æ n ə l	t͡ʃ æ n ə l d	t͡ʃ æ n ə l d	t r ɪ ɡ ɹ̩	t r ɪ ɡ ɹ̩ d	t r ɪ ɡ ɹ̩ d	t͡ʃ æ n ə l d	1	1	reg_d	reg_d	reg_d
random	ɪ m p r uː v	ɪ m p r uː v d	ɪ m p r uː v d	s t ʌ b	s t ʌ b d	s t ʌ b d	ɪ m p r uː v d	1	1	reg_d	reg_d	reg_d
random	p r e ɪ	p r e ɪ d	p r e ɪ d	p ɹ̩ s w e ɪ d	p ɹ̩ s w e ɪ d ə d	p ɹ̩ s w e ɪ d ə d	p r e ɪ ə d	0	0	reg_d	reg_d	reg_əd
random	w ɛ t	w ɛ t	w ɛ t	k l æ s	k l æ s t	k l æ s t	w ɛ t t	0	0	no_change	no_change	reg_t
random	s t r e ɪ n	s t r e ɪ n d	s t r e ɪ n d	s t ɪ l	s t ɪ l d	s t ɪ l d	s t r e ɪ n d	1	1	reg_d	reg_d	reg_d
random	m ɑː r b ə l	m ɑː r b ə l d	m ɑː r b ə l d	s t ɔ r	s t ɔ r d	s t ɔ r d	m ɑː r b ə l d	1	1	reg_d	reg_d	reg_d
random	ʃ ɛ l	ʃ ɛ l d	ʃ o ʊ l d	ɪ m ə t e ɪ t	ɪ m ə t e ɪ t ə d	ɪ m ə t e ɪ t ə d	ʃ ɛ l ə d	0	0	reg_d	vowel_change_suffix	reg_əd
random	k o ʊ ɑː p ɹ̩ e ɪ t	k o ʊ ɑː p ɹ̩ e ɪ t ə d	k o ʊ ɑː p ɹ̩ e ɪ t ə d	d o ʊ n e ɪ t	d o ʊ n e ɪ t ə d	d o ʊ n e ɪ t ə d	k o ʊ ɑː p ɹ̩ e ɪ t ə d	1	1	reg_əd	reg_əd	reg_əd
random	ɡ r e ɪ t	ɡ r e ɪ t ə d	ɡ r e ɪ t ə d	t ɪ k ə l	t ɪ k ə l d	t ɪ k ə l d	ɡ r e ɪ t d	0	0	reg_əd	reg_əd	reg_d
random	f ɔ r m j ə l e ɪ t	f ɔ r m j ə l e ɪ t ə d	f ɔ r b ə l j ə l e ɪ t ə d	b ɑː k s	b ɑː k s t	b ɑː k s t	f ɔ r m j ə l e ɪ t t	0	0	reg_əd	other	reg_t
random	k æ n s ə l	k æ n s ə l d	k æ n s ə l d	ʃ ɪ p	ʃ ɪ p t	ʃ ɪ p t	k æ n s ə l t	0	0	reg_d	reg_d	reg_t
random	d ɪ s k ʌ v ɹ̩	d ɪ s k ʌ v ɹ̩ d	d ɪ s k ʌ v ɹ̩ d	r ə s iː v	r ə s iː v d	r ə s iː v d	d ɪ s k ʌ v ɹ̩ d	1	1	reg_d	reg_d	reg_d
random	ə m e ɪ z	ə m e ɪ z d	ə m e ɪ z d	s k r ɪ b ə l	s k r ɪ b ə l d	s k r ɪ b ə l d	ə m e ɪ z d	1	1	reg_d	reg_d	reg_d
random	f æ n s iː	f æ n s iː d	f æ n s iː d	p ɑː t	p ɑː t ə d	p ɑː t ə d	f æ n s iː ə d	0	0	reg_d	reg_d	reg_əd
random	æ n ə l a ɪ z	æ n ə l a ɪ z d	æ n ə l a ɪ z d	s n æ k	s n æ k t	s n æ k t	æ n ə l a ɪ z t	0	0	reg_d	reg_d	reg_t
random	t e ɪ l ɹ̩	t e ɪ l ɹ̩ d	t e ɪ l ɹ̩ d	p iː l	p iː l d	p iː l d	t e ɪ l ɹ̩ d	1	1	reg_d	reg_d	reg_d
random	p ɑː r t͡ʃ	p ɑː r t͡ʃ t	p ɑː r t͡ʃ t	b l æ k m e ɪ l	b l æ k m e ɪ l d	b l æ k m e ɪ l d	p ɑː r t͡ʃ d	0	0	reg_t	reg_t	reg_d
random	b ɪ d	b e ɪ d	b ɪ d ə d	b æ l ə n s	b æ l ə n s t	b æ l ə n s t	b ɪ d t	0	0	vowel_change	reg_əd	reg_t
random	s o ʊ k	s o ʊ k t	s o ʊ k t	b ʌ ɡ	b ʌ ɡ d	b ʌ ɡ d	s o ʊ k d	0	0	reg_t	reg_t	reg_d
random	s uː	s uː d	s uː d	ɪ m p ɔ r t	ɪ m p ɔ r t ə d	ɪ m p ɔ r t ə d	s uː ə d	0	0	reg_d	reg_d	reg_əd
random	f æ n	f æ n d	f æ n d	k r ʌ m b ə l	k r ʌ m b ə l d	k r ʌ m b ə l d	f æ n d	1	1	reg_d	reg_d	reg_d
random	f r ɛ k ə l	f r ɛ k ə l d	f r ɛ k ə l d	h iː t	h iː t ə d	h iː t ə d	f r ɛ k ə l ə d	0	0	reg_d	reg_d	reg_əd
random	ə n d uː	ə n d ɪ d	ə n d uː d	f ɛ ð ɹ̩	f ɛ ð ɹ̩ d	f ɛ ð ɹ̩ d	ə n d uː d	1	0	vowel_change_suffix	reg_d	reg_d
random	θ ʌ m p	θ ʌ m p t	θ ʌ m p t	r iː l	r iː l d	r iː l d	θ ʌ m p d	0	0	reg_t	reg_t	reg_d
random	w ɑː b ə l	w ɑː b ə l d	w ɑː b ə l d	m ɑː k	m ɑː k t	m ɑː k t	w ɑː b ə l t	0	0	reg_d	reg_d	reg_t
random	ɡ r ɪ l	ɡ r ɪ l d	ɡ r ɪ l d	s t æ m p	s t æ m p t	s t æ m p t	ɡ r ɪ l t	0	0	reg_d	reg_d	reg_t
random	ə s uː m	ə s uː m d	ə s uː m d	f ɑː r m	f ɑː r m d	f ɑː r m d	ə s uː m d	1	1	reg_d	reg_d	reg_d
random	z ɪ ɡ z æ ɡ	z ɪ ɡ z æ ɡ d	z ɪ ɡ z æ ɡ d	k ɑː p iː	k ɑː p iː d	k ɑː p iː d	z ɪ ɡ z æ ɡ d	1	1	reg_d	reg_d	reg_d
random	p ɛ r ə ʃ uː t	p ɛ r ə ʃ uː t ə d	p ɛ r ə ʃ ə t ə d	f l æ p	f l æ p t	f l æ p t	p ɛ r ə ʃ uː t t	0	0	reg_əd	other	reg_t
random	ɛ ɡ	ɛ ɡ d	ɛ ɡ d	w ɪ n t ɹ̩	w ɪ n t ɹ̩ d	w ɪ n t ɹ̩ d	ɛ ɡ d	1	1	reg_d	reg_d	reg_d
random	l o ʊ k e ɪ t	l o ʊ k e ɪ t ə d	l o ʊ k e ɪ t ə d	k r æ k	k r æ k t	k r æ k t	l o ʊ k e ɪ t t	0	0	reg_əd	reg_əd	reg_t
random	n e ɪ l	n e ɪ l d	n e ɪ l d	s m ɛ l	s m ɛ l d	s m ɛ l d	n e ɪ l d	1	1	reg_d	reg_d	reg_d
random	f a ɪ n	f a ɪ n d	f a ɪ n d	f ʌ d͡ʒ	f ʌ d͡ʒ d	f ʌ d͡ʒ d	f a ɪ n d	1	1	reg_d	reg_d	reg_d
random	ʃ r ɪ v ə l	ʃ r ɪ v ə l d	ʃ r ɪ v ə l d	s t iː m	s t iː m d	s t iː m d	ʃ r ɪ v ə l d	1	1	reg_d	reg_d	reg_d
random	t͡ʃ a ɪ m	t͡ʃ a ɪ m d	t͡ʃ a ɪ m d	s a ɪ n	s a ɪ n d	s a ɪ n d	t͡ʃ a ɪ m d	1	1	reg_d	reg_d	reg_d
random	ɪ v æ p ɹ̩ e ɪ t	ɪ v æ p ɹ̩ e ɪ t ə d	ɪ v æ p ɹ̩ e ɪ t ə d	s t ɹ̩	s t ɹ̩ d	s t ɹ̩ d	ɪ v æ p ɹ̩ e ɪ t d	0	0	reg_əd	reg_əd	reg_d
random	ɑː k j ə p a ɪ	ɑː k j ə p a ɪ d	ɑː k j ə p a ɪ d	f j uː ə l	f j uː ə l d	f j uː ə l d	ɑː k j ə p a ɪ d	1	1	reg_d	reg_d	reg_d
random	k l ɑː ɡ	k l ɑː ɡ d	k l ɑː ɡ d	æ k s ɛ s ɹ̩ a ɪ z	æ k s ɛ s ɹ̩ a ɪ z d	æ k s ɛ s ɹ̩ a ɪ z d	k l ɑː ɡ d	1	1	reg_d	reg_d	reg_d
random	m æ p	m æ p t	m æ p t	b ɛ t ɹ̩	b ɛ t ɹ̩ d	b ɛ t ɹ̩ d	m æ p d	0	0	reg_t	reg_t	reg_d
random	ɡ e ɪ z	ɡ e ɪ z d	ɡ e ɪ z d	k æ ʃ	k æ ʃ t	k æ ʃ t	ɡ e ɪ z t	0	0	reg_d	reg_d	reg_t
random	s k æ t ɹ̩	s k æ t ɹ̩ d	s k æ t ɹ̩ d	n ʌ m b ɹ̩	n ʌ m b ɹ̩ d	n ʌ m b ɹ̩ d	s k æ t ɹ̩ d	1	1	reg_d	reg_d	reg_d
random	s n ɑː r ə l	s n ɑː r ə l d	s n ɑː r ə l d	f l ɑː p	f l ɑː p t	f l ɑː p t	s n ɑː r ə l t	0	0	reg_d	reg_d	reg_t
random	f l e ɪ v ɹ̩	f l e ɪ v ɹ̩ d	f l e ɪ v ɹ̩ d	f j uː ə l	f j uː ə l d	f j uː ə l d	f l e ɪ v ɹ̩ d	1	1	reg_d	reg_d	reg_d
random	ɪ d͡ʒ ɛ k t	ɪ d͡ʒ ɛ k t ə d	ɪ d͡ʒ ɛ k t ə d	b ɛ s t	b ɛ s t ə d	b ɛ s t ə d	ɪ d͡ʒ ɛ k t ə d	1	1	reg_əd	reg_əd	reg_əd
random	r iː æ k t	r iː æ k t ə d	r iː æ k t ə d	r ɪ p iː t	r ɪ p iː t ə d	r ɪ p iː t ə d	r iː æ k t ə d	1	1	reg_əd	reg_əd	reg_əd
random	s t e ɪ p ə l	s t e ɪ p ə l d	s t e ɪ p ə l d	d a ʊ t	d a ʊ t ə d	d a ʊ t ə d	s t e ɪ p ə l ə d	0	0	reg_d	reg_d	reg_əd
random	ɪ k s p l o ʊ d	ɪ k s p l o ʊ d ə d	ɪ k s p l o ʊ d	ə n z ɪ p	ə n z ɪ p t	ə n z ɪ p t	ɪ k s p l o ʊ d t	0	0	reg_əd	no_change	reg_t
random	r ɪ z ɛ m b ə l	r ɪ z ɛ m b ə l d	r ɪ z ɛ m b ə l d	d͡ʒ æ k	d͡ʒ æ k t	d͡ʒ æ k t	r ɪ z ɛ m b ə l t	0	0	reg_d	reg_d	reg_t
random	s w ɪ v ə l	s w ɪ v ə l d	s w ɪ v ə l d	b l ʌ ʃ	b l ʌ ʃ t	b l ʌ ʃ t	s w ɪ v ə l t	0	0	reg_d	reg_d	reg_t
random	w æ k s	w æ k s t	w æ k s t	ə t æ t͡ʃ	ə t æ t͡ʃ t	ə t æ t͡ʃ t	w æ k s t	1	1	reg_t	reg_t	reg_t
random	s k r a ʊ n d͡ʒ	s k r a ʊ n d͡ʒ d	s k r a ʊ n d͡ʒ d	s ə p ɔ r t	s ə p ɔ r t ə d	s ə p ɔ r t ə d	s k r a ʊ n d͡ʒ ə d	0	0	reg_d	reg_d	reg_əd
random	ɔ r ɡ ə n a ɪ z	ɔ r ɡ ə n a ɪ z d	ɔ r ɡ ə n a ɪ z d	s k r e ɪ p	s k r e ɪ p t	s k r e ɪ p t	ɔ r ɡ ə n a ɪ z t	0	0	reg_d	reg_d	reg_t
random	d ɪ z a ɪ n	d ɪ z a ɪ n d	d ɪ z a ɪ n d	f r ʌ n t	f r ʌ n t ə d	f r ʌ n t ə d	d ɪ z a ɪ n ə d	0	0	reg_d	reg_d	reg_əd
