neighbors	src	gold	pred	neighbor_src	neighbor_tgt	analogy	regular	matches_pred	matches_gold
model_sep	s e ɪ	s ɛ d	s e ɪ d	s a ɪ	s a ɪ d	s e ɪ d	0	1	0
model_sep	ɡ o ʊ	w ɛ n t	ɡ o ʊ d	ɡ uː f	ɡ uː f t	ɡ o ʊ t	0	0	0
model_sep	h æ p ə n	h æ p ə n d	h æ p ə n d	h o ʊ l d	h ɛ l d	NA	1	0	0
model_sep	k æ t͡ʃ	k ɔ t	k æ t͡ʃ t	k ɔ f	k ɔ f t	k æ t͡ʃ t	0	1	0
model_sep	l ʌ v	l ʌ v d	l ʌ v d	l æ f	l æ f t	l ʌ v t	1	0	0
model_sep	w ɹ̩ k	w ɹ̩ k t	w ɹ̩ k t	w æ k	w æ k t	w ɹ̩ k t	1	1	1
model_sep	k ʌ t	k ʌ t	k ʌ t	k ɪ d	k ɪ d ə d	k ʌ t ə d	0	0	0
model_sep	n iː d	n iː d ə d	n iː d ə d	n ɑː d	n ɑː d ə d	n iː d ə d	1	1	1
model_sep	z ɪ p ɹ̩	z ɪ p ɹ̩ d	z ɪ p ɹ̩ d	z uː m	z uː m d	z ɪ p ɹ̩ d	1	1	1
model_sep	b a ɪ	b ɔ t	b a ɪ d	b iː p	b iː p t	b a ɪ t	0	0	0
model_sep	m iː t	m ɛ t	m iː t ə d	m ɑː p	m ɑː p t	m iː t t	0	0	0
model_sep	m e ɪ l	m e ɪ l d	m e ɪ l d	m a ʊ ð	m a ʊ ð d	m e ɪ l d	1	1	1
model_sep	t iː t͡ʃ	t ɔ t	t iː t͡ʃ t	t ʌ t͡ʃ	t ʌ t͡ʃ t	t iː t͡ʃ t	0	1	0
model_sep	s p ɛ n d	s p ɛ n t	s p ɛ n d ə d	s p r ɛ d	s p r ɛ d	s p ɛ n d	0	0	0
model_sep	h æ n d	h æ n d ə d	h æ n d ə d	h a ɪ d	h ɪ d	NA	1	0	0
model_sep	m ɛ r iː	m ɛ r iː d	m ɛ r iː d	m ʌ d iː	m ʌ d iː d	m ɛ r iː d	1	1	1
model_sep	r ɛ d iː	r ɛ d iː d	r ɛ d iː d	r e ɪ z	r e ɪ z d	r ɛ d iː d	1	1	1
model_sep	f l o ʊ t	f l o ʊ t ə d	f l o ʊ t ə d	f r ɔ s t	f r ɔ s t ə d	f l o ʊ t ə d	1	1	1
model_sep	s k w ɹ̩ t	s k w ɹ̩ t ə d	s k w ɹ̩ t ə d	s p ɔ r t	s p ɔ r t ə d	s k w ɹ̩ t ə d	1	1	1
model_sep	w ɔ k	w ɔ k t	w ɔ k t	w æ k	w æ k t	w ɔ k t	1	1	1
model_sep	f ɪ k s	f ɪ k s t	f ɪ k s t	f e ɪ s	f e ɪ s t	f ɪ k s t	1	1	1
model_sep	p r æ k t ɪ s	p r æ k t ɪ s t	p r æ k t ɪ s t	p r iː t ɛ n d	p r iː t ɛ n d ə d	p r æ k t ɪ s ə d	1	0	0
model_sep	k iː p	k ɛ p t	k iː p t	k æ p	k æ p t	k iː p t	0	1	0
model_sep	n ɪ b ə l	n ɪ b ə l d	n ɪ b ə l d	n ʌ k ə l	n ʌ k ə l d	n ɪ b ə l d	1	1	1
model_sep	w uː	w uː d	w uː d	w iː	w iː d	w uː d	1	1	1
model_sep	k ɪ l	k ɪ l d	k ɪ l d	k uː l	k uː l d	k ɪ l d	1	1	1
model_sep	k æ r iː	k æ r iː d	k æ r iː d	k ɑː p iː	k ɑː p iː d	k æ r iː d	1	1	1
model_sep	ɹ̩ n	ɹ̩ n d	ɹ̩ n d	d͡ʒ e ɪ l	d͡ʒ e ɪ l d	ɹ̩ n d	1	1	1
model_sep	k ə l ɛ k t	k ə l ɛ k t ə d	k ə l ɛ k t ə d	k w a ɪ ə t	k w a ɪ ə t ə d	k ə l ɛ k t ə d	1	1	1
model_sep	d æ n s	d æ n s t	d æ n s t	d r æ ɡ	d r æ ɡ d	d æ n s d	1	0	0
model_sep	d r ɔ	d r uː	d r ɔ r d	d ʌ b	d ʌ b d	d r ɔ d	0	0	0
model_sep	p r a ɪ	p r a ɪ d	p r a ɪ d	p l a ɪ	p l a ɪ d	p r a ɪ d	1	1	1
model_sep	ɪ n v a ɪ t	ɪ n v a ɪ t ə d	ɪ n v a ɪ t ə d	ɪ n v ɛ n t	ɪ n v ɛ n t ə d	ɪ n v a ɪ t ə d	1	1	1
model_sep	r iː ə l a ɪ z	r iː ə l a ɪ z d	r iː ə l a ɪ z d	r iː ɹ̩ e ɪ n d͡ʒ	r iː ɹ̩ e ɪ n d͡ʒ d	r iː ə l a ɪ z d	1	1	1
model_sep	d r ɛ s	d r ɛ s t	d r ɛ s t	d r æ ɡ	d r æ ɡ d	d r ɛ s d	1	0	0
model_sep	t r æ n z m ɪ t	t r æ n z m ɪ t ə d	t r æ n z e ɪ t ə d	t ɹ̩ m ə n e ɪ t	t ɹ̩ m ə n e ɪ t ə d	t r æ n z m ɪ t ə d	1	0	1
model_sep	ʃ uː	ʃ uː d	ʃ uː	ʃ a ɪ	ʃ a ɪ d	ʃ uː d	1	0	1
model_sep	p iː s	p iː s t	p iː s t	p æ s	p æ s t	p iː s t	1	1	1
model_sep	d ɛ r	d ɛ r d	d ɛ r d	d ʌ b	d ʌ b d	d ɛ r d	1	1	1
model_sep	b ɪ l d	b ɪ l t	b ɪ l d ə d	b r ɛ d	b r ɛ d ə d	b ɪ l d ə d	0	1	0
model_sep	w ɪ n	w ʌ n	w ɪ n d	w ɹ̩ iː	w ɹ̩ iː d	w ɪ n d	0	1	0
model_sep	k l a ɪ m	k l a ɪ m d	k l a ɪ m d	k l a ʊ d	k l a ʊ d ə d	k l a ɪ m ə d	1	0	0
model_sep	s t ʌ f	s t ʌ f t	s t ʌ f t	s n ʌ f	s n ʌ f t	s t ʌ f t	1	1	1
model_sep	s t æ n d	s t ʊ d	s t æ n d ə d	s p r ɛ d	s p r ɛ d	s t æ n d	0	0	0
model_sep	d a ɪ s	d a ɪ s t	d a ɪ s t	d r æ ɡ	d r æ ɡ d	d a ɪ s d	1	0	0
model_sep	k o ʊ m	k o ʊ m d	k o ʊ m d	k r iː m	k r iː m d	k o ʊ m d	1	1	1
model_sep	ɡ r o ʊ	ɡ r uː	ɡ r o ʊ d	ɡ l o ʊ	ɡ l o ʊ d	ɡ r o ʊ d	0	1	0
model_sep	b ʌ t ɹ̩	b ʌ t ɹ̩ d	b ʌ t ɹ̩ d	b ɑː ð ɹ̩	b ɑː ð ɹ̩ d	b ʌ t ɹ̩ d	1	1	1
model_sep	ə p s ɛ t	ə p s ɛ t	ə p s ɛ t ə d	ə f ɛ k t	ə f ɛ k t ə d	ə p s ɛ t ə d	0	1	0
model_sep	b ɑː r	b ɑː r d	b ɑː r d	b ɔ r	b ɔ r d	b ɑː r d	1	1	1
model_sep	m ɪ k s	m ɪ k s t	m ɪ k s t	m ɪ n s	m ɪ n s t	m ɪ k s t	1	1	1
model_sep	l ɹ̩ n	l ɹ̩ n d	l ɹ̩ n d	l ɔ ŋ	l ɔ ŋ d	l ɹ̩ n d	1	1	1
model_sep	r æ t ə l	r æ t ə l d	r æ t ə l d	r ʌ f ə l	r ʌ f ə l d	r æ t ə l d	1	1	1
model_sep	l uː z	l ɔ s t	l uː z d	l ɔ ŋ	l ɔ ŋ d	l uː z d	0	1	0
model_sep	p ɔ r	p ɔ r d	p ɔ r d	p ɛ r	p ɛ r d	p ɔ r d	1	1	1
model_sep	m æ n	m æ n d	m æ n d	m o ʊ	m o ʊ d	m æ n d	1	1	1
model_sep	m æ t͡ʃ	m æ t͡ʃ t	m æ t͡ʃ t	m ɪ s	m ɪ s t	m æ t͡ʃ t	1	1	1
model_sep	w ɑː n d ɹ̩	w ɑː n d ɹ̩ d	w ɑː n d ɹ̩ d	w ʌ n d ɹ̩	w ʌ n d ɹ̩ d	w ɑː n d ɹ̩ d	1	1	1
model_sep	r iː m a ɪ n d	r iː m a ɪ n d ə d	r iː m a ɪ n d ə d	r iː b a ʊ n d	r iː b a ʊ n d ə d	r iː m a ɪ n d ə d	1	1	1
model_sep	s n ɪ f	s n ɪ f t	s n ɪ f t	s n ʌ f	s n ʌ f t	s n ɪ f t	1	1	1
model_sep	p iː k	p iː k t	p iː k t	p æ k	p æ k t	p iː k t	1	1	1
model_sep	p l iː z	p l iː z d	p l iː z d	p iː t ɹ̩	p iː t ɹ̩ d	p l iː z d	1	1	1
model_sep	b e ɪ k	b e ɪ k t	b e ɪ k t	b ɑː r k	b ɑː r k t	b e ɪ k t	1	1	1
model_sep	r ɪ p	r ɪ p t	r ɪ p t	r æ p	r æ p t	r ɪ p t	1	1	1
model_sep	t͡ʃ e ɪ n d͡ʒ	t͡ʃ e ɪ n d͡ʒ d	t͡ʃ e ɪ n d͡ʒ d	t͡ʃ ʌ k ə l	t͡ʃ ʌ k ə l d	t͡ʃ e ɪ n d͡ʒ d	1	1	1
model_sep	ɔ r d ɹ̩	ɔ r d ɹ̩ d	ɔ r d ɹ̩ d	ɔ l t ɹ̩	ɔ l t ɹ̩ d	ɔ r d ɹ̩ d	1	1	1
model_sep	h o ʊ p	h o ʊ p t	h o ʊ p t	h ɛ l p	h ɛ l p t	h o ʊ p t	1	1	1
model_sep	p ɛ p ɹ̩	p ɛ p ɹ̩ d	p ɛ p ɹ̩ d	p iː t ɹ̩	p iː t ɹ̩ d	p ɛ p ɹ̩ d	1	1	1
model_sep	m ʌ n t͡ʃ	m ʌ n t͡ʃ t	m ʌ n t͡ʃ t	m ɑː r t͡ʃ	m ɑː r t͡ʃ t	m ʌ n t͡ʃ t	1	1	1
model_sep	p l æ s t ɹ̩	p l æ s t ɹ̩ d	p l æ s t ɹ̩ d	p r ɑː s ɛ s	p r ɑː s ɛ s t	p l æ s t ɹ̩ t	1	0	0
model_sep	f a ɪ t	f ɔ t	f a ɪ t ə d	f l ɹ̩ t	f l ɹ̩ t ə d	f a ɪ t ə d	0	1	0
model_sep	t r æ k	t r æ k t	t r æ k t	t r ɪ k	t r ɪ k t	t r æ k t	1	1	1
model_sep	s o ʊ	s o ʊ d	s o ʊ d	s ɪ ŋ	s æ ŋ	NA	1	0	0
model_sep	m ɛ l t	m ɛ l t ə d	m ɛ l t ə d	m ɔ l t	m ɔ l t ə d	m ɛ l t ə d	1	1	1
model_sep	ɡ l ʌ v	ɡ l ʌ v d	ɡ l ʌ v d	ɡ l ɛ r	ɡ l ɛ r d	ɡ l ʌ v d	1	1	1
model_sep	t͡ʃ ɑː r d͡ʒ	t͡ʃ ɑː r d͡ʒ d	t͡ʃ ɑː r d͡ʒ d	t͡ʃ ɑː r t	t͡ʃ ɑː r t ə d	t͡ʃ ɑː r d͡ʒ ə d	1	0	0
model_sep	l ɪ k	l ɪ k t	l ɪ k t	l æ k	l æ k t	l ɪ k t	1	1	1
model_sep	d ɪ l ɪ v ɹ̩	d ɪ l ɪ v ɹ̩ d	d ɪ l ɪ v ɹ̩ d	d æ ŋ ɡ ə l	d æ ŋ ɡ ə l d	d ɪ l ɪ v ɹ̩ d	1	1	1
model_sep	b ʌ m p	b ʌ m p t	b ʌ m p t	b ɑː r b	b ɑː r b d	b ʌ m p d	1	0	0
model_sep	a ɪ	a ɪ d	a ɪ d	a ɪ s	a ɪ s t	a ɪ t	1	0	0
model_sep	k iː	k iː d	k iː d	k ɑː z	k ɑː z d	k iː d	1	1	1
model_sep	s ɪ z ə l	s ɪ z ə l d	s ɪ z ə l d	s ɹ̩ v e ɪ	s ɹ̩ v e ɪ d	s ɪ z ə l d	1	1	1
model_sep	ɪ r e ɪ s	ɪ r e ɪ s t	ɪ r e ɪ s t	ɪ ɡ n ɔ r	ɪ ɡ n ɔ r d	ɪ r e ɪ s d	1	0	0
model_sep	s ɹ̩ a ʊ n d	s ɹ̩ a ʊ n d ə d	s ɹ̩ a ʊ n d ə d	s k o ʊ l d	s k o ʊ l d ə d	s ɹ̩ a ʊ n d ə d	1	1	1
model_sep	s k ɪ p	s k ɪ p t	s k ɪ p t	s k uː p	s k uː p t	s k ɪ p t	1	1	1
model_sep	d ɑː k t ɹ̩	d ɑː k t ɹ̩ d	d ɑː k t ɹ̩ d	d r a ʊ n	d r a ʊ n d	d ɑː k t ɹ̩ d	1	1	1
model_sep	s e ɪ l	s e ɪ l d	s e ɪ l d	s t iː l	s t o ʊ l	NA	1	0	0
model_sep	ɪ n t ə r ɛ s t	ɪ n t ə r ɛ s t ə d	ɪ n t ə r s ɛ s t	ɪ n t r ə d uː s	ɪ n t r ə d uː s t	ɪ n t ə r ɛ s t t	1	0	0
model_sep	t r e ɪ s	t r e ɪ s t	t r e ɪ s t	t r e ɪ d	t r e ɪ d ə d	t r e ɪ s ə d	1	0	0
model_sep	a ɪ ɹ̩ n	a ɪ ɹ̩ n d	a ɪ ɹ̩ n d	a ɪ s	a ɪ s t	a ɪ ɹ̩ n t	1	0	0
model_sep	iː v ɪ n	iː v ɪ n d	iː v d	iː k w ə l	iː k w ə l d	iː v ɪ n d	1	0	1
model_sep	k o ʊ k s	k o ʊ k s t	k o ʊ k s t	k r a ʊ d	k r a ʊ d ə d	k o ʊ k s ə d	1	0	0
model_sep	z ɪ r ɑː k s	z ɪ r ɑː k s t	z ɪ r ɑː k s t	z uː m	z uː m d	z ɪ r ɑː k s d	1	0	0
model_sep	b ɛ n d	b ɛ n d ə d	b ɛ n d ə d	b r ɛ d	b r ɛ d ə d	b ɛ n d ə d	1	1	1
model_sep	p o ʊ z	p o ʊ z d	p o ʊ z d	p iː t ɹ̩	p iː t ɹ̩ d	p o ʊ z d	1	1	1
model_sep	p ɑː k ə t	p ɑː k ə t ə d	p ɑː k ə t ə d	p ɔ ɪ n t	p ɔ ɪ n t ə d	p ɑː k ə t ə d	1	1	1
model_sep	f r a ɪ	f r a ɪ d	f r a ɪ d	f l a ɪ	f l uː	f r uː	1	0	0
model_sep	h æ n d ə l	h æ n d ə l d	h æ n d ə l d	h ɑː r n ə s	h ɑː r n ə s t	h æ n d ə l t	1	0	0
model_sep	ə s o ʊ s iː e ɪ t	ə s o ʊ s iː e ɪ t ə d	ə s ʊ s ə iː e ɪ t ə d	ə n d ɹ̩ s t æ n d	ə n d ɹ̩ s t ʊ d	NA	1	0	0
model_sep	æ k t	æ k t ə d	æ k t ə d	æ s k	æ s k t	æ k t t	1	0	0
model_sep	r iː m uː v	r iː m uː v d	r iː m uː v d	r ə s iː v	r ə s iː v d	r iː m uː v d	1	1	1
model_sep	s l o ʊ	s l o ʊ d	s l o ʊ d	s t o ʊ	s t o ʊ d	s l o ʊ d	1	1	1
model_sep	s t r æ p	s t r æ p t	s t r æ p t	s t r ɪ p	s t r ɪ p t	s t r æ p t	1	1	1
model_sep	d r e ɪ n	d r e ɪ n d	d r e ɪ n d	d r a ʊ n	d r a ʊ n d	d r e ɪ n d	1	1	1
model_sep	p ɛ ɡ	p ɛ ɡ d	p ɛ ɡ d	p æ s	p æ s t	p ɛ ɡ t	1	0	0
model_sep	k ə m p l e ɪ n	k ə m p l e ɪ n d	k ə m p l e ɪ n d	k ə n t ɪ n j uː	k ə n t ɪ n j uː d	k ə m p l e ɪ n d	1	1	1
model_sep	f ɛ n s	f ɛ n s t	f ɛ n s t	f ɔ r s	f ɔ r s t	f ɛ n s t	1	1	1
model_sep	k r iː e ɪ t	k r iː e ɪ t ə d	k r iː e ɪ t ə d	k l ɑː z ə t	k l ɑː z ə t ə d	k r iː e ɪ t ə d	1	1	1
model_sep	f l ʌ ʃ	f l ʌ ʃ t	f l ʌ ʃ t	f l æ ʃ	f l æ ʃ t	f l ʌ ʃ t	1	1	1
model_sep	ɡ ɑː r d	ɡ ɑː r d ə d	ɡ ɑː r d ə d	ɡ a ɪ d	ɡ a ɪ d ə d	ɡ ɑː r d ə d	1	1	1
model_sep	r ɪ ŋ k ə l	r ɪ ŋ k ə l d	r ɪ ŋ k ə l d	r ə k ɔ r d	r ə k ɔ r d ə d	r ɪ ŋ k ə l ə d	1	0	0
model_sep	s w iː p	s w ɛ p t	s w iː p t	s w uː p	s w uː p t	s w iː p t	0	1	0
model_sep	s k ɛ d͡ʒ ʊ l	s k ɛ d͡ʒ ʊ l d	s k ɛ d͡ʒ ʊ l d	s p l a ɪ s	s p l a ɪ s t	s k ɛ d͡ʒ ʊ l t	1	0	0
model_sep	f ɹ̩ m ɛ n t	f ɹ̩ m ɛ n t ə d	f ɹ̩ m ɛ n t ə d	f l æ t ə n	f l æ t ə n d	f ɹ̩ m ɛ n t d	1	0	0
model_sep	p ʌ z ə l	p ʌ z ə l d	p ʌ z ə l d	p ɪ k ə l	p ɪ k ə l d	p ʌ z ə l d	1	1	1
model_sep	k l ɑː b ɹ̩	k l ɑː b ɹ̩ d	k l ɑː b ɹ̩ d	k l ʌ t ɹ̩	k l ʌ t ɹ̩ d	k l ɑː b ɹ̩ d	1	1	1
model_sep	d ɪ n a ɪ	d ɪ n a ɪ d	d ɪ n a ɪ d	d r ɪ ŋ k	d r æ ŋ k	NA	1	0	0
model_sep	e ɪ k	e ɪ k t	e ɪ k t	e ɪ m	e ɪ m d	e ɪ k d	1	0	0
model_sep	l iː n	l iː n d	l iː n d	l ɔ ŋ	l ɔ ŋ d	l iː n d	1	1	1
model_sep	ʃ ɪ v ɹ̩	ʃ ɪ v ɹ̩ d	ʃ ɪ v ɹ̩ d	ʃ ʊ ɡ ɹ̩	ʃ ʊ ɡ ɹ̩ d	ʃ ɪ v ɹ̩ d	1	1	1
model_sep	f l ʌ d	f l ʌ d ə d	f l ʌ d ə d	f iː l d	f iː l d ə d	f l ʌ d ə d	1	1	1
model_sep	w ɪ s k	w ɪ s k t	w ɪ s k t	w ɪ ŋ k	w ɪ ŋ k t	w ɪ s k t	1	1	1
model_sep	k ə n t r o ʊ l	k ə n t r o ʊ l d	k ə n t r o ʊ k ə l o ʊ n t ə d	k ə n t ɪ n j uː	k ə n t ɪ n j uː d	k ə n t r o ʊ l d	1	0	1
model_sep	b ɑː t ə m	b ɑː t ə m d	b ɑː t ə m d	b ɪ k ʌ m	b ɪ k e ɪ m	NA	1	0	0
model_sep	w ɔ r n	w ɔ r n d	w ɔ r n d	w ɛ ð ɹ̩	w ɛ ð ɹ̩ d	w ɔ r n d	1	1	1
model_sep	b ɛ r iː	b ɛ r iː d	b ɛ r iː d	b ɪ z iː	b ɪ z iː d	b ɛ r iː d	1	1	1
model_sep	ɔ f ɹ̩	ɔ f ɹ̩ d	ɔ f ɹ̩ d	ɔ l t ɹ̩	ɔ l t ɹ̩ d	ɔ f ɹ̩ d	1	1	1
model_sep	b ɛ r	b o ʊ r	b ɛ r d	b ɔ r	b ɔ r d	b ɛ r d	0	1	0
model_sep	s l ɪ p	s l ɪ p t	s l ɪ p t	s l æ p	s l æ p t	s l ɪ p t	1	1	1
model_sep	t͡ʃ iː r	t͡ʃ iː r d	t͡ʃ iː r d	t͡ʃ ɛ r	t͡ʃ ɛ r d	t͡ʃ iː r d	1	1	1
model_sep	r ɪ s k	r ɪ s k t	r ɪ s k t	r ɪ n uː	r ɪ n uː d	r ɪ s k d	1	0	0
model_sep	p ɛ t	p ɛ t ə d	p ɛ t	p æ t	p æ t ə d	p ɛ t ə d	1	0	1
model_sep	t r ʌ s t	t r ʌ s t ə d	t r ʌ s t ə d	t w ɪ s t	t w ɪ s t ə d	t r ʌ s t ə d	1	1	1
model_sep	ɪ n s t r ʌ k t	ɪ n s t r ʌ k t ə d	ɪ n s t r ʌ k t ə d	ɪ k s p l e ɪ n	ɪ k s p l e ɪ n d	ɪ n s t r ʌ k t d	1	0	0
model_sep	t͡ʃ ɪ k ə n	t͡ʃ ɪ k ə n d	t͡ʃ ɪ k ə n d	t͡ʃ ʌ k ə l	t͡ʃ ʌ k ə l d	t͡ʃ ɪ k ə n d	1	1	1
model_sep	p r iː p ɛ r	p r iː p ɛ r d	p r iː p ɛ r d	p ɔ ɪ z ə n	p ɔ ɪ z ə n d	p r iː p ɛ r d	1	1	1
model_sep	h æ m ɹ̩	h æ m ɹ̩ d	h æ m ɹ̩ d	h ɑː l ɹ̩	h ɑː l ɹ̩ d	h æ m ɹ̩ d	1	1	1
model_sep	s p r ɪ ŋ k ə l	s p r ɪ ŋ k ə l d	s p r æ ŋ k ə l d	s æ n ɪ t a ɪ z	s æ n ɪ t a ɪ z d	s p r ɪ ŋ k ə l d	1	0	1
model_sep	r ɛ s ə l	r ɛ s ə l d	r ɛ s ə l d	r ɪ k ɔ l	r ɪ k ɔ l d	r ɛ s ə l d	1	1	1
model_sep	h ɛ m	h ɛ m d	h ɛ m d	h iː r	h ɹ̩ d	NA	1	0	0
model_sep	p l æ n	p l æ n d	p l æ n d	p e ɪ d͡ʒ	p e ɪ d͡ʒ d	p l æ n d	1	1	1
model_sep	s t æ ʃ	s t æ ʃ t	s t æ ʃ t	s m æ ʃ	s m æ ʃ t	s t æ ʃ t	1	1	1
model_sep	m ɑː r k	m ɑː r k t	m ɑː r k t	m e ɪ k	m e ɪ d	m ɑː r d	1	0	0
model_sep	k e ɪ v	k e ɪ v d	k e ɪ v d	k ɑː r v	k ɑː r v d	k e ɪ v d	1	1	1
model_sep	k ɹ̩ l	k ɹ̩ l d	k ɹ̩ l d	k ɔ l	k ɔ l d	k ɹ̩ l d	1	1	1
model_sep	p r e ɪ z	p r e ɪ z d	p r e ɪ z d	p r a ɪ z	p r a ɪ z d	p r e ɪ z d	1	1	1
model_sep	d æ m	d æ m d	d æ m d	d ʌ b	d ʌ b d	d æ m d	1	1	1
model_sep	f l ʌ t ɹ̩	f l ʌ t ɹ̩ d	f l ʌ t ɹ̩ d	f l æ t ɹ̩	f l æ t ɹ̩ d	f l ʌ t ɹ̩ d	1	1	1
model_sep	b ɛ l t	b ɛ l t ə d	b ɛ l t ə d	b ɛ s t	b ɛ s t ə d	b ɛ l t ə d	1	1	1
model_sep	b ɔ l	b ɔ l d	b ɔ l d	b ɪ l	b ɪ l d	b ɔ l d	1	1	1
model_sep	s k æ l ə p	s k æ l ə p t	s k æ l ə p t	s k r e ɪ p	s k r e ɪ p t	s k æ l ə p t	1	1	1
model_sep	k ə m p ɛ r	k ə m p ɛ r d	k ə m p ɛ r d	k ə l a ɪ d	k ə l a ɪ d ə d	k ə m p ɛ r ə d	1	0	0
model_sep	b ɔ ɪ l	b ɔ ɪ l d	b ɔ ɪ l d	b o ʊ l	b o ʊ l d	b ɔ ɪ l d	1	1	1
model_sep	s k æ n	s k æ n d	s k æ n d	s a ɪ n	s a ɪ n d	s k æ n d	1	1	1
model_sep	r ɛ k ə m ɛ n d	r ɛ k ə m ɛ n d ə d	r ɛ k ə m ɛ n d	r iː s a ɪ k ə l	r iː s a ɪ k ə l d	r ɛ k ə m ɛ n d d	1	0	0
model_sep	t o ʊ	t o ʊ d	t o ʊ d	t ʌ ŋ	t ʌ ŋ d	t o ʊ d	1	1	1
model_sep	s t r ɛ s	s t r ɛ s t	s t r ɛ s t	s t ɔ r iː	s t ɔ r iː d	s t r ɛ s d	1	0	0
model_sep	b æ n d	b æ n d ə d	b æ n d ə d	b ɔ r d	b ɔ r d ə d	b æ n d ə d	1	1	1
model_sep	b o ʊ s t	b o ʊ s t ə d	b o ʊ s t ə d	b o ʊ l t	b o ʊ l t ə d	b o ʊ s t ə d	1	1	1
model_sep	r ɛ s k j uː	r ɛ s k j uː d	r ɛ s k j uː d	r ɪ d͡ʒ ɔ ɪ s	r ɪ d͡ʒ ɔ ɪ s t	r ɛ s k j uː t	1	0	0
model_sep	b ʌ s	b ʌ s t	b ʌ s t	b ɑː s	b ɑː s t	b ʌ s t	1	1	1
model_sep	m ɑː r	m ɑː r d	m ɑː r d	m ʊ r	m ʊ r d	m ɑː r d	1	1	1
model_sep	t ʌ m b ə l	t ʌ m b ə l d	t ʌ m b ə l d	t r ʌ b ə l	t r ʌ b ə l d	t ʌ m b ə l d	1	1	1
model_sep	d ɪ s t r ɔ ɪ	d ɪ s t r ɔ ɪ d	d ɪ s t r ɔ r d	d o ʊ n e ɪ t	d o ʊ n e ɪ t ə d	d ɪ s t r ɔ ɪ ə d	1	0	0
model_sep	w æ ɡ	w æ ɡ d	w æ ɡ d	w ɪ ʃ	w ɪ ʃ t	w æ ɡ t	1	0	0
model_sep	p a ʊ ɹ̩	p a ʊ ɹ̩ d	p a ʊ ɹ̩ d	p iː t ɹ̩	p iː t ɹ̩ d	p a ʊ ɹ̩ d	1	1	1
model_sep	b l iː t͡ʃ	b l iː t͡ʃ t	b l iː t͡ʃ t	b ʌ n t͡ʃ	b ʌ n t͡ʃ t	b l iː t͡ʃ t	1	1	1
model_sep	t æ ŋ ɡ ə l	t æ ŋ ɡ ə l d	t æ ŋ ɡ ə l d	t ɪ ŋ k ə l	t ɪ ŋ k ə l d	t æ ŋ ɡ ə l d	1	1	1
model_sep	n ɔ	n ɔ d	n ɔ n d	n ɛ k	n ɛ k t	n ɔ t	1	0	0
model_sep	r o ʊ m	r o ʊ m d	r o ʊ m d	r a ɪ m	r a ɪ m d	r o ʊ m d	1	1	1
model_sep	b l ɪ ŋ k	b l ɪ ŋ k t	b l ʌ ŋ k t	b r e ɪ k	b r o ʊ k	NA	1	0	0
model_sep	t w ɹ̩ l	t w ɹ̩ l d	t w ɹ̩ l d	t a ɪ l	t a ɪ l d	t w ɹ̩ l d	1	1	1
model_sep	ə n b ʌ t ə n	ə n b ʌ t ə n d	ə n b ʌ t ə n d	ə p ɡ r e ɪ d	ə p ɡ r e ɪ d ə d	ə n b ʌ t ə n ə d	1	0	0
model_sep	θ r ɛ t ə n	θ r ɛ t ə n d	θ r ɛ t ə n d	θ ʌ n d ɹ̩	θ ʌ n d ɹ̩ d	θ r ɛ t ə n d	1	1	1
model_sep	b ɛ l o ʊ	b ɛ l o ʊ d	b ɛ l o ʊ d	b ɑː r o ʊ	b ɑː r o ʊ d	b ɛ l o ʊ d	1	1	1
model_sep	s p ɛ ʃ ə l a ɪ z	s p ɛ ʃ ə l a ɪ z d	s p ɛ ʃ ə l a ɪ z d	s ɛ l ə b r e ɪ t	s ɛ l ə b r e ɪ t ə d	s p ɛ ʃ ə l a ɪ z ə d	1	0	0
model_sep	ɪ n ɪ ʃ iː e ɪ t	ɪ n ɪ ʃ iː e ɪ t ə d	ɪ n ɪ ʃ iː e ɪ t ə d	ɪ n t ɹ̩ p r ə t	ɪ n t ɹ̩ p r ə t ə d	ɪ n ɪ ʃ iː e ɪ t ə d	1	1	1
model_sep	p iː p	p iː p t	p iː p t	p uː p	p uː p t	p iː p t	1	1	1
model_sep	ʃ ʌ f ə l	ʃ ʌ f ə l d	ʃ ʌ f ə l d	ʃ ʌ t ə l	ʃ ʌ t ə l d	ʃ ʌ f ə l d	1	1	1
model_sep	ɪ n f l uː ə n s	ɪ n f l uː ə n s t	ɪ n f l uː n s	ɪ n t r ə d uː s	ɪ n t r ə d uː s t	ɪ n f l uː ə n s t	1	0	1
model_sep	d a ʊ n	d a ʊ n d	d a ʊ n d	d ɑː r n	d ɑː r n d	d a ʊ n d	1	1	1
model_sep	d ɪ v ɛ l ə p	d ɪ v ɛ l ə p t	d ɪ v ɛ l ə p t	d o ʊ n e ɪ t	d o ʊ n e ɪ t ə d	d ɪ v ɛ l ə p ə d	1	0	0
model_sep	s p e ɪ	s p e ɪ d	s p e ɪ d	s p a ɪ	s p a ɪ d	s p e ɪ d	1	1	1
model_sep	r iː p l e ɪ s	r iː p l e ɪ s t	r iː p l e ɪ s t	r iː b a ʊ n d	r iː b a ʊ n d ə d	r iː p l e ɪ s ə d	1	0	0
model_sep	s p ɔ ɪ l	s p ɔ ɪ l d	s p ɔ ɪ l d	s ɛ t ə l	s ɛ t ə l d	s p ɔ ɪ l d	1	1	1
model_sep	l e ɪ b ə l	l e ɪ b ə l d	l e ɪ b ə l d	l uː s ə n	l uː s ə n d	l e ɪ b ə l d	1	1	1
model_sep	d r ɪ b ə l	d r ɪ b ə l d	d r ɪ b ə l d	d ɪ z ɑː l v	d ɪ z ɑː l v d	d r ɪ b ə l d	1	1	1
model_sep	t͡ʃ æ n ə l	t͡ʃ æ n ə l d	t͡ʃ æ n ə l d	t͡ʃ ʌ k ə l	t͡ʃ ʌ k ə l d	t͡ʃ æ n ə l d	1	1	1
model_sep	ɪ m p r uː v	ɪ m p r uː v d	ɪ m p r uː v d	ɪ m p r ɛ s	ɪ m p r ɛ s t	ɪ m p r uː v t	1	0	0
model_sep	p r e ɪ	p r e ɪ d	p r e ɪ d	p l e ɪ	p l e ɪ d	p r e ɪ d	1	1	1
model_sep	w ɛ t	w ɛ t	w ɛ t	w uː p	w uː p t	w ɛ t t	0	0	0
model_sep	s t r e ɪ n	s t r e ɪ n d	s t r e ɪ n d	s t r a ɪ p	s t r a ɪ p t	s t r e ɪ n t	1	0	0
model_sep	m ɑː r b ə l	m ɑː r b ə l d	m ɑː r b ə l d	m o ʊ ʃ ə n	m o ʊ ʃ ə n d	m ɑː r b ə l d	1	1	1
model_sep	ʃ ɛ l	ʃ ɛ l d	ʃ ɛ l t	ʃ ɛ r	ʃ ɛ r d	ʃ ɛ l d	1	0	1
model_sep	k o ʊ ɑː p ɹ̩ e ɪ t	k o ʊ ɑː p ɹ̩ e ɪ t ə d	k o ʊ p ɹ̩ e ɪ d	k ɑː n t æ k t	k ɑː n t æ k t ə d	k o ʊ ɑː p ɹ̩ e ɪ t ə d	1	0	1
model_sep	ɡ r e ɪ t	ɡ r e ɪ t ə d	ɡ r e ɪ t ə d	ɡ r e ɪ d	ɡ r e ɪ d ə d	ɡ r e ɪ t ə d	1	1	1
model_sep	f ɔ r m j ə l e ɪ t	f ɔ r m j ə l e ɪ t ə d	f ɔ r ə l ə l e ɪ t ə d	f r a ɪ t ə n	f r a ɪ t ə n d	f ɔ r m j ə l e ɪ t d	1	0	0
model_sep	k æ n s ə l	k æ n s ə l d	k æ n s ə l d	k ə l a ɪ d	k ə l a ɪ d ə d	k æ n s ə l ə d	1	0	0
model_sep	d ɪ s k ʌ v ɹ̩	d ɪ s k ʌ v ɹ̩ d	d ɪ s k ʌ v ɹ̩ d	d ɛ k ɹ̩ e ɪ t	d ɛ k ɹ̩ e ɪ t ə d	d ɪ s k ʌ v ɹ̩ ə d	1	0	0
model_sep	ə m e ɪ z	ə m e ɪ z d	ə m e ɪ z d	ə b j uː z	ə b j uː z d	ə m e ɪ z d	1	1	1
model_sep	f æ n s iː	f æ n s iː d	f æ n s iː d	f ɔ r s iː	f ɔ r s ɔ	f æ n s ɔ	1	0	0
model_sep	æ n ə l a ɪ z	æ n ə l a ɪ z d	æ n ə n a ɪ z d	æ k n ɑː l ɪ d͡ʒ	æ k n ɑː l ɪ d͡ʒ d	æ n ə l a ɪ z d	1	0	1
model_sep	t e ɪ l ɹ̩	t e ɪ l ɹ̩ d	t e ɪ l ɹ̩ d	t r ɪ ɡ ɹ̩	t r ɪ ɡ ɹ̩ d	t e ɪ l ɹ̩ d	1	1	1
model_sep	p ɑː r t͡ʃ	p ɑː r t͡ʃ t	p ɑː r t͡ʃ t	p ʌ n t͡ʃ	p ʌ n t͡ʃ t	p ɑː r t͡ʃ t	1	1	1
model_sep	b ɪ d	b e ɪ d	b ɪ d ə d	b iː d	b iː d ə d	b ɪ d ə d	0	1	0
model_sep	s o ʊ k	s o ʊ k t	s o ʊ k t	s p iː k	s p o ʊ k	NA	1	0	0
model_sep	s uː	s uː d	s uː d	s ɔ	s ɔ d	s uː d	1	1	1
model_sep	f æ n	f æ n d	f æ n d	f r iː	f r iː d	f æ n d	1	1	1
model_sep	f r ɛ k ə l	f r ɛ k ə l d	f r ɛ k ə l d	f ʊ l f ɪ l	f ʊ l f ɪ l d	f r ɛ k ə l d	1	1	1
model_sep	ə n d uː	ə n d ɪ d	ə n d uː d	ə p iː r	ə p iː r d	ə n d uː d	0	1	0
model_sep	θ ʌ m p	θ ʌ m p t	θ ʌ m p t	θ æ ŋ k	θ æ ŋ k t	θ ʌ m p t	1	1	1
model_sep	w ɑː b ə l	w ɑː b ə l d	w ɑː b ə l d	w ɑː f ə l	w ɑː f ə l d	w ɑː b ə l d	1	1	1
model_sep	ɡ r ɪ l	ɡ r ɪ l d	ɡ r ɪ l d	ɡ l ɛ r	ɡ l ɛ r d	ɡ r ɪ l d	1	1	1
model_sep	ə s uː m	ə s uː m d	ə s uː m d	ə ɡ r iː	ə ɡ r iː d	ə s uː m d	1	1	1
model_sep	z ɪ ɡ z æ ɡ	z ɪ ɡ z æ ɡ d	z ɪ ɡ z æ ɡ d	z uː m	z uː m d	z ɪ ɡ z æ ɡ d	1	1	1
model_sep	p ɛ r ə ʃ uː t	p ɛ r ə ʃ uː t ə d	p ɛ r ə ʃ uː t ə d	p r ə v a ɪ d	p r ə v a ɪ d ə d	p ɛ r ə ʃ uː t ə d	1	1	1
model_sep	ɛ ɡ	ɛ ɡ d	ɛ ɡ d	ɛ r	ɛ r d	ɛ ɡ d	1	1	1
model_sep	l o ʊ k e ɪ t	l o ʊ k e ɪ t ə d	l o ʊ k e ɪ t ə d	l ɪ s ə n	l ɪ s ə n d	l o ʊ k e ɪ t d	1	0	0
model_sep	n e ɪ l	n e ɪ l d	n e ɪ l d	n a ɪ f	n a ɪ f t	n e ɪ l t	1	0	0
model_sep	f a ɪ n	f a ɪ n d	f a ɪ n d	f o ʊ n	f o ʊ n d	f a ɪ n d	1	1	1
model_sep	ʃ r ɪ v ə l	ʃ r ɪ v ə l d	ʃ r ɪ v ə l d	ʃ ɑː r p ə n	ʃ ɑː r p ə n d	ʃ r ɪ v ə l d	1	1	1
model_sep	t͡ʃ a ɪ m	t͡ʃ a ɪ m d	t͡ʃ a ɪ m d	t͡ʃ æ n t	t͡ʃ æ n t ə d	t͡ʃ a ɪ m ə d	1	0	0
model_sep	ɪ v æ p ɹ̩ e ɪ t	ɪ v æ p ɹ̩ e ɪ t ə d	ɪ v æ p ɹ̩ e ɪ t ə d	ɪ k s p l e ɪ n	ɪ k s p l e ɪ n d	ɪ v æ p ɹ̩ e ɪ t d	1	0	0
model_sep	ɑː k j ə p a ɪ	ɑː k j ə p a ɪ d	ɑː r ə p j uː p t	ɑː r ɡ j uː	ɑː r ɡ j uː d	ɑː k j ə p a ɪ d	1	0	1
model_sep	k l ɑː ɡ	k l ɑː ɡ d	k l ɑː ɡ d	k j uː b	k j uː b d	k l ɑː ɡ d	1	1	1
model_sep	m æ p	m æ p t	m æ p t	m ɑː p	m ɑː p t	m æ p t	1	1	1
model_sep	ɡ e ɪ z	ɡ e ɪ z d	ɡ e ɪ z d	ɡ e ɪ n	ɡ e ɪ n d	ɡ e ɪ z d	1	1	1
model_sep	s k æ t ɹ̩	s k æ t ɹ̩ d	s k æ t ɹ̩ d	s k w iː z	s k w iː z d	s k æ t ɹ̩ d	1	1	1
model_sep	s n ɑː r ə l	s n ɑː r ə l d	s n ɑː r ə l d	s ɹ̩ v a ɪ v	s ɹ̩ v a ɪ v d	s n ɑː r ə l d	1	1	1
model_sep	f l e ɪ v ɹ̩	f l e ɪ v ɹ̩ d	f l e ɪ v ɹ̩ d	f o ʊ k ə s	f o ʊ k ə s t	f l e ɪ v ɹ̩ t	1	0	0
model_sep	ɪ d͡ʒ ɛ k t	ɪ d͡ʒ ɛ k t ə d	ɪ d͡ʒ ɛ k t ə d	ɪ r ʌ p t	ɪ r ʌ p t ə d	ɪ d͡ʒ ɛ k t ə d	1	1	1
model_sep	r iː æ k t	r iː æ k t ə d	r iː æ k t ə d	r ɑː k ə t	r ɑː k ə t ə d	r iː æ k t ə d	1	1	1
model_sep	s t e ɪ p ə l	s t e ɪ p ə l d	s t e ɪ p ə l d	s t ɑː r t ə l	s t ɑː r t ə l d	s t e ɪ p ə l d	1	1	1
model_sep	ɪ k s p l o ʊ d	ɪ k s p l o ʊ d ə d	ɪ k s p l o ʊ k d	ɪ k s k l e ɪ m	ɪ k s k l e ɪ m d	ɪ k s p l o ʊ d d	1	0	0
model_sep	r ɪ z ɛ m b ə l	r ɪ z ɛ m b ə l d	r ɪ z ɛ m b ə l d	r iː s t r e ɪ n	r iː s t r e ɪ n d	r ɪ z ɛ m b ə l d	1	1	1
model_sep	s w ɪ v ə l	s w ɪ v ə l d	s w ɪ v ə l d	s w ɑː l o ʊ	s w ɑː l o ʊ d	s w ɪ v ə l d	1	1	1
model_sep	w æ k s	w æ k s t	w æ k s t	w e ɪ v	w e ɪ v d	w æ k s d	1	0	0
model_sep	s k r a ʊ n d͡ʒ	s k r a ʊ n d͡ʒ d	s k r a ʊ n d͡ʒ d	s k r ɪ b ə l	s k r ɪ b ə l d	s k r a ʊ n d͡ʒ d	1	1	1
model_sep	ɔ r ɡ ə n a ɪ z	ɔ r ɡ ə n a ɪ z d	ɔ r ɡ ə n a ɪ z d	ɔ l t ɹ̩	ɔ l t ɹ̩ d	ɔ r ɡ ə n a ɪ z d	1	1	1
model_sep	d ɪ z a ɪ n	d ɪ z a ɪ n d	d ɪ z a ɪ n d	d ɪ f ɛ n d	d ɪ f ɛ n d ə d	d ɪ z a ɪ n ə d	1	0	0
model_sep	e ɪ d͡ʒ	e ɪ d͡ʒ d	e ɪ d͡ʒ d	e ɪ m	e ɪ m d	e ɪ d͡ʒ d	1	1	1
model_sep	k ɔ r n ɹ̩	k ɔ r n ɹ̩ d	k ɔ r n ɹ̩ d	k ɑː ŋ k ɹ̩	k ɑː ŋ k ɹ̩ d	k ɔ r n ɹ̩ d	1	1	1
model_sep	k ə n k l uː d	k ə n k l uː d ə d	k ə n k l uː d ə d	k ə m b a ɪ n	k ə m b a ɪ n d	k ə n k l uː d d	1	0	0
model_sep	b iː f	b iː f t	b iː f t	b ɑː s	b ɑː s t	b iː f t	1	1	1
model_sep	s p r ɪ ŋ	s p r æ ŋ	s p r ʌ ŋ	s t r ɪ ŋ	s t r ʌ ŋ	s p r ʌ ŋ	0	1	0
model_sep	t æ n	t æ n d	t æ n d	t uː n	t uː n d	t æ n d	1	1	1
model_sep	t o ʊ n	t o ʊ n d	t o ʊ n d	t a ʊ ɹ̩	t a ʊ ɹ̩ d	t o ʊ n d	1	1	1
model_sep	ɪ n ɪ ʃ ə l	ɪ n ɪ ʃ ə l d	ɪ n ɪ ʃ ə l d	ɪ n h e ɪ l	ɪ n h e ɪ l d	ɪ n ɪ ʃ ə l d	1	1	1
model_sep	s t r æ d ə l	s t r æ d ə l d	s t r æ d ə l d	s t r ʌ ɡ ə l	s t r ʌ ɡ ə l d	s t r æ d ə l d	1	1	1
model_sep	ə r a ɪ z	ə r o ʊ z	ə r a ɪ z d	ə b j uː z	ə b j uː z d	ə r a ɪ z d	0	1	0
model_sep	ɡ ʌ n	ɡ ʌ n d	ɡ ʌ n d	ɡ l uː	ɡ l uː d	ɡ ʌ n d	1	1	1
model_sep	p ɪ t͡ʃ	p ɪ t͡ʃ t	p ɪ t͡ʃ t	p æ t͡ʃ	p æ t͡ʃ t	p ɪ t͡ʃ t	1	1	1
model_sep	t æ t uː	t æ t uː d	t æ t uː d	t r æ p	t r æ p t	t æ t uː t	1	0	0
model_sep	t r æ n z l e ɪ t	t r æ n z l e ɪ t ə d	t r æ n z l e ɪ t ə d	t r æ n s f ɔ r m	t r æ n s f ɔ r m d	t r æ n z l e ɪ t d	1	0	0
model_sep	ɔ θ ɹ̩	ɔ θ ɹ̩ d	ɔ r ɹ̩ d	ɔ l t ɹ̩	ɔ l t ɹ̩ d	ɔ θ ɹ̩ d	1	0	1
model_sep	b æ s k	b æ s k t	b æ s k t	b ɑː r k	b ɑː r k t	b æ s k t	1	1	1
model_sep	ɪ r ɪ t e ɪ t	ɪ r ɪ t e ɪ t ə d	ɪ r ɪ t e ɪ t ə d	ɪ m ə t e ɪ t	ɪ m ə t e ɪ t ə d	ɪ r ɪ t e ɪ t ə d	1	1	1
model_sep	ɡ a ʊ d͡ʒ	ɡ a ʊ d͡ʒ d	ɡ a ʊ d͡ʒ d	ɡ æ ð ɹ̩	ɡ æ ð ɹ̩ d	ɡ a ʊ d͡ʒ d	1	1	1
model_sep	s w e ɪ	s w e ɪ d	s w e ɪ d	s p a ɪ	s p a ɪ d	s w e ɪ d	1	1	1
model_sep	k ɑː n f ə s k e ɪ t	k ɑː n f ə s k e ɪ t ə d	k ɑː n s ə n s e ɪ t ə d	k ɑː m p l ə m ɛ n t	k ɑː m p l ə m ɛ n t ə d	k ɑː n f ə s k e ɪ t ə d	1	0	1
model_sep	m ə n ɪ p j ə l e ɪ t	m ə n ɪ p j ə l e ɪ t ə d	m ɪ p j ə l ə l e ɪ t ə d	m æ n ə d͡ʒ	m æ n ə d͡ʒ d	m ə n ɪ p j ə l e ɪ t d	1	0	0
model_sep	m j uː t ə l e ɪ t	m j uː t ə l e ɪ t ə d	m ə l ə l e ɪ l e ɪ t ə d	m ɪ s t r iː t	m ɪ s t r iː t ə d	m j uː t ə l e ɪ t ə d	1	0	1
model_sep	k ə n f a ɪ n	k ə n f a ɪ n d	k ə n f a ɪ n d	k ə m b a ɪ n	k ə m b a ɪ n d	k ə n f a ɪ n d	1	1	1
model_sep	b ʊ l d o ʊ z	b ʊ l d o ʊ z d	b ʊ l d o ʊ z d	b l æ ŋ k ə t	b l æ ŋ k ə t ə d	b ʊ l d o ʊ z ə d	1	0	0
model_sep	w iː n	w iː n d	w iː n d	w ɹ̩ iː	w ɹ̩ iː d	w iː n d	1	1	1
model_sep	t ɑː p ə l	t ɑː p ə l d	t ɑː p ə l d	t ɪ k ə l	t ɪ k ə l d	t ɑː p ə l d	1	1	1
model_sep	ə n k ʌ v ɹ̩	ə n k ʌ v ɹ̩ d	ə n k ʌ v ɹ̩ d	ə n a ʊ n s	ə n a ʊ n s t	ə n k ʌ v ɹ̩ t	1	0	0
model_sep	v æ l j uː	v æ l j uː d	v æ l j uː d	v ɛ n t͡ʃ ɹ̩	v ɛ n t͡ʃ ɹ̩ d	v æ l j uː d	1	1	1
model_sep	o ʊ v ɹ̩ f l o ʊ	o ʊ v ɹ̩ f l o ʊ d	o ʊ v ɹ̩ f l o ʊ d	o ʊ v ɹ̩ s t e ɪ	o ʊ v ɹ̩ s t e ɪ d	o ʊ v ɹ̩ f l o ʊ d	1	1	1
model_sep	t͡ʃ æ t	t͡ʃ æ t ə d	t͡ʃ æ t ə d	t͡ʃ iː t	t͡ʃ iː t ə d	t͡ʃ æ t ə d	1	1	1
model_sep	b ʊ k	b ʊ k t	b ʊ k t	b ʌ k	b ʌ k t	b ʊ k t	1	1	1
model_sep	t æ k ə l	t æ k ə l d	t æ k ə l d	t ɪ k ə l	t ɪ k ə l d	t æ k ə l d	1	1	1
model_sep	ə t͡ʃ iː v	ə t͡ʃ iː v d	ə t͡ʃ iː v d	ə p iː r	ə p iː r d	ə t͡ʃ iː v d	1	1	1
model_sep	s k r iː t͡ʃ	s k r iː t͡ʃ t	s k r iː t͡ʃ t	s k r æ t͡ʃ	s k r æ t͡ʃ t	s k r iː t͡ʃ t	1	1	1
model_sep	p ɔ z	p ɔ z d	p ɔ z d	p ɪ n	p ɪ n d	p ɔ z d	1	1	1
model_sep	s t o ʊ n	s t o ʊ n d	s t o ʊ n d	s ɔ f ə n	s ɔ f ə n d	s t o ʊ n d	1	1	1
model_sep	ɪ n t ɹ̩ f ɪ r	ɪ n t ɹ̩ f ɪ r d	ɪ n t ɹ̩ f ɪ r d	ɪ n t ɹ̩ æ k t	ɪ n t ɹ̩ æ k t ə d	ɪ n t ɹ̩ f ɪ r ə d	1	0	0
model_sep	k æ m ə f l ɑː ʒ	k æ m ə f l ɑː ʒ d	k æ m ə l ɑː l ɑː l ɑː l e ɪ t ə d	k ə n t ɪ n j uː	k ə n t ɪ n j uː d	k æ m ə f l ɑː ʒ d	1	0	1
model_sep	p ɹ̩ f ɛ k t	p ɹ̩ f ɛ k t ə d	p ɹ̩ f ɛ k t ə d	p ɑː r d ə n	p ɑː r d ə n d	p ɹ̩ f ɛ k t d	1	0	0
model_sep	ɪ v æ l j uː e ɪ t	ɪ v æ l j uː e ɪ t ə d	ɪ v j æ l uː e ɪ t ə d	ɪ l ə s t r e ɪ t	ɪ l ə s t r e ɪ t ə d	ɪ v æ l j uː e ɪ t ə d	1	0	1
model_mean	s e ɪ	s ɛ d	s e ɪ d	s a ɪ	s a ɪ d	s e ɪ d	0	1	0
model_mean	ɡ o ʊ	w ɛ n t	ɡ o ʊ d	ɡ l o ʊ	ɡ l o ʊ d	ɡ o ʊ d	0	1	0
model_mean	h æ p ə n	h æ p ə n d	h æ p ə n d	p æ n ɪ k	p æ n ɪ k t	h æ p ə n t	1	0	0
model_mean	k æ t͡ʃ	k ɔ t	k æ t͡ʃ t	k æ p	k æ p t	k æ t͡ʃ t	0	1	0
model_mean	l ʌ v	l ʌ v d	l ʌ v d	l ʌ n t͡ʃ	l ʌ n t͡ʃ t	l ʌ v t	1	0	0
model_mean	w ɹ̩ k	w ɹ̩ k t	w ɹ̩ k t	w iː	w iː d	w ɹ̩ k d	1	0	0
model_mean	k ʌ t	k ʌ t	k ʌ t	k ɪ d	k ɪ d ə d	k ʌ t ə d	0	0	0
model_mean	n iː d	n iː d ə d	n iː d ə d	n ɪ t	n ɪ t ə d	n iː d ə d	1	1	1
model_mean	z ɪ p ɹ̩	z ɪ p ɹ̩ d	z ɪ p ɹ̩ d	z ɪ p	z ɪ p t	z ɪ p ɹ̩ t	1	0	0
model_mean	b a ɪ	b ɔ t	b a ɪ d	b a ʊ	b a ʊ d	b a ɪ d	0	1	0
model_mean	m iː t	m ɛ t	m iː t ə d	m uː v	m uː v d	m iː t d	0	0	0
model_mean	m e ɪ l	m e ɪ l d	m e ɪ l d	m e ɪ k	m e ɪ d	NA	1	0	0
model_mean	t iː t͡ʃ	t ɔ t	t iː t͡ʃ t	t ʌ t͡ʃ	t ʌ t͡ʃ t	t iː t͡ʃ t	0	1	0
model_mean	s p ɛ n d	s p ɛ n t	s p ɛ n d ə d	s p ɛ r	s p ɛ r d	s p ɛ n d d	0	0	0
model_mean	h æ n d	h æ n d ə d	h æ n d ə d	h æ v	h æ d	NA	1	0	0
model_mean	m ɛ r iː	m ɛ r iː d	m ɛ r iː d	m ɔ r n	m ɔ r n d	m ɛ r iː d	1	1	1
model_mean	r ɛ d iː	r ɛ d iː d	r ɛ d iː d	r iː d	r ɛ d	NA	1	0	0
model_mean	f l o ʊ t	f l o ʊ t ə d	f l o ʊ t ə d	f l o ʊ	f l o ʊ d	f l o ʊ t d	1	0	0
model_mean	s k w ɹ̩ t	s k w ɹ̩ t ə d	s k w ɹ̩ t ə d	s k w iː z	s k w iː z d	s k w ɹ̩ t d	1	0	0
model_mean	w ɔ k	w ɔ k t	w ɔ k t	w ɔ n t	w ɔ n t ə d	w ɔ k ə d	1	0	0
model_mean	f ɪ k s	f ɪ k s t	f ɪ k s t	f ɪ ʃ	f ɪ ʃ t	f ɪ k s t	1	1	1
model_mean	p r æ k t ɪ s	p r æ k t ɪ s t	p r æ k t ɪ s t	p r ɑː d͡ʒ ɛ k t	p r ɑː d͡ʒ ɛ k t ə d	p r æ k t ɪ s ə d	1	0	0
model_mean	k iː p	k ɛ p t	k iː p t	k l iː r	k l iː r d	k iː p d	0	0	0
model_mean	n ɪ b ə l	n ɪ b ə l d	n ɪ b ə l d	n iː r	n iː r d	n ɪ b ə l d	1	1	1
model_mean	w uː	w uː d	w uː d	w uː p	w uː p t	w uː t	1	0	0
model_mean	k ɪ l	k ɪ l d	k ɪ l d	k ɪ s	k ɪ s t	k ɪ l t	1	0	0
model_mean	k æ r iː	k æ r iː d	k æ r iː d	k r æ k	k r æ k t	k æ r iː t	1	0	0
model_mean	ɹ̩ n	ɹ̩ n d	ɹ̩ n d	d͡ʒ ɹ̩ k	d͡ʒ ɹ̩ k t	ɹ̩ n t	1	0	0
model_mean	k ə l ɛ k t	k ə l ɛ k t ə d	k ə l ɛ k t ə d	k ə l æ p s	k ə l æ p s t	k ə l ɛ k t t	1	0	0
model_mean	d æ n s	d æ n s t	d æ n s t	d æ ʃ	d æ ʃ t	d æ n s t	1	1	1
model_mean	d r ɔ	d r uː	d r ɔ r d	d ɔ ɡ	d ɔ ɡ d	d r ɔ d	0	0	0
model_mean	p r a ɪ	p r a ɪ d	p r a ɪ d	p r a ɪ z	p r a ɪ z d	p r a ɪ d	1	1	1
model_mean	ɪ n v a ɪ t	ɪ n v a ɪ t ə d	ɪ n v a ɪ t ə d	ɪ n v ɛ n t	ɪ n v ɛ n t ə d	ɪ n v a ɪ t ə d	1	1	1
model_mean	r iː ə l a ɪ z	r iː ə l a ɪ z d	r iː ə l a ɪ z d	ə d r ɛ s	ə d r ɛ s t	r iː ə l a ɪ z t	1	0	0
model_mean	d r ɛ s	d r ɛ s t	d r ɛ s t	d r ɪ p	d r ɪ p t	d r ɛ s t	1	1	1
model_mean	t r æ n z m ɪ t	t r æ n z m ɪ t ə d	t r æ n z e ɪ t ə d	t r æ n s k r a ɪ b	t r æ n s k r a ɪ b d	t r æ n z m ɪ t d	1	0	0
model_mean	ʃ uː	ʃ uː d	ʃ uː	ʃ uː t	ʃ ɑː t	NA	1	0	0
model_mean	p iː s	p iː s t	p iː s t	p ɹ̩ s	p ɹ̩ s t	p iː s t	1	1	1
model_mean	d ɛ r	d ɛ r d	d ɛ r d	d ɔ ɡ	d ɔ ɡ d	d ɛ r d	1	1	1
model_mean	b ɪ l d	b ɪ l t	b ɪ l d ə d	b ɪ l	b ɪ l d	b ɪ l d d	0	0	0
model_mean	w ɪ n	w ʌ n	w ɪ n d	w ɪ l	w ɪ l d	w ɪ n d	0	1	0
model_mean	k l a ɪ m	k l a ɪ m d	k l a ɪ m d	k l a ʊ d	k l a ʊ d ə d	k l a ɪ m ə d	1	0	0
model_mean	s t ʌ f	s t ʌ f t	s t ʌ f t	s t ʌ b	s t ʌ b d	s t ʌ f d	1	0	0
model_mean	s t æ n d	s t ʊ d	s t æ n d ə d	s t æ m p	s t æ m p t	s t æ n d t	0	0	0
model_mean	d a ɪ s	d a ɪ s t	d a ɪ s t	d a ɪ	d a ɪ d	d a ɪ s d	1	0	0
model_mean	k o ʊ m	k o ʊ m d	k o ʊ m d	k o ʊ t	k o ʊ t ə d	k o ʊ m ə d	1	0	0
model_mean	ɡ r o ʊ	ɡ r uː	ɡ r o ʊ d	ɡ r o ʊ n	ɡ r o ʊ n d	ɡ r o ʊ d	0	1	0
model_mean	b ʌ t ɹ̩	b ʌ t ɹ̩ d	b ʌ t ɹ̩ d	b ʌ z	b ʌ z d	b ʌ t ɹ̩ d	1	1	1
model_mean	ə p s ɛ t	ə p s ɛ t	ə p s ɛ t ə d	s ə p ɔ r t	s ə p ɔ r t ə d	ə p s ɛ t ə d	0	1	0
model_mean	b ɑː r	b ɑː r d	b ɑː r d	b ɑː m	b ɑː m d	b ɑː r d	1	1	1
model_mean	m ɪ k s	m ɪ k s t	m ɪ k s t	m ɪ s	m ɪ s t	m ɪ k s t	1	1	1
model_mean	l ɹ̩ n	l ɹ̩ n d	l ɹ̩ n d	l iː p	l ɛ p t	NA	1	0	0
model_mean	r æ t ə l	r æ t ə l d	r æ t ə l d	t r æ v ə l	t r æ v ə l d	r æ t ə l d	1	1	1
model_mean	l uː z	l ɔ s t	l uː z d	l uː p	l uː p t	l uː z t	0	0	0
model_mean	p ɔ r	p ɔ r d	p ɔ r d	p iː r	p iː r d	p ɔ r d	1	1	1
model_mean	m æ n	m æ n d	m æ n d	m æ ʃ	m æ ʃ t	m æ n t	1	0	0
model_mean	m æ t͡ʃ	m æ t͡ʃ t	m æ t͡ʃ t	m æ ʃ	m æ ʃ t	m æ t͡ʃ t	1	1	1
model_mean	w ɑː n d ɹ̩	w ɑː n d ɹ̩ d	w ɑː n d ɹ̩ d	w ɛ ð ɹ̩	w ɛ ð ɹ̩ d	w ɑː n d ɹ̩ d	1	1	1
model_mean	r iː m a ɪ n d	r iː m a ɪ n d ə d	r iː m a ɪ n d ə d	m ɔ r n	m ɔ r n d	r iː m a ɪ n d d	1	0	0
model_mean	s n ɪ f	s n ɪ f t	s n ɪ f t	s n ʌ f	s n ʌ f t	s n ɪ f t	1	1	1
model_mean	p iː k	p iː k t	p iː k t	p iː t ɹ̩	p iː t ɹ̩ d	p iː k d	1	0	0
model_mean	p l iː z	p l iː z d	p l iː z d	p l iː d	p l iː d ə d	p l iː z ə d	1	0	0
model_mean	b e ɪ k	b e ɪ k t	b e ɪ k t	b e ɪ ð	b e ɪ ð d	b e ɪ k d	1	0	0
model_mean	r ɪ p	r ɪ p t	r ɪ p t	r æ p	r æ p t	r ɪ p t	1	1	1
model_mean	t͡ʃ e ɪ n d͡ʒ	t͡ʃ e ɪ n d͡ʒ d	t͡ʃ e ɪ n d͡ʒ d	t͡ʃ e ɪ n	t͡ʃ e ɪ n d	t͡ʃ e ɪ n d͡ʒ d	1	1	1
model_mean	ɔ r d ɹ̩	ɔ r d ɹ̩ d	ɔ r d ɹ̩ d	d w ɔ r f	d w ɔ r f t	ɔ r d ɹ̩ t	1	0	0
model_mean	h o ʊ p	h o ʊ p t	h o ʊ p t	h o ʊ l	h o ʊ l d	h o ʊ p d	1	0	0
model_mean	p ɛ p ɹ̩	p ɛ p ɹ̩ d	p ɛ p ɹ̩ d	p ɛ r	p ɛ r d	p ɛ p ɹ̩ d	1	1	1
model_mean	m ʌ n t͡ʃ	m ʌ n t͡ʃ t	m ʌ n t͡ʃ t	m ɪ n s	m ɪ n s t	m ʌ n t͡ʃ t	1	1	1
model_mean	p l æ s t ɹ̩	p l æ s t ɹ̩ d	p l æ s t ɹ̩ d	p l æ n t	p l æ n t ə d	p l æ s t ɹ̩ ə d	1	0	0
model_mean	f a ɪ t	f ɔ t	f a ɪ t ə d	f a ɪ l	f a ɪ l d	f a ɪ t d	0	0	0
model_mean	t r æ k	t r æ k t	t r æ k t	t r æ p	t r æ p t	t r æ k t	1	1	1
model_mean	s o ʊ	s o ʊ d	s o ʊ d	s a ʊ ɹ̩	s a ʊ ɹ̩ d	s o ʊ d	1	1	1
model_mean	m ɛ l t	m ɛ l t ə d	m ɛ l t ə d	m ɔ l t	m ɔ l t ə d	m ɛ l t ə d	1	1	1
model_mean	ɡ l ʌ v	ɡ l ʌ v d	ɡ l ʌ v d	ɡ l æ s	ɡ l æ s t	ɡ l ʌ v t	1	0	0
model_mean	t͡ʃ ɑː r d͡ʒ	t͡ʃ ɑː r d͡ʒ d	t͡ʃ ɑː r d͡ʒ d	t͡ʃ ɑː r t	t͡ʃ ɑː r t ə d	t͡ʃ ɑː r d͡ʒ ə d	1	0	0
model_mean	l ɪ k	l ɪ k t	l ɪ k t	l ɪ ŋ k	l ɪ ŋ k t	l ɪ k t	1	1	1
model_mean	d ɪ l ɪ v ɹ̩	d ɪ l ɪ v ɹ̩ d	d ɪ l ɪ v ɹ̩ d	d ɪ l iː t	d ɪ l iː t ə d	d ɪ l ɪ v ɹ̩ ə d	1	0	0
model_mean	b ʌ m p	b ʌ m p t	b ʌ m p t	b ʌ n t͡ʃ	b ʌ n t͡ʃ t	b ʌ m p t	1	1	1
model_mean	a ɪ	a ɪ d	a ɪ d	a ɪ s	a ɪ s t	a ɪ t	1	0	0
model_mean	k iː	k iː d	k iː d	k ɪ d	k ɪ d ə d	k iː ə d	1	0	0
model_mean	s ɪ z ə l	s ɪ z ə l d	s ɪ z ə l d	s ɪ m ɹ̩	s ɪ m ɹ̩ d	s ɪ z ə l d	1	1	1
model_mean	ɪ r e ɪ s	ɪ r e ɪ s t	ɪ r e ɪ s t	ɪ r ʌ p t	ɪ r ʌ p t ə d	ɪ r e ɪ s ə d	1	0	0
model_mean	s ɹ̩ a ʊ n d	s ɹ̩ a ʊ n d ə d	s ɹ̩ a ʊ n d ə d	s a ʊ n d	s a ʊ n d ə d	s ɹ̩ a ʊ n d ə d	1	1	1
model_mean	s k ɪ p	s k ɪ p t	s k ɪ p t	s k uː p	s k uː p t	s k ɪ p t	1	1	1
model_mean	d ɑː k t ɹ̩	d ɑː k t ɹ̩ d	d ɑː k t ɹ̩ d	d ɑː t	d ɑː t ə d	d ɑː k t ɹ̩ ə d	1	0	0
model_mean	s e ɪ l	s e ɪ l d	s e ɪ l d	s e ɪ v	s e ɪ v d	s e ɪ l d	1	1	1
model_mean	ɪ n t ə r ɛ s t	ɪ n t ə r ɛ s t ə d	ɪ n t ə r s ɛ s t	ɪ n t r ə d uː s	ɪ n t r ə d uː s t	ɪ n t ə r ɛ s t t	1	0	0
model_mean	t r e ɪ s	t r e ɪ s t	t r e ɪ s t	t r e ɪ n	t r e ɪ n d	t r e ɪ s d	1	0	0
model_mean	a ɪ ɹ̩ n	a ɪ ɹ̩ n d	a ɪ ɹ̩ n d	a ɪ s	a ɪ s t	a ɪ ɹ̩ n t	1	0	0
model_mean	iː v ɪ n	iː v ɪ n d	iː v d	v ɪ z ɪ t	v ɪ z ɪ t ə d	iː v ɪ n ə d	1	0	0
model_mean	k o ʊ k s	k o ʊ k s t	k o ʊ k s t	k r o ʊ	k r o ʊ d	k o ʊ k s d	1	0	0
model_mean	z ɪ r ɑː k s	z ɪ r ɑː k s t	z ɪ r ɑː k s t	r ɪ z ɪ s t	r ɪ z ɪ s t ə d	z ɪ r ɑː k s ə d	1	0	0
model_mean	b ɛ n d	b ɛ n d ə d	b ɛ n d ə d	b ɛ ɡ	b ɛ ɡ d	b ɛ n d d	1	0	0
model_mean	p o ʊ z	p o ʊ z d	p o ʊ z d	p o ʊ k	p o ʊ k t	p o ʊ z t	1	0	0
model_mean	p ɑː k ə t	p ɑː k ə t ə d	p ɑː k ə t ə d	p ɑː l ɪ ʃ	p ɑː l ɪ ʃ t	p ɑː k ə t t	1	0	0
model_mean	f r a ɪ	f r a ɪ d	f r a ɪ d	f r a ʊ n	f r a ʊ n d	f r a ɪ d	1	1	1
model_mean	h æ n d ə l	h æ n d ə l d	h æ n d ə l d	h æ v	h æ d	NA	1	0	0
model_mean	ə s o ʊ s iː e ɪ t	ə s o ʊ s iː e ɪ t ə d	ə s ʊ s ə iː e ɪ t ə d	s ə s t e ɪ n	s ə s t e ɪ n d	ə s o ʊ s iː e ɪ t d	1	0	0
model_mean	æ k t	æ k t ə d	æ k t ə d	æ d	æ d ə d	æ k t ə d	1	1	1
model_mean	r iː m uː v	r iː m uː v d	r iː m uː v d	r iː v j uː	r iː v j uː d	r iː m uː v d	1	1	1
model_mean	s l o ʊ	s l o ʊ d	s l o ʊ d	s l iː p	s l ɛ p t	NA	1	0	0
model_mean	s t r æ p	s t r æ p t	s t r æ p t	s t r ɪ p	s t r ɪ p t	s t r æ p t	1	1	1
model_mean	d r e ɪ n	d r e ɪ n d	d r e ɪ n d	d r e ɪ p	d r e ɪ p t	d r e ɪ n t	1	0	0
model_mean	p ɛ ɡ	p ɛ ɡ d	p ɛ ɡ d	p ɛ r	p ɛ r d	p ɛ ɡ d	1	1	1
model_mean	k ə m p l e ɪ n	k ə m p l e ɪ n d	k ə m p l e ɪ n d	k ə m p l iː t	k ə m p l iː t ə d	k ə m p l e ɪ n ə d	1	0	0
model_mean	f ɛ n s	f ɛ n s t	f ɛ n s t	f ɛ r	f ɛ r d	f ɛ n s d	1	0	0
model_mean	k r iː e ɪ t	k r iː e ɪ t ə d	k r iː e ɪ t ə d	k r uː s ə f a ɪ	k r uː s ə f a ɪ d	k r iː e ɪ t d	1	0	0
model_mean	f l ʌ ʃ	f l ʌ ʃ t	f l ʌ ʃ t	f l æ ʃ	f l æ ʃ t	f l ʌ ʃ t	1	1	1
model_mean	ɡ ɑː r d	ɡ ɑː r d ə d	ɡ ɑː r d ə d	ɡ ɑː l f	ɡ ɑː l f t	ɡ ɑː r d t	1	0	0
model_mean	r ɪ ŋ k ə l	r ɪ ŋ k ə l d	r ɪ ŋ k ə l d	r ɪ k ʌ v ɹ̩	r ɪ k ʌ v ɹ̩ d	r ɪ ŋ k ə l d	1	1	1
model_mean	s w iː p	s w ɛ p t	s w iː p t	s w uː p	s w uː p t	s w iː p t	0	1	0
model_mean	s k ɛ d͡ʒ ʊ l	s k ɛ d͡ʒ ʊ l d	s k ɛ d͡ʒ ʊ l d	s k ɛ r	s k ɛ r d	s k ɛ d͡ʒ ʊ l d	1	1	1
model_mean	f ɹ̩ m ɛ n t	f ɹ̩ m ɛ n t ə d	f ɹ̩ m ɛ n t ə d	f ɹ̩ b ɪ d	f ɹ̩ b e ɪ d	NA	1	0	0
model_mean	p ʌ z ə l	p ʌ z ə l d	p ʌ z ə l d	p iː r	p iː r d	p ʌ z ə l d	1	1	1
model_mean	k l ɑː b ɹ̩	k l ɑː b ɹ̩ d	k l ɑː b ɹ̩ d	k l ɑː z ə t	k l ɑː z ə t ə d	k l ɑː b ɹ̩ ə d	1	0	0
model_mean	d ɪ n a ɪ	d ɪ n a ɪ d	d ɪ n a ɪ d	d a ɪ	d a ɪ d	d ɪ n a ɪ d	1	1	1
model_mean	e ɪ k	e ɪ k t	e ɪ k t	e ɪ m	e ɪ m d	e ɪ k d	1	0	0
model_mean	l iː n	l iː n d	l iː n d	l iː p	l ɛ p t	NA	1	0	0
model_mean	ʃ ɪ v ɹ̩	ʃ ɪ v ɹ̩ d	ʃ ɪ v ɹ̩ d	ʃ ʌ v ə l	ʃ ʌ v ə l d	ʃ ɪ v ɹ̩ d	1	1	1
model_mean	f l ʌ d	f l ʌ d ə d	f l ʌ d ə d	f l æ t ɹ̩	f l æ t ɹ̩ d	f l ʌ d d	1	0	0
model_mean	w ɪ s k	w ɪ s k t	w ɪ s k t	w ɪ s p ɹ̩	w ɪ s p ɹ̩ d	w ɪ s k d	1	0	0
model_mean	k ə n t r o ʊ l	k ə n t r o ʊ l d	k ə n t r o ʊ k ə l o ʊ n t ə d	k ə n t ɪ n j uː	k ə n t ɪ n j uː d	k ə n t r o ʊ l d	1	0	1
model_mean	b ɑː t ə m	b ɑː t ə m d	b ɑː t ə m d	b ɑː t ə l	b ɑː t ə l d	b ɑː t ə m d	1	1	1
model_mean	w ɔ r n	w ɔ r n d	w ɔ r n d	w ɔ r m	w ɔ r m d	w ɔ r n d	1	1	1
model_mean	b ɛ r iː	b ɛ r iː d	b ɛ r iː d	b ɛ ɡ	b ɛ ɡ d	b ɛ r iː d	1	1	1
model_mean	ɔ f ɹ̩	ɔ f ɹ̩ d	ɔ f ɹ̩ d	ɔ l t ɹ̩	ɔ l t ɹ̩ d	ɔ f ɹ̩ d	1	1	1
model_mean	b ɛ r	b o ʊ r	b ɛ r d	b ɛ ɡ	b ɛ ɡ d	b ɛ r d	0	1	0
model_mean	s l ɪ p	s l ɪ p t	s l ɪ p t	s l æ p	s l æ p t	s l ɪ p t	1	1	1
model_mean	t͡ʃ iː r	t͡ʃ iː r d	t͡ʃ iː r d	t͡ʃ iː t	t͡ʃ iː t ə d	t͡ʃ iː r ə d	1	0	0
model_mean	r ɪ s k	r ɪ s k t	r ɪ s k t	r ɪ s ɛ s	r ɪ s ɛ s t	r ɪ s k t	1	1	1
model_mean	p ɛ t	p ɛ t ə d	p ɛ t	p ɛ n	p ɛ n d	p ɛ t d	1	0	0
model_mean	t r ʌ s t	t r ʌ s t ə d	t r ʌ s t ə d	t r ʌ k	t r ʌ k t	t r ʌ s t t	1	0	0
model_mean	ɪ n s t r ʌ k t	ɪ n s t r ʌ k t ə d	ɪ n s t r ʌ k t ə d	ɪ n s ɪ s t	ɪ n s ɪ s t ə d	ɪ n s t r ʌ k t ə d	1	1	1
model_mean	t͡ʃ ɪ k ə n	t͡ʃ ɪ k ə n d	t͡ʃ ɪ k ə n d	t͡ʃ e ɪ n	t͡ʃ e ɪ n d	t͡ʃ ɪ k ə n d	1	1	1
model_mean	p r iː p ɛ r	p r iː p ɛ r d	p r iː p ɛ r d	p r iː z ɛ n t	p r iː z ɛ n t ə d	p r iː p ɛ r ə d	1	0	0
model_mean	h æ m ɹ̩	h æ m ɹ̩ d	h æ m ɹ̩ d	h æ v	h æ d	NA	1	0	0
model_mean	s p r ɪ ŋ k ə l	s p r ɪ ŋ k ə l d	s p r æ ŋ k ə l d	s p r e ɪ	s p r e ɪ d	s p r ɪ ŋ k ə l d	1	0	1
model_mean	r ɛ s ə l	r ɛ s ə l d	r ɛ s ə l d	r ɛ k ə n	r ɛ k ə n d	r ɛ s ə l d	1	1	1
model_mean	h ɛ m	h ɛ m d	h ɛ m d	h ɛ d	h ɛ d ə d	h ɛ m ə d	1	0	0
model_mean	p l æ n	p l æ n d	p l æ n d	p l æ n t	p l æ n t ə d	p l æ n ə d	1	0	0
model_mean	s t æ ʃ	s t æ ʃ t	s t æ ʃ t	s t æ k	s t æ k t	s t æ ʃ t	1	1	1
model_mean	m ɑː r k	m ɑː r k t	m ɑː r k t	m ɑː r t͡ʃ	m ɑː r t͡ʃ t	m ɑː r k t	1	1	1
model_mean	k e ɪ v	k e ɪ v d	k e ɪ v d	k e ɪ k	k e ɪ k t	k e ɪ v t	1	0	0
model_mean	k ɹ̩ l	k ɹ̩ l d	k ɹ̩ l d	k ɹ̩ v	k ɹ̩ v d	k ɹ̩ l d	1	1	1
model_mean	p r e ɪ z	p r e ɪ z d	p r e ɪ z d	p r ɪ k	p r ɪ k t	p r e ɪ z t	1	0	0
model_mean	d æ m	d æ m d	d æ m d	d æ ʃ	d æ ʃ t	d æ m t	1	0	0
model_mean	f l ʌ t ɹ̩	f l ʌ t ɹ̩ d	f l ʌ t ɹ̩ d	f l æ t ɹ̩	f l æ t ɹ̩ d	f l ʌ t ɹ̩ d	1	1	1
model_mean	b ɛ l t	b ɛ l t ə d	b ɛ l t ə d	b ɛ t ɹ̩	b ɛ t ɹ̩ d	b ɛ l t d	1	0	0
model_mean	b ɔ l	b ɔ l d	b ɔ l d	b ɔ r	b ɔ r d	b ɔ l d	1	1	1
model_mean	s k æ l ə p	s k æ l ə p t	s k æ l ə p t	æ k s ɛ n t	æ k s ɛ n t ə d	s k æ l ə p ə d	1	0	0
model_mean	k ə m p ɛ r	k ə m p ɛ r d	k ə m p ɛ r d	k ə m p l iː t	k ə m p l iː t ə d	k ə m p ɛ r ə d	1	0	0
model_mean	b ɔ ɪ l	b ɔ ɪ l d	b ɔ ɪ l d	b ɔ r	b ɔ r d	b ɔ ɪ l d	1	1	1
model_mean	s k æ n	s k æ n d	s k æ n d	s æ n d	s æ n d ə d	s k æ n ə d	1	0	0
model_mean	r ɛ k ə m ɛ n d	r ɛ k ə m ɛ n d ə d	r ɛ k ə m ɛ n d	r ɛ k ə ɡ n a ɪ z	r ɛ k ə ɡ n a ɪ z d	r ɛ k ə m ɛ n d d	1	0	0
model_mean	t o ʊ	t o ʊ d	t o ʊ d	t a ʊ ɹ̩	t a ʊ ɹ̩ d	t o ʊ d	1	1	1
model_mean	s t r ɛ s	s t r ɛ s t	s t r ɛ s t	s t æ k	s t æ k t	s t r ɛ s t	1	1	1
model_mean	b æ n d	b æ n d ə d	b æ n d ə d	b æ t	b æ t ə d	b æ n d ə d	1	1	1
model_mean	b o ʊ s t	b o ʊ s t ə d	b o ʊ s t ə d	b o ʊ l t	b o ʊ l t ə d	b o ʊ s t ə d	1	1	1
model_mean	r ɛ s k j uː	r ɛ s k j uː d	r ɛ s k j uː d	s k r uː	s k r uː d	r ɛ s k j uː d	1	1	1
model_mean	b ʌ s	b ʌ s t	b ʌ s t	b ʌ k	b ʌ k t	b ʌ s t	1	1	1
model_mean	m ɑː r	m ɑː r d	m ɑː r d	m ʊ r	m ʊ r d	m ɑː r d	1	1	1
model_mean	t ʌ m b ə l	t ʌ m b ə l d	t ʌ m b ə l d	m ʌ ʃ r uː m	m ʌ ʃ r uː m d	t ʌ m b ə l d	1	1	1
model_mean	d ɪ s t r ɔ ɪ	d ɪ s t r ɔ ɪ d	d ɪ s t r ɔ r d	d ɪ s ə p iː r	d ɪ s ə p iː r d	d ɪ s t r ɔ ɪ d	1	0	1
model_mean	w æ ɡ	w æ ɡ d	w æ ɡ d	w æ k	w æ k t	w æ ɡ t	1	0	0
model_mean	p a ʊ ɹ̩	p a ʊ ɹ̩ d	p a ʊ ɹ̩ d	p a ɪ l	p a ɪ l d	p a ʊ ɹ̩ d	1	1	1
model_mean	b l iː t͡ʃ	b l iː t͡ʃ t	b l iː t͡ʃ t	b iː p	b iː p t	b l iː t͡ʃ t	1	1	1
model_mean	t æ ŋ ɡ ə l	t æ ŋ ɡ ə l d	t æ ŋ ɡ ə l d	t æ ɡ	t æ ɡ d	t æ ŋ ɡ ə l d	1	1	1
model_mean	n ɔ	n ɔ d	n ɔ n d	n ɪ t	n ɪ t ə d	n ɔ ə d	1	0	0
model_mean	r o ʊ m	r o ʊ m d	r o ʊ m d	r o ʊ l	r o ʊ l d	r o ʊ m d	1	1	1
model_mean	b l ɪ ŋ k	b l ɪ ŋ k t	b l ʌ ŋ k t	b ɪ l ɔ ŋ	b ɪ l ɔ ŋ d	b l ɪ ŋ k d	1	0	0
model_mean	t w ɹ̩ l	t w ɹ̩ l d	t w ɹ̩ l d	t ɹ̩ n	t ɹ̩ n d	t w ɹ̩ l d	1	1	1
model_mean	ə n b ʌ t ə n	ə n b ʌ t ə n d	ə n b ʌ t ə n d	ə n d r ɛ s	ə n d r ɛ s t	ə n b ʌ t ə n t	1	0	0
model_mean	θ r ɛ t ə n	θ r ɛ t ə n d	θ r ɛ t ə n d	θ r ɛ d	θ r ɛ d ə d	θ r ɛ t ə n ə d	1	0	0
model_mean	b ɛ l o ʊ	b ɛ l o ʊ d	b ɛ l o ʊ d	b l o ʊ	b l uː	b ɛ l uː	1	0	0
model_mean	s p ɛ ʃ ə l a ɪ z	s p ɛ ʃ ə l a ɪ z d	s p ɛ ʃ ə l a ɪ z d	s ɛ p ɹ̩ e ɪ t	s ɛ p ɹ̩ e ɪ t ə d	s p ɛ ʃ ə l a ɪ z ə d	1	0	0
model_mean	ɪ n ɪ ʃ iː e ɪ t	ɪ n ɪ ʃ iː e ɪ t ə d	ɪ n ɪ ʃ iː e ɪ t ə d	ɪ n s ɪ s t	ɪ n s ɪ s t ə d	ɪ n ɪ ʃ iː e ɪ t ə d	1	1	1
model_mean	p iː p	p iː p t	p iː p t	p iː t ɹ̩	p iː t ɹ̩ d	p iː p d	1	0	0
model_mean	ʃ ʌ f ə l	ʃ ʌ f ə l d	ʃ ʌ f ə l d	ʃ ʌ t ə l	ʃ ʌ t ə l d	ʃ ʌ f ə l d	1	1	1
model_mean	ɪ n f l uː ə n s	ɪ n f l uː ə n s t	ɪ n f l uː n s	ɪ n t ɹ̩ ʌ p t	ɪ n t ɹ̩ ʌ p t ə d	ɪ n f l uː ə n s ə d	1	0	0
model_mean	d a ʊ n	d a ʊ n d	d a ʊ n d	d o ʊ l	d o ʊ l d	d a ʊ n d	1	1	1
model_mean	d ɪ v ɛ l ə p	d ɪ v ɛ l ə p t	d ɪ v ɛ l ə p t	d ɪ z ɑː l v	d ɪ z ɑː l v d	d ɪ v ɛ l ə p d	1	0	0
model_mean	s p e ɪ	s p e ɪ d	s p e ɪ d	s p a ɪ	s p a ɪ d	s p e ɪ d	1	1	1
model_mean	r iː p l e ɪ s	r iː p l e ɪ s t	r iː p l e ɪ s t	r iː p ʌ l s	r iː p ʌ l s t	r iː p l e ɪ s t	1	1	1
model_mean	s p ɔ ɪ l	s p ɔ ɪ l d	s p ɔ ɪ l d	s p ɔ r t	s p ɔ r t ə d	s p ɔ ɪ l ə d	1	0	0
model_mean	l e ɪ b ə l	l e ɪ b ə l d	l e ɪ b ə l d	b l e ɪ m	b l e ɪ m d	l e ɪ b ə l d	1	1	1
model_mean	d r ɪ b ə l	d r ɪ b ə l d	d r ɪ b ə l d	d r ɪ f t	d r ɪ f t ə d	d r ɪ b ə l ə d	1	0	0
model_mean	t͡ʃ æ n ə l	t͡ʃ æ n ə l d	t͡ʃ æ n ə l d	t͡ʃ æ n t	t͡ʃ æ n t ə d	t͡ʃ æ n ə l ə d	1	0	0
model_mean	ɪ m p r uː v	ɪ m p r uː v d	ɪ m p r uː v d	ɪ m p r ɛ s	ɪ m p r ɛ s t	ɪ m p r uː v t	1	0	0
model_mean	p r e ɪ	p r e ɪ d	p r e ɪ d	p r ɪ k	p r ɪ k t	p r e ɪ t	1	0	0
model_mean	w ɛ t	w ɛ t	w ɛ t	w ɪ ŋ	w ɪ ŋ d	w ɛ t d	0	0	0
model_mean	s t r e ɪ n	s t r e ɪ n d	s t r e ɪ n d	s t r a ɪ p	s t r a ɪ p t	s t r e ɪ n t	1	0	0
model_mean	m ɑː r b ə l	m ɑː r b ə l d	m ɑː r b ə l d	m ɑː r k ə t	m ɑː r k ə t ə d	m ɑː r b ə l ə d	1	0	0
model_mean	ʃ ɛ l	ʃ ɛ l d	ʃ ɛ l t	ʃ ɛ r	ʃ ɛ r d	ʃ ɛ l d	1	0	1
model_mean	k o ʊ ɑː p ɹ̩ e ɪ t	k o ʊ ɑː p ɹ̩ e ɪ t ə d	k o ʊ p ɹ̩ e ɪ d	k o ʊ ɔ r d ə n e ɪ t	k o ʊ ɔ r d ə n e ɪ t ə d	k o ʊ ɑː p ɹ̩ e ɪ t ə d	1	0	1
model_mean	ɡ r e ɪ t	ɡ r e ɪ t ə d	ɡ r e ɪ t ə d	ɡ r e ɪ d	ɡ r e ɪ d ə d	ɡ r e ɪ t ə d	1	1	1
model_mean	f ɔ r m j ə l e ɪ t	f ɔ r m j ə l e ɪ t ə d	f ɔ r ə l ə l e ɪ t ə d	k r uː s ə f a ɪ	k r uː s ə f a ɪ d	f ɔ r m j ə l e ɪ t d	1	0	0
model_mean	k æ n s ə l	k æ n s ə l d	k æ n s ə l d	æ k s ɛ n t	æ k s ɛ n t ə d	k æ n s ə l ə d	1	0	0
model_mean	d ɪ s k ʌ v ɹ̩	d ɪ s k ʌ v ɹ̩ d	d ɪ s k ʌ v ɹ̩ d	d ɪ s k ʌ s	d ɪ s k ʌ s t	d ɪ s k ʌ v ɹ̩ t	1	0	0
model_mean	ə m e ɪ z	ə m e ɪ z d	ə m e ɪ z d	ə d m ɪ t	ə d m ɪ t ə d	ə m e ɪ z ə d	1	0	0
model_mean	f æ n s iː	f æ n s iː d	f æ n s iː d	f æ s ə n	f æ s ə n d	f æ n s iː d	1	1	1
model_mean	æ n ə l a ɪ z	æ n ə l a ɪ z d	æ n ə n a ɪ z d	ə n d r ɛ s	ə n d r ɛ s t	æ n ə l a ɪ z t	1	0	0
model_mean	t e ɪ l ɹ̩	t e ɪ l ɹ̩ d	t e ɪ l ɹ̩ d	t ɪ l t	t ɪ l t ə d	t e ɪ l ɹ̩ ə d	1	0	0
model_mean	p ɑː r t͡ʃ	p ɑː r t͡ʃ t	p ɑː r t͡ʃ t	p ɑː r k	p ɑː r k t	p ɑː r t͡ʃ t	1	1	1
model_mean	b ɪ d	b e ɪ d	b ɪ d ə d	b iː d	b iː d ə d	b ɪ d ə d	0	1	0
model_mean	s o ʊ k	s o ʊ k t	s o ʊ k t	s t o ʊ	s t o ʊ d	s o ʊ k d	1	0	0
model_mean	s uː	s uː d	s uː d	s ɔ	s ɔ d	s uː d	1	1	1
model_mean	f æ n	f æ n d	f æ n d	f ʌ d͡ʒ	f ʌ d͡ʒ d	f æ n d	1	1	1
model_mean	f r ɛ k ə l	f r ɛ k ə l d	f r ɛ k ə l d	f r ɔ s t	f r ɔ s t ə d	f r ɛ k ə l ə d	1	0	0
model_mean	ə n d uː	ə n d ɪ d	ə n d uː d	ə n z ɪ p	ə n z ɪ p t	ə n d uː t	0	0	0
model_mean	θ ʌ m p	θ ʌ m p t	θ ʌ m p t	θ ʌ m	θ ʌ m d	θ ʌ m p d	1	0	0
model_mean	w ɑː b ə l	w ɑː b ə l d	w ɑː b ə l d	w ɑː f ə l	w ɑː f ə l d	w ɑː b ə l d	1	1	1
model_mean	ɡ r ɪ l	ɡ r ɪ l d	ɡ r ɪ l d	ɡ r æ b	ɡ r æ b d	ɡ r ɪ l d	1	1	1
model_mean	ə s uː m	ə s uː m d	ə s uː m d	ə k ɹ̩	ə k ɹ̩ d	ə s uː m d	1	1	1
model_mean	z ɪ ɡ z æ ɡ	z ɪ ɡ z æ ɡ d	z ɪ ɡ z æ ɡ d	ɪ ɡ z æ k t	ɪ ɡ z æ k t ə d	z ɪ ɡ z æ ɡ ə d	1	0	0
model_mean	p ɛ r ə ʃ uː t	p ɛ r ə ʃ uː t ə d	p ɛ r ə ʃ uː t ə d	p ɛ d ə l	p ɛ d ə l d	p ɛ r ə ʃ uː t d	1	0	0
model_mean	ɛ ɡ	ɛ ɡ d	ɛ ɡ d	ɛ r	ɛ r d	ɛ ɡ d	1	1	1
model_mean	l o ʊ k e ɪ t	l o ʊ k e ɪ t ə d	l o ʊ k e ɪ t ə d	o ʊ b e ɪ	o ʊ b e ɪ d	l o ʊ k e ɪ t d	1	0	0
model_mean	n e ɪ l	n e ɪ l d	n e ɪ l d	n e ɪ m	n e ɪ m d	n e ɪ l d	1	1	1
model_mean	f a ɪ n	f a ɪ n d	f a ɪ n d	f a ɪ l	f a ɪ l d	f a ɪ n d	1	1	1
model_mean	ʃ r ɪ v ə l	ʃ r ɪ v ə l d	ʃ r ɪ v ə l d	ʃ r ɛ d	ʃ r ɛ d ə d	ʃ r ɪ v ə l ə d	1	0	0
model_mean	t͡ʃ a ɪ m	t͡ʃ a ɪ m d	t͡ʃ a ɪ m d	t͡ʃ e ɪ n	t͡ʃ e ɪ n d	t͡ʃ a ɪ m d	1	1	1
model_mean	ɪ v æ p ɹ̩ e ɪ t	ɪ v æ p ɹ̩ e ɪ t ə d	ɪ v æ p ɹ̩ e ɪ t ə d	ɪ m ɹ̩ d͡ʒ	ɪ m ɹ̩ d͡ʒ d	ɪ v æ p ɹ̩ e ɪ t d	1	0	0
model_mean	ɑː k j ə p a ɪ	ɑː k j ə p a ɪ d	ɑː r ə p j uː p t	k ɑː ŋ k ɹ̩	k ɑː ŋ k ɹ̩ d	ɑː k j ə p a ɪ d	1	0	1
model_mean	k l ɑː ɡ	k l ɑː ɡ d	k l ɑː ɡ d	k l æ p	k l æ p t	k l ɑː ɡ t	1	0	0
model_mean	m æ p	m æ p t	m æ p t	m æ ʃ	m æ ʃ t	m æ p t	1	1	1
model_mean	ɡ e ɪ z	ɡ e ɪ z d	ɡ e ɪ z d	ɡ e ɪ n	ɡ e ɪ n d	ɡ e ɪ z d	1	1	1
model_mean	s k æ t ɹ̩	s k æ t ɹ̩ d	s k æ t ɹ̩ d	s æ n d	s æ n d ə d	s k æ t ɹ̩ ə d	1	0	0
model_mean	s n ɑː r ə l	s n ɑː r ə l d	s n ɑː r ə l d	s n ɔ r t	s n ɔ r t ə d	s n ɑː r ə l ə d	1	0	0
model_mean	f l e ɪ v ɹ̩	f l e ɪ v ɹ̩ d	f l e ɪ v ɹ̩ d	f l a ɪ	f l uː	NA	1	0	0
model_mean	ɪ d͡ʒ ɛ k t	ɪ d͡ʒ ɛ k t ə d	ɪ d͡ʒ ɛ k t ə d	d͡ʒ e ɪ l	d͡ʒ e ɪ l d	ɪ d͡ʒ ɛ k t d	1	0	0
model_mean	r iː æ k t	r iː æ k t ə d	r iː æ k t ə d	r iː k æ p	r iː k æ p t	r iː æ k t t	1	0	0
model_mean	s t e ɪ p ə l	s t e ɪ p ə l d	s t e ɪ p ə l d	s t e ɪ b ə l a ɪ z	s t e ɪ b ə l a ɪ z d	s t e ɪ p ə l d	1	1	1
model_mean	ɪ k s p l o ʊ d	ɪ k s p l o ʊ d ə d	ɪ k s p l o ʊ k d	ɪ k s p l e ɪ n	ɪ k s p l e ɪ n d	ɪ k s p l o ʊ d d	1	0	0
model_mean	r ɪ z ɛ m b ə l	r ɪ z ɛ m b ə l d	r ɪ z ɛ m b ə l d	r ɪ z ɪ s t	r ɪ z ɪ s t ə d	r ɪ z ɛ m b ə l ə d	1	0	0
model_mean	s w ɪ v ə l	s w ɪ v ə l d	s w ɪ v ə l d	s w ɪ m	s w æ m	NA	1	0	0
model_mean	w æ k s	w æ k s t	w æ k s t	w æ k	w æ k t	w æ k s t	1	1	1
model_mean	s k r a ʊ n d͡ʒ	s k r a ʊ n d͡ʒ d	s k r a ʊ n d͡ʒ d	s k r e ɪ p	s k r e ɪ p t	s k r a ʊ n d͡ʒ t	1	0	0
model_mean	ɔ r ɡ ə n a ɪ z	ɔ r ɡ ə n a ɪ z d	ɔ r ɡ ə n a ɪ z d	ɡ r æ v ə t e ɪ t	ɡ r æ v ə t e ɪ t ə d	ɔ r ɡ ə n a ɪ z ə d	1	0	0
model_mean	d ɪ z a ɪ n	d ɪ z a ɪ n d	d ɪ z a ɪ n d	d ɪ z ɹ̩ v	d ɪ z ɹ̩ v d	d ɪ z a ɪ n d	1	1	1
model_mean	e ɪ d͡ʒ	e ɪ d͡ʒ d	e ɪ d͡ʒ d	e ɪ m	e ɪ m d	e ɪ d͡ʒ d	1	1	1
model_mean	k ɔ r n ɹ̩	k ɔ r n ɹ̩ d	k ɔ r n ɹ̩ d	k r ɔ l	k r ɔ l d	k ɔ r n ɹ̩ d	1	1	1
model_mean	k ə n k l uː d	k ə n k l uː d ə d	k ə n k l uː d ə d	k ə n v ɪ n s	k ə n v ɪ n s t	k ə n k l uː d t	1	0	0
model_mean	b iː f	b iː f t	b iː f t	b iː p	b iː p t	b iː f t	1	1	1
model_mean	s p r ɪ ŋ	s p r æ ŋ	s p r ʌ ŋ	s p r ɛ d	s p r ɛ d	s p r ɪ ŋ	0	0	0
model_mean	t æ n	t æ n d	t æ n d	t æ ɡ	t æ ɡ d	t æ n d	1	1	1
model_mean	t o ʊ n	t o ʊ n d	t o ʊ n d	t a ʊ ɹ̩	t a ʊ ɹ̩ d	t o ʊ n d	1	1	1
model_mean	ɪ n ɪ ʃ ə l	ɪ n ɪ ʃ ə l d	ɪ n ɪ ʃ ə l d	ɪ n s ɪ s t	ɪ n s ɪ s t ə d	ɪ n ɪ ʃ ə l ə d	1	0	0
model_mean	s t r æ d ə l	s t r æ d ə l d	s t r æ d ə l d	s t r ʌ ɡ ə l	s t r ʌ ɡ ə l d	s t r æ d ə l d	1	1	1
model_mean	ə r a ɪ z	ə r o ʊ z	ə r a ɪ z d	ə r a ɪ v	ə r a ɪ v d	ə r a ɪ z d	0	1	0
model_mean	ɡ ʌ n	ɡ ʌ n d	ɡ ʌ n d	ɡ ʌ m	ɡ ʌ m d	ɡ ʌ n d	1	1	1
model_mean	p ɪ t͡ʃ	p ɪ t͡ʃ t	p ɪ t͡ʃ t	p ɪ k	p ɪ k t	p ɪ t͡ʃ t	1	1	1
model_mean	t æ t uː	t æ t uː d	t æ t uː d	t æ p	t æ p t	t æ t uː t	1	0	0
model_mean	t r æ n z l e ɪ t	t r æ n z l e ɪ t ə d	t r æ n z l e ɪ t ə d	t r æ n s k r a ɪ b	t r æ n s k r a ɪ b d	t r æ n z l e ɪ t d	1	0	0
model_mean	ɔ θ ɹ̩	ɔ θ ɹ̩ d	ɔ r ɹ̩ d	ɔ l t ɹ̩	ɔ l t ɹ̩ d	ɔ θ ɹ̩ d	1	0	1
model_mean	b æ s k	b æ s k t	b æ s k t	b æ k	b æ k t	b æ s k t	1	1	1
model_mean	ɪ r ɪ t e ɪ t	ɪ r ɪ t e ɪ t ə d	ɪ r ɪ t e ɪ t ə d	ɪ r ʌ p t	ɪ r ʌ p t ə d	ɪ r ɪ t e ɪ t ə d	1	1	1
model_mean	ɡ a ʊ d͡ʒ	ɡ a ʊ d͡ʒ d	ɡ a ʊ d͡ʒ d	ɡ l o ʊ	ɡ l o ʊ d	ɡ a ʊ d͡ʒ d	1	1	1
model_mean	s w e ɪ	s w e ɪ d	s w e ɪ d	s w a ɪ p	s w a ɪ p t	s w e ɪ t	1	0	0
model_mean	k ɑː n f ə s k e ɪ t	k ɑː n f ə s k e ɪ t ə d	k ɑː n s ə n s e ɪ t ə d	k ɑː n s ə n t r e ɪ t	k ɑː n s ə n t r e ɪ t ə d	k ɑː n f ə s k e ɪ t ə d	1	0	1
model_mean	m ə n ɪ p j ə l e ɪ t	m ə n ɪ p j ə l e ɪ t ə d	m ɪ p j ə l ə l e ɪ t ə d	ə n p l ʌ ɡ	ə n p l ʌ ɡ d	m ə n ɪ p j ə l e ɪ t d	1	0	0
model_mean	m j uː t ə l e ɪ t	m j uː t ə l e ɪ t ə d	m ə l ə l e ɪ l e ɪ t ə d	j uː z	j uː z d	m j uː t ə l e ɪ t d	1	0	0
model_mean	k ə n f a ɪ n	k ə n f a ɪ n d	k ə n f a ɪ n d	k ə n t e ɪ n	k ə n t e ɪ n d	k ə n f a ɪ n d	1	1	1
model_mean	b ʊ l d o ʊ z	b ʊ l d o ʊ z d	b ʊ l d o ʊ z d	b l o ʊ	b l uː	NA	1	0	0
model_mean	w iː n	w iː n d	w iː n d	w iː l	w iː l d	w iː n d	1	1	1
model_mean	t ɑː p ə l	t ɑː p ə l d	t ɑː p ə l d	t ɑː p	t ɑː p t	t ɑː p ə l t	1	0	0
model_mean	ə n k ʌ v ɹ̩	ə n k ʌ v ɹ̩ d	ə n k ʌ v ɹ̩ d	k ə n s ɪ d ɹ̩	k ə n s ɪ d ɹ̩ d	ə n k ʌ v ɹ̩ d	1	1	1
model_mean	v æ l j uː	v æ l j uː d	v æ l j uː d	v æ k j uː m	v æ k j uː m d	v æ l j uː d	1	1	1
model_mean	o ʊ v ɹ̩ f l o ʊ	o ʊ v ɹ̩ f l o ʊ d	o ʊ v ɹ̩ f l o ʊ d	o ʊ v ɹ̩ s t e ɪ	o ʊ v ɹ̩ s t e ɪ d	o ʊ v ɹ̩ f l o ʊ d	1	1	1
model_mean	t͡ʃ æ t	t͡ʃ æ t ə d	t͡ʃ æ t ə d	t͡ʃ æ n t	t͡ʃ æ n t ə d	t͡ʃ æ t ə d	1	1	1
model_mean	b ʊ k	b ʊ k t	b ʊ k t	b ʌ k	b ʌ k t	b ʊ k t	1	1	1
model_mean	t æ k ə l	t æ k ə l d	t æ k ə l d	t æ p	t æ p t	t æ k ə l t	1	0	0
model_mean	ə t͡ʃ iː v	ə t͡ʃ iː v d	ə t͡ʃ iː v d	ə k ɹ̩	ə k ɹ̩ d	ə t͡ʃ iː v d	1	1	1
model_mean	s k r iː t͡ʃ	s k r iː t͡ʃ t	s k r iː t͡ʃ t	s k r æ t͡ʃ	s k r æ t͡ʃ t	s k r iː t͡ʃ t	1	1	1
model_mean	p ɔ z	p ɔ z d	p ɔ z d	p iː l	p iː l d	p ɔ z d	1	1	1
model_mean	s t o ʊ n	s t o ʊ n d	s t o ʊ n d	s t o ʊ	s t o ʊ d	s t o ʊ n d	1	1	1
model_mean	ɪ n t ɹ̩ f ɪ r	ɪ n t ɹ̩ f ɪ r d	ɪ n t ɹ̩ f ɪ r d	ɪ n t ɹ̩ p r ə t	ɪ n t ɹ̩ p r ə t ə d	ɪ n t ɹ̩ f ɪ r ə d	1	0	0
model_mean	k æ m ə f l ɑː ʒ	k æ m ə f l ɑː ʒ d	k æ m ə l ɑː l ɑː l ɑː l e ɪ t ə d	l æ m ə n e ɪ t	l æ m ə n e ɪ t ə d	k æ m ə f l ɑː ʒ ə d	1	0	0
model_mean	p ɹ̩ f ɛ k t	p ɹ̩ f ɛ k t ə d	p ɹ̩ f ɛ k t ə d	p ɹ̩ f ɔ r m	p ɹ̩ f ɔ r m d	p ɹ̩ f ɛ k t d	1	0	0
model_mean	ɪ v æ l j uː e ɪ t	ɪ v æ l j uː e ɪ t ə d	ɪ v j æ l uː e ɪ t ə d	ɪ n v ɛ n t	ɪ n v ɛ n t ə d	ɪ v æ l j uː e ɪ t ə d	1	0	1
model_stem	s e ɪ	s ɛ d	s e ɪ d	w e ɪ	w e ɪ d	s e ɪ d	0	1	0
model_stem	ɡ o ʊ	w ɛ n t	ɡ o ʊ d	ʃ o ʊ	ʃ o ʊ d	ɡ o ʊ d	0	1	0
model_stem	h æ p ə n	h æ p ə n d	h æ p ə n d	o ʊ p ə n	o ʊ p ə n d	h æ p ə n d	1	1	1
model_stem	k æ t͡ʃ	k ɔ t	k æ t͡ʃ t	p æ t͡ʃ	p æ t͡ʃ t	k æ t͡ʃ t	0	1	0
model_stem	l ʌ v	l ʌ v d	l ʌ v d	ʃ ʌ v	ʃ ʌ v d	l ʌ v d	1	1	1
model_stem	w ɹ̩ k	w ɹ̩ k t	w ɹ̩ k t	d͡ʒ ɹ̩ k	d͡ʒ ɹ̩ k t	w ɹ̩ k t	1	1	1
model_stem	k ʌ t	k ʌ t	k ʌ t	ʃ ʌ t	ʃ ʌ t	k ʌ t	0	1	1
model_stem	n iː d	n iː d ə d	n iː d ə d	b iː d	b iː d ə d	n iː d ə d	1	1	1
model_stem	z ɪ p ɹ̩	z ɪ p ɹ̩ d	z ɪ p ɹ̩ d	l ɪ t ɹ̩	l ɪ t ɹ̩ d	z ɪ p ɹ̩ d	1	1	1
model_stem	b a ɪ	b ɔ t	b a ɪ d	s a ɪ	s a ɪ d	b a ɪ d	0	1	0
model_stem	m iː t	m ɛ t	m iː t ə d	b iː t	b iː t	m iː t	0	0	0
model_stem	m e ɪ l	m e ɪ l d	m e ɪ l d	f e ɪ l	f e ɪ l d	m e ɪ l d	1	1	1
model_stem	t iː t͡ʃ	t ɔ t	t iː t͡ʃ t	r iː t͡ʃ	r iː t͡ʃ t	t iː t͡ʃ t	0	1	0
model_stem	s p ɛ n d	s p ɛ n t	s p ɛ n d ə d	s p r ɛ d	s p r ɛ d	s p ɛ n d	0	0	0
model_stem	h æ n d	h æ n d ə d	h æ n d ə d	m ɛ n d	m ɛ n d ə d	h æ n d ə d	1	1	1
model_stem	m ɛ r iː	m ɛ r iː d	m ɛ r iː d	v ɛ r iː	v ɛ r iː d	m ɛ r iː d	1	1	1
model_stem	r ɛ d iː	r ɛ d iː d	r ɛ d iː d	m ʌ d iː	m ʌ d iː d	r ɛ d iː d	1	1	1
model_stem	f l o ʊ t	f l o ʊ t ə d	f l o ʊ t ə d	k w o ʊ t	k w o ʊ t ə d	f l o ʊ t ə d	1	1	1
model_stem	s k w ɹ̩ t	s k w ɹ̩ t ə d	s k w ɹ̩ t ə d	s ə l uː t	s ə l uː t ə d	s k w ɹ̩ t ə d	1	1	1
model_stem	w ɔ k	w ɔ k t	w ɔ k t	h ɔ k	h ɔ k t	w ɔ k t	1	1	1
model_stem	f ɪ k s	f ɪ k s t	f ɪ k s t	m æ k s	m æ k s t	f ɪ k s t	1	1	1
model_stem	p r æ k t ɪ s	p r æ k t ɪ s t	p r æ k t ɪ s t	k ə n v ɪ n s	k ə n v ɪ n s t	p r æ k t ɪ s t	1	1	1
model_stem	k iː p	k ɛ p t	k iː p t	b iː p	b iː p t	k iː p t	0	1	0
model_stem	n ɪ b ə l	n ɪ b ə l d	n ɪ b ə l d	n ʌ k ə l	n ʌ k ə l d	n ɪ b ə l d	1	1	1
model_stem	w uː	w uː d	w uː d	t͡ʃ uː	t͡ʃ uː d	w uː d	1	1	1
model_stem	k ɪ l	k ɪ l d	k ɪ l d	b ɪ l	b ɪ l d	k ɪ l d	1	1	1
model_stem	k æ r iː	k æ r iː d	k æ r iː d	v ɛ r iː	v ɛ r iː d	k æ r iː d	1	1	1
model_stem	ɹ̩ n	ɹ̩ n d	ɹ̩ n d	b ɹ̩ n	b ɹ̩ n d	ɹ̩ n d	1	1	1
model_stem	k ə l ɛ k t	k ə l ɛ k t ə d	k ə l ɛ k t ə d	s ə l ɛ k t	s ə l ɛ k t ə d	k ə l ɛ k t ə d	1	1	1
model_stem	d æ n s	d æ n s t	d æ n s t	m ɪ n s	m ɪ n s t	d æ n s t	1	1	1
model_stem	d r ɔ	d r uː	d r ɔ r d	k l ɔ	k l ɔ d	d r ɔ d	0	0	0
model_stem	p r a ɪ	p r a ɪ d	p r a ɪ d	k r a ɪ	k r a ɪ d	p r a ɪ d	1	1	1
model_stem	ɪ n v a ɪ t	ɪ n v a ɪ t ə d	ɪ n v a ɪ t ə d	ɪ k s a ɪ t	ɪ k s a ɪ t ə d	ɪ n v a ɪ t ə d	1	1	1
model_stem	r iː ə l a ɪ z	r iː ə l a ɪ z d	r iː ə l a ɪ z d	m ɛ m ɹ̩ a ɪ z	m ɛ m ɹ̩ a ɪ z d	r iː ə l a ɪ z d	1	1	1
model_stem	d r ɛ s	d r ɛ s t	d r ɛ s t	b l ɛ s	b l ɛ s t	d r ɛ s t	1	1	1
model_stem	t r æ n z m ɪ t	t r æ n z m ɪ t ə d	t r æ n z e ɪ t ə d	t ɹ̩ m ə n e ɪ t	t ɹ̩ m ə n e ɪ t ə d	t r æ n z m ɪ t ə d	1	0	1
model_stem	ʃ uː	ʃ uː d	ʃ uː	t͡ʃ uː	t͡ʃ uː d	ʃ uː d	1	0	1
model_stem	p iː s	p iː s t	p iː s t	p æ s	p æ s t	p iː s t	1	1	1
model_stem	d ɛ r	d ɛ r d	d ɛ r d	k ɛ r	k ɛ r d	d ɛ r d	1	1	1
model_stem	b ɪ l d	b ɪ l t	b ɪ l d ə d	w iː l d	w iː l d ə d	b ɪ l d ə d	0	1	0
model_stem	w ɪ n	w ʌ n	w ɪ n d	θ ɪ n	θ ɪ n d	w ɪ n d	0	1	0
model_stem	k l a ɪ m	k l a ɪ m d	k l a ɪ m d	b l e ɪ m	b l e ɪ m d	k l a ɪ m d	1	1	1
model_stem	s t ʌ f	s t ʌ f t	s t ʌ f t	f l ʌ f	f l ʌ f t	s t ʌ f t	1	1	1
model_stem	s t æ n d	s t ʊ d	s t æ n d ə d	m a ɪ n d	m a ɪ n d ə d	s t æ n d ə d	0	1	0
model_stem	d a ɪ s	d a ɪ s t	d a ɪ s t	v ɔ ɪ s	v ɔ ɪ s t	d a ɪ s t	1	1	1
model_stem	k o ʊ m	k o ʊ m d	k o ʊ m d	d r ʌ m	d r ʌ m d	k o ʊ m d	1	1	1
model_stem	ɡ r o ʊ	ɡ r uː	ɡ r o ʊ d	ɡ l o ʊ	ɡ l o ʊ d	ɡ r o ʊ d	0	1	0
model_stem	b ʌ t ɹ̩	b ʌ t ɹ̩ d	b ʌ t ɹ̩ d	b ɛ t ɹ̩	b ɛ t ɹ̩ d	b ʌ t ɹ̩ d	1	1	1
model_stem	ə p s ɛ t	ə p s ɛ t	ə p s ɛ t ə d	r ɑː k ə t	r ɑː k ə t ə d	ə p s ɛ t ə d	0	1	0
model_stem	b ɑː r	b ɑː r d	b ɑː r d	r ɔ r	r ɔ r d	b ɑː r d	1	1	1
model_stem	m ɪ k s	m ɪ k s t	m ɪ k s t	m æ k s	m æ k s t	m ɪ k s t	1	1	1
model_stem	l ɹ̩ n	l ɹ̩ n d	l ɹ̩ n d	b ɹ̩ n	b ɹ̩ n d	l ɹ̩ n d	1	1	1
model_stem	r æ t ə l	r æ t ə l d	r æ t ə l d	s ɛ t ə l	s ɛ t ə l d	r æ t ə l d	1	1	1
model_stem	l uː z	l ɔ s t	l uː z d	j uː z	j uː z d	l uː z d	0	1	0
model_stem	p ɔ r	p ɔ r d	p ɔ r d	b ɔ r	b ɔ r d	p ɔ r d	1	1	1
model_stem	m æ n	m æ n d	m æ n d	p æ n	p æ n d	m æ n d	1	1	1
model_stem	m æ t͡ʃ	m æ t͡ʃ t	m æ t͡ʃ t	p æ t͡ʃ	p æ t͡ʃ t	m æ t͡ʃ t	1	1	1
model_stem	w ɑː n d ɹ̩	w ɑː n d ɹ̩ d	w ɑː n d ɹ̩ d	w ʌ n d ɹ̩	w ʌ n d ɹ̩ d	w ɑː n d ɹ̩ d	1	1	1
model_stem	r iː m a ɪ n d	r iː m a ɪ n d ə d	r iː m a ɪ n d ə d	r iː b a ʊ n d	r iː b a ʊ n d ə d	r iː m a ɪ n d ə d	1	1	1
model_stem	s n ɪ f	s n ɪ f t	s n ɪ f t	s n ʌ f	s n ʌ f t	s n ɪ f t	1	1	1
model_stem	p iː k	p iː k t	p iː k t	l iː k	l iː k t	p iː k t	1	1	1
model_stem	p l iː z	p l iː z d	p l iː z d	f r iː z	f r o ʊ z	p l o ʊ z	1	0	0
model_stem	b e ɪ k	b e ɪ k t	b e ɪ k t	r e ɪ k	r e ɪ k t	b e ɪ k t	1	1	1
model_stem	r ɪ p	r ɪ p t	r ɪ p t	s ɪ p	s ɪ p t	r ɪ p t	1	1	1
model_stem	t͡ʃ e ɪ n d͡ʒ	t͡ʃ e ɪ n d͡ʒ d	t͡ʃ e ɪ n d͡ʒ d	p l ʌ n d͡ʒ	p l ʌ n d͡ʒ d	t͡ʃ e ɪ n d͡ʒ d	1	1	1
model_stem	ɔ r d ɹ̩	ɔ r d ɹ̩ d	ɔ r d ɹ̩ d	m ɹ̩ d ɹ̩	m ɹ̩ d ɹ̩ d	ɔ r d ɹ̩ d	1	1	1
model_stem	h o ʊ p	h o ʊ p t	h o ʊ p t	d o ʊ p	d o ʊ p t	h o ʊ p t	1	1	1
model_stem	p ɛ p ɹ̩	p ɛ p ɹ̩ d	p ɛ p ɹ̩ d	p iː t ɹ̩	p iː t ɹ̩ d	p ɛ p ɹ̩ d	1	1	1
model_stem	m ʌ n t͡ʃ	m ʌ n t͡ʃ t	m ʌ n t͡ʃ t	b ʌ n t͡ʃ	b ʌ n t͡ʃ t	m ʌ n t͡ʃ t	1	1	1
model_stem	p l æ s t ɹ̩	p l æ s t ɹ̩ d	p l æ s t ɹ̩ d	ʃ o ʊ l d ɹ̩	ʃ o ʊ l d ɹ̩ d	p l æ s t ɹ̩ d	1	1	1
model_stem	f a ɪ t	f ɔ t	f a ɪ t ə d	b a ɪ t	b ɪ t	f ɪ t	0	0	0
model_stem	t r æ k	t r æ k t	t r æ k t	k r æ k	k r æ k t	t r æ k t	1	1	1
model_stem	s o ʊ	s o ʊ d	s o ʊ d	ʃ o ʊ	ʃ o ʊ d	s o ʊ d	1	1	1
model_stem	m ɛ l t	m ɛ l t ə d	m ɛ l t ə d	t͡ʃ ɑː r t	t͡ʃ ɑː r t ə d	m ɛ l t ə d	1	1	1
model_stem	ɡ l ʌ v	ɡ l ʌ v d	ɡ l ʌ v d	d a ɪ v	d o ʊ v	NA	1	0	0
model_stem	t͡ʃ ɑː r d͡ʒ	t͡ʃ ɑː r d͡ʒ d	t͡ʃ ɑː r d͡ʒ d	b r ɪ d͡ʒ	b r ɪ d͡ʒ d	t͡ʃ ɑː r d͡ʒ d	1	1	1
model_stem	l ɪ k	l ɪ k t	l ɪ k t	p ɪ k	p ɪ k t	l ɪ k t	1	1	1
model_stem	d ɪ l ɪ v ɹ̩	d ɪ l ɪ v ɹ̩ d	d ɪ l ɪ v ɹ̩ d	r ɪ k ʌ v ɹ̩	r ɪ k ʌ v ɹ̩ d	d ɪ l ɪ v ɹ̩ d	1	1	1
model_stem	b ʌ m p	b ʌ m p t	b ʌ m p t	d ʌ m p	d ʌ m p t	b ʌ m p t	1	1	1
model_stem	a ɪ	a ɪ d	a ɪ d	ʃ a ɪ	ʃ a ɪ d	a ɪ d	1	1	1
model_stem	k iː	k iː d	k iː d	p iː	p iː d	k iː d	1	1	1
model_stem	s ɪ z ə l	s ɪ z ə l d	s ɪ z ə l d	s æ d ə l	s æ d ə l d	s ɪ z ə l d	1	1	1
model_stem	ɪ r e ɪ s	ɪ r e ɪ s t	ɪ r e ɪ s t	b a ʊ n s	b a ʊ n s t	ɪ r e ɪ s t	1	1	1
model_stem	s ɹ̩ a ʊ n d	s ɹ̩ a ʊ n d ə d	s ɹ̩ a ʊ n d ə d	ə n l o ʊ d	ə n l o ʊ d ə d	s ɹ̩ a ʊ n d ə d	1	1	1
model_stem	s k ɪ p	s k ɪ p t	s k ɪ p t	ʃ e ɪ p	ʃ e ɪ p t	s k ɪ p t	1	1	1
model_stem	d ɑː k t ɹ̩	d ɑː k t ɹ̩ d	d ɑː k t ɹ̩ d	k l ʌ t ɹ̩	k l ʌ t ɹ̩ d	d ɑː k t ɹ̩ d	1	1	1
model_stem	s e ɪ l	s e ɪ l d	s e ɪ l d	d͡ʒ e ɪ l	d͡ʒ e ɪ l d	s e ɪ l d	1	1	1
model_stem	ɪ n t ə r ɛ s t	ɪ n t ə r ɛ s t ə d	ɪ n t ə r s ɛ s t	ɪ n t ɹ̩ p r ə t	ɪ n t ɹ̩ p r ə t ə d	ɪ n t ə r ɛ s t ə d	1	0	1
model_stem	t r e ɪ s	t r e ɪ s t	t r e ɪ s t	p l e ɪ s	p l e ɪ s t	t r e ɪ s t	1	1	1
model_stem	a ɪ ɹ̩ n	a ɪ ɹ̩ n d	a ɪ ɹ̩ n d	ɡ r iː n	ɡ r iː n d	a ɪ ɹ̩ n d	1	1	1
model_stem	iː v ɪ n	iː v ɪ n d	iː v d	d͡ʒ ɔ ɪ n	d͡ʒ ɔ ɪ n d	iː v ɪ n d	1	0	1
model_stem	k o ʊ k s	k o ʊ k s t	k o ʊ k s t	b a ʊ n s	b a ʊ n s t	k o ʊ k s t	1	1	1
model_stem	z ɪ r ɑː k s	z ɪ r ɑː k s t	z ɪ r ɑː k s t	r ɪ l æ k s	r ɪ l æ k s t	z ɪ r ɑː k s t	1	1	1
model_stem	b ɛ n d	b ɛ n d ə d	b ɛ n d ə d	l ɛ n d	l ɛ n t	b ɛ n t	1	0	0
model_stem	p o ʊ z	p o ʊ z d	p o ʊ z d	n o ʊ z	n o ʊ z d	p o ʊ z d	1	1	1
model_stem	p ɑː k ə t	p ɑː k ə t ə d	p ɑː k ə t ə d	r ɑː k ə t	r ɑː k ə t ə d	p ɑː k ə t ə d	1	1	1
model_stem	f r a ɪ	f r a ɪ d	f r a ɪ d	f l a ɪ	f l uː	f r uː	1	0	0
model_stem	h æ n d ə l	h æ n d ə l d	h æ n d ə l d	b ʌ n d ə l	b ʌ n d ə l d	h æ n d ə l d	1	1	1
model_stem	ə s o ʊ s iː e ɪ t	ə s o ʊ s iː e ɪ t ə d	ə s ʊ s ə iː e ɪ t ə d	ə p r iː ʃ iː e ɪ t	ə p r iː ʃ iː e ɪ t ə d	ə s o ʊ s iː e ɪ t ə d	1	0	1
model_stem	æ k t	æ k t ə d	æ k t ə d	ʃ uː t	ʃ ɑː t	NA	1	0	0
model_stem	r iː m uː v	r iː m uː v d	r iː m uː v d	r ɪ l iː v	r ɪ l iː v d	r iː m uː v d	1	1	1
model_stem	s l o ʊ	s l o ʊ d	s l o ʊ d	ɡ l o ʊ	ɡ l o ʊ d	s l o ʊ d	1	1	1
model_stem	s t r æ p	s t r æ p t	s t r æ p t	s t r ɪ p	s t r ɪ p t	s t r æ p t	1	1	1
model_stem	d r e ɪ n	d r e ɪ n d	d r e ɪ n d	t r e ɪ n	t r e ɪ n d	d r e ɪ n d	1	1	1
model_stem	p ɛ ɡ	p ɛ ɡ d	p ɛ ɡ d	b ɛ ɡ	b ɛ ɡ d	p ɛ ɡ d	1	1	1
model_stem	k ə m p l e ɪ n	k ə m p l e ɪ n d	k ə m p l e ɪ n d	r iː s t r e ɪ n	r iː s t r e ɪ n d	k ə m p l e ɪ n d	1	1	1
model_stem	f ɛ n s	f ɛ n s t	f ɛ n s t	f ɔ r s	f ɔ r s t	f ɛ n s t	1	1	1
model_stem	k r iː e ɪ t	k r iː e ɪ t ə d	k r iː e ɪ t ə d	ɪ k w e ɪ t	ɪ k w e ɪ t ə d	k r iː e ɪ t ə d	1	1	1
model_stem	f l ʌ ʃ	f l ʌ ʃ t	f l ʌ ʃ t	b l ʌ ʃ	b l ʌ ʃ t	f l ʌ ʃ t	1	1	1
model_stem	ɡ ɑː r d	ɡ ɑː r d ə d	ɡ ɑː r d ə d	k ɑː r d	k ɑː r d ə d	ɡ ɑː r d ə d	1	1	1
model_stem	r ɪ ŋ k ə l	r ɪ ŋ k ə l d	r ɪ ŋ k ə l d	t ɪ ŋ k ə l	t ɪ ŋ k ə l d	r ɪ ŋ k ə l d	1	1	1
model_stem	s w iː p	s w ɛ p t	s w iː p t	s l iː p	s l ɛ p t	s w ɛ p t	0	0	1
model_stem	s k ɛ d͡ʒ ʊ l	s k ɛ d͡ʒ ʊ l d	s k ɛ d͡ʒ ʊ l d	ɡ r æ p ə l	ɡ r æ p ə l d	s k ɛ d͡ʒ ʊ l d	1	1	1
model_stem	f ɹ̩ m ɛ n t	f ɹ̩ m ɛ n t ə d	f ɹ̩ m ɛ n t ə d	æ k s ɛ n t	æ k s ɛ n t ə d	f ɹ̩ m ɛ n t ə d	1	1	1
model_stem	p ʌ z ə l	p ʌ z ə l d	p ʌ z ə l d	p ɛ d ə l	p ɛ d ə l d	p ʌ z ə l d	1	1	1
model_stem	k l ɑː b ɹ̩	k l ɑː b ɹ̩ d	k l ɑː b ɹ̩ d	n ʌ m b ɹ̩	n ʌ m b ɹ̩ d	k l ɑː b ɹ̩ d	1	1	1
model_stem	d ɪ n a ɪ	d ɪ n a ɪ d	d ɪ n a ɪ d	ə n t a ɪ	ə n t a ɪ d	d ɪ n a ɪ d	1	1	1
model_stem	e ɪ k	e ɪ k t	e ɪ k t	p ɪ k	p ɪ k t	e ɪ k t	1	1	1
model_stem	l iː n	l iː n d	l iː n d	r ʌ n	r æ n	NA	1	0	0
model_stem	ʃ ɪ v ɹ̩	ʃ ɪ v ɹ̩ d	ʃ ɪ v ɹ̩ d	k ʌ v ɹ̩	k ʌ v ɹ̩ d	ʃ ɪ v ɹ̩ d	1	1	1
model_stem	f l ʌ d	f l ʌ d ə d	f l ʌ d ə d	ɡ a ɪ d	ɡ a ɪ d ə d	f l ʌ d ə d	1	1	1
model_stem	w ɪ s k	w ɪ s k t	w ɪ s k t	w e ɪ k	w o ʊ k	NA	1	0	0
model_stem	k ə n t r o ʊ l	k ə n t r o ʊ l d	k ə n t r o ʊ k ə l o ʊ n t ə d	b a ɪ s ɪ k ə l	b a ɪ s ɪ k ə l d	k ə n t r o ʊ l d	1	0	1
model_stem	b ɑː t ə m	b ɑː t ə m d	b ɑː t ə m d	w ɛ l k ə m	w ɛ l k ə m d	b ɑː t ə m d	1	1	1
model_stem	w ɔ r n	w ɔ r n d	w ɔ r n d	m ɔ r n	m ɔ r n d	w ɔ r n d	1	1	1
model_stem	b ɛ r iː	b ɛ r iː d	b ɛ r iː d	v ɛ r iː	v ɛ r iː d	b ɛ r iː d	1	1	1
model_stem	ɔ f ɹ̩	ɔ f ɹ̩ d	ɔ f ɹ̩ d	s t ɹ̩	s t ɹ̩ d	ɔ f ɹ̩ d	1	1	1
model_stem	b ɛ r	b o ʊ r	b ɛ r d	p ɛ r	p ɛ r d	b ɛ r d	0	1	0
model_stem	s l ɪ p	s l ɪ p t	s l ɪ p t	k l ɪ p	k l ɪ p t	s l ɪ p t	1	1	1
model_stem	t͡ʃ iː r	t͡ʃ iː r d	t͡ʃ iː r d	p iː r	p iː r d	t͡ʃ iː r d	1	1	1
model_stem	r ɪ s k	r ɪ s k t	r ɪ s k t	t r ʌ k	t r ʌ k t	r ɪ s k t	1	1	1
model_stem	p ɛ t	p ɛ t ə d	p ɛ t	s ɛ t	s ɛ t	p ɛ t	1	1	0
model_stem	t r ʌ s t	t r ʌ s t ə d	t r ʌ s t ə d	b l æ s t	b l æ s t ə d	t r ʌ s t ə d	1	1	1
model_stem	ɪ n s t r ʌ k t	ɪ n s t r ʌ k t ə d	ɪ n s t r ʌ k t ə d	d ɪ s t r ʌ k t	d ɪ s t r ʌ k t ə d	ɪ n s t r ʌ k t ə d	1	1	1
model_stem	t͡ʃ ɪ k ə n	t͡ʃ ɪ k ə n d	t͡ʃ ɪ k ə n d	w iː k ə n	w iː k ə n d	t͡ʃ ɪ k ə n d	1	1	1
model_stem	p r iː p ɛ r	p r iː p ɛ r d	p r iː p ɛ r d	s k w ɛ r	s k w ɛ r d	p r iː p ɛ r d	1	1	1
model_stem	h æ m ɹ̩	h æ m ɹ̩ d	h æ m ɹ̩ d	s ɪ m ɹ̩	s ɪ m ɹ̩ d	h æ m ɹ̩ d	1	1	1
model_stem	s p r ɪ ŋ k ə l	s p r ɪ ŋ k ə l d	s p r æ ŋ k ə l d	b a ɪ s ɪ k ə l	b a ɪ s ɪ k ə l d	s p r ɪ ŋ k ə l d	1	0	1
model_stem	r ɛ s ə l	r ɛ s ə l d	r ɛ s ə l d	w ɪ s ə l	w ɪ s ə l d	r ɛ s ə l d	1	1	1
model_stem	h ɛ m	h ɛ m d	h ɛ m d	ɡ ʌ m	ɡ ʌ m d	h ɛ m d	1	1	1
model_stem	p l æ n	p l æ n d	p l æ n d	d͡ʒ ɔ ɪ n	d͡ʒ ɔ ɪ n d	p l æ n d	1	1	1
model_stem	s t æ ʃ	s t æ ʃ t	s t æ ʃ t	s m æ ʃ	s m æ ʃ t	s t æ ʃ t	1	1	1
model_stem	m ɑː r k	m ɑː r k t	m ɑː r k t	b ɑː r k	b ɑː r k t	m ɑː r k t	1	1	1
model_stem	k e ɪ v	k e ɪ v d	k e ɪ v d	ʃ e ɪ v	ʃ e ɪ v d	k e ɪ v d	1	1	1
model_stem	k ɹ̩ l	k ɹ̩ l d	k ɹ̩ l d	h ɹ̩ l	h ɹ̩ l d	k ɹ̩ l d	1	1	1
model_stem	p r e ɪ z	p r e ɪ z d	p r e ɪ z d	p r a ɪ z	p r a ɪ z d	p r e ɪ z d	1	1	1
model_stem	d æ m	d æ m d	d æ m d	k ʌ m	k e ɪ m	NA	1	0	0
model_stem	f l ʌ t ɹ̩	f l ʌ t ɹ̩ d	f l ʌ t ɹ̩ d	f l æ t ɹ̩	f l æ t ɹ̩ d	f l ʌ t ɹ̩ d	1	1	1
model_stem	b ɛ l t	b ɛ l t ə d	b ɛ l t ə d	t͡ʃ ɑː r t	t͡ʃ ɑː r t ə d	b ɛ l t ə d	1	1	1
model_stem	b ɔ l	b ɔ l d	b ɔ l d	k ɔ l	k ɔ l d	b ɔ l d	1	1	1
model_stem	s k æ l ə p	s k æ l ə p t	s k æ l ə p t	s k r e ɪ p	s k r e ɪ p t	s k æ l ə p t	1	1	1
model_stem	k ə m p ɛ r	k ə m p ɛ r d	k ə m p ɛ r d	s k w ɛ r	s k w ɛ r d	k ə m p ɛ r d	1	1	1
model_stem	b ɔ ɪ l	b ɔ ɪ l d	b ɔ ɪ l d	d r ɪ l	d r ɪ l d	b ɔ ɪ l d	1	1	1
model_stem	s k æ n	s k æ n d	s k æ n d	ɡ r iː n	ɡ r iː n d	s k æ n d	1	1	1
model_stem	r ɛ k ə m ɛ n d	r ɛ k ə m ɛ n d ə d	r ɛ k ə m ɛ n d	r ɪ d	r ɪ d	r ɛ k ə m ɛ n d	1	1	0
model_stem	t o ʊ	t o ʊ d	t o ʊ d	ʃ o ʊ	ʃ o ʊ d	t o ʊ d	1	1	1
model_stem	s t r ɛ s	s t r ɛ s t	s t r ɛ s t	s l a ɪ s	s l a ɪ s t	s t r ɛ s t	1	1	1
model_stem	b æ n d	b æ n d ə d	b æ n d ə d	l æ n d	l æ n d ə d	b æ n d ə d	1	1	1
model_stem	b o ʊ s t	b o ʊ s t ə d	b o ʊ s t ə d	r o ʊ s t	r o ʊ s t ə d	b o ʊ s t ə d	1	1	1
model_stem	r ɛ s k j uː	r ɛ s k j uː d	r ɛ s k j uː d	r iː v j uː	r iː v j uː d	r ɛ s k j uː d	1	1	1
model_stem	b ʌ s	b ʌ s t	b ʌ s t	b ɑː s	b ɑː s t	b ʌ s t	1	1	1
model_stem	m ɑː r	m ɑː r d	m ɑː r d	r ɔ r	r ɔ r d	m ɑː r d	1	1	1
model_stem	t ʌ m b ə l	t ʌ m b ə l d	t ʌ m b ə l d	t e ɪ b ə l	t e ɪ b ə l d	t ʌ m b ə l d	1	1	1
model_stem	d ɪ s t r ɔ ɪ	d ɪ s t r ɔ ɪ d	d ɪ s t r ɔ r d	ɪ k s p l ɔ r	ɪ k s p l ɔ r d	d ɪ s t r ɔ ɪ d	1	0	1
model_stem	w æ ɡ	w æ ɡ d	w æ ɡ d	b æ ɡ	b æ ɡ d	w æ ɡ d	1	1	1
model_stem	p a ʊ ɹ̩	p a ʊ ɹ̩ d	p a ʊ ɹ̩ d	t a ʊ ɹ̩	t a ʊ ɹ̩ d	p a ʊ ɹ̩ d	1	1	1
model_stem	b l iː t͡ʃ	b l iː t͡ʃ t	b l iː t͡ʃ t	m ɑː r t͡ʃ	m ɑː r t͡ʃ t	b l iː t͡ʃ t	1	1	1
model_stem	t æ ŋ ɡ ə l	t æ ŋ ɡ ə l d	t æ ŋ ɡ ə l d	d æ ŋ ɡ ə l	d æ ŋ ɡ ə l d	t æ ŋ ɡ ə l d	1	1	1
model_stem	n ɔ	n ɔ d	n ɔ n d	a ɪ d ɛ n t ə f a ɪ	a ɪ d ɛ n t ə f a ɪ d	n ɔ d	1	0	1
model_stem	r o ʊ m	r o ʊ m d	r o ʊ m d	d r ʌ m	d r ʌ m d	r o ʊ m d	1	1	1
model_stem	b l ɪ ŋ k	b l ɪ ŋ k t	b l ʌ ŋ k t	d r ɪ ŋ k	d r æ ŋ k	b l æ ŋ k	1	0	0
model_stem	t w ɹ̩ l	t w ɹ̩ l d	t w ɹ̩ l d	s w ɹ̩ l	s w ɹ̩ l d	t w ɹ̩ l d	1	1	1
model_stem	ə n b ʌ t ə n	ə n b ʌ t ə n d	ə n b ʌ t ə n d	f r a ɪ t ə n	f r a ɪ t ə n d	ə n b ʌ t ə n d	1	1	1
model_stem	θ r ɛ t ə n	θ r ɛ t ə n d	θ r ɛ t ə n d	f l æ t ə n	f l æ t ə n d	θ r ɛ t ə n d	1	1	1
model_stem	b ɛ l o ʊ	b ɛ l o ʊ d	b ɛ l o ʊ d	f ɑː l o ʊ	f ɑː l o ʊ d	b ɛ l o ʊ d	1	1	1
model_stem	s p ɛ ʃ ə l a ɪ z	s p ɛ ʃ ə l a ɪ z d	s p ɛ ʃ ə l a ɪ z d	æ k s ɛ s ɹ̩ a ɪ z	æ k s ɛ s ɹ̩ a ɪ z d	s p ɛ ʃ ə l a ɪ z d	1	1	1
model_stem	ɪ n ɪ ʃ iː e ɪ t	ɪ n ɪ ʃ iː e ɪ t ə d	ɪ n ɪ ʃ iː e ɪ t ə d	l æ m ə n e ɪ t	l æ m ə n e ɪ t ə d	ɪ n ɪ ʃ iː e ɪ t ə d	1	1	1
model_stem	p iː p	p iː p t	p iː p t	s iː p	s iː p t	p iː p t	1	1	1
model_stem	ʃ ʌ f ə l	ʃ ʌ f ə l d	ʃ ʌ f ə l d	ʃ ʌ v ə l	ʃ ʌ v ə l d	ʃ ʌ f ə l d	1	1	1
model_stem	ɪ n f l uː ə n s	ɪ n f l uː ə n s t	ɪ n f l uː n s	ɪ n t r ə d uː s	ɪ n t r ə d uː s t	ɪ n f l uː ə n s t	1	0	1
model_stem	d a ʊ n	d a ʊ n d	d a ʊ n d	m o ʊ n	m o ʊ n d	d a ʊ n d	1	1	1
model_stem	d ɪ v ɛ l ə p	d ɪ v ɛ l ə p t	d ɪ v ɛ l ə p t	o ʊ v ɹ̩ l æ p	o ʊ v ɹ̩ l æ p t	d ɪ v ɛ l ə p t	1	1	1
model_stem	s p e ɪ	s p e ɪ d	s p e ɪ d	s t e ɪ	s t e ɪ d	s p e ɪ d	1	1	1
model_stem	r iː p l e ɪ s	r iː p l e ɪ s t	r iː p l e ɪ s t	k ə n v ɪ n s	k ə n v ɪ n s t	r iː p l e ɪ s t	1	1	1
model_stem	s p ɔ ɪ l	s p ɔ ɪ l d	s p ɔ ɪ l d	s m a ɪ l	s m a ɪ l d	s p ɔ ɪ l d	1	1	1
model_stem	l e ɪ b ə l	l e ɪ b ə l d	l e ɪ b ə l d	r ʌ m b ə l	r ʌ m b ə l d	l e ɪ b ə l d	1	1	1
model_stem	d r ɪ b ə l	d r ɪ b ə l d	d r ɪ b ə l d	t e ɪ b ə l	t e ɪ b ə l d	d r ɪ b ə l d	1	1	1
model_stem	t͡ʃ æ n ə l	t͡ʃ æ n ə l d	t͡ʃ æ n ə l d	d æ z ə l	d æ z ə l d	t͡ʃ æ n ə l d	1	1	1
model_stem	ɪ m p r uː v	ɪ m p r uː v d	ɪ m p r uː v d	b ɪ h e ɪ v	b ɪ h e ɪ v d	ɪ m p r uː v d	1	1	1
model_stem	p r e ɪ	p r e ɪ d	p r e ɪ d	p l e ɪ	p l e ɪ d	p r e ɪ d	1	1	1
model_stem	w ɛ t	w ɛ t	w ɛ t	s ɛ t	s ɛ t	w ɛ t	0	1	1
model_stem	s t r e ɪ n	s t r e ɪ n d	s t r e ɪ n d	r ɪ m e ɪ n	r ɪ m e ɪ n d	s t r e ɪ n d	1	1	1
model_stem	m ɑː r b ə l	m ɑː r b ə l d	m ɑː r b ə l d	r ʌ m b ə l	r ʌ m b ə l d	m ɑː r b ə l d	1	1	1
model_stem	ʃ ɛ l	ʃ ɛ l d	ʃ ɛ l t	t ɛ l	t o ʊ l d	ʃ o ʊ l d	1	0	0
model_stem	k o ʊ ɑː p ɹ̩ e ɪ t	k o ʊ ɑː p ɹ̩ e ɪ t ə d	k o ʊ p ɹ̩ e ɪ d	d uː p l ə k e ɪ t	d uː p l ə k e ɪ t ə d	k o ʊ ɑː p ɹ̩ e ɪ t ə d	1	0	1
model_stem	ɡ r e ɪ t	ɡ r e ɪ t ə d	ɡ r e ɪ t ə d	s t e ɪ t	s t e ɪ t ə d	ɡ r e ɪ t ə d	1	1	1
model_stem	f ɔ r m j ə l e ɪ t	f ɔ r m j ə l e ɪ t ə d	f ɔ r ə l ə l e ɪ t ə d	ɪ n k ɔ r p ɹ̩ e ɪ t	ɪ n k ɔ r p ɹ̩ e ɪ t ə d	f ɔ r m j ə l e ɪ t ə d	1	0	1
model_stem	k æ n s ə l	k æ n s ə l d	k æ n s ə l d	s ɪ ɡ n ə l	s ɪ ɡ n ə l d	k æ n s ə l d	1	1	1
model_stem	d ɪ s k ʌ v ɹ̩	d ɪ s k ʌ v ɹ̩ d	d ɪ s k ʌ v ɹ̩ d	r ɛ d͡ʒ ɪ s t ɹ̩	r ɛ d͡ʒ ɪ s t ɹ̩ d	d ɪ s k ʌ v ɹ̩ d	1	1	1
model_stem	ə m e ɪ z	ə m e ɪ z d	ə m e ɪ z d	p r a ɪ z	p r a ɪ z d	ə m e ɪ z d	1	1	1
model_stem	f æ n s iː	f æ n s iː d	f æ n s iː d	f ɔ r s iː	f ɔ r s ɔ	f æ n s ɔ	1	0	0
model_stem	æ n ə l a ɪ z	æ n ə l a ɪ z d	æ n ə n a ɪ z d	s ɹ̩ p r a ɪ z	s ɹ̩ p r a ɪ z d	æ n ə l a ɪ z d	1	0	1
model_stem	t e ɪ l ɹ̩	t e ɪ l ɹ̩ d	t e ɪ l ɹ̩ d	d͡ʒ ɛ s t͡ʃ ɹ̩	d͡ʒ ɛ s t͡ʃ ɹ̩ d	t e ɪ l ɹ̩ d	1	1	1
model_stem	p ɑː r t͡ʃ	p ɑː r t͡ʃ t	p ɑː r t͡ʃ t	m ɑː r t͡ʃ	m ɑː r t͡ʃ t	p ɑː r t͡ʃ t	1	1	1
model_stem	b ɪ d	b e ɪ d	b ɪ d ə d	k ɪ d	k ɪ d ə d	b ɪ d ə d	0	1	0
model_stem	s o ʊ k	s o ʊ k t	s o ʊ k t	t͡ʃ o ʊ k	t͡ʃ o ʊ k t	s o ʊ k t	1	1	1
model_stem	s uː	s uː d	s uː d	t͡ʃ uː	t͡ʃ uː d	s uː d	1	1	1
model_stem	f æ n	f æ n d	f æ n d	r ʌ n	r æ n	NA	1	0	0
model_stem	f r ɛ k ə l	f r ɛ k ə l d	f r ɛ k ə l d	t e ɪ b ə l	t e ɪ b ə l d	f r ɛ k ə l d	1	1	1
model_stem	ə n d uː	ə n d ɪ d	ə n d uː d	s k r uː	s k r uː d	ə n d uː d	0	1	0
model_stem	θ ʌ m p	θ ʌ m p t	θ ʌ m p t	d ʌ m p	d ʌ m p t	θ ʌ m p t	1	1	1
model_stem	w ɑː b ə l	w ɑː b ə l d	w ɑː b ə l d	b æ b ə l	b æ b ə l d	w ɑː b ə l d	1	1	1
model_stem	ɡ r ɪ l	ɡ r ɪ l d	ɡ r ɪ l d	d r ɪ l	d r ɪ l d	ɡ r ɪ l d	1	1	1
model_stem	ə s uː m	ə s uː m d	ə s uː m d	d r ʌ m	d r ʌ m d	ə s uː m d	1	1	1
model_stem	z ɪ ɡ z æ ɡ	z ɪ ɡ z æ ɡ d	z ɪ ɡ z æ ɡ d	t æ ɡ	t æ ɡ d	z ɪ ɡ z æ ɡ d	1	1	1
model_stem	p ɛ r ə ʃ uː t	p ɛ r ə ʃ uː t ə d	p ɛ r ə ʃ uː t ə d	k ə m p j uː t	k ə m p j uː t ə d	p ɛ r ə ʃ uː t ə d	1	1	1
model_stem	ɛ ɡ	ɛ ɡ d	ɛ ɡ d	b ɛ ɡ	b ɛ ɡ d	ɛ ɡ d	1	1	1
model_stem	l o ʊ k e ɪ t	l o ʊ k e ɪ t ə d	l o ʊ k e ɪ t ə d	t ɑː l ɹ̩ e ɪ t	t ɑː l ɹ̩ e ɪ t ə d	l o ʊ k e ɪ t ə d	1	1	1
model_stem	n e ɪ l	n e ɪ l d	n e ɪ l d	d͡ʒ e ɪ l	d͡ʒ e ɪ l d	n e ɪ l d	1	1	1
model_stem	f a ɪ n	f a ɪ n d	f a ɪ n d	m a ɪ n	m a ɪ n d	f a ɪ n d	1	1	1
model_stem	ʃ r ɪ v ə l	ʃ r ɪ v ə l d	ʃ r ɪ v ə l d	t r æ v ə l	t r æ v ə l d	ʃ r ɪ v ə l d	1	1	1
model_stem	t͡ʃ a ɪ m	t͡ʃ a ɪ m d	t͡ʃ a ɪ m d	t a ɪ m	t a ɪ m d	t͡ʃ a ɪ m d	1	1	1
model_stem	ɪ v æ p ɹ̩ e ɪ t	ɪ v æ p ɹ̩ e ɪ t ə d	ɪ v æ p ɹ̩ e ɪ t ə d	æ ɡ r ə v e ɪ t	æ ɡ r ə v e ɪ t ə d	ɪ v æ p ɹ̩ e ɪ t ə d	1	1	1
model_stem	ɑː k j ə p a ɪ	ɑː k j ə p a ɪ d	ɑː r ə p j uː p t	r ɪ p l a ɪ	r ɪ p l a ɪ d	ɑː k j ə p a ɪ d	1	0	1
model_stem	k l ɑː ɡ	k l ɑː ɡ d	k l ɑː ɡ d	f l æ ɡ	f l æ ɡ d	k l ɑː ɡ d	1	1	1
model_stem	m æ p	m æ p t	m æ p t	n æ p	n æ p t	m æ p t	1	1	1
model_stem	ɡ e ɪ z	ɡ e ɪ z d	ɡ e ɪ z d	r e ɪ z	r e ɪ z d	ɡ e ɪ z d	1	1	1
model_stem	s k æ t ɹ̩	s k æ t ɹ̩ d	s k æ t ɹ̩ d	f l æ t ɹ̩	f l æ t ɹ̩ d	s k æ t ɹ̩ d	1	1	1
model_stem	s n ɑː r ə l	s n ɑː r ə l d	s n ɑː r ə l d	s ɪ ɡ n ə l	s ɪ ɡ n ə l d	s n ɑː r ə l d	1	1	1
model_stem	f l e ɪ v ɹ̩	f l e ɪ v ɹ̩ d	f l e ɪ v ɹ̩ d	r ɪ k ʌ v ɹ̩	r ɪ k ʌ v ɹ̩ d	f l e ɪ v ɹ̩ d	1	1	1
model_stem	ɪ d͡ʒ ɛ k t	ɪ d͡ʒ ɛ k t ə d	ɪ d͡ʒ ɛ k t ə d	ɪ l ɛ k t	ɪ l ɛ k t ə d	ɪ d͡ʒ ɛ k t ə d	1	1	1
model_stem	r iː æ k t	r iː æ k t ə d	r iː æ k t ə d	k ɹ̩ ɛ k t	k ɹ̩ ɛ k t ə d	r iː æ k t ə d	1	1	1
model_stem	s t e ɪ p ə l	s t e ɪ p ə l d	s t e ɪ p ə l d	s t r ʌ ɡ ə l	s t r ʌ ɡ ə l d	s t e ɪ p ə l d	1	1	1
model_stem	ɪ k s p l o ʊ d	ɪ k s p l o ʊ d ə d	ɪ k s p l o ʊ k d	ə n d ɹ̩ s t æ n d	ə n d ɹ̩ s t ʊ d	NA	1	0	0
model_stem	r ɪ z ɛ m b ə l	r ɪ z ɛ m b ə l d	r ɪ z ɛ m b ə l d	s k r æ m b ə l	s k r æ m b ə l d	r ɪ z ɛ m b ə l d	1	1	1
model_stem	s w ɪ v ə l	s w ɪ v ə l d	s w ɪ v ə l d	s ɪ ɡ n ə l	s ɪ ɡ n ə l d	s w ɪ v ə l d	1	1	1
model_stem	w æ k s	w æ k s t	w æ k s t	m æ k s	m æ k s t	w æ k s t	1	1	1
model_stem	s k r a ʊ n d͡ʒ	s k r a ʊ n d͡ʒ d	s k r a ʊ n d͡ʒ d	r iː ɹ̩ e ɪ n d͡ʒ	r iː ɹ̩ e ɪ n d͡ʒ d	s k r a ʊ n d͡ʒ d	1	1	1
model_stem	ɔ r ɡ ə n a ɪ z	ɔ r ɡ ə n a ɪ z d	ɔ r ɡ ə n a ɪ z d	s æ n ɪ t a ɪ z	s æ n ɪ t a ɪ z d	ɔ r ɡ ə n a ɪ z d	1	1	1
model_stem	d ɪ z a ɪ n	d ɪ z a ɪ n d	d ɪ z a ɪ n d	t a ɪ t ə n	t a ɪ t ə n d	d ɪ z a ɪ n d	1	1	1
model_stem	e ɪ d͡ʒ	e ɪ d͡ʒ d	e ɪ d͡ʒ d	f ʌ d͡ʒ	f ʌ d͡ʒ d	e ɪ d͡ʒ d	1	1	1
model_stem	k ɔ r n ɹ̩	k ɔ r n ɹ̩ d	k ɔ r n ɹ̩ d	v ɛ n t͡ʃ ɹ̩	v ɛ n t͡ʃ ɹ̩ d	k ɔ r n ɹ̩ d	1	1	1
model_stem	k ə n k l uː d	k ə n k l uː d ə d	k ə n k l uː d ə d	p r ə v a ɪ d	p r ə v a ɪ d ə d	k ə n k l uː d ə d	1	1	1
model_stem	b iː f	b iː f t	b iː f t	p ʌ f	p ʌ f t	b iː f t	1	1	1
model_stem	s p r ɪ ŋ	s p r æ ŋ	s p r ʌ ŋ	s t r ɪ ŋ	s t r ʌ ŋ	s p r ʌ ŋ	0	1	0
model_stem	t æ n	t æ n d	t æ n d	p æ n	p æ n d	t æ n d	1	1	1
model_stem	t o ʊ n	t o ʊ n d	t o ʊ n d	m o ʊ n	m o ʊ n d	t o ʊ n d	1	1	1
model_stem	ɪ n ɪ ʃ ə l	ɪ n ɪ ʃ ə l d	ɪ n ɪ ʃ ə l d	t r ʌ b ə l	t r ʌ b ə l d	ɪ n ɪ ʃ ə l d	1	1	1
model_stem	s t r æ d ə l	s t r æ d ə l d	s t r æ d ə l d	s t ɑː r t ə l	s t ɑː r t ə l d	s t r æ d ə l d	1	1	1
model_stem	ə r a ɪ z	ə r o ʊ z	ə r a ɪ z d	p r a ɪ z	p r a ɪ z d	ə r a ɪ z d	0	1	0
model_stem	ɡ ʌ n	ɡ ʌ n d	ɡ ʌ n d	r ʌ n	r æ n	ɡ æ n	1	0	0
model_stem	p ɪ t͡ʃ	p ɪ t͡ʃ t	p ɪ t͡ʃ t	t ʌ t͡ʃ	t ʌ t͡ʃ t	p ɪ t͡ʃ t	1	1	1
model_stem	t æ t uː	t æ t uː d	t æ t uː d	s k r uː	s k r uː d	t æ t uː d	1	1	1
model_stem	t r æ n z l e ɪ t	t r æ n z l e ɪ t ə d	t r æ n z l e ɪ t ə d	s ɛ l ə b r e ɪ t	s ɛ l ə b r e ɪ t ə d	t r æ n z l e ɪ t ə d	1	1	1
model_stem	ɔ θ ɹ̩	ɔ θ ɹ̩ d	ɔ r ɹ̩ d	s t ɹ̩	s t ɹ̩ d	ɔ θ ɹ̩ d	1	0	1
model_stem	b æ s k	b æ s k t	b æ s k t	s m æ k	s m æ k t	b æ s k t	1	1	1
model_stem	ɪ r ɪ t e ɪ t	ɪ r ɪ t e ɪ t ə d	ɪ r ɪ t e ɪ t ə d	r o ʊ t e ɪ t	r o ʊ t e ɪ t ə d	ɪ r ɪ t e ɪ t ə d	1	1	1
model_stem	ɡ a ʊ d͡ʒ	ɡ a ʊ d͡ʒ d	ɡ a ʊ d͡ʒ d	s m ʌ d͡ʒ	s m ʌ d͡ʒ d	ɡ a ʊ d͡ʒ d	1	1	1
model_stem	s w e ɪ	s w e ɪ d	s w e ɪ d	s t e ɪ	s t e ɪ d	s w e ɪ d	1	1	1
model_stem	k ɑː n f ə s k e ɪ t	k ɑː n f ə s k e ɪ t ə d	k ɑː n s ə n s e ɪ t ə d	k ɑː m p l ə m ɛ n t	k ɑː m p l ə m ɛ n t ə d	k ɑː n f ə s k e ɪ t ə d	1	0	1
model_stem	m ə n ɪ p j ə l e ɪ t	m ə n ɪ p j ə l e ɪ t ə d	m ɪ p j ə l ə l e ɪ t ə d	k ə m j uː n ə k e ɪ t	k ə m j uː n ə k e ɪ t ə d	m ə n ɪ p j ə l e ɪ t ə d	1	0	1
model_stem	m j uː t ə l e ɪ t	m j uː t ə l e ɪ t ə d	m ə l ə l e ɪ l e ɪ t ə d	r ɛ ɡ j ə l e ɪ t	r ɛ ɡ j ə l e ɪ t ə d	m j uː t ə l e ɪ t ə d	1	0	1
model_stem	k ə n f a ɪ n	k ə n f a ɪ n d	k ə n f a ɪ n d	k ə n t e ɪ n	k ə n t e ɪ n d	k ə n f a ɪ n d	1	1	1
model_stem	b ʊ l d o ʊ z	b ʊ l d o ʊ z d	b ʊ l d o ʊ z d	s ɹ̩ p r a ɪ z	s ɹ̩ p r a ɪ z d	b ʊ l d o ʊ z d	1	1	1
model_stem	w iː n	w iː n d	w iː n d	r ʌ n	r æ n	NA	1	0	0
model_stem	t ɑː p ə l	t ɑː p ə l d	t ɑː p ə l d	p ɪ k ə l	p ɪ k ə l d	t ɑː p ə l d	1	1	1
model_stem	ə n k ʌ v ɹ̩	ə n k ʌ v ɹ̩ d	ə n k ʌ v ɹ̩ d	r ɪ k ʌ v ɹ̩	r ɪ k ʌ v ɹ̩ d	ə n k ʌ v ɹ̩ d	1	1	1
model_stem	v æ l j uː	v æ l j uː d	v æ l j uː d	r iː v j uː	r iː v j uː d	v æ l j uː d	1	1	1
model_stem	o ʊ v ɹ̩ f l o ʊ	o ʊ v ɹ̩ f l o ʊ d	o ʊ v ɹ̩ f l o ʊ d	o ʊ v ɹ̩ s t e ɪ	o ʊ v ɹ̩ s t e ɪ d	o ʊ v ɹ̩ f l o ʊ d	1	1	1
model_stem	t͡ʃ æ t	t͡ʃ æ t ə d	t͡ʃ æ t ə d	p æ t	p æ t ə d	t͡ʃ æ t ə d	1	1	1
model_stem	b ʊ k	b ʊ k t	b ʊ k t	l ʊ k	l ʊ k t	b ʊ k t	1	1	1
model_stem	t æ k ə l	t æ k ə l d	t æ k ə l d	t ɪ k ə l	t ɪ k ə l d	t æ k ə l d	1	1	1
model_stem	ə t͡ʃ iː v	ə t͡ʃ iː v d	ə t͡ʃ iː v d	k ɑː r v	k ɑː r v d	ə t͡ʃ iː v d	1	1	1
model_stem	s k r iː t͡ʃ	s k r iː t͡ʃ t	s k r iː t͡ʃ t	s t r ɛ t͡ʃ	s t r ɛ t͡ʃ t	s k r iː t͡ʃ t	1	1	1
model_stem	p ɔ z	p ɔ z d	p ɔ z d	k ɑː z	k ɑː z d	p ɔ z d	1	1	1
model_stem	s t o ʊ n	s t o ʊ n d	s t o ʊ n d	ɡ r o ʊ n	ɡ r o ʊ n d	s t o ʊ n d	1	1	1
model_stem	ɪ n t ɹ̩ f ɪ r	ɪ n t ɹ̩ f ɪ r d	ɪ n t ɹ̩ f ɪ r d	d ɪ s ə p iː r	d ɪ s ə p iː r d	ɪ n t ɹ̩ f ɪ r d	1	1	1
model_stem	k æ m ə f l ɑː ʒ	k æ m ə f l ɑː ʒ d	k æ m ə l ɑː l ɑː l ɑː l e ɪ t ə d	ə n p l ʌ ɡ	ə n p l ʌ ɡ d	k æ m ə f l ɑː ʒ d	1	0	1
model_stem	p ɹ̩ f ɛ k t	p ɹ̩ f ɛ k t ə d	p ɹ̩ f ɛ k t ə d	ɪ k s ɛ p t	ɪ k s ɛ p t ə d	p ɹ̩ f ɛ k t ə d	1	1	1
model_stem	ɪ v æ l j uː e ɪ t	ɪ v æ l j uː e ɪ t ə d	ɪ v j æ l uː e ɪ t ə d	d uː p l ə k e ɪ t	d uː p l ə k e ɪ t ə d	ɪ v æ l j uː e ɪ t ə d	1	0	1
string	s e ɪ	s ɛ d	s e ɪ d	w e ɪ	w e ɪ d	s e ɪ d	0	1	0
string	ɡ o ʊ	w ɛ n t	ɡ o ʊ d	m o ʊ	m o ʊ d	ɡ o ʊ d	0	1	0
string	h æ p ə n	h æ p ə n d	h æ p ə n d	f æ s ə n	f æ s ə n d	h æ p ə n d	1	1	1
string	k æ t͡ʃ	k ɔ t	k æ t͡ʃ t	h æ t͡ʃ	h æ t͡ʃ t	k æ t͡ʃ t	0	1	0
string	l ʌ v	l ʌ v d	l ʌ v d	ʃ ʌ v	ʃ ʌ v d	l ʌ v d	1	1	1
string	w ɹ̩ k	w ɹ̩ k t	w ɹ̩ k t	w ɹ̩ l	w ɹ̩ l d	w ɹ̩ k d	1	0	0
string	k ʌ t	k ʌ t	k ʌ t	k ʌ m	k e ɪ m	NA	0	0	0
string	n iː d	n iː d ə d	n iː d ə d	r iː d	r ɛ d	n ɛ d	1	0	0
string	z ɪ p ɹ̩	z ɪ p ɹ̩ d	z ɪ p ɹ̩ d	z ɪ p	z ɪ p t	z ɪ p ɹ̩ t	1	0	0
string	b a ɪ	b ɔ t	b a ɪ d	l a ɪ	l e ɪ	b e ɪ	0	0	0
string	m iː t	m ɛ t	m iː t ə d	t͡ʃ iː t	t͡ʃ iː t ə d	m iː t ə d	0	1	0
string	m e ɪ l	m e ɪ l d	m e ɪ l d	f e ɪ l	f e ɪ l d	m e ɪ l d	1	1	1
string	t iː t͡ʃ	t ɔ t	t iː t͡ʃ t	t iː m	t iː m d	t iː t͡ʃ d	0	0	0
string	s p ɛ n d	s p ɛ n t	s p ɛ n d ə d	s ɛ n d	s ɛ n t	s p ɛ n t	0	0	1
string	h æ n d	h æ n d ə d	h æ n d ə d	l æ n d	l æ n d ə d	h æ n d ə d	1	1	1
string	m ɛ r iː	m ɛ r iː d	m ɛ r iː d	h ɛ r iː	h ɛ r iː d	m ɛ r iː d	1	1	1
string	r ɛ d iː	r ɛ d iː d	r ɛ d iː d	h ɛ r iː	h ɛ r iː d	r ɛ d iː d	1	1	1
string	f l o ʊ t	f l o ʊ t ə d	f l o ʊ t ə d	f l o ʊ	f l o ʊ d	f l o ʊ t d	1	0	0
string	s k w ɹ̩ t	s k w ɹ̩ t ə d	s k w ɹ̩ t ə d	s k ɹ̩ t	s k ɹ̩ t ə d	s k w ɹ̩ t ə d	1	1	1
string	w ɔ k	w ɔ k t	w ɔ k t	t͡ʃ ɔ k	t͡ʃ ɔ k t	w ɔ k t	1	1	1
string	f ɪ k s	f ɪ k s t	f ɪ k s t	n ɪ k s	n ɪ k s t	f ɪ k s t	1	1	1
string	p r æ k t ɪ s	p r æ k t ɪ s t	p r æ k t ɪ s t	p æ n ɪ k	p æ n ɪ k t	p r æ k t ɪ s t	1	1	1
string	k iː p	k ɛ p t	k iː p t	k æ p	k æ p t	k iː p t	0	1	0
string	n ɪ b ə l	n ɪ b ə l d	n ɪ b ə l d	w ɪ s ə l	w ɪ s ə l d	n ɪ b ə l d	1	1	1
string	w uː	w uː d	w uː d	d uː	d ɪ d	w ɪ d	1	0	0
string	k ɪ l	k ɪ l d	k ɪ l d	k ɔ l	k ɔ l d	k ɪ l d	1	1	1
string	k æ r iː	k æ r iː d	k æ r iː d	v ɛ r iː	v ɛ r iː d	k æ r iː d	1	1	1
string	ɹ̩ n	ɹ̩ n d	ɹ̩ n d	b ɹ̩ n	b ɹ̩ n d	ɹ̩ n d	1	1	1
string	k ə l ɛ k t	k ə l ɛ k t ə d	k ə l ɛ k t ə d	k ə n ɛ k t	k ə n ɛ k t ə d	k ə l ɛ k t ə d	1	1	1
string	d æ n s	d æ n s t	d æ n s t	l æ n d	l æ n d ə d	d æ n s ə d	1	0	0
string	d r ɔ	d r uː	d r ɔ r d	d uː	d ɪ d	NA	0	0	0
string	p r a ɪ	p r a ɪ d	p r a ɪ d	k r a ɪ	k r a ɪ d	p r a ɪ d	1	1	1
string	ɪ n v a ɪ t	ɪ n v a ɪ t ə d	ɪ n v a ɪ t ə d	ɪ k s a ɪ t	ɪ k s a ɪ t ə d	ɪ n v a ɪ t ə d	1	1	1
string	r iː ə l a ɪ z	r iː ə l a ɪ z d	r iː ə l a ɪ z d	s ɪ v ə l a ɪ z	s ɪ v ə l a ɪ z d	r iː ə l a ɪ z d	1	1	1
string	d r ɛ s	d r ɛ s t	d r ɛ s t	p r ɛ s	p r ɛ s t	d r ɛ s t	1	1	1
string	t r æ n z m ɪ t	t r æ n z m ɪ t ə d	t r æ n z e ɪ t ə d	ɡ r æ n t	ɡ r æ n t ə d	t r æ n z m ɪ t ə d	1	0	1
string	ʃ uː	ʃ uː d	ʃ uː	t͡ʃ uː	t͡ʃ uː d	ʃ uː d	1	0	1
string	p iː s	p iː s t	p iː s t	p æ s	p æ s t	p iː s t	1	1	1
string	d ɛ r	d ɛ r d	d ɛ r d	f ɛ r	f ɛ r d	d ɛ r d	1	1	1
string	b ɪ l d	b ɪ l t	b ɪ l d ə d	b ɪ l	b ɪ l d	b ɪ l d d	0	0	0
string	w ɪ n	w ʌ n	w ɪ n d	p ɪ n	p ɪ n d	w ɪ n d	0	1	0
string	k l a ɪ m	k l a ɪ m d	k l a ɪ m d	l a ɪ	l e ɪ	NA	1	0	0
string	s t ʌ f	s t ʌ f t	s t ʌ f t	s t ʌ b	s t ʌ b d	s t ʌ f d	1	0	0
string	s t æ n d	s t ʊ d	s t æ n d ə d	s æ n d	s æ n d ə d	s t æ n d ə d	0	1	0
string	d a ɪ s	d a ɪ s t	d a ɪ s t	d a ɪ v	d o ʊ v	NA	1	0	0
string	k o ʊ m	k o ʊ m d	k o ʊ m d	k o ʊ t	k o ʊ t ə d	k o ʊ m ə d	1	0	0
string	ɡ r o ʊ	ɡ r uː	ɡ r o ʊ d	θ r o ʊ	θ r uː	ɡ r uː	0	0	1
string	b ʌ t ɹ̩	b ʌ t ɹ̩ d	b ʌ t ɹ̩ d	b æ t ɹ̩	b æ t ɹ̩ d	b ʌ t ɹ̩ d	1	1	1
string	ə p s ɛ t	ə p s ɛ t	ə p s ɛ t ə d	s ɛ t	s ɛ t	ə p s ɛ t	0	0	1
string	b ɑː r	b ɑː r d	b ɑː r d	b ɔ r	b ɔ r d	b ɑː r d	1	1	1
string	m ɪ k s	m ɪ k s t	m ɪ k s t	m æ k s	m æ k s t	m ɪ k s t	1	1	1
string	l ɹ̩ n	l ɹ̩ n d	l ɹ̩ n d	b ɹ̩ n	b ɹ̩ n d	l ɹ̩ n d	1	1	1
string	r æ t ə l	r æ t ə l d	r æ t ə l d	t r æ v ə l	t r æ v ə l d	r æ t ə l d	1	1	1
string	l uː z	l ɔ s t	l uː z d	l uː s	l uː s t	l uː z t	0	0	0
string	p ɔ r	p ɔ r d	p ɔ r d	b ɔ r	b ɔ r d	p ɔ r d	1	1	1
string	m æ n	m æ n d	m æ n d	m æ ʃ	m æ ʃ t	m æ n t	1	0	0
string	m æ t͡ʃ	m æ t͡ʃ t	m æ t͡ʃ t	p æ t͡ʃ	p æ t͡ʃ t	m æ t͡ʃ t	1	1	1
string	w ɑː n d ɹ̩	w ɑː n d ɹ̩ d	w ɑː n d ɹ̩ d	w ʌ n d ɹ̩	w ʌ n d ɹ̩ d	w ɑː n d ɹ̩ d	1	1	1
string	r iː m a ɪ n d	r iː m a ɪ n d ə d	r iː m a ɪ n d ə d	m a ɪ n d	m a ɪ n d ə d	r iː m a ɪ n d ə d	1	1	1
string	s n ɪ f	s n ɪ f t	s n ɪ f t	s n ʌ f	s n ʌ f t	s n ɪ f t	1	1	1
string	p iː k	p iː k t	p iː k t	s iː k	s ɔ t	p ɔ t	1	0	0
string	p l iː z	p l iː z d	p l iː z d	p l iː d	p l iː d ə d	p l iː z ə d	1	0	0
string	b e ɪ k	b e ɪ k t	b e ɪ k t	f e ɪ k	f e ɪ k t	b e ɪ k t	1	1	1
string	r ɪ p	r ɪ p t	r ɪ p t	ʃ ɪ p	ʃ ɪ p t	r ɪ p t	1	1	1
string	t͡ʃ e ɪ n d͡ʒ	t͡ʃ e ɪ n d͡ʒ d	t͡ʃ e ɪ n d͡ʒ d	t͡ʃ e ɪ n	t͡ʃ e ɪ n d	t͡ʃ e ɪ n d͡ʒ d	1	1	1
string	ɔ r d ɹ̩	ɔ r d ɹ̩ d	ɔ r d ɹ̩ d	b ɔ r d	b ɔ r d ə d	ɔ r d ɹ̩ ə d	1	0	0
string	h o ʊ p	h o ʊ p t	h o ʊ p t	h o ʊ l	h o ʊ l d	h o ʊ p d	1	0	0
string	p ɛ p ɹ̩	p ɛ p ɹ̩ d	p ɛ p ɹ̩ d	p ɛ n	p ɛ n d	p ɛ p ɹ̩ d	1	1	1
string	m ʌ n t͡ʃ	m ʌ n t͡ʃ t	m ʌ n t͡ʃ t	b ʌ n t͡ʃ	b ʌ n t͡ʃ t	m ʌ n t͡ʃ t	1	1	1
string	p l æ s t ɹ̩	p l æ s t ɹ̩ d	p l æ s t ɹ̩ d	l æ s t	l æ s t ə d	p l æ s t ɹ̩ ə d	1	0	0
string	f a ɪ t	f ɔ t	f a ɪ t ə d	r a ɪ t	r o ʊ t	f o ʊ t	0	0	0
string	t r æ k	t r æ k t	t r æ k t	t r ʌ k	t r ʌ k t	t r æ k t	1	1	1
string	s o ʊ	s o ʊ d	s o ʊ d	n o ʊ	n uː	s uː	1	0	0
string	m ɛ l t	m ɛ l t ə d	m ɛ l t ə d	m ɔ l t	m ɔ l t ə d	m ɛ l t ə d	1	1	1
string	ɡ l ʌ v	ɡ l ʌ v d	ɡ l ʌ v d	ʃ ʌ v	ʃ ʌ v d	ɡ l ʌ v d	1	1	1
string	t͡ʃ ɑː r d͡ʒ	t͡ʃ ɑː r d͡ʒ d	t͡ʃ ɑː r d͡ʒ d	t͡ʃ ɑː r t	t͡ʃ ɑː r t ə d	t͡ʃ ɑː r d͡ʒ ə d	1	0	0
string	l ɪ k	l ɪ k t	l ɪ k t	l ɪ ŋ k	l ɪ ŋ k t	l ɪ k t	1	1	1
string	d ɪ l ɪ v ɹ̩	d ɪ l ɪ v ɹ̩ d	d ɪ l ɪ v ɹ̩ d	f e ɪ v ɹ̩	f e ɪ v ɹ̩ d	d ɪ l ɪ v ɹ̩ d	1	1	1
string	b ʌ m p	b ʌ m p t	b ʌ m p t	d ʌ m p	d ʌ m p t	b ʌ m p t	1	1	1
string	a ɪ	a ɪ d	a ɪ d	ʃ a ɪ	ʃ a ɪ d	a ɪ d	1	1	1
string	k iː	k iː d	k iː d	s iː	s ɔ	k ɔ	1	0	0
string	s ɪ z ə l	s ɪ z ə l d	s ɪ z ə l d	d æ z ə l	d æ z ə l d	s ɪ z ə l d	1	1	1
string	ɪ r e ɪ s	ɪ r e ɪ s t	ɪ r e ɪ s t	ɡ r e ɪ s	ɡ r e ɪ s t	ɪ r e ɪ s t	1	1	1
string	s ɹ̩ a ʊ n d	s ɹ̩ a ʊ n d ə d	s ɹ̩ a ʊ n d ə d	s a ʊ n d	s a ʊ n d ə d	s ɹ̩ a ʊ n d ə d	1	1	1
string	s k ɪ p	s k ɪ p t	s k ɪ p t	s k ɪ d	s k ɪ d ə d	s k ɪ p ə d	1	0	0
string	d ɑː k t ɹ̩	d ɑː k t ɹ̩ d	d ɑː k t ɹ̩ d	d ɑː r t	d ɑː r t ə d	d ɑː k t ɹ̩ ə d	1	0	0
string	s e ɪ l	s e ɪ l d	s e ɪ l d	s p ɪ l	s p ɪ l d	s e ɪ l d	1	1	1
string	ɪ n t ə r ɛ s t	ɪ n t ə r ɛ s t ə d	ɪ n t ə r s ɛ s t	ɪ n t ɹ̩ p r ə t	ɪ n t ɹ̩ p r ə t ə d	ɪ n t ə r ɛ s t ə d	1	0	1
string	t r e ɪ s	t r e ɪ s t	t r e ɪ s t	ɡ r e ɪ s	ɡ r e ɪ s t	t r e ɪ s t	1	1	1
string	a ɪ ɹ̩ n	a ɪ ɹ̩ n d	a ɪ ɹ̩ n d	h a ɪ ɹ̩	h a ɪ ɹ̩ d	a ɪ ɹ̩ n d	1	1	1
string	iː v ɪ n	iː v ɪ n d	iː v d	ʃ a ɪ n	ʃ a ɪ n d	iː v ɪ n d	1	0	1
string	k o ʊ k s	k o ʊ k s t	k o ʊ k s t	p o ʊ k	p o ʊ k t	k o ʊ k s t	1	1	1
string	z ɪ r ɑː k s	z ɪ r ɑː k s t	z ɪ r ɑː k s t	p ɪ r s	p ɪ r s t	z ɪ r ɑː k s t	1	1	1
string	b ɛ n d	b ɛ n d ə d	b ɛ n d ə d	t ɛ n d	t ɛ n d ə d	b ɛ n d ə d	1	1	1
string	p o ʊ z	p o ʊ z d	p o ʊ z d	n o ʊ z	n o ʊ z d	p o ʊ z d	1	1	1
string	p ɑː k ə t	p ɑː k ə t ə d	p ɑː k ə t ə d	r ɑː k ə t	r ɑː k ə t ə d	p ɑː k ə t ə d	1	1	1
string	f r a ɪ	f r a ɪ d	f r a ɪ d	k r a ɪ	k r a ɪ d	f r a ɪ d	1	1	1
string	h æ n d ə l	h æ n d ə l d	h æ n d ə l d	s æ d ə l	s æ d ə l d	h æ n d ə l d	1	1	1
string	ə s o ʊ s iː e ɪ t	ə s o ʊ s iː e ɪ t ə d	ə s ʊ s ə iː e ɪ t ə d	r o ʊ t e ɪ t	r o ʊ t e ɪ t ə d	ə s o ʊ s iː e ɪ t ə d	1	0	1
string	æ k t	æ k t ə d	æ k t ə d	d͡ʒ æ k	d͡ʒ æ k t	æ k t t	1	0	0
string	r iː m uː v	r iː m uː v d	r iː m uː v d	m uː v	m uː v d	r iː m uː v d	1	1	1
string	s l o ʊ	s l o ʊ d	s l o ʊ d	b l o ʊ	b l uː	s l uː	1	0	0
string	s t r æ p	s t r æ p t	s t r æ p t	s t r ɪ p	s t r ɪ p t	s t r æ p t	1	1	1
string	d r e ɪ n	d r e ɪ n d	d r e ɪ n d	t r e ɪ n	t r e ɪ n d	d r e ɪ n d	1	1	1
string	p ɛ ɡ	p ɛ ɡ d	p ɛ ɡ d	p ɛ n	p ɛ n d	p ɛ ɡ d	1	1	1
string	k ə m p l e ɪ n	k ə m p l e ɪ n d	k ə m p l e ɪ n d	k ə m p l iː t	k ə m p l iː t ə d	k ə m p l e ɪ n ə d	1	0	0
string	f ɛ n s	f ɛ n s t	f ɛ n s t	m ɪ n s	m ɪ n s t	f ɛ n s t	1	1	1
string	k r iː e ɪ t	k r iː e ɪ t ə d	k r iː e ɪ t ə d	b r e ɪ d	b r e ɪ d ə d	k r iː e ɪ t ə d	1	1	1
string	f l ʌ ʃ	f l ʌ ʃ t	f l ʌ ʃ t	f l æ ʃ	f l æ ʃ t	f l ʌ ʃ t	1	1	1
string	ɡ ɑː r d	ɡ ɑː r d ə d	ɡ ɑː r d ə d	k ɑː r d	k ɑː r d ə d	ɡ ɑː r d ə d	1	1	1
string	r ɪ ŋ k ə l	r ɪ ŋ k ə l d	r ɪ ŋ k ə l d	t ɪ ŋ k ə l	t ɪ ŋ k ə l d	r ɪ ŋ k ə l d	1	1	1
string	s w iː p	s w ɛ p t	s w iː p t	s iː p	s iː p t	s w iː p t	0	1	0
string	s k ɛ d͡ʒ ʊ l	s k ɛ d͡ʒ ʊ l d	s k ɛ d͡ʒ ʊ l d	s m ɛ l	s m ɛ l d	s k ɛ d͡ʒ ʊ l d	1	1	1
string	f ɹ̩ m ɛ n t	f ɹ̩ m ɛ n t ə d	f ɹ̩ m ɛ n t ə d	f e ɪ n t	f e ɪ n t ə d	f ɹ̩ m ɛ n t ə d	1	1	1
string	p ʌ z ə l	p ʌ z ə l d	p ʌ z ə l d	d æ z ə l	d æ z ə l d	p ʌ z ə l d	1	1	1
string	k l ɑː b ɹ̩	k l ɑː b ɹ̩ d	k l ɑː b ɹ̩ d	k l ʌ t ɹ̩	k l ʌ t ɹ̩ d	k l ɑː b ɹ̩ d	1	1	1
string	d ɪ n a ɪ	d ɪ n a ɪ d	d ɪ n a ɪ d	d a ɪ	d a ɪ d	d ɪ n a ɪ d	1	1	1
string	e ɪ k	e ɪ k t	e ɪ k t	p ɪ k	p ɪ k t	e ɪ k t	1	1	1
string	l iː n	l iː n d	l iː n d	k l iː n	k l iː n d	l iː n d	1	1	1
string	ʃ ɪ v ɹ̩	ʃ ɪ v ɹ̩ d	ʃ ɪ v ɹ̩ d	ʃ a ʊ ɹ̩	ʃ a ʊ ɹ̩ d	ʃ ɪ v ɹ̩ d	1	1	1
string	f l ʌ d	f l ʌ d ə d	f l ʌ d ə d	f l ʌ f	f l ʌ f t	f l ʌ d t	1	0	0
string	w ɪ s k	w ɪ s k t	w ɪ s k t	w ɪ ŋ k	w ɪ ŋ k t	w ɪ s k t	1	1	1
string	k ə n t r o ʊ l	k ə n t r o ʊ l d	k ə n t r o ʊ k ə l o ʊ n t ə d	k ə n t ɛ n t	k ə n t ɛ n t ə d	k ə n t r o ʊ l ə d	1	0	0
string	b ɑː t ə m	b ɑː t ə m d	b ɑː t ə m d	b ɑː t ə l	b ɑː t ə l d	b ɑː t ə m d	1	1	1
string	w ɔ r n	w ɔ r n d	w ɔ r n d	w ɔ r m	w ɔ r m d	w ɔ r n d	1	1	1
string	b ɛ r iː	b ɛ r iː d	b ɛ r iː d	h ɛ r iː	h ɛ r iː d	b ɛ r iː d	1	1	1
string	ɔ f ɹ̩	ɔ f ɹ̩ d	ɔ f ɹ̩ d	ə k ɹ̩	ə k ɹ̩ d	ɔ f ɹ̩ d	1	1	1
string	b ɛ r	b o ʊ r	b ɛ r d	p ɛ r	p ɛ r d	b ɛ r d	0	1	0
string	s l ɪ p	s l ɪ p t	s l ɪ p t	s l æ p	s l æ p t	s l ɪ p t	1	1	1
string	t͡ʃ iː r	t͡ʃ iː r d	t͡ʃ iː r d	h iː r	h ɹ̩ d	t͡ʃ ɹ̩ d	1	0	0
string	r ɪ s k	r ɪ s k t	r ɪ s k t	r e ɪ k	r e ɪ k t	r ɪ s k t	1	1	1
string	p ɛ t	p ɛ t ə d	p ɛ t	p ɛ r	p ɛ r d	p ɛ t d	1	0	0
string	t r ʌ s t	t r ʌ s t ə d	t r ʌ s t ə d	ɪ r ʌ p t	ɪ r ʌ p t ə d	t r ʌ s t ə d	1	1	1
string	ɪ n s t r ʌ k t	ɪ n s t r ʌ k t ə d	ɪ n s t r ʌ k t ə d	d ɪ s t r ʌ k t	d ɪ s t r ʌ k t ə d	ɪ n s t r ʌ k t ə d	1	1	1
string	t͡ʃ ɪ k ə n	t͡ʃ ɪ k ə n d	t͡ʃ ɪ k ə n d	w iː k ə n	w iː k ə n d	t͡ʃ ɪ k ə n d	1	1	1
string	p r iː p ɛ r	p r iː p ɛ r d	p r iː p ɛ r d	r ɪ p ɛ r	r ɪ p ɛ r d	p r iː p ɛ r d	1	1	1
string	h æ m ɹ̩	h æ m ɹ̩ d	h æ m ɹ̩ d	ɡ æ ð ɹ̩	ɡ æ ð ɹ̩ d	h æ m ɹ̩ d	1	1	1
string	s p r ɪ ŋ k ə l	s p r ɪ ŋ k ə l d	s p r æ ŋ k ə l d	s k r ɪ b ə l	s k r ɪ b ə l d	s p r ɪ ŋ k ə l d	1	0	1
string	r ɛ s ə l	r ɛ s ə l d	r ɛ s ə l d	r ɛ k ə n	r ɛ k ə n d	r ɛ s ə l d	1	1	1
string	h ɛ m	h ɛ m d	h ɛ m d	h ɛ d	h ɛ d ə d	h ɛ m ə d	1	0	0
string	p l æ n	p l æ n d	p l æ n d	p æ n	p æ n d	p l æ n d	1	1	1
string	s t æ ʃ	s t æ ʃ t	s t æ ʃ t	s t æ k	s t æ k t	s t æ ʃ t	1	1	1
string	m ɑː r k	m ɑː r k t	m ɑː r k t	p ɑː r k	p ɑː r k t	m ɑː r k t	1	1	1
string	k e ɪ v	k e ɪ v d	k e ɪ v d	k e ɪ k	k e ɪ k t	k e ɪ v t	1	0	0
string	k ɹ̩ l	k ɹ̩ l d	k ɹ̩ l d	h ɹ̩ l	h ɹ̩ l d	k ɹ̩ l d	1	1	1
string	p r e ɪ z	p r e ɪ z d	p r e ɪ z d	r e ɪ z	r e ɪ z d	p r e ɪ z d	1	1	1
string	d æ m	d æ m d	d æ m d	d æ ʃ	d æ ʃ t	d æ m t	1	0	0
string	f l ʌ t ɹ̩	f l ʌ t ɹ̩ d	f l ʌ t ɹ̩ d	k l ʌ t ɹ̩	k l ʌ t ɹ̩ d	f l ʌ t ɹ̩ d	1	1	1
string	b ɛ l t	b ɛ l t ə d	b ɛ l t ə d	b ɛ t	b ɛ t	b ɛ l t	1	0	0
string	b ɔ l	b ɔ l d	b ɔ l d	h ɔ l	h ɔ l d	b ɔ l d	1	1	1
string	s k æ l ə p	s k æ l ə p t	s k æ l ə p t	s t æ m p	s t æ m p t	s k æ l ə p t	1	1	1
string	k ə m p ɛ r	k ə m p ɛ r d	k ə m p ɛ r d	ə p iː r	ə p iː r d	k ə m p ɛ r d	1	1	1
string	b ɔ ɪ l	b ɔ ɪ l d	b ɔ ɪ l d	b ɪ l	b ɪ l d	b ɔ ɪ l d	1	1	1
string	s k æ n	s k æ n d	s k æ n d	s m æ k	s m æ k t	s k æ n t	1	0	0
string	r ɛ k ə m ɛ n d	r ɛ k ə m ɛ n d ə d	r ɛ k ə m ɛ n d	r ɛ k ə n	r ɛ k ə n d	r ɛ k ə m ɛ n d d	1	0	0
string	t o ʊ	t o ʊ d	t o ʊ d	ʃ o ʊ	ʃ o ʊ d	t o ʊ d	1	1	1
string	s t r ɛ s	s t r ɛ s t	s t r ɛ s t	s t r ɛ t͡ʃ	s t r ɛ t͡ʃ t	s t r ɛ s t	1	1	1
string	b æ n d	b æ n d ə d	b æ n d ə d	l æ n d	l æ n d ə d	b æ n d ə d	1	1	1
string	b o ʊ s t	b o ʊ s t ə d	b o ʊ s t ə d	b o ʊ l t	b o ʊ l t ə d	b o ʊ s t ə d	1	1	1
string	r ɛ s k j uː	r ɛ s k j uː d	r ɛ s k j uː d	s k r uː	s k r uː d	r ɛ s k j uː d	1	1	1
string	b ʌ s	b ʌ s t	b ʌ s t	b ɑː s	b ɑː s t	b ʌ s t	1	1	1
string	m ɑː r	m ɑː r d	m ɑː r d	m ɑː k	m ɑː k t	m ɑː r t	1	0	0
string	t ʌ m b ə l	t ʌ m b ə l d	t ʌ m b ə l d	r ʌ m b ə l	r ʌ m b ə l d	t ʌ m b ə l d	1	1	1
string	d ɪ s t r ɔ ɪ	d ɪ s t r ɔ ɪ d	d ɪ s t r ɔ r d	d ɪ s k r a ɪ b	d ɪ s k r a ɪ b d	d ɪ s t r ɔ ɪ d	1	0	1
string	w æ ɡ	w æ ɡ d	w æ ɡ d	n æ ɡ	n æ ɡ d	w æ ɡ d	1	1	1
string	p a ʊ ɹ̩	p a ʊ ɹ̩ d	p a ʊ ɹ̩ d	p a ʊ t	p a ʊ t ə d	p a ʊ ɹ̩ ə d	1	0	0
string	b l iː t͡ʃ	b l iː t͡ʃ t	b l iː t͡ʃ t	b l iː d	b l ɛ d	NA	1	0	0
string	t æ ŋ ɡ ə l	t æ ŋ ɡ ə l d	t æ ŋ ɡ ə l d	m æ ŋ ɡ ə l	m æ ŋ ɡ ə l d	t æ ŋ ɡ ə l d	1	1	1
string	n ɔ	n ɔ d	n ɔ n d	s ɔ	s ɔ d	n ɔ d	1	0	1
string	r o ʊ m	r o ʊ m d	r o ʊ m d	r o ʊ p	r o ʊ p t	r o ʊ m t	1	0	0
string	b l ɪ ŋ k	b l ɪ ŋ k t	b l ʌ ŋ k t	l ɪ ŋ k	l ɪ ŋ k t	b l ɪ ŋ k t	1	0	1
string	t w ɹ̩ l	t w ɹ̩ l d	t w ɹ̩ l d	s w ɹ̩ l	s w ɹ̩ l d	t w ɹ̩ l d	1	1	1
string	ə n b ʌ t ə n	ə n b ʌ t ə n d	ə n b ʌ t ə n d	b ʌ t ə n	b ʌ t ə n d	ə n b ʌ t ə n d	1	1	1
string	θ r ɛ t ə n	θ r ɛ t ə n d	θ r ɛ t ə n d	r ɛ k ə n	r ɛ k ə n d	θ r ɛ t ə n d	1	1	1
string	b ɛ l o ʊ	b ɛ l o ʊ d	b ɛ l o ʊ d	b l o ʊ	b l uː	b ɛ l uː	1	0	0
string	s p ɛ ʃ ə l a ɪ z	s p ɛ ʃ ə l a ɪ z d	s p ɛ ʃ ə l a ɪ z d	s ɪ v ə l a ɪ z	s ɪ v ə l a ɪ z d	s p ɛ ʃ ə l a ɪ z d	1	1	1
string	ɪ n ɪ ʃ iː e ɪ t	ɪ n ɪ ʃ iː e ɪ t ə d	ɪ n ɪ ʃ iː e ɪ t ə d	d ɪ l ɪ n iː e ɪ t	d ɪ l ɪ n iː e ɪ t ə d	ɪ n ɪ ʃ iː e ɪ t ə d	1	1	1
string	p iː p	p iː p t	p iː p t	b iː p	b iː p t	p iː p t	1	1	1
string	ʃ ʌ f ə l	ʃ ʌ f ə l d	ʃ ʌ f ə l d	ʃ ʌ t ə l	ʃ ʌ t ə l d	ʃ ʌ f ə l d	1	1	1
string	ɪ n f l uː ə n s	ɪ n f l uː ə n s t	ɪ n f l uː n s	ɪ n k l uː d	ɪ n k l uː d ə d	ɪ n f l uː ə n s ə d	1	0	0
string	d a ʊ n	d a ʊ n d	d a ʊ n d	d r a ʊ n	d r a ʊ n d	d a ʊ n d	1	1	1
string	d ɪ v ɛ l ə p	d ɪ v ɛ l ə p t	d ɪ v ɛ l ə p t	d ɪ t ɹ̩ m ə n	d ɪ t ɹ̩ m ə n d	d ɪ v ɛ l ə p d	1	0	0
string	s p e ɪ	s p e ɪ d	s p e ɪ d	s p a ɪ	s p a ɪ d	s p e ɪ d	1	1	1
string	r iː p l e ɪ s	r iː p l e ɪ s t	r iː p l e ɪ s t	p l e ɪ s	p l e ɪ s t	r iː p l e ɪ s t	1	1	1
string	s p ɔ ɪ l	s p ɔ ɪ l d	s p ɔ ɪ l d	s p ɪ l	s p ɪ l d	s p ɔ ɪ l d	1	1	1
string	l e ɪ b ə l	l e ɪ b ə l d	l e ɪ b ə l d	t e ɪ b ə l	t e ɪ b ə l d	l e ɪ b ə l d	1	1	1
string	d r ɪ b ə l	d r ɪ b ə l d	d r ɪ b ə l d	d r ɪ l	d r ɪ l d	d r ɪ b ə l d	1	1	1
string	t͡ʃ æ n ə l	t͡ʃ æ n ə l d	t͡ʃ æ n ə l d	b æ b ə l	b æ b ə l d	t͡ʃ æ n ə l d	1	1	1
string	ɪ m p r uː v	ɪ m p r uː v d	ɪ m p r uː v d	p r uː v	p r uː v d	ɪ m p r uː v d	1	1	1
string	p r e ɪ	p r e ɪ d	p r e ɪ d	s p r e ɪ	s p r e ɪ d	p r e ɪ d	1	1	1
string	w ɛ t	w ɛ t	w ɛ t	ɡ ɛ t	ɡ ɑː t	w ɑː t	0	0	0
string	s t r e ɪ n	s t r e ɪ n d	s t r e ɪ n d	s t e ɪ n	s t e ɪ n d	s t r e ɪ n d	1	1	1
string	m ɑː r b ə l	m ɑː r b ə l d	m ɑː r b ə l d	m ɑː r k ə t	m ɑː r k ə t ə d	m ɑː r b ə l ə d	1	0	0
string	ʃ ɛ l	ʃ ɛ l d	ʃ ɛ l t	ʃ ɛ r	ʃ ɛ r d	ʃ ɛ l d	1	0	1
string	k o ʊ ɑː p ɹ̩ e ɪ t	k o ʊ ɑː p ɹ̩ e ɪ t ə d	k o ʊ p ɹ̩ e ɪ d	ɑː p ɹ̩ e ɪ t	ɑː p ɹ̩ e ɪ t ə d	k o ʊ ɑː p ɹ̩ e ɪ t ə d	1	0	1
string	ɡ r e ɪ t	ɡ r e ɪ t ə d	ɡ r e ɪ t ə d	ɡ r e ɪ d	ɡ r e ɪ d ə d	ɡ r e ɪ t ə d	1	1	1
string	f ɔ r m j ə l e ɪ t	f ɔ r m j ə l e ɪ t ə d	f ɔ r ə l ə l e ɪ t ə d	r ɛ ɡ j ə l e ɪ t	r ɛ ɡ j ə l e ɪ t ə d	f ɔ r m j ə l e ɪ t ə d	1	0	1
string	k æ n s ə l	k æ n s ə l d	k æ n s ə l d	d æ z ə l	d æ z ə l d	k æ n s ə l d	1	1	1
string	d ɪ s k ʌ v ɹ̩	d ɪ s k ʌ v ɹ̩ d	d ɪ s k ʌ v ɹ̩ d	r ɪ k ʌ v ɹ̩	r ɪ k ʌ v ɹ̩ d	d ɪ s k ʌ v ɹ̩ d	1	1	1
string	ə m e ɪ z	ə m e ɪ z d	ə m e ɪ z d	r e ɪ z	r e ɪ z d	ə m e ɪ z d	1	1	1
string	f æ n s iː	f æ n s iː d	f æ n s iː d	f ɔ r s iː	f ɔ r s ɔ	f æ n s ɔ	1	0	0
string	æ n ə l a ɪ z	æ n ə l a ɪ z d	æ n ə n a ɪ z d	s æ n ɪ t a ɪ z	s æ n ɪ t a ɪ z d	æ n ə l a ɪ z d	1	0	1
string	t e ɪ l ɹ̩	t e ɪ l ɹ̩ d	t e ɪ l ɹ̩ d	t ɪ l t	t ɪ l t ə d	t e ɪ l ɹ̩ ə d	1	0	0
string	p ɑː r t͡ʃ	p ɑː r t͡ʃ t	p ɑː r t͡ʃ t	m ɑː r t͡ʃ	m ɑː r t͡ʃ t	p ɑː r t͡ʃ t	1	1	1
string	b ɪ d	b e ɪ d	b ɪ d ə d	b iː d	b iː d ə d	b ɪ d ə d	0	1	0
string	s o ʊ k	s o ʊ k t	s o ʊ k t	s m o ʊ k	s m o ʊ k t	s o ʊ k t	1	1	1
string	s uː	s uː d	s uː d	s ɔ	s ɔ d	s uː d	1	1	1
string	f æ n	f æ n d	f æ n d	p æ n	p æ n d	f æ n d	1	1	1
string	f r ɛ k ə l	f r ɛ k ə l d	f r ɛ k ə l d	r ɛ k ə n	r ɛ k ə n d	f r ɛ k ə l d	1	1	1
string	ə n d uː	ə n d ɪ d	ə n d uː d	d uː	d ɪ d	ə n d ɪ d	0	0	1
string	θ ʌ m p	θ ʌ m p t	θ ʌ m p t	θ ʌ m	θ ʌ m d	θ ʌ m p d	1	0	0
string	w ɑː b ə l	w ɑː b ə l d	w ɑː b ə l d	w ɑː f ə l	w ɑː f ə l d	w ɑː b ə l d	1	1	1
string	ɡ r ɪ l	ɡ r ɪ l d	ɡ r ɪ l d	d r ɪ l	d r ɪ l d	ɡ r ɪ l d	1	1	1
string	ə s uː m	ə s uː m d	ə s uː m d	s iː m	s iː m d	ə s uː m d	1	1	1
string	z ɪ ɡ z æ ɡ	z ɪ ɡ z æ ɡ d	z ɪ ɡ z æ ɡ d	ɪ ɡ z æ k t	ɪ ɡ z æ k t ə d	z ɪ ɡ z æ ɡ ə d	1	0	0
string	p ɛ r ə ʃ uː t	p ɛ r ə ʃ uː t ə d	p ɛ r ə ʃ uː t ə d	p r ɪ n t	p r ɪ n t ə d	p ɛ r ə ʃ uː t ə d	1	1	1
string	ɛ ɡ	ɛ ɡ d	ɛ ɡ d	b ɛ ɡ	b ɛ ɡ d	ɛ ɡ d	1	1	1
string	l o ʊ k e ɪ t	l o ʊ k e ɪ t ə d	l o ʊ k e ɪ t ə d	r o ʊ t e ɪ t	r o ʊ t e ɪ t ə d	l o ʊ k e ɪ t ə d	1	1	1
string	n e ɪ l	n e ɪ l d	n e ɪ l d	d͡ʒ e ɪ l	d͡ʒ e ɪ l d	n e ɪ l d	1	1	1
string	f a ɪ n	f a ɪ n d	f a ɪ n d	ʃ a ɪ n	ʃ a ɪ n d	f a ɪ n d	1	1	1
string	ʃ r ɪ v ə l	ʃ r ɪ v ə l d	ʃ r ɪ v ə l d	t r æ v ə l	t r æ v ə l d	ʃ r ɪ v ə l d	1	1	1
string	t͡ʃ a ɪ m	t͡ʃ a ɪ m d	t͡ʃ a ɪ m d	t a ɪ m	t a ɪ m d	t͡ʃ a ɪ m d	1	1	1
string	ɪ v æ p ɹ̩ e ɪ t	ɪ v æ p ɹ̩ e ɪ t ə d	ɪ v æ p ɹ̩ e ɪ t ə d	s ɛ p ɹ̩ e ɪ t	s ɛ p ɹ̩ e ɪ t ə d	ɪ v æ p ɹ̩ e ɪ t ə d	1	1	1
string	ɑː k j ə p a ɪ	ɑː k j ə p a ɪ d	ɑː r ə p j uː p t	k ə l a ɪ d	k ə l a ɪ d ə d	ɑː k j ə p a ɪ ə d	1	0	0
string	k l ɑː ɡ	k l ɑː ɡ d	k l ɑː ɡ d	k l ɑː k	k l ɑː k t	k l ɑː ɡ t	1	0	0
string	m æ p	m æ p t	m æ p t	m ɑː p	m ɑː p t	m æ p t	1	1	1
string	ɡ e ɪ z	ɡ e ɪ z d	ɡ e ɪ z d	r e ɪ z	r e ɪ z d	ɡ e ɪ z d	1	1	1
string	s k æ t ɹ̩	s k æ t ɹ̩ d	s k æ t ɹ̩ d	s t ɹ̩	s t ɹ̩ d	s k æ t ɹ̩ d	1	1	1
string	s n ɑː r ə l	s n ɑː r ə l d	s n ɑː r ə l d	s t ɑː r t ə l	s t ɑː r t ə l d	s n ɑː r ə l d	1	1	1
string	f l e ɪ v ɹ̩	f l e ɪ v ɹ̩ d	f l e ɪ v ɹ̩ d	f e ɪ v ɹ̩	f e ɪ v ɹ̩ d	f l e ɪ v ɹ̩ d	1	1	1
string	ɪ d͡ʒ ɛ k t	ɪ d͡ʒ ɛ k t ə d	ɪ d͡ʒ ɛ k t ə d	r ɪ d͡ʒ ɛ k t	r ɪ d͡ʒ ɛ k t ə d	ɪ d͡ʒ ɛ k t ə d	1	1	1
string	r iː æ k t	r iː æ k t ə d	r iː æ k t ə d	r iː d	r ɛ d	NA	1	0	0
string	s t e ɪ p ə l	s t e ɪ p ə l d	s t e ɪ p ə l d	t e ɪ b ə l	t e ɪ b ə l d	s t e ɪ p ə l d	1	1	1
string	ɪ k s p l o ʊ d	ɪ k s p l o ʊ d ə d	ɪ k s p l o ʊ k d	ɪ k s p l e ɪ n	ɪ k s p l e ɪ n d	ɪ k s p l o ʊ d d	1	0	0
string	r ɪ z ɛ m b ə l	r ɪ z ɛ m b ə l d	r ɪ z ɛ m b ə l d	t r ɛ m b ə l	t r ɛ m b ə l d	r ɪ z ɛ m b ə l d	1	1	1
string	s w ɪ v ə l	s w ɪ v ə l d	s w ɪ v ə l d	w ɪ s ə l	w ɪ s ə l d	s w ɪ v ə l d	1	1	1
string	w æ k s	w æ k s t	w æ k s t	w æ k	w æ k t	w æ k s t	1	1	1
string	s k r a ʊ n d͡ʒ	s k r a ʊ n d͡ʒ d	s k r a ʊ n d͡ʒ d	s p r a ʊ t	s p r a ʊ t ə d	s k r a ʊ n d͡ʒ ə d	1	0	0
string	ɔ r ɡ ə n a ɪ z	ɔ r ɡ ə n a ɪ z d	ɔ r ɡ ə n a ɪ z d	p r a ɪ z	p r a ɪ z d	ɔ r ɡ ə n a ɪ z d	1	1	1
string	d ɪ z a ɪ n	d ɪ z a ɪ n d	d ɪ z a ɪ n d	d ɪ s a ɪ d	d ɪ s a ɪ d ə d	d ɪ z a ɪ n ə d	1	0	0
string	e ɪ d͡ʒ	e ɪ d͡ʒ d	e ɪ d͡ʒ d	e ɪ m	e ɪ m d	e ɪ d͡ʒ d	1	1	1
string	k ɔ r n ɹ̩	k ɔ r n ɹ̩ d	k ɔ r n ɹ̩ d	m ɔ r n	m ɔ r n d	k ɔ r n ɹ̩ d	1	1	1
string	k ə n k l uː d	k ə n k l uː d ə d	k ə n k l uː d ə d	ɪ n k l uː d	ɪ n k l uː d ə d	k ə n k l uː d ə d	1	1	1
string	b iː f	b iː f t	b iː f t	b iː m	b iː m d	b iː f d	1	0	0
string	s p r ɪ ŋ	s p r æ ŋ	s p r ʌ ŋ	s t r ɪ ŋ	s t r ʌ ŋ	s p r ʌ ŋ	0	1	0
string	t æ n	t æ n d	t æ n d	p æ n	p æ n d	t æ n d	1	1	1
string	t o ʊ n	t o ʊ n d	t o ʊ n d	f o ʊ n	f o ʊ n d	t o ʊ n d	1	1	1
string	ɪ n ɪ ʃ ə l	ɪ n ɪ ʃ ə l d	ɪ n ɪ ʃ ə l d	d a ɪ ə l	d a ɪ ə l d	ɪ n ɪ ʃ ə l d	1	1	1
string	s t r æ d ə l	s t r æ d ə l d	s t r æ d ə l d	s t r ʌ ɡ ə l	s t r ʌ ɡ ə l d	s t r æ d ə l d	1	1	1
string	ə r a ɪ z	ə r o ʊ z	ə r a ɪ z d	r a ɪ z	r o ʊ z	ə r o ʊ z	0	0	1
string	ɡ ʌ n	ɡ ʌ n d	ɡ ʌ n d	r ʌ n	r æ n	ɡ æ n	1	0	0
string	p ɪ t͡ʃ	p ɪ t͡ʃ t	p ɪ t͡ʃ t	p ɪ n t͡ʃ	p ɪ n t͡ʃ t	p ɪ t͡ʃ t	1	1	1
string	t æ t uː	t æ t uː d	t æ t uː d	b æ t ɹ̩	b æ t ɹ̩ d	t æ t uː d	1	1	1
string	t r æ n z l e ɪ t	t r æ n z l e ɪ t ə d	t r æ n z l e ɪ t ə d	ɡ r æ v ə t e ɪ t	ɡ r æ v ə t e ɪ t ə d	t r æ n z l e ɪ t ə d	1	1	1
string	ɔ θ ɹ̩	ɔ θ ɹ̩ d	ɔ r ɹ̩ d	ə k ɹ̩	ə k ɹ̩ d	ɔ θ ɹ̩ d	1	0	1
string	b æ s k	b æ s k t	b æ s k t	æ s k	æ s k t	b æ s k t	1	1	1
string	ɪ r ɪ t e ɪ t	ɪ r ɪ t e ɪ t ə d	ɪ r ɪ t e ɪ t ə d	r ɪ l e ɪ t	r ɪ l e ɪ t ə d	ɪ r ɪ t e ɪ t ə d	1	1	1
string	ɡ a ʊ d͡ʒ	ɡ a ʊ d͡ʒ d	ɡ a ʊ d͡ʒ d	ʃ a ʊ t	ʃ a ʊ t ə d	ɡ a ʊ d͡ʒ ə d	1	0	0
string	s w e ɪ	s w e ɪ d	s w e ɪ d	w e ɪ	w e ɪ d	s w e ɪ d	1	1	1
string	k ɑː n f ə s k e ɪ t	k ɑː n f ə s k e ɪ t ə d	k ɑː n s ə n s e ɪ t ə d	s ʌ f ə k e ɪ t	s ʌ f ə k e ɪ t ə d	k ɑː n f ə s k e ɪ t ə d	1	0	1
string	m ə n ɪ p j ə l e ɪ t	m ə n ɪ p j ə l e ɪ t ə d	m ɪ p j ə l ə l e ɪ t ə d	ɑː r t ɪ k j ə l e ɪ t	ɑː r t ɪ k j ə l e ɪ t ə d	m ə n ɪ p j ə l e ɪ t ə d	1	0	1
string	m j uː t ə l e ɪ t	m j uː t ə l e ɪ t ə d	m ə l ə l e ɪ l e ɪ t ə d	k ə m j uː n ə k e ɪ t	k ə m j uː n ə k e ɪ t ə d	m j uː t ə l e ɪ t ə d	1	0	1
string	k ə n f a ɪ n	k ə n f a ɪ n d	k ə n f a ɪ n d	k ə m b a ɪ n	k ə m b a ɪ n d	k ə n f a ɪ n d	1	1	1
string	b ʊ l d o ʊ z	b ʊ l d o ʊ z d	b ʊ l d o ʊ z d	b l o ʊ	b l uː	NA	1	0	0
string	w iː n	w iː n d	w iː n d	w iː l	w iː l d	w iː n d	1	1	1
string	t ɑː p ə l	t ɑː p ə l d	t ɑː p ə l d	w ɑː f ə l	w ɑː f ə l d	t ɑː p ə l d	1	1	1
string	ə n k ʌ v ɹ̩	ə n k ʌ v ɹ̩ d	ə n k ʌ v ɹ̩ d	r ɪ k ʌ v ɹ̩	r ɪ k ʌ v ɹ̩ d	ə n k ʌ v ɹ̩ d	1	1	1
string	v æ l j uː	v æ l j uː d	v æ l j uː d	v j uː	v j uː d	v æ l j uː d	1	1	1
string	o ʊ v ɹ̩ f l o ʊ	o ʊ v ɹ̩ f l o ʊ d	o ʊ v ɹ̩ f l o ʊ d	o ʊ v ɹ̩ l æ p	o ʊ v ɹ̩ l æ p t	o ʊ v ɹ̩ f l o ʊ t	1	0	0
string	t͡ʃ æ t	t͡ʃ æ t ə d	t͡ʃ æ t ə d	t͡ʃ iː t	t͡ʃ iː t ə d	t͡ʃ æ t ə d	1	1	1
string	b ʊ k	b ʊ k t	b ʊ k t	k ʊ k	k ʊ k t	b ʊ k t	1	1	1
string	t æ k ə l	t æ k ə l d	t æ k ə l d	t ɪ k ə l	t ɪ k ə l d	t æ k ə l d	1	1	1
string	ə t͡ʃ iː v	ə t͡ʃ iː v d	ə t͡ʃ iː v d	r ə s iː v	r ə s iː v d	ə t͡ʃ iː v d	1	1	1
string	s k r iː t͡ʃ	s k r iː t͡ʃ t	s k r iː t͡ʃ t	s k r iː m	s k r iː m d	s k r iː t͡ʃ d	1	0	0
string	p ɔ z	p ɔ z d	p ɔ z d	p e ɪ	p e ɪ d	p ɔ z d	1	1	1
string	s t o ʊ n	s t o ʊ n d	s t o ʊ n d	s t o ʊ	s t o ʊ d	s t o ʊ n d	1	1	1
string	ɪ n t ɹ̩ f ɪ r	ɪ n t ɹ̩ f ɪ r d	ɪ n t ɹ̩ f ɪ r d	ɪ n t ɹ̩ ʌ p t	ɪ n t ɹ̩ ʌ p t ə d	ɪ n t ɹ̩ f ɪ r ə d	1	0	0
string	k æ m ə f l ɑː ʒ	k æ m ə f l ɑː ʒ d	k æ m ə l ɑː l ɑː l ɑː l e ɪ t ə d	k æ t ə l ɔ ɡ	k æ t ə l ɔ ɡ d	k æ m ə f l ɑː ʒ d	1	0	1
string	p ɹ̩ f ɛ k t	p ɹ̩ f ɛ k t ə d	p ɹ̩ f ɛ k t ə d	ə f ɛ k t	ə f ɛ k t ə d	p ɹ̩ f ɛ k t ə d	1	1	1
string	ɪ v æ l j uː e ɪ t	ɪ v æ l j uː e ɪ t ə d	ɪ v j æ l uː e ɪ t ə d	d uː p l ə k e ɪ t	d uː p l ə k e ɪ t ə d	ɪ v æ l j uː e ɪ t ə d	1	0	1
random	s e ɪ	s ɛ d	s e ɪ d	r iː v j uː	r iː v j uː d	s e ɪ d	0	1	0
random	ɡ o ʊ	w ɛ n t	ɡ o ʊ d	r iː k w a ɪ ɹ̩	r iː k w a ɪ ɹ̩ d	ɡ o ʊ d	0	1	0
random	h æ p ə n	h æ p ə n d	h æ p ə n d	m æ ɡ n ə f a ɪ	m æ ɡ n ə f a ɪ d	h æ p ə n d	1	1	1
random	k æ t͡ʃ	k ɔ t	k æ t͡ʃ t	b ɪ l ɔ ŋ	b ɪ l ɔ ŋ d	k æ t͡ʃ d	0	0	0
random	l ʌ v	l ʌ v d	l ʌ v d	p ʌ n ɪ ʃ	p ʌ n ɪ ʃ t	l ʌ v t	1	0	0
random	w ɹ̩ k	w ɹ̩ k t	w ɹ̩ k t	p a ʊ n s	p a ʊ n s t	w ɹ̩ k t	1	1	1
random	k ʌ t	k ʌ t	k ʌ t	s ə b t r æ k t	s ə b t r æ k t ə d	k ʌ t ə d	0	0	0
random	n iː d	n iː d ə d	n iː d ə d	s ɛ n d	s ɛ n t	n iː t	1	0	0
random	z ɪ p ɹ̩	z ɪ p ɹ̩ d	z ɪ p ɹ̩ d	t ɔ ɪ	t ɔ ɪ d	z ɪ p ɹ̩ d	1	1	1
random	b a ɪ	b ɔ t	b a ɪ d	m æ k s	m æ k s t	b a ɪ t	0	0	0
random	m iː t	m ɛ t	m iː t ə d	h ʌ n t	h ʌ n t ə d	m iː t ə d	0	1	0
random	m e ɪ l	m e ɪ l d	m e ɪ l d	m æ ʃ	m æ ʃ t	m e ɪ l t	1	0	0
random	t iː t͡ʃ	t ɔ t	t iː t͡ʃ t	l ɔ ɡ	l ɔ ɡ d	t iː t͡ʃ d	0	0	0
random	s p ɛ n d	s p ɛ n t	s p ɛ n d ə d	r ɛ k ə n	r ɛ k ə n d	s p ɛ n d d	0	0	0
random	h æ n d	h æ n d ə d	h æ n d ə d	m æ t ɹ̩	m æ t ɹ̩ d	h æ n d d	1	0	0
random	m ɛ r iː	m ɛ r iː d	m ɛ r iː d	p a ʊ n s	p a ʊ n s t	m ɛ r iː t	1	0	0
random	r ɛ d iː	r ɛ d iː d	r ɛ d iː d	s k ɛ r	s k ɛ r d	r ɛ d iː d	1	1	1
random	f l o ʊ t	f l o ʊ t ə d	f l o ʊ t ə d	ɪ k w e ɪ t	ɪ k w e ɪ t ə d	f l o ʊ t ə d	1	1	1
random	s k w ɹ̩ t	s k w ɹ̩ t ə d	s k w ɹ̩ t ə d	s m iː r	s m iː r d	s k w ɹ̩ t d	1	0	0
random	w ɔ k	w ɔ k t	w ɔ k t	t a ɪ t ə n	t a ɪ t ə n d	w ɔ k d	1	0	0
random	f ɪ k s	f ɪ k s t	f ɪ k s t	l iː k	l iː k t	f ɪ k s t	1	1	1
random	p r æ k t ɪ s	p r æ k t ɪ s t	p r æ k t ɪ s t	s ɪ m ɹ̩	s ɪ m ɹ̩ d	p r æ k t ɪ s d	1	0	0
random	k iː p	k ɛ p t	k iː p t	s p ɑː t	s p ɑː t ə d	k iː p ə d	0	0	0
random	n ɪ b ə l	n ɪ b ə l d	n ɪ b ə l d	ɡ æ ð ɹ̩	ɡ æ ð ɹ̩ d	n ɪ b ə l d	1	1	1
random	w uː	w uː d	w uː d	θ r ɛ d	θ r ɛ d ə d	w uː ə d	1	0	0
random	k ɪ l	k ɪ l d	k ɪ l d	ɪ ɡ z ɔ s t	ɪ ɡ z ɔ s t ə d	k ɪ l ə d	1	0	0
random	k æ r iː	k æ r iː d	k æ r iː d	p æ t	p æ t ə d	k æ r iː ə d	1	0	0
random	ɹ̩ n	ɹ̩ n d	ɹ̩ n d	m æ n ə d͡ʒ	m æ n ə d͡ʒ d	ɹ̩ n d	1	1	1
random	k ə l ɛ k t	k ə l ɛ k t ə d	k ə l ɛ k t ə d	ɡ ɛ t	ɡ ɑː t	NA	1	0	0
random	d æ n s	d æ n s t	d æ n s t	θ ɪ ŋ k	θ ɔ t	NA	1	0	0
random	d r ɔ	d r uː	d r ɔ r d	k l ɪ p	k l ɪ p t	d r ɔ t	0	0	0
random	p r a ɪ	p r a ɪ d	p r a ɪ d	ɪ r ʌ p t	ɪ r ʌ p t ə d	p r a ɪ ə d	1	0	0
random	ɪ n v a ɪ t	ɪ n v a ɪ t ə d	ɪ n v a ɪ t ə d	s ɹ̩ k ə l	s ɹ̩ k ə l d	ɪ n v a ɪ t d	1	0	0
random	r iː ə l a ɪ z	r iː ə l a ɪ z d	r iː ə l a ɪ z d	p r ɛ s	p r ɛ s t	r iː ə l a ɪ z t	1	0	0
random	d r ɛ s	d r ɛ s t	d r ɛ s t	a ɪ s	a ɪ s t	d r ɛ s t	1	1	1
random	t r æ n z m ɪ t	t r æ n z m ɪ t ə d	t r æ n z e ɪ t ə d	s n ʌ f	s n ʌ f t	t r æ n z m ɪ t t	1	0	0
random	ʃ uː	ʃ uː d	ʃ uː	m a ɪ n d	m a ɪ n d ə d	ʃ uː ə d	1	0	0
random	p iː s	p iː s t	p iː s t	ɪ l ɛ k t	ɪ l ɛ k t ə d	p iː s ə d	1	0	0
random	d ɛ r	d ɛ r d	d ɛ r d	w iː v	w iː v d	d ɛ r d	1	1	1
random	b ɪ l d	b ɪ l t	b ɪ l d ə d	l iː k	l iː k t	b ɪ l d t	0	0	0
random	w ɪ n	w ʌ n	w ɪ n d	s p r a ʊ t	s p r a ʊ t ə d	w ɪ n ə d	0	0	0
random	k l a ɪ m	k l a ɪ m d	k l a ɪ m d	ə f ɔ r d	ə f ɔ r d ə d	k l a ɪ m ə d	1	0	0
random	s t ʌ f	s t ʌ f t	s t ʌ f t	ɪ k s p æ n d	ɪ k s p æ n d ə d	s t ʌ f ə d	1	0	0
random	s t æ n d	s t ʊ d	s t æ n d ə d	w ɑː ʃ	w ɑː ʃ t	s t æ n d t	0	0	0
random	d a ɪ s	d a ɪ s t	d a ɪ s t	d ɪ s t r ʌ k t	d ɪ s t r ʌ k t ə d	d a ɪ s ə d	1	0	0
random	k o ʊ m	k o ʊ m d	k o ʊ m d	ə n a ʊ n s	ə n a ʊ n s t	k o ʊ m t	1	0	0
random	ɡ r o ʊ	ɡ r uː	ɡ r o ʊ d	s ɹ̩ k ə l	s ɹ̩ k ə l d	ɡ r o ʊ d	0	1	0
random	b ʌ t ɹ̩	b ʌ t ɹ̩ d	b ʌ t ɹ̩ d	ə t æ t͡ʃ	ə t æ t͡ʃ t	b ʌ t ɹ̩ t	1	0	0
random	ə p s ɛ t	ə p s ɛ t	ə p s ɛ t ə d	h ʌ f	h ʌ f t	ə p s ɛ t t	0	0	0
random	b ɑː r	b ɑː r d	b ɑː r d	b ʌ ɡ	b ʌ ɡ d	b ɑː r d	1	1	1
random	m ɪ k s	m ɪ k s t	m ɪ k s t	s ɪ p	s ɪ p t	m ɪ k s t	1	1	1
random	l ɹ̩ n	l ɹ̩ n d	l ɹ̩ n d	ɑː r ɡ j uː	ɑː r ɡ j uː d	l ɹ̩ n d	1	1	1
random	r æ t ə l	r æ t ə l d	r æ t ə l d	w ɔ n t	w ɔ n t ə d	r æ t ə l ə d	1	0	0
random	l uː z	l ɔ s t	l uː z d	ɪ s k e ɪ p	ɪ s k e ɪ p t	l uː z t	0	0	0
random	p ɔ r	p ɔ r d	p ɔ r d	h iː t	h iː t ə d	p ɔ r ə d	1	0	0
random	m æ n	m æ n d	m æ n d	r ʌ ʃ	r ʌ ʃ t	m æ n t	1	0	0
random	m æ t͡ʃ	m æ t͡ʃ t	m æ t͡ʃ t	b a ʊ	b a ʊ d	m æ t͡ʃ d	1	0	0
random	w ɑː n d ɹ̩	w ɑː n d ɹ̩ d	w ɑː n d ɹ̩ d	b ʌ d͡ʒ	b ʌ d͡ʒ d	w ɑː n d ɹ̩ d	1	1	1
random	r iː m a ɪ n d	r iː m a ɪ n d ə d	r iː m a ɪ n d ə d	k r ɛ s t	k r ɛ s t ə d	r iː m a ɪ n d ə d	1	1	1
random	s n ɪ f	s n ɪ f t	s n ɪ f t	æ k n ɑː l ɪ d͡ʒ	æ k n ɑː l ɪ d͡ʒ d	s n ɪ f d	1	0	0
random	p iː k	p iː k t	p iː k t	ɪ n v ɑː l v	ɪ n v ɑː l v d	p iː k d	1	0	0
random	p l iː z	p l iː z d	p l iː z d	ʃ ɑː k	ʃ ɑː k t	p l iː z t	1	0	0
random	b e ɪ k	b e ɪ k t	b e ɪ k t	l ɪ s t	l ɪ s t	b e ɪ k	1	0	0
random	r ɪ p	r ɪ p t	r ɪ p t	f ɔ r m	f ɔ r m d	r ɪ p d	1	0	0
random	t͡ʃ e ɪ n d͡ʒ	t͡ʃ e ɪ n d͡ʒ d	t͡ʃ e ɪ n d͡ʒ d	h ɪ t	h ɪ t	t͡ʃ e ɪ n d͡ʒ	1	0	0
random	ɔ r d ɹ̩	ɔ r d ɹ̩ d	ɔ r d ɹ̩ d	l ɑː b iː	l ɑː b iː d	ɔ r d ɹ̩ d	1	1	1
random	h o ʊ p	h o ʊ p t	h o ʊ p t	s ə p o ʊ z	s ə p o ʊ z d	h o ʊ p d	1	0	0
random	p ɛ p ɹ̩	p ɛ p ɹ̩ d	p ɛ p ɹ̩ d	k r æ ŋ k	k r æ ŋ k t	p ɛ p ɹ̩ t	1	0	0
random	m ʌ n t͡ʃ	m ʌ n t͡ʃ t	m ʌ n t͡ʃ t	k æ s t	k æ s t	m ʌ n t͡ʃ	1	0	0
random	p l æ s t ɹ̩	p l æ s t ɹ̩ d	p l æ s t ɹ̩ d	w ɪ l	w ɪ l d	p l æ s t ɹ̩ d	1	1	1
random	f a ɪ t	f ɔ t	f a ɪ t ə d	r ɪ l iː v	r ɪ l iː v d	f a ɪ t d	0	0	0
random	t r æ k	t r æ k t	t r æ k t	ɪ m p ɔ r t	ɪ m p ɔ r t ə d	t r æ k ə d	1	0	0
random	s o ʊ	s o ʊ d	s o ʊ d	t͡ʃ æ l ə n d͡ʒ	t͡ʃ æ l ə n d͡ʒ d	s o ʊ d	1	1	1
random	m ɛ l t	m ɛ l t ə d	m ɛ l t ə d	p l e ɪ	p l e ɪ d	m ɛ l t d	1	0	0
random	ɡ l ʌ v	ɡ l ʌ v d	ɡ l ʌ v d	p l e ɪ n	p l e ɪ n d	ɡ l ʌ v d	1	1	1
random	t͡ʃ ɑː r d͡ʒ	t͡ʃ ɑː r d͡ʒ d	t͡ʃ ɑː r d͡ʒ d	t͡ʃ uː z	t͡ʃ o ʊ z	NA	1	0	0
random	l ɪ k	l ɪ k t	l ɪ k t	b ʌ k ə l	b ʌ k ə l d	l ɪ k d	1	0	0
random	d ɪ l ɪ v ɹ̩	d ɪ l ɪ v ɹ̩ d	d ɪ l ɪ v ɹ̩ d	ɡ æ s p	ɡ æ s p t	d ɪ l ɪ v ɹ̩ t	1	0	0
random	b ʌ m p	b ʌ m p t	b ʌ m p t	k æ m p	k æ m p t	b ʌ m p t	1	1	1
random	a ɪ	a ɪ d	a ɪ d	ɪ n t͡ʃ	ɪ n t͡ʃ t	a ɪ t	1	0	0
random	k iː	k iː d	k iː d	s ə l ɛ k t	s ə l ɛ k t ə d	k iː ə d	1	0	0
random	s ɪ z ə l	s ɪ z ə l d	s ɪ z ə l d	r ɪ p iː t	r ɪ p iː t ə d	s ɪ z ə l ə d	1	0	0
random	ɪ r e ɪ s	ɪ r e ɪ s t	ɪ r e ɪ s t	s k w ɛ r	s k w ɛ r d	ɪ r e ɪ s d	1	0	0
random	s ɹ̩ a ʊ n d	s ɹ̩ a ʊ n d ə d	s ɹ̩ a ʊ n d ə d	r iː p ɔ r t	r iː p ɔ r t ə d	s ɹ̩ a ʊ n d ə d	1	1	1
random	s k ɪ p	s k ɪ p t	s k ɪ p t	b l ɛ n d	b l ɛ n d ə d	s k ɪ p ə d	1	0	0
random	d ɑː k t ɹ̩	d ɑː k t ɹ̩ d	d ɑː k t ɹ̩ d	ʃ ʊ ɡ ɹ̩	ʃ ʊ ɡ ɹ̩ d	d ɑː k t ɹ̩ d	1	1	1
random	s e ɪ l	s e ɪ l d	s e ɪ l d	p æ d	p æ d ə d	s e ɪ l ə d	1	0	0
random	ɪ n t ə r ɛ s t	ɪ n t ə r ɛ s t ə d	ɪ n t ə r s ɛ s t	ɪ k s ɛ p t	ɪ k s ɛ p t ə d	ɪ n t ə r ɛ s t ə d	1	0	1
random	t r e ɪ s	t r e ɪ s t	t r e ɪ s t	p ɛ n	p ɛ n d	t r e ɪ s d	1	0	0
random	a ɪ ɹ̩ n	a ɪ ɹ̩ n d	a ɪ ɹ̩ n d	b iː p	b iː p t	a ɪ ɹ̩ n t	1	0	0
random	iː v ɪ n	iː v ɪ n d	iː v d	b l o ʊ	b l uː	NA	1	0	0
random	k o ʊ k s	k o ʊ k s t	k o ʊ k s t	r iː s a ɪ k ə l	r iː s a ɪ k ə l d	k o ʊ k s d	1	0	0
random	z ɪ r ɑː k s	z ɪ r ɑː k s t	z ɪ r ɑː k s t	r ɪ ŋ	r æ ŋ	NA	1	0	0
random	b ɛ n d	b ɛ n d ə d	b ɛ n d ə d	ə p r iː ʃ iː e ɪ t	ə p r iː ʃ iː e ɪ t ə d	b ɛ n d ə d	1	1	1
random	p o ʊ z	p o ʊ z d	p o ʊ z d	ɪ l ə s t r e ɪ t	ɪ l ə s t r e ɪ t ə d	p o ʊ z ə d	1	0	0
random	p ɑː k ə t	p ɑː k ə t ə d	p ɑː k ə t ə d	t w ɪ t͡ʃ	t w ɪ t͡ʃ t	p ɑː k ə t t	1	0	0
random	f r a ɪ	f r a ɪ d	f r a ɪ d	ɡ ʌ ʃ	ɡ ʌ ʃ t	f r a ɪ t	1	0	0
random	h æ n d ə l	h æ n d ə l d	h æ n d ə l d	s p a ɪ	s p a ɪ d	h æ n d ə l d	1	1	1
random	ə s o ʊ s iː e ɪ t	ə s o ʊ s iː e ɪ t ə d	ə s ʊ s ə iː e ɪ t ə d	h æ t͡ʃ	h æ t͡ʃ t	ə s o ʊ s iː e ɪ t t	1	0	0
random	æ k t	æ k t ə d	æ k t ə d	s a ɪ	s a ɪ d	æ k t d	1	0	0
random	r iː m uː v	r iː m uː v d	r iː m uː v d	s æ n ɪ t a ɪ z	s æ n ɪ t a ɪ z d	r iː m uː v d	1	1	1
random	s l o ʊ	s l o ʊ d	s l o ʊ d	ɡ r æ b	ɡ r æ b d	s l o ʊ d	1	1	1
random	s t r æ p	s t r æ p t	s t r æ p t	ʃ a ɪ n	ʃ a ɪ n d	s t r æ p d	1	0	0
random	d r e ɪ n	d r e ɪ n d	d r e ɪ n d	ə ɡ r iː	ə ɡ r iː d	d r e ɪ n d	1	1	1
random	p ɛ ɡ	p ɛ ɡ d	p ɛ ɡ d	ɡ r ʌ m b ə l	ɡ r ʌ m b ə l d	p ɛ ɡ d	1	1	1
random	k ə m p l e ɪ n	k ə m p l e ɪ n d	k ə m p l e ɪ n d	ɛ m p t iː	ɛ m p t iː d	k ə m p l e ɪ n d	1	1	1
random	f ɛ n s	f ɛ n s t	f ɛ n s t	r ʌ n	r æ n	NA	1	0	0
random	k r iː e ɪ t	k r iː e ɪ t ə d	k r iː e ɪ t ə d	ɡ r e ɪ s	ɡ r e ɪ s t	k r iː e ɪ t t	1	0	0
random	f l ʌ ʃ	f l ʌ ʃ t	f l ʌ ʃ t	r ɪ k ɔ l	r ɪ k ɔ l d	f l ʌ ʃ d	1	0	0
random	ɡ ɑː r d	ɡ ɑː r d ə d	ɡ ɑː r d ə d	f l æ t ɹ̩	f l æ t ɹ̩ d	ɡ ɑː r d d	1	0	0
random	r ɪ ŋ k ə l	r ɪ ŋ k ə l d	r ɪ ŋ k ə l d	f ʌ s	f ʌ s t	r ɪ ŋ k ə l t	1	0	0
random	s w iː p	s w ɛ p t	s w iː p t	b ʌ b ə l	b ʌ b ə l d	s w iː p d	0	0	0
random	s k ɛ d͡ʒ ʊ l	s k ɛ d͡ʒ ʊ l d	s k ɛ d͡ʒ ʊ l d	d ʌ m p	d ʌ m p t	s k ɛ d͡ʒ ʊ l t	1	0	0
random	f ɹ̩ m ɛ n t	f ɹ̩ m ɛ n t ə d	f ɹ̩ m ɛ n t ə d	s ɪ v ə l a ɪ z	s ɪ v ə l a ɪ z d	f ɹ̩ m ɛ n t d	1	0	0
random	p ʌ z ə l	p ʌ z ə l d	p ʌ z ə l d	a ʊ t f ɪ t	a ʊ t f ɪ t ə d	p ʌ z ə l ə d	1	0	0
random	k l ɑː b ɹ̩	k l ɑː b ɹ̩ d	k l ɑː b ɹ̩ d	p ɪ k	p ɪ k t	k l ɑː b ɹ̩ t	1	0	0
random	d ɪ n a ɪ	d ɪ n a ɪ d	d ɪ n a ɪ d	k r ɔ s	k r ɔ s t	d ɪ n a ɪ t	1	0	0
random	e ɪ k	e ɪ k t	e ɪ k t	r ɪ p l a ɪ	r ɪ p l a ɪ d	e ɪ k d	1	0	0
random	l iː n	l iː n d	l iː n d	ə n l o ʊ d	ə n l o ʊ d ə d	l iː n ə d	1	0	0
random	ʃ ɪ v ɹ̩	ʃ ɪ v ɹ̩ d	ʃ ɪ v ɹ̩ d	s æ n d	s æ n d ə d	ʃ ɪ v ɹ̩ ə d	1	0	0
random	f l ʌ d	f l ʌ d ə d	f l ʌ d ə d	ə t ɛ m p t	ə t ɛ m p t ə d	f l ʌ d ə d	1	1	1
random	w ɪ s k	w ɪ s k t	w ɪ s k t	ə t æ t͡ʃ	ə t æ t͡ʃ t	w ɪ s k t	1	1	1
random	k ə n t r o ʊ l	k ə n t r o ʊ l d	k ə n t r o ʊ k ə l o ʊ n t ə d	l ɪ s ə n	l ɪ s ə n d	k ə n t r o ʊ l d	1	0	1
random	b ɑː t ə m	b ɑː t ə m d	b ɑː t ə m d	h ʌ ɡ	h ʌ ɡ d	b ɑː t ə m d	1	1	1
random	w ɔ r n	w ɔ r n d	w ɔ r n d	d iː æ k t ɪ v e ɪ t	d iː æ k t ɪ v e ɪ t ə d	w ɔ r n ə d	1	0	0
random	b ɛ r iː	b ɛ r iː d	b ɛ r iː d	r iː z ə n	r iː z ə n d	b ɛ r iː d	1	1	1
random	ɔ f ɹ̩	ɔ f ɹ̩ d	ɔ f ɹ̩ d	p ɪ n t͡ʃ	p ɪ n t͡ʃ t	ɔ f ɹ̩ t	1	0	0
random	b ɛ r	b o ʊ r	b ɛ r d	d a ɪ ə l	d a ɪ ə l d	b ɛ r d	0	1	0
random	s l ɪ p	s l ɪ p t	s l ɪ p t	s t ɔ k	s t ɔ k t	s l ɪ p t	1	1	1
random	t͡ʃ iː r	t͡ʃ iː r d	t͡ʃ iː r d	p ɑː r d ə n	p ɑː r d ə n d	t͡ʃ iː r d	1	1	1
random	r ɪ s k	r ɪ s k t	r ɪ s k t	h e ɪ t	h e ɪ t ə d	r ɪ s k ə d	1	0	0
random	p ɛ t	p ɛ t ə d	p ɛ t	l a ɪ n	l a ɪ n d	p ɛ t d	1	0	0
random	t r ʌ s t	t r ʌ s t ə d	t r ʌ s t ə d	k æ t ə l ɔ ɡ	k æ t ə l ɔ ɡ d	t r ʌ s t d	1	0	0
random	ɪ n s t r ʌ k t	ɪ n s t r ʌ k t ə d	ɪ n s t r ʌ k t ə d	t iː t ɹ̩	t iː t ɹ̩ d	ɪ n s t r ʌ k t d	1	0	0
random	t͡ʃ ɪ k ə n	t͡ʃ ɪ k ə n d	t͡ʃ ɪ k ə n d	b ɪ ɡ ɪ n	b ɪ ɡ æ n	NA	1	0	0
random	p r iː p ɛ r	p r iː p ɛ r d	p r iː p ɛ r d	r o ʊ l	r o ʊ l d	p r iː p ɛ r d	1	1	1
random	h æ m ɹ̩	h æ m ɹ̩ d	h æ m ɹ̩ d	h o ʊ l	h o ʊ l d	h æ m ɹ̩ d	1	1	1
random	s p r ɪ ŋ k ə l	s p r ɪ ŋ k ə l d	s p r æ ŋ k ə l d	ʃ r ɪ ŋ k	ʃ r æ ŋ k	NA	1	0	0
random	r ɛ s ə l	r ɛ s ə l d	r ɛ s ə l d	ɪ m æ d͡ʒ ə n	ɪ m æ d͡ʒ ə n d	r ɛ s ə l d	1	1	1
random	h ɛ m	h ɛ m d	h ɛ m d	ɡ ɪ ɡ ə l	ɡ ɪ ɡ ə l d	h ɛ m d	1	1	1
random	p l æ n	p l æ n d	p l æ n d	s p r ɛ d	s p r ɛ d	p l æ n	1	0	0
random	s t æ ʃ	s t æ ʃ t	s t æ ʃ t	k ə n d͡ʒ ɛ s t	k ə n d͡ʒ ɛ s t ə d	s t æ ʃ ə d	1	0	0
random	m ɑː r k	m ɑː r k t	m ɑː r k t	ɡ ɪ ɡ ə l	ɡ ɪ ɡ ə l d	m ɑː r k d	1	0	0
random	k e ɪ v	k e ɪ v d	k e ɪ v d	s æ k	s æ k t	k e ɪ v t	1	0	0
random	k ɹ̩ l	k ɹ̩ l d	k ɹ̩ l d	s t r ɪ ŋ	s t r ʌ ŋ	NA	1	0	0
random	p r e ɪ z	p r e ɪ z d	p r e ɪ z d	ɪ k s p ɛ r ə m ə n t	ɪ k s p ɛ r ə m ə n t ə d	p r e ɪ z ə d	1	0	0
random	d æ m	d æ m d	d æ m d	m ɪ n t	m ɪ n t ə d	d æ m ə d	1	0	0
random	f l ʌ t ɹ̩	f l ʌ t ɹ̩ d	f l ʌ t ɹ̩ d	l ɪ ŋ ɡ ɹ̩	l ɪ ŋ ɡ ɹ̩ d	f l ʌ t ɹ̩ d	1	1	1
random	b ɛ l t	b ɛ l t ə d	b ɛ l t ə d	d ɪ t æ t͡ʃ	d ɪ t æ t͡ʃ t	b ɛ l t t	1	0	0
random	b ɔ l	b ɔ l d	b ɔ l d	f l o ʊ	f l o ʊ d	b ɔ l d	1	1	1
random	s k æ l ə p	s k æ l ə p t	s k æ l ə p t	f l æ ʃ	f l æ ʃ t	s k æ l ə p t	1	1	1
random	k ə m p ɛ r	k ə m p ɛ r d	k ə m p ɛ r d	n ɑː k	n ɑː k t	k ə m p ɛ r t	1	0	0
random	b ɔ ɪ l	b ɔ ɪ l d	b ɔ ɪ l d	r iː b ɪ l d	r iː b ɪ l t	NA	1	0	0
random	s k æ n	s k æ n d	s k æ n d	ə w e ɪ t	ə w e ɪ t ə d	s k æ n ə d	1	0	0
random	r ɛ k ə m ɛ n d	r ɛ k ə m ɛ n d ə d	r ɛ k ə m ɛ n d	p æ s	p æ s t	r ɛ k ə m ɛ n d t	1	0	0
random	t o ʊ	t o ʊ d	t o ʊ d	k r a ʊ d	k r a ʊ d ə d	t o ʊ ə d	1	0	0
random	s t r ɛ s	s t r ɛ s t	s t r ɛ s t	f iː r	f iː r d	s t r ɛ s d	1	0	0
random	b æ n d	b æ n d ə d	b æ n d ə d	w ɹ̩ l	w ɹ̩ l d	b æ n d d	1	0	0
random	b o ʊ s t	b o ʊ s t ə d	b o ʊ s t ə d	p r iː z ɛ n t	p r iː z ɛ n t ə d	b o ʊ s t ə d	1	1	1
random	r ɛ s k j uː	r ɛ s k j uː d	r ɛ s k j uː d	t w ɪ ŋ k ə l	t w ɪ ŋ k ə l d	r ɛ s k j uː d	1	1	1
random	b ʌ s	b ʌ s t	b ʌ s t	f ʌ k	f ʌ k t	b ʌ s t	1	1	1
random	m ɑː r	m ɑː r d	m ɑː r d	w æ k	w æ k t	m ɑː r t	1	0	0
random	t ʌ m b ə l	t ʌ m b ə l d	t ʌ m b ə l d	k o ʊ ɔ r d ə n e ɪ t	k o ʊ ɔ r d ə n e ɪ t ə d	t ʌ m b ə l ə d	1	0	0
random	d ɪ s t r ɔ ɪ	d ɪ s t r ɔ ɪ d	d ɪ s t r ɔ r d	d ɪ s t r ʌ k t	d ɪ s t r ʌ k t ə d	d ɪ s t r ɔ ɪ ə d	1	0	0
random	w æ ɡ	w æ ɡ d	w æ ɡ d	s w ɪ m	s w æ m	NA	1	0	0
random	p a ʊ ɹ̩	p a ʊ ɹ̩ d	p a ʊ ɹ̩ d	r iː b a ʊ n d	r iː b a ʊ n d ə d	p a ʊ ɹ̩ ə d	1	0	0
random	b l iː t͡ʃ	b l iː t͡ʃ t	b l iː t͡ʃ t	b r ɪ ŋ	b r ɔ t	NA	1	0	0
random	t æ ŋ ɡ ə l	t æ ŋ ɡ ə l d	t æ ŋ ɡ ə l d	b ʌ d͡ʒ	b ʌ d͡ʒ d	t æ ŋ ɡ ə l d	1	1	1
random	n ɔ	n ɔ d	n ɔ n d	p æ t͡ʃ	p æ t͡ʃ t	n ɔ t	1	0	0
random	r o ʊ m	r o ʊ m d	r o ʊ m d	t uː n	t uː n d	r o ʊ m d	1	1	1
random	b l ɪ ŋ k	b l ɪ ŋ k t	b l ʌ ŋ k t	d ɑː n	d ɑː n d	b l ɪ ŋ k d	1	0	0
random	t w ɹ̩ l	t w ɹ̩ l d	t w ɹ̩ l d	t r ɪ m	t r ɪ m d	t w ɹ̩ l d	1	1	1
random	ə n b ʌ t ə n	ə n b ʌ t ə n d	ə n b ʌ t ə n d	d ɪ s t ɪ ŋ ɡ w ɪ ʃ	d ɪ s t ɪ ŋ ɡ w ɪ ʃ t	ə n b ʌ t ə n t	1	0	0
random	θ r ɛ t ə n	θ r ɛ t ə n d	θ r ɛ t ə n d	h æ t͡ʃ	h æ t͡ʃ t	θ r ɛ t ə n t	1	0	0
random	b ɛ l o ʊ	b ɛ l o ʊ d	b ɛ l o ʊ d	r ɪ d͡ʒ ɛ k t	r ɪ d͡ʒ ɛ k t ə d	b ɛ l o ʊ ə d	1	0	0
random	s p ɛ ʃ ə l a ɪ z	s p ɛ ʃ ə l a ɪ z d	s p ɛ ʃ ə l a ɪ z d	m e ɪ k	m e ɪ d	NA	1	0	0
random	ɪ n ɪ ʃ iː e ɪ t	ɪ n ɪ ʃ iː e ɪ t ə d	ɪ n ɪ ʃ iː e ɪ t ə d	m ɛ n d	m ɛ n d ə d	ɪ n ɪ ʃ iː e ɪ t ə d	1	1	1
random	p iː p	p iː p t	p iː p t	ʃ ʊ ɡ ɹ̩	ʃ ʊ ɡ ɹ̩ d	p iː p d	1	0	0
random	ʃ ʌ f ə l	ʃ ʌ f ə l d	ʃ ʌ f ə l d	s t ʌ n t	s t ʌ n t ə d	ʃ ʌ f ə l ə d	1	0	0
random	ɪ n f l uː ə n s	ɪ n f l uː ə n s t	ɪ n f l uː n s	s k uː p	s k uː p t	ɪ n f l uː ə n s t	1	0	1
random	d a ʊ n	d a ʊ n d	d a ʊ n d	b iː m	b iː m d	d a ʊ n d	1	1	1
random	d ɪ v ɛ l ə p	d ɪ v ɛ l ə p t	d ɪ v ɛ l ə p t	b æ r ə l	b æ r ə l d	d ɪ v ɛ l ə p d	1	0	0
random	s p e ɪ	s p e ɪ d	s p e ɪ d	p a ʊ t	p a ʊ t ə d	s p e ɪ ə d	1	0	0
random	r iː p l e ɪ s	r iː p l e ɪ s t	r iː p l e ɪ s t	m o ʊ n	m o ʊ n d	r iː p l e ɪ s d	1	0	0
random	s p ɔ ɪ l	s p ɔ ɪ l d	s p ɔ ɪ l d	ɪ n t ɹ̩ ʌ p t	ɪ n t ɹ̩ ʌ p t ə d	s p ɔ ɪ l ə d	1	0	0
random	l e ɪ b ə l	l e ɪ b ə l d	l e ɪ b ə l d	s k uː p	s k uː p t	l e ɪ b ə l t	1	0	0
random	d r ɪ b ə l	d r ɪ b ə l d	d r ɪ b ə l d	k ɑː ŋ k ɹ̩	k ɑː ŋ k ɹ̩ d	d r ɪ b ə l d	1	1	1
random	t͡ʃ æ n ə l	t͡ʃ æ n ə l d	t͡ʃ æ n ə l d	r ɪ w ɔ r d	r ɪ w ɔ r d ə d	t͡ʃ æ n ə l ə d	1	0	0
random	ɪ m p r uː v	ɪ m p r uː v d	ɪ m p r uː v d	t a ɪ t ə l	t a ɪ t ə l d	ɪ m p r uː v d	1	1	1
random	p r e ɪ	p r e ɪ d	p r e ɪ d	d r ɪ p	d r ɪ p t	p r e ɪ t	1	0	0
random	w ɛ t	w ɛ t	w ɛ t	ʃ ɪ f t	ʃ ɪ f t ə d	w ɛ t ə d	0	0	0
random	s t r e ɪ n	s t r e ɪ n d	s t r e ɪ n d	w iː	w iː d	s t r e ɪ n d	1	1	1
random	m ɑː r b ə l	m ɑː r b ə l d	m ɑː r b ə l d	r iː z ə n	r iː z ə n d	m ɑː r b ə l d	1	1	1
random	ʃ ɛ l	ʃ ɛ l d	ʃ ɛ l t	s iː t	s iː t ə d	ʃ ɛ l ə d	1	0	0
random	k o ʊ ɑː p ɹ̩ e ɪ t	k o ʊ ɑː p ɹ̩ e ɪ t ə d	k o ʊ p ɹ̩ e ɪ d	d͡ʒ ɔ ɪ n	d͡ʒ ɔ ɪ n d	k o ʊ ɑː p ɹ̩ e ɪ t d	1	0	0
random	ɡ r e ɪ t	ɡ r e ɪ t ə d	ɡ r e ɪ t ə d	p æ n	p æ n d	ɡ r e ɪ t d	1	0	0
random	f ɔ r m j ə l e ɪ t	f ɔ r m j ə l e ɪ t ə d	f ɔ r ə l ə l e ɪ t ə d	p r ɛ s	p r ɛ s t	f ɔ r m j ə l e ɪ t t	1	0	0
random	k æ n s ə l	k æ n s ə l d	k æ n s ə l d	ɑː r t ɪ k j ə l e ɪ t	ɑː r t ɪ k j ə l e ɪ t ə d	k æ n s ə l ə d	1	0	0
random	d ɪ s k ʌ v ɹ̩	d ɪ s k ʌ v ɹ̩ d	d ɪ s k ʌ v ɹ̩ d	s k ɹ̩ t	s k ɹ̩ t ə d	d ɪ s k ʌ v ɹ̩ ə d	1	0	0
random	ə m e ɪ z	ə m e ɪ z d	ə m e ɪ z d	ə b j uː z	ə b j uː z d	ə m e ɪ z d	1	1	1
random	f æ n s iː	f æ n s iː d	f æ n s iː d	s p ɑː r k ə l	s p ɑː r k ə l d	f æ n s iː d	1	1	1
random	æ n ə l a ɪ z	æ n ə l a ɪ z d	æ n ə n a ɪ z d	w a ɪ n d	w a ɪ n d ə d	æ n ə l a ɪ z ə d	1	0	0
random	t e ɪ l ɹ̩	t e ɪ l ɹ̩ d	t e ɪ l ɹ̩ d	b o ʊ l t	b o ʊ l t ə d	t e ɪ l ɹ̩ ə d	1	0	0
random	p ɑː r t͡ʃ	p ɑː r t͡ʃ t	p ɑː r t͡ʃ t	ɪ ɡ z æ m ɪ n	ɪ ɡ z æ m ɪ n d	p ɑː r t͡ʃ d	1	0	0
random	b ɪ d	b e ɪ d	b ɪ d ə d	k j ʊ r	k j ʊ r d	b ɪ d d	0	0	0
random	s o ʊ k	s o ʊ k t	s o ʊ k t	h o ʊ l	h o ʊ l d	s o ʊ k d	1	0	0
random	s uː	s uː d	s uː d	ə f ɛ k t	ə f ɛ k t ə d	s uː ə d	1	0	0
random	f æ n	f æ n d	f æ n d	d ɪ ʃ	d ɪ ʃ t	f æ n t	1	0	0
random	f r ɛ k ə l	f r ɛ k ə l d	f r ɛ k ə l d	s t ɑː p	s t ɑː p t	f r ɛ k ə l t	1	0	0
random	ə n d uː	ə n d ɪ d	ə n d uː d	f ɪ ŋ ɡ ɹ̩	f ɪ ŋ ɡ ɹ̩ d	ə n d uː d	0	1	0
random	θ ʌ m p	θ ʌ m p t	θ ʌ m p t	s p l æ ʃ	s p l æ ʃ t	θ ʌ m p t	1	1	1
random	w ɑː b ə l	w ɑː b ə l d	w ɑː b ə l d	b ɑː m	b ɑː m d	w ɑː b ə l d	1	1	1
random	ɡ r ɪ l	ɡ r ɪ l d	ɡ r ɪ l d	b ʌ k ə l	b ʌ k ə l d	ɡ r ɪ l d	1	1	1
random	ə s uː m	ə s uː m d	ə s uː m d	ə p l a ɪ	ə p l a ɪ d	ə s uː m d	1	1	1
random	z ɪ ɡ z æ ɡ	z ɪ ɡ z æ ɡ d	z ɪ ɡ z æ ɡ d	d a ɪ	d a ɪ d	z ɪ ɡ z æ ɡ d	1	1	1
random	p ɛ r ə ʃ uː t	p ɛ r ə ʃ uː t ə d	p ɛ r ə ʃ uː t ə d	h ɛ l p	h ɛ l p t	p ɛ r ə ʃ uː t t	1	0	0
random	ɛ ɡ	ɛ ɡ d	ɛ ɡ d	ə b z ɹ̩ v	ə b z ɹ̩ v d	ɛ ɡ d	1	1	1
random	l o ʊ k e ɪ t	l o ʊ k e ɪ t ə d	l o ʊ k e ɪ t ə d	b æ t	b æ t ə d	l o ʊ k e ɪ t ə d	1	1	1
random	n e ɪ l	n e ɪ l d	n e ɪ l d	s ɹ̩ k ə l	s ɹ̩ k ə l d	n e ɪ l d	1	1	1
random	f a ɪ n	f a ɪ n d	f a ɪ n d	k ɔ f	k ɔ f t	f a ɪ n t	1	0	0
random	ʃ r ɪ v ə l	ʃ r ɪ v ə l d	ʃ r ɪ v ə l d	v æ k j uː m	v æ k j uː m d	ʃ r ɪ v ə l d	1	1	1
random	t͡ʃ a ɪ m	t͡ʃ a ɪ m d	t͡ʃ a ɪ m d	l a ɪ	l e ɪ	NA	1	0	0
random	ɪ v æ p ɹ̩ e ɪ t	ɪ v æ p ɹ̩ e ɪ t ə d	ɪ v æ p ɹ̩ e ɪ t ə d	ʌ n d ɹ̩ ɛ s t ə m e ɪ t	ʌ n d ɹ̩ ɛ s t ə m e ɪ t ə d	ɪ v æ p ɹ̩ e ɪ t ə d	1	1	1
random	ɑː k j ə p a ɪ	ɑː k j ə p a ɪ d	ɑː r ə p j uː p t	ɡ r e ɪ d	ɡ r e ɪ d ə d	ɑː k j ə p a ɪ ə d	1	0	0
random	k l ɑː ɡ	k l ɑː ɡ d	k l ɑː ɡ d	p ɹ̩ s	p ɹ̩ s t	k l ɑː ɡ t	1	0	0
random	m æ p	m æ p t	m æ p t	d ɑː r t	d ɑː r t ə d	m æ p ə d	1	0	0
random	ɡ e ɪ z	ɡ e ɪ z d	ɡ e ɪ z d	m ɪ s	m ɪ s t	ɡ e ɪ z t	1	0	0
random	s k æ t ɹ̩	s k æ t ɹ̩ d	s k æ t ɹ̩ d	ɪ k s k l e ɪ m	ɪ k s k l e ɪ m d	s k æ t ɹ̩ d	1	1	1
random	s n ɑː r ə l	s n ɑː r ə l d	s n ɑː r ə l d	p e ɪ s t	p e ɪ s t ə d	s n ɑː r ə l ə d	1	0	0
random	f l e ɪ v ɹ̩	f l e ɪ v ɹ̩ d	f l e ɪ v ɹ̩ d	ɪ k s t ɛ n d	ɪ k s t ɛ n d ə d	f l e ɪ v ɹ̩ ə d	1	0	0
random	ɪ d͡ʒ ɛ k t	ɪ d͡ʒ ɛ k t ə d	ɪ d͡ʒ ɛ k t ə d	ɡ a ɪ d	ɡ a ɪ d ə d	ɪ d͡ʒ ɛ k t ə d	1	1	1
random	r iː æ k t	r iː æ k t ə d	r iː æ k t ə d	ɡ æ ð ɹ̩	ɡ æ ð ɹ̩ d	r iː æ k t d	1	0	0
random	s t e ɪ p ə l	s t e ɪ p ə l d	s t e ɪ p ə l d	w ɑː f ə l	w ɑː f ə l d	s t e ɪ p ə l d	1	1	1
random	ɪ k s p l o ʊ d	ɪ k s p l o ʊ d ə d	ɪ k s p l o ʊ k d	r ɪ t a ɪ ɹ̩	r ɪ t a ɪ ɹ̩ d	ɪ k s p l o ʊ d d	1	0	0
random	r ɪ z ɛ m b ə l	r ɪ z ɛ m b ə l d	r ɪ z ɛ m b ə l d	f l ɹ̩ ɪ ʃ	f l ɹ̩ ɪ ʃ t	r ɪ z ɛ m b ə l t	1	0	0
random	s w ɪ v ə l	s w ɪ v ə l d	s w ɪ v ə l d	k ʌ m	k e ɪ m	NA	1	0	0
random	w æ k s	w æ k s t	w æ k s t	r ɪ k w ɛ s t	r ɪ k w ɛ s t ə d	w æ k s ə d	1	0	0
random	s k r a ʊ n d͡ʒ	s k r a ʊ n d͡ʒ d	s k r a ʊ n d͡ʒ d	d ʌ s t	d ʌ s t ə d	s k r a ʊ n d͡ʒ ə d	1	0	0
random	ɔ r ɡ ə n a ɪ z	ɔ r ɡ ə n a ɪ z d	ɔ r ɡ ə n a ɪ z d	s t r ɪ p	s t r ɪ p t	ɔ r ɡ ə n a ɪ z t	1	0	0
random	d ɪ z a ɪ n	d ɪ z a ɪ n d	d ɪ z a ɪ n d	ɛ n t ɹ̩ t e ɪ n	ɛ n t ɹ̩ t e ɪ n d	d ɪ z a ɪ n d	1	1	1
random	e ɪ d͡ʒ	e ɪ d͡ʒ d	e ɪ d͡ʒ d	w ɪ ʃ	w ɪ ʃ t	e ɪ d͡ʒ t	1	0	0
random	k ɔ r n ɹ̩	k ɔ r n ɹ̩ d	k ɔ r n ɹ̩ d	f l ɹ̩ ɪ ʃ	f l ɹ̩ ɪ ʃ t	k ɔ r n ɹ̩ t	1	0	0
random	k ə n k l uː d	k ə n k l uː d ə d	k ə n k l uː d ə d	m ɪ s	m ɪ s t	k ə n k l uː d t	1	0	0
random	b iː f	b iː f t	b iː f t	ɑː r ɡ j uː	ɑː r ɡ j uː d	b iː f d	1	0	0
random	s p r ɪ ŋ	s p r æ ŋ	s p r ʌ ŋ	w a ɪ ɹ̩	w a ɪ ɹ̩ d	s p r ɪ ŋ d	0	0	0
random	t æ n	t æ n d	t æ n d	m ʌ d iː	m ʌ d iː d	t æ n d	1	1	1
random	t o ʊ n	t o ʊ n d	t o ʊ n d	s æ n ɪ t a ɪ z	s æ n ɪ t a ɪ z d	t o ʊ n d	1	1	1
random	ɪ n ɪ ʃ ə l	ɪ n ɪ ʃ ə l d	ɪ n ɪ ʃ ə l d	s k w ɛ r	s k w ɛ r d	ɪ n ɪ ʃ ə l d	1	1	1
random	s t r æ d ə l	s t r æ d ə l d	s t r æ d ə l d	n ɛ k	n ɛ k t	s t r æ d ə l t	1	0	0
random	ə r a ɪ z	ə r o ʊ z	ə r a ɪ z d	n ɑː d	n ɑː d ə d	ə r a ɪ z ə d	0	0	0
random	ɡ ʌ n	ɡ ʌ n d	ɡ ʌ n d	k r iː m	k r iː m d	ɡ ʌ n d	1	1	1
random	p ɪ t͡ʃ	p ɪ t͡ʃ t	p ɪ t͡ʃ t	s ɛ l	s o ʊ l d	NA	1	0	0
random	t æ t uː	t æ t uː d	t æ t uː d	b l æ k m e ɪ l	b l æ k m e ɪ l d	t æ t uː d	1	1	1
random	t r æ n z l e ɪ t	t r æ n z l e ɪ t ə d	t r æ n z l e ɪ t ə d	ɡ ʌ l p	ɡ ʌ l p t	t r æ n z l e ɪ t t	1	0	0
random	ɔ θ ɹ̩	ɔ θ ɹ̩ d	ɔ r ɹ̩ d	r o ʊ t e ɪ t	r o ʊ t e ɪ t ə d	ɔ θ ɹ̩ ə d	1	0	0
random	b æ s k	b æ s k t	b æ s k t	b l iː d	b l ɛ d	NA	1	0	0
random	ɪ r ɪ t e ɪ t	ɪ r ɪ t e ɪ t ə d	ɪ r ɪ t e ɪ t ə d	t a ɪ l	t a ɪ l d	ɪ r ɪ t e ɪ t d	1	0	0
random	ɡ a ʊ d͡ʒ	ɡ a ʊ d͡ʒ d	ɡ a ʊ d͡ʒ d	t͡ʃ o ʊ k	t͡ʃ o ʊ k t	ɡ a ʊ d͡ʒ t	1	0	0
random	s w e ɪ	s w e ɪ d	s w e ɪ d	s ɛ n d	s ɛ n t	NA	1	0	0
random	k ɑː n f ə s k e ɪ t	k ɑː n f ə s k e ɪ t ə d	k ɑː n s ə n s e ɪ t ə d	k ɑː k	k ɑː k t	k ɑː n f ə s k e ɪ t t	1	0	0
random	m ə n ɪ p j ə l e ɪ t	m ə n ɪ p j ə l e ɪ t ə d	m ɪ p j ə l ə l e ɪ t ə d	p r ɑː m p t	p r ɑː m p t ə d	m ə n ɪ p j ə l e ɪ t ə d	1	0	1
random	m j uː t ə l e ɪ t	m j uː t ə l e ɪ t ə d	m ə l ə l e ɪ l e ɪ t ə d	m a ɪ n d	m a ɪ n d ə d	m j uː t ə l e ɪ t ə d	1	0	1
random	k ə n f a ɪ n	k ə n f a ɪ n d	k ə n f a ɪ n d	s ɔ r t	s ɔ r t ə d	k ə n f a ɪ n ə d	1	0	0
random	b ʊ l d o ʊ z	b ʊ l d o ʊ z d	b ʊ l d o ʊ z d	r ɪ ŋ	r æ ŋ	NA	1	0	0
random	w iː n	w iː n d	w iː n d	ɪ k s t ɛ n d	ɪ k s t ɛ n d ə d	w iː n ə d	1	0	0
random	t ɑː p ə l	t ɑː p ə l d	t ɑː p ə l d	k ʌ m	k e ɪ m	NA	1	0	0
random	ə n k ʌ v ɹ̩	ə n k ʌ v ɹ̩ d	ə n k ʌ v ɹ̩ d	s uː t	s uː t ə d	ə n k ʌ v ɹ̩ ə d	1	0	0
random	v æ l j uː	v æ l j uː d	v æ l j uː d	ɪ k s ɛ p t	ɪ k s ɛ p t ə d	v æ l j uː ə d	1	0	0
random	o ʊ v ɹ̩ f l o ʊ	o ʊ v ɹ̩ f l o ʊ d	o ʊ v ɹ̩ f l o ʊ d	s t ʌ n t	s t ʌ n t ə d	o ʊ v ɹ̩ f l o ʊ ə d	1	0	0
random	t͡ʃ æ t	t͡ʃ æ t ə d	t͡ʃ æ t ə d	ɪ l ɛ k t	ɪ l ɛ k t ə d	t͡ʃ æ t ə d	1	1	1
random	b ʊ k	b ʊ k t	b ʊ k t	b ɑː r o ʊ	b ɑː r o ʊ d	b ʊ k d	1	0	0
random	t æ k ə l	t æ k ə l d	t æ k ə l d	ɪ m ə t e ɪ t	ɪ m ə t e ɪ t ə d	t æ k ə l ə d	1	0	0
random	ə t͡ʃ iː v	ə t͡ʃ iː v d	ə t͡ʃ iː v d	d r ɛ d	d r ɛ d ə d	ə t͡ʃ iː v ə d	1	0	0
random	s k r iː t͡ʃ	s k r iː t͡ʃ t	s k r iː t͡ʃ t	d æ ʃ	d æ ʃ t	s k r iː t͡ʃ t	1	1	1
random	p ɔ z	p ɔ z d	p ɔ z d	p r ɑː s ɛ s	p r ɑː s ɛ s t	p ɔ z t	1	0	0
random	s t o ʊ n	s t o ʊ n d	s t o ʊ n d	b æ t	b æ t ə d	s t o ʊ n ə d	1	0	0
random	ɪ n t ɹ̩ f ɪ r	ɪ n t ɹ̩ f ɪ r d	ɪ n t ɹ̩ f ɪ r d	d iː æ k t ɪ v e ɪ t	d iː æ k t ɪ v e ɪ t ə d	ɪ n t ɹ̩ f ɪ r ə d	1	0	0
random	k æ m ə f l ɑː ʒ	k æ m ə f l ɑː ʒ d	k æ m ə l ɑː l ɑː l ɑː l e ɪ t ə d	l ɪ ŋ ɡ ɹ̩	l ɪ ŋ ɡ ɹ̩ d	k æ m ə f l ɑː ʒ d	1	0	1
random	p ɹ̩ f ɛ k t	p ɹ̩ f ɛ k t ə d	p ɹ̩ f ɛ k t ə d	ə t ɛ n d	ə t ɛ n d ə d	p ɹ̩ f ɛ k t ə d	1	1	1
random	ɪ v æ l j uː e ɪ t	ɪ v æ l j uː e ɪ t ə d	ɪ v j æ l uː e ɪ t ə d	r ɪ p ɛ r	r ɪ p ɛ r d	ɪ v æ l j uː e ɪ t d	1	0	0
