neighbors	src	gold	pred	neighbor_src	neighbor_out	neighbor_gold	analogy	matches_pred	matches_gold	class_gold	class_pred	class_neighbor
model_sep	s p ɛ l	s p ɛ l d	s p ɛ l d	s m ɛ l	s m ɛ l d	s m ɛ l d	s p ɛ l d	1	1	reg_d	reg_d	reg_d
model_sep	d uː	d ɪ d	d	d ɪ ʃ	d ɪ ʃ t	d ɪ ʃ t	d uː t	0	0	vowel_change_suffix	other	reg_t
model_sep	m e ɪ k	m e ɪ d	m e ɪ k t	m a ɪ n	m a ɪ n d	m a ɪ n d	m e ɪ k d	0	0	coda_change	reg_t	reg_d
model_sep	ə p r iː ʃ iː e ɪ t	ə p r iː ʃ iː e ɪ t ə d	ə p r iː e ɪ e ɪ t ə d	ə s o ʊ s iː e ɪ t	ə s o ʊ s iː e ɪ t ə d	ə s o ʊ s iː e ɪ t ə d	ə p r iː ʃ iː e ɪ t ə d	0	1	reg_əd	other	reg_əd
model_sep	p e ɪ n t	p e ɪ n t ə d	p e ɪ n t ə d	p ɔ ɪ n t	p ɔ ɪ n t ə d	p ɔ ɪ n t ə d	p e ɪ n t ə d	1	1	reg_əd	reg_əd	reg_əd
model_sep	iː t	e ɪ t	iː d ə t ə t ə d ə d	b uː	b uː d	b uː d	iː t d	0	0	vowel_change	other	reg_d
model_sep	p ʊ t	p ʊ t	p ʊ t ə d	p ɑː t	p ɑː t ə d	p ɑː t ə d	p ʊ t ə d	1	0	no_change	reg_əd	reg_əd
model_sep	r ɪ m ɛ m b ɹ̩	r ɪ m ɛ m b ɹ̩ d	r ɪ m ɛ m ɛ b ɹ̩ d	r iː m a ɪ n d	r iː m a ɪ n d ə d	r iː m a ɪ n d ə d	r ɪ m ɛ m b ɹ̩ ə d	0	0	reg_d	other	reg_əd
model_sep	f ɪ k s	f ɪ k s t	f ɪ k s t	f ɪ l m	f ɪ l m d	f ɪ l m d	f ɪ k s d	0	0	reg_t	reg_t	reg_d
model_sep	t ɹ̩ n	t ɹ̩ n d	t ɹ̩ n d	t ɔ s	t ɔ s t	t ɔ s t	t ɹ̩ n t	0	0	reg_d	reg_d	reg_t
model_sep	f l a ɪ	f l uː	f l a ʊ d	f o ʊ n	f o ʊ n d	f o ʊ n d	f l a ɪ d	0	0	vowel_change	vowel_change_suffix	reg_d
model_sep	p ɪ k	p ɪ k t	p ɪ k t	p æ k	p æ k t	p æ k t	p ɪ k t	1	1	reg_t	reg_t	reg_t
model_sep	b ʌ m p	b ʌ m p t	b ʌ m p t	b ʊ t͡ʃ ɹ̩	b ʊ t͡ʃ ɹ̩ d	b ʊ t͡ʃ ɹ̩ d	b ʌ m p d	0	0	reg_t	reg_t	reg_d
model_sep	l o ʊ ɹ̩	l o ʊ ɹ̩ d	l o ʊ ɹ̩ d	l o ʊ d	l o ʊ d ə d	l o ʊ d ə d	l o ʊ ɹ̩ ə d	0	0	reg_d	reg_d	reg_əd
model_sep	s k r e ɪ p	s k r e ɪ p t	s k r e ɪ p t	s n ɑː r ə l	s n ɑː r ə l d	s n ɑː r ə l d	s k r e ɪ p d	0	0	reg_t	reg_t	reg_d
model_sep	d ɪ ŋ	d ɪ ŋ d	d ʌ ŋ	d ɛ r	d ɛ r d	d ɛ r d	d ɪ ŋ d	0	1	reg_d	vowel_change	reg_d
model_sep	h a ɪ d	h ɪ d	h a ɪ d ə d	h æ m ɹ̩	h æ m ɹ̩ d	h æ m ɹ̩ d	h a ɪ d d	0	0	vowel_change	reg_əd	reg_d
model_sep	p ɔ r	p ɔ r d	p ɔ r d	p ɪ t͡ʃ	p ɪ t͡ʃ t	p ɪ t͡ʃ t	p ɔ r t	0	0	reg_d	reg_d	reg_t
model_sep	k l iː n	k l iː n d	k l iː n d	k l æ p	k l æ p t	k l æ p t	k l iː n t	0	0	reg_d	reg_d	reg_t
model_sep	b a ɪ	b ɔ t	b a ɪ d	b ɛ t	b ɛ t	b ɛ t	b a ɪ	0	0	vowel_change_suffix	reg_d	no_change
model_sep	n æ p	n æ p t	n æ p t	n ɹ̩ s	n ɹ̩ s t	n ɹ̩ s t	n æ p t	1	1	reg_t	reg_t	reg_t
model_sep	n ɑː k	n ɑː k t	n ɑː k t	n ɪ t	n ɪ t ə d	n ɪ t ə d	n ɑː k ə d	0	0	reg_t	reg_t	reg_əd
model_sep	w e ɪ k	w o ʊ k	w e ɪ k t	w e ɪ t	w e ɪ t ə d	w e ɪ t ə d	w e ɪ k ə d	0	0	vowel_change	reg_t	reg_əd
model_sep	j uː z	j uː z d	j uː z d	j ɛ l	j ɛ l d	j ɛ l d	j uː z d	1	1	reg_d	reg_d	reg_d
model_sep	r ɪ ŋ	r æ ŋ	r æ ŋ	r iː d	r ɛ d	r ɛ d	NA	0	0	vowel_change	vowel_change	vowel_change
model_sep	r ʌ b	r ʌ b d	r æ b	r iː d	r ɛ d	r ɛ d	NA	0	0	reg_d	vowel_change	vowel_change
model_sep	l ɪ k	l ɪ k t	l ɪ k t	l ɑː k	l ɑː k t	l ɑː k t	l ɪ k t	1	1	reg_t	reg_t	reg_t
model_sep	d r ɑː p	d r ɑː p t	d r ɑː p t	d r a ɪ	d r a ɪ d	d r a ɪ d	d r ɑː p d	0	0	reg_t	reg_t	reg_d
model_sep	t ɔ k	t ɔ k t	t ɔ k t	t ɪ k	t ɪ k t	t ɪ k t	t ɔ k t	1	1	reg_t	reg_t	reg_t
model_sep	ʃ ʌ v	ʃ ʌ v d	ʃ ʌ v d	ʃ ɛ d	ʃ ɛ d ə d	ʃ ɛ d ə d	ʃ ʌ v ə d	0	0	reg_d	reg_d	reg_əd
model_sep	l ɪ s ə n	l ɪ s ə n d	l ɪ s ə n d	l a ɪ v	l a ɪ v d	l a ɪ v d	l ɪ s ə n d	1	1	reg_d	reg_d	reg_d
model_sep	m ɛ r iː	m ɛ r iː d	m ɛ r iː d	m ɑː r k	m ɑː r k t	m ɑː r k t	m ɛ r iː t	0	0	reg_d	reg_d	reg_t
model_sep	b ɑː r k	b ɑː r k t	b ɑː r k t	b r ʌ ʃ	b r ʌ ʃ t	b r ʌ ʃ t	b ɑː r k t	1	1	reg_t	reg_t	reg_t
model_sep	p l iː d	p l iː d ə d	p l iː d ə d	p l iː z	p l iː z d	p l iː z d	p l iː d d	0	0	reg_əd	reg_əd	reg_d
model_sep	s p ɛ n d	s p ɛ n t	s p ɛ n d ə d	s l a ɪ d	s l a ɪ d ə d	s l ɪ d	s p ɛ n d ə d	1	0	coda_change	reg_əd	reg_əd
model_sep	h æ ŋ	h ʌ ŋ	h æ ŋ d	h iː t	h iː t ə d	h iː t ə d	h æ ŋ ə d	0	0	vowel_change	reg_d	reg_əd
model_sep	f a ɪ ɹ̩	f a ɪ ɹ̩ d	f a ɪ ɹ̩ d	f l ɪ p	f l ɪ p t	f l ɪ p t	f a ɪ ɹ̩ t	0	0	reg_d	reg_d	reg_t
model_sep	b a ɪ t	b ɪ t	b a ɪ t	b e ɪ k	b e ɪ k t	b e ɪ k t	b a ɪ t t	0	0	vowel_change	no_change	reg_t
model_sep	w ɔ r m	w ɔ r m d	w ɔ r m d	w ɔ n t	w ɔ n t ə d	w ɔ n t ə d	w ɔ r m ə d	0	0	reg_d	reg_d	reg_əd
model_sep	k ə n ɛ k t	k ə n ɛ k t ə d	k ə n ɛ n t ə d	k ə m p iː t	k ə m p iː t ə d	k ə m p iː t ə d	k ə n ɛ k t ə d	0	1	reg_əd	other	reg_əd
model_sep	s p r ɛ d	s p r ɛ d	s p r ɛ d ə d	s l a ɪ d	s l a ɪ d ə d	s l ɪ d	s p r ɛ d ə d	1	0	no_change	reg_əd	reg_əd
model_sep	s k w iː z	s k w iː z d	s k w iː z d	s p ɔ r t	s p ɔ r t ə d	s p ɔ r t ə d	s k w iː z ə d	0	0	reg_d	reg_d	reg_əd
model_sep	ɪ r e ɪ s	ɪ r e ɪ s t	ɪ r e ɪ s t	ɪ ɡ n ɔ r	ɪ ɡ n ɔ r d	ɪ ɡ n ɔ r d	ɪ r e ɪ s d	0	0	reg_t	reg_t	reg_d
model_sep	t a ɪ m	t a ɪ m d	t a ɪ m d	t a ɪ ɹ̩	t a ɪ ɹ̩ d	t a ɪ ɹ̩ d	t a ɪ m d	1	1	reg_d	reg_d	reg_d
model_sep	p ɪ k t͡ʃ ɹ̩	p ɪ k t͡ʃ ɹ̩ d	p t	p l æ n t	p l æ n t ə d	p l æ n t ə d	p ɪ k t͡ʃ ɹ̩ ə d	0	0	reg_d	other	reg_əd
model_sep	k æ r iː	k æ r iː d	k æ r iː d	k ɑː p iː	k ɑː p iː d	k ɑː p iː d	k æ r iː d	1	1	reg_d	reg_d	reg_d
model_sep	k ɪ s	k ɪ s t	k ɪ s t	k æ t͡ʃ	k ɔ t	k ɔ t	NA	0	0	reg_t	reg_t	rhyme_replaced
model_sep	r ɪ p l a ɪ	r ɪ p l a ɪ d	r ɪ p l a ɪ d	r ə f j uː z	r ə f j uː z d	r ə f j uː z d	r ɪ p l a ɪ d	1	1	reg_d	reg_d	reg_d
model_sep	h ɹ̩ iː	h ɹ̩ iː d	h ɹ̩ iː d	h ɪ t	h ɪ t	h ɪ t	h ɹ̩ iː	0	0	reg_d	reg_d	no_change
model_sep	l o ʊ n	l o ʊ n d	l o ʊ n d	l o ʊ d	l o ʊ d ə d	l o ʊ d ə d	l o ʊ n ə d	0	0	reg_d	reg_d	reg_əd
model_sep	r ɪ d	r ɪ d	r æ d	r iː d	r ɛ d	r ɛ d	NA	0	0	no_change	vowel_change	vowel_change
model_sep	h e ɪ t	h e ɪ t ə d	h e ɪ t ə d	h æ m ɹ̩	h æ m ɹ̩ d	h æ m ɹ̩ d	h e ɪ t d	0	0	reg_əd	reg_əd	reg_d
model_sep	s t ɪ ŋ k	s t ʌ ŋ k	s t ʌ ŋ k t	s t a ɪ l	s t a ɪ l d	s t a ɪ l d	s t ɪ ŋ k d	0	0	vowel_change	vowel_change_suffix	reg_d
model_sep	s t ɪ l	s t ɪ l d	s t ʌ l d	s t ɪ ŋ	s t ʌ ŋ	s t ʌ ŋ	NA	0	0	reg_d	vowel_change_suffix	vowel_change
model_sep	ɡ r æ b	ɡ r æ b d	ɡ r æ b d	ɡ r o ʊ	ɡ r uː	ɡ r uː	NA	0	0	reg_d	reg_d	vowel_change
model_sep	k ʊ k	k ʊ k t	k ʊ k t	k ɪ k	k ɪ k t	k ɪ k t	k ʊ k t	1	1	reg_t	reg_t	reg_t
model_sep	v o ʊ t	v o ʊ t ə d	v o ʊ t ə d	v ɪ z ɪ t	v ɪ z ɪ t ə d	v ɪ z ɪ t ə d	v o ʊ t ə d	1	1	reg_əd	reg_əd	reg_əd
model_sep	k l iː r	k l iː r d	k l iː r d	k l æ p	k l æ p t	k l æ p t	k l iː r t	0	0	reg_d	reg_d	reg_t
model_sep	s t e ɪ b ə l a ɪ z	s t e ɪ b ə l a ɪ z d	s t ə d	s ɔ	s ɔ d	s ɔ d	s t e ɪ b ə l a ɪ z d	0	1	reg_d	other	reg_d
model_sep	b iː t	b iː t	b iː t ə d	b ɛ t	b ɛ t	b ɛ t	b iː t	0	1	no_change	reg_əd	no_change
model_sep	w iː l	w iː l d	w ɛ l t	w ɪ l	w ɪ l d	w ɪ l d	w iː l d	0	1	reg_d	vowel_change_suffix	reg_d
model_sep	k ɑː s t	k ɑː s t	k ɑː s t ə d	k æ s t	k æ s t	k æ s t	k ɑː s t	0	1	no_change	reg_əd	no_change
model_sep	p æ s	p æ s t	p æ s t	p ɪ t͡ʃ	p ɪ t͡ʃ t	p ɪ t͡ʃ t	p æ s t	1	1	reg_t	reg_t	reg_t
model_sep	iː v ɪ n	iː v ɪ n d	iː v ɪ v d	b ɑː ð ɹ̩	b ɑː ð ɹ̩ d	b ɑː ð ɹ̩ d	iː v ɪ n d	0	1	reg_d	coda_change	reg_d
model_sep	p l ɑː p	p l ɑː p t	p l ɑː p t	p l a ʊ	p l a ʊ d	p l a ʊ d	p l ɑː p d	0	0	reg_t	reg_t	reg_d
model_sep	w ɛ l k ə m	w ɛ l k ə m d	w k t ə k w d	w ɪ s ə l	w ɪ s ə l d	w ɪ s ə l d	w ɛ l k ə m d	0	1	reg_d	other	reg_d
model_sep	b ɪ h e ɪ v	b ɪ h e ɪ v d	b ɪ h e ɪ v d	b æ l ə n s	b æ l ə n s t	b æ l ə n s t	b ɪ h e ɪ v t	0	0	reg_d	reg_d	reg_t
model_sep	m ɪ l k	m ɪ l k t	m ɪ l k t	m ɪ k s	m ɪ k s t	m ɪ k s t	m ɪ l k t	1	1	reg_t	reg_t	reg_t
model_sep	b ɔ r d ɹ̩	b ɔ r d ɹ̩ d	b ɔ r d ɹ̩ d	b ɑː r o ʊ	b ɑː r o ʊ d	b ɑː r o ʊ d	b ɔ r d ɹ̩ d	1	1	reg_d	reg_d	reg_d
model_sep	æ k t	æ k t ə d	æ k t	æ s k	æ s k t	æ s k t	æ k t t	0	0	reg_əd	no_change	reg_t
model_sep	f a ɪ t	f ɔ t	f a ɪ t	f l ɪ p	f l ɪ p t	f l ɪ p t	f a ɪ t t	0	0	vowel_change	no_change	reg_t
model_sep	w a ɪ p	w a ɪ p t	w a ɪ p t	w a ɪ ɹ̩	w a ɪ ɹ̩ d	w a ɪ ɹ̩ d	w a ɪ p d	0	0	reg_t	reg_t	reg_d
model_sep	p ɹ̩ f ɛ k t	p ɹ̩ f ɛ k t ə d	p ɹ̩ f ɹ̩ k t ə d	p r ɑː m ə s	p r ɑː m ə s t	p r ɑː m ə s t	p ɹ̩ f ɛ k t t	0	0	reg_əd	other	reg_t
model_sep	r ɪ l a ɪ	r ɪ l a ɪ d	r ɪ l a ɪ d	r ɪ t ɹ̩ n	r ɪ t ɹ̩ n d	r ɪ t ɹ̩ n d	r ɪ l a ɪ d	1	1	reg_d	reg_d	reg_d
model_sep	t͡ʃ ɑː p	t͡ʃ ɑː p t	t͡ʃ ɑː p t	t͡ʃ ɪ p	t͡ʃ ɪ p t	t͡ʃ ɪ p t	t͡ʃ ɑː p t	1	1	reg_t	reg_t	reg_t
model_sep	ʃ a ʊ t	ʃ a ʊ t ə d	ʃ a ʊ t ə d	ʃ ɪ v ɹ̩	ʃ ɪ v ɹ̩ d	ʃ ɪ v ɹ̩ d	ʃ a ʊ t d	0	0	reg_əd	reg_əd	reg_d
model_sep	b ɪ z iː	b ɪ z iː d	b ɪ z iː d	b ɪ l d	b ɪ l t	b ɪ l t	NA	0	0	reg_d	reg_d	coda_change
model_sep	p ʌ m p	p ʌ m p t	p ʌ m p t	p ʌ n t͡ʃ	p ʌ n t͡ʃ t	p ʌ n t͡ʃ t	p ʌ m p t	1	1	reg_t	reg_t	reg_t
model_sep	d r ɪ b ə l	d r ɪ b ə l d	d r ɪ b ə l d	d ɪ l ɪ v ɹ̩	d ɪ l ɪ v ɹ̩ d	d ɪ l ɪ v ɹ̩ d	d r ɪ b ə l d	1	1	reg_d	reg_d	reg_d
model_sep	ɡ ɑː b ə l	ɡ ɑː b ə l d	ɡ ɑː b ə l d	ɡ r a ʊ l	ɡ r a ʊ l d	ɡ r a ʊ l d	ɡ ɑː b ə l d	1	1	reg_d	reg_d	reg_d
model_sep	ə p r o ʊ p r iː e ɪ t	ə p r o ʊ p r iː e ɪ t ə d	ə p r d	ə n d ɹ̩ s t æ n d	ə n d ɹ̩ s t ʊ d	ə n d ɹ̩ s t ʊ d	NA	0	0	reg_əd	other	rhyme_replaced
model_sep	s l æ p	s l æ p t	s l æ p t	s l æ m	s l æ m d	s l æ m d	s l æ p d	0	0	reg_t	reg_t	reg_d
model_sep	p r ə t ɛ k t	p r ə t ɛ k t ə d	p r ə t ɛ k t ə d	p r iː t ɛ n d	p r iː t ɛ n d ə d	p r iː t ɛ n d ə d	p r ə t ɛ k t ə d	1	1	reg_əd	reg_əd	reg_əd
model_sep	b æ k	b æ k t	b æ k t	b æ ŋ	b æ ŋ d	b æ ŋ d	b æ k d	0	0	reg_t	reg_t	reg_d
model_sep	ɪ k s ɛ p t	ɪ k s ɛ p t ə d	ɪ k s ɛ k t ə d	ɪ n k l uː d	ɪ n k l uː d ə d	ɪ n k l uː d ə d	ɪ k s ɛ p t ə d	0	1	reg_əd	other	reg_əd
model_sep	h ʌ ɡ	h ʌ ɡ d	h ʌ ɡ d	h æ t͡ʃ	h æ t͡ʃ t	h æ t͡ʃ t	h ʌ ɡ t	0	0	reg_d	reg_d	reg_t
model_sep	f r a ɪ	f r a ɪ d	f r a ʊ d	f o ʊ n	f o ʊ n d	f o ʊ n d	f r a ɪ d	0	1	reg_d	vowel_change_suffix	reg_d
model_sep	r ɔ r	r ɔ r d	r ɔ r d	r iː t͡ʃ	r iː t͡ʃ t	r iː t͡ʃ t	r ɔ r t	0	0	reg_d	reg_d	reg_t
model_sep	p r e ɪ	p r e ɪ d	p r e ɪ d	p l e ɪ	p l e ɪ d	p l e ɪ d	p r e ɪ d	1	1	reg_d	reg_d	reg_d
model_sep	s m æ k	s m æ k t	s m æ k t	s m æ ʃ	s m æ ʃ t	s m æ ʃ t	s m æ k t	1	1	reg_t	reg_t	reg_t
model_sep	w ɔ t ɹ̩	w ɔ t ɹ̩ d	w ɔ t ɹ̩ d	w ɔ n t	w ɔ n t ə d	w ɔ n t ə d	w ɔ t ɹ̩ ə d	0	0	reg_d	reg_d	reg_əd
model_sep	s k w ɹ̩ t	s k w ɹ̩ t ə d	s k w ɹ̩ t ə d	s k w ɑː ʃ	s k w ɑː ʃ t	s k w ɑː ʃ t	s k w ɹ̩ t t	0	0	reg_əd	reg_əd	reg_t
model_sep	l a ɪ t	l ɪ t	l a ɪ t	l a ɪ v	l a ɪ v d	l a ɪ v d	l a ɪ t d	0	0	vowel_change	no_change	reg_d
model_sep	f l ʌ ʃ	f l ʌ ʃ t	f l ʌ ʃ t	f l æ p	f l æ p t	f l æ p t	f l ʌ ʃ t	1	1	reg_t	reg_t	reg_t
model_sep	p ɛ t	p ɛ t ə d	p ɛ t	p æ t	p æ t ə d	p æ t ə d	p ɛ t ə d	0	1	reg_əd	no_change	reg_əd
model_sep	s e ɪ l	s e ɪ l d	s e ɪ l d	s e ɪ v	s e ɪ v d	s e ɪ v d	s e ɪ l d	1	1	reg_d	reg_d	reg_d
model_sep	m æ n ə d͡ʒ	m æ n ə d͡ʒ d	m æ n ə d͡ʒ d	m a ɪ n d	m a ɪ n d ə d	m a ɪ n d ə d	m æ n ə d͡ʒ ə d	0	0	reg_d	reg_d	reg_əd
model_sep	ə n f o ʊ l d	ə n f o ʊ l d ə d	ə n o ʊ l iː l d	ə s o ʊ s iː e ɪ t	ə s o ʊ s iː e ɪ t ə d	ə s o ʊ s iː e ɪ t ə d	ə n f o ʊ l d ə d	0	1	reg_əd	other	reg_əd
model_sep	k ɪ d	k ɪ d ə d	k ɪ d	k ɑː z	k ɑː z d	k ɑː z d	k ɪ d d	0	0	reg_əd	no_change	reg_d
model_sep	s p a ɪ k	s p a ɪ k t	s p a ɪ k	s m a ɪ l	s m a ɪ l d	s m a ɪ l d	s p a ɪ k d	0	0	reg_t	no_change	reg_d
model_sep	p iː s	p iː s t	p iː s t	p ɪ t͡ʃ	p ɪ t͡ʃ t	p ɪ t͡ʃ t	p iː s t	1	1	reg_t	reg_t	reg_t
model_sep	p ɛ r	p ɛ r d	p ɛ r d	p ɪ t͡ʃ	p ɪ t͡ʃ t	p ɪ t͡ʃ t	p ɛ r t	0	0	reg_d	reg_d	reg_t
model_sep	s w ɑː l o ʊ	s w ɑː l o ʊ d	s w ɑː l o ʊ l d	s n ɑː r ə l	s n ɑː r ə l d	s n ɑː r ə l d	s w ɑː l o ʊ d	0	1	reg_d	coda_change	reg_d
model_sep	s p æ ŋ k	s p æ ŋ k t	s p æ ŋ k	s p ɔ r t	s p ɔ r t ə d	s p ɔ r t ə d	s p æ ŋ k ə d	0	0	reg_t	no_change	reg_əd
model_sep	k r ɔ l	k r ɔ l d	k r ɔ l d	k r ɔ s	k r ɔ s t	k r ɔ s t	k r ɔ l t	0	0	reg_d	reg_d	reg_t
model_sep	r ɑː b	r ɑː b d	r ɑː b d	r iː d	r ɛ d	r ɛ d	NA	0	0	reg_d	reg_d	vowel_change
model_sep	s l ɪ p	s l ɪ p t	s l ɪ p t	s a ɪ d	s a ɪ d ə d	s a ɪ d ə d	s l ɪ p ə d	0	0	reg_t	reg_t	reg_əd
model_sep	z ɪ p ɹ̩	z ɪ p ɹ̩ d	z ɪ p ɹ̩ d	z ɪ p	z ɪ p t	z ɪ p t	z ɪ p ɹ̩ t	0	0	reg_d	reg_d	reg_t
model_sep	r ʌ ʃ	r ʌ ʃ t	r æ ʃ t	r iː t͡ʃ	r iː t͡ʃ t	r iː t͡ʃ t	r ʌ ʃ t	0	1	reg_t	vowel_change_suffix	reg_t
model_sep	f r a ɪ t ə n	f r a ɪ t ə n d	f r a ɪ t ə d	f l a ʊ n d ɹ̩	f l a ʊ n d ɹ̩ d	f l a ʊ n d ɹ̩ d	f r a ɪ t ə n d	0	1	reg_d	coda_change	reg_d
model_sep	s ə l ɛ k t	s ə l ɛ k t ə d	s ə l ɛ k t ə d	s ə d͡ʒ ɛ s t	s ə d͡ʒ ɛ s t ə d	s ə d͡ʒ ɛ s t ə d	s ə l ɛ k t ə d	1	1	reg_əd	reg_əd	reg_əd
model_sep	k ɔ f	k ɔ f t	k ɔ f t	k æ t͡ʃ	k ɔ t	k ɔ t	NA	0	0	reg_t	reg_t	rhyme_replaced
model_sep	d ʌ ŋ k	d ʌ ŋ k t	d ʌ ŋ k t	d æ n s	d æ n s t	d æ n s t	d ʌ ŋ k t	1	1	reg_t	reg_t	reg_t
model_sep	b æ n d ɪ d͡ʒ	b æ n d ɪ d͡ʒ d	b æ n d ɪ d͡ʒ d	b æ l ə n s	b æ l ə n s t	b æ l ə n s t	b æ n d ɪ d͡ʒ t	0	0	reg_d	reg_d	reg_t
model_sep	w ɪ ŋ	w ɪ ŋ d	w ʌ ŋ	w ɛ t	w ɛ t	w ɛ t	w ɪ ŋ	0	0	reg_d	vowel_change	no_change
model_sep	t͡ʃ ɪ k ə n	t͡ʃ ɪ k ə n d	t͡ʃ ɪ k ə n d	t͡ʃ e ɪ n d͡ʒ	t͡ʃ e ɪ n d͡ʒ d	t͡ʃ e ɪ n d͡ʒ d	t͡ʃ ɪ k ə n d	1	1	reg_d	reg_d	reg_d
model_sep	m e ɪ l	m e ɪ l d	m e ɪ l d	m a ɪ n	m a ɪ n d	m a ɪ n d	m e ɪ l d	1	1	reg_d	reg_d	reg_d
model_sep	b ʌ d͡ʒ	b ʌ d͡ʒ d	b ʌ d͡ʒ d	b ʌ ɡ	b ʌ ɡ d	b ʌ ɡ d	b ʌ d͡ʒ d	1	1	reg_d	reg_d	reg_d
model_sep	w ɔ r n	w ɔ r n d	w ɔ r n d	w ɔ n t	w ɔ n t ə d	w ɔ n t ə d	w ɔ r n ə d	0	0	reg_d	reg_d	reg_əd
model_sep	b ʌ k ə l	b ʌ k ə l d	b ʌ k ə l d	b ɪ k ʌ m	b ɪ k e ɪ m	b ɪ k e ɪ m	NA	0	0	reg_d	reg_d	vowel_change
model_sep	t iː t ɹ̩	t iː t ɹ̩ d	t iː t ɹ̩ d	t r ʌ k	t r ʌ k t	t r ʌ k t	t iː t ɹ̩ t	0	0	reg_d	reg_d	reg_t
model_sep	s w ɪ ʃ	s w ɪ ʃ t	s w ɪ ʃ t	s w ɪ t͡ʃ	s w ɪ t͡ʃ t	s w ɪ t͡ʃ t	s w ɪ ʃ t	1	1	reg_t	reg_t	reg_t
model_sep	ʃ ʌ v ə l	ʃ ʌ v ə l d	ʃ ʌ v ə l d	ʃ a ɪ n	ʃ a ɪ n d	ʃ a ɪ n d	ʃ ʌ v ə l d	1	1	reg_d	reg_d	reg_d
model_sep	ɛ n t ɹ̩	ɛ n t ɹ̩ d	ɛ n t ɹ̩ d	ɛ m p t iː	ɛ m p t iː d	ɛ m p t iː d	ɛ n t ɹ̩ d	1	1	reg_d	reg_d	reg_d
model_sep	ɡ r æ v ə t e ɪ t	ɡ r æ v ə t e ɪ t ə d	ɡ r æ v ə t e ɪ t ə d	ɡ r æ d͡ʒ ə w e ɪ t	ɡ r æ d͡ʒ ə w e ɪ t ə d	ɡ r æ d͡ʒ ə w e ɪ t ə d	ɡ r æ v ə t e ɪ t ə d	1	1	reg_əd	reg_əd	reg_əd
model_sep	n o ʊ t	n o ʊ t ə d	n o ʊ t ə d	n a ɪ f	n a ɪ f t	n a ɪ f t	n o ʊ t t	0	0	reg_əd	reg_əd	reg_t
model_sep	k r ʌ ʃ	k r ʌ ʃ t	k r ʌ ʃ t	k r a ɪ	k r a ɪ d	k r a ɪ d	k r ʌ ʃ d	0	0	reg_t	reg_t	reg_d
model_sep	s w ɑː p	s w ɑː p t	s w ɑː p t	s l æ m	s l æ m d	s l æ m d	s w ɑː p d	0	0	reg_t	reg_t	reg_d
model_sep	ə p s ɛ t	ə p s ɛ t	ə p s ɛ t ə d	ə p r uː v	ə p r uː v d	ə p r uː v d	ə p s ɛ t d	0	0	no_change	reg_əd	reg_d
model_sep	s iː s ɔ	s iː s ɔ d	s iː s iː d	s l æ m	s l æ m d	s l æ m d	s iː s ɔ d	0	1	reg_d	vowel_change_suffix	reg_d
model_sep	m ɛ r ɪ t	m ɛ r ɪ t ə d	m ɛ r æ t ə d	m a ɪ n d	m a ɪ n d ə d	m a ɪ n d ə d	m ɛ r ɪ t ə d	0	1	reg_əd	other	reg_əd
model_sep	k ə l ɛ k t	k ə l ɛ k t ə d	k ə l ɛ k t ə d	k ə m p iː t	k ə m p iː t ə d	k ə m p iː t ə d	k ə l ɛ k t ə d	1	1	reg_əd	reg_əd	reg_əd
model_sep	b e ɪ ð	b e ɪ ð d	b e ɪ ð d	b e ɪ k	b e ɪ k t	b e ɪ k t	b e ɪ ð t	0	0	reg_d	reg_d	reg_t
model_sep	k r æ ŋ k	k r æ ŋ k t	k r æ ŋ k	k r a ʊ d	k r a ʊ d ə d	k r a ʊ d ə d	k r æ ŋ k ə d	0	0	reg_t	no_change	reg_əd
model_sep	t͡ʃ ʌ k	t͡ʃ ʌ k t	t͡ʃ ʌ k t	t͡ʃ ɔ k	t͡ʃ ɔ k t	t͡ʃ ɔ k t	t͡ʃ ʌ k t	1	1	reg_t	reg_t	reg_t
model_sep	p ʌ f	p ʌ f t	p ʌ f t	p ɪ t͡ʃ	p ɪ t͡ʃ t	p ɪ t͡ʃ t	p ʌ f t	1	1	reg_t	reg_t	reg_t
model_sep	p r ɑː d͡ʒ ɛ k t	p r ɑː d͡ʒ ɛ k t ə d	p r ɑː d͡ʒ ɛ k t ə d	p r iː t ɛ n d	p r iː t ɛ n d ə d	p r iː t ɛ n d ə d	p r ɑː d͡ʒ ɛ k t ə d	1	1	reg_əd	reg_əd	reg_əd
model_sep	t r ɪ p	t r ɪ p t	t r ɪ p t	t r ɪ k	t r ɪ k t	t r ɪ k t	t r ɪ p t	1	1	reg_t	reg_t	reg_t
model_sep	r ɪ l æ k s	r ɪ l æ k s t	r æ l æ k s t	r ɪ z ɪ s t	r ɪ z ɪ s t ə d	r ɪ z ɪ s t ə d	r ɪ l æ k s ə d	0	0	reg_t	other	reg_əd
model_sep	d ɪ l iː t	d ɪ l iː t ə d	d ɪ l iː t ə d	d r a ʊ n	d r a ʊ n d	d r a ʊ n d	d ɪ l iː t d	0	0	reg_əd	reg_əd	reg_d
model_mean	s p ɛ l	s p ɛ l d	s p ɛ l d	s m ɛ l	s m ɛ l d	s m ɛ l d	s p ɛ l d	1	1	reg_d	reg_d	reg_d
model_mean	d uː	d ɪ d	d	d ɔ ɡ	d ɔ ɡ d	d ɔ ɡ d	d uː d	0	0	vowel_change_suffix	other	reg_d
model_mean	m e ɪ k	m e ɪ d	m e ɪ k t	m ɪ r ɹ̩	m ɪ r ɹ̩ d	m ɪ r ɹ̩ d	m e ɪ k d	0	0	coda_change	reg_t	reg_d
model_mean	ə p r iː ʃ iː e ɪ t	ə p r iː ʃ iː e ɪ t ə d	ə p r iː e ɪ e ɪ t ə d	ə p r uː v	ə p r uː v d	ə p r uː v d	ə p r iː ʃ iː e ɪ t d	0	0	reg_əd	other	reg_d
model_mean	p e ɪ n t	p e ɪ n t ə d	p e ɪ n t ə d	p e ɪ d͡ʒ	p e ɪ d͡ʒ d	p e ɪ d͡ʒ d	p e ɪ n t d	0	0	reg_əd	reg_əd	reg_d
model_mean	iː t	e ɪ t	iː d ə t ə t ə d ə d	t iː t͡ʃ	t iː t͡ʃ t	t ɔ t	iː t t	0	0	vowel_change	other	reg_t
model_mean	p ʊ t	p ʊ t	p ʊ t ə d	p ʊ l	p ʊ l d	p ʊ l d	p ʊ t d	0	0	no_change	reg_əd	reg_d
model_mean	r ɪ m ɛ m b ɹ̩	r ɪ m ɛ m b ɹ̩ d	r ɪ m ɛ m ɛ b ɹ̩ d	r ɪ v ɹ̩ s	r ɪ v ɹ̩ s t	r ɪ v ɹ̩ s t	r ɪ m ɛ m b ɹ̩ t	0	0	reg_d	other	reg_t
model_mean	f ɪ k s	f ɪ k s t	f ɪ k s t	f ɪ l m	f ɪ l m d	f ɪ l m d	f ɪ k s d	0	0	reg_t	reg_t	reg_d
model_mean	t ɹ̩ n	t ɹ̩ n d	t ɹ̩ n d	t iː z	t iː z d	t iː z d	t ɹ̩ n d	1	1	reg_d	reg_d	reg_d
model_mean	f l a ɪ	f l uː	f l a ʊ d	f l a ʊ ɹ̩	f l a ʊ ɹ̩ d	f l a ʊ ɹ̩ d	f l a ɪ d	0	0	vowel_change	vowel_change_suffix	reg_d
model_mean	p ɪ k	p ɪ k t	p ɪ k t	p ɪ t͡ʃ	p ɪ t͡ʃ t	p ɪ t͡ʃ t	p ɪ k t	1	1	reg_t	reg_t	reg_t
model_mean	b ʌ m p	b ʌ m p t	b ʌ m p t	b ʌ ɡ	b ʌ ɡ d	b ʌ ɡ d	b ʌ m p d	0	0	reg_t	reg_t	reg_d
model_mean	l o ʊ ɹ̩	l o ʊ ɹ̩ d	l o ʊ ɹ̩ d	l ʊ k	l ʊ k t	l ʊ k t	l o ʊ ɹ̩ t	0	0	reg_d	reg_d	reg_t
model_mean	s k r e ɪ p	s k r e ɪ p t	s k r e ɪ p t	s k r ʌ b	s k r ʌ b d	s k r ʌ b d	s k r e ɪ p d	0	0	reg_t	reg_t	reg_d
model_mean	d ɪ ŋ	d ɪ ŋ d	d ʌ ŋ	d ɪ ɡ	d ʌ ɡ	d ʌ ɡ	NA	0	0	reg_d	vowel_change	vowel_change
model_mean	h a ɪ d	h ɪ d	h a ɪ d ə d	h ɪ t	h ɪ t	h ɪ t	h a ɪ d	0	0	vowel_change	reg_əd	no_change
model_mean	p ɔ r	p ɔ r d	p ɔ r d	p iː	p iː d	p iː d	p ɔ r d	1	1	reg_d	reg_d	reg_d
model_mean	k l iː n	k l iː n d	k l iː n d	k iː p	k ɛ p t	k ɛ p t	NA	0	0	reg_d	reg_d	vowel_change_suffix
model_mean	b a ɪ	b ɔ t	b a ɪ d	b uː	b uː d	b uː d	b a ɪ d	1	0	vowel_change_suffix	reg_d	reg_d
model_mean	n æ p	n æ p t	n æ p t	n ɪ t	n ɪ t ə d	n ɪ t ə d	n æ p ə d	0	0	reg_t	reg_t	reg_əd
model_mean	n ɑː k	n ɑː k t	n ɑː k t	n ɹ̩ s	n ɹ̩ s t	n ɹ̩ s t	n ɑː k t	1	1	reg_t	reg_t	reg_t
model_mean	w e ɪ k	w o ʊ k	w e ɪ k t	w e ɪ t	w e ɪ t ə d	w e ɪ t ə d	w e ɪ k ə d	0	0	vowel_change	reg_t	reg_əd
model_mean	j uː z	j uː z d	j uː z d	j ɛ l	j ɛ l d	j ɛ l d	j uː z d	1	1	reg_d	reg_d	reg_d
model_mean	r ɪ ŋ	r æ ŋ	r æ ŋ	r ɪ p	r ɪ p t	r ɪ p t	r ɪ ŋ t	0	0	vowel_change	vowel_change	reg_t
model_mean	r ʌ b	r ʌ b d	r æ b	r ʌ n	r æ n	r æ n	NA	0	0	reg_d	vowel_change	vowel_change
model_mean	l ɪ k	l ɪ k t	l ɪ k t	l ɪ f t	l ɪ f t ə d	l ɪ f t ə d	l ɪ k ə d	0	0	reg_t	reg_t	reg_əd
model_mean	d r ɑː p	d r ɑː p t	d r ɑː p t	d r ɪ p	d r ɪ p t	d r ɪ p t	d r ɑː p t	1	1	reg_t	reg_t	reg_t
model_mean	t ɔ k	t ɔ k t	t ɔ k t	t ɔ s	t ɔ s t	t ɔ s t	t ɔ k t	1	1	reg_t	reg_t	reg_t
model_mean	ʃ ʌ v	ʃ ʌ v d	ʃ ʌ v d	ʃ ʌ t	ʃ ʌ t	ʃ ʌ t	ʃ ʌ v	0	0	reg_d	reg_d	no_change
model_mean	l ɪ s ə n	l ɪ s ə n d	l ɪ s ə n d	l ɪ f t	l ɪ f t ə d	l ɪ f t ə d	l ɪ s ə n ə d	0	0	reg_d	reg_d	reg_əd
model_mean	m ɛ r iː	m ɛ r iː d	m ɛ r iː d	m ɛ l t	m ɛ l t ə d	m ɛ l t ə d	m ɛ r iː ə d	0	0	reg_d	reg_d	reg_əd
model_mean	b ɑː r k	b ɑː r k t	b ɑː r k t	b ɑː r	b ɑː r d	b ɑː r d	b ɑː r k d	0	0	reg_t	reg_t	reg_d
model_mean	p l iː d	p l iː d ə d	p l iː d ə d	p l iː z	p l iː z d	p l iː z d	p l iː d d	0	0	reg_əd	reg_əd	reg_d
model_mean	s p ɛ n d	s p ɛ n t	s p ɛ n d ə d	s ɛ n d	s ɛ n t	s ɛ n t	s p ɛ n t	0	1	coda_change	reg_əd	coda_change
model_mean	h æ ŋ	h ʌ ŋ	h æ ŋ d	h æ v	h æ d	h æ d	NA	0	0	vowel_change	reg_d	coda_change
model_mean	f a ɪ ɹ̩	f a ɪ ɹ̩ d	f a ɪ ɹ̩ d	f iː l	f ɛ l t	f ɛ l t	NA	0	0	reg_d	reg_d	vowel_change_suffix
model_mean	b a ɪ t	b ɪ t	b a ɪ t	b a ʊ n s	b a ʊ n s t	b a ʊ n s t	b a ɪ t t	0	0	vowel_change	no_change	reg_t
model_mean	w ɔ r m	w ɔ r m d	w ɔ r m d	w ɔ n t	w ɔ n t ə d	w ɔ n t ə d	w ɔ r m ə d	0	0	reg_d	reg_d	reg_əd
model_mean	k ə n ɛ k t	k ə n ɛ k t ə d	k ə n ɛ n t ə d	k ə n t ɛ n t	k ə n t ɛ n t ə d	k ə n t ɛ n t ə d	k ə n ɛ k t ə d	0	1	reg_əd	other	reg_əd
model_mean	s p r ɛ d	s p r ɛ d	s p r ɛ d ə d	s p r ɪ ŋ	s p r æ ŋ	s p r æ ŋ	NA	0	0	no_change	reg_əd	vowel_change
model_mean	s k w iː z	s k w iː z d	s k w iː z d	s k ɛ r	s k ɛ r d	s k ɛ r d	s k w iː z d	1	1	reg_d	reg_d	reg_d
model_mean	ɪ r e ɪ s	ɪ r e ɪ s t	ɪ r e ɪ s t	r ɪ s ɛ s	r ɪ s ɛ s t	r ɪ s ɛ s t	ɪ r e ɪ s t	1	1	reg_t	reg_t	reg_t
model_mean	t a ɪ m	t a ɪ m d	t a ɪ m d	t a ɪ ɹ̩	t a ɪ ɹ̩ d	t a ɪ ɹ̩ d	t a ɪ m d	1	1	reg_d	reg_d	reg_d
model_mean	p ɪ k t͡ʃ ɹ̩	p ɪ k t͡ʃ ɹ̩ d	p t	p ɪ n t͡ʃ	p ɪ n t͡ʃ t	p ɪ n t͡ʃ t	p ɪ k t͡ʃ ɹ̩ t	0	0	reg_d	other	reg_t
model_mean	k æ r iː	k æ r iː d	k æ r iː d	k æ m p	k æ m p t	k æ m p t	k æ r iː t	0	0	reg_d	reg_d	reg_t
model_mean	k ɪ s	k ɪ s t	k ɪ s t	k ɪ k	k ɪ k t	k ɪ k t	k ɪ s t	1	1	reg_t	reg_t	reg_t
model_mean	r ɪ p l a ɪ	r ɪ p l a ɪ d	r ɪ p l a ɪ d	p r ɪ n t	p r ɪ n t ə d	p r ɪ n t ə d	r ɪ p l a ɪ ə d	0	0	reg_d	reg_d	reg_əd
model_mean	h ɹ̩ iː	h ɹ̩ iː d	h ɹ̩ iː d	h ɹ̩ t	h ɹ̩ t	h ɹ̩ t	h ɹ̩ iː	0	0	reg_d	reg_d	no_change
model_mean	l o ʊ n	l o ʊ n d	l o ʊ n d	l o ʊ d	l o ʊ d ə d	l o ʊ d ə d	l o ʊ n ə d	0	0	reg_d	reg_d	reg_əd
model_mean	r ɪ d	r ɪ d	r æ d	r ɪ p	r ɪ p t	r ɪ p t	r ɪ d t	0	0	no_change	vowel_change	reg_t
model_mean	h e ɪ t	h e ɪ t ə d	h e ɪ t ə d	h a ʊ z	h a ʊ z d	h a ʊ z d	h e ɪ t d	0	0	reg_əd	reg_əd	reg_d
model_mean	s t ɪ ŋ k	s t ʌ ŋ k	s t ʌ ŋ k t	s t ɪ ŋ	s t ʌ ŋ	s t ʌ ŋ	NA	0	0	vowel_change	vowel_change_suffix	vowel_change
model_mean	s t ɪ l	s t ɪ l d	s t ʌ l d	s t e ɪ	s t e ɪ d	s t e ɪ d	s t ɪ l d	0	1	reg_d	vowel_change_suffix	reg_d
model_mean	ɡ r æ b	ɡ r æ b d	ɡ r æ b d	ɡ r e ɪ t	ɡ r e ɪ t ə d	ɡ r e ɪ t ə d	ɡ r æ b ə d	0	0	reg_d	reg_d	reg_əd
model_mean	k ʊ k	k ʊ k t	k ʊ k t	k ʌ t	k ʌ t	k ʌ t	k ʊ k	0	0	reg_t	reg_t	no_change
model_mean	v o ʊ t	v o ʊ t ə d	v o ʊ t ə d	d a ʊ n	d a ʊ n d	d a ʊ n d	v o ʊ t d	0	0	reg_əd	reg_əd	reg_d
model_mean	k l iː r	k l iː r d	k l iː r d	k r iː m	k r iː m d	k r iː m d	k l iː r d	1	1	reg_d	reg_d	reg_d
model_mean	s t e ɪ b ə l a ɪ z	s t e ɪ b ə l a ɪ z d	s t ə d	t e ɪ s t	t e ɪ s t ə d	t e ɪ s t ə d	s t e ɪ b ə l a ɪ z ə d	0	0	reg_d	other	reg_əd
model_mean	b iː t	b iː t	b iː t ə d	b iː f	b iː f t	b iː f t	b iː t t	0	0	no_change	reg_əd	reg_t
model_mean	w iː l	w iː l d	w ɛ l t	w ɪ l	w ɪ l d	w ɪ l d	w iː l d	0	1	reg_d	vowel_change_suffix	reg_d
model_mean	k ɑː s t	k ɑː s t	k ɑː s t ə d	k ɑː p iː	k ɑː p iː d	k ɑː p iː d	k ɑː s t d	0	0	no_change	reg_əd	reg_d
model_mean	p æ s	p æ s t	p æ s t	p æ k	p æ k t	p æ k t	p æ s t	1	1	reg_t	reg_t	reg_t
model_mean	iː v ɪ n	iː v ɪ n d	iː v ɪ v d	b ɪ l iː v	b ɪ l iː v d	b ɪ l iː v d	iː v ɪ n d	0	1	reg_d	coda_change	reg_d
model_mean	p l ɑː p	p l ɑː p t	p l ɑː p t	p l æ n t	p l æ n t ə d	p l æ n t ə d	p l ɑː p ə d	0	0	reg_t	reg_t	reg_əd
model_mean	w ɛ l k ə m	w ɛ l k ə m d	w k t ə k w d	w ɹ̩ iː	w ɹ̩ iː d	w ɹ̩ iː d	w ɛ l k ə m d	0	1	reg_d	other	reg_d
model_mean	b ɪ h e ɪ v	b ɪ h e ɪ v d	b ɪ h e ɪ v d	b ɪ l ɔ ŋ	b ɪ l ɔ ŋ d	b ɪ l ɔ ŋ d	b ɪ h e ɪ v d	1	1	reg_d	reg_d	reg_d
model_mean	m ɪ l k	m ɪ l k t	m ɪ l k t	m ɪ k s	m ɪ k s t	m ɪ k s t	m ɪ l k t	1	1	reg_t	reg_t	reg_t
model_mean	b ɔ r d ɹ̩	b ɔ r d ɹ̩ d	b ɔ r d ɹ̩ d	b r iː ð	b r iː ð d	b r iː ð d	b ɔ r d ɹ̩ d	1	1	reg_d	reg_d	reg_d
model_mean	æ k t	æ k t ə d	æ k t	æ d	æ d ə d	æ d ə d	æ k t ə d	0	1	reg_əd	no_change	reg_əd
model_mean	f a ɪ t	f ɔ t	f a ɪ t	f a ɪ n d	f a ʊ n d	f a ʊ n d	NA	0	0	vowel_change	no_change	vowel_change
model_mean	w a ɪ p	w a ɪ p t	w a ɪ p t	w a ɪ ɹ̩	w a ɪ ɹ̩ d	w a ɪ ɹ̩ d	w a ɪ p d	0	0	reg_t	reg_t	reg_d
model_mean	p ɹ̩ f ɛ k t	p ɹ̩ f ɛ k t ə d	p ɹ̩ f ɹ̩ k t ə d	s ɹ̩ p r a ɪ z	s ɹ̩ p r a ɪ z d	s ɹ̩ p r a ɪ z d	p ɹ̩ f ɛ k t d	0	0	reg_əd	other	reg_d
model_mean	r ɪ l a ɪ	r ɪ l a ɪ d	r ɪ l a ɪ d	r ɪ v ɹ̩ s	r ɪ v ɹ̩ s t	r ɪ v ɹ̩ s t	r ɪ l a ɪ t	0	0	reg_d	reg_d	reg_t
model_mean	t͡ʃ ɑː p	t͡ʃ ɑː p t	t͡ʃ ɑː p t	t͡ʃ ɪ p	t͡ʃ ɪ p t	t͡ʃ ɪ p t	t͡ʃ ɑː p t	1	1	reg_t	reg_t	reg_t
model_mean	ʃ a ʊ t	ʃ a ʊ t ə d	ʃ a ʊ t ə d	ʃ a ɪ n	ʃ a ɪ n d	ʃ a ɪ n d	ʃ a ʊ t d	0	0	reg_əd	reg_əd	reg_d
model_mean	b ɪ z iː	b ɪ z iː d	b ɪ z iː d	b iː f	b iː f t	b iː f t	b ɪ z iː t	0	0	reg_d	reg_d	reg_t
model_mean	p ʌ m p	p ʌ m p t	p ʌ m p t	p ɪ n	p ɪ n d	p ɪ n d	p ʌ m p d	0	0	reg_t	reg_t	reg_d
model_mean	d r ɪ b ə l	d r ɪ b ə l d	d r ɪ b ə l d	d r ɪ ŋ k	d r æ ŋ k	d r æ ŋ k	NA	0	0	reg_d	reg_d	vowel_change
model_mean	ɡ ɑː b ə l	ɡ ɑː b ə l d	ɡ ɑː b ə l d	ɡ r o ʊ	ɡ r uː	ɡ r uː	NA	0	0	reg_d	reg_d	vowel_change
model_mean	ə p r o ʊ p r iː e ɪ t	ə p r o ʊ p r iː e ɪ t ə d	ə p r d	p r ə f ɹ̩	p r ə f ɹ̩ d	p r ə f ɹ̩ d	ə p r o ʊ p r iː e ɪ t d	0	0	reg_əd	other	reg_d
model_mean	s l æ p	s l æ p t	s l æ p t	s l æ m	s l æ m d	s l æ m d	s l æ p d	0	0	reg_t	reg_t	reg_d
model_mean	p r ə t ɛ k t	p r ə t ɛ k t ə d	p r ə t ɛ k t ə d	p r ɑː m ə s	p r ɑː m ə s t	p r ɑː m ə s t	p r ə t ɛ k t t	0	0	reg_əd	reg_əd	reg_t
model_mean	b æ k	b æ k t	b æ k t	b æ ŋ	b æ ŋ d	b æ ŋ d	b æ k d	0	0	reg_t	reg_t	reg_d
model_mean	ɪ k s ɛ p t	ɪ k s ɛ p t ə d	ɪ k s ɛ k t ə d	s k w ɑː ʃ	s k w ɑː ʃ t	s k w ɑː ʃ t	ɪ k s ɛ p t t	0	0	reg_əd	other	reg_t
model_mean	h ʌ ɡ	h ʌ ɡ d	h ʌ ɡ d	h ʊ k	h ʊ k t	h ʊ k t	h ʌ ɡ t	0	0	reg_d	reg_d	reg_t
model_mean	f r a ɪ	f r a ɪ d	f r a ʊ d	f r iː	f r iː d	f r iː d	f r a ɪ d	0	1	reg_d	vowel_change_suffix	reg_d
model_mean	r ɔ r	r ɔ r d	r ɔ r d	r ɑː k	r ɑː k t	r ɑː k t	r ɔ r t	0	0	reg_d	reg_d	reg_t
model_mean	p r e ɪ	p r e ɪ d	p r e ɪ d	p r ɛ s	p r ɛ s t	p r ɛ s t	p r e ɪ t	0	0	reg_d	reg_d	reg_t
model_mean	s m æ k	s m æ k t	s m æ k t	s m æ ʃ	s m æ ʃ t	s m æ ʃ t	s m æ k t	1	1	reg_t	reg_t	reg_t
model_mean	w ɔ t ɹ̩	w ɔ t ɹ̩ d	w ɔ t ɹ̩ d	w ɔ k	w ɔ k t	w ɔ k t	w ɔ t ɹ̩ t	0	0	reg_d	reg_d	reg_t
model_mean	s k w ɹ̩ t	s k w ɹ̩ t ə d	s k w ɹ̩ t ə d	s k e ɪ t	s k e ɪ t ə d	s k e ɪ t ə d	s k w ɹ̩ t ə d	1	1	reg_əd	reg_əd	reg_əd
model_mean	l a ɪ t	l ɪ t	l a ɪ t	l a ɪ k	l a ɪ k t	l a ɪ k t	l a ɪ t t	0	0	vowel_change	no_change	reg_t
model_mean	f l ʌ ʃ	f l ʌ ʃ t	f l ʌ ʃ t	f l ɪ p	f l ɪ p t	f l ɪ p t	f l ʌ ʃ t	1	1	reg_t	reg_t	reg_t
model_mean	p ɛ t	p ɛ t ə d	p ɛ t	p ɑː t	p ɑː t ə d	p ɑː t ə d	p ɛ t ə d	0	1	reg_əd	no_change	reg_əd
model_mean	s e ɪ l	s e ɪ l d	s e ɪ l d	s e ɪ v	s e ɪ v d	s e ɪ v d	s e ɪ l d	1	1	reg_d	reg_d	reg_d
model_mean	m æ n ə d͡ʒ	m æ n ə d͡ʒ d	m æ n ə d͡ʒ d	m æ n	m æ n d	m æ n d	m æ n ə d͡ʒ d	1	1	reg_d	reg_d	reg_d
model_mean	ə n f o ʊ l d	ə n f o ʊ l d ə d	ə n o ʊ l iː l d	ə n t a ɪ	ə n t a ɪ d	ə n t a ɪ d	ə n f o ʊ l d d	0	0	reg_əd	other	reg_d
model_mean	k ɪ d	k ɪ d ə d	k ɪ d	k ɪ l	k ɪ l d	k ɪ l d	k ɪ d d	0	0	reg_əd	no_change	reg_d
model_mean	s p a ɪ k	s p a ɪ k t	s p a ɪ k	s p a ɪ	s p a ɪ d	s p a ɪ d	s p a ɪ k d	0	0	reg_t	no_change	reg_d
model_mean	p iː s	p iː s t	p iː s t	p iː p	p iː p t	p iː p t	p iː s t	1	1	reg_t	reg_t	reg_t
model_mean	p ɛ r	p ɛ r d	p ɛ r d	p ɛ n	p ɛ n d	p ɛ n d	p ɛ r d	1	1	reg_d	reg_d	reg_d
model_mean	s w ɑː l o ʊ	s w ɑː l o ʊ d	s w ɑː l o ʊ l d	s w iː p	s w ɛ p t	s w ɛ p t	NA	0	0	reg_d	coda_change	vowel_change_suffix
model_mean	s p æ ŋ k	s p æ ŋ k t	s p æ ŋ k	s p ɪ l	s p ɪ l d	s p ɪ l d	s p æ ŋ k d	0	0	reg_t	no_change	reg_d
model_mean	k r ɔ l	k r ɔ l d	k r ɔ l d	k r ɔ s	k r ɔ s t	k r ɔ s t	k r ɔ l t	0	0	reg_d	reg_d	reg_t
model_mean	r ɑː b	r ɑː b d	r ɑː b d	r ɑː k	r ɑː k t	r ɑː k t	r ɑː b t	0	0	reg_d	reg_d	reg_t
model_mean	s l ɪ p	s l ɪ p t	s l ɪ p t	s l æ m	s l æ m d	s l æ m d	s l ɪ p d	0	0	reg_t	reg_t	reg_d
model_mean	z ɪ p ɹ̩	z ɪ p ɹ̩ d	z ɪ p ɹ̩ d	z ɪ p	z ɪ p t	z ɪ p t	z ɪ p ɹ̩ t	0	0	reg_d	reg_d	reg_t
model_mean	r ʌ ʃ	r ʌ ʃ t	r æ ʃ t	r ʌ n	r æ n	r æ n	NA	0	0	reg_t	vowel_change_suffix	vowel_change
model_mean	f r a ɪ t ə n	f r a ɪ t ə n d	f r a ɪ t ə d	p r o ʊ ɡ r æ m	p r o ʊ ɡ r æ m d	p r o ʊ ɡ r æ m d	f r a ɪ t ə n d	0	1	reg_d	coda_change	reg_d
model_mean	s ə l ɛ k t	s ə l ɛ k t ə d	s ə l ɛ k t ə d	s ə d͡ʒ ɛ s t	s ə d͡ʒ ɛ s t ə d	s ə d͡ʒ ɛ s t ə d	s ə l ɛ k t ə d	1	1	reg_əd	reg_əd	reg_əd
model_mean	k ɔ f	k ɔ f t	k ɔ f t	k ɔ l	k ɔ l d	k ɔ l d	k ɔ f d	0	0	reg_t	reg_t	reg_d
model_mean	d ʌ ŋ k	d ʌ ŋ k t	d ʌ ŋ k t	d ʌ m p	d ʌ m p t	d ʌ m p t	d ʌ ŋ k t	1	1	reg_t	reg_t	reg_t
model_mean	b æ n d ɪ d͡ʒ	b æ n d ɪ d͡ʒ d	b æ n d ɪ d͡ʒ d	b æ ŋ	b æ ŋ d	b æ ŋ d	b æ n d ɪ d͡ʒ d	1	1	reg_d	reg_d	reg_d
model_mean	w ɪ ŋ	w ɪ ŋ d	w ʌ ŋ	w ɪ l	w ɪ l d	w ɪ l d	w ɪ ŋ d	0	1	reg_d	vowel_change	reg_d
model_mean	t͡ʃ ɪ k ə n	t͡ʃ ɪ k ə n d	t͡ʃ ɪ k ə n d	t͡ʃ e ɪ s	t͡ʃ e ɪ s t	t͡ʃ e ɪ s t	t͡ʃ ɪ k ə n t	0	0	reg_d	reg_d	reg_t
model_mean	m e ɪ l	m e ɪ l d	m e ɪ l d	m ɪ r ɹ̩	m ɪ r ɹ̩ d	m ɪ r ɹ̩ d	m e ɪ l d	1	1	reg_d	reg_d	reg_d
model_mean	b ʌ d͡ʒ	b ʌ d͡ʒ d	b ʌ d͡ʒ d	b ʌ ɡ	b ʌ ɡ d	b ʌ ɡ d	b ʌ d͡ʒ d	1	1	reg_d	reg_d	reg_d
model_mean	w ɔ r n	w ɔ r n d	w ɔ r n d	w ɔ n t	w ɔ n t ə d	w ɔ n t ə d	w ɔ r n ə d	0	0	reg_d	reg_d	reg_əd
model_mean	b ʌ k ə l	b ʌ k ə l d	b ʌ k ə l d	b ʌ b ə l	b ʌ b ə l d	b ʌ b ə l d	b ʌ k ə l d	1	1	reg_d	reg_d	reg_d
model_mean	t iː t ɹ̩	t iː t ɹ̩ d	t iː t ɹ̩ d	t iː t͡ʃ	t iː t͡ʃ t	t ɔ t	t iː t ɹ̩ t	0	0	reg_d	reg_d	reg_t
model_mean	s w ɪ ʃ	s w ɪ ʃ t	s w ɪ ʃ t	s w ɪ t͡ʃ	s w ɪ t͡ʃ t	s w ɪ t͡ʃ t	s w ɪ ʃ t	1	1	reg_t	reg_t	reg_t
model_mean	ʃ ʌ v ə l	ʃ ʌ v ə l d	ʃ ʌ v ə l d	p ʌ n ɪ ʃ	p ʌ n ɪ ʃ t	p ʌ n ɪ ʃ t	ʃ ʌ v ə l t	0	0	reg_d	reg_d	reg_t
model_mean	ɛ n t ɹ̩	ɛ n t ɹ̩ d	ɛ n t ɹ̩ d	ɛ r	ɛ r d	ɛ r d	ɛ n t ɹ̩ d	1	1	reg_d	reg_d	reg_d
model_mean	ɡ r æ v ə t e ɪ t	ɡ r æ v ə t e ɪ t ə d	ɡ r æ v ə t e ɪ t ə d	ɡ r æ d͡ʒ ə w e ɪ t	ɡ r æ d͡ʒ ə w e ɪ t ə d	ɡ r æ d͡ʒ ə w e ɪ t ə d	ɡ r æ v ə t e ɪ t ə d	1	1	reg_əd	reg_əd	reg_əd
model_mean	n o ʊ t	n o ʊ t ə d	n o ʊ t ə d	n o ʊ	n uː	n uː	NA	0	0	reg_əd	reg_əd	vowel_change
model_mean	k r ʌ ʃ	k r ʌ ʃ t	k r ʌ ʃ t	k r æ ʃ	k r æ ʃ t	k r æ ʃ t	k r ʌ ʃ t	1	1	reg_t	reg_t	reg_t
model_mean	s w ɑː p	s w ɑː p t	s w ɑː p t	s w iː p	s w ɛ p t	s w ɛ p t	NA	0	0	reg_t	reg_t	vowel_change_suffix
model_mean	ə p s ɛ t	ə p s ɛ t	ə p s ɛ t ə d	ə p r uː v	ə p r uː v d	ə p r uː v d	ə p s ɛ t d	0	0	no_change	reg_əd	reg_d
model_mean	s iː s ɔ	s iː s ɔ d	s iː s iː d	s iː s	s iː s t	s iː s t	s iː s ɔ t	0	0	reg_d	vowel_change_suffix	reg_t
model_mean	m ɛ r ɪ t	m ɛ r ɪ t ə d	m ɛ r æ t ə d	m ɛ l t	m ɛ l t ə d	m ɛ l t ə d	m ɛ r ɪ t ə d	0	1	reg_əd	other	reg_əd
model_mean	k ə l ɛ k t	k ə l ɛ k t ə d	k ə l ɛ k t ə d	k ə m p iː t	k ə m p iː t ə d	k ə m p iː t ə d	k ə l ɛ k t ə d	1	1	reg_əd	reg_əd	reg_əd
model_mean	b e ɪ ð	b e ɪ ð d	b e ɪ ð d	b e ɪ k	b e ɪ k t	b e ɪ k t	b e ɪ ð t	0	0	reg_d	reg_d	reg_t
model_mean	k r æ ŋ k	k r æ ŋ k t	k r æ ŋ k	k r æ k	k r æ k t	k r æ k t	k r æ ŋ k t	0	1	reg_t	no_change	reg_t
model_mean	t͡ʃ ʌ k	t͡ʃ ʌ k t	t͡ʃ ʌ k t	t͡ʃ ʌ ɡ	t͡ʃ ʌ ɡ d	t͡ʃ ʌ ɡ d	t͡ʃ ʌ k d	0	0	reg_t	reg_t	reg_d
model_mean	p ʌ f	p ʌ f t	p ʌ f t	p ʌ n t͡ʃ	p ʌ n t͡ʃ t	p ʌ n t͡ʃ t	p ʌ f t	1	1	reg_t	reg_t	reg_t
model_mean	p r ɑː d͡ʒ ɛ k t	p r ɑː d͡ʒ ɛ k t ə d	p r ɑː d͡ʒ ɛ k t ə d	p r ɑː m ə s	p r ɑː m ə s t	p r ɑː m ə s t	p r ɑː d͡ʒ ɛ k t t	0	0	reg_əd	reg_əd	reg_t
model_mean	t r ɪ p	t r ɪ p t	t r ɪ p t	t r ɪ k	t r ɪ k t	t r ɪ k t	t r ɪ p t	1	1	reg_t	reg_t	reg_t
model_mean	r ɪ l æ k s	r ɪ l æ k s t	r æ l æ k s t	r ɪ z ɪ s t	r ɪ z ɪ s t ə d	r ɪ z ɪ s t ə d	r ɪ l æ k s ə d	0	0	reg_t	other	reg_əd
model_mean	d ɪ l iː t	d ɪ l iː t ə d	d ɪ l iː t ə d	d ɪ ʃ	d ɪ ʃ t	d ɪ ʃ t	d ɪ l iː t t	0	0	reg_əd	reg_əd	reg_t
model_stem	s p ɛ l	s p ɛ l d	s p ɛ l d	s m ɛ l	s m ɛ l d	s m ɛ l d	s p ɛ l d	1	1	reg_d	reg_d	reg_d
model_stem	d uː	d ɪ d	d	b uː	b uː d	b uː d	d uː d	0	0	vowel_change_suffix	other	reg_d
model_stem	m e ɪ k	m e ɪ d	m e ɪ k t	ʃ e ɪ k	ʃ ʊ k	ʃ ʊ k	m ʊ k	0	0	coda_change	reg_t	vowel_change
model_stem	ə p r iː ʃ iː e ɪ t	ə p r iː ʃ iː e ɪ t ə d	ə p r iː e ɪ e ɪ t ə d	ə s o ʊ s iː e ɪ t	ə s o ʊ s iː e ɪ t ə d	ə s o ʊ s iː e ɪ t ə d	ə p r iː ʃ iː e ɪ t ə d	0	1	reg_əd	other	reg_əd
model_stem	p e ɪ n t	p e ɪ n t ə d	p e ɪ n t ə d	p r ɪ n t	p r ɪ n t ə d	p r ɪ n t ə d	p e ɪ n t ə d	1	1	reg_əd	reg_əd	reg_əd
model_stem	iː t	e ɪ t	iː d ə t ə t ə d ə d	r ɪ z ɪ s t	r ɪ z ɪ s t ə d	r ɪ z ɪ s t ə d	iː t ə d	0	0	vowel_change	other	reg_əd
model_stem	p ʊ t	p ʊ t	p ʊ t ə d	p ɑː t	p ɑː t ə d	p ɑː t ə d	p ʊ t ə d	1	0	no_change	reg_əd	reg_əd
model_stem	r ɪ m ɛ m b ɹ̩	r ɪ m ɛ m b ɹ̩ d	r ɪ m ɛ m ɛ b ɹ̩ d	n ʌ m b ɹ̩	n ʌ m b ɹ̩ d	n ʌ m b ɹ̩ d	r ɪ m ɛ m b ɹ̩ d	0	1	reg_d	other	reg_d
model_stem	f ɪ k s	f ɪ k s t	f ɪ k s t	m ɪ k s	m ɪ k s t	m ɪ k s t	f ɪ k s t	1	1	reg_t	reg_t	reg_t
model_stem	t ɹ̩ n	t ɹ̩ n d	t ɹ̩ n d	l ɹ̩ n	l ɹ̩ n d	l ɹ̩ n d	t ɹ̩ n d	1	1	reg_d	reg_d	reg_d
model_stem	f l a ɪ	f l uː	f l a ʊ d	t r a ɪ	t r a ɪ d	t r a ɪ d	f l a ɪ d	0	0	vowel_change	vowel_change_suffix	reg_d
model_stem	p ɪ k	p ɪ k t	p ɪ k t	p æ k	p æ k t	p æ k t	p ɪ k t	1	1	reg_t	reg_t	reg_t
model_stem	b ʌ m p	b ʌ m p t	b ʌ m p t	d ʌ m p	d ʌ m p t	d ʌ m p t	b ʌ m p t	1	1	reg_t	reg_t	reg_t
model_stem	l o ʊ ɹ̩	l o ʊ ɹ̩ d	l o ʊ ɹ̩ d	k ʌ l ɹ̩	k ʌ l ɹ̩ d	k ʌ l ɹ̩ d	l o ʊ ɹ̩ d	1	1	reg_d	reg_d	reg_d
model_stem	s k r e ɪ p	s k r e ɪ p t	s k r e ɪ p t	s t r a ɪ p	s t r a ɪ p t	s t r a ɪ p t	s k r e ɪ p t	1	1	reg_t	reg_t	reg_t
model_stem	d ɪ ŋ	d ɪ ŋ d	d ʌ ŋ	s ɪ ŋ	s æ ŋ	s æ ŋ	d æ ŋ	0	0	reg_d	vowel_change	vowel_change
model_stem	h a ɪ d	h ɪ d	h a ɪ d ə d	r a ɪ d	r o ʊ d	r o ʊ d	h o ʊ d	0	0	vowel_change	reg_əd	vowel_change
model_stem	p ɔ r	p ɔ r d	p ɔ r d	b ɑː r	b ɑː r d	b ɑː r d	p ɔ r d	1	1	reg_d	reg_d	reg_d
model_stem	k l iː n	k l iː n d	k l iː n d	l iː n	l iː n d	l iː n d	k l iː n d	1	1	reg_d	reg_d	reg_d
model_stem	b a ɪ	b ɔ t	b a ɪ d	s a ɪ	s a ɪ d	s a ɪ d	b a ɪ d	1	0	vowel_change_suffix	reg_d	reg_d
model_stem	n æ p	n æ p t	n æ p t	p ɑː p	p ɑː p t	p ɑː p t	n æ p t	1	1	reg_t	reg_t	reg_t
model_stem	n ɑː k	n ɑː k t	n ɑː k t	t ʌ k	t ʌ k t	t ʌ k t	n ɑː k t	1	1	reg_t	reg_t	reg_t
model_stem	w e ɪ k	w o ʊ k	w e ɪ k t	ʃ e ɪ k	ʃ ʊ k	ʃ ʊ k	w ʊ k	0	0	vowel_change	reg_t	vowel_change
model_stem	j uː z	j uː z d	j uː z d	t͡ʃ uː z	t͡ʃ o ʊ z	t͡ʃ o ʊ z	j o ʊ z	0	0	reg_d	reg_d	vowel_change
model_stem	r ɪ ŋ	r æ ŋ	r æ ŋ	s ɪ ŋ	s æ ŋ	s æ ŋ	r æ ŋ	1	1	vowel_change	vowel_change	vowel_change
model_stem	r ʌ b	r ʌ b d	r æ b	r ʌ n	r æ n	r æ n	NA	0	0	reg_d	vowel_change	vowel_change
model_stem	l ɪ k	l ɪ k t	l ɪ k t	l ɑː k	l ɑː k t	l ɑː k t	l ɪ k t	1	1	reg_t	reg_t	reg_t
model_stem	d r ɑː p	d r ɑː p t	d r ɑː p t	d o ʊ p	d o ʊ p t	d o ʊ p t	d r ɑː p t	1	1	reg_t	reg_t	reg_t
model_stem	t ɔ k	t ɔ k t	t ɔ k t	t ʌ k	t ʌ k t	t ʌ k t	t ɔ k t	1	1	reg_t	reg_t	reg_t
model_stem	ʃ ʌ v	ʃ ʌ v d	ʃ ʌ v d	s e ɪ v	s e ɪ v d	s e ɪ v d	ʃ ʌ v d	1	1	reg_d	reg_d	reg_d
model_stem	l ɪ s ə n	l ɪ s ə n d	l ɪ s ə n d	f æ s ə n	f æ s ə n d	f æ s ə n d	l ɪ s ə n d	1	1	reg_d	reg_d	reg_d
model_stem	m ɛ r iː	m ɛ r iː d	m ɛ r iː d	ə ɡ r iː	ə ɡ r iː d	ə ɡ r iː d	m ɛ r iː d	1	1	reg_d	reg_d	reg_d
model_stem	b ɑː r k	b ɑː r k t	b ɑː r k t	p ɑː r k	p ɑː r k t	p ɑː r k t	b ɑː r k t	1	1	reg_t	reg_t	reg_t
model_stem	p l iː d	p l iː d ə d	p l iː d ə d	b ɛ n d	b ɛ n d ə d	b ɛ n d ə d	p l iː d ə d	1	1	reg_əd	reg_əd	reg_əd
model_stem	s p ɛ n d	s p ɛ n t	s p ɛ n d ə d	s a ʊ n d	s a ʊ n d ə d	s a ʊ n d ə d	s p ɛ n d ə d	1	0	coda_change	reg_əd	reg_əd
model_stem	h æ ŋ	h ʌ ŋ	h æ ŋ d	b æ ŋ	b æ ŋ d	b æ ŋ d	h æ ŋ d	1	0	vowel_change	reg_d	reg_d
model_stem	f a ɪ ɹ̩	f a ɪ ɹ̩ d	f a ɪ ɹ̩ d	t a ɪ ɹ̩	t a ɪ ɹ̩ d	t a ɪ ɹ̩ d	f a ɪ ɹ̩ d	1	1	reg_d	reg_d	reg_d
model_stem	b a ɪ t	b ɪ t	b a ɪ t	r a ɪ t	r o ʊ t	r o ʊ t	b o ʊ t	0	0	vowel_change	no_change	vowel_change
model_stem	w ɔ r m	w ɔ r m d	w ɔ r m d	f ɔ r m	f ɔ r m d	f ɔ r m d	w ɔ r m d	1	1	reg_d	reg_d	reg_d
model_stem	k ə n ɛ k t	k ə n ɛ k t ə d	k ə n ɛ n t ə d	s ə d͡ʒ ɛ s t	s ə d͡ʒ ɛ s t ə d	s ə d͡ʒ ɛ s t ə d	k ə n ɛ k t ə d	0	1	reg_əd	other	reg_əd
model_stem	s p r ɛ d	s p r ɛ d	s p r ɛ d ə d	s a ʊ n d	s a ʊ n d ə d	s a ʊ n d ə d	s p r ɛ d ə d	1	0	no_change	reg_əd	reg_əd
model_stem	s k w iː z	s k w iː z d	s k w iː z d	p l iː z	p l iː z d	p l iː z d	s k w iː z d	1	1	reg_d	reg_d	reg_d
model_stem	ɪ r e ɪ s	ɪ r e ɪ s t	ɪ r e ɪ s t	t r e ɪ s	t r e ɪ s t	t r e ɪ s t	ɪ r e ɪ s t	1	1	reg_t	reg_t	reg_t
model_stem	t a ɪ m	t a ɪ m d	t a ɪ m d	s l æ m	s l æ m d	s l æ m d	t a ɪ m d	1	1	reg_d	reg_d	reg_d
model_stem	p ɪ k t͡ʃ ɹ̩	p ɪ k t͡ʃ ɹ̩ d	p t	k æ p t͡ʃ ɹ̩	k æ p t͡ʃ ɹ̩ d	k æ p t͡ʃ ɹ̩ d	p ɪ k t͡ʃ ɹ̩ d	0	1	reg_d	other	reg_d
model_stem	k æ r iː	k æ r iː d	k æ r iː d	ə ɡ r iː	ə ɡ r iː d	ə ɡ r iː d	k æ r iː d	1	1	reg_d	reg_d	reg_d
model_stem	k ɪ s	k ɪ s t	k ɪ s t	m ɪ s	m ɪ s t	m ɪ s t	k ɪ s t	1	1	reg_t	reg_t	reg_t
model_stem	r ɪ p l a ɪ	r ɪ p l a ɪ d	r ɪ p l a ɪ d	ɑː k j ə p a ɪ	ɑː k j ə p a ɪ d	ɑː k j ə p a ɪ d	r ɪ p l a ɪ d	1	1	reg_d	reg_d	reg_d
model_stem	h ɹ̩ iː	h ɹ̩ iː d	h ɹ̩ iː d	w ɹ̩ iː	w ɹ̩ iː d	w ɹ̩ iː d	h ɹ̩ iː d	1	1	reg_d	reg_d	reg_d
model_stem	l o ʊ n	l o ʊ n d	l o ʊ n d	f o ʊ n	f o ʊ n d	f o ʊ n d	l o ʊ n d	1	1	reg_d	reg_d	reg_d
model_stem	r ɪ d	r ɪ d	r æ d	r iː d	r ɛ d	r ɛ d	NA	0	0	no_change	vowel_change	vowel_change
model_stem	h e ɪ t	h e ɪ t ə d	h e ɪ t ə d	r ɛ s t	r ɛ s t ə d	r ɛ s t ə d	h e ɪ t ə d	1	1	reg_əd	reg_əd	reg_əd
model_stem	s t ɪ ŋ k	s t ʌ ŋ k	s t ʌ ŋ k t	d r ɪ ŋ k	d r æ ŋ k	d r æ ŋ k	s t æ ŋ k	0	0	vowel_change	vowel_change_suffix	vowel_change
model_stem	s t ɪ l	s t ɪ l d	s t ʌ l d	s p ɪ l	s p ɪ l d	s p ɪ l d	s t ɪ l d	0	1	reg_d	vowel_change_suffix	reg_d
model_stem	ɡ r æ b	ɡ r æ b d	ɡ r æ b d	s k r ʌ b	s k r ʌ b d	s k r ʌ b d	ɡ r æ b d	1	1	reg_d	reg_d	reg_d
model_stem	k ʊ k	k ʊ k t	k ʊ k t	h ʊ k	h ʊ k t	h ʊ k t	k ʊ k t	1	1	reg_t	reg_t	reg_t
model_stem	v o ʊ t	v o ʊ t ə d	v o ʊ t ə d	m ɛ l t	m ɛ l t ə d	m ɛ l t ə d	v o ʊ t ə d	1	1	reg_əd	reg_əd	reg_əd
model_stem	k l iː r	k l iː r d	k l iː r d	s k ɛ r	s k ɛ r d	s k ɛ r d	k l iː r d	1	1	reg_d	reg_d	reg_d
model_stem	s t e ɪ b ə l a ɪ z	s t e ɪ b ə l a ɪ z d	s t ə d	ɛ k s ɹ̩ s a ɪ z	ɛ k s ɹ̩ s a ɪ z d	ɛ k s ɹ̩ s a ɪ z d	s t e ɪ b ə l a ɪ z d	0	1	reg_d	other	reg_d
model_stem	b iː t	b iː t	b iː t ə d	h iː t	h iː t ə d	h iː t ə d	b iː t ə d	1	0	no_change	reg_əd	reg_əd
model_stem	w iː l	w iː l d	w ɛ l t	f iː l	f ɛ l t	f ɛ l t	w ɛ l t	1	0	reg_d	vowel_change_suffix	vowel_change_suffix
model_stem	k ɑː s t	k ɑː s t	k ɑː s t ə d	r ɛ s t	r ɛ s t ə d	r ɛ s t ə d	k ɑː s t ə d	1	0	no_change	reg_əd	reg_əd
model_stem	p æ s	p æ s t	p æ s t	n ɹ̩ s	n ɹ̩ s t	n ɹ̩ s t	p æ s t	1	1	reg_t	reg_t	reg_t
model_stem	iː v ɪ n	iː v ɪ n d	iː v ɪ v d	ʃ a ɪ n	ʃ a ɪ n d	ʃ a ɪ n d	iː v ɪ n d	0	1	reg_d	coda_change	reg_d
model_stem	p l ɑː p	p l ɑː p t	p l ɑː p t	d o ʊ p	d o ʊ p t	d o ʊ p t	p l ɑː p t	1	1	reg_t	reg_t	reg_t
model_stem	w ɛ l k ə m	w ɛ l k ə m d	w k t ə k w d	s n ɑː r ə l	s n ɑː r ə l d	s n ɑː r ə l d	w ɛ l k ə m d	0	1	reg_d	other	reg_d
model_stem	b ɪ h e ɪ v	b ɪ h e ɪ v d	b ɪ h e ɪ v d	ɛ n k ɹ̩ ɪ d͡ʒ	ɛ n k ɹ̩ ɪ d͡ʒ d	ɛ n k ɹ̩ ɪ d͡ʒ d	b ɪ h e ɪ v d	1	1	reg_d	reg_d	reg_d
model_stem	m ɪ l k	m ɪ l k t	m ɪ l k t	b e ɪ k	b e ɪ k t	b e ɪ k t	m ɪ l k t	1	1	reg_t	reg_t	reg_t
model_stem	b ɔ r d ɹ̩	b ɔ r d ɹ̩ d	b ɔ r d ɹ̩ d	d ɑː k t ɹ̩	d ɑː k t ɹ̩ d	d ɑː k t ɹ̩ d	b ɔ r d ɹ̩ d	1	1	reg_d	reg_d	reg_d
model_stem	æ k t	æ k t ə d	æ k t	f ɪ t	f ɪ t	f ɪ t	æ k t	1	0	reg_əd	no_change	no_change
model_stem	f a ɪ t	f ɔ t	f a ɪ t	r a ɪ t	r o ʊ t	r o ʊ t	f o ʊ t	0	0	vowel_change	no_change	vowel_change
model_stem	w a ɪ p	w a ɪ p t	w a ɪ p t	t e ɪ p	t e ɪ p t	t e ɪ p t	w a ɪ p t	1	1	reg_t	reg_t	reg_t
model_stem	p ɹ̩ f ɛ k t	p ɹ̩ f ɛ k t ə d	p ɹ̩ f ɹ̩ k t ə d	s ə d͡ʒ ɛ s t	s ə d͡ʒ ɛ s t ə d	s ə d͡ʒ ɛ s t ə d	p ɹ̩ f ɛ k t ə d	0	1	reg_əd	other	reg_əd
model_stem	r ɪ l a ɪ	r ɪ l a ɪ d	r ɪ l a ɪ d	ə n t a ɪ	ə n t a ɪ d	ə n t a ɪ d	r ɪ l a ɪ d	1	1	reg_d	reg_d	reg_d
model_stem	t͡ʃ ɑː p	t͡ʃ ɑː p t	t͡ʃ ɑː p t	t ɑː p	t ɑː p t	t ɑː p t	t͡ʃ ɑː p t	1	1	reg_t	reg_t	reg_t
model_stem	ʃ a ʊ t	ʃ a ʊ t ə d	ʃ a ʊ t ə d	k o ʊ t	k o ʊ t ə d	k o ʊ t ə d	ʃ a ʊ t ə d	1	1	reg_əd	reg_əd	reg_əd
model_stem	b ɪ z iː	b ɪ z iː d	b ɪ z iː d	r ɛ d iː	r ɛ d iː d	r ɛ d iː d	b ɪ z iː d	1	1	reg_d	reg_d	reg_d
model_stem	p ʌ m p	p ʌ m p t	p ʌ m p t	d ʌ m p	d ʌ m p t	d ʌ m p t	p ʌ m p t	1	1	reg_t	reg_t	reg_t
model_stem	d r ɪ b ə l	d r ɪ b ə l d	d r ɪ b ə l d	t e ɪ b ə l	t e ɪ b ə l d	t e ɪ b ə l d	d r ɪ b ə l d	1	1	reg_d	reg_d	reg_d
model_stem	ɡ ɑː b ə l	ɡ ɑː b ə l d	ɡ ɑː b ə l d	b ʌ b ə l	b ʌ b ə l d	b ʌ b ə l d	ɡ ɑː b ə l d	1	1	reg_d	reg_d	reg_d
model_stem	ə p r o ʊ p r iː e ɪ t	ə p r o ʊ p r iː e ɪ t ə d	ə p r d	k ə m j uː n ə k e ɪ t	k ə m j uː n ə k e ɪ t ə d	k ə m j uː n ə k e ɪ t ə d	ə p r o ʊ p r iː e ɪ t ə d	0	1	reg_əd	other	reg_əd
model_stem	s l æ p	s l æ p t	s l æ p t	s n æ p	s n æ p t	s n æ p t	s l æ p t	1	1	reg_t	reg_t	reg_t
model_stem	p r ə t ɛ k t	p r ə t ɛ k t ə d	p r ə t ɛ k t ə d	ɪ k s p ɛ k t	ɪ k s p ɛ k t ə d	ɪ k s p ɛ k t ə d	p r ə t ɛ k t ə d	1	1	reg_əd	reg_əd	reg_əd
model_stem	b æ k	b æ k t	b æ k t	h ʊ k	h ʊ k t	h ʊ k t	b æ k t	1	1	reg_t	reg_t	reg_t
model_stem	ɪ k s ɛ p t	ɪ k s ɛ p t ə d	ɪ k s ɛ k t ə d	s ə d͡ʒ ɛ s t	s ə d͡ʒ ɛ s t ə d	s ə d͡ʒ ɛ s t ə d	ɪ k s ɛ p t ə d	0	1	reg_əd	other	reg_əd
model_stem	h ʌ ɡ	h ʌ ɡ d	h ʌ ɡ d	t͡ʃ ʌ ɡ	t͡ʃ ʌ ɡ d	t͡ʃ ʌ ɡ d	h ʌ ɡ d	1	1	reg_d	reg_d	reg_d
model_stem	f r a ɪ	f r a ɪ d	f r a ʊ d	d r a ɪ	d r a ɪ d	d r a ɪ d	f r a ɪ d	0	1	reg_d	vowel_change_suffix	reg_d
model_stem	r ɔ r	r ɔ r d	r ɔ r d	ʃ ɛ r	ʃ ɛ r d	ʃ ɛ r d	r ɔ r d	1	1	reg_d	reg_d	reg_d
model_stem	p r e ɪ	p r e ɪ d	p r e ɪ d	p l e ɪ	p l e ɪ d	p l e ɪ d	p r e ɪ d	1	1	reg_d	reg_d	reg_d
model_stem	s m æ k	s m æ k t	s m æ k t	s t æ k	s t æ k t	s t æ k t	s m æ k t	1	1	reg_t	reg_t	reg_t
model_stem	w ɔ t ɹ̩	w ɔ t ɹ̩ d	w ɔ t ɹ̩ d	m æ t ɹ̩	m æ t ɹ̩ d	m æ t ɹ̩ d	w ɔ t ɹ̩ d	1	1	reg_d	reg_d	reg_d
model_stem	s k w ɹ̩ t	s k w ɹ̩ t ə d	s k w ɹ̩ t ə d	f l o ʊ t	f l o ʊ t ə d	f l o ʊ t ə d	s k w ɹ̩ t ə d	1	1	reg_əd	reg_əd	reg_əd
model_stem	l a ɪ t	l ɪ t	l a ɪ t	r a ɪ t	r o ʊ t	r o ʊ t	l o ʊ t	0	0	vowel_change	no_change	vowel_change
model_stem	f l ʌ ʃ	f l ʌ ʃ t	f l ʌ ʃ t	b r ʌ ʃ	b r ʌ ʃ t	b r ʌ ʃ t	f l ʌ ʃ t	1	1	reg_t	reg_t	reg_t
model_stem	p ɛ t	p ɛ t ə d	p ɛ t	ʃ uː t	ʃ ɑː t	ʃ ɑː t	NA	0	0	reg_əd	no_change	vowel_change
model_stem	s e ɪ l	s e ɪ l d	s e ɪ l d	f e ɪ l	f e ɪ l d	f e ɪ l d	s e ɪ l d	1	1	reg_d	reg_d	reg_d
model_stem	m æ n ə d͡ʒ	m æ n ə d͡ʒ d	m æ n ə d͡ʒ d	t͡ʃ e ɪ n d͡ʒ	t͡ʃ e ɪ n d͡ʒ d	t͡ʃ e ɪ n d͡ʒ d	m æ n ə d͡ʒ d	1	1	reg_d	reg_d	reg_d
model_stem	ə n f o ʊ l d	ə n f o ʊ l d ə d	ə n o ʊ l iː l d	r iː m a ɪ n d	r iː m a ɪ n d ə d	r iː m a ɪ n d ə d	ə n f o ʊ l d ə d	0	1	reg_əd	other	reg_əd
model_stem	k ɪ d	k ɪ d ə d	k ɪ d	r iː d	r ɛ d	r ɛ d	NA	0	0	reg_əd	no_change	vowel_change
model_stem	s p a ɪ k	s p a ɪ k t	s p a ɪ k	b r e ɪ k	b r e ɪ k	b r o ʊ k	s p a ɪ k	1	0	reg_t	no_change	no_change
model_stem	p iː s	p iː s t	p iː s t	n ɹ̩ s	n ɹ̩ s t	n ɹ̩ s t	p iː s t	1	1	reg_t	reg_t	reg_t
model_stem	p ɛ r	p ɛ r d	p ɛ r d	d ɛ r	d ɛ r d	d ɛ r d	p ɛ r d	1	1	reg_d	reg_d	reg_d
model_stem	s w ɑː l o ʊ	s w ɑː l o ʊ d	s w ɑː l o ʊ l d	f ɑː l o ʊ	f ɑː l o ʊ d	f ɑː l o ʊ d	s w ɑː l o ʊ d	0	1	reg_d	coda_change	reg_d
model_stem	s p æ ŋ k	s p æ ŋ k t	s p æ ŋ k	d r ɪ ŋ k	d r æ ŋ k	d r æ ŋ k	NA	0	0	reg_t	no_change	vowel_change
model_stem	k r ɔ l	k r ɔ l d	k r ɔ l d	n e ɪ l	n e ɪ l d	n e ɪ l d	k r ɔ l d	1	1	reg_d	reg_d	reg_d
model_stem	r ɑː b	r ɑː b d	r ɑː b d	d ɑː n	d ɑː n d	d ɑː n d	r ɑː b d	1	1	reg_d	reg_d	reg_d
model_stem	s l ɪ p	s l ɪ p t	s l ɪ p t	s k ɪ p	s k ɪ p t	s k ɪ p t	s l ɪ p t	1	1	reg_t	reg_t	reg_t
model_stem	z ɪ p ɹ̩	z ɪ p ɹ̩ d	z ɪ p ɹ̩ d	m ɪ r ɹ̩	m ɪ r ɹ̩ d	m ɪ r ɹ̩ d	z ɪ p ɹ̩ d	1	1	reg_d	reg_d	reg_d
model_stem	r ʌ ʃ	r ʌ ʃ t	r æ ʃ t	m æ ʃ	m æ ʃ t	m æ ʃ t	r ʌ ʃ t	0	1	reg_t	vowel_change_suffix	reg_t
model_stem	f r a ɪ t ə n	f r a ɪ t ə n d	f r a ɪ t ə d	t a ɪ t ə n	t a ɪ t ə n d	t a ɪ t ə n d	f r a ɪ t ə n d	0	1	reg_d	coda_change	reg_d
model_stem	s ə l ɛ k t	s ə l ɛ k t ə d	s ə l ɛ k t ə d	s ə d͡ʒ ɛ s t	s ə d͡ʒ ɛ s t ə d	s ə d͡ʒ ɛ s t ə d	s ə l ɛ k t ə d	1	1	reg_əd	reg_əd	reg_əd
model_stem	k ɔ f	k ɔ f t	k ɔ f t	l æ f	l æ f t	l æ f t	k ɔ f t	1	1	reg_t	reg_t	reg_t
model_stem	d ʌ ŋ k	d ʌ ŋ k t	d ʌ ŋ k t	θ ɪ ŋ k	θ ɔ t	θ ɔ t	NA	0	0	reg_t	reg_t	rhyme_replaced
model_stem	b æ n d ɪ d͡ʒ	b æ n d ɪ d͡ʒ d	b æ n d ɪ d͡ʒ d	ɛ n k ɹ̩ ɪ d͡ʒ	ɛ n k ɹ̩ ɪ d͡ʒ d	ɛ n k ɹ̩ ɪ d͡ʒ d	b æ n d ɪ d͡ʒ d	1	1	reg_d	reg_d	reg_d
model_stem	w ɪ ŋ	w ɪ ŋ d	w ʌ ŋ	s ɪ ŋ	s æ ŋ	s æ ŋ	w æ ŋ	0	0	reg_d	vowel_change	vowel_change
model_stem	t͡ʃ ɪ k ə n	t͡ʃ ɪ k ə n d	t͡ʃ ɪ k ə n d	b ʌ t ə n	b ʌ t ə n d	b ʌ t ə n d	t͡ʃ ɪ k ə n d	1	1	reg_d	reg_d	reg_d
model_stem	m e ɪ l	m e ɪ l d	m e ɪ l d	n e ɪ l	n e ɪ l d	n e ɪ l d	m e ɪ l d	1	1	reg_d	reg_d	reg_d
model_stem	b ʌ d͡ʒ	b ʌ d͡ʒ d	b ʌ d͡ʒ d	t͡ʃ e ɪ n d͡ʒ	t͡ʃ e ɪ n d͡ʒ d	t͡ʃ e ɪ n d͡ʒ d	b ʌ d͡ʒ d	1	1	reg_d	reg_d	reg_d
model_stem	w ɔ r n	w ɔ r n d	w ɔ r n d	d ɑː r n	d ɑː r n d	d ɑː r n d	w ɔ r n d	1	1	reg_d	reg_d	reg_d
model_stem	b ʌ k ə l	b ʌ k ə l d	b ʌ k ə l d	b ɑː t ə l	b ɑː t ə l d	b ɑː t ə l d	b ʌ k ə l d	1	1	reg_d	reg_d	reg_d
model_stem	t iː t ɹ̩	t iː t ɹ̩ d	t iː t ɹ̩ d	m æ t ɹ̩	m æ t ɹ̩ d	m æ t ɹ̩ d	t iː t ɹ̩ d	1	1	reg_d	reg_d	reg_d
model_stem	s w ɪ ʃ	s w ɪ ʃ t	s w ɪ ʃ t	s m æ ʃ	s m æ ʃ t	s m æ ʃ t	s w ɪ ʃ t	1	1	reg_t	reg_t	reg_t
model_stem	ʃ ʌ v ə l	ʃ ʌ v ə l d	ʃ ʌ v ə l d	t͡ʃ æ n ə l	t͡ʃ æ n ə l d	t͡ʃ æ n ə l d	ʃ ʌ v ə l d	1	1	reg_d	reg_d	reg_d
model_stem	ɛ n t ɹ̩	ɛ n t ɹ̩ d	ɛ n t ɹ̩ d	m æ t ɹ̩	m æ t ɹ̩ d	m æ t ɹ̩ d	ɛ n t ɹ̩ d	1	1	reg_d	reg_d	reg_d
model_stem	ɡ r æ v ə t e ɪ t	ɡ r æ v ə t e ɪ t ə d	ɡ r æ v ə t e ɪ t ə d	ɪ l ə s t r e ɪ t	ɪ l ə s t r e ɪ t ə d	ɪ l ə s t r e ɪ t ə d	ɡ r æ v ə t e ɪ t ə d	1	1	reg_əd	reg_əd	reg_əd
model_stem	n o ʊ t	n o ʊ t ə d	n o ʊ t ə d	m ɛ l t	m ɛ l t ə d	m ɛ l t ə d	n o ʊ t ə d	1	1	reg_əd	reg_əd	reg_əd
model_stem	k r ʌ ʃ	k r ʌ ʃ t	k r ʌ ʃ t	b r ʌ ʃ	b r ʌ ʃ t	b r ʌ ʃ t	k r ʌ ʃ t	1	1	reg_t	reg_t	reg_t
model_stem	s w ɑː p	s w ɑː p t	s w ɑː p t	s w iː p	s w ɛ p t	s w ɛ p t	NA	0	0	reg_t	reg_t	vowel_change_suffix
model_stem	ə p s ɛ t	ə p s ɛ t	ə p s ɛ t ə d	ə r ɛ s t	ə r ɛ s t ə d	ə r ɛ s t ə d	ə p s ɛ t ə d	1	0	no_change	reg_əd	reg_əd
model_stem	s iː s ɔ	s iː s ɔ d	s iː s iː d	s t ɹ̩	s t ɹ̩ d	s t ɹ̩ d	s iː s ɔ d	0	1	reg_d	vowel_change_suffix	reg_d
model_stem	m ɛ r ɪ t	m ɛ r ɪ t ə d	m ɛ r æ t ə d	v ɪ z ɪ t	v ɪ z ɪ t ə d	v ɪ z ɪ t ə d	m ɛ r ɪ t ə d	0	1	reg_əd	other	reg_əd
model_stem	k ə l ɛ k t	k ə l ɛ k t ə d	k ə l ɛ k t ə d	s ə d͡ʒ ɛ s t	s ə d͡ʒ ɛ s t ə d	s ə d͡ʒ ɛ s t ə d	k ə l ɛ k t ə d	1	1	reg_əd	reg_əd	reg_əd
model_stem	b e ɪ ð	b e ɪ ð d	b e ɪ ð d	b r iː ð	b r iː ð d	b r iː ð d	b e ɪ ð d	1	1	reg_d	reg_d	reg_d
model_stem	k r æ ŋ k	k r æ ŋ k t	k r æ ŋ k	d r ɪ ŋ k	d r æ ŋ k	d r æ ŋ k	NA	0	0	reg_t	no_change	vowel_change
model_stem	t͡ʃ ʌ k	t͡ʃ ʌ k t	t͡ʃ ʌ k t	t ʌ k	t ʌ k t	t ʌ k t	t͡ʃ ʌ k t	1	1	reg_t	reg_t	reg_t
model_stem	p ʌ f	p ʌ f t	p ʌ f t	l æ f	l æ f t	l æ f t	p ʌ f t	1	1	reg_t	reg_t	reg_t
model_stem	p r ɑː d͡ʒ ɛ k t	p r ɑː d͡ʒ ɛ k t ə d	p r ɑː d͡ʒ ɛ k t ə d	ɪ k s p ɛ k t	ɪ k s p ɛ k t ə d	ɪ k s p ɛ k t ə d	p r ɑː d͡ʒ ɛ k t ə d	1	1	reg_əd	reg_əd	reg_əd
model_stem	t r ɪ p	t r ɪ p t	t r ɪ p t	t e ɪ p	t e ɪ p t	t e ɪ p t	t r ɪ p t	1	1	reg_t	reg_t	reg_t
model_stem	r ɪ l æ k s	r ɪ l æ k s t	r æ l æ k s t	r ɪ d͡ʒ ɔ ɪ s	r ɪ d͡ʒ ɔ ɪ s t	r ɪ d͡ʒ ɔ ɪ s t	r ɪ l æ k s t	0	1	reg_t	other	reg_t
model_stem	d ɪ l iː t	d ɪ l iː t ə d	d ɪ l iː t ə d	k a ʊ n t	k a ʊ n t ə d	k a ʊ n t ə d	d ɪ l iː t ə d	1	1	reg_əd	reg_əd	reg_əd
model_decision	s p ɛ l	s p ɛ l d	s p ɛ l d	s m ɛ l	s m ɛ l d	s m ɛ l d	s p ɛ l d	1	1	reg_d	reg_d	reg_d
model_decision	d uː	d ɪ d	d	k ʌ t	k ʌ t	k ʌ t	d uː	0	0	vowel_change_suffix	other	no_change
model_decision	m e ɪ k	m e ɪ d	m e ɪ k t	b e ɪ k	b e ɪ k t	b e ɪ k t	m e ɪ k t	1	0	coda_change	reg_t	reg_t
model_decision	ə p r iː ʃ iː e ɪ t	ə p r iː ʃ iː e ɪ t ə d	ə p r iː e ɪ e ɪ t ə d	s ɛ p ɹ̩ e ɪ t	s ɛ p ɹ̩ e ɪ t ə d	s ɛ p ɹ̩ e ɪ t ə d	ə p r iː ʃ iː e ɪ t ə d	0	1	reg_əd	other	reg_əd
model_decision	p e ɪ n t	p e ɪ n t ə d	p e ɪ n t ə d	p r ɪ n t	p r ɪ n t ə d	p r ɪ n t ə d	p e ɪ n t ə d	1	1	reg_əd	reg_əd	reg_əd
model_decision	iː t	e ɪ t	iː d ə t ə t ə d ə d	t iː	t iː d	t iː d	iː t d	0	0	vowel_change	other	reg_d
model_decision	p ʊ t	p ʊ t	p ʊ t ə d	p ɑː t	p ɑː t ə d	p ɑː t ə d	p ʊ t ə d	1	0	no_change	reg_əd	reg_əd
model_decision	r ɪ m ɛ m b ɹ̩	r ɪ m ɛ m b ɹ̩ d	r ɪ m ɛ m ɛ b ɹ̩ d	k iː p	k ɛ p t	k ɛ p t	NA	0	0	reg_d	other	vowel_change_suffix
model_decision	f ɪ k s	f ɪ k s t	f ɪ k s t	m ɪ k s	m ɪ k s t	m ɪ k s t	f ɪ k s t	1	1	reg_t	reg_t	reg_t
model_decision	t ɹ̩ n	t ɹ̩ n d	t ɹ̩ n d	l ɹ̩ n	l ɹ̩ n d	l ɹ̩ n d	t ɹ̩ n d	1	1	reg_d	reg_d	reg_d
model_decision	f l a ɪ	f l uː	f l a ʊ d	f a ɪ n d	f a ʊ n d	f a ʊ n d	NA	0	0	vowel_change	vowel_change_suffix	vowel_change
model_decision	p ɪ k	p ɪ k t	p ɪ k t	p æ k	p æ k t	p æ k t	p ɪ k t	1	1	reg_t	reg_t	reg_t
model_decision	b ʌ m p	b ʌ m p t	b ʌ m p t	d ʌ m p	d ʌ m p t	d ʌ m p t	b ʌ m p t	1	1	reg_t	reg_t	reg_t
model_decision	l o ʊ ɹ̩	l o ʊ ɹ̩ d	l o ʊ ɹ̩ d	k ʌ l ɹ̩	k ʌ l ɹ̩ d	k ʌ l ɹ̩ d	l o ʊ ɹ̩ d	1	1	reg_d	reg_d	reg_d
model_decision	s k r e ɪ p	s k r e ɪ p t	s k r e ɪ p t	s t r a ɪ p	s t r a ɪ p t	s t r a ɪ p t	s k r e ɪ p t	1	1	reg_t	reg_t	reg_t
model_decision	d ɪ ŋ	d ɪ ŋ d	d ʌ ŋ	d ɪ ɡ	d ʌ ɡ	d ʌ ɡ	NA	0	0	reg_d	vowel_change	vowel_change
model_decision	h a ɪ d	h ɪ d	h a ɪ d ə d	s a ɪ d	s a ɪ d ə d	s a ɪ d ə d	h a ɪ d ə d	1	0	vowel_change	reg_əd	reg_əd
model_decision	p ɔ r	p ɔ r d	p ɔ r d	b ɑː r	b ɑː r d	b ɑː r d	p ɔ r d	1	1	reg_d	reg_d	reg_d
model_decision	k l iː n	k l iː n d	k l iː n d	l iː n	l iː n d	l iː n d	k l iː n d	1	1	reg_d	reg_d	reg_d
model_decision	b a ɪ	b ɔ t	b a ɪ d	s a ɪ	s a ɪ d	s a ɪ d	b a ɪ d	1	0	vowel_change_suffix	reg_d	reg_d
model_decision	n æ p	n æ p t	n æ p t	p ɑː p	p ɑː p t	p ɑː p t	n æ p t	1	1	reg_t	reg_t	reg_t
model_decision	n ɑː k	n ɑː k t	n ɑː k t	t ʌ k	t ʌ k t	t ʌ k t	n ɑː k t	1	1	reg_t	reg_t	reg_t
model_decision	w e ɪ k	w o ʊ k	w e ɪ k t	b e ɪ k	b e ɪ k t	b e ɪ k t	w e ɪ k t	1	0	vowel_change	reg_t	reg_t
model_decision	j uː z	j uː z d	j uː z d	k ɑː z	k ɑː z d	k ɑː z d	j uː z d	1	1	reg_d	reg_d	reg_d
model_decision	r ɪ ŋ	r æ ŋ	r æ ŋ	s ɪ ŋ	s æ ŋ	s æ ŋ	r æ ŋ	1	1	vowel_change	vowel_change	vowel_change
model_decision	r ʌ b	r ʌ b d	r æ b	r ʌ n	r æ n	r æ n	NA	0	0	reg_d	vowel_change	vowel_change
model_decision	l ɪ k	l ɪ k t	l ɪ k t	l ɑː k	l ɑː k t	l ɑː k t	l ɪ k t	1	1	reg_t	reg_t	reg_t
model_decision	d r ɑː p	d r ɑː p t	d r ɑː p t	d o ʊ p	d o ʊ p t	d o ʊ p t	d r ɑː p t	1	1	reg_t	reg_t	reg_t
model_decision	t ɔ k	t ɔ k t	t ɔ k t	t ʌ k	t ʌ k t	t ʌ k t	t ɔ k t	1	1	reg_t	reg_t	reg_t
model_decision	ʃ ʌ v	ʃ ʌ v d	ʃ ʌ v d	s e ɪ v	s e ɪ v d	s e ɪ v d	ʃ ʌ v d	1	1	reg_d	reg_d	reg_d
model_decision	l ɪ s ə n	l ɪ s ə n d	l ɪ s ə n d	f æ s ə n	f æ s ə n d	f æ s ə n d	l ɪ s ə n d	1	1	reg_d	reg_d	reg_d
model_decision	m ɛ r iː	m ɛ r iː d	m ɛ r iː d	ə ɡ r iː	ə ɡ r iː d	ə ɡ r iː d	m ɛ r iː d	1	1	reg_d	reg_d	reg_d
model_decision	b ɑː r k	b ɑː r k t	b ɑː r k t	p ɑː r k	p ɑː r k t	p ɑː r k t	b ɑː r k t	1	1	reg_t	reg_t	reg_t
model_decision	p l iː d	p l iː d ə d	p l iː d ə d	b ɛ n d	b ɛ n d ə d	b ɛ n d ə d	p l iː d ə d	1	1	reg_əd	reg_əd	reg_əd
model_decision	s p ɛ n d	s p ɛ n t	s p ɛ n d ə d	s a ʊ n d	s a ʊ n d ə d	s a ʊ n d ə d	s p ɛ n d ə d	1	0	coda_change	reg_əd	reg_əd
model_decision	h æ ŋ	h ʌ ŋ	h æ ŋ d	b æ ŋ	b æ ŋ d	b æ ŋ d	h æ ŋ d	1	0	vowel_change	reg_d	reg_d
model_decision	f a ɪ ɹ̩	f a ɪ ɹ̩ d	f a ɪ ɹ̩ d	t a ɪ ɹ̩	t a ɪ ɹ̩ d	t a ɪ ɹ̩ d	f a ɪ ɹ̩ d	1	1	reg_d	reg_d	reg_d
model_decision	b a ɪ t	b ɪ t	b a ɪ t	k w ɪ t	k w ɪ t	k w ɪ t	b a ɪ t	1	0	vowel_change	no_change	no_change
model_decision	w ɔ r m	w ɔ r m d	w ɔ r m d	f ɔ r m	f ɔ r m d	f ɔ r m d	w ɔ r m d	1	1	reg_d	reg_d	reg_d
model_decision	k ə n ɛ k t	k ə n ɛ k t ə d	k ə n ɛ n t ə d	s t æ n d	s t ʊ d	s t ʊ d	NA	0	0	reg_əd	other	rhyme_replaced
model_decision	s p r ɛ d	s p r ɛ d	s p r ɛ d ə d	s a ʊ n d	s a ʊ n d ə d	s a ʊ n d ə d	s p r ɛ d ə d	1	0	no_change	reg_əd	reg_əd
model_decision	s k w iː z	s k w iː z d	s k w iː z d	p l iː z	p l iː z d	p l iː z d	s k w iː z d	1	1	reg_d	reg_d	reg_d
model_decision	ɪ r e ɪ s	ɪ r e ɪ s t	ɪ r e ɪ s t	t r e ɪ s	t r e ɪ s t	t r e ɪ s t	ɪ r e ɪ s t	1	1	reg_t	reg_t	reg_t
model_decision	t a ɪ m	t a ɪ m d	t a ɪ m d	s l æ m	s l æ m d	s l æ m d	t a ɪ m d	1	1	reg_d	reg_d	reg_d
model_decision	p ɪ k t͡ʃ ɹ̩	p ɪ k t͡ʃ ɹ̩ d	p t	r æ p	r æ p t	r æ p t	p ɪ k t͡ʃ ɹ̩ t	0	0	reg_d	other	reg_t
model_decision	k æ r iː	k æ r iː d	k æ r iː d	ə ɡ r iː	ə ɡ r iː d	ə ɡ r iː d	k æ r iː d	1	1	reg_d	reg_d	reg_d
model_decision	k ɪ s	k ɪ s t	k ɪ s t	m ɪ s	m ɪ s t	m ɪ s t	k ɪ s t	1	1	reg_t	reg_t	reg_t
model_decision	r ɪ p l a ɪ	r ɪ p l a ɪ d	r ɪ p l a ɪ d	ɑː k j ə p a ɪ	ɑː k j ə p a ɪ d	ɑː k j ə p a ɪ d	r ɪ p l a ɪ d	1	1	reg_d	reg_d	reg_d
model_decision	h ɹ̩ iː	h ɹ̩ iː d	h ɹ̩ iː d	w ɹ̩ iː	w ɹ̩ iː d	w ɹ̩ iː d	h ɹ̩ iː d	1	1	reg_d	reg_d	reg_d
model_decision	l o ʊ n	l o ʊ n d	l o ʊ n d	f o ʊ n	f o ʊ n d	f o ʊ n d	l o ʊ n d	1	1	reg_d	reg_d	reg_d
model_decision	r ɪ d	r ɪ d	r æ d	r ʌ n	r æ n	r æ n	NA	0	0	no_change	vowel_change	vowel_change
model_decision	h e ɪ t	h e ɪ t ə d	h e ɪ t ə d	r ɛ s t	r ɛ s t ə d	r ɛ s t ə d	h e ɪ t ə d	1	1	reg_əd	reg_əd	reg_əd
model_decision	s t ɪ ŋ k	s t ʌ ŋ k	s t ʌ ŋ k t	s t ɪ ŋ	s t ʌ ŋ	s t ʌ ŋ	NA	0	0	vowel_change	vowel_change_suffix	vowel_change
model_decision	s t ɪ l	s t ɪ l d	s t ʌ l d	s t ɪ ŋ	s t ʌ ŋ	s t ʌ ŋ	NA	0	0	reg_d	vowel_change_suffix	vowel_change
model_decision	ɡ r æ b	ɡ r æ b d	ɡ r æ b d	s k r ʌ b	s k r ʌ b d	s k r ʌ b d	ɡ r æ b d	1	1	reg_d	reg_d	reg_d
model_decision	k ʊ k	k ʊ k t	k ʊ k t	h ʊ k	h ʊ k t	h ʊ k t	k ʊ k t	1	1	reg_t	reg_t	reg_t
model_decision	v o ʊ t	v o ʊ t ə d	v o ʊ t ə d	m ɛ l t	m ɛ l t ə d	m ɛ l t ə d	v o ʊ t ə d	1	1	reg_əd	reg_əd	reg_əd
model_decision	k l iː r	k l iː r d	k l iː r d	s k ɛ r	s k ɛ r d	s k ɛ r d	k l iː r d	1	1	reg_d	reg_d	reg_d
model_decision	s t e ɪ b ə l a ɪ z	s t e ɪ b ə l a ɪ z d	s t ə d	ɛ k s t r ə k e ɪ t	ɛ k s t r ə k e ɪ t ə d	ɛ k s t r ə k e ɪ t ə d	s t e ɪ b ə l a ɪ z ə d	0	0	reg_d	other	reg_əd
model_decision	b iː t	b iː t	b iː t ə d	h iː t	h iː t ə d	h iː t ə d	b iː t ə d	1	0	no_change	reg_əd	reg_əd
model_decision	w iː l	w iː l d	w ɛ l t	s w iː p	s w ɛ p t	s w ɛ p t	NA	0	0	reg_d	vowel_change_suffix	vowel_change_suffix
model_decision	k ɑː s t	k ɑː s t	k ɑː s t ə d	r ɛ s t	r ɛ s t ə d	r ɛ s t ə d	k ɑː s t ə d	1	0	no_change	reg_əd	reg_əd
model_decision	p æ s	p æ s t	p æ s t	n ɹ̩ s	n ɹ̩ s t	n ɹ̩ s t	p æ s t	1	1	reg_t	reg_t	reg_t
model_decision	iː v ɪ n	iː v ɪ n d	iː v ɪ v d	h æ v	h æ d	h æ d	NA	0	0	reg_d	coda_change	coda_change
model_decision	p l ɑː p	p l ɑː p t	p l ɑː p t	d o ʊ p	d o ʊ p t	d o ʊ p t	p l ɑː p t	1	1	reg_t	reg_t	reg_t
model_decision	w ɛ l k ə m	w ɛ l k ə m d	w k t ə k w d	s w iː p	s w ɛ p t	s w ɛ p t	NA	0	0	reg_d	other	vowel_change_suffix
model_decision	b ɪ h e ɪ v	b ɪ h e ɪ v d	b ɪ h e ɪ v d	ɛ n k ɹ̩ ɪ d͡ʒ	ɛ n k ɹ̩ ɪ d͡ʒ d	ɛ n k ɹ̩ ɪ d͡ʒ d	b ɪ h e ɪ v d	1	1	reg_d	reg_d	reg_d
model_decision	m ɪ l k	m ɪ l k t	m ɪ l k t	b e ɪ k	b e ɪ k t	b e ɪ k t	m ɪ l k t	1	1	reg_t	reg_t	reg_t
model_decision	b ɔ r d ɹ̩	b ɔ r d ɹ̩ d	b ɔ r d ɹ̩ d	d ɑː k t ɹ̩	d ɑː k t ɹ̩ d	d ɑː k t ɹ̩ d	b ɔ r d ɹ̩ d	1	1	reg_d	reg_d	reg_d
model_decision	æ k t	æ k t ə d	æ k t	f ɪ t	f ɪ t	f ɪ t	æ k t	1	0	reg_əd	no_change	no_change
model_decision	f a ɪ t	f ɔ t	f a ɪ t	k w ɪ t	k w ɪ t	k w ɪ t	f a ɪ t	1	0	vowel_change	no_change	no_change
model_decision	w a ɪ p	w a ɪ p t	w a ɪ p t	t e ɪ p	t e ɪ p t	t e ɪ p t	w a ɪ p t	1	1	reg_t	reg_t	reg_t
model_decision	p ɹ̩ f ɛ k t	p ɹ̩ f ɛ k t ə d	p ɹ̩ f ɹ̩ k t ə d	r ɪ v ɹ̩ s	r ɪ v ɹ̩ s t	r ɪ v ɹ̩ s t	p ɹ̩ f ɛ k t t	0	0	reg_əd	other	reg_t
model_decision	r ɪ l a ɪ	r ɪ l a ɪ d	r ɪ l a ɪ d	ə n t a ɪ	ə n t a ɪ d	ə n t a ɪ d	r ɪ l a ɪ d	1	1	reg_d	reg_d	reg_d
model_decision	t͡ʃ ɑː p	t͡ʃ ɑː p t	t͡ʃ ɑː p t	t ɑː p	t ɑː p t	t ɑː p t	t͡ʃ ɑː p t	1	1	reg_t	reg_t	reg_t
model_decision	ʃ a ʊ t	ʃ a ʊ t ə d	ʃ a ʊ t ə d	k o ʊ t	k o ʊ t ə d	k o ʊ t ə d	ʃ a ʊ t ə d	1	1	reg_əd	reg_əd	reg_əd
model_decision	b ɪ z iː	b ɪ z iː d	b ɪ z iː d	r ɛ d iː	r ɛ d iː d	r ɛ d iː d	b ɪ z iː d	1	1	reg_d	reg_d	reg_d
model_decision	p ʌ m p	p ʌ m p t	p ʌ m p t	d ʌ m p	d ʌ m p t	d ʌ m p t	p ʌ m p t	1	1	reg_t	reg_t	reg_t
model_decision	d r ɪ b ə l	d r ɪ b ə l d	d r ɪ b ə l d	t e ɪ b ə l	t e ɪ b ə l d	t e ɪ b ə l d	d r ɪ b ə l d	1	1	reg_d	reg_d	reg_d
model_decision	ɡ ɑː b ə l	ɡ ɑː b ə l d	ɡ ɑː b ə l d	b ʌ b ə l	b ʌ b ə l d	b ʌ b ə l d	ɡ ɑː b ə l d	1	1	reg_d	reg_d	reg_d
model_decision	ə p r o ʊ p r iː e ɪ t	ə p r o ʊ p r iː e ɪ t ə d	ə p r d	ɪ k s p l ɔ r	ɪ k s p l ɔ r d	ɪ k s p l ɔ r d	ə p r o ʊ p r iː e ɪ t d	0	0	reg_əd	other	reg_d
model_decision	s l æ p	s l æ p t	s l æ p t	s n æ p	s n æ p t	s n æ p t	s l æ p t	1	1	reg_t	reg_t	reg_t
model_decision	p r ə t ɛ k t	p r ə t ɛ k t ə d	p r ə t ɛ k t ə d	ɪ k s p ɛ k t	ɪ k s p ɛ k t ə d	ɪ k s p ɛ k t ə d	p r ə t ɛ k t ə d	1	1	reg_əd	reg_əd	reg_əd
model_decision	b æ k	b æ k t	b æ k t	h ʊ k	h ʊ k t	h ʊ k t	b æ k t	1	1	reg_t	reg_t	reg_t
model_decision	ɪ k s ɛ p t	ɪ k s ɛ p t ə d	ɪ k s ɛ k t ə d	k æ p t͡ʃ ɹ̩	k æ p t͡ʃ ɹ̩ d	k æ p t͡ʃ ɹ̩ d	ɪ k s ɛ p t d	0	0	reg_əd	other	reg_d
model_decision	h ʌ ɡ	h ʌ ɡ d	h ʌ ɡ d	t͡ʃ ʌ ɡ	t͡ʃ ʌ ɡ d	t͡ʃ ʌ ɡ d	h ʌ ɡ d	1	1	reg_d	reg_d	reg_d
model_decision	f r a ɪ	f r a ɪ d	f r a ʊ d	f a ɪ n d	f a ʊ n d	f a ʊ n d	NA	0	0	reg_d	vowel_change_suffix	vowel_change
model_decision	r ɔ r	r ɔ r d	r ɔ r d	ʃ ɛ r	ʃ ɛ r d	ʃ ɛ r d	r ɔ r d	1	1	reg_d	reg_d	reg_d
model_decision	p r e ɪ	p r e ɪ d	p r e ɪ d	p l e ɪ	p l e ɪ d	p l e ɪ d	p r e ɪ d	1	1	reg_d	reg_d	reg_d
model_decision	s m æ k	s m æ k t	s m æ k t	s t æ k	s t æ k t	s t æ k t	s m æ k t	1	1	reg_t	reg_t	reg_t
model_decision	w ɔ t ɹ̩	w ɔ t ɹ̩ d	w ɔ t ɹ̩ d	m æ t ɹ̩	m æ t ɹ̩ d	m æ t ɹ̩ d	w ɔ t ɹ̩ d	1	1	reg_d	reg_d	reg_d
model_decision	s k w ɹ̩ t	s k w ɹ̩ t ə d	s k w ɹ̩ t ə d	f l o ʊ t	f l o ʊ t ə d	f l o ʊ t ə d	s k w ɹ̩ t ə d	1	1	reg_əd	reg_əd	reg_əd
model_decision	l a ɪ t	l ɪ t	l a ɪ t	h ɪ t	h ɪ t	h ɪ t	l a ɪ t	1	0	vowel_change	no_change	no_change
model_decision	f l ʌ ʃ	f l ʌ ʃ t	f l ʌ ʃ t	b r ʌ ʃ	b r ʌ ʃ t	b r ʌ ʃ t	f l ʌ ʃ t	1	1	reg_t	reg_t	reg_t
model_decision	p ɛ t	p ɛ t ə d	p ɛ t	ʃ ʌ t	ʃ ʌ t	ʃ ʌ t	p ɛ t	1	0	reg_əd	no_change	no_change
model_decision	s e ɪ l	s e ɪ l d	s e ɪ l d	f e ɪ l	f e ɪ l d	f e ɪ l d	s e ɪ l d	1	1	reg_d	reg_d	reg_d
model_decision	m æ n ə d͡ʒ	m æ n ə d͡ʒ d	m æ n ə d͡ʒ d	t͡ʃ e ɪ n d͡ʒ	t͡ʃ e ɪ n d͡ʒ d	t͡ʃ e ɪ n d͡ʒ d	m æ n ə d͡ʒ d	1	1	reg_d	reg_d	reg_d
model_decision	ə n f o ʊ l d	ə n f o ʊ l d ə d	ə n o ʊ l iː l d	s t iː l	s t o ʊ l	s t o ʊ l	NA	0	0	reg_əd	other	vowel_change
model_decision	k ɪ d	k ɪ d ə d	k ɪ d	ɛ n d	ɛ n d ə d	ɛ n d ə d	k ɪ d ə d	0	1	reg_əd	no_change	reg_əd
model_decision	s p a ɪ k	s p a ɪ k t	s p a ɪ k	b r e ɪ k	b r e ɪ k	b r o ʊ k	s p a ɪ k	1	0	reg_t	no_change	no_change
model_decision	p iː s	p iː s t	p iː s t	n ɹ̩ s	n ɹ̩ s t	n ɹ̩ s t	p iː s t	1	1	reg_t	reg_t	reg_t
model_decision	p ɛ r	p ɛ r d	p ɛ r d	d ɛ r	d ɛ r d	d ɛ r d	p ɛ r d	1	1	reg_d	reg_d	reg_d
model_decision	s w ɑː l o ʊ	s w ɑː l o ʊ d	s w ɑː l o ʊ l d	f ɑː l o ʊ	f ɑː l o ʊ d	f ɑː l o ʊ d	s w ɑː l o ʊ d	0	1	reg_d	coda_change	reg_d
model_decision	s p æ ŋ k	s p æ ŋ k t	s p æ ŋ k	b r e ɪ k	b r e ɪ k	b r o ʊ k	s p æ ŋ k	1	0	reg_t	no_change	no_change
model_decision	k r ɔ l	k r ɔ l d	k r ɔ l d	n e ɪ l	n e ɪ l d	n e ɪ l d	k r ɔ l d	1	1	reg_d	reg_d	reg_d
model_decision	r ɑː b	r ɑː b d	r ɑː b d	d ɑː n	d ɑː n d	d ɑː n d	r ɑː b d	1	1	reg_d	reg_d	reg_d
model_decision	s l ɪ p	s l ɪ p t	s l ɪ p t	s k ɪ p	s k ɪ p t	s k ɪ p t	s l ɪ p t	1	1	reg_t	reg_t	reg_t
model_decision	z ɪ p ɹ̩	z ɪ p ɹ̩ d	z ɪ p ɹ̩ d	m ɪ r ɹ̩	m ɪ r ɹ̩ d	m ɪ r ɹ̩ d	z ɪ p ɹ̩ d	1	1	reg_d	reg_d	reg_d
model_decision	r ʌ ʃ	r ʌ ʃ t	r æ ʃ t	r ʌ n	r æ n	r æ n	NA	0	0	reg_t	vowel_change_suffix	vowel_change
model_decision	f r a ɪ t ə n	f r a ɪ t ə n d	f r a ɪ t ə d	f l a ʊ n d ɹ̩	f l a ʊ n d ɹ̩ d	f l a ʊ n d ɹ̩ d	f r a ɪ t ə n d	0	1	reg_d	coda_change	reg_d
model_decision	s ə l ɛ k t	s ə l ɛ k t ə d	s ə l ɛ k t ə d	s ə d͡ʒ ɛ s t	s ə d͡ʒ ɛ s t ə d	s ə d͡ʒ ɛ s t ə d	s ə l ɛ k t ə d	1	1	reg_əd	reg_əd	reg_əd
model_decision	k ɔ f	k ɔ f t	k ɔ f t	l æ f	l æ f t	l æ f t	k ɔ f t	1	1	reg_t	reg_t	reg_t
model_decision	d ʌ ŋ k	d ʌ ŋ k t	d ʌ ŋ k t	θ æ ŋ k	θ æ ŋ k t	θ æ ŋ k t	d ʌ ŋ k t	1	1	reg_t	reg_t	reg_t
model_decision	b æ n d ɪ d͡ʒ	b æ n d ɪ d͡ʒ d	b æ n d ɪ d͡ʒ d	ɛ n k ɹ̩ ɪ d͡ʒ	ɛ n k ɹ̩ ɪ d͡ʒ d	ɛ n k ɹ̩ ɪ d͡ʒ d	b æ n d ɪ d͡ʒ d	1	1	reg_d	reg_d	reg_d
model_decision	w ɪ ŋ	w ɪ ŋ d	w ʌ ŋ	w ɪ n	w ʌ n	w ʌ n	NA	0	0	reg_d	vowel_change	vowel_change
model_decision	t͡ʃ ɪ k ə n	t͡ʃ ɪ k ə n d	t͡ʃ ɪ k ə n d	b ʌ t ə n	b ʌ t ə n d	b ʌ t ə n d	t͡ʃ ɪ k ə n d	1	1	reg_d	reg_d	reg_d
model_decision	m e ɪ l	m e ɪ l d	m e ɪ l d	n e ɪ l	n e ɪ l d	n e ɪ l d	m e ɪ l d	1	1	reg_d	reg_d	reg_d
model_decision	b ʌ d͡ʒ	b ʌ d͡ʒ d	b ʌ d͡ʒ d	t͡ʃ e ɪ n d͡ʒ	t͡ʃ e ɪ n d͡ʒ d	t͡ʃ e ɪ n d͡ʒ d	b ʌ d͡ʒ d	1	1	reg_d	reg_d	reg_d
model_decision	w ɔ r n	w ɔ r n d	w ɔ r n d	d ɑː r n	d ɑː r n d	d ɑː r n d	w ɔ r n d	1	1	reg_d	reg_d	reg_d
model_decision	b ʌ k ə l	b ʌ k ə l d	b ʌ k ə l d	b ɑː t ə l	b ɑː t ə l d	b ɑː t ə l d	b ʌ k ə l d	1	1	reg_d	reg_d	reg_d
model_decision	t iː t ɹ̩	t iː t ɹ̩ d	t iː t ɹ̩ d	m æ t ɹ̩	m æ t ɹ̩ d	m æ t ɹ̩ d	t iː t ɹ̩ d	1	1	reg_d	reg_d	reg_d
model_decision	s w ɪ ʃ	s w ɪ ʃ t	s w ɪ ʃ t	s m æ ʃ	s m æ ʃ t	s m æ ʃ t	s w ɪ ʃ t	1	1	reg_t	reg_t	reg_t
model_decision	ʃ ʌ v ə l	ʃ ʌ v ə l d	ʃ ʌ v ə l d	t͡ʃ æ n ə l	t͡ʃ æ n ə l d	t͡ʃ æ n ə l d	ʃ ʌ v ə l d	1	1	reg_d	reg_d	reg_d
model_decision	ɛ n t ɹ̩	ɛ n t ɹ̩ d	ɛ n t ɹ̩ d	m æ t ɹ̩	m æ t ɹ̩ d	m æ t ɹ̩ d	ɛ n t ɹ̩ d	1	1	reg_d	reg_d	reg_d
model_decision	ɡ r æ v ə t e ɪ t	ɡ r æ v ə t e ɪ t ə d	ɡ r æ v ə t e ɪ t ə d	ɪ l ə s t r e ɪ t	ɪ l ə s t r e ɪ t ə d	ɪ l ə s t r e ɪ t ə d	ɡ r æ v ə t e ɪ t ə d	1	1	reg_əd	reg_əd	reg_əd
model_decision	n o ʊ t	n o ʊ t ə d	n o ʊ t ə d	m ɛ l t	m ɛ l t ə d	m ɛ l t ə d	n o ʊ t ə d	1	1	reg_əd	reg_əd	reg_əd
model_decision	k r ʌ ʃ	k r ʌ ʃ t	k r ʌ ʃ t	b r ʌ ʃ	b r ʌ ʃ t	b r ʌ ʃ t	k r ʌ ʃ t	1	1	reg_t	reg_t	reg_t
model_decision	s w ɑː p	s w ɑː p t	s w ɑː p t	s t ɑː p	s t ɑː p t	s t ɑː p t	s w ɑː p t	1	1	reg_t	reg_t	reg_t
model_decision	ə p s ɛ t	ə p s ɛ t	ə p s ɛ t ə d	ə r ɛ s t	ə r ɛ s t ə d	ə r ɛ s t ə d	ə p s ɛ t ə d	1	0	no_change	reg_əd	reg_əd
model_decision	s iː s ɔ	s iː s ɔ d	s iː s iː d	s iː k	s ɔ t	s ɔ t	NA	0	0	reg_d	vowel_change_suffix	rhyme_replaced
model_decision	m ɛ r ɪ t	m ɛ r ɪ t ə d	m ɛ r æ t ə d	s p r ɪ ŋ	s p r æ ŋ	s p r æ ŋ	NA	0	0	reg_əd	other	vowel_change
model_decision	k ə l ɛ k t	k ə l ɛ k t ə d	k ə l ɛ k t ə d	s ə d͡ʒ ɛ s t	s ə d͡ʒ ɛ s t ə d	s ə d͡ʒ ɛ s t ə d	k ə l ɛ k t ə d	1	1	reg_əd	reg_əd	reg_əd
model_decision	b e ɪ ð	b e ɪ ð d	b e ɪ ð d	b r iː ð	b r iː ð d	b r iː ð d	b e ɪ ð d	1	1	reg_d	reg_d	reg_d
model_decision	k r æ ŋ k	k r æ ŋ k t	k r æ ŋ k	θ æ ŋ k	θ æ ŋ k t	θ æ ŋ k t	k r æ ŋ k t	0	1	reg_t	no_change	reg_t
model_decision	t͡ʃ ʌ k	t͡ʃ ʌ k t	t͡ʃ ʌ k t	t ʌ k	t ʌ k t	t ʌ k t	t͡ʃ ʌ k t	1	1	reg_t	reg_t	reg_t
model_decision	p ʌ f	p ʌ f t	p ʌ f t	l æ f	l æ f t	l æ f t	p ʌ f t	1	1	reg_t	reg_t	reg_t
model_decision	p r ɑː d͡ʒ ɛ k t	p r ɑː d͡ʒ ɛ k t ə d	p r ɑː d͡ʒ ɛ k t ə d	ɪ k s p ɛ k t	ɪ k s p ɛ k t ə d	ɪ k s p ɛ k t ə d	p r ɑː d͡ʒ ɛ k t ə d	1	1	reg_əd	reg_əd	reg_əd
model_decision	t r ɪ p	t r ɪ p t	t r ɪ p t	t e ɪ p	t e ɪ p t	t e ɪ p t	t r ɪ p t	1	1	reg_t	reg_t	reg_t
model_decision	r ɪ l æ k s	r ɪ l æ k s t	r æ l æ k s t	d r ɪ ŋ k	d r æ ŋ k	d r æ ŋ k	NA	0	0	reg_t	other	vowel_change
model_decision	d ɪ l iː t	d ɪ l iː t ə d	d ɪ l iː t ə d	k a ʊ n t	k a ʊ n t ə d	k a ʊ n t ə d	d ɪ l iː t ə d	1	1	reg_əd	reg_əd	reg_əd
string	s p ɛ l	s p ɛ l d	s p ɛ l d	s p ɪ l	s p ɪ l d	s p ɪ l d	s p ɛ l d	1	1	reg_d	reg_d	reg_d
string	d uː	d ɪ d	d	ʃ uː	ʃ uː d	ʃ uː d	d uː d	0	0	vowel_change_suffix	other	reg_d
string	m e ɪ k	m e ɪ d	m e ɪ k t	b e ɪ k	b e ɪ k t	b e ɪ k t	m e ɪ k t	1	0	coda_change	reg_t	reg_t
string	ə p r iː ʃ iː e ɪ t	ə p r iː ʃ iː e ɪ t ə d	ə p r iː e ɪ e ɪ t ə d	ə s o ʊ s iː e ɪ t	ə s o ʊ s iː e ɪ t ə d	ə s o ʊ s iː e ɪ t ə d	ə p r iː ʃ iː e ɪ t ə d	0	1	reg_əd	other	reg_əd
string	p e ɪ n t	p e ɪ n t ə d	p e ɪ n t ə d	p r ɪ n t	p r ɪ n t ə d	p r ɪ n t ə d	p e ɪ n t ə d	1	1	reg_əd	reg_əd	reg_əd
string	iː t	e ɪ t	iː d ə t ə t ə d ə d	h iː t	h iː t ə d	h iː t ə d	iː t ə d	0	0	vowel_change	other	reg_əd
string	p ʊ t	p ʊ t	p ʊ t ə d	p ɑː t	p ɑː t ə d	p ɑː t ə d	p ʊ t ə d	1	0	no_change	reg_əd	reg_əd
string	r ɪ m ɛ m b ɹ̩	r ɪ m ɛ m b ɹ̩ d	r ɪ m ɛ m ɛ b ɹ̩ d	r ɪ s ɛ s	r ɪ s ɛ s t	r ɪ s ɛ s t	r ɪ m ɛ m b ɹ̩ t	0	0	reg_d	other	reg_t
string	f ɪ k s	f ɪ k s t	f ɪ k s t	m ɪ k s	m ɪ k s t	m ɪ k s t	f ɪ k s t	1	1	reg_t	reg_t	reg_t
string	t ɹ̩ n	t ɹ̩ n d	t ɹ̩ n d	b ɹ̩ n	b ɹ̩ n d	b ɹ̩ n d	t ɹ̩ n d	1	1	reg_d	reg_d	reg_d
string	f l a ɪ	f l uː	f l a ʊ d	l a ɪ	l e ɪ	l e ɪ	f l e ɪ	0	0	vowel_change	vowel_change_suffix	vowel_change
string	p ɪ k	p ɪ k t	p ɪ k t	k ɪ k	k ɪ k t	k ɪ k t	p ɪ k t	1	1	reg_t	reg_t	reg_t
string	b ʌ m p	b ʌ m p t	b ʌ m p t	d ʌ m p	d ʌ m p t	d ʌ m p t	b ʌ m p t	1	1	reg_t	reg_t	reg_t
string	l o ʊ ɹ̩	l o ʊ ɹ̩ d	l o ʊ ɹ̩ d	l o ʊ d	l o ʊ d ə d	l o ʊ d ə d	l o ʊ ɹ̩ ə d	0	0	reg_d	reg_d	reg_əd
string	s k r e ɪ p	s k r e ɪ p t	s k r e ɪ p t	d r e ɪ p	d r e ɪ p t	d r e ɪ p t	s k r e ɪ p t	1	1	reg_t	reg_t	reg_t
string	d ɪ ŋ	d ɪ ŋ d	d ʌ ŋ	d ɪ ɡ	d ʌ ɡ	d ʌ ɡ	NA	0	0	reg_d	vowel_change	vowel_change
string	h a ɪ d	h ɪ d	h a ɪ d ə d	s a ɪ d	s a ɪ d ə d	s a ɪ d ə d	h a ɪ d ə d	1	0	vowel_change	reg_əd	reg_əd
string	p ɔ r	p ɔ r d	p ɔ r d	b ɛ r	b o ʊ r	b o ʊ r	NA	0	0	reg_d	reg_d	vowel_change
string	k l iː n	k l iː n d	k l iː n d	l iː n	l iː n d	l iː n d	k l iː n d	1	1	reg_d	reg_d	reg_d
string	b a ɪ	b ɔ t	b a ɪ d	s a ɪ	s a ɪ d	s a ɪ d	b a ɪ d	1	0	vowel_change_suffix	reg_d	reg_d
string	n æ p	n æ p t	n æ p t	r æ p	r æ p t	r æ p t	n æ p t	1	1	reg_t	reg_t	reg_t
string	n ɑː k	n ɑː k t	n ɑː k t	s ɑː k	s ɑː k t	s ɑː k t	n ɑː k t	1	1	reg_t	reg_t	reg_t
string	w e ɪ k	w o ʊ k	w e ɪ k t	t e ɪ k	t ʊ k	t ʊ k	w ʊ k	0	0	vowel_change	reg_t	vowel_change
string	j uː z	j uː z d	j uː z d	l uː z	l ɔ s t	l ɔ s t	j ɔ s t	0	0	reg_d	reg_d	rhyme_replaced
string	r ɪ ŋ	r æ ŋ	r æ ŋ	s ɪ ŋ	s æ ŋ	s æ ŋ	r æ ŋ	1	1	vowel_change	vowel_change	vowel_change
string	r ʌ b	r ʌ b d	r æ b	r ʌ n	r æ n	r æ n	NA	0	0	reg_d	vowel_change	vowel_change
string	l ɪ k	l ɪ k t	l ɪ k t	t ɪ k	t ɪ k t	t ɪ k t	l ɪ k t	1	1	reg_t	reg_t	reg_t
string	d r ɑː p	d r ɑː p t	d r ɑː p t	d r ɪ p	d r ɪ p t	d r ɪ p t	d r ɑː p t	1	1	reg_t	reg_t	reg_t
string	t ɔ k	t ɔ k t	t ɔ k t	t ɔ s	t ɔ s t	t ɔ s t	t ɔ k t	1	1	reg_t	reg_t	reg_t
string	ʃ ʌ v	ʃ ʌ v d	ʃ ʌ v d	ʃ ʌ t	ʃ ʌ t	ʃ ʌ t	ʃ ʌ v	0	0	reg_d	reg_d	no_change
string	l ɪ s ə n	l ɪ s ə n d	l ɪ s ə n d	w ɪ s ə l	w ɪ s ə l d	w ɪ s ə l d	l ɪ s ə n d	1	1	reg_d	reg_d	reg_d
string	m ɛ r iː	m ɛ r iː d	m ɛ r iː d	m ɑː r t͡ʃ	m ɑː r t͡ʃ t	m ɑː r t͡ʃ t	m ɛ r iː t	0	0	reg_d	reg_d	reg_t
string	b ɑː r k	b ɑː r k t	b ɑː r k t	p ɑː r k	p ɑː r k t	p ɑː r k t	b ɑː r k t	1	1	reg_t	reg_t	reg_t
string	p l iː d	p l iː d ə d	p l iː d ə d	p l iː z	p l iː z d	p l iː z d	p l iː d d	0	0	reg_əd	reg_əd	reg_d
string	s p ɛ n d	s p ɛ n t	s p ɛ n d ə d	s ɛ n d	s ɛ n t	s ɛ n t	s p ɛ n t	0	1	coda_change	reg_əd	coda_change
string	h æ ŋ	h ʌ ŋ	h æ ŋ d	b æ ŋ	b æ ŋ d	b æ ŋ d	h æ ŋ d	1	0	vowel_change	reg_d	reg_d
string	f a ɪ ɹ̩	f a ɪ ɹ̩ d	f a ɪ ɹ̩ d	w a ɪ ɹ̩	w a ɪ ɹ̩ d	w a ɪ ɹ̩ d	f a ɪ ɹ̩ d	1	1	reg_d	reg_d	reg_d
string	b a ɪ t	b ɪ t	b a ɪ t	r a ɪ t	r o ʊ t	r o ʊ t	b o ʊ t	0	0	vowel_change	no_change	vowel_change
string	w ɔ r m	w ɔ r m d	w ɔ r m d	f ɔ r m	f ɔ r m d	f ɔ r m d	w ɔ r m d	1	1	reg_d	reg_d	reg_d
string	k ə n ɛ k t	k ə n ɛ k t ə d	k ə n ɛ n t ə d	k ə n t ɛ n t	k ə n t ɛ n t ə d	k ə n t ɛ n t ə d	k ə n ɛ k t ə d	0	1	reg_əd	other	reg_əd
string	s p r ɛ d	s p r ɛ d	s p r ɛ d ə d	s t r ɛ t͡ʃ	s t r ɛ t͡ʃ t	s t r ɛ t͡ʃ t	s p r ɛ d t	0	0	no_change	reg_əd	reg_t
string	s k w iː z	s k w iː z d	s k w iː z d	s k ɹ̩ iː	s k ɹ̩ iː d	s k ɹ̩ iː d	s k w iː z d	1	1	reg_d	reg_d	reg_d
string	ɪ r e ɪ s	ɪ r e ɪ s t	ɪ r e ɪ s t	t r e ɪ s	t r e ɪ s t	t r e ɪ s t	ɪ r e ɪ s t	1	1	reg_t	reg_t	reg_t
string	t a ɪ m	t a ɪ m d	t a ɪ m d	t a ɪ ɹ̩	t a ɪ ɹ̩ d	t a ɪ ɹ̩ d	t a ɪ m d	1	1	reg_d	reg_d	reg_d
string	p ɪ k t͡ʃ ɹ̩	p ɪ k t͡ʃ ɹ̩ d	p t	p ɪ n t͡ʃ	p ɪ n t͡ʃ t	p ɪ n t͡ʃ t	p ɪ k t͡ʃ ɹ̩ t	0	0	reg_d	other	reg_t
string	k æ r iː	k æ r iː d	k æ r iː d	k r iː m	k r iː m d	k r iː m d	k æ r iː d	1	1	reg_d	reg_d	reg_d
string	k ɪ s	k ɪ s t	k ɪ s t	m ɪ s	m ɪ s t	m ɪ s t	k ɪ s t	1	1	reg_t	reg_t	reg_t
string	r ɪ p l a ɪ	r ɪ p l a ɪ d	r ɪ p l a ɪ d	l a ɪ	l e ɪ	l e ɪ	r ɪ p l e ɪ	0	0	reg_d	reg_d	vowel_change
string	h ɹ̩ iː	h ɹ̩ iː d	h ɹ̩ iː d	w ɹ̩ iː	w ɹ̩ iː d	w ɹ̩ iː d	h ɹ̩ iː d	1	1	reg_d	reg_d	reg_d
string	l o ʊ n	l o ʊ n d	l o ʊ n d	f o ʊ n	f o ʊ n d	f o ʊ n d	l o ʊ n d	1	1	reg_d	reg_d	reg_d
string	r ɪ d	r ɪ d	r æ d	r ɪ p	r ɪ p t	r ɪ p t	r ɪ d t	0	0	no_change	vowel_change	reg_t
string	h e ɪ t	h e ɪ t ə d	h e ɪ t ə d	w e ɪ t	w e ɪ t ə d	w e ɪ t ə d	h e ɪ t ə d	1	1	reg_əd	reg_əd	reg_əd
string	s t ɪ ŋ k	s t ʌ ŋ k	s t ʌ ŋ k t	s ɪ ŋ k	s æ ŋ k	s æ ŋ k	s t æ ŋ k	0	0	vowel_change	vowel_change_suffix	vowel_change
string	s t ɪ l	s t ɪ l d	s t ʌ l d	s t iː l	s t o ʊ l	s t o ʊ l	NA	0	0	reg_d	vowel_change_suffix	vowel_change
string	ɡ r æ b	ɡ r æ b d	ɡ r æ b d	k r æ ʃ	k r æ ʃ t	k r æ ʃ t	ɡ r æ b t	0	0	reg_d	reg_d	reg_t
string	k ʊ k	k ʊ k t	k ʊ k t	k ɪ k	k ɪ k t	k ɪ k t	k ʊ k t	1	1	reg_t	reg_t	reg_t
string	v o ʊ t	v o ʊ t ə d	v o ʊ t ə d	k o ʊ t	k o ʊ t ə d	k o ʊ t ə d	v o ʊ t ə d	1	1	reg_əd	reg_əd	reg_əd
string	k l iː r	k l iː r d	k l iː r d	k l ɪ p	k l ɪ p t	k l ɪ p t	k l iː r t	0	0	reg_d	reg_d	reg_t
string	s t e ɪ b ə l a ɪ z	s t e ɪ b ə l a ɪ z d	s t ə d	t e ɪ b ə l	t e ɪ b ə l d	t e ɪ b ə l d	s t e ɪ b ə l a ɪ z d	0	1	reg_d	other	reg_d
string	b iː t	b iː t	b iː t ə d	h iː t	h iː t ə d	h iː t ə d	b iː t ə d	1	0	no_change	reg_əd	reg_əd
string	w iː l	w iː l d	w ɛ l t	f iː l	f ɛ l t	f ɛ l t	w ɛ l t	1	0	reg_d	vowel_change_suffix	vowel_change_suffix
string	k ɑː s t	k ɑː s t	k ɑː s t ə d	k æ s t	k æ s t	k æ s t	k ɑː s t	0	1	no_change	reg_əd	no_change
string	p æ s	p æ s t	p æ s t	p æ t	p æ t ə d	p æ t ə d	p æ s ə d	0	0	reg_t	reg_t	reg_əd
string	iː v ɪ n	iː v ɪ n d	iː v ɪ v d	w ɪ n	w ʌ n	w ʌ n	iː v ʌ n	0	0	reg_d	coda_change	vowel_change
string	p l ɑː p	p l ɑː p t	p l ɑː p t	p ɑː p	p ɑː p t	p ɑː p t	p l ɑː p t	1	1	reg_t	reg_t	reg_t
string	w ɛ l k ə m	w ɛ l k ə m d	w k t ə k w d	s ɹ̩ k ə l	s ɹ̩ k ə l d	s ɹ̩ k ə l d	w ɛ l k ə m d	0	1	reg_d	other	reg_d
string	b ɪ h e ɪ v	b ɪ h e ɪ v d	b ɪ h e ɪ v d	s e ɪ v	s e ɪ v d	s e ɪ v d	b ɪ h e ɪ v d	1	1	reg_d	reg_d	reg_d
string	m ɪ l k	m ɪ l k t	m ɪ l k t	w ɪ l	w ɪ l d	w ɪ l d	m ɪ l k d	0	0	reg_t	reg_t	reg_d
string	b ɔ r d ɹ̩	b ɔ r d ɹ̩ d	b ɔ r d ɹ̩ d	ɔ r d ɹ̩	ɔ r d ɹ̩ d	ɔ r d ɹ̩ d	b ɔ r d ɹ̩ d	1	1	reg_d	reg_d	reg_d
string	æ k t	æ k t ə d	æ k t	h iː t	h iː t ə d	h iː t ə d	æ k t ə d	0	1	reg_əd	no_change	reg_əd
string	f a ɪ t	f ɔ t	f a ɪ t	r a ɪ t	r o ʊ t	r o ʊ t	f o ʊ t	0	0	vowel_change	no_change	vowel_change
string	w a ɪ p	w a ɪ p t	w a ɪ p t	w a ɪ ɹ̩	w a ɪ ɹ̩ d	w a ɪ ɹ̩ d	w a ɪ p d	0	0	reg_t	reg_t	reg_d
string	p ɹ̩ f ɛ k t	p ɹ̩ f ɛ k t ə d	p ɹ̩ f ɹ̩ k t ə d	s ə d͡ʒ ɛ s t	s ə d͡ʒ ɛ s t ə d	s ə d͡ʒ ɛ s t ə d	p ɹ̩ f ɛ k t ə d	0	1	reg_əd	other	reg_əd
string	r ɪ l a ɪ	r ɪ l a ɪ d	r ɪ l a ɪ d	l a ɪ	l e ɪ	l e ɪ	r ɪ l e ɪ	0	0	reg_d	reg_d	vowel_change
string	t͡ʃ ɑː p	t͡ʃ ɑː p t	t͡ʃ ɑː p t	t ɑː p	t ɑː p t	t ɑː p t	t͡ʃ ɑː p t	1	1	reg_t	reg_t	reg_t
string	ʃ a ʊ t	ʃ a ʊ t ə d	ʃ a ʊ t ə d	h a ʊ z	h a ʊ z d	h a ʊ z d	ʃ a ʊ t d	0	0	reg_əd	reg_əd	reg_d
string	b ɪ z iː	b ɪ z iː d	b ɪ z iː d	b ɪ l d	b ɪ l t	b ɪ l t	NA	0	0	reg_d	reg_d	coda_change
string	p ʌ m p	p ʌ m p t	p ʌ m p t	d ʌ m p	d ʌ m p t	d ʌ m p t	p ʌ m p t	1	1	reg_t	reg_t	reg_t
string	d r ɪ b ə l	d r ɪ b ə l d	d r ɪ b ə l d	n ɪ b ə l	n ɪ b ə l d	n ɪ b ə l d	d r ɪ b ə l d	1	1	reg_d	reg_d	reg_d
string	ɡ ɑː b ə l	ɡ ɑː b ə l d	ɡ ɑː b ə l d	w ɑː b ə l	w ɑː b ə l d	w ɑː b ə l d	ɡ ɑː b ə l d	1	1	reg_d	reg_d	reg_d
string	ə p r o ʊ p r iː e ɪ t	ə p r o ʊ p r iː e ɪ t ə d	ə p r d	ə s o ʊ s iː e ɪ t	ə s o ʊ s iː e ɪ t ə d	ə s o ʊ s iː e ɪ t ə d	ə p r o ʊ p r iː e ɪ t ə d	0	1	reg_əd	other	reg_əd
string	s l æ p	s l æ p t	s l æ p t	f l æ p	f l æ p t	f l æ p t	s l æ p t	1	1	reg_t	reg_t	reg_t
string	p r ə t ɛ k t	p r ə t ɛ k t ə d	p r ə t ɛ k t ə d	p r iː t ɛ n d	p r iː t ɛ n d ə d	p r iː t ɛ n d ə d	p r ə t ɛ k t ə d	1	1	reg_əd	reg_əd	reg_əd
string	b æ k	b æ k t	b æ k t	d͡ʒ æ k	d͡ʒ æ k t	d͡ʒ æ k t	b æ k t	1	1	reg_t	reg_t	reg_t
string	ɪ k s ɛ p t	ɪ k s ɛ p t ə d	ɪ k s ɛ k t ə d	ɪ k s a ɪ t	ɪ k s a ɪ t ə d	ɪ k s a ɪ t ə d	ɪ k s ɛ p t ə d	0	1	reg_əd	other	reg_əd
string	h ʌ ɡ	h ʌ ɡ d	h ʌ ɡ d	t͡ʃ ʌ ɡ	t͡ʃ ʌ ɡ d	t͡ʃ ʌ ɡ d	h ʌ ɡ d	1	1	reg_d	reg_d	reg_d
string	f r a ɪ	f r a ɪ d	f r a ʊ d	t r a ɪ	t r a ɪ d	t r a ɪ d	f r a ɪ d	0	1	reg_d	vowel_change_suffix	reg_d
string	r ɔ r	r ɔ r d	r ɔ r d	t ɔ ɪ	t ɔ ɪ d	t ɔ ɪ d	r ɔ r d	1	1	reg_d	reg_d	reg_d
string	p r e ɪ	p r e ɪ d	p r e ɪ d	s p r e ɪ	s p r e ɪ d	s p r e ɪ d	p r e ɪ d	1	1	reg_d	reg_d	reg_d
string	s m æ k	s m æ k t	s m æ k t	s t æ k	s t æ k t	s t æ k t	s m æ k t	1	1	reg_t	reg_t	reg_t
string	w ɔ t ɹ̩	w ɔ t ɹ̩ d	w ɔ t ɹ̩ d	w ɔ k	w ɔ k t	w ɔ k t	w ɔ t ɹ̩ t	0	0	reg_d	reg_d	reg_t
string	s k w ɹ̩ t	s k w ɹ̩ t ə d	s k w ɹ̩ t ə d	s k w ɑː ʃ	s k w ɑː ʃ t	s k w ɑː ʃ t	s k w ɹ̩ t t	0	0	reg_əd	reg_əd	reg_t
string	l a ɪ t	l ɪ t	l a ɪ t	r a ɪ t	r o ʊ t	r o ʊ t	l o ʊ t	0	0	vowel_change	no_change	vowel_change
string	f l ʌ ʃ	f l ʌ ʃ t	f l ʌ ʃ t	p l ʌ ɡ	p l ʌ ɡ d	p l ʌ ɡ d	f l ʌ ʃ d	0	0	reg_t	reg_t	reg_d
string	p ɛ t	p ɛ t ə d	p ɛ t	w ɛ t	w ɛ t	w ɛ t	p ɛ t	1	0	reg_əd	no_change	no_change
string	s e ɪ l	s e ɪ l d	s e ɪ l d	n e ɪ l	n e ɪ l d	n e ɪ l d	s e ɪ l d	1	1	reg_d	reg_d	reg_d
string	m æ n ə d͡ʒ	m æ n ə d͡ʒ d	m æ n ə d͡ʒ d	m æ n	m æ n d	m æ n d	m æ n ə d͡ʒ d	1	1	reg_d	reg_d	reg_d
string	ə n f o ʊ l d	ə n f o ʊ l d ə d	ə n o ʊ l iː l d	f o ʊ l d	f o ʊ l d ə d	f o ʊ l d ə d	ə n f o ʊ l d ə d	0	1	reg_əd	other	reg_əd
string	k ɪ d	k ɪ d ə d	k ɪ d	k ɪ l	k ɪ l d	k ɪ l d	k ɪ d d	0	0	reg_əd	no_change	reg_d
string	s p a ɪ k	s p a ɪ k t	s p a ɪ k	s p a ɪ	s p a ɪ d	s p a ɪ d	s p a ɪ k d	0	0	reg_t	no_change	reg_d
string	p iː s	p iː s t	p iː s t	p iː l	p iː l d	p iː l d	p iː s d	0	0	reg_t	reg_t	reg_d
string	p ɛ r	p ɛ r d	p ɛ r d	k ɛ r	k ɛ r d	k ɛ r d	p ɛ r d	1	1	reg_d	reg_d	reg_d
string	s w ɑː l o ʊ	s w ɑː l o ʊ d	s w ɑː l o ʊ l d	f ɑː l o ʊ	f ɑː l o ʊ d	f ɑː l o ʊ d	s w ɑː l o ʊ d	0	1	reg_d	coda_change	reg_d
string	s p æ ŋ k	s p æ ŋ k t	s p æ ŋ k	p æ k	p æ k t	p æ k t	s p æ ŋ k t	0	1	reg_t	no_change	reg_t
string	k r ɔ l	k r ɔ l d	k r ɔ l d	k ɔ l	k ɔ l d	k ɔ l d	k r ɔ l d	1	1	reg_d	reg_d	reg_d
string	r ɑː b	r ɑː b d	r ɑː b d	r ɑː k	r ɑː k t	r ɑː k t	r ɑː b t	0	0	reg_d	reg_d	reg_t
string	s l ɪ p	s l ɪ p t	s l ɪ p t	k l ɪ p	k l ɪ p t	k l ɪ p t	s l ɪ p t	1	1	reg_t	reg_t	reg_t
string	z ɪ p ɹ̩	z ɪ p ɹ̩ d	z ɪ p ɹ̩ d	z ɪ p	z ɪ p t	z ɪ p t	z ɪ p ɹ̩ t	0	0	reg_d	reg_d	reg_t
string	r ʌ ʃ	r ʌ ʃ t	r æ ʃ t	b r ʌ ʃ	b r ʌ ʃ t	b r ʌ ʃ t	r ʌ ʃ t	0	1	reg_t	vowel_change_suffix	reg_t
string	f r a ɪ t ə n	f r a ɪ t ə n d	f r a ɪ t ə d	t a ɪ t ə n	t a ɪ t ə n d	t a ɪ t ə n d	f r a ɪ t ə n d	0	1	reg_d	coda_change	reg_d
string	s ə l ɛ k t	s ə l ɛ k t ə d	s ə l ɛ k t ə d	s ə d͡ʒ ɛ s t	s ə d͡ʒ ɛ s t ə d	s ə d͡ʒ ɛ s t ə d	s ə l ɛ k t ə d	1	1	reg_əd	reg_əd	reg_əd
string	k ɔ f	k ɔ f t	k ɔ f t	k ɔ l	k ɔ l d	k ɔ l d	k ɔ f d	0	0	reg_t	reg_t	reg_d
string	d ʌ ŋ k	d ʌ ŋ k t	d ʌ ŋ k t	s ɪ ŋ k	s æ ŋ k	s æ ŋ k	NA	0	0	reg_t	reg_t	vowel_change
string	b æ n d ɪ d͡ʒ	b æ n d ɪ d͡ʒ d	b æ n d ɪ d͡ʒ d	l æ n d	l æ n d ə d	l æ n d ə d	b æ n d ɪ d͡ʒ ə d	0	0	reg_d	reg_d	reg_əd
string	w ɪ ŋ	w ɪ ŋ d	w ʌ ŋ	s ɪ ŋ	s æ ŋ	s æ ŋ	w æ ŋ	0	0	reg_d	vowel_change	vowel_change
string	t͡ʃ ɪ k ə n	t͡ʃ ɪ k ə n d	t͡ʃ ɪ k ə n d	t ɪ k ə l	t ɪ k ə l d	t ɪ k ə l d	t͡ʃ ɪ k ə n d	1	1	reg_d	reg_d	reg_d
string	m e ɪ l	m e ɪ l d	m e ɪ l d	f e ɪ l	f e ɪ l d	f e ɪ l d	m e ɪ l d	1	1	reg_d	reg_d	reg_d
string	b ʌ d͡ʒ	b ʌ d͡ʒ d	b ʌ d͡ʒ d	b ʌ ɡ	b ʌ ɡ d	b ʌ ɡ d	b ʌ d͡ʒ d	1	1	reg_d	reg_d	reg_d
string	w ɔ r n	w ɔ r n d	w ɔ r n d	s ɔ r t	s ɔ r t ə d	s ɔ r t ə d	w ɔ r n ə d	0	0	reg_d	reg_d	reg_əd
string	b ʌ k ə l	b ʌ k ə l d	b ʌ k ə l d	b ʌ b ə l	b ʌ b ə l d	b ʌ b ə l d	b ʌ k ə l d	1	1	reg_d	reg_d	reg_d
string	t iː t ɹ̩	t iː t ɹ̩ d	t iː t ɹ̩ d	t͡ʃ iː t	t͡ʃ iː t ə d	t͡ʃ iː t ə d	t iː t ɹ̩ ə d	0	0	reg_d	reg_d	reg_əd
string	s w ɪ ʃ	s w ɪ ʃ t	s w ɪ ʃ t	s w ɪ m	s w ɪ m	s w æ m	s w ɪ ʃ	0	0	reg_t	reg_t	no_change
string	ʃ ʌ v ə l	ʃ ʌ v ə l d	ʃ ʌ v ə l d	b ʌ b ə l	b ʌ b ə l d	b ʌ b ə l d	ʃ ʌ v ə l d	1	1	reg_d	reg_d	reg_d
string	ɛ n t ɹ̩	ɛ n t ɹ̩ d	ɛ n t ɹ̩ d	s t ɹ̩	s t ɹ̩ d	s t ɹ̩ d	ɛ n t ɹ̩ d	1	1	reg_d	reg_d	reg_d
string	ɡ r æ v ə t e ɪ t	ɡ r æ v ə t e ɪ t ə d	ɡ r æ v ə t e ɪ t ə d	ɡ r æ d͡ʒ ə w e ɪ t	ɡ r æ d͡ʒ ə w e ɪ t ə d	ɡ r æ d͡ʒ ə w e ɪ t ə d	ɡ r æ v ə t e ɪ t ə d	1	1	reg_əd	reg_əd	reg_əd
string	n o ʊ t	n o ʊ t ə d	n o ʊ t ə d	n o ʊ	n uː	n uː	NA	0	0	reg_əd	reg_əd	vowel_change
string	k r ʌ ʃ	k r ʌ ʃ t	k r ʌ ʃ t	k r æ ʃ	k r æ ʃ t	k r æ ʃ t	k r ʌ ʃ t	1	1	reg_t	reg_t	reg_t
string	s w ɑː p	s w ɑː p t	s w ɑː p t	s t ɑː p	s t ɑː p t	s t ɑː p t	s w ɑː p t	1	1	reg_t	reg_t	reg_t
string	ə p s ɛ t	ə p s ɛ t	ə p s ɛ t ə d	s ɛ t	s ɛ t	s ɛ t	ə p s ɛ t	0	1	no_change	reg_əd	no_change
string	s iː s ɔ	s iː s ɔ d	s iː s iː d	s iː s	s iː s t	s iː s t	s iː s ɔ t	0	0	reg_d	vowel_change_suffix	reg_t
string	m ɛ r ɪ t	m ɛ r ɪ t ə d	m ɛ r æ t ə d	m ɛ l t	m ɛ l t ə d	m ɛ l t ə d	m ɛ r ɪ t ə d	0	1	reg_əd	other	reg_əd
string	k ə l ɛ k t	k ə l ɛ k t ə d	k ə l ɛ k t ə d	k ə n t ɛ n t	k ə n t ɛ n t ə d	k ə n t ɛ n t ə d	k ə l ɛ k t ə d	1	1	reg_əd	reg_əd	reg_əd
string	b e ɪ ð	b e ɪ ð d	b e ɪ ð d	b e ɪ k	b e ɪ k t	b e ɪ k t	b e ɪ ð t	0	0	reg_d	reg_d	reg_t
string	k r æ ŋ k	k r æ ŋ k t	k r æ ŋ k	k r æ k	k r æ k t	k r æ k t	k r æ ŋ k t	0	1	reg_t	no_change	reg_t
string	t͡ʃ ʌ k	t͡ʃ ʌ k t	t͡ʃ ʌ k t	t͡ʃ ɛ k	t͡ʃ ɛ k t	t͡ʃ ɛ k t	t͡ʃ ʌ k t	1	1	reg_t	reg_t	reg_t
string	p ʌ f	p ʌ f t	p ʌ f t	p ɪ t͡ʃ	p ɪ t͡ʃ t	p ɪ t͡ʃ t	p ʌ f t	1	1	reg_t	reg_t	reg_t
string	p r ɑː d͡ʒ ɛ k t	p r ɑː d͡ʒ ɛ k t ə d	p r ɑː d͡ʒ ɛ k t ə d	p r ɑː m ə s	p r ɑː m ə s t	p r ɑː m ə s t	p r ɑː d͡ʒ ɛ k t t	0	0	reg_əd	reg_əd	reg_t
string	t r ɪ p	t r ɪ p t	t r ɪ p t	r ɪ p	r ɪ p t	r ɪ p t	t r ɪ p t	1	1	reg_t	reg_t	reg_t
string	r ɪ l æ k s	r ɪ l æ k s t	r æ l æ k s t	r ɪ d͡ʒ ɔ ɪ s	r ɪ d͡ʒ ɔ ɪ s t	r ɪ d͡ʒ ɔ ɪ s t	r ɪ l æ k s t	0	1	reg_t	other	reg_t
string	d ɪ l iː t	d ɪ l iː t ə d	d ɪ l iː t ə d	b ɪ l iː v	b ɪ l iː v d	b ɪ l iː v d	d ɪ l iː t d	0	0	reg_əd	reg_əd	reg_d
final	s p ɛ l	s p ɛ l d	s p ɛ l d	f iː l	f ɛ l t	f ɛ l t	NA	0	0	reg_d	reg_d	vowel_change_suffix
final	d uː	d ɪ d	d	ʃ uː	ʃ uː d	ʃ uː d	d uː d	0	0	vowel_change_suffix	other	reg_d
final	m e ɪ k	m e ɪ d	m e ɪ k t	s p iː k	s p o ʊ k	s p o ʊ k	NA	0	0	coda_change	reg_t	vowel_change
final	ə p r iː ʃ iː e ɪ t	ə p r iː ʃ iː e ɪ t ə d	ə p r iː e ɪ e ɪ t ə d	w e ɪ t	w e ɪ t ə d	w e ɪ t ə d	ə p r iː ʃ iː e ɪ t ə d	0	1	reg_əd	other	reg_əd
final	p e ɪ n t	p e ɪ n t ə d	p e ɪ n t ə d	ɡ r e ɪ t	ɡ r e ɪ t ə d	ɡ r e ɪ t ə d	p e ɪ n t ə d	1	1	reg_əd	reg_əd	reg_əd
final	iː t	e ɪ t	iː d ə t ə t ə d ə d	ɪ k s p ɛ k t	ɪ k s p ɛ k t ə d	ɪ k s p ɛ k t ə d	iː t ə d	0	0	vowel_change	other	reg_əd
final	p ʊ t	p ʊ t	p ʊ t ə d	s k e ɪ t	s k e ɪ t ə d	s k e ɪ t ə d	p ʊ t ə d	1	0	no_change	reg_əd	reg_əd
final	r ɪ m ɛ m b ɹ̩	r ɪ m ɛ m b ɹ̩ d	r ɪ m ɛ m ɛ b ɹ̩ d	k æ p t͡ʃ ɹ̩	k æ p t͡ʃ ɹ̩ d	k æ p t͡ʃ ɹ̩ d	r ɪ m ɛ m b ɹ̩ d	0	1	reg_d	other	reg_d
final	f ɪ k s	f ɪ k s t	f ɪ k s t	m ɪ n s	m ɪ n s t	m ɪ n s t	f ɪ k s t	1	1	reg_t	reg_t	reg_t
final	t ɹ̩ n	t ɹ̩ n d	t ɹ̩ n d	r e ɪ n	r e ɪ n d	r e ɪ n d	t ɹ̩ n d	1	1	reg_d	reg_d	reg_d
final	f l a ɪ	f l uː	f l a ʊ d	s p a ɪ	s p a ɪ d	s p a ɪ d	f l a ɪ d	0	0	vowel_change	vowel_change_suffix	reg_d
final	p ɪ k	p ɪ k t	p ɪ k t	p ɑː r k	p ɑː r k t	p ɑː r k t	p ɪ k t	1	1	reg_t	reg_t	reg_t
final	b ʌ m p	b ʌ m p t	b ʌ m p t	s t ɑː p	s t ɑː p t	s t ɑː p t	b ʌ m p t	1	1	reg_t	reg_t	reg_t
final	l o ʊ ɹ̩	l o ʊ ɹ̩ d	l o ʊ ɹ̩ d	ɔ r d ɹ̩	ɔ r d ɹ̩ d	ɔ r d ɹ̩ d	l o ʊ ɹ̩ d	1	1	reg_d	reg_d	reg_d
final	s k r e ɪ p	s k r e ɪ p t	s k r e ɪ p t	s t ɛ p	s t ɛ p t	s t ɛ p t	s k r e ɪ p t	1	1	reg_t	reg_t	reg_t
final	d ɪ ŋ	d ɪ ŋ d	d ʌ ŋ	b ɪ l ɔ ŋ	b ɪ l ɔ ŋ d	b ɪ l ɔ ŋ d	d ɪ ŋ d	0	1	reg_d	vowel_change	reg_d
final	h a ɪ d	h ɪ d	h a ɪ d ə d	n iː d	n iː d ə d	n iː d ə d	h a ɪ d ə d	1	0	vowel_change	reg_əd	reg_əd
final	p ɔ r	p ɔ r d	p ɔ r d	n iː r	n iː r d	n iː r d	p ɔ r d	1	1	reg_d	reg_d	reg_d
final	k l iː n	k l iː n d	k l iː n d	s a ɪ n	s a ɪ n d	s a ɪ n d	k l iː n d	1	1	reg_d	reg_d	reg_d
final	b a ɪ	b ɔ t	b a ɪ d	l a ɪ	l e ɪ	l e ɪ	b e ɪ	0	0	vowel_change_suffix	reg_d	vowel_change
final	n æ p	n æ p t	n æ p t	t͡ʃ ɪ p	t͡ʃ ɪ p t	t͡ʃ ɪ p t	n æ p t	1	1	reg_t	reg_t	reg_t
final	n ɑː k	n ɑː k t	n ɑː k t	ə t æ k	ə t æ k t	ə t æ k t	n ɑː k t	1	1	reg_t	reg_t	reg_t
final	w e ɪ k	w o ʊ k	w e ɪ k t	ʃ e ɪ k	ʃ ʊ k	ʃ ʊ k	w ʊ k	0	0	vowel_change	reg_t	vowel_change
final	j uː z	j uː z d	j uː z d	ɪ k s k j uː z	ɪ k s k j uː z d	ɪ k s k j uː z d	j uː z d	1	1	reg_d	reg_d	reg_d
final	r ɪ ŋ	r æ ŋ	r æ ŋ	s t ɪ ŋ	s t ʌ ŋ	s t ʌ ŋ	r ʌ ŋ	0	0	vowel_change	vowel_change	vowel_change
final	r ʌ b	r ʌ b d	r æ b	ə b z ɔ r b	ə b z ɔ r b d	ə b z ɔ r b d	r ʌ b d	0	1	reg_d	vowel_change	reg_d
final	l ɪ k	l ɪ k t	l ɪ k t	θ ɪ ŋ k	θ ɔ t	θ ɔ t	NA	0	0	reg_t	reg_t	rhyme_replaced
final	d r ɑː p	d r ɑː p t	d r ɑː p t	d r e ɪ p	d r e ɪ p t	d r e ɪ p t	d r ɑː p t	1	1	reg_t	reg_t	reg_t
final	t ɔ k	t ɔ k t	t ɔ k t	t e ɪ k	t ʊ k	t ʊ k	NA	0	0	reg_t	reg_t	vowel_change
final	ʃ ʌ v	ʃ ʌ v d	ʃ ʌ v d	p r uː v	p r uː v d	p r uː v d	ʃ ʌ v d	1	1	reg_d	reg_d	reg_d
final	l ɪ s ə n	l ɪ s ə n d	l ɪ s ə n d	r e ɪ n	r e ɪ n d	r e ɪ n d	l ɪ s ə n d	1	1	reg_d	reg_d	reg_d
final	m ɛ r iː	m ɛ r iː d	m ɛ r iː d	k ɑː p iː	k ɑː p iː d	k ɑː p iː d	m ɛ r iː d	1	1	reg_d	reg_d	reg_d
final	b ɑː r k	b ɑː r k t	b ɑː r k t	r ɛ k	r ɛ k t	r ɛ k t	b ɑː r k t	1	1	reg_t	reg_t	reg_t
final	p l iː d	p l iː d ə d	p l iː d ə d	s a ʊ n d	s a ʊ n d ə d	s a ʊ n d ə d	p l iː d ə d	1	1	reg_əd	reg_əd	reg_əd
final	s p ɛ n d	s p ɛ n t	s p ɛ n d ə d	r iː m a ɪ n d	r iː m a ɪ n d ə d	r iː m a ɪ n d ə d	s p ɛ n d ə d	1	0	coda_change	reg_əd	reg_əd
final	h æ ŋ	h ʌ ŋ	h æ ŋ d	s ɪ ŋ	s æ ŋ	s æ ŋ	NA	0	0	vowel_change	reg_d	vowel_change
final	f a ɪ ɹ̩	f a ɪ ɹ̩ d	f a ɪ ɹ̩ d	d ɪ s k ʌ v ɹ̩	d ɪ s k ʌ v ɹ̩ d	d ɪ s k ʌ v ɹ̩ d	f a ɪ ɹ̩ d	1	1	reg_d	reg_d	reg_d
final	b a ɪ t	b ɪ t	b a ɪ t	p l æ n t	p l æ n t ə d	p l æ n t ə d	b a ɪ t ə d	0	0	vowel_change	no_change	reg_əd
final	w ɔ r m	w ɔ r m d	w ɔ r m d	s t iː m	s t iː m d	s t iː m d	w ɔ r m d	1	1	reg_d	reg_d	reg_d
final	k ə n ɛ k t	k ə n ɛ k t ə d	k ə n ɛ n t ə d	p r ɪ n t	p r ɪ n t ə d	p r ɪ n t ə d	k ə n ɛ k t ə d	0	1	reg_əd	other	reg_əd
final	s p r ɛ d	s p r ɛ d	s p r ɛ d ə d	s a ɪ d	s a ɪ d ə d	s a ɪ d ə d	s p r ɛ d ə d	1	0	no_change	reg_əd	reg_əd
final	s k w iː z	s k w iː z d	s k w iː z d	ə r a ɪ z	ə r o ʊ z	ə r o ʊ z	NA	0	0	reg_d	reg_d	vowel_change
final	ɪ r e ɪ s	ɪ r e ɪ s t	ɪ r e ɪ s t	d r ɛ s	d r ɛ s t	d r ɛ s t	ɪ r e ɪ s t	1	1	reg_t	reg_t	reg_t
final	t a ɪ m	t a ɪ m d	t a ɪ m d	k o ʊ m	k o ʊ m d	k o ʊ m d	t a ɪ m d	1	1	reg_d	reg_d	reg_d
final	p ɪ k t͡ʃ ɹ̩	p ɪ k t͡ʃ ɹ̩ d	p t	d ɪ s k ʌ v ɹ̩	d ɪ s k ʌ v ɹ̩ d	d ɪ s k ʌ v ɹ̩ d	p ɪ k t͡ʃ ɹ̩ d	0	1	reg_d	other	reg_d
final	k æ r iː	k æ r iː d	k æ r iː d	ə ɡ r iː	ə ɡ r iː d	ə ɡ r iː d	k æ r iː d	1	1	reg_d	reg_d	reg_d
final	k ɪ s	k ɪ s t	k ɪ s t	k r ɔ s	k r ɔ s t	k r ɔ s t	k ɪ s t	1	1	reg_t	reg_t	reg_t
final	r ɪ p l a ɪ	r ɪ p l a ɪ d	r ɪ p l a ɪ d	p l e ɪ	p l e ɪ d	p l e ɪ d	r ɪ p l a ɪ d	1	1	reg_d	reg_d	reg_d
final	h ɹ̩ iː	h ɹ̩ iː d	h ɹ̩ iː d	k ɑː p iː	k ɑː p iː d	k ɑː p iː d	h ɹ̩ iː d	1	1	reg_d	reg_d	reg_d
final	l o ʊ n	l o ʊ n d	l o ʊ n d	p ɔ ɪ z ə n	p ɔ ɪ z ə n d	p ɔ ɪ z ə n d	l o ʊ n d	1	1	reg_d	reg_d	reg_d
final	r ɪ d	r ɪ d	r æ d	s t æ n d	s t ʊ d	s t ʊ d	NA	0	0	no_change	vowel_change	rhyme_replaced
final	h e ɪ t	h e ɪ t ə d	h e ɪ t ə d	s ɛ t	s ɛ t	s ɛ t	h e ɪ t	0	0	reg_əd	reg_əd	no_change
final	s t ɪ ŋ k	s t ʌ ŋ k	s t ʌ ŋ k t	t r ʌ k	t r ʌ k t	t r ʌ k t	s t ɪ ŋ k t	0	0	vowel_change	vowel_change_suffix	reg_t
final	s t ɪ l	s t ɪ l d	s t ʌ l d	t ʌ m b ə l	t ʌ m b ə l d	t ʌ m b ə l d	s t ɪ l d	0	1	reg_d	vowel_change_suffix	reg_d
final	ɡ r æ b	ɡ r æ b d	ɡ r æ b d	t r æ n s k r a ɪ b	t r æ n s k r a ɪ b d	t r æ n s k r a ɪ b d	ɡ r æ b d	1	1	reg_d	reg_d	reg_d
final	k ʊ k	k ʊ k t	k ʊ k t	æ s k	æ s k t	æ s k t	k ʊ k t	1	1	reg_t	reg_t	reg_t
final	v o ʊ t	v o ʊ t ə d	v o ʊ t ə d	k w ɪ t	k w ɪ t	k w ɪ t	v o ʊ t	0	0	reg_əd	reg_əd	no_change
final	k l iː r	k l iː r d	k l iː r d	n iː r	n iː r d	n iː r d	k l iː r d	1	1	reg_d	reg_d	reg_d
final	s t e ɪ b ə l a ɪ z	s t e ɪ b ə l a ɪ z d	s t ə d	r ə f j uː z	r ə f j uː z d	r ə f j uː z d	s t e ɪ b ə l a ɪ z d	0	1	reg_d	other	reg_d
final	b iː t	b iː t	b iː t ə d	ɪ l ə s t r e ɪ t	ɪ l ə s t r e ɪ t ə d	ɪ l ə s t r e ɪ t ə d	b iː t ə d	1	0	no_change	reg_əd	reg_əd
final	w iː l	w iː l d	w ɛ l t	s ɛ l	s o ʊ l d	s o ʊ l d	NA	0	0	reg_d	vowel_change_suffix	vowel_change_suffix
final	k ɑː s t	k ɑː s t	k ɑː s t ə d	ɪ l ə s t r e ɪ t	ɪ l ə s t r e ɪ t ə d	ɪ l ə s t r e ɪ t ə d	k ɑː s t ə d	1	0	no_change	reg_əd	reg_əd
final	p æ s	p æ s t	p æ s t	p r ɛ s	p r ɛ s t	p r ɛ s t	p æ s t	1	1	reg_t	reg_t	reg_t
final	iː v ɪ n	iː v ɪ n d	iː v ɪ v d	s p ɪ n	s p ʌ n	s p ʌ n	iː v ʌ n	0	0	reg_d	coda_change	vowel_change
final	p l ɑː p	p l ɑː p t	p l ɑː p t	s t r a ɪ p	s t r a ɪ p t	s t r a ɪ p t	p l ɑː p t	1	1	reg_t	reg_t	reg_t
final	w ɛ l k ə m	w ɛ l k ə m d	w k t ə k w d	p r o ʊ ɡ r æ m	p r o ʊ ɡ r æ m d	p r o ʊ ɡ r æ m d	w ɛ l k ə m d	0	1	reg_d	other	reg_d
final	b ɪ h e ɪ v	b ɪ h e ɪ v d	b ɪ h e ɪ v d	s ɹ̩ v	s ɹ̩ v d	s ɹ̩ v d	b ɪ h e ɪ v d	1	1	reg_d	reg_d	reg_d
final	m ɪ l k	m ɪ l k t	m ɪ l k t	k r æ k	k r æ k t	k r æ k t	m ɪ l k t	1	1	reg_t	reg_t	reg_t
final	b ɔ r d ɹ̩	b ɔ r d ɹ̩ d	b ɔ r d ɹ̩ d	ɔ r d ɹ̩	ɔ r d ɹ̩ d	ɔ r d ɹ̩ d	b ɔ r d ɹ̩ d	1	1	reg_d	reg_d	reg_d
final	æ k t	æ k t ə d	æ k t	s ə d͡ʒ ɛ s t	s ə d͡ʒ ɛ s t ə d	s ə d͡ʒ ɛ s t ə d	æ k t ə d	0	1	reg_əd	no_change	reg_əd
final	f a ɪ t	f ɔ t	f a ɪ t	l ɛ t	l ɛ t	l ɛ t	f a ɪ t	1	0	vowel_change	no_change	no_change
final	w a ɪ p	w a ɪ p t	w a ɪ p t	d͡ʒ ɪ p	d͡ʒ ɪ p t	d͡ʒ ɪ p t	w a ɪ p t	1	1	reg_t	reg_t	reg_t
final	p ɹ̩ f ɛ k t	p ɹ̩ f ɛ k t ə d	p ɹ̩ f ɹ̩ k t ə d	s ɛ l ə b r e ɪ t	s ɛ l ə b r e ɪ t ə d	s ɛ l ə b r e ɪ t ə d	p ɹ̩ f ɛ k t ə d	0	1	reg_əd	other	reg_əd
final	r ɪ l a ɪ	r ɪ l a ɪ d	r ɪ l a ɪ d	t ɔ ɪ	t ɔ ɪ d	t ɔ ɪ d	r ɪ l a ɪ d	1	1	reg_d	reg_d	reg_d
final	t͡ʃ ɑː p	t͡ʃ ɑː p t	t͡ʃ ɑː p t	k æ m p	k æ m p t	k æ m p t	t͡ʃ ɑː p t	1	1	reg_t	reg_t	reg_t
final	ʃ a ʊ t	ʃ a ʊ t ə d	ʃ a ʊ t ə d	f æ b r ə k e ɪ t	f æ b r ə k e ɪ t ə d	f æ b r ə k e ɪ t ə d	ʃ a ʊ t ə d	1	1	reg_əd	reg_əd	reg_əd
final	b ɪ z iː	b ɪ z iː d	b ɪ z iː d	w ɹ̩ iː	w ɹ̩ iː d	w ɹ̩ iː d	b ɪ z iː d	1	1	reg_d	reg_d	reg_d
final	p ʌ m p	p ʌ m p t	p ʌ m p t	s k ɪ p	s k ɪ p t	s k ɪ p t	p ʌ m p t	1	1	reg_t	reg_t	reg_t
final	d r ɪ b ə l	d r ɪ b ə l d	d r ɪ b ə l d	k ʌ p ə l	k ʌ p ə l d	k ʌ p ə l d	d r ɪ b ə l d	1	1	reg_d	reg_d	reg_d
final	ɡ ɑː b ə l	ɡ ɑː b ə l d	ɡ ɑː b ə l d	s k r æ m b ə l	s k r æ m b ə l d	s k r æ m b ə l d	ɡ ɑː b ə l d	1	1	reg_d	reg_d	reg_d
final	ə p r o ʊ p r iː e ɪ t	ə p r o ʊ p r iː e ɪ t ə d	ə p r d	d ɪ s t r æ k t	d ɪ s t r æ k t ə d	d ɪ s t r æ k t ə d	ə p r o ʊ p r iː e ɪ t ə d	0	1	reg_əd	other	reg_əd
final	s l æ p	s l æ p t	s l æ p t	s l iː p	s l ɛ p t	s l ɛ p t	NA	0	0	reg_t	reg_t	vowel_change_suffix
final	p r ə t ɛ k t	p r ə t ɛ k t ə d	p r ə t ɛ k t ə d	p l æ n t	p l æ n t ə d	p l æ n t ə d	p r ə t ɛ k t ə d	1	1	reg_əd	reg_əd	reg_əd
final	b æ k	b æ k t	b æ k t	s m o ʊ k	s m o ʊ k t	s m o ʊ k t	b æ k t	1	1	reg_t	reg_t	reg_t
final	ɪ k s ɛ p t	ɪ k s ɛ p t ə d	ɪ k s ɛ k t ə d	k ə n t ɛ n t	k ə n t ɛ n t ə d	k ə n t ɛ n t ə d	ɪ k s ɛ p t ə d	0	1	reg_əd	other	reg_əd
final	h ʌ ɡ	h ʌ ɡ d	h ʌ ɡ d	d ɪ ɡ	d ʌ ɡ	d ʌ ɡ	NA	0	0	reg_d	reg_d	vowel_change
final	f r a ɪ	f r a ɪ d	f r a ʊ d	t r a ɪ	t r a ɪ d	t r a ɪ d	f r a ɪ d	0	1	reg_d	vowel_change_suffix	reg_d
final	r ɔ r	r ɔ r d	r ɔ r d	k ə m p ɛ r	k ə m p ɛ r d	k ə m p ɛ r d	r ɔ r d	1	1	reg_d	reg_d	reg_d
final	p r e ɪ	p r e ɪ d	p r e ɪ d	t ɔ ɪ	t ɔ ɪ d	t ɔ ɪ d	p r e ɪ d	1	1	reg_d	reg_d	reg_d
final	s m æ k	s m æ k t	s m æ k t	p æ k	p æ k t	p æ k t	s m æ k t	1	1	reg_t	reg_t	reg_t
final	w ɔ t ɹ̩	w ɔ t ɹ̩ d	w ɔ t ɹ̩ d	æ n s ɹ̩	æ n s ɹ̩ d	æ n s ɹ̩ d	w ɔ t ɹ̩ d	1	1	reg_d	reg_d	reg_d
final	s k w ɹ̩ t	s k w ɹ̩ t ə d	s k w ɹ̩ t ə d	k a ʊ n t	k a ʊ n t ə d	k a ʊ n t ə d	s k w ɹ̩ t ə d	1	1	reg_əd	reg_əd	reg_əd
final	l a ɪ t	l ɪ t	l a ɪ t	s k e ɪ t	s k e ɪ t ə d	s k e ɪ t ə d	l a ɪ t ə d	0	0	vowel_change	no_change	reg_əd
final	f l ʌ ʃ	f l ʌ ʃ t	f l ʌ ʃ t	m æ ʃ	m æ ʃ t	m æ ʃ t	f l ʌ ʃ t	1	1	reg_t	reg_t	reg_t
final	p ɛ t	p ɛ t ə d	p ɛ t	r ɪ z ɪ s t	r ɪ z ɪ s t ə d	r ɪ z ɪ s t ə d	p ɛ t ə d	0	1	reg_əd	no_change	reg_əd
final	s e ɪ l	s e ɪ l d	s e ɪ l d	f e ɪ l	f e ɪ l d	f e ɪ l d	s e ɪ l d	1	1	reg_d	reg_d	reg_d
final	m æ n ə d͡ʒ	m æ n ə d͡ʒ d	m æ n ə d͡ʒ d	r iː ɹ̩ e ɪ n d͡ʒ	r iː ɹ̩ e ɪ n d͡ʒ d	r iː ɹ̩ e ɪ n d͡ʒ d	m æ n ə d͡ʒ d	1	1	reg_d	reg_d	reg_d
final	ə n f o ʊ l d	ə n f o ʊ l d ə d	ə n o ʊ l iː l d	ə n d ɹ̩ s t æ n d	ə n d ɹ̩ s t ʊ d	ə n d ɹ̩ s t ʊ d	NA	0	0	reg_əd	other	rhyme_replaced
final	k ɪ d	k ɪ d ə d	k ɪ d	ə n d ɹ̩ s t æ n d	ə n d ɹ̩ s t ʊ d	ə n d ɹ̩ s t ʊ d	NA	0	0	reg_əd	no_change	rhyme_replaced
final	s p a ɪ k	s p a ɪ k t	s p a ɪ k	k r æ k	k r æ k t	k r æ k t	s p a ɪ k t	0	1	reg_t	no_change	reg_t
final	p iː s	p iː s t	p iː s t	d r ɛ s	d r ɛ s t	d r ɛ s t	p iː s t	1	1	reg_t	reg_t	reg_t
final	p ɛ r	p ɛ r d	p ɛ r d	h iː r	h iː r d	h ɹ̩ d	p ɛ r d	1	1	reg_d	reg_d	reg_d
final	s w ɑː l o ʊ	s w ɑː l o ʊ d	s w ɑː l o ʊ l d	p l a ʊ	p l a ʊ d	p l a ʊ d	s w ɑː l o ʊ d	0	1	reg_d	coda_change	reg_d
final	s p æ ŋ k	s p æ ŋ k t	s p æ ŋ k	w ɔ k	w ɔ k t	w ɔ k t	s p æ ŋ k t	0	1	reg_t	no_change	reg_t
final	k r ɔ l	k r ɔ l d	k r ɔ l d	w ɑː b ə l	w ɑː b ə l d	w ɑː b ə l d	k r ɔ l d	1	1	reg_d	reg_d	reg_d
final	r ɑː b	r ɑː b d	r ɑː b d	s k r ʌ b	s k r ʌ b d	s k r ʌ b d	r ɑː b d	1	1	reg_d	reg_d	reg_d
final	s l ɪ p	s l ɪ p t	s l ɪ p t	s n æ p	s n æ p t	s n æ p t	s l ɪ p t	1	1	reg_t	reg_t	reg_t
final	z ɪ p ɹ̩	z ɪ p ɹ̩ d	z ɪ p ɹ̩ d	b ɑː ð ɹ̩	b ɑː ð ɹ̩ d	b ɑː ð ɹ̩ d	z ɪ p ɹ̩ d	1	1	reg_d	reg_d	reg_d
final	r ʌ ʃ	r ʌ ʃ t	r æ ʃ t	p ʌ n ɪ ʃ	p ʌ n ɪ ʃ t	p ʌ n ɪ ʃ t	r ʌ ʃ t	0	1	reg_t	vowel_change_suffix	reg_t
final	f r a ɪ t ə n	f r a ɪ t ə n d	f r a ɪ t ə d	r ɪ t ɹ̩ n	r ɪ t ɹ̩ n d	r ɪ t ɹ̩ n d	f r a ɪ t ə n d	0	1	reg_d	coda_change	reg_d
final	s ə l ɛ k t	s ə l ɛ k t ə d	s ə l ɛ k t ə d	p æ t	p æ t ə d	p æ t ə d	s ə l ɛ k t ə d	1	1	reg_əd	reg_əd	reg_əd
final	k ɔ f	k ɔ f t	k ɔ f t	s n ʌ f	s n ʌ f t	s n ʌ f t	k ɔ f t	1	1	reg_t	reg_t	reg_t
final	d ʌ ŋ k	d ʌ ŋ k t	d ʌ ŋ k t	r ɑː k	r ɑː k t	r ɑː k t	d ʌ ŋ k t	1	1	reg_t	reg_t	reg_t
final	b æ n d ɪ d͡ʒ	b æ n d ɪ d͡ʒ d	b æ n d ɪ d͡ʒ d	t͡ʃ e ɪ n d͡ʒ	t͡ʃ e ɪ n d͡ʒ d	t͡ʃ e ɪ n d͡ʒ d	b æ n d ɪ d͡ʒ d	1	1	reg_d	reg_d	reg_d
final	w ɪ ŋ	w ɪ ŋ d	w ʌ ŋ	b æ ŋ	b æ ŋ d	b æ ŋ d	w ɪ ŋ d	0	1	reg_d	vowel_change	reg_d
final	t͡ʃ ɪ k ə n	t͡ʃ ɪ k ə n d	t͡ʃ ɪ k ə n d	s t r e ɪ t ə n	s t r e ɪ t ə n d	s t r e ɪ t ə n d	t͡ʃ ɪ k ə n d	1	1	reg_d	reg_d	reg_d
final	m e ɪ l	m e ɪ l d	m e ɪ l d	k ə n t r o ʊ l	k ə n t r o ʊ l d	k ə n t r o ʊ l d	m e ɪ l d	1	1	reg_d	reg_d	reg_d
final	b ʌ d͡ʒ	b ʌ d͡ʒ d	b ʌ d͡ʒ d	p e ɪ d͡ʒ	p e ɪ d͡ʒ d	p e ɪ d͡ʒ d	b ʌ d͡ʒ d	1	1	reg_d	reg_d	reg_d
final	w ɔ r n	w ɔ r n d	w ɔ r n d	a ɪ ɹ̩ n	a ɪ ɹ̩ n d	a ɪ ɹ̩ n d	w ɔ r n d	1	1	reg_d	reg_d	reg_d
final	b ʌ k ə l	b ʌ k ə l d	b ʌ k ə l d	s k r æ m b ə l	s k r æ m b ə l d	s k r æ m b ə l d	b ʌ k ə l d	1	1	reg_d	reg_d	reg_d
final	t iː t ɹ̩	t iː t ɹ̩ d	t iː t ɹ̩ d	ə k ɹ̩	ə k ɹ̩ d	ə k ɹ̩ d	t iː t ɹ̩ d	1	1	reg_d	reg_d	reg_d
final	s w ɪ ʃ	s w ɪ ʃ t	s w ɪ ʃ t	f ɪ n ɪ ʃ	f ɪ n ɪ ʃ t	f ɪ n ɪ ʃ t	s w ɪ ʃ t	1	1	reg_t	reg_t	reg_t
final	ʃ ʌ v ə l	ʃ ʌ v ə l d	ʃ ʌ v ə l d	s ɛ l	s o ʊ l d	s o ʊ l d	NA	0	0	reg_d	reg_d	vowel_change_suffix
final	ɛ n t ɹ̩	ɛ n t ɹ̩ d	ɛ n t ɹ̩ d	w a ɪ ɹ̩	w a ɪ ɹ̩ d	w a ɪ ɹ̩ d	ɛ n t ɹ̩ d	1	1	reg_d	reg_d	reg_d
final	ɡ r æ v ə t e ɪ t	ɡ r æ v ə t e ɪ t ə d	ɡ r æ v ə t e ɪ t ə d	p ɑː r t	p ɑː r t ə d	p ɑː r t ə d	ɡ r æ v ə t e ɪ t ə d	1	1	reg_əd	reg_əd	reg_əd
final	n o ʊ t	n o ʊ t ə d	n o ʊ t ə d	w e ɪ s t	w e ɪ s t ə d	w e ɪ s t ə d	n o ʊ t ə d	1	1	reg_əd	reg_əd	reg_əd
final	k r ʌ ʃ	k r ʌ ʃ t	k r ʌ ʃ t	k r æ ʃ	k r æ ʃ t	k r æ ʃ t	k r ʌ ʃ t	1	1	reg_t	reg_t	reg_t
final	s w ɑː p	s w ɑː p t	s w ɑː p t	s k ɪ p	s k ɪ p t	s k ɪ p t	s w ɑː p t	1	1	reg_t	reg_t	reg_t
final	ə p s ɛ t	ə p s ɛ t	ə p s ɛ t ə d	t e ɪ s t	t e ɪ s t ə d	t e ɪ s t ə d	ə p s ɛ t ə d	1	0	no_change	reg_əd	reg_əd
final	s iː s ɔ	s iː s ɔ d	s iː s iː d	s ɔ	s ɔ d	s ɔ d	s iː s ɔ d	0	1	reg_d	vowel_change_suffix	reg_d
final	m ɛ r ɪ t	m ɛ r ɪ t ə d	m ɛ r æ t ə d	ɑː p ɹ̩ e ɪ t	ɑː p ɹ̩ e ɪ t ə d	ɑː p ɹ̩ e ɪ t ə d	m ɛ r ɪ t ə d	0	1	reg_əd	other	reg_əd
final	k ə l ɛ k t	k ə l ɛ k t ə d	k ə l ɛ k t ə d	p æ t	p æ t ə d	p æ t ə d	k ə l ɛ k t ə d	1	1	reg_əd	reg_əd	reg_əd
final	b e ɪ ð	b e ɪ ð d	b e ɪ ð d	s m uː ð	s m uː ð d	s m uː ð d	b e ɪ ð d	1	1	reg_d	reg_d	reg_d
final	k r æ ŋ k	k r æ ŋ k t	k r æ ŋ k	f e ɪ k	f e ɪ k t	f e ɪ k t	k r æ ŋ k t	0	1	reg_t	no_change	reg_t
final	t͡ʃ ʌ k	t͡ʃ ʌ k t	t͡ʃ ʌ k t	t e ɪ k	t ʊ k	t ʊ k	NA	0	0	reg_t	reg_t	vowel_change
final	p ʌ f	p ʌ f t	p ʌ f t	n a ɪ f	n a ɪ f t	n a ɪ f t	p ʌ f t	1	1	reg_t	reg_t	reg_t
final	p r ɑː d͡ʒ ɛ k t	p r ɑː d͡ʒ ɛ k t ə d	p r ɑː d͡ʒ ɛ k t ə d	p ɑː t	p ɑː t ə d	p ɑː t ə d	p r ɑː d͡ʒ ɛ k t ə d	1	1	reg_əd	reg_əd	reg_əd
final	t r ɪ p	t r ɪ p t	t r ɪ p t	t ɑː p	t ɑː p t	t ɑː p t	t r ɪ p t	1	1	reg_t	reg_t	reg_t
final	r ɪ l æ k s	r ɪ l æ k s t	r æ l æ k s t	r e ɪ s	r e ɪ s t	r e ɪ s t	r ɪ l æ k s t	0	1	reg_t	other	reg_t
final	d ɪ l iː t	d ɪ l iː t ə d	d ɪ l iː t ə d	s p l ɪ t	s p l ɪ t	s p l ɪ t	d ɪ l iː t	0	0	reg_əd	reg_əd	no_change
majority	s p ɛ l	s p ɛ l d	s p ɛ l d	w e ɪ v	w e ɪ v d	w e ɪ v d	s p ɛ l d	1	1	reg_d	reg_d	reg_d
majority	d uː	d ɪ d	d	w ɑː b ə l	w ɑː b ə l d	w ɑː b ə l d	d uː d	0	0	vowel_change_suffix	other	reg_d
majority	m e ɪ k	m e ɪ d	m e ɪ k t	p r o ʊ ɡ r æ m	p r o ʊ ɡ r æ m d	p r o ʊ ɡ r æ m d	m e ɪ k d	0	0	coda_change	reg_t	reg_d
majority	ə p r iː ʃ iː e ɪ t	ə p r iː ʃ iː e ɪ t ə d	ə p r iː e ɪ e ɪ t ə d	ə n p l ʌ ɡ	ə n p l ʌ ɡ d	ə n p l ʌ ɡ d	ə p r iː ʃ iː e ɪ t d	0	0	reg_əd	other	reg_d
majority	p e ɪ n t	p e ɪ n t ə d	p e ɪ n t ə d	n e ɪ l	n e ɪ l d	n e ɪ l d	p e ɪ n t d	0	0	reg_əd	reg_əd	reg_d
majority	iː t	e ɪ t	iː d ə t ə t ə d ə d	k ɑː z	k ɑː z d	k ɑː z d	iː t d	0	0	vowel_change	other	reg_d
majority	p ʊ t	p ʊ t	p ʊ t ə d	l ɹ̩ n	l ɹ̩ n d	l ɹ̩ n d	p ʊ t d	0	0	no_change	reg_əd	reg_d
majority	r ɪ m ɛ m b ɹ̩	r ɪ m ɛ m b ɹ̩ d	r ɪ m ɛ m ɛ b ɹ̩ d	s k r iː m	s k r iː m d	s k r iː m d	r ɪ m ɛ m b ɹ̩ d	0	1	reg_d	other	reg_d
majority	f ɪ k s	f ɪ k s t	f ɪ k s t	f ɪ l m	f ɪ l m d	f ɪ l m d	f ɪ k s d	0	0	reg_t	reg_t	reg_d
majority	t ɹ̩ n	t ɹ̩ n d	t ɹ̩ n d	t o ʊ	t o ʊ d	t o ʊ d	t ɹ̩ n d	1	1	reg_d	reg_d	reg_d
majority	f l a ɪ	f l uː	f l a ʊ d	s n ɑː r ə l	s n ɑː r ə l d	s n ɑː r ə l d	f l a ɪ d	0	0	vowel_change	vowel_change_suffix	reg_d
majority	p ɪ k	p ɪ k t	p ɪ k t	k ə n t ɪ n j uː	k ə n t ɪ n j uː d	k ə n t ɪ n j uː d	p ɪ k d	0	0	reg_t	reg_t	reg_d
majority	b ʌ m p	b ʌ m p t	b ʌ m p t	s ɔ	s ɔ d	s ɔ d	b ʌ m p d	0	0	reg_t	reg_t	reg_d
majority	l o ʊ ɹ̩	l o ʊ ɹ̩ d	l o ʊ ɹ̩ d	s m ɛ l	s m ɛ l d	s m ɛ l d	l o ʊ ɹ̩ d	1	1	reg_d	reg_d	reg_d
majority	s k r e ɪ p	s k r e ɪ p t	s k r e ɪ p t	a ɪ ɹ̩ n	a ɪ ɹ̩ n d	a ɪ ɹ̩ n d	s k r e ɪ p d	0	0	reg_t	reg_t	reg_d
majority	d ɪ ŋ	d ɪ ŋ d	d ʌ ŋ	t a ɪ ɹ̩	t a ɪ ɹ̩ d	t a ɪ ɹ̩ d	d ɪ ŋ d	0	1	reg_d	vowel_change	reg_d
majority	h a ɪ d	h ɪ d	h a ɪ d ə d	t͡ʃ e ɪ n d͡ʒ	t͡ʃ e ɪ n d͡ʒ d	t͡ʃ e ɪ n d͡ʒ d	h a ɪ d d	0	0	vowel_change	reg_əd	reg_d
majority	p ɔ r	p ɔ r d	p ɔ r d	w ɹ̩ l	w ɹ̩ l d	w ɹ̩ l d	p ɔ r d	1	1	reg_d	reg_d	reg_d
majority	k l iː n	k l iː n d	k l iː n d	w ɪ l	w ɪ l d	w ɪ l d	k l iː n d	1	1	reg_d	reg_d	reg_d
majority	b a ɪ	b ɔ t	b a ɪ d	s l æ m	s l æ m d	s l æ m d	b a ɪ d	1	0	vowel_change_suffix	reg_d	reg_d
majority	n æ p	n æ p t	n æ p t	s k r ʌ b	s k r ʌ b d	s k r ʌ b d	n æ p d	0	0	reg_t	reg_t	reg_d
majority	n ɑː k	n ɑː k t	n ɑː k t	ə p r uː v	ə p r uː v d	ə p r uː v d	n ɑː k d	0	0	reg_t	reg_t	reg_d
majority	w e ɪ k	w o ʊ k	w e ɪ k t	t͡ʃ uː	t͡ʃ uː d	t͡ʃ uː d	w e ɪ k d	0	0	vowel_change	reg_t	reg_d
majority	j uː z	j uː z d	j uː z d	d ɪ s ɡ a ɪ z	d ɪ s ɡ a ɪ z d	d ɪ s ɡ a ɪ z d	j uː z d	1	1	reg_d	reg_d	reg_d
majority	r ɪ ŋ	r æ ŋ	r æ ŋ	n e ɪ l	n e ɪ l d	n e ɪ l d	r ɪ ŋ d	0	0	vowel_change	vowel_change	reg_d
majority	r ʌ b	r ʌ b d	r æ b	d ɑː k t ɹ̩	d ɑː k t ɹ̩ d	d ɑː k t ɹ̩ d	r ʌ b d	0	1	reg_d	vowel_change	reg_d
majority	l ɪ k	l ɪ k t	l ɪ k t	l a ɪ v	l a ɪ v d	l a ɪ v d	l ɪ k d	0	0	reg_t	reg_t	reg_d
majority	d r ɑː p	d r ɑː p t	d r ɑː p t	k ʌ p ə l	k ʌ p ə l d	k ʌ p ə l d	d r ɑː p d	0	0	reg_t	reg_t	reg_d
majority	t ɔ k	t ɔ k t	t ɔ k t	o ʊ n	o ʊ n d	o ʊ n d	t ɔ k d	0	0	reg_t	reg_t	reg_d
majority	ʃ ʌ v	ʃ ʌ v d	ʃ ʌ v d	ʃ ɑː r p ə n	ʃ ɑː r p ə n d	ʃ ɑː r p ə n d	ʃ ʌ v d	1	1	reg_d	reg_d	reg_d
majority	l ɪ s ə n	l ɪ s ə n d	l ɪ s ə n d	s t iː m	s t iː m d	s t iː m d	l ɪ s ə n d	1	1	reg_d	reg_d	reg_d
majority	m ɛ r iː	m ɛ r iː d	m ɛ r iː d	ə n p l ʌ ɡ	ə n p l ʌ ɡ d	ə n p l ʌ ɡ d	m ɛ r iː d	1	1	reg_d	reg_d	reg_d
majority	b ɑː r k	b ɑː r k t	b ɑː r k t	r uː ə n	r uː ə n d	r uː ə n d	b ɑː r k d	0	0	reg_t	reg_t	reg_d
majority	p l iː d	p l iː d ə d	p l iː d ə d	p l æ n	p l æ n d	p l æ n d	p l iː d d	0	0	reg_əd	reg_əd	reg_d
majority	s p ɛ n d	s p ɛ n t	s p ɛ n d ə d	t e ɪ b ə l	t e ɪ b ə l d	t e ɪ b ə l d	s p ɛ n d d	0	0	coda_change	reg_əd	reg_d
majority	h æ ŋ	h ʌ ŋ	h æ ŋ d	s o ʊ	s o ʊ d	s o ʊ d	h æ ŋ d	1	0	vowel_change	reg_d	reg_d
majority	f a ɪ ɹ̩	f a ɪ ɹ̩ d	f a ɪ ɹ̩ d	f o ʊ n	f o ʊ n d	f o ʊ n d	f a ɪ ɹ̩ d	1	1	reg_d	reg_d	reg_d
majority	b a ɪ t	b ɪ t	b a ɪ t	ɪ k s k j uː z	ɪ k s k j uː z d	ɪ k s k j uː z d	b a ɪ t d	0	0	vowel_change	no_change	reg_d
majority	w ɔ r m	w ɔ r m d	w ɔ r m d	w ɪ l	w ɪ l d	w ɪ l d	w ɔ r m d	1	1	reg_d	reg_d	reg_d
majority	k ə n ɛ k t	k ə n ɛ k t ə d	k ə n ɛ n t ə d	k ɪ l	k ɪ l d	k ɪ l d	k ə n ɛ k t d	0	0	reg_əd	other	reg_d
majority	s p r ɛ d	s p r ɛ d	s p r ɛ d ə d	s t e ɪ	s t e ɪ d	s t e ɪ d	s p r ɛ d d	0	0	no_change	reg_əd	reg_d
majority	s k w iː z	s k w iː z d	s k w iː z d	s ɔ	s ɔ d	s ɔ d	s k w iː z d	1	1	reg_d	reg_d	reg_d
majority	ɪ r e ɪ s	ɪ r e ɪ s t	ɪ r e ɪ s t	s a ɪ z	s a ɪ z d	s a ɪ z d	ɪ r e ɪ s d	0	0	reg_t	reg_t	reg_d
majority	t a ɪ m	t a ɪ m d	t a ɪ m d	w ʌ n d ɹ̩	w ʌ n d ɹ̩ d	w ʌ n d ɹ̩ d	t a ɪ m d	1	1	reg_d	reg_d	reg_d
majority	p ɪ k t͡ʃ ɹ̩	p ɪ k t͡ʃ ɹ̩ d	p t	s a ɪ	s a ɪ d	s a ɪ d	p ɪ k t͡ʃ ɹ̩ d	0	1	reg_d	other	reg_d
majority	k æ r iː	k æ r iː d	k æ r iː d	b ɑː d iː	b ɑː d iː d	b ɑː d iː d	k æ r iː d	1	1	reg_d	reg_d	reg_d
majority	k ɪ s	k ɪ s t	k ɪ s t	s m ɛ l	s m ɛ l d	s m ɛ l d	k ɪ s d	0	0	reg_t	reg_t	reg_d
majority	r ɪ p l a ɪ	r ɪ p l a ɪ d	r ɪ p l a ɪ d	r iː f ɪ l	r iː f ɪ l d	r iː f ɪ l d	r ɪ p l a ɪ d	1	1	reg_d	reg_d	reg_d
majority	h ɹ̩ iː	h ɹ̩ iː d	h ɹ̩ iː d	r o ʊ	r o ʊ d	r o ʊ d	h ɹ̩ iː d	1	1	reg_d	reg_d	reg_d
majority	l o ʊ n	l o ʊ n d	l o ʊ n d	s k uː l	s k uː l d	s k uː l d	l o ʊ n d	1	1	reg_d	reg_d	reg_d
majority	r ɪ d	r ɪ d	r æ d	l ɔ ŋ	l ɔ ŋ d	l ɔ ŋ d	r ɪ d d	0	0	no_change	vowel_change	reg_d
majority	h e ɪ t	h e ɪ t ə d	h e ɪ t ə d	w ɪ l	w ɪ l d	w ɪ l d	h e ɪ t d	0	0	reg_əd	reg_əd	reg_d
majority	s t ɪ ŋ k	s t ʌ ŋ k	s t ʌ ŋ k t	p iː l	p iː l d	p iː l d	s t ɪ ŋ k d	0	0	vowel_change	vowel_change_suffix	reg_d
majority	s t ɪ l	s t ɪ l d	s t ʌ l d	s iː m	s iː m d	s iː m d	s t ɪ l d	0	1	reg_d	vowel_change_suffix	reg_d
majority	ɡ r æ b	ɡ r æ b d	ɡ r æ b d	n e ɪ l	n e ɪ l d	n e ɪ l d	ɡ r æ b d	1	1	reg_d	reg_d	reg_d
majority	k ʊ k	k ʊ k t	k ʊ k t	p l ʌ ɡ	p l ʌ ɡ d	p l ʌ ɡ d	k ʊ k d	0	0	reg_t	reg_t	reg_d
majority	v o ʊ t	v o ʊ t ə d	v o ʊ t ə d	s a ɪ	s a ɪ d	s a ɪ d	v o ʊ t d	0	0	reg_əd	reg_əd	reg_d
majority	k l iː r	k l iː r d	k l iː r d	f ɪ l m	f ɪ l m d	f ɪ l m d	k l iː r d	1	1	reg_d	reg_d	reg_d
majority	s t e ɪ b ə l a ɪ z	s t e ɪ b ə l a ɪ z d	s t ə d	t æ ŋ ɡ ə l	t æ ŋ ɡ ə l d	t æ ŋ ɡ ə l d	s t e ɪ b ə l a ɪ z d	0	1	reg_d	other	reg_d
majority	b iː t	b iː t	b iː t ə d	k ʌ v ɹ̩	k ʌ v ɹ̩ d	k ʌ v ɹ̩ d	b iː t d	0	0	no_change	reg_əd	reg_d
majority	w iː l	w iː l d	w ɛ l t	k ʌ l ɹ̩	k ʌ l ɹ̩ d	k ʌ l ɹ̩ d	w iː l d	0	1	reg_d	vowel_change_suffix	reg_d
majority	k ɑː s t	k ɑː s t	k ɑː s t ə d	k ʌ v ɹ̩	k ʌ v ɹ̩ d	k ʌ v ɹ̩ d	k ɑː s t d	0	0	no_change	reg_əd	reg_d
majority	p æ s	p æ s t	p æ s t	s p r ɪ ŋ k ə l	s p r ɪ ŋ k ə l d	s p r ɪ ŋ k ə l d	p æ s d	0	0	reg_t	reg_t	reg_d
majority	iː v ɪ n	iː v ɪ n d	iː v ɪ v d	s iː m	s iː m d	s iː m d	iː v ɪ n d	0	1	reg_d	coda_change	reg_d
majority	p l ɑː p	p l ɑː p t	p l ɑː p t	t o ʊ	t o ʊ d	t o ʊ d	p l ɑː p d	0	0	reg_t	reg_t	reg_d
majority	w ɛ l k ə m	w ɛ l k ə m d	w k t ə k w d	ɛ n t ɹ̩ t e ɪ n	ɛ n t ɹ̩ t e ɪ n d	ɛ n t ɹ̩ t e ɪ n d	w ɛ l k ə m d	0	1	reg_d	other	reg_d
majority	b ɪ h e ɪ v	b ɪ h e ɪ v d	b ɪ h e ɪ v d	b ʌ ɡ	b ʌ ɡ d	b ʌ ɡ d	b ɪ h e ɪ v d	1	1	reg_d	reg_d	reg_d
majority	m ɪ l k	m ɪ l k t	m ɪ l k t	s e ɪ v	s e ɪ v d	s e ɪ v d	m ɪ l k d	0	0	reg_t	reg_t	reg_d
majority	b ɔ r d ɹ̩	b ɔ r d ɹ̩ d	b ɔ r d ɹ̩ d	r ə f j uː z	r ə f j uː z d	r ə f j uː z d	b ɔ r d ɹ̩ d	1	1	reg_d	reg_d	reg_d
majority	æ k t	æ k t ə d	æ k t	k ɪ l	k ɪ l d	k ɪ l d	æ k t d	0	0	reg_əd	no_change	reg_d
majority	f a ɪ t	f ɔ t	f a ɪ t	b ʌ b ə l	b ʌ b ə l d	b ʌ b ə l d	f a ɪ t d	0	0	vowel_change	no_change	reg_d
majority	w a ɪ p	w a ɪ p t	w a ɪ p t	f l a ʊ n d ɹ̩	f l a ʊ n d ɹ̩ d	f l a ʊ n d ɹ̩ d	w a ɪ p d	0	0	reg_t	reg_t	reg_d
majority	p ɹ̩ f ɛ k t	p ɹ̩ f ɛ k t ə d	p ɹ̩ f ɹ̩ k t ə d	p ɑː r t iː	p ɑː r t iː d	p ɑː r t iː d	p ɹ̩ f ɛ k t d	0	0	reg_əd	other	reg_d
majority	r ɪ l a ɪ	r ɪ l a ɪ d	r ɪ l a ɪ d	t͡ʃ ʌ ɡ	t͡ʃ ʌ ɡ d	t͡ʃ ʌ ɡ d	r ɪ l a ɪ d	1	1	reg_d	reg_d	reg_d
majority	t͡ʃ ɑː p	t͡ʃ ɑː p t	t͡ʃ ɑː p t	t͡ʃ æ n ə l	t͡ʃ æ n ə l d	t͡ʃ æ n ə l d	t͡ʃ ɑː p d	0	0	reg_t	reg_t	reg_d
majority	ʃ a ʊ t	ʃ a ʊ t ə d	ʃ a ʊ t ə d	k ʌ d ə l	k ʌ d ə l d	k ʌ d ə l d	ʃ a ʊ t d	0	0	reg_əd	reg_əd	reg_d
majority	b ɪ z iː	b ɪ z iː d	b ɪ z iː d	t iː z	t iː z d	t iː z d	b ɪ z iː d	1	1	reg_d	reg_d	reg_d
majority	p ʌ m p	p ʌ m p t	p ʌ m p t	d r a ɪ	d r a ɪ d	d r a ɪ d	p ʌ m p d	0	0	reg_t	reg_t	reg_d
majority	d r ɪ b ə l	d r ɪ b ə l d	d r ɪ b ə l d	l e ɪ b ə l	l e ɪ b ə l d	l e ɪ b ə l d	d r ɪ b ə l d	1	1	reg_d	reg_d	reg_d
majority	ɡ ɑː b ə l	ɡ ɑː b ə l d	ɡ ɑː b ə l d	l ɔ ŋ	l ɔ ŋ d	l ɔ ŋ d	ɡ ɑː b ə l d	1	1	reg_d	reg_d	reg_d
majority	ə p r o ʊ p r iː e ɪ t	ə p r o ʊ p r iː e ɪ t ə d	ə p r d	r iː ɹ̩ e ɪ n d͡ʒ	r iː ɹ̩ e ɪ n d͡ʒ d	r iː ɹ̩ e ɪ n d͡ʒ d	ə p r o ʊ p r iː e ɪ t d	0	0	reg_əd	other	reg_d
majority	s l æ p	s l æ p t	s l æ p t	h æ m ɹ̩	h æ m ɹ̩ d	h æ m ɹ̩ d	s l æ p d	0	0	reg_t	reg_t	reg_d
majority	p r ə t ɛ k t	p r ə t ɛ k t ə d	p r ə t ɛ k t ə d	s k r iː m	s k r iː m d	s k r iː m d	p r ə t ɛ k t d	0	0	reg_əd	reg_əd	reg_d
majority	b æ k	b æ k t	b æ k t	ɡ ʌ m	ɡ ʌ m d	ɡ ʌ m d	b æ k d	0	0	reg_t	reg_t	reg_d
majority	ɪ k s ɛ p t	ɪ k s ɛ p t ə d	ɪ k s ɛ k t ə d	s m uː ð	s m uː ð d	s m uː ð d	ɪ k s ɛ p t d	0	0	reg_əd	other	reg_d
majority	h ʌ ɡ	h ʌ ɡ d	h ʌ ɡ d	p r iː s k r a ɪ b	p r iː s k r a ɪ b d	p r iː s k r a ɪ b d	h ʌ ɡ d	1	1	reg_d	reg_d	reg_d
majority	f r a ɪ	f r a ɪ d	f r a ʊ d	s t iː m	s t iː m d	s t iː m d	f r a ɪ d	0	1	reg_d	vowel_change_suffix	reg_d
majority	r ɔ r	r ɔ r d	r ɔ r d	f e ɪ l	f e ɪ l d	f e ɪ l d	r ɔ r d	1	1	reg_d	reg_d	reg_d
majority	p r e ɪ	p r e ɪ d	p r e ɪ d	k ə m p ɛ r	k ə m p ɛ r d	k ə m p ɛ r d	p r e ɪ d	1	1	reg_d	reg_d	reg_d
majority	s m æ k	s m æ k t	s m æ k t	b ʌ t ə n	b ʌ t ə n d	b ʌ t ə n d	s m æ k d	0	0	reg_t	reg_t	reg_d
majority	w ɔ t ɹ̩	w ɔ t ɹ̩ d	w ɔ t ɹ̩ d	s k uː l	s k uː l d	s k uː l d	w ɔ t ɹ̩ d	1	1	reg_d	reg_d	reg_d
majority	s k w ɹ̩ t	s k w ɹ̩ t ə d	s k w ɹ̩ t ə d	l iː n	l iː n d	l iː n d	s k w ɹ̩ t d	0	0	reg_əd	reg_əd	reg_d
majority	l a ɪ t	l ɪ t	l a ɪ t	d ɪ s k ʌ v ɹ̩	d ɪ s k ʌ v ɹ̩ d	d ɪ s k ʌ v ɹ̩ d	l a ɪ t d	0	0	vowel_change	no_change	reg_d
majority	f l ʌ ʃ	f l ʌ ʃ t	f l ʌ ʃ t	ə l a ʊ	ə l a ʊ d	ə l a ʊ d	f l ʌ ʃ d	0	0	reg_t	reg_t	reg_d
majority	p ɛ t	p ɛ t ə d	p ɛ t	ɪ ɡ n ɔ r	ɪ ɡ n ɔ r d	ɪ ɡ n ɔ r d	p ɛ t d	0	0	reg_əd	no_change	reg_d
majority	s e ɪ l	s e ɪ l d	s e ɪ l d	ə b z ɔ r b	ə b z ɔ r b d	ə b z ɔ r b d	s e ɪ l d	1	1	reg_d	reg_d	reg_d
majority	m æ n ə d͡ʒ	m æ n ə d͡ʒ d	m æ n ə d͡ʒ d	b æ ŋ	b æ ŋ d	b æ ŋ d	m æ n ə d͡ʒ d	1	1	reg_d	reg_d	reg_d
majority	ə n f o ʊ l d	ə n f o ʊ l d ə d	ə n o ʊ l iː l d	p iː	p iː d	p iː d	ə n f o ʊ l d d	0	0	reg_əd	other	reg_d
majority	k ɪ d	k ɪ d ə d	k ɪ d	m ʌ ʃ r uː m	m ʌ ʃ r uː m d	m ʌ ʃ r uː m d	k ɪ d d	0	0	reg_əd	no_change	reg_d
majority	s p a ɪ k	s p a ɪ k t	s p a ɪ k	b ɑː d iː	b ɑː d iː d	b ɑː d iː d	s p a ɪ k d	0	0	reg_t	no_change	reg_d
majority	p iː s	p iː s t	p iː s t	w ɪ s ə l	w ɪ s ə l d	w ɪ s ə l d	p iː s d	0	0	reg_t	reg_t	reg_d
majority	p ɛ r	p ɛ r d	p ɛ r d	p r o ʊ ɡ r æ m	p r o ʊ ɡ r æ m d	p r o ʊ ɡ r æ m d	p ɛ r d	1	1	reg_d	reg_d	reg_d
majority	s w ɑː l o ʊ	s w ɑː l o ʊ d	s w ɑː l o ʊ l d	s a ɪ	s a ɪ d	s a ɪ d	s w ɑː l o ʊ d	0	1	reg_d	coda_change	reg_d
majority	s p æ ŋ k	s p æ ŋ k t	s p æ ŋ k	l iː n	l iː n d	l iː n d	s p æ ŋ k d	0	0	reg_t	no_change	reg_d
majority	k r ɔ l	k r ɔ l d	k r ɔ l d	ɔ r d ɹ̩	ɔ r d ɹ̩ d	ɔ r d ɹ̩ d	k r ɔ l d	1	1	reg_d	reg_d	reg_d
majority	r ɑː b	r ɑː b d	r ɑː b d	m ʌ ʃ r uː m	m ʌ ʃ r uː m d	m ʌ ʃ r uː m d	r ɑː b d	1	1	reg_d	reg_d	reg_d
majority	s l ɪ p	s l ɪ p t	s l ɪ p t	r ɪ t ɹ̩ n	r ɪ t ɹ̩ n d	r ɪ t ɹ̩ n d	s l ɪ p d	0	0	reg_t	reg_t	reg_d
majority	z ɪ p ɹ̩	z ɪ p ɹ̩ d	z ɪ p ɹ̩ d	s p a ɪ	s p a ɪ d	s p a ɪ d	z ɪ p ɹ̩ d	1	1	reg_d	reg_d	reg_d
majority	r ʌ ʃ	r ʌ ʃ t	r æ ʃ t	h æ n d ə l	h æ n d ə l d	h æ n d ə l d	r ʌ ʃ d	0	0	reg_t	vowel_change_suffix	reg_d
majority	f r a ɪ t ə n	f r a ɪ t ə n d	f r a ɪ t ə d	k r iː m	k r iː m d	k r iː m d	f r a ɪ t ə n d	0	1	reg_d	coda_change	reg_d
majority	s ə l ɛ k t	s ə l ɛ k t ə d	s ə l ɛ k t ə d	ɡ ʌ m	ɡ ʌ m d	ɡ ʌ m d	s ə l ɛ k t d	0	0	reg_əd	reg_əd	reg_d
majority	k ɔ f	k ɔ f t	k ɔ f t	s p r e ɪ	s p r e ɪ d	s p r e ɪ d	k ɔ f d	0	0	reg_t	reg_t	reg_d
majority	d ʌ ŋ k	d ʌ ŋ k t	d ʌ ŋ k t	s ɹ̩ p r a ɪ z	s ɹ̩ p r a ɪ z d	s ɹ̩ p r a ɪ z d	d ʌ ŋ k d	0	0	reg_t	reg_t	reg_d
majority	b æ n d ɪ d͡ʒ	b æ n d ɪ d͡ʒ d	b æ n d ɪ d͡ʒ d	b ʌ b ə l	b ʌ b ə l d	b ʌ b ə l d	b æ n d ɪ d͡ʒ d	1	1	reg_d	reg_d	reg_d
majority	w ɪ ŋ	w ɪ ŋ d	w ʌ ŋ	s a ɪ n	s a ɪ n d	s a ɪ n d	w ɪ ŋ d	0	1	reg_d	vowel_change	reg_d
majority	t͡ʃ ɪ k ə n	t͡ʃ ɪ k ə n d	t͡ʃ ɪ k ə n d	b r a ʊ n	b r a ʊ n d	b r a ʊ n d	t͡ʃ ɪ k ə n d	1	1	reg_d	reg_d	reg_d
majority	m e ɪ l	m e ɪ l d	m e ɪ l d	b a ɪ s ɪ k ə l	b a ɪ s ɪ k ə l d	b a ɪ s ɪ k ə l d	m e ɪ l d	1	1	reg_d	reg_d	reg_d
majority	b ʌ d͡ʒ	b ʌ d͡ʒ d	b ʌ d͡ʒ d	b ɑː ð ɹ̩	b ɑː ð ɹ̩ d	b ɑː ð ɹ̩ d	b ʌ d͡ʒ d	1	1	reg_d	reg_d	reg_d
majority	w ɔ r n	w ɔ r n d	w ɔ r n d	b ɑː d iː	b ɑː d iː d	b ɑː d iː d	w ɔ r n d	1	1	reg_d	reg_d	reg_d
majority	b ʌ k ə l	b ʌ k ə l d	b ʌ k ə l d	a ɪ	a ɪ d	a ɪ d	b ʌ k ə l d	1	1	reg_d	reg_d	reg_d
majority	t iː t ɹ̩	t iː t ɹ̩ d	t iː t ɹ̩ d	b l e ɪ m	b l e ɪ m d	b l e ɪ m d	t iː t ɹ̩ d	1	1	reg_d	reg_d	reg_d
majority	s w ɪ ʃ	s w ɪ ʃ t	s w ɪ ʃ t	d ɪ l ɪ v ɹ̩	d ɪ l ɪ v ɹ̩ d	d ɪ l ɪ v ɹ̩ d	s w ɪ ʃ d	0	0	reg_t	reg_t	reg_d
majority	ʃ ʌ v ə l	ʃ ʌ v ə l d	ʃ ʌ v ə l d	t ʌ m b ə l	t ʌ m b ə l d	t ʌ m b ə l d	ʃ ʌ v ə l d	1	1	reg_d	reg_d	reg_d
majority	ɛ n t ɹ̩	ɛ n t ɹ̩ d	ɛ n t ɹ̩ d	ʃ ɛ r	ʃ ɛ r d	ʃ ɛ r d	ɛ n t ɹ̩ d	1	1	reg_d	reg_d	reg_d
majority	ɡ r æ v ə t e ɪ t	ɡ r æ v ə t e ɪ t ə d	ɡ r æ v ə t e ɪ t ə d	f ɪ l	f ɪ l d	f ɪ l d	ɡ r æ v ə t e ɪ t d	0	0	reg_əd	reg_əd	reg_d
majority	n o ʊ t	n o ʊ t ə d	n o ʊ t ə d	p l ʌ ɡ	p l ʌ ɡ d	p l ʌ ɡ d	n o ʊ t d	0	0	reg_əd	reg_əd	reg_d
majority	k r ʌ ʃ	k r ʌ ʃ t	k r ʌ ʃ t	p ʌ z ə l	p ʌ z ə l d	p ʌ z ə l d	k r ʌ ʃ d	0	0	reg_t	reg_t	reg_d
majority	s w ɑː p	s w ɑː p t	s w ɑː p t	p r ə f ɹ̩	p r ə f ɹ̩ d	p r ə f ɹ̩ d	s w ɑː p d	0	0	reg_t	reg_t	reg_d
majority	ə p s ɛ t	ə p s ɛ t	ə p s ɛ t ə d	j ɔ n	j ɔ n d	j ɔ n d	ə p s ɛ t d	0	0	no_change	reg_əd	reg_d
majority	s iː s ɔ	s iː s ɔ d	s iː s iː d	s k iː	s k iː d	s k iː d	s iː s ɔ d	0	1	reg_d	vowel_change_suffix	reg_d
majority	m ɛ r ɪ t	m ɛ r ɪ t ə d	m ɛ r æ t ə d	s t ɹ̩	s t ɹ̩ d	s t ɹ̩ d	m ɛ r ɪ t d	0	0	reg_əd	other	reg_d
majority	k ə l ɛ k t	k ə l ɛ k t ə d	k ə l ɛ k t ə d	h o ʊ l	h o ʊ l d	h o ʊ l d	k ə l ɛ k t d	0	0	reg_əd	reg_əd	reg_d
majority	b e ɪ ð	b e ɪ ð d	b e ɪ ð d	p ɔ ɪ z ə n	p ɔ ɪ z ə n d	p ɔ ɪ z ə n d	b e ɪ ð d	1	1	reg_d	reg_d	reg_d
majority	k r æ ŋ k	k r æ ŋ k t	k r æ ŋ k	ɔ r d ɹ̩	ɔ r d ɹ̩ d	ɔ r d ɹ̩ d	k r æ ŋ k d	0	0	reg_t	no_change	reg_d
majority	t͡ʃ ʌ k	t͡ʃ ʌ k t	t͡ʃ ʌ k t	n ɪ b ə l	n ɪ b ə l d	n ɪ b ə l d	t͡ʃ ʌ k d	0	0	reg_t	reg_t	reg_d
majority	p ʌ f	p ʌ f t	p ʌ f t	ʃ ɪ v ɹ̩	ʃ ɪ v ɹ̩ d	ʃ ɪ v ɹ̩ d	p ʌ f d	0	0	reg_t	reg_t	reg_d
majority	p r ɑː d͡ʒ ɛ k t	p r ɑː d͡ʒ ɛ k t ə d	p r ɑː d͡ʒ ɛ k t ə d	r ə s iː v	r ə s iː v d	r ə s iː v d	p r ɑː d͡ʒ ɛ k t d	0	0	reg_əd	reg_əd	reg_d
majority	t r ɪ p	t r ɪ p t	t r ɪ p t	w ɪ l	w ɪ l d	w ɪ l d	t r ɪ p d	0	0	reg_t	reg_t	reg_d
majority	r ɪ l æ k s	r ɪ l æ k s t	r æ l æ k s t	k ə n t ɪ n j uː	k ə n t ɪ n j uː d	k ə n t ɪ n j uː d	r ɪ l æ k s d	0	0	reg_t	other	reg_d
majority	d ɪ l iː t	d ɪ l iː t ə d	d ɪ l iː t ə d	k ɔ l	k ɔ l d	k ɔ l d	d ɪ l iː t d	0	0	reg_əd	reg_əd	reg_d
random	s p ɛ l	s p ɛ l d	s p ɛ l d	s t ʌ d iː	s t ʌ d iː d	s t ʌ d iː d	s p ɛ l d	1	1	reg_d	reg_d	reg_d
random	d uː	d ɪ d	d	l e ɪ	l e ɪ d	l e ɪ d	d uː d	0	0	vowel_change_suffix	other	reg_d
random	m e ɪ k	m e ɪ d	m e ɪ k t	f l æ p	f l æ p t	f l æ p t	m e ɪ k t	1	0	coda_change	reg_t	reg_t
random	ə p r iː ʃ iː e ɪ t	ə p r iː ʃ iː e ɪ t ə d	ə p r iː e ɪ e ɪ t ə d	t r ɪ k	t r ɪ k t	t r ɪ k t	ə p r iː ʃ iː e ɪ t t	0	0	reg_əd	other	reg_t
random	p e ɪ n t	p e ɪ n t ə d	p e ɪ n t ə d	ɛ m p t iː	ɛ m p t iː d	ɛ m p t iː d	p e ɪ n t d	0	0	reg_əd	reg_əd	reg_d
random	iː t	e ɪ t	iː d ə t ə t ə d ə d	ə f ɔ r d	ə f ɔ r d ə d	ə f ɔ r d ə d	iː t ə d	0	0	vowel_change	other	reg_əd
random	p ʊ t	p ʊ t	p ʊ t ə d	s p r e ɪ	s p r e ɪ d	s p r e ɪ d	p ʊ t d	0	0	no_change	reg_əd	reg_d
random	r ɪ m ɛ m b ɹ̩	r ɪ m ɛ m b ɹ̩ d	r ɪ m ɛ m ɛ b ɹ̩ d	f uː l	f uː l d	f uː l d	r ɪ m ɛ m b ɹ̩ d	0	1	reg_d	other	reg_d
random	f ɪ k s	f ɪ k s t	f ɪ k s t	ə r a ɪ v	ə r o ʊ v d	ə r a ɪ v d	NA	0	0	reg_t	reg_t	vowel_change_suffix
random	t ɹ̩ n	t ɹ̩ n d	t ɹ̩ n d	v ɪ z ɪ t	v ɪ z ɪ t ə d	v ɪ z ɪ t ə d	t ɹ̩ n ə d	0	0	reg_d	reg_d	reg_əd
random	f l a ɪ	f l uː	f l a ʊ d	p ɔ ɪ z ə n	p ɔ ɪ z ə n d	p ɔ ɪ z ə n d	f l a ɪ d	0	0	vowel_change	vowel_change_suffix	reg_d
random	p ɪ k	p ɪ k t	p ɪ k t	s p a ɪ	s p a ɪ d	s p a ɪ d	p ɪ k d	0	0	reg_t	reg_t	reg_d
random	b ʌ m p	b ʌ m p t	b ʌ m p t	ɔ f ɹ̩	ɔ f ɹ̩ d	ɔ f ɹ̩ d	b ʌ m p d	0	0	reg_t	reg_t	reg_d
random	l o ʊ ɹ̩	l o ʊ ɹ̩ d	l o ʊ ɹ̩ d	p e ɪ d͡ʒ	p e ɪ d͡ʒ d	p e ɪ d͡ʒ d	l o ʊ ɹ̩ d	1	1	reg_d	reg_d	reg_d
random	s k r e ɪ p	s k r e ɪ p t	s k r e ɪ p t	l a ɪ v	l a ɪ v d	l a ɪ v d	s k r e ɪ p d	0	0	reg_t	reg_t	reg_d
random	d ɪ ŋ	d ɪ ŋ d	d ʌ ŋ	t͡ʃ ɔ k	t͡ʃ ɔ k t	t͡ʃ ɔ k t	d ɪ ŋ t	0	0	reg_d	vowel_change	reg_t
random	h a ɪ d	h ɪ d	h a ɪ d ə d	s t ʌ f	s t ʌ f t	s t ʌ f t	h a ɪ d t	0	0	vowel_change	reg_əd	reg_t
random	p ɔ r	p ɔ r d	p ɔ r d	m ɛ l t	m ɛ l t ə d	m ɛ l t ə d	p ɔ r ə d	0	0	reg_d	reg_d	reg_əd
random	k l iː n	k l iː n d	k l iː n d	o ʊ p ə n	o ʊ p ə n d	o ʊ p ə n d	k l iː n d	1	1	reg_d	reg_d	reg_d
random	b a ɪ	b ɔ t	b a ɪ d	l ɑː k	l ɑː k t	l ɑː k t	b a ɪ t	0	0	vowel_change_suffix	reg_d	reg_t
random	n æ p	n æ p t	n æ p t	ɡ ɪ v	ɡ e ɪ v	ɡ e ɪ v	NA	0	0	reg_t	reg_t	vowel_change
random	n ɑː k	n ɑː k t	n ɑː k t	p r iː t ɛ n d	p r iː t ɛ n d ə d	p r iː t ɛ n d ə d	n ɑː k ə d	0	0	reg_t	reg_t	reg_əd
random	w e ɪ k	w o ʊ k	w e ɪ k t	s t e ɪ	s t e ɪ d	s t e ɪ d	w e ɪ k d	0	0	vowel_change	reg_t	reg_d
random	j uː z	j uː z d	j uː z d	r o ʊ s t	r o ʊ s t ə d	r o ʊ s t ə d	j uː z ə d	0	0	reg_d	reg_d	reg_əd
random	r ɪ ŋ	r æ ŋ	r æ ŋ	n iː d	n iː d ə d	n iː d ə d	r ɪ ŋ ə d	0	0	vowel_change	vowel_change	reg_əd
random	r ʌ b	r ʌ b d	r æ b	k æ m p	k æ m p t	k æ m p t	r ʌ b t	0	0	reg_d	vowel_change	reg_t
random	l ɪ k	l ɪ k t	l ɪ k t	ɪ k s k j uː z	ɪ k s k j uː z d	ɪ k s k j uː z d	l ɪ k d	0	0	reg_t	reg_t	reg_d
random	d r ɑː p	d r ɑː p t	d r ɑː p t	a ɪ	a ɪ d	a ɪ d	d r ɑː p d	0	0	reg_t	reg_t	reg_d
random	t ɔ k	t ɔ k t	t ɔ k t	s p a ɪ	s p a ɪ d	s p a ɪ d	t ɔ k d	0	0	reg_t	reg_t	reg_d
random	ʃ ʌ v	ʃ ʌ v d	ʃ ʌ v d	t͡ʃ æ n ə l	t͡ʃ æ n ə l d	t͡ʃ æ n ə l d	ʃ ʌ v d	1	1	reg_d	reg_d	reg_d
random	l ɪ s ə n	l ɪ s ə n d	l ɪ s ə n d	s t iː l	s t o ʊ l	s t o ʊ l	NA	0	0	reg_d	reg_d	vowel_change
random	m ɛ r iː	m ɛ r iː d	m ɛ r iː d	k l ɪ p	k l ɪ p t	k l ɪ p t	m ɛ r iː t	0	0	reg_d	reg_d	reg_t
random	b ɑː r k	b ɑː r k t	b ɑː r k t	ɛ m p t iː	ɛ m p t iː d	ɛ m p t iː d	b ɑː r k d	0	0	reg_t	reg_t	reg_d
random	p l iː d	p l iː d ə d	p l iː d ə d	ə r a ɪ z	ə r o ʊ z	ə r o ʊ z	NA	0	0	reg_əd	reg_əd	vowel_change
random	s p ɛ n d	s p ɛ n t	s p ɛ n d ə d	r a ʊ n d	r a ʊ n d ə d	r a ʊ n d ə d	s p ɛ n d ə d	1	0	coda_change	reg_əd	reg_əd
random	h æ ŋ	h ʌ ŋ	h æ ŋ d	k o ʊ m	k o ʊ m d	k o ʊ m d	h æ ŋ d	1	0	vowel_change	reg_d	reg_d
random	f a ɪ ɹ̩	f a ɪ ɹ̩ d	f a ɪ ɹ̩ d	m ɪ s	m ɪ s t	m ɪ s t	f a ɪ ɹ̩ t	0	0	reg_d	reg_d	reg_t
random	b a ɪ t	b ɪ t	b a ɪ t	b l e ɪ m	b l e ɪ m d	b l e ɪ m d	b a ɪ t d	0	0	vowel_change	no_change	reg_d
random	w ɔ r m	w ɔ r m d	w ɔ r m d	k r ɔ s	k r ɔ s t	k r ɔ s t	w ɔ r m t	0	0	reg_d	reg_d	reg_t
random	k ə n ɛ k t	k ə n ɛ k t ə d	k ə n ɛ n t ə d	p r iː t ɛ n d	p r iː t ɛ n d ə d	p r iː t ɛ n d ə d	k ə n ɛ k t ə d	0	1	reg_əd	other	reg_əd
random	s p r ɛ d	s p r ɛ d	s p r ɛ d ə d	s ɛ p ɹ̩ e ɪ t	s ɛ p ɹ̩ e ɪ t ə d	s ɛ p ɹ̩ e ɪ t ə d	s p r ɛ d ə d	1	0	no_change	reg_əd	reg_əd
random	s k w iː z	s k w iː z d	s k w iː z d	r iː p ɔ r t	r iː p ɔ r t ə d	r iː p ɔ r t ə d	s k w iː z ə d	0	0	reg_d	reg_d	reg_əd
random	ɪ r e ɪ s	ɪ r e ɪ s t	ɪ r e ɪ s t	p iː	p iː d	p iː d	ɪ r e ɪ s d	0	0	reg_t	reg_t	reg_d
random	t a ɪ m	t a ɪ m d	t a ɪ m d	k ə m p l iː t	k ə m p l iː t ə d	k ə m p l iː t ə d	t a ɪ m ə d	0	0	reg_d	reg_d	reg_əd
random	p ɪ k t͡ʃ ɹ̩	p ɪ k t͡ʃ ɹ̩ d	p t	s w iː p	s w ɛ p t	s w ɛ p t	NA	0	0	reg_d	other	vowel_change_suffix
random	k æ r iː	k æ r iː d	k æ r iː d	r e ɪ k	r e ɪ k t	r e ɪ k t	k æ r iː t	0	0	reg_d	reg_d	reg_t
random	k ɪ s	k ɪ s t	k ɪ s t	d a ɪ ə l	d a ɪ ə l d	d a ɪ ə l d	k ɪ s d	0	0	reg_t	reg_t	reg_d
random	r ɪ p l a ɪ	r ɪ p l a ɪ d	r ɪ p l a ɪ d	a ɪ	a ɪ d	a ɪ d	r ɪ p l a ɪ d	1	1	reg_d	reg_d	reg_d
random	h ɹ̩ iː	h ɹ̩ iː d	h ɹ̩ iː d	b ɑː r	b ɑː r d	b ɑː r d	h ɹ̩ iː d	1	1	reg_d	reg_d	reg_d
random	l o ʊ n	l o ʊ n d	l o ʊ n d	l uː z	l ɔ s t	l ɔ s t	NA	0	0	reg_d	reg_d	rhyme_replaced
random	r ɪ d	r ɪ d	r æ d	k ə m p ɛ r	k ə m p ɛ r d	k ə m p ɛ r d	r ɪ d d	0	0	no_change	vowel_change	reg_d
random	h e ɪ t	h e ɪ t ə d	h e ɪ t ə d	s t r a ɪ p	s t r a ɪ p t	s t r a ɪ p t	h e ɪ t t	0	0	reg_əd	reg_əd	reg_t
random	s t ɪ ŋ k	s t ʌ ŋ k	s t ʌ ŋ k t	t r æ n s k r a ɪ b	t r æ n s k r a ɪ b d	t r æ n s k r a ɪ b d	s t ɪ ŋ k d	0	0	vowel_change	vowel_change_suffix	reg_d
random	s t ɪ l	s t ɪ l d	s t ʌ l d	b ɑː d iː	b ɑː d iː d	b ɑː d iː d	s t ɪ l d	0	1	reg_d	vowel_change_suffix	reg_d
random	ɡ r æ b	ɡ r æ b d	ɡ r æ b d	k r æ ʃ	k r æ ʃ t	k r æ ʃ t	ɡ r æ b t	0	0	reg_d	reg_d	reg_t
random	k ʊ k	k ʊ k t	k ʊ k t	s ɪ t	s æ t	s æ t	NA	0	0	reg_t	reg_t	vowel_change
random	v o ʊ t	v o ʊ t ə d	v o ʊ t ə d	t iː	t iː d	t iː d	v o ʊ t d	0	0	reg_əd	reg_əd	reg_d
random	k l iː r	k l iː r d	k l iː r d	b a ɪ s ɪ k ə l	b a ɪ s ɪ k ə l d	b a ɪ s ɪ k ə l d	k l iː r d	1	1	reg_d	reg_d	reg_d
random	s t e ɪ b ə l a ɪ z	s t e ɪ b ə l a ɪ z d	s t ə d	t ʌ k	t ʌ k t	t ʌ k t	s t e ɪ b ə l a ɪ z t	0	0	reg_d	other	reg_t
random	b iː t	b iː t	b iː t ə d	r iː f ɪ l	r iː f ɪ l d	r iː f ɪ l d	b iː t d	0	0	no_change	reg_əd	reg_d
random	w iː l	w iː l d	w ɛ l t	f æ b r ə k e ɪ t	f æ b r ə k e ɪ t ə d	f æ b r ə k e ɪ t ə d	w iː l ə d	0	0	reg_d	vowel_change_suffix	reg_əd
random	k ɑː s t	k ɑː s t	k ɑː s t ə d	ʌ n d ɹ̩ l a ɪ n	ʌ n d ɹ̩ l a ɪ n d	ʌ n d ɹ̩ l a ɪ n d	k ɑː s t d	0	0	no_change	reg_əd	reg_d
random	p æ s	p æ s t	p æ s t	ɪ n ɪ ʃ iː e ɪ t	ɪ n ɪ ʃ iː e ɪ t ə d	ɪ n ɪ ʃ iː e ɪ t ə d	p æ s ə d	0	0	reg_t	reg_t	reg_əd
random	iː v ɪ n	iː v ɪ n d	iː v ɪ v d	s k ɛ r	s k ɛ r d	s k ɛ r d	iː v ɪ n d	0	1	reg_d	coda_change	reg_d
random	p l ɑː p	p l ɑː p t	p l ɑː p t	r ə s iː v	r ə s iː v d	r ə s iː v d	p l ɑː p d	0	0	reg_t	reg_t	reg_d
random	w ɛ l k ə m	w ɛ l k ə m d	w k t ə k w d	d ɪ ʃ	d ɪ ʃ t	d ɪ ʃ t	w ɛ l k ə m t	0	0	reg_d	other	reg_t
random	b ɪ h e ɪ v	b ɪ h e ɪ v d	b ɪ h e ɪ v d	k l o ʊ z	k l o ʊ z d	k l o ʊ z d	b ɪ h e ɪ v d	1	1	reg_d	reg_d	reg_d
random	m ɪ l k	m ɪ l k t	m ɪ l k t	b r ʌ ʃ	b r ʌ ʃ t	b r ʌ ʃ t	m ɪ l k t	1	1	reg_t	reg_t	reg_t
random	b ɔ r d ɹ̩	b ɔ r d ɹ̩ d	b ɔ r d ɹ̩ d	ə l a ʊ	ə l a ʊ d	ə l a ʊ d	b ɔ r d ɹ̩ d	1	1	reg_d	reg_d	reg_d
random	æ k t	æ k t ə d	æ k t	k r æ ʃ	k r æ ʃ t	k r æ ʃ t	æ k t t	0	0	reg_əd	no_change	reg_t
random	f a ɪ t	f ɔ t	f a ɪ t	p ɑː r k	p ɑː r k t	p ɑː r k t	f a ɪ t t	0	0	vowel_change	no_change	reg_t
random	w a ɪ p	w a ɪ p t	w a ɪ p t	ʃ ɛ d	ʃ ɛ d ə d	ʃ ɛ d ə d	w a ɪ p ə d	0	0	reg_t	reg_t	reg_əd
random	p ɹ̩ f ɛ k t	p ɹ̩ f ɛ k t ə d	p ɹ̩ f ɹ̩ k t ə d	l ɛ t	l ɛ t	l ɛ t	p ɹ̩ f ɛ k t	0	0	reg_əd	other	no_change
random	r ɪ l a ɪ	r ɪ l a ɪ d	r ɪ l a ɪ d	f ɹ̩ b ɪ d	f ɹ̩ b e ɪ d	f ɹ̩ b e ɪ d	NA	0	0	reg_d	reg_d	vowel_change
random	t͡ʃ ɑː p	t͡ʃ ɑː p t	t͡ʃ ɑː p t	m iː t	m ɛ t	m ɛ t	NA	0	0	reg_t	reg_t	vowel_change
random	ʃ a ʊ t	ʃ a ʊ t ə d	ʃ a ʊ t ə d	l iː n	l iː n d	l iː n d	ʃ a ʊ t d	0	0	reg_əd	reg_əd	reg_d
random	b ɪ z iː	b ɪ z iː d	b ɪ z iː d	ɪ n t ə r ɛ s t	ɪ n t ə r ɛ s t ə d	ɪ n t ə r ɛ s t ə d	b ɪ z iː ə d	0	0	reg_d	reg_d	reg_əd
random	p ʌ m p	p ʌ m p t	p ʌ m p t	b ɛ n d	b ɛ n d ə d	b ɛ n d ə d	p ʌ m p ə d	0	0	reg_t	reg_t	reg_əd
random	d r ɪ b ə l	d r ɪ b ə l d	d r ɪ b ə l d	d ɔ ɡ	d ɔ ɡ d	d ɔ ɡ d	d r ɪ b ə l d	1	1	reg_d	reg_d	reg_d
random	ɡ ɑː b ə l	ɡ ɑː b ə l d	ɡ ɑː b ə l d	m ɛ m ɹ̩ a ɪ z	m ɛ m ɹ̩ a ɪ z d	m ɛ m ɹ̩ a ɪ z d	ɡ ɑː b ə l d	1	1	reg_d	reg_d	reg_d
random	ə p r o ʊ p r iː e ɪ t	ə p r o ʊ p r iː e ɪ t ə d	ə p r d	m ɪ r ɹ̩	m ɪ r ɹ̩ d	m ɪ r ɹ̩ d	ə p r o ʊ p r iː e ɪ t d	0	0	reg_əd	other	reg_d
random	s l æ p	s l æ p t	s l æ p t	θ æ ŋ k	θ æ ŋ k t	θ æ ŋ k t	s l æ p t	1	1	reg_t	reg_t	reg_t
random	p r ə t ɛ k t	p r ə t ɛ k t ə d	p r ə t ɛ k t ə d	b æ ŋ	b æ ŋ d	b æ ŋ d	p r ə t ɛ k t d	0	0	reg_əd	reg_əd	reg_d
random	b æ k	b æ k t	b æ k t	t͡ʃ iː t	t͡ʃ iː t ə d	t͡ʃ iː t ə d	b æ k ə d	0	0	reg_t	reg_t	reg_əd
random	ɪ k s ɛ p t	ɪ k s ɛ p t ə d	ɪ k s ɛ k t ə d	w ɹ̩ iː	w ɹ̩ iː d	w ɹ̩ iː d	ɪ k s ɛ p t d	0	0	reg_əd	other	reg_d
random	h ʌ ɡ	h ʌ ɡ d	h ʌ ɡ d	ɪ ɡ n ɔ r	ɪ ɡ n ɔ r d	ɪ ɡ n ɔ r d	h ʌ ɡ d	1	1	reg_d	reg_d	reg_d
random	f r a ɪ	f r a ɪ d	f r a ʊ d	ɪ m b ɛ r ə s	ɪ m b ɛ r ə s t	ɪ m b ɛ r ə s t	f r a ɪ t	0	0	reg_d	vowel_change_suffix	reg_t
random	r ɔ r	r ɔ r d	r ɔ r d	ɪ k s a ɪ t	ɪ k s a ɪ t ə d	ɪ k s a ɪ t ə d	r ɔ r ə d	0	0	reg_d	reg_d	reg_əd
random	p r e ɪ	p r e ɪ d	p r e ɪ d	w ɑː b ə l	w ɑː b ə l d	w ɑː b ə l d	p r e ɪ d	1	1	reg_d	reg_d	reg_d
random	s m æ k	s m æ k t	s m æ k t	b l e ɪ m	b l e ɪ m d	b l e ɪ m d	s m æ k d	0	0	reg_t	reg_t	reg_d
random	w ɔ t ɹ̩	w ɔ t ɹ̩ d	w ɔ t ɹ̩ d	k e ɪ k	k e ɪ k t	k e ɪ k t	w ɔ t ɹ̩ t	0	0	reg_d	reg_d	reg_t
random	s k w ɹ̩ t	s k w ɹ̩ t ə d	s k w ɹ̩ t ə d	θ ɪ ŋ k	θ ɔ t	θ ɔ t	NA	0	0	reg_əd	reg_əd	rhyme_replaced
random	l a ɪ t	l ɪ t	l a ɪ t	s t ɛ p	s t ɛ p t	s t ɛ p t	l a ɪ t t	0	0	vowel_change	no_change	reg_t
random	f l ʌ ʃ	f l ʌ ʃ t	f l ʌ ʃ t	ʃ r ɛ d	ʃ r ɛ d ə d	ʃ r ɛ d ə d	f l ʌ ʃ ə d	0	0	reg_t	reg_t	reg_əd
random	p ɛ t	p ɛ t ə d	p ɛ t	ə b z ɔ r b	ə b z ɔ r b d	ə b z ɔ r b d	p ɛ t d	0	0	reg_əd	no_change	reg_d
random	s e ɪ l	s e ɪ l d	s e ɪ l d	t a ɪ t ə n	t a ɪ t ə n d	t a ɪ t ə n d	s e ɪ l d	1	1	reg_d	reg_d	reg_d
random	m æ n ə d͡ʒ	m æ n ə d͡ʒ d	m æ n ə d͡ʒ d	t͡ʃ ɛ k	t͡ʃ ɛ k t	t͡ʃ ɛ k t	m æ n ə d͡ʒ t	0	0	reg_d	reg_d	reg_t
random	ə n f o ʊ l d	ə n f o ʊ l d ə d	ə n o ʊ l iː l d	s k w ɑː ʃ	s k w ɑː ʃ t	s k w ɑː ʃ t	ə n f o ʊ l d t	0	0	reg_əd	other	reg_t
random	k ɪ d	k ɪ d ə d	k ɪ d	k ɑː z	k ɑː z d	k ɑː z d	k ɪ d d	0	0	reg_əd	no_change	reg_d
random	s p a ɪ k	s p a ɪ k t	s p a ɪ k	ɛ n k ɹ̩ ɪ d͡ʒ	ɛ n k ɹ̩ ɪ d͡ʒ d	ɛ n k ɹ̩ ɪ d͡ʒ d	s p a ɪ k d	0	0	reg_t	no_change	reg_d
random	p iː s	p iː s t	p iː s t	l uː s	l uː s t	l uː s t	p iː s t	1	1	reg_t	reg_t	reg_t
random	p ɛ r	p ɛ r d	p ɛ r d	b æ ŋ	b æ ŋ d	b æ ŋ d	p ɛ r d	1	1	reg_d	reg_d	reg_d
random	s w ɑː l o ʊ	s w ɑː l o ʊ d	s w ɑː l o ʊ l d	k ə n t r o ʊ l	k ə n t r o ʊ l d	k ə n t r o ʊ l d	s w ɑː l o ʊ d	0	1	reg_d	coda_change	reg_d
random	s p æ ŋ k	s p æ ŋ k t	s p æ ŋ k	s t a ɪ l	s t a ɪ l d	s t a ɪ l d	s p æ ŋ k d	0	0	reg_t	no_change	reg_d
random	k r ɔ l	k r ɔ l d	k r ɔ l d	r e ɪ s	r e ɪ s t	r e ɪ s t	k r ɔ l t	0	0	reg_d	reg_d	reg_t
random	r ɑː b	r ɑː b d	r ɑː b d	m ʌ m b ə l	m ʌ m b ə l d	m ʌ m b ə l d	r ɑː b d	1	1	reg_d	reg_d	reg_d
random	s l ɪ p	s l ɪ p t	s l ɪ p t	r iː f ɪ l	r iː f ɪ l d	r iː f ɪ l d	s l ɪ p d	0	0	reg_t	reg_t	reg_d
random	z ɪ p ɹ̩	z ɪ p ɹ̩ d	z ɪ p ɹ̩ d	s t æ k	s t æ k t	s t æ k t	z ɪ p ɹ̩ t	0	0	reg_d	reg_d	reg_t
random	r ʌ ʃ	r ʌ ʃ t	r æ ʃ t	w ɔ n t	w ɔ n t ə d	w ɔ n t ə d	r ʌ ʃ ə d	0	0	reg_t	vowel_change_suffix	reg_əd
random	f r a ɪ t ə n	f r a ɪ t ə n d	f r a ɪ t ə d	t e ɪ b ə l	t e ɪ b ə l d	t e ɪ b ə l d	f r a ɪ t ə n d	0	1	reg_d	coda_change	reg_d
random	s ə l ɛ k t	s ə l ɛ k t ə d	s ə l ɛ k t ə d	m ɑː r t͡ʃ	m ɑː r t͡ʃ t	m ɑː r t͡ʃ t	s ə l ɛ k t t	0	0	reg_əd	reg_əd	reg_t
random	k ɔ f	k ɔ f t	k ɔ f t	s a ɪ z	s a ɪ z d	s a ɪ z d	k ɔ f d	0	0	reg_t	reg_t	reg_d
random	d ʌ ŋ k	d ʌ ŋ k t	d ʌ ŋ k t	ɑː p ɹ̩ e ɪ t	ɑː p ɹ̩ e ɪ t ə d	ɑː p ɹ̩ e ɪ t ə d	d ʌ ŋ k ə d	0	0	reg_t	reg_t	reg_əd
random	b æ n d ɪ d͡ʒ	b æ n d ɪ d͡ʒ d	b æ n d ɪ d͡ʒ d	r iː t͡ʃ	r iː t͡ʃ t	r iː t͡ʃ t	b æ n d ɪ d͡ʒ t	0	0	reg_d	reg_d	reg_t
random	w ɪ ŋ	w ɪ ŋ d	w ʌ ŋ	n e ɪ m	n e ɪ m d	n e ɪ m d	w ɪ ŋ d	0	1	reg_d	vowel_change	reg_d
random	t͡ʃ ɪ k ə n	t͡ʃ ɪ k ə n d	t͡ʃ ɪ k ə n d	t ɪ p	t ɪ p t	t ɪ p t	t͡ʃ ɪ k ə n t	0	0	reg_d	reg_d	reg_t
random	m e ɪ l	m e ɪ l d	m e ɪ l d	ɡ r a ʊ l	ɡ r a ʊ l d	ɡ r a ʊ l d	m e ɪ l d	1	1	reg_d	reg_d	reg_d
random	b ʌ d͡ʒ	b ʌ d͡ʒ d	b ʌ d͡ʒ d	s w ɪ m	s w ɪ m	s w æ m	b ʌ d͡ʒ	0	0	reg_d	reg_d	no_change
random	w ɔ r n	w ɔ r n d	w ɔ r n d	f l æ p	f l æ p t	f l æ p t	w ɔ r n t	0	0	reg_d	reg_d	reg_t
random	b ʌ k ə l	b ʌ k ə l d	b ʌ k ə l d	ɡ ɛ s	ɡ ɛ s t	ɡ ɛ s t	b ʌ k ə l t	0	0	reg_d	reg_d	reg_t
random	t iː t ɹ̩	t iː t ɹ̩ d	t iː t ɹ̩ d	t͡ʃ e ɪ n d͡ʒ	t͡ʃ e ɪ n d͡ʒ d	t͡ʃ e ɪ n d͡ʒ d	t iː t ɹ̩ d	1	1	reg_d	reg_d	reg_d
random	s w ɪ ʃ	s w ɪ ʃ t	s w ɪ ʃ t	k l a ɪ m	k l a ɪ m d	k l a ɪ m d	s w ɪ ʃ d	0	0	reg_t	reg_t	reg_d
random	ʃ ʌ v ə l	ʃ ʌ v ə l d	ʃ ʌ v ə l d	k ɪ l	k ɪ l d	k ɪ l d	ʃ ʌ v ə l d	1	1	reg_d	reg_d	reg_d
random	ɛ n t ɹ̩	ɛ n t ɹ̩ d	ɛ n t ɹ̩ d	s m o ʊ k	s m o ʊ k t	s m o ʊ k t	ɛ n t ɹ̩ t	0	0	reg_d	reg_d	reg_t
random	ɡ r æ v ə t e ɪ t	ɡ r æ v ə t e ɪ t ə d	ɡ r æ v ə t e ɪ t ə d	b ɹ̩ n	b ɹ̩ n d	b ɹ̩ n d	ɡ r æ v ə t e ɪ t d	0	0	reg_əd	reg_əd	reg_d
random	n o ʊ t	n o ʊ t ə d	n o ʊ t ə d	h a ʊ z	h a ʊ z d	h a ʊ z d	n o ʊ t d	0	0	reg_əd	reg_əd	reg_d
random	k r ʌ ʃ	k r ʌ ʃ t	k r ʌ ʃ t	k ə m j uː n ə k e ɪ t	k ə m j uː n ə k e ɪ t ə d	k ə m j uː n ə k e ɪ t ə d	k r ʌ ʃ ə d	0	0	reg_t	reg_t	reg_əd
random	s w ɑː p	s w ɑː p t	s w ɑː p t	k e ɪ k	k e ɪ k t	k e ɪ k t	s w ɑː p t	1	1	reg_t	reg_t	reg_t
random	ə p s ɛ t	ə p s ɛ t	ə p s ɛ t ə d	d ɪ s ə p iː r	d ɪ s ə p iː r d	d ɪ s ə p iː r d	ə p s ɛ t d	0	0	no_change	reg_əd	reg_d
random	s iː s ɔ	s iː s ɔ d	s iː s iː d	n o ʊ t ɪ s	n o ʊ t ɪ s t	n o ʊ t ɪ s t	s iː s ɔ t	0	0	reg_d	vowel_change_suffix	reg_t
random	m ɛ r ɪ t	m ɛ r ɪ t ə d	m ɛ r æ t ə d	ɪ k s a ɪ t	ɪ k s a ɪ t ə d	ɪ k s a ɪ t ə d	m ɛ r ɪ t ə d	0	1	reg_əd	other	reg_əd
random	k ə l ɛ k t	k ə l ɛ k t ə d	k ə l ɛ k t ə d	p ɑː r d ə n	p ɑː r d ə n d	p ɑː r d ə n d	k ə l ɛ k t d	0	0	reg_əd	reg_əd	reg_d
random	b e ɪ ð	b e ɪ ð d	b e ɪ ð d	ʃ uː t	ʃ ɑː t	ʃ ɑː t	NA	0	0	reg_d	reg_d	vowel_change
random	k r æ ŋ k	k r æ ŋ k t	k r æ ŋ k	d æ n s	d æ n s t	d æ n s t	k r æ ŋ k t	0	1	reg_t	no_change	reg_t
random	t͡ʃ ʌ k	t͡ʃ ʌ k t	t͡ʃ ʌ k t	r ɛ d iː	r ɛ d iː d	r ɛ d iː d	t͡ʃ ʌ k d	0	0	reg_t	reg_t	reg_d
random	p ʌ f	p ʌ f t	p ʌ f t	f l æ p	f l æ p t	f l æ p t	p ʌ f t	1	1	reg_t	reg_t	reg_t
random	p r ɑː d͡ʒ ɛ k t	p r ɑː d͡ʒ ɛ k t ə d	p r ɑː d͡ʒ ɛ k t ə d	t͡ʃ æ n ə l	t͡ʃ æ n ə l d	t͡ʃ æ n ə l d	p r ɑː d͡ʒ ɛ k t d	0	0	reg_əd	reg_əd	reg_d
random	t r ɪ p	t r ɪ p t	t r ɪ p t	d ɔ ɡ	d ɔ ɡ d	d ɔ ɡ d	t r ɪ p d	0	0	reg_t	reg_t	reg_d
random	r ɪ l æ k s	r ɪ l æ k s t	r æ l æ k s t	t͡ʃ uː	t͡ʃ uː d	t͡ʃ uː d	r ɪ l æ k s d	0	0	reg_t	other	reg_d
random	d ɪ l iː t	d ɪ l iː t ə d	d ɪ l iː t ə d	k ɑː p iː	k ɑː p iː d	k ɑː p iː d	d ɪ l iː t d	0	0	reg_əd	reg_əd	reg_d
