neighbors	src	gold	pred	neighbor_src	neighbor_tgt	analogy	regular	matches_pred	matches_gold
model_sep	n iː d	n iː d ə d	n iː d ə d	n æ p	n æ p t	n iː d t	1	0	0
model_sep	ɡ ɛ t	ɡ ɑː t	ɡ ɛ t	ɡ l uː	ɡ l uː d	ɡ ɛ t d	0	0	0
model_sep	n e ɪ m	n e ɪ m d	n e ɪ m d	n o ʊ t	n o ʊ t ə d	n e ɪ m ə d	1	0	0
model_sep	l uː p	l uː p t	l uː p t	l æ p	l æ p t	l uː p t	1	1	1
model_sep	l ɪ s ə n	l ɪ s ə n d	l ɪ s ə n d	l ɪ m ə t	l ɪ m ə t ə d	l ɪ s ə n ə d	1	0	0
model_sep	t ɔ k	t ɔ k t	t ɔ k t	t æ p	t æ p t	t ɔ k t	1	1	1
model_sep	s p ɛ l	s p ɛ l d	s p ɛ l d	s l æ p	s l æ p t	s p ɛ l t	1	0	0
model_sep	r o ʊ l	r o ʊ l d	r o ʊ l d	r o ʊ p	r o ʊ p t	r o ʊ l t	1	0	0
model_sep	d ɪ s k ʌ v ɹ̩	d ɪ s k ʌ v ɹ̩ d	d ɪ s k ʌ v ɹ̩ d	d ɪ s ə ɡ r iː	d ɪ s ə ɡ r iː d	d ɪ s k ʌ v ɹ̩ d	1	1	1
model_sep	r iː d	r ɛ d	r iː d ə d	r ɪ d	r ɪ d	r iː d	0	0	0
model_sep	h iː r	h ɹ̩ d	h iː r d	h ɔ k	h ɔ k t	h iː r t	0	0	0
model_sep	θ æ ŋ k	θ æ ŋ k t	θ æ ŋ k t	θ r ɛ d	θ r ɛ d ə d	θ æ ŋ k ə d	1	0	0
model_sep	b r e ɪ k	b r o ʊ k	b r e ɪ k t	b r e ɪ d	b r e ɪ d ə d	b r e ɪ k ə d	0	0	0
model_sep	l uː z	l ɔ s t	l uː z d	l ʊ k	l ʊ k t	l uː z t	0	0	0
model_sep	s t æ n d	s t ʊ d	s t æ n d ə d	s l a ɪ d	s l ɪ d	NA	0	0	0
model_sep	b r ʌ ʃ	b r ʌ ʃ t	b r ʌ ʃ t	b l ʌ ʃ	b l ʌ ʃ t	b r ʌ ʃ t	1	1	1
model_sep	f l a ɪ	f l uː	f l a ɪ d	f r a ɪ	f r a ɪ d	f l a ɪ d	0	1	0
model_sep	l a ɪ v	l a ɪ v d	l a ɪ v d	l a ɪ n	l a ɪ n d	l a ɪ v d	1	1	1
model_sep	n ɪ t	n ɪ t ə d	n ɪ t	n æ p	n æ p t	n ɪ t t	1	0	0
model_sep	t ɛ l	t o ʊ l d	t ɛ l d	t iː m	t iː m d	t ɛ l d	0	1	0
model_sep	m e ɪ l	m e ɪ l d	m e ɪ l d	m e ɪ k	m e ɪ d	NA	1	0	0
model_sep	s k a ʊ t	s k a ʊ t ə d	s k a ʊ t ə d	s k e ɪ t	s k e ɪ t ə d	s k a ʊ t ə d	1	1	1
model_sep	s l ɪ p	s l ɪ p t	s l ɪ p t	s p ɪ t	s p æ t	NA	1	0	0
model_sep	m ɪ k s	m ɪ k s t	m ɪ k s t	m ɪ r ɹ̩	m ɪ r ɹ̩ d	m ɪ k s d	1	0	0
model_sep	h o ʊ p	h o ʊ p t	h o ʊ p t	h o ʊ l	h o ʊ l d	h o ʊ p d	1	0	0
model_sep	s ɛ t	s ɛ t	s ɛ t	s ɪ t	s æ t	NA	0	0	0
model_sep	w ɑː t͡ʃ	w ɑː t͡ʃ t	w ɑː t͡ʃ t	w ɪ ʃ	w ɪ ʃ t	w ɑː t͡ʃ t	1	1	1
model_sep	r iː t͡ʃ	r iː t͡ʃ t	r iː t͡ʃ t	r ɪ ŋ	r æ ŋ	NA	1	0	0
model_sep	w ɹ̩ k	w ɹ̩ k t	w ɹ̩ k t	w ɔ k	w ɔ k t	w ɹ̩ k t	1	1	1
model_sep	d͡ʒ ʌ m p	d͡ʒ ʌ m p t	d͡ʒ ʌ m p t	d͡ʒ ɪ m iː	d͡ʒ ɪ m iː d	d͡ʒ ʌ m p d	1	0	0
model_sep	k r æ ʃ	k r æ ʃ t	k r æ ʃ t	k r æ m	k r æ m d	k r æ ʃ d	1	0	0
model_sep	h ɛ l p	h ɛ l p t	h ɛ l p t	h æ m ɹ̩	h æ m ɹ̩ d	h ɛ l p d	1	0	0
model_sep	w e ɪ k	w o ʊ k	w e ɪ k t	w e ɪ v	w e ɪ v d	w e ɪ k d	0	0	0
model_sep	k o ʊ ɑː p ɹ̩ e ɪ t	k o ʊ ɑː p ɹ̩ e ɪ t ə d	k o ʊ s p ɹ̩ e ɪ t ə d	k r ɪ t ɪ s a ɪ z	k r ɪ t ɪ s a ɪ z d	k o ʊ ɑː p ɹ̩ e ɪ t d	1	0	0
model_sep	k æ r iː	k æ r iː d	k æ r iː d	k r æ m	k r æ m d	k æ r iː d	1	1	1
model_sep	k ɹ̩ ɛ k t	k ɹ̩ ɛ k t ə d	k ɹ̩ ɛ k t ə d	k æ p t͡ʃ ɹ̩	k æ p t͡ʃ ɹ̩ d	k ɹ̩ ɛ k t d	1	0	0
model_sep	m ɪ l k	m ɪ l k t	m ɪ l k t	m ɪ r ɹ̩	m ɪ r ɹ̩ d	m ɪ l k d	1	0	0
model_sep	m ɛ ʒ ɹ̩	m ɛ ʒ ɹ̩ d	m ɛ ʒ ɹ̩ d	m ɛ l t	m ɛ l t ə d	m ɛ ʒ ɹ̩ ə d	1	0	0
model_sep	m ʌ n t͡ʃ	m ʌ n t͡ʃ t	m ʌ n t͡ʃ t	m ʌ d iː	m ʌ d iː d	m ʌ n t͡ʃ d	1	0	0
model_sep	l ɹ̩ n	l ɹ̩ n d	l ɹ̩ n d	l iː n	l iː n d	l ɹ̩ n d	1	1	1
model_sep	w ʌ n d ɹ̩	w ʌ n d ɹ̩ d	w ʌ n d ɹ̩ d	w ɪ n t ɹ̩	w ɪ n t ɹ̩ d	w ʌ n d ɹ̩ d	1	1	1
model_sep	k ɪ s	k ɪ s t	k ɪ s t	k ɹ̩ l	k ɹ̩ l d	k ɪ s d	1	0	0
model_sep	h ɹ̩ iː	h ɹ̩ iː d	h ɹ̩ iː d	h ɛ d͡ʒ	h ɛ d͡ʒ d	h ɹ̩ iː d	1	1	1
model_sep	s k r uː	s k r uː d	s k r uː d	s k æ n	s k æ n d	s k r uː d	1	1	1
model_sep	f l æ p	f l æ p t	f l æ p t	f l æ ʃ	f l æ ʃ t	f l æ p t	1	1	1
model_sep	t͡ʃ o ʊ k	t͡ʃ o ʊ k t	t͡ʃ o ʊ k t	t͡ʃ a ɪ m	t͡ʃ a ɪ m d	t͡ʃ o ʊ k d	1	0	0
model_sep	b ɪ l ɔ ŋ	b ɪ l ɔ ŋ d	b ɪ l ɔ ŋ	b ɪ l iː v	b ɪ l iː v d	b ɪ l ɔ ŋ d	1	0	1
model_sep	p e ɪ n t	p e ɪ n t ə d	p e ɪ n t ə d	p r ɪ n t	p r ɪ n t ə d	p e ɪ n t ə d	1	1	1
model_sep	s t iː l	s t o ʊ l	s t iː l d	s t iː r	s t iː r d	s t iː l d	0	1	0
model_sep	s k ɛ r	s k ɛ r d	s k ɛ r d	s k ɹ̩ t	s k ɹ̩ t ə d	s k ɛ r ə d	1	0	0
model_sep	r ɛ k ə ɡ n a ɪ z	r ɛ k ə ɡ n a ɪ z d	r ɛ k ə n ɡ a ɪ z d	r ɛ p r ə z ɛ n t	r ɛ p r ə z ɛ n t ə d	r ɛ k ə ɡ n a ɪ z ə d	1	0	0
model_sep	h ɑː r p	h ɑː r p t	h ɑː r p t	h ɑː l ɹ̩	h ɑː l ɹ̩ d	h ɑː r p d	1	0	0
model_sep	s a ʊ n d	s a ʊ n d ə d	s a ʊ n d ə d	s ɹ̩ v ɪ s	s ɹ̩ v ɪ s t	s a ʊ n d t	1	0	0
model_sep	s k w iː z	s k w iː z d	s k w iː z d	s k w iː k	s k w iː k t	s k w iː z t	1	0	0
model_sep	f a ɪ n d	f a ʊ n d	f a ɪ n d ə d	f e ɪ n t	f e ɪ n t ə d	f a ɪ n d ə d	0	1	0
model_sep	s p ɪ l	s p ɪ l d	s p ɪ l d	s p ɪ n	s p ʌ n	NA	1	0	0
model_sep	s p ɔ ɪ l	s p ɔ ɪ l d	s p ɔ ɪ l d	s p ɔ r t	s p ɔ r t ə d	s p ɔ ɪ l ə d	1	0	0
model_sep	d ɪ ŋ	d ɪ ŋ d	d ɪ ŋ d	d r ɔ	d r uː	NA	1	0	0
model_sep	t e ɪ p	t e ɪ p t	t e ɪ p t	t e ɪ k	t ʊ k	NA	1	0	0
model_sep	b ʌ b ə l	b ʌ b ə l d	b ʌ b ə l d	b ʌ t ə n	b ʌ t ə n d	b ʌ b ə l d	1	1	1
model_sep	r ə k ɔ r d	r ə k ɔ r d ə d	r ə k ɔ r d ə d	r ʌ m b ə l	r ʌ m b ə l d	r ə k ɔ r d d	1	0	0
model_sep	d͡ʒ ʌ ɡ ə l	d͡ʒ ʌ ɡ ə l d	d͡ʒ ʌ ɡ ə l d	d͡ʒ ɔ ɪ n	d͡ʒ ɔ ɪ n d	d͡ʒ ʌ ɡ ə l d	1	1	1
model_sep	p ʌ n t͡ʃ	p ʌ n t͡ʃ t	p ʌ n t͡ʃ t	p ʌ m p	p ʌ m p t	p ʌ n t͡ʃ t	1	1	1
model_sep	k ɪ k	k ɪ k t	k ɪ k t	k ɑː k	k ɑː k t	k ɪ k t	1	1	1
model_sep	b a ʊ n s	b a ʊ n s t	b a ʊ n s t	b l ɛ n d	b l ɛ n d ə d	b a ʊ n s ə d	1	0	0
model_sep	p ɑː r t	p ɑː r t ə d	p ɑː r t ə d	p ɑː r k	p ɑː r k t	p ɑː r t t	1	0	0
model_sep	k æ t ə l ɔ ɡ	k æ t ə l ɔ ɡ d	k æ t ə l ɔ ɡ d	k ə n d͡ʒ ɛ s t	k ə n d͡ʒ ɛ s t ə d	k æ t ə l ɔ ɡ ə d	1	0	0
model_sep	b a ɪ s ɪ k ə l	b a ɪ s ɪ k ə l d	b a ɪ s t	b ɹ̩ n	b ɹ̩ n d	b a ɪ s ɪ k ə l d	1	0	1
model_sep	o ʊ	o ʊ d	o ʊ d	o ʊ n	o ʊ n d	o ʊ d	1	1	1
model_sep	k r æ k	k r æ k t	k r æ k t	k r æ m	k r æ m d	k r æ k d	1	0	0
model_sep	p ɛ t	p ɛ t ə d	p ɛ t	p æ t	p æ t ə d	p ɛ t ə d	1	0	1
model_sep	l a ɪ t	l ɪ t	l a ɪ t ə d	l a ɪ n	l a ɪ n d	l a ɪ t d	0	0	0
model_sep	s k r æ t͡ʃ	s k r æ t͡ʃ t	s k r æ t͡ʃ t	s k r iː t͡ʃ	s k r iː t͡ʃ t	s k r æ t͡ʃ t	1	1	1
model_sep	p ɑː p	p ɑː p t	p ɑː p t	p uː p	p uː p t	p ɑː p t	1	1	1
model_sep	r ɑː b	r ɑː b d	r ɑː b d	r ʌ b	r ʌ b d	r ɑː b d	1	1	1
model_sep	r ə f j uː z	r ə f j uː z d	r ə f j uː z d	r ɪ d͡ʒ ɛ k t	r ɪ d͡ʒ ɛ k t ə d	r ə f j uː z ə d	1	0	0
model_sep	b ə l uː n	b ə l uː n d	b ə l uː n d	b ɪ l iː v	b ɪ l iː v d	b ə l uː n d	1	1	1
model_sep	r æ p	r æ p t	r æ p t	r ɪ p	r ɪ p t	r æ p t	1	1	1
model_sep	s l a ɪ s	s l a ɪ s t	s l a ɪ s t	s p a ɪ k	s p a ɪ k t	s l a ɪ s t	1	1	1
model_sep	d ɪ ʃ	d ɪ ʃ t	d ɪ ʃ t	d iː l	d ɛ l t	NA	1	0	0
model_sep	r ɪ s p ɛ k t	r ɪ s p ɛ k t ə d	r ɪ s p ɛ k t ə d	r ɪ k w ɛ s t	r ɪ k w ɛ s t ə d	r ɪ s p ɛ k t ə d	1	1	1
model_sep	t r ɪ m	t r ɪ m d	t r ɪ m d	t r ɪ p	t r ɪ p t	t r ɪ m t	1	0	0
model_sep	d æ ʃ	d æ ʃ t	d æ ʃ t	d iː l	d ɛ l t	NA	1	0	0
model_sep	k ɪ d	k ɪ d ə d	k ɪ d ə d	k ɹ̩ l	k ɹ̩ l d	k ɪ d d	1	0	0
model_sep	ɪ n k l uː d	ɪ n k l uː d ə d	ɪ n k l uː d uː d	ɪ m æ d͡ʒ ə n	ɪ m æ d͡ʒ ə n d	ɪ n k l uː d d	1	0	0
model_sep	r ɪ ŋ k ə l	r ɪ ŋ k ə l d	r ɪ ŋ k ə l d	r ɪ d͡ʒ ɛ k t	r ɪ d͡ʒ ɛ k t ə d	r ɪ ŋ k ə l ə d	1	0	0
model_sep	h ɑː p	h ɑː p t	h ɑː p t	h ɔ l	h ɔ l d	h ɑː p d	1	0	0
model_sep	p ɔ ɪ z ə n	p ɔ ɪ z ə n d	p ɔ ɪ z ə n d	p a ɪ l ə t	p a ɪ l ə t ə d	p ɔ ɪ z ə n ə d	1	0	0
model_sep	ə p l a ɪ	ə p l a ɪ d	ə p l a ɪ d	ə r a ɪ v	ə r a ɪ v d	ə p l a ɪ d	1	1	1
model_sep	h ɛ d	h ɛ d ə d	h ɛ d ə d	h ɛ d͡ʒ	h ɛ d͡ʒ d	h ɛ d d	1	0	0
model_sep	ɡ r æ v ə t e ɪ t	ɡ r æ v ə t e ɪ t ə d	ɡ r æ v ə t e ɪ t ə d	ɡ r æ d͡ʒ ə w e ɪ t	ɡ r æ d͡ʒ ə w e ɪ t ə d	ɡ r æ v ə t e ɪ t ə d	1	1	1
model_sep	f a ɪ l	f a ɪ l d	f a ɪ l d	f a ɪ t	f ɔ t	NA	1	0	0
model_sep	d ɪ p	d ɪ p t	d ɪ p t	d ʌ l	d ʌ l d	d ɪ p d	1	0	0
model_sep	b l e ɪ m	b l e ɪ m d	b l e ɪ m d	b r e ɪ d	b r e ɪ d ə d	b l e ɪ m ə d	1	0	0
model_sep	w ɑː b ə l	w ɑː b ə l d	w ɑː b ə l d	w ɪ s p ɹ̩	w ɪ s p ɹ̩ d	w ɑː b ə l d	1	1	1
model_sep	o ʊ v ɹ̩ h æ ŋ	o ʊ v ɹ̩ h ʌ ŋ	o ʊ v ɹ̩ h ɹ̩ d͡ʒ d	o ʊ v ɹ̩ k ə m	o ʊ v ɹ̩ k e ɪ m	NA	0	0	0
model_sep	k w ɪ t	k w ɪ t	k w ɪ t ə d	k l ɪ k	k l ɪ k t	k w ɪ t t	0	0	0
model_sep	ə p o ʊ z	ə p o ʊ z d	ə p o ʊ z d	ə m e ɪ z	ə m e ɪ z d	ə p o ʊ z d	1	1	1
model_sep	s ə l uː t	s ə l uː t ə d	s ə l uː t ə d	s p l æ ʃ	s p l æ ʃ t	s ə l uː t t	1	0	0
model_sep	ɛ m p t iː	ɛ m p t iː d	ɛ m p t iː d	ɛ n d͡ʒ ɔ ɪ	ɛ n d͡ʒ ɔ ɪ d	ɛ m p t iː d	1	1	1
model_sep	t ʌ k	t ʌ k t	t ʌ k t	t æ p	t æ p t	t ʌ k t	1	1	1
model_sep	f ɪ ŋ ɡ ɹ̩	f ɪ ŋ ɡ ɹ̩ d	f ɪ ŋ ɡ ɹ̩ d	f l a ʊ ɹ̩	f l a ʊ ɹ̩ d	f ɪ ŋ ɡ ɹ̩ d	1	1	1
model_sep	p iː t ɹ̩	p iː t ɹ̩ d	p iː t ɹ̩ d	p ɛ l t	p ɛ l t ə d	p iː t ɹ̩ ə d	1	0	0
model_sep	b æ k	b æ k t	b æ k t	b ɔ k	b ɔ k t	b æ k t	1	1	1
model_sep	s t æ m p	s t æ m p t	s t æ m p t	s t ɑː m p	s t ɑː m p t	s t æ m p t	1	1	1
model_sep	a ɪ s	a ɪ s t	a ɪ s t	a ɪ ɹ̩ n	a ɪ ɹ̩ n d	a ɪ s d	1	0	0
model_sep	r ɪ p ɛ l	r ɪ p ɛ l d	r ɪ p ɛ l d	r ɪ p ɛ r	r ɪ p ɛ r d	r ɪ p ɛ l d	1	1	1
model_sep	b ʌ t ɹ̩	b ʌ t ɹ̩ d	b ʌ t ɹ̩ d	b ʌ s t	b ʌ s t ə d	b ʌ t ɹ̩ ə d	1	0	0
model_sep	r ɑː t	r ɑː t ə d	r ɑː t ə d	r ɑː k	r ɑː k t	r ɑː t t	1	0	0
model_sep	p a ʊ d ɹ̩	p a ʊ d ɹ̩ d	p a ʊ d ɹ̩ d	p a ʊ n s	p a ʊ n s t	p a ʊ d ɹ̩ t	1	0	0
model_sep	b o ʊ t	b o ʊ t ə d	b o ʊ t ə d	b o ʊ l	b o ʊ l d	b o ʊ t d	1	0	0
model_sep	r e ɪ k	r e ɪ k t	r e ɪ k t	r e ɪ s	r e ɪ s t	r e ɪ k t	1	1	1
model_sep	s n æ k	s n æ k t	s n æ k t	s n æ p	s n æ p t	s n æ k t	1	1	1
model_sep	s l o ʊ	s l o ʊ d	s l o ʊ d	s t o ʊ	s t o ʊ d	s l o ʊ d	1	1	1
model_sep	ə t æ t͡ʃ	ə t æ t͡ʃ t	ə t æ t͡ʃ t	ə t æ k	ə t æ k t	ə t æ t͡ʃ t	1	1	1
model_sep	t ɑː p	t ɑː p t	t ɑː p t	t ɪ p	t ɪ p t	t ɑː p t	1	1	1
model_sep	p l e ɪ t	p l e ɪ t ə d	p l e ɪ t ə d	p l e ɪ s	p l e ɪ s t	p l e ɪ t t	1	0	0
model_sep	v æ k j uː m	v æ k j uː m d	v æ k j uː m d	v ɪ ʒ w ə l a ɪ z	v ɪ ʒ w ə l a ɪ z d	v æ k j uː m d	1	1	1
model_sep	s m æ k	s m æ k t	s m æ k t	s m æ ʃ	s m æ ʃ t	s m æ k t	1	1	1
model_sep	s t e ɪ p ə l	s t e ɪ p ə l d	s t e ɪ p ə l d	s k r ɪ b ə l	s k r ɪ b ə l d	s t e ɪ p ə l d	1	1	1
model_sep	k ə m p l e ɪ n	k ə m p l e ɪ n d	k ə m p l e ɪ n d	k ə n t ɪ n j uː	k ə n t ɪ n j uː d	k ə m p l e ɪ n d	1	1	1
model_sep	ɡ æ s p	ɡ æ s p t	ɡ æ s p t	ɡ æ ð ɹ̩	ɡ æ ð ɹ̩ d	ɡ æ s p d	1	0	0
model_sep	ɪ k s p ɛ k t	ɪ k s p ɛ k t ə d	ɪ k s p ɛ k t ə d	ɪ n s p ɛ k t	ɪ n s p ɛ k t ə d	ɪ k s p ɛ k t ə d	1	1	1
model_sep	f l æ ɡ	f l æ ɡ d	f l æ ɡ d	f l æ ʃ	f l æ ʃ t	f l æ ɡ t	1	0	0
model_sep	j ɔ n	j ɔ n d	j ɔ n d	j ɛ l	j ɛ l d	j ɔ n d	1	1	1
model_sep	f o ʊ n	f o ʊ n d	f o ʊ n d	f ɑː r m	f ɑː r m d	f o ʊ n d	1	1	1
model_sep	p l æ n t	p l æ n t ə d	p l æ n t ə d	p ɑː l ɪ ʃ	p ɑː l ɪ ʃ t	p l æ n t t	1	0	0
model_sep	s p uː k	s p uː k t	s p uː k t	s l æ p	s l æ p t	s p uː k t	1	1	1
model_sep	b iː m	b iː m d	b iː m d	b uː m	b uː m d	b iː m d	1	1	1
model_sep	z ɪ p ɹ̩	z ɪ p ɹ̩ d	z ɪ p ɹ̩ d	z ɪ p	z ɪ p t	z ɪ p ɹ̩ t	1	0	0
model_sep	f l ʌ ʃ	f l ʌ ʃ t	f l ʌ ʃ t	f ɪ k s	f ɪ k s t	f l ʌ ʃ t	1	1	1
model_sep	ə b d͡ʒ ɛ k t	ə b d͡ʒ ɛ k t ə d	ə b d͡ʒ ɛ k t ə d	ə t r æ k t	ə t r æ k t ə d	ə b d͡ʒ ɛ k t ə d	1	1	1
model_sep	l ɛ n d	l ɛ n t	l ɛ n d ə d	l æ n d	l æ n d ə d	l ɛ n d ə d	0	1	0
model_sep	w ɪ ŋ	w ɪ ŋ d	w ɪ ŋ d	w ɪ ʃ	w ɪ ʃ t	w ɪ ŋ t	1	0	0
model_sep	b a ɪ k	b a ɪ k t	b ɪ k	b a ɪ t	b ɪ t	NA	1	0	0
model_sep	ə n b ʌ t ə n	ə n b ʌ t ə n d	ə n b ʌ t ə n d	ə s ɛ m b ə l	ə s ɛ m b ə l d	ə n b ʌ t ə n d	1	1	1
model_sep	k r a ʊ d	k r a ʊ d ə d	k r a ʊ d ə d	k l a ʊ d	k l a ʊ d ə d	k r a ʊ d ə d	1	1	1
model_sep	d r ɪ b ə l	d r ɪ b ə l d	d r ɪ b ə l d	d ɪ l ɪ v ɹ̩	d ɪ l ɪ v ɹ̩ d	d r ɪ b ə l d	1	1	1
model_sep	b r ɛ d	b r ɛ d ə d	b r ɛ d ə d	b r iː d	b r ɛ d	NA	1	0	0
model_sep	h æ t͡ʃ	h æ t͡ʃ t	h æ t͡ʃ t	h ɔ k	h ɔ k t	h æ t͡ʃ t	1	1	1
model_sep	b l iː t͡ʃ	b l iː t͡ʃ t	b l iː t͡ʃ t	b ɛ l t͡ʃ	b ɛ l t͡ʃ t	b l iː t͡ʃ t	1	1	1
model_sep	ə v ɔ ɪ d	ə v ɔ ɪ d ə d	ə v ɔ ɪ d ə d	ə w ɔ r d	ə w ɔ r d ə d	ə v ɔ ɪ d ə d	1	1	1
model_sep	b ɑː t ə m	b ɑː t ə m d	b ɑː t ə m d	b æ b ə l	b æ b ə l d	b ɑː t ə m d	1	1	1
model_sep	s t ɑː r	s t ɑː r d	s t ɑː r d	s t ɑː p	s t ɑː p t	s t ɑː r t	1	0	0
model_sep	d ɪ f ɛ n d	d ɪ f ɛ n d ə d	d ɪ f ɛ n d ə d	d ɪ p ɛ n d	d ɪ p ɛ n d ə d	d ɪ f ɛ n d ə d	1	1	1
model_sep	s ɑː k	s ɑː k t	s ɑː k t	s ʌ k	s ʌ k t	s ɑː k t	1	1	1
model_sep	ɪ ɡ z æ m ɪ n	ɪ ɡ z æ m ɪ n d	ɪ ɡ z æ m ɪ n d	ɪ n t ɹ̩ v j uː	ɪ n t ɹ̩ v j uː d	ɪ ɡ z æ m ɪ n d	1	1	1
model_sep	ɪ l æ b ɹ̩ e ɪ t	ɪ l æ b ɹ̩ e ɪ t ə d	ɪ l æ b ɹ̩ e ɪ t ə d	ɪ v æ p ɹ̩ e ɪ t	ɪ v æ p ɹ̩ e ɪ t ə d	ɪ l æ b ɹ̩ e ɪ t ə d	1	1	1
model_sep	b ɑː t ə l	b ɑː t ə l d	b ɑː t ə l d	b æ b ə l	b æ b ə l d	b ɑː t ə l d	1	1	1
model_sep	m a ʊ n t	m a ʊ n t ə d	m a ʊ n t ə d	m a ɪ n d	m a ɪ n d ə d	m a ʊ n t ə d	1	1	1
model_sep	s t ʌ m b ə l	s t ʌ m b ə l d	s t ʌ m b ə l d	s ɹ̩ p r a ɪ z	s ɹ̩ p r a ɪ z d	s t ʌ m b ə l d	1	1	1
model_sep	r ɛ s k j uː	r ɛ s k j uː d	r ɛ s k j uː uː	r ɪ d͡ʒ ɛ k t	r ɪ d͡ʒ ɛ k t ə d	r ɛ s k j uː ə d	1	0	0
model_sep	p o ʊ t͡ʃ	p o ʊ t͡ʃ t	p o ʊ t͡ʃ t	p o ʊ k	p o ʊ k t	p o ʊ t͡ʃ t	1	1	1
model_sep	r o ʊ m	r o ʊ m d	r o ʊ m d	r o ʊ p	r o ʊ p t	r o ʊ m t	1	0	0
model_sep	k l æ m p	k l æ m p t	k l æ m p t	k l a ɪ m	k l a ɪ m d	k l æ m p d	1	0	0
model_sep	r iː v æ m p	r iː v æ m p t	r iː v æ m p t	r ʌ m b ə l	r ʌ m b ə l d	r iː v æ m p d	1	0	0
model_sep	s p e ɪ s	s p e ɪ s t	s p e ɪ s t	s p a ɪ s	s p a ɪ s t	s p e ɪ s t	1	1	1
model_sep	k ʌ d ə l	k ʌ d ə l d	k ʌ d ə l d	k ʌ p ə l	k ʌ p ə l d	k ʌ d ə l d	1	1	1
model_sep	ɑː p ɹ̩ e ɪ t	ɑː p ɹ̩ e ɪ t ə d	ɑː p ɹ̩ e ɪ t ə d	ɑː r ɡ j uː	ɑː r ɡ j uː d	ɑː p ɹ̩ e ɪ t d	1	0	0
model_sep	b ʌ k ə l	b ʌ k ə l d	b ʌ k ə l d	b ʌ t ə n	b ʌ t ə n d	b ʌ k ə l d	1	1	1
model_sep	s t ʌ d iː	s t ʌ d iː d	s t ʌ d iː d	s m ʌ ð ɹ̩	s m ʌ ð ɹ̩ d	s t ʌ d iː d	1	1	1
model_sep	b æ n ɪ ʃ	b æ n ɪ ʃ t	b æ n ɪ ʃ t	b ɪ ɡ ɪ n	b ɪ ɡ æ n	NA	1	0	0
model_sep	s t r ɪ p	s t r ɪ p t	s t r ɪ p t	s t r ɪ ŋ	s t r ʌ ŋ	NA	1	0	0
model_sep	d ʌ ŋ k	d ʌ ŋ k t	d ʌ ŋ k	d ʌ s t	d ʌ s t ə d	d ʌ ŋ k ə d	1	0	0
model_sep	h ʌ v ɹ̩	h ʌ v ɹ̩ d	h ʌ v ɹ̩ d	h a ɪ d	h ɪ d	NA	1	0	0
model_sep	b æ ɡ	b æ ɡ d	b æ ɡ d	b ɛ ɡ	b ɛ ɡ d	b æ ɡ d	1	1	1
model_sep	p æ m p ɹ̩	p æ m p ɹ̩ d	p æ m p ɹ̩ d	p ɑː l ɪ ʃ	p ɑː l ɪ ʃ t	p æ m p ɹ̩ t	1	0	0
model_sep	r iː t r iː v	r iː t r iː v d	r iː t r iː v d	r ʌ m b ə l	r ʌ m b ə l d	r iː t r iː v d	1	1	1
model_sep	b l æ ŋ k ə t	b l æ ŋ k ə t ə d	b l æ ŋ k ə t ə d	b æ p t a ɪ z	b æ p t a ɪ z d	b l æ ŋ k ə t d	1	0	0
model_sep	s a ɪ z	s a ɪ z d	s a ɪ z d	s a ɪ d	s a ɪ d ə d	s a ɪ z ə d	1	0	0
model_sep	t æ k ə l	t æ k ə l d	t æ k ə l d	t ɪ k ə l	t ɪ k ə l d	t æ k ə l d	1	1	1
model_sep	w ɑː f ə l	w ɑː f ə l d	w ɑː f ə l d	w ɪ s p ɹ̩	w ɪ s p ɹ̩ d	w ɑː f ə l d	1	1	1
model_sep	s k æ t ɹ̩	s k æ t ɹ̩ d	s k æ t ɹ̩ d	s k e ɪ t	s k e ɪ t ə d	s k æ t ɹ̩ ə d	1	0	0
model_sep	t ʌ m b ə l	t ʌ m b ə l d	t ʌ m b ə l d	t r æ v ə l	t r æ v ə l d	t ʌ m b ə l d	1	1	1
model_sep	p a ʊ n d	p a ʊ n d ə d	p a ʊ n d ə d	p a ʊ n s	p a ʊ n s t	p a ʊ n d t	1	0	0
model_sep	w ɑː d	w ɑː d ə d	w ɑː d ə d	w ɛ d	w ɛ d	w ɑː d	1	0	0
model_sep	d͡ʒ ɑː ɡ	d͡ʒ ɑː ɡ d	d͡ʒ ɑː ɡ d	d͡ʒ ɹ̩ k	d͡ʒ ɹ̩ k t	d͡ʒ ɑː ɡ t	1	0	0
model_sep	r iː p l æ n t	r iː p l æ n t ə d	r iː p l æ l t ə d	r ə f l ɛ k t	r ə f l ɛ k t ə d	r iː p l æ n t ə d	1	0	1
model_sep	s t e ɪ b ə l a ɪ z	s t e ɪ b ə l a ɪ z d	s t ə l d	s ɛ l ə b r e ɪ t	s ɛ l ə b r e ɪ t ə d	s t e ɪ b ə l a ɪ z ə d	1	0	0
model_sep	ʃ ɛ d	ʃ ɛ d ə d	ʃ ɛ d	ʃ ɛ l	ʃ ɛ l d	ʃ ɛ d d	1	0	0
model_sep	k ə l æ p s	k ə l æ p s t	k ə l æ p s t	k æ n s ə l	k æ n s ə l d	k ə l æ p s d	1	0	0
model_sep	f l e ɪ v ɹ̩	f l e ɪ v ɹ̩ d	f l e ɪ v ɹ̩ d	f r ɛ ʃ ə n	f r ɛ ʃ ə n d	f l e ɪ v ɹ̩ d	1	1	1
model_sep	d ɪ z ɑː l v	d ɪ z ɑː l v d	d ɪ z ɑː l v d	d ɪ l ɪ v ɹ̩	d ɪ l ɪ v ɹ̩ d	d ɪ z ɑː l v d	1	1	1
model_sep	r iː k w a ɪ ɹ̩	r iː k w a ɪ ɹ̩ d	r iː k w a ɪ ɹ̩ d	r ɪ m ɛ m b ɹ̩	r ɪ m ɛ m b ɹ̩ d	r iː k w a ɪ ɹ̩ d	1	1	1
model_sep	d r a ʊ n	d r a ʊ n d	d r a ʊ n d	d ɪ f iː t	d ɪ f iː t ə d	d r a ʊ n ə d	1	0	0
model_sep	t r æ n s f ɔ r m	t r æ n s f ɔ r m d	t r æ n f s f r f r æ n t ə d	t ɪ ŋ k ə l	t ɪ ŋ k ə l d	t r æ n s f ɔ r m d	1	0	1
model_sep	d ɪ z a ɪ n	d ɪ z a ɪ n d	d ɪ z a ɪ n d	d ɪ v a ʊ ɹ̩	d ɪ v a ʊ ɹ̩ d	d ɪ z a ɪ n d	1	1	1
model_sep	r ɪ z ɪ s t	r ɪ z ɪ s t ə d	r ɪ z ɪ s t ə d	r iː p ʌ l s	r iː p ʌ l s t	r ɪ z ɪ s t t	1	0	0
model_sep	ɡ r æ p ə l	ɡ r æ p ə l d	ɡ r æ p ə l d	ɡ ɑː r b ə l	ɡ ɑː r b ə l d	ɡ r æ p ə l d	1	1	1
model_sep	ə d r ɛ s	ə d r ɛ s t	ə d r ɛ s t	ə b s ɛ s	ə b s ɛ s t	ə d r ɛ s t	1	1	1
model_sep	k l ɑː k	k l ɑː k t	k l ɑː k t	k l ɑː ɡ	k l ɑː ɡ d	k l ɑː k d	1	0	0
model_sep	r iː f r ɛ ʃ	r iː f r ɛ ʃ t	r iː f r ɛ ʃ t	r ɪ d͡ʒ ɛ k t	r ɪ d͡ʒ ɛ k t ə d	r iː f r ɛ ʃ ə d	1	0	0
model_sep	ə n l ɑː k	ə n l ɑː k t	ə n l ɑː k t	ə r a ɪ v	ə r a ɪ v d	ə n l ɑː k d	1	0	0
model_sep	b ɔ r d	b ɔ r d ə d	b ɔ r d ə d	b ɔ ɪ l	b ɔ ɪ l d	b ɔ r d d	1	0	0
model_sep	p r ɪ d ɪ k t	p r ɪ d ɪ k t ə d	p r ɪ d	p r ɑː d͡ʒ ɛ k t	p r ɑː d͡ʒ ɛ k t ə d	p r ɪ d ɪ k t ə d	1	0	1
model_sep	t͡ʃ æ t	t͡ʃ æ t ə d	t͡ʃ æ t ə d	t͡ʃ iː t	t͡ʃ iː t ə d	t͡ʃ æ t ə d	1	1	1
model_sep	ɡ æ l ə p	ɡ æ l ə p t	ɡ æ l ə p t	ɡ ɪ ɡ ə l	ɡ ɪ ɡ ə l d	ɡ æ l ə p d	1	0	0
model_sep	r e ɪ d iː e ɪ t	r e ɪ d iː e ɪ t ə d	r e ɪ d iː e ɪ t ə d	r iː s t r e ɪ n	r iː s t r e ɪ n d	r e ɪ d iː e ɪ t d	1	0	0
model_sep	e ɪ m	e ɪ m d	e ɪ m d	e ɪ d	e ɪ d ə d	e ɪ m ə d	1	0	0
model_sep	ɑː r m	ɑː r m d	ɑː r m d	ɑː r ɡ j uː	ɑː r ɡ j uː d	ɑː r m d	1	1	1
model_sep	p ɹ̩ k	p ɹ̩ k t	p ɹ̩ k t	p æ k	p æ k t	p ɹ̩ k t	1	1	1
model_sep	ɛ k s ɹ̩ s a ɪ z	ɛ k s ɹ̩ s a ɪ z d	ɛ k s ɹ̩ s a ɪ z d	ɛ n t ɹ̩ t e ɪ n	ɛ n t ɹ̩ t e ɪ n d	ɛ k s ɹ̩ s a ɪ z d	1	1	1
model_sep	s t ɪ ŋ k	s t ʌ ŋ k	s t ʌ ŋ k	s t e ɪ k	s t e ɪ k t	s t ɪ ŋ k t	0	0	0
model_sep	r ə s iː v	r ə s iː v d	r ə s iː v d	r ɪ s ɛ s	r ɪ s ɛ s t	r ə s iː v t	1	0	0
model_sep	d a ɪ n	d a ɪ n d	d a ɪ n d	d a ɪ v	d o ʊ v	NA	1	0	0
model_sep	ə d v æ n s	ə d v æ n s t	ə d v æ n s t	ə n a ʊ n s	ə n a ʊ n s t	ə d v æ n s t	1	1	1
model_sep	ə p r o ʊ t͡ʃ	ə p r o ʊ t͡ʃ t	ə p r o ʊ t͡ʃ t	ə n a ʊ n s	ə n a ʊ n s t	ə p r o ʊ t͡ʃ t	1	1	1
model_sep	s k ʌ f	s k ʌ f t	s k ʌ f t	s t ʌ f	s t ʌ f t	s k ʌ f t	1	1	1
model_sep	t æ n	t æ n d	t æ n d	t uː n	t uː n d	t æ n d	1	1	1
model_sep	ə s o ʊ s iː e ɪ t	ə s o ʊ s iː e ɪ t ə d	ə s o ʊ s iː e ɪ t ə d	ə p r iː ʃ iː e ɪ t	ə p r iː ʃ iː e ɪ t ə d	ə s o ʊ s iː e ɪ t ə d	1	1	1
model_sep	s p ʌ t ɹ̩	s p ʌ t ɹ̩ d	s p ʌ t ɹ̩ d	s p ʌ n d͡ʒ	s p ʌ n d͡ʒ d	s p ʌ t ɹ̩ d	1	1	1
model_sep	t e ɪ b ə l	t e ɪ b ə l d	t e ɪ b ə l d	t a ɪ t ə n	t a ɪ t ə n d	t e ɪ b ə l d	1	1	1
model_sep	s n æ t͡ʃ	s n æ t͡ʃ t	s n æ t͡ʃ t	s n æ p	s n æ p t	s n æ t͡ʃ t	1	1	1
model_sep	æ n t ɪ s ə p e ɪ t	æ n t ɪ s ə p e ɪ t ə d	æ n t ə s ə p e ɪ t ə d	æ n s ɹ̩	æ n s ɹ̩ d	æ n t ɪ s ə p e ɪ t d	1	0	0
model_sep	h ʌ s ə l	h ʌ s ə l d	h ʌ s ə l d	h æ p ə n	h æ p ə n d	h ʌ s ə l d	1	1	1
model_sep	k r ʌ n t͡ʃ	k r ʌ n t͡ʃ t	k r ʌ n t͡ʃ t	k a ʊ n t	k a ʊ n t ə d	k r ʌ n t͡ʃ ə d	1	0	0
model_sep	ə n p l ʌ ɡ	ə n p l ʌ ɡ d	ə n p l ʌ ɡ d	ə b z ɔ r b	ə b z ɔ r b d	ə n p l ʌ ɡ d	1	1	1
model_sep	w ɪ s ə l	w ɪ s ə l d	w ɪ s ə l d	w ɪ s p ɹ̩	w ɪ s p ɹ̩ d	w ɪ s ə l d	1	1	1
model_sep	d ɪ l iː t	d ɪ l iː t ə d	d ɪ l iː t ə d	d ɪ f iː t	d ɪ f iː t ə d	d ɪ l iː t ə d	1	1	1
model_sep	k ə l a ɪ d	k ə l a ɪ d ə d	k ə l a ɪ d ə d	k ə l ɛ k t	k ə l ɛ k t ə d	k ə l a ɪ d ə d	1	1	1
model_sep	t ɪ k	t ɪ k t	t ɪ k t	t æ p	t æ p t	t ɪ k t	1	1	1
model_sep	b l æ s t	b l æ s t ə d	b l æ s t ə d	b ɪ l iː v	b ɪ l iː v d	b l æ s t d	1	0	0
model_sep	k r ʌ ʃ	k r ʌ ʃ t	k r ʌ ʃ t	k l ʌ b	k l ʌ b d	k r ʌ ʃ d	1	0	0
model_sep	r ʌ f	r ʌ f t	r ʌ f t	r ʌ ʃ	r ʌ ʃ t	r ʌ f t	1	1	1
model_sep	ɪ m p r ɛ s	ɪ m p r ɛ s t	ɪ m p r ɛ s t	ɪ m æ d͡ʒ ə n	ɪ m æ d͡ʒ ə n d	ɪ m p r ɛ s d	1	0	0
model_sep	r iː f ɪ l	r iː f ɪ l d	r iː f ɪ l d	r ɪ s ɛ s	r ɪ s ɛ s t	r iː f ɪ l t	1	0	0
model_sep	w ɑː n d ɹ̩	w ɑː n d ɹ̩ d	w ɑː n d ɹ̩ d	w ɪ n t ɹ̩	w ɪ n t ɹ̩ d	w ɑː n d ɹ̩ d	1	1	1
model_sep	s ə s t e ɪ n	s ə s t e ɪ n d	s ə s t e ɪ n d	s ɛ p ɹ̩ e ɪ t	s ɛ p ɹ̩ e ɪ t ə d	s ə s t e ɪ n ə d	1	0	0
model_sep	s t ʌ b	s t ʌ b d	s t ʌ b d	s t ʌ f	s t ʌ f t	s t ʌ b t	1	0	0
model_sep	l ɛ v ə l	l ɛ v ə l d	l ɛ v ə l d	l ɪ m ə t	l ɪ m ə t ə d	l ɛ v ə l ə d	1	0	0
model_sep	s p ɛ s ə f a ɪ	s p ɛ s ə f a ɪ d	s p ɛ s t ə m a ɪ p t	s uː p ɹ̩ v a ɪ z	s uː p ɹ̩ v a ɪ z d	s p ɛ s ə f a ɪ d	1	0	1
model_sep	k e ɪ t ɹ̩	k e ɪ t ɹ̩ d	k e ɪ t ɹ̩ d	k w ɪ l t	k w ɪ l t ə d	k e ɪ t ɹ̩ ə d	1	0	0
model_sep	ʃ ɑː k	ʃ ɑː k t	ʃ ɑː k t	ʃ ɑː p	ʃ ɑː p t	ʃ ɑː k t	1	1	1
model_sep	s æ n d w ɪ t͡ʃ	s æ n d w ɪ t͡ʃ t	s æ n d	s ɹ̩ p r a ɪ z	s ɹ̩ p r a ɪ z d	s æ n d w ɪ t͡ʃ d	1	0	0
model_sep	w ɹ̩ d	w ɹ̩ d ə d	w ɹ̩ d ə d	w ɛ d	w ɛ d	w ɹ̩ d	1	0	0
model_sep	ɔ r iː ɛ n t	ɔ r iː ɛ n t ə d	ɔ r iː n d	ɔ r d ɹ̩	ɔ r d ɹ̩ d	ɔ r iː ɛ n t d	1	0	0
model_sep	t æ t ə l	t æ t ə l d	t æ t ə l d	t ɑː p ə l	t ɑː p ə l d	t æ t ə l d	1	1	1
model_sep	n e ɪ l	n e ɪ l d	n e ɪ l d	n o ʊ t	n o ʊ t ə d	n e ɪ l ə d	1	0	0
model_sep	r iː p ɔ r t	r iː p ɔ r t ə d	r iː p ɔ r t ə d	r ɪ d͡ʒ ɛ k t	r ɪ d͡ʒ ɛ k t ə d	r iː p ɔ r t ə d	1	1	1
model_sep	s l æ n t	s l æ n t ə d	s l æ n t ə d	s p a ɪ k	s p a ɪ k t	s l æ n t t	1	0	0
model_sep	b æ n d	b æ n d ə d	b æ n d ə d	b ɛ n d	b ɛ n d ə d	b æ n d ə d	1	1	1
model_sep	ɡ l ʌ v	ɡ l ʌ v d	ɡ l ʌ v d	ɡ r o ʊ	ɡ r uː	NA	1	0	0
model_sep	w ɪ ŋ k	w ɪ ŋ k t	w ɪ ŋ k	w ɪ s k	w ɪ s k t	w ɪ ŋ k t	1	0	1
model_sep	ʃ ɪ p	ʃ ɪ p t	ʃ ɪ p t	ʃ ɑː p	ʃ ɑː p t	ʃ ɪ p t	1	1	1
model_sep	ʃ iː r	ʃ iː r d	ʃ iː r d	ʃ ɛ r	ʃ ɛ r d	ʃ iː r d	1	1	1
model_sep	k ɔ ɪ l	k ɔ ɪ l d	k ɔ ɪ l d	k l ɪ ŋ	k l ʌ ŋ	NA	1	0	0
model_sep	p r ɛ ʃ ɹ̩	p r ɛ ʃ ɹ̩ d	p r ɛ ʃ ɹ̩ d	p ɑː l ɪ ʃ	p ɑː l ɪ ʃ t	p r ɛ ʃ ɹ̩ t	1	0	0
model_sep	b r a ɪ b	b r a ɪ b d	b r a ɪ b d	b ɪ l iː v	b ɪ l iː v d	b r a ɪ b d	1	1	1
model_sep	ɡ r o ʊ n	ɡ r o ʊ n d	ɡ r o ʊ n d	ɡ l o ʊ t	ɡ l o ʊ t ə d	ɡ r o ʊ n ə d	1	0	0
model_sep	z ɪ ɡ z æ ɡ	z ɪ ɡ z æ ɡ d	z ɪ ɡ z æ ɡ d	z ɪ r ɑː k s	z ɪ r ɑː k s t	z ɪ ɡ z æ ɡ t	1	0	0
model_sep	f l iː	f l ɛ d	f l iː d	f r iː	f r iː d	f l iː d	0	1	0
model_sep	f r ʌ s t r e ɪ t	f r ʌ s t r e ɪ t ə d	f r ʌ s t r e ɪ t ə d	f æ b r ə k e ɪ t	f æ b r ə k e ɪ t ə d	f r ʌ s t r e ɪ t ə d	1	1	1
model_sep	j æ ŋ k	j æ ŋ k t	j æ ŋ k	j uː z	j uː z d	j æ ŋ k d	1	0	0
model_sep	m ɪ n t	m ɪ n t ə d	m ɪ n t ə d	m ɪ r ɹ̩	m ɪ r ɹ̩ d	m ɪ n t d	1	0	0
model_sep	b o ʊ l t	b o ʊ l t ə d	b o ʊ l t ə d	b ɑː r o ʊ	b ɑː r o ʊ d	b o ʊ l t d	1	0	0
model_sep	f iː l d	f iː l d ə d	f iː l d ə d	f r iː k	f r iː k t	f iː l d t	1	0	0
model_sep	s k w ɛ l t͡ʃ	s k w ɛ l t͡ʃ t	s k w ɛ l t͡ʃ t	s k o ʊ l d	s k o ʊ l d ə d	s k w ɛ l t͡ʃ ə d	1	0	0
model_sep	r a ʊ n d	r a ʊ n d ə d	r a ʊ n d ə d	r o ʊ s t	r o ʊ s t ə d	r a ʊ n d ə d	1	1	1
model_sep	r iː ə d͡ʒ ʌ s t	r iː ə d͡ʒ ʌ s t ə d	r iː ə d͡ʒ ʌ s t ə d	r e ɪ d iː o ʊ	r e ɪ d iː o ʊ d	r iː ə d͡ʒ ʌ s t d	1	0	0
model_sep	t w ɪ ŋ k ə l	t w ɪ ŋ k ə l d	t w ɪ ŋ k ə l d	t r æ m p ə l	t r æ m p ə l d	t w ɪ ŋ k ə l d	1	1	1
model_mean	n iː d	n iː d ə d	n iː d ə d	n iː r	n iː r d	n iː d d	1	0	0
model_mean	ɡ ɛ t	ɡ ɑː t	ɡ ɛ t	ɡ ɛ s	ɡ ɛ s t	ɡ ɛ t t	0	0	0
model_mean	n e ɪ m	n e ɪ m d	n e ɪ m d	n ɪ b ə l	n ɪ b ə l d	n e ɪ m d	1	1	1
model_mean	l uː p	l uː p t	l uː p t	l uː s	l uː s t	l uː p t	1	1	1
model_mean	l ɪ s ə n	l ɪ s ə n d	l ɪ s ə n d	l ɪ m ə t	l ɪ m ə t ə d	l ɪ s ə n ə d	1	0	0
model_mean	t ɔ k	t ɔ k t	t ɔ k t	t ɔ s	t ɔ s t	t ɔ k t	1	1	1
model_mean	s p ɛ l	s p ɛ l d	s p ɛ l d	s p iː k	s p o ʊ k	NA	1	0	0
model_mean	r o ʊ l	r o ʊ l d	r o ʊ l d	r o ʊ p	r o ʊ p t	r o ʊ l t	1	0	0
model_mean	d ɪ s k ʌ v ɹ̩	d ɪ s k ʌ v ɹ̩ d	d ɪ s k ʌ v ɹ̩ d	d ɪ s ə ɡ r iː	d ɪ s ə ɡ r iː d	d ɪ s k ʌ v ɹ̩ d	1	1	1
model_mean	r iː d	r ɛ d	r iː d ə d	r ɛ d iː	r ɛ d iː d	r iː d d	0	0	0
model_mean	h iː r	h ɹ̩ d	h iː r d	h iː t	h iː t ə d	h iː r ə d	0	0	0
model_mean	θ æ ŋ k	θ æ ŋ k t	θ æ ŋ k t	θ ɪ ŋ k	θ ɔ t	NA	1	0	0
model_mean	b r e ɪ k	b r o ʊ k	b r e ɪ k t	b r e ɪ d	b r e ɪ d ə d	b r e ɪ k ə d	0	0	0
model_mean	l uː z	l ɔ s t	l uː z d	l uː s	l uː s t	l uː z t	0	0	0
model_mean	s t æ n d	s t ʊ d	s t æ n d ə d	s t æ ʃ	s t æ ʃ t	s t æ n d t	0	0	0
model_mean	b r ʌ ʃ	b r ʌ ʃ t	b r ʌ ʃ t	b r iː ð	b r iː ð d	b r ʌ ʃ d	1	0	0
model_mean	f l a ɪ	f l uː	f l a ɪ d	f l a ʊ ɹ̩	f l a ʊ ɹ̩ d	f l a ɪ d	0	1	0
model_mean	l a ɪ v	l a ɪ v d	l a ɪ v d	l a ɪ n	l a ɪ n d	l a ɪ v d	1	1	1
model_mean	n ɪ t	n ɪ t ə d	n ɪ t	n ɑː d	n ɑː d ə d	n ɪ t ə d	1	0	1
model_mean	t ɛ l	t o ʊ l d	t ɛ l d	t ɛ n d	t ɛ n d ə d	t ɛ l ə d	0	0	0
model_mean	m e ɪ l	m e ɪ l d	m e ɪ l d	m e ɪ k	m e ɪ d	NA	1	0	0
model_mean	s k a ʊ t	s k a ʊ t ə d	s k a ʊ t ə d	s k e ɪ t	s k e ɪ t ə d	s k a ʊ t ə d	1	1	1
model_mean	s l ɪ p	s l ɪ p t	s l ɪ p t	s l æ p	s l æ p t	s l ɪ p t	1	1	1
model_mean	m ɪ k s	m ɪ k s t	m ɪ k s t	m ɪ s	m ɪ s t	m ɪ k s t	1	1	1
model_mean	h o ʊ p	h o ʊ p t	h o ʊ p t	h o ʊ l	h o ʊ l d	h o ʊ p d	1	0	0
model_mean	s ɛ t	s ɛ t	s ɛ t	s ɛ l	s o ʊ l d	NA	0	0	0
model_mean	w ɑː t͡ʃ	w ɑː t͡ʃ t	w ɑː t͡ʃ t	w ɑː ʃ	w ɑː ʃ t	w ɑː t͡ʃ t	1	1	1
model_mean	r iː t͡ʃ	r iː t͡ʃ t	r iː t͡ʃ t	r iː m uː v	r iː m uː v d	r iː t͡ʃ d	1	0	0
model_mean	w ɹ̩ k	w ɹ̩ k t	w ɹ̩ k t	w æ ɡ	w æ ɡ d	w ɹ̩ k d	1	0	0
model_mean	d͡ʒ ʌ m p	d͡ʒ ʌ m p t	d͡ʒ ʌ m p t	d͡ʒ æ m	d͡ʒ æ m d	d͡ʒ ʌ m p d	1	0	0
model_mean	k r æ ʃ	k r æ ʃ t	k r æ ʃ t	k r æ m	k r æ m d	k r æ ʃ d	1	0	0
model_mean	h ɛ l p	h ɛ l p t	h ɛ l p t	h ɛ d͡ʒ	h ɛ d͡ʒ d	h ɛ l p d	1	0	0
model_mean	w e ɪ k	w o ʊ k	w e ɪ k t	w e ɪ t	w e ɪ t ə d	w e ɪ k ə d	0	0	0
model_mean	k o ʊ ɑː p ɹ̩ e ɪ t	k o ʊ ɑː p ɹ̩ e ɪ t ə d	k o ʊ s p ɹ̩ e ɪ t ə d	k o ʊ m	k o ʊ m d	k o ʊ ɑː p ɹ̩ e ɪ t d	1	0	0
model_mean	k æ r iː	k æ r iː d	k æ r iː d	k æ ʃ	k æ ʃ t	k æ r iː t	1	0	0
model_mean	k ɹ̩ ɛ k t	k ɹ̩ ɛ k t ə d	k ɹ̩ ɛ k t ə d	k ɹ̩ l	k ɹ̩ l d	k ɹ̩ ɛ k t d	1	0	0
model_mean	m ɪ l k	m ɪ l k t	m ɪ l k t	m ɪ r ɹ̩	m ɪ r ɹ̩ d	m ɪ l k d	1	0	0
model_mean	m ɛ ʒ ɹ̩	m ɛ ʒ ɹ̩ d	m ɛ ʒ ɹ̩ d	m ɛ s	m ɛ s t	m ɛ ʒ ɹ̩ t	1	0	0
model_mean	m ʌ n t͡ʃ	m ʌ n t͡ʃ t	m ʌ n t͡ʃ t	m ʌ s ə l	m ʌ s ə l d	m ʌ n t͡ʃ d	1	0	0
model_mean	l ɹ̩ n	l ɹ̩ n d	l ɹ̩ n d	l ʌ v	l ʌ v d	l ɹ̩ n d	1	1	1
model_mean	w ʌ n d ɹ̩	w ʌ n d ɹ̩ d	w ʌ n d ɹ̩ d	w ɪ ð ɹ̩	w ɪ ð ɹ̩ d	w ʌ n d ɹ̩ d	1	1	1
model_mean	k ɪ s	k ɪ s t	k ɪ s t	k ɪ l	k ɪ l d	k ɪ s d	1	0	0
model_mean	h ɹ̩ iː	h ɹ̩ iː d	h ɹ̩ iː d	h ɛ r iː	h ɛ r iː d	h ɹ̩ iː d	1	1	1
model_mean	s k r uː	s k r uː d	s k r uː d	s k ɔ r	s k ɔ r d	s k r uː d	1	1	1
model_mean	f l æ p	f l æ p t	f l æ p t	f l ɪ p	f l ɪ p t	f l æ p t	1	1	1
model_mean	t͡ʃ o ʊ k	t͡ʃ o ʊ k t	t͡ʃ o ʊ k t	t͡ʃ a ɪ m	t͡ʃ a ɪ m d	t͡ʃ o ʊ k d	1	0	0
model_mean	b ɪ l ɔ ŋ	b ɪ l ɔ ŋ d	b ɪ l ɔ ŋ	b ɪ l iː v	b ɪ l iː v d	b ɪ l ɔ ŋ d	1	0	1
model_mean	p e ɪ n t	p e ɪ n t ə d	p e ɪ n t ə d	p e ɪ s t	p e ɪ s t ə d	p e ɪ n t ə d	1	1	1
model_mean	s t iː l	s t o ʊ l	s t iː l d	s t iː r	s t iː r d	s t iː l d	0	1	0
model_mean	s k ɛ r	s k ɛ r d	s k ɛ r d	s k ɪ n	s k ɪ n d	s k ɛ r d	1	1	1
model_mean	r ɛ k ə ɡ n a ɪ z	r ɛ k ə ɡ n a ɪ z d	r ɛ k ə n ɡ a ɪ z d	r ɛ k ə m ɛ n d	r ɛ k ə m ɛ n d ə d	r ɛ k ə ɡ n a ɪ z ə d	1	0	0
model_mean	h ɑː r p	h ɑː r p t	h ɑː r p t	h ɑː l ɹ̩	h ɑː l ɹ̩ d	h ɑː r p d	1	0	0
model_mean	s a ʊ n d	s a ʊ n d ə d	s a ʊ n d ə d	s a ɪ n	s a ɪ n d	s a ʊ n d d	1	0	0
model_mean	s k w iː z	s k w iː z d	s k w iː z d	s k w iː k	s k w iː k t	s k w iː z t	1	0	0
model_mean	f a ɪ n d	f a ʊ n d	f a ɪ n d ə d	f a ɪ n	f a ɪ n d	f a ɪ n d d	0	0	0
model_mean	s p ɪ l	s p ɪ l d	s p ɪ l d	s p ɪ n	s p ʌ n	NA	1	0	0
model_mean	s p ɔ ɪ l	s p ɔ ɪ l d	s p ɔ ɪ l d	s p r e ɪ	s p r e ɪ d	s p ɔ ɪ l d	1	1	1
model_mean	d ɪ ŋ	d ɪ ŋ d	d ɪ ŋ d	d æ m	d æ m d	d ɪ ŋ d	1	1	1
model_mean	t e ɪ p	t e ɪ p t	t e ɪ p t	t e ɪ k	t ʊ k	NA	1	0	0
model_mean	b ʌ b ə l	b ʌ b ə l d	b ʌ b ə l d	b ʌ n d ə l	b ʌ n d ə l d	b ʌ b ə l d	1	1	1
model_mean	r ə k ɔ r d	r ə k ɔ r d ə d	r ə k ɔ r d ə d	r ə s a ɪ t	r ə s a ɪ t ə d	r ə k ɔ r d ə d	1	1	1
model_mean	d͡ʒ ʌ ɡ ə l	d͡ʒ ʌ ɡ ə l d	d͡ʒ ʌ ɡ ə l d	d͡ʒ æ m	d͡ʒ æ m d	d͡ʒ ʌ ɡ ə l d	1	1	1
model_mean	p ʌ n t͡ʃ	p ʌ n t͡ʃ t	p ʌ n t͡ʃ t	p ʌ n ɪ ʃ	p ʌ n ɪ ʃ t	p ʌ n t͡ʃ t	1	1	1
model_mean	k ɪ k	k ɪ k t	k ɪ k t	k ɪ l	k ɪ l d	k ɪ k d	1	0	0
model_mean	b a ʊ n s	b a ʊ n s t	b a ʊ n s t	b a ɪ t	b ɪ t	NA	1	0	0
model_mean	p ɑː r t	p ɑː r t ə d	p ɑː r t ə d	p ɑː r t iː	p ɑː r t iː d	p ɑː r t d	1	0	0
model_mean	k æ t ə l ɔ ɡ	k æ t ə l ɔ ɡ d	k æ t ə l ɔ ɡ d	k æ p t͡ʃ ɹ̩	k æ p t͡ʃ ɹ̩ d	k æ t ə l ɔ ɡ d	1	1	1
model_mean	b a ɪ s ɪ k ə l	b a ɪ s ɪ k ə l d	b a ɪ s t	d a ɪ ə l	d a ɪ ə l d	b a ɪ s ɪ k ə l d	1	0	1
model_mean	o ʊ	o ʊ d	o ʊ d	o ʊ n	o ʊ n d	o ʊ d	1	1	1
model_mean	k r æ k	k r æ k t	k r æ k t	k r æ m	k r æ m d	k r æ k d	1	0	0
model_mean	p ɛ t	p ɛ t ə d	p ɛ t	p ɛ l t	p ɛ l t ə d	p ɛ t ə d	1	0	1
model_mean	l a ɪ t	l ɪ t	l a ɪ t ə d	l a ɪ k	l a ɪ k t	l a ɪ t t	0	0	0
model_mean	s k r æ t͡ʃ	s k r æ t͡ʃ t	s k r æ t͡ʃ t	s k æ l ə p	s k æ l ə p t	s k r æ t͡ʃ t	1	1	1
model_mean	p ɑː p	p ɑː p t	p ɑː p t	p ɑː t	p ɑː t ə d	p ɑː p ə d	1	0	0
model_mean	r ɑː b	r ɑː b d	r ɑː b d	r ɑː k	r ɑː k t	r ɑː b t	1	0	0
model_mean	r ə f j uː z	r ə f j uː z d	r ə f j uː z d	r ə f l ɛ k t	r ə f l ɛ k t ə d	r ə f j uː z ə d	1	0	0
model_mean	b ə l uː n	b ə l uː n d	b ə l uː n d	ə b z ɔ r b	ə b z ɔ r b d	b ə l uː n d	1	1	1
model_mean	r æ p	r æ p t	r æ p t	r ɪ p	r ɪ p t	r æ p t	1	1	1
model_mean	s l a ɪ s	s l a ɪ s t	s l a ɪ s t	s l a ɪ d	s l ɪ d	NA	1	0	0
model_mean	d ɪ ʃ	d ɪ ʃ t	d ɪ ʃ t	d ɪ ɡ	d ʌ ɡ	NA	1	0	0
model_mean	r ɪ s p ɛ k t	r ɪ s p ɛ k t ə d	r ɪ s p ɛ k t ə d	r ɪ s p ɑː n d	r ɪ s p ɑː n d ə d	r ɪ s p ɛ k t ə d	1	1	1
model_mean	t r ɪ m	t r ɪ m d	t r ɪ m d	t r ɪ k	t r ɪ k t	t r ɪ m t	1	0	0
model_mean	d æ ʃ	d æ ʃ t	d æ ʃ t	d æ m	d æ m d	d æ ʃ d	1	0	0
model_mean	k ɪ d	k ɪ d ə d	k ɪ d ə d	k ɪ l	k ɪ l d	k ɪ d d	1	0	0
model_mean	ɪ n k l uː d	ɪ n k l uː d ə d	ɪ n k l uː d uː d	ɪ n t r iː ɡ	ɪ n t r iː ɡ d	ɪ n k l uː d d	1	0	0
model_mean	r ɪ ŋ k ə l	r ɪ ŋ k ə l d	r ɪ ŋ k ə l d	r ɪ d͡ʒ ɔ ɪ s	r ɪ d͡ʒ ɔ ɪ s t	r ɪ ŋ k ə l t	1	0	0
model_mean	h ɑː p	h ɑː p t	h ɑː p t	h ɔ l	h ɔ l d	h ɑː p d	1	0	0
model_mean	p ɔ ɪ z ə n	p ɔ ɪ z ə n d	p ɔ ɪ z ə n d	p ɔ ɪ n t	p ɔ ɪ n t ə d	p ɔ ɪ z ə n ə d	1	0	0
model_mean	ə p l a ɪ	ə p l a ɪ d	ə p l a ɪ d	ə p s ɛ t	ə p s ɛ t	ə p l a ɪ	1	0	0
model_mean	h ɛ d	h ɛ d ə d	h ɛ d ə d	h ɛ d͡ʒ	h ɛ d͡ʒ d	h ɛ d d	1	0	0
model_mean	ɡ r æ v ə t e ɪ t	ɡ r æ v ə t e ɪ t ə d	ɡ r æ v ə t e ɪ t ə d	ɡ r æ d͡ʒ ə w e ɪ t	ɡ r æ d͡ʒ ə w e ɪ t ə d	ɡ r æ v ə t e ɪ t ə d	1	1	1
model_mean	f a ɪ l	f a ɪ l d	f a ɪ l d	f a ɪ n	f a ɪ n d	f a ɪ l d	1	1	1
model_mean	d ɪ p	d ɪ p t	d ɪ p t	d ɪ ɡ	d ʌ ɡ	NA	1	0	0
model_mean	b l e ɪ m	b l e ɪ m d	b l e ɪ m d	b l a ɪ n d	b l a ɪ n d ə d	b l e ɪ m ə d	1	0	0
model_mean	w ɑː b ə l	w ɑː b ə l d	w ɑː b ə l d	ɡ ɑː b ə l	ɡ ɑː b ə l d	w ɑː b ə l d	1	1	1
model_mean	o ʊ v ɹ̩ h æ ŋ	o ʊ v ɹ̩ h ʌ ŋ	o ʊ v ɹ̩ h ɹ̩ d͡ʒ d	o ʊ v ɹ̩ k ə m	o ʊ v ɹ̩ k e ɪ m	NA	0	0	0
model_mean	k w ɪ t	k w ɪ t	k w ɪ t ə d	k w ɪ l t	k w ɪ l t ə d	k w ɪ t ə d	0	1	0
model_mean	ə p o ʊ z	ə p o ʊ z d	ə p o ʊ z d	ə p iː r	ə p iː r d	ə p o ʊ z d	1	1	1
model_mean	s ə l uː t	s ə l uː t ə d	s ə l uː t ə d	s ə p ɔ r t	s ə p ɔ r t ə d	s ə l uː t ə d	1	1	1
model_mean	ɛ m p t iː	ɛ m p t iː d	ɛ m p t iː d	ɛ n d	ɛ n d ə d	ɛ m p t iː ə d	1	0	0
model_mean	t ʌ k	t ʌ k t	t ʌ k t	t ʌ t͡ʃ	t ʌ t͡ʃ t	t ʌ k t	1	1	1
model_mean	f ɪ ŋ ɡ ɹ̩	f ɪ ŋ ɡ ɹ̩ d	f ɪ ŋ ɡ ɹ̩ d	f ɪ ɡ j ɹ̩	f ɪ ɡ j ɹ̩ d	f ɪ ŋ ɡ ɹ̩ d	1	1	1
model_mean	p iː t ɹ̩	p iː t ɹ̩ d	p iː t ɹ̩ d	p iː r	p iː r d	p iː t ɹ̩ d	1	1	1
model_mean	b æ k	b æ k t	b æ k t	b æ ʃ	b æ ʃ t	b æ k t	1	1	1
model_mean	s t æ m p	s t æ m p t	s t æ m p t	s t ɑː m p	s t ɑː m p t	s t æ m p t	1	1	1
model_mean	a ɪ s	a ɪ s t	a ɪ s t	a ɪ	a ɪ d	a ɪ s d	1	0	0
model_mean	r ɪ p ɛ l	r ɪ p ɛ l d	r ɪ p ɛ l d	r ɪ p ɛ r	r ɪ p ɛ r d	r ɪ p ɛ l d	1	1	1
model_mean	b ʌ t ɹ̩	b ʌ t ɹ̩ d	b ʌ t ɹ̩ d	b ʌ s t	b ʌ s t ə d	b ʌ t ɹ̩ ə d	1	0	0
model_mean	r ɑː t	r ɑː t ə d	r ɑː t ə d	r ɑː k	r ɑː k t	r ɑː t t	1	0	0
model_mean	p a ʊ d ɹ̩	p a ʊ d ɹ̩ d	p a ʊ d ɹ̩ d	p a ʊ t	p a ʊ t ə d	p a ʊ d ɹ̩ ə d	1	0	0
model_mean	b o ʊ t	b o ʊ t ə d	b o ʊ t ə d	b o ʊ l	b o ʊ l d	b o ʊ t d	1	0	0
model_mean	r e ɪ k	r e ɪ k t	r e ɪ k t	r e ɪ n	r e ɪ n d	r e ɪ k d	1	0	0
model_mean	s n æ k	s n æ k t	s n æ k t	s n æ p	s n æ p t	s n æ k t	1	1	1
model_mean	s l o ʊ	s l o ʊ d	s l o ʊ d	s l iː p	s l ɛ p t	NA	1	0	0
model_mean	ə t æ t͡ʃ	ə t æ t͡ʃ t	ə t æ t͡ʃ t	ə t æ k	ə t æ k t	ə t æ t͡ʃ t	1	1	1
model_mean	t ɑː p	t ɑː p t	t ɑː p t	t æ p	t æ p t	t ɑː p t	1	1	1
model_mean	p l e ɪ t	p l e ɪ t ə d	p l e ɪ t ə d	p l e ɪ n	p l e ɪ n d	p l e ɪ t d	1	0	0
model_mean	v æ k j uː m	v æ k j uː m d	v æ k j uː m d	v æ n ɪ ʃ	v æ n ɪ ʃ t	v æ k j uː m t	1	0	0
model_mean	s m æ k	s m æ k t	s m æ k t	s m æ ʃ	s m æ ʃ t	s m æ k t	1	1	1
model_mean	s t e ɪ p ə l	s t e ɪ p ə l d	s t e ɪ p ə l d	s t r e ɪ n	s t r e ɪ n d	s t e ɪ p ə l d	1	1	1
model_mean	k ə m p l e ɪ n	k ə m p l e ɪ n d	k ə m p l e ɪ n d	k ə m b a ɪ n	k ə m b a ɪ n d	k ə m p l e ɪ n d	1	1	1
model_mean	ɡ æ s p	ɡ æ s p t	ɡ æ s p t	ɡ æ s	ɡ æ s t	ɡ æ s p t	1	1	1
model_mean	ɪ k s p ɛ k t	ɪ k s p ɛ k t ə d	ɪ k s p ɛ k t ə d	ɪ k s t ɛ n d	ɪ k s t ɛ n d ə d	ɪ k s p ɛ k t ə d	1	1	1
model_mean	f l æ ɡ	f l æ ɡ d	f l æ ɡ d	f l æ ʃ	f l æ ʃ t	f l æ ɡ t	1	0	0
model_mean	j ɔ n	j ɔ n d	j ɔ n d	j uː z	j uː z d	j ɔ n d	1	1	1
model_mean	f o ʊ n	f o ʊ n d	f o ʊ n d	f o ʊ l d	f o ʊ l d ə d	f o ʊ n ə d	1	0	0
model_mean	p l æ n t	p l æ n t ə d	p l æ n t ə d	p l æ s t ɹ̩	p l æ s t ɹ̩ d	p l æ n t d	1	0	0
model_mean	s p uː k	s p uː k t	s p uː k t	s p iː k	s p o ʊ k	NA	1	0	0
model_mean	b iː m	b iː m d	b iː m d	b iː t	b iː t	b iː m	1	0	0
model_mean	z ɪ p ɹ̩	z ɪ p ɹ̩ d	z ɪ p ɹ̩ d	z ɪ p	z ɪ p t	z ɪ p ɹ̩ t	1	0	0
model_mean	f l ʌ ʃ	f l ʌ ʃ t	f l ʌ ʃ t	f l æ ʃ	f l æ ʃ t	f l ʌ ʃ t	1	1	1
model_mean	ə b d͡ʒ ɛ k t	ə b d͡ʒ ɛ k t ə d	ə b d͡ʒ ɛ k t ə d	ə b z ɔ r b	ə b z ɔ r b d	ə b d͡ʒ ɛ k t d	1	0	0
model_mean	l ɛ n d	l ɛ n t	l ɛ n d ə d	l ɛ t	l ɛ t	l ɛ n d	0	0	0
model_mean	w ɪ ŋ	w ɪ ŋ d	w ɪ ŋ d	w æ ɡ	w æ ɡ d	w ɪ ŋ d	1	1	1
model_mean	b a ɪ k	b a ɪ k t	b ɪ k	b a ɪ t	b ɪ t	NA	1	0	0
model_mean	ə n b ʌ t ə n	ə n b ʌ t ə n d	ə n b ʌ t ə n d	ə n z ɪ p	ə n z ɪ p t	ə n b ʌ t ə n t	1	0	0
model_mean	k r a ʊ d	k r a ʊ d ə d	k r a ʊ d ə d	k r a ɪ	k r a ɪ d	k r a ʊ d d	1	0	0
model_mean	d r ɪ b ə l	d r ɪ b ə l d	d r ɪ b ə l d	d r ɪ f t	d r ɪ f t ə d	d r ɪ b ə l ə d	1	0	0
model_mean	b r ɛ d	b r ɛ d ə d	b r ɛ d ə d	b r iː d	b r ɛ d	NA	1	0	0
model_mean	h æ t͡ʃ	h æ t͡ʃ t	h æ t͡ʃ t	h æ v	h æ d	NA	1	0	0
model_mean	b l iː t͡ʃ	b l iː t͡ʃ t	b l iː t͡ʃ t	b l ʌ ʃ	b l ʌ ʃ t	b l iː t͡ʃ t	1	1	1
model_mean	ə v ɔ ɪ d	ə v ɔ ɪ d ə d	ə v ɔ ɪ d ə d	ə d ɔ r	ə d ɔ r d	ə v ɔ ɪ d d	1	0	0
model_mean	b ɑː t ə m	b ɑː t ə m d	b ɑː t ə m d	b ɑː r k	b ɑː r k t	b ɑː t ə m t	1	0	0
model_mean	s t ɑː r	s t ɑː r d	s t ɑː r d	s t ɛ r	s t ɛ r d	s t ɑː r d	1	1	1
model_mean	d ɪ f ɛ n d	d ɪ f ɛ n d ə d	d ɪ f ɛ n d ə d	d ɪ p ɛ n d	d ɪ p ɛ n d ə d	d ɪ f ɛ n d ə d	1	1	1
model_mean	s ɑː k	s ɑː k t	s ɑː k t	s ɑː l v	s ɑː l v d	s ɑː k d	1	0	0
model_mean	ɪ ɡ z æ m ɪ n	ɪ ɡ z æ m ɪ n d	ɪ ɡ z æ m ɪ n d	ɪ ɡ z æ k t	ɪ ɡ z æ k t ə d	ɪ ɡ z æ m ɪ n ə d	1	0	0
model_mean	ɪ l æ b ɹ̩ e ɪ t	ɪ l æ b ɹ̩ e ɪ t ə d	ɪ l æ b ɹ̩ e ɪ t ə d	ɪ l ə s t r e ɪ t	ɪ l ə s t r e ɪ t ə d	ɪ l æ b ɹ̩ e ɪ t ə d	1	1	1
model_mean	b ɑː t ə l	b ɑː t ə l d	b ɑː t ə l d	b ɑː r k	b ɑː r k t	b ɑː t ə l t	1	0	0
model_mean	m a ʊ n t	m a ʊ n t ə d	m a ʊ n t ə d	m a ɪ n d	m a ɪ n d ə d	m a ʊ n t ə d	1	1	1
model_mean	s t ʌ m b ə l	s t ʌ m b ə l d	s t ʌ m b ə l d	s t r ʌ ɡ ə l	s t r ʌ ɡ ə l d	s t ʌ m b ə l d	1	1	1
model_mean	r ɛ s k j uː	r ɛ s k j uː d	r ɛ s k j uː uː	r ɛ s ə l	r ɛ s ə l d	r ɛ s k j uː d	1	0	1
model_mean	p o ʊ t͡ʃ	p o ʊ t͡ʃ t	p o ʊ t͡ʃ t	p o ʊ k	p o ʊ k t	p o ʊ t͡ʃ t	1	1	1
model_mean	r o ʊ m	r o ʊ m d	r o ʊ m d	r o ʊ p	r o ʊ p t	r o ʊ m t	1	0	0
model_mean	k l æ m p	k l æ m p t	k l æ m p t	k l æ p	k l æ p t	k l æ m p t	1	1	1
model_mean	r iː v æ m p	r iː v æ m p t	r iː v æ m p t	r iː ə l a ɪ z	r iː ə l a ɪ z d	r iː v æ m p d	1	0	0
model_mean	s p e ɪ s	s p e ɪ s t	s p e ɪ s t	s p a ɪ s	s p a ɪ s t	s p e ɪ s t	1	1	1
model_mean	k ʌ d ə l	k ʌ d ə l d	k ʌ d ə l d	k ʌ m	k e ɪ m	NA	1	0	0
model_mean	ɑː p ɹ̩ e ɪ t	ɑː p ɹ̩ e ɪ t ə d	ɑː p ɹ̩ e ɪ t ə d	p ɑː k ə t	p ɑː k ə t ə d	ɑː p ɹ̩ e ɪ t ə d	1	1	1
model_mean	b ʌ k ə l	b ʌ k ə l d	b ʌ k ə l d	b ʌ m p	b ʌ m p t	b ʌ k ə l t	1	0	0
model_mean	s t ʌ d iː	s t ʌ d iː d	s t ʌ d iː d	s t ʌ f	s t ʌ f t	s t ʌ d iː t	1	0	0
model_mean	b æ n ɪ ʃ	b æ n ɪ ʃ t	b æ n ɪ ʃ t	b æ b ə l	b æ b ə l d	b æ n ɪ ʃ d	1	0	0
model_mean	s t r ɪ p	s t r ɪ p t	s t r ɪ p t	s t r a ɪ p	s t r a ɪ p t	s t r ɪ p t	1	1	1
model_mean	d ʌ ŋ k	d ʌ ŋ k t	d ʌ ŋ k	d ʌ b	d ʌ b d	d ʌ ŋ k d	1	0	0
model_mean	h ʌ v ɹ̩	h ʌ v ɹ̩ d	h ʌ v ɹ̩ d	h ʌ ɡ	h ʌ ɡ d	h ʌ v ɹ̩ d	1	1	1
model_mean	b æ ɡ	b æ ɡ d	b æ ɡ d	b æ ʃ	b æ ʃ t	b æ ɡ t	1	0	0
model_mean	p æ m p ɹ̩	p æ m p ɹ̩ d	p æ m p ɹ̩ d	p æ n ɪ k	p æ n ɪ k t	p æ m p ɹ̩ t	1	0	0
model_mean	r iː t r iː v	r iː t r iː v d	r iː t r iː v d	r iː s ɹ̩ t͡ʃ	r iː s ɹ̩ t͡ʃ t	r iː t r iː v t	1	0	0
model_mean	b l æ ŋ k ə t	b l æ ŋ k ə t ə d	b l æ ŋ k ə t ə d	b l a ɪ n d	b l a ɪ n d ə d	b l æ ŋ k ə t ə d	1	1	1
model_mean	s a ɪ z	s a ɪ z d	s a ɪ z d	s a ɪ n	s a ɪ n d	s a ɪ z d	1	1	1
model_mean	t æ k ə l	t æ k ə l d	t æ k ə l d	t æ ŋ ɡ ə l	t æ ŋ ɡ ə l d	t æ k ə l d	1	1	1
model_mean	w ɑː f ə l	w ɑː f ə l d	w ɑː f ə l d	w ɑː ʃ	w ɑː ʃ t	w ɑː f ə l t	1	0	0
model_mean	s k æ t ɹ̩	s k æ t ɹ̩ d	s k æ t ɹ̩ d	s k æ n	s k æ n d	s k æ t ɹ̩ d	1	1	1
model_mean	t ʌ m b ə l	t ʌ m b ə l d	t ʌ m b ə l d	f ʌ m b ə l	f ʌ m b ə l d	t ʌ m b ə l d	1	1	1
model_mean	p a ʊ n d	p a ʊ n d ə d	p a ʊ n d ə d	p a ʊ n s	p a ʊ n s t	p a ʊ n d t	1	0	0
model_mean	w ɑː d	w ɑː d ə d	w ɑː d ə d	w ɑː ʃ	w ɑː ʃ t	w ɑː d t	1	0	0
model_mean	d͡ʒ ɑː ɡ	d͡ʒ ɑː ɡ d	d͡ʒ ɑː ɡ d	d͡ʒ æ m	d͡ʒ æ m d	d͡ʒ ɑː ɡ d	1	1	1
model_mean	r iː p l æ n t	r iː p l æ n t ə d	r iː p l æ l t ə d	r iː p l e ɪ s	r iː p l e ɪ s t	r iː p l æ n t t	1	0	0
model_mean	s t e ɪ b ə l a ɪ z	s t e ɪ b ə l a ɪ z d	s t ə l d	t ɪ k ə l	t ɪ k ə l d	s t e ɪ b ə l a ɪ z d	1	0	1
model_mean	ʃ ɛ d	ʃ ɛ d ə d	ʃ ɛ d	ʃ ɛ r	ʃ ɛ r d	ʃ ɛ d d	1	0	0
model_mean	k ə l æ p s	k ə l æ p s t	k ə l æ p s t	k ə l ɛ k t	k ə l ɛ k t ə d	k ə l æ p s ə d	1	0	0
model_mean	f l e ɪ v ɹ̩	f l e ɪ v ɹ̩ d	f l e ɪ v ɹ̩ d	f l a ʊ n d ɹ̩	f l a ʊ n d ɹ̩ d	f l e ɪ v ɹ̩ d	1	1	1
model_mean	d ɪ z ɑː l v	d ɪ z ɑː l v d	d ɪ z ɑː l v d	d ɪ s t ɹ̩ b	d ɪ s t ɹ̩ b d	d ɪ z ɑː l v d	1	1	1
model_mean	r iː k w a ɪ ɹ̩	r iː k w a ɪ ɹ̩ d	r iː k w a ɪ ɹ̩ d	r iː æ k t	r iː æ k t ə d	r iː k w a ɪ ɹ̩ ə d	1	0	0
model_mean	d r a ʊ n	d r a ʊ n d	d r a ʊ n d	d r a ɪ	d r a ɪ d	d r a ʊ n d	1	1	1
model_mean	t r æ n s f ɔ r m	t r æ n s f ɔ r m d	t r æ n f s f r f r æ n t ə d	t r æ m p ə l	t r æ m p ə l d	t r æ n s f ɔ r m d	1	0	1
model_mean	d ɪ z a ɪ n	d ɪ z a ɪ n d	d ɪ z a ɪ n d	d ɪ v a ɪ d	d ɪ v a ɪ d ə d	d ɪ z a ɪ n ə d	1	0	0
model_mean	r ɪ z ɪ s t	r ɪ z ɪ s t ə d	r ɪ z ɪ s t ə d	r ɪ d͡ʒ ɔ ɪ s	r ɪ d͡ʒ ɔ ɪ s t	r ɪ z ɪ s t t	1	0	0
model_mean	ɡ r æ p ə l	ɡ r æ p ə l d	ɡ r æ p ə l d	ɡ r æ s p	ɡ r æ s p t	ɡ r æ p ə l t	1	0	0
model_mean	ə d r ɛ s	ə d r ɛ s t	ə d r ɛ s t	ə d m ɪ t	ə d m ɪ t ə d	ə d r ɛ s ə d	1	0	0
model_mean	k l ɑː k	k l ɑː k t	k l ɑː k t	k l ɑː ɡ	k l ɑː ɡ d	k l ɑː k d	1	0	0
model_mean	r iː f r ɛ ʃ	r iː f r ɛ ʃ t	r iː f r ɛ ʃ t	r iː p ʌ l s	r iː p ʌ l s t	r iː f r ɛ ʃ t	1	1	1
model_mean	ə n l ɑː k	ə n l ɑː k t	ə n l ɑː k t	ə n p æ k	ə n p æ k t	ə n l ɑː k t	1	1	1
model_mean	b ɔ r d	b ɔ r d ə d	b ɔ r d ə d	b ɔ r	b ɔ r d	b ɔ r d d	1	0	0
model_mean	p r ɪ d ɪ k t	p r ɪ d ɪ k t ə d	p r ɪ d	p r ə d uː s	p r ə d uː s t	p r ɪ d ɪ k t t	1	0	0
model_mean	t͡ʃ æ t	t͡ʃ æ t ə d	t͡ʃ æ t ə d	t͡ʃ uː	t͡ʃ uː d	t͡ʃ æ t d	1	0	0
model_mean	ɡ æ l ə p	ɡ æ l ə p t	ɡ æ l ə p t	ɡ æ ð ɹ̩	ɡ æ ð ɹ̩ d	ɡ æ l ə p d	1	0	0
model_mean	r e ɪ d iː e ɪ t	r e ɪ d iː e ɪ t ə d	r e ɪ d iː e ɪ t ə d	r e ɪ d iː o ʊ	r e ɪ d iː o ʊ d	r e ɪ d iː e ɪ t d	1	0	0
model_mean	e ɪ m	e ɪ m d	e ɪ m d	e ɪ d͡ʒ	e ɪ d͡ʒ d	e ɪ m d	1	1	1
model_mean	ɑː r m	ɑː r m d	ɑː r m d	b ɑː r k	b ɑː r k t	ɑː r m t	1	0	0
model_mean	p ɹ̩ k	p ɹ̩ k t	p ɹ̩ k t	p ɹ̩ s	p ɹ̩ s t	p ɹ̩ k t	1	1	1
model_mean	ɛ k s ɹ̩ s a ɪ z	ɛ k s ɹ̩ s a ɪ z d	ɛ k s ɹ̩ s a ɪ z d	ɛ k s t r ə k e ɪ t	ɛ k s t r ə k e ɪ t ə d	ɛ k s ɹ̩ s a ɪ z ə d	1	0	0
model_mean	s t ɪ ŋ k	s t ʌ ŋ k	s t ʌ ŋ k	s t r ɪ ŋ	s t r ʌ ŋ	NA	0	0	0
model_mean	r ə s iː v	r ə s iː v d	r ə s iː v d	r ə s a ɪ t	r ə s a ɪ t ə d	r ə s iː v ə d	1	0	0
model_mean	d a ɪ n	d a ɪ n d	d a ɪ n d	d a ɪ v	d o ʊ v	NA	1	0	0
model_mean	ə d v æ n s	ə d v æ n s t	ə d v æ n s t	ə d m ɪ t	ə d m ɪ t ə d	ə d v æ n s ə d	1	0	0
model_mean	ə p r o ʊ t͡ʃ	ə p r o ʊ t͡ʃ t	ə p r o ʊ t͡ʃ t	ə p s ɛ t	ə p s ɛ t	ə p r o ʊ t͡ʃ	1	0	0
model_mean	s k ʌ f	s k ʌ f t	s k ʌ f t	s k r ʌ b	s k r ʌ b d	s k ʌ f d	1	0	0
model_mean	t æ n	t æ n d	t æ n d	t æ ɡ	t æ ɡ d	t æ n d	1	1	1
model_mean	ə s o ʊ s iː e ɪ t	ə s o ʊ s iː e ɪ t ə d	ə s o ʊ s iː e ɪ t ə d	ə s ɛ m b ə l	ə s ɛ m b ə l d	ə s o ʊ s iː e ɪ t d	1	0	0
model_mean	s p ʌ t ɹ̩	s p ʌ t ɹ̩ d	s p ʌ t ɹ̩ d	s p ɑː t	s p ɑː t ə d	s p ʌ t ɹ̩ ə d	1	0	0
model_mean	t e ɪ b ə l	t e ɪ b ə l d	t e ɪ b ə l d	t e ɪ k	t ʊ k	NA	1	0	0
model_mean	s n æ t͡ʃ	s n æ t͡ʃ t	s n æ t͡ʃ t	s n æ p	s n æ p t	s n æ t͡ʃ t	1	1	1
model_mean	æ n t ɪ s ə p e ɪ t	æ n t ɪ s ə p e ɪ t ə d	æ n t ə s ə p e ɪ t ə d	ɪ n s p ɛ k t	ɪ n s p ɛ k t ə d	æ n t ɪ s ə p e ɪ t ə d	1	0	1
model_mean	h ʌ s ə l	h ʌ s ə l d	h ʌ s ə l d	h ʌ f	h ʌ f t	h ʌ s ə l t	1	0	0
model_mean	k r ʌ n t͡ʃ	k r ʌ n t͡ʃ t	k r ʌ n t͡ʃ t	k r ɑː p	k r ɑː p t	k r ʌ n t͡ʃ t	1	1	1
model_mean	ə n p l ʌ ɡ	ə n p l ʌ ɡ d	ə n p l ʌ ɡ d	ə n p æ k	ə n p æ k t	ə n p l ʌ ɡ t	1	0	0
model_mean	w ɪ s ə l	w ɪ s ə l d	w ɪ s ə l d	w ɪ s p ɹ̩	w ɪ s p ɹ̩ d	w ɪ s ə l d	1	1	1
model_mean	d ɪ l iː t	d ɪ l iː t ə d	d ɪ l iː t ə d	d ɪ f iː t	d ɪ f iː t ə d	d ɪ l iː t ə d	1	1	1
model_mean	k ə l a ɪ d	k ə l a ɪ d ə d	k ə l a ɪ d ə d	k ə l ɛ k t	k ə l ɛ k t ə d	k ə l a ɪ d ə d	1	1	1
model_mean	t ɪ k	t ɪ k t	t ɪ k t	t ɪ p	t ɪ p t	t ɪ k t	1	1	1
model_mean	b l æ s t	b l æ s t ə d	b l æ s t ə d	b l æ k	b l æ k t	b l æ s t t	1	0	0
model_mean	k r ʌ ʃ	k r ʌ ʃ t	k r ʌ ʃ t	k r ɑː p	k r ɑː p t	k r ʌ ʃ t	1	1	1
model_mean	r ʌ f	r ʌ f t	r ʌ f t	r ʌ ʃ	r ʌ ʃ t	r ʌ f t	1	1	1
model_mean	ɪ m p r ɛ s	ɪ m p r ɛ s t	ɪ m p r ɛ s t	ɪ m æ d͡ʒ ə n	ɪ m æ d͡ʒ ə n d	ɪ m p r ɛ s d	1	0	0
model_mean	r iː f ɪ l	r iː f ɪ l d	r iː f ɪ l d	r iː æ k t	r iː æ k t ə d	r iː f ɪ l ə d	1	0	0
model_mean	w ɑː n d ɹ̩	w ɑː n d ɹ̩ d	w ɑː n d ɹ̩ d	w ɑː ʃ	w ɑː ʃ t	w ɑː n d ɹ̩ t	1	0	0
model_mean	s ə s t e ɪ n	s ə s t e ɪ n d	s ə s t e ɪ n d	s ə d͡ʒ ɛ s t	s ə d͡ʒ ɛ s t ə d	s ə s t e ɪ n ə d	1	0	0
model_mean	s t ʌ b	s t ʌ b d	s t ʌ b d	s t ʌ f	s t ʌ f t	s t ʌ b t	1	0	0
model_mean	l ɛ v ə l	l ɛ v ə l d	l ɛ v ə l d	l ɛ t	l ɛ t	l ɛ v ə l	1	0	0
model_mean	s p ɛ s ə f a ɪ	s p ɛ s ə f a ɪ d	s p ɛ s t ə m a ɪ p t	s p ɛ k ə l	s p ɛ k ə l d	s p ɛ s ə f a ɪ d	1	0	1
model_mean	k e ɪ t ɹ̩	k e ɪ t ɹ̩ d	k e ɪ t ɹ̩ d	k e ɪ v	k e ɪ v d	k e ɪ t ɹ̩ d	1	1	1
model_mean	ʃ ɑː k	ʃ ɑː k t	ʃ ɑː k t	ʃ ɑː p	ʃ ɑː p t	ʃ ɑː k t	1	1	1
model_mean	s æ n d w ɪ t͡ʃ	s æ n d w ɪ t͡ʃ t	s æ n d	s æ n ɪ t a ɪ z	s æ n ɪ t a ɪ z d	s æ n d w ɪ t͡ʃ d	1	0	0
model_mean	w ɹ̩ d	w ɹ̩ d ə d	w ɹ̩ d ə d	w ɛ d	w ɛ d	w ɹ̩ d	1	0	0
model_mean	ɔ r iː ɛ n t	ɔ r iː ɛ n t ə d	ɔ r iː n d	r ɔ r	r ɔ r d	ɔ r iː ɛ n t d	1	0	0
model_mean	t æ t ə l	t æ t ə l d	t æ t ə l d	t æ ŋ ɡ ə l	t æ ŋ ɡ ə l d	t æ t ə l d	1	1	1
model_mean	n e ɪ l	n e ɪ l d	n e ɪ l d	n ɪ b ə l	n ɪ b ə l d	n e ɪ l d	1	1	1
model_mean	r iː p ɔ r t	r iː p ɔ r t ə d	r iː p ɔ r t ə d	r iː p ʌ l s	r iː p ʌ l s t	r iː p ɔ r t t	1	0	0
model_mean	s l æ n t	s l æ n t ə d	s l æ n t ə d	s l æ p	s l æ p t	s l æ n t t	1	0	0
model_mean	b æ n d	b æ n d ə d	b æ n d ə d	b æ ʃ	b æ ʃ t	b æ n d t	1	0	0
model_mean	ɡ l ʌ v	ɡ l ʌ v d	ɡ l ʌ v d	ɡ l ɛ r	ɡ l ɛ r d	ɡ l ʌ v d	1	1	1
model_mean	w ɪ ŋ k	w ɪ ŋ k t	w ɪ ŋ k	w ɪ s k	w ɪ s k t	w ɪ ŋ k t	1	0	1
model_mean	ʃ ɪ p	ʃ ɪ p t	ʃ ɪ p t	ʃ ɛ l	ʃ ɛ l d	ʃ ɪ p d	1	0	0
model_mean	ʃ iː r	ʃ iː r d	ʃ iː r d	ʃ iː l d	ʃ iː l d ə d	ʃ iː r ə d	1	0	0
model_mean	k ɔ ɪ l	k ɔ ɪ l d	k ɔ ɪ l d	k ɔ l	k ɔ l d	k ɔ ɪ l d	1	1	1
model_mean	p r ɛ ʃ ɹ̩	p r ɛ ʃ ɹ̩ d	p r ɛ ʃ ɹ̩ d	p r ə f ɹ̩	p r ə f ɹ̩ d	p r ɛ ʃ ɹ̩ d	1	1	1
model_mean	b r a ɪ b	b r a ɪ b d	b r a ɪ b d	b r a ʊ n	b r a ʊ n d	b r a ɪ b d	1	1	1
model_mean	ɡ r o ʊ n	ɡ r o ʊ n d	ɡ r o ʊ n d	ɡ r o ʊ	ɡ r uː	NA	1	0	0
model_mean	z ɪ ɡ z æ ɡ	z ɪ ɡ z æ ɡ d	z ɪ ɡ z æ ɡ d	z ɪ r ɑː k s	z ɪ r ɑː k s t	z ɪ ɡ z æ ɡ t	1	0	0
model_mean	f l iː	f l ɛ d	f l iː d	f uː l	f uː l d	f l iː d	0	1	0
model_mean	f r ʌ s t r e ɪ t	f r ʌ s t r e ɪ t ə d	f r ʌ s t r e ɪ t ə d	f r ʌ n t	f r ʌ n t ə d	f r ʌ s t r e ɪ t ə d	1	1	1
model_mean	j æ ŋ k	j æ ŋ k t	j æ ŋ k	j uː z	j uː z d	j æ ŋ k d	1	0	0
model_mean	m ɪ n t	m ɪ n t ə d	m ɪ n t ə d	m ɪ r ɹ̩	m ɪ r ɹ̩ d	m ɪ n t d	1	0	0
model_mean	b o ʊ l t	b o ʊ l t ə d	b o ʊ l t ə d	b o ʊ l	b o ʊ l d	b o ʊ l t d	1	0	0
model_mean	f iː l d	f iː l d ə d	f iː l d ə d	f iː d	f ɛ d	NA	1	0	0
model_mean	s k w ɛ l t͡ʃ	s k w ɛ l t͡ʃ t	s k w ɛ l t͡ʃ t	s k ɛ d͡ʒ ʊ l	s k ɛ d͡ʒ ʊ l d	s k w ɛ l t͡ʃ d	1	0	0
model_mean	r a ʊ n d	r a ʊ n d ə d	r a ʊ n d ə d	r a ɪ t	r o ʊ t	NA	1	0	0
model_mean	r iː ə d͡ʒ ʌ s t	r iː ə d͡ʒ ʌ s t ə d	r iː ə d͡ʒ ʌ s t ə d	r iː ə l a ɪ z	r iː ə l a ɪ z d	r iː ə d͡ʒ ʌ s t d	1	0	0
model_mean	t w ɪ ŋ k ə l	t w ɪ ŋ k ə l d	t w ɪ ŋ k ə l d	t w ɪ s t	t w ɪ s t ə d	t w ɪ ŋ k ə l ə d	1	0	0
model_stem	n iː d	n iː d ə d	n iː d ə d	b iː d	b iː d ə d	n iː d ə d	1	1	1
model_stem	ɡ ɛ t	ɡ ɑː t	ɡ ɛ t	b ɛ t	b ɛ t	ɡ ɛ t	0	1	0
model_stem	n e ɪ m	n e ɪ m d	n e ɪ m d	t͡ʃ a ɪ m	t͡ʃ a ɪ m d	n e ɪ m d	1	1	1
model_stem	l uː p	l uː p t	l uː p t	p uː p	p uː p t	l uː p t	1	1	1
model_stem	l ɪ s ə n	l ɪ s ə n d	l ɪ s ə n d	f æ s ə n	f æ s ə n d	l ɪ s ə n d	1	1	1
model_stem	t ɔ k	t ɔ k t	t ɔ k t	t͡ʃ ɔ k	t͡ʃ ɔ k t	t ɔ k t	1	1	1
model_stem	s p ɛ l	s p ɛ l d	s p ɛ l d	s m ɛ l	s m ɛ l d	s p ɛ l d	1	1	1
model_stem	r o ʊ l	r o ʊ l d	r o ʊ l d	h o ʊ l	h o ʊ l d	r o ʊ l d	1	1	1
model_stem	d ɪ s k ʌ v ɹ̩	d ɪ s k ʌ v ɹ̩ d	d ɪ s k ʌ v ɹ̩ d	f l a ʊ n d ɹ̩	f l a ʊ n d ɹ̩ d	d ɪ s k ʌ v ɹ̩ d	1	1	1
model_stem	r iː d	r ɛ d	r iː d ə d	b iː d	b iː d ə d	r iː d ə d	0	1	0
model_stem	h iː r	h ɹ̩ d	h iː r d	ɡ iː r	ɡ iː r d	h iː r d	0	1	0
model_stem	θ æ ŋ k	θ æ ŋ k t	θ æ ŋ k t	θ ɪ ŋ k	θ ɔ t	NA	1	0	0
model_stem	b r e ɪ k	b r o ʊ k	b r e ɪ k t	p æ n ɪ k	p æ n ɪ k t	b r e ɪ k t	0	1	0
model_stem	l uː z	l ɔ s t	l uː z d	j uː z	j uː z d	l uː z d	0	1	0
model_stem	s t æ n d	s t ʊ d	s t æ n d ə d	s p ɛ n d	s p ɛ n t	s t æ n t	0	0	0
model_stem	b r ʌ ʃ	b r ʌ ʃ t	b r ʌ ʃ t	b l ʌ ʃ	b l ʌ ʃ t	b r ʌ ʃ t	1	1	1
model_stem	f l a ɪ	f l uː	f l a ɪ d	f r a ɪ	f r a ɪ d	f l a ɪ d	0	1	0
model_stem	l a ɪ v	l a ɪ v d	l a ɪ v d	d a ɪ v	d o ʊ v	l o ʊ v	1	0	0
model_stem	n ɪ t	n ɪ t ə d	n ɪ t	f ɪ t	f ɪ t	n ɪ t	1	1	0
model_stem	t ɛ l	t o ʊ l d	t ɛ l d	j ɛ l	j ɛ l d	t ɛ l d	0	1	0
model_stem	m e ɪ l	m e ɪ l d	m e ɪ l d	f e ɪ l	f e ɪ l d	m e ɪ l d	1	1	1
model_stem	s k a ʊ t	s k a ʊ t ə d	s k a ʊ t ə d	s k e ɪ t	s k e ɪ t ə d	s k a ʊ t ə d	1	1	1
model_stem	s l ɪ p	s l ɪ p t	s l ɪ p t	s k ɪ p	s k ɪ p t	s l ɪ p t	1	1	1
model_stem	m ɪ k s	m ɪ k s t	m ɪ k s t	m æ k s	m æ k s t	m ɪ k s t	1	1	1
model_stem	h o ʊ p	h o ʊ p t	h o ʊ p t	r o ʊ p	r o ʊ p t	h o ʊ p t	1	1	1
model_stem	s ɛ t	s ɛ t	s ɛ t	l ɛ t	l ɛ t	s ɛ t	0	1	1
model_stem	w ɑː t͡ʃ	w ɑː t͡ʃ t	w ɑː t͡ʃ t	p æ t͡ʃ	p æ t͡ʃ t	w ɑː t͡ʃ t	1	1	1
model_stem	r iː t͡ʃ	r iː t͡ʃ t	r iː t͡ʃ t	t iː t͡ʃ	t ɔ t	r ɔ t	1	0	0
model_stem	w ɹ̩ k	w ɹ̩ k t	w ɹ̩ k t	w ɔ k	w ɔ k t	w ɹ̩ k t	1	1	1
model_stem	d͡ʒ ʌ m p	d͡ʒ ʌ m p t	d͡ʒ ʌ m p t	b ʌ m p	b ʌ m p t	d͡ʒ ʌ m p t	1	1	1
model_stem	k r æ ʃ	k r æ ʃ t	k r æ ʃ t	s m æ ʃ	s m æ ʃ t	k r æ ʃ t	1	1	1
model_stem	h ɛ l p	h ɛ l p t	h ɛ l p t	s t ɛ p	s t ɛ p t	h ɛ l p t	1	1	1
model_stem	w e ɪ k	w o ʊ k	w e ɪ k t	m e ɪ k	m e ɪ d	w e ɪ d	0	0	0
model_stem	k o ʊ ɑː p ɹ̩ e ɪ t	k o ʊ ɑː p ɹ̩ e ɪ t ə d	k o ʊ s p ɹ̩ e ɪ t ə d	ɪ ɡ z æ d͡ʒ ɹ̩ e ɪ t	ɪ ɡ z æ d͡ʒ ɹ̩ e ɪ t ə d	k o ʊ ɑː p ɹ̩ e ɪ t ə d	1	0	1
model_stem	k æ r iː	k æ r iː d	k æ r iː d	h ɛ r iː	h ɛ r iː d	k æ r iː d	1	1	1
model_stem	k ɹ̩ ɛ k t	k ɹ̩ ɛ k t ə d	k ɹ̩ ɛ k t ə d	d ɹ̩ ɛ k t	d ɹ̩ ɛ k t ə d	k ɹ̩ ɛ k t ə d	1	1	1
model_stem	m ɪ l k	m ɪ l k t	m ɪ l k t	m ɑː r k	m ɑː r k t	m ɪ l k t	1	1	1
model_stem	m ɛ ʒ ɹ̩	m ɛ ʒ ɹ̩ d	m ɛ ʒ ɹ̩ d	f ɛ ð ɹ̩	f ɛ ð ɹ̩ d	m ɛ ʒ ɹ̩ d	1	1	1
model_stem	m ʌ n t͡ʃ	m ʌ n t͡ʃ t	m ʌ n t͡ʃ t	l ʌ n t͡ʃ	l ʌ n t͡ʃ t	m ʌ n t͡ʃ t	1	1	1
model_stem	l ɹ̩ n	l ɹ̩ n d	l ɹ̩ n d	p ɪ n	p ɪ n d	l ɹ̩ n d	1	1	1
model_stem	w ʌ n d ɹ̩	w ʌ n d ɹ̩ d	w ʌ n d ɹ̩ d	θ ʌ n d ɹ̩	θ ʌ n d ɹ̩ d	w ʌ n d ɹ̩ d	1	1	1
model_stem	k ɪ s	k ɪ s t	k ɪ s t	p ɪ s	p ɪ s t	k ɪ s t	1	1	1
model_stem	h ɹ̩ iː	h ɹ̩ iː d	h ɹ̩ iː d	s k ɹ̩ iː	s k ɹ̩ iː d	h ɹ̩ iː d	1	1	1
model_stem	s k r uː	s k r uː d	s k r uː d	s iː s ɔ	s iː s ɔ d	s k r uː d	1	1	1
model_stem	f l æ p	f l æ p t	f l æ p t	s l æ p	s l æ p t	f l æ p t	1	1	1
model_stem	t͡ʃ o ʊ k	t͡ʃ o ʊ k t	t͡ʃ o ʊ k t	s o ʊ k	s o ʊ k t	t͡ʃ o ʊ k t	1	1	1
model_stem	b ɪ l ɔ ŋ	b ɪ l ɔ ŋ d	b ɪ l ɔ ŋ	b r ɪ ŋ	b r ɔ t	NA	1	0	0
model_stem	p e ɪ n t	p e ɪ n t ə d	p e ɪ n t ə d	p r ɪ n t	p r ɪ n t ə d	p e ɪ n t ə d	1	1	1
model_stem	s t iː l	s t o ʊ l	s t iː l d	s k uː l	s k uː l d	s t iː l d	0	1	0
model_stem	s k ɛ r	s k ɛ r d	s k ɛ r d	s t ɛ r	s t ɛ r d	s k ɛ r d	1	1	1
model_stem	r ɛ k ə ɡ n a ɪ z	r ɛ k ə ɡ n a ɪ z d	r ɛ k ə n ɡ a ɪ z d	ə p ɑː l ə d͡ʒ a ɪ z	ə p ɑː l ə d͡ʒ a ɪ z d	r ɛ k ə ɡ n a ɪ z d	1	0	1
model_stem	h ɑː r p	h ɑː r p t	h ɑː r p t	p l ɑː p	p l ɑː p t	h ɑː r p t	1	1	1
model_stem	s a ʊ n d	s a ʊ n d ə d	s a ʊ n d ə d	s l a ɪ d	s l ɪ d	NA	1	0	0
model_stem	s k w iː z	s k w iː z d	s k w iː z d	r iː j uː z	r iː uː z d	NA	1	0	0
model_stem	f a ɪ n d	f a ʊ n d	f a ɪ n d ə d	f ɹ̩ b ɪ d	f ɹ̩ b e ɪ d	NA	0	0	0
model_stem	s p ɪ l	s p ɪ l d	s p ɪ l d	s t ɪ l	s t ɪ l d	s p ɪ l d	1	1	1
model_stem	s p ɔ ɪ l	s p ɔ ɪ l d	s p ɔ ɪ l d	s ɪ z ə l	s ɪ z ə l d	s p ɔ ɪ l d	1	1	1
model_stem	d ɪ ŋ	d ɪ ŋ d	d ɪ ŋ d	p ɪ ŋ	p ɪ ŋ d	d ɪ ŋ d	1	1	1
model_stem	t e ɪ p	t e ɪ p t	t e ɪ p t	t r ɪ p	t r ɪ p t	t e ɪ p t	1	1	1
model_stem	b ʌ b ə l	b ʌ b ə l d	b ʌ b ə l d	b æ b ə l	b æ b ə l d	b ʌ b ə l d	1	1	1
model_stem	r ə k ɔ r d	r ə k ɔ r d ə d	r ə k ɔ r d ə d	r ə s a ɪ t	r ə s a ɪ t ə d	r ə k ɔ r d ə d	1	1	1
model_stem	d͡ʒ ʌ ɡ ə l	d͡ʒ ʌ ɡ ə l d	d͡ʒ ʌ ɡ ə l d	ɡ ɪ ɡ ə l	ɡ ɪ ɡ ə l d	d͡ʒ ʌ ɡ ə l d	1	1	1
model_stem	p ʌ n t͡ʃ	p ʌ n t͡ʃ t	p ʌ n t͡ʃ t	b ʌ n t͡ʃ	b ʌ n t͡ʃ t	p ʌ n t͡ʃ t	1	1	1
model_stem	k ɪ k	k ɪ k t	k ɪ k t	p ɪ k	p ɪ k t	k ɪ k t	1	1	1
model_stem	b a ʊ n s	b a ʊ n s t	b a ʊ n s t	p a ʊ n s	p a ʊ n s t	b a ʊ n s t	1	1	1
model_stem	p ɑː r t	p ɑː r t ə d	p ɑː r t ə d	d ɑː r t	d ɑː r t ə d	p ɑː r t ə d	1	1	1
model_stem	k æ t ə l ɔ ɡ	k æ t ə l ɔ ɡ d	k æ t ə l ɔ ɡ d	t ʌ ɡ	t ʌ ɡ d	k æ t ə l ɔ ɡ d	1	1	1
model_stem	b a ɪ s ɪ k ə l	b a ɪ s ɪ k ə l d	b a ɪ s t	r iː s a ɪ k ə l	r iː s a ɪ k ə l d	b a ɪ s ɪ k ə l d	1	0	1
model_stem	o ʊ	o ʊ d	o ʊ d	r e ɪ d iː o ʊ	r e ɪ d iː o ʊ d	o ʊ d	1	1	1
model_stem	k r æ k	k r æ k t	k r æ k t	t r æ k	t r æ k t	k r æ k t	1	1	1
model_stem	p ɛ t	p ɛ t ə d	p ɛ t	w ɛ t	w ɛ t	p ɛ t	1	1	0
model_stem	l a ɪ t	l ɪ t	l a ɪ t ə d	r a ɪ t	r o ʊ t	l o ʊ t	0	0	0
model_stem	s k r æ t͡ʃ	s k r æ t͡ʃ t	s k r æ t͡ʃ t	s k r iː t͡ʃ	s k r iː t͡ʃ t	s k r æ t͡ʃ t	1	1	1
model_stem	p ɑː p	p ɑː p t	p ɑː p t	m ɑː p	m ɑː p t	p ɑː p t	1	1	1
model_stem	r ɑː b	r ɑː b d	r ɑː b d	r ʌ b	r ʌ b d	r ɑː b d	1	1	1
model_stem	r ə f j uː z	r ə f j uː z d	r ə f j uː z d	s ə p o ʊ z	s ə p o ʊ z d	r ə f j uː z d	1	1	1
model_stem	b ə l uː n	b ə l uː n d	b ə l uː n d	ə s a ɪ n	ə s a ɪ n d	b ə l uː n d	1	1	1
model_stem	r æ p	r æ p t	r æ p t	r ɪ p	r ɪ p t	r æ p t	1	1	1
model_stem	s l a ɪ s	s l a ɪ s t	s l a ɪ s t	s p a ɪ s	s p a ɪ s t	s l a ɪ s t	1	1	1
model_stem	d ɪ ʃ	d ɪ ʃ t	d ɪ ʃ t	f ɪ ʃ	f ɪ ʃ t	d ɪ ʃ t	1	1	1
model_stem	r ɪ s p ɛ k t	r ɪ s p ɛ k t ə d	r ɪ s p ɛ k t ə d	s ə s p ɛ k t	s ə s p ɛ k t ə d	r ɪ s p ɛ k t ə d	1	1	1
model_stem	t r ɪ m	t r ɪ m d	t r ɪ m d	r a ɪ m	r a ɪ m d	t r ɪ m d	1	1	1
model_stem	d æ ʃ	d æ ʃ t	d æ ʃ t	b æ ʃ	b æ ʃ t	d æ ʃ t	1	1	1
model_stem	k ɪ d	k ɪ d ə d	k ɪ d ə d	r ɪ d	r ɪ d	k ɪ d	1	0	0
model_stem	ɪ n k l uː d	ɪ n k l uː d ə d	ɪ n k l uː d uː d	s k o ʊ l d	s k o ʊ l d ə d	ɪ n k l uː d ə d	1	0	1
model_stem	r ɪ ŋ k ə l	r ɪ ŋ k ə l d	r ɪ ŋ k ə l d	s ɪ ɡ n ə l	s ɪ ɡ n ə l d	r ɪ ŋ k ə l d	1	1	1
model_stem	h ɑː p	h ɑː p t	h ɑː p t	t͡ʃ ɑː p	t͡ʃ ɑː p t	h ɑː p t	1	1	1
model_stem	p ɔ ɪ z ə n	p ɔ ɪ z ə n d	p ɔ ɪ z ə n d	ɪ m æ d͡ʒ ə n	ɪ m æ d͡ʒ ə n d	p ɔ ɪ z ə n d	1	1	1
model_stem	ə p l a ɪ	ə p l a ɪ d	ə p l a ɪ d	d ɪ l e ɪ	d ɪ l e ɪ d	ə p l a ɪ d	1	1	1
model_stem	h ɛ d	h ɛ d ə d	h ɛ d ə d	b ɛ d	b ɛ d ə d	h ɛ d ə d	1	1	1
model_stem	ɡ r æ v ə t e ɪ t	ɡ r æ v ə t e ɪ t ə d	ɡ r æ v ə t e ɪ t ə d	f æ b r ə k e ɪ t	f æ b r ə k e ɪ t ə d	ɡ r æ v ə t e ɪ t ə d	1	1	1
model_stem	f a ɪ l	f a ɪ l d	f a ɪ l d	t a ɪ l	t a ɪ l d	f a ɪ l d	1	1	1
model_stem	d ɪ p	d ɪ p t	d ɪ p t	s ɪ p	s ɪ p t	d ɪ p t	1	1	1
model_stem	b l e ɪ m	b l e ɪ m d	b l e ɪ m d	k l a ɪ m	k l a ɪ m d	b l e ɪ m d	1	1	1
model_stem	w ɑː b ə l	w ɑː b ə l d	w ɑː b ə l d	ɡ ɑː b ə l	ɡ ɑː b ə l d	w ɑː b ə l d	1	1	1
model_stem	o ʊ v ɹ̩ h æ ŋ	o ʊ v ɹ̩ h ʌ ŋ	o ʊ v ɹ̩ h ɹ̩ d͡ʒ d	æ k n ɑː l ɪ d͡ʒ	æ k n ɑː l ɪ d͡ʒ d	o ʊ v ɹ̩ h æ ŋ d	0	0	0
model_stem	k w ɪ t	k w ɪ t	k w ɪ t ə d	h e ɪ t	h e ɪ t ə d	k w ɪ t ə d	0	1	0
model_stem	ə p o ʊ z	ə p o ʊ z d	ə p o ʊ z d	k l o ʊ z	k l o ʊ z d	ə p o ʊ z d	1	1	1
model_stem	s ə l uː t	s ə l uː t ə d	s ə l uː t ə d	s t e ɪ t	s t e ɪ t ə d	s ə l uː t ə d	1	1	1
model_stem	ɛ m p t iː	ɛ m p t iː d	ɛ m p t iː d	p ɑː r t iː	p ɑː r t iː d	ɛ m p t iː d	1	1	1
model_stem	t ʌ k	t ʌ k t	t ʌ k t	t͡ʃ ʌ k	t͡ʃ ʌ k t	t ʌ k t	1	1	1
model_stem	f ɪ ŋ ɡ ɹ̩	f ɪ ŋ ɡ ɹ̩ d	f ɪ ŋ ɡ ɹ̩ d	f ɪ ɡ j ɹ̩	f ɪ ɡ j ɹ̩ d	f ɪ ŋ ɡ ɹ̩ d	1	1	1
model_stem	p iː t ɹ̩	p iː t ɹ̩ d	p iː t ɹ̩ d	t iː t ɹ̩	t iː t ɹ̩ d	p iː t ɹ̩ d	1	1	1
model_stem	b æ k	b æ k t	b æ k t	p æ k	p æ k t	b æ k t	1	1	1
model_stem	s t æ m p	s t æ m p t	s t æ m p t	s t ɑː m p	s t ɑː m p t	s t æ m p t	1	1	1
model_stem	a ɪ s	a ɪ s t	a ɪ s t	m ɪ s	m ɪ s t	a ɪ s t	1	1	1
model_stem	r ɪ p ɛ l	r ɪ p ɛ l d	r ɪ p ɛ l d	k ʌ p ə l	k ʌ p ə l d	r ɪ p ɛ l d	1	1	1
model_stem	b ʌ t ɹ̩	b ʌ t ɹ̩ d	b ʌ t ɹ̩ d	t iː t ɹ̩	t iː t ɹ̩ d	b ʌ t ɹ̩ d	1	1	1
model_stem	r ɑː t	r ɑː t ə d	r ɑː t ə d	p ɑː t	p ɑː t ə d	r ɑː t ə d	1	1	1
model_stem	p a ʊ d ɹ̩	p a ʊ d ɹ̩ d	p a ʊ d ɹ̩ d	θ ʌ n d ɹ̩	θ ʌ n d ɹ̩ d	p a ʊ d ɹ̩ d	1	1	1
model_stem	b o ʊ t	b o ʊ t ə d	b o ʊ t ə d	n o ʊ t	n o ʊ t ə d	b o ʊ t ə d	1	1	1
model_stem	r e ɪ k	r e ɪ k t	r e ɪ k t	ʃ e ɪ k	ʃ ʊ k	r ʊ k	1	0	0
model_stem	s n æ k	s n æ k t	s n æ k t	s t æ k	s t æ k t	s n æ k t	1	1	1
model_stem	s l o ʊ	s l o ʊ d	s l o ʊ d	b l o ʊ	b l uː	s l uː	1	0	0
model_stem	ə t æ t͡ʃ	ə t æ t͡ʃ t	ə t æ t͡ʃ t	b ʌ n t͡ʃ	b ʌ n t͡ʃ t	ə t æ t͡ʃ t	1	1	1
model_stem	t ɑː p	t ɑː p t	t ɑː p t	m ɑː p	m ɑː p t	t ɑː p t	1	1	1
model_stem	p l e ɪ t	p l e ɪ t ə d	p l e ɪ t ə d	p r ɪ n t	p r ɪ n t ə d	p l e ɪ t ə d	1	1	1
model_stem	v æ k j uː m	v æ k j uː m d	v æ k j uː m d	k ɑː s t uː m	k ɑː s t uː m d	v æ k j uː m d	1	1	1
model_stem	s m æ k	s m æ k t	s m æ k t	s t æ k	s t æ k t	s m æ k t	1	1	1
model_stem	s t e ɪ p ə l	s t e ɪ p ə l d	s t e ɪ p ə l d	s k r ɪ b ə l	s k r ɪ b ə l d	s t e ɪ p ə l d	1	1	1
model_stem	k ə m p l e ɪ n	k ə m p l e ɪ n d	k ə m p l e ɪ n d	ɪ k s p l e ɪ n	ɪ k s p l e ɪ n d	k ə m p l e ɪ n d	1	1	1
model_stem	ɡ æ s p	ɡ æ s p t	ɡ æ s p t	ɡ ʌ l p	ɡ ʌ l p t	ɡ æ s p t	1	1	1
model_stem	ɪ k s p ɛ k t	ɪ k s p ɛ k t ə d	ɪ k s p ɛ k t ə d	ɪ n s p ɛ k t	ɪ n s p ɛ k t ə d	ɪ k s p ɛ k t ə d	1	1	1
model_stem	f l æ ɡ	f l æ ɡ d	f l æ ɡ d	k l ɑː ɡ	k l ɑː ɡ d	f l æ ɡ d	1	1	1
model_stem	j ɔ n	j ɔ n d	j ɔ n d	p ɪ n	p ɪ n d	j ɔ n d	1	1	1
model_stem	f o ʊ n	f o ʊ n d	f o ʊ n d	m o ʊ n	m o ʊ n d	f o ʊ n d	1	1	1
model_stem	p l æ n t	p l æ n t ə d	p l æ n t ə d	p r ɪ n t	p r ɪ n t ə d	p l æ n t ə d	1	1	1
model_stem	s p uː k	s p uː k t	s p uː k t	s p iː k	s p o ʊ k	NA	1	0	0
model_stem	b iː m	b iː m d	b iː m d	t iː m	t iː m d	b iː m d	1	1	1
model_stem	z ɪ p ɹ̩	z ɪ p ɹ̩ d	z ɪ p ɹ̩ d	p ɛ p ɹ̩	p ɛ p ɹ̩ d	z ɪ p ɹ̩ d	1	1	1
model_stem	f l ʌ ʃ	f l ʌ ʃ t	f l ʌ ʃ t	b l ʌ ʃ	b l ʌ ʃ t	f l ʌ ʃ t	1	1	1
model_stem	ə b d͡ʒ ɛ k t	ə b d͡ʒ ɛ k t ə d	ə b d͡ʒ ɛ k t ə d	k ə l ɛ k t	k ə l ɛ k t ə d	ə b d͡ʒ ɛ k t ə d	1	1	1
model_stem	l ɛ n d	l ɛ n t	l ɛ n d ə d	s ɛ n d	s ɛ n t	l ɛ n t	0	0	1
model_stem	w ɪ ŋ	w ɪ ŋ d	w ɪ ŋ d	h æ ŋ	h ʌ ŋ	NA	1	0	0
model_stem	b a ɪ k	b a ɪ k t	b ɪ k	h a ɪ k	h a ɪ k t	b a ɪ k t	1	0	1
model_stem	ə n b ʌ t ə n	ə n b ʌ t ə n d	ə n b ʌ t ə n d	p ə z ɪ ʃ ə n	p ə z ɪ ʃ ə n d	ə n b ʌ t ə n d	1	1	1
model_stem	k r a ʊ d	k r a ʊ d ə d	k r a ʊ d ə d	k l a ʊ d	k l a ʊ d ə d	k r a ʊ d ə d	1	1	1
model_stem	d r ɪ b ə l	d r ɪ b ə l d	d r ɪ b ə l d	k r ɪ p ə l	k r ɪ p ə l d	d r ɪ b ə l d	1	1	1
model_stem	b r ɛ d	b r ɛ d ə d	b r ɛ d ə d	θ r ɛ d	θ r ɛ d ə d	b r ɛ d ə d	1	1	1
model_stem	h æ t͡ʃ	h æ t͡ʃ t	h æ t͡ʃ t	p æ t͡ʃ	p æ t͡ʃ t	h æ t͡ʃ t	1	1	1
model_stem	b l iː t͡ʃ	b l iː t͡ʃ t	b l iː t͡ʃ t	b ɛ l t͡ʃ	b ɛ l t͡ʃ t	b l iː t͡ʃ t	1	1	1
model_stem	ə v ɔ ɪ d	ə v ɔ ɪ d ə d	ə v ɔ ɪ d ə d	b r e ɪ d	b r e ɪ d ə d	ə v ɔ ɪ d ə d	1	1	1
model_stem	b ɑː t ə m	b ɑː t ə m d	b ɑː t ə m d	k l a ɪ m	k l a ɪ m d	b ɑː t ə m d	1	1	1
model_stem	s t ɑː r	s t ɑː r d	s t ɑː r d	s t ɔ r	s t ɔ r d	s t ɑː r d	1	1	1
model_stem	d ɪ f ɛ n d	d ɪ f ɛ n d ə d	d ɪ f ɛ n d ə d	d ɪ p ɛ n d	d ɪ p ɛ n d ə d	d ɪ f ɛ n d ə d	1	1	1
model_stem	s ɑː k	s ɑː k t	s ɑː k t	l ɑː k	l ɑː k t	s ɑː k t	1	1	1
model_stem	ɪ ɡ z æ m ɪ n	ɪ ɡ z æ m ɪ n d	ɪ ɡ z æ m ɪ n d	k ə m b a ɪ n	k ə m b a ɪ n d	ɪ ɡ z æ m ɪ n d	1	1	1
model_stem	ɪ l æ b ɹ̩ e ɪ t	ɪ l æ b ɹ̩ e ɪ t ə d	ɪ l æ b ɹ̩ e ɪ t ə d	ɪ v æ p ɹ̩ e ɪ t	ɪ v æ p ɹ̩ e ɪ t ə d	ɪ l æ b ɹ̩ e ɪ t ə d	1	1	1
model_stem	b ɑː t ə l	b ɑː t ə l d	b ɑː t ə l d	d ʌ b ə l	d ʌ b ə l d	b ɑː t ə l d	1	1	1
model_stem	m a ʊ n t	m a ʊ n t ə d	m a ʊ n t ə d	k a ʊ n t	k a ʊ n t ə d	m a ʊ n t ə d	1	1	1
model_stem	s t ʌ m b ə l	s t ʌ m b ə l d	s t ʌ m b ə l d	k r ʌ m b ə l	k r ʌ m b ə l d	s t ʌ m b ə l d	1	1	1
model_stem	r ɛ s k j uː	r ɛ s k j uː d	r ɛ s k j uː uː	r iː f j uː ə l	r iː f j uː ə l d	r ɛ s k j uː d	1	0	1
model_stem	p o ʊ t͡ʃ	p o ʊ t͡ʃ t	p o ʊ t͡ʃ t	s w ɪ t͡ʃ	s w ɪ t͡ʃ t	p o ʊ t͡ʃ t	1	1	1
model_stem	r o ʊ m	r o ʊ m d	r o ʊ m d	k o ʊ m	k o ʊ m d	r o ʊ m d	1	1	1
model_stem	k l æ m p	k l æ m p t	k l æ m p t	t r ʌ m p	t r ʌ m p t	k l æ m p t	1	1	1
model_stem	r iː v æ m p	r iː v æ m p t	r iː v æ m p t	s k æ l ə p	s k æ l ə p t	r iː v æ m p t	1	1	1
model_stem	s p e ɪ s	s p e ɪ s t	s p e ɪ s t	p l e ɪ s	p l e ɪ s t	s p e ɪ s t	1	1	1
model_stem	k ʌ d ə l	k ʌ d ə l d	k ʌ d ə l d	k ʌ p ə l	k ʌ p ə l d	k ʌ d ə l d	1	1	1
model_stem	ɑː p ɹ̩ e ɪ t	ɑː p ɹ̩ e ɪ t ə d	ɑː p ɹ̩ e ɪ t ə d	d ɪ l a ɪ t	d ɪ l a ɪ t ə d	ɑː p ɹ̩ e ɪ t ə d	1	1	1
model_stem	b ʌ k ə l	b ʌ k ə l d	b ʌ k ə l d	n ʌ k ə l	n ʌ k ə l d	b ʌ k ə l d	1	1	1
model_stem	s t ʌ d iː	s t ʌ d iː d	s t ʌ d iː d	p ɑː r t iː	p ɑː r t iː d	s t ʌ d iː d	1	1	1
model_stem	b æ n ɪ ʃ	b æ n ɪ ʃ t	b æ n ɪ ʃ t	v æ n ɪ ʃ	v æ n ɪ ʃ t	b æ n ɪ ʃ t	1	1	1
model_stem	s t r ɪ p	s t r ɪ p t	s t r ɪ p t	s t ɑː m p	s t ɑː m p t	s t r ɪ p t	1	1	1
model_stem	d ʌ ŋ k	d ʌ ŋ k t	d ʌ ŋ k	θ ɪ ŋ k	θ ɔ t	NA	1	0	0
model_stem	h ʌ v ɹ̩	h ʌ v ɹ̩ d	h ʌ v ɹ̩ d	k ʌ v ɹ̩	k ʌ v ɹ̩ d	h ʌ v ɹ̩ d	1	1	1
model_stem	b æ ɡ	b æ ɡ d	b æ ɡ d	w æ ɡ	w æ ɡ d	b æ ɡ d	1	1	1
model_stem	p æ m p ɹ̩	p æ m p ɹ̩ d	p æ m p ɹ̩ d	f ɪ ɡ j ɹ̩	f ɪ ɡ j ɹ̩ d	p æ m p ɹ̩ d	1	1	1
model_stem	r iː t r iː v	r iː t r iː v d	r iː t r iː v d	ɪ n t r iː ɡ	ɪ n t r iː ɡ d	r iː t r iː v d	1	1	1
model_stem	b l æ ŋ k ə t	b l æ ŋ k ə t ə d	b l æ ŋ k ə t ə d	k ə n s ʌ l t	k ə n s ʌ l t ə d	b l æ ŋ k ə t ə d	1	1	1
model_stem	s a ɪ z	s a ɪ z d	s a ɪ z d	r a ɪ z	r o ʊ z	s o ʊ z	1	0	0
model_stem	t æ k ə l	t æ k ə l d	t æ k ə l d	t ɪ k ə l	t ɪ k ə l d	t æ k ə l d	1	1	1
model_stem	w ɑː f ə l	w ɑː f ə l d	w ɑː f ə l d	r ɛ s ə l	r ɛ s ə l d	w ɑː f ə l d	1	1	1
model_stem	s k æ t ɹ̩	s k æ t ɹ̩ d	s k æ t ɹ̩ d	s n ɪ k ɹ̩	s n ɪ k ɹ̩ d	s k æ t ɹ̩ d	1	1	1
model_stem	t ʌ m b ə l	t ʌ m b ə l d	t ʌ m b ə l d	f ʌ m b ə l	f ʌ m b ə l d	t ʌ m b ə l d	1	1	1
model_stem	p a ʊ n d	p a ʊ n d ə d	p a ʊ n d ə d	w a ɪ n d	w a ɪ n d ə d	p a ʊ n d ə d	1	1	1
model_stem	w ɑː d	w ɑː d ə d	w ɑː d ə d	e ɪ d	e ɪ d ə d	w ɑː d ə d	1	1	1
model_stem	d͡ʒ ɑː ɡ	d͡ʒ ɑː ɡ d	d͡ʒ ɑː ɡ d	h ʌ ɡ	h ʌ ɡ d	d͡ʒ ɑː ɡ d	1	1	1
model_stem	r iː p l æ n t	r iː p l æ n t ə d	r iː p l æ l t ə d	p r iː z ɛ n t	p r iː z ɛ n t ə d	r iː p l æ n t ə d	1	0	1
model_stem	s t e ɪ b ə l a ɪ z	s t e ɪ b ə l a ɪ z d	s t ə l d	k ɑː m p r ə m a ɪ z	k ɑː m p r ə m a ɪ z d	s t e ɪ b ə l a ɪ z d	1	0	1
model_stem	ʃ ɛ d	ʃ ɛ d ə d	ʃ ɛ d	w ɛ d	w ɛ d	ʃ ɛ d	1	1	0
model_stem	k ə l æ p s	k ə l æ p s t	k ə l æ p s t	f o ʊ k ə s	f o ʊ k ə s t	k ə l æ p s t	1	1	1
model_stem	f l e ɪ v ɹ̩	f l e ɪ v ɹ̩ d	f l e ɪ v ɹ̩ d	r ɪ k ʌ v ɹ̩	r ɪ k ʌ v ɹ̩ d	f l e ɪ v ɹ̩ d	1	1	1
model_stem	d ɪ z ɑː l v	d ɪ z ɑː l v d	d ɪ z ɑː l v d	ɪ n v ɑː l v	ɪ n v ɑː l v d	d ɪ z ɑː l v d	1	1	1
model_stem	r iː k w a ɪ ɹ̩	r iː k w a ɪ ɹ̩ d	r iː k w a ɪ ɹ̩ d	ɪ k s p a ɪ ɹ̩	ɪ k s p a ɪ ɹ̩ d	r iː k w a ɪ ɹ̩ d	1	1	1
model_stem	d r a ʊ n	d r a ʊ n d	d r a ʊ n d	b r a ʊ n	b r a ʊ n d	d r a ʊ n d	1	1	1
model_stem	t r æ n s f ɔ r m	t r æ n s f ɔ r m d	t r æ n f s f r f r æ n t ə d	t r æ n s k r a ɪ b	t r æ n s k r a ɪ b d	t r æ n s f ɔ r m d	1	0	1
model_stem	d ɪ z a ɪ n	d ɪ z a ɪ n d	d ɪ z a ɪ n d	p ɑː r d ə n	p ɑː r d ə n d	d ɪ z a ɪ n d	1	1	1
model_stem	r ɪ z ɪ s t	r ɪ z ɪ s t ə d	r ɪ z ɪ s t ə d	r ə s a ɪ t	r ə s a ɪ t ə d	r ɪ z ɪ s t ə d	1	1	1
model_stem	ɡ r æ p ə l	ɡ r æ p ə l d	ɡ r æ p ə l d	t r æ v ə l	t r æ v ə l d	ɡ r æ p ə l d	1	1	1
model_stem	ə d r ɛ s	ə d r ɛ s t	ə d r ɛ s t	ə b s ɛ s	ə b s ɛ s t	ə d r ɛ s t	1	1	1
model_stem	k l ɑː k	k l ɑː k t	k l ɑː k t	b l ɑː k	b l ɑː k t	k l ɑː k t	1	1	1
model_stem	r iː f r ɛ ʃ	r iː f r ɛ ʃ t	r iː f r ɛ ʃ t	r iː p ʌ l s	r iː p ʌ l s t	r iː f r ɛ ʃ t	1	1	1
model_stem	ə n l ɑː k	ə n l ɑː k t	ə n l ɑː k t	ə n p æ k	ə n p æ k t	ə n l ɑː k t	1	1	1
model_stem	b ɔ r d	b ɔ r d ə d	b ɔ r d ə d	b iː r d	b iː r d ə d	b ɔ r d ə d	1	1	1
model_stem	p r ɪ d ɪ k t	p r ɪ d ɪ k t ə d	p r ɪ d	p r ɑː d͡ʒ ɛ k t	p r ɑː d͡ʒ ɛ k t ə d	p r ɪ d ɪ k t ə d	1	0	1
model_stem	t͡ʃ æ t	t͡ʃ æ t ə d	t͡ʃ æ t ə d	b æ t	b æ t ə d	t͡ʃ æ t ə d	1	1	1
model_stem	ɡ æ l ə p	ɡ æ l ə p t	ɡ æ l ə p t	d r e ɪ p	d r e ɪ p t	ɡ æ l ə p t	1	1	1
model_stem	r e ɪ d iː e ɪ t	r e ɪ d iː e ɪ t ə d	r e ɪ d iː e ɪ t ə d	ɪ v æ p ɹ̩ e ɪ t	ɪ v æ p ɹ̩ e ɪ t ə d	r e ɪ d iː e ɪ t ə d	1	1	1
model_stem	e ɪ m	e ɪ m d	e ɪ m d	k ʌ m	k e ɪ m	NA	1	0	0
model_stem	ɑː r m	ɑː r m d	ɑː r m d	k ɑː m	k ɑː m d	ɑː r m d	1	1	1
model_stem	p ɹ̩ k	p ɹ̩ k t	p ɹ̩ k t	d͡ʒ ɹ̩ k	d͡ʒ ɹ̩ k t	p ɹ̩ k t	1	1	1
model_stem	ɛ k s ɹ̩ s a ɪ z	ɛ k s ɹ̩ s a ɪ z d	ɛ k s ɹ̩ s a ɪ z d	s uː p ɹ̩ v a ɪ z	s uː p ɹ̩ v a ɪ z d	ɛ k s ɹ̩ s a ɪ z d	1	1	1
model_stem	s t ɪ ŋ k	s t ʌ ŋ k	s t ʌ ŋ k	s p æ ŋ k	s p æ ŋ k t	s t ɪ ŋ k t	0	0	0
model_stem	r ə s iː v	r ə s iː v d	r ə s iː v d	b ɪ l iː v	b ɪ l iː v d	r ə s iː v d	1	1	1
model_stem	d a ɪ n	d a ɪ n d	d a ɪ n d	s a ɪ n	s a ɪ n d	d a ɪ n d	1	1	1
model_stem	ə d v æ n s	ə d v æ n s t	ə d v æ n s t	f o ʊ k ə s	f o ʊ k ə s t	ə d v æ n s t	1	1	1
model_stem	ə p r o ʊ t͡ʃ	ə p r o ʊ t͡ʃ t	ə p r o ʊ t͡ʃ t	l ɔ n t͡ʃ	l ɔ n t͡ʃ t	ə p r o ʊ t͡ʃ t	1	1	1
model_stem	s k ʌ f	s k ʌ f t	s k ʌ f t	s t ʌ f	s t ʌ f t	s k ʌ f t	1	1	1
model_stem	t æ n	t æ n d	t æ n d	m æ n	m æ n d	t æ n d	1	1	1
model_stem	ə s o ʊ s iː e ɪ t	ə s o ʊ s iː e ɪ t ə d	ə s o ʊ s iː e ɪ t ə d	ə p r iː ʃ iː e ɪ t	ə p r iː ʃ iː e ɪ t ə d	ə s o ʊ s iː e ɪ t ə d	1	1	1
model_stem	s p ʌ t ɹ̩	s p ʌ t ɹ̩ d	s p ʌ t ɹ̩ d	w ɪ s p ɹ̩	w ɪ s p ɹ̩ d	s p ʌ t ɹ̩ d	1	1	1
model_stem	t e ɪ b ə l	t e ɪ b ə l d	t e ɪ b ə l d	l e ɪ b ə l	l e ɪ b ə l d	t e ɪ b ə l d	1	1	1
model_stem	s n æ t͡ʃ	s n æ t͡ʃ t	s n æ t͡ʃ t	b ʌ n t͡ʃ	b ʌ n t͡ʃ t	s n æ t͡ʃ t	1	1	1
model_stem	æ n t ɪ s ə p e ɪ t	æ n t ɪ s ə p e ɪ t ə d	æ n t ə s ə p e ɪ t ə d	k æ l k j ə l e ɪ t	k æ l k j ə l e ɪ t ə d	æ n t ɪ s ə p e ɪ t ə d	1	0	1
model_stem	h ʌ s ə l	h ʌ s ə l d	h ʌ s ə l d	t ɑː p ə l	t ɑː p ə l d	h ʌ s ə l d	1	1	1
model_stem	k r ʌ n t͡ʃ	k r ʌ n t͡ʃ t	k r ʌ n t͡ʃ t	s k r iː t͡ʃ	s k r iː t͡ʃ t	k r ʌ n t͡ʃ t	1	1	1
model_stem	ə n p l ʌ ɡ	ə n p l ʌ ɡ d	ə n p l ʌ ɡ d	ɪ n t r iː ɡ	ɪ n t r iː ɡ d	ə n p l ʌ ɡ d	1	1	1
model_stem	w ɪ s ə l	w ɪ s ə l d	w ɪ s ə l d	s ɪ z ə l	s ɪ z ə l d	w ɪ s ə l d	1	1	1
model_stem	d ɪ l iː t	d ɪ l iː t ə d	d ɪ l iː t ə d	d ɪ f iː t	d ɪ f iː t ə d	d ɪ l iː t ə d	1	1	1
model_stem	k ə l a ɪ d	k ə l a ɪ d ə d	k ə l a ɪ d ə d	d ɪ v a ɪ d	d ɪ v a ɪ d ə d	k ə l a ɪ d ə d	1	1	1
model_stem	t ɪ k	t ɪ k t	t ɪ k t	p ɪ k	p ɪ k t	t ɪ k t	1	1	1
model_stem	b l æ s t	b l æ s t ə d	b l æ s t ə d	t e ɪ s t	t e ɪ s t ə d	b l æ s t ə d	1	1	1
model_stem	k r ʌ ʃ	k r ʌ ʃ t	k r ʌ ʃ t	b l ʌ ʃ	b l ʌ ʃ t	k r ʌ ʃ t	1	1	1
model_stem	r ʌ f	r ʌ f t	r ʌ f t	l æ f	l æ f t	r ʌ f t	1	1	1
model_stem	ɪ m p r ɛ s	ɪ m p r ɛ s t	ɪ m p r ɛ s t	ə n d r ɛ s	ə n d r ɛ s t	ɪ m p r ɛ s t	1	1	1
model_stem	r iː f ɪ l	r iː f ɪ l d	r iː f ɪ l d	s m a ɪ l	s m a ɪ l d	r iː f ɪ l d	1	1	1
model_stem	w ɑː n d ɹ̩	w ɑː n d ɹ̩ d	w ɑː n d ɹ̩ d	θ ʌ n d ɹ̩	θ ʌ n d ɹ̩ d	w ɑː n d ɹ̩ d	1	1	1
model_stem	s ə s t e ɪ n	s ə s t e ɪ n d	s ə s t e ɪ n d	k w ɛ s t͡ʃ ə n	k w ɛ s t͡ʃ ə n d	s ə s t e ɪ n d	1	1	1
model_stem	s t ʌ b	s t ʌ b d	s t ʌ b d	k j uː b	k j uː b d	s t ʌ b d	1	1	1
model_stem	l ɛ v ə l	l ɛ v ə l d	l ɛ v ə l d	r ɛ s ə l	r ɛ s ə l d	l ɛ v ə l d	1	1	1
model_stem	s p ɛ s ə f a ɪ	s p ɛ s ə f a ɪ d	s p ɛ s t ə m a ɪ p t	s æ t ə s f a ɪ	s æ t ə s f a ɪ d	s p ɛ s ə f a ɪ d	1	0	1
model_stem	k e ɪ t ɹ̩	k e ɪ t ɹ̩ d	k e ɪ t ɹ̩ d	w ɪ n t ɹ̩	w ɪ n t ɹ̩ d	k e ɪ t ɹ̩ d	1	1	1
model_stem	ʃ ɑː k	ʃ ɑː k t	ʃ ɑː k t	k ɑː k	k ɑː k t	ʃ ɑː k t	1	1	1
model_stem	s æ n d w ɪ t͡ʃ	s æ n d w ɪ t͡ʃ t	s æ n d	p r æ k t ɪ s	p r æ k t ɪ s t	s æ n d w ɪ t͡ʃ t	1	0	1
model_stem	w ɹ̩ d	w ɹ̩ d ə d	w ɹ̩ d ə d	r ɪ d	r ɪ d	w ɹ̩ d	1	0	0
model_stem	ɔ r iː ɛ n t	ɔ r iː ɛ n t ə d	ɔ r iː n d	ɪ k s ɛ p t	ɪ k s ɛ p t ə d	ɔ r iː ɛ n t ə d	1	0	1
model_stem	t æ t ə l	t æ t ə l d	t æ t ə l d	t ɪ k ə l	t ɪ k ə l d	t æ t ə l d	1	1	1
model_stem	n e ɪ l	n e ɪ l d	n e ɪ l d	w e ɪ l	w e ɪ l d	n e ɪ l d	1	1	1
model_stem	r iː p ɔ r t	r iː p ɔ r t ə d	r iː p ɔ r t ə d	r ə s a ɪ t	r ə s a ɪ t ə d	r iː p ɔ r t ə d	1	1	1
model_stem	s l æ n t	s l æ n t ə d	s l æ n t ə d	s n ɔ r t	s n ɔ r t ə d	s l æ n t ə d	1	1	1
model_stem	b æ n d	b æ n d ə d	b æ n d ə d	h æ n d	h æ n d ə d	b æ n d ə d	1	1	1
model_stem	ɡ l ʌ v	ɡ l ʌ v d	ɡ l ʌ v d	p r uː v	p r uː v d	ɡ l ʌ v d	1	1	1
model_stem	w ɪ ŋ k	w ɪ ŋ k t	w ɪ ŋ k	θ ɪ ŋ k	θ ɔ t	w ɔ t	1	0	0
model_stem	ʃ ɪ p	ʃ ɪ p t	ʃ ɪ p t	t͡ʃ ɪ p	t͡ʃ ɪ p t	ʃ ɪ p t	1	1	1
model_stem	ʃ iː r	ʃ iː r d	ʃ iː r d	p iː r	p iː r d	ʃ iː r d	1	1	1
model_stem	k ɔ ɪ l	k ɔ ɪ l d	k ɔ ɪ l d	b ɔ ɪ l	b ɔ ɪ l d	k ɔ ɪ l d	1	1	1
model_stem	p r ɛ ʃ ɹ̩	p r ɛ ʃ ɹ̩ d	p r ɛ ʃ ɹ̩ d	t r ɛ ʒ ɹ̩	t r ɛ ʒ ɹ̩ d	p r ɛ ʃ ɹ̩ d	1	1	1
model_stem	b r a ɪ b	b r a ɪ b d	b r a ɪ b d	s k r ʌ b	s k r ʌ b d	b r a ɪ b d	1	1	1
model_stem	ɡ r o ʊ n	ɡ r o ʊ n d	ɡ r o ʊ n d	b r a ʊ n	b r a ʊ n d	ɡ r o ʊ n d	1	1	1
model_stem	z ɪ ɡ z æ ɡ	z ɪ ɡ z æ ɡ d	z ɪ ɡ z æ ɡ d	ɪ n ɡ e ɪ d͡ʒ	ɪ n ɡ e ɪ d͡ʒ d	z ɪ ɡ z æ ɡ d	1	1	1
model_stem	f l iː	f l ɛ d	f l iː d	f r iː	f r iː d	f l iː d	0	1	0
model_stem	f r ʌ s t r e ɪ t	f r ʌ s t r e ɪ t ə d	f r ʌ s t r e ɪ t ə d	ɪ l ə s t r e ɪ t	ɪ l ə s t r e ɪ t ə d	f r ʌ s t r e ɪ t ə d	1	1	1
model_stem	j æ ŋ k	j æ ŋ k t	j æ ŋ k	θ ɪ ŋ k	θ ɔ t	NA	1	0	0
model_stem	m ɪ n t	m ɪ n t ə d	m ɪ n t ə d	p æ n t	p æ n t ə d	m ɪ n t ə d	1	1	1
model_stem	b o ʊ l t	b o ʊ l t ə d	b o ʊ l t ə d	ə f ɛ k t	ə f ɛ k t ə d	b o ʊ l t ə d	1	1	1
model_stem	f iː l d	f iː l d ə d	f iː l d ə d	ʃ iː l d	ʃ iː l d ə d	f iː l d ə d	1	1	1
model_stem	s k w ɛ l t͡ʃ	s k w ɛ l t͡ʃ t	s k w ɛ l t͡ʃ t	l ɔ n t͡ʃ	l ɔ n t͡ʃ t	s k w ɛ l t͡ʃ t	1	1	1
model_stem	r a ʊ n d	r a ʊ n d ə d	r a ʊ n d ə d	w a ɪ n d	w a ɪ n d ə d	r a ʊ n d ə d	1	1	1
model_stem	r iː ə d͡ʒ ʌ s t	r iː ə d͡ʒ ʌ s t ə d	r iː ə d͡ʒ ʌ s t ə d	p r ɑː d͡ʒ ɛ k t	p r ɑː d͡ʒ ɛ k t ə d	r iː ə d͡ʒ ʌ s t ə d	1	1	1
model_stem	t w ɪ ŋ k ə l	t w ɪ ŋ k ə l d	t w ɪ ŋ k ə l d	s k r ɪ b ə l	s k r ɪ b ə l d	t w ɪ ŋ k ə l d	1	1	1
string	n iː d	n iː d ə d	n iː d ə d	b iː d	b iː d ə d	n iː d ə d	1	1	1
string	ɡ ɛ t	ɡ ɑː t	ɡ ɛ t	b ɛ t	b ɛ t	ɡ ɛ t	0	1	0
string	n e ɪ m	n e ɪ m d	n e ɪ m d	f e ɪ s	f e ɪ s t	n e ɪ m t	1	0	0
string	l uː p	l uː p t	l uː p t	l uː s	l uː s t	l uː p t	1	1	1
string	l ɪ s ə n	l ɪ s ə n d	l ɪ s ə n d	l uː s ə n	l uː s ə n d	l ɪ s ə n d	1	1	1
string	t ɔ k	t ɔ k t	t ɔ k t	b ɔ k	b ɔ k t	t ɔ k t	1	1	1
string	s p ɛ l	s p ɛ l d	s p ɛ l d	s m ɛ l	s m ɛ l d	s p ɛ l d	1	1	1
string	r o ʊ l	r o ʊ l d	r o ʊ l d	b o ʊ l	b o ʊ l d	r o ʊ l d	1	1	1
string	d ɪ s k ʌ v ɹ̩	d ɪ s k ʌ v ɹ̩ d	d ɪ s k ʌ v ɹ̩ d	d ɪ s k ʌ s	d ɪ s k ʌ s t	d ɪ s k ʌ v ɹ̩ t	1	0	0
string	r iː d	r ɛ d	r iː d ə d	b iː d	b iː d ə d	r iː d ə d	0	1	0
string	h iː r	h ɹ̩ d	h iː r d	t͡ʃ iː r	t͡ʃ iː r d	h iː r d	0	1	0
string	θ æ ŋ k	θ æ ŋ k t	θ æ ŋ k t	θ ɪ ŋ k	θ ɔ t	NA	1	0	0
string	b r e ɪ k	b r o ʊ k	b r e ɪ k t	b e ɪ k	b e ɪ k t	b r e ɪ k t	0	1	0
string	l uː z	l ɔ s t	l uː z d	l uː s	l uː s t	l uː z t	0	0	0
string	s t æ n d	s t ʊ d	s t æ n d ə d	s æ n d	s æ n d ə d	s t æ n d ə d	0	1	0
string	b r ʌ ʃ	b r ʌ ʃ t	b r ʌ ʃ t	r ʌ ʃ	r ʌ ʃ t	b r ʌ ʃ t	1	1	1
string	f l a ɪ	f l uː	f l a ɪ d	f r a ɪ	f r a ɪ d	f l a ɪ d	0	1	0
string	l a ɪ v	l a ɪ v d	l a ɪ v d	l a ɪ n	l a ɪ n d	l a ɪ v d	1	1	1
string	n ɪ t	n ɪ t ə d	n ɪ t	s ɪ t	s æ t	n æ t	1	0	0
string	t ɛ l	t o ʊ l d	t ɛ l d	j ɛ l	j ɛ l d	t ɛ l d	0	1	0
string	m e ɪ l	m e ɪ l d	m e ɪ l d	s e ɪ l	s e ɪ l d	m e ɪ l d	1	1	1
string	s k a ʊ t	s k a ʊ t ə d	s k a ʊ t ə d	k a ʊ n t	k a ʊ n t ə d	s k a ʊ t ə d	1	1	1
string	s l ɪ p	s l ɪ p t	s l ɪ p t	s l iː p	s l ɛ p t	NA	1	0	0
string	m ɪ k s	m ɪ k s t	m ɪ k s t	f ɪ k s	f ɪ k s t	m ɪ k s t	1	1	1
string	h o ʊ p	h o ʊ p t	h o ʊ p t	d o ʊ p	d o ʊ p t	h o ʊ p t	1	1	1
string	s ɛ t	s ɛ t	s ɛ t	w ɛ t	w ɛ t	s ɛ t	0	1	1
string	w ɑː t͡ʃ	w ɑː t͡ʃ t	w ɑː t͡ʃ t	w ɑː ʃ	w ɑː ʃ t	w ɑː t͡ʃ t	1	1	1
string	r iː t͡ʃ	r iː t͡ʃ t	r iː t͡ʃ t	t iː t͡ʃ	t ɔ t	r ɔ t	1	0	0
string	w ɹ̩ k	w ɹ̩ k t	w ɹ̩ k t	d͡ʒ ɹ̩ k	d͡ʒ ɹ̩ k t	w ɹ̩ k t	1	1	1
string	d͡ʒ ʌ m p	d͡ʒ ʌ m p t	d͡ʒ ʌ m p t	b ʌ m p	b ʌ m p t	d͡ʒ ʌ m p t	1	1	1
string	k r æ ʃ	k r æ ʃ t	k r æ ʃ t	k r æ m	k r æ m d	k r æ ʃ d	1	0	0
string	h ɛ l p	h ɛ l p t	h ɛ l p t	s ɛ l	s o ʊ l d	NA	1	0	0
string	w e ɪ k	w o ʊ k	w e ɪ k t	b e ɪ k	b e ɪ k t	w e ɪ k t	0	1	0
string	k o ʊ ɑː p ɹ̩ e ɪ t	k o ʊ ɑː p ɹ̩ e ɪ t ə d	k o ʊ s p ɹ̩ e ɪ t ə d	r o ʊ t e ɪ t	r o ʊ t e ɪ t ə d	k o ʊ ɑː p ɹ̩ e ɪ t ə d	1	0	1
string	k æ r iː	k æ r iː d	k æ r iː d	b ɛ r iː	b ɛ r iː d	k æ r iː d	1	1	1
string	k ɹ̩ ɛ k t	k ɹ̩ ɛ k t ə d	k ɹ̩ ɛ k t ə d	d ɹ̩ ɛ k t	d ɹ̩ ɛ k t ə d	k ɹ̩ ɛ k t ə d	1	1	1
string	m ɪ l k	m ɪ l k t	m ɪ l k t	w ɪ l	w ɪ l d	m ɪ l k d	1	0	0
string	m ɛ ʒ ɹ̩	m ɛ ʒ ɹ̩ d	m ɛ ʒ ɹ̩ d	m ɪ r ɹ̩	m ɪ r ɹ̩ d	m ɛ ʒ ɹ̩ d	1	1	1
string	m ʌ n t͡ʃ	m ʌ n t͡ʃ t	m ʌ n t͡ʃ t	l ʌ n t͡ʃ	l ʌ n t͡ʃ t	m ʌ n t͡ʃ t	1	1	1
string	l ɹ̩ n	l ɹ̩ n d	l ɹ̩ n d	ɹ̩ n	ɹ̩ n d	l ɹ̩ n d	1	1	1
string	w ʌ n d ɹ̩	w ʌ n d ɹ̩ d	w ʌ n d ɹ̩ d	θ ʌ n d ɹ̩	θ ʌ n d ɹ̩ d	w ʌ n d ɹ̩ d	1	1	1
string	k ɪ s	k ɪ s t	k ɪ s t	m ɪ s	m ɪ s t	k ɪ s t	1	1	1
string	h ɹ̩ iː	h ɹ̩ iː d	h ɹ̩ iː d	h ɹ̩ t	h ɹ̩ t	h ɹ̩ iː	1	0	0
string	s k r uː	s k r uː d	s k r uː d	s k uː p	s k uː p t	s k r uː t	1	0	0
string	f l æ p	f l æ p t	f l æ p t	k l æ p	k l æ p t	f l æ p t	1	1	1
string	t͡ʃ o ʊ k	t͡ʃ o ʊ k t	t͡ʃ o ʊ k t	s o ʊ k	s o ʊ k t	t͡ʃ o ʊ k t	1	1	1
string	b ɪ l ɔ ŋ	b ɪ l ɔ ŋ d	b ɪ l ɔ ŋ	b ɪ l d	b ɪ l t	NA	1	0	0
string	p e ɪ n t	p e ɪ n t ə d	p e ɪ n t ə d	p e ɪ s t	p e ɪ s t ə d	p e ɪ n t ə d	1	1	1
string	s t iː l	s t o ʊ l	s t iː l d	s iː l	s iː l d	s t iː l d	0	1	0
string	s k ɛ r	s k ɛ r d	s k ɛ r d	s k ɔ r	s k ɔ r d	s k ɛ r d	1	1	1
string	r ɛ k ə ɡ n a ɪ z	r ɛ k ə ɡ n a ɪ z d	r ɛ k ə n ɡ a ɪ z d	r iː ə l a ɪ z	r iː ə l a ɪ z d	r ɛ k ə ɡ n a ɪ z d	1	0	1
string	h ɑː r p	h ɑː r p t	h ɑː r p t	ɡ ɑː r d	ɡ ɑː r d ə d	h ɑː r p ə d	1	0	0
string	s a ʊ n d	s a ʊ n d ə d	s a ʊ n d ə d	p a ʊ n s	p a ʊ n s t	s a ʊ n d t	1	0	0
string	s k w iː z	s k w iː z d	s k w iː z d	s k w iː k	s k w iː k t	s k w iː z t	1	0	0
string	f a ɪ n d	f a ʊ n d	f a ɪ n d ə d	f a ɪ n	f a ɪ n d	f a ɪ n d d	0	0	0
string	s p ɪ l	s p ɪ l d	s p ɪ l d	s p ɪ t	s p æ t	NA	1	0	0
string	s p ɔ ɪ l	s p ɔ ɪ l d	s p ɔ ɪ l d	s p ɪ t	s p æ t	NA	1	0	0
string	d ɪ ŋ	d ɪ ŋ d	d ɪ ŋ d	r ɪ ŋ	r æ ŋ	d æ ŋ	1	0	0
string	t e ɪ p	t e ɪ p t	t e ɪ p t	t ɪ p	t ɪ p t	t e ɪ p t	1	1	1
string	b ʌ b ə l	b ʌ b ə l d	b ʌ b ə l d	d ʌ b ə l	d ʌ b ə l d	b ʌ b ə l d	1	1	1
string	r ə k ɔ r d	r ə k ɔ r d ə d	r ə k ɔ r d ə d	ə w ɔ r d	ə w ɔ r d ə d	r ə k ɔ r d ə d	1	1	1
string	d͡ʒ ʌ ɡ ə l	d͡ʒ ʌ ɡ ə l d	d͡ʒ ʌ ɡ ə l d	ʃ ʌ v ə l	ʃ ʌ v ə l d	d͡ʒ ʌ ɡ ə l d	1	1	1
string	p ʌ n t͡ʃ	p ʌ n t͡ʃ t	p ʌ n t͡ʃ t	p ɪ n t͡ʃ	p ɪ n t͡ʃ t	p ʌ n t͡ʃ t	1	1	1
string	k ɪ k	k ɪ k t	k ɪ k t	k l ɪ k	k l ɪ k t	k ɪ k t	1	1	1
string	b a ʊ n s	b a ʊ n s t	b a ʊ n s t	p a ʊ n s	p a ʊ n s t	b a ʊ n s t	1	1	1
string	p ɑː r t	p ɑː r t ə d	p ɑː r t ə d	d ɑː r t	d ɑː r t ə d	p ɑː r t ə d	1	1	1
string	k æ t ə l ɔ ɡ	k æ t ə l ɔ ɡ d	k æ t ə l ɔ ɡ d	r æ t ə l	r æ t ə l d	k æ t ə l ɔ ɡ d	1	1	1
string	b a ɪ s ɪ k ə l	b a ɪ s ɪ k ə l d	b a ɪ s t	p ɪ k ə l	p ɪ k ə l d	b a ɪ s ɪ k ə l d	1	0	1
string	o ʊ	o ʊ d	o ʊ d	s o ʊ	s o ʊ d	o ʊ d	1	1	1
string	k r æ k	k r æ k t	k r æ k t	t r æ k	t r æ k t	k r æ k t	1	1	1
string	p ɛ t	p ɛ t ə d	p ɛ t	w ɛ t	w ɛ t	p ɛ t	1	1	0
string	l a ɪ t	l ɪ t	l a ɪ t ə d	l a ɪ k	l a ɪ k t	l a ɪ t t	0	0	0
string	s k r æ t͡ʃ	s k r æ t͡ʃ t	s k r æ t͡ʃ t	s k r iː t͡ʃ	s k r iː t͡ʃ t	s k r æ t͡ʃ t	1	1	1
string	p ɑː p	p ɑː p t	p ɑː p t	ʃ ɑː p	ʃ ɑː p t	p ɑː p t	1	1	1
string	r ɑː b	r ɑː b d	r ɑː b d	r ʌ b	r ʌ b d	r ɑː b d	1	1	1
string	r ə f j uː z	r ə f j uː z d	r ə f j uː z d	k ə n f j uː z	k ə n f j uː z d	r ə f j uː z d	1	1	1
string	b ə l uː n	b ə l uː n d	b ə l uː n d	p ə l uː t	p ə l uː t ə d	b ə l uː n ə d	1	0	0
string	r æ p	r æ p t	r æ p t	t r æ p	t r æ p t	r æ p t	1	1	1
string	s l a ɪ s	s l a ɪ s t	s l a ɪ s t	s l a ɪ d	s l ɪ d	NA	1	0	0
string	d ɪ ʃ	d ɪ ʃ t	d ɪ ʃ t	d ɪ ɡ	d ʌ ɡ	NA	1	0	0
string	r ɪ s p ɛ k t	r ɪ s p ɛ k t ə d	r ɪ s p ɛ k t ə d	r ɪ d͡ʒ ɛ k t	r ɪ d͡ʒ ɛ k t ə d	r ɪ s p ɛ k t ə d	1	1	1
string	t r ɪ m	t r ɪ m d	t r ɪ m d	t r ɪ k	t r ɪ k t	t r ɪ m t	1	0	0
string	d æ ʃ	d æ ʃ t	d æ ʃ t	m æ ʃ	m æ ʃ t	d æ ʃ t	1	1	1
string	k ɪ d	k ɪ d ə d	k ɪ d ə d	r ɪ d	r ɪ d	k ɪ d	1	0	0
string	ɪ n k l uː d	ɪ n k l uː d ə d	ɪ n k l uː d uː d	k l æ d	k l æ d	ɪ n k l uː d	1	0	0
string	r ɪ ŋ k ə l	r ɪ ŋ k ə l d	r ɪ ŋ k ə l d	t ɪ ŋ k ə l	t ɪ ŋ k ə l d	r ɪ ŋ k ə l d	1	1	1
string	h ɑː p	h ɑː p t	h ɑː p t	m ɑː p	m ɑː p t	h ɑː p t	1	1	1
string	p ɔ ɪ z ə n	p ɔ ɪ z ə n d	p ɔ ɪ z ə n d	ʃ ɔ r t ə n	ʃ ɔ r t ə n d	p ɔ ɪ z ə n d	1	1	1
string	ə p l a ɪ	ə p l a ɪ d	ə p l a ɪ d	p l e ɪ	p l e ɪ d	ə p l a ɪ d	1	1	1
string	h ɛ d	h ɛ d ə d	h ɛ d ə d	l ɛ d	l ɛ d ə d	h ɛ d ə d	1	1	1
string	ɡ r æ v ə t e ɪ t	ɡ r æ v ə t e ɪ t ə d	ɡ r æ v ə t e ɪ t ə d	ɡ r æ d͡ʒ ə w e ɪ t	ɡ r æ d͡ʒ ə w e ɪ t ə d	ɡ r æ v ə t e ɪ t ə d	1	1	1
string	f a ɪ l	f a ɪ l d	f a ɪ l d	f ɪ l	f ɪ l d	f a ɪ l d	1	1	1
string	d ɪ p	d ɪ p t	d ɪ p t	t ɪ p	t ɪ p t	d ɪ p t	1	1	1
string	b l e ɪ m	b l e ɪ m d	b l e ɪ m d	b r e ɪ d	b r e ɪ d ə d	b l e ɪ m ə d	1	0	0
string	w ɑː b ə l	w ɑː b ə l d	w ɑː b ə l d	ɡ ɑː b ə l	ɡ ɑː b ə l d	w ɑː b ə l d	1	1	1
string	o ʊ v ɹ̩ h æ ŋ	o ʊ v ɹ̩ h ʌ ŋ	o ʊ v ɹ̩ h ɹ̩ d͡ʒ d	o ʊ v ɹ̩ k ə m	o ʊ v ɹ̩ k e ɪ m	NA	0	0	0
string	k w ɪ t	k w ɪ t	k w ɪ t ə d	k w ɪ l t	k w ɪ l t ə d	k w ɪ t ə d	0	1	0
string	ə p o ʊ z	ə p o ʊ z d	ə p o ʊ z d	p o ʊ z	p o ʊ z d	ə p o ʊ z d	1	1	1
string	s ə l uː t	s ə l uː t ə d	s ə l uː t ə d	p ə l uː t	p ə l uː t ə d	s ə l uː t ə d	1	1	1
string	ɛ m p t iː	ɛ m p t iː d	ɛ m p t iː d	t ɛ m p t	t ɛ m p t ə d	ɛ m p t iː ə d	1	0	0
string	t ʌ k	t ʌ k t	t ʌ k t	t r ʌ k	t r ʌ k t	t ʌ k t	1	1	1
string	f ɪ ŋ ɡ ɹ̩	f ɪ ŋ ɡ ɹ̩ d	f ɪ ŋ ɡ ɹ̩ d	f ɪ ɡ j ɹ̩	f ɪ ɡ j ɹ̩ d	f ɪ ŋ ɡ ɹ̩ d	1	1	1
string	p iː t ɹ̩	p iː t ɹ̩ d	p iː t ɹ̩ d	t iː t ɹ̩	t iː t ɹ̩ d	p iː t ɹ̩ d	1	1	1
string	b æ k	b æ k t	b æ k t	p æ k	p æ k t	b æ k t	1	1	1
string	s t æ m p	s t æ m p t	s t æ m p t	s t ɑː m p	s t ɑː m p t	s t æ m p t	1	1	1
string	a ɪ s	a ɪ s t	a ɪ s t	p ɪ s	p ɪ s t	a ɪ s t	1	1	1
string	r ɪ p ɛ l	r ɪ p ɛ l d	r ɪ p ɛ l d	r ɪ p ɛ r	r ɪ p ɛ r d	r ɪ p ɛ l d	1	1	1
string	b ʌ t ɹ̩	b ʌ t ɹ̩ d	b ʌ t ɹ̩ d	b ɛ t ɹ̩	b ɛ t ɹ̩ d	b ʌ t ɹ̩ d	1	1	1
string	r ɑː t	r ɑː t ə d	r ɑː t ə d	t r ɑː t	t r ɑː t ə d	r ɑː t ə d	1	1	1
string	p a ʊ d ɹ̩	p a ʊ d ɹ̩ d	p a ʊ d ɹ̩ d	p a ʊ ɹ̩	p a ʊ ɹ̩ d	p a ʊ d ɹ̩ d	1	1	1
string	b o ʊ t	b o ʊ t ə d	b o ʊ t ə d	b o ʊ l	b o ʊ l d	b o ʊ t d	1	0	0
string	r e ɪ k	r e ɪ k t	r e ɪ k t	r e ɪ	r e ɪ d	r e ɪ k d	1	0	0
string	s n æ k	s n æ k t	s n æ k t	s t æ k	s t æ k t	s n æ k t	1	1	1
string	s l o ʊ	s l o ʊ d	s l o ʊ d	s t o ʊ	s t o ʊ d	s l o ʊ d	1	1	1
string	ə t æ t͡ʃ	ə t æ t͡ʃ t	ə t æ t͡ʃ t	ə t æ k	ə t æ k t	ə t æ t͡ʃ t	1	1	1
string	t ɑː p	t ɑː p t	t ɑː p t	s t ɑː p	s t ɑː p t	t ɑː p t	1	1	1
string	p l e ɪ t	p l e ɪ t ə d	p l e ɪ t ə d	p l e ɪ s	p l e ɪ s t	p l e ɪ t t	1	0	0
string	v æ k j uː m	v æ k j uː m d	v æ k j uː m d	k j uː b	k j uː b d	v æ k j uː m d	1	1	1
string	s m æ k	s m æ k t	s m æ k t	s t æ k	s t æ k t	s m æ k t	1	1	1
string	s t e ɪ p ə l	s t e ɪ p ə l d	s t e ɪ p ə l d	s t e ɪ n	s t e ɪ n d	s t e ɪ p ə l d	1	1	1
string	k ə m p l e ɪ n	k ə m p l e ɪ n d	k ə m p l e ɪ n d	ɪ k s p l e ɪ n	ɪ k s p l e ɪ n d	k ə m p l e ɪ n d	1	1	1
string	ɡ æ s p	ɡ æ s p t	ɡ æ s p t	ɡ r æ s p	ɡ r æ s p t	ɡ æ s p t	1	1	1
string	ɪ k s p ɛ k t	ɪ k s p ɛ k t ə d	ɪ k s p ɛ k t ə d	ɪ n s p ɛ k t	ɪ n s p ɛ k t ə d	ɪ k s p ɛ k t ə d	1	1	1
string	f l æ ɡ	f l æ ɡ d	f l æ ɡ d	f l æ ʃ	f l æ ʃ t	f l æ ɡ t	1	0	0
string	j ɔ n	j ɔ n d	j ɔ n d	ɹ̩ n	ɹ̩ n d	j ɔ n d	1	1	1
string	f o ʊ n	f o ʊ n d	f o ʊ n d	m o ʊ n	m o ʊ n d	f o ʊ n d	1	1	1
string	p l æ n t	p l æ n t ə d	p l æ n t ə d	p æ n t	p æ n t ə d	p l æ n t ə d	1	1	1
string	s p uː k	s p uː k t	s p uː k t	s p iː k	s p o ʊ k	NA	1	0	0
string	b iː m	b iː m d	b iː m d	b iː f	b iː f t	b iː m t	1	0	0
string	z ɪ p ɹ̩	z ɪ p ɹ̩ d	z ɪ p ɹ̩ d	z ɪ p	z ɪ p t	z ɪ p ɹ̩ t	1	0	0
string	f l ʌ ʃ	f l ʌ ʃ t	f l ʌ ʃ t	f l æ ʃ	f l æ ʃ t	f l ʌ ʃ t	1	1	1
string	ə b d͡ʒ ɛ k t	ə b d͡ʒ ɛ k t ə d	ə b d͡ʒ ɛ k t ə d	ə f ɛ k t	ə f ɛ k t ə d	ə b d͡ʒ ɛ k t ə d	1	1	1
string	l ɛ n d	l ɛ n t	l ɛ n d ə d	t ɛ n d	t ɛ n d ə d	l ɛ n d ə d	0	1	0
string	w ɪ ŋ	w ɪ ŋ d	w ɪ ŋ d	w ɪ p	w ɪ p t	w ɪ ŋ t	1	0	0
string	b a ɪ k	b a ɪ k t	b ɪ k	h a ɪ k	h a ɪ k t	b a ɪ k t	1	0	1
string	ə n b ʌ t ə n	ə n b ʌ t ə n d	ə n b ʌ t ə n d	b ʌ t ə n	b ʌ t ə n d	ə n b ʌ t ə n d	1	1	1
string	k r a ʊ d	k r a ʊ d ə d	k r a ʊ d ə d	k l a ʊ d	k l a ʊ d ə d	k r a ʊ d ə d	1	1	1
string	d r ɪ b ə l	d r ɪ b ə l d	d r ɪ b ə l d	t r ʌ b ə l	t r ʌ b ə l d	d r ɪ b ə l d	1	1	1
string	b r ɛ d	b r ɛ d ə d	b r ɛ d ə d	θ r ɛ d	θ r ɛ d ə d	b r ɛ d ə d	1	1	1
string	h æ t͡ʃ	h æ t͡ʃ t	h æ t͡ʃ t	k æ t͡ʃ	k ɔ t	h ɔ t	1	0	0
string	b l iː t͡ʃ	b l iː t͡ʃ t	b l iː t͡ʃ t	b l iː d	b l ɛ d	NA	1	0	0
string	ə v ɔ ɪ d	ə v ɔ ɪ d ə d	ə v ɔ ɪ d ə d	ə w ɔ r d	ə w ɔ r d ə d	ə v ɔ ɪ d ə d	1	1	1
string	b ɑː t ə m	b ɑː t ə m d	b ɑː t ə m d	b ʌ t ə n	b ʌ t ə n d	b ɑː t ə m d	1	1	1
string	s t ɑː r	s t ɑː r d	s t ɑː r d	s t ɔ r	s t ɔ r d	s t ɑː r d	1	1	1
string	d ɪ f ɛ n d	d ɪ f ɛ n d ə d	d ɪ f ɛ n d ə d	d ɪ p ɛ n d	d ɪ p ɛ n d ə d	d ɪ f ɛ n d ə d	1	1	1
string	s ɑː k	s ɑː k t	s ɑː k t	n ɑː k	n ɑː k t	s ɑː k t	1	1	1
string	ɪ ɡ z æ m ɪ n	ɪ ɡ z æ m ɪ n d	ɪ ɡ z æ m ɪ n d	ɪ ɡ z æ k t	ɪ ɡ z æ k t ə d	ɪ ɡ z æ m ɪ n ə d	1	0	0
string	ɪ l æ b ɹ̩ e ɪ t	ɪ l æ b ɹ̩ e ɪ t ə d	ɪ l æ b ɹ̩ e ɪ t ə d	ɪ v æ p ɹ̩ e ɪ t	ɪ v æ p ɹ̩ e ɪ t ə d	ɪ l æ b ɹ̩ e ɪ t ə d	1	1	1
string	b ɑː t ə l	b ɑː t ə l d	b ɑː t ə l d	ɡ ɑː b ə l	ɡ ɑː b ə l d	b ɑː t ə l d	1	1	1
string	m a ʊ n t	m a ʊ n t ə d	m a ʊ n t ə d	k a ʊ n t	k a ʊ n t ə d	m a ʊ n t ə d	1	1	1
string	s t ʌ m b ə l	s t ʌ m b ə l d	s t ʌ m b ə l d	ɡ r ʌ m b ə l	ɡ r ʌ m b ə l d	s t ʌ m b ə l d	1	1	1
string	r ɛ s k j uː	r ɛ s k j uː d	r ɛ s k j uː uː	r ɛ s t	r ɛ s t ə d	r ɛ s k j uː ə d	1	0	0
string	p o ʊ t͡ʃ	p o ʊ t͡ʃ t	p o ʊ t͡ʃ t	p o ʊ z	p o ʊ z d	p o ʊ t͡ʃ d	1	0	0
string	r o ʊ m	r o ʊ m d	r o ʊ m d	r o ʊ p	r o ʊ p t	r o ʊ m t	1	0	0
string	k l æ m p	k l æ m p t	k l æ m p t	k l æ p	k l æ p t	k l æ m p t	1	1	1
string	r iː v æ m p	r iː v æ m p t	r iː v æ m p t	r iː v j uː	r iː v j uː d	r iː v æ m p d	1	0	0
string	s p e ɪ s	s p e ɪ s t	s p e ɪ s t	s p a ɪ s	s p a ɪ s t	s p e ɪ s t	1	1	1
string	k ʌ d ə l	k ʌ d ə l d	k ʌ d ə l d	k ʌ p ə l	k ʌ p ə l d	k ʌ d ə l d	1	1	1
string	ɑː p ɹ̩ e ɪ t	ɑː p ɹ̩ e ɪ t ə d	ɑː p ɹ̩ e ɪ t ə d	s ɛ p ɹ̩ e ɪ t	s ɛ p ɹ̩ e ɪ t ə d	ɑː p ɹ̩ e ɪ t ə d	1	1	1
string	b ʌ k ə l	b ʌ k ə l d	b ʌ k ə l d	n ʌ k ə l	n ʌ k ə l d	b ʌ k ə l d	1	1	1
string	s t ʌ d iː	s t ʌ d iː d	s t ʌ d iː d	s t ʌ f	s t ʌ f t	s t ʌ d iː t	1	0	0
string	b æ n ɪ ʃ	b æ n ɪ ʃ t	b æ n ɪ ʃ t	v æ n ɪ ʃ	v æ n ɪ ʃ t	b æ n ɪ ʃ t	1	1	1
string	s t r ɪ p	s t r ɪ p t	s t r ɪ p t	s t r a ɪ p	s t r a ɪ p t	s t r ɪ p t	1	1	1
string	d ʌ ŋ k	d ʌ ŋ k t	d ʌ ŋ k	t͡ʃ ʌ k	t͡ʃ ʌ k t	d ʌ ŋ k t	1	0	1
string	h ʌ v ɹ̩	h ʌ v ɹ̩ d	h ʌ v ɹ̩ d	k ʌ v ɹ̩	k ʌ v ɹ̩ d	h ʌ v ɹ̩ d	1	1	1
string	b æ ɡ	b æ ɡ d	b æ ɡ d	b ʌ ɡ	b ʌ ɡ d	b æ ɡ d	1	1	1
string	p æ m p ɹ̩	p æ m p ɹ̩ d	p æ m p ɹ̩ d	h æ m ɹ̩	h æ m ɹ̩ d	p æ m p ɹ̩ d	1	1	1
string	r iː t r iː v	r iː t r iː v d	r iː t r iː v d	ɪ n t r iː ɡ	ɪ n t r iː ɡ d	r iː t r iː v d	1	1	1
string	b l æ ŋ k ə t	b l æ ŋ k ə t ə d	b l æ ŋ k ə t ə d	b l æ k	b l æ k t	b l æ ŋ k ə t t	1	0	0
string	s a ɪ z	s a ɪ z d	s a ɪ z d	s a ɪ d	s a ɪ d ə d	s a ɪ z ə d	1	0	0
string	t æ k ə l	t æ k ə l d	t æ k ə l d	t ɪ k ə l	t ɪ k ə l d	t æ k ə l d	1	1	1
string	w ɑː f ə l	w ɑː f ə l d	w ɑː f ə l d	ʃ ʌ f ə l	ʃ ʌ f ə l d	w ɑː f ə l d	1	1	1
string	s k æ t ɹ̩	s k æ t ɹ̩ d	s k æ t ɹ̩ d	s k æ n	s k æ n d	s k æ t ɹ̩ d	1	1	1
string	t ʌ m b ə l	t ʌ m b ə l d	t ʌ m b ə l d	f ʌ m b ə l	f ʌ m b ə l d	t ʌ m b ə l d	1	1	1
string	p a ʊ n d	p a ʊ n d ə d	p a ʊ n d ə d	p a ʊ n s	p a ʊ n s t	p a ʊ n d t	1	0	0
string	w ɑː d	w ɑː d ə d	w ɑː d ə d	n ɑː d	n ɑː d ə d	w ɑː d ə d	1	1	1
string	d͡ʒ ɑː ɡ	d͡ʒ ɑː ɡ d	d͡ʒ ɑː ɡ d	d ɪ ɡ	d ʌ ɡ	NA	1	0	0
string	r iː p l æ n t	r iː p l æ n t ə d	r iː p l æ l t ə d	p æ n t	p æ n t ə d	r iː p l æ n t ə d	1	0	1
string	s t e ɪ b ə l a ɪ z	s t e ɪ b ə l a ɪ z d	s t ə l d	s ɪ v ə l a ɪ z	s ɪ v ə l a ɪ z d	s t e ɪ b ə l a ɪ z d	1	0	1
string	ʃ ɛ d	ʃ ɛ d ə d	ʃ ɛ d	b ɛ d	b ɛ d ə d	ʃ ɛ d ə d	1	0	1
string	k ə l æ p s	k ə l æ p s t	k ə l æ p s t	k l æ p	k l æ p t	k ə l æ p s t	1	1	1
string	f l e ɪ v ɹ̩	f l e ɪ v ɹ̩ d	f l e ɪ v ɹ̩ d	f e ɪ v ɹ̩	f e ɪ v ɹ̩ d	f l e ɪ v ɹ̩ d	1	1	1
string	d ɪ z ɑː l v	d ɪ z ɑː l v d	d ɪ z ɑː l v d	d ɪ z ɹ̩ v	d ɪ z ɹ̩ v d	d ɪ z ɑː l v d	1	1	1
string	r iː k w a ɪ ɹ̩	r iː k w a ɪ ɹ̩ d	r iː k w a ɪ ɹ̩ d	r iː ə l a ɪ z	r iː ə l a ɪ z d	r iː k w a ɪ ɹ̩ d	1	1	1
string	d r a ʊ n	d r a ʊ n d	d r a ʊ n d	d a ʊ n	d a ʊ n d	d r a ʊ n d	1	1	1
string	t r æ n s f ɔ r m	t r æ n s f ɔ r m d	t r æ n f s f r f r æ n t ə d	f ɔ r m	f ɔ r m d	t r æ n s f ɔ r m d	1	0	1
string	d ɪ z a ɪ n	d ɪ z a ɪ n d	d ɪ z a ɪ n d	d ɪ s a ɪ d	d ɪ s a ɪ d ə d	d ɪ z a ɪ n ə d	1	0	0
string	r ɪ z ɪ s t	r ɪ z ɪ s t ə d	r ɪ z ɪ s t ə d	v ɪ z ɪ t	v ɪ z ɪ t ə d	r ɪ z ɪ s t ə d	1	1	1
string	ɡ r æ p ə l	ɡ r æ p ə l d	ɡ r æ p ə l d	k r ɪ p ə l	k r ɪ p ə l d	ɡ r æ p ə l d	1	1	1
string	ə d r ɛ s	ə d r ɛ s t	ə d r ɛ s t	ə n d r ɛ s	ə n d r ɛ s t	ə d r ɛ s t	1	1	1
string	k l ɑː k	k l ɑː k t	k l ɑː k t	k l ɑː ɡ	k l ɑː ɡ d	k l ɑː k d	1	0	0
string	r iː f r ɛ ʃ	r iː f r ɛ ʃ t	r iː f r ɛ ʃ t	r iː s ɹ̩ t͡ʃ	r iː s ɹ̩ t͡ʃ t	r iː f r ɛ ʃ t	1	1	1
string	ə n l ɑː k	ə n l ɑː k t	ə n l ɑː k t	ə n p æ k	ə n p æ k t	ə n l ɑː k t	1	1	1
string	b ɔ r d	b ɔ r d ə d	b ɔ r d ə d	b iː r d	b iː r d ə d	b ɔ r d ə d	1	1	1
string	p r ɪ d ɪ k t	p r ɪ d ɪ k t ə d	p r ɪ d	p r ɪ n t	p r ɪ n t ə d	p r ɪ d ɪ k t ə d	1	0	1
string	t͡ʃ æ t	t͡ʃ æ t ə d	t͡ʃ æ t ə d	b æ t	b æ t ə d	t͡ʃ æ t ə d	1	1	1
string	ɡ æ l ə p	ɡ æ l ə p t	ɡ æ l ə p t	s k æ l ə p	s k æ l ə p t	ɡ æ l ə p t	1	1	1
string	r e ɪ d iː e ɪ t	r e ɪ d iː e ɪ t ə d	r e ɪ d iː e ɪ t ə d	r e ɪ d iː o ʊ	r e ɪ d iː o ʊ d	r e ɪ d iː e ɪ t d	1	0	0
string	e ɪ m	e ɪ m d	e ɪ m d	e ɪ d͡ʒ	e ɪ d͡ʒ d	e ɪ m d	1	1	1
string	ɑː r m	ɑː r m d	ɑː r m d	f ɑː r m	f ɑː r m d	ɑː r m d	1	1	1
string	p ɹ̩ k	p ɹ̩ k t	p ɹ̩ k t	d͡ʒ ɹ̩ k	d͡ʒ ɹ̩ k t	p ɹ̩ k t	1	1	1
string	ɛ k s ɹ̩ s a ɪ z	ɛ k s ɹ̩ s a ɪ z d	ɛ k s ɹ̩ s a ɪ z d	ɪ k s p a ɪ ɹ̩	ɪ k s p a ɪ ɹ̩ d	ɛ k s ɹ̩ s a ɪ z d	1	1	1
string	s t ɪ ŋ k	s t ʌ ŋ k	s t ʌ ŋ k	s t ɪ ŋ	s t ʌ ŋ	NA	0	0	0
string	r ə s iː v	r ə s iː v d	r ə s iː v d	r ɪ s ɛ s	r ɪ s ɛ s t	r ə s iː v t	1	0	0
string	d a ɪ n	d a ɪ n d	d a ɪ n d	d a ɪ s	d a ɪ s t	d a ɪ n t	1	0	0
string	ə d v æ n s	ə d v æ n s t	ə d v æ n s t	d æ n s	d æ n s t	ə d v æ n s t	1	1	1
string	ə p r o ʊ t͡ʃ	ə p r o ʊ t͡ʃ t	ə p r o ʊ t͡ʃ t	ə n r o ʊ l	ə n r o ʊ l d	ə p r o ʊ t͡ʃ d	1	0	0
string	s k ʌ f	s k ʌ f t	s k ʌ f t	s t ʌ f	s t ʌ f t	s k ʌ f t	1	1	1
string	t æ n	t æ n d	t æ n d	t æ ɡ	t æ ɡ d	t æ n d	1	1	1
string	ə s o ʊ s iː e ɪ t	ə s o ʊ s iː e ɪ t ə d	ə s o ʊ s iː e ɪ t ə d	n ə ɡ o ʊ ʃ iː e ɪ t	n ə ɡ o ʊ ʃ iː e ɪ t ə d	ə s o ʊ s iː e ɪ t ə d	1	1	1
string	s p ʌ t ɹ̩	s p ʌ t ɹ̩ d	s p ʌ t ɹ̩ d	s p ɑː t	s p ɑː t ə d	s p ʌ t ɹ̩ ə d	1	0	0
string	t e ɪ b ə l	t e ɪ b ə l d	t e ɪ b ə l d	l e ɪ b ə l	l e ɪ b ə l d	t e ɪ b ə l d	1	1	1
string	s n æ t͡ʃ	s n æ t͡ʃ t	s n æ t͡ʃ t	s n æ p	s n æ p t	s n æ t͡ʃ t	1	1	1
string	æ n t ɪ s ə p e ɪ t	æ n t ɪ s ə p e ɪ t ə d	æ n t ə s ə p e ɪ t ə d	ɪ m ə t e ɪ t	ɪ m ə t e ɪ t ə d	æ n t ɪ s ə p e ɪ t ə d	1	0	1
string	h ʌ s ə l	h ʌ s ə l d	h ʌ s ə l d	m ʌ s ə l	m ʌ s ə l d	h ʌ s ə l d	1	1	1
string	k r ʌ n t͡ʃ	k r ʌ n t͡ʃ t	k r ʌ n t͡ʃ t	ɡ r ʌ n t	ɡ r ʌ n t ə d	k r ʌ n t͡ʃ ə d	1	0	0
string	ə n p l ʌ ɡ	ə n p l ʌ ɡ d	ə n p l ʌ ɡ d	p l ʌ ɡ	p l ʌ ɡ d	ə n p l ʌ ɡ d	1	1	1
string	w ɪ s ə l	w ɪ s ə l d	w ɪ s ə l d	r ɛ s ə l	r ɛ s ə l d	w ɪ s ə l d	1	1	1
string	d ɪ l iː t	d ɪ l iː t ə d	d ɪ l iː t ə d	d ɪ f iː t	d ɪ f iː t ə d	d ɪ l iː t ə d	1	1	1
string	k ə l a ɪ d	k ə l a ɪ d ə d	k ə l a ɪ d ə d	k l a ʊ d	k l a ʊ d ə d	k ə l a ɪ d ə d	1	1	1
string	t ɪ k	t ɪ k t	t ɪ k t	t r ɪ k	t r ɪ k t	t ɪ k t	1	1	1
string	b l æ s t	b l æ s t ə d	b l æ s t ə d	l æ s t	l æ s t ə d	b l æ s t ə d	1	1	1
string	k r ʌ ʃ	k r ʌ ʃ t	k r ʌ ʃ t	r ʌ ʃ	r ʌ ʃ t	k r ʌ ʃ t	1	1	1
string	r ʌ f	r ʌ f t	r ʌ f t	r ʌ n	r æ n	NA	1	0	0
string	ɪ m p r ɛ s	ɪ m p r ɛ s t	ɪ m p r ɛ s t	ɪ k s p r ɛ s	ɪ k s p r ɛ s t	ɪ m p r ɛ s t	1	1	1
string	r iː f ɪ l	r iː f ɪ l d	r iː f ɪ l d	f ɪ l	f ɪ l d	r iː f ɪ l d	1	1	1
string	w ɑː n d ɹ̩	w ɑː n d ɹ̩ d	w ɑː n d ɹ̩ d	θ ʌ n d ɹ̩	θ ʌ n d ɹ̩ d	w ɑː n d ɹ̩ d	1	1	1
string	s ə s t e ɪ n	s ə s t e ɪ n d	s ə s t e ɪ n d	s t e ɪ n	s t e ɪ n d	s ə s t e ɪ n d	1	1	1
string	s t ʌ b	s t ʌ b d	s t ʌ b d	s t ʌ f	s t ʌ f t	s t ʌ b t	1	0	0
string	l ɛ v ə l	l ɛ v ə l d	l ɛ v ə l d	p ɛ d ə l	p ɛ d ə l d	l ɛ v ə l d	1	1	1
string	s p ɛ s ə f a ɪ	s p ɛ s ə f a ɪ d	s p ɛ s t ə m a ɪ p t	s p ɛ ʃ ə l a ɪ z	s p ɛ ʃ ə l a ɪ z d	s p ɛ s ə f a ɪ d	1	0	1
string	k e ɪ t ɹ̩	k e ɪ t ɹ̩ d	k e ɪ t ɹ̩ d	w e ɪ t	w e ɪ t ə d	k e ɪ t ɹ̩ ə d	1	0	0
string	ʃ ɑː k	ʃ ɑː k t	ʃ ɑː k t	k ɑː k	k ɑː k t	ʃ ɑː k t	1	1	1
string	s æ n d w ɪ t͡ʃ	s æ n d w ɪ t͡ʃ t	s æ n d	s æ n d	s æ n d ə d	s æ n d w ɪ t͡ʃ ə d	1	0	0
string	w ɹ̩ d	w ɹ̩ d ə d	w ɹ̩ d ə d	w iː d	w iː d ə d	w ɹ̩ d ə d	1	1	1
string	ɔ r iː ɛ n t	ɔ r iː ɛ n t ə d	ɔ r iː n d	p r iː z ɛ n t	p r iː z ɛ n t ə d	ɔ r iː ɛ n t ə d	1	0	1
string	t æ t ə l	t æ t ə l d	t æ t ə l d	r æ t ə l	r æ t ə l d	t æ t ə l d	1	1	1
string	n e ɪ l	n e ɪ l d	n e ɪ l d	h e ɪ l	h e ɪ l d	n e ɪ l d	1	1	1
string	r iː p ɔ r t	r iː p ɔ r t ə d	r iː p ɔ r t ə d	s ə p ɔ r t	s ə p ɔ r t ə d	r iː p ɔ r t ə d	1	1	1
string	s l æ n t	s l æ n t ə d	s l æ n t ə d	s l æ p	s l æ p t	s l æ n t t	1	0	0
string	b æ n d	b æ n d ə d	b æ n d ə d	h æ n d	h æ n d ə d	b æ n d ə d	1	1	1
string	ɡ l ʌ v	ɡ l ʌ v d	ɡ l ʌ v d	l ʌ v	l ʌ v d	ɡ l ʌ v d	1	1	1
string	w ɪ ŋ k	w ɪ ŋ k t	w ɪ ŋ k	θ ɪ ŋ k	θ ɔ t	w ɔ t	1	0	0
string	ʃ ɪ p	ʃ ɪ p t	ʃ ɪ p t	ʃ e ɪ p	ʃ e ɪ p t	ʃ ɪ p t	1	1	1
string	ʃ iː r	ʃ iː r d	ʃ iː r d	p iː r	p iː r d	ʃ iː r d	1	1	1
string	k ɔ ɪ l	k ɔ ɪ l d	k ɔ ɪ l d	k ɪ l	k ɪ l d	k ɔ ɪ l d	1	1	1
string	p r ɛ ʃ ɹ̩	p r ɛ ʃ ɹ̩ d	p r ɛ ʃ ɹ̩ d	p ɛ p ɹ̩	p ɛ p ɹ̩ d	p r ɛ ʃ ɹ̩ d	1	1	1
string	b r a ɪ b	b r a ɪ b d	b r a ɪ b d	r a ɪ d	r o ʊ d	NA	1	0	0
string	ɡ r o ʊ n	ɡ r o ʊ n d	ɡ r o ʊ n d	ɡ r o ʊ	ɡ r uː	NA	1	0	0
string	z ɪ ɡ z æ ɡ	z ɪ ɡ z æ ɡ d	z ɪ ɡ z æ ɡ d	ɪ ɡ z æ k t	ɪ ɡ z æ k t ə d	z ɪ ɡ z æ ɡ ə d	1	0	0
string	f l iː	f l ɛ d	f l iː d	f r iː	f r iː d	f l iː d	0	1	0
string	f r ʌ s t r e ɪ t	f r ʌ s t r e ɪ t ə d	f r ʌ s t r e ɪ t ə d	r iː s t r e ɪ n	r iː s t r e ɪ n d	f r ʌ s t r e ɪ t d	1	0	0
string	j æ ŋ k	j æ ŋ k t	j æ ŋ k	θ ɪ ŋ k	θ ɔ t	NA	1	0	0
string	m ɪ n t	m ɪ n t ə d	m ɪ n t ə d	f e ɪ n t	f e ɪ n t ə d	m ɪ n t ə d	1	1	1
string	b o ʊ l t	b o ʊ l t ə d	b o ʊ l t ə d	b o ʊ l	b o ʊ l d	b o ʊ l t d	1	0	0
string	f iː l d	f iː l d ə d	f iː l d ə d	ʃ iː l d	ʃ iː l d ə d	f iː l d ə d	1	1	1
string	s k w ɛ l t͡ʃ	s k w ɛ l t͡ʃ t	s k w ɛ l t͡ʃ t	s k w ɛ r	s k w ɛ r d	s k w ɛ l t͡ʃ d	1	0	0
string	r a ʊ n d	r a ʊ n d ə d	r a ʊ n d ə d	b r a ʊ n	b r a ʊ n d	r a ʊ n d d	1	0	0
string	r iː ə d͡ʒ ʌ s t	r iː ə d͡ʒ ʌ s t ə d	r iː ə d͡ʒ ʌ s t ə d	ə d͡ʒ ʌ s t	ə d͡ʒ ʌ s t ə d	r iː ə d͡ʒ ʌ s t ə d	1	1	1
string	t w ɪ ŋ k ə l	t w ɪ ŋ k ə l d	t w ɪ ŋ k ə l d	t ɪ ŋ k ə l	t ɪ ŋ k ə l d	t w ɪ ŋ k ə l d	1	1	1
random	n iː d	n iː d ə d	n iː d ə d	t r æ n s k r a ɪ b	t r æ n s k r a ɪ b d	n iː d d	1	0	0
random	ɡ ɛ t	ɡ ɑː t	ɡ ɛ t	t ɔ n t	t ɔ n t ə d	ɡ ɛ t ə d	0	0	0
random	n e ɪ m	n e ɪ m d	n e ɪ m d	l ɛ d	l ɛ d ə d	n e ɪ m ə d	1	0	0
random	l uː p	l uː p t	l uː p t	s ɹ̩ v	s ɹ̩ v d	l uː p d	1	0	0
random	l ɪ s ə n	l ɪ s ə n d	l ɪ s ə n d	s t r e ɪ t ə n	s t r e ɪ t ə n d	l ɪ s ə n d	1	1	1
random	t ɔ k	t ɔ k t	t ɔ k t	w a ɪ p	w a ɪ p t	t ɔ k t	1	1	1
random	s p ɛ l	s p ɛ l d	s p ɛ l d	w æ ɡ	w æ ɡ d	s p ɛ l d	1	1	1
random	r o ʊ l	r o ʊ l d	r o ʊ l d	k æ n s ə l	k æ n s ə l d	r o ʊ l d	1	1	1
random	d ɪ s k ʌ v ɹ̩	d ɪ s k ʌ v ɹ̩ d	d ɪ s k ʌ v ɹ̩ d	w e ɪ l	w e ɪ l d	d ɪ s k ʌ v ɹ̩ d	1	1	1
random	r iː d	r ɛ d	r iː d ə d	k r a ɪ	k r a ɪ d	r iː d d	0	0	0
random	h iː r	h ɹ̩ d	h iː r d	z æ p	z æ p t	h iː r t	0	0	0
random	θ æ ŋ k	θ æ ŋ k t	θ æ ŋ k t	d r ɛ s	d r ɛ s t	θ æ ŋ k t	1	1	1
random	b r e ɪ k	b r o ʊ k	b r e ɪ k t	e ɪ d͡ʒ	e ɪ d͡ʒ d	b r e ɪ k d	0	0	0
random	l uː z	l ɔ s t	l uː z d	f a ɪ ɹ̩	f a ɪ ɹ̩ d	l uː z d	0	1	0
random	s t æ n d	s t ʊ d	s t æ n d ə d	ɛ n v ɛ l ə p	ɛ n v ɛ l ə p t	s t æ n d t	0	0	0
random	b r ʌ ʃ	b r ʌ ʃ t	b r ʌ ʃ t	b r e ɪ d	b r e ɪ d ə d	b r ʌ ʃ ə d	1	0	0
random	f l a ɪ	f l uː	f l a ɪ d	m ɑː r k ə t	m ɑː r k ə t ə d	f l a ɪ ə d	0	0	0
random	l a ɪ v	l a ɪ v d	l a ɪ v d	t æ p	t æ p t	l a ɪ v t	1	0	0
random	n ɪ t	n ɪ t ə d	n ɪ t	s m æ ʃ	s m æ ʃ t	n ɪ t t	1	0	0
random	t ɛ l	t o ʊ l d	t ɛ l d	k l iː n	k l iː n d	t ɛ l d	0	1	0
random	m e ɪ l	m e ɪ l d	m e ɪ l d	a ɪ	a ɪ d	m e ɪ l d	1	1	1
random	s k a ʊ t	s k a ʊ t ə d	s k a ʊ t ə d	s p ɛ n d	s p ɛ n t	NA	1	0	0
random	s l ɪ p	s l ɪ p t	s l ɪ p t	ʃ ʌ f ə l	ʃ ʌ f ə l d	s l ɪ p d	1	0	0
random	m ɪ k s	m ɪ k s t	m ɪ k s t	k uː l	k uː l d	m ɪ k s d	1	0	0
random	h o ʊ p	h o ʊ p t	h o ʊ p t	s k ɪ m	s k ɪ m d	h o ʊ p d	1	0	0
random	s ɛ t	s ɛ t	s ɛ t	p r uː v	p r uː v d	s ɛ t d	0	0	0
random	w ɑː t͡ʃ	w ɑː t͡ʃ t	w ɑː t͡ʃ t	d r ɪ l	d r ɪ l d	w ɑː t͡ʃ d	1	0	0
random	r iː t͡ʃ	r iː t͡ʃ t	r iː t͡ʃ t	s t æ k	s t æ k t	r iː t͡ʃ t	1	1	1
random	w ɹ̩ k	w ɹ̩ k t	w ɹ̩ k t	k ə n t r o ʊ l	k ə n t r o ʊ l d	w ɹ̩ k d	1	0	0
random	d͡ʒ ʌ m p	d͡ʒ ʌ m p t	d͡ʒ ʌ m p t	ɛ k o ʊ	ɛ k o ʊ d	d͡ʒ ʌ m p d	1	0	0
random	k r æ ʃ	k r æ ʃ t	k r æ ʃ t	b ɹ̩ n	b ɹ̩ n d	k r æ ʃ d	1	0	0
random	h ɛ l p	h ɛ l p t	h ɛ l p t	p l æ n	p l æ n d	h ɛ l p d	1	0	0
random	w e ɪ k	w o ʊ k	w e ɪ k t	h e ɪ t	h e ɪ t ə d	w e ɪ k ə d	0	0	0
random	k o ʊ ɑː p ɹ̩ e ɪ t	k o ʊ ɑː p ɹ̩ e ɪ t ə d	k o ʊ s p ɹ̩ e ɪ t ə d	ɔ r ɡ ə n a ɪ z	ɔ r ɡ ə n a ɪ z d	k o ʊ ɑː p ɹ̩ e ɪ t d	1	0	0
random	k æ r iː	k æ r iː d	k æ r iː d	p ɪ r s	p ɪ r s t	k æ r iː t	1	0	0
random	k ɹ̩ ɛ k t	k ɹ̩ ɛ k t ə d	k ɹ̩ ɛ k t ə d	t o ʊ s t	t o ʊ s t ə d	k ɹ̩ ɛ k t ə d	1	1	1
random	m ɪ l k	m ɪ l k t	m ɪ l k t	t iː t͡ʃ	t ɔ t	NA	1	0	0
random	m ɛ ʒ ɹ̩	m ɛ ʒ ɹ̩ d	m ɛ ʒ ɹ̩ d	d a ʊ n	d a ʊ n d	m ɛ ʒ ɹ̩ d	1	1	1
random	m ʌ n t͡ʃ	m ʌ n t͡ʃ t	m ʌ n t͡ʃ t	f iː d	f ɛ d	NA	1	0	0
random	l ɹ̩ n	l ɹ̩ n d	l ɹ̩ n d	p ɪ l ɹ̩	p ɪ l ɹ̩ d	l ɹ̩ n d	1	1	1
random	w ʌ n d ɹ̩	w ʌ n d ɹ̩ d	w ʌ n d ɹ̩ d	l ʌ v	l ʌ v d	w ʌ n d ɹ̩ d	1	1	1
random	k ɪ s	k ɪ s t	k ɪ s t	ɪ d͡ʒ ɛ k t	ɪ d͡ʒ ɛ k t ə d	k ɪ s ə d	1	0	0
random	h ɹ̩ iː	h ɹ̩ iː d	h ɹ̩ iː d	r ɪ d͡ʒ ɛ k t	r ɪ d͡ʒ ɛ k t ə d	h ɹ̩ iː ə d	1	0	0
random	s k r uː	s k r uː d	s k r uː d	p æ k	p æ k t	s k r uː t	1	0	0
random	f l æ p	f l æ p t	f l æ p t	k æ t͡ʃ	k ɔ t	NA	1	0	0
random	t͡ʃ o ʊ k	t͡ʃ o ʊ k t	t͡ʃ o ʊ k t	d ɑː k t ɹ̩	d ɑː k t ɹ̩ d	t͡ʃ o ʊ k d	1	0	0
random	b ɪ l ɔ ŋ	b ɪ l ɔ ŋ d	b ɪ l ɔ ŋ	k ɑː n s ə n t r e ɪ t	k ɑː n s ə n t r e ɪ t ə d	b ɪ l ɔ ŋ ə d	1	0	0
random	p e ɪ n t	p e ɪ n t ə d	p e ɪ n t ə d	s n æ p	s n æ p t	p e ɪ n t t	1	0	0
random	s t iː l	s t o ʊ l	s t iː l d	h æ ŋ	h ʌ ŋ	NA	0	0	0
random	s k ɛ r	s k ɛ r d	s k ɛ r d	k ɑː k	k ɑː k t	s k ɛ r t	1	0	0
random	r ɛ k ə ɡ n a ɪ z	r ɛ k ə ɡ n a ɪ z d	r ɛ k ə n ɡ a ɪ z d	t͡ʃ iː t	t͡ʃ iː t ə d	r ɛ k ə ɡ n a ɪ z ə d	1	0	0
random	h ɑː r p	h ɑː r p t	h ɑː r p t	k ɑː n	k ɑː n d	h ɑː r p d	1	0	0
random	s a ʊ n d	s a ʊ n d ə d	s a ʊ n d ə d	ʃ a ɪ n	ʃ a ɪ n d	s a ʊ n d d	1	0	0
random	s k w iː z	s k w iː z d	s k w iː z d	iː t	e ɪ t	NA	1	0	0
random	f a ɪ n d	f a ʊ n d	f a ɪ n d ə d	s m ɛ l	s m ɛ l d	f a ɪ n d d	0	0	0
random	s p ɪ l	s p ɪ l d	s p ɪ l d	d ɪ p ɛ n d	d ɪ p ɛ n d ə d	s p ɪ l ə d	1	0	0
random	s p ɔ ɪ l	s p ɔ ɪ l d	s p ɔ ɪ l d	θ r o ʊ	θ r uː	NA	1	0	0
random	d ɪ ŋ	d ɪ ŋ d	d ɪ ŋ d	s iː t	s iː t ə d	d ɪ ŋ ə d	1	0	0
random	t e ɪ p	t e ɪ p t	t e ɪ p t	ə t æ k	ə t æ k t	t e ɪ p t	1	1	1
random	b ʌ b ə l	b ʌ b ə l d	b ʌ b ə l d	ɡ r æ d͡ʒ ə w e ɪ t	ɡ r æ d͡ʒ ə w e ɪ t ə d	b ʌ b ə l ə d	1	0	0
random	r ə k ɔ r d	r ə k ɔ r d ə d	r ə k ɔ r d ə d	p ɔ ɪ n t	p ɔ ɪ n t ə d	r ə k ɔ r d ə d	1	1	1
random	d͡ʒ ʌ ɡ ə l	d͡ʒ ʌ ɡ ə l d	d͡ʒ ʌ ɡ ə l d	k ɑː r v	k ɑː r v d	d͡ʒ ʌ ɡ ə l d	1	1	1
random	p ʌ n t͡ʃ	p ʌ n t͡ʃ t	p ʌ n t͡ʃ t	r ɔ r	r ɔ r d	p ʌ n t͡ʃ d	1	0	0
random	k ɪ k	k ɪ k t	k ɪ k t	m ʌ f ə l	m ʌ f ə l d	k ɪ k d	1	0	0
random	b a ʊ n s	b a ʊ n s t	b a ʊ n s t	ɪ k s p l o ʊ d	ɪ k s p l o ʊ d ə d	b a ʊ n s ə d	1	0	0
random	p ɑː r t	p ɑː r t ə d	p ɑː r t ə d	k ə n ɛ k t	k ə n ɛ k t ə d	p ɑː r t ə d	1	1	1
random	k æ t ə l ɔ ɡ	k æ t ə l ɔ ɡ d	k æ t ə l ɔ ɡ d	p ʌ m p	p ʌ m p t	k æ t ə l ɔ ɡ t	1	0	0
random	b a ɪ s ɪ k ə l	b a ɪ s ɪ k ə l d	b a ɪ s t	s ɹ̩ t͡ʃ	s ɹ̩ t͡ʃ t	b a ɪ s ɪ k ə l t	1	0	0
random	o ʊ	o ʊ d	o ʊ d	f ɪ n ɪ ʃ	f ɪ n ɪ ʃ t	o ʊ t	1	0	0
random	k r æ k	k r æ k t	k r æ k t	d r ɑː p	d r ɑː p t	k r æ k t	1	1	1
random	p ɛ t	p ɛ t ə d	p ɛ t	s k æ m p ɹ̩	s k æ m p ɹ̩ d	p ɛ t d	1	0	0
random	l a ɪ t	l ɪ t	l a ɪ t ə d	d ɪ l ɪ v ɹ̩	d ɪ l ɪ v ɹ̩ d	l a ɪ t d	0	0	0
random	s k r æ t͡ʃ	s k r æ t͡ʃ t	s k r æ t͡ʃ t	ə p ɑː l ə d͡ʒ a ɪ z	ə p ɑː l ə d͡ʒ a ɪ z d	s k r æ t͡ʃ d	1	0	0
random	p ɑː p	p ɑː p t	p ɑː p t	t͡ʃ ɛ k	t͡ʃ ɛ k t	p ɑː p t	1	1	1
random	r ɑː b	r ɑː b d	r ɑː b d	k ɑː k	k ɑː k t	r ɑː b t	1	0	0
random	r ə f j uː z	r ə f j uː z d	r ə f j uː z d	b l uː m	b l uː m d	r ə f j uː z d	1	1	1
random	b ə l uː n	b ə l uː n d	b ə l uː n d	d ɑː k t ɹ̩	d ɑː k t ɹ̩ d	b ə l uː n d	1	1	1
random	r æ p	r æ p t	r æ p t	t r iː t	t r iː t ə d	r æ p ə d	1	0	0
random	s l a ɪ s	s l a ɪ s t	s l a ɪ s t	d ʌ b ə l	d ʌ b ə l d	s l a ɪ s d	1	0	0
random	d ɪ ʃ	d ɪ ʃ t	d ɪ ʃ t	t iː t͡ʃ	t ɔ t	NA	1	0	0
random	r ɪ s p ɛ k t	r ɪ s p ɛ k t ə d	r ɪ s p ɛ k t ə d	m ɛ n d	m ɛ n d ə d	r ɪ s p ɛ k t ə d	1	1	1
random	t r ɪ m	t r ɪ m d	t r ɪ m d	s p iː k	s p o ʊ k	NA	1	0	0
random	d æ ʃ	d æ ʃ t	d æ ʃ t	p r ə n a ʊ n s	p r ə n a ʊ n s t	d æ ʃ t	1	1	1
random	k ɪ d	k ɪ d ə d	k ɪ d ə d	f ɑː l o ʊ	f ɑː l o ʊ d	k ɪ d d	1	0	0
random	ɪ n k l uː d	ɪ n k l uː d ə d	ɪ n k l uː d uː d	b l ɛ n d	b l ɛ n d ə d	ɪ n k l uː d ə d	1	0	1
random	r ɪ ŋ k ə l	r ɪ ŋ k ə l d	r ɪ ŋ k ə l d	b r æ n t͡ʃ	b r æ n t͡ʃ t	r ɪ ŋ k ə l t	1	0	0
random	h ɑː p	h ɑː p t	h ɑː p t	p ɛ l t	p ɛ l t ə d	h ɑː p ə d	1	0	0
random	p ɔ ɪ z ə n	p ɔ ɪ z ə n d	p ɔ ɪ z ə n d	d r ʌ ɡ	d r ʌ ɡ d	p ɔ ɪ z ə n d	1	1	1
random	ə p l a ɪ	ə p l a ɪ d	ə p l a ɪ d	d ɑː t	d ɑː t ə d	ə p l a ɪ ə d	1	0	0
random	h ɛ d	h ɛ d ə d	h ɛ d ə d	t͡ʃ iː r	t͡ʃ iː r d	h ɛ d d	1	0	0
random	ɡ r æ v ə t e ɪ t	ɡ r æ v ə t e ɪ t ə d	ɡ r æ v ə t e ɪ t ə d	e ɪ d͡ʒ	e ɪ d͡ʒ d	ɡ r æ v ə t e ɪ t d	1	0	0
random	f a ɪ l	f a ɪ l d	f a ɪ l d	b iː p	b iː p t	f a ɪ l t	1	0	0
random	d ɪ p	d ɪ p t	d ɪ p t	w ɔ n t	w ɔ n t ə d	d ɪ p ə d	1	0	0
random	b l e ɪ m	b l e ɪ m d	b l e ɪ m d	ɡ iː r	ɡ iː r d	b l e ɪ m d	1	1	1
random	w ɑː b ə l	w ɑː b ə l d	w ɑː b ə l d	d ʌ b	d ʌ b d	w ɑː b ə l d	1	1	1
random	o ʊ v ɹ̩ h æ ŋ	o ʊ v ɹ̩ h ʌ ŋ	o ʊ v ɹ̩ h ɹ̩ d͡ʒ d	s k r ɪ b ə l	s k r ɪ b ə l d	o ʊ v ɹ̩ h æ ŋ d	0	0	0
random	k w ɪ t	k w ɪ t	k w ɪ t ə d	p r ə v a ɪ d	p r ə v a ɪ d ə d	k w ɪ t ə d	0	1	0
random	ə p o ʊ z	ə p o ʊ z d	ə p o ʊ z d	d o ʊ l	d o ʊ l d	ə p o ʊ z d	1	1	1
random	s ə l uː t	s ə l uː t ə d	s ə l uː t ə d	s k æ m p ɹ̩	s k æ m p ɹ̩ d	s ə l uː t d	1	0	0
random	ɛ m p t iː	ɛ m p t iː d	ɛ m p t iː d	b ʌ s t	b ʌ s t ə d	ɛ m p t iː ə d	1	0	0
random	t ʌ k	t ʌ k t	t ʌ k t	f a ɪ t	f ɔ t	NA	1	0	0
random	f ɪ ŋ ɡ ɹ̩	f ɪ ŋ ɡ ɹ̩ d	f ɪ ŋ ɡ ɹ̩ d	t ɛ r ə r a ɪ z	t ɛ r ə r a ɪ z d	f ɪ ŋ ɡ ɹ̩ d	1	1	1
random	p iː t ɹ̩	p iː t ɹ̩ d	p iː t ɹ̩ d	w e ɪ s t	w e ɪ s t ə d	p iː t ɹ̩ ə d	1	0	0
random	b æ k	b æ k t	b æ k t	p r ɛ s	p r ɛ s t	b æ k t	1	1	1
random	s t æ m p	s t æ m p t	s t æ m p t	l ʌ v	l ʌ v d	s t æ m p d	1	0	0
random	a ɪ s	a ɪ s t	a ɪ s t	f iː l	f ɛ l t	NA	1	0	0
random	r ɪ p ɛ l	r ɪ p ɛ l d	r ɪ p ɛ l d	æ k s ɛ p t	æ k s ɛ p t ə d	r ɪ p ɛ l ə d	1	0	0
random	b ʌ t ɹ̩	b ʌ t ɹ̩ d	b ʌ t ɹ̩ d	ɡ r e ɪ s	ɡ r e ɪ s t	b ʌ t ɹ̩ t	1	0	0
random	r ɑː t	r ɑː t ə d	r ɑː t ə d	p e ɪ s t	p e ɪ s t ə d	r ɑː t ə d	1	1	1
random	p a ʊ d ɹ̩	p a ʊ d ɹ̩ d	p a ʊ d ɹ̩ d	r uː l	r uː l d	p a ʊ d ɹ̩ d	1	1	1
random	b o ʊ t	b o ʊ t ə d	b o ʊ t ə d	k e ɪ k	k e ɪ k t	b o ʊ t t	1	0	0
random	r e ɪ k	r e ɪ k t	r e ɪ k t	ɪ m æ d͡ʒ ə n	ɪ m æ d͡ʒ ə n d	r e ɪ k d	1	0	0
random	s n æ k	s n æ k t	s n æ k t	ɡ r e ɪ t	ɡ r e ɪ t ə d	s n æ k ə d	1	0	0
random	s l o ʊ	s l o ʊ d	s l o ʊ d	s k ɛ d͡ʒ ʊ l	s k ɛ d͡ʒ ʊ l d	s l o ʊ d	1	1	1
random	ə t æ t͡ʃ	ə t æ t͡ʃ t	ə t æ t͡ʃ t	l æ f	l æ f t	ə t æ t͡ʃ t	1	1	1
random	t ɑː p	t ɑː p t	t ɑː p t	p ɑː l ɪ ʃ	p ɑː l ɪ ʃ t	t ɑː p t	1	1	1
random	p l e ɪ t	p l e ɪ t ə d	p l e ɪ t ə d	t o ʊ	t o ʊ d	p l e ɪ t d	1	0	0
random	v æ k j uː m	v æ k j uː m d	v æ k j uː m d	iː k w ə l	iː k w ə l d	v æ k j uː m d	1	1	1
random	s m æ k	s m æ k t	s m æ k t	p æ k	p æ k t	s m æ k t	1	1	1
random	s t e ɪ p ə l	s t e ɪ p ə l d	s t e ɪ p ə l d	f ʌ d͡ʒ	f ʌ d͡ʒ d	s t e ɪ p ə l d	1	1	1
random	k ə m p l e ɪ n	k ə m p l e ɪ n d	k ə m p l e ɪ n d	f ɔ r s	f ɔ r s t	k ə m p l e ɪ n t	1	0	0
random	ɡ æ s p	ɡ æ s p t	ɡ æ s p t	ɪ k s a ɪ t	ɪ k s a ɪ t ə d	ɡ æ s p ə d	1	0	0
random	ɪ k s p ɛ k t	ɪ k s p ɛ k t ə d	ɪ k s p ɛ k t ə d	w iː l	w iː l d	ɪ k s p ɛ k t d	1	0	0
random	f l æ ɡ	f l æ ɡ d	f l æ ɡ d	h ɹ̩ t	h ɹ̩ t	f l æ ɡ	1	0	0
random	j ɔ n	j ɔ n d	j ɔ n d	s ɹ̩ t͡ʃ	s ɹ̩ t͡ʃ t	j ɔ n t	1	0	0
random	f o ʊ n	f o ʊ n d	f o ʊ n d	f r ɛ ʃ ə n	f r ɛ ʃ ə n d	f o ʊ n d	1	1	1
random	p l æ n t	p l æ n t ə d	p l æ n t ə d	s t iː r	s t iː r d	p l æ n t d	1	0	0
random	s p uː k	s p uː k t	s p uː k t	k l ɪ k	k l ɪ k t	s p uː k t	1	1	1
random	b iː m	b iː m d	b iː m d	d ɪ ɡ	d ʌ ɡ	NA	1	0	0
random	z ɪ p ɹ̩	z ɪ p ɹ̩ d	z ɪ p ɹ̩ d	t e ɪ k	t ʊ k	NA	1	0	0
random	f l ʌ ʃ	f l ʌ ʃ t	f l ʌ ʃ t	m a ʊ ð	m a ʊ ð d	f l ʌ ʃ d	1	0	0
random	ə b d͡ʒ ɛ k t	ə b d͡ʒ ɛ k t ə d	ə b d͡ʒ ɛ k t ə d	k ɑː p iː	k ɑː p iː d	ə b d͡ʒ ɛ k t d	1	0	0
random	l ɛ n d	l ɛ n t	l ɛ n d ə d	t r ʌ b ə l	t r ʌ b ə l d	l ɛ n d d	0	0	0
random	w ɪ ŋ	w ɪ ŋ d	w ɪ ŋ d	t r ɪ p	t r ɪ p t	w ɪ ŋ t	1	0	0
random	b a ɪ k	b a ɪ k t	b ɪ k	s iː p	s iː p t	b a ɪ k t	1	0	1
random	ə n b ʌ t ə n	ə n b ʌ t ə n d	ə n b ʌ t ə n d	m ʌ ʃ r uː m	m ʌ ʃ r uː m d	ə n b ʌ t ə n d	1	1	1
random	k r a ʊ d	k r a ʊ d ə d	k r a ʊ d ə d	w ɪ l	w ɪ l d	k r a ʊ d d	1	0	0
random	d r ɪ b ə l	d r ɪ b ə l d	d r ɪ b ə l d	k ɑː m p r ə m a ɪ z	k ɑː m p r ə m a ɪ z d	d r ɪ b ə l d	1	1	1
random	b r ɛ d	b r ɛ d ə d	b r ɛ d ə d	w e ɪ s t	w e ɪ s t ə d	b r ɛ d ə d	1	1	1
random	h æ t͡ʃ	h æ t͡ʃ t	h æ t͡ʃ t	s t ɔ r	s t ɔ r d	h æ t͡ʃ d	1	0	0
random	b l iː t͡ʃ	b l iː t͡ʃ t	b l iː t͡ʃ t	s k æ n	s k æ n d	b l iː t͡ʃ d	1	0	0
random	ə v ɔ ɪ d	ə v ɔ ɪ d ə d	ə v ɔ ɪ d ə d	æ m b ʊ ʃ	æ m b ʊ ʃ t	ə v ɔ ɪ d t	1	0	0
random	b ɑː t ə m	b ɑː t ə m d	b ɑː t ə m d	ə l a ʊ	ə l a ʊ d	b ɑː t ə m d	1	1	1
random	s t ɑː r	s t ɑː r d	s t ɑː r d	s p iː k	s p o ʊ k	NA	1	0	0
random	d ɪ f ɛ n d	d ɪ f ɛ n d ə d	d ɪ f ɛ n d ə d	s a ɪ	s a ɪ d	d ɪ f ɛ n d d	1	0	0
random	s ɑː k	s ɑː k t	s ɑː k t	ʃ ɛ r	ʃ ɛ r d	s ɑː k d	1	0	0
random	ɪ ɡ z æ m ɪ n	ɪ ɡ z æ m ɪ n d	ɪ ɡ z æ m ɪ n d	p iː	p iː d	ɪ ɡ z æ m ɪ n d	1	1	1
random	ɪ l æ b ɹ̩ e ɪ t	ɪ l æ b ɹ̩ e ɪ t ə d	ɪ l æ b ɹ̩ e ɪ t ə d	k ɑː r v	k ɑː r v d	ɪ l æ b ɹ̩ e ɪ t d	1	0	0
random	b ɑː t ə l	b ɑː t ə l d	b ɑː t ə l d	b r æ n t͡ʃ	b r æ n t͡ʃ t	b ɑː t ə l t	1	0	0
random	m a ʊ n t	m a ʊ n t ə d	m a ʊ n t ə d	ɪ n v a ɪ t	ɪ n v a ɪ t ə d	m a ʊ n t ə d	1	1	1
random	s t ʌ m b ə l	s t ʌ m b ə l d	s t ʌ m b ə l d	t r ɑː t	t r ɑː t ə d	s t ʌ m b ə l ə d	1	0	0
random	r ɛ s k j uː	r ɛ s k j uː d	r ɛ s k j uː uː	f a ɪ ɹ̩	f a ɪ ɹ̩ d	r ɛ s k j uː d	1	0	1
random	p o ʊ t͡ʃ	p o ʊ t͡ʃ t	p o ʊ t͡ʃ t	m ɛ r iː	m ɛ r iː d	p o ʊ t͡ʃ d	1	0	0
random	r o ʊ m	r o ʊ m d	r o ʊ m d	s w ɑː p	s w ɑː p t	r o ʊ m t	1	0	0
random	k l æ m p	k l æ m p t	k l æ m p t	h ɑː l ɹ̩	h ɑː l ɹ̩ d	k l æ m p d	1	0	0
random	r iː v æ m p	r iː v æ m p t	r iː v æ m p t	p iː l	p iː l d	r iː v æ m p d	1	0	0
random	s p e ɪ s	s p e ɪ s t	s p e ɪ s t	m a ʊ ð	m a ʊ ð d	s p e ɪ s d	1	0	0
random	k ʌ d ə l	k ʌ d ə l d	k ʌ d ə l d	s ɹ̩ p r a ɪ z	s ɹ̩ p r a ɪ z d	k ʌ d ə l d	1	1	1
random	ɑː p ɹ̩ e ɪ t	ɑː p ɹ̩ e ɪ t ə d	ɑː p ɹ̩ e ɪ t ə d	ɡ ʌ l p	ɡ ʌ l p t	ɑː p ɹ̩ e ɪ t t	1	0	0
random	b ʌ k ə l	b ʌ k ə l d	b ʌ k ə l d	f ʌ k	f ʌ k t	b ʌ k ə l t	1	0	0
random	s t ʌ d iː	s t ʌ d iː d	s t ʌ d iː d	d ʌ m p	d ʌ m p t	s t ʌ d iː t	1	0	0
random	b æ n ɪ ʃ	b æ n ɪ ʃ t	b æ n ɪ ʃ t	k r iː m	k r iː m d	b æ n ɪ ʃ d	1	0	0
random	s t r ɪ p	s t r ɪ p t	s t r ɪ p t	f iː r	f iː r d	s t r ɪ p d	1	0	0
random	d ʌ ŋ k	d ʌ ŋ k t	d ʌ ŋ k	d ɔ ɡ	d ɔ ɡ d	d ʌ ŋ k d	1	0	0
random	h ʌ v ɹ̩	h ʌ v ɹ̩ d	h ʌ v ɹ̩ d	k ɑː n	k ɑː n d	h ʌ v ɹ̩ d	1	1	1
random	b æ ɡ	b æ ɡ d	b æ ɡ d	s ɛ l ə b r e ɪ t	s ɛ l ə b r e ɪ t ə d	b æ ɡ ə d	1	0	0
random	p æ m p ɹ̩	p æ m p ɹ̩ d	p æ m p ɹ̩ d	p æ t͡ʃ	p æ t͡ʃ t	p æ m p ɹ̩ t	1	0	0
random	r iː t r iː v	r iː t r iː v d	r iː t r iː v d	r iː p l e ɪ s	r iː p l e ɪ s t	r iː t r iː v t	1	0	0
random	b l æ ŋ k ə t	b l æ ŋ k ə t ə d	b l æ ŋ k ə t ə d	t ʌ ɡ	t ʌ ɡ d	b l æ ŋ k ə t d	1	0	0
random	s a ɪ z	s a ɪ z d	s a ɪ z d	d ɪ s a ɪ d	d ɪ s a ɪ d ə d	s a ɪ z ə d	1	0	0
random	t æ k ə l	t æ k ə l d	t æ k ə l d	f ʌ k	f ʌ k t	t æ k ə l t	1	0	0
random	w ɑː f ə l	w ɑː f ə l d	w ɑː f ə l d	f r ʌ n t	f r ʌ n t ə d	w ɑː f ə l ə d	1	0	0
random	s k æ t ɹ̩	s k æ t ɹ̩ d	s k æ t ɹ̩ d	ə w ɔ r d	ə w ɔ r d ə d	s k æ t ɹ̩ ə d	1	0	0
random	t ʌ m b ə l	t ʌ m b ə l d	t ʌ m b ə l d	n ɹ̩ s	n ɹ̩ s t	t ʌ m b ə l t	1	0	0
random	p a ʊ n d	p a ʊ n d ə d	p a ʊ n d ə d	t͡ʃ uː	t͡ʃ uː d	p a ʊ n d d	1	0	0
random	w ɑː d	w ɑː d ə d	w ɑː d ə d	k ə m b a ɪ n	k ə m b a ɪ n d	w ɑː d d	1	0	0
random	d͡ʒ ɑː ɡ	d͡ʒ ɑː ɡ d	d͡ʒ ɑː ɡ d	r ɔ ŋ	r ɔ ŋ d	d͡ʒ ɑː ɡ d	1	1	1
random	r iː p l æ n t	r iː p l æ n t ə d	r iː p l æ l t ə d	p iː	p iː d	r iː p l æ n t d	1	0	0
random	s t e ɪ b ə l a ɪ z	s t e ɪ b ə l a ɪ z d	s t ə l d	m a ɪ n	m a ɪ n d	s t e ɪ b ə l a ɪ z d	1	0	1
random	ʃ ɛ d	ʃ ɛ d ə d	ʃ ɛ d	t ʌ t͡ʃ	t ʌ t͡ʃ t	ʃ ɛ d t	1	0	0
random	k ə l æ p s	k ə l æ p s t	k ə l æ p s t	k ə n t r o ʊ l	k ə n t r o ʊ l d	k ə l æ p s d	1	0	0
random	f l e ɪ v ɹ̩	f l e ɪ v ɹ̩ d	f l e ɪ v ɹ̩ d	ə l a ʊ	ə l a ʊ d	f l e ɪ v ɹ̩ d	1	1	1
random	d ɪ z ɑː l v	d ɪ z ɑː l v d	d ɪ z ɑː l v d	p r ɛ s	p r ɛ s t	d ɪ z ɑː l v t	1	0	0
random	r iː k w a ɪ ɹ̩	r iː k w a ɪ ɹ̩ d	r iː k w a ɪ ɹ̩ d	f ɪ ʃ	f ɪ ʃ t	r iː k w a ɪ ɹ̩ t	1	0	0
random	d r a ʊ n	d r a ʊ n d	d r a ʊ n d	p ɔ	p ɔ d	d r a ʊ n d	1	1	1
random	t r æ n s f ɔ r m	t r æ n s f ɔ r m d	t r æ n f s f r f r æ n t ə d	ə f ɛ k t	ə f ɛ k t ə d	t r æ n s f ɔ r m ə d	1	0	0
random	d ɪ z a ɪ n	d ɪ z a ɪ n d	d ɪ z a ɪ n d	s k ɪ p	s k ɪ p t	d ɪ z a ɪ n t	1	0	0
random	r ɪ z ɪ s t	r ɪ z ɪ s t ə d	r ɪ z ɪ s t ə d	ɡ r e ɪ d	ɡ r e ɪ d ə d	r ɪ z ɪ s t ə d	1	1	1
random	ɡ r æ p ə l	ɡ r æ p ə l d	ɡ r æ p ə l d	s k r æ m b ə l	s k r æ m b ə l d	ɡ r æ p ə l d	1	1	1
random	ə d r ɛ s	ə d r ɛ s t	ə d r ɛ s t	s iː m	s iː m d	ə d r ɛ s d	1	0	0
random	k l ɑː k	k l ɑː k t	k l ɑː k t	t ɔ n t	t ɔ n t ə d	k l ɑː k ə d	1	0	0
random	r iː f r ɛ ʃ	r iː f r ɛ ʃ t	r iː f r ɛ ʃ t	s k w ɹ̩ t	s k w ɹ̩ t ə d	r iː f r ɛ ʃ ə d	1	0	0
random	ə n l ɑː k	ə n l ɑː k t	ə n l ɑː k t	n ɔ	n ɔ d	ə n l ɑː k d	1	0	0
random	b ɔ r d	b ɔ r d ə d	b ɔ r d ə d	s t ɑː m p	s t ɑː m p t	b ɔ r d t	1	0	0
random	p r ɪ d ɪ k t	p r ɪ d ɪ k t ə d	p r ɪ d	ʃ iː l d	ʃ iː l d ə d	p r ɪ d ɪ k t ə d	1	0	1
random	t͡ʃ æ t	t͡ʃ æ t ə d	t͡ʃ æ t ə d	b ɑː r ɡ ə n	b ɑː r ɡ ə n d	t͡ʃ æ t d	1	0	0
random	ɡ æ l ə p	ɡ æ l ə p t	ɡ æ l ə p t	l ɪ t ɹ̩	l ɪ t ɹ̩ d	ɡ æ l ə p d	1	0	0
random	r e ɪ d iː e ɪ t	r e ɪ d iː e ɪ t ə d	r e ɪ d iː e ɪ t ə d	s ɪ ŋ	s æ ŋ	NA	1	0	0
random	e ɪ m	e ɪ m d	e ɪ m d	ə t æ k	ə t æ k t	e ɪ m t	1	0	0
random	ɑː r m	ɑː r m d	ɑː r m d	k ʌ l ɹ̩	k ʌ l ɹ̩ d	ɑː r m d	1	1	1
random	p ɹ̩ k	p ɹ̩ k t	p ɹ̩ k t	ʃ ʌ v	ʃ ʌ v d	p ɹ̩ k d	1	0	0
random	ɛ k s ɹ̩ s a ɪ z	ɛ k s ɹ̩ s a ɪ z d	ɛ k s ɹ̩ s a ɪ z d	p ʌ f	p ʌ f t	ɛ k s ɹ̩ s a ɪ z t	1	0	0
random	s t ɪ ŋ k	s t ʌ ŋ k	s t ʌ ŋ k	l ɑː k	l ɑː k t	s t ɪ ŋ k t	0	0	0
random	r ə s iː v	r ə s iː v d	r ə s iː v d	k r a ɪ	k r a ɪ d	r ə s iː v d	1	1	1
random	d a ɪ n	d a ɪ n d	d a ɪ n d	p l ʌ ɡ	p l ʌ ɡ d	d a ɪ n d	1	1	1
random	ə d v æ n s	ə d v æ n s t	ə d v æ n s t	o ʊ n	o ʊ n d	ə d v æ n s d	1	0	0
random	ə p r o ʊ t͡ʃ	ə p r o ʊ t͡ʃ t	ə p r o ʊ t͡ʃ t	w ɹ̩ iː	w ɹ̩ iː d	ə p r o ʊ t͡ʃ d	1	0	0
random	s k ʌ f	s k ʌ f t	s k ʌ f t	d ʌ m p	d ʌ m p t	s k ʌ f t	1	1	1
random	t æ n	t æ n d	t æ n d	b ɑː r o ʊ	b ɑː r o ʊ d	t æ n d	1	1	1
random	ə s o ʊ s iː e ɪ t	ə s o ʊ s iː e ɪ t ə d	ə s o ʊ s iː e ɪ t ə d	f ɪ t	f ɪ t	ə s o ʊ s iː e ɪ t	1	0	0
random	s p ʌ t ɹ̩	s p ʌ t ɹ̩ d	s p ʌ t ɹ̩ d	k ɑː m p r ə m a ɪ z	k ɑː m p r ə m a ɪ z d	s p ʌ t ɹ̩ d	1	1	1
random	t e ɪ b ə l	t e ɪ b ə l d	t e ɪ b ə l d	f ɪ l m	f ɪ l m d	t e ɪ b ə l d	1	1	1
random	s n æ t͡ʃ	s n æ t͡ʃ t	s n æ t͡ʃ t	ə p s ɛ t	ə p s ɛ t	s n æ t͡ʃ	1	0	0
random	æ n t ɪ s ə p e ɪ t	æ n t ɪ s ə p e ɪ t ə d	æ n t ə s ə p e ɪ t ə d	s m a ɪ l	s m a ɪ l d	æ n t ɪ s ə p e ɪ t d	1	0	0
random	h ʌ s ə l	h ʌ s ə l d	h ʌ s ə l d	r ɪ p	r ɪ p t	h ʌ s ə l t	1	0	0
random	k r ʌ n t͡ʃ	k r ʌ n t͡ʃ t	k r ʌ n t͡ʃ t	ɡ a ʊ d͡ʒ	ɡ a ʊ d͡ʒ d	k r ʌ n t͡ʃ d	1	0	0
random	ə n p l ʌ ɡ	ə n p l ʌ ɡ d	ə n p l ʌ ɡ d	ə t æ k	ə t æ k t	ə n p l ʌ ɡ t	1	0	0
random	w ɪ s ə l	w ɪ s ə l d	w ɪ s ə l d	r ʌ f ə l	r ʌ f ə l d	w ɪ s ə l d	1	1	1
random	d ɪ l iː t	d ɪ l iː t ə d	d ɪ l iː t ə d	k ɔ l	k ɔ l d	d ɪ l iː t d	1	0	0
random	k ə l a ɪ d	k ə l a ɪ d ə d	k ə l a ɪ d ə d	w e ɪ l	w e ɪ l d	k ə l a ɪ d d	1	0	0
random	t ɪ k	t ɪ k t	t ɪ k t	h ɔ k	h ɔ k t	t ɪ k t	1	1	1
random	b l æ s t	b l æ s t ə d	b l æ s t ə d	t ɔ s	t ɔ s t	b l æ s t t	1	0	0
random	k r ʌ ʃ	k r ʌ ʃ t	k r ʌ ʃ t	e ɪ d	e ɪ d ə d	k r ʌ ʃ ə d	1	0	0
random	r ʌ f	r ʌ f t	r ʌ f t	f r æ ŋ k	f r æ ŋ k t	r ʌ f t	1	1	1
random	ɪ m p r ɛ s	ɪ m p r ɛ s t	ɪ m p r ɛ s t	r ɪ ŋ	r æ ŋ	NA	1	0	0
random	r iː f ɪ l	r iː f ɪ l d	r iː f ɪ l d	b iː t	b iː t	r iː f ɪ l	1	0	0
random	w ɑː n d ɹ̩	w ɑː n d ɹ̩ d	w ɑː n d ɹ̩ d	h ɑː l ɹ̩	h ɑː l ɹ̩ d	w ɑː n d ɹ̩ d	1	1	1
random	s ə s t e ɪ n	s ə s t e ɪ n d	s ə s t e ɪ n d	s t ɑː m p	s t ɑː m p t	s ə s t e ɪ n t	1	0	0
random	s t ʌ b	s t ʌ b d	s t ʌ b d	b r æ n t͡ʃ	b r æ n t͡ʃ t	s t ʌ b t	1	0	0
random	l ɛ v ə l	l ɛ v ə l d	l ɛ v ə l d	l æ n d	l æ n d ə d	l ɛ v ə l ə d	1	0	0
random	s p ɛ s ə f a ɪ	s p ɛ s ə f a ɪ d	s p ɛ s t ə m a ɪ p t	ɪ k s p l o ʊ d	ɪ k s p l o ʊ d ə d	s p ɛ s ə f a ɪ ə d	1	0	0
random	k e ɪ t ɹ̩	k e ɪ t ɹ̩ d	k e ɪ t ɹ̩ d	s t æ ʃ	s t æ ʃ t	k e ɪ t ɹ̩ t	1	0	0
random	ʃ ɑː k	ʃ ɑː k t	ʃ ɑː k t	d r e ɪ n	d r e ɪ n d	ʃ ɑː k d	1	0	0
random	s æ n d w ɪ t͡ʃ	s æ n d w ɪ t͡ʃ t	s æ n d	r e ɪ z	r e ɪ z d	s æ n d w ɪ t͡ʃ d	1	0	0
random	w ɹ̩ d	w ɹ̩ d ə d	w ɹ̩ d ə d	s ɛ n d	s ɛ n t	w ɹ̩ t	1	0	0
random	ɔ r iː ɛ n t	ɔ r iː ɛ n t ə d	ɔ r iː n d	m a ɪ n d	m a ɪ n d ə d	ɔ r iː ɛ n t ə d	1	0	1
random	t æ t ə l	t æ t ə l d	t æ t ə l d	r iː m a ɪ n d	r iː m a ɪ n d ə d	t æ t ə l ə d	1	0	0
random	n e ɪ l	n e ɪ l d	n e ɪ l d	t a ɪ	t a ɪ d	n e ɪ l d	1	1	1
random	r iː p ɔ r t	r iː p ɔ r t ə d	r iː p ɔ r t ə d	l iː k	l iː k t	r iː p ɔ r t t	1	0	0
random	s l æ n t	s l æ n t ə d	s l æ n t ə d	s w ɑː l o ʊ	s w ɑː l o ʊ d	s l æ n t d	1	0	0
random	b æ n d	b æ n d ə d	b æ n d ə d	k æ t͡ʃ	k ɔ t	NA	1	0	0
random	ɡ l ʌ v	ɡ l ʌ v d	ɡ l ʌ v d	ə b z ɔ r b	ə b z ɔ r b d	ɡ l ʌ v d	1	1	1
random	w ɪ ŋ k	w ɪ ŋ k t	w ɪ ŋ k	f r iː	f r iː d	w ɪ ŋ k d	1	0	0
random	ʃ ɪ p	ʃ ɪ p t	ʃ ɪ p t	iː k w ə l	iː k w ə l d	ʃ ɪ p d	1	0	0
random	ʃ iː r	ʃ iː r d	ʃ iː r d	m æ t͡ʃ	m æ t͡ʃ t	ʃ iː r t	1	0	0
random	k ɔ ɪ l	k ɔ ɪ l d	k ɔ ɪ l d	d ɑː n	d ɑː n d	k ɔ ɪ l d	1	1	1
random	p r ɛ ʃ ɹ̩	p r ɛ ʃ ɹ̩ d	p r ɛ ʃ ɹ̩ d	ɡ o ʊ	w ɛ n t	NA	1	0	0
random	b r a ɪ b	b r a ɪ b d	b r a ɪ b d	k ə n t ɛ n t	k ə n t ɛ n t ə d	b r a ɪ b ə d	1	0	0
random	ɡ r o ʊ n	ɡ r o ʊ n d	ɡ r o ʊ n d	t͡ʃ iː t	t͡ʃ iː t ə d	ɡ r o ʊ n ə d	1	0	0
random	z ɪ ɡ z æ ɡ	z ɪ ɡ z æ ɡ d	z ɪ ɡ z æ ɡ d	ə n d ɹ̩ s t æ n d	ə n d ɹ̩ s t ʊ d	NA	1	0	0
random	f l iː	f l ɛ d	f l iː d	ɛ ɡ	ɛ ɡ d	f l iː d	0	1	0
random	f r ʌ s t r e ɪ t	f r ʌ s t r e ɪ t ə d	f r ʌ s t r e ɪ t ə d	m ʌ s ə l	m ʌ s ə l d	f r ʌ s t r e ɪ t d	1	0	0
random	j æ ŋ k	j æ ŋ k t	j æ ŋ k	r ʌ b	r ʌ b d	j æ ŋ k d	1	0	0
random	m ɪ n t	m ɪ n t ə d	m ɪ n t ə d	p r ɛ s	p r ɛ s t	m ɪ n t t	1	0	0
random	b o ʊ l t	b o ʊ l t ə d	b o ʊ l t ə d	t r ɛ ʒ ɹ̩	t r ɛ ʒ ɹ̩ d	b o ʊ l t d	1	0	0
random	f iː l d	f iː l d ə d	f iː l d ə d	b ɪ ɡ ɪ n	b ɪ ɡ æ n	NA	1	0	0
random	s k w ɛ l t͡ʃ	s k w ɛ l t͡ʃ t	s k w ɛ l t͡ʃ t	l ɔ n t͡ʃ	l ɔ n t͡ʃ t	s k w ɛ l t͡ʃ t	1	1	1
random	r a ʊ n d	r a ʊ n d ə d	r a ʊ n d ə d	ɛ m b r e ɪ s	ɛ m b r e ɪ s t	r a ʊ n d t	1	0	0
random	r iː ə d͡ʒ ʌ s t	r iː ə d͡ʒ ʌ s t ə d	r iː ə d͡ʒ ʌ s t ə d	ɡ r ɪ n	ɡ r ɪ n d	r iː ə d͡ʒ ʌ s t d	1	0	0
random	t w ɪ ŋ k ə l	t w ɪ ŋ k ə l d	t w ɪ ŋ k ə l d	b l ɪ ŋ k	b l ɪ ŋ k t	t w ɪ ŋ k ə l t	1	0	0
