neighbors	src	gold	pred	neighbor_src	neighbor_out	neighbor_gold	analogy	matches_pred	matches_gold	class_gold	class_pred	class_neighbor
model_sep	s iː	s ɔ	s iː d	s ɔ	s ɔ d	s ɔ d	s iː d	1	0	vowel_change	reg_d	reg_d
model_sep	ɡ ɛ t	ɡ ɑː t	ɡ ɛ t	ɡ æ s	ɡ æ s t	ɡ æ s t	ɡ ɛ t t	0	0	vowel_change	no_change	reg_t
model_sep	n ɑː k	n ɑː k t	n ɑː k t	n æ p	n æ p t	n æ p t	n ɑː k t	1	1	reg_t	reg_t	reg_t
model_sep	θ ɪ ŋ k	θ ɔ t	θ ɪ ŋ k t	θ æ ŋ k	θ æ ŋ k t	θ æ ŋ k t	θ ɪ ŋ k t	1	0	rhyme_replaced	reg_t	reg_t
model_sep	k l iː n	k l iː n d	k l iː n d	k r iː m	k r iː m d	k r iː m d	k l iː n d	1	1	reg_d	reg_d	reg_d
model_sep	b ɪ l iː v	b ɪ l iː v d	b ɪ l iː v d	b l æ ŋ k	b l æ ŋ k t	b l æ ŋ k t	b ɪ l iː v t	0	0	reg_d	reg_d	reg_t
model_sep	ɡ ɪ v	ɡ e ɪ v	ɡ ɪ v d	ɡ uː f	ɡ uː f t	ɡ uː f t	ɡ ɪ v t	0	0	vowel_change	reg_d	reg_t
model_sep	t e ɪ k	t ʊ k	t e ɪ k t	t r æ k	t r æ k t	t r æ k t	t e ɪ k t	1	0	vowel_change	reg_t	reg_t
model_sep	s t æ n d	s t ʊ d	s t æ n d ə d	s l a ɪ d	s l a ɪ d ə d	s l ɪ d	s t æ n d ə d	1	0	rhyme_replaced	reg_əd	reg_əd
model_sep	j ɛ l	j ɛ l d	j ɛ l d	j uː z	j uː z d	j uː z d	j ɛ l d	1	1	reg_d	reg_d	reg_d
model_sep	f ɪ k s	f ɪ k s t	f ɪ k s t	f ɔ r s	f ɔ r s t	f ɔ r s t	f ɪ k s t	1	1	reg_t	reg_t	reg_t
model_sep	k l æ p	k l æ p t	k l æ p t	k l ɪ p	k l ɪ p t	k l ɪ p t	k l æ p t	1	1	reg_t	reg_t	reg_t
model_sep	r a ɪ m	r a ɪ m d	r o ʊ m d	r o ʊ m	r o ʊ m d	r o ʊ m d	r a ɪ m d	0	1	reg_d	vowel_change_suffix	reg_d
model_sep	t ɛ l	t o ʊ l d	t ɛ l d	t iː m	t iː m d	t iː m d	t ɛ l d	1	0	vowel_change_suffix	reg_d	reg_d
model_sep	f ɔ l	f ɛ l	f ɔ l d	f uː l	f uː l d	f uː l d	f ɔ l d	1	0	vowel_change	reg_d	reg_d
model_sep	r o ʊ l	r o ʊ l d	r o ʊ l d	r o ʊ m	r o ʊ m d	r o ʊ m d	r o ʊ l d	1	1	reg_d	reg_d	reg_d
model_sep	k uː l	k uː l d	k uː l d	k ɔ l	k ɔ l d	k ɔ l d	k uː l d	1	1	reg_d	reg_d	reg_d
model_sep	s ɪ ŋ	s æ ŋ	s æ ŋ d	s k iː	s k iː d	s k iː d	s ɪ ŋ d	0	0	vowel_change	vowel_change_suffix	reg_d
model_sep	h o ʊ l d	h ɛ l d	h o ʊ l d ə d	h æ p ə n	h æ p ə n d	h æ p ə n d	h o ʊ l d d	0	0	vowel_change	reg_əd	reg_d
model_sep	d r ɛ s	d r ɛ s t	d r ɛ s t	d a ɪ s	d a ɪ s t	d a ɪ s t	d r ɛ s t	1	1	reg_t	reg_t	reg_t
model_sep	w e ɪ k	w o ʊ k	w e ɪ k t	w ɪ ŋ k	w ɪ ŋ k t	w ɪ ŋ k t	w e ɪ k t	1	0	vowel_change	reg_t	reg_t
model_sep	m uː v	m uː v d	m uː v d	m iː t	m ɛ t	m ɛ t	NA	0	0	reg_d	reg_d	vowel_change
model_sep	b ɪ l d	b ɪ l t	b ɪ l d ə d	b æ n d	b æ n d ə d	b æ n d ə d	b ɪ l d ə d	1	0	coda_change	reg_əd	reg_əd
model_sep	p uː p	p uː p t	p uː p t	p ɑː p	p ɑː p t	p ɑː p t	p uː p t	1	1	reg_t	reg_t	reg_t
model_sep	k ɛ r	k ɛ r d	k ɛ r d	k ɑː z	k ɑː z d	k ɑː z d	k ɛ r d	1	1	reg_d	reg_d	reg_d
model_sep	b ɛ r iː	b ɛ r iː d	b ɛ r iː d	b ɪ z iː	b ɪ z iː d	b ɪ z iː d	b ɛ r iː d	1	1	reg_d	reg_d	reg_d
model_sep	p æ n t	p æ n t ə d	p æ n t ə d	p ɑː r t	p ɑː r t ə d	p ɑː r t ə d	p æ n t ə d	1	1	reg_əd	reg_əd	reg_əd
model_sep	t ʌ k	t ʌ k t	t ʌ k t	t ɔ k	t ɔ k t	t ɔ k t	t ʌ k t	1	1	reg_t	reg_t	reg_t
model_sep	b ɑː ð ɹ̩	b ɑː ð ɹ̩ d	b ɑː ð ɹ̩ d	b ʌ t ɹ̩	b ʌ t ɹ̩ d	b ʌ t ɹ̩ d	b ɑː ð ɹ̩ d	1	1	reg_d	reg_d	reg_d
model_sep	ɛ ɡ z ɪ t	ɛ ɡ z ɪ t ə d	ɛ ɡ z ɪ t ə d	ɛ n æ k t	ɛ n æ k t ə d	ɛ n æ k t ə d	ɛ ɡ z ɪ t ə d	1	1	reg_əd	reg_əd	reg_əd
model_sep	s t e ɪ	s t e ɪ d	s t e ɪ d	s w e ɪ	s w e ɪ d	s w e ɪ d	s t e ɪ d	1	1	reg_d	reg_d	reg_d
model_sep	w ʌ n d ɹ̩	w ʌ n d ɹ̩ d	w ʌ n d ɹ̩ d	w ɑː n d ɹ̩	w ɑː n d ɹ̩ d	w ɑː n d ɹ̩ d	w ʌ n d ɹ̩ d	1	1	reg_d	reg_d	reg_d
model_sep	d ɪ p	d ɪ p t	d ɪ p t	d ɑː t	d ɑː t ə d	d ɑː t ə d	d ɪ p ə d	0	0	reg_t	reg_t	reg_əd
model_sep	h ʌ ɡ	h ʌ ɡ d	h ʌ ɡ d	h ɛ d͡ʒ	h ɛ d͡ʒ d	h ɛ d͡ʒ d	h ʌ ɡ d	1	1	reg_d	reg_d	reg_d
model_sep	v ɔ ɪ s	v ɔ ɪ s t	v ɔ ɪ s t	v o ʊ t	v o ʊ t ə d	v o ʊ t ə d	v ɔ ɪ s ə d	0	0	reg_t	reg_t	reg_əd
model_sep	ə t æ t͡ʃ	ə t æ t͡ʃ t	ə t æ t͡ʃ t	ə s uː m	ə s uː m d	ə s uː m d	ə t æ t͡ʃ d	0	0	reg_t	reg_t	reg_d
model_sep	s m ɛ l	s m ɛ l d	s m ɛ l d	s t ɔ l	s t ɔ l d	s t ɔ l d	s m ɛ l d	1	1	reg_d	reg_d	reg_d
model_sep	f ɪ n ɪ ʃ	f ɪ n ɪ ʃ t	f ɪ n ɪ ʃ t	f ɹ̩ ɡ ɪ v	f ɹ̩ ɡ e ɪ v	f ɹ̩ ɡ e ɪ v	NA	0	0	reg_t	reg_t	vowel_change
model_sep	t r ɑː t	t r ɑː t ə d	t r ɑː t ə d	t r iː t	t r iː t ə d	t r iː t ə d	t r ɑː t ə d	1	1	reg_əd	reg_əd	reg_əd
model_sep	b l ɛ s	b l ɛ s t	b l ɛ s t	b ɑː k s	b ɑː k s t	b ɑː k s t	b l ɛ s t	1	1	reg_t	reg_t	reg_t
model_sep	l ɛ d	l ɛ d ə d	l ɛ d	l ɛ t	l ɛ t	l ɛ t	l ɛ d	1	0	reg_əd	no_change	no_change
model_sep	p r ɛ s	p r ɛ s t	p r ɛ s t	p e ɪ d͡ʒ	p e ɪ d͡ʒ d	p e ɪ d͡ʒ d	p r ɛ s d	0	0	reg_t	reg_t	reg_d
model_sep	ə n z ɪ p	ə n z ɪ p t	ə n z ɪ p t	ə n r æ p	ə n r æ p t	ə n r æ p t	ə n z ɪ p t	1	1	reg_t	reg_t	reg_t
model_sep	f ɪ l t ɹ̩	f ɪ l t ɹ̩ d	f ɪ l t ɹ̩ d	f ɪ ŋ ɡ ɹ̩	f ɪ ŋ ɡ ɹ̩ d	f ɪ ŋ ɡ ɹ̩ d	f ɪ l t ɹ̩ d	1	1	reg_d	reg_d	reg_d
model_sep	ʃ e ɪ v	ʃ e ɪ v d	ʃ e ɪ v d	ʃ a ʊ t	ʃ a ʊ t ə d	ʃ a ʊ t ə d	ʃ e ɪ v ə d	0	0	reg_d	reg_d	reg_əd
model_sep	k ɑː s t	k ɑː s t	k ɑː s t ə d	k æ s t	k æ s t	k æ s t	k ɑː s t	0	1	no_change	reg_əd	no_change
model_sep	b r ʌ ʃ	b r ʌ ʃ t	b r ʌ ʃ t	b l iː d	b l ɛ d ə d	b l ɛ d	NA	0	0	reg_t	reg_t	other
model_sep	l æ n d	l æ n d ə d	l æ n d ə d	l ɛ n d	l ɛ n t	l ɛ n t	l æ n t	0	0	reg_əd	reg_əd	coda_change
model_sep	s t ɛ p	s t ɛ p t	s t ɛ p t	s t ɑː p	s t ɑː p t	s t ɑː p t	s t ɛ p t	1	1	reg_t	reg_t	reg_t
model_sep	m ɪ l k	m ɪ l k t	m ɪ l k t	m e ɪ k	m e ɪ k t	m e ɪ d	m ɪ l k t	1	1	reg_t	reg_t	reg_t
model_sep	b ɛ s t	b ɛ s t ə d	b ɛ s t ə d	b ʌ s t	b ʌ s t ə d	b ʌ s t ə d	b ɛ s t ə d	1	1	reg_əd	reg_əd	reg_əd
model_sep	m a ɪ n d	m a ɪ n d ə d	m a ɪ n d	m ʌ s ə l	m ʌ s ə l d	m ʌ s ə l d	m a ɪ n d d	0	0	reg_əd	no_change	reg_d
model_sep	w a ɪ t	w a ɪ t ə d	w a ɪ t	w e ɪ t	w e ɪ t ə d	w e ɪ t ə d	w a ɪ t ə d	0	1	reg_əd	no_change	reg_əd
model_sep	m æ k s	m æ k s t	m æ k s t	m ɪ k s	m ɪ k s t	m ɪ k s t	m æ k s t	1	1	reg_t	reg_t	reg_t
model_sep	r iː t͡ʃ	r iː t͡ʃ t	r iː t͡ʃ t	r ʌ ʃ	r ʌ ʃ t	r ʌ ʃ t	r iː t͡ʃ t	1	1	reg_t	reg_t	reg_t
model_sep	h o ʊ p	h o ʊ p t	h o ʊ p t	h ɛ l p	h ɛ l p t	h ɛ l p t	h o ʊ p t	1	1	reg_t	reg_t	reg_t
model_sep	f o ʊ l d	f o ʊ l d ə d	f o ʊ l d ə d	f a ɪ n d	f a ʊ n d	f a ʊ n d	NA	0	0	reg_əd	reg_əd	vowel_change
model_sep	k l ɪ n t͡ʃ	k l ɪ n t͡ʃ t	k l ɪ n t͡ʃ t	k r ʌ n t͡ʃ	k r ʌ n t͡ʃ t	k r ʌ n t͡ʃ t	k l ɪ n t͡ʃ t	1	1	reg_t	reg_t	reg_t
model_sep	t r ɪ k	t r ɪ k t	t r ɪ k t	t r æ k	t r æ k t	t r æ k t	t r ɪ k t	1	1	reg_t	reg_t	reg_t
model_sep	b ɛ n d	b ɛ n d ə d	b ɛ n d ə d	b æ n d	b æ n d ə d	b æ n d ə d	b ɛ n d ə d	1	1	reg_əd	reg_əd	reg_əd
model_sep	a ɪ d ɛ n t ə f a ɪ	a ɪ d ɛ n t ə f a ɪ d	a ʊ n t ə d	a ʊ t ɡ r o ʊ	a ʊ t ɡ r uː	a ʊ t ɡ r uː	NA	0	0	reg_d	other	vowel_change
model_sep	d͡ʒ ɔ ɪ n	d͡ʒ ɔ ɪ n d	d͡ʒ ɔ ɪ n d	d͡ʒ o ʊ k	d͡ʒ o ʊ k t	d͡ʒ o ʊ k t	d͡ʒ ɔ ɪ n t	0	0	reg_d	reg_d	reg_t
model_sep	k ə n f j uː z	k ə n f j uː z d	k ə n f j uː z d	k ə n d͡ʒ ɛ s t	k ə n d͡ʒ ɛ s t ə d	k ə n d͡ʒ ɛ s t ə d	k ə n f j uː z ə d	0	0	reg_d	reg_d	reg_əd
model_sep	b ɛ r	b o ʊ r	b ɛ r d	b ɑː r	b ɑː r d	b ɑː r d	b ɛ r d	1	0	vowel_change	reg_d	reg_d
model_sep	r ɛ s t	r ɛ s t ə d	r ɛ s t	r ɛ n t	r ɛ n t ə d	r ɛ n t ə d	r ɛ s t ə d	0	1	reg_əd	no_change	reg_əd
model_sep	p iː	p iː d	p iː d	p ɪ ŋ	p ɪ ŋ d	p ɪ ŋ d	p iː d	1	1	reg_d	reg_d	reg_d
model_sep	ɡ r æ b	ɡ r æ b d	ɡ r æ b d	ɡ a ʊ d͡ʒ	ɡ a ʊ d͡ʒ d	ɡ a ʊ d͡ʒ d	ɡ r æ b d	1	1	reg_d	reg_d	reg_d
model_sep	ə p r o ʊ t͡ʃ	ə p r o ʊ t͡ʃ t	ə p r o ʊ t͡ʃ t	ə n a ʊ n s	ə n a ʊ n s t	ə n a ʊ n s t	ə p r o ʊ t͡ʃ t	1	1	reg_t	reg_t	reg_t
model_sep	p iː l	p iː l d	p iː l d	p uː l	p uː l d	p uː l d	p iː l d	1	1	reg_d	reg_d	reg_d
model_sep	m ɑː r t͡ʃ	m ɑː r t͡ʃ t	m ɑː r t͡ʃ t	m ʌ n t͡ʃ	m ʌ n t͡ʃ t	m ʌ n t͡ʃ t	m ɑː r t͡ʃ t	1	1	reg_t	reg_t	reg_t
model_sep	t æ k ə l	t æ k ə l d	t æ k ə l d	t ɪ k ə l	t ɪ k ə l d	t ɪ k ə l d	t æ k ə l d	1	1	reg_d	reg_d	reg_d
model_sep	d ɪ ɡ	d ʌ ɡ	d ɪ ɡ d	d ɔ ɡ	d ɔ ɡ d	d ɔ ɡ d	d ɪ ɡ d	1	0	vowel_change	reg_d	reg_d
model_sep	s ɛ t ə l	s ɛ t ə l d	s ɛ t ə l d	s ɹ̩ k ə l	s ɹ̩ k ə l d	s ɹ̩ k ə l d	s ɛ t ə l d	1	1	reg_d	reg_d	reg_d
model_sep	ɪ ɡ n ɔ r	ɪ ɡ n ɔ r d	ɪ ɡ ɔ r n d	ɪ v ɑː l v	ɪ v ɑː l v d	ɪ v ɑː l v d	ɪ ɡ n ɔ r d	0	1	reg_d	other	reg_d
model_sep	k ʌ v ɹ̩	k ʌ v ɹ̩ d	k ʌ v ɹ̩ d	k ʌ l ɹ̩	k ʌ l ɹ̩ d	k ʌ l ɹ̩ d	k ʌ v ɹ̩ d	1	1	reg_d	reg_d	reg_d
model_sep	r ɑː t	r ɑː t ə d	r ɑː t	r uː t	r uː t ə d	r uː t ə d	r ɑː t ə d	0	1	reg_əd	no_change	reg_əd
model_sep	f l æ t ɹ̩	f l æ t ɹ̩ d	f l æ t ɹ̩ d	f l a ʊ ɹ̩	f l a ʊ ɹ̩ d	f l a ʊ ɹ̩ d	f l æ t ɹ̩ d	1	1	reg_d	reg_d	reg_d
model_sep	b ʌ b ə l	b ʌ b ə l d	b ʌ b ə l d	b æ b ə l	b æ b ə l d	b æ b ə l d	b ʌ b ə l d	1	1	reg_d	reg_d	reg_d
model_sep	k o ʊ ɑː p ɹ̩ e ɪ t	k o ʊ ɑː p ɹ̩ e ɪ t ə d	k o ʊ p ɹ̩ p ɹ̩ d	k ə n s t r ʌ k t	k ə n s t r ʌ k t ə d	k ə n s t r ʌ k t ə d	k o ʊ ɑː p ɹ̩ e ɪ t ə d	0	1	reg_əd	other	reg_əd
model_sep	ɡ r iː n	ɡ r iː n d	ɡ r iː n d	ɡ r ɪ n	ɡ r ɪ n d	ɡ r ɪ n d	ɡ r iː n d	1	1	reg_d	reg_d	reg_d
model_sep	r e ɪ s	r e ɪ s t	r e ɪ s t	r a ɪ t	r o ʊ t	r o ʊ t	NA	0	0	reg_t	reg_t	vowel_change
model_sep	d æ n s	d æ n s t	d æ n s t	d a ɪ s	d a ɪ s t	d a ɪ s t	d æ n s t	1	1	reg_t	reg_t	reg_t
model_sep	p r ɑː d͡ʒ ɛ k t	p r ɑː d͡ʒ ɛ k t ə d	p r ɑː d͡ʒ ɛ k t ə d	p r iː z ɛ n t	p r iː z ɛ n t ə d	p r iː z ɛ n t ə d	p r ɑː d͡ʒ ɛ k t ə d	1	1	reg_əd	reg_əd	reg_əd
model_sep	b ɛ ɡ	b ɛ ɡ d	b ɛ ɡ d	b ʌ ɡ	b ʌ ɡ d	b ʌ ɡ d	b ɛ ɡ d	1	1	reg_d	reg_d	reg_d
model_sep	s ɹ̩ v ɪ s	s ɹ̩ v ɪ s t	s ɹ̩ v ɪ s t	s l a ɪ s	s l a ɪ s t	s l a ɪ s t	s ɹ̩ v ɪ s t	1	1	reg_t	reg_t	reg_t
model_sep	r ɛ p r ə z ɛ n t	r ɛ p r ə z ɛ n t ə d	r ɛ p r ə z ɛ n t ə d	r iː p ə z ɪ ʃ ə n	r iː p ə z ɪ ʃ ə n d	r iː p ə z ɪ ʃ ə n d	r ɛ p r ə z ɛ n t d	0	0	reg_əd	reg_əd	reg_d
model_sep	ɪ m ɹ̩ d͡ʒ	ɪ m ɹ̩ d͡ʒ d	ɪ m ɹ̩ d͡ʒ d	ɪ n t ɹ̩ d͡ʒ ɛ k t	ɪ n t ɹ̩ d͡ʒ ɛ k t ə d	ɪ n t ɹ̩ d͡ʒ ɛ k t ə d	ɪ m ɹ̩ d͡ʒ ə d	0	0	reg_d	reg_d	reg_əd
model_sep	b ɔ ɪ l	b ɔ ɪ l d	b ɔ ɪ l d	b o ʊ l	b o ʊ l d	b o ʊ l d	b ɔ ɪ l d	1	1	reg_d	reg_d	reg_d
model_sep	p ɹ̩ f ɛ k t	p ɹ̩ f ɛ k t ə d	p ɹ̩ f ɛ k t ə d	p l æ s t ɹ̩	p l æ s t ɹ̩ d	p l æ s t ɹ̩ d	p ɹ̩ f ɛ k t d	0	0	reg_əd	reg_əd	reg_d
model_sep	r a ɪ z	r o ʊ z	r o ʊ z d	r a ɪ d	r o ʊ d	r o ʊ d	NA	0	0	vowel_change	vowel_change_suffix	vowel_change
model_sep	s k r iː n	s k r iː n d	s k r iː n d	s iː z ə n	s iː z ə n d	s iː z ə n d	s k r iː n d	1	1	reg_d	reg_d	reg_d
model_sep	t r e ɪ n	t r e ɪ n d	t r e ɪ n d	t w a ɪ n	t w a ɪ n d	t w a ɪ n d	t r e ɪ n d	1	1	reg_d	reg_d	reg_d
model_sep	s o ʊ	s o ʊ d	s o ʊ d	s a ʊ	s a ʊ d	s a ʊ d	s o ʊ d	1	1	reg_d	reg_d	reg_d
model_sep	f e ɪ s	f e ɪ s t	f e ɪ s t	f ɔ r s	f ɔ r s t	f ɔ r s t	f e ɪ s t	1	1	reg_t	reg_t	reg_t
model_sep	s t ʌ d iː	s t ʌ d iː d	s t ʌ d iː d	s t ɔ r iː	s t ɔ r iː d	s t ɔ r iː d	s t ʌ d iː d	1	1	reg_d	reg_d	reg_d
model_sep	b l ɑː t	b l ɑː t ə d	b l ɑː t ə d	b ʌ s t	b ʌ s t ə d	b ʌ s t ə d	b l ɑː t ə d	1	1	reg_əd	reg_əd	reg_əd
model_sep	m e ɪ l	m e ɪ l d	m e ɪ l d	m a ʊ ð	m a ʊ ð d	m a ʊ ð d	m e ɪ l d	1	1	reg_d	reg_d	reg_d
model_sep	k l ɪ ŋ	k l ʌ ŋ	k l ʌ ŋ	k æ r iː	k æ r iː d	k æ r iː d	k l ɪ ŋ d	0	0	vowel_change	vowel_change	reg_d
model_sep	p l ʌ ɡ	p l ʌ ɡ d	p l ʌ ɡ d	p e ɪ d͡ʒ	p e ɪ d͡ʒ d	p e ɪ d͡ʒ d	p l ʌ ɡ d	1	1	reg_d	reg_d	reg_d
model_sep	p r e ɪ	p r e ɪ d	p r e ɪ d	p l e ɪ	p l e ɪ d	p l e ɪ d	p r e ɪ d	1	1	reg_d	reg_d	reg_d
model_sep	f l o ʊ	f l o ʊ d	f l uː	f l ɪ ŋ	f l ʌ ŋ	f l ʌ ŋ	NA	0	0	reg_d	vowel_change	vowel_change
model_sep	r iː m a ɪ n d	r iː m a ɪ n d ə d	r iː m a ɪ n d ə d	r iː ə l a ɪ z	r iː ə l a ɪ z d	r iː ə l a ɪ z d	r iː m a ɪ n d d	0	0	reg_əd	reg_əd	reg_d
model_sep	ɛ l b o ʊ	ɛ l b o ʊ d	ɛ l b o ʊ d	ɛ n æ k t	ɛ n æ k t ə d	ɛ n æ k t ə d	ɛ l b o ʊ ə d	0	0	reg_d	reg_d	reg_əd
model_sep	f r iː z	f r o ʊ z	f r iː z d	f e ɪ d	f e ɪ d ə d	f e ɪ d ə d	f r iː z ə d	0	0	vowel_change	reg_d	reg_əd
model_sep	m ɪ m ɪ k	m ɪ m ɪ k t	m ɪ m ɪ k t	m ʌ s ə l	m ʌ s ə l d	m ʌ s ə l d	m ɪ m ɪ k d	0	0	reg_t	reg_t	reg_d
model_sep	w iː l	w iː l d	w iː l d	w ɪ l	w ɪ l d	w ɪ l d	w iː l d	1	1	reg_d	reg_d	reg_d
model_sep	p ʌ m p	p ʌ m p t	p ʌ m p t	p l ɑː p	p l ɑː p t	p l ɑː p t	p ʌ m p t	1	1	reg_t	reg_t	reg_t
model_sep	ɪ k s p ɛ k t	ɪ k s p ɛ k t ə d	ɪ k s p ɛ k t ə d	ɪ m ə t e ɪ t	ɪ m ə t e ɪ t ə d	ɪ m ə t e ɪ t ə d	ɪ k s p ɛ k t ə d	1	1	reg_əd	reg_əd	reg_əd
model_sep	w a ɪ n d	w a ɪ n d ə d	w a ɪ n d	w ɪ s ə l	w ɪ s ə l d	w ɪ s ə l d	w a ɪ n d d	0	0	reg_əd	no_change	reg_d
model_sep	s k r ɪ b ə l	s k r ɪ b ə l d	s k r ɪ b ə l d	s t e ɪ p ə l	s t e ɪ p ə l d	s t e ɪ p ə l d	s k r ɪ b ə l d	1	1	reg_d	reg_d	reg_d
model_sep	r ɪ s p ɑː n d	r ɪ s p ɑː n d ə d	r ɪ s p ɑː n d ə d	r ɪ s p ɛ k t	r ɪ s p ɛ k t ə d	r ɪ s p ɛ k t ə d	r ɪ s p ɑː n d ə d	1	1	reg_əd	reg_əd	reg_əd
model_sep	r e ɪ z	r e ɪ z d	r e ɪ z d	r a ɪ d	r o ʊ d	r o ʊ d	NA	0	0	reg_d	reg_d	vowel_change
model_sep	ɡ ɪ ɡ ə l	ɡ ɪ ɡ ə l d	ɡ ɪ ɡ ə l d	ɡ ɑː b ə l	ɡ ɑː b ə l d	ɡ ɑː b ə l d	ɡ ɪ ɡ ə l d	1	1	reg_d	reg_d	reg_d
model_sep	b ɑː r o ʊ	b ɑː r o ʊ d	b ɑː r o ʊ d	b ɛ l o ʊ	b ɛ l o ʊ d	b ɛ l o ʊ d	b ɑː r o ʊ d	1	1	reg_d	reg_d	reg_d
model_sep	s w ɑː l o ʊ	s w ɑː l o ʊ d	s w ɑː l o ʊ d	s k æ m p ɹ̩	s k æ m p ɹ̩ d	s k æ m p ɹ̩ d	s w ɑː l o ʊ d	1	1	reg_d	reg_d	reg_d
model_sep	d ɑː r n	d ɑː r n d	d ɑː r n d	d a ʊ n	d a ʊ n d	d a ʊ n d	d ɑː r n d	1	1	reg_d	reg_d	reg_d
model_sep	k ɑː p iː	k ɑː p iː d	k ɑː p iː d	k æ r iː	k æ r iː d	k æ r iː d	k ɑː p iː d	1	1	reg_d	reg_d	reg_d
model_sep	s k r e ɪ p	s k r e ɪ p t	s k r e ɪ p t	s t r a ɪ p	s t r a ɪ p t	s t r a ɪ p t	s k r e ɪ p t	1	1	reg_t	reg_t	reg_t
model_sep	h o ʊ m	h o ʊ m d	h o ʊ m d	h o ʊ n	h o ʊ n d	h o ʊ n d	h o ʊ m d	1	1	reg_d	reg_d	reg_d
model_sep	f r iː	f r iː d	f r iː d	f l iː	f l ɛ d	f l ɛ d	f r ɛ d	0	0	reg_d	reg_d	vowel_change_suffix
model_sep	b r a ɪ t ə n	b r a ɪ t ə n d	b r a ɪ t ə n d	b l æ ŋ k ə t	b l æ ŋ k ə t ə d	b l æ ŋ k ə t ə d	b r a ɪ t ə n ə d	0	0	reg_d	reg_d	reg_əd
model_sep	ə r a ɪ v	ə r a ɪ v d	ə r a ɪ v d	ə b z ɹ̩ v	ə b z ɹ̩ v d	ə b z ɹ̩ v d	ə r a ɪ v d	1	1	reg_d	reg_d	reg_d
model_sep	ɪ k s p l ɔ r	ɪ k s p l ɔ r d	ɪ k s p l ɔ r d	ɪ k s t ɛ n d	ɪ k s t ɛ n d ə d	ɪ k s t ɛ n d ə d	ɪ k s p l ɔ r ə d	0	0	reg_d	reg_d	reg_əd
model_sep	p ɹ̩ s	p ɹ̩ s t	p ɹ̩ s t	p æ s	p æ s t	p æ s t	p ɹ̩ s t	1	1	reg_t	reg_t	reg_t
model_sep	t͡ʃ ɪ p	t͡ʃ ɪ p t	t͡ʃ ɪ p t	t͡ʃ ɑː p	t͡ʃ ɑː p t	t͡ʃ ɑː p t	t͡ʃ ɪ p t	1	1	reg_t	reg_t	reg_t
model_sep	b ɑː t ə l	b ɑː t ə l d	b ɑː t ə l d	b æ t ə l	b æ t ə l d	b æ t ə l d	b ɑː t ə l d	1	1	reg_d	reg_d	reg_d
model_sep	ə s o ʊ s iː e ɪ t	ə s o ʊ s iː e ɪ t ə d	ə s o ʊ e ɪ t ə d	ə p ɑː l ə d͡ʒ a ɪ z	ə p ɑː l ə d͡ʒ a ɪ z d	ə p ɑː l ə d͡ʒ a ɪ z d	ə s o ʊ s iː e ɪ t d	0	0	reg_əd	other	reg_d
model_sep	ɪ n s ɪ s t	ɪ n s ɪ s t ə d	ɪ n s ɪ s t ə d	ɪ n v ɛ n t	ɪ n v ɛ n t ə d	ɪ n v ɛ n t ə d	ɪ n s ɪ s t ə d	1	1	reg_əd	reg_əd	reg_əd
model_sep	w iː	w iː d	w iː d	w uː	w uː d	w uː d	w iː d	1	1	reg_d	reg_d	reg_d
model_sep	ʃ ɔ r t ə n	ʃ ɔ r t ə n d	ʃ ɔ r t ə n d	ʃ ɑː r p ə n	ʃ ɑː r p ə n d	ʃ ɑː r p ə n d	ʃ ɔ r t ə n d	1	1	reg_d	reg_d	reg_d
model_sep	ə n l ɑː k	ə n l ɑː k t	ə n l ɑː k t	ə n p æ k	ə n p æ k t	ə n p æ k t	ə n l ɑː k t	1	1	reg_t	reg_t	reg_t
model_sep	d ʌ b ə l	d ʌ b ə l d	d ʌ b ə l d	d æ z ə l	d æ z ə l d	d æ z ə l d	d ʌ b ə l d	1	1	reg_d	reg_d	reg_d
model_sep	m ɑː p	m ɑː p t	m ɑː p t	m iː t	m ɛ t	m ɛ t	NA	0	0	reg_t	reg_t	vowel_change
model_sep	f ɛ t͡ʃ	f ɛ t͡ʃ t	f ɛ t͡ʃ t	f ɪ ʃ	f ɪ ʃ t	f ɪ ʃ t	f ɛ t͡ʃ t	1	1	reg_t	reg_t	reg_t
model_sep	ʃ ɛ d	ʃ ɛ d ə d	ʃ ɛ d ə d	ʃ ʌ t	ʃ ʌ t	ʃ ʌ t	ʃ ɛ d	0	0	reg_əd	reg_əd	no_change
model_sep	t r æ p	t r æ p t	t r æ p t	t r ɪ p	t r ɪ p t	t r ɪ p t	t r æ p t	1	1	reg_t	reg_t	reg_t
model_sep	b ɪ h e ɪ v	b ɪ h e ɪ v d	b ɪ h e ɪ v d	b æ l ə n s	b æ l ə n s t	b æ l ə n s t	b ɪ h e ɪ v t	0	0	reg_d	reg_d	reg_t
model_sep	d ɪ l iː t	d ɪ l iː t ə d	d ɪ l iː t ə d	d ɪ f iː t	d ɪ f iː t ə d	d ɪ f iː t ə d	d ɪ l iː t ə d	1	1	reg_əd	reg_əd	reg_əd
model_sep	p æ n	p æ n d	p æ n d	p ɛ n	p ɛ n d	p ɛ n d	p æ n d	1	1	reg_d	reg_d	reg_d
model_sep	s k æ l ə p	s k æ l ə p t	s k æ l ə p t	s t r a ɪ p	s t r a ɪ p t	s t r a ɪ p t	s k æ l ə p t	1	1	reg_t	reg_t	reg_t
model_sep	n o ʊ t	n o ʊ t ə d	n o ʊ t ə d	n ɛ s t	n ɛ s t ə d	n ɛ s t ə d	n o ʊ t ə d	1	1	reg_əd	reg_əd	reg_əd
model_sep	p ɑː k ə t	p ɑː k ə t ə d	p ɑː k ə t ə d	p l æ n t	p l æ n t ə d	p l æ n t ə d	p ɑː k ə t ə d	1	1	reg_əd	reg_əd	reg_əd
model_sep	r ə f l ɛ k t	r ə f l ɛ k t ə d	r ə f l ɛ k t ə d	r ɪ s p ɛ k t	r ɪ s p ɛ k t ə d	r ɪ s p ɛ k t ə d	r ə f l ɛ k t ə d	1	1	reg_əd	reg_əd	reg_əd
model_sep	s t e ɪ t	s t e ɪ t ə d	s t e ɪ t ə d	s k e ɪ t	s k e ɪ t ə d	s k e ɪ t ə d	s t e ɪ t ə d	1	1	reg_əd	reg_əd	reg_əd
model_sep	p r a ɪ	p r a ɪ d	p r a ɪ d	p l e ɪ	p l e ɪ d	p l e ɪ d	p r a ɪ d	1	1	reg_d	reg_d	reg_d
model_sep	ʃ uː	ʃ uː d	ʃ ɑː d	ʃ ɪ f t	ʃ ɪ f t ə d	ʃ ɪ f t ə d	ʃ uː ə d	0	0	reg_d	vowel_change_suffix	reg_əd
model_sep	k ɑː n s ə n t r e ɪ t	k ɑː n s ə n t r e ɪ t ə d	k ɑː r t r d	k ə m j uː n ə k e ɪ t	k ə m j uː n ə k e ɪ t ə d	k ə m j uː n ə k e ɪ t ə d	k ɑː n s ə n t r e ɪ t ə d	0	1	reg_əd	other	reg_əd
model_sep	s ʌ f ɹ̩	s ʌ f ɹ̩ d	s ʌ f ɹ̩ d	s w ɪ m	s w ɪ m	s w æ m	s ʌ f ɹ̩	0	0	reg_d	reg_d	no_change
model_sep	s ɪ z ə l	s ɪ z ə l d	s ɪ z ə l d	s m a ɪ l	s m a ɪ l d	s m a ɪ l d	s ɪ z ə l d	1	1	reg_d	reg_d	reg_d
model_sep	p r ə p o ʊ z	p r ə p o ʊ z d	p r ə p o ʊ z d	p r iː z ɛ n t	p r iː z ɛ n t ə d	p r iː z ɛ n t ə d	p r ə p o ʊ z ə d	0	0	reg_d	reg_d	reg_əd
model_sep	θ ɔ	θ ɔ d	θ ɔ d	θ ɪ n	θ ɪ n d	θ ɪ n d	θ ɔ d	1	1	reg_d	reg_d	reg_d
model_sep	r ɪ l e ɪ t	r ɪ l e ɪ t ə d	r ɪ l e ɪ t ə d	r ɪ d͡ʒ ɔ ɪ s	r ɪ d͡ʒ ɔ ɪ s t	r ɪ d͡ʒ ɔ ɪ s t	r ɪ l e ɪ t t	0	0	reg_əd	reg_əd	reg_t
model_sep	t ɪ k	t ɪ k t	t ɪ k t	t ɔ k	t ɔ k t	t ɔ k t	t ɪ k t	1	1	reg_t	reg_t	reg_t
model_sep	ɛ d͡ʒ	ɛ d͡ʒ d	ɛ d͡ʒ d	ɛ r	ɛ r d	ɛ r d	ɛ d͡ʒ d	1	1	reg_d	reg_d	reg_d
model_sep	ɪ ɡ z ɪ s t	ɪ ɡ z ɪ s t ə d	ɪ ɡ z ɪ s t ə d	ɪ k s ɛ p t	ɪ k s ɛ p t ə d	ɪ k s ɛ p t ə d	ɪ ɡ z ɪ s t ə d	1	1	reg_əd	reg_əd	reg_əd
model_sep	θ ɪ k ə n	θ ɪ k ə n d	θ ɪ k ə n d	θ ʌ n d ɹ̩	θ ʌ n d ɹ̩ d	θ ʌ n d ɹ̩ d	θ ɪ k ə n d	1	1	reg_d	reg_d	reg_d
model_sep	r ɪ t ɹ̩ n	r ɪ t ɹ̩ n d	r ɪ t ɹ̩ n d	r æ ʃ ə n	r æ ʃ ə n d	r æ ʃ ə n d	r ɪ t ɹ̩ n d	1	1	reg_d	reg_d	reg_d
model_sep	t͡ʃ ɑː r d͡ʒ	t͡ʃ ɑː r d͡ʒ d	t͡ʃ ɑː r d͡ʒ d	t͡ʃ ɑː r m	t͡ʃ ɑː r m d	t͡ʃ ɑː r m d	t͡ʃ ɑː r d͡ʒ d	1	1	reg_d	reg_d	reg_d
model_sep	s t o ʊ n	s t o ʊ n d	s t o ʊ n d	s t e ɪ n	s t e ɪ n d	s t e ɪ n d	s t o ʊ n d	1	1	reg_d	reg_d	reg_d
model_sep	w ɛ l k ə m	w ɛ l k ə m d	w ɛ l k ə m d	w ɪ s ə l	w ɪ s ə l d	w ɪ s ə l d	w ɛ l k ə m d	1	1	reg_d	reg_d	reg_d
model_sep	d ɪ n a ɪ	d ɪ n a ɪ d	d ɪ n a ɪ d	d r ɪ ŋ k	d r æ ŋ k	d r æ ŋ k	NA	0	0	reg_d	reg_d	vowel_change
model_sep	ɔ r ɡ ə n a ɪ z	ɔ r ɡ ə n a ɪ z d	ɔ ɡ r ɡ a ɪ z ɪ z	ɔ r d ɹ̩	ɔ r d ɹ̩ d	ɔ r d ɹ̩ d	ɔ r ɡ ə n a ɪ z d	0	1	reg_d	other	reg_d
model_sep	k ɑː r d	k ɑː r d ə d	k ɑː r d ə d	k a ʊ t͡ʃ	k a ʊ t͡ʃ t	k a ʊ t͡ʃ t	k ɑː r d t	0	0	reg_əd	reg_əd	reg_t
model_sep	b o ʊ l t	b o ʊ l t ə d	b o ʊ l t ə d	b l o ʊ t	b l o ʊ t ə d	b l o ʊ t ə d	b o ʊ l t ə d	1	1	reg_əd	reg_əd	reg_əd
model_sep	s ə p ɔ r t	s ə p ɔ r t ə d	s ə p ɔ r t ə d	s p r a ʊ t	s p r a ʊ t ə d	s p r a ʊ t ə d	s ə p ɔ r t ə d	1	1	reg_əd	reg_əd	reg_əd
model_sep	ɡ r a ʊ l	ɡ r a ʊ l d	ɡ r a ʊ l d	ɡ ɑː b ə l	ɡ ɑː b ə l d	ɡ ɑː b ə l d	ɡ r a ʊ l d	1	1	reg_d	reg_d	reg_d
model_sep	d͡ʒ ɹ̩ k	d͡ʒ ɹ̩ k t	d͡ʒ ɹ̩ k t	d͡ʒ æ k	d͡ʒ æ k t	d͡ʒ æ k t	d͡ʒ ɹ̩ k t	1	1	reg_t	reg_t	reg_t
model_sep	d ɪ s k ʌ v ɹ̩	d ɪ s k ʌ v ɹ̩ d	d ɪ s k ʌ v ɹ̩ d	d ɪ s ɡ a ɪ z	d ɪ s ɡ a ɪ z d	d ɪ s ɡ a ɪ z d	d ɪ s k ʌ v ɹ̩ d	1	1	reg_d	reg_d	reg_d
model_sep	l æ s t	l æ s t ə d	l æ s t	l a ɪ t	l a ɪ t	l ɪ t	l æ s t	1	0	reg_əd	no_change	no_change
model_sep	s ɛ n t ə n s	s ɛ n t ə n s t	s ɛ n t ə n s t	s æ n d w ɪ t͡ʃ	s æ n d w ɪ t͡ʃ t	s æ n d w ɪ t͡ʃ t	s ɛ n t ə n s t	1	1	reg_t	reg_t	reg_t
model_sep	t æ t ə l	t æ t ə l d	t æ t ə l d	t ɪ k ə l	t ɪ k ə l d	t ɪ k ə l d	t æ t ə l d	1	1	reg_d	reg_d	reg_d
model_sep	ə r ɛ s t	ə r ɛ s t ə d	ə r ɛ s t ə d	ə d͡ʒ ʌ s t	ə d͡ʒ ʌ s t ə d	ə d͡ʒ ʌ s t ə d	ə r ɛ s t ə d	1	1	reg_əd	reg_əd	reg_əd
model_sep	ə n l o ʊ d	ə n l o ʊ d ə d	ə n l o ʊ d ə d	ə n a ʊ n s	ə n a ʊ n s t	ə n a ʊ n s t	ə n l o ʊ d t	0	0	reg_əd	reg_əd	reg_t
model_sep	n a ɪ f	n a ɪ f t	n a ɪ f t	n o ʊ z	n o ʊ z d	n o ʊ z d	n a ɪ f d	0	0	reg_t	reg_t	reg_d
model_sep	ə p r iː ʃ iː e ɪ t	ə p r iː ʃ iː e ɪ t ə d	ə p r iː e ɪ t ə d	ə p ɑː l ə d͡ʒ a ɪ z	ə p ɑː l ə d͡ʒ a ɪ z d	ə p ɑː l ə d͡ʒ a ɪ z d	ə p r iː ʃ iː e ɪ t d	0	0	reg_əd	other	reg_d
model_sep	r ʌ f	r ʌ f t	r ʌ f t	r uː f	r uː f t	r uː f t	r ʌ f t	1	1	reg_t	reg_t	reg_t
model_sep	l æ t͡ʃ	l æ t͡ʃ t	l æ t͡ʃ t	l ɹ̩ n	l ɹ̩ n d	l ɹ̩ n d	l æ t͡ʃ d	0	0	reg_t	reg_t	reg_d
model_sep	ɪ m p r uː v	ɪ m p r uː v d	ɪ m p r uː v d	ɪ n v ɑː l v	ɪ n v ɑː l v d	ɪ n v ɑː l v d	ɪ m p r uː v d	1	1	reg_d	reg_d	reg_d
model_sep	r ɪ v ɹ̩ t	r ɪ v ɹ̩ t ə d	r ɪ v ɹ̩ t ə d	r ɪ v ə t	r ɪ v ə t ə d	r ɪ v ə t ə d	r ɪ v ɹ̩ t ə d	1	1	reg_əd	reg_əd	reg_əd
model_sep	d ɔ n	d ɔ n d	d ɔ n d	d ɑː n	d ɑː n d	d ɑː n d	d ɔ n d	1	1	reg_d	reg_d	reg_d
model_sep	d ʌ ŋ k	d ʌ ŋ k t	d ʌ ŋ k t	d a ɪ v	d a ɪ v d	d o ʊ v	d ʌ ŋ k d	0	0	reg_t	reg_t	reg_d
model_sep	m ə n uː v ɹ̩	m ə n uː v ɹ̩ d	m ə n v uː v d	m ʌ ʃ r uː m	m ʌ ʃ r uː m d	m ʌ ʃ r uː m d	m ə n uː v ɹ̩ d	0	1	reg_d	other	reg_d
model_sep	s w uː ʃ	s w uː ʃ t	s w uː ʃ t	s t æ ʃ	s t æ ʃ t	s t æ ʃ t	s w uː ʃ t	1	1	reg_t	reg_t	reg_t
model_sep	l uː p	l uː p t	l uː p t	l æ p	l æ p t	l æ p t	l uː p t	1	1	reg_t	reg_t	reg_t
model_sep	ə b a ɪ d	ə b a ɪ d ə d	ə b a ɪ d ə d	ə v ɔ ɪ d	ə v ɔ ɪ d ə d	ə v ɔ ɪ d ə d	ə b a ɪ d ə d	1	1	reg_əd	reg_əd	reg_əd
model_sep	k ə m p ɛ r	k ə m p ɛ r d	k ə m p ɛ r d	k æ n s ə l	k æ n s ə l d	k æ n s ə l d	k ə m p ɛ r d	1	1	reg_d	reg_d	reg_d
model_sep	t͡ʃ æ n ə l	t͡ʃ æ n ə l d	t͡ʃ æ n ə l d	t͡ʃ e ɪ n d͡ʒ	t͡ʃ e ɪ n d͡ʒ d	t͡ʃ e ɪ n d͡ʒ d	t͡ʃ æ n ə l d	1	1	reg_d	reg_d	reg_d
model_sep	s t ɔ r	s t ɔ r d	s t ɔ r d	s t ɑː r	s t ɑː r d	s t ɑː r d	s t ɔ r d	1	1	reg_d	reg_d	reg_d
model_sep	r ɪ p ɛ r	r ɪ p ɛ r d	r ɪ p ɛ r d	r ɪ p ɛ l	r ɪ p ɛ l d	r ɪ p ɛ l d	r ɪ p ɛ r d	1	1	reg_d	reg_d	reg_d
model_sep	d ɪ ʃ	d ɪ ʃ t	d ɪ ʃ t	d æ ʃ	d æ ʃ t	d æ ʃ t	d ɪ ʃ t	1	1	reg_t	reg_t	reg_t
model_sep	s p ɑː r k ə l	s p ɑː r k ə l d	s p ɑː r k ə l d	s t ʌ m b ə l	s t ʌ m b ə l d	s t ʌ m b ə l d	s p ɑː r k ə l d	1	1	reg_d	reg_d	reg_d
model_sep	k w a ɪ ə t	k w a ɪ ə t ə d	k w a ɪ ə t ə d	k ɪ d n æ p	k ɪ d n æ p t	k ɪ d n æ p t	k w a ɪ ə t t	0	0	reg_əd	reg_əd	reg_t
model_sep	k ə n t ɪ n j uː	k ə n t ɪ n j uː d	k ə n t ɪ n t ɪ n j uː t ə d	k ə n t r o ʊ l	k ə n t r o ʊ l d	k ə n t r o ʊ l d	k ə n t ɪ n j uː d	0	1	reg_d	other	reg_d
model_sep	p ɑː t	p ɑː t ə d	p ɑː t ə d	p æ t	p æ t ə d	p æ t ə d	p ɑː t ə d	1	1	reg_əd	reg_əd	reg_əd
model_sep	p r ɪ n t	p r ɪ n t ə d	p r ɪ n t ə d	p e ɪ n t	p e ɪ n t ə d	p e ɪ n t ə d	p r ɪ n t ə d	1	1	reg_əd	reg_əd	reg_əd
model_sep	s p a ɪ s	s p a ɪ s t	s p a ɪ s t	s l a ɪ s	s l a ɪ s t	s l a ɪ s t	s p a ɪ s t	1	1	reg_t	reg_t	reg_t
model_sep	b ɑː d iː	b ɑː d iː d	b ɑː d iː d	b ɪ z iː	b ɪ z iː d	b ɪ z iː d	b ɑː d iː d	1	1	reg_d	reg_d	reg_d
model_sep	s t r o ʊ k	s t r o ʊ k t	s t r o ʊ k t	s t r a ɪ k	s t r a ɪ k t	s t r ʌ k	s t r o ʊ k t	1	1	reg_t	reg_t	reg_t
model_sep	ə n w a ɪ n d	ə n w a ʊ n d	ə n w a ɪ n d ə d	ə n f o ʊ l d	ə n f o ʊ l d ə d	ə n f o ʊ l d ə d	ə n w a ɪ n d ə d	1	0	vowel_change	reg_əd	reg_əd
model_sep	s t r æ ŋ ɡ ə l	s t r æ ŋ ɡ ə l d	s t r æ ŋ ɡ ə l d	s k r æ m b ə l	s k r æ m b ə l d	s k r æ m b ə l d	s t r æ ŋ ɡ ə l d	1	1	reg_d	reg_d	reg_d
model_sep	p ɑː l ɪ ʃ	p ɑː l ɪ ʃ t	p ɑː l ɪ ʃ t	p ʌ n ɪ ʃ	p ʌ n ɪ ʃ t	p ʌ n ɪ ʃ t	p ɑː l ɪ ʃ t	1	1	reg_t	reg_t	reg_t
model_sep	p a ʊ n d	p a ʊ n d ə d	p a ʊ n d ə d	p r a ɪ z	p r a ɪ z d	p r a ɪ z d	p a ʊ n d d	0	0	reg_əd	reg_əd	reg_d
model_sep	w ɪ s k	w ɪ s k t	w ɪ s k t	w ɪ ŋ k	w ɪ ŋ k t	w ɪ ŋ k t	w ɪ s k t	1	1	reg_t	reg_t	reg_t
model_sep	ɡ l o ʊ	ɡ l o ʊ d	ɡ l uː	ɡ r o ʊ	ɡ r uː	ɡ r uː	ɡ l uː	1	0	reg_d	vowel_change	vowel_change
model_sep	a ɪ s	a ɪ s t	a ɪ s t	a ɪ ɹ̩ n	a ɪ ɹ̩ n d	a ɪ ɹ̩ n d	a ɪ s d	0	0	reg_t	reg_t	reg_d
model_sep	t iː z	t iː z d	t iː z d	t iː t͡ʃ	t iː t͡ʃ t	t ɔ t	t iː z t	0	0	reg_d	reg_d	reg_t
model_sep	ɪ r ʌ p t	ɪ r ʌ p t ə d	ɪ r ʌ p t ə d	ɪ l ɛ k t	ɪ l ɛ k t ə d	ɪ l ɛ k t ə d	ɪ r ʌ p t ə d	1	1	reg_əd	reg_əd	reg_əd
model_sep	k ɑː n	k ɑː n d	k ɑː n d	k æ t͡ʃ	k æ t͡ʃ t	k ɔ t	k ɑː n t	0	0	reg_d	reg_d	reg_t
model_sep	d ɪ z ɑː l v	d ɪ z ɑː l v d	d ɪ z ɑː l v d	d ɪ p ɛ n d	d ɪ p ɛ n d ə d	d ɪ p ɛ n d ə d	d ɪ z ɑː l v ə d	0	0	reg_d	reg_d	reg_əd
model_sep	b l ɛ n d	b l ɛ n d ə d	b l ɛ n d ə d	b r e ɪ d	b r e ɪ d ə d	b r e ɪ d ə d	b l ɛ n d ə d	1	1	reg_əd	reg_əd	reg_əd
model_sep	ə r e ɪ n d͡ʒ	ə r e ɪ n d͡ʒ d	ə r e ɪ n d͡ʒ d	ə t r æ k t	ə t r æ k t ə d	ə t r æ k t ə d	ə r e ɪ n d͡ʒ ə d	0	0	reg_d	reg_d	reg_əd
model_sep	f r e ɪ m	f r e ɪ m d	f r e ɪ m d	f æ s ə n	f æ s ə n d	f æ s ə n d	f r e ɪ m d	1	1	reg_d	reg_d	reg_d
model_sep	k ə m p iː t	k ə m p iː t ə d	k ə m p iː t ə d	k ʌ m f ɹ̩ t	k ʌ m f ɹ̩ t ə d	k ʌ m f ɹ̩ t ə d	k ə m p iː t ə d	1	1	reg_əd	reg_əd	reg_əd
model_sep	s p iː d	s p ɛ d	s p iː d ə d	s a ɪ d	s a ɪ d ə d	s a ɪ d ə d	s p iː d ə d	1	0	vowel_change	reg_əd	reg_əd
model_sep	h ɔ l	h ɔ l d	h ɔ l d	h iː l	h iː l d	h iː l d	h ɔ l d	1	1	reg_d	reg_d	reg_d
model_sep	s n æ ɡ	s n æ ɡ d	s n æ ɡ d	s m ʌ d͡ʒ	s m ʌ d͡ʒ d	s m ʌ d͡ʒ d	s n æ ɡ d	1	1	reg_d	reg_d	reg_d
model_sep	ɪ n t r iː ɡ	ɪ n t r iː ɡ d	ɪ n t r iː ɡ d	ɪ n t ɛ n d	ɪ n t ɛ n d ə d	ɪ n t ɛ n d ə d	ɪ n t r iː ɡ ə d	0	0	reg_d	reg_d	reg_əd
model_sep	l ɔ n t͡ʃ	l ɔ n t͡ʃ t	l ɔ n t͡ʃ t	l ʌ n t͡ʃ	l ʌ n t͡ʃ t	l ʌ n t͡ʃ t	l ɔ n t͡ʃ t	1	1	reg_t	reg_t	reg_t
model_sep	s æ ɡ	s æ ɡ d	s æ ɡ d	s iː m	s iː m d	s iː m d	s æ ɡ d	1	1	reg_d	reg_d	reg_d
model_sep	d ɪ v ɛ l ə p	d ɪ v ɛ l ə p t	d ɪ v ɛ l ə p t	d ɪ s ɡ a ɪ z	d ɪ s ɡ a ɪ z d	d ɪ s ɡ a ɪ z d	d ɪ v ɛ l ə p d	0	0	reg_t	reg_t	reg_d
model_sep	s ɹ̩ v a ɪ v	s ɹ̩ v a ɪ v d	s ɹ̩ v a ɪ v d	s t r a ɪ p	s t r a ɪ p t	s t r a ɪ p t	s ɹ̩ v a ɪ v t	0	0	reg_d	reg_d	reg_t
model_sep	r iː b ɪ l d	r iː b ɪ l t	r iː b ɪ l d ə d	r ɪ z ɪ s t	r ɪ z ɪ s t ə d	r ɪ z ɪ s t ə d	r iː b ɪ l d ə d	1	0	coda_change	reg_əd	reg_əd
model_sep	ɛ n t ɹ̩	ɛ n t ɹ̩ d	ɛ n t ɹ̩ d	ɛ d ə t	ɛ d ə t ə d	ɛ d ə t ə d	ɛ n t ɹ̩ ə d	0	0	reg_d	reg_d	reg_əd
model_sep	w ɹ̩ l	w ɹ̩ l d	w ɹ̩ l d	w ɪ l	w ɪ l d	w ɪ l d	w ɹ̩ l d	1	1	reg_d	reg_d	reg_d
model_sep	s p l æ t ɹ̩	s p l æ t ɹ̩ d	s p l æ t ɹ̩ d	s ə p o ʊ z	s ə p o ʊ z d	s ə p o ʊ z d	s p l æ t ɹ̩ d	1	1	reg_d	reg_d	reg_d
model_sep	w ɹ̩ ʃ ɪ p	w ɹ̩ ʃ ɪ p t	w ɹ̩ ʃ ɪ p t	w e ɪ s t	w e ɪ s t ə d	w e ɪ s t ə d	w ɹ̩ ʃ ɪ p ə d	0	0	reg_t	reg_t	reg_əd
model_sep	n iː d ə l	n iː d ə l d	n iː d ə l d	n ʌ k ə l	n ʌ k ə l d	n ʌ k ə l d	n iː d ə l d	1	1	reg_d	reg_d	reg_d
model_sep	s p e ɪ s	s p e ɪ s t	s p e ɪ s t	s l a ɪ s	s l a ɪ s t	s l a ɪ s t	s p e ɪ s t	1	1	reg_t	reg_t	reg_t
model_sep	f l ɹ̩ t	f l ɹ̩ t ə d	f l ɹ̩ t ə d	f a ɪ t	f a ɪ t	f ɔ t	f l ɹ̩ t	0	0	reg_əd	reg_əd	no_change
model_sep	p ɛ ɡ	p ɛ ɡ d	p ɛ ɡ d	p ʊ ʃ	p ʊ ʃ t	p ʊ ʃ t	p ɛ ɡ t	0	0	reg_d	reg_d	reg_t
model_sep	p a ʊ ɹ̩	p a ʊ ɹ̩ d	p a ʊ ɹ̩ d	p iː t ɹ̩	p iː t ɹ̩ d	p iː t ɹ̩ d	p a ʊ ɹ̩ d	1	1	reg_d	reg_d	reg_d
model_sep	d ɪ s ɡ ʌ s t	d ɪ s ɡ ʌ s t ə d	d ɪ s ɡ s t ə d	d ɛ k ɹ̩ e ɪ t	d ɛ k ɹ̩ e ɪ t ə d	d ɛ k ɹ̩ e ɪ t ə d	d ɪ s ɡ ʌ s t ə d	0	1	reg_əd	other	reg_əd
model_sep	ɪ n k l uː d	ɪ n k l uː d ə d	ɪ n k l uː d ə d	ɪ n t ɛ n d	ɪ n t ɛ n d ə d	ɪ n t ɛ n d ə d	ɪ n k l uː d ə d	1	1	reg_əd	reg_əd	reg_əd
model_sep	h a ʊ l	h a ʊ l d	h a ʊ l d	h o ʊ l	h o ʊ l d	h o ʊ l d	h a ʊ l d	1	1	reg_d	reg_d	reg_d
model_sep	s ɪ m ɹ̩	s ɪ m ɹ̩ d	s æ m ɹ̩ d	s w ɪ m	s w ɪ m	s w æ m	s ɪ m ɹ̩	0	0	reg_d	other	no_change
model_sep	k ə m p l iː t	k ə m p l iː t ə d	k ə m p l iː t ə d	k ə n d͡ʒ ɛ s t	k ə n d͡ʒ ɛ s t ə d	k ə n d͡ʒ ɛ s t ə d	k ə m p l iː t ə d	1	1	reg_əd	reg_əd	reg_əd
model_sep	l e ɪ ɹ̩	l e ɪ ɹ̩ d	l e ɪ ɹ̩ d	l o ʊ ɹ̩	l o ʊ ɹ̩ d	l o ʊ ɹ̩ d	l e ɪ ɹ̩ d	1	1	reg_d	reg_d	reg_d
model_sep	d ɑː k	d ɑː k t	d ɑː k t	d ɑː t	d ɑː t ə d	d ɑː t ə d	d ɑː k ə d	0	0	reg_t	reg_t	reg_əd
model_sep	æ d m a ɪ ɹ̩	æ d m a ɪ ɹ̩ d	æ m a ɪ d ɹ̩ d	æ k s ɛ p t	æ k s ɛ p t ə d	æ k s ɛ p t ə d	æ d m a ɪ ɹ̩ ə d	0	0	reg_d	other	reg_əd
model_sep	d ɪ f ɛ n d	d ɪ f ɛ n d ə d	d ɪ f ɛ n d ə d	d ɪ p ɛ n d	d ɪ p ɛ n d ə d	d ɪ p ɛ n d ə d	d ɪ f ɛ n d ə d	1	1	reg_əd	reg_əd	reg_əd
model_sep	p r ɪ v ɛ n t	p r ɪ v ɛ n t ə d	p r ɪ v ɛ n t ə d	p r iː z ɛ n t	p r iː z ɛ n t ə d	p r iː z ɛ n t ə d	p r ɪ v ɛ n t ə d	1	1	reg_əd	reg_əd	reg_əd
model_sep	p ɔ z	p ɔ z d	p ɔ z d	p ɪ t͡ʃ	p ɪ t͡ʃ t	p ɪ t͡ʃ t	p ɔ z t	0	0	reg_d	reg_d	reg_t
model_sep	ə n ɔ ɪ	ə n ɔ ɪ d	ə n ɔ ɪ d	ə n d uː	ə n d ɪ d	ə n d ɪ d	NA	0	0	reg_d	reg_d	vowel_change_suffix
model_sep	k ɹ̩ o ʊ d	k ɹ̩ o ʊ d ə d	k ɹ̩ o ʊ d ə d	k l a ʊ d	k l a ʊ d ə d	k l a ʊ d ə d	k ɹ̩ o ʊ d ə d	1	1	reg_əd	reg_əd	reg_əd
model_sep	ɡ r ʌ n t	ɡ r ʌ n t ə d	ɡ r ʌ n t ə d	ɡ r e ɪ t	ɡ r e ɪ t ə d	ɡ r e ɪ t ə d	ɡ r ʌ n t ə d	1	1	reg_əd	reg_əd	reg_əd
model_sep	t r ʌ m p ə t	t r ʌ m p ə t ə d	t r ʌ m p ə t ə d	t ɑː l ɹ̩ e ɪ t	t ɑː l ɹ̩ e ɪ t ə d	t ɑː l ɹ̩ e ɪ t ə d	t r ʌ m p ə t ə d	1	1	reg_əd	reg_əd	reg_əd
model_sep	r ɪ ɡ r ɛ t	r ɪ ɡ r ɛ t ə d	r ɪ ɡ r ɛ t ə d	r iː p ɔ r t	r iː p ɔ r t ə d	r iː p ɔ r t ə d	r ɪ ɡ r ɛ t ə d	1	1	reg_əd	reg_əd	reg_əd
model_sep	b ɔ r	b ɔ r d	b ɔ r d	b ɑː r	b ɑː r d	b ɑː r d	b ɔ r d	1	1	reg_d	reg_d	reg_d
model_sep	k ə m p l e ɪ n	k ə m p l e ɪ n d	k ə m p l e ɪ n d	k ə n t r o ʊ l	k ə n t r o ʊ l d	k ə n t r o ʊ l d	k ə m p l e ɪ n d	1	1	reg_d	reg_d	reg_d
model_sep	s p ɔ r t	s p ɔ r t ə d	s p ɔ r t ə d	s n ɔ r t	s n ɔ r t ə d	s n ɔ r t ə d	s p ɔ r t ə d	1	1	reg_əd	reg_əd	reg_əd
model_sep	ɡ r æ s	ɡ r æ s t	ɡ r æ s t	ɡ a ʊ d͡ʒ	ɡ a ʊ d͡ʒ d	ɡ a ʊ d͡ʒ d	ɡ r æ s d	0	0	reg_t	reg_t	reg_d
model_sep	θ ʌ m	θ ʌ m d	θ ʌ m d	θ ɪ n	θ ɪ n d	θ ɪ n d	θ ʌ m d	1	1	reg_d	reg_d	reg_d
model_sep	ɪ k s p o ʊ z	ɪ k s p o ʊ z d	ɪ k s p o ʊ z d	ɪ k s k j uː z	ɪ k s k j uː z d	ɪ k s k j uː z d	ɪ k s p o ʊ z d	1	1	reg_d	reg_d	reg_d
model_sep	p l ʌ ŋ k	p l ʌ ŋ k t	p l ʌ ŋ k t	p l ʌ m p	p l ʌ m p t	p l ʌ m p t	p l ʌ ŋ k t	1	1	reg_t	reg_t	reg_t
model_sep	s p l ɪ t	s p l ɪ t	s p l ɪ t ə d	s k e ɪ t	s k e ɪ t ə d	s k e ɪ t ə d	s p l ɪ t ə d	1	0	no_change	reg_əd	reg_əd
model_sep	b æ n ɪ ʃ	b æ n ɪ ʃ t	b æ n ɪ ʃ t	b ɹ̩ n ɪ ʃ	b ɹ̩ n ɪ ʃ t	b ɹ̩ n ɪ ʃ t	b æ n ɪ ʃ t	1	1	reg_t	reg_t	reg_t
model_sep	b ɛ l t͡ʃ	b ɛ l t͡ʃ t	b ɛ l t͡ʃ t	b ʌ n t͡ʃ	b ʌ n t͡ʃ t	b ʌ n t͡ʃ t	b ɛ l t͡ʃ t	1	1	reg_t	reg_t	reg_t
model_sep	s t ʌ b	s t ʌ b d	s t ʌ b d	s t æ b	s t æ b d	s t æ b d	s t ʌ b d	1	1	reg_d	reg_d	reg_d
model_sep	d ɪ p ɔ r t	d ɪ p ɔ r t ə d	d ɪ p ɔ r t ə d	d ɪ p ɛ n d	d ɪ p ɛ n d ə d	d ɪ p ɛ n d ə d	d ɪ p ɔ r t ə d	1	1	reg_əd	reg_əd	reg_əd
model_sep	m ɑː r k ə t	m ɑː r k ə t ə d	m ɑː r k ə t ə d	m ʌ ʃ r uː m	m ʌ ʃ r uː m d	m ʌ ʃ r uː m d	m ɑː r k ə t d	0	0	reg_əd	reg_əd	reg_d
model_mean	s iː	s ɔ	s iː d	s ɔ	s ɔ d	s ɔ d	s iː d	1	0	vowel_change	reg_d	reg_d
model_mean	ɡ ɛ t	ɡ ɑː t	ɡ ɛ t	ɡ ɛ s	ɡ ɛ s t	ɡ ɛ s t	ɡ ɛ t t	0	0	vowel_change	no_change	reg_t
model_mean	n ɑː k	n ɑː k t	n ɑː k t	n ɑː t	n ɑː t ə d	n ɑː t ə d	n ɑː k ə d	0	0	reg_t	reg_t	reg_əd
model_mean	θ ɪ ŋ k	θ ɔ t	θ ɪ ŋ k t	θ ɪ n	θ ɪ n d	θ ɪ n d	θ ɪ ŋ k d	0	0	rhyme_replaced	reg_t	reg_d
model_mean	k l iː n	k l iː n d	k l iː n d	k l iː r	k l iː r d	k l iː r d	k l iː n d	1	1	reg_d	reg_d	reg_d
model_mean	b ɪ l iː v	b ɪ l iː v d	b ɪ l iː v d	b ɪ l ɔ ŋ	b ɪ l ɔ ŋ d	b ɪ l ɔ ŋ d	b ɪ l iː v d	1	1	reg_d	reg_d	reg_d
model_mean	ɡ ɪ v	ɡ e ɪ v	ɡ ɪ v d	ɡ uː f	ɡ uː f t	ɡ uː f t	ɡ ɪ v t	0	0	vowel_change	reg_d	reg_t
model_mean	t e ɪ k	t ʊ k	t e ɪ k t	t e ɪ m	t e ɪ m d	t e ɪ m d	t e ɪ k d	0	0	vowel_change	reg_t	reg_d
model_mean	s t æ n d	s t ʊ d	s t æ n d ə d	s t æ m p	s t æ m p t	s t æ m p t	s t æ n d t	0	0	rhyme_replaced	reg_əd	reg_t
model_mean	j ɛ l	j ɛ l d	j ɛ l d	j uː z	j uː z d	j uː z d	j ɛ l d	1	1	reg_d	reg_d	reg_d
model_mean	f ɪ k s	f ɪ k s t	f ɪ k s t	f ɪ ʃ	f ɪ ʃ t	f ɪ ʃ t	f ɪ k s t	1	1	reg_t	reg_t	reg_t
model_mean	k l æ p	k l æ p t	k l æ p t	k l ɪ p	k l ɪ p t	k l ɪ p t	k l æ p t	1	1	reg_t	reg_t	reg_t
model_mean	r a ɪ m	r a ɪ m d	r o ʊ m d	r a ɪ t	r o ʊ t	r o ʊ t	NA	0	0	reg_d	vowel_change_suffix	vowel_change
model_mean	t ɛ l	t o ʊ l d	t ɛ l d	t iː m	t iː m d	t iː m d	t ɛ l d	1	0	vowel_change_suffix	reg_d	reg_d
model_mean	f ɔ l	f ɛ l	f ɔ l d	f uː l	f uː l d	f uː l d	f ɔ l d	1	0	vowel_change	reg_d	reg_d
model_mean	r o ʊ l	r o ʊ l d	r o ʊ l d	r o ʊ m	r o ʊ m d	r o ʊ m d	r o ʊ l d	1	1	reg_d	reg_d	reg_d
model_mean	k uː l	k uː l d	k uː l d	k l ɔ	k l ɔ d	k l ɔ d	k uː l d	1	1	reg_d	reg_d	reg_d
model_mean	s ɪ ŋ	s æ ŋ	s æ ŋ d	s ɪ ŋ k	s æ ŋ k	s æ ŋ k	NA	0	0	vowel_change	vowel_change_suffix	vowel_change
model_mean	h o ʊ l d	h ɛ l d	h o ʊ l d ə d	h o ʊ l	h o ʊ l d	h o ʊ l d	h o ʊ l d d	0	0	vowel_change	reg_əd	reg_d
model_mean	d r ɛ s	d r ɛ s t	d r ɛ s t	d ɛ r	d ɛ r d	d ɛ r d	d r ɛ s d	0	0	reg_t	reg_t	reg_d
model_mean	w e ɪ k	w o ʊ k	w e ɪ k t	w e ɪ v	w e ɪ v d	w e ɪ v d	w e ɪ k d	0	0	vowel_change	reg_t	reg_d
model_mean	m uː v	m uː v d	m uː v d	m j uː z	m j uː z d	m j uː z d	m uː v d	1	1	reg_d	reg_d	reg_d
model_mean	b ɪ l d	b ɪ l t	b ɪ l d ə d	b ɪ l ɔ ŋ	b ɪ l ɔ ŋ d	b ɪ l ɔ ŋ d	b ɪ l d d	0	0	coda_change	reg_əd	reg_d
model_mean	p uː p	p uː p t	p uː p t	p ʊ ʃ	p ʊ ʃ t	p ʊ ʃ t	p uː p t	1	1	reg_t	reg_t	reg_t
model_mean	k ɛ r	k ɛ r d	k ɛ r d	k ʌ m	k ʌ m d	k e ɪ m	k ɛ r d	1	1	reg_d	reg_d	reg_d
model_mean	b ɛ r iː	b ɛ r iː d	b ɛ r iː d	b r ɛ d	b r ɛ d ə d	b r ɛ d ə d	b ɛ r iː ə d	0	0	reg_d	reg_d	reg_əd
model_mean	p æ n t	p æ n t ə d	p æ n t ə d	p æ t ɹ̩ n	p æ t ɹ̩ n d	p æ t ɹ̩ n d	p æ n t d	0	0	reg_əd	reg_əd	reg_d
model_mean	t ʌ k	t ʌ k t	t ʌ k t	t ʌ t͡ʃ	t ʌ t͡ʃ t	t ʌ t͡ʃ t	t ʌ k t	1	1	reg_t	reg_t	reg_t
model_mean	b ɑː ð ɹ̩	b ɑː ð ɹ̩ d	b ɑː ð ɹ̩ d	b r iː ð	b r iː ð d	b r iː ð d	b ɑː ð ɹ̩ d	1	1	reg_d	reg_d	reg_d
model_mean	ɛ ɡ z ɪ t	ɛ ɡ z ɪ t ə d	ɛ ɡ z ɪ t ə d	ɛ r	ɛ r d	ɛ r d	ɛ ɡ z ɪ t d	0	0	reg_əd	reg_əd	reg_d
model_mean	s t e ɪ	s t e ɪ d	s t e ɪ d	s t e ɪ n	s t e ɪ n d	s t e ɪ n d	s t e ɪ d	1	1	reg_d	reg_d	reg_d
model_mean	w ʌ n d ɹ̩	w ʌ n d ɹ̩ d	w ʌ n d ɹ̩ d	w ɹ̩ iː	w ɹ̩ iː d	w ɹ̩ iː d	w ʌ n d ɹ̩ d	1	1	reg_d	reg_d	reg_d
model_mean	d ɪ p	d ɪ p t	d ɪ p t	d ɪ ŋ	d ɪ ŋ d	d ɪ ŋ d	d ɪ p d	0	0	reg_t	reg_t	reg_d
model_mean	h ʌ ɡ	h ʌ ɡ d	h ʌ ɡ d	h iː l	h iː l d	h iː l d	h ʌ ɡ d	1	1	reg_d	reg_d	reg_d
model_mean	v ɔ ɪ s	v ɔ ɪ s t	v ɔ ɪ s t	v j uː	v j uː d	v j uː d	v ɔ ɪ s d	0	0	reg_t	reg_t	reg_d
model_mean	ə t æ t͡ʃ	ə t æ t͡ʃ t	ə t æ t͡ʃ t	ə t æ k	ə t æ k t	ə t æ k t	ə t æ t͡ʃ t	1	1	reg_t	reg_t	reg_t
model_mean	s m ɛ l	s m ɛ l d	s m ɛ l d	s m ʌ d͡ʒ	s m ʌ d͡ʒ d	s m ʌ d͡ʒ d	s m ɛ l d	1	1	reg_d	reg_d	reg_d
model_mean	f ɪ n ɪ ʃ	f ɪ n ɪ ʃ t	f ɪ n ɪ ʃ t	f ɪ l m	f ɪ l m d	f ɪ l m d	f ɪ n ɪ ʃ d	0	0	reg_t	reg_t	reg_d
model_mean	t r ɑː t	t r ɑː t ə d	t r ɑː t ə d	t r iː t	t r iː t ə d	t r iː t ə d	t r ɑː t ə d	1	1	reg_əd	reg_əd	reg_əd
model_mean	b l ɛ s	b l ɛ s t	b l ɛ s t	b l uː m	b l uː m d	b l uː m d	b l ɛ s d	0	0	reg_t	reg_t	reg_d
model_mean	l ɛ d	l ɛ d ə d	l ɛ d	l ɛ t	l ɛ t	l ɛ t	l ɛ d	1	0	reg_əd	no_change	no_change
model_mean	p r ɛ s	p r ɛ s t	p r ɛ s t	p ɛ r	p ɛ r d	p ɛ r d	p r ɛ s d	0	0	reg_t	reg_t	reg_d
model_mean	ə n z ɪ p	ə n z ɪ p t	ə n z ɪ p t	ə n t a ɪ	ə n t a ɪ d	ə n t a ɪ d	ə n z ɪ p d	0	0	reg_t	reg_t	reg_d
model_mean	f ɪ l t ɹ̩	f ɪ l t ɹ̩ d	f ɪ l t ɹ̩ d	f ɪ l m	f ɪ l m d	f ɪ l m d	f ɪ l t ɹ̩ d	1	1	reg_d	reg_d	reg_d
model_mean	ʃ e ɪ v	ʃ e ɪ v d	ʃ e ɪ v d	ʃ e ɪ k	ʃ e ɪ k t	ʃ ʊ k	ʃ e ɪ v t	0	0	reg_d	reg_d	reg_t
model_mean	k ɑː s t	k ɑː s t	k ɑː s t ə d	k ɑː k	k ɑː k t	k ɑː k t	k ɑː s t t	0	0	no_change	reg_əd	reg_t
model_mean	b r ʌ ʃ	b r ʌ ʃ t	b r ʌ ʃ t	b r ɪ d͡ʒ	b r ɪ d͡ʒ d	b r ɪ d͡ʒ d	b r ʌ ʃ d	0	0	reg_t	reg_t	reg_d
model_mean	l æ n d	l æ n d ə d	l æ n d ə d	l æ f	l æ f t	l æ f t	l æ n d t	0	0	reg_əd	reg_əd	reg_t
model_mean	s t ɛ p	s t ɛ p t	s t ɛ p t	s t ɛ r	s t ɛ r d	s t ɛ r d	s t ɛ p d	0	0	reg_t	reg_t	reg_d
model_mean	m ɪ l k	m ɪ l k t	m ɪ l k t	m ɪ k s	m ɪ k s t	m ɪ k s t	m ɪ l k t	1	1	reg_t	reg_t	reg_t
model_mean	b ɛ s t	b ɛ s t ə d	b ɛ s t ə d	b ɛ t ɹ̩	b ɛ t ɹ̩ d	b ɛ t ɹ̩ d	b ɛ s t d	0	0	reg_əd	reg_əd	reg_d
model_mean	m a ɪ n d	m a ɪ n d ə d	m a ɪ n d	m a ɪ n	m a ɪ n d	m a ɪ n d	m a ɪ n d d	0	0	reg_əd	no_change	reg_d
model_mean	w a ɪ t	w a ɪ t ə d	w a ɪ t	w a ɪ p	w a ɪ p t	w a ɪ p t	w a ɪ t t	0	0	reg_əd	no_change	reg_t
model_mean	m æ k s	m æ k s t	m æ k s t	m æ s k	m æ s k t	m æ s k t	m æ k s t	1	1	reg_t	reg_t	reg_t
model_mean	r iː t͡ʃ	r iː t͡ʃ t	r iː t͡ʃ t	r ɔ r	r ɔ r d	r ɔ r d	r iː t͡ʃ d	0	0	reg_t	reg_t	reg_d
model_mean	h o ʊ p	h o ʊ p t	h o ʊ p t	h o ʊ l	h o ʊ l d	h o ʊ l d	h o ʊ p d	0	0	reg_t	reg_t	reg_d
model_mean	f o ʊ l d	f o ʊ l d ə d	f o ʊ l d ə d	f o ʊ n	f o ʊ n d	f o ʊ n d	f o ʊ l d d	0	0	reg_əd	reg_əd	reg_d
model_mean	k l ɪ n t͡ʃ	k l ɪ n t͡ʃ t	k l ɪ n t͡ʃ t	k l ɪ p	k l ɪ p t	k l ɪ p t	k l ɪ n t͡ʃ t	1	1	reg_t	reg_t	reg_t
model_mean	t r ɪ k	t r ɪ k t	t r ɪ k t	t r ɪ p	t r ɪ p t	t r ɪ p t	t r ɪ k t	1	1	reg_t	reg_t	reg_t
model_mean	b ɛ n d	b ɛ n d ə d	b ɛ n d ə d	b ɛ d	b ɛ d ə d	b ɛ d ə d	b ɛ n d ə d	1	1	reg_əd	reg_əd	reg_əd
model_mean	a ɪ d ɛ n t ə f a ɪ	a ɪ d ɛ n t ə f a ɪ d	a ʊ n t ə d	d a ɪ ə l	d a ɪ ə l d	d a ɪ ə l d	a ɪ d ɛ n t ə f a ɪ d	0	1	reg_d	other	reg_d
model_mean	d͡ʒ ɔ ɪ n	d͡ʒ ɔ ɪ n d	d͡ʒ ɔ ɪ n d	d͡ʒ æ k	d͡ʒ æ k t	d͡ʒ æ k t	d͡ʒ ɔ ɪ n t	0	0	reg_d	reg_d	reg_t
model_mean	k ə n f j uː z	k ə n f j uː z d	k ə n f j uː z d	k ə n ɛ k t	k ə n ɛ k t ə d	k ə n ɛ k t ə d	k ə n f j uː z ə d	0	0	reg_d	reg_d	reg_əd
model_mean	b ɛ r	b o ʊ r	b ɛ r d	b ʌ ɡ	b ʌ ɡ d	b ʌ ɡ d	b ɛ r d	1	0	vowel_change	reg_d	reg_d
model_mean	r ɛ s t	r ɛ s t ə d	r ɛ s t	r ɛ s ə l	r ɛ s ə l d	r ɛ s ə l d	r ɛ s t d	0	0	reg_əd	no_change	reg_d
model_mean	p iː	p iː d	p iː d	p iː s	p iː s t	p iː s t	p iː t	0	0	reg_d	reg_d	reg_t
model_mean	ɡ r æ b	ɡ r æ b d	ɡ r æ b d	ɡ r æ n t	ɡ r æ n t ə d	ɡ r æ n t ə d	ɡ r æ b ə d	0	0	reg_d	reg_d	reg_əd
model_mean	ə p r o ʊ t͡ʃ	ə p r o ʊ t͡ʃ t	ə p r o ʊ t͡ʃ t	ə p o ʊ z	ə p o ʊ z d	ə p o ʊ z d	ə p r o ʊ t͡ʃ d	0	0	reg_t	reg_t	reg_d
model_mean	p iː l	p iː l d	p iː l d	p iː k	p iː k t	p iː k t	p iː l t	0	0	reg_d	reg_d	reg_t
model_mean	m ɑː r t͡ʃ	m ɑː r t͡ʃ t	m ɑː r t͡ʃ t	m ɑː r k	m ɑː r k t	m ɑː r k t	m ɑː r t͡ʃ t	1	1	reg_t	reg_t	reg_t
model_mean	t æ k ə l	t æ k ə l d	t æ k ə l d	t æ ŋ ɡ ə l	t æ ŋ ɡ ə l d	t æ ŋ ɡ ə l d	t æ k ə l d	1	1	reg_d	reg_d	reg_d
model_mean	d ɪ ɡ	d ʌ ɡ	d ɪ ɡ d	d ɪ ŋ	d ɪ ŋ d	d ɪ ŋ d	d ɪ ɡ d	1	0	vowel_change	reg_d	reg_d
model_mean	s ɛ t ə l	s ɛ t ə l d	s ɛ t ə l d	s t ɛ r	s t ɛ r d	s t ɛ r d	s ɛ t ə l d	1	1	reg_d	reg_d	reg_d
model_mean	ɪ ɡ n ɔ r	ɪ ɡ n ɔ r d	ɪ ɡ ɔ r n d	ɪ n s ɹ̩ t	ɪ n s ɹ̩ t ə d	ɪ n s ɹ̩ t ə d	ɪ ɡ n ɔ r ə d	0	0	reg_d	other	reg_əd
model_mean	k ʌ v ɹ̩	k ʌ v ɹ̩ d	k ʌ v ɹ̩ d	k ʌ l ɹ̩	k ʌ l ɹ̩ d	k ʌ l ɹ̩ d	k ʌ v ɹ̩ d	1	1	reg_d	reg_d	reg_d
model_mean	r ɑː t	r ɑː t ə d	r ɑː t	r ɑː b	r ɑː b d	r ɑː b d	r ɑː t d	0	0	reg_əd	no_change	reg_d
model_mean	f l æ t ɹ̩	f l æ t ɹ̩ d	f l æ t ɹ̩ d	f l æ p	f l æ p t	f l æ p t	f l æ t ɹ̩ t	0	0	reg_d	reg_d	reg_t
model_mean	b ʌ b ə l	b ʌ b ə l d	b ʌ b ə l d	b ʌ k ə l	b ʌ k ə l d	b ʌ k ə l d	b ʌ b ə l d	1	1	reg_d	reg_d	reg_d
model_mean	k o ʊ ɑː p ɹ̩ e ɪ t	k o ʊ ɑː p ɹ̩ e ɪ t ə d	k o ʊ p ɹ̩ p ɹ̩ d	o ʊ p ə n	o ʊ p ə n d	o ʊ p ə n d	k o ʊ ɑː p ɹ̩ e ɪ t d	0	0	reg_əd	other	reg_d
model_mean	ɡ r iː n	ɡ r iː n d	ɡ r iː n d	ɡ r ɪ n	ɡ r ɪ n d	ɡ r ɪ n d	ɡ r iː n d	1	1	reg_d	reg_d	reg_d
model_mean	r e ɪ s	r e ɪ s t	r e ɪ s t	r e ɪ k	r e ɪ k t	r e ɪ k t	r e ɪ s t	1	1	reg_t	reg_t	reg_t
model_mean	d æ n s	d æ n s t	d æ n s t	d æ m	d æ m d	d æ m d	d æ n s d	0	0	reg_t	reg_t	reg_d
model_mean	p r ɑː d͡ʒ ɛ k t	p r ɑː d͡ʒ ɛ k t ə d	p r ɑː d͡ʒ ɛ k t ə d	p r ɑː m ə s	p r ɑː m ə s t	p r ɑː m ə s t	p r ɑː d͡ʒ ɛ k t t	0	0	reg_əd	reg_əd	reg_t
model_mean	b ɛ ɡ	b ɛ ɡ d	b ɛ ɡ d	b ʌ ɡ	b ʌ ɡ d	b ʌ ɡ d	b ɛ ɡ d	1	1	reg_d	reg_d	reg_d
model_mean	s ɹ̩ v ɪ s	s ɹ̩ v ɪ s t	s ɹ̩ v ɪ s t	s ɹ̩ k ə l	s ɹ̩ k ə l d	s ɹ̩ k ə l d	s ɹ̩ v ɪ s d	0	0	reg_t	reg_t	reg_d
model_mean	r ɛ p r ə z ɛ n t	r ɛ p r ə z ɛ n t ə d	r ɛ p r ə z ɛ n t ə d	p ɛ r ə ʃ uː t	p ɛ r ə ʃ uː t ə d	p ɛ r ə ʃ uː t ə d	r ɛ p r ə z ɛ n t ə d	1	1	reg_əd	reg_əd	reg_əd
model_mean	ɪ m ɹ̩ d͡ʒ	ɪ m ɹ̩ d͡ʒ d	ɪ m ɹ̩ d͡ʒ d	ɪ n s ɹ̩ t	ɪ n s ɹ̩ t ə d	ɪ n s ɹ̩ t ə d	ɪ m ɹ̩ d͡ʒ ə d	0	0	reg_d	reg_d	reg_əd
model_mean	b ɔ ɪ l	b ɔ ɪ l d	b ɔ ɪ l d	b ɔ l	b ɔ l d	b ɔ l d	b ɔ ɪ l d	1	1	reg_d	reg_d	reg_d
model_mean	p ɹ̩ f ɛ k t	p ɹ̩ f ɛ k t ə d	p ɹ̩ f ɛ k t ə d	p ɹ̩ f ɔ r m	p ɹ̩ f ɔ r m d	p ɹ̩ f ɔ r m d	p ɹ̩ f ɛ k t d	0	0	reg_əd	reg_əd	reg_d
model_mean	r a ɪ z	r o ʊ z	r o ʊ z d	r a ɪ t	r o ʊ t	r o ʊ t	NA	0	0	vowel_change	vowel_change_suffix	vowel_change
model_mean	s k r iː n	s k r iː n d	s k r iː n d	s k r iː m	s k r iː m d	s k r iː m d	s k r iː n d	1	1	reg_d	reg_d	reg_d
model_mean	t r e ɪ n	t r e ɪ n d	t r e ɪ n d	t r e ɪ d	t r e ɪ d ə d	t r e ɪ d ə d	t r e ɪ n ə d	0	0	reg_d	reg_d	reg_əd
model_mean	s o ʊ	s o ʊ d	s o ʊ d	s o ʊ k	s o ʊ k t	s o ʊ k t	s o ʊ t	0	0	reg_d	reg_d	reg_t
model_mean	f e ɪ s	f e ɪ s t	f e ɪ s t	f e ɪ k	f e ɪ k t	f e ɪ k t	f e ɪ s t	1	1	reg_t	reg_t	reg_t
model_mean	s t ʌ d iː	s t ʌ d iː d	s t ʌ d iː d	s t ɔ r iː	s t ɔ r iː d	s t ɔ r iː d	s t ʌ d iː d	1	1	reg_d	reg_d	reg_d
model_mean	b l ɑː t	b l ɑː t ə d	b l ɑː t ə d	b l ɑː k	b l ɑː k t	b l ɑː k t	b l ɑː t t	0	0	reg_əd	reg_əd	reg_t
model_mean	m e ɪ l	m e ɪ l d	m e ɪ l d	m e ɪ k	m e ɪ k t	m e ɪ d	m e ɪ l t	0	0	reg_d	reg_d	reg_t
model_mean	k l ɪ ŋ	k l ʌ ŋ	k l ʌ ŋ	k ʌ l ɹ̩	k ʌ l ɹ̩ d	k ʌ l ɹ̩ d	k l ɪ ŋ d	0	0	vowel_change	vowel_change	reg_d
model_mean	p l ʌ ɡ	p l ʌ ɡ d	p l ʌ ɡ d	p l iː z	p l iː z d	p l iː z d	p l ʌ ɡ d	1	1	reg_d	reg_d	reg_d
model_mean	p r e ɪ	p r e ɪ d	p r e ɪ d	p r e ɪ z	p r e ɪ z d	p r e ɪ z d	p r e ɪ d	1	1	reg_d	reg_d	reg_d
model_mean	f l o ʊ	f l o ʊ d	f l uː	f l o ʊ t	f l o ʊ t ə d	f l o ʊ t ə d	f l o ʊ ə d	0	0	reg_d	vowel_change	reg_əd
model_mean	r iː m a ɪ n d	r iː m a ɪ n d ə d	r iː m a ɪ n d ə d	r iː n e ɪ m	r iː n e ɪ m d	r iː n e ɪ m d	r iː m a ɪ n d d	0	0	reg_əd	reg_əd	reg_d
model_mean	ɛ l b o ʊ	ɛ l b o ʊ d	ɛ l b o ʊ d	l ɛ v ə l	l ɛ v ə l d	l ɛ v ə l d	ɛ l b o ʊ d	1	1	reg_d	reg_d	reg_d
model_mean	f r iː z	f r o ʊ z	f r iː z d	f r iː k	f r iː k t	f r iː k t	f r iː z t	0	0	vowel_change	reg_d	reg_t
model_mean	m ɪ m ɪ k	m ɪ m ɪ k t	m ɪ m ɪ k t	m ɪ r ɹ̩	m ɪ r ɹ̩ d	m ɪ r ɹ̩ d	m ɪ m ɪ k d	0	0	reg_t	reg_t	reg_d
model_mean	w iː l	w iː l d	w iː l d	w ɹ̩ iː	w ɹ̩ iː d	w ɹ̩ iː d	w iː l d	1	1	reg_d	reg_d	reg_d
model_mean	p ʌ m p	p ʌ m p t	p ʌ m p t	p ʌ f	p ʌ f t	p ʌ f t	p ʌ m p t	1	1	reg_t	reg_t	reg_t
model_mean	ɪ k s p ɛ k t	ɪ k s p ɛ k t ə d	ɪ k s p ɛ k t ə d	ɪ k s ɛ p t	ɪ k s ɛ p t ə d	ɪ k s ɛ p t ə d	ɪ k s p ɛ k t ə d	1	1	reg_əd	reg_əd	reg_əd
model_mean	w a ɪ n d	w a ɪ n d ə d	w a ɪ n d	w a ɪ ɹ̩	w a ɪ ɹ̩ d	w a ɪ ɹ̩ d	w a ɪ n d d	0	0	reg_əd	no_change	reg_d
model_mean	s k r ɪ b ə l	s k r ɪ b ə l d	s k r ɪ b ə l d	s k r æ m b ə l	s k r æ m b ə l d	s k r æ m b ə l d	s k r ɪ b ə l d	1	1	reg_d	reg_d	reg_d
model_mean	r ɪ s p ɑː n d	r ɪ s p ɑː n d ə d	r ɪ s p ɑː n d ə d	r ɪ s p ɛ k t	r ɪ s p ɛ k t ə d	r ɪ s p ɛ k t ə d	r ɪ s p ɑː n d ə d	1	1	reg_əd	reg_əd	reg_əd
model_mean	r e ɪ z	r e ɪ z d	r e ɪ z d	r e ɪ n	r e ɪ n d	r e ɪ n d	r e ɪ z d	1	1	reg_d	reg_d	reg_d
model_mean	ɡ ɪ ɡ ə l	ɡ ɪ ɡ ə l d	ɡ ɪ ɡ ə l d	ɡ e ɪ n	ɡ e ɪ n d	ɡ e ɪ n d	ɡ ɪ ɡ ə l d	1	1	reg_d	reg_d	reg_d
model_mean	b ɑː r o ʊ	b ɑː r o ʊ d	b ɑː r o ʊ d	b ɑː r b	b ɑː r b d	b ɑː r b d	b ɑː r o ʊ d	1	1	reg_d	reg_d	reg_d
model_mean	s w ɑː l o ʊ	s w ɑː l o ʊ d	s w ɑː l o ʊ d	s w ɑː t	s w ɑː t ə d	s w ɑː t ə d	s w ɑː l o ʊ ə d	0	0	reg_d	reg_d	reg_əd
model_mean	d ɑː r n	d ɑː r n d	d ɑː r n d	d ɑː n	d ɑː n d	d ɑː n d	d ɑː r n d	1	1	reg_d	reg_d	reg_d
model_mean	k ɑː p iː	k ɑː p iː d	k ɑː p iː d	k ɑː k	k ɑː k t	k ɑː k t	k ɑː p iː t	0	0	reg_d	reg_d	reg_t
model_mean	s k r e ɪ p	s k r e ɪ p t	s k r e ɪ p t	s k r æ p	s k r æ p t	s k r æ p t	s k r e ɪ p t	1	1	reg_t	reg_t	reg_t
model_mean	h o ʊ m	h o ʊ m d	h o ʊ m d	h o ʊ l	h o ʊ l d	h o ʊ l d	h o ʊ m d	1	1	reg_d	reg_d	reg_d
model_mean	f r iː	f r iː d	f r iː d	f r iː k	f r iː k t	f r iː k t	f r iː t	0	0	reg_d	reg_d	reg_t
model_mean	b r a ɪ t ə n	b r a ɪ t ə n d	b r a ɪ t ə n d	b r e ɪ d	b r e ɪ d ə d	b r e ɪ d ə d	b r a ɪ t ə n ə d	0	0	reg_d	reg_d	reg_əd
model_mean	ə r a ɪ v	ə r a ɪ v d	ə r a ɪ v d	ə r a ɪ z	ə r a ɪ z d	ə r o ʊ z	ə r a ɪ v d	1	1	reg_d	reg_d	reg_d
model_mean	ɪ k s p l ɔ r	ɪ k s p l ɔ r d	ɪ k s p l ɔ r d	ɪ k s p l e ɪ n	ɪ k s p l e ɪ n d	ɪ k s p l e ɪ n d	ɪ k s p l ɔ r d	1	1	reg_d	reg_d	reg_d
model_mean	p ɹ̩ s	p ɹ̩ s t	p ɹ̩ s t	p ʊ l	p ʊ l d	p ʊ l d	p ɹ̩ s d	0	0	reg_t	reg_t	reg_d
model_mean	t͡ʃ ɪ p	t͡ʃ ɪ p t	t͡ʃ ɪ p t	t͡ʃ ɪ l	t͡ʃ ɪ l d	t͡ʃ ɪ l d	t͡ʃ ɪ p d	0	0	reg_t	reg_t	reg_d
model_mean	b ɑː t ə l	b ɑː t ə l d	b ɑː t ə l d	b ɑː r b	b ɑː r b d	b ɑː r b d	b ɑː t ə l d	1	1	reg_d	reg_d	reg_d
model_mean	ə s o ʊ s iː e ɪ t	ə s o ʊ s iː e ɪ t ə d	ə s o ʊ e ɪ t ə d	s ə p o ʊ z	s ə p o ʊ z d	s ə p o ʊ z d	ə s o ʊ s iː e ɪ t d	0	0	reg_əd	other	reg_d
model_mean	ɪ n s ɪ s t	ɪ n s ɪ s t ə d	ɪ n s ɪ s t ə d	ɪ n ɪ ʃ ə l	ɪ n ɪ ʃ ə l d	ɪ n ɪ ʃ ə l d	ɪ n s ɪ s t d	0	0	reg_əd	reg_əd	reg_d
model_mean	w iː	w iː d	w iː d	w iː d	w iː d ə d	w iː d ə d	w iː ə d	0	0	reg_d	reg_d	reg_əd
model_mean	ʃ ɔ r t ə n	ʃ ɔ r t ə n d	ʃ ɔ r t ə n d	ʃ ɛ l	ʃ ɛ l d	ʃ ɛ l d	ʃ ɔ r t ə n d	1	1	reg_d	reg_d	reg_d
model_mean	ə n l ɑː k	ə n l ɑː k t	ə n l ɑː k t	ə l a ʊ	ə l a ʊ d	ə l a ʊ d	ə n l ɑː k d	0	0	reg_t	reg_t	reg_d
model_mean	d ʌ b ə l	d ʌ b ə l d	d ʌ b ə l d	d ʌ m p	d ʌ m p t	d ʌ m p t	d ʌ b ə l t	0	0	reg_d	reg_d	reg_t
model_mean	m ɑː p	m ɑː p t	m ɑː p t	m ɑː r	m ɑː r d	m ɑː r d	m ɑː p d	0	0	reg_t	reg_t	reg_d
model_mean	f ɛ t͡ʃ	f ɛ t͡ʃ t	f ɛ t͡ʃ t	f ʌ s	f ʌ s t	f ʌ s t	f ɛ t͡ʃ t	1	1	reg_t	reg_t	reg_t
model_mean	ʃ ɛ d	ʃ ɛ d ə d	ʃ ɛ d ə d	ʃ ɛ r	ʃ ɛ r d	ʃ ɛ r d	ʃ ɛ d d	0	0	reg_əd	reg_əd	reg_d
model_mean	t r æ p	t r æ p t	t r æ p t	t r æ ʃ	t r æ ʃ t	t r æ ʃ t	t r æ p t	1	1	reg_t	reg_t	reg_t
model_mean	b ɪ h e ɪ v	b ɪ h e ɪ v d	b ɪ h e ɪ v d	b e ɪ ð	b e ɪ ð d	b e ɪ ð d	b ɪ h e ɪ v d	1	1	reg_d	reg_d	reg_d
model_mean	d ɪ l iː t	d ɪ l iː t ə d	d ɪ l iː t ə d	d ɪ f iː t	d ɪ f iː t ə d	d ɪ f iː t ə d	d ɪ l iː t ə d	1	1	reg_əd	reg_əd	reg_əd
model_mean	p æ n	p æ n d	p æ n d	p ɔ r	p ɔ r d	p ɔ r d	p æ n d	1	1	reg_d	reg_d	reg_d
model_mean	s k æ l ə p	s k æ l ə p t	s k æ l ə p t	s k æ m p ɹ̩	s k æ m p ɹ̩ d	s k æ m p ɹ̩ d	s k æ l ə p d	0	0	reg_t	reg_t	reg_d
model_mean	n o ʊ t	n o ʊ t ə d	n o ʊ t ə d	n o ʊ z	n o ʊ z d	n o ʊ z d	n o ʊ t d	0	0	reg_əd	reg_əd	reg_d
model_mean	p ɑː k ə t	p ɑː k ə t ə d	p ɑː k ə t ə d	p ɑː r k	p ɑː r k t	p ɑː r k t	p ɑː k ə t t	0	0	reg_əd	reg_əd	reg_t
model_mean	r ə f l ɛ k t	r ə f l ɛ k t ə d	r ə f l ɛ k t ə d	r ə f ɹ̩	r ə f ɹ̩ d	r ə f ɹ̩ d	r ə f l ɛ k t d	0	0	reg_əd	reg_əd	reg_d
model_mean	s t e ɪ t	s t e ɪ t ə d	s t e ɪ t ə d	s t e ɪ n	s t e ɪ n d	s t e ɪ n d	s t e ɪ t d	0	0	reg_əd	reg_əd	reg_d
model_mean	p r a ɪ	p r a ɪ d	p r a ɪ d	p r a ɪ z	p r a ɪ z d	p r a ɪ z d	p r a ɪ d	1	1	reg_d	reg_d	reg_d
model_mean	ʃ uː	ʃ uː d	ʃ ɑː d	ʃ ɑː k	ʃ ɑː k t	ʃ ɑː k t	ʃ uː t	0	0	reg_d	vowel_change_suffix	reg_t
model_mean	k ɑː n s ə n t r e ɪ t	k ɑː n s ə n t r e ɪ t ə d	k ɑː r t r d	ɪ n v ɛ s t ə ɡ e ɪ t	ɪ n v ɛ s t ə ɡ e ɪ t ə d	ɪ n v ɛ s t ə ɡ e ɪ t ə d	k ɑː n s ə n t r e ɪ t ə d	0	1	reg_əd	other	reg_əd
model_mean	s ʌ f ɹ̩	s ʌ f ɹ̩ d	s ʌ f ɹ̩ d	s ʌ k	s ʌ k t	s ʌ k t	s ʌ f ɹ̩ t	0	0	reg_d	reg_d	reg_t
model_mean	s ɪ z ə l	s ɪ z ə l d	s ɪ z ə l d	s ɪ ŋ k	s æ ŋ k	s æ ŋ k	NA	0	0	reg_d	reg_d	vowel_change
model_mean	p r ə p o ʊ z	p r ə p o ʊ z d	p r ə p o ʊ z d	p r ə d uː s	p r ə d uː s t	p r ə d uː s t	p r ə p o ʊ z t	0	0	reg_d	reg_d	reg_t
model_mean	θ ɔ	θ ɔ d	θ ɔ d	θ ɪ n	θ ɪ n d	θ ɪ n d	θ ɔ d	1	1	reg_d	reg_d	reg_d
model_mean	r ɪ l e ɪ t	r ɪ l e ɪ t ə d	r ɪ l e ɪ t ə d	r ɪ l iː v	r ɪ l iː v d	r ɪ l iː v d	r ɪ l e ɪ t d	0	0	reg_əd	reg_əd	reg_d
model_mean	t ɪ k	t ɪ k t	t ɪ k t	t ɪ p	t ɪ p t	t ɪ p t	t ɪ k t	1	1	reg_t	reg_t	reg_t
model_mean	ɛ d͡ʒ	ɛ d͡ʒ d	ɛ d͡ʒ d	ɛ r	ɛ r d	ɛ r d	ɛ d͡ʒ d	1	1	reg_d	reg_d	reg_d
model_mean	ɪ ɡ z ɪ s t	ɪ ɡ z ɪ s t ə d	ɪ ɡ z ɪ s t ə d	ɪ ɡ z æ m ɪ n	ɪ ɡ z æ m ɪ n d	ɪ ɡ z æ m ɪ n d	ɪ ɡ z ɪ s t d	0	0	reg_əd	reg_əd	reg_d
model_mean	θ ɪ k ə n	θ ɪ k ə n d	θ ɪ k ə n d	θ ɪ n	θ ɪ n d	θ ɪ n d	θ ɪ k ə n d	1	1	reg_d	reg_d	reg_d
model_mean	r ɪ t ɹ̩ n	r ɪ t ɹ̩ n d	r ɪ t ɹ̩ n d	r ɪ v ɹ̩ s	r ɪ v ɹ̩ s t	r ɪ v ɹ̩ s t	r ɪ t ɹ̩ n t	0	0	reg_d	reg_d	reg_t
model_mean	t͡ʃ ɑː r d͡ʒ	t͡ʃ ɑː r d͡ʒ d	t͡ʃ ɑː r d͡ʒ d	t͡ʃ ɑː r m	t͡ʃ ɑː r m d	t͡ʃ ɑː r m d	t͡ʃ ɑː r d͡ʒ d	1	1	reg_d	reg_d	reg_d
model_mean	s t o ʊ n	s t o ʊ n d	s t o ʊ n d	s o ʊ k	s o ʊ k t	s o ʊ k t	s t o ʊ n t	0	0	reg_d	reg_d	reg_t
model_mean	w ɛ l k ə m	w ɛ l k ə m d	w ɛ l k ə m d	l ɛ v ə l	l ɛ v ə l d	l ɛ v ə l d	w ɛ l k ə m d	1	1	reg_d	reg_d	reg_d
model_mean	d ɪ n a ɪ	d ɪ n a ɪ d	d ɪ n a ɪ d	d ɪ z ɹ̩ v	d ɪ z ɹ̩ v d	d ɪ z ɹ̩ v d	d ɪ n a ɪ d	1	1	reg_d	reg_d	reg_d
model_mean	ɔ r ɡ ə n a ɪ z	ɔ r ɡ ə n a ɪ z d	ɔ ɡ r ɡ a ɪ z ɪ z	r ɔ ŋ	r ɔ ŋ d	r ɔ ŋ d	ɔ r ɡ ə n a ɪ z d	0	1	reg_d	other	reg_d
model_mean	k ɑː r d	k ɑː r d ə d	k ɑː r d ə d	k ɑː r v	k ɑː r v d	k ɑː r v d	k ɑː r d d	0	0	reg_əd	reg_əd	reg_d
model_mean	b o ʊ l t	b o ʊ l t ə d	b o ʊ l t ə d	b o ʊ l	b o ʊ l d	b o ʊ l d	b o ʊ l t d	0	0	reg_əd	reg_əd	reg_d
model_mean	s ə p ɔ r t	s ə p ɔ r t ə d	s ə p ɔ r t ə d	s ə p o ʊ z	s ə p o ʊ z d	s ə p o ʊ z d	s ə p ɔ r t d	0	0	reg_əd	reg_əd	reg_d
model_mean	ɡ r a ʊ l	ɡ r a ʊ l d	ɡ r a ʊ l d	ɡ r a ʊ n d	ɡ r a ʊ n d ə d	ɡ r a ʊ n d ə d	ɡ r a ʊ l ə d	0	0	reg_d	reg_d	reg_əd
model_mean	d͡ʒ ɹ̩ k	d͡ʒ ɹ̩ k t	d͡ʒ ɹ̩ k t	d͡ʒ ʌ ɡ ə l	d͡ʒ ʌ ɡ ə l d	d͡ʒ ʌ ɡ ə l d	d͡ʒ ɹ̩ k d	0	0	reg_t	reg_t	reg_d
model_mean	d ɪ s k ʌ v ɹ̩	d ɪ s k ʌ v ɹ̩ d	d ɪ s k ʌ v ɹ̩ d	d ɪ s t r ɔ ɪ	d ɪ s t r ɔ ɪ d	d ɪ s t r ɔ ɪ d	d ɪ s k ʌ v ɹ̩ d	1	1	reg_d	reg_d	reg_d
model_mean	l æ s t	l æ s t ə d	l æ s t	l æ f	l æ f t	l æ f t	l æ s t t	0	0	reg_əd	no_change	reg_t
model_mean	s ɛ n t ə n s	s ɛ n t ə n s t	s ɛ n t ə n s t	s ɛ n t ɹ̩	s ɛ n t ɹ̩ d	s ɛ n t ɹ̩ d	s ɛ n t ə n s d	0	0	reg_t	reg_t	reg_d
model_mean	t æ t ə l	t æ t ə l d	t æ t ə l d	t æ ɡ	t æ ɡ d	t æ ɡ d	t æ t ə l d	1	1	reg_d	reg_d	reg_d
model_mean	ə r ɛ s t	ə r ɛ s t ə d	ə r ɛ s t ə d	ə d r ɛ s	ə d r ɛ s t	ə d r ɛ s t	ə r ɛ s t t	0	0	reg_əd	reg_əd	reg_t
model_mean	ə n l o ʊ d	ə n l o ʊ d ə d	ə n l o ʊ d ə d	ə l a ʊ	ə l a ʊ d	ə l a ʊ d	ə n l o ʊ d d	0	0	reg_əd	reg_əd	reg_d
model_mean	n a ɪ f	n a ɪ f t	n a ɪ f t	n o ʊ	n o ʊ d	n uː	n a ɪ f d	0	0	reg_t	reg_t	reg_d
model_mean	ə p r iː ʃ iː e ɪ t	ə p r iː ʃ iː e ɪ t ə d	ə p r iː e ɪ t ə d	p r ə n a ʊ n s	p r ə n a ʊ n s t	p r ə n a ʊ n s t	ə p r iː ʃ iː e ɪ t t	0	0	reg_əd	other	reg_t
model_mean	r ʌ f	r ʌ f t	r ʌ f t	r ʌ ʃ	r ʌ ʃ t	r ʌ ʃ t	r ʌ f t	1	1	reg_t	reg_t	reg_t
model_mean	l æ t͡ʃ	l æ t͡ʃ t	l æ t͡ʃ t	l æ p	l æ p t	l æ p t	l æ t͡ʃ t	1	1	reg_t	reg_t	reg_t
model_mean	ɪ m p r uː v	ɪ m p r uː v d	ɪ m p r uː v d	ɪ m p r ɪ z ə n	ɪ m p r ɪ z ə n d	ɪ m p r ɪ z ə n d	ɪ m p r uː v d	1	1	reg_d	reg_d	reg_d
model_mean	r ɪ v ɹ̩ t	r ɪ v ɹ̩ t ə d	r ɪ v ɹ̩ t ə d	r ɪ v ə t	r ɪ v ə t ə d	r ɪ v ə t ə d	r ɪ v ɹ̩ t ə d	1	1	reg_əd	reg_əd	reg_əd
model_mean	d ɔ n	d ɔ n d	d ɔ n d	d ɔ ɡ	d ɔ ɡ d	d ɔ ɡ d	d ɔ n d	1	1	reg_d	reg_d	reg_d
model_mean	d ʌ ŋ k	d ʌ ŋ k t	d ʌ ŋ k t	d ʌ m p	d ʌ m p t	d ʌ m p t	d ʌ ŋ k t	1	1	reg_t	reg_t	reg_t
model_mean	m ə n uː v ɹ̩	m ə n uː v ɹ̩ d	m ə n v uː v d	ə n d uː	ə n d ɪ d	ə n d ɪ d	NA	0	0	reg_d	other	vowel_change_suffix
model_mean	s w uː ʃ	s w uː ʃ t	s w uː ʃ t	s w uː p	s w uː p t	s w uː p t	s w uː ʃ t	1	1	reg_t	reg_t	reg_t
model_mean	l uː p	l uː p t	l uː p t	l uː s	l uː s t	l uː s t	l uː p t	1	1	reg_t	reg_t	reg_t
model_mean	ə b a ɪ d	ə b a ɪ d ə d	ə b a ɪ d ə d	ə b z ɹ̩ v	ə b z ɹ̩ v d	ə b z ɹ̩ v d	ə b a ɪ d d	0	0	reg_əd	reg_əd	reg_d
model_mean	k ə m p ɛ r	k ə m p ɛ r d	k ə m p ɛ r d	k ə n t r o ʊ l	k ə n t r o ʊ l d	k ə n t r o ʊ l d	k ə m p ɛ r d	1	1	reg_d	reg_d	reg_d
model_mean	t͡ʃ æ n ə l	t͡ʃ æ n ə l d	t͡ʃ æ n ə l d	t͡ʃ ɪ k ə n	t͡ʃ ɪ k ə n d	t͡ʃ ɪ k ə n d	t͡ʃ æ n ə l d	1	1	reg_d	reg_d	reg_d
model_mean	s t ɔ r	s t ɔ r d	s t ɔ r d	s t ɔ k	s t ɔ k t	s t ɔ k t	s t ɔ r t	0	0	reg_d	reg_d	reg_t
model_mean	r ɪ p ɛ r	r ɪ p ɛ r d	r ɪ p ɛ r d	r ɪ p ɛ l	r ɪ p ɛ l d	r ɪ p ɛ l d	r ɪ p ɛ r d	1	1	reg_d	reg_d	reg_d
model_mean	d ɪ ʃ	d ɪ ʃ t	d ɪ ʃ t	d æ ʃ	d æ ʃ t	d æ ʃ t	d ɪ ʃ t	1	1	reg_t	reg_t	reg_t
model_mean	s p ɑː r k ə l	s p ɑː r k ə l d	s p ɑː r k ə l d	s p ɔ ɪ l	s p ɔ ɪ l d	s p ɔ ɪ l d	s p ɑː r k ə l d	1	1	reg_d	reg_d	reg_d
model_mean	k w a ɪ ə t	k w a ɪ ə t ə d	k w a ɪ ə t ə d	k w ɪ l t	k w ɪ l t ə d	k w ɪ l t ə d	k w a ɪ ə t ə d	1	1	reg_əd	reg_əd	reg_əd
model_mean	k ə n t ɪ n j uː	k ə n t ɪ n j uː d	k ə n t ɪ n t ɪ n j uː t ə d	k ə n t e ɪ n	k ə n t e ɪ n d	k ə n t e ɪ n d	k ə n t ɪ n j uː d	0	1	reg_d	other	reg_d
model_mean	p ɑː t	p ɑː t ə d	p ɑː t ə d	p ɑː r t	p ɑː r t ə d	p ɑː r t ə d	p ɑː t ə d	1	1	reg_əd	reg_əd	reg_əd
model_mean	p r ɪ n t	p r ɪ n t ə d	p r ɪ n t ə d	p r ɪ k	p r ɪ k t	p r ɪ k t	p r ɪ n t t	0	0	reg_əd	reg_əd	reg_t
model_mean	s p a ɪ s	s p a ɪ s t	s p a ɪ s t	s p a ɪ k	s p a ɪ k t	s p a ɪ k t	s p a ɪ s t	1	1	reg_t	reg_t	reg_t
model_mean	b ɑː d iː	b ɑː d iː d	b ɑː d iː d	b l iː d	b l ɛ d ə d	b l ɛ d	NA	0	0	reg_d	reg_d	other
model_mean	s t r o ʊ k	s t r o ʊ k t	s t r o ʊ k t	s t r o ʊ l	s t r o ʊ l d	s t r o ʊ l d	s t r o ʊ k d	0	0	reg_t	reg_t	reg_d
model_mean	ə n w a ɪ n d	ə n w a ʊ n d	ə n w a ɪ n d ə d	ə n a ʊ n s	ə n a ʊ n s t	ə n a ʊ n s t	ə n w a ɪ n d t	0	0	vowel_change	reg_əd	reg_t
model_mean	s t r æ ŋ ɡ ə l	s t r æ ŋ ɡ ə l d	s t r æ ŋ ɡ ə l d	s t r æ d ə l	s t r æ d ə l d	s t r æ d ə l d	s t r æ ŋ ɡ ə l d	1	1	reg_d	reg_d	reg_d
model_mean	p ɑː l ɪ ʃ	p ɑː l ɪ ʃ t	p ɑː l ɪ ʃ t	p l ɑː p	p l ɑː p t	p l ɑː p t	p ɑː l ɪ ʃ t	1	1	reg_t	reg_t	reg_t
model_mean	p a ʊ n d	p a ʊ n d ə d	p a ʊ n d ə d	p a ʊ n s	p a ʊ n s t	p a ʊ n s t	p a ʊ n d t	0	0	reg_əd	reg_əd	reg_t
model_mean	w ɪ s k	w ɪ s k t	w ɪ s k t	w ɪ s p ɹ̩	w ɪ s p ɹ̩ d	w ɪ s p ɹ̩ d	w ɪ s k d	0	0	reg_t	reg_t	reg_d
model_mean	ɡ l o ʊ	ɡ l o ʊ d	ɡ l uː	ɡ r o ʊ	ɡ r uː	ɡ r uː	ɡ l uː	1	0	reg_d	vowel_change	vowel_change
model_mean	a ɪ s	a ɪ s t	a ɪ s t	a ɪ	a ɪ d	a ɪ d	a ɪ s d	0	0	reg_t	reg_t	reg_d
model_mean	t iː z	t iː z d	t iː z d	t iː m	t iː m d	t iː m d	t iː z d	1	1	reg_d	reg_d	reg_d
model_mean	ɪ r ʌ p t	ɪ r ʌ p t ə d	ɪ r ʌ p t ə d	r ɪ v ə t	r ɪ v ə t ə d	r ɪ v ə t ə d	ɪ r ʌ p t ə d	1	1	reg_əd	reg_əd	reg_əd
model_mean	k ɑː n	k ɑː n d	k ɑː n d	k ɑː z	k ɑː z d	k ɑː z d	k ɑː n d	1	1	reg_d	reg_d	reg_d
model_mean	d ɪ z ɑː l v	d ɪ z ɑː l v d	d ɪ z ɑː l v d	d ɪ z ɹ̩ v	d ɪ z ɹ̩ v d	d ɪ z ɹ̩ v d	d ɪ z ɑː l v d	1	1	reg_d	reg_d	reg_d
model_mean	b l ɛ n d	b l ɛ n d ə d	b l ɛ n d ə d	b l e ɪ m	b l e ɪ m d	b l e ɪ m d	b l ɛ n d d	0	0	reg_əd	reg_əd	reg_d
model_mean	ə r e ɪ n d͡ʒ	ə r e ɪ n d͡ʒ d	ə r e ɪ n d͡ʒ d	ə r a ɪ z	ə r a ɪ z d	ə r o ʊ z	ə r e ɪ n d͡ʒ d	1	1	reg_d	reg_d	reg_d
model_mean	f r e ɪ m	f r e ɪ m d	f r e ɪ m d	f r a ɪ	f r a ɪ d	f r a ɪ d	f r e ɪ m d	1	1	reg_d	reg_d	reg_d
model_mean	k ə m p iː t	k ə m p iː t ə d	k ə m p iː t ə d	k ə n ɛ k t	k ə n ɛ k t ə d	k ə n ɛ k t ə d	k ə m p iː t ə d	1	1	reg_əd	reg_əd	reg_əd
model_mean	s p iː d	s p ɛ d	s p iː d ə d	s k iː	s k iː d	s k iː d	s p iː d d	0	0	vowel_change	reg_əd	reg_d
model_mean	h ɔ l	h ɔ l d	h ɔ l d	h j uː	h j uː	h j uː	h ɔ l	0	0	reg_d	reg_d	no_change
model_mean	s n æ ɡ	s n æ ɡ d	s n æ ɡ d	s n ʌ f	s n ʌ f t	s n ʌ f t	s n æ ɡ t	0	0	reg_d	reg_d	reg_t
model_mean	ɪ n t r iː ɡ	ɪ n t r iː ɡ d	ɪ n t r iː ɡ d	ɪ n t ɛ n d	ɪ n t ɛ n d ə d	ɪ n t ɛ n d ə d	ɪ n t r iː ɡ ə d	0	0	reg_d	reg_d	reg_əd
model_mean	l ɔ n t͡ʃ	l ɔ n t͡ʃ t	l ɔ n t͡ʃ t	l uː s	l uː s t	l uː s t	l ɔ n t͡ʃ t	1	1	reg_t	reg_t	reg_t
model_mean	s æ ɡ	s æ ɡ d	s æ ɡ d	s iː l	s iː l d	s iː l d	s æ ɡ d	1	1	reg_d	reg_d	reg_d
model_mean	d ɪ v ɛ l ə p	d ɪ v ɛ l ə p t	d ɪ v ɛ l ə p t	d ɪ v a ɪ d	d ɪ v a ɪ d ə d	d ɪ v a ɪ d ə d	d ɪ v ɛ l ə p ə d	0	0	reg_t	reg_t	reg_əd
model_mean	s ɹ̩ v a ɪ v	s ɹ̩ v a ɪ v d	s ɹ̩ v a ɪ v d	s ɹ̩ k ə l	s ɹ̩ k ə l d	s ɹ̩ k ə l d	s ɹ̩ v a ɪ v d	1	1	reg_d	reg_d	reg_d
model_mean	r iː b ɪ l d	r iː b ɪ l t	r iː b ɪ l d ə d	r iː ə l a ɪ z	r iː ə l a ɪ z d	r iː ə l a ɪ z d	r iː b ɪ l d d	0	0	coda_change	reg_əd	reg_d
model_mean	ɛ n t ɹ̩	ɛ n t ɹ̩ d	ɛ n t ɹ̩ d	ɛ n d	ɛ n d ə d	ɛ n d ə d	ɛ n t ɹ̩ ə d	0	0	reg_d	reg_d	reg_əd
model_mean	w ɹ̩ l	w ɹ̩ l d	w ɹ̩ l d	w ɹ̩ k	w ɹ̩ k t	w ɹ̩ k t	w ɹ̩ l t	0	0	reg_d	reg_d	reg_t
model_mean	s p l æ t ɹ̩	s p l æ t ɹ̩ d	s p l æ t ɹ̩ d	s p l æ ʃ	s p l æ ʃ t	s p l æ ʃ t	s p l æ t ɹ̩ t	0	0	reg_d	reg_d	reg_t
model_mean	w ɹ̩ ʃ ɪ p	w ɹ̩ ʃ ɪ p t	w ɹ̩ ʃ ɪ p t	w ɹ̩ k	w ɹ̩ k t	w ɹ̩ k t	w ɹ̩ ʃ ɪ p t	1	1	reg_t	reg_t	reg_t
model_mean	n iː d ə l	n iː d ə l d	n iː d ə l d	n iː d	n iː d ə d	n iː d ə d	n iː d ə l ə d	0	0	reg_d	reg_d	reg_əd
model_mean	s p e ɪ s	s p e ɪ s t	s p e ɪ s t	s p a ɪ k	s p a ɪ k t	s p a ɪ k t	s p e ɪ s t	1	1	reg_t	reg_t	reg_t
model_mean	f l ɹ̩ t	f l ɹ̩ t ə d	f l ɹ̩ t ə d	f l ʌ f	f l ʌ f t	f l ʌ f t	f l ɹ̩ t t	0	0	reg_əd	reg_əd	reg_t
model_mean	p ɛ ɡ	p ɛ ɡ d	p ɛ ɡ d	p ɛ n	p ɛ n d	p ɛ n d	p ɛ ɡ d	1	1	reg_d	reg_d	reg_d
model_mean	p a ʊ ɹ̩	p a ʊ ɹ̩ d	p a ʊ ɹ̩ d	p a ʊ t	p a ʊ t ə d	p a ʊ t ə d	p a ʊ ɹ̩ ə d	0	0	reg_d	reg_d	reg_əd
model_mean	d ɪ s ɡ ʌ s t	d ɪ s ɡ ʌ s t ə d	d ɪ s ɡ s t ə d	d ɪ s ə p iː r	d ɪ s ə p iː r d	d ɪ s ə p iː r d	d ɪ s ɡ ʌ s t d	0	0	reg_əd	other	reg_d
model_mean	ɪ n k l uː d	ɪ n k l uː d ə d	ɪ n k l uː d ə d	k l a ʊ d	k l a ʊ d ə d	k l a ʊ d ə d	ɪ n k l uː d ə d	1	1	reg_əd	reg_əd	reg_əd
model_mean	h a ʊ l	h a ʊ l d	h a ʊ l d	h a ʊ z	h a ʊ z d	h a ʊ z d	h a ʊ l d	1	1	reg_d	reg_d	reg_d
model_mean	s ɪ m ɹ̩	s ɪ m ɹ̩ d	s æ m ɹ̩ d	s ɔ ɪ l	s ɔ ɪ l d	s ɔ ɪ l d	s ɪ m ɹ̩ d	0	1	reg_d	other	reg_d
model_mean	k ə m p l iː t	k ə m p l iː t ə d	k ə m p l iː t ə d	k ə n t r o ʊ l	k ə n t r o ʊ l d	k ə n t r o ʊ l d	k ə m p l iː t d	0	0	reg_əd	reg_əd	reg_d
model_mean	l e ɪ ɹ̩	l e ɪ ɹ̩ d	l e ɪ ɹ̩ d	l e ɪ	l e ɪ d	l e ɪ d	l e ɪ ɹ̩ d	1	1	reg_d	reg_d	reg_d
model_mean	d ɑː k	d ɑː k t	d ɑː k t	d ɑː n	d ɑː n d	d ɑː n d	d ɑː k d	0	0	reg_t	reg_t	reg_d
model_mean	æ d m a ɪ ɹ̩	æ d m a ɪ ɹ̩ d	æ m a ɪ d ɹ̩ d	d æ z ə l	d æ z ə l d	d æ z ə l d	æ d m a ɪ ɹ̩ d	0	1	reg_d	other	reg_d
model_mean	d ɪ f ɛ n d	d ɪ f ɛ n d ə d	d ɪ f ɛ n d ə d	d ɪ s a ɪ d	d ɪ s a ɪ d ə d	d ɪ s a ɪ d ə d	d ɪ f ɛ n d ə d	1	1	reg_əd	reg_əd	reg_əd
model_mean	p r ɪ v ɛ n t	p r ɪ v ɛ n t ə d	p r ɪ v ɛ n t ə d	p r ɪ d ɪ k t	p r ɪ d ɪ k t ə d	p r ɪ d ɪ k t ə d	p r ɪ v ɛ n t ə d	1	1	reg_əd	reg_əd	reg_əd
model_mean	p ɔ z	p ɔ z d	p ɔ z d	p ɔ r	p ɔ r d	p ɔ r d	p ɔ z d	1	1	reg_d	reg_d	reg_d
model_mean	ə n ɔ ɪ	ə n ɔ ɪ d	ə n ɔ ɪ d	ə n d uː	ə n d ɪ d	ə n d ɪ d	NA	0	0	reg_d	reg_d	vowel_change_suffix
model_mean	k ɹ̩ o ʊ d	k ɹ̩ o ʊ d ə d	k ɹ̩ o ʊ d ə d	k ɹ̩ ɛ k t	k ɹ̩ ɛ k t ə d	k ɹ̩ ɛ k t ə d	k ɹ̩ o ʊ d ə d	1	1	reg_əd	reg_əd	reg_əd
model_mean	ɡ r ʌ n t	ɡ r ʌ n t ə d	ɡ r ʌ n t ə d	ɡ r æ n t	ɡ r æ n t ə d	ɡ r æ n t ə d	ɡ r ʌ n t ə d	1	1	reg_əd	reg_əd	reg_əd
model_mean	t r ʌ m p ə t	t r ʌ m p ə t ə d	t r ʌ m p ə t ə d	t r ʌ b ə l	t r ʌ b ə l d	t r ʌ b ə l d	t r ʌ m p ə t d	0	0	reg_əd	reg_əd	reg_d
model_mean	r ɪ ɡ r ɛ t	r ɪ ɡ r ɛ t ə d	r ɪ ɡ r ɛ t ə d	r ɪ d	r ɪ d	r ɪ d	r ɪ ɡ r ɛ t	0	0	reg_əd	reg_əd	no_change
model_mean	b ɔ r	b ɔ r d	b ɔ r d	b ɔ l	b ɔ l d	b ɔ l d	b ɔ r d	1	1	reg_d	reg_d	reg_d
model_mean	k ə m p l e ɪ n	k ə m p l e ɪ n d	k ə m p l e ɪ n d	k ə n t r o ʊ l	k ə n t r o ʊ l d	k ə n t r o ʊ l d	k ə m p l e ɪ n d	1	1	reg_d	reg_d	reg_d
model_mean	s p ɔ r t	s p ɔ r t ə d	s p ɔ r t ə d	s p iː k	s p iː k t	s p o ʊ k	s p ɔ r t t	0	0	reg_əd	reg_əd	reg_t
model_mean	ɡ r æ s	ɡ r æ s t	ɡ r æ s t	ɡ ɛ s	ɡ ɛ s t	ɡ ɛ s t	ɡ r æ s t	1	1	reg_t	reg_t	reg_t
model_mean	θ ʌ m	θ ʌ m d	θ ʌ m d	θ r o ʊ	θ r uː	θ r uː	NA	0	0	reg_d	reg_d	vowel_change
model_mean	ɪ k s p o ʊ z	ɪ k s p o ʊ z d	ɪ k s p o ʊ z d	ɪ k s p l o ʊ d	ɪ k s p l o ʊ d ə d	ɪ k s p l o ʊ d ə d	ɪ k s p o ʊ z ə d	0	0	reg_d	reg_d	reg_əd
model_mean	p l ʌ ŋ k	p l ʌ ŋ k t	p l ʌ ŋ k t	p l ʌ m p	p l ʌ m p t	p l ʌ m p t	p l ʌ ŋ k t	1	1	reg_t	reg_t	reg_t
model_mean	s p l ɪ t	s p l ɪ t	s p l ɪ t ə d	s p l æ ʃ	s p l æ ʃ t	s p l æ ʃ t	s p l ɪ t t	0	0	no_change	reg_əd	reg_t
model_mean	b æ n ɪ ʃ	b æ n ɪ ʃ t	b æ n ɪ ʃ t	b æ b ə l	b æ b ə l d	b æ b ə l d	b æ n ɪ ʃ d	0	0	reg_t	reg_t	reg_d
model_mean	b ɛ l t͡ʃ	b ɛ l t͡ʃ t	b ɛ l t͡ʃ t	b ɔ l	b ɔ l d	b ɔ l d	b ɛ l t͡ʃ d	0	0	reg_t	reg_t	reg_d
model_mean	s t ʌ b	s t ʌ b d	s t ʌ b d	s t ʌ f	s t ʌ f t	s t ʌ f t	s t ʌ b t	0	0	reg_d	reg_d	reg_t
model_mean	d ɪ p ɔ r t	d ɪ p ɔ r t ə d	d ɪ p ɔ r t ə d	d ɪ p ɛ n d	d ɪ p ɛ n d ə d	d ɪ p ɛ n d ə d	d ɪ p ɔ r t ə d	1	1	reg_əd	reg_əd	reg_əd
model_mean	m ɑː r k ə t	m ɑː r k ə t ə d	m ɑː r k ə t ə d	m ɑː r b ə l	m ɑː r b ə l d	m ɑː r b ə l d	m ɑː r k ə t d	0	0	reg_əd	reg_əd	reg_d
model_stem	s iː	s ɔ	s iː d	k iː	k iː d	k iː d	s iː d	1	0	vowel_change	reg_d	reg_d
model_stem	ɡ ɛ t	ɡ ɑː t	ɡ ɛ t	w ɛ t	w ɛ t	w ɛ t	ɡ ɛ t	1	0	vowel_change	no_change	no_change
model_stem	n ɑː k	n ɑː k t	n ɑː k t	l ɑː k	l ɑː k t	l ɑː k t	n ɑː k t	1	1	reg_t	reg_t	reg_t
model_stem	θ ɪ ŋ k	θ ɔ t	θ ɪ ŋ k t	w ɪ ŋ k	w ɪ ŋ k t	w ɪ ŋ k t	θ ɪ ŋ k t	1	0	rhyme_replaced	reg_t	reg_t
model_stem	k l iː n	k l iː n d	k l iː n d	w ɔ r n	w ɔ r n d	w ɔ r n d	k l iː n d	1	1	reg_d	reg_d	reg_d
model_stem	b ɪ l iː v	b ɪ l iː v d	b ɪ l iː v d	r ɪ l iː v	r ɪ l iː v d	r ɪ l iː v d	b ɪ l iː v d	1	1	reg_d	reg_d	reg_d
model_stem	ɡ ɪ v	ɡ e ɪ v	ɡ ɪ v d	l ʌ v	l ʌ v d	l ʌ v d	ɡ ɪ v d	1	0	vowel_change	reg_d	reg_d
model_stem	t e ɪ k	t ʊ k	t e ɪ k t	k e ɪ k	k e ɪ k t	k e ɪ k t	t e ɪ k t	1	0	vowel_change	reg_t	reg_t
model_stem	s t æ n d	s t ʊ d	s t æ n d ə d	r a ʊ n d	r a ʊ n d ə d	r a ʊ n d ə d	s t æ n d ə d	1	0	rhyme_replaced	reg_əd	reg_əd
model_stem	j ɛ l	j ɛ l d	j ɛ l d	s ɛ l	s ɛ l d	s o ʊ l d	j ɛ l d	1	1	reg_d	reg_d	reg_d
model_stem	f ɪ k s	f ɪ k s t	f ɪ k s t	f ɔ r s	f ɔ r s t	f ɔ r s t	f ɪ k s t	1	1	reg_t	reg_t	reg_t
model_stem	k l æ p	k l æ p t	k l æ p t	f l æ p	f l æ p t	f l æ p t	k l æ p t	1	1	reg_t	reg_t	reg_t
model_stem	r a ɪ m	r a ɪ m d	r o ʊ m d	t͡ʃ a ɪ m	t͡ʃ a ɪ m d	t͡ʃ a ɪ m d	r a ɪ m d	0	1	reg_d	vowel_change_suffix	reg_d
model_stem	t ɛ l	t o ʊ l d	t ɛ l d	s ɛ l	s ɛ l d	s o ʊ l d	t ɛ l d	1	0	vowel_change_suffix	reg_d	reg_d
model_stem	f ɔ l	f ɛ l	f ɔ l d	b ɔ l	b ɔ l d	b ɔ l d	f ɔ l d	1	0	vowel_change	reg_d	reg_d
model_stem	r o ʊ l	r o ʊ l d	r o ʊ l d	b o ʊ l	b o ʊ l d	b o ʊ l d	r o ʊ l d	1	1	reg_d	reg_d	reg_d
model_stem	k uː l	k uː l d	k uː l d	r uː l	r uː l d	r uː l d	k uː l d	1	1	reg_d	reg_d	reg_d
model_stem	s ɪ ŋ	s æ ŋ	s æ ŋ d	w ɪ ŋ	w ɪ ŋ d	w ɪ ŋ d	s ɪ ŋ d	0	0	vowel_change	vowel_change_suffix	reg_d
model_stem	h o ʊ l d	h ɛ l d	h o ʊ l d ə d	r a ʊ n d	r a ʊ n d ə d	r a ʊ n d ə d	h o ʊ l d ə d	1	0	vowel_change	reg_əd	reg_əd
model_stem	d r ɛ s	d r ɛ s t	d r ɛ s t	b e ɪ s	b e ɪ s t	b e ɪ s t	d r ɛ s t	1	1	reg_t	reg_t	reg_t
model_stem	w e ɪ k	w o ʊ k	w e ɪ k t	m e ɪ k	m e ɪ k t	m e ɪ d	w e ɪ k t	1	0	vowel_change	reg_t	reg_t
model_stem	m uː v	m uː v d	m uː v d	l ʌ v	l ʌ v d	l ʌ v d	m uː v d	1	1	reg_d	reg_d	reg_d
model_stem	b ɪ l d	b ɪ l t	b ɪ l d ə d	s a ɪ d	s a ɪ d ə d	s a ɪ d ə d	b ɪ l d ə d	1	0	coda_change	reg_əd	reg_əd
model_stem	p uː p	p uː p t	p uː p t	k uː p	k uː p t	k uː p t	p uː p t	1	1	reg_t	reg_t	reg_t
model_stem	k ɛ r	k ɛ r d	k ɛ r d	ʃ ɛ r	ʃ ɛ r d	ʃ ɛ r d	k ɛ r d	1	1	reg_d	reg_d	reg_d
model_stem	b ɛ r iː	b ɛ r iː d	b ɛ r iː d	h ɛ r iː	h ɛ r iː d	h ɛ r iː d	b ɛ r iː d	1	1	reg_d	reg_d	reg_d
model_stem	p æ n t	p æ n t ə d	p æ n t ə d	h ʌ n t	h ʌ n t ə d	h ʌ n t ə d	p æ n t ə d	1	1	reg_əd	reg_əd	reg_əd
model_stem	t ʌ k	t ʌ k t	t ʌ k t	f ʌ k	f ʌ k t	f ʌ k t	t ʌ k t	1	1	reg_t	reg_t	reg_t
model_stem	b ɑː ð ɹ̩	b ɑː ð ɹ̩ d	b ɑː ð ɹ̩ d	f ɛ ð ɹ̩	f ɛ ð ɹ̩ d	f ɛ ð ɹ̩ d	b ɑː ð ɹ̩ d	1	1	reg_d	reg_d	reg_d
model_stem	ɛ ɡ z ɪ t	ɛ ɡ z ɪ t ə d	ɛ ɡ z ɪ t ə d	ɛ n æ k t	ɛ n æ k t ə d	ɛ n æ k t ə d	ɛ ɡ z ɪ t ə d	1	1	reg_əd	reg_əd	reg_əd
model_stem	s t e ɪ	s t e ɪ d	s t e ɪ d	s w e ɪ	s w e ɪ d	s w e ɪ d	s t e ɪ d	1	1	reg_d	reg_d	reg_d
model_stem	w ʌ n d ɹ̩	w ʌ n d ɹ̩ d	w ʌ n d ɹ̩ d	θ ʌ n d ɹ̩	θ ʌ n d ɹ̩ d	θ ʌ n d ɹ̩ d	w ʌ n d ɹ̩ d	1	1	reg_d	reg_d	reg_d
model_stem	d ɪ p	d ɪ p t	d ɪ p t	t ɪ p	t ɪ p t	t ɪ p t	d ɪ p t	1	1	reg_t	reg_t	reg_t
model_stem	h ʌ ɡ	h ʌ ɡ d	h ʌ ɡ d	t͡ʃ ʌ ɡ	t͡ʃ ʌ ɡ d	t͡ʃ ʌ ɡ d	h ʌ ɡ d	1	1	reg_d	reg_d	reg_d
model_stem	v ɔ ɪ s	v ɔ ɪ s t	v ɔ ɪ s t	l e ɪ s	l e ɪ s t	l e ɪ s t	v ɔ ɪ s t	1	1	reg_t	reg_t	reg_t
model_stem	ə t æ t͡ʃ	ə t æ t͡ʃ t	ə t æ t͡ʃ t	t w ɪ t͡ʃ	t w ɪ t͡ʃ t	t w ɪ t͡ʃ t	ə t æ t͡ʃ t	1	1	reg_t	reg_t	reg_t
model_stem	s m ɛ l	s m ɛ l d	s m ɛ l d	s p ɛ l	s p ɛ l d	s p ɛ l d	s m ɛ l d	1	1	reg_d	reg_d	reg_d
model_stem	f ɪ n ɪ ʃ	f ɪ n ɪ ʃ t	f ɪ n ɪ ʃ t	p ʌ n ɪ ʃ	p ʌ n ɪ ʃ t	p ʌ n ɪ ʃ t	f ɪ n ɪ ʃ t	1	1	reg_t	reg_t	reg_t
model_stem	t r ɑː t	t r ɑː t ə d	t r ɑː t ə d	s p ɑː t	s p ɑː t ə d	s p ɑː t ə d	t r ɑː t ə d	1	1	reg_əd	reg_əd	reg_əd
model_stem	b l ɛ s	b l ɛ s t	b l ɛ s t	b e ɪ s	b e ɪ s t	b e ɪ s t	b l ɛ s t	1	1	reg_t	reg_t	reg_t
model_stem	l ɛ d	l ɛ d ə d	l ɛ d	b ɛ d	b ɛ d ə d	b ɛ d ə d	l ɛ d ə d	0	1	reg_əd	no_change	reg_əd
model_stem	p r ɛ s	p r ɛ s t	p r ɛ s t	b e ɪ s	b e ɪ s t	b e ɪ s t	p r ɛ s t	1	1	reg_t	reg_t	reg_t
model_stem	ə n z ɪ p	ə n z ɪ p t	ə n z ɪ p t	s w a ɪ p	s w a ɪ p t	s w a ɪ p t	ə n z ɪ p t	1	1	reg_t	reg_t	reg_t
model_stem	f ɪ l t ɹ̩	f ɪ l t ɹ̩ d	f ɪ l t ɹ̩ d	f l ɪ k ɹ̩	f l ɪ k ɹ̩ d	f l ɪ k ɹ̩ d	f ɪ l t ɹ̩ d	1	1	reg_d	reg_d	reg_d
model_stem	ʃ e ɪ v	ʃ e ɪ v d	ʃ e ɪ v d	w e ɪ v	w e ɪ v d	w e ɪ v d	ʃ e ɪ v d	1	1	reg_d	reg_d	reg_d
model_stem	k ɑː s t	k ɑː s t	k ɑː s t ə d	b ʌ s t	b ʌ s t ə d	b ʌ s t ə d	k ɑː s t ə d	1	0	no_change	reg_əd	reg_əd
model_stem	b r ʌ ʃ	b r ʌ ʃ t	b r ʌ ʃ t	k r ʌ ʃ	k r ʌ ʃ t	k r ʌ ʃ t	b r ʌ ʃ t	1	1	reg_t	reg_t	reg_t
model_stem	l æ n d	l æ n d ə d	l æ n d ə d	b æ n d	b æ n d ə d	b æ n d ə d	l æ n d ə d	1	1	reg_əd	reg_əd	reg_əd
model_stem	s t ɛ p	s t ɛ p t	s t ɛ p t	h ɛ l p	h ɛ l p t	h ɛ l p t	s t ɛ p t	1	1	reg_t	reg_t	reg_t
model_stem	m ɪ l k	m ɪ l k t	m ɪ l k t	b l ɑː k	b l ɑː k t	b l ɑː k t	m ɪ l k t	1	1	reg_t	reg_t	reg_t
model_stem	b ɛ s t	b ɛ s t ə d	b ɛ s t ə d	n ɛ s t	n ɛ s t ə d	n ɛ s t ə d	b ɛ s t ə d	1	1	reg_əd	reg_əd	reg_əd
model_stem	m a ɪ n d	m a ɪ n d ə d	m a ɪ n d	f a ɪ n d	f a ʊ n d	f a ʊ n d	m a ʊ n d	0	0	reg_əd	no_change	vowel_change
model_stem	w a ɪ t	w a ɪ t ə d	w a ɪ t	f a ɪ t	f a ɪ t	f ɔ t	w a ɪ t	1	0	reg_əd	no_change	no_change
model_stem	m æ k s	m æ k s t	m æ k s t	m ɪ k s	m ɪ k s t	m ɪ k s t	m æ k s t	1	1	reg_t	reg_t	reg_t
model_stem	r iː t͡ʃ	r iː t͡ʃ t	r iː t͡ʃ t	t iː t͡ʃ	t iː t͡ʃ t	t ɔ t	r iː t͡ʃ t	1	1	reg_t	reg_t	reg_t
model_stem	h o ʊ p	h o ʊ p t	h o ʊ p t	r o ʊ p	r o ʊ p t	r o ʊ p t	h o ʊ p t	1	1	reg_t	reg_t	reg_t
model_stem	f o ʊ l d	f o ʊ l d ə d	f o ʊ l d ə d	r a ʊ n d	r a ʊ n d ə d	r a ʊ n d ə d	f o ʊ l d ə d	1	1	reg_əd	reg_əd	reg_əd
model_stem	k l ɪ n t͡ʃ	k l ɪ n t͡ʃ t	k l ɪ n t͡ʃ t	k r ʌ n t͡ʃ	k r ʌ n t͡ʃ t	k r ʌ n t͡ʃ t	k l ɪ n t͡ʃ t	1	1	reg_t	reg_t	reg_t
model_stem	t r ɪ k	t r ɪ k t	t r ɪ k t	p r ɪ k	p r ɪ k t	p r ɪ k t	t r ɪ k t	1	1	reg_t	reg_t	reg_t
model_stem	b ɛ n d	b ɛ n d ə d	b ɛ n d ə d	m ɛ n d	m ɛ n d ə d	m ɛ n d ə d	b ɛ n d ə d	1	1	reg_əd	reg_əd	reg_əd
model_stem	a ɪ d ɛ n t ə f a ɪ	a ɪ d ɛ n t ə f a ɪ d	a ʊ n t ə d	t r a ɪ	t r a ɪ d	t r a ɪ d	a ɪ d ɛ n t ə f a ɪ d	0	1	reg_d	other	reg_d
model_stem	d͡ʒ ɔ ɪ n	d͡ʒ ɔ ɪ n d	d͡ʒ ɔ ɪ n d	w ɔ r n	w ɔ r n d	w ɔ r n d	d͡ʒ ɔ ɪ n d	1	1	reg_d	reg_d	reg_d
model_stem	k ə n f j uː z	k ə n f j uː z d	k ə n f j uː z d	ɪ k s k j uː z	ɪ k s k j uː z d	ɪ k s k j uː z d	k ə n f j uː z d	1	1	reg_d	reg_d	reg_d
model_stem	b ɛ r	b o ʊ r	b ɛ r d	p ɛ r	p ɛ r d	p ɛ r d	b ɛ r d	1	0	vowel_change	reg_d	reg_d
model_stem	r ɛ s t	r ɛ s t ə d	r ɛ s t	b ʌ s t	b ʌ s t ə d	b ʌ s t ə d	r ɛ s t ə d	0	1	reg_əd	no_change	reg_əd
model_stem	p iː	p iː d	p iː d	k iː	k iː d	k iː d	p iː d	1	1	reg_d	reg_d	reg_d
model_stem	ɡ r æ b	ɡ r æ b d	ɡ r æ b d	s t æ b	s t æ b d	s t æ b d	ɡ r æ b d	1	1	reg_d	reg_d	reg_d
model_stem	ə p r o ʊ t͡ʃ	ə p r o ʊ t͡ʃ t	ə p r o ʊ t͡ʃ t	p r ə d uː s	p r ə d uː s t	p r ə d uː s t	ə p r o ʊ t͡ʃ t	1	1	reg_t	reg_t	reg_t
model_stem	p iː l	p iː l d	p iː l d	h iː l	h iː l d	h iː l d	p iː l d	1	1	reg_d	reg_d	reg_d
model_stem	m ɑː r t͡ʃ	m ɑː r t͡ʃ t	m ɑː r t͡ʃ t	b ʌ n t͡ʃ	b ʌ n t͡ʃ t	b ʌ n t͡ʃ t	m ɑː r t͡ʃ t	1	1	reg_t	reg_t	reg_t
model_stem	t æ k ə l	t æ k ə l d	t æ k ə l d	t ɪ k ə l	t ɪ k ə l d	t ɪ k ə l d	t æ k ə l d	1	1	reg_d	reg_d	reg_d
model_stem	d ɪ ɡ	d ʌ ɡ	d ɪ ɡ d	d ɔ ɡ	d ɔ ɡ d	d ɔ ɡ d	d ɪ ɡ d	1	0	vowel_change	reg_d	reg_d
model_stem	s ɛ t ə l	s ɛ t ə l d	s ɛ t ə l d	ʃ ʌ t ə l	ʃ ʌ t ə l d	ʃ ʌ t ə l d	s ɛ t ə l d	1	1	reg_d	reg_d	reg_d
model_stem	ɪ ɡ n ɔ r	ɪ ɡ n ɔ r d	ɪ ɡ ɔ r n d	s k w ɛ r	s k w ɛ r d	s k w ɛ r d	ɪ ɡ n ɔ r d	0	1	reg_d	other	reg_d
model_stem	k ʌ v ɹ̩	k ʌ v ɹ̩ d	k ʌ v ɹ̩ d	z ɪ p ɹ̩	z ɪ p ɹ̩ d	z ɪ p ɹ̩ d	k ʌ v ɹ̩ d	1	1	reg_d	reg_d	reg_d
model_stem	r ɑː t	r ɑː t ə d	r ɑː t	r uː t	r uː t ə d	r uː t ə d	r ɑː t ə d	0	1	reg_əd	no_change	reg_əd
model_stem	f l æ t ɹ̩	f l æ t ɹ̩ d	f l æ t ɹ̩ d	f l ɪ k ɹ̩	f l ɪ k ɹ̩ d	f l ɪ k ɹ̩ d	f l æ t ɹ̩ d	1	1	reg_d	reg_d	reg_d
model_stem	b ʌ b ə l	b ʌ b ə l d	b ʌ b ə l d	b æ b ə l	b æ b ə l d	b æ b ə l d	b ʌ b ə l d	1	1	reg_d	reg_d	reg_d
model_stem	k o ʊ ɑː p ɹ̩ e ɪ t	k o ʊ ɑː p ɹ̩ e ɪ t ə d	k o ʊ p ɹ̩ p ɹ̩ d	s ɛ l ə b r e ɪ t	s ɛ l ə b r e ɪ t ə d	s ɛ l ə b r e ɪ t ə d	k o ʊ ɑː p ɹ̩ e ɪ t ə d	0	1	reg_əd	other	reg_əd
model_stem	ɡ r iː n	ɡ r iː n d	ɡ r iː n d	w ɔ r n	w ɔ r n d	w ɔ r n d	ɡ r iː n d	1	1	reg_d	reg_d	reg_d
model_stem	r e ɪ s	r e ɪ s t	r e ɪ s t	b e ɪ s	b e ɪ s t	b e ɪ s t	r e ɪ s t	1	1	reg_t	reg_t	reg_t
model_stem	d æ n s	d æ n s t	d æ n s t	d a ɪ s	d a ɪ s t	d a ɪ s t	d æ n s t	1	1	reg_t	reg_t	reg_t
model_stem	p r ɑː d͡ʒ ɛ k t	p r ɑː d͡ʒ ɛ k t ə d	p r ɑː d͡ʒ ɛ k t ə d	p r iː z ɛ n t	p r iː z ɛ n t ə d	p r iː z ɛ n t ə d	p r ɑː d͡ʒ ɛ k t ə d	1	1	reg_əd	reg_əd	reg_əd
model_stem	b ɛ ɡ	b ɛ ɡ d	b ɛ ɡ d	b ɑː ɡ	b ɑː ɡ d	b ɑː ɡ d	b ɛ ɡ d	1	1	reg_d	reg_d	reg_d
model_stem	s ɹ̩ v ɪ s	s ɹ̩ v ɪ s t	s ɹ̩ v ɪ s t	r ɪ v ɹ̩ s	r ɪ v ɹ̩ s t	r ɪ v ɹ̩ s t	s ɹ̩ v ɪ s t	1	1	reg_t	reg_t	reg_t
model_stem	r ɛ p r ə z ɛ n t	r ɛ p r ə z ɛ n t ə d	r ɛ p r ə z ɛ n t ə d	k ə n s t r ʌ k t	k ə n s t r ʌ k t ə d	k ə n s t r ʌ k t ə d	r ɛ p r ə z ɛ n t ə d	1	1	reg_əd	reg_əd	reg_əd
model_stem	ɪ m ɹ̩ d͡ʒ	ɪ m ɹ̩ d͡ʒ d	ɪ m ɹ̩ d͡ʒ d	s m ʌ d͡ʒ	s m ʌ d͡ʒ d	s m ʌ d͡ʒ d	ɪ m ɹ̩ d͡ʒ d	1	1	reg_d	reg_d	reg_d
model_stem	b ɔ ɪ l	b ɔ ɪ l d	b ɔ ɪ l d	k ɔ ɪ l	k ɔ ɪ l d	k ɔ ɪ l d	b ɔ ɪ l d	1	1	reg_d	reg_d	reg_d
model_stem	p ɹ̩ f ɛ k t	p ɹ̩ f ɛ k t ə d	p ɹ̩ f ɛ k t ə d	f ɹ̩ m ɛ n t	f ɹ̩ m ɛ n t ə d	f ɹ̩ m ɛ n t ə d	p ɹ̩ f ɛ k t ə d	1	1	reg_əd	reg_əd	reg_əd
model_stem	r a ɪ z	r o ʊ z	r o ʊ z d	s a ɪ z	s a ɪ z d	s a ɪ z d	r a ɪ z d	0	0	vowel_change	vowel_change_suffix	reg_d
model_stem	s k r iː n	s k r iː n d	s k r iː n d	b r a ʊ n	b r a ʊ n d	b r a ʊ n d	s k r iː n d	1	1	reg_d	reg_d	reg_d
model_stem	t r e ɪ n	t r e ɪ n d	t r e ɪ n d	s t e ɪ n	s t e ɪ n d	s t e ɪ n d	t r e ɪ n d	1	1	reg_d	reg_d	reg_d
model_stem	s o ʊ	s o ʊ d	s o ʊ d	ɡ o ʊ	ɡ o ʊ d	w ɛ n t	s o ʊ d	1	1	reg_d	reg_d	reg_d
model_stem	f e ɪ s	f e ɪ s t	f e ɪ s t	f ɔ r s	f ɔ r s t	f ɔ r s t	f e ɪ s t	1	1	reg_t	reg_t	reg_t
model_stem	s t ʌ d iː	s t ʌ d iː d	s t ʌ d iː d	ɛ m p t iː	ɛ m p t iː d	ɛ m p t iː d	s t ʌ d iː d	1	1	reg_d	reg_d	reg_d
model_stem	b l ɑː t	b l ɑː t ə d	b l ɑː t ə d	s p ɑː t	s p ɑː t ə d	s p ɑː t ə d	b l ɑː t ə d	1	1	reg_əd	reg_əd	reg_əd
model_stem	m e ɪ l	m e ɪ l d	m e ɪ l d	n e ɪ l	n e ɪ l d	n e ɪ l d	m e ɪ l d	1	1	reg_d	reg_d	reg_d
model_stem	k l ɪ ŋ	k l ʌ ŋ	k l ʌ ŋ	f l ɪ ŋ	f l ʌ ŋ	f l ʌ ŋ	k l ʌ ŋ	1	1	vowel_change	vowel_change	vowel_change
model_stem	p l ʌ ɡ	p l ʌ ɡ d	p l ʌ ɡ d	d r ʌ ɡ	d r ʌ ɡ d	d r ʌ ɡ d	p l ʌ ɡ d	1	1	reg_d	reg_d	reg_d
model_stem	p r e ɪ	p r e ɪ d	p r e ɪ d	f r a ɪ	f r a ɪ d	f r a ɪ d	p r e ɪ d	1	1	reg_d	reg_d	reg_d
model_stem	f l o ʊ	f l o ʊ d	f l uː	b l o ʊ	b l uː	b l uː	f l uː	1	0	reg_d	vowel_change	vowel_change
model_stem	r iː m a ɪ n d	r iː m a ɪ n d ə d	r iː m a ɪ n d ə d	p r ə v a ɪ d	p r ə v a ɪ d ə d	p r ə v a ɪ d ə d	r iː m a ɪ n d ə d	1	1	reg_əd	reg_əd	reg_əd
model_stem	ɛ l b o ʊ	ɛ l b o ʊ d	ɛ l b o ʊ d	b ɛ l o ʊ	b ɛ l o ʊ d	b ɛ l o ʊ d	ɛ l b o ʊ d	1	1	reg_d	reg_d	reg_d
model_stem	f r iː z	f r o ʊ z	f r iː z d	p l iː z	p l iː z d	p l iː z d	f r iː z d	1	0	vowel_change	reg_d	reg_d
model_stem	m ɪ m ɪ k	m ɪ m ɪ k t	m ɪ m ɪ k t	s p a ɪ k	s p a ɪ k t	s p a ɪ k t	m ɪ m ɪ k t	1	1	reg_t	reg_t	reg_t
model_stem	w iː l	w iː l d	w iː l d	s iː l	s iː l d	s iː l d	w iː l d	1	1	reg_d	reg_d	reg_d
model_stem	p ʌ m p	p ʌ m p t	p ʌ m p t	b ʌ m p	b ʌ m p t	b ʌ m p t	p ʌ m p t	1	1	reg_t	reg_t	reg_t
model_stem	ɪ k s p ɛ k t	ɪ k s p ɛ k t ə d	ɪ k s p ɛ k t ə d	r ɪ s p ɛ k t	r ɪ s p ɛ k t ə d	r ɪ s p ɛ k t ə d	ɪ k s p ɛ k t ə d	1	1	reg_əd	reg_əd	reg_əd
model_stem	w a ɪ n d	w a ɪ n d ə d	w a ɪ n d	f a ɪ n d	f a ʊ n d	f a ʊ n d	w a ʊ n d	0	0	reg_əd	no_change	vowel_change
model_stem	s k r ɪ b ə l	s k r ɪ b ə l d	s k r ɪ b ə l d	s t r æ d ə l	s t r æ d ə l d	s t r æ d ə l d	s k r ɪ b ə l d	1	1	reg_d	reg_d	reg_d
model_stem	r ɪ s p ɑː n d	r ɪ s p ɑː n d ə d	r ɪ s p ɑː n d ə d	ɪ k s p æ n d	ɪ k s p æ n d ə d	ɪ k s p æ n d ə d	r ɪ s p ɑː n d ə d	1	1	reg_əd	reg_əd	reg_əd
model_stem	r e ɪ z	r e ɪ z d	r e ɪ z d	w e ɪ v	w e ɪ v d	w e ɪ v d	r e ɪ z d	1	1	reg_d	reg_d	reg_d
model_stem	ɡ ɪ ɡ ə l	ɡ ɪ ɡ ə l d	ɡ ɪ ɡ ə l d	d͡ʒ ʌ ɡ ə l	d͡ʒ ʌ ɡ ə l d	d͡ʒ ʌ ɡ ə l d	ɡ ɪ ɡ ə l d	1	1	reg_d	reg_d	reg_d
model_stem	b ɑː r o ʊ	b ɑː r o ʊ d	b ɑː r o ʊ d	b a ʊ	b a ʊ d	b a ʊ d	b ɑː r o ʊ d	1	1	reg_d	reg_d	reg_d
model_stem	s w ɑː l o ʊ	s w ɑː l o ʊ d	s w ɑː l o ʊ d	t o ʊ	t o ʊ d	t o ʊ d	s w ɑː l o ʊ d	1	1	reg_d	reg_d	reg_d
model_stem	d ɑː r n	d ɑː r n d	d ɑː r n d	a ɪ ɹ̩ n	a ɪ ɹ̩ n d	a ɪ ɹ̩ n d	d ɑː r n d	1	1	reg_d	reg_d	reg_d
model_stem	k ɑː p iː	k ɑː p iː d	k ɑː p iː d	m ʌ d iː	m ʌ d iː d	m ʌ d iː d	k ɑː p iː d	1	1	reg_d	reg_d	reg_d
model_stem	s k r e ɪ p	s k r e ɪ p t	s k r e ɪ p t	s t r a ɪ p	s t r a ɪ p t	s t r a ɪ p t	s k r e ɪ p t	1	1	reg_t	reg_t	reg_t
model_stem	h o ʊ m	h o ʊ m d	h o ʊ m d	r o ʊ m	r o ʊ m d	r o ʊ m d	h o ʊ m d	1	1	reg_d	reg_d	reg_d
model_stem	f r iː	f r iː d	f r iː d	f l iː	f l ɛ d	f l ɛ d	f r ɛ d	0	0	reg_d	reg_d	vowel_change_suffix
model_stem	b r a ɪ t ə n	b r a ɪ t ə n d	b r a ɪ t ə n d	f r a ɪ t ə n	f r a ɪ t ə n d	f r a ɪ t ə n d	b r a ɪ t ə n d	1	1	reg_d	reg_d	reg_d
model_stem	ə r a ɪ v	ə r a ɪ v d	ə r a ɪ v d	k r e ɪ v	k r e ɪ v d	k r e ɪ v d	ə r a ɪ v d	1	1	reg_d	reg_d	reg_d
model_stem	ɪ k s p l ɔ r	ɪ k s p l ɔ r d	ɪ k s p l ɔ r d	d ɪ s ə p iː r	d ɪ s ə p iː r d	d ɪ s ə p iː r d	ɪ k s p l ɔ r d	1	1	reg_d	reg_d	reg_d
model_stem	p ɹ̩ s	p ɹ̩ s t	p ɹ̩ s t	n ɹ̩ s	n ɹ̩ s t	n ɹ̩ s t	p ɹ̩ s t	1	1	reg_t	reg_t	reg_t
model_stem	t͡ʃ ɪ p	t͡ʃ ɪ p t	t͡ʃ ɪ p t	w ɪ p	w ɪ p t	w ɪ p t	t͡ʃ ɪ p t	1	1	reg_t	reg_t	reg_t
model_stem	b ɑː t ə l	b ɑː t ə l d	b ɑː t ə l d	b æ t ə l	b æ t ə l d	b æ t ə l d	b ɑː t ə l d	1	1	reg_d	reg_d	reg_d
model_stem	ə s o ʊ s iː e ɪ t	ə s o ʊ s iː e ɪ t ə d	ə s o ʊ e ɪ t ə d	s ɛ l ə b r e ɪ t	s ɛ l ə b r e ɪ t ə d	s ɛ l ə b r e ɪ t ə d	ə s o ʊ s iː e ɪ t ə d	0	1	reg_əd	other	reg_əd
model_stem	ɪ n s ɪ s t	ɪ n s ɪ s t ə d	ɪ n s ɪ s t ə d	ɪ n v a ɪ t	ɪ n v a ɪ t ə d	ɪ n v a ɪ t ə d	ɪ n s ɪ s t ə d	1	1	reg_əd	reg_əd	reg_əd
model_stem	w iː	w iː d	w iː d	n iː	n iː d	n iː d	w iː d	1	1	reg_d	reg_d	reg_d
model_stem	ʃ ɔ r t ə n	ʃ ɔ r t ə n d	ʃ ɔ r t ə n d	f r ɛ ʃ ə n	f r ɛ ʃ ə n d	f r ɛ ʃ ə n d	ʃ ɔ r t ə n d	1	1	reg_d	reg_d	reg_d
model_stem	ə n l ɑː k	ə n l ɑː k t	ə n l ɑː k t	b l æ ŋ k	b l æ ŋ k t	b l æ ŋ k t	ə n l ɑː k t	1	1	reg_t	reg_t	reg_t
model_stem	d ʌ b ə l	d ʌ b ə l d	d ʌ b ə l d	b æ b ə l	b æ b ə l d	b æ b ə l d	d ʌ b ə l d	1	1	reg_d	reg_d	reg_d
model_stem	m ɑː p	m ɑː p t	m ɑː p t	t ɑː p	t ɑː p t	t ɑː p t	m ɑː p t	1	1	reg_t	reg_t	reg_t
model_stem	f ɛ t͡ʃ	f ɛ t͡ʃ t	f ɛ t͡ʃ t	h ɪ t͡ʃ	h ɪ t͡ʃ t	h ɪ t͡ʃ t	f ɛ t͡ʃ t	1	1	reg_t	reg_t	reg_t
model_stem	ʃ ɛ d	ʃ ɛ d ə d	ʃ ɛ d ə d	h ɛ d	h ɛ d ə d	h ɛ d ə d	ʃ ɛ d ə d	1	1	reg_əd	reg_əd	reg_əd
model_stem	t r æ p	t r æ p t	t r æ p t	t r ɪ p	t r ɪ p t	t r ɪ p t	t r æ p t	1	1	reg_t	reg_t	reg_t
model_stem	b ɪ h e ɪ v	b ɪ h e ɪ v d	b ɪ h e ɪ v d	l a ɪ v	l a ɪ v d	l a ɪ v d	b ɪ h e ɪ v d	1	1	reg_d	reg_d	reg_d
model_stem	d ɪ l iː t	d ɪ l iː t ə d	d ɪ l iː t ə d	d ɪ f iː t	d ɪ f iː t ə d	d ɪ f iː t ə d	d ɪ l iː t ə d	1	1	reg_əd	reg_əd	reg_əd
model_stem	p æ n	p æ n d	p æ n d	t æ n	t æ n d	t æ n d	p æ n d	1	1	reg_d	reg_d	reg_d
model_stem	s k æ l ə p	s k æ l ə p t	s k æ l ə p t	s t r a ɪ p	s t r a ɪ p t	s t r a ɪ p t	s k æ l ə p t	1	1	reg_t	reg_t	reg_t
model_stem	n o ʊ t	n o ʊ t ə d	n o ʊ t ə d	t o ʊ t	t o ʊ t ə d	t o ʊ t ə d	n o ʊ t ə d	1	1	reg_əd	reg_əd	reg_əd
model_stem	p ɑː k ə t	p ɑː k ə t ə d	p ɑː k ə t ə d	f ɛ r ə t	f ɛ r ə t ə d	f ɛ r ə t ə d	p ɑː k ə t ə d	1	1	reg_əd	reg_əd	reg_əd
model_stem	r ə f l ɛ k t	r ə f l ɛ k t ə d	r ə f l ɛ k t ə d	r ɪ s p ɛ k t	r ɪ s p ɛ k t ə d	r ɪ s p ɛ k t ə d	r ə f l ɛ k t ə d	1	1	reg_əd	reg_əd	reg_əd
model_stem	s t e ɪ t	s t e ɪ t ə d	s t e ɪ t ə d	s k e ɪ t	s k e ɪ t ə d	s k e ɪ t ə d	s t e ɪ t ə d	1	1	reg_əd	reg_əd	reg_əd
model_stem	p r a ɪ	p r a ɪ d	p r a ɪ d	f r a ɪ	f r a ɪ d	f r a ɪ d	p r a ɪ d	1	1	reg_d	reg_d	reg_d
model_stem	ʃ uː	ʃ uː d	ʃ ɑː d	s uː	s uː d	s uː d	ʃ uː d	0	1	reg_d	vowel_change_suffix	reg_d
model_stem	k ɑː n s ə n t r e ɪ t	k ɑː n s ə n t r e ɪ t ə d	k ɑː r t r d	p ɑː r t ɪ s ə p e ɪ t	p ɑː r t ɪ s ə p e ɪ t ə d	p ɑː r t ɪ s ə p e ɪ t ə d	k ɑː n s ə n t r e ɪ t ə d	0	1	reg_əd	other	reg_əd
model_stem	s ʌ f ɹ̩	s ʌ f ɹ̩ d	s ʌ f ɹ̩ d	m ɛ ʒ ɹ̩	m ɛ ʒ ɹ̩ d	m ɛ ʒ ɹ̩ d	s ʌ f ɹ̩ d	1	1	reg_d	reg_d	reg_d
model_stem	s ɪ z ə l	s ɪ z ə l d	s ɪ z ə l d	d æ z ə l	d æ z ə l d	d æ z ə l d	s ɪ z ə l d	1	1	reg_d	reg_d	reg_d
model_stem	p r ə p o ʊ z	p r ə p o ʊ z d	p r ə p o ʊ z d	p o ʊ z	p o ʊ z d	p o ʊ z d	p r ə p o ʊ z d	1	1	reg_d	reg_d	reg_d
model_stem	θ ɔ	θ ɔ d	θ ɔ d	n iː	n iː d	n iː d	θ ɔ d	1	1	reg_d	reg_d	reg_d
model_stem	r ɪ l e ɪ t	r ɪ l e ɪ t ə d	r ɪ l e ɪ t ə d	k r iː e ɪ t	k r iː e ɪ t ə d	k r iː e ɪ t ə d	r ɪ l e ɪ t ə d	1	1	reg_əd	reg_əd	reg_əd
model_stem	t ɪ k	t ɪ k t	t ɪ k t	p ɪ k	p ɪ k t	p ɪ k t	t ɪ k t	1	1	reg_t	reg_t	reg_t
model_stem	ɛ d͡ʒ	ɛ d͡ʒ d	ɛ d͡ʒ d	ɛ r	ɛ r d	ɛ r d	ɛ d͡ʒ d	1	1	reg_d	reg_d	reg_d
model_stem	ɪ ɡ z ɪ s t	ɪ ɡ z ɪ s t ə d	ɪ ɡ z ɪ s t ə d	ɪ n v a ɪ t	ɪ n v a ɪ t ə d	ɪ n v a ɪ t ə d	ɪ ɡ z ɪ s t ə d	1	1	reg_əd	reg_əd	reg_əd
model_stem	θ ɪ k ə n	θ ɪ k ə n d	θ ɪ k ə n d	t͡ʃ ɪ k ə n	t͡ʃ ɪ k ə n d	t͡ʃ ɪ k ə n d	θ ɪ k ə n d	1	1	reg_d	reg_d	reg_d
model_stem	r ɪ t ɹ̩ n	r ɪ t ɹ̩ n d	r ɪ t ɹ̩ n d	b ʌ t ə n	b ʌ t ə n d	b ʌ t ə n d	r ɪ t ɹ̩ n d	1	1	reg_d	reg_d	reg_d
model_stem	t͡ʃ ɑː r d͡ʒ	t͡ʃ ɑː r d͡ʒ d	t͡ʃ ɑː r d͡ʒ d	s m ʌ d͡ʒ	s m ʌ d͡ʒ d	s m ʌ d͡ʒ d	t͡ʃ ɑː r d͡ʒ d	1	1	reg_d	reg_d	reg_d
model_stem	s t o ʊ n	s t o ʊ n d	s t o ʊ n d	ɡ r o ʊ n	ɡ r o ʊ n d	ɡ r o ʊ n d	s t o ʊ n d	1	1	reg_d	reg_d	reg_d
model_stem	w ɛ l k ə m	w ɛ l k ə m d	w ɛ l k ə m d	m ʌ ʃ r uː m	m ʌ ʃ r uː m d	m ʌ ʃ r uː m d	w ɛ l k ə m d	1	1	reg_d	reg_d	reg_d
model_stem	d ɪ n a ɪ	d ɪ n a ɪ d	d ɪ n a ɪ d	ə n t a ɪ	ə n t a ɪ d	ə n t a ɪ d	d ɪ n a ɪ d	1	1	reg_d	reg_d	reg_d
model_stem	ɔ r ɡ ə n a ɪ z	ɔ r ɡ ə n a ɪ z d	ɔ ɡ r ɡ a ɪ z ɪ z	ɛ k s ɹ̩ s a ɪ z	ɛ k s ɹ̩ s a ɪ z d	ɛ k s ɹ̩ s a ɪ z d	ɔ r ɡ ə n a ɪ z d	0	1	reg_d	other	reg_d
model_stem	k ɑː r d	k ɑː r d ə d	k ɑː r d ə d	ɡ ɑː r d	ɡ ɑː r d ə d	ɡ ɑː r d ə d	k ɑː r d ə d	1	1	reg_əd	reg_əd	reg_əd
model_stem	b o ʊ l t	b o ʊ l t ə d	b o ʊ l t ə d	s n ɔ r t	s n ɔ r t ə d	s n ɔ r t ə d	b o ʊ l t ə d	1	1	reg_əd	reg_əd	reg_əd
model_stem	s ə p ɔ r t	s ə p ɔ r t ə d	s ə p ɔ r t ə d	s p r a ʊ t	s p r a ʊ t ə d	s p r a ʊ t ə d	s ə p ɔ r t ə d	1	1	reg_əd	reg_əd	reg_əd
model_stem	ɡ r a ʊ l	ɡ r a ʊ l d	ɡ r a ʊ l d	f j uː ə l	f j uː ə l d	f j uː ə l d	ɡ r a ʊ l d	1	1	reg_d	reg_d	reg_d
model_stem	d͡ʒ ɹ̩ k	d͡ʒ ɹ̩ k t	d͡ʒ ɹ̩ k t	w ɹ̩ k	w ɹ̩ k t	w ɹ̩ k t	d͡ʒ ɹ̩ k t	1	1	reg_t	reg_t	reg_t
model_stem	d ɪ s k ʌ v ɹ̩	d ɪ s k ʌ v ɹ̩ d	d ɪ s k ʌ v ɹ̩ d	k ə n s ɪ d ɹ̩	k ə n s ɪ d ɹ̩ d	k ə n s ɪ d ɹ̩ d	d ɪ s k ʌ v ɹ̩ d	1	1	reg_d	reg_d	reg_d
model_stem	l æ s t	l æ s t ə d	l æ s t	k æ s t	k æ s t	k æ s t	l æ s t	1	0	reg_əd	no_change	no_change
model_stem	s ɛ n t ə n s	s ɛ n t ə n s t	s ɛ n t ə n s t	k ə n v ɪ n s	k ə n v ɪ n s t	k ə n v ɪ n s t	s ɛ n t ə n s t	1	1	reg_t	reg_t	reg_t
model_stem	t æ t ə l	t æ t ə l d	t æ t ə l d	b æ t ə l	b æ t ə l d	b æ t ə l d	t æ t ə l d	1	1	reg_d	reg_d	reg_d
model_stem	ə r ɛ s t	ə r ɛ s t ə d	ə r ɛ s t ə d	ə f ɛ k t	ə f ɛ k t ə d	ə f ɛ k t ə d	ə r ɛ s t ə d	1	1	reg_əd	reg_əd	reg_əd
model_stem	ə n l o ʊ d	ə n l o ʊ d ə d	ə n l o ʊ d ə d	ɡ r a ʊ n d	ɡ r a ʊ n d ə d	ɡ r a ʊ n d ə d	ə n l o ʊ d ə d	1	1	reg_əd	reg_əd	reg_əd
model_stem	n a ɪ f	n a ɪ f t	n a ɪ f t	s t ʌ f	s t ʌ f t	s t ʌ f t	n a ɪ f t	1	1	reg_t	reg_t	reg_t
model_stem	ə p r iː ʃ iː e ɪ t	ə p r iː ʃ iː e ɪ t ə d	ə p r iː e ɪ t ə d	k ə n s t r ʌ k t	k ə n s t r ʌ k t ə d	k ə n s t r ʌ k t ə d	ə p r iː ʃ iː e ɪ t ə d	0	1	reg_əd	other	reg_əd
model_stem	r ʌ f	r ʌ f t	r ʌ f t	h ʌ f	h ʌ f t	h ʌ f t	r ʌ f t	1	1	reg_t	reg_t	reg_t
model_stem	l æ t͡ʃ	l æ t͡ʃ t	l æ t͡ʃ t	h æ t͡ʃ	h æ t͡ʃ t	h æ t͡ʃ t	l æ t͡ʃ t	1	1	reg_t	reg_t	reg_t
model_stem	ɪ m p r uː v	ɪ m p r uː v d	ɪ m p r uː v d	r iː t r iː v	r iː t r iː v d	r iː t r iː v d	ɪ m p r uː v d	1	1	reg_d	reg_d	reg_d
model_stem	r ɪ v ɹ̩ t	r ɪ v ɹ̩ t ə d	r ɪ v ɹ̩ t ə d	s k w ɹ̩ t	s k w ɹ̩ t ə d	s k w ɹ̩ t ə d	r ɪ v ɹ̩ t ə d	1	1	reg_əd	reg_əd	reg_əd
model_stem	d ɔ n	d ɔ n d	d ɔ n d	d ɑː n	d ɑː n d	d ɑː n d	d ɔ n d	1	1	reg_d	reg_d	reg_d
model_stem	d ʌ ŋ k	d ʌ ŋ k t	d ʌ ŋ k t	w ɪ ŋ k	w ɪ ŋ k t	w ɪ ŋ k t	d ʌ ŋ k t	1	1	reg_t	reg_t	reg_t
model_stem	m ə n uː v ɹ̩	m ə n uː v ɹ̩ d	m ə n v uː v d	d ɪ l ɪ v ɹ̩	d ɪ l ɪ v ɹ̩ d	d ɪ l ɪ v ɹ̩ d	m ə n uː v ɹ̩ d	0	1	reg_d	other	reg_d
model_stem	s w uː ʃ	s w uː ʃ t	s w uː ʃ t	f l ʌ ʃ	f l ʌ ʃ t	f l ʌ ʃ t	s w uː ʃ t	1	1	reg_t	reg_t	reg_t
model_stem	l uː p	l uː p t	l uː p t	w uː p	w uː p t	w uː p t	l uː p t	1	1	reg_t	reg_t	reg_t
model_stem	ə b a ɪ d	ə b a ɪ d ə d	ə b a ɪ d ə d	t r e ɪ d	t r e ɪ d ə d	t r e ɪ d ə d	ə b a ɪ d ə d	1	1	reg_əd	reg_əd	reg_əd
model_stem	k ə m p ɛ r	k ə m p ɛ r d	k ə m p ɛ r d	p r iː p ɛ r	p r iː p ɛ r d	p r iː p ɛ r d	k ə m p ɛ r d	1	1	reg_d	reg_d	reg_d
model_stem	t͡ʃ æ n ə l	t͡ʃ æ n ə l d	t͡ʃ æ n ə l d	n ʌ k ə l	n ʌ k ə l d	n ʌ k ə l d	t͡ʃ æ n ə l d	1	1	reg_d	reg_d	reg_d
model_stem	s t ɔ r	s t ɔ r d	s t ɔ r d	s t ɑː r	s t ɑː r d	s t ɑː r d	s t ɔ r d	1	1	reg_d	reg_d	reg_d
model_stem	r ɪ p ɛ r	r ɪ p ɛ r d	r ɪ p ɛ r d	s k w ɛ r	s k w ɛ r d	s k w ɛ r d	r ɪ p ɛ r d	1	1	reg_d	reg_d	reg_d
model_stem	d ɪ ʃ	d ɪ ʃ t	d ɪ ʃ t	f ɪ ʃ	f ɪ ʃ t	f ɪ ʃ t	d ɪ ʃ t	1	1	reg_t	reg_t	reg_t
model_stem	s p ɑː r k ə l	s p ɑː r k ə l d	s p ɑː r k ə l d	s t e ɪ p ə l	s t e ɪ p ə l d	s t e ɪ p ə l d	s p ɑː r k ə l d	1	1	reg_d	reg_d	reg_d
model_stem	k w a ɪ ə t	k w a ɪ ə t ə d	k w a ɪ ə t ə d	k r iː e ɪ t	k r iː e ɪ t ə d	k r iː e ɪ t ə d	k w a ɪ ə t ə d	1	1	reg_əd	reg_əd	reg_əd
model_stem	k ə n t ɪ n j uː	k ə n t ɪ n j uː d	k ə n t ɪ n t ɪ n j uː t ə d	æ n s ɹ̩	æ n s ɹ̩ d	æ n s ɹ̩ d	k ə n t ɪ n j uː d	0	1	reg_d	other	reg_d
model_stem	p ɑː t	p ɑː t ə d	p ɑː t ə d	n ɑː t	n ɑː t ə d	n ɑː t ə d	p ɑː t ə d	1	1	reg_əd	reg_əd	reg_əd
model_stem	p r ɪ n t	p r ɪ n t ə d	p r ɪ n t ə d	ə d m ɪ t	ə d m ɪ t ə d	ə d m ɪ t ə d	p r ɪ n t ə d	1	1	reg_əd	reg_əd	reg_əd
model_stem	s p a ɪ s	s p a ɪ s t	s p a ɪ s t	s l a ɪ s	s l a ɪ s t	s l a ɪ s t	s p a ɪ s t	1	1	reg_t	reg_t	reg_t
model_stem	b ɑː d iː	b ɑː d iː d	b ɑː d iː d	m ʌ d iː	m ʌ d iː d	m ʌ d iː d	b ɑː d iː d	1	1	reg_d	reg_d	reg_d
model_stem	s t r o ʊ k	s t r o ʊ k t	s t r o ʊ k t	s t r a ɪ k	s t r a ɪ k t	s t r ʌ k	s t r o ʊ k t	1	1	reg_t	reg_t	reg_t
model_stem	ə n w a ɪ n d	ə n w a ʊ n d	ə n w a ɪ n d ə d	p ɹ̩ s w e ɪ d	p ɹ̩ s w e ɪ d ə d	p ɹ̩ s w e ɪ d ə d	ə n w a ɪ n d ə d	1	0	vowel_change	reg_əd	reg_əd
model_stem	s t r æ ŋ ɡ ə l	s t r æ ŋ ɡ ə l d	s t r æ ŋ ɡ ə l d	s k r æ m b ə l	s k r æ m b ə l d	s k r æ m b ə l d	s t r æ ŋ ɡ ə l d	1	1	reg_d	reg_d	reg_d
model_stem	p ɑː l ɪ ʃ	p ɑː l ɪ ʃ t	p ɑː l ɪ ʃ t	p ʌ n ɪ ʃ	p ʌ n ɪ ʃ t	p ʌ n ɪ ʃ t	p ɑː l ɪ ʃ t	1	1	reg_t	reg_t	reg_t
model_stem	p a ʊ n d	p a ʊ n d ə d	p a ʊ n d ə d	s a ʊ n d	s a ʊ n d ə d	s a ʊ n d ə d	p a ʊ n d ə d	1	1	reg_əd	reg_əd	reg_əd
model_stem	w ɪ s k	w ɪ s k t	w ɪ s k t	m æ s k	m æ s k t	m æ s k t	w ɪ s k t	1	1	reg_t	reg_t	reg_t
model_stem	ɡ l o ʊ	ɡ l o ʊ d	ɡ l uː	ɡ r o ʊ	ɡ r uː	ɡ r uː	ɡ l uː	1	0	reg_d	vowel_change	vowel_change
model_stem	a ɪ s	a ɪ s t	a ɪ s t	m ɪ s	m ɪ s t	m ɪ s t	a ɪ s t	1	1	reg_t	reg_t	reg_t
model_stem	t iː z	t iː z d	t iː z d	k ɑː z	k ɑː z d	k ɑː z d	t iː z d	1	1	reg_d	reg_d	reg_d
model_stem	ɪ r ʌ p t	ɪ r ʌ p t ə d	ɪ r ʌ p t ə d	ɛ n æ k t	ɛ n æ k t ə d	ɛ n æ k t ə d	ɪ r ʌ p t ə d	1	1	reg_əd	reg_əd	reg_əd
model_stem	k ɑː n	k ɑː n d	k ɑː n d	d ɑː n	d ɑː n d	d ɑː n d	k ɑː n d	1	1	reg_d	reg_d	reg_d
model_stem	d ɪ z ɑː l v	d ɪ z ɑː l v d	d ɪ z ɑː l v d	ɪ n v ɑː l v	ɪ n v ɑː l v d	ɪ n v ɑː l v d	d ɪ z ɑː l v d	1	1	reg_d	reg_d	reg_d
model_stem	b l ɛ n d	b l ɛ n d ə d	b l ɛ n d ə d	s p ɛ n d	s p ɛ n d ə d	s p ɛ n t	b l ɛ n d ə d	1	1	reg_əd	reg_əd	reg_əd
model_stem	ə r e ɪ n d͡ʒ	ə r e ɪ n d͡ʒ d	ə r e ɪ n d͡ʒ d	ɛ n k ɹ̩ ɪ d͡ʒ	ɛ n k ɹ̩ ɪ d͡ʒ d	ɛ n k ɹ̩ ɪ d͡ʒ d	ə r e ɪ n d͡ʒ d	1	1	reg_d	reg_d	reg_d
model_stem	f r e ɪ m	f r e ɪ m d	f r e ɪ m d	b l e ɪ m	b l e ɪ m d	b l e ɪ m d	f r e ɪ m d	1	1	reg_d	reg_d	reg_d
model_stem	k ə m p iː t	k ə m p iː t ə d	k ə m p iː t ə d	k ʌ m f ɹ̩ t	k ʌ m f ɹ̩ t ə d	k ʌ m f ɹ̩ t ə d	k ə m p iː t ə d	1	1	reg_əd	reg_əd	reg_əd
model_stem	s p iː d	s p ɛ d	s p iː d ə d	l o ʊ d	l o ʊ d ə d	l o ʊ d ə d	s p iː d ə d	1	0	vowel_change	reg_əd	reg_əd
model_stem	h ɔ l	h ɔ l d	h ɔ l d	b ɔ l	b ɔ l d	b ɔ l d	h ɔ l d	1	1	reg_d	reg_d	reg_d
model_stem	s n æ ɡ	s n æ ɡ d	s n æ ɡ d	d r æ ɡ	d r æ ɡ d	d r æ ɡ d	s n æ ɡ d	1	1	reg_d	reg_d	reg_d
model_stem	ɪ n t r iː ɡ	ɪ n t r iː ɡ d	ɪ n t r iː ɡ d	ə n p l ʌ ɡ	ə n p l ʌ ɡ d	ə n p l ʌ ɡ d	ɪ n t r iː ɡ d	1	1	reg_d	reg_d	reg_d
model_stem	l ɔ n t͡ʃ	l ɔ n t͡ʃ t	l ɔ n t͡ʃ t	l ʌ n t͡ʃ	l ʌ n t͡ʃ t	l ʌ n t͡ʃ t	l ɔ n t͡ʃ t	1	1	reg_t	reg_t	reg_t
model_stem	s æ ɡ	s æ ɡ d	s æ ɡ d	w æ ɡ	w æ ɡ d	w æ ɡ d	s æ ɡ d	1	1	reg_d	reg_d	reg_d
model_stem	d ɪ v ɛ l ə p	d ɪ v ɛ l ə p t	d ɪ v ɛ l ə p t	o ʊ v ɹ̩ l æ p	o ʊ v ɹ̩ l æ p t	o ʊ v ɹ̩ l æ p t	d ɪ v ɛ l ə p t	1	1	reg_t	reg_t	reg_t
model_stem	s ɹ̩ v a ɪ v	s ɹ̩ v a ɪ v d	s ɹ̩ v a ɪ v d	r iː t r iː v	r iː t r iː v d	r iː t r iː v d	s ɹ̩ v a ɪ v d	1	1	reg_d	reg_d	reg_d
model_stem	r iː b ɪ l d	r iː b ɪ l t	r iː b ɪ l d ə d	ɡ r a ʊ n d	ɡ r a ʊ n d ə d	ɡ r a ʊ n d ə d	r iː b ɪ l d ə d	1	0	coda_change	reg_əd	reg_əd
model_stem	ɛ n t ɹ̩	ɛ n t ɹ̩ d	ɛ n t ɹ̩ d	b ɛ t ɹ̩	b ɛ t ɹ̩ d	b ɛ t ɹ̩ d	ɛ n t ɹ̩ d	1	1	reg_d	reg_d	reg_d
model_stem	w ɹ̩ l	w ɹ̩ l d	w ɹ̩ l d	k ɹ̩ l	k ɹ̩ l d	k ɹ̩ l d	w ɹ̩ l d	1	1	reg_d	reg_d	reg_d
model_stem	s p l æ t ɹ̩	s p l æ t ɹ̩ d	s p l æ t ɹ̩ d	p l æ s t ɹ̩	p l æ s t ɹ̩ d	p l æ s t ɹ̩ d	s p l æ t ɹ̩ d	1	1	reg_d	reg_d	reg_d
model_stem	w ɹ̩ ʃ ɪ p	w ɹ̩ ʃ ɪ p t	w ɹ̩ ʃ ɪ p t	s t ɑː m p	s t ɑː m p t	s t ɑː m p t	w ɹ̩ ʃ ɪ p t	1	1	reg_t	reg_t	reg_t
model_stem	n iː d ə l	n iː d ə l d	n iː d ə l d	k ʌ d ə l	k ʌ d ə l d	k ʌ d ə l d	n iː d ə l d	1	1	reg_d	reg_d	reg_d
model_stem	s p e ɪ s	s p e ɪ s t	s p e ɪ s t	s l a ɪ s	s l a ɪ s t	s l a ɪ s t	s p e ɪ s t	1	1	reg_t	reg_t	reg_t
model_stem	f l ɹ̩ t	f l ɹ̩ t ə d	f l ɹ̩ t ə d	s k ɹ̩ t	s k ɹ̩ t ə d	s k ɹ̩ t ə d	f l ɹ̩ t ə d	1	1	reg_əd	reg_əd	reg_əd
model_stem	p ɛ ɡ	p ɛ ɡ d	p ɛ ɡ d	d ɔ ɡ	d ɔ ɡ d	d ɔ ɡ d	p ɛ ɡ d	1	1	reg_d	reg_d	reg_d
model_stem	p a ʊ ɹ̩	p a ʊ ɹ̩ d	p a ʊ ɹ̩ d	t a ʊ ɹ̩	t a ʊ ɹ̩ d	t a ʊ ɹ̩ d	p a ʊ ɹ̩ d	1	1	reg_d	reg_d	reg_d
model_stem	d ɪ s ɡ ʌ s t	d ɪ s ɡ ʌ s t ə d	d ɪ s ɡ s t ə d	ɪ n t ɹ̩ ʌ p t	ɪ n t ɹ̩ ʌ p t ə d	ɪ n t ɹ̩ ʌ p t ə d	d ɪ s ɡ ʌ s t ə d	0	1	reg_əd	other	reg_əd
model_stem	ɪ n k l uː d	ɪ n k l uː d ə d	ɪ n k l uː d ə d	d ɪ s a ɪ d	d ɪ s a ɪ d ə d	d ɪ s a ɪ d ə d	ɪ n k l uː d ə d	1	1	reg_əd	reg_əd	reg_əd
model_stem	h a ʊ l	h a ʊ l d	h a ʊ l d	p a ɪ l	p a ɪ l d	p a ɪ l d	h a ʊ l d	1	1	reg_d	reg_d	reg_d
model_stem	s ɪ m ɹ̩	s ɪ m ɹ̩ d	s æ m ɹ̩ d	h æ m ɹ̩	h æ m ɹ̩ d	h æ m ɹ̩ d	s ɪ m ɹ̩ d	0	1	reg_d	other	reg_d
model_stem	k ə m p l iː t	k ə m p l iː t ə d	k ə m p l iː t ə d	p ɛ r ə ʃ uː t	p ɛ r ə ʃ uː t ə d	p ɛ r ə ʃ uː t ə d	k ə m p l iː t ə d	1	1	reg_əd	reg_əd	reg_əd
model_stem	l e ɪ ɹ̩	l e ɪ ɹ̩ d	l e ɪ ɹ̩ d	w a ɪ ɹ̩	w a ɪ ɹ̩ d	w a ɪ ɹ̩ d	l e ɪ ɹ̩ d	1	1	reg_d	reg_d	reg_d
model_stem	d ɑː k	d ɑː k t	d ɑː k t	l ɑː k	l ɑː k t	l ɑː k t	d ɑː k t	1	1	reg_t	reg_t	reg_t
model_stem	æ d m a ɪ ɹ̩	æ d m a ɪ ɹ̩ d	æ m a ɪ d ɹ̩ d	r ɪ t a ɪ ɹ̩	r ɪ t a ɪ ɹ̩ d	r ɪ t a ɪ ɹ̩ d	æ d m a ɪ ɹ̩ d	0	1	reg_d	other	reg_d
model_stem	d ɪ f ɛ n d	d ɪ f ɛ n d ə d	d ɪ f ɛ n d ə d	d ɪ p ɛ n d	d ɪ p ɛ n d ə d	d ɪ p ɛ n d ə d	d ɪ f ɛ n d ə d	1	1	reg_əd	reg_əd	reg_əd
model_stem	p r ɪ v ɛ n t	p r ɪ v ɛ n t ə d	p r ɪ v ɛ n t ə d	r ɪ s p ɛ k t	r ɪ s p ɛ k t ə d	r ɪ s p ɛ k t ə d	p r ɪ v ɛ n t ə d	1	1	reg_əd	reg_əd	reg_əd
model_stem	p ɔ z	p ɔ z d	p ɔ z d	k ɑː z	k ɑː z d	k ɑː z d	p ɔ z d	1	1	reg_d	reg_d	reg_d
model_stem	ə n ɔ ɪ	ə n ɔ ɪ d	ə n ɔ ɪ d	f l a ɪ	f l a ɪ d	f l uː	ə n ɔ ɪ d	1	1	reg_d	reg_d	reg_d
model_stem	k ɹ̩ o ʊ d	k ɹ̩ o ʊ d ə d	k ɹ̩ o ʊ d ə d	r a ʊ n d	r a ʊ n d ə d	r a ʊ n d ə d	k ɹ̩ o ʊ d ə d	1	1	reg_əd	reg_əd	reg_əd
model_stem	ɡ r ʌ n t	ɡ r ʌ n t ə d	ɡ r ʌ n t ə d	f r ʌ n t	f r ʌ n t ə d	f r ʌ n t ə d	ɡ r ʌ n t ə d	1	1	reg_əd	reg_əd	reg_əd
model_stem	t r ʌ m p ə t	t r ʌ m p ə t ə d	t r ʌ m p ə t ə d	b l æ ŋ k ə t	b l æ ŋ k ə t ə d	b l æ ŋ k ə t ə d	t r ʌ m p ə t ə d	1	1	reg_əd	reg_əd	reg_əd
model_stem	r ɪ ɡ r ɛ t	r ɪ ɡ r ɛ t ə d	r ɪ ɡ r ɛ t ə d	r ɪ d͡ʒ ɛ k t	r ɪ d͡ʒ ɛ k t ə d	r ɪ d͡ʒ ɛ k t ə d	r ɪ ɡ r ɛ t ə d	1	1	reg_əd	reg_əd	reg_əd
model_stem	b ɔ r	b ɔ r d	b ɔ r d	r ɔ r	r ɔ r d	r ɔ r d	b ɔ r d	1	1	reg_d	reg_d	reg_d
model_stem	k ə m p l e ɪ n	k ə m p l e ɪ n d	k ə m p l e ɪ n d	ɪ k s p l e ɪ n	ɪ k s p l e ɪ n d	ɪ k s p l e ɪ n d	k ə m p l e ɪ n d	1	1	reg_d	reg_d	reg_d
model_stem	s p ɔ r t	s p ɔ r t ə d	s p ɔ r t ə d	s n ɔ r t	s n ɔ r t ə d	s n ɔ r t ə d	s p ɔ r t ə d	1	1	reg_əd	reg_əd	reg_əd
model_stem	ɡ r æ s	ɡ r æ s t	ɡ r æ s t	b e ɪ s	b e ɪ s t	b e ɪ s t	ɡ r æ s t	1	1	reg_t	reg_t	reg_t
model_stem	θ ʌ m	θ ʌ m d	θ ʌ m d	ɡ ʌ m	ɡ ʌ m d	ɡ ʌ m d	θ ʌ m d	1	1	reg_d	reg_d	reg_d
model_stem	ɪ k s p o ʊ z	ɪ k s p o ʊ z d	ɪ k s p o ʊ z d	s ɹ̩ p r a ɪ z	s ɹ̩ p r a ɪ z d	s ɹ̩ p r a ɪ z d	ɪ k s p o ʊ z d	1	1	reg_d	reg_d	reg_d
model_stem	p l ʌ ŋ k	p l ʌ ŋ k t	p l ʌ ŋ k t	b l ɪ ŋ k	b l ɪ ŋ k	b l ɪ ŋ k t	p l ʌ ŋ k	0	0	reg_t	reg_t	no_change
model_stem	s p l ɪ t	s p l ɪ t	s p l ɪ t ə d	p l æ n t	p l æ n t ə d	p l æ n t ə d	s p l ɪ t ə d	1	0	no_change	reg_əd	reg_əd
model_stem	b æ n ɪ ʃ	b æ n ɪ ʃ t	b æ n ɪ ʃ t	v æ n ɪ ʃ	v æ n ɪ ʃ t	v æ n ɪ ʃ t	b æ n ɪ ʃ t	1	1	reg_t	reg_t	reg_t
model_stem	b ɛ l t͡ʃ	b ɛ l t͡ʃ t	b ɛ l t͡ʃ t	b ʌ n t͡ʃ	b ʌ n t͡ʃ t	b ʌ n t͡ʃ t	b ɛ l t͡ʃ t	1	1	reg_t	reg_t	reg_t
model_stem	s t ʌ b	s t ʌ b d	s t ʌ b d	s t æ b	s t æ b d	s t æ b d	s t ʌ b d	1	1	reg_d	reg_d	reg_d
model_stem	d ɪ p ɔ r t	d ɪ p ɔ r t ə d	d ɪ p ɔ r t ə d	r iː p ɔ r t	r iː p ɔ r t ə d	r iː p ɔ r t ə d	d ɪ p ɔ r t ə d	1	1	reg_əd	reg_əd	reg_əd
model_stem	m ɑː r k ə t	m ɑː r k ə t ə d	m ɑː r k ə t ə d	k ʌ m f ɹ̩ t	k ʌ m f ɹ̩ t ə d	k ʌ m f ɹ̩ t ə d	m ɑː r k ə t ə d	1	1	reg_əd	reg_əd	reg_əd
model_decision	s iː	s ɔ	s iː d	k iː	k iː d	k iː d	s iː d	1	0	vowel_change	reg_d	reg_d
model_decision	ɡ ɛ t	ɡ ɑː t	ɡ ɛ t	w ɛ t	w ɛ t	w ɛ t	ɡ ɛ t	1	0	vowel_change	no_change	no_change
model_decision	n ɑː k	n ɑː k t	n ɑː k t	l ɑː k	l ɑː k t	l ɑː k t	n ɑː k t	1	1	reg_t	reg_t	reg_t
model_decision	θ ɪ ŋ k	θ ɔ t	θ ɪ ŋ k t	w ɪ ŋ k	w ɪ ŋ k t	w ɪ ŋ k t	θ ɪ ŋ k t	1	0	rhyme_replaced	reg_t	reg_t
model_decision	k l iː n	k l iː n d	k l iː n d	w ɔ r n	w ɔ r n d	w ɔ r n d	k l iː n d	1	1	reg_d	reg_d	reg_d
model_decision	b ɪ l iː v	b ɪ l iː v d	b ɪ l iː v d	r ɪ l iː v	r ɪ l iː v d	r ɪ l iː v d	b ɪ l iː v d	1	1	reg_d	reg_d	reg_d
model_decision	ɡ ɪ v	ɡ e ɪ v	ɡ ɪ v d	l ʌ v	l ʌ v d	l ʌ v d	ɡ ɪ v d	1	0	vowel_change	reg_d	reg_d
model_decision	t e ɪ k	t ʊ k	t e ɪ k t	k e ɪ k	k e ɪ k t	k e ɪ k t	t e ɪ k t	1	0	vowel_change	reg_t	reg_t
model_decision	s t æ n d	s t ʊ d	s t æ n d ə d	r a ʊ n d	r a ʊ n d ə d	r a ʊ n d ə d	s t æ n d ə d	1	0	rhyme_replaced	reg_əd	reg_əd
model_decision	j ɛ l	j ɛ l d	j ɛ l d	s ɛ l	s ɛ l d	s o ʊ l d	j ɛ l d	1	1	reg_d	reg_d	reg_d
model_decision	f ɪ k s	f ɪ k s t	f ɪ k s t	f ɔ r s	f ɔ r s t	f ɔ r s t	f ɪ k s t	1	1	reg_t	reg_t	reg_t
model_decision	k l æ p	k l æ p t	k l æ p t	f l æ p	f l æ p t	f l æ p t	k l æ p t	1	1	reg_t	reg_t	reg_t
model_decision	r a ɪ m	r a ɪ m d	r o ʊ m d	r a ɪ d	r o ʊ d	r o ʊ d	NA	0	0	reg_d	vowel_change_suffix	vowel_change
model_decision	t ɛ l	t o ʊ l d	t ɛ l d	s ɛ l	s ɛ l d	s o ʊ l d	t ɛ l d	1	0	vowel_change_suffix	reg_d	reg_d
model_decision	f ɔ l	f ɛ l	f ɔ l d	b ɔ l	b ɔ l d	b ɔ l d	f ɔ l d	1	0	vowel_change	reg_d	reg_d
model_decision	r o ʊ l	r o ʊ l d	r o ʊ l d	b o ʊ l	b o ʊ l d	b o ʊ l d	r o ʊ l d	1	1	reg_d	reg_d	reg_d
model_decision	k uː l	k uː l d	k uː l d	r uː l	r uː l d	r uː l d	k uː l d	1	1	reg_d	reg_d	reg_d
model_decision	s ɪ ŋ	s æ ŋ	s æ ŋ d	s ɪ t	s æ t	s æ t	NA	0	0	vowel_change	vowel_change_suffix	vowel_change
model_decision	h o ʊ l d	h ɛ l d	h o ʊ l d ə d	r a ʊ n d	r a ʊ n d ə d	r a ʊ n d ə d	h o ʊ l d ə d	1	0	vowel_change	reg_əd	reg_əd
model_decision	d r ɛ s	d r ɛ s t	d r ɛ s t	b e ɪ s	b e ɪ s t	b e ɪ s t	d r ɛ s t	1	1	reg_t	reg_t	reg_t
model_decision	w e ɪ k	w o ʊ k	w e ɪ k t	m e ɪ k	m e ɪ k t	m e ɪ d	w e ɪ k t	1	0	vowel_change	reg_t	reg_t
model_decision	m uː v	m uː v d	m uː v d	l ʌ v	l ʌ v d	l ʌ v d	m uː v d	1	1	reg_d	reg_d	reg_d
model_decision	b ɪ l d	b ɪ l t	b ɪ l d ə d	s a ɪ d	s a ɪ d ə d	s a ɪ d ə d	b ɪ l d ə d	1	0	coda_change	reg_əd	reg_əd
model_decision	p uː p	p uː p t	p uː p t	k uː p	k uː p t	k uː p t	p uː p t	1	1	reg_t	reg_t	reg_t
model_decision	k ɛ r	k ɛ r d	k ɛ r d	ʃ ɛ r	ʃ ɛ r d	ʃ ɛ r d	k ɛ r d	1	1	reg_d	reg_d	reg_d
model_decision	b ɛ r iː	b ɛ r iː d	b ɛ r iː d	h ɛ r iː	h ɛ r iː d	h ɛ r iː d	b ɛ r iː d	1	1	reg_d	reg_d	reg_d
model_decision	p æ n t	p æ n t ə d	p æ n t ə d	h ʌ n t	h ʌ n t ə d	h ʌ n t ə d	p æ n t ə d	1	1	reg_əd	reg_əd	reg_əd
model_decision	t ʌ k	t ʌ k t	t ʌ k t	f ʌ k	f ʌ k t	f ʌ k t	t ʌ k t	1	1	reg_t	reg_t	reg_t
model_decision	b ɑː ð ɹ̩	b ɑː ð ɹ̩ d	b ɑː ð ɹ̩ d	f ɛ ð ɹ̩	f ɛ ð ɹ̩ d	f ɛ ð ɹ̩ d	b ɑː ð ɹ̩ d	1	1	reg_d	reg_d	reg_d
model_decision	ɛ ɡ z ɪ t	ɛ ɡ z ɪ t ə d	ɛ ɡ z ɪ t ə d	ɛ n æ k t	ɛ n æ k t ə d	ɛ n æ k t ə d	ɛ ɡ z ɪ t ə d	1	1	reg_əd	reg_əd	reg_əd
model_decision	s t e ɪ	s t e ɪ d	s t e ɪ d	s w e ɪ	s w e ɪ d	s w e ɪ d	s t e ɪ d	1	1	reg_d	reg_d	reg_d
model_decision	w ʌ n d ɹ̩	w ʌ n d ɹ̩ d	w ʌ n d ɹ̩ d	θ ʌ n d ɹ̩	θ ʌ n d ɹ̩ d	θ ʌ n d ɹ̩ d	w ʌ n d ɹ̩ d	1	1	reg_d	reg_d	reg_d
model_decision	d ɪ p	d ɪ p t	d ɪ p t	t ɪ p	t ɪ p t	t ɪ p t	d ɪ p t	1	1	reg_t	reg_t	reg_t
model_decision	h ʌ ɡ	h ʌ ɡ d	h ʌ ɡ d	t͡ʃ ʌ ɡ	t͡ʃ ʌ ɡ d	t͡ʃ ʌ ɡ d	h ʌ ɡ d	1	1	reg_d	reg_d	reg_d
model_decision	v ɔ ɪ s	v ɔ ɪ s t	v ɔ ɪ s t	l e ɪ s	l e ɪ s t	l e ɪ s t	v ɔ ɪ s t	1	1	reg_t	reg_t	reg_t
model_decision	ə t æ t͡ʃ	ə t æ t͡ʃ t	ə t æ t͡ʃ t	t w ɪ t͡ʃ	t w ɪ t͡ʃ t	t w ɪ t͡ʃ t	ə t æ t͡ʃ t	1	1	reg_t	reg_t	reg_t
model_decision	s m ɛ l	s m ɛ l d	s m ɛ l d	s p ɛ l	s p ɛ l d	s p ɛ l d	s m ɛ l d	1	1	reg_d	reg_d	reg_d
model_decision	f ɪ n ɪ ʃ	f ɪ n ɪ ʃ t	f ɪ n ɪ ʃ t	p ʌ n ɪ ʃ	p ʌ n ɪ ʃ t	p ʌ n ɪ ʃ t	f ɪ n ɪ ʃ t	1	1	reg_t	reg_t	reg_t
model_decision	t r ɑː t	t r ɑː t ə d	t r ɑː t ə d	s p ɑː t	s p ɑː t ə d	s p ɑː t ə d	t r ɑː t ə d	1	1	reg_əd	reg_əd	reg_əd
model_decision	b l ɛ s	b l ɛ s t	b l ɛ s t	b e ɪ s	b e ɪ s t	b e ɪ s t	b l ɛ s t	1	1	reg_t	reg_t	reg_t
model_decision	l ɛ d	l ɛ d ə d	l ɛ d	b ɛ d	b ɛ d ə d	b ɛ d ə d	l ɛ d ə d	0	1	reg_əd	no_change	reg_əd
model_decision	p r ɛ s	p r ɛ s t	p r ɛ s t	b e ɪ s	b e ɪ s t	b e ɪ s t	p r ɛ s t	1	1	reg_t	reg_t	reg_t
model_decision	ə n z ɪ p	ə n z ɪ p t	ə n z ɪ p t	s w a ɪ p	s w a ɪ p t	s w a ɪ p t	ə n z ɪ p t	1	1	reg_t	reg_t	reg_t
model_decision	f ɪ l t ɹ̩	f ɪ l t ɹ̩ d	f ɪ l t ɹ̩ d	f l ɪ k ɹ̩	f l ɪ k ɹ̩ d	f l ɪ k ɹ̩ d	f ɪ l t ɹ̩ d	1	1	reg_d	reg_d	reg_d
model_decision	ʃ e ɪ v	ʃ e ɪ v d	ʃ e ɪ v d	w e ɪ v	w e ɪ v d	w e ɪ v d	ʃ e ɪ v d	1	1	reg_d	reg_d	reg_d
model_decision	k ɑː s t	k ɑː s t	k ɑː s t ə d	b ʌ s t	b ʌ s t ə d	b ʌ s t ə d	k ɑː s t ə d	1	0	no_change	reg_əd	reg_əd
model_decision	b r ʌ ʃ	b r ʌ ʃ t	b r ʌ ʃ t	k r ʌ ʃ	k r ʌ ʃ t	k r ʌ ʃ t	b r ʌ ʃ t	1	1	reg_t	reg_t	reg_t
model_decision	l æ n d	l æ n d ə d	l æ n d ə d	b æ n d	b æ n d ə d	b æ n d ə d	l æ n d ə d	1	1	reg_əd	reg_əd	reg_əd
model_decision	s t ɛ p	s t ɛ p t	s t ɛ p t	h ɛ l p	h ɛ l p t	h ɛ l p t	s t ɛ p t	1	1	reg_t	reg_t	reg_t
model_decision	m ɪ l k	m ɪ l k t	m ɪ l k t	b l ɑː k	b l ɑː k t	b l ɑː k t	m ɪ l k t	1	1	reg_t	reg_t	reg_t
model_decision	b ɛ s t	b ɛ s t ə d	b ɛ s t ə d	n ɛ s t	n ɛ s t ə d	n ɛ s t ə d	b ɛ s t ə d	1	1	reg_əd	reg_əd	reg_əd
model_decision	m a ɪ n d	m a ɪ n d ə d	m a ɪ n d	s l a ɪ d	s l a ɪ d ə d	s l ɪ d	m a ɪ n d ə d	0	1	reg_əd	no_change	reg_əd
model_decision	w a ɪ t	w a ɪ t ə d	w a ɪ t	f a ɪ t	f a ɪ t	f ɔ t	w a ɪ t	1	0	reg_əd	no_change	no_change
model_decision	m æ k s	m æ k s t	m æ k s t	m ɪ k s	m ɪ k s t	m ɪ k s t	m æ k s t	1	1	reg_t	reg_t	reg_t
model_decision	r iː t͡ʃ	r iː t͡ʃ t	r iː t͡ʃ t	t iː t͡ʃ	t iː t͡ʃ t	t ɔ t	r iː t͡ʃ t	1	1	reg_t	reg_t	reg_t
model_decision	h o ʊ p	h o ʊ p t	h o ʊ p t	r o ʊ p	r o ʊ p t	r o ʊ p t	h o ʊ p t	1	1	reg_t	reg_t	reg_t
model_decision	f o ʊ l d	f o ʊ l d ə d	f o ʊ l d ə d	r a ʊ n d	r a ʊ n d ə d	r a ʊ n d ə d	f o ʊ l d ə d	1	1	reg_əd	reg_əd	reg_əd
model_decision	k l ɪ n t͡ʃ	k l ɪ n t͡ʃ t	k l ɪ n t͡ʃ t	k r ʌ n t͡ʃ	k r ʌ n t͡ʃ t	k r ʌ n t͡ʃ t	k l ɪ n t͡ʃ t	1	1	reg_t	reg_t	reg_t
model_decision	t r ɪ k	t r ɪ k t	t r ɪ k t	p r ɪ k	p r ɪ k t	p r ɪ k t	t r ɪ k t	1	1	reg_t	reg_t	reg_t
model_decision	b ɛ n d	b ɛ n d ə d	b ɛ n d ə d	m ɛ n d	m ɛ n d ə d	m ɛ n d ə d	b ɛ n d ə d	1	1	reg_əd	reg_əd	reg_əd
model_decision	a ɪ d ɛ n t ə f a ɪ	a ɪ d ɛ n t ə f a ɪ d	a ʊ n t ə d	f a ɪ n d	f a ʊ n d	f a ʊ n d	NA	0	0	reg_d	other	vowel_change
model_decision	d͡ʒ ɔ ɪ n	d͡ʒ ɔ ɪ n d	d͡ʒ ɔ ɪ n d	w ɔ r n	w ɔ r n d	w ɔ r n d	d͡ʒ ɔ ɪ n d	1	1	reg_d	reg_d	reg_d
model_decision	k ə n f j uː z	k ə n f j uː z d	k ə n f j uː z d	ɪ k s k j uː z	ɪ k s k j uː z d	ɪ k s k j uː z d	k ə n f j uː z d	1	1	reg_d	reg_d	reg_d
model_decision	b ɛ r	b o ʊ r	b ɛ r d	p ɛ r	p ɛ r d	p ɛ r d	b ɛ r d	1	0	vowel_change	reg_d	reg_d
model_decision	r ɛ s t	r ɛ s t ə d	r ɛ s t	b ʌ s t	b ʌ s t ə d	b ʌ s t ə d	r ɛ s t ə d	0	1	reg_əd	no_change	reg_əd
model_decision	p iː	p iː d	p iː d	k iː	k iː d	k iː d	p iː d	1	1	reg_d	reg_d	reg_d
model_decision	ɡ r æ b	ɡ r æ b d	ɡ r æ b d	s t æ b	s t æ b d	s t æ b d	ɡ r æ b d	1	1	reg_d	reg_d	reg_d
model_decision	ə p r o ʊ t͡ʃ	ə p r o ʊ t͡ʃ t	ə p r o ʊ t͡ʃ t	p r ə d uː s	p r ə d uː s t	p r ə d uː s t	ə p r o ʊ t͡ʃ t	1	1	reg_t	reg_t	reg_t
model_decision	p iː l	p iː l d	p iː l d	h iː l	h iː l d	h iː l d	p iː l d	1	1	reg_d	reg_d	reg_d
model_decision	m ɑː r t͡ʃ	m ɑː r t͡ʃ t	m ɑː r t͡ʃ t	b ʌ n t͡ʃ	b ʌ n t͡ʃ t	b ʌ n t͡ʃ t	m ɑː r t͡ʃ t	1	1	reg_t	reg_t	reg_t
model_decision	t æ k ə l	t æ k ə l d	t æ k ə l d	t ɪ k ə l	t ɪ k ə l d	t ɪ k ə l d	t æ k ə l d	1	1	reg_d	reg_d	reg_d
model_decision	d ɪ ɡ	d ʌ ɡ	d ɪ ɡ d	d ɔ ɡ	d ɔ ɡ d	d ɔ ɡ d	d ɪ ɡ d	1	0	vowel_change	reg_d	reg_d
model_decision	s ɛ t ə l	s ɛ t ə l d	s ɛ t ə l d	ʃ ʌ t ə l	ʃ ʌ t ə l d	ʃ ʌ t ə l d	s ɛ t ə l d	1	1	reg_d	reg_d	reg_d
model_decision	ɪ ɡ n ɔ r	ɪ ɡ n ɔ r d	ɪ ɡ ɔ r n d	b ɪ ɡ ɪ n	b ɪ ɡ æ n	b ɪ ɡ æ n	NA	0	0	reg_d	other	vowel_change
model_decision	k ʌ v ɹ̩	k ʌ v ɹ̩ d	k ʌ v ɹ̩ d	z ɪ p ɹ̩	z ɪ p ɹ̩ d	z ɪ p ɹ̩ d	k ʌ v ɹ̩ d	1	1	reg_d	reg_d	reg_d
model_decision	r ɑː t	r ɑː t ə d	r ɑː t	r uː t	r uː t ə d	r uː t ə d	r ɑː t ə d	0	1	reg_əd	no_change	reg_əd
model_decision	f l æ t ɹ̩	f l æ t ɹ̩ d	f l æ t ɹ̩ d	f l ɪ k ɹ̩	f l ɪ k ɹ̩ d	f l ɪ k ɹ̩ d	f l æ t ɹ̩ d	1	1	reg_d	reg_d	reg_d
model_decision	b ʌ b ə l	b ʌ b ə l d	b ʌ b ə l d	b æ b ə l	b æ b ə l d	b æ b ə l d	b ʌ b ə l d	1	1	reg_d	reg_d	reg_d
model_decision	k o ʊ ɑː p ɹ̩ e ɪ t	k o ʊ ɑː p ɹ̩ e ɪ t ə d	k o ʊ p ɹ̩ p ɹ̩ d	k ɪ d n æ p	k ɪ d n æ p t	k ɪ d n æ p t	k o ʊ ɑː p ɹ̩ e ɪ t t	0	0	reg_əd	other	reg_t
model_decision	ɡ r iː n	ɡ r iː n d	ɡ r iː n d	w ɔ r n	w ɔ r n d	w ɔ r n d	ɡ r iː n d	1	1	reg_d	reg_d	reg_d
model_decision	r e ɪ s	r e ɪ s t	r e ɪ s t	b e ɪ s	b e ɪ s t	b e ɪ s t	r e ɪ s t	1	1	reg_t	reg_t	reg_t
model_decision	d æ n s	d æ n s t	d æ n s t	d a ɪ s	d a ɪ s t	d a ɪ s t	d æ n s t	1	1	reg_t	reg_t	reg_t
model_decision	p r ɑː d͡ʒ ɛ k t	p r ɑː d͡ʒ ɛ k t ə d	p r ɑː d͡ʒ ɛ k t ə d	p r iː z ɛ n t	p r iː z ɛ n t ə d	p r iː z ɛ n t ə d	p r ɑː d͡ʒ ɛ k t ə d	1	1	reg_əd	reg_əd	reg_əd
model_decision	b ɛ ɡ	b ɛ ɡ d	b ɛ ɡ d	b ɑː ɡ	b ɑː ɡ d	b ɑː ɡ d	b ɛ ɡ d	1	1	reg_d	reg_d	reg_d
model_decision	s ɹ̩ v ɪ s	s ɹ̩ v ɪ s t	s ɹ̩ v ɪ s t	r ɪ v ɹ̩ s	r ɪ v ɹ̩ s t	r ɪ v ɹ̩ s t	s ɹ̩ v ɪ s t	1	1	reg_t	reg_t	reg_t
model_decision	r ɛ p r ə z ɛ n t	r ɛ p r ə z ɛ n t ə d	r ɛ p r ə z ɛ n t ə d	k ə n s t r ʌ k t	k ə n s t r ʌ k t ə d	k ə n s t r ʌ k t ə d	r ɛ p r ə z ɛ n t ə d	1	1	reg_əd	reg_əd	reg_əd
model_decision	ɪ m ɹ̩ d͡ʒ	ɪ m ɹ̩ d͡ʒ d	ɪ m ɹ̩ d͡ʒ d	s m ʌ d͡ʒ	s m ʌ d͡ʒ d	s m ʌ d͡ʒ d	ɪ m ɹ̩ d͡ʒ d	1	1	reg_d	reg_d	reg_d
model_decision	b ɔ ɪ l	b ɔ ɪ l d	b ɔ ɪ l d	k ɔ ɪ l	k ɔ ɪ l d	k ɔ ɪ l d	b ɔ ɪ l d	1	1	reg_d	reg_d	reg_d
model_decision	p ɹ̩ f ɛ k t	p ɹ̩ f ɛ k t ə d	p ɹ̩ f ɛ k t ə d	f ɹ̩ m ɛ n t	f ɹ̩ m ɛ n t ə d	f ɹ̩ m ɛ n t ə d	p ɹ̩ f ɛ k t ə d	1	1	reg_əd	reg_əd	reg_əd
model_decision	r a ɪ z	r o ʊ z	r o ʊ z d	r a ɪ d	r o ʊ d	r o ʊ d	NA	0	0	vowel_change	vowel_change_suffix	vowel_change
model_decision	s k r iː n	s k r iː n d	s k r iː n d	b r a ʊ n	b r a ʊ n d	b r a ʊ n d	s k r iː n d	1	1	reg_d	reg_d	reg_d
model_decision	t r e ɪ n	t r e ɪ n d	t r e ɪ n d	s t e ɪ n	s t e ɪ n d	s t e ɪ n d	t r e ɪ n d	1	1	reg_d	reg_d	reg_d
model_decision	s o ʊ	s o ʊ d	s o ʊ d	ɡ o ʊ	ɡ o ʊ d	w ɛ n t	s o ʊ d	1	1	reg_d	reg_d	reg_d
model_decision	f e ɪ s	f e ɪ s t	f e ɪ s t	f ɔ r s	f ɔ r s t	f ɔ r s t	f e ɪ s t	1	1	reg_t	reg_t	reg_t
model_decision	s t ʌ d iː	s t ʌ d iː d	s t ʌ d iː d	ɛ m p t iː	ɛ m p t iː d	ɛ m p t iː d	s t ʌ d iː d	1	1	reg_d	reg_d	reg_d
model_decision	b l ɑː t	b l ɑː t ə d	b l ɑː t ə d	s p ɑː t	s p ɑː t ə d	s p ɑː t ə d	b l ɑː t ə d	1	1	reg_əd	reg_əd	reg_əd
model_decision	m e ɪ l	m e ɪ l d	m e ɪ l d	n e ɪ l	n e ɪ l d	n e ɪ l d	m e ɪ l d	1	1	reg_d	reg_d	reg_d
model_decision	k l ɪ ŋ	k l ʌ ŋ	k l ʌ ŋ	s l ɪ ŋ	s l ʌ ŋ	s l ʌ ŋ	k l ʌ ŋ	1	1	vowel_change	vowel_change	vowel_change
model_decision	p l ʌ ɡ	p l ʌ ɡ d	p l ʌ ɡ d	d r ʌ ɡ	d r ʌ ɡ d	d r ʌ ɡ d	p l ʌ ɡ d	1	1	reg_d	reg_d	reg_d
model_decision	p r e ɪ	p r e ɪ d	p r e ɪ d	f r a ɪ	f r a ɪ d	f r a ɪ d	p r e ɪ d	1	1	reg_d	reg_d	reg_d
model_decision	f l o ʊ	f l o ʊ d	f l uː	b l o ʊ	b l uː	b l uː	f l uː	1	0	reg_d	vowel_change	vowel_change
model_decision	r iː m a ɪ n d	r iː m a ɪ n d ə d	r iː m a ɪ n d ə d	p r ə v a ɪ d	p r ə v a ɪ d ə d	p r ə v a ɪ d ə d	r iː m a ɪ n d ə d	1	1	reg_əd	reg_əd	reg_əd
model_decision	ɛ l b o ʊ	ɛ l b o ʊ d	ɛ l b o ʊ d	b ɛ l o ʊ	b ɛ l o ʊ d	b ɛ l o ʊ d	ɛ l b o ʊ d	1	1	reg_d	reg_d	reg_d
model_decision	f r iː z	f r o ʊ z	f r iː z d	p l iː z	p l iː z d	p l iː z d	f r iː z d	1	0	vowel_change	reg_d	reg_d
model_decision	m ɪ m ɪ k	m ɪ m ɪ k t	m ɪ m ɪ k t	s p a ɪ k	s p a ɪ k t	s p a ɪ k t	m ɪ m ɪ k t	1	1	reg_t	reg_t	reg_t
model_decision	w iː l	w iː l d	w iː l d	s iː l	s iː l d	s iː l d	w iː l d	1	1	reg_d	reg_d	reg_d
model_decision	p ʌ m p	p ʌ m p t	p ʌ m p t	b ʌ m p	b ʌ m p t	b ʌ m p t	p ʌ m p t	1	1	reg_t	reg_t	reg_t
model_decision	ɪ k s p ɛ k t	ɪ k s p ɛ k t ə d	ɪ k s p ɛ k t ə d	r ɪ s p ɛ k t	r ɪ s p ɛ k t ə d	r ɪ s p ɛ k t ə d	ɪ k s p ɛ k t ə d	1	1	reg_əd	reg_əd	reg_əd
model_decision	w a ɪ n d	w a ɪ n d ə d	w a ɪ n d	s l a ɪ d	s l a ɪ d ə d	s l ɪ d	w a ɪ n d ə d	0	1	reg_əd	no_change	reg_əd
model_decision	s k r ɪ b ə l	s k r ɪ b ə l d	s k r ɪ b ə l d	s t r æ d ə l	s t r æ d ə l d	s t r æ d ə l d	s k r ɪ b ə l d	1	1	reg_d	reg_d	reg_d
model_decision	r ɪ s p ɑː n d	r ɪ s p ɑː n d ə d	r ɪ s p ɑː n d ə d	ɪ k s p æ n d	ɪ k s p æ n d ə d	ɪ k s p æ n d ə d	r ɪ s p ɑː n d ə d	1	1	reg_əd	reg_əd	reg_əd
model_decision	r e ɪ z	r e ɪ z d	r e ɪ z d	w e ɪ v	w e ɪ v d	w e ɪ v d	r e ɪ z d	1	1	reg_d	reg_d	reg_d
model_decision	ɡ ɪ ɡ ə l	ɡ ɪ ɡ ə l d	ɡ ɪ ɡ ə l d	d͡ʒ ʌ ɡ ə l	d͡ʒ ʌ ɡ ə l d	d͡ʒ ʌ ɡ ə l d	ɡ ɪ ɡ ə l d	1	1	reg_d	reg_d	reg_d
model_decision	b ɑː r o ʊ	b ɑː r o ʊ d	b ɑː r o ʊ d	b a ʊ	b a ʊ d	b a ʊ d	b ɑː r o ʊ d	1	1	reg_d	reg_d	reg_d
model_decision	s w ɑː l o ʊ	s w ɑː l o ʊ d	s w ɑː l o ʊ d	t o ʊ	t o ʊ d	t o ʊ d	s w ɑː l o ʊ d	1	1	reg_d	reg_d	reg_d
model_decision	d ɑː r n	d ɑː r n d	d ɑː r n d	a ɪ ɹ̩ n	a ɪ ɹ̩ n d	a ɪ ɹ̩ n d	d ɑː r n d	1	1	reg_d	reg_d	reg_d
model_decision	k ɑː p iː	k ɑː p iː d	k ɑː p iː d	m ʌ d iː	m ʌ d iː d	m ʌ d iː d	k ɑː p iː d	1	1	reg_d	reg_d	reg_d
model_decision	s k r e ɪ p	s k r e ɪ p t	s k r e ɪ p t	s t r a ɪ p	s t r a ɪ p t	s t r a ɪ p t	s k r e ɪ p t	1	1	reg_t	reg_t	reg_t
model_decision	h o ʊ m	h o ʊ m d	h o ʊ m d	r o ʊ m	r o ʊ m d	r o ʊ m d	h o ʊ m d	1	1	reg_d	reg_d	reg_d
model_decision	f r iː	f r iː d	f r iː d	h ɹ̩ iː	h ɹ̩ iː d	h ɹ̩ iː d	f r iː d	1	1	reg_d	reg_d	reg_d
model_decision	b r a ɪ t ə n	b r a ɪ t ə n d	b r a ɪ t ə n d	f r a ɪ t ə n	f r a ɪ t ə n d	f r a ɪ t ə n d	b r a ɪ t ə n d	1	1	reg_d	reg_d	reg_d
model_decision	ə r a ɪ v	ə r a ɪ v d	ə r a ɪ v d	k r e ɪ v	k r e ɪ v d	k r e ɪ v d	ə r a ɪ v d	1	1	reg_d	reg_d	reg_d
model_decision	ɪ k s p l ɔ r	ɪ k s p l ɔ r d	ɪ k s p l ɔ r d	d ɪ s ə p iː r	d ɪ s ə p iː r d	d ɪ s ə p iː r d	ɪ k s p l ɔ r d	1	1	reg_d	reg_d	reg_d
model_decision	p ɹ̩ s	p ɹ̩ s t	p ɹ̩ s t	n ɹ̩ s	n ɹ̩ s t	n ɹ̩ s t	p ɹ̩ s t	1	1	reg_t	reg_t	reg_t
model_decision	t͡ʃ ɪ p	t͡ʃ ɪ p t	t͡ʃ ɪ p t	w ɪ p	w ɪ p t	w ɪ p t	t͡ʃ ɪ p t	1	1	reg_t	reg_t	reg_t
model_decision	b ɑː t ə l	b ɑː t ə l d	b ɑː t ə l d	b æ t ə l	b æ t ə l d	b æ t ə l d	b ɑː t ə l d	1	1	reg_d	reg_d	reg_d
model_decision	ə s o ʊ s iː e ɪ t	ə s o ʊ s iː e ɪ t ə d	ə s o ʊ e ɪ t ə d	o ʊ v ɹ̩ f l o ʊ	o ʊ v ɹ̩ f l o ʊ d	o ʊ v ɹ̩ f l o ʊ d	ə s o ʊ s iː e ɪ t d	0	0	reg_əd	other	reg_d
model_decision	ɪ n s ɪ s t	ɪ n s ɪ s t ə d	ɪ n s ɪ s t ə d	ɪ n v a ɪ t	ɪ n v a ɪ t ə d	ɪ n v a ɪ t ə d	ɪ n s ɪ s t ə d	1	1	reg_əd	reg_əd	reg_əd
model_decision	w iː	w iː d	w iː d	n iː	n iː d	n iː d	w iː d	1	1	reg_d	reg_d	reg_d
model_decision	ʃ ɔ r t ə n	ʃ ɔ r t ə n d	ʃ ɔ r t ə n d	f r ɛ ʃ ə n	f r ɛ ʃ ə n d	f r ɛ ʃ ə n d	ʃ ɔ r t ə n d	1	1	reg_d	reg_d	reg_d
model_decision	ə n l ɑː k	ə n l ɑː k t	ə n l ɑː k t	b l æ ŋ k	b l æ ŋ k t	b l æ ŋ k t	ə n l ɑː k t	1	1	reg_t	reg_t	reg_t
model_decision	d ʌ b ə l	d ʌ b ə l d	d ʌ b ə l d	b æ b ə l	b æ b ə l d	b æ b ə l d	d ʌ b ə l d	1	1	reg_d	reg_d	reg_d
model_decision	m ɑː p	m ɑː p t	m ɑː p t	t ɑː p	t ɑː p t	t ɑː p t	m ɑː p t	1	1	reg_t	reg_t	reg_t
model_decision	f ɛ t͡ʃ	f ɛ t͡ʃ t	f ɛ t͡ʃ t	h ɪ t͡ʃ	h ɪ t͡ʃ t	h ɪ t͡ʃ t	f ɛ t͡ʃ t	1	1	reg_t	reg_t	reg_t
model_decision	ʃ ɛ d	ʃ ɛ d ə d	ʃ ɛ d ə d	h ɛ d	h ɛ d ə d	h ɛ d ə d	ʃ ɛ d ə d	1	1	reg_əd	reg_əd	reg_əd
model_decision	t r æ p	t r æ p t	t r æ p t	t r ɪ p	t r ɪ p t	t r ɪ p t	t r æ p t	1	1	reg_t	reg_t	reg_t
model_decision	b ɪ h e ɪ v	b ɪ h e ɪ v d	b ɪ h e ɪ v d	l a ɪ v	l a ɪ v d	l a ɪ v d	b ɪ h e ɪ v d	1	1	reg_d	reg_d	reg_d
model_decision	d ɪ l iː t	d ɪ l iː t ə d	d ɪ l iː t ə d	d ɪ f iː t	d ɪ f iː t ə d	d ɪ f iː t ə d	d ɪ l iː t ə d	1	1	reg_əd	reg_əd	reg_əd
model_decision	p æ n	p æ n d	p æ n d	t æ n	t æ n d	t æ n d	p æ n d	1	1	reg_d	reg_d	reg_d
model_decision	s k æ l ə p	s k æ l ə p t	s k æ l ə p t	s t r a ɪ p	s t r a ɪ p t	s t r a ɪ p t	s k æ l ə p t	1	1	reg_t	reg_t	reg_t
model_decision	n o ʊ t	n o ʊ t ə d	n o ʊ t ə d	t o ʊ t	t o ʊ t ə d	t o ʊ t ə d	n o ʊ t ə d	1	1	reg_əd	reg_əd	reg_əd
model_decision	p ɑː k ə t	p ɑː k ə t ə d	p ɑː k ə t ə d	f ɛ r ə t	f ɛ r ə t ə d	f ɛ r ə t ə d	p ɑː k ə t ə d	1	1	reg_əd	reg_əd	reg_əd
model_decision	r ə f l ɛ k t	r ə f l ɛ k t ə d	r ə f l ɛ k t ə d	r ɪ s p ɛ k t	r ɪ s p ɛ k t ə d	r ɪ s p ɛ k t ə d	r ə f l ɛ k t ə d	1	1	reg_əd	reg_əd	reg_əd
model_decision	s t e ɪ t	s t e ɪ t ə d	s t e ɪ t ə d	s k e ɪ t	s k e ɪ t ə d	s k e ɪ t ə d	s t e ɪ t ə d	1	1	reg_əd	reg_əd	reg_əd
model_decision	p r a ɪ	p r a ɪ d	p r a ɪ d	f r a ɪ	f r a ɪ d	f r a ɪ d	p r a ɪ d	1	1	reg_d	reg_d	reg_d
model_decision	ʃ uː	ʃ uː d	ʃ ɑː d	d uː	d ɪ d	d ɪ d	ʃ ɪ d	0	0	reg_d	vowel_change_suffix	vowel_change_suffix
model_decision	k ɑː n s ə n t r e ɪ t	k ɑː n s ə n t r e ɪ t ə d	k ɑː r t r d	t r ɪ p	t r ɪ p t	t r ɪ p t	k ɑː n s ə n t r e ɪ t t	0	0	reg_əd	other	reg_t
model_decision	s ʌ f ɹ̩	s ʌ f ɹ̩ d	s ʌ f ɹ̩ d	m ɛ ʒ ɹ̩	m ɛ ʒ ɹ̩ d	m ɛ ʒ ɹ̩ d	s ʌ f ɹ̩ d	1	1	reg_d	reg_d	reg_d
model_decision	s ɪ z ə l	s ɪ z ə l d	s ɪ z ə l d	d æ z ə l	d æ z ə l d	d æ z ə l d	s ɪ z ə l d	1	1	reg_d	reg_d	reg_d
model_decision	p r ə p o ʊ z	p r ə p o ʊ z d	p r ə p o ʊ z d	p o ʊ z	p o ʊ z d	p o ʊ z d	p r ə p o ʊ z d	1	1	reg_d	reg_d	reg_d
model_decision	θ ɔ	θ ɔ d	θ ɔ d	n iː	n iː d	n iː d	θ ɔ d	1	1	reg_d	reg_d	reg_d
model_decision	r ɪ l e ɪ t	r ɪ l e ɪ t ə d	r ɪ l e ɪ t ə d	k r iː e ɪ t	k r iː e ɪ t ə d	k r iː e ɪ t ə d	r ɪ l e ɪ t ə d	1	1	reg_əd	reg_əd	reg_əd
model_decision	t ɪ k	t ɪ k t	t ɪ k t	p ɪ k	p ɪ k t	p ɪ k t	t ɪ k t	1	1	reg_t	reg_t	reg_t
model_decision	ɛ d͡ʒ	ɛ d͡ʒ d	ɛ d͡ʒ d	ɛ r	ɛ r d	ɛ r d	ɛ d͡ʒ d	1	1	reg_d	reg_d	reg_d
model_decision	ɪ ɡ z ɪ s t	ɪ ɡ z ɪ s t ə d	ɪ ɡ z ɪ s t ə d	ɪ n v a ɪ t	ɪ n v a ɪ t ə d	ɪ n v a ɪ t ə d	ɪ ɡ z ɪ s t ə d	1	1	reg_əd	reg_əd	reg_əd
model_decision	θ ɪ k ə n	θ ɪ k ə n d	θ ɪ k ə n d	t͡ʃ ɪ k ə n	t͡ʃ ɪ k ə n d	t͡ʃ ɪ k ə n d	θ ɪ k ə n d	1	1	reg_d	reg_d	reg_d
model_decision	r ɪ t ɹ̩ n	r ɪ t ɹ̩ n d	r ɪ t ɹ̩ n d	b ʌ t ə n	b ʌ t ə n d	b ʌ t ə n d	r ɪ t ɹ̩ n d	1	1	reg_d	reg_d	reg_d
model_decision	t͡ʃ ɑː r d͡ʒ	t͡ʃ ɑː r d͡ʒ d	t͡ʃ ɑː r d͡ʒ d	s m ʌ d͡ʒ	s m ʌ d͡ʒ d	s m ʌ d͡ʒ d	t͡ʃ ɑː r d͡ʒ d	1	1	reg_d	reg_d	reg_d
model_decision	s t o ʊ n	s t o ʊ n d	s t o ʊ n d	ɡ r o ʊ n	ɡ r o ʊ n d	ɡ r o ʊ n d	s t o ʊ n d	1	1	reg_d	reg_d	reg_d
model_decision	w ɛ l k ə m	w ɛ l k ə m d	w ɛ l k ə m d	m ʌ ʃ r uː m	m ʌ ʃ r uː m d	m ʌ ʃ r uː m d	w ɛ l k ə m d	1	1	reg_d	reg_d	reg_d
model_decision	d ɪ n a ɪ	d ɪ n a ɪ d	d ɪ n a ɪ d	ə n t a ɪ	ə n t a ɪ d	ə n t a ɪ d	d ɪ n a ɪ d	1	1	reg_d	reg_d	reg_d
model_decision	ɔ r ɡ ə n a ɪ z	ɔ r ɡ ə n a ɪ z d	ɔ ɡ r ɡ a ɪ z ɪ z	k l ɔ	k l ɔ d	k l ɔ d	ɔ r ɡ ə n a ɪ z d	0	1	reg_d	other	reg_d
model_decision	k ɑː r d	k ɑː r d ə d	k ɑː r d ə d	ɡ ɑː r d	ɡ ɑː r d ə d	ɡ ɑː r d ə d	k ɑː r d ə d	1	1	reg_əd	reg_əd	reg_əd
model_decision	b o ʊ l t	b o ʊ l t ə d	b o ʊ l t ə d	s n ɔ r t	s n ɔ r t ə d	s n ɔ r t ə d	b o ʊ l t ə d	1	1	reg_əd	reg_əd	reg_əd
model_decision	s ə p ɔ r t	s ə p ɔ r t ə d	s ə p ɔ r t ə d	s p r a ʊ t	s p r a ʊ t ə d	s p r a ʊ t ə d	s ə p ɔ r t ə d	1	1	reg_əd	reg_əd	reg_əd
model_decision	ɡ r a ʊ l	ɡ r a ʊ l d	ɡ r a ʊ l d	f j uː ə l	f j uː ə l d	f j uː ə l d	ɡ r a ʊ l d	1	1	reg_d	reg_d	reg_d
model_decision	d͡ʒ ɹ̩ k	d͡ʒ ɹ̩ k t	d͡ʒ ɹ̩ k t	w ɹ̩ k	w ɹ̩ k t	w ɹ̩ k t	d͡ʒ ɹ̩ k t	1	1	reg_t	reg_t	reg_t
model_decision	d ɪ s k ʌ v ɹ̩	d ɪ s k ʌ v ɹ̩ d	d ɪ s k ʌ v ɹ̩ d	k ə n s ɪ d ɹ̩	k ə n s ɪ d ɹ̩ d	k ə n s ɪ d ɹ̩ d	d ɪ s k ʌ v ɹ̩ d	1	1	reg_d	reg_d	reg_d
model_decision	l æ s t	l æ s t ə d	l æ s t	k æ s t	k æ s t	k æ s t	l æ s t	1	0	reg_əd	no_change	no_change
model_decision	s ɛ n t ə n s	s ɛ n t ə n s t	s ɛ n t ə n s t	k ə n v ɪ n s	k ə n v ɪ n s t	k ə n v ɪ n s t	s ɛ n t ə n s t	1	1	reg_t	reg_t	reg_t
model_decision	t æ t ə l	t æ t ə l d	t æ t ə l d	b æ t ə l	b æ t ə l d	b æ t ə l d	t æ t ə l d	1	1	reg_d	reg_d	reg_d
model_decision	ə r ɛ s t	ə r ɛ s t ə d	ə r ɛ s t ə d	ə f ɛ k t	ə f ɛ k t ə d	ə f ɛ k t ə d	ə r ɛ s t ə d	1	1	reg_əd	reg_əd	reg_əd
model_decision	ə n l o ʊ d	ə n l o ʊ d ə d	ə n l o ʊ d ə d	ɡ r a ʊ n d	ɡ r a ʊ n d ə d	ɡ r a ʊ n d ə d	ə n l o ʊ d ə d	1	1	reg_əd	reg_əd	reg_əd
model_decision	n a ɪ f	n a ɪ f t	n a ɪ f t	s t ʌ f	s t ʌ f t	s t ʌ f t	n a ɪ f t	1	1	reg_t	reg_t	reg_t
model_decision	ə p r iː ʃ iː e ɪ t	ə p r iː ʃ iː e ɪ t ə d	ə p r iː e ɪ t ə d	ʃ e ɪ p	ʃ e ɪ p t	ʃ e ɪ p t	ə p r iː ʃ iː e ɪ t t	0	0	reg_əd	other	reg_t
model_decision	r ʌ f	r ʌ f t	r ʌ f t	h ʌ f	h ʌ f t	h ʌ f t	r ʌ f t	1	1	reg_t	reg_t	reg_t
model_decision	l æ t͡ʃ	l æ t͡ʃ t	l æ t͡ʃ t	h æ t͡ʃ	h æ t͡ʃ t	h æ t͡ʃ t	l æ t͡ʃ t	1	1	reg_t	reg_t	reg_t
model_decision	ɪ m p r uː v	ɪ m p r uː v d	ɪ m p r uː v d	r iː t r iː v	r iː t r iː v d	r iː t r iː v d	ɪ m p r uː v d	1	1	reg_d	reg_d	reg_d
model_decision	r ɪ v ɹ̩ t	r ɪ v ɹ̩ t ə d	r ɪ v ɹ̩ t ə d	s k w ɹ̩ t	s k w ɹ̩ t ə d	s k w ɹ̩ t ə d	r ɪ v ɹ̩ t ə d	1	1	reg_əd	reg_əd	reg_əd
model_decision	d ɔ n	d ɔ n d	d ɔ n d	d ɑː n	d ɑː n d	d ɑː n d	d ɔ n d	1	1	reg_d	reg_d	reg_d
model_decision	d ʌ ŋ k	d ʌ ŋ k t	d ʌ ŋ k t	w ɪ ŋ k	w ɪ ŋ k t	w ɪ ŋ k t	d ʌ ŋ k t	1	1	reg_t	reg_t	reg_t
model_decision	m ə n uː v ɹ̩	m ə n uː v ɹ̩ d	m ə n v uː v d	v e ɪ k e ɪ ʃ ə n	v e ɪ k e ɪ ʃ ə n d	v e ɪ k e ɪ ʃ ə n d	m ə n uː v ɹ̩ d	0	1	reg_d	other	reg_d
model_decision	s w uː ʃ	s w uː ʃ t	s w uː ʃ t	f l ʌ ʃ	f l ʌ ʃ t	f l ʌ ʃ t	s w uː ʃ t	1	1	reg_t	reg_t	reg_t
model_decision	l uː p	l uː p t	l uː p t	w uː p	w uː p t	w uː p t	l uː p t	1	1	reg_t	reg_t	reg_t
model_decision	ə b a ɪ d	ə b a ɪ d ə d	ə b a ɪ d ə d	t r e ɪ d	t r e ɪ d ə d	t r e ɪ d ə d	ə b a ɪ d ə d	1	1	reg_əd	reg_əd	reg_əd
model_decision	k ə m p ɛ r	k ə m p ɛ r d	k ə m p ɛ r d	p r iː p ɛ r	p r iː p ɛ r d	p r iː p ɛ r d	k ə m p ɛ r d	1	1	reg_d	reg_d	reg_d
model_decision	t͡ʃ æ n ə l	t͡ʃ æ n ə l d	t͡ʃ æ n ə l d	n ʌ k ə l	n ʌ k ə l d	n ʌ k ə l d	t͡ʃ æ n ə l d	1	1	reg_d	reg_d	reg_d
model_decision	s t ɔ r	s t ɔ r d	s t ɔ r d	s t ɑː r	s t ɑː r d	s t ɑː r d	s t ɔ r d	1	1	reg_d	reg_d	reg_d
model_decision	r ɪ p ɛ r	r ɪ p ɛ r d	r ɪ p ɛ r d	s k w ɛ r	s k w ɛ r d	s k w ɛ r d	r ɪ p ɛ r d	1	1	reg_d	reg_d	reg_d
model_decision	d ɪ ʃ	d ɪ ʃ t	d ɪ ʃ t	f ɪ ʃ	f ɪ ʃ t	f ɪ ʃ t	d ɪ ʃ t	1	1	reg_t	reg_t	reg_t
model_decision	s p ɑː r k ə l	s p ɑː r k ə l d	s p ɑː r k ə l d	s t e ɪ p ə l	s t e ɪ p ə l d	s t e ɪ p ə l d	s p ɑː r k ə l d	1	1	reg_d	reg_d	reg_d
model_decision	k w a ɪ ə t	k w a ɪ ə t ə d	k w a ɪ ə t ə d	k r iː e ɪ t	k r iː e ɪ t ə d	k r iː e ɪ t ə d	k w a ɪ ə t ə d	1	1	reg_əd	reg_əd	reg_əd
model_decision	k ə n t ɪ n j uː	k ə n t ɪ n j uː d	k ə n t ɪ n t ɪ n j uː t ə d	s æ n d w ɪ t͡ʃ	s æ n d w ɪ t͡ʃ t	s æ n d w ɪ t͡ʃ t	k ə n t ɪ n j uː t	0	0	reg_d	other	reg_t
model_decision	p ɑː t	p ɑː t ə d	p ɑː t ə d	n ɑː t	n ɑː t ə d	n ɑː t ə d	p ɑː t ə d	1	1	reg_əd	reg_əd	reg_əd
model_decision	p r ɪ n t	p r ɪ n t ə d	p r ɪ n t ə d	ə d m ɪ t	ə d m ɪ t ə d	ə d m ɪ t ə d	p r ɪ n t ə d	1	1	reg_əd	reg_əd	reg_əd
model_decision	s p a ɪ s	s p a ɪ s t	s p a ɪ s t	s l a ɪ s	s l a ɪ s t	s l a ɪ s t	s p a ɪ s t	1	1	reg_t	reg_t	reg_t
model_decision	b ɑː d iː	b ɑː d iː d	b ɑː d iː d	m ʌ d iː	m ʌ d iː d	m ʌ d iː d	b ɑː d iː d	1	1	reg_d	reg_d	reg_d
model_decision	s t r o ʊ k	s t r o ʊ k t	s t r o ʊ k t	s t r a ɪ k	s t r a ɪ k t	s t r ʌ k	s t r o ʊ k t	1	1	reg_t	reg_t	reg_t
model_decision	ə n w a ɪ n d	ə n w a ʊ n d	ə n w a ɪ n d ə d	p ɹ̩ s w e ɪ d	p ɹ̩ s w e ɪ d ə d	p ɹ̩ s w e ɪ d ə d	ə n w a ɪ n d ə d	1	0	vowel_change	reg_əd	reg_əd
model_decision	s t r æ ŋ ɡ ə l	s t r æ ŋ ɡ ə l d	s t r æ ŋ ɡ ə l d	s k r æ m b ə l	s k r æ m b ə l d	s k r æ m b ə l d	s t r æ ŋ ɡ ə l d	1	1	reg_d	reg_d	reg_d
model_decision	p ɑː l ɪ ʃ	p ɑː l ɪ ʃ t	p ɑː l ɪ ʃ t	p ʌ n ɪ ʃ	p ʌ n ɪ ʃ t	p ʌ n ɪ ʃ t	p ɑː l ɪ ʃ t	1	1	reg_t	reg_t	reg_t
model_decision	p a ʊ n d	p a ʊ n d ə d	p a ʊ n d ə d	s a ʊ n d	s a ʊ n d ə d	s a ʊ n d ə d	p a ʊ n d ə d	1	1	reg_əd	reg_əd	reg_əd
model_decision	w ɪ s k	w ɪ s k t	w ɪ s k t	m æ s k	m æ s k t	m æ s k t	w ɪ s k t	1	1	reg_t	reg_t	reg_t
model_decision	ɡ l o ʊ	ɡ l o ʊ d	ɡ l uː	b l o ʊ	b l uː	b l uː	ɡ l uː	1	0	reg_d	vowel_change	vowel_change
model_decision	a ɪ s	a ɪ s t	a ɪ s t	m ɪ s	m ɪ s t	m ɪ s t	a ɪ s t	1	1	reg_t	reg_t	reg_t
model_decision	t iː z	t iː z d	t iː z d	k ɑː z	k ɑː z d	k ɑː z d	t iː z d	1	1	reg_d	reg_d	reg_d
model_decision	ɪ r ʌ p t	ɪ r ʌ p t ə d	ɪ r ʌ p t ə d	ɛ n æ k t	ɛ n æ k t ə d	ɛ n æ k t ə d	ɪ r ʌ p t ə d	1	1	reg_əd	reg_əd	reg_əd
model_decision	k ɑː n	k ɑː n d	k ɑː n d	d ɑː n	d ɑː n d	d ɑː n d	k ɑː n d	1	1	reg_d	reg_d	reg_d
model_decision	d ɪ z ɑː l v	d ɪ z ɑː l v d	d ɪ z ɑː l v d	ɪ n v ɑː l v	ɪ n v ɑː l v d	ɪ n v ɑː l v d	d ɪ z ɑː l v d	1	1	reg_d	reg_d	reg_d
model_decision	b l ɛ n d	b l ɛ n d ə d	b l ɛ n d ə d	s p ɛ n d	s p ɛ n d ə d	s p ɛ n t	b l ɛ n d ə d	1	1	reg_əd	reg_əd	reg_əd
model_decision	ə r e ɪ n d͡ʒ	ə r e ɪ n d͡ʒ d	ə r e ɪ n d͡ʒ d	ɛ n k ɹ̩ ɪ d͡ʒ	ɛ n k ɹ̩ ɪ d͡ʒ d	ɛ n k ɹ̩ ɪ d͡ʒ d	ə r e ɪ n d͡ʒ d	1	1	reg_d	reg_d	reg_d
model_decision	f r e ɪ m	f r e ɪ m d	f r e ɪ m d	b l e ɪ m	b l e ɪ m d	b l e ɪ m d	f r e ɪ m d	1	1	reg_d	reg_d	reg_d
model_decision	k ə m p iː t	k ə m p iː t ə d	k ə m p iː t ə d	k ʌ m f ɹ̩ t	k ʌ m f ɹ̩ t ə d	k ʌ m f ɹ̩ t ə d	k ə m p iː t ə d	1	1	reg_əd	reg_əd	reg_əd
model_decision	s p iː d	s p ɛ d	s p iː d ə d	l o ʊ d	l o ʊ d ə d	l o ʊ d ə d	s p iː d ə d	1	0	vowel_change	reg_əd	reg_əd
model_decision	h ɔ l	h ɔ l d	h ɔ l d	b ɔ l	b ɔ l d	b ɔ l d	h ɔ l d	1	1	reg_d	reg_d	reg_d
model_decision	s n æ ɡ	s n æ ɡ d	s n æ ɡ d	d r æ ɡ	d r æ ɡ d	d r æ ɡ d	s n æ ɡ d	1	1	reg_d	reg_d	reg_d
model_decision	ɪ n t r iː ɡ	ɪ n t r iː ɡ d	ɪ n t r iː ɡ d	ə n p l ʌ ɡ	ə n p l ʌ ɡ d	ə n p l ʌ ɡ d	ɪ n t r iː ɡ d	1	1	reg_d	reg_d	reg_d
model_decision	l ɔ n t͡ʃ	l ɔ n t͡ʃ t	l ɔ n t͡ʃ t	l ʌ n t͡ʃ	l ʌ n t͡ʃ t	l ʌ n t͡ʃ t	l ɔ n t͡ʃ t	1	1	reg_t	reg_t	reg_t
model_decision	s æ ɡ	s æ ɡ d	s æ ɡ d	w æ ɡ	w æ ɡ d	w æ ɡ d	s æ ɡ d	1	1	reg_d	reg_d	reg_d
model_decision	d ɪ v ɛ l ə p	d ɪ v ɛ l ə p t	d ɪ v ɛ l ə p t	o ʊ v ɹ̩ l æ p	o ʊ v ɹ̩ l æ p t	o ʊ v ɹ̩ l æ p t	d ɪ v ɛ l ə p t	1	1	reg_t	reg_t	reg_t
model_decision	s ɹ̩ v a ɪ v	s ɹ̩ v a ɪ v d	s ɹ̩ v a ɪ v d	r iː t r iː v	r iː t r iː v d	r iː t r iː v d	s ɹ̩ v a ɪ v d	1	1	reg_d	reg_d	reg_d
model_decision	r iː b ɪ l d	r iː b ɪ l t	r iː b ɪ l d ə d	ɡ r a ʊ n d	ɡ r a ʊ n d ə d	ɡ r a ʊ n d ə d	r iː b ɪ l d ə d	1	0	coda_change	reg_əd	reg_əd
model_decision	ɛ n t ɹ̩	ɛ n t ɹ̩ d	ɛ n t ɹ̩ d	b ɛ t ɹ̩	b ɛ t ɹ̩ d	b ɛ t ɹ̩ d	ɛ n t ɹ̩ d	1	1	reg_d	reg_d	reg_d
model_decision	w ɹ̩ l	w ɹ̩ l d	w ɹ̩ l d	k ɹ̩ l	k ɹ̩ l d	k ɹ̩ l d	w ɹ̩ l d	1	1	reg_d	reg_d	reg_d
model_decision	s p l æ t ɹ̩	s p l æ t ɹ̩ d	s p l æ t ɹ̩ d	p l æ s t ɹ̩	p l æ s t ɹ̩ d	p l æ s t ɹ̩ d	s p l æ t ɹ̩ d	1	1	reg_d	reg_d	reg_d
model_decision	w ɹ̩ ʃ ɪ p	w ɹ̩ ʃ ɪ p t	w ɹ̩ ʃ ɪ p t	s t ɑː m p	s t ɑː m p t	s t ɑː m p t	w ɹ̩ ʃ ɪ p t	1	1	reg_t	reg_t	reg_t
model_decision	n iː d ə l	n iː d ə l d	n iː d ə l d	k ʌ d ə l	k ʌ d ə l d	k ʌ d ə l d	n iː d ə l d	1	1	reg_d	reg_d	reg_d
model_decision	s p e ɪ s	s p e ɪ s t	s p e ɪ s t	s l a ɪ s	s l a ɪ s t	s l a ɪ s t	s p e ɪ s t	1	1	reg_t	reg_t	reg_t
model_decision	f l ɹ̩ t	f l ɹ̩ t ə d	f l ɹ̩ t ə d	s k ɹ̩ t	s k ɹ̩ t ə d	s k ɹ̩ t ə d	f l ɹ̩ t ə d	1	1	reg_əd	reg_əd	reg_əd
model_decision	p ɛ ɡ	p ɛ ɡ d	p ɛ ɡ d	d ɔ ɡ	d ɔ ɡ d	d ɔ ɡ d	p ɛ ɡ d	1	1	reg_d	reg_d	reg_d
model_decision	p a ʊ ɹ̩	p a ʊ ɹ̩ d	p a ʊ ɹ̩ d	t a ʊ ɹ̩	t a ʊ ɹ̩ d	t a ʊ ɹ̩ d	p a ʊ ɹ̩ d	1	1	reg_d	reg_d	reg_d
model_decision	d ɪ s ɡ ʌ s t	d ɪ s ɡ ʌ s t ə d	d ɪ s ɡ s t ə d	f ɹ̩ ɡ ɪ v	f ɹ̩ ɡ e ɪ v	f ɹ̩ ɡ e ɪ v	NA	0	0	reg_əd	other	vowel_change
model_decision	ɪ n k l uː d	ɪ n k l uː d ə d	ɪ n k l uː d ə d	d ɪ s a ɪ d	d ɪ s a ɪ d ə d	d ɪ s a ɪ d ə d	ɪ n k l uː d ə d	1	1	reg_əd	reg_əd	reg_əd
model_decision	h a ʊ l	h a ʊ l d	h a ʊ l d	p a ɪ l	p a ɪ l d	p a ɪ l d	h a ʊ l d	1	1	reg_d	reg_d	reg_d
model_decision	s ɪ m ɹ̩	s ɪ m ɹ̩ d	s æ m ɹ̩ d	s ɪ ŋ k	s æ ŋ k	s æ ŋ k	NA	0	0	reg_d	other	vowel_change
model_decision	k ə m p l iː t	k ə m p l iː t ə d	k ə m p l iː t ə d	p ɛ r ə ʃ uː t	p ɛ r ə ʃ uː t ə d	p ɛ r ə ʃ uː t ə d	k ə m p l iː t ə d	1	1	reg_əd	reg_əd	reg_əd
model_decision	l e ɪ ɹ̩	l e ɪ ɹ̩ d	l e ɪ ɹ̩ d	w a ɪ ɹ̩	w a ɪ ɹ̩ d	w a ɪ ɹ̩ d	l e ɪ ɹ̩ d	1	1	reg_d	reg_d	reg_d
model_decision	d ɑː k	d ɑː k t	d ɑː k t	l ɑː k	l ɑː k t	l ɑː k t	d ɑː k t	1	1	reg_t	reg_t	reg_t
model_decision	æ d m a ɪ ɹ̩	æ d m a ɪ ɹ̩ d	æ m a ɪ d ɹ̩ d	k r o ʊ	k r o ʊ d	k r o ʊ d	æ d m a ɪ ɹ̩ d	0	1	reg_d	other	reg_d
model_decision	d ɪ f ɛ n d	d ɪ f ɛ n d ə d	d ɪ f ɛ n d ə d	d ɪ p ɛ n d	d ɪ p ɛ n d ə d	d ɪ p ɛ n d ə d	d ɪ f ɛ n d ə d	1	1	reg_əd	reg_əd	reg_əd
model_decision	p r ɪ v ɛ n t	p r ɪ v ɛ n t ə d	p r ɪ v ɛ n t ə d	r ɪ s p ɛ k t	r ɪ s p ɛ k t ə d	r ɪ s p ɛ k t ə d	p r ɪ v ɛ n t ə d	1	1	reg_əd	reg_əd	reg_əd
model_decision	p ɔ z	p ɔ z d	p ɔ z d	k ɑː z	k ɑː z d	k ɑː z d	p ɔ z d	1	1	reg_d	reg_d	reg_d
model_decision	ə n ɔ ɪ	ə n ɔ ɪ d	ə n ɔ ɪ d	f l a ɪ	f l a ɪ d	f l uː	ə n ɔ ɪ d	1	1	reg_d	reg_d	reg_d
model_decision	k ɹ̩ o ʊ d	k ɹ̩ o ʊ d ə d	k ɹ̩ o ʊ d ə d	r a ʊ n d	r a ʊ n d ə d	r a ʊ n d ə d	k ɹ̩ o ʊ d ə d	1	1	reg_əd	reg_əd	reg_əd
model_decision	ɡ r ʌ n t	ɡ r ʌ n t ə d	ɡ r ʌ n t ə d	f r ʌ n t	f r ʌ n t ə d	f r ʌ n t ə d	ɡ r ʌ n t ə d	1	1	reg_əd	reg_əd	reg_əd
model_decision	t r ʌ m p ə t	t r ʌ m p ə t ə d	t r ʌ m p ə t ə d	b l æ ŋ k ə t	b l æ ŋ k ə t ə d	b l æ ŋ k ə t ə d	t r ʌ m p ə t ə d	1	1	reg_əd	reg_əd	reg_əd
model_decision	r ɪ ɡ r ɛ t	r ɪ ɡ r ɛ t ə d	r ɪ ɡ r ɛ t ə d	r ɪ d͡ʒ ɛ k t	r ɪ d͡ʒ ɛ k t ə d	r ɪ d͡ʒ ɛ k t ə d	r ɪ ɡ r ɛ t ə d	1	1	reg_əd	reg_əd	reg_əd
model_decision	b ɔ r	b ɔ r d	b ɔ r d	r ɔ r	r ɔ r d	r ɔ r d	b ɔ r d	1	1	reg_d	reg_d	reg_d
model_decision	k ə m p l e ɪ n	k ə m p l e ɪ n d	k ə m p l e ɪ n d	ɪ k s p l e ɪ n	ɪ k s p l e ɪ n d	ɪ k s p l e ɪ n d	k ə m p l e ɪ n d	1	1	reg_d	reg_d	reg_d
model_decision	s p ɔ r t	s p ɔ r t ə d	s p ɔ r t ə d	s n ɔ r t	s n ɔ r t ə d	s n ɔ r t ə d	s p ɔ r t ə d	1	1	reg_əd	reg_əd	reg_əd
model_decision	ɡ r æ s	ɡ r æ s t	ɡ r æ s t	b e ɪ s	b e ɪ s t	b e ɪ s t	ɡ r æ s t	1	1	reg_t	reg_t	reg_t
model_decision	θ ʌ m	θ ʌ m d	θ ʌ m d	ɡ ʌ m	ɡ ʌ m d	ɡ ʌ m d	θ ʌ m d	1	1	reg_d	reg_d	reg_d
model_decision	ɪ k s p o ʊ z	ɪ k s p o ʊ z d	ɪ k s p o ʊ z d	s ɹ̩ p r a ɪ z	s ɹ̩ p r a ɪ z d	s ɹ̩ p r a ɪ z d	ɪ k s p o ʊ z d	1	1	reg_d	reg_d	reg_d
model_decision	p l ʌ ŋ k	p l ʌ ŋ k t	p l ʌ ŋ k t	b l ɪ ŋ k	b l ɪ ŋ k	b l ɪ ŋ k t	p l ʌ ŋ k	0	0	reg_t	reg_t	no_change
model_decision	s p l ɪ t	s p l ɪ t	s p l ɪ t ə d	p l æ n t	p l æ n t ə d	p l æ n t ə d	s p l ɪ t ə d	1	0	no_change	reg_əd	reg_əd
model_decision	b æ n ɪ ʃ	b æ n ɪ ʃ t	b æ n ɪ ʃ t	v æ n ɪ ʃ	v æ n ɪ ʃ t	v æ n ɪ ʃ t	b æ n ɪ ʃ t	1	1	reg_t	reg_t	reg_t
model_decision	b ɛ l t͡ʃ	b ɛ l t͡ʃ t	b ɛ l t͡ʃ t	b ʌ n t͡ʃ	b ʌ n t͡ʃ t	b ʌ n t͡ʃ t	b ɛ l t͡ʃ t	1	1	reg_t	reg_t	reg_t
model_decision	s t ʌ b	s t ʌ b d	s t ʌ b d	s t æ b	s t æ b d	s t æ b d	s t ʌ b d	1	1	reg_d	reg_d	reg_d
model_decision	d ɪ p ɔ r t	d ɪ p ɔ r t ə d	d ɪ p ɔ r t ə d	r iː p ɔ r t	r iː p ɔ r t ə d	r iː p ɔ r t ə d	d ɪ p ɔ r t ə d	1	1	reg_əd	reg_əd	reg_əd
model_decision	m ɑː r k ə t	m ɑː r k ə t ə d	m ɑː r k ə t ə d	k ʌ m f ɹ̩ t	k ʌ m f ɹ̩ t ə d	k ʌ m f ɹ̩ t ə d	m ɑː r k ə t ə d	1	1	reg_əd	reg_əd	reg_əd
string	s iː	s ɔ	s iː d	s iː m	s iː m d	s iː m d	s iː d	1	0	vowel_change	reg_d	reg_d
string	ɡ ɛ t	ɡ ɑː t	ɡ ɛ t	l ɛ t	l ɛ t	l ɛ t	ɡ ɛ t	1	0	vowel_change	no_change	no_change
string	n ɑː k	n ɑː k t	n ɑː k t	r ɑː k	r ɑː k t	r ɑː k t	n ɑː k t	1	1	reg_t	reg_t	reg_t
string	θ ɪ ŋ k	θ ɔ t	θ ɪ ŋ k t	w ɪ ŋ k	w ɪ ŋ k t	w ɪ ŋ k t	θ ɪ ŋ k t	1	0	rhyme_replaced	reg_t	reg_t
string	k l iː n	k l iː n d	k l iː n d	l iː n	l iː n d	l iː n d	k l iː n d	1	1	reg_d	reg_d	reg_d
string	b ɪ l iː v	b ɪ l iː v d	b ɪ l iː v d	r ɪ l iː v	r ɪ l iː v d	r ɪ l iː v d	b ɪ l iː v d	1	1	reg_d	reg_d	reg_d
string	ɡ ɪ v	ɡ e ɪ v	ɡ ɪ v d	ɡ ɛ s	ɡ ɛ s t	ɡ ɛ s t	ɡ ɪ v t	0	0	vowel_change	reg_d	reg_t
string	t e ɪ k	t ʊ k	t e ɪ k t	ʃ e ɪ k	ʃ e ɪ k t	ʃ ʊ k	t e ɪ k t	1	0	vowel_change	reg_t	reg_t
string	s t æ n d	s t ʊ d	s t æ n d ə d	t æ n	t æ n d	t æ n d	s t æ n d d	0	0	rhyme_replaced	reg_əd	reg_d
string	j ɛ l	j ɛ l d	j ɛ l d	ʃ ɛ l	ʃ ɛ l d	ʃ ɛ l d	j ɛ l d	1	1	reg_d	reg_d	reg_d
string	f ɪ k s	f ɪ k s t	f ɪ k s t	m ɪ k s	m ɪ k s t	m ɪ k s t	f ɪ k s t	1	1	reg_t	reg_t	reg_t
string	k l æ p	k l æ p t	k l æ p t	s l æ p	s l æ p t	s l æ p t	k l æ p t	1	1	reg_t	reg_t	reg_t
string	r a ɪ m	r a ɪ m d	r o ʊ m d	t͡ʃ a ɪ m	t͡ʃ a ɪ m d	t͡ʃ a ɪ m d	r a ɪ m d	0	1	reg_d	vowel_change_suffix	reg_d
string	t ɛ l	t o ʊ l d	t ɛ l d	s ɛ l	s ɛ l d	s o ʊ l d	t ɛ l d	1	0	vowel_change_suffix	reg_d	reg_d
string	f ɔ l	f ɛ l	f ɔ l d	f uː l	f uː l d	f uː l d	f ɔ l d	1	0	vowel_change	reg_d	reg_d
string	r o ʊ l	r o ʊ l d	r o ʊ l d	r o ʊ	r o ʊ d	r o ʊ d	r o ʊ l d	1	1	reg_d	reg_d	reg_d
string	k uː l	k uː l d	k uː l d	f uː l	f uː l d	f uː l d	k uː l d	1	1	reg_d	reg_d	reg_d
string	s ɪ ŋ	s æ ŋ	s æ ŋ d	s ɪ p	s ɪ p t	s ɪ p t	s ɪ ŋ t	0	0	vowel_change	vowel_change_suffix	reg_t
string	h o ʊ l d	h ɛ l d	h o ʊ l d ə d	h o ʊ l	h o ʊ l d	h o ʊ l d	h o ʊ l d d	0	0	vowel_change	reg_əd	reg_d
string	d r ɛ s	d r ɛ s t	d r ɛ s t	ə d r ɛ s	ə d r ɛ s t	ə d r ɛ s t	d r ɛ s t	1	1	reg_t	reg_t	reg_t
string	w e ɪ k	w o ʊ k	w e ɪ k t	w e ɪ v	w e ɪ v d	w e ɪ v d	w e ɪ k d	0	0	vowel_change	reg_t	reg_d
string	m uː v	m uː v d	m uː v d	ɡ uː f	ɡ uː f t	ɡ uː f t	m uː v t	0	0	reg_d	reg_d	reg_t
string	b ɪ l d	b ɪ l t	b ɪ l d ə d	b l ʌ d	b l ʌ d ə d	b l ʌ d ə d	b ɪ l d ə d	1	0	coda_change	reg_əd	reg_əd
string	p uː p	p uː p t	p uː p t	k uː p	k uː p t	k uː p t	p uː p t	1	1	reg_t	reg_t	reg_t
string	k ɛ r	k ɛ r d	k ɛ r d	d ɛ r	d ɛ r d	d ɛ r d	k ɛ r d	1	1	reg_d	reg_d	reg_d
string	b ɛ r iː	b ɛ r iː d	b ɛ r iː d	m ɛ r iː	m ɛ r iː d	m ɛ r iː d	b ɛ r iː d	1	1	reg_d	reg_d	reg_d
string	p æ n t	p æ n t ə d	p æ n t ə d	p æ t	p æ t ə d	p æ t ə d	p æ n t ə d	1	1	reg_əd	reg_əd	reg_əd
string	t ʌ k	t ʌ k t	t ʌ k t	t r ʌ k	t r ʌ k t	t r ʌ k t	t ʌ k t	1	1	reg_t	reg_t	reg_t
string	b ɑː ð ɹ̩	b ɑː ð ɹ̩ d	b ɑː ð ɹ̩ d	b ɑː r	b ɑː r d	b ɑː r d	b ɑː ð ɹ̩ d	1	1	reg_d	reg_d	reg_d
string	ɛ ɡ z ɪ t	ɛ ɡ z ɪ t ə d	ɛ ɡ z ɪ t ə d	v ɪ z ɪ t	v ɪ z ɪ t ə d	v ɪ z ɪ t ə d	ɛ ɡ z ɪ t ə d	1	1	reg_əd	reg_əd	reg_əd
string	s t e ɪ	s t e ɪ d	s t e ɪ d	s e ɪ	s e ɪ d	s ɛ d	s t e ɪ d	1	1	reg_d	reg_d	reg_d
string	w ʌ n d ɹ̩	w ʌ n d ɹ̩ d	w ʌ n d ɹ̩ d	θ ʌ n d ɹ̩	θ ʌ n d ɹ̩ d	θ ʌ n d ɹ̩ d	w ʌ n d ɹ̩ d	1	1	reg_d	reg_d	reg_d
string	d ɪ p	d ɪ p t	d ɪ p t	w ɪ p	w ɪ p t	w ɪ p t	d ɪ p t	1	1	reg_t	reg_t	reg_t
string	h ʌ ɡ	h ʌ ɡ d	h ʌ ɡ d	t ʌ ɡ	t ʌ ɡ d	t ʌ ɡ d	h ʌ ɡ d	1	1	reg_d	reg_d	reg_d
string	v ɔ ɪ s	v ɔ ɪ s t	v ɔ ɪ s t	l e ɪ s	l e ɪ s t	l e ɪ s t	v ɔ ɪ s t	1	1	reg_t	reg_t	reg_t
string	ə t æ t͡ʃ	ə t æ t͡ʃ t	ə t æ t͡ʃ t	ə t æ k	ə t æ k t	ə t æ k t	ə t æ t͡ʃ t	1	1	reg_t	reg_t	reg_t
string	s m ɛ l	s m ɛ l d	s m ɛ l d	s p ɛ l	s p ɛ l d	s p ɛ l d	s m ɛ l d	1	1	reg_d	reg_d	reg_d
string	f ɪ n ɪ ʃ	f ɪ n ɪ ʃ t	f ɪ n ɪ ʃ t	p ʌ n ɪ ʃ	p ʌ n ɪ ʃ t	p ʌ n ɪ ʃ t	f ɪ n ɪ ʃ t	1	1	reg_t	reg_t	reg_t
string	t r ɑː t	t r ɑː t ə d	t r ɑː t ə d	t r iː t	t r iː t ə d	t r iː t ə d	t r ɑː t ə d	1	1	reg_əd	reg_əd	reg_əd
string	b l ɛ s	b l ɛ s t	b l ɛ s t	ə b s ɛ s	ə b s ɛ s t	ə b s ɛ s t	b l ɛ s t	1	1	reg_t	reg_t	reg_t
string	l ɛ d	l ɛ d ə d	l ɛ d	w ɛ d	w ɛ d ə d	w ɛ d	l ɛ d ə d	0	1	reg_əd	no_change	reg_əd
string	p r ɛ s	p r ɛ s t	p r ɛ s t	p r ɪ k	p r ɪ k t	p r ɪ k t	p r ɛ s t	1	1	reg_t	reg_t	reg_t
string	ə n z ɪ p	ə n z ɪ p t	ə n z ɪ p t	ə n r æ p	ə n r æ p t	ə n r æ p t	ə n z ɪ p t	1	1	reg_t	reg_t	reg_t
string	f ɪ l t ɹ̩	f ɪ l t ɹ̩ d	f ɪ l t ɹ̩ d	f ɪ l m	f ɪ l m d	f ɪ l m d	f ɪ l t ɹ̩ d	1	1	reg_d	reg_d	reg_d
string	ʃ e ɪ v	ʃ e ɪ v d	ʃ e ɪ v d	s e ɪ v	s e ɪ v d	s e ɪ v d	ʃ e ɪ v d	1	1	reg_d	reg_d	reg_d
string	k ɑː s t	k ɑː s t	k ɑː s t ə d	k æ s t	k æ s t	k æ s t	k ɑː s t	0	1	no_change	reg_əd	no_change
string	b r ʌ ʃ	b r ʌ ʃ t	b r ʌ ʃ t	k r ʌ ʃ	k r ʌ ʃ t	k r ʌ ʃ t	b r ʌ ʃ t	1	1	reg_t	reg_t	reg_t
string	l æ n d	l æ n d ə d	l æ n d ə d	l ɛ n d	l ɛ n t	l ɛ n t	l æ n t	0	0	reg_əd	reg_əd	coda_change
string	s t ɛ p	s t ɛ p t	s t ɛ p t	s t ɑː p	s t ɑː p t	s t ɑː p t	s t ɛ p t	1	1	reg_t	reg_t	reg_t
string	m ɪ l k	m ɪ l k t	m ɪ l k t	m æ s k	m æ s k t	m æ s k t	m ɪ l k t	1	1	reg_t	reg_t	reg_t
string	b ɛ s t	b ɛ s t ə d	b ɛ s t ə d	n ɛ s t	n ɛ s t ə d	n ɛ s t ə d	b ɛ s t ə d	1	1	reg_əd	reg_əd	reg_əd
string	m a ɪ n d	m a ɪ n d ə d	m a ɪ n d	m a ɪ n	m a ɪ n d	m a ɪ n d	m a ɪ n d d	0	0	reg_əd	no_change	reg_d
string	w a ɪ t	w a ɪ t ə d	w a ɪ t	f a ɪ t	f a ɪ t	f ɔ t	w a ɪ t	1	0	reg_əd	no_change	no_change
string	m æ k s	m æ k s t	m æ k s t	w æ k s	w æ k s t	w æ k s t	m æ k s t	1	1	reg_t	reg_t	reg_t
string	r iː t͡ʃ	r iː t͡ʃ t	r iː t͡ʃ t	r iː l	r iː l d	r iː l d	r iː t͡ʃ d	0	0	reg_t	reg_t	reg_d
string	h o ʊ p	h o ʊ p t	h o ʊ p t	h o ʊ n	h o ʊ n d	h o ʊ n d	h o ʊ p d	0	0	reg_t	reg_t	reg_d
string	f o ʊ l d	f o ʊ l d ə d	f o ʊ l d ə d	h o ʊ l	h o ʊ l d	h o ʊ l d	f o ʊ l d d	0	0	reg_əd	reg_əd	reg_d
string	k l ɪ n t͡ʃ	k l ɪ n t͡ʃ t	k l ɪ n t͡ʃ t	k r ʌ n t͡ʃ	k r ʌ n t͡ʃ t	k r ʌ n t͡ʃ t	k l ɪ n t͡ʃ t	1	1	reg_t	reg_t	reg_t
string	t r ɪ k	t r ɪ k t	t r ɪ k t	t r ɪ m	t r ɪ m d	t r ɪ m d	t r ɪ k d	0	0	reg_t	reg_t	reg_d
string	b ɛ n d	b ɛ n d ə d	b ɛ n d ə d	b ɛ d	b ɛ d ə d	b ɛ d ə d	b ɛ n d ə d	1	1	reg_əd	reg_əd	reg_əd
string	a ɪ d ɛ n t ə f a ɪ	a ɪ d ɛ n t ə f a ɪ d	a ʊ n t ə d	ə n t a ɪ	ə n t a ɪ d	ə n t a ɪ d	a ɪ d ɛ n t ə f a ɪ d	0	1	reg_d	other	reg_d
string	d͡ʒ ɔ ɪ n	d͡ʒ ɔ ɪ n d	d͡ʒ ɔ ɪ n d	f a ɪ n	f a ɪ n d	f a ɪ n d	d͡ʒ ɔ ɪ n d	1	1	reg_d	reg_d	reg_d
string	k ə n f j uː z	k ə n f j uː z d	k ə n f j uː z d	k ə n uː	k ə n uː d	k ə n uː d	k ə n f j uː z d	1	1	reg_d	reg_d	reg_d
string	b ɛ r	b o ʊ r	b ɛ r d	b ɑː r	b ɑː r d	b ɑː r d	b ɛ r d	1	0	vowel_change	reg_d	reg_d
string	r ɛ s t	r ɛ s t ə d	r ɛ s t	n ɛ s t	n ɛ s t ə d	n ɛ s t ə d	r ɛ s t ə d	0	1	reg_əd	no_change	reg_əd
string	p iː	p iː d	p iː d	p iː s	p iː s t	p iː s t	p iː t	0	0	reg_d	reg_d	reg_t
string	ɡ r æ b	ɡ r æ b d	ɡ r æ b d	t r æ k	t r æ k t	t r æ k t	ɡ r æ b t	0	0	reg_d	reg_d	reg_t
string	ə p r o ʊ t͡ʃ	ə p r o ʊ t͡ʃ t	ə p r o ʊ t͡ʃ t	p r o ʊ b	p r o ʊ b d	p r o ʊ b d	ə p r o ʊ t͡ʃ d	0	0	reg_t	reg_t	reg_d
string	p iː l	p iː l d	p iː l d	p iː s	p iː s t	p iː s t	p iː l t	0	0	reg_d	reg_d	reg_t
string	m ɑː r t͡ʃ	m ɑː r t͡ʃ t	m ɑː r t͡ʃ t	m ɑː r	m ɑː r d	m ɑː r d	m ɑː r t͡ʃ d	0	0	reg_t	reg_t	reg_d
string	t æ k ə l	t æ k ə l d	t æ k ə l d	t ɪ k ə l	t ɪ k ə l d	t ɪ k ə l d	t æ k ə l d	1	1	reg_d	reg_d	reg_d
string	d ɪ ɡ	d ʌ ɡ	d ɪ ɡ d	d ɪ ŋ	d ɪ ŋ d	d ɪ ŋ d	d ɪ ɡ d	1	0	vowel_change	reg_d	reg_d
string	s ɛ t ə l	s ɛ t ə l d	s ɛ t ə l d	p ɛ d ə l	p ɛ d ə l d	p ɛ d ə l d	s ɛ t ə l d	1	1	reg_d	reg_d	reg_d
string	ɪ ɡ n ɔ r	ɪ ɡ n ɔ r d	ɪ ɡ ɔ r n d	r ɔ r	r ɔ r d	r ɔ r d	ɪ ɡ n ɔ r d	0	1	reg_d	other	reg_d
string	k ʌ v ɹ̩	k ʌ v ɹ̩ d	k ʌ v ɹ̩ d	k ʌ l ɹ̩	k ʌ l ɹ̩ d	k ʌ l ɹ̩ d	k ʌ v ɹ̩ d	1	1	reg_d	reg_d	reg_d
string	r ɑː t	r ɑː t ə d	r ɑː t	n ɑː t	n ɑː t ə d	n ɑː t ə d	r ɑː t ə d	0	1	reg_əd	no_change	reg_əd
string	f l æ t ɹ̩	f l æ t ɹ̩ d	f l æ t ɹ̩ d	k l ʌ t ɹ̩	k l ʌ t ɹ̩ d	k l ʌ t ɹ̩ d	f l æ t ɹ̩ d	1	1	reg_d	reg_d	reg_d
string	b ʌ b ə l	b ʌ b ə l d	b ʌ b ə l d	b ʌ k ə l	b ʌ k ə l d	b ʌ k ə l d	b ʌ b ə l d	1	1	reg_d	reg_d	reg_d
string	k o ʊ ɑː p ɹ̩ e ɪ t	k o ʊ ɑː p ɹ̩ e ɪ t ə d	k o ʊ p ɹ̩ p ɹ̩ d	ɑː p ɹ̩ e ɪ t	ɑː p ɹ̩ e ɪ t ə d	ɑː p ɹ̩ e ɪ t ə d	k o ʊ ɑː p ɹ̩ e ɪ t ə d	0	1	reg_əd	other	reg_əd
string	ɡ r iː n	ɡ r iː n d	ɡ r iː n d	ɡ r ɪ n	ɡ r ɪ n d	ɡ r ɪ n d	ɡ r iː n d	1	1	reg_d	reg_d	reg_d
string	r e ɪ s	r e ɪ s t	r e ɪ s t	t r e ɪ s	t r e ɪ s t	t r e ɪ s t	r e ɪ s t	1	1	reg_t	reg_t	reg_t
string	d æ n s	d æ n s t	d æ n s t	d a ɪ s	d a ɪ s t	d a ɪ s t	d æ n s t	1	1	reg_t	reg_t	reg_t
string	p r ɑː d͡ʒ ɛ k t	p r ɑː d͡ʒ ɛ k t ə d	p r ɑː d͡ʒ ɛ k t ə d	p r ə t ɛ k t	p r ə t ɛ k t ə d	p r ə t ɛ k t ə d	p r ɑː d͡ʒ ɛ k t ə d	1	1	reg_əd	reg_əd	reg_əd
string	b ɛ ɡ	b ɛ ɡ d	b ɛ ɡ d	b ʌ ɡ	b ʌ ɡ d	b ʌ ɡ d	b ɛ ɡ d	1	1	reg_d	reg_d	reg_d
string	s ɹ̩ v ɪ s	s ɹ̩ v ɪ s t	s ɹ̩ v ɪ s t	s l a ɪ s	s l a ɪ s t	s l a ɪ s t	s ɹ̩ v ɪ s t	1	1	reg_t	reg_t	reg_t
string	r ɛ p r ə z ɛ n t	r ɛ p r ə z ɛ n t ə d	r ɛ p r ə z ɛ n t ə d	p r iː z ɛ n t	p r iː z ɛ n t ə d	p r iː z ɛ n t ə d	r ɛ p r ə z ɛ n t ə d	1	1	reg_əd	reg_əd	reg_əd
string	ɪ m ɹ̩ d͡ʒ	ɪ m ɹ̩ d͡ʒ d	ɪ m ɹ̩ d͡ʒ d	s m ʌ d͡ʒ	s m ʌ d͡ʒ d	s m ʌ d͡ʒ d	ɪ m ɹ̩ d͡ʒ d	1	1	reg_d	reg_d	reg_d
string	b ɔ ɪ l	b ɔ ɪ l d	b ɔ ɪ l d	b ɔ l	b ɔ l d	b ɔ l d	b ɔ ɪ l d	1	1	reg_d	reg_d	reg_d
string	p ɹ̩ f ɛ k t	p ɹ̩ f ɛ k t ə d	p ɹ̩ f ɛ k t ə d	k ɹ̩ ɛ k t	k ɹ̩ ɛ k t ə d	k ɹ̩ ɛ k t ə d	p ɹ̩ f ɛ k t ə d	1	1	reg_əd	reg_əd	reg_əd
string	r a ɪ z	r o ʊ z	r o ʊ z d	s a ɪ z	s a ɪ z d	s a ɪ z d	r a ɪ z d	0	0	vowel_change	vowel_change_suffix	reg_d
string	s k r iː n	s k r iː n d	s k r iː n d	s k r iː m	s k r iː m d	s k r iː m d	s k r iː n d	1	1	reg_d	reg_d	reg_d
string	t r e ɪ n	t r e ɪ n d	t r e ɪ n d	t r e ɪ s	t r e ɪ s t	t r e ɪ s t	t r e ɪ n t	0	0	reg_d	reg_d	reg_t
string	s o ʊ	s o ʊ d	s o ʊ d	ɡ o ʊ	ɡ o ʊ d	w ɛ n t	s o ʊ d	1	1	reg_d	reg_d	reg_d
string	f e ɪ s	f e ɪ s t	f e ɪ s t	l e ɪ s	l e ɪ s t	l e ɪ s t	f e ɪ s t	1	1	reg_t	reg_t	reg_t
string	s t ʌ d iː	s t ʌ d iː d	s t ʌ d iː d	m ʌ d iː	m ʌ d iː d	m ʌ d iː d	s t ʌ d iː d	1	1	reg_d	reg_d	reg_d
string	b l ɑː t	b l ɑː t ə d	b l ɑː t ə d	b l ɑː k	b l ɑː k t	b l ɑː k t	b l ɑː t t	0	0	reg_əd	reg_əd	reg_t
string	m e ɪ l	m e ɪ l d	m e ɪ l d	m e ɪ k	m e ɪ k t	m e ɪ d	m e ɪ l t	0	0	reg_d	reg_d	reg_t
string	k l ɪ ŋ	k l ʌ ŋ	k l ʌ ŋ	k l ɪ k	k l ɪ k t	k l ɪ k t	k l ɪ ŋ t	0	0	vowel_change	vowel_change	reg_t
string	p l ʌ ɡ	p l ʌ ɡ d	p l ʌ ɡ d	t͡ʃ ʌ ɡ	t͡ʃ ʌ ɡ d	t͡ʃ ʌ ɡ d	p l ʌ ɡ d	1	1	reg_d	reg_d	reg_d
string	p r e ɪ	p r e ɪ d	p r e ɪ d	s p r e ɪ	s p r e ɪ d	s p r e ɪ d	p r e ɪ d	1	1	reg_d	reg_d	reg_d
string	f l o ʊ	f l o ʊ d	f l uː	f ɑː l o ʊ	f ɑː l o ʊ d	f ɑː l o ʊ d	f l o ʊ d	0	1	reg_d	vowel_change	reg_d
string	r iː m a ɪ n d	r iː m a ɪ n d ə d	r iː m a ɪ n d ə d	f a ɪ n d	f a ʊ n d	f a ʊ n d	r iː m a ʊ n d	0	0	reg_əd	reg_əd	vowel_change
string	ɛ l b o ʊ	ɛ l b o ʊ d	ɛ l b o ʊ d	b l o ʊ	b l uː	b l uː	ɛ l b uː	0	0	reg_d	reg_d	vowel_change
string	f r iː z	f r o ʊ z	f r iː z d	f r iː k	f r iː k t	f r iː k t	f r iː z t	0	0	vowel_change	reg_d	reg_t
string	m ɪ m ɪ k	m ɪ m ɪ k t	m ɪ m ɪ k t	m e ɪ k	m e ɪ k t	m e ɪ d	m ɪ m ɪ k t	1	1	reg_t	reg_t	reg_t
string	w iː l	w iː l d	w iː l d	w ɪ l	w ɪ l d	w ɪ l d	w iː l d	1	1	reg_d	reg_d	reg_d
string	p ʌ m p	p ʌ m p t	p ʌ m p t	d͡ʒ ʌ m p	d͡ʒ ʌ m p t	d͡ʒ ʌ m p t	p ʌ m p t	1	1	reg_t	reg_t	reg_t
string	ɪ k s p ɛ k t	ɪ k s p ɛ k t ə d	ɪ k s p ɛ k t ə d	ɪ k s ɛ p t	ɪ k s ɛ p t ə d	ɪ k s ɛ p t ə d	ɪ k s p ɛ k t ə d	1	1	reg_əd	reg_əd	reg_əd
string	w a ɪ n d	w a ɪ n d ə d	w a ɪ n d	f a ɪ n d	f a ʊ n d	f a ʊ n d	w a ʊ n d	0	0	reg_əd	no_change	vowel_change
string	s k r ɪ b ə l	s k r ɪ b ə l d	s k r ɪ b ə l d	s k r æ m b ə l	s k r æ m b ə l d	s k r æ m b ə l d	s k r ɪ b ə l d	1	1	reg_d	reg_d	reg_d
string	r ɪ s p ɑː n d	r ɪ s p ɑː n d ə d	r ɪ s p ɑː n d ə d	d ɪ p ɛ n d	d ɪ p ɛ n d ə d	d ɪ p ɛ n d ə d	r ɪ s p ɑː n d ə d	1	1	reg_əd	reg_əd	reg_əd
string	r e ɪ z	r e ɪ z d	r e ɪ z d	ɡ r e ɪ z	ɡ r e ɪ z d	ɡ r e ɪ z d	r e ɪ z d	1	1	reg_d	reg_d	reg_d
string	ɡ ɪ ɡ ə l	ɡ ɪ ɡ ə l d	ɡ ɪ ɡ ə l d	d͡ʒ ʌ ɡ ə l	d͡ʒ ʌ ɡ ə l d	d͡ʒ ʌ ɡ ə l d	ɡ ɪ ɡ ə l d	1	1	reg_d	reg_d	reg_d
string	b ɑː r o ʊ	b ɑː r o ʊ d	b ɑː r o ʊ d	ɡ r o ʊ	ɡ r uː	ɡ r uː	b ɑː r uː	0	0	reg_d	reg_d	vowel_change
string	s w ɑː l o ʊ	s w ɑː l o ʊ d	s w ɑː l o ʊ d	f ɑː l o ʊ	f ɑː l o ʊ d	f ɑː l o ʊ d	s w ɑː l o ʊ d	1	1	reg_d	reg_d	reg_d
string	d ɑː r n	d ɑː r n d	d ɑː r n d	d ɑː n	d ɑː n d	d ɑː n d	d ɑː r n d	1	1	reg_d	reg_d	reg_d
string	k ɑː p iː	k ɑː p iː d	k ɑː p iː d	k ɑː r v	k ɑː r v d	k ɑː r v d	k ɑː p iː d	1	1	reg_d	reg_d	reg_d
string	s k r e ɪ p	s k r e ɪ p t	s k r e ɪ p t	s p r e ɪ	s p r e ɪ d	s p r e ɪ d	s k r e ɪ p d	0	0	reg_t	reg_t	reg_d
string	h o ʊ m	h o ʊ m d	h o ʊ m d	h o ʊ l	h o ʊ l d	h o ʊ l d	h o ʊ m d	1	1	reg_d	reg_d	reg_d
string	f r iː	f r iː d	f r iː d	f r iː k	f r iː k t	f r iː k t	f r iː t	0	0	reg_d	reg_d	reg_t
string	b r a ɪ t ə n	b r a ɪ t ə n d	b r a ɪ t ə n d	f r a ɪ t ə n	f r a ɪ t ə n d	f r a ɪ t ə n d	b r a ɪ t ə n d	1	1	reg_d	reg_d	reg_d
string	ə r a ɪ v	ə r a ɪ v d	ə r a ɪ v d	ə r a ɪ z	ə r a ɪ z d	ə r o ʊ z	ə r a ɪ v d	1	1	reg_d	reg_d	reg_d
string	ɪ k s p l ɔ r	ɪ k s p l ɔ r d	ɪ k s p l ɔ r d	ɪ k s p r ɛ s	ɪ k s p r ɛ s t	ɪ k s p r ɛ s t	ɪ k s p l ɔ r t	0	0	reg_d	reg_d	reg_t
string	p ɹ̩ s	p ɹ̩ s t	p ɹ̩ s t	p æ s	p æ s t	p æ s t	p ɹ̩ s t	1	1	reg_t	reg_t	reg_t
string	t͡ʃ ɪ p	t͡ʃ ɪ p t	t͡ʃ ɪ p t	s ɪ p	s ɪ p t	s ɪ p t	t͡ʃ ɪ p t	1	1	reg_t	reg_t	reg_t
string	b ɑː t ə l	b ɑː t ə l d	b ɑː t ə l d	b æ t ə l	b æ t ə l d	b æ t ə l d	b ɑː t ə l d	1	1	reg_d	reg_d	reg_d
string	ə s o ʊ s iː e ɪ t	ə s o ʊ s iː e ɪ t ə d	ə s o ʊ e ɪ t ə d	ɪ n ɪ ʃ iː e ɪ t	ɪ n ɪ ʃ iː e ɪ t ə d	ɪ n ɪ ʃ iː e ɪ t ə d	ə s o ʊ s iː e ɪ t ə d	0	1	reg_əd	other	reg_əd
string	ɪ n s ɪ s t	ɪ n s ɪ s t ə d	ɪ n s ɪ s t ə d	ɪ n s ɹ̩ t	ɪ n s ɹ̩ t ə d	ɪ n s ɹ̩ t ə d	ɪ n s ɪ s t ə d	1	1	reg_əd	reg_əd	reg_əd
string	w iː	w iː d	w iː d	w uː	w uː d	w uː d	w iː d	1	1	reg_d	reg_d	reg_d
string	ʃ ɔ r t ə n	ʃ ɔ r t ə n d	ʃ ɔ r t ə n d	ʃ ɑː r p ə n	ʃ ɑː r p ə n d	ʃ ɑː r p ə n d	ʃ ɔ r t ə n d	1	1	reg_d	reg_d	reg_d
string	ə n l ɑː k	ə n l ɑː k t	ə n l ɑː k t	b l ɑː k	b l ɑː k t	b l ɑː k t	ə n l ɑː k t	1	1	reg_t	reg_t	reg_t
string	d ʌ b ə l	d ʌ b ə l d	d ʌ b ə l d	ɡ ɑː b ə l	ɡ ɑː b ə l d	ɡ ɑː b ə l d	d ʌ b ə l d	1	1	reg_d	reg_d	reg_d
string	m ɑː p	m ɑː p t	m ɑː p t	t͡ʃ ɑː p	t͡ʃ ɑː p t	t͡ʃ ɑː p t	m ɑː p t	1	1	reg_t	reg_t	reg_t
string	f ɛ t͡ʃ	f ɛ t͡ʃ t	f ɛ t͡ʃ t	p ɪ t͡ʃ	p ɪ t͡ʃ t	p ɪ t͡ʃ t	f ɛ t͡ʃ t	1	1	reg_t	reg_t	reg_t
string	ʃ ɛ d	ʃ ɛ d ə d	ʃ ɛ d ə d	h ɛ d	h ɛ d ə d	h ɛ d ə d	ʃ ɛ d ə d	1	1	reg_əd	reg_əd	reg_əd
string	t r æ p	t r æ p t	t r æ p t	t r ɪ p	t r ɪ p t	t r ɪ p t	t r æ p t	1	1	reg_t	reg_t	reg_t
string	b ɪ h e ɪ v	b ɪ h e ɪ v d	b ɪ h e ɪ v d	h e ɪ t	h e ɪ t ə d	h e ɪ t ə d	b ɪ h e ɪ v ə d	0	0	reg_d	reg_d	reg_əd
string	d ɪ l iː t	d ɪ l iː t ə d	d ɪ l iː t ə d	d ɪ f iː t	d ɪ f iː t ə d	d ɪ f iː t ə d	d ɪ l iː t ə d	1	1	reg_əd	reg_əd	reg_əd
string	p æ n	p æ n d	p æ n d	p l æ n	p l æ n d	p l æ n d	p æ n d	1	1	reg_d	reg_d	reg_d
string	s k æ l ə p	s k æ l ə p t	s k æ l ə p t	ɡ æ l ə p	ɡ æ l ə p t	ɡ æ l ə p t	s k æ l ə p t	1	1	reg_t	reg_t	reg_t
string	n o ʊ t	n o ʊ t ə d	n o ʊ t ə d	n o ʊ	n o ʊ d	n uː	n o ʊ t d	0	0	reg_əd	reg_əd	reg_d
string	p ɑː k ə t	p ɑː k ə t ə d	p ɑː k ə t ə d	p ɪ k ə l	p ɪ k ə l d	p ɪ k ə l d	p ɑː k ə t d	0	0	reg_əd	reg_əd	reg_d
string	r ə f l ɛ k t	r ə f l ɛ k t ə d	r ə f l ɛ k t ə d	k ə l ɛ k t	k ə l ɛ k t ə d	k ə l ɛ k t ə d	r ə f l ɛ k t ə d	1	1	reg_əd	reg_əd	reg_əd
string	s t e ɪ t	s t e ɪ t ə d	s t e ɪ t ə d	s t e ɪ n	s t e ɪ n d	s t e ɪ n d	s t e ɪ t d	0	0	reg_əd	reg_əd	reg_d
string	p r a ɪ	p r a ɪ d	p r a ɪ d	f r a ɪ	f r a ɪ d	f r a ɪ d	p r a ɪ d	1	1	reg_d	reg_d	reg_d
string	ʃ uː	ʃ uː d	ʃ ɑː d	b uː	b uː d	b uː d	ʃ uː d	0	1	reg_d	vowel_change_suffix	reg_d
string	k ɑː n s ə n t r e ɪ t	k ɑː n s ə n t r e ɪ t ə d	k ɑː r t r d	k ə n s t r ʌ k t	k ə n s t r ʌ k t ə d	k ə n s t r ʌ k t ə d	k ɑː n s ə n t r e ɪ t ə d	0	1	reg_əd	other	reg_əd
string	s ʌ f ɹ̩	s ʌ f ɹ̩ d	s ʌ f ɹ̩ d	ɔ f ɹ̩	ɔ f ɹ̩ d	ɔ f ɹ̩ d	s ʌ f ɹ̩ d	1	1	reg_d	reg_d	reg_d
string	s ɪ z ə l	s ɪ z ə l d	s ɪ z ə l d	p ɪ k ə l	p ɪ k ə l d	p ɪ k ə l d	s ɪ z ə l d	1	1	reg_d	reg_d	reg_d
string	p r ə p o ʊ z	p r ə p o ʊ z d	p r ə p o ʊ z d	ə p o ʊ z	ə p o ʊ z d	ə p o ʊ z d	p r ə p o ʊ z d	1	1	reg_d	reg_d	reg_d
string	θ ɔ	θ ɔ d	θ ɔ d	s ɔ	s ɔ d	s ɔ d	θ ɔ d	1	1	reg_d	reg_d	reg_d
string	r ɪ l e ɪ t	r ɪ l e ɪ t ə d	r ɪ l e ɪ t ə d	r e ɪ t	r e ɪ t ə d	r e ɪ t ə d	r ɪ l e ɪ t ə d	1	1	reg_əd	reg_əd	reg_əd
string	t ɪ k	t ɪ k t	t ɪ k t	t ɔ k	t ɔ k t	t ɔ k t	t ɪ k t	1	1	reg_t	reg_t	reg_t
string	ɛ d͡ʒ	ɛ d͡ʒ d	ɛ d͡ʒ d	h ɛ d͡ʒ	h ɛ d͡ʒ d	h ɛ d͡ʒ d	ɛ d͡ʒ d	1	1	reg_d	reg_d	reg_d
string	ɪ ɡ z ɪ s t	ɪ ɡ z ɪ s t ə d	ɪ ɡ z ɪ s t ə d	r ɪ z ɪ s t	r ɪ z ɪ s t ə d	r ɪ z ɪ s t ə d	ɪ ɡ z ɪ s t ə d	1	1	reg_əd	reg_əd	reg_əd
string	θ ɪ k ə n	θ ɪ k ə n d	θ ɪ k ə n d	t͡ʃ ɪ k ə n	t͡ʃ ɪ k ə n d	t͡ʃ ɪ k ə n d	θ ɪ k ə n d	1	1	reg_d	reg_d	reg_d
string	r ɪ t ɹ̩ n	r ɪ t ɹ̩ n d	r ɪ t ɹ̩ n d	t ɹ̩ n	t ɹ̩ n d	t ɹ̩ n d	r ɪ t ɹ̩ n d	1	1	reg_d	reg_d	reg_d
string	t͡ʃ ɑː r d͡ʒ	t͡ʃ ɑː r d͡ʒ d	t͡ʃ ɑː r d͡ʒ d	t͡ʃ ɑː r m	t͡ʃ ɑː r m d	t͡ʃ ɑː r m d	t͡ʃ ɑː r d͡ʒ d	1	1	reg_d	reg_d	reg_d
string	s t o ʊ n	s t o ʊ n d	s t o ʊ n d	t o ʊ	t o ʊ d	t o ʊ d	s t o ʊ n d	1	1	reg_d	reg_d	reg_d
string	w ɛ l k ə m	w ɛ l k ə m d	w ɛ l k ə m d	r ɛ k ə n	r ɛ k ə n d	r ɛ k ə n d	w ɛ l k ə m d	1	1	reg_d	reg_d	reg_d
string	d ɪ n a ɪ	d ɪ n a ɪ d	d ɪ n a ɪ d	d r a ɪ	d r a ɪ d	d r a ɪ d	d ɪ n a ɪ d	1	1	reg_d	reg_d	reg_d
string	ɔ r ɡ ə n a ɪ z	ɔ r ɡ ə n a ɪ z d	ɔ ɡ r ɡ a ɪ z ɪ z	r iː ə l a ɪ z	r iː ə l a ɪ z d	r iː ə l a ɪ z d	ɔ r ɡ ə n a ɪ z d	0	1	reg_d	other	reg_d
string	k ɑː r d	k ɑː r d ə d	k ɑː r d ə d	k ɑː r v	k ɑː r v d	k ɑː r v d	k ɑː r d d	0	0	reg_əd	reg_əd	reg_d
string	b o ʊ l t	b o ʊ l t ə d	b o ʊ l t ə d	b o ʊ l	b o ʊ l d	b o ʊ l d	b o ʊ l t d	0	0	reg_əd	reg_əd	reg_d
string	s ə p ɔ r t	s ə p ɔ r t ə d	s ə p ɔ r t ə d	s ɔ r t	s ɔ r t ə d	s ɔ r t ə d	s ə p ɔ r t ə d	1	1	reg_əd	reg_əd	reg_əd
string	ɡ r a ʊ l	ɡ r a ʊ l d	ɡ r a ʊ l d	k r a ʊ d	k r a ʊ d ə d	k r a ʊ d ə d	ɡ r a ʊ l ə d	0	0	reg_d	reg_d	reg_əd
string	d͡ʒ ɹ̩ k	d͡ʒ ɹ̩ k t	d͡ʒ ɹ̩ k t	d͡ʒ æ k	d͡ʒ æ k t	d͡ʒ æ k t	d͡ʒ ɹ̩ k t	1	1	reg_t	reg_t	reg_t
string	d ɪ s k ʌ v ɹ̩	d ɪ s k ʌ v ɹ̩ d	d ɪ s k ʌ v ɹ̩ d	d ɪ s k ʌ s	d ɪ s k ʌ s t	d ɪ s k ʌ s t	d ɪ s k ʌ v ɹ̩ t	0	0	reg_d	reg_d	reg_t
string	l æ s t	l æ s t ə d	l æ s t	k æ s t	k æ s t	k æ s t	l æ s t	1	0	reg_əd	no_change	no_change
string	s ɛ n t ə n s	s ɛ n t ə n s t	s ɛ n t ə n s t	m ɛ n ʃ ə n	m ɛ n ʃ ə n d	m ɛ n ʃ ə n d	s ɛ n t ə n s d	0	0	reg_t	reg_t	reg_d
string	t æ t ə l	t æ t ə l d	t æ t ə l d	b æ t ə l	b æ t ə l d	b æ t ə l d	t æ t ə l d	1	1	reg_d	reg_d	reg_d
string	ə r ɛ s t	ə r ɛ s t ə d	ə r ɛ s t ə d	ə d͡ʒ ʌ s t	ə d͡ʒ ʌ s t ə d	ə d͡ʒ ʌ s t ə d	ə r ɛ s t ə d	1	1	reg_əd	reg_əd	reg_əd
string	ə n l o ʊ d	ə n l o ʊ d ə d	ə n l o ʊ d ə d	ə n f o ʊ l d	ə n f o ʊ l d ə d	ə n f o ʊ l d ə d	ə n l o ʊ d ə d	1	1	reg_əd	reg_əd	reg_əd
string	n a ɪ f	n a ɪ f t	n a ɪ f t	p a ɪ l	p a ɪ l d	p a ɪ l d	n a ɪ f d	0	0	reg_t	reg_t	reg_d
string	ə p r iː ʃ iː e ɪ t	ə p r iː ʃ iː e ɪ t ə d	ə p r iː e ɪ t ə d	k r iː m e ɪ t	k r iː m e ɪ t ə d	k r iː m e ɪ t ə d	ə p r iː ʃ iː e ɪ t ə d	0	1	reg_əd	other	reg_əd
string	r ʌ f	r ʌ f t	r ʌ f t	h ʌ f	h ʌ f t	h ʌ f t	r ʌ f t	1	1	reg_t	reg_t	reg_t
string	l æ t͡ʃ	l æ t͡ʃ t	l æ t͡ʃ t	k æ t͡ʃ	k æ t͡ʃ t	k ɔ t	l æ t͡ʃ t	1	1	reg_t	reg_t	reg_t
string	ɪ m p r uː v	ɪ m p r uː v d	ɪ m p r uː v d	p r uː v	p r uː v d	p r uː v d	ɪ m p r uː v d	1	1	reg_d	reg_d	reg_d
string	r ɪ v ɹ̩ t	r ɪ v ɹ̩ t ə d	r ɪ v ɹ̩ t ə d	r ɪ v ə t	r ɪ v ə t ə d	r ɪ v ə t ə d	r ɪ v ɹ̩ t ə d	1	1	reg_əd	reg_əd	reg_əd
string	d ɔ n	d ɔ n d	d ɔ n d	j ɔ n	j ɔ n d	j ɔ n d	d ɔ n d	1	1	reg_d	reg_d	reg_d
string	d ʌ ŋ k	d ʌ ŋ k t	d ʌ ŋ k t	d ʌ b	d ʌ b d	d ʌ b d	d ʌ ŋ k d	0	0	reg_t	reg_t	reg_d
string	m ə n uː v ɹ̩	m ə n uː v ɹ̩ d	m ə n v uː v d	k ə n uː	k ə n uː d	k ə n uː d	m ə n uː v ɹ̩ d	0	1	reg_d	other	reg_d
string	s w uː ʃ	s w uː ʃ t	s w uː ʃ t	s w ɪ ʃ	s w ɪ ʃ t	s w ɪ ʃ t	s w uː ʃ t	1	1	reg_t	reg_t	reg_t
string	l uː p	l uː p t	l uː p t	k uː p	k uː p t	k uː p t	l uː p t	1	1	reg_t	reg_t	reg_t
string	ə b a ɪ d	ə b a ɪ d ə d	ə b a ɪ d ə d	b a ɪ t	b a ɪ t	b ɪ t	ə b a ɪ d	0	0	reg_əd	reg_əd	no_change
string	k ə m p ɛ r	k ə m p ɛ r d	k ə m p ɛ r d	s p ɛ r	s p ɛ r d	s p ɛ r d	k ə m p ɛ r d	1	1	reg_d	reg_d	reg_d
string	t͡ʃ æ n ə l	t͡ʃ æ n ə l d	t͡ʃ æ n ə l d	b æ t ə l	b æ t ə l d	b æ t ə l d	t͡ʃ æ n ə l d	1	1	reg_d	reg_d	reg_d
string	s t ɔ r	s t ɔ r d	s t ɔ r d	s t ɛ r	s t ɛ r d	s t ɛ r d	s t ɔ r d	1	1	reg_d	reg_d	reg_d
string	r ɪ p ɛ r	r ɪ p ɛ r d	r ɪ p ɛ r d	r ɪ p ɛ l	r ɪ p ɛ l d	r ɪ p ɛ l d	r ɪ p ɛ r d	1	1	reg_d	reg_d	reg_d
string	d ɪ ʃ	d ɪ ʃ t	d ɪ ʃ t	d ɪ ŋ	d ɪ ŋ d	d ɪ ŋ d	d ɪ ʃ d	0	0	reg_t	reg_t	reg_d
string	s p ɑː r k ə l	s p ɑː r k ə l d	s p ɑː r k ə l d	s n ɑː r ə l	s n ɑː r ə l d	s n ɑː r ə l d	s p ɑː r k ə l d	1	1	reg_d	reg_d	reg_d
string	k w a ɪ ə t	k w a ɪ ə t ə d	k w a ɪ ə t ə d	k w ɪ t	k w ɪ t	k w ɪ t	k w a ɪ ə t	0	0	reg_əd	reg_əd	no_change
string	k ə n t ɪ n j uː	k ə n t ɪ n j uː d	k ə n t ɪ n t ɪ n j uː t ə d	k ə n t e ɪ n	k ə n t e ɪ n d	k ə n t e ɪ n d	k ə n t ɪ n j uː d	0	1	reg_d	other	reg_d
string	p ɑː t	p ɑː t ə d	p ɑː t ə d	p ʊ t	p ʊ t	p ʊ t	p ɑː t	0	0	reg_əd	reg_əd	no_change
string	p r ɪ n t	p r ɪ n t ə d	p r ɪ n t ə d	p ɔ ɪ n t	p ɔ ɪ n t ə d	p ɔ ɪ n t ə d	p r ɪ n t ə d	1	1	reg_əd	reg_əd	reg_əd
string	s p a ɪ s	s p a ɪ s t	s p a ɪ s t	s p l a ɪ s	s p l a ɪ s t	s p l a ɪ s t	s p a ɪ s t	1	1	reg_t	reg_t	reg_t
string	b ɑː d iː	b ɑː d iː d	b ɑː d iː d	b ɑː k s	b ɑː k s t	b ɑː k s t	b ɑː d iː t	0	0	reg_d	reg_d	reg_t
string	s t r o ʊ k	s t r o ʊ k t	s t r o ʊ k t	s t r o ʊ l	s t r o ʊ l d	s t r o ʊ l d	s t r o ʊ k d	0	0	reg_t	reg_t	reg_d
string	ə n w a ɪ n d	ə n w a ʊ n d	ə n w a ɪ n d ə d	ə n t a ɪ	ə n t a ɪ d	ə n t a ɪ d	ə n w a ɪ n d d	0	0	vowel_change	reg_əd	reg_d
string	s t r æ ŋ ɡ ə l	s t r æ ŋ ɡ ə l d	s t r æ ŋ ɡ ə l d	t æ ŋ ɡ ə l	t æ ŋ ɡ ə l d	t æ ŋ ɡ ə l d	s t r æ ŋ ɡ ə l d	1	1	reg_d	reg_d	reg_d
string	p ɑː l ɪ ʃ	p ɑː l ɪ ʃ t	p ɑː l ɪ ʃ t	p ʌ n ɪ ʃ	p ʌ n ɪ ʃ t	p ʌ n ɪ ʃ t	p ɑː l ɪ ʃ t	1	1	reg_t	reg_t	reg_t
string	p a ʊ n d	p a ʊ n d ə d	p a ʊ n d ə d	r a ʊ n d	r a ʊ n d ə d	r a ʊ n d ə d	p a ʊ n d ə d	1	1	reg_əd	reg_əd	reg_əd
string	w ɪ s k	w ɪ s k t	w ɪ s k t	w ɪ ŋ k	w ɪ ŋ k t	w ɪ ŋ k t	w ɪ s k t	1	1	reg_t	reg_t	reg_t
string	ɡ l o ʊ	ɡ l o ʊ d	ɡ l uː	ɡ o ʊ	ɡ o ʊ d	w ɛ n t	ɡ l o ʊ d	0	1	reg_d	vowel_change	reg_d
string	a ɪ s	a ɪ s t	a ɪ s t	d a ɪ s	d a ɪ s t	d a ɪ s t	a ɪ s t	1	1	reg_t	reg_t	reg_t
string	t iː z	t iː z d	t iː z d	t iː t͡ʃ	t iː t͡ʃ t	t ɔ t	t iː z t	0	0	reg_d	reg_d	reg_t
string	ɪ r ʌ p t	ɪ r ʌ p t ə d	ɪ r ʌ p t ə d	t r ʌ s t	t r ʌ s t ə d	t r ʌ s t ə d	ɪ r ʌ p t ə d	1	1	reg_əd	reg_əd	reg_əd
string	k ɑː n	k ɑː n d	k ɑː n d	d ɑː n	d ɑː n d	d ɑː n d	k ɑː n d	1	1	reg_d	reg_d	reg_d
string	d ɪ z ɑː l v	d ɪ z ɑː l v d	d ɪ z ɑː l v d	ɪ v ɑː l v	ɪ v ɑː l v d	ɪ v ɑː l v d	d ɪ z ɑː l v d	1	1	reg_d	reg_d	reg_d
string	b l ɛ n d	b l ɛ n d ə d	b l ɛ n d ə d	l ɛ n d	l ɛ n t	l ɛ n t	b l ɛ n t	0	0	reg_əd	reg_əd	coda_change
string	ə r e ɪ n d͡ʒ	ə r e ɪ n d͡ʒ d	ə r e ɪ n d͡ʒ d	t͡ʃ e ɪ n d͡ʒ	t͡ʃ e ɪ n d͡ʒ d	t͡ʃ e ɪ n d͡ʒ d	ə r e ɪ n d͡ʒ d	1	1	reg_d	reg_d	reg_d
string	f r e ɪ m	f r e ɪ m d	f r e ɪ m d	r e ɪ k	r e ɪ k t	r e ɪ k t	f r e ɪ m t	0	0	reg_d	reg_d	reg_t
string	k ə m p iː t	k ə m p iː t ə d	k ə m p iː t ə d	m iː t	m ɛ t	m ɛ t	k ə m p ɛ t	0	0	reg_əd	reg_əd	vowel_change
string	s p iː d	s p ɛ d	s p iː d ə d	s iː d	s iː d ə d	s iː d ə d	s p iː d ə d	1	0	vowel_change	reg_əd	reg_əd
string	h ɔ l	h ɔ l d	h ɔ l d	h iː l	h iː l d	h iː l d	h ɔ l d	1	1	reg_d	reg_d	reg_d
string	s n æ ɡ	s n æ ɡ d	s n æ ɡ d	s n æ t͡ʃ	s n æ t͡ʃ t	s n æ t͡ʃ t	s n æ ɡ t	0	0	reg_d	reg_d	reg_t
string	ɪ n t r iː ɡ	ɪ n t r iː ɡ d	ɪ n t r iː ɡ d	r iː t r iː v	r iː t r iː v d	r iː t r iː v d	ɪ n t r iː ɡ d	1	1	reg_d	reg_d	reg_d
string	l ɔ n t͡ʃ	l ɔ n t͡ʃ t	l ɔ n t͡ʃ t	l ʌ n t͡ʃ	l ʌ n t͡ʃ t	l ʌ n t͡ʃ t	l ɔ n t͡ʃ t	1	1	reg_t	reg_t	reg_t
string	s æ ɡ	s æ ɡ d	s æ ɡ d	b æ ɡ	b æ ɡ d	b æ ɡ d	s æ ɡ d	1	1	reg_d	reg_d	reg_d
string	d ɪ v ɛ l ə p	d ɪ v ɛ l ə p t	d ɪ v ɛ l ə p t	o ʊ v ɹ̩ l æ p	o ʊ v ɹ̩ l æ p t	o ʊ v ɹ̩ l æ p t	d ɪ v ɛ l ə p t	1	1	reg_t	reg_t	reg_t
string	s ɹ̩ v a ɪ v	s ɹ̩ v a ɪ v d	s ɹ̩ v a ɪ v d	s ɹ̩ p r a ɪ z	s ɹ̩ p r a ɪ z d	s ɹ̩ p r a ɪ z d	s ɹ̩ v a ɪ v d	1	1	reg_d	reg_d	reg_d
string	r iː b ɪ l d	r iː b ɪ l t	r iː b ɪ l d ə d	r iː d	r iː d ə d	r ɛ d	r iː b ɪ l d ə d	1	0	coda_change	reg_əd	reg_əd
string	ɛ n t ɹ̩	ɛ n t ɹ̩ d	ɛ n t ɹ̩ d	s ɛ n t ɹ̩	s ɛ n t ɹ̩ d	s ɛ n t ɹ̩ d	ɛ n t ɹ̩ d	1	1	reg_d	reg_d	reg_d
string	w ɹ̩ l	w ɹ̩ l d	w ɹ̩ l d	w ɹ̩ k	w ɹ̩ k t	w ɹ̩ k t	w ɹ̩ l t	0	0	reg_d	reg_d	reg_t
string	s p l æ t ɹ̩	s p l æ t ɹ̩ d	s p l æ t ɹ̩ d	s p l æ ʃ	s p l æ ʃ t	s p l æ ʃ t	s p l æ t ɹ̩ t	0	0	reg_d	reg_d	reg_t
string	w ɹ̩ ʃ ɪ p	w ɹ̩ ʃ ɪ p t	w ɹ̩ ʃ ɪ p t	w a ɪ p	w a ɪ p t	w a ɪ p t	w ɹ̩ ʃ ɪ p t	1	1	reg_t	reg_t	reg_t
string	n iː d ə l	n iː d ə l d	n iː d ə l d	n iː d	n iː d ə d	n iː d ə d	n iː d ə l ə d	0	0	reg_d	reg_d	reg_əd
string	s p e ɪ s	s p e ɪ s t	s p e ɪ s t	t r e ɪ s	t r e ɪ s t	t r e ɪ s t	s p e ɪ s t	1	1	reg_t	reg_t	reg_t
string	f l ɹ̩ t	f l ɹ̩ t ə d	f l ɹ̩ t ə d	f l ʌ f	f l ʌ f t	f l ʌ f t	f l ɹ̩ t t	0	0	reg_əd	reg_əd	reg_t
string	p ɛ ɡ	p ɛ ɡ d	p ɛ ɡ d	p ɛ r	p ɛ r d	p ɛ r d	p ɛ ɡ d	1	1	reg_d	reg_d	reg_d
string	p a ʊ ɹ̩	p a ʊ ɹ̩ d	p a ʊ ɹ̩ d	ʃ a ʊ ɹ̩	ʃ a ʊ ɹ̩ d	ʃ a ʊ ɹ̩ d	p a ʊ ɹ̩ d	1	1	reg_d	reg_d	reg_d
string	d ɪ s ɡ ʌ s t	d ɪ s ɡ ʌ s t ə d	d ɪ s ɡ s t ə d	d ɪ s k ʌ s	d ɪ s k ʌ s t	d ɪ s k ʌ s t	d ɪ s ɡ ʌ s t t	0	0	reg_əd	other	reg_t
string	ɪ n k l uː d	ɪ n k l uː d ə d	ɪ n k l uː d ə d	ɪ n v e ɪ d	ɪ n v e ɪ d ə d	ɪ n v e ɪ d ə d	ɪ n k l uː d ə d	1	1	reg_əd	reg_əd	reg_əd
string	h a ʊ l	h a ʊ l d	h a ʊ l d	h a ʊ z	h a ʊ z d	h a ʊ z d	h a ʊ l d	1	1	reg_d	reg_d	reg_d
string	s ɪ m ɹ̩	s ɪ m ɹ̩ d	s æ m ɹ̩ d	s ɪ t	s æ t	s æ t	NA	0	0	reg_d	other	vowel_change
string	k ə m p l iː t	k ə m p l iː t ə d	k ə m p l iː t ə d	ə p s ɛ t	ə p s ɛ t	ə p s ɛ t	k ə m p l iː t	0	0	reg_əd	reg_əd	no_change
string	l e ɪ ɹ̩	l e ɪ ɹ̩ d	l e ɪ ɹ̩ d	l e ɪ s	l e ɪ s t	l e ɪ s t	l e ɪ ɹ̩ t	0	0	reg_d	reg_d	reg_t
string	d ɑː k	d ɑː k t	d ɑː k t	k ɑː k	k ɑː k t	k ɑː k t	d ɑː k t	1	1	reg_t	reg_t	reg_t
string	æ d m a ɪ ɹ̩	æ d m a ɪ ɹ̩ d	æ m a ɪ d ɹ̩ d	d r a ɪ	d r a ɪ d	d r a ɪ d	æ d m a ɪ ɹ̩ d	0	1	reg_d	other	reg_d
string	d ɪ f ɛ n d	d ɪ f ɛ n d ə d	d ɪ f ɛ n d ə d	d ɪ p ɛ n d	d ɪ p ɛ n d ə d	d ɪ p ɛ n d ə d	d ɪ f ɛ n d ə d	1	1	reg_əd	reg_əd	reg_əd
string	p r ɪ v ɛ n t	p r ɪ v ɛ n t ə d	p r ɪ v ɛ n t ə d	p r iː z ɛ n t	p r iː z ɛ n t ə d	p r iː z ɛ n t ə d	p r ɪ v ɛ n t ə d	1	1	reg_əd	reg_əd	reg_əd
string	p ɔ z	p ɔ z d	p ɔ z d	p ɔ r	p ɔ r d	p ɔ r d	p ɔ z d	1	1	reg_d	reg_d	reg_d
string	ə n ɔ ɪ	ə n ɔ ɪ d	ə n ɔ ɪ d	t ɔ ɪ	t ɔ ɪ d	t ɔ ɪ d	ə n ɔ ɪ d	1	1	reg_d	reg_d	reg_d
string	k ɹ̩ o ʊ d	k ɹ̩ o ʊ d ə d	k ɹ̩ o ʊ d ə d	k l a ʊ d	k l a ʊ d ə d	k l a ʊ d ə d	k ɹ̩ o ʊ d ə d	1	1	reg_əd	reg_əd	reg_əd
string	ɡ r ʌ n t	ɡ r ʌ n t ə d	ɡ r ʌ n t ə d	ɡ r æ n t	ɡ r æ n t ə d	ɡ r æ n t ə d	ɡ r ʌ n t ə d	1	1	reg_əd	reg_əd	reg_əd
string	t r ʌ m p ə t	t r ʌ m p ə t ə d	t r ʌ m p ə t ə d	t r æ m p ə l	t r æ m p ə l d	t r æ m p ə l d	t r ʌ m p ə t d	0	0	reg_əd	reg_əd	reg_d
string	r ɪ ɡ r ɛ t	r ɪ ɡ r ɛ t ə d	r ɪ ɡ r ɛ t ə d	r ɪ z ɪ s t	r ɪ z ɪ s t ə d	r ɪ z ɪ s t ə d	r ɪ ɡ r ɛ t ə d	1	1	reg_əd	reg_əd	reg_əd
string	b ɔ r	b ɔ r d	b ɔ r d	r ɔ r	r ɔ r d	r ɔ r d	b ɔ r d	1	1	reg_d	reg_d	reg_d
string	k ə m p l e ɪ n	k ə m p l e ɪ n d	k ə m p l e ɪ n d	p l e ɪ n	p l e ɪ n d	p l e ɪ n d	k ə m p l e ɪ n d	1	1	reg_d	reg_d	reg_d
string	s p ɔ r t	s p ɔ r t ə d	s p ɔ r t ə d	s n ɔ r t	s n ɔ r t ə d	s n ɔ r t ə d	s p ɔ r t ə d	1	1	reg_əd	reg_əd	reg_əd
string	ɡ r æ s	ɡ r æ s t	ɡ r æ s t	ɡ æ s	ɡ æ s t	ɡ æ s t	ɡ r æ s t	1	1	reg_t	reg_t	reg_t
string	θ ʌ m	θ ʌ m d	θ ʌ m d	ɡ ʌ m	ɡ ʌ m d	ɡ ʌ m d	θ ʌ m d	1	1	reg_d	reg_d	reg_d
string	ɪ k s p o ʊ z	ɪ k s p o ʊ z d	ɪ k s p o ʊ z d	ɪ k s p l o ʊ d	ɪ k s p l o ʊ d ə d	ɪ k s p l o ʊ d ə d	ɪ k s p o ʊ z ə d	0	0	reg_d	reg_d	reg_əd
string	p l ʌ ŋ k	p l ʌ ŋ k t	p l ʌ ŋ k t	b l ɪ ŋ k	b l ɪ ŋ k	b l ɪ ŋ k t	p l ʌ ŋ k	0	0	reg_t	reg_t	no_change
string	s p l ɪ t	s p l ɪ t	s p l ɪ t ə d	s p ɪ t	s p æ t	s p æ t	s p l æ t	0	0	no_change	reg_əd	vowel_change
string	b æ n ɪ ʃ	b æ n ɪ ʃ t	b æ n ɪ ʃ t	b ɹ̩ n ɪ ʃ	b ɹ̩ n ɪ ʃ t	b ɹ̩ n ɪ ʃ t	b æ n ɪ ʃ t	1	1	reg_t	reg_t	reg_t
string	b ɛ l t͡ʃ	b ɛ l t͡ʃ t	b ɛ l t͡ʃ t	b ɛ l o ʊ	b ɛ l o ʊ d	b ɛ l o ʊ d	b ɛ l t͡ʃ d	0	0	reg_t	reg_t	reg_d
string	s t ʌ b	s t ʌ b d	s t ʌ b d	s t æ b	s t æ b d	s t æ b d	s t ʌ b d	1	1	reg_d	reg_d	reg_d
string	d ɪ p ɔ r t	d ɪ p ɔ r t ə d	d ɪ p ɔ r t ə d	r iː p ɔ r t	r iː p ɔ r t ə d	r iː p ɔ r t ə d	d ɪ p ɔ r t ə d	1	1	reg_əd	reg_əd	reg_əd
string	m ɑː r k ə t	m ɑː r k ə t ə d	m ɑː r k ə t ə d	m ɑː r b ə l	m ɑː r b ə l d	m ɑː r b ə l d	m ɑː r k ə t d	0	0	reg_əd	reg_əd	reg_d
final	s iː	s ɔ	s iː d	w ɹ̩ iː	w ɹ̩ iː d	w ɹ̩ iː d	s iː d	1	0	vowel_change	reg_d	reg_d
final	ɡ ɛ t	ɡ ɑː t	ɡ ɛ t	l ɪ f t	l ɪ f t ə d	l ɪ f t ə d	ɡ ɛ t ə d	0	0	vowel_change	no_change	reg_əd
final	n ɑː k	n ɑː k t	n ɑː k t	θ æ ŋ k	θ æ ŋ k t	θ æ ŋ k t	n ɑː k t	1	1	reg_t	reg_t	reg_t
final	θ ɪ ŋ k	θ ɔ t	θ ɪ ŋ k t	k l ɑː k	k l ɑː k t	k l ɑː k t	θ ɪ ŋ k t	1	0	rhyme_replaced	reg_t	reg_t
final	k l iː n	k l iː n d	k l iː n d	m a ɪ n	m a ɪ n d	m a ɪ n d	k l iː n d	1	1	reg_d	reg_d	reg_d
final	b ɪ l iː v	b ɪ l iː v d	b ɪ l iː v d	ə t͡ʃ iː v	ə t͡ʃ iː v d	ə t͡ʃ iː v d	b ɪ l iː v d	1	1	reg_d	reg_d	reg_d
final	ɡ ɪ v	ɡ e ɪ v	ɡ ɪ v d	p r uː v	p r uː v d	p r uː v d	ɡ ɪ v d	1	0	vowel_change	reg_d	reg_d
final	t e ɪ k	t ʊ k	t e ɪ k t	s p iː k	s p iː k t	s p o ʊ k	t e ɪ k t	1	0	vowel_change	reg_t	reg_t
final	s t æ n d	s t ʊ d	s t æ n d ə d	k r a ʊ d	k r a ʊ d ə d	k r a ʊ d ə d	s t æ n d ə d	1	0	rhyme_replaced	reg_əd	reg_əd
final	j ɛ l	j ɛ l d	j ɛ l d	t r ʌ b ə l	t r ʌ b ə l d	t r ʌ b ə l d	j ɛ l d	1	1	reg_d	reg_d	reg_d
final	f ɪ k s	f ɪ k s t	f ɪ k s t	n o ʊ t ɪ s	n o ʊ t ɪ s t	n o ʊ t ɪ s t	f ɪ k s t	1	1	reg_t	reg_t	reg_t
final	k l æ p	k l æ p t	k l æ p t	s n æ p	s n æ p t	s n æ p t	k l æ p t	1	1	reg_t	reg_t	reg_t
final	r a ɪ m	r a ɪ m d	r o ʊ m d	v æ k j uː m	v æ k j uː m d	v æ k j uː m d	r a ɪ m d	0	1	reg_d	vowel_change_suffix	reg_d
final	t ɛ l	t o ʊ l d	t ɛ l d	s æ d ə l	s æ d ə l d	s æ d ə l d	t ɛ l d	1	0	vowel_change_suffix	reg_d	reg_d
final	f ɔ l	f ɛ l	f ɔ l d	n ʌ k ə l	n ʌ k ə l d	n ʌ k ə l d	f ɔ l d	1	0	vowel_change	reg_d	reg_d
final	r o ʊ l	r o ʊ l d	r o ʊ l d	iː k w ə l	iː k w ə l d	iː k w ə l d	r o ʊ l d	1	1	reg_d	reg_d	reg_d
final	k uː l	k uː l d	k uː l d	p ɛ d ə l	p ɛ d ə l d	p ɛ d ə l d	k uː l d	1	1	reg_d	reg_d	reg_d
final	s ɪ ŋ	s æ ŋ	s æ ŋ d	p ɪ ŋ	p ɪ ŋ d	p ɪ ŋ d	s ɪ ŋ d	0	0	vowel_change	vowel_change_suffix	reg_d
final	h o ʊ l d	h ɛ l d	h o ʊ l d ə d	ɪ n t ɛ n d	ɪ n t ɛ n d ə d	ɪ n t ɛ n d ə d	h o ʊ l d ə d	1	0	vowel_change	reg_əd	reg_əd
final	d r ɛ s	d r ɛ s t	d r ɛ s t	d ɪ s k ʌ s	d ɪ s k ʌ s t	d ɪ s k ʌ s t	d r ɛ s t	1	1	reg_t	reg_t	reg_t
final	w e ɪ k	w o ʊ k	w e ɪ k t	b l æ ŋ k	b l æ ŋ k t	b l æ ŋ k t	w e ɪ k t	1	0	vowel_change	reg_t	reg_t
final	m uː v	m uː v d	m uː v d	s ɹ̩ v	s ɹ̩ v d	s ɹ̩ v d	m uː v d	1	1	reg_d	reg_d	reg_d
final	b ɪ l d	b ɪ l t	b ɪ l d ə d	ɪ k s t ɛ n d	ɪ k s t ɛ n d ə d	ɪ k s t ɛ n d ə d	b ɪ l d ə d	1	0	coda_change	reg_əd	reg_əd
final	p uː p	p uː p t	p uː p t	ɡ æ s p	ɡ æ s p t	ɡ æ s p t	p uː p t	1	1	reg_t	reg_t	reg_t
final	k ɛ r	k ɛ r d	k ɛ r d	p ɔ r	p ɔ r d	p ɔ r d	k ɛ r d	1	1	reg_d	reg_d	reg_d
final	b ɛ r iː	b ɛ r iː d	b ɛ r iː d	h ɹ̩ iː	h ɹ̩ iː d	h ɹ̩ iː d	b ɛ r iː d	1	1	reg_d	reg_d	reg_d
final	p æ n t	p æ n t ə d	p æ n t ə d	ə f ɛ k t	ə f ɛ k t ə d	ə f ɛ k t ə d	p æ n t ə d	1	1	reg_əd	reg_əd	reg_əd
final	t ʌ k	t ʌ k t	t ʌ k t	k ɑː k	k ɑː k t	k ɑː k t	t ʌ k t	1	1	reg_t	reg_t	reg_t
final	b ɑː ð ɹ̩	b ɑː ð ɹ̩ d	b ɑː ð ɹ̩ d	p l æ s t ɹ̩	p l æ s t ɹ̩ d	p l æ s t ɹ̩ d	b ɑː ð ɹ̩ d	1	1	reg_d	reg_d	reg_d
final	ɛ ɡ z ɪ t	ɛ ɡ z ɪ t ə d	ɛ ɡ z ɪ t ə d	ə d ɑː p t	ə d ɑː p t ə d	ə d ɑː p t ə d	ɛ ɡ z ɪ t ə d	1	1	reg_əd	reg_əd	reg_əd
final	s t e ɪ	s t e ɪ d	s t e ɪ d	l a ɪ	l a ɪ d	l e ɪ	s t e ɪ d	1	1	reg_d	reg_d	reg_d
final	w ʌ n d ɹ̩	w ʌ n d ɹ̩ d	w ʌ n d ɹ̩ d	d ɪ l ɪ v ɹ̩	d ɪ l ɪ v ɹ̩ d	d ɪ l ɪ v ɹ̩ d	w ʌ n d ɹ̩ d	1	1	reg_d	reg_d	reg_d
final	d ɪ p	d ɪ p t	d ɪ p t	p l ɑː p	p l ɑː p t	p l ɑː p t	d ɪ p t	1	1	reg_t	reg_t	reg_t
final	h ʌ ɡ	h ʌ ɡ d	h ʌ ɡ d	t æ ɡ	t æ ɡ d	t æ ɡ d	h ʌ ɡ d	1	1	reg_d	reg_d	reg_d
final	v ɔ ɪ s	v ɔ ɪ s t	v ɔ ɪ s t	m ɛ s	m ɛ s t	m ɛ s t	v ɔ ɪ s t	1	1	reg_t	reg_t	reg_t
final	ə t æ t͡ʃ	ə t æ t͡ʃ t	ə t æ t͡ʃ t	k æ t͡ʃ	k æ t͡ʃ t	k ɔ t	ə t æ t͡ʃ t	1	1	reg_t	reg_t	reg_t
final	s m ɛ l	s m ɛ l d	s m ɛ l d	b ɔ l	b ɔ l d	b ɔ l d	s m ɛ l d	1	1	reg_d	reg_d	reg_d
final	f ɪ n ɪ ʃ	f ɪ n ɪ ʃ t	f ɪ n ɪ ʃ t	r ʌ ʃ	r ʌ ʃ t	r ʌ ʃ t	f ɪ n ɪ ʃ t	1	1	reg_t	reg_t	reg_t
final	t r ɑː t	t r ɑː t ə d	t r ɑː t ə d	s k ɹ̩ t	s k ɹ̩ t ə d	s k ɹ̩ t ə d	t r ɑː t ə d	1	1	reg_əd	reg_əd	reg_əd
final	b l ɛ s	b l ɛ s t	b l ɛ s t	f ʌ s	f ʌ s t	f ʌ s t	b l ɛ s t	1	1	reg_t	reg_t	reg_t
final	l ɛ d	l ɛ d ə d	l ɛ d	ɪ n t ɛ n d	ɪ n t ɛ n d ə d	ɪ n t ɛ n d ə d	l ɛ d ə d	0	1	reg_əd	no_change	reg_əd
final	p r ɛ s	p r ɛ s t	p r ɛ s t	r iː p l e ɪ s	r iː p l e ɪ s t	r iː p l e ɪ s t	p r ɛ s t	1	1	reg_t	reg_t	reg_t
final	ə n z ɪ p	ə n z ɪ p t	ə n z ɪ p t	ʃ e ɪ p	ʃ e ɪ p t	ʃ e ɪ p t	ə n z ɪ p t	1	1	reg_t	reg_t	reg_t
final	f ɪ l t ɹ̩	f ɪ l t ɹ̩ d	f ɪ l t ɹ̩ d	s k æ m p ɹ̩	s k æ m p ɹ̩ d	s k æ m p ɹ̩ d	f ɪ l t ɹ̩ d	1	1	reg_d	reg_d	reg_d
final	ʃ e ɪ v	ʃ e ɪ v d	ʃ e ɪ v d	ə t͡ʃ iː v	ə t͡ʃ iː v d	ə t͡ʃ iː v d	ʃ e ɪ v d	1	1	reg_d	reg_d	reg_d
final	k ɑː s t	k ɑː s t	k ɑː s t ə d	p ɛ r ə ʃ uː t	p ɛ r ə ʃ uː t ə d	p ɛ r ə ʃ uː t ə d	k ɑː s t ə d	1	0	no_change	reg_əd	reg_əd
final	b r ʌ ʃ	b r ʌ ʃ t	b r ʌ ʃ t	s p l æ ʃ	s p l æ ʃ t	s p l æ ʃ t	b r ʌ ʃ t	1	1	reg_t	reg_t	reg_t
final	l æ n d	l æ n d ə d	l æ n d ə d	θ r ɛ d	θ r ɛ d ə d	θ r ɛ d ə d	l æ n d ə d	1	1	reg_əd	reg_əd	reg_əd
final	s t ɛ p	s t ɛ p t	s t ɛ p t	s w iː p	s w ɛ p t	s w ɛ p t	NA	0	0	reg_t	reg_t	vowel_change_suffix
final	m ɪ l k	m ɪ l k t	m ɪ l k t	ə n p æ k	ə n p æ k t	ə n p æ k t	m ɪ l k t	1	1	reg_t	reg_t	reg_t
final	b ɛ s t	b ɛ s t ə d	b ɛ s t ə d	ə f ɛ k t	ə f ɛ k t ə d	ə f ɛ k t ə d	b ɛ s t ə d	1	1	reg_əd	reg_əd	reg_əd
final	m a ɪ n d	m a ɪ n d ə d	m a ɪ n d	s iː d	s iː d ə d	s iː d ə d	m a ɪ n d ə d	0	1	reg_əd	no_change	reg_əd
final	w a ɪ t	w a ɪ t ə d	w a ɪ t	ə d m ɪ t	ə d m ɪ t ə d	ə d m ɪ t ə d	w a ɪ t ə d	0	1	reg_əd	no_change	reg_əd
final	m æ k s	m æ k s t	m æ k s t	d a ɪ s	d a ɪ s t	d a ɪ s t	m æ k s t	1	1	reg_t	reg_t	reg_t
final	r iː t͡ʃ	r iː t͡ʃ t	r iː t͡ʃ t	s k r æ t͡ʃ	s k r æ t͡ʃ t	s k r æ t͡ʃ t	r iː t͡ʃ t	1	1	reg_t	reg_t	reg_t
final	h o ʊ p	h o ʊ p t	h o ʊ p t	s n æ p	s n æ p t	s n æ p t	h o ʊ p t	1	1	reg_t	reg_t	reg_t
final	f o ʊ l d	f o ʊ l d ə d	f o ʊ l d ə d	ə f ɔ r d	ə f ɔ r d ə d	ə f ɔ r d ə d	f o ʊ l d ə d	1	1	reg_əd	reg_əd	reg_əd
final	k l ɪ n t͡ʃ	k l ɪ n t͡ʃ t	k l ɪ n t͡ʃ t	p ɪ t͡ʃ	p ɪ t͡ʃ t	p ɪ t͡ʃ t	k l ɪ n t͡ʃ t	1	1	reg_t	reg_t	reg_t
final	t r ɪ k	t r ɪ k t	t r ɪ k t	k ɑː k	k ɑː k t	k ɑː k t	t r ɪ k t	1	1	reg_t	reg_t	reg_t
final	b ɛ n d	b ɛ n d ə d	b ɛ n d ə d	p ɹ̩ s w e ɪ d	p ɹ̩ s w e ɪ d ə d	p ɹ̩ s w e ɪ d ə d	b ɛ n d ə d	1	1	reg_əd	reg_əd	reg_əd
final	a ɪ d ɛ n t ə f a ɪ	a ɪ d ɛ n t ə f a ɪ d	a ʊ n t ə d	b a ɪ	b a ɪ d	b ɔ t	a ɪ d ɛ n t ə f a ɪ d	0	1	reg_d	other	reg_d
final	d͡ʒ ɔ ɪ n	d͡ʒ ɔ ɪ n d	d͡ʒ ɔ ɪ n d	f a ɪ n	f a ɪ n d	f a ɪ n d	d͡ʒ ɔ ɪ n d	1	1	reg_d	reg_d	reg_d
final	k ə n f j uː z	k ə n f j uː z d	k ə n f j uː z d	ɡ r e ɪ z	ɡ r e ɪ z d	ɡ r e ɪ z d	k ə n f j uː z d	1	1	reg_d	reg_d	reg_d
final	b ɛ r	b o ʊ r	b ɛ r d	s t iː r	s t iː r d	s t iː r d	b ɛ r d	1	0	vowel_change	reg_d	reg_d
final	r ɛ s t	r ɛ s t ə d	r ɛ s t	ɪ l æ b ɹ̩ e ɪ t	ɪ l æ b ɹ̩ e ɪ t ə d	ɪ l æ b ɹ̩ e ɪ t ə d	r ɛ s t ə d	0	1	reg_əd	no_change	reg_əd
final	p iː	p iː d	p iː d	n iː	n iː d	n iː d	p iː d	1	1	reg_d	reg_d	reg_d
final	ɡ r æ b	ɡ r æ b d	ɡ r æ b d	d ɪ s k r a ɪ b	d ɪ s k r a ɪ b d	d ɪ s k r a ɪ b d	ɡ r æ b d	1	1	reg_d	reg_d	reg_d
final	ə p r o ʊ t͡ʃ	ə p r o ʊ t͡ʃ t	ə p r o ʊ t͡ʃ t	b ʌ n t͡ʃ	b ʌ n t͡ʃ t	b ʌ n t͡ʃ t	ə p r o ʊ t͡ʃ t	1	1	reg_t	reg_t	reg_t
final	p iː l	p iː l d	p iː l d	d r ɪ l	d r ɪ l d	d r ɪ l d	p iː l d	1	1	reg_d	reg_d	reg_d
final	m ɑː r t͡ʃ	m ɑː r t͡ʃ t	m ɑː r t͡ʃ t	s k r æ t͡ʃ	s k r æ t͡ʃ t	s k r æ t͡ʃ t	m ɑː r t͡ʃ t	1	1	reg_t	reg_t	reg_t
final	t æ k ə l	t æ k ə l d	t æ k ə l d	n e ɪ l	n e ɪ l d	n e ɪ l d	t æ k ə l d	1	1	reg_d	reg_d	reg_d
final	d ɪ ɡ	d ʌ ɡ	d ɪ ɡ d	d r ʌ ɡ	d r ʌ ɡ d	d r ʌ ɡ d	d ɪ ɡ d	1	0	vowel_change	reg_d	reg_d
final	s ɛ t ə l	s ɛ t ə l d	s ɛ t ə l d	p ɛ d ə l	p ɛ d ə l d	p ɛ d ə l d	s ɛ t ə l d	1	1	reg_d	reg_d	reg_d
final	ɪ ɡ n ɔ r	ɪ ɡ n ɔ r d	ɪ ɡ ɔ r n d	t͡ʃ iː r	t͡ʃ iː r d	t͡ʃ iː r d	ɪ ɡ n ɔ r d	0	1	reg_d	other	reg_d
final	k ʌ v ɹ̩	k ʌ v ɹ̩ d	k ʌ v ɹ̩ d	ə k ɹ̩	ə k ɹ̩ d	ə k ɹ̩ d	k ʌ v ɹ̩ d	1	1	reg_d	reg_d	reg_d
final	r ɑː t	r ɑː t ə d	r ɑː t	k r iː m e ɪ t	k r iː m e ɪ t ə d	k r iː m e ɪ t ə d	r ɑː t ə d	0	1	reg_əd	no_change	reg_əd
final	f l æ t ɹ̩	f l æ t ɹ̩ d	f l æ t ɹ̩ d	r ə f ɹ̩	r ə f ɹ̩ d	r ə f ɹ̩ d	f l æ t ɹ̩ d	1	1	reg_d	reg_d	reg_d
final	b ʌ b ə l	b ʌ b ə l d	b ʌ b ə l d	ɡ ɑː b ə l	ɡ ɑː b ə l d	ɡ ɑː b ə l d	b ʌ b ə l d	1	1	reg_d	reg_d	reg_d
final	k o ʊ ɑː p ɹ̩ e ɪ t	k o ʊ ɑː p ɹ̩ e ɪ t ə d	k o ʊ p ɹ̩ p ɹ̩ d	n ɪ t	n ɪ t ə d	n ɪ t ə d	k o ʊ ɑː p ɹ̩ e ɪ t ə d	0	1	reg_əd	other	reg_əd
final	ɡ r iː n	ɡ r iː n d	ɡ r iː n d	p æ t ɹ̩ n	p æ t ɹ̩ n d	p æ t ɹ̩ n d	ɡ r iː n d	1	1	reg_d	reg_d	reg_d
final	r e ɪ s	r e ɪ s t	r e ɪ s t	r ɪ l æ k s	r ɪ l æ k s t	r ɪ l æ k s t	r e ɪ s t	1	1	reg_t	reg_t	reg_t
final	d æ n s	d æ n s t	d æ n s t	s p l a ɪ s	s p l a ɪ s t	s p l a ɪ s t	d æ n s t	1	1	reg_t	reg_t	reg_t
final	p r ɑː d͡ʒ ɛ k t	p r ɑː d͡ʒ ɛ k t ə d	p r ɑː d͡ʒ ɛ k t ə d	p ɪ t	p ɪ t ə d	p ɪ t ə d	p r ɑː d͡ʒ ɛ k t ə d	1	1	reg_əd	reg_əd	reg_əd
final	b ɛ ɡ	b ɛ ɡ d	b ɛ ɡ d	t ʌ ɡ	t ʌ ɡ d	t ʌ ɡ d	b ɛ ɡ d	1	1	reg_d	reg_d	reg_d
final	s ɹ̩ v ɪ s	s ɹ̩ v ɪ s t	s ɹ̩ v ɪ s t	w æ k s	w æ k s t	w æ k s t	s ɹ̩ v ɪ s t	1	1	reg_t	reg_t	reg_t
final	r ɛ p r ə z ɛ n t	r ɛ p r ə z ɛ n t ə d	r ɛ p r ə z ɛ n t ə d	p ɑː r t	p ɑː r t ə d	p ɑː r t ə d	r ɛ p r ə z ɛ n t ə d	1	1	reg_əd	reg_əd	reg_əd
final	ɪ m ɹ̩ d͡ʒ	ɪ m ɹ̩ d͡ʒ d	ɪ m ɹ̩ d͡ʒ d	k e ɪ d͡ʒ	k e ɪ d͡ʒ d	k e ɪ d͡ʒ d	ɪ m ɹ̩ d͡ʒ d	1	1	reg_d	reg_d	reg_d
final	b ɔ ɪ l	b ɔ ɪ l d	b ɔ ɪ l d	k ə n t r o ʊ l	k ə n t r o ʊ l d	k ə n t r o ʊ l d	b ɔ ɪ l d	1	1	reg_d	reg_d	reg_d
final	p ɹ̩ f ɛ k t	p ɹ̩ f ɛ k t ə d	p ɹ̩ f ɛ k t ə d	p ɑː r t	p ɑː r t ə d	p ɑː r t ə d	p ɹ̩ f ɛ k t ə d	1	1	reg_əd	reg_əd	reg_əd
final	r a ɪ z	r o ʊ z	r o ʊ z d	ə k j uː z	ə k j uː z d	ə k j uː z d	r a ɪ z d	0	0	vowel_change	vowel_change_suffix	reg_d
final	s k r iː n	s k r iː n d	s k r iː n d	b r a ʊ n	b r a ʊ n d	b r a ʊ n d	s k r iː n d	1	1	reg_d	reg_d	reg_d
final	t r e ɪ n	t r e ɪ n d	t r e ɪ n d	m æ n	m æ n d	m æ n d	t r e ɪ n d	1	1	reg_d	reg_d	reg_d
final	s o ʊ	s o ʊ d	s o ʊ d	r o ʊ	r o ʊ d	r o ʊ d	s o ʊ d	1	1	reg_d	reg_d	reg_d
final	f e ɪ s	f e ɪ s t	f e ɪ s t	r iː p l e ɪ s	r iː p l e ɪ s t	r iː p l e ɪ s t	f e ɪ s t	1	1	reg_t	reg_t	reg_t
final	s t ʌ d iː	s t ʌ d iː d	s t ʌ d iː d	b ɪ z iː	b ɪ z iː d	b ɪ z iː d	s t ʌ d iː d	1	1	reg_d	reg_d	reg_d
final	b l ɑː t	b l ɑː t ə d	b l ɑː t ə d	ɪ n t ɹ̩ d͡ʒ ɛ k t	ɪ n t ɹ̩ d͡ʒ ɛ k t ə d	ɪ n t ɹ̩ d͡ʒ ɛ k t ə d	b l ɑː t ə d	1	1	reg_əd	reg_əd	reg_əd
final	m e ɪ l	m e ɪ l d	m e ɪ l d	f ɪ l	f ɪ l d	f ɪ l d	m e ɪ l d	1	1	reg_d	reg_d	reg_d
final	k l ɪ ŋ	k l ʌ ŋ	k l ʌ ŋ	s p r ɪ ŋ	s p r æ ŋ	s p r æ ŋ	k l æ ŋ	0	0	vowel_change	vowel_change	vowel_change
final	p l ʌ ɡ	p l ʌ ɡ d	p l ʌ ɡ d	b ɑː ɡ	b ɑː ɡ d	b ɑː ɡ d	p l ʌ ɡ d	1	1	reg_d	reg_d	reg_d
final	p r e ɪ	p r e ɪ d	p r e ɪ d	ɛ n d͡ʒ ɔ ɪ	ɛ n d͡ʒ ɔ ɪ d	ɛ n d͡ʒ ɔ ɪ d	p r e ɪ d	1	1	reg_d	reg_d	reg_d
final	f l o ʊ	f l o ʊ d	f l uː	ɡ o ʊ	ɡ o ʊ d	w ɛ n t	f l o ʊ d	0	1	reg_d	vowel_change	reg_d
final	r iː m a ɪ n d	r iː m a ɪ n d ə d	r iː m a ɪ n d ə d	r ə k ɔ r d	r ə k ɔ r d ə d	r ə k ɔ r d ə d	r iː m a ɪ n d ə d	1	1	reg_əd	reg_əd	reg_əd
final	ɛ l b o ʊ	ɛ l b o ʊ d	ɛ l b o ʊ d	θ r o ʊ	θ r uː	θ r uː	ɛ l b uː	0	0	reg_d	reg_d	vowel_change
final	f r iː z	f r o ʊ z	f r iː z d	s ə p o ʊ z	s ə p o ʊ z d	s ə p o ʊ z d	f r iː z d	1	0	vowel_change	reg_d	reg_d
final	m ɪ m ɪ k	m ɪ m ɪ k t	m ɪ m ɪ k t	d͡ʒ o ʊ k	d͡ʒ o ʊ k t	d͡ʒ o ʊ k t	m ɪ m ɪ k t	1	1	reg_t	reg_t	reg_t
final	w iː l	w iː l d	w iː l d	r uː l	r uː l d	r uː l d	w iː l d	1	1	reg_d	reg_d	reg_d
final	p ʌ m p	p ʌ m p t	p ʌ m p t	h ɛ l p	h ɛ l p t	h ɛ l p t	p ʌ m p t	1	1	reg_t	reg_t	reg_t
final	ɪ k s p ɛ k t	ɪ k s p ɛ k t ə d	ɪ k s p ɛ k t ə d	ɛ d ə t	ɛ d ə t ə d	ɛ d ə t ə d	ɪ k s p ɛ k t ə d	1	1	reg_əd	reg_əd	reg_əd
final	w a ɪ n d	w a ɪ n d ə d	w a ɪ n d	b æ n d	b æ n d ə d	b æ n d ə d	w a ɪ n d ə d	0	1	reg_əd	no_change	reg_əd
final	s k r ɪ b ə l	s k r ɪ b ə l d	s k r ɪ b ə l d	f j uː ə l	f j uː ə l d	f j uː ə l d	s k r ɪ b ə l d	1	1	reg_d	reg_d	reg_d
final	r ɪ s p ɑː n d	r ɪ s p ɑː n d ə d	r ɪ s p ɑː n d ə d	h ɛ d	h ɛ d ə d	h ɛ d ə d	r ɪ s p ɑː n d ə d	1	1	reg_əd	reg_əd	reg_əd
final	r e ɪ z	r e ɪ z d	r e ɪ z d	t͡ʃ uː z	t͡ʃ uː z d	t͡ʃ o ʊ z	r e ɪ z d	1	1	reg_d	reg_d	reg_d
final	ɡ ɪ ɡ ə l	ɡ ɪ ɡ ə l d	ɡ ɪ ɡ ə l d	s m a ɪ l	s m a ɪ l d	s m a ɪ l d	ɡ ɪ ɡ ə l d	1	1	reg_d	reg_d	reg_d
final	b ɑː r o ʊ	b ɑː r o ʊ d	b ɑː r o ʊ d	f ɑː l o ʊ	f ɑː l o ʊ d	f ɑː l o ʊ d	b ɑː r o ʊ d	1	1	reg_d	reg_d	reg_d
final	s w ɑː l o ʊ	s w ɑː l o ʊ d	s w ɑː l o ʊ d	o ʊ	o ʊ d	o ʊ d	s w ɑː l o ʊ d	1	1	reg_d	reg_d	reg_d
final	d ɑː r n	d ɑː r n d	d ɑː r n d	b ɹ̩ n	b ɹ̩ n d	b ɹ̩ n d	d ɑː r n d	1	1	reg_d	reg_d	reg_d
final	k ɑː p iː	k ɑː p iː d	k ɑː p iː d	f l iː	f l ɛ d	f l ɛ d	k ɑː p ɛ d	0	0	reg_d	reg_d	vowel_change_suffix
final	s k r e ɪ p	s k r e ɪ p t	s k r e ɪ p t	z ɪ p	z ɪ p t	z ɪ p t	s k r e ɪ p t	1	1	reg_t	reg_t	reg_t
final	h o ʊ m	h o ʊ m d	h o ʊ m d	s iː m	s iː m d	s iː m d	h o ʊ m d	1	1	reg_d	reg_d	reg_d
final	f r iː	f r iː d	f r iː d	b ɪ z iː	b ɪ z iː d	b ɪ z iː d	f r iː d	1	1	reg_d	reg_d	reg_d
final	b r a ɪ t ə n	b r a ɪ t ə n d	b r a ɪ t ə n d	a ɪ ɹ̩ n	a ɪ ɹ̩ n d	a ɪ ɹ̩ n d	b r a ɪ t ə n d	1	1	reg_d	reg_d	reg_d
final	ə r a ɪ v	ə r a ɪ v d	ə r a ɪ v d	w e ɪ v	w e ɪ v d	w e ɪ v d	ə r a ɪ v d	1	1	reg_d	reg_d	reg_d
final	ɪ k s p l ɔ r	ɪ k s p l ɔ r d	ɪ k s p l ɔ r d	s t ɛ r	s t ɛ r d	s t ɛ r d	ɪ k s p l ɔ r d	1	1	reg_d	reg_d	reg_d
final	p ɹ̩ s	p ɹ̩ s t	p ɹ̩ s t	k ə l æ p s	k ə l æ p s t	k ə l æ p s t	p ɹ̩ s t	1	1	reg_t	reg_t	reg_t
final	t͡ʃ ɪ p	t͡ʃ ɪ p t	t͡ʃ ɪ p t	d͡ʒ ʌ m p	d͡ʒ ʌ m p t	d͡ʒ ʌ m p t	t͡ʃ ɪ p t	1	1	reg_t	reg_t	reg_t
final	b ɑː t ə l	b ɑː t ə l d	b ɑː t ə l d	n ɪ b ə l	n ɪ b ə l d	n ɪ b ə l d	b ɑː t ə l d	1	1	reg_d	reg_d	reg_d
final	ə s o ʊ s iː e ɪ t	ə s o ʊ s iː e ɪ t ə d	ə s o ʊ e ɪ t ə d	m ə n ɪ p j ə l e ɪ t	m ə n ɪ p j ə l e ɪ t ə d	m ə n ɪ p j ə l e ɪ t ə d	ə s o ʊ s iː e ɪ t ə d	0	1	reg_əd	other	reg_əd
final	ɪ n s ɪ s t	ɪ n s ɪ s t ə d	ɪ n s ɪ s t ə d	h e ɪ t	h e ɪ t ə d	h e ɪ t ə d	ɪ n s ɪ s t ə d	1	1	reg_əd	reg_əd	reg_əd
final	w iː	w iː d	w iː d	h ɹ̩ iː	h ɹ̩ iː d	h ɹ̩ iː d	w iː d	1	1	reg_d	reg_d	reg_d
final	ʃ ɔ r t ə n	ʃ ɔ r t ə n d	ʃ ɔ r t ə n d	r ʌ n	r ʌ n	r æ n	ʃ ɔ r t ə n	0	0	reg_d	reg_d	no_change
final	ə n l ɑː k	ə n l ɑː k t	ə n l ɑː k t	l a ɪ k	l a ɪ k t	l a ɪ k t	ə n l ɑː k t	1	1	reg_t	reg_t	reg_t
final	d ʌ b ə l	d ʌ b ə l d	d ʌ b ə l d	b æ t ə l	b æ t ə l d	b æ t ə l d	d ʌ b ə l d	1	1	reg_d	reg_d	reg_d
final	m ɑː p	m ɑː p t	m ɑː p t	f l æ p	f l æ p t	f l æ p t	m ɑː p t	1	1	reg_t	reg_t	reg_t
final	f ɛ t͡ʃ	f ɛ t͡ʃ t	f ɛ t͡ʃ t	p ʌ n t͡ʃ	p ʌ n t͡ʃ t	p ʌ n t͡ʃ t	f ɛ t͡ʃ t	1	1	reg_t	reg_t	reg_t
final	ʃ ɛ d	ʃ ɛ d ə d	ʃ ɛ d ə d	ɪ k s p l o ʊ d	ɪ k s p l o ʊ d ə d	ɪ k s p l o ʊ d ə d	ʃ ɛ d ə d	1	1	reg_əd	reg_əd	reg_əd
final	t r æ p	t r æ p t	t r æ p t	s t æ m p	s t æ m p t	s t æ m p t	t r æ p t	1	1	reg_t	reg_t	reg_t
final	b ɪ h e ɪ v	b ɪ h e ɪ v d	b ɪ h e ɪ v d	ə b z ɹ̩ v	ə b z ɹ̩ v d	ə b z ɹ̩ v d	b ɪ h e ɪ v d	1	1	reg_d	reg_d	reg_d
final	d ɪ l iː t	d ɪ l iː t ə d	d ɪ l iː t ə d	w ɔ n t	w ɔ n t ə d	w ɔ n t ə d	d ɪ l iː t ə d	1	1	reg_əd	reg_əd	reg_əd
final	p æ n	p æ n d	p æ n d	ɡ e ɪ n	ɡ e ɪ n d	ɡ e ɪ n d	p æ n d	1	1	reg_d	reg_d	reg_d
final	s k æ l ə p	s k æ l ə p t	s k æ l ə p t	r æ p	r æ p t	r æ p t	s k æ l ə p t	1	1	reg_t	reg_t	reg_t
final	n o ʊ t	n o ʊ t ə d	n o ʊ t ə d	ɪ n t ɹ̩ ʌ p t	ɪ n t ɹ̩ ʌ p t ə d	ɪ n t ɹ̩ ʌ p t ə d	n o ʊ t ə d	1	1	reg_əd	reg_əd	reg_əd
final	p ɑː k ə t	p ɑː k ə t ə d	p ɑː k ə t ə d	h ʌ n t	h ʌ n t ə d	h ʌ n t ə d	p ɑː k ə t ə d	1	1	reg_əd	reg_əd	reg_əd
final	r ə f l ɛ k t	r ə f l ɛ k t ə d	r ə f l ɛ k t ə d	k ʌ t	k ʌ t	k ʌ t	r ə f l ɛ k t	0	0	reg_əd	reg_əd	no_change
final	s t e ɪ t	s t e ɪ t ə d	s t e ɪ t ə d	iː t	e ɪ t	e ɪ t	NA	0	0	reg_əd	reg_əd	vowel_change
final	p r a ɪ	p r a ɪ d	p r a ɪ d	d a ɪ	d a ɪ d	d a ɪ d	p r a ɪ d	1	1	reg_d	reg_d	reg_d
final	ʃ uː	ʃ uː d	ʃ ɑː d	k ə n uː	k ə n uː d	k ə n uː d	ʃ uː d	0	1	reg_d	vowel_change_suffix	reg_d
final	k ɑː n s ə n t r e ɪ t	k ɑː n s ə n t r e ɪ t ə d	k ɑː r t r d	r iː p ɔ r t	r iː p ɔ r t ə d	r iː p ɔ r t ə d	k ɑː n s ə n t r e ɪ t ə d	0	1	reg_əd	other	reg_əd
final	s ʌ f ɹ̩	s ʌ f ɹ̩ d	s ʌ f ɹ̩ d	k l ʌ t ɹ̩	k l ʌ t ɹ̩ d	k l ʌ t ɹ̩ d	s ʌ f ɹ̩ d	1	1	reg_d	reg_d	reg_d
final	s ɪ z ə l	s ɪ z ə l d	s ɪ z ə l d	m ʌ m b ə l	m ʌ m b ə l d	m ʌ m b ə l d	s ɪ z ə l d	1	1	reg_d	reg_d	reg_d
final	p r ə p o ʊ z	p r ə p o ʊ z d	p r ə p o ʊ z d	k l o ʊ z	k l o ʊ z d	k l o ʊ z d	p r ə p o ʊ z d	1	1	reg_d	reg_d	reg_d
final	θ ɔ	θ ɔ d	θ ɔ d	k l ɔ	k l ɔ d	k l ɔ d	θ ɔ d	1	1	reg_d	reg_d	reg_d
final	r ɪ l e ɪ t	r ɪ l e ɪ t ə d	r ɪ l e ɪ t ə d	b æ t	b æ t ə d	b æ t ə d	r ɪ l e ɪ t ə d	1	1	reg_əd	reg_əd	reg_əd
final	t ɪ k	t ɪ k t	t ɪ k t	k r æ ŋ k	k r æ ŋ k t	k r æ ŋ k t	t ɪ k t	1	1	reg_t	reg_t	reg_t
final	ɛ d͡ʒ	ɛ d͡ʒ d	ɛ d͡ʒ d	ɡ a ʊ d͡ʒ	ɡ a ʊ d͡ʒ d	ɡ a ʊ d͡ʒ d	ɛ d͡ʒ d	1	1	reg_d	reg_d	reg_d
final	ɪ ɡ z ɪ s t	ɪ ɡ z ɪ s t ə d	ɪ ɡ z ɪ s t ə d	h ɹ̩ t	h ɹ̩ t	h ɹ̩ t	ɪ ɡ z ɪ s t	0	0	reg_əd	reg_əd	no_change
final	θ ɪ k ə n	θ ɪ k ə n d	θ ɪ k ə n d	o ʊ n	o ʊ n d	o ʊ n d	θ ɪ k ə n d	1	1	reg_d	reg_d	reg_d
final	r ɪ t ɹ̩ n	r ɪ t ɹ̩ n d	r ɪ t ɹ̩ n d	ʃ ɑː r p ə n	ʃ ɑː r p ə n d	ʃ ɑː r p ə n d	r ɪ t ɹ̩ n d	1	1	reg_d	reg_d	reg_d
final	t͡ʃ ɑː r d͡ʒ	t͡ʃ ɑː r d͡ʒ d	t͡ʃ ɑː r d͡ʒ d	ɡ a ʊ d͡ʒ	ɡ a ʊ d͡ʒ d	ɡ a ʊ d͡ʒ d	t͡ʃ ɑː r d͡ʒ d	1	1	reg_d	reg_d	reg_d
final	s t o ʊ n	s t o ʊ n d	s t o ʊ n d	m ɛ n ʃ ə n	m ɛ n ʃ ə n d	m ɛ n ʃ ə n d	s t o ʊ n d	1	1	reg_d	reg_d	reg_d
final	w ɛ l k ə m	w ɛ l k ə m d	w ɛ l k ə m d	t͡ʃ ɑː r m	t͡ʃ ɑː r m d	t͡ʃ ɑː r m d	w ɛ l k ə m d	1	1	reg_d	reg_d	reg_d
final	d ɪ n a ɪ	d ɪ n a ɪ d	d ɪ n a ɪ d	b a ɪ	b a ɪ d	b ɔ t	d ɪ n a ɪ d	1	1	reg_d	reg_d	reg_d
final	ɔ r ɡ ə n a ɪ z	ɔ r ɡ ə n a ɪ z d	ɔ ɡ r ɡ a ɪ z ɪ z	r ɛ k ə ɡ n a ɪ z	r ɛ k ə ɡ n a ɪ z d	r ɛ k ə ɡ n a ɪ z d	ɔ r ɡ ə n a ɪ z d	0	1	reg_d	other	reg_d
final	k ɑː r d	k ɑː r d ə d	k ɑː r d ə d	b l iː d	b l ɛ d ə d	b l ɛ d	NA	0	0	reg_əd	reg_əd	other
final	b o ʊ l t	b o ʊ l t ə d	b o ʊ l t ə d	d ʌ s t	d ʌ s t ə d	d ʌ s t ə d	b o ʊ l t ə d	1	1	reg_əd	reg_əd	reg_əd
final	s ə p ɔ r t	s ə p ɔ r t ə d	s ə p ɔ r t ə d	s ɪ t	s æ t	s æ t	NA	0	0	reg_əd	reg_əd	vowel_change
final	ɡ r a ʊ l	ɡ r a ʊ l d	ɡ r a ʊ l d	d ɪ t e ɪ l	d ɪ t e ɪ l d	d ɪ t e ɪ l d	ɡ r a ʊ l d	1	1	reg_d	reg_d	reg_d
final	d͡ʒ ɹ̩ k	d͡ʒ ɹ̩ k t	d͡ʒ ɹ̩ k t	d r ɪ ŋ k	d r æ ŋ k	d r æ ŋ k	NA	0	0	reg_t	reg_t	vowel_change
final	d ɪ s k ʌ v ɹ̩	d ɪ s k ʌ v ɹ̩ d	d ɪ s k ʌ v ɹ̩ d	m ʌ t ɹ̩	m ʌ t ɹ̩ d	m ʌ t ɹ̩ d	d ɪ s k ʌ v ɹ̩ d	1	1	reg_d	reg_d	reg_d
final	l æ s t	l æ s t ə d	l æ s t	r ɪ s p ɛ k t	r ɪ s p ɛ k t ə d	r ɪ s p ɛ k t ə d	l æ s t ə d	0	1	reg_əd	no_change	reg_əd
final	s ɛ n t ə n s	s ɛ n t ə n s t	s ɛ n t ə n s t	s p l a ɪ s	s p l a ɪ s t	s p l a ɪ s t	s ɛ n t ə n s t	1	1	reg_t	reg_t	reg_t
final	t æ t ə l	t æ t ə l d	t æ t ə l d	n ʌ k ə l	n ʌ k ə l d	n ʌ k ə l d	t æ t ə l d	1	1	reg_d	reg_d	reg_d
final	ə r ɛ s t	ə r ɛ s t ə d	ə r ɛ s t ə d	k r iː m e ɪ t	k r iː m e ɪ t ə d	k r iː m e ɪ t ə d	ə r ɛ s t ə d	1	1	reg_əd	reg_əd	reg_əd
final	ə n l o ʊ d	ə n l o ʊ d ə d	ə n l o ʊ d ə d	ɪ n t ɛ n d	ɪ n t ɛ n d ə d	ɪ n t ɛ n d ə d	ə n l o ʊ d ə d	1	1	reg_əd	reg_əd	reg_əd
final	n a ɪ f	n a ɪ f t	n a ɪ f t	h ʌ f	h ʌ f t	h ʌ f t	n a ɪ f t	1	1	reg_t	reg_t	reg_t
final	ə p r iː ʃ iː e ɪ t	ə p r iː ʃ iː e ɪ t ə d	ə p r iː e ɪ t ə d	r ɪ p iː t	r ɪ p iː t ə d	r ɪ p iː t ə d	ə p r iː ʃ iː e ɪ t ə d	0	1	reg_əd	other	reg_əd
final	r ʌ f	r ʌ f t	r ʌ f t	h ʌ f	h ʌ f t	h ʌ f t	r ʌ f t	1	1	reg_t	reg_t	reg_t
final	l æ t͡ʃ	l æ t͡ʃ t	l æ t͡ʃ t	r ɛ n t͡ʃ	r ɛ n t͡ʃ t	r ɛ n t͡ʃ t	l æ t͡ʃ t	1	1	reg_t	reg_t	reg_t
final	ɪ m p r uː v	ɪ m p r uː v d	ɪ m p r uː v d	ʃ ʌ v	ʃ ʌ v d	ʃ ʌ v d	ɪ m p r uː v d	1	1	reg_d	reg_d	reg_d
final	r ɪ v ɹ̩ t	r ɪ v ɹ̩ t ə d	r ɪ v ɹ̩ t ə d	b l o ʊ t	b l o ʊ t ə d	b l o ʊ t ə d	r ɪ v ɹ̩ t ə d	1	1	reg_əd	reg_əd	reg_əd
final	d ɔ n	d ɔ n d	d ɔ n d	z o ʊ n	z o ʊ n d	z o ʊ n d	d ɔ n d	1	1	reg_d	reg_d	reg_d
final	d ʌ ŋ k	d ʌ ŋ k t	d ʌ ŋ k t	l a ɪ k	l a ɪ k t	l a ɪ k t	d ʌ ŋ k t	1	1	reg_t	reg_t	reg_t
final	m ə n uː v ɹ̩	m ə n uː v ɹ̩ d	m ə n v uː v d	p ɪ k t͡ʃ ɹ̩	p ɪ k t͡ʃ ɹ̩ d	p ɪ k t͡ʃ ɹ̩ d	m ə n uː v ɹ̩ d	0	1	reg_d	other	reg_d
final	s w uː ʃ	s w uː ʃ t	s w uː ʃ t	b ɹ̩ n ɪ ʃ	b ɹ̩ n ɪ ʃ t	b ɹ̩ n ɪ ʃ t	s w uː ʃ t	1	1	reg_t	reg_t	reg_t
final	l uː p	l uː p t	l uː p t	b ʌ m p	b ʌ m p t	b ʌ m p t	l uː p t	1	1	reg_t	reg_t	reg_t
final	ə b a ɪ d	ə b a ɪ d ə d	ə b a ɪ d ə d	r ɪ d	r ɪ d	r ɪ d	ə b a ɪ d	0	0	reg_əd	reg_əd	no_change
final	k ə m p ɛ r	k ə m p ɛ r d	k ə m p ɛ r d	p ɔ r	p ɔ r d	p ɔ r d	k ə m p ɛ r d	1	1	reg_d	reg_d	reg_d
final	t͡ʃ æ n ə l	t͡ʃ æ n ə l d	t͡ʃ æ n ə l d	p uː l	p uː l d	p uː l d	t͡ʃ æ n ə l d	1	1	reg_d	reg_d	reg_d
final	s t ɔ r	s t ɔ r d	s t ɔ r d	r ɔ r	r ɔ r d	r ɔ r d	s t ɔ r d	1	1	reg_d	reg_d	reg_d
final	r ɪ p ɛ r	r ɪ p ɛ r d	r ɪ p ɛ r d	r ɔ r	r ɔ r d	r ɔ r d	r ɪ p ɛ r d	1	1	reg_d	reg_d	reg_d
final	d ɪ ʃ	d ɪ ʃ t	d ɪ ʃ t	k r æ ʃ	k r æ ʃ t	k r æ ʃ t	d ɪ ʃ t	1	1	reg_t	reg_t	reg_t
final	s p ɑː r k ə l	s p ɑː r k ə l d	s p ɑː r k ə l d	d r ɪ l	d r ɪ l d	d r ɪ l d	s p ɑː r k ə l d	1	1	reg_d	reg_d	reg_d
final	k w a ɪ ə t	k w a ɪ ə t ə d	k w a ɪ ə t ə d	t ɑː l ɹ̩ e ɪ t	t ɑː l ɹ̩ e ɪ t ə d	t ɑː l ɹ̩ e ɪ t ə d	k w a ɪ ə t ə d	1	1	reg_əd	reg_əd	reg_əd
final	k ə n t ɪ n j uː	k ə n t ɪ n j uː d	k ə n t ɪ n t ɪ n j uː t ə d	w uː	w uː d	w uː d	k ə n t ɪ n j uː d	0	1	reg_d	other	reg_d
final	p ɑː t	p ɑː t ə d	p ɑː t ə d	w ɛ t	w ɛ t	w ɛ t	p ɑː t	0	0	reg_əd	reg_əd	no_change
final	p r ɪ n t	p r ɪ n t ə d	p r ɪ n t ə d	w e ɪ t	w e ɪ t ə d	w e ɪ t ə d	p r ɪ n t ə d	1	1	reg_əd	reg_əd	reg_əd
final	s p a ɪ s	s p a ɪ s t	s p a ɪ s t	ɪ n t r ə d uː s	ɪ n t r ə d uː s t	ɪ n t r ə d uː s t	s p a ɪ s t	1	1	reg_t	reg_t	reg_t
final	b ɑː d iː	b ɑː d iː d	b ɑː d iː d	ɡ ɛ r ə n t iː	ɡ ɛ r ə n t iː d	ɡ ɛ r ə n t iː d	b ɑː d iː d	1	1	reg_d	reg_d	reg_d
final	s t r o ʊ k	s t r o ʊ k t	s t r o ʊ k t	b ɑː r k	b ɑː r k t	b ɑː r k t	s t r o ʊ k t	1	1	reg_t	reg_t	reg_t
final	ə n w a ɪ n d	ə n w a ʊ n d	ə n w a ɪ n d ə d	d ɪ s a ɪ d	d ɪ s a ɪ d ə d	d ɪ s a ɪ d ə d	ə n w a ɪ n d ə d	1	0	vowel_change	reg_əd	reg_əd
final	s t r æ ŋ ɡ ə l	s t r æ ŋ ɡ ə l d	s t r æ ŋ ɡ ə l d	ɪ n h e ɪ l	ɪ n h e ɪ l d	ɪ n h e ɪ l d	s t r æ ŋ ɡ ə l d	1	1	reg_d	reg_d	reg_d
final	p ɑː l ɪ ʃ	p ɑː l ɪ ʃ t	p ɑː l ɪ ʃ t	w ɪ ʃ	w ɪ ʃ t	w ɪ ʃ t	p ɑː l ɪ ʃ t	1	1	reg_t	reg_t	reg_t
final	p a ʊ n d	p a ʊ n d ə d	p a ʊ n d ə d	b æ n d	b æ n d ə d	b æ n d ə d	p a ʊ n d ə d	1	1	reg_əd	reg_əd	reg_əd
final	w ɪ s k	w ɪ s k t	w ɪ s k t	j æ ŋ k	j æ ŋ k t	j æ ŋ k t	w ɪ s k t	1	1	reg_t	reg_t	reg_t
final	ɡ l o ʊ	ɡ l o ʊ d	ɡ l uː	o ʊ v ɹ̩ f l o ʊ	o ʊ v ɹ̩ f l o ʊ d	o ʊ v ɹ̩ f l o ʊ d	ɡ l o ʊ d	0	1	reg_d	vowel_change	reg_d
final	a ɪ s	a ɪ s t	a ɪ s t	r ɪ v ɹ̩ s	r ɪ v ɹ̩ s t	r ɪ v ɹ̩ s t	a ɪ s t	1	1	reg_t	reg_t	reg_t
final	t iː z	t iː z d	t iː z d	r iː j uː z	r iː uː z d	r iː uː z d	NA	0	0	reg_d	reg_d	other
final	ɪ r ʌ p t	ɪ r ʌ p t ə d	ɪ r ʌ p t ə d	ɑː p ɹ̩ e ɪ t	ɑː p ɹ̩ e ɪ t ə d	ɑː p ɹ̩ e ɪ t ə d	ɪ r ʌ p t ə d	1	1	reg_əd	reg_əd	reg_əd
final	k ɑː n	k ɑː n d	k ɑː n d	d ɑː n	d ɑː n d	d ɑː n d	k ɑː n d	1	1	reg_d	reg_d	reg_d
final	d ɪ z ɑː l v	d ɪ z ɑː l v d	d ɪ z ɑː l v d	d a ɪ v	d a ɪ v d	d o ʊ v	d ɪ z ɑː l v d	1	1	reg_d	reg_d	reg_d
final	b l ɛ n d	b l ɛ n d ə d	b l ɛ n d ə d	s a ɪ d	s a ɪ d ə d	s a ɪ d ə d	b l ɛ n d ə d	1	1	reg_əd	reg_əd	reg_əd
final	ə r e ɪ n d͡ʒ	ə r e ɪ n d͡ʒ d	ə r e ɪ n d͡ʒ d	k e ɪ d͡ʒ	k e ɪ d͡ʒ d	k e ɪ d͡ʒ d	ə r e ɪ n d͡ʒ d	1	1	reg_d	reg_d	reg_d
final	f r e ɪ m	f r e ɪ m d	f r e ɪ m d	k ʌ m	k ʌ m d	k e ɪ m	f r e ɪ m d	1	1	reg_d	reg_d	reg_d
final	k ə m p iː t	k ə m p iː t ə d	k ə m p iː t ə d	h ʌ n t	h ʌ n t ə d	h ʌ n t ə d	k ə m p iː t ə d	1	1	reg_əd	reg_əd	reg_əd
final	s p iː d	s p ɛ d	s p iː d ə d	f iː d	f ɛ d	f ɛ d	s p ɛ d	0	1	vowel_change	reg_əd	vowel_change
final	h ɔ l	h ɔ l d	h ɔ l d	s p ɔ ɪ l	s p ɔ ɪ l d	s p ɔ ɪ l d	h ɔ l d	1	1	reg_d	reg_d	reg_d
final	s n æ ɡ	s n æ ɡ d	s n æ ɡ d	w æ ɡ	w æ ɡ d	w æ ɡ d	s n æ ɡ d	1	1	reg_d	reg_d	reg_d
final	ɪ n t r iː ɡ	ɪ n t r iː ɡ d	ɪ n t r iː ɡ d	b æ ɡ	b æ ɡ d	b æ ɡ d	ɪ n t r iː ɡ d	1	1	reg_d	reg_d	reg_d
final	l ɔ n t͡ʃ	l ɔ n t͡ʃ t	l ɔ n t͡ʃ t	t ʌ t͡ʃ	t ʌ t͡ʃ t	t ʌ t͡ʃ t	l ɔ n t͡ʃ t	1	1	reg_t	reg_t	reg_t
final	s æ ɡ	s æ ɡ d	s æ ɡ d	d r æ ɡ	d r æ ɡ d	d r æ ɡ d	s æ ɡ d	1	1	reg_d	reg_d	reg_d
final	d ɪ v ɛ l ə p	d ɪ v ɛ l ə p t	d ɪ v ɛ l ə p t	d ʌ m p	d ʌ m p t	d ʌ m p t	d ɪ v ɛ l ə p t	1	1	reg_t	reg_t	reg_t
final	s ɹ̩ v a ɪ v	s ɹ̩ v a ɪ v d	s ɹ̩ v a ɪ v d	s ɑː l v	s ɑː l v d	s ɑː l v d	s ɹ̩ v a ɪ v d	1	1	reg_d	reg_d	reg_d
final	r iː b ɪ l d	r iː b ɪ l t	r iː b ɪ l d ə d	h ɛ d	h ɛ d ə d	h ɛ d ə d	r iː b ɪ l d ə d	1	0	coda_change	reg_əd	reg_əd
final	ɛ n t ɹ̩	ɛ n t ɹ̩ d	ɛ n t ɹ̩ d	m ɛ ʒ ɹ̩	m ɛ ʒ ɹ̩ d	m ɛ ʒ ɹ̩ d	ɛ n t ɹ̩ d	1	1	reg_d	reg_d	reg_d
final	w ɹ̩ l	w ɹ̩ l d	w ɹ̩ l d	f iː l	f ɛ l t	f ɛ l t	NA	0	0	reg_d	reg_d	vowel_change_suffix
final	s p l æ t ɹ̩	s p l æ t ɹ̩ d	s p l æ t ɹ̩ d	w ɪ s p ɹ̩	w ɪ s p ɹ̩ d	w ɪ s p ɹ̩ d	s p l æ t ɹ̩ d	1	1	reg_d	reg_d	reg_d
final	w ɹ̩ ʃ ɪ p	w ɹ̩ ʃ ɪ p t	w ɹ̩ ʃ ɪ p t	h ɑː p	h ɑː p t	h ɑː p t	w ɹ̩ ʃ ɪ p t	1	1	reg_t	reg_t	reg_t
final	n iː d ə l	n iː d ə l d	n iː d ə l d	k ɹ̩ l	k ɹ̩ l d	k ɹ̩ l d	n iː d ə l d	1	1	reg_d	reg_d	reg_d
final	s p e ɪ s	s p e ɪ s t	s p e ɪ s t	p r æ k t ɪ s	p r æ k t ɪ s t	p r æ k t ɪ s t	s p e ɪ s t	1	1	reg_t	reg_t	reg_t
final	f l ɹ̩ t	f l ɹ̩ t ə d	f l ɹ̩ t ə d	s ɪ t	s æ t	s æ t	NA	0	0	reg_əd	reg_əd	vowel_change
final	p ɛ ɡ	p ɛ ɡ d	p ɛ ɡ d	d r æ ɡ	d r æ ɡ d	d r æ ɡ d	p ɛ ɡ d	1	1	reg_d	reg_d	reg_d
final	p a ʊ ɹ̩	p a ʊ ɹ̩ d	p a ʊ ɹ̩ d	s m ʌ ð ɹ̩	s m ʌ ð ɹ̩ d	s m ʌ ð ɹ̩ d	p a ʊ ɹ̩ d	1	1	reg_d	reg_d	reg_d
final	d ɪ s ɡ ʌ s t	d ɪ s ɡ ʌ s t ə d	d ɪ s ɡ s t ə d	ɪ n v ɛ s t ə ɡ e ɪ t	ɪ n v ɛ s t ə ɡ e ɪ t ə d	ɪ n v ɛ s t ə ɡ e ɪ t ə d	d ɪ s ɡ ʌ s t ə d	0	1	reg_əd	other	reg_əd
final	ɪ n k l uː d	ɪ n k l uː d ə d	ɪ n k l uː d ə d	w ɛ d	w ɛ d ə d	w ɛ d	ɪ n k l uː d ə d	1	1	reg_əd	reg_əd	reg_əd
final	h a ʊ l	h a ʊ l d	h a ʊ l d	f r ɛ k ə l	f r ɛ k ə l d	f r ɛ k ə l d	h a ʊ l d	1	1	reg_d	reg_d	reg_d
final	s ɪ m ɹ̩	s ɪ m ɹ̩ d	s æ m ɹ̩ d	s p l ɪ n t ɹ̩	s p l ɪ n t ɹ̩ d	s p l ɪ n t ɹ̩ d	s ɪ m ɹ̩ d	0	1	reg_d	other	reg_d
final	k ə m p l iː t	k ə m p l iː t ə d	k ə m p l iː t ə d	p ɛ t	p ɛ t	p ɛ t ə d	k ə m p l iː t	0	0	reg_əd	reg_əd	no_change
final	l e ɪ ɹ̩	l e ɪ ɹ̩ d	l e ɪ ɹ̩ d	t r ɪ ɡ ɹ̩	t r ɪ ɡ ɹ̩ d	t r ɪ ɡ ɹ̩ d	l e ɪ ɹ̩ d	1	1	reg_d	reg_d	reg_d
final	d ɑː k	d ɑː k t	d ɑː k t	s t r a ɪ k	s t r a ɪ k t	s t r ʌ k	d ɑː k t	1	1	reg_t	reg_t	reg_t
final	æ d m a ɪ ɹ̩	æ d m a ɪ ɹ̩ d	æ m a ɪ d ɹ̩ d	ɪ n k w a ɪ ɹ̩	ɪ n k w a ɪ ɹ̩ d	ɪ n k w a ɪ ɹ̩ d	æ d m a ɪ ɹ̩ d	0	1	reg_d	other	reg_d
final	d ɪ f ɛ n d	d ɪ f ɛ n d ə d	d ɪ f ɛ n d ə d	ɪ n t ɛ n d	ɪ n t ɛ n d ə d	ɪ n t ɛ n d ə d	d ɪ f ɛ n d ə d	1	1	reg_əd	reg_əd	reg_əd
final	p r ɪ v ɛ n t	p r ɪ v ɛ n t ə d	p r ɪ v ɛ n t ə d	t e ɪ s t	t e ɪ s t ə d	t e ɪ s t ə d	p r ɪ v ɛ n t ə d	1	1	reg_əd	reg_əd	reg_əd
final	p ɔ z	p ɔ z d	p ɔ z d	s ə p o ʊ z	s ə p o ʊ z d	s ə p o ʊ z d	p ɔ z d	1	1	reg_d	reg_d	reg_d
final	ə n ɔ ɪ	ə n ɔ ɪ d	ə n ɔ ɪ d	l a ɪ	l a ɪ d	l e ɪ	ə n ɔ ɪ d	1	1	reg_d	reg_d	reg_d
final	k ɹ̩ o ʊ d	k ɹ̩ o ʊ d ə d	k ɹ̩ o ʊ d ə d	p ɹ̩ s w e ɪ d	p ɹ̩ s w e ɪ d ə d	p ɹ̩ s w e ɪ d ə d	k ɹ̩ o ʊ d ə d	1	1	reg_əd	reg_əd	reg_əd
final	ɡ r ʌ n t	ɡ r ʌ n t ə d	ɡ r ʌ n t ə d	m ɔ l t	m ɔ l t ə d	m ɔ l t ə d	ɡ r ʌ n t ə d	1	1	reg_əd	reg_əd	reg_əd
final	t r ʌ m p ə t	t r ʌ m p ə t ə d	t r ʌ m p ə t ə d	ɪ n t ə r ɛ s t	ɪ n t ə r ɛ s t ə d	ɪ n t ə r ɛ s t ə d	t r ʌ m p ə t ə d	1	1	reg_əd	reg_əd	reg_əd
final	r ɪ ɡ r ɛ t	r ɪ ɡ r ɛ t ə d	r ɪ ɡ r ɛ t ə d	s ɛ t	s ɛ t	s ɛ t	r ɪ ɡ r ɛ t	0	0	reg_əd	reg_əd	no_change
final	b ɔ r	b ɔ r d	b ɔ r d	s t ɑː r	s t ɑː r d	s t ɑː r d	b ɔ r d	1	1	reg_d	reg_d	reg_d
final	k ə m p l e ɪ n	k ə m p l e ɪ n d	k ə m p l e ɪ n d	r æ ʃ ə n	r æ ʃ ə n d	r æ ʃ ə n d	k ə m p l e ɪ n d	1	1	reg_d	reg_d	reg_d
final	s p ɔ r t	s p ɔ r t ə d	s p ɔ r t ə d	ə f ɛ k t	ə f ɛ k t ə d	ə f ɛ k t ə d	s p ɔ r t ə d	1	1	reg_əd	reg_əd	reg_əd
final	ɡ r æ s	ɡ r æ s t	ɡ r æ s t	m ɪ k s	m ɪ k s t	m ɪ k s t	ɡ r æ s t	1	1	reg_t	reg_t	reg_t
final	θ ʌ m	θ ʌ m d	θ ʌ m d	r iː n e ɪ m	r iː n e ɪ m d	r iː n e ɪ m d	θ ʌ m d	1	1	reg_d	reg_d	reg_d
final	ɪ k s p o ʊ z	ɪ k s p o ʊ z d	ɪ k s p o ʊ z d	s k w iː z	s k w iː z d	s k w iː z d	ɪ k s p o ʊ z d	1	1	reg_d	reg_d	reg_d
final	p l ʌ ŋ k	p l ʌ ŋ k t	p l ʌ ŋ k t	k r iː k	k r iː k t	k r iː k t	p l ʌ ŋ k t	1	1	reg_t	reg_t	reg_t
final	s p l ɪ t	s p l ɪ t	s p l ɪ t ə d	ə f ɛ k t	ə f ɛ k t ə d	ə f ɛ k t ə d	s p l ɪ t ə d	1	0	no_change	reg_əd	reg_əd
final	b æ n ɪ ʃ	b æ n ɪ ʃ t	b æ n ɪ ʃ t	s w ɪ ʃ	s w ɪ ʃ t	s w ɪ ʃ t	b æ n ɪ ʃ t	1	1	reg_t	reg_t	reg_t
final	b ɛ l t͡ʃ	b ɛ l t͡ʃ t	b ɛ l t͡ʃ t	p ɪ t͡ʃ	p ɪ t͡ʃ t	p ɪ t͡ʃ t	b ɛ l t͡ʃ t	1	1	reg_t	reg_t	reg_t
final	s t ʌ b	s t ʌ b d	s t ʌ b d	d ɪ s k r a ɪ b	d ɪ s k r a ɪ b d	d ɪ s k r a ɪ b d	s t ʌ b d	1	1	reg_d	reg_d	reg_d
final	d ɪ p ɔ r t	d ɪ p ɔ r t ə d	d ɪ p ɔ r t ə d	s ʌ f ə k e ɪ t	s ʌ f ə k e ɪ t ə d	s ʌ f ə k e ɪ t ə d	d ɪ p ɔ r t ə d	1	1	reg_əd	reg_əd	reg_əd
final	m ɑː r k ə t	m ɑː r k ə t ə d	m ɑː r k ə t ə d	m iː t	m ɛ t	m ɛ t	NA	0	0	reg_əd	reg_əd	vowel_change
majority	s iː	s ɔ	s iː d	k r e ɪ v	k r e ɪ v d	k r e ɪ v d	s iː d	1	0	vowel_change	reg_d	reg_d
majority	ɡ ɛ t	ɡ ɑː t	ɡ ɛ t	p æ t ɹ̩ n	p æ t ɹ̩ n d	p æ t ɹ̩ n d	ɡ ɛ t d	0	0	vowel_change	no_change	reg_d
majority	n ɑː k	n ɑː k t	n ɑː k t	b ɑː ɡ	b ɑː ɡ d	b ɑː ɡ d	n ɑː k d	0	0	reg_t	reg_t	reg_d
majority	θ ɪ ŋ k	θ ɔ t	θ ɪ ŋ k t	ə n p l ʌ ɡ	ə n p l ʌ ɡ d	ə n p l ʌ ɡ d	θ ɪ ŋ k d	0	0	rhyme_replaced	reg_t	reg_d
majority	k l iː n	k l iː n d	k l iː n d	k l o ʊ z	k l o ʊ z d	k l o ʊ z d	k l iː n d	1	1	reg_d	reg_d	reg_d
majority	b ɪ l iː v	b ɪ l iː v d	b ɪ l iː v d	b l e ɪ m	b l e ɪ m d	b l e ɪ m d	b ɪ l iː v d	1	1	reg_d	reg_d	reg_d
majority	ɡ ɪ v	ɡ e ɪ v	ɡ ɪ v d	p ʊ l	p ʊ l d	p ʊ l d	ɡ ɪ v d	1	0	vowel_change	reg_d	reg_d
majority	t e ɪ k	t ʊ k	t e ɪ k t	s k ɔ r	s k ɔ r d	s k ɔ r d	t e ɪ k d	0	0	vowel_change	reg_t	reg_d
majority	s t æ n d	s t ʊ d	s t æ n d ə d	s ɛ n t ɹ̩	s ɛ n t ɹ̩ d	s ɛ n t ɹ̩ d	s t æ n d d	0	0	rhyme_replaced	reg_əd	reg_d
majority	j ɛ l	j ɛ l d	j ɛ l d	d ɪ ŋ	d ɪ ŋ d	d ɪ ŋ d	j ɛ l d	1	1	reg_d	reg_d	reg_d
majority	f ɪ k s	f ɪ k s t	f ɪ k s t	d͡ʒ ʌ ɡ ə l	d͡ʒ ʌ ɡ ə l d	d͡ʒ ʌ ɡ ə l d	f ɪ k s d	0	0	reg_t	reg_t	reg_d
majority	k l æ p	k l æ p t	k l æ p t	w e ɪ l	w e ɪ l d	w e ɪ l d	k l æ p d	0	0	reg_t	reg_t	reg_d
majority	r a ɪ m	r a ɪ m d	r o ʊ m d	p ɹ̩ f ɔ r m	p ɹ̩ f ɔ r m d	p ɹ̩ f ɔ r m d	r a ɪ m d	0	1	reg_d	vowel_change_suffix	reg_d
majority	t ɛ l	t o ʊ l d	t ɛ l d	k ɑː l ɹ̩	k ɑː l ɹ̩ d	k ɑː l ɹ̩ d	t ɛ l d	1	0	vowel_change_suffix	reg_d	reg_d
majority	f ɔ l	f ɛ l	f ɔ l d	t ʌ m b ə l	t ʌ m b ə l d	t ʌ m b ə l d	f ɔ l d	1	0	vowel_change	reg_d	reg_d
majority	r o ʊ l	r o ʊ l d	r o ʊ l d	l ɔ ŋ	l ɔ ŋ d	l ɔ ŋ d	r o ʊ l d	1	1	reg_d	reg_d	reg_d
majority	k uː l	k uː l d	k uː l d	l e ɪ b ə l	l e ɪ b ə l d	l e ɪ b ə l d	k uː l d	1	1	reg_d	reg_d	reg_d
majority	s ɪ ŋ	s æ ŋ	s æ ŋ d	k ɹ̩ l	k ɹ̩ l d	k ɹ̩ l d	s ɪ ŋ d	0	0	vowel_change	vowel_change_suffix	reg_d
majority	h o ʊ l d	h ɛ l d	h o ʊ l d ə d	l e ɪ b ə l	l e ɪ b ə l d	l e ɪ b ə l d	h o ʊ l d d	0	0	vowel_change	reg_əd	reg_d
majority	d r ɛ s	d r ɛ s t	d r ɛ s t	l ʌ v	l ʌ v d	l ʌ v d	d r ɛ s d	0	0	reg_t	reg_t	reg_d
majority	w e ɪ k	w o ʊ k	w e ɪ k t	m ʌ m b ə l	m ʌ m b ə l d	m ʌ m b ə l d	w e ɪ k d	0	0	vowel_change	reg_t	reg_d
majority	m uː v	m uː v d	m uː v d	f a ɪ n	f a ɪ n d	f a ɪ n d	m uː v d	1	1	reg_d	reg_d	reg_d
majority	b ɪ l d	b ɪ l t	b ɪ l d ə d	t w ɹ̩ l	t w ɹ̩ l d	t w ɹ̩ l d	b ɪ l d d	0	0	coda_change	reg_əd	reg_d
majority	p uː p	p uː p t	p uː p t	ɡ ɑː b ə l	ɡ ɑː b ə l d	ɡ ɑː b ə l d	p uː p d	0	0	reg_t	reg_t	reg_d
majority	k ɛ r	k ɛ r d	k ɛ r d	s t e ɪ n	s t e ɪ n d	s t e ɪ n d	k ɛ r d	1	1	reg_d	reg_d	reg_d
majority	b ɛ r iː	b ɛ r iː d	b ɛ r iː d	r iː t͡ʃ ɑː r d͡ʒ	r iː t͡ʃ ɑː r d͡ʒ d	r iː t͡ʃ ɑː r d͡ʒ d	b ɛ r iː d	1	1	reg_d	reg_d	reg_d
majority	p æ n t	p æ n t ə d	p æ n t ə d	s p l ɪ n t ɹ̩	s p l ɪ n t ɹ̩ d	s p l ɪ n t ɹ̩ d	p æ n t d	0	0	reg_əd	reg_əd	reg_d
majority	t ʌ k	t ʌ k t	t ʌ k t	t͡ʃ ɑː r m	t͡ʃ ɑː r m d	t͡ʃ ɑː r m d	t ʌ k d	0	0	reg_t	reg_t	reg_d
majority	b ɑː ð ɹ̩	b ɑː ð ɹ̩ d	b ɑː ð ɹ̩ d	ə r a ɪ z	ə r a ɪ z d	ə r o ʊ z	b ɑː ð ɹ̩ d	1	1	reg_d	reg_d	reg_d
majority	ɛ ɡ z ɪ t	ɛ ɡ z ɪ t ə d	ɛ ɡ z ɪ t ə d	p ɛ r	p ɛ r d	p ɛ r d	ɛ ɡ z ɪ t d	0	0	reg_əd	reg_əd	reg_d
majority	s t e ɪ	s t e ɪ d	s t e ɪ d	h a ɪ ɹ̩	h a ɪ ɹ̩ d	h a ɪ ɹ̩ d	s t e ɪ d	1	1	reg_d	reg_d	reg_d
majority	w ʌ n d ɹ̩	w ʌ n d ɹ̩ d	w ʌ n d ɹ̩ d	p r uː v	p r uː v d	p r uː v d	w ʌ n d ɹ̩ d	1	1	reg_d	reg_d	reg_d
majority	d ɪ p	d ɪ p t	d ɪ p t	ɡ ɑː r b ə l	ɡ ɑː r b ə l d	ɡ ɑː r b ə l d	d ɪ p d	0	0	reg_t	reg_t	reg_d
majority	h ʌ ɡ	h ʌ ɡ d	h ʌ ɡ d	ə t͡ʃ iː v	ə t͡ʃ iː v d	ə t͡ʃ iː v d	h ʌ ɡ d	1	1	reg_d	reg_d	reg_d
majority	v ɔ ɪ s	v ɔ ɪ s t	v ɔ ɪ s t	w ɪ ŋ	w ɪ ŋ d	w ɪ ŋ d	v ɔ ɪ s d	0	0	reg_t	reg_t	reg_d
majority	ə t æ t͡ʃ	ə t æ t͡ʃ t	ə t æ t͡ʃ t	ɡ ʌ n	ɡ ʌ n d	ɡ ʌ n d	ə t æ t͡ʃ d	0	0	reg_t	reg_t	reg_d
majority	s m ɛ l	s m ɛ l d	s m ɛ l d	k æ p t͡ʃ ɹ̩	k æ p t͡ʃ ɹ̩ d	k æ p t͡ʃ ɹ̩ d	s m ɛ l d	1	1	reg_d	reg_d	reg_d
majority	f ɪ n ɪ ʃ	f ɪ n ɪ ʃ t	f ɪ n ɪ ʃ t	r ɪ z ɛ m b ə l	r ɪ z ɛ m b ə l d	r ɪ z ɛ m b ə l d	f ɪ n ɪ ʃ d	0	0	reg_t	reg_t	reg_d
majority	t r ɑː t	t r ɑː t ə d	t r ɑː t ə d	l ʌ v	l ʌ v d	l ʌ v d	t r ɑː t d	0	0	reg_əd	reg_əd	reg_d
majority	b l ɛ s	b l ɛ s t	b l ɛ s t	v æ l j uː	v æ l j uː d	v æ l j uː d	b l ɛ s d	0	0	reg_t	reg_t	reg_d
majority	l ɛ d	l ɛ d ə d	l ɛ d	t͡ʃ e ɪ n d͡ʒ	t͡ʃ e ɪ n d͡ʒ d	t͡ʃ e ɪ n d͡ʒ d	l ɛ d d	0	0	reg_əd	no_change	reg_d
majority	p r ɛ s	p r ɛ s t	p r ɛ s t	s e ɪ l	s e ɪ l d	s e ɪ l d	p r ɛ s d	0	0	reg_t	reg_t	reg_d
majority	ə n z ɪ p	ə n z ɪ p t	ə n z ɪ p t	ə b æ n d ə n	ə b æ n d ə n d	ə b æ n d ə n d	ə n z ɪ p d	0	0	reg_t	reg_t	reg_d
majority	f ɪ l t ɹ̩	f ɪ l t ɹ̩ d	f ɪ l t ɹ̩ d	k ə n t e ɪ n	k ə n t e ɪ n d	k ə n t e ɪ n d	f ɪ l t ɹ̩ d	1	1	reg_d	reg_d	reg_d
majority	ʃ e ɪ v	ʃ e ɪ v d	ʃ e ɪ v d	ɛ n k ɹ̩ ɪ d͡ʒ	ɛ n k ɹ̩ ɪ d͡ʒ d	ɛ n k ɹ̩ ɪ d͡ʒ d	ʃ e ɪ v d	1	1	reg_d	reg_d	reg_d
majority	k ɑː s t	k ɑː s t	k ɑː s t ə d	b ɑː r b	b ɑː r b d	b ɑː r b d	k ɑː s t d	0	0	no_change	reg_əd	reg_d
majority	b r ʌ ʃ	b r ʌ ʃ t	b r ʌ ʃ t	t o ʊ	t o ʊ d	t o ʊ d	b r ʌ ʃ d	0	0	reg_t	reg_t	reg_d
majority	l æ n d	l æ n d ə d	l æ n d ə d	s m ʌ d͡ʒ	s m ʌ d͡ʒ d	s m ʌ d͡ʒ d	l æ n d d	0	0	reg_əd	reg_əd	reg_d
majority	s t ɛ p	s t ɛ p t	s t ɛ p t	f l e ɪ v ɹ̩	f l e ɪ v ɹ̩ d	f l e ɪ v ɹ̩ d	s t ɛ p d	0	0	reg_t	reg_t	reg_d
majority	m ɪ l k	m ɪ l k t	m ɪ l k t	v ɪ ʒ w ə l a ɪ z	v ɪ ʒ w ə l a ɪ z d	v ɪ ʒ w ə l a ɪ z d	m ɪ l k d	0	0	reg_t	reg_t	reg_d
majority	b ɛ s t	b ɛ s t ə d	b ɛ s t ə d	w æ ɡ	w æ ɡ d	w æ ɡ d	b ɛ s t d	0	0	reg_əd	reg_əd	reg_d
majority	m a ɪ n d	m a ɪ n d ə d	m a ɪ n d	iː v ɪ n	iː v ɪ n d	iː v ɪ n d	m a ɪ n d d	0	0	reg_əd	no_change	reg_d
majority	w a ɪ t	w a ɪ t ə d	w a ɪ t	b ʊ t͡ʃ ɹ̩	b ʊ t͡ʃ ɹ̩ d	b ʊ t͡ʃ ɹ̩ d	w a ɪ t d	0	0	reg_əd	no_change	reg_d
majority	m æ k s	m æ k s t	m æ k s t	s t r e ɪ t ə n	s t r e ɪ t ə n d	s t r e ɪ t ə n d	m æ k s d	0	0	reg_t	reg_t	reg_d
majority	r iː t͡ʃ	r iː t͡ʃ t	r iː t͡ʃ t	d r a ʊ n	d r a ʊ n d	d r a ʊ n d	r iː t͡ʃ d	0	0	reg_t	reg_t	reg_d
majority	h o ʊ p	h o ʊ p t	h o ʊ p t	s k r iː m	s k r iː m d	s k r iː m d	h o ʊ p d	0	0	reg_t	reg_t	reg_d
majority	f o ʊ l d	f o ʊ l d ə d	f o ʊ l d ə d	w ɪ l	w ɪ l d	w ɪ l d	f o ʊ l d d	0	0	reg_əd	reg_əd	reg_d
majority	k l ɪ n t͡ʃ	k l ɪ n t͡ʃ t	k l ɪ n t͡ʃ t	s t r e ɪ t ə n	s t r e ɪ t ə n d	s t r e ɪ t ə n d	k l ɪ n t͡ʃ d	0	0	reg_t	reg_t	reg_d
majority	t r ɪ k	t r ɪ k t	t r ɪ k t	ɛ n t ɹ̩ t e ɪ n	ɛ n t ɹ̩ t e ɪ n d	ɛ n t ɹ̩ t e ɪ n d	t r ɪ k d	0	0	reg_t	reg_t	reg_d
majority	b ɛ n d	b ɛ n d ə d	b ɛ n d ə d	l e ɪ	l e ɪ d	l e ɪ d	b ɛ n d d	0	0	reg_əd	reg_əd	reg_d
majority	a ɪ d ɛ n t ə f a ɪ	a ɪ d ɛ n t ə f a ɪ d	a ʊ n t ə d	s e ɪ v	s e ɪ v d	s e ɪ v d	a ɪ d ɛ n t ə f a ɪ d	0	1	reg_d	other	reg_d
majority	d͡ʒ ɔ ɪ n	d͡ʒ ɔ ɪ n d	d͡ʒ ɔ ɪ n d	ɛ k s ɹ̩ s a ɪ z	ɛ k s ɹ̩ s a ɪ z d	ɛ k s ɹ̩ s a ɪ z d	d͡ʒ ɔ ɪ n d	1	1	reg_d	reg_d	reg_d
majority	k ə n f j uː z	k ə n f j uː z d	k ə n f j uː z d	ɛ k s ɹ̩ s a ɪ z	ɛ k s ɹ̩ s a ɪ z d	ɛ k s ɹ̩ s a ɪ z d	k ə n f j uː z d	1	1	reg_d	reg_d	reg_d
majority	b ɛ r	b o ʊ r	b ɛ r d	s k ɔ r	s k ɔ r d	s k ɔ r d	b ɛ r d	1	0	vowel_change	reg_d	reg_d
majority	r ɛ s t	r ɛ s t ə d	r ɛ s t	d a ɪ v	d a ɪ v d	d o ʊ v	r ɛ s t d	0	0	reg_əd	no_change	reg_d
majority	p iː	p iː d	p iː d	r ɛ s ə l	r ɛ s ə l d	r ɛ s ə l d	p iː d	1	1	reg_d	reg_d	reg_d
majority	ɡ r æ b	ɡ r æ b d	ɡ r æ b d	b ʊ t͡ʃ ɹ̩	b ʊ t͡ʃ ɹ̩ d	b ʊ t͡ʃ ɹ̩ d	ɡ r æ b d	1	1	reg_d	reg_d	reg_d
majority	ə p r o ʊ t͡ʃ	ə p r o ʊ t͡ʃ t	ə p r o ʊ t͡ʃ t	ɪ m p r ɪ z ə n	ɪ m p r ɪ z ə n d	ɪ m p r ɪ z ə n d	ə p r o ʊ t͡ʃ d	0	0	reg_t	reg_t	reg_d
majority	p iː l	p iː l d	p iː l d	ɪ n k w a ɪ ɹ̩	ɪ n k w a ɪ ɹ̩ d	ɪ n k w a ɪ ɹ̩ d	p iː l d	1	1	reg_d	reg_d	reg_d
majority	m ɑː r t͡ʃ	m ɑː r t͡ʃ t	m ɑː r t͡ʃ t	t͡ʃ ʌ ɡ	t͡ʃ ʌ ɡ d	t͡ʃ ʌ ɡ d	m ɑː r t͡ʃ d	0	0	reg_t	reg_t	reg_d
majority	t æ k ə l	t æ k ə l d	t æ k ə l d	k l ɔ	k l ɔ d	k l ɔ d	t æ k ə l d	1	1	reg_d	reg_d	reg_d
majority	d ɪ ɡ	d ʌ ɡ	d ɪ ɡ d	s t e ɪ ʃ ə n	s t e ɪ ʃ ə n d	s t e ɪ ʃ ə n d	d ɪ ɡ d	1	0	vowel_change	reg_d	reg_d
majority	s ɛ t ə l	s ɛ t ə l d	s ɛ t ə l d	d͡ʒ ʌ ɡ ə l	d͡ʒ ʌ ɡ ə l d	d͡ʒ ʌ ɡ ə l d	s ɛ t ə l d	1	1	reg_d	reg_d	reg_d
majority	ɪ ɡ n ɔ r	ɪ ɡ n ɔ r d	ɪ ɡ ɔ r n d	s t iː r	s t iː r d	s t iː r d	ɪ ɡ n ɔ r d	0	1	reg_d	other	reg_d
majority	k ʌ v ɹ̩	k ʌ v ɹ̩ d	k ʌ v ɹ̩ d	b ɑː r b	b ɑː r b d	b ɑː r b d	k ʌ v ɹ̩ d	1	1	reg_d	reg_d	reg_d
majority	r ɑː t	r ɑː t ə d	r ɑː t	s k ɹ̩ iː	s k ɹ̩ iː d	s k ɹ̩ iː d	r ɑː t d	0	0	reg_əd	no_change	reg_d
majority	f l æ t ɹ̩	f l æ t ɹ̩ d	f l æ t ɹ̩ d	m a ʊ ð	m a ʊ ð d	m a ʊ ð d	f l æ t ɹ̩ d	1	1	reg_d	reg_d	reg_d
majority	b ʌ b ə l	b ʌ b ə l d	b ʌ b ə l d	s e ɪ l	s e ɪ l d	s e ɪ l d	b ʌ b ə l d	1	1	reg_d	reg_d	reg_d
majority	k o ʊ ɑː p ɹ̩ e ɪ t	k o ʊ ɑː p ɹ̩ e ɪ t ə d	k o ʊ p ɹ̩ p ɹ̩ d	s æ d ə l	s æ d ə l d	s æ d ə l d	k o ʊ ɑː p ɹ̩ e ɪ t d	0	0	reg_əd	other	reg_d
majority	ɡ r iː n	ɡ r iː n d	ɡ r iː n d	z o ʊ n	z o ʊ n d	z o ʊ n d	ɡ r iː n d	1	1	reg_d	reg_d	reg_d
majority	r e ɪ s	r e ɪ s t	r e ɪ s t	r iː f j uː ə l	r iː f j uː ə l d	r iː f j uː ə l d	r e ɪ s d	0	0	reg_t	reg_t	reg_d
majority	d æ n s	d æ n s t	d æ n s t	w uː	w uː d	w uː d	d æ n s d	0	0	reg_t	reg_t	reg_d
majority	p r ɑː d͡ʒ ɛ k t	p r ɑː d͡ʒ ɛ k t ə d	p r ɑː d͡ʒ ɛ k t ə d	t w a ɪ n	t w a ɪ n d	t w a ɪ n d	p r ɑː d͡ʒ ɛ k t d	0	0	reg_əd	reg_əd	reg_d
majority	b ɛ ɡ	b ɛ ɡ d	b ɛ ɡ d	d͡ʒ ɑː ɡ	d͡ʒ ɑː ɡ d	d͡ʒ ɑː ɡ d	b ɛ ɡ d	1	1	reg_d	reg_d	reg_d
majority	s ɹ̩ v ɪ s	s ɹ̩ v ɪ s t	s ɹ̩ v ɪ s t	v j uː	v j uː d	v j uː d	s ɹ̩ v ɪ s d	0	0	reg_t	reg_t	reg_d
majority	r ɛ p r ə z ɛ n t	r ɛ p r ə z ɛ n t ə d	r ɛ p r ə z ɛ n t ə d	t͡ʃ ʌ ɡ	t͡ʃ ʌ ɡ d	t͡ʃ ʌ ɡ d	r ɛ p r ə z ɛ n t d	0	0	reg_əd	reg_əd	reg_d
majority	ɪ m ɹ̩ d͡ʒ	ɪ m ɹ̩ d͡ʒ d	ɪ m ɹ̩ d͡ʒ d	d a ɪ	d a ɪ d	d a ɪ d	ɪ m ɹ̩ d͡ʒ d	1	1	reg_d	reg_d	reg_d
majority	b ɔ ɪ l	b ɔ ɪ l d	b ɔ ɪ l d	t ɛ l ə f o ʊ n	t ɛ l ə f o ʊ n d	t ɛ l ə f o ʊ n d	b ɔ ɪ l d	1	1	reg_d	reg_d	reg_d
majority	p ɹ̩ f ɛ k t	p ɹ̩ f ɛ k t ə d	p ɹ̩ f ɛ k t ə d	s k ʌ l p t͡ʃ ɹ̩	s k ʌ l p t͡ʃ ɹ̩ d	s k ʌ l p t͡ʃ ɹ̩ d	p ɹ̩ f ɛ k t d	0	0	reg_əd	reg_əd	reg_d
majority	r a ɪ z	r o ʊ z	r o ʊ z d	b æ b ə l	b æ b ə l d	b æ b ə l d	r a ɪ z d	0	0	vowel_change	vowel_change_suffix	reg_d
majority	s k r iː n	s k r iː n d	s k r iː n d	r iː p ə z ɪ ʃ ə n	r iː p ə z ɪ ʃ ə n d	r iː p ə z ɪ ʃ ə n d	s k r iː n d	1	1	reg_d	reg_d	reg_d
majority	t r e ɪ n	t r e ɪ n d	t r e ɪ n d	d ɪ f ɹ̩	d ɪ f ɹ̩ d	d ɪ f ɹ̩ d	t r e ɪ n d	1	1	reg_d	reg_d	reg_d
majority	s o ʊ	s o ʊ d	s o ʊ d	p ɛ p ɹ̩	p ɛ p ɹ̩ d	p ɛ p ɹ̩ d	s o ʊ d	1	1	reg_d	reg_d	reg_d
majority	f e ɪ s	f e ɪ s t	f e ɪ s t	ə n b ʌ t ə n	ə n b ʌ t ə n d	ə n b ʌ t ə n d	f e ɪ s d	0	0	reg_t	reg_t	reg_d
majority	s t ʌ d iː	s t ʌ d iː d	s t ʌ d iː d	p æ d ə l	p æ d ə l d	p æ d ə l d	s t ʌ d iː d	1	1	reg_d	reg_d	reg_d
majority	b l ɑː t	b l ɑː t ə d	b l ɑː t ə d	z uː m	z uː m d	z uː m d	b l ɑː t d	0	0	reg_əd	reg_əd	reg_d
majority	m e ɪ l	m e ɪ l d	m e ɪ l d	ə s uː m	ə s uː m d	ə s uː m d	m e ɪ l d	1	1	reg_d	reg_d	reg_d
majority	k l ɪ ŋ	k l ʌ ŋ	k l ʌ ŋ	ʃ ɛ l	ʃ ɛ l d	ʃ ɛ l d	k l ɪ ŋ d	0	0	vowel_change	vowel_change	reg_d
majority	p l ʌ ɡ	p l ʌ ɡ d	p l ʌ ɡ d	t r æ n s k r a ɪ b	t r æ n s k r a ɪ b d	t r æ n s k r a ɪ b d	p l ʌ ɡ d	1	1	reg_d	reg_d	reg_d
majority	p r e ɪ	p r e ɪ d	p r e ɪ d	k ɑː r v	k ɑː r v d	k ɑː r v d	p r e ɪ d	1	1	reg_d	reg_d	reg_d
majority	f l o ʊ	f l o ʊ d	f l uː	n ʌ k ə l	n ʌ k ə l d	n ʌ k ə l d	f l o ʊ d	0	1	reg_d	vowel_change	reg_d
majority	r iː m a ɪ n d	r iː m a ɪ n d ə d	r iː m a ɪ n d ə d	d a ɪ v	d a ɪ v d	d o ʊ v	r iː m a ɪ n d d	0	0	reg_əd	reg_əd	reg_d
majority	ɛ l b o ʊ	ɛ l b o ʊ d	ɛ l b o ʊ d	m ʌ s ə l	m ʌ s ə l d	m ʌ s ə l d	ɛ l b o ʊ d	1	1	reg_d	reg_d	reg_d
majority	f r iː z	f r o ʊ z	f r iː z d	k l ɔ	k l ɔ d	k l ɔ d	f r iː z d	1	0	vowel_change	reg_d	reg_d
majority	m ɪ m ɪ k	m ɪ m ɪ k t	m ɪ m ɪ k t	r iː f j uː ə l	r iː f j uː ə l d	r iː f j uː ə l d	m ɪ m ɪ k d	0	0	reg_t	reg_t	reg_d
majority	w iː l	w iː l d	w iː l d	b ɑː r b ɪ k j uː	b ɑː r b ɪ k j uː d	b ɑː r b ɪ k j uː d	w iː l d	1	1	reg_d	reg_d	reg_d
majority	p ʌ m p	p ʌ m p t	p ʌ m p t	v ɪ ʒ w ə l a ɪ z	v ɪ ʒ w ə l a ɪ z d	v ɪ ʒ w ə l a ɪ z d	p ʌ m p d	0	0	reg_t	reg_t	reg_d
majority	ɪ k s p ɛ k t	ɪ k s p ɛ k t ə d	ɪ k s p ɛ k t ə d	b uː	b uː d	b uː d	ɪ k s p ɛ k t d	0	0	reg_əd	reg_əd	reg_d
majority	w a ɪ n d	w a ɪ n d ə d	w a ɪ n d	w a ɪ ɹ̩	w a ɪ ɹ̩ d	w a ɪ ɹ̩ d	w a ɪ n d d	0	0	reg_əd	no_change	reg_d
majority	s k r ɪ b ə l	s k r ɪ b ə l d	s k r ɪ b ə l d	p ɪ ŋ	p ɪ ŋ d	p ɪ ŋ d	s k r ɪ b ə l d	1	1	reg_d	reg_d	reg_d
majority	r ɪ s p ɑː n d	r ɪ s p ɑː n d ə d	r ɪ s p ɑː n d ə d	p ɛ p ɹ̩	p ɛ p ɹ̩ d	p ɛ p ɹ̩ d	r ɪ s p ɑː n d d	0	0	reg_əd	reg_əd	reg_d
majority	r e ɪ z	r e ɪ z d	r e ɪ z d	b uː m	b uː m d	b uː m d	r e ɪ z d	1	1	reg_d	reg_d	reg_d
majority	ɡ ɪ ɡ ə l	ɡ ɪ ɡ ə l d	ɡ ɪ ɡ ə l d	ɡ r e ɪ z	ɡ r e ɪ z d	ɡ r e ɪ z d	ɡ ɪ ɡ ə l d	1	1	reg_d	reg_d	reg_d
majority	b ɑː r o ʊ	b ɑː r o ʊ d	b ɑː r o ʊ d	k j ʊ r	k j ʊ r d	k j ʊ r d	b ɑː r o ʊ d	1	1	reg_d	reg_d	reg_d
majority	s w ɑː l o ʊ	s w ɑː l o ʊ d	s w ɑː l o ʊ d	ɪ m p r ə v a ɪ z	ɪ m p r ə v a ɪ z d	ɪ m p r ə v a ɪ z d	s w ɑː l o ʊ d	1	1	reg_d	reg_d	reg_d
majority	d ɑː r n	d ɑː r n d	d ɑː r n d	p ɔ ɪ z ə n	p ɔ ɪ z ə n d	p ɔ ɪ z ə n d	d ɑː r n d	1	1	reg_d	reg_d	reg_d
majority	k ɑː p iː	k ɑː p iː d	k ɑː p iː d	t͡ʃ ɑː r m	t͡ʃ ɑː r m d	t͡ʃ ɑː r m d	k ɑː p iː d	1	1	reg_d	reg_d	reg_d
majority	s k r e ɪ p	s k r e ɪ p t	s k r e ɪ p t	p a ɪ l	p a ɪ l d	p a ɪ l d	s k r e ɪ p d	0	0	reg_t	reg_t	reg_d
majority	h o ʊ m	h o ʊ m d	h o ʊ m d	ə ɡ r iː	ə ɡ r iː d	ə ɡ r iː d	h o ʊ m d	1	1	reg_d	reg_d	reg_d
majority	f r iː	f r iː d	f r iː d	l uː s ə n	l uː s ə n d	l uː s ə n d	f r iː d	1	1	reg_d	reg_d	reg_d
majority	b r a ɪ t ə n	b r a ɪ t ə n d	b r a ɪ t ə n d	p r ə f ɹ̩	p r ə f ɹ̩ d	p r ə f ɹ̩ d	b r a ɪ t ə n d	1	1	reg_d	reg_d	reg_d
majority	ə r a ɪ v	ə r a ɪ v d	ə r a ɪ v d	s t e ɪ b ə l a ɪ z	s t e ɪ b ə l a ɪ z d	s t e ɪ b ə l a ɪ z d	ə r a ɪ v d	1	1	reg_d	reg_d	reg_d
majority	ɪ k s p l ɔ r	ɪ k s p l ɔ r d	ɪ k s p l ɔ r d	ɛ n t ɹ̩ t e ɪ n	ɛ n t ɹ̩ t e ɪ n d	ɛ n t ɹ̩ t e ɪ n d	ɪ k s p l ɔ r d	1	1	reg_d	reg_d	reg_d
majority	p ɹ̩ s	p ɹ̩ s t	p ɹ̩ s t	s p j uː	s p j uː d	s p j uː d	p ɹ̩ s d	0	0	reg_t	reg_t	reg_d
majority	t͡ʃ ɪ p	t͡ʃ ɪ p t	t͡ʃ ɪ p t	d r e ɪ n	d r e ɪ n d	d r e ɪ n d	t͡ʃ ɪ p d	0	0	reg_t	reg_t	reg_d
majority	b ɑː t ə l	b ɑː t ə l d	b ɑː t ə l d	s ɛ n t ɹ̩	s ɛ n t ɹ̩ d	s ɛ n t ɹ̩ d	b ɑː t ə l d	1	1	reg_d	reg_d	reg_d
majority	ə s o ʊ s iː e ɪ t	ə s o ʊ s iː e ɪ t ə d	ə s o ʊ e ɪ t ə d	b ʌ t ɹ̩	b ʌ t ɹ̩ d	b ʌ t ɹ̩ d	ə s o ʊ s iː e ɪ t d	0	0	reg_əd	other	reg_d
majority	ɪ n s ɪ s t	ɪ n s ɪ s t ə d	ɪ n s ɪ s t ə d	s k æ t ɹ̩	s k æ t ɹ̩ d	s k æ t ɹ̩ d	ɪ n s ɪ s t d	0	0	reg_əd	reg_əd	reg_d
majority	w iː	w iː d	w iː d	b ɑː r b	b ɑː r b d	b ɑː r b d	w iː d	1	1	reg_d	reg_d	reg_d
majority	ʃ ɔ r t ə n	ʃ ɔ r t ə n d	ʃ ɔ r t ə n d	s ɹ̩ v	s ɹ̩ v d	s ɹ̩ v d	ʃ ɔ r t ə n d	1	1	reg_d	reg_d	reg_d
majority	ə n l ɑː k	ə n l ɑː k t	ə n l ɑː k t	k æ p t͡ʃ ɹ̩	k æ p t͡ʃ ɹ̩ d	k æ p t͡ʃ ɹ̩ d	ə n l ɑː k d	0	0	reg_t	reg_t	reg_d
majority	d ʌ b ə l	d ʌ b ə l d	d ʌ b ə l d	s l o ʊ	s l o ʊ d	s l o ʊ d	d ʌ b ə l d	1	1	reg_d	reg_d	reg_d
majority	m ɑː p	m ɑː p t	m ɑː p t	r ɪ t a ɪ ɹ̩	r ɪ t a ɪ ɹ̩ d	r ɪ t a ɪ ɹ̩ d	m ɑː p d	0	0	reg_t	reg_t	reg_d
majority	f ɛ t͡ʃ	f ɛ t͡ʃ t	f ɛ t͡ʃ t	r ə s iː v	r ə s iː v d	r ə s iː v d	f ɛ t͡ʃ d	0	0	reg_t	reg_t	reg_d
majority	ʃ ɛ d	ʃ ɛ d ə d	ʃ ɛ d ə d	t a ʊ ɹ̩	t a ʊ ɹ̩ d	t a ʊ ɹ̩ d	ʃ ɛ d d	0	0	reg_əd	reg_əd	reg_d
majority	t r æ p	t r æ p t	t r æ p t	s t ɛ r	s t ɛ r d	s t ɛ r d	t r æ p d	0	0	reg_t	reg_t	reg_d
majority	b ɪ h e ɪ v	b ɪ h e ɪ v d	b ɪ h e ɪ v d	d æ z ə l	d æ z ə l d	d æ z ə l d	b ɪ h e ɪ v d	1	1	reg_d	reg_d	reg_d
majority	d ɪ l iː t	d ɪ l iː t ə d	d ɪ l iː t ə d	t ɑː p ə l	t ɑː p ə l d	t ɑː p ə l d	d ɪ l iː t d	0	0	reg_əd	reg_əd	reg_d
majority	p æ n	p æ n d	p æ n d	p a ʊ d ɹ̩	p a ʊ d ɹ̩ d	p a ʊ d ɹ̩ d	p æ n d	1	1	reg_d	reg_d	reg_d
majority	s k æ l ə p	s k æ l ə p t	s k æ l ə p t	m ʌ s ə l	m ʌ s ə l d	m ʌ s ə l d	s k æ l ə p d	0	0	reg_t	reg_t	reg_d
majority	n o ʊ t	n o ʊ t ə d	n o ʊ t ə d	b e ɪ ð	b e ɪ ð d	b e ɪ ð d	n o ʊ t d	0	0	reg_əd	reg_əd	reg_d
majority	p ɑː k ə t	p ɑː k ə t ə d	p ɑː k ə t ə d	k æ t ə l ɔ ɡ	k æ t ə l ɔ ɡ d	k æ t ə l ɔ ɡ d	p ɑː k ə t d	0	0	reg_əd	reg_əd	reg_d
majority	r ə f l ɛ k t	r ə f l ɛ k t ə d	r ə f l ɛ k t ə d	a ɪ ɹ̩ n	a ɪ ɹ̩ n d	a ɪ ɹ̩ n d	r ə f l ɛ k t d	0	0	reg_əd	reg_əd	reg_d
majority	s t e ɪ t	s t e ɪ t ə d	s t e ɪ t ə d	p æ m p ɹ̩	p æ m p ɹ̩ d	p æ m p ɹ̩ d	s t e ɪ t d	0	0	reg_əd	reg_əd	reg_d
majority	p r a ɪ	p r a ɪ d	p r a ɪ d	f ɪ l m	f ɪ l m d	f ɪ l m d	p r a ɪ d	1	1	reg_d	reg_d	reg_d
majority	ʃ uː	ʃ uː d	ʃ ɑː d	s ɹ̩ v	s ɹ̩ v d	s ɹ̩ v d	ʃ uː d	0	1	reg_d	vowel_change_suffix	reg_d
majority	k ɑː n s ə n t r e ɪ t	k ɑː n s ə n t r e ɪ t ə d	k ɑː r t r d	t͡ʃ iː r	t͡ʃ iː r d	t͡ʃ iː r d	k ɑː n s ə n t r e ɪ t d	0	0	reg_əd	other	reg_d
majority	s ʌ f ɹ̩	s ʌ f ɹ̩ d	s ʌ f ɹ̩ d	p ə t ɪ ʃ ə n	p ə t ɪ ʃ ə n d	p ə t ɪ ʃ ə n d	s ʌ f ɹ̩ d	1	1	reg_d	reg_d	reg_d
majority	s ɪ z ə l	s ɪ z ə l d	s ɪ z ə l d	w e ɪ	w e ɪ d	w e ɪ d	s ɪ z ə l d	1	1	reg_d	reg_d	reg_d
majority	p r ə p o ʊ z	p r ə p o ʊ z d	p r ə p o ʊ z d	s t ɔ r iː	s t ɔ r iː d	s t ɔ r iː d	p r ə p o ʊ z d	1	1	reg_d	reg_d	reg_d
majority	θ ɔ	θ ɔ d	θ ɔ d	m ɛ ʒ ɹ̩	m ɛ ʒ ɹ̩ d	m ɛ ʒ ɹ̩ d	θ ɔ d	1	1	reg_d	reg_d	reg_d
majority	r ɪ l e ɪ t	r ɪ l e ɪ t ə d	r ɪ l e ɪ t ə d	ə s uː m	ə s uː m d	ə s uː m d	r ɪ l e ɪ t d	0	0	reg_əd	reg_əd	reg_d
majority	t ɪ k	t ɪ k t	t ɪ k t	r iː ə l a ɪ z	r iː ə l a ɪ z d	r iː ə l a ɪ z d	t ɪ k d	0	0	reg_t	reg_t	reg_d
majority	ɛ d͡ʒ	ɛ d͡ʒ d	ɛ d͡ʒ d	k r iː m	k r iː m d	k r iː m d	ɛ d͡ʒ d	1	1	reg_d	reg_d	reg_d
majority	ɪ ɡ z ɪ s t	ɪ ɡ z ɪ s t ə d	ɪ ɡ z ɪ s t ə d	s m ʌ ð ɹ̩	s m ʌ ð ɹ̩ d	s m ʌ ð ɹ̩ d	ɪ ɡ z ɪ s t d	0	0	reg_əd	reg_əd	reg_d
majority	θ ɪ k ə n	θ ɪ k ə n d	θ ɪ k ə n d	d r ʌ ɡ	d r ʌ ɡ d	d r ʌ ɡ d	θ ɪ k ə n d	1	1	reg_d	reg_d	reg_d
majority	r ɪ t ɹ̩ n	r ɪ t ɹ̩ n d	r ɪ t ɹ̩ n d	k l iː r	k l iː r d	k l iː r d	r ɪ t ɹ̩ n d	1	1	reg_d	reg_d	reg_d
majority	t͡ʃ ɑː r d͡ʒ	t͡ʃ ɑː r d͡ʒ d	t͡ʃ ɑː r d͡ʒ d	ʃ æ m p uː	ʃ æ m p uː d	ʃ æ m p uː d	t͡ʃ ɑː r d͡ʒ d	1	1	reg_d	reg_d	reg_d
majority	s t o ʊ n	s t o ʊ n d	s t o ʊ n d	b r iː ð	b r iː ð d	b r iː ð d	s t o ʊ n d	1	1	reg_d	reg_d	reg_d
majority	w ɛ l k ə m	w ɛ l k ə m d	w ɛ l k ə m d	ɡ l ʌ v	ɡ l ʌ v d	ɡ l ʌ v d	w ɛ l k ə m d	1	1	reg_d	reg_d	reg_d
majority	d ɪ n a ɪ	d ɪ n a ɪ d	d ɪ n a ɪ d	r iː n e ɪ m	r iː n e ɪ m d	r iː n e ɪ m d	d ɪ n a ɪ d	1	1	reg_d	reg_d	reg_d
majority	ɔ r ɡ ə n a ɪ z	ɔ r ɡ ə n a ɪ z d	ɔ ɡ r ɡ a ɪ z ɪ z	t æ ɡ	t æ ɡ d	t æ ɡ d	ɔ r ɡ ə n a ɪ z d	0	1	reg_d	other	reg_d
majority	k ɑː r d	k ɑː r d ə d	k ɑː r d ə d	k j ʊ r	k j ʊ r d	k j ʊ r d	k ɑː r d d	0	0	reg_əd	reg_əd	reg_d
majority	b o ʊ l t	b o ʊ l t ə d	b o ʊ l t ə d	k ʌ m	k ʌ m d	k e ɪ m	b o ʊ l t d	0	0	reg_əd	reg_əd	reg_d
majority	s ə p ɔ r t	s ə p ɔ r t ə d	s ə p ɔ r t ə d	b ɑː r b	b ɑː r b d	b ɑː r b d	s ə p ɔ r t d	0	0	reg_əd	reg_əd	reg_d
majority	ɡ r a ʊ l	ɡ r a ʊ l d	ɡ r a ʊ l d	s p j uː	s p j uː d	s p j uː d	ɡ r a ʊ l d	1	1	reg_d	reg_d	reg_d
majority	d͡ʒ ɹ̩ k	d͡ʒ ɹ̩ k t	d͡ʒ ɹ̩ k t	d r iː m	d r iː m d	d r iː m d	d͡ʒ ɹ̩ k d	0	0	reg_t	reg_t	reg_d
majority	d ɪ s k ʌ v ɹ̩	d ɪ s k ʌ v ɹ̩ d	d ɪ s k ʌ v ɹ̩ d	m ɑː r	m ɑː r d	m ɑː r d	d ɪ s k ʌ v ɹ̩ d	1	1	reg_d	reg_d	reg_d
majority	l æ s t	l æ s t ə d	l æ s t	r ɛ k ə ɡ n a ɪ z	r ɛ k ə ɡ n a ɪ z d	r ɛ k ə ɡ n a ɪ z d	l æ s t d	0	0	reg_əd	no_change	reg_d
majority	s ɛ n t ə n s	s ɛ n t ə n s t	s ɛ n t ə n s t	s p r e ɪ	s p r e ɪ d	s p r e ɪ d	s ɛ n t ə n s d	0	0	reg_t	reg_t	reg_d
majority	t æ t ə l	t æ t ə l d	t æ t ə l d	h iː l	h iː l d	h iː l d	t æ t ə l d	1	1	reg_d	reg_d	reg_d
majority	ə r ɛ s t	ə r ɛ s t ə d	ə r ɛ s t ə d	k e ɪ d͡ʒ	k e ɪ d͡ʒ d	k e ɪ d͡ʒ d	ə r ɛ s t d	0	0	reg_əd	reg_əd	reg_d
majority	ə n l o ʊ d	ə n l o ʊ d ə d	ə n l o ʊ d ə d	s k r uː	s k r uː d	s k r uː d	ə n l o ʊ d d	0	0	reg_əd	reg_əd	reg_d
majority	n a ɪ f	n a ɪ f t	n a ɪ f t	ɪ m æ d͡ʒ ə n	ɪ m æ d͡ʒ ə n d	ɪ m æ d͡ʒ ə n d	n a ɪ f d	0	0	reg_t	reg_t	reg_d
majority	ə p r iː ʃ iː e ɪ t	ə p r iː ʃ iː e ɪ t ə d	ə p r iː e ɪ t ə d	s k iː	s k iː d	s k iː d	ə p r iː ʃ iː e ɪ t d	0	0	reg_əd	other	reg_d
majority	r ʌ f	r ʌ f t	r ʌ f t	k r ɔ l	k r ɔ l d	k r ɔ l d	r ʌ f d	0	0	reg_t	reg_t	reg_d
majority	l æ t͡ʃ	l æ t͡ʃ t	l æ t͡ʃ t	t r ɪ m	t r ɪ m d	t r ɪ m d	l æ t͡ʃ d	0	0	reg_t	reg_t	reg_d
majority	ɪ m p r uː v	ɪ m p r uː v d	ɪ m p r uː v d	s k æ t ɹ̩	s k æ t ɹ̩ d	s k æ t ɹ̩ d	ɪ m p r uː v d	1	1	reg_d	reg_d	reg_d
majority	r ɪ v ɹ̩ t	r ɪ v ɹ̩ t ə d	r ɪ v ɹ̩ t ə d	r ʌ m b ə l	r ʌ m b ə l d	r ʌ m b ə l d	r ɪ v ɹ̩ t d	0	0	reg_əd	reg_əd	reg_d
majority	d ɔ n	d ɔ n d	d ɔ n d	r ɛ k ə ɡ n a ɪ z	r ɛ k ə ɡ n a ɪ z d	r ɛ k ə ɡ n a ɪ z d	d ɔ n d	1	1	reg_d	reg_d	reg_d
majority	d ʌ ŋ k	d ʌ ŋ k t	d ʌ ŋ k t	s k ʌ l p t͡ʃ ɹ̩	s k ʌ l p t͡ʃ ɹ̩ d	s k ʌ l p t͡ʃ ɹ̩ d	d ʌ ŋ k d	0	0	reg_t	reg_t	reg_d
majority	m ə n uː v ɹ̩	m ə n uː v ɹ̩ d	m ə n v uː v d	w ɔ r n	w ɔ r n d	w ɔ r n d	m ə n uː v ɹ̩ d	0	1	reg_d	other	reg_d
majority	s w uː ʃ	s w uː ʃ t	s w uː ʃ t	s e ɪ v	s e ɪ v d	s e ɪ v d	s w uː ʃ d	0	0	reg_t	reg_t	reg_d
majority	l uː p	l uː p t	l uː p t	k ɑː l ɹ̩	k ɑː l ɹ̩ d	k ɑː l ɹ̩ d	l uː p d	0	0	reg_t	reg_t	reg_d
majority	ə b a ɪ d	ə b a ɪ d ə d	ə b a ɪ d ə d	p e ɪ	p e ɪ d	p e ɪ d	ə b a ɪ d d	0	0	reg_əd	reg_əd	reg_d
majority	k ə m p ɛ r	k ə m p ɛ r d	k ə m p ɛ r d	r ɔ r	r ɔ r d	r ɔ r d	k ə m p ɛ r d	1	1	reg_d	reg_d	reg_d
majority	t͡ʃ æ n ə l	t͡ʃ æ n ə l d	t͡ʃ æ n ə l d	s iː s ɔ	s iː s ɔ d	s iː s ɔ d	t͡ʃ æ n ə l d	1	1	reg_d	reg_d	reg_d
majority	s t ɔ r	s t ɔ r d	s t ɔ r d	d a ɪ ə l	d a ɪ ə l d	d a ɪ ə l d	s t ɔ r d	1	1	reg_d	reg_d	reg_d
majority	r ɪ p ɛ r	r ɪ p ɛ r d	r ɪ p ɛ r d	k ɔ r n ɹ̩	k ɔ r n ɹ̩ d	k ɔ r n ɹ̩ d	r ɪ p ɛ r d	1	1	reg_d	reg_d	reg_d
majority	d ɪ ʃ	d ɪ ʃ t	d ɪ ʃ t	ɡ ʌ m	ɡ ʌ m d	ɡ ʌ m d	d ɪ ʃ d	0	0	reg_t	reg_t	reg_d
majority	s p ɑː r k ə l	s p ɑː r k ə l d	s p ɑː r k ə l d	s p r e ɪ	s p r e ɪ d	s p r e ɪ d	s p ɑː r k ə l d	1	1	reg_d	reg_d	reg_d
majority	k w a ɪ ə t	k w a ɪ ə t ə d	k w a ɪ ə t ə d	s m ʌ d͡ʒ	s m ʌ d͡ʒ d	s m ʌ d͡ʒ d	k w a ɪ ə t d	0	0	reg_əd	reg_əd	reg_d
majority	k ə n t ɪ n j uː	k ə n t ɪ n j uː d	k ə n t ɪ n t ɪ n j uː t ə d	t ɛ n d ɹ̩	t ɛ n d ɹ̩ d	t ɛ n d ɹ̩ d	k ə n t ɪ n j uː d	0	1	reg_d	other	reg_d
majority	p ɑː t	p ɑː t ə d	p ɑː t ə d	k w ɛ s t͡ʃ ə n	k w ɛ s t͡ʃ ə n d	k w ɛ s t͡ʃ ə n d	p ɑː t d	0	0	reg_əd	reg_əd	reg_d
majority	p r ɪ n t	p r ɪ n t ə d	p r ɪ n t ə d	m ʌ l t ə p l a ɪ	m ʌ l t ə p l a ɪ d	m ʌ l t ə p l a ɪ d	p r ɪ n t d	0	0	reg_əd	reg_əd	reg_d
majority	s p a ɪ s	s p a ɪ s t	s p a ɪ s t	k ʌ l ɹ̩	k ʌ l ɹ̩ d	k ʌ l ɹ̩ d	s p a ɪ s d	0	0	reg_t	reg_t	reg_d
majority	b ɑː d iː	b ɑː d iː d	b ɑː d iː d	p ɔ r	p ɔ r d	p ɔ r d	b ɑː d iː d	1	1	reg_d	reg_d	reg_d
majority	s t r o ʊ k	s t r o ʊ k t	s t r o ʊ k t	w uː	w uː d	w uː d	s t r o ʊ k d	0	0	reg_t	reg_t	reg_d
majority	ə n w a ɪ n d	ə n w a ʊ n d	ə n w a ɪ n d ə d	s k ɔ r	s k ɔ r d	s k ɔ r d	ə n w a ɪ n d d	0	0	vowel_change	reg_əd	reg_d
majority	s t r æ ŋ ɡ ə l	s t r æ ŋ ɡ ə l d	s t r æ ŋ ɡ ə l d	l e ɪ	l e ɪ d	l e ɪ d	s t r æ ŋ ɡ ə l d	1	1	reg_d	reg_d	reg_d
majority	p ɑː l ɪ ʃ	p ɑː l ɪ ʃ t	p ɑː l ɪ ʃ t	z uː m	z uː m d	z uː m d	p ɑː l ɪ ʃ d	0	0	reg_t	reg_t	reg_d
majority	p a ʊ n d	p a ʊ n d ə d	p a ʊ n d ə d	r æ ʃ ə n	r æ ʃ ə n d	r æ ʃ ə n d	p a ʊ n d d	0	0	reg_əd	reg_əd	reg_d
majority	w ɪ s k	w ɪ s k t	w ɪ s k t	w ɪ l	w ɪ l d	w ɪ l d	w ɪ s k d	0	0	reg_t	reg_t	reg_d
majority	ɡ l o ʊ	ɡ l o ʊ d	ɡ l uː	h ɹ̩ iː	h ɹ̩ iː d	h ɹ̩ iː d	ɡ l o ʊ d	0	1	reg_d	vowel_change	reg_d
majority	a ɪ s	a ɪ s t	a ɪ s t	w ɹ̩ iː	w ɹ̩ iː d	w ɹ̩ iː d	a ɪ s d	0	0	reg_t	reg_t	reg_d
majority	t iː z	t iː z d	t iː z d	t ɛ l ə f o ʊ n	t ɛ l ə f o ʊ n d	t ɛ l ə f o ʊ n d	t iː z d	1	1	reg_d	reg_d	reg_d
majority	ɪ r ʌ p t	ɪ r ʌ p t ə d	ɪ r ʌ p t ə d	b ʌ ɡ	b ʌ ɡ d	b ʌ ɡ d	ɪ r ʌ p t d	0	0	reg_əd	reg_əd	reg_d
majority	k ɑː n	k ɑː n d	k ɑː n d	w ɪ l	w ɪ l d	w ɪ l d	k ɑː n d	1	1	reg_d	reg_d	reg_d
majority	d ɪ z ɑː l v	d ɪ z ɑː l v d	d ɪ z ɑː l v d	s p ɪ l	s p ɪ l d	s p ɪ l d	d ɪ z ɑː l v d	1	1	reg_d	reg_d	reg_d
majority	b l ɛ n d	b l ɛ n d ə d	b l ɛ n d ə d	k l ʌ t ɹ̩	k l ʌ t ɹ̩ d	k l ʌ t ɹ̩ d	b l ɛ n d d	0	0	reg_əd	reg_əd	reg_d
majority	ə r e ɪ n d͡ʒ	ə r e ɪ n d͡ʒ d	ə r e ɪ n d͡ʒ d	ə k ɹ̩	ə k ɹ̩ d	ə k ɹ̩ d	ə r e ɪ n d͡ʒ d	1	1	reg_d	reg_d	reg_d
majority	f r e ɪ m	f r e ɪ m d	f r e ɪ m d	n o ʊ	n o ʊ d	n uː	f r e ɪ m d	1	1	reg_d	reg_d	reg_d
majority	k ə m p iː t	k ə m p iː t ə d	k ə m p iː t ə d	d ʌ b	d ʌ b d	d ʌ b d	k ə m p iː t d	0	0	reg_əd	reg_əd	reg_d
majority	s p iː d	s p ɛ d	s p iː d ə d	ɡ r ɪ l	ɡ r ɪ l d	ɡ r ɪ l d	s p iː d d	0	0	vowel_change	reg_əd	reg_d
majority	h ɔ l	h ɔ l d	h ɔ l d	r ɛ d iː	r ɛ d iː d	r ɛ d iː d	h ɔ l d	1	1	reg_d	reg_d	reg_d
majority	s n æ ɡ	s n æ ɡ d	s n æ ɡ d	f j uː ə l	f j uː ə l d	f j uː ə l d	s n æ ɡ d	1	1	reg_d	reg_d	reg_d
majority	ɪ n t r iː ɡ	ɪ n t r iː ɡ d	ɪ n t r iː ɡ d	ə t͡ʃ iː v	ə t͡ʃ iː v d	ə t͡ʃ iː v d	ɪ n t r iː ɡ d	1	1	reg_d	reg_d	reg_d
majority	l ɔ n t͡ʃ	l ɔ n t͡ʃ t	l ɔ n t͡ʃ t	k l a ɪ m	k l a ɪ m d	k l a ɪ m d	l ɔ n t͡ʃ d	0	0	reg_t	reg_t	reg_d
majority	s æ ɡ	s æ ɡ d	s æ ɡ d	d͡ʒ ʌ ɡ ə l	d͡ʒ ʌ ɡ ə l d	d͡ʒ ʌ ɡ ə l d	s æ ɡ d	1	1	reg_d	reg_d	reg_d
majority	d ɪ v ɛ l ə p	d ɪ v ɛ l ə p t	d ɪ v ɛ l ə p t	l ɪ s ə n	l ɪ s ə n d	l ɪ s ə n d	d ɪ v ɛ l ə p d	0	0	reg_t	reg_t	reg_d
majority	s ɹ̩ v a ɪ v	s ɹ̩ v a ɪ v d	s ɹ̩ v a ɪ v d	w ɔ r n	w ɔ r n d	w ɔ r n d	s ɹ̩ v a ɪ v d	1	1	reg_d	reg_d	reg_d
majority	r iː b ɪ l d	r iː b ɪ l t	r iː b ɪ l d ə d	r iː p l e ɪ	r iː p l e ɪ d	r iː p l e ɪ d	r iː b ɪ l d d	0	0	coda_change	reg_əd	reg_d
majority	ɛ n t ɹ̩	ɛ n t ɹ̩ d	ɛ n t ɹ̩ d	o ʊ b e ɪ	o ʊ b e ɪ d	o ʊ b e ɪ d	ɛ n t ɹ̩ d	1	1	reg_d	reg_d	reg_d
majority	w ɹ̩ l	w ɹ̩ l d	w ɹ̩ l d	h ɑː l ɹ̩	h ɑː l ɹ̩ d	h ɑː l ɹ̩ d	w ɹ̩ l d	1	1	reg_d	reg_d	reg_d
majority	s p l æ t ɹ̩	s p l æ t ɹ̩ d	s p l æ t ɹ̩ d	t͡ʃ iː r	t͡ʃ iː r d	t͡ʃ iː r d	s p l æ t ɹ̩ d	1	1	reg_d	reg_d	reg_d
majority	w ɹ̩ ʃ ɪ p	w ɹ̩ ʃ ɪ p t	w ɹ̩ ʃ ɪ p t	f l a ɪ	f l a ɪ d	f l uː	w ɹ̩ ʃ ɪ p d	0	0	reg_t	reg_t	reg_d
majority	n iː d ə l	n iː d ə l d	n iː d ə l d	r uː l	r uː l d	r uː l d	n iː d ə l d	1	1	reg_d	reg_d	reg_d
majority	s p e ɪ s	s p e ɪ s t	s p e ɪ s t	s t ɪ l	s t ɪ l d	s t ɪ l d	s p e ɪ s d	0	0	reg_t	reg_t	reg_d
majority	f l ɹ̩ t	f l ɹ̩ t ə d	f l ɹ̩ t ə d	f o ʊ n	f o ʊ n d	f o ʊ n d	f l ɹ̩ t d	0	0	reg_əd	reg_əd	reg_d
majority	p ɛ ɡ	p ɛ ɡ d	p ɛ ɡ d	d ɪ s t ɹ̩ b	d ɪ s t ɹ̩ b d	d ɪ s t ɹ̩ b d	p ɛ ɡ d	1	1	reg_d	reg_d	reg_d
majority	p a ʊ ɹ̩	p a ʊ ɹ̩ d	p a ʊ ɹ̩ d	l ʌ v	l ʌ v d	l ʌ v d	p a ʊ ɹ̩ d	1	1	reg_d	reg_d	reg_d
majority	d ɪ s ɡ ʌ s t	d ɪ s ɡ ʌ s t ə d	d ɪ s ɡ s t ə d	t ɹ̩ n	t ɹ̩ n d	t ɹ̩ n d	d ɪ s ɡ ʌ s t d	0	0	reg_əd	other	reg_d
majority	ɪ n k l uː d	ɪ n k l uː d ə d	ɪ n k l uː d ə d	ʃ ʌ v	ʃ ʌ v d	ʃ ʌ v d	ɪ n k l uː d d	0	0	reg_əd	reg_əd	reg_d
majority	h a ʊ l	h a ʊ l d	h a ʊ l d	f l ɪ k ɹ̩	f l ɪ k ɹ̩ d	f l ɪ k ɹ̩ d	h a ʊ l d	1	1	reg_d	reg_d	reg_d
majority	s ɪ m ɹ̩	s ɪ m ɹ̩ d	s æ m ɹ̩ d	s ɹ̩ v	s ɹ̩ v d	s ɹ̩ v d	s ɪ m ɹ̩ d	0	1	reg_d	other	reg_d
majority	k ə m p l iː t	k ə m p l iː t ə d	k ə m p l iː t ə d	b ʌ d͡ʒ	b ʌ d͡ʒ d	b ʌ d͡ʒ d	k ə m p l iː t d	0	0	reg_əd	reg_əd	reg_d
majority	l e ɪ ɹ̩	l e ɪ ɹ̩ d	l e ɪ ɹ̩ d	f l æ t ə n	f l æ t ə n d	f l æ t ə n d	l e ɪ ɹ̩ d	1	1	reg_d	reg_d	reg_d
majority	d ɑː k	d ɑː k t	d ɑː k t	h e ɪ s ə n	h e ɪ s ə n d	h e ɪ s ə n d	d ɑː k d	0	0	reg_t	reg_t	reg_d
majority	æ d m a ɪ ɹ̩	æ d m a ɪ ɹ̩ d	æ m a ɪ d ɹ̩ d	p ɪ n	p ɪ n d	p ɪ n d	æ d m a ɪ ɹ̩ d	0	1	reg_d	other	reg_d
majority	d ɪ f ɛ n d	d ɪ f ɛ n d ə d	d ɪ f ɛ n d ə d	b ɔ l	b ɔ l d	b ɔ l d	d ɪ f ɛ n d d	0	0	reg_əd	reg_əd	reg_d
majority	p r ɪ v ɛ n t	p r ɪ v ɛ n t ə d	p r ɪ v ɛ n t ə d	p l iː z	p l iː z d	p l iː z d	p r ɪ v ɛ n t d	0	0	reg_əd	reg_əd	reg_d
majority	p ɔ z	p ɔ z d	p ɔ z d	ə s uː m	ə s uː m d	ə s uː m d	p ɔ z d	1	1	reg_d	reg_d	reg_d
majority	ə n ɔ ɪ	ə n ɔ ɪ d	ə n ɔ ɪ d	k o ʊ m	k o ʊ m d	k o ʊ m d	ə n ɔ ɪ d	1	1	reg_d	reg_d	reg_d
majority	k ɹ̩ o ʊ d	k ɹ̩ o ʊ d ə d	k ɹ̩ o ʊ d ə d	t ʌ m b ə l	t ʌ m b ə l d	t ʌ m b ə l d	k ɹ̩ o ʊ d d	0	0	reg_əd	reg_əd	reg_d
majority	ɡ r ʌ n t	ɡ r ʌ n t ə d	ɡ r ʌ n t ə d	f r a ɪ	f r a ɪ d	f r a ɪ d	ɡ r ʌ n t d	0	0	reg_əd	reg_əd	reg_d
majority	t r ʌ m p ə t	t r ʌ m p ə t ə d	t r ʌ m p ə t ə d	d ɪ t e ɪ l	d ɪ t e ɪ l d	d ɪ t e ɪ l d	t r ʌ m p ə t d	0	0	reg_əd	reg_əd	reg_d
majority	r ɪ ɡ r ɛ t	r ɪ ɡ r ɛ t ə d	r ɪ ɡ r ɛ t ə d	r iː t r iː v	r iː t r iː v d	r iː t r iː v d	r ɪ ɡ r ɛ t d	0	0	reg_əd	reg_əd	reg_d
majority	b ɔ r	b ɔ r d	b ɔ r d	f r a ɪ t ə n	f r a ɪ t ə n d	f r a ɪ t ə n d	b ɔ r d	1	1	reg_d	reg_d	reg_d
majority	k ə m p l e ɪ n	k ə m p l e ɪ n d	k ə m p l e ɪ n d	d ɪ f ɹ̩	d ɪ f ɹ̩ d	d ɪ f ɹ̩ d	k ə m p l e ɪ n d	1	1	reg_d	reg_d	reg_d
majority	s p ɔ r t	s p ɔ r t ə d	s p ɔ r t ə d	t r a ɪ	t r a ɪ d	t r a ɪ d	s p ɔ r t d	0	0	reg_əd	reg_əd	reg_d
majority	ɡ r æ s	ɡ r æ s t	ɡ r æ s t	r ɪ z ɛ m b ə l	r ɪ z ɛ m b ə l d	r ɪ z ɛ m b ə l d	ɡ r æ s d	0	0	reg_t	reg_t	reg_d
majority	θ ʌ m	θ ʌ m d	θ ʌ m d	r ɛ s k j uː	r ɛ s k j uː d	r ɛ s k j uː d	θ ʌ m d	1	1	reg_d	reg_d	reg_d
majority	ɪ k s p o ʊ z	ɪ k s p o ʊ z d	ɪ k s p o ʊ z d	s k ʌ l p t͡ʃ ɹ̩	s k ʌ l p t͡ʃ ɹ̩ d	s k ʌ l p t͡ʃ ɹ̩ d	ɪ k s p o ʊ z d	1	1	reg_d	reg_d	reg_d
majority	p l ʌ ŋ k	p l ʌ ŋ k t	p l ʌ ŋ k t	l o ʊ n	l o ʊ n d	l o ʊ n d	p l ʌ ŋ k d	0	0	reg_t	reg_t	reg_d
majority	s p l ɪ t	s p l ɪ t	s p l ɪ t ə d	p æ t ɹ̩ n	p æ t ɹ̩ n d	p æ t ɹ̩ n d	s p l ɪ t d	0	0	no_change	reg_əd	reg_d
majority	b æ n ɪ ʃ	b æ n ɪ ʃ t	b æ n ɪ ʃ t	s p r ɪ ŋ k ə l	s p r ɪ ŋ k ə l d	s p r ɪ ŋ k ə l d	b æ n ɪ ʃ d	0	0	reg_t	reg_t	reg_d
majority	b ɛ l t͡ʃ	b ɛ l t͡ʃ t	b ɛ l t͡ʃ t	p a ʊ d ɹ̩	p a ʊ d ɹ̩ d	p a ʊ d ɹ̩ d	b ɛ l t͡ʃ d	0	0	reg_t	reg_t	reg_d
majority	s t ʌ b	s t ʌ b d	s t ʌ b d	s k r ʌ b	s k r ʌ b d	s k r ʌ b d	s t ʌ b d	1	1	reg_d	reg_d	reg_d
majority	d ɪ p ɔ r t	d ɪ p ɔ r t ə d	d ɪ p ɔ r t ə d	b æ t ə l	b æ t ə l d	b æ t ə l d	d ɪ p ɔ r t d	0	0	reg_əd	reg_əd	reg_d
majority	m ɑː r k ə t	m ɑː r k ə t ə d	m ɑː r k ə t ə d	d æ z ə l	d æ z ə l d	d æ z ə l d	m ɑː r k ə t d	0	0	reg_əd	reg_əd	reg_d
random	s iː	s ɔ	s iː d	m æ t ɹ̩	m æ t ɹ̩ d	m æ t ɹ̩ d	s iː d	1	0	vowel_change	reg_d	reg_d
random	ɡ ɛ t	ɡ ɑː t	ɡ ɛ t	f a ɪ t	f a ɪ t	f ɔ t	ɡ ɛ t	1	0	vowel_change	no_change	no_change
random	n ɑː k	n ɑː k t	n ɑː k t	s k r ʌ b	s k r ʌ b d	s k r ʌ b d	n ɑː k d	0	0	reg_t	reg_t	reg_d
random	θ ɪ ŋ k	θ ɔ t	θ ɪ ŋ k t	p r ə d uː s	p r ə d uː s t	p r ə d uː s t	θ ɪ ŋ k t	1	0	rhyme_replaced	reg_t	reg_t
random	k l iː n	k l iː n d	k l iː n d	ɛ n t ɹ̩ t e ɪ n	ɛ n t ɹ̩ t e ɪ n d	ɛ n t ɹ̩ t e ɪ n d	k l iː n d	1	1	reg_d	reg_d	reg_d
random	b ɪ l iː v	b ɪ l iː v d	b ɪ l iː v d	s k iː	s k iː d	s k iː d	b ɪ l iː v d	1	1	reg_d	reg_d	reg_d
random	ɡ ɪ v	ɡ e ɪ v	ɡ ɪ v d	ɡ ʌ l p	ɡ ʌ l p t	ɡ ʌ l p t	ɡ ɪ v t	0	0	vowel_change	reg_d	reg_t
random	t e ɪ k	t ʊ k	t e ɪ k t	r iː s ɹ̩ t͡ʃ	r iː s ɹ̩ t͡ʃ t	r iː s ɹ̩ t͡ʃ t	t e ɪ k t	1	0	vowel_change	reg_t	reg_t
random	s t æ n d	s t ʊ d	s t æ n d ə d	s p r e ɪ	s p r e ɪ d	s p r e ɪ d	s t æ n d d	0	0	rhyme_replaced	reg_əd	reg_d
random	j ɛ l	j ɛ l d	j ɛ l d	b o ʊ l	b o ʊ l d	b o ʊ l d	j ɛ l d	1	1	reg_d	reg_d	reg_d
random	f ɪ k s	f ɪ k s t	f ɪ k s t	p ɛ r ə ʃ uː t	p ɛ r ə ʃ uː t ə d	p ɛ r ə ʃ uː t ə d	f ɪ k s ə d	0	0	reg_t	reg_t	reg_əd
random	k l æ p	k l æ p t	k l æ p t	æ n ə t e ɪ t	æ n ə t e ɪ t ə d	æ n ə t e ɪ t ə d	k l æ p ə d	0	0	reg_t	reg_t	reg_əd
random	r a ɪ m	r a ɪ m d	r o ʊ m d	h o ʊ n	h o ʊ n d	h o ʊ n d	r a ɪ m d	0	1	reg_d	vowel_change_suffix	reg_d
random	t ɛ l	t o ʊ l d	t ɛ l d	ə d r ɛ s	ə d r ɛ s t	ə d r ɛ s t	t ɛ l t	0	0	vowel_change_suffix	reg_d	reg_t
random	f ɔ l	f ɛ l	f ɔ l d	b ɹ̩ n ɪ ʃ	b ɹ̩ n ɪ ʃ t	b ɹ̩ n ɪ ʃ t	f ɔ l t	0	0	vowel_change	reg_d	reg_t
random	r o ʊ l	r o ʊ l d	r o ʊ l d	n ʌ k ə l	n ʌ k ə l d	n ʌ k ə l d	r o ʊ l d	1	1	reg_d	reg_d	reg_d
random	k uː l	k uː l d	k uː l d	s p r e ɪ	s p r e ɪ d	s p r e ɪ d	k uː l d	1	1	reg_d	reg_d	reg_d
random	s ɪ ŋ	s æ ŋ	s æ ŋ d	t r a ɪ	t r a ɪ d	t r a ɪ d	s ɪ ŋ d	0	0	vowel_change	vowel_change_suffix	reg_d
random	h o ʊ l d	h ɛ l d	h o ʊ l d ə d	f l ɪ ŋ	f l ʌ ŋ	f l ʌ ŋ	NA	0	0	vowel_change	reg_əd	vowel_change
random	d r ɛ s	d r ɛ s t	d r ɛ s t	r ɪ z ɛ m b ə l	r ɪ z ɛ m b ə l d	r ɪ z ɛ m b ə l d	d r ɛ s d	0	0	reg_t	reg_t	reg_d
random	w e ɪ k	w o ʊ k	w e ɪ k t	l e ɪ b ə l	l e ɪ b ə l d	l e ɪ b ə l d	w e ɪ k d	0	0	vowel_change	reg_t	reg_d
random	m uː v	m uː v d	m uː v d	v æ n ɪ ʃ	v æ n ɪ ʃ t	v æ n ɪ ʃ t	m uː v t	0	0	reg_d	reg_d	reg_t
random	b ɪ l d	b ɪ l t	b ɪ l d ə d	t r æ m p ə l	t r æ m p ə l d	t r æ m p ə l d	b ɪ l d d	0	0	coda_change	reg_əd	reg_d
random	p uː p	p uː p t	p uː p t	r iː v j uː	r iː v j uː d	r iː v j uː d	p uː p d	0	0	reg_t	reg_t	reg_d
random	k ɛ r	k ɛ r d	k ɛ r d	s p iː k	s p iː k t	s p o ʊ k	k ɛ r t	0	0	reg_d	reg_d	reg_t
random	b ɛ r iː	b ɛ r iː d	b ɛ r iː d	ɛ d ə t	ɛ d ə t ə d	ɛ d ə t ə d	b ɛ r iː ə d	0	0	reg_d	reg_d	reg_əd
random	p æ n t	p æ n t ə d	p æ n t ə d	b r a ʊ n	b r a ʊ n d	b r a ʊ n d	p æ n t d	0	0	reg_əd	reg_əd	reg_d
random	t ʌ k	t ʌ k t	t ʌ k t	d͡ʒ ʌ m p	d͡ʒ ʌ m p t	d͡ʒ ʌ m p t	t ʌ k t	1	1	reg_t	reg_t	reg_t
random	b ɑː ð ɹ̩	b ɑː ð ɹ̩ d	b ɑː ð ɹ̩ d	d ɪ s t r ɔ ɪ	d ɪ s t r ɔ ɪ d	d ɪ s t r ɔ ɪ d	b ɑː ð ɹ̩ d	1	1	reg_d	reg_d	reg_d
random	ɛ ɡ z ɪ t	ɛ ɡ z ɪ t ə d	ɛ ɡ z ɪ t ə d	s ɹ̩ v	s ɹ̩ v d	s ɹ̩ v d	ɛ ɡ z ɪ t d	0	0	reg_əd	reg_əd	reg_d
random	s t e ɪ	s t e ɪ d	s t e ɪ d	t ɑː p	t ɑː p t	t ɑː p t	s t e ɪ t	0	0	reg_d	reg_d	reg_t
random	w ʌ n d ɹ̩	w ʌ n d ɹ̩ d	w ʌ n d ɹ̩ d	w ɔ r m	w ɔ r m d	w ɔ r m d	w ʌ n d ɹ̩ d	1	1	reg_d	reg_d	reg_d
random	d ɪ p	d ɪ p t	d ɪ p t	d r ʌ ɡ	d r ʌ ɡ d	d r ʌ ɡ d	d ɪ p d	0	0	reg_t	reg_t	reg_d
random	h ʌ ɡ	h ʌ ɡ d	h ʌ ɡ d	m ɛ l t	m ɛ l t ə d	m ɛ l t ə d	h ʌ ɡ ə d	0	0	reg_d	reg_d	reg_əd
random	v ɔ ɪ s	v ɔ ɪ s t	v ɔ ɪ s t	b l æ k	b l æ k t	b l æ k t	v ɔ ɪ s t	1	1	reg_t	reg_t	reg_t
random	ə t æ t͡ʃ	ə t æ t͡ʃ t	ə t æ t͡ʃ t	k ʌ p ə l	k ʌ p ə l d	k ʌ p ə l d	ə t æ t͡ʃ d	0	0	reg_t	reg_t	reg_d
random	s m ɛ l	s m ɛ l d	s m ɛ l d	f l ɪ ŋ	f l ʌ ŋ	f l ʌ ŋ	NA	0	0	reg_d	reg_d	vowel_change
random	f ɪ n ɪ ʃ	f ɪ n ɪ ʃ t	f ɪ n ɪ ʃ t	æ k t	æ k t ə d	æ k t ə d	f ɪ n ɪ ʃ ə d	0	0	reg_t	reg_t	reg_əd
random	t r ɑː t	t r ɑː t ə d	t r ɑː t ə d	p ɪ t	p ɪ t ə d	p ɪ t ə d	t r ɑː t ə d	1	1	reg_əd	reg_əd	reg_əd
random	b l ɛ s	b l ɛ s t	b l ɛ s t	b l æ k	b l æ k t	b l æ k t	b l ɛ s t	1	1	reg_t	reg_t	reg_t
random	l ɛ d	l ɛ d ə d	l ɛ d	t a ʊ ɹ̩	t a ʊ ɹ̩ d	t a ʊ ɹ̩ d	l ɛ d d	0	0	reg_əd	no_change	reg_d
random	p r ɛ s	p r ɛ s t	p r ɛ s t	s p r ɪ ŋ	s p r æ ŋ	s p r æ ŋ	NA	0	0	reg_t	reg_t	vowel_change
random	ə n z ɪ p	ə n z ɪ p t	ə n z ɪ p t	ə b s ɛ s	ə b s ɛ s t	ə b s ɛ s t	ə n z ɪ p t	1	1	reg_t	reg_t	reg_t
random	f ɪ l t ɹ̩	f ɪ l t ɹ̩ d	f ɪ l t ɹ̩ d	s p ɛ r	s p ɛ r d	s p ɛ r d	f ɪ l t ɹ̩ d	1	1	reg_d	reg_d	reg_d
random	ʃ e ɪ v	ʃ e ɪ v d	ʃ e ɪ v d	h a ɪ ɹ̩	h a ɪ ɹ̩ d	h a ɪ ɹ̩ d	ʃ e ɪ v d	1	1	reg_d	reg_d	reg_d
random	k ɑː s t	k ɑː s t	k ɑː s t ə d	ʃ a ʊ ɹ̩	ʃ a ʊ ɹ̩ d	ʃ a ʊ ɹ̩ d	k ɑː s t d	0	0	no_change	reg_əd	reg_d
random	b r ʌ ʃ	b r ʌ ʃ t	b r ʌ ʃ t	s k ɪ n	s k ɪ n d	s k ɪ n d	b r ʌ ʃ d	0	0	reg_t	reg_t	reg_d
random	l æ n d	l æ n d ə d	l æ n d ə d	m ʌ t ɹ̩	m ʌ t ɹ̩ d	m ʌ t ɹ̩ d	l æ n d d	0	0	reg_əd	reg_əd	reg_d
random	s t ɛ p	s t ɛ p t	s t ɛ p t	æ k t	æ k t ə d	æ k t ə d	s t ɛ p ə d	0	0	reg_t	reg_t	reg_əd
random	m ɪ l k	m ɪ l k t	m ɪ l k t	r ɛ k ə n	r ɛ k ə n d	r ɛ k ə n d	m ɪ l k d	0	0	reg_t	reg_t	reg_d
random	b ɛ s t	b ɛ s t ə d	b ɛ s t ə d	ə b s ɛ s	ə b s ɛ s t	ə b s ɛ s t	b ɛ s t t	0	0	reg_əd	reg_əd	reg_t
random	m a ɪ n d	m a ɪ n d ə d	m a ɪ n d	r ɪ v ə t	r ɪ v ə t ə d	r ɪ v ə t ə d	m a ɪ n d ə d	0	1	reg_əd	no_change	reg_əd
random	w a ɪ t	w a ɪ t ə d	w a ɪ t	f l ʌ ʃ	f l ʌ ʃ t	f l ʌ ʃ t	w a ɪ t t	0	0	reg_əd	no_change	reg_t
random	m æ k s	m æ k s t	m æ k s t	k ə n v ɪ n s	k ə n v ɪ n s t	k ə n v ɪ n s t	m æ k s t	1	1	reg_t	reg_t	reg_t
random	r iː t͡ʃ	r iː t͡ʃ t	r iː t͡ʃ t	s t e ɪ ʃ ə n	s t e ɪ ʃ ə n d	s t e ɪ ʃ ə n d	r iː t͡ʃ d	0	0	reg_t	reg_t	reg_d
random	h o ʊ p	h o ʊ p t	h o ʊ p t	ɡ uː f	ɡ uː f t	ɡ uː f t	h o ʊ p t	1	1	reg_t	reg_t	reg_t
random	f o ʊ l d	f o ʊ l d ə d	f o ʊ l d ə d	f l ɪ p	f l ɪ p t	f l ɪ p t	f o ʊ l d t	0	0	reg_əd	reg_əd	reg_t
random	k l ɪ n t͡ʃ	k l ɪ n t͡ʃ t	k l ɪ n t͡ʃ t	n ʌ k ə l	n ʌ k ə l d	n ʌ k ə l d	k l ɪ n t͡ʃ d	0	0	reg_t	reg_t	reg_d
random	t r ɪ k	t r ɪ k t	t r ɪ k t	ɪ k s p æ n d	ɪ k s p æ n d ə d	ɪ k s p æ n d ə d	t r ɪ k ə d	0	0	reg_t	reg_t	reg_əd
random	b ɛ n d	b ɛ n d ə d	b ɛ n d ə d	z o ʊ n	z o ʊ n d	z o ʊ n d	b ɛ n d d	0	0	reg_əd	reg_əd	reg_d
random	a ɪ d ɛ n t ə f a ɪ	a ɪ d ɛ n t ə f a ɪ d	a ʊ n t ə d	m ʌ m b ə l	m ʌ m b ə l d	m ʌ m b ə l d	a ɪ d ɛ n t ə f a ɪ d	0	1	reg_d	other	reg_d
random	d͡ʒ ɔ ɪ n	d͡ʒ ɔ ɪ n d	d͡ʒ ɔ ɪ n d	t͡ʃ a ɪ m	t͡ʃ a ɪ m d	t͡ʃ a ɪ m d	d͡ʒ ɔ ɪ n d	1	1	reg_d	reg_d	reg_d
random	k ə n f j uː z	k ə n f j uː z d	k ə n f j uː z d	t w a ɪ n	t w a ɪ n d	t w a ɪ n d	k ə n f j uː z d	1	1	reg_d	reg_d	reg_d
random	b ɛ r	b o ʊ r	b ɛ r d	s l o ʊ	s l o ʊ d	s l o ʊ d	b ɛ r d	1	0	vowel_change	reg_d	reg_d
random	r ɛ s t	r ɛ s t ə d	r ɛ s t	r iː p l e ɪ s	r iː p l e ɪ s t	r iː p l e ɪ s t	r ɛ s t t	0	0	reg_əd	no_change	reg_t
random	p iː	p iː d	p iː d	ʃ ɑː k	ʃ ɑː k t	ʃ ɑː k t	p iː t	0	0	reg_d	reg_d	reg_t
random	ɡ r æ b	ɡ r æ b d	ɡ r æ b d	æ n t ɪ s ə p e ɪ t	æ n t ɪ s ə p e ɪ t ə d	æ n t ɪ s ə p e ɪ t ə d	ɡ r æ b ə d	0	0	reg_d	reg_d	reg_əd
random	ə p r o ʊ t͡ʃ	ə p r o ʊ t͡ʃ t	ə p r o ʊ t͡ʃ t	ə v ɔ ɪ d	ə v ɔ ɪ d ə d	ə v ɔ ɪ d ə d	ə p r o ʊ t͡ʃ ə d	0	0	reg_t	reg_t	reg_əd
random	p iː l	p iː l d	p iː l d	b iː t	b iː t ə d	b iː t	p iː l ə d	0	0	reg_d	reg_d	reg_əd
random	m ɑː r t͡ʃ	m ɑː r t͡ʃ t	m ɑː r t͡ʃ t	f ɪ l m	f ɪ l m d	f ɪ l m d	m ɑː r t͡ʃ d	0	0	reg_t	reg_t	reg_d
random	t æ k ə l	t æ k ə l d	t æ k ə l d	l a ɪ k	l a ɪ k t	l a ɪ k t	t æ k ə l t	0	0	reg_d	reg_d	reg_t
random	d ɪ ɡ	d ʌ ɡ	d ɪ ɡ d	s e ɪ l	s e ɪ l d	s e ɪ l d	d ɪ ɡ d	1	0	vowel_change	reg_d	reg_d
random	s ɛ t ə l	s ɛ t ə l d	s ɛ t ə l d	f ɪ l	f ɪ l d	f ɪ l d	s ɛ t ə l d	1	1	reg_d	reg_d	reg_d
random	ɪ ɡ n ɔ r	ɪ ɡ n ɔ r d	ɪ ɡ ɔ r n d	k e ɪ k	k e ɪ k t	k e ɪ k t	ɪ ɡ n ɔ r t	0	0	reg_d	other	reg_t
random	k ʌ v ɹ̩	k ʌ v ɹ̩ d	k ʌ v ɹ̩ d	k iː p	k ɛ p t	k ɛ p t	NA	0	0	reg_d	reg_d	vowel_change_suffix
random	r ɑː t	r ɑː t ə d	r ɑː t	k æ n s ə l	k æ n s ə l d	k æ n s ə l d	r ɑː t d	0	0	reg_əd	no_change	reg_d
random	f l æ t ɹ̩	f l æ t ɹ̩ d	f l æ t ɹ̩ d	m ɪ r ɹ̩	m ɪ r ɹ̩ d	m ɪ r ɹ̩ d	f l æ t ɹ̩ d	1	1	reg_d	reg_d	reg_d
random	b ʌ b ə l	b ʌ b ə l d	b ʌ b ə l d	f ɪ l	f ɪ l d	f ɪ l d	b ʌ b ə l d	1	1	reg_d	reg_d	reg_d
random	k o ʊ ɑː p ɹ̩ e ɪ t	k o ʊ ɑː p ɹ̩ e ɪ t ə d	k o ʊ p ɹ̩ p ɹ̩ d	w ɔ r m	w ɔ r m d	w ɔ r m d	k o ʊ ɑː p ɹ̩ e ɪ t d	0	0	reg_əd	other	reg_d
random	ɡ r iː n	ɡ r iː n d	ɡ r iː n d	l iː k	l iː k t	l iː k t	ɡ r iː n t	0	0	reg_d	reg_d	reg_t
random	r e ɪ s	r e ɪ s t	r e ɪ s t	t͡ʃ ʌ ɡ	t͡ʃ ʌ ɡ d	t͡ʃ ʌ ɡ d	r e ɪ s d	0	0	reg_t	reg_t	reg_d
random	d æ n s	d æ n s t	d æ n s t	s n iː k	s n iː k t	s n iː k t	d æ n s t	1	1	reg_t	reg_t	reg_t
random	p r ɑː d͡ʒ ɛ k t	p r ɑː d͡ʒ ɛ k t ə d	p r ɑː d͡ʒ ɛ k t ə d	r a ɪ t	r o ʊ t	r o ʊ t	NA	0	0	reg_əd	reg_əd	vowel_change
random	b ɛ ɡ	b ɛ ɡ d	b ɛ ɡ d	w e ɪ l	w e ɪ l d	w e ɪ l d	b ɛ ɡ d	1	1	reg_d	reg_d	reg_d
random	s ɹ̩ v ɪ s	s ɹ̩ v ɪ s t	s ɹ̩ v ɪ s t	m ɪ k s	m ɪ k s t	m ɪ k s t	s ɹ̩ v ɪ s t	1	1	reg_t	reg_t	reg_t
random	r ɛ p r ə z ɛ n t	r ɛ p r ə z ɛ n t ə d	r ɛ p r ə z ɛ n t ə d	s k w ɹ̩ t	s k w ɹ̩ t ə d	s k w ɹ̩ t ə d	r ɛ p r ə z ɛ n t ə d	1	1	reg_əd	reg_əd	reg_əd
random	ɪ m ɹ̩ d͡ʒ	ɪ m ɹ̩ d͡ʒ d	ɪ m ɹ̩ d͡ʒ d	f r ɔ s t	f r ɔ s t ə d	f r ɔ s t ə d	ɪ m ɹ̩ d͡ʒ ə d	0	0	reg_d	reg_d	reg_əd
random	b ɔ ɪ l	b ɔ ɪ l d	b ɔ ɪ l d	n ɛ s t	n ɛ s t ə d	n ɛ s t ə d	b ɔ ɪ l ə d	0	0	reg_d	reg_d	reg_əd
random	p ɹ̩ f ɛ k t	p ɹ̩ f ɛ k t ə d	p ɹ̩ f ɛ k t ə d	r ɪ l iː v	r ɪ l iː v d	r ɪ l iː v d	p ɹ̩ f ɛ k t d	0	0	reg_əd	reg_əd	reg_d
random	r a ɪ z	r o ʊ z	r o ʊ z d	n e ɪ l	n e ɪ l d	n e ɪ l d	r a ɪ z d	0	0	vowel_change	vowel_change_suffix	reg_d
random	s k r iː n	s k r iː n d	s k r iː n d	d͡ʒ ʌ m p	d͡ʒ ʌ m p t	d͡ʒ ʌ m p t	s k r iː n t	0	0	reg_d	reg_d	reg_t
random	t r e ɪ n	t r e ɪ n d	t r e ɪ n d	t ʌ t͡ʃ	t ʌ t͡ʃ t	t ʌ t͡ʃ t	t r e ɪ n t	0	0	reg_d	reg_d	reg_t
random	s o ʊ	s o ʊ d	s o ʊ d	ɪ m ə t e ɪ t	ɪ m ə t e ɪ t ə d	ɪ m ə t e ɪ t ə d	s o ʊ ə d	0	0	reg_d	reg_d	reg_əd
random	f e ɪ s	f e ɪ s t	f e ɪ s t	p ʌ f	p ʌ f t	p ʌ f t	f e ɪ s t	1	1	reg_t	reg_t	reg_t
random	s t ʌ d iː	s t ʌ d iː d	s t ʌ d iː d	b e ɪ k	b e ɪ k t	b e ɪ k t	s t ʌ d iː t	0	0	reg_d	reg_d	reg_t
random	b l ɑː t	b l ɑː t ə d	b l ɑː t ə d	s p ɪ n	s p æ n	s p ʌ n	NA	0	0	reg_əd	reg_əd	vowel_change
random	m e ɪ l	m e ɪ l d	m e ɪ l d	h ɪ t	h ɪ t	h ɪ t	m e ɪ l	0	0	reg_d	reg_d	no_change
random	k l ɪ ŋ	k l ʌ ŋ	k l ʌ ŋ	s ə b t r æ k t	s ə b t r æ k t ə d	s ə b t r æ k t ə d	k l ɪ ŋ ə d	0	0	vowel_change	vowel_change	reg_əd
random	p l ʌ ɡ	p l ʌ ɡ d	p l ʌ ɡ d	b æ t ə l	b æ t ə l d	b æ t ə l d	p l ʌ ɡ d	1	1	reg_d	reg_d	reg_d
random	p r e ɪ	p r e ɪ d	p r e ɪ d	t a ɪ	t a ɪ d	t a ɪ d	p r e ɪ d	1	1	reg_d	reg_d	reg_d
random	f l o ʊ	f l o ʊ d	f l uː	p l æ n	p l æ n d	p l æ n d	f l o ʊ d	0	1	reg_d	vowel_change	reg_d
random	r iː m a ɪ n d	r iː m a ɪ n d ə d	r iː m a ɪ n d ə d	l ɑː k	l ɑː k t	l ɑː k t	r iː m a ɪ n d t	0	0	reg_əd	reg_əd	reg_t
random	ɛ l b o ʊ	ɛ l b o ʊ d	ɛ l b o ʊ d	h iː r	h iː r d	h ɹ̩ d	ɛ l b o ʊ d	1	1	reg_d	reg_d	reg_d
random	f r iː z	f r o ʊ z	f r iː z d	k l ʌ t ɹ̩	k l ʌ t ɹ̩ d	k l ʌ t ɹ̩ d	f r iː z d	1	0	vowel_change	reg_d	reg_d
random	m ɪ m ɪ k	m ɪ m ɪ k t	m ɪ m ɪ k t	w ɹ̩ k	w ɹ̩ k t	w ɹ̩ k t	m ɪ m ɪ k t	1	1	reg_t	reg_t	reg_t
random	w iː l	w iː l d	w iː l d	b uː	b uː d	b uː d	w iː l d	1	1	reg_d	reg_d	reg_d
random	p ʌ m p	p ʌ m p t	p ʌ m p t	b ɔ l	b ɔ l d	b ɔ l d	p ʌ m p d	0	0	reg_t	reg_t	reg_d
random	ɪ k s p ɛ k t	ɪ k s p ɛ k t ə d	ɪ k s p ɛ k t ə d	w e ɪ t	w e ɪ t ə d	w e ɪ t ə d	ɪ k s p ɛ k t ə d	1	1	reg_əd	reg_əd	reg_əd
random	w a ɪ n d	w a ɪ n d ə d	w a ɪ n d	iː t	e ɪ t	e ɪ t	NA	0	0	reg_əd	no_change	vowel_change
random	s k r ɪ b ə l	s k r ɪ b ə l d	s k r ɪ b ə l d	f ʌ k	f ʌ k t	f ʌ k t	s k r ɪ b ə l t	0	0	reg_d	reg_d	reg_t
random	r ɪ s p ɑː n d	r ɪ s p ɑː n d ə d	r ɪ s p ɑː n d ə d	p l iː d	p l iː d ə d	p l iː d ə d	r ɪ s p ɑː n d ə d	1	1	reg_əd	reg_əd	reg_əd
random	r e ɪ z	r e ɪ z d	r e ɪ z d	ɡ ɑː r b ə l	ɡ ɑː r b ə l d	ɡ ɑː r b ə l d	r e ɪ z d	1	1	reg_d	reg_d	reg_d
random	ɡ ɪ ɡ ə l	ɡ ɪ ɡ ə l d	ɡ ɪ ɡ ə l d	h ɑː r n ə s	h ɑː r n ə s t	h ɑː r n ə s t	ɡ ɪ ɡ ə l t	0	0	reg_d	reg_d	reg_t
random	b ɑː r o ʊ	b ɑː r o ʊ d	b ɑː r o ʊ d	f e ɪ k	f e ɪ k t	f e ɪ k t	b ɑː r o ʊ t	0	0	reg_d	reg_d	reg_t
random	s w ɑː l o ʊ	s w ɑː l o ʊ d	s w ɑː l o ʊ d	k l o ʊ z	k l o ʊ z d	k l o ʊ z d	s w ɑː l o ʊ d	1	1	reg_d	reg_d	reg_d
random	d ɑː r n	d ɑː r n d	d ɑː r n d	s k iː	s k iː d	s k iː d	d ɑː r n d	1	1	reg_d	reg_d	reg_d
random	k ɑː p iː	k ɑː p iː d	k ɑː p iː d	t r æ m p	t r æ m p t	t r æ m p t	k ɑː p iː t	0	0	reg_d	reg_d	reg_t
random	s k r e ɪ p	s k r e ɪ p t	s k r e ɪ p t	m æ t͡ʃ	m æ t͡ʃ t	m æ t͡ʃ t	s k r e ɪ p t	1	1	reg_t	reg_t	reg_t
random	h o ʊ m	h o ʊ m d	h o ʊ m d	s w ɑː t	s w ɑː t ə d	s w ɑː t ə d	h o ʊ m ə d	0	0	reg_d	reg_d	reg_əd
random	f r iː	f r iː d	f r iː d	m a ʊ ð	m a ʊ ð d	m a ʊ ð d	f r iː d	1	1	reg_d	reg_d	reg_d
random	b r a ɪ t ə n	b r a ɪ t ə n d	b r a ɪ t ə n d	b r ɪ d͡ʒ	b r ɪ d͡ʒ d	b r ɪ d͡ʒ d	b r a ɪ t ə n d	1	1	reg_d	reg_d	reg_d
random	ə r a ɪ v	ə r a ɪ v d	ə r a ɪ v d	r ʌ m ɪ d͡ʒ	r ʌ m ɪ d͡ʒ d	r ʌ m ɪ d͡ʒ d	ə r a ɪ v d	1	1	reg_d	reg_d	reg_d
random	ɪ k s p l ɔ r	ɪ k s p l ɔ r d	ɪ k s p l ɔ r d	ɑː p ɹ̩ e ɪ t	ɑː p ɹ̩ e ɪ t ə d	ɑː p ɹ̩ e ɪ t ə d	ɪ k s p l ɔ r ə d	0	0	reg_d	reg_d	reg_əd
random	p ɹ̩ s	p ɹ̩ s t	p ɹ̩ s t	d ɪ s a ɪ d	d ɪ s a ɪ d ə d	d ɪ s a ɪ d ə d	p ɹ̩ s ə d	0	0	reg_t	reg_t	reg_əd
random	t͡ʃ ɪ p	t͡ʃ ɪ p t	t͡ʃ ɪ p t	p r ɪ k	p r ɪ k t	p r ɪ k t	t͡ʃ ɪ p t	1	1	reg_t	reg_t	reg_t
random	b ɑː t ə l	b ɑː t ə l d	b ɑː t ə l d	l a ɪ	l a ɪ d	l e ɪ	b ɑː t ə l d	1	1	reg_d	reg_d	reg_d
random	ə s o ʊ s iː e ɪ t	ə s o ʊ s iː e ɪ t ə d	ə s o ʊ e ɪ t ə d	z ɪ p	z ɪ p t	z ɪ p t	ə s o ʊ s iː e ɪ t t	0	0	reg_əd	other	reg_t
random	ɪ n s ɪ s t	ɪ n s ɪ s t ə d	ɪ n s ɪ s t ə d	ɡ r a ʊ n d	ɡ r a ʊ n d ə d	ɡ r a ʊ n d ə d	ɪ n s ɪ s t ə d	1	1	reg_əd	reg_əd	reg_əd
random	w iː	w iː d	w iː d	t a ɪ	t a ɪ d	t a ɪ d	w iː d	1	1	reg_d	reg_d	reg_d
random	ʃ ɔ r t ə n	ʃ ɔ r t ə n d	ʃ ɔ r t ə n d	f l æ t ə n	f l æ t ə n d	f l æ t ə n d	ʃ ɔ r t ə n d	1	1	reg_d	reg_d	reg_d
random	ə n l ɑː k	ə n l ɑː k t	ə n l ɑː k t	k ə n s ɪ d ɹ̩	k ə n s ɪ d ɹ̩ d	k ə n s ɪ d ɹ̩ d	ə n l ɑː k d	0	0	reg_t	reg_t	reg_d
random	d ʌ b ə l	d ʌ b ə l d	d ʌ b ə l d	ə p s ɛ t	ə p s ɛ t	ə p s ɛ t	d ʌ b ə l	0	0	reg_d	reg_d	no_change
random	m ɑː p	m ɑː p t	m ɑː p t	r ɛ s k j uː	r ɛ s k j uː d	r ɛ s k j uː d	m ɑː p d	0	0	reg_t	reg_t	reg_d
random	f ɛ t͡ʃ	f ɛ t͡ʃ t	f ɛ t͡ʃ t	ɑː r m	ɑː r m d	ɑː r m d	f ɛ t͡ʃ d	0	0	reg_t	reg_t	reg_d
random	ʃ ɛ d	ʃ ɛ d ə d	ʃ ɛ d ə d	r ə s iː v	r ə s iː v d	r ə s iː v d	ʃ ɛ d d	0	0	reg_əd	reg_əd	reg_d
random	t r æ p	t r æ p t	t r æ p t	ə ɡ r iː	ə ɡ r iː d	ə ɡ r iː d	t r æ p d	0	0	reg_t	reg_t	reg_d
random	b ɪ h e ɪ v	b ɪ h e ɪ v d	b ɪ h e ɪ v d	d ɪ s ə ɡ r iː	d ɪ s ə ɡ r iː d	d ɪ s ə ɡ r iː d	b ɪ h e ɪ v d	1	1	reg_d	reg_d	reg_d
random	d ɪ l iː t	d ɪ l iː t ə d	d ɪ l iː t ə d	r iː d	r iː d ə d	r ɛ d	d ɪ l iː t ə d	1	1	reg_əd	reg_əd	reg_əd
random	p æ n	p æ n d	p æ n d	v ɪ z ɪ t	v ɪ z ɪ t ə d	v ɪ z ɪ t ə d	p æ n ə d	0	0	reg_d	reg_d	reg_əd
random	s k æ l ə p	s k æ l ə p t	s k æ l ə p t	s k w ɹ̩ t	s k w ɹ̩ t ə d	s k w ɹ̩ t ə d	s k æ l ə p ə d	0	0	reg_t	reg_t	reg_əd
random	n o ʊ t	n o ʊ t ə d	n o ʊ t ə d	h æ m ɹ̩	h æ m ɹ̩ d	h æ m ɹ̩ d	n o ʊ t d	0	0	reg_əd	reg_əd	reg_d
random	p ɑː k ə t	p ɑː k ə t ə d	p ɑː k ə t ə d	d r ɔ	d r uː	d r uː	NA	0	0	reg_əd	reg_əd	vowel_change
random	r ə f l ɛ k t	r ə f l ɛ k t ə d	r ə f l ɛ k t ə d	b æ k	b æ k t	b æ k t	r ə f l ɛ k t t	0	0	reg_əd	reg_əd	reg_t
random	s t e ɪ t	s t e ɪ t ə d	s t e ɪ t ə d	t a ʊ ɹ̩	t a ʊ ɹ̩ d	t a ʊ ɹ̩ d	s t e ɪ t d	0	0	reg_əd	reg_əd	reg_d
random	p r a ɪ	p r a ɪ d	p r a ɪ d	h ɑː p	h ɑː p t	h ɑː p t	p r a ɪ t	0	0	reg_d	reg_d	reg_t
random	ʃ uː	ʃ uː d	ʃ ɑː d	l æ f	l æ f t	l æ f t	ʃ uː t	0	0	reg_d	vowel_change_suffix	reg_t
random	k ɑː n s ə n t r e ɪ t	k ɑː n s ə n t r e ɪ t ə d	k ɑː r t r d	l ɪ ŋ k	l ɪ ŋ k t	l ɪ ŋ k t	k ɑː n s ə n t r e ɪ t t	0	0	reg_əd	other	reg_t
random	s ʌ f ɹ̩	s ʌ f ɹ̩ d	s ʌ f ɹ̩ d	b a ʊ n s	b a ʊ n s t	b a ʊ n s t	s ʌ f ɹ̩ t	0	0	reg_d	reg_d	reg_t
random	s ɪ z ə l	s ɪ z ə l d	s ɪ z ə l d	θ æ ŋ k	θ æ ŋ k t	θ æ ŋ k t	s ɪ z ə l t	0	0	reg_d	reg_d	reg_t
random	p r ə p o ʊ z	p r ə p o ʊ z d	p r ə p o ʊ z d	r ɪ p ɛ l	r ɪ p ɛ l d	r ɪ p ɛ l d	p r ə p o ʊ z d	1	1	reg_d	reg_d	reg_d
random	θ ɔ	θ ɔ d	θ ɔ d	ɪ n s ɹ̩ t	ɪ n s ɹ̩ t ə d	ɪ n s ɹ̩ t ə d	θ ɔ ə d	0	0	reg_d	reg_d	reg_əd
random	r ɪ l e ɪ t	r ɪ l e ɪ t ə d	r ɪ l e ɪ t ə d	k æ ʃ	k æ ʃ t	k æ ʃ t	r ɪ l e ɪ t t	0	0	reg_əd	reg_əd	reg_t
random	t ɪ k	t ɪ k t	t ɪ k t	ɡ l uː	ɡ l uː d	ɡ l uː d	t ɪ k d	0	0	reg_t	reg_t	reg_d
random	ɛ d͡ʒ	ɛ d͡ʒ d	ɛ d͡ʒ d	p ɛ p ɹ̩	p ɛ p ɹ̩ d	p ɛ p ɹ̩ d	ɛ d͡ʒ d	1	1	reg_d	reg_d	reg_d
random	ɪ ɡ z ɪ s t	ɪ ɡ z ɪ s t ə d	ɪ ɡ z ɪ s t ə d	p r iː t ɛ n d	p r iː t ɛ n d ə d	p r iː t ɛ n d ə d	ɪ ɡ z ɪ s t ə d	1	1	reg_əd	reg_əd	reg_əd
random	θ ɪ k ə n	θ ɪ k ə n d	θ ɪ k ə n d	s k r æ t͡ʃ	s k r æ t͡ʃ t	s k r æ t͡ʃ t	θ ɪ k ə n t	0	0	reg_d	reg_d	reg_t
random	r ɪ t ɹ̩ n	r ɪ t ɹ̩ n d	r ɪ t ɹ̩ n d	d r ʌ ɡ	d r ʌ ɡ d	d r ʌ ɡ d	r ɪ t ɹ̩ n d	1	1	reg_d	reg_d	reg_d
random	t͡ʃ ɑː r d͡ʒ	t͡ʃ ɑː r d͡ʒ d	t͡ʃ ɑː r d͡ʒ d	s k e ɪ t	s k e ɪ t ə d	s k e ɪ t ə d	t͡ʃ ɑː r d͡ʒ ə d	0	0	reg_d	reg_d	reg_əd
random	s t o ʊ n	s t o ʊ n d	s t o ʊ n d	w e ɪ l	w e ɪ l d	w e ɪ l d	s t o ʊ n d	1	1	reg_d	reg_d	reg_d
random	w ɛ l k ə m	w ɛ l k ə m d	w ɛ l k ə m d	s t r a ɪ k	s t r a ɪ k t	s t r ʌ k	w ɛ l k ə m t	0	0	reg_d	reg_d	reg_t
random	d ɪ n a ɪ	d ɪ n a ɪ d	d ɪ n a ɪ d	l ɛ t	l ɛ t	l ɛ t	d ɪ n a ɪ	0	0	reg_d	reg_d	no_change
random	ɔ r ɡ ə n a ɪ z	ɔ r ɡ ə n a ɪ z d	ɔ ɡ r ɡ a ɪ z ɪ z	h æ t͡ʃ	h æ t͡ʃ t	h æ t͡ʃ t	ɔ r ɡ ə n a ɪ z t	0	0	reg_d	other	reg_t
random	k ɑː r d	k ɑː r d ə d	k ɑː r d ə d	θ r o ʊ	θ r uː	θ r uː	NA	0	0	reg_əd	reg_əd	vowel_change
random	b o ʊ l t	b o ʊ l t ə d	b o ʊ l t ə d	z ɪ r ɑː k s	z ɪ r ɑː k s t	z ɪ r ɑː k s t	b o ʊ l t t	0	0	reg_əd	reg_əd	reg_t
random	s ə p ɔ r t	s ə p ɔ r t ə d	s ə p ɔ r t ə d	s t e ɪ p ə l	s t e ɪ p ə l d	s t e ɪ p ə l d	s ə p ɔ r t d	0	0	reg_əd	reg_əd	reg_d
random	ɡ r a ʊ l	ɡ r a ʊ l d	ɡ r a ʊ l d	t ʌ m b ə l	t ʌ m b ə l d	t ʌ m b ə l d	ɡ r a ʊ l d	1	1	reg_d	reg_d	reg_d
random	d͡ʒ ɹ̩ k	d͡ʒ ɹ̩ k t	d͡ʒ ɹ̩ k t	d a ɪ ə l	d a ɪ ə l d	d a ɪ ə l d	d͡ʒ ɹ̩ k d	0	0	reg_t	reg_t	reg_d
random	d ɪ s k ʌ v ɹ̩	d ɪ s k ʌ v ɹ̩ d	d ɪ s k ʌ v ɹ̩ d	s p r ɛ d	s p r ɛ d	s p r ɛ d	d ɪ s k ʌ v ɹ̩	0	0	reg_d	reg_d	no_change
random	l æ s t	l æ s t ə d	l æ s t	d ɪ p ɛ n d	d ɪ p ɛ n d ə d	d ɪ p ɛ n d ə d	l æ s t ə d	0	1	reg_əd	no_change	reg_əd
random	s ɛ n t ə n s	s ɛ n t ə n s t	s ɛ n t ə n s t	l a ɪ	l a ɪ d	l e ɪ	s ɛ n t ə n s d	0	0	reg_t	reg_t	reg_d
random	t æ t ə l	t æ t ə l d	t æ t ə l d	ɪ k s ɛ p t	ɪ k s ɛ p t ə d	ɪ k s ɛ p t ə d	t æ t ə l ə d	0	0	reg_d	reg_d	reg_əd
random	ə r ɛ s t	ə r ɛ s t ə d	ə r ɛ s t ə d	m e ɪ k	m e ɪ k t	m e ɪ d	ə r ɛ s t t	0	0	reg_əd	reg_əd	reg_t
random	ə n l o ʊ d	ə n l o ʊ d ə d	ə n l o ʊ d ə d	m ɛ l t	m ɛ l t ə d	m ɛ l t ə d	ə n l o ʊ d ə d	1	1	reg_əd	reg_əd	reg_əd
random	n a ɪ f	n a ɪ f t	n a ɪ f t	b a ʊ n s	b a ʊ n s t	b a ʊ n s t	n a ɪ f t	1	1	reg_t	reg_t	reg_t
random	ə p r iː ʃ iː e ɪ t	ə p r iː ʃ iː e ɪ t ə d	ə p r iː e ɪ t ə d	k ʊ k	k ʊ k t	k ʊ k t	ə p r iː ʃ iː e ɪ t t	0	0	reg_əd	other	reg_t
random	r ʌ f	r ʌ f t	r ʌ f t	s m ɑː r t	s m ɑː r t ə d	s m ɑː r t ə d	r ʌ f ə d	0	0	reg_t	reg_t	reg_əd
random	l æ t͡ʃ	l æ t͡ʃ t	l æ t͡ʃ t	s p ɪ l	s p ɪ l d	s p ɪ l d	l æ t͡ʃ d	0	0	reg_t	reg_t	reg_d
random	ɪ m p r uː v	ɪ m p r uː v d	ɪ m p r uː v d	w a ɪ ɹ̩	w a ɪ ɹ̩ d	w a ɪ ɹ̩ d	ɪ m p r uː v d	1	1	reg_d	reg_d	reg_d
random	r ɪ v ɹ̩ t	r ɪ v ɹ̩ t ə d	r ɪ v ɹ̩ t ə d	w ɑː b ə l	w ɑː b ə l d	w ɑː b ə l d	r ɪ v ɹ̩ t d	0	0	reg_əd	reg_əd	reg_d
random	d ɔ n	d ɔ n d	d ɔ n d	d r ɪ b ə l	d r ɪ b ə l d	d r ɪ b ə l d	d ɔ n d	1	1	reg_d	reg_d	reg_d
random	d ʌ ŋ k	d ʌ ŋ k t	d ʌ ŋ k t	v æ n ɪ ʃ	v æ n ɪ ʃ t	v æ n ɪ ʃ t	d ʌ ŋ k t	1	1	reg_t	reg_t	reg_t
random	m ə n uː v ɹ̩	m ə n uː v ɹ̩ d	m ə n v uː v d	r ɛ k	r ɛ k t	r ɛ k t	m ə n uː v ɹ̩ t	0	0	reg_d	other	reg_t
random	s w uː ʃ	s w uː ʃ t	s w uː ʃ t	b ʌ t ə n	b ʌ t ə n d	b ʌ t ə n d	s w uː ʃ d	0	0	reg_t	reg_t	reg_d
random	l uː p	l uː p t	l uː p t	θ r ɛ d	θ r ɛ d ə d	θ r ɛ d ə d	l uː p ə d	0	0	reg_t	reg_t	reg_əd
random	ə b a ɪ d	ə b a ɪ d ə d	ə b a ɪ d ə d	p a ʊ n s	p a ʊ n s t	p a ʊ n s t	ə b a ɪ d t	0	0	reg_əd	reg_əd	reg_t
random	k ə m p ɛ r	k ə m p ɛ r d	k ə m p ɛ r d	h ɪ t	h ɪ t	h ɪ t	k ə m p ɛ r	0	0	reg_d	reg_d	no_change
random	t͡ʃ æ n ə l	t͡ʃ æ n ə l d	t͡ʃ æ n ə l d	p ʊ l	p ʊ l d	p ʊ l d	t͡ʃ æ n ə l d	1	1	reg_d	reg_d	reg_d
random	s t ɔ r	s t ɔ r d	s t ɔ r d	k l ɔ	k l ɔ d	k l ɔ d	s t ɔ r d	1	1	reg_d	reg_d	reg_d
random	r ɪ p ɛ r	r ɪ p ɛ r d	r ɪ p ɛ r d	f l æ p	f l æ p t	f l æ p t	r ɪ p ɛ r t	0	0	reg_d	reg_d	reg_t
random	d ɪ ʃ	d ɪ ʃ t	d ɪ ʃ t	s k æ n	s k æ n d	s k æ n d	d ɪ ʃ d	0	0	reg_t	reg_t	reg_d
random	s p ɑː r k ə l	s p ɑː r k ə l d	s p ɑː r k ə l d	ɪ k s p æ n d	ɪ k s p æ n d ə d	ɪ k s p æ n d ə d	s p ɑː r k ə l ə d	0	0	reg_d	reg_d	reg_əd
random	k w a ɪ ə t	k w a ɪ ə t ə d	k w a ɪ ə t ə d	θ r ɛ t ə n	θ r ɛ t ə n d	θ r ɛ t ə n d	k w a ɪ ə t d	0	0	reg_əd	reg_əd	reg_d
random	k ə n t ɪ n j uː	k ə n t ɪ n j uː d	k ə n t ɪ n t ɪ n j uː t ə d	t e ɪ p	t e ɪ p t	t e ɪ p t	k ə n t ɪ n j uː t	0	0	reg_d	other	reg_t
random	p ɑː t	p ɑː t ə d	p ɑː t ə d	s p l æ ʃ	s p l æ ʃ t	s p l æ ʃ t	p ɑː t t	0	0	reg_əd	reg_əd	reg_t
random	p r ɪ n t	p r ɪ n t ə d	p r ɪ n t ə d	ə v ɔ ɪ d	ə v ɔ ɪ d ə d	ə v ɔ ɪ d ə d	p r ɪ n t ə d	1	1	reg_əd	reg_əd	reg_əd
random	s p a ɪ s	s p a ɪ s t	s p a ɪ s t	b ɑː r k	b ɑː r k t	b ɑː r k t	s p a ɪ s t	1	1	reg_t	reg_t	reg_t
random	b ɑː d iː	b ɑː d iː d	b ɑː d iː d	p a ʊ d ɹ̩	p a ʊ d ɹ̩ d	p a ʊ d ɹ̩ d	b ɑː d iː d	1	1	reg_d	reg_d	reg_d
random	s t r o ʊ k	s t r o ʊ k t	s t r o ʊ k t	s k iː	s k iː d	s k iː d	s t r o ʊ k d	0	0	reg_t	reg_t	reg_d
random	ə n w a ɪ n d	ə n w a ʊ n d	ə n w a ɪ n d ə d	t e ɪ p	t e ɪ p t	t e ɪ p t	ə n w a ɪ n d t	0	0	vowel_change	reg_əd	reg_t
random	s t r æ ŋ ɡ ə l	s t r æ ŋ ɡ ə l d	s t r æ ŋ ɡ ə l d	p r o ʊ ɡ r æ m	p r o ʊ ɡ r æ m d	p r o ʊ ɡ r æ m d	s t r æ ŋ ɡ ə l d	1	1	reg_d	reg_d	reg_d
random	p ɑː l ɪ ʃ	p ɑː l ɪ ʃ t	p ɑː l ɪ ʃ t	p r ə t ɛ k t	p r ə t ɛ k t ə d	p r ə t ɛ k t ə d	p ɑː l ɪ ʃ ə d	0	0	reg_t	reg_t	reg_əd
random	p a ʊ n d	p a ʊ n d ə d	p a ʊ n d ə d	k ʊ k	k ʊ k t	k ʊ k t	p a ʊ n d t	0	0	reg_əd	reg_əd	reg_t
random	w ɪ s k	w ɪ s k t	w ɪ s k t	t͡ʃ ɪ l	t͡ʃ ɪ l d	t͡ʃ ɪ l d	w ɪ s k d	0	0	reg_t	reg_t	reg_d
random	ɡ l o ʊ	ɡ l o ʊ d	ɡ l uː	t o ʊ	t o ʊ d	t o ʊ d	ɡ l o ʊ d	0	1	reg_d	vowel_change	reg_d
random	a ɪ s	a ɪ s t	a ɪ s t	b r e ɪ k	b r e ɪ k t	b r o ʊ k	a ɪ s t	1	1	reg_t	reg_t	reg_t
random	t iː z	t iː z d	t iː z d	b o ʊ n	b o ʊ n d	b o ʊ n d	t iː z d	1	1	reg_d	reg_d	reg_d
random	ɪ r ʌ p t	ɪ r ʌ p t ə d	ɪ r ʌ p t ə d	d ʌ m p	d ʌ m p t	d ʌ m p t	ɪ r ʌ p t t	0	0	reg_əd	reg_əd	reg_t
random	k ɑː n	k ɑː n d	k ɑː n d	p ʌ z ə l	p ʌ z ə l d	p ʌ z ə l d	k ɑː n d	1	1	reg_d	reg_d	reg_d
random	d ɪ z ɑː l v	d ɪ z ɑː l v d	d ɪ z ɑː l v d	ɪ n t ɛ n d	ɪ n t ɛ n d ə d	ɪ n t ɛ n d ə d	d ɪ z ɑː l v ə d	0	0	reg_d	reg_d	reg_əd
random	b l ɛ n d	b l ɛ n d ə d	b l ɛ n d ə d	ɪ n k w a ɪ ɹ̩	ɪ n k w a ɪ ɹ̩ d	ɪ n k w a ɪ ɹ̩ d	b l ɛ n d d	0	0	reg_əd	reg_əd	reg_d
random	ə r e ɪ n d͡ʒ	ə r e ɪ n d͡ʒ d	ə r e ɪ n d͡ʒ d	s o ʊ k	s o ʊ k t	s o ʊ k t	ə r e ɪ n d͡ʒ t	0	0	reg_d	reg_d	reg_t
random	f r e ɪ m	f r e ɪ m d	f r e ɪ m d	s ɛ t	s ɛ t	s ɛ t	f r e ɪ m	0	0	reg_d	reg_d	no_change
random	k ə m p iː t	k ə m p iː t ə d	k ə m p iː t ə d	ə n d ɹ̩ s t æ n d	ə n d ɹ̩ s t ʊ d	ə n d ɹ̩ s t ʊ d	NA	0	0	reg_əd	reg_əd	rhyme_replaced
random	s p iː d	s p ɛ d	s p iː d ə d	ɡ r o ʊ n	ɡ r o ʊ n d	ɡ r o ʊ n d	s p iː d d	0	0	vowel_change	reg_əd	reg_d
random	h ɔ l	h ɔ l d	h ɔ l d	z ɪ p	z ɪ p t	z ɪ p t	h ɔ l t	0	0	reg_d	reg_d	reg_t
random	s n æ ɡ	s n æ ɡ d	s n æ ɡ d	b iː f	b iː f t	b iː f t	s n æ ɡ t	0	0	reg_d	reg_d	reg_t
random	ɪ n t r iː ɡ	ɪ n t r iː ɡ d	ɪ n t r iː ɡ d	t͡ʃ ɪ l	t͡ʃ ɪ l d	t͡ʃ ɪ l d	ɪ n t r iː ɡ d	1	1	reg_d	reg_d	reg_d
random	l ɔ n t͡ʃ	l ɔ n t͡ʃ t	l ɔ n t͡ʃ t	t͡ʃ uː z	t͡ʃ uː z d	t͡ʃ o ʊ z	l ɔ n t͡ʃ d	0	0	reg_t	reg_t	reg_d
random	s æ ɡ	s æ ɡ d	s æ ɡ d	p æ d	p æ d ə d	p æ d ə d	s æ ɡ ə d	0	0	reg_d	reg_d	reg_əd
random	d ɪ v ɛ l ə p	d ɪ v ɛ l ə p t	d ɪ v ɛ l ə p t	p r o ʊ b	p r o ʊ b d	p r o ʊ b d	d ɪ v ɛ l ə p d	0	0	reg_t	reg_t	reg_d
random	s ɹ̩ v a ɪ v	s ɹ̩ v a ɪ v d	s ɹ̩ v a ɪ v d	s l æ p	s l æ p t	s l æ p t	s ɹ̩ v a ɪ v t	0	0	reg_d	reg_d	reg_t
random	r iː b ɪ l d	r iː b ɪ l t	r iː b ɪ l d ə d	s n æ p	s n æ p t	s n æ p t	r iː b ɪ l d t	0	0	coda_change	reg_əd	reg_t
random	ɛ n t ɹ̩	ɛ n t ɹ̩ d	ɛ n t ɹ̩ d	s ə b t r æ k t	s ə b t r æ k t ə d	s ə b t r æ k t ə d	ɛ n t ɹ̩ ə d	0	0	reg_d	reg_d	reg_əd
random	w ɹ̩ l	w ɹ̩ l d	w ɹ̩ l d	r iː f r ɛ ʃ	r iː f r ɛ ʃ t	r iː f r ɛ ʃ t	w ɹ̩ l t	0	0	reg_d	reg_d	reg_t
random	s p l æ t ɹ̩	s p l æ t ɹ̩ d	s p l æ t ɹ̩ d	ɪ n k w a ɪ ɹ̩	ɪ n k w a ɪ ɹ̩ d	ɪ n k w a ɪ ɹ̩ d	s p l æ t ɹ̩ d	1	1	reg_d	reg_d	reg_d
random	w ɹ̩ ʃ ɪ p	w ɹ̩ ʃ ɪ p t	w ɹ̩ ʃ ɪ p t	r iː s k ɛ d͡ʒ uː l	r iː s k ɛ d͡ʒ uː l d	r iː s k ɛ d͡ʒ uː l d	w ɹ̩ ʃ ɪ p d	0	0	reg_t	reg_t	reg_d
random	n iː d ə l	n iː d ə l d	n iː d ə l d	b ɑː r b ɪ k j uː	b ɑː r b ɪ k j uː d	b ɑː r b ɪ k j uː d	n iː d ə l d	1	1	reg_d	reg_d	reg_d
random	s p e ɪ s	s p e ɪ s t	s p e ɪ s t	f ɛ ð ɹ̩	f ɛ ð ɹ̩ d	f ɛ ð ɹ̩ d	s p e ɪ s d	0	0	reg_t	reg_t	reg_d
random	f l ɹ̩ t	f l ɹ̩ t ə d	f l ɹ̩ t ə d	f ɑː l o ʊ	f ɑː l o ʊ d	f ɑː l o ʊ d	f l ɹ̩ t d	0	0	reg_əd	reg_əd	reg_d
random	p ɛ ɡ	p ɛ ɡ d	p ɛ ɡ d	ɪ n ɪ ʃ ə l	ɪ n ɪ ʃ ə l d	ɪ n ɪ ʃ ə l d	p ɛ ɡ d	1	1	reg_d	reg_d	reg_d
random	p a ʊ ɹ̩	p a ʊ ɹ̩ d	p a ʊ ɹ̩ d	f ɑː l o ʊ	f ɑː l o ʊ d	f ɑː l o ʊ d	p a ʊ ɹ̩ d	1	1	reg_d	reg_d	reg_d
random	d ɪ s ɡ ʌ s t	d ɪ s ɡ ʌ s t ə d	d ɪ s ɡ s t ə d	s t ɹ̩	s t ɹ̩ d	s t ɹ̩ d	d ɪ s ɡ ʌ s t d	0	0	reg_əd	other	reg_d
random	ɪ n k l uː d	ɪ n k l uː d ə d	ɪ n k l uː d ə d	p r iː t ɛ n d	p r iː t ɛ n d ə d	p r iː t ɛ n d ə d	ɪ n k l uː d ə d	1	1	reg_əd	reg_əd	reg_əd
random	h a ʊ l	h a ʊ l d	h a ʊ l d	f l æ ʃ	f l æ ʃ t	f l æ ʃ t	h a ʊ l t	0	0	reg_d	reg_d	reg_t
random	s ɪ m ɹ̩	s ɪ m ɹ̩ d	s æ m ɹ̩ d	r iː j uː z	r iː uː z d	r iː uː z d	NA	0	0	reg_d	other	other
random	k ə m p l iː t	k ə m p l iː t ə d	k ə m p l iː t ə d	r iː s ɹ̩ t͡ʃ	r iː s ɹ̩ t͡ʃ t	r iː s ɹ̩ t͡ʃ t	k ə m p l iː t t	0	0	reg_əd	reg_əd	reg_t
random	l e ɪ ɹ̩	l e ɪ ɹ̩ d	l e ɪ ɹ̩ d	k ʊ k	k ʊ k t	k ʊ k t	l e ɪ ɹ̩ t	0	0	reg_d	reg_d	reg_t
random	d ɑː k	d ɑː k t	d ɑː k t	s p ɪ l	s p ɪ l d	s p ɪ l d	d ɑː k d	0	0	reg_t	reg_t	reg_d
random	æ d m a ɪ ɹ̩	æ d m a ɪ ɹ̩ d	æ m a ɪ d ɹ̩ d	r ɛ n ə v e ɪ t	r ɛ n ə v e ɪ t ə d	r ɛ n ə v e ɪ t ə d	æ d m a ɪ ɹ̩ ə d	0	0	reg_d	other	reg_əd
random	d ɪ f ɛ n d	d ɪ f ɛ n d ə d	d ɪ f ɛ n d ə d	w ɹ̩ k	w ɹ̩ k t	w ɹ̩ k t	d ɪ f ɛ n d t	0	0	reg_əd	reg_əd	reg_t
random	p r ɪ v ɛ n t	p r ɪ v ɛ n t ə d	p r ɪ v ɛ n t ə d	v j uː	v j uː d	v j uː d	p r ɪ v ɛ n t d	0	0	reg_əd	reg_əd	reg_d
random	p ɔ z	p ɔ z d	p ɔ z d	d r ɪ l	d r ɪ l d	d r ɪ l d	p ɔ z d	1	1	reg_d	reg_d	reg_d
random	ə n ɔ ɪ	ə n ɔ ɪ d	ə n ɔ ɪ d	t w ɪ t͡ʃ	t w ɪ t͡ʃ t	t w ɪ t͡ʃ t	ə n ɔ ɪ t	0	0	reg_d	reg_d	reg_t
random	k ɹ̩ o ʊ d	k ɹ̩ o ʊ d ə d	k ɹ̩ o ʊ d ə d	ʃ æ m p uː	ʃ æ m p uː d	ʃ æ m p uː d	k ɹ̩ o ʊ d d	0	0	reg_əd	reg_əd	reg_d
random	ɡ r ʌ n t	ɡ r ʌ n t ə d	ɡ r ʌ n t ə d	ə p ɑː l ə d͡ʒ a ɪ z	ə p ɑː l ə d͡ʒ a ɪ z d	ə p ɑː l ə d͡ʒ a ɪ z d	ɡ r ʌ n t d	0	0	reg_əd	reg_əd	reg_d
random	t r ʌ m p ə t	t r ʌ m p ə t ə d	t r ʌ m p ə t ə d	ɡ æ ɡ	ɡ æ ɡ d	ɡ æ ɡ d	t r ʌ m p ə t d	0	0	reg_əd	reg_əd	reg_d
random	r ɪ ɡ r ɛ t	r ɪ ɡ r ɛ t ə d	r ɪ ɡ r ɛ t ə d	ɡ ʌ n	ɡ ʌ n d	ɡ ʌ n d	r ɪ ɡ r ɛ t d	0	0	reg_əd	reg_əd	reg_d
random	b ɔ r	b ɔ r d	b ɔ r d	t ɑː l ɹ̩ e ɪ t	t ɑː l ɹ̩ e ɪ t ə d	t ɑː l ɹ̩ e ɪ t ə d	b ɔ r ə d	0	0	reg_d	reg_d	reg_əd
random	k ə m p l e ɪ n	k ə m p l e ɪ n d	k ə m p l e ɪ n d	h ɹ̩ l	h ɹ̩ l d	h ɹ̩ l d	k ə m p l e ɪ n d	1	1	reg_d	reg_d	reg_d
random	s p ɔ r t	s p ɔ r t ə d	s p ɔ r t ə d	t ɑː p ə l	t ɑː p ə l d	t ɑː p ə l d	s p ɔ r t d	0	0	reg_əd	reg_əd	reg_d
random	ɡ r æ s	ɡ r æ s t	ɡ r æ s t	w ʊ d	w ʊ d ə d	w ʊ d ə d	ɡ r æ s ə d	0	0	reg_t	reg_t	reg_əd
random	θ ʌ m	θ ʌ m d	θ ʌ m d	s n ɑː r ə l	s n ɑː r ə l d	s n ɑː r ə l d	θ ʌ m d	1	1	reg_d	reg_d	reg_d
random	ɪ k s p o ʊ z	ɪ k s p o ʊ z d	ɪ k s p o ʊ z d	h e ɪ s ə n	h e ɪ s ə n d	h e ɪ s ə n d	ɪ k s p o ʊ z d	1	1	reg_d	reg_d	reg_d
random	p l ʌ ŋ k	p l ʌ ŋ k t	p l ʌ ŋ k t	b a ʊ n s	b a ʊ n s t	b a ʊ n s t	p l ʌ ŋ k t	1	1	reg_t	reg_t	reg_t
random	s p l ɪ t	s p l ɪ t	s p l ɪ t ə d	s p ɛ l	s p ɛ l d	s p ɛ l d	s p l ɪ t d	0	0	no_change	reg_əd	reg_d
random	b æ n ɪ ʃ	b æ n ɪ ʃ t	b æ n ɪ ʃ t	æ n t ɪ s ə p e ɪ t	æ n t ɪ s ə p e ɪ t ə d	æ n t ɪ s ə p e ɪ t ə d	b æ n ɪ ʃ ə d	0	0	reg_t	reg_t	reg_əd
random	b ɛ l t͡ʃ	b ɛ l t͡ʃ t	b ɛ l t͡ʃ t	ɪ n v ɑː l v	ɪ n v ɑː l v d	ɪ n v ɑː l v d	b ɛ l t͡ʃ d	0	0	reg_t	reg_t	reg_d
random	s t ʌ b	s t ʌ b d	s t ʌ b d	r iː n e ɪ m	r iː n e ɪ m d	r iː n e ɪ m d	s t ʌ b d	1	1	reg_d	reg_d	reg_d
random	d ɪ p ɔ r t	d ɪ p ɔ r t ə d	d ɪ p ɔ r t ə d	f o ʊ n	f o ʊ n d	f o ʊ n d	d ɪ p ɔ r t d	0	0	reg_əd	reg_əd	reg_d
random	m ɑː r k ə t	m ɑː r k ə t ə d	m ɑː r k ə t ə d	l æ f	l æ f t	l æ f t	m ɑː r k ə t t	0	0	reg_əd	reg_əd	reg_t
