neighbors	src	gold	pred	neighbor_src	neighbor_tgt	analogy	regular	matches_pred	matches_gold
model_sep	s m a ɪ l	s m a ɪ l d	s m a ɪ l d	s l a ɪ d	s l ɪ d	NA	1	0	0
model_sep	r iː d	r ɛ d	r iː d ə d	r ɑː t	r ɑː t ə d	r iː d ə d	0	1	0
model_sep	l a ɪ k	l a ɪ k t	l a ɪ k t	l a ɪ t	l ɪ t	NA	1	0	0
model_sep	ʃ o ʊ	ʃ o ʊ d	ʃ o ʊ d	ʃ a ɪ	ʃ a ɪ d	ʃ o ʊ d	1	1	1
model_sep	b a ɪ t	b ɪ t	b a ɪ t ə d	b e ɪ k	b e ɪ k t	b a ɪ t t	0	0	0
model_sep	f l a ɪ	f l uː	f l a ɪ d	f o ʊ n	f o ʊ n d	f l a ɪ d	0	1	0
model_sep	h o ʊ p	h o ʊ p t	h o ʊ p t	h æ n d	h æ n d ə d	h o ʊ p ə d	1	0	0
model_sep	o ʊ p ə n	o ʊ p ə n d	o ʊ p ə n d	o ʊ b e ɪ	o ʊ b e ɪ d	o ʊ p ə n d	1	1	1
model_sep	r ʌ n	r æ n	r ʌ n d	r ɔ ŋ	r ɔ ŋ d	r ʌ n d	0	1	0
model_sep	t ɔ ɪ	t ɔ ɪ d	t ɔ t	t a ɪ	t a ɪ d	t ɔ ɪ d	1	0	1
model_sep	p l e ɪ	p l e ɪ d	p l e ɪ d	p r e ɪ	p r e ɪ d	p l e ɪ d	1	1	1
model_sep	w ɑː t͡ʃ	w ɑː t͡ʃ t	w ɑː t͡ʃ t	w ɑː ʃ	w ɑː ʃ t	w ɑː t͡ʃ t	1	1	1
model_sep	r iː t͡ʃ	r iː t͡ʃ t	r iː t͡ʃ t	r ʌ ʃ	r ʌ ʃ t	r iː t͡ʃ t	1	1	1
model_sep	æ s k	æ s k t	æ s k t	æ n s ɹ̩	æ n s ɹ̩ d	æ s k d	1	0	0
model_sep	s m ɛ l	s m ɛ l d	s m ɛ l d	s p ɛ l	s p ɛ l d	s m ɛ l d	1	1	1
model_sep	h æ ŋ	h ʌ ŋ	h æ ŋ d	h æ v	h æ d	NA	0	0	0
model_sep	r a ɪ d	r o ʊ d	r o ʊ d ə d	r a ɪ t	r o ʊ t	NA	0	0	0
model_sep	s p ɪ l	s p ɪ l d	s p æ l d	s t ɪ l	s t ɪ l d	s p ɪ l d	1	0	1
model_sep	p ɔ r	p ɔ r d	p ɔ r d	p ɛ r	p ɛ r d	p ɔ r d	1	1	1
model_sep	b a ʊ	b a ʊ d	b a ʊ d	b a ɪ	b ɔ t	NA	1	0	0
model_sep	t ʌ t͡ʃ	t ʌ t͡ʃ t	t ʌ t͡ʃ t	t iː t͡ʃ	t ɔ t	NA	1	0	0
model_sep	k ɑː z	k ɑː z d	k ɑː z d	k ɛ r	k ɛ r d	k ɑː z d	1	1	1
model_sep	s t r a ɪ k	s t r ʌ k	s t r a ɪ k t	s t r a ɪ p	s t r a ɪ p t	s t r a ɪ k t	0	1	0
model_sep	h ɹ̩ t	h ɹ̩ t	h ɹ̩ t	h ɹ̩ d	h ɹ̩ d ə d	h ɹ̩ t ə d	0	0	0
model_sep	h iː t	h iː t ə d	h iː t	h iː r	h ɹ̩ d	NA	1	0	0
model_sep	f l a ʊ ɹ̩	f l a ʊ ɹ̩ d	f l a ʊ ɹ̩ d	f r a ʊ n	f r a ʊ n d	f l a ʊ ɹ̩ d	1	1	1
model_sep	k l o ʊ z	k l o ʊ z d	k l o ʊ z d	k l æ m p	k l æ m p t	k l o ʊ z t	1	0	0
model_sep	m a ɪ n	m a ɪ n d	m a ɪ n d	m e ɪ k	m e ɪ d	NA	1	0	0
model_sep	v ɪ z ɪ t	v ɪ z ɪ t ə d	v ɪ z ɪ t ə d	v æ n ɪ ʃ	v æ n ɪ ʃ t	v ɪ z ɪ t t	1	0	0
model_sep	t e ɪ s t	t e ɪ s t ə d	t e ɪ s t ə d	t w ɪ s t	t w ɪ s t ə d	t e ɪ s t ə d	1	1	1
model_sep	b ʌ t ɹ̩	b ʌ t ɹ̩ d	b ʌ t ɹ̩ d	b ɛ t ɹ̩	b ɛ t ɹ̩ d	b ʌ t ɹ̩ d	1	1	1
model_sep	m e ɪ l	m e ɪ l d	m e ɪ l d	m e ɪ k	m e ɪ d	NA	1	0	0
model_sep	d ɪ ŋ	d ɪ ŋ d	d ɪ ŋ d	d ɪ p	d ɪ p t	d ɪ ŋ t	1	0	0
model_sep	s t ɑː p	s t ɑː p t	s t ɑː p t	s t ɑː k	s t ɑː k t	s t ɑː p t	1	1	1
model_sep	ɪ k s a ɪ t	ɪ k s a ɪ t ə d	ɪ k s a ɪ t ə d	ɪ n v a ɪ t	ɪ n v a ɪ t ə d	ɪ k s a ɪ t ə d	1	1	1
model_sep	f r a ɪ	f r a ɪ d	f r a ɪ d	f o ʊ n	f o ʊ n d	f r a ɪ d	1	1	1
model_sep	s p iː k	s p o ʊ k	s p ɛ k t	s k ʌ f	s k ʌ f t	s p iː k t	0	0	0
model_sep	s k r æ m b ə l	s k r æ m b ə l d	s k r æ m b ə l d	s t r æ ŋ ɡ ə l	s t r æ ŋ ɡ ə l d	s k r æ m b ə l d	1	1	1
model_sep	t͡ʃ ɛ k	t͡ʃ ɛ k t	t͡ʃ ɛ k t	t͡ʃ ɔ k	t͡ʃ ɔ k t	t͡ʃ ɛ k t	1	1	1
model_sep	n ʌ m b ɹ̩	n ʌ m b ɹ̩ d	n ʌ m b ɹ̩ d	n ɛ r o ʊ	n ɛ r o ʊ d	n ʌ m b ɹ̩ d	1	1	1
model_sep	b ɛ n d	b ɛ n d ə d	b ɛ n d ə d	b æ n d	b æ n d ə d	b ɛ n d ə d	1	1	1
model_sep	t ɔ s	t ɔ s t	t ɔ s t	t iː t͡ʃ	t ɔ t	NA	1	0	0
model_sep	w ɪ s p ɹ̩	w ɪ s p ɹ̩ d	w ɪ s p ɹ̩ d	w ɑː n d ɹ̩	w ɑː n d ɹ̩ d	w ɪ s p ɹ̩ d	1	1	1
model_sep	a ɪ	a ɪ d	a ɪ d	a ɪ s	a ɪ s t	a ɪ t	1	0	0
model_sep	p ɑː p	p ɑː p t	p ɑː p t	p ɛ r	p ɛ r d	p ɑː p d	1	0	0
model_sep	ɪ ɡ z ɔ s t	ɪ ɡ z ɔ s t ə d	ɪ ɡ z ɔ s t ə d	ɪ n ɡ e ɪ d͡ʒ	ɪ n ɡ e ɪ d͡ʒ d	ɪ ɡ z ɔ s t d	1	0	0
model_sep	b ɪ l d	b ɪ l t	b ɪ l d ə d	b ʊ l iː	b ʊ l iː d	b ɪ l d d	0	0	0
model_sep	w ʌ n d ɹ̩	w ʌ n d ɹ̩ d	w ʌ n d ɹ̩ d	w ɑː n d ɹ̩	w ɑː n d ɹ̩ d	w ʌ n d ɹ̩ d	1	1	1
model_sep	k r æ k	k r æ k t	k r æ k t	k r æ ʃ	k r æ ʃ t	k r æ k t	1	1	1
model_sep	n ɪ b ə l	n ɪ b ə l d	n ɪ b ə l d	n iː d ə l	n iː d ə l d	n ɪ b ə l d	1	1	1
model_sep	d ɪ l ɪ v ɹ̩	d ɪ l ɪ v ɹ̩ d	d ɪ l ɪ v ɹ̩ d	d ɪ p ɛ n d	d ɪ p ɛ n d ə d	d ɪ l ɪ v ɹ̩ ə d	1	0	0
model_sep	s k ɛ r	s k ɛ r d	s k ɛ r d	s p ɛ r	s p ɛ r d	s k ɛ r d	1	1	1
model_sep	ɔ f ɹ̩	ɔ f ɹ̩ d	ɔ f ɹ̩ d	ɔ θ ɹ̩	ɔ θ ɹ̩ d	ɔ f ɹ̩ d	1	1	1
model_sep	f l ɑː p	f l ɑː p t	f l ɑː p t	f l ɹ̩ t	f l ɹ̩ t ə d	f l ɑː p ə d	1	0	0
model_sep	ə p o ʊ z	ə p o ʊ z d	ə p o ʊ z d	ə r ɛ s t	ə r ɛ s t ə d	ə p o ʊ z ə d	1	0	0
model_sep	k ʌ l ɹ̩	k ʌ l ɹ̩ d	k ʌ l ɹ̩ d	k j uː b	k j uː b d	k ʌ l ɹ̩ d	1	1	1
model_sep	k æ m p	k æ m p t	k æ m p t	k o ʊ m	k o ʊ m d	k æ m p d	1	0	0
model_sep	s ɛ l	s o ʊ l d	s ɛ l d	s iː l	s iː l d	s ɛ l d	0	1	0
model_sep	f l æ p	f l æ p t	f l æ p t	f l æ ʃ	f l æ ʃ t	f l æ p t	1	1	1
model_sep	p r ɛ s	p r ɛ s t	p r ɛ s t	p r ɪ k	p r ɪ k t	p r ɛ s t	1	1	1
model_sep	f ɪ l	f ɪ l d	f ɪ l d	f iː l	f ɛ l t	NA	1	0	0
model_sep	b r æ n t͡ʃ	b r æ n t͡ʃ t	b r æ n t͡ʃ t	b r a ʊ z	b r a ʊ z d	b r æ n t͡ʃ d	1	0	0
model_sep	t a ɪ t ə n	t a ɪ t ə n d	t a ɪ t ə n d	t o ʊ t ə l	t o ʊ t ə l d	t a ɪ t ə n d	1	1	1
model_sep	k æ p t ɪ v e ɪ t	k æ p t ɪ v e ɪ t ə d	k æ p t ɪ v e ɪ t ə d	k o ʊ ɑː p ɹ̩ e ɪ t	k o ʊ ɑː p ɹ̩ e ɪ t ə d	k æ p t ɪ v e ɪ t ə d	1	1	1
model_sep	t o ʊ s t	t o ʊ s t ə d	t o ʊ s t ə d	t r æ m p	t r æ m p t	t o ʊ s t t	1	0	0
model_sep	d ɪ s ə p iː r	d ɪ s ə p iː r d	d ɪ s ə p iː r d	d ɪ s ə ɡ r iː	d ɪ s ə ɡ r iː d	d ɪ s ə p iː r d	1	1	1
model_sep	b ɛ r	b o ʊ r	b ɛ r d	b ʌ d͡ʒ	b ʌ d͡ʒ d	b ɛ r d	0	1	0
model_sep	b ɛ r iː	b ɛ r iː d	b ɛ r iː d	b ɑː r b	b ɑː r b d	b ɛ r iː d	1	1	1
model_sep	s n iː k	s n iː k t	s n iː k t	s n ʌ f	s n ʌ f t	s n iː k t	1	1	1
model_sep	l ʌ n t͡ʃ	l ʌ n t͡ʃ t	l ʌ n t͡ʃ t	l æ n d	l æ n d ə d	l ʌ n t͡ʃ ə d	1	0	0
model_sep	m ɛ m ɹ̩ a ɪ z	m ɛ m ɹ̩ a ɪ z d	m ɛ m ɹ̩ a ɪ z d	m o ʊ l d	m o ʊ l d ə d	m ɛ m ɹ̩ a ɪ z ə d	1	0	0
model_sep	h a ɪ d	h ɪ d	h a ɪ d ə d	h a ɪ k	h a ɪ k t	h a ɪ d t	0	0	0
model_sep	w iː l	w iː l d	w iː l d	w iː d	w iː d ə d	w iː l ə d	1	0	0
model_sep	p æ t	p æ t ə d	p æ t ə d	p æ d	p æ d ə d	p æ t ə d	1	1	1
model_sep	s k æ m p ɹ̩	s k æ m p ɹ̩ d	s k æ m p ɹ̩ d	s t a ɪ m iː	s t a ɪ m iː d	s k æ m p ɹ̩ d	1	1	1
model_sep	p iː r	p iː r d	p iː r d	p ɛ r	p ɛ r d	p iː r d	1	1	1
model_sep	ʃ æ m p uː	ʃ æ m p uː d	ʃ æ m p uː d	ʃ æ d o ʊ	ʃ æ d o ʊ d	ʃ æ m p uː d	1	1	1
model_sep	r e ɪ s	r e ɪ s t	r e ɪ s t	r e ɪ n	r e ɪ n d	r e ɪ s d	1	0	0
model_sep	s t r ɛ t͡ʃ	s t r ɛ t͡ʃ t	s t r ɛ t͡ʃ t	s t r ɛ s	s t r ɛ s t	s t r ɛ t͡ʃ t	1	1	1
model_sep	k ə l æ p s	k ə l æ p s t	k ə l æ p s t	k ə l a ɪ d	k ə l a ɪ d ə d	k ə l æ p s ə d	1	0	0
model_sep	d r ɪ f t	d r ɪ f t ə d	d r ɪ f t ə d	d r ɪ ŋ k	d r æ ŋ k	NA	1	0	0
model_sep	s t æ b	s t æ b d	s t æ b d	s t æ k	s t æ k t	s t æ b t	1	0	0
model_sep	t͡ʃ uː	t͡ʃ uː d	t͡ʃ uː d	t͡ʃ ɹ̩ n	t͡ʃ ɹ̩ n d	t͡ʃ uː d	1	1	1
model_sep	b ʌ b ə l	b ʌ b ə l d	b ʌ b ə l d	b æ b ə l	b æ b ə l d	b ʌ b ə l d	1	1	1
model_sep	s a ʊ ɹ̩	s a ʊ ɹ̩ d	s a ʊ ɹ̩ d	s o ʊ k	s o ʊ k t	s a ʊ ɹ̩ t	1	0	0
model_sep	s t æ m p	s t æ m p t	s t æ m p t	s t æ n d	s t ʊ d	NA	1	0	0
model_sep	d͡ʒ ɹ̩ k	d͡ʒ ɹ̩ k t	d͡ʒ ɹ̩ k t	d͡ʒ ɑː ɡ	d͡ʒ ɑː ɡ d	d͡ʒ ɹ̩ k d	1	0	0
model_sep	s ɔ	s ɔ d	s ɔ d	s iː	s ɔ	NA	1	0	0
model_sep	f l ɪ p	f l ɪ p t	f l ɪ p t	f l ʌ d	f l ʌ d ə d	f l ɪ p ə d	1	0	0
model_sep	h iː l	h iː l d	h iː l d	h ɔ l	h ɔ l d	h iː l d	1	1	1
model_sep	s k r iː m	s k r iː m d	s k r iː m d	s t r iː k	s t r iː k t	s k r iː m t	1	0	0
model_sep	h ʊ k	h ʊ k t	h ʊ k t	h æ v	h æ d	NA	1	0	0
model_sep	p ɪ t	p ɪ t ə d	p ɪ t	p ɪ ŋ	p ɪ ŋ d	p ɪ t d	1	0	0
model_sep	t r ʌ b ə l	t r ʌ b ə l d	t r ʌ b ə l d	t ʌ m b ə l	t ʌ m b ə l d	t r ʌ b ə l d	1	1	1
model_sep	ɪ m p r ə v a ɪ z	ɪ m p r ə v a ɪ z d	ɪ m p r ə v a ɪ z d	ɪ m p l ə m ɛ n t	ɪ m p l ə m ɛ n t ə d	ɪ m p r ə v a ɪ z ə d	1	0	0
model_sep	n e ɪ l	n e ɪ l d	n e ɪ l d	n e ɪ m	n e ɪ m d	n e ɪ l d	1	1	1
model_sep	b a ɪ k	b a ɪ k t	b a ɪ k t	b e ɪ k	b e ɪ k t	b a ɪ k t	1	1	1
model_sep	l ɑː k	l ɑː k t	l ɑː k t	l iː p	l ɛ p t	NA	1	0	0
model_sep	r ɛ s t	r ɛ s t ə d	r ɛ s t ə d	r ɛ n t	r ɛ n t ə d	r ɛ s t ə d	1	1	1
model_sep	b iː p	b iː p t	b iː p t	b iː t	b iː t	b iː p	1	0	0
model_sep	s ɪ p	s ɪ p t	s ɪ p t	s ɪ ŋ	s æ ŋ	NA	1	0	0
model_sep	ɪ s k e ɪ p	ɪ s k e ɪ p t	ɪ s e ɪ p e ɪ p t ɪ d	ɪ k w e ɪ t	ɪ k w e ɪ t ə d	ɪ s k e ɪ p ə d	1	0	0
model_sep	k ə n t r o ʊ l	k ə n t r o ʊ l d	k ə n t r o ʊ l d	k ə n t ɪ n j uː	k ə n t ɪ n j uː d	k ə n t r o ʊ l d	1	1	1
model_sep	h ʌ d ə l	h ʌ d ə l d	h ʌ d ə l d	h æ p ə n	h æ p ə n d	h ʌ d ə l d	1	1	1
model_sep	s w uː ʃ	s w uː ʃ t	s w uː ʃ t	s k uː p	s k uː p t	s w uː ʃ t	1	1	1
model_sep	f a ɪ n d	f a ʊ n d	f a ɪ n d ə d	f r ɪ s k	f r ɪ s k t	f a ɪ n d t	0	0	0
model_sep	k ɔ ɪ l	k ɔ ɪ l d	k ɔ ɪ l d	k w ɪ z	k w ɪ z d	k ɔ ɪ l d	1	1	1
model_sep	r ə f ɹ̩	r ə f ɹ̩ d	r ə f ɹ̩ d	r ɛ n t͡ʃ	r ɛ n t͡ʃ t	r ə f ɹ̩ t	1	0	0
model_sep	ʃ e ɪ v	ʃ e ɪ v d	ʃ e ɪ v d	ʃ e ɪ p	ʃ e ɪ p t	ʃ e ɪ v t	1	0	0
model_sep	d ɪ s k r a ɪ b	d ɪ s k r a ɪ b d	d ɪ s k r a ɪ b d	d ɪ s t r æ k t	d ɪ s t r æ k t ə d	d ɪ s k r a ɪ b ə d	1	0	0
model_sep	p r iː z ɛ n t	p r iː z ɛ n t ə d	p r iː z ɛ n t ə d	p r ə t ɛ k t	p r ə t ɛ k t ə d	p r iː z ɛ n t ə d	1	1	1
model_sep	ɪ ɡ z ɪ s t	ɪ ɡ z ɪ s t ə d	ɪ ɡ z ɪ s t ə d	ɪ n v e ɪ d	ɪ n v e ɪ d ə d	ɪ ɡ z ɪ s t ə d	1	1	1
model_sep	b ɔ r	b ɔ r d	b ɔ r d	b ʌ d͡ʒ	b ʌ d͡ʒ d	b ɔ r d	1	1	1
model_sep	uː z	uː z d	uː z uː z d	o ʊ n	o ʊ n d	uː z d	1	0	1
model_sep	r ɑː b	r ɑː b d	r ɑː b d	r ʌ b	r ʌ b d	r ɑː b d	1	1	1
model_sep	t r æ p	t r æ p t	t r æ p t	t r æ k	t r æ k t	t r æ p t	1	1	1
model_sep	b æ ʃ	b æ ʃ t	b æ ʃ t	b æ k	b æ k t	b æ ʃ t	1	1	1
model_sep	æ k t	æ k t ə d	æ k t ə d	æ n s ɹ̩	æ n s ɹ̩ d	æ k t d	1	0	0
model_sep	s t o ʊ n	s t o ʊ n d	s t o ʊ n d	s m o ʊ k	s m o ʊ k t	s t o ʊ n t	1	0	0
model_sep	f l ɪ ŋ	f l ʌ ŋ	f l ʌ ŋ	f l ʌ d	f l ʌ d ə d	f l ɪ ŋ ə d	0	0	0
model_sep	k w ɪ t	k w ɪ t	k w ɪ t	k w ɪ z	k w ɪ z d	k w ɪ t d	0	0	0
model_sep	p r ə f ɹ̩	p r ə f ɹ̩ d	p r ə f ɹ̩ d	p ɪ k ə l	p ɪ k ə l d	p r ə f ɹ̩ d	1	1	1
model_sep	ə n l ɑː k	ə n l ɑː k t	ə n l ɑː k t	ə p l a ɪ	ə p l a ɪ d	ə n l ɑː k d	1	0	0
model_sep	m æ n ə d͡ʒ	m æ n ə d͡ʒ d	m æ n ə d͡ʒ d	m ɛ r ɪ t	m ɛ r ɪ t ə d	m æ n ə d͡ʒ ə d	1	0	0
model_sep	s ɛ n t ɹ̩	s ɛ n t ɹ̩ d	s ɛ n t ɹ̩ d	s k r æ t͡ʃ	s k r æ t͡ʃ t	s ɛ n t ɹ̩ t	1	0	0
model_sep	s p ɑː t	s p ɑː t ə d	s p ɑː t ə d	s t ɑː k	s t ɑː k t	s p ɑː t t	1	0	0
model_sep	m o ʊ	m o ʊ d	m o ʊ d	m ɑː r	m ɑː r d	m o ʊ d	1	1	1
model_sep	t æ t uː	t æ t uː d	t æ t uː d	t iː t ɹ̩	t iː t ɹ̩ d	t æ t uː d	1	1	1
model_sep	s a ɪ z	s a ɪ z d	s a ɪ z	s n iː z	s n iː z d	s a ɪ z d	1	0	1
model_sep	p ɹ̩ f ɛ k t	p ɹ̩ f ɛ k t ə d	p ɹ̩ f ɛ k t ə d	p r ɑː m p t	p r ɑː m p t ə d	p ɹ̩ f ɛ k t ə d	1	1	1
model_sep	t r e ɪ n	t r e ɪ n d	t r e ɪ n d	t r e ɪ d	t r e ɪ d ə d	t r e ɪ n ə d	1	0	0
model_sep	p ʌ n ɪ ʃ	p ʌ n ɪ ʃ t	p ʌ n ɪ ʃ t	p æ n ɪ k	p æ n ɪ k t	p ʌ n ɪ ʃ t	1	1	1
model_sep	l uː s	l uː s t	l uː s t	l uː z	l ɔ s t	NA	1	0	0
model_sep	t ɑː p ə l	t ɑː p ə l d	t ɑː p ə l d	t r ʌ m p	t r ʌ m p t	t ɑː p ə l t	1	0	0
model_sep	s k r æ p	s k r æ p t	s k r æ p t	s k r æ t͡ʃ	s k r æ t͡ʃ t	s k r æ p t	1	1	1
model_sep	k r æ m	k r æ m d	k r æ m d	k r æ ʃ	k r æ ʃ t	k r æ m t	1	0	0
model_sep	p ɪ t͡ʃ	p ɪ t͡ʃ t	p ɪ t͡ʃ t	p æ t͡ʃ	p æ t͡ʃ t	p ɪ t͡ʃ t	1	1	1
model_sep	s m æ ʃ	s m æ ʃ t	s m æ ʃ t	s k æ n	s k æ n d	s m æ ʃ d	1	0	0
model_sep	f e ɪ l	f e ɪ l d	f e ɪ l d	f a ɪ l	f a ɪ l d	f e ɪ l d	1	1	1
model_sep	b l o ʊ t	b l o ʊ t ə d	b l o ʊ t ə d	b l ɛ n d	b l ɛ n d ə d	b l o ʊ t ə d	1	1	1
model_sep	s k w iː k	s k w iː k t	s k w iː k t	s k w ɛ r	s k w ɛ r d	s k w iː k d	1	0	0
model_sep	s k ɹ̩ t	s k ɹ̩ t ə d	s k ɹ̩ t ə d	s k ɹ̩ iː	s k ɹ̩ iː d	s k ɹ̩ t d	1	0	0
model_sep	b l ɪ ŋ k	b l ɪ ŋ k t	b l ʌ ŋ k	b l e ɪ m	b l e ɪ m d	b l ɪ ŋ k d	1	0	0
model_sep	w æ ɡ	w æ ɡ d	w æ ɡ d	w æ k	w æ k t	w æ ɡ t	1	0	0
model_sep	h æ t͡ʃ	h æ t͡ʃ t	h æ t͡ʃ t	h æ v	h æ d	NA	1	0	0
model_sep	h a ʊ z	h a ʊ z d	h a ʊ z d	h æ m ɹ̩	h æ m ɹ̩ d	h a ʊ z d	1	1	1
model_sep	w ɑː f ə l	w ɑː f ə l d	w ɑː f ə l d	w ɪ s ə l	w ɪ s ə l d	w ɑː f ə l d	1	1	1
model_sep	b ʌ t ə n	b ʌ t ə n d	b ʌ t ə n d	b ɑː t ə l	b ɑː t ə l d	b ʌ t ə n d	1	1	1
model_sep	k ɹ̩ iː n	k ɹ̩ iː n d	k ɹ̩ iː n d	k r ʌ ʃ	k r ʌ ʃ t	k ɹ̩ iː n t	1	0	0
model_sep	s t r ɪ p	s t r ɪ p t	s t r ɪ p t	s t r ɪ ŋ	s t r ʌ ŋ	NA	1	0	0
model_sep	p r a ɪ z	p r a ɪ z d	p r a ɪ z d	p l æ n t	p l æ n t ə d	p r a ɪ z ə d	1	0	0
model_sep	k ə n f j uː z	k ə n f j uː z d	k ə n f j uː z d	k æ s k e ɪ d	k æ s k e ɪ d ə d	k ə n f j uː z ə d	1	0	0
model_sep	p l ʌ ɡ	p l ʌ ɡ d	p l ʌ ɡ d	p l ʌ k	p l ʌ k t	p l ʌ ɡ t	1	0	0
model_sep	k ɹ̩ s	k ɹ̩ s t	k ɹ̩ s t	k ɪ s	k ɪ s t	k ɹ̩ s t	1	1	1
model_sep	f e ɪ n t	f e ɪ n t ə d	f e ɪ n t ə d	f r ɪ s k	f r ɪ s k t	f e ɪ n t t	1	0	0
model_sep	r iː p l e ɪ s	r iː p l e ɪ s t	r iː p l e ɪ s t	r ə f l ɛ k t	r ə f l ɛ k t ə d	r iː p l e ɪ s ə d	1	0	0
model_sep	ɡ ɑː r d	ɡ ɑː r d ə d	ɡ ɑː r d ə d	ɡ a ʊ d͡ʒ	ɡ a ʊ d͡ʒ d	ɡ ɑː r d d	1	0	0
model_sep	ɡ l ʌ v	ɡ l ʌ v d	ɡ l ʌ v d	ɡ l ɛ r	ɡ l ɛ r d	ɡ l ʌ v d	1	1	1
model_sep	s ɔ l t	s ɔ l t ə d	s ɔ l t ə d	s ɑː l v	s ɑː l v d	s ɔ l t d	1	0	0
model_sep	s t ɛ r	s t ɛ r d	s t ɛ r d	s t iː r	s t iː r d	s t ɛ r d	1	1	1
model_sep	k ə m b a ɪ n	k ə m b a ɪ n d	k ə m b a ɪ n d	k r o ʊ ʃ e ɪ	k r o ʊ ʃ e ɪ d	k ə m b a ɪ n d	1	1	1
model_sep	f r ʌ n t	f r ʌ n t ə d	f r ʌ n t ə d	f ɪ n ɪ ʃ	f ɪ n ɪ ʃ t	f r ʌ n t t	1	0	0
model_sep	ɡ ɑː r b ə l	ɡ ɑː r b ə l d	ɡ ɑː r b ə l d	ɡ ɑː r d ə n	ɡ ɑː r d ə n d	ɡ ɑː r b ə l d	1	1	1
model_sep	p æ m p ɹ̩	p æ m p ɹ̩ d	p æ m p ɹ̩ d	p l ʌ n d͡ʒ	p l ʌ n d͡ʒ d	p æ m p ɹ̩ d	1	1	1
model_sep	f iː r	f iː r d	f ɛ r d	f iː d	f ɛ d	NA	1	0	0
model_sep	ʃ ʌ v ə l	ʃ ʌ v ə l d	ʃ ʌ v ə l d	ʃ ʌ t ə l	ʃ ʌ t ə l d	ʃ ʌ v ə l d	1	1	1
model_sep	s k ɛ d͡ʒ ʊ l	s k ɛ d͡ʒ ʊ l d	s k ɛ d͡ʒ d ɪ d͡ʒ d	s ɪ ɡ n ə l	s ɪ ɡ n ə l d	s k ɛ d͡ʒ ʊ l d	1	0	1
model_sep	f l ʌ t ɹ̩	f l ʌ t ɹ̩ d	f l ʌ t ɹ̩ d	f l ɹ̩ ɪ ʃ	f l ɹ̩ ɪ ʃ t	f l ʌ t ɹ̩ t	1	0	0
model_sep	s p ɑː r k ə l	s p ɑː r k ə l d	s p ɑː r k ə l d	s t ɑː r t ə l	s t ɑː r t ə l d	s p ɑː r k ə l d	1	1	1
model_sep	r ɪ s p ɑː n d	r ɪ s p ɑː n d ə d	r ɪ s p ɑː n d ə d	r iː ə l a ɪ z	r iː ə l a ɪ z d	r ɪ s p ɑː n d d	1	0	0
model_sep	t æ t ɹ̩	t æ t ɹ̩ d	t æ t ɹ̩ d	t iː t ɹ̩	t iː t ɹ̩ d	t æ t ɹ̩ d	1	1	1
model_sep	p ɑː k ə t	p ɑː k ə t ə d	p ɑː k ə t ə d	p ɪ k ə l	p ɪ k ə l d	p ɑː k ə t d	1	0	0
model_sep	d͡ʒ æ ŋ ɡ ə l	d͡ʒ æ ŋ ɡ ə l d	d͡ʒ æ ŋ ɡ ə l d	d͡ʒ ʌ ɡ ə l	d͡ʒ ʌ ɡ ə l d	d͡ʒ æ ŋ ɡ ə l d	1	1	1
model_sep	p iː p	p iː p t	p iː p t	p ɛ r	p ɛ r d	p iː p d	1	0	0
model_sep	æ k s ɛ s ɹ̩ a ɪ z	æ k s ɛ s ɹ̩ a ɪ z d	æ k s ə s ɹ̩ a ɪ z d	æ k n ɑː l ɪ d͡ʒ	æ k n ɑː l ɪ d͡ʒ d	æ k s ɛ s ɹ̩ a ɪ z d	1	0	1
model_sep	r ɛ d͡ʒ ɪ s t ɹ̩	r ɛ d͡ʒ ɪ s t ɹ̩ d	r ɛ d͡ʒ ɪ s t ɹ̩ d	r ɪ m ɛ m b ɹ̩	r ɪ m ɛ m b ɹ̩ d	r ɛ d͡ʒ ɪ s t ɹ̩ d	1	1	1
model_sep	ɡ l o ʊ	ɡ l o ʊ d	ɡ l o ʊ d	ɡ r o ʊ	ɡ r uː	ɡ l uː	1	0	0
model_sep	k ɑː m ɛ n t	k ɑː m ɛ n t ə d	k ɑː m ɛ n t ə d	k r iː e ɪ t	k r iː e ɪ t ə d	k ɑː m ɛ n t ə d	1	1	1
model_sep	r ə f j uː z	r ə f j uː z d	r ə f j uː z d	r ɪ d͡ʒ ɛ k t	r ɪ d͡ʒ ɛ k t ə d	r ə f j uː z ə d	1	0	0
model_sep	w ɛ d	w ɛ d	w ɛ d ə d	w ɛ t	w ɛ t	w ɛ d	0	0	1
model_sep	d a ʊ n	d a ʊ n d	d a ʊ n d	d a ʊ t	d a ʊ t ə d	d a ʊ n ə d	1	0	0
model_sep	t͡ʃ ɪ p	t͡ʃ ɪ p t	t͡ʃ ɪ p t	t͡ʃ ɑː p	t͡ʃ ɑː p t	t͡ʃ ɪ p t	1	1	1
model_sep	d ɹ̩ ɛ k t	d ɹ̩ ɛ k t ə d	d ɹ̩ ɛ k t ə d	d r ɛ n t͡ʃ	d r ɛ n t͡ʃ t	d ɹ̩ ɛ k t t	1	0	0
model_sep	d ɪ f ɛ n d	d ɪ f ɛ n d ə d	d ɪ f ɛ n d ə d	d ɪ p ɛ n d	d ɪ p ɛ n d ə d	d ɪ f ɛ n d ə d	1	1	1
model_sep	p a ʊ n d	p a ʊ n d ə d	p a ʊ n d ə d	p a ʊ n s	p a ʊ n s t	p a ʊ n d t	1	0	0
model_sep	d r e ɪ p	d r e ɪ p t	d r e ɪ p t	d r ɛ n t͡ʃ	d r ɛ n t͡ʃ t	d r e ɪ p t	1	1	1
model_sep	k ə n t e ɪ n	k ə n t e ɪ n d	k ə n t e ɪ n d	k r o ʊ ʃ e ɪ	k r o ʊ ʃ e ɪ d	k ə n t e ɪ n d	1	1	1
model_sep	s iː z ə n	s iː z ə n d	s iː z ə n d	s ɪ z ə l	s ɪ z ə l d	s iː z ə n d	1	1	1
model_sep	k r a ʊ t͡ʃ	k r a ʊ t͡ʃ t	k r a ʊ t͡ʃ t	k r a ʊ d	k r a ʊ d ə d	k r a ʊ t͡ʃ ə d	1	0	0
model_sep	h ɪ p n ə t a ɪ z	h ɪ p n ə t a ɪ z d	h ɪ p ə t ə d	h ɛ d k w ɔ r t ɹ̩	h ɛ d k w ɔ r t ɹ̩ d	h ɪ p n ə t a ɪ z d	1	0	1
model_sep	k ə n d ɛ n s	k ə n d ɛ n s t	k ə n d ɛ n s t	k r o ʊ ʃ e ɪ	k r o ʊ ʃ e ɪ d	k ə n d ɛ n s d	1	0	0
model_sep	k r æ ŋ k	k r æ ŋ k t	k r æ ŋ k t	k ɹ̩ ɛ k t	k ɹ̩ ɛ k t ə d	k r æ ŋ k ə d	1	0	0
model_sep	k l a ʊ d	k l a ʊ d ə d	k l a ʊ d ə d	k l a ɪ m	k l a ɪ m d	k l a ʊ d d	1	0	0
model_sep	r e ɪ d	r e ɪ d ə d	r e ɪ d ə d	r e ɪ n	r e ɪ n d	r e ɪ d d	1	0	0
model_sep	f ɪ l t ɹ̩	f ɪ l t ɹ̩ d	f ɪ l t ɹ̩ d	f ɑː l o ʊ	f ɑː l o ʊ d	f ɪ l t ɹ̩ d	1	1	1
model_sep	t æ ŋ ɡ ə l	t æ ŋ ɡ ə l d	t æ ŋ ɡ ə l d	t o ʊ t ə l	t o ʊ t ə l d	t æ ŋ ɡ ə l d	1	1	1
model_sep	p l æ s t ɹ̩	p l æ s t ɹ̩ d	p l æ s t ɹ̩ d	p r ɑː m ə s	p r ɑː m ə s t	p l æ s t ɹ̩ t	1	0	0
model_sep	ʃ e ɪ d	ʃ e ɪ d ə d	ʃ e ɪ d ə d	ʃ e ɪ p	ʃ e ɪ p t	ʃ e ɪ d t	1	0	0
model_sep	t r ʌ s t	t r ʌ s t ə d	t r ʌ s t ə d	t r ʌ m p	t r ʌ m p t	t r ʌ s t t	1	0	0
model_sep	s æ n d	s æ n d ə d	s æ n d ə d	s ɛ n s	s ɛ n s t	s æ n d t	1	0	0
model_sep	d ɪ z ɑː l v	d ɪ z ɑː l v d	d ɪ z ɑː l v d	d ɪ z a ɪ n	d ɪ z a ɪ n d	d ɪ z ɑː l v d	1	1	1
model_sep	r æ k	r æ k t	r æ k t	r æ p	r æ p t	r æ k t	1	1	1
model_sep	ʃ ɛ l	ʃ ɛ l d	ʃ ɛ l d	ʃ ɛ r	ʃ ɛ r d	ʃ ɛ l d	1	1	1
model_sep	s w ɑː p	s w ɑː p t	s w ɑː p t	s w ɑː t	s w ɑː t ə d	s w ɑː p ə d	1	0	0
model_sep	r iː l iː s	r iː l iː s t	r iː l iː s t	r ɪ l a ɪ	r ɪ l a ɪ d	r iː l iː s d	1	0	0
model_sep	r e ɪ k	r e ɪ k t	r e ɪ k t	r e ɪ n	r e ɪ n d	r e ɪ k d	1	0	0
model_sep	k æ n s ə l	k æ n s ə l d	k æ n s ə l d	k ə n s ɹ̩ n	k ə n s ɹ̩ n d	k æ n s ə l d	1	1	1
model_sep	s p a ɪ	s p a ɪ d	s p a ɪ d	s w ɹ̩ l	s w ɹ̩ l d	s p a ɪ d	1	1	1
model_sep	f j uː m	f j uː m d	f j uː m d	f ɛ ð ɹ̩	f ɛ ð ɹ̩ d	f j uː m d	1	1	1
model_sep	p r iː p ɛ r	p r iː p ɛ r d	p r iː p ɛ p t	p r ɑː m p t	p r ɑː m p t ə d	p r iː p ɛ r ə d	1	0	0
model_sep	d ɪ s p o ʊ z	d ɪ s p o ʊ z d	d ɪ s p o ʊ z d	d ɪ s p j uː t	d ɪ s p j uː t ə d	d ɪ s p o ʊ z ə d	1	0	0
model_sep	k ə n d ʌ k t	k ə n d ʌ k t ə d	k ə n d ʌ k t ə d	k r o ʊ ʃ e ɪ	k r o ʊ ʃ e ɪ d	k ə n d ʌ k t d	1	0	0
model_sep	s t ɪ ŋ k	s t ʌ ŋ k	s t ʌ ŋ k t	s ɹ̩ v ɪ s	s ɹ̩ v ɪ s t	s t ɪ ŋ k t	0	0	0
model_sep	d r e ɪ n	d r e ɪ n d	d r e ɪ n d	d r ɛ n t͡ʃ	d r ɛ n t͡ʃ t	d r e ɪ n t	1	0	0
model_sep	ə n p l ʌ ɡ	ə n p l ʌ ɡ d	ə n p l ʌ l d	ə n d r ɛ s	ə n d r ɛ s t	ə n p l ʌ ɡ t	1	0	0
model_sep	h æ l o ʊ	h æ l o ʊ d	h æ l o ʊ d	h æ p ə n	h æ p ə n d	h æ l o ʊ d	1	1	1
model_sep	ɪ n t ɹ̩ æ k t	ɪ n t ɹ̩ æ k t ə d	ɪ n t ɹ̩ æ k t ə d	ɪ n t ɹ̩ ʌ p t	ɪ n t ɹ̩ ʌ p t ə d	ɪ n t ɹ̩ æ k t ə d	1	1	1
model_sep	ə b s ɛ s	ə b s ɛ s t	ə b s ɛ s t	ə p s ɛ t	ə p s ɛ t	ə b s ɛ s	1	0	0
model_sep	s n æ t͡ʃ	s n æ t͡ʃ t	s n æ t͡ʃ t	s n æ p	s n æ p t	s n æ t͡ʃ t	1	1	1
model_sep	t æ p	t æ p t	t æ p t	t æ ɡ	t æ ɡ d	t æ p d	1	0	0
model_sep	t r æ ʃ	t r æ ʃ t	t r æ ʃ t	t r æ k	t r æ k t	t r æ ʃ t	1	1	1
model_sep	ʃ ɪ v ɹ̩	ʃ ɪ v ɹ̩ d	ʃ ɪ v ɹ̩ d	ʃ a ʊ t	ʃ a ʊ t ə d	ʃ ɪ v ɹ̩ ə d	1	0	0
model_sep	r iː f ɪ l	r iː f ɪ l d	r iː f ɪ l d	r iː p e ɪ	r iː p e ɪ d	r iː f ɪ l d	1	1	1
model_sep	d ʌ b	d ʌ b d	d ʌ b d	d ɔ ɡ	d ɔ ɡ d	d ʌ b d	1	1	1
model_sep	r ɪ p ɛ r	r ɪ p ɛ r d	r ɪ p ɛ p t	r ɪ p iː t	r ɪ p iː t ə d	r ɪ p ɛ r ə d	1	0	0
model_sep	s t e ɪ k	s t e ɪ k t	s t e ɪ k t	s t e ɪ d͡ʒ	s t e ɪ d͡ʒ d	s t e ɪ k d	1	0	0
model_sep	ɛ r	ɛ r d	ɛ r d	ɛ d͡ʒ	ɛ d͡ʒ d	ɛ r d	1	1	1
model_sep	t r ʌ m p ə t	t r ʌ m p ə t ə d	t r ʌ m p ə t ə d	t r æ m p ə l	t r æ m p ə l d	t r ʌ m p ə t d	1	0	0
model_sep	k l ɑː ɡ	k l ɑː ɡ d	k l ɑː ɡ d	k l ɑː k	k l ɑː k t	k l ɑː ɡ t	1	0	0
model_sep	p a ʊ ɹ̩	p a ʊ ɹ̩ d	p a ʊ ɹ̩ d	p a ʊ t	p a ʊ t ə d	p a ʊ ɹ̩ ə d	1	0	0
model_sep	ɪ ɡ z ɪ b ɪ t	ɪ ɡ z ɪ b ɪ t ə d	ɪ ɡ z ɪ b ɪ t ə d	ɪ k s p ɛ k t	ɪ k s p ɛ k t ə d	ɪ ɡ z ɪ b ɪ t ə d	1	1	1
model_sep	e ɪ d͡ʒ	e ɪ d͡ʒ d	e ɪ d͡ʒ d	e ɪ m	e ɪ m d	e ɪ d͡ʒ d	1	1	1
model_sep	t e ɪ b ə l	t e ɪ b ə l d	t e ɪ b ə l d	t ʌ m b ə l	t ʌ m b ə l d	t e ɪ b ə l d	1	1	1
model_sep	r ɪ s p ɛ k t	r ɪ s p ɛ k t ə d	r ɪ s p ɛ k t ə d	r iː p e ɪ n t	r iː p e ɪ n t ə d	r ɪ s p ɛ k t ə d	1	1	1
model_sep	m æ k s	m æ k s t	m æ k s t	m ɪ k s	m ɪ k s t	m æ k s t	1	1	1
model_sep	ɛ n æ k t	ɛ n æ k t ə d	ɛ n æ k t ə d	ɛ m p t iː	ɛ m p t iː d	ɛ n æ k t d	1	0	0
model_sep	m ɑː d ə f a ɪ	m ɑː d ə f a ɪ d	m ɑː d v ə f a ɪ	m o ʊ l d	m o ʊ l d ə d	m ɑː d ə f a ɪ ə d	1	0	0
model_sep	f iː t͡ʃ ɹ̩	f iː t͡ʃ ɹ̩ d	f iː t͡ʃ ɹ̩ d	f r iː k	f r iː k t	f iː t͡ʃ ɹ̩ t	1	0	0
model_sep	w e ɪ l	w e ɪ l d	w e ɪ l d	w e ɪ k	w o ʊ k	NA	1	0	0
model_sep	p ɹ̩ s	p ɹ̩ s t	p ɹ̩ s t	p iː s	p iː s t	p ɹ̩ s t	1	1	1
model_sep	l iː f	l iː f t	l iː f t	l iː p	l ɛ p t	NA	1	0	0
model_sep	p e ɪ p ɹ̩	p e ɪ p ɹ̩ d	p e ɪ p ɹ̩ d	p e ɪ s t	p e ɪ s t ə d	p e ɪ p ɹ̩ ə d	1	0	0
model_sep	r ɪ p ɛ l	r ɪ p ɛ l d	r ɪ p ɛ l d	r ɪ p iː t	r ɪ p iː t ə d	r ɪ p ɛ l ə d	1	0	0
model_sep	b l uː m	b l uː m d	b l uː m d	b ɑː ð ɹ̩	b ɑː ð ɹ̩ d	b l uː m d	1	1	1
model_sep	b uː s t	b uː s t ə d	b uː s t ə d	b ʌ s t	b ʌ s t ə d	b uː s t ə d	1	1	1
model_sep	d ɪ m æ n d	d ɪ m æ n d ə d	d ɪ m æ n d ə d	d ɪ p ɑː r t	d ɪ p ɑː r t ə d	d ɪ m æ n d ə d	1	1	1
model_sep	k ɪ d n æ p	k ɪ d n æ p t	k ɪ n d	k ə n s ɹ̩ n	k ə n s ɹ̩ n d	k ɪ d n æ p d	1	0	0
model_sep	b ɔ ɪ l	b ɔ ɪ l d	b ɔ ɪ l d	b e ɪ ð	b e ɪ ð d	b ɔ ɪ l d	1	1	1
model_sep	b r a ɪ b	b r a ɪ b d	b r a ɪ b d	b r a ʊ n	b r a ʊ n d	b r a ɪ b d	1	1	1
model_sep	a ʊ t r ʌ n	a ʊ t r æ n	a ʊ t r ʌ n d	a ɪ ɹ̩ n	a ɪ ɹ̩ n d	a ʊ t r ʌ n d	0	1	0
model_sep	θ ɪ n	θ ɪ n d	θ ɪ n d	θ ʌ m	θ ʌ m d	θ ɪ n d	1	1	1
model_sep	f r e ɪ m	f r e ɪ m d	f r e ɪ m d	f ɪ n ɪ ʃ	f ɪ n ɪ ʃ t	f r e ɪ m t	1	0	0
model_sep	f l ʌ f	f l ʌ f t	f l ʌ f t	f l ʌ ʃ	f l ʌ ʃ t	f l ʌ f t	1	1	1
model_sep	s k r iː t͡ʃ	s k r iː t͡ʃ t	s k r iː t͡ʃ t	s t r iː k	s t r iː k t	s k r iː t͡ʃ t	1	1	1
model_sep	b ɔ r d	b ɔ r d ə d	b ɔ r d ə d	b ɑː r b	b ɑː r b d	b ɔ r d d	1	0	0
model_sep	ɡ l ɪ s ə n	ɡ l ɪ s ə n d	ɡ l ɪ s ə n d	ɡ ɑː r d ə n	ɡ ɑː r d ə n d	ɡ l ɪ s ə n d	1	1	1
model_sep	p o ʊ z	p o ʊ z d	p o ʊ z d	p o ʊ k	p o ʊ k t	p o ʊ z t	1	0	0
model_sep	h ɑː r n ə s	h ɑː r n ə s t	h ɑː r n ə s t	h ɑː r d ə n	h ɑː r d ə n d	h ɑː r n ə s d	1	0	0
model_sep	ə n f o ʊ l d	ə n f o ʊ l d ə d	ə n f o ʊ l d ə d	ə s ɛ m b ə l	ə s ɛ m b ə l d	ə n f o ʊ l d d	1	0	0
model_sep	t w iː k	t w iː k t	t w iː k t	t w ɪ t͡ʃ	t w ɪ t͡ʃ t	t w iː k t	1	1	1
model_sep	s ɹ̩ v a ɪ v	s ɹ̩ v a ɪ v d	s ɹ̩ v a ɪ v d	s t r a ɪ p	s t r a ɪ p t	s ɹ̩ v a ɪ v t	1	0	0
model_sep	f ɹ̩ b ɪ d	f ɹ̩ b e ɪ d	f ɹ̩ b ɪ d ə d	f r æ ŋ k	f r æ ŋ k t	f ɹ̩ b ɪ d t	0	0	0
model_sep	s iː t	s iː t ə d	s iː t	s ɛ t	s ɛ t	s iː t	1	1	0
model_sep	n o ʊ z d a ɪ v	n o ʊ z d a ɪ v d	n o ʊ d a ɪ d a ɪ d	n ɛ r o ʊ	n ɛ r o ʊ d	n o ʊ z d a ɪ v d	1	0	1
model_sep	s t e ɪ n	s t e ɪ n d	s t e ɪ n d	s t e ɪ d͡ʒ	s t e ɪ d͡ʒ d	s t e ɪ n d	1	1	1
model_sep	f l æ t ɹ̩	f l æ t ɹ̩ d	f l æ t ɹ̩ d	f r æ ŋ k	f r æ ŋ k t	f l æ t ɹ̩ t	1	0	0
model_sep	ɡ l ɔ r ə f a ɪ	ɡ l ɔ r ə f a ɪ d	ɡ r ə f l ə f a ɪ	ɡ r a ʊ n d	ɡ r a ʊ n d ə d	ɡ l ɔ r ə f a ɪ ə d	1	0	0
model_sep	iː z	iː z d	e ɪ z	iː t	e ɪ t	NA	1	0	0
model_sep	w ɪ ŋ k	w ɪ ŋ k t	w ɪ ŋ k t	w ɪ s k	w ɪ s k t	w ɪ ŋ k t	1	1	1
model_sep	r iː d uː	r iː d ɪ d	r iː d ɪ d	r uː s t	r uː s t ə d	r iː d uː ə d	0	0	0
model_sep	ɪ n t͡ʃ	ɪ n t͡ʃ t	ɪ n t͡ʃ t	ɪ n d͡ʒ ɹ̩	ɪ n d͡ʒ ɹ̩ d	ɪ n t͡ʃ d	1	0	0
model_sep	k w a ɪ ə t	k w a ɪ ə t ə d	k w a ɪ ə t ə d	k r iː e ɪ t	k r iː e ɪ t ə d	k w a ɪ ə t ə d	1	1	1
model_sep	k ɑː k	k ɑː k t	k ɑː k t	k iː p	k ɛ p t	NA	1	0	0
model_sep	h j uː	h j uː	h j uː d	h ɛ d͡ʒ	h ɛ d͡ʒ d	h j uː d	0	1	0
model_sep	ɡ ʌ s iː	ɡ ʌ s iː d	ɡ ʌ s iː d	ɡ æ s p	ɡ æ s p t	ɡ ʌ s iː t	1	0	0
model_sep	k ə n t ɛ n t	k ə n t ɛ n t ə d	k ə n t ɛ n t ə d	k r o ʊ ʃ e ɪ	k r o ʊ ʃ e ɪ d	k ə n t ɛ n t d	1	0	0
model_sep	v ɛ n t͡ʃ ɹ̩	v ɛ n t͡ʃ ɹ̩ d	v ɛ n t͡ʃ ɹ̩ d	v æ n ɪ ʃ	v æ n ɪ ʃ t	v ɛ n t͡ʃ ɹ̩ t	1	0	0
model_sep	ɡ e ɪ z	ɡ e ɪ z d	ɡ e ɪ z d	ɡ e ɪ n	ɡ e ɪ n d	ɡ e ɪ z d	1	1	1
model_sep	b ɪ l	b ɪ l d	b ɪ l d	b uː t	b uː t ə d	b ɪ l ə d	1	0	0
model_sep	h a ʊ l	h a ʊ l d	h a ʊ l d	h o ʊ l	h o ʊ l d	h a ʊ l d	1	1	1
model_sep	ə l ɑː t	ə l ɑː t ə d	ə l ɑː t ə d	ə t æ k	ə t æ k t	ə l ɑː t t	1	0	0
model_sep	ə f ɛ n d	ə f ɛ n d ə d	ə f ɛ n d ə d	ə t ɛ s t	ə t ɛ s t ə d	ə f ɛ n d ə d	1	1	1
model_sep	f e ɪ v ɹ̩	f e ɪ v ɹ̩ d	f e ɪ v ɹ̩ d	f r ɪ s k	f r ɪ s k t	f e ɪ v ɹ̩ t	1	0	0
model_sep	o ʊ ɡ ə l	o ʊ ɡ ə l d	o ʊ ɡ ə l d	o ʊ b e ɪ	o ʊ b e ɪ d	o ʊ ɡ ə l d	1	1	1
model_sep	t r ɛ ʒ ɹ̩	t r ɛ ʒ ɹ̩ d	t r ɛ ʒ ɹ̩ d	t r æ m p	t r æ m p t	t r ɛ ʒ ɹ̩ t	1	0	0
model_sep	b ɪ d	b e ɪ d	b ɪ d ə d	b æ ɡ	b æ ɡ d	b ɪ d d	0	0	0
model_sep	k ə m ɪ t	k ə m ɪ t ə d	k ə m ɪ t ə d	k r ʌ n t͡ʃ	k r ʌ n t͡ʃ t	k ə m ɪ t t	1	0	0
model_sep	s iː z	s iː z d	s iː z d	s ɛ t	s ɛ t	s iː z	1	0	0
model_sep	ɪ v æ l j uː e ɪ t	ɪ v æ l j uː e ɪ t ə d	ɪ v æ l j uː e ɪ t ə d	ɪ l ə s t r e ɪ t	ɪ l ə s t r e ɪ t ə d	ɪ v æ l j uː e ɪ t ə d	1	1	1
model_sep	p r ɑː d͡ʒ ɛ k t	p r ɑː d͡ʒ ɛ k t ə d	p r ɑː d͡ʒ ɛ k t ə d	p r ɪ d ɪ k t	p r ɪ d ɪ k t ə d	p r ɑː d͡ʒ ɛ k t ə d	1	1	1
model_sep	ɡ l a ʊ ɹ̩	ɡ l a ʊ ɹ̩ d	ɡ l a ʊ ɹ̩ d	ɡ r a ʊ l	ɡ r a ʊ l d	ɡ l a ʊ ɹ̩ d	1	1	1
model_sep	r ʌ s t	r ʌ s t ə d	r ʌ s t ə d	r ɛ n t	r ɛ n t ə d	r ʌ s t ə d	1	1	1
model_sep	r ɪ v ɹ̩ s	r ɪ v ɹ̩ s t	r ɪ v ɹ̩ s t	r iː v j uː	r iː v j uː d	r ɪ v ɹ̩ s d	1	0	0
model_sep	d ɪ l ɪ n iː e ɪ t	d ɪ l ɪ n iː e ɪ t ə d	d ɪ n ɪ n e ɪ n t ə d	d ɪ s ə p ɔ ɪ n t	d ɪ s ə p ɔ ɪ n t ə d	d ɪ l ɪ n iː e ɪ t ə d	1	0	1
model_sep	d æ ʃ	d æ ʃ t	d æ ʃ t	d ɪ ʃ	d ɪ ʃ t	d æ ʃ t	1	1	1
model_sep	l o ʊ n	l o ʊ n d	l o ʊ n d	l o ʊ ɹ̩	l o ʊ ɹ̩ d	l o ʊ n d	1	1	1
model_sep	f ɔ r w ɹ̩ d	f ɔ r w ɹ̩ d ə d	f ɔ r w ɹ̩ d ə d	f l æ t ə n	f l æ t ə n d	f ɔ r w ɹ̩ d d	1	0	0
model_sep	h uː t	h uː t ə d	h uː t ə d	h ɪ t	h ɪ t	h uː t	1	0	0
model_sep	ɡ r æ n t	ɡ r æ n t ə d	ɡ r æ n t ə d	ɡ l æ n s	ɡ l æ n s t	ɡ r æ n t t	1	0	0
model_sep	m æ ŋ ɡ ə l	m æ ŋ ɡ ə l d	m æ ŋ ɡ ə l d	m ʌ ʃ r uː m	m ʌ ʃ r uː m d	m æ ŋ ɡ ə l d	1	1	1
model_mean	s m a ɪ l	s m a ɪ l d	s m a ɪ l d	s m o ʊ k	s m o ʊ k t	s m a ɪ l t	1	0	0
model_mean	r iː d	r ɛ d	r iː d ə d	r ɪ d	r ɪ d	r iː d	0	0	0
model_mean	l a ɪ k	l a ɪ k t	l a ɪ k t	l a ɪ n	l a ɪ n d	l a ɪ k d	1	0	0
model_mean	ʃ o ʊ	ʃ o ʊ d	ʃ o ʊ d	ʃ a ɪ	ʃ a ɪ d	ʃ o ʊ d	1	1	1
model_mean	b a ɪ t	b ɪ t	b a ɪ t ə d	b a ɪ	b ɔ t	NA	0	0	0
model_mean	f l a ɪ	f l uː	f l a ɪ d	f l o ʊ	f l o ʊ d	f l a ɪ d	0	1	0
model_mean	h o ʊ p	h o ʊ p t	h o ʊ p t	h o ʊ l	h o ʊ l d	h o ʊ p d	1	0	0
model_mean	o ʊ p ə n	o ʊ p ə n d	o ʊ p ə n d	o ʊ b e ɪ	o ʊ b e ɪ d	o ʊ p ə n d	1	1	1
model_mean	r ʌ n	r æ n	r ʌ n d	r ʌ b	r ʌ b d	r ʌ n d	0	1	0
model_mean	t ɔ ɪ	t ɔ ɪ d	t ɔ t	t ɔ k	t ɔ k t	t ɔ ɪ t	1	0	0
model_mean	p l e ɪ	p l e ɪ d	p l e ɪ d	p l e ɪ s	p l e ɪ s t	p l e ɪ t	1	0	0
model_mean	w ɑː t͡ʃ	w ɑː t͡ʃ t	w ɑː t͡ʃ t	w ɑː ʃ	w ɑː ʃ t	w ɑː t͡ʃ t	1	1	1
model_mean	r iː t͡ʃ	r iː t͡ʃ t	r iː t͡ʃ t	r ʌ f	r ʌ f t	r iː t͡ʃ t	1	1	1
model_mean	æ s k	æ s k t	æ s k t	s æ ɡ	s æ ɡ d	æ s k d	1	0	0
model_mean	s m ɛ l	s m ɛ l d	s m ɛ l d	s p ɛ l	s p ɛ l d	s m ɛ l d	1	1	1
model_mean	h æ ŋ	h ʌ ŋ	h æ ŋ d	h æ v	h æ d	NA	0	0	0
model_mean	r a ɪ d	r o ʊ d	r o ʊ d ə d	r a ɪ t	r o ʊ t	NA	0	0	0
model_mean	s p ɪ l	s p ɪ l d	s p æ l d	s p ɪ t	s p æ t	NA	1	0	0
model_mean	p ɔ r	p ɔ r d	p ɔ r d	p ɔ z	p ɔ z d	p ɔ r d	1	1	1
model_mean	b a ʊ	b a ʊ d	b a ʊ d	b a ɪ	b ɔ t	NA	1	0	0
model_mean	t ʌ t͡ʃ	t ʌ t͡ʃ t	t ʌ t͡ʃ t	t ʌ k	t ʌ k t	t ʌ t͡ʃ t	1	1	1
model_mean	k ɑː z	k ɑː z d	k ɑː z d	k ɑː n	k ɑː n d	k ɑː z d	1	1	1
model_mean	s t r a ɪ k	s t r ʌ k	s t r a ɪ k t	s t r a ɪ p	s t r a ɪ p t	s t r a ɪ k t	0	1	0
model_mean	h ɹ̩ t	h ɹ̩ t	h ɹ̩ t	h ɹ̩ d	h ɹ̩ d ə d	h ɹ̩ t ə d	0	0	0
model_mean	h iː t	h iː t ə d	h iː t	h iː r	h ɹ̩ d	NA	1	0	0
model_mean	f l a ʊ ɹ̩	f l a ʊ ɹ̩ d	f l a ʊ ɹ̩ d	f l ɹ̩ ɪ ʃ	f l ɹ̩ ɪ ʃ t	f l a ʊ ɹ̩ t	1	0	0
model_mean	k l o ʊ z	k l o ʊ z d	k l o ʊ z d	k l æ s	k l æ s t	k l o ʊ z t	1	0	0
model_mean	m a ɪ n	m a ɪ n d	m a ɪ n d	m a ɪ n d	m a ɪ n d ə d	m a ɪ n ə d	1	0	0
model_mean	v ɪ z ɪ t	v ɪ z ɪ t ə d	v ɪ z ɪ t ə d	v a ʊ	v a ʊ d	v ɪ z ɪ t d	1	0	0
model_mean	t e ɪ s t	t e ɪ s t ə d	t e ɪ s t ə d	t e ɪ p	t e ɪ p t	t e ɪ s t t	1	0	0
model_mean	b ʌ t ɹ̩	b ʌ t ɹ̩ d	b ʌ t ɹ̩ d	b ʌ d͡ʒ	b ʌ d͡ʒ d	b ʌ t ɹ̩ d	1	1	1
model_mean	m e ɪ l	m e ɪ l d	m e ɪ l d	m e ɪ k	m e ɪ d	NA	1	0	0
model_mean	d ɪ ŋ	d ɪ ŋ d	d ɪ ŋ d	d ɑː n	d ɑː n d	d ɪ ŋ d	1	1	1
model_mean	s t ɑː p	s t ɑː p t	s t ɑː p t	s t ɑː k	s t ɑː k t	s t ɑː p t	1	1	1
model_mean	ɪ k s a ɪ t	ɪ k s a ɪ t ə d	ɪ k s a ɪ t ə d	ɪ k s ɛ p t	ɪ k s ɛ p t ə d	ɪ k s a ɪ t ə d	1	1	1
model_mean	f r a ɪ	f r a ɪ d	f r a ɪ d	f r a ʊ n	f r a ʊ n d	f r a ɪ d	1	1	1
model_mean	s p iː k	s p o ʊ k	s p ɛ k t	s p iː d	s p ɛ d	NA	0	0	0
model_mean	s k r æ m b ə l	s k r æ m b ə l d	s k r æ m b ə l d	s k r ɪ b ə l	s k r ɪ b ə l d	s k r æ m b ə l d	1	1	1
model_mean	t͡ʃ ɛ k	t͡ʃ ɛ k t	t͡ʃ ɛ k t	t͡ʃ ɔ k	t͡ʃ ɔ k t	t͡ʃ ɛ k t	1	1	1
model_mean	n ʌ m b ɹ̩	n ʌ m b ɹ̩ d	n ʌ m b ɹ̩ d	n ʌ k ə l	n ʌ k ə l d	n ʌ m b ɹ̩ d	1	1	1
model_mean	b ɛ n d	b ɛ n d ə d	b ɛ n d ə d	b ɛ s t	b ɛ s t ə d	b ɛ n d ə d	1	1	1
model_mean	t ɔ s	t ɔ s t	t ɔ s t	t ɔ k	t ɔ k t	t ɔ s t	1	1	1
model_mean	w ɪ s p ɹ̩	w ɪ s p ɹ̩ d	w ɪ s p ɹ̩ d	w ɪ s ə l	w ɪ s ə l d	w ɪ s p ɹ̩ d	1	1	1
model_mean	a ɪ	a ɪ d	a ɪ d	a ɪ s	a ɪ s t	a ɪ t	1	0	0
model_mean	p ɑː p	p ɑː p t	p ɑː p t	p ɑː t	p ɑː t ə d	p ɑː p ə d	1	0	0
model_mean	ɪ ɡ z ɔ s t	ɪ ɡ z ɔ s t ə d	ɪ ɡ z ɔ s t ə d	ɪ ɡ z ɹ̩ t	ɪ ɡ z ɹ̩ t ə d	ɪ ɡ z ɔ s t ə d	1	1	1
model_mean	b ɪ l d	b ɪ l t	b ɪ l d ə d	b ɪ l iː v	b ɪ l iː v d	b ɪ l d d	0	0	0
model_mean	w ʌ n d ɹ̩	w ʌ n d ɹ̩ d	w ʌ n d ɹ̩ d	w uː n d	w uː n d ə d	w ʌ n d ɹ̩ ə d	1	0	0
model_mean	k r æ k	k r æ k t	k r æ k t	k r æ ʃ	k r æ ʃ t	k r æ k t	1	1	1
model_mean	n ɪ b ə l	n ɪ b ə l d	n ɪ b ə l d	ɪ n k l uː d	ɪ n k l uː d ə d	n ɪ b ə l ə d	1	0	0
model_mean	d ɪ l ɪ v ɹ̩	d ɪ l ɪ v ɹ̩ d	d ɪ l ɪ v ɹ̩ d	d ɪ l a ɪ t	d ɪ l a ɪ t ə d	d ɪ l ɪ v ɹ̩ ə d	1	0	0
model_mean	s k ɛ r	s k ɛ r d	s k ɛ r d	s k r uː	s k r uː d	s k ɛ r d	1	1	1
model_mean	ɔ f ɹ̩	ɔ f ɹ̩ d	ɔ f ɹ̩ d	ɔ θ ɹ̩	ɔ θ ɹ̩ d	ɔ f ɹ̩ d	1	1	1
model_mean	f l ɑː p	f l ɑː p t	f l ɑː p t	f l æ ɡ	f l æ ɡ d	f l ɑː p d	1	0	0
model_mean	ə p o ʊ z	ə p o ʊ z d	ə p o ʊ z d	ə p r o ʊ t͡ʃ	ə p r o ʊ t͡ʃ t	ə p o ʊ z t	1	0	0
model_mean	k ʌ l ɹ̩	k ʌ l ɹ̩ d	k ʌ l ɹ̩ d	k ʌ v ɹ̩	k ʌ v ɹ̩ d	k ʌ l ɹ̩ d	1	1	1
model_mean	k æ m p	k æ m p t	k æ m p t	k æ p	k æ p t	k æ m p t	1	1	1
model_mean	s ɛ l	s o ʊ l d	s ɛ l d	s ɛ n s	s ɛ n s t	s ɛ l t	0	0	0
model_mean	f l æ p	f l æ p t	f l æ p t	f l æ ʃ	f l æ ʃ t	f l æ p t	1	1	1
model_mean	p r ɛ s	p r ɛ s t	p r ɛ s t	p r e ɪ	p r e ɪ d	p r ɛ s d	1	0	0
model_mean	f ɪ l	f ɪ l d	f ɪ l d	f ɪ ʃ	f ɪ ʃ t	f ɪ l t	1	0	0
model_mean	b r æ n t͡ʃ	b r æ n t͡ʃ t	b r æ n t͡ʃ t	b r a ʊ n	b r a ʊ n d	b r æ n t͡ʃ d	1	0	0
model_mean	t a ɪ t ə n	t a ɪ t ə n d	t a ɪ t ə n d	t a ɪ m	t a ɪ m d	t a ɪ t ə n d	1	1	1
model_mean	k æ p t ɪ v e ɪ t	k æ p t ɪ v e ɪ t ə d	k æ p t ɪ v e ɪ t ə d	p æ k ɪ d͡ʒ	p æ k ɪ d͡ʒ d	k æ p t ɪ v e ɪ t d	1	0	0
model_mean	t o ʊ s t	t o ʊ s t ə d	t o ʊ s t ə d	t o ʊ t ə l	t o ʊ t ə l d	t o ʊ s t d	1	0	0
model_mean	d ɪ s ə p iː r	d ɪ s ə p iː r d	d ɪ s ə p iː r d	d ɪ s ə ɡ r iː	d ɪ s ə ɡ r iː d	d ɪ s ə p iː r d	1	1	1
model_mean	b ɛ r	b o ʊ r	b ɛ r d	b ɛ ɡ	b ɛ ɡ d	b ɛ r d	0	1	0
model_mean	b ɛ r iː	b ɛ r iː d	b ɛ r iː d	b ɛ t ɹ̩	b ɛ t ɹ̩ d	b ɛ r iː d	1	1	1
model_mean	s n iː k	s n iː k t	s n iː k t	s n ʌ f	s n ʌ f t	s n iː k t	1	1	1
model_mean	l ʌ n t͡ʃ	l ʌ n t͡ʃ t	l ʌ n t͡ʃ t	l ʌ v	l ʌ v d	l ʌ n t͡ʃ d	1	0	0
model_mean	m ɛ m ɹ̩ a ɪ z	m ɛ m ɹ̩ a ɪ z d	m ɛ m ɹ̩ a ɪ z d	m ɛ r ɪ t	m ɛ r ɪ t ə d	m ɛ m ɹ̩ a ɪ z ə d	1	0	0
model_mean	h a ɪ d	h ɪ d	h a ɪ d ə d	h a ɪ k	h a ɪ k t	h a ɪ d t	0	0	0
model_mean	w iː l	w iː l d	w iː l d	w iː d	w iː d ə d	w iː l ə d	1	0	0
model_mean	p æ t	p æ t ə d	p æ t ə d	p æ t͡ʃ	p æ t͡ʃ t	p æ t t	1	0	0
model_mean	s k æ m p ɹ̩	s k æ m p ɹ̩ d	s k æ m p ɹ̩ d	s k æ l ə p	s k æ l ə p t	s k æ m p ɹ̩ t	1	0	0
model_mean	p iː r	p iː r d	p iː r d	p iː s	p iː s t	p iː r t	1	0	0
model_mean	ʃ æ m p uː	ʃ æ m p uː d	ʃ æ m p uː d	ʃ æ d o ʊ	ʃ æ d o ʊ d	ʃ æ m p uː d	1	1	1
model_mean	r e ɪ s	r e ɪ s t	r e ɪ s t	r e ɪ z	r e ɪ z d	r e ɪ s d	1	0	0
model_mean	s t r ɛ t͡ʃ	s t r ɛ t͡ʃ t	s t r ɛ t͡ʃ t	s t r ɛ s	s t r ɛ s t	s t r ɛ t͡ʃ t	1	1	1
model_mean	k ə l æ p s	k ə l æ p s t	k ə l æ p s t	k ə l ɛ k t	k ə l ɛ k t ə d	k ə l æ p s ə d	1	0	0
model_mean	d r ɪ f t	d r ɪ f t ə d	d r ɪ f t ə d	d r ɪ ŋ k	d r æ ŋ k	NA	1	0	0
model_mean	s t æ b	s t æ b d	s t æ b d	s t æ k	s t æ k t	s t æ b t	1	0	0
model_mean	t͡ʃ uː	t͡ʃ uː d	t͡ʃ uː d	t͡ʃ uː z	t͡ʃ o ʊ z	NA	1	0	0
model_mean	b ʌ b ə l	b ʌ b ə l d	b ʌ b ə l d	b ʌ k ə l	b ʌ k ə l d	b ʌ b ə l d	1	1	1
model_mean	s a ʊ ɹ̩	s a ʊ ɹ̩ d	s a ʊ ɹ̩ d	s a ʊ	s a ʊ d	s a ʊ ɹ̩ d	1	1	1
model_mean	s t æ m p	s t æ m p t	s t æ m p t	s t æ n d	s t ʊ d	NA	1	0	0
model_mean	d͡ʒ ɹ̩ k	d͡ʒ ɹ̩ k t	d͡ʒ ɹ̩ k t	d͡ʒ ɑː r	d͡ʒ ɑː r d	d͡ʒ ɹ̩ k d	1	0	0
model_mean	s ɔ	s ɔ d	s ɔ d	s ɔ r	s ɔ r d	s ɔ d	1	1	1
model_mean	f l ɪ p	f l ɪ p t	f l ɪ p t	f l æ ɡ	f l æ ɡ d	f l ɪ p d	1	0	0
model_mean	h iː l	h iː l d	h iː l d	h iː r	h ɹ̩ d	NA	1	0	0
model_mean	s k r iː m	s k r iː m d	s k r iː m d	s k r ʌ b	s k r ʌ b d	s k r iː m d	1	1	1
model_mean	h ʊ k	h ʊ k t	h ʊ k t	h ʌ f	h ʌ f t	h ʊ k t	1	1	1
model_mean	p ɪ t	p ɪ t ə d	p ɪ t	p ʊ t	p ʊ t	p ɪ t	1	1	0
model_mean	t r ʌ b ə l	t r ʌ b ə l d	t r ʌ b ə l d	t r ʌ m p	t r ʌ m p t	t r ʌ b ə l t	1	0	0
model_mean	ɪ m p r ə v a ɪ z	ɪ m p r ə v a ɪ z d	ɪ m p r ə v a ɪ z d	ɪ m p l ə m ɛ n t	ɪ m p l ə m ɛ n t ə d	ɪ m p r ə v a ɪ z ə d	1	0	0
model_mean	n e ɪ l	n e ɪ l d	n e ɪ l d	n e ɪ m	n e ɪ m d	n e ɪ l d	1	1	1
model_mean	b a ɪ k	b a ɪ k t	b a ɪ k t	b a ɪ	b ɔ t	NA	1	0	0
model_mean	l ɑː k	l ɑː k t	l ɑː k t	l ʊ k	l ʊ k t	l ɑː k t	1	1	1
model_mean	r ɛ s t	r ɛ s t ə d	r ɛ s t ə d	r ɛ n t	r ɛ n t ə d	r ɛ s t ə d	1	1	1
model_mean	b iː p	b iː p t	b iː p t	b iː f	b iː f t	b iː p t	1	1	1
model_mean	s ɪ p	s ɪ p t	s ɪ p t	s ɪ t	s æ t	NA	1	0	0
model_mean	ɪ s k e ɪ p	ɪ s k e ɪ p t	ɪ s e ɪ p e ɪ p t ɪ d	s ɪ z ə l	s ɪ z ə l d	ɪ s k e ɪ p d	1	0	0
model_mean	k ə n t r o ʊ l	k ə n t r o ʊ l d	k ə n t r o ʊ l d	k ə n t ɪ n j uː	k ə n t ɪ n j uː d	k ə n t r o ʊ l d	1	1	1
model_mean	h ʌ d ə l	h ʌ d ə l d	h ʌ d ə l d	h ʌ n t	h ʌ n t ə d	h ʌ d ə l ə d	1	0	0
model_mean	s w uː ʃ	s w uː ʃ t	s w uː ʃ t	s w ɪ ʃ	s w ɪ ʃ t	s w uː ʃ t	1	1	1
model_mean	f a ɪ n d	f a ʊ n d	f a ɪ n d ə d	f a ɪ n	f a ɪ n d	f a ɪ n d d	0	0	0
model_mean	k ɔ ɪ l	k ɔ ɪ l d	k ɔ ɪ l d	k ɔ l	k ɔ l d	k ɔ ɪ l d	1	1	1
model_mean	r ə f ɹ̩	r ə f ɹ̩ d	r ə f ɹ̩ d	r ɔ ŋ	r ɔ ŋ d	r ə f ɹ̩ d	1	1	1
model_mean	ʃ e ɪ v	ʃ e ɪ v d	ʃ e ɪ v d	ʃ e ɪ k	ʃ ʊ k	NA	1	0	0
model_mean	d ɪ s k r a ɪ b	d ɪ s k r a ɪ b d	d ɪ s k r a ɪ b d	d ɪ s t r æ k t	d ɪ s t r æ k t ə d	d ɪ s k r a ɪ b ə d	1	0	0
model_mean	p r iː z ɛ n t	p r iː z ɛ n t ə d	p r iː z ɛ n t ə d	p r iː t ɛ n d	p r iː t ɛ n d ə d	p r iː z ɛ n t ə d	1	1	1
model_mean	ɪ ɡ z ɪ s t	ɪ ɡ z ɪ s t ə d	ɪ ɡ z ɪ s t ə d	ɪ ɡ z æ m ɪ n	ɪ ɡ z æ m ɪ n d	ɪ ɡ z ɪ s t d	1	0	0
model_mean	b ɔ r	b ɔ r d	b ɔ r d	b ɔ l	b ɔ l d	b ɔ r d	1	1	1
model_mean	uː z	uː z d	uː z uː z d	l uː z	l ɔ s t	ɔ s t	1	0	0
model_mean	r ɑː b	r ɑː b d	r ɑː b d	r ɑː k	r ɑː k t	r ɑː b t	1	0	0
model_mean	t r æ p	t r æ p t	t r æ p t	t r æ k	t r æ k t	t r æ p t	1	1	1
model_mean	b æ ʃ	b æ ʃ t	b æ ʃ t	b æ k	b æ k t	b æ ʃ t	1	1	1
model_mean	æ k t	æ k t ə d	æ k t ə d	æ d	æ d ə d	æ k t ə d	1	1	1
model_mean	s t o ʊ n	s t o ʊ n d	s t o ʊ n d	s t r o ʊ k	s t r o ʊ k t	s t o ʊ n t	1	0	0
model_mean	f l ɪ ŋ	f l ʌ ŋ	f l ʌ ŋ	f l æ ɡ	f l æ ɡ d	f l ɪ ŋ d	0	0	0
model_mean	k w ɪ t	k w ɪ t	k w ɪ t	k w ɪ z	k w ɪ z d	k w ɪ t d	0	0	0
model_mean	p r ə f ɹ̩	p r ə f ɹ̩ d	p r ə f ɹ̩ d	p r ɪ k	p r ɪ k t	p r ə f ɹ̩ t	1	0	0
model_mean	ə n l ɑː k	ə n l ɑː k t	ə n l ɑː k t	ə n z ɪ p	ə n z ɪ p t	ə n l ɑː k t	1	1	1
model_mean	m æ n ə d͡ʒ	m æ n ə d͡ʒ d	m æ n ə d͡ʒ d	m æ n	m æ n d	m æ n ə d͡ʒ d	1	1	1
model_mean	s ɛ n t ɹ̩	s ɛ n t ɹ̩ d	s ɛ n t ɹ̩ d	s ɛ n d	s ɛ n t	NA	1	0	0
model_mean	s p ɑː t	s p ɑː t ə d	s p ɑː t ə d	s p ɪ t	s p æ t	NA	1	0	0
model_mean	m o ʊ	m o ʊ d	m o ʊ d	m o ʊ n	m o ʊ n d	m o ʊ d	1	1	1
model_mean	t æ t uː	t æ t uː d	t æ t uː d	t æ ɡ	t æ ɡ d	t æ t uː d	1	1	1
model_mean	s a ɪ z	s a ɪ z d	s a ɪ z	s a ɪ n	s a ɪ n d	s a ɪ z d	1	0	1
model_mean	p ɹ̩ f ɛ k t	p ɹ̩ f ɛ k t ə d	p ɹ̩ f ɛ k t ə d	p ɹ̩ f ɔ r m	p ɹ̩ f ɔ r m d	p ɹ̩ f ɛ k t d	1	0	0
model_mean	t r e ɪ n	t r e ɪ n d	t r e ɪ n d	t r e ɪ s	t r e ɪ s t	t r e ɪ n t	1	0	0
model_mean	p ʌ n ɪ ʃ	p ʌ n ɪ ʃ t	p ʌ n ɪ ʃ t	p ʌ n t͡ʃ	p ʌ n t͡ʃ t	p ʌ n ɪ ʃ t	1	1	1
model_mean	l uː s	l uː s t	l uː s t	l uː z	l ɔ s t	NA	1	0	0
model_mean	t ɑː p ə l	t ɑː p ə l d	t ɑː p ə l d	t ɑː p	t ɑː p t	t ɑː p ə l t	1	0	0
model_mean	s k r æ p	s k r æ p t	s k r æ p t	s k r ʌ b	s k r ʌ b d	s k r æ p d	1	0	0
model_mean	k r æ m	k r æ m d	k r æ m d	k r æ ʃ	k r æ ʃ t	k r æ m t	1	0	0
model_mean	p ɪ t͡ʃ	p ɪ t͡ʃ t	p ɪ t͡ʃ t	p ɪ s	p ɪ s t	p ɪ t͡ʃ t	1	1	1
model_mean	s m æ ʃ	s m æ ʃ t	s m æ ʃ t	s m æ k	s m æ k t	s m æ ʃ t	1	1	1
model_mean	f e ɪ l	f e ɪ l d	f e ɪ l d	f e ɪ k	f e ɪ k t	f e ɪ l t	1	0	0
model_mean	b l o ʊ t	b l o ʊ t ə d	b l o ʊ t ə d	b l æ s t	b l æ s t ə d	b l o ʊ t ə d	1	1	1
model_mean	s k w iː k	s k w iː k t	s k w iː k t	s k w ɹ̩ t	s k w ɹ̩ t ə d	s k w iː k ə d	1	0	0
model_mean	s k ɹ̩ t	s k ɹ̩ t ə d	s k ɹ̩ t ə d	s k ʌ f	s k ʌ f t	s k ɹ̩ t t	1	0	0
model_mean	b l ɪ ŋ k	b l ɪ ŋ k t	b l ʌ ŋ k	b l ɑː s ə m	b l ɑː s ə m d	b l ɪ ŋ k d	1	0	0
model_mean	w æ ɡ	w æ ɡ d	w æ ɡ d	w æ k	w æ k t	w æ ɡ t	1	0	0
model_mean	h æ t͡ʃ	h æ t͡ʃ t	h æ t͡ʃ t	h æ v	h æ d	NA	1	0	0
model_mean	h a ʊ z	h a ʊ z d	h a ʊ z d	h a ɪ ɹ̩	h a ɪ ɹ̩ d	h a ʊ z d	1	1	1
model_mean	w ɑː f ə l	w ɑː f ə l d	w ɑː f ə l d	w ɑː b ə l	w ɑː b ə l d	w ɑː f ə l d	1	1	1
model_mean	b ʌ t ə n	b ʌ t ə n d	b ʌ t ə n d	b ʌ n t͡ʃ	b ʌ n t͡ʃ t	b ʌ t ə n t	1	0	0
model_mean	k ɹ̩ iː n	k ɹ̩ iː n d	k ɹ̩ iː n d	k ɹ̩ v	k ɹ̩ v d	k ɹ̩ iː n d	1	1	1
model_mean	s t r ɪ p	s t r ɪ p t	s t r ɪ p t	s t r æ p	s t r æ p t	s t r ɪ p t	1	1	1
model_mean	p r a ɪ z	p r a ɪ z d	p r a ɪ z d	p r e ɪ z	p r e ɪ z d	p r a ɪ z d	1	1	1
model_mean	k ə n f j uː z	k ə n f j uː z d	k ə n f j uː z d	k ə n v ɪ n s	k ə n v ɪ n s t	k ə n f j uː z t	1	0	0
model_mean	p l ʌ ɡ	p l ʌ ɡ d	p l ʌ ɡ d	p l ʌ k	p l ʌ k t	p l ʌ ɡ t	1	0	0
model_mean	k ɹ̩ s	k ɹ̩ s t	k ɹ̩ s t	k ɹ̩ l	k ɹ̩ l d	k ɹ̩ s d	1	0	0
model_mean	f e ɪ n t	f e ɪ n t ə d	f e ɪ n t ə d	f e ɪ k	f e ɪ k t	f e ɪ n t t	1	0	0
model_mean	r iː p l e ɪ s	r iː p l e ɪ s t	r iː p l e ɪ s t	r iː p e ɪ n t	r iː p e ɪ n t ə d	r iː p l e ɪ s ə d	1	0	0
model_mean	ɡ ɑː r d	ɡ ɑː r d ə d	ɡ ɑː r d ə d	ɡ ɑː l f	ɡ ɑː l f t	ɡ ɑː r d t	1	0	0
model_mean	ɡ l ʌ v	ɡ l ʌ v d	ɡ l ʌ v d	ɡ l uː	ɡ l uː d	ɡ l ʌ v d	1	1	1
model_mean	s ɔ l t	s ɔ l t ə d	s ɔ l t ə d	s ɔ ɪ l	s ɔ ɪ l d	s ɔ l t d	1	0	0
model_mean	s t ɛ r	s t ɛ r d	s t ɛ r d	s t ɛ p	s t ɛ p t	s t ɛ r t	1	0	0
model_mean	k ə m b a ɪ n	k ə m b a ɪ n d	k ə m b a ɪ n d	k ə m p l e ɪ n	k ə m p l e ɪ n d	k ə m b a ɪ n d	1	1	1
model_mean	f r ʌ n t	f r ʌ n t ə d	f r ʌ n t ə d	f r æ ŋ k	f r æ ŋ k t	f r ʌ n t t	1	0	0
model_mean	ɡ ɑː r b ə l	ɡ ɑː r b ə l d	ɡ ɑː r b ə l d	ɡ ɑː r d ə n	ɡ ɑː r d ə n d	ɡ ɑː r b ə l d	1	1	1
model_mean	p æ m p ɹ̩	p æ m p ɹ̩ d	p æ m p ɹ̩ d	p æ d ə l	p æ d ə l d	p æ m p ɹ̩ d	1	1	1
model_mean	f iː r	f iː r d	f ɛ r d	f iː l	f ɛ l t	NA	1	0	0
model_mean	ʃ ʌ v ə l	ʃ ʌ v ə l d	ʃ ʌ v ə l d	ʃ ʌ t ə l	ʃ ʌ t ə l d	ʃ ʌ v ə l d	1	1	1
model_mean	s k ɛ d͡ʒ ʊ l	s k ɛ d͡ʒ ʊ l d	s k ɛ d͡ʒ d ɪ d͡ʒ d	s k w ɛ r	s k w ɛ r d	s k ɛ d͡ʒ ʊ l d	1	0	1
model_mean	f l ʌ t ɹ̩	f l ʌ t ɹ̩ d	f l ʌ t ɹ̩ d	f l ɹ̩ t	f l ɹ̩ t ə d	f l ʌ t ɹ̩ ə d	1	0	0
model_mean	s p ɑː r k ə l	s p ɑː r k ə l d	s p ɑː r k ə l d	s p ɑː r k	s p ɑː r k t	s p ɑː r k ə l t	1	0	0
model_mean	r ɪ s p ɑː n d	r ɪ s p ɑː n d ə d	r ɪ s p ɑː n d ə d	r ɪ w ɔ r d	r ɪ w ɔ r d ə d	r ɪ s p ɑː n d ə d	1	1	1
model_mean	t æ t ɹ̩	t æ t ɹ̩ d	t æ t ɹ̩ d	t æ ɡ	t æ ɡ d	t æ t ɹ̩ d	1	1	1
model_mean	p ɑː k ə t	p ɑː k ə t ə d	p ɑː k ə t ə d	p ɑː r t	p ɑː r t ə d	p ɑː k ə t ə d	1	1	1
model_mean	d͡ʒ æ ŋ ɡ ə l	d͡ʒ æ ŋ ɡ ə l d	d͡ʒ æ ŋ ɡ ə l d	d͡ʒ æ m	d͡ʒ æ m d	d͡ʒ æ ŋ ɡ ə l d	1	1	1
model_mean	p iː p	p iː p t	p iː p t	p iː k	p iː k t	p iː p t	1	1	1
model_mean	æ k s ɛ s ɹ̩ a ɪ z	æ k s ɛ s ɹ̩ a ɪ z d	æ k s ə s ɹ̩ a ɪ z d	æ k s ɛ n t	æ k s ɛ n t ə d	æ k s ɛ s ɹ̩ a ɪ z ə d	1	0	0
model_mean	r ɛ d͡ʒ ɪ s t ɹ̩	r ɛ d͡ʒ ɪ s t ɹ̩ d	r ɛ d͡ʒ ɪ s t ɹ̩ d	r ɛ p r ə z ɛ n t	r ɛ p r ə z ɛ n t ə d	r ɛ d͡ʒ ɪ s t ɹ̩ ə d	1	0	0
model_mean	ɡ l o ʊ	ɡ l o ʊ d	ɡ l o ʊ d	ɡ o ʊ	w ɛ n t	NA	1	0	0
model_mean	k ɑː m ɛ n t	k ɑː m ɛ n t ə d	k ɑː m ɛ n t ə d	k ɑː s t	k ɑː s t	k ɑː m ɛ n t	1	0	0
model_mean	r ə f j uː z	r ə f j uː z d	r ə f j uː z d	r ə f l ɛ k t	r ə f l ɛ k t ə d	r ə f j uː z ə d	1	0	0
model_mean	w ɛ d	w ɛ d	w ɛ d ə d	w ɛ t	w ɛ t	w ɛ d	0	0	1
model_mean	d a ʊ n	d a ʊ n d	d a ʊ n d	d a ʊ t	d a ʊ t ə d	d a ʊ n ə d	1	0	0
model_mean	t͡ʃ ɪ p	t͡ʃ ɪ p t	t͡ʃ ɪ p t	t͡ʃ iː t	t͡ʃ iː t ə d	t͡ʃ ɪ p ə d	1	0	0
model_mean	d ɹ̩ ɛ k t	d ɹ̩ ɛ k t ə d	d ɹ̩ ɛ k t ə d	d o ʊ p	d o ʊ p t	d ɹ̩ ɛ k t t	1	0	0
model_mean	d ɪ f ɛ n d	d ɪ f ɛ n d ə d	d ɪ f ɛ n d ə d	d ɪ f a ɪ n	d ɪ f a ɪ n d	d ɪ f ɛ n d d	1	0	0
model_mean	p a ʊ n d	p a ʊ n d ə d	p a ʊ n d ə d	p a ʊ n s	p a ʊ n s t	p a ʊ n d t	1	0	0
model_mean	d r e ɪ p	d r e ɪ p t	d r e ɪ p t	d r ɪ p	d r ɪ p t	d r e ɪ p t	1	1	1
model_mean	k ə n t e ɪ n	k ə n t e ɪ n d	k ə n t e ɪ n d	k ə n s ɪ d ɹ̩	k ə n s ɪ d ɹ̩ d	k ə n t e ɪ n d	1	1	1
model_mean	s iː z ə n	s iː z ə n d	s iː z ə n d	s iː s ɔ	s iː s ɔ d	s iː z ə n d	1	1	1
model_mean	k r a ʊ t͡ʃ	k r a ʊ t͡ʃ t	k r a ʊ t͡ʃ t	k r a ʊ d	k r a ʊ d ə d	k r a ʊ t͡ʃ ə d	1	0	0
model_mean	h ɪ p n ə t a ɪ z	h ɪ p n ə t a ɪ z d	h ɪ p ə t ə d	s ɪ m b ə l a ɪ z	s ɪ m b ə l a ɪ z d	h ɪ p n ə t a ɪ z d	1	0	1
model_mean	k ə n d ɛ n s	k ə n d ɛ n s t	k ə n d ɛ n s t	k ə n s ɪ d ɹ̩	k ə n s ɪ d ɹ̩ d	k ə n d ɛ n s d	1	0	0
model_mean	k r æ ŋ k	k r æ ŋ k t	k r æ ŋ k t	k r æ ʃ	k r æ ʃ t	k r æ ŋ k t	1	1	1
model_mean	k l a ʊ d	k l a ʊ d ə d	k l a ʊ d ə d	k l a ɪ m	k l a ɪ m d	k l a ʊ d d	1	0	0
model_mean	r e ɪ d	r e ɪ d ə d	r e ɪ d ə d	r e ɪ	r e ɪ d	r e ɪ d d	1	0	0
model_mean	f ɪ l t ɹ̩	f ɪ l t ɹ̩ d	f ɪ l t ɹ̩ d	f ɪ l m	f ɪ l m d	f ɪ l t ɹ̩ d	1	1	1
model_mean	t æ ŋ ɡ ə l	t æ ŋ ɡ ə l d	t æ ŋ ɡ ə l d	t æ k ə l	t æ k ə l d	t æ ŋ ɡ ə l d	1	1	1
model_mean	p l æ s t ɹ̩	p l æ s t ɹ̩ d	p l æ s t ɹ̩ d	p l æ n t	p l æ n t ə d	p l æ s t ɹ̩ ə d	1	0	0
model_mean	ʃ e ɪ d	ʃ e ɪ d ə d	ʃ e ɪ d ə d	ʃ e ɪ p	ʃ e ɪ p t	ʃ e ɪ d t	1	0	0
model_mean	t r ʌ s t	t r ʌ s t ə d	t r ʌ s t ə d	t r ʌ m p	t r ʌ m p t	t r ʌ s t t	1	0	0
model_mean	s æ n d	s æ n d ə d	s æ n d ə d	s æ ɡ	s æ ɡ d	s æ n d d	1	0	0
model_mean	d ɪ z ɑː l v	d ɪ z ɑː l v d	d ɪ z ɑː l v d	d ɪ z ɹ̩ v	d ɪ z ɹ̩ v d	d ɪ z ɑː l v d	1	1	1
model_mean	r æ k	r æ k t	r æ k t	r æ p	r æ p t	r æ k t	1	1	1
model_mean	ʃ ɛ l	ʃ ɛ l d	ʃ ɛ l d	ʃ ɛ r	ʃ ɛ r d	ʃ ɛ l d	1	1	1
model_mean	s w ɑː p	s w ɑː p t	s w ɑː p t	s w ɑː t	s w ɑː t ə d	s w ɑː p ə d	1	0	0
model_mean	r iː l iː s	r iː l iː s t	r iː l iː s t	r iː s iː l	r iː s iː l d	r iː l iː s d	1	0	0
model_mean	r e ɪ k	r e ɪ k t	r e ɪ k t	r e ɪ n	r e ɪ n d	r e ɪ k d	1	0	0
model_mean	k æ n s ə l	k æ n s ə l d	k æ n s ə l d	k æ p t͡ʃ ɹ̩	k æ p t͡ʃ ɹ̩ d	k æ n s ə l d	1	1	1
model_mean	s p a ɪ	s p a ɪ d	s p a ɪ d	s p a ɪ s	s p a ɪ s t	s p a ɪ t	1	0	0
model_mean	f j uː m	f j uː m d	f j uː m d	f r iː z	f r o ʊ z	NA	1	0	0
model_mean	p r iː p ɛ r	p r iː p ɛ r d	p r iː p ɛ p t	p r ɪ k	p r ɪ k t	p r iː p ɛ r t	1	0	0
model_mean	d ɪ s p o ʊ z	d ɪ s p o ʊ z d	d ɪ s p o ʊ z d	d ɪ s p j uː t	d ɪ s p j uː t ə d	d ɪ s p o ʊ z ə d	1	0	0
model_mean	k ə n d ʌ k t	k ə n d ʌ k t ə d	k ə n d ʌ k t ə d	k ə n t ɪ n j uː	k ə n t ɪ n j uː d	k ə n d ʌ k t d	1	0	0
model_mean	s t ɪ ŋ k	s t ʌ ŋ k	s t ʌ ŋ k t	s t ɪ ŋ	s t ʌ ŋ	NA	0	0	0
model_mean	d r e ɪ n	d r e ɪ n d	d r e ɪ n d	d r ɪ p	d r ɪ p t	d r e ɪ n t	1	0	0
model_mean	ə n p l ʌ ɡ	ə n p l ʌ ɡ d	ə n p l ʌ l d	ə n z ɪ p	ə n z ɪ p t	ə n p l ʌ ɡ t	1	0	0
model_mean	h æ l o ʊ	h æ l o ʊ d	h æ l o ʊ d	h æ p ə n	h æ p ə n d	h æ l o ʊ d	1	1	1
model_mean	ɪ n t ɹ̩ æ k t	ɪ n t ɹ̩ æ k t ə d	ɪ n t ɹ̩ æ k t ə d	ɪ n t ɹ̩ ʌ p t	ɪ n t ɹ̩ ʌ p t ə d	ɪ n t ɹ̩ æ k t ə d	1	1	1
model_mean	ə b s ɛ s	ə b s ɛ s t	ə b s ɛ s t	ə b z ɹ̩ v	ə b z ɹ̩ v d	ə b s ɛ s d	1	0	0
model_mean	s n æ t͡ʃ	s n æ t͡ʃ t	s n æ t͡ʃ t	s n æ p	s n æ p t	s n æ t͡ʃ t	1	1	1
model_mean	t æ p	t æ p t	t æ p t	t æ ɡ	t æ ɡ d	t æ p d	1	0	0
model_mean	t r æ ʃ	t r æ ʃ t	t r æ ʃ t	t r æ k	t r æ k t	t r æ ʃ t	1	1	1
model_mean	ʃ ɪ v ɹ̩	ʃ ɪ v ɹ̩ d	ʃ ɪ v ɹ̩ d	ʃ ɪ f t	ʃ ɪ f t ə d	ʃ ɪ v ɹ̩ ə d	1	0	0
model_mean	r iː f ɪ l	r iː f ɪ l d	r iː f ɪ l d	r iː s ɹ̩ t͡ʃ	r iː s ɹ̩ t͡ʃ t	r iː f ɪ l t	1	0	0
model_mean	d ʌ b	d ʌ b d	d ʌ b d	d ʌ ŋ k	d ʌ ŋ k t	d ʌ b t	1	0	0
model_mean	r ɪ p ɛ r	r ɪ p ɛ r d	r ɪ p ɛ p t	r ɪ p iː t	r ɪ p iː t ə d	r ɪ p ɛ r ə d	1	0	0
model_mean	s t e ɪ k	s t e ɪ k t	s t e ɪ k t	s t e ɪ d͡ʒ	s t e ɪ d͡ʒ d	s t e ɪ k d	1	0	0
model_mean	ɛ r	ɛ r d	ɛ r d	ɛ d͡ʒ	ɛ d͡ʒ d	ɛ r d	1	1	1
model_mean	t r ʌ m p ə t	t r ʌ m p ə t ə d	t r ʌ m p ə t ə d	t r ɪ k ə l	t r ɪ k ə l d	t r ʌ m p ə t d	1	0	0
model_mean	k l ɑː ɡ	k l ɑː ɡ d	k l ɑː ɡ d	k l ɑː k	k l ɑː k t	k l ɑː ɡ t	1	0	0
model_mean	p a ʊ ɹ̩	p a ʊ ɹ̩ d	p a ʊ ɹ̩ d	p a ʊ t	p a ʊ t ə d	p a ʊ ɹ̩ ə d	1	0	0
model_mean	ɪ ɡ z ɪ b ɪ t	ɪ ɡ z ɪ b ɪ t ə d	ɪ ɡ z ɪ b ɪ t ə d	ɪ ɡ z æ m ɪ n	ɪ ɡ z æ m ɪ n d	ɪ ɡ z ɪ b ɪ t d	1	0	0
model_mean	e ɪ d͡ʒ	e ɪ d͡ʒ d	e ɪ d͡ʒ d	e ɪ m	e ɪ m d	e ɪ d͡ʒ d	1	1	1
model_mean	t e ɪ b ə l	t e ɪ b ə l d	t e ɪ b ə l d	t e ɪ m	t e ɪ m d	t e ɪ b ə l d	1	1	1
model_mean	r ɪ s p ɛ k t	r ɪ s p ɛ k t ə d	r ɪ s p ɛ k t ə d	r ɪ k w ɛ s t	r ɪ k w ɛ s t ə d	r ɪ s p ɛ k t ə d	1	1	1
model_mean	m æ k s	m æ k s t	m æ k s t	m æ s k	m æ s k t	m æ k s t	1	1	1
model_mean	ɛ n æ k t	ɛ n æ k t ə d	ɛ n æ k t ə d	ɛ n d͡ʒ ɔ ɪ	ɛ n d͡ʒ ɔ ɪ d	ɛ n æ k t d	1	0	0
model_mean	m ɑː d ə f a ɪ	m ɑː d ə f a ɪ d	m ɑː d v ə f a ɪ	m ɑː r k	m ɑː r k t	m ɑː d ə f a ɪ t	1	0	0
model_mean	f iː t͡ʃ ɹ̩	f iː t͡ʃ ɹ̩ d	f iː t͡ʃ ɹ̩ d	f iː s t	f iː s t ə d	f iː t͡ʃ ɹ̩ ə d	1	0	0
model_mean	w e ɪ l	w e ɪ l d	w e ɪ l d	w e ɪ v	w e ɪ v d	w e ɪ l d	1	1	1
model_mean	p ɹ̩ s	p ɹ̩ s t	p ɹ̩ s t	p ɹ̩ t͡ʃ	p ɹ̩ t͡ʃ t	p ɹ̩ s t	1	1	1
model_mean	l iː f	l iː f t	l iː f t	l iː p	l ɛ p t	NA	1	0	0
model_mean	p e ɪ p ɹ̩	p e ɪ p ɹ̩ d	p e ɪ p ɹ̩ d	p e ɪ n t	p e ɪ n t ə d	p e ɪ p ɹ̩ ə d	1	0	0
model_mean	r ɪ p ɛ l	r ɪ p ɛ l d	r ɪ p ɛ l d	r ɪ p iː t	r ɪ p iː t ə d	r ɪ p ɛ l ə d	1	0	0
model_mean	b l uː m	b l uː m d	b l uː m d	b l uː	b l uː d	b l uː m d	1	1	1
model_mean	b uː s t	b uː s t ə d	b uː s t ə d	b uː m	b uː m d	b uː s t d	1	0	0
model_mean	d ɪ m æ n d	d ɪ m æ n d ə d	d ɪ m æ n d ə d	d ɪ p ɛ n d	d ɪ p ɛ n d ə d	d ɪ m æ n d ə d	1	1	1
model_mean	k ɪ d n æ p	k ɪ d n æ p t	k ɪ n d	d ɪ k l ɛ r	d ɪ k l ɛ r d	k ɪ d n æ p d	1	0	0
model_mean	b ɔ ɪ l	b ɔ ɪ l d	b ɔ ɪ l d	b ɔ l	b ɔ l d	b ɔ ɪ l d	1	1	1
model_mean	b r a ɪ b	b r a ɪ b d	b r a ɪ b d	b r a ʊ n	b r a ʊ n d	b r a ɪ b d	1	1	1
model_mean	a ʊ t r ʌ n	a ʊ t r æ n	a ʊ t r ʌ n d	a ʊ t ɡ r o ʊ	a ʊ t ɡ r uː	NA	0	0	0
model_mean	θ ɪ n	θ ɪ n d	θ ɪ n d	θ ʌ m	θ ʌ m d	θ ɪ n d	1	1	1
model_mean	f r e ɪ m	f r e ɪ m d	f r e ɪ m d	f r ɔ s t	f r ɔ s t ə d	f r e ɪ m ə d	1	0	0
model_mean	f l ʌ f	f l ʌ f t	f l ʌ f t	f l ʌ ʃ	f l ʌ ʃ t	f l ʌ f t	1	1	1
model_mean	s k r iː t͡ʃ	s k r iː t͡ʃ t	s k r iː t͡ʃ t	s k r æ t͡ʃ	s k r æ t͡ʃ t	s k r iː t͡ʃ t	1	1	1
model_mean	b ɔ r d	b ɔ r d ə d	b ɔ r d ə d	b ɔ l	b ɔ l d	b ɔ r d d	1	0	0
model_mean	ɡ l ɪ s ə n	ɡ l ɪ s ə n d	ɡ l ɪ s ə n d	ɡ l æ n s	ɡ l æ n s t	ɡ l ɪ s ə n t	1	0	0
model_mean	p o ʊ z	p o ʊ z d	p o ʊ z d	p o ʊ k	p o ʊ k t	p o ʊ z t	1	0	0
model_mean	h ɑː r n ə s	h ɑː r n ə s t	h ɑː r n ə s t	h ɑː r d ə n	h ɑː r d ə n d	h ɑː r n ə s d	1	0	0
model_mean	ə n f o ʊ l d	ə n f o ʊ l d ə d	ə n f o ʊ l d ə d	ə n l o ʊ d	ə n l o ʊ d ə d	ə n f o ʊ l d ə d	1	1	1
model_mean	t w iː k	t w iː k t	t w iː k t	t w ɪ t͡ʃ	t w ɪ t͡ʃ t	t w iː k t	1	1	1
model_mean	s ɹ̩ v a ɪ v	s ɹ̩ v a ɪ v d	s ɹ̩ v a ɪ v d	s ɹ̩ v ɪ s	s ɹ̩ v ɪ s t	s ɹ̩ v a ɪ v t	1	0	0
model_mean	f ɹ̩ b ɪ d	f ɹ̩ b e ɪ d	f ɹ̩ b ɪ d ə d	f ɹ̩ ɡ ɪ v	f ɹ̩ ɡ e ɪ v	NA	0	0	0
model_mean	s iː t	s iː t ə d	s iː t	s ɪ t	s æ t	NA	1	0	0
model_mean	n o ʊ z d a ɪ v	n o ʊ z d a ɪ v d	n o ʊ d a ɪ d a ɪ d	n o ʊ t ɪ s	n o ʊ t ɪ s t	n o ʊ z d a ɪ v t	1	0	0
model_mean	s t e ɪ n	s t e ɪ n d	s t e ɪ n d	s t e ɪ d͡ʒ	s t e ɪ d͡ʒ d	s t e ɪ n d	1	1	1
model_mean	f l æ t ɹ̩	f l æ t ɹ̩ d	f l æ t ɹ̩ d	f l ɹ̩ ɪ ʃ	f l ɹ̩ ɪ ʃ t	f l æ t ɹ̩ t	1	0	0
model_mean	ɡ l ɔ r ə f a ɪ	ɡ l ɔ r ə f a ɪ d	ɡ r ə f l ə f a ɪ	ɡ l æ n s	ɡ l æ n s t	ɡ l ɔ r ə f a ɪ t	1	0	0
model_mean	iː z	iː z d	e ɪ z	iː t	e ɪ t	NA	1	0	0
model_mean	w ɪ ŋ k	w ɪ ŋ k t	w ɪ ŋ k t	w ɪ ŋ	w ɪ ŋ d	w ɪ ŋ k d	1	0	0
model_mean	r iː d uː	r iː d ɪ d	r iː d ɪ d	r iː m uː v	r iː m uː v d	r iː d uː d	0	0	0
model_mean	ɪ n t͡ʃ	ɪ n t͡ʃ t	ɪ n t͡ʃ t	ɪ n d͡ʒ ɹ̩	ɪ n d͡ʒ ɹ̩ d	ɪ n t͡ʃ d	1	0	0
model_mean	k w a ɪ ə t	k w a ɪ ə t ə d	k w a ɪ ə t ə d	k w ɛ s t͡ʃ ə n	k w ɛ s t͡ʃ ə n d	k w a ɪ ə t d	1	0	0
model_mean	k ɑː k	k ɑː k t	k ɑː k t	k ɑː m	k ɑː m d	k ɑː k d	1	0	0
model_mean	h j uː	h j uː	h j uː d	h ʌ ɡ	h ʌ ɡ d	h j uː d	0	1	0
model_mean	ɡ ʌ s iː	ɡ ʌ s iː d	ɡ ʌ s iː d	ɡ ʌ m	ɡ ʌ m d	ɡ ʌ s iː d	1	1	1
model_mean	k ə n t ɛ n t	k ə n t ɛ n t ə d	k ə n t ɛ n t ə d	k ə n s t r ʌ k t	k ə n s t r ʌ k t ə d	k ə n t ɛ n t ə d	1	1	1
model_mean	v ɛ n t͡ʃ ɹ̩	v ɛ n t͡ʃ ɹ̩ d	v ɛ n t͡ʃ ɹ̩ d	iː v ɪ n	iː v ɪ n d	v ɛ n t͡ʃ ɹ̩ d	1	1	1
model_mean	ɡ e ɪ z	ɡ e ɪ z d	ɡ e ɪ z d	ɡ e ɪ n	ɡ e ɪ n d	ɡ e ɪ z d	1	1	1
model_mean	b ɪ l	b ɪ l d	b ɪ l d	b l uː	b l uː d	b ɪ l d	1	1	1
model_mean	h a ʊ l	h a ʊ l d	h a ʊ l d	h a ɪ k	h a ɪ k t	h a ʊ l t	1	0	0
model_mean	ə l ɑː t	ə l ɑː t ə d	ə l ɑː t ə d	ə l a ʊ	ə l a ʊ d	ə l ɑː t d	1	0	0
model_mean	ə f ɛ n d	ə f ɛ n d ə d	ə f ɛ n d ə d	ə f ɔ r d	ə f ɔ r d ə d	ə f ɛ n d ə d	1	1	1
model_mean	f e ɪ v ɹ̩	f e ɪ v ɹ̩ d	f e ɪ v ɹ̩ d	f e ɪ k	f e ɪ k t	f e ɪ v ɹ̩ t	1	0	0
model_mean	o ʊ ɡ ə l	o ʊ ɡ ə l d	o ʊ ɡ ə l d	o ʊ b e ɪ	o ʊ b e ɪ d	o ʊ ɡ ə l d	1	1	1
model_mean	t r ɛ ʒ ɹ̩	t r ɛ ʒ ɹ̩ d	t r ɛ ʒ ɹ̩ d	t r ɪ p	t r ɪ p t	t r ɛ ʒ ɹ̩ t	1	0	0
model_mean	b ɪ d	b e ɪ d	b ɪ d ə d	b uː t	b uː t ə d	b ɪ d ə d	0	1	0
model_mean	k ə m ɪ t	k ə m ɪ t ə d	k ə m ɪ t ə d	k ə m p ɛ r	k ə m p ɛ r d	k ə m ɪ t d	1	0	0
model_mean	s iː z	s iː z d	s iː z d	s iː m	s iː m d	s iː z d	1	1	1
model_mean	ɪ v æ l j uː e ɪ t	ɪ v æ l j uː e ɪ t ə d	ɪ v æ l j uː e ɪ t ə d	ɪ v æ k j ə w e ɪ t	ɪ v æ k j ə w e ɪ t ə d	ɪ v æ l j uː e ɪ t ə d	1	1	1
model_mean	p r ɑː d͡ʒ ɛ k t	p r ɑː d͡ʒ ɛ k t ə d	p r ɑː d͡ʒ ɛ k t ə d	p r ɑː m p t	p r ɑː m p t ə d	p r ɑː d͡ʒ ɛ k t ə d	1	1	1
model_mean	ɡ l a ʊ ɹ̩	ɡ l a ʊ ɹ̩ d	ɡ l a ʊ ɹ̩ d	ɡ l æ n s	ɡ l æ n s t	ɡ l a ʊ ɹ̩ t	1	0	0
model_mean	r ʌ s t	r ʌ s t ə d	r ʌ s t ə d	r ʌ b	r ʌ b d	r ʌ s t d	1	0	0
model_mean	r ɪ v ɹ̩ s	r ɪ v ɹ̩ s t	r ɪ v ɹ̩ s t	r ɪ v ə t	r ɪ v ə t ə d	r ɪ v ɹ̩ s ə d	1	0	0
model_mean	d ɪ l ɪ n iː e ɪ t	d ɪ l ɪ n iː e ɪ t ə d	d ɪ n ɪ n e ɪ n t ə d	d ɪ l a ɪ t	d ɪ l a ɪ t ə d	d ɪ l ɪ n iː e ɪ t ə d	1	0	1
model_mean	d æ ʃ	d æ ʃ t	d æ ʃ t	d æ m	d æ m d	d æ ʃ d	1	0	0
model_mean	l o ʊ n	l o ʊ n d	l o ʊ n d	l o ʊ d	l o ʊ d ə d	l o ʊ n ə d	1	0	0
model_mean	f ɔ r w ɹ̩ d	f ɔ r w ɹ̩ d ə d	f ɔ r w ɹ̩ d ə d	f ɔ r m	f ɔ r m d	f ɔ r w ɹ̩ d d	1	0	0
model_mean	h uː t	h uː t ə d	h uː t ə d	h ɪ t	h ɪ t	h uː t	1	0	0
model_mean	ɡ r æ n t	ɡ r æ n t ə d	ɡ r æ n t ə d	ɡ r æ b	ɡ r æ b d	ɡ r æ n t d	1	0	0
model_mean	m æ ŋ ɡ ə l	m æ ŋ ɡ ə l d	m æ ŋ ɡ ə l d	m æ s k	m æ s k t	m æ ŋ ɡ ə l t	1	0	0
model_stem	s m a ɪ l	s m a ɪ l d	s m a ɪ l d	s p ɔ ɪ l	s p ɔ ɪ l d	s m a ɪ l d	1	1	1
model_stem	r iː d	r ɛ d	r iː d ə d	w iː d	w iː d ə d	r iː d ə d	0	1	0
model_stem	l a ɪ k	l a ɪ k t	l a ɪ k t	h a ɪ k	h a ɪ k t	l a ɪ k t	1	1	1
model_stem	ʃ o ʊ	ʃ o ʊ d	ʃ o ʊ d	ɡ o ʊ	w ɛ n t	NA	1	0	0
model_stem	b a ɪ t	b ɪ t	b a ɪ t ə d	r a ɪ t	r o ʊ t	b o ʊ t	0	0	0
model_stem	f l a ɪ	f l uː	f l a ɪ d	p r a ɪ	p r a ɪ d	f l a ɪ d	0	1	0
model_stem	h o ʊ p	h o ʊ p t	h o ʊ p t	r o ʊ p	r o ʊ p t	h o ʊ p t	1	1	1
model_stem	o ʊ p ə n	o ʊ p ə n d	o ʊ p ə n d	h æ p ə n	h æ p ə n d	o ʊ p ə n d	1	1	1
model_stem	r ʌ n	r æ n	r ʌ n d	p ɪ n	p ɪ n d	r ʌ n d	0	1	0
model_stem	t ɔ ɪ	t ɔ ɪ d	t ɔ t	p e ɪ	p e ɪ d	t ɔ ɪ d	1	0	1
model_stem	p l e ɪ	p l e ɪ d	p l e ɪ d	p r e ɪ	p r e ɪ d	p l e ɪ d	1	1	1
model_stem	w ɑː t͡ʃ	w ɑː t͡ʃ t	w ɑː t͡ʃ t	k æ t͡ʃ	k ɔ t	NA	1	0	0
model_stem	r iː t͡ʃ	r iː t͡ʃ t	r iː t͡ʃ t	t iː t͡ʃ	t ɔ t	r ɔ t	1	0	0
model_stem	æ s k	æ s k t	æ s k t	w ɹ̩ k	w ɹ̩ k t	æ s k t	1	1	1
model_stem	s m ɛ l	s m ɛ l d	s m ɛ l d	s p ɛ l	s p ɛ l d	s m ɛ l d	1	1	1
model_stem	h æ ŋ	h ʌ ŋ	h æ ŋ d	b æ ŋ	b æ ŋ d	h æ ŋ d	0	1	0
model_stem	r a ɪ d	r o ʊ d	r o ʊ d ə d	ɡ a ɪ d	ɡ a ɪ d ə d	r a ɪ d ə d	0	0	0
model_stem	s p ɪ l	s p ɪ l d	s p æ l d	s t ɪ l	s t ɪ l d	s p ɪ l d	1	0	1
model_stem	p ɔ r	p ɔ r d	p ɔ r d	ʃ ɔ r	ʃ ɔ r d	p ɔ r d	1	1	1
model_stem	b a ʊ	b a ʊ d	b a ʊ d	v a ʊ	v a ʊ d	b a ʊ d	1	1	1
model_stem	t ʌ t͡ʃ	t ʌ t͡ʃ t	t ʌ t͡ʃ t	t iː t͡ʃ	t ɔ t	NA	1	0	0
model_stem	k ɑː z	k ɑː z d	k ɑː z d	p ɔ z	p ɔ z d	k ɑː z d	1	1	1
model_stem	s t r a ɪ k	s t r ʌ k	s t r a ɪ k t	s t r o ʊ k	s t r o ʊ k t	s t r a ɪ k t	0	1	0
model_stem	h ɹ̩ t	h ɹ̩ t	h ɹ̩ t	ʃ uː t	ʃ ɑː t	NA	0	0	0
model_stem	h iː t	h iː t ə d	h iː t	t͡ʃ iː t	t͡ʃ iː t ə d	h iː t ə d	1	0	1
model_stem	f l a ʊ ɹ̩	f l a ʊ ɹ̩ d	f l a ʊ ɹ̩ d	s k a ʊ ɹ̩	s k a ʊ ɹ̩ d	f l a ʊ ɹ̩ d	1	1	1
model_stem	k l o ʊ z	k l o ʊ z d	k l o ʊ z d	b r a ʊ z	b r a ʊ z d	k l o ʊ z d	1	1	1
model_stem	m a ɪ n	m a ɪ n d	m a ɪ n d	l a ɪ n	l a ɪ n d	m a ɪ n d	1	1	1
model_stem	v ɪ z ɪ t	v ɪ z ɪ t ə d	v ɪ z ɪ t ə d	ɛ ɡ z ɪ t	ɛ ɡ z ɪ t ə d	v ɪ z ɪ t ə d	1	1	1
model_stem	t e ɪ s t	t e ɪ s t ə d	t e ɪ s t ə d	p e ɪ s t	p e ɪ s t ə d	t e ɪ s t ə d	1	1	1
model_stem	b ʌ t ɹ̩	b ʌ t ɹ̩ d	b ʌ t ɹ̩ d	b ɛ t ɹ̩	b ɛ t ɹ̩ d	b ʌ t ɹ̩ d	1	1	1
model_stem	m e ɪ l	m e ɪ l d	m e ɪ l d	d͡ʒ e ɪ l	d͡ʒ e ɪ l d	m e ɪ l d	1	1	1
model_stem	d ɪ ŋ	d ɪ ŋ d	d ɪ ŋ d	w ɪ ŋ	w ɪ ŋ d	d ɪ ŋ d	1	1	1
model_stem	s t ɑː p	s t ɑː p t	s t ɑː p t	d r ɑː p	d r ɑː p t	s t ɑː p t	1	1	1
model_stem	ɪ k s a ɪ t	ɪ k s a ɪ t ə d	ɪ k s a ɪ t ə d	k r iː e ɪ t	k r iː e ɪ t ə d	ɪ k s a ɪ t ə d	1	1	1
model_stem	f r a ɪ	f r a ɪ d	f r a ɪ d	p r a ɪ	p r a ɪ d	f r a ɪ d	1	1	1
model_stem	s p iː k	s p o ʊ k	s p ɛ k t	p l ʌ k	p l ʌ k t	s p iː k t	0	0	0
model_stem	s k r æ m b ə l	s k r æ m b ə l d	s k r æ m b ə l d	s t r æ ŋ ɡ ə l	s t r æ ŋ ɡ ə l d	s k r æ m b ə l d	1	1	1
model_stem	t͡ʃ ɛ k	t͡ʃ ɛ k t	t͡ʃ ɛ k t	n ɛ k	n ɛ k t	t͡ʃ ɛ k t	1	1	1
model_stem	n ʌ m b ɹ̩	n ʌ m b ɹ̩ d	n ʌ m b ɹ̩ d	k l ɑː b ɹ̩	k l ɑː b ɹ̩ d	n ʌ m b ɹ̩ d	1	1	1
model_stem	b ɛ n d	b ɛ n d ə d	b ɛ n d ə d	b r ɛ d	b r ɛ d ə d	b ɛ n d ə d	1	1	1
model_stem	t ɔ s	t ɔ s t	t ɔ s t	f ʌ s	f ʌ s t	t ɔ s t	1	1	1
model_stem	w ɪ s p ɹ̩	w ɪ s p ɹ̩ d	w ɪ s p ɹ̩ d	w ɑː n d ɹ̩	w ɑː n d ɹ̩ d	w ɪ s p ɹ̩ d	1	1	1
model_stem	a ɪ	a ɪ d	a ɪ d	w uː	w uː d	a ɪ d	1	1	1
model_stem	p ɑː p	p ɑː p t	p ɑː p t	m ɑː p	m ɑː p t	p ɑː p t	1	1	1
model_stem	ɪ ɡ z ɔ s t	ɪ ɡ z ɔ s t ə d	ɪ ɡ z ɔ s t ə d	p r ɑː m p t	p r ɑː m p t ə d	ɪ ɡ z ɔ s t ə d	1	1	1
model_stem	b ɪ l d	b ɪ l t	b ɪ l d ə d	l æ n d	l æ n d ə d	b ɪ l d ə d	0	1	0
model_stem	w ʌ n d ɹ̩	w ʌ n d ɹ̩ d	w ʌ n d ɹ̩ d	w ɑː n d ɹ̩	w ɑː n d ɹ̩ d	w ʌ n d ɹ̩ d	1	1	1
model_stem	k r æ k	k r æ k t	k r æ k t	t r æ k	t r æ k t	k r æ k t	1	1	1
model_stem	n ɪ b ə l	n ɪ b ə l d	n ɪ b ə l d	b æ b ə l	b æ b ə l d	n ɪ b ə l d	1	1	1
model_stem	d ɪ l ɪ v ɹ̩	d ɪ l ɪ v ɹ̩ d	d ɪ l ɪ v ɹ̩ d	f l e ɪ v ɹ̩	f l e ɪ v ɹ̩ d	d ɪ l ɪ v ɹ̩ d	1	1	1
model_stem	s k ɛ r	s k ɛ r d	s k ɛ r d	s p ɛ r	s p ɛ r d	s k ɛ r d	1	1	1
model_stem	ɔ f ɹ̩	ɔ f ɹ̩ d	ɔ f ɹ̩ d	ɔ θ ɹ̩	ɔ θ ɹ̩ d	ɔ f ɹ̩ d	1	1	1
model_stem	f l ɑː p	f l ɑː p t	f l ɑː p t	p l ɑː p	p l ɑː p t	f l ɑː p t	1	1	1
model_stem	ə p o ʊ z	ə p o ʊ z d	ə p o ʊ z d	b r a ʊ z	b r a ʊ z d	ə p o ʊ z d	1	1	1
model_stem	k ʌ l ɹ̩	k ʌ l ɹ̩ d	k ʌ l ɹ̩ d	h ɑː l ɹ̩	h ɑː l ɹ̩ d	k ʌ l ɹ̩ d	1	1	1
model_stem	k æ m p	k æ m p t	k æ m p t	θ ʌ m p	θ ʌ m p t	k æ m p t	1	1	1
model_stem	s ɛ l	s o ʊ l d	s ɛ l d	j ɛ l	j ɛ l d	s ɛ l d	0	1	0
model_stem	f l æ p	f l æ p t	f l æ p t	k l æ p	k l æ p t	f l æ p t	1	1	1
model_stem	p r ɛ s	p r ɛ s t	p r ɛ s t	b l ɛ s	b l ɛ s t	p r ɛ s t	1	1	1
model_stem	f ɪ l	f ɪ l d	f ɪ l d	ɔ ɪ l	ɔ ɪ l d	f ɪ l d	1	1	1
model_stem	b r æ n t͡ʃ	b r æ n t͡ʃ t	b r æ n t͡ʃ t	d r ɛ n t͡ʃ	d r ɛ n t͡ʃ t	b r æ n t͡ʃ t	1	1	1
model_stem	t a ɪ t ə n	t a ɪ t ə n d	t a ɪ t ə n d	θ r ɛ t ə n	θ r ɛ t ə n d	t a ɪ t ə n d	1	1	1
model_stem	k æ p t ɪ v e ɪ t	k æ p t ɪ v e ɪ t ə d	k æ p t ɪ v e ɪ t ə d	v ɛ n t ɪ l e ɪ t	v ɛ n t ɪ l e ɪ t ə d	k æ p t ɪ v e ɪ t ə d	1	1	1
model_stem	t o ʊ s t	t o ʊ s t ə d	t o ʊ s t ə d	r o ʊ s t	r o ʊ s t ə d	t o ʊ s t ə d	1	1	1
model_stem	d ɪ s ə p iː r	d ɪ s ə p iː r d	d ɪ s ə p iː r d	ɪ k s p l ɔ r	ɪ k s p l ɔ r d	d ɪ s ə p iː r d	1	1	1
model_stem	b ɛ r	b o ʊ r	b ɛ r d	ʃ ɛ r	ʃ ɛ r d	b ɛ r d	0	1	0
model_stem	b ɛ r iː	b ɛ r iː d	b ɛ r iː d	ə ɡ r iː	ə ɡ r iː d	b ɛ r iː d	1	1	1
model_stem	s n iː k	s n iː k t	s n iː k t	p l ʌ k	p l ʌ k t	s n iː k t	1	1	1
model_stem	l ʌ n t͡ʃ	l ʌ n t͡ʃ t	l ʌ n t͡ʃ t	p ʌ n t͡ʃ	p ʌ n t͡ʃ t	l ʌ n t͡ʃ t	1	1	1
model_stem	m ɛ m ɹ̩ a ɪ z	m ɛ m ɹ̩ a ɪ z d	m ɛ m ɹ̩ a ɪ z d	s ɹ̩ p r a ɪ z	s ɹ̩ p r a ɪ z d	m ɛ m ɹ̩ a ɪ z d	1	1	1
model_stem	h a ɪ d	h ɪ d	h a ɪ d ə d	h æ n d	h æ n d ə d	h a ɪ d ə d	0	1	0
model_stem	w iː l	w iː l d	w iː l d	s iː l	s iː l d	w iː l d	1	1	1
model_stem	p æ t	p æ t ə d	p æ t ə d	b æ t	b æ t ə d	p æ t ə d	1	1	1
model_stem	s k æ m p ɹ̩	s k æ m p ɹ̩ d	s k æ m p ɹ̩ d	ʃ ɑː r p ə n	ʃ ɑː r p ə n d	s k æ m p ɹ̩ d	1	1	1
model_stem	p iː r	p iː r d	p iː r d	h iː r	h ɹ̩ d	p ɹ̩ d	1	0	0
model_stem	ʃ æ m p uː	ʃ æ m p uː d	ʃ æ m p uː d	r ɪ n uː	r ɪ n uː d	ʃ æ m p uː d	1	1	1
model_stem	r e ɪ s	r e ɪ s t	r e ɪ s t	l e ɪ s	l e ɪ s t	r e ɪ s t	1	1	1
model_stem	s t r ɛ t͡ʃ	s t r ɛ t͡ʃ t	s t r ɛ t͡ʃ t	s k r æ t͡ʃ	s k r æ t͡ʃ t	s t r ɛ t͡ʃ t	1	1	1
model_stem	k ə l æ p s	k ə l æ p s t	k ə l æ p s t	r ɪ l æ k s	r ɪ l æ k s t	k ə l æ p s t	1	1	1
model_stem	d r ɪ f t	d r ɪ f t ə d	d r ɪ f t ə d	ɡ r ʌ n t	ɡ r ʌ n t ə d	d r ɪ f t ə d	1	1	1
model_stem	s t æ b	s t æ b d	s t æ b d	ɡ r æ b	ɡ r æ b d	s t æ b d	1	1	1
model_stem	t͡ʃ uː	t͡ʃ uː d	t͡ʃ uː d	ʃ uː	ʃ uː d	t͡ʃ uː d	1	1	1
model_stem	b ʌ b ə l	b ʌ b ə l d	b ʌ b ə l d	b æ b ə l	b æ b ə l d	b ʌ b ə l d	1	1	1
model_stem	s a ʊ ɹ̩	s a ʊ ɹ̩ d	s a ʊ ɹ̩ d	ʃ a ʊ ɹ̩	ʃ a ʊ ɹ̩ d	s a ʊ ɹ̩ d	1	1	1
model_stem	s t æ m p	s t æ m p t	s t æ m p t	s t ɑː m p	s t ɑː m p t	s t æ m p t	1	1	1
model_stem	d͡ʒ ɹ̩ k	d͡ʒ ɹ̩ k t	d͡ʒ ɹ̩ k t	w ɹ̩ k	w ɹ̩ k t	d͡ʒ ɹ̩ k t	1	1	1
model_stem	s ɔ	s ɔ d	s ɔ d	θ ɔ	θ ɔ d	s ɔ d	1	1	1
model_stem	f l ɪ p	f l ɪ p t	f l ɪ p t	k l ɪ p	k l ɪ p t	f l ɪ p t	1	1	1
model_stem	h iː l	h iː l d	h iː l d	d iː l	d ɛ l t	h ɛ l t	1	0	0
model_stem	s k r iː m	s k r iː m d	s k r iː m d	k r iː m	k r iː m d	s k r iː m d	1	1	1
model_stem	h ʊ k	h ʊ k t	h ʊ k t	l ʊ k	l ʊ k t	h ʊ k t	1	1	1
model_stem	p ɪ t	p ɪ t ə d	p ɪ t	h ɪ t	h ɪ t	p ɪ t	1	1	0
model_stem	t r ʌ b ə l	t r ʌ b ə l d	t r ʌ b ə l d	b ʌ n d ə l	b ʌ n d ə l d	t r ʌ b ə l d	1	1	1
model_stem	ɪ m p r ə v a ɪ z	ɪ m p r ə v a ɪ z d	ɪ m p r ə v a ɪ z d	s ɪ m b ə l a ɪ z	s ɪ m b ə l a ɪ z d	ɪ m p r ə v a ɪ z d	1	1	1
model_stem	n e ɪ l	n e ɪ l d	n e ɪ l d	t a ɪ l	t a ɪ l d	n e ɪ l d	1	1	1
model_stem	b a ɪ k	b a ɪ k t	b a ɪ k t	h a ɪ k	h a ɪ k t	b a ɪ k t	1	1	1
model_stem	l ɑː k	l ɑː k t	l ɑː k t	m ɑː k	m ɑː k t	l ɑː k t	1	1	1
model_stem	r ɛ s t	r ɛ s t ə d	r ɛ s t ə d	r uː s t	r uː s t ə d	r ɛ s t ə d	1	1	1
model_stem	b iː p	b iː p t	b iː p t	l iː p	l ɛ p t	b ɛ p t	1	0	0
model_stem	s ɪ p	s ɪ p t	s ɪ p t	w ɪ p	w ɪ p t	s ɪ p t	1	1	1
model_stem	ɪ s k e ɪ p	ɪ s k e ɪ p t	ɪ s e ɪ p e ɪ p t ɪ d	s k r e ɪ p	s k r e ɪ p t	ɪ s k e ɪ p t	1	0	1
model_stem	k ə n t r o ʊ l	k ə n t r o ʊ l d	k ə n t r o ʊ l d	r iː s a ɪ k ə l	r iː s a ɪ k ə l d	k ə n t r o ʊ l d	1	1	1
model_stem	h ʌ d ə l	h ʌ d ə l d	h ʌ d ə l d	p æ d ə l	p æ d ə l d	h ʌ d ə l d	1	1	1
model_stem	s w uː ʃ	s w uː ʃ t	s w uː ʃ t	s w ɪ ʃ	s w ɪ ʃ t	s w uː ʃ t	1	1	1
model_stem	f a ɪ n d	f a ʊ n d	f a ɪ n d ə d	f o ʊ l d	f o ʊ l d ə d	f a ɪ n d ə d	0	1	0
model_stem	k ɔ ɪ l	k ɔ ɪ l d	k ɔ ɪ l d	f a ɪ l	f a ɪ l d	k ɔ ɪ l d	1	1	1
model_stem	r ə f ɹ̩	r ə f ɹ̩ d	r ə f ɹ̩ d	s ʌ f ɹ̩	s ʌ f ɹ̩ d	r ə f ɹ̩ d	1	1	1
model_stem	ʃ e ɪ v	ʃ e ɪ v d	ʃ e ɪ v d	w e ɪ v	w e ɪ v d	ʃ e ɪ v d	1	1	1
model_stem	d ɪ s k r a ɪ b	d ɪ s k r a ɪ b d	d ɪ s k r a ɪ b d	r iː s a ɪ k ə l	r iː s a ɪ k ə l d	d ɪ s k r a ɪ b d	1	1	1
model_stem	p r iː z ɛ n t	p r iː z ɛ n t ə d	p r iː z ɛ n t ə d	p r ɪ v ɛ n t	p r ɪ v ɛ n t ə d	p r iː z ɛ n t ə d	1	1	1
model_stem	ɪ ɡ z ɪ s t	ɪ ɡ z ɪ s t ə d	ɪ ɡ z ɪ s t ə d	ɪ n s ɪ s t	ɪ n s ɪ s t ə d	ɪ ɡ z ɪ s t ə d	1	1	1
model_stem	b ɔ r	b ɔ r d	b ɔ r d	ʃ ɔ r	ʃ ɔ r d	b ɔ r d	1	1	1
model_stem	uː z	uː z d	uː z uː z d	k r ɔ l	k r ɔ l d	uː z d	1	0	1
model_stem	r ɑː b	r ɑː b d	r ɑː b d	d͡ʒ ɑː ɡ	d͡ʒ ɑː ɡ d	r ɑː b d	1	1	1
model_stem	t r æ p	t r æ p t	t r æ p t	t r ɪ p	t r ɪ p t	t r æ p t	1	1	1
model_stem	b æ ʃ	b æ ʃ t	b æ ʃ t	m æ ʃ	m æ ʃ t	b æ ʃ t	1	1	1
model_stem	æ k t	æ k t ə d	æ k t ə d	t͡ʃ æ t	t͡ʃ æ t ə d	æ k t ə d	1	1	1
model_stem	s t o ʊ n	s t o ʊ n d	s t o ʊ n d	ɡ r o ʊ n	ɡ r o ʊ n d	s t o ʊ n d	1	1	1
model_stem	f l ɪ ŋ	f l ʌ ŋ	f l ʌ ŋ	k l ɪ ŋ	k l ʌ ŋ	f l ʌ ŋ	0	1	1
model_stem	k w ɪ t	k w ɪ t	k w ɪ t	k æ s t	k æ s t	k w ɪ t	0	1	1
model_stem	p r ə f ɹ̩	p r ə f ɹ̩ d	p r ə f ɹ̩ d	k ə n f ɹ̩	k ə n f ɹ̩ d	p r ə f ɹ̩ d	1	1	1
model_stem	ə n l ɑː k	ə n l ɑː k t	ə n l ɑː k t	b l ɑː k	b l ɑː k t	ə n l ɑː k t	1	1	1
model_stem	m æ n ə d͡ʒ	m æ n ə d͡ʒ d	m æ n ə d͡ʒ d	s t e ɪ d͡ʒ	s t e ɪ d͡ʒ d	m æ n ə d͡ʒ d	1	1	1
model_stem	s ɛ n t ɹ̩	s ɛ n t ɹ̩ d	s ɛ n t ɹ̩ d	w ɪ n t ɹ̩	w ɪ n t ɹ̩ d	s ɛ n t ɹ̩ d	1	1	1
model_stem	s p ɑː t	s p ɑː t ə d	s p ɑː t ə d	s w ɑː t	s w ɑː t ə d	s p ɑː t ə d	1	1	1
model_stem	m o ʊ	m o ʊ d	m o ʊ d	v a ʊ	v a ʊ d	m o ʊ d	1	1	1
model_stem	t æ t uː	t æ t uː d	t æ t uː d	k ə n uː	k ə n uː d	t æ t uː d	1	1	1
model_stem	s a ɪ z	s a ɪ z d	s a ɪ z	r a ɪ z	r o ʊ z	s o ʊ z	1	0	0
model_stem	p ɹ̩ f ɛ k t	p ɹ̩ f ɛ k t ə d	p ɹ̩ f ɛ k t ə d	k ə n ɛ k t	k ə n ɛ k t ə d	p ɹ̩ f ɛ k t ə d	1	1	1
model_stem	t r e ɪ n	t r e ɪ n d	t r e ɪ n d	p l e ɪ n	p l e ɪ n d	t r e ɪ n d	1	1	1
model_stem	p ʌ n ɪ ʃ	p ʌ n ɪ ʃ t	p ʌ n ɪ ʃ t	p ɑː l ɪ ʃ	p ɑː l ɪ ʃ t	p ʌ n ɪ ʃ t	1	1	1
model_stem	l uː s	l uː s t	l uː s t	n ɹ̩ s	n ɹ̩ s t	l uː s t	1	1	1
model_stem	t ɑː p ə l	t ɑː p ə l d	t ɑː p ə l d	p ʌ z ə l	p ʌ z ə l d	t ɑː p ə l d	1	1	1
model_stem	s k r æ p	s k r æ p t	s k r æ p t	s t r æ p	s t r æ p t	s k r æ p t	1	1	1
model_stem	k r æ m	k r æ m d	k r æ m d	s l æ m	s l æ m d	k r æ m d	1	1	1
model_stem	p ɪ t͡ʃ	p ɪ t͡ʃ t	p ɪ t͡ʃ t	p æ t͡ʃ	p æ t͡ʃ t	p ɪ t͡ʃ t	1	1	1
model_stem	s m æ ʃ	s m æ ʃ t	s m æ ʃ t	m æ ʃ	m æ ʃ t	s m æ ʃ t	1	1	1
model_stem	f e ɪ l	f e ɪ l d	f e ɪ l d	f a ɪ l	f a ɪ l d	f e ɪ l d	1	1	1
model_stem	b l o ʊ t	b l o ʊ t ə d	b l o ʊ t ə d	r o ʊ s t	r o ʊ s t ə d	b l o ʊ t ə d	1	1	1
model_stem	s k w iː k	s k w iː k t	s k w iː k t	b r e ɪ k	b r o ʊ k	NA	1	0	0
model_stem	s k ɹ̩ t	s k ɹ̩ t ə d	s k ɹ̩ t ə d	f l ɹ̩ t	f l ɹ̩ t ə d	s k ɹ̩ t ə d	1	1	1
model_stem	b l ɪ ŋ k	b l ɪ ŋ k t	b l ʌ ŋ k	d r ɪ ŋ k	d r æ ŋ k	b l æ ŋ k	1	0	0
model_stem	w æ ɡ	w æ ɡ d	w æ ɡ d	ɡ æ ɡ	ɡ æ ɡ d	w æ ɡ d	1	1	1
model_stem	h æ t͡ʃ	h æ t͡ʃ t	h æ t͡ʃ t	m æ t͡ʃ	m æ t͡ʃ t	h æ t͡ʃ t	1	1	1
model_stem	h a ʊ z	h a ʊ z d	h a ʊ z d	n o ʊ z	n o ʊ z d	h a ʊ z d	1	1	1
model_stem	w ɑː f ə l	w ɑː f ə l d	w ɑː f ə l d	w ɑː b ə l	w ɑː b ə l d	w ɑː f ə l d	1	1	1
model_stem	b ʌ t ə n	b ʌ t ə n d	b ʌ t ə n d	t͡ʃ ɪ k ə n	t͡ʃ ɪ k ə n d	b ʌ t ə n d	1	1	1
model_stem	k ɹ̩ iː n	k ɹ̩ iː n d	k ɹ̩ iː n d	k l iː n	k l iː n d	k ɹ̩ iː n d	1	1	1
model_stem	s t r ɪ p	s t r ɪ p t	s t r ɪ p t	s t r æ p	s t r æ p t	s t r ɪ p t	1	1	1
model_stem	p r a ɪ z	p r a ɪ z d	p r a ɪ z d	p r e ɪ z	p r e ɪ z d	p r a ɪ z d	1	1	1
model_stem	k ə n f j uː z	k ə n f j uː z d	k ə n f j uː z d	ɪ k s k j uː z	ɪ k s k j uː z d	k ə n f j uː z d	1	1	1
model_stem	p l ʌ ɡ	p l ʌ ɡ d	p l ʌ ɡ d	d r ʌ ɡ	d r ʌ ɡ d	p l ʌ ɡ d	1	1	1
model_stem	k ɹ̩ s	k ɹ̩ s t	k ɹ̩ s t	n ɹ̩ s	n ɹ̩ s t	k ɹ̩ s t	1	1	1
model_stem	f e ɪ n t	f e ɪ n t ə d	f e ɪ n t ə d	p e ɪ n t	p e ɪ n t ə d	f e ɪ n t ə d	1	1	1
model_stem	r iː p l e ɪ s	r iː p l e ɪ s t	r iː p l e ɪ s t	p r æ k t ɪ s	p r æ k t ɪ s t	r iː p l e ɪ s t	1	1	1
model_stem	ɡ ɑː r d	ɡ ɑː r d ə d	ɡ ɑː r d ə d	p l ɑː d	p l ɑː d ə d	ɡ ɑː r d ə d	1	1	1
model_stem	ɡ l ʌ v	ɡ l ʌ v d	ɡ l ʌ v d	ʃ ʌ v	ʃ ʌ v d	ɡ l ʌ v d	1	1	1
model_stem	s ɔ l t	s ɔ l t ə d	s ɔ l t ə d	h ʌ n t	h ʌ n t ə d	s ɔ l t ə d	1	1	1
model_stem	s t ɛ r	s t ɛ r d	s t ɛ r d	s p ɛ r	s p ɛ r d	s t ɛ r d	1	1	1
model_stem	k ə m b a ɪ n	k ə m b a ɪ n d	k ə m b a ɪ n d	ɪ ɡ z æ m ɪ n	ɪ ɡ z æ m ɪ n d	k ə m b a ɪ n d	1	1	1
model_stem	f r ʌ n t	f r ʌ n t ə d	f r ʌ n t ə d	f r ɔ s t	f r ɔ s t ə d	f r ʌ n t ə d	1	1	1
model_stem	ɡ ɑː r b ə l	ɡ ɑː r b ə l d	ɡ ɑː r b ə l d	m ɑː r b ə l	m ɑː r b ə l d	ɡ ɑː r b ə l d	1	1	1
model_stem	p æ m p ɹ̩	p æ m p ɹ̩ d	p æ m p ɹ̩ d	z ɪ p ɹ̩	z ɪ p ɹ̩ d	p æ m p ɹ̩ d	1	1	1
model_stem	f iː r	f iː r d	f ɛ r d	t͡ʃ iː r	t͡ʃ iː r d	f iː r d	1	0	1
model_stem	ʃ ʌ v ə l	ʃ ʌ v ə l d	ʃ ʌ v ə l d	ʃ ʌ t ə l	ʃ ʌ t ə l d	ʃ ʌ v ə l d	1	1	1
model_stem	s k ɛ d͡ʒ ʊ l	s k ɛ d͡ʒ ʊ l d	s k ɛ d͡ʒ d ɪ d͡ʒ d	t ʌ m b ə l	t ʌ m b ə l d	s k ɛ d͡ʒ ʊ l d	1	0	1
model_stem	f l ʌ t ɹ̩	f l ʌ t ɹ̩ d	f l ʌ t ɹ̩ d	k l ʌ t ɹ̩	k l ʌ t ɹ̩ d	f l ʌ t ɹ̩ d	1	1	1
model_stem	s p ɑː r k ə l	s p ɑː r k ə l d	s p ɑː r k ə l d	t w ɪ ŋ k ə l	t w ɪ ŋ k ə l d	s p ɑː r k ə l d	1	1	1
model_stem	r ɪ s p ɑː n d	r ɪ s p ɑː n d ə d	r ɪ s p ɑː n d ə d	r iː m a ɪ n d	r iː m a ɪ n d ə d	r ɪ s p ɑː n d ə d	1	1	1
model_stem	t æ t ɹ̩	t æ t ɹ̩ d	t æ t ɹ̩ d	t iː t ɹ̩	t iː t ɹ̩ d	t æ t ɹ̩ d	1	1	1
model_stem	p ɑː k ə t	p ɑː k ə t ə d	p ɑː k ə t ə d	p ɪ v ə t	p ɪ v ə t ə d	p ɑː k ə t ə d	1	1	1
model_stem	d͡ʒ æ ŋ ɡ ə l	d͡ʒ æ ŋ ɡ ə l d	d͡ʒ æ ŋ ɡ ə l d	d æ ŋ ɡ ə l	d æ ŋ ɡ ə l d	d͡ʒ æ ŋ ɡ ə l d	1	1	1
model_stem	p iː p	p iː p t	p iː p t	l iː p	l ɛ p t	p ɛ p t	1	0	0
model_stem	æ k s ɛ s ɹ̩ a ɪ z	æ k s ɛ s ɹ̩ a ɪ z d	æ k s ə s ɹ̩ a ɪ z d	v ɪ ʒ w ə l a ɪ z	v ɪ ʒ w ə l a ɪ z d	æ k s ɛ s ɹ̩ a ɪ z d	1	0	1
model_stem	r ɛ d͡ʒ ɪ s t ɹ̩	r ɛ d͡ʒ ɪ s t ɹ̩ d	r ɛ d͡ʒ ɪ s t ɹ̩ d	s p l ɪ n t ɹ̩	s p l ɪ n t ɹ̩ d	r ɛ d͡ʒ ɪ s t ɹ̩ d	1	1	1
model_stem	ɡ l o ʊ	ɡ l o ʊ d	ɡ l o ʊ d	ɡ r o ʊ	ɡ r uː	ɡ l uː	1	0	0
model_stem	k ɑː m ɛ n t	k ɑː m ɛ n t ə d	k ɑː m ɛ n t ə d	k ə n ɛ k t	k ə n ɛ k t ə d	k ɑː m ɛ n t ə d	1	1	1
model_stem	r ə f j uː z	r ə f j uː z d	r ə f j uː z d	s ə p o ʊ z	s ə p o ʊ z d	r ə f j uː z d	1	1	1
model_stem	w ɛ d	w ɛ d	w ɛ d ə d	l ɛ d	l ɛ d ə d	w ɛ d ə d	0	1	0
model_stem	d a ʊ n	d a ʊ n d	d a ʊ n d	m o ʊ n	m o ʊ n d	d a ʊ n d	1	1	1
model_stem	t͡ʃ ɪ p	t͡ʃ ɪ p t	t͡ʃ ɪ p t	ʃ ɪ p	ʃ ɪ p t	t͡ʃ ɪ p t	1	1	1
model_stem	d ɹ̩ ɛ k t	d ɹ̩ ɛ k t ə d	d ɹ̩ ɛ k t ə d	m ɛ r ɪ t	m ɛ r ɪ t ə d	d ɹ̩ ɛ k t ə d	1	1	1
model_stem	d ɪ f ɛ n d	d ɪ f ɛ n d ə d	d ɪ f ɛ n d ə d	d ɪ p ɛ n d	d ɪ p ɛ n d ə d	d ɪ f ɛ n d ə d	1	1	1
model_stem	p a ʊ n d	p a ʊ n d ə d	p a ʊ n d ə d	b r e ɪ d	b r e ɪ d ə d	p a ʊ n d ə d	1	1	1
model_stem	d r e ɪ p	d r e ɪ p t	d r e ɪ p t	s w a ɪ p	s w a ɪ p t	d r e ɪ p t	1	1	1
model_stem	k ə n t e ɪ n	k ə n t e ɪ n d	k ə n t e ɪ n d	ɪ ɡ z æ m ɪ n	ɪ ɡ z æ m ɪ n d	k ə n t e ɪ n d	1	1	1
model_stem	s iː z ə n	s iː z ə n d	s iː z ə n d	l ɪ s ə n	l ɪ s ə n d	s iː z ə n d	1	1	1
model_stem	k r a ʊ t͡ʃ	k r a ʊ t͡ʃ t	k r a ʊ t͡ʃ t	k r ʌ n t͡ʃ	k r ʌ n t͡ʃ t	k r a ʊ t͡ʃ t	1	1	1
model_stem	h ɪ p n ə t a ɪ z	h ɪ p n ə t a ɪ z d	h ɪ p ə t ə d	s ɪ m b ə l a ɪ z	s ɪ m b ə l a ɪ z d	h ɪ p n ə t a ɪ z d	1	0	1
model_stem	k ə n d ɛ n s	k ə n d ɛ n s t	k ə n d ɛ n s t	k ə n v ɪ n s	k ə n v ɪ n s t	k ə n d ɛ n s t	1	1	1
model_stem	k r æ ŋ k	k r æ ŋ k t	k r æ ŋ k t	f r æ ŋ k	f r æ ŋ k t	k r æ ŋ k t	1	1	1
model_stem	k l a ʊ d	k l a ʊ d ə d	k l a ʊ d ə d	k r a ʊ d	k r a ʊ d ə d	k l a ʊ d ə d	1	1	1
model_stem	r e ɪ d	r e ɪ d ə d	r e ɪ d ə d	l æ n d	l æ n d ə d	r e ɪ d ə d	1	1	1
model_stem	f ɪ l t ɹ̩	f ɪ l t ɹ̩ d	f ɪ l t ɹ̩ d	ʃ ɛ l t ɹ̩	ʃ ɛ l t ɹ̩ d	f ɪ l t ɹ̩ d	1	1	1
model_stem	t æ ŋ ɡ ə l	t æ ŋ ɡ ə l d	t æ ŋ ɡ ə l d	d æ ŋ ɡ ə l	d æ ŋ ɡ ə l d	t æ ŋ ɡ ə l d	1	1	1
model_stem	p l æ s t ɹ̩	p l æ s t ɹ̩ d	p l æ s t ɹ̩ d	p ɛ s t ɹ̩	p ɛ s t ɹ̩ d	p l æ s t ɹ̩ d	1	1	1
model_stem	ʃ e ɪ d	ʃ e ɪ d ə d	ʃ e ɪ d ə d	f e ɪ d	f e ɪ d ə d	ʃ e ɪ d ə d	1	1	1
model_stem	t r ʌ s t	t r ʌ s t ə d	t r ʌ s t ə d	ə r ɛ s t	ə r ɛ s t ə d	t r ʌ s t ə d	1	1	1
model_stem	s æ n d	s æ n d ə d	s æ n d ə d	s a ɪ d	s a ɪ d ə d	s æ n d ə d	1	1	1
model_stem	d ɪ z ɑː l v	d ɪ z ɑː l v d	d ɪ z ɑː l v d	r iː z ɑː l v	r iː z ɑː l v d	d ɪ z ɑː l v d	1	1	1
model_stem	r æ k	r æ k t	r æ k t	d͡ʒ æ k	d͡ʒ æ k t	r æ k t	1	1	1
model_stem	ʃ ɛ l	ʃ ɛ l d	ʃ ɛ l d	j ɛ l	j ɛ l d	ʃ ɛ l d	1	1	1
model_stem	s w ɑː p	s w ɑː p t	s w ɑː p t	h ɑː r p	h ɑː r p t	s w ɑː p t	1	1	1
model_stem	r iː l iː s	r iː l iː s t	r iː l iː s t	r ɪ d uː s	r ɪ d uː s t	r iː l iː s t	1	1	1
model_stem	r e ɪ k	r e ɪ k t	r e ɪ k t	b e ɪ k	b e ɪ k t	r e ɪ k t	1	1	1
model_stem	k æ n s ə l	k æ n s ə l d	k æ n s ə l d	k r æ k ə l	k r æ k ə l d	k æ n s ə l d	1	1	1
model_stem	s p a ɪ	s p a ɪ d	s p a ɪ d	s t e ɪ	s t e ɪ d	s p a ɪ d	1	1	1
model_stem	f j uː m	f j uː m d	f j uː m d	ə s uː m	ə s uː m d	f j uː m d	1	1	1
model_stem	p r iː p ɛ r	p r iː p ɛ r d	p r iː p ɛ p t	d ɪ k l ɛ r	d ɪ k l ɛ r d	p r iː p ɛ r d	1	0	1
model_stem	d ɪ s p o ʊ z	d ɪ s p o ʊ z d	d ɪ s p o ʊ z d	b ʊ l d o ʊ z	b ʊ l d o ʊ z d	d ɪ s p o ʊ z d	1	1	1
model_stem	k ə n d ʌ k t	k ə n d ʌ k t ə d	k ə n d ʌ k t ə d	ɪ n t ɹ̩ ʌ p t	ɪ n t ɹ̩ ʌ p t ə d	k ə n d ʌ k t ə d	1	1	1
model_stem	s t ɪ ŋ k	s t ʌ ŋ k	s t ʌ ŋ k t	s m o ʊ k	s m o ʊ k t	s t ɪ ŋ k t	0	0	0
model_stem	d r e ɪ n	d r e ɪ n d	d r e ɪ n d	p l e ɪ n	p l e ɪ n d	d r e ɪ n d	1	1	1
model_stem	ə n p l ʌ ɡ	ə n p l ʌ ɡ d	ə n p l ʌ l d	t ʌ ɡ	t ʌ ɡ d	ə n p l ʌ ɡ d	1	0	1
model_stem	h æ l o ʊ	h æ l o ʊ d	h æ l o ʊ d	f ɑː l o ʊ	f ɑː l o ʊ d	h æ l o ʊ d	1	1	1
model_stem	ɪ n t ɹ̩ æ k t	ɪ n t ɹ̩ æ k t ə d	ɪ n t ɹ̩ æ k t ə d	d o ʊ n e ɪ t	d o ʊ n e ɪ t ə d	ɪ n t ɹ̩ æ k t ə d	1	1	1
model_stem	ə b s ɛ s	ə b s ɛ s t	ə b s ɛ s t	ə d r ɛ s	ə d r ɛ s t	ə b s ɛ s t	1	1	1
model_stem	s n æ t͡ʃ	s n æ t͡ʃ t	s n æ t͡ʃ t	ə t æ t͡ʃ	ə t æ t͡ʃ t	s n æ t͡ʃ t	1	1	1
model_stem	t æ p	t æ p t	t æ p t	n æ p	n æ p t	t æ p t	1	1	1
model_stem	t r æ ʃ	t r æ ʃ t	t r æ ʃ t	k r æ ʃ	k r æ ʃ t	t r æ ʃ t	1	1	1
model_stem	ʃ ɪ v ɹ̩	ʃ ɪ v ɹ̩ d	ʃ ɪ v ɹ̩ d	ʃ a ʊ ɹ̩	ʃ a ʊ ɹ̩ d	ʃ ɪ v ɹ̩ d	1	1	1
model_stem	r iː f ɪ l	r iː f ɪ l d	r iː f ɪ l d	s p ɔ ɪ l	s p ɔ ɪ l d	r iː f ɪ l d	1	1	1
model_stem	d ʌ b	d ʌ b d	d ʌ b d	r ʌ b	r ʌ b d	d ʌ b d	1	1	1
model_stem	r ɪ p ɛ r	r ɪ p ɛ r d	r ɪ p ɛ p t	s k w ɛ r	s k w ɛ r d	r ɪ p ɛ r d	1	0	1
model_stem	s t e ɪ k	s t e ɪ k t	s t e ɪ k t	s t r iː k	s t r iː k t	s t e ɪ k t	1	1	1
model_stem	ɛ r	ɛ r d	ɛ r d	ɛ d͡ʒ	ɛ d͡ʒ d	ɛ r d	1	1	1
model_stem	t r ʌ m p ə t	t r ʌ m p ə t ə d	t r ʌ m p ə t ə d	d a ɪ d͡ʒ ɛ s t	d a ɪ d͡ʒ ɛ s t ə d	t r ʌ m p ə t ə d	1	1	1
model_stem	k l ɑː ɡ	k l ɑː ɡ d	k l ɑː ɡ d	d r æ ɡ	d r æ ɡ d	k l ɑː ɡ d	1	1	1
model_stem	p a ʊ ɹ̩	p a ʊ ɹ̩ d	p a ʊ ɹ̩ d	ʃ a ʊ ɹ̩	ʃ a ʊ ɹ̩ d	p a ʊ ɹ̩ d	1	1	1
model_stem	ɪ ɡ z ɪ b ɪ t	ɪ ɡ z ɪ b ɪ t ə d	ɪ ɡ z ɪ b ɪ t ə d	p r ɪ d ɪ k t	p r ɪ d ɪ k t ə d	ɪ ɡ z ɪ b ɪ t ə d	1	1	1
model_stem	e ɪ d͡ʒ	e ɪ d͡ʒ d	e ɪ d͡ʒ d	n ʌ d͡ʒ	n ʌ d͡ʒ d	e ɪ d͡ʒ d	1	1	1
model_stem	t e ɪ b ə l	t e ɪ b ə l d	t e ɪ b ə l d	l e ɪ b ə l	l e ɪ b ə l d	t e ɪ b ə l d	1	1	1
model_stem	r ɪ s p ɛ k t	r ɪ s p ɛ k t ə d	r ɪ s p ɛ k t ə d	ɪ k s p ɛ k t	ɪ k s p ɛ k t ə d	r ɪ s p ɛ k t ə d	1	1	1
model_stem	m æ k s	m æ k s t	m æ k s t	m ɪ k s	m ɪ k s t	m æ k s t	1	1	1
model_stem	ɛ n æ k t	ɛ n æ k t ə d	ɛ n æ k t ə d	b l æ s t	b l æ s t ə d	ɛ n æ k t ə d	1	1	1
model_stem	m ɑː d ə f a ɪ	m ɑː d ə f a ɪ d	m ɑː d v ə f a ɪ	k r o ʊ ʃ e ɪ	k r o ʊ ʃ e ɪ d	m ɑː d ə f a ɪ d	1	0	1
model_stem	f iː t͡ʃ ɹ̩	f iː t͡ʃ ɹ̩ d	f iː t͡ʃ ɹ̩ d	b ʊ t͡ʃ ɹ̩	b ʊ t͡ʃ ɹ̩ d	f iː t͡ʃ ɹ̩ d	1	1	1
model_stem	w e ɪ l	w e ɪ l d	w e ɪ l d	s e ɪ l	s e ɪ l d	w e ɪ l d	1	1	1
model_stem	p ɹ̩ s	p ɹ̩ s t	p ɹ̩ s t	n ɹ̩ s	n ɹ̩ s t	p ɹ̩ s t	1	1	1
model_stem	l iː f	l iː f t	l iː f t	b iː f	b iː f t	l iː f t	1	1	1
model_stem	p e ɪ p ɹ̩	p e ɪ p ɹ̩ d	p e ɪ p ɹ̩ d	p a ʊ d ɹ̩	p a ʊ d ɹ̩ d	p e ɪ p ɹ̩ d	1	1	1
model_stem	r ɪ p ɛ l	r ɪ p ɛ l d	r ɪ p ɛ l d	d w ɛ l	d w ɛ l d	r ɪ p ɛ l d	1	1	1
model_stem	b l uː m	b l uː m d	b l uː m d	ə s uː m	ə s uː m d	b l uː m d	1	1	1
model_stem	b uː s t	b uː s t ə d	b uː s t ə d	b ʌ s t	b ʌ s t ə d	b uː s t ə d	1	1	1
model_stem	d ɪ m æ n d	d ɪ m æ n d ə d	d ɪ m æ n d ə d	d ɪ s a ɪ d	d ɪ s a ɪ d ə d	d ɪ m æ n d ə d	1	1	1
model_stem	k ɪ d n æ p	k ɪ d n æ p t	k ɪ n d	s k r e ɪ p	s k r e ɪ p t	k ɪ d n æ p t	1	0	1
model_stem	b ɔ ɪ l	b ɔ ɪ l d	b ɔ ɪ l d	ɡ r ɪ l	ɡ r ɪ l d	b ɔ ɪ l d	1	1	1
model_stem	b r a ɪ b	b r a ɪ b d	b r a ɪ b d	k l a ɪ m	k l a ɪ m d	b r a ɪ b d	1	1	1
model_stem	a ʊ t r ʌ n	a ʊ t r æ n	a ʊ t r ʌ n d	s w iː t ə n	s w iː t ə n d	a ʊ t r ʌ n d	0	1	0
model_stem	θ ɪ n	θ ɪ n d	θ ɪ n d	p ɪ n	p ɪ n d	θ ɪ n d	1	1	1
model_stem	f r e ɪ m	f r e ɪ m d	f r e ɪ m d	b l e ɪ m	b l e ɪ m d	f r e ɪ m d	1	1	1
model_stem	f l ʌ f	f l ʌ f t	f l ʌ f t	ɡ ɑː l f	ɡ ɑː l f t	f l ʌ f t	1	1	1
model_stem	s k r iː t͡ʃ	s k r iː t͡ʃ t	s k r iː t͡ʃ t	k r ʌ n t͡ʃ	k r ʌ n t͡ʃ t	s k r iː t͡ʃ t	1	1	1
model_stem	b ɔ r d	b ɔ r d ə d	b ɔ r d ə d	b iː r d	b iː r d ə d	b ɔ r d ə d	1	1	1
model_stem	ɡ l ɪ s ə n	ɡ l ɪ s ə n d	ɡ l ɪ s ə n d	m ɔ ɪ s ə n	m ɔ ɪ s ə n d	ɡ l ɪ s ə n d	1	1	1
model_stem	p o ʊ z	p o ʊ z d	p o ʊ z d	n o ʊ z	n o ʊ z d	p o ʊ z d	1	1	1
model_stem	h ɑː r n ə s	h ɑː r n ə s t	h ɑː r n ə s t	ə n a ʊ n s	ə n a ʊ n s t	h ɑː r n ə s t	1	1	1
model_stem	ə n f o ʊ l d	ə n f o ʊ l d ə d	ə n f o ʊ l d ə d	r iː m a ɪ n d	r iː m a ɪ n d ə d	ə n f o ʊ l d ə d	1	1	1
model_stem	t w iː k	t w iː k t	t w iː k t	θ ɪ ŋ k	θ ɔ t	NA	1	0	0
model_stem	s ɹ̩ v a ɪ v	s ɹ̩ v a ɪ v d	s ɹ̩ v a ɪ v d	b ɪ h e ɪ v	b ɪ h e ɪ v d	s ɹ̩ v a ɪ v d	1	1	1
model_stem	f ɹ̩ b ɪ d	f ɹ̩ b e ɪ d	f ɹ̩ b ɪ d ə d	f o ʊ l d	f o ʊ l d ə d	f ɹ̩ b ɪ d ə d	0	1	0
model_stem	s iː t	s iː t ə d	s iː t	s ɛ t	s ɛ t	s iː t	1	1	0
model_stem	n o ʊ z d a ɪ v	n o ʊ z d a ɪ v d	n o ʊ d a ɪ d a ɪ d	ɔ r ɡ ə n a ɪ z	ɔ r ɡ ə n a ɪ z d	n o ʊ z d a ɪ v d	1	0	1
model_stem	s t e ɪ n	s t e ɪ n d	s t e ɪ n d	p l e ɪ n	p l e ɪ n d	s t e ɪ n d	1	1	1
model_stem	f l æ t ɹ̩	f l æ t ɹ̩ d	f l æ t ɹ̩ d	k l ʌ t ɹ̩	k l ʌ t ɹ̩ d	f l æ t ɹ̩ d	1	1	1
model_stem	ɡ l ɔ r ə f a ɪ	ɡ l ɔ r ə f a ɪ d	ɡ r ə f l ə f a ɪ	k l æ s ə f a ɪ	k l æ s ə f a ɪ d	ɡ l ɔ r ə f a ɪ d	1	0	1
model_stem	iː z	iː z d	e ɪ z	f r iː z	f r o ʊ z	o ʊ z	1	0	0
model_stem	w ɪ ŋ k	w ɪ ŋ k t	w ɪ ŋ k t	θ ɪ ŋ k	θ ɔ t	w ɔ t	1	0	0
model_stem	r iː d uː	r iː d ɪ d	r iː d ɪ d	ə n d uː	ə n d ɪ d	r iː d ɪ d	0	1	1
model_stem	ɪ n t͡ʃ	ɪ n t͡ʃ t	ɪ n t͡ʃ t	p ɹ̩ t͡ʃ	p ɹ̩ t͡ʃ t	ɪ n t͡ʃ t	1	1	1
model_stem	k w a ɪ ə t	k w a ɪ ə t ə d	k w a ɪ ə t ə d	ɪ k w e ɪ t	ɪ k w e ɪ t ə d	k w a ɪ ə t ə d	1	1	1
model_stem	k ɑː k	k ɑː k t	k ɑː k t	m ɑː k	m ɑː k t	k ɑː k t	1	1	1
model_stem	h j uː	h j uː	h j uː d	ɡ l uː	ɡ l uː d	h j uː d	0	1	0
model_stem	ɡ ʌ s iː	ɡ ʌ s iː d	ɡ ʌ s iː d	f æ n s iː	f æ n s iː d	ɡ ʌ s iː d	1	1	1
model_stem	k ə n t ɛ n t	k ə n t ɛ n t ə d	k ə n t ɛ n t ə d	p r ɪ v ɛ n t	p r ɪ v ɛ n t ə d	k ə n t ɛ n t ə d	1	1	1
model_stem	v ɛ n t͡ʃ ɹ̩	v ɛ n t͡ʃ ɹ̩ d	v ɛ n t͡ʃ ɹ̩ d	p ɪ k t͡ʃ ɹ̩	p ɪ k t͡ʃ ɹ̩ d	v ɛ n t͡ʃ ɹ̩ d	1	1	1
model_stem	ɡ e ɪ z	ɡ e ɪ z d	ɡ e ɪ z d	d e ɪ z	d e ɪ z d	ɡ e ɪ z d	1	1	1
model_stem	b ɪ l	b ɪ l d	b ɪ l d	w ɪ l	w ɪ l d	b ɪ l d	1	1	1
model_stem	h a ʊ l	h a ʊ l d	h a ʊ l d	h o ʊ l	h o ʊ l d	h a ʊ l d	1	1	1
model_stem	ə l ɑː t	ə l ɑː t ə d	ə l ɑː t ə d	b l ɑː t	b l ɑː t ə d	ə l ɑː t ə d	1	1	1
model_stem	ə f ɛ n d	ə f ɛ n d ə d	ə f ɛ n d ə d	b l ɛ n d	b l ɛ n d ə d	ə f ɛ n d ə d	1	1	1
model_stem	f e ɪ v ɹ̩	f e ɪ v ɹ̩ d	f e ɪ v ɹ̩ d	ʃ ɛ l t ɹ̩	ʃ ɛ l t ɹ̩ d	f e ɪ v ɹ̩ d	1	1	1
model_stem	o ʊ ɡ ə l	o ʊ ɡ ə l d	o ʊ ɡ ə l d	ʃ ʌ t ə l	ʃ ʌ t ə l d	o ʊ ɡ ə l d	1	1	1
model_stem	t r ɛ ʒ ɹ̩	t r ɛ ʒ ɹ̩ d	t r ɛ ʒ ɹ̩ d	k æ p t͡ʃ ɹ̩	k æ p t͡ʃ ɹ̩ d	t r ɛ ʒ ɹ̩ d	1	1	1
model_stem	b ɪ d	b e ɪ d	b ɪ d ə d	r ɪ d	r ɪ d	b ɪ d	0	0	0
model_stem	k ə m ɪ t	k ə m ɪ t ə d	k ə m ɪ t ə d	m ɛ r ɪ t	m ɛ r ɪ t ə d	k ə m ɪ t ə d	1	1	1
model_stem	s iː z	s iː z d	s iː z d	b ʌ z	b ʌ z d	s iː z d	1	1	1
model_stem	ɪ v æ l j uː e ɪ t	ɪ v æ l j uː e ɪ t ə d	ɪ v æ l j uː e ɪ t ə d	ɪ l ə s t r e ɪ t	ɪ l ə s t r e ɪ t ə d	ɪ v æ l j uː e ɪ t ə d	1	1	1
model_stem	p r ɑː d͡ʒ ɛ k t	p r ɑː d͡ʒ ɛ k t ə d	p r ɑː d͡ʒ ɛ k t ə d	p r ə t ɛ k t	p r ə t ɛ k t ə d	p r ɑː d͡ʒ ɛ k t ə d	1	1	1
model_stem	ɡ l a ʊ ɹ̩	ɡ l a ʊ ɹ̩ d	ɡ l a ʊ ɹ̩ d	s k a ʊ ɹ̩	s k a ʊ ɹ̩ d	ɡ l a ʊ ɹ̩ d	1	1	1
model_stem	r ʌ s t	r ʌ s t ə d	r ʌ s t ə d	r uː s t	r uː s t ə d	r ʌ s t ə d	1	1	1
model_stem	r ɪ v ɹ̩ s	r ɪ v ɹ̩ s t	r ɪ v ɹ̩ s t	ɡ l æ n s	ɡ l æ n s t	r ɪ v ɹ̩ s t	1	1	1
model_stem	d ɪ l ɪ n iː e ɪ t	d ɪ l ɪ n iː e ɪ t ə d	d ɪ n ɪ n e ɪ n t ə d	s ɛ l ə b r e ɪ t	s ɛ l ə b r e ɪ t ə d	d ɪ l ɪ n iː e ɪ t ə d	1	0	1
model_stem	d æ ʃ	d æ ʃ t	d æ ʃ t	m æ ʃ	m æ ʃ t	d æ ʃ t	1	1	1
model_stem	l o ʊ n	l o ʊ n d	l o ʊ n d	m o ʊ n	m o ʊ n d	l o ʊ n d	1	1	1
model_stem	f ɔ r w ɹ̩ d	f ɔ r w ɹ̩ d ə d	f ɔ r w ɹ̩ d ə d	d ɪ s a ɪ d	d ɪ s a ɪ d ə d	f ɔ r w ɹ̩ d ə d	1	1	1
model_stem	h uː t	h uː t ə d	h uː t ə d	ʃ uː t	ʃ ɑː t	h ɑː t	1	0	0
model_stem	ɡ r æ n t	ɡ r æ n t ə d	ɡ r æ n t ə d	ɡ r ʌ n t	ɡ r ʌ n t ə d	ɡ r æ n t ə d	1	1	1
model_stem	m æ ŋ ɡ ə l	m æ ŋ ɡ ə l d	m æ ŋ ɡ ə l d	d æ ŋ ɡ ə l	d æ ŋ ɡ ə l d	m æ ŋ ɡ ə l d	1	1	1
string	s m a ɪ l	s m a ɪ l d	s m a ɪ l d	s e ɪ l	s e ɪ l d	s m a ɪ l d	1	1	1
string	r iː d	r ɛ d	r iː d ə d	r ɪ d	r ɪ d	r iː d	0	0	0
string	l a ɪ k	l a ɪ k t	l a ɪ k t	l a ɪ v	l a ɪ v d	l a ɪ k d	1	0	0
string	ʃ o ʊ	ʃ o ʊ d	ʃ o ʊ d	r o ʊ	r o ʊ d	ʃ o ʊ d	1	1	1
string	b a ɪ t	b ɪ t	b a ɪ t ə d	l a ɪ t	l ɪ t	b ɪ t	0	0	1
string	f l a ɪ	f l uː	f l a ɪ d	l a ɪ	l e ɪ	f l e ɪ	0	0	0
string	h o ʊ p	h o ʊ p t	h o ʊ p t	h o ʊ l	h o ʊ l d	h o ʊ p d	1	0	0
string	o ʊ p ə n	o ʊ p ə n d	o ʊ p ə n d	h æ p ə n	h æ p ə n d	o ʊ p ə n d	1	1	1
string	r ʌ n	r æ n	r ʌ n d	r ʌ ʃ	r ʌ ʃ t	r ʌ n t	0	0	0
string	t ɔ ɪ	t ɔ ɪ d	t ɔ t	t ɔ k	t ɔ k t	t ɔ ɪ t	1	0	0
string	p l e ɪ	p l e ɪ d	p l e ɪ d	p l e ɪ n	p l e ɪ n d	p l e ɪ d	1	1	1
string	w ɑː t͡ʃ	w ɑː t͡ʃ t	w ɑː t͡ʃ t	w ɑː d	w ɑː d ə d	w ɑː t͡ʃ ə d	1	0	0
string	r iː t͡ʃ	r iː t͡ʃ t	r iː t͡ʃ t	t iː t͡ʃ	t ɔ t	r ɔ t	1	0	0
string	æ s k	æ s k t	æ s k t	m æ s k	m æ s k t	æ s k t	1	1	1
string	s m ɛ l	s m ɛ l d	s m ɛ l d	s p ɛ l	s p ɛ l d	s m ɛ l d	1	1	1
string	h æ ŋ	h ʌ ŋ	h æ ŋ d	b æ ŋ	b æ ŋ d	h æ ŋ d	0	1	0
string	r a ɪ d	r o ʊ d	r o ʊ d ə d	s a ɪ d	s a ɪ d ə d	r a ɪ d ə d	0	0	0
string	s p ɪ l	s p ɪ l d	s p æ l d	s ɔ ɪ l	s ɔ ɪ l d	s p ɪ l d	1	0	1
string	p ɔ r	p ɔ r d	p ɔ r d	ʃ ɔ r	ʃ ɔ r d	p ɔ r d	1	1	1
string	b a ʊ	b a ʊ d	b a ʊ d	v a ʊ	v a ʊ d	b a ʊ d	1	1	1
string	t ʌ t͡ʃ	t ʌ t͡ʃ t	t ʌ t͡ʃ t	t iː t͡ʃ	t ɔ t	NA	1	0	0
string	k ɑː z	k ɑː z d	k ɑː z d	k ɑː n	k ɑː n d	k ɑː z d	1	1	1
string	s t r a ɪ k	s t r ʌ k	s t r a ɪ k t	s t r a ɪ p	s t r a ɪ p t	s t r a ɪ k t	0	1	0
string	h ɹ̩ t	h ɹ̩ t	h ɹ̩ t	h ɪ t	h ɪ t	h ɹ̩ t	0	1	1
string	h iː t	h iː t ə d	h iː t	m iː t	m ɛ t	h ɛ t	1	0	0
string	f l a ʊ ɹ̩	f l a ʊ ɹ̩ d	f l a ʊ ɹ̩ d	ə l a ʊ	ə l a ʊ d	f l a ʊ ɹ̩ d	1	1	1
string	k l o ʊ z	k l o ʊ z d	k l o ʊ z d	k o ʊ t	k o ʊ t ə d	k l o ʊ z ə d	1	0	0
string	m a ɪ n	m a ɪ n d	m a ɪ n d	ʃ a ɪ n	ʃ a ɪ n d	m a ɪ n d	1	1	1
string	v ɪ z ɪ t	v ɪ z ɪ t ə d	v ɪ z ɪ t ə d	ɛ ɡ z ɪ t	ɛ ɡ z ɪ t ə d	v ɪ z ɪ t ə d	1	1	1
string	t e ɪ s t	t e ɪ s t ə d	t e ɪ s t ə d	w e ɪ s t	w e ɪ s t ə d	t e ɪ s t ə d	1	1	1
string	b ʌ t ɹ̩	b ʌ t ɹ̩ d	b ʌ t ɹ̩ d	b ɛ t ɹ̩	b ɛ t ɹ̩ d	b ʌ t ɹ̩ d	1	1	1
string	m e ɪ l	m e ɪ l d	m e ɪ l d	d͡ʒ e ɪ l	d͡ʒ e ɪ l d	m e ɪ l d	1	1	1
string	d ɪ ŋ	d ɪ ŋ d	d ɪ ŋ d	d ɪ ɡ	d ʌ ɡ	NA	1	0	0
string	s t ɑː p	s t ɑː p t	s t ɑː p t	s t ɑː k	s t ɑː k t	s t ɑː p t	1	1	1
string	ɪ k s a ɪ t	ɪ k s a ɪ t ə d	ɪ k s a ɪ t ə d	ɪ k s ɛ p t	ɪ k s ɛ p t ə d	ɪ k s a ɪ t ə d	1	1	1
string	f r a ɪ	f r a ɪ d	f r a ɪ d	d r a ɪ	d r a ɪ d	f r a ɪ d	1	1	1
string	s p iː k	s p o ʊ k	s p ɛ k t	p iː k	p iː k t	s p iː k t	0	0	0
string	s k r æ m b ə l	s k r æ m b ə l d	s k r æ m b ə l d	k r ʌ m b ə l	k r ʌ m b ə l d	s k r æ m b ə l d	1	1	1
string	t͡ʃ ɛ k	t͡ʃ ɛ k t	t͡ʃ ɛ k t	n ɛ k	n ɛ k t	t͡ʃ ɛ k t	1	1	1
string	n ʌ m b ɹ̩	n ʌ m b ɹ̩ d	n ʌ m b ɹ̩ d	k ʌ v ɹ̩	k ʌ v ɹ̩ d	n ʌ m b ɹ̩ d	1	1	1
string	b ɛ n d	b ɛ n d ə d	b ɛ n d ə d	l ɛ n d	l ɛ n t	b ɛ n t	1	0	0
string	t ɔ s	t ɔ s t	t ɔ s t	t ɔ k	t ɔ k t	t ɔ s t	1	1	1
string	w ɪ s p ɹ̩	w ɪ s p ɹ̩ d	w ɪ s p ɹ̩ d	z ɪ p ɹ̩	z ɪ p ɹ̩ d	w ɪ s p ɹ̩ d	1	1	1
string	a ɪ	a ɪ d	a ɪ d	d a ɪ	d a ɪ d	a ɪ d	1	1	1
string	p ɑː p	p ɑː p t	p ɑː p t	p uː p	p uː p t	p ɑː p t	1	1	1
string	ɪ ɡ z ɔ s t	ɪ ɡ z ɔ s t ə d	ɪ ɡ z ɔ s t ə d	ɪ ɡ z ɹ̩ t	ɪ ɡ z ɹ̩ t ə d	ɪ ɡ z ɔ s t ə d	1	1	1
string	b ɪ l d	b ɪ l t	b ɪ l d ə d	b l ʌ d	b l ʌ d ə d	b ɪ l d ə d	0	1	0
string	w ʌ n d ɹ̩	w ʌ n d ɹ̩ d	w ʌ n d ɹ̩ d	w ɑː n d ɹ̩	w ɑː n d ɹ̩ d	w ʌ n d ɹ̩ d	1	1	1
string	k r æ k	k r æ k t	k r æ k t	k r æ ʃ	k r æ ʃ t	k r æ k t	1	1	1
string	n ɪ b ə l	n ɪ b ə l d	n ɪ b ə l d	ɛ n e ɪ b ə l	ɛ n e ɪ b ə l d	n ɪ b ə l d	1	1	1
string	d ɪ l ɪ v ɹ̩	d ɪ l ɪ v ɹ̩ d	d ɪ l ɪ v ɹ̩ d	d ɪ s k ʌ v ɹ̩	d ɪ s k ʌ v ɹ̩ d	d ɪ l ɪ v ɹ̩ d	1	1	1
string	s k ɛ r	s k ɛ r d	s k ɛ r d	s p ɛ r	s p ɛ r d	s k ɛ r d	1	1	1
string	ɔ f ɹ̩	ɔ f ɹ̩ d	ɔ f ɹ̩ d	ɔ θ ɹ̩	ɔ θ ɹ̩ d	ɔ f ɹ̩ d	1	1	1
string	f l ɑː p	f l ɑː p t	f l ɑː p t	p l ɑː p	p l ɑː p t	f l ɑː p t	1	1	1
string	ə p o ʊ z	ə p o ʊ z d	ə p o ʊ z d	s ə p o ʊ z	s ə p o ʊ z d	ə p o ʊ z d	1	1	1
string	k ʌ l ɹ̩	k ʌ l ɹ̩ d	k ʌ l ɹ̩ d	k ʌ v ɹ̩	k ʌ v ɹ̩ d	k ʌ l ɹ̩ d	1	1	1
string	k æ m p	k æ m p t	k æ m p t	k æ p	k æ p t	k æ m p t	1	1	1
string	s ɛ l	s o ʊ l d	s ɛ l d	s p ɛ l	s p ɛ l d	s ɛ l d	0	1	0
string	f l æ p	f l æ p t	f l æ p t	f l æ ʃ	f l æ ʃ t	f l æ p t	1	1	1
string	p r ɛ s	p r ɛ s t	p r ɛ s t	d r ɛ s	d r ɛ s t	p r ɛ s t	1	1	1
string	f ɪ l	f ɪ l d	f ɪ l d	f a ɪ l	f a ɪ l d	f ɪ l d	1	1	1
string	b r æ n t͡ʃ	b r æ n t͡ʃ t	b r æ n t͡ʃ t	k r ʌ n t͡ʃ	k r ʌ n t͡ʃ t	b r æ n t͡ʃ t	1	1	1
string	t a ɪ t ə n	t a ɪ t ə n d	t a ɪ t ə n d	f r a ɪ t ə n	f r a ɪ t ə n d	t a ɪ t ə n d	1	1	1
string	k æ p t ɪ v e ɪ t	k æ p t ɪ v e ɪ t ə d	k æ p t ɪ v e ɪ t ə d	v ɛ n t ɪ l e ɪ t	v ɛ n t ɪ l e ɪ t ə d	k æ p t ɪ v e ɪ t ə d	1	1	1
string	t o ʊ s t	t o ʊ s t ə d	t o ʊ s t ə d	r o ʊ s t	r o ʊ s t ə d	t o ʊ s t ə d	1	1	1
string	d ɪ s ə p iː r	d ɪ s ə p iː r d	d ɪ s ə p iː r d	ə p iː r	ə p iː r d	d ɪ s ə p iː r d	1	1	1
string	b ɛ r	b o ʊ r	b ɛ r d	k ɛ r	k ɛ r d	b ɛ r d	0	1	0
string	b ɛ r iː	b ɛ r iː d	b ɛ r iː d	h ɛ r iː	h ɛ r iː d	b ɛ r iː d	1	1	1
string	s n iː k	s n iː k t	s n iː k t	s iː k	s ɔ t	s n ɔ t	1	0	0
string	l ʌ n t͡ʃ	l ʌ n t͡ʃ t	l ʌ n t͡ʃ t	b ʌ n t͡ʃ	b ʌ n t͡ʃ t	l ʌ n t͡ʃ t	1	1	1
string	m ɛ m ɹ̩ a ɪ z	m ɛ m ɹ̩ a ɪ z d	m ɛ m ɹ̩ a ɪ z d	ɛ k s ɹ̩ s a ɪ z	ɛ k s ɹ̩ s a ɪ z d	m ɛ m ɹ̩ a ɪ z d	1	1	1
string	h a ɪ d	h ɪ d	h a ɪ d ə d	ɡ a ɪ d	ɡ a ɪ d ə d	h a ɪ d ə d	0	1	0
string	w iː l	w iː l d	w iː l d	s iː l	s iː l d	w iː l d	1	1	1
string	p æ t	p æ t ə d	p æ t ə d	p ɑː t	p ɑː t ə d	p æ t ə d	1	1	1
string	s k æ m p ɹ̩	s k æ m p ɹ̩ d	s k æ m p ɹ̩ d	s k a ʊ ɹ̩	s k a ʊ ɹ̩ d	s k æ m p ɹ̩ d	1	1	1
string	p iː r	p iː r d	p iː r d	ə p iː r	ə p iː r d	p iː r d	1	1	1
string	ʃ æ m p uː	ʃ æ m p uː d	ʃ æ m p uː d	θ ʌ m p	θ ʌ m p t	ʃ æ m p uː t	1	0	0
string	r e ɪ s	r e ɪ s t	r e ɪ s t	l e ɪ s	l e ɪ s t	r e ɪ s t	1	1	1
string	s t r ɛ t͡ʃ	s t r ɛ t͡ʃ t	s t r ɛ t͡ʃ t	s t r ɛ s	s t r ɛ s t	s t r ɛ t͡ʃ t	1	1	1
string	k ə l æ p s	k ə l æ p s t	k ə l æ p s t	k l æ s	k l æ s t	k ə l æ p s t	1	1	1
string	d r ɪ f t	d r ɪ f t ə d	d r ɪ f t ə d	l ɪ f t	l ɪ f t ə d	d r ɪ f t ə d	1	1	1
string	s t æ b	s t æ b d	s t æ b d	s t æ k	s t æ k t	s t æ b t	1	0	0
string	t͡ʃ uː	t͡ʃ uː d	t͡ʃ uː d	s uː	s uː d	t͡ʃ uː d	1	1	1
string	b ʌ b ə l	b ʌ b ə l d	b ʌ b ə l d	b æ b ə l	b æ b ə l d	b ʌ b ə l d	1	1	1
string	s a ʊ ɹ̩	s a ʊ ɹ̩ d	s a ʊ ɹ̩ d	ʃ a ʊ ɹ̩	ʃ a ʊ ɹ̩ d	s a ʊ ɹ̩ d	1	1	1
string	s t æ m p	s t æ m p t	s t æ m p t	s t ɑː m p	s t ɑː m p t	s t æ m p t	1	1	1
string	d͡ʒ ɹ̩ k	d͡ʒ ɹ̩ k t	d͡ʒ ɹ̩ k t	w ɹ̩ k	w ɹ̩ k t	d͡ʒ ɹ̩ k t	1	1	1
string	s ɔ	s ɔ d	s ɔ d	θ ɔ	θ ɔ d	s ɔ d	1	1	1
string	f l ɪ p	f l ɪ p t	f l ɪ p t	s l ɪ p	s l ɪ p t	f l ɪ p t	1	1	1
string	h iː l	h iː l d	h iː l d	p iː l	p iː l d	h iː l d	1	1	1
string	s k r iː m	s k r iː m d	s k r iː m d	k r iː m	k r iː m d	s k r iː m d	1	1	1
string	h ʊ k	h ʊ k t	h ʊ k t	l ʊ k	l ʊ k t	h ʊ k t	1	1	1
string	p ɪ t	p ɪ t ə d	p ɪ t	p ʊ t	p ʊ t	p ɪ t	1	1	0
string	t r ʌ b ə l	t r ʌ b ə l d	t r ʌ b ə l d	r ʌ f ə l	r ʌ f ə l d	t r ʌ b ə l d	1	1	1
string	ɪ m p r ə v a ɪ z	ɪ m p r ə v a ɪ z d	ɪ m p r ə v a ɪ z d	p r ə v a ɪ d	p r ə v a ɪ d ə d	ɪ m p r ə v a ɪ z ə d	1	0	0
string	n e ɪ l	n e ɪ l d	n e ɪ l d	s e ɪ l	s e ɪ l d	n e ɪ l d	1	1	1
string	b a ɪ k	b a ɪ k t	b a ɪ k t	h a ɪ k	h a ɪ k t	b a ɪ k t	1	1	1
string	l ɑː k	l ɑː k t	l ɑː k t	b l ɑː k	b l ɑː k t	l ɑː k t	1	1	1
string	r ɛ s t	r ɛ s t ə d	r ɛ s t ə d	b ɛ s t	b ɛ s t ə d	r ɛ s t ə d	1	1	1
string	b iː p	b iː p t	b iː p t	b iː t	b iː t	b iː p	1	0	0
string	s ɪ p	s ɪ p t	s ɪ p t	d ɪ p	d ɪ p t	s ɪ p t	1	1	1
string	ɪ s k e ɪ p	ɪ s k e ɪ p t	ɪ s e ɪ p e ɪ p t ɪ d	s k e ɪ t	s k e ɪ t ə d	ɪ s k e ɪ p ə d	1	0	0
string	k ə n t r o ʊ l	k ə n t r o ʊ l d	k ə n t r o ʊ l d	s t r o ʊ l	s t r o ʊ l d	k ə n t r o ʊ l d	1	1	1
string	h ʌ d ə l	h ʌ d ə l d	h ʌ d ə l d	k ʌ d ə l	k ʌ d ə l d	h ʌ d ə l d	1	1	1
string	s w uː ʃ	s w uː ʃ t	s w uː ʃ t	s w ɪ ʃ	s w ɪ ʃ t	s w uː ʃ t	1	1	1
string	f a ɪ n d	f a ʊ n d	f a ɪ n d ə d	m a ɪ n d	m a ɪ n d ə d	f a ɪ n d ə d	0	1	0
string	k ɔ ɪ l	k ɔ ɪ l d	k ɔ ɪ l d	k ɪ l	k ɪ l d	k ɔ ɪ l d	1	1	1
string	r ə f ɹ̩	r ə f ɹ̩ d	r ə f ɹ̩ d	s ʌ f ɹ̩	s ʌ f ɹ̩ d	r ə f ɹ̩ d	1	1	1
string	ʃ e ɪ v	ʃ e ɪ v d	ʃ e ɪ v d	w e ɪ v	w e ɪ v d	ʃ e ɪ v d	1	1	1
string	d ɪ s k r a ɪ b	d ɪ s k r a ɪ b d	d ɪ s k r a ɪ b d	d ɪ s t r ɔ ɪ	d ɪ s t r ɔ ɪ d	d ɪ s k r a ɪ b d	1	1	1
string	p r iː z ɛ n t	p r iː z ɛ n t ə d	p r iː z ɛ n t ə d	p r ɪ v ɛ n t	p r ɪ v ɛ n t ə d	p r iː z ɛ n t ə d	1	1	1
string	ɪ ɡ z ɪ s t	ɪ ɡ z ɪ s t ə d	ɪ ɡ z ɪ s t ə d	ɪ n s ɪ s t	ɪ n s ɪ s t ə d	ɪ ɡ z ɪ s t ə d	1	1	1
string	b ɔ r	b ɔ r d	b ɔ r d	s ɔ r	s ɔ r d	b ɔ r d	1	1	1
string	uː z	uː z d	uː z uː z d	j uː z	j uː z d	uː z d	1	0	1
string	r ɑː b	r ɑː b d	r ɑː b d	r ɑː k	r ɑː k t	r ɑː b t	1	0	0
string	t r æ p	t r æ p t	t r æ p t	s t r æ p	s t r æ p t	t r æ p t	1	1	1
string	b æ ʃ	b æ ʃ t	b æ ʃ t	m æ ʃ	m æ ʃ t	b æ ʃ t	1	1	1
string	æ k t	æ k t ə d	æ k t ə d	b uː t	b uː t ə d	æ k t ə d	1	1	1
string	s t o ʊ n	s t o ʊ n d	s t o ʊ n d	t o ʊ	t o ʊ d	s t o ʊ n d	1	1	1
string	f l ɪ ŋ	f l ʌ ŋ	f l ʌ ŋ	k l ɪ ŋ	k l ʌ ŋ	f l ʌ ŋ	0	1	1
string	k w ɪ t	k w ɪ t	k w ɪ t	k w ɪ z	k w ɪ z d	k w ɪ t d	0	0	0
string	p r ə f ɹ̩	p r ə f ɹ̩ d	p r ə f ɹ̩ d	p r uː v	p r uː v d	p r ə f ɹ̩ d	1	1	1
string	ə n l ɑː k	ə n l ɑː k t	ə n l ɑː k t	b l ɑː k	b l ɑː k t	ə n l ɑː k t	1	1	1
string	m æ n ə d͡ʒ	m æ n ə d͡ʒ d	m æ n ə d͡ʒ d	t͡ʃ æ n ə l	t͡ʃ æ n ə l d	m æ n ə d͡ʒ d	1	1	1
string	s ɛ n t ɹ̩	s ɛ n t ɹ̩ d	s ɛ n t ɹ̩ d	ɛ n t ɹ̩	ɛ n t ɹ̩ d	s ɛ n t ɹ̩ d	1	1	1
string	s p ɑː t	s p ɑː t ə d	s p ɑː t ə d	p ɑː t	p ɑː t ə d	s p ɑː t ə d	1	1	1
string	m o ʊ	m o ʊ d	m o ʊ d	n o ʊ	n uː	m uː	1	0	0
string	t æ t uː	t æ t uː d	t æ t uː d	t æ l iː	t æ l iː d	t æ t uː d	1	1	1
string	s a ɪ z	s a ɪ z d	s a ɪ z	r a ɪ z	r o ʊ z	s o ʊ z	1	0	0
string	p ɹ̩ f ɛ k t	p ɹ̩ f ɛ k t ə d	p ɹ̩ f ɛ k t ə d	k ɹ̩ ɛ k t	k ɹ̩ ɛ k t ə d	p ɹ̩ f ɛ k t ə d	1	1	1
string	t r e ɪ n	t r e ɪ n d	t r e ɪ n d	r e ɪ n	r e ɪ n d	t r e ɪ n d	1	1	1
string	p ʌ n ɪ ʃ	p ʌ n ɪ ʃ t	p ʌ n ɪ ʃ t	f ɪ n ɪ ʃ	f ɪ n ɪ ʃ t	p ʌ n ɪ ʃ t	1	1	1
string	l uː s	l uː s t	l uː s t	l uː z	l ɔ s t	NA	1	0	0
string	t ɑː p ə l	t ɑː p ə l d	t ɑː p ə l d	b ɑː t ə l	b ɑː t ə l d	t ɑː p ə l d	1	1	1
string	s k r æ p	s k r æ p t	s k r æ p t	s k r æ t͡ʃ	s k r æ t͡ʃ t	s k r æ p t	1	1	1
string	k r æ m	k r æ m d	k r æ m d	k r æ ʃ	k r æ ʃ t	k r æ m t	1	0	0
string	p ɪ t͡ʃ	p ɪ t͡ʃ t	p ɪ t͡ʃ t	p ɪ n t͡ʃ	p ɪ n t͡ʃ t	p ɪ t͡ʃ t	1	1	1
string	s m æ ʃ	s m æ ʃ t	s m æ ʃ t	s m æ k	s m æ k t	s m æ ʃ t	1	1	1
string	f e ɪ l	f e ɪ l d	f e ɪ l d	f a ɪ l	f a ɪ l d	f e ɪ l d	1	1	1
string	b l o ʊ t	b l o ʊ t ə d	b l o ʊ t ə d	b l o ʊ	b l uː	NA	1	0	0
string	s k w iː k	s k w iː k t	s k w iː k t	s k w iː z	s k w iː z d	s k w iː k d	1	0	0
string	s k ɹ̩ t	s k ɹ̩ t ə d	s k ɹ̩ t ə d	s k w ɹ̩ t	s k w ɹ̩ t ə d	s k ɹ̩ t ə d	1	1	1
string	b l ɪ ŋ k	b l ɪ ŋ k t	b l ʌ ŋ k	θ ɪ ŋ k	θ ɔ t	b l ɔ t	1	0	0
string	w æ ɡ	w æ ɡ d	w æ ɡ d	t æ ɡ	t æ ɡ d	w æ ɡ d	1	1	1
string	h æ t͡ʃ	h æ t͡ʃ t	h æ t͡ʃ t	m æ t͡ʃ	m æ t͡ʃ t	h æ t͡ʃ t	1	1	1
string	h a ʊ z	h a ʊ z d	h a ʊ z d	s a ʊ	s a ʊ d	h a ʊ z d	1	1	1
string	w ɑː f ə l	w ɑː f ə l d	w ɑː f ə l d	w ɑː b ə l	w ɑː b ə l d	w ɑː f ə l d	1	1	1
string	b ʌ t ə n	b ʌ t ə n d	b ʌ t ə n d	b ɑː t ə m	b ɑː t ə m d	b ʌ t ə n d	1	1	1
string	k ɹ̩ iː n	k ɹ̩ iː n d	k ɹ̩ iː n d	k l iː n	k l iː n d	k ɹ̩ iː n d	1	1	1
string	s t r ɪ p	s t r ɪ p t	s t r ɪ p t	s t r æ p	s t r æ p t	s t r ɪ p t	1	1	1
string	p r a ɪ z	p r a ɪ z d	p r a ɪ z d	ə r a ɪ z	ə r o ʊ z	p r o ʊ z	1	0	0
string	k ə n f j uː z	k ə n f j uː z d	k ə n f j uː z d	k ə n f ɹ̩	k ə n f ɹ̩ d	k ə n f j uː z d	1	1	1
string	p l ʌ ɡ	p l ʌ ɡ d	p l ʌ ɡ d	p l ʌ k	p l ʌ k t	p l ʌ ɡ t	1	0	0
string	k ɹ̩ s	k ɹ̩ s t	k ɹ̩ s t	k ɪ s	k ɪ s t	k ɹ̩ s t	1	1	1
string	f e ɪ n t	f e ɪ n t ə d	f e ɪ n t ə d	p e ɪ n t	p e ɪ n t ə d	f e ɪ n t ə d	1	1	1
string	r iː p l e ɪ s	r iː p l e ɪ s t	r iː p l e ɪ s t	r iː p e ɪ	r iː p e ɪ d	r iː p l e ɪ s d	1	0	0
string	ɡ ɑː r d	ɡ ɑː r d ə d	ɡ ɑː r d ə d	b ɑː r k	b ɑː r k t	ɡ ɑː r d t	1	0	0
string	ɡ l ʌ v	ɡ l ʌ v d	ɡ l ʌ v d	l ʌ v	l ʌ v d	ɡ l ʌ v d	1	1	1
string	s ɔ l t	s ɔ l t ə d	s ɔ l t ə d	s ɔ r t	s ɔ r t ə d	s ɔ l t ə d	1	1	1
string	s t ɛ r	s t ɛ r d	s t ɛ r d	s t ɛ p	s t ɛ p t	s t ɛ r t	1	0	0
string	k ə m b a ɪ n	k ə m b a ɪ n d	k ə m b a ɪ n d	k ə l a ɪ d	k ə l a ɪ d ə d	k ə m b a ɪ n ə d	1	0	0
string	f r ʌ n t	f r ʌ n t ə d	f r ʌ n t ə d	ɡ r ʌ n t	ɡ r ʌ n t ə d	f r ʌ n t ə d	1	1	1
string	ɡ ɑː r b ə l	ɡ ɑː r b ə l d	ɡ ɑː r b ə l d	ɡ ɑː b ə l	ɡ ɑː b ə l d	ɡ ɑː r b ə l d	1	1	1
string	p æ m p ɹ̩	p æ m p ɹ̩ d	p æ m p ɹ̩ d	h æ m ɹ̩	h æ m ɹ̩ d	p æ m p ɹ̩ d	1	1	1
string	f iː r	f iː r d	f ɛ r d	f iː d	f ɛ d	NA	1	0	0
string	ʃ ʌ v ə l	ʃ ʌ v ə l d	ʃ ʌ v ə l d	ʃ ʌ f ə l	ʃ ʌ f ə l d	ʃ ʌ v ə l d	1	1	1
string	s k ɛ d͡ʒ ʊ l	s k ɛ d͡ʒ ʊ l d	s k ɛ d͡ʒ d ɪ d͡ʒ d	s k a ʊ ɹ̩	s k a ʊ ɹ̩ d	s k ɛ d͡ʒ ʊ l d	1	0	1
string	f l ʌ t ɹ̩	f l ʌ t ɹ̩ d	f l ʌ t ɹ̩ d	k l ʌ t ɹ̩	k l ʌ t ɹ̩ d	f l ʌ t ɹ̩ d	1	1	1
string	s p ɑː r k ə l	s p ɑː r k ə l d	s p ɑː r k ə l d	s n ɑː r ə l	s n ɑː r ə l d	s p ɑː r k ə l d	1	1	1
string	r ɪ s p ɑː n d	r ɪ s p ɑː n d ə d	r ɪ s p ɑː n d ə d	s ə s p ɛ n d	s ə s p ɛ n d ə d	r ɪ s p ɑː n d ə d	1	1	1
string	t æ t ɹ̩	t æ t ɹ̩ d	t æ t ɹ̩ d	t iː t ɹ̩	t iː t ɹ̩ d	t æ t ɹ̩ d	1	1	1
string	p ɑː k ə t	p ɑː k ə t ə d	p ɑː k ə t ə d	r ɑː k ə t	r ɑː k ə t ə d	p ɑː k ə t ə d	1	1	1
string	d͡ʒ æ ŋ ɡ ə l	d͡ʒ æ ŋ ɡ ə l d	d͡ʒ æ ŋ ɡ ə l d	d æ ŋ ɡ ə l	d æ ŋ ɡ ə l d	d͡ʒ æ ŋ ɡ ə l d	1	1	1
string	p iː p	p iː p t	p iː p t	k iː p	k ɛ p t	p ɛ p t	1	0	0
string	æ k s ɛ s ɹ̩ a ɪ z	æ k s ɛ s ɹ̩ a ɪ z d	æ k s ə s ɹ̩ a ɪ z d	ɛ k s ɹ̩ s a ɪ z	ɛ k s ɹ̩ s a ɪ z d	æ k s ɛ s ɹ̩ a ɪ z d	1	0	1
string	r ɛ d͡ʒ ɪ s t ɹ̩	r ɛ d͡ʒ ɪ s t ɹ̩ d	r ɛ d͡ʒ ɪ s t ɹ̩ d	p ɛ s t ɹ̩	p ɛ s t ɹ̩ d	r ɛ d͡ʒ ɪ s t ɹ̩ d	1	1	1
string	ɡ l o ʊ	ɡ l o ʊ d	ɡ l o ʊ d	f l o ʊ	f l o ʊ d	ɡ l o ʊ d	1	1	1
string	k ɑː m ɛ n t	k ɑː m ɛ n t ə d	k ɑː m ɛ n t ə d	m ɛ n d	m ɛ n d ə d	k ɑː m ɛ n t ə d	1	1	1
string	r ə f j uː z	r ə f j uː z d	r ə f j uː z d	j uː z	j uː z d	r ə f j uː z d	1	1	1
string	w ɛ d	w ɛ d	w ɛ d ə d	ʃ ɛ d	ʃ ɛ d ə d	w ɛ d ə d	0	1	0
string	d a ʊ n	d a ʊ n d	d a ʊ n d	d r a ʊ n	d r a ʊ n d	d a ʊ n d	1	1	1
string	t͡ʃ ɪ p	t͡ʃ ɪ p t	t͡ʃ ɪ p t	t͡ʃ ɑː p	t͡ʃ ɑː p t	t͡ʃ ɪ p t	1	1	1
string	d ɹ̩ ɛ k t	d ɹ̩ ɛ k t ə d	d ɹ̩ ɛ k t ə d	k ɹ̩ ɛ k t	k ɹ̩ ɛ k t ə d	d ɹ̩ ɛ k t ə d	1	1	1
string	d ɪ f ɛ n d	d ɪ f ɛ n d ə d	d ɪ f ɛ n d ə d	d ɪ p ɛ n d	d ɪ p ɛ n d ə d	d ɪ f ɛ n d ə d	1	1	1
string	p a ʊ n d	p a ʊ n d ə d	p a ʊ n d ə d	r a ʊ n d	r a ʊ n d ə d	p a ʊ n d ə d	1	1	1
string	d r e ɪ p	d r e ɪ p t	d r e ɪ p t	d r ɪ p	d r ɪ p t	d r e ɪ p t	1	1	1
string	k ə n t e ɪ n	k ə n t e ɪ n d	k ə n t e ɪ n d	k ə n t ɪ n j uː	k ə n t ɪ n j uː d	k ə n t e ɪ n d	1	1	1
string	s iː z ə n	s iː z ə n d	s iː z ə n d	s w iː t ə n	s w iː t ə n d	s iː z ə n d	1	1	1
string	k r a ʊ t͡ʃ	k r a ʊ t͡ʃ t	k r a ʊ t͡ʃ t	k r a ʊ d	k r a ʊ d ə d	k r a ʊ t͡ʃ ə d	1	0	0
string	h ɪ p n ə t a ɪ z	h ɪ p n ə t a ɪ z d	h ɪ p ə t ə d	v ɪ ʒ w ə l a ɪ z	v ɪ ʒ w ə l a ɪ z d	h ɪ p n ə t a ɪ z d	1	0	1
string	k ə n d ɛ n s	k ə n d ɛ n s t	k ə n d ɛ n s t	k ə n v ɪ n s	k ə n v ɪ n s t	k ə n d ɛ n s t	1	1	1
string	k r æ ŋ k	k r æ ŋ k t	k r æ ŋ k t	f r æ ŋ k	f r æ ŋ k t	k r æ ŋ k t	1	1	1
string	k l a ʊ d	k l a ʊ d ə d	k l a ʊ d ə d	k r a ʊ d	k r a ʊ d ə d	k l a ʊ d ə d	1	1	1
string	r e ɪ d	r e ɪ d ə d	r e ɪ d ə d	r e ɪ	r e ɪ d	r e ɪ d d	1	0	0
string	f ɪ l t ɹ̩	f ɪ l t ɹ̩ d	f ɪ l t ɹ̩ d	t ɪ l t	t ɪ l t ə d	f ɪ l t ɹ̩ ə d	1	0	0
string	t æ ŋ ɡ ə l	t æ ŋ ɡ ə l d	t æ ŋ ɡ ə l d	d æ ŋ ɡ ə l	d æ ŋ ɡ ə l d	t æ ŋ ɡ ə l d	1	1	1
string	p l æ s t ɹ̩	p l æ s t ɹ̩ d	p l æ s t ɹ̩ d	p ɛ s t ɹ̩	p ɛ s t ɹ̩ d	p l æ s t ɹ̩ d	1	1	1
string	ʃ e ɪ d	ʃ e ɪ d ə d	ʃ e ɪ d ə d	ʃ e ɪ p	ʃ e ɪ p t	ʃ e ɪ d t	1	0	0
string	t r ʌ s t	t r ʌ s t ə d	t r ʌ s t ə d	t ɛ s t	t ɛ s t ə d	t r ʌ s t ə d	1	1	1
string	s æ n d	s æ n d ə d	s æ n d ə d	s t æ n d	s t ʊ d	s ʊ d	1	0	0
string	d ɪ z ɑː l v	d ɪ z ɑː l v d	d ɪ z ɑː l v d	d ɪ z ɹ̩ v	d ɪ z ɹ̩ v d	d ɪ z ɑː l v d	1	1	1
string	r æ k	r æ k t	r æ k t	t r æ k	t r æ k t	r æ k t	1	1	1
string	ʃ ɛ l	ʃ ɛ l d	ʃ ɛ l d	ʃ ɛ d	ʃ ɛ d ə d	ʃ ɛ l ə d	1	0	0
string	s w ɑː p	s w ɑː p t	s w ɑː p t	s w iː p	s w ɛ p t	NA	1	0	0
string	r iː l iː s	r iː l iː s t	r iː l iː s t	r iː s iː l	r iː s iː l d	r iː l iː s d	1	0	0
string	r e ɪ k	r e ɪ k t	r e ɪ k t	f e ɪ k	f e ɪ k t	r e ɪ k t	1	1	1
string	k æ n s ə l	k æ n s ə l d	k æ n s ə l d	h æ n d ə l	h æ n d ə l d	k æ n s ə l d	1	1	1
string	s p a ɪ	s p a ɪ d	s p a ɪ d	s p a ɪ s	s p a ɪ s t	s p a ɪ t	1	0	0
string	f j uː m	f j uː m d	f j uː m d	b uː m	b uː m d	f j uː m d	1	1	1
string	p r iː p ɛ r	p r iː p ɛ r d	p r iː p ɛ p t	s p ɛ r	s p ɛ r d	p r iː p ɛ r d	1	0	1
string	d ɪ s p o ʊ z	d ɪ s p o ʊ z d	d ɪ s p o ʊ z d	d ɪ s ɡ a ɪ z	d ɪ s ɡ a ɪ z d	d ɪ s p o ʊ z d	1	1	1
string	k ə n d ʌ k t	k ə n d ʌ k t ə d	k ə n d ʌ k t ə d	k ə n ɛ k t	k ə n ɛ k t ə d	k ə n d ʌ k t ə d	1	1	1
string	s t ɪ ŋ k	s t ʌ ŋ k	s t ʌ ŋ k t	s ɪ ŋ k	s æ ŋ k	s t æ ŋ k	0	0	0
string	d r e ɪ n	d r e ɪ n d	d r e ɪ n d	r e ɪ n	r e ɪ n d	d r e ɪ n d	1	1	1
string	ə n p l ʌ ɡ	ə n p l ʌ ɡ d	ə n p l ʌ l d	s l ʌ ɡ	s l ʌ ɡ d	ə n p l ʌ ɡ d	1	0	1
string	h æ l o ʊ	h æ l o ʊ d	h æ l o ʊ d	f ɑː l o ʊ	f ɑː l o ʊ d	h æ l o ʊ d	1	1	1
string	ɪ n t ɹ̩ æ k t	ɪ n t ɹ̩ æ k t ə d	ɪ n t ɹ̩ æ k t ə d	ɪ n t ɹ̩ d͡ʒ ɛ k t	ɪ n t ɹ̩ d͡ʒ ɛ k t ə d	ɪ n t ɹ̩ æ k t ə d	1	1	1
string	ə b s ɛ s	ə b s ɛ s t	ə b s ɛ s t	b l ɛ s	b l ɛ s t	ə b s ɛ s t	1	1	1
string	s n æ t͡ʃ	s n æ t͡ʃ t	s n æ t͡ʃ t	s n æ k	s n æ k t	s n æ t͡ʃ t	1	1	1
string	t æ p	t æ p t	t æ p t	r æ p	r æ p t	t æ p t	1	1	1
string	t r æ ʃ	t r æ ʃ t	t r æ ʃ t	k r æ ʃ	k r æ ʃ t	t r æ ʃ t	1	1	1
string	ʃ ɪ v ɹ̩	ʃ ɪ v ɹ̩ d	ʃ ɪ v ɹ̩ d	ʃ ɪ p	ʃ ɪ p t	ʃ ɪ v ɹ̩ t	1	0	0
string	r iː f ɪ l	r iː f ɪ l d	r iː f ɪ l d	r ʌ f ə l	r ʌ f ə l d	r iː f ɪ l d	1	1	1
string	d ʌ b	d ʌ b d	d ʌ b d	r ʌ b	r ʌ b d	d ʌ b d	1	1	1
string	r ɪ p ɛ r	r ɪ p ɛ r d	r ɪ p ɛ p t	r ɪ p iː t	r ɪ p iː t ə d	r ɪ p ɛ r ə d	1	0	0
string	s t e ɪ k	s t e ɪ k t	s t e ɪ k t	t e ɪ k	t ʊ k	s t ʊ k	1	0	0
string	ɛ r	ɛ r d	ɛ r d	p ɛ r	p ɛ r d	ɛ r d	1	1	1
string	t r ʌ m p ə t	t r ʌ m p ə t ə d	t r ʌ m p ə t ə d	t r æ m p ə l	t r æ m p ə l d	t r ʌ m p ə t d	1	0	0
string	k l ɑː ɡ	k l ɑː ɡ d	k l ɑː ɡ d	k l ɑː k	k l ɑː k t	k l ɑː ɡ t	1	0	0
string	p a ʊ ɹ̩	p a ʊ ɹ̩ d	p a ʊ ɹ̩ d	p a ʊ t	p a ʊ t ə d	p a ʊ ɹ̩ ə d	1	0	0
string	ɪ ɡ z ɪ b ɪ t	ɪ ɡ z ɪ b ɪ t ə d	ɪ ɡ z ɪ b ɪ t ə d	ɪ ɡ z ɹ̩ t	ɪ ɡ z ɹ̩ t ə d	ɪ ɡ z ɪ b ɪ t ə d	1	1	1
string	e ɪ d͡ʒ	e ɪ d͡ʒ d	e ɪ d͡ʒ d	e ɪ m	e ɪ m d	e ɪ d͡ʒ d	1	1	1
string	t e ɪ b ə l	t e ɪ b ə l d	t e ɪ b ə l d	l e ɪ b ə l	l e ɪ b ə l d	t e ɪ b ə l d	1	1	1
string	r ɪ s p ɛ k t	r ɪ s p ɛ k t ə d	r ɪ s p ɛ k t ə d	ɪ k s p ɛ k t	ɪ k s p ɛ k t ə d	r ɪ s p ɛ k t ə d	1	1	1
string	m æ k s	m æ k s t	m æ k s t	m ɪ k s	m ɪ k s t	m æ k s t	1	1	1
string	ɛ n æ k t	ɛ n æ k t ə d	ɛ n æ k t ə d	s n æ k	s n æ k t	ɛ n æ k t t	1	0	0
string	m ɑː d ə f a ɪ	m ɑː d ə f a ɪ d	m ɑː d v ə f a ɪ	d ɪ f a ɪ n	d ɪ f a ɪ n d	m ɑː d ə f a ɪ d	1	0	1
string	f iː t͡ʃ ɹ̩	f iː t͡ʃ ɹ̩ d	f iː t͡ʃ ɹ̩ d	f ɛ t͡ʃ	f ɛ t͡ʃ t	f iː t͡ʃ ɹ̩ t	1	0	0
string	w e ɪ l	w e ɪ l d	w e ɪ l d	w e ɪ	w e ɪ d	w e ɪ l d	1	1	1
string	p ɹ̩ s	p ɹ̩ s t	p ɹ̩ s t	p iː s	p iː s t	p ɹ̩ s t	1	1	1
string	l iː f	l iː f t	l iː f t	b iː f	b iː f t	l iː f t	1	1	1
string	p e ɪ p ɹ̩	p e ɪ p ɹ̩ d	p e ɪ p ɹ̩ d	p e ɪ n t	p e ɪ n t ə d	p e ɪ p ɹ̩ ə d	1	0	0
string	r ɪ p ɛ l	r ɪ p ɛ l d	r ɪ p ɛ l d	r ɪ p	r ɪ p t	r ɪ p ɛ l t	1	0	0
string	b l uː m	b l uː m d	b l uː m d	b uː m	b uː m d	b l uː m d	1	1	1
string	b uː s t	b uː s t ə d	b uː s t ə d	b ɛ s t	b ɛ s t ə d	b uː s t ə d	1	1	1
string	d ɪ m æ n d	d ɪ m æ n d ə d	d ɪ m æ n d ə d	d ɪ p ɛ n d	d ɪ p ɛ n d ə d	d ɪ m æ n d ə d	1	1	1
string	k ɪ d n æ p	k ɪ d n æ p t	k ɪ n d	k l æ p	k l æ p t	k ɪ d n æ p t	1	0	1
string	b ɔ ɪ l	b ɔ ɪ l d	b ɔ ɪ l d	b ɔ l	b ɔ l d	b ɔ ɪ l d	1	1	1
string	b r a ɪ b	b r a ɪ b d	b r a ɪ b d	t r a ɪ	t r a ɪ d	b r a ɪ b d	1	1	1
string	a ʊ t r ʌ n	a ʊ t r æ n	a ʊ t r ʌ n d	a ʊ t ɡ r o ʊ	a ʊ t ɡ r uː	NA	0	0	0
string	θ ɪ n	θ ɪ n d	θ ɪ n d	p ɪ n	p ɪ n d	θ ɪ n d	1	1	1
string	f r e ɪ m	f r e ɪ m d	f r e ɪ m d	b l e ɪ m	b l e ɪ m d	f r e ɪ m d	1	1	1
string	f l ʌ f	f l ʌ f t	f l ʌ f t	f l ʌ d	f l ʌ d ə d	f l ʌ f ə d	1	0	0
string	s k r iː t͡ʃ	s k r iː t͡ʃ t	s k r iː t͡ʃ t	s k r æ t͡ʃ	s k r æ t͡ʃ t	s k r iː t͡ʃ t	1	1	1
string	b ɔ r d	b ɔ r d ə d	b ɔ r d ə d	b iː r d	b iː r d ə d	b ɔ r d ə d	1	1	1
string	ɡ l ɪ s ə n	ɡ l ɪ s ə n d	ɡ l ɪ s ə n d	l ɪ s ə n	l ɪ s ə n d	ɡ l ɪ s ə n d	1	1	1
string	p o ʊ z	p o ʊ z d	p o ʊ z d	n o ʊ z	n o ʊ z d	p o ʊ z d	1	1	1
string	h ɑː r n ə s	h ɑː r n ə s t	h ɑː r n ə s t	h ɑː r d ə n	h ɑː r d ə n d	h ɑː r n ə s d	1	0	0
string	ə n f o ʊ l d	ə n f o ʊ l d ə d	ə n f o ʊ l d ə d	f o ʊ l d	f o ʊ l d ə d	ə n f o ʊ l d ə d	1	1	1
string	t w iː k	t w iː k t	t w iː k t	t ɔ k	t ɔ k t	t w iː k t	1	1	1
string	s ɹ̩ v a ɪ v	s ɹ̩ v a ɪ v d	s ɹ̩ v a ɪ v d	s ɹ̩ v ɪ s	s ɹ̩ v ɪ s t	s ɹ̩ v a ɪ v t	1	0	0
string	f ɹ̩ b ɪ d	f ɹ̩ b e ɪ d	f ɹ̩ b ɪ d ə d	f e ɪ d	f e ɪ d ə d	f ɹ̩ b ɪ d ə d	0	1	0
string	s iː t	s iː t ə d	s iː t	s iː k	s ɔ t	NA	1	0	0
string	n o ʊ z d a ɪ v	n o ʊ z d a ɪ v d	n o ʊ d a ɪ d a ɪ d	n o ʊ z	n o ʊ z d	n o ʊ z d a ɪ v d	1	0	1
string	s t e ɪ n	s t e ɪ n d	s t e ɪ n d	s t r e ɪ n	s t r e ɪ n d	s t e ɪ n d	1	1	1
string	f l æ t ɹ̩	f l æ t ɹ̩ d	f l æ t ɹ̩ d	m æ t ɹ̩	m æ t ɹ̩ d	f l æ t ɹ̩ d	1	1	1
string	ɡ l ɔ r ə f a ɪ	ɡ l ɔ r ə f a ɪ d	ɡ r ə f l ə f a ɪ	k l æ s ə f a ɪ	k l æ s ə f a ɪ d	ɡ l ɔ r ə f a ɪ d	1	0	1
string	iː z	iː z d	e ɪ z	t iː z	t iː z d	iː z d	1	0	1
string	w ɪ ŋ k	w ɪ ŋ k t	w ɪ ŋ k t	s ɪ ŋ k	s æ ŋ k	w æ ŋ k	1	0	0
string	r iː d uː	r iː d ɪ d	r iː d ɪ d	r ɪ d	r ɪ d	r iː d uː	0	0	0
string	ɪ n t͡ʃ	ɪ n t͡ʃ t	ɪ n t͡ʃ t	p ɪ n t͡ʃ	p ɪ n t͡ʃ t	ɪ n t͡ʃ t	1	1	1
string	k w a ɪ ə t	k w a ɪ ə t ə d	k w a ɪ ə t ə d	w a ɪ p	w a ɪ p t	k w a ɪ ə t t	1	0	0
string	k ɑː k	k ɑː k t	k ɑː k t	m ɑː k	m ɑː k t	k ɑː k t	1	1	1
string	h j uː	h j uː	h j uː d	v j uː	v j uː d	h j uː d	0	1	0
string	ɡ ʌ s iː	ɡ ʌ s iː d	ɡ ʌ s iː d	ɡ æ s p	ɡ æ s p t	ɡ ʌ s iː t	1	0	0
string	k ə n t ɛ n t	k ə n t ɛ n t ə d	k ə n t ɛ n t ə d	k ə n ɛ k t	k ə n ɛ k t ə d	k ə n t ɛ n t ə d	1	1	1
string	v ɛ n t͡ʃ ɹ̩	v ɛ n t͡ʃ ɹ̩ d	v ɛ n t͡ʃ ɹ̩ d	d͡ʒ ɛ s t͡ʃ ɹ̩	d͡ʒ ɛ s t͡ʃ ɹ̩ d	v ɛ n t͡ʃ ɹ̩ d	1	1	1
string	ɡ e ɪ z	ɡ e ɪ z d	ɡ e ɪ z d	d e ɪ z	d e ɪ z d	ɡ e ɪ z d	1	1	1
string	b ɪ l	b ɪ l d	b ɪ l d	b ɔ l	b ɔ l d	b ɪ l d	1	1	1
string	h a ʊ l	h a ʊ l d	h a ʊ l d	h o ʊ l	h o ʊ l d	h a ʊ l d	1	1	1
string	ə l ɑː t	ə l ɑː t ə d	ə l ɑː t ə d	b l ɑː t	b l ɑː t ə d	ə l ɑː t ə d	1	1	1
string	ə f ɛ n d	ə f ɛ n d ə d	ə f ɛ n d ə d	t ɛ n d	t ɛ n d ə d	ə f ɛ n d ə d	1	1	1
string	f e ɪ v ɹ̩	f e ɪ v ɹ̩ d	f e ɪ v ɹ̩ d	f l e ɪ v ɹ̩	f l e ɪ v ɹ̩ d	f e ɪ v ɹ̩ d	1	1	1
string	o ʊ ɡ ə l	o ʊ ɡ ə l d	o ʊ ɡ ə l d	t o ʊ t ə l	t o ʊ t ə l d	o ʊ ɡ ə l d	1	1	1
string	t r ɛ ʒ ɹ̩	t r ɛ ʒ ɹ̩ d	t r ɛ ʒ ɹ̩ d	m ɛ ʒ ɹ̩	m ɛ ʒ ɹ̩ d	t r ɛ ʒ ɹ̩ d	1	1	1
string	b ɪ d	b e ɪ d	b ɪ d ə d	b iː d	b iː d ə d	b ɪ d ə d	0	1	0
string	k ə m ɪ t	k ə m ɪ t ə d	k ə m ɪ t ə d	ə d m ɪ t	ə d m ɪ t ə d	k ə m ɪ t ə d	1	1	1
string	s iː z	s iː z d	s iː z d	s iː k	s ɔ t	NA	1	0	0
string	ɪ v æ l j uː e ɪ t	ɪ v æ l j uː e ɪ t ə d	ɪ v æ l j uː e ɪ t ə d	ɪ v æ k j ə w e ɪ t	ɪ v æ k j ə w e ɪ t ə d	ɪ v æ l j uː e ɪ t ə d	1	1	1
string	p r ɑː d͡ʒ ɛ k t	p r ɑː d͡ʒ ɛ k t ə d	p r ɑː d͡ʒ ɛ k t ə d	p r ə t ɛ k t	p r ə t ɛ k t ə d	p r ɑː d͡ʒ ɛ k t ə d	1	1	1
string	ɡ l a ʊ ɹ̩	ɡ l a ʊ ɹ̩ d	ɡ l a ʊ ɹ̩ d	t a ʊ ɹ̩	t a ʊ ɹ̩ d	ɡ l a ʊ ɹ̩ d	1	1	1
string	r ʌ s t	r ʌ s t ə d	r ʌ s t ə d	b ʌ s t	b ʌ s t ə d	r ʌ s t ə d	1	1	1
string	r ɪ v ɹ̩ s	r ɪ v ɹ̩ s t	r ɪ v ɹ̩ s t	r ɪ v ə t	r ɪ v ə t ə d	r ɪ v ɹ̩ s ə d	1	0	0
string	d ɪ l ɪ n iː e ɪ t	d ɪ l ɪ n iː e ɪ t ə d	d ɪ n ɪ n e ɪ n t ə d	ɪ n ɪ ʃ iː e ɪ t	ɪ n ɪ ʃ iː e ɪ t ə d	d ɪ l ɪ n iː e ɪ t ə d	1	0	1
string	d æ ʃ	d æ ʃ t	d æ ʃ t	d æ m	d æ m d	d æ ʃ d	1	0	0
string	l o ʊ n	l o ʊ n d	l o ʊ n d	f o ʊ n	f o ʊ n d	l o ʊ n d	1	1	1
string	f ɔ r w ɹ̩ d	f ɔ r w ɹ̩ d ə d	f ɔ r w ɹ̩ d ə d	f ɔ r m	f ɔ r m d	f ɔ r w ɹ̩ d d	1	0	0
string	h uː t	h uː t ə d	h uː t ə d	ʃ uː t	ʃ ɑː t	h ɑː t	1	0	0
string	ɡ r æ n t	ɡ r æ n t ə d	ɡ r æ n t ə d	ɡ r ʌ n t	ɡ r ʌ n t ə d	ɡ r æ n t ə d	1	1	1
string	m æ ŋ ɡ ə l	m æ ŋ ɡ ə l d	m æ ŋ ɡ ə l d	d æ ŋ ɡ ə l	d æ ŋ ɡ ə l d	m æ ŋ ɡ ə l d	1	1	1
random	s m a ɪ l	s m a ɪ l d	s m a ɪ l d	k r æ ʃ	k r æ ʃ t	s m a ɪ l t	1	0	0
random	r iː d	r ɛ d	r iː d ə d	b ʌ s t	b ʌ s t ə d	r iː d ə d	0	1	0
random	l a ɪ k	l a ɪ k t	l a ɪ k t	d ɪ p	d ɪ p t	l a ɪ k t	1	1	1
random	ʃ o ʊ	ʃ o ʊ d	ʃ o ʊ d	ɡ r ɪ n	ɡ r ɪ n d	ʃ o ʊ d	1	1	1
random	b a ɪ t	b ɪ t	b a ɪ t ə d	ɹ̩ d͡ʒ	ɹ̩ d͡ʒ d	b a ɪ t d	0	0	0
random	f l a ɪ	f l uː	f l a ɪ d	l æ f	l æ f t	f l a ɪ t	0	0	0
random	h o ʊ p	h o ʊ p t	h o ʊ p t	m ɪ k s	m ɪ k s t	h o ʊ p t	1	1	1
random	o ʊ p ə n	o ʊ p ə n d	o ʊ p ə n d	d r ɛ s	d r ɛ s t	o ʊ p ə n t	1	0	0
random	r ʌ n	r æ n	r ʌ n d	p e ɪ n t	p e ɪ n t ə d	r ʌ n ə d	0	0	0
random	t ɔ ɪ	t ɔ ɪ d	t ɔ t	t͡ʃ e ɪ n	t͡ʃ e ɪ n d	t ɔ ɪ d	1	0	1
random	p l e ɪ	p l e ɪ d	p l e ɪ d	s æ ɡ	s æ ɡ d	p l e ɪ d	1	1	1
random	w ɑː t͡ʃ	w ɑː t͡ʃ t	w ɑː t͡ʃ t	m ɛ n d	m ɛ n d ə d	w ɑː t͡ʃ ə d	1	0	0
random	r iː t͡ʃ	r iː t͡ʃ t	r iː t͡ʃ t	w ɔ t ɹ̩	w ɔ t ɹ̩ d	r iː t͡ʃ d	1	0	0
random	æ s k	æ s k t	æ s k t	r ɪ d͡ʒ ɔ ɪ s	r ɪ d͡ʒ ɔ ɪ s t	æ s k t	1	1	1
random	s m ɛ l	s m ɛ l d	s m ɛ l d	s a ʊ	s a ʊ d	s m ɛ l d	1	1	1
random	h æ ŋ	h ʌ ŋ	h æ ŋ d	p ɪ s	p ɪ s t	h æ ŋ t	0	0	0
random	r a ɪ d	r o ʊ d	r o ʊ d ə d	s p ɔ r t	s p ɔ r t ə d	r a ɪ d ə d	0	0	0
random	s p ɪ l	s p ɪ l d	s p æ l d	d æ m	d æ m d	s p ɪ l d	1	0	1
random	p ɔ r	p ɔ r d	p ɔ r d	s t r æ ŋ ɡ ə l	s t r æ ŋ ɡ ə l d	p ɔ r d	1	1	1
random	b a ʊ	b a ʊ d	b a ʊ d	s t ɹ̩	s t ɹ̩ d	b a ʊ d	1	1	1
random	t ʌ t͡ʃ	t ʌ t͡ʃ t	t ʌ t͡ʃ t	l e ɪ s	l e ɪ s t	t ʌ t͡ʃ t	1	1	1
random	k ɑː z	k ɑː z d	k ɑː z d	k r ʌ m p ə l	k r ʌ m p ə l d	k ɑː z d	1	1	1
random	s t r a ɪ k	s t r ʌ k	s t r a ɪ k t	s ɪ ŋ	s æ ŋ	NA	0	0	0
random	h ɹ̩ t	h ɹ̩ t	h ɹ̩ t	k e ɪ k	k e ɪ k t	h ɹ̩ t t	0	0	0
random	h iː t	h iː t ə d	h iː t	k o ʊ p	k o ʊ p t	h iː t t	1	0	0
random	f l a ʊ ɹ̩	f l a ʊ ɹ̩ d	f l a ʊ ɹ̩ d	b æ b ə l	b æ b ə l d	f l a ʊ ɹ̩ d	1	1	1
random	k l o ʊ z	k l o ʊ z d	k l o ʊ z d	a ɪ s	a ɪ s t	k l o ʊ z t	1	0	0
random	m a ɪ n	m a ɪ n d	m a ɪ n d	p ɑː r t	p ɑː r t ə d	m a ɪ n ə d	1	0	0
random	v ɪ z ɪ t	v ɪ z ɪ t ə d	v ɪ z ɪ t ə d	k a ʊ t͡ʃ	k a ʊ t͡ʃ t	v ɪ z ɪ t t	1	0	0
random	t e ɪ s t	t e ɪ s t ə d	t e ɪ s t ə d	d͡ʒ o ʊ k	d͡ʒ o ʊ k t	t e ɪ s t t	1	0	0
random	b ʌ t ɹ̩	b ʌ t ɹ̩ d	b ʌ t ɹ̩ d	b r e ɪ k	b r o ʊ k	NA	1	0	0
random	m e ɪ l	m e ɪ l d	m e ɪ l d	d ɪ s k ʌ v ɹ̩	d ɪ s k ʌ v ɹ̩ d	m e ɪ l d	1	1	1
random	d ɪ ŋ	d ɪ ŋ d	d ɪ ŋ d	p r o ʊ ɡ r æ m	p r o ʊ ɡ r æ m d	d ɪ ŋ d	1	1	1
random	s t ɑː p	s t ɑː p t	s t ɑː p t	f ʌ s	f ʌ s t	s t ɑː p t	1	1	1
random	ɪ k s a ɪ t	ɪ k s a ɪ t ə d	ɪ k s a ɪ t ə d	ɪ n ɪ ʃ ə l	ɪ n ɪ ʃ ə l d	ɪ k s a ɪ t d	1	0	0
random	f r a ɪ	f r a ɪ d	f r a ɪ d	b ɪ h e ɪ v	b ɪ h e ɪ v d	f r a ɪ d	1	1	1
random	s p iː k	s p o ʊ k	s p ɛ k t	s o ʊ	s o ʊ d	s p iː k d	0	0	0
random	s k r æ m b ə l	s k r æ m b ə l d	s k r æ m b ə l d	h ɹ̩ d	h ɹ̩ d ə d	s k r æ m b ə l ə d	1	0	0
random	t͡ʃ ɛ k	t͡ʃ ɛ k t	t͡ʃ ɛ k t	f o ʊ t ə ɡ r æ f	f o ʊ t ə ɡ r æ f t	t͡ʃ ɛ k t	1	1	1
random	n ʌ m b ɹ̩	n ʌ m b ɹ̩ d	n ʌ m b ɹ̩ d	æ k s ɛ p t	æ k s ɛ p t ə d	n ʌ m b ɹ̩ ə d	1	0	0
random	b ɛ n d	b ɛ n d ə d	b ɛ n d ə d	ɡ a ʊ d͡ʒ	ɡ a ʊ d͡ʒ d	b ɛ n d d	1	0	0
random	t ɔ s	t ɔ s t	t ɔ s t	n o ʊ t	n o ʊ t ə d	t ɔ s ə d	1	0	0
random	w ɪ s p ɹ̩	w ɪ s p ɹ̩ d	w ɪ s p ɹ̩ d	h æ v	h æ d	NA	1	0	0
random	a ɪ	a ɪ d	a ɪ d	b r e ɪ d	b r e ɪ d ə d	a ɪ ə d	1	0	0
random	p ɑː p	p ɑː p t	p ɑː p t	r uː t	r uː t ə d	p ɑː p ə d	1	0	0
random	ɪ ɡ z ɔ s t	ɪ ɡ z ɔ s t ə d	ɪ ɡ z ɔ s t ə d	ʃ ɛ l t ɹ̩	ʃ ɛ l t ɹ̩ d	ɪ ɡ z ɔ s t d	1	0	0
random	b ɪ l d	b ɪ l t	b ɪ l d ə d	f iː l d	f iː l d ə d	b ɪ l d ə d	0	1	0
random	w ʌ n d ɹ̩	w ʌ n d ɹ̩ d	w ʌ n d ɹ̩ d	s m o ʊ k	s m o ʊ k t	w ʌ n d ɹ̩ t	1	0	0
random	k r æ k	k r æ k t	k r æ k t	k w ɛ s t͡ʃ ə n	k w ɛ s t͡ʃ ə n d	k r æ k d	1	0	0
random	n ɪ b ə l	n ɪ b ə l d	n ɪ b ə l d	ɡ e ɪ n	ɡ e ɪ n d	n ɪ b ə l d	1	1	1
random	d ɪ l ɪ v ɹ̩	d ɪ l ɪ v ɹ̩ d	d ɪ l ɪ v ɹ̩ d	s t ɑː m p	s t ɑː m p t	d ɪ l ɪ v ɹ̩ t	1	0	0
random	s k ɛ r	s k ɛ r d	s k ɛ r d	s t e ɪ t	s t e ɪ t ə d	s k ɛ r ə d	1	0	0
random	ɔ f ɹ̩	ɔ f ɹ̩ d	ɔ f ɹ̩ d	b l ʌ ʃ	b l ʌ ʃ t	ɔ f ɹ̩ t	1	0	0
random	f l ɑː p	f l ɑː p t	f l ɑː p t	d æ n s	d æ n s t	f l ɑː p t	1	1	1
random	ə p o ʊ z	ə p o ʊ z d	ə p o ʊ z d	s t r e ɪ t ə n	s t r e ɪ t ə n d	ə p o ʊ z d	1	1	1
random	k ʌ l ɹ̩	k ʌ l ɹ̩ d	k ʌ l ɹ̩ d	r ɪ t ɹ̩ n	r ɪ t ɹ̩ n d	k ʌ l ɹ̩ d	1	1	1
random	k æ m p	k æ m p t	k æ m p t	s p l ɪ t	s p l ɪ t	k æ m p	1	0	0
random	s ɛ l	s o ʊ l d	s ɛ l d	p ʊ ʃ	p ʊ ʃ t	s ɛ l t	0	0	0
random	f l æ p	f l æ p t	f l æ p t	r ɪ d ə l	r ɪ d ə l d	f l æ p d	1	0	0
random	p r ɛ s	p r ɛ s t	p r ɛ s t	ɪ n t ə r ɛ s t	ɪ n t ə r ɛ s t ə d	p r ɛ s ə d	1	0	0
random	f ɪ l	f ɪ l d	f ɪ l d	ɡ ɑː r d ə n	ɡ ɑː r d ə n d	f ɪ l d	1	1	1
random	b r æ n t͡ʃ	b r æ n t͡ʃ t	b r æ n t͡ʃ t	t ɑː p	t ɑː p t	b r æ n t͡ʃ t	1	1	1
random	t a ɪ t ə n	t a ɪ t ə n d	t a ɪ t ə n d	w ɔ r n	w ɔ r n d	t a ɪ t ə n d	1	1	1
random	k æ p t ɪ v e ɪ t	k æ p t ɪ v e ɪ t ə d	k æ p t ɪ v e ɪ t ə d	d ɪ l a ɪ t	d ɪ l a ɪ t ə d	k æ p t ɪ v e ɪ t ə d	1	1	1
random	t o ʊ s t	t o ʊ s t ə d	t o ʊ s t ə d	ɪ v æ k j ə w e ɪ t	ɪ v æ k j ə w e ɪ t ə d	t o ʊ s t ə d	1	1	1
random	d ɪ s ə p iː r	d ɪ s ə p iː r d	d ɪ s ə p iː r d	k ɔ r ə l e ɪ t	k ɔ r ə l e ɪ t ə d	d ɪ s ə p iː r ə d	1	0	0
random	b ɛ r	b o ʊ r	b ɛ r d	d͡ʒ ɛ n ɹ̩ e ɪ t	d͡ʒ ɛ n ɹ̩ e ɪ t ə d	b ɛ r ə d	0	0	0
random	b ɛ r iː	b ɛ r iː d	b ɛ r iː d	h ɛ r iː	h ɛ r iː d	b ɛ r iː d	1	1	1
random	s n iː k	s n iː k t	s n iː k t	d r ɛ s	d r ɛ s t	s n iː k t	1	1	1
random	l ʌ n t͡ʃ	l ʌ n t͡ʃ t	l ʌ n t͡ʃ t	f l a ʊ n d ɹ̩	f l a ʊ n d ɹ̩ d	l ʌ n t͡ʃ d	1	0	0
random	m ɛ m ɹ̩ a ɪ z	m ɛ m ɹ̩ a ɪ z d	m ɛ m ɹ̩ a ɪ z d	f ʌ k	f ʌ k t	m ɛ m ɹ̩ a ɪ z t	1	0	0
random	h a ɪ d	h ɪ d	h a ɪ d ə d	f r iː k	f r iː k t	h a ɪ d t	0	0	0
random	w iː l	w iː l d	w iː l d	n ɔ	n ɔ d	w iː l d	1	1	1
random	p æ t	p æ t ə d	p æ t ə d	ɪ k s ɛ p t	ɪ k s ɛ p t ə d	p æ t ə d	1	1	1
random	s k æ m p ɹ̩	s k æ m p ɹ̩ d	s k æ m p ɹ̩ d	ə p r iː ʃ iː e ɪ t	ə p r iː ʃ iː e ɪ t ə d	s k æ m p ɹ̩ ə d	1	0	0
random	p iː r	p iː r d	p iː r d	r ɛ k ə n	r ɛ k ə n d	p iː r d	1	1	1
random	ʃ æ m p uː	ʃ æ m p uː d	ʃ æ m p uː d	s t r o ʊ k	s t r o ʊ k t	ʃ æ m p uː t	1	0	0
random	r e ɪ s	r e ɪ s t	r e ɪ s t	k ə n ɡ r æ t͡ʃ ə l e ɪ t	k ə n ɡ r æ t͡ʃ ə l e ɪ t ə d	r e ɪ s ə d	1	0	0
random	s t r ɛ t͡ʃ	s t r ɛ t͡ʃ t	s t r ɛ t͡ʃ t	s k æ l ə p	s k æ l ə p t	s t r ɛ t͡ʃ t	1	1	1
random	k ə l æ p s	k ə l æ p s t	k ə l æ p s t	m ɑː k	m ɑː k t	k ə l æ p s t	1	1	1
random	d r ɪ f t	d r ɪ f t ə d	d r ɪ f t ə d	ɔ r d ɹ̩	ɔ r d ɹ̩ d	d r ɪ f t d	1	0	0
random	s t æ b	s t æ b d	s t æ b d	k ɪ k	k ɪ k t	s t æ b t	1	0	0
random	t͡ʃ uː	t͡ʃ uː d	t͡ʃ uː d	ɪ k s p ɛ k t	ɪ k s p ɛ k t ə d	t͡ʃ uː ə d	1	0	0
random	b ʌ b ə l	b ʌ b ə l d	b ʌ b ə l d	f ɑː l o ʊ	f ɑː l o ʊ d	b ʌ b ə l d	1	1	1
random	s a ʊ ɹ̩	s a ʊ ɹ̩ d	s a ʊ ɹ̩ d	s p ɛ r	s p ɛ r d	s a ʊ ɹ̩ d	1	1	1
random	s t æ m p	s t æ m p t	s t æ m p t	f ɑː r m	f ɑː r m d	s t æ m p d	1	0	0
random	d͡ʒ ɹ̩ k	d͡ʒ ɹ̩ k t	d͡ʒ ɹ̩ k t	ʃ ɑː r p ə n	ʃ ɑː r p ə n d	d͡ʒ ɹ̩ k d	1	0	0
random	s ɔ	s ɔ d	s ɔ d	f ɛ ð ɹ̩	f ɛ ð ɹ̩ d	s ɔ d	1	1	1
random	f l ɪ p	f l ɪ p t	f l ɪ p t	ɪ n v a ɪ t	ɪ n v a ɪ t ə d	f l ɪ p ə d	1	0	0
random	h iː l	h iː l d	h iː l d	o ʊ b e ɪ	o ʊ b e ɪ d	h iː l d	1	1	1
random	s k r iː m	s k r iː m d	s k r iː m d	t͡ʃ ɑː r t	t͡ʃ ɑː r t ə d	s k r iː m ə d	1	0	0
random	h ʊ k	h ʊ k t	h ʊ k t	s ɪ ŋ	s æ ŋ	NA	1	0	0
random	p ɪ t	p ɪ t ə d	p ɪ t	w ɪ n	w ʌ n	NA	1	0	0
random	t r ʌ b ə l	t r ʌ b ə l d	t r ʌ b ə l d	h o ʊ l	h o ʊ l d	t r ʌ b ə l d	1	1	1
random	ɪ m p r ə v a ɪ z	ɪ m p r ə v a ɪ z d	ɪ m p r ə v a ɪ z d	b r ʌ ʃ	b r ʌ ʃ t	ɪ m p r ə v a ɪ z t	1	0	0
random	n e ɪ l	n e ɪ l d	n e ɪ l d	k ə l ɛ k t	k ə l ɛ k t ə d	n e ɪ l ə d	1	0	0
random	b a ɪ k	b a ɪ k t	b a ɪ k t	ɪ k s p l ɔ r	ɪ k s p l ɔ r d	b a ɪ k d	1	0	0
random	l ɑː k	l ɑː k t	l ɑː k t	b ɪ ɡ ɪ n	b ɪ ɡ æ n	NA	1	0	0
random	r ɛ s t	r ɛ s t ə d	r ɛ s t ə d	r iː t͡ʃ ɑː r d͡ʒ	r iː t͡ʃ ɑː r d͡ʒ d	r ɛ s t d	1	0	0
random	b iː p	b iː p t	b iː p t	d͡ʒ ɑː r	d͡ʒ ɑː r d	b iː p d	1	0	0
random	s ɪ p	s ɪ p t	s ɪ p t	ʃ a ɪ n	ʃ a ɪ n d	s ɪ p d	1	0	0
random	ɪ s k e ɪ p	ɪ s k e ɪ p t	ɪ s e ɪ p e ɪ p t ɪ d	b iː t	b iː t	ɪ s k e ɪ p	1	0	0
random	k ə n t r o ʊ l	k ə n t r o ʊ l d	k ə n t r o ʊ l d	t r ɪ m	t r ɪ m d	k ə n t r o ʊ l d	1	1	1
random	h ʌ d ə l	h ʌ d ə l d	h ʌ d ə l d	t r ɪ p	t r ɪ p t	h ʌ d ə l t	1	0	0
random	s w uː ʃ	s w uː ʃ t	s w uː ʃ t	b l iː t͡ʃ	b l iː t͡ʃ t	s w uː ʃ t	1	1	1
random	f a ɪ n d	f a ʊ n d	f a ɪ n d ə d	s k r uː	s k r uː d	f a ɪ n d d	0	0	0
random	k ɔ ɪ l	k ɔ ɪ l d	k ɔ ɪ l d	n æ ɡ	n æ ɡ d	k ɔ ɪ l d	1	1	1
random	r ə f ɹ̩	r ə f ɹ̩ d	r ə f ɹ̩ d	p e ɪ d͡ʒ	p e ɪ d͡ʒ d	r ə f ɹ̩ d	1	1	1
random	ʃ e ɪ v	ʃ e ɪ v d	ʃ e ɪ v d	ɡ æ s p	ɡ æ s p t	ʃ e ɪ v t	1	0	0
random	d ɪ s k r a ɪ b	d ɪ s k r a ɪ b d	d ɪ s k r a ɪ b d	b ʌ k ə l	b ʌ k ə l d	d ɪ s k r a ɪ b d	1	1	1
random	p r iː z ɛ n t	p r iː z ɛ n t ə d	p r iː z ɛ n t ə d	p r uː v	p r uː v d	p r iː z ɛ n t d	1	0	0
random	ɪ ɡ z ɪ s t	ɪ ɡ z ɪ s t ə d	ɪ ɡ z ɪ s t ə d	t r æ m p	t r æ m p t	ɪ ɡ z ɪ s t t	1	0	0
random	b ɔ r	b ɔ r d	b ɔ r d	f ɛ ð ɹ̩	f ɛ ð ɹ̩ d	b ɔ r d	1	1	1
random	uː z	uː z d	uː z uː z d	f ɪ l m	f ɪ l m d	uː z d	1	0	1
random	r ɑː b	r ɑː b d	r ɑː b d	d r ɪ ŋ k	d r æ ŋ k	NA	1	0	0
random	t r æ p	t r æ p t	t r æ p t	ə t æ k	ə t æ k t	t r æ p t	1	1	1
random	b æ ʃ	b æ ʃ t	b æ ʃ t	k l a ɪ m	k l a ɪ m d	b æ ʃ d	1	0	0
random	æ k t	æ k t ə d	æ k t ə d	n ɛ r o ʊ	n ɛ r o ʊ d	æ k t d	1	0	0
random	s t o ʊ n	s t o ʊ n d	s t o ʊ n d	ɡ r iː n	ɡ r iː n d	s t o ʊ n d	1	1	1
random	f l ɪ ŋ	f l ʌ ŋ	f l ʌ ŋ	ɪ n s ɹ̩ t	ɪ n s ɹ̩ t ə d	f l ɪ ŋ ə d	0	0	0
random	k w ɪ t	k w ɪ t	k w ɪ t	ʃ ɪ f t	ʃ ɪ f t ə d	k w ɪ t ə d	0	0	0
random	p r ə f ɹ̩	p r ə f ɹ̩ d	p r ə f ɹ̩ d	s k ɪ n	s k ɪ n d	p r ə f ɹ̩ d	1	1	1
random	ə n l ɑː k	ə n l ɑː k t	ə n l ɑː k t	p r ə v a ɪ d	p r ə v a ɪ d ə d	ə n l ɑː k ə d	1	0	0
random	m æ n ə d͡ʒ	m æ n ə d͡ʒ d	m æ n ə d͡ʒ d	s l ɪ p	s l ɪ p t	m æ n ə d͡ʒ t	1	0	0
random	s ɛ n t ɹ̩	s ɛ n t ɹ̩ d	s ɛ n t ɹ̩ d	p ɑː r t ɪ s ə p e ɪ t	p ɑː r t ɪ s ə p e ɪ t ə d	s ɛ n t ɹ̩ ə d	1	0	0
random	s p ɑː t	s p ɑː t ə d	s p ɑː t ə d	t͡ʃ e ɪ s	t͡ʃ e ɪ s t	s p ɑː t t	1	0	0
random	m o ʊ	m o ʊ d	m o ʊ d	ɪ n t ɹ̩ d͡ʒ ɛ k t	ɪ n t ɹ̩ d͡ʒ ɛ k t ə d	m o ʊ ə d	1	0	0
random	t æ t uː	t æ t uː d	t æ t uː d	b ɑː k s	b ɑː k s t	t æ t uː t	1	0	0
random	s a ɪ z	s a ɪ z d	s a ɪ z	p l ɑː p	p l ɑː p t	s a ɪ z t	1	0	0
random	p ɹ̩ f ɛ k t	p ɹ̩ f ɛ k t ə d	p ɹ̩ f ɛ k t ə d	f ɪ t	f ɪ t	p ɹ̩ f ɛ k t	1	0	0
random	t r e ɪ n	t r e ɪ n d	t r e ɪ n d	r ɛ k ə ɡ n a ɪ z	r ɛ k ə ɡ n a ɪ z d	t r e ɪ n d	1	1	1
random	p ʌ n ɪ ʃ	p ʌ n ɪ ʃ t	p ʌ n ɪ ʃ t	w ɹ̩ iː	w ɹ̩ iː d	p ʌ n ɪ ʃ d	1	0	0
random	l uː s	l uː s t	l uː s t	r æ t ə l	r æ t ə l d	l uː s d	1	0	0
random	t ɑː p ə l	t ɑː p ə l d	t ɑː p ə l d	k o ʊ ɑː p ɹ̩ e ɪ t	k o ʊ ɑː p ɹ̩ e ɪ t ə d	t ɑː p ə l ə d	1	0	0
random	s k r æ p	s k r æ p t	s k r æ p t	p ʌ n t͡ʃ	p ʌ n t͡ʃ t	s k r æ p t	1	1	1
random	k r æ m	k r æ m d	k r æ m d	t͡ʃ a ɪ m	t͡ʃ a ɪ m d	k r æ m d	1	1	1
random	p ɪ t͡ʃ	p ɪ t͡ʃ t	p ɪ t͡ʃ t	t æ k ə l	t æ k ə l d	p ɪ t͡ʃ d	1	0	0
random	s m æ ʃ	s m æ ʃ t	s m æ ʃ t	ɔ r ɡ ə n a ɪ z	ɔ r ɡ ə n a ɪ z d	s m æ ʃ d	1	0	0
random	f e ɪ l	f e ɪ l d	f e ɪ l d	d ɪ p ɛ n d	d ɪ p ɛ n d ə d	f e ɪ l ə d	1	0	0
random	b l o ʊ t	b l o ʊ t ə d	b l o ʊ t ə d	ʃ a ɪ n	ʃ a ɪ n d	b l o ʊ t d	1	0	0
random	s k w iː k	s k w iː k t	s k w iː k t	θ r o ʊ	θ r uː	NA	1	0	0
random	s k ɹ̩ t	s k ɹ̩ t ə d	s k ɹ̩ t ə d	ʃ ɑː r p ə n	ʃ ɑː r p ə n d	s k ɹ̩ t d	1	0	0
random	b l ɪ ŋ k	b l ɪ ŋ k t	b l ʌ ŋ k	r iː l o ʊ k e ɪ t	r iː l o ʊ k e ɪ t ə d	b l ɪ ŋ k ə d	1	0	0
random	w æ ɡ	w æ ɡ d	w æ ɡ d	ɪ l ɛ k t r ə k j uː t	ɪ l ɛ k t r ə k j uː t ə d	w æ ɡ ə d	1	0	0
random	h æ t͡ʃ	h æ t͡ʃ t	h æ t͡ʃ t	p r ɑː m p t	p r ɑː m p t ə d	h æ t͡ʃ ə d	1	0	0
random	h a ʊ z	h a ʊ z d	h a ʊ z d	h ʌ n t	h ʌ n t ə d	h a ʊ z ə d	1	0	0
random	w ɑː f ə l	w ɑː f ə l d	w ɑː f ə l d	r ɛ p r ə z ɛ n t	r ɛ p r ə z ɛ n t ə d	w ɑː f ə l ə d	1	0	0
random	b ʌ t ə n	b ʌ t ə n d	b ʌ t ə n d	ɡ æ ð ɹ̩	ɡ æ ð ɹ̩ d	b ʌ t ə n d	1	1	1
random	k ɹ̩ iː n	k ɹ̩ iː n d	k ɹ̩ iː n d	k r ɔ s	k r ɔ s t	k ɹ̩ iː n t	1	0	0
random	s t r ɪ p	s t r ɪ p t	s t r ɪ p t	d æ z ə l	d æ z ə l d	s t r ɪ p d	1	0	0
random	p r a ɪ z	p r a ɪ z d	p r a ɪ z d	t r ɪ m	t r ɪ m d	p r a ɪ z d	1	1	1
random	k ə n f j uː z	k ə n f j uː z d	k ə n f j uː z d	s t ʌ n t	s t ʌ n t ə d	k ə n f j uː z ə d	1	0	0
random	p l ʌ ɡ	p l ʌ ɡ d	p l ʌ ɡ d	b æ l ə n s	b æ l ə n s t	p l ʌ ɡ t	1	0	0
random	k ɹ̩ s	k ɹ̩ s t	k ɹ̩ s t	t r æ v ə l	t r æ v ə l d	k ɹ̩ s d	1	0	0
random	f e ɪ n t	f e ɪ n t ə d	f e ɪ n t ə d	l o ʊ k e ɪ t	l o ʊ k e ɪ t ə d	f e ɪ n t ə d	1	1	1
random	r iː p l e ɪ s	r iː p l e ɪ s t	r iː p l e ɪ s t	l ɛ v ə l	l ɛ v ə l d	r iː p l e ɪ s d	1	0	0
random	ɡ ɑː r d	ɡ ɑː r d ə d	ɡ ɑː r d ə d	ɪ n ɪ ʃ ə l	ɪ n ɪ ʃ ə l d	ɡ ɑː r d d	1	0	0
random	ɡ l ʌ v	ɡ l ʌ v d	ɡ l ʌ v d	s k iː	s k iː d	ɡ l ʌ v d	1	1	1
random	s ɔ l t	s ɔ l t ə d	s ɔ l t ə d	j ɔ n	j ɔ n d	s ɔ l t d	1	0	0
random	s t ɛ r	s t ɛ r d	s t ɛ r d	n ɛ k	n ɛ k t	s t ɛ r t	1	0	0
random	k ə m b a ɪ n	k ə m b a ɪ n d	k ə m b a ɪ n d	r ɪ p iː t	r ɪ p iː t ə d	k ə m b a ɪ n ə d	1	0	0
random	f r ʌ n t	f r ʌ n t ə d	f r ʌ n t ə d	t ɹ̩ n	t ɹ̩ n d	f r ʌ n t d	1	0	0
random	ɡ ɑː r b ə l	ɡ ɑː r b ə l d	ɡ ɑː r b ə l d	b æ l ə n s	b æ l ə n s t	ɡ ɑː r b ə l t	1	0	0
random	p æ m p ɹ̩	p æ m p ɹ̩ d	p æ m p ɹ̩ d	s ɛ p ɹ̩ e ɪ t	s ɛ p ɹ̩ e ɪ t ə d	p æ m p ɹ̩ ə d	1	0	0
random	f iː r	f iː r d	f ɛ r d	ʃ r ɪ ŋ k	ʃ r æ ŋ k	NA	1	0	0
random	ʃ ʌ v ə l	ʃ ʌ v ə l d	ʃ ʌ v ə l d	w e ɪ	w e ɪ d	ʃ ʌ v ə l d	1	1	1
random	s k ɛ d͡ʒ ʊ l	s k ɛ d͡ʒ ʊ l d	s k ɛ d͡ʒ d ɪ d͡ʒ d	p l ʌ n d͡ʒ	p l ʌ n d͡ʒ d	s k ɛ d͡ʒ ʊ l d	1	0	1
random	f l ʌ t ɹ̩	f l ʌ t ɹ̩ d	f l ʌ t ɹ̩ d	t r ɪ k ə l	t r ɪ k ə l d	f l ʌ t ɹ̩ d	1	1	1
random	s p ɑː r k ə l	s p ɑː r k ə l d	s p ɑː r k ə l d	ə n b ʌ t ə n	ə n b ʌ t ə n d	s p ɑː r k ə l d	1	1	1
random	r ɪ s p ɑː n d	r ɪ s p ɑː n d ə d	r ɪ s p ɑː n d ə d	r ɪ ŋ k ə l	r ɪ ŋ k ə l d	r ɪ s p ɑː n d d	1	0	0
random	t æ t ɹ̩	t æ t ɹ̩ d	t æ t ɹ̩ d	b ɪ z iː	b ɪ z iː d	t æ t ɹ̩ d	1	1	1
random	p ɑː k ə t	p ɑː k ə t ə d	p ɑː k ə t ə d	ə n t a ɪ	ə n t a ɪ d	p ɑː k ə t d	1	0	0
random	d͡ʒ æ ŋ ɡ ə l	d͡ʒ æ ŋ ɡ ə l d	d͡ʒ æ ŋ ɡ ə l d	k æ s k e ɪ d	k æ s k e ɪ d ə d	d͡ʒ æ ŋ ɡ ə l ə d	1	0	0
random	p iː p	p iː p t	p iː p t	t iː t͡ʃ	t ɔ t	NA	1	0	0
random	æ k s ɛ s ɹ̩ a ɪ z	æ k s ɛ s ɹ̩ a ɪ z d	æ k s ə s ɹ̩ a ɪ z d	t r æ n s f ɔ r m	t r æ n s f ɔ r m d	æ k s ɛ s ɹ̩ a ɪ z d	1	0	1
random	r ɛ d͡ʒ ɪ s t ɹ̩	r ɛ d͡ʒ ɪ s t ɹ̩ d	r ɛ d͡ʒ ɪ s t ɹ̩ d	b æ s k	b æ s k t	r ɛ d͡ʒ ɪ s t ɹ̩ t	1	0	0
random	ɡ l o ʊ	ɡ l o ʊ d	ɡ l o ʊ d	m ɪ l k	m ɪ l k t	ɡ l o ʊ t	1	0	0
random	k ɑː m ɛ n t	k ɑː m ɛ n t ə d	k ɑː m ɛ n t ə d	r ɑː t	r ɑː t ə d	k ɑː m ɛ n t ə d	1	1	1
random	r ə f j uː z	r ə f j uː z d	r ə f j uː z d	ɡ r ʌ m b ə l	ɡ r ʌ m b ə l d	r ə f j uː z d	1	1	1
random	w ɛ d	w ɛ d	w ɛ d ə d	f iː l	f ɛ l t	NA	0	0	0
random	d a ʊ n	d a ʊ n d	d a ʊ n d	æ b d ʌ k t	æ b d ʌ k t ə d	d a ʊ n ə d	1	0	0
random	t͡ʃ ɪ p	t͡ʃ ɪ p t	t͡ʃ ɪ p t	s n æ k	s n æ k t	t͡ʃ ɪ p t	1	1	1
random	d ɹ̩ ɛ k t	d ɹ̩ ɛ k t ə d	d ɹ̩ ɛ k t ə d	l ɛ d	l ɛ d ə d	d ɹ̩ ɛ k t ə d	1	1	1
random	d ɪ f ɛ n d	d ɪ f ɛ n d ə d	d ɪ f ɛ n d ə d	f e ɪ k	f e ɪ k t	d ɪ f ɛ n d t	1	0	0
random	p a ʊ n d	p a ʊ n d ə d	p a ʊ n d ə d	b ʌ d͡ʒ	b ʌ d͡ʒ d	p a ʊ n d d	1	0	0
random	d r e ɪ p	d r e ɪ p t	d r e ɪ p t	r uː t	r uː t ə d	d r e ɪ p ə d	1	0	0
random	k ə n t e ɪ n	k ə n t e ɪ n d	k ə n t e ɪ n d	f l o ʊ t	f l o ʊ t ə d	k ə n t e ɪ n ə d	1	0	0
random	s iː z ə n	s iː z ə n d	s iː z ə n d	w ɪ s ə l	w ɪ s ə l d	s iː z ə n d	1	1	1
random	k r a ʊ t͡ʃ	k r a ʊ t͡ʃ t	k r a ʊ t͡ʃ t	s k a ʊ ɹ̩	s k a ʊ ɹ̩ d	k r a ʊ t͡ʃ d	1	0	0
random	h ɪ p n ə t a ɪ z	h ɪ p n ə t a ɪ z d	h ɪ p ə t ə d	ɪ v æ k j ə w e ɪ t	ɪ v æ k j ə w e ɪ t ə d	h ɪ p n ə t a ɪ z ə d	1	0	0
random	k ə n d ɛ n s	k ə n d ɛ n s t	k ə n d ɛ n s t	r uː l	r uː l d	k ə n d ɛ n s d	1	0	0
random	k r æ ŋ k	k r æ ŋ k t	k r æ ŋ k t	s uː t	s uː t ə d	k r æ ŋ k ə d	1	0	0
random	k l a ʊ d	k l a ʊ d ə d	k l a ʊ d ə d	p æ d	p æ d ə d	k l a ʊ d ə d	1	1	1
random	r e ɪ d	r e ɪ d ə d	r e ɪ d ə d	b iː d	b iː d ə d	r e ɪ d ə d	1	1	1
random	f ɪ l t ɹ̩	f ɪ l t ɹ̩ d	f ɪ l t ɹ̩ d	r ɛ s ə l	r ɛ s ə l d	f ɪ l t ɹ̩ d	1	1	1
random	t æ ŋ ɡ ə l	t æ ŋ ɡ ə l d	t æ ŋ ɡ ə l d	θ ʌ m	θ ʌ m d	t æ ŋ ɡ ə l d	1	1	1
random	p l æ s t ɹ̩	p l æ s t ɹ̩ d	p l æ s t ɹ̩ d	w iː	w iː d	p l æ s t ɹ̩ d	1	1	1
random	ʃ e ɪ d	ʃ e ɪ d ə d	ʃ e ɪ d ə d	r iː s a ɪ k ə l	r iː s a ɪ k ə l d	ʃ e ɪ d d	1	0	0
random	t r ʌ s t	t r ʌ s t ə d	t r ʌ s t ə d	s ə p o ʊ z	s ə p o ʊ z d	t r ʌ s t d	1	0	0
random	s æ n d	s æ n d ə d	s æ n d ə d	f o ʊ t ə ɡ r æ f	f o ʊ t ə ɡ r æ f t	s æ n d t	1	0	0
random	d ɪ z ɑː l v	d ɪ z ɑː l v d	d ɪ z ɑː l v d	b ʌ m p	b ʌ m p t	d ɪ z ɑː l v t	1	0	0
random	r æ k	r æ k t	r æ k t	k l a ɪ m	k l a ɪ m d	r æ k d	1	0	0
random	ʃ ɛ l	ʃ ɛ l d	ʃ ɛ l d	ə n r æ p	ə n r æ p t	ʃ ɛ l t	1	0	0
random	s w ɑː p	s w ɑː p t	s w ɑː p t	s ɛ t	s ɛ t	s w ɑː p	1	0	0
random	r iː l iː s	r iː l iː s t	r iː l iː s t	f ɪ ŋ ɡ ɹ̩	f ɪ ŋ ɡ ɹ̩ d	r iː l iː s d	1	0	0
random	r e ɪ k	r e ɪ k t	r e ɪ k t	b ɹ̩ n	b ɹ̩ n d	r e ɪ k d	1	0	0
random	k æ n s ə l	k æ n s ə l d	k æ n s ə l d	l o ʊ d	l o ʊ d ə d	k æ n s ə l ə d	1	0	0
random	s p a ɪ	s p a ɪ d	s p a ɪ d	k ə n s ɹ̩ n	k ə n s ɹ̩ n d	s p a ɪ d	1	1	1
random	f j uː m	f j uː m d	f j uː m d	s uː ð	s uː ð d	f j uː m d	1	1	1
random	p r iː p ɛ r	p r iː p ɛ r d	p r iː p ɛ p t	r iː p e ɪ n t	r iː p e ɪ n t ə d	p r iː p ɛ r ə d	1	0	0
random	d ɪ s p o ʊ z	d ɪ s p o ʊ z d	d ɪ s p o ʊ z d	ʃ ɑː k	ʃ ɑː k t	d ɪ s p o ʊ z t	1	0	0
random	k ə n d ʌ k t	k ə n d ʌ k t ə d	k ə n d ʌ k t ə d	s k o ʊ l d	s k o ʊ l d ə d	k ə n d ʌ k t ə d	1	1	1
random	s t ɪ ŋ k	s t ʌ ŋ k	s t ʌ ŋ k t	s l a ɪ s	s l a ɪ s t	s t ɪ ŋ k t	0	0	0
random	d r e ɪ n	d r e ɪ n d	d r e ɪ n d	m e ɪ k	m e ɪ d	NA	1	0	0
random	ə n p l ʌ ɡ	ə n p l ʌ ɡ d	ə n p l ʌ l d	r ɑː k	r ɑː k t	ə n p l ʌ ɡ t	1	0	0
random	h æ l o ʊ	h æ l o ʊ d	h æ l o ʊ d	k j uː b	k j uː b d	h æ l o ʊ d	1	1	1
random	ɪ n t ɹ̩ æ k t	ɪ n t ɹ̩ æ k t ə d	ɪ n t ɹ̩ æ k t ə d	k ɪ s	k ɪ s t	ɪ n t ɹ̩ æ k t t	1	0	0
random	ə b s ɛ s	ə b s ɛ s t	ə b s ɛ s t	s t r æ p	s t r æ p t	ə b s ɛ s t	1	1	1
random	s n æ t͡ʃ	s n æ t͡ʃ t	s n æ t͡ʃ t	w ɔ r m	w ɔ r m d	s n æ t͡ʃ d	1	0	0
random	t æ p	t æ p t	t æ p t	d æ ŋ ɡ ə l	d æ ŋ ɡ ə l d	t æ p d	1	0	0
random	t r æ ʃ	t r æ ʃ t	t r æ ʃ t	s t e ɪ ʃ ə n	s t e ɪ ʃ ə n d	t r æ ʃ d	1	0	0
random	ʃ ɪ v ɹ̩	ʃ ɪ v ɹ̩ d	ʃ ɪ v ɹ̩ d	ɛ d͡ʒ	ɛ d͡ʒ d	ʃ ɪ v ɹ̩ d	1	1	1
random	r iː f ɪ l	r iː f ɪ l d	r iː f ɪ l d	h ɑː r p	h ɑː r p t	r iː f ɪ l t	1	0	0
random	d ʌ b	d ʌ b d	d ʌ b d	ʃ uː	ʃ uː d	d ʌ b d	1	1	1
random	r ɪ p ɛ r	r ɪ p ɛ r d	r ɪ p ɛ p t	ɡ æ ð ɹ̩	ɡ æ ð ɹ̩ d	r ɪ p ɛ r d	1	0	1
random	s t e ɪ k	s t e ɪ k t	s t e ɪ k t	s ɛ n d	s ɛ n t	NA	1	0	0
random	ɛ r	ɛ r d	ɛ r d	t͡ʃ æ n ə l	t͡ʃ æ n ə l d	ɛ r d	1	1	1
random	t r ʌ m p ə t	t r ʌ m p ə t ə d	t r ʌ m p ə t ə d	f r ɪ s k	f r ɪ s k t	t r ʌ m p ə t t	1	0	0
random	k l ɑː ɡ	k l ɑː ɡ d	k l ɑː ɡ d	ɪ v æ k j ə w e ɪ t	ɪ v æ k j ə w e ɪ t ə d	k l ɑː ɡ ə d	1	0	0
random	p a ʊ ɹ̩	p a ʊ ɹ̩ d	p a ʊ ɹ̩ d	t e ɪ m	t e ɪ m d	p a ʊ ɹ̩ d	1	1	1
random	ɪ ɡ z ɪ b ɪ t	ɪ ɡ z ɪ b ɪ t ə d	ɪ ɡ z ɪ b ɪ t ə d	ə s o ʊ s iː e ɪ t	ə s o ʊ s iː e ɪ t ə d	ɪ ɡ z ɪ b ɪ t ə d	1	1	1
random	e ɪ d͡ʒ	e ɪ d͡ʒ d	e ɪ d͡ʒ d	w e ɪ t	w e ɪ t ə d	e ɪ d͡ʒ ə d	1	0	0
random	t e ɪ b ə l	t e ɪ b ə l d	t e ɪ b ə l d	d r a ɪ	d r a ɪ d	t e ɪ b ə l d	1	1	1
random	r ɪ s p ɛ k t	r ɪ s p ɛ k t ə d	r ɪ s p ɛ k t ə d	ʃ uː t	ʃ ɑː t	NA	1	0	0
random	m æ k s	m æ k s t	m æ k s t	h ɪ t	h ɪ t	m æ k s	1	0	0
random	ɛ n æ k t	ɛ n æ k t ə d	ɛ n æ k t ə d	t ɪ k ə t	t ɪ k ə t ə d	ɛ n æ k t ə d	1	1	1
random	m ɑː d ə f a ɪ	m ɑː d ə f a ɪ d	m ɑː d v ə f a ɪ	s ʌ f ə k e ɪ t	s ʌ f ə k e ɪ t ə d	m ɑː d ə f a ɪ ə d	1	0	0
random	f iː t͡ʃ ɹ̩	f iː t͡ʃ ɹ̩ d	f iː t͡ʃ ɹ̩ d	p uː p	p uː p t	f iː t͡ʃ ɹ̩ t	1	0	0
random	w e ɪ l	w e ɪ l d	w e ɪ l d	r ʌ f	r ʌ f t	w e ɪ l t	1	0	0
random	p ɹ̩ s	p ɹ̩ s t	p ɹ̩ s t	s t ɑː r t	s t ɑː r t ə d	p ɹ̩ s ə d	1	0	0
random	l iː f	l iː f t	l iː f t	ʃ ɪ f t	ʃ ɪ f t ə d	l iː f ə d	1	0	0
random	p e ɪ p ɹ̩	p e ɪ p ɹ̩ d	p e ɪ p ɹ̩ d	d r ɑː p	d r ɑː p t	p e ɪ p ɹ̩ t	1	0	0
random	r ɪ p ɛ l	r ɪ p ɛ l d	r ɪ p ɛ l d	ʌ n d ɹ̩ ɛ s t ə m e ɪ t	ʌ n d ɹ̩ ɛ s t ə m e ɪ t ə d	r ɪ p ɛ l ə d	1	0	0
random	b l uː m	b l uː m d	b l uː m d	n iː d	n iː d ə d	b l uː m ə d	1	0	0
random	b uː s t	b uː s t ə d	b uː s t ə d	n ʌ k ə l	n ʌ k ə l d	b uː s t d	1	0	0
random	d ɪ m æ n d	d ɪ m æ n d ə d	d ɪ m æ n d ə d	b r a ʊ n	b r a ʊ n d	d ɪ m æ n d d	1	0	0
random	k ɪ d n æ p	k ɪ d n æ p t	k ɪ n d	ɡ ɑː b ə l	ɡ ɑː b ə l d	k ɪ d n æ p d	1	0	0
random	b ɔ ɪ l	b ɔ ɪ l d	b ɔ ɪ l d	d r ɪ p	d r ɪ p t	b ɔ ɪ l t	1	0	0
random	b r a ɪ b	b r a ɪ b d	b r a ɪ b d	p ɔ z	p ɔ z d	b r a ɪ b d	1	1	1
random	a ʊ t r ʌ n	a ʊ t r æ n	a ʊ t r ʌ n d	n ʌ d͡ʒ	n ʌ d͡ʒ d	a ʊ t r ʌ n d	0	1	0
random	θ ɪ n	θ ɪ n d	θ ɪ n d	s t e ɪ ʃ ə n	s t e ɪ ʃ ə n d	θ ɪ n d	1	1	1
random	f r e ɪ m	f r e ɪ m d	f r e ɪ m d	ɑː r m	ɑː r m d	f r e ɪ m d	1	1	1
random	f l ʌ f	f l ʌ f t	f l ʌ f t	d ɪ s t ɹ̩ b	d ɪ s t ɹ̩ b d	f l ʌ f d	1	0	0
random	s k r iː t͡ʃ	s k r iː t͡ʃ t	s k r iː t͡ʃ t	s a ɪ n	s a ɪ n d	s k r iː t͡ʃ d	1	0	0
random	b ɔ r d	b ɔ r d ə d	b ɔ r d ə d	p r ɪ d ɪ k t	p r ɪ d ɪ k t ə d	b ɔ r d ə d	1	1	1
random	ɡ l ɪ s ə n	ɡ l ɪ s ə n d	ɡ l ɪ s ə n d	ɪ n v ɑː l v	ɪ n v ɑː l v d	ɡ l ɪ s ə n d	1	1	1
random	p o ʊ z	p o ʊ z d	p o ʊ z d	ɪ k w e ɪ t	ɪ k w e ɪ t ə d	p o ʊ z ə d	1	0	0
random	h ɑː r n ə s	h ɑː r n ə s t	h ɑː r n ə s t	h ɑː p	h ɑː p t	h ɑː r n ə s t	1	1	1
random	ə n f o ʊ l d	ə n f o ʊ l d ə d	ə n f o ʊ l d ə d	s e ɪ v	s e ɪ v d	ə n f o ʊ l d d	1	0	0
random	t w iː k	t w iː k t	t w iː k t	s w ɪ m	s w æ m	NA	1	0	0
random	s ɹ̩ v a ɪ v	s ɹ̩ v a ɪ v d	s ɹ̩ v a ɪ v d	ə r ɛ s t	ə r ɛ s t ə d	s ɹ̩ v a ɪ v ə d	1	0	0
random	f ɹ̩ b ɪ d	f ɹ̩ b e ɪ d	f ɹ̩ b ɪ d ə d	s ʌ f ɹ̩	s ʌ f ɹ̩ d	f ɹ̩ b ɪ d d	0	0	0
random	s iː t	s iː t ə d	s iː t	r ɪ z ɛ m b ə l	r ɪ z ɛ m b ə l d	s iː t d	1	0	0
random	n o ʊ z d a ɪ v	n o ʊ z d a ɪ v d	n o ʊ d a ɪ d a ɪ d	k r ʌ m b ə l	k r ʌ m b ə l d	n o ʊ z d a ɪ v d	1	0	1
random	s t e ɪ n	s t e ɪ n d	s t e ɪ n d	n æ ɡ	n æ ɡ d	s t e ɪ n d	1	1	1
random	f l æ t ɹ̩	f l æ t ɹ̩ d	f l æ t ɹ̩ d	ə t r æ k t	ə t r æ k t ə d	f l æ t ɹ̩ ə d	1	0	0
random	ɡ l ɔ r ə f a ɪ	ɡ l ɔ r ə f a ɪ d	ɡ r ə f l ə f a ɪ	ɡ ʌ m	ɡ ʌ m d	ɡ l ɔ r ə f a ɪ d	1	0	1
random	iː z	iː z d	e ɪ z	r iː ɔ r ɡ ə n a ɪ z	r iː ɔ r ɡ ə n a ɪ z d	iː z d	1	0	1
random	w ɪ ŋ k	w ɪ ŋ k t	w ɪ ŋ k t	ɹ̩ d͡ʒ	ɹ̩ d͡ʒ d	w ɪ ŋ k d	1	0	0
random	r iː d uː	r iː d ɪ d	r iː d ɪ d	r ɪ z a ɪ n	r ɪ z a ɪ n d	r iː d uː d	0	0	0
random	ɪ n t͡ʃ	ɪ n t͡ʃ t	ɪ n t͡ʃ t	f ɔ r m	f ɔ r m d	ɪ n t͡ʃ d	1	0	0
random	k w a ɪ ə t	k w a ɪ ə t ə d	k w a ɪ ə t ə d	k ə n ɡ r æ t͡ʃ ə l e ɪ t	k ə n ɡ r æ t͡ʃ ə l e ɪ t ə d	k w a ɪ ə t ə d	1	1	1
random	k ɑː k	k ɑː k t	k ɑː k t	l o ʊ d	l o ʊ d ə d	k ɑː k ə d	1	0	0
random	h j uː	h j uː	h j uː d	f r ʌ s t r e ɪ t	f r ʌ s t r e ɪ t ə d	h j uː ə d	0	0	0
random	ɡ ʌ s iː	ɡ ʌ s iː d	ɡ ʌ s iː d	f a ɪ ɹ̩	f a ɪ ɹ̩ d	ɡ ʌ s iː d	1	1	1
random	k ə n t ɛ n t	k ə n t ɛ n t ə d	k ə n t ɛ n t ə d	k l ɪ p	k l ɪ p t	k ə n t ɛ n t t	1	0	0
random	v ɛ n t͡ʃ ɹ̩	v ɛ n t͡ʃ ɹ̩ d	v ɛ n t͡ʃ ɹ̩ d	s ʌ k	s ʌ k t	v ɛ n t͡ʃ ɹ̩ t	1	0	0
random	ɡ e ɪ z	ɡ e ɪ z d	ɡ e ɪ z d	k l iː r	k l iː r d	ɡ e ɪ z d	1	1	1
random	b ɪ l	b ɪ l d	b ɪ l d	æ b d ʌ k t	æ b d ʌ k t ə d	b ɪ l ə d	1	0	0
random	h a ʊ l	h a ʊ l d	h a ʊ l d	θ ʌ m	θ ʌ m d	h a ʊ l d	1	1	1
random	ə l ɑː t	ə l ɑː t ə d	ə l ɑː t ə d	f ɹ̩ ɡ ɪ v	f ɹ̩ ɡ e ɪ v	NA	1	0	0
random	ə f ɛ n d	ə f ɛ n d ə d	ə f ɛ n d ə d	t r e ɪ l	t r e ɪ l d	ə f ɛ n d d	1	0	0
random	f e ɪ v ɹ̩	f e ɪ v ɹ̩ d	f e ɪ v ɹ̩ d	n o ʊ	n uː	NA	1	0	0
random	o ʊ ɡ ə l	o ʊ ɡ ə l d	o ʊ ɡ ə l d	r æ t ə l	r æ t ə l d	o ʊ ɡ ə l d	1	1	1
random	t r ɛ ʒ ɹ̩	t r ɛ ʒ ɹ̩ d	t r ɛ ʒ ɹ̩ d	t e ɪ k	t ʊ k	NA	1	0	0
random	b ɪ d	b e ɪ d	b ɪ d ə d	ʃ ɛ l t ɹ̩	ʃ ɛ l t ɹ̩ d	b ɪ d d	0	0	0
random	k ə m ɪ t	k ə m ɪ t ə d	k ə m ɪ t ə d	l ɪ k	l ɪ k t	k ə m ɪ t t	1	0	0
random	s iː z	s iː z d	s iː z d	s ə l ɛ k t	s ə l ɛ k t ə d	s iː z ə d	1	0	0
random	ɪ v æ l j uː e ɪ t	ɪ v æ l j uː e ɪ t ə d	ɪ v æ l j uː e ɪ t ə d	s p e ɪ s	s p e ɪ s t	ɪ v æ l j uː e ɪ t t	1	0	0
random	p r ɑː d͡ʒ ɛ k t	p r ɑː d͡ʒ ɛ k t ə d	p r ɑː d͡ʒ ɛ k t ə d	ɪ n v ɑː l v	ɪ n v ɑː l v d	p r ɑː d͡ʒ ɛ k t d	1	0	0
random	ɡ l a ʊ ɹ̩	ɡ l a ʊ ɹ̩ d	ɡ l a ʊ ɹ̩ d	ɡ ʌ ʃ	ɡ ʌ ʃ t	ɡ l a ʊ ɹ̩ t	1	0	0
random	r ʌ s t	r ʌ s t ə d	r ʌ s t ə d	r iː s ɹ̩ t͡ʃ	r iː s ɹ̩ t͡ʃ t	r ʌ s t t	1	0	0
random	r ɪ v ɹ̩ s	r ɪ v ɹ̩ s t	r ɪ v ɹ̩ s t	n ɹ̩ s	n ɹ̩ s t	r ɪ v ɹ̩ s t	1	1	1
random	d ɪ l ɪ n iː e ɪ t	d ɪ l ɪ n iː e ɪ t ə d	d ɪ n ɪ n e ɪ n t ə d	f l æ ɡ	f l æ ɡ d	d ɪ l ɪ n iː e ɪ t d	1	0	0
random	d æ ʃ	d æ ʃ t	d æ ʃ t	w ɑː b ə l	w ɑː b ə l d	d æ ʃ d	1	0	0
random	l o ʊ n	l o ʊ n d	l o ʊ n d	r e ɪ	r e ɪ d	l o ʊ n d	1	1	1
random	f ɔ r w ɹ̩ d	f ɔ r w ɹ̩ d ə d	f ɔ r w ɹ̩ d ə d	b l iː t͡ʃ	b l iː t͡ʃ t	f ɔ r w ɹ̩ d t	1	0	0
random	h uː t	h uː t ə d	h uː t ə d	m ɹ̩ m ɹ̩	m ɹ̩ m ɹ̩ d	h uː t d	1	0	0
random	ɡ r æ n t	ɡ r æ n t ə d	ɡ r æ n t ə d	v ɔ ɪ s	v ɔ ɪ s t	ɡ r æ n t t	1	0	0
random	m æ ŋ ɡ ə l	m æ ŋ ɡ ə l d	m æ ŋ ɡ ə l d	m ɑː r b ə l	m ɑː r b ə l d	m æ ŋ ɡ ə l d	1	1	1
