neighbors	src	gold	pred	neighbor_src	neighbor_out	neighbor_gold	analogy	matches_pred	matches_gold	class_gold	class_pred	class_neighbor
model_sep	h æ v	h æ d	h æ v d	h æ ŋ	h ʌ ŋ	h ʌ ŋ	NA	0	0	coda_change	reg_d	vowel_change
model_sep	h æ p ə n	h æ p ə n d	h æ p ə n d	h o ʊ l d	h ɛ l d	h ɛ l d	NA	0	0	reg_d	reg_d	vowel_change
model_sep	p l e ɪ s	p l e ɪ s t	p l e ɪ s t	p l æ n t	p l æ n t ə d	p l æ n t ə d	p l e ɪ s ə d	0	0	reg_t	reg_t	reg_əd
model_sep	k l o ʊ z	k l o ʊ z d	k l o ʊ l d	k l æ m p	k l æ m p t	k l æ m p t	k l o ʊ z t	0	0	reg_d	coda_change	reg_t
model_sep	k ʊ k	k ʊ k t	k o ʊ k	k iː p	k ɛ p t	k ɛ p t	NA	0	0	reg_t	vowel_change	vowel_change_suffix
model_sep	r ʌ n	r æ n	r ʌ n d	r ʌ b	r ʌ b d	r ʌ b d	r ʌ n d	1	0	vowel_change	reg_d	reg_d
model_sep	s e ɪ	s ɛ d	s e ɪ d	s ɹ̩ v	s ɹ̩ v d	s ɹ̩ v d	s e ɪ d	1	0	vowel_change_suffix	reg_d	reg_d
model_sep	f ɪ ʃ	f ɪ ʃ t	f ɪ ʃ t	f ɪ l	f ɪ l d	f ɪ l d	f ɪ ʃ d	0	0	reg_t	reg_t	reg_d
model_sep	h ɹ̩ t	h ɹ̩ t	h ɹ̩ t	h ɹ̩ iː	h ɹ̩ iː d	h ɹ̩ iː d	h ɹ̩ t d	0	0	no_change	no_change	reg_d
model_sep	l uː z	l ɔ s t	l uː z d	l uː s	l uː s t	l uː s t	l uː z t	0	0	rhyme_replaced	reg_d	reg_t
model_sep	æ s k	æ s k t	æ k s t	æ k t	æ k t ə d	æ k t ə d	æ s k ə d	0	0	reg_t	coda_change	reg_əd
model_sep	p e ɪ	p e ɪ d	p e ɪ d	p ɔ z	p ɔ z d	p ɔ z d	p e ɪ d	1	1	reg_d	reg_d	reg_d
model_sep	s p ɛ l	s p ɛ l d	s p ɛ l d	s m ɛ l	s m ɛ l d	s m ɛ l d	s p ɛ l d	1	1	reg_d	reg_d	reg_d
model_sep	s p ɪ t	s p æ t	s p ɪ t	s e ɪ v	s e ɪ v d	s e ɪ v d	s p ɪ t d	0	0	vowel_change	no_change	reg_d
model_sep	m ɪ s	m ɪ s t	m ɪ s t	m uː v	m uː v d	m uː v d	m ɪ s d	0	0	reg_t	reg_t	reg_d
model_sep	s t ɑː r t	s t ɑː r t ə d	s t ɑː r t ə d	s t ɑː m p	s t ɑː m p t	s t ɑː m p t	s t ɑː r t t	0	0	reg_əd	reg_əd	reg_t
model_sep	p ɑː r t iː	p ɑː r t iː d	p ɑː r t iː d	p e ɪ n t	p e ɪ n t ə d	p e ɪ n t ə d	p ɑː r t iː ə d	0	0	reg_d	reg_d	reg_əd
model_sep	ɡ ɛ s	ɡ ɛ s t	ɡ ɑː s t	ɡ ɛ t	ɡ ɑː t	ɡ ɑː t	NA	0	0	reg_t	vowel_change_suffix	vowel_change
model_sep	f a ɪ ɹ̩	f a ɪ ɹ̩ d	f ɔ t ɹ̩ d	f a ɪ t	f ɔ t	f ɔ t	NA	0	0	reg_d	other	vowel_change
model_sep	s ɪ t	s æ t	s ɪ t	s ɪ p	s ɪ p t	s ɪ p t	s ɪ t t	0	0	vowel_change	no_change	reg_t
model_sep	ʃ uː	ʃ uː d	ʃ uː d	ʃ ɪ p	ʃ ɪ p t	ʃ ɪ p t	ʃ uː t	0	0	reg_d	reg_d	reg_t
model_sep	w ɹ̩ k	w ɹ̩ k t	w ɹ̩ k t	w ɹ̩ iː	w ɹ̩ iː d	w ɹ̩ iː d	w ɹ̩ k d	0	0	reg_t	reg_t	reg_d
model_sep	t ʌ t͡ʃ	t ʌ t͡ʃ t	t ʌ t͡ʃ t	t ʌ k	t ʌ k t	t ʌ k t	t ʌ t͡ʃ t	1	1	reg_t	reg_t	reg_t
model_sep	s t ɑː p	s t ɑː p t	s t ɑː p t	s t ɪ ŋ	s t ʌ ŋ	s t ʌ ŋ	NA	0	0	reg_t	reg_t	vowel_change
model_sep	s t ɹ̩	s t ɹ̩ d	s t ɹ̩ d	s o ʊ	s o ʊ d	s o ʊ d	s t ɹ̩ d	1	1	reg_d	reg_d	reg_d
model_sep	l ɛ d	l ɛ d ə d	l ɛ d	l ɛ t	l ɛ t	l ɛ t	l ɛ d	1	0	reg_əd	no_change	no_change
model_sep	p ɔ r	p ɔ r d	p ɔ r d	p ɔ z	p ɔ z d	p ɔ z d	p ɔ r d	1	1	reg_d	reg_d	reg_d
model_sep	s ə p o ʊ z	s ə p o ʊ z d	s ə p ə p ɛ d	s ə d͡ʒ ɛ s t	s ə d͡ʒ ɛ s t ə d	s ə d͡ʒ ɛ s t ə d	s ə p o ʊ z ə d	0	0	reg_d	other	reg_əd
model_sep	w ʌ n d ɹ̩	w ʌ n d ɹ̩ d	w ʌ n d ɹ̩ d	w ɑː n d ɹ̩	w ɑː n d ɹ̩ d	w ɑː n d ɹ̩ d	w ʌ n d ɹ̩ d	1	1	reg_d	reg_d	reg_d
model_sep	k w ɛ s t͡ʃ ə n	k w ɛ s t͡ʃ ə n d	k w ɛ k ə n ʃ t	k r ʌ m b ə l	k r ʌ m b ə l d	k r ʌ m b ə l d	k w ɛ s t͡ʃ ə n d	0	1	reg_d	other	reg_d
model_sep	d a ɪ	d a ɪ d	d ɔ a ɪ d	d r ɔ	d r uː	d r uː	NA	0	0	reg_d	vowel_change_suffix	vowel_change
model_sep	s p iː k	s p o ʊ k	s p iː k t	s n iː k	s n iː k t	s n iː k t	s p iː k t	1	0	vowel_change	reg_t	reg_t
model_sep	s w iː p	s w ɛ p t	s w ɛ p t	s n iː k	s n iː k t	s n iː k t	s w iː p t	0	0	vowel_change_suffix	vowel_change_suffix	reg_t
model_sep	b r ʌ ʃ	b r ʌ ʃ t	b r ʌ ʃ t	b l o ʊ	b l uː	b l uː	NA	0	0	reg_t	reg_t	vowel_change
model_sep	ə b a ɪ d	ə b a ɪ d ə d	ə d	ə v ɔ ɪ d	ə v ɔ ɪ d ə d	ə v ɔ ɪ d ə d	ə b a ɪ d ə d	0	1	reg_əd	other	reg_əd
model_sep	l æ f	l æ f t	l æ f t	l ʌ v	l ʌ v d	l ʌ v d	l æ f d	0	0	reg_t	reg_t	reg_d
model_sep	t a ɪ	t a ɪ d	t ɔ t	t ɔ k	t ɔ k t	t ɔ k t	t a ɪ t	0	0	reg_d	vowel_change_suffix	reg_t
model_sep	ɪ n v a ɪ t	ɪ n v a ɪ t ə d	ɪ n v ɪ v t ə d	ɪ m æ d͡ʒ ə n	ɪ m æ d͡ʒ ə n d	ɪ m æ d͡ʒ ə n d	ɪ n v a ɪ t d	0	0	reg_əd	other	reg_d
model_sep	k r ɔ l	k r ɔ l d	k r ɔ l d	k æ r iː	k æ r iː d	k æ r iː d	k r ɔ l d	1	1	reg_d	reg_d	reg_d
model_sep	p o ʊ k	p o ʊ k t	p o ʊ k t	p a ʊ ɹ̩	p a ʊ ɹ̩ d	p a ʊ ɹ̩ d	p o ʊ k d	0	0	reg_t	reg_t	reg_d
model_sep	ɡ r o ʊ	ɡ r uː	ɡ r uː	ɡ r æ b	ɡ r æ b d	ɡ r æ b d	ɡ r o ʊ d	0	0	vowel_change	vowel_change	reg_d
model_sep	s t iː l	s t o ʊ l	s t iː l d	s t iː m	s t iː m d	s t iː m d	s t iː l d	1	0	vowel_change	reg_d	reg_d
model_sep	t͡ʃ uː	t͡ʃ uː d	t͡ʃ uː d	t͡ʃ ɑː p	t͡ʃ ɑː p t	t͡ʃ ɑː p t	t͡ʃ uː t	0	0	reg_d	reg_d	reg_t
model_sep	w ɔ k	w ɔ k t	w ɔ k t	w ɛ t	w ɛ t	w ɛ t	w ɔ k	0	0	reg_t	reg_t	no_change
model_sep	s ɛ l	s o ʊ l d	s ɛ l d	s ɛ t	s ɛ t	s ɛ t	s ɛ l	0	0	vowel_change_suffix	reg_d	no_change
model_sep	p ɪ k t͡ʃ ɹ̩	p ɪ k t͡ʃ ɹ̩ d	p ɪ k t͡ʃ ɹ̩ d	p ɪ k ə l	p ɪ k ə l d	p ɪ k ə l d	p ɪ k t͡ʃ ɹ̩ d	1	1	reg_d	reg_d	reg_d
model_sep	k o ʊ m	k o ʊ m d	k o ʊ m d	k r æ ʃ	k r æ ʃ t	k r æ ʃ t	k o ʊ m t	0	0	reg_d	reg_d	reg_t
model_sep	s m a ɪ l	s m a ɪ l d	s m a ɪ l d	s k a ʊ l	s k a ʊ l d	s k a ʊ l d	s m a ɪ l d	1	1	reg_d	reg_d	reg_d
model_sep	d r ɑː p	d r ɑː p t	d r ɑː p t	d r ɪ p	d r ɪ p t	d r ɪ p t	d r ɑː p t	1	1	reg_t	reg_t	reg_t
model_sep	s k r æ t͡ʃ	s k r æ t͡ʃ t	s k r æ t͡ʃ t	s k w iː z	s k w iː z d	s k w iː z d	s k r æ t͡ʃ d	0	0	reg_t	reg_t	reg_d
model_sep	s t æ m p	s t æ m p t	s t æ m p t	s t ɑː m p	s t ɑː m p t	s t ɑː m p t	s t æ m p t	1	1	reg_t	reg_t	reg_t
model_sep	k r ʌ ʃ	k r ʌ ʃ t	k r ʌ ʃ t	k l ʌ b	k l ʌ b d	k l ʌ b d	k r ʌ ʃ d	0	0	reg_t	reg_t	reg_d
model_sep	b uː t	b uː t ə d	b uː t	b a ɪ	b ɔ t	b ɔ t	NA	0	0	reg_əd	no_change	vowel_change_suffix
model_sep	r ə k ɔ r d	r ə k ɔ r d ə d	r uː k ə k ə d	r ɛ s k j uː	r ɛ s k j uː d	r ɛ s k j uː d	r ə k ɔ r d d	0	0	reg_əd	other	reg_d
model_sep	t͡ʃ uː z	t͡ʃ o ʊ z	t͡ʃ uː z d	t͡ʃ ɪ p	t͡ʃ ɪ p t	t͡ʃ ɪ p t	t͡ʃ uː z t	0	0	vowel_change	reg_d	reg_t
model_sep	d æ n s	d æ n s t	d æ n s t	d r iː m	d r iː m d	d r iː m d	d æ n s d	0	0	reg_t	reg_t	reg_d
model_sep	s n ɑː r ə l	s n ɑː r ə l d	s ɑː n t ə l d	s w ɑː l o ʊ	s w ɑː l o ʊ d	s w ɑː l o ʊ d	s n ɑː r ə l d	0	1	reg_d	other	reg_d
model_sep	l ɪ f t	l ɪ f t ə d	l ɪ f t	l o ʊ ɹ̩	l o ʊ ɹ̩ d	l o ʊ ɹ̩ d	l ɪ f t d	0	0	reg_əd	no_change	reg_d
model_sep	t͡ʃ ɛ k	t͡ʃ ɛ k t	t͡ʃ ɛ k t	t͡ʃ iː t	t͡ʃ iː t ə d	t͡ʃ iː t ə d	t͡ʃ ɛ k ə d	0	0	reg_t	reg_t	reg_əd
model_sep	f ɑː l o ʊ	f ɑː l o ʊ d	f ɑː l o ʊ d	f ɪ ɡ j ɹ̩	f ɪ ɡ j ɹ̩ d	f ɪ ɡ j ɹ̩ d	f ɑː l o ʊ d	1	1	reg_d	reg_d	reg_d
model_sep	h æ n d	h æ n d ə d	h æ n d ə d	h æ m ɹ̩	h æ m ɹ̩ d	h æ m ɹ̩ d	h æ n d d	0	0	reg_əd	reg_əd	reg_d
model_sep	r ɛ k ə m ɛ n d	r ɛ k ə m ɛ n d ə d	r ɛ k ə m ɛ n d	r ɪ m ɛ m b ɹ̩	r ɪ m ɛ m b ɹ̩ d	r ɪ m ɛ m b ɹ̩ d	r ɛ k ə m ɛ n d d	0	0	reg_əd	no_change	reg_d
model_sep	ʃ uː t	ʃ ɑː t	ʃ uː t	ʃ ɪ p	ʃ ɪ p t	ʃ ɪ p t	ʃ uː t t	0	0	vowel_change	no_change	reg_t
model_sep	s o ʊ k	s o ʊ k t	s o ʊ k t	s ɔ r t	s ɔ r t ə d	s ɔ r t ə d	s o ʊ k ə d	0	0	reg_t	reg_t	reg_əd
model_sep	p ɑː r t ɪ s ə p e ɪ t	p ɑː r t ɪ s ə p e ɪ t ə d	p s t ə d	p ɔ ɪ n t	p ɔ ɪ n t ə d	p ɔ ɪ n t ə d	p ɑː r t ɪ s ə p e ɪ t ə d	0	1	reg_əd	other	reg_əd
model_sep	s m æ k	s m æ k t	s m æ k t	s m æ ʃ	s m æ ʃ t	s m æ ʃ t	s m æ k t	1	1	reg_t	reg_t	reg_t
model_sep	z ɪ p	z ɪ p t	z ɪ p t	z æ p	z æ p t	z æ p t	z ɪ p t	1	1	reg_t	reg_t	reg_t
model_sep	w ɔ r m	w ɔ r m d	w ɔ r m d	w ɔ r n	w ɔ r n d	w ɔ r n d	w ɔ r m d	1	1	reg_d	reg_d	reg_d
model_sep	k æ m p	k æ m p t	k æ m p t	k æ r iː	k æ r iː d	k æ r iː d	k æ m p d	0	0	reg_t	reg_t	reg_d
model_sep	p ɹ̩ f ɛ k t	p ɹ̩ f ɛ k t ə d	p ɹ̩ d ɹ̩ d	p ɑː r d ə n	p ɑː r d ə n d	p ɑː r d ə n d	p ɹ̩ f ɛ k t d	0	0	reg_əd	other	reg_d
model_sep	z uː m	z uː m d	z uː m d	z æ p	z æ p t	z æ p t	z uː m t	0	0	reg_d	reg_d	reg_t
model_sep	f o ʊ n	f o ʊ n d	f o ʊ n d	f l æ ʃ	f l æ ʃ t	f l æ ʃ t	f o ʊ n t	0	0	reg_d	reg_d	reg_t
model_sep	ɡ r e ɪ s	ɡ r e ɪ s t	ɡ r e ɪ s t	ɡ r a ʊ l	ɡ r a ʊ l d	ɡ r a ʊ l d	ɡ r e ɪ s d	0	0	reg_t	reg_t	reg_d
model_sep	h ʊ k	h ʊ k t	h ʊ k t	h ɛ d	h ɛ d ə d	h ɛ d ə d	h ʊ k ə d	0	0	reg_t	reg_t	reg_əd
model_sep	p ɛ ɡ	p ɛ ɡ d	p ɛ ɡ d	p ɛ n	p ɛ n d	p ɛ n d	p ɛ ɡ d	1	1	reg_d	reg_d	reg_d
model_sep	f l o ʊ t	f l o ʊ t ə d	f l o ʊ t ə d	f l a ʊ ɹ̩	f l a ʊ ɹ̩ d	f l a ʊ ɹ̩ d	f l o ʊ t d	0	0	reg_əd	reg_əd	reg_d
model_sep	s p ɛ n d	s p ɛ n t	s p ɛ n d ə d	s k w ɑː ʃ	s k w ɑː ʃ t	s k w ɑː ʃ t	s p ɛ n d t	0	0	coda_change	reg_əd	reg_t
model_sep	s æ n d	s æ n d ə d	s æ n t	s ɛ n d	s ɛ n t	s ɛ n t	s æ n t	1	0	reg_əd	coda_change	coda_change
model_sep	o ʊ n	o ʊ n d	o ʊ n d	o ʊ p ə n	o ʊ p ə n d	o ʊ p ə n d	o ʊ n d	1	1	reg_d	reg_d	reg_d
model_sep	m e ɪ l	m e ɪ l d	m e ɪ l d	m e ɪ k	m e ɪ d	m e ɪ d	NA	0	0	reg_d	reg_d	coda_change
model_sep	ə n t a ɪ	ə n t a ɪ d	ə n t n t ə d	ə n r æ p	ə n r æ p t	ə n r æ p t	ə n t a ɪ t	0	0	reg_d	other	reg_t
model_sep	ɡ r iː s	ɡ r iː s t	ɡ r iː s t	ɡ r æ b	ɡ r æ b d	ɡ r æ b d	ɡ r iː s d	0	0	reg_t	reg_t	reg_d
model_sep	p r ə t ɛ k t	p r ə t ɛ k t ə d	p r ə t ɛ k t ə d	p r iː t ɛ n d	p r iː t ɛ n d ə d	p r iː t ɛ n d ə d	p r ə t ɛ k t ə d	1	1	reg_əd	reg_əd	reg_əd
model_sep	r e ɪ d iː o ʊ	r e ɪ d iː o ʊ d	r e ɪ d	r ɪ m ɛ m b ɹ̩	r ɪ m ɛ m b ɹ̩ d	r ɪ m ɛ m b ɹ̩ d	r e ɪ d iː o ʊ d	0	1	reg_d	other	reg_d
model_sep	d ɪ v a ɪ d	d ɪ v a ɪ d ə d	d ɪ v a ɪ d ə d	d ɪ s a ɪ d	d ɪ s a ɪ d ə d	d ɪ s a ɪ d ə d	d ɪ v a ɪ d ə d	1	1	reg_əd	reg_əd	reg_əd
model_sep	t o ʊ	t o ʊ d	t o ʊ d	t æ ɡ	t æ ɡ d	t æ ɡ d	t o ʊ d	1	1	reg_d	reg_d	reg_d
model_sep	t r æ n z m ɪ t	t r æ n z m ɪ t ə d	t r æ n d	t ɛ l ə f o ʊ n	t ɛ l ə f o ʊ n d	t ɛ l ə f o ʊ n d	t r æ n z m ɪ t d	0	0	reg_əd	other	reg_d
model_sep	b æ t	b æ t ə d	b æ t	b æ k	b æ k t	b æ k t	b æ t t	0	0	reg_əd	no_change	reg_t
model_sep	w e ɪ	w e ɪ d	w e ɪ d	w ɹ̩ iː	w ɹ̩ iː d	w ɹ̩ iː d	w e ɪ d	1	1	reg_d	reg_d	reg_d
model_sep	k l iː r	k l iː r d	k l iː r d	k l iː n	k l iː n d	k l iː n d	k l iː r d	1	1	reg_d	reg_d	reg_d
model_sep	ɛ n t͡ʃ æ n t	ɛ n t͡ʃ æ n t ə d	ɛ n t͡ʃ t n t ə d	ɛ m f ə s a ɪ z	ɛ m f ə s a ɪ z d	ɛ m f ə s a ɪ z d	ɛ n t͡ʃ æ n t d	0	0	reg_əd	other	reg_d
model_sep	ə d r ɛ s	ə d r ɛ s t	ə d r ɛ s t	ə d m ɪ t	ə d m ɪ t ə d	ə d m ɪ t ə d	ə d r ɛ s ə d	0	0	reg_t	reg_t	reg_əd
model_sep	s m ʌ d͡ʒ	s m ʌ d͡ʒ d	s m ʌ d͡ʒ d	s t ʌ f	s t ʌ f t	s t ʌ f t	s m ʌ d͡ʒ t	0	0	reg_d	reg_d	reg_t
model_sep	d r e ɪ p	d r e ɪ p t	d r e ɪ p t	d ɪ l iː t	d ɪ l iː t ə d	d ɪ l iː t ə d	d r e ɪ p ə d	0	0	reg_t	reg_t	reg_əd
model_sep	d ɪ p	d ɪ p t	d ɪ p t	d ɪ ɡ	d ʌ ɡ	d ʌ ɡ	NA	0	0	reg_t	reg_t	vowel_change
model_sep	ə s o ʊ s iː e ɪ t	ə s o ʊ s iː e ɪ t ə d	ə s a ɪ s t e ɪ t ə d	ə p ɑː l ə d͡ʒ a ɪ z	ə p ɑː l ə d͡ʒ a ɪ z d	ə p ɑː l ə d͡ʒ a ɪ z d	ə s o ʊ s iː e ɪ t d	0	0	reg_əd	other	reg_d
model_sep	s ɪ ŋ k	s æ ŋ k	s ɔ t	s m ɛ l	s m ɛ l d	s m ɛ l d	s ɪ ŋ k d	0	0	vowel_change	rhyme_replaced	reg_d
model_sep	p iː l	p iː l d	p iː l t	p iː k	p iː k t	p iː k t	p iː l t	1	0	reg_d	reg_t	reg_t
model_sep	ɪ k s ɛ p t	ɪ k s ɛ p t ə d	ɪ k s p ɛ s t	ɪ m æ d͡ʒ ə n	ɪ m æ d͡ʒ ə n d	ɪ m æ d͡ʒ ə n d	ɪ k s ɛ p t d	0	0	reg_əd	other	reg_d
model_sep	f r a ʊ n	f r a ʊ n d	f r a ʊ n d	f a ɪ n d	f a ʊ n d	f a ʊ n d	NA	0	0	reg_d	reg_d	vowel_change
model_sep	s p r ɛ d	s p r ɛ d	s p r ɛ d ə d	s t r ɛ t͡ʃ	s t r ɛ t͡ʃ t	s t r ɛ t͡ʃ t	s p r ɛ d t	0	0	no_change	reg_əd	reg_t
model_sep	f l ɪ p	f l ɪ p t	f l ɪ p t	f e ɪ l	f e ɪ l d	f e ɪ l d	f l ɪ p d	0	0	reg_t	reg_t	reg_d
model_sep	m ʌ ʃ r uː m	m ʌ ʃ r uː m d	m b ʌ ʃ t r d	m ɑː r k ə t	m ɑː r k ə t ə d	m ɑː r k ə t ə d	m ʌ ʃ r uː m ə d	0	0	reg_d	other	reg_əd
model_sep	r iː d uː	r iː d ɪ d	r iː d iː d	r ɛ d iː	r ɛ d iː d	r ɛ d iː d	r iː d uː d	0	0	vowel_change_suffix	vowel_change_suffix	reg_d
model_sep	ɡ æ s p	ɡ æ s p t	ɡ æ s p t	ɡ r æ b	ɡ r æ b d	ɡ r æ b d	ɡ æ s p d	0	0	reg_t	reg_t	reg_d
model_sep	t ɛ r ə r a ɪ z	t ɛ r ə r a ɪ z d	t ɛ r ə r a ɪ z d	t ɛ l ə f o ʊ n	t ɛ l ə f o ʊ n d	t ɛ l ə f o ʊ n d	t ɛ r ə r a ɪ z d	1	1	reg_d	reg_d	reg_d
model_sep	b ʊ t͡ʃ ɹ̩	b ʊ t͡ʃ ɹ̩ d	b ʊ t͡ʃ ɹ̩ d	b e ɪ k	b e ɪ k t	b e ɪ k t	b ʊ t͡ʃ ɹ̩ t	0	0	reg_d	reg_d	reg_t
model_sep	m ə n ɪ p j ə l e ɪ t	m ə n ɪ p j ə l e ɪ t ə d	m b ə d	m a ɪ n d	m a ɪ n d ə d	m a ɪ n d ə d	m ə n ɪ p j ə l e ɪ t ə d	0	1	reg_əd	other	reg_əd
model_sep	d r ʌ ɡ	d r ʌ ɡ d	d r ʌ ɡ d	d r ɛ s	d r ɛ s t	d r ɛ s t	d r ʌ ɡ t	0	0	reg_d	reg_d	reg_t
model_sep	s l a ɪ s	s l a ɪ s t	s l a ɪ s t	s l a ɪ d	s l ɪ d	s l ɪ d	NA	0	0	reg_t	reg_t	vowel_change
model_sep	s ɹ̩ a ʊ n d	s ɹ̩ a ʊ n d ə d	s ɹ̩ a ʊ n a ɪ d	s p r a ʊ t	s p r a ʊ t ə d	s p r a ʊ t ə d	s ɹ̩ a ʊ n d ə d	0	1	reg_əd	other	reg_əd
model_sep	s k r ɪ b ə l	s k r ɪ b ə l d	s k r ʌ b ə l d	s ɹ̩ p r a ɪ z	s ɹ̩ p r a ɪ z d	s ɹ̩ p r a ɪ z d	s k r ɪ b ə l d	0	1	reg_d	other	reg_d
model_sep	ɡ r iː n	ɡ r iː n d	ɡ r iː n d	ɡ r æ b	ɡ r æ b d	ɡ r æ b d	ɡ r iː n d	1	1	reg_d	reg_d	reg_d
model_sep	s k w ɹ̩ t	s k w ɹ̩ t ə d	s k ɹ̩ d	s k w iː z	s k w iː z d	s k w iː z d	s k w ɹ̩ t d	0	0	reg_əd	other	reg_d
model_sep	k ə n ɛ k t	k ə n ɛ k t ə d	k ə n ɛ k t ə d	k ə l ɛ k t	k ə l ɛ k t ə d	k ə l ɛ k t ə d	k ə n ɛ k t ə d	1	1	reg_əd	reg_əd	reg_əd
model_sep	ɡ r ɪ l	ɡ r ɪ l d	ɡ r ɪ l d	ɡ r æ b	ɡ r æ b d	ɡ r æ b d	ɡ r ɪ l d	1	1	reg_d	reg_d	reg_d
model_sep	k ə n s ɪ d ɹ̩	k ə n s ɪ d ɹ̩ d	k ə n d	k r ʌ m b ə l	k r ʌ m b ə l d	k r ʌ m b ə l d	k ə n s ɪ d ɹ̩ d	0	1	reg_d	other	reg_d
model_sep	k ɹ̩ l	k ɹ̩ l d	k ɹ̩ l d	k ɹ̩ v	k ɹ̩ v d	k ɹ̩ v d	k ɹ̩ l d	1	1	reg_d	reg_d	reg_d
model_sep	ɔ θ ɹ̩	ɔ θ ɹ̩ d	ɔ θ ɹ̩ d	ɔ f ɹ̩	ɔ f ɹ̩ d	ɔ f ɹ̩ d	ɔ θ ɹ̩ d	1	1	reg_d	reg_d	reg_d
model_sep	f l ʌ ʃ	f l ʌ ʃ t	f l ʌ ʃ t	f e ɪ s	f e ɪ s t	f e ɪ s t	f l ʌ ʃ t	1	1	reg_t	reg_t	reg_t
model_mean	h æ v	h æ d	h æ v d	h æ m ɹ̩	h æ m ɹ̩ d	h æ m ɹ̩ d	h æ v d	1	0	coda_change	reg_d	reg_d
model_mean	h æ p ə n	h æ p ə n d	h æ p ə n d	h æ m ɹ̩	h æ m ɹ̩ d	h æ m ɹ̩ d	h æ p ə n d	1	1	reg_d	reg_d	reg_d
model_mean	p l e ɪ s	p l e ɪ s t	p l e ɪ s t	p l e ɪ	p l e ɪ d	p l e ɪ d	p l e ɪ s d	0	0	reg_t	reg_t	reg_d
model_mean	k l o ʊ z	k l o ʊ z d	k l o ʊ l d	k l a ɪ m	k l a ɪ m d	k l a ɪ m d	k l o ʊ z d	0	1	reg_d	coda_change	reg_d
model_mean	k ʊ k	k ʊ k t	k o ʊ k	k iː	k iː d	k iː d	k ʊ k d	0	0	reg_t	vowel_change	reg_d
model_mean	r ʌ n	r æ n	r ʌ n d	r ʌ ʃ	r ʌ ʃ t	r ʌ ʃ t	r ʌ n t	0	0	vowel_change	reg_d	reg_t
model_mean	s e ɪ	s ɛ d	s e ɪ d	s e ɪ l	s e ɪ l d	s e ɪ l d	s e ɪ d	1	0	vowel_change_suffix	reg_d	reg_d
model_mean	f ɪ ʃ	f ɪ ʃ t	f ɪ ʃ t	f ɪ l	f ɪ l d	f ɪ l d	f ɪ ʃ d	0	0	reg_t	reg_t	reg_d
model_mean	h ɹ̩ t	h ɹ̩ t	h ɹ̩ t	h ɹ̩ iː	h ɹ̩ iː d	h ɹ̩ iː d	h ɹ̩ t d	0	0	no_change	no_change	reg_d
model_mean	l uː z	l ɔ s t	l uː z d	l uː s	l uː s t	l uː s t	l uː z t	0	0	rhyme_replaced	reg_d	reg_t
model_mean	æ s k	æ s k t	æ k s t	æ k t	æ k t ə d	æ k t ə d	æ s k ə d	0	0	reg_t	coda_change	reg_əd
model_mean	p e ɪ	p e ɪ d	p e ɪ d	p l e ɪ	p l e ɪ d	p l e ɪ d	p e ɪ d	1	1	reg_d	reg_d	reg_d
model_mean	s p ɛ l	s p ɛ l d	s p ɛ l d	s p l æ ʃ	s p l æ ʃ t	s p l æ ʃ t	s p ɛ l t	0	0	reg_d	reg_d	reg_t
model_mean	s p ɪ t	s p æ t	s p ɪ t	s p ɪ l	s p ɪ l d	s p ɪ l d	s p ɪ t d	0	0	vowel_change	no_change	reg_d
model_mean	m ɪ s	m ɪ s t	m ɪ s t	m ɪ k s	m ɪ k s t	m ɪ k s t	m ɪ s t	1	1	reg_t	reg_t	reg_t
model_mean	s t ɑː r t	s t ɑː r t ə d	s t ɑː r t ə d	s t ɑː m p	s t ɑː m p t	s t ɑː m p t	s t ɑː r t t	0	0	reg_əd	reg_əd	reg_t
model_mean	p ɑː r t iː	p ɑː r t iː d	p ɑː r t iː d	p ɑː r d ə n	p ɑː r d ə n d	p ɑː r d ə n d	p ɑː r t iː d	1	1	reg_d	reg_d	reg_d
model_mean	ɡ ɛ s	ɡ ɛ s t	ɡ ɑː s t	ɡ ɛ t	ɡ ɑː t	ɡ ɑː t	NA	0	0	reg_t	vowel_change_suffix	vowel_change
model_mean	f a ɪ ɹ̩	f a ɪ ɹ̩ d	f ɔ t ɹ̩ d	f ɪ l	f ɪ l d	f ɪ l d	f a ɪ ɹ̩ d	0	1	reg_d	other	reg_d
model_mean	s ɪ t	s æ t	s ɪ t	s ɪ p	s ɪ p t	s ɪ p t	s ɪ t t	0	0	vowel_change	no_change	reg_t
model_mean	ʃ uː	ʃ uː d	ʃ uː d	ʃ ɪ p	ʃ ɪ p t	ʃ ɪ p t	ʃ uː t	0	0	reg_d	reg_d	reg_t
model_mean	w ɹ̩ k	w ɹ̩ k t	w ɹ̩ k t	w ɹ̩ iː	w ɹ̩ iː d	w ɹ̩ iː d	w ɹ̩ k d	0	0	reg_t	reg_t	reg_d
model_mean	t ʌ t͡ʃ	t ʌ t͡ʃ t	t ʌ t͡ʃ t	t ʌ k	t ʌ k t	t ʌ k t	t ʌ t͡ʃ t	1	1	reg_t	reg_t	reg_t
model_mean	s t ɑː p	s t ɑː p t	s t ɑː p t	s t ɛ p	s t ɛ p t	s t ɛ p t	s t ɑː p t	1	1	reg_t	reg_t	reg_t
model_mean	s t ɹ̩	s t ɹ̩ d	s t ɹ̩ d	s t ɪ l	s t ɪ l d	s t ɪ l d	s t ɹ̩ d	1	1	reg_d	reg_d	reg_d
model_mean	l ɛ d	l ɛ d ə d	l ɛ d	l ɛ t	l ɛ t	l ɛ t	l ɛ d	1	0	reg_əd	no_change	no_change
model_mean	p ɔ r	p ɔ r d	p ɔ r d	p ɔ z	p ɔ z d	p ɔ z d	p ɔ r d	1	1	reg_d	reg_d	reg_d
model_mean	s ə p o ʊ z	s ə p o ʊ z d	s ə p ə p ɛ d	ə s uː m	ə s uː m d	ə s uː m d	s ə p o ʊ z d	0	1	reg_d	other	reg_d
model_mean	w ʌ n d ɹ̩	w ʌ n d ɹ̩ d	w ʌ n d ɹ̩ d	t ʌ m b ə l	t ʌ m b ə l d	t ʌ m b ə l d	w ʌ n d ɹ̩ d	1	1	reg_d	reg_d	reg_d
model_mean	k w ɛ s t͡ʃ ə n	k w ɛ s t͡ʃ ə n d	k w ɛ k ə n ʃ t	k w ɪ t	k w ɪ t	k w ɪ t	k w ɛ s t͡ʃ ə n	0	0	reg_d	other	no_change
model_mean	d a ɪ	d a ɪ d	d ɔ a ɪ d	d ɪ ŋ	d ɪ ŋ d	d ɪ ŋ d	d a ɪ d	0	1	reg_d	vowel_change_suffix	reg_d
model_mean	s p iː k	s p o ʊ k	s p iː k t	s t iː m	s t iː m d	s t iː m d	s p iː k d	0	0	vowel_change	reg_t	reg_d
model_mean	s w iː p	s w ɛ p t	s w ɛ p t	s w ɪ t͡ʃ	s w ɪ t͡ʃ t	s w ɪ t͡ʃ t	s w iː p t	0	0	vowel_change_suffix	vowel_change_suffix	reg_t
model_mean	b r ʌ ʃ	b r ʌ ʃ t	b r ʌ ʃ t	b r ɪ ŋ	b r ɔ t	b r ɔ t	NA	0	0	reg_t	reg_t	rhyme_replaced
model_mean	ə b a ɪ d	ə b a ɪ d ə d	ə d	ə t æ t͡ʃ	ə t æ t͡ʃ t	ə t æ t͡ʃ t	ə b a ɪ d t	0	0	reg_əd	other	reg_t
model_mean	l æ f	l æ f t	l æ f t	l æ s t	l æ s t ə d	l æ s t ə d	l æ f ə d	0	0	reg_t	reg_t	reg_əd
model_mean	t a ɪ	t a ɪ d	t ɔ t	t a ɪ ɹ̩	t a ɪ ɹ̩ d	t a ɪ ɹ̩ d	t a ɪ d	0	1	reg_d	vowel_change_suffix	reg_d
model_mean	ɪ n v a ɪ t	ɪ n v a ɪ t ə d	ɪ n v ɪ v t ə d	ɪ n t ɹ̩ v j uː	ɪ n t ɹ̩ v j uː d	ɪ n t ɹ̩ v j uː d	ɪ n v a ɪ t d	0	0	reg_əd	other	reg_d
model_mean	k r ɔ l	k r ɔ l d	k r ɔ l d	k r ɔ s	k r ɔ s t	k r ɔ s t	k r ɔ l t	0	0	reg_d	reg_d	reg_t
model_mean	p o ʊ k	p o ʊ k t	p o ʊ k t	p ʊ t	p ʊ t	p ʊ t	p o ʊ k	0	0	reg_t	reg_t	no_change
model_mean	ɡ r o ʊ	ɡ r uː	ɡ r uː	ɡ r a ʊ l	ɡ r a ʊ l d	ɡ r a ʊ l d	ɡ r o ʊ d	0	0	vowel_change	vowel_change	reg_d
model_mean	s t iː l	s t o ʊ l	s t iː l d	s t iː m	s t iː m d	s t iː m d	s t iː l d	1	0	vowel_change	reg_d	reg_d
model_mean	t͡ʃ uː	t͡ʃ uː d	t͡ʃ uː d	t͡ʃ ɪ p	t͡ʃ ɪ p t	t͡ʃ ɪ p t	t͡ʃ uː t	0	0	reg_d	reg_d	reg_t
model_mean	w ɔ k	w ɔ k t	w ɔ k t	w ɔ t ɹ̩	w ɔ t ɹ̩ d	w ɔ t ɹ̩ d	w ɔ k d	0	0	reg_t	reg_t	reg_d
model_mean	s ɛ l	s o ʊ l d	s ɛ l d	s ɛ t	s ɛ t	s ɛ t	s ɛ l	0	0	vowel_change_suffix	reg_d	no_change
model_mean	p ɪ k t͡ʃ ɹ̩	p ɪ k t͡ʃ ɹ̩ d	p ɪ k t͡ʃ ɹ̩ d	p ɪ k ə l	p ɪ k ə l d	p ɪ k ə l d	p ɪ k t͡ʃ ɹ̩ d	1	1	reg_d	reg_d	reg_d
model_mean	k o ʊ m	k o ʊ m d	k o ʊ m d	k l a ɪ m	k l a ɪ m d	k l a ɪ m d	k o ʊ m d	1	1	reg_d	reg_d	reg_d
model_mean	s m a ɪ l	s m a ɪ l d	s m a ɪ l d	s m ɛ l	s m ɛ l d	s m ɛ l d	s m a ɪ l d	1	1	reg_d	reg_d	reg_d
model_mean	d r ɑː p	d r ɑː p t	d r ɑː p t	d r ɪ p	d r ɪ p t	d r ɪ p t	d r ɑː p t	1	1	reg_t	reg_t	reg_t
model_mean	s k r æ t͡ʃ	s k r æ t͡ʃ t	s k r æ t͡ʃ t	s k r uː	s k r uː d	s k r uː d	s k r æ t͡ʃ d	0	0	reg_t	reg_t	reg_d
model_mean	s t æ m p	s t æ m p t	s t æ m p t	s t æ n d	s t ʊ d	s t ʊ d	NA	0	0	reg_t	reg_t	rhyme_replaced
model_mean	k r ʌ ʃ	k r ʌ ʃ t	k r ʌ ʃ t	k r æ k	k r æ k t	k r æ k t	k r ʌ ʃ t	1	1	reg_t	reg_t	reg_t
model_mean	b uː t	b uː t ə d	b uː t	b uː	b uː d	b uː d	b uː t d	0	0	reg_əd	no_change	reg_d
model_mean	r ə k ɔ r d	r ə k ɔ r d ə d	r uː k ə k ə d	r iː ə l a ɪ z	r iː ə l a ɪ z d	r iː ə l a ɪ z d	r ə k ɔ r d d	0	0	reg_əd	other	reg_d
model_mean	t͡ʃ uː z	t͡ʃ o ʊ z	t͡ʃ uː z d	t͡ʃ o ʊ k	t͡ʃ o ʊ k t	t͡ʃ o ʊ k t	t͡ʃ uː z t	0	0	vowel_change	reg_d	reg_t
model_mean	d æ n s	d æ n s t	d æ n s t	d ɪ ʃ	d ɪ ʃ t	d ɪ ʃ t	d æ n s t	1	1	reg_t	reg_t	reg_t
model_mean	s n ɑː r ə l	s n ɑː r ə l d	s ɑː n t ə l d	s n æ p	s n æ p t	s n æ p t	s n ɑː r ə l t	0	0	reg_d	other	reg_t
model_mean	l ɪ f t	l ɪ f t ə d	l ɪ f t	l ɪ m ə t	l ɪ m ə t ə d	l ɪ m ə t ə d	l ɪ f t ə d	0	1	reg_əd	no_change	reg_əd
model_mean	t͡ʃ ɛ k	t͡ʃ ɛ k t	t͡ʃ ɛ k t	t͡ʃ o ʊ k	t͡ʃ o ʊ k t	t͡ʃ o ʊ k t	t͡ʃ ɛ k t	1	1	reg_t	reg_t	reg_t
model_mean	f ɑː l o ʊ	f ɑː l o ʊ d	f ɑː l o ʊ d	f ɑː r m	f ɑː r m d	f ɑː r m d	f ɑː l o ʊ d	1	1	reg_d	reg_d	reg_d
model_mean	h æ n d	h æ n d ə d	h æ n d ə d	h ɪ t	h ɪ t	h ɪ t	h æ n d	0	0	reg_əd	reg_əd	no_change
model_mean	r ɛ k ə m ɛ n d	r ɛ k ə m ɛ n d ə d	r ɛ k ə m ɛ n d	r ɛ k ə ɡ n a ɪ z	r ɛ k ə ɡ n a ɪ z d	r ɛ k ə ɡ n a ɪ z d	r ɛ k ə m ɛ n d d	0	0	reg_əd	no_change	reg_d
model_mean	ʃ uː t	ʃ ɑː t	ʃ uː t	ʃ ɪ p	ʃ ɪ p t	ʃ ɪ p t	ʃ uː t t	0	0	vowel_change	no_change	reg_t
model_mean	s o ʊ k	s o ʊ k t	s o ʊ k t	s o ʊ	s o ʊ d	s o ʊ d	s o ʊ k d	0	0	reg_t	reg_t	reg_d
model_mean	p ɑː r t ɪ s ə p e ɪ t	p ɑː r t ɪ s ə p e ɪ t ə d	p s t ə d	p ɑː r d ə n	p ɑː r d ə n d	p ɑː r d ə n d	p ɑː r t ɪ s ə p e ɪ t d	0	0	reg_əd	other	reg_d
model_mean	s m æ k	s m æ k t	s m æ k t	s m æ ʃ	s m æ ʃ t	s m æ ʃ t	s m æ k t	1	1	reg_t	reg_t	reg_t
model_mean	z ɪ p	z ɪ p t	z ɪ p t	z æ p	z æ p t	z æ p t	z ɪ p t	1	1	reg_t	reg_t	reg_t
model_mean	w ɔ r m	w ɔ r m d	w ɔ r m d	w ɔ r n	w ɔ r n d	w ɔ r n d	w ɔ r m d	1	1	reg_d	reg_d	reg_d
model_mean	k æ m p	k æ m p t	k æ m p t	k æ t͡ʃ	k ɔ t	k ɔ t	NA	0	0	reg_t	reg_t	rhyme_replaced
model_mean	p ɹ̩ f ɛ k t	p ɹ̩ f ɛ k t ə d	p ɹ̩ d ɹ̩ d	s ɹ̩ p r a ɪ z	s ɹ̩ p r a ɪ z d	s ɹ̩ p r a ɪ z d	p ɹ̩ f ɛ k t d	0	0	reg_əd	other	reg_d
model_mean	z uː m	z uː m d	z uː m d	m uː v	m uː v d	m uː v d	z uː m d	1	1	reg_d	reg_d	reg_d
model_mean	f o ʊ n	f o ʊ n d	f o ʊ n d	f o ʊ l d	f o ʊ l d ə d	f o ʊ l d ə d	f o ʊ n ə d	0	0	reg_d	reg_d	reg_əd
model_mean	ɡ r e ɪ s	ɡ r e ɪ s t	ɡ r e ɪ s t	ɡ r æ b	ɡ r æ b d	ɡ r æ b d	ɡ r e ɪ s d	0	0	reg_t	reg_t	reg_d
model_mean	h ʊ k	h ʊ k t	h ʊ k t	l ʊ k	l ʊ k t	l ʊ k t	h ʊ k t	1	1	reg_t	reg_t	reg_t
model_mean	p ɛ ɡ	p ɛ ɡ d	p ɛ ɡ d	p ɑː p	p ɑː p t	p ɑː p t	p ɛ ɡ t	0	0	reg_d	reg_d	reg_t
model_mean	f l o ʊ t	f l o ʊ t ə d	f l o ʊ t ə d	f l a ʊ ɹ̩	f l a ʊ ɹ̩ d	f l a ʊ ɹ̩ d	f l o ʊ t d	0	0	reg_əd	reg_əd	reg_d
model_mean	s p ɛ n d	s p ɛ n t	s p ɛ n d ə d	s p æ ŋ k	s p æ ŋ k t	s p æ ŋ k t	s p ɛ n d t	0	0	coda_change	reg_əd	reg_t
model_mean	s æ n d	s æ n d ə d	s æ n t	s n æ p	s n æ p t	s n æ p t	s æ n d t	0	0	reg_əd	coda_change	reg_t
model_mean	o ʊ n	o ʊ n d	o ʊ n d	o ʊ p ə n	o ʊ p ə n d	o ʊ p ə n d	o ʊ n d	1	1	reg_d	reg_d	reg_d
model_mean	m e ɪ l	m e ɪ l d	m e ɪ l d	m e ɪ k	m e ɪ d	m e ɪ d	NA	0	0	reg_d	reg_d	coda_change
model_mean	ə n t a ɪ	ə n t a ɪ d	ə n t n t ə d	ə n z ɪ p	ə n z ɪ p t	ə n z ɪ p t	ə n t a ɪ t	0	0	reg_d	other	reg_t
model_mean	ɡ r iː s	ɡ r iː s t	ɡ r iː s t	ɡ r æ b	ɡ r æ b d	ɡ r æ b d	ɡ r iː s d	0	0	reg_t	reg_t	reg_d
model_mean	p r ə t ɛ k t	p r ə t ɛ k t ə d	p r ə t ɛ k t ə d	p r ɪ d ɪ k t	p r ɪ d ɪ k t ə d	p r ɪ d ɪ k t ə d	p r ə t ɛ k t ə d	1	1	reg_əd	reg_əd	reg_əd
model_mean	r e ɪ d iː o ʊ	r e ɪ d iː o ʊ d	r e ɪ d	r e ɪ n	r e ɪ n d	r e ɪ n d	r e ɪ d iː o ʊ d	0	1	reg_d	other	reg_d
model_mean	d ɪ v a ɪ d	d ɪ v a ɪ d ə d	d ɪ v a ɪ d ə d	d ɪ v ɛ l ə p	d ɪ v ɛ l ə p t	d ɪ v ɛ l ə p t	d ɪ v a ɪ d t	0	0	reg_əd	reg_əd	reg_t
model_mean	t o ʊ	t o ʊ d	t o ʊ d	t æ ɡ	t æ ɡ d	t æ ɡ d	t o ʊ d	1	1	reg_d	reg_d	reg_d
model_mean	t r æ n z m ɪ t	t r æ n z m ɪ t ə d	t r æ n d	t r æ n z l e ɪ t	t r æ n z l e ɪ t ə d	t r æ n z l e ɪ t ə d	t r æ n z m ɪ t ə d	0	1	reg_əd	other	reg_əd
model_mean	b æ t	b æ t ə d	b æ t	b æ k	b æ k t	b æ k t	b æ t t	0	0	reg_əd	no_change	reg_t
model_mean	w e ɪ	w e ɪ d	w e ɪ d	w e ɪ t	w e ɪ t ə d	w e ɪ t ə d	w e ɪ ə d	0	0	reg_d	reg_d	reg_əd
model_mean	k l iː r	k l iː r d	k l iː r d	k l iː n	k l iː n d	k l iː n d	k l iː r d	1	1	reg_d	reg_d	reg_d
model_mean	ɛ n t͡ʃ æ n t	ɛ n t͡ʃ æ n t ə d	ɛ n t͡ʃ t n t ə d	ɛ n d͡ʒ ɔ ɪ	ɛ n d͡ʒ ɔ ɪ d	ɛ n d͡ʒ ɔ ɪ d	ɛ n t͡ʃ æ n t d	0	0	reg_əd	other	reg_d
model_mean	ə d r ɛ s	ə d r ɛ s t	ə d r ɛ s t	ə d m ɪ t	ə d m ɪ t ə d	ə d m ɪ t ə d	ə d r ɛ s ə d	0	0	reg_t	reg_t	reg_əd
model_mean	s m ʌ d͡ʒ	s m ʌ d͡ʒ d	s m ʌ d͡ʒ d	s m ɛ l	s m ɛ l d	s m ɛ l d	s m ʌ d͡ʒ d	1	1	reg_d	reg_d	reg_d
model_mean	d r e ɪ p	d r e ɪ p t	d r e ɪ p t	d r ɪ p	d r ɪ p t	d r ɪ p t	d r e ɪ p t	1	1	reg_t	reg_t	reg_t
model_mean	d ɪ p	d ɪ p t	d ɪ p t	d ɪ ʃ	d ɪ ʃ t	d ɪ ʃ t	d ɪ p t	1	1	reg_t	reg_t	reg_t
model_mean	ə s o ʊ s iː e ɪ t	ə s o ʊ s iː e ɪ t ə d	ə s a ɪ s t e ɪ t ə d	s p a ɪ	s p a ɪ d	s p a ɪ d	ə s o ʊ s iː e ɪ t d	0	0	reg_əd	other	reg_d
model_mean	s ɪ ŋ k	s æ ŋ k	s ɔ t	s ɪ ŋ	s æ ŋ	s æ ŋ	NA	0	0	vowel_change	rhyme_replaced	vowel_change
model_mean	p iː l	p iː l d	p iː l t	p iː k	p iː k t	p iː k t	p iː l t	1	0	reg_d	reg_t	reg_t
model_mean	ɪ k s ɛ p t	ɪ k s ɛ p t ə d	ɪ k s p ɛ s t	ɪ k s p ɛ k t	ɪ k s p ɛ k t ə d	ɪ k s p ɛ k t ə d	ɪ k s ɛ p t ə d	0	1	reg_əd	other	reg_əd
model_mean	f r a ʊ n	f r a ʊ n d	f r a ʊ n d	f r a ɪ	f r a ɪ d	f r a ɪ d	f r a ʊ n d	1	1	reg_d	reg_d	reg_d
model_mean	s p r ɛ d	s p r ɛ d	s p r ɛ d ə d	s p r a ʊ t	s p r a ʊ t ə d	s p r a ʊ t ə d	s p r ɛ d ə d	1	0	no_change	reg_əd	reg_əd
model_mean	f l ɪ p	f l ɪ p t	f l ɪ p t	f l æ p	f l æ p t	f l æ p t	f l ɪ p t	1	1	reg_t	reg_t	reg_t
model_mean	m ʌ ʃ r uː m	m ʌ ʃ r uː m d	m b ʌ ʃ t r d	t ʌ m b ə l	t ʌ m b ə l d	t ʌ m b ə l d	m ʌ ʃ r uː m d	0	1	reg_d	other	reg_d
model_mean	r iː d uː	r iː d ɪ d	r iː d iː d	r iː d	r ɛ d	r ɛ d	NA	0	0	vowel_change_suffix	vowel_change_suffix	vowel_change
model_mean	ɡ æ s p	ɡ æ s p t	ɡ æ s p t	ɡ ɪ v	ɡ e ɪ v	ɡ e ɪ v	NA	0	0	reg_t	reg_t	vowel_change
model_mean	t ɛ r ə r a ɪ z	t ɛ r ə r a ɪ z d	t ɛ r ə r a ɪ z d	t ɛ l ə f o ʊ n	t ɛ l ə f o ʊ n d	t ɛ l ə f o ʊ n d	t ɛ r ə r a ɪ z d	1	1	reg_d	reg_d	reg_d
model_mean	b ʊ t͡ʃ ɹ̩	b ʊ t͡ʃ ɹ̩ d	b ʊ t͡ʃ ɹ̩ d	b æ ɡ	b æ ɡ d	b æ ɡ d	b ʊ t͡ʃ ɹ̩ d	1	1	reg_d	reg_d	reg_d
model_mean	m ə n ɪ p j ə l e ɪ t	m ə n ɪ p j ə l e ɪ t ə d	m b ə d	ə n z ɪ p	ə n z ɪ p t	ə n z ɪ p t	m ə n ɪ p j ə l e ɪ t t	0	0	reg_əd	other	reg_t
model_mean	d r ʌ ɡ	d r ʌ ɡ d	d r ʌ ɡ d	d r ɔ	d r uː	d r uː	NA	0	0	reg_d	reg_d	vowel_change
model_mean	s l a ɪ s	s l a ɪ s t	s l a ɪ s t	s l a ɪ d	s l ɪ d	s l ɪ d	NA	0	0	reg_t	reg_t	vowel_change
model_mean	s ɹ̩ a ʊ n d	s ɹ̩ a ʊ n d ə d	s ɹ̩ a ʊ n a ɪ d	s ɹ̩ v	s ɹ̩ v d	s ɹ̩ v d	s ɹ̩ a ʊ n d d	0	0	reg_əd	other	reg_d
model_mean	s k r ɪ b ə l	s k r ɪ b ə l d	s k r ʌ b ə l d	s k r æ m b ə l	s k r æ m b ə l d	s k r æ m b ə l d	s k r ɪ b ə l d	0	1	reg_d	other	reg_d
model_mean	ɡ r iː n	ɡ r iː n d	ɡ r iː n d	ɡ r æ b	ɡ r æ b d	ɡ r æ b d	ɡ r iː n d	1	1	reg_d	reg_d	reg_d
model_mean	s k w ɹ̩ t	s k w ɹ̩ t ə d	s k ɹ̩ d	s k w iː z	s k w iː z d	s k w iː z d	s k w ɹ̩ t d	0	0	reg_əd	other	reg_d
model_mean	k ə n ɛ k t	k ə n ɛ k t ə d	k ə n ɛ k t ə d	k ə n t r o ʊ l	k ə n t r o ʊ l d	k ə n t r o ʊ l d	k ə n ɛ k t d	0	0	reg_əd	reg_əd	reg_d
model_mean	ɡ r ɪ l	ɡ r ɪ l d	ɡ r ɪ l d	ɡ r æ b	ɡ r æ b d	ɡ r æ b d	ɡ r ɪ l d	1	1	reg_d	reg_d	reg_d
model_mean	k ə n s ɪ d ɹ̩	k ə n s ɪ d ɹ̩ d	k ə n d	k ə n t ɪ n j uː	k ə n t ɪ n j uː d	k ə n t ɪ n j uː d	k ə n s ɪ d ɹ̩ d	0	1	reg_d	other	reg_d
model_mean	k ɹ̩ l	k ɹ̩ l d	k ɹ̩ l d	k ɹ̩ v	k ɹ̩ v d	k ɹ̩ v d	k ɹ̩ l d	1	1	reg_d	reg_d	reg_d
model_mean	ɔ θ ɹ̩	ɔ θ ɹ̩ d	ɔ θ ɹ̩ d	ɔ f ɹ̩	ɔ f ɹ̩ d	ɔ f ɹ̩ d	ɔ θ ɹ̩ d	1	1	reg_d	reg_d	reg_d
model_mean	f l ʌ ʃ	f l ʌ ʃ t	f l ʌ ʃ t	f l æ ʃ	f l æ ʃ t	f l æ ʃ t	f l ʌ ʃ t	1	1	reg_t	reg_t	reg_t
model_stem	h æ v	h æ d	h æ v d	ɡ ɪ v	ɡ e ɪ v	ɡ e ɪ v	NA	0	0	coda_change	reg_d	vowel_change
model_stem	h æ p ə n	h æ p ə n d	h æ p ə n d	o ʊ p ə n	o ʊ p ə n d	o ʊ p ə n d	h æ p ə n d	1	1	reg_d	reg_d	reg_d
model_stem	p l e ɪ s	p l e ɪ s t	p l e ɪ s t	t r e ɪ s	t r e ɪ s t	t r e ɪ s t	p l e ɪ s t	1	1	reg_t	reg_t	reg_t
model_stem	k l o ʊ z	k l o ʊ z d	k l o ʊ l d	s k w iː z	s k w iː z d	s k w iː z d	k l o ʊ z d	0	1	reg_d	coda_change	reg_d
model_stem	k ʊ k	k ʊ k t	k o ʊ k	l ʊ k	l ʊ k t	l ʊ k t	k ʊ k t	0	1	reg_t	vowel_change	reg_t
model_stem	r ʌ n	r æ n	r ʌ n d	d ɑː n	d ɑː n d	d ɑː n d	r ʌ n d	1	0	vowel_change	reg_d	reg_d
model_stem	s e ɪ	s ɛ d	s e ɪ d	l e ɪ	l e ɪ d	l e ɪ d	s e ɪ d	1	0	vowel_change_suffix	reg_d	reg_d
model_stem	f ɪ ʃ	f ɪ ʃ t	f ɪ ʃ t	w ɪ ʃ	w ɪ ʃ t	w ɪ ʃ t	f ɪ ʃ t	1	1	reg_t	reg_t	reg_t
model_stem	h ɹ̩ t	h ɹ̩ t	h ɹ̩ t	ɡ ɛ t	ɡ ɑː t	ɡ ɑː t	NA	0	0	no_change	no_change	vowel_change
model_stem	l uː z	l ɔ s t	l uː z d	j uː z	j uː z d	j uː z d	l uː z d	1	0	rhyme_replaced	reg_d	reg_d
model_stem	æ s k	æ s k t	æ k s t	s iː k	s ɔ t	s ɔ t	NA	0	0	reg_t	coda_change	rhyme_replaced
model_stem	p e ɪ	p e ɪ d	p e ɪ d	p r e ɪ	p r e ɪ d	p r e ɪ d	p e ɪ d	1	1	reg_d	reg_d	reg_d
model_stem	s p ɛ l	s p ɛ l d	s p ɛ l d	s m ɛ l	s m ɛ l d	s m ɛ l d	s p ɛ l d	1	1	reg_d	reg_d	reg_d
model_stem	s p ɪ t	s p æ t	s p ɪ t	r ɛ n t	r ɛ n t	r ɛ n t ə d	s p ɪ t	1	0	vowel_change	no_change	no_change
model_stem	m ɪ s	m ɪ s t	m ɪ s t	k ɪ s	k ɪ s t	k ɪ s t	m ɪ s t	1	1	reg_t	reg_t	reg_t
model_stem	s t ɑː r t	s t ɑː r t ə d	s t ɑː r t ə d	f r ʌ n t	f r ʌ n t ə d	f r ʌ n t ə d	s t ɑː r t ə d	1	1	reg_əd	reg_əd	reg_əd
model_stem	p ɑː r t iː	p ɑː r t iː d	p ɑː r t iː d	ɛ m p t iː	ɛ m p t iː d	ɛ m p t iː d	p ɑː r t iː d	1	1	reg_d	reg_d	reg_d
model_stem	ɡ ɛ s	ɡ ɛ s t	ɡ ɑː s t	m ɛ s	m ɛ s t	m ɛ s t	ɡ ɛ s t	0	1	reg_t	vowel_change_suffix	reg_t
model_stem	f a ɪ ɹ̩	f a ɪ ɹ̩ d	f ɔ t ɹ̩ d	p a ʊ ɹ̩	p a ʊ ɹ̩ d	p a ʊ ɹ̩ d	f a ɪ ɹ̩ d	0	1	reg_d	other	reg_d
model_stem	s ɪ t	s æ t	s ɪ t	s ɛ t	s ɛ t	s ɛ t	s ɪ t	1	0	vowel_change	no_change	no_change
model_stem	ʃ uː	ʃ uː d	ʃ uː d	d uː	d ɪ d	d ɪ d	ʃ ɪ d	0	0	reg_d	reg_d	vowel_change_suffix
model_stem	w ɹ̩ k	w ɹ̩ k t	w ɹ̩ k t	r e ɪ k	r e ɪ k t	r e ɪ k t	w ɹ̩ k t	1	1	reg_t	reg_t	reg_t
model_stem	t ʌ t͡ʃ	t ʌ t͡ʃ t	t ʌ t͡ʃ t	w ɑː t͡ʃ	w ɑː t͡ʃ t	w ɑː t͡ʃ t	t ʌ t͡ʃ t	1	1	reg_t	reg_t	reg_t
model_stem	s t ɑː p	s t ɑː p t	s t ɑː p t	s t ɛ p	s t ɛ p t	s t ɛ p t	s t ɑː p t	1	1	reg_t	reg_t	reg_t
model_stem	s t ɹ̩	s t ɹ̩ d	s t ɹ̩ d	t æ t ɹ̩	t æ t ɹ̩ d	t æ t ɹ̩ d	s t ɹ̩ d	1	1	reg_d	reg_d	reg_d
model_stem	l ɛ d	l ɛ d ə d	l ɛ d	h ɛ d	h ɛ d ə d	h ɛ d ə d	l ɛ d ə d	0	1	reg_əd	no_change	reg_əd
model_stem	p ɔ r	p ɔ r d	p ɔ r d	r ɔ r	r ɔ r d	r ɔ r d	p ɔ r d	1	1	reg_d	reg_d	reg_d
model_stem	s ə p o ʊ z	s ə p o ʊ z d	s ə p ə p ɛ d	s k w iː z	s k w iː z d	s k w iː z d	s ə p o ʊ z d	0	1	reg_d	other	reg_d
model_stem	w ʌ n d ɹ̩	w ʌ n d ɹ̩ d	w ʌ n d ɹ̩ d	w ɑː n d ɹ̩	w ɑː n d ɹ̩ d	w ɑː n d ɹ̩ d	w ʌ n d ɹ̩ d	1	1	reg_d	reg_d	reg_d
model_stem	k w ɛ s t͡ʃ ə n	k w ɛ s t͡ʃ ə n d	k w ɛ k ə n ʃ t	f r a ɪ t ə n	f r a ɪ t ə n d	f r a ɪ t ə n d	k w ɛ s t͡ʃ ə n d	0	1	reg_d	other	reg_d
model_stem	d a ɪ	d a ɪ d	d ɔ a ɪ d	t ɔ ɪ	t ɔ ɪ d	t ɔ ɪ d	d a ɪ d	0	1	reg_d	vowel_change_suffix	reg_d
model_stem	s p iː k	s p o ʊ k	s p iː k t	s n iː k	s n iː k t	s n iː k t	s p iː k t	1	0	vowel_change	reg_t	reg_t
model_stem	s w iː p	s w ɛ p t	s w ɛ p t	d͡ʒ ʌ m p	d͡ʒ ʌ m p t	d͡ʒ ʌ m p t	s w iː p t	0	0	vowel_change_suffix	vowel_change_suffix	reg_t
model_stem	b r ʌ ʃ	b r ʌ ʃ t	b r ʌ ʃ t	k r æ ʃ	k r æ ʃ t	k r æ ʃ t	b r ʌ ʃ t	1	1	reg_t	reg_t	reg_t
model_stem	ə b a ɪ d	ə b a ɪ d ə d	ə d	ə v ɔ ɪ d	ə v ɔ ɪ d ə d	ə v ɔ ɪ d ə d	ə b a ɪ d ə d	0	1	reg_əd	other	reg_əd
model_stem	l æ f	l æ f t	l æ f t	p ʌ f	p ʌ f t	p ʌ f t	l æ f t	1	1	reg_t	reg_t	reg_t
model_stem	t a ɪ	t a ɪ d	t ɔ t	l a ɪ	l e ɪ	l e ɪ	t e ɪ	0	0	reg_d	vowel_change_suffix	vowel_change
model_stem	ɪ n v a ɪ t	ɪ n v a ɪ t ə d	ɪ n v ɪ v t ə d	s p r a ʊ t	s p r a ʊ t ə d	s p r a ʊ t ə d	ɪ n v a ɪ t ə d	0	1	reg_əd	other	reg_əd
model_stem	k r ɔ l	k r ɔ l d	k r ɔ l d	r o ʊ l	r o ʊ l d	r o ʊ l d	k r ɔ l d	1	1	reg_d	reg_d	reg_d
model_stem	p o ʊ k	p o ʊ k t	p o ʊ k t	p ɑː r k	p ɑː r k t	p ɑː r k t	p o ʊ k t	1	1	reg_t	reg_t	reg_t
model_stem	ɡ r o ʊ	ɡ r uː	ɡ r uː	b l o ʊ	b l uː	b l uː	ɡ r uː	1	1	vowel_change	vowel_change	vowel_change
model_stem	s t iː l	s t o ʊ l	s t iː l d	s t ɪ l	s t ɪ l d	s t ɪ l d	s t iː l d	1	0	vowel_change	reg_d	reg_d
model_stem	t͡ʃ uː	t͡ʃ uː d	t͡ʃ uː d	d uː	d ɪ d	d ɪ d	t͡ʃ ɪ d	0	0	reg_d	reg_d	vowel_change_suffix
model_stem	w ɔ k	w ɔ k t	w ɔ k t	t ɔ k	t ɔ k t	t ɔ k t	w ɔ k t	1	1	reg_t	reg_t	reg_t
model_stem	s ɛ l	s o ʊ l d	s ɛ l d	t ɛ l	t o ʊ l d	t o ʊ l d	s o ʊ l d	0	1	vowel_change_suffix	reg_d	vowel_change_suffix
model_stem	p ɪ k t͡ʃ ɹ̩	p ɪ k t͡ʃ ɹ̩ d	p ɪ k t͡ʃ ɹ̩ d	w ɪ s p ɹ̩	w ɪ s p ɹ̩ d	w ɪ s p ɹ̩ d	p ɪ k t͡ʃ ɹ̩ d	1	1	reg_d	reg_d	reg_d
model_stem	k o ʊ m	k o ʊ m d	k o ʊ m d	r o ʊ m	r o ʊ m d	r o ʊ m d	k o ʊ m d	1	1	reg_d	reg_d	reg_d
model_stem	s m a ɪ l	s m a ɪ l d	s m a ɪ l d	w ɪ s ə l	w ɪ s ə l d	w ɪ s ə l d	s m a ɪ l d	1	1	reg_d	reg_d	reg_d
model_stem	d r ɑː p	d r ɑː p t	d r ɑː p t	d r ɪ p	d r ɪ p t	d r ɪ p t	d r ɑː p t	1	1	reg_t	reg_t	reg_t
model_stem	s k r æ t͡ʃ	s k r æ t͡ʃ t	s k r æ t͡ʃ t	s t r ɛ t͡ʃ	s t r ɛ t͡ʃ t	s t r ɛ t͡ʃ t	s k r æ t͡ʃ t	1	1	reg_t	reg_t	reg_t
model_stem	s t æ m p	s t æ m p t	s t æ m p t	s t ɑː m p	s t ɑː m p t	s t ɑː m p t	s t æ m p t	1	1	reg_t	reg_t	reg_t
model_stem	k r ʌ ʃ	k r ʌ ʃ t	k r ʌ ʃ t	k r æ ʃ	k r æ ʃ t	k r æ ʃ t	k r ʌ ʃ t	1	1	reg_t	reg_t	reg_t
model_stem	b uː t	b uː t ə d	b uː t	b ɛ t	b ɛ t	b ɛ t	b uː t	1	0	reg_əd	no_change	no_change
model_stem	r ə k ɔ r d	r ə k ɔ r d ə d	r uː k ə k ə d	d ɪ s a ɪ d	d ɪ s a ɪ d ə d	d ɪ s a ɪ d ə d	r ə k ɔ r d ə d	0	1	reg_əd	other	reg_əd
model_stem	t͡ʃ uː z	t͡ʃ o ʊ z	t͡ʃ uː z d	k ɑː z	k ɑː z d	k ɑː z d	t͡ʃ uː z d	1	0	vowel_change	reg_d	reg_d
model_stem	d æ n s	d æ n s t	d æ n s t	w æ k s	w æ k s t	w æ k s t	d æ n s t	1	1	reg_t	reg_t	reg_t
model_stem	s n ɑː r ə l	s n ɑː r ə l d	s ɑː n t ə l d	t r æ v ə l	t r æ v ə l d	t r æ v ə l d	s n ɑː r ə l d	0	1	reg_d	other	reg_d
model_stem	l ɪ f t	l ɪ f t ə d	l ɪ f t	k ɑː s t	k ɑː s t	k ɑː s t	l ɪ f t	1	0	reg_əd	no_change	no_change
model_stem	t͡ʃ ɛ k	t͡ʃ ɛ k t	t͡ʃ ɛ k t	s ɑː k	s ɑː k t	s ɑː k t	t͡ʃ ɛ k t	1	1	reg_t	reg_t	reg_t
model_stem	f ɑː l o ʊ	f ɑː l o ʊ d	f ɑː l o ʊ d	b ɑː r o ʊ	b ɑː r o ʊ d	b ɑː r o ʊ d	f ɑː l o ʊ d	1	1	reg_d	reg_d	reg_d
model_stem	h æ n d	h æ n d ə d	h æ n d ə d	l æ n d	l æ n d ə d	l æ n d ə d	h æ n d ə d	1	1	reg_əd	reg_əd	reg_əd
model_stem	r ɛ k ə m ɛ n d	r ɛ k ə m ɛ n d ə d	r ɛ k ə m ɛ n d	f a ɪ n d	f a ʊ n d	f a ʊ n d	NA	0	0	reg_əd	no_change	vowel_change
model_stem	ʃ uː t	ʃ ɑː t	ʃ uː t	ʃ ʌ t	ʃ ʌ t	ʃ ʌ t	ʃ uː t	1	0	vowel_change	no_change	no_change
model_stem	s o ʊ k	s o ʊ k t	s o ʊ k t	s n iː k	s n iː k t	s n iː k t	s o ʊ k t	1	1	reg_t	reg_t	reg_t
model_stem	p ɑː r t ɪ s ə p e ɪ t	p ɑː r t ɪ s ə p e ɪ t ə d	p s t ə d	p r iː z ɛ n t	p r iː z ɛ n t ə d	p r iː z ɛ n t ə d	p ɑː r t ɪ s ə p e ɪ t ə d	0	1	reg_əd	other	reg_əd
model_stem	s m æ k	s m æ k t	s m æ k t	s n iː k	s n iː k t	s n iː k t	s m æ k t	1	1	reg_t	reg_t	reg_t
model_stem	z ɪ p	z ɪ p t	z ɪ p t	s ɪ p	s ɪ p t	s ɪ p t	z ɪ p t	1	1	reg_t	reg_t	reg_t
model_stem	w ɔ r m	w ɔ r m d	w ɔ r m d	n e ɪ m	n e ɪ m d	n e ɪ m d	w ɔ r m d	1	1	reg_d	reg_d	reg_d
model_stem	k æ m p	k æ m p t	k æ m p t	d ʌ m p	d ʌ m p t	d ʌ m p t	k æ m p t	1	1	reg_t	reg_t	reg_t
model_stem	p ɹ̩ f ɛ k t	p ɹ̩ f ɛ k t ə d	p ɹ̩ d ɹ̩ d	s ə l ɛ k t	s ə l ɛ k t ə d	s ə l ɛ k t ə d	p ɹ̩ f ɛ k t ə d	0	1	reg_əd	other	reg_əd
model_stem	z uː m	z uː m d	z uː m d	k ʌ m	k ʌ m d	k e ɪ m	z uː m d	1	1	reg_d	reg_d	reg_d
model_stem	f o ʊ n	f o ʊ n d	f o ʊ n d	t͡ʃ e ɪ n	t͡ʃ e ɪ n d	t͡ʃ e ɪ n d	f o ʊ n d	1	1	reg_d	reg_d	reg_d
model_stem	ɡ r e ɪ s	ɡ r e ɪ s t	ɡ r e ɪ s t	ɪ r e ɪ s	ɪ r e ɪ s t	ɪ r e ɪ s t	ɡ r e ɪ s t	1	1	reg_t	reg_t	reg_t
model_stem	h ʊ k	h ʊ k t	h ʊ k t	l ʊ k	l ʊ k t	l ʊ k t	h ʊ k t	1	1	reg_t	reg_t	reg_t
model_stem	p ɛ ɡ	p ɛ ɡ d	p ɛ ɡ d	b ʌ ɡ	b ʌ ɡ d	b ʌ ɡ d	p ɛ ɡ d	1	1	reg_d	reg_d	reg_d
model_stem	f l o ʊ t	f l o ʊ t ə d	f l o ʊ t ə d	f r ʌ n t	f r ʌ n t ə d	f r ʌ n t ə d	f l o ʊ t ə d	1	1	reg_əd	reg_əd	reg_əd
model_stem	s p ɛ n d	s p ɛ n t	s p ɛ n d ə d	s t æ n d	s t ʊ d	s t ʊ d	NA	0	0	coda_change	reg_əd	rhyme_replaced
model_stem	s æ n d	s æ n d ə d	s æ n t	l æ n d	l æ n d ə d	l æ n d ə d	s æ n d ə d	0	1	reg_əd	coda_change	reg_əd
model_stem	o ʊ n	o ʊ n d	o ʊ n d	d ɑː n	d ɑː n d	d ɑː n d	o ʊ n d	1	1	reg_d	reg_d	reg_d
model_stem	m e ɪ l	m e ɪ l d	m e ɪ l d	r o ʊ l	r o ʊ l d	r o ʊ l d	m e ɪ l d	1	1	reg_d	reg_d	reg_d
model_stem	ə n t a ɪ	ə n t a ɪ d	ə n t n t ə d	ɛ n d͡ʒ ɔ ɪ	ɛ n d͡ʒ ɔ ɪ d	ɛ n d͡ʒ ɔ ɪ d	ə n t a ɪ d	0	1	reg_d	other	reg_d
model_stem	ɡ r iː s	ɡ r iː s t	ɡ r iː s t	d r ɛ s	d r ɛ s t	d r ɛ s t	ɡ r iː s t	1	1	reg_t	reg_t	reg_t
model_stem	p r ə t ɛ k t	p r ə t ɛ k t ə d	p r ə t ɛ k t ə d	p r iː z ɛ n t	p r iː z ɛ n t ə d	p r iː z ɛ n t ə d	p r ə t ɛ k t ə d	1	1	reg_əd	reg_əd	reg_əd
model_stem	r e ɪ d iː o ʊ	r e ɪ d iː o ʊ d	r e ɪ d	d ɪ s t r ɔ ɪ	d ɪ s t r ɔ ɪ d	d ɪ s t r ɔ ɪ d	r e ɪ d iː o ʊ d	0	1	reg_d	other	reg_d
model_stem	d ɪ v a ɪ d	d ɪ v a ɪ d ə d	d ɪ v a ɪ d ə d	d ɪ s a ɪ d	d ɪ s a ɪ d ə d	d ɪ s a ɪ d ə d	d ɪ v a ɪ d ə d	1	1	reg_əd	reg_əd	reg_əd
model_stem	t o ʊ	t o ʊ d	t o ʊ d	ʃ o ʊ	ʃ o ʊ d	ʃ o ʊ d	t o ʊ d	1	1	reg_d	reg_d	reg_d
model_stem	t r æ n z m ɪ t	t r æ n z m ɪ t ə d	t r æ n d	ɪ n d ə k e ɪ t	ɪ n d ə k e ɪ t ə d	ɪ n d ə k e ɪ t ə d	t r æ n z m ɪ t ə d	0	1	reg_əd	other	reg_əd
model_stem	b æ t	b æ t ə d	b æ t	b ɛ t	b ɛ t	b ɛ t	b æ t	1	0	reg_əd	no_change	no_change
model_stem	w e ɪ	w e ɪ d	w e ɪ d	l e ɪ	l e ɪ d	l e ɪ d	w e ɪ d	1	1	reg_d	reg_d	reg_d
model_stem	k l iː r	k l iː r d	k l iː r d	ə p iː r	ə p iː r d	ə p iː r d	k l iː r d	1	1	reg_d	reg_d	reg_d
model_stem	ɛ n t͡ʃ æ n t	ɛ n t͡ʃ æ n t ə d	ɛ n t͡ʃ t n t ə d	m ɑː r k ə t	m ɑː r k ə t ə d	m ɑː r k ə t ə d	ɛ n t͡ʃ æ n t ə d	0	1	reg_əd	other	reg_əd
model_stem	ə d r ɛ s	ə d r ɛ s t	ə d r ɛ s t	t r e ɪ s	t r e ɪ s t	t r e ɪ s t	ə d r ɛ s t	1	1	reg_t	reg_t	reg_t
model_stem	s m ʌ d͡ʒ	s m ʌ d͡ʒ d	s m ʌ d͡ʒ d	r ɔ r	r ɔ r d	r ɔ r d	s m ʌ d͡ʒ d	1	1	reg_d	reg_d	reg_d
model_stem	d r e ɪ p	d r e ɪ p t	d r e ɪ p t	s t ɑː m p	s t ɑː m p t	s t ɑː m p t	d r e ɪ p t	1	1	reg_t	reg_t	reg_t
model_stem	d ɪ p	d ɪ p t	d ɪ p t	ʃ ɪ p	ʃ ɪ p t	ʃ ɪ p t	d ɪ p t	1	1	reg_t	reg_t	reg_t
model_stem	ə s o ʊ s iː e ɪ t	ə s o ʊ s iː e ɪ t ə d	ə s a ɪ s t e ɪ t ə d	t r æ n z l e ɪ t	t r æ n z l e ɪ t ə d	t r æ n z l e ɪ t ə d	ə s o ʊ s iː e ɪ t ə d	0	1	reg_əd	other	reg_əd
model_stem	s ɪ ŋ k	s æ ŋ k	s ɔ t	s n iː k	s n iː k t	s n iː k t	s ɪ ŋ k t	0	0	vowel_change	rhyme_replaced	reg_t
model_stem	p iː l	p iː l d	p iː l t	f iː l	f ɛ l t	f ɛ l t	p ɛ l t	0	0	reg_d	reg_t	vowel_change_suffix
model_stem	ɪ k s ɛ p t	ɪ k s ɛ p t ə d	ɪ k s p ɛ s t	s p r a ʊ t	s p r a ʊ t ə d	s p r a ʊ t ə d	ɪ k s ɛ p t ə d	0	1	reg_əd	other	reg_əd
model_stem	f r a ʊ n	f r a ʊ n d	f r a ʊ n d	b r a ʊ n	b r a ʊ n d	b r a ʊ n d	f r a ʊ n d	1	1	reg_d	reg_d	reg_d
model_stem	s p r ɛ d	s p r ɛ d	s p r ɛ d ə d	k r a ʊ d	k r a ʊ d ə d	k r a ʊ d ə d	s p r ɛ d ə d	1	0	no_change	reg_əd	reg_əd
model_stem	f l ɪ p	f l ɪ p t	f l ɪ p t	s l ɪ p	s l ɪ p t	s l ɪ p t	f l ɪ p t	1	1	reg_t	reg_t	reg_t
model_stem	m ʌ ʃ r uː m	m ʌ ʃ r uː m d	m b ʌ ʃ t r d	d r ɪ b ə l	d r ɪ b ə l d	d r ɪ b ə l d	m ʌ ʃ r uː m d	0	1	reg_d	other	reg_d
model_stem	r iː d uː	r iː d ɪ d	r iː d iː d	s k r uː	s k r uː d	s k r uː d	r iː d uː d	0	0	vowel_change_suffix	vowel_change_suffix	reg_d
model_stem	ɡ æ s p	ɡ æ s p t	ɡ æ s p t	b ʌ m p	b ʌ m p t	b ʌ m p t	ɡ æ s p t	1	1	reg_t	reg_t	reg_t
model_stem	t ɛ r ə r a ɪ z	t ɛ r ə r a ɪ z d	t ɛ r ə r a ɪ z d	ɛ m f ə s a ɪ z	ɛ m f ə s a ɪ z d	ɛ m f ə s a ɪ z d	t ɛ r ə r a ɪ z d	1	1	reg_d	reg_d	reg_d
model_stem	b ʊ t͡ʃ ɹ̩	b ʊ t͡ʃ ɹ̩ d	b ʊ t͡ʃ ɹ̩ d	b ɑː ð ɹ̩	b ɑː ð ɹ̩ d	b ɑː ð ɹ̩ d	b ʊ t͡ʃ ɹ̩ d	1	1	reg_d	reg_d	reg_d
model_stem	m ə n ɪ p j ə l e ɪ t	m ə n ɪ p j ə l e ɪ t ə d	m b ə d	d ɛ k ɹ̩ e ɪ t	d ɛ k ɹ̩ e ɪ t ə d	d ɛ k ɹ̩ e ɪ t ə d	m ə n ɪ p j ə l e ɪ t ə d	0	1	reg_əd	other	reg_əd
model_stem	d r ʌ ɡ	d r ʌ ɡ d	d r ʌ ɡ d	p l ʌ ɡ	p l ʌ ɡ d	p l ʌ ɡ d	d r ʌ ɡ d	1	1	reg_d	reg_d	reg_d
model_stem	s l a ɪ s	s l a ɪ s t	s l a ɪ s t	t r e ɪ s	t r e ɪ s t	t r e ɪ s t	s l a ɪ s t	1	1	reg_t	reg_t	reg_t
model_stem	s ɹ̩ a ʊ n d	s ɹ̩ a ʊ n d ə d	s ɹ̩ a ʊ n a ɪ d	d ɪ s a ɪ d	d ɪ s a ɪ d ə d	d ɪ s a ɪ d ə d	s ɹ̩ a ʊ n d ə d	0	1	reg_əd	other	reg_əd
model_stem	s k r ɪ b ə l	s k r ɪ b ə l d	s k r ʌ b ə l d	t w ɪ ŋ k ə l	t w ɪ ŋ k ə l d	t w ɪ ŋ k ə l d	s k r ɪ b ə l d	0	1	reg_d	other	reg_d
model_stem	ɡ r iː n	ɡ r iː n d	ɡ r iː n d	k l iː n	k l iː n d	k l iː n d	ɡ r iː n d	1	1	reg_d	reg_d	reg_d
model_stem	s k w ɹ̩ t	s k w ɹ̩ t ə d	s k ɹ̩ d	p e ɪ n t	p e ɪ n t ə d	p e ɪ n t ə d	s k w ɹ̩ t ə d	0	1	reg_əd	other	reg_əd
model_stem	k ə n ɛ k t	k ə n ɛ k t ə d	k ə n ɛ k t ə d	k ə l ɛ k t	k ə l ɛ k t ə d	k ə l ɛ k t ə d	k ə n ɛ k t ə d	1	1	reg_əd	reg_əd	reg_əd
model_stem	ɡ r ɪ l	ɡ r ɪ l d	ɡ r ɪ l d	r o ʊ l	r o ʊ l d	r o ʊ l d	ɡ r ɪ l d	1	1	reg_d	reg_d	reg_d
model_stem	k ə n s ɪ d ɹ̩	k ə n s ɪ d ɹ̩ d	k ə n d	d ɪ s k ʌ v ɹ̩	d ɪ s k ʌ v ɹ̩ d	d ɪ s k ʌ v ɹ̩ d	k ə n s ɪ d ɹ̩ d	0	1	reg_d	other	reg_d
model_stem	k ɹ̩ l	k ɹ̩ l d	k ɹ̩ l d	j ɛ l	j ɛ l d	j ɛ l d	k ɹ̩ l d	1	1	reg_d	reg_d	reg_d
model_stem	ɔ θ ɹ̩	ɔ θ ɹ̩ d	ɔ θ ɹ̩ d	ɔ f ɹ̩	ɔ f ɹ̩ d	ɔ f ɹ̩ d	ɔ θ ɹ̩ d	1	1	reg_d	reg_d	reg_d
model_stem	f l ʌ ʃ	f l ʌ ʃ t	f l ʌ ʃ t	f l æ ʃ	f l æ ʃ t	f l æ ʃ t	f l ʌ ʃ t	1	1	reg_t	reg_t	reg_t
model_decision	h æ v	h æ d	h æ v d	l ʌ v	l ʌ v d	l ʌ v d	h æ v d	1	0	coda_change	reg_d	reg_d
model_decision	h æ p ə n	h æ p ə n d	h æ p ə n d	o ʊ p ə n	o ʊ p ə n d	o ʊ p ə n d	h æ p ə n d	1	1	reg_d	reg_d	reg_d
model_decision	p l e ɪ s	p l e ɪ s t	p l e ɪ s t	t r e ɪ s	t r e ɪ s t	t r e ɪ s t	p l e ɪ s t	1	1	reg_t	reg_t	reg_t
model_decision	k l o ʊ z	k l o ʊ z d	k l o ʊ l d	s k w iː z	s k w iː z d	s k w iː z d	k l o ʊ z d	0	1	reg_d	coda_change	reg_d
model_decision	k ʊ k	k ʊ k t	k o ʊ k	t ɛ l	t o ʊ l d	t o ʊ l d	NA	0	0	reg_t	vowel_change	vowel_change_suffix
model_decision	r ʌ n	r æ n	r ʌ n d	d ɑː n	d ɑː n d	d ɑː n d	r ʌ n d	1	0	vowel_change	reg_d	reg_d
model_decision	s e ɪ	s ɛ d	s e ɪ d	l e ɪ	l e ɪ d	l e ɪ d	s e ɪ d	1	0	vowel_change_suffix	reg_d	reg_d
model_decision	f ɪ ʃ	f ɪ ʃ t	f ɪ ʃ t	w ɪ ʃ	w ɪ ʃ t	w ɪ ʃ t	f ɪ ʃ t	1	1	reg_t	reg_t	reg_t
model_decision	h ɹ̩ t	h ɹ̩ t	h ɹ̩ t	h ɪ t	h ɪ t	h ɪ t	h ɹ̩ t	1	1	no_change	no_change	no_change
model_decision	l uː z	l ɔ s t	l uː z d	j uː z	j uː z d	j uː z d	l uː z d	1	0	rhyme_replaced	reg_d	reg_d
model_decision	æ s k	æ s k t	æ k s t	m e ɪ k	m e ɪ d	m e ɪ d	æ s d	0	0	reg_t	coda_change	coda_change
model_decision	p e ɪ	p e ɪ d	p e ɪ d	p r e ɪ	p r e ɪ d	p r e ɪ d	p e ɪ d	1	1	reg_d	reg_d	reg_d
model_decision	s p ɛ l	s p ɛ l d	s p ɛ l d	s m ɛ l	s m ɛ l d	s m ɛ l d	s p ɛ l d	1	1	reg_d	reg_d	reg_d
model_decision	s p ɪ t	s p æ t	s p ɪ t	r ɛ n t	r ɛ n t	r ɛ n t ə d	s p ɪ t	1	0	vowel_change	no_change	no_change
model_decision	m ɪ s	m ɪ s t	m ɪ s t	k ɪ s	k ɪ s t	k ɪ s t	m ɪ s t	1	1	reg_t	reg_t	reg_t
model_decision	s t ɑː r t	s t ɑː r t ə d	s t ɑː r t ə d	f r ʌ n t	f r ʌ n t ə d	f r ʌ n t ə d	s t ɑː r t ə d	1	1	reg_əd	reg_əd	reg_əd
model_decision	p ɑː r t iː	p ɑː r t iː d	p ɑː r t iː d	ɛ m p t iː	ɛ m p t iː d	ɛ m p t iː d	p ɑː r t iː d	1	1	reg_d	reg_d	reg_d
model_decision	ɡ ɛ s	ɡ ɛ s t	ɡ ɑː s t	ɡ ɛ t	ɡ ɑː t	ɡ ɑː t	NA	0	0	reg_t	vowel_change_suffix	vowel_change
model_decision	f a ɪ ɹ̩	f a ɪ ɹ̩ d	f ɔ t ɹ̩ d	f a ɪ t	f ɔ t	f ɔ t	NA	0	0	reg_d	other	vowel_change
model_decision	s ɪ t	s æ t	s ɪ t	s ɛ t	s ɛ t	s ɛ t	s ɪ t	1	0	vowel_change	no_change	no_change
model_decision	ʃ uː	ʃ uː d	ʃ uː d	b uː	b uː d	b uː d	ʃ uː d	1	1	reg_d	reg_d	reg_d
model_decision	w ɹ̩ k	w ɹ̩ k t	w ɹ̩ k t	r e ɪ k	r e ɪ k t	r e ɪ k t	w ɹ̩ k t	1	1	reg_t	reg_t	reg_t
model_decision	t ʌ t͡ʃ	t ʌ t͡ʃ t	t ʌ t͡ʃ t	w ɑː t͡ʃ	w ɑː t͡ʃ t	w ɑː t͡ʃ t	t ʌ t͡ʃ t	1	1	reg_t	reg_t	reg_t
model_decision	s t ɑː p	s t ɑː p t	s t ɑː p t	s t ɛ p	s t ɛ p t	s t ɛ p t	s t ɑː p t	1	1	reg_t	reg_t	reg_t
model_decision	s t ɹ̩	s t ɹ̩ d	s t ɹ̩ d	t æ t ɹ̩	t æ t ɹ̩ d	t æ t ɹ̩ d	s t ɹ̩ d	1	1	reg_d	reg_d	reg_d
model_decision	l ɛ d	l ɛ d ə d	l ɛ d	h ɛ d	h ɛ d ə d	h ɛ d ə d	l ɛ d ə d	0	1	reg_əd	no_change	reg_əd
model_decision	p ɔ r	p ɔ r d	p ɔ r d	r ɔ r	r ɔ r d	r ɔ r d	p ɔ r d	1	1	reg_d	reg_d	reg_d
model_decision	s ə p o ʊ z	s ə p o ʊ z d	s ə p ə p ɛ d	s t æ n d	s t ʊ d	s t ʊ d	NA	0	0	reg_d	other	rhyme_replaced
model_decision	w ʌ n d ɹ̩	w ʌ n d ɹ̩ d	w ʌ n d ɹ̩ d	w ɑː n d ɹ̩	w ɑː n d ɹ̩ d	w ɑː n d ɹ̩ d	w ʌ n d ɹ̩ d	1	1	reg_d	reg_d	reg_d
model_decision	k w ɛ s t͡ʃ ə n	k w ɛ s t͡ʃ ə n d	k w ɛ k ə n ʃ t	t͡ʃ o ʊ k	t͡ʃ o ʊ k t	t͡ʃ o ʊ k t	k w ɛ s t͡ʃ ə n t	0	0	reg_d	other	reg_t
model_decision	d a ɪ	d a ɪ d	d ɔ a ɪ d	b a ɪ	b ɔ t	b ɔ t	d ɔ t	0	0	reg_d	vowel_change_suffix	vowel_change_suffix
model_decision	s p iː k	s p o ʊ k	s p iː k t	s n iː k	s n iː k t	s n iː k t	s p iː k t	1	0	vowel_change	reg_t	reg_t
model_decision	s w iː p	s w ɛ p t	s w ɛ p t	s l iː p	s l ɛ p t	s l ɛ p t	s w ɛ p t	1	1	vowel_change_suffix	vowel_change_suffix	vowel_change_suffix
model_decision	b r ʌ ʃ	b r ʌ ʃ t	b r ʌ ʃ t	k r æ ʃ	k r æ ʃ t	k r æ ʃ t	b r ʌ ʃ t	1	1	reg_t	reg_t	reg_t
model_decision	ə b a ɪ d	ə b a ɪ d ə d	ə d	p ɛ n	p ɛ n d	p ɛ n d	ə b a ɪ d d	0	0	reg_əd	other	reg_d
model_decision	l æ f	l æ f t	l æ f t	p ʌ f	p ʌ f t	p ʌ f t	l æ f t	1	1	reg_t	reg_t	reg_t
model_decision	t a ɪ	t a ɪ d	t ɔ t	l a ɪ	l e ɪ	l e ɪ	t e ɪ	0	0	reg_d	vowel_change_suffix	vowel_change
model_decision	ɪ n v a ɪ t	ɪ n v a ɪ t ə d	ɪ n v ɪ v t ə d	b a ɪ t	b ɪ t	b ɪ t	ɪ n v ɪ t	0	0	reg_əd	other	vowel_change
model_decision	k r ɔ l	k r ɔ l d	k r ɔ l d	r o ʊ l	r o ʊ l d	r o ʊ l d	k r ɔ l d	1	1	reg_d	reg_d	reg_d
model_decision	p o ʊ k	p o ʊ k t	p o ʊ k t	p ɑː r k	p ɑː r k t	p ɑː r k t	p o ʊ k t	1	1	reg_t	reg_t	reg_t
model_decision	ɡ r o ʊ	ɡ r uː	ɡ r uː	θ r o ʊ	θ r uː	θ r uː	ɡ r uː	1	1	vowel_change	vowel_change	vowel_change
model_decision	s t iː l	s t o ʊ l	s t iː l d	s t ɪ l	s t ɪ l d	s t ɪ l d	s t iː l d	1	0	vowel_change	reg_d	reg_d
model_decision	t͡ʃ uː	t͡ʃ uː d	t͡ʃ uː d	b uː	b uː d	b uː d	t͡ʃ uː d	1	1	reg_d	reg_d	reg_d
model_decision	w ɔ k	w ɔ k t	w ɔ k t	t ɔ k	t ɔ k t	t ɔ k t	w ɔ k t	1	1	reg_t	reg_t	reg_t
model_decision	s ɛ l	s o ʊ l d	s ɛ l d	j ɛ l	j ɛ l d	j ɛ l d	s ɛ l d	1	0	vowel_change_suffix	reg_d	reg_d
model_decision	p ɪ k t͡ʃ ɹ̩	p ɪ k t͡ʃ ɹ̩ d	p ɪ k t͡ʃ ɹ̩ d	w ɪ s p ɹ̩	w ɪ s p ɹ̩ d	w ɪ s p ɹ̩ d	p ɪ k t͡ʃ ɹ̩ d	1	1	reg_d	reg_d	reg_d
model_decision	k o ʊ m	k o ʊ m d	k o ʊ m d	r o ʊ m	r o ʊ m d	r o ʊ m d	k o ʊ m d	1	1	reg_d	reg_d	reg_d
model_decision	s m a ɪ l	s m a ɪ l d	s m a ɪ l d	w ɪ s ə l	w ɪ s ə l d	w ɪ s ə l d	s m a ɪ l d	1	1	reg_d	reg_d	reg_d
model_decision	d r ɑː p	d r ɑː p t	d r ɑː p t	d r ɪ p	d r ɪ p t	d r ɪ p t	d r ɑː p t	1	1	reg_t	reg_t	reg_t
model_decision	s k r æ t͡ʃ	s k r æ t͡ʃ t	s k r æ t͡ʃ t	s t r ɛ t͡ʃ	s t r ɛ t͡ʃ t	s t r ɛ t͡ʃ t	s k r æ t͡ʃ t	1	1	reg_t	reg_t	reg_t
model_decision	s t æ m p	s t æ m p t	s t æ m p t	s t ɑː m p	s t ɑː m p t	s t ɑː m p t	s t æ m p t	1	1	reg_t	reg_t	reg_t
model_decision	k r ʌ ʃ	k r ʌ ʃ t	k r ʌ ʃ t	k r æ ʃ	k r æ ʃ t	k r æ ʃ t	k r ʌ ʃ t	1	1	reg_t	reg_t	reg_t
model_decision	b uː t	b uː t ə d	b uː t	b ɛ t	b ɛ t	b ɛ t	b uː t	1	0	reg_əd	no_change	no_change
model_decision	r ə k ɔ r d	r ə k ɔ r d ə d	r uː k ə k ə d	d r ɔ	d r uː	d r uː	NA	0	0	reg_əd	other	vowel_change
model_decision	t͡ʃ uː z	t͡ʃ o ʊ z	t͡ʃ uː z d	k ɑː z	k ɑː z d	k ɑː z d	t͡ʃ uː z d	1	0	vowel_change	reg_d	reg_d
model_decision	d æ n s	d æ n s t	d æ n s t	w æ k s	w æ k s t	w æ k s t	d æ n s t	1	1	reg_t	reg_t	reg_t
model_decision	s n ɑː r ə l	s n ɑː r ə l d	s ɑː n t ə l d	ə n d uː	ə n d ɪ d	ə n d ɪ d	NA	0	0	reg_d	other	vowel_change_suffix
model_decision	l ɪ f t	l ɪ f t ə d	l ɪ f t	k ɑː s t	k ɑː s t	k ɑː s t	l ɪ f t	1	0	reg_əd	no_change	no_change
model_decision	t͡ʃ ɛ k	t͡ʃ ɛ k t	t͡ʃ ɛ k t	s ɑː k	s ɑː k t	s ɑː k t	t͡ʃ ɛ k t	1	1	reg_t	reg_t	reg_t
model_decision	f ɑː l o ʊ	f ɑː l o ʊ d	f ɑː l o ʊ d	b ɑː r o ʊ	b ɑː r o ʊ d	b ɑː r o ʊ d	f ɑː l o ʊ d	1	1	reg_d	reg_d	reg_d
model_decision	h æ n d	h æ n d ə d	h æ n d ə d	l æ n d	l æ n d ə d	l æ n d ə d	h æ n d ə d	1	1	reg_əd	reg_əd	reg_əd
model_decision	r ɛ k ə m ɛ n d	r ɛ k ə m ɛ n d ə d	r ɛ k ə m ɛ n d	f o ʊ l d	f o ʊ l d ə d	f o ʊ l d ə d	r ɛ k ə m ɛ n d ə d	0	1	reg_əd	no_change	reg_əd
model_decision	ʃ uː t	ʃ ɑː t	ʃ uː t	ʃ ʌ t	ʃ ʌ t	ʃ ʌ t	ʃ uː t	1	0	vowel_change	no_change	no_change
model_decision	s o ʊ k	s o ʊ k t	s o ʊ k t	s n iː k	s n iː k t	s n iː k t	s o ʊ k t	1	1	reg_t	reg_t	reg_t
model_decision	p ɑː r t ɪ s ə p e ɪ t	p ɑː r t ɪ s ə p e ɪ t ə d	p s t ə d	ə n r æ p	ə n r æ p t	ə n r æ p t	p ɑː r t ɪ s ə p e ɪ t t	0	0	reg_əd	other	reg_t
model_decision	s m æ k	s m æ k t	s m æ k t	s n iː k	s n iː k t	s n iː k t	s m æ k t	1	1	reg_t	reg_t	reg_t
model_decision	z ɪ p	z ɪ p t	z ɪ p t	s ɪ p	s ɪ p t	s ɪ p t	z ɪ p t	1	1	reg_t	reg_t	reg_t
model_decision	w ɔ r m	w ɔ r m d	w ɔ r m d	n e ɪ m	n e ɪ m d	n e ɪ m d	w ɔ r m d	1	1	reg_d	reg_d	reg_d
model_decision	k æ m p	k æ m p t	k æ m p t	d ʌ m p	d ʌ m p t	d ʌ m p t	k æ m p t	1	1	reg_t	reg_t	reg_t
model_decision	p ɹ̩ f ɛ k t	p ɹ̩ f ɛ k t ə d	p ɹ̩ d ɹ̩ d	t æ t ɹ̩	t æ t ɹ̩ d	t æ t ɹ̩ d	p ɹ̩ f ɛ k t d	0	0	reg_əd	other	reg_d
model_decision	z uː m	z uː m d	z uː m d	k ʌ m	k ʌ m d	k e ɪ m	z uː m d	1	1	reg_d	reg_d	reg_d
model_decision	f o ʊ n	f o ʊ n d	f o ʊ n d	t͡ʃ e ɪ n	t͡ʃ e ɪ n d	t͡ʃ e ɪ n d	f o ʊ n d	1	1	reg_d	reg_d	reg_d
model_decision	ɡ r e ɪ s	ɡ r e ɪ s t	ɡ r e ɪ s t	ɪ r e ɪ s	ɪ r e ɪ s t	ɪ r e ɪ s t	ɡ r e ɪ s t	1	1	reg_t	reg_t	reg_t
model_decision	h ʊ k	h ʊ k t	h ʊ k t	l ʊ k	l ʊ k t	l ʊ k t	h ʊ k t	1	1	reg_t	reg_t	reg_t
model_decision	p ɛ ɡ	p ɛ ɡ d	p ɛ ɡ d	b ʌ ɡ	b ʌ ɡ d	b ʌ ɡ d	p ɛ ɡ d	1	1	reg_d	reg_d	reg_d
model_decision	f l o ʊ t	f l o ʊ t ə d	f l o ʊ t ə d	f r ʌ n t	f r ʌ n t ə d	f r ʌ n t ə d	f l o ʊ t ə d	1	1	reg_əd	reg_əd	reg_əd
model_decision	s p ɛ n d	s p ɛ n t	s p ɛ n d ə d	s a ʊ n d	s a ʊ n d ə d	s a ʊ n d ə d	s p ɛ n d ə d	1	0	coda_change	reg_əd	reg_əd
model_decision	s æ n d	s æ n d ə d	s æ n t	s ɛ n d	s ɛ n t	s ɛ n t	s æ n t	1	0	reg_əd	coda_change	coda_change
model_decision	o ʊ n	o ʊ n d	o ʊ n d	d ɑː n	d ɑː n d	d ɑː n d	o ʊ n d	1	1	reg_d	reg_d	reg_d
model_decision	m e ɪ l	m e ɪ l d	m e ɪ l d	r o ʊ l	r o ʊ l d	r o ʊ l d	m e ɪ l d	1	1	reg_d	reg_d	reg_d
model_decision	ə n t a ɪ	ə n t a ɪ d	ə n t n t ə d	ə n d ɹ̩ s t æ n d	ə n d ɹ̩ s t ʊ d	ə n d ɹ̩ s t ʊ d	NA	0	0	reg_d	other	rhyme_replaced
model_decision	ɡ r iː s	ɡ r iː s t	ɡ r iː s t	d r ɛ s	d r ɛ s t	d r ɛ s t	ɡ r iː s t	1	1	reg_t	reg_t	reg_t
model_decision	p r ə t ɛ k t	p r ə t ɛ k t ə d	p r ə t ɛ k t ə d	p r iː z ɛ n t	p r iː z ɛ n t ə d	p r iː z ɛ n t ə d	p r ə t ɛ k t ə d	1	1	reg_əd	reg_əd	reg_əd
model_decision	r e ɪ d iː o ʊ	r e ɪ d iː o ʊ d	r e ɪ d	r o ʊ s t	r o ʊ s t ə d	r o ʊ s t ə d	r e ɪ d iː o ʊ ə d	0	0	reg_d	other	reg_əd
model_decision	d ɪ v a ɪ d	d ɪ v a ɪ d ə d	d ɪ v a ɪ d ə d	d ɪ s a ɪ d	d ɪ s a ɪ d ə d	d ɪ s a ɪ d ə d	d ɪ v a ɪ d ə d	1	1	reg_əd	reg_əd	reg_əd
model_decision	t o ʊ	t o ʊ d	t o ʊ d	ʃ o ʊ	ʃ o ʊ d	ʃ o ʊ d	t o ʊ d	1	1	reg_d	reg_d	reg_d
model_decision	t r æ n z m ɪ t	t r æ n z m ɪ t ə d	t r æ n d	t a ɪ t ə n	t a ɪ t ə n d	t a ɪ t ə n d	t r æ n z m ɪ t d	0	0	reg_əd	other	reg_d
model_decision	b æ t	b æ t ə d	b æ t	b ɛ t	b ɛ t	b ɛ t	b æ t	1	0	reg_əd	no_change	no_change
model_decision	w e ɪ	w e ɪ d	w e ɪ d	l e ɪ	l e ɪ d	l e ɪ d	w e ɪ d	1	1	reg_d	reg_d	reg_d
model_decision	k l iː r	k l iː r d	k l iː r d	ə p iː r	ə p iː r d	ə p iː r d	k l iː r d	1	1	reg_d	reg_d	reg_d
model_decision	ɛ n t͡ʃ æ n t	ɛ n t͡ʃ æ n t ə d	ɛ n t͡ʃ t n t ə d	s ɛ n t ə n s	s ɛ n t ə n s t	s ɛ n t ə n s t	ɛ n t͡ʃ æ n t t	0	0	reg_əd	other	reg_t
model_decision	ə d r ɛ s	ə d r ɛ s t	ə d r ɛ s t	t r e ɪ s	t r e ɪ s t	t r e ɪ s t	ə d r ɛ s t	1	1	reg_t	reg_t	reg_t
model_decision	s m ʌ d͡ʒ	s m ʌ d͡ʒ d	s m ʌ d͡ʒ d	r ɔ r	r ɔ r d	r ɔ r d	s m ʌ d͡ʒ d	1	1	reg_d	reg_d	reg_d
model_decision	d r e ɪ p	d r e ɪ p t	d r e ɪ p t	s t ɑː m p	s t ɑː m p t	s t ɑː m p t	d r e ɪ p t	1	1	reg_t	reg_t	reg_t
model_decision	d ɪ p	d ɪ p t	d ɪ p t	ʃ ɪ p	ʃ ɪ p t	ʃ ɪ p t	d ɪ p t	1	1	reg_t	reg_t	reg_t
model_decision	ə s o ʊ s iː e ɪ t	ə s o ʊ s iː e ɪ t ə d	ə s a ɪ s t e ɪ t ə d	p iː s	p iː s t	p iː s t	ə s o ʊ s iː e ɪ t t	0	0	reg_əd	other	reg_t
model_decision	s ɪ ŋ k	s æ ŋ k	s ɔ t	θ ɪ ŋ k	θ ɔ t	θ ɔ t	s ɔ t	1	0	vowel_change	rhyme_replaced	rhyme_replaced
model_decision	p iː l	p iː l d	p iː l t	r ɪ p	r ɪ p t	r ɪ p t	p iː l t	1	0	reg_d	reg_t	reg_t
model_decision	ɪ k s ɛ p t	ɪ k s ɛ p t ə d	ɪ k s p ɛ s t	n ɹ̩ s	n ɹ̩ s t	n ɹ̩ s t	ɪ k s ɛ p t t	0	0	reg_əd	other	reg_t
model_decision	f r a ʊ n	f r a ʊ n d	f r a ʊ n d	b r a ʊ n	b r a ʊ n d	b r a ʊ n d	f r a ʊ n d	1	1	reg_d	reg_d	reg_d
model_decision	s p r ɛ d	s p r ɛ d	s p r ɛ d ə d	k r a ʊ d	k r a ʊ d ə d	k r a ʊ d ə d	s p r ɛ d ə d	1	0	no_change	reg_əd	reg_əd
model_decision	f l ɪ p	f l ɪ p t	f l ɪ p t	s l ɪ p	s l ɪ p t	s l ɪ p t	f l ɪ p t	1	1	reg_t	reg_t	reg_t
model_decision	m ʌ ʃ r uː m	m ʌ ʃ r uː m d	m b ʌ ʃ t r d	s w ɪ m	s w ɪ m	s w æ m	m ʌ ʃ r uː m	0	0	reg_d	other	no_change
model_decision	r iː d uː	r iː d ɪ d	r iː d iː d	b l iː d	b l ɛ d	b l ɛ d	NA	0	0	vowel_change_suffix	vowel_change_suffix	vowel_change
model_decision	ɡ æ s p	ɡ æ s p t	ɡ æ s p t	b ʌ m p	b ʌ m p t	b ʌ m p t	ɡ æ s p t	1	1	reg_t	reg_t	reg_t
model_decision	t ɛ r ə r a ɪ z	t ɛ r ə r a ɪ z d	t ɛ r ə r a ɪ z d	ɛ m f ə s a ɪ z	ɛ m f ə s a ɪ z d	ɛ m f ə s a ɪ z d	t ɛ r ə r a ɪ z d	1	1	reg_d	reg_d	reg_d
model_decision	b ʊ t͡ʃ ɹ̩	b ʊ t͡ʃ ɹ̩ d	b ʊ t͡ʃ ɹ̩ d	b ɑː ð ɹ̩	b ɑː ð ɹ̩ d	b ɑː ð ɹ̩ d	b ʊ t͡ʃ ɹ̩ d	1	1	reg_d	reg_d	reg_d
model_decision	m ə n ɪ p j ə l e ɪ t	m ə n ɪ p j ə l e ɪ t ə d	m b ə d	d ɪ s a ɪ d	d ɪ s a ɪ d ə d	d ɪ s a ɪ d ə d	m ə n ɪ p j ə l e ɪ t ə d	0	1	reg_əd	other	reg_əd
model_decision	d r ʌ ɡ	d r ʌ ɡ d	d r ʌ ɡ d	p l ʌ ɡ	p l ʌ ɡ d	p l ʌ ɡ d	d r ʌ ɡ d	1	1	reg_d	reg_d	reg_d
model_decision	s l a ɪ s	s l a ɪ s t	s l a ɪ s t	t r e ɪ s	t r e ɪ s t	t r e ɪ s t	s l a ɪ s t	1	1	reg_t	reg_t	reg_t
model_decision	s ɹ̩ a ʊ n d	s ɹ̩ a ʊ n d ə d	s ɹ̩ a ʊ n a ɪ d	ɪ k s p l e ɪ n	ɪ k s p l e ɪ n d	ɪ k s p l e ɪ n d	s ɹ̩ a ʊ n d d	0	0	reg_əd	other	reg_d
model_decision	s k r ɪ b ə l	s k r ɪ b ə l d	s k r ʌ b ə l d	s t r ɪ ŋ	s t r ʌ ŋ	s t r ʌ ŋ	NA	0	0	reg_d	other	vowel_change
model_decision	ɡ r iː n	ɡ r iː n d	ɡ r iː n d	k l iː n	k l iː n d	k l iː n d	ɡ r iː n d	1	1	reg_d	reg_d	reg_d
model_decision	s k w ɹ̩ t	s k w ɹ̩ t ə d	s k ɹ̩ d	h iː r	h ɹ̩ d	h ɹ̩ d	NA	0	0	reg_əd	other	rhyme_replaced
model_decision	k ə n ɛ k t	k ə n ɛ k t ə d	k ə n ɛ k t ə d	k ə l ɛ k t	k ə l ɛ k t ə d	k ə l ɛ k t ə d	k ə n ɛ k t ə d	1	1	reg_əd	reg_əd	reg_əd
model_decision	ɡ r ɪ l	ɡ r ɪ l d	ɡ r ɪ l d	r o ʊ l	r o ʊ l d	r o ʊ l d	ɡ r ɪ l d	1	1	reg_d	reg_d	reg_d
model_decision	k ə n s ɪ d ɹ̩	k ə n s ɪ d ɹ̩ d	k ə n d	l ɪ s ə n	l ɪ s ə n d	l ɪ s ə n d	k ə n s ɪ d ɹ̩ d	0	1	reg_d	other	reg_d
model_decision	k ɹ̩ l	k ɹ̩ l d	k ɹ̩ l d	j ɛ l	j ɛ l d	j ɛ l d	k ɹ̩ l d	1	1	reg_d	reg_d	reg_d
model_decision	ɔ θ ɹ̩	ɔ θ ɹ̩ d	ɔ θ ɹ̩ d	ɔ f ɹ̩	ɔ f ɹ̩ d	ɔ f ɹ̩ d	ɔ θ ɹ̩ d	1	1	reg_d	reg_d	reg_d
model_decision	f l ʌ ʃ	f l ʌ ʃ t	f l ʌ ʃ t	f l æ ʃ	f l æ ʃ t	f l æ ʃ t	f l ʌ ʃ t	1	1	reg_t	reg_t	reg_t
model_region	h æ v	h æ d	h æ v d	l ʌ v	l ʌ v d	l ʌ v d	h æ v d	1	0	coda_change	reg_d	reg_d
model_region	h æ p ə n	h æ p ə n d	h æ p ə n d	o ʊ p ə n	o ʊ p ə n d	o ʊ p ə n d	h æ p ə n d	1	1	reg_d	reg_d	reg_d
model_region	p l e ɪ s	p l e ɪ s t	p l e ɪ s t	ɪ r e ɪ s	ɪ r e ɪ s t	ɪ r e ɪ s t	p l e ɪ s t	1	1	reg_t	reg_t	reg_t
model_region	k l o ʊ z	k l o ʊ z d	k l o ʊ l d	m o ʊ	m o ʊ d	m o ʊ d	k l o ʊ z d	0	1	reg_d	coda_change	reg_d
model_region	k ʊ k	k ʊ k t	k o ʊ k	k æ t͡ʃ	k ɔ t	k ɔ t	NA	0	0	reg_t	vowel_change	rhyme_replaced
model_region	r ʌ n	r æ n	r ʌ n d	b ɹ̩ n	b ɹ̩ n d	b ɹ̩ n d	r ʌ n d	1	0	vowel_change	reg_d	reg_d
model_region	s e ɪ	s ɛ d	s e ɪ d	l e ɪ	l e ɪ d	l e ɪ d	s e ɪ d	1	0	vowel_change_suffix	reg_d	reg_d
model_region	f ɪ ʃ	f ɪ ʃ t	f ɪ ʃ t	w ɪ ʃ	w ɪ ʃ t	w ɪ ʃ t	f ɪ ʃ t	1	1	reg_t	reg_t	reg_t
model_region	h ɹ̩ t	h ɹ̩ t	h ɹ̩ t	k ʌ t	k ʌ t	k ʌ t	h ɹ̩ t	1	1	no_change	no_change	no_change
model_region	l uː z	l ɔ s t	l uː z d	j uː z	j uː z d	j uː z d	l uː z d	1	0	rhyme_replaced	reg_d	reg_d
model_region	æ s k	æ s k t	æ k s t	h æ ŋ	h ʌ ŋ	h ʌ ŋ	NA	0	0	reg_t	coda_change	vowel_change
model_region	p e ɪ	p e ɪ d	p e ɪ d	l e ɪ	l e ɪ d	l e ɪ d	p e ɪ d	1	1	reg_d	reg_d	reg_d
model_region	s p ɛ l	s p ɛ l d	s p ɛ l d	s m ɛ l	s m ɛ l d	s m ɛ l d	s p ɛ l d	1	1	reg_d	reg_d	reg_d
model_region	s p ɪ t	s p æ t	s p ɪ t	k w ɪ t	k w ɪ t	k w ɪ t	s p ɪ t	1	0	vowel_change	no_change	no_change
model_region	m ɪ s	m ɪ s t	m ɪ s t	k ɪ s	k ɪ s t	k ɪ s t	m ɪ s t	1	1	reg_t	reg_t	reg_t
model_region	s t ɑː r t	s t ɑː r t ə d	s t ɑː r t ə d	r o ʊ s t	r o ʊ s t ə d	r o ʊ s t ə d	s t ɑː r t ə d	1	1	reg_əd	reg_əd	reg_əd
model_region	p ɑː r t iː	p ɑː r t iː d	p ɑː r t iː d	ɛ m p t iː	ɛ m p t iː d	ɛ m p t iː d	p ɑː r t iː d	1	1	reg_d	reg_d	reg_d
model_region	ɡ ɛ s	ɡ ɛ s t	ɡ ɑː s t	ɡ ɛ t	ɡ ɑː t	ɡ ɑː t	NA	0	0	reg_t	vowel_change_suffix	vowel_change
model_region	f a ɪ ɹ̩	f a ɪ ɹ̩ d	f ɔ t ɹ̩ d	f a ɪ t	f ɔ t	f ɔ t	NA	0	0	reg_d	other	vowel_change
model_region	s ɪ t	s æ t	s ɪ t	h ɪ t	h ɪ t	h ɪ t	s ɪ t	1	0	vowel_change	no_change	no_change
model_region	ʃ uː	ʃ uː d	ʃ uː d	b uː	b uː d	b uː d	ʃ uː d	1	1	reg_d	reg_d	reg_d
model_region	w ɹ̩ k	w ɹ̩ k t	w ɹ̩ k t	r ɛ k	r ɛ k t	r ɛ k t	w ɹ̩ k t	1	1	reg_t	reg_t	reg_t
model_region	t ʌ t͡ʃ	t ʌ t͡ʃ t	t ʌ t͡ʃ t	w ɑː t͡ʃ	w ɑː t͡ʃ t	w ɑː t͡ʃ t	t ʌ t͡ʃ t	1	1	reg_t	reg_t	reg_t
model_region	s t ɑː p	s t ɑː p t	s t ɑː p t	s t ɛ p	s t ɛ p t	s t ɛ p t	s t ɑː p t	1	1	reg_t	reg_t	reg_t
model_region	s t ɹ̩	s t ɹ̩ d	s t ɹ̩ d	ɔ f ɹ̩	ɔ f ɹ̩ d	ɔ f ɹ̩ d	s t ɹ̩ d	1	1	reg_d	reg_d	reg_d
model_region	l ɛ d	l ɛ d ə d	l ɛ d	h ɛ d	h ɛ d ə d	h ɛ d ə d	l ɛ d ə d	0	1	reg_əd	no_change	reg_əd
model_region	p ɔ r	p ɔ r d	p ɔ r d	r ɔ r	r ɔ r d	r ɔ r d	p ɔ r d	1	1	reg_d	reg_d	reg_d
model_region	s ə p o ʊ z	s ə p o ʊ z d	s ə p ə p ɛ d	t͡ʃ ɑː p	t͡ʃ ɑː p t	t͡ʃ ɑː p t	s ə p o ʊ z t	0	0	reg_d	other	reg_t
model_region	w ʌ n d ɹ̩	w ʌ n d ɹ̩ d	w ʌ n d ɹ̩ d	w ɑː n d ɹ̩	w ɑː n d ɹ̩ d	w ɑː n d ɹ̩ d	w ʌ n d ɹ̩ d	1	1	reg_d	reg_d	reg_d
model_region	k w ɛ s t͡ʃ ə n	k w ɛ s t͡ʃ ə n d	k w ɛ k ə n ʃ t	ə n r æ p	ə n r æ p t	ə n r æ p t	k w ɛ s t͡ʃ ə n t	0	0	reg_d	other	reg_t
model_region	d a ɪ	d a ɪ d	d ɔ a ɪ d	d ɪ ɡ	d ʌ ɡ	d ʌ ɡ	NA	0	0	reg_d	vowel_change_suffix	vowel_change
model_region	s p iː k	s p o ʊ k	s p iː k t	s n iː k	s n iː k t	s n iː k t	s p iː k t	1	0	vowel_change	reg_t	reg_t
model_region	s w iː p	s w ɛ p t	s w ɛ p t	s l iː p	s l ɛ p t	s l ɛ p t	s w ɛ p t	1	1	vowel_change_suffix	vowel_change_suffix	vowel_change_suffix
model_region	b r ʌ ʃ	b r ʌ ʃ t	b r ʌ ʃ t	k r æ ʃ	k r æ ʃ t	k r æ ʃ t	b r ʌ ʃ t	1	1	reg_t	reg_t	reg_t
model_region	ə b a ɪ d	ə b a ɪ d ə d	ə d	b ʌ ɡ	b ʌ ɡ d	b ʌ ɡ d	ə b a ɪ d d	0	0	reg_əd	other	reg_d
model_region	l æ f	l æ f t	l æ f t	p ʌ f	p ʌ f t	p ʌ f t	l æ f t	1	1	reg_t	reg_t	reg_t
model_region	t a ɪ	t a ɪ d	t ɔ t	t iː t͡ʃ	t ɔ t	t ɔ t	NA	0	0	reg_d	vowel_change_suffix	rhyme_replaced
model_region	ɪ n v a ɪ t	ɪ n v a ɪ t ə d	ɪ n v ɪ v t ə d	k ɹ̩ v	k ɹ̩ v d	k ɹ̩ v d	ɪ n v a ɪ t d	0	0	reg_əd	other	reg_d
model_region	k r ɔ l	k r ɔ l d	k r ɔ l d	s m ɛ l	s m ɛ l d	s m ɛ l d	k r ɔ l d	1	1	reg_d	reg_d	reg_d
model_region	p o ʊ k	p o ʊ k t	p o ʊ k t	t͡ʃ o ʊ k	t͡ʃ o ʊ k t	t͡ʃ o ʊ k t	p o ʊ k t	1	1	reg_t	reg_t	reg_t
model_region	ɡ r o ʊ	ɡ r uː	ɡ r uː	θ r o ʊ	θ r uː	θ r uː	ɡ r uː	1	1	vowel_change	vowel_change	vowel_change
model_region	s t iː l	s t o ʊ l	s t iː l d	s t ɪ l	s t ɪ l d	s t ɪ l d	s t iː l d	1	0	vowel_change	reg_d	reg_d
model_region	t͡ʃ uː	t͡ʃ uː d	t͡ʃ uː d	b uː	b uː d	b uː d	t͡ʃ uː d	1	1	reg_d	reg_d	reg_d
model_region	w ɔ k	w ɔ k t	w ɔ k t	t ɔ k	t ɔ k t	t ɔ k t	w ɔ k t	1	1	reg_t	reg_t	reg_t
model_region	s ɛ l	s o ʊ l d	s ɛ l d	j ɛ l	j ɛ l d	j ɛ l d	s ɛ l d	1	0	vowel_change_suffix	reg_d	reg_d
model_region	p ɪ k t͡ʃ ɹ̩	p ɪ k t͡ʃ ɹ̩ d	p ɪ k t͡ʃ ɹ̩ d	w ɪ s p ɹ̩	w ɪ s p ɹ̩ d	w ɪ s p ɹ̩ d	p ɪ k t͡ʃ ɹ̩ d	1	1	reg_d	reg_d	reg_d
model_region	k o ʊ m	k o ʊ m d	k o ʊ m d	r o ʊ m	r o ʊ m d	r o ʊ m d	k o ʊ m d	1	1	reg_d	reg_d	reg_d
model_region	s m a ɪ l	s m a ɪ l d	s m a ɪ l d	w ɪ s ə l	w ɪ s ə l d	w ɪ s ə l d	s m a ɪ l d	1	1	reg_d	reg_d	reg_d
model_region	d r ɑː p	d r ɑː p t	d r ɑː p t	d r ɪ p	d r ɪ p t	d r ɪ p t	d r ɑː p t	1	1	reg_t	reg_t	reg_t
model_region	s k r æ t͡ʃ	s k r æ t͡ʃ t	s k r æ t͡ʃ t	s t r ɛ t͡ʃ	s t r ɛ t͡ʃ t	s t r ɛ t͡ʃ t	s k r æ t͡ʃ t	1	1	reg_t	reg_t	reg_t
model_region	s t æ m p	s t æ m p t	s t æ m p t	s t ɑː m p	s t ɑː m p t	s t ɑː m p t	s t æ m p t	1	1	reg_t	reg_t	reg_t
model_region	k r ʌ ʃ	k r ʌ ʃ t	k r ʌ ʃ t	k r æ ʃ	k r æ ʃ t	k r æ ʃ t	k r ʌ ʃ t	1	1	reg_t	reg_t	reg_t
model_region	b uː t	b uː t ə d	b uː t	b ɛ t	b ɛ t	b ɛ t	b uː t	1	0	reg_əd	no_change	no_change
model_region	r ə k ɔ r d	r ə k ɔ r d ə d	r uː k ə k ə d	d r ɪ ŋ k	d r æ ŋ k	d r æ ŋ k	NA	0	0	reg_əd	other	vowel_change
model_region	t͡ʃ uː z	t͡ʃ o ʊ z	t͡ʃ uː z d	j uː z	j uː z d	j uː z d	t͡ʃ uː z d	1	0	vowel_change	reg_d	reg_d
model_region	d æ n s	d æ n s t	d æ n s t	w æ k s	w æ k s t	w æ k s t	d æ n s t	1	1	reg_t	reg_t	reg_t
model_region	s n ɑː r ə l	s n ɑː r ə l d	s ɑː n t ə l d	s t æ n d	s t ʊ d	s t ʊ d	NA	0	0	reg_d	other	rhyme_replaced
model_region	l ɪ f t	l ɪ f t ə d	l ɪ f t	m ɛ l t	m ɛ l t ə d	m ɛ l t ə d	l ɪ f t ə d	0	1	reg_əd	no_change	reg_əd
model_region	t͡ʃ ɛ k	t͡ʃ ɛ k t	t͡ʃ ɛ k t	r ɛ k	r ɛ k t	r ɛ k t	t͡ʃ ɛ k t	1	1	reg_t	reg_t	reg_t
model_region	f ɑː l o ʊ	f ɑː l o ʊ d	f ɑː l o ʊ d	b ɑː r o ʊ	b ɑː r o ʊ d	b ɑː r o ʊ d	f ɑː l o ʊ d	1	1	reg_d	reg_d	reg_d
model_region	h æ n d	h æ n d ə d	h æ n d ə d	l æ n d	l æ n d ə d	l æ n d ə d	h æ n d ə d	1	1	reg_əd	reg_əd	reg_əd
model_region	r ɛ k ə m ɛ n d	r ɛ k ə m ɛ n d ə d	r ɛ k ə m ɛ n d	f o ʊ l d	f o ʊ l d ə d	f o ʊ l d ə d	r ɛ k ə m ɛ n d ə d	0	1	reg_əd	no_change	reg_əd
model_region	ʃ uː t	ʃ ɑː t	ʃ uː t	p ɛ t	p ɛ t	p ɛ t ə d	ʃ uː t	1	0	vowel_change	no_change	no_change
model_region	s o ʊ k	s o ʊ k t	s o ʊ k t	t͡ʃ o ʊ k	t͡ʃ o ʊ k t	t͡ʃ o ʊ k t	s o ʊ k t	1	1	reg_t	reg_t	reg_t
model_region	p ɑː r t ɪ s ə p e ɪ t	p ɑː r t ɪ s ə p e ɪ t ə d	p s t ə d	s t r a ɪ p	s t r a ɪ p t	s t r a ɪ p t	p ɑː r t ɪ s ə p e ɪ t t	0	0	reg_əd	other	reg_t
model_region	s m æ k	s m æ k t	s m æ k t	s n iː k	s n iː k t	s n iː k t	s m æ k t	1	1	reg_t	reg_t	reg_t
model_region	z ɪ p	z ɪ p t	z ɪ p t	s ɪ p	s ɪ p t	s ɪ p t	z ɪ p t	1	1	reg_t	reg_t	reg_t
model_region	w ɔ r m	w ɔ r m d	w ɔ r m d	n e ɪ m	n e ɪ m d	n e ɪ m d	w ɔ r m d	1	1	reg_d	reg_d	reg_d
model_region	k æ m p	k æ m p t	k æ m p t	d ʌ m p	d ʌ m p t	d ʌ m p t	k æ m p t	1	1	reg_t	reg_t	reg_t
model_region	p ɹ̩ f ɛ k t	p ɹ̩ f ɛ k t ə d	p ɹ̩ d ɹ̩ d	f ɛ ð ɹ̩	f ɛ ð ɹ̩ d	f ɛ ð ɹ̩ d	p ɹ̩ f ɛ k t d	0	0	reg_əd	other	reg_d
model_region	z uː m	z uː m d	z uː m d	s iː m	s iː m d	s iː m d	z uː m d	1	1	reg_d	reg_d	reg_d
model_region	f o ʊ n	f o ʊ n d	f o ʊ n d	m a ɪ n	m a ɪ n d	m a ɪ n d	f o ʊ n d	1	1	reg_d	reg_d	reg_d
model_region	ɡ r e ɪ s	ɡ r e ɪ s t	ɡ r e ɪ s t	ɪ r e ɪ s	ɪ r e ɪ s t	ɪ r e ɪ s t	ɡ r e ɪ s t	1	1	reg_t	reg_t	reg_t
model_region	h ʊ k	h ʊ k t	h ʊ k t	l ʊ k	l ʊ k t	l ʊ k t	h ʊ k t	1	1	reg_t	reg_t	reg_t
model_region	p ɛ ɡ	p ɛ ɡ d	p ɛ ɡ d	b ʌ ɡ	b ʌ ɡ d	b ʌ ɡ d	p ɛ ɡ d	1	1	reg_d	reg_d	reg_d
model_region	f l o ʊ t	f l o ʊ t ə d	f l o ʊ t ə d	l ɪ m ə t	l ɪ m ə t ə d	l ɪ m ə t ə d	f l o ʊ t ə d	1	1	reg_əd	reg_əd	reg_əd
model_region	s p ɛ n d	s p ɛ n t	s p ɛ n d ə d	s a ʊ n d	s a ʊ n d ə d	s a ʊ n d ə d	s p ɛ n d ə d	1	0	coda_change	reg_əd	reg_əd
model_region	s æ n d	s æ n d ə d	s æ n t	s ɛ n d	s ɛ n t	s ɛ n t	s æ n t	1	0	reg_əd	coda_change	coda_change
model_region	o ʊ n	o ʊ n d	o ʊ n d	l ɹ̩ n	l ɹ̩ n d	l ɹ̩ n d	o ʊ n d	1	1	reg_d	reg_d	reg_d
model_region	m e ɪ l	m e ɪ l d	m e ɪ l d	s e ɪ l	s e ɪ l d	s e ɪ l d	m e ɪ l d	1	1	reg_d	reg_d	reg_d
model_region	ə n t a ɪ	ə n t a ɪ d	ə n t n t ə d	ə n d ɹ̩ s t æ n d	ə n d ɹ̩ s t ʊ d	ə n d ɹ̩ s t ʊ d	NA	0	0	reg_d	other	rhyme_replaced
model_region	ɡ r iː s	ɡ r iː s t	ɡ r iː s t	d r ɛ s	d r ɛ s t	d r ɛ s t	ɡ r iː s t	1	1	reg_t	reg_t	reg_t
model_region	p r ə t ɛ k t	p r ə t ɛ k t ə d	p r ə t ɛ k t ə d	p r iː z ɛ n t	p r iː z ɛ n t ə d	p r iː z ɛ n t ə d	p r ə t ɛ k t ə d	1	1	reg_əd	reg_əd	reg_əd
model_region	r e ɪ d iː o ʊ	r e ɪ d iː o ʊ d	r e ɪ d	ə n d uː	ə n d ɪ d	ə n d ɪ d	NA	0	0	reg_d	other	vowel_change_suffix
model_region	d ɪ v a ɪ d	d ɪ v a ɪ d ə d	d ɪ v a ɪ d ə d	d ɪ s a ɪ d	d ɪ s a ɪ d ə d	d ɪ s a ɪ d ə d	d ɪ v a ɪ d ə d	1	1	reg_əd	reg_əd	reg_əd
model_region	t o ʊ	t o ʊ d	t o ʊ d	ʃ o ʊ	ʃ o ʊ d	ʃ o ʊ d	t o ʊ d	1	1	reg_d	reg_d	reg_d
model_region	t r æ n z m ɪ t	t r æ n z m ɪ t ə d	t r æ n d	t a ɪ t ə n	t a ɪ t ə n d	t a ɪ t ə n d	t r æ n z m ɪ t d	0	0	reg_əd	other	reg_d
model_region	b æ t	b æ t ə d	b æ t	b ɛ t	b ɛ t	b ɛ t	b æ t	1	0	reg_əd	no_change	no_change
model_region	w e ɪ	w e ɪ d	w e ɪ d	l e ɪ	l e ɪ d	l e ɪ d	w e ɪ d	1	1	reg_d	reg_d	reg_d
model_region	k l iː r	k l iː r d	k l iː r d	ə p iː r	ə p iː r d	ə p iː r d	k l iː r d	1	1	reg_d	reg_d	reg_d
model_region	ɛ n t͡ʃ æ n t	ɛ n t͡ʃ æ n t ə d	ɛ n t͡ʃ t n t ə d	r iː t͡ʃ	r iː t͡ʃ t	r iː t͡ʃ t	ɛ n t͡ʃ æ n t t	0	0	reg_əd	other	reg_t
model_region	ə d r ɛ s	ə d r ɛ s t	ə d r ɛ s t	t r e ɪ s	t r e ɪ s t	t r e ɪ s t	ə d r ɛ s t	1	1	reg_t	reg_t	reg_t
model_region	s m ʌ d͡ʒ	s m ʌ d͡ʒ d	s m ʌ d͡ʒ d	b o ʊ l	b o ʊ l d	b o ʊ l d	s m ʌ d͡ʒ d	1	1	reg_d	reg_d	reg_d
model_region	d r e ɪ p	d r e ɪ p t	d r e ɪ p t	s t ɑː m p	s t ɑː m p t	s t ɑː m p t	d r e ɪ p t	1	1	reg_t	reg_t	reg_t
model_region	d ɪ p	d ɪ p t	d ɪ p t	ʃ ɪ p	ʃ ɪ p t	ʃ ɪ p t	d ɪ p t	1	1	reg_t	reg_t	reg_t
model_region	ə s o ʊ s iː e ɪ t	ə s o ʊ s iː e ɪ t ə d	ə s a ɪ s t e ɪ t ə d	ʃ e ɪ k	ʃ e ɪ k t	ʃ ʊ k	ə s o ʊ s iː e ɪ t t	0	0	reg_əd	other	reg_t
model_region	s ɪ ŋ k	s æ ŋ k	s ɔ t	θ ɪ ŋ k	θ ɔ t	θ ɔ t	s ɔ t	1	0	vowel_change	rhyme_replaced	rhyme_replaced
model_region	p iː l	p iː l d	p iː l t	k uː l	k uː l d	k uː l d	p iː l d	0	1	reg_d	reg_t	reg_d
model_region	ɪ k s ɛ p t	ɪ k s ɛ p t ə d	ɪ k s p ɛ s t	n ɹ̩ s	n ɹ̩ s t	n ɹ̩ s t	ɪ k s ɛ p t t	0	0	reg_əd	other	reg_t
model_region	f r a ʊ n	f r a ʊ n d	f r a ʊ n d	b r a ʊ n	b r a ʊ n d	b r a ʊ n d	f r a ʊ n d	1	1	reg_d	reg_d	reg_d
model_region	s p r ɛ d	s p r ɛ d	s p r ɛ d ə d	s a ʊ n d	s a ʊ n d ə d	s a ʊ n d ə d	s p r ɛ d ə d	1	0	no_change	reg_əd	reg_əd
model_region	f l ɪ p	f l ɪ p t	f l ɪ p t	s l ɪ p	s l ɪ p t	s l ɪ p t	f l ɪ p t	1	1	reg_t	reg_t	reg_t
model_region	m ʌ ʃ r uː m	m ʌ ʃ r uː m d	m b ʌ ʃ t r d	s t ɪ ŋ k	s t ʌ ŋ k	s t ʌ ŋ k	NA	0	0	reg_d	other	vowel_change
model_region	r iː d uː	r iː d ɪ d	r iː d iː d	ə n d uː	ə n d ɪ d	ə n d ɪ d	r iː d ɪ d	0	1	vowel_change_suffix	vowel_change_suffix	vowel_change_suffix
model_region	ɡ æ s p	ɡ æ s p t	ɡ æ s p t	d ʌ m p	d ʌ m p t	d ʌ m p t	ɡ æ s p t	1	1	reg_t	reg_t	reg_t
model_region	t ɛ r ə r a ɪ z	t ɛ r ə r a ɪ z d	t ɛ r ə r a ɪ z d	ɛ m f ə s a ɪ z	ɛ m f ə s a ɪ z d	ɛ m f ə s a ɪ z d	t ɛ r ə r a ɪ z d	1	1	reg_d	reg_d	reg_d
model_region	b ʊ t͡ʃ ɹ̩	b ʊ t͡ʃ ɹ̩ d	b ʊ t͡ʃ ɹ̩ d	f ɛ ð ɹ̩	f ɛ ð ɹ̩ d	f ɛ ð ɹ̩ d	b ʊ t͡ʃ ɹ̩ d	1	1	reg_d	reg_d	reg_d
model_region	m ə n ɪ p j ə l e ɪ t	m ə n ɪ p j ə l e ɪ t ə d	m b ə d	k l a ɪ m	k l a ɪ m d	k l a ɪ m d	m ə n ɪ p j ə l e ɪ t d	0	0	reg_əd	other	reg_d
model_region	d r ʌ ɡ	d r ʌ ɡ d	d r ʌ ɡ d	p l ʌ ɡ	p l ʌ ɡ d	p l ʌ ɡ d	d r ʌ ɡ d	1	1	reg_d	reg_d	reg_d
model_region	s l a ɪ s	s l a ɪ s t	s l a ɪ s t	ɪ r e ɪ s	ɪ r e ɪ s t	ɪ r e ɪ s t	s l a ɪ s t	1	1	reg_t	reg_t	reg_t
model_region	s ɹ̩ a ʊ n d	s ɹ̩ a ʊ n d ə d	s ɹ̩ a ʊ n a ɪ d	s ɛ n d	s ɛ n t	s ɛ n t	s ɹ̩ a ʊ n t	0	0	reg_əd	other	coda_change
model_region	s k r ɪ b ə l	s k r ɪ b ə l d	s k r ʌ b ə l d	ɪ ɡ n ɔ r	ɪ ɡ n ɔ r d	ɪ ɡ n ɔ r d	s k r ɪ b ə l d	0	1	reg_d	other	reg_d
model_region	ɡ r iː n	ɡ r iː n d	ɡ r iː n d	k l iː n	k l iː n d	k l iː n d	ɡ r iː n d	1	1	reg_d	reg_d	reg_d
model_region	s k w ɹ̩ t	s k w ɹ̩ t ə d	s k ɹ̩ d	k iː p	k ɛ p t	k ɛ p t	NA	0	0	reg_əd	other	vowel_change_suffix
model_region	k ə n ɛ k t	k ə n ɛ k t ə d	k ə n ɛ k t ə d	k ə l ɛ k t	k ə l ɛ k t ə d	k ə l ɛ k t ə d	k ə n ɛ k t ə d	1	1	reg_əd	reg_əd	reg_əd
model_region	ɡ r ɪ l	ɡ r ɪ l d	ɡ r ɪ l d	s t ɪ l	s t ɪ l d	s t ɪ l d	ɡ r ɪ l d	1	1	reg_d	reg_d	reg_d
model_region	k ə n s ɪ d ɹ̩	k ə n s ɪ d ɹ̩ d	k ə n d	r ɪ t ɹ̩ n	r ɪ t ɹ̩ n d	r ɪ t ɹ̩ n d	k ə n s ɪ d ɹ̩ d	0	1	reg_d	other	reg_d
model_region	k ɹ̩ l	k ɹ̩ l d	k ɹ̩ l d	j ɛ l	j ɛ l d	j ɛ l d	k ɹ̩ l d	1	1	reg_d	reg_d	reg_d
model_region	ɔ θ ɹ̩	ɔ θ ɹ̩ d	ɔ θ ɹ̩ d	ɔ f ɹ̩	ɔ f ɹ̩ d	ɔ f ɹ̩ d	ɔ θ ɹ̩ d	1	1	reg_d	reg_d	reg_d
model_region	f l ʌ ʃ	f l ʌ ʃ t	f l ʌ ʃ t	f l æ ʃ	f l æ ʃ t	f l æ ʃ t	f l ʌ ʃ t	1	1	reg_t	reg_t	reg_t
model_template	h æ v	h æ d	h æ v d	m uː v	m uː v d	m uː v d	h æ v d	1	0	coda_change	reg_d	reg_d
model_template	h æ p ə n	h æ p ə n d	h æ p ə n d	o ʊ p ə n	o ʊ p ə n d	o ʊ p ə n d	h æ p ə n d	1	1	reg_d	reg_d	reg_d
model_template	p l e ɪ s	p l e ɪ s t	p l e ɪ s t	s p l æ ʃ	s p l æ ʃ t	s p l æ ʃ t	p l e ɪ s t	1	1	reg_t	reg_t	reg_t
model_template	k l o ʊ z	k l o ʊ z d	k l o ʊ l d	s t r ɛ t͡ʃ	s t r ɛ t͡ʃ t	s t r ɛ t͡ʃ t	k l o ʊ z t	0	0	reg_d	coda_change	reg_t
model_template	k ʊ k	k ʊ k t	k o ʊ k	k æ t͡ʃ	k ɔ t	k ɔ t	NA	0	0	reg_t	vowel_change	rhyme_replaced
model_template	r ʌ n	r æ n	r ʌ n d	l ɹ̩ n	l ɹ̩ n d	l ɹ̩ n d	r ʌ n d	1	0	vowel_change	reg_d	reg_d
model_template	s e ɪ	s ɛ d	s e ɪ d	l e ɪ	l e ɪ d	l e ɪ d	s e ɪ d	1	0	vowel_change_suffix	reg_d	reg_d
model_template	f ɪ ʃ	f ɪ ʃ t	f ɪ ʃ t	w ɪ ʃ	w ɪ ʃ t	w ɪ ʃ t	f ɪ ʃ t	1	1	reg_t	reg_t	reg_t
model_template	h ɹ̩ t	h ɹ̩ t	h ɹ̩ t	k ʌ t	k ʌ t	k ʌ t	h ɹ̩ t	1	1	no_change	no_change	no_change
model_template	l uː z	l ɔ s t	l uː z d	j uː z	j uː z d	j uː z d	l uː z d	1	0	rhyme_replaced	reg_d	reg_d
model_template	æ s k	æ s k t	æ k s t	d ɪ s t r ɔ ɪ	d ɪ s t r ɔ ɪ d	d ɪ s t r ɔ ɪ d	æ s k d	0	0	reg_t	coda_change	reg_d
model_template	p e ɪ	p e ɪ d	p e ɪ d	l e ɪ	l e ɪ d	l e ɪ d	p e ɪ d	1	1	reg_d	reg_d	reg_d
model_template	s p ɛ l	s p ɛ l d	s p ɛ l d	s m ɛ l	s m ɛ l d	s m ɛ l d	s p ɛ l d	1	1	reg_d	reg_d	reg_d
model_template	s p ɪ t	s p æ t	s p ɪ t	k w ɪ t	k w ɪ t	k w ɪ t	s p ɪ t	1	0	vowel_change	no_change	no_change
model_template	m ɪ s	m ɪ s t	m ɪ s t	k ɪ s	k ɪ s t	k ɪ s t	m ɪ s t	1	1	reg_t	reg_t	reg_t
model_template	s t ɑː r t	s t ɑː r t ə d	s t ɑː r t ə d	t e ɪ s t	t e ɪ s t ə d	t e ɪ s t ə d	s t ɑː r t ə d	1	1	reg_əd	reg_əd	reg_əd
model_template	p ɑː r t iː	p ɑː r t iː d	p ɑː r t iː d	ɛ m p t iː	ɛ m p t iː d	ɛ m p t iː d	p ɑː r t iː d	1	1	reg_d	reg_d	reg_d
model_template	ɡ ɛ s	ɡ ɛ s t	ɡ ɑː s t	ɡ o ʊ	ɡ ɑː o ʊ	w ɛ n t	NA	0	0	reg_t	vowel_change_suffix	vowel_change
model_template	f a ɪ ɹ̩	f a ɪ ɹ̩ d	f ɔ t ɹ̩ d	f l a ɪ	f l uː	f l uː	NA	0	0	reg_d	other	vowel_change
model_template	s ɪ t	s æ t	s ɪ t	s ɛ t	s ɛ t	s ɛ t	s ɪ t	1	0	vowel_change	no_change	no_change
model_template	ʃ uː	ʃ uː d	ʃ uː d	b uː	b uː d	b uː d	ʃ uː d	1	1	reg_d	reg_d	reg_d
model_template	w ɹ̩ k	w ɹ̩ k t	w ɹ̩ k t	s ʌ k	s ʌ k t	s ʌ k t	w ɹ̩ k t	1	1	reg_t	reg_t	reg_t
model_template	t ʌ t͡ʃ	t ʌ t͡ʃ t	t ʌ t͡ʃ t	w ɑː t͡ʃ	w ɑː t͡ʃ t	w ɑː t͡ʃ t	t ʌ t͡ʃ t	1	1	reg_t	reg_t	reg_t
model_template	s t ɑː p	s t ɑː p t	s t ɑː p t	s l æ p	s l æ p t	s l æ p t	s t ɑː p t	1	1	reg_t	reg_t	reg_t
model_template	s t ɹ̩	s t ɹ̩ d	s t ɹ̩ d	r ɑː b	r ɑː b d	r ɑː b d	s t ɹ̩ d	1	1	reg_d	reg_d	reg_d
model_template	l ɛ d	l ɛ d ə d	l ɛ d	r ɪ d	r ɪ d	r ɪ d	l ɛ d	1	0	reg_əd	no_change	no_change
model_template	p ɔ r	p ɔ r d	p ɔ r d	r ɔ r	r ɔ r d	r ɔ r d	p ɔ r d	1	1	reg_d	reg_d	reg_d
model_template	s ə p o ʊ z	s ə p o ʊ z d	s ə p ə p ɛ d	f ʌ s	f ʌ s t	f ʌ s t	s ə p o ʊ z t	0	0	reg_d	other	reg_t
model_template	w ʌ n d ɹ̩	w ʌ n d ɹ̩ d	w ʌ n d ɹ̩ d	w ɑː n d ɹ̩	w ɑː n d ɹ̩ d	w ɑː n d ɹ̩ d	w ʌ n d ɹ̩ d	1	1	reg_d	reg_d	reg_d
model_template	k w ɛ s t͡ʃ ə n	k w ɛ s t͡ʃ ə n d	k w ɛ k ə n ʃ t	ɪ k s p l e ɪ n	ɪ k s p l e ɪ n d	ɪ k s p l e ɪ n d	k w ɛ s t͡ʃ ə n d	0	1	reg_d	other	reg_d
model_template	d a ɪ	d a ɪ d	d ɔ a ɪ d	n o ʊ	n uː	n uː	NA	0	0	reg_d	vowel_change_suffix	vowel_change
model_template	s p iː k	s p o ʊ k	s p iː k t	s n iː k	s n iː k t	s n iː k t	s p iː k t	1	0	vowel_change	reg_t	reg_t
model_template	s w iː p	s w ɛ p t	s w ɛ p t	b l iː d	b l ɛ d	b l ɛ d	NA	0	0	vowel_change_suffix	vowel_change_suffix	vowel_change
model_template	b r ʌ ʃ	b r ʌ ʃ t	b r ʌ ʃ t	p a ɪ p	p a ɪ p t	p a ɪ p t	b r ʌ ʃ t	1	1	reg_t	reg_t	reg_t
model_template	ə b a ɪ d	ə b a ɪ d ə d	ə d	m ɛ r iː	m ɛ r iː d	m ɛ r iː d	ə b a ɪ d d	0	0	reg_əd	other	reg_d
model_template	l æ f	l æ f t	l æ f t	m æ t͡ʃ	m æ t͡ʃ t	m æ t͡ʃ t	l æ f t	1	1	reg_t	reg_t	reg_t
model_template	t a ɪ	t a ɪ d	t ɔ t	n o ʊ	n uː	n uː	NA	0	0	reg_d	vowel_change_suffix	vowel_change
model_template	ɪ n v a ɪ t	ɪ n v a ɪ t ə d	ɪ n v ɪ v t ə d	s l a ɪ d	s l ɪ d	s l ɪ d	NA	0	0	reg_əd	other	vowel_change
model_template	k r ɔ l	k r ɔ l d	k r ɔ l d	s m ɛ l	s m ɛ l d	s m ɛ l d	k r ɔ l d	1	1	reg_d	reg_d	reg_d
model_template	p o ʊ k	p o ʊ k t	p o ʊ k t	m ɪ l k	m ɪ l k t	m ɪ l k t	p o ʊ k t	1	1	reg_t	reg_t	reg_t
model_template	ɡ r o ʊ	ɡ r uː	ɡ r uː	θ r o ʊ	θ r uː	θ r uː	ɡ r uː	1	1	vowel_change	vowel_change	vowel_change
model_template	s t iː l	s t o ʊ l	s t iː l d	s t ɪ l	s t ɪ l d	s t ɪ l d	s t iː l d	1	0	vowel_change	reg_d	reg_d
model_template	t͡ʃ uː	t͡ʃ uː d	t͡ʃ uː d	b uː	b uː d	b uː d	t͡ʃ uː d	1	1	reg_d	reg_d	reg_d
model_template	w ɔ k	w ɔ k t	w ɔ k t	l ɪ k	l ɪ k t	l ɪ k t	w ɔ k t	1	1	reg_t	reg_t	reg_t
model_template	s ɛ l	s o ʊ l d	s ɛ l d	k ɛ r	k ɛ r d	k ɛ r d	s ɛ l d	1	0	vowel_change_suffix	reg_d	reg_d
model_template	p ɪ k t͡ʃ ɹ̩	p ɪ k t͡ʃ ɹ̩ d	p ɪ k t͡ʃ ɹ̩ d	f ɪ ɡ j ɹ̩	f ɪ ɡ j ɹ̩ d	f ɪ ɡ j ɹ̩ d	p ɪ k t͡ʃ ɹ̩ d	1	1	reg_d	reg_d	reg_d
model_template	k o ʊ m	k o ʊ m d	k o ʊ m d	r o ʊ m	r o ʊ m d	r o ʊ m d	k o ʊ m d	1	1	reg_d	reg_d	reg_d
model_template	s m a ɪ l	s m a ɪ l d	s m a ɪ l d	t ɪ k ə l	t ɪ k ə l d	t ɪ k ə l d	s m a ɪ l d	1	1	reg_d	reg_d	reg_d
model_template	d r ɑː p	d r ɑː p t	d r ɑː p t	d r ɪ p	d r ɪ p t	d r ɪ p t	d r ɑː p t	1	1	reg_t	reg_t	reg_t
model_template	s k r æ t͡ʃ	s k r æ t͡ʃ t	s k r æ t͡ʃ t	s t r ɛ t͡ʃ	s t r ɛ t͡ʃ t	s t r ɛ t͡ʃ t	s k r æ t͡ʃ t	1	1	reg_t	reg_t	reg_t
model_template	s t æ m p	s t æ m p t	s t æ m p t	s t ɑː m p	s t ɑː m p t	s t ɑː m p t	s t æ m p t	1	1	reg_t	reg_t	reg_t
model_template	k r ʌ ʃ	k r ʌ ʃ t	k r ʌ ʃ t	s l ɪ p	s l ɪ p t	s l ɪ p t	k r ʌ ʃ t	1	1	reg_t	reg_t	reg_t
model_template	b uː t	b uː t ə d	b uː t	w ɛ t	w ɛ t	w ɛ t	b uː t	1	0	reg_əd	no_change	no_change
model_template	r ə k ɔ r d	r ə k ɔ r d ə d	r uː k ə k ə d	b l o ʊ	b l uː	b l uː	NA	0	0	reg_əd	other	vowel_change
model_template	t͡ʃ uː z	t͡ʃ o ʊ z	t͡ʃ uː z d	k ɑː z	k ɑː z d	k ɑː z d	t͡ʃ uː z d	1	0	vowel_change	reg_d	reg_d
model_template	d æ n s	d æ n s t	d æ n s t	t͡ʃ e ɪ s	t͡ʃ e ɪ s t	t͡ʃ e ɪ s t	d æ n s t	1	1	reg_t	reg_t	reg_t
model_template	s n ɑː r ə l	s n ɑː r ə l d	s ɑː n t ə l d	s t ɪ ŋ	s t ʌ ŋ	s t ʌ ŋ	NA	0	0	reg_d	other	vowel_change
model_template	l ɪ f t	l ɪ f t ə d	l ɪ f t	k ɑː s t	k ɑː s t	k ɑː s t	l ɪ f t	1	0	reg_əd	no_change	no_change
model_template	t͡ʃ ɛ k	t͡ʃ ɛ k t	t͡ʃ ɛ k t	s ɑː k	s ɑː k t	s ɑː k t	t͡ʃ ɛ k t	1	1	reg_t	reg_t	reg_t
model_template	f ɑː l o ʊ	f ɑː l o ʊ d	f ɑː l o ʊ d	b ɑː r o ʊ	b ɑː r o ʊ d	b ɑː r o ʊ d	f ɑː l o ʊ d	1	1	reg_d	reg_d	reg_d
model_template	h æ n d	h æ n d ə d	h æ n d ə d	l æ n d	l æ n d ə d	l æ n d ə d	h æ n d ə d	1	1	reg_əd	reg_əd	reg_əd
model_template	r ɛ k ə m ɛ n d	r ɛ k ə m ɛ n d ə d	r ɛ k ə m ɛ n d	l ɛ t	l ɛ t	l ɛ t	r ɛ k ə m ɛ n d	1	0	reg_əd	no_change	no_change
model_template	ʃ uː t	ʃ ɑː t	ʃ uː t	ʃ ʌ t	ʃ ʌ t	ʃ ʌ t	ʃ uː t	1	0	vowel_change	no_change	no_change
model_template	s o ʊ k	s o ʊ k t	s o ʊ k t	t͡ʃ o ʊ k	t͡ʃ o ʊ k t	t͡ʃ o ʊ k t	s o ʊ k t	1	1	reg_t	reg_t	reg_t
model_template	p ɑː r t ɪ s ə p e ɪ t	p ɑː r t ɪ s ə p e ɪ t ə d	p s t ə d	w e ɪ k	w e ɪ k	w o ʊ k	p ɑː r t ɪ s ə p e ɪ t	0	0	reg_əd	other	no_change
model_template	s m æ k	s m æ k t	s m æ k t	s n iː k	s n iː k t	s n iː k t	s m æ k t	1	1	reg_t	reg_t	reg_t
model_template	z ɪ p	z ɪ p t	z ɪ p t	ʃ ɪ p	ʃ ɪ p t	ʃ ɪ p t	z ɪ p t	1	1	reg_t	reg_t	reg_t
model_template	w ɔ r m	w ɔ r m d	w ɔ r m d	n e ɪ m	n e ɪ m d	n e ɪ m d	w ɔ r m d	1	1	reg_d	reg_d	reg_d
model_template	k æ m p	k æ m p t	k æ m p t	w a ɪ p	w a ɪ p t	w a ɪ p t	k æ m p t	1	1	reg_t	reg_t	reg_t
model_template	p ɹ̩ f ɛ k t	p ɹ̩ f ɛ k t ə d	p ɹ̩ d ɹ̩ d	k ɑː p iː	k ɑː p iː d	k ɑː p iː d	p ɹ̩ f ɛ k t d	0	0	reg_əd	other	reg_d
model_template	z uː m	z uː m d	z uː m d	h ɛ m	h ɛ m d	h ɛ m d	z uː m d	1	1	reg_d	reg_d	reg_d
model_template	f o ʊ n	f o ʊ n d	f o ʊ n d	p l æ n	p l æ n d	p l æ n d	f o ʊ n d	1	1	reg_d	reg_d	reg_d
model_template	ɡ r e ɪ s	ɡ r e ɪ s t	ɡ r e ɪ s t	ɪ r e ɪ s	ɪ r e ɪ s t	ɪ r e ɪ s t	ɡ r e ɪ s t	1	1	reg_t	reg_t	reg_t
model_template	h ʊ k	h ʊ k t	h ʊ k t	l ʊ k	l ʊ k t	l ʊ k t	h ʊ k t	1	1	reg_t	reg_t	reg_t
model_template	p ɛ ɡ	p ɛ ɡ d	p ɛ ɡ d	t æ ɡ	t æ ɡ d	t æ ɡ d	p ɛ ɡ d	1	1	reg_d	reg_d	reg_d
model_template	f l o ʊ t	f l o ʊ t ə d	f l o ʊ t ə d	f r ʌ n t	f r ʌ n t ə d	f r ʌ n t ə d	f l o ʊ t ə d	1	1	reg_əd	reg_əd	reg_əd
model_template	s p ɛ n d	s p ɛ n t	s p ɛ n d ə d	s a ʊ n d	s a ʊ n d ə d	s a ʊ n d ə d	s p ɛ n d ə d	1	0	coda_change	reg_əd	reg_əd
model_template	s æ n d	s æ n d ə d	s æ n t	s ɛ n d	s ɛ n t	s ɛ n t	s æ n t	1	0	reg_əd	coda_change	coda_change
model_template	o ʊ n	o ʊ n d	o ʊ n d	l ɹ̩ n	l ɹ̩ n d	l ɹ̩ n d	o ʊ n d	1	1	reg_d	reg_d	reg_d
model_template	m e ɪ l	m e ɪ l d	m e ɪ l d	s m ɛ l	s m ɛ l d	s m ɛ l d	m e ɪ l d	1	1	reg_d	reg_d	reg_d
model_template	ə n t a ɪ	ə n t a ɪ d	ə n t n t ə d	s l a ɪ d	s l ɪ d	s l ɪ d	NA	0	0	reg_d	other	vowel_change
model_template	ɡ r iː s	ɡ r iː s t	ɡ r iː s t	f e ɪ s	f e ɪ s t	f e ɪ s t	ɡ r iː s t	1	1	reg_t	reg_t	reg_t
model_template	p r ə t ɛ k t	p r ə t ɛ k t ə d	p r ə t ɛ k t ə d	p r iː z ɛ n t	p r iː z ɛ n t ə d	p r iː z ɛ n t ə d	p r ə t ɛ k t ə d	1	1	reg_əd	reg_əd	reg_əd
model_template	r e ɪ d iː o ʊ	r e ɪ d iː o ʊ d	r e ɪ d	r ɛ n t	r ɛ n t	r ɛ n t ə d	r e ɪ d iː o ʊ	0	0	reg_d	other	no_change
model_template	d ɪ v a ɪ d	d ɪ v a ɪ d ə d	d ɪ v a ɪ d ə d	d ɪ s a ɪ d	d ɪ s a ɪ d ə d	d ɪ s a ɪ d ə d	d ɪ v a ɪ d ə d	1	1	reg_əd	reg_əd	reg_əd
model_template	t o ʊ	t o ʊ d	t o ʊ d	k ɑː z	k ɑː z d	k ɑː z d	t o ʊ d	1	1	reg_d	reg_d	reg_d
model_template	t r æ n z m ɪ t	t r æ n z m ɪ t ə d	t r æ n d	s t e ɪ b ə l a ɪ z	s t e ɪ b ə l a ɪ z d	s t e ɪ b ə l a ɪ z d	t r æ n z m ɪ t d	0	0	reg_əd	other	reg_d
model_template	b æ t	b æ t ə d	b æ t	s ɛ t	s ɛ t	s ɛ t	b æ t	1	0	reg_əd	no_change	no_change
model_template	w e ɪ	w e ɪ d	w e ɪ d	l e ɪ	l e ɪ d	l e ɪ d	w e ɪ d	1	1	reg_d	reg_d	reg_d
model_template	k l iː r	k l iː r d	k l iː r d	ə p iː r	ə p iː r d	ə p iː r d	k l iː r d	1	1	reg_d	reg_d	reg_d
model_template	ɛ n t͡ʃ æ n t	ɛ n t͡ʃ æ n t ə d	ɛ n t͡ʃ t n t ə d	t ɔ k	t ɔ k t	t ɔ k t	ɛ n t͡ʃ æ n t t	0	0	reg_əd	other	reg_t
model_template	ə d r ɛ s	ə d r ɛ s t	ə d r ɛ s t	p a ʊ n s	p a ʊ n s t	p a ʊ n s t	ə d r ɛ s t	1	1	reg_t	reg_t	reg_t
model_template	s m ʌ d͡ʒ	s m ʌ d͡ʒ d	s m ʌ d͡ʒ d	r e ɪ n	r e ɪ n d	r e ɪ n d	s m ʌ d͡ʒ d	1	1	reg_d	reg_d	reg_d
model_template	d r e ɪ p	d r e ɪ p t	d r e ɪ p t	s k w ɑː ʃ	s k w ɑː ʃ t	s k w ɑː ʃ t	d r e ɪ p t	1	1	reg_t	reg_t	reg_t
model_template	d ɪ p	d ɪ p t	d ɪ p t	t͡ʃ ɪ p	t͡ʃ ɪ p t	t͡ʃ ɪ p t	d ɪ p t	1	1	reg_t	reg_t	reg_t
model_template	ə s o ʊ s iː e ɪ t	ə s o ʊ s iː e ɪ t ə d	ə s a ɪ s t e ɪ t ə d	p ʊ t	p ʊ t	p ʊ t	ə s o ʊ s iː e ɪ t	0	0	reg_əd	other	no_change
model_template	s ɪ ŋ k	s æ ŋ k	s ɔ t	θ ɪ ŋ k	θ ɔ t	θ ɔ t	s ɔ t	1	0	vowel_change	rhyme_replaced	rhyme_replaced
model_template	p iː l	p iː l d	p iː l t	m æ t͡ʃ	m æ t͡ʃ t	m æ t͡ʃ t	p iː l t	1	0	reg_d	reg_t	reg_t
model_template	ɪ k s ɛ p t	ɪ k s ɛ p t ə d	ɪ k s p ɛ s t	f ʌ s	f ʌ s t	f ʌ s t	ɪ k s ɛ p t t	0	0	reg_əd	other	reg_t
model_template	f r a ʊ n	f r a ʊ n d	f r a ʊ n d	b r a ʊ n	b r a ʊ n d	b r a ʊ n d	f r a ʊ n d	1	1	reg_d	reg_d	reg_d
model_template	s p r ɛ d	s p r ɛ d	s p r ɛ d ə d	k r a ʊ d	k r a ʊ d ə d	k r a ʊ d ə d	s p r ɛ d ə d	1	0	no_change	reg_əd	reg_əd
model_template	f l ɪ p	f l ɪ p t	f l ɪ p t	s l ɪ p	s l ɪ p t	s l ɪ p t	f l ɪ p t	1	1	reg_t	reg_t	reg_t
model_template	m ʌ ʃ r uː m	m ʌ ʃ r uː m d	m b ʌ ʃ t r d	w ɛ t	w ɛ t	w ɛ t	m ʌ ʃ r uː m	0	0	reg_d	other	no_change
model_template	r iː d uː	r iː d ɪ d	r iː d iː d	s t ɪ ŋ k	s t ʌ ŋ k	s t ʌ ŋ k	NA	0	0	vowel_change_suffix	vowel_change_suffix	vowel_change
model_template	ɡ æ s p	ɡ æ s p t	ɡ æ s p t	h o ʊ p	h o ʊ p t	h o ʊ p t	ɡ æ s p t	1	1	reg_t	reg_t	reg_t
model_template	t ɛ r ə r a ɪ z	t ɛ r ə r a ɪ z d	t ɛ r ə r a ɪ z d	ə p ɑː l ə d͡ʒ a ɪ z	ə p ɑː l ə d͡ʒ a ɪ z d	ə p ɑː l ə d͡ʒ a ɪ z d	t ɛ r ə r a ɪ z d	1	1	reg_d	reg_d	reg_d
model_template	b ʊ t͡ʃ ɹ̩	b ʊ t͡ʃ ɹ̩ d	b ʊ t͡ʃ ɹ̩ d	b ɑː ð ɹ̩	b ɑː ð ɹ̩ d	b ɑː ð ɹ̩ d	b ʊ t͡ʃ ɹ̩ d	1	1	reg_d	reg_d	reg_d
model_template	m ə n ɪ p j ə l e ɪ t	m ə n ɪ p j ə l e ɪ t ə d	m b ə d	ɪ n t ɹ̩ f ɪ r	ɪ n t ɹ̩ f ɪ r d	ɪ n t ɹ̩ f ɪ r d	m ə n ɪ p j ə l e ɪ t d	0	0	reg_əd	other	reg_d
model_template	d r ʌ ɡ	d r ʌ ɡ d	d r ʌ ɡ d	p l ʌ ɡ	p l ʌ ɡ d	p l ʌ ɡ d	d r ʌ ɡ d	1	1	reg_d	reg_d	reg_d
model_template	s l a ɪ s	s l a ɪ s t	s l a ɪ s t	t r e ɪ s	t r e ɪ s t	t r e ɪ s t	s l a ɪ s t	1	1	reg_t	reg_t	reg_t
model_template	s ɹ̩ a ʊ n d	s ɹ̩ a ʊ n d ə d	s ɹ̩ a ʊ n a ɪ d	s ɛ n d	s ɛ n t	s ɛ n t	s ɹ̩ a ʊ n t	0	0	reg_əd	other	coda_change
model_template	s k r ɪ b ə l	s k r ɪ b ə l d	s k r ʌ b ə l d	s t r ɪ ŋ	s t r ʌ ŋ	s t r ʌ ŋ	NA	0	0	reg_d	other	vowel_change
model_template	ɡ r iː n	ɡ r iː n d	ɡ r iː n d	t͡ʃ e ɪ n	t͡ʃ e ɪ n d	t͡ʃ e ɪ n d	ɡ r iː n d	1	1	reg_d	reg_d	reg_d
model_template	s k w ɹ̩ t	s k w ɹ̩ t ə d	s k ɹ̩ d	h ɹ̩ iː	h ɹ̩ iː d	h ɹ̩ iː d	s k w ɹ̩ t d	0	0	reg_əd	other	reg_d
model_template	k ə n ɛ k t	k ə n ɛ k t ə d	k ə n ɛ k t ə d	k ə l ɛ k t	k ə l ɛ k t ə d	k ə l ɛ k t ə d	k ə n ɛ k t ə d	1	1	reg_əd	reg_əd	reg_əd
model_template	ɡ r ɪ l	ɡ r ɪ l d	ɡ r ɪ l d	b o ʊ l	b o ʊ l d	b o ʊ l d	ɡ r ɪ l d	1	1	reg_d	reg_d	reg_d
model_template	k ə n s ɪ d ɹ̩	k ə n s ɪ d ɹ̩ d	k ə n d	ɛ n d͡ʒ ɔ ɪ	ɛ n d͡ʒ ɔ ɪ d	ɛ n d͡ʒ ɔ ɪ d	k ə n s ɪ d ɹ̩ d	0	1	reg_d	other	reg_d
model_template	k ɹ̩ l	k ɹ̩ l d	k ɹ̩ l d	k uː l	k uː l d	k uː l d	k ɹ̩ l d	1	1	reg_d	reg_d	reg_d
model_template	ɔ θ ɹ̩	ɔ θ ɹ̩ d	ɔ θ ɹ̩ d	ɔ f ɹ̩	ɔ f ɹ̩ d	ɔ f ɹ̩ d	ɔ θ ɹ̩ d	1	1	reg_d	reg_d	reg_d
model_template	f l ʌ ʃ	f l ʌ ʃ t	f l ʌ ʃ t	f l æ ʃ	f l æ ʃ t	f l æ ʃ t	f l ʌ ʃ t	1	1	reg_t	reg_t	reg_t
model_template_chosen	h æ v	h æ d	h æ v d	m uː v	m uː v d	m uː v d	h æ v d	1	0	coda_change	reg_d	reg_d
model_template_chosen	h æ p ə n	h æ p ə n d	h æ p ə n d	o ʊ p ə n	o ʊ p ə n d	o ʊ p ə n d	h æ p ə n d	1	1	reg_d	reg_d	reg_d
model_template_chosen	p l e ɪ s	p l e ɪ s t	p l e ɪ s t	ɪ r e ɪ s	ɪ r e ɪ s t	ɪ r e ɪ s t	p l e ɪ s t	1	1	reg_t	reg_t	reg_t
model_template_chosen	k l o ʊ z	k l o ʊ z d	k l o ʊ l d	r ɪ l æ k s	r ɪ l æ k s t	r ɪ l æ k s t	k l o ʊ z t	0	0	reg_d	coda_change	reg_t
model_template_chosen	k ʊ k	k ʊ k t	k o ʊ k	t ɛ l	t o ʊ l d	t o ʊ l d	NA	0	0	reg_t	vowel_change	vowel_change_suffix
model_template_chosen	r ʌ n	r æ n	r ʌ n d	p ɛ n	p ɛ n d	p ɛ n d	r ʌ n d	1	0	vowel_change	reg_d	reg_d
model_template_chosen	s e ɪ	s ɛ d	s e ɪ d	l e ɪ	l e ɪ d	l e ɪ d	s e ɪ d	1	0	vowel_change_suffix	reg_d	reg_d
model_template_chosen	f ɪ ʃ	f ɪ ʃ t	f ɪ ʃ t	w ɪ ʃ	w ɪ ʃ t	w ɪ ʃ t	f ɪ ʃ t	1	1	reg_t	reg_t	reg_t
model_template_chosen	h ɹ̩ t	h ɹ̩ t	h ɹ̩ t	k ʌ t	k ʌ t	k ʌ t	h ɹ̩ t	1	1	no_change	no_change	no_change
model_template_chosen	l uː z	l ɔ s t	l uː z d	j uː z	j uː z d	j uː z d	l uː z d	1	0	rhyme_replaced	reg_d	reg_d
model_template_chosen	æ s k	æ s k t	æ k s t	b a ɪ t	b ɪ t	b ɪ t	NA	0	0	reg_t	coda_change	vowel_change
model_template_chosen	p e ɪ	p e ɪ d	p e ɪ d	l e ɪ	l e ɪ d	l e ɪ d	p e ɪ d	1	1	reg_d	reg_d	reg_d
model_template_chosen	s p ɛ l	s p ɛ l d	s p ɛ l d	s m ɛ l	s m ɛ l d	s m ɛ l d	s p ɛ l d	1	1	reg_d	reg_d	reg_d
model_template_chosen	s p ɪ t	s p æ t	s p ɪ t	k w ɪ t	k w ɪ t	k w ɪ t	s p ɪ t	1	0	vowel_change	no_change	no_change
model_template_chosen	m ɪ s	m ɪ s t	m ɪ s t	k ɪ s	k ɪ s t	k ɪ s t	m ɪ s t	1	1	reg_t	reg_t	reg_t
model_template_chosen	s t ɑː r t	s t ɑː r t ə d	s t ɑː r t ə d	ə d m ɪ t	ə d m ɪ t ə d	ə d m ɪ t ə d	s t ɑː r t ə d	1	1	reg_əd	reg_əd	reg_əd
model_template_chosen	p ɑː r t iː	p ɑː r t iː d	p ɑː r t iː d	ɛ m p t iː	ɛ m p t iː d	ɛ m p t iː d	p ɑː r t iː d	1	1	reg_d	reg_d	reg_d
model_template_chosen	ɡ ɛ s	ɡ ɛ s t	ɡ ɑː s t	ɡ ɛ t	ɡ ɑː t	ɡ ɑː t	NA	0	0	reg_t	vowel_change_suffix	vowel_change
model_template_chosen	f a ɪ ɹ̩	f a ɪ ɹ̩ d	f ɔ t ɹ̩ d	f a ɪ t	f ɔ t	f ɔ t	NA	0	0	reg_d	other	vowel_change
model_template_chosen	s ɪ t	s æ t	s ɪ t	s ɛ t	s ɛ t	s ɛ t	s ɪ t	1	0	vowel_change	no_change	no_change
model_template_chosen	ʃ uː	ʃ uː d	ʃ uː d	w uː	w uː d	w uː d	ʃ uː d	1	1	reg_d	reg_d	reg_d
model_template_chosen	w ɹ̩ k	w ɹ̩ k t	w ɹ̩ k t	s ʌ k	s ʌ k t	s ʌ k t	w ɹ̩ k t	1	1	reg_t	reg_t	reg_t
model_template_chosen	t ʌ t͡ʃ	t ʌ t͡ʃ t	t ʌ t͡ʃ t	w ɑː t͡ʃ	w ɑː t͡ʃ t	w ɑː t͡ʃ t	t ʌ t͡ʃ t	1	1	reg_t	reg_t	reg_t
model_template_chosen	s t ɑː p	s t ɑː p t	s t ɑː p t	s l æ p	s l æ p t	s l æ p t	s t ɑː p t	1	1	reg_t	reg_t	reg_t
model_template_chosen	s t ɹ̩	s t ɹ̩ d	s t ɹ̩ d	ɔ f ɹ̩	ɔ f ɹ̩ d	ɔ f ɹ̩ d	s t ɹ̩ d	1	1	reg_d	reg_d	reg_d
model_template_chosen	l ɛ d	l ɛ d ə d	l ɛ d	r ɪ d	r ɪ d	r ɪ d	l ɛ d	1	0	reg_əd	no_change	no_change
model_template_chosen	p ɔ r	p ɔ r d	p ɔ r d	r ɔ r	r ɔ r d	r ɔ r d	p ɔ r d	1	1	reg_d	reg_d	reg_d
model_template_chosen	s ə p o ʊ z	s ə p o ʊ z d	s ə p ə p ɛ d	ɛ n d	ɛ n d ə d	ɛ n d ə d	s ə p o ʊ z ə d	0	0	reg_d	other	reg_əd
model_template_chosen	w ʌ n d ɹ̩	w ʌ n d ɹ̩ d	w ʌ n d ɹ̩ d	w ɑː n d ɹ̩	w ɑː n d ɹ̩ d	w ɑː n d ɹ̩ d	w ʌ n d ɹ̩ d	1	1	reg_d	reg_d	reg_d
model_template_chosen	k w ɛ s t͡ʃ ə n	k w ɛ s t͡ʃ ə n d	k w ɛ k ə n ʃ t	k ə n t ɪ n j uː	k ə n t ɪ n j uː d	k ə n t ɪ n j uː d	k w ɛ s t͡ʃ ə n d	0	1	reg_d	other	reg_d
model_template_chosen	d a ɪ	d a ɪ d	d ɔ a ɪ d	k æ t͡ʃ	k ɔ t	k ɔ t	NA	0	0	reg_d	vowel_change_suffix	rhyme_replaced
model_template_chosen	s p iː k	s p o ʊ k	s p iː k t	s n iː k	s n iː k t	s n iː k t	s p iː k t	1	0	vowel_change	reg_t	reg_t
model_template_chosen	s w iː p	s w ɛ p t	s w ɛ p t	s l iː p	s l ɛ p t	s l ɛ p t	s w ɛ p t	1	1	vowel_change_suffix	vowel_change_suffix	vowel_change_suffix
model_template_chosen	b r ʌ ʃ	b r ʌ ʃ t	b r ʌ ʃ t	s w ɪ ʃ	s w ɪ ʃ t	s w ɪ ʃ t	b r ʌ ʃ t	1	1	reg_t	reg_t	reg_t
model_template_chosen	ə b a ɪ d	ə b a ɪ d ə d	ə d	ɡ l uː	ɡ l uː d	ɡ l uː d	ə b a ɪ d d	0	0	reg_əd	other	reg_d
model_template_chosen	l æ f	l æ f t	l æ f t	p ʌ f	p ʌ f t	p ʌ f t	l æ f t	1	1	reg_t	reg_t	reg_t
model_template_chosen	t a ɪ	t a ɪ d	t ɔ t	t iː t͡ʃ	t ɔ t	t ɔ t	NA	0	0	reg_d	vowel_change_suffix	rhyme_replaced
model_template_chosen	ɪ n v a ɪ t	ɪ n v a ɪ t ə d	ɪ n v ɪ v t ə d	s l a ɪ d	s l ɪ d	s l ɪ d	NA	0	0	reg_əd	other	vowel_change
model_template_chosen	k r ɔ l	k r ɔ l d	k r ɔ l d	s m ɛ l	s m ɛ l d	s m ɛ l d	k r ɔ l d	1	1	reg_d	reg_d	reg_d
model_template_chosen	p o ʊ k	p o ʊ k t	p o ʊ k t	p ɑː r k	p ɑː r k t	p ɑː r k t	p o ʊ k t	1	1	reg_t	reg_t	reg_t
model_template_chosen	ɡ r o ʊ	ɡ r uː	ɡ r uː	θ r o ʊ	θ r uː	θ r uː	ɡ r uː	1	1	vowel_change	vowel_change	vowel_change
model_template_chosen	s t iː l	s t o ʊ l	s t iː l d	s t ɪ l	s t ɪ l d	s t ɪ l d	s t iː l d	1	0	vowel_change	reg_d	reg_d
model_template_chosen	t͡ʃ uː	t͡ʃ uː d	t͡ʃ uː d	b uː	b uː d	b uː d	t͡ʃ uː d	1	1	reg_d	reg_d	reg_d
model_template_chosen	w ɔ k	w ɔ k t	w ɔ k t	t ɔ k	t ɔ k t	t ɔ k t	w ɔ k t	1	1	reg_t	reg_t	reg_t
model_template_chosen	s ɛ l	s o ʊ l d	s ɛ l d	j ɛ l	j ɛ l d	j ɛ l d	s ɛ l d	1	0	vowel_change_suffix	reg_d	reg_d
model_template_chosen	p ɪ k t͡ʃ ɹ̩	p ɪ k t͡ʃ ɹ̩ d	p ɪ k t͡ʃ ɹ̩ d	f ɪ ɡ j ɹ̩	f ɪ ɡ j ɹ̩ d	f ɪ ɡ j ɹ̩ d	p ɪ k t͡ʃ ɹ̩ d	1	1	reg_d	reg_d	reg_d
model_template_chosen	k o ʊ m	k o ʊ m d	k o ʊ m d	r o ʊ m	r o ʊ m d	r o ʊ m d	k o ʊ m d	1	1	reg_d	reg_d	reg_d
model_template_chosen	s m a ɪ l	s m a ɪ l d	s m a ɪ l d	t æ t ə l	t æ t ə l d	t æ t ə l d	s m a ɪ l d	1	1	reg_d	reg_d	reg_d
model_template_chosen	d r ɑː p	d r ɑː p t	d r ɑː p t	d r ɪ p	d r ɪ p t	d r ɪ p t	d r ɑː p t	1	1	reg_t	reg_t	reg_t
model_template_chosen	s k r æ t͡ʃ	s k r æ t͡ʃ t	s k r æ t͡ʃ t	s t r ɛ t͡ʃ	s t r ɛ t͡ʃ t	s t r ɛ t͡ʃ t	s k r æ t͡ʃ t	1	1	reg_t	reg_t	reg_t
model_template_chosen	s t æ m p	s t æ m p t	s t æ m p t	s t ɑː m p	s t ɑː m p t	s t ɑː m p t	s t æ m p t	1	1	reg_t	reg_t	reg_t
model_template_chosen	k r ʌ ʃ	k r ʌ ʃ t	k r ʌ ʃ t	s w ɪ ʃ	s w ɪ ʃ t	s w ɪ ʃ t	k r ʌ ʃ t	1	1	reg_t	reg_t	reg_t
model_template_chosen	b uː t	b uː t ə d	b uː t	b iː t	b iː t	b iː t	b uː t	1	0	reg_əd	no_change	no_change
model_template_chosen	r ə k ɔ r d	r ə k ɔ r d ə d	r uː k ə k ə d	f l a ɪ	f l uː	f l uː	NA	0	0	reg_əd	other	vowel_change
model_template_chosen	t͡ʃ uː z	t͡ʃ o ʊ z	t͡ʃ uː z d	j uː z	j uː z d	j uː z d	t͡ʃ uː z d	1	0	vowel_change	reg_d	reg_d
model_template_chosen	d æ n s	d æ n s t	d æ n s t	w æ k s	w æ k s t	w æ k s t	d æ n s t	1	1	reg_t	reg_t	reg_t
model_template_chosen	s n ɑː r ə l	s n ɑː r ə l d	s ɑː n t ə l d	ɡ o ʊ	ɡ ɑː o ʊ	w ɛ n t	NA	0	0	reg_d	other	vowel_change
model_template_chosen	l ɪ f t	l ɪ f t ə d	l ɪ f t	r ɛ n t	r ɛ n t	r ɛ n t ə d	l ɪ f t	1	0	reg_əd	no_change	no_change
model_template_chosen	t͡ʃ ɛ k	t͡ʃ ɛ k t	t͡ʃ ɛ k t	p iː k	p iː k t	p iː k t	t͡ʃ ɛ k t	1	1	reg_t	reg_t	reg_t
model_template_chosen	f ɑː l o ʊ	f ɑː l o ʊ d	f ɑː l o ʊ d	b ɑː r o ʊ	b ɑː r o ʊ d	b ɑː r o ʊ d	f ɑː l o ʊ d	1	1	reg_d	reg_d	reg_d
model_template_chosen	h æ n d	h æ n d ə d	h æ n d ə d	l æ n d	l æ n d ə d	l æ n d ə d	h æ n d ə d	1	1	reg_əd	reg_əd	reg_əd
model_template_chosen	r ɛ k ə m ɛ n d	r ɛ k ə m ɛ n d ə d	r ɛ k ə m ɛ n d	s w ɪ m	s w ɪ m	s w æ m	r ɛ k ə m ɛ n d	1	0	reg_əd	no_change	no_change
model_template_chosen	ʃ uː t	ʃ ɑː t	ʃ uː t	ʃ ʌ t	ʃ ʌ t	ʃ ʌ t	ʃ uː t	1	0	vowel_change	no_change	no_change
model_template_chosen	s o ʊ k	s o ʊ k t	s o ʊ k t	t͡ʃ o ʊ k	t͡ʃ o ʊ k t	t͡ʃ o ʊ k t	s o ʊ k t	1	1	reg_t	reg_t	reg_t
model_template_chosen	p ɑː r t ɪ s ə p e ɪ t	p ɑː r t ɪ s ə p e ɪ t ə d	p s t ə d	t ɛ l ə f o ʊ n	t ɛ l ə f o ʊ n d	t ɛ l ə f o ʊ n d	p ɑː r t ɪ s ə p e ɪ t d	0	0	reg_əd	other	reg_d
model_template_chosen	s m æ k	s m æ k t	s m æ k t	s n iː k	s n iː k t	s n iː k t	s m æ k t	1	1	reg_t	reg_t	reg_t
model_template_chosen	z ɪ p	z ɪ p t	z ɪ p t	ʃ ɪ p	ʃ ɪ p t	ʃ ɪ p t	z ɪ p t	1	1	reg_t	reg_t	reg_t
model_template_chosen	w ɔ r m	w ɔ r m d	w ɔ r m d	n e ɪ m	n e ɪ m d	n e ɪ m d	w ɔ r m d	1	1	reg_d	reg_d	reg_d
model_template_chosen	k æ m p	k æ m p t	k æ m p t	d͡ʒ ʌ m p	d͡ʒ ʌ m p t	d͡ʒ ʌ m p t	k æ m p t	1	1	reg_t	reg_t	reg_t
model_template_chosen	p ɹ̩ f ɛ k t	p ɹ̩ f ɛ k t ə d	p ɹ̩ d ɹ̩ d	d͡ʒ ɔ ɪ n	d͡ʒ ɔ ɪ n d	d͡ʒ ɔ ɪ n d	p ɹ̩ f ɛ k t d	0	0	reg_əd	other	reg_d
model_template_chosen	z uː m	z uː m d	z uː m d	h ɛ m	h ɛ m d	h ɛ m d	z uː m d	1	1	reg_d	reg_d	reg_d
model_template_chosen	f o ʊ n	f o ʊ n d	f o ʊ n d	p l æ n	p l æ n d	p l æ n d	f o ʊ n d	1	1	reg_d	reg_d	reg_d
model_template_chosen	ɡ r e ɪ s	ɡ r e ɪ s t	ɡ r e ɪ s t	t r e ɪ s	t r e ɪ s t	t r e ɪ s t	ɡ r e ɪ s t	1	1	reg_t	reg_t	reg_t
model_template_chosen	h ʊ k	h ʊ k t	h ʊ k t	l ʊ k	l ʊ k t	l ʊ k t	h ʊ k t	1	1	reg_t	reg_t	reg_t
model_template_chosen	p ɛ ɡ	p ɛ ɡ d	p ɛ ɡ d	t æ ɡ	t æ ɡ d	t æ ɡ d	p ɛ ɡ d	1	1	reg_d	reg_d	reg_d
model_template_chosen	f l o ʊ t	f l o ʊ t ə d	f l o ʊ t ə d	f r ʌ n t	f r ʌ n t ə d	f r ʌ n t ə d	f l o ʊ t ə d	1	1	reg_əd	reg_əd	reg_əd
model_template_chosen	s p ɛ n d	s p ɛ n t	s p ɛ n d ə d	s a ʊ n d	s a ʊ n d ə d	s a ʊ n d ə d	s p ɛ n d ə d	1	0	coda_change	reg_əd	reg_əd
model_template_chosen	s æ n d	s æ n d ə d	s æ n t	s ɛ n d	s ɛ n t	s ɛ n t	s æ n t	1	0	reg_əd	coda_change	coda_change
model_template_chosen	o ʊ n	o ʊ n d	o ʊ n d	p ɛ n	p ɛ n d	p ɛ n d	o ʊ n d	1	1	reg_d	reg_d	reg_d
model_template_chosen	m e ɪ l	m e ɪ l d	m e ɪ l d	s e ɪ l	s e ɪ l d	s e ɪ l d	m e ɪ l d	1	1	reg_d	reg_d	reg_d
model_template_chosen	ə n t a ɪ	ə n t a ɪ d	ə n t n t ə d	b ɪ ɡ ɪ n	b ɪ ɡ æ n	b ɪ ɡ æ n	NA	0	0	reg_d	other	vowel_change
model_template_chosen	ɡ r iː s	ɡ r iː s t	ɡ r iː s t	p r ɛ s	p r ɛ s t	p r ɛ s t	ɡ r iː s t	1	1	reg_t	reg_t	reg_t
model_template_chosen	p r ə t ɛ k t	p r ə t ɛ k t ə d	p r ə t ɛ k t ə d	p r iː z ɛ n t	p r iː z ɛ n t ə d	p r iː z ɛ n t ə d	p r ə t ɛ k t ə d	1	1	reg_əd	reg_əd	reg_əd
model_template_chosen	r e ɪ d iː o ʊ	r e ɪ d iː o ʊ d	r e ɪ d	s w ɪ m	s w ɪ m	s w æ m	r e ɪ d iː o ʊ	0	0	reg_d	other	no_change
model_template_chosen	d ɪ v a ɪ d	d ɪ v a ɪ d ə d	d ɪ v a ɪ d ə d	d ɪ s a ɪ d	d ɪ s a ɪ d ə d	d ɪ s a ɪ d ə d	d ɪ v a ɪ d ə d	1	1	reg_əd	reg_əd	reg_əd
model_template_chosen	t o ʊ	t o ʊ d	t o ʊ d	m o ʊ	m o ʊ d	m o ʊ d	t o ʊ d	1	1	reg_d	reg_d	reg_d
model_template_chosen	t r æ n z m ɪ t	t r æ n z m ɪ t ə d	t r æ n d	k ə m p l e ɪ n	k ə m p l e ɪ n d	k ə m p l e ɪ n d	t r æ n z m ɪ t d	0	0	reg_əd	other	reg_d
model_template_chosen	b æ t	b æ t ə d	b æ t	b ɛ t	b ɛ t	b ɛ t	b æ t	1	0	reg_əd	no_change	no_change
model_template_chosen	w e ɪ	w e ɪ d	w e ɪ d	l e ɪ	l e ɪ d	l e ɪ d	w e ɪ d	1	1	reg_d	reg_d	reg_d
model_template_chosen	k l iː r	k l iː r d	k l iː r d	ə p iː r	ə p iː r d	ə p iː r d	k l iː r d	1	1	reg_d	reg_d	reg_d
model_template_chosen	ɛ n t͡ʃ æ n t	ɛ n t͡ʃ æ n t ə d	ɛ n t͡ʃ t n t ə d	w ɪ ʃ	w ɪ ʃ t	w ɪ ʃ t	ɛ n t͡ʃ æ n t t	0	0	reg_əd	other	reg_t
model_template_chosen	ə d r ɛ s	ə d r ɛ s t	ə d r ɛ s t	ɪ r e ɪ s	ɪ r e ɪ s t	ɪ r e ɪ s t	ə d r ɛ s t	1	1	reg_t	reg_t	reg_t
model_template_chosen	s m ʌ d͡ʒ	s m ʌ d͡ʒ d	s m ʌ d͡ʒ d	t͡ʃ e ɪ n	t͡ʃ e ɪ n d	t͡ʃ e ɪ n d	s m ʌ d͡ʒ d	1	1	reg_d	reg_d	reg_d
model_template_chosen	d r e ɪ p	d r e ɪ p t	d r e ɪ p t	ə n z ɪ p	ə n z ɪ p t	ə n z ɪ p t	d r e ɪ p t	1	1	reg_t	reg_t	reg_t
model_template_chosen	d ɪ p	d ɪ p t	d ɪ p t	t͡ʃ ɪ p	t͡ʃ ɪ p t	t͡ʃ ɪ p t	d ɪ p t	1	1	reg_t	reg_t	reg_t
model_template_chosen	ə s o ʊ s iː e ɪ t	ə s o ʊ s iː e ɪ t ə d	ə s a ɪ s t e ɪ t ə d	ə n d ɹ̩ s t æ n d	ə n d ɹ̩ s t ʊ d	ə n d ɹ̩ s t ʊ d	NA	0	0	reg_əd	other	rhyme_replaced
model_template_chosen	s ɪ ŋ k	s æ ŋ k	s ɔ t	θ ɪ ŋ k	θ ɔ t	θ ɔ t	s ɔ t	1	0	vowel_change	rhyme_replaced	rhyme_replaced
model_template_chosen	p iː l	p iː l d	p iː l t	w ɪ ʃ	w ɪ ʃ t	w ɪ ʃ t	p iː l t	1	0	reg_d	reg_t	reg_t
model_template_chosen	ɪ k s ɛ p t	ɪ k s ɛ p t ə d	ɪ k s p ɛ s t	s ʌ k	s ʌ k t	s ʌ k t	ɪ k s ɛ p t t	0	0	reg_əd	other	reg_t
model_template_chosen	f r a ʊ n	f r a ʊ n d	f r a ʊ n d	b r a ʊ n	b r a ʊ n d	b r a ʊ n d	f r a ʊ n d	1	1	reg_d	reg_d	reg_d
model_template_chosen	s p r ɛ d	s p r ɛ d	s p r ɛ d ə d	k r a ʊ d	k r a ʊ d ə d	k r a ʊ d ə d	s p r ɛ d ə d	1	0	no_change	reg_əd	reg_əd
model_template_chosen	f l ɪ p	f l ɪ p t	f l ɪ p t	f l æ p	f l æ p t	f l æ p t	f l ɪ p t	1	1	reg_t	reg_t	reg_t
model_template_chosen	m ʌ ʃ r uː m	m ʌ ʃ r uː m d	m b ʌ ʃ t r d	s t ɪ ŋ k	s t ʌ ŋ k	s t ʌ ŋ k	NA	0	0	reg_d	other	vowel_change
model_template_chosen	r iː d uː	r iː d ɪ d	r iː d iː d	h o ʊ l d	h ɛ l d	h ɛ l d	NA	0	0	vowel_change_suffix	vowel_change_suffix	vowel_change
model_template_chosen	ɡ æ s p	ɡ æ s p t	ɡ æ s p t	t e ɪ p	t e ɪ p t	t e ɪ p t	ɡ æ s p t	1	1	reg_t	reg_t	reg_t
model_template_chosen	t ɛ r ə r a ɪ z	t ɛ r ə r a ɪ z d	t ɛ r ə r a ɪ z d	ɛ m f ə s a ɪ z	ɛ m f ə s a ɪ z d	ɛ m f ə s a ɪ z d	t ɛ r ə r a ɪ z d	1	1	reg_d	reg_d	reg_d
model_template_chosen	b ʊ t͡ʃ ɹ̩	b ʊ t͡ʃ ɹ̩ d	b ʊ t͡ʃ ɹ̩ d	k ʌ v ɹ̩	k ʌ v ɹ̩ d	k ʌ v ɹ̩ d	b ʊ t͡ʃ ɹ̩ d	1	1	reg_d	reg_d	reg_d
model_template_chosen	m ə n ɪ p j ə l e ɪ t	m ə n ɪ p j ə l e ɪ t ə d	m b ə d	k w ɪ t	k w ɪ t	k w ɪ t	m ə n ɪ p j ə l e ɪ t	0	0	reg_əd	other	no_change
model_template_chosen	d r ʌ ɡ	d r ʌ ɡ d	d r ʌ ɡ d	p l ʌ ɡ	p l ʌ ɡ d	p l ʌ ɡ d	d r ʌ ɡ d	1	1	reg_d	reg_d	reg_d
model_template_chosen	s l a ɪ s	s l a ɪ s t	s l a ɪ s t	ɪ r e ɪ s	ɪ r e ɪ s t	ɪ r e ɪ s t	s l a ɪ s t	1	1	reg_t	reg_t	reg_t
model_template_chosen	s ɹ̩ a ʊ n d	s ɹ̩ a ʊ n d ə d	s ɹ̩ a ʊ n a ɪ d	r a ɪ d	r o ʊ d	r o ʊ d	NA	0	0	reg_əd	other	vowel_change
model_template_chosen	s k r ɪ b ə l	s k r ɪ b ə l d	s k r ʌ b ə l d	s t ɪ ŋ k	s t ʌ ŋ k	s t ʌ ŋ k	NA	0	0	reg_d	other	vowel_change
model_template_chosen	ɡ r iː n	ɡ r iː n d	ɡ r iː n d	k l iː n	k l iː n d	k l iː n d	ɡ r iː n d	1	1	reg_d	reg_d	reg_d
model_template_chosen	s k w ɹ̩ t	s k w ɹ̩ t ə d	s k ɹ̩ d	h iː r	h ɹ̩ d	h ɹ̩ d	NA	0	0	reg_əd	other	rhyme_replaced
model_template_chosen	k ə n ɛ k t	k ə n ɛ k t ə d	k ə n ɛ k t ə d	k ə l ɛ k t	k ə l ɛ k t ə d	k ə l ɛ k t ə d	k ə n ɛ k t ə d	1	1	reg_əd	reg_əd	reg_əd
model_template_chosen	ɡ r ɪ l	ɡ r ɪ l d	ɡ r ɪ l d	b o ʊ l	b o ʊ l d	b o ʊ l d	ɡ r ɪ l d	1	1	reg_d	reg_d	reg_d
model_template_chosen	k ə n s ɪ d ɹ̩	k ə n s ɪ d ɹ̩ d	k ə n d	b ə l uː n	b ə l uː n d	b ə l uː n d	k ə n s ɪ d ɹ̩ d	0	1	reg_d	other	reg_d
model_template_chosen	k ɹ̩ l	k ɹ̩ l d	k ɹ̩ l d	k uː l	k uː l d	k uː l d	k ɹ̩ l d	1	1	reg_d	reg_d	reg_d
model_template_chosen	ɔ θ ɹ̩	ɔ θ ɹ̩ d	ɔ θ ɹ̩ d	ɔ f ɹ̩	ɔ f ɹ̩ d	ɔ f ɹ̩ d	ɔ θ ɹ̩ d	1	1	reg_d	reg_d	reg_d
model_template_chosen	f l ʌ ʃ	f l ʌ ʃ t	f l ʌ ʃ t	f l æ ʃ	f l æ ʃ t	f l æ ʃ t	f l ʌ ʃ t	1	1	reg_t	reg_t	reg_t
model_jacobian	h æ v	h æ d	h æ v d	l ʌ v	l ʌ v d	l ʌ v d	h æ v d	1	0	coda_change	reg_d	reg_d
model_jacobian	h æ p ə n	h æ p ə n d	h æ p ə n d	o ʊ p ə n	o ʊ p ə n d	o ʊ p ə n d	h æ p ə n d	1	1	reg_d	reg_d	reg_d
model_jacobian	p l e ɪ s	p l e ɪ s t	p l e ɪ s t	ɪ r e ɪ s	ɪ r e ɪ s t	ɪ r e ɪ s t	p l e ɪ s t	1	1	reg_t	reg_t	reg_t
model_jacobian	k l o ʊ z	k l o ʊ z d	k l o ʊ l d	s k w iː z	s k w iː z d	s k w iː z d	k l o ʊ z d	0	1	reg_d	coda_change	reg_d
model_jacobian	k ʊ k	k ʊ k t	k o ʊ k	k æ t͡ʃ	k ɔ t	k ɔ t	NA	0	0	reg_t	vowel_change	rhyme_replaced
model_jacobian	r ʌ n	r æ n	r ʌ n d	w ɪ n	w ɪ n	w ʌ n	r ʌ n	0	0	vowel_change	reg_d	no_change
model_jacobian	s e ɪ	s ɛ d	s e ɪ d	l e ɪ	l e ɪ d	l e ɪ d	s e ɪ d	1	0	vowel_change_suffix	reg_d	reg_d
model_jacobian	f ɪ ʃ	f ɪ ʃ t	f ɪ ʃ t	w ɪ ʃ	w ɪ ʃ t	w ɪ ʃ t	f ɪ ʃ t	1	1	reg_t	reg_t	reg_t
model_jacobian	h ɹ̩ t	h ɹ̩ t	h ɹ̩ t	k ʌ t	k ʌ t	k ʌ t	h ɹ̩ t	1	1	no_change	no_change	no_change
model_jacobian	l uː z	l ɔ s t	l uː z d	j uː z	j uː z d	j uː z d	l uː z d	1	0	rhyme_replaced	reg_d	reg_d
model_jacobian	æ s k	æ s k t	æ k s t	h æ ŋ	h ʌ ŋ	h ʌ ŋ	NA	0	0	reg_t	coda_change	vowel_change
model_jacobian	p e ɪ	p e ɪ d	p e ɪ d	l e ɪ	l e ɪ d	l e ɪ d	p e ɪ d	1	1	reg_d	reg_d	reg_d
model_jacobian	s p ɛ l	s p ɛ l d	s p ɛ l d	s p ɪ l	s p ɪ l d	s p ɪ l d	s p ɛ l d	1	1	reg_d	reg_d	reg_d
model_jacobian	s p ɪ t	s p æ t	s p ɪ t	k w ɪ t	k w ɪ t	k w ɪ t	s p ɪ t	1	0	vowel_change	no_change	no_change
model_jacobian	m ɪ s	m ɪ s t	m ɪ s t	k ɪ s	k ɪ s t	k ɪ s t	m ɪ s t	1	1	reg_t	reg_t	reg_t
model_jacobian	s t ɑː r t	s t ɑː r t ə d	s t ɑː r t ə d	ə d m ɪ t	ə d m ɪ t ə d	ə d m ɪ t ə d	s t ɑː r t ə d	1	1	reg_əd	reg_əd	reg_əd
model_jacobian	p ɑː r t iː	p ɑː r t iː d	p ɑː r t iː d	ɛ m p t iː	ɛ m p t iː d	ɛ m p t iː d	p ɑː r t iː d	1	1	reg_d	reg_d	reg_d
model_jacobian	ɡ ɛ s	ɡ ɛ s t	ɡ ɑː s t	ɡ ɛ t	ɡ ɑː t	ɡ ɑː t	NA	0	0	reg_t	vowel_change_suffix	vowel_change
model_jacobian	f a ɪ ɹ̩	f a ɪ ɹ̩ d	f ɔ t ɹ̩ d	f a ɪ t	f ɔ t	f ɔ t	NA	0	0	reg_d	other	vowel_change
model_jacobian	s ɪ t	s æ t	s ɪ t	f ɪ t	f ɪ t	f ɪ t	s ɪ t	1	0	vowel_change	no_change	no_change
model_jacobian	ʃ uː	ʃ uː d	ʃ uː d	w uː	w uː d	w uː d	ʃ uː d	1	1	reg_d	reg_d	reg_d
model_jacobian	w ɹ̩ k	w ɹ̩ k t	w ɹ̩ k t	s ʌ k	s ʌ k t	s ʌ k t	w ɹ̩ k t	1	1	reg_t	reg_t	reg_t
model_jacobian	t ʌ t͡ʃ	t ʌ t͡ʃ t	t ʌ t͡ʃ t	w ɑː t͡ʃ	w ɑː t͡ʃ t	w ɑː t͡ʃ t	t ʌ t͡ʃ t	1	1	reg_t	reg_t	reg_t
model_jacobian	s t ɑː p	s t ɑː p t	s t ɑː p t	p l ɑː p	p l ɑː p t	p l ɑː p t	s t ɑː p t	1	1	reg_t	reg_t	reg_t
model_jacobian	s t ɹ̩	s t ɹ̩ d	s t ɹ̩ d	ɔ f ɹ̩	ɔ f ɹ̩ d	ɔ f ɹ̩ d	s t ɹ̩ d	1	1	reg_d	reg_d	reg_d
model_jacobian	l ɛ d	l ɛ d ə d	l ɛ d	h ɛ d	h ɛ d ə d	h ɛ d ə d	l ɛ d ə d	0	1	reg_əd	no_change	reg_əd
model_jacobian	p ɔ r	p ɔ r d	p ɔ r d	r ɔ r	r ɔ r d	r ɔ r d	p ɔ r d	1	1	reg_d	reg_d	reg_d
model_jacobian	s ə p o ʊ z	s ə p o ʊ z d	s ə p ə p ɛ d	b ɪ ɡ ɪ n	b ɪ ɡ æ n	b ɪ ɡ æ n	NA	0	0	reg_d	other	vowel_change
model_jacobian	w ʌ n d ɹ̩	w ʌ n d ɹ̩ d	w ʌ n d ɹ̩ d	w ɑː n d ɹ̩	w ɑː n d ɹ̩ d	w ɑː n d ɹ̩ d	w ʌ n d ɹ̩ d	1	1	reg_d	reg_d	reg_d
model_jacobian	k w ɛ s t͡ʃ ə n	k w ɛ s t͡ʃ ə n d	k w ɛ k ə n ʃ t	p r iː z ɛ n t	p r iː z ɛ n t ə d	p r iː z ɛ n t ə d	k w ɛ s t͡ʃ ə n ə d	0	0	reg_d	other	reg_əd
model_jacobian	d a ɪ	d a ɪ d	d ɔ a ɪ d	h æ ŋ	h ʌ ŋ	h ʌ ŋ	NA	0	0	reg_d	vowel_change_suffix	vowel_change
model_jacobian	s p iː k	s p o ʊ k	s p iː k t	s n iː k	s n iː k t	s n iː k t	s p iː k t	1	0	vowel_change	reg_t	reg_t
model_jacobian	s w iː p	s w ɛ p t	s w ɛ p t	s l iː p	s l ɛ p t	s l ɛ p t	s w ɛ p t	1	1	vowel_change_suffix	vowel_change_suffix	vowel_change_suffix
model_jacobian	b r ʌ ʃ	b r ʌ ʃ t	b r ʌ ʃ t	s w ɪ ʃ	s w ɪ ʃ t	s w ɪ ʃ t	b r ʌ ʃ t	1	1	reg_t	reg_t	reg_t
model_jacobian	ə b a ɪ d	ə b a ɪ d ə d	ə d	ɡ l uː	ɡ l uː d	ɡ l uː d	ə b a ɪ d d	0	0	reg_əd	other	reg_d
model_jacobian	l æ f	l æ f t	l æ f t	p ʌ f	p ʌ f t	p ʌ f t	l æ f t	1	1	reg_t	reg_t	reg_t
model_jacobian	t a ɪ	t a ɪ d	t ɔ t	h æ ŋ	h ʌ ŋ	h ʌ ŋ	NA	0	0	reg_d	vowel_change_suffix	vowel_change
model_jacobian	ɪ n v a ɪ t	ɪ n v a ɪ t ə d	ɪ n v ɪ v t ə d	b ɪ ɡ ɪ n	b ɪ ɡ æ n	b ɪ ɡ æ n	NA	0	0	reg_əd	other	vowel_change
model_jacobian	k r ɔ l	k r ɔ l d	k r ɔ l d	r o ʊ l	r o ʊ l d	r o ʊ l d	k r ɔ l d	1	1	reg_d	reg_d	reg_d
model_jacobian	p o ʊ k	p o ʊ k t	p o ʊ k t	p ɑː r k	p ɑː r k t	p ɑː r k t	p o ʊ k t	1	1	reg_t	reg_t	reg_t
model_jacobian	ɡ r o ʊ	ɡ r uː	ɡ r uː	θ r o ʊ	θ r uː	θ r uː	ɡ r uː	1	1	vowel_change	vowel_change	vowel_change
model_jacobian	s t iː l	s t o ʊ l	s t iː l d	s t ɪ l	s t ɪ l d	s t ɪ l d	s t iː l d	1	0	vowel_change	reg_d	reg_d
model_jacobian	t͡ʃ uː	t͡ʃ uː d	t͡ʃ uː d	b uː	b uː d	b uː d	t͡ʃ uː d	1	1	reg_d	reg_d	reg_d
model_jacobian	w ɔ k	w ɔ k t	w ɔ k t	t ɔ k	t ɔ k t	t ɔ k t	w ɔ k t	1	1	reg_t	reg_t	reg_t
model_jacobian	s ɛ l	s o ʊ l d	s ɛ l d	j ɛ l	j ɛ l d	j ɛ l d	s ɛ l d	1	0	vowel_change_suffix	reg_d	reg_d
model_jacobian	p ɪ k t͡ʃ ɹ̩	p ɪ k t͡ʃ ɹ̩ d	p ɪ k t͡ʃ ɹ̩ d	f ɪ ɡ j ɹ̩	f ɪ ɡ j ɹ̩ d	f ɪ ɡ j ɹ̩ d	p ɪ k t͡ʃ ɹ̩ d	1	1	reg_d	reg_d	reg_d
model_jacobian	k o ʊ m	k o ʊ m d	k o ʊ m d	r o ʊ m	r o ʊ m d	r o ʊ m d	k o ʊ m d	1	1	reg_d	reg_d	reg_d
model_jacobian	s m a ɪ l	s m a ɪ l d	s m a ɪ l d	r ɛ s ə l	r ɛ s ə l d	r ɛ s ə l d	s m a ɪ l d	1	1	reg_d	reg_d	reg_d
model_jacobian	d r ɑː p	d r ɑː p t	d r ɑː p t	d r ɪ p	d r ɪ p t	d r ɪ p t	d r ɑː p t	1	1	reg_t	reg_t	reg_t
model_jacobian	s k r æ t͡ʃ	s k r æ t͡ʃ t	s k r æ t͡ʃ t	s t r ɛ t͡ʃ	s t r ɛ t͡ʃ t	s t r ɛ t͡ʃ t	s k r æ t͡ʃ t	1	1	reg_t	reg_t	reg_t
model_jacobian	s t æ m p	s t æ m p t	s t æ m p t	s t ɑː m p	s t ɑː m p t	s t ɑː m p t	s t æ m p t	1	1	reg_t	reg_t	reg_t
model_jacobian	k r ʌ ʃ	k r ʌ ʃ t	k r ʌ ʃ t	s w ɪ ʃ	s w ɪ ʃ t	s w ɪ ʃ t	k r ʌ ʃ t	1	1	reg_t	reg_t	reg_t
model_jacobian	b uː t	b uː t ə d	b uː t	b iː t	b iː t	b iː t	b uː t	1	0	reg_əd	no_change	no_change
model_jacobian	r ə k ɔ r d	r ə k ɔ r d ə d	r uː k ə k ə d	f a ɪ n d	f a ʊ n d	f a ʊ n d	NA	0	0	reg_əd	other	vowel_change
model_jacobian	t͡ʃ uː z	t͡ʃ o ʊ z	t͡ʃ uː z d	j uː z	j uː z d	j uː z d	t͡ʃ uː z d	1	0	vowel_change	reg_d	reg_d
model_jacobian	d æ n s	d æ n s t	d æ n s t	w æ k s	w æ k s t	w æ k s t	d æ n s t	1	1	reg_t	reg_t	reg_t
model_jacobian	s n ɑː r ə l	s n ɑː r ə l d	s ɑː n t ə l d	f a ɪ n d	f a ʊ n d	f a ʊ n d	NA	0	0	reg_d	other	vowel_change
model_jacobian	l ɪ f t	l ɪ f t ə d	l ɪ f t	r ɛ n t	r ɛ n t	r ɛ n t ə d	l ɪ f t	1	0	reg_əd	no_change	no_change
model_jacobian	t͡ʃ ɛ k	t͡ʃ ɛ k t	t͡ʃ ɛ k t	r ɛ k	r ɛ k t	r ɛ k t	t͡ʃ ɛ k t	1	1	reg_t	reg_t	reg_t
model_jacobian	f ɑː l o ʊ	f ɑː l o ʊ d	f ɑː l o ʊ d	b ɑː r o ʊ	b ɑː r o ʊ d	b ɑː r o ʊ d	f ɑː l o ʊ d	1	1	reg_d	reg_d	reg_d
model_jacobian	h æ n d	h æ n d ə d	h æ n d ə d	l æ n d	l æ n d ə d	l æ n d ə d	h æ n d ə d	1	1	reg_əd	reg_əd	reg_əd
model_jacobian	r ɛ k ə m ɛ n d	r ɛ k ə m ɛ n d ə d	r ɛ k ə m ɛ n d	ɪ n d ə k e ɪ t	ɪ n d ə k e ɪ t ə d	ɪ n d ə k e ɪ t ə d	r ɛ k ə m ɛ n d ə d	0	1	reg_əd	no_change	reg_əd
model_jacobian	ʃ uː t	ʃ ɑː t	ʃ uː t	ʃ ʌ t	ʃ ʌ t	ʃ ʌ t	ʃ uː t	1	0	vowel_change	no_change	no_change
model_jacobian	s o ʊ k	s o ʊ k t	s o ʊ k t	t͡ʃ o ʊ k	t͡ʃ o ʊ k t	t͡ʃ o ʊ k t	s o ʊ k t	1	1	reg_t	reg_t	reg_t
model_jacobian	p ɑː r t ɪ s ə p e ɪ t	p ɑː r t ɪ s ə p e ɪ t ə d	p s t ə d	ɪ k s p l e ɪ n	ɪ k s p l e ɪ n d	ɪ k s p l e ɪ n d	p ɑː r t ɪ s ə p e ɪ t d	0	0	reg_əd	other	reg_d
model_jacobian	s m æ k	s m æ k t	s m æ k t	s n iː k	s n iː k t	s n iː k t	s m æ k t	1	1	reg_t	reg_t	reg_t
model_jacobian	z ɪ p	z ɪ p t	z ɪ p t	ʃ ɪ p	ʃ ɪ p t	ʃ ɪ p t	z ɪ p t	1	1	reg_t	reg_t	reg_t
model_jacobian	w ɔ r m	w ɔ r m d	w ɔ r m d	n e ɪ m	n e ɪ m d	n e ɪ m d	w ɔ r m d	1	1	reg_d	reg_d	reg_d
model_jacobian	k æ m p	k æ m p t	k æ m p t	p ʌ m p	p ʌ m p t	p ʌ m p t	k æ m p t	1	1	reg_t	reg_t	reg_t
model_jacobian	p ɹ̩ f ɛ k t	p ɹ̩ f ɛ k t ə d	p ɹ̩ d ɹ̩ d	d͡ʒ ɔ ɪ n	d͡ʒ ɔ ɪ n d	d͡ʒ ɔ ɪ n d	p ɹ̩ f ɛ k t d	0	0	reg_əd	other	reg_d
model_jacobian	z uː m	z uː m d	z uː m d	s iː m	s iː m d	s iː m d	z uː m d	1	1	reg_d	reg_d	reg_d
model_jacobian	f o ʊ n	f o ʊ n d	f o ʊ n d	p l æ n	p l æ n d	p l æ n d	f o ʊ n d	1	1	reg_d	reg_d	reg_d
model_jacobian	ɡ r e ɪ s	ɡ r e ɪ s t	ɡ r e ɪ s t	t r e ɪ s	t r e ɪ s t	t r e ɪ s t	ɡ r e ɪ s t	1	1	reg_t	reg_t	reg_t
model_jacobian	h ʊ k	h ʊ k t	h ʊ k t	l ʊ k	l ʊ k t	l ʊ k t	h ʊ k t	1	1	reg_t	reg_t	reg_t
model_jacobian	p ɛ ɡ	p ɛ ɡ d	p ɛ ɡ d	t æ ɡ	t æ ɡ d	t æ ɡ d	p ɛ ɡ d	1	1	reg_d	reg_d	reg_d
model_jacobian	f l o ʊ t	f l o ʊ t ə d	f l o ʊ t ə d	f r ʌ n t	f r ʌ n t ə d	f r ʌ n t ə d	f l o ʊ t ə d	1	1	reg_əd	reg_əd	reg_əd
model_jacobian	s p ɛ n d	s p ɛ n t	s p ɛ n d ə d	s a ʊ n d	s a ʊ n d ə d	s a ʊ n d ə d	s p ɛ n d ə d	1	0	coda_change	reg_əd	reg_əd
model_jacobian	s æ n d	s æ n d ə d	s æ n t	s ɛ n d	s ɛ n t	s ɛ n t	s æ n t	1	0	reg_əd	coda_change	coda_change
model_jacobian	o ʊ n	o ʊ n d	o ʊ n d	p ɛ n	p ɛ n d	p ɛ n d	o ʊ n d	1	1	reg_d	reg_d	reg_d
model_jacobian	m e ɪ l	m e ɪ l d	m e ɪ l d	s e ɪ l	s e ɪ l d	s e ɪ l d	m e ɪ l d	1	1	reg_d	reg_d	reg_d
model_jacobian	ə n t a ɪ	ə n t a ɪ d	ə n t n t ə d	b ɪ ɡ ɪ n	b ɪ ɡ æ n	b ɪ ɡ æ n	NA	0	0	reg_d	other	vowel_change
model_jacobian	ɡ r iː s	ɡ r iː s t	ɡ r iː s t	p r ɛ s	p r ɛ s t	p r ɛ s t	ɡ r iː s t	1	1	reg_t	reg_t	reg_t
model_jacobian	p r ə t ɛ k t	p r ə t ɛ k t ə d	p r ə t ɛ k t ə d	p r iː z ɛ n t	p r iː z ɛ n t ə d	p r iː z ɛ n t ə d	p r ə t ɛ k t ə d	1	1	reg_əd	reg_əd	reg_əd
model_jacobian	r e ɪ d iː o ʊ	r e ɪ d iː o ʊ d	r e ɪ d	r iː m a ɪ n d	r iː m a ɪ n d ə d	r iː m a ɪ n d ə d	r e ɪ d iː o ʊ ə d	0	0	reg_d	other	reg_əd
model_jacobian	d ɪ v a ɪ d	d ɪ v a ɪ d ə d	d ɪ v a ɪ d ə d	d ɪ s a ɪ d	d ɪ s a ɪ d ə d	d ɪ s a ɪ d ə d	d ɪ v a ɪ d ə d	1	1	reg_əd	reg_əd	reg_əd
model_jacobian	t o ʊ	t o ʊ d	t o ʊ d	m o ʊ	m o ʊ d	m o ʊ d	t o ʊ d	1	1	reg_d	reg_d	reg_d
model_jacobian	t r æ n z m ɪ t	t r æ n z m ɪ t ə d	t r æ n d	k ə m p l e ɪ n	k ə m p l e ɪ n d	k ə m p l e ɪ n d	t r æ n z m ɪ t d	0	0	reg_əd	other	reg_d
model_jacobian	b æ t	b æ t ə d	b æ t	b iː t	b iː t	b iː t	b æ t	1	0	reg_əd	no_change	no_change
model_jacobian	w e ɪ	w e ɪ d	w e ɪ d	l e ɪ	l e ɪ d	l e ɪ d	w e ɪ d	1	1	reg_d	reg_d	reg_d
model_jacobian	k l iː r	k l iː r d	k l iː r d	ə p iː r	ə p iː r d	ə p iː r d	k l iː r d	1	1	reg_d	reg_d	reg_d
model_jacobian	ɛ n t͡ʃ æ n t	ɛ n t͡ʃ æ n t ə d	ɛ n t͡ʃ t n t ə d	w ɪ ʃ	w ɪ ʃ t	w ɪ ʃ t	ɛ n t͡ʃ æ n t t	0	0	reg_əd	other	reg_t
model_jacobian	ə d r ɛ s	ə d r ɛ s t	ə d r ɛ s t	t r e ɪ s	t r e ɪ s t	t r e ɪ s t	ə d r ɛ s t	1	1	reg_t	reg_t	reg_t
model_jacobian	s m ʌ d͡ʒ	s m ʌ d͡ʒ d	s m ʌ d͡ʒ d	s m ɛ l	s m ɛ l d	s m ɛ l d	s m ʌ d͡ʒ d	1	1	reg_d	reg_d	reg_d
model_jacobian	d r e ɪ p	d r e ɪ p t	d r e ɪ p t	s t ɑː m p	s t ɑː m p t	s t ɑː m p t	d r e ɪ p t	1	1	reg_t	reg_t	reg_t
model_jacobian	d ɪ p	d ɪ p t	d ɪ p t	s ɪ p	s ɪ p t	s ɪ p t	d ɪ p t	1	1	reg_t	reg_t	reg_t
model_jacobian	ə s o ʊ s iː e ɪ t	ə s o ʊ s iː e ɪ t ə d	ə s a ɪ s t e ɪ t ə d	r ɛ k ə ɡ n a ɪ z	r ɛ k ə ɡ n a ɪ z d	r ɛ k ə ɡ n a ɪ z d	ə s o ʊ s iː e ɪ t d	0	0	reg_əd	other	reg_d
model_jacobian	s ɪ ŋ k	s æ ŋ k	s ɔ t	θ ɪ ŋ k	θ ɔ t	θ ɔ t	s ɔ t	1	0	vowel_change	rhyme_replaced	rhyme_replaced
model_jacobian	p iː l	p iː l d	p iː l t	p ʊ l	p ʊ l d	p ʊ l d	p iː l d	0	1	reg_d	reg_t	reg_d
model_jacobian	ɪ k s ɛ p t	ɪ k s ɛ p t ə d	ɪ k s p ɛ s t	w ɪ ʃ	w ɪ ʃ t	w ɪ ʃ t	ɪ k s ɛ p t t	0	0	reg_əd	other	reg_t
model_jacobian	f r a ʊ n	f r a ʊ n d	f r a ʊ n d	b r a ʊ n	b r a ʊ n d	b r a ʊ n d	f r a ʊ n d	1	1	reg_d	reg_d	reg_d
model_jacobian	s p r ɛ d	s p r ɛ d	s p r ɛ d ə d	k r a ʊ d	k r a ʊ d ə d	k r a ʊ d ə d	s p r ɛ d ə d	1	0	no_change	reg_əd	reg_əd
model_jacobian	f l ɪ p	f l ɪ p t	f l ɪ p t	f l æ p	f l æ p t	f l æ p t	f l ɪ p t	1	1	reg_t	reg_t	reg_t
model_jacobian	m ʌ ʃ r uː m	m ʌ ʃ r uː m d	m b ʌ ʃ t r d	f a ɪ n d	f a ʊ n d	f a ʊ n d	NA	0	0	reg_d	other	vowel_change
model_jacobian	r iː d uː	r iː d ɪ d	r iː d iː d	ə n d uː	ə n d ɪ d	ə n d ɪ d	r iː d ɪ d	0	1	vowel_change_suffix	vowel_change_suffix	vowel_change_suffix
model_jacobian	ɡ æ s p	ɡ æ s p t	ɡ æ s p t	t e ɪ p	t e ɪ p t	t e ɪ p t	ɡ æ s p t	1	1	reg_t	reg_t	reg_t
model_jacobian	t ɛ r ə r a ɪ z	t ɛ r ə r a ɪ z d	t ɛ r ə r a ɪ z d	ɛ m f ə s a ɪ z	ɛ m f ə s a ɪ z d	ɛ m f ə s a ɪ z d	t ɛ r ə r a ɪ z d	1	1	reg_d	reg_d	reg_d
model_jacobian	b ʊ t͡ʃ ɹ̩	b ʊ t͡ʃ ɹ̩ d	b ʊ t͡ʃ ɹ̩ d	b ɑː ð ɹ̩	b ɑː ð ɹ̩ d	b ɑː ð ɹ̩ d	b ʊ t͡ʃ ɹ̩ d	1	1	reg_d	reg_d	reg_d
model_jacobian	m ə n ɪ p j ə l e ɪ t	m ə n ɪ p j ə l e ɪ t ə d	m b ə d	ɪ k s p l e ɪ n	ɪ k s p l e ɪ n d	ɪ k s p l e ɪ n d	m ə n ɪ p j ə l e ɪ t d	0	0	reg_əd	other	reg_d
model_jacobian	d r ʌ ɡ	d r ʌ ɡ d	d r ʌ ɡ d	p l ʌ ɡ	p l ʌ ɡ d	p l ʌ ɡ d	d r ʌ ɡ d	1	1	reg_d	reg_d	reg_d
model_jacobian	s l a ɪ s	s l a ɪ s t	s l a ɪ s t	ɪ r e ɪ s	ɪ r e ɪ s t	ɪ r e ɪ s t	s l a ɪ s t	1	1	reg_t	reg_t	reg_t
model_jacobian	s ɹ̩ a ʊ n d	s ɹ̩ a ʊ n d ə d	s ɹ̩ a ʊ n a ɪ d	m ɛ n ʃ ə n	m ɛ n ʃ ə n d	m ɛ n ʃ ə n d	s ɹ̩ a ʊ n d d	0	0	reg_əd	other	reg_d
model_jacobian	s k r ɪ b ə l	s k r ɪ b ə l d	s k r ʌ b ə l d	b a ɪ s ɪ k ə l	b a ɪ s ɪ k ə l d	b a ɪ s ɪ k ə l d	s k r ɪ b ə l d	0	1	reg_d	other	reg_d
model_jacobian	ɡ r iː n	ɡ r iː n d	ɡ r iː n d	k l iː n	k l iː n d	k l iː n d	ɡ r iː n d	1	1	reg_d	reg_d	reg_d
model_jacobian	s k w ɹ̩ t	s k w ɹ̩ t ə d	s k ɹ̩ d	s t æ n d	s t ʊ d	s t ʊ d	NA	0	0	reg_əd	other	rhyme_replaced
model_jacobian	k ə n ɛ k t	k ə n ɛ k t ə d	k ə n ɛ k t ə d	k ə l ɛ k t	k ə l ɛ k t ə d	k ə l ɛ k t ə d	k ə n ɛ k t ə d	1	1	reg_əd	reg_əd	reg_əd
model_jacobian	ɡ r ɪ l	ɡ r ɪ l d	ɡ r ɪ l d	b o ʊ l	b o ʊ l d	b o ʊ l d	ɡ r ɪ l d	1	1	reg_d	reg_d	reg_d
model_jacobian	k ə n s ɪ d ɹ̩	k ə n s ɪ d ɹ̩ d	k ə n d	o ʊ p ə n	o ʊ p ə n d	o ʊ p ə n d	k ə n s ɪ d ɹ̩ d	0	1	reg_d	other	reg_d
model_jacobian	k ɹ̩ l	k ɹ̩ l d	k ɹ̩ l d	k uː l	k uː l d	k uː l d	k ɹ̩ l d	1	1	reg_d	reg_d	reg_d
model_jacobian	ɔ θ ɹ̩	ɔ θ ɹ̩ d	ɔ θ ɹ̩ d	ɔ f ɹ̩	ɔ f ɹ̩ d	ɔ f ɹ̩ d	ɔ θ ɹ̩ d	1	1	reg_d	reg_d	reg_d
model_jacobian	f l ʌ ʃ	f l ʌ ʃ t	f l ʌ ʃ t	f l æ ʃ	f l æ ʃ t	f l æ ʃ t	f l ʌ ʃ t	1	1	reg_t	reg_t	reg_t
string	h æ v	h æ d	h æ v d	h æ ŋ	h ʌ ŋ	h ʌ ŋ	NA	0	0	coda_change	reg_d	vowel_change
string	h æ p ə n	h æ p ə n d	h æ p ə n d	o ʊ p ə n	o ʊ p ə n d	o ʊ p ə n d	h æ p ə n d	1	1	reg_d	reg_d	reg_d
string	p l e ɪ s	p l e ɪ s t	p l e ɪ s t	p l e ɪ	p l e ɪ d	p l e ɪ d	p l e ɪ s d	0	0	reg_t	reg_t	reg_d
string	k l o ʊ z	k l o ʊ z d	k l o ʊ l d	l o ʊ ɹ̩	l o ʊ ɹ̩ d	l o ʊ ɹ̩ d	k l o ʊ z d	0	1	reg_d	coda_change	reg_d
string	k ʊ k	k ʊ k t	k o ʊ k	l ʊ k	l ʊ k t	l ʊ k t	k ʊ k t	0	1	reg_t	vowel_change	reg_t
string	r ʌ n	r æ n	r ʌ n d	r ʌ ʃ	r ʌ ʃ t	r ʌ ʃ t	r ʌ n t	0	0	vowel_change	reg_d	reg_t
string	s e ɪ	s ɛ d	s e ɪ d	s e ɪ v	s e ɪ v d	s e ɪ v d	s e ɪ d	1	0	vowel_change_suffix	reg_d	reg_d
string	f ɪ ʃ	f ɪ ʃ t	f ɪ ʃ t	f ɪ t	f ɪ t	f ɪ t	f ɪ ʃ	0	0	reg_t	reg_t	no_change
string	h ɹ̩ t	h ɹ̩ t	h ɹ̩ t	h ɪ t	h ɪ t	h ɪ t	h ɹ̩ t	1	1	no_change	no_change	no_change
string	l uː z	l ɔ s t	l uː z d	j uː z	j uː z d	j uː z d	l uː z d	1	0	rhyme_replaced	reg_d	reg_d
string	æ s k	æ s k t	æ k s t	θ æ ŋ k	θ æ ŋ k t	θ æ ŋ k t	æ s k t	0	1	reg_t	coda_change	reg_t
string	p e ɪ	p e ɪ d	p e ɪ d	l e ɪ	l e ɪ d	l e ɪ d	p e ɪ d	1	1	reg_d	reg_d	reg_d
string	s p ɛ l	s p ɛ l d	s p ɛ l d	s m ɛ l	s m ɛ l d	s m ɛ l d	s p ɛ l d	1	1	reg_d	reg_d	reg_d
string	s p ɪ t	s p æ t	s p ɪ t	s p ɪ l	s p ɪ l d	s p ɪ l d	s p ɪ t d	0	0	vowel_change	no_change	reg_d
string	m ɪ s	m ɪ s t	m ɪ s t	m ɛ s	m ɛ s t	m ɛ s t	m ɪ s t	1	1	reg_t	reg_t	reg_t
string	s t ɑː r t	s t ɑː r t ə d	s t ɑː r t ə d	s ɔ r t	s ɔ r t ə d	s ɔ r t ə d	s t ɑː r t ə d	1	1	reg_əd	reg_əd	reg_əd
string	p ɑː r t iː	p ɑː r t iː d	p ɑː r t iː d	d ɑː r t	d ɑː r t ə d	d ɑː r t ə d	p ɑː r t iː ə d	0	0	reg_d	reg_d	reg_əd
string	ɡ ɛ s	ɡ ɛ s t	ɡ ɑː s t	ɡ ɛ t	ɡ ɑː t	ɡ ɑː t	NA	0	0	reg_t	vowel_change_suffix	vowel_change
string	f a ɪ ɹ̩	f a ɪ ɹ̩ d	f ɔ t ɹ̩ d	f a ɪ t	f ɔ t	f ɔ t	NA	0	0	reg_d	other	vowel_change
string	s ɪ t	s æ t	s ɪ t	s ɪ ŋ	s æ ŋ	s æ ŋ	NA	0	0	vowel_change	no_change	vowel_change
string	ʃ uː	ʃ uː d	ʃ uː d	b uː	b uː d	b uː d	ʃ uː d	1	1	reg_d	reg_d	reg_d
string	w ɹ̩ k	w ɹ̩ k t	w ɹ̩ k t	w ɹ̩ iː	w ɹ̩ iː d	w ɹ̩ iː d	w ɹ̩ k d	0	0	reg_t	reg_t	reg_d
string	t ʌ t͡ʃ	t ʌ t͡ʃ t	t ʌ t͡ʃ t	t ʌ k	t ʌ k t	t ʌ k t	t ʌ t͡ʃ t	1	1	reg_t	reg_t	reg_t
string	s t ɑː p	s t ɑː p t	s t ɑː p t	s t ɛ p	s t ɛ p t	s t ɛ p t	s t ɑː p t	1	1	reg_t	reg_t	reg_t
string	s t ɹ̩	s t ɹ̩ d	s t ɹ̩ d	s t ɪ l	s t ɪ l d	s t ɪ l d	s t ɹ̩ d	1	1	reg_d	reg_d	reg_d
string	l ɛ d	l ɛ d ə d	l ɛ d	l ɛ t	l ɛ t	l ɛ t	l ɛ d	1	0	reg_əd	no_change	no_change
string	p ɔ r	p ɔ r d	p ɔ r d	r ɔ r	r ɔ r d	r ɔ r d	p ɔ r d	1	1	reg_d	reg_d	reg_d
string	s ə p o ʊ z	s ə p o ʊ z d	s ə p ə p ɛ d	s o ʊ	s o ʊ d	s o ʊ d	s ə p o ʊ z d	0	1	reg_d	other	reg_d
string	w ʌ n d ɹ̩	w ʌ n d ɹ̩ d	w ʌ n d ɹ̩ d	w ɑː n d ɹ̩	w ɑː n d ɹ̩ d	w ɑː n d ɹ̩ d	w ʌ n d ɹ̩ d	1	1	reg_d	reg_d	reg_d
string	k w ɛ s t͡ʃ ə n	k w ɛ s t͡ʃ ə n d	k w ɛ k ə n ʃ t	w ɪ s ə l	w ɪ s ə l d	w ɪ s ə l d	k w ɛ s t͡ʃ ə n d	0	1	reg_d	other	reg_d
string	d a ɪ	d a ɪ d	d ɔ a ɪ d	b a ɪ	b ɔ t	b ɔ t	d ɔ t	0	0	reg_d	vowel_change_suffix	vowel_change_suffix
string	s p iː k	s p o ʊ k	s p iː k t	s n iː k	s n iː k t	s n iː k t	s p iː k t	1	0	vowel_change	reg_t	reg_t
string	s w iː p	s w ɛ p t	s w ɛ p t	s l iː p	s l ɛ p t	s l ɛ p t	s w ɛ p t	1	1	vowel_change_suffix	vowel_change_suffix	vowel_change_suffix
string	b r ʌ ʃ	b r ʌ ʃ t	b r ʌ ʃ t	r ʌ ʃ	r ʌ ʃ t	r ʌ ʃ t	b r ʌ ʃ t	1	1	reg_t	reg_t	reg_t
string	ə b a ɪ d	ə b a ɪ d ə d	ə d	s l a ɪ d	s l ɪ d	s l ɪ d	ə b ɪ d	0	0	reg_əd	other	vowel_change
string	l æ f	l æ f t	l æ f t	b æ ŋ	b æ ŋ d	b æ ŋ d	l æ f d	0	0	reg_t	reg_t	reg_d
string	t a ɪ	t a ɪ d	t ɔ t	t ɔ ɪ	t ɔ ɪ d	t ɔ ɪ d	t a ɪ d	0	1	reg_d	vowel_change_suffix	reg_d
string	ɪ n v a ɪ t	ɪ n v a ɪ t ə d	ɪ n v ɪ v t ə d	n a ɪ f	n a ɪ f t	n a ɪ f t	ɪ n v a ɪ t t	0	0	reg_əd	other	reg_t
string	k r ɔ l	k r ɔ l d	k r ɔ l d	k ɔ l	k ɔ l d	k ɔ l d	k r ɔ l d	1	1	reg_d	reg_d	reg_d
string	p o ʊ k	p o ʊ k t	p o ʊ k t	t͡ʃ o ʊ k	t͡ʃ o ʊ k t	t͡ʃ o ʊ k t	p o ʊ k t	1	1	reg_t	reg_t	reg_t
string	ɡ r o ʊ	ɡ r uː	ɡ r uː	θ r o ʊ	θ r uː	θ r uː	ɡ r uː	1	1	vowel_change	vowel_change	vowel_change
string	s t iː l	s t o ʊ l	s t iː l d	s t ɪ l	s t ɪ l d	s t ɪ l d	s t iː l d	1	0	vowel_change	reg_d	reg_d
string	t͡ʃ uː	t͡ʃ uː d	t͡ʃ uː d	b uː	b uː d	b uː d	t͡ʃ uː d	1	1	reg_d	reg_d	reg_d
string	w ɔ k	w ɔ k t	w ɔ k t	t ɔ k	t ɔ k t	t ɔ k t	w ɔ k t	1	1	reg_t	reg_t	reg_t
string	s ɛ l	s o ʊ l d	s ɛ l d	s ɛ t	s ɛ t	s ɛ t	s ɛ l	0	0	vowel_change_suffix	reg_d	no_change
string	p ɪ k t͡ʃ ɹ̩	p ɪ k t͡ʃ ɹ̩ d	p ɪ k t͡ʃ ɹ̩ d	l ɛ k t͡ʃ ɹ̩	l ɛ k t͡ʃ ɹ̩ d	l ɛ k t͡ʃ ɹ̩ d	p ɪ k t͡ʃ ɹ̩ d	1	1	reg_d	reg_d	reg_d
string	k o ʊ m	k o ʊ m d	k o ʊ m d	r o ʊ m	r o ʊ m d	r o ʊ m d	k o ʊ m d	1	1	reg_d	reg_d	reg_d
string	s m a ɪ l	s m a ɪ l d	s m a ɪ l d	s e ɪ l	s e ɪ l d	s e ɪ l d	s m a ɪ l d	1	1	reg_d	reg_d	reg_d
string	d r ɑː p	d r ɑː p t	d r ɑː p t	d r ɪ p	d r ɪ p t	d r ɪ p t	d r ɑː p t	1	1	reg_t	reg_t	reg_t
string	s k r æ t͡ʃ	s k r æ t͡ʃ t	s k r æ t͡ʃ t	s t r ɛ t͡ʃ	s t r ɛ t͡ʃ t	s t r ɛ t͡ʃ t	s k r æ t͡ʃ t	1	1	reg_t	reg_t	reg_t
string	s t æ m p	s t æ m p t	s t æ m p t	s t ɑː m p	s t ɑː m p t	s t ɑː m p t	s t æ m p t	1	1	reg_t	reg_t	reg_t
string	k r ʌ ʃ	k r ʌ ʃ t	k r ʌ ʃ t	r ʌ ʃ	r ʌ ʃ t	r ʌ ʃ t	k r ʌ ʃ t	1	1	reg_t	reg_t	reg_t
string	b uː t	b uː t ə d	b uː t	b iː t	b iː t	b iː t	b uː t	1	0	reg_əd	no_change	no_change
string	r ə k ɔ r d	r ə k ɔ r d ə d	r uː k ə k ə d	r ɔ r	r ɔ r d	r ɔ r d	r ə k ɔ r d d	0	0	reg_əd	other	reg_d
string	t͡ʃ uː z	t͡ʃ o ʊ z	t͡ʃ uː z d	j uː z	j uː z d	j uː z d	t͡ʃ uː z d	1	0	vowel_change	reg_d	reg_d
string	d æ n s	d æ n s t	d æ n s t	d r ɛ s	d r ɛ s t	d r ɛ s t	d æ n s t	1	1	reg_t	reg_t	reg_t
string	s n ɑː r ə l	s n ɑː r ə l d	s ɑː n t ə l d	ɡ ɑː r b ə l	ɡ ɑː r b ə l d	ɡ ɑː r b ə l d	s n ɑː r ə l d	0	1	reg_d	other	reg_d
string	l ɪ f t	l ɪ f t ə d	l ɪ f t	n ɪ t	n ɪ t ə d	n ɪ t ə d	l ɪ f t ə d	0	1	reg_əd	no_change	reg_əd
string	t͡ʃ ɛ k	t͡ʃ ɛ k t	t͡ʃ ɛ k t	r ɛ k	r ɛ k t	r ɛ k t	t͡ʃ ɛ k t	1	1	reg_t	reg_t	reg_t
string	f ɑː l o ʊ	f ɑː l o ʊ d	f ɑː l o ʊ d	b ɑː r o ʊ	b ɑː r o ʊ d	b ɑː r o ʊ d	f ɑː l o ʊ d	1	1	reg_d	reg_d	reg_d
string	h æ n d	h æ n d ə d	h æ n d ə d	l æ n d	l æ n d ə d	l æ n d ə d	h æ n d ə d	1	1	reg_əd	reg_əd	reg_əd
string	r ɛ k ə m ɛ n d	r ɛ k ə m ɛ n d ə d	r ɛ k ə m ɛ n d	s ɛ n d	s ɛ n t	s ɛ n t	r ɛ k ə m ɛ n t	0	0	reg_əd	no_change	coda_change
string	ʃ uː t	ʃ ɑː t	ʃ uː t	ʃ ʌ t	ʃ ʌ t	ʃ ʌ t	ʃ uː t	1	0	vowel_change	no_change	no_change
string	s o ʊ k	s o ʊ k t	s o ʊ k t	s o ʊ	s o ʊ d	s o ʊ d	s o ʊ k d	0	0	reg_t	reg_t	reg_d
string	p ɑː r t ɪ s ə p e ɪ t	p ɑː r t ɪ s ə p e ɪ t ə d	p s t ə d	ɡ r æ v ə t e ɪ t	ɡ r æ v ə t e ɪ t ə d	ɡ r æ v ə t e ɪ t ə d	p ɑː r t ɪ s ə p e ɪ t ə d	0	1	reg_əd	other	reg_əd
string	s m æ k	s m æ k t	s m æ k t	s m æ ʃ	s m æ ʃ t	s m æ ʃ t	s m æ k t	1	1	reg_t	reg_t	reg_t
string	z ɪ p	z ɪ p t	z ɪ p t	ʃ ɪ p	ʃ ɪ p t	ʃ ɪ p t	z ɪ p t	1	1	reg_t	reg_t	reg_t
string	w ɔ r m	w ɔ r m d	w ɔ r m d	w ɔ r n	w ɔ r n d	w ɔ r n d	w ɔ r m d	1	1	reg_d	reg_d	reg_d
string	k æ m p	k æ m p t	k æ m p t	k l æ m p	k l æ m p t	k l æ m p t	k æ m p t	1	1	reg_t	reg_t	reg_t
string	p ɹ̩ f ɛ k t	p ɹ̩ f ɛ k t ə d	p ɹ̩ d ɹ̩ d	s ə l ɛ k t	s ə l ɛ k t ə d	s ə l ɛ k t ə d	p ɹ̩ f ɛ k t ə d	0	1	reg_əd	other	reg_əd
string	z uː m	z uː m d	z uː m d	d uː	d ɪ d	d ɪ d	NA	0	0	reg_d	reg_d	vowel_change_suffix
string	f o ʊ n	f o ʊ n d	f o ʊ n d	m o ʊ	m o ʊ d	m o ʊ d	f o ʊ n d	1	1	reg_d	reg_d	reg_d
string	ɡ r e ɪ s	ɡ r e ɪ s t	ɡ r e ɪ s t	ɪ r e ɪ s	ɪ r e ɪ s t	ɪ r e ɪ s t	ɡ r e ɪ s t	1	1	reg_t	reg_t	reg_t
string	h ʊ k	h ʊ k t	h ʊ k t	l ʊ k	l ʊ k t	l ʊ k t	h ʊ k t	1	1	reg_t	reg_t	reg_t
string	p ɛ ɡ	p ɛ ɡ d	p ɛ ɡ d	p ɛ n	p ɛ n d	p ɛ n d	p ɛ ɡ d	1	1	reg_d	reg_d	reg_d
string	f l o ʊ t	f l o ʊ t ə d	f l o ʊ t ə d	b l o ʊ	b l uː	b l uː	NA	0	0	reg_əd	reg_əd	vowel_change
string	s p ɛ n d	s p ɛ n t	s p ɛ n d ə d	s ɛ n d	s ɛ n t	s ɛ n t	s p ɛ n t	0	1	coda_change	reg_əd	coda_change
string	s æ n d	s æ n d ə d	s æ n t	s ɛ n d	s ɛ n t	s ɛ n t	s æ n t	1	0	reg_əd	coda_change	coda_change
string	o ʊ n	o ʊ n d	o ʊ n d	s o ʊ	s o ʊ d	s o ʊ d	o ʊ n d	1	1	reg_d	reg_d	reg_d
string	m e ɪ l	m e ɪ l d	m e ɪ l d	m e ɪ k	m e ɪ d	m e ɪ d	NA	0	0	reg_d	reg_d	coda_change
string	ə n t a ɪ	ə n t a ɪ d	ə n t n t ə d	ə t æ t͡ʃ	ə t æ t͡ʃ t	ə t æ t͡ʃ t	ə n t a ɪ t	0	0	reg_d	other	reg_t
string	ɡ r iː s	ɡ r iː s t	ɡ r iː s t	d r iː m	d r iː m d	d r iː m d	ɡ r iː s d	0	0	reg_t	reg_t	reg_d
string	p r ə t ɛ k t	p r ə t ɛ k t ə d	p r ə t ɛ k t ə d	p r ɪ d ɪ k t	p r ɪ d ɪ k t ə d	p r ɪ d ɪ k t ə d	p r ə t ɛ k t ə d	1	1	reg_əd	reg_əd	reg_əd
string	r e ɪ d iː o ʊ	r e ɪ d iː o ʊ d	r e ɪ d	ʃ e ɪ d	ʃ e ɪ d ə d	ʃ e ɪ d ə d	r e ɪ d iː o ʊ ə d	0	0	reg_d	other	reg_əd
string	d ɪ v a ɪ d	d ɪ v a ɪ d ə d	d ɪ v a ɪ d ə d	d ɪ s a ɪ d	d ɪ s a ɪ d ə d	d ɪ s a ɪ d ə d	d ɪ v a ɪ d ə d	1	1	reg_əd	reg_əd	reg_əd
string	t o ʊ	t o ʊ d	t o ʊ d	n o ʊ	n uː	n uː	t uː	0	0	reg_d	reg_d	vowel_change
string	t r æ n z m ɪ t	t r æ n z m ɪ t ə d	t r æ n d	t r æ n z l e ɪ t	t r æ n z l e ɪ t ə d	t r æ n z l e ɪ t ə d	t r æ n z m ɪ t ə d	0	1	reg_əd	other	reg_əd
string	b æ t	b æ t ə d	b æ t	p æ t	p æ t ə d	p æ t ə d	b æ t ə d	0	1	reg_əd	no_change	reg_əd
string	w e ɪ	w e ɪ d	w e ɪ d	w e ɪ v	w e ɪ v d	w e ɪ v d	w e ɪ d	1	1	reg_d	reg_d	reg_d
string	k l iː r	k l iː r d	k l iː r d	k l iː n	k l iː n d	k l iː n d	k l iː r d	1	1	reg_d	reg_d	reg_d
string	ɛ n t͡ʃ æ n t	ɛ n t͡ʃ æ n t ə d	ɛ n t͡ʃ t n t ə d	p l æ n t	p l æ n t ə d	p l æ n t ə d	ɛ n t͡ʃ æ n t ə d	0	1	reg_əd	other	reg_əd
string	ə d r ɛ s	ə d r ɛ s t	ə d r ɛ s t	d r ɛ s	d r ɛ s t	d r ɛ s t	ə d r ɛ s t	1	1	reg_t	reg_t	reg_t
string	s m ʌ d͡ʒ	s m ʌ d͡ʒ d	s m ʌ d͡ʒ d	s m ɛ l	s m ɛ l d	s m ɛ l d	s m ʌ d͡ʒ d	1	1	reg_d	reg_d	reg_d
string	d r e ɪ p	d r e ɪ p t	d r e ɪ p t	d r ɪ p	d r ɪ p t	d r ɪ p t	d r e ɪ p t	1	1	reg_t	reg_t	reg_t
string	d ɪ p	d ɪ p t	d ɪ p t	t͡ʃ ɪ p	t͡ʃ ɪ p t	t͡ʃ ɪ p t	d ɪ p t	1	1	reg_t	reg_t	reg_t
string	ə s o ʊ s iː e ɪ t	ə s o ʊ s iː e ɪ t ə d	ə s a ɪ s t e ɪ t ə d	s ɛ p ɹ̩ e ɪ t	s ɛ p ɹ̩ e ɪ t ə d	s ɛ p ɹ̩ e ɪ t ə d	ə s o ʊ s iː e ɪ t ə d	0	1	reg_əd	other	reg_əd
string	s ɪ ŋ k	s æ ŋ k	s ɔ t	s t ɪ ŋ k	s t ʌ ŋ k	s t ʌ ŋ k	s ʌ ŋ k	0	0	vowel_change	rhyme_replaced	vowel_change
string	p iː l	p iː l d	p iː l t	f iː l	f ɛ l t	f ɛ l t	p ɛ l t	0	0	reg_d	reg_t	vowel_change_suffix
string	ɪ k s ɛ p t	ɪ k s ɛ p t ə d	ɪ k s p ɛ s t	ɪ k s p ɛ k t	ɪ k s p ɛ k t ə d	ɪ k s p ɛ k t ə d	ɪ k s ɛ p t ə d	0	1	reg_əd	other	reg_əd
string	f r a ʊ n	f r a ʊ n d	f r a ʊ n d	b r a ʊ n	b r a ʊ n d	b r a ʊ n d	f r a ʊ n d	1	1	reg_d	reg_d	reg_d
string	s p r ɛ d	s p r ɛ d	s p r ɛ d ə d	p r ɛ s	p r ɛ s t	p r ɛ s t	s p r ɛ d t	0	0	no_change	reg_əd	reg_t
string	f l ɪ p	f l ɪ p t	f l ɪ p t	f l æ p	f l æ p t	f l æ p t	f l ɪ p t	1	1	reg_t	reg_t	reg_t
string	m ʌ ʃ r uː m	m ʌ ʃ r uː m d	m b ʌ ʃ t r d	p r uː v	p r uː v d	p r uː v d	m ʌ ʃ r uː m d	0	1	reg_d	other	reg_d
string	r iː d uː	r iː d ɪ d	r iː d iː d	r iː d	r ɛ d	r ɛ d	NA	0	0	vowel_change_suffix	vowel_change_suffix	vowel_change
string	ɡ æ s p	ɡ æ s p t	ɡ æ s p t	l æ s t	l æ s t ə d	l æ s t ə d	ɡ æ s p ə d	0	0	reg_t	reg_t	reg_əd
string	t ɛ r ə r a ɪ z	t ɛ r ə r a ɪ z d	t ɛ r ə r a ɪ z d	ɛ m f ə s a ɪ z	ɛ m f ə s a ɪ z d	ɛ m f ə s a ɪ z d	t ɛ r ə r a ɪ z d	1	1	reg_d	reg_d	reg_d
string	b ʊ t͡ʃ ɹ̩	b ʊ t͡ʃ ɹ̩ d	b ʊ t͡ʃ ɹ̩ d	b ɑː ð ɹ̩	b ɑː ð ɹ̩ d	b ɑː ð ɹ̩ d	b ʊ t͡ʃ ɹ̩ d	1	1	reg_d	reg_d	reg_d
string	m ə n ɪ p j ə l e ɪ t	m ə n ɪ p j ə l e ɪ t ə d	m b ə d	k ə m p l e ɪ n	k ə m p l e ɪ n d	k ə m p l e ɪ n d	m ə n ɪ p j ə l e ɪ t d	0	0	reg_əd	other	reg_d
string	d r ʌ ɡ	d r ʌ ɡ d	d r ʌ ɡ d	t͡ʃ ʌ ɡ	t͡ʃ ʌ ɡ d	t͡ʃ ʌ ɡ d	d r ʌ ɡ d	1	1	reg_d	reg_d	reg_d
string	s l a ɪ s	s l a ɪ s t	s l a ɪ s t	s l a ɪ d	s l ɪ d	s l ɪ d	NA	0	0	reg_t	reg_t	vowel_change
string	s ɹ̩ a ʊ n d	s ɹ̩ a ʊ n d ə d	s ɹ̩ a ʊ n a ɪ d	s a ʊ n d	s a ʊ n d ə d	s a ʊ n d ə d	s ɹ̩ a ʊ n d ə d	0	1	reg_əd	other	reg_əd
string	s k r ɪ b ə l	s k r ɪ b ə l d	s k r ʌ b ə l d	s k r æ m b ə l	s k r æ m b ə l d	s k r æ m b ə l d	s k r ɪ b ə l d	0	1	reg_d	other	reg_d
string	ɡ r iː n	ɡ r iː n d	ɡ r iː n d	k l iː n	k l iː n d	k l iː n d	ɡ r iː n d	1	1	reg_d	reg_d	reg_d
string	s k w ɹ̩ t	s k w ɹ̩ t ə d	s k ɹ̩ d	k w ɪ t	k w ɪ t	k w ɪ t	s k w ɹ̩ t	0	0	reg_əd	other	no_change
string	k ə n ɛ k t	k ə n ɛ k t ə d	k ə n ɛ k t ə d	k ə l ɛ k t	k ə l ɛ k t ə d	k ə l ɛ k t ə d	k ə n ɛ k t ə d	1	1	reg_əd	reg_əd	reg_əd
string	ɡ r ɪ l	ɡ r ɪ l d	ɡ r ɪ l d	d r ɪ p	d r ɪ p t	d r ɪ p t	ɡ r ɪ l t	0	0	reg_d	reg_d	reg_t
string	k ə n s ɪ d ɹ̩	k ə n s ɪ d ɹ̩ d	k ə n d	æ n s ɹ̩	æ n s ɹ̩ d	æ n s ɹ̩ d	k ə n s ɪ d ɹ̩ d	0	1	reg_d	other	reg_d
string	k ɹ̩ l	k ɹ̩ l d	k ɹ̩ l d	k ɹ̩ v	k ɹ̩ v d	k ɹ̩ v d	k ɹ̩ l d	1	1	reg_d	reg_d	reg_d
string	ɔ θ ɹ̩	ɔ θ ɹ̩ d	ɔ θ ɹ̩ d	ɔ f ɹ̩	ɔ f ɹ̩ d	ɔ f ɹ̩ d	ɔ θ ɹ̩ d	1	1	reg_d	reg_d	reg_d
string	f l ʌ ʃ	f l ʌ ʃ t	f l ʌ ʃ t	f l æ ʃ	f l æ ʃ t	f l æ ʃ t	f l ʌ ʃ t	1	1	reg_t	reg_t	reg_t
final	h æ v	h æ d	h æ v d	b ɪ l iː v	b ɪ l iː v d	b ɪ l iː v d	h æ v d	1	0	coda_change	reg_d	reg_d
final	h æ p ə n	h æ p ə n d	h æ p ə n d	t r e ɪ n	t r e ɪ n d	t r e ɪ n d	h æ p ə n d	1	1	reg_d	reg_d	reg_d
final	p l e ɪ s	p l e ɪ s t	p l e ɪ s t	t ɔ s	t ɔ s t	t ɔ s t	p l e ɪ s t	1	1	reg_t	reg_t	reg_t
final	k l o ʊ z	k l o ʊ z d	k l o ʊ l d	k ɑː z	k ɑː z d	k ɑː z d	k l o ʊ z d	0	1	reg_d	coda_change	reg_d
final	k ʊ k	k ʊ k t	k o ʊ k	θ ɪ ŋ k	θ ɔ t	θ ɔ t	NA	0	0	reg_t	vowel_change	rhyme_replaced
final	r ʌ n	r æ n	r ʌ n d	d͡ʒ ɔ ɪ n	d͡ʒ ɔ ɪ n d	d͡ʒ ɔ ɪ n d	r ʌ n d	1	0	vowel_change	reg_d	reg_d
final	s e ɪ	s ɛ d	s e ɪ d	s t e ɪ	s t e ɪ d	s t e ɪ d	s e ɪ d	1	0	vowel_change_suffix	reg_d	reg_d
final	f ɪ ʃ	f ɪ ʃ t	f ɪ ʃ t	w ɪ ʃ	w ɪ ʃ t	w ɪ ʃ t	f ɪ ʃ t	1	1	reg_t	reg_t	reg_t
final	h ɹ̩ t	h ɹ̩ t	h ɹ̩ t	h ɪ t	h ɪ t	h ɪ t	h ɹ̩ t	1	1	no_change	no_change	no_change
final	l uː z	l ɔ s t	l uː z d	ə p ɑː l ə d͡ʒ a ɪ z	ə p ɑː l ə d͡ʒ a ɪ z d	ə p ɑː l ə d͡ʒ a ɪ z d	l uː z d	1	0	rhyme_replaced	reg_d	reg_d
final	æ s k	æ s k t	æ k s t	s n iː k	s n iː k t	s n iː k t	æ s k t	0	1	reg_t	coda_change	reg_t
final	p e ɪ	p e ɪ d	p e ɪ d	b a ɪ	b ɔ t	b ɔ t	NA	0	0	reg_d	reg_d	vowel_change_suffix
final	s p ɛ l	s p ɛ l d	s p ɛ l d	t ɛ l	t o ʊ l d	t o ʊ l d	s p o ʊ l d	0	0	reg_d	reg_d	vowel_change_suffix
final	s p ɪ t	s p æ t	s p ɪ t	b ɛ t	b ɛ t	b ɛ t	s p ɪ t	1	0	vowel_change	no_change	no_change
final	m ɪ s	m ɪ s t	m ɪ s t	f e ɪ s	f e ɪ s t	f e ɪ s t	m ɪ s t	1	1	reg_t	reg_t	reg_t
final	s t ɑː r t	s t ɑː r t ə d	s t ɑː r t ə d	ə d ɑː p t	ə d ɑː p t ə d	ə d ɑː p t ə d	s t ɑː r t ə d	1	1	reg_əd	reg_əd	reg_əd
final	p ɑː r t iː	p ɑː r t iː d	p ɑː r t iː d	k æ r iː	k æ r iː d	k æ r iː d	p ɑː r t iː d	1	1	reg_d	reg_d	reg_d
final	ɡ ɛ s	ɡ ɛ s t	ɡ ɑː s t	ɪ n t r ə d uː s	ɪ n t r ə d uː s t	ɪ n t r ə d uː s t	ɡ ɛ s t	0	1	reg_t	vowel_change_suffix	reg_t
final	f a ɪ ɹ̩	f a ɪ ɹ̩ d	f ɔ t ɹ̩ d	w ɪ s p ɹ̩	w ɪ s p ɹ̩ d	w ɪ s p ɹ̩ d	f a ɪ ɹ̩ d	0	1	reg_d	other	reg_d
final	s ɪ t	s æ t	s ɪ t	d ɛ k ɹ̩ e ɪ t	d ɛ k ɹ̩ e ɪ t ə d	d ɛ k ɹ̩ e ɪ t ə d	s ɪ t ə d	0	0	vowel_change	no_change	reg_əd
final	ʃ uː	ʃ uː d	ʃ uː d	d uː	d ɪ d	d ɪ d	ʃ ɪ d	0	0	reg_d	reg_d	vowel_change_suffix
final	w ɹ̩ k	w ɹ̩ k t	w ɹ̩ k t	k e ɪ k	k e ɪ k t	k e ɪ k t	w ɹ̩ k t	1	1	reg_t	reg_t	reg_t
final	t ʌ t͡ʃ	t ʌ t͡ʃ t	t ʌ t͡ʃ t	w ɑː t͡ʃ	w ɑː t͡ʃ t	w ɑː t͡ʃ t	t ʌ t͡ʃ t	1	1	reg_t	reg_t	reg_t
final	s t ɑː p	s t ɑː p t	s t ɑː p t	s t ɛ p	s t ɛ p t	s t ɛ p t	s t ɑː p t	1	1	reg_t	reg_t	reg_t
final	s t ɹ̩	s t ɹ̩ d	s t ɹ̩ d	d ɪ s k ʌ v ɹ̩	d ɪ s k ʌ v ɹ̩ d	d ɪ s k ʌ v ɹ̩ d	s t ɹ̩ d	1	1	reg_d	reg_d	reg_d
final	l ɛ d	l ɛ d ə d	l ɛ d	r iː d	r ɛ d	r ɛ d	NA	0	0	reg_əd	no_change	vowel_change
final	p ɔ r	p ɔ r d	p ɔ r d	ə p iː r	ə p iː r d	ə p iː r d	p ɔ r d	1	1	reg_d	reg_d	reg_d
final	s ə p o ʊ z	s ə p o ʊ z d	s ə p ə p ɛ d	s t e ɪ b ə l a ɪ z	s t e ɪ b ə l a ɪ z d	s t e ɪ b ə l a ɪ z d	s ə p o ʊ z d	0	1	reg_d	other	reg_d
final	w ʌ n d ɹ̩	w ʌ n d ɹ̩ d	w ʌ n d ɹ̩ d	æ n s ɹ̩	æ n s ɹ̩ d	æ n s ɹ̩ d	w ʌ n d ɹ̩ d	1	1	reg_d	reg_d	reg_d
final	k w ɛ s t͡ʃ ə n	k w ɛ s t͡ʃ ə n d	k w ɛ k ə n ʃ t	t ɹ̩ n	t ɹ̩ n d	t ɹ̩ n d	k w ɛ s t͡ʃ ə n d	0	1	reg_d	other	reg_d
final	d a ɪ	d a ɪ d	d ɔ a ɪ d	d r a ɪ	d r a ɪ d	d r a ɪ d	d a ɪ d	0	1	reg_d	vowel_change_suffix	reg_d
final	s p iː k	s p o ʊ k	s p iː k t	m e ɪ k	m e ɪ d	m e ɪ d	s p iː d	0	0	vowel_change	reg_t	coda_change
final	s w iː p	s w ɛ p t	s w ɛ p t	p uː p	p uː p t	p uː p t	s w iː p t	0	0	vowel_change_suffix	vowel_change_suffix	reg_t
final	b r ʌ ʃ	b r ʌ ʃ t	b r ʌ ʃ t	s m æ ʃ	s m æ ʃ t	s m æ ʃ t	b r ʌ ʃ t	1	1	reg_t	reg_t	reg_t
final	ə b a ɪ d	ə b a ɪ d ə d	ə d	d ɪ s a ɪ d	d ɪ s a ɪ d ə d	d ɪ s a ɪ d ə d	ə b a ɪ d ə d	0	1	reg_əd	other	reg_əd
final	l æ f	l æ f t	l æ f t	n a ɪ f	n a ɪ f t	n a ɪ f t	l æ f t	1	1	reg_t	reg_t	reg_t
final	t a ɪ	t a ɪ d	t ɔ t	s p r e ɪ	s p r e ɪ d	s p r e ɪ d	t a ɪ d	0	1	reg_d	vowel_change_suffix	reg_d
final	ɪ n v a ɪ t	ɪ n v a ɪ t ə d	ɪ n v ɪ v t ə d	t e ɪ s t	t e ɪ s t ə d	t e ɪ s t ə d	ɪ n v a ɪ t ə d	0	1	reg_əd	other	reg_əd
final	k r ɔ l	k r ɔ l d	k r ɔ l d	d r ɪ b ə l	d r ɪ b ə l d	d r ɪ b ə l d	k r ɔ l d	1	1	reg_d	reg_d	reg_d
final	p o ʊ k	p o ʊ k t	p o ʊ k t	θ æ ŋ k	θ æ ŋ k t	θ æ ŋ k t	p o ʊ k t	1	1	reg_t	reg_t	reg_t
final	ɡ r o ʊ	ɡ r uː	ɡ r uː	s a ʊ	s a ʊ d	s a ʊ d	ɡ r o ʊ d	0	0	vowel_change	vowel_change	reg_d
final	s t iː l	s t o ʊ l	s t iː l d	ɡ ɑː r b ə l	ɡ ɑː r b ə l d	ɡ ɑː r b ə l d	s t iː l d	1	0	vowel_change	reg_d	reg_d
final	t͡ʃ uː	t͡ʃ uː d	t͡ʃ uː d	r ɛ s k j uː	r ɛ s k j uː d	r ɛ s k j uː d	t͡ʃ uː d	1	1	reg_d	reg_d	reg_d
final	w ɔ k	w ɔ k t	w ɔ k t	ʃ e ɪ k	ʃ e ɪ k t	ʃ ʊ k	w ɔ k t	1	1	reg_t	reg_t	reg_t
final	s ɛ l	s o ʊ l d	s ɛ l d	s p ɪ l	s p ɪ l d	s p ɪ l d	s ɛ l d	1	0	vowel_change_suffix	reg_d	reg_d
final	p ɪ k t͡ʃ ɹ̩	p ɪ k t͡ʃ ɹ̩ d	p ɪ k t͡ʃ ɹ̩ d	f ɪ ɡ j ɹ̩	f ɪ ɡ j ɹ̩ d	f ɪ ɡ j ɹ̩ d	p ɪ k t͡ʃ ɹ̩ d	1	1	reg_d	reg_d	reg_d
final	k o ʊ m	k o ʊ m d	k o ʊ m d	d r iː m	d r iː m d	d r iː m d	k o ʊ m d	1	1	reg_d	reg_d	reg_d
final	s m a ɪ l	s m a ɪ l d	s m a ɪ l d	k ʌ p ə l	k ʌ p ə l d	k ʌ p ə l d	s m a ɪ l d	1	1	reg_d	reg_d	reg_d
final	d r ɑː p	d r ɑː p t	d r ɑː p t	p ɑː p	p ɑː p t	p ɑː p t	d r ɑː p t	1	1	reg_t	reg_t	reg_t
final	s k r æ t͡ʃ	s k r æ t͡ʃ t	s k r æ t͡ʃ t	p ʌ n t͡ʃ	p ʌ n t͡ʃ t	p ʌ n t͡ʃ t	s k r æ t͡ʃ t	1	1	reg_t	reg_t	reg_t
final	s t æ m p	s t æ m p t	s t æ m p t	h ɑː p	h ɑː p t	h ɑː p t	s t æ m p t	1	1	reg_t	reg_t	reg_t
final	k r ʌ ʃ	k r ʌ ʃ t	k r ʌ ʃ t	k r æ ʃ	k r æ ʃ t	k r æ ʃ t	k r ʌ ʃ t	1	1	reg_t	reg_t	reg_t
final	b uː t	b uː t ə d	b uː t	h ɪ t	h ɪ t	h ɪ t	b uː t	1	0	reg_əd	no_change	no_change
final	r ə k ɔ r d	r ə k ɔ r d ə d	r uː k ə k ə d	ə n d ɹ̩ s t æ n d	ə n d ɹ̩ s t ʊ d	ə n d ɹ̩ s t ʊ d	NA	0	0	reg_əd	other	rhyme_replaced
final	t͡ʃ uː z	t͡ʃ o ʊ z	t͡ʃ uː z d	p l iː z	p l iː z d	p l iː z d	t͡ʃ uː z d	1	0	vowel_change	reg_d	reg_d
final	d æ n s	d æ n s t	d æ n s t	f e ɪ s	f e ɪ s t	f e ɪ s t	d æ n s t	1	1	reg_t	reg_t	reg_t
final	s n ɑː r ə l	s n ɑː r ə l d	s ɑː n t ə l d	b ʌ b ə l	b ʌ b ə l d	b ʌ b ə l d	s n ɑː r ə l d	0	1	reg_d	other	reg_d
final	l ɪ f t	l ɪ f t ə d	l ɪ f t	l æ s t	l æ s t ə d	l æ s t ə d	l ɪ f t ə d	0	1	reg_əd	no_change	reg_əd
final	t͡ʃ ɛ k	t͡ʃ ɛ k t	t͡ʃ ɛ k t	r ɛ k	r ɛ k t	r ɛ k t	t͡ʃ ɛ k t	1	1	reg_t	reg_t	reg_t
final	f ɑː l o ʊ	f ɑː l o ʊ d	f ɑː l o ʊ d	s o ʊ	s o ʊ d	s o ʊ d	f ɑː l o ʊ d	1	1	reg_d	reg_d	reg_d
final	h æ n d	h æ n d ə d	h æ n d ə d	s a ʊ n d	s a ʊ n d ə d	s a ʊ n d ə d	h æ n d ə d	1	1	reg_əd	reg_əd	reg_əd
final	r ɛ k ə m ɛ n d	r ɛ k ə m ɛ n d ə d	r ɛ k ə m ɛ n d	m a ɪ n d	m a ɪ n d ə d	m a ɪ n d ə d	r ɛ k ə m ɛ n d ə d	0	1	reg_əd	no_change	reg_əd
final	ʃ uː t	ʃ ɑː t	ʃ uː t	ʃ a ʊ t	ʃ a ʊ t ə d	ʃ a ʊ t ə d	ʃ uː t ə d	0	0	vowel_change	no_change	reg_əd
final	s o ʊ k	s o ʊ k t	s o ʊ k t	ʃ e ɪ k	ʃ e ɪ k t	ʃ ʊ k	s o ʊ k t	1	1	reg_t	reg_t	reg_t
final	p ɑː r t ɪ s ə p e ɪ t	p ɑː r t ɪ s ə p e ɪ t ə d	p s t ə d	ʃ a ʊ t	ʃ a ʊ t ə d	ʃ a ʊ t ə d	p ɑː r t ɪ s ə p e ɪ t ə d	0	1	reg_əd	other	reg_əd
final	s m æ k	s m æ k t	s m æ k t	t r ʌ k	t r ʌ k t	t r ʌ k t	s m æ k t	1	1	reg_t	reg_t	reg_t
final	z ɪ p	z ɪ p t	z ɪ p t	p a ɪ p	p a ɪ p t	p a ɪ p t	z ɪ p t	1	1	reg_t	reg_t	reg_t
final	w ɔ r m	w ɔ r m d	w ɔ r m d	b l e ɪ m	b l e ɪ m d	b l e ɪ m d	w ɔ r m d	1	1	reg_d	reg_d	reg_d
final	k æ m p	k æ m p t	k æ m p t	t ɑː p	t ɑː p t	t ɑː p t	k æ m p t	1	1	reg_t	reg_t	reg_t
final	p ɹ̩ f ɛ k t	p ɹ̩ f ɛ k t ə d	p ɹ̩ d ɹ̩ d	m ɛ l t	m ɛ l t ə d	m ɛ l t ə d	p ɹ̩ f ɛ k t ə d	0	1	reg_əd	other	reg_əd
final	z uː m	z uː m d	z uː m d	b ɪ k ʌ m	b ɪ k e ɪ m	b ɪ k e ɪ m	NA	0	0	reg_d	reg_d	vowel_change
final	f o ʊ n	f o ʊ n d	f o ʊ n d	d ɔ n	d ɔ n d	d ɔ n d	f o ʊ n d	1	1	reg_d	reg_d	reg_d
final	ɡ r e ɪ s	ɡ r e ɪ s t	ɡ r e ɪ s t	p r ɑː m ə s	p r ɑː m ə s t	p r ɑː m ə s t	ɡ r e ɪ s t	1	1	reg_t	reg_t	reg_t
final	h ʊ k	h ʊ k t	h ʊ k t	s t ɪ ŋ k	s t ʌ ŋ k	s t ʌ ŋ k	NA	0	0	reg_t	reg_t	vowel_change
final	p ɛ ɡ	p ɛ ɡ d	p ɛ ɡ d	t͡ʃ ʌ ɡ	t͡ʃ ʌ ɡ d	t͡ʃ ʌ ɡ d	p ɛ ɡ d	1	1	reg_d	reg_d	reg_d
final	f l o ʊ t	f l o ʊ t ə d	f l o ʊ t ə d	f ɪ t	f ɪ t	f ɪ t	f l o ʊ t	0	0	reg_əd	reg_əd	no_change
final	s p ɛ n d	s p ɛ n t	s p ɛ n d ə d	s a ɪ d	s a ɪ d ə d	s a ɪ d ə d	s p ɛ n d ə d	1	0	coda_change	reg_əd	reg_əd
final	s æ n d	s æ n d ə d	s æ n t	h ɛ d	h ɛ d ə d	h ɛ d ə d	s æ n d ə d	0	1	reg_əd	coda_change	reg_əd
final	o ʊ n	o ʊ n d	o ʊ n d	b ə l uː n	b ə l uː n d	b ə l uː n d	o ʊ n d	1	1	reg_d	reg_d	reg_d
final	m e ɪ l	m e ɪ l d	m e ɪ l d	s m ɛ l	s m ɛ l d	s m ɛ l d	m e ɪ l d	1	1	reg_d	reg_d	reg_d
final	ə n t a ɪ	ə n t a ɪ d	ə n t n t ə d	k r a ɪ	k r a ɪ d	k r a ɪ d	ə n t a ɪ d	0	1	reg_d	other	reg_d
final	ɡ r iː s	ɡ r iː s t	ɡ r iː s t	ɪ m p r ɛ s	ɪ m p r ɛ s t	ɪ m p r ɛ s t	ɡ r iː s t	1	1	reg_t	reg_t	reg_t
final	p r ə t ɛ k t	p r ə t ɛ k t ə d	p r ə t ɛ k t ə d	ə d ɑː p t	ə d ɑː p t ə d	ə d ɑː p t ə d	p r ə t ɛ k t ə d	1	1	reg_əd	reg_əd	reg_əd
final	r e ɪ d iː o ʊ	r e ɪ d iː o ʊ d	r e ɪ d	θ r o ʊ	θ r uː	θ r uː	r e ɪ d iː uː	0	0	reg_d	other	vowel_change
final	d ɪ v a ɪ d	d ɪ v a ɪ d ə d	d ɪ v a ɪ d ə d	p r iː t ɛ n d	p r iː t ɛ n d ə d	p r iː t ɛ n d ə d	d ɪ v a ɪ d ə d	1	1	reg_əd	reg_əd	reg_əd
final	t o ʊ	t o ʊ d	t o ʊ d	s w ɑː l o ʊ	s w ɑː l o ʊ d	s w ɑː l o ʊ d	t o ʊ d	1	1	reg_d	reg_d	reg_d
final	t r æ n z m ɪ t	t r æ n z m ɪ t ə d	t r æ n d	p l æ n t	p l æ n t ə d	p l æ n t ə d	t r æ n z m ɪ t ə d	0	1	reg_əd	other	reg_əd
final	b æ t	b æ t ə d	b æ t	l a ɪ t	l ɪ t	l ɪ t	NA	0	0	reg_əd	no_change	vowel_change
final	w e ɪ	w e ɪ d	w e ɪ d	a ɪ	a ɪ d	a ɪ d	w e ɪ d	1	1	reg_d	reg_d	reg_d
final	k l iː r	k l iː r d	k l iː r d	ə p iː r	ə p iː r d	ə p iː r d	k l iː r d	1	1	reg_d	reg_d	reg_d
final	ɛ n t͡ʃ æ n t	ɛ n t͡ʃ æ n t ə d	ɛ n t͡ʃ t n t ə d	m ɛ l t	m ɛ l t ə d	m ɛ l t ə d	ɛ n t͡ʃ æ n t ə d	0	1	reg_əd	other	reg_əd
final	ə d r ɛ s	ə d r ɛ s t	ə d r ɛ s t	h ɑː r n ə s	h ɑː r n ə s t	h ɑː r n ə s t	ə d r ɛ s t	1	1	reg_t	reg_t	reg_t
final	s m ʌ d͡ʒ	s m ʌ d͡ʒ d	s m ʌ d͡ʒ d	t͡ʃ e ɪ n d͡ʒ	t͡ʃ e ɪ n d͡ʒ d	t͡ʃ e ɪ n d͡ʒ d	s m ʌ d͡ʒ d	1	1	reg_d	reg_d	reg_d
final	d r e ɪ p	d r e ɪ p t	d r e ɪ p t	h o ʊ p	h o ʊ p t	h o ʊ p t	d r e ɪ p t	1	1	reg_t	reg_t	reg_t
final	d ɪ p	d ɪ p t	d ɪ p t	p ʌ m p	p ʌ m p t	p ʌ m p t	d ɪ p t	1	1	reg_t	reg_t	reg_t
final	ə s o ʊ s iː e ɪ t	ə s o ʊ s iː e ɪ t ə d	ə s a ɪ s t e ɪ t ə d	ɪ v æ p ɹ̩ e ɪ t	ɪ v æ p ɹ̩ e ɪ t ə d	ɪ v æ p ɹ̩ e ɪ t ə d	ə s o ʊ s iː e ɪ t ə d	0	1	reg_əd	other	reg_əd
final	s ɪ ŋ k	s æ ŋ k	s ɔ t	s ɑː k	s ɑː k t	s ɑː k t	s ɪ ŋ k t	0	0	vowel_change	rhyme_replaced	reg_t
final	p iː l	p iː l d	p iː l t	r o ʊ l	r o ʊ l d	r o ʊ l d	p iː l d	0	1	reg_d	reg_t	reg_d
final	ɪ k s ɛ p t	ɪ k s ɛ p t ə d	ɪ k s p ɛ s t	h ɪ t	h ɪ t	h ɪ t	ɪ k s ɛ p t	0	0	reg_əd	other	no_change
final	f r a ʊ n	f r a ʊ n d	f r a ʊ n d	d ɑː n	d ɑː n d	d ɑː n d	f r a ʊ n d	1	1	reg_d	reg_d	reg_d
final	s p r ɛ d	s p r ɛ d	s p r ɛ d ə d	ə v ɔ ɪ d	ə v ɔ ɪ d ə d	ə v ɔ ɪ d ə d	s p r ɛ d ə d	1	0	no_change	reg_əd	reg_əd
final	f l ɪ p	f l ɪ p t	f l ɪ p t	d r ɪ p	d r ɪ p t	d r ɪ p t	f l ɪ p t	1	1	reg_t	reg_t	reg_t
final	m ʌ ʃ r uː m	m ʌ ʃ r uː m d	m b ʌ ʃ t r d	k l e ɪ m	k l e ɪ m d	k l e ɪ m d	m ʌ ʃ r uː m d	0	1	reg_d	other	reg_d
final	r iː d uː	r iː d ɪ d	r iː d iː d	ə n d uː	ə n d ɪ d	ə n d ɪ d	r iː d ɪ d	0	1	vowel_change_suffix	vowel_change_suffix	vowel_change_suffix
final	ɡ æ s p	ɡ æ s p t	ɡ æ s p t	w a ɪ p	w a ɪ p t	w a ɪ p t	ɡ æ s p t	1	1	reg_t	reg_t	reg_t
final	t ɛ r ə r a ɪ z	t ɛ r ə r a ɪ z d	t ɛ r ə r a ɪ z d	p l iː z	p l iː z d	p l iː z d	t ɛ r ə r a ɪ z d	1	1	reg_d	reg_d	reg_d
final	b ʊ t͡ʃ ɹ̩	b ʊ t͡ʃ ɹ̩ d	b ʊ t͡ʃ ɹ̩ d	k ʌ v ɹ̩	k ʌ v ɹ̩ d	k ʌ v ɹ̩ d	b ʊ t͡ʃ ɹ̩ d	1	1	reg_d	reg_d	reg_d
final	m ə n ɪ p j ə l e ɪ t	m ə n ɪ p j ə l e ɪ t ə d	m b ə d	r ɛ s t	r ɛ s t ə d	r ɛ s t ə d	m ə n ɪ p j ə l e ɪ t ə d	0	1	reg_əd	other	reg_əd
final	d r ʌ ɡ	d r ʌ ɡ d	d r ʌ ɡ d	t͡ʃ ʌ ɡ	t͡ʃ ʌ ɡ d	t͡ʃ ʌ ɡ d	d r ʌ ɡ d	1	1	reg_d	reg_d	reg_d
final	s l a ɪ s	s l a ɪ s t	s l a ɪ s t	ɪ m p r ɛ s	ɪ m p r ɛ s t	ɪ m p r ɛ s t	s l a ɪ s t	1	1	reg_t	reg_t	reg_t
final	s ɹ̩ a ʊ n d	s ɹ̩ a ʊ n d ə d	s ɹ̩ a ʊ n a ɪ d	r iː d	r ɛ d	r ɛ d	NA	0	0	reg_əd	other	vowel_change
final	s k r ɪ b ə l	s k r ɪ b ə l d	s k r ʌ b ə l d	k r ʌ m b ə l	k r ʌ m b ə l d	k r ʌ m b ə l d	s k r ɪ b ə l d	0	1	reg_d	other	reg_d
final	ɡ r iː n	ɡ r iː n d	ɡ r iː n d	b ʌ t ə n	b ʌ t ə n d	b ʌ t ə n d	ɡ r iː n d	1	1	reg_d	reg_d	reg_d
final	s k w ɹ̩ t	s k w ɹ̩ t ə d	s k ɹ̩ d	p æ n t	p æ n t ə d	p æ n t ə d	s k w ɹ̩ t ə d	0	1	reg_əd	other	reg_əd
final	k ə n ɛ k t	k ə n ɛ k t ə d	k ə n ɛ k t ə d	ʃ a ʊ t	ʃ a ʊ t ə d	ʃ a ʊ t ə d	k ə n ɛ k t ə d	1	1	reg_əd	reg_əd	reg_əd
final	ɡ r ɪ l	ɡ r ɪ l d	ɡ r ɪ l d	w ɪ s ə l	w ɪ s ə l d	w ɪ s ə l d	ɡ r ɪ l d	1	1	reg_d	reg_d	reg_d
final	k ə n s ɪ d ɹ̩	k ə n s ɪ d ɹ̩ d	k ə n d	æ n s ɹ̩	æ n s ɹ̩ d	æ n s ɹ̩ d	k ə n s ɪ d ɹ̩ d	0	1	reg_d	other	reg_d
final	k ɹ̩ l	k ɹ̩ l d	k ɹ̩ l d	b a ɪ s ɪ k ə l	b a ɪ s ɪ k ə l d	b a ɪ s ɪ k ə l d	k ɹ̩ l d	1	1	reg_d	reg_d	reg_d
final	ɔ θ ɹ̩	ɔ θ ɹ̩ d	ɔ θ ɹ̩ d	w ɪ s p ɹ̩	w ɪ s p ɹ̩ d	w ɪ s p ɹ̩ d	ɔ θ ɹ̩ d	1	1	reg_d	reg_d	reg_d
final	f l ʌ ʃ	f l ʌ ʃ t	f l ʌ ʃ t	s p l æ ʃ	s p l æ ʃ t	s p l æ ʃ t	f l ʌ ʃ t	1	1	reg_t	reg_t	reg_t
majority	h æ v	h æ d	h æ v d	l ɛ k t͡ʃ ɹ̩	l ɛ k t͡ʃ ɹ̩ d	l ɛ k t͡ʃ ɹ̩ d	h æ v d	1	0	coda_change	reg_d	reg_d
majority	h æ p ə n	h æ p ə n d	h æ p ə n d	t ɪ k ə l	t ɪ k ə l d	t ɪ k ə l d	h æ p ə n d	1	1	reg_d	reg_d	reg_d
majority	p l e ɪ s	p l e ɪ s t	p l e ɪ s t	k l ʌ b	k l ʌ b d	k l ʌ b d	p l e ɪ s d	0	0	reg_t	reg_t	reg_d
majority	k l o ʊ z	k l o ʊ z d	k l o ʊ l d	t w ɪ ŋ k ə l	t w ɪ ŋ k ə l d	t w ɪ ŋ k ə l d	k l o ʊ z d	0	1	reg_d	coda_change	reg_d
majority	k ʊ k	k ʊ k t	k o ʊ k	t r a ɪ	t r a ɪ d	t r a ɪ d	k ʊ k d	0	0	reg_t	vowel_change	reg_d
majority	r ʌ n	r æ n	r ʌ n d	ʃ o ʊ	ʃ o ʊ d	ʃ o ʊ d	r ʌ n d	1	0	vowel_change	reg_d	reg_d
majority	s e ɪ	s ɛ d	s e ɪ d	ɪ n t ɹ̩ f ɪ r	ɪ n t ɹ̩ f ɪ r d	ɪ n t ɹ̩ f ɪ r d	s e ɪ d	1	0	vowel_change_suffix	reg_d	reg_d
majority	f ɪ ʃ	f ɪ ʃ t	f ɪ ʃ t	s t e ɪ	s t e ɪ d	s t e ɪ d	f ɪ ʃ d	0	0	reg_t	reg_t	reg_d
majority	h ɹ̩ t	h ɹ̩ t	h ɹ̩ t	s t r e ɪ t ə n	s t r e ɪ t ə n d	s t r e ɪ t ə n d	h ɹ̩ t d	0	0	no_change	no_change	reg_d
majority	l uː z	l ɔ s t	l uː z d	d ɑː k t ɹ̩	d ɑː k t ɹ̩ d	d ɑː k t ɹ̩ d	l uː z d	1	0	rhyme_replaced	reg_d	reg_d
majority	æ s k	æ s k t	æ k s t	p r ə f ɹ̩	p r ə f ɹ̩ d	p r ə f ɹ̩ d	æ s k d	0	0	reg_t	coda_change	reg_d
majority	p e ɪ	p e ɪ d	p e ɪ d	p ɪ k ə l	p ɪ k ə l d	p ɪ k ə l d	p e ɪ d	1	1	reg_d	reg_d	reg_d
majority	s p ɛ l	s p ɛ l d	s p ɛ l d	r ɔ r	r ɔ r d	r ɔ r d	s p ɛ l d	1	1	reg_d	reg_d	reg_d
majority	s p ɪ t	s p æ t	s p ɪ t	m æ t ɹ̩	m æ t ɹ̩ d	m æ t ɹ̩ d	s p ɪ t d	0	0	vowel_change	no_change	reg_d
majority	m ɪ s	m ɪ s t	m ɪ s t	ɡ l uː	ɡ l uː d	ɡ l uː d	m ɪ s d	0	0	reg_t	reg_t	reg_d
majority	s t ɑː r t	s t ɑː r t ə d	s t ɑː r t ə d	s w ɑː l o ʊ	s w ɑː l o ʊ d	s w ɑː l o ʊ d	s t ɑː r t d	0	0	reg_əd	reg_əd	reg_d
majority	p ɑː r t iː	p ɑː r t iː d	p ɑː r t iː d	b l e ɪ m	b l e ɪ m d	b l e ɪ m d	p ɑː r t iː d	1	1	reg_d	reg_d	reg_d
majority	ɡ ɛ s	ɡ ɛ s t	ɡ ɑː s t	k æ r iː	k æ r iː d	k æ r iː d	ɡ ɛ s d	0	0	reg_t	vowel_change_suffix	reg_d
majority	f a ɪ ɹ̩	f a ɪ ɹ̩ d	f ɔ t ɹ̩ d	n ʌ m b ɹ̩	n ʌ m b ɹ̩ d	n ʌ m b ɹ̩ d	f a ɪ ɹ̩ d	0	1	reg_d	other	reg_d
majority	s ɪ t	s æ t	s ɪ t	l ʌ v	l ʌ v d	l ʌ v d	s ɪ t d	0	0	vowel_change	no_change	reg_d
majority	ʃ uː	ʃ uː d	ʃ uː d	w ɪ s ə l	w ɪ s ə l d	w ɪ s ə l d	ʃ uː d	1	1	reg_d	reg_d	reg_d
majority	w ɹ̩ k	w ɹ̩ k t	w ɹ̩ k t	r iː z ɑː l v	r iː z ɑː l v d	r iː z ɑː l v d	w ɹ̩ k d	0	0	reg_t	reg_t	reg_d
majority	t ʌ t͡ʃ	t ʌ t͡ʃ t	t ʌ t͡ʃ t	h a ʊ z	h a ʊ z d	h a ʊ z d	t ʌ t͡ʃ d	0	0	reg_t	reg_t	reg_d
majority	s t ɑː p	s t ɑː p t	s t ɑː p t	p l æ n	p l æ n d	p l æ n d	s t ɑː p d	0	0	reg_t	reg_t	reg_d
majority	s t ɹ̩	s t ɹ̩ d	s t ɹ̩ d	d͡ʒ ɔ ɪ n	d͡ʒ ɔ ɪ n d	d͡ʒ ɔ ɪ n d	s t ɹ̩ d	1	1	reg_d	reg_d	reg_d
majority	l ɛ d	l ɛ d ə d	l ɛ d	t ʌ m b ə l	t ʌ m b ə l d	t ʌ m b ə l d	l ɛ d d	0	0	reg_əd	no_change	reg_d
majority	p ɔ r	p ɔ r d	p ɔ r d	d a ɪ ə l	d a ɪ ə l d	d a ɪ ə l d	p ɔ r d	1	1	reg_d	reg_d	reg_d
majority	s ə p o ʊ z	s ə p o ʊ z d	s ə p ə p ɛ d	r ɑː b	r ɑː b d	r ɑː b d	s ə p o ʊ z d	0	1	reg_d	other	reg_d
majority	w ʌ n d ɹ̩	w ʌ n d ɹ̩ d	w ʌ n d ɹ̩ d	d ɑː k t ɹ̩	d ɑː k t ɹ̩ d	d ɑː k t ɹ̩ d	w ʌ n d ɹ̩ d	1	1	reg_d	reg_d	reg_d
majority	k w ɛ s t͡ʃ ə n	k w ɛ s t͡ʃ ə n d	k w ɛ k ə n ʃ t	h a ʊ z	h a ʊ z d	h a ʊ z d	k w ɛ s t͡ʃ ə n d	0	1	reg_d	other	reg_d
majority	d a ɪ	d a ɪ d	d ɔ a ɪ d	b ʌ k ə l	b ʌ k ə l d	b ʌ k ə l d	d a ɪ d	0	1	reg_d	vowel_change_suffix	reg_d
majority	s p iː k	s p o ʊ k	s p iː k t	d ɑː k t ɹ̩	d ɑː k t ɹ̩ d	d ɑː k t ɹ̩ d	s p iː k d	0	0	vowel_change	reg_t	reg_d
majority	s w iː p	s w ɛ p t	s w ɛ p t	k l ʌ b	k l ʌ b d	k l ʌ b d	s w iː p d	0	0	vowel_change_suffix	vowel_change_suffix	reg_d
majority	b r ʌ ʃ	b r ʌ ʃ t	b r ʌ ʃ t	t r a ɪ	t r a ɪ d	t r a ɪ d	b r ʌ ʃ d	0	0	reg_t	reg_t	reg_d
majority	ə b a ɪ d	ə b a ɪ d ə d	ə d	ɡ r æ b	ɡ r æ b d	ɡ r æ b d	ə b a ɪ d d	0	0	reg_əd	other	reg_d
majority	l æ f	l æ f t	l æ f t	w ɪ s p ɹ̩	w ɪ s p ɹ̩ d	w ɪ s p ɹ̩ d	l æ f d	0	0	reg_t	reg_t	reg_d
majority	t a ɪ	t a ɪ d	t ɔ t	k iː	k iː d	k iː d	t a ɪ d	0	1	reg_d	vowel_change_suffix	reg_d
majority	ɪ n v a ɪ t	ɪ n v a ɪ t ə d	ɪ n v ɪ v t ə d	ɪ m æ d͡ʒ ə n	ɪ m æ d͡ʒ ə n d	ɪ m æ d͡ʒ ə n d	ɪ n v a ɪ t d	0	0	reg_əd	other	reg_d
majority	k r ɔ l	k r ɔ l d	k r ɔ l d	k ə n t r o ʊ l	k ə n t r o ʊ l d	k ə n t r o ʊ l d	k r ɔ l d	1	1	reg_d	reg_d	reg_d
majority	p o ʊ k	p o ʊ k t	p o ʊ k t	b l e ɪ m	b l e ɪ m d	b l e ɪ m d	p o ʊ k d	0	0	reg_t	reg_t	reg_d
majority	ɡ r o ʊ	ɡ r uː	ɡ r uː	t͡ʃ ʌ ɡ	t͡ʃ ʌ ɡ d	t͡ʃ ʌ ɡ d	ɡ r o ʊ d	0	0	vowel_change	vowel_change	reg_d
majority	s t iː l	s t o ʊ l	s t iː l d	f e ɪ l	f e ɪ l d	f e ɪ l d	s t iː l d	1	0	vowel_change	reg_d	reg_d
majority	t͡ʃ uː	t͡ʃ uː d	t͡ʃ uː d	s k ɛ r	s k ɛ r d	s k ɛ r d	t͡ʃ uː d	1	1	reg_d	reg_d	reg_d
majority	w ɔ k	w ɔ k t	w ɔ k t	p ɛ n	p ɛ n d	p ɛ n d	w ɔ k d	0	0	reg_t	reg_t	reg_d
majority	s ɛ l	s o ʊ l d	s ɛ l d	d ɪ s t ɹ̩ b	d ɪ s t ɹ̩ b d	d ɪ s t ɹ̩ b d	s ɛ l d	1	0	vowel_change_suffix	reg_d	reg_d
majority	p ɪ k t͡ʃ ɹ̩	p ɪ k t͡ʃ ɹ̩ d	p ɪ k t͡ʃ ɹ̩ d	r ʌ b	r ʌ b d	r ʌ b d	p ɪ k t͡ʃ ɹ̩ d	1	1	reg_d	reg_d	reg_d
majority	k o ʊ m	k o ʊ m d	k o ʊ m d	m a ɪ n	m a ɪ n d	m a ɪ n d	k o ʊ m d	1	1	reg_d	reg_d	reg_d
majority	s m a ɪ l	s m a ɪ l d	s m a ɪ l d	ɪ ɡ n ɔ r	ɪ ɡ n ɔ r d	ɪ ɡ n ɔ r d	s m a ɪ l d	1	1	reg_d	reg_d	reg_d
majority	d r ɑː p	d r ɑː p t	d r ɑː p t	k ɔ l	k ɔ l d	k ɔ l d	d r ɑː p d	0	0	reg_t	reg_t	reg_d
majority	s k r æ t͡ʃ	s k r æ t͡ʃ t	s k r æ t͡ʃ t	s e ɪ l	s e ɪ l d	s e ɪ l d	s k r æ t͡ʃ d	0	0	reg_t	reg_t	reg_d
majority	s t æ m p	s t æ m p t	s t æ m p t	p ɛ n	p ɛ n d	p ɛ n d	s t æ m p d	0	0	reg_t	reg_t	reg_d
majority	k r ʌ ʃ	k r ʌ ʃ t	k r ʌ ʃ t	s p a ɪ	s p a ɪ d	s p a ɪ d	k r ʌ ʃ d	0	0	reg_t	reg_t	reg_d
majority	b uː t	b uː t ə d	b uː t	r ɛ k ə ɡ n a ɪ z	r ɛ k ə ɡ n a ɪ z d	r ɛ k ə ɡ n a ɪ z d	b uː t d	0	0	reg_əd	no_change	reg_d
majority	r ə k ɔ r d	r ə k ɔ r d ə d	r uː k ə k ə d	b r a ɪ t ə n	b r a ɪ t ə n d	b r a ɪ t ə n d	r ə k ɔ r d d	0	0	reg_əd	other	reg_d
majority	t͡ʃ uː z	t͡ʃ o ʊ z	t͡ʃ uː z d	s t e ɪ	s t e ɪ d	s t e ɪ d	t͡ʃ uː z d	1	0	vowel_change	reg_d	reg_d
majority	d æ n s	d æ n s t	d æ n s t	p a ʊ d ɹ̩	p a ʊ d ɹ̩ d	p a ʊ d ɹ̩ d	d æ n s d	0	0	reg_t	reg_t	reg_d
majority	s n ɑː r ə l	s n ɑː r ə l d	s ɑː n t ə l d	w ɑː f ə l	w ɑː f ə l d	w ɑː f ə l d	s n ɑː r ə l d	0	1	reg_d	other	reg_d
majority	l ɪ f t	l ɪ f t ə d	l ɪ f t	w ɔ r n	w ɔ r n d	w ɔ r n d	l ɪ f t d	0	0	reg_əd	no_change	reg_d
majority	t͡ʃ ɛ k	t͡ʃ ɛ k t	t͡ʃ ɛ k t	p l æ n	p l æ n d	p l æ n d	t͡ʃ ɛ k d	0	0	reg_t	reg_t	reg_d
majority	f ɑː l o ʊ	f ɑː l o ʊ d	f ɑː l o ʊ d	h a ʊ z	h a ʊ z d	h a ʊ z d	f ɑː l o ʊ d	1	1	reg_d	reg_d	reg_d
majority	h æ n d	h æ n d ə d	h æ n d ə d	s k w iː z	s k w iː z d	s k w iː z d	h æ n d d	0	0	reg_əd	reg_əd	reg_d
majority	r ɛ k ə m ɛ n d	r ɛ k ə m ɛ n d ə d	r ɛ k ə m ɛ n d	l o ʊ ɹ̩	l o ʊ ɹ̩ d	l o ʊ ɹ̩ d	r ɛ k ə m ɛ n d d	0	0	reg_əd	no_change	reg_d
majority	ʃ uː t	ʃ ɑː t	ʃ uː t	s t e ɪ b ə l a ɪ z	s t e ɪ b ə l a ɪ z d	s t e ɪ b ə l a ɪ z d	ʃ uː t d	0	0	vowel_change	no_change	reg_d
majority	s o ʊ k	s o ʊ k t	s o ʊ k t	m a ɪ n	m a ɪ n d	m a ɪ n d	s o ʊ k d	0	0	reg_t	reg_t	reg_d
majority	p ɑː r t ɪ s ə p e ɪ t	p ɑː r t ɪ s ə p e ɪ t ə d	p s t ə d	ɛ m p t iː	ɛ m p t iː d	ɛ m p t iː d	p ɑː r t ɪ s ə p e ɪ t d	0	0	reg_əd	other	reg_d
majority	s m æ k	s m æ k t	s m æ k t	æ n s ɹ̩	æ n s ɹ̩ d	æ n s ɹ̩ d	s m æ k d	0	0	reg_t	reg_t	reg_d
majority	z ɪ p	z ɪ p t	z ɪ p t	s p l ɪ n t ɹ̩	s p l ɪ n t ɹ̩ d	s p l ɪ n t ɹ̩ d	z ɪ p d	0	0	reg_t	reg_t	reg_d
majority	w ɔ r m	w ɔ r m d	w ɔ r m d	b æ ŋ	b æ ŋ d	b æ ŋ d	w ɔ r m d	1	1	reg_d	reg_d	reg_d
majority	k æ m p	k æ m p t	k æ m p t	k ə m p ɛ r	k ə m p ɛ r d	k ə m p ɛ r d	k æ m p d	0	0	reg_t	reg_t	reg_d
majority	p ɹ̩ f ɛ k t	p ɹ̩ f ɛ k t ə d	p ɹ̩ d ɹ̩ d	d ɑː k t ɹ̩	d ɑː k t ɹ̩ d	d ɑː k t ɹ̩ d	p ɹ̩ f ɛ k t d	0	0	reg_əd	other	reg_d
majority	z uː m	z uː m d	z uː m d	t ɔ ɪ	t ɔ ɪ d	t ɔ ɪ d	z uː m d	1	1	reg_d	reg_d	reg_d
majority	f o ʊ n	f o ʊ n d	f o ʊ n d	w uː	w uː d	w uː d	f o ʊ n d	1	1	reg_d	reg_d	reg_d
majority	ɡ r e ɪ s	ɡ r e ɪ s t	ɡ r e ɪ s t	b ə l uː n	b ə l uː n d	b ə l uː n d	ɡ r e ɪ s d	0	0	reg_t	reg_t	reg_d
majority	h ʊ k	h ʊ k t	h ʊ k t	s iː m	s iː m d	s iː m d	h ʊ k d	0	0	reg_t	reg_t	reg_d
majority	p ɛ ɡ	p ɛ ɡ d	p ɛ ɡ d	ɪ ɡ n ɔ r	ɪ ɡ n ɔ r d	ɪ ɡ n ɔ r d	p ɛ ɡ d	1	1	reg_d	reg_d	reg_d
majority	f l o ʊ t	f l o ʊ t ə d	f l o ʊ t ə d	b æ ɡ	b æ ɡ d	b æ ɡ d	f l o ʊ t d	0	0	reg_əd	reg_əd	reg_d
majority	s p ɛ n d	s p ɛ n t	s p ɛ n d ə d	ə s uː m	ə s uː m d	ə s uː m d	s p ɛ n d d	0	0	coda_change	reg_əd	reg_d
majority	s æ n d	s æ n d ə d	s æ n t	s t ɪ l	s t ɪ l d	s t ɪ l d	s æ n d d	0	0	reg_əd	coda_change	reg_d
majority	o ʊ n	o ʊ n d	o ʊ n d	d ɪ ŋ	d ɪ ŋ d	d ɪ ŋ d	o ʊ n d	1	1	reg_d	reg_d	reg_d
majority	m e ɪ l	m e ɪ l d	m e ɪ l d	b ʌ k ə l	b ʌ k ə l d	b ʌ k ə l d	m e ɪ l d	1	1	reg_d	reg_d	reg_d
majority	ə n t a ɪ	ə n t a ɪ d	ə n t n t ə d	b ə l uː n	b ə l uː n d	b ə l uː n d	ə n t a ɪ d	0	1	reg_d	other	reg_d
majority	ɡ r iː s	ɡ r iː s t	ɡ r iː s t	s a ʊ	s a ʊ d	s a ʊ d	ɡ r iː s d	0	0	reg_t	reg_t	reg_d
majority	p r ə t ɛ k t	p r ə t ɛ k t ə d	p r ə t ɛ k t ə d	p r e ɪ	p r e ɪ d	p r e ɪ d	p r ə t ɛ k t d	0	0	reg_əd	reg_əd	reg_d
majority	r e ɪ d iː o ʊ	r e ɪ d iː o ʊ d	r e ɪ d	k ʌ v ɹ̩	k ʌ v ɹ̩ d	k ʌ v ɹ̩ d	r e ɪ d iː o ʊ d	0	1	reg_d	other	reg_d
majority	d ɪ v a ɪ d	d ɪ v a ɪ d ə d	d ɪ v a ɪ d ə d	s k a ʊ l	s k a ʊ l d	s k a ʊ l d	d ɪ v a ɪ d d	0	0	reg_əd	reg_əd	reg_d
majority	t o ʊ	t o ʊ d	t o ʊ d	t a ɪ t ə n	t a ɪ t ə n d	t a ɪ t ə n d	t o ʊ d	1	1	reg_d	reg_d	reg_d
majority	t r æ n z m ɪ t	t r æ n z m ɪ t ə d	t r æ n d	s n iː z	s n iː z d	s n iː z d	t r æ n z m ɪ t d	0	0	reg_əd	other	reg_d
majority	b æ t	b æ t ə d	b æ t	s ɹ̩ p r a ɪ z	s ɹ̩ p r a ɪ z d	s ɹ̩ p r a ɪ z d	b æ t d	0	0	reg_əd	no_change	reg_d
majority	w e ɪ	w e ɪ d	w e ɪ d	ʃ o ʊ	ʃ o ʊ d	ʃ o ʊ d	w e ɪ d	1	1	reg_d	reg_d	reg_d
majority	k l iː r	k l iː r d	k l iː r d	s k ɛ r	s k ɛ r d	s k ɛ r d	k l iː r d	1	1	reg_d	reg_d	reg_d
majority	ɛ n t͡ʃ æ n t	ɛ n t͡ʃ æ n t ə d	ɛ n t͡ʃ t n t ə d	k ʌ p ə l	k ʌ p ə l d	k ʌ p ə l d	ɛ n t͡ʃ æ n t d	0	0	reg_əd	other	reg_d
majority	ə d r ɛ s	ə d r ɛ s t	ə d r ɛ s t	b l e ɪ m	b l e ɪ m d	b l e ɪ m d	ə d r ɛ s d	0	0	reg_t	reg_t	reg_d
majority	s m ʌ d͡ʒ	s m ʌ d͡ʒ d	s m ʌ d͡ʒ d	ə l a ʊ	ə l a ʊ d	ə l a ʊ d	s m ʌ d͡ʒ d	1	1	reg_d	reg_d	reg_d
majority	d r e ɪ p	d r e ɪ p t	d r e ɪ p t	iː z	iː z d	iː z d	d r e ɪ p d	0	0	reg_t	reg_t	reg_d
majority	d ɪ p	d ɪ p t	d ɪ p t	k ʌ v ɹ̩	k ʌ v ɹ̩ d	k ʌ v ɹ̩ d	d ɪ p d	0	0	reg_t	reg_t	reg_d
majority	ə s o ʊ s iː e ɪ t	ə s o ʊ s iː e ɪ t ə d	ə s a ɪ s t e ɪ t ə d	t ɪ k ə l	t ɪ k ə l d	t ɪ k ə l d	ə s o ʊ s iː e ɪ t d	0	0	reg_əd	other	reg_d
majority	s ɪ ŋ k	s æ ŋ k	s ɔ t	ʃ ɛ r	ʃ ɛ r d	ʃ ɛ r d	s ɪ ŋ k d	0	0	vowel_change	rhyme_replaced	reg_d
majority	p iː l	p iː l d	p iː l t	b l e ɪ m	b l e ɪ m d	b l e ɪ m d	p iː l d	0	1	reg_d	reg_t	reg_d
majority	ɪ k s ɛ p t	ɪ k s ɛ p t ə d	ɪ k s p ɛ s t	m uː v	m uː v d	m uː v d	ɪ k s ɛ p t d	0	0	reg_əd	other	reg_d
majority	f r a ʊ n	f r a ʊ n d	f r a ʊ n d	ɪ n t ɹ̩ v j uː	ɪ n t ɹ̩ v j uː d	ɪ n t ɹ̩ v j uː d	f r a ʊ n d	1	1	reg_d	reg_d	reg_d
majority	s p r ɛ d	s p r ɛ d	s p r ɛ d ə d	r o ʊ l	r o ʊ l d	r o ʊ l d	s p r ɛ d d	0	0	no_change	reg_əd	reg_d
majority	f l ɪ p	f l ɪ p t	f l ɪ p t	p l ʌ ɡ	p l ʌ ɡ d	p l ʌ ɡ d	f l ɪ p d	0	0	reg_t	reg_t	reg_d
majority	m ʌ ʃ r uː m	m ʌ ʃ r uː m d	m b ʌ ʃ t r d	k iː	k iː d	k iː d	m ʌ ʃ r uː m d	0	1	reg_d	other	reg_d
majority	r iː d uː	r iː d ɪ d	r iː d iː d	p ɛ n	p ɛ n d	p ɛ n d	r iː d uː d	0	0	vowel_change_suffix	vowel_change_suffix	reg_d
majority	ɡ æ s p	ɡ æ s p t	ɡ æ s p t	b æ ŋ	b æ ŋ d	b æ ŋ d	ɡ æ s p d	0	0	reg_t	reg_t	reg_d
majority	t ɛ r ə r a ɪ z	t ɛ r ə r a ɪ z d	t ɛ r ə r a ɪ z d	k ʌ v ɹ̩	k ʌ v ɹ̩ d	k ʌ v ɹ̩ d	t ɛ r ə r a ɪ z d	1	1	reg_d	reg_d	reg_d
majority	b ʊ t͡ʃ ɹ̩	b ʊ t͡ʃ ɹ̩ d	b ʊ t͡ʃ ɹ̩ d	m o ʊ	m o ʊ d	m o ʊ d	b ʊ t͡ʃ ɹ̩ d	1	1	reg_d	reg_d	reg_d
majority	m ə n ɪ p j ə l e ɪ t	m ə n ɪ p j ə l e ɪ t ə d	m b ə d	f r a ɪ t ə n	f r a ɪ t ə n d	f r a ɪ t ə n d	m ə n ɪ p j ə l e ɪ t d	0	0	reg_əd	other	reg_d
majority	d r ʌ ɡ	d r ʌ ɡ d	d r ʌ ɡ d	b r iː ð	b r iː ð d	b r iː ð d	d r ʌ ɡ d	1	1	reg_d	reg_d	reg_d
majority	s l a ɪ s	s l a ɪ s t	s l a ɪ s t	s t e ɪ b ə l a ɪ z	s t e ɪ b ə l a ɪ z d	s t e ɪ b ə l a ɪ z d	s l a ɪ s d	0	0	reg_t	reg_t	reg_d
majority	s ɹ̩ a ʊ n d	s ɹ̩ a ʊ n d ə d	s ɹ̩ a ʊ n a ɪ d	s e ɪ l	s e ɪ l d	s e ɪ l d	s ɹ̩ a ʊ n d d	0	0	reg_əd	other	reg_d
majority	s k r ɪ b ə l	s k r ɪ b ə l d	s k r ʌ b ə l d	t ɔ ɪ	t ɔ ɪ d	t ɔ ɪ d	s k r ɪ b ə l d	0	1	reg_d	other	reg_d
majority	ɡ r iː n	ɡ r iː n d	ɡ r iː n d	k æ r iː	k æ r iː d	k æ r iː d	ɡ r iː n d	1	1	reg_d	reg_d	reg_d
majority	s k w ɹ̩ t	s k w ɹ̩ t ə d	s k ɹ̩ d	l ʌ v	l ʌ v d	l ʌ v d	s k w ɹ̩ t d	0	0	reg_əd	other	reg_d
majority	k ə n ɛ k t	k ə n ɛ k t ə d	k ə n ɛ k t ə d	d r iː m	d r iː m d	d r iː m d	k ə n ɛ k t d	0	0	reg_əd	reg_əd	reg_d
majority	ɡ r ɪ l	ɡ r ɪ l d	ɡ r ɪ l d	s ɹ̩ v	s ɹ̩ v d	s ɹ̩ v d	ɡ r ɪ l d	1	1	reg_d	reg_d	reg_d
majority	k ə n s ɪ d ɹ̩	k ə n s ɪ d ɹ̩ d	k ə n d	b æ ɡ	b æ ɡ d	b æ ɡ d	k ə n s ɪ d ɹ̩ d	0	1	reg_d	other	reg_d
majority	k ɹ̩ l	k ɹ̩ l d	k ɹ̩ l d	d ɪ s k ʌ v ɹ̩	d ɪ s k ʌ v ɹ̩ d	d ɪ s k ʌ v ɹ̩ d	k ɹ̩ l d	1	1	reg_d	reg_d	reg_d
majority	ɔ θ ɹ̩	ɔ θ ɹ̩ d	ɔ θ ɹ̩ d	w ɔ r n	w ɔ r n d	w ɔ r n d	ɔ θ ɹ̩ d	1	1	reg_d	reg_d	reg_d
majority	f l ʌ ʃ	f l ʌ ʃ t	f l ʌ ʃ t	h a ʊ z	h a ʊ z d	h a ʊ z d	f l ʌ ʃ d	0	0	reg_t	reg_t	reg_d
random	h æ v	h æ d	h æ v d	z æ p	z æ p t	z æ p t	h æ v t	0	0	coda_change	reg_d	reg_t
random	h æ p ə n	h æ p ə n d	h æ p ə n d	l ɪ s ə n	l ɪ s ə n d	l ɪ s ə n d	h æ p ə n d	1	1	reg_d	reg_d	reg_d
random	p l e ɪ s	p l e ɪ s t	p l e ɪ s t	t r æ v ə l	t r æ v ə l d	t r æ v ə l d	p l e ɪ s d	0	0	reg_t	reg_t	reg_d
random	k l o ʊ z	k l o ʊ z d	k l o ʊ l d	t͡ʃ ɪ p	t͡ʃ ɪ p t	t͡ʃ ɪ p t	k l o ʊ z t	0	0	reg_d	coda_change	reg_t
random	k ʊ k	k ʊ k t	k o ʊ k	p ʊ ʃ	p ʊ ʃ t	p ʊ ʃ t	k ʊ k t	0	1	reg_t	vowel_change	reg_t
random	r ʌ n	r æ n	r ʌ n d	m uː v	m uː v d	m uː v d	r ʌ n d	1	0	vowel_change	reg_d	reg_d
random	s e ɪ	s ɛ d	s e ɪ d	ɔ f ɹ̩	ɔ f ɹ̩ d	ɔ f ɹ̩ d	s e ɪ d	1	0	vowel_change_suffix	reg_d	reg_d
random	f ɪ ʃ	f ɪ ʃ t	f ɪ ʃ t	s t ɔ r	s t ɔ r d	s t ɔ r d	f ɪ ʃ d	0	0	reg_t	reg_t	reg_d
random	h ɹ̩ t	h ɹ̩ t	h ɹ̩ t	p r ə f ɹ̩	p r ə f ɹ̩ d	p r ə f ɹ̩ d	h ɹ̩ t d	0	0	no_change	no_change	reg_d
random	l uː z	l ɔ s t	l uː z d	s k uː p	s k uː p t	s k uː p t	l uː z t	0	0	rhyme_replaced	reg_d	reg_t
random	æ s k	æ s k t	æ k s t	k ə m p ɛ r	k ə m p ɛ r d	k ə m p ɛ r d	æ s k d	0	0	reg_t	coda_change	reg_d
random	p e ɪ	p e ɪ d	p e ɪ d	n iː d	n iː d ə d	n iː d ə d	p e ɪ ə d	0	0	reg_d	reg_d	reg_əd
random	s p ɛ l	s p ɛ l d	s p ɛ l d	r ɛ n t	r ɛ n t	r ɛ n t ə d	s p ɛ l	0	0	reg_d	reg_d	no_change
random	s p ɪ t	s p æ t	s p ɪ t	s o ʊ	s o ʊ d	s o ʊ d	s p ɪ t d	0	0	vowel_change	no_change	reg_d
random	m ɪ s	m ɪ s t	m ɪ s t	p æ k	p æ k t	p æ k t	m ɪ s t	1	1	reg_t	reg_t	reg_t
random	s t ɑː r t	s t ɑː r t ə d	s t ɑː r t ə d	ɡ ɪ v	ɡ e ɪ v	ɡ e ɪ v	NA	0	0	reg_əd	reg_əd	vowel_change
random	p ɑː r t iː	p ɑː r t iː d	p ɑː r t iː d	w e ɪ t	w e ɪ t ə d	w e ɪ t ə d	p ɑː r t iː ə d	0	0	reg_d	reg_d	reg_əd
random	ɡ ɛ s	ɡ ɛ s t	ɡ ɑː s t	h æ ŋ	h ʌ ŋ	h ʌ ŋ	NA	0	0	reg_t	vowel_change_suffix	vowel_change
random	f a ɪ ɹ̩	f a ɪ ɹ̩ d	f ɔ t ɹ̩ d	s ɛ n t ə n s	s ɛ n t ə n s t	s ɛ n t ə n s t	f a ɪ ɹ̩ t	0	0	reg_d	other	reg_t
random	s ɪ t	s æ t	s ɪ t	t r ʌ k	t r ʌ k t	t r ʌ k t	s ɪ t t	0	0	vowel_change	no_change	reg_t
random	ʃ uː	ʃ uː d	ʃ uː d	r ɪ d	r ɪ d	r ɪ d	ʃ uː	0	0	reg_d	reg_d	no_change
random	w ɹ̩ k	w ɹ̩ k t	w ɹ̩ k t	p r iː t ɛ n d	p r iː t ɛ n d ə d	p r iː t ɛ n d ə d	w ɹ̩ k ə d	0	0	reg_t	reg_t	reg_əd
random	t ʌ t͡ʃ	t ʌ t͡ʃ t	t ʌ t͡ʃ t	s a ʊ n d	s a ʊ n d ə d	s a ʊ n d ə d	t ʌ t͡ʃ ə d	0	0	reg_t	reg_t	reg_əd
random	s t ɑː p	s t ɑː p t	s t ɑː p t	d ɪ s t ɹ̩ b	d ɪ s t ɹ̩ b d	d ɪ s t ɹ̩ b d	s t ɑː p d	0	0	reg_t	reg_t	reg_d
random	s t ɹ̩	s t ɹ̩ d	s t ɹ̩ d	l e ɪ	l e ɪ d	l e ɪ d	s t ɹ̩ d	1	1	reg_d	reg_d	reg_d
random	l ɛ d	l ɛ d ə d	l ɛ d	p ʌ f	p ʌ f t	p ʌ f t	l ɛ d t	0	0	reg_əd	no_change	reg_t
random	p ɔ r	p ɔ r d	p ɔ r d	t a ɪ t ə n	t a ɪ t ə n d	t a ɪ t ə n d	p ɔ r d	1	1	reg_d	reg_d	reg_d
random	s ə p o ʊ z	s ə p o ʊ z d	s ə p ə p ɛ d	l ʌ v	l ʌ v d	l ʌ v d	s ə p o ʊ z d	0	1	reg_d	other	reg_d
random	w ʌ n d ɹ̩	w ʌ n d ɹ̩ d	w ʌ n d ɹ̩ d	ə l a ʊ	ə l a ʊ d	ə l a ʊ d	w ʌ n d ɹ̩ d	1	1	reg_d	reg_d	reg_d
random	k w ɛ s t͡ʃ ə n	k w ɛ s t͡ʃ ə n d	k w ɛ k ə n ʃ t	p ɑː r k	p ɑː r k t	p ɑː r k t	k w ɛ s t͡ʃ ə n t	0	0	reg_d	other	reg_t
random	d a ɪ	d a ɪ d	d ɔ a ɪ d	r o ʊ m	r o ʊ m d	r o ʊ m d	d a ɪ d	0	1	reg_d	vowel_change_suffix	reg_d
random	s p iː k	s p o ʊ k	s p iː k t	k ə m p ɛ r	k ə m p ɛ r d	k ə m p ɛ r d	s p iː k d	0	0	vowel_change	reg_t	reg_d
random	s w iː p	s w ɛ p t	s w ɛ p t	h o ʊ l d	h ɛ l d	h ɛ l d	NA	0	0	vowel_change_suffix	vowel_change_suffix	vowel_change
random	b r ʌ ʃ	b r ʌ ʃ t	b r ʌ ʃ t	t ɔ ɪ	t ɔ ɪ d	t ɔ ɪ d	b r ʌ ʃ d	0	0	reg_t	reg_t	reg_d
random	ə b a ɪ d	ə b a ɪ d ə d	ə d	f l a ʊ ɹ̩	f l a ʊ ɹ̩ d	f l a ʊ ɹ̩ d	ə b a ɪ d d	0	0	reg_əd	other	reg_d
random	l æ f	l æ f t	l æ f t	s n iː z	s n iː z d	s n iː z d	l æ f d	0	0	reg_t	reg_t	reg_d
random	t a ɪ	t a ɪ d	t ɔ t	ɡ o ʊ	ɡ ɑː o ʊ	w ɛ n t	NA	0	0	reg_d	vowel_change_suffix	vowel_change
random	ɪ n v a ɪ t	ɪ n v a ɪ t ə d	ɪ n v ɪ v t ə d	s ɪ ŋ	s æ ŋ	s æ ŋ	NA	0	0	reg_əd	other	vowel_change
random	k r ɔ l	k r ɔ l d	k r ɔ l d	p l e ɪ	p l e ɪ d	p l e ɪ d	k r ɔ l d	1	1	reg_d	reg_d	reg_d
random	p o ʊ k	p o ʊ k t	p o ʊ k t	k ə m p l e ɪ n	k ə m p l e ɪ n d	k ə m p l e ɪ n d	p o ʊ k d	0	0	reg_t	reg_t	reg_d
random	ɡ r o ʊ	ɡ r uː	ɡ r uː	s t ɪ ŋ k	s t ʌ ŋ k	s t ʌ ŋ k	NA	0	0	vowel_change	vowel_change	vowel_change
random	s t iː l	s t o ʊ l	s t iː l d	h ɑː p	h ɑː p t	h ɑː p t	s t iː l t	0	0	vowel_change	reg_d	reg_t
random	t͡ʃ uː	t͡ʃ uː d	t͡ʃ uː d	ɡ r æ b	ɡ r æ b d	ɡ r æ b d	t͡ʃ uː d	1	1	reg_d	reg_d	reg_d
random	w ɔ k	w ɔ k t	w ɔ k t	s ɛ n t ə n s	s ɛ n t ə n s t	s ɛ n t ə n s t	w ɔ k t	1	1	reg_t	reg_t	reg_t
random	s ɛ l	s o ʊ l d	s ɛ l d	s p ɪ l	s p ɪ l d	s p ɪ l d	s ɛ l d	1	0	vowel_change_suffix	reg_d	reg_d
random	p ɪ k t͡ʃ ɹ̩	p ɪ k t͡ʃ ɹ̩ d	p ɪ k t͡ʃ ɹ̩ d	n ɪ t	n ɪ t ə d	n ɪ t ə d	p ɪ k t͡ʃ ɹ̩ ə d	0	0	reg_d	reg_d	reg_əd
random	k o ʊ m	k o ʊ m d	k o ʊ m d	w ɑː t͡ʃ	w ɑː t͡ʃ t	w ɑː t͡ʃ t	k o ʊ m t	0	0	reg_d	reg_d	reg_t
random	s m a ɪ l	s m a ɪ l d	s m a ɪ l d	w ɑː n d ɹ̩	w ɑː n d ɹ̩ d	w ɑː n d ɹ̩ d	s m a ɪ l d	1	1	reg_d	reg_d	reg_d
random	d r ɑː p	d r ɑː p t	d r ɑː p t	p ɑː l ɪ ʃ	p ɑː l ɪ ʃ t	p ɑː l ɪ ʃ t	d r ɑː p t	1	1	reg_t	reg_t	reg_t
random	s k r æ t͡ʃ	s k r æ t͡ʃ t	s k r æ t͡ʃ t	p l æ n t	p l æ n t ə d	p l æ n t ə d	s k r æ t͡ʃ ə d	0	0	reg_t	reg_t	reg_əd
random	s t æ m p	s t æ m p t	s t æ m p t	m o ʊ	m o ʊ d	m o ʊ d	s t æ m p d	0	0	reg_t	reg_t	reg_d
random	k r ʌ ʃ	k r ʌ ʃ t	k r ʌ ʃ t	b ʌ k ə l	b ʌ k ə l d	b ʌ k ə l d	k r ʌ ʃ d	0	0	reg_t	reg_t	reg_d
random	b uː t	b uː t ə d	b uː t	p ɑː p	p ɑː p t	p ɑː p t	b uː t t	0	0	reg_əd	no_change	reg_t
random	r ə k ɔ r d	r ə k ɔ r d ə d	r uː k ə k ə d	k æ r iː	k æ r iː d	k æ r iː d	r ə k ɔ r d d	0	0	reg_əd	other	reg_d
random	t͡ʃ uː z	t͡ʃ o ʊ z	t͡ʃ uː z d	s p r e ɪ	s p r e ɪ d	s p r e ɪ d	t͡ʃ uː z d	1	0	vowel_change	reg_d	reg_d
random	d æ n s	d æ n s t	d æ n s t	w ɑː n d ɹ̩	w ɑː n d ɹ̩ d	w ɑː n d ɹ̩ d	d æ n s d	0	0	reg_t	reg_t	reg_d
random	s n ɑː r ə l	s n ɑː r ə l d	s ɑː n t ə l d	s p æ ŋ k	s p æ ŋ k t	s p æ ŋ k t	s n ɑː r ə l t	0	0	reg_d	other	reg_t
random	l ɪ f t	l ɪ f t ə d	l ɪ f t	s l iː p	s l ɛ p t	s l ɛ p t	NA	0	0	reg_əd	no_change	vowel_change_suffix
random	t͡ʃ ɛ k	t͡ʃ ɛ k t	t͡ʃ ɛ k t	s k ɪ p	s k ɪ p t	s k ɪ p t	t͡ʃ ɛ k t	1	1	reg_t	reg_t	reg_t
random	f ɑː l o ʊ	f ɑː l o ʊ d	f ɑː l o ʊ d	θ æ ŋ k	θ æ ŋ k t	θ æ ŋ k t	f ɑː l o ʊ t	0	0	reg_d	reg_d	reg_t
random	h æ n d	h æ n d ə d	h æ n d ə d	s iː k	s ɔ t	s ɔ t	NA	0	0	reg_əd	reg_əd	rhyme_replaced
random	r ɛ k ə m ɛ n d	r ɛ k ə m ɛ n d ə d	r ɛ k ə m ɛ n d	s n iː k	s n iː k t	s n iː k t	r ɛ k ə m ɛ n d t	0	0	reg_əd	no_change	reg_t
random	ʃ uː t	ʃ ɑː t	ʃ uː t	r a ɪ t	r o ʊ t	r o ʊ t	NA	0	0	vowel_change	no_change	vowel_change
random	s o ʊ k	s o ʊ k t	s o ʊ k t	s t r ɪ ŋ	s t r ʌ ŋ	s t r ʌ ŋ	NA	0	0	reg_t	reg_t	vowel_change
random	p ɑː r t ɪ s ə p e ɪ t	p ɑː r t ɪ s ə p e ɪ t ə d	p s t ə d	l e ɪ	l e ɪ d	l e ɪ d	p ɑː r t ɪ s ə p e ɪ t d	0	0	reg_əd	other	reg_d
random	s m æ k	s m æ k t	s m æ k t	d ɪ v ɛ l ə p	d ɪ v ɛ l ə p t	d ɪ v ɛ l ə p t	s m æ k t	1	1	reg_t	reg_t	reg_t
random	z ɪ p	z ɪ p t	z ɪ p t	f ɪ n ɪ ʃ	f ɪ n ɪ ʃ t	f ɪ n ɪ ʃ t	z ɪ p t	1	1	reg_t	reg_t	reg_t
random	w ɔ r m	w ɔ r m d	w ɔ r m d	a ɪ	a ɪ d	a ɪ d	w ɔ r m d	1	1	reg_d	reg_d	reg_d
random	k æ m p	k æ m p t	k æ m p t	p ɛ n	p ɛ n d	p ɛ n d	k æ m p d	0	0	reg_t	reg_t	reg_d
random	p ɹ̩ f ɛ k t	p ɹ̩ f ɛ k t ə d	p ɹ̩ d ɹ̩ d	b ʌ b ə l	b ʌ b ə l d	b ʌ b ə l d	p ɹ̩ f ɛ k t d	0	0	reg_əd	other	reg_d
random	z uː m	z uː m d	z uː m d	f o ʊ l d	f o ʊ l d ə d	f o ʊ l d ə d	z uː m ə d	0	0	reg_d	reg_d	reg_əd
random	f o ʊ n	f o ʊ n d	f o ʊ n d	p uː p	p uː p t	p uː p t	f o ʊ n t	0	0	reg_d	reg_d	reg_t
random	ɡ r e ɪ s	ɡ r e ɪ s t	ɡ r e ɪ s t	w ɪ ʃ	w ɪ ʃ t	w ɪ ʃ t	ɡ r e ɪ s t	1	1	reg_t	reg_t	reg_t
random	h ʊ k	h ʊ k t	h ʊ k t	p ɛ t	p ɛ t	p ɛ t ə d	h ʊ k	0	0	reg_t	reg_t	no_change
random	p ɛ ɡ	p ɛ ɡ d	p ɛ ɡ d	f l a ʊ ɹ̩	f l a ʊ ɹ̩ d	f l a ʊ ɹ̩ d	p ɛ ɡ d	1	1	reg_d	reg_d	reg_d
random	f l o ʊ t	f l o ʊ t ə d	f l o ʊ t ə d	s ɑː k	s ɑː k t	s ɑː k t	f l o ʊ t t	0	0	reg_əd	reg_əd	reg_t
random	s p ɛ n d	s p ɛ n t	s p ɛ n d ə d	k r ɔ s	k r ɔ s t	k r ɔ s t	s p ɛ n d t	0	0	coda_change	reg_əd	reg_t
random	s æ n d	s æ n d ə d	s æ n t	b ɛ n d	b ɛ n d ə d	b ɛ n d ə d	s æ n d ə d	0	1	reg_əd	coda_change	reg_əd
random	o ʊ n	o ʊ n d	o ʊ n d	t͡ʃ ɑː p	t͡ʃ ɑː p t	t͡ʃ ɑː p t	o ʊ n t	0	0	reg_d	reg_d	reg_t
random	m e ɪ l	m e ɪ l d	m e ɪ l d	h a ɪ d	h ɪ d	h ɪ d	NA	0	0	reg_d	reg_d	vowel_change
random	ə n t a ɪ	ə n t a ɪ d	ə n t n t ə d	d ɪ s k ʌ v ɹ̩	d ɪ s k ʌ v ɹ̩ d	d ɪ s k ʌ v ɹ̩ d	ə n t a ɪ d	0	1	reg_d	other	reg_d
random	ɡ r iː s	ɡ r iː s t	ɡ r iː s t	p ɑː p	p ɑː p t	p ɑː p t	ɡ r iː s t	1	1	reg_t	reg_t	reg_t
random	p r ə t ɛ k t	p r ə t ɛ k t ə d	p r ə t ɛ k t ə d	d ɑː k t ɹ̩	d ɑː k t ɹ̩ d	d ɑː k t ɹ̩ d	p r ə t ɛ k t d	0	0	reg_əd	reg_əd	reg_d
random	r e ɪ d iː o ʊ	r e ɪ d iː o ʊ d	r e ɪ d	t w ɪ ŋ k ə l	t w ɪ ŋ k ə l d	t w ɪ ŋ k ə l d	r e ɪ d iː o ʊ d	0	1	reg_d	other	reg_d
random	d ɪ v a ɪ d	d ɪ v a ɪ d ə d	d ɪ v a ɪ d ə d	ɪ ɡ n ɔ r	ɪ ɡ n ɔ r d	ɪ ɡ n ɔ r d	d ɪ v a ɪ d d	0	0	reg_əd	reg_əd	reg_d
random	t o ʊ	t o ʊ d	t o ʊ d	w ɪ s p ɹ̩	w ɪ s p ɹ̩ d	w ɪ s p ɹ̩ d	t o ʊ d	1	1	reg_d	reg_d	reg_d
random	t r æ n z m ɪ t	t r æ n z m ɪ t ə d	t r æ n d	k l æ m p	k l æ m p t	k l æ m p t	t r æ n z m ɪ t t	0	0	reg_əd	other	reg_t
random	b æ t	b æ t ə d	b æ t	t͡ʃ ɑː p	t͡ʃ ɑː p t	t͡ʃ ɑː p t	b æ t t	0	0	reg_əd	no_change	reg_t
random	w e ɪ	w e ɪ d	w e ɪ d	ɡ ɑː r b ə l	ɡ ɑː r b ə l d	ɡ ɑː r b ə l d	w e ɪ d	1	1	reg_d	reg_d	reg_d
random	k l iː r	k l iː r d	k l iː r d	s t r e ɪ t ə n	s t r e ɪ t ə n d	s t r e ɪ t ə n d	k l iː r d	1	1	reg_d	reg_d	reg_d
random	ɛ n t͡ʃ æ n t	ɛ n t͡ʃ æ n t ə d	ɛ n t͡ʃ t n t ə d	b o ʊ l	b o ʊ l d	b o ʊ l d	ɛ n t͡ʃ æ n t d	0	0	reg_əd	other	reg_d
random	ə d r ɛ s	ə d r ɛ s t	ə d r ɛ s t	t e ɪ p	t e ɪ p t	t e ɪ p t	ə d r ɛ s t	1	1	reg_t	reg_t	reg_t
random	s m ʌ d͡ʒ	s m ʌ d͡ʒ d	s m ʌ d͡ʒ d	h ɛ d	h ɛ d ə d	h ɛ d ə d	s m ʌ d͡ʒ ə d	0	0	reg_d	reg_d	reg_əd
random	d r e ɪ p	d r e ɪ p t	d r e ɪ p t	s w ɪ ʃ	s w ɪ ʃ t	s w ɪ ʃ t	d r e ɪ p t	1	1	reg_t	reg_t	reg_t
random	d ɪ p	d ɪ p t	d ɪ p t	ɡ r a ʊ l	ɡ r a ʊ l d	ɡ r a ʊ l d	d ɪ p d	0	0	reg_t	reg_t	reg_d
random	ə s o ʊ s iː e ɪ t	ə s o ʊ s iː e ɪ t ə d	ə s a ɪ s t e ɪ t ə d	s ɔ	s ɔ d	s ɔ d	ə s o ʊ s iː e ɪ t d	0	0	reg_əd	other	reg_d
random	s ɪ ŋ k	s æ ŋ k	s ɔ t	m uː v	m uː v d	m uː v d	s ɪ ŋ k d	0	0	vowel_change	rhyme_replaced	reg_d
random	p iː l	p iː l d	p iː l t	w ɑː t͡ʃ	w ɑː t͡ʃ t	w ɑː t͡ʃ t	p iː l t	1	0	reg_d	reg_t	reg_t
random	ɪ k s ɛ p t	ɪ k s ɛ p t ə d	ɪ k s p ɛ s t	p l iː z	p l iː z d	p l iː z d	ɪ k s ɛ p t d	0	0	reg_əd	other	reg_d
random	f r a ʊ n	f r a ʊ n d	f r a ʊ n d	s ɛ n t ə n s	s ɛ n t ə n s t	s ɛ n t ə n s t	f r a ʊ n t	0	0	reg_d	reg_d	reg_t
random	s p r ɛ d	s p r ɛ d	s p r ɛ d ə d	r iː ə l a ɪ z	r iː ə l a ɪ z d	r iː ə l a ɪ z d	s p r ɛ d d	0	0	no_change	reg_əd	reg_d
random	f l ɪ p	f l ɪ p t	f l ɪ p t	m ɛ n ʃ ə n	m ɛ n ʃ ə n d	m ɛ n ʃ ə n d	f l ɪ p d	0	0	reg_t	reg_t	reg_d
random	m ʌ ʃ r uː m	m ʌ ʃ r uː m d	m b ʌ ʃ t r d	t e ɪ p	t e ɪ p t	t e ɪ p t	m ʌ ʃ r uː m t	0	0	reg_d	other	reg_t
random	r iː d uː	r iː d ɪ d	r iː d iː d	l ɪ s ə n	l ɪ s ə n d	l ɪ s ə n d	r iː d uː d	0	0	vowel_change_suffix	vowel_change_suffix	reg_d
random	ɡ æ s p	ɡ æ s p t	ɡ æ s p t	ə p ɑː l ə d͡ʒ a ɪ z	ə p ɑː l ə d͡ʒ a ɪ z d	ə p ɑː l ə d͡ʒ a ɪ z d	ɡ æ s p d	0	0	reg_t	reg_t	reg_d
random	t ɛ r ə r a ɪ z	t ɛ r ə r a ɪ z d	t ɛ r ə r a ɪ z d	d ɪ s t r ɔ ɪ	d ɪ s t r ɔ ɪ d	d ɪ s t r ɔ ɪ d	t ɛ r ə r a ɪ z d	1	1	reg_d	reg_d	reg_d
random	b ʊ t͡ʃ ɹ̩	b ʊ t͡ʃ ɹ̩ d	b ʊ t͡ʃ ɹ̩ d	p ɔ z	p ɔ z d	p ɔ z d	b ʊ t͡ʃ ɹ̩ d	1	1	reg_d	reg_d	reg_d
random	m ə n ɪ p j ə l e ɪ t	m ə n ɪ p j ə l e ɪ t ə d	m b ə d	t͡ʃ e ɪ n d͡ʒ	t͡ʃ e ɪ n d͡ʒ d	t͡ʃ e ɪ n d͡ʒ d	m ə n ɪ p j ə l e ɪ t d	0	0	reg_əd	other	reg_d
random	d r ʌ ɡ	d r ʌ ɡ d	d r ʌ ɡ d	p l æ n	p l æ n d	p l æ n d	d r ʌ ɡ d	1	1	reg_d	reg_d	reg_d
random	s l a ɪ s	s l a ɪ s t	s l a ɪ s t	w a ɪ p	w a ɪ p t	w a ɪ p t	s l a ɪ s t	1	1	reg_t	reg_t	reg_t
random	s ɹ̩ a ʊ n d	s ɹ̩ a ʊ n d ə d	s ɹ̩ a ʊ n a ɪ d	b ɑː k s	b ɑː k s t	b ɑː k s t	s ɹ̩ a ʊ n d t	0	0	reg_əd	other	reg_t
random	s k r ɪ b ə l	s k r ɪ b ə l d	s k r ʌ b ə l d	k ə m p l e ɪ n	k ə m p l e ɪ n d	k ə m p l e ɪ n d	s k r ɪ b ə l d	0	1	reg_d	other	reg_d
random	ɡ r iː n	ɡ r iː n d	ɡ r iː n d	s ɛ n d	s ɛ n t	s ɛ n t	NA	0	0	reg_d	reg_d	coda_change
random	s k w ɹ̩ t	s k w ɹ̩ t ə d	s k ɹ̩ d	s ɛ p ɹ̩ e ɪ t	s ɛ p ɹ̩ e ɪ t ə d	s ɛ p ɹ̩ e ɪ t ə d	s k w ɹ̩ t ə d	0	1	reg_əd	other	reg_əd
random	k ə n ɛ k t	k ə n ɛ k t ə d	k ə n ɛ k t ə d	b o ʊ l	b o ʊ l d	b o ʊ l d	k ə n ɛ k t d	0	0	reg_əd	reg_əd	reg_d
random	ɡ r ɪ l	ɡ r ɪ l d	ɡ r ɪ l d	b æ ɡ	b æ ɡ d	b æ ɡ d	ɡ r ɪ l d	1	1	reg_d	reg_d	reg_d
random	k ə n s ɪ d ɹ̩	k ə n s ɪ d ɹ̩ d	k ə n d	w ɪ ʃ	w ɪ ʃ t	w ɪ ʃ t	k ə n s ɪ d ɹ̩ t	0	0	reg_d	other	reg_t
random	k ɹ̩ l	k ɹ̩ l d	k ɹ̩ l d	s iː m	s iː m d	s iː m d	k ɹ̩ l d	1	1	reg_d	reg_d	reg_d
random	ɔ θ ɹ̩	ɔ θ ɹ̩ d	ɔ θ ɹ̩ d	f ʌ s	f ʌ s t	f ʌ s t	ɔ θ ɹ̩ t	0	0	reg_d	reg_d	reg_t
random	f l ʌ ʃ	f l ʌ ʃ t	f l ʌ ʃ t	d ɪ s t r æ k t	d ɪ s t r æ k t ə d	d ɪ s t r æ k t ə d	f l ʌ ʃ ə d	0	0	reg_t	reg_t	reg_əd
